source,target,tgt_lng
1个霸符，2个霸符,"Jeden buff, dva buffy",cs
2 Vàng Là Nhất,Viděti dvojmo,cs
2体のタンク,Odolná dvojka,cs
2만한 가치,Viděti dvojmo,cs
2인조,Tandemová fronta,cs
3の軍団,Legie tří,cs
3단계 군단,Legie tří,cs
4가 함께하길,Vražední čtveráci,cs
4후지원,Cenná posila,cs
8级D干的传说,Epický výlov,cs
A Hajnal égisze,Štít úsvitu,cs
A Magic Roll,Kouzelný hod,cs
A Masszív mecha,Mocný mech,cs
A Nagy Bumm,Velký třesk,cs
A Que Custo,Za jakou cenu,cs
A Remontar,Závěrečný spurt,cs
A Torre,Věž,cs
A União Faz a Força,Držíme pospolu,cs
A buzogány akarata,Vůle palcátu,cs
A felemelkedés talizmánja,Amulet Vyzdvižení,cs
A feltámadás áldása,Dar vzkříšení,cs
A frontvonal alapjai,Základ přední řady,cs
A gondviselő barátja,Opatrovníkův spojenec,cs
A gyűjtögető adománya,Kutilův dar,cs
A hatalom kelyhe,Pohár moci,cs
A járatlan út,Rozvětvení,cs
A kraken haragja,Krakenův hněv,cs
A káosz hívása,Výzva chaosu,cs
A legapróbb titán,Nejtitěrnější titán,cs
A megváltás szelleme,Duch odplaty,cs
A mozdulatlanság leple,Rouška nehybnosti,cs
A méret a lényeg,Na velikosti záleží,cs
A nagy pofon,Kahunahuna,cs
A négyek ereje,Vražední čtveráci,cs
A por el bote,Cena pro vítěze,cs
A por la victoria,Závěrečný spurt,cs
A portyázó karma,Lovcův dráp,cs
A prueba de choques,Sebevražední panáci,cs
A quale prezzo,Za jakou cenu,cs
A qué precio,Za jakou cenu,cs
A rettenthetetlen,Nezdolný,cs
A taktikus koronája,Taktikova koruna,cs
A titán elszántsága,Titánské odhodlání,cs
A torony,Věž,cs
A végjáték szakértője,Specialista na závěrečnou fázi,cs
A vízköpő sziklavértje,Chrličův kamenný plát,cs
AFK,AFK,cs
Aatrox,Aatrox,cs
Abbonamento di lusso,Luxusní předplatné,cs
Abbraccio di gruppo,Společné objetí,cs
Abendschleier,Večerháv,cs
Abo-Service,Předplacená služba,cs
Abonament,Předplacená služba,cs
Abonament de lux,Luxusní předplatné,cs
Abondance de baguettes,Přebytek holí,cs
Abondance de ceintures,Pevné opasky,cs
Abondance de glaives,Přebytek mečů,cs
Abonelik Hizmeti,Předplacená služba,cs
Abonnement,Předplacená služba,cs
Abonnement premium,Luxusní předplatné,cs
Abra o Caminho,Prosekání cesty,cs
Abrazo Grupal,Společné objetí,cs
Abrazo grupal,Společné objetí,cs
Abraço Coletivo,Společné objetí,cs
Absurdalnie Wielka Różdżka,Zbytečně dlouhá hůl,cs
Abwesend,AFK,cs
Accelerator mecanic,Mechanický urychlovač,cs
Acceleratore meccanico,Mechanický urychlovač,cs
Accetta infernale,Sekera pekelného ohně,cs
Acciaio brillante,Pozlacená ocel,cs
Accélérateur mécanique,Mechanický urychlovač,cs
Acelerador Mecanizado,Mechanický urychlovač,cs
Acelerador Mecánico,Mechanický urychlovač,cs
Acelerador de relojería,Mechanický urychlovač,cs
Acero Dorado,Pozlacená ocel,cs
Acero dorado,Pozlacená ocel,cs
Achat 3 étoiles,Stavebnice společníků,cs
Acier doré,Pozlacená ocel,cs
Actualiza sin parar,Vybíravé výběry,cs
Acumular,Dlouhodobá investice,cs
Acélszív,Srdce z oceli,cs
Adagas Oscilantes,Blikavé čepele,cs
Adaletin Eli,Ruka spravedlnosti,cs
Adaletin Yumruğu,Odplata,cs
Adaptive Helm,Přizpůsobivá přilba,cs
Adaptiver Helm,Přizpůsobivá přilba,cs
Adaptív sisak,Přizpůsobivá přilba,cs
Addestramento da Guardia del corpo,Výcvik tělesného strážce,cs
Adiestramiento de guardaespaldas,Výcvik tělesného strážce,cs
Advanced Loan,Pokročilá půjčka,cs
Aegis of Dawn,Štít úsvitu,cs
Aegis of Dusk,Štít soumraku,cs
Agujero negro en miniatura,Mini černá díra,cs
Ahri aurája,Ahřina aura,cs
Ahri áldása,Ahřin dar,cs
Ahri'nin Haresi,Ahřina aura,cs
Ahri'nin Lütfu,Ahřin dar,cs
Ahri's Aura,Ahřina aura,cs
Ahri's Boon,Ahřin dar,cs
Ahris Aura,Ahřina aura,cs
Ahris Segen,Ahřin dar,cs
Ajándékcsomag,Dárkový balíček,cs
Akali,Akali,cs
Akan Gözyaşları,Kanoucí slzy,cs
Akcelerator Nakręcanego,Mechanický urychlovač,cs
Aklın Sonu,Nouzová,cs
Aktualisierungstaumel,Vybíravé výběry,cs
Akıllı Harcama,Chytrý nákup,cs
Al Filo de la Cordura,Nouzová,cs
Alacakaranlık Kalkanı,Štít soumraku,cs
Alakzatba,Nástup,cs
Alba di Silvermere,Úsvit nad Stříbromořím,cs
Alcance as Estrelas,Zamiř ke hvězdám,cs
Alege caracteristica,Vyber vlastnost,cs
Alevleri Körükle,Krmení plamenů,cs
Alfanje Espectral,Přízračná šavle,cs
Aliado do Protetor,Opatrovníkův spojenec,cs
Alianza del Guardián,Opatrovníkův spojenec,cs
Alianza del protector,Opatrovníkův spojenec,cs
Aliatul îngrijitorului,Opatrovníkův spojenec,cs
Alimenta las Llamas,Krmení plamenů,cs
Alimentad las llamas,Krmení plamenů,cs
Alimentare le fiamme,Krmení plamenů,cs
Alimente as Chamas,Krmení plamenů,cs
Alineación,Nástup,cs
Aliniere,Nástup,cs
Alkatrészes zsák,Dárková taška s předměty,cs
Alleato del custode,Opatrovníkův spojenec,cs
Allumer le feu,Krmení plamenů,cs
Alma da Festa,Pařmen,cs
Alta Voltagem,Vysoké napětí,cs
Alta tensione,Vysoké napětí,cs
Alto Voltaje,Vysoké napětí,cs
Alto voltaje,Vysoké napětí,cs
Altın Ejder,Zlatý drak,cs
Altın Riski,Zlatý hod,cs
Altın Yumurta,Zlaté vejce,cs
Alvorada de Pratânia,Úsvit nad Stříbromořím,cs
Aléatoire jacta est,Rozvětvení,cs
Aléatoirement vôtre,Tandemová fronta,cs
Alışveriş Çılgınlığı,Nákupní horečka,cs
Amanecer Plateado,Úsvit nad Stříbromořím,cs
Amanecer de Meraplata,Úsvit nad Stříbromořím,cs
Ami sur mesure,Vyrob si kamaráda,cs
Amico dei Mippi,Miplík,cs
Amico fai-da-te,Postav si kámoše,cs
Amigos a medida,Postav si kámoše,cs
Amiguinhos,Malí kámoši,cs
Amiguitos,Malí kámoši,cs
Amulett der eisernen Solari,Medailónek železných Solari,cs
Amulett des Aufstiegs,Amulet Vyzdvižení,cs
An Exalted Adventure,Velkolepé dobrodružství,cs
Ana Karaktere Bir Şey Olmaz,Sdílená zbroj,cs
Andare per le lunghe,Dlouhodobá investice,cs
Angajament solid,Neodvolatelná volba,cs
Ani Büyüme,Výbušný růst,cs
Anima,Anima,cs
Anima Amblemi,Emblém Animy,cs
Anima Commander,Velitelka Animy,cs
Anima Emblem,Emblém Animy,cs
Anima Komutanı,Velitelka Animy,cs
Anima-Emblem,Emblém Animy,cs
Anima-Kommandant,Velitelka Animy,cs
Animale da festa,Pařmen,cs
Animalia,Anima,cs
Antrenamentul gărzii de corp,Výcvik tělesného strážce,cs
Anı Yaşa,Bušení,cs
Apariencia Espiritual,Otisk duše,cs
Apocaliptic,Zkázonoš,cs
Aposta em Ouro,Zlatý hod,cs
Apotheotic Forge,Apoteotická kovárna,cs
Appel du chaos,Výzva chaosu,cs
Aprendizados Iniciais,Úvodní poznatky,cs
Aprendizaje inicial,Úvodní poznatky,cs
Aprire un passaggio,Prosekání cesty,cs
Apró cimborák,Malí kámoši,cs
Apró titánok,Drobní titáni,cs
Apuesta Dorada,Zlatý hod,cs
Apuesta dorada,Zlatý hod,cs
Apunta a las Estrellas,Zamiř ke hvězdám,cs
Apunta a las estrellas,Zamiř ke hvězdám,cs
Apărător,Předvoj,cs
Aradığını Bul,Běž do toho,cs
Arakla,Zlodějíček,cs
Araldo di Zeke,Zekeův posel,cs
Aranyjátszma,Zlatý hod,cs
Arauto Desolador de Zeke,Zekeův pochmurný posel,cs
Arauto de Zeke,Zekeův posel,cs
Arbiter,Soudce,cs
Arbiter Emblem,Emblém Soudce,cs
Arbitro,Soudce,cs
Arbitrzy,Soudce,cs
Arc courbe,Reflexní luk,cs
Arc încovoiat,Reflexní luk,cs
Arcane Vidor Viktor,Viktorův triumf,cs
Arcane Viktor-y,Viktorův triumf,cs
Arcane ビクタリー,Viktorův triumf,cs
Arcane-Viktor-y,Viktorův triumf,cs
Arcaniquement Viktor-ieux,Viktorův triumf,cs
Archangel's Staff,Archandělova hůl,cs
Archi da supporto,Záložní luky,cs
Archibugio a ripetizione,Rychlopalné ohnivé dělo,cs
Arco Recurvado,Reflexní luk,cs
Arco Recurvo,Reflexní luk,cs
Arco curvo,Reflexní luk,cs
Arco ricurvo,Reflexní luk,cs
Arcos Reserva,Záložní luky,cs
Arcos de Repuesto,Záložní luky,cs
Arcos de refuerzo,Záložní luky,cs
Arcs à gogo,Záložní luky,cs
Arcuri de rezervă,Záložní luky,cs
Argento vivo,Rtuť,cs
Argint viu,Rtuť,cs
Argogranchio,Říční krab,cs
Arka Sıra Savunması,Plán pro zadní řadu,cs
Arkangyal pálcája,Archandělova hůl,cs
Arma un Amigo,Postav si kámoše,cs
Armado máximo,Vrcholná sestava,cs
Armadura Improvisada,Provizorní zbroj,cs
Armadura Pétrea,Chrličův kamenný plát,cs
Armadura de Warmog,Warmogova zbroj,cs
Armadura de trama,Sdílená zbroj,cs
Armadura improvisada,Provizorní zbroj,cs
Armaguarda da Caçadora,Stopařčin chránič,cs
Armatura di Warmog,Warmogova zbroj,cs
Armatura improvvisata,Provizorní zbroj,cs
Armschutz des Suchenden,Stopařčin chránič,cs
Armura lui Warmog,Warmogova zbroj,cs
Armure de Warmog,Warmogova zbroj,cs
Armure improvisée,Provizorní zbroj,cs
Armure roncière,Ostnatá vesta,cs
Armurier,Výrobce mečů,cs
Armură improvizată,Provizorní zbroj,cs
Aronguejo,Říční krab,cs
Arta atacului lui Yasuo,Yasuovo mistrovství meče,cs
Artefacts à la rescousse,Síla artefaktů,cs
Artesanía Creativa,Zručná výroba,cs
Artiglio del drago,Dračí spár,cs
Artiglio del predatore,Lovcův dráp,cs
Aruncare magică,Kouzelný hod,cs
Arındırıcı,Spasitel,cs
Asalto de Componentes,Loupež základních předmětů,cs
Ascender de Posición,Šplhání žebříčkem,cs
Ascension,Vzestup,cs
Ascension partielle,Částečné vyzdvižení,cs
Ascension sociale,Vytrvalý vzestup,cs
Ascensione,Vzestup,cs
Ascensione parziale,Částečné vyzdvižení,cs
Ascensiune,Vzestup,cs
Ascensiune socială,Vytrvalý vzestup,cs
Ascensión,Vzestup,cs
Ascensión parcial,Částečné vyzdvižení,cs
Ascenso,Vzestup,cs
Ascenso social,Vytrvalý vzestup,cs
Ascensão,Vzestup,cs
Ascensão Parcial,Částečné vyzdvižení,cs
Asesinato Doble Veloz,Rychlý dvojzářez,cs
Asesinato doble veloz,Rychlý dvojzářez,cs
Asesino a Sueldo,Nájemný zabiják,cs
Asesino a sueldo,Nájemný zabiják,cs
Assassinato Indiscriminado,Nevybíravý zabiják,cs
Assinatura de Luxo,Luxusní předplatné,cs
Astral,Hvězdopravec,cs
Astro-groove,Vesmírný rytmus,cs
Astromante,Hvězdopravec,cs
Astronomo,Hvězdopravec,cs
At What Cost,Za jakou cenu,cs
Atalho à Vitória,Závěrečný spurt,cs
Atirador de Elite,Odstřelovač,cs
Atributo elegido,Vyber vlastnost,cs
Attente récompensée,Vyplatí se čekat,cs
Attribut wählen,Vyber vlastnost,cs
Atualização Épica,Epický výlov,cs
Atılgan,Vyzyvatel,cs
Atılgan Amblemi,Emblém Vyzyvatele,cs
Atılgan Modu,Soubojový režim,cs
Au bout du rouleau,Nouzová,cs
Aube de Haut-Lac-d'Argent,Úsvit nad Stříbromořím,cs
Auf lange Sicht,Dlouhodobá investice,cs
Aufschwung,Druhý dech,cs
Aufstellung,Nástup,cs
Aufstieg,Vzestup,cs
Auftragsmörder,Nájemný zabiják,cs
Aufwärtsmobilität,Vytrvalý vzestup,cs
Augmented Power,Augmentovaná síla,cs
Augmentierte Macht,Augmentovaná síla,cs
Aulas de Boxe,Lekce v boxu,cs
Aumento di livello in solitaria,Sólový postup,cs
Aumento di livello!,Nová úroveň!,cs
Aura Ahri,Ahřina aura,cs
Aura Farming,Farmení aury,cs
Aura d'Ahri,Ahřina aura,cs
Aura de Ahri,Ahřina aura,cs
Aura di Ahri,Ahřina aura,cs
Aura lui Ahri,Ahřina aura,cs
Aura-farmen,Farmení aury,cs
Aurafarmolás,Farmení aury,cs
Aurelion Sol,Aurelion Sol,cs
Aurelion Sol áldása,Aurelion Solův dar,cs
Aurelion Sol's Boon,Aurelion Solův dar,cs
Aurelion Sol'ün Lütfu,Aurelion Solův dar,cs
Aurelion Sols Segen,Aurelion Solův dar,cs
Auronúcleo,Jádro úsvitu,cs
Aurora,Aurora,cs
Avanguardia,Předvoj,cs
Avaricia,Nenasytnost,cs
Aventura Exaltada,Velkolepé dobrodružství,cs
Avidité,Nenasytnost,cs
Avènement des deux,Viděti dvojmo,cs
Awans,Vytrvalý vzestup,cs
Awansujesz!,Nová úroveň!,cs
Az Alkony égisze,Štít soumraku,cs
Az Oltalmazó esküje,Ochráncův slib,cs
Az adottságfa,Strom vlastností,cs
Az adottságok könyve,Kniha vlastností,cs
Az aranysárkány,Zlatý drak,cs
Az aranytojás,Zlaté vejce,cs
Az erő itala,Šťáva Cappa,cs
Az igazság ökle,Ruka spravedlnosti,cs
Az iron solarik medálja,Medailónek železných Solari,cs
Az istenek kohója,Apoteotická kovárna,cs
Az Üresség botja,Hůl Prázdnoty,cs
Az éj kardja,Přelom noci,cs
Az óriás öve,Obrův opasek,cs
Azami Dizilim,Vrcholná sestava,cs
Azzardo di Urf,Urfův gambit,cs
Aço Áureo,Pozlacená ocel,cs
Aşırı Büyük Sopa,Zbytečně dlouhá hůl,cs
B.F. Sword,K. V. meč,cs
B.F. 대검,K. V. meč,cs
B.F.ソード,K. V. meč,cs
"BEZ ZWIADU, BEZ ZMIAN",JEDU SI TO SVOJE,cs
BF Glaive,K. V. meč,cs
BRAK AKTYWNOŚCI,AFK,cs
Bac de recyclage,Recyklátor,cs
Backline Blueprint,Plán pro zadní řadu,cs
Backup Bows,Záložní luky,cs
Bagarreur,Rváč,cs
Baguette trop grosse,Zbytečně dlouhá hůl,cs
Baguettes à gogo,Souvislé sesílání,cs
Bahne dir den Weg,Prosekání cesty,cs
Bajkeverő,Rváč,cs
Bajkeverő embléma,Emblém Rváče,cs
Bajkeverők,Pestrá sebranka,cs
Bajo el mismo foco de Yasuo,Yasuův Široký paprsek,cs
Baluardo,Ochranný val,cs
Baluarte,Ochranný val,cs
Bam!,Žďuch!,cs
Banc de Pandore,Pandořina střídačka,cs
Banca Pandorei,Pandořina střídačka,cs
Banca de Pandora,Pandořina střídačka,cs
Band of Thieves,Tlupa zlodějů,cs
Band of Thieves II,Tlupa zlodějů II,cs
Banda Złodziejaszków,Tlupa zlodějů,cs
Banda Złodziejaszków II,Tlupa zlodějů II,cs
Banda de Ladrones,Tlupa zlodějů,cs
Banda de Ladrones II,Tlupa zlodějů II,cs
Banda di ladri,Tlupa zlodějů,cs
Banda di ladri II,Tlupa zlodějů II,cs
Bande de voleurs,Tlupa zlodějů,cs
Bande de voleurs II,Tlupa zlodějů II,cs
Bandito,Odpadlík,cs
Bando de Ladrões,Tlupa zlodějů,cs
Bando de Ladrões II,Tlupa zlodějů II,cs
Bandă de tâlhari,Tlupa zlodějů,cs
Bandă de tâlhari II,Tlupa zlodějů II,cs
Bani de buzunar,Peníze na oběd,cs
Banquillo de Pandora,Pandořina střídačka,cs
Bard,Bard,cs
Bardo,Bard,cs
Baricadă,Ochranný val,cs
Barkácsolt barkácsolás,Zručná výroba,cs
Baron verme,Baronovo doupě,cs
Baron's Lair,Baronovo doupě,cs
Baron'un İni,Baronovo doupě,cs
Bastion,Bašta,cs
Bastion Emblem,Emblém Bašty,cs
Bastion-Emblem,Emblém Bašty,cs
Bastione,Bašta,cs
Bastião,Bašta,cs
Bastión,Bašta,cs
Bastone colossale,Zbytečně dlouhá hůl,cs
Bastone del Vuoto,Hůl Prázdnoty,cs
Bastão Desnecessariamente Grande,Zbytečně dlouhá hůl,cs
Bastón del Vacío,Hůl Prázdnoty,cs
Bastón del arcángel,Archandělova hůl,cs
Bastón del serafín,Serafínova hůl,cs
Baue einen Begleiter,Postav si kámoše,cs
Baue einen Begleiter,Stavebnice společníků,cs
Baza avangardei,Základ přední řady,cs
Başmelek Asası,Archandělova hůl,cs
Becsapódás,Bušení,cs
Beklemeye Değer,Vyplatí se čekat,cs
Beklenen Beklenmezlik,Očekávaná neočekávanost,cs
Bel'Veth,Bel'Veth,cs
Belt Overflow,Pevné opasky,cs
Ben Tek Siz Hepiniz,Sólový postup,cs
Bendecido por los Dioses,Požehnaný bohy,cs
Bendición de Ahri,Ahřin dar,cs
Bendición de Aurelion Sol,Aurelion Solův dar,cs
Bendición de Ekko,Ekkův dar,cs
Bendición de Evelynn,Evelynnin dar,cs
Bendición de Kayle,Kaylin dar,cs
Bendición de Resurrección,Dar vzkříšení,cs
Bendición de Soraka,Soračin dar,cs
Bendición de Thresh,Threshův dar,cs
Bendición de Varus,Varusův dar,cs
Bendición de Yasuo,Yasuův dar,cs
Bendición de la chatarra,Kutilův dar,cs
Bendición del Chatarrero,Kutilův dar,cs
Bendito por los dioses,Požehnaný bohy,cs
Benedetto dagli dei,Požehnaný bohy,cs
Benlik Aynası,Zrcadlová osobnost,cs
Berechneter Verlust,Promyšlená prohra,cs
Berger,Pastýř,cs
Besace d'Urf,Urfova dárková taška,cs
Besace héroïque,Hrdinská dárková taška,cs
Best Friends,Nejlepší přátelé,cs
Beste Freunde,Nejlepší přátelé,cs
Bestia fiestera,Pařmen,cs
Betervezett veszteség,Promyšlená prohra,cs
Bevásárló körút,Nákupní horečka,cs
Bezwzględny Zabójca,Nevybíravý zabiják,cs
Big Bang,Velký třesk,cs
Big Grab Bag,Velká dárková taška,cs
Biglietto prismatico,Spektrální vstupenka,cs
Bilet prismatic,Spektrální vstupenka,cs
Bileşen Eşya Soygunu,Loupež základních předmětů,cs
Bilhete Prismático,Spektrální vstupenka,cs
Bilişsel Patlama,Kognitivní přetížení,cs
Bilişsel Vergi,Kognitivní zátěž,cs
Billete prismático,Spektrální vstupenka,cs
Bindende Verpflichtung,Neodvolatelná volba,cs
Binecuvântat de zei,Požehnaný bohy,cs
Biomassebewahrer,Konzervátor biomateriálu,cs
Biomassza-megőrző,Konzervátor biomateriálu,cs
Biomatter Preserver,Konzervátor biomateriálu,cs
Bir Yol Çiz,Prosekání cesty,cs
Bir İki Üç,"Jedna, dva, tři",cs
"Bir, İki, Beş!","Raz, dva, pět!",cs
Birikim Hesabı,Spořicí účet,cs
Birlikten Kuvvet Doğar,Stůjme při sobě,cs
Birliğin Gücü,Držíme pospolu,cs
Birthday Present,Dárek k narozeninám,cs
Birthday Reunion,Narozeninové setkání,cs
Biyomalzeme Koruyucusu,Konzervátor biomateriálu,cs
Biztos győzelem,Závěrečný spurt,cs
Blason de Zeke,Zekeův posel,cs
Blason des Lightshield,Erb Lightshieldů,cs
Blason lugubre de Zeke,Zekeův pochmurný posel,cs
Blasón de Escudo de luz,Erb Lightshieldů,cs
Blauer Buff,Modrý buff,cs
Blaupause für die hintere Reihe,Plán pro zadní řadu,cs
Blazonul Lightshield,Erb Lightshieldů,cs
Blazonul solarilor de fier,Medailónek železných Solari,cs
Blighting Jewel,Klenot nákazy,cs
Blitzcrank,Blitzcrank,cs
Bliźniaczy Strażnicy,Strážná dvojice,cs
Blood Offering,Krvavá oběť,cs
Blood Price,Krev za krev,cs
Bloodthirster,Krvežíznivec,cs
Blue Buff,Modrý buff,cs
Blutdürster,Krvežíznivec,cs
Blutopfer,Krvavá oběť,cs
Blutzoll,Krev za krev,cs
Bluźnierczy Bożek,Zapovězená modla,cs
Bodyguard Training,Výcvik tělesného strážce,cs
Bogini Broni,Božská pistolnice,cs
Bokormellény,Ostnatá vesta,cs
Boks Dersi,Lekce v boxu,cs
Bokszkesztyű,Tréninkové rukavice,cs
Bokszlecke,Lekce v boxu,cs
Boleto Prismático,Spektrální vstupenka,cs
Bollwerk,Ochranný val,cs
Bolsa de Objetos,Dárková taška s předměty,cs
Bolsa de Sorpresas Heroica,Hrdinská dárková taška,cs
Bolsa de Sorpresas Pequeña,Malá dárková taška,cs
Bolsa de Sorpresas de Urf,Urfova dárková taška,cs
Bolsa de Sorpresas grande,Velká dárková taška,cs
Bolsa sorpresa de Urf,Urfova dárková taška,cs
Bolsa sorpresa de objetos,Dárková taška s předměty,cs
Bolsa sorpresa grande,Velká dárková taška,cs
Bolsa sorpresa heroica,Hrdinská dárková taška,cs
Bolsa sorpresa pequeña,Malá dárková taška,cs
Bombardıman Topu,Rychlopalné ohnivé dělo,cs
Boneco de Treinamento,Cvičná loutka,cs
Bonecos de Impacto,Sebevražední panáci,cs
Bonk!,Žďuch!,cs
Bonk !,Žďuch!,cs
Boon of Resurrection,Dar vzkříšení,cs
Boon of the Scrapper,Kutilův dar,cs
Boong!,Žďuch!,cs
Booster,Posilovací balíček,cs
Booster Pack,Posilovací balíček,cs
Booster-Packung,Posilovací balíček,cs
Boostery,Posilovací balíček,cs
Borsa degli oggetti,Dárková taška s předměty,cs
Borsa di Urf,Urfova dárková taška,cs
Borsa eroica,Hrdinská dárková taška,cs
Borsa grande,Velká dárková taška,cs
Borsa piccola,Malá dárková taška,cs
Boscy Pojedynkowicze,Božský duelista,cs
Boshafte Monetarisierung,Zákeřná monetizace,cs
Boska Kuźnia,Apoteotická kovárna,cs
Bote de Segunda Mano,Recyklátor,cs
Botkovács,Výrobce holí,cs
Bouclier du Tacticien,Taktikův štít,cs
Boxeador Profesional,Cena pro vítěze,cs
Boxing Lessons,Lekce v boxu,cs
Boxunterricht,Lekce v boxu,cs
Boyut Önemli,Na velikosti záleží,cs
Bramble Vest,Ostnatá vesta,cs
Branching Out,Rozvětvení,cs
Bratpfanne,Litinová pánev,cs
Brawler,Rváč,cs
Brawler Emblem,Emblém Rváče,cs
Brazalete de la buscadora,Stopařčin chránič,cs
Briar,Briar,cs
Brigand,Žoldnéř,cs
Brise-temps,Ničitel času,cs
Bronce de por Vida,Bronz nad zlato,cs
Bronce de por vida,Bronz nad zlato,cs
Bronz mindörökké II.,Bronz nad zlato,cs
Bronz pentru totdeauna,Bronz nad zlato,cs
Bronzdan Şaşma,Bronz nad zlato,cs
Bronze For Life,Bronz nad zlato,cs
Bronze pour la vie,Bronz nad zlato,cs
Bronze é Vida,Bronz nad zlato,cs
Bronzo per la vita,Bronz nad zlato,cs
Brylantowa Rękawica,Zdobená pěstnice,cs
Brylantowy Lotos,Zdobený květ,cs
Brățara căutătorului,Stopařčin chránič,cs
Bu Taç Ağır,Tíha koruny,cs
Bubuilă,Rakeťák,cs
Bucătăria tacticianului,Taktikova kuchyně,cs
Bueno para Algo,Aspoň k něčemu,cs
Buff bleu,Modrý buff,cs
Buff blu,Modrý buff,cs
Buff rosso,Červený buff,cs
Buff rouge,Červený buff,cs
Buff-ul albastru,Modrý buff,cs
Buff-ul roșu,Červený buff,cs
Buffs à gogo,"Jeden buff, dva buffy",cs
Buget înțelept,Chytrý nákup,cs
Build a Bud,Postav si kámoše,cs
Build maxim,Vrcholná sestava,cs
Bulwark,Ochranný val,cs
Burattino d'ombra,Stínová loutka,cs
Burguesía,Stříbrná lžička,cs
Buried Treasure,Zakopané poklady,cs
Buried Treasures,Zakopané poklady,cs
Bustina,Posilovací balíček,cs
Butin aléatoire,"Raz, dva, pět!",cs
Butin funéraire,Aspoň k něčemu,cs
Butin varié,Běž do toho,cs
Buzduganul înaintașului,Útočníkův řemdih,cs
Bài Học Sơ Khai,Úvodní poznatky,cs
Bàn Tay Công Lý,Ruka spravedlnosti,cs
Báculo del Arcángel,Archandělova hůl,cs
Báculo del Serafín,Serafínova hůl,cs
Báculo del Vacío,Hůl Prázdnoty,cs
Bán Thăng Hoa,Částečné vyzdvižení,cs
Báo Oán,Odplata,cs
Bástya,Ochranný val,cs
Bârlogul Baronului,Baronovo doupě,cs
Bâton angélique,Serafínova hůl,cs
Bâton de l'archange,Archandělova hůl,cs
Bâton du vide,Hůl Prázdnoty,cs
Bão Tố Luden,Ludenova bouře,cs
Bão Vàng,Zlatý monzun,cs
Béni des dieux,Požehnaný bohy,cs
Bénédiction d'Ahri,Ahřin dar,cs
Bénédiction d'Aurelion Sol,Aurelion Solův dar,cs
Bénédiction d'Ekko,Ekkův dar,cs
Bénédiction d'Evelynn,Evelynnin dar,cs
Bénédiction de Kayle,Kaylin dar,cs
Bénédiction de Soraka,Soračin dar,cs
Bénédiction de Thresh,Threshův dar,cs
Bénédiction de Varus,Varusův dar,cs
Bénédiction de Yasuo,Yasuův dar,cs
Bénédiction de résurrection,Dar vzkříšení,cs
Bénédiction du Ferrailleur,Kutilův dar,cs
Bérgyilkos,Nájemný zabiják,cs
Bête de scène,Pařmen,cs
Bóng Phân Thân,Stínová loutka,cs
Bùa Thăng Hoa,Amulet Vyzdvižení,cs
Bùa Xanh,Modrý buff,cs
Bùa Đỏ,Červený buff,cs
Büyük Dönüş,Odražení ode dna,cs
Büyük Patlama,Velký třesk,cs
Büyük Çekiliş,Velká dárková taška,cs
Büyülü Zarlar,Kouzelný hod,cs
Băng Trộm,Tlupa zlodějů,cs
Băng Trộm II,Tlupa zlodějů II,cs
Bătăuș,Rváč,cs
Błogosławieni,Požehnaný bohy,cs
Błogosławieństwo Rozrabiaki,Kutilův dar,cs
Błogosławiona Przygoda,Velkolepé dobrodružství,cs
Bước Đột Phá,Kritický úspěch,cs
Bạn Thân,Nejlepší přátelé,cs
Bảo Hộ Vô Tận,Ochrana nekonečna,cs
Bảo Tồn Sinh Chất,Konzervátor biomateriálu,cs
Bất Khuất,Nezdolný,cs
Bắn Tỉa,Odstřelovač,cs
Bộ Ba Hoàn Hảo,Trojice,cs
Bừa Bộn,Zaneprázdněná mysl,cs
Caccia al tesoro,Lov pokladů,cs
Cacciatore galattico,Galaktický lovec,cs
Cadeau d'anniversaire,Dárek k narozeninám,cs
Cadou aniversar,Dárek k narozeninám,cs
Caitlyn,Caitlyn,cs
Cajado de Serafim,Serafínova hůl,cs
Cajado do Arcanjo,Archandělova hůl,cs
Cajado do Vazio,Hůl Prázdnoty,cs
Calculated Loss,Promyšlená prohra,cs
Calea războiului,Válečná stezka,cs
Calibrador de Sterak,Sterakova zástava,cs
Calice de puissance,Pohár moci,cs
Calice del potere,Pohár moci,cs
Call to Chaos,Výzva chaosu,cs
Cambiazo épico,Epický výlov,cs
Cambio epico,Epický výlov,cs
Cambio eterno,Vybíravé výběry,cs
Caminho da Guerra,Válečná stezka,cs
Can Dostları,Nejlepší přátelé,cs
Can Trường,Bašta,cs
Canaglia radiosa,Zářivý rošťák,cs
Canalisateur,Prostředník,cs
Canalizador,Prostředník,cs
Cangrejo Escurridizo,Říční krab,cs
Canhão Fumegante,Rychlopalné ohnivé dělo,cs
Canhão de Vidro,Skleněné dělo,cs
Cannone di cristallo,Skleněné dělo,cs
Canon de verre,Skleněné dělo,cs
Canon ultrarapide,Rychlopalné ohnivé dělo,cs
Capa Mercurial,Rtuť,cs
Capa Negatron,Negatronový plášť,cs
Capa de Estratega,Taktikův plášť,cs
Capa de Fogo Solar,Plášť slunečního žáru,cs
Capa de Fuego Solar,Plášť slunečního žáru,cs
Capa de Negatrones,Negatronový plášť,cs
Capa de estratega,Taktikův plášť,cs
Capa de fuego solar,Plášť slunečního žáru,cs
Capa do Estrategista,Taktikův plášť,cs
Capa negatrón,Negatronový plášť,cs
Cape du Tacticien,Taktikův plášť,cs
Cape solaire,Plášť slunečního žáru,cs
Cappa Juice,Šťáva Cappa,cs
Cappa-Trank,Šťáva Cappa,cs
Cappelli più letali,Vražednější klobouky,cs
Caprichitos,Slaďounké dobroty,cs
Capuz da Morte de Rabadon,Rabadonův smrtící klobouk,cs
Capuzes Mais Mortais,Vražednější klobouky,cs
Carapateur,Říční krab,cs
Carapescado,Rakeťák,cs
Care Package,Dárkový balíček,cs
Caretaker's Ally,Opatrovníkův spojenec,cs
Carga Elétrica,Elektrický výboj,cs
Carve a Path,Prosekání cesty,cs
Casa Dourada do Yasuo,Yasuovo zlaté pole,cs
Casque adaptatif,Přizpůsobivá přilba,cs
Castigo,Odplata,cs
Catastrofista,Zkázonoš,cs
Cazador galáctico,Galaktický lovec,cs
Cazagalaxias,Galaktický lovec,cs
Cazatesoros,Lov pokladů,cs
Caça ao Tesouro,Lov pokladů,cs
Caçador de Galáxia,Galaktický lovec,cs
Cañón de Cristal,Skleněné dělo,cs
Cañón de Fuego Rápido,Rychlopalné ohnivé dělo,cs
Cañón de fuego rápido,Rychlopalné ohnivé dělo,cs
Całun Bezruchu,Rouška nehybnosti,cs
Cecchino,Odstřelovač,cs
Cehennem Ateşi Baltası,Sekera pekelného ohně,cs
Cei mai buni prieteni,Nejlepší přátelé,cs
Ceinture du géant,Obrův opasek,cs
Cena Krwi,Krev za krev,cs
Cengâver Onuru,Vojevůdcova čest,cs
Cenny Wojownik,Cena pro vítěze,cs
Centelha Iônica,Iontová jiskra,cs
Centre d'excellence,Najdi své těžiště,cs
Cetro Vampírico Corrompido,Zrádné upírské žezlo,cs
Cetro Vampírico Corrupto,Zrádné upírské žezlo,cs
Cetro vampírico corrupto,Zrádné upírské žezlo,cs
Chain Vest,Kroužková vesta,cs
Chaleco de cadenas,Kroužková vesta,cs
Chaleco de zarzas,Ostnatá vesta,cs
Chalice of Power,Pohár moci,cs
Challenger,Vyzyvatel,cs
Challenger Emblem,Emblém Vyzyvatele,cs
Challenger Mode,Soubojový režim,cs
Chamado ao Caos,Výzva chaosu,cs
Champion en kit,Postav si kámoše,cs
Chaotischer Geist,Zaneprázdněná mysl,cs
Chapardage,Zlodějíček,cs
Charge Transfer,Přenos náboje,cs
Charge cognitive,Kognitivní zátěž,cs
Chasse au trésor,Lov pokladů,cs
Chasseur galactique,Galaktický lovec,cs
Chciwość,Nenasytnost,cs
Che il Quattro sia con te,Vražední čtveráci,cs
Chemarea haosului,Výzva chaosu,cs
Chispa Iónica,Iontová jiskra,cs
Chispa iónica,Iontová jiskra,cs
Chiêm Tinh,Hvězdopravec,cs
Chiến Lũy,Ochranný val,cs
Chiến Tướng Khải Hoàn,Vojevůdcova čest,cs
Cho'Gath,Cho'Gath,cs
Choisissez un type,Vyber vlastnost,cs
Choose Trait,Vyber vlastnost,cs
"Chora, me liga",Potok slz,cs
Choristes,Malí kámoši,cs
Chuyển Đổi Năng Lượng,Přenos náboje,cs
Chuyện Đời Thường,Pohodový život,cs
Chuộc Tội,Spasitel,cs
Chùy Bạch Ngân,Úsvit nad Stříbromořím,cs
Chùy Đoản Côn,Útočníkův řemdih,cs
Chảo Vàng,Litinová pánev,cs
Chất Bán Dẫn,Polovodič,cs
Chế Tạo Bằng Hữu,Vyrob si kamaráda,cs
Chế Tạo Tại Chỗ,Živoucí kovárna,cs
Chế Độ Dẫn Truyền,Režim Prostředník,cs
Chế Độ Nhân Bản,Replikační režim,cs
Chế Độ Thách Đấu,Soubojový režim,cs
Chỉ Huy,Velitel,cs
Chỉ Huy Siêu Thú,Velitelka Animy,cs
Chỉ Một Con Đường,Neodvolatelná volba,cs
Chọn Tộc/Hệ,Vyber vlastnost,cs
Chờ Đợi Xứng Đáng,Vyplatí se čekat,cs
Cierpliwa Nauka,Trpělivé studium,cs
Cierpliwość Ekko,Ekkova trpělivost,cs
Cierpliwość Jest Cnotą,Trpělivost je ctnost,cs
Cimientos de Línea Frontal,Základ přední řady,cs
Cimientos de la vanguardia,Základ přední řady,cs
Cinto do Gigante,Obrův opasek,cs
Cintura del gigante,Obrův opasek,cs
Cinturón XL,Pevné opasky,cs
Cinturón de Gigante,Obrův opasek,cs
Cinturón de gigante,Obrův opasek,cs
Clases de boxeo,Lekce v boxu,cs
Clear Mind,Čistá mysl,cs
Cleptomanie,Ohnivý výprodej,cs
Climb The Ladder,Šplhání žebříčkem,cs
Clockwork Accelerator,Mechanický urychlovač,cs
Clone des ombres,Stínová loutka,cs
Cluttered Mind,Zaneprázdněná mysl,cs
Cnota Męczennika,Mučedníkova ctnost,cs
Cocina de Estratega,Taktikova kuchyně,cs
Cocina de estratega,Taktikova kuchyně,cs
Cod roșu de lacrimi,Potok slz,cs
Coda in duo,Tandemová fronta,cs
Cognitive Overload,Kognitivní přetížení,cs
Cognitive Tax,Kognitivní zátěž,cs
Coif cameleonic,Přizpůsobivá přilba,cs
Coiffe de Rabadon,Rabadonův smrtící klobouk,cs
Coiffes mortelles,Vražednější klobouky,cs
Coincidenze perse,Ztracené konexe,cs
Cola Dúo,Tandemová fronta,cs
Cola dúo,Tandemová fronta,cs
Coleguis del curro,Teambuilding,cs
Coleguitas,Malí kámoši,cs
Colete Espinhoso,Ostnatá vesta,cs
Colher de Prata,Stříbrná lžička,cs
Collegamento cibernetico,Kybernetická linka,cs
Colpire e basta,Běž do toho,cs
Comandant,Velitel,cs
Comandante,Velitel,cs
Comandante Anima,Velitelka Animy,cs
Comandante Animalia,Velitelka Animy,cs
Comandante Ánima,Velitelka Animy,cs
Comandatul Anima,Velitelka Animy,cs
Combattente,Rváč,cs
Combinație stelară,Hvězdné kombo,cs
Combo Estelar,Hvězdné kombo,cs
Combo estelar,Hvězdné kombo,cs
Combo stellaire,Hvězdné kombo,cs
Combo stellare,Hvězdné kombo,cs
Comeback Story,Odražení ode dna,cs
Comerț de bază,Jádro obchodu,cs
Comienzo aventajado,Rychlý start,cs
Commandant d'Anima,Velitelka Animy,cs
Commandante,Velitel,cs
Commander,Velitel,cs
Commerce Core,Jádro obchodu,cs
Comori îngropate,Zakopané poklady,cs
Comparte los Reflectores con Yasuo,Yasuův Široký paprsek,cs
Competitor,Vyzyvatel,cs
Component Heist,Loupež základních předmětů,cs
Composants de guerre,Loupež základních předmětů,cs
Composição Máxima,Vrcholná sestava,cs
Compras compulsivas,Nákupní horečka,cs
Compromiso férreo,Neodvolatelná volba,cs
Compromisso Sério,Neodvolatelná volba,cs
Compte épargne,Spořicí účet,cs
Concentration lointaine,Soustředěný horizont,cs
Concentrazione dell'orizzonte,Soustředěný horizont,cs
Condenador,Zkázonoš,cs
Conducto,Prostředník,cs
Conduit,Prostředník,cs
Conduit Mode,Režim Prostředník,cs
Conduíte,Prostředník,cs
Conexiones fallidas,Ztracené konexe,cs
Conexiune cibernetică,Kybernetická linka,cs
Conexiune cu drona,Dronová linka,cs
Conexión cibernética,Kybernetická linka,cs
Conexión de dron,Dronová linka,cs
Conexión perdida,Ztracené konexe,cs
Conexão Cibernética,Kybernetická linka,cs
Conexão de Drone,Dronová linka,cs
Conexões Perdidas,Ztracené konexe,cs
Configuración maximizada,Vrcholná sestava,cs
Configurazione massima,Vrcholná sestava,cs
Confusão Mental,Zaneprázdněná mysl,cs
Conjuración continua,Souvislé sesílání,cs
Conjuração Contínua,Souvislé sesílání,cs
Conjuros Continuos,Souvislé sesílání,cs
Connivence,Šplhání žebříčkem,cs
Conservare de biomaterial,Konzervátor biomateriálu,cs
Conservateur de biomatière,Konzervátor biomateriálu,cs
Conservatore di biomateria,Konzervátor biomateriálu,cs
Construct a Companion,Stavebnice společníků,cs
Construiește un însoțitor,Stavebnice společníků,cs
Construiește-ți un prieten,Postav si kámoše,cs
Construye tu Compi,Stavebnice společníků,cs
Construção de Companheiro,Stavebnice společníků,cs
Consumo Consciente,Chytrý nákup,cs
Cont de economii,Spořicí účet,cs
Conta Poupança,Spořicí účet,cs
Contendiente,Vyzyvatel,cs
Contenedor de chatarra,Recyklátor,cs
Continuous Conjuration,Souvislé sesílání,cs
Conto dei risparmi,Spořicí účet,cs
Contract Killer,Nájemný zabiják,cs
Convogliatore,Prostředník,cs
Copacul caracteristicilor,Strom vlastností,cs
Copricapo di Rabadon,Rabadonův smrtící klobouk,cs
Corazza singola,Sólový plát,cs
Corazza spirituale,Otisk duše,cs
Corazón de Acero,Srdce z oceli,cs
Corazón de acero,Srdce z oceli,cs
Corazón del alba,Jádro úsvitu,cs
Corazón resuelto,Nezlomné srdce,cs
Coração Inabalável,Nezlomné srdce,cs
Coração de Aço,Srdce z oceli,cs
Corki,Corki,cs
Coroa do Amaldiçoado,Prokletá koruna,cs
Coroa do Estrategista,Taktikova koruna,cs
Coroana blestemată,Prokletá koruna,cs
Coroana tacticianului,Taktikova koruna,cs
Corona Maldita,Prokletá koruna,cs
Corona de Estratega,Taktikova koruna,cs
Corona de estratega,Taktikova koruna,cs
Corona dello Stratega,Taktikova koruna,cs
Corona maldita,Prokletá koruna,cs
Corona maledetta,Prokletá koruna,cs
Corona reale,Korunní stráž,cs
Coroziune,Koroze,cs
Corpetto di rovi,Ostnatá vesta,cs
Corriente de Lágrimas,Kanoucí slzy,cs
Corrosion,Koroze,cs
Corrosione,Koroze,cs
Corrosión,Koroze,cs
Corrosão,Koroze,cs
Corrupt Vampiric Scepter,Zrádné upírské žezlo,cs
Cosmic Restart,Kosmický restart,cs
Costruisci un Compagno,Stavebnice společníků,cs
Cota de Malha,Kroužková vesta,cs
Cota de Malla,Kroužková vesta,cs
Cotidiano,Pohodový život,cs
Cotta di maglia,Kroužková vesta,cs
Cotte de mailles,Kroužková vesta,cs
Coup d'envoi,Rychlý start,cs
Coup de chance,Exkluzivní úprava,cs
Couronne de la reine,Korunní stráž,cs
Couronne du Tacticien,Taktikova koruna,cs
Couronne maudite,Prokletá koruna,cs
Cours de soutien,Sehraný tým,cs
Covil do Barão,Baronovo doupě,cs
Cozinha do Estrategista,Taktikova kuchyně,cs
Coș de recuperare,Recyklátor,cs
Crabul,Říční krab,cs
Crafted Crafting,Zručná výroba,cs
Crash Test Dummies,Sebevražední panáci,cs
Crash Test Dummy,Sebevražední panáci,cs
Crash-Test-Dummies,Sebevražední panáci,cs
Crea un coleguita,Stavebnice společníků,cs
Creazione artigianale,Zručná výroba,cs
Crecimiento Explosivo,Výbušný růst,cs
Crecimiento explosivo,Výbušný růst,cs
Creează o cale,Prosekání cesty,cs
Creează un prieten,Vyrob si kamaráda,cs
Crescendo aléatoire,Pohodový život,cs
Crescimento Explosivo,Výbušný růst,cs
Crescita a fine partita,Zesílení do závěru hry,cs
Crescita esplosiva,Výbušný růst,cs
Cresta de Escudo de Luz,Erb Lightshieldů,cs
Creștere explozivă,Výbušný růst,cs
Creștere pe final de joc,Zesílení do závěru hry,cs
Creștere solo în nivel,Sólový postup,cs
Creștere în clasament,Šplhání žebříčkem,cs
Criação Engenhosa,Zručná výroba,cs
Critical Success,Kritický úspěch,cs
Croissance explosive,Výbušný růst,cs
Crownguard,Korunní stráž,cs
Cry Me A River,Potok slz,cs
Csak jó valamire I.,Aspoň k něčemu,cs
Csapatkeresés,Sehraný tým,cs
Csapatépítés,Pohodový život,cs
Csapatépítés,Teambuilding,cs
Csekélyebb Perszónatükör,Menší Zrcadlová osobnost,cs
Csereszektor,Obchodní sektor,cs
Csillagfényes kombó,Hvězdné kombo,cs
Csillagnéző,Hvězdopravec,cs
Csillagnéző embléma,Emblém Hvězdopravce,cs
Csillámpikkely-esszencia,Esence Mihotavců,cs
Cua Kỳ Cục,Říční krab,cs
Cuatrifuerzos,Cenná posila,cs
Cuatro Refuerzos,Cenná posila,cs
Cucchiaio d'argento,Stříbrná lžička,cs
Cuchara de plata,Stříbrná lžička,cs
Cuchilla Maldita,Prokleté ostří,cs
Cuchillas Raudas,Blikavé čepele,cs
Cucina dello Stratega,Taktikova kuchyně,cs
Cud Soraki,Soračin zázrak,cs
Cuenta con mi arco,Máš můj luk,cs
Cuenta de Ahorros,Spořicí účet,cs
Cuenta de ahorros,Spořicí účet,cs
Cuisine du Tacticien,Taktikova kuchyně,cs
Cung Dự Phòng,Záložní luky,cs
Cung Gỗ,Reflexní luk,cs
Cung Xanh,Poslední zašeptání,cs
Cuor saldo,Nezlomné srdce,cs
Cuore d'acciaio,Srdce z oceli,cs
Cureaua uriașului,Obrův opasek,cs
Curele fără număr,Pevné opasky,cs
Cursed Blade,Prokleté ostří,cs
Cursed Crown,Prokletá koruna,cs
Cuțit electrostatic,Statikkova kudla,cs
Cuồng Đao Guinsoo,Guinsoova zuřivá čepel,cs
Cuộc Phiêu Lưu Tôn Quý,Velkolepé dobrodružství,cs
Cuộc Viễn Chinh,Expedice,cs
Cybernetic Implants,Kybernetické implantáty,cs
Cybernetic Uplink,Kybernetická linka,cs
Cycle épique,Epocha,cs
Czerwone Wzmocnienie,Červený buff,cs
Czysty Umysł,Čistá mysl,cs
Częściowe Wyniesienie,Částečné vyzdvižení,cs
Cái Giá Phải Trả,Za jakou cenu,cs
Cálice do Poder,Pohár moci,cs
Cáliz de Poder,Pohár moci,cs
Cáliz de poder,Pohár moci,cs
Câlin collectif,Společné objetí,cs
Cây Cung Thần Tốc,Máš můj luk,cs
Cây Tộc Hệ,Strom vlastností,cs
Céfiro,Vánek,cs
Célbefogó optika,Zaměřovací optika,cs
Célébrité partagée de Yasuo,Yasuův Široký paprsek,cs
Călător,Poutník,cs
Cıva,Rtuť,cs
Cœur d'acier,Srdce z oceli,cs
Cœur de l'aube,Jádro úsvitu,cs
Cœur intrépide,Nezlomné srdce,cs
Cơn Khát Vàng,Nenasytnost,cs
Cảm Quan Cấy Ghép,Podpůrný implantát,cs
Cảm Thấy May Mắn,Úsměv štěstěny,cs
Cấy Ghép Siêu Công Nghệ,Kybernetické implantáty,cs
Cầu Hồi Phục,Léčivá oka,cs
Cắm Rễ Phân Tán,Rozrůstání kořenů,cs
Cặp Đôi Siêu Cứng,Odolná dvojka,cs
Cố Gắng Lật Kèo,Odražení ode dna,cs
Cốc Sức Mạnh,Pohár moci,cs
Cộng Mệt Nghỉ!,Nálož atributů!,cs
Cờ Lệnh Zeke U Ám,Zekeův pochmurný posel,cs
Củng Cố Tuyến Trước,Základ přední řady,cs
C位的觉悟,Najdi své těžiště,cs
C位觉悟,Najdi své těžiště,cs
DD街区,Obchodní sektor,cs
Daga de Statikk,Statikkova kudla,cs
Daimi Yükseliş,Vytrvalý vzestup,cs
Dallan Budaklan,Rozvětvení,cs
Dama Oscura,Temná paní,cs
Dama das Trevas,Temná paní,cs
Dama oscura,Temná paní,cs
Dame sombre,Temná paní,cs
Dao Điện Statikk,Statikkova kudla,cs
Dar Ahri,Ahřin dar,cs
Dar Aureliona Sola,Aurelion Solův dar,cs
Dar Ekko,Ekkův dar,cs
Dar Evelynn,Evelynnin dar,cs
Dar Kayle,Kaylin dar,cs
Dar Soraki,Soračin dar,cs
Dar Thresha,Threshův dar,cs
Dar Varusa,Varusův dar,cs
Dar Yasuo,Yasuův dar,cs
Dar cu ce preț,Za jakou cenu,cs
Dark Lady,Temná paní,cs
Dark Star,Temná hvězda,cs
Dark Star Emblem,Emblém Temné hvězdy,cs
Das Warten wert,Vyplatí se čekat,cs
Das geht ab,Hvězdná obnova,cs
Das goldene Ei,Zlaté vejce,cs
Dawncore,Jádro úsvitu,cs
Dayanıklı Ön Sıra,Základ přední řady,cs
Daño indiscriminado,Nevybíravý zabiják,cs
De două ori mai câștigați,Viděti dvojmo,cs
De fiesta,Bušení,cs
De gratis,Ohnivý výprodej,cs
De milyen áron?,Za jakou cenu,cs
Dea delle Armi,Božská pistolnice,cs
Deadlier Blades,Vražednější čepele,cs
Deadlier Caps,Vražednější klobouky,cs
Deathblade,Čepel smrti,cs
Demasiado Valor,Viděti dvojmo,cs
Demir Solari'nin Broşu,Medailónek železných Solari,cs
Denge Örtüsü,Večerháv,cs
Dent de Nashor,Nashorův tesák,cs
Dente de Na'Shor,Nashorův tesák,cs
Dente di Nashor,Nashorův tesák,cs
Der Attributsbaum,Strom vlastností,cs
Der Turm,Věž,cs
Der Unbeugsame,Nezdolný,cs
Der Urknall,Velký třesk,cs
Der Wille des Hammers,Vůle palcátu,cs
Der goldene Drache,Zlatý drak,cs
Der mächtige Mecha,Mocný mech,cs
Dernier souffle,Poslední zašeptání,cs
Derrota Planejada,Promyšlená prohra,cs
Desafiante,Vyzyvatel,cs
Desajustados,Pestrá sebranka,cs
Descarga Eléctrica,Elektrický výboj,cs
Desejo da Maça,Vůle palcátu,cs
Desesperación Eterna,Nekonečné zoufalství,cs
Desesperanza eterna,Nekonečné zoufalství,cs
Desespero Eterno,Nekonečné zoufalství,cs
Desmanche,Recyklátor,cs
Despertar da Alma,Probuzení duše,cs
Despertar del Alma,Probuzení duše,cs
Despertar del alma,Probuzení duše,cs
Destansı Yenileme,Epický výlov,cs
Deszcz Pieniędzy,Zlatý monzun,cs
Determinacja Kolosa,Titánské odhodlání,cs
Determinazione del titano,Titánské odhodlání,cs
Determinação Titânica,Titánské odhodlání,cs
Deux de moins,Rychlý dvojzářez,cs
Dev Katili,Zabiják obrů,cs
Dev Kemeri,Obrův opasek,cs
Devasa ve Güçlü,Velikost a síla,cs
Değişken Miğfer,Přizpůsobivá přilba,cs
Di Vật Tàn Úa,Oprýskaná relikvie,cs
Diana,Diana,cs
Die Legion der Drei,Legie tří,cs
Diebesbande,Tlupa zlodějů,cs
Diebesbande II,Tlupa zlodějů II,cs
Diente de Nashor,Nashorův tesák,cs
Dikenli Yelek,Ostnatá vesta,cs
Dinerito para el almuerzo,Peníze na oběd,cs
Dinero del almuerzo,Peníze na oběd,cs
Dintele lui Nashor,Nashorův tesák,cs
Diosa de las Pistolas,Božská pistolnice,cs
Diosa de las pistolas,Božská pistolnice,cs
Dirilme Lütfu,Dar vzkříšení,cs
Disperare nemărginită,Nekonečné zoufalství,cs
Disperazione eterna,Nekonečné zoufalství,cs
Disruptor temporal,Ničitel času,cs
Distracție în spațiu,Vesmírný rytmus,cs
Distribuição de Efeitos,"Jeden buff, dva buffy",cs
Divinamente Abençoado,Požehnaný bohy,cs
Divine Duelist,Božský duelista,cs
Dizilim,Nástup,cs
Diệt Khổng Lồ,Zabiják obrů,cs
Doamna întunecată,Temná paní,cs
Doble Tanque,Odolná dvojka,cs
Dobra Passa,Hvězdná obnova,cs
Doces Deleites,Slaďounké dobroty,cs
Dokuma Büyü,Splétaná magie,cs
Dolci,Slaďounké dobroty,cs
Don du gardien,Opatrovníkův spojenec,cs
Dono dell'aggiustatutto,Kutilův dar,cs
Dono della resurrezione,Dar vzkříšení,cs
Dono di Ahri,Ahřin dar,cs
Dono di Aurelion Sol,Aurelion Solův dar,cs
Dono di Ekko,Ekkův dar,cs
Dono di Evelynn,Evelynnin dar,cs
Dono di Kayle,Kaylin dar,cs
Dono di Soraka,Soračin dar,cs
Dono di Thresh,Threshův dar,cs
Dono di Varus,Varusův dar,cs
Dono di Yasuo,Yasuův dar,cs
Doomer,Zkázonoš,cs
Doppia resistenza,Odolná dvojka,cs
Doppia uccisione rapida,Rychlý dvojzářez,cs
Dornenweste,Ostnatá vesta,cs
Double Kill Veloz,Rychlý dvojzářez,cs
Dowódca Anima,Velitelka Animy,cs
Dowódcy,Velitel,cs
Doğum Günü Buluşması,Narozeninové setkání,cs
Doğum Günü Hediyesi,Dárek k narozeninám,cs
Drachenklaue,Dračí spár,cs
Dragon's Claw,Dračí spár,cs
Dragonul auriu,Zlatý drak,cs
Dragão Dourado,Zlatý drak,cs
Dreifaltigkeit,Trojice,cs
Drohnenverbindung,Dronová linka,cs
Dron Bağlantısı,Dronová linka,cs
Drone Uplink,Dronová linka,cs
Drone cablato,Dronová linka,cs
Drugi Oddech,Druhý dech,cs
Drzewo Cech,Strom vlastností,cs
Drágaköves kesztyű,Zdobená pěstnice,cs
Drágaköves lótusz II.,Zdobený květ,cs
Drónkapcsolat,Dronová linka,cs
Du Mục,Pastýř,cs
Du hast meinen Bogen,Máš můj luk,cs
Dublu asasinat rapid,Rychlý dvojzářez,cs
Duch Odkupienia,Duch odplaty,cs
Due volte il valore,Viděti dvojmo,cs
Duelist divin,Božský duelista,cs
Duelista Divino,Božský duelista,cs
Duelista divino,Božský duelista,cs
Duellante divino,Božský duelista,cs
Duelliste divine,Božský duelista,cs
Dulces Golosinas,Slaďounké dobroty,cs
Dummify,"Marioneta, to jsem já",cs
Dunkle Dame,Temná paní,cs
Duo Queue,Tandemová fronta,cs
Duo-Warteschlange,Tandemová fronta,cs
Dupla érték,Viděti dvojmo,cs
Duplication,Vrcholná sestava,cs
Duplán szívós,Odolná dvojka,cs
Durch Stärke geschmiedet,Síla artefaktů,cs
Durmadan Yenile,Vybíravé výběry,cs
Dusze Towarzystwa,Pařmen,cs
Duża Torba z Różnościami,Velká dárková taška,cs
Dádiva da Ahri,Ahřin dar,cs
Dádiva da Evelynn,Evelynnin dar,cs
Dádiva da Kayle,Kaylin dar,cs
Dádiva da Ressurreição,Dar vzkříšení,cs
Dádiva da Soraka,Soračin dar,cs
Dádiva do Aurelion Sol,Aurelion Solův dar,cs
Dádiva do Brigão,Kutilův dar,cs
Dádiva do Ekko,Ekkův dar,cs
Dádiva do Thresh,Threshův dar,cs
Dádiva do Varus,Varusův dar,cs
Dádiva do Yasuo,Yasuův dar,cs
Dây Chuyền Iron Solari,Medailónek železných Solari,cs
Dây Chuyền Tự Lực,Medailon stimulace,cs
Dämmerkern,Jádro úsvitu,cs
Dämmerung von Silbersee,Úsvit nad Stříbromořím,cs
Déesse des flingues,Božská pistolnice,cs
Défaite planifiée,Promyšlená prohra,cs
Dépense réfléchie,Chytrý nákup,cs
Dés légèrement magiques,Mírně magický hod,cs
Dés magiques,Kouzelný hod,cs
Désespoir,Zkázonoš,cs
Désespoir infini,Nekonečné zoufalství,cs
Détermination du titan,Titánské odhodlání,cs
Díszes acél,Pozlacená ocel,cs
Dòng Tiền Mờ Ám,Zákeřná monetizace,cs
Döntőbíró,Soudce,cs
Döntőbíró embléma,Emblém Soudce,cs
Dört Dörtlük,Cenná posila,cs
Dört Seninle Olsun,Vražední čtveráci,cs
Dövüşçü,Rváč,cs
Dövüşçü Amblemi,Emblém Rváče,cs
Dúo de tanques,Odolná dvojka,cs
Dümenci,Chmaták,cs
Dẫn Truyền,Prostředník,cs
Dị Vật Tai Ương,Zapovězená modla,cs
Dịch Vụ Gói Đăng Ký,Předplacená služba,cs
D个痛快！,Vybíravé výběry,cs
Early Learnings,Úvodní poznatky,cs
Ebedi Anlaşma,Věčná dohoda,cs
Ebedi Koruma,Ochrana nekonečna,cs
Ebedi Kılıç,Ostří nekonečna,cs
Ebédpénz,Peníze na oběd,cs
Eccesso di bacchette,Přebytek holí,cs
Eccesso di cinture,Pevné opasky,cs
Eccesso di spade,Přebytek mečů,cs
Echi curativi,Léčivé ozvěny,cs
Ecos Reparadores,Léčivé ozvěny,cs
Ecos Restauradores,Léčivé ozvěny,cs
Ecos curativos,Léčivé ozvěny,cs
Ecouri tămăduitoare,Léčivé ozvěny,cs
Edge of Night,Přelom noci,cs
Efecte secundare,Vedlejší účinky,cs
Efectos Secundarios,Vedlejší účinky,cs
Efectos secundarios,Vedlejší účinky,cs
Efeito Azul,Modrý buff,cs
Efeito Vermelho,Červený buff,cs
Efeitos Colaterais,Vedlejší účinky,cs
Efekty Uboczne,Vedlejší účinky,cs
Effets secondaires,Vedlejší účinky,cs
Effetti collaterali,Vedlejší účinky,cs
Egida Zmierzchu,Štít soumraku,cs
Egida del Crepuscolo,Štít soumraku,cs
Egida dell'Aurora,Štít úsvitu,cs
Egida Świtu,Štít úsvitu,cs
"Egy erősítés, két erősítés","Jeden buff, dva buffy",cs
"Egy, kettő, három","Jedna, dva, tři",cs
"Egy, kettő, öt!","Raz, dva, pět!",cs
Egyenlepel,Večerháv,cs
Egységben az erő,Stůjme při sobě,cs
Egyujjas kesztyű,Palčáky,cs
Egyéni vért,Sólový plát,cs
Ehre des Kriegsfürsten,Vojevůdcova čest,cs
"Ein Buff, zwei Buff","Jeden buff, dva buffy",cs
Ein Teil des Lebens,Pohodový život,cs
Ein erhabenes Abenteuer,Velkolepé dobrodružství,cs
Ein magischer Wurf,Kouzelný hod,cs
Eindringling Zed,Narušitel Zed,cs
Einfach treffen,Běž do toho,cs
Einkaufsbummel,Nákupní horečka,cs
"Einmal Bronze, immer Bronze",Bronz nad zlato,cs
"Eins, zwei, drei","Jedna, dva, tři",cs
"Eins, zwei, fünf!","Raz, dva, pět!",cs
Eiserne Güter,Železné vybavení,cs
Ejder Pençesi,Dračí spár,cs
Ekip Çalışması,Teambuilding,cs
Ekko türelme,Ekkova trpělivost,cs
Ekko áldása,Ekkův dar,cs
Ekko'nun Lütfu,Ekkův dar,cs
Ekko'nun Sabrı,Ekkova trpělivost,cs
Ekko's Boon,Ekkův dar,cs
Ekko's Patience,Ekkova trpělivost,cs
Ekkos Geduld,Ekkova trpělivost,cs
Ekkos Segen,Ekkův dar,cs
Ekmek Parası İşte,Peníze na oběd,cs
Ekskluzywna Personalizacja,Exkluzivní úprava,cs
Ekspedycja,Expedice,cs
El Big Bang,Velký třesk,cs
El Dragón Dorado,Zlatý drak,cs
El Dragón dorado,Zlatý drak,cs
El Emeği Göz Nuru,Zručná výroba,cs
El Huevo Dorado,Zlaté vejce,cs
El Indomable,Nezdolný,cs
El Mega Mecha,Mocný mech,cs
El Tamaño Importa,Na velikosti záleží,cs
El centro de todo,Najdi své těžiště,cs
El huevo dorado,Zlaté vejce,cs
El peso de la corona,Tíha koruny,cs
El tamaño importa,Na velikosti záleží,cs
El Árbol de Rasgos,Strom vlastností,cs
El árbol de los atributos,Strom vlastností,cs
Elastyczność,Flexibilita,cs
Electrocarga,Elektrický výboj,cs
Electrocharge,Elektrický výboj,cs
Elektroladung,Elektrický výboj,cs
Elektromos töltés,Elektrický výboj,cs
Elektroşarj,Elektrický výboj,cs
Elettrocarica,Elektrický výboj,cs
Elige el rasgo,Vyber vlastnost,cs
Eliminator,Vyhlazovač,cs
Elkötelezett,Investice,cs
Elköteleződés,Neodvolatelná volba,cs
Elmo Adaptativo,Přizpůsobivá přilba,cs
Elmo adattivo,Přizpůsobivá přilba,cs
Eltemetett kincsek,Zakopané poklady,cs
Elátkozott korona,Prokletá koruna,cs
Elátkozott penge,Prokleté ostří,cs
Előfizetési szolgáltatás,Předplacená služba,cs
Előleg,Pokročilá půjčka,cs
Előrelátás,Prozíravost,cs
Em Busca do Centro,Najdi své těžiště,cs
Embalos no Espaço,Vesmírný rytmus,cs
Emblem Anima,Emblém Animy,cs
Emblem Arbiter,Emblém Soudce,cs
Emblem Bastion,Emblém Bašty,cs
Emblem Brawler,Emblém Rváče,cs
Emblem Challenger,Emblém Vyzyvatele,cs
Emblem Dark Star,Emblém Temné hvězdy,cs
Emblem Marauder,Emblém Žoldnéře,cs
Emblem Meeple,Emblém Miplíka,cs
Emblem N.O.V.A.,Emblém N.O.V.A.,cs
Emblem Primordian,Emblém Prapůvodního,cs
Emblem Psionic,Emblém Psionika,cs
Emblem Rogue,Emblém Odpadlíka,cs
Emblem Shepherd,Emblém Pastýře,cs
Emblem Sniper,Emblém Odstřelovače,cs
Emblem Space Groove,Emblém Vesmírného rytmu,cs
Emblem Stargazer,Emblém Hvězdopravce,cs
Emblem Timebreaker,Emblém Ničitele času,cs
Emblem Vanguard,Emblém Předvoje,cs
Emblem Voyager,Emblém Poutníka,cs
Emblema Anima,Emblém Animy,cs
Emblema Animalia,Emblém Animy,cs
Emblema Meeple,Emblém Miplíka,cs
Emblema N.O.V.A.,Emblém N.O.V.A.,cs
Emblema Psionico,Emblém Psionika,cs
Emblema Stella Oscura,Emblém Temné hvězdy,cs
Emblema apărătorilor,Emblém Předvoje,cs
Emblema bastionului,Emblém Bašty,cs
Emblema briganzilor,Emblém Žoldnéře,cs
Emblema bătăușilor,Emblém Rváče,cs
Emblema competitorilor,Emblém Vyzyvatele,cs
Emblema călătorilor,Emblém Poutníka,cs
Emblema de Anima,Emblém Animy,cs
Emblema de Astromante,Emblém Hvězdopravce,cs
Emblema de Atirador de Elite,Emblém Odstřelovače,cs
Emblema de Bastião,Emblém Bašty,cs
Emblema de Bastión,Emblém Bašty,cs
Emblema de Desafiante,Emblém Vyzyvatele,cs
Emblema de Embalos no Espaço,Emblém Vesmírného rytmu,cs
Emblema de Estrela Negra,Emblém Temné hvězdy,cs
Emblema de Estrella Oscura,Emblém Temné hvězdy,cs
Emblema de Francotiradores,Emblém Odstřelovače,cs
Emblema de Furtivo,Emblém Odpadlíka,cs
Emblema de Ladino,Emblém Odpadlíka,cs
Emblema de Lutador,Emblém Rváče,cs
Emblema de Meeple,Emblém Miplíka,cs
Emblema de Meeplo,Emblém Miplíka,cs
Emblema de Merodeador,Emblém Žoldnéře,cs
Emblema de Mipo,Emblém Miplíka,cs
Emblema de N.O.V.A.,Emblém N.O.V.A.,cs
Emblema de Onda Espacial,Emblém Vesmírného rytmu,cs
Emblema de Pastor,Emblém Pastýře,cs
Emblema de Peleadores,Emblém Rváče,cs
Emblema de Primordiano,Emblém Prapůvodního,cs
Emblema de Primordianos,Emblém Prapůvodního,cs
Emblema de Psiónico,Emblém Psionika,cs
Emblema de Psiônico,Emblém Psionika,cs
Emblema de Rasga-tempo,Emblém Ničitele času,cs
Emblema de Retadores,Emblém Vyzyvatele,cs
Emblema de Rompetiempo,Emblém Ničitele času,cs
Emblema de Saqueador,Emblém Žoldnéře,cs
Emblema de Sentencia,Emblém Soudce,cs
Emblema de Vanguarda,Emblém Předvoje,cs
Emblema de Vanguardia,Emblém Předvoje,cs
Emblema de Viajante,Emblém Poutníka,cs
Emblema de Viajero,Emblém Poutníka,cs
Emblema de astral,Emblém Hvězdopravce,cs
Emblema de bastión,Emblém Bašty,cs
Emblema de contendiente,Emblém Vyzyvatele,cs
Emblema de disruptor temporal,Emblém Ničitele času,cs
Emblema de estrella oscura,Emblém Temné hvězdy,cs
Emblema de francotirador,Emblém Odstřelovače,cs
Emblema de la ascensión,Amulet Vyzdvižení,cs
Emblema de luchador,Emblém Rváče,cs
Emblema de onda espacial,Emblém Vesmírného rytmu,cs
Emblema de pastor,Emblém Pastýře,cs
Emblema de primordiano,Emblém Prapůvodního,cs
Emblema de psiónico,Emblém Psionika,cs
Emblema de pícaro,Emblém Odpadlíka,cs
Emblema de sentenciador,Emblém Soudce,cs
Emblema de vanguardia,Emblém Předvoje,cs
Emblema de viajante,Emblém Poutníka,cs
Emblema de yelmo sombrío,Emblém Žoldnéře,cs
Emblema de Árbitro,Emblém Soudce,cs
Emblema de ánima,Emblém Animy,cs
Emblema del Bandito,Emblém Odpadlíka,cs
Emblema del Bastione,Emblém Bašty,cs
Emblema del Cecchino,Emblém Odstřelovače,cs
Emblema del Combattente,Emblém Rváče,cs
Emblema del Pastore,Emblém Pastýře,cs
Emblema del Predone,Emblém Žoldnéře,cs
Emblema del Primordiano,Emblém Prapůvodního,cs
Emblema del Ritmo Spaziale,Emblém Vesmírného rytmu,cs
Emblema del Viaggiatore,Emblém Poutníka,cs
Emblema dell'Amico dei Mippi,Emblém Miplíka,cs
Emblema dell'Arbitro,Emblém Soudce,cs
Emblema dell'Astronomo,Emblém Hvězdopravce,cs
Emblema dell'Avanguardia,Emblém Předvoje,cs
Emblema dello Sfidante,Emblém Vyzyvatele,cs
Emblema dello Spezzatempo,Emblém Ničitele času,cs
Emblema distracției în spațiu,Emblém Vesmírného rytmu,cs
Emblema frângătorilor timpului,Emblém Ničitele času,cs
Emblema luminii stelelor,Emblém Hvězdopravce,cs
Emblema lunetiștilor,Emblém Odstřelovače,cs
Emblema mediatorilor,Emblém Soudce,cs
Emblema primordienilor,Emblém Prapůvodního,cs
Emblema psionică,Emblém Psionika,cs
Emblema păstorilor,Emblém Pastýře,cs
Emblema rebelilor,Emblém Odpadlíka,cs
Emblema stelelor întunecate,Emblém Temné hvězdy,cs
Emblemat Anima,Emblém Animy,cs
Emblemat Arbitra,Emblém Soudce,cs
Emblemat Bastionu,Emblém Bašty,cs
Emblemat Kosmofazy,Emblém Vesmírného rytmu,cs
Emblemat Marudera,Emblém Žoldnéře,cs
Emblemat Meepla,Emblém Miplíka,cs
Emblemat Mrocznej Gwiazdy,Emblém Temné hvězdy,cs
Emblemat N.O.V.A.,Emblém N.O.V.A.,cs
Emblemat Obrońcy,Emblém Předvoje,cs
Emblemat Obserwatora Gwiazd,Emblém Hvězdopravce,cs
Emblemat Osiłka,Emblém Rváče,cs
Emblemat Pasterza,Emblém Pastýře,cs
Emblemat Podróżnika,Emblém Poutníka,cs
Emblemat Pretendenta,Emblém Vyzyvatele,cs
Emblemat Primordianina,Emblém Prapůvodního,cs
Emblemat Psionika,Emblém Psionika,cs
Emblemat Snajpera,Emblém Odstřelovače,cs
Emblemat Zbira,Emblém Odpadlíka,cs
Emblemat Łamacza Czasu,Emblém Ničitele času,cs
Emblème d'Astro-groove,Emblém Vesmírného rytmu,cs
Emblème d'Initiateur,Emblém Předvoje,cs
Emblème de Bagarreur,Emblém Rváče,cs
Emblème de Bastion,Emblém Bašty,cs
Emblème de Berger,Emblém Pastýře,cs
Emblème de Brise-temps,Emblém Ničitele času,cs
Emblème de Challenger,Emblém Vyzyvatele,cs
Emblème de Juge stellaire,Emblém Soudce,cs
Emblème de Maraudeur,Emblém Žoldnéře,cs
Emblème de Meeple,Emblém Miplíka,cs
Emblème de N.O.V.A.,Emblém N.O.V.A.,cs
Emblème de Primordien,Emblém Prapůvodního,cs
Emblème de Psionique,Emblém Psionika,cs
Emblème de Pulsar sombre,Emblém Temné hvězdy,cs
Emblème de Rebelle,Emblém Odpadlíka,cs
Emblème de Sniper,Emblém Odstřelovače,cs
Emblème de Visionnaire,Emblém Hvězdopravce,cs
Emblème de Voyageur,Emblém Poutníka,cs
Emblème de la Section Anima,Emblém Animy,cs
Emblématique,Flexibilita,cs
Emblématiquement,Strom vlastností,cs
Empréstimo Avançado,Pokročilá půjčka,cs
Empurrão,Bušení,cs
En Minik Dev,Nejtitěrnější titán,cs
En racha,Hvězdná obnova,cs
Ende der Weisheit,Nouzová,cs
Endgame-Experte,Specialista na závěrečnou fázi,cs
Endlose Verzweiflung,Nekonečné zoufalství,cs
Enfileirando,Nástup,cs
Enfoque al Horizonte,Soustředěný horizont,cs
Enlace Cibernético,Kybernetická linka,cs
Enlace de Dron,Dronová linka,cs
Enracinement,Rozrůstání kořenů,cs
Entre les PO et l'enclume,Železné vybavení,cs
Entrenamiento de Guardaespaldas,Výcvik tělesného strážce,cs
Entschlossenheit des Titanen,Titánské odhodlání,cs
Enyhén mágikus dobás,Mírně magický hod,cs
Epic Rolldown,Epický výlov,cs
Epickie Przelosowanie,Epický výlov,cs
Epische Ladung,Epický výlov,cs
Epoca,Epocha,cs
Epoch,Epocha,cs
Epoche,Epocha,cs
Epocă,Epocha,cs
Epoka,Epocha,cs
Era,Epocha,cs
Eradicare,Vyhlazovač,cs
Eradicator,Vyhlazovač,cs
Eradicatore,Vyhlazovač,cs
Erlöser,Spasitel,cs
Erradicador,Vyhlazovač,cs
Erwartetes Unerwartetes,Očekávaná neočekávanost,cs
Erweiterter Kredit,Pokročilá půjčka,cs
Erőben kovácsolva,Síla artefaktů,cs
Erőd,Bašta,cs
Erőd embléma,Emblém Bašty,cs
EsQUATRão,Cenná posila,cs
Esagono dorato di Yasuo,Yasuovo zlaté pole,cs
Esaltazione di Kayle,Kaylino povznesení,cs
Esaltazione radiosa di Kayle,Kaylino zářivé povznesení,cs
Escalamento de Fim de Jogo,Zesílení do závěru hry,cs
Escalando,Šplhání žebříčkem,cs
Escalar la clasificación,Šplhání žebříčkem,cs
Escolha a característica,Vyber vlastnost,cs
Escroc,Chmaták,cs
Escudo de estratega,Taktikův štít,cs
Escudo del Estratega,Taktikův štít,cs
Escudo do Estrategista,Taktikův štít,cs
Escurridizo,Říční krab,cs
Esencia de Brilloescama,Esence Mihotavců,cs
Esencia de brilloescama,Esence Mihotavců,cs
Esencja Migoczącej Łuski,Esence Mihotavců,cs
Esfera del Amanecer,Jádro úsvitu,cs
Esgrima de Yasuo,Yasuovo mistrovství meče,cs
Esnek,Flexibilita,cs
Espada Desmedida,Přebytek mečů,cs
Espada G.p.C.,K. V. meč,cs
Espadafuria de Guinsoo,Guinsoova zuřivá čepel,cs
Espadas Más Letales,Vražednější čepele,cs
Espadón,K. V. meč,cs
Especialista em Fim de Jogo,Specialista na závěrečnou fázi,cs
Especialista en el juego tardío,Specialista na závěrečnou fázi,cs
Especialista en final de partida,Specialista na závěrečnou fázi,cs
Espera lo Inesperado,Očekávaná neočekávanost,cs
Espera lo inesperado,Očekávaná neočekávanost,cs
Esperando o Inesperado,Očekávaná neočekávanost,cs
Espinas,Rakeťák,cs
Esprit d'équipe,Teambuilding,cs
Esprit de la Rédemption,Duch odplaty,cs
Esprit encombré,Zaneprázdněná mysl,cs
Espátula,Obracečka,cs
Espírito de Redenção,Duch odplaty,cs
Espíritu Firme,Nezlomné srdce,cs
Espíritu de Redención,Duch odplaty,cs
Espíritu de la redención,Duch odplaty,cs
Espíritu libre,Pestrá sebranka,cs
Essence des Luminécailles,Esence Mihotavců,cs
Essenz der Schimmerschuppen,Esence Mihotavců,cs
Essenza Scaglialucida,Esence Mihotavců,cs
Essência de Escamaluz,Esence Mihotavců,cs
Estafa,Chmaták,cs
Estafador,Chmaták,cs
Estratega diminuto,Nejtitěrnější titán,cs
Estrela Negra,Temná hvězda,cs
Estrella Oscura,Temná hvězda,cs
Estrella oscura,Temná hvězda,cs
Estudio Paciente,Trpělivé studium,cs
Estudio y paciencia,Trpělivé studium,cs
Estudo Paciente,Trpělivé studium,cs
Esuli,Vyhnanci,cs
Eternal Pact,Věčná dohoda,cs
Etwas magische Aktualisierung,Mírně magický hod,cs
Evelynn áldása,Evelynnin dar,cs
Evelynn ösztöne,Evelynnin instinkt,cs
Evelynn'in Lütfu,Evelynnin dar,cs
Evelynn'in İçgüdüsü,Evelynnin instinkt,cs
Evelynn's Boon,Evelynnin dar,cs
Evelynn's Instinct,Evelynnin instinkt,cs
Evelynns Instinkt,Evelynnin instinkt,cs
Evelynns Segen,Evelynnin dar,cs
Evenshroud,Večerháv,cs
Evocazione continua,Souvislé sesílání,cs
Evriştirici,Rekombobulátor,cs
Ewiger Pakt,Věčná dohoda,cs
Exaltación Radiante de Kayle,Kaylino zářivé povznesení,cs
Exaltación de Kayle,Kaylino povznesení,cs
Exaltación radiante de Kayle,Kaylino zářivé povznesení,cs
Exaltarea lui Kayle,Kaylino povznesení,cs
Exaltarea radiantă a lui Kayle,Kaylino zářivé povznesení,cs
Exaltation de Kayle,Kaylino povznesení,cs
Exaltation radieuse de Kayle,Kaylino zářivé povznesení,cs
Exaltação Radiante de Kayle,Kaylino zářivé povznesení,cs
Exaltação de Kayle,Kaylino povznesení,cs
Exclusive Customization,Exkluzivní úprava,cs
Exilados,Vyhnanci,cs
Exilați,Vyhnanci,cs
Exiles,Vyhnanci,cs
Exiliados,Vyhnanci,cs
Exilés,Vyhnanci,cs
Exklusive Feinabstimmung,Exkluzivní úprava,cs
Exkluzív testreszabás,Exkluzivní úprava,cs
Expected Unexpectedness,Očekávaná neočekávanost,cs
Expedición,Expedice,cs
Expedition,Expedice,cs
Expedição,Expedice,cs
Expediție,Expedice,cs
Expedíció,Expedice,cs
Explosive Growth,Výbušný růst,cs
Explosives Wachstum,Výbušný růst,cs
Expédition,Expedice,cs
Expérience à tout prix,Dlouhodobá investice,cs
Extirpador,Vyhlazovač,cs
Ezreal,Ezreal,cs
Ezüstkanál,Stříbrná lžička,cs
Ezüsttóvári hajnal,Úsvit nad Stříbromořím,cs
Eğreti Zırh,Provizorní zbroj,cs
Eşsiz Deneyim,Stříbrná lžička,cs
Eşya Çekilişi,Dárková taška s předměty,cs
Fabbricante di bastoni,Výrobce holí,cs
Fabbricante di spade,Výrobce mečů,cs
Fabricant de baguettes,Výrobce holí,cs
Fabricante de Bastões,Výrobce holí,cs
Fabricante de Espadas,Výrobce mečů,cs
Fabricante de Varas,Výrobce holí,cs
Fabrication en série,Replikace,cs
Fabrikneu,Neopotřebovaný,cs
Faca de Statikk,Statikkova kudla,cs
Factory New,Neopotřebovaný,cs
Fajín de mercurio,Rtuť,cs
Fame di denaro,Nenasytnost,cs
Fantocci da crash test,Sebevražední panáci,cs
Fantoccificazione,"Marioneta, to jsem já",cs
Fantoccio di addestramento,Cvičná loutka,cs
Fare squadra,Sehraný tým,cs
Farmando Aura,Farmení aury,cs
Farmare l'aura,Farmení aury,cs
Farmarea aurei,Farmení aury,cs
Farmeo Áurico,Farmení aury,cs
Farmienie Aury,Farmení aury,cs
Fatalista,Zkázonoš,cs
Fateweaver,Splétač osudu,cs
Favorul Sorakăi,Soračin dar,cs
Favorul duelistului,Kutilův dar,cs
Favorul lui Ahri,Ahřin dar,cs
Favorul lui Aurelion Sol,Aurelion Solův dar,cs
Favorul lui Ekko,Ekkův dar,cs
Favorul lui Evelynn,Evelynnin dar,cs
Favorul lui Kayle,Kaylin dar,cs
Favorul lui Thresh,Threshův dar,cs
Favorul lui Varus,Varusův dar,cs
Favorul lui Yasuo,Yasuův dar,cs
Favorul resurecției,Dar vzkříšení,cs
Fedakârlığın Erdemi,Mučedníkova ctnost,cs
Fedezeti alap,Investiční fond,cs
Feed the Flames,Krmení plamenů,cs
Feeling Lucky,Úsměv štěstěny,cs
Felaket Mücevheri,Klenot nákazy,cs
Felemelkedés,Vzestup,cs
Feleslegesen nagy pálca,Zbytečně dlouhá hůl,cs
Felfelé a ranglétrán I.,Šplhání žebříčkem,cs
Felfelé irányuló mobilitás,Vytrvalý vzestup,cs
Felie de viață,Pohodový život,cs
Felinarul lui Thresh,Threshova lucerna,cs
Festa de Aniversário,Narozeninové setkání,cs
Feu concentré,Soustředěná palba,cs
Fiera Fiestera,Pařmen,cs
Fierar neobosit,Živoucí kovárna,cs
Fila em Dupla,Tandemová fronta,cs
Filo de la Muerte,Čepel smrti,cs
Filo de la Noche,Přelom noci,cs
Filo de la noche,Přelom noci,cs
Filo del Infinito,Ostří nekonečna,cs
Filo infinito,Ostří nekonečna,cs
Filo mortal,Čepel smrti,cs
Filofugaz,Blikavé čepele,cs
Fin de partie,Zesílení do závěru hry,cs
Final del ingenio,Nouzová,cs
Finanziamento,Pokročilá půjčka,cs
Find Your Center,Najdi své těžiště,cs
Finde deine Mitte,Najdi své těžiště,cs
Fine della notte,Přelom noci,cs
Fiora,Fiora,cs
Firesale,Ohnivý výprodej,cs
Fishbones,Rakeťák,cs
Fiumi di lacrime,Potok slz,cs
Fiumi di lacrime,Kanoucí slzy,cs
Fizz,Fizz,cs
Flambant neuf,Neopotřebovaný,cs
Flessibilità,Flexibilita,cs
Flexibel,Flexibilita,cs
Flexibilitate,Flexibilita,cs
Flexible,Flexibilita,cs
Flexível,Flexibilita,cs
Flickerblade,Blikavé čepele,cs
Flickerblades,Blikavé čepele,cs
Fließende Tränen,Kanoucí slzy,cs
Flimmerklingen,Blikavé čepele,cs
Flowing Tears,Kanoucí slzy,cs
Fluch des Lichs,Zhouba lichů,cs
Fléau de liche,Zhouba lichů,cs
Fléau vengeur,Útočníkův řemdih,cs
Flügelstab,Serafínova hůl,cs
Foc concentrat,Soustředěná palba,cs
Focalizarea orizontului,Soustředěný horizont,cs
Foco do Horizonte,Soustředěný horizont,cs
Focused Fire,Soustředěná palba,cs
Fogo Concentrado,Soustředěná palba,cs
Fokozott erő,Augmentovaná síla,cs
Fokussiertes Feuer,Soustředěná palba,cs
Folyamatos idézés,Souvislé sesílání,cs
Fond de investiții,Investiční fond,cs
Fondamenta di prima linea,Základ přední řady,cs
Fondation de première ligne,Základ přední řady,cs
Fondo con intereses,Investiční fond,cs
Fondo de inversión,Investiční fond,cs
Fondo speculativo,Investiční fond,cs
Forbidden Idol,Zapovězená modla,cs
Forge a Friend,Vyrob si kamaráda,cs
Forge divine,Apoteotická kovárna,cs
Forge portative,Přenosná kovárna,cs
Forge à retardement,Čekající kovárna,cs
Forged in Strength,Síla artefaktů,cs
Forgeron ambulant,Živoucí kovárna,cs
Forgia apoteotica,Apoteotická kovárna,cs
Forgia incarnata,Živoucí kovárna,cs
Forgia nascosta,Čekající kovárna,cs
Forgia portatile,Přenosná kovárna,cs
Forgia un amico,Vyrob si kamaráda,cs
Forgiato nella forza,Síla artefaktů,cs
Forja Apoteósica,Apoteotická kovárna,cs
Forja Apoteótica,Apoteotická kovárna,cs
Forja Latente,Čekající kovárna,cs
Forja Portátil,Přenosná kovárna,cs
Forja Viva,Živoucí kovárna,cs
Forja Viviente,Živoucí kovárna,cs
Forja apoteósica,Apoteotická kovárna,cs
Forja de amigos,Vyrob si kamaráda,cs
Forja de espadas,Výrobce mečů,cs
Forja de varas,Výrobce holí,cs
Forja forjada,Zručná výroba,cs
Forja latente,Čekající kovárna,cs
Forja na Força,Síla artefaktů,cs
Forja portátil,Přenosná kovárna,cs
Forja reîncărcărilor,Zručná výroba,cs
Forja viviente,Živoucí kovárna,cs
Forjado a la fuerza,Síla artefaktů,cs
Forjado en la Fortaleza,Síla artefaktů,cs
Forje uma Amizade,Vyrob si kamaráda,cs
Forjă apoteotică,Apoteotická kovárna,cs
Forjă latentă,Čekající kovárna,cs
Forjă portabilă,Přenosná kovárna,cs
Forma equipo,Sehraný tým,cs
Formation de Garde du corps,Výcvik tělesného strážce,cs
Formazione,Nástup,cs
Fortwährende Beschwörung,Souvislé sesílání,cs
Forward Thinking,Prozíravost,cs
Forțe proaspete,Druhý dech,cs
Fragmento de Vida,Pohodový život,cs
Frammento d'infinito,Ostří nekonečna,cs
Francotirador,Odstřelovač,cs
Frigideira,Litinová pánev,cs
Frontkämpfer,Předvoj,cs
Frontkämpfer-Emblem,Emblém Předvoje,cs
Frontline Foundation,Základ přední řady,cs
Frontlinien-Fundament,Základ přední řady,cs
Frying Pan,Litinová pánev,cs
Frângător al timpului,Ničitel času,cs
Frühe Erkenntnisse,Úvodní poznatky,cs
Fuego Concentrado,Soustředěná palba,cs
Fuego concentrado,Soustředěná palba,cs
Fuerte pero frágil,Skleněné dělo,cs
Fuerte y Enorme,Velikost a síla,cs
Fuerzas renovadas,Druhý dech,cs
Fulcro del commercio,Jádro obchodu,cs
Fundação da Linha de Frente,Základ přední řady,cs
Fundo de Garantia,Investiční fond,cs
Fundusz Inwestycyjny,Investiční fond,cs
Fuoco concentrato,Soustředěná palba,cs
Fureur du kraken,Krakenův hněv,cs
Furia Krakena,Krakenův hněv,cs
Furia del Kraken,Krakenův hněv,cs
Furia del kraken,Krakenův hněv,cs
Furia di Guinsoo,Guinsoova zuřivá čepel,cs
Furia krakenului,Krakenův hněv,cs
Furtarello,Zlodějíček,cs
Furtivo,Odpadlík,cs
Furto,Zlodějíček,cs
Furto di componenti,Loupež základních předmětů,cs
Furtuna lui Luden,Ludenova bouře,cs
Fäustlinge,Palčáky,cs
Félholt csapás,Zhouba lichů,cs
Félvezető,Polovodič,cs
Fényőrző címer,Erb Lightshieldů,cs
Fókusz,Prostředník,cs
Fókusz mód,Režim Prostředník,cs
Fúria do Cráquem,Krakenův hněv,cs
"FĂRĂ ANALIZĂ, FĂRĂ SCHIMBĂRI",JEDU SI TO SVOJE,cs
Făurit prin putere,Síla artefaktů,cs
Gabardina Sospechosa,Podezřelý pršiplášť,cs
Gabardina sospechosa,Podezřelý pršiplášť,cs
Gage de Sterak,Sterakova zástava,cs
Gagnant-gagnant,Trpělivé studium,cs
Galaksi Avcısı,Galaktický lovec,cs
Galaktischer Jäger,Galaktický lovec,cs
Galaktyczni Łowcy,Galaktický lovec,cs
Galaxisvadász,Galaktický lovec,cs
Galaxy Hunter,Galaktický lovec,cs
Gambit Urfa,Urfův gambit,cs
Gambit d'Urf,Urfův gambit,cs
Gambito de Urf,Urfův gambit,cs
Gantelet du Néant,Pěstnice Prázdnoty,cs
Gantelet précieux,Zdobená pěstnice,cs
Gants d'entraînement,Tréninkové rukavice,cs
Gants de voleur,Zlodějské rukavice,cs
Gants porte-bonheur,Rukavice pro štěstí,cs
Gants à gogo,Kritický úspěch,cs
Gardienii gemeni,Strážná dvojice,cs
Gardiens jumeaux,Strážná dvojice,cs
Gargoyl Taşzırhı,Chrličův kamenný plát,cs
Gargoyle Stoneplate,Chrličův kamenný plát,cs
Garra de Dragón,Dračí spár,cs
Garra de dragón,Dračí spár,cs
Garra de merodeador,Lovcův dráp,cs
Garra del Merodeador,Lovcův dráp,cs
Garra do Dragão,Dračí spár,cs
Garra do Espreitador,Lovcův dráp,cs
Gasto con cabeza,Chytrý nákup,cs
Gauner,Chmaták,cs
Gebieter,Soudce,cs
Gebieter-Emblem,Emblém Soudce,cs
Geburtstags-Wiedervereinigung,Narozeninové setkání,cs
Geburtstagsgeschenk,Dárek k narozeninám,cs
Gecenin Kıyısı,Přelom noci,cs
Geduld ist eine Tugend,Trpělivost je ctnost,cs
Geeinter Halt,Stůjme při sobě,cs
Gefälligkeit des Schrotthändlers,Kutilův dar,cs
Gegenstand-Wundertüte,Dárková taška s předměty,cs
Geist der Erlösung,Duch odplaty,cs
Geistessicht,Otisk duše,cs
Geld fürs Mittagessen,Peníze na oběd,cs
Geldgierig,Nenasytnost,cs
Geldmonsun,Zlatý monzun,cs
Gelişmiş Güç,Augmentovaná síla,cs
Gelungenes Comeback,Odražení ode dna,cs
Gespiegelte Persona,Zrcadlová osobnost,cs
Gheara dragonului,Dračí spár,cs
Gheara lui Sterak,Sterakova zástava,cs
Gheara prădătorului,Lovcův dráp,cs
Giant Slayer,Zabiják obrů,cs
Giant and Mighty,Velikost a síla,cs
Giant's Belt,Obrův opasek,cs
Gigante e Poderoso,Velikost a síla,cs
Gigantes y fuertes,Velikost a síla,cs
Gilded Steel,Pozlacená ocel,cs
Gioco di lama di Yasuo,Yasuovo mistrovství meče,cs
Gioiello della rovina,Klenot nákazy,cs
Giuvaier blestemat,Klenot nákazy,cs
Gizemli Trençkot,Podezřelý pršiplášť,cs
Giáp Lưới,Kroužková vesta,cs
Giáp Máu Warmog,Warmogova zbroj,cs
Giáp Tay Seeker,Stopařčin chránič,cs
Giáp Tâm Linh,Otisk duše,cs
Giáp Tự Chế,Provizorní zbroj,cs
Giáp Vai Nguyệt Thần,Večerháv,cs
Giù come birilli,Hvězdná obnova,cs
Giọt Lệ Bi Ai,Potok slz,cs
Giữ Vững Hàng Ngũ,Pevná linie,cs
Glaives à gogo,Prosekání cesty,cs
Glaskanone,Skleněné dělo,cs
Glass Cannon,Skleněné dělo,cs
Glückshandschuhe,Rukavice pro štěstí,cs
Gnar,Gnar,cs
Goana după bani,Nenasytnost,cs
God-Blessed,Požehnaný bohy,cs
Going Long,Dlouhodobá investice,cs
Golden Gamble,Zlatý hod,cs
Goldenes Glücksspiel,Zlatý hod,cs
Golem,Golem,cs
Golpetazos,Bušení,cs
Good For Something,Aspoň k něčemu,cs
Gotowy Komplet,Vrcholná sestava,cs
Gottgesegnet,Požehnaný bohy,cs
Grabież,Zlodějíček,cs
Gracia de Ahri,Ahřin dar,cs
Gracia de Aurelion Sol,Aurelion Solův dar,cs
Gracia de Ekko,Ekkův dar,cs
Gracia de Evelynn,Evelynnin dar,cs
Gracia de Kayle,Kaylin dar,cs
Gracia de Soraka,Soračin dar,cs
Gracia de Thresh,Threshův dar,cs
Gracia de Varus,Varusův dar,cs
Gracia de Yasuo,Yasuův dar,cs
Gracia de resurrección,Dar vzkříšení,cs
Gragas,Gragas,cs
Gran Compromiso,Neodvolatelná volba,cs
Grandalhão,Na velikosti záleží,cs
Grande e possente,Velikost a síla,cs
Grandeur et démesure,Velikost a síla,cs
Graves,Graves,cs
Gredin,Chmaták,cs
Griffe de dragon,Dračí spár,cs
Griffes du rôdeur,Lovcův dráp,cs
Group Hug,Společné objetí,cs
Groß und mächtig,Velikost a síla,cs
Große Wundertüte,Velká dárková taška,cs
Groźniejsze Ostrza,Vražednější čepele,cs
Gruboskórność Steraka,Sterakova zástava,cs
Grup Kucaklaşması,Společné objetí,cs
Grupowy Przytulas,Společné objetí,cs
Gruppenumarmung,Společné objetí,cs
Gräte,Rakeťák,cs
Größe ist alles,Na velikosti záleží,cs
Guantelete Deslumbrante,Zdobená pěstnice,cs
Guantelete de Sterak,Sterakova zástava,cs
Guantelete del Vacío,Pěstnice Prázdnoty,cs
Guantelete enjoyado,Zdobená pěstnice,cs
Guantes de Combate,Tréninkové rukavice,cs
Guantes de Ladrón,Zlodějské rukavice,cs
Guantes de combate,Tréninkové rukavice,cs
Guantes de la Suerte,Rukavice pro štěstí,cs
Guantes de la suerte,Rukavice pro štěstí,cs
Guantes de ladrón,Zlodějské rukavice,cs
Guanti del ladro,Zlodějské rukavice,cs
Guanti fortunati,Rukavice pro štěstí,cs
Guanto del Vuoto,Pěstnice Prázdnoty,cs
Guanto ingioiellato,Zdobená pěstnice,cs
Guantoni,Tréninkové rukavice,cs
Guardabrazo del Buscador,Stopařčin chránič,cs
Guardia de la Corona,Korunní stráž,cs
Guardianes Gemelos,Strážná dvojice,cs
Guardianes gemelos,Strážná dvojice,cs
Guardiani gemelli,Strážná dvojice,cs
Guardiões Gêmeos,Strážná dvojice,cs
Guarida del Barón,Baronovo doupě,cs
Guinsoo dühpengéje,Guinsoova zuřivá čepel,cs
Guinsoo'nun Hiddeti,Guinsoova zuřivá čepel,cs
Guinsoo's Rageblade,Guinsoova zuřivá čepel,cs
Guinsoos Wutklinge,Guinsoova zuřivá čepel,cs
Gume do Infinito,Ostří nekonečna,cs
Gun Goddess,Božská pistolnice,cs
Gustări dulci,Slaďounké dobroty,cs
Gwałtowny Wzrost,Výbušný růst,cs
Gwen,Gwen,cs
Gwiezdna Kombinacja,Hvězdné kombo,cs
Gyakorlófigura,Cvičná loutka,cs
Gyanús ballonkabát,Podezřelý pršiplášť,cs
Gyors kettős gyilkosság,Rychlý dvojzářez,cs
Gyorstüzelő ágyú,Rychlopalné ohnivé dělo,cs
Gyári új,Neopotřebovaný,cs
Gyógyító gömbök I.,Léčivá oka,cs
Gói Bảo Hộ,Dárkový balíček,cs
Gói Tăng Cường,Posilovací balíček,cs
Gói Đăng Ký Hạng Sang,Luxusní předplatné,cs
Gólem,Golem,cs
Gökten Yağan Altın,Zlatý monzun,cs
Gölge Kukla,Stínová loutka,cs
Gömülü Hazineler,Zakopané poklady,cs
Göttlicher Duellant,Božský duelista,cs
Gözyaşları Sel,Potok slz,cs
Gözü Yükseklerde,Dlouhodobá investice,cs
Gümüşgöl Şafağı,Úsvit nad Stříbromořím,cs
Günateşi Pelerini,Plášť slunečního žáru,cs
Günateşi Tahtası,Plocha slunečního žáru,cs
Gürtel des Riesen,Obrův opasek,cs
Gürtel im Überfluss,Pevné opasky,cs
Gürzün Dileği,Vůle palcátu,cs
Güç Kadehi,Pohár moci,cs
Güçle İşlenmiş,Síla artefaktů,cs
Güçlü Ama Kırılgan,Skleněné dělo,cs
Güçlü Arkadaşlık,Vyrob si kamaráda,cs
Güçlü Şapkalar,Vražednější klobouky,cs
Găng Bảo Thạch,Zdobená pěstnice,cs
Găng Hư Không,Pěstnice Prázdnoty,cs
Găng Đạo Tặc,Zlodějské rukavice,cs
Găng Đấu Sĩ,Palčáky,cs
Găng Đấu Tập,Tréninkové rukavice,cs
Găsește-ți centrul de putere,Najdi své těžiště,cs
Gươm Biến Ảnh,Přízračná šavle,cs
Gậy Quá Khổ,Zbytečně dlouhá hůl,cs
Hacha de Fuego Infernal,Sekera pekelného ohně,cs
Hacha infernal,Sekera pekelného ohně,cs
Hachette infernale,Sekera pekelného ohně,cs
Haciendo Amistades,Vyrob si kamaráda,cs
Hadiösvény,Válečná stezka,cs
Hadúri dicsőség,Vojevůdcova čest,cs
Hai il mio arco,Máš můj luk,cs
Hai odată,Běž do toho,cs
Hajnalmag,Jádro úsvitu,cs
Halbleiter,Polovodič,cs
Halla tu Centro,Najdi své těžiště,cs
Halszálka,Rakeťák,cs
Halálosabb pengék,Vražednější čepele,cs
Halálosabb süvegek,Vražednější klobouky,cs
Halálpenge,Čepel smrti,cs
Hand Of Justice,Ruka spravedlnosti,cs
Hand der Gerechtigkeit,Ruka spravedlnosti,cs
Handelssektor,Obchodní sektor,cs
Handschuhe des Diebs,Zlodějské rukavice,cs
Hang Ổ Baron,Baronovo doupě,cs
Hanger fantomatic,Přízračná šavle,cs
Hard Commit,Neodvolatelná volba,cs
Hatalmas sorsolás,Epický výlov,cs
Hatalmas és erős,Velikost a síla,cs
Határtalan penge,Ostří nekonečna,cs
Haute tension,Vysoké napětí,cs
Hayat Deneyimi,Trpělivé studium,cs
Hayattan Bir Kesit,Pohodový život,cs
Hazine Avı,Lov pokladů,cs
Haşmetli Hydra,Titánská hydra,cs
Haşmetli Macera,Velkolepé dobrodružství,cs
Healing Orbs,Léčivá oka,cs
Heart of Steel,Srdce z oceli,cs
Heavy Is the Crown,Tíha koruny,cs
Hecho a medida,Exkluzivní úprava,cs
Hedef Kuklası,Cvičná loutka,cs
Hedefe Kilitlenen Optik,Zaměřovací optika,cs
Hedge Fund,Investiční fond,cs
Heilende Echos,Léčivé ozvěny,cs
Heilende Kugeln,Léčivá oka,cs
Heldenhafte Wundertüte,Hrdinská dárková taška,cs
Hellfire Hatchet,Sekera pekelného ohně,cs
Hemos venido a jugar,Riskantní tah,cs
Heraldo de Zeke,Zekeův posel,cs
Heraldo de las Tinieblas de Zeke,Zekeův pochmurný posel,cs
Heraldo desolador de Zeke,Zekeův pochmurný posel,cs
Herausforderer,Vyzyvatel,cs
Herausforderer-Emblem,Emblém Vyzyvatele,cs
Herausforderer-Modus,Soubojový režim,cs
Herb Dynastii Promiennej Tarczy,Erb Lightshieldů,cs
Herkesin Katili,Nevybíravý zabiják,cs
Heroic Grab Bag,Hrdinská dárková taška,cs
Heroiczna Torba z Różnościami,Hrdinská dárková taška,cs
Herold Zeke'a,Zekeův posel,cs
Herz aus Stahl,Srdce z oceli,cs
Heul doch …,Potok slz,cs
Hex Dorado de Yasuo,Yasuovo zlaté pole,cs
Hexagone doré de Yasuo,Yasuovo zlaté pole,cs
Hexagonul auriu al lui Yasuo,Yasuovo zlaté pole,cs
Hextech Gunblade,Magitechnická puškočepel,cs
Hextech Silahkılıç,Magitechnická puškočepel,cs
Hextech lőpenge,Magitechnická puškočepel,cs
Hextech-Gunblade,Magitechnická puškočepel,cs
Hexágono dorado de Yasuo,Yasuovo zlaté pole,cs
Hidra Titánica,Titánská hydra,cs
Hidra Titânica,Titánská hydra,cs
Hidra titanilor,Titánská hydra,cs
Hidra titánica,Titánská hydra,cs
Higany,Rtuť,cs
High Voltage,Vysoké napětí,cs
Hilfspaket,Dárkový balíček,cs
Hirte,Pastýř,cs
Hirte-Emblem,Emblém Pastýře,cs
Historia Powrotu do Chwały,Odražení ode dna,cs
Hivatásos bokszoló,Cena pro vítěze,cs
Hiçlik Değneği,Hůl Prázdnoty,cs
Hiçlik Eldiveni,Pěstnice Prázdnoty,cs
Hiện Thân Phản Chiếu,Zrcadlová osobnost,cs
Hiện Thân Phản Chiếu Cỡ Nhỏ,Menší Zrcadlová osobnost,cs
Hochspannung,Vysoké napětí,cs
Hoja de furia de Guinsoo,Guinsoova zuřivá čepel,cs
Hoja maldita,Prokleté ostří,cs
Hojas más letales,Vražednější čepele,cs
Hold the Line,Pevná linie,cs
Holofote Compartilhado do Yasuo,Yasuův Široký paprsek,cs
Honneur du Maître de guerre,Vojevůdcova čest,cs
Honor Watażki,Vojevůdcova čest,cs
Honor de señor de la guerra,Vojevůdcova čest,cs
Honor del Caudillo,Vojevůdcova čest,cs
Honra do Mestre da Guerra,Vojevůdcova čest,cs
Hordozható kohó,Přenosná kovárna,cs
Horizon Focus,Soustředěný horizont,cs
Horizont,Soustředěný horizont,cs
Horizontfokus,Soustředěný horizont,cs
Hortlak Palası,Přízračná šavle,cs
Hosszú távú befektetés,Dlouhodobá investice,cs
Hurdacının Lütfu,Kutilův dar,cs
Hurto,Zlodějíček,cs
Hustler,Chmaták,cs
Huy Hiệu Lightshield,Erb Lightshieldů,cs
Huyết Giá,Krev za krev,cs
Huyết Kiếm,Krvežíznivec,cs
Huyết Trượng Tha Hóa,Zrádné upírské žezlo,cs
Huyết Tế,Krvavá oběť,cs
Huấn Luyện Cận Vệ,Výcvik tělesného strážce,cs
Hydre titanesque,Titánská hydra,cs
Hàng Chờ Pandora,Pandořina střídačka,cs
Hàng Chờ Đấu Đôi,Tandemová fronta,cs
Hành Tinh,Vesmírný rytmus,cs
Hào Quang Của Ahri,Ahřina aura,cs
Hào Quang Nhân Vật Chính,Sdílená zbroj,cs
Hármak légiója,Legie tří,cs
Hármas kombó I.,Trojice,cs
Hátsó vonal tervrajza,Plán pro zadní řadu,cs
Hâkim,Soudce,cs
Hâkim Amblemi,Emblém Soudce,cs
Hình Nhân,Cvičná loutka,cs
Hình Nhân Hóa,"Marioneta, to jsem já",cs
Hình Nộm Va Chạm,Sebevražední panáci,cs
Hút Sinh Lực,Upírská vitalita,cs
Hücum Gürzü,Útočníkův řemdih,cs
Hükümdarın Seçimi,Požehnaný bohy,cs
Hırsız Eldiveni,Zlodějské rukavice,cs
Hırsız Çetesi,Tlupa zlodějů,cs
Hırsız Çetesi II,Tlupa zlodějů II,cs
Hızlı Başlangıç,Rychlý start,cs
Hızlı Yükseliş,Závěrečný spurt,cs
Hızlı İkide İki,Rychlý dvojzářez,cs
Hősies zsákbamacska,Hrdinská dárková taška,cs
Hướng Đến Hồi Kết,Specialista na závěrečnou fázi,cs
Hưởng Ké Hào Quang Yasuo,Yasuův Široký paprsek,cs
Hạ Đo Ván,Bušení,cs
Hắc Tinh,Temná hvězda,cs
Hố Đen Tí Hon,Mini černá díra,cs
Hủy Diệt,Vyhlazovač,cs
Ia arcul meu,Máš můj luk,cs
Idol interzis,Zapovězená modla,cs
Idole interdite,Zapovězená modla,cs
Idolo proibito,Zapovězená modla,cs
Idra titanica,Titánská hydra,cs
Időtörő,Ničitel času,cs
Időtörő embléma,Emblém Ničitele času,cs
Ikerőrzők,Strážná dvojice,cs
Il Drago dorato,Zlatý drak,cs
Il massimo con il minimo,Pečlivé ladění,cs
Il potente Mech,Mocný mech,cs
Illaoi,Illaoi,cs
Iluminare parțială,Částečné vyzdvižení,cs
Immer höher hinauf,Šplhání žebříčkem,cs
Impermeabile sospetto,Podezřelý pršiplášť,cs
Impianti cibernetici,Kybernetické implantáty,cs
Impianto empatico,Podpůrný implantát,cs
Implant Współczulny,Podpůrný implantát,cs
Implant cybernétique,Podpůrný implantát,cs
Implant empatic,Podpůrný implantát,cs
Implante Simpático,Podpůrný implantát,cs
Implante Solidário,Podpůrný implantát,cs
Implante simpático,Podpůrný implantát,cs
Implantes Cibernéticos,Kybernetické implantáty,cs
Implantes cibernéticos,Kybernetické implantáty,cs
Implants cybernétiques,Kybernetické implantáty,cs
Implanturi cibernetice,Kybernetické implantáty,cs
Implanty Cybernetyczne,Kybernetické implantáty,cs
Impossível Recusar,Běž do toho,cs
Improvisierte Rüstung,Provizorní zbroj,cs
Improwizowana Zbroja,Provizorní zbroj,cs
Impuesto Cognitivo,Kognitivní zátěž,cs
Impuesto cognitivo,Kognitivní zátěž,cs
In quattro e quattr'otto,Cenná posila,cs
Inactividad,AFK,cs
Inadaptados,Pestrá sebranka,cs
Inadaptați,Pestrá sebranka,cs
Inaktivitás,AFK,cs
Incantație continuă,Souvislé sesílání,cs
Indiscriminate Killer,Nevybíravý zabiják,cs
Indomable,Nezdolný,cs
Indomável,Nezdolný,cs
Infinity Edge,Ostří nekonečna,cs
Infinity Protection,Ochrana nekonečna,cs
Inicio Veloz,Rychlý start,cs
Inimă de oțel,Srdce z oceli,cs
Initiateur,Předvoj,cs
Innervating Locket,Medailon stimulace,cs
Instinct d'Evelynn,Evelynnin instinkt,cs
Instinctul lui Evelynn,Evelynnin instinkt,cs
Instinto de Evelynn,Evelynnin instinkt,cs
Instynkt Evelynn,Evelynnin instinkt,cs
Insígnia do Lumescudo,Erb Lightshieldů,cs
Intermediar,Prostředník,cs
Invadatorul Zed,Narušitel Zed,cs
Invader Zed,Narušitel Zed,cs
Invasión de Zed,Narušitel Zed,cs
Invasor Zed,Narušitel Zed,cs
Inversión,Investice,cs
Invested,Investice,cs
Investiert,Investice,cs
Investimento,Investice,cs
Investissement,Investice,cs
Investissement sur le futur,Prozíravost,cs
Investitura,Investice,cs
Investiție,Investice,cs
Inwestycja,Dlouhodobá investice,cs
Início Rápido,Rychlý start,cs
Ionic Spark,Iontová jiskra,cs
Ionischer Funke,Iontová jiskra,cs
Ionos szikra,Iontová jiskra,cs
Iron Assets,Železné vybavení,cs
Isteni párbajhős,Božský duelista,cs
Istennő könnycseppje,Slza bohyně,cs
Istenáldotta,Požehnaný bohy,cs
Istinto di Evelynn,Evelynnin instinkt,cs
Item Grab Bag,Dárková taška s předměty,cs
Itens de Pandora,Pandořiny předměty,cs
Iubire nezdruncinată,Nezlomné srdce,cs
Işıltılı Serseri,Zářivý rošťák,cs
Ja Gram Solo,Sólový postup,cs
Jaf,Zlodějíček,cs
Jaful componentelor,Loupež základních předmětů,cs
Jakim Kosztem,Za jakou cenu,cs
Jax,Jax,cs
Jaximus,Zamiř ke hvězdám,cs
Jeu de patience,Trpělivost je ctnost,cs
Jeweled Gauntlet,Zdobená pěstnice,cs
Jeweled Lotus,Zdobený květ,cs
Jhin,Jhin,cs
Jinx,Jinx,cs
Jogada Levemente Mágica,Mírně magický hod,cs
Jogada Mágica,Kouzelný hod,cs
Jogada de Urf,Urfův gambit,cs
Joia da Ruína,Klenot nákazy,cs
Jonowa Iskra,Iontová jiskra,cs
Jour de relance,Vybíravé výběry,cs
Joya Maldita,Klenot nákazy,cs
Joya de la plaga,Klenot nákazy,cs
Joyau putréfiant,Klenot nákazy,cs
Jugadas arriesgadas,Riskantní tah,cs
Juge stellaire,Soudce,cs
Juguito de Gorrito,Šťáva Cappa,cs
Juramento del Protector,Ochráncův slib,cs
Juramento do Cavaleiro,Rytířský slib,cs
Juramento do Protetor,Ochráncův slib,cs
Jurământul protectorului,Ochráncův slib,cs
Jus chapi-chapo,Šťáva Cappa,cs
Just Hit,Běž do toho,cs
Justice critique,Odplata,cs
Juwelenbesetzter Handschuh,Zdobená pěstnice,cs
Juwelenbesetzter Lotus,Zdobený květ,cs
Jó sorozat,Hvězdná obnova,cs
Jóbarát rendelésre,Postav si kámoše,cs
Jós,Věštec,cs
Jótékony visszhang,Léčivé ozvěny,cs
K. N. kard,K. V. meč,cs
K.W. Miecz,K. V. meč,cs
"KEIN UMSEHEN, KEIN WECHSELN",JEDU SI TO SVOJE,cs
Kaderbaz,Splétač osudu,cs
Kahraman Çekilişi,Hrdinská dárková taška,cs
Kahuna,Kahunahuna,cs
Kahunahuna,Kahunahuna,cs
Kai'Sa,Kai'Sa,cs
Kamekameha,Kahunahuna,cs
Kamienna Płyta Gargulca,Chrličův kamenný plát,cs
Kamizelka Cierniowa,Ostnatá vesta,cs
Kamizelka Kolcza,Kroužková vesta,cs
Kampfhandschuhe,Tréninkové rukavice,cs
Kan Adağı,Krvavá oběť,cs
Kan Bedeli,Krev za krev,cs
Kanalisierer,Prostředník,cs
Kanalisierermodus,Režim Prostředník,cs
Kanasusamış,Krvežíznivec,cs
Kanciarz,Chmaták,cs
Kapelusze Zabójcze jak Nigdy,Vražednější klobouky,cs
Karanlık Leydi,Temná paní,cs
Kararlı Yürek,Nezlomné srdce,cs
Karayel,Vánek,cs
Kardkovács,Výrobce mečů,cs
Kardszállítmány,Přebytek mečů,cs
Karma,Karma,cs
Kayle felmagasztosulása,Kaylino povznesení,cs
Kayle ragyogó felmagasztosulása,Kaylino zářivé povznesení,cs
Kayle áldása,Kaylin dar,cs
Kayle's Boon,Kaylin dar,cs
Kayle's Exaltation,Kaylino povznesení,cs
Kayle's Radiant Exaltation,Kaylino zářivé povznesení,cs
Kayle'ın Işıltılı Yüceliği,Kaylino zářivé povznesení,cs
Kayle'ın Lütfu,Kaylin dar,cs
Kayle'ın Yüceliği,Kaylino povznesení,cs
Kayles Hochgefühl,Kaylino povznesení,cs
Kayles Segen,Kaylin dar,cs
Kayles strahlendes Hochgefühl,Kaylino zářivé povznesení,cs
Kaz Gelecek Yerden...,Riskantní tah,cs
Kedi Olalı Bir Fare,Aspoň k něčemu,cs
Kedvez a szerencse,Úsměv štěstěny,cs
Kefaret Ruhu,Duch odplaty,cs
Kelch der Macht,Pohár moci,cs
Kemer Fazlalığı,Pevné opasky,cs
Kereskedelmi központ,Jádro obchodu,cs
Keresők karvértje,Stopařčin chránič,cs
Keskin Nişancı,Odstřelovač,cs
Keskin Nişancı Amblemi,Emblém Odstřelovače,cs
Kettenweste,Kroužková vesta,cs
Keşif Gezisi,Expedice,cs
Khiên Hoàng Hôn,Štít soumraku,cs
Khiên Hừng Đông,Štít úsvitu,cs
Khiên Đơn Đấu,Sólový plát,cs
Kho Báu Chôn Giấu,Zakopané poklady,cs
Kho Báu Sắt,Železné vybavení,cs
Khu Giao Dịch,Obchodní sektor,cs
Khuyến Mãi Kinh Nghiệm,Nová úroveň!,cs
Khéo Tay Hay Làm,Zručná výroba,cs
Khảm Bảo Thạch,Zdobený květ,cs
Khế Ước Vĩnh Hằng,Věčná dohoda,cs
Khổng Lồ Hóa,Drobní titáni,cs
Khổng Lồ Tí Hon,Nejtitěrnější titán,cs
Khởi Động Nhanh,Rychlý start,cs
Kibernetikus fellövő,Kybernetická linka,cs
Kibernetikus implantátumok,Kybernetické implantáty,cs
Kick Start,Rychlý start,cs
Kickstart,Rychlý start,cs
"Kicsi, de halálos","Drobní, ale vražední",cs
Kihívó,Vyzyvatel,cs
Kihívó embléma,Emblém Vyzyvatele,cs
Kihívó mód,Soubojový režim,cs
Kiirtó,Vyhlazovač,cs
Kim Long,Zlatý drak,cs
Kimaxolt összeállítás,Vrcholná sestava,cs
Kincsvadászat,Lov pokladů,cs
Kindred,Kindred,cs
Kiralık Katil,Nájemný zabiják,cs
Kis zsákbamacska,Malá dárková taška,cs
Kiên Nhẫn Của Ekko,Ekkova trpělivost,cs
Kiên Nhẫn Học Tập,Trpělivé studium,cs
Kiên Nhẫn Là Một Đức Tính,Trpělivost je ctnost,cs
Kişiselleştirme Fırsatı,Exkluzivní úprava,cs
Kiếm B.F.,K. V. meč,cs
Kiếm Cong,Prokleté ostří,cs
Kiếm Súng Hextech,Magitechnická puškočepel,cs
Kiếm Tai Ương,Zhouba lichů,cs
Kiếm Thuật Của Yasuo,Yasuovo mistrovství meče,cs
Kiếm Tử Thần,Vražednější čepele,cs
Kiếm Tử Thần,Čepel smrti,cs
Klarer Geist,Čistá mysl,cs
Klaue des Meuchlers,Lovcův dráp,cs
Kleine Freunde,Malí kámoši,cs
Kleine Wundertüte,Malá dárková taška,cs
Kleine gespiegelte Persona,Menší Zrcadlová osobnost,cs
Kleines schwarzes Loch,Mini černá díra,cs
Klejnot Rozpadu,Klenot nákazy,cs
Klinge der Unendlichkeit,Ostří nekonečna,cs
Klinge des Todes,Čepel smrti,cs
Klonprogramm,Replikace,cs
Kluftkrabbler,Říční krab,cs
Knallhart,Sdílená zbroj,cs
Knight's Vow,Rytířský slib,cs
Kognitive Steuer,Kognitivní zátěž,cs
Kognitive Überladung,Kognitivní přetížení,cs
Kognitív teher,Kognitivní zátěž,cs
Kognitív túlterhelés,Kognitivní přetížení,cs
Kolejka Duo,Tandemová fronta,cs
Koleżcy,Malí kámoši,cs
Kolosalna Hydra,Titánská hydra,cs
Kommandant,Velitel,cs
Kommerzkern,Jádro obchodu,cs
Komponentenraub,Loupež základních předmětů,cs
Komutan,Velitel,cs
Koniec Rozumu,Nouzová,cs
Konserwator Biomaterii,Konzervátor biomateriálu,cs
Konto Oszczędnościowe,Spořicí účet,cs
Kopyalama Süreci,Replikace,cs
Korai tanulságok,Úvodní poznatky,cs
Korbacz Napastnika,Útočníkův řemdih,cs
Korona Taktyka,Taktikova koruna,cs
Korona Zawsze Będzie Ciążyć,Tíha koruny,cs
Koronaőr,Korunní stráž,cs
Korozja,Koroze,cs
Korozyon,Koroze,cs
Korrosion,Koroze,cs
Korrózió,Koroze,cs
Korszak,Epocha,cs
Koruma Eğitimi,Výcvik tělesného strážce,cs
Koruyucunun Müttefiki,Opatrovníkův spojenec,cs
Kosa Statikka,Statikkova kudla,cs
Kosmiczny Restart,Kosmický restart,cs
Kosmischer Neubeginn,Kosmický restart,cs
Kosmofaza,Vesmírný rytmus,cs
Kostur Archanioła,Archandělova hůl,cs
Kostur Pustki,Hůl Prázdnoty,cs
Kostur Serafina,Serafínova hůl,cs
Kosturnik,Výrobce holí,cs
Kovácsolj barátot,Vyrob si kamaráda,cs
Kozmik Başlangıç,Kosmický restart,cs
Kozmikus újraindítás,Kosmický restart,cs
Kraken'in Öfkesi,Krakenův hněv,cs
Kraken's Fury,Krakenův hněv,cs
Kraliyet Başlığı,Korunní stráž,cs
Kriegsbeil des Höllenfeuers,Sekera pekelného ohně,cs
Kriegspfad,Válečná stezka,cs
Kritik Başarı,Kritický úspěch,cs
Kritikus siker,Kritický úspěch,cs
Kritischer Erfolg,Kritický úspěch,cs
Krone des Taktikers,Taktikova koruna,cs
Kronwacht,Korunní stráž,cs
Krwiopijec,Krvežíznivec,cs
Krytyczny Sukces,Kritický úspěch,cs
Księga Cech,Kniha vlastností,cs
Kuchnia Taktyka,Taktikova kuchyně,cs
Kukiełka Cienia,Stínová loutka,cs
Kukla Yağmuru!,Sebevražední panáci,cs
Kuklaya Dönüştür,"Marioneta, to jsem já",cs
Kukła Treningowa,Cvičná loutka,cs
Kukły do Testów Wypadkowych,Sebevražední panáci,cs
Kule,Věž,cs
Kusursuzluk Arayışı,Pečlivé ladění,cs
Kybernetische Implantate,Kybernetické implantáty,cs
Kybernetische Verbindung,Kybernetická linka,cs
Kártyacsomag,Posilovací balíček,cs
Kâhin,Věštec,cs
Kék erősítés,Modrý buff,cs
Kích Cỡ Là Quan Trọng,Na velikosti záleží,cs
Kính Khóa Mục Tiêu,Zaměřovací optika,cs
Kính Nhắm Ma Pháp,Soustředěný horizont,cs
Könnyek patakja,Potok slz,cs
Könyörtelen költség,Zákeřná monetizace,cs
Kötü Niyetli Kazanç,Zákeřná monetizace,cs
Kötü Yazılım Matrisi,Malwarová matice,cs
Közös gyakorlás,"Marioneta, to jsem já",cs
Küldetés újrakezdése,Restartování mise,cs
Küçük Benlik Aynası,Menší Zrcadlová osobnost,cs
Kılavuz,Pastýř,cs
Kılavuz Amblemi,Emblém Pastýře,cs
Kılçık,Rakeťák,cs
Kılıç Fazlalığı,Přebytek mečů,cs
Kılıç İşçisi,Výrobce mečů,cs
Kırmızı Güçlendirme,Červený buff,cs
Kısmen Büyülü Zar,Mírně magický hod,cs
Kısmi Yükseliş,Částečné vyzdvižení,cs
Kıymetli Metaller,Železné vybavení,cs
Kızartma Tavası,Litinová pánev,cs
Kẻ Sống Sót,Nezdolný,cs
Kết Nối Drone,Dronová linka,cs
Kết Nối Gián Đoạn,Ztracené konexe,cs
Kề Vai Sát Cánh,Držíme pospolu,cs
Kỳ Vọng Bất Ngờ,Očekávaná neočekávanost,cs
Kỷ Nguyên,Epocha,cs
L'Albero dei tratti,Strom vlastností,cs
L'amour du risque,Riskantní tah,cs
L'atteso inaspettato,Očekávaná neočekávanost,cs
L'indomabile,Nezdolný,cs
L'indomptable,Nezdolný,cs
L'onore del Signore della guerra,Vojevůdcova čest,cs
L'uovo dorato,Zlaté vejce,cs
La Bramasangue,Krvežíznivec,cs
La Paciencia es una Virtud,Trpělivost je ctnost,cs
La Sanguinaria,Krvežíznivec,cs
La Torre,Věž,cs
La Tour,Věž,cs
La cumpărături,Nákupní horečka,cs
La espera merece la pena,Vyplatí se čekat,cs
La fortuna te sonríe,Úsměv štěstěny,cs
La legge della mazza,Vůle palcátu,cs
La paciencia es una virtud,Trpělivost je ctnost,cs
La pazienza è una virtù,Trpělivost je ctnost,cs
La torre,Věž,cs
La trama lo protege,Sdílená zbroj,cs
La unión hace la fuerza,Sehraný tým,cs
Lacrima della dea,Slza bohyně,cs
Lacrima zeiței,Slza bohyně,cs
Lacrimi curgătoare,Kanoucí slzy,cs
Ladino,Odpadlík,cs
Ladungstransfer,Přenos náboje,cs
Lama maledetta,Prokleté ostří,cs
Lama mortale,Čepel smrti,cs
Lame d'infini,Ostří nekonečna,cs
Lame enragée de Guinsoo,Guinsoova zuřivá čepel,cs
Lame funeste,Čepel smrti,cs
Lame maudite,Prokleté ostří,cs
Lame più letali,Vražednější čepele,cs
Lame rotanti,Blikavé čepele,cs
Lames tueuses,Vražednější čepele,cs
Lance de Shojin,Oštěp Šódžinu,cs
Lancea lui Shojin,Oštěp Šódžinu,cs
Lancer de dés,Očekávaná neočekávanost,cs
Lancia di Shojin,Oštěp Šódžinu,cs
Lanetli Kılıç,Prokleté ostří,cs
Lanetli Taç,Prokletá koruna,cs
Lanterna di Thresh,Threshova lucerna,cs
Lanterna do Thresh,Threshova lucerna,cs
Lanterne de Thresh,Threshova lucerna,cs
Lanza de Shojin,Oštěp Šódžinu,cs
Lança de Shojin,Oštěp Šódžinu,cs
Largo plazo,Dlouhodobá investice,cs
Larme de la déesse,Slza bohyně,cs
Larmes à gogo,Kanoucí slzy,cs
Last Whisper,Poslední zašeptání,cs
Lastrapietra del gargoyle,Chrličův kamenný plát,cs
Latarnia Thresha,Threshova lucerna,cs
Late Game Scaling,Zesílení do závěru hry,cs
Late Game Specialist,Specialista na závěrečnou fázi,cs
Latent Forge,Čekající kovárna,cs
Latente Schmiede,Čekající kovárna,cs
Le Méga-mecha,Mocný mech,cs
Le dimensioni contano,Na velikosti záleží,cs
Le prix du sang,Peníze na oběd,cs
LeBlanc,LeBlanc,cs
Lebende Schmiede,Živoucí kovárna,cs
Lecciones de Boxeo,Lekce v boxu,cs
Lecsapó buzogány,Útočníkův řemdih,cs
Leczące Echo,Léčivé ozvěny,cs
Leczące Kule,Léčivá oka,cs
Lecții de box,Lekce v boxu,cs
Leerenhandschuh,Pěstnice Prázdnoty,cs
Leerenstab,Hůl Prázdnoty,cs
Legion Trójek,Legie tří,cs
Legion of Threes,Legie tří,cs
Legione dei tre,Legie tří,cs
Legiunea de trei,Legie tří,cs
Legião de Três,Legie tří,cs
Legión de Tres,Legie tří,cs
Legión del tres,Legie tří,cs
Legjobb barátok,Nejlepší přátelé,cs
Legământul cavalerului,Rytířský slib,cs
Legături ratate,Ztracené konexe,cs
Leibwache-Training,Výcvik tělesného strážce,cs
Lekko Magiczny Rzut,Mírně magický hod,cs
Lekésett csatlakozás,Ztracené konexe,cs
Lelkek ébredése,Probuzení duše,cs
Lendületes kezdés,Rychlý start,cs
Lenyúlás,Zlodějíček,cs
Leo Hạng,Šplhání žebříčkem,cs
Leona,Leona,cs
Lesser Mirrored Persona,Menší Zrcadlová osobnost,cs
Letzter Atemzug,Poslední zašeptání,cs
Level Up!,Nová úroveň!,cs
Leveleando en solitario,Sólový postup,cs
Lezioni di pugilato,Lekce v boxu,cs
Leçons de combat,Úvodní poznatky,cs
Leże Barona,Baronovo doupě,cs
Liaison cybernétique,Kybernetická linka,cs
Liaison de drone,Dronová linka,cs
Lich Bane,Zhouba lichů,cs
Lich Boğan,Zhouba lichů,cs
Lichtschild-Wappen,Erb Lightshieldů,cs
Lightshield Arması,Erb Lightshieldů,cs
Lightshield Crest,Erb Lightshieldů,cs
Ligne de front,Lekce v boxu,cs
Limiar da Noite,Přelom noci,cs
Limite da Razão,Nouzová,cs
Linceul d'apaisement,Rouška nehybnosti,cs
Linceul de la congruence,Večerháv,cs
Lineup,Nástup,cs
Linh Hoạt,Flexibilita,cs
Linh Hồn Chuộc Tội,Duch odplaty,cs
Linh Thú Vào Bếp,Taktikova kuchyně,cs
Linie de înaltă tensiune,Vysoké napětí,cs
Linterna de Thresh,Threshova lucerna,cs
Liquidación,Ohnivý výprodej,cs
Lissandra,Lissandra,cs
Listă duo,Tandemová fronta,cs
Lithoplastron de gargouille,Chrličův kamenný plát,cs
Lithoplastron solo,Sólový plát,cs
Little Buddies,Malí kámoši,cs
Living Forge,Živoucí kovárna,cs
Liên Hoàn Tinh Tú,Hvězdné kombo,cs
Llamada al caos,Výzva chaosu,cs
Llamado al Caos,Výzva chaosu,cs
Llora Todo lo que Quieras,Potok slz,cs
Locket of the Iron Solari,Medailónek železných Solari,cs
Longo Prazo,Dlouhodobá investice,cs
Loto Adornado,Zdobený květ,cs
Loto enjoyado,Zdobený květ,cs
Loto ingioiellato,Zdobený květ,cs
Lottatore professionista,Cena pro vítěze,cs
Lotus cu nestemate,Zdobený květ,cs
Lotus précieux,Zdobený květ,cs
Lourde est la couronne,Tíha koruny,cs
Lovagi eskü,Rytířský slib,cs
Luchador,Rváč,cs
Lucidité,Čistá mysl,cs
Lucky Gloves,Rukavice pro štěstí,cs
Luden vihara,Ludenova bouře,cs
Luden'in Çığlığı,Ludenova bouře,cs
Luden's Tempest,Ludenova bouře,cs
Ludens Sturm,Ludenova bouře,cs
Luksusowa Subskrypcja,Luxusní předplatné,cs
Lulu,Lulu,cs
Lumina stelelor,Hvězdopravec,cs
Lunch Money,Peníze na oběd,cs
Lunetist,Odstřelovač,cs
Lungimiranza,Prozíravost,cs
Lustrzana Osobowość,Zrcadlová osobnost,cs
Lutador,Rváč,cs
Lutador Profissional,Cena pro vítěze,cs
Luvas da Sorte,Rukavice pro štěstí,cs
Luvas do Ladrão,Zlodějské rukavice,cs
Luvas do Pugilista,Tréninkové rukavice,cs
Luvinhas,Palčáky,cs
Luxury Subscription,Luxusní předplatné,cs
Luxus előfizetés,Luxusní předplatné,cs
Luxus-Abonnement,Luxusní předplatné,cs
Lá Chắn Chiến Thuật,Taktikův štít,cs
Lábrate un camino,Prosekání cesty,cs
Lágrima da Deusa,Slza bohyně,cs
Lágrima de la Diosa,Slza bohyně,cs
Lágrima de la diosa,Slza bohyně,cs
Lágrimas Abundantes,Kanoucí slzy,cs
Lángoló kohó,Živoucí kovárna,cs
Lâmina Amaldiçoada,Prokleté ostří,cs
Lâmina Mortal,Čepel smrti,cs
Lâmina da Fúria de Guinsoo,Guinsoova zuřivá čepel,cs
Lâminas Fatais,Vražednější čepele,cs
Légion des trois,Legie tří,cs
Lélek,Anima,cs
Lélek embléma,Emblém Animy,cs
Lélekparancsnok,Velitelka Animy,cs
Lò Rèn Thăng Hoa,Apoteotická kovárna,cs
Lò Rèn Thần Thoại,Přenosná kovárna,cs
Lò Rèn Tiềm Ẩn,Čekající kovárna,cs
Lótus Adornada,Zdobený květ,cs
Lõi Bình Minh,Jádro úsvitu,cs
Lüks Aboneliği,Luxusní předplatné,cs
Lấy Công Bù Thủ,Skleněné dělo,cs
Lập Đội,Sehraný tým,cs
Lễ Vật Tái Chế,Kutilův dar,cs
Lệ Lưu Ly,Kanoucí slzy,cs
Lệch Chuẩn,Pestrá sebranka,cs
Lồng Đèn Của Thresh,Threshova lucerna,cs
Lời Thề Hiệp Sĩ,Rytířský slib,cs
Lời Thề Hộ Vệ,Ochráncův slib,cs
Lựa Chọn Độc Quyền,Exkluzivní úprava,cs
M.C. Spada,K. V. meč,cs
Ma Thuật Đan Kết,Splétaná magie,cs
Ma Trận Mã Độc,Malwarová matice,cs
Mace's Will,Vůle palcátu,cs
Maceracının Pazubendi,Stopařčin chránič,cs
Machadinha Infernal,Sekera pekelného ohně,cs
Maestro Yi,Mistr Yi,cs
Magasfeszültség,Vysoké napětí,cs
Magasztos kaland,Velkolepé dobrodružství,cs
Magia Tejida,Splétaná magie,cs
Magia entretejida,Splétaná magie,cs
Magiczny Rzut,Kouzelný hod,cs
Magie întrepătrunsă,Splétaná magie,cs
Mailles en or,Zlatý drak,cs
Main de la justice,Ruka spravedlnosti,cs
Makeshift Armor,Provizorní zbroj,cs
Mal Kurtarma,Recyklátor,cs
Malandro Radiante,Zářivý rošťák,cs
Maldición del Liche,Zhouba lichů,cs
Mali Tytani,Drobní titáni,cs
Malicious Monetization,Zákeřná monetizace,cs
Malware Matrix,Malwarová matice,cs
Malware-Matrix,Malwarová matice,cs
Mana magique,Splétaná magie,cs
Manechin de antrenament,Cvičná loutka,cs
Manechine animate,Sebevražední panáci,cs
Manechinizare,"Marioneta, to jsem já",cs
Mangual del Guerrero,Útočníkův řemdih,cs
Mangual del guerrero,Útočníkův řemdih,cs
Mangual do Guerreiro,Útočníkův řemdih,cs
Mannequin d'entraînement,Cvičná loutka,cs
Mannequinification,"Marioneta, to jsem já",cs
Mannequins de choc,Sebevražední panáci,cs
Mano de la Justicia,Ruka spravedlnosti,cs
Mano de la justicia,Ruka spravedlnosti,cs
Mano della giustizia,Ruka spravedlnosti,cs
Manopla Adornada,Zdobená pěstnice,cs
Manopla do Vazio,Pěstnice Prázdnoty,cs
Manteau de Négatron,Negatronový plášť,cs
Manteau de la nuit,Přelom noci,cs
Mantello del Sole,Plášť slunečního žáru,cs
Mantello dello stratega,Taktikův plášť,cs
Mantello di Negatron,Negatronový plášť,cs
Mantenerse unidos,Stůjme při sobě,cs
Mantenha a Posição,Pevná linie,cs
Manter a União,Stůjme při sobě,cs
Mantia tacticianului,Taktikův plášť,cs
Mantie Negatron,Negatronový plášť,cs
Mantie solară,Plášť slunečního žáru,cs
Manto da Imobilidade,Rouška nehybnosti,cs
Manto de Quietud,Rouška nehybnosti,cs
Manto del Ocaso,Večerháv,cs
Mantén la Posición,Pevná linie,cs
Maokai,Maokai,cs
Maratona de Compras,Nákupní horečka,cs
Marauder,Žoldnéř,cs
Marauder Emblem,Emblém Žoldnéře,cs
Maraudeur,Žoldnéř,cs
Marchando un doble,Viděti dvojmo,cs
Mare și amenințătoare,Velikost a síla,cs
Marguereep,Mipík,cs
Marioneta Sombría,Stínová loutka,cs
Marioneta en las sombras,Stínová loutka,cs
Marionete das Sombras,Stínová loutka,cs
Marodeur,Žoldnéř,cs
Marodeur-Emblem,Emblém Žoldnéře,cs
Martalóc,Žoldnéř,cs
Martalóc embléma,Emblém Žoldnéře,cs
Maruderzy,Žoldnéř,cs
Master Yi,Mistr Yi,cs
Masz Mój Łuk,Máš můj luk,cs
Mata-Gigantes,Zabiják obrů,cs
Matador de Aluguel,Nájemný zabiják,cs
Matrice,Malwarová matice,cs
Matrice malware,Malwarová matice,cs
Matriz de Malware,Malwarová matice,cs
Matriz de malware,Malwarová matice,cs
Matryca Wirusa,Malwarová matice,cs
Mavi Güçlendirme,Modrý buff,cs
Max Build,Vrcholná sestava,cs
Maximale Ausrüstung,Vrcholná sestava,cs
May the Fours Be With You,Vražední čtveráci,cs
Mazzafrusto dell'Assaltatore,Útočníkův řemdih,cs
Maître Yi,Mistr Yi,cs
Maîtrise de l'artisanat,Zručná výroba,cs
Maîtrise de l'épée de Yasuo,Yasuovo mistrovství meče,cs
Mała Torba z Różnościami,Malá dárková taška,cs
"Małe, Ale Zabójcze","Drobní, ale vražední",cs
Mecha,Mech,cs
Mechanikus gyorsító,Mechanický urychlovač,cs
Mechy,Mech,cs
Medaglione dei Solari di ferro,Medailónek železných Solari,cs
Medaglione diramante,Medailon stimulace,cs
Medalhão Enervante,Medailon stimulace,cs
Medalhão dos Solari de Ferro,Medailónek železných Solari,cs
Medalion stimulant,Medailon stimulace,cs
Medallón de los Solari,Medailónek železných Solari,cs
Medallón estimulante,Medailon stimulace,cs
Mediator,Soudce,cs
Medyum,Prostředník,cs
Medyum Modu,Režim Prostředník,cs
Meep Cực Tốc,Termipnální rychlost,cs
Meeple,Miplík,cs
Meeple Emblem,Emblém Miplíka,cs
Meeple-Emblem,Emblém Miplíka,cs
Meeplo,Miplík,cs
Meepsie,Mipík,cs
Megamecha,Mocný mech,cs
Megamorfosis,Rekombobulátor,cs
Megrontott vámpírjogar,Zrádné upírské žezlo,cs
Megszálló Zed,Narušitel Zed,cs
Megtorlás,Odplata,cs
Megváltó,Spasitel,cs
Megéri a várakozást,Vyplatí se čekat,cs
Megújult erő,Druhý dech,cs
Meilleurs amis,Nejlepší přátelé,cs
Mejora Roja,Červený buff,cs
Mejora azul,Modrý buff,cs
Mejora roja,Červený buff,cs
Mejores Amigos,Nejlepší přátelé,cs
Mejores amiguis,Nejlepší přátelé,cs
Meka,Mech,cs
Mekanik Hızlandırıcı,Mechanický urychlovač,cs
Melek Asası,Serafínova hůl,cs
Melhores Amigos,Nejlepší přátelé,cs
Mellékhatások,Vedlejší účinky,cs
Mending Echoes,Léčivé ozvěny,cs
Mente Despejada,Čistá mysl,cs
Mente Saturada,Zaneprázdněná mysl,cs
Mente Vazia,Čistá mysl,cs
Mente confusa,Zaneprázdněná mysl,cs
Mente despejada,Čistá mysl,cs
Mente lucida,Čistá mysl,cs
Mente saturada,Zaneprázdněná mysl,cs
Mercure,Rtuť,cs
Mercúrio,Rtuť,cs
Merită așteptarea,Vyplatí se čekat,cs
Merkezini Bul,Najdi své těžiště,cs
Merodeador,Žoldnéř,cs
Merész húzás,Riskantní tah,cs
Mesada,Peníze na oběd,cs
Messa in moto,Rychlý start,cs
Mesterlövész,Odstřelovač,cs
Mesterlövész embléma,Emblém Odstřelovače,cs
Meu Arco é Seu,Máš můj luk,cs
Meșter de săbii,Výrobce mečů,cs
Meșter de toiege,Výrobce holí,cs
Mi arco a tu servicio,Máš můj luk,cs
Mici titani,Drobní titáni,cs
Mici și letale,"Drobní, ale vražední",cs
Micincik,Mipík,cs
Micingil,Miplík,cs
Micingil Amblemi,Emblém Miplíka,cs
Miecz-Pistolet Hextech,Magitechnická puškočepel,cs
Miecznik,Výrobce mečů,cs
Mieczowy Przesyt,Přebytek mečů,cs
Miezul zorilor,Jádro úsvitu,cs
Migliori amici,Nejlepší přátelé,cs
Migoczące Ostrze,Blikavé čepele,cs
Milagre de Soraka,Soračin zázrak,cs
Milagro de Soraka,Soračin zázrak,cs
Milio,Milio,cs
Min-Max,Pečlivé ladění,cs
Min-max,Pečlivé ladění,cs
Mindent egyre,Běž do toho,cs
Mini Black Hole,Mini černá díra,cs
Mini Buco nero,Mini černá díra,cs
Mini Czarna Dziura,Mini černá díra,cs
Mini Kara Delik,Mini černá díra,cs
Mini Titani,Drobní titáni,cs
Mini fekete lyuk,Mini černá díra,cs
Mini gaură neagră,Mini černá díra,cs
Mini trou noir,Mini černá díra,cs
Mini-Tacticien,Nejtitěrnější titán,cs
Miniagujero Negro,Mini černá díra,cs
Miniburaco Negro,Mini černá díra,cs
Minik Ama Ölümcül,"Drobní, ale vražední",cs
Minik Devler,Drobní titáni,cs
Minik Dostlar,Malí kámoši,cs
Minititanes,Drobní titáni,cs
Minititã,Nejtitěrnější titán,cs
Minte aglomerată,Zaneprázdněná mysl,cs
Minte limpede,Čistá mysl,cs
Mip,Miplík,cs
Mipim,Mipík,cs
Mipo,Miplík,cs
Mippino,Mipík,cs
Mira Óptica,Zaměřovací optika,cs
Miracle de Soraka,Soračin zázrak,cs
Miracolo di Soraka,Soračin zázrak,cs
Miracolul Sorakăi,Soračin zázrak,cs
Mirrored Persona,Zrcadlová osobnost,cs
Misfits,Pestrá sebranka,cs
Misiune în acțiune,Restartování mise,cs
Miss Fortune,Miss Fortune,cs
Missed Connections,Ztracené konexe,cs
Mitones,Palčáky,cs
Mittens,Palčáky,cs
Mniejsza Lustrzana Osobowość,Menší Zrcadlová osobnost,cs
Mniejszy Tytan,Nejtitěrnější titán,cs
Mobilidade Crescente,Vytrvalý vzestup,cs
Mobilità aumentata,Vytrvalý vzestup,cs
Modalità Convogliatore,Režim Prostředník,cs
Modalità replicante,Replikační režim,cs
Modalità sfidante,Soubojový režim,cs
Mode Canalisateur,Režim Prostředník,cs
Mode Challenger,Soubojový režim,cs
Mode Réplicateur,Replikační režim,cs
Modo Canalizador,Režim Prostředník,cs
Modo Conduíte,Režim Prostředník,cs
Modo Desafiante,Soubojový režim,cs
Modo Replicador,Replikační režim,cs
Modo Retador,Soubojový režim,cs
Modo conducto,Režim Prostředník,cs
Modo contienda,Soubojový režim,cs
Modo réplica,Replikační režim,cs
Modul de competitor,Soubojový režim,cs
Modul de intermediar,Režim Prostředník,cs
Modul de replicator,Replikační režim,cs
Mon arc est vôtre,Máš můj luk,cs
Monetización Maligna,Zákeřná monetizace,cs
Monetización malvada,Zákeřná monetizace,cs
Monetizare ostilă,Zákeřná monetizace,cs
Monetização Maliciosa,Zákeřná monetizace,cs
Monetizzazione infida,Zákeřná monetizace,cs
Money Hungry,Nenasytnost,cs
Money Monsoon,Zlatý monzun,cs
Monsoni sonanti,Zlatý monzun,cs
Monte um Amigo,Postav si kámoše,cs
Monzón Millonario,Zlatý monzun,cs
Monzón de oro,Zlatý monzun,cs
Monção Monetária,Zlatý monzun,cs
Monétisation malveillante,Zákeřná monetizace,cs
Mordekaiser,Mordekaiser,cs
Morellonomicon,Morellonomicon,cs
Morellonomicón,Morellonomicon,cs
Morellonomikon,Morellonomicon,cs
Morgana,Morgana,cs
Mortaja de la quietud,Večerháv,cs
Mosse rischiose,Riskantní tah,cs
Moufles,Palčáky,cs
Movimentos Arriscados,Riskantní tah,cs
Mroczna Dama,Temná paní,cs
Mroczne Gwiazdy,Temná hvězda,cs
Mudando de Área,Rozvětvení,cs
Muffole,Palčáky,cs
Muhafızın Adağı,Ochráncův slib,cs
Muhteşem Meka,Mocný mech,cs
Muson de bani,Zlatý monzun,cs
Mutări riscante,Riskantní tah,cs
Muñeco de Entrenamiento,Cvičná loutka,cs
Muñecos de Prueba para Choques,Sebevražední panáci,cs
Myślenie Przyszłościowe,Prozíravost,cs
Mártírerény,Mučedníkova ctnost,cs
Másolás,Replikace,cs
Másoló,Replikátor,cs
Másoló mód,Replikační režim,cs
Máy Móc,Mech,cs
Mâna justiției,Ruka spravedlnosti,cs
Mão da Justiça,Ruka spravedlnosti,cs
Médaillon d'excitation,Medailon stimulace,cs
Médaillon de l'Iron Solari,Medailónek železných Solari,cs
Mételyékkő,Klenot nákazy,cs
Mínimo - Máximo,Pečlivé ladění,cs
Mínimo/Máximo,Pečlivé ladění,cs
Món Quà Ngọt Ngào,Slaďounké dobroty,cs
Móng Vuốt Sterak,Sterakova zástava,cs
Móng Vuốt Ám Muội,Lovcův dráp,cs
Mögen die Vier mit dir sein,Vražední čtveráci,cs
Mücevherli Eldiven,Zdobená pěstnice,cs
Mücevherli Nilüfer,Zdobený květ,cs
Müdafi,Bašta,cs
Müdafi Amblemi,Emblém Bašty,cs
Mănușa Vidului,Pěstnice Prázdnoty,cs
Mănușa cu nestemate,Zdobená pěstnice,cs
Mănuși de antrenament,Tréninkové rukavice,cs
Mănuși norocoase,Rukavice pro štěstí,cs
Mănuși strașnice,Palčáky,cs
Mănușile tâlharului,Zlodějské rukavice,cs
Mărimea contează,Na velikosti záleží,cs
Mũ Phù Thủy Rabadon,Rabadonův smrtící klobouk,cs
Mũ Thích Nghi,Přizpůsobivá přilba,cs
Mũ Tử Thần,Vražednější klobouky,cs
"Một Bùa, Hai Bùa","Jeden buff, dva buffy",cs
Một Hai Ba,"Jedna, dva, tři",cs
"Một, Hai, Năm!","Raz, dva, pět!",cs
Mở Lối,Prosekání cesty,cs
N.O.V.A,N.O.V.A.,cs
N.O.V.A.,N.O.V.A.,cs
N.O.V.A. Amblemi,Emblém N.O.V.A.,cs
N.O.V.A. Emblem,Emblém N.O.V.A.,cs
N.O.V.A. embléma,Emblém N.O.V.A.,cs
N.O.V.A. 상징,Emblém N.O.V.A.,cs
N.O.V.A.-Emblem,Emblém N.O.V.A.,cs
N.O.V.A.の紋章,Emblém N.O.V.A.,cs
N.O.V.A.徽章,Emblém N.O.V.A.,cs
NHẮM MẮT CHƠI BỪA,JEDU SI TO SVOJE,cs
NO SCOUT NO PIVOT,JEDU SI TO SVOJE,cs
Nach dem Himmel greifen,Zamiř ke hvězdám,cs
Nada Się,Aspoň k něčemu,cs
Nagy zsákbamacska,Velká dárková taška,cs
Nagy ölelés I.,Společné objetí,cs
Najeźdźca Zed,Narušitel Zed,cs
Najlepsi Przyjaciele,Nejlepší přátelé,cs
Nami,Nami,cs
Nanh Nashor,Nashorův tesák,cs
Naptűz köpeny,Plášť slunečního žáru,cs
Naptűz tábla,Plocha slunečního žáru,cs
Naramiennik Poszukiwacza,Stopařčin chránič,cs
Narratív védelem,Sdílená zbroj,cs
Nashor foga,Nashorův tesák,cs
Nashor's Tooth,Nashorův tesák,cs
Nashor'un Dişi,Nashorův tesák,cs
Nashors Zahn,Nashorův tesák,cs
Nasus,Nasus,cs
Naszyjnik Żelaznych Solari,Medailónek železných Solari,cs
Nawałnica Luden,Ludenova bouře,cs
Ne Pahasına?,Za jakou cenu,cs
Nebenwirkungen,Vedlejší účinky,cs
Needlessly Large Rod,Zbytečně dlouhá hůl,cs
Negatron Cloak,Negatronový plášť,cs
Negatron Pelerini,Negatronový plášť,cs
Negatron palást,Negatronový plášť,cs
Negatron-Mantel,Negatronový plášť,cs
Nehéz a korona,Tíha koruny,cs
Neue Stufe!,Nová úroveň!,cs
Neuer Rekrut,Nový rekrut,cs
New Recruit,Nový rekrut,cs
Neînduplecare,Nezdolný,cs
Nghĩ Về Tương Lai,Prozíravost,cs
Người Bạn Vàng,Stavebnice společníků,cs
Người Đá,Golem,cs
Ngọn Giáo Shojin,Oštěp Šódžinu,cs
Ngọn Gió Thứ Hai,Druhý dech,cs
Nhà Máy Tái Chế,Recyklátor,cs
Nhân Bản,Replikátor,cs
Nhân Bản,Replikace,cs
Nhất Thống,Stůjme při sobě,cs
Nhỏ Mà Có Võ,"Drobní, ale vražední",cs
Những Người Bạn Nhỏ,Malí kámoši,cs
Nicht nachlassen,Pevná linie,cs
Niebieskie Wzmocnienie,Modrý buff,cs
Niech Czwórki Będą z Tobą,Vražední čtveráci,cs
Nieprzerwane Przywołanie,Souvislé sesílání,cs
Nieskończona Rozpacz,Nekonečné zoufalství,cs
Niezłomne Serce,Nezlomné srdce,cs
Niezłomność,Nezdolný,cs
Niveau supérieur !,Nová úroveň!,cs
Niveles en solitario,Sólový postup,cs
Nivelul următor!,Nová úroveň!,cs
Nişancı Yayı,Reflexní luk,cs
No nos Separamos,Držíme pospolu,cs
Non proprio inutile,Aspoň k něčemu,cs
Nos mantenemos unidos,Držíme pospolu,cs
Notfallbögen,Záložní luky,cs
Nouveau départ,Restartování mise,cs
Nouvelle recrue,Nový rekrut,cs
Novo Nível!,Nová úroveň!,cs
Novo Recruta,Nový rekrut,cs
Novo de Fábrica,Neopotřebovaný,cs
Nowy Rekrut,Nový rekrut,cs
Nucleo dell'alba,Jádro úsvitu,cs
Nuevecito,Neopotřebovaný,cs
Nuevo Recluta,Nový rekrut,cs
Nuevo de Fábrica,Neopotřebovaný,cs
Nuevo recluta,Nový rekrut,cs
Nunu & Willump,Nunu a Willump,cs
Nunu e Willump,Nunu a Willump,cs
Nunu et Willump,Nunu a Willump,cs
Nunu i Willump,Nunu a Willump,cs
Nunu ve Willump,Nunu a Willump,cs
Nunu y Willump,Nunu a Willump,cs
Nunu és Willump,Nunu a Willump,cs
Nunu și Willump,Nunu a Willump,cs
Nuova recluta,Nový rekrut,cs
Nuovo di zecca,Neopotřebovaný,cs
NÃO PIVOTO,JEDU SI TO SVOJE,cs
NÉ ESPLORATORE NÉ STRATEGA,JEDU SI TO SVOJE,cs
Nâng Tầm Uy Lực,Augmentovaná síla,cs
Négységben az erő,Cenná posila,cs
Núcleo Comercial,Jádro obchodu,cs
Núcleo comercial,Jádro obchodu,cs
Núcleo de Negócios,Jádro obchodu,cs
Născut înțelept,Stříbrná lžička,cs
Nước Cappa,Šťáva Cappa,cs
Nước Mắt Nữ Thần,Slza bohyně,cs
Nước Đi Liều Lĩnh,Riskantní tah,cs
Nếm Mùi Lửa,Krmení plamenů,cs
Nỏ Sét,Iontová jiskra,cs
O Big Bang,Velký třesk,cs
O Ovo Dourado,Zlaté vejce,cs
O aventură triumfătoare,Velkolepé dobrodružství,cs
Obiectele Pandorei,Pandořiny předměty,cs
Objetivización de práctica,"Marioneta, to jsem já",cs
Objetivo de práctica,Cvičná loutka,cs
Objetos de Pandora,Pandořiny předměty,cs
Objets blindés,Slaďounké dobroty,cs
Objets de Pandore,Pandořiny předměty,cs
Oblicze Ducha,Otisk duše,cs
Obrońca Korony,Korunní stráž,cs
Obrońcy,Předvoj,cs
Obserwatorzy Gwiazd,Hvězdopravec,cs
Obsesia lui Varus,Varusova posedlost,cs
Obsesión de Varus,Varusova posedlost,cs
Obsesja Varusa,Varusova posedlost,cs
Obsession de Varus,Varusova posedlost,cs
Obsessão de Varus,Varusova posedlost,cs
Obstinación,JEDU SI TO SVOJE,cs
Obstination,JEDU SI TO SVOJE,cs
Obumarły Relikt,Oprýskaná relikvie,cs
Obyczajówka,Pohodový život,cs
Ocalały,Nezdolný,cs
Ocağı Harla,Čekající kovárna,cs
Ochrona Nieskończoności,Ochrana nekonečna,cs
Ociosidade,AFK,cs
Oczekiwane Nieoczekiwanie,Očekávaná neočekávanost,cs
Océan de larmes,Potok slz,cs
Odaklı Ateş,Soustředěná palba,cs
Odkupiciel,Spasitel,cs
Odkupienie,Odplata,cs
Odnajdź Równowagę,Najdi své těžiště,cs
Odrzutki,Pestrá sebranka,cs
Odświeżanie na Zapas,Vybíravé výběry,cs
Oferenda de Sangue,Krvavá oběť,cs
Offrande sanguinaire,Krvavá oběť,cs
Ofiara z Krwi,Krvavá oběť,cs
Ofrandă de sânge,Krvavá oběť,cs
Ofrenda de Sangre,Krvavá oběť,cs
Ofrenda de sangre,Krvavá oběť,cs
Oggetti di Pandora,Pandořiny předměty,cs
Ognista Armata,Rychlopalné ohnivé dělo,cs
Okos költekezés,Chytrý nákup,cs
On a Roll,Hvězdná obnova,cs
Onda Espacial,Vesmírný rytmus,cs
Onda espacial,Vesmírný rytmus,cs
"One Buff, Two Buff","Jeden buff, dva buffy",cs
One Two Three,"Jedna, dva, tři",cs
"One, Two, Five!","Raz, dva, pět!",cs
Onoarea războinicului,Vojevůdcova čest,cs
Optică de fixare a țintei,Zaměřovací optika,cs
Optimisation optimisée,Augmentovaná síla,cs
Optique de verrouillage,Zaměřovací optika,cs
Optyka Namierzająca,Zaměřovací optika,cs
Optymalnie,Pečlivé ladění,cs
Opóźniona Kuźnia,Čekající kovárna,cs
Oracle,Věštec,cs
Oracol,Věštec,cs
Oracolo,Věštec,cs
Orakel,Věštec,cs
Orbes Curativos,Léčivá oka,cs
Orbes curativos,Léčivá oka,cs
Orbes de curación,Léčivá oka,cs
Orbes de soins,Léčivá oka,cs
Ornn,Ornn,cs
Oráculo,Věštec,cs
Osiłki,Rváč,cs
Ossessione di Varus,Varusova posedlost,cs
Ostatni Szept,Poslední zašeptání,cs
Ostoja,Ochranný val,cs
Ostrze Gniewu Guinsoo,Guinsoova zuřivá čepel,cs
Ostrze Nieskończoności,Ostří nekonečna,cs
Ostrze Nocy,Přelom noci,cs
Ostrze Śmierci,Čepel smrti,cs
Otimização,Pečlivé ladění,cs
Ottica a puntamento assistito,Zaměřovací optika,cs
Oul de aur,Zlaté vejce,cs
Oțel aurit,Pozlacená ocel,cs
P'tits titans,Drobní titáni,cs
Pacchetto di aiuti,Dárkový balíček,cs
Pachet de amplificare,Posilovací balíček,cs
Pachet de îngrijire,Dárkový balíček,cs
Paciencia de Ekko,Ekkova trpělivost,cs
Paciência de Ekko,Ekkova trpělivost,cs
Pacote de Reforço,Posilovací balíček,cs
Pacote de Suprimentos,Dárkový balíček,cs
Pact etern,Věčná dohoda,cs
Pacte éternel,Věčná dohoda,cs
Pacto Eterno,Věčná dohoda,cs
Pacto eterno,Věčná dohoda,cs
Paczka Wsparcia,Dárkový balíček,cs
Padella,Litinová pánev,cs
Paff!,Žďuch!,cs
Palier 1,Ztracené konexe,cs
Panca di Pandora,Pandořina střídačka,cs
Panda de ladrones,Tlupa zlodějů,cs
Panda de ladrones II,Tlupa zlodějů II,cs
Pandora kispadja,Pandořina střídačka,cs
Pandora tárgyai II.,Pandořiny předměty,cs
Pandora'nın Eşyaları,Pandořiny předměty,cs
Pandora'nın Yedekleri,Pandořina střídačka,cs
Pandora's Bench,Pandořina střídačka,cs
Pandora's Items,Pandořiny předměty,cs
Pandoras Bank,Pandořina střídačka,cs
Pandoras Gegenstände,Pandořiny předměty,cs
Pantheon,Pantheon,cs
Panzerwalküre,Božská pistolnice,cs
Paquete de Cuidados,Dárkový balíček,cs
Paquete de Mejora,Posilovací balíček,cs
Paquete de mejora,Posilovací balíček,cs
Par ici l'XP,Stříbrná lžička,cs
Parabraccia del cercatore,Stopařčin chránič,cs
Paragöz,Nenasytnost,cs
Parancsnok,Velitel,cs
Parceria,Sehraný tým,cs
Pariu de aur,Zlatý hod,cs
Pariu pe viitor,Dlouhodobá investice,cs
Pariul lui Urf,Urfův gambit,cs
Parlakpul Özü,Esence Mihotavců,cs
Partage emblématique,Držíme pospolu,cs
Parti Patisi,Pařmen,cs
Partial Ascension,Částečné vyzdvižení,cs
Partiállat,Pařmen,cs
Party Animal,Pařmen,cs
Partytiger,Pařmen,cs
Pas Giganta,Obrův opasek,cs
Pas le choix,Za jakou cenu,cs
Pasowy Przesyt,Pevné opasky,cs
Pasterze,Pastýř,cs
Pastor,Pastýř,cs
Pastore,Pastýř,cs
Patelnia,Litinová pánev,cs
Patience,Farmení aury,cs
Patience d'Ekko,Ekkova trpělivost,cs
Patience is a Virtue,Trpělivost je ctnost,cs
Patient Study,Trpělivé studium,cs
Patientenstudie,Trpělivé studium,cs
Patru de partea ta,Vražední čtveráci,cs
Patto eterno,Věčná dohoda,cs
Pavois,Ochranný val,cs
Pazienza di Ekko,Ekkova trpělivost,cs
Pe val,Hvězdná obnova,cs
Pedeapsă,Odplata,cs
Pegno di Sterak,Sterakova zástava,cs
Pegno di sangue,Krev za krev,cs
Peleador,Rváč,cs
Peleryna Taktyka,Taktikův plášť,cs
Pensamiento progresista,Prozíravost,cs
Pensando no Futuro,Prozíravost,cs
Pensar a Futuro,Prozíravost,cs
"Pequenas, Mas Letais","Drobní, ale vražední",cs
Pequenos Titãs,Drobní titáni,cs
Pequeño Titán,Nejtitěrnější titán,cs
Pequeño pero mortífero,"Drobní, ale vražední",cs
Pequeños pero matones,"Drobní, ale vražední",cs
Perdición del liche,Zhouba lichů,cs
Perdite calcolate,Promyšlená prohra,cs
Perdição de Lich,Zhouba lichů,cs
Pergamino ligeramente mágico,Mírně magický hod,cs
Pergamino mágico,Kouzelný hod,cs
Persona Espelhada,Zrcadlová osobnost,cs
Persona Espelhada Inferior,Menší Zrcadlová osobnost,cs
Persona en Espejo,Zrcadlová osobnost,cs
Persona en Espejo menor,Menší Zrcadlová osobnost,cs
Personalitate în oglindă,Zrcadlová osobnost,cs
Personalitate în oglindă minoră,Menší Zrcadlová osobnost,cs
Personalità speculare,Zrcadlová osobnost,cs
Personalità speculare minore,Menší Zrcadlová osobnost,cs
Personalización exclusiva,Exkluzivní úprava,cs
Personalizare exclusivă,Exkluzivní úprava,cs
Personalização Exclusiva,Exkluzivní úprava,cs
Personalizzazione esclusiva,Exkluzivní úprava,cs
Personnalité miroir,Zrcadlová osobnost,cs
Personnalité miroir mineure,Menší Zrcadlová osobnost,cs
Perszónatükör,Zrcadlová osobnost,cs
Pesada es la Corona,Tíha koruny,cs
Pesada é a Coroa,Tíha koruny,cs
Pesante è la corona,Tíha koruny,cs
Pescando cumplidos,Farmení aury,cs
Pesimist,Zkázonoš,cs
Pestjuwel,Klenot nákazy,cs
Petit sac de butin,Malá dárková taška,cs
Petits mais costauds,"Drobní, ale vražední",cs
Petrecăreț,Pařmen,cs
Pfannenwender,Obracečka,cs
Phi Vụ Trang Bị,Loupež základních předmětů,cs
Phong Kiếm,Vánek,cs
Pháo Xương Cá,Rakeťák,cs
Phân Nhánh,Rozvětvení,cs
Phép Màu Của Soraka,Soračin zázrak,cs
Phóng Hỏa,Plocha slunečního žáru,cs
Phản Ứng Phụ,Vedlejší účinky,cs
"Piccole, ma letali","Drobní, ale vražední",cs
Piccoli alleati,Malí kámoši,cs
Piekielny Toporek,Sekera pekelného ohně,cs
Pieniążki na Obiad,Peníze na oběd,cs
Pierdere calculată,Promyšlená prohra,cs
Pile ou face,Zlatý hod,cs
Pilfer,Zlodějíček,cs
Pillín radiante,Zářivý rošťák,cs
Pioggia di statistiche!,Nálož atributů!,cs
Pistola Laminar Hextec,Magitechnická puškočepel,cs
Pistola a lame hextech,Magitechnická puškočepel,cs
Pistolame Hextech,Magitechnická puškočepel,cs
Pisztolyistennő,Božská pistolnice,cs
Placa Gargolítica,Chrličův kamenný plát,cs
Placa Solo,Sólový plát,cs
Plan de viitor,Prozíravost,cs
Plancia del Sole,Plocha slunečního žáru,cs
Planlı Mağlubiyet,Promyšlená prohra,cs
Plano de Línea Trasera,Plán pro zadní řadu,cs
Plano de retaguardia,Plán pro zadní řadu,cs
Plateau solaire,Plocha slunečního žáru,cs
Platoșa garguiului,Chrličův kamenný plát,cs
Platoșă unică,Sólový plát,cs
Plecat de la tastatură,AFK,cs
Plemienna Zbroja,Warmogova zbroj,cs
Plot Armor,Sdílená zbroj,cs
Pluie d'argent,Zlatý monzun,cs
Po Prostu Traf,Běž do toho,cs
Pocalul puterii,Pohár moci,cs
Podatek Poznawczy,Kognitivní zátěž,cs
Podejrzany Płaszcz,Podezřelý pršiplášť,cs
Poder Aprimorado,Augmentovaná síla,cs
Poder Mejorado,Augmentovaná síla,cs
Poder mejorado,Augmentovaná síla,cs
Poderoso Mech,Mocný mech,cs
Podróżnicy,Poutník,cs
Podstawy Boksu,Lekce v boxu,cs
Podsycenie Płomieni,Krmení plamenů,cs
Podwójna Wytrzymałość,Odolná dvojka,cs
Podziel Się Uwagą Yasuo,Yasuův Široký paprsek,cs
Pofuduk Eldiven,Palčáky,cs
Pogromca Olbrzymów,Zabiják obrů,cs
Poignard de Statikk,Statikkova kudla,cs
Poiscaille,Rakeťák,cs
Pojemnik na Złom,Recyklátor,cs
Pokoli csatabárd,Sekera pekelného ohně,cs
Polowanie na Skarb,Lov pokladů,cs
Poppy,Poppy,cs
Porcelanowe Działo,Skleněné dělo,cs
Pornire rapidă,Rychlý start,cs
Porque yo lo valgo,Aspoň k něčemu,cs
Portable Forge,Přenosná kovárna,cs
Portail de Zz'Rot,Portál Zz'Rotu,cs
Portal Zz'Rot,Portál Zz'Rotu,cs
Portal Zz'rot,Portál Zz'Rotu,cs
Portal de Zz'Rot,Portál Zz'Rotu,cs
Portale Zz'Rot,Portál Zz'Rotu,cs
Posición defensiva,Pevná linie,cs
Posępny Herold Zeke'a,Zekeův pochmurný posel,cs
Potere dell'Impianto,Augmentovaná síla,cs
Potężny Mech,Mocný mech,cs
Povara coroanei,Tíha koruny,cs
Povestea revenirii,Odražení ode dna,cs
Poznawcze Przeciążenie,Kognitivní přetížení,cs
Poznaș radiant,Zářivý rošťák,cs
Pozłacana Stal,Pozlacená ocel,cs
Poêle à frire,Litinová pánev,cs
Precio Sangriento,Krev za krev,cs
Precio sangriento,Krev za krev,cs
Precisión infalible,Soustředěný horizont,cs
Predone,Žoldnéř,cs
Preiskämpfer,Cena pro vítěze,cs
Première ligne,Nástup,cs
Presente de Aniversário,Dárek k narozeninám,cs
Preservador de Biomateria,Konzervátor biomateriálu,cs
Preservador de Biomatéria,Konzervátor biomateriálu,cs
Preservador de biomateria,Konzervátor biomateriálu,cs
Pretendenci,Vyzyvatel,cs
Prevalere,Závěrečný spurt,cs
Prezent Urodzinowy,Dárek k narozeninám,cs
Preço em Sangue,Krev za krev,cs
Prețul sângelui,Krev za krev,cs
Prieteni micuți,Malí kámoši,cs
Primeras Lecciones,Úvodní poznatky,cs
Primi insegnamenti,Úvodní poznatky,cs
Primordia'lı,Prapůvodní,cs
Primordia'lı Amblemi,Emblém Prapůvodního,cs
Primordiai,Prapůvodní,cs
Primordiai embléma,Emblém Prapůvodního,cs
Primordian,Prapůvodní,cs
Primordian Emblem,Emblém Prapůvodního,cs
Primordianer,Prapůvodní,cs
Primordianer-Emblem,Emblém Prapůvodního,cs
Primordianie,Prapůvodní,cs
Primordiano,Prapůvodní,cs
Primordien,Prapůvodní,cs
Prismatic Ticket,Spektrální vstupenka,cs
Prismatisches Ticket,Spektrální vstupenka,cs
Prizefighter,Cena pro vítěze,cs
Prizmatik Bilet,Spektrální vstupenka,cs
Proaspăt fabricat,Neopotřebovaný,cs
Progresión en el juego tardío,Zesílení do závěru hry,cs
Progresión final,Zesílení do závěru hry,cs
Projeto da Retaguarda,Plán pro zadní řadu,cs
Promesa de caballero,Rytířský slib,cs
Promesa del Caballero,Rytířský slib,cs
Promesa del protector,Ochráncův slib,cs
Promoção de Cintos,Pevné opasky,cs
Promoção de Espadas,Přebytek mečů,cs
Promoção de Varinhas,Přebytek holí,cs
Protagonista Nigdy Nie Umiera,Sdílená zbroj,cs
Protección del Infinito,Ochrana nekonečna,cs
Protección en solitario,Sólový plát,cs
Protección infinita,Ochrana nekonečna,cs
Protection infinie,Ochrana nekonečna,cs
Protector pétreo de gárgola,Chrličův kamenný plát,cs
Protector's Vow,Ochráncův slib,cs
Protecția infinitului,Ochrana nekonečna,cs
Protecție universală,Sdílená zbroj,cs
Protezione di trama,Sdílená zbroj,cs
Protezione infinita,Ochrana nekonečna,cs
Proteção Imutável,Večerháv,cs
Proteção do Infinito,Ochrana nekonečna,cs
Protège-bras du savant,Stopařčin chránič,cs
Provisiones,Dárkový balíček,cs
Prowler's Claw,Lovcův dráp,cs
Pryzmatyczny Bilet,Spektrální vstupenka,cs
Przebudzenie Duszy,Probuzení duše,cs
Przedmioty Pandory,Pandořiny předměty,cs
Przekaźnik,Prostředník,cs
Przeklęta Korona,Prokletá koruna,cs
Przeklęte Ostrze,Prokleté ostří,cs
Przeniesienie Ładunku,Přenos náboje,cs
Przenośna Kuźnia,Přenosná kovárna,cs
Przodownicy Składu,Nástup,cs
Przysięga Rycerska,Rytířský slib,cs
Préstamo Anticipado,Pokročilá půjčka,cs
Préstamo avanzado,Pokročilá půjčka,cs
Prêt anticipé,Pokročilá půjčka,cs
Prędkość Meepa,Termipnální rychlost,cs
Psionic,Psionik,cs
Psionic Emblem,Emblém Psionika,cs
Psionico,Psionik,cs
Psioniczni,Psionik,cs
Psionik Amblemi,Emblém Psionika,cs
Psionique,Psionik,cs
Psionisch,Psionik,cs
Psionisch-Emblem,Emblém Psionika,cs
Psiónico,Psionik,cs
Psiônico,Psionik,cs
Pszionikus,Psionik,cs
Pszionikus embléma,Emblém Psionika,cs
Puchar Potęgi,Pohár moci,cs
Pugnale di Statikk,Statikkova kudla,cs
Puissance 4,Cenná posila,cs
Pulsar sombre,Temná hvězda,cs
Punguța lui Urf,Urfova dárková taška,cs
Punguță cu obiecte surpriză,Dárková taška s předměty,cs
Punguță eroică,Hrdinská dárková taška,cs
Punguță mare,Velká dárková taška,cs
Punguță mică,Malá dárková taška,cs
Puppifizierung,"Marioneta, to jsem já",cs
Putere augmentată,Augmentovaná síla,cs
"Puternic, dar fragil",Skleněné dělo,cs
Puñal de Statikk,Statikkova kudla,cs
Pușcă cu baionetă hextech,Magitechnická puškočepel,cs
Pyke,Pyke,cs
Pálcaszállítmány,Přebytek holí,cs
Páros várólista,Tandemová fronta,cs
Pásztor,Pastýř,cs
Pásztor embléma,Emblém Pastýře,cs
Pénzes persely,Spořicí účet,cs
Pénzmonszun,Zlatý monzun,cs
Pénzéhes,Nenasytnost,cs
Pérdida Calculada,Promyšlená prohra,cs
Pérdida calculada,Promyšlená prohra,cs
Pícaro,Odpadlík,cs
Półprzewodnik,Polovodič,cs
Pălăria malefică a lui Rabadon,Rabadonův smrtící klobouk,cs
Pălării mai letale,Vražednější klobouky,cs
Păpușa din umbră,Stínová loutka,cs
Păstor,Pastýř,cs
Płaszcz Negacji,Negatronový plášť,cs
Płynące Łzy,Kanoucí slzy,cs
Quang Lân Tiểu Yêu,Zářivý rošťák,cs
Quatre cents coups,Vražední čtveráci,cs
Quay Trúng Thưởng,Mírně magický hod,cs
Que los Cuatros te Acompañen,Vražední čtveráci,cs
Que los cuatros te acompañen,Vražední čtveráci,cs
Que os Quatros Estejam com Você,Vražední čtveráci,cs
Quecksilber,Rtuť,cs
Quem Espera Sempre Alcança,Trpělivost je ctnost,cs
Question de taille,Na velikosti záleží,cs
Quicksilver,Rtuť,cs
Quyền Năng Khổng Lồ,Titánské odhodlání,cs
Quyền Trượng Thiên Thần,Archandělova hůl,cs
Quyền Trượng Thánh Quang,Mučedníkova ctnost,cs
Quà Sinh Nhật,Dárek k narozeninám,cs
Quá Tải Tư Duy,Kognitivní přetížení,cs
Quân Đoàn 3 Sao,Legie tří,cs
Quỷ Thư Morello,Morellonomicon,cs
Quỹ Phòng Hộ,Investiční fond,cs
Rabadon halálsüvege,Rabadonův smrtící klobouk,cs
Rabadon's Deathcap,Rabadonův smrtící klobouk,cs
Rabadon'un Şapkası,Rabadonův smrtící klobouk,cs
Rabadons Todeshaube,Rabadonův smrtící klobouk,cs
Raccolta differenziata,Recyklátor,cs
Radiant Rascal,Zářivý rošťák,cs
Radici diffuse,Rozrůstání kořenů,cs
Raffinierte Herstellung,Zručná výroba,cs
Ramificación,Rozvětvení,cs
Ramificare,Rozvětvení,cs
Ramię w Ramię,Držíme pospolu,cs
Rammus,Rammus,cs
Rapid Firecannon,Rychlopalné ohnivé dělo,cs
Rappresaglia,Odplata,cs
Rasga-tempo,Ničitel času,cs
Raufbold,Rváč,cs
Raufbold-Emblem,Emblém Rváče,cs
Ravitaillement,Dárkový balíček,cs
"Raz, Dwa, Pięć!","Raz, dva, pět!",cs
"Raz, Dwa, Trzy","Jedna, dva, tři",cs
Raíces Propagadoras,Rozrůstání kořenů,cs
Raíces expansivas,Rozrůstání kořenů,cs
Raízes Alastradas,Rozrůstání kořenů,cs
Rdzeń Handlu,Jádro obchodu,cs
Rdzeń Świtu,Jádro úsvitu,cs
Reach for the Stars,Zamiř ke hvězdám,cs
Rebel,Odpadlík,cs
Rebelle,Odpadlík,cs
Recombobulador,Rekombobulátor,cs
Recombobulateur,Rekombobulátor,cs
Recombobulator,Rekombobulátor,cs
Recomeçar Missão,Restartování mise,cs
Recomeço Cósmico,Kosmický restart,cs
Recrut nou,Nový rekrut,cs
Recursos de Ferro,Železné vybavení,cs
Recursos de Hierro,Železné vybavení,cs
Recursos de hierro,Železné vybavení,cs
Recurve Bow,Reflexní luk,cs
Recyclingtonne,Recyklátor,cs
Red Buff,Červený buff,cs
Redeemer,Spasitel,cs
Redentor,Spasitel,cs
Redentora,Spasitel,cs
Redentore,Spasitel,cs
Reducere fulger,Ohnivý výprodej,cs
Reflexíj,Reflexní luk,cs
Regalo de cumpleaños,Dárek k narozeninám,cs
Regalo di compleanno,Dárek k narozeninám,cs
Regiaguardia,Korunní stráž,cs
ReinFOURcement,Cenná posila,cs
Reiniciar Misión,Restartování mise,cs
Reinicio Cósmico,Kosmický restart,cs
Reinicio cósmico,Kosmický restart,cs
Reinicio de misión,Restartování mise,cs
Rek'Sai,Rek'Sai,cs
Rekombinator,Rekombobulátor,cs
Rekombobulator,Rekombobulátor,cs
Rekursivbogen,Reflexní luk,cs
Relances régulières,Jádro obchodu,cs
Relances épiques,Epický výlov,cs
Relances étoilées,Hvězdná obnova,cs
Relato de un regreso,Odražení ode dna,cs
Relicario Enervante,Medailon stimulace,cs
Relicario de los Solari de Hierro,Medailónek železných Solari,cs
Relicva ofilită,Oprýskaná relikvie,cs
Relique flétrie,Oprýskaná relikvie,cs
Reliquia Marchita,Oprýskaná relikvie,cs
Reliquia appassita,Oprýskaná relikvie,cs
Reliquia marchita,Oprýskaná relikvie,cs
Relíquia Definhada,Oprýskaná relikvie,cs
Rendelkezz az íjammal,Máš můj luk,cs
Repaire du baron,Baronovo doupě,cs
Replica,Replikace,cs
Replicador,Replikátor,cs
Replicante,Replikátor,cs
Replication,Replikace,cs
Replicator,Replikátor,cs
Replicator Mode,Replikační režim,cs
Replicação,Replikace,cs
Replikacja,Replikace,cs
Replikacı,Replikátor,cs
Replikacı Modu,Replikační režim,cs
Replikator,Replikátor,cs
Replikator-Modus,Replikační režim,cs
Replikatorzy,Replikátor,cs
Repornire cosmică,Kosmický restart,cs
Reproducere,Replikace,cs
Rerroleo Épico,Epický výlov,cs
Reserva de Pandora,Pandořina střídačka,cs
Resolución titánica,Titánské odhodlání,cs
Restart Misji,Restartování mise,cs
Restart Mission,Restartování mise,cs
Restiamo uniti,Držíme pospolu,cs
Retador,Vyzyvatel,cs
Retribución,Odplata,cs
Retribution,Odplata,cs
Reuniune aniversară,Narozeninové setkání,cs
Reunión cumpleañera,Narozeninové setkání,cs
Reunión de Cumpleaños,Narozeninové setkání,cs
Reviravolta,Odražení ode dna,cs
Rezistența din prima linie,Pevná linie,cs
Reîncărcare relativ magică,Mírně magický hod,cs
Reîncărcări epice,Epický výlov,cs
Reîncărcări la grămadă,Vybíravé výběry,cs
Rhaast,Rhaast,cs
Riavvia missione,Restartování mise,cs
Riavvio cosmico,Kosmický restart,cs
Ribalta condivisa di Yasuo,Yasuův Široký paprsek,cs
Richiamo al caos,Výzva chaosu,cs
Ricombussolatore,Rekombobulátor,cs
Riesenschlächter,Zabiják obrů,cs
Riesenschwert,K. V. meč,cs
Rift Scuttler,Říční krab,cs
Risikofonds,Investiční fond,cs
Riskante Aktionen,Riskantní tah,cs
Risky Moves,Riskantní tah,cs
Risorse ferrose,Železné vybavení,cs
Risveglio dell'anima,Probuzení duše,cs
Ritmo Spaziale,Vesmírný rytmus,cs
Ritrovo di compleanno,Narozeninové setkání,cs
Ritterschwur,Rytířský slib,cs
Riven,Riven,cs
Robbanásszerű fejlődés,Výbušný růst,cs
Robo de componentes,Loupež základních předmětů,cs
Robot,Mocný mech,cs
Robotul Mecha impunător,Mocný mech,cs
Rogue,Odpadlík,cs
Rogue Emblem,Emblém Odpadlíka,cs
Rolling For Days,Vybíravé výběry,cs
Rolling for Days,Vybíravé výběry,cs
Rolo Compressor,Hvězdná obnova,cs
Rompetiempo,Ničitel času,cs
Rostro espiritual,Otisk duše,cs
Roter Buff,Červený buff,cs
Roubo de Componentes,Loupež základních předmětů,cs
Rozgałęzienie,Rozvětvení,cs
Rozmiar Ma Znaczenie,Na velikosti záleží,cs
Rozruch,Rychlý start,cs
Rozsądne Wydatki,Chytrý nákup,cs
Ruf des Chaos,Výzva chaosu,cs
Rufián Radiante,Zářivý rošťák,cs
Rugalmas,Flexibilita,cs
Ruh Gömleği,Otisk duše,cs
Ruh Uyanışı,Probuzení duše,cs
Rybeńka,Rakeťák,cs
Ryzykowne Posunięcia,Riskantní tah,cs
Rzeka Łez,Potok slz,cs
Récompenses de guerre,Válečná stezka,cs
Rédempteur,Spasitel,cs
Réinitialisation cosmique,Kosmický restart,cs
Réplica,Replikace,cs
Réplicateur,Replikátor,cs
Résistance acharnée,Sdílená zbroj,cs
Részleges Felemelkedés,Částečné vyzdvižení,cs
Réunion d'anniversaire,Narozeninové setkání,cs
Rìu Hỏa Ngục,Sekera pekelného ohně,cs
Rìu Đại Mãng Xà,Titánská hydra,cs
Río de lágrimas,Kanoucí slzy,cs
Różdżkowy Przesyt,Přebytek holí,cs
Rögtönzött páncél,Provizorní zbroj,cs
Răbdarea e o virtute,Trpělivost je ctnost,cs
Răbdarea lui Ekko,Ekkova trpělivost,cs
Rădăcini răspândite,Rozrůstání kořenů,cs
Rămânem împreună,Držíme pospolu,cs
Răsăritul din Silvermere,Úsvit nad Stříbromořím,cs
Ręka Sprawiedliwości,Ruka spravedlnosti,cs
Rękawica Pustki,Pěstnice Prázdnoty,cs
Rękawice Sparingowe,Tréninkové rukavice,cs
Rękawice Złodzieja,Zlodějské rukavice,cs
Rękawiczki,Palčáky,cs
Rồng Đẻ Trứng Vàng,Zlaté vejce,cs
SZILÁRD ELTÖKÉLTSÉG,JEDU SI TO SVOJE,cs
Saber Gastar,Chytrý nákup,cs
Sabia blestemată,Prokleté ostří,cs
Sabia forței brute,K. V. meč,cs
Sabia infinitului,Ostří nekonečna,cs
Sabia morții,Čepel smrti,cs
Sabia sângeroasă,Krvežíznivec,cs
Sable Espectral,Přízračná šavle,cs
Sable espectral,Přízračná šavle,cs
Sable-pistola hextech,Magitechnická puškočepel,cs
Sablepistola Hextech,Magitechnická puškočepel,cs
Sabre spectral,Přízračná šavle,cs
Sabır Erdemdir,Trpělivost je ctnost,cs
Sac de butin,Dárková taška s předměty,cs
Saco de Brindes,Dárková taška s předměty,cs
Saco de Brindes Heroico,Hrdinská dárková taška,cs
Saco de Brindes Pequeno,Malá dárková taška,cs
Saco de Brindes Recheado,Velká dárková taška,cs
Saco de Brindes do Urf,Urfova dárková taška,cs
Sacrificio cruento,Krvavá oběť,cs
Sadakat,Neodvolatelná volba,cs
Safları Koru,Pevná linie,cs
Saklı Gerçek,Kahunahuna,cs
Saldi imperdibili,Ohnivý výprodej,cs
Saldão,Ohnivý výprodej,cs
Salvage Bin,Recyklátor,cs
Salvator,Spasitel,cs
Samira,Samira,cs
Sanguinaire,Krev za krev,cs
Sanguinaria,Krvežíznivec,cs
Saqueador,Žoldnéř,cs
Sartén,Litinová pánev,cs
Saum der Nacht,Přelom noci,cs
Sauter une classe,Závěrečný spurt,cs
Savaş Yolu,Válečná stezka,cs
Savings Account,Spořicí účet,cs
Scalata verso il successo,Šplhání žebříčkem,cs
Scegli tratto,Vyber vlastnost,cs
Sceptre vampirique corrompu,Zrádné upírské žezlo,cs
Sceptru vampiric corupt,Zrádné upírské žezlo,cs
Sceptrul Vidului,Hůl Prázdnoty,cs
Sceptrul serafimului,Serafínova hůl,cs
Scettro dell'arcangelo,Archandělova hůl,cs
Scettro serafino,Serafínova hůl,cs
Scettro vampirico corrotto,Zrádné upírské žezlo,cs
Scharfschütze,Odstřelovač,cs
Scharfschütze-Emblem,Emblém Odstřelovače,cs
Schattenpuppe,Stínová loutka,cs
Schatzjagd,Lov pokladů,cs
Schema della retroguardia,Plán pro zadní řadu,cs
Schemat Tylnej Formacji,Plán pro zadní řadu,cs
Schiantare,Bušení,cs
Schicksalsweber,Splétač osudu,cs
Schild des Taktikers,Taktikův štít,cs
Schiță pentru linia din spate,Plán pro zadní řadu,cs
Schlag zu,Bušení,cs
Schlussverkauf,Ohnivý výprodej,cs
Schmiede einen Freund,Vyrob si kamaráda,cs
Schnellfeuer-Geschütz,Rychlopalné ohnivé dělo,cs
Schurke,Odpadlík,cs
Schurken-Emblem,Emblém Odpadlíka,cs
Schutz der Unendlichkeit,Ochrana nekonečna,cs
Schwer ist die Krone,Tíha koruny,cs
Schwertschmied,Výrobce mečů,cs
Schwertüberfluss,Přebytek mečů,cs
Schwur des Beschützers,Ochráncův slib,cs
Schüre das Feuer,Krmení plamenů,cs
Sciabola spettrale,Přízračná šavle,cs
Scintilla ionica,Iontová jiskra,cs
Scommessa dorata,Zlatý hod,cs
Scommessa rischiosa,Neodvolatelná volba,cs
Scudo dello stratega,Taktikův štít,cs
Scutul amurgului,Štít soumraku,cs
Scutul tacticianului,Taktikův štít,cs
Scutul zorilor,Štít úsvitu,cs
Scânteie ionică,Iontová jiskra,cs
Second Wind,Druhý dech,cs
Second souffle,Druhý dech,cs
Secondo fiato,Druhý dech,cs
Secteur commercial,Obchodní sektor,cs
Section Anima,Anima,cs
Sector comercial,Obchodní sektor,cs
Sector de Intercambio,Obchodní sektor,cs
Sectorul comercial,Obchodní sektor,cs
Secure din focul iadului,Sekera pekelného ohně,cs
Sed de dinero,Nenasytnost,cs
Sede de Riqueza,Nenasytnost,cs
Sedenta por Sangue,Krvežíznivec,cs
Seeker's Armguard,Stopařčin chránič,cs
Seelenerwachen,Probuzení duše,cs
Segen der Wiederbelebung,Dar vzkříšení,cs
Segundo Aire,Druhý dech,cs
Sektor Wymiany,Obchodní sektor,cs
Selbstständig machen,Rozvětvení,cs
Semblante Espiritual,Otisk duše,cs
Semi-conducteur,Polovodič,cs
Semiconductor,Polovodič,cs
Semicondutor,Polovodič,cs
Semiconduttore,Polovodič,cs
Sendero de Guerra,Válečná stezka,cs
Sendero de guerra,Válečná stezka,cs
Sentencia,Soudce,cs
Sentenciador,Soudce,cs
Sentiero di guerra,Válečná stezka,cs
Seraphim's Staff,Serafínova hůl,cs
Serbest Yatırım Fonu,Investiční fond,cs
Serce ze Stali,Srdce z oceli,cs
Serpenyő,Litinová pánev,cs
Serve para Algo,Aspoň k něčemu,cs
Servicio de Suscripción,Předplacená služba,cs
Servicio de suscripción,Předplacená služba,cs
Servizio ad abbonamento,Předplacená služba,cs
Serviço de Assinatura,Předplacená služba,cs
Setor de Troca,Obchodní sektor,cs
Settore dello scambio,Obchodní sektor,cs
Seviye Atla!,Nová úroveň!,cs
Seyyah,Poutník,cs
Seyyah Amblemi,Emblém Poutníka,cs
Sfere curative,Léčivá oka,cs
Sfere vindecătoare,Léčivá oka,cs
Sfidante,Vyzyvatel,cs
Sfârșitul rațiunii,Nouzová,cs
Shadow Puppet,Stínová loutka,cs
Shen,Shen,cs
Shepherd,Pastýř,cs
Shepherd Emblem,Emblém Pastýře,cs
Shimmerscale Essence,Esence Mihotavců,cs
Shojin lándzsája,Oštěp Šódžinu,cs
Shojin'in Mızrağı,Oštěp Šódžinu,cs
Shopping Spree,Nákupní horečka,cs
Shopping intensif,Nákupní horečka,cs
Shopping scatenato,Nákupní horečka,cs
Shroud of Stillness,Rouška nehybnosti,cs
Sibernetik Aktarım,Kybernetická linka,cs
Sibernetik İmplant,Kybernetické implantáty,cs
Sicario,Nájemný zabiják,cs
Side Effects,Vedlejší účinky,cs
Siegeszug,Závěrečný spurt,cs
Signora Oscura,Temná paní,cs
Silberlöffel,Stříbrná lžička,cs
Silver Spoon,Stříbrná lžička,cs
Silvermere Dawn,Úsvit nad Stříbromořím,cs
Sinal de Sterak,Sterakova zástava,cs
Sinh Nhật Đoàn Tụ,Narozeninové setkání,cs
Sinir İmplantı,Podpůrný implantát,cs
Sinsi,Odpadlík,cs
Sinsi Amblemi,Emblém Odpadlíka,cs
Sinsi Pençe,Lovcův dráp,cs
Siper,Ochranný val,cs
Size Matters,Na velikosti záleží,cs
Siêu Linh,Psionik,cs
Siêu Thú,Anima,cs
Siêu Vũ Trụ,Velký třesk,cs
Siêu Xẻng,Obracečka,cs
Sięganie ku Gwiazdom,Zamiř ke hvězdám,cs
Skalierung im späten Spiel,Zesílení do závěru hry,cs
Skalowanie w Późnej Fazie Gry,Zesílení do závěru hry,cs
Skok po Składniki,Loupež základních předmětů,cs
Skupienie Horyzontalne,Soustředěný horizont,cs
Skupiony Ogień,Soustředěná palba,cs
Slammin',Bušení,cs
Slice of Life,Pohodový život,cs
Slightly Magic Roll,Mírně magický hod,cs
Small Grab Bag,Malá dárková taška,cs
Smoczy Szpon,Dračí spár,cs
Snajperzy,Odstřelovač,cs
Sniper,Odstřelovač,cs
Sniper Emblem,Emblém Odstřelovače,cs
Sobrecarga Cognitiva,Kognitivní přetížení,cs
Sobrecarga cognitiva,Kognitivní přetížení,cs
Sobrecarga de Varas,Přebytek holí,cs
Sobrecarga de cinturones,Pevné opasky,cs
Sobrecarga de espadas,Přebytek mečů,cs
Sobrecarga de varitas,Přebytek holí,cs
Sobretudo Suspeito,Podezřelý pršiplášť,cs
Sobrevivente,Nezdolný,cs
Sobreviviente,Nezdolný,cs
Sodronyozott mellény,Kroužková vesta,cs
Soif-de-sang,Krvežíznivec,cs
Sojusznik Opiekuna,Opatrovníkův spojenec,cs
Sok Cappa,Šťáva Cappa,cs
Soldi per il pranzo,Peníze na oběd,cs
Solo Leveling,Sólový postup,cs
Solo Plate,Sólový plát,cs
Solo Pétreo,Sólový plát,cs
Solo-Leveling,Sólový postup,cs
Solo-Steinpanzer,Sólový plát,cs
Solowa Płyta,Sólový plát,cs
Solul dezolant al lui Zeke,Zekeův pochmurný posel,cs
Solul lui Zeke,Zekeův posel,cs
Solzi sclipitori,Esence Mihotavců,cs
Sombrero Mortífero de Rabadon,Rabadonův smrtící klobouk,cs
Sombrero mortal de Rabadon,Rabadonův smrtící klobouk,cs
Sombreros Más Letales,Vražednější klobouky,cs
Sombreros más mortales,Vražednější klobouky,cs
Son Fısıltı,Poslední zašeptání,cs
Sona,Sona,cs
Sona Kalanlar,Nezdolný,cs
Song Sát Tốc Hành,Rychlý dvojzářez,cs
Song Vệ,Strážná dvojice,cs
Song Đấu,Božský duelista,cs
Sonnenfeuer-Brett,Plocha slunečního žáru,cs
Sonnenfeuer-Umhang,Plášť slunečního žáru,cs
Sonsuz Büyü,Souvislé sesílání,cs
Sonsuz Karanlık,Temná hvězda,cs
Sonsuz Karanlık Amblemi,Emblém Temné hvězdy,cs
Sonsuz Çaresizlik,Nekonečné zoufalství,cs
Sopa Fazlalığı,Přebytek holí,cs
Sopa İşçisi,Výrobce holí,cs
Soraka csodatétele,Soračin zázrak,cs
Soraka áldása,Soračin dar,cs
Soraka'nın Lütfu,Soračin dar,cs
Soraka'nın Mucizesi,Soračin zázrak,cs
Soraka's Boon,Soračin dar,cs
Soraka's Miracle,Soračin zázrak,cs
Sorakas Segen,Soračin dar,cs
Sorakas Wunder,Soračin zázrak,cs
Sorsszövő,Splétač osudu,cs
Sorte em Alta,Úsměv štěstěny,cs
Sorvadt ereklye,Oprýskaná relikvie,cs
Soul Awakening,Probuzení duše,cs
Soutien indéfectible,Stůjme při sobě,cs
Sovraccarico cognitivo,Kognitivní přetížení,cs
Spaccato di vita,Pohodový život,cs
Space Groove,Vesmírný rytmus,cs
Space Groove Emblem,Emblém Vesmírného rytmu,cs
Spaczony Wampiryczny Kostur,Zrádné upírské žezlo,cs
Spada furiei lui Guinsoo,Guinsoova zuřivá čepel,cs
Sparkonto,Spořicí účet,cs
Sparring Gloves,Tréninkové rukavice,cs
Spatola,Obracečka,cs
Spatula,Obracečka,cs
Spatule,Obracečka,cs
Spatulă,Obracečka,cs
Spear of Shojin,Oštěp Šódžinu,cs
Specialista del finale,Specialista na závěrečnou fázi,cs
Specialistul sfârșitului jocului,Specialista na závěrečnou fázi,cs
Specjalista od Końcówki,Specialista na závěrečnou fázi,cs
Specjalistyczny Hełm,Přizpůsobivá přilba,cs
Spectral Cutlass,Přízračná šavle,cs
Spedizione,Expedice,cs
Speedy Double Kill,Rychlý dvojzářez,cs
Speer von Shojin,Oštěp Šódžinu,cs
Spektrales Entermesser,Přízračná šavle,cs
Spektrum jegy,Spektrální vstupenka,cs
Speranza perduta,Nouzová,cs
Spesa oculata,Chytrý nákup,cs
Spezzatempo,Ničitel času,cs
Spirit Visage,Otisk duše,cs
Spirit of Redemption,Duch odplaty,cs
Spirito di redenzione,Duch odplaty,cs
Spiritul izbăvirii,Duch odplaty,cs
Spreading Roots,Rozrůstání kořenů,cs
Spécialiste des fins de partie,Specialista na závěrečnou fázi,cs
Spéculation,Investiční fond,cs
Stab des Erzengels,Archandělova hůl,cs
Stabschmied,Výrobce holí,cs
Stabüberfluss,Přebytek holí,cs
Staffsmith,Výrobce holí,cs
Stand United,Stůjme při sobě,cs
Stargazer,Hvězdopravec,cs
Stargazer Emblem,Emblém Hvězdopravce,cs
Statikk Hançer,Statikkova kudla,cs
Statikk Shiv,Statikkova kudla,cs
Statikk töltőpengéje,Statikkova kudla,cs
Statikks Stich,Statikkova kudla,cs
Stats à foison !,Nálož atributů!,cs
Stea întunecată,Temná hvězda,cs
Steadfast Heart,Nezlomné srdce,cs
Steinpanzer des Wasserspeiers,Chrličův kamenný plát,cs
Stella Oscura,Temná hvězda,cs
Stellar Combo,Hvězdné kombo,cs
Stemma di Lightshield,Erb Lightshieldů,cs
Stemmaguarda,Korunní stráž,cs
Sterak kihívása,Sterakova zástava,cs
Sterak's Gage,Sterakova zástava,cs
Sterak'ın Güvencesi,Sterakova zástava,cs
Steraks Pegel,Sterakova zástava,cs
Sterndeuter,Hvězdopravec,cs
Sterndeuter-Emblem,Emblém Hvězdopravce,cs
Sternen-Kombo,Hvězdné kombo,cs
Sternenvernichter,Temná hvězda,cs
Sternenvernichter-Emblem,Emblém Temné hvězdy,cs
Stibitzen,Zlodějíček,cs
Storia di una rimonta,Odražení ode dna,cs
Strahlender Halunke,Zářivý rošťák,cs
Strateji Ustası Kalkanı,Taktikův štít,cs
Strateji Ustası Pelerini,Taktikův plášť,cs
Strateji Ustası Tacı,Taktikova koruna,cs
Strateji Ustasının Mutfağı,Taktikova kuchyně,cs
Stratégie de ligne arrière,Plán pro zadní řadu,cs
Striker's Flail,Útočníkův řemdih,cs
Studio paziente,Trpělivé studium,cs
Studiu diligent,Trpělivé studium,cs
Stwórz Sobie Kumpla,Postav si kámoše,cs
Stwórz Towarzysza,Stavebnice společníků,cs
Stürmerflegel,Útočníkův řemdih,cs
Su tutti i fronti,Rozvětvení,cs
Su verso il cielo,Zamiř ke hvězdám,cs
Subscription Service,Předplacená služba,cs
Subskrypcja,Předplacená služba,cs
Suc Cappa,Šťáva Cappa,cs
Succes critic,Kritický úspěch,cs
Successo critico,Kritický úspěch,cs
Succo Cappa,Šťáva Cappa,cs
Sucesso Crítico,Kritický úspěch,cs
Suco de Chapéu,Šťáva Cappa,cs
Sugárzó csirkefogó,Zářivý rošťák,cs
Suhanó sutyerák,Říční krab,cs
Sunfire Board,Plocha slunečního žáru,cs
Sunfire Cape,Plášť slunečního žáru,cs
Super sac de butin,Velká dárková taška,cs
Superstite,Nezdolný,cs
Superviviente,Nezdolný,cs
Suppresseur doré,Pečlivé ladění,cs
Supraviețuitor,Nezdolný,cs
Supraîncărcare cognitivă,Kognitivní přetížení,cs
Surcharge cognitive,Kognitivní přetížení,cs
Surpriză nesurprinzătoare,Očekávaná neočekávanost,cs
Survivant,Nezdolný,cs
Survivor,Nezdolný,cs
Suscripción de Lujo,Luxusní předplatné,cs
Suscripción de lujo,Luxusní předplatné,cs
Suspicious Trench Coat,Podezřelý pršiplášť,cs
Sussurro fatale,Poslední zašeptání,cs
Sute de atribute!,Nálož atributů!,cs
Sweet Treats,Slaďounké dobroty,cs
Sword Overflow,Přebytek mečů,cs
Swordsmith,Výrobce mečů,cs
Sympathetic Implant,Podpůrný implantát,cs
Szaleństwo Zakupów,Nákupní horečka,cs
Szczęśliwe Rękawice,Rukavice pro štěstí,cs
Szellemarc,Otisk duše,cs
Szerencsés kesztyű,Rukavice pro štěstí,cs
Szermierka Yasuo,Yasuovo mistrovství meče,cs
Szerteágazó gyökerek,Rozrůstání kořenů,cs
Szeráf pálcája,Serafínova hůl,cs
Szimpatikus implantátum,Podpůrný implantát,cs
Szintlépés!,Nová úroveň!,cs
Szpatułka,Obracečka,cs
Szpon Ciemnego Typa,Lovcův dráp,cs
Szunnyadó kohó,Čekající kovárna,cs
Szybkie Dwa Trupy,Rychlý dvojzářez,cs
Száműzöttek I.,Vyhnanci,cs
Szélhámos,Chmaták,cs
Szólójátékos,Sólový postup,cs
Születésnapi ajándék,Dárek k narozeninám,cs
Születésnapi találkozó,Narozeninové setkání,cs
Sách Chọn Ấn,Kniha vlastností,cs
Sárkánykarom,Dračí spár,cs
Sát Thủ Khát Máu,Nevybíravý zabiják,cs
Sát Thủ Đánh Thuê,Nájemný zabiják,cs
Sét Cao Thế,Vysoké napětí,cs
Sötét csillag,Temná hvězda,cs
Sötét csillag embléma,Emblém Temné hvězdy,cs
Sötét hölgy,Temná paní,cs
Sükûnet Örtüsü,Rouška nehybnosti,cs
Süper Hızlı Micin,Termipnální rychlost,cs
Sürgünler,Vyhnanci,cs
Süße Leckereien,Slaďounké dobroty,cs
Săbii fără număr,Přebytek mečů,cs
Săbii mai letale,Vražednější čepele,cs
Săn Kho Báu,Lov pokladů,cs
Słodkie Przysmaki,Slaďounké dobroty,cs
Słoneczna Peleryna,Plášť slunečního žáru,cs
Słoneczna Płyta,Plocha slunečního žáru,cs
Sơ Đồ Tuyến Sau,Plán pro zadní řadu,cs
Số 4 Hoàn Hảo,Vražední čtveráci,cs
Sống Vội,Chmaták,cs
TEK Kılıcı,K. V. meč,cs
Tabla solară,Plocha slunečního žáru,cs
Tablero de Fuego Solar,Plocha slunečního žáru,cs
Tablero de fuego solar,Plocha slunečního žáru,cs
Tabuleiro de Fogo Solar,Plocha slunečního žáru,cs
Tactician's Cape,Taktikův plášť,cs
Tactician's Crown,Taktikova koruna,cs
Tactician's Kitchen,Taktikova kuchyně,cs
Tactician's Shield,Taktikův štít,cs
Tahm Kench,Tahm Kench,cs
Taina întunericului,Přelom noci,cs
Taktikerküche,Taktikova kuchyně,cs
Taktikus köpenye,Taktikův plášť,cs
Taktikus pajzsa,Taktikův štít,cs
Taktikusok konyhája,Taktikova kuchyně,cs
Takviye Paketi,Posilovací balíček,cs
Takım Çalışması,Sehraný tým,cs
Talisman Of Ascension,Amulet Vyzdvižení,cs
Talisman de l'ascension,Amulet Vyzdvižení,cs
Talismano dell'ascensione,Amulet Vyzdvižení,cs
Talismanul ascensiunii,Amulet Vyzdvižení,cs
Talismán de Ascensión,Amulet Vyzdvižení,cs
Talismã da Ascensão,Amulet Vyzdvižení,cs
Talizman Wstąpienia,Amulet Vyzdvižení,cs
Talon,Talon,cs
Találd meg önmagad,Najdi své těžiště,cs
Tam Donanımlı,Stavebnice společníků,cs
Tam Teşekküllü,Postav si kámoše,cs
Tana del Barone,Baronovo doupě,cs
Tancuri la xerox,Odolná dvojka,cs
Tanks jumeaux,Odolná dvojka,cs
Tanque em Dobro,Odolná dvojka,cs
Tanrıça'nın Gözyaşı,Slza bohyně,cs
Tanışma Toplantısı,Ztracené konexe,cs
Tarcza Taktyka,Taktikův štít,cs
Tare ca fierul,Železné vybavení,cs
Target-Lock Optics,Zaměřovací optika,cs
Tartalékíjak,Záložní luky,cs
Tartsd a frontot,Pevná linie,cs
Tatlı Atıştırmalıklar,Slaďounké dobroty,cs
Taxa Cognitiva,Kognitivní zátěž,cs
Taxe cognitive,Kognitivní zátěž,cs
Taze Kan,Nový rekrut,cs
Taşınabilir Ocak,Přenosná kovárna,cs
Te simți norocos,Úsměv štěstěny,cs
Team Building,Teambuilding,cs
Team building,Teambuilding,cs
Teambildung,Teambuilding,cs
Teaming Up,Sehraný tým,cs
Tear of the Goddess,Slza bohyně,cs
Tecelã do Destino,Splétač osudu,cs
Tecendo Magia,Splétaná magie,cs
Teemo,Teemo,cs
Teilaufstieg,Částečné vyzdvižení,cs
Tejedestinos,Splétač osudu,cs
Tekrar Dene,Restartování mise,cs
Tela magica,Splétaná magie,cs
Tempesta di Luden,Ludenova bouře,cs
Tempestad de Luden,Ludenova bouře,cs
Tempête de Luden,Ludenova bouře,cs
Tenete la posizione,Pevná linie,cs
Tenir le front,Pevná linie,cs
Tentative de comeback,Odražení ode dna,cs
Ter-Meep-nale Geschwindigkeit,Termipnální rychlost,cs
Termeepnal Velocity,Termipnální rychlost,cs
Terquedad,JEDU SI TO SVOJE,cs
Terrore dei lich,Zhouba lichů,cs
Tesori sepolti,Zakopané poklady,cs
Tesoros Enterrados,Zakopané poklady,cs
Tesoros enterrados,Zakopané poklady,cs
Tesouros Enterrados,Zakopané poklady,cs
Tessifato,Splétač osudu,cs
Testőrképzés,Výcvik tělesného strážce,cs
Tetro araldo di Zeke,Zekeův pochmurný posel,cs
Tezbıçak,Blikavé čepele,cs
Thanh Lý Toàn Bộ,Ohnivý výprodej,cs
Thanh Âm Chữa Lành,Léčivé ozvěny,cs
The Big Bang,Velký třesk,cs
The Golden Dragon,Zlatý drak,cs
The Golden Egg,Zlaté vejce,cs
The Indomitable,Nezdolný,cs
The Mighty Mech,Mocný mech,cs
The Tower,Věž,cs
The Trait Tree,Strom vlastností,cs
Thief's Gloves,Zlodějské rukavice,cs
Thresh lámpása,Threshova lucerna,cs
Thresh áldása,Threshův dar,cs
Thresh'in Feneri,Threshova lucerna,cs
Thresh'in Lütfu,Threshův dar,cs
Thresh's Boon,Threshův dar,cs
Thresh's Lantern,Threshova lucerna,cs
Threshs Laterne,Threshova lucerna,cs
Threshs Segen,Threshův dar,cs
Thua Có Tính Toán,Promyšlená prohra,cs
Thuế Nhận Thức,Kognitivní zátěž,cs
Thách Đấu,Vyzyvatel,cs
Thép Mạ Vàng,Pozlacená ocel,cs
Thích Mở Rộng,Dlouhodobá investice,cs
Thông Thoáng,Čistá mysl,cs
Thông Đạo Zz'rot,Portál Zz'Rotu,cs
Thú Tượng Thạch Giáp,Chrličův kamenný plát,cs
Thăng Hoa,Vzestup,cs
Thăng Hoa Của Kayle,Kaylino povznesení,cs
Thăng Hoa Rực Rỡ Của Kayle,Kaylino zářivé povznesení,cs
Thăng Tiến Cuối Trận,Zesílení do závěru hry,cs
Thần Ban Phước,Požehnaný bohy,cs
Thần Phán,Soudce,cs
Thịnh Nộ Thủy Quái,Krakenův hněv,cs
Thời Không,Ničitel času,cs
Thợ Rèn Gậy,Výrobce holí,cs
Thợ Rèn Kiếm,Výrobce mečů,cs
Thợ Săn Vũ Trụ,Galaktický lovec,cs
Thức Tỉnh Linh Hồn,Probuzení duše,cs
Ti senti fortunato?,Úsměv štěstěny,cs
Ticaret Bölgesi,Obchodní sektor,cs
Ticaretin Özü,Jádro obchodu,cs
Ticket prismatique,Spektrální vstupenka,cs
Tiercé,Trojice,cs
Tigaia de aur,Litinová pánev,cs
Tiltott bálvány,Zapovězená modla,cs
Timebreaker,Ničitel času,cs
Timebreaker Emblem,Emblém Ničitele času,cs
Tinh Linh Chuông,Miplík,cs
Tinh Túy Kim Long,Esence Mihotavců,cs
Tiniest Titan,Nejtitěrnější titán,cs
Tiny Titans,Drobní titáni,cs
"Tiny, but Deadly","Drobní, ale vražední",cs
Tirada Ligeramente Mágica,Mírně magický hod,cs
Tirada Mágica,Kouzelný hod,cs
Tiro lievemente magico,Mírně magický hod,cs
Tiro porque me toca,Vybíravé výběry,cs
Tisse-destin,Splétač osudu,cs
Tiszta elme,Čistá mysl,cs
Titan micuț,Nejtitěrnější titán,cs
Titan's Resolve,Titánské odhodlání,cs
Titanes Diminutos,Drobní titáni,cs
Titanic Hydra,Titánská hydra,cs
Titanische Hydra,Titánská hydra,cs
Titano minuscolo,Nejtitěrnější titán,cs
Titanın Azmi,Titánské odhodlání,cs
Titánhidra,Titánská hydra,cs
Tiên Phong,Předvoj,cs
Tiên Tri,Věštec,cs
Tiêu Dùng Thông Minh,Chytrý nákup,cs
Tiếp Tế Trang Bị,Dárková taška s předměty,cs
Tiền Tuyến Vững Chãi,Nástup,cs
Tiền Vệ Trung Tâm,Najdi své těžiště,cs
Tiền Ăn Trưa,Peníze na oběd,cs
Tiệc Tùng,Pařmen,cs
Tkacze Losu,Splétač osudu,cs
Tkanie Czarów,Splétaná magie,cs
To Lớn & Mạnh Mẽ,Velikost a síla,cs
Todo para mí,Běž do toho,cs
Toiag uriaș,Zbytečně dlouhá hůl,cs
Toiagul arhanghelului,Archandělova hůl,cs
Toiege fără număr,Přebytek holí,cs
Tolvajkesztyű,Zlodějské rukavice,cs
Tolvajok bandája,Tlupa zlodějů,cs
Tolvajok bandája II,Tlupa zlodějů II,cs
Tome des emblèmes,Kniha vlastností,cs
Tome of Trait,Kniha vlastností,cs
Tome of Traits,Kniha vlastností,cs
Tomo das Características,Kniha vlastností,cs
Tomo de Rasgos,Kniha vlastností,cs
Tomo de atributos,Kniha vlastností,cs
Tomo dei tratti,Kniha vlastností,cs
Tomul caracteristicilor,Kniha vlastností,cs
Toneladas de Atributos!,Nálož atributů!,cs
Tonlarca Nitelik!,Nálož atributů!,cs
Tonnenweise Werte!,Nálož atributů!,cs
Tonnányi statisztika!,Nálož atributů!,cs
Tons of Stats!,Nálož atributů!,cs
Tony Statystyk!,Nálož atributů!,cs
Torba z Przedmiotami,Dárková taška s předměty,cs
Torba z Przedmiotami Urfa,Urfova dárková taška,cs
Tormenta de Luden,Ludenova bouře,cs
Tot sunt buni la ceva,Aspoň k něčemu,cs
Touche-à-tout,Pestrá sebranka,cs
Tout doit disparaître,Bušení,cs
Toàn Thắng,Závěrečný spurt,cs
Toán Cướp,Žoldnéř,cs
Trabajo en Equipo,Teambuilding,cs
Trabalho em Equipe,Teambuilding,cs
Trade Sector,Obchodní sektor,cs
Tragbare Schmiede,Přenosná kovárna,cs
Training Dummy,Cvičná loutka,cs
Trang Bị Pandora,Pandořiny předměty,cs
Transfer de încărcare,Přenos náboje,cs
Transferencia de Carga,Přenos náboje,cs
Transferencia de carga,Přenos náboje,cs
Transfert,Přenos náboje,cs
Transferência de Carga,Přenos náboje,cs
Transformação em Boneco,"Marioneta, to jsem já",cs
Trasferimento carica,Přenos náboje,cs
Treasure Hunt,Lov pokladů,cs
Treinamento de Guarda-costas,Výcvik tělesného strážce,cs
Tremblelames,Blikavé čepele,cs
Trench-coat suspect,Podezřelý pršiplášť,cs
Trenci suspect,Podezřelý pršiplášť,cs
Trening Ochroniarza,Výcvik tělesného strážce,cs
Trepador Social,Vytrvalý vzestup,cs
Trezirea sufletului,Probuzení duše,cs
Tributo cognitivo,Kognitivní zátěž,cs
Trifecta,Trojice,cs
Trinca,Trojice,cs
Triomphe,Cena pro vítěze,cs
Triplete,Trojice,cs
Tripletta,Trojice,cs
Triplu avantaj,Trojice,cs
Triệu Gọi Hỗn Mang,Výzva chaosu,cs
Triệu Hồi Bất Tận,Souvislé sesílání,cs
Troca Sem Fim,Vybíravé výběry,cs
Trova il tuo centro,Najdi své těžiště,cs
Truffatore,Chmaták,cs
Trung Tâm Thương Mại,Jádro obchodu,cs
Tryb Pretendenta,Soubojový režim,cs
Tryb Przekaźnika,Režim Prostředník,cs
Tryb Replikatora,Replikační režim,cs
Trzask-Prask,Bušení,cs
Trzymać Szyk,Pevná linie,cs
Trái Tim Kiên Định,Nezlomné srdce,cs
Trái Tim Sắt Đá,Srdce z oceli,cs
Träne der Göttin,Slza bohyně,cs
Trésors enfouis,Zakopané poklady,cs
Trên Đà Phát Triển,Hvězdná obnova,cs
Trí Tuệ Siêu Công Nghệ,Kybernetická linka,cs
Trượng Hư Vô,Hůl Prázdnoty,cs
Trượng Đại Thiên Sứ,Serafínova hůl,cs
Trực Giác Của Evelynn,Evelynnin instinkt,cs
Tuch der Stille,Rouška nehybnosti,cs
Tueur de géants,Zabiják obrů,cs
Tueur impitoyable,Nevybíravý zabiják,cs
Tueur à gages,Nájemný zabiják,cs
Tugend des Märtyrers,Mučedníkova ctnost,cs
Tun-mitralieră,Rychlopalné ohnivé dělo,cs
Turnul,Věž,cs
Tuyển Nhân Sự,Nový rekrut,cs
Twin Guardian,Strážná dvojice,cs
Twin Guardians,Strážná dvojice,cs
Twisted Fate,Twisted Fate,cs
Two Much Value,Viděti dvojmo,cs
Two Tanky,Odolná dvojka,cs
Tworzenie Drużyny,Teambuilding,cs
Twórcze Tworzenie,Zručná výroba,cs
Typologie,Neodvolatelná volba,cs
Tài Khoản Tiết Kiệm,Spořicí účet,cs
Tái Khởi Động Nhiệm Vụ,Restartování mise,cs
Tái Lập Vũ Trụ,Kosmický restart,cs
Tápláld a tüzet,Krmení plamenů,cs
Tín Đồ Mua Sắm,Nákupní horečka,cs
Tòa Tháp,Věž,cs
Tôi Luyện Sức Mạnh,Síla artefaktů,cs
Tôi Thăng Cấp Một Mình,Sólový postup,cs
Tödlichere Hauben,Vražednější klobouky,cs
Tödlichere Klingen,Vražednější čepele,cs
Töltésátvitel I.,Přenos náboje,cs
Törj a csillagok felé,Zamiř ke hvězdám,cs
Törékeny tüzér I.,Skleněné dělo,cs
Törésteszt bábuk,Sebevražední panáci,cs
Tú Pégales,Běž do toho,cs
Túi Đồ Cỡ Nhỏ,Malá dárková taška,cs
Túi Đồ Cỡ Đại,Velká dárková taška,cs
Túi Đồ Siêu Hùng,Hrdinská dárková taška,cs
Túi Đồ Urf,Urfova dárková taška,cs
Túlvilági szablya,Přízračná šavle,cs
Túlélő,Nezdolný,cs
Türelem rózsát terem,Trpělivost je ctnost,cs
Türelmes tanuló,Trpělivé studium,cs
Tăișuri sclipitoare,Blikavé čepele,cs
Tăng Trưởng Bùng Nổ,Výbušný růst,cs
Tırmanışa Devam,Šplhání žebříčkem,cs
Tất Tay Bậc Đồng,Bronz nad zlato,cs
Tập Chịu Đòn,Lekce v boxu,cs
Tập Trung Hỏa Lực,Soustředěná palba,cs
Tối Tân,Neopotřebovaný,cs
Tối Đa Hóa,Pečlivé ladění,cs
Tộc Thượng Cổ,Prapůvodní,cs
Tụ Bão Zeke,Zekeův posel,cs
Tụ Điện,Elektrický výboj,cs
Tứ Phương Tiếp Viện,Cenná posila,cs
Tự Lập Đội,Postav si kámoše,cs
U Sầu,Zkázonoš,cs
U. R. F.,U.R.F.,cs
U.R.F,U.R.F.,cs
URF,U.R.F.,cs
Uccisore di giganti,Zabiják obrů,cs
Uccisore indiscriminato,Nevybíravý zabiják,cs
Ucigaș fără discriminare,Nevybíravý zabiják,cs
Ucigaș plătit,Nájemný zabiják,cs
Ufak Çekiliş,Malá dárková taška,cs
Ufukgetiren,Soustředěný horizont,cs
Uhrwerk-Beschleuniger,Mechanický urychlovač,cs
Ulepszona Moc,Augmentovaná síla,cs
Ultima șoaptă,Poslední zašeptání,cs
Uluların Tılsımı,Amulet Vyzdvižení,cs
Ulvi Düellocu,Božský duelista,cs
Ulvi Ocak,Apoteotická kovárna,cs
Um Dois Três,"Jedna, dva, tři",cs
"Um, Dois, Cinco!","Raz, dva, pět!",cs
Umhang des Taktikers,Taktikův plášť,cs
"Un buff, două buff-uri","Jeden buff, dva buffy",cs
"Un buff, due buff","Jeden buff, dva buffy",cs
Un due tre,"Jedna, dva, tři",cs
Un mismo ser,Zrcadlová osobnost,cs
Un mismo ser inferior,Menší Zrcadlová osobnost,cs
Un tiro magico,Kouzelný hod,cs
Un'avventura gloriosa,Velkolepé dobrodružství,cs
"Un, deux, trois","Jedna, dva, tři",cs
Una Aventura Eminente,Velkolepé dobrodružství,cs
"Una Mejora, Dos Mejoras","Jeden buff, dva buffy",cs
Una aventura repleta de exaltación,Velkolepé dobrodružství,cs
Una lágrima en la arena,Potok slz,cs
"Una mejora, dos mejoras...","Jeden buff, dva buffy",cs
"Unde-s 2 stele, puterea crește",Cenná posila,cs
Une aventure exaltante,Velkolepé dobrodružství,cs
Unending Despair,Nekonečné zoufalství,cs
Unerschütterliches Herz,Nezlomné srdce,cs
Unidos,Stůjme při sobě,cs
Unire în luptă,Stůjme při sobě,cs
Uniti nelle difficoltà,Stůjme při sobě,cs
"Uno, Dos, Tres","Jedna, dva, tři",cs
"Uno, dos, tres...","Jedna, dva, tři",cs
"Uno, dos, ¡cinco!","Raz, dva, pět!",cs
"Uno, dos... ¡cinco!","Raz, dva, pět!",cs
"Uno, due, cinque!","Raz, dva, pět!",cs
"Unu, doi, cinci!","Raz, dva, pět!",cs
"Unu, doi, trei","Jedna, dva, tři",cs
Unübertreffliche Schmiede,Apoteotická kovárna,cs
Upando Solo,Sólový postup,cs
Upward Mobility,Vytrvalý vzestup,cs
Urf Hamlesi,Urfův gambit,cs
Urf játszmája,Urfův gambit,cs
Urf zsákbamacskája,Urfova dárková taška,cs
Urf's Gambit,Urfův gambit,cs
Urf's Grab Bag,Urfova dárková taška,cs
Urf'ün Çekilişi,Urfova dárková taška,cs
Urfs Gambit,Urfův gambit,cs
Urfs Wundertüte,Urfova dárková taška,cs
Urgia de pe lume,Zhouba lichů,cs
Urgot,Urgot,cs
Utazó,Poutník,cs
Utazó embléma,Emblém Poutníka,cs
Utolsó esély,Nouzová,cs
Utolsó lehelet,Poslední zašeptání,cs
Uyumsuzlar,Pestrá sebranka,cs
Uzayın Ritmi,Vesmírný rytmus,cs
Uzayın Ritmi Amblemi,Emblém Vesmírného rytmu,cs
Vale a Espera,Vyplatí se čekat,cs
Vale la Pena la Espera,Vyplatí se čekat,cs
Valeva la pena aspettare,Vyplatí se čekat,cs
Valor del Titán,Titánské odhodlání,cs
Valor em Excesso,Viděti dvojmo,cs
Vampir-Vitalität,Upírská vitalita,cs
Vampiric Vitality,Upírská vitalita,cs
Vampirî Zindelik,Upírská vitalita,cs
Vanguard,Předvoj,cs
Vanguard Emblem,Emblém Předvoje,cs
Vanguarda,Předvoj,cs
Vanguardia,Předvoj,cs
Vara Innecesariamente Grande,Zbytečně dlouhá hůl,cs
Vara innecesariamente grande,Zbytečně dlouhá hůl,cs
Varus Besessenheit,Varusova posedlost,cs
Varus megszállottsága,Varusova posedlost,cs
Varus áldása,Varusův dar,cs
Varus' Segen,Varusův dar,cs
Varus's Boon,Varusův dar,cs
Varus's Obsession,Varusova posedlost,cs
Varus'un Lütfu,Varusův dar,cs
Varus'un Saplantısı,Varusova posedlost,cs
Varázsdobás,Kouzelný hod,cs
Varázsszőttes,Splétaná magie,cs
Vaseszközök,Železné vybavení,cs
Vaurien de la lumière,Zářivý rošťák,cs
Vay Tạm Ứng,Pokročilá půjčka,cs
Veigar,Veigar,cs
Velo costante,Večerháv,cs
Velo de sosiego,Rouška nehybnosti,cs
Velocidad Termeepnal,Termipnální rychlost,cs
Velocidad temperameeptal,Termipnální rychlost,cs
Velocidade Termipenal,Termipnální rychlost,cs
Velocità termipponale,Termipnální rychlost,cs
Venganza,Odplata,cs
Ventos Revigorantes,Druhý dech,cs
Verbannte,Vyhnanci,cs
Verbotener Götze,Zapovězená modla,cs
Verbündeter des Beschützers,Opatrovníkův spojenec,cs
Verdorbenes vampirisches Zepter,Zrádné upírské žezlo,cs
Verdugo Indiscriminado,Nevybíravý zabiják,cs
Verdugo de Gigantes,Zabiják obrů,cs
Verdugo de gigantes,Zabiják obrů,cs
Verdächtiger Trenchcoat,Podezřelý pršiplášť,cs
Verfehlte Verbindung,Ztracené konexe,cs
Verfluchte Klinge,Prokleté ostří,cs
Verfluchte Krone,Prokletá koruna,cs
Vergeltung,Odplata,cs
Vergoldeter Stahl,Pozlacená ocel,cs
Vergrabene Schätze,Zakopané poklady,cs
Vernichter,Zkázonoš,cs
Vernichter,Vyhlazovač,cs
Versteck des Barons,Baronovo doupě,cs
Verständnisvolles Implantat,Podpůrný implantát,cs
Verstärkendes Amulett,Medailon stimulace,cs
Vertu du martyr,Mučedníkova ctnost,cs
Verwittertes Relikt,Oprýskaná relikvie,cs
Verwobene Magie,Splétaná magie,cs
Vesta Espinosa,Ostnatá vesta,cs
Veste della stabilità,Rouška nehybnosti,cs
Vestă de mărăcini,Ostnatá vesta,cs
Vestă de zale,Kroužková vesta,cs
Vex,Vex,cs
Viaggiatore,Poutník,cs
Viajante,Poutník,cs
Viajero,Poutník,cs
Victorie neașteptată,Závěrečný spurt,cs
Vida Cotidiana,Pohodový život,cs
Vier-Gold-Verstärkung,Cenná posila,cs
Vigarista,Chmaták,cs
Viktor,Viktor,cs
Viktor'un Sihri,Viktorův triumf,cs
Viktor-ia de Arcane,Viktorův triumf,cs
Viktor-ia di Arcane,Viktorův triumf,cs
Viktor-ie ocultă,Viktorův triumf,cs
Viktoria Arcana,Viktorův triumf,cs
Viktória Arcana,Viktorův triumf,cs
Villanópengék,Blikavé čepele,cs
Villámakció,Ohnivý výprodej,cs
Vingadora Exocósmica,Božská pistolnice,cs
Virtud del Mártir,Mučedníkova ctnost,cs
Virtud del mártir,Mučedníkova ctnost,cs
Virtude do Mártir,Mučedníkova ctnost,cs
Virtue of the Martyr,Mučedníkova ctnost,cs
Virtutea martirului,Mučedníkova ctnost,cs
Virtù del martire,Mučedníkova ctnost,cs
Visage spirituel,Otisk duše,cs
Visionnaire,Hvězdopravec,cs
Visszatérés-történet,Odražení ode dna,cs
Vitalidad Vampírica,Upírská vitalita,cs
Vitalidad vampírica,Upírská vitalita,cs
Vitalidade Vampírica,Upírská vitalita,cs
Vitalitate vampirică,Upírská vitalita,cs
Vitalità vampirica,Upírská vitalita,cs
Vitalité vampirique,Upírská vitalita,cs
Viteză termipnală,Termipnální rychlost,cs
Viễn Chinh,Poutník,cs
Void Gauntlet,Pěstnice Prázdnoty,cs
Void Staff,Hůl Prázdnoty,cs
Voința buzduganului,Vůle palcátu,cs
Voința titanului,Titánské odhodlání,cs
Volonté de la massue,Vůle palcátu,cs
Voluntad de la maza,Vůle palcátu,cs
Voluntad del Mazo,Vůle palcátu,cs
Volver al Ruedo,Odražení ode dna,cs
Vorausdenken,Prozíravost,cs
Voto del Protettore,Ochráncův slib,cs
Voto del cavaliere,Rytířský slib,cs
Vous vous sentez en veine ?,Úsměv štěstěny,cs
Voyager,Poutník,cs
Voyager Emblem,Emblém Poutníka,cs
Voyageur,Poutník,cs
Vuốt Rồng,Dračí spár,cs
Vágj utat,Prosekání cesty,cs
Válassz adottságot,Vyber vlastnost,cs
Válogatás nélkül,Nevybíravý zabiják,cs
Vámpírerő I.,Upírská vitalita,cs
Ván Cược Hoàng Kim,Zlatý hod,cs
Ván Cược URF,Urfův gambit,cs
Várható váratlanság,Očekávaná neočekávanost,cs
Vânătoare de comori,Lov pokladů,cs
Vânător galactic,Galaktický lovec,cs
Vânătorul de uriași,Zabiják obrů,cs
Vé Kim Cương,Spektrální vstupenka,cs
Végjátékbeli erőnövelés,Zesílení do závěru hry,cs
Végtelen kétségbeesés,Nekonečné zoufalství,cs
Végtelen védelem,Ochrana nekonečna,cs
Végzethozó,Zkázonoš,cs
Vérszomjas,Krvežíznivec,cs
Véráldozat,Krvavá oběť,cs
Véráldozat,Krev za krev,cs
Vírusmátrix,Malwarová matice,cs
Vô Cực Kiếm,Ostří nekonečna,cs
Vô Pháp,Odpadlík,cs
Võ Sĩ Giác Đấu,Cena pro vítěze,cs
Vörös erősítés,Červený buff,cs
Văl uniform,Večerháv,cs
Vălul nemișcării,Rouška nehybnosti,cs
Vœu du chevalier,Rytířský slib,cs
Vœu du protecteur,Ochráncův slib,cs
Vươn Tới Tinh Tú,Zamiř ke hvězdám,cs
Vương Miện Chiến Thuật,Taktikova koruna,cs
Vương Miện Hoàng Gia,Korunní stráž,cs
Vương Miện Hắc Hóa,Prokletá koruna,cs
Vương Miện Nặng Trĩu,Tíha koruny,cs
W Czepku Urodzony,Stříbrná lžička,cs
W Czwórce Siła,Cenná posila,cs
Wachsende Wurzeln,Rozrůstání kořenů,cs
Wampiryczna Żywotność,Upírská vitalita,cs
Wand Overflow,Přebytek holí,cs
Wanderer,Poutník,cs
Wanderer-Emblem,Emblém Poutníka,cs
Warlord's Honor,Vojevůdcova čest,cs
Warmog vértje,Warmogova zbroj,cs
Warmog's Armor,Warmogova zbroj,cs
Warmog'un Zırhı,Warmogova zbroj,cs
Warmogs Rüstung,Warmogova zbroj,cs
Warpath,Válečná stezka,cs
Warto Poczekać,Vyplatí se čekat,cs
Wartość Dodana,Viděti dvojmo,cs
Wczesna Nauka,Úvodní poznatky,cs
We Stick Together,Držíme pospolu,cs
Weise Ausgaben,Chytrý nákup,cs
Weltraum-Groove,Vesmírný rytmus,cs
Weltraum-Groove-Emblem,Emblém Vesmírného rytmu,cs
Wezwanie Chaosu,Výzva chaosu,cs
Widmowy Rapier,Přízračná šavle,cs
Wie ist es um dein Glück bestellt?,Úsměv štěstěny,cs
Wieczny Brąz,Bronz nad zlato,cs
Wieczny Pakt,Věčná dohoda,cs
Wiederaufnahme der Mission,Restartování mise,cs
Wielka Wygrana,Závěrečný spurt,cs
Wielki Wybuch,Velký třesk,cs
Wielkie Poświęcenie,Neodvolatelná volba,cs
Wielkość i Potęga,Velikost a síla,cs
Wieża,Věž,cs
Willkürlicher Killer,Nevybíravý zabiják,cs
Win Out,Závěrečný spurt,cs
"Winzig, aber tödlich","Drobní, ale vražední",cs
Winzige Titanen,Drobní titáni,cs
Winzigster Titan,Nejtitěrnější titán,cs
Wir halten zusammen,Držíme pospolu,cs
Wise Spending,Chytrý nákup,cs
Wit's End,Nouzová,cs
Withered Relic,Oprýskaná relikvie,cs
Wkalkulowana Strata,Promyšlená prohra,cs
Wojenna Ścieżka,Válečná stezka,cs
Wola Buławy,Vůle palcátu,cs
Worth the Wait,Vyplatí se čekat,cs
Woven Magic,Splétaná magie,cs
Wskrzeszenie,Dar vzkříšení,cs
Wsparcie,Stůjme při sobě,cs
Wspinaczka po Drabince,Šplhání žebříčkem,cs
Wspólne Siły,Sehraný tým,cs
Wybierz cechę,Vyber vlastnost,cs
Wygięty Łuk,Reflexní luk,cs
Wygnańcy,Vyhnanci,cs
Wykuj Znajomego,Vyrob si kamaráda,cs
Wykuklenie,"Marioneta, to jsem já",cs
Wykuto w Sile,Síla artefaktů,cs
Wyniesienie,Vzestup,cs
Wyprzedaż na Ostro,Ohnivý výprodej,cs
Wyrocznia,Věštec,cs
Wysokie Napięcie,Vysoké napětí,cs
Wytnij sobie drogę,Prosekání cesty,cs
Wywyższenie Kayle,Kaylino povznesení,cs
Wzmacniający Medalion,Medailon stimulace,cs
Wzmocnienie Raz i Dwa,"Jeden buff, dva buffy",cs
Wälzer der Attribute,Kniha vlastností,cs
Wędrujący Krab,Říční krab,cs
Włócznia Shojin,Oštěp Šódžinu,cs
Xayah,Xayah,cs
Xoay Bài Tự Động,Rekombobulátor,cs
Xây Dựng Đội Hình,Teambuilding,cs
Xúc Xắc Hoành Tráng,Epický výlov,cs
Xúc Xắc Ma Pháp,Kouzelný hod,cs
Xúc Xắc Vô Tận,Vybíravé výběry,cs
Xạ Thần,Božská pistolnice,cs
Yaldızlı Çelik,Pozlacená ocel,cs
Yalnız Zırh,Sólový plát,cs
Yampiri Yengeç,Říční krab,cs
Yan Etkiler,Vedlejší účinky,cs
Yarı İletken,Polovodič,cs
Yasak İdol,Zapovězená modla,cs
Yasuo Figyelemmegosztása,Yasuův Široký paprsek,cs
Yasuo aranymezője,Yasuovo zlaté pole,cs
Yasuo kardforgatása,Yasuovo mistrovství meče,cs
Yasuo áldása,Yasuův dar,cs
Yasuo'nun Altın Hücresi,Yasuovo zlaté pole,cs
Yasuo'nun Kılıç Sanatı,Yasuovo mistrovství meče,cs
Yasuo'nun Lütfu,Yasuův dar,cs
Yasuo'nun İlgi Budalası Eklentisi,Yasuův Široký paprsek,cs
Yasuo's Bladework,Yasuovo mistrovství meče,cs
Yasuo's Boon,Yasuův dar,cs
Yasuo's Golden Hex,Yasuovo zlaté pole,cs
Yasuo's Share The Spotlight,Yasuův Široký paprsek,cs
Yasuo: Împarte centrul atenției,Yasuův Široký paprsek,cs
Yasuos Goldfeld,Yasuovo zlaté pole,cs
Yasuos Klingentanz,Yasuovo mistrovství meče,cs
Yasuos Segen,Yasuův dar,cs
Yasuos „Teile das Rampenlicht“,Yasuův Široký paprsek,cs
Yatırımın Getirisi,Investice,cs
Yayılan Kökler,Rozrůstání kořenů,cs
Yayım Yayındır,Máš můj luk,cs
Yağmacı,Žoldnéř,cs
Yağmacı Amblemi,Emblém Žoldnéře,cs
Yaşayan Ocak,Živoucí kovárna,cs
Yedek Yaylar,Záložní luky,cs
Yelmo Adaptable,Přizpůsobivá přilba,cs
Yelmo adaptable,Přizpůsobivá přilba,cs
Yelmo sombrío,Žoldnéř,cs
Yeni Çağ,Epocha,cs
Yenilemeye Devam,Hvězdná obnova,cs
Yenilmez,Nezdolný,cs
Yok Edici,Vyhlazovač,cs
Yolumdan Dönmem,JEDU SI TO SVOJE,cs
You Have My Bow,Máš můj luk,cs
Yozlaşmış Vampirî Asa,Zrádné upírské žezlo,cs
Yük Aktarımı,Přenos náboje,cs
Yüklü Borç,Pokročilá půjčka,cs
Yüksek Voltaj,Vysoké napětí,cs
Yükseliş,Vzestup,cs
Yıldız Gözlemcisi,Hvězdopravec,cs
Yıldız Gözlemcisi Amblemi,Emblém Hvězdopravce,cs
Yıldız Kombosu,Hvězdné kombo,cs
Yıldızlara Uzan,Zamiř ke hvězdám,cs
Yıpranmış Antika,Oprýskaná relikvie,cs
Zaangażowanie,Investice,cs
Zaawansowana Pożyczka,Pokročilá půjčka,cs
Zabójca do Wynajęcia,Nájemný zabiják,cs
Zabójczy Kapelusz Rabadona,Rabadonův smrtící klobouk,cs
Zagracony Umysł,Zaneprázdněná mysl,cs
Zagłada,Zkázonoš,cs
Zakopane Skarby,Zakopané poklady,cs
Zamankıran,Ničitel času,cs
Zamankıran Amblemi,Emblém Ničitele času,cs
Zapora Przedniej Formacji,Základ přední řady,cs
Zaprzepaszczona Znajomość,Ztracené konexe,cs
Zapuszczanie Korzeni,Rozrůstání kořenů,cs
Zararına Satış,Ohnivý výprodej,cs
Zasłona Równości,Večerháv,cs
Zbiry,Odpadlík,cs
Zdrang!,Žďuch!,cs
Zed,Zed,cs
Zed,Narušitel Zed,cs
Zed Invasor,Narušitel Zed,cs
Zed Invasore,Narušitel Zed,cs
Zed Kẻ Xâm Lăng,Narušitel Zed,cs
Zefir,Vánek,cs
Zefiro,Vánek,cs
Zefír,Vánek,cs
Zeitbrecher,Ničitel času,cs
Zeitbrecher-Emblem,Emblém Ničitele času,cs
Zeița armelor,Božská pistolnice,cs
Zeke hírnöke,Zekeův posel,cs
Zeke komor hírnöke,Zekeův pochmurný posel,cs
Zeke'nin Kasvetli Sancağı,Zekeův pochmurný posel,cs
Zeke'nin Sancağı,Zekeův posel,cs
Zeke's Bleak Herald,Zekeův pochmurný posel,cs
Zeke's Herald,Zekeův posel,cs
Zekes Herold,Zekeův posel,cs
Zekes düsterer Herold,Zekeův pochmurný posel,cs
Zephir,Vánek,cs
Zephyr,Vánek,cs
Zielerfassungslinse,Zaměřovací optika,cs
Zihin Açıklığı,Čistá mysl,cs
Zihin Bulanıklığı,Zaneprázdněná mysl,cs
Zihinsel Hazırlık,Farmení aury,cs
Zincir Yelek,Kroužková vesta,cs
Zindelik Broşu,Medailon stimulace,cs
Zjazd Urodzinowy,Narozeninové setkání,cs
Zmora Licza,Zhouba lichů,cs
Zoe,Zoe,cs
Zorn des Kraken,Krakenův hněv,cs
Zoé,Zoe,cs
Zsivány,Odpadlík,cs
Zsivány embléma,Emblém Odpadlíka,cs
Zsúfolt elme,Zaneprázdněná mysl,cs
Zu etwas nütze,Aspoň k něčemu,cs
Zu viel Wert,Viděti dvojmo,cs
Zu welchem Preis,Za jakou cenu,cs
Zu zäh,Odolná dvojka,cs
Zumito de la risa,Šťáva Cappa,cs
Zusammenarbeit,Sehraný tým,cs
Zwillingswächter,Strážná dvojice,cs
Zwycięstwo Viktora z Arcane,Viktorův triumf,cs
Zz'Rot Kapısı,Portál Zz'Rotu,cs
Zz'Rot Portal,Portál Zz'Rotu,cs
Zz'Rot-Portal,Portál Zz'Rotu,cs
Zz'Rot-kapu,Portál Zz'Rotu,cs
Záporozó könnyek,Kanoucí slzy,cs
Zéfiro,Vánek,cs
Zéphyr,Vánek,cs
Zügiger Doppelkill,Rychlý dvojzářez,cs
Ząb Nashora,Nashorův tesák,cs
Złote Jajo,Zlaté vejce,cs
Złote Pole Yasuo,Yasuovo zlaté pole,cs
Złote Ryzyko,Zlatý hod,cs
Złoty Smok,Zlatý drak,cs
Złowroga Monetyzacja,Zákeřná monetizace,cs
¡Bonk!,Žďuch!,cs
¡Estadísticas a tutiplén!,Nálož atributů!,cs
¡Milestadísticas!,Nálož atributů!,cs
¡Pum!,Žďuch!,cs
¡Sube de nivel!,Nová úroveň!,cs
¡Subes de nivel!,Nová úroveň!,cs
¿A qué precio?,Za jakou cenu,cs
¿Hacemos un Muñeco?,"Marioneta, to jsem já",cs
¿Te Sientes con Suerte?,Úsměv štěstěny,cs
À toute meepesse,Termipnální rychlost,cs
Ábrete Camino,Prosekání cesty,cs
Ác Nữ,Temná paní,cs
Állhatatos szív,Nezlomné srdce,cs
Ám Ảnh Của Varus,Varusova posedlost,cs
Ánima,Anima,cs
Áo Choàng Bóng Tối,Přelom noci,cs
Áo Choàng Bạc,Negatronový plášť,cs
Áo Choàng Chiến Thuật,Taktikův plášť,cs
Áo Choàng Diệt Vong,Nekonečné zoufalství,cs
Áo Choàng Gai,Ostnatá vesta,cs
Áo Choàng Lửa,Plášť slunečního žáru,cs
Áo Choàng Mờ Ám,Podezřelý pršiplášť,cs
Áo Choàng Thủy Ngân,Rtuť,cs
Áo Choàng Tĩnh Lặng,Rouška nehybnosti,cs
Árbitro,Soudce,cs
Árnybáb,Stínová loutka,cs
Árvore de Características,Strom vlastností,cs
Ân Huệ Của Ahri,Ahřin dar,cs
Ân Huệ Của Aurelion Sol,Aurelion Solův dar,cs
Ân Huệ Của Ekko,Ekkův dar,cs
Ân Huệ Của Evelynn,Evelynnin dar,cs
Ân Huệ Của Kayle,Kaylin dar,cs
Ân Huệ Của Soraka,Soračin dar,cs
Ân Huệ Của Thresh,Threshův dar,cs
Ân Huệ Của Varus,Varusův dar,cs
Ân Huệ Của Yasuo,Yasuův dar,cs
Ân Huệ Tái Sinh,Dar vzkříšení,cs
Ägide der Abenddämmerung,Štít soumraku,cs
Ägide der Morgendämmerung,Štít úsvitu,cs
Çelik İntikam,Božská pistolnice,cs
Çelikten Yürek,Srdce z oceli,cs
Çifte Ödül,Tandemová fronta,cs
Échos réparateurs,Léčivé ozvěny,cs
Édes falatok,Slaďounké dobroty,cs
Égida del Amanecer,Štít úsvitu,cs
Égida del Ocaso,Štít soumraku,cs
Égida del amanecer,Štít úsvitu,cs
Égida del anochecer,Štít soumraku,cs
Égide da Alvorada,Štít úsvitu,cs
Égide de l'aube,Štít úsvitu,cs
Égide do Crepúsculo,Štít soumraku,cs
Égide du crépuscule,Štít soumraku,cs
Électrocharge,Elektrický výboj,cs
Élharcos,Předvoj,cs
Élharcos embléma,Emblém Předvoje,cs
Énke,Miplík,cs
Énke embléma,Emblém Miplíka,cs
Énkesebesség,Termipnální rychlost,cs
Énkike,Mipík,cs
Época,Epocha,cs
Építhető kísérő,Stavebnice společníků,cs
Éradicateur,Vyhlazovač,cs
Étincelle ionique,Iontová jiskra,cs
Éveil de l'âme,Probuzení duše,cs
Éxito Crítico,Kritický úspěch,cs
Éxito crítico,Kritický úspěch,cs
Ídolo Prohibido,Zapovězená modla,cs
Ídolo Proibido,Zapovězená modla,cs
Ídolo prohibido,Zapovězená modla,cs
Îmbrâncire,Bušení,cs
Îmbrățișare de grup,Společné objetí,cs
Împrumut avansat,Pokročilá půjčka,cs
În echipă,Sehraný tým,cs
Încărcare electrică,Elektrický výboj,cs
Înfățișarea sufletului,Otisk duše,cs
Întețește focul,Krmení plamenů,cs
Învingătorii iau totul,Cena pro vítěze,cs
Învățături timpurii,Úvodní poznatky,cs
Óptica de Fijación de Objetivo,Zaměřovací optika,cs
Óptica de fijado de objetivos,Zaměřovací optika,cs
Óriásölő,Zabiják obrů,cs
Ô Hoàng Kim của Yasuo,Yasuovo zlaté pole,cs
Ôm Tập Thể,Společné objetí,cs
Ödüllü Müsabaka,Cena pro vítěze,cs
Ölüm Kılıcı,Čepel smrti,cs
Ölümcül Bıçaklar,Vražednější čepele,cs
Öncü,Předvoj,cs
Öncü Amblemi,Emblém Předvoje,cs
Örök paktum,Věčná dohoda,cs
Összetartunk,Držíme pospolu,cs
Összetevőrablás,Loupež základních předmětů,cs
Össztűz,Soustředěná palba,cs
Ösztönző medál,Medailon stimulace,cs
Övszállítmány,Pevné opasky,cs
Özel Yapım,Neopotřebovaný,cs
Özellik Ağacı,Strom vlastností,cs
Özellik Seç,Vyber vlastnost,cs
Özellikler Kitabı,Kniha vlastností,cs
Újonc,Nový rekrut,cs
Újraalkotó,Rekombobulátor,cs
Újrahasznosító láda,Recyklátor,cs
Újrasorsolás napestig,Vybíravé výběry,cs
Últimas palabras,Poslední zašeptání,cs
Último Suspiro,Poslední zašeptání,cs
Último Sussurro,Poslední zašeptání,cs
Übergroßer Stab,Zbytečně dlouhá hůl,cs
Überlebender,Nezdolný,cs
Übungspuppe,Cvičná loutka,cs
Ürességkesztyű,Pěstnice Prázdnoty,cs
Üçler Ordusu,Legie tří,cs
Üçlük,Trojice,cs
Ý Chỉ Xích Chùy,Vůle palcátu,cs
Ăn Mòn,Koroze,cs
Ăn Trộm,Zlodějíček,cs
Đai Khổng Lồ,Obrův opasek,cs
Đam Mê Gậy,Přebytek holí,cs
Đam Mê Kiếm,Přebytek mečů,cs
Đam Mê Đai Lưng,Pevné opasky,cs
Đao Chớp,Blikavé čepele,cs
Đao Tím,Nouzová,cs
Đo Ni Đóng Giày,Rukavice pro štěstí,cs
Đá Hắc Hóa,Klenot nákazy,cs
Đánh Là Trúng,Běž do toho,cs
Đường Ra Trận,Válečná stezka,cs
Được Này Mất Kia,Aspoň k něčemu,cs
Đại Bác Liên Thanh,Rychlopalné ohnivé dělo,cs
Đấu Sĩ,Rváč,cs
Đầu Tư,Investice,cs
Đẩy Nhanh Tiến Độ,Vytrvalý vzestup,cs
Đặc Quyền Phú Gia,Stříbrná lžička,cs
Định Mệnh,Splétač osudu,cs
Đồng Minh Của Bụt,Opatrovníkův spojenec,cs
Độc Hành,Vyhnanci,cs
Đội Hình Tối Ưu,Vrcholná sestava,cs
Động Cơ Tăng Tốc,Mechanický urychlovač,cs
İdman Eldiveni,Tréninkové rukavice,cs
İhtiyaç Paketi,Dárkový balíček,cs
İki Elin Sesi Var,Viděti dvojmo,cs
İki Kat Güçlendirme,"Jeden buff, dva buffy",cs
İkinci Şans,Druhý dech,cs
İkiz Muhafızlar,Strážná dvojice,cs
İleri Görüşlülük,Prozíravost,cs
İleri Safha Gücü,Zesílení do závěru hry,cs
İleri Safhalarda Görüşürüz,Specialista na závěrečnou fázi,cs
İlk Öğretiler,Úvodní poznatky,cs
İstilacı Zed,Narušitel Zed,cs
İyon Kıvılcımı,Iontová jiskra,cs
Ładunek Elektryczny,Elektrický výboj,cs
Łamacze Czasu,Ničitel času,cs
Ławka Pandory,Pandořina střídačka,cs
Łubudu!,Žďuch!,cs
Łuki Zapasowe,Záložní luky,cs
Łut Szczęścia,Úsměv štěstěny,cs
Łza Bogini,Slza bohyně,cs
Łącze Cybernetyczne,Kybernetická linka,cs
Łącze Drona,Dronová linka,cs
Œuf d'or,Zlaté vejce,cs
Ślubowanie Protektora,Ochráncův slib,cs
Świetliste Wywyższenie Kayle,Kaylino zářivé povznesení,cs
Świetlisty Szelma,Zářivý rošťák,cs
Świeży Wyrób,Neopotřebovaný,cs
Świt Srebrzystej,Úsvit nad Stříbromořím,cs
Şafak Kalkanı,Štít úsvitu,cs
Şafağın Özü,Jádro úsvitu,cs
Şans Benimle,Úsměv štěstěny,cs
Şanslı Eldiven,Rukavice pro štěstí,cs
Şanslı Hissediyorum,Výzva chaosu,cs
Şapkat Nektarı,Šťáva Cappa,cs
Şifalı Küreler,Léčivá oka,cs
Şifalı Yankılar,Léčivé ozvěny,cs
Şok Dayanıklı,Odolná dvojka,cs
Şövalyenin Adağı,Rytířský slib,cs
Űrzúzda,Vesmírný rytmus,cs
Űrzúzda embléma,Emblém Vesmírného rytmu,cs
Żelazne Zasoby,Železné vybavení,cs
Żywa Kuźnia,Živoucí kovárna,cs
Żywe Srebro,Rtuť,cs
Țesător al destinului,Splétač osudu,cs
Țintește spre stele,Zamiř ke hvězdám,cs
Άατροξ,Aatrox,cs
Άνιμα,Anima,cs
Άξιζε η Αναμονή,Vyplatí se čekat,cs
Έζρεαλ,Ezreal,cs
Έμβλημα N.O.V.A.,Emblém N.O.V.A.,cs
Έμβλημα Άνιμα,Emblém Animy,cs
Έμβλημα Αστρομάντη,Emblém Hvězdopravce,cs
Έμβλημα Βοσκού,Emblém Pastýře,cs
Έμβλημα Διεκδικητή,Emblém Vyzyvatele,cs
Έμβλημα Ελεύθερου Σκοπευτή,Emblém Odstřelovače,cs
Έμβλημα Εμπροσθοφυλακής,Emblém Předvoje,cs
Έμβλημα Καβγατζή,Emblém Rváče,cs
Έμβλημα Κριτή,Emblém Soudce,cs
Έμβλημα Μιπ,Emblém Miplíka,cs
Έμβλημα Πριμόρντιαν,Emblém Prapůvodního,cs
Έμβλημα Σελασπίδας,Erb Lightshieldů,cs
Έμβλημα Σκοτεινού Ιππότη,Emblém Žoldnéře,cs
Έμβλημα Ταξιδευτή,Emblém Poutníka,cs
Έμβλημα Χρονοθραύστη,Emblém Ničitele času,cs
Έμβλημα του Αλήτη,Emblém Odpadlíka,cs
Έμβλημα του Διαστημικού Ρυθμού,Emblém Vesmírného rytmu,cs
Έμβλημα του Προτειχίσματος,Emblém Bašty,cs
Έμβλημα του Σκοτεινού Άστρου,Emblém Temné hvězdy,cs
Έμβλημα των Σιδηρών Σολάρι,Medailónek železných Solari,cs
Ένα Κομμάτι Ζωή,Pohodový život,cs
"Ένα, Δύο, Πέντε!","Raz, dva, pět!",cs
"Ένα, Δύο, Τρία","Jedna, dva, tři",cs
Όλεθρος των Απέθαντων,Zhouba lichů,cs
Όρκος του Ιππότη,Rytířský slib,cs
Όρκος του Υπερασπιστή,Ochráncův slib,cs
Όψη Πνευμάτων,Otisk duše,cs
Ύποπτη Καπαρντίνα,Podezřelý pršiplášť,cs
Αγωγός,Prostředník,cs
Αδάμαστος,Nezdolný,cs
Αιγίδα της Αυγής,Štít úsvitu,cs
Αιγίδα του Δειλινού,Štít soumraku,cs
Αιμοδιψής,Krvežíznivec,cs
Αιχμή του Απείρου,Ostří nekonečna,cs
Αιώνας,Epocha,cs
Αιώνια Διαθήκη,Věčná dohoda,cs
Ακάλι,Akali,cs
Ακλόνητη Καρδιά,Nezlomné srdce,cs
Αλήτης,Odpadlík,cs
Αμοιβαίο Κεφάλαιο,Investiční fond,cs
Ανέλιξη,Vytrvalý vzestup,cs
Αναλογική αύξηση προς το τέλος του παιχνιδιού,Zesílení do závěru hry,cs
Αναμονή του Απροσδόκητου,Očekávaná neočekávanost,cs
Ανασυνδυαστής,Rekombobulátor,cs
Ανεβαίνοντας στην Κατάταξη,Šplhání žebříčkem,cs
Ανταπόδοση,Odplata,cs
Αντιγραφέας,Replikátor,cs
Αντικείμενα Πανδώρας,Pandořiny předměty,cs
Απέραντη Απόγνωση,Nekonečné zoufalství,cs
Απαγορευμένο Είδωλο,Zapovězená modla,cs
Απατεώνας,Chmaták,cs
Απλωμένες Ρίζες,Rozrůstání kořenů,cs
Αποθεωτικό Σιδηρουργείο,Apoteotická kovárna,cs
Αποκλειστική Προσαρμογή,Exkluzivní úprava,cs
Απομίμηση,Replikace,cs
Αποφασιστικότητα του Τιτάνα,Titánské odhodlání,cs
Αρετή του Μάρτυρα,Mučedníkova ctnost,cs
Ασημένιο Κουτάλι,Stříbrná lžička,cs
Ασπίδα για Έναν,Sólový plát,cs
Ασπίδα του Συμβούλου,Taktikův štít,cs
Αστρικός Συνδυασμός,Hvězdné kombo,cs
Αστρομάντης,Hvězdopravec,cs
Ατσάλινοι Πόροι,Železné vybavení,cs
Αυγή στο Σίλβερμιρ,Úsvit nad Stříbromořím,cs
Αυτοσχέδια Πανοπλία,Provizorní zbroj,cs
Αφύπνιση Ψυχής,Probuzení duše,cs
Βάρα και Σκάσε,Běž do toho,cs
Βάρδος,Bard,cs
Βέιγκαρ,Veigar,cs
Βίκτορ,Viktor,cs
Βίκτορ της Απόκρυφης Γνώσης,Viktorův triumf,cs
Βαρύ Τίμημα,Za jakou cenu,cs
Βελτιστοποίηση,Pečlivé ladění,cs
Βεξ,Vex,cs
Βιονικά Εμφυτεύματα,Kybernetické implantáty,cs
Βιονική Ζεύξη,Kybernetická linka,cs
Βοσκός,Pastýř,cs
Βρες Το Κέντρο Σου,Najdi své těžiště,cs
Γ.Μ.Τ. Σπαθί,K. V. meč,cs
Γάντι του Κενού,Pěstnice Prázdnoty,cs
Γάντια Μονομαχίας,Tréninkové rukavice,cs
Γάντια του Κλέφτη,Zlodějské rukavice,cs
Γάντια του Φούρναρη,Palčáky,cs
Γαλαξιακός Κυνηγός,Galaktický lovec,cs
Γαριδρομέας,Říční krab,cs
Γιαταγάνι Φαντασμάτων,Přízračná šavle,cs
Γκναρ,Gnar,cs
Γκουέν,Gwen,cs
Γκράγκας,Gragas,cs
Γκρέιβς,Graves,cs
Γκόλεμ,Golem,cs
Γνωσιακή Υπερφόρτιση,Kognitivní přetížení,cs
Γνωσιακό Κόστος,Kognitivní zátěž,cs
Γρήγορη Διπλή Εξόντωση,Rychlý dvojzářez,cs
Γρήγορη Εκκίνηση,Rychlý start,cs
Δάκρυ της Θεάς,Slza bohyně,cs
Δάνειο για προχωρημένους,Pokročilá půjčka,cs
Δίδυμοι Φύλακες,Strážná dvojice,cs
Δεν Υποχωρούμε,Pevná linie,cs
Δεσμευτική Στρατηγική,Neodvolatelná volba,cs
Διάβρωση,Koroze,cs
Διάταξη,Nástup,cs
Διαδρομή Πολέμου,Válečná stezka,cs
Διαστημικός Ρυθμός,Vesmírný rytmus,cs
Διεκδικητής,Vyzyvatel,cs
Διεφθαρμένο Βαμπιρικό Σκήπτρο,Zrádné upírské žezlo,cs
Διοικήτρια Άνιμα,Velitelka Animy,cs
Διοικητής,Velitel,cs
Διπλή Αξία,Viděti dvojmo,cs
Δοκίμασε Την Τύχη Σου,Úsměv štěstěny,cs
Δόντι του Νάσορ,Nashorův tesák,cs
Δόρυ του Σοτζίν,Oštěp Šódžinu,cs
Δύο Ντούκια,Odolná dvojka,cs
Δώρο Γενεθλίων,Dárek k narozeninám,cs
Δώσε,Bušení,cs
Εδραιωμένη Εμπροσθοφυλακή,Základ přední řady,cs
Εδώ οι Καλές Ενισχύσεις,"Jeden buff, dva buffy",cs
Εδώ το Παραδάκι,Nenasytnost,cs
Ειδικός Τελικών Σταδίων Παιχνιδιού,Specialista na závěrečnou fázi,cs
Εισβολέας Ζεντ,Narušitel Zed,cs
Εκπαίδευση Σωματοφύλακα,Výcvik tělesného strážce,cs
Εκπτώσεις-φωτιά,Ohnivý výprodej,cs
Εκρηκτική Ανάπτυξη,Výbušný růst,cs
Εκστρατεία,Expedice,cs
Ελαφρώς Μαγική Ζαριά,Mírně magický hod,cs
Ελεύθερος Σκοπευτής,Odstřelovač,cs
Εμπορικός Πυρήνας,Jádro obchodu,cs
Εμπορικός Τομέας,Obchodní sektor,cs
Εμπροσθοφυλακή,Předvoj,cs
Ενισχυμένη Ισχύς,Augmentovaná síla,cs
Εξολοθρευτής,Vyhlazovač,cs
Εξόριστοι,Vyhnanci,cs
Εξύψωση,Vzestup,cs
Επέκταση,Rozvětvení,cs
Επένδυση,Investice,cs
Επίχρυσο Ατσάλι,Pozlacená ocel,cs
Επαγγελματίας Δολοφόνος,Nájemný zabiják,cs
Επαγγελματίας Μαχητής,Cena pro vítěze,cs
Επανεκκίνηση Αποστολής,Restartování mise,cs
Επιζών,Nezdolný,cs
Επικίνδυνες Κινήσεις,Riskantní tah,cs
Επικό Μπαρμπούτι,Epický výlov,cs
Επιλέξτε Χαρακτηριστικό,Vyber vlastnost,cs
Επόμενη Πίστα!,Nová úroveň!,cs
Εστιασμένο Πυρ,Soustředěná palba,cs
Ευελιξία,Flexibilita,cs
Ευλογία Ανάστασης,Dar vzkříšení,cs
Ευλογία του Νταή,Kutilův dar,cs
Ευπροσάρμοστο Κράνος,Přizpůsobivá přilba,cs
Εφεδρικά Τόξα,Záložní luky,cs
Ζάια,Xayah,cs
Ζέφυρος,Vánek,cs
Ζεντ,Zed,cs
Ζεύξη με Ντρόουν,Dronová linka,cs
Ζοφερός Κήρυκας του Ζέκε,Zekeův pochmurný posel,cs
Ζωντανή Πυρά,Živoucí kovárna,cs
Ζόη,Zoe,cs
Ζώνη του Γίγαντα,Obrův opasek,cs
Η Έξαρση της Κέιλ,Kaylino povznesení,cs
Η Ακτινοβόλος Έξαρση της Κέιλ,Kaylino zářivé povznesení,cs
Η Αύρα της Άρι,Ahřina aura,cs
Η Εμμονή του Βάρους,Varusova posedlost,cs
Η Μεγάλη Έκρηξη,Velký třesk,cs
Η Ξιφασκία του Υασούο,Yasuovo mistrovství meče,cs
Η Υπομονή Είναι Αρετή,Trpělivost je ctnost,cs
Η Υπομονή του Έκκο,Ekkova trpělivost,cs
Η Ψυχή του Πάρτι,Pařmen,cs
Η ομάδα πάνω απ' όλα,Sehraný tým,cs
Ηλεκτροφόρτιση,Elektrický výboj,cs
Ημιαγωγός,Polovodič,cs
Ηρωικός Σάκος Δώρων,Hrdinská dárková taška,cs
Θέατρο Σκιών,Stínová loutka,cs
Θέληση του Ροπάλου,Vůle palcátu,cs
Θαμμένοι Θησαυροί,Zakopané poklady,cs
Θανάσιμα Καπέλα,Vražednější klobouky,cs
Θεά των Όπλων,Božská pistolnice,cs
Θεϊκή Ευλογία,Požehnaný bohy,cs
Θεϊκός Μονομάχος,Božský duelista,cs
Θυσία Αίματος,Krvavá oběť,cs
Θώρακας Κισσού,Ostnatá vesta,cs
Ιαματικός Αντίλαλος,Léčivé ozvěny,cs
Ιλλαόη,Illaoi,cs
Ιστορική Ανατροπή,Odražení ode dna,cs
Ιόνιος Σπίθα,Iontová jiskra,cs
Κάδος με Παλιοσίδερα,Recyklátor,cs
Κάι'Σα,Kai'Sa,cs
Κάλεσμα στο Χάος,Výzva chaosu,cs
Κάπα του Συμβούλου,Taktikův plášť,cs
Κάρμα,Karma,cs
Κάτι Κάνω και Εγώ,Aspoň k něčemu,cs
Κέιτλιν,Caitlyn,cs
Κήρυκας του Ζέκε,Zekeův posel,cs
Κίντρεντ,Kindred,cs
Καβγατζής,Rváč,cs
Καθαρό Μυαλό,Čistá mysl,cs
Κακόβουλα Έσοδα,Zákeřná monetizace,cs
Καλά Φιλαράκια,Nejlepší přátelé,cs
Κανόνι από Γυαλί,Skleněné dělo,cs
Καπέλο του Ράμπαντον,Rabadonův smrtící klobouk,cs
Καρδιά από Ατσάλι,Srdce z oceli,cs
Καταιγίδα του Λούντεν,Ludenova bouře,cs
Καταναλωτική Μανία,Nákupní horečka,cs
Καταραμένη Λεπίδα,Prokleté ostří,cs
Καταραμένο Πετράδι,Klenot nákazy,cs
Καταραμένο Στέμμα,Prokletá koruna,cs
Καταστροφέας,Zkázonoš,cs
Κατοπτρισμένη Προσωπικότητα,Zrcadlová osobnost,cs
Κατώτερη Κατοπτρισμένη Προσωπικότητα,Menší Zrcadlová osobnost,cs
Καχουναχούνα,Kahunahuna,cs
Κολοσσιαία Ύδρα,Titánská hydra,cs
Κοσμική Επανεκκίνηση,Kosmický restart,cs
Κουζίνα του Συμβούλου,Taktikova kuchyně,cs
Κουκλοποίηση,"Marioneta, to jsem já",cs
Κούκλα Εκπαίδευσης,Cvičná loutka,cs
Κούκλες Δοκιμής Σύγκρουσης,Sebevražední panáci,cs
Κρίσιμη Επιτυχία,Kritický úspěch,cs
Κριτής,Soudce,cs
Κρυφό Εργαστήριο,Čekající kovárna,cs
Κυνήγι Θησαυρού,Lov pokladů,cs
Κυρτό Τόξο,Reflexní luk,cs
Κόκκινη Ενίσχυση,Červený buff,cs
Κόπανος Εφόδου,Útočníkův řemdih,cs
Κόρκι,Corki,cs
Κύπελλο της Δύναμης,Pohár moci,cs
ΛεΜπλάν,LeBlanc,cs
Λεγεώνα των Τριών,Legie tří,cs
Λειτουργία Αγωγού,Režim Prostředník,cs
Λειτουργία Αντιγραφέα,Replikační režim,cs
Λειτουργία Διεκδικητή,Soubojový režim,cs
Λελογισμένη Ήττα,Promyšlená prohra,cs
Λεπίδα Θανάτου,Čepel smrti,cs
Λεπίδα της Νύχτας,Přelom noci,cs
Λεόνα,Leona,cs
Ληστεία Συστατικών,Loupež základních předmětů,cs
Λισάντρα,Lissandra,cs
Λογαριασμός Ταμιευτηρίου,Spořicí účet,cs
Λούλου,Lulu,cs
Λυτρωτής,Spasitel,cs
Μάζωξη γενεθλίων,Narozeninové setkání,cs
Μάντης,Věštec,cs
Μάστερ Γι,Mistr Yi,cs
Μέγιστο Build,Vrcholná sestava,cs
Μένουμε Ενωμένοι,Držíme pospolu,cs
Μίλιο,Milio,cs
Μίνι Μαύρη Τρύπα,Mini černá díra,cs
Μαγική Ζαριά,Kouzelný hod,cs
Μαγικό Υφαντό,Splétaná magie,cs
Μαγοτεχνικό Σπαθοπίστολο,Magitechnická puškočepel,cs
Μαζί Ενωμένοι,Stůjme při sobě,cs
Μαζί στο Φως των Προβολέων του Υασούο,Yasuův Široký paprsek,cs
Μαθήματα Πυγμαχίας,Lekce v boxu,cs
Μανδύας Εξουδετέρωσης,Negatronový plášť,cs
Μανδύας του Ήλιου,Plášť slunečního žáru,cs
Μαοκάι,Maokai,cs
Μεγάλοι Και Τρανοί,Velikost a síla,cs
Μερική Εξύψωση,Částečné vyzdvižení,cs
Μεταφορά Φορτίου,Přenos náboje,cs
Μια Ένδοξη Περιπέτεια,Velkolepé dobrodružství,cs
Μικροί Στο Μάτι,"Drobní, ale vražední",cs
Μικροσκοπικοί Τιτάνες,Drobní titáni,cs
Μικρούληδες Φίλοι,Malí kámoši,cs
Μικρός Σάκος Δώρων,Malá dárková taška,cs
Μιπ,Miplík,cs
Μιπίδιο,Mipík,cs
Μις Φόρτσουν,Miss Fortune,cs
Μοργκάνα,Morgana,cs
Μορελονομικόν,Morellonomicon,cs
Μορντεκάιζερ,Mordekaiser,cs
Μπελ'Βεθ,Bel'Veth,cs
Μπλίτζκρανκ,Blitzcrank,cs
Μπλε Ενίσχυση,Modrý buff,cs
Μπονκ!,Žďuch!,cs
Μπράιαρ,Briar,cs
Νάμι,Nami,cs
Νάσους,Nasus,cs
Νεοσύλλεκτος,Nový rekrut,cs
Νούνου και Γουίλαμπ,Nunu a Willump,cs
Ντιάνα,Diana,cs
Ντόρτια,Cenná posila,cs
Νύχι του Δράκου,Dračí spár,cs
Νύχια του Λωποδύτη,Lovcův dráp,cs
Ο Δολοφόνος που δεν Κάνει Διακρίσεις,Nevybíravý zabiják,cs
Ο Πάγκος της Πανδώρας,Pandořina střídačka,cs
Ο Πρωταγωνιστής δεν Πεθαίνει,Sdílená zbroj,cs
Ο Πύργος,Věž,cs
Ο Χρυσός Δράκος,Zlatý drak,cs
Ο πιο Μικροσκοπικός Τιτάνας,Nejtitěrnější titán,cs
"ΟΧΙ ΠΑΡΑΚΟΛΟΥΘ., ΟΧΙ ΑΛΛΑΓΕΣ",JEDU SI TO SVOJE,cs
Οι Απροσάρμοστοι,Pestrá sebranka,cs
"Οικονόμος, όχι Τσιγκούνης",Chytrý nákup,cs
Ολοκαίνουργιο,Neopotřebovaný,cs
Ομαδική Αγκαλιά,Společné objetí,cs
Οπτικά Συστήματα Στόχευσης,Zaměřovací optika,cs
Οργή του Κράκεν,Krakenův hněv,cs
Οργανικό Εμφύτευμα,Podpůrný implantát,cs
Οργισμένο Σπαθί του Γκουίνσου,Guinsoova zuřivá čepel,cs
Ορν,Ornn,cs
Ουρά Αναμονής Για Δύο,Tandemová fronta,cs
Ούργκοτ,Urgot,cs
Πάικ,Pyke,cs
Πάνθεον,Pantheon,cs
Πέπλο Δειλινού,Večerháv,cs
Πέπλο της Σιωπής,Rouška nehybnosti,cs
Πέτρινη Πανοπλία του Γκαργκόιλ,Chrličův kamenný plát,cs
Πακέτο Ενίσχυσης,Posilovací balíček,cs
Πακέτο Φροντίδας,Dárkový balíček,cs
Πανοπλία του Γόρμογκ,Warmogova zbroj,cs
Παρανοϊκό Ξίφος,Nouzová,cs
Παρασιτική Ζωτικότητα,Upírská vitalita,cs
Παρενέργειες,Vedlejší účinky,cs
Περίσσευμα Ζωνών,Pevné opasky,cs
Περίσσευμα Ραβδιών,Přebytek holí,cs
Περίσσευμα Σπαθιών,Přebytek mečů,cs
Περίτεχνη Δημιουργία,Zručná výroba,cs
Περικάρπιο του Ερευνητή,Stopařčin chránič,cs
Περιττά Τεράστια Ράβδος,Zbytečně dlouhá hůl,cs
Περπάτα στα Κάρβουνα,Krmení plamenů,cs
Πετραδένιο Γάντι,Zdobená pěstnice,cs
Πετραδένιος Λωτός,Zdobený květ,cs
Πηγαίνοντας Μακριά,Dlouhodobá investice,cs
Πιο Θανάσιμες Λεπίδες,Vražednější čepele,cs
Πλέγμα Κακόβουλου Λογισμικού,Malwarová matice,cs
Πνεύμα Λύτρωσης,Duch odplaty,cs
Πολλά Στατιστικά!,Nálož atributů!,cs
Πολλές Ανανεώσεις,Vybíravé výběry,cs
Πολυκαιρισμένο Κειμήλιο,Oprýskaná relikvie,cs
Πολυτελής Συνδρομή,Luxusní předplatné,cs
Πολύπλευρο Κέρδος,Závěrečný spurt,cs
Πριμόρντιαν,Prapůvodní,cs
Πρισματικό Εισιτήριο,Spektrální vstupenka,cs
Προνοητική Σκέψη,Prozíravost,cs
Προστασία από Άπειρο,Ochrana nekonečna,cs
Προτείχισμα,Bašta,cs
Προτείχισμα,Ochranný val,cs
Πρόκληση του Στέρακ,Sterakova zástava,cs
Πρώιμες Διδαχές,Úvodní poznatky,cs
Πόπι,Poppy,cs
Πύλη Ζζ'Ροτ,Portál Zz'Rotu,cs
Ράαστ,Rhaast,cs
Ράβδος του Κενού,Hůl Prázdnoty,cs
Ράβδος των Σεραφίμ,Serafínova hůl,cs
Ράμους,Rammus,cs
Ρίβεν,Riven,cs
Ραβδί Αρχάγγελου,Archandělova hůl,cs
Ρεκ'Σάι,Rek'Sai,cs
Σάκος Δώρων,Dárková taška s předměty,cs
Σάκος Δώρων του Ουρφ,Urfova dárková taška,cs
Σάκος Μεγάλου Κάβουρα,Velká dárková taška,cs
Σαμίρα,Samira,cs
Σεν,Shen,cs
Σιδερόπλεκτο Γιλέκο,Kroužková vesta,cs
Σκοτεινή Κυρία,Temná paní,cs
Σκοτεινό Άστρο,Temná hvězda,cs
Σκοτεινός Ιππότης,Žoldnéř,cs
Σκοτισμένο Μυαλό,Zaneprázdněná mysl,cs
Σμιλεμένο με Δύναμη,Síla artefaktů,cs
Σοκολατάκια,Slaďounké dobroty,cs
Σούφρωμα,Zlodějíček,cs
Σπάτουλα,Obracečka,cs
Στέμμα του Συμβούλου,Taktikova koruna,cs
Στεμματοφύλακας,Korunní stráž,cs
Στιλέτο Στατικού Ηλεκτρισμού,Statikkova kudla,cs
Στόχος μας τα Άστρα,Zamiř ke hvězdám,cs
Συγκέντρωση Δυνάμεων,Druhý dech,cs
Συγκέντρωση Ορίζοντα,Soustředěný horizont,cs
Συμμορία,Tlupa zlodějů,cs
Συμμορία II,Tlupa zlodějů II,cs
Συνδρομητική Υπηρεσία,Předplacená služba,cs
Συνεχής Επίκληση,Souvislé sesílání,cs
Συντήρηση Βιοΰλης,Konzervátor biomateriálu,cs
Σφαίρες Θεραπείας,Léčivá oka,cs
Σχέδιο Οπισθοφυλακής,Plán pro zadní řadu,cs
Σόλο Άνοδος Επιπέδου,Sólový postup,cs
Σόνα,Sona,cs
Σύμμαχος του Οδοιπόρου,Opatrovníkův spojenec,cs
Σύσφιξη Δεσμών,Teambuilding,cs
Τάλον,Talon,cs
Τίμο,Teemo,cs
Τα Δάκρυα Κύλησαν,Kanoucí slzy,cs
Ταμ Κεντς,Tahm Kench,cs
Ταμπλό του Ήλιου,Plocha slunečního žáru,cs
Ταξιδευτής,Poutník,cs
Τελευταίος Ψίθυρος,Poslední zašeptání,cs
Τερμιπική Ταχύτητα,Termipnální rychlost,cs
Τεχνίτης Ραβδιών,Výrobce holí,cs
Τεχνίτης Σπαθιών,Výrobce mečů,cs
Τζαξ,Jax,cs
Τζιν,Jhin,cs
Τζινξ,Jinx,cs
Τηγάνι,Litinová pánev,cs
Τιμή σε Αίμα,Krev za krev,cs
Τιμή του Πολέμαρχου,Vojevůdcova čest,cs
Το Ένστικτο της Έβελιν,Evelynnin instinkt,cs
Το Δέντρο των Χαρακτηριστικών,Strom vlastností,cs
Το Δώρο της Άρι,Ahřin dar,cs
Το Δώρο της Έβελιν,Evelynnin dar,cs
Το Δώρο της Κέιλ,Kaylin dar,cs
Το Δώρο της Σοράκα,Soračin dar,cs
Το Δώρο του Έκκο,Ekkův dar,cs
Το Δώρο του Βάρους,Varusův dar,cs
Το Δώρο του Θρες,Threshův dar,cs
Το Δώρο του Υασούο,Yasuův dar,cs
Το Δώρο του Ωρέλιον Σολ,Aurelion Solův dar,cs
Το Θαύμα της Σοράκα,Soračin zázrak,cs
Το Λημέρι του Βαρόνου,Baronovo doupě,cs
Το Μέγεθος Μετράει,Na velikosti záleží,cs
Το Πανίσχυρο Mech,Mocný mech,cs
Το Στέμμα Είναι Βαρύ,Tíha koruny,cs
Το Τέχνασμα του Ουρφ,Urfův gambit,cs
Το Τεσσάρι το Καλό,Vražední čtveráci,cs
Το Τόξο μου στη Διάθεσή σου,Máš můj luk,cs
Το Φανάρι του Θρες,Threshova lucerna,cs
Το Χαρντκόρε Της Αυγής,Jádro úsvitu,cs
Το Χρυσό Αυγό,Zlaté vejce,cs
Τονωτικό Μενταγιόν,Medailon stimulace,cs
Τουίστεντ Φέιτ,Twisted Fate,cs
Τρίδυμο,Trojice,cs
Τρεμολεπίδες,Blikavé čepele,cs
Τσεκούρι της Κόλασης,Sekera pekelného ohně,cs
Τσο'Γκαθ,Cho'Gath,cs
Τυχερά Γάντια,Rukavice pro štěstí,cs
Τόμος Χαρακτηριστικών,Kniha vlastností,cs
"Τώρα Κλαις, Γιατί Κλαις",Potok slz,cs
Τώρα Που Έχω Ρέντα,Hvězdná obnova,cs
ΥΠΕΡΤΑΧYΤΑΤΟ ΠΥΡ,U.R.F.,cs
Υδράργυρος,Rtuť,cs
Υπέρλαμπρος Κατεργάρης,Zářivý rošťák,cs
Υπομονετική Μελέτη,Trpělivé studium,cs
Υφάντρα της Μοίρας,Splétač osudu,cs
Υψηλή Τάση,Vysoké napětí,cs
Φαρμάρισμα Αύρας,Farmení aury,cs
Φιζ,Fizz,cs
Φιόρα,Fiora,cs
Φλεγόμενο Ολμοβόλο,Rychlopalné ohnivé dělo,cs
Φολιδωτή Ουσία,Esence Mihotavců,cs
Φονέας Γιγάντων,Zabiják obrů,cs
Φορητό Εργαστήριο,Přenosná kovárna,cs
Φτιάξε Έναν Φίλο,Vyrob si kamaráda,cs
Φτιάξε τον Δικό σου Φίλο,Postav si kámoše,cs
Φτιάξτε έναν σύντροφο,Stavebnice společníků,cs
Φυλαχτό της Εξύψωσης,Amulet Vyzdvižení,cs
Χάλκινη για Πάντα,Bronz nad zlato,cs
Χέρι της Δικαιοσύνης,Ruka spravedlnosti,cs
Χαμένες Συνδέσεις,Ztracené konexe,cs
Χαράξτε Μονοπάτι,Prosekání cesty,cs
Χαρτζιλίκι,Peníze na oběd,cs
Χρηματοθύελλα,Zlatý monzun,cs
Χρονοθραύστης,Ničitel času,cs
Χρυσό Εξάγωνο του Υασούο,Yasuovo zlaté pole,cs
Χρυσό Ποντάρισμα,Zlatý hod,cs
Χυμός Κάπα,Šťáva Cappa,cs
Ψαροκόκκαλο,Rakeťák,cs
Ψυχογενές Έμβλημα,Emblém Psionika,cs
Ψυχογενής,Psionik,cs
Ωρέλιον Σολ,Aurelion Sol,cs
Ωρολογιακός Επιταχυντής,Mechanický urychlovač,cs
Ωρόρα,Aurora,cs
Авангард,Předvoj,cs
Аврора,Aurora,cs
Агрессивная монетизация,Zákeřná monetizace,cs
Адаптивный шлем,Přizpůsobivá přilba,cs
Акали,Akali,cs
Арбитр,Soudce,cs
Арена солнечного пламени,Plocha slunečního žáru,cs
Атрокс,Aatrox,cs
Аугментированная сила,Augmentovaná síla,cs
Аура Ари,Ahřina aura,cs
Аурелион Сол,Aurelion Sol,cs
Бард,Bard,cs
Башня,Věž,cs
Бел'Вет,Bel'Veth,cs
Бесконечное отчаяние,Nekonečné zoufalství,cs
Благословлен.,Požehnaný bohy,cs
Близость удачи,Úsměv štěstěny,cs
Блицкранк,Blitzcrank,cs
Божественный дуэлянт,Božský duelista,cs
Более смертельные шляпы,Vražednější klobouky,cs
Больше – лучше,Na velikosti záleží,cs
Большой взрыв,Velký třesk,cs
Большой мешок с сюрпризом,Velká dárková taška,cs
Боньк!,Žďuch!,cs
Брайер,Briar,cs
Бронза навек,Bronz nad zlato,cs
Бунтари,Pestrá sebranka,cs
Буря Людена,Ludenova bouře,cs
Бустер,Posilovací balíček,cs
В лучах славы (Ясуо),Yasuův Široký paprsek,cs
В ударе,Hvězdná obnova,cs
Варежки,Palčáky,cs
Вверх по головам,Šplhání žebříčkem,cs
Вейгар,Veigar,cs
Векс,Vex,cs
Вербовка,Nový rekrut,cs
Верное сердце,Nezlomné srdce,cs
Вестник Зика,Zekeův posel,cs
Вестник рока,Zkázonoš,cs
Вечерний покров,Večerháv,cs
Вечное обновление,Vybíravé výběry,cs
Вечный договор,Věčná dohoda,cs
Взрывной рост,Výbušný růst,cs
Виктор,Viktor,cs
Возвышение Кейл,Kaylino povznesení,cs
Возмездие,Odplata,cs
Вознесение,Vzestup,cs
Волевая победа,Odražení ode dna,cs
Воля булавы,Vůle palcátu,cs
Воровская шайка,Tlupa zlodějů,cs
Воровская шайка II,Tlupa zlodějů II,cs
Восстанавливающий медальон,Medailon stimulace,cs
Вредоносная матрица,Malwarová matice,cs
Вредоносный самоцвет,Klenot nákazy,cs
Второе дыхание,Druhý dech,cs
Выбор особенности,Vyber vlastnost,cs
Выбор сделан,JEDU SI TO SVOJE,cs
Выгодное предложение,Chytrý nákup,cs
Выживший,Nezdolný,cs
Высокая ценность,Viděti dvojmo,cs
Высокое напряжение,Vysoké napětí,cs
Галактика грува,Vesmírný rytmus,cs
Гамбит Урфа,Urfův gambit,cs
Гвен,Gwen,cs
Герб Лайтшилдов,Erb Lightshieldů,cs
Геройский мешок с сюрпризом,Hrdinská dárková taška,cs
Гибкость,Flexibilita,cs
Гнар,Gnar,cs
Голем,Golem,cs
Головокружение,Zaneprázdněná mysl,cs
Головорез,Odpadlík,cs
Горнило испытаний,Síla artefaktů,cs
Грабеж,Zlodějíček,cs
Грагас,Gragas,cs
Грань Бесконечности,Ostří nekonečna,cs
Грань ночи,Přelom noci,cs
Грейвз,Graves,cs
Гроза Личей,Zhouba lichů,cs
Гроза галактики,Božská pistolnice,cs
Групповые обнимашки,Společné objetí,cs
Гуляка,Pařmen,cs
Да пребудет с вами сила четверки,Vražední čtveráci,cs
Дальновидность,Prozíravost,cs
Дар Ари,Ahřin dar,cs
Дар Аурелиона Сола,Aurelion Solův dar,cs
Дар Варуса,Varusův dar,cs
Дар Кейл,Kaylin dar,cs
Дар Сораки,Soračin dar,cs
Дар Треша,Threshův dar,cs
Дар Эвелинн,Evelynnin dar,cs
Дар Экко,Ekkův dar,cs
Дар Ясуо,Yasuův dar,cs
Дар возрождения,Dar vzkříšení,cs
Дар ремесленника,Kutilův dar,cs
Два стража,Strážná dvojice,cs
Двойная защита,Odolná dvojka,cs
Дебошир,Rváč,cs
Дерево особенностей,Strom vlastností,cs
Держать строй!,Pevná linie,cs
Держимся вместе,Držíme pospolu,cs
Джакс,Jax,cs
Джин,Jhin,cs
Джинкс,Jinx,cs
Диана,Diana,cs
Добродетель мученика,Mučedníkova ctnost,cs
Доспех Вармога,Warmogova zbroj,cs
Драгоценная перчатка,Zdobená pěstnice,cs
Драгоценный лотос,Zdobený květ,cs
Дух искупления,Duch odplaty,cs
Жажда золота,Nenasytnost,cs
Железный аргумент,Železné vybavení,cs
Живая кузница,Živoucí kovárna,cs
Живучесть вампира,Upírská vitalita,cs
Жулик,Chmaták,cs
Задира,Vyzyvatel,cs
Закопанные сокровища,Zakopané poklady,cs
Западный ветер,Vánek,cs
Запасные луки,Záložní luky,cs
Запретный идол,Zapovězená modla,cs
Заточка Статикка,Statikkova kudla,cs
Защита вечности,Ochrana nekonečna,cs
Звездная комбинация,Hvězdné kombo,cs
Звездочет,Hvězdopravec,cs
Звериный отряд,Anima,cs
Зед,Zed,cs
Зеркальное отражение,Zrcadlová osobnost,cs
Златоносная сущность,Esence Mihotavců,cs
Зов хаоса,Výzva chaosu,cs
Зои,Zoe,cs
Золотая ячейка Ясуо,Yasuovo zlaté pole,cs
Золотое яйцо,Zlaté vejce,cs
Золотой дракон,Zlatý drak,cs
Золотой риск,Zlatý hod,cs
Золотой ураган,Zlatý monzun,cs
Зуб Нашора,Nashorův tesák,cs
Игра в команде,Sehraný tým,cs
Игра в паре,Tandemová fronta,cs
Игра вдолгую,Dlouhodobá investice,cs
Избиение,Bušení,cs
Изгнание,Vyhnanci,cs
Изогнутый лук,Reflexní luk,cs
Иллаой,Illaoi,cs
Инвестиции,Investice,cs
Инстинкты Эвелинн,Evelynnin instinkt,cs
Ионийская искра,Iontová jiskra,cs
Искупитель,Spasitel,cs
Искусное искусство,Zručná výroba,cs
Испытание Стерака,Sterakova zástava,cs
Иссушенная реликвия,Oprýskaná relikvie,cs
Истребитель,Vyhlazovač,cs
Кай'Са,Kai'Sa,cs
Какой ценой?,Za jakou cenu,cs
Каменный доспех гаргульи,Chrličův kamenný plát,cs
Карма,Karma,cs
Карманные деньги,Peníze na oběd,cs
Карьерный рост,Vytrvalý vzestup,cs
Кахунахуна,Kahunahuna,cs
Кейтлин,Caitlyn,cs
Киберимпланты,Kybernetické implantáty,cs
Киберподдержка,Kybernetická linka,cs
Киндред,Kindred,cs
Клинок смерти,Čepel smrti,cs
Клинок ярости Гинсу,Guinsoova zuřivá čepel,cs
Клятва защитника,Ochráncův slib,cs
Клятва рыцаря,Rytířský slib,cs
Книга особенностей,Kniha vlastností,cs
Когнитивная нагрузка,Kognitivní zátěž,cs
Когнитивная перегрузка,Kognitivní přetížení,cs
Коготь дракона,Dračí spár,cs
Коготь охотника,Lovcův dráp,cs
Кольчуга,Kroužková vesta,cs
Командир,Velitel,cs
Командир Звериного отряда,Velitelka Animy,cs
Конструктор,Postav si kámoše,cs
Копье Седзина,Oštěp Šódžinu,cs
Корки,Corki,cs
Королевский венец,Korunní stráž,cs
Корона тактика,Taktikova koruna,cs
Коррозия,Koroze,cs
Космическое обновление,Kosmický restart,cs
Кража компонентов,Loupež základních předmětů,cs
Красное усиление,Červený buff,cs
Критический успех,Kritický úspěch,cs
Кровавая цена,Krev za krev,cs
Кровавое подношение,Krvavá oběť,cs
Кровопийца,Krvežíznivec,cs
Крошки-великаны,Drobní titáni,cs
Крупный займ,Pokročilá půjčka,cs
Кузница апофеоза,Apoteotická kovárna,cs
Кусочек жизни,Pohodový život,cs
Кухня тактика,Taktikova kuchyně,cs
Ле Блан,LeBlanc,cs
Легион троек,Legie tří,cs
Леденящий Вестник Зика,Zekeův pochmurný posel,cs
Леона,Leona,cs
Летающие ножи,Blikavé čepele,cs
Лиссандра,Lissandra,cs
Логово Барона,Baronovo doupě,cs
Лопатка,Obracečka,cs
Лулу,Lulu,cs
Лучезарное возвышение Кейл,Kaylino zářivé povznesení,cs
Лучезарный плут,Zářivý rošťák,cs
Лучшая сборка,Vrcholná sestava,cs
Лучшие друзья,Nejlepší přátelé,cs
Магические кости,Kouzelný hod,cs
"Мал, да удал","Drobní, ale vražední",cs
Малая черная дыра,Mini černá díra,cs
Маленькие друзья,Malí kámoši,cs
Малое Зеркальное отражение,Menší Zrcadlová osobnost,cs
Манекенофикация,"Marioneta, to jsem já",cs
Манекены для краш-тестов,Sebevražední panáci,cs
Мантия тактика,Taktikův plášť,cs
Маокай,Maokai,cs
Мародер,Žoldnéř,cs
Мастер Йи,Mistr Yi,cs
Мастер мечей,Výrobce mečů,cs
Мастер посохов,Výrobce holí,cs
Мастерство Ясуо,Yasuovo mistrovství meče,cs
Медальон Железных Солари,Medailónek železných Solari,cs
Мешок предметов,Dárková taška s předměty,cs
Мешок с сюрпризом Урфа,Urfova dárková taška,cs
Милио,Milio,cs
Минмаксинг,Pečlivé ladění,cs
Мипер,Miplík,cs
Мипоритка,Mipík,cs
Мисс Фортуна,Miss Fortune,cs
Могучие исполины,Velikost a síla,cs
Моргана,Morgana,cs
Мордекайзер,Mordekaiser,cs
Мореллономикон,Morellonomicon,cs
Мощь на позднем этапе,Zesílení do závěru hry,cs
Н.О.В.А.,N.O.V.A.,cs
Набор ауры,Farmení aury,cs
Наемный убийца,Nájemný zabiják,cs
Накидка солнечного пламени,Plášť slunečního žáru,cs
Накопитель биомассы,Konzervátor biomateriálu,cs
Накопительный вклад,Spořicí účet,cs
Нами,Nami,cs
Наручи Искательницы,Stopařčin chránič,cs
Настоящий триумф,Závěrečný spurt,cs
Насус,Nasus,cs
Небольшой мешок с сюрпризом,Malá dárková taška,cs
Непрерывное колдовство,Souvislé sesílání,cs
Несокрушимый,Bašta,cs
Нет на месте,AFK,cs
Неукротимость,Nezdolný,cs
Нечестивый Вампирский скипетр,Zrádné upírské žezlo,cs
Новинка,Neopotřebovaný,cs
Новый уровень!,Nová úroveň!,cs
Номер один,Ztracené konexe,cs
Нуну и Виллумп,Nunu a Willump,cs
Облачение духов,Otisk duše,cs
Обновление с капелькой магии,Mírně magický hod,cs
Одержимость Варуса,Varusova posedlost,cs
Один доспех,Sólový plát,cs
"Один, два, три","Jedna, dva, tři",cs
"Одно усиление, два усиления","Jeden buff, dva buffy",cs
Ожидаемая неожиданность,Očekávaná neočekávanost,cs
Оплот,Ochranný val,cs
Оплот передней линии,Základ přední řady,cs
Оправданное ожидание,Vyplatí se čekat,cs
Оптика с захватом цели,Zaměřovací optika,cs
Оракул,Věštec,cs
Орн,Ornn,cs
Охота за сокровищами,Lov pokladů,cs
Охотник Галактики,Galaktický lovec,cs
Пайк,Pyke,cs
Пантеон,Pantheon,cs
Пастух,Pastýř,cs
Перезапуск миссии,Restartování mise,cs
Переизбыток жезлов,Přebytek holí,cs
Переизбыток мечей,Přebytek mečů,cs
Переизбыток поясов,Pevné opasky,cs
Перенос заряда,Přenos náboje,cs
Переносная кузница,Přenosná kovárna,cs
Переработка отходов,Recyklátor,cs
Перчатка Бездны,Pěstnice Prázdnoty,cs
Перчатки вора,Zlodějské rukavice,cs
Плетение магии,Splétaná magie,cs
Плечом к плечу,Stůjme při sobě,cs
Победа Виктора из ''Аркейна'',Viktorův triumf,cs
Побочные эффекты,Vedlejší účinky,cs
Поглощающий плащ,Negatronový plášť,cs
Подарок на день рождения,Dárek k narozeninám,cs
Подготовка телохранителя,Výcvik tělesného strážce,cs
Поднятие уровня в одиночку,Sólový postup,cs
Подозрительный плащ,Podezřelý pršiplášť,cs
Подписка,Předplacená služba,cs
Позолоченная сталь,Pozlacená ocel,cs
Покров тишины,Rouška nehybnosti,cs
Покупки,Nákupní horečka,cs
Полупроводник,Polovodič,cs
Поппи,Poppy,cs
Портал Зз'Рота,Portál Zz'Rotu,cs
Посох Бездны,Hůl Prázdnoty,cs
Посох архангела,Archandělova hůl,cs
Посох серафима,Serafínova hůl,cs
Построение,Nástup,cs
Посылка,Dárkový balíček,cs
Пояс великана,Obrův opasek,cs
Празднование юбилея,Narozeninové setkání,cs
Предметы Пандоры,Pandořiny předměty,cs
Предсмертный шепот,Poslední zašeptání,cs
Приз победителю,Cena pro vítěze,cs
Призматический билет,Spektrální vstupenka,cs
Призрачная сабля,Přízračná šavle,cs
Прицельная стрельба,Soustředěná palba,cs
Пришелец Зед,Narušitel Zed,cs
Пробуждение души,Probuzení duše,cs
Проводник,Prostředník,cs
Прокладывание пути,Prosekání cesty,cs
Проклятая корона,Prokletá koruna,cs
Проклятый клинок,Prokleté ostří,cs
Псионик,Psionik,cs
Пугливый краб,Říční krab,cs
Путь к вершине,Velkolepé dobrodružství,cs
Путь к звездам,Zamiř ke hvězdám,cs
Рааст,Rhaast,cs
"Раз, два, пять!","Raz, dva, pět!",cs
Разрушитель времени,Ničitel času,cs
Раммус,Rammus,cs
Ранние уроки,Úvodní poznatky,cs
Распаленное пламя,Krmení plamenů,cs
Расползающиеся корни,Rozrůstání kořenů,cs
Распродажа,Ohnivý výprodej,cs
Расширение дела,Rozvětvení,cs
Режим задиры,Soubojový režim,cs
Режим проводника,Režim Prostředník,cs
Режим репликатора,Replikační režim,cs
Рек'Сай,Rek'Sai,cs
Рекомбинатор,Rekombobulátor,cs
Реликт,Prapůvodní,cs
Репликатор,Replikátor,cs
Репликация,Replikace,cs
Решимость титана,Titánské odhodlání,cs
Ривен,Riven,cs
Рискованный ход,Riskantní tah,cs
Робот,Mech,cs
Роскошная подписка,Luxusní předplatné,cs
Рука правосудия,Ruka spravedlnosti,cs
С места в карьер,Rychlý start,cs
С тобой мой лук,Máš můj luk,cs
Самира,Samira,cs
Самодельный доспех,Provizorní zbroj,cs
Самый Лучший Меч,K. V. meč,cs
Самый крошечный великан,Nejtitěrnější titán,cs
Самый могучий робот,Mocný mech,cs
Свежая поставка,Běž do toho,cs
Сверхмипная скорость,Termipnální rychlost,cs
Связь с дроном,Dronová linka,cs
Серебряная ложка,Stříbrná lžička,cs
Сильвермирская заря,Úsvit nad Stříbromořím,cs
Симпатический имплант,Podpůrný implantát,cs
Синее усиление,Modrý buff,cs
Скамейка Пандоры,Pandořina střídačka,cs
Скелетница,Rakeťák,cs
Сковородка,Litinová pánev,cs
Скорострельная пушка,Rychlopalné ohnivé dělo,cs
Сладкие угощения,Slaďounké dobroty,cs
Слеза богини,Slza bohyně,cs
Слезы рекой,Potok slz,cs
Слишком Большой Жезл,Zbytečně dlouhá hůl,cs
Смертельная шляпа Рабадона,Rabadonův smrtící klobouk,cs
Смертоносные клинки,Vražednější čepele,cs
Смерть Разума,Nouzová,cs
Снайпер,Odstřelovač,cs
Создание друга,Vyrob si kamaráda,cs
Создание спутника,Stavebnice společníků,cs
Сона,Sona,cs
Союзник,Opatrovníkův spojenec,cs
Специалист по поздним этапам,Specialista na závěrečnou fázi,cs
Спящая кузница,Čekající kovárna,cs
Стальное сердце,Srdce z oceli,cs
Статическое электричество,Elektrický výboj,cs
Стеклянная пушка,Skleněné dělo,cs
Странник,Poutník,cs
Страховой фонд,Investiční fond,cs
Стремительное двойное убийство,Rychlý dvojzářez,cs
Стремительное серебро,Rtuť,cs
Струящиеся слезы,Kanoucí slzy,cs
Суть коммерции,Jádro obchodu,cs
Сфера лечения,Léčivá oka,cs
Счастливые перчатки,Rukavice pro štěstí,cs
Сюжетная защита,Sdílená zbroj,cs
Таам Кенч,Tahm Kench,cs
Талисман вознесения,Amulet Vyzdvižení,cs
Талон,Talon,cs
Твистед Фэйт,Twisted Fate,cs
Темная звезда,Temná hvězda,cs
Темная леди,Temná paní,cs
Теневая марионетка,Stínová loutka,cs
Терновый жилет,Ostnatá vesta,cs
Терпеливый ученик,Trpělivé studium,cs
Терпение,Trpělivost je ctnost,cs
Терпение Экко,Ekkova trpělivost,cs
Тимбилдинг,Teambuilding,cs
Тимо,Teemo,cs
Титаническая гидра,Titánská hydra,cs
Ткач судьбы,Splétač osudu,cs
Тонны показателей!,Nálož atributů!,cs
Топор адского пламени,Sekera pekelného ohně,cs
Торговый сектор,Obchodní sektor,cs
Тренировочные перчатки,Tréninkové rukavice,cs
Тренировочный манекен,Cvičná loutka,cs
Триада,Trojice,cs
Тропа войны,Válečná stezka,cs
Тяжел венец,Tíha koruny,cs
У.Р.Ф.,U.R.F.,cs
Убийство без разбора,Nevybíravý zabiják,cs
Убийца великанов,Zabiják obrů,cs
Ургот,Urgot,cs
Уроки бокса,Lekce v boxu,cs
Физз,Fizz,cs
Фиора,Fiora,cs
Фонарь Треша,Threshova lucerna,cs
Хекстековый прицел,Soustředěný horizont,cs
Хекстековый штык,Magitechnická puškočepel,cs
Хитрая тактика,Promyšlená prohra,cs
Хоть какая-то польза,Aspoň k něčemu,cs
Целеустремленность,Neodvolatelná volba,cs
Центр внимания,Najdi své těžiště,cs
Цеп вышибалы,Útočníkův řemdih,cs
Часовой механизм,Mechanický urychlovač,cs
Частичное вознесение,Částečné vyzdvižení,cs
Чаша силы,Pohár moci,cs
Чертеж для задней линии,Plán pro zadní řadu,cs
Честь полководца,Vojevůdcova čest,cs
Четырехкратное усиление,Cenná posila,cs
Чо'Гат,Cho'Gath,cs
Чудо Сораки,Soračin zázrak,cs
Шапучий напиток,Šťáva Cappa,cs
Шая,Xayah,cs
Шен,Shen,cs
Щит тактика,Taktikův štít,cs
Эгида рассвета,Štít úsvitu,cs
Эгида сумерек,Štít soumraku,cs
Эзреаль,Ezreal,cs
Эксклюзивная кастомизация,Exkluzivní úprava,cs
Экспедиция,Expedice,cs
Эмблема Галактики грува,Emblém Vesmírného rytmu,cs
Эмблема Звериного отряда,Emblém Animy,cs
Эмблема Н.О.В.А.,Emblém N.O.V.A.,cs
Эмблема Темной звезды,Emblém Temné hvězdy,cs
Эмблема авангарда,Emblém Předvoje,cs
Эмблема арбитра,Emblém Soudce,cs
Эмблема головореза,Emblém Odpadlíka,cs
Эмблема дебошира,Emblém Rváče,cs
Эмблема задиры,Emblém Vyzyvatele,cs
Эмблема звездочета,Emblém Hvězdopravce,cs
Эмблема мародера,Emblém Žoldnéře,cs
Эмблема мипера,Emblém Miplíka,cs
Эмблема несокрушимого,Emblém Bašty,cs
Эмблема пастуха,Emblém Pastýře,cs
Эмблема псионика,Emblém Psionika,cs
Эмблема разрушителя времени,Emblém Ničitele času,cs
Эмблема реликта,Emblém Prapůvodního,cs
Эмблема снайпера,Emblém Odstřelovače,cs
Эмблема странника,Emblém Poutníka,cs
Эпические обновления,Epický výlov,cs
Эпоха,Epocha,cs
Эхо восстановления,Léčivé ozvěny,cs
Ядро рассвета,Jádro úsvitu,cs
Ярость кракена,Krakenův hněv,cs
Ясный ум,Čistá mysl,cs
آتروكس,Aatrox,cs
أربعة تكسب ترقية,Cenná posila,cs
أصغر عملاق,Nejtitěrnější titán,cs
أطنان من الإحصاءات!,Nálož atributů!,cs
أفضل الأصدقاء,Nejlepší přátelé,cs
أكالي,Akali,cs
أنيما,Anima,cs
أورغوت,Urgot,cs
أورن,Ornn,cs
أورورا,Aurora,cs
أوريليون سول,Aurelion Sol,cs
إرادة الصولجان,Vůle palcátu,cs
إزريال,Ezreal,cs
إعادة المهمة,Restartování mise,cs
إيلاوي,Illaoi,cs
اتصالات فائتة,Ztracené konexe,cs
اختر خاصية,Vyber vlastnost,cs
اختصاصي نهاية المباراة,Specialista na závěrečnou fázi,cs
استبدالٌ ملحمي,Epický výlov,cs
استحضار السحر المستمر,Souvislé sesílání,cs
اعثر على مركزك,Najdi své těžiště,cs
الأحزمة الوفيرة,Pevné opasky,cs
الأربعة تربح,Vražední čtveráci,cs
الأشقياء,Pestrá sebranka,cs
الأصول الحديدية,Železné vybavení,cs
الأقواس الاحتياطية,Záložní luky,cs
الأمر يستحق الانتظار,Vyplatí se čekat,cs
الإنفاق الحكيم,Chytrý nákup,cs
الاتصال الآلي,Kybernetická linka,cs
الاتصال بالدرون,Dronová linka,cs
الاختلاس,Zlodějíček,cs
الارتقاء,Vzestup,cs
الارتقاء الجزئي,Částečné vyzdvižení,cs
الاستبدالات الوفيرة,Vybíravé výběry,cs
الاستثمار,Investice,cs
الاستثمار طويل الأجل,Dlouhodobá investice,cs
الاستخلاص المفيد,Recyklátor,cs
الاستنساخ,Replikace,cs
الاستهلاك ضروري,Bušení,cs
الاشتراك الفخم,Luxusní předplatné,cs
الالتزام الصارم,Neodvolatelná volba,cs
الانفجار العظيم,Velký třesk,cs
البداية الكونية الجديدة,Kosmický restart,cs
البرج,Věž,cs
البرونزي حتى النهاية,Bronz nad zlato,cs
البيضة الذهبية,Zlaté vejce,cs
التآكل,Koroze,cs
التأثيرات الجانبية,Vedlejší účinky,cs
التاج الملعون,Prokletá koruna,cs
التحفة الذابلة,Oprýskaná relikvie,cs
التحويل إلى دمية,"Marioneta, to jsem já",cs
الترقية!,Nová úroveň!,cs
التشكيل الأقصى,Vrcholná sestava,cs
التصنيع المتقن,Zručná výroba,cs
التغيب عن اللعب,AFK,cs
التفكير المتقدم,Prozíravost,cs
التمثال المحرّم,Zapovězená modla,cs
التنين الذهبي,Zlatý drak,cs
التوسع,Rozvětvení,cs
الثقب الأسود الصغير,Mini černá díra,cs
الثلاثية,Trojice,cs
الجوهرة المتلفة,Klenot nákazy,cs
الحارسان التوأمان,Strážná dvojice,cs
الحجم مهم,Na velikosti záleží,cs
الحركات الخطرة,Riskantní tah,cs
الحركة التصاعدية,Vytrvalý vzestup,cs
الحقبة المميزة,Epocha,cs
الحمل المعرفي الزائد,Kognitivní přetížení,cs
الحملة الاستكشافية,Expedice,cs
الخسارة المحسوبة,Promyšlená prohra,cs
الخوذة المتكيفة,Přizpůsobivá přilba,cs
الدراسة الصابرة,Trpělivé studium,cs
الدرع الساتر,Večerháv,cs
الدروس المبكرة,Úvodní poznatky,cs
الدروع المؤقتة,Provizorní zbroj,cs
الدموع المتدفقة,Kanoucí slzy,cs
الذهن الصافي,Čistá mysl,cs
الذهن المشوّش,Zaneprázdněná mysl,cs
الرفاق الصغار,Malí kámoši,cs
الرمية السحرية,Kouzelný hod,cs
الرمية السحرية المخفّفة,Mírně magický hod,cs
الرهان الذهبي,Zlatý hod,cs
الزئبق,Rtuť,cs
السترة المدببة,Ostnatá vesta,cs
السترة المسلسلة,Kroužková vesta,cs
السحر المحبوك,Splétaná magie,cs
السعي نحو النجوم,Zamiř ke hvězdám,cs
السيف الأبدي,Ostří nekonečna,cs
السيف الصاعق,Statikkova kudla,cs
السيف الطيفي,Přízračná šavle,cs
السيف الهائل,K. V. meč,cs
السيوف الوفيرة,Přebytek mečů,cs
السيولة,Chmaták,cs
الشحنة الكهربائية,Elektrický výboj,cs
الشخصية المنعكسة,Zrcadlová osobnost,cs
الشخصية المنعكسة المصغّرة,Menší Zrcadlová osobnost,cs
الشرائح الآلية,Kybernetické implantáty,cs
الشرارة الأيونية,Iontová jiskra,cs
الصامد,Nezdolný,cs
الصبر فضيلة,Trpělivost je ctnost,cs
الصغير الفتاك,"Drobní, ale vražední",cs
الصنديد,Nezdolný,cs
الضريبة المعرفية,Kognitivní zátěž,cs
الطابور الثنائي,Tandemová fronta,cs
العمالقة الصغار,Drobní titáni,cs
العملاق القوي,Velikost a síla,cs
العوائد الخبيثة,Zákeřná monetizace,cs
الفوز الكبير,Závěrečný spurt,cs
الفولاذ المذهب,Pozlacená ocel,cs
الفيلق الثلاثي,Legie tří,cs
القائدة,Velitel,cs
القاتل المأجور,Nájemný zabiják,cs
القتل المزدوج السريع,Rychlý dvojzářez,cs
القصاص,Odplata,cs
القصبات الوفيرة,Přebytek holí,cs
القفاز المرصع بالجواهر,Zdobená pěstnice,cs
القفازات,Palčáky,cs
القلب الراسخ,Nezlomné srdce,cs
القلب الفولاذي,Srdce z oceli,cs
القوس المنحني,Reflexní luk,cs
الكنوز المدفونة,Zakopané poklady,cs
الكهرباء القوية,Vysoké napětí,cs
اللعب الأمثل,Pečlivé ladění,cs
اللوتس المرصع,Zdobený květ,cs
المبارزة السامية,Božský duelista,cs
المتعطش للدماء,Krvežíznivec,cs
المحدق بالنجوم,Hvězdopravec,cs
المحفز الأحمر,Červený buff,cs
المخلّص,Spasitel,cs
المرن,Flexibilita,cs
المستبدل العشوائي,Rekombobulátor,cs
المصهر الحي,Živoucí kovárna,cs
المصهر الكامن,Čekající kovárna,cs
المصهر المحمول,Přenosná kovárna,cs
المعطف المشبوه,Podezřelý pršiplášť,cs
المغامرة الفخمة,Velkolepé dobrodružství,cs
الملعقة الفضية,Stříbrná lžička,cs
المنفيون,Vyhnanci,cs
الموقف الحرج,Nouzová,cs
الميثاق الأزلي,Věčná dohoda,cs
الميكا الجبار,Mocný mech,cs
المُبيد,Vyhlazovač,cs
النجاح الحرج,Kritický úspěch,cs
النجم المظلم,Temná hvězda,cs
النسيم العليل,Vánek,cs
النصال الخاطفة,Blikavé čepele,cs
النصل الملعون,Prokleté ostří,cs
النمو المتفجر,Výbušný růst,cs
النوبة الثانية,Druhý dech,cs
النيران المركزة,Soustředěná palba,cs
الهمسة الأخيرة,Poslední zašeptání,cs
الهيدرا العملاقة,Titánská hydra,cs
الوسيط,Prostředník,cs
الوغد المشع,Zářivý rošťák,cs
انتصار فيكتور آركين,Viktorův triumf,cs
بارد,Bard,cs
بانثيون,Pantheon,cs
بايك,Pyke,cs
براير,Briar,cs
برايمورديان,Prapůvodní,cs
بكاء بلا جدوى,Potok slz,cs
بلورات العلاج,Léčivá oka,cs
بليتزكرانك,Blitzcrank,cs
بناء البطل,Postav si kámoše,cs
بناء الفريق,Teambuilding,cs
بناء مرافق,Stavebnice společníků,cs
بوابة ززروت,Portál Zz'Rotu,cs
بوبي,Poppy,cs
بيلفيث,Bel'Veth,cs
تأسيس الخط الأمامي,Základ přední řady,cs
تاج المخطِط,Taktikova koruna,cs
تالون,Talon,cs
تام كينش,Tahm Kench,cs
تخصيص حصري,Exkluzivní úprava,cs
تخفيضات نارية,Ohnivý výprodej,cs
تدريب الحارس الشخصي,Výcvik tělesného strážce,cs
تذكرة موشورية,Spektrální vstupenka,cs
ترقية فردية,Sólový postup,cs
تركيز الأفق,Soustředěný horizont,cs
تسلّق سلم التصنيفات,Šplhání žebříčkem,cs
تشكيل الصفوف,Nástup,cs
تشكيل الفريق,Sehraný tým,cs
تشوغاث,Cho'Gath,cs
تعزيزٌ هنا وتعزيزٌ هناك,"Jeden buff, dva buffy",cs
تغذية ألسنة اللهب,Krmení plamenů,cs
تمجيد كايل,Kaylino povznesení,cs
تمجيد كايل المشع,Kaylino zářivé povznesení,cs
تميمة الارتقاء,Amulet Vyzdvižení,cs
توأم تانك,Odolná dvojka,cs
توسع الجذور,Rozrůstání kořenů,cs
تويستد فايت,Twisted Fate,cs
تيمو,Teemo,cs
ثمن الدم,Krev za krev,cs
جاكس,Jax,cs
جديد من المصنع,Neopotřebovaný,cs
جوع المال,Nenasytnost,cs
جوهر التجارة,Jádro obchodu,cs
جوهر الحراشف اللامعة,Esence Mihotavců,cs
جوهر الفجر,Jádro úsvitu,cs
جين,Jhin,cs
جينكس,Jinx,cs
حافظ المادة الحيوية,Konzervátor biomateriálu,cs
حاملة المصائب,Zkázonoš,cs
حامي التاج,Korunní stráž,cs
حزام العملاق,Obrův opasek,cs
حزمة الدعم,Posilovací balíček,cs
حزمة الرعاية,Dárkový balíček,cs
حساب الادخار,Spořicí účet,cs
حصاد الهالة,Farmení aury,cs
حصن,Bašta,cs
حقق مرادك,Běž do toho,cs
حكاية العودة,Odražení ode dna,cs
حلوى لذيذة,Slaďounké dobroty,cs
حليف الوصي,Opatrovníkův spojenec,cs
حماية الخطوط,Pevná linie,cs
حماية اللانهاية,Ochrana nekonečna,cs
حيوية مصاص الدماء,Upírská vitalita,cs
خانة ياسو الذهبية,Yasuovo zlaté pole,cs
خدمة الاشتراك,Předplacená služba,cs
خطة عمل الخط الخلفي,Plán pro zadní řadu,cs
درع الصدر المنفرد,Sólový plát,cs
درع الغسق,Štít soumraku,cs
درع الفجر,Štít úsvitu,cs
درع المخطِط,Taktikův štít,cs
درع صدر مرزاب الحجري,Chrličův kamenný plát,cs
درع وارموغ,Warmogova zbroj,cs
دروس الملاكمة,Lekce v boxu,cs
دروع البطل,Sdílená zbroj,cs
دعوة إلى الفوضى,Výzva chaosu,cs
دفعة أولية,Rychlý start,cs
دكة بدلاء باندورا,Pandořina střídačka,cs
دمعة الزعيمة,Slza bohyně,cs
دمى اختبار التحطم,Sebevražední panáci,cs
دمية التدريب,Cvičná loutka,cs
دمية الظل,Stínová loutka,cs
ديانا,Diana,cs
راست,Rhaast,cs
راعي,Pastýř,cs
راموس,Rammus,cs
رامي,Odstřelovač,cs
رحالة,Poutník,cs
رقص الفضاء,Vesmírný rytmus,cs
رمح شوجين,Oštěp Šódžinu,cs
رمز الدرع الخفيف,Erb Lightshieldů,cs
رمية الحظ,Úsměv štěstěny,cs
روح الافتداء,Duch odplaty,cs
رياح المال الموسمية,Zlatý monzun,cs
ريفت سكاتلر,Říční krab,cs
ريفين,Riven,cs
ريكساي,Rek'Sai,cs
زايا,Xayah,cs
زوي,Zoe,cs
زيادة القوة في نهاية المباراة,Zesílení do závěru hry,cs
زيد,Zed,cs
زيد الغازي,Narušitel Zed,cs
ستار السكون,Rouška nehybnosti,cs
سكين سلاح الهيكستيك,Magitechnická puškočepel,cs
سلفة قرض,Pokročilá půjčka,cs
سميرة,Samira,cs
سن ناشور,Nashorův tesák,cs
سونا,Sona,cs
سيدة الأسلحة,Božská pistolnice,cs
سيدة الظلام,Temná paní,cs
شارة أنيما,Emblém Animy,cs
شارة الحصن,Emblém Bašty,cs
شارة الراعي,Emblém Pastýře,cs
شارة الرامي,Emblém Odstřelovače,cs
شارة الرحالة,Emblém Poutníka,cs
شارة الطليعي,Emblém Předvoje,cs
شارة القاضي,Emblém Soudce,cs
شارة القوى الذهنية,Emblém Psionika,cs
شارة المارق,Emblém Odpadlíka,cs
شارة المتحدّي,Emblém Vyzyvatele,cs
شارة المحدق بالنجوم,Emblém Hvězdopravce,cs
شارة المشاجر,Emblém Rváče,cs
شارة المغير,Emblém Žoldnéře,cs
شارة النجم المظلم,Emblém Temné hvězdy,cs
شارة برايمورديان,Emblém Prapůvodního,cs
شارة رقص الفضاء,Emblém Vesmírného rytmu,cs
شارة صديق الميب,Emblém Miplíka,cs
شارة كاسر الزمن,Emblém Ničitele času,cs
شارة نوفا,Emblém N.O.V.A.,cs
شبه الناقل,Polovodič,cs
شجرة الخواص,Strom vlastností,cs
شرف أمير الحرب,Vojevůdcova čest,cs
شريحة التعاطف,Podpůrný implantát,cs
شق الدرب,Prosekání cesty,cs
شين,Shen,cs
صانع السيوف,Výrobce mečů,cs
صانع القصبات,Výrobce holí,cs
صبر إيكو,Ekkova trpělivost,cs
صحوة الروح,Probuzení duše,cs
صدى الشفاء,Léčivé ozvěny,cs
صديق الميب,Miplík,cs
صناعة صديق,Vyrob si kamaráda,cs
صندوق التحوط,Investiční fond,cs
صولجان الفويد,Hůl Prázdnoty,cs
صولجان مصاصي الدماء الفاسد,Zrádné upírské žezlo,cs
صياد المجرة,Galaktický lovec,cs
صيد الكنوز,Lov pokladů,cs
طراخ!,Žďuch!,cs
طريق الحرب,Válečná stezka,cs
طليعي,Předvoj,cs
عاصفة لودن,Ludenova bouře,cs
عبء التاج ثقيل,Tíha koruny,cs
عباءة الليل,Přelom noci,cs
عباءة النيغاترون,Negatronový plášť,cs
عجلة الميب السريعة,Termipnální rychlost,cs
عراف,Věštec,cs
عزم العملاق,Titánské odhodlání,cs
عصا سيرافيم,Serafínova hůl,cs
عصا كبير الحُماة,Archandělova hůl,cs
عصابة اللصوص,Tlupa zlodějů,cs
عصابة اللصوص II,Tlupa zlodějů II,cs
عصير القبعة,Šťáva Cappa,cs
عفونة الموتى,Zhouba lichů,cs
عملية السطو على المكونات,Loupež základních předmětů,cs
عناصر باندورا,Pandořiny předměty,cs
عناق جماعي,Společné objetí,cs
عهد الفارس,Rytířský slib,cs
غراغاس,Gragas,cs
غرايفز,Graves,cs
غريزة إيفلين,Evelynnin instinkt,cs
غنار,Gnar,cs
غولم,Golem,cs
غوين,Gwen,cs
فأس نيران الجحيم,Sekera pekelného ohně,cs
فانوس ثريش,Threshova lucerna,cs
فجر سيلفرمير,Úsvit nad Stříbromořím,cs
فضيلة الشهيد,Mučedníkova ctnost,cs
فورة الكراكن,Krakenův hněv,cs
فورة تسوق,Nákupní horečka,cs
في الاتحاد قوة,Stůjme při sobě,cs
فيز,Fizz,cs
فيشبونز,Rakeťák,cs
فيغار,Veigar,cs
فيكتور,Viktor,cs
فيكس,Vex,cs
فيورا,Fiora,cs
قائد أنيما,Velitelka Animy,cs
قاتل العمالقة,Zabiják obrů,cs
قاتل لا يميز بين ضحاياه,Nevybíravý zabiják,cs
قاضي,Soudce,cs
قبعات أشد فتكًا,Vražednější klobouky,cs
قبعة موت رابادون,Rabadonův smrtící klobouk,cs
قربان الدم,Krvavá oběť,cs
قصبة عريضة بلا داع,Zbytečně dlouhá hůl,cs
قطاع التجارة,Obchodní sektor,cs
قفاز التدريب,Tréninkové rukavice,cs
قفاز الحظ,Rukavice pro štěstí,cs
قفاز الفويد,Pěstnice Prázdnoty,cs
قفاز اللص,Zlodějské rukavice,cs
قفاز ستيراك,Sterakova zástava,cs
قلادة التنشيط,Medailon stimulace,cs
قلادة سولاري الحديدي,Medailónek železných Solari,cs
قلنسوة المخطِط,Taktikův plášť,cs
قلنسوة لهب الشمس,Plášť slunečního žáru,cs
قوة محسَّنة,Augmentovaná síla,cs
قوسي في خدمتك,Máš můj luk,cs
قوى ذهنية,Psionik,cs
قيمة مزدوجة,Viděti dvojmo,cs
كأس القوة,Pohár moci,cs
كارما,Karma,cs
كاسر الزمن,Ničitel času,cs
كاهوناهونا,Kahunahuna,cs
كايتلين,Caitlyn,cs
كايسا,Kai'Sa,cs
كوركي,Corki,cs
كيس الهدايا البطولي,Hrdinská dárková taška,cs
كيس هدايا أورف,Urfova dárková taška,cs
كيس هدايا العناصر,Dárková taška s předměty,cs
كيس هدايا صغير,Malá dárková taška,cs
كيس هدايا كبير,Velká dárková taška,cs
كيندريد,Kindred,cs
لا تغيير ولا استطلاع,JEDU SI TO SVOJE,cs
لم شمل عيد الميلاد,Narozeninové setkání,cs
لمحة من الحياة,Pohodový život,cs
لوبلانك,LeBlanc,cs
لوح لهيب الشمس,Plocha slunečního žáru,cs
لولو,Lulu,cs
ليساندرا,Lissandra,cs
ليونا,Leona,cs
مارق,Odpadlík,cs
ماستر يي,Mistr Yi,cs
ماوكاي,Maokai,cs
مباركة السماء,Požehnaný bohy,cs
متحدي,Vyzyvatel,cs
متراس,Ochranný val,cs
متوالية نجمية,Hvězdné kombo,cs
مجلد الخواص,Kniha vlastností,cs
مجند جديد,Nový rekrut,cs
محترف الحفلات,Pařmen,cs
محظوظ,Hvězdná obnova,cs
محفز أزرق,Modrý buff,cs
مخلب التنين,Dračí spár,cs
مخلب المتصيد,Lovcův dráp,cs
مدفع النار السريع,Rychlopalné ohnivé dělo,cs
مدفع من زجاج,Skleněné dělo,cs
مستنسخ,Replikátor,cs
مسرِّع الساعة,Mechanický urychlovač,cs
مشاجر,Rváč,cs
مشاركة تألق ياسو,Yasuův Široký paprsek,cs
مصروف الغداء,Peníze na oběd,cs
مصفوفة البرمجيات الخبيثة,Malwarová matice,cs
مصنوعٌ من القوة,Síla artefaktů,cs
مصهر التمجيد,Apoteotická kovárna,cs
مطبخ المخطِط,Taktikova kuchyně,cs
معجزة سوراكا,Soračin zázrak,cs
مغير,Žoldnéř,cs
مفاجآت الحظ,Očekávaná neočekávanost,cs
مقابل أي ثمن,Za jakou cenu,cs
مقاتل الجوائز,Cena pro vítěze,cs
مقلاة,Litinová pánev,cs
ملعقة مسطحة,Obracečka,cs
مناورة أورف,Urfův gambit,cs
منظار رصد الهدف,Zaměřovací optika,cs
مهارة مبارزة ياسو,Yasuovo mistrovství meče,cs
مورديكايزر,Mordekaiser,cs
مورغانا,Morgana,cs
موريلونوميكون,Morellonomicon,cs
ميبسي,Mipík,cs
ميس فورتشن,Miss Fortune,cs
ميكا,Mech,cs
ميليو,Milio,cs
ناسوس,Nasus,cs
نافع لشيء ما,Aspoň k něčemu,cs
نامي,Nami,cs
نتماسك معًا,Držíme pospolu,cs
نذر الحامي,Ochráncův slib,cs
نذير زيكي,Zekeův posel,cs
نذير زيكي الكئيب,Zekeův pochmurný posel,cs
نساج المصير,Splétač osudu,cs
نصال أشد فتكًا,Vražednější čepele,cs
نصل الموت,Čepel smrti,cs
نصل غضب غينسو,Guinsoova zuřivá čepel,cs
نقل الشحنة,Přenos náboje,cs
نوفا,N.O.V.A.,cs
نونو وويلامب,Nunu a Willump,cs
هالة آري,Ahřina aura,cs
هبة آري,Ahřin dar,cs
هبة أوريليون سول,Aurelion Solův dar,cs
هبة إيفلين,Evelynnin dar,cs
هبة إيكو,Ekkův dar,cs
هبة الإنعاش,Dar vzkříšení,cs
هبة تجميع الخردة,Kutilův dar,cs
هبة ثريش,Threshův dar,cs
هبة سوراكا,Soračin dar,cs
هبة فاروس,Varusův dar,cs
هبة كايل,Kaylin dar,cs
هبة ياسو,Yasuův dar,cs
هدية عيد الميلاد,Dárek k narozeninám,cs
هراوة المهاجم,Útočníkův řemdih,cs
هوس فاروس,Varusova posedlost,cs
واحد واثنان وثلاثة,"Jedna, dva, tři",cs
واحد، اثنان، خمسة!,"Raz, dva, pět!",cs
واقي ذراع المطارد,Stopařčin chránič,cs
وجه الروح,Otisk duše,cs
وضع المتحدية,Soubojový režim,cs
وضع المستنسِخة,Replikační režim,cs
وضع الوسيط,Režim Prostředník,cs
وكر البارون,Baronovo doupě,cs
يأسٌ بلا نهاية,Nekonečné zoufalství,cs
يد العدالة,Ruka spravedlnosti,cs
เลือกคุณสมบัติ,Vyber vlastnost,cs
Ấn Bắn Tỉa,Emblém Odstřelovače,cs
Ấn Can Trường,Emblém Bašty,cs
Ấn Chiêm Tinh,Emblém Hvězdopravce,cs
Ấn Du Mục,Emblém Pastýře,cs
Ấn Hành Tinh,Emblém Vesmírného rytmu,cs
Ấn Hắc Tinh,Emblém Temné hvězdy,cs
Ấn N.O.V.A.,Emblém N.O.V.A.,cs
Ấn Siêu Linh,Emblém Psionika,cs
Ấn Siêu Thú,Emblém Animy,cs
Ấn Thách Đấu,Emblém Vyzyvatele,cs
Ấn Thần Phán,Emblém Soudce,cs
Ấn Thời Không,Emblém Ničitele času,cs
Ấn Tinh Linh Chuông,Emblém Miplíka,cs
Ấn Tiên Phong,Emblém Předvoje,cs
Ấn Toán Cướp,Emblém Žoldnéře,cs
Ấn Tộc Thượng Cổ,Emblém Prapůvodního,cs
Ấn Viễn Chinh,Emblém Poutníka,cs
Ấn Vô Pháp,Emblém Odpadlíka,cs
Ấn Đấu Sĩ,Emblém Rváče,cs
「三」之軍團,Legie tří,cs
いつでも一緒,Držíme pospolu,cs
お得な2,Viděti dvojmo,cs
ここがセンター,Najdi své těžiště,cs
ちょっとだけ魔法のダイス,Mírně magický hod,cs
はしごを登れ,Šplhání žebříčkem,cs
へら,Obracečka,cs
みんなでハグ,Společné objetí,cs
もっと小さな巨人,Nejtitěrnější titán,cs
もっと怖いキャップ,Vražednější klobouky,cs
アイオニック スパーク,Iontová jiskra,cs
アイテム福袋,Dárková taška s předměty,cs
アカリ,Akali,cs
アセンション,Vzestup,cs
アダプティブ ヘルム,Přizpůsobivá přilba,cs
アニマ,Anima,cs
アニマの紋章,Emblém Animy,cs
アニマ司令官,Velitelka Animy,cs
アークエンジェル スタッフ,Archandělova hůl,cs
アーゴット,Urgot,cs
アービター,Soudce,cs
アービターの紋章,Emblém Soudce,cs
アーフの福袋,Urfova dárková taška,cs
アーフの策略,Urfův gambit,cs
アーリのオーラ,Ahřina aura,cs
アーリの恩恵,Ahřin dar,cs
イブリンの恩恵,Evelynnin dar,cs
イブリンの直感,Evelynnin instinkt,cs
イラオイ,Illaoi,cs
インフィニティ エッジ,Ostří nekonečna,cs
インフィニティの守護,Ochrana nekonečna,cs
イーブンシュラウド,Večerháv,cs
ウィッツ エンド,Nouzová,cs
ウォーロードの名誉,Vojevůdcova čest,cs
エイトロックス,Aatrox,cs
エクスペディション,Expedice,cs
エグザイル,Vyhnanci,cs
エコーの忍耐,Ekkova trpělivost,cs
エコーの恩恵,Ekkův dar,cs
エズリアル,Ezreal,cs
エピックなロールダウン,Epický výlov,cs
エポック,Epocha,cs
オレリオン・ソル,Aurelion Sol,cs
オレリオン・ソルの恩恵,Aurelion Solův dar,cs
オーグメントパワー,Augmentovaná síla,cs
オーラ育成中,Farmení aury,cs
オーロラ,Aurora,cs
オーン,Ornn,cs
カイ＝サ,Kai'Sa,cs
カナとカネ,Železné vybavení,cs
カフナフナ,Kahunahuna,cs
カルマ,Karma,cs
カースドのクラウン,Prokletá koruna,cs
ガーゴイル ストーンプレート,Chrličův kamenný plát,cs
キックスタート,Rychlý start,cs
キンドレッド,Kindred,cs
ギャラクシー ハンター,Galaktický lovec,cs
クイックシルバー,Rtuť,cs
クラウンガード,Korunní stráž,cs
クラーケンの怒り,Krakenův hněv,cs
クリティカル サクセス,Kritický úspěch,cs
グインソー レイジブレード,Guinsoova zuřivá čepel,cs
グウェン,Gwen,cs
グラガス,Gragas,cs
グラスキャノン,Skleněné dělo,cs
グレイブス,Graves,cs
ケイトリン,Caitlyn,cs
ケイルの天昇,Kaylino povznesení,cs
ケイルの恩恵,Kaylin dar,cs
ケイルの暁光の天昇,Kaylino zářivé povznesení,cs
コグニティブ オーバーロード,Kognitivní přetížení,cs
コグニティブ タックス,Kognitivní zátěž,cs
コマンダー,Velitel,cs
コマース コア,Jádro obchodu,cs
コンジット,Prostředník,cs
コンジットモード,Režim Prostředník,cs
コンパニオン作成,Stavebnice společníků,cs
コーキ,Corki,cs
ゴーレム,Golem,cs
サイオニック,Psionik,cs
サイオニックの紋章,Emblém Psionika,cs
サイズが大事,Na velikosti záleží,cs
サイバネティック アップリンク,Kybernetická linka,cs
サイバネティック インプラント,Kybernetické implantáty,cs
サバイバー,Nezdolný,cs
サブスクリプション,Předplacená služba,cs
サミーラ,Samira,cs
サンファイア ケープ,Plášť slunečního žáru,cs
サンファイア ボード,Plocha slunečního žáru,cs
ザヤ,Xayah,cs
ザ・タワー,Věž,cs
シェン,Shen,cs
シマースケールのエッセンス,Esence Mihotavců,cs
ショウジンの矛,Oštěp Šódžinu,cs
シルバーミアの夜明け,Úsvit nad Stříbromořím,cs
シーカー アームガード,Stopařčin chránič,cs
ジャイアント スレイヤー,Zabiják obrů,cs
ジャイアント ベルト,Obrův opasek,cs
ジャイアント&マイティ,Velikost a síla,cs
ジャストヒット,Běž do toho,cs
ジャックス,Jax,cs
ジュエル ガントレット,Zdobená pěstnice,cs
ジュエル ロータス,Zdobený květ,cs
ジン,Jhin,cs
ジンクス,Jinx,cs
ジークの使者,Zekeův posel,cs
ジ＝ロット ポータル,Portál Zz'Rotu,cs
スクラッパーの恩恵,Kutilův dar,cs
スタティック シヴ,Statikkova kudla,cs
ステラコンボ,Hvězdné kombo,cs
ステラックの篭手,Sterakova zástava,cs
ステータスマシマシ,Nálož atributů!,cs
ストライカー フレイル,Útočníkův řemdih,cs
スナイパー,Odstřelovač,cs
スナイパーの紋章,Emblém Odstřelovače,cs
スパーリング グローブ,Tréninkové rukavice,cs
スピリット ビサージュ,Otisk duše,cs
スペクトラル カトラス,Přízračná šavle,cs
スペースグルーヴ,Vesmírný rytmus,cs
スペースグルーヴの紋章,Emblém Vesmírného rytmu,cs
スレッシュのランタン,Threshova lucerna,cs
スレッシュの恩恵,Threshův dar,cs
セラフィムの杖,Serafínova hůl,cs
ゼド,Zed,cs
ゼファー,Vánek,cs
ソウルの目覚め,Probuzení duše,cs
ソナ,Sona,cs
ソラカの奇跡,Soračin zázrak,cs
ソラカの恩恵,Soračin dar,cs
ソラリのロケット,Medailónek železných Solari,cs
ソード オーバーフロー,Přebytek mečů,cs
ゾーイ,Zoe,cs
タイタン ハイドラ,Titánská hydra,cs
タイムブレーカー,Ničitel času,cs
タイムブレーカーの紋章,Emblém Ničitele času,cs
タクティシャンのケープ,Taktikův plášť,cs
タクティシャンの台所,Taktikova kuchyně,cs
タクティシャンの王冠,Taktikova koruna,cs
タクティシャンの盾,Taktikův štít,cs
タム・ケンチ,Tahm Kench,cs
タロン,Talon,cs
ターゲットロック スコープ,Zaměřovací optika,cs
ターミィプナル ヴェロシティー,Termipnální rychlost,cs
ダイアナ,Diana,cs
ダミー,Cvičná loutka,cs
ダミー化,"Marioneta, to jsem já",cs
ダークスター,Temná hvězda,cs
ダークスターの紋章,Emblém Temné hvězdy,cs
チェイン ベスト,Kroužková vesta,cs
チャレンジャー,Vyzyvatel,cs
チャレンジャーの紋章,Emblém Vyzyvatele,cs
チャレンジャーモード,Soubojový režim,cs
チャージトランスファー,Přenos náboje,cs
チョ＝ガス,Cho'Gath,cs
チーム構築,Teambuilding,cs
ツイてる気分,Úsměv štěstěny,cs
ツイステッド・フェイト,Twisted Fate,cs
ツインガーディアン,Strážná dvojice,cs
ティーモ,Teemo,cs
デスブレード,Čepel smrti,cs
デッドリアー ブレード,Vražednější čepele,cs
デュオキュー,Tandemová fronta,cs
トライフェクタ,Trojice,cs
トレードセクター,Obchodní sektor,cs
ドゥーマー,Zkázonoš,cs
ドラゴン クロウ,Dračí spár,cs
ドローン アップリンク,Dronová linka,cs
ドーンコア,Jádro úsvitu,cs
ナイト エッジ,Přelom noci,cs
ナサス,Nasus,cs
ナッシャー トゥース,Nashorův tesák,cs
ナミ,Nami,cs
ナー,Gnar,cs
ヌヌ & ウィルンプ,Nunu a Willump,cs
ネガトロン クローク,Negatronový plášť,cs
ハスラー,Chmaták,cs
ハンド オブ ジャスティス,Ruka spravedlnosti,cs
バイオ物質保存装置,Konzervátor biomateriálu,cs
バスティオン,Bašta,cs
バスティオンの紋章,Emblém Bašty,cs
バフが1つ、バフが2つ,"Jeden buff, dva buffy",cs
バロンの巣,Baronovo doupě,cs
バースデー リユニオン,Narozeninové setkání,cs
バースデープレゼント,Dárek k narozeninám,cs
バード,Bard,cs
パイク,Pyke,cs
パンテオン,Pantheon,cs
パンドラのアイテム,Pandořiny předměty,cs
パンドラのベンチ,Pandořina střídačka,cs
パーティーアニマル,Pařmen,cs
ヒーリングオーブ,Léčivá oka,cs
ビクター,Viktor,cs
ビッグバン,Velký třesk,cs
ファイアセール,Ohnivý výprodej,cs
ファクトリー ニュー,Neopotřebovaný,cs
フィオラ,Fiora,cs
フィズ,Fizz,cs
フィッシュボーン,Rakeťák,cs
フェイトウィーバー,Splétač osudu,cs
フォビドゥン アイドル,Zapovězená modla,cs
フォーが共にあらんことを,Vražední čtveráci,cs
フライパン,Litinová pánev,cs
フリッカーブレード,Blikavé čepele,cs
ブライアー,Briar,cs
ブラッドサースター,Krvežíznivec,cs
ブランブル ベスト,Ostnatá vesta,cs
ブリッツクランク,Blitzcrank,cs
ブルワーク,Ochranný val,cs
ブルーバフ,Modrý buff,cs
ブローラー,Rváč,cs
ブローラーの紋章,Emblém Rváče,cs
ブースターパック,Posilovací balíček,cs
プライモーディアン,Prapůvodní,cs
プライモーディアンの紋章,Emblém Prapůvodního,cs
プリズムチケット,Spektrální vstupenka,cs
プロの殺し屋,Nájemný zabiják,cs
プロテクターの誓い,Ochráncův slib,cs
プロボクサー,Cena pro vítěze,cs
プローラー クロウ,Lovcův dráp,cs
ヘクステック ガンブレード,Magitechnická puškočepel,cs
ヘッジファンド,Investiční fond,cs
ベイガー,Veigar,cs
ベストフレンド,Nejlepší přátelé,cs
ベルト オーバーフロー,Pevné opasky,cs
ベル＝ヴェス,Bel'Veth,cs
ホライゾン フォーカス,Soustředěný horizont,cs
ボイジャー,Poutník,cs
ボイジャーの紋章,Emblém Poutníka,cs
ボカッ！,Žďuch!,cs
ボクシングのレッスン,Lekce v boxu,cs
ボディーガードの訓練,Výcvik tělesného strážce,cs
ポッピー,Poppy,cs
ポータブル フォージ,Přenosná kovárna,cs
マイティーロボ,Mocný mech,cs
マオカイ,Maokai,cs
マスター・イー,Mistr Yi,cs
マックスビルド,Vrcholná sestava,cs
マルウェア マトリックス,Malwarová matice,cs
マーターズ ヴァーチュ,Mučedníkova ctnost,cs
ミィプシー,Mipík,cs
ミィプル,Miplík,cs
ミィプルの紋章,Emblém Miplíka,cs
ミスコネクション,Ztracené konexe,cs
ミス・フォーチュン,Miss Fortune,cs
ミッションの再開,Restartování mise,cs
ミトン,Palčáky,cs
ミニブラックホール,Mini černá díra,cs
ミニマックス,Pečlivé ladění,cs
ミリオ,Milio,cs
ムダニ デカイ ロッド,Zbytečně dlouhá hůl,cs
メイスの決意,Vůle palcátu,cs
メカ,Mech,cs
モルガナ,Morgana,cs
モルデカイザー,Mordekaiser,cs
モレロノミコン,Morellonomicon,cs
ヤスオのゴールドのマス,Yasuovo zlaté pole,cs
ヤスオのスポットライトをシェア,Yasuův Široký paprsek,cs
ヤスオのブレードワーク,Yasuovo mistrovství meče,cs
ヤスオの恩恵,Yasuův dar,cs
ライトシールドのクレスト,Erb Lightshieldů,cs
ラインナップ,Nástup,cs
ラスト ウィスパー,Poslední zašeptání,cs
ラッキーグローブ,Rukavice pro štěstí,cs
ラバドン デスキャップ,Rabadonův smrtící klobouk,cs
ラピッド ファイアキャノン,Rychlopalné ohnivé dělo,cs
ラムス,Rammus,cs
ラースト,Rhaast,cs
リカーブ ボウ,Reflexní luk,cs
リサンドラ,Lissandra,cs
リッチ ベイン,Zhouba lichů,cs
リデンプションの魂,Duch odplaty,cs
リフトスカトル,Říční krab,cs
リヴェン,Riven,cs
ルブラン,LeBlanc,cs
ルル,Lulu,cs
ルーデン テンペスト,Ludenova bouře,cs
レイトゲーム スケーリング,Zesílení do závěru hry,cs
レイトゲーム スペシャリスト,Specialista na závěrečnou fázi,cs
レオナ,Leona,cs
レク＝サイ,Rek'Sai,cs
レッドバフ,Červený buff,cs
レプリケーター,Replikátor,cs
レプリケーターモード,Replikační režim,cs
レベルアップ！,Nová úroveň!,cs
ローグ,Odpadlík,cs
ローグの紋章,Emblém Odpadlíka,cs
ローリングデイズ,Vybíravé výběry,cs
ワン、ツー、ファイブ！,"Raz, dva, pět!",cs
ワンド オーバーフロー,Přebytek holí,cs
ワーモグ アーマー,Warmogova zbroj,cs
ヴァルスの執念,Varusova posedlost,cs
ヴァルスの恩恵,Varusův dar,cs
ヴァンガード,Předvoj,cs
ヴァンガードの紋章,Emblém Předvoje,cs
ヴェックス,Vex,cs
ヴォイド ガントレット,Pěstnice Prázdnoty,cs
ヴォイド スタッフ,Hůl Prázdnoty,cs
一 二 三,"Jedna, dva, tři",cs
一、二、五！,"Raz, dva, pět!",cs
一个增益，两个增益,"Jeden buff, dva buffy",cs
一二三,"Jedna, dva, tři",cs
一人前プレート,Sólový plát,cs
一個Buff，兩個Buff,"Jeden buff, dva buffy",cs
一击即中,Běž do toho,cs
一棒入魂！,Žďuch!,cs
一波带走俩,Rychlý dvojzářez,cs
一生挚友,Nejlepší přátelé,cs
一生摯友,Nejlepší přátelé,cs
一着险棋,Riskantní tah,cs
一致団結,Stůjme při sobě,cs
一致団結,Sehraný tým,cs
一點點重抽魔法,Mírně magický hod,cs
一，二，三,"Jedna, dva, tři",cs
一，二，五！,"Raz, dva, pět!",cs
七彩棱镜入场券,Spektrální vstupenka,cs
三幻神,Legie tří,cs
三相庇护,Ochrana nekonečna,cs
三费军团,Legie tří,cs
三連勝I,Trojice,cs
三重奏,Trojice,cs
三项赛,Trojice,cs
上方移動,Vytrvalý vzestup,cs
上进心,Vytrvalý vzestup,cs
不侦察，不变阵,JEDU SI TO SVOJE,cs
不偵察不換陣容,JEDU SI TO SVOJE,cs
不完全アセンション,Částečné vyzdvižení,cs
不完全飛昇,Částečné vyzdvižení,cs
不屈,Nezdolný,cs
不屈鬥魂,Nezdolný,cs
不惜代價,Za jakou cenu,cs
不滅の協定,Věčná dohoda,cs
不破金鋼,Pozlacená ocel,cs
不计代价,Za jakou cenu,cs
不適合者,Pestrá sebranka,cs
专属定制,Exkluzivní úprava,cs
专打后期,Specialista na závěrečnou fázi,cs
专注火焰,Soustředěná palba,cs
两倍价值,Viděti dvojmo,cs
並肩作戰,Stůjme při sobě,cs
中堅自強,Najdi své těžiště,cs
临时战甲,Provizorní zbroj,cs
主人公補正,Sdílená zbroj,cs
主角威能,Sdílená zbroj,cs
丽桑卓,Lissandra,cs
丽珊卓,Lissandra,cs
乌尔加特,Urgot,cs
乐芙兰,LeBlanc,cs
乱れる思考,Zaneprázdněná mysl,cs
亚托克斯,Aatrox,cs
亚索的共享聚光灯,Yasuův Široký paprsek,cs
亚索的剑艺,Yasuovo mistrovství meče,cs
亚索的恩赐,Yasuův dar,cs
亚索的黄金格,Yasuovo zlaté pole,cs
交易之星,Obchodní sektor,cs
人多好辦事,Sehraný tým,cs
人生切片,Pohodový život,cs
仕送り,Dárkový balíček,cs
仙灵斗士,Božský duelista,cs
代价是什么,Za jakou cenu,cs
代償,Za jakou cenu,cs
仲裁者,Soudce,cs
仲裁者徽章,Emblém Soudce,cs
仲間を作ろう,Postav si kámoše,cs
仿生上行链,Kybernetická linka,cs
仿生植入物,Kybernetické implantáty,cs
伊泽瑞尔,Ezreal,cs
伊澤瑞爾,Ezreal,cs
伊罗旖,Illaoi,cs
伊羅旖,Illaoi,cs
伊芙琳的增益,Evelynnin dar,cs
伊芙琳的恩赐,Evelynnin dar,cs
伊芙琳的本能,Evelynnin instinkt,cs
伊芙琳的祝福,Evelynnin dar,cs
休眠锻炉,Čekající kovárna,cs
伸手摘星,Zamiř ke hvězdám,cs
伸手摘群星,Zamiř ke hvězdám,cs
低调炫耀,Farmení aury,cs
佐伊,Zoe,cs
侵略者ゼド,Narušitel Zed,cs
便携锻炉,Přenosná kovárna,cs
俄洛伊,Illaoi,cs
保卫者之誓,Ochráncův slib,cs
保衛者之誓,Ochráncův slib,cs
保鑣訓練,Výcvik tělesného strážce,cs
保镖训练,Výcvik tělesného strážce,cs
修复型回响,Léčivé ozvěny,cs
俺だけレベルアップ,Sólový postup,cs
值得等待,Vyplatí se čekat,cs
假人化,"Marioneta, to jsem já",cs
做多,Dlouhodobá investice,cs
偵察なし、変更なし,JEDU SI TO SVOJE,cs
備用弓箭,Záložní luky,cs
储蓄账户,Spořicí účet,cs
價值爆棚,Viděti dvojmo,cs
儲蓄帳戶,Spořicí účet,cs
充能转移,Přenos náboje,cs
先知,Věštec,cs
先見性,Prozíravost,cs
先鋒戰士,Předvoj,cs
先鋒戰士徽章,Emblém Předvoje,cs
先锋战士,Předvoj,cs
先锋战士徽章,Emblém Předvoje,cs
光明无赖,Zářivý rošťák,cs
光盾之紋,Erb Lightshieldů,cs
光盾之纹,Erb Lightshieldů,cs
光盾徽章,Erb Lightshieldů,cs
入侵者 劫,Narušitel Zed,cs
全力以赴,Neodvolatelná volba,cs
全新出厂,Neopotřebovaný,cs
全身全霊,Neodvolatelná volba,cs
共感インプラント,Podpůrný implantát,cs
共感植入,Podpůrný implantát,cs
关,Gwen,cs
关爱包裹,Dárkový balíček,cs
兹若特传送门,Portál Zz'Rotu,cs
内瑟斯,Nasus,cs
再起の呪印,Dar vzkříšení,cs
再造神兵,Neopotřebovaný,cs
冒险举动,Riskantní tah,cs
冕卫,Korunní stráž,cs
军工1号,Neopotřebovaný,cs
冲击火炮,Rychlopalné ohnivé dělo,cs
冲榜战士,Šplhání žebříčkem,cs
冷酷なるジークの使者,Zekeův pochmurný posel,cs
凋零的遗物,Oprýskaná relikvie,cs
凋零聖物,Oprýskaná relikvie,cs
凯尔的光明崇拜,Kaylino zářivé povznesení,cs
凯尔的升腾,Kaylino povznesení,cs
凯尔的圣光升腾,Kaylino zářivé povznesení,cs
凯尔的增益,Kaylin dar,cs
凯尔的崇拜,Kaylino povznesení,cs
凯尔的恩赐,Kaylin dar,cs
凯特琳,Caitlyn,cs
凯莎,Kai'Sa,cs
凱爾的祝福,Kaylin dar,cs
凱爾的聖光讚頌,Kaylino zářivé povznesení,cs
凱爾的讚頌,Kaylino povznesení,cs
凱特琳,Caitlyn,cs
凱莎,Kai'Sa,cs
出身豪门,Stříbrná lžička,cs
出陣,Válečná stezka,cs
刀劍湧流,Přebytek mečů,cs
刃馬合一,Válečná stezka,cs
刃马合一,Válečná stezka,cs
列队,Nástup,cs
初級鏡像人格,Menší Zrcadlová osobnost,cs
利落保镖,Výcvik tělesného strážce,cs
别再错过,Ztracené konexe,cs
刹雅,Xayah,cs
刺藤胸甲,Ostnatá vesta,cs
刻苦钻研,Trpělivé studium,cs
前借り,Pokročilá půjčka,cs
前排地基,Základ přední řady,cs
前瞻思维,Prozíravost,cs
前線基礎,Základ přední řady,cs
前線維持,Pevná linie,cs
前线地基,Základ přední řady,cs
前衛の礎,Základ přední řady,cs
剎雅,Xayah,cs
剑之工匠,Výrobce mečů,cs
剣鍛冶,Výrobce mečů,cs
副作用,Vedlejší účinky,cs
劍匠,Výrobce mečů,cs
力に鍛えられしもの,Síla artefaktů,cs
力の聖杯,Pohár moci,cs
力炼之躯,Síla artefaktů,cs
力量圣杯,Pohár moci,cs
力量聖杯,Pohár moci,cs
力量鍛造,Síla artefaktů,cs
加速開始,Rychlý start,cs
劣化版鏡像のペルソナ,Menší Zrcadlová osobnost,cs
努努和威朗普,Nunu a Willump,cs
劫,Zed,cs
劫掠者,Žoldnéř,cs
劫掠者徽章,Emblém Žoldnéře,cs
勒哈斯特,Rhaast,cs
勒布朗,LeBlanc,cs
勝ち抜け,Závěrečný spurt,cs
千珏,Kindred,cs
升华护符,Amulet Vyzdvižení,cs
升星之运,Hvězdná obnova,cs
升級！,Nová úroveň!,cs
升级咯！,Nová úroveň!,cs
升级！,Nová úroveň!,cs
午餐錢,Peníze na oběd,cs
午餐钱,Peníze na oběd,cs
半导体,Polovodič,cs
半导体装置,Polovodič,cs
半導体,Polovodič,cs
半導體,Polovodič,cs
卑尔维斯,Bel'Veth,cs
单身板甲,Sólový plát,cs
博弈开启,Rychlý start,cs
占星師,Hvězdopravec,cs
占星師徽章,Emblém Hvězdopravce,cs
卡尔玛,Karma,cs
卡帕果汁,Šťáva Cappa,cs
卡玛,Karma,cs
卡瑪,Karma,cs
卡胡纳胡纳,Kahunahuna,cs
卡莎,Kai'Sa,cs
卢登的激荡,Ludenova bouře,cs
卢登骤雨,Ludenova bouře,cs
即席アーマー,Provizorní zbroj,cs
厄加特,Urgot,cs
厄萨斯,Aatrox,cs
厄薩斯,Aatrox,cs
厄运小姐,Miss Fortune,cs
厄運使者,Zkázonoš,cs
厨神阿福,U.R.F.,cs
友を鍛える,Vyrob si kamaráda,cs
双城赢家,Viktorův triumf,cs
双子守护神,Strážná dvojice,cs
双子守护者,Strážná dvojice,cs
双排,Tandemová fronta,cs
反响,Replikace,cs
反曲之弓,Reflexní luk,cs
反曲弓,Reflexní luk,cs
发条加速器,Mechanický urychlovač,cs
发条增速器,Mechanický urychlovač,cs
受到星神赐福,Požehnaný bohy,cs
变形重组器,Rekombobulátor,cs
叛逆者,Pestrá sebranka,cs
叛道者,Odpadlík,cs
叛道者徽章,Emblém Odpadlíka,cs
古拉加斯,Gragas,cs
古拉格斯,Gragas,cs
另辟新境,Rozvětvení,cs
叩きつけ,Bušení,cs
可大可小,Pečlivé ladění,cs
可疑風衣,Podezřelý pršiplášť,cs
可疑风衣,Podezřelý pršiplášť,cs
史提克弹簧刀,Statikkova kudla,cs
史提克彈簧刀,Statikkova kudla,cs
史特拉克手套,Sterakova zástava,cs
史詩重抽,Epický výlov,cs
史诗重骰,Epický výlov,cs
吉茵珂丝,Jinx,cs
吉茵珂絲,Jinx,cs
后排蓝图,Plán pro zadní řadu,cs
后期专家,Specialista na závěrečnou fázi,cs
后期成长,Zesílení do závěru hry,cs
后期收益,Zesílení do závěru hry,cs
向上流動,Vytrvalý vzestup,cs
吶兒,Gnar,cs
吸血の胆力,Upírská vitalita,cs
吸血活力,Upírská vitalita,cs
吸血活力I,Upírská vitalita,cs
吸血生命力,Upírská vitalita,cs
吾弓听命于您,Máš můj luk,cs
吾弓效命於您,Máš můj luk,cs
呐儿,Gnar,cs
呪いの刃,Prokleté ostří,cs
命懸けの戦い,Riskantní tah,cs
命运祭司,Věštec,cs
命运编织者,Splétač osudu,cs
命運編織者,Splétač osudu,cs
商业核心,Jádro obchodu,cs
單人磐核,Sólový plát,cs
嗜血者,Krvežíznivec,cs
嘟嘟好,Běž do toho,cs
四费增援,Cenná posila,cs
四重援軍,Cenná posila,cs
回収箱,Recyklátor,cs
回收再利用,Recyklátor,cs
回春,Druhý dech,cs
团队建设,Teambuilding,cs
圣光审判者,Spasitel,cs
圣光捣蛋鬼,Zářivý rošťák,cs
圣盾使的誓约,Ochráncův slib,cs
地底寶藏,Zakopané poklady,cs
均等法衣,Večerháv,cs
坚守前线,Pevná linie,cs
坚守防线,Pevná linie,cs
坚定之心,Nezlomné srdce,cs
坚毅之心,Nezlomné srdce,cs
坦度成双,Odolná dvojka,cs
坦度雙倍,Odolná dvojka,cs
埋もれた宝物,Zakopané poklady,cs
埋藏的宝物,Zakopané poklady,cs
基克的先驱,Zekeův posel,cs
基克的阴森先驱,Zekeův pochmurný posel,cs
堅守前線,Pevná linie,cs
堅定之心,Nezlomné srdce,cs
堡垒,Ochranný val,cs
堡垒卫士,Bašta,cs
堡垒卫士纹章,Emblém Bašty,cs
堡壘衛士,Bašta,cs
堡壘衛士徽章,Emblém Bašty,cs
報復,Odplata,cs
塔姆,Tahm Kench,cs
塔楼,Věž,cs
塔隆,Talon,cs
增幅之力,Augmentovaná síla,cs
增援部队,Cenná posila,cs
壁垒,Bašta,cs
壁垒徽章,Emblém Bašty,cs
备用弓,Záložní luky,cs
复仇,Odplata,cs
复制,Replikace,cs
复制者,Replikátor,cs
复制者模式,Replikační režim,cs
复活恩赐,Dar vzkříšení,cs
复活的恩赐,Dar vzkříšení,cs
复苏之风,Druhý dech,cs
夕闇の加護,Štít soumraku,cs
夜之锋刃,Přelom noci,cs
夜明けの加護,Štít úsvitu,cs
夜色緣界,Přelom noci,cs
夜色缘界,Přelom noci,cs
大きな福袋,Velká dárková taška,cs
大买特买,Nákupní horečka,cs
大剑溢流,Přebytek mečů,cs
大剑过载,Přebytek mečů,cs
大器晚成,Zesílení do závěru hry,cs
大型惊喜包,Velká dárková taška,cs
大天使之杖,Archandělova hůl,cs
大家來抱抱,Společné objetí,cs
大小很重要,Na velikosti záleží,cs
大百宝袋,Velká dárková taška,cs
大禮包,Velká dárková taška,cs
大而有力,Velikost a síla,cs
大霹雳星系,Velký třesk,cs
大霹靂星系,Velký třesk,cs
天外橫財,Zlatý monzun,cs
天煞,Galaktický lovec,cs
天煞灭影：劫,Narušitel Zed,cs
太空律动,Vesmírný rytmus,cs
太空律动徽章,Emblém Vesmírného rytmu,cs
太空律动纹章,Emblém Vesmírného rytmu,cs
太空律動,Vesmírný rytmus,cs
太空律動徽章,Emblém Vesmírného rytmu,cs
失去联络,Ztracené konexe,cs
契約殺手,Nájemný zabiják,cs
奢侈品订购,Luxusní předplatné,cs
奢华订阅,Luxusní předplatné,cs
奥恩,Ornn,cs
奥术 维克特式胜利,Viktorův triumf,cs
奥瑞利安·索尔,Aurelion Sol,cs
奥瑞利安·索尔的恩赐,Aurelion Solův dar,cs
奧術：維克特必勝,Viktorův triumf,cs
女武神的祝福,Kutilův dar,cs
女神の涙,Slza bohyně,cs
女神之泪,Slza bohyně,cs
女神之淚,Slza bohyně,cs
好きなだけ泣くがいい,Potok slz,cs
好战者的恩赐,Kutilův dar,cs
好战者铠甲,Warmogova zbroj,cs
好戰者鎧甲,Warmogova zbroj,cs
好运姐,Miss Fortune,cs
好运手套,Rukavice pro štěstí,cs
好運姐,Miss Fortune,cs
好運手套,Rukavice pro štěstí,cs
娑娜,Sona,cs
娜米,Nami,cs
娜美,Nami,cs
存心失利,Promyšlená prohra,cs
孤身铁铠,Sólový plát,cs
宇宙の再起,Kosmický restart,cs
宇宙大爆炸,Velký třesk,cs
宇宙重启,Kosmický restart,cs
宇宙重啟,Kosmický restart,cs
守望者之友,Opatrovníkův spojenec,cs
守望者的盟友,Opatrovníkův spojenec,cs
宝宝学院,Úvodní poznatky,cs
宝探し,Lov pokladů,cs
宝石手套,Zdobená pěstnice,cs
寂静法衣,Rouška nehybnosti,cs
寂靜法衣,Rouška nehybnosti,cs
密银黎明,Úsvit nad Stříbromořím,cs
寶石手套,Zdobená pěstnice,cs
对冲基金,Investiční fond,cs
寻宝,Lov pokladů,cs
寻宝之旅,Lov pokladů,cs
导能者,Prostředník,cs
导能者模式,Režim Prostředník,cs
專打後期,Specialista na závěrečnou fázi,cs
尋寶遊戲,Lov pokladů,cs
導き手,Pastýř,cs
導き手の紋章,Emblém Pastýře,cs
小さくても強烈,"Drobní, ale vražední",cs
小さな仲間たち,Malí kámoši,cs
小さな巨人,Drobní titáni,cs
小さな福袋,Malá dárková taška,cs
小伙伴,Malí kámoši,cs
小偷小摸,Zlodějíček,cs
小型惊喜包,Malá dárková taška,cs
小型禮包,Malá dárková taška,cs
小小伙伴,Malí kámoši,cs
小小夥伴,Malí kámoši,cs
小小大英雄,Drobní titáni,cs
小小泰坦,Nejtitěrnější titán,cs
小小福袋,Malá dárková taška,cs
小巧但致命,"Drobní, ale vražední",cs
小巨人,Drobní titáni,cs
小木灵,Mipík,cs
小米普,Mipík,cs
小而致命,"Drobní, ale vražední",cs
就差你一個,Ztracené konexe,cs
尺寸至上,Na velikosti záleží,cs
尺有所短、寸有所长,Na velikosti záleží,cs
峡谷迅捷蟹,Říční krab,cs
崇高の冒険,Velkolepé dobrodružství,cs
崇高冒险,Velkolepé dobrodružství,cs
崔斯特,Twisted Fate,cs
巧みなクラフト,Zručná výroba,cs
巨人の誓い,Titánské odhodlání,cs
巨人之力,Velikost a síla,cs
巨人杀手,Zabiják obrů,cs
巨人殺手,Zabiják obrů,cs
巨人腰带,Obrův opasek,cs
巨人腰帶,Obrův opasek,cs
巨型九头蛇,Titánská hydra,cs
巨型魔棒,Zbytečně dlouhá hůl,cs
巨大強悍,Velikost a síla,cs
巨龙之爪,Dračí spár,cs
巫妖之祸,Zhouba lichů,cs
巫妖之禍,Zhouba lichů,cs
巴德,Bard,cs
巴龍巢穴,Baronovo doupě,cs
巴龙幻域,Baronovo doupě,cs
布蕾尔,Briar,cs
布蕾爾,Briar,cs
布里茨,Blitzcrank,cs
帽子ジュース,Šťáva Cappa,cs
帽子饮品,Šťáva Cappa,cs
帽帽果汁,Šťáva Cappa,cs
平底鍋,Litinová pánev,cs
平底锅,Litinová pánev,cs
并肩作战,Stůjme při sobě,cs
幸存者,Nezdolný,cs
幸运手套,Rukavice pro štěstí,cs
幻灵战队,Anima,cs
幻灵战队纹章,Emblém Animy,cs
幻灵指挥官,Velitelka Animy,cs
幽冥煞星,Temná hvězda,cs
幽冥煞星徽章,Emblém Temné hvězdy,cs
幽魂弯刀,Přízračná šavle,cs
広がる根,Rozrůstání kořenů,cs
庇護者のお供,Opatrovníkův spojenec,cs
库奇,Corki,cs
应急护甲,Provizorní zbroj,cs
应急护盾,Sdílená zbroj,cs
庫奇,Corki,cs
建立團隊,Teambuilding,cs
开摆,AFK,cs
异类,Pestrá sebranka,cs
弓の誓い,Máš můj luk,cs
強制中離,AFK,cs
強力投入,Neodvolatelná volba,cs
強化包,Posilovací balíček,cs
强制中离,AFK,cs
强化之能量,Augmentovaná síla,cs
强大机甲,Mocný mech,cs
强袭者的链枷,Útočníkův řemdih,cs
当头棒喝！,Žďuch!,cs
影の操り人形,Stínová loutka,cs
影子木偶,Stínová loutka,cs
影忍煞星：劫,Narušitel Zed,cs
征战之路,Válečná stezka,cs
待つ価値あり,Vyplatí se čekat,cs
後排藍圖,Plán pro zadní řadu,cs
後衛の設計図,Plán pro zadní řadu,cs
復仇,Odplata,cs
復刻師,Replikátor,cs
復刻師模式,Replikační režim,cs
復活祝福,Dar vzkříšení,cs
循序漸進,Pohodový život,cs
微光龍鱗精粹,Esence Mihotavců,cs
微光龙鳞精萃,Esence Mihotavců,cs
心之抗防,Srdce z oceli,cs
心之钢,Srdce z oceli,cs
心身統御のペンダント,Medailon stimulace,cs
忍耐の美徳,Trpělivost je ctnost,cs
忍耐是美德,Trpělivost je ctnost,cs
快速入门,Rychlý start,cs
思惑買い,Dlouhodobá investice,cs
思緒清晰,Čistá mysl,cs
思緒雜亂,Zaneprázdněná mysl,cs
思绪杂乱,Zaneprázdněná mysl,cs
思绪清晰,Čistá mysl,cs
怪しげなトレンチコート,Podezřelý pršiplášť,cs
怪咖集合,Pestrá sebranka,cs
恶意变现,Zákeřná monetizace,cs
恶意货币化,Zákeřná monetizace,cs
恶意软件矩阵,Malwarová matice,cs
恶火小斧,Sekera pekelného ohně,cs
恶鲨火箭,Rakeťák,cs
惡性經營,Zákeřná monetizace,cs
惡意程式矩陣,Malwarová matice,cs
惡鯊火箭,Rakeťák,cs
想定内の意外性,Očekávaná neočekávanost,cs
意料之中的意外,Očekávaná neočekávanost,cs
愿四费与你同在,Vražední čtveráci,cs
慎,Shen,cs
成吨数据！,Nálož atributů!,cs
成吨的属性！,Nálož atributů!,cs
我们团结一致,Držíme pospolu,cs
我弓于你手,Máš můj luk,cs
我独自升级,Sólový postup,cs
战时补给：反曲之弓,Záložní luky,cs
战时补给：女神之泪,Kanoucí slzy,cs
战时补给：拳套,Kritický úspěch,cs
战时补给：无用大棒,Souvislé sesílání,cs
战时补给：暴风大剑,Prosekání cesty,cs
战神的荣耀,Vojevůdcova čest,cs
戦略的敗北,Promyšlená prohra,cs
戰國軍閥之榮耀,Vojevůdcova čest,cs
戰錘意志,Vůle palcátu,cs
手套,Palčáky,cs
手气不错,Úsměv štěstěny,cs
打手连枷,Útočníkův řemdih,cs
打手連枷,Útočníkův řemdih,cs
打捞桶,Recyklátor,cs
打造夥伴,Stavebnice společníků,cs
扩展包,Posilovací balíček,cs
投資,Investice,cs
投資完了,Investice,cs
投资,Investice,cs
抽好抽滿I,Vybíravé výběry,cs
拉亚斯特,Rhaast,cs
拉姆斯,Rammus,cs
拉莫斯,Rammus,cs
拓展包,Posilovací balíček,cs
招兵买马,Nový rekrut,cs
招兵買馬,Nový rekrut,cs
拥抱,Společné objetí,cs
拳击训练,Lekce v boxu,cs
拳击课程,Lekce v boxu,cs
拳套,Tréninkové rukavice,cs
拳擊訓練,Lekce v boxu,cs
拳擊選手,Cena pro vítěze,cs
指挥官,Velitel,cs
指揮官,Velitel,cs
挑个好伙计！,Stavebnice společníků,cs
挑战者,Vyzyvatel,cs
挑战者徽章,Emblém Vyzyvatele,cs
挑战者模式,Soubojový režim,cs
挑战者纹章,Emblém Vyzyvatele,cs
挖角,Zlodějíček,cs
振奋盔甲,Otisk duše,cs
振奮盔甲,Otisk duše,cs
排兵布阵,Nástup,cs
探索者护腕,Stopařčin chránič,cs
探索者的护臂,Stopařčin chránič,cs
探索者護腕,Stopařčin chránič,cs
提摩,Teemo,cs
提莫,Teemo,cs
援護の弓,Záložní luky,cs
揺るがぬ心,Nezlomné srdce,cs
携带型打铁铺,Přenosná kovárna,cs
携手合作,Sehraný tým,cs
摇钱树,Zlatý monzun,cs
摘星之志,Zamiř ke hvězdám,cs
攀升之階I,Šplhání žebříčkem,cs
攀登天梯,Šplhání žebříčkem,cs
攜帶型打鐵舖,Přenosná kovárna,cs
攜手同行,Držíme pospolu,cs
支配宝匣,Medailon stimulace,cs
支配寶匣,Medailon stimulace,cs
放電,Elektrický výboj,cs
救世主,Spasitel,cs
救済者,Spasitel,cs
救赎之灵,Duch odplaty,cs
救赎盔甲,Duch odplaty,cs
散件丰收日,Loupež základních předmětů,cs
斗士,Rváč,cs
斗士纹章,Emblém Rváče,cs
斗神,Božský duelista,cs
斗神的恩赐,Kutilův dar,cs
斜槓英雄,Rozvětvení,cs
斯塔缇克电刃,Statikkova kudla,cs
斯特拉克的挑战护手,Sterakova zástava,cs
新人入队,Nový rekrut,cs
新兵,Nový rekrut,cs
新星特攻队,N.O.V.A.,cs
新星特攻队纹章,Emblém N.O.V.A.,cs
新纪元,Epocha,cs
旅人,Poutník,cs
旅人纹章,Emblém Poutníka,cs
无人机上行链路,Dronová linka,cs
无尽之刃,Ostří nekonečna,cs
无尽守护,Ochrana nekonečna,cs
无尽绝望,Nekonečné zoufalství,cs
无差别攻击,Nevybíravý zabiják,cs
无差别杀手,Nevybíravý zabiják,cs
无用大棒,Zbytečně dlouhá hůl,cs
无终恨意,Nekonečné zoufalství,cs
日炎斗篷,Plášť slunečního žáru,cs
日炎棋盘,Plocha slunečního žáru,cs
日炎燎原,Plocha slunečního žáru,cs
日輪的加冕,Medailónek železných Solari,cs
日轮的加冕,Medailónek železných Solari,cs
早期教育,Úvodní poznatky,cs
昇華護符,Amulet Vyzdvižení,cs
明智消费,Chytrý nákup,cs
明鏡止水,Čistá mysl,cs
易,Mistr Yi,cs
易大师,Mistr Yi,cs
易大師,Mistr Yi,cs
星の観測者,Hvězdopravec,cs
星の観測者の紋章,Emblém Hvězdopravce,cs
星を目指して,Zamiř ke hvězdám,cs
星光连击,Hvězdné kombo,cs
星光連鎖,Hvězdné kombo,cs
星界壁壘,Ochranný val,cs
星界连招,Hvězdné kombo,cs
星界重启,Kosmický restart,cs
星際旅人,Poutník,cs
星際旅人徽章,Emblém Poutníka,cs
星靈牧者,Pastýř,cs
星靈牧者徽章,Emblém Pastýře,cs
昼食代,Peníze na oběd,cs
時計仕掛けの加速装置,Mechanický urychlovač,cs
時間破壞者,Ničitel času,cs
時間破壞者徽章,Emblém Ničitele času,cs
普通の日々,Pohodový život,cs
普通預金口座,Spořicí účet,cs
智商稅,Kognitivní zátěž,cs
智慧末刃,Nouzová,cs
暗影傀儡,Stínová loutka,cs
暗影木偶,Stínová loutka,cs
暗星,Temná hvězda,cs
暗星纹章,Emblém Temné hvězdy,cs
暗行者之爪,Lovcův dráp,cs
暗黑女士,Temná paní,cs
暮光铁壁,Ochranný val,cs
暮夜之盾,Štít soumraku,cs
暴击式成功,Kritický úspěch,cs
暴風之劍,K. V. meč,cs
暴风之剑,K. V. meč,cs
暴风大剑,K. V. meč,cs
曙光核心,Jádro úsvitu,cs
更致命之刃,Vražednější čepele,cs
更要命的帽子,Vražednější klobouky,cs
更要命的战刃,Vražednější čepele,cs
最佳好友,Nejlepší přátelé,cs
最后的轻语,Poslední zašeptání,cs
最后耳语,Poslední zašeptání,cs
最后赢家,Závěrečný spurt,cs
最大最小化,Pečlivé ladění,cs
最小巨人,Nejtitěrnější titán,cs
最強の四配者,Cenná posila,cs
最强构筑,Vrcholná sestava,cs
最後耳語,Poslední zašeptání,cs
最高指挥官,Velitel,cs
有効活用,Aspoň k něčemu,cs
有用之材,Aspoň k něčemu,cs
朔极之矛,Oštěp Šódžinu,cs
木偶化,"Marioneta, to jsem já",cs
木灵族,Miplík,cs
木灵族纹章,Emblém Miplíka,cs
未来の鍛冶場,Čekající kovárna,cs
未来战士,Ničitel času,cs
未来战士纹章,Emblém Ničitele času,cs
末日使者,Zkázonoš,cs
机甲神盾,Mech,cs
杀出血路,Prosekání cesty,cs
权杖意志,Vůle palcátu,cs
杖之工匠,Výrobce holí,cs
杖匠,Výrobce holí,cs
杖鍛冶,Výrobce holí,cs
来个好伙计,Postav si kámoše,cs
极光,Aurora,cs
极限拉满,Pečlivé ladění,cs
构筑一名伙伴：,Stavebnice společníků,cs
枯朽の遺物,Oprýskaná relikvie,cs
枯死の宝石,Klenot nákazy,cs
枯萎圣物,Oprýskaná relikvie,cs
枯萎宝石,Klenot nákazy,cs
枯萎寶石,Klenot nákazy,cs
枯萎珠宝,Klenot nákazy,cs
柔依,Zoe,cs
柔軟性,Flexibilita,cs
根絶者,Vyhlazovač,cs
格斗手套,Tréninkové rukavice,cs
格温,Gwen,cs
格雷福斯,Graves,cs
格鬥手套,Tréninkové rukavice,cs
棋手之盾,Taktikův štít,cs
棋手厨房,Taktikova kuchyně,cs
棋手廚房,Taktikova kuchyně,cs
棋手披風,Taktikův plášť,cs
棋手斗篷,Taktikův plášť,cs
棋手皇冠,Taktikova koruna,cs
棋手盾牌,Taktikův štít,cs
棘刺背心,Ostnatá vesta,cs
棱彩门票,Spektrální vstupenka,cs
極速快手,Vyzyvatel,cs
極速快手徽章,Emblém Vyzyvatele,cs
極速快手模式,Soubojový režim,cs
構成拡大,Rozvětvení,cs
模控機械上鏈,Kybernetická linka,cs
模控機械移植,Kybernetické implantáty,cs
機械戰甲,Mech,cs
次级镜像人格面具,Menší Zrcadlová osobnost,cs
次级镜影化身,Menší Zrcadlová osobnost,cs
歐羅拉,Aurora,cs
正义之手,Ruka spravedlnosti,cs
正义手套,Ruka spravedlnosti,cs
正义报复,Odplata,cs
正義手套,Ruka spravedlnosti,cs
武斗家,Rváč,cs
武斗家徽章,Emblém Rváče,cs
武装战姬,Božská pistolnice,cs
武鬥家,Rváč,cs
武鬥家徽章,Emblém Rváče,cs
歩く鍛冶場,Živoucí kovárna,cs
死亡之刃,Čepel smrti,cs
死亡之帽,Rabadonův smrtící klobouk,cs
死得有價值I,Aspoň k něčemu,cs
死神之刃,Čepel smrti,cs
歼灭者,Vyhlazovač,cs
殉道美德,Mučedníkova ctnost,cs
殺出血路,Prosekání cesty,cs
水乳交融,Držíme pospolu,cs
水銀兜帽,Rtuť,cs
水银,Rtuť,cs
水银兜帽,Rtuť,cs
永恆契約,Věčná dohoda,cs
永恒契约,Věčná dohoda,cs
永续召唤,Souvislé sesílání,cs
汪星机器人,Pařmen,cs
沈黙の帳,Rouška nehybnosti,cs
沉重王冠,Tíha koruny,cs
河蟹,Říční krab,cs
治疗法球,Léčivá oka,cs
治療靈球,Léčivá oka,cs
治癒回音,Léčivé ozvěny,cs
法官,Soudce,cs
法官纹章,Emblém Soudce,cs
法杖工匠,Výrobce holí,cs
法杖溢流,Přebytek holí,cs
法洛士的執念,Varusova posedlost,cs
法洛士的增益,Varusův dar,cs
法洛士的执念,Varusova posedlost,cs
法洛士的祝福,Varusův dar,cs
波比,Poppy,cs
泪流不止,Kanoucí slzy,cs
泪流成河,Potok slz,cs
泰坦九头蛇,Titánská hydra,cs
泰坦九頭蛇,Titánská hydra,cs
泰坦的决意,Titánské odhodlání,cs
泰坦的坚决,Titánské odhodlání,cs
泰坦的決意,Titánské odhodlání,cs
泰隆,Talon,cs
活体锻炉,Živoucí kovárna,cs
活火炉,Živoucí kovárna,cs
活火爐,Živoucí kovárna,cs
派上用场,Aspoň k něčemu,cs
派克,Pyke,cs
派对大咖,Pařmen,cs
派對咖,Pařmen,cs
流れる涙,Kanoucí slzy,cs
流亡孤军,Vyhnanci,cs
流亡孤軍,Vyhnanci,cs
浪人,Vyhnanci,cs
海克斯科技枪刃,Magitechnická puškočepel,cs
海克斯科技槍刃,Magitechnická puškočepel,cs
海妖之怒,Krakenův hněv,cs
海牛阿福的锅铲战术,Urfův gambit,cs
海魔人,Prapůvodní,cs
海魔人纹章,Emblém Prapůvodního,cs
淚光閃閃,Kanoucí slzy,cs
淚如泉湧,Potok slz,cs
混乱回復装置,Rekombobulátor,cs
混乱的呼唤,Výzva chaosu,cs
混沌への呼び声,Výzva chaosu,cs
混沌召唤,Výzva chaosu,cs
混沌召喚,Výzva chaosu,cs
清晰头脑,Čistá mysl,cs
游侠,Odpadlík,cs
游侠纹章,Emblém Odpadlíka,cs
游神的盟友,Opatrovníkův spojenec,cs
源计划上行链路,Kybernetická linka,cs
源计划植入,Kybernetické implantáty,cs
滚起优势,Hvězdná obnova,cs
漫游者,Poutník,cs
漫游者徽章,Emblém Poutníka,cs
潘多拉的备战区,Pandořina střídačka,cs
潘多拉的道具,Pandořiny předměty,cs
潘朵拉的備戰區,Pandořina střídačka,cs
潘朵拉的备战席,Pandořina střídačka,cs
潘朵拉的装备,Pandořiny předměty,cs
潘朵拉的道具,Pandořiny předměty,cs
潘森,Pantheon,cs
潛在火爐,Čekající kovárna,cs
潛行者之爪,Lovcův dráp,cs
潜心锻造,Čekající kovárna,cs
潜行者之爪,Lovcův dráp,cs
激发之匣,Medailon stimulace,cs
火上浇油,Krmení plamenů,cs
火热促销,Ohnivý výprodej,cs
火爆甩卖,Ohnivý výprodej,cs
灭世者的死亡之帽,Rabadonův smrtící klobouk,cs
灭星尊,Vyhlazovač,cs
灵气农兵,Farmení aury,cs
灵活变通,Flexibilita,cs
灵活摇摆,Flexibilita,cs
灵能特工,Psionik,cs
灵能特工纹章,Emblém Psionika,cs
灵能者,Psionik,cs
灵能者徽章,Emblém Psionika,cs
灵风,Vánek,cs
灵魂唤醒,Probuzení duše,cs
灵魂觉醒,Probuzení duše,cs
炎を強めて,Krmení plamenů,cs
点击即送,Běž do toho,cs
炽天使之拥,Serafínova hůl,cs
炽天使之杖,Serafínova hůl,cs
烁刃,Blikavé čepele,cs
烈士之德,Mučedníkova ctnost,cs
烈士美德,Mučedníkova ctnost,cs
烏爾加特,Urgot,cs
烬,Jhin,cs
無人機上鏈,Dronová linka,cs
無差別屠殺,Nevybíravý zabiják,cs
無差別殺人者,Nevybíravý zabiják,cs
無盡之刃,Ostří nekonečna,cs
無盡絕望,Nekonečné zoufalství,cs
無限守護,Ochrana nekonečna,cs
煞蜜拉,Samira,cs
煽风点火,Krmení plamenů,cs
熊熊火勢,Krmení plamenů,cs
熾天使之杖,Serafínova hůl,cs
營造氣場,Farmení aury,cs
燼,Jhin,cs
燼滅之華,Vyhlazovač,cs
爆炸式增长,Výbušný růst,cs
爆炸性成長,Výbušný růst,cs
爆発的成長,Výbušný růst,cs
爱心包裹,Dárkový balíček,cs
爱欧尼亚星火,Iontová jiskra,cs
牧羊人,Pastýř,cs
牧羊人纹章,Emblém Pastýře,cs
牧魂人,Pastýř,cs
牧魂人徽章,Emblém Pastýře,cs
物尽其用,Bušení,cs
物資箱,Dárkový balíček,cs
特性の書,Kniha vlastností,cs
特性の木,Strom vlastností,cs
特性を選択,Vyber vlastnost,cs
特性之树,Strom vlastností,cs
特性典籍,Kniha vlastností,cs
特性神木,Strom vlastností,cs
犽宿之共享光采,Yasuův Široký paprsek,cs
犽宿的共享光采,Yasuův Široký paprsek,cs
犽宿的剑术,Yasuovo mistrovství meče,cs
犽宿的增益,Yasuův dar,cs
犽宿的祝福,Yasuův dar,cs
犽宿的迅雷之技,Yasuovo mistrovství meče,cs
犽宿的黃金棋格,Yasuovo zlaté pole,cs
犽宿的黄金格子,Yasuovo zlaté pole,cs
狂徒铠甲,Warmogova zbroj,cs
狂战士,Žoldnéř,cs
狂战士纹章,Emblém Žoldnéře,cs
狙击专家,Odstřelovač,cs
狙击专家徽章,Emblém Odstřelovače,cs
狙擊專家,Odstřelovač,cs
狙擊專家徽章,Emblém Odstřelovače,cs
狙神,Odstřelovač,cs
狙神纹章,Emblém Odstřelovače,cs
独自升级,Sólový postup,cs
狱火战斧,Sekera pekelného ohně,cs
猛将的荣耀,Vojevůdcova čest,cs
猩红报偿,Krev za krev,cs
獄火手斧,Sekera pekelného ohně,cs
獄炎のハチェット,Sekera pekelného ohně,cs
獨自升等,Sólový postup,cs
王冠とは重きもの,Tíha koruny,cs
王冠之重,Tíha koruny,cs
玻璃大炮,Skleněné dělo,cs
玻璃大砲I,Skleněné dělo,cs
珍藏财宝,Zakopané poklady,cs
珠光护手,Zdobená pěstnice,cs
珠光莲花,Zdobený květ,cs
珠光蓮花II,Zdobený květ,cs
瑟雷西的增益,Threshův dar,cs
瑟雷西的灯笼,Threshova lucerna,cs
瑟雷西的燈籠,Threshova lucerna,cs
瑟雷西的祝福,Threshův dar,cs
璐璐,Lulu,cs
甘いおやつ,Slaďounké dobroty,cs
甜点,Slaďounké dobroty,cs
生存专家,Nezdolný,cs
生存專家,Nezdolný,cs
生日团聚,Narozeninové setkání,cs
生日團聚,Narozeninové setkání,cs
生日礼物,Dárek k narozeninám,cs
生日禮物,Dárek k narozeninám,cs
生日聚会,Narozeninové setkání,cs
生根发芽,Rozrůstání kořenů,cs
生活片段,Pohodový život,cs
生涯ブロンズ,Bronz nad zlato,cs
生物材料保存,Konzervátor biomateriálu,cs
生物质保存剂,Konzervátor biomateriálu,cs
生物质维护器,Konzervátor biomateriálu,cs
由二生D,Viděti dvojmo,cs
电光反击,Elektrický výboj,cs
电火花,Elektrický výboj,cs
电荷转移I,Přenos náboje,cs
男爵幻域,Baronovo doupě,cs
略奪者,Žoldnéř,cs
略奪者の紋章,Emblém Žoldnéře,cs
疗愈回响,Léčivé ozvěny,cs
疾射火炮,Rychlopalné ohnivé dělo,cs
疾速双杀,Rychlý dvojzářez,cs
疾速雙殺,Rychlý dvojzářez,cs
癒しのこだま,Léčivé ozvěny,cs
登上最高峰,Závěrečný spurt,cs
發條加速器,Mechanický urychlovač,cs
百兽,Anima,cs
百兽指挥官,Velitelka Animy,cs
百兽特攻队徽章,Emblém Animy,cs
百獸,Anima,cs
百獸指揮官,Velitelka Animy,cs
百獸特攻隊徽章,Emblém Animy,cs
皇冠守衛,Korunní stráž,cs
盗賊のグローブ,Zlodějské rukavice,cs
盗賊団,Tlupa zlodějů,cs
盗賊団 II,Tlupa zlodějů II,cs
盜取,Zlodějíček,cs
盧登驟雨,Ludenova bouře,cs
目标锁定光学仪,Zaměřovací optika,cs
目標鎖定光學,Zaměřovací optika,cs
真派氣功,Kahunahuna,cs
石像鬼盘核,Chrličův kamenný plát,cs
石像鬼石板甲,Chrličův kamenný plát,cs
石像鬼磐核,Chrličův kamenný plát,cs
研究熱心,Trpělivé studium,cs
砰地重击,Bušení,cs
砰爆,Zkázonoš,cs
破时者,Ničitel času,cs
破时者徽章,Emblém Ničitele času,cs
破曉之核,Jádro úsvitu,cs
砸起來,Bušení,cs
硬性承诺,Neodvolatelná volba,cs
碰撞测试假人,Sebevražední panáci,cs
碰撞測試,Sebevražední panáci,cs
神の祝福,Požehnaný bohy,cs
神の鍛冶場,Apoteotická kovárna,cs
神之祝福,Požehnaný bohy,cs
神偷军团,Tlupa zlodějů,cs
神偷军团 II,Tlupa zlodějů II,cs
神偷軍團,Tlupa zlodějů,cs
神偷軍團 II,Tlupa zlodějů II,cs
神力天铸,Síla artefaktů,cs
神化锻炉,Apoteotická kovárna,cs
神寵者,Požehnaný bohy,cs
神影刺客,Odpadlík,cs
神影刺客徽章,Emblém Odpadlíka,cs
神聖熔爐,Apoteotická kovárna,cs
神託,Věštec,cs
神諭,Věštec,cs
神谕,Prostředník,cs
神谕模式,Režim Prostředník,cs
神赐锻炉,Apoteotická kovárna,cs
神鬥士,Božský duelista,cs
禁忌之像,Zapovězená modla,cs
禁忌雕像,Zapovězená modla,cs
离子火花,Iontová jiskra,cs
私房錢,Chmaták,cs
私房钱,Chmaták,cs
科加斯,Cho'Gath,cs
秘传奥义,Kahunahuna,cs
稜鏡票券,Spektrální vstupenka,cs
穢れたヴァンパイア セプター,Zrádné upírské žezlo,cs
究極暴擊,Kritický úspěch,cs
窃盗,Zlodějíček,cs
窃贼帮派,Tlupa zlodějů,cs
窃贼帮派 II,Tlupa zlodějů II,cs
窃贼手套,Zlodějské rukavice,cs
竊賊手套,Zlodějské rukavice,cs
米利欧,Milio,cs
米普,Mipík,cs
米普,Miplík,cs
米普徽章,Emblém Miplíka,cs
米普星人,Miplík,cs
米普星人徽章,Emblém Miplíka,cs
米普終端速度,Termipnální rychlost,cs
米里欧,Milio,cs
米里歐,Milio,cs
精心打造,Zručná výroba,cs
精心製作,Zručná výroba,cs
精打細算,Chytrý nákup,cs
精打细算,Chytrý nákup,cs
精进之矛,Oštěp Šódžinu,cs
精進之矛,Oštěp Šódžinu,cs
紀元,Epocha,cs
紅Buff,Červený buff,cs
納什之牙,Nashorův tesák,cs
納瑟斯,Nasus,cs
素材アイテムヘイスト,Loupež základních předmětů,cs
紡がれし魔法,Splétaná magie,cs
索娜,Sona,cs
索拉卡的增益,Soračin dar,cs
索拉卡的奇蹟,Soračin zázrak,cs
索拉卡的奇迹,Soračin zázrak,cs
索拉卡的恩赐,Soračin dar,cs
索拉卡的祝福,Soračin dar,cs
終わりなき絶望,Nekonečné zoufalství,cs
組件強盜,Loupež základních předmětů,cs
絶好調,Hvězdná obnova,cs
維克特,Viktor,cs
維迦,Veigar,cs
縮小手套,Palčáky,cs
红增益,Červený buff,cs
红霸符,Červený buff,cs
纪年伊始,Epocha,cs
纳什之牙,Nashorův tesák,cs
纳尔,Gnar,cs
纳瑟斯,Nasus,cs
纷乱头脑,Zaneprázdněná mysl,cs
纹章之书,Kniha vlastností,cs
纺织魔法,Splétaná magie,cs
组件劫案,Loupež základních předmětů,cs
织命人,Splétač osudu,cs
终端米普速度,Termipnální rychlost,cs
终身青铜,Bronz nad zlato,cs
终身黄铜,Bronz nad zlato,cs
绝境反击,Odražení ode dna,cs
维克托,Viktor,cs
维克特,Viktor,cs
维迦,Veigar,cs
编织魔法,Splétaná magie,cs
羁绊树,Strom vlastností,cs
美味甜點,Slaďounké dobroty,cs
翱銳龍獸,Aurelion Sol,cs
翱銳龍獸的祝福,Aurelion Solův dar,cs
翱锐龙兽,Aurelion Sol,cs
翱锐龙兽的增益,Aurelion Solův dar,cs
耐心学习,Trpělivé studium,cs
耐心學習,Trpělivé studium,cs
耐心是一种美德,Trpělivost je ctnost,cs
耐心是美德,Trpělivost je ctnost,cs
职业杀手,Nájemný zabiják,cs
联合作战,Stůjme při sobě,cs
聖なる決闘者,Božský duelista,cs
聖光無賴,Zářivý rošťák,cs
能力值大補包,Nálož atributů!,cs
能量圣杯,Pohár moci,cs
脫穎而出,Závěrečný spurt,cs
腐蚀,Koroze,cs
腐蝕,Koroze,cs
腐败吸血鬼权杖,Zrádné upírské žezlo,cs
腐食,Koroze,cs
腰带溢流,Pevné opasky,cs
腰带过载,Pevné opasky,cs
腰帶多多,Pevné opasky,cs
臨時戰甲,Provizorní zbroj,cs
至尊探险,Velkolepé dobrodružství,cs
致命利刃,Vražednější čepele,cs
致命帽子,Vražednější klobouky,cs
致命豆丁,"Drobní, ale vražední",cs
致死之帽,Vražednější klobouky,cs
艾克的增益,Ekkův dar,cs
艾克的恩赐,Ekkův dar,cs
艾克的祝福,Ekkův dar,cs
艾克的耐心,Ekkova trpělivost,cs
节外生枝,Rozvětvení,cs
花到上头,Chmaták,cs
芽苞初放,Postav si kámoše,cs
英勇惊喜包,Hrdinská dárková taška,cs
英勇福袋,Hrdinská dárková taška,cs
英雄のラッキーバッグ,Hrdinská dárková taška,cs
英雄禮包,Hrdinská dárková taška,cs
茂凯,Maokai,cs
茂凱,Maokai,cs
荊棘蔓延,Rozrůstání kořenů,cs
莎弥拉,Samira,cs
莫德凯撒,Mordekaiser,cs
莫甘娜,Morgana,cs
莫雷洛秘典,Morellonomicon,cs
菲兹,Fizz,cs
菲奥娜,Fiora,cs
菲欧拉,Fiora,cs
菲歐拉,Fiora,cs
葛雷夫,Graves,cs
蓝增益,Modrý buff,cs
蓝霸符,Modrý buff,cs
蔓延之根,Rozrůstání kořenů,cs
蕾欧娜,Leona,cs
薄暮法袍,Večerháv,cs
薇古丝,Vex,cs
薇可丝,Vex,cs
薇可絲,Vex,cs
藍Buff,Modrý buff,cs
虚空之杖,Hůl Prázdnoty,cs
虚空之门,Portál Zz'Rotu,cs
虚空手套,Pěstnice Prázdnoty,cs
虚空护手,Pěstnice Prázdnoty,cs
虛空之杖,Hůl Prázdnoty,cs
虛空之門,Portál Zz'Rotu,cs
虛空武鬥場,Pěstnice Prázdnoty,cs
血の供物,Krvavá oběť,cs
血の価値,Krev za krev,cs
血償,Krev za krev,cs
血的代价,Krev za krev,cs
血祭,Krvavá oběť,cs
衝擊火炮,Rychlopalné ohnivé dělo,cs
衝突試験用ダミー,Sebevražední panáci,cs
裁决者,Soudce,cs
裁决者徽章,Emblém Soudce,cs
装备百宝袋,Dárková taška s předměty,cs
複製,Replikace,cs
西風匕首,Vánek,cs
西风匕首,Vánek,cs
視界專注,Soustředěný horizont,cs
观星者,Hvězdopravec,cs
观星者徽章,Emblém Hvězdopravce,cs
观星者纹章,Emblém Hvězdopravce,cs
视界专注,Soustředěný horizont,cs
觉得自己幸运吗,Úsměv štěstěny,cs
訂購奢侈品,Luxusní předplatné,cs
訂閱服務,Předplacená služba,cs
訓練假人,Cvičná loutka,cs
詛咒之冠,Prokletá koruna,cs
詛咒之刃,Prokleté ostří,cs
詛咒吸血鬼權杖,Zrádné upírské žezlo,cs
認知超載,Kognitivní přetížení,cs
订阅服务,Předplacená služba,cs
认知税,Kognitivní zátěž,cs
认知超负荷,Kognitivní přetížení,cs
认知过载,Kognitivní přetížení,cs
训练假人,Cvičná loutka,cs
训练木偶,Cvičná loutka,cs
诅咒之冠,Prokletá koruna,cs
诅咒之刃,Prokleté ostří,cs
诅咒冠冕,Prokletá koruna,cs
豪華なサブスク,Luxusní předplatné,cs
貝爾薇斯,Bel'Veth,cs
負極斗篷,Negatronový plášť,cs
貪啃奇,Tahm Kench,cs
貪財,Nenasytnost,cs
買い物三昧,Nákupní horečka,cs
買不手軟,Nákupní horečka,cs
貿易核心,Jádro obchodu,cs
賈克斯,Jax,cs
賢い買い物,Chytrý nákup,cs
贝尔薇斯,Bel'Veth,cs
贝蕾亚,Briar,cs
负极斗篷,Negatronový plášť,cs
财源滚滚,Zlatý monzun,cs
贪啃奇,Tahm Kench,cs
贪财,Nenasytnost,cs
购物狂欢,Nákupní horečka,cs
贸易中心,Jádro obchodu,cs
贸易大亨,Obchodní sektor,cs
贾克斯,Jax,cs
赏金战士,Cena pro vítěze,cs
起死回生,Druhý dech,cs
超前部署,Prozíravost,cs
超新星,N.O.V.A.,cs
超新星徽章,Emblém N.O.V.A.,cs
超级机甲,Mocný mech,cs
超能機甲,Mocný mech,cs
超越のタリスマン,Amulet Vyzdvižení,cs
跳樓大拍賣,Ohnivý výprodej,cs
輝く悪党,Zářivý rošťák,cs
转不停,Vybíravé výběry,cs
轻量魔法投掷,Mírně magický hod,cs
轻魔重骰,Mírně magický hod,cs
这次战败也在计算之中,Promyšlená prohra,cs
远古霸者,Prapůvodní,cs
远古霸者徽章,Emblém Prapůvodního,cs
远征,Expedice,cs
远见卓识,Prozíravost,cs
连指手套,Palčáky,cs
迷你小英雄,Nejtitěrnější titán,cs
迷你黑洞,Mini černá díra,cs
迷离风衣,Podezřelý pršiplášť,cs
适应性头盔,Přizpůsobivá přilba,cs
适性神盔,Přizpůsobivá přilba,cs
逆命,Twisted Fate,cs
逆袭之路,Odražení ode dna,cs
逆転劇,Odražení ode dna,cs
逆轉佳話,Odražení ode dna,cs
选择特性,Vyber vlastnost,cs
选择羁绊,Vyber vlastnost,cs
這次戰敗也在計算之中,Promyšlená prohra,cs
連続魔法,Souvislé sesílání,cs
連續施法,Souvislé sesílání,cs
進階貸款,Pokročilá půjčka,cs
道を切り拓け,Prosekání cesty,cs
道具惊喜包,Dárková taška s předměty,cs
道具組合包I,Dárková taška s předměty,cs
遠古霸者,Prapůvodní,cs
遠古霸者徽章,Emblém Prapůvodního,cs
遠征,Expedice,cs
遥遥领先,Dlouhodobá investice,cs
適性神盔,Přizpůsobivá přilba,cs
選擇特性,Vyber vlastnost,cs
避險基金,Investiční fond,cs
邦！,Žďuch!,cs
邪悪な収益化,Zákeřná monetizace,cs
部分飞升,Částečné vyzdvižení,cs
鄂尔,Ornn,cs
鄂爾,Ornn,cs
重启任务,Restartování mise,cs
重整装置,Rekombobulátor,cs
重整裝置,Rekombobulátor,cs
重新開始任務,Restartování mise,cs
重枪女武神,Božská pistolnice,cs
重槍女武神,Božská pistolnice,cs
重装战士,Předvoj,cs
重装战士纹章,Emblém Předvoje,cs
重锤之志,Vůle palcátu,cs
量身訂做,Exkluzivní úprava,cs
金に飢えし者,Nenasytnost,cs
金のタマゴ,Zlaté vejce,cs
金のモンスーン,Zlatý monzun,cs
金ピカの鋼,Pozlacená ocel,cs
金克丝,Jinx,cs
金湯匙,Stříbrná lžička,cs
金蛋,Zlaté vejce,cs
金铲铲,Obracečka,cs
金铲铲冠冕,Taktikova koruna,cs
金锅铲冠冕,Taktikův plášť,cs
金锅锅,Litinová pánev,cs
金锅锅冠冕,Taktikův štít,cs
金霖龙,Zlatý drak,cs
金鳞精粹,Esence Mihotavců,cs
金龙降世,Zlatý drak,cs
鈍化,"Marioneta, to jsem já",cs
銀の匙,Stříbrná lžička,cs
銀河獵手,Galaktický lovec,cs
銀織黎明,Úsvit nad Stříbromořím,cs
銃装機神,Božská pistolnice,cs
銅級之命II,Bronz nad zlato,cs
鋼の心,Srdce z oceli,cs
鋼鐵素材,Železné vybavení,cs
錫柯的悲鳴號角,Zekeův pochmurný posel,cs
錫柯的號角,Zekeův posel,cs
鍋鏟,Obracečka,cs
鎖子甲,Kroužková vesta,cs
鏡像のペルソナ,Zrcadlová osobnost,cs
鏡像人格,Zrcadlová osobnost,cs
鏡爪,Kindred,cs
鑄造朋友,Vyrob si kamaráda,cs
钢铁之心,Srdce z oceli,cs
钢铁烈阳之匣,Medailónek železných Solari,cs
钢铁资产,Železné vybavení,cs
银汤匙,Stříbrná lžička,cs
银河猎手,Galaktický lovec,cs
银织黎明,Úsvit nad Stříbromořím,cs
铸剑工匠,Výrobce mečů,cs
锁子甲,Kroužková vesta,cs
锁敌光学设备,Zaměřovací optika,cs
锅铲,Obracečka,cs
锅铲厨房,Taktikova kuchyně,cs
锐雯,Riven,cs
锡柯的号角,Zekeův posel,cs
锡柯的悲鸣号角,Zekeův pochmurný posel,cs
锤石的恩赐,Threshův dar,cs
锤石的灯笼,Threshova lucerna,cs
锻造一个朋友,Vyrob si kamaráda,cs
锻造挚友,Vyrob si kamaráda,cs
镀金钢铁,Pozlacená ocel,cs
镜像人格面具,Zrcadlová osobnost,cs
镜影化身,Zrcadlová osobnost,cs
镜爪,Kindred,cs
長久之計,Dlouhodobá investice,cs
閃刃,Blikavé čepele,cs
開局新手包,Postav si kámoše,cs
闇の女帝,Temná paní,cs
闇翼魔女,Temná paní,cs
關,Gwen,cs
防禦高塔,Věž,cs
阿卡丽,Akali,cs
阿卡莉,Akali,cs
阿狸的光环,Ahřina aura,cs
阿狸的恩赐,Ahřin dar,cs
阿璃的增益,Ahřin dar,cs
阿璃的灵气,Ahřina aura,cs
阿璃的祝福,Ahřin dar,cs
阿璃的靈氣,Ahřina aura,cs
阿福大礼包,Urfova dárková taška,cs
阿福大禮包,Urfova dárková taška,cs
阿福奇兵,Urfův gambit,cs
阿福式开局,Urfův gambit,cs
阿福快打,U.R.F.,cs
阿福的百宝袋,Urfova dárková taška,cs
阿福驾到,U.R.F.,cs
阿萝拉,Aurora,cs
降靈師,Prostředník,cs
降靈師模式,Režim Prostředník,cs
限定カスタマイズ,Exkluzivní úprava,cs
陣容,Nástup,cs
集中火力,Soustředěná palba,cs
集中砲火,Soustředěná palba,cs
集体拥抱I,Společné objetí,cs
集结战队,Sehraný tým,cs
雇佣杀手,Nájemný zabiják,cs
雙排,Tandemová fronta,cs
雙生守衛,Strážná dvojice,cs
離子星火,Iontová jiskra,cs
雷克塞,Rek'Sai,cs
雷欧娜,Leona,cs
雷歐娜,Leona,cs
雷玟,Riven,cs
雷珂煞,Rek'Sai,cs
電光反擊,Elektrický výboj,cs
電荷轉移,Přenos náboje,cs
霞,Xayah,cs
露璐,Lulu,cs
霸天机甲,Mech,cs
靈活變通,Flexibilita,cs
靈能使,Psionik,cs
靈能使徽章,Emblém Psionika,cs
靈魂救贖,Duch odplaty,cs
静止法衣,Rouška nehybnosti,cs
非凡冒險,Velkolepé dobrodružství,cs
韦鲁斯的恩赐,Varusův dar,cs
韦鲁斯的执念,Varusova posedlost,cs
頂裝,Vrcholná sestava,cs
預料中的意外,Očekávaná neočekávanost,cs
願四之力與你同在,Vražední čtveráci,cs
顶尖构筑,Vrcholná sestava,cs
顽强不屈,Nezdolný,cs
飙速木灵,Termipnální rychlost,cs
飛斯,Fizz,cs
飛昇,Vzestup,cs
飞升,Vzestup,cs
飞升护符,Amulet Vyzdvižení,cs
飞斯,Fizz,cs
饮血剑,Krvežíznivec,cs
騎士の誓い,Rytířský slib,cs
騎士誓願,Rytířský slib,cs
骑士之誓,Rytířský slib,cs
骑士誓愿,Rytířský slib,cs
高压电,Vysoké napětí,cs
高压电流,Vysoké napětí,cs
高塔,Věž,cs
高级贷款,Pokročilá půjčka,cs
高速ダブルキル,Rychlý dvojzářez,cs
高電圧,Vysoké napětí,cs
高電壓,Vysoké napětí,cs
高風險高報酬,Riskantní tah,cs
鬼使弯刀,Přízračná šavle,cs
鬼使彎刀,Přízračná šavle,cs
鬼索的狂暴之刃,Guinsoova zuřivá čepel,cs
魂力覺醒,Probuzení duše,cs
魔像,Golem,cs
魔力編織,Splétaná magie,cs
魔斗凯萨,Mordekaiser,cs
魔术师,Replikátor,cs
魔术师模式,Replikační režim,cs
魔杖湧流,Přebytek holí,cs
魔棒过载,Přebytek holí,cs
魔法のダイス,Kouzelný hod,cs
魔法投掷,Kouzelný hod,cs
魔法擲骰,Kouzelný hod,cs
魔法骰子,Kouzelný hod,cs
魔甘娜,Morgana,cs
魔鬥凱薩,Mordekaiser,cs
鱼骨头,Rakeťák,cs
鲜血祭品,Krvavá oběť,cs
鴻運當頭,Úsměv štěstěny,cs
鴻運當頭,Hvězdná obnova,cs
麗珊卓,Lissandra,cs
黃昏聖盾,Štít soumraku,cs
黃金巨龍,Zlatý drak,cs
黃金蛋,Zlaté vejce,cs
黃金豪賭,Zlatý hod,cs
黄昏圣盾,Štít soumraku,cs
黄金の博打,Zlatý hod,cs
黄金の龍,Zlatý drak,cs
黄金蛋,Zlaté vejce,cs
黄金豪赌,Zlatý hod,cs
黄金赌约,Zlatý hod,cs
黎明之盾,Štít úsvitu,cs
黎明圣盾,Štít úsvitu,cs
黎明核心,Jádro úsvitu,cs
黎明聖盾,Štít úsvitu,cs
黑暗吸血鬼节杖,Zrádné upírské žezlo,cs
黑暗魔女,Temná paní,cs
黑铁资产,Železné vybavení,cs
黑魔禁书,Morellonomicon,cs
黑魔禁書,Morellonomicon,cs
黛安娜,Diana,cs
龍之爪,Dračí spár,cs
龙之爪,Dračí spár,cs
가고일 돌갑옷,Chrličův kamenný plát,cs
가지 뻗기,Rozvětvení,cs
간이 대장간,Živoucí kovárna,cs
강철의 솔라리 펜던트,Medailónek železných Solari,cs
강철의 심장,Srdce z oceli,cs
거대 메크 로봇,Mocný mech,cs
거대하고 강력한,Velikost a síla,cs
거대한 히드라,Titánská hydra,cs
거래 중심지,Jádro obchodu,cs
거울의 환영,Zrcadlová osobnost,cs
거인 학살자,Zabiják obrů,cs
거인의 결의,Titánské odhodlání,cs
거인의 허리띠,Obrův opasek,cs
검 제작자,Výrobce mečů,cs
경품 추첨,Zlatý hod,cs
경호대 훈련,Výcvik tělesného strážce,cs
계산된 패배,Promyšlená prohra,cs
고귀한 모험,Velkolepé dobrodružství,cs
고독한 방패,Sólový plát,cs
고속 연사포,Rychlopalné ohnivé dělo,cs
고위천사의 지팡이,Serafínova hůl,cs
고전압,Elektrický výboj,cs
고전압,Vysoké napětí,cs
고철 수집가의 은총,Kutilův dar,cs
곡궁,Reflexní luk,cs
골렘,Golem,cs
공감 임플란트,Podpůrný implantát,cs
공허 건틀릿,Pěstnice Prázdnoty,cs
공허의 지팡이,Hůl Prázdnoty,cs
교환의 장,Obchodní sektor,cs
구독 서비스,Předplacená služba,cs
구원의 영혼,Duch odplaty,cs
구원자,Spasitel,cs
구인수의 격노검,Guinsoova zuřivá čepel,cs
굳건한 심장,Nezlomné srdce,cs
권투 교습,Lekce v boxu,cs
그냥 눌러,Běž do toho,cs
그라가스,Gragas,cs
그레이브즈,Graves,cs
그림자 꼭두각시,Stínová loutka,cs
그웬,Gwen,cs
극대화 빌드,Vrcholná sestava,cs
극진한 헌신,Neodvolatelná volba,cs
금지된 우상,Zapovězená modla,cs
급매,Ohnivý výprodej,cs
기다림의 미학,Vyplatí se čekat,cs
기동총격여신,Božská pistolnice,cs
기사의 맹세,Rytířský slib,cs
길을 내라,Prosekání cesty,cs
길잡이,Pastýř,cs
길잡이 상징,Emblém Pastýře,cs
꼬꼬마 거인,Nejtitěrnější titán,cs
꼬마 거인,Drobní titáni,cs
꼬마 정령,Mipík,cs
꽁!,Žďuch!,cs
끈끈한 우정,Teambuilding,cs
끈질긴 연구,Trpělivé studium,cs
끝없는 절망,Nekonečné zoufalství,cs
나 혼자 레벨업,Sólový postup,cs
나르,Gnar,cs
나미,Nami,cs
나서스,Nasus,cs
남작의 소굴,Baronovo doupě,cs
내셔의 이빨,Nashorův tesák,cs
넘치는 대검,Přebytek mečů,cs
넘치는 지팡이,Přebytek holí,cs
넘치는 허리띠,Pevné opasky,cs
누누와 윌럼프,Nunu a Willump,cs
다 쓸 데가 있다니까,Aspoň k něčemu,cs
다이애나,Diana,cs
단결된 의지,Stůjme při sobě,cs
단일 조합 사수,JEDU SI TO SVOJE,cs
단짝,Nejlepší přátelé,cs
단체 포옹,Společné objetí,cs
달콤한 간식,Slaďounké dobroty,cs
대격변 생성기,Rekombobulátor,cs
대장군의 명예,Vojevůdcova čest,cs
대천사의 지팡이,Archandělova hůl,cs
대출 선지급,Pokročilá půjčka,cs
더욱 치명적인 모자,Vražednější klobouky,cs
덤불 조끼,Ostnatá vesta,cs
도금 강철,Pozlacená ocel,cs
도둑 무리,Tlupa zlodějů,cs
도둑 무리 II,Tlupa zlodějů II,cs
도적의 장갑,Zlodějské rukavice,cs
도전자,Vyzyvatel,cs
도전자 모드,Soubojový režim,cs
도전자 상징,Emblém Vyzyvatele,cs
돈 폭풍,Zlatý monzun,cs
돈독,Nenasytnost,cs
동료 제작,Stavebnice společníků,cs
동물특공대,Anima,cs
동물특공대 상징,Emblém Animy,cs
동물특공대 지휘관,Velitelka Animy,cs
뒤집개,Obracečka,cs
드론 업링크,Dronová linka,cs
땔감 제공,Krmení plamenů,cs
라바돈의 죽음모자,Rabadonův smrtící klobouk,cs
라아스트,Rhaast,cs
라이트실드 문장,Erb Lightshieldů,cs
람머스,Rammus,cs
레벨 업!,Nová úroveň!,cs
레오나,Leona,cs
렉사이,Rek'Sai,cs
루덴의 폭풍,Ludenova bouře,cs
룰루,Lulu,cs
르블랑,LeBlanc,cs
리븐,Riven,cs
리산드라,Lissandra,cs
리치베인,Zhouba lichů,cs
마법 주사위,Kouzelný hod,cs
마법공학 총검,Magitechnická puškočepel,cs
마법사의 최후,Nouzová,cs
마스터 이,Mistr Yi,cs
마오카이,Maokai,cs
말살자,Vyhlazovač,cs
맑은 정신,Čistá mysl,cs
망령 해적검,Přízračná šavle,cs
메카,Mech,cs
명멸검,Blikavé čepele,cs
모데카이저,Mordekaiser,cs
모렐로노미콘,Morellonomicon,cs
모르가나,Morgana,cs
무차별적 살인자,Nevybíravý zabiják,cs
무한의 대검,Ostří nekonečna,cs
무한한 보호,Ochrana nekonečna,cs
미래 지향적 사고,Prozíravost,cs
미스 포츈,Miss Fortune,cs
밀리오,Milio,cs
바드,Bard,cs
바루스의 은총,Varusův dar,cs
바루스의 집착,Varusova posedlost,cs
반도체,Polovodič,cs
반항아,Pestrá sebranka,cs
밤의 끝자락,Přelom noci,cs
방한 장갑,Palčáky,cs
베이가,Veigar,cs
벡스,Vex,cs
벨베스,Bel'Veth,cs
별돌보미,Hvězdopravec,cs
별돌보미 상징,Emblém Hvězdopravce,cs
별빛 연계,Hvězdné kombo,cs
보루,Ochranný val,cs
보물 사냥,Lov pokladů,cs
보석 건틀릿,Zdobená pěstnice,cs
보석 연꽃,Zdobený květ,cs
복제,Replikace,cs
복제자,Replikátor,cs
복제자 모드,Replikační režim,cs
부스터 팩,Posilovací balíček,cs
부식,Koroze,cs
부작용,Vedlejší účinky,cs
부활의 은총,Dar vzkříšení,cs
불굴,Nezdolný,cs
불완전한 초월,Částečné vyzdvižení,cs
불한당,Odpadlík,cs
불한당 상징,Emblém Odpadlíka,cs
붉고 푸른 효과,"Jeden buff, dva buffy",cs
붉은 덩굴정령,Červený buff,cs
브라이어,Briar,cs
블리츠크랭크,Blitzcrank,cs
빅뱅,Velký třesk,cs
빅토르,Viktor,cs
빛비늘 정수,Esence Mihotavců,cs
뻗어가는 뿌리,Rozrůstání kořenů,cs
뽀삐,Poppy,cs
사미라,Samira,cs
사이버네틱 이식술,Kybernetické implantáty,cs
사이버네틱 통신,Kybernetická linka,cs
삼인방,Trojice,cs
새로고침의 날,Vybíravé výběry,cs
새로운 시대,Epocha,cs
새벽심장,Jádro úsvitu,cs
새벽의 방패,Štít úsvitu,cs
생선대가리,Rakeťák,cs
생일 모임,Narozeninové setkání,cs
생일 선물,Dárek k narozeninám,cs
생존자,Nezdolný,cs
서사적 새로고침,Epický výlov,cs
서열 상승,Šplhání žebříčkem,cs
서풍,Vánek,cs
선물 꾸러미,Dárkový balíček,cs
선봉대,Předvoj,cs
선봉대 상징,Emblém Předvoje,cs
성취,Závěrečný spurt,cs
소나,Sona,cs
소라카의 기적,Soračin zázrak,cs
소라카의 은총,Soračin dar,cs
소형 블랙홀,Mini černá díra,cs
쇠사슬 조끼,Kroužková vesta,cs
쇼진의 창,Oštěp Šódžinu,cs
수상한 외투,Podezřelý pršiplášť,cs
수완가,Chmaták,cs
수은,Rtuť,cs
수호자의 맹세,Ochráncův slib,cs
수호자의 친구,Opatrovníkův spojenec,cs
순교자의 미덕,Mučedníkova ctnost,cs
쉔,Shen,cs
스태틱의 단검,Statikkova kudla,cs
스테락의 도전,Sterakova zástava,cs
슬쩍하기,Zlodějíček,cs
습격자,Žoldnéř,cs
습격자 상징,Emblém Žoldnéře,cs
승승장구,Hvězdná obnova,cs
승천의 부적,Amulet Vyzdvižení,cs
시간 균열자,Ničitel času,cs
시간 균열자 상징,Emblém Ničitele času,cs
시계태엽 윤활유,Mechanický urychlovač,cs
시동 걸기,Rychlý start,cs
신병,Nový rekrut,cs
신성 결투가,Božský duelista,cs
신성한 대장간,Apoteotická kovárna,cs
신의 축복,Požehnaný bohy,cs
신중한 제작,Čekající kovárna,cs
실컷 울어봐라,Potok slz,cs
싸움꾼,Rváč,cs
싸움꾼 상징,Emblém Rváče,cs
쌍두마차,Odolná dvojka,cs
쌍둥이 수호자,Strážná dvojice,cs
쓰레쉬의 랜턴,Threshova lucerna,cs
쓰레쉬의 은총,Threshův dar,cs
쓸데없이 큰 지팡이,Zbytečně dlouhá hůl,cs
아리의 오라,Ahřina aura,cs
아리의 은총,Ahřin dar,cs
아우렐리온 솔,Aurelion Sol,cs
아우렐리온 솔의 은총,Aurelion Solův dar,cs
아이템 꾸러미,Dárková taška s předměty,cs
아칼리,Akali,cs
아케인 빅토르이!,Viktorův triumf,cs
아트록스,Aatrox,cs
악성코드 매트릭스,Malwarová matice,cs
악의적 수익 창출,Zákeřná monetizace,cs
암흑의 별,Temná hvězda,cs
암흑의 별 상징,Emblém Temné hvězdy,cs
야스오의 검술,Yasuovo mistrovství meče,cs
야스오의 스포트라이트 공유,Yasuův Široký paprsek,cs
야스오의 은총,Yasuův dar,cs
야스오의 황금 칸,Yasuovo zlaté pole,cs
약간 신비한 주사위,Mírně magický hod,cs
어둠의 여인,Temná paní,cs
어수선한 마음,Zaneprázdněná mysl,cs
얽힌 마법,Splétaná magie,cs
엄청나게 이로운 효과!,Nálož atributů!,cs
에너지 파동,Kahunahuna,cs
에코의 은총,Ekkův dar,cs
에코의 인내,Ekkova trpělivost,cs
여신의 눈물,Slza bohyně,cs
여행자,Poutník,cs
여행자 상징,Emblém Poutníka,cs
역병의 보석,Klenot nákazy,cs
역전의 서막,Odražení ode dna,cs
연결 불가,Ztracené konexe,cs
연속 주문 사용,Souvislé sesílání,cs
연습용 장갑,Tréninkové rukavice,cs
영웅 꾸러미,Hrdinská dárková taška,cs
영원한 브론즈,Bronz nad zlato,cs
영원한 서약,Věčná dohoda,cs
영혼 각성,Probuzení duše,cs
예금 계좌,Spořicí účet,cs
예비 활,Záložní luky,cs
예상된 예상 밖의 결과,Očekávaná neočekávanost,cs
예언자,Věštec,cs
오라 축적,Farmení aury,cs
오로라,Aurora,cs
오른,Ornn,cs
왕관의 무게,Tíha koruny,cs
요새,Bašta,cs
요새 상징,Emblém Bašty,cs
용의 발톱,Dračí spár,cs
우르곳,Urgot,cs
우르프의 갬빗,Urfův gambit,cs
우르프의 꾸러미,Urfova dárková taška,cs
우주 그루브,Vesmírný rytmus,cs
우주 그루브 상징,Emblém Vesmírného rytmu,cs
우주적 재시작,Kosmický restart,cs
운명술사,Splétač osudu,cs
워모그의 갑옷,Warmogova zbroj,cs
위험한 행보,Riskantní tah,cs
유기물 보존기,Konzervátor biomateriálu,cs
유리 대포,Skleněné dělo,cs
유연함,Flexibilita,cs
유용한 금속,Železné vybavení,cs
은빛 여명,Úsvit nad Stříbromořím,cs
은수저,Stříbrná lžička,cs
은하계 사냥꾼,Galaktický lovec,cs
음전자 망토,Negatronový plášť,cs
응당한 대가,Za jakou cenu,cs
응징,Odplata,cs
이블린의 본능,Evelynnin instinkt,cs
이블린의 은총,Evelynnin dar,cs
이온 충격기,Iontová jiskra,cs
이즈리얼,Ezreal,cs
인지 과부하,Kognitivní přetížení,cs
인지세,Kognitivní zátěž,cs
일라오이,Illaoi,cs
일상물,Pohodový život,cs
임무 재시작,Restartování mise,cs
임시변통 방어구,Provizorní zbroj,cs
자객의 발톱,Lovcův dráp,cs
자리 비움,AFK,cs
자야,Xayah,cs
작은 꾸러미,Malá dárková taška,cs
작은 친구들,Malí kámoši,cs
작지만 치명적인,"Drobní, ale vražední",cs
장기 투자,Dlouhodobá investice,cs
재빠른 더블 킬,Rychlý dvojzářez,cs
재빠른 무장,Bušení,cs
재생의 바람,Druhý dech,cs
재활용 쓰레기통,Recyklátor,cs
잭스,Jax,cs
저 별을 향해,Zamiř ke hvězdám,cs
저격수,Odstřelovač,cs
저격수 상징,Emblém Odstřelovače,cs
저녁갑주,Večerháv,cs
저주받은 왕관,Prokletá koruna,cs
저주받은 칼날,Prokleté ostří,cs
적응형 투구,Přizpůsobivá přilba,cs
전달자,Prostředník,cs
전달자 모드,Režim Prostředník,cs
전략가의 망토,Taktikův plášť,cs
전략가의 방패,Taktikův štít,cs
전략가의 왕관,Taktikova koruna,cs
전략가의 주방,Taktikova kuchyně,cs
전방의 토대,Základ přední řady,cs
전하 이동,Přenos náboje,cs
점심값,Peníze na oběd,cs
정교한 공예,Zručná výroba,cs
정렬,Nástup,cs
정령단 속도,Termipnální rychlost,cs
정령의 형상,Otisk duše,cs
정령족,Miplík,cs
정령족 상징,Emblém Miplíka,cs
정의의 손길,Ruka spravedlnosti,cs
제드,Zed,cs
조기 교육,Úvodní poznatky,cs
조이,Zoe,cs
조합 아이템 강탈,Loupež základních předmětů,cs
주인공 버프,Sdílená zbroj,cs
죽음의 검,Čepel smrti,cs
중심 잡기,Najdi své těžiště,cs
중재자,Soudce,cs
중재자 상징,Emblém Soudce,cs
즈롯 차원문,Portál Zz'Rotu,cs
증강된 힘,Augmentovaná síla,cs
지옥불 손도끼,Sekera pekelného ohně,cs
지크의 음산한 전령,Zekeův pochmurný posel,cs
지크의 전령,Zekeův posel,cs
지팡이 제작자,Výrobce holí,cs
지평선의 초점,Soustředěný horizont,cs
지휘관,Velitel,cs
진,Jhin,cs
진형 유지,Pevná linie,cs
징크스,Jinx,cs
찬란한 장난꾸러기,Zářivý rošťák,cs
참는 자에게 복을,Trpělivost je ctnost,cs
철퇴의 의지,Vůle palcátu,cs
청부 살인마,Nájemný zabiják,cs
초가스,Cho'Gath,cs
초능력,Psionik,cs
초능력 상징,Emblém Psionika,cs
초월,Vzestup,cs
최신상,Neopotřebovaný,cs
최적화,Pečlivé ladění,cs
최후의 속삭임,Poslední zašeptání,cs
추방자,Vyhnanci,cs
추적자의 팔목 보호대,Stopařčin chránič,cs
출세가도,Vytrvalý vzestup,cs
출정,Válečná stezka,cs
충돌 시험용 봇,Sebevražední panáci,cs
치명적 성공,Kritický úspěch,cs
치명적인 칼날,Vražednější čepele,cs
친구 만들기,Postav si kámoše,cs
친구 만들기,Vyrob si kamaráda,cs
침략자 제드,Narušitel Zed,cs
침묵의 장막,Rouška nehybnosti,cs
카르마,Karma,cs
카이사,Kai'Sa,cs
카파 주스,Šťáva Cappa,cs
케이틀린,Caitlyn,cs
케일의 승천,Kaylino povznesení,cs
케일의 은총,Kaylin dar,cs
케일의 찬란한 승천,Kaylino zářivé povznesení,cs
코르키,Corki,cs
크기의 중요성,Na velikosti záleží,cs
크라운가드,Korunní stráž,cs
크라켄의 분노,Krakenův hněv,cs
큰 꾸러미,Velká dárková taška,cs
킨드레드,Kindred,cs
타격대의 철퇴,Útočníkův řemdih,cs
타락한 흡혈의 낫,Zrádné upírské žezlo,cs
탈론,Talon,cs
탐 켄치,Tahm Kench,cs
탐사,Expedice,cs
탑,Věž,cs
태고족,Prapůvodní,cs
태고족 상징,Emblém Prapůvodního,cs
태양불꽃 망토,Plášť slunečního žáru,cs
태양불꽃판,Plocha slunečního žáru,cs
투자,Investice,cs
트위스티드 페이트,Twisted Fate,cs
특별 맞춤 설정,Exkluzivní úprava,cs
특성 나무,Strom vlastností,cs
특성 선택,Vyber vlastnost,cs
특성의 고서,Kniha vlastností,cs
티모,Teemo,cs
파멸자,Zkázonoš,cs
파묻힌 보물,Zakopané poklady,cs
파이크,Pyke,cs
파이트 머니,Cena pro vítěze,cs
파티광,Pařmen,cs
판도라의 대기석,Pandořina střídačka,cs
판도라의 아이템,Pandořiny předměty,cs
판테온,Pantheon,cs
폭발적인 성장,Výbušný růst,cs
표적 고정 광학 장치,Zaměřovací optika,cs
푸른 파수꾼,Modrý buff,cs
프라이팬,Litinová pánev,cs
프리즘 티켓,Spektrální vstupenka,cs
피바라기,Krvežíznivec,cs
피오라,Fiora,cs
피의 공물,Krvavá oběť,cs
피의 대가,Krev za krev,cs
피즈,Fizz,cs
하급 거울의 환영,Menší Zrcadlová osobnost,cs
"하나, 둘, 다섯!","Raz, dva, pět!",cs
"하나, 둘, 셋","Jedna, dva, tři",cs
하나로 뭉치는 거지,Držíme pospolu,cs
해진 유물,Oprýskaná relikvie,cs
행운의 기운,Úsměv štěstěny,cs
행운의 장갑,Rukavice pro štěstí,cs
헤지 펀드,Investiční fond,cs
현명한 소비,Chytrý nákup,cs
협곡 바위 게,Říční krab,cs
협력,Sehraný tým,cs
호화로운 정기 구독,Luxusní předplatné,cs
혼돈의 부름,Výzva chaosu,cs
화력 집중,Soustředěná palba,cs
활력증진의 펜던트,Medailon stimulace,cs
활의 수호자,Máš můj luk,cs
황금 드래곤,Zlatý drak,cs
황금 알,Zlaté vejce,cs
황혼의 방패,Štít soumraku,cs
회복의 구,Léčivá oka,cs
회복의 메아리,Léčivé ozvěny,cs
후반 성장,Zesílení do závěru hry,cs
후반 전문가,Specialista na závěrečnou fázi,cs
후방 설계도,Plán pro zadní řadu,cs
훈련 봇,Cvičná loutka,cs
훈련 봇 변환,"Marioneta, to jsem já",cs
휴대용 대장간,Přenosná kovárna,cs
흐르는 눈물,Kanoucí slzy,cs
흡혈의 활력,Upírská vitalita,cs
흥청망청,Nákupní horečka,cs
힘을 실은 제련,Síla artefaktů,cs
힘의 성배,Pohár moci,cs
羊刀,Guinsoova zuřivá čepel,cs
帽子,Rabadonův smrtící klobouk,cs
大帽,Rabadonův smrtící klobouk,cs
法帽,Rabadonův smrtící klobouk,cs
青龙刀,Oštěp Šódžinu,cs
龙刀,Oštěp Šódžinu,cs
蓝buff,Modrý buff,cs
大天使,Archandělova hůl,cs
AA,Archandělova hůl,cs
珠光,Zdobená pěstnice,cs
法爆,Zdobená pěstnice,cs
JG,Zdobená pěstnice,cs
鬼书,Morellonomicon,cs
离子,Iontová jiskra,cs
纳什,Nashorův tesák,cs
科技枪,Magitechnická puškočepel,cs
枪刃,Magitechnická puškočepel,cs
虚空,Hůl Prázdnoty,cs
法穿棒,Hůl Prázdnoty,cs
无尽,Ostří nekonečna,cs
IE,Ostří nekonečna,cs
死刃,Čepel smrti,cs
杀人剑,Čepel smrti,cs
DB,Čepel smrti,cs
巨杀,Zabiják obrů,cs
GS,Zabiják obrů,cs
轻语,Poslední zašeptání,cs
LW,Poslední zašeptání,cs
海妖,Krakenův hněv,cs
泰坦,Titánské odhodlání,cs
幽梦,Youmuuina přízračná čepel,cs
QSS,Rtuť,cs
血手,Sterakova zástava,cs
饮血,Krvežíznivec,cs
BT,Krvežíznivec,cs
反甲,Ostnatá vesta,cs
龙爪,Dračí spár,cs
DC,Dračí spár,cs
石像鬼,Chrličův kamenný plát,cs
狂徒,Warmogova zbroj,cs
夜锋,Přelom noci,cs
EON,Přelom noci,cs
日炎,Plášť slunečního žáru,cs
适应,Přizpůsobivá přilba,cs
坚定,Nezlomné srdce,cs
心之刚,Nezlomné srdce,cs
斯特拉克,Sterakova zástava,cs
偷偷,Zlodějské rukavice,cs
圣盾,Ochráncův slib,cs
誓约,Ochráncův slib,cs
冰甲,Ochráncův slib,cs
圣杯,Pohár moci,cs
基克,Zekeův posel,cs
鸟盾,Medailónek železných Solari,cs
正义,Ruka spravedlnosti,cs
HOJ,Ruka spravedlnosti,cs
法衣,Rouška nehybnosti,cs
女妖,Závoj Paní smrti,cs
薄暮,Večerháv,cs
骑士,Rytířský slib,cs
月石,Měsíční obnovovač,cs
恶意,Zlomyslnost,cs
嘉文,Jarvan IV.,cs
J4,Jarvan IV.,cs
菊花信,Xin Zhao,cs
小炮,Tristana,cs
卡牌,Twisted Fate,cs
牌爹,Twisted Fate,cs
TF,Twisted Fate,cs
挖掘机,Rek'Sai,cs
妖姬,LeBlanc,cs
船长,Gangplank,cs
GP,Gangplank,cs
大卑,Bel'Veth,cs
蝙蝠,Bel'Veth,cs
女枪,Miss Fortune,cs
霸龙,T-Hex,cs
霸王龙,T-Hex,cs
螃蟹,Říční krab,cs
猴子,Wukong,cs
稻草人,Fiddlesticks,cs
蛤蟆,Tahm Kench,cs
狗熊,Volibear,cs
龙王,Aurelion Sol,cs
小法,Veigar,cs
老鼠,Twitch,cs
诺手,Darius,cs
德玛,Garen,cs
大虫子,Cho'Gath,cs
灯笼,Thresh,cs
大嘴,Kog'Maw,cs
狼人,Warwick,cs
鳄鱼,Renekton ,cs
龙女,Shyvana,cs
豹女,Nidalee,cs
寒冰,Ashe,cs
女警,Caitlyn,cs
皮城女警,Caitlyn,cs
琴女,Sona,cs
机器人,Blitzcrank,cs
男爵,Baron Nashor,cs
杀手,Přemožitel,cs
大龙,Baron Nashor,cs
小菊,Brock,cs
流浪,Ryze,cs
偷男,Sylas,cs
甘雨,Kindred,cs
劲夫,Sett,cs
棺材板,Xerath ,cs
剑魔,Aatrox,cs
乌鸦,Swain,cs
光女,Lux,cs
酸辣粉,Seraphine,cs
宝石,Taric,cs
德子,Draven,cs
冰女,Lissandra,cs
电耗子,Kennen,cs
猪女,Sejuani,cs
猪妹,Sejuani,cs
剪刀,Gwen,cs
掘墓,Yorick ,cs
皎月,Diana,cs
蛮王,Tryndamere,cs
腰子,Shen,cs
赏金,Miss Fortune,cs
冰鸟,Anivia,cs
爆弹,Ziggs,cs
黑妹,Mel,cs
熊,Tibbers,cs
佛爷,Viego,cs
沙皇,Azir,cs
日女,Leona,cs
女坦,Leona,cs
丁真,Milio,cs
小法师,Veigar,cs
滑板鞋,Kalista,cs
火女,Annie,cs
狗头,Nasus,cs
板甲,Chrličův kamenný plát,cs
赌狗,reroll,cs
运营,econ,cs
转向,pivot,cs
质量,board strength,cs
连败,lose streak,cs
连胜,win streak,cs
速8,fast 8,cs
摆烂,open fort,cs
卖血,sack,cs
慢D,slow roll,cs
大转型,hard pivot,cs
小调整,soft pivot,cs
海克斯,augment,cs
运气好,highroll,cs
运气差,lowroll,cs
棱彩强化,prismatic augment,cs
铲爷,mobile player,cs
Ixtal,Ixtal,cs
Shadow Isles,Stínové ostrovy,cs
Trolling,Trollení,cs
Contested,Tvrdý boj,cs
BRB,BRB,cs
IRA,Penze,cs
PREMIO,JACKPOT,cs
IEM,E. M. P.,cs
PO,Zlaťáky,cs
PROJET,Laserová četa,cs
Ace,Eso,cs
PILLANAT,BRB,cs
Redemption,Odplata,cs
Completed Item,Dokončený předmět,cs
Reforger,Přeměňovač,cs
Cash Out,Výplata,cs
EMP,E. M. P.,cs
As,Eso,cs
ZW,BRB,cs
Titan,Kolos,cs
Level Up,Nová úroveň.,cs
J4,Jarvan IV,cs
LB,LeBlanc,cs
RB,Rageblade,cs
blue buff,Blue Buff,cs
red buff,Red Buff,cs
IS,Ionic Spark,cs
ionic,Ionic Spark,cs
dcap,Deathcap,cs
rageblade,Guinsoo's Rageblade,cs
gunblade,Hextech Gunblade,cs
shiv,Statikk Shiv,cs
stattik,Statikk Shiv,cs
titans,Titan's Resolve,cs
gargoyle,Gargoyle Stoneplate,cs
garg,Gargoyle Stoneplate,cs
claw,Dragon's Claw,cs
dclaw,Dragon's Claw,cs
archangels,Archangel's Staff,cs
sojin,Spear of Shojin,cs
bilge,Bilgewater,cs
BW,Bilgewater,cs
SI,Shadow Isles,cs
shadow isles,Shadow Isles,cs
pilt,Piltover,cs
pilty,Piltover,cs
nox,Noxus,cs
ixtal,Ixtal,cs
sorc,Sorcerer,cs
sorcs,Sorcerer,cs
scrim,scrim,cs
scrims,scrim,cs
scrimming,scrim,cs
T0,S-tier,cs
T1,A-tier,cs
T2,B-tier,cs
WW,Warwick,cs
efls,Aphelios,cs
BV,Bel'Veth,cs
BF,K. V. meč,cs
TG,Zlodějské rukavice,cs
BB,Modrý buff,cs
Challenger,挑战者,cs
Ixtal,以绪塔尔,cs
Shadow Isles,暗影岛,cs
Hextech,海克斯科技,cs
Trolling,震惊巨魔,cs
JACKPOT,头奖,cs
Hard Pivot,硬性变阵,cs
Completed Item,成装,cs
Prismatic Augment,棱彩阶强化符文,cs
Choke,阻塞,cs
Hand Of Justice,正义之手,cs
Giant Slayer,巨人杀手,cs
Redemption,救赎,cs
Sunfire Cape,日炎斗篷,cs
Hextech Gunblade,海克斯科技枪刃,cs
Radiant Item,光明武器,cs
Reforger,装备重铸器,cs
Ionic Spark,离子火花,cs
Blue Buff,蓝霸符,cs
Bramble Vest,棘刺背心,cs
Edge of Night,夜之锋刃,cs
Statikk Shiv,斯塔缇克电刃,cs
Cash Out,见好就收,cs
Morellonomicon,莫雷洛秘典,cs
Red Buff,红霸符,cs
Crownguard,冕卫,cs
Last Whisper,最后的轻语,cs
Jeweled Gauntlet,珠光护手,cs
AFK,开摆,cs
Win Out,登上最高峰,cs
Contested,纷争,cs
BRB,假装摸鱼,cs
Slammin',物尽其用,cs
IRA,退休账户,cs
AVP,平均排名,cs
Item Priority,装备优先级,cs
Positioning,站位参考,cs
Core,核心,cs
Component,散件,cs
Radiant Item,光明装备,cs
Contested,内卷,cs
GA,Přelom noci,cs
复活甲,Přelom noci,cs
