source,target,tgt_lng
1个霸符，2个霸符,バフが1つ、バフが2つ,ja
2 Vàng Là Nhất,お得な2,ja
2만한 가치,お得な2,ja
2인조,デュオキュー,ja
3단계 군단,3の軍団,ja
4가 함께하길,フォーが共にあらんことを,ja
4후지원,最強の四配者,ja
8级D干的传说,エピックなロールダウン,ja
A Hajnal égisze,夜明けの加護,ja
A Magic Roll,魔法のダイス,ja
A Masszív mecha,マイティーロボ,ja
A Nagy Bumm,ビッグバン,ja
A Que Custo,代償,ja
A Remontar,勝ち抜け,ja
A Torre,ザ・タワー,ja
A União Faz a Força,いつでも一緒,ja
A buzogány akarata,メイスの決意,ja
A felemelkedés talizmánja,超越のタリスマン,ja
A feltámadás áldása,再起の呪印,ja
A frontvonal alapjai,前衛の礎,ja
A gondviselő barátja,庇護者のお供,ja
A gyűjtögető adománya,スクラッパーの恩恵,ja
A hatalom kelyhe,力の聖杯,ja
A járatlan út,構成拡大,ja
A kraken haragja,クラーケンの怒り,ja
A káosz hívása,混沌への呼び声,ja
A legapróbb titán,もっと小さな巨人,ja
A megváltás szelleme,リデンプションの魂,ja
A mozdulatlanság leple,沈黙の帳,ja
A méret a lényeg,サイズが大事,ja
A nagy pofon,カフナフナ,ja
A négyek ereje,フォーが共にあらんことを,ja
A por el bote,プロボクサー,ja
A por la victoria,勝ち抜け,ja
A portyázó karma,プローラー クロウ,ja
A prueba de choques,衝突試験用ダミー,ja
A quale prezzo,代償,ja
A qué precio,代償,ja
A rettenthetetlen,不屈,ja
A taktikus koronája,タクティシャンの王冠,ja
A titán elszántsága,巨人の誓い,ja
A torony,ザ・タワー,ja
A végjáték szakértője,レイトゲーム スペシャリスト,ja
A vízköpő sziklavértje,ガーゴイル ストーンプレート,ja
AFK,AFK,ja
Aatrox,エイトロックス,ja
Abbonamento di lusso,豪華なサブスク,ja
Abbraccio di gruppo,みんなでハグ,ja
Abendschleier,イーブンシュラウド,ja
Abo-Service,サブスクリプション,ja
Abonament,サブスクリプション,ja
Abonament de lux,豪華なサブスク,ja
Abondance de baguettes,ワンド オーバーフロー,ja
Abondance de ceintures,ベルト オーバーフロー,ja
Abondance de glaives,ソード オーバーフロー,ja
Abonelik Hizmeti,サブスクリプション,ja
Abonnement,サブスクリプション,ja
Abonnement premium,豪華なサブスク,ja
Abra o Caminho,道を切り拓け,ja
Abrazo Grupal,みんなでハグ,ja
Abrazo grupal,みんなでハグ,ja
Abraço Coletivo,みんなでハグ,ja
Absurdalnie Wielka Różdżka,ムダニ デカイ ロッド,ja
Abwesend,AFK,ja
Accelerator mecanic,時計仕掛けの加速装置,ja
Acceleratore meccanico,時計仕掛けの加速装置,ja
Accetta infernale,獄炎のハチェット,ja
Acciaio brillante,金ピカの鋼,ja
Accélérateur mécanique,時計仕掛けの加速装置,ja
Acelerador Mecanizado,時計仕掛けの加速装置,ja
Acelerador Mecánico,時計仕掛けの加速装置,ja
Acelerador de relojería,時計仕掛けの加速装置,ja
Acero Dorado,金ピカの鋼,ja
Acero dorado,金ピカの鋼,ja
Achat 3 étoiles,コンパニオン作成,ja
Acier doré,金ピカの鋼,ja
Actualiza sin parar,ローリングデイズ,ja
Acumular,思惑買い,ja
Acélszív,鋼の心,ja
Adagas Oscilantes,フリッカーブレード,ja
Adaletin Eli,ハンド オブ ジャスティス,ja
Adaletin Yumruğu,報復,ja
Adaptive Helm,アダプティブ ヘルム,ja
Adaptiver Helm,アダプティブ ヘルム,ja
Adaptív sisak,アダプティブ ヘルム,ja
Addestramento da Guardia del corpo,ボディーガードの訓練,ja
Adiestramiento de guardaespaldas,ボディーガードの訓練,ja
Advanced Loan,前借り,ja
Aegis of Dawn,夜明けの加護,ja
Aegis of Dusk,夕闇の加護,ja
Agujero negro en miniatura,ミニブラックホール,ja
Ahri aurája,アーリのオーラ,ja
Ahri áldása,アーリの恩恵,ja
Ahri'nin Haresi,アーリのオーラ,ja
Ahri'nin Lütfu,アーリの恩恵,ja
Ahri's Aura,アーリのオーラ,ja
Ahri's Boon,アーリの恩恵,ja
Ahris Aura,アーリのオーラ,ja
Ahris Segen,アーリの恩恵,ja
Ahřin dar,アーリの恩恵,ja
Ahřina aura,アーリのオーラ,ja
Ajándékcsomag,仕送り,ja
Akali,アカリ,ja
Akan Gözyaşları,流れる涙,ja
Akcelerator Nakręcanego,時計仕掛けの加速装置,ja
Aklın Sonu,ウィッツ エンド,ja
Aktualisierungstaumel,ローリングデイズ,ja
Akıllı Harcama,賢い買い物,ja
Al Filo de la Cordura,ウィッツ エンド,ja
Alacakaranlık Kalkanı,夕闇の加護,ja
Alakzatba,ラインナップ,ja
Alba di Silvermere,シルバーミアの夜明け,ja
Alcance as Estrelas,星を目指して,ja
Alege caracteristica,特性を選択,ja
Alevleri Körükle,炎を強めて,ja
Alfanje Espectral,スペクトラル カトラス,ja
Aliado do Protetor,庇護者のお供,ja
Alianza del Guardián,庇護者のお供,ja
Alianza del protector,庇護者のお供,ja
Aliatul îngrijitorului,庇護者のお供,ja
Alimenta las Llamas,炎を強めて,ja
Alimentad las llamas,炎を強めて,ja
Alimentare le fiamme,炎を強めて,ja
Alimente as Chamas,炎を強めて,ja
Alineación,ラインナップ,ja
Aliniere,ラインナップ,ja
Alkatrészes zsák,アイテム福袋,ja
Alleato del custode,庇護者のお供,ja
Allumer le feu,炎を強めて,ja
Alma da Festa,パーティーアニマル,ja
Alta Voltagem,高電圧,ja
Alta tensione,高電圧,ja
Alto Voltaje,高電圧,ja
Alto voltaje,高電圧,ja
Altın Ejder,黄金の龍,ja
Altın Riski,黄金の博打,ja
Altın Yumurta,金のタマゴ,ja
Alvorada de Pratânia,シルバーミアの夜明け,ja
Aléatoire jacta est,構成拡大,ja
Aléatoirement vôtre,デュオキュー,ja
Alışveriş Çılgınlığı,買い物三昧,ja
Amanecer Plateado,シルバーミアの夜明け,ja
Amanecer de Meraplata,シルバーミアの夜明け,ja
Ami sur mesure,友を鍛える,ja
Amico dei Mippi,ミィプル,ja
Amico fai-da-te,仲間を作ろう,ja
Amigos a medida,仲間を作ろう,ja
Amiguinhos,小さな仲間たち,ja
Amiguitos,小さな仲間たち,ja
Amulet Vyzdvižení,超越のタリスマン,ja
Amulett der eisernen Solari,ソラリのロケット,ja
Amulett des Aufstiegs,超越のタリスマン,ja
An Exalted Adventure,崇高の冒険,ja
Ana Karaktere Bir Şey Olmaz,主人公補正,ja
Andare per le lunghe,思惑買い,ja
Angajament solid,全身全霊,ja
Ani Büyüme,爆発的成長,ja
Anima,アニマ,ja
Anima Amblemi,アニマの紋章,ja
Anima Commander,アニマ司令官,ja
Anima Emblem,アニマの紋章,ja
Anima Komutanı,アニマ司令官,ja
Anima-Emblem,アニマの紋章,ja
Anima-Kommandant,アニマ司令官,ja
Animale da festa,パーティーアニマル,ja
Animalia,アニマ,ja
Antrenamentul gărzii de corp,ボディーガードの訓練,ja
Anı Yaşa,叩きつけ,ja
Apariencia Espiritual,スピリット ビサージュ,ja
Apocaliptic,ドゥーマー,ja
Aposta em Ouro,黄金の博打,ja
Apoteotická kovárna,神の鍛冶場,ja
Apotheotic Forge,神の鍛冶場,ja
Appel du chaos,混沌への呼び声,ja
Aprendizados Iniciais,早期教育,ja
Aprendizaje inicial,早期教育,ja
Aprire un passaggio,道を切り拓け,ja
Apró cimborák,小さな仲間たち,ja
Apró titánok,小さな巨人,ja
Apuesta Dorada,黄金の博打,ja
Apuesta dorada,黄金の博打,ja
Apunta a las Estrellas,星を目指して,ja
Apunta a las estrellas,星を目指して,ja
Apărător,ヴァンガード,ja
Aradığını Bul,ジャストヒット,ja
Arakla,窃盗,ja
Araldo di Zeke,ジークの使者,ja
Aranyjátszma,黄金の博打,ja
Arauto Desolador de Zeke,冷酷なるジークの使者,ja
Arauto de Zeke,ジークの使者,ja
Arbiter,アービター,ja
Arbiter Emblem,アービターの紋章,ja
Arbitro,アービター,ja
Arbitrzy,アービター,ja
Arc courbe,リカーブ ボウ,ja
Arc încovoiat,リカーブ ボウ,ja
Arcane Vidor Viktor,Arcane ビクタリー,ja
Arcane Viktor-y,Arcane ビクタリー,ja
Arcane-Viktor-y,Arcane ビクタリー,ja
Arcaniquement Viktor-ieux,Arcane ビクタリー,ja
Archandělova hůl,アークエンジェル スタッフ,ja
Archangel's Staff,アークエンジェル スタッフ,ja
Archi da supporto,援護の弓,ja
Archibugio a ripetizione,ラピッド ファイアキャノン,ja
Arco Recurvado,リカーブ ボウ,ja
Arco Recurvo,リカーブ ボウ,ja
Arco curvo,リカーブ ボウ,ja
Arco ricurvo,リカーブ ボウ,ja
Arcos Reserva,援護の弓,ja
Arcos de Repuesto,援護の弓,ja
Arcos de refuerzo,援護の弓,ja
Arcs à gogo,援護の弓,ja
Arcuri de rezervă,援護の弓,ja
Argento vivo,クイックシルバー,ja
Argint viu,クイックシルバー,ja
Argogranchio,リフトスカトル,ja
Arka Sıra Savunması,後衛の設計図,ja
Arkangyal pálcája,アークエンジェル スタッフ,ja
Arma un Amigo,仲間を作ろう,ja
Armado máximo,マックスビルド,ja
Armadura Improvisada,即席アーマー,ja
Armadura Pétrea,ガーゴイル ストーンプレート,ja
Armadura de Warmog,ワーモグ アーマー,ja
Armadura de trama,主人公補正,ja
Armadura improvisada,即席アーマー,ja
Armaguarda da Caçadora,シーカー アームガード,ja
Armatura di Warmog,ワーモグ アーマー,ja
Armatura improvvisata,即席アーマー,ja
Armschutz des Suchenden,シーカー アームガード,ja
Armura lui Warmog,ワーモグ アーマー,ja
Armure de Warmog,ワーモグ アーマー,ja
Armure improvisée,即席アーマー,ja
Armure roncière,ブランブル ベスト,ja
Armurier,剣鍛冶,ja
Armură improvizată,即席アーマー,ja
Aronguejo,リフトスカトル,ja
Arta atacului lui Yasuo,ヤスオのブレードワーク,ja
Artefacts à la rescousse,力に鍛えられしもの,ja
Artesanía Creativa,巧みなクラフト,ja
Artiglio del drago,ドラゴン クロウ,ja
Artiglio del predatore,プローラー クロウ,ja
Aruncare magică,魔法のダイス,ja
Arındırıcı,救済者,ja
Asalto de Componentes,素材アイテムヘイスト,ja
Ascender de Posición,はしごを登れ,ja
Ascension,アセンション,ja
Ascension partielle,不完全アセンション,ja
Ascension sociale,上方移動,ja
Ascensione,アセンション,ja
Ascensione parziale,不完全アセンション,ja
Ascensiune,アセンション,ja
Ascensiune socială,上方移動,ja
Ascensión,アセンション,ja
Ascensión parcial,不完全アセンション,ja
Ascenso,アセンション,ja
Ascenso social,上方移動,ja
Ascensão,アセンション,ja
Ascensão Parcial,不完全アセンション,ja
Asesinato Doble Veloz,高速ダブルキル,ja
Asesinato doble veloz,高速ダブルキル,ja
Asesino a Sueldo,プロの殺し屋,ja
Asesino a sueldo,プロの殺し屋,ja
Aspoň k něčemu,有効活用,ja
Assassinato Indiscriminado,無差別殺人者,ja
Assinatura de Luxo,豪華なサブスク,ja
Astral,星の観測者,ja
Astro-groove,スペースグルーヴ,ja
Astromante,星の観測者,ja
Astronomo,星の観測者,ja
At What Cost,代償,ja
Atalho à Vitória,勝ち抜け,ja
Atirador de Elite,スナイパー,ja
Atributo elegido,特性を選択,ja
Attente récompensée,待つ価値あり,ja
Attribut wählen,特性を選択,ja
Atualização Épica,エピックなロールダウン,ja
Atılgan,チャレンジャー,ja
Atılgan Amblemi,チャレンジャーの紋章,ja
Atılgan Modu,チャレンジャーモード,ja
Au bout du rouleau,ウィッツ エンド,ja
Aube de Haut-Lac-d'Argent,シルバーミアの夜明け,ja
Auf lange Sicht,思惑買い,ja
Aufschwung,起死回生,ja
Aufstellung,ラインナップ,ja
Aufstieg,アセンション,ja
Auftragsmörder,プロの殺し屋,ja
Aufwärtsmobilität,上方移動,ja
Augmented Power,オーグメントパワー,ja
Augmentierte Macht,オーグメントパワー,ja
Augmentovaná síla,オーグメントパワー,ja
Aulas de Boxe,ボクシングのレッスン,ja
Aumento di livello in solitaria,俺だけレベルアップ,ja
Aumento di livello!,レベルアップ！,ja
Aura Ahri,アーリのオーラ,ja
Aura Farming,オーラ育成中,ja
Aura d'Ahri,アーリのオーラ,ja
Aura de Ahri,アーリのオーラ,ja
Aura di Ahri,アーリのオーラ,ja
Aura lui Ahri,アーリのオーラ,ja
Aura-farmen,オーラ育成中,ja
Aurafarmolás,オーラ育成中,ja
Aurelion Sol,オレリオン・ソル,ja
Aurelion Sol áldása,オレリオン・ソルの恩恵,ja
Aurelion Sol's Boon,オレリオン・ソルの恩恵,ja
Aurelion Sol'ün Lütfu,オレリオン・ソルの恩恵,ja
Aurelion Sols Segen,オレリオン・ソルの恩恵,ja
Aurelion Solův dar,オレリオン・ソルの恩恵,ja
Auronúcleo,ドーンコア,ja
Aurora,オーロラ,ja
Avanguardia,ヴァンガード,ja
Avaricia,金に飢えし者,ja
Aventura Exaltada,崇高の冒険,ja
Avidité,金に飢えし者,ja
Avènement des deux,お得な2,ja
Awans,上方移動,ja
Awansujesz!,レベルアップ！,ja
Az Alkony égisze,夕闇の加護,ja
Az Oltalmazó esküje,プロテクターの誓い,ja
Az adottságfa,特性の木,ja
Az adottságok könyve,特性の書,ja
Az aranysárkány,黄金の龍,ja
Az aranytojás,金のタマゴ,ja
Az erő itala,帽子ジュース,ja
Az igazság ökle,ハンド オブ ジャスティス,ja
Az iron solarik medálja,ソラリのロケット,ja
Az istenek kohója,神の鍛冶場,ja
Az Üresség botja,ヴォイド スタッフ,ja
Az éj kardja,ナイト エッジ,ja
Az óriás öve,ジャイアント ベルト,ja
Azami Dizilim,マックスビルド,ja
Azzardo di Urf,アーフの策略,ja
Aço Áureo,金ピカの鋼,ja
Aşırı Büyük Sopa,ムダニ デカイ ロッド,ja
B.F. Sword,B.F.ソード,ja
B.F. 대검,B.F.ソード,ja
"BEZ ZWIADU, BEZ ZMIAN",偵察なし、変更なし,ja
BF Glaive,B.F.ソード,ja
BRAK AKTYWNOŚCI,AFK,ja
Bac de recyclage,回収箱,ja
Backline Blueprint,後衛の設計図,ja
Backup Bows,援護の弓,ja
Bagarreur,ブローラー,ja
Baguette trop grosse,ムダニ デカイ ロッド,ja
Baguettes à gogo,連続魔法,ja
Bahne dir den Weg,道を切り拓け,ja
Bajkeverő,ブローラー,ja
Bajkeverő embléma,ブローラーの紋章,ja
Bajkeverők,不適合者,ja
Bajo el mismo foco de Yasuo,ヤスオのスポットライトをシェア,ja
Baluardo,ブルワーク,ja
Baluarte,ブルワーク,ja
Bam!,ボカッ！,ja
Banc de Pandore,パンドラのベンチ,ja
Banca Pandorei,パンドラのベンチ,ja
Banca de Pandora,パンドラのベンチ,ja
Band of Thieves,盗賊団,ja
Band of Thieves II,盗賊団 II,ja
Banda Złodziejaszków,盗賊団,ja
Banda Złodziejaszków II,盗賊団 II,ja
Banda de Ladrones,盗賊団,ja
Banda de Ladrones II,盗賊団 II,ja
Banda di ladri,盗賊団,ja
Banda di ladri II,盗賊団 II,ja
Bande de voleurs,盗賊団,ja
Bande de voleurs II,盗賊団 II,ja
Bandito,ローグ,ja
Bando de Ladrões,盗賊団,ja
Bando de Ladrões II,盗賊団 II,ja
Bandă de tâlhari,盗賊団,ja
Bandă de tâlhari II,盗賊団 II,ja
Bani de buzunar,昼食代,ja
Banquillo de Pandora,パンドラのベンチ,ja
Bard,バード,ja
Bardo,バード,ja
Baricadă,ブルワーク,ja
Barkácsolt barkácsolás,巧みなクラフト,ja
Baron verme,バロンの巣,ja
Baron's Lair,バロンの巣,ja
Baron'un İni,バロンの巣,ja
Baronovo doupě,バロンの巣,ja
Bastion,バスティオン,ja
Bastion Emblem,バスティオンの紋章,ja
Bastion-Emblem,バスティオンの紋章,ja
Bastione,バスティオン,ja
Bastião,バスティオン,ja
Bastión,バスティオン,ja
Bastone colossale,ムダニ デカイ ロッド,ja
Bastone del Vuoto,ヴォイド スタッフ,ja
Bastão Desnecessariamente Grande,ムダニ デカイ ロッド,ja
Bastón del Vacío,ヴォイド スタッフ,ja
Bastón del arcángel,アークエンジェル スタッフ,ja
Bastón del serafín,セラフィムの杖,ja
Baue einen Begleiter,仲間を作ろう,ja
Baue einen Begleiter,コンパニオン作成,ja
Baza avangardei,前衛の礎,ja
Başmelek Asası,アークエンジェル スタッフ,ja
Bašta,バスティオン,ja
Becsapódás,叩きつけ,ja
Beklemeye Değer,待つ価値あり,ja
Beklenen Beklenmezlik,想定内の意外性,ja
Bel'Veth,ベル＝ヴェス,ja
Belt Overflow,ベルト オーバーフロー,ja
Ben Tek Siz Hepiniz,俺だけレベルアップ,ja
Bendecido por los Dioses,神の祝福,ja
Bendición de Ahri,アーリの恩恵,ja
Bendición de Aurelion Sol,オレリオン・ソルの恩恵,ja
Bendición de Ekko,エコーの恩恵,ja
Bendición de Evelynn,イブリンの恩恵,ja
Bendición de Kayle,ケイルの恩恵,ja
Bendición de Resurrección,再起の呪印,ja
Bendición de Soraka,ソラカの恩恵,ja
Bendición de Thresh,スレッシュの恩恵,ja
Bendición de Varus,ヴァルスの恩恵,ja
Bendición de Yasuo,ヤスオの恩恵,ja
Bendición de la chatarra,スクラッパーの恩恵,ja
Bendición del Chatarrero,スクラッパーの恩恵,ja
Bendito por los dioses,神の祝福,ja
Benedetto dagli dei,神の祝福,ja
Benlik Aynası,鏡像のペルソナ,ja
Berechneter Verlust,戦略的敗北,ja
Berger,導き手,ja
Besace d'Urf,アーフの福袋,ja
Besace héroïque,英雄のラッキーバッグ,ja
Best Friends,ベストフレンド,ja
Beste Freunde,ベストフレンド,ja
Bestia fiestera,パーティーアニマル,ja
Betervezett veszteség,戦略的敗北,ja
Bevásárló körút,買い物三昧,ja
Bezwzględny Zabójca,無差別殺人者,ja
Big Bang,ビッグバン,ja
Big Grab Bag,大きな福袋,ja
Biglietto prismatico,プリズムチケット,ja
Bilet prismatic,プリズムチケット,ja
Bileşen Eşya Soygunu,素材アイテムヘイスト,ja
Bilhete Prismático,プリズムチケット,ja
Bilişsel Patlama,コグニティブ オーバーロード,ja
Bilişsel Vergi,コグニティブ タックス,ja
Billete prismático,プリズムチケット,ja
Bindende Verpflichtung,全身全霊,ja
Binecuvântat de zei,神の祝福,ja
Biomassebewahrer,バイオ物質保存装置,ja
Biomassza-megőrző,バイオ物質保存装置,ja
Biomatter Preserver,バイオ物質保存装置,ja
Bir Yol Çiz,道を切り拓け,ja
Bir İki Üç,一 二 三,ja
"Bir, İki, Beş!",ワン、ツー、ファイブ！,ja
Birikim Hesabı,普通預金口座,ja
Birlikten Kuvvet Doğar,一致団結,ja
Birliğin Gücü,いつでも一緒,ja
Birthday Present,バースデープレゼント,ja
Birthday Reunion,バースデー リユニオン,ja
Biyomalzeme Koruyucusu,バイオ物質保存装置,ja
Biztos győzelem,勝ち抜け,ja
Blason de Zeke,ジークの使者,ja
Blason des Lightshield,ライトシールドのクレスト,ja
Blason lugubre de Zeke,冷酷なるジークの使者,ja
Blasón de Escudo de luz,ライトシールドのクレスト,ja
Blauer Buff,ブルーバフ,ja
Blaupause für die hintere Reihe,後衛の設計図,ja
Blazonul Lightshield,ライトシールドのクレスト,ja
Blazonul solarilor de fier,ソラリのロケット,ja
Blighting Jewel,枯死の宝石,ja
Blikavé čepele,フリッカーブレード,ja
Blitzcrank,ブリッツクランク,ja
Bliźniaczy Strażnicy,ツインガーディアン,ja
Blood Offering,血の供物,ja
Blood Price,血の価値,ja
Bloodthirster,ブラッドサースター,ja
Blue Buff,ブルーバフ,ja
Blutdürster,ブラッドサースター,ja
Blutopfer,血の供物,ja
Blutzoll,血の価値,ja
Bluźnierczy Bożek,フォビドゥン アイドル,ja
Bodyguard Training,ボディーガードの訓練,ja
Bogini Broni,銃装機神,ja
Bokormellény,ブランブル ベスト,ja
Boks Dersi,ボクシングのレッスン,ja
Bokszkesztyű,スパーリング グローブ,ja
Bokszlecke,ボクシングのレッスン,ja
Boleto Prismático,プリズムチケット,ja
Bollwerk,ブルワーク,ja
Bolsa de Objetos,アイテム福袋,ja
Bolsa de Sorpresas Heroica,英雄のラッキーバッグ,ja
Bolsa de Sorpresas Pequeña,小さな福袋,ja
Bolsa de Sorpresas de Urf,アーフの福袋,ja
Bolsa de Sorpresas grande,大きな福袋,ja
Bolsa sorpresa de Urf,アーフの福袋,ja
Bolsa sorpresa de objetos,アイテム福袋,ja
Bolsa sorpresa grande,大きな福袋,ja
Bolsa sorpresa heroica,英雄のラッキーバッグ,ja
Bolsa sorpresa pequeña,小さな福袋,ja
Bombardıman Topu,ラピッド ファイアキャノン,ja
Boneco de Treinamento,ダミー,ja
Bonecos de Impacto,衝突試験用ダミー,ja
Bonk!,ボカッ！,ja
Bonk !,ボカッ！,ja
Boon of Resurrection,再起の呪印,ja
Boon of the Scrapper,スクラッパーの恩恵,ja
Boong!,ボカッ！,ja
Booster,ブースターパック,ja
Booster Pack,ブースターパック,ja
Booster-Packung,ブースターパック,ja
Boostery,ブースターパック,ja
Borsa degli oggetti,アイテム福袋,ja
Borsa di Urf,アーフの福袋,ja
Borsa eroica,英雄のラッキーバッグ,ja
Borsa grande,大きな福袋,ja
Borsa piccola,小さな福袋,ja
Boscy Pojedynkowicze,聖なる決闘者,ja
Boshafte Monetarisierung,邪悪な収益化,ja
Boska Kuźnia,神の鍛冶場,ja
Bote de Segunda Mano,回収箱,ja
Botkovács,杖鍛冶,ja
Bouclier du Tacticien,タクティシャンの盾,ja
Boxeador Profesional,プロボクサー,ja
Boxing Lessons,ボクシングのレッスン,ja
Boxunterricht,ボクシングのレッスン,ja
Boyut Önemli,サイズが大事,ja
Božská pistolnice,銃装機神,ja
Božský duelista,聖なる決闘者,ja
Bramble Vest,ブランブル ベスト,ja
Branching Out,構成拡大,ja
Bratpfanne,フライパン,ja
Brawler,ブローラー,ja
Brawler Emblem,ブローラーの紋章,ja
Brazalete de la buscadora,シーカー アームガード,ja
Briar,ブライアー,ja
Brigand,略奪者,ja
Brise-temps,タイムブレーカー,ja
Bronce de por Vida,生涯ブロンズ,ja
Bronce de por vida,生涯ブロンズ,ja
Bronz mindörökké II.,生涯ブロンズ,ja
Bronz nad zlato,生涯ブロンズ,ja
Bronz pentru totdeauna,生涯ブロンズ,ja
Bronzdan Şaşma,生涯ブロンズ,ja
Bronze For Life,生涯ブロンズ,ja
Bronze pour la vie,生涯ブロンズ,ja
Bronze é Vida,生涯ブロンズ,ja
Bronzo per la vita,生涯ブロンズ,ja
Brylantowa Rękawica,ジュエル ガントレット,ja
Brylantowy Lotos,ジュエル ロータス,ja
Brățara căutătorului,シーカー アームガード,ja
Bu Taç Ağır,王冠とは重きもの,ja
Bubuilă,フィッシュボーン,ja
Bucătăria tacticianului,タクティシャンの台所,ja
Bueno para Algo,有効活用,ja
Buff bleu,ブルーバフ,ja
Buff blu,ブルーバフ,ja
Buff rosso,レッドバフ,ja
Buff rouge,レッドバフ,ja
Buff-ul albastru,ブルーバフ,ja
Buff-ul roșu,レッドバフ,ja
Buffs à gogo,バフが1つ、バフが2つ,ja
Buget înțelept,賢い買い物,ja
Build a Bud,仲間を作ろう,ja
Build maxim,マックスビルド,ja
Bulwark,ブルワーク,ja
Burattino d'ombra,影の操り人形,ja
Burguesía,銀の匙,ja
Buried Treasure,埋もれた宝物,ja
Buried Treasures,埋もれた宝物,ja
Bustina,ブースターパック,ja
Butin aléatoire,ワン、ツー、ファイブ！,ja
Butin funéraire,有効活用,ja
Butin varié,ジャストヒット,ja
Buzduganul înaintașului,ストライカー フレイル,ja
Bušení,叩きつけ,ja
Bài Học Sơ Khai,早期教育,ja
Bàn Tay Công Lý,ハンド オブ ジャスティス,ja
Báculo del Arcángel,アークエンジェル スタッフ,ja
Báculo del Serafín,セラフィムの杖,ja
Báculo del Vacío,ヴォイド スタッフ,ja
Bán Thăng Hoa,不完全アセンション,ja
Báo Oán,報復,ja
Bástya,ブルワーク,ja
Bârlogul Baronului,バロンの巣,ja
Bâton angélique,セラフィムの杖,ja
Bâton de l'archange,アークエンジェル スタッフ,ja
Bâton du vide,ヴォイド スタッフ,ja
Bão Tố Luden,ルーデン テンペスト,ja
Bão Vàng,金のモンスーン,ja
Béni des dieux,神の祝福,ja
Bénédiction d'Ahri,アーリの恩恵,ja
Bénédiction d'Aurelion Sol,オレリオン・ソルの恩恵,ja
Bénédiction d'Ekko,エコーの恩恵,ja
Bénédiction d'Evelynn,イブリンの恩恵,ja
Bénédiction de Kayle,ケイルの恩恵,ja
Bénédiction de Soraka,ソラカの恩恵,ja
Bénédiction de Thresh,スレッシュの恩恵,ja
Bénédiction de Varus,ヴァルスの恩恵,ja
Bénédiction de Yasuo,ヤスオの恩恵,ja
Bénédiction de résurrection,再起の呪印,ja
Bénédiction du Ferrailleur,スクラッパーの恩恵,ja
Bérgyilkos,プロの殺し屋,ja
Bête de scène,パーティーアニマル,ja
Bóng Phân Thân,影の操り人形,ja
Bùa Thăng Hoa,超越のタリスマン,ja
Bùa Xanh,ブルーバフ,ja
Bùa Đỏ,レッドバフ,ja
Büyük Dönüş,逆転劇,ja
Büyük Patlama,ビッグバン,ja
Büyük Çekiliş,大きな福袋,ja
Büyülü Zarlar,魔法のダイス,ja
Băng Trộm,盗賊団,ja
Băng Trộm II,盗賊団 II,ja
Bătăuș,ブローラー,ja
Běž do toho,ジャストヒット,ja
Błogosławieni,神の祝福,ja
Błogosławieństwo Rozrabiaki,スクラッパーの恩恵,ja
Błogosławiona Przygoda,崇高の冒険,ja
Bước Đột Phá,クリティカル サクセス,ja
Bạn Thân,ベストフレンド,ja
Bảo Hộ Vô Tận,インフィニティの守護,ja
Bảo Tồn Sinh Chất,バイオ物質保存装置,ja
Bất Khuất,不屈,ja
Bắn Tỉa,スナイパー,ja
Bộ Ba Hoàn Hảo,トライフェクタ,ja
Bừa Bộn,乱れる思考,ja
Caccia al tesoro,宝探し,ja
Cacciatore galattico,ギャラクシー ハンター,ja
Cadeau d'anniversaire,バースデープレゼント,ja
Cadou aniversar,バースデープレゼント,ja
Caitlyn,ケイトリン,ja
Cajado de Serafim,セラフィムの杖,ja
Cajado do Arcanjo,アークエンジェル スタッフ,ja
Cajado do Vazio,ヴォイド スタッフ,ja
Calculated Loss,戦略的敗北,ja
Calea războiului,出陣,ja
Calibrador de Sterak,ステラックの篭手,ja
Calice de puissance,力の聖杯,ja
Calice del potere,力の聖杯,ja
Call to Chaos,混沌への呼び声,ja
Cambiazo épico,エピックなロールダウン,ja
Cambio epico,エピックなロールダウン,ja
Cambio eterno,ローリングデイズ,ja
Caminho da Guerra,出陣,ja
Can Dostları,ベストフレンド,ja
Can Trường,バスティオン,ja
Canaglia radiosa,輝く悪党,ja
Canalisateur,コンジット,ja
Canalizador,コンジット,ja
Cangrejo Escurridizo,リフトスカトル,ja
Canhão Fumegante,ラピッド ファイアキャノン,ja
Canhão de Vidro,グラスキャノン,ja
Cannone di cristallo,グラスキャノン,ja
Canon de verre,グラスキャノン,ja
Canon ultrarapide,ラピッド ファイアキャノン,ja
Capa Mercurial,クイックシルバー,ja
Capa Negatron,ネガトロン クローク,ja
Capa de Estratega,タクティシャンのケープ,ja
Capa de Fogo Solar,サンファイア ケープ,ja
Capa de Fuego Solar,サンファイア ケープ,ja
Capa de Negatrones,ネガトロン クローク,ja
Capa de estratega,タクティシャンのケープ,ja
Capa de fuego solar,サンファイア ケープ,ja
Capa do Estrategista,タクティシャンのケープ,ja
Capa negatrón,ネガトロン クローク,ja
Cape du Tacticien,タクティシャンのケープ,ja
Cape solaire,サンファイア ケープ,ja
Cappa Juice,帽子ジュース,ja
Cappa-Trank,帽子ジュース,ja
Cappelli più letali,もっと怖いキャップ,ja
Caprichitos,甘いおやつ,ja
Capuz da Morte de Rabadon,ラバドン デスキャップ,ja
Capuzes Mais Mortais,もっと怖いキャップ,ja
Carapateur,リフトスカトル,ja
Carapescado,フィッシュボーン,ja
Care Package,仕送り,ja
Caretaker's Ally,庇護者のお供,ja
Carga Elétrica,放電,ja
Carve a Path,道を切り拓け,ja
Casa Dourada do Yasuo,ヤスオのゴールドのマス,ja
Casque adaptatif,アダプティブ ヘルム,ja
Castigo,報復,ja
Catastrofista,ドゥーマー,ja
Cazador galáctico,ギャラクシー ハンター,ja
Cazagalaxias,ギャラクシー ハンター,ja
Cazatesoros,宝探し,ja
Caça ao Tesouro,宝探し,ja
Caçador de Galáxia,ギャラクシー ハンター,ja
Cañón de Cristal,グラスキャノン,ja
Cañón de Fuego Rápido,ラピッド ファイアキャノン,ja
Cañón de fuego rápido,ラピッド ファイアキャノン,ja
Całun Bezruchu,沈黙の帳,ja
Cecchino,スナイパー,ja
Cehennem Ateşi Baltası,獄炎のハチェット,ja
Cei mai buni prieteni,ベストフレンド,ja
Ceinture du géant,ジャイアント ベルト,ja
Cena Krwi,血の価値,ja
Cena pro vítěze,プロボクサー,ja
Cengâver Onuru,ウォーロードの名誉,ja
Cenny Wojownik,プロボクサー,ja
Cenná posila,最強の四配者,ja
Centelha Iônica,アイオニック スパーク,ja
Centre d'excellence,ここがセンター,ja
Cetro Vampírico Corrompido,穢れたヴァンパイア セプター,ja
Cetro Vampírico Corrupto,穢れたヴァンパイア セプター,ja
Cetro vampírico corrupto,穢れたヴァンパイア セプター,ja
Chain Vest,チェイン ベスト,ja
Chaleco de cadenas,チェイン ベスト,ja
Chaleco de zarzas,ブランブル ベスト,ja
Chalice of Power,力の聖杯,ja
Challenger,チャレンジャー,ja
Challenger Emblem,チャレンジャーの紋章,ja
Challenger Mode,チャレンジャーモード,ja
Chamado ao Caos,混沌への呼び声,ja
Champion en kit,仲間を作ろう,ja
Chaotischer Geist,乱れる思考,ja
Chapardage,窃盗,ja
Charge Transfer,チャージトランスファー,ja
Charge cognitive,コグニティブ タックス,ja
Chasse au trésor,宝探し,ja
Chasseur galactique,ギャラクシー ハンター,ja
Chciwość,金に飢えし者,ja
Che il Quattro sia con te,フォーが共にあらんことを,ja
Chemarea haosului,混沌への呼び声,ja
Chispa Iónica,アイオニック スパーク,ja
Chispa iónica,アイオニック スパーク,ja
Chiêm Tinh,星の観測者,ja
Chiến Lũy,ブルワーク,ja
Chiến Tướng Khải Hoàn,ウォーロードの名誉,ja
Chmaták,ハスラー,ja
Cho'Gath,チョ＝ガス,ja
Choisissez un type,特性を選択,ja
Choose Trait,特性を選択,ja
"Chora, me liga",好きなだけ泣くがいい,ja
Choristes,小さな仲間たち,ja
Chrličův kamenný plát,ガーゴイル ストーンプレート,ja
Chuyển Đổi Năng Lượng,チャージトランスファー,ja
Chuyện Đời Thường,普通の日々,ja
Chuộc Tội,救済者,ja
Chytrý nákup,賢い買い物,ja
Chùy Bạch Ngân,シルバーミアの夜明け,ja
Chùy Đoản Côn,ストライカー フレイル,ja
Chảo Vàng,フライパン,ja
Chất Bán Dẫn,半導体,ja
Chế Tạo Bằng Hữu,友を鍛える,ja
Chế Tạo Tại Chỗ,歩く鍛冶場,ja
Chế Độ Dẫn Truyền,コンジットモード,ja
Chế Độ Nhân Bản,レプリケーターモード,ja
Chế Độ Thách Đấu,チャレンジャーモード,ja
Chỉ Huy,コマンダー,ja
Chỉ Huy Siêu Thú,アニマ司令官,ja
Chỉ Một Con Đường,全身全霊,ja
Chọn Tộc/Hệ,特性を選択,ja
Chờ Đợi Xứng Đáng,待つ価値あり,ja
Cierpliwa Nauka,研究熱心,ja
Cierpliwość Ekko,エコーの忍耐,ja
Cierpliwość Jest Cnotą,忍耐の美徳,ja
Cimientos de Línea Frontal,前衛の礎,ja
Cimientos de la vanguardia,前衛の礎,ja
Cinto do Gigante,ジャイアント ベルト,ja
Cintura del gigante,ジャイアント ベルト,ja
Cinturón XL,ベルト オーバーフロー,ja
Cinturón de Gigante,ジャイアント ベルト,ja
Cinturón de gigante,ジャイアント ベルト,ja
Clases de boxeo,ボクシングのレッスン,ja
Clear Mind,明鏡止水,ja
Cleptomanie,ファイアセール,ja
Climb The Ladder,はしごを登れ,ja
Clockwork Accelerator,時計仕掛けの加速装置,ja
Clone des ombres,影の操り人形,ja
Cluttered Mind,乱れる思考,ja
Cnota Męczennika,マーターズ ヴァーチュ,ja
Cocina de Estratega,タクティシャンの台所,ja
Cocina de estratega,タクティシャンの台所,ja
Cod roșu de lacrimi,好きなだけ泣くがいい,ja
Coda in duo,デュオキュー,ja
Cognitive Overload,コグニティブ オーバーロード,ja
Cognitive Tax,コグニティブ タックス,ja
Coif cameleonic,アダプティブ ヘルム,ja
Coiffe de Rabadon,ラバドン デスキャップ,ja
Coiffes mortelles,もっと怖いキャップ,ja
Coincidenze perse,ミスコネクション,ja
Cola Dúo,デュオキュー,ja
Cola dúo,デュオキュー,ja
Coleguis del curro,チーム構築,ja
Coleguitas,小さな仲間たち,ja
Colete Espinhoso,ブランブル ベスト,ja
Colher de Prata,銀の匙,ja
Collegamento cibernetico,サイバネティック アップリンク,ja
Colpire e basta,ジャストヒット,ja
Comandant,コマンダー,ja
Comandante,コマンダー,ja
Comandante Anima,アニマ司令官,ja
Comandante Animalia,アニマ司令官,ja
Comandante Ánima,アニマ司令官,ja
Comandatul Anima,アニマ司令官,ja
Combattente,ブローラー,ja
Combinație stelară,ステラコンボ,ja
Combo Estelar,ステラコンボ,ja
Combo estelar,ステラコンボ,ja
Combo stellaire,ステラコンボ,ja
Combo stellare,ステラコンボ,ja
Comeback Story,逆転劇,ja
Comerț de bază,コマース コア,ja
Comienzo aventajado,キックスタート,ja
Commandant d'Anima,アニマ司令官,ja
Commandante,コマンダー,ja
Commander,コマンダー,ja
Commerce Core,コマース コア,ja
Comori îngropate,埋もれた宝物,ja
Comparte los Reflectores con Yasuo,ヤスオのスポットライトをシェア,ja
Competitor,チャレンジャー,ja
Component Heist,素材アイテムヘイスト,ja
Composants de guerre,素材アイテムヘイスト,ja
Composição Máxima,マックスビルド,ja
Compras compulsivas,買い物三昧,ja
Compromiso férreo,全身全霊,ja
Compromisso Sério,全身全霊,ja
Compte épargne,普通預金口座,ja
Concentration lointaine,ホライゾン フォーカス,ja
Concentrazione dell'orizzonte,ホライゾン フォーカス,ja
Condenador,ドゥーマー,ja
Conducto,コンジット,ja
Conduit,コンジット,ja
Conduit Mode,コンジットモード,ja
Conduíte,コンジット,ja
Conexiones fallidas,ミスコネクション,ja
Conexiune cibernetică,サイバネティック アップリンク,ja
Conexiune cu drona,ドローン アップリンク,ja
Conexión cibernética,サイバネティック アップリンク,ja
Conexión de dron,ドローン アップリンク,ja
Conexión perdida,ミスコネクション,ja
Conexão Cibernética,サイバネティック アップリンク,ja
Conexão de Drone,ドローン アップリンク,ja
Conexões Perdidas,ミスコネクション,ja
Configuración maximizada,マックスビルド,ja
Configurazione massima,マックスビルド,ja
Confusão Mental,乱れる思考,ja
Conjuración continua,連続魔法,ja
Conjuração Contínua,連続魔法,ja
Conjuros Continuos,連続魔法,ja
Connivence,はしごを登れ,ja
Conservare de biomaterial,バイオ物質保存装置,ja
Conservateur de biomatière,バイオ物質保存装置,ja
Conservatore di biomateria,バイオ物質保存装置,ja
Construct a Companion,コンパニオン作成,ja
Construiește un însoțitor,コンパニオン作成,ja
Construiește-ți un prieten,仲間を作ろう,ja
Construye tu Compi,コンパニオン作成,ja
Construção de Companheiro,コンパニオン作成,ja
Consumo Consciente,賢い買い物,ja
Cont de economii,普通預金口座,ja
Conta Poupança,普通預金口座,ja
Contendiente,チャレンジャー,ja
Contenedor de chatarra,回収箱,ja
Continuous Conjuration,連続魔法,ja
Conto dei risparmi,普通預金口座,ja
Contract Killer,プロの殺し屋,ja
Convogliatore,コンジット,ja
Copacul caracteristicilor,特性の木,ja
Copricapo di Rabadon,ラバドン デスキャップ,ja
Corazza singola,一人前プレート,ja
Corazza spirituale,スピリット ビサージュ,ja
Corazón de Acero,鋼の心,ja
Corazón de acero,鋼の心,ja
Corazón del alba,ドーンコア,ja
Corazón resuelto,揺るがぬ心,ja
Coração Inabalável,揺るがぬ心,ja
Coração de Aço,鋼の心,ja
Corki,コーキ,ja
Coroa do Amaldiçoado,カースドのクラウン,ja
Coroa do Estrategista,タクティシャンの王冠,ja
Coroana blestemată,カースドのクラウン,ja
Coroana tacticianului,タクティシャンの王冠,ja
Corona Maldita,カースドのクラウン,ja
Corona de Estratega,タクティシャンの王冠,ja
Corona de estratega,タクティシャンの王冠,ja
Corona dello Stratega,タクティシャンの王冠,ja
Corona maldita,カースドのクラウン,ja
Corona maledetta,カースドのクラウン,ja
Corona reale,クラウンガード,ja
Coroziune,腐食,ja
Corpetto di rovi,ブランブル ベスト,ja
Corriente de Lágrimas,流れる涙,ja
Corrosion,腐食,ja
Corrosione,腐食,ja
Corrosión,腐食,ja
Corrosão,腐食,ja
Corrupt Vampiric Scepter,穢れたヴァンパイア セプター,ja
Cosmic Restart,宇宙の再起,ja
Costruisci un Compagno,コンパニオン作成,ja
Cota de Malha,チェイン ベスト,ja
Cota de Malla,チェイン ベスト,ja
Cotidiano,普通の日々,ja
Cotta di maglia,チェイン ベスト,ja
Cotte de mailles,チェイン ベスト,ja
Coup d'envoi,キックスタート,ja
Coup de chance,限定カスタマイズ,ja
Couronne de la reine,クラウンガード,ja
Couronne du Tacticien,タクティシャンの王冠,ja
Couronne maudite,カースドのクラウン,ja
Cours de soutien,一致団結,ja
Covil do Barão,バロンの巣,ja
Cozinha do Estrategista,タクティシャンの台所,ja
Coș de recuperare,回収箱,ja
Crabul,リフトスカトル,ja
Crafted Crafting,巧みなクラフト,ja
Crash Test Dummies,衝突試験用ダミー,ja
Crash Test Dummy,衝突試験用ダミー,ja
Crash-Test-Dummies,衝突試験用ダミー,ja
Crea un coleguita,コンパニオン作成,ja
Creazione artigianale,巧みなクラフト,ja
Crecimiento Explosivo,爆発的成長,ja
Crecimiento explosivo,爆発的成長,ja
Creează o cale,道を切り拓け,ja
Creează un prieten,友を鍛える,ja
Crescendo aléatoire,普通の日々,ja
Crescimento Explosivo,爆発的成長,ja
Crescita a fine partita,レイトゲーム スケーリング,ja
Crescita esplosiva,爆発的成長,ja
Cresta de Escudo de Luz,ライトシールドのクレスト,ja
Creștere explozivă,爆発的成長,ja
Creștere pe final de joc,レイトゲーム スケーリング,ja
Creștere solo în nivel,俺だけレベルアップ,ja
Creștere în clasament,はしごを登れ,ja
Criação Engenhosa,巧みなクラフト,ja
Critical Success,クリティカル サクセス,ja
Croissance explosive,爆発的成長,ja
Crownguard,クラウンガード,ja
Cry Me A River,好きなだけ泣くがいい,ja
Csak jó valamire I.,有効活用,ja
Csapatkeresés,一致団結,ja
Csapatépítés,普通の日々,ja
Csapatépítés,チーム構築,ja
Csekélyebb Perszónatükör,劣化版鏡像のペルソナ,ja
Csereszektor,トレードセクター,ja
Csillagfényes kombó,ステラコンボ,ja
Csillagnéző,星の観測者,ja
Csillagnéző embléma,星の観測者の紋章,ja
Csillámpikkely-esszencia,シマースケールのエッセンス,ja
Cua Kỳ Cục,リフトスカトル,ja
Cuatrifuerzos,最強の四配者,ja
Cuatro Refuerzos,最強の四配者,ja
Cucchiaio d'argento,銀の匙,ja
Cuchara de plata,銀の匙,ja
Cuchilla Maldita,呪いの刃,ja
Cuchillas Raudas,フリッカーブレード,ja
Cucina dello Stratega,タクティシャンの台所,ja
Cud Soraki,ソラカの奇跡,ja
Cuenta con mi arco,弓の誓い,ja
Cuenta de Ahorros,普通預金口座,ja
Cuenta de ahorros,普通預金口座,ja
Cuisine du Tacticien,タクティシャンの台所,ja
Cung Dự Phòng,援護の弓,ja
Cung Gỗ,リカーブ ボウ,ja
Cung Xanh,ラスト ウィスパー,ja
Cuor saldo,揺るがぬ心,ja
Cuore d'acciaio,鋼の心,ja
Cureaua uriașului,ジャイアント ベルト,ja
Curele fără număr,ベルト オーバーフロー,ja
Cursed Blade,呪いの刃,ja
Cursed Crown,カースドのクラウン,ja
Cuțit electrostatic,スタティック シヴ,ja
Cuồng Đao Guinsoo,グインソー レイジブレード,ja
Cuộc Phiêu Lưu Tôn Quý,崇高の冒険,ja
Cuộc Viễn Chinh,エクスペディション,ja
Cvičná loutka,ダミー,ja
Cybernetic Implants,サイバネティック インプラント,ja
Cybernetic Uplink,サイバネティック アップリンク,ja
Cycle épique,エポック,ja
Czerwone Wzmocnienie,レッドバフ,ja
Czysty Umysł,明鏡止水,ja
Częściowe Wyniesienie,不完全アセンション,ja
Cái Giá Phải Trả,代償,ja
Cálice do Poder,力の聖杯,ja
Cáliz de Poder,力の聖杯,ja
Cáliz de poder,力の聖杯,ja
Câlin collectif,みんなでハグ,ja
Cây Cung Thần Tốc,弓の誓い,ja
Cây Tộc Hệ,特性の木,ja
Céfiro,ゼファー,ja
Célbefogó optika,ターゲットロック スコープ,ja
Célébrité partagée de Yasuo,ヤスオのスポットライトをシェア,ja
Călător,ボイジャー,ja
Cıva,クイックシルバー,ja
Cœur d'acier,鋼の心,ja
Cœur de l'aube,ドーンコア,ja
Cœur intrépide,揺るがぬ心,ja
Cơn Khát Vàng,金に飢えし者,ja
Cảm Quan Cấy Ghép,共感インプラント,ja
Cảm Thấy May Mắn,ツイてる気分,ja
Cấy Ghép Siêu Công Nghệ,サイバネティック インプラント,ja
Cầu Hồi Phục,ヒーリングオーブ,ja
Cắm Rễ Phân Tán,広がる根,ja
Cặp Đôi Siêu Cứng,2体のタンク,ja
Cố Gắng Lật Kèo,逆転劇,ja
Cốc Sức Mạnh,力の聖杯,ja
Cộng Mệt Nghỉ!,ステータスマシマシ,ja
Cờ Lệnh Zeke U Ám,冷酷なるジークの使者,ja
Củng Cố Tuyến Trước,前衛の礎,ja
C位的觉悟,ここがセンター,ja
C位觉悟,ここがセンター,ja
DD街区,トレードセクター,ja
Daga de Statikk,スタティック シヴ,ja
Daimi Yükseliş,上方移動,ja
Dallan Budaklan,構成拡大,ja
Dama Oscura,闇の女帝,ja
Dama das Trevas,闇の女帝,ja
Dama oscura,闇の女帝,ja
Dame sombre,闇の女帝,ja
Dao Điện Statikk,スタティック シヴ,ja
Dar Ahri,アーリの恩恵,ja
Dar Aureliona Sola,オレリオン・ソルの恩恵,ja
Dar Ekko,エコーの恩恵,ja
Dar Evelynn,イブリンの恩恵,ja
Dar Kayle,ケイルの恩恵,ja
Dar Soraki,ソラカの恩恵,ja
Dar Thresha,スレッシュの恩恵,ja
Dar Varusa,ヴァルスの恩恵,ja
Dar Yasuo,ヤスオの恩恵,ja
Dar cu ce preț,代償,ja
Dar vzkříšení,再起の呪印,ja
Dark Lady,闇の女帝,ja
Dark Star,ダークスター,ja
Dark Star Emblem,ダークスターの紋章,ja
Das Warten wert,待つ価値あり,ja
Das geht ab,絶好調,ja
Das goldene Ei,金のタマゴ,ja
Dawncore,ドーンコア,ja
Dayanıklı Ön Sıra,前衛の礎,ja
Daño indiscriminado,無差別殺人者,ja
De două ori mai câștigați,お得な2,ja
De fiesta,叩きつけ,ja
De gratis,ファイアセール,ja
De milyen áron?,代償,ja
Dea delle Armi,銃装機神,ja
Deadlier Blades,デッドリアー ブレード,ja
Deadlier Caps,もっと怖いキャップ,ja
Deathblade,デスブレード,ja
Demasiado Valor,お得な2,ja
Demir Solari'nin Broşu,ソラリのロケット,ja
Denge Örtüsü,イーブンシュラウド,ja
Dent de Nashor,ナッシャー トゥース,ja
Dente de Na'Shor,ナッシャー トゥース,ja
Dente di Nashor,ナッシャー トゥース,ja
Der Attributsbaum,特性の木,ja
Der Turm,ザ・タワー,ja
Der Unbeugsame,不屈,ja
Der Urknall,ビッグバン,ja
Der Wille des Hammers,メイスの決意,ja
Der goldene Drache,黄金の龍,ja
Der mächtige Mecha,マイティーロボ,ja
Dernier souffle,ラスト ウィスパー,ja
Derrota Planejada,戦略的敗北,ja
Desafiante,チャレンジャー,ja
Desajustados,不適合者,ja
Descarga Eléctrica,放電,ja
Desejo da Maça,メイスの決意,ja
Desesperación Eterna,終わりなき絶望,ja
Desesperanza eterna,終わりなき絶望,ja
Desespero Eterno,終わりなき絶望,ja
Desmanche,回収箱,ja
Despertar da Alma,ソウルの目覚め,ja
Despertar del Alma,ソウルの目覚め,ja
Despertar del alma,ソウルの目覚め,ja
Destansı Yenileme,エピックなロールダウン,ja
Deszcz Pieniędzy,金のモンスーン,ja
Determinacja Kolosa,巨人の誓い,ja
Determinazione del titano,巨人の誓い,ja
Determinação Titânica,巨人の誓い,ja
Deux de moins,高速ダブルキル,ja
Dev Katili,ジャイアント スレイヤー,ja
Dev Kemeri,ジャイアント ベルト,ja
Devasa ve Güçlü,ジャイアント&マイティ,ja
Değişken Miğfer,アダプティブ ヘルム,ja
Di Vật Tàn Úa,枯朽の遺物,ja
Diana,ダイアナ,ja
Die Legion der Drei,3の軍団,ja
Diebesbande,盗賊団,ja
Diebesbande II,盗賊団 II,ja
Diente de Nashor,ナッシャー トゥース,ja
Dikenli Yelek,ブランブル ベスト,ja
Dinerito para el almuerzo,昼食代,ja
Dinero del almuerzo,昼食代,ja
Dintele lui Nashor,ナッシャー トゥース,ja
Diosa de las Pistolas,銃装機神,ja
Diosa de las pistolas,銃装機神,ja
Dirilme Lütfu,再起の呪印,ja
Disperare nemărginită,終わりなき絶望,ja
Disperazione eterna,終わりなき絶望,ja
Disruptor temporal,タイムブレーカー,ja
Distracție în spațiu,スペースグルーヴ,ja
Distribuição de Efeitos,バフが1つ、バフが2つ,ja
Divinamente Abençoado,神の祝福,ja
Divine Duelist,聖なる決闘者,ja
Dizilim,ラインナップ,ja
Diệt Khổng Lồ,ジャイアント スレイヤー,ja
Dlouhodobá investice,思惑買い,ja
Doamna întunecată,闇の女帝,ja
Doble Tanque,2体のタンク,ja
Dobra Passa,絶好調,ja
Doces Deleites,甘いおやつ,ja
Dokuma Büyü,紡がれし魔法,ja
Dolci,甘いおやつ,ja
Don du gardien,庇護者のお供,ja
Dono dell'aggiustatutto,スクラッパーの恩恵,ja
Dono della resurrezione,再起の呪印,ja
Dono di Ahri,アーリの恩恵,ja
Dono di Aurelion Sol,オレリオン・ソルの恩恵,ja
Dono di Ekko,エコーの恩恵,ja
Dono di Evelynn,イブリンの恩恵,ja
Dono di Kayle,ケイルの恩恵,ja
Dono di Soraka,ソラカの恩恵,ja
Dono di Thresh,スレッシュの恩恵,ja
Dono di Varus,ヴァルスの恩恵,ja
Dono di Yasuo,ヤスオの恩恵,ja
Doomer,ドゥーマー,ja
Doppia resistenza,2体のタンク,ja
Doppia uccisione rapida,高速ダブルキル,ja
Dornenweste,ブランブル ベスト,ja
Double Kill Veloz,高速ダブルキル,ja
Dowódca Anima,アニマ司令官,ja
Dowódcy,コマンダー,ja
Doğum Günü Buluşması,バースデー リユニオン,ja
Doğum Günü Hediyesi,バースデープレゼント,ja
Drachenklaue,ドラゴン クロウ,ja
Dragon's Claw,ドラゴン クロウ,ja
Dragonul auriu,黄金の龍,ja
Dragão Dourado,黄金の龍,ja
Dračí spár,ドラゴン クロウ,ja
Dreifaltigkeit,トライフェクタ,ja
Drobní titáni,小さな巨人,ja
"Drobní, ale vražední",小さくても強烈,ja
Drohnenverbindung,ドローン アップリンク,ja
Dron Bağlantısı,ドローン アップリンク,ja
Drone Uplink,ドローン アップリンク,ja
Drone cablato,ドローン アップリンク,ja
Dronová linka,ドローン アップリンク,ja
Drugi Oddech,起死回生,ja
Druhý dech,起死回生,ja
Drzewo Cech,特性の木,ja
Drágaköves kesztyű,ジュエル ガントレット,ja
Drágaköves lótusz II.,ジュエル ロータス,ja
Drónkapcsolat,ドローン アップリンク,ja
Držíme pospolu,いつでも一緒,ja
Du Mục,導き手,ja
Du hast meinen Bogen,弓の誓い,ja
Dublu asasinat rapid,高速ダブルキル,ja
Duch Odkupienia,リデンプションの魂,ja
Duch odplaty,リデンプションの魂,ja
Due volte il valore,お得な2,ja
Duelist divin,聖なる決闘者,ja
Duelista Divino,聖なる決闘者,ja
Duelista divino,聖なる決闘者,ja
Duellante divino,聖なる決闘者,ja
Duelliste divine,聖なる決闘者,ja
Dulces Golosinas,甘いおやつ,ja
Dummify,ダミー化,ja
Dunkle Dame,闇の女帝,ja
Duo Queue,デュオキュー,ja
Duo-Warteschlange,デュオキュー,ja
Dupla érték,お得な2,ja
Duplication,マックスビルド,ja
Duplán szívós,2体のタンク,ja
Durch Stärke geschmiedet,力に鍛えられしもの,ja
Durmadan Yenile,ローリングデイズ,ja
Dusze Towarzystwa,パーティーアニマル,ja
Duża Torba z Różnościami,大きな福袋,ja
Dádiva da Ahri,アーリの恩恵,ja
Dádiva da Evelynn,イブリンの恩恵,ja
Dádiva da Kayle,ケイルの恩恵,ja
Dádiva da Ressurreição,再起の呪印,ja
Dádiva da Soraka,ソラカの恩恵,ja
Dádiva do Aurelion Sol,オレリオン・ソルの恩恵,ja
Dádiva do Brigão,スクラッパーの恩恵,ja
Dádiva do Ekko,エコーの恩恵,ja
Dádiva do Thresh,スレッシュの恩恵,ja
Dádiva do Varus,ヴァルスの恩恵,ja
Dádiva do Yasuo,ヤスオの恩恵,ja
Dárek k narozeninám,バースデープレゼント,ja
Dárková taška s předměty,アイテム福袋,ja
Dárkový balíček,仕送り,ja
Dây Chuyền Iron Solari,ソラリのロケット,ja
Dây Chuyền Tự Lực,心身統御のペンダント,ja
Dämmerkern,ドーンコア,ja
Dämmerung von Silbersee,シルバーミアの夜明け,ja
Déesse des flingues,銃装機神,ja
Défaite planifiée,戦略的敗北,ja
Dépense réfléchie,賢い買い物,ja
Dés légèrement magiques,ちょっとだけ魔法のダイス,ja
Dés magiques,魔法のダイス,ja
Désespoir,ドゥーマー,ja
Désespoir infini,終わりなき絶望,ja
Détermination du titan,巨人の誓い,ja
Díszes acél,金ピカの鋼,ja
Dòng Tiền Mờ Ám,邪悪な収益化,ja
Döntőbíró,アービター,ja
Döntőbíró embléma,アービターの紋章,ja
Dört Dörtlük,最強の四配者,ja
Dört Seninle Olsun,フォーが共にあらんことを,ja
Dövüşçü,ブローラー,ja
Dövüşçü Amblemi,ブローラーの紋章,ja
Dúo de tanques,2体のタンク,ja
Dümenci,ハスラー,ja
Dẫn Truyền,コンジット,ja
Dị Vật Tai Ương,フォビドゥン アイドル,ja
Dịch Vụ Gói Đăng Ký,サブスクリプション,ja
D个痛快！,ローリングデイズ,ja
Early Learnings,早期教育,ja
Ebedi Anlaşma,不滅の協定,ja
Ebedi Koruma,インフィニティの守護,ja
Ebedi Kılıç,インフィニティ エッジ,ja
Ebédpénz,昼食代,ja
Eccesso di bacchette,ワンド オーバーフロー,ja
Eccesso di cinture,ベルト オーバーフロー,ja
Eccesso di spade,ソード オーバーフロー,ja
Echi curativi,癒しのこだま,ja
Ecos Reparadores,癒しのこだま,ja
Ecos Restauradores,癒しのこだま,ja
Ecos curativos,癒しのこだま,ja
Ecouri tămăduitoare,癒しのこだま,ja
Edge of Night,ナイト エッジ,ja
Efecte secundare,副作用,ja
Efectos Secundarios,副作用,ja
Efectos secundarios,副作用,ja
Efeito Azul,ブルーバフ,ja
Efeito Vermelho,レッドバフ,ja
Efeitos Colaterais,副作用,ja
Efekty Uboczne,副作用,ja
Effets secondaires,副作用,ja
Effetti collaterali,副作用,ja
Egida Zmierzchu,夕闇の加護,ja
Egida del Crepuscolo,夕闇の加護,ja
Egida dell'Aurora,夜明けの加護,ja
Egida Świtu,夜明けの加護,ja
"Egy erősítés, két erősítés",バフが1つ、バフが2つ,ja
"Egy, kettő, három",一 二 三,ja
"Egy, kettő, öt!",ワン、ツー、ファイブ！,ja
Egyenlepel,イーブンシュラウド,ja
Egységben az erő,一致団結,ja
Egyujjas kesztyű,ミトン,ja
Egyéni vért,一人前プレート,ja
Ehre des Kriegsfürsten,ウォーロードの名誉,ja
"Ein Buff, zwei Buff",バフが1つ、バフが2つ,ja
Ein Teil des Lebens,普通の日々,ja
Ein erhabenes Abenteuer,崇高の冒険,ja
Ein magischer Wurf,魔法のダイス,ja
Eindringling Zed,侵略者ゼド,ja
Einfach treffen,ジャストヒット,ja
Einkaufsbummel,買い物三昧,ja
"Einmal Bronze, immer Bronze",生涯ブロンズ,ja
"Eins, zwei, drei",一 二 三,ja
"Eins, zwei, fünf!",ワン、ツー、ファイブ！,ja
Eiserne Güter,カナとカネ,ja
Ejder Pençesi,ドラゴン クロウ,ja
Ekip Çalışması,チーム構築,ja
Ekko türelme,エコーの忍耐,ja
Ekko áldása,エコーの恩恵,ja
Ekko'nun Lütfu,エコーの恩恵,ja
Ekko'nun Sabrı,エコーの忍耐,ja
Ekko's Boon,エコーの恩恵,ja
Ekko's Patience,エコーの忍耐,ja
Ekkos Geduld,エコーの忍耐,ja
Ekkos Segen,エコーの恩恵,ja
Ekkova trpělivost,エコーの忍耐,ja
Ekkův dar,エコーの恩恵,ja
Ekmek Parası İşte,昼食代,ja
Ekskluzywna Personalizacja,限定カスタマイズ,ja
Ekspedycja,エクスペディション,ja
El Big Bang,ビッグバン,ja
El Dragón Dorado,黄金の龍,ja
El Dragón dorado,黄金の龍,ja
El Emeği Göz Nuru,巧みなクラフト,ja
El Huevo Dorado,金のタマゴ,ja
El Indomable,不屈,ja
El Mega Mecha,マイティーロボ,ja
El Tamaño Importa,サイズが大事,ja
El centro de todo,ここがセンター,ja
El huevo dorado,金のタマゴ,ja
El peso de la corona,王冠とは重きもの,ja
El tamaño importa,サイズが大事,ja
El Árbol de Rasgos,特性の木,ja
El árbol de los atributos,特性の木,ja
Elastyczność,柔軟性,ja
Electrocarga,放電,ja
Electrocharge,放電,ja
Elektrický výboj,放電,ja
Elektroladung,放電,ja
Elektromos töltés,放電,ja
Elektroşarj,放電,ja
Elettrocarica,放電,ja
Elige el rasgo,特性を選択,ja
Eliminator,根絶者,ja
Elkötelezett,投資完了,ja
Elköteleződés,全身全霊,ja
Elmo Adaptativo,アダプティブ ヘルム,ja
Elmo adattivo,アダプティブ ヘルム,ja
Eltemetett kincsek,埋もれた宝物,ja
Elátkozott korona,カースドのクラウン,ja
Elátkozott penge,呪いの刃,ja
Előfizetési szolgáltatás,サブスクリプション,ja
Előleg,前借り,ja
Előrelátás,先見性,ja
Em Busca do Centro,ここがセンター,ja
Embalos no Espaço,スペースグルーヴ,ja
Emblem Anima,アニマの紋章,ja
Emblem Arbiter,アービターの紋章,ja
Emblem Bastion,バスティオンの紋章,ja
Emblem Brawler,ブローラーの紋章,ja
Emblem Challenger,チャレンジャーの紋章,ja
Emblem Dark Star,ダークスターの紋章,ja
Emblem Marauder,略奪者の紋章,ja
Emblem Meeple,ミィプルの紋章,ja
Emblem N.O.V.A.,N.O.V.A.の紋章,ja
Emblem Primordian,プライモーディアンの紋章,ja
Emblem Psionic,サイオニックの紋章,ja
Emblem Rogue,ローグの紋章,ja
Emblem Shepherd,導き手の紋章,ja
Emblem Sniper,スナイパーの紋章,ja
Emblem Space Groove,スペースグルーヴの紋章,ja
Emblem Stargazer,星の観測者の紋章,ja
Emblem Timebreaker,タイムブレーカーの紋章,ja
Emblem Vanguard,ヴァンガードの紋章,ja
Emblem Voyager,ボイジャーの紋章,ja
Emblema Anima,アニマの紋章,ja
Emblema Animalia,アニマの紋章,ja
Emblema Meeple,ミィプルの紋章,ja
Emblema N.O.V.A.,N.O.V.A.の紋章,ja
Emblema Psionico,サイオニックの紋章,ja
Emblema Stella Oscura,ダークスターの紋章,ja
Emblema apărătorilor,ヴァンガードの紋章,ja
Emblema bastionului,バスティオンの紋章,ja
Emblema briganzilor,略奪者の紋章,ja
Emblema bătăușilor,ブローラーの紋章,ja
Emblema competitorilor,チャレンジャーの紋章,ja
Emblema călătorilor,ボイジャーの紋章,ja
Emblema de Anima,アニマの紋章,ja
Emblema de Astromante,星の観測者の紋章,ja
Emblema de Atirador de Elite,スナイパーの紋章,ja
Emblema de Bastião,バスティオンの紋章,ja
Emblema de Bastión,バスティオンの紋章,ja
Emblema de Desafiante,チャレンジャーの紋章,ja
Emblema de Embalos no Espaço,スペースグルーヴの紋章,ja
Emblema de Estrela Negra,ダークスターの紋章,ja
Emblema de Estrella Oscura,ダークスターの紋章,ja
Emblema de Francotiradores,スナイパーの紋章,ja
Emblema de Furtivo,ローグの紋章,ja
Emblema de Ladino,ローグの紋章,ja
Emblema de Lutador,ブローラーの紋章,ja
Emblema de Meeple,ミィプルの紋章,ja
Emblema de Meeplo,ミィプルの紋章,ja
Emblema de Merodeador,略奪者の紋章,ja
Emblema de Mipo,ミィプルの紋章,ja
Emblema de N.O.V.A.,N.O.V.A.の紋章,ja
Emblema de Onda Espacial,スペースグルーヴの紋章,ja
Emblema de Pastor,導き手の紋章,ja
Emblema de Peleadores,ブローラーの紋章,ja
Emblema de Primordiano,プライモーディアンの紋章,ja
Emblema de Primordianos,プライモーディアンの紋章,ja
Emblema de Psiónico,サイオニックの紋章,ja
Emblema de Psiônico,サイオニックの紋章,ja
Emblema de Rasga-tempo,タイムブレーカーの紋章,ja
Emblema de Retadores,チャレンジャーの紋章,ja
Emblema de Rompetiempo,タイムブレーカーの紋章,ja
Emblema de Saqueador,略奪者の紋章,ja
Emblema de Sentencia,アービターの紋章,ja
Emblema de Vanguarda,ヴァンガードの紋章,ja
Emblema de Vanguardia,ヴァンガードの紋章,ja
Emblema de Viajante,ボイジャーの紋章,ja
Emblema de Viajero,ボイジャーの紋章,ja
Emblema de astral,星の観測者の紋章,ja
Emblema de bastión,バスティオンの紋章,ja
Emblema de contendiente,チャレンジャーの紋章,ja
Emblema de disruptor temporal,タイムブレーカーの紋章,ja
Emblema de estrella oscura,ダークスターの紋章,ja
Emblema de francotirador,スナイパーの紋章,ja
Emblema de la ascensión,超越のタリスマン,ja
Emblema de luchador,ブローラーの紋章,ja
Emblema de onda espacial,スペースグルーヴの紋章,ja
Emblema de pastor,導き手の紋章,ja
Emblema de primordiano,プライモーディアンの紋章,ja
Emblema de psiónico,サイオニックの紋章,ja
Emblema de pícaro,ローグの紋章,ja
Emblema de sentenciador,アービターの紋章,ja
Emblema de vanguardia,ヴァンガードの紋章,ja
Emblema de viajante,ボイジャーの紋章,ja
Emblema de yelmo sombrío,略奪者の紋章,ja
Emblema de Árbitro,アービターの紋章,ja
Emblema de ánima,アニマの紋章,ja
Emblema del Bandito,ローグの紋章,ja
Emblema del Bastione,バスティオンの紋章,ja
Emblema del Cecchino,スナイパーの紋章,ja
Emblema del Combattente,ブローラーの紋章,ja
Emblema del Pastore,導き手の紋章,ja
Emblema del Predone,略奪者の紋章,ja
Emblema del Primordiano,プライモーディアンの紋章,ja
Emblema del Ritmo Spaziale,スペースグルーヴの紋章,ja
Emblema del Viaggiatore,ボイジャーの紋章,ja
Emblema dell'Amico dei Mippi,ミィプルの紋章,ja
Emblema dell'Arbitro,アービターの紋章,ja
Emblema dell'Astronomo,星の観測者の紋章,ja
Emblema dell'Avanguardia,ヴァンガードの紋章,ja
Emblema dello Sfidante,チャレンジャーの紋章,ja
Emblema dello Spezzatempo,タイムブレーカーの紋章,ja
Emblema distracției în spațiu,スペースグルーヴの紋章,ja
Emblema frângătorilor timpului,タイムブレーカーの紋章,ja
Emblema luminii stelelor,星の観測者の紋章,ja
Emblema lunetiștilor,スナイパーの紋章,ja
Emblema mediatorilor,アービターの紋章,ja
Emblema primordienilor,プライモーディアンの紋章,ja
Emblema psionică,サイオニックの紋章,ja
Emblema păstorilor,導き手の紋章,ja
Emblema rebelilor,ローグの紋章,ja
Emblema stelelor întunecate,ダークスターの紋章,ja
Emblemat Anima,アニマの紋章,ja
Emblemat Arbitra,アービターの紋章,ja
Emblemat Bastionu,バスティオンの紋章,ja
Emblemat Kosmofazy,スペースグルーヴの紋章,ja
Emblemat Marudera,略奪者の紋章,ja
Emblemat Meepla,ミィプルの紋章,ja
Emblemat Mrocznej Gwiazdy,ダークスターの紋章,ja
Emblemat N.O.V.A.,N.O.V.A.の紋章,ja
Emblemat Obrońcy,ヴァンガードの紋章,ja
Emblemat Obserwatora Gwiazd,星の観測者の紋章,ja
Emblemat Osiłka,ブローラーの紋章,ja
Emblemat Pasterza,導き手の紋章,ja
Emblemat Podróżnika,ボイジャーの紋章,ja
Emblemat Pretendenta,チャレンジャーの紋章,ja
Emblemat Primordianina,プライモーディアンの紋章,ja
Emblemat Psionika,サイオニックの紋章,ja
Emblemat Snajpera,スナイパーの紋章,ja
Emblemat Zbira,ローグの紋章,ja
Emblemat Łamacza Czasu,タイムブレーカーの紋章,ja
Emblème d'Astro-groove,スペースグルーヴの紋章,ja
Emblème d'Initiateur,ヴァンガードの紋章,ja
Emblème de Bagarreur,ブローラーの紋章,ja
Emblème de Bastion,バスティオンの紋章,ja
Emblème de Berger,導き手の紋章,ja
Emblème de Brise-temps,タイムブレーカーの紋章,ja
Emblème de Challenger,チャレンジャーの紋章,ja
Emblème de Juge stellaire,アービターの紋章,ja
Emblème de Maraudeur,略奪者の紋章,ja
Emblème de Meeple,ミィプルの紋章,ja
Emblème de N.O.V.A.,N.O.V.A.の紋章,ja
Emblème de Primordien,プライモーディアンの紋章,ja
Emblème de Psionique,サイオニックの紋章,ja
Emblème de Pulsar sombre,ダークスターの紋章,ja
Emblème de Rebelle,ローグの紋章,ja
Emblème de Sniper,スナイパーの紋章,ja
Emblème de Visionnaire,星の観測者の紋章,ja
Emblème de Voyageur,ボイジャーの紋章,ja
Emblème de la Section Anima,アニマの紋章,ja
Emblém Animy,アニマの紋章,ja
Emblém Bašty,バスティオンの紋章,ja
Emblém Hvězdopravce,星の観測者の紋章,ja
Emblém Miplíka,ミィプルの紋章,ja
Emblém N.O.V.A.,N.O.V.A.の紋章,ja
Emblém Ničitele času,タイムブレーカーの紋章,ja
Emblém Odpadlíka,ローグの紋章,ja
Emblém Odstřelovače,スナイパーの紋章,ja
Emblém Pastýře,導き手の紋章,ja
Emblém Poutníka,ボイジャーの紋章,ja
Emblém Prapůvodního,プライモーディアンの紋章,ja
Emblém Psionika,サイオニックの紋章,ja
Emblém Předvoje,ヴァンガードの紋章,ja
Emblém Rváče,ブローラーの紋章,ja
Emblém Soudce,アービターの紋章,ja
Emblém Temné hvězdy,ダークスターの紋章,ja
Emblém Vesmírného rytmu,スペースグルーヴの紋章,ja
Emblém Vyzyvatele,チャレンジャーの紋章,ja
Emblém Žoldnéře,略奪者の紋章,ja
Emblématique,柔軟性,ja
Emblématiquement,特性の木,ja
Empréstimo Avançado,前借り,ja
Empurrão,叩きつけ,ja
En Minik Dev,もっと小さな巨人,ja
En racha,絶好調,ja
Ende der Weisheit,ウィッツ エンド,ja
Endgame-Experte,レイトゲーム スペシャリスト,ja
Endlose Verzweiflung,終わりなき絶望,ja
Enfileirando,ラインナップ,ja
Enfoque al Horizonte,ホライゾン フォーカス,ja
Enlace Cibernético,サイバネティック アップリンク,ja
Enlace de Dron,ドローン アップリンク,ja
Enracinement,広がる根,ja
Entre les PO et l'enclume,カナとカネ,ja
Entrenamiento de Guardaespaldas,ボディーガードの訓練,ja
Entschlossenheit des Titanen,巨人の誓い,ja
Enyhén mágikus dobás,ちょっとだけ魔法のダイス,ja
Epic Rolldown,エピックなロールダウン,ja
Epickie Przelosowanie,エピックなロールダウン,ja
Epický výlov,エピックなロールダウン,ja
Epische Ladung,エピックなロールダウン,ja
Epoca,エポック,ja
Epoch,エポック,ja
Epocha,エポック,ja
Epoche,エポック,ja
Epocă,エポック,ja
Epoka,エポック,ja
Era,エポック,ja
Eradicare,根絶者,ja
Eradicator,根絶者,ja
Eradicatore,根絶者,ja
Erb Lightshieldů,ライトシールドのクレスト,ja
Erlöser,救済者,ja
Erradicador,根絶者,ja
Erwartetes Unerwartetes,想定内の意外性,ja
Erweiterter Kredit,前借り,ja
Erőben kovácsolva,力に鍛えられしもの,ja
Erőd,バスティオン,ja
Erőd embléma,バスティオンの紋章,ja
EsQUATRão,最強の四配者,ja
Esagono dorato di Yasuo,ヤスオのゴールドのマス,ja
Esaltazione di Kayle,ケイルの天昇,ja
Esaltazione radiosa di Kayle,ケイルの暁光の天昇,ja
Escalamento de Fim de Jogo,レイトゲーム スケーリング,ja
Escalando,はしごを登れ,ja
Escalar la clasificación,はしごを登れ,ja
Escolha a característica,特性を選択,ja
Escroc,ハスラー,ja
Escudo de estratega,タクティシャンの盾,ja
Escudo del Estratega,タクティシャンの盾,ja
Escudo do Estrategista,タクティシャンの盾,ja
Escurridizo,リフトスカトル,ja
Esence Mihotavců,シマースケールのエッセンス,ja
Esencia de Brilloescama,シマースケールのエッセンス,ja
Esencia de brilloescama,シマースケールのエッセンス,ja
Esencja Migoczącej Łuski,シマースケールのエッセンス,ja
Esfera del Amanecer,ドーンコア,ja
Esgrima de Yasuo,ヤスオのブレードワーク,ja
Esnek,柔軟性,ja
Espada Desmedida,ソード オーバーフロー,ja
Espada G.p.C.,B.F.ソード,ja
Espadafuria de Guinsoo,グインソー レイジブレード,ja
Espadas Más Letales,デッドリアー ブレード,ja
Espadón,B.F.ソード,ja
Especialista em Fim de Jogo,レイトゲーム スペシャリスト,ja
Especialista en el juego tardío,レイトゲーム スペシャリスト,ja
Especialista en final de partida,レイトゲーム スペシャリスト,ja
Espera lo Inesperado,想定内の意外性,ja
Espera lo inesperado,想定内の意外性,ja
Esperando o Inesperado,想定内の意外性,ja
Espinas,フィッシュボーン,ja
Esprit d'équipe,チーム構築,ja
Esprit de la Rédemption,リデンプションの魂,ja
Esprit encombré,乱れる思考,ja
Espátula,へら,ja
Espírito de Redenção,リデンプションの魂,ja
Espíritu Firme,揺るがぬ心,ja
Espíritu de Redención,リデンプションの魂,ja
Espíritu de la redención,リデンプションの魂,ja
Espíritu libre,不適合者,ja
Essence des Luminécailles,シマースケールのエッセンス,ja
Essenz der Schimmerschuppen,シマースケールのエッセンス,ja
Essenza Scaglialucida,シマースケールのエッセンス,ja
Essência de Escamaluz,シマースケールのエッセンス,ja
Estafa,ハスラー,ja
Estafador,ハスラー,ja
Estratega diminuto,もっと小さな巨人,ja
Estrela Negra,ダークスター,ja
Estrella Oscura,ダークスター,ja
Estrella oscura,ダークスター,ja
Estudio Paciente,研究熱心,ja
Estudio y paciencia,研究熱心,ja
Estudo Paciente,研究熱心,ja
Esuli,エグザイル,ja
Eternal Pact,不滅の協定,ja
Etwas magische Aktualisierung,ちょっとだけ魔法のダイス,ja
Evelynn áldása,イブリンの恩恵,ja
Evelynn ösztöne,イブリンの直感,ja
Evelynn'in Lütfu,イブリンの恩恵,ja
Evelynn'in İçgüdüsü,イブリンの直感,ja
Evelynn's Boon,イブリンの恩恵,ja
Evelynn's Instinct,イブリンの直感,ja
Evelynnin dar,イブリンの恩恵,ja
Evelynnin instinkt,イブリンの直感,ja
Evelynns Instinkt,イブリンの直感,ja
Evelynns Segen,イブリンの恩恵,ja
Evenshroud,イーブンシュラウド,ja
Evocazione continua,連続魔法,ja
Evriştirici,混乱回復装置,ja
Ewiger Pakt,不滅の協定,ja
Exaltación Radiante de Kayle,ケイルの暁光の天昇,ja
Exaltación de Kayle,ケイルの天昇,ja
Exaltación radiante de Kayle,ケイルの暁光の天昇,ja
Exaltarea lui Kayle,ケイルの天昇,ja
Exaltarea radiantă a lui Kayle,ケイルの暁光の天昇,ja
Exaltation de Kayle,ケイルの天昇,ja
Exaltation radieuse de Kayle,ケイルの暁光の天昇,ja
Exaltação Radiante de Kayle,ケイルの暁光の天昇,ja
Exaltação de Kayle,ケイルの天昇,ja
Exclusive Customization,限定カスタマイズ,ja
Exilados,エグザイル,ja
Exilați,エグザイル,ja
Exiles,エグザイル,ja
Exiliados,エグザイル,ja
Exilés,エグザイル,ja
Exklusive Feinabstimmung,限定カスタマイズ,ja
Exkluzivní úprava,限定カスタマイズ,ja
Exkluzív testreszabás,限定カスタマイズ,ja
Expected Unexpectedness,想定内の意外性,ja
Expedice,エクスペディション,ja
Expedición,エクスペディション,ja
Expedition,エクスペディション,ja
Expedição,エクスペディション,ja
Expediție,エクスペディション,ja
Expedíció,エクスペディション,ja
Explosive Growth,爆発的成長,ja
Explosives Wachstum,爆発的成長,ja
Expédition,エクスペディション,ja
Expérience à tout prix,思惑買い,ja
Extirpador,根絶者,ja
Ezreal,エズリアル,ja
Ezüstkanál,銀の匙,ja
Ezüsttóvári hajnal,シルバーミアの夜明け,ja
Eğreti Zırh,即席アーマー,ja
Eşsiz Deneyim,銀の匙,ja
Eşya Çekilişi,アイテム福袋,ja
Fabbricante di bastoni,杖鍛冶,ja
Fabbricante di spade,剣鍛冶,ja
Fabricant de baguettes,杖鍛冶,ja
Fabricante de Bastões,杖鍛冶,ja
Fabricante de Espadas,剣鍛冶,ja
Fabricante de Varas,杖鍛冶,ja
Fabrication en série,複製,ja
Fabrikneu,ファクトリー ニュー,ja
Faca de Statikk,スタティック シヴ,ja
Factory New,ファクトリー ニュー,ja
Fajín de mercurio,クイックシルバー,ja
Fame di denaro,金に飢えし者,ja
Fantocci da crash test,衝突試験用ダミー,ja
Fantoccificazione,ダミー化,ja
Fantoccio di addestramento,ダミー,ja
Fare squadra,一致団結,ja
Farmando Aura,オーラ育成中,ja
Farmare l'aura,オーラ育成中,ja
Farmarea aurei,オーラ育成中,ja
Farmení aury,オーラ育成中,ja
Farmeo Áurico,オーラ育成中,ja
Farmienie Aury,オーラ育成中,ja
Fatalista,ドゥーマー,ja
Fateweaver,フェイトウィーバー,ja
Favorul Sorakăi,ソラカの恩恵,ja
Favorul duelistului,スクラッパーの恩恵,ja
Favorul lui Ahri,アーリの恩恵,ja
Favorul lui Aurelion Sol,オレリオン・ソルの恩恵,ja
Favorul lui Ekko,エコーの恩恵,ja
Favorul lui Evelynn,イブリンの恩恵,ja
Favorul lui Kayle,ケイルの恩恵,ja
Favorul lui Thresh,スレッシュの恩恵,ja
Favorul lui Varus,ヴァルスの恩恵,ja
Favorul lui Yasuo,ヤスオの恩恵,ja
Favorul resurecției,再起の呪印,ja
Fedakârlığın Erdemi,マーターズ ヴァーチュ,ja
Fedezeti alap,ヘッジファンド,ja
Feed the Flames,炎を強めて,ja
Feeling Lucky,ツイてる気分,ja
Felaket Mücevheri,枯死の宝石,ja
Felemelkedés,アセンション,ja
Feleslegesen nagy pálca,ムダニ デカイ ロッド,ja
Felfelé a ranglétrán I.,はしごを登れ,ja
Felfelé irányuló mobilitás,上方移動,ja
Felie de viață,普通の日々,ja
Felinarul lui Thresh,スレッシュのランタン,ja
Festa de Aniversário,バースデー リユニオン,ja
Feu concentré,集中砲火,ja
Fiera Fiestera,パーティーアニマル,ja
Fierar neobosit,歩く鍛冶場,ja
Fila em Dupla,デュオキュー,ja
Filo de la Muerte,デスブレード,ja
Filo de la Noche,ナイト エッジ,ja
Filo de la noche,ナイト エッジ,ja
Filo del Infinito,インフィニティ エッジ,ja
Filo infinito,インフィニティ エッジ,ja
Filo mortal,デスブレード,ja
Filofugaz,フリッカーブレード,ja
Fin de partie,レイトゲーム スケーリング,ja
Final del ingenio,ウィッツ エンド,ja
Finanziamento,前借り,ja
Find Your Center,ここがセンター,ja
Finde deine Mitte,ここがセンター,ja
Fine della notte,ナイト エッジ,ja
Fiora,フィオラ,ja
Firesale,ファイアセール,ja
Fishbones,フィッシュボーン,ja
Fiumi di lacrime,好きなだけ泣くがいい,ja
Fiumi di lacrime,流れる涙,ja
Fizz,フィズ,ja
Flambant neuf,ファクトリー ニュー,ja
Flessibilità,柔軟性,ja
Flexibel,柔軟性,ja
Flexibilita,柔軟性,ja
Flexibilitate,柔軟性,ja
Flexible,柔軟性,ja
Flexível,柔軟性,ja
Flickerblade,フリッカーブレード,ja
Flickerblades,フリッカーブレード,ja
Fließende Tränen,流れる涙,ja
Flimmerklingen,フリッカーブレード,ja
Flowing Tears,流れる涙,ja
Fluch des Lichs,リッチ ベイン,ja
Fléau de liche,リッチ ベイン,ja
Fléau vengeur,ストライカー フレイル,ja
Flügelstab,セラフィムの杖,ja
Foc concentrat,集中砲火,ja
Focalizarea orizontului,ホライゾン フォーカス,ja
Foco do Horizonte,ホライゾン フォーカス,ja
Focused Fire,集中砲火,ja
Fogo Concentrado,集中砲火,ja
Fokozott erő,オーグメントパワー,ja
Fokussiertes Feuer,集中砲火,ja
Folyamatos idézés,連続魔法,ja
Fond de investiții,ヘッジファンド,ja
Fondamenta di prima linea,前衛の礎,ja
Fondation de première ligne,前衛の礎,ja
Fondo con intereses,ヘッジファンド,ja
Fondo de inversión,ヘッジファンド,ja
Fondo speculativo,ヘッジファンド,ja
Forbidden Idol,フォビドゥン アイドル,ja
Forge a Friend,友を鍛える,ja
Forge divine,神の鍛冶場,ja
Forge portative,ポータブル フォージ,ja
Forge à retardement,未来の鍛冶場,ja
Forged in Strength,力に鍛えられしもの,ja
Forgeron ambulant,歩く鍛冶場,ja
Forgia apoteotica,神の鍛冶場,ja
Forgia incarnata,歩く鍛冶場,ja
Forgia nascosta,未来の鍛冶場,ja
Forgia portatile,ポータブル フォージ,ja
Forgia un amico,友を鍛える,ja
Forgiato nella forza,力に鍛えられしもの,ja
Forja Apoteósica,神の鍛冶場,ja
Forja Apoteótica,神の鍛冶場,ja
Forja Latente,未来の鍛冶場,ja
Forja Portátil,ポータブル フォージ,ja
Forja Viva,歩く鍛冶場,ja
Forja Viviente,歩く鍛冶場,ja
Forja apoteósica,神の鍛冶場,ja
Forja de amigos,友を鍛える,ja
Forja de espadas,剣鍛冶,ja
Forja de varas,杖鍛冶,ja
Forja forjada,巧みなクラフト,ja
Forja latente,未来の鍛冶場,ja
Forja na Força,力に鍛えられしもの,ja
Forja portátil,ポータブル フォージ,ja
Forja reîncărcărilor,巧みなクラフト,ja
Forja viviente,歩く鍛冶場,ja
Forjado a la fuerza,力に鍛えられしもの,ja
Forjado en la Fortaleza,力に鍛えられしもの,ja
Forje uma Amizade,友を鍛える,ja
Forjă apoteotică,神の鍛冶場,ja
Forjă latentă,未来の鍛冶場,ja
Forjă portabilă,ポータブル フォージ,ja
Forma equipo,一致団結,ja
Formation de Garde du corps,ボディーガードの訓練,ja
Formazione,ラインナップ,ja
Fortwährende Beschwörung,連続魔法,ja
Forward Thinking,先見性,ja
Forțe proaspete,起死回生,ja
Fragmento de Vida,普通の日々,ja
Frammento d'infinito,インフィニティ エッジ,ja
Francotirador,スナイパー,ja
Frigideira,フライパン,ja
Frontkämpfer,ヴァンガード,ja
Frontkämpfer-Emblem,ヴァンガードの紋章,ja
Frontline Foundation,前衛の礎,ja
Frontlinien-Fundament,前衛の礎,ja
Frying Pan,フライパン,ja
Frângător al timpului,タイムブレーカー,ja
Frühe Erkenntnisse,早期教育,ja
Fuego Concentrado,集中砲火,ja
Fuego concentrado,集中砲火,ja
Fuerte pero frágil,グラスキャノン,ja
Fuerte y Enorme,ジャイアント&マイティ,ja
Fuerzas renovadas,起死回生,ja
Fulcro del commercio,コマース コア,ja
Fundação da Linha de Frente,前衛の礎,ja
Fundo de Garantia,ヘッジファンド,ja
Fundusz Inwestycyjny,ヘッジファンド,ja
Fuoco concentrato,集中砲火,ja
Fureur du kraken,クラーケンの怒り,ja
Furia Krakena,クラーケンの怒り,ja
Furia del Kraken,クラーケンの怒り,ja
Furia del kraken,クラーケンの怒り,ja
Furia di Guinsoo,グインソー レイジブレード,ja
Furia krakenului,クラーケンの怒り,ja
Furtarello,窃盗,ja
Furtivo,ローグ,ja
Furto,窃盗,ja
Furto di componenti,素材アイテムヘイスト,ja
Furtuna lui Luden,ルーデン テンペスト,ja
Fäustlinge,ミトン,ja
Félholt csapás,リッチ ベイン,ja
Félvezető,半導体,ja
Fényőrző címer,ライトシールドのクレスト,ja
Fókusz,コンジット,ja
Fókusz mód,コンジットモード,ja
Fúria do Cráquem,クラーケンの怒り,ja
"FĂRĂ ANALIZĂ, FĂRĂ SCHIMBĂRI",偵察なし、変更なし,ja
Făurit prin putere,力に鍛えられしもの,ja
Gabardina Sospechosa,怪しげなトレンチコート,ja
Gabardina sospechosa,怪しげなトレンチコート,ja
Gage de Sterak,ステラックの篭手,ja
Gagnant-gagnant,研究熱心,ja
Galaksi Avcısı,ギャラクシー ハンター,ja
Galaktický lovec,ギャラクシー ハンター,ja
Galaktischer Jäger,ギャラクシー ハンター,ja
Galaktyczni Łowcy,ギャラクシー ハンター,ja
Galaxisvadász,ギャラクシー ハンター,ja
Galaxy Hunter,ギャラクシー ハンター,ja
Gambit Urfa,アーフの策略,ja
Gambit d'Urf,アーフの策略,ja
Gambito de Urf,アーフの策略,ja
Gantelet du Néant,ヴォイド ガントレット,ja
Gantelet précieux,ジュエル ガントレット,ja
Gants d'entraînement,スパーリング グローブ,ja
Gants de voleur,盗賊のグローブ,ja
Gants porte-bonheur,ラッキーグローブ,ja
Gants à gogo,クリティカル サクセス,ja
Gardienii gemeni,ツインガーディアン,ja
Gardiens jumeaux,ツインガーディアン,ja
Gargoyl Taşzırhı,ガーゴイル ストーンプレート,ja
Gargoyle Stoneplate,ガーゴイル ストーンプレート,ja
Garra de Dragón,ドラゴン クロウ,ja
Garra de dragón,ドラゴン クロウ,ja
Garra de merodeador,プローラー クロウ,ja
Garra del Merodeador,プローラー クロウ,ja
Garra do Dragão,ドラゴン クロウ,ja
Garra do Espreitador,プローラー クロウ,ja
Gasto con cabeza,賢い買い物,ja
Gauner,ハスラー,ja
Gebieter,アービター,ja
Gebieter-Emblem,アービターの紋章,ja
Geburtstags-Wiedervereinigung,バースデー リユニオン,ja
Geburtstagsgeschenk,バースデープレゼント,ja
Gecenin Kıyısı,ナイト エッジ,ja
Geduld ist eine Tugend,忍耐の美徳,ja
Geeinter Halt,一致団結,ja
Gefälligkeit des Schrotthändlers,スクラッパーの恩恵,ja
Gegenstand-Wundertüte,アイテム福袋,ja
Geist der Erlösung,リデンプションの魂,ja
Geistessicht,スピリット ビサージュ,ja
Geld fürs Mittagessen,昼食代,ja
Geldgierig,金に飢えし者,ja
Geldmonsun,金のモンスーン,ja
Gelişmiş Güç,オーグメントパワー,ja
Gelungenes Comeback,逆転劇,ja
Gespiegelte Persona,鏡像のペルソナ,ja
Gheara dragonului,ドラゴン クロウ,ja
Gheara lui Sterak,ステラックの篭手,ja
Gheara prădătorului,プローラー クロウ,ja
Giant Slayer,ジャイアント スレイヤー,ja
Giant and Mighty,ジャイアント&マイティ,ja
Giant's Belt,ジャイアント ベルト,ja
Gigante e Poderoso,ジャイアント&マイティ,ja
Gigantes y fuertes,ジャイアント&マイティ,ja
Gilded Steel,金ピカの鋼,ja
Gioco di lama di Yasuo,ヤスオのブレードワーク,ja
Gioiello della rovina,枯死の宝石,ja
Giuvaier blestemat,枯死の宝石,ja
Gizemli Trençkot,怪しげなトレンチコート,ja
Giáp Lưới,チェイン ベスト,ja
Giáp Máu Warmog,ワーモグ アーマー,ja
Giáp Tay Seeker,シーカー アームガード,ja
Giáp Tâm Linh,スピリット ビサージュ,ja
Giáp Tự Chế,即席アーマー,ja
Giáp Vai Nguyệt Thần,イーブンシュラウド,ja
Giù come birilli,絶好調,ja
Giọt Lệ Bi Ai,好きなだけ泣くがいい,ja
Giữ Vững Hàng Ngũ,前線維持,ja
Glaives à gogo,道を切り拓け,ja
Glaskanone,グラスキャノン,ja
Glass Cannon,グラスキャノン,ja
Glückshandschuhe,ラッキーグローブ,ja
Gnar,ナー,ja
Goana după bani,金に飢えし者,ja
God-Blessed,神の祝福,ja
Going Long,思惑買い,ja
Golden Gamble,黄金の博打,ja
Goldenes Glücksspiel,黄金の博打,ja
Golem,ゴーレム,ja
Golpetazos,叩きつけ,ja
Good For Something,有効活用,ja
Gotowy Komplet,マックスビルド,ja
Gottgesegnet,神の祝福,ja
Grabież,窃盗,ja
Gracia de Ahri,アーリの恩恵,ja
Gracia de Aurelion Sol,オレリオン・ソルの恩恵,ja
Gracia de Ekko,エコーの恩恵,ja
Gracia de Evelynn,イブリンの恩恵,ja
Gracia de Kayle,ケイルの恩恵,ja
Gracia de Soraka,ソラカの恩恵,ja
Gracia de Thresh,スレッシュの恩恵,ja
Gracia de Varus,ヴァルスの恩恵,ja
Gracia de Yasuo,ヤスオの恩恵,ja
Gracia de resurrección,再起の呪印,ja
Gragas,グラガス,ja
Gran Compromiso,全身全霊,ja
Grandalhão,サイズが大事,ja
Grande e possente,ジャイアント&マイティ,ja
Grandeur et démesure,ジャイアント&マイティ,ja
Graves,グレイブス,ja
Gredin,ハスラー,ja
Griffe de dragon,ドラゴン クロウ,ja
Griffes du rôdeur,プローラー クロウ,ja
Group Hug,みんなでハグ,ja
Groß und mächtig,ジャイアント&マイティ,ja
Große Wundertüte,大きな福袋,ja
Groźniejsze Ostrza,デッドリアー ブレード,ja
Gruboskórność Steraka,ステラックの篭手,ja
Grup Kucaklaşması,みんなでハグ,ja
Grupowy Przytulas,みんなでハグ,ja
Gruppenumarmung,みんなでハグ,ja
Gräte,フィッシュボーン,ja
Größe ist alles,サイズが大事,ja
Guantelete Deslumbrante,ジュエル ガントレット,ja
Guantelete de Sterak,ステラックの篭手,ja
Guantelete del Vacío,ヴォイド ガントレット,ja
Guantelete enjoyado,ジュエル ガントレット,ja
Guantes de Combate,スパーリング グローブ,ja
Guantes de Ladrón,盗賊のグローブ,ja
Guantes de combate,スパーリング グローブ,ja
Guantes de la Suerte,ラッキーグローブ,ja
Guantes de la suerte,ラッキーグローブ,ja
Guantes de ladrón,盗賊のグローブ,ja
Guanti del ladro,盗賊のグローブ,ja
Guanti fortunati,ラッキーグローブ,ja
Guanto del Vuoto,ヴォイド ガントレット,ja
Guanto ingioiellato,ジュエル ガントレット,ja
Guantoni,スパーリング グローブ,ja
Guardabrazo del Buscador,シーカー アームガード,ja
Guardia de la Corona,クラウンガード,ja
Guardianes Gemelos,ツインガーディアン,ja
Guardianes gemelos,ツインガーディアン,ja
Guardiani gemelli,ツインガーディアン,ja
Guardiões Gêmeos,ツインガーディアン,ja
Guarida del Barón,バロンの巣,ja
Guinsoo dühpengéje,グインソー レイジブレード,ja
Guinsoo'nun Hiddeti,グインソー レイジブレード,ja
Guinsoo's Rageblade,グインソー レイジブレード,ja
Guinsoos Wutklinge,グインソー レイジブレード,ja
Guinsoova zuřivá čepel,グインソー レイジブレード,ja
Gume do Infinito,インフィニティ エッジ,ja
Gun Goddess,銃装機神,ja
Gustări dulci,甘いおやつ,ja
Gwałtowny Wzrost,爆発的成長,ja
Gwen,グウェン,ja
Gwiezdna Kombinacja,ステラコンボ,ja
Gyakorlófigura,ダミー,ja
Gyanús ballonkabát,怪しげなトレンチコート,ja
Gyors kettős gyilkosság,高速ダブルキル,ja
Gyorstüzelő ágyú,ラピッド ファイアキャノン,ja
Gyári új,ファクトリー ニュー,ja
Gyógyító gömbök I.,ヒーリングオーブ,ja
Gói Bảo Hộ,仕送り,ja
Gói Tăng Cường,ブースターパック,ja
Gói Đăng Ký Hạng Sang,豪華なサブスク,ja
Gólem,ゴーレム,ja
Gökten Yağan Altın,金のモンスーン,ja
Gölge Kukla,影の操り人形,ja
Gömülü Hazineler,埋もれた宝物,ja
Göttlicher Duellant,聖なる決闘者,ja
Gözyaşları Sel,好きなだけ泣くがいい,ja
Gözü Yükseklerde,思惑買い,ja
Gümüşgöl Şafağı,シルバーミアの夜明け,ja
Günateşi Pelerini,サンファイア ケープ,ja
Günateşi Tahtası,サンファイア ボード,ja
Gürtel des Riesen,ジャイアント ベルト,ja
Gürtel im Überfluss,ベルト オーバーフロー,ja
Gürzün Dileği,メイスの決意,ja
Güç Kadehi,力の聖杯,ja
Güçle İşlenmiş,力に鍛えられしもの,ja
Güçlü Ama Kırılgan,グラスキャノン,ja
Güçlü Arkadaşlık,友を鍛える,ja
Güçlü Şapkalar,もっと怖いキャップ,ja
Găng Bảo Thạch,ジュエル ガントレット,ja
Găng Hư Không,ヴォイド ガントレット,ja
Găng Đạo Tặc,盗賊のグローブ,ja
Găng Đấu Sĩ,ミトン,ja
Găng Đấu Tập,スパーリング グローブ,ja
Găsește-ți centrul de putere,ここがセンター,ja
Gươm Biến Ảnh,スペクトラル カトラス,ja
Gậy Quá Khổ,ムダニ デカイ ロッド,ja
Hacha de Fuego Infernal,獄炎のハチェット,ja
Hacha infernal,獄炎のハチェット,ja
Hachette infernale,獄炎のハチェット,ja
Haciendo Amistades,友を鍛える,ja
Hadiösvény,出陣,ja
Hadúri dicsőség,ウォーロードの名誉,ja
Hai il mio arco,弓の誓い,ja
Hai odată,ジャストヒット,ja
Hajnalmag,ドーンコア,ja
Halbleiter,半導体,ja
Halla tu Centro,ここがセンター,ja
Halszálka,フィッシュボーン,ja
Halálosabb pengék,デッドリアー ブレード,ja
Halálosabb süvegek,もっと怖いキャップ,ja
Halálpenge,デスブレード,ja
Hand Of Justice,ハンド オブ ジャスティス,ja
Hand der Gerechtigkeit,ハンド オブ ジャスティス,ja
Handelssektor,トレードセクター,ja
Handschuhe des Diebs,盗賊のグローブ,ja
Hang Ổ Baron,バロンの巣,ja
Hanger fantomatic,スペクトラル カトラス,ja
Hard Commit,全身全霊,ja
Hatalmas sorsolás,エピックなロールダウン,ja
Hatalmas és erős,ジャイアント&マイティ,ja
Határtalan penge,インフィニティ エッジ,ja
Haute tension,高電圧,ja
Hayat Deneyimi,研究熱心,ja
Hayattan Bir Kesit,普通の日々,ja
Hazine Avı,宝探し,ja
Haşmetli Hydra,タイタン ハイドラ,ja
Haşmetli Macera,崇高の冒険,ja
Healing Orbs,ヒーリングオーブ,ja
Heart of Steel,鋼の心,ja
Heavy Is the Crown,王冠とは重きもの,ja
Hecho a medida,限定カスタマイズ,ja
Hedef Kuklası,ダミー,ja
Hedefe Kilitlenen Optik,ターゲットロック スコープ,ja
Hedge Fund,ヘッジファンド,ja
Heilende Echos,癒しのこだま,ja
Heilende Kugeln,ヒーリングオーブ,ja
Heldenhafte Wundertüte,英雄のラッキーバッグ,ja
Hellfire Hatchet,獄炎のハチェット,ja
Hemos venido a jugar,命懸けの戦い,ja
Heraldo de Zeke,ジークの使者,ja
Heraldo de las Tinieblas de Zeke,冷酷なるジークの使者,ja
Heraldo desolador de Zeke,冷酷なるジークの使者,ja
Herausforderer,チャレンジャー,ja
Herausforderer-Emblem,チャレンジャーの紋章,ja
Herausforderer-Modus,チャレンジャーモード,ja
Herb Dynastii Promiennej Tarczy,ライトシールドのクレスト,ja
Herkesin Katili,無差別殺人者,ja
Heroic Grab Bag,英雄のラッキーバッグ,ja
Heroiczna Torba z Różnościami,英雄のラッキーバッグ,ja
Herold Zeke'a,ジークの使者,ja
Herz aus Stahl,鋼の心,ja
Heul doch …,好きなだけ泣くがいい,ja
Hex Dorado de Yasuo,ヤスオのゴールドのマス,ja
Hexagone doré de Yasuo,ヤスオのゴールドのマス,ja
Hexagonul auriu al lui Yasuo,ヤスオのゴールドのマス,ja
Hextech Gunblade,ヘクステック ガンブレード,ja
Hextech Silahkılıç,ヘクステック ガンブレード,ja
Hextech lőpenge,ヘクステック ガンブレード,ja
Hextech-Gunblade,ヘクステック ガンブレード,ja
Hexágono dorado de Yasuo,ヤスオのゴールドのマス,ja
Hidra Titánica,タイタン ハイドラ,ja
Hidra Titânica,タイタン ハイドラ,ja
Hidra titanilor,タイタン ハイドラ,ja
Hidra titánica,タイタン ハイドラ,ja
Higany,クイックシルバー,ja
High Voltage,高電圧,ja
Hilfspaket,仕送り,ja
Hirte,導き手,ja
Hirte-Emblem,導き手の紋章,ja
Historia Powrotu do Chwały,逆転劇,ja
Hivatásos bokszoló,プロボクサー,ja
Hiçlik Değneği,ヴォイド スタッフ,ja
Hiçlik Eldiveni,ヴォイド ガントレット,ja
Hiện Thân Phản Chiếu,鏡像のペルソナ,ja
Hiện Thân Phản Chiếu Cỡ Nhỏ,劣化版鏡像のペルソナ,ja
Hochspannung,高電圧,ja
Hoja de furia de Guinsoo,グインソー レイジブレード,ja
Hoja maldita,呪いの刃,ja
Hojas más letales,デッドリアー ブレード,ja
Hold the Line,前線維持,ja
Holofote Compartilhado do Yasuo,ヤスオのスポットライトをシェア,ja
Honneur du Maître de guerre,ウォーロードの名誉,ja
Honor Watażki,ウォーロードの名誉,ja
Honor de señor de la guerra,ウォーロードの名誉,ja
Honor del Caudillo,ウォーロードの名誉,ja
Honra do Mestre da Guerra,ウォーロードの名誉,ja
Hordozható kohó,ポータブル フォージ,ja
Horizon Focus,ホライゾン フォーカス,ja
Horizont,ホライゾン フォーカス,ja
Horizontfokus,ホライゾン フォーカス,ja
Hortlak Palası,スペクトラル カトラス,ja
Hosszú távú befektetés,思惑買い,ja
Hrdinská dárková taška,英雄のラッキーバッグ,ja
Hurdacının Lütfu,スクラッパーの恩恵,ja
Hurto,窃盗,ja
Hustler,ハスラー,ja
Huy Hiệu Lightshield,ライトシールドのクレスト,ja
Huyết Giá,血の価値,ja
Huyết Kiếm,ブラッドサースター,ja
Huyết Trượng Tha Hóa,穢れたヴァンパイア セプター,ja
Huyết Tế,血の供物,ja
Huấn Luyện Cận Vệ,ボディーガードの訓練,ja
Hvězdná obnova,絶好調,ja
Hvězdné kombo,ステラコンボ,ja
Hvězdopravec,星の観測者,ja
Hydre titanesque,タイタン ハイドラ,ja
Hàng Chờ Pandora,パンドラのベンチ,ja
Hàng Chờ Đấu Đôi,デュオキュー,ja
Hành Tinh,スペースグルーヴ,ja
Hào Quang Của Ahri,アーリのオーラ,ja
Hào Quang Nhân Vật Chính,主人公補正,ja
Hármak légiója,3の軍団,ja
Hármas kombó I.,トライフェクタ,ja
Hátsó vonal tervrajza,後衛の設計図,ja
Hâkim,アービター,ja
Hâkim Amblemi,アービターの紋章,ja
Hình Nhân,ダミー,ja
Hình Nhân Hóa,ダミー化,ja
Hình Nộm Va Chạm,衝突試験用ダミー,ja
Hút Sinh Lực,吸血の胆力,ja
Hücum Gürzü,ストライカー フレイル,ja
Hükümdarın Seçimi,神の祝福,ja
Hırsız Eldiveni,盗賊のグローブ,ja
Hırsız Çetesi,盗賊団,ja
Hırsız Çetesi II,盗賊団 II,ja
Hızlı Başlangıç,キックスタート,ja
Hızlı Yükseliş,勝ち抜け,ja
Hızlı İkide İki,高速ダブルキル,ja
Hősies zsákbamacska,英雄のラッキーバッグ,ja
Hůl Prázdnoty,ヴォイド スタッフ,ja
Hướng Đến Hồi Kết,レイトゲーム スペシャリスト,ja
Hưởng Ké Hào Quang Yasuo,ヤスオのスポットライトをシェア,ja
Hạ Đo Ván,叩きつけ,ja
Hắc Tinh,ダークスター,ja
Hố Đen Tí Hon,ミニブラックホール,ja
Hủy Diệt,根絶者,ja
Ia arcul meu,弓の誓い,ja
Idol interzis,フォビドゥン アイドル,ja
Idole interdite,フォビドゥン アイドル,ja
Idolo proibito,フォビドゥン アイドル,ja
Idra titanica,タイタン ハイドラ,ja
Időtörő,タイムブレーカー,ja
Időtörő embléma,タイムブレーカーの紋章,ja
Ikerőrzők,ツインガーディアン,ja
Il Drago dorato,黄金の龍,ja
Il massimo con il minimo,ミニマックス,ja
Il potente Mech,マイティーロボ,ja
Illaoi,イラオイ,ja
Iluminare parțială,不完全アセンション,ja
Immer höher hinauf,はしごを登れ,ja
Impermeabile sospetto,怪しげなトレンチコート,ja
Impianti cibernetici,サイバネティック インプラント,ja
Impianto empatico,共感インプラント,ja
Implant Współczulny,共感インプラント,ja
Implant cybernétique,共感インプラント,ja
Implant empatic,共感インプラント,ja
Implante Simpático,共感インプラント,ja
Implante Solidário,共感インプラント,ja
Implante simpático,共感インプラント,ja
Implantes Cibernéticos,サイバネティック インプラント,ja
Implantes cibernéticos,サイバネティック インプラント,ja
Implants cybernétiques,サイバネティック インプラント,ja
Implanturi cibernetice,サイバネティック インプラント,ja
Implanty Cybernetyczne,サイバネティック インプラント,ja
Impossível Recusar,ジャストヒット,ja
Improvisierte Rüstung,即席アーマー,ja
Improwizowana Zbroja,即席アーマー,ja
Impuesto Cognitivo,コグニティブ タックス,ja
Impuesto cognitivo,コグニティブ タックス,ja
In quattro e quattr'otto,最強の四配者,ja
Inactividad,AFK,ja
Inadaptados,不適合者,ja
Inadaptați,不適合者,ja
Inaktivitás,AFK,ja
Incantație continuă,連続魔法,ja
Indiscriminate Killer,無差別殺人者,ja
Indomable,不屈,ja
Indomável,不屈,ja
Infinity Edge,インフィニティ エッジ,ja
Infinity Protection,インフィニティの守護,ja
Inicio Veloz,キックスタート,ja
Inimă de oțel,鋼の心,ja
Initiateur,ヴァンガード,ja
Innervating Locket,心身統御のペンダント,ja
Instinct d'Evelynn,イブリンの直感,ja
Instinctul lui Evelynn,イブリンの直感,ja
Instinto de Evelynn,イブリンの直感,ja
Instynkt Evelynn,イブリンの直感,ja
Insígnia do Lumescudo,ライトシールドのクレスト,ja
Intermediar,コンジット,ja
Invadatorul Zed,侵略者ゼド,ja
Invader Zed,侵略者ゼド,ja
Invasión de Zed,侵略者ゼド,ja
Invasor Zed,侵略者ゼド,ja
Inversión,投資完了,ja
Invested,投資完了,ja
Investice,投資完了,ja
Investiert,投資完了,ja
Investimento,投資完了,ja
Investissement,投資完了,ja
Investissement sur le futur,先見性,ja
Investitura,投資完了,ja
Investiční fond,ヘッジファンド,ja
Investiție,投資完了,ja
Inwestycja,思惑買い,ja
Início Rápido,キックスタート,ja
Ionic Spark,アイオニック スパーク,ja
Ionischer Funke,アイオニック スパーク,ja
Ionos szikra,アイオニック スパーク,ja
Iontová jiskra,アイオニック スパーク,ja
Iron Assets,カナとカネ,ja
Isteni párbajhős,聖なる決闘者,ja
Istennő könnycseppje,女神の涙,ja
Istenáldotta,神の祝福,ja
Istinto di Evelynn,イブリンの直感,ja
Item Grab Bag,アイテム福袋,ja
Itens de Pandora,パンドラのアイテム,ja
Iubire nezdruncinată,揺るがぬ心,ja
Işıltılı Serseri,輝く悪党,ja
JEDU SI TO SVOJE,偵察なし、変更なし,ja
Ja Gram Solo,俺だけレベルアップ,ja
Jaf,窃盗,ja
Jaful componentelor,素材アイテムヘイスト,ja
Jakim Kosztem,代償,ja
Jax,ジャックス,ja
Jaximus,星を目指して,ja
"Jeden buff, dva buffy",バフが1つ、バフが2つ,ja
"Jedna, dva, tři",一 二 三,ja
Jeu de patience,忍耐の美徳,ja
Jeweled Gauntlet,ジュエル ガントレット,ja
Jeweled Lotus,ジュエル ロータス,ja
Jhin,ジン,ja
Jinx,ジンクス,ja
Jogada Levemente Mágica,ちょっとだけ魔法のダイス,ja
Jogada Mágica,魔法のダイス,ja
Jogada de Urf,アーフの策略,ja
Joia da Ruína,枯死の宝石,ja
Jonowa Iskra,アイオニック スパーク,ja
Jour de relance,ローリングデイズ,ja
Joya Maldita,枯死の宝石,ja
Joya de la plaga,枯死の宝石,ja
Joyau putréfiant,枯死の宝石,ja
Jugadas arriesgadas,命懸けの戦い,ja
Juge stellaire,アービター,ja
Juguito de Gorrito,帽子ジュース,ja
Juramento del Protector,プロテクターの誓い,ja
Juramento do Cavaleiro,騎士の誓い,ja
Juramento do Protetor,プロテクターの誓い,ja
Jurământul protectorului,プロテクターの誓い,ja
Jus chapi-chapo,帽子ジュース,ja
Just Hit,ジャストヒット,ja
Justice critique,報復,ja
Juwelenbesetzter Handschuh,ジュエル ガントレット,ja
Juwelenbesetzter Lotus,ジュエル ロータス,ja
Jádro obchodu,コマース コア,ja
Jádro úsvitu,ドーンコア,ja
Jó sorozat,絶好調,ja
Jóbarát rendelésre,仲間を作ろう,ja
Jós,神託,ja
Jótékony visszhang,癒しのこだま,ja
K. N. kard,B.F.ソード,ja
K. V. meč,B.F.ソード,ja
K.W. Miecz,B.F.ソード,ja
"KEIN UMSEHEN, KEIN WECHSELN",偵察なし、変更なし,ja
Kaderbaz,フェイトウィーバー,ja
Kahraman Çekilişi,英雄のラッキーバッグ,ja
Kahuna,カフナフナ,ja
Kahunahuna,カフナフナ,ja
Kai'Sa,カイ＝サ,ja
Kamekameha,カフナフナ,ja
Kamienna Płyta Gargulca,ガーゴイル ストーンプレート,ja
Kamizelka Cierniowa,ブランブル ベスト,ja
Kamizelka Kolcza,チェイン ベスト,ja
Kampfhandschuhe,スパーリング グローブ,ja
Kan Adağı,血の供物,ja
Kan Bedeli,血の価値,ja
Kanalisierer,コンジット,ja
Kanalisierermodus,コンジットモード,ja
Kanasusamış,ブラッドサースター,ja
Kanciarz,ハスラー,ja
Kanoucí slzy,流れる涙,ja
Kapelusze Zabójcze jak Nigdy,もっと怖いキャップ,ja
Karanlık Leydi,闇の女帝,ja
Kararlı Yürek,揺るがぬ心,ja
Karayel,ゼファー,ja
Kardkovács,剣鍛冶,ja
Kardszállítmány,ソード オーバーフロー,ja
Karma,カルマ,ja
Kayle felmagasztosulása,ケイルの天昇,ja
Kayle ragyogó felmagasztosulása,ケイルの暁光の天昇,ja
Kayle áldása,ケイルの恩恵,ja
Kayle's Boon,ケイルの恩恵,ja
Kayle's Exaltation,ケイルの天昇,ja
Kayle's Radiant Exaltation,ケイルの暁光の天昇,ja
Kayle'ın Işıltılı Yüceliği,ケイルの暁光の天昇,ja
Kayle'ın Lütfu,ケイルの恩恵,ja
Kayle'ın Yüceliği,ケイルの天昇,ja
Kayles Hochgefühl,ケイルの天昇,ja
Kayles Segen,ケイルの恩恵,ja
Kayles strahlendes Hochgefühl,ケイルの暁光の天昇,ja
Kaylin dar,ケイルの恩恵,ja
Kaylino povznesení,ケイルの天昇,ja
Kaylino zářivé povznesení,ケイルの暁光の天昇,ja
Kaz Gelecek Yerden...,命懸けの戦い,ja
Kedi Olalı Bir Fare,有効活用,ja
Kedvez a szerencse,ツイてる気分,ja
Kefaret Ruhu,リデンプションの魂,ja
Kelch der Macht,力の聖杯,ja
Kemer Fazlalığı,ベルト オーバーフロー,ja
Kereskedelmi központ,コマース コア,ja
Keresők karvértje,シーカー アームガード,ja
Keskin Nişancı,スナイパー,ja
Keskin Nişancı Amblemi,スナイパーの紋章,ja
Kettenweste,チェイン ベスト,ja
Keşif Gezisi,エクスペディション,ja
Khiên Hoàng Hôn,夕闇の加護,ja
Khiên Hừng Đông,夜明けの加護,ja
Khiên Đơn Đấu,一人前プレート,ja
Kho Báu Chôn Giấu,埋もれた宝物,ja
Kho Báu Sắt,カナとカネ,ja
Khu Giao Dịch,トレードセクター,ja
Khuyến Mãi Kinh Nghiệm,レベルアップ！,ja
Khéo Tay Hay Làm,巧みなクラフト,ja
Khảm Bảo Thạch,ジュエル ロータス,ja
Khế Ước Vĩnh Hằng,不滅の協定,ja
Khổng Lồ Hóa,小さな巨人,ja
Khổng Lồ Tí Hon,もっと小さな巨人,ja
Khởi Động Nhanh,キックスタート,ja
Kibernetikus fellövő,サイバネティック アップリンク,ja
Kibernetikus implantátumok,サイバネティック インプラント,ja
Kick Start,キックスタート,ja
Kickstart,キックスタート,ja
"Kicsi, de halálos",小さくても強烈,ja
Kihívó,チャレンジャー,ja
Kihívó embléma,チャレンジャーの紋章,ja
Kihívó mód,チャレンジャーモード,ja
Kiirtó,根絶者,ja
Kim Long,黄金の龍,ja
Kimaxolt összeállítás,マックスビルド,ja
Kincsvadászat,宝探し,ja
Kindred,キンドレッド,ja
Kiralık Katil,プロの殺し屋,ja
Kis zsákbamacska,小さな福袋,ja
Kiên Nhẫn Của Ekko,エコーの忍耐,ja
Kiên Nhẫn Học Tập,研究熱心,ja
Kiên Nhẫn Là Một Đức Tính,忍耐の美徳,ja
Kişiselleştirme Fırsatı,限定カスタマイズ,ja
Kiếm B.F.,B.F.ソード,ja
Kiếm Cong,呪いの刃,ja
Kiếm Súng Hextech,ヘクステック ガンブレード,ja
Kiếm Tai Ương,リッチ ベイン,ja
Kiếm Thuật Của Yasuo,ヤスオのブレードワーク,ja
Kiếm Tử Thần,デッドリアー ブレード,ja
Kiếm Tử Thần,デスブレード,ja
Klarer Geist,明鏡止水,ja
Klaue des Meuchlers,プローラー クロウ,ja
Kleine Freunde,小さな仲間たち,ja
Kleine Wundertüte,小さな福袋,ja
Kleine gespiegelte Persona,劣化版鏡像のペルソナ,ja
Kleines schwarzes Loch,ミニブラックホール,ja
Klejnot Rozpadu,枯死の宝石,ja
Klenot nákazy,枯死の宝石,ja
Klinge der Unendlichkeit,インフィニティ エッジ,ja
Klinge des Todes,デスブレード,ja
Klonprogramm,複製,ja
Kluftkrabbler,リフトスカトル,ja
Knallhart,主人公補正,ja
Knight's Vow,騎士の誓い,ja
Kniha vlastností,特性の書,ja
Kognitive Steuer,コグニティブ タックス,ja
Kognitive Überladung,コグニティブ オーバーロード,ja
Kognitivní přetížení,コグニティブ オーバーロード,ja
Kognitivní zátěž,コグニティブ タックス,ja
Kognitív teher,コグニティブ タックス,ja
Kognitív túlterhelés,コグニティブ オーバーロード,ja
Kolejka Duo,デュオキュー,ja
Koleżcy,小さな仲間たち,ja
Kolosalna Hydra,タイタン ハイドラ,ja
Kommandant,コマンダー,ja
Kommerzkern,コマース コア,ja
Komponentenraub,素材アイテムヘイスト,ja
Komutan,コマンダー,ja
Koniec Rozumu,ウィッツ エンド,ja
Konserwator Biomaterii,バイオ物質保存装置,ja
Konto Oszczędnościowe,普通預金口座,ja
Konzervátor biomateriálu,バイオ物質保存装置,ja
Kopyalama Süreci,複製,ja
Korai tanulságok,早期教育,ja
Korbacz Napastnika,ストライカー フレイル,ja
Korona Taktyka,タクティシャンの王冠,ja
Korona Zawsze Będzie Ciążyć,王冠とは重きもの,ja
Koronaőr,クラウンガード,ja
Koroze,腐食,ja
Korozja,腐食,ja
Korozyon,腐食,ja
Korrosion,腐食,ja
Korrózió,腐食,ja
Korszak,エポック,ja
Koruma Eğitimi,ボディーガードの訓練,ja
Korunní stráž,クラウンガード,ja
Koruyucunun Müttefiki,庇護者のお供,ja
Kosa Statikka,スタティック シヴ,ja
Kosmický restart,宇宙の再起,ja
Kosmiczny Restart,宇宙の再起,ja
Kosmischer Neubeginn,宇宙の再起,ja
Kosmofaza,スペースグルーヴ,ja
Kostur Archanioła,アークエンジェル スタッフ,ja
Kostur Pustki,ヴォイド スタッフ,ja
Kostur Serafina,セラフィムの杖,ja
Kosturnik,杖鍛冶,ja
Kouzelný hod,魔法のダイス,ja
Kovácsolj barátot,友を鍛える,ja
Kozmik Başlangıç,宇宙の再起,ja
Kozmikus újraindítás,宇宙の再起,ja
Kraken'in Öfkesi,クラーケンの怒り,ja
Kraken's Fury,クラーケンの怒り,ja
Krakenův hněv,クラーケンの怒り,ja
Kraliyet Başlığı,クラウンガード,ja
Krev za krev,血の価値,ja
Kriegsbeil des Höllenfeuers,獄炎のハチェット,ja
Kriegspfad,出陣,ja
Kritický úspěch,クリティカル サクセス,ja
Kritik Başarı,クリティカル サクセス,ja
Kritikus siker,クリティカル サクセス,ja
Kritischer Erfolg,クリティカル サクセス,ja
Krmení plamenů,炎を強めて,ja
Krone des Taktikers,タクティシャンの王冠,ja
Kronwacht,クラウンガード,ja
Kroužková vesta,チェイン ベスト,ja
Krvavá oběť,血の供物,ja
Krvežíznivec,ブラッドサースター,ja
Krwiopijec,ブラッドサースター,ja
Krytyczny Sukces,クリティカル サクセス,ja
Księga Cech,特性の書,ja
Kuchnia Taktyka,タクティシャンの台所,ja
Kukiełka Cienia,影の操り人形,ja
Kukla Yağmuru!,衝突試験用ダミー,ja
Kuklaya Dönüştür,ダミー化,ja
Kukła Treningowa,ダミー,ja
Kukły do Testów Wypadkowych,衝突試験用ダミー,ja
Kule,ザ・タワー,ja
Kusursuzluk Arayışı,ミニマックス,ja
Kutilův dar,スクラッパーの恩恵,ja
Kybernetická linka,サイバネティック アップリンク,ja
Kybernetické implantáty,サイバネティック インプラント,ja
Kybernetische Implantate,サイバネティック インプラント,ja
Kybernetische Verbindung,サイバネティック アップリンク,ja
Kártyacsomag,ブースターパック,ja
Kâhin,神託,ja
Kék erősítés,ブルーバフ,ja
Kích Cỡ Là Quan Trọng,サイズが大事,ja
Kính Khóa Mục Tiêu,ターゲットロック スコープ,ja
Kính Nhắm Ma Pháp,ホライゾン フォーカス,ja
Könnyek patakja,好きなだけ泣くがいい,ja
Könyörtelen költség,邪悪な収益化,ja
Kötü Niyetli Kazanç,邪悪な収益化,ja
Kötü Yazılım Matrisi,マルウェア マトリックス,ja
Közös gyakorlás,ダミー化,ja
Küldetés újrakezdése,ミッションの再開,ja
Küçük Benlik Aynası,劣化版鏡像のペルソナ,ja
Kılavuz,導き手,ja
Kılavuz Amblemi,導き手の紋章,ja
Kılçık,フィッシュボーン,ja
Kılıç Fazlalığı,ソード オーバーフロー,ja
Kılıç İşçisi,剣鍛冶,ja
Kırmızı Güçlendirme,レッドバフ,ja
Kısmen Büyülü Zar,ちょっとだけ魔法のダイス,ja
Kısmi Yükseliş,不完全アセンション,ja
Kıymetli Metaller,カナとカネ,ja
Kızartma Tavası,フライパン,ja
Kẻ Sống Sót,サバイバー,ja
Kết Nối Drone,ドローン アップリンク,ja
Kết Nối Gián Đoạn,ミスコネクション,ja
Kề Vai Sát Cánh,いつでも一緒,ja
Kỳ Vọng Bất Ngờ,想定内の意外性,ja
Kỷ Nguyên,エポック,ja
L'Albero dei tratti,特性の木,ja
L'amour du risque,命懸けの戦い,ja
L'atteso inaspettato,想定内の意外性,ja
L'indomabile,不屈,ja
L'indomptable,不屈,ja
L'onore del Signore della guerra,ウォーロードの名誉,ja
L'uovo dorato,金のタマゴ,ja
La Bramasangue,ブラッドサースター,ja
La Paciencia es una Virtud,忍耐の美徳,ja
La Sanguinaria,ブラッドサースター,ja
La Torre,ザ・タワー,ja
La Tour,ザ・タワー,ja
La cumpărături,買い物三昧,ja
La espera merece la pena,待つ価値あり,ja
La fortuna te sonríe,ツイてる気分,ja
La legge della mazza,メイスの決意,ja
La paciencia es una virtud,忍耐の美徳,ja
La pazienza è una virtù,忍耐の美徳,ja
La torre,ザ・タワー,ja
La trama lo protege,主人公補正,ja
La unión hace la fuerza,一致団結,ja
Lacrima della dea,女神の涙,ja
Lacrima zeiței,女神の涙,ja
Lacrimi curgătoare,流れる涙,ja
Ladino,ローグ,ja
Ladungstransfer,チャージトランスファー,ja
Lama maledetta,呪いの刃,ja
Lama mortale,デスブレード,ja
Lame d'infini,インフィニティ エッジ,ja
Lame enragée de Guinsoo,グインソー レイジブレード,ja
Lame funeste,デスブレード,ja
Lame maudite,呪いの刃,ja
Lame più letali,デッドリアー ブレード,ja
Lame rotanti,フリッカーブレード,ja
Lames tueuses,デッドリアー ブレード,ja
Lance de Shojin,ショウジンの矛,ja
Lancea lui Shojin,ショウジンの矛,ja
Lancer de dés,想定内の意外性,ja
Lancia di Shojin,ショウジンの矛,ja
Lanetli Kılıç,呪いの刃,ja
Lanetli Taç,カースドのクラウン,ja
Lanterna di Thresh,スレッシュのランタン,ja
Lanterna do Thresh,スレッシュのランタン,ja
Lanterne de Thresh,スレッシュのランタン,ja
Lanza de Shojin,ショウジンの矛,ja
Lança de Shojin,ショウジンの矛,ja
Largo plazo,思惑買い,ja
Larme de la déesse,女神の涙,ja
Larmes à gogo,流れる涙,ja
Last Whisper,ラスト ウィスパー,ja
Lastrapietra del gargoyle,ガーゴイル ストーンプレート,ja
Latarnia Thresha,スレッシュのランタン,ja
Late Game Scaling,レイトゲーム スケーリング,ja
Late Game Specialist,レイトゲーム スペシャリスト,ja
Latent Forge,未来の鍛冶場,ja
Latente Schmiede,未来の鍛冶場,ja
Le Méga-mecha,マイティーロボ,ja
Le dimensioni contano,サイズが大事,ja
Le prix du sang,昼食代,ja
LeBlanc,ルブラン,ja
Lebende Schmiede,歩く鍛冶場,ja
Lecciones de Boxeo,ボクシングのレッスン,ja
Lecsapó buzogány,ストライカー フレイル,ja
Leczące Echo,癒しのこだま,ja
Leczące Kule,ヒーリングオーブ,ja
Lecții de box,ボクシングのレッスン,ja
Leerenhandschuh,ヴォイド ガントレット,ja
Leerenstab,ヴォイド スタッフ,ja
Legie tří,3の軍団,ja
Legion Trójek,3の軍団,ja
Legion of Threes,3の軍団,ja
Legione dei tre,3の軍団,ja
Legiunea de trei,3の軍団,ja
Legião de Três,3の軍団,ja
Legión de Tres,3の軍団,ja
Legión del tres,3の軍団,ja
Legjobb barátok,ベストフレンド,ja
Legământul cavalerului,騎士の誓い,ja
Legături ratate,ミスコネクション,ja
Leibwache-Training,ボディーガードの訓練,ja
Lekce v boxu,ボクシングのレッスン,ja
Lekko Magiczny Rzut,ちょっとだけ魔法のダイス,ja
Lekésett csatlakozás,ミスコネクション,ja
Lelkek ébredése,ソウルの目覚め,ja
Lendületes kezdés,キックスタート,ja
Lenyúlás,窃盗,ja
Leo Hạng,はしごを登れ,ja
Leona,レオナ,ja
Lesser Mirrored Persona,劣化版鏡像のペルソナ,ja
Letzter Atemzug,ラスト ウィスパー,ja
Level Up!,レベルアップ！,ja
Leveleando en solitario,俺だけレベルアップ,ja
Lezioni di pugilato,ボクシングのレッスン,ja
Leçons de combat,早期教育,ja
Leże Barona,バロンの巣,ja
Liaison cybernétique,サイバネティック アップリンク,ja
Liaison de drone,ドローン アップリンク,ja
Lich Bane,リッチ ベイン,ja
Lich Boğan,リッチ ベイン,ja
Lichtschild-Wappen,ライトシールドのクレスト,ja
Lightshield Arması,ライトシールドのクレスト,ja
Lightshield Crest,ライトシールドのクレスト,ja
Ligne de front,ボクシングのレッスン,ja
Limiar da Noite,ナイト エッジ,ja
Limite da Razão,ウィッツ エンド,ja
Linceul d'apaisement,沈黙の帳,ja
Linceul de la congruence,イーブンシュラウド,ja
Lineup,ラインナップ,ja
Linh Hoạt,柔軟性,ja
Linh Hồn Chuộc Tội,リデンプションの魂,ja
Linh Thú Vào Bếp,タクティシャンの台所,ja
Linie de înaltă tensiune,高電圧,ja
Linterna de Thresh,スレッシュのランタン,ja
Liquidación,ファイアセール,ja
Lissandra,リサンドラ,ja
Listă duo,デュオキュー,ja
Lithoplastron de gargouille,ガーゴイル ストーンプレート,ja
Lithoplastron solo,一人前プレート,ja
Litinová pánev,フライパン,ja
Little Buddies,小さな仲間たち,ja
Living Forge,歩く鍛冶場,ja
Liên Hoàn Tinh Tú,ステラコンボ,ja
Llamada al caos,混沌への呼び声,ja
Llamado al Caos,混沌への呼び声,ja
Llora Todo lo que Quieras,好きなだけ泣くがいい,ja
Locket of the Iron Solari,ソラリのロケット,ja
Longo Prazo,思惑買い,ja
Loto Adornado,ジュエル ロータス,ja
Loto enjoyado,ジュエル ロータス,ja
Loto ingioiellato,ジュエル ロータス,ja
Lottatore professionista,プロボクサー,ja
Lotus cu nestemate,ジュエル ロータス,ja
Lotus précieux,ジュエル ロータス,ja
Loupež základních předmětů,素材アイテムヘイスト,ja
Lourde est la couronne,王冠とは重きもの,ja
Lov pokladů,宝探し,ja
Lovagi eskü,騎士の誓い,ja
Lovcův dráp,プローラー クロウ,ja
Luchador,ブローラー,ja
Lucidité,明鏡止水,ja
Lucky Gloves,ラッキーグローブ,ja
Luden vihara,ルーデン テンペスト,ja
Luden'in Çığlığı,ルーデン テンペスト,ja
Luden's Tempest,ルーデン テンペスト,ja
Ludenova bouře,ルーデン テンペスト,ja
Ludens Sturm,ルーデン テンペスト,ja
Luksusowa Subskrypcja,豪華なサブスク,ja
Lulu,ルル,ja
Lumina stelelor,星の観測者,ja
Lunch Money,昼食代,ja
Lunetist,スナイパー,ja
Lungimiranza,先見性,ja
Lustrzana Osobowość,鏡像のペルソナ,ja
Lutador,ブローラー,ja
Lutador Profissional,プロボクサー,ja
Luvas da Sorte,ラッキーグローブ,ja
Luvas do Ladrão,盗賊のグローブ,ja
Luvas do Pugilista,スパーリング グローブ,ja
Luvinhas,ミトン,ja
Luxury Subscription,豪華なサブスク,ja
Luxus előfizetés,豪華なサブスク,ja
Luxus-Abonnement,豪華なサブスク,ja
Luxusní předplatné,豪華なサブスク,ja
Lá Chắn Chiến Thuật,タクティシャンの盾,ja
Lábrate un camino,道を切り拓け,ja
Lágrima da Deusa,女神の涙,ja
Lágrima de la Diosa,女神の涙,ja
Lágrima de la diosa,女神の涙,ja
Lágrimas Abundantes,流れる涙,ja
Lángoló kohó,歩く鍛冶場,ja
Lâmina Amaldiçoada,呪いの刃,ja
Lâmina Mortal,デスブレード,ja
Lâmina da Fúria de Guinsoo,グインソー レイジブレード,ja
Lâminas Fatais,デッドリアー ブレード,ja
Légion des trois,3の軍団,ja
Lélek,アニマ,ja
Lélek embléma,アニマの紋章,ja
Lélekparancsnok,アニマ司令官,ja
Léčivá oka,ヒーリングオーブ,ja
Léčivé ozvěny,癒しのこだま,ja
Lò Rèn Thăng Hoa,神の鍛冶場,ja
Lò Rèn Thần Thoại,ポータブル フォージ,ja
Lò Rèn Tiềm Ẩn,未来の鍛冶場,ja
Lótus Adornada,ジュエル ロータス,ja
Lõi Bình Minh,ドーンコア,ja
Lüks Aboneliği,豪華なサブスク,ja
Lấy Công Bù Thủ,グラスキャノン,ja
Lập Đội,一致団結,ja
Lễ Vật Tái Chế,スクラッパーの恩恵,ja
Lệ Lưu Ly,流れる涙,ja
Lệch Chuẩn,不適合者,ja
Lồng Đèn Của Thresh,スレッシュのランタン,ja
Lời Thề Hiệp Sĩ,騎士の誓い,ja
Lời Thề Hộ Vệ,プロテクターの誓い,ja
Lựa Chọn Độc Quyền,限定カスタマイズ,ja
M.C. Spada,B.F.ソード,ja
Ma Thuật Đan Kết,紡がれし魔法,ja
Ma Trận Mã Độc,マルウェア マトリックス,ja
Mace's Will,メイスの決意,ja
Maceracının Pazubendi,シーカー アームガード,ja
Machadinha Infernal,獄炎のハチェット,ja
Maestro Yi,マスター・イー,ja
Magasfeszültség,高電圧,ja
Magasztos kaland,崇高の冒険,ja
Magia Tejida,紡がれし魔法,ja
Magia entretejida,紡がれし魔法,ja
Magiczny Rzut,魔法のダイス,ja
Magie întrepătrunsă,紡がれし魔法,ja
Magitechnická puškočepel,ヘクステック ガンブレード,ja
Mailles en or,黄金の龍,ja
Main de la justice,ハンド オブ ジャスティス,ja
Makeshift Armor,即席アーマー,ja
Mal Kurtarma,回収箱,ja
Malandro Radiante,輝く悪党,ja
Maldición del Liche,リッチ ベイン,ja
Mali Tytani,小さな巨人,ja
Malicious Monetization,邪悪な収益化,ja
Malware Matrix,マルウェア マトリックス,ja
Malware-Matrix,マルウェア マトリックス,ja
Malwarová matice,マルウェア マトリックス,ja
Malá dárková taška,小さな福袋,ja
Malí kámoši,小さな仲間たち,ja
Mana magique,紡がれし魔法,ja
Manechin de antrenament,ダミー,ja
Manechine animate,衝突試験用ダミー,ja
Manechinizare,ダミー化,ja
Mangual del Guerrero,ストライカー フレイル,ja
Mangual del guerrero,ストライカー フレイル,ja
Mangual do Guerreiro,ストライカー フレイル,ja
Mannequin d'entraînement,ダミー,ja
Mannequinification,ダミー化,ja
Mannequins de choc,衝突試験用ダミー,ja
Mano de la Justicia,ハンド オブ ジャスティス,ja
Mano de la justicia,ハンド オブ ジャスティス,ja
Mano della giustizia,ハンド オブ ジャスティス,ja
Manopla Adornada,ジュエル ガントレット,ja
Manopla do Vazio,ヴォイド ガントレット,ja
Manteau de Négatron,ネガトロン クローク,ja
Manteau de la nuit,ナイト エッジ,ja
Mantello del Sole,サンファイア ケープ,ja
Mantello dello stratega,タクティシャンのケープ,ja
Mantello di Negatron,ネガトロン クローク,ja
Mantenerse unidos,一致団結,ja
Mantenha a Posição,前線維持,ja
Manter a União,一致団結,ja
Mantia tacticianului,タクティシャンのケープ,ja
Mantie Negatron,ネガトロン クローク,ja
Mantie solară,サンファイア ケープ,ja
Manto da Imobilidade,沈黙の帳,ja
Manto de Quietud,沈黙の帳,ja
Manto del Ocaso,イーブンシュラウド,ja
Mantén la Posición,前線維持,ja
Maokai,マオカイ,ja
Maratona de Compras,買い物三昧,ja
Marauder,略奪者,ja
Marauder Emblem,略奪者の紋章,ja
Maraudeur,略奪者,ja
Marchando un doble,お得な2,ja
Mare și amenințătoare,ジャイアント&マイティ,ja
Marguereep,ミィプシー,ja
Marioneta Sombría,影の操り人形,ja
Marioneta en las sombras,影の操り人形,ja
"Marioneta, to jsem já",ダミー化,ja
Marionete das Sombras,影の操り人形,ja
Marodeur,略奪者,ja
Marodeur-Emblem,略奪者の紋章,ja
Martalóc,略奪者,ja
Martalóc embléma,略奪者の紋章,ja
Maruderzy,略奪者,ja
Master Yi,マスター・イー,ja
Masz Mój Łuk,弓の誓い,ja
Mata-Gigantes,ジャイアント スレイヤー,ja
Matador de Aluguel,プロの殺し屋,ja
Matrice,マルウェア マトリックス,ja
Matrice malware,マルウェア マトリックス,ja
Matriz de Malware,マルウェア マトリックス,ja
Matriz de malware,マルウェア マトリックス,ja
Matryca Wirusa,マルウェア マトリックス,ja
Mavi Güçlendirme,ブルーバフ,ja
Max Build,マックスビルド,ja
Maximale Ausrüstung,マックスビルド,ja
May the Fours Be With You,フォーが共にあらんことを,ja
Mazzafrusto dell'Assaltatore,ストライカー フレイル,ja
Maître Yi,マスター・イー,ja
Maîtrise de l'artisanat,巧みなクラフト,ja
Maîtrise de l'épée de Yasuo,ヤスオのブレードワーク,ja
Mała Torba z Różnościami,小さな福袋,ja
"Małe, Ale Zabójcze",小さくても強烈,ja
Mech,メカ,ja
Mecha,メカ,ja
Mechanický urychlovač,時計仕掛けの加速装置,ja
Mechanikus gyorsító,時計仕掛けの加速装置,ja
Mechy,メカ,ja
Medaglione dei Solari di ferro,ソラリのロケット,ja
Medaglione diramante,心身統御のペンダント,ja
Medailon stimulace,心身統御のペンダント,ja
Medailónek železných Solari,ソラリのロケット,ja
Medalhão Enervante,心身統御のペンダント,ja
Medalhão dos Solari de Ferro,ソラリのロケット,ja
Medalion stimulant,心身統御のペンダント,ja
Medallón de los Solari,ソラリのロケット,ja
Medallón estimulante,心身統御のペンダント,ja
Mediator,アービター,ja
Medyum,コンジット,ja
Medyum Modu,コンジットモード,ja
Meep Cực Tốc,ターミィプナル ヴェロシティー,ja
Meeple,ミィプル,ja
Meeple Emblem,ミィプルの紋章,ja
Meeple-Emblem,ミィプルの紋章,ja
Meeplo,ミィプル,ja
Meepsie,ミィプシー,ja
Megamecha,マイティーロボ,ja
Megamorfosis,混乱回復装置,ja
Megrontott vámpírjogar,穢れたヴァンパイア セプター,ja
Megszálló Zed,侵略者ゼド,ja
Megtorlás,報復,ja
Megváltó,救済者,ja
Megéri a várakozást,待つ価値あり,ja
Megújult erő,起死回生,ja
Meilleurs amis,ベストフレンド,ja
Mejora Roja,レッドバフ,ja
Mejora azul,ブルーバフ,ja
Mejora roja,レッドバフ,ja
Mejores Amigos,ベストフレンド,ja
Mejores amiguis,ベストフレンド,ja
Meka,メカ,ja
Mekanik Hızlandırıcı,時計仕掛けの加速装置,ja
Melek Asası,セラフィムの杖,ja
Melhores Amigos,ベストフレンド,ja
Mellékhatások,副作用,ja
Mending Echoes,癒しのこだま,ja
Mente Despejada,明鏡止水,ja
Mente Saturada,乱れる思考,ja
Mente Vazia,明鏡止水,ja
Mente confusa,乱れる思考,ja
Mente despejada,明鏡止水,ja
Mente lucida,明鏡止水,ja
Mente saturada,乱れる思考,ja
Menší Zrcadlová osobnost,劣化版鏡像のペルソナ,ja
Mercure,クイックシルバー,ja
Mercúrio,クイックシルバー,ja
Merită așteptarea,待つ価値あり,ja
Merkezini Bul,ここがセンター,ja
Merodeador,略奪者,ja
Merész húzás,命懸けの戦い,ja
Mesada,昼食代,ja
Messa in moto,キックスタート,ja
Mesterlövész,スナイパー,ja
Mesterlövész embléma,スナイパーの紋章,ja
Meu Arco é Seu,弓の誓い,ja
Meșter de săbii,剣鍛冶,ja
Meșter de toiege,杖鍛冶,ja
Mi arco a tu servicio,弓の誓い,ja
Mici titani,小さな巨人,ja
Mici și letale,小さくても強烈,ja
Micincik,ミィプシー,ja
Micingil,ミィプル,ja
Micingil Amblemi,ミィプルの紋章,ja
Miecz-Pistolet Hextech,ヘクステック ガンブレード,ja
Miecznik,剣鍛冶,ja
Mieczowy Przesyt,ソード オーバーフロー,ja
Miezul zorilor,ドーンコア,ja
Migliori amici,ベストフレンド,ja
Migoczące Ostrze,フリッカーブレード,ja
Milagre de Soraka,ソラカの奇跡,ja
Milagro de Soraka,ソラカの奇跡,ja
Milio,ミリオ,ja
Min-Max,ミニマックス,ja
Min-max,ミニマックス,ja
Mindent egyre,ジャストヒット,ja
Mini Black Hole,ミニブラックホール,ja
Mini Buco nero,ミニブラックホール,ja
Mini Czarna Dziura,ミニブラックホール,ja
Mini Kara Delik,ミニブラックホール,ja
Mini Titani,小さな巨人,ja
Mini fekete lyuk,ミニブラックホール,ja
Mini gaură neagră,ミニブラックホール,ja
Mini trou noir,ミニブラックホール,ja
Mini černá díra,ミニブラックホール,ja
Mini-Tacticien,もっと小さな巨人,ja
Miniagujero Negro,ミニブラックホール,ja
Miniburaco Negro,ミニブラックホール,ja
Minik Ama Ölümcül,小さくても強烈,ja
Minik Devler,小さな巨人,ja
Minik Dostlar,小さな仲間たち,ja
Minititanes,小さな巨人,ja
Minititã,もっと小さな巨人,ja
Minte aglomerată,乱れる思考,ja
Minte limpede,明鏡止水,ja
Mip,ミィプル,ja
Mipim,ミィプシー,ja
Miplík,ミィプル,ja
Mipo,ミィプル,ja
Mippino,ミィプシー,ja
Mipík,ミィプシー,ja
Mira Óptica,ターゲットロック スコープ,ja
Miracle de Soraka,ソラカの奇跡,ja
Miracolo di Soraka,ソラカの奇跡,ja
Miracolul Sorakăi,ソラカの奇跡,ja
Mirrored Persona,鏡像のペルソナ,ja
Misfits,不適合者,ja
Misiune în acțiune,ミッションの再開,ja
Miss Fortune,ミス・フォーチュン,ja
Missed Connections,ミスコネクション,ja
Mistr Yi,マスター・イー,ja
Mitones,ミトン,ja
Mittens,ミトン,ja
Mniejsza Lustrzana Osobowość,劣化版鏡像のペルソナ,ja
Mniejszy Tytan,もっと小さな巨人,ja
Mobilidade Crescente,上方移動,ja
Mobilità aumentata,上方移動,ja
Mocný mech,マイティーロボ,ja
Modalità Convogliatore,コンジットモード,ja
Modalità replicante,レプリケーターモード,ja
Modalità sfidante,チャレンジャーモード,ja
Mode Canalisateur,コンジットモード,ja
Mode Challenger,チャレンジャーモード,ja
Mode Réplicateur,レプリケーターモード,ja
Modo Canalizador,コンジットモード,ja
Modo Conduíte,コンジットモード,ja
Modo Desafiante,チャレンジャーモード,ja
Modo Replicador,レプリケーターモード,ja
Modo Retador,チャレンジャーモード,ja
Modo conducto,コンジットモード,ja
Modo contienda,チャレンジャーモード,ja
Modo réplica,レプリケーターモード,ja
Modrý buff,ブルーバフ,ja
Modul de competitor,チャレンジャーモード,ja
Modul de intermediar,コンジットモード,ja
Modul de replicator,レプリケーターモード,ja
Mon arc est vôtre,弓の誓い,ja
Monetización Maligna,邪悪な収益化,ja
Monetización malvada,邪悪な収益化,ja
Monetizare ostilă,邪悪な収益化,ja
Monetização Maliciosa,邪悪な収益化,ja
Monetizzazione infida,邪悪な収益化,ja
Money Hungry,金に飢えし者,ja
Money Monsoon,金のモンスーン,ja
Monsoni sonanti,金のモンスーン,ja
Monte um Amigo,仲間を作ろう,ja
Monzón Millonario,金のモンスーン,ja
Monzón de oro,金のモンスーン,ja
Monção Monetária,金のモンスーン,ja
Monétisation malveillante,邪悪な収益化,ja
Mordekaiser,モルデカイザー,ja
Morellonomicon,モレロノミコン,ja
Morellonomicón,モレロノミコン,ja
Morellonomikon,モレロノミコン,ja
Morgana,モルガナ,ja
Mortaja de la quietud,イーブンシュラウド,ja
Mosse rischiose,命懸けの戦い,ja
Moufles,ミトン,ja
Movimentos Arriscados,命懸けの戦い,ja
Mroczna Dama,闇の女帝,ja
Mroczne Gwiazdy,ダークスター,ja
Mudando de Área,構成拡大,ja
Muffole,ミトン,ja
Muhafızın Adağı,プロテクターの誓い,ja
Muhteşem Meka,マイティーロボ,ja
Muson de bani,金のモンスーン,ja
Mutări riscante,命懸けの戦い,ja
Muñeco de Entrenamiento,ダミー,ja
Muñecos de Prueba para Choques,衝突試験用ダミー,ja
Mučedníkova ctnost,マーターズ ヴァーチュ,ja
Myślenie Przyszłościowe,先見性,ja
Mártírerény,マーターズ ヴァーチュ,ja
Másolás,複製,ja
Másoló,レプリケーター,ja
Másoló mód,レプリケーターモード,ja
Máy Móc,メカ,ja
Máš můj luk,弓の誓い,ja
Mâna justiției,ハンド オブ ジャスティス,ja
Mão da Justiça,ハンド オブ ジャスティス,ja
Médaillon d'excitation,心身統御のペンダント,ja
Médaillon de l'Iron Solari,ソラリのロケット,ja
Mételyékkő,枯死の宝石,ja
Mínimo - Máximo,ミニマックス,ja
Mínimo/Máximo,ミニマックス,ja
Mírně magický hod,ちょっとだけ魔法のダイス,ja
Món Quà Ngọt Ngào,甘いおやつ,ja
Móng Vuốt Sterak,ステラックの篭手,ja
Móng Vuốt Ám Muội,プローラー クロウ,ja
Mögen die Vier mit dir sein,フォーが共にあらんことを,ja
Mücevherli Eldiven,ジュエル ガントレット,ja
Mücevherli Nilüfer,ジュエル ロータス,ja
Müdafi,バスティオン,ja
Müdafi Amblemi,バスティオンの紋章,ja
Mănușa Vidului,ヴォイド ガントレット,ja
Mănușa cu nestemate,ジュエル ガントレット,ja
Mănuși de antrenament,スパーリング グローブ,ja
Mănuși norocoase,ラッキーグローブ,ja
Mănuși strașnice,ミトン,ja
Mănușile tâlharului,盗賊のグローブ,ja
Mărimea contează,サイズが大事,ja
Mũ Phù Thủy Rabadon,ラバドン デスキャップ,ja
Mũ Thích Nghi,アダプティブ ヘルム,ja
Mũ Tử Thần,もっと怖いキャップ,ja
"Một Bùa, Hai Bùa",バフが1つ、バフが2つ,ja
Một Hai Ba,一 二 三,ja
"Một, Hai, Năm!",ワン、ツー、ファイブ！,ja
Mở Lối,道を切り拓け,ja
N.O.V.A,N.O.V.A.,ja
N.O.V.A.,N.O.V.A.,ja
N.O.V.A. Amblemi,N.O.V.A.の紋章,ja
N.O.V.A. Emblem,N.O.V.A.の紋章,ja
N.O.V.A. embléma,N.O.V.A.の紋章,ja
N.O.V.A. 상징,N.O.V.A.の紋章,ja
N.O.V.A.-Emblem,N.O.V.A.の紋章,ja
N.O.V.A.徽章,N.O.V.A.の紋章,ja
NHẮM MẮT CHƠI BỪA,偵察なし、変更なし,ja
NO SCOUT NO PIVOT,偵察なし、変更なし,ja
Na velikosti záleží,サイズが大事,ja
Nach dem Himmel greifen,星を目指して,ja
Nada Się,有効活用,ja
Nagy zsákbamacska,大きな福袋,ja
Nagy ölelés I.,みんなでハグ,ja
Najdi své těžiště,ここがセンター,ja
Najeźdźca Zed,侵略者ゼド,ja
Najlepsi Przyjaciele,ベストフレンド,ja
Nami,ナミ,ja
Nanh Nashor,ナッシャー トゥース,ja
Naptűz köpeny,サンファイア ケープ,ja
Naptűz tábla,サンファイア ボード,ja
Naramiennik Poszukiwacza,シーカー アームガード,ja
Narozeninové setkání,バースデー リユニオン,ja
Narratív védelem,主人公補正,ja
Narušitel Zed,侵略者ゼド,ja
Nashor foga,ナッシャー トゥース,ja
Nashor's Tooth,ナッシャー トゥース,ja
Nashor'un Dişi,ナッシャー トゥース,ja
Nashors Zahn,ナッシャー トゥース,ja
Nashorův tesák,ナッシャー トゥース,ja
Nasus,ナサス,ja
Naszyjnik Żelaznych Solari,ソラリのロケット,ja
Nawałnica Luden,ルーデン テンペスト,ja
Ne Pahasına?,代償,ja
Nebenwirkungen,副作用,ja
Needlessly Large Rod,ムダニ デカイ ロッド,ja
Negatron Cloak,ネガトロン クローク,ja
Negatron Pelerini,ネガトロン クローク,ja
Negatron palást,ネガトロン クローク,ja
Negatron-Mantel,ネガトロン クローク,ja
Negatronový plášť,ネガトロン クローク,ja
Nehéz a korona,王冠とは重きもの,ja
Nejlepší přátelé,ベストフレンド,ja
Nejtitěrnější titán,もっと小さな巨人,ja
Nekonečné zoufalství,終わりなき絶望,ja
Nenasytnost,金に飢えし者,ja
Neodvolatelná volba,全身全霊,ja
Neopotřebovaný,ファクトリー ニュー,ja
Neue Stufe!,レベルアップ！,ja
Neuer Rekrut,新兵,ja
Nevybíravý zabiják,無差別殺人者,ja
New Recruit,新兵,ja
Nezdolný,サバイバー,ja
Nezdolný,不屈,ja
Nezlomné srdce,揺るがぬ心,ja
Neînduplecare,不屈,ja
Nghĩ Về Tương Lai,先見性,ja
Người Bạn Vàng,コンパニオン作成,ja
Người Đá,ゴーレム,ja
Ngọn Giáo Shojin,ショウジンの矛,ja
Ngọn Gió Thứ Hai,起死回生,ja
Nhà Máy Tái Chế,回収箱,ja
Nhân Bản,レプリケーター,ja
Nhân Bản,複製,ja
Nhất Thống,一致団結,ja
Nhỏ Mà Có Võ,小さくても強烈,ja
Những Người Bạn Nhỏ,小さな仲間たち,ja
Nicht nachlassen,前線維持,ja
Niebieskie Wzmocnienie,ブルーバフ,ja
Niech Czwórki Będą z Tobą,フォーが共にあらんことを,ja
Nieprzerwane Przywołanie,連続魔法,ja
Nieskończona Rozpacz,終わりなき絶望,ja
Niezłomne Serce,揺るがぬ心,ja
Niezłomność,不屈,ja
Niveau supérieur !,レベルアップ！,ja
Niveles en solitario,俺だけレベルアップ,ja
Nivelul următor!,レベルアップ！,ja
Ničitel času,タイムブレーカー,ja
Nişancı Yayı,リカーブ ボウ,ja
No nos Separamos,いつでも一緒,ja
Non proprio inutile,有効活用,ja
Nos mantenemos unidos,いつでも一緒,ja
Notfallbögen,援護の弓,ja
Nouveau départ,ミッションの再開,ja
Nouvelle recrue,新兵,ja
Nouzová,ウィッツ エンド,ja
Novo Nível!,レベルアップ！,ja
Novo Recruta,新兵,ja
Novo de Fábrica,ファクトリー ニュー,ja
Nová úroveň!,レベルアップ！,ja
Nový rekrut,新兵,ja
Nowy Rekrut,新兵,ja
Nucleo dell'alba,ドーンコア,ja
Nuevecito,ファクトリー ニュー,ja
Nuevo Recluta,新兵,ja
Nuevo de Fábrica,ファクトリー ニュー,ja
Nuevo recluta,新兵,ja
Nunu & Willump,ヌヌ & ウィルンプ,ja
Nunu a Willump,ヌヌ & ウィルンプ,ja
Nunu e Willump,ヌヌ & ウィルンプ,ja
Nunu et Willump,ヌヌ & ウィルンプ,ja
Nunu i Willump,ヌヌ & ウィルンプ,ja
Nunu ve Willump,ヌヌ & ウィルンプ,ja
Nunu y Willump,ヌヌ & ウィルンプ,ja
Nunu és Willump,ヌヌ & ウィルンプ,ja
Nunu și Willump,ヌヌ & ウィルンプ,ja
Nuova recluta,新兵,ja
Nuovo di zecca,ファクトリー ニュー,ja
NÃO PIVOTO,偵察なし、変更なし,ja
NÉ ESPLORATORE NÉ STRATEGA,偵察なし、変更なし,ja
Nájemný zabiják,プロの殺し屋,ja
Nákupní horečka,買い物三昧,ja
Nálož atributů!,ステータスマシマシ,ja
Nástup,ラインナップ,ja
Nâng Tầm Uy Lực,オーグメントパワー,ja
Négységben az erő,最強の四配者,ja
Núcleo Comercial,コマース コア,ja
Núcleo comercial,コマース コア,ja
Núcleo de Negócios,コマース コア,ja
Născut înțelept,銀の匙,ja
Nước Cappa,帽子ジュース,ja
Nước Mắt Nữ Thần,女神の涙,ja
Nước Đi Liều Lĩnh,命懸けの戦い,ja
Nếm Mùi Lửa,炎を強めて,ja
Nỏ Sét,アイオニック スパーク,ja
O Big Bang,ビッグバン,ja
O Ovo Dourado,金のタマゴ,ja
O aventură triumfătoare,崇高の冒険,ja
Obchodní sektor,トレードセクター,ja
Obiectele Pandorei,パンドラのアイテム,ja
Objetivización de práctica,ダミー化,ja
Objetivo de práctica,ダミー,ja
Objetos de Pandora,パンドラのアイテム,ja
Objets blindés,甘いおやつ,ja
Objets de Pandore,パンドラのアイテム,ja
Oblicze Ducha,スピリット ビサージュ,ja
Obracečka,へら,ja
Obrońca Korony,クラウンガード,ja
Obrońcy,ヴァンガード,ja
Obrův opasek,ジャイアント ベルト,ja
Obserwatorzy Gwiazd,星の観測者,ja
Obsesia lui Varus,ヴァルスの執念,ja
Obsesión de Varus,ヴァルスの執念,ja
Obsesja Varusa,ヴァルスの執念,ja
Obsession de Varus,ヴァルスの執念,ja
Obsessão de Varus,ヴァルスの執念,ja
Obstinación,偵察なし、変更なし,ja
Obstination,偵察なし、変更なし,ja
Obumarły Relikt,枯朽の遺物,ja
Obyczajówka,普通の日々,ja
Ocalały,サバイバー,ja
Ocağı Harla,未来の鍛冶場,ja
Ochrana nekonečna,インフィニティの守護,ja
Ochranný val,ブルワーク,ja
Ochrona Nieskończoności,インフィニティの守護,ja
Ochráncův slib,プロテクターの誓い,ja
Ociosidade,AFK,ja
Oczekiwane Nieoczekiwanie,想定内の意外性,ja
Océan de larmes,好きなだけ泣くがいい,ja
Odaklı Ateş,集中砲火,ja
Odkupiciel,救済者,ja
Odkupienie,報復,ja
Odnajdź Równowagę,ここがセンター,ja
Odolná dvojka,2体のタンク,ja
Odpadlík,ローグ,ja
Odplata,報復,ja
Odražení ode dna,逆転劇,ja
Odrzutki,不適合者,ja
Odstřelovač,スナイパー,ja
Odświeżanie na Zapas,ローリングデイズ,ja
Oferenda de Sangue,血の供物,ja
Offrande sanguinaire,血の供物,ja
Ofiara z Krwi,血の供物,ja
Ofrandă de sânge,血の供物,ja
Ofrenda de Sangre,血の供物,ja
Ofrenda de sangre,血の供物,ja
Oggetti di Pandora,パンドラのアイテム,ja
Ognista Armata,ラピッド ファイアキャノン,ja
Ohnivý výprodej,ファイアセール,ja
Okos költekezés,賢い買い物,ja
On a Roll,絶好調,ja
Onda Espacial,スペースグルーヴ,ja
Onda espacial,スペースグルーヴ,ja
"One Buff, Two Buff",バフが1つ、バフが2つ,ja
One Two Three,一 二 三,ja
"One, Two, Five!",ワン、ツー、ファイブ！,ja
Onoarea războinicului,ウォーロードの名誉,ja
Opatrovníkův spojenec,庇護者のお供,ja
Oprýskaná relikvie,枯朽の遺物,ja
Optică de fixare a țintei,ターゲットロック スコープ,ja
Optimisation optimisée,オーグメントパワー,ja
Optique de verrouillage,ターゲットロック スコープ,ja
Optyka Namierzająca,ターゲットロック スコープ,ja
Optymalnie,ミニマックス,ja
Opóźniona Kuźnia,未来の鍛冶場,ja
Oracle,神託,ja
Oracol,神託,ja
Oracolo,神託,ja
Orakel,神託,ja
Orbes Curativos,ヒーリングオーブ,ja
Orbes curativos,ヒーリングオーブ,ja
Orbes de curación,ヒーリングオーブ,ja
Orbes de soins,ヒーリングオーブ,ja
Ornn,オーン,ja
Oráculo,神託,ja
Osiłki,ブローラー,ja
Ossessione di Varus,ヴァルスの執念,ja
Ostatni Szept,ラスト ウィスパー,ja
Ostnatá vesta,ブランブル ベスト,ja
Ostoja,ブルワーク,ja
Ostrze Gniewu Guinsoo,グインソー レイジブレード,ja
Ostrze Nieskończoności,インフィニティ エッジ,ja
Ostrze Nocy,ナイト エッジ,ja
Ostrze Śmierci,デスブレード,ja
Ostří nekonečna,インフィニティ エッジ,ja
Otimização,ミニマックス,ja
Otisk duše,スピリット ビサージュ,ja
Ottica a puntamento assistito,ターゲットロック スコープ,ja
Oul de aur,金のタマゴ,ja
Očekávaná neočekávanost,想定内の意外性,ja
Oštěp Šódžinu,ショウジンの矛,ja
Oțel aurit,金ピカの鋼,ja
P'tits titans,小さな巨人,ja
Pacchetto di aiuti,仕送り,ja
Pachet de amplificare,ブースターパック,ja
Pachet de îngrijire,仕送り,ja
Paciencia de Ekko,エコーの忍耐,ja
Paciência de Ekko,エコーの忍耐,ja
Pacote de Reforço,ブースターパック,ja
Pacote de Suprimentos,仕送り,ja
Pact etern,不滅の協定,ja
Pacte éternel,不滅の協定,ja
Pacto Eterno,不滅の協定,ja
Pacto eterno,不滅の協定,ja
Paczka Wsparcia,仕送り,ja
Padella,フライパン,ja
Paff!,ボカッ！,ja
Palier 1,ミスコネクション,ja
Palčáky,ミトン,ja
Panca di Pandora,パンドラのベンチ,ja
Panda de ladrones,盗賊団,ja
Panda de ladrones II,盗賊団 II,ja
Pandora kispadja,パンドラのベンチ,ja
Pandora tárgyai II.,パンドラのアイテム,ja
Pandora'nın Eşyaları,パンドラのアイテム,ja
Pandora'nın Yedekleri,パンドラのベンチ,ja
Pandora's Bench,パンドラのベンチ,ja
Pandora's Items,パンドラのアイテム,ja
Pandoras Bank,パンドラのベンチ,ja
Pandoras Gegenstände,パンドラのアイテム,ja
Pandořina střídačka,パンドラのベンチ,ja
Pandořiny předměty,パンドラのアイテム,ja
Pantheon,パンテオン,ja
Panzerwalküre,銃装機神,ja
Paquete de Cuidados,仕送り,ja
Paquete de Mejora,ブースターパック,ja
Paquete de mejora,ブースターパック,ja
Par ici l'XP,銀の匙,ja
Parabraccia del cercatore,シーカー アームガード,ja
Paragöz,金に飢えし者,ja
Parancsnok,コマンダー,ja
Parceria,一致団結,ja
Pariu de aur,黄金の博打,ja
Pariu pe viitor,思惑買い,ja
Pariul lui Urf,アーフの策略,ja
Parlakpul Özü,シマースケールのエッセンス,ja
Partage emblématique,いつでも一緒,ja
Parti Patisi,パーティーアニマル,ja
Partial Ascension,不完全アセンション,ja
Partiállat,パーティーアニマル,ja
Party Animal,パーティーアニマル,ja
Partytiger,パーティーアニマル,ja
Pas Giganta,ジャイアント ベルト,ja
Pas le choix,代償,ja
Pasowy Przesyt,ベルト オーバーフロー,ja
Pasterze,導き手,ja
Pastor,導き手,ja
Pastore,導き手,ja
Pastýř,導き手,ja
Patelnia,フライパン,ja
Patience,オーラ育成中,ja
Patience d'Ekko,エコーの忍耐,ja
Patience is a Virtue,忍耐の美徳,ja
Patient Study,研究熱心,ja
Patientenstudie,研究熱心,ja
Patru de partea ta,フォーが共にあらんことを,ja
Patto eterno,不滅の協定,ja
Pavois,ブルワーク,ja
Pazienza di Ekko,エコーの忍耐,ja
Pařmen,パーティーアニマル,ja
Pe val,絶好調,ja
Pedeapsă,報復,ja
Pegno di Sterak,ステラックの篭手,ja
Pegno di sangue,血の価値,ja
Peleador,ブローラー,ja
Peleryna Taktyka,タクティシャンのケープ,ja
Pensamiento progresista,先見性,ja
Pensando no Futuro,先見性,ja
Pensar a Futuro,先見性,ja
Peníze na oběd,昼食代,ja
"Pequenas, Mas Letais",小さくても強烈,ja
Pequenos Titãs,小さな巨人,ja
Pequeño Titán,もっと小さな巨人,ja
Pequeño pero mortífero,小さくても強烈,ja
Pequeños pero matones,小さくても強烈,ja
Perdición del liche,リッチ ベイン,ja
Perdite calcolate,戦略的敗北,ja
Perdição de Lich,リッチ ベイン,ja
Pergamino ligeramente mágico,ちょっとだけ魔法のダイス,ja
Pergamino mágico,魔法のダイス,ja
Persona Espelhada,鏡像のペルソナ,ja
Persona Espelhada Inferior,劣化版鏡像のペルソナ,ja
Persona en Espejo,鏡像のペルソナ,ja
Persona en Espejo menor,劣化版鏡像のペルソナ,ja
Personalitate în oglindă,鏡像のペルソナ,ja
Personalitate în oglindă minoră,劣化版鏡像のペルソナ,ja
Personalità speculare,鏡像のペルソナ,ja
Personalità speculare minore,劣化版鏡像のペルソナ,ja
Personalización exclusiva,限定カスタマイズ,ja
Personalizare exclusivă,限定カスタマイズ,ja
Personalização Exclusiva,限定カスタマイズ,ja
Personalizzazione esclusiva,限定カスタマイズ,ja
Personnalité miroir,鏡像のペルソナ,ja
Personnalité miroir mineure,劣化版鏡像のペルソナ,ja
Perszónatükör,鏡像のペルソナ,ja
Pesada es la Corona,王冠とは重きもの,ja
Pesada é a Coroa,王冠とは重きもの,ja
Pesante è la corona,王冠とは重きもの,ja
Pescando cumplidos,オーラ育成中,ja
Pesimist,ドゥーマー,ja
Pestjuwel,枯死の宝石,ja
Pestrá sebranka,不適合者,ja
Petit sac de butin,小さな福袋,ja
Petits mais costauds,小さくても強烈,ja
Petrecăreț,パーティーアニマル,ja
Pevná linie,前線維持,ja
Pevné opasky,ベルト オーバーフロー,ja
Pečlivé ladění,ミニマックス,ja
Pfannenwender,へら,ja
Phi Vụ Trang Bị,素材アイテムヘイスト,ja
Phong Kiếm,ゼファー,ja
Pháo Xương Cá,フィッシュボーン,ja
Phân Nhánh,構成拡大,ja
Phép Màu Của Soraka,ソラカの奇跡,ja
Phóng Hỏa,サンファイア ボード,ja
Phản Ứng Phụ,副作用,ja
"Piccole, ma letali",小さくても強烈,ja
Piccoli alleati,小さな仲間たち,ja
Piekielny Toporek,獄炎のハチェット,ja
Pieniążki na Obiad,昼食代,ja
Pierdere calculată,戦略的敗北,ja
Pile ou face,黄金の博打,ja
Pilfer,窃盗,ja
Pillín radiante,輝く悪党,ja
Pioggia di statistiche!,ステータスマシマシ,ja
Pistola Laminar Hextec,ヘクステック ガンブレード,ja
Pistola a lame hextech,ヘクステック ガンブレード,ja
Pistolame Hextech,ヘクステック ガンブレード,ja
Pisztolyistennő,銃装機神,ja
Placa Gargolítica,ガーゴイル ストーンプレート,ja
Placa Solo,一人前プレート,ja
Plan de viitor,先見性,ja
Plancia del Sole,サンファイア ボード,ja
Planlı Mağlubiyet,戦略的敗北,ja
Plano de Línea Trasera,後衛の設計図,ja
Plano de retaguardia,後衛の設計図,ja
Plateau solaire,サンファイア ボード,ja
Platoșa garguiului,ガーゴイル ストーンプレート,ja
Platoșă unică,一人前プレート,ja
Plecat de la tastatură,AFK,ja
Plemienna Zbroja,ワーモグ アーマー,ja
Plocha slunečního žáru,サンファイア ボード,ja
Plot Armor,主人公補正,ja
Pluie d'argent,金のモンスーン,ja
Plán pro zadní řadu,後衛の設計図,ja
Plášť slunečního žáru,サンファイア ケープ,ja
Po Prostu Traf,ジャストヒット,ja
Pocalul puterii,力の聖杯,ja
Podatek Poznawczy,コグニティブ タックス,ja
Podejrzany Płaszcz,怪しげなトレンチコート,ja
Poder Aprimorado,オーグメントパワー,ja
Poder Mejorado,オーグメントパワー,ja
Poder mejorado,オーグメントパワー,ja
Poderoso Mech,マイティーロボ,ja
Podezřelý pršiplášť,怪しげなトレンチコート,ja
Podpůrný implantát,共感インプラント,ja
Podróżnicy,ボイジャー,ja
Podstawy Boksu,ボクシングのレッスン,ja
Podsycenie Płomieni,炎を強めて,ja
Podwójna Wytrzymałość,2体のタンク,ja
Podziel Się Uwagą Yasuo,ヤスオのスポットライトをシェア,ja
Pofuduk Eldiven,ミトン,ja
Pogromca Olbrzymów,ジャイアント スレイヤー,ja
Pohodový život,普通の日々,ja
Pohár moci,力の聖杯,ja
Poignard de Statikk,スタティック シヴ,ja
Poiscaille,フィッシュボーン,ja
Pojemnik na Złom,回収箱,ja
Pokoli csatabárd,獄炎のハチェット,ja
Pokročilá půjčka,前借り,ja
Polovodič,半導体,ja
Polowanie na Skarb,宝探し,ja
Poppy,ポッピー,ja
Porcelanowe Działo,グラスキャノン,ja
Pornire rapidă,キックスタート,ja
Porque yo lo valgo,有効活用,ja
Portable Forge,ポータブル フォージ,ja
Portail de Zz'Rot,ジ＝ロット ポータル,ja
Portal Zz'Rot,ジ＝ロット ポータル,ja
Portal Zz'rot,ジ＝ロット ポータル,ja
Portal de Zz'Rot,ジ＝ロット ポータル,ja
Portale Zz'Rot,ジ＝ロット ポータル,ja
Portál Zz'Rotu,ジ＝ロット ポータル,ja
Posición defensiva,前線維持,ja
Posilovací balíček,ブースターパック,ja
Poslední zašeptání,ラスト ウィスパー,ja
Postav si kámoše,仲間を作ろう,ja
Posępny Herold Zeke'a,冷酷なるジークの使者,ja
Potere dell'Impianto,オーグメントパワー,ja
Potok slz,好きなだけ泣くがいい,ja
Potężny Mech,マイティーロボ,ja
Poutník,ボイジャー,ja
Povara coroanei,王冠とは重きもの,ja
Povestea revenirii,逆転劇,ja
Pozlacená ocel,金ピカの鋼,ja
Poznawcze Przeciążenie,コグニティブ オーバーロード,ja
Poznaș radiant,輝く悪党,ja
Pozłacana Stal,金ピカの鋼,ja
Poêle à frire,フライパン,ja
Požehnaný bohy,神の祝福,ja
Prapůvodní,プライモーディアン,ja
Precio Sangriento,血の価値,ja
Precio sangriento,血の価値,ja
Precisión infalible,ホライゾン フォーカス,ja
Predone,略奪者,ja
Preiskämpfer,プロボクサー,ja
Première ligne,ラインナップ,ja
Presente de Aniversário,バースデープレゼント,ja
Preservador de Biomateria,バイオ物質保存装置,ja
Preservador de Biomatéria,バイオ物質保存装置,ja
Preservador de biomateria,バイオ物質保存装置,ja
Pretendenci,チャレンジャー,ja
Prevalere,勝ち抜け,ja
Prezent Urodzinowy,バースデープレゼント,ja
Preço em Sangue,血の価値,ja
Prețul sângelui,血の価値,ja
Prieteni micuți,小さな仲間たち,ja
Primeras Lecciones,早期教育,ja
Primi insegnamenti,早期教育,ja
Primordia'lı,プライモーディアン,ja
Primordia'lı Amblemi,プライモーディアンの紋章,ja
Primordiai,プライモーディアン,ja
Primordiai embléma,プライモーディアンの紋章,ja
Primordian,プライモーディアン,ja
Primordian Emblem,プライモーディアンの紋章,ja
Primordianer,プライモーディアン,ja
Primordianer-Emblem,プライモーディアンの紋章,ja
Primordianie,プライモーディアン,ja
Primordiano,プライモーディアン,ja
Primordien,プライモーディアン,ja
Prismatic Ticket,プリズムチケット,ja
Prismatisches Ticket,プリズムチケット,ja
Prizefighter,プロボクサー,ja
Prizmatik Bilet,プリズムチケット,ja
Proaspăt fabricat,ファクトリー ニュー,ja
Probuzení duše,ソウルの目覚め,ja
Progresión en el juego tardío,レイトゲーム スケーリング,ja
Progresión final,レイトゲーム スケーリング,ja
Projeto da Retaguarda,後衛の設計図,ja
Prokletá koruna,カースドのクラウン,ja
Prokleté ostří,呪いの刃,ja
Promesa de caballero,騎士の誓い,ja
Promesa del Caballero,騎士の誓い,ja
Promesa del protector,プロテクターの誓い,ja
Promoção de Cintos,ベルト オーバーフロー,ja
Promoção de Espadas,ソード オーバーフロー,ja
Promoção de Varinhas,ワンド オーバーフロー,ja
Promyšlená prohra,戦略的敗北,ja
Prosekání cesty,道を切り拓け,ja
Prostředník,コンジット,ja
Protagonista Nigdy Nie Umiera,主人公補正,ja
Protección del Infinito,インフィニティの守護,ja
Protección en solitario,一人前プレート,ja
Protección infinita,インフィニティの守護,ja
Protection infinie,インフィニティの守護,ja
Protector pétreo de gárgola,ガーゴイル ストーンプレート,ja
Protector's Vow,プロテクターの誓い,ja
Protecția infinitului,インフィニティの守護,ja
Protecție universală,主人公補正,ja
Protezione di trama,主人公補正,ja
Protezione infinita,インフィニティの守護,ja
Proteção Imutável,イーブンシュラウド,ja
Proteção do Infinito,インフィニティの守護,ja
Protège-bras du savant,シーカー アームガード,ja
Provisiones,仕送り,ja
Provizorní zbroj,即席アーマー,ja
Prowler's Claw,プローラー クロウ,ja
Prozíravost,先見性,ja
Pryzmatyczny Bilet,プリズムチケット,ja
Przebudzenie Duszy,ソウルの目覚め,ja
Przedmioty Pandory,パンドラのアイテム,ja
Przekaźnik,コンジット,ja
Przeklęta Korona,カースドのクラウン,ja
Przeklęte Ostrze,呪いの刃,ja
Przeniesienie Ładunku,チャージトランスファー,ja
Przenośna Kuźnia,ポータブル フォージ,ja
Przodownicy Składu,ラインナップ,ja
Przysięga Rycerska,騎士の誓い,ja
Préstamo Anticipado,前借り,ja
Préstamo avanzado,前借り,ja
Prêt anticipé,前借り,ja
Prędkość Meepa,ターミィプナル ヴェロシティー,ja
Psionic,サイオニック,ja
Psionic Emblem,サイオニックの紋章,ja
Psionico,サイオニック,ja
Psioniczni,サイオニック,ja
Psionik,サイオニック,ja
Psionik Amblemi,サイオニックの紋章,ja
Psionique,サイオニック,ja
Psionisch,サイオニック,ja
Psionisch-Emblem,サイオニックの紋章,ja
Psiónico,サイオニック,ja
Psiônico,サイオニック,ja
Pszionikus,サイオニック,ja
Pszionikus embléma,サイオニックの紋章,ja
Puchar Potęgi,力の聖杯,ja
Pugnale di Statikk,スタティック シヴ,ja
Puissance 4,最強の四配者,ja
Pulsar sombre,ダークスター,ja
Punguța lui Urf,アーフの福袋,ja
Punguță cu obiecte surpriză,アイテム福袋,ja
Punguță eroică,英雄のラッキーバッグ,ja
Punguță mare,大きな福袋,ja
Punguță mică,小さな福袋,ja
Puppifizierung,ダミー化,ja
Putere augmentată,オーグメントパワー,ja
"Puternic, dar fragil",グラスキャノン,ja
Puñal de Statikk,スタティック シヴ,ja
Pușcă cu baionetă hextech,ヘクステック ガンブレード,ja
Pyke,パイク,ja
Pálcaszállítmány,ワンド オーバーフロー,ja
Páros várólista,デュオキュー,ja
Pásztor,導き手,ja
Pásztor embléma,導き手の紋章,ja
Pénzes persely,普通預金口座,ja
Pénzmonszun,金のモンスーン,ja
Pénzéhes,金に飢えし者,ja
Pérdida Calculada,戦略的敗北,ja
Pérdida calculada,戦略的敗北,ja
Pícaro,ローグ,ja
Półprzewodnik,半導体,ja
Pălăria malefică a lui Rabadon,ラバドン デスキャップ,ja
Pălării mai letale,もっと怖いキャップ,ja
Păpușa din umbră,影の操り人形,ja
Păstor,導き手,ja
Pěstnice Prázdnoty,ヴォイド ガントレット,ja
Płaszcz Negacji,ネガトロン クローク,ja
Płynące Łzy,流れる涙,ja
Přebytek holí,ワンド オーバーフロー,ja
Přebytek mečů,ソード オーバーフロー,ja
Předplacená služba,サブスクリプション,ja
Předvoj,ヴァンガード,ja
Přelom noci,ナイト エッジ,ja
Přenos náboje,チャージトランスファー,ja
Přenosná kovárna,ポータブル フォージ,ja
Přizpůsobivá přilba,アダプティブ ヘルム,ja
Přízračná šavle,スペクトラル カトラス,ja
Quang Lân Tiểu Yêu,輝く悪党,ja
Quatre cents coups,フォーが共にあらんことを,ja
Quay Trúng Thưởng,ちょっとだけ魔法のダイス,ja
Que los Cuatros te Acompañen,フォーが共にあらんことを,ja
Que los cuatros te acompañen,フォーが共にあらんことを,ja
Que os Quatros Estejam com Você,フォーが共にあらんことを,ja
Quecksilber,クイックシルバー,ja
Quem Espera Sempre Alcança,忍耐の美徳,ja
Question de taille,サイズが大事,ja
Quicksilver,クイックシルバー,ja
Quyền Năng Khổng Lồ,巨人の誓い,ja
Quyền Trượng Thiên Thần,アークエンジェル スタッフ,ja
Quyền Trượng Thánh Quang,マーターズ ヴァーチュ,ja
Quà Sinh Nhật,バースデープレゼント,ja
Quá Tải Tư Duy,コグニティブ オーバーロード,ja
Quân Đoàn 3 Sao,3の軍団,ja
Quỷ Thư Morello,モレロノミコン,ja
Quỹ Phòng Hộ,ヘッジファンド,ja
Rabadon halálsüvege,ラバドン デスキャップ,ja
Rabadon's Deathcap,ラバドン デスキャップ,ja
Rabadon'un Şapkası,ラバドン デスキャップ,ja
Rabadons Todeshaube,ラバドン デスキャップ,ja
Rabadonův smrtící klobouk,ラバドン デスキャップ,ja
Raccolta differenziata,回収箱,ja
Radiant Rascal,輝く悪党,ja
Radici diffuse,広がる根,ja
Raffinierte Herstellung,巧みなクラフト,ja
Rakeťák,フィッシュボーン,ja
Ramificación,構成拡大,ja
Ramificare,構成拡大,ja
Ramię w Ramię,いつでも一緒,ja
Rammus,ラムス,ja
Rapid Firecannon,ラピッド ファイアキャノン,ja
Rappresaglia,報復,ja
Rasga-tempo,タイムブレーカー,ja
Raufbold,ブローラー,ja
Raufbold-Emblem,ブローラーの紋章,ja
Ravitaillement,仕送り,ja
"Raz, Dwa, Pięć!",ワン、ツー、ファイブ！,ja
"Raz, Dwa, Trzy",一 二 三,ja
"Raz, dva, pět!",ワン、ツー、ファイブ！,ja
Raíces Propagadoras,広がる根,ja
Raíces expansivas,広がる根,ja
Raízes Alastradas,広がる根,ja
Rdzeń Handlu,コマース コア,ja
Rdzeń Świtu,ドーンコア,ja
Reach for the Stars,星を目指して,ja
Rebel,ローグ,ja
Rebelle,ローグ,ja
Recombobulador,混乱回復装置,ja
Recombobulateur,混乱回復装置,ja
Recombobulator,混乱回復装置,ja
Recomeçar Missão,ミッションの再開,ja
Recomeço Cósmico,宇宙の再起,ja
Recrut nou,新兵,ja
Recursos de Ferro,カナとカネ,ja
Recursos de Hierro,カナとカネ,ja
Recursos de hierro,カナとカネ,ja
Recurve Bow,リカーブ ボウ,ja
Recyclingtonne,回収箱,ja
Recyklátor,回収箱,ja
Red Buff,レッドバフ,ja
Redeemer,救済者,ja
Redentor,救済者,ja
Redentora,救済者,ja
Redentore,救済者,ja
Reducere fulger,ファイアセール,ja
Reflexní luk,リカーブ ボウ,ja
Reflexíj,リカーブ ボウ,ja
Regalo de cumpleaños,バースデープレゼント,ja
Regalo di compleanno,バースデープレゼント,ja
Regiaguardia,クラウンガード,ja
ReinFOURcement,最強の四配者,ja
Reiniciar Misión,ミッションの再開,ja
Reinicio Cósmico,宇宙の再起,ja
Reinicio cósmico,宇宙の再起,ja
Reinicio de misión,ミッションの再開,ja
Rek'Sai,レク＝サイ,ja
Rekombinator,混乱回復装置,ja
Rekombobulator,混乱回復装置,ja
Rekombobulátor,混乱回復装置,ja
Rekursivbogen,リカーブ ボウ,ja
Relances régulières,コマース コア,ja
Relances épiques,エピックなロールダウン,ja
Relances étoilées,絶好調,ja
Relato de un regreso,逆転劇,ja
Relicario Enervante,心身統御のペンダント,ja
Relicario de los Solari de Hierro,ソラリのロケット,ja
Relicva ofilită,枯朽の遺物,ja
Relique flétrie,枯朽の遺物,ja
Reliquia Marchita,枯朽の遺物,ja
Reliquia appassita,枯朽の遺物,ja
Reliquia marchita,枯朽の遺物,ja
Relíquia Definhada,枯朽の遺物,ja
Rendelkezz az íjammal,弓の誓い,ja
Repaire du baron,バロンの巣,ja
Replica,複製,ja
Replicador,レプリケーター,ja
Replicante,レプリケーター,ja
Replication,複製,ja
Replicator,レプリケーター,ja
Replicator Mode,レプリケーターモード,ja
Replicação,複製,ja
Replikace,複製,ja
Replikacja,複製,ja
Replikacı,レプリケーター,ja
Replikacı Modu,レプリケーターモード,ja
Replikator,レプリケーター,ja
Replikator-Modus,レプリケーターモード,ja
Replikatorzy,レプリケーター,ja
Replikační režim,レプリケーターモード,ja
Replikátor,レプリケーター,ja
Repornire cosmică,宇宙の再起,ja
Reproducere,複製,ja
Rerroleo Épico,エピックなロールダウン,ja
Reserva de Pandora,パンドラのベンチ,ja
Resolución titánica,巨人の誓い,ja
Restart Misji,ミッションの再開,ja
Restart Mission,ミッションの再開,ja
Restartování mise,ミッションの再開,ja
Restiamo uniti,いつでも一緒,ja
Retador,チャレンジャー,ja
Retribución,報復,ja
Retribution,報復,ja
Reuniune aniversară,バースデー リユニオン,ja
Reunión cumpleañera,バースデー リユニオン,ja
Reunión de Cumpleaños,バースデー リユニオン,ja
Reviravolta,逆転劇,ja
Rezistența din prima linie,前線維持,ja
Reîncărcare relativ magică,ちょっとだけ魔法のダイス,ja
Reîncărcări epice,エピックなロールダウン,ja
Reîncărcări la grămadă,ローリングデイズ,ja
Režim Prostředník,コンジットモード,ja
Rhaast,ラースト,ja
Riavvia missione,ミッションの再開,ja
Riavvio cosmico,宇宙の再起,ja
Ribalta condivisa di Yasuo,ヤスオのスポットライトをシェア,ja
Richiamo al caos,混沌への呼び声,ja
Ricombussolatore,混乱回復装置,ja
Riesenschlächter,ジャイアント スレイヤー,ja
Riesenschwert,B.F.ソード,ja
Rift Scuttler,リフトスカトル,ja
Risikofonds,ヘッジファンド,ja
Riskante Aktionen,命懸けの戦い,ja
Riskantní tah,命懸けの戦い,ja
Risky Moves,命懸けの戦い,ja
Risorse ferrose,カナとカネ,ja
Risveglio dell'anima,ソウルの目覚め,ja
Ritmo Spaziale,スペースグルーヴ,ja
Ritrovo di compleanno,バースデー リユニオン,ja
Ritterschwur,騎士の誓い,ja
Riven,リヴェン,ja
Robbanásszerű fejlődés,爆発的成長,ja
Robo de componentes,素材アイテムヘイスト,ja
Robot,マイティーロボ,ja
Robotul Mecha impunător,マイティーロボ,ja
Rogue,ローグ,ja
Rogue Emblem,ローグの紋章,ja
Rolling For Days,ローリングデイズ,ja
Rolling for Days,ローリングデイズ,ja
Rolo Compressor,絶好調,ja
Rompetiempo,タイムブレーカー,ja
Rostro espiritual,スピリット ビサージュ,ja
Roter Buff,レッドバフ,ja
Roubo de Componentes,素材アイテムヘイスト,ja
Rouška nehybnosti,沈黙の帳,ja
Rozgałęzienie,構成拡大,ja
Rozmiar Ma Znaczenie,サイズが大事,ja
Rozruch,キックスタート,ja
Rozrůstání kořenů,広がる根,ja
Rozsądne Wydatki,賢い買い物,ja
Rozvětvení,構成拡大,ja
Rtuť,クイックシルバー,ja
Ruf des Chaos,混沌への呼び声,ja
Rufián Radiante,輝く悪党,ja
Rugalmas,柔軟性,ja
Ruh Gömleği,スピリット ビサージュ,ja
Ruh Uyanışı,ソウルの目覚め,ja
Ruka spravedlnosti,ハンド オブ ジャスティス,ja
Rukavice pro štěstí,ラッキーグローブ,ja
Rváč,ブローラー,ja
Rybeńka,フィッシュボーン,ja
Rychlopalné ohnivé dělo,ラピッド ファイアキャノン,ja
Rychlý dvojzářez,高速ダブルキル,ja
Rychlý start,キックスタート,ja
Rytířský slib,騎士の誓い,ja
Ryzykowne Posunięcia,命懸けの戦い,ja
Rzeka Łez,好きなだけ泣くがいい,ja
Récompenses de guerre,出陣,ja
Rédempteur,救済者,ja
Réinitialisation cosmique,宇宙の再起,ja
Réplica,複製,ja
Réplicateur,レプリケーター,ja
Résistance acharnée,主人公補正,ja
Részleges Felemelkedés,不完全アセンション,ja
Réunion d'anniversaire,バースデー リユニオン,ja
Rìu Hỏa Ngục,獄炎のハチェット,ja
Rìu Đại Mãng Xà,タイタン ハイドラ,ja
Río de lágrimas,流れる涙,ja
Różdżkowy Przesyt,ワンド オーバーフロー,ja
Rögtönzött páncél,即席アーマー,ja
Răbdarea e o virtute,忍耐の美徳,ja
Răbdarea lui Ekko,エコーの忍耐,ja
Rădăcini răspândite,広がる根,ja
Rămânem împreună,いつでも一緒,ja
Răsăritul din Silvermere,シルバーミアの夜明け,ja
Ręka Sprawiedliwości,ハンド オブ ジャスティス,ja
Rękawica Pustki,ヴォイド ガントレット,ja
Rękawice Sparingowe,スパーリング グローブ,ja
Rękawice Złodzieja,盗賊のグローブ,ja
Rękawiczki,ミトン,ja
Rồng Đẻ Trứng Vàng,金のタマゴ,ja
SZILÁRD ELTÖKÉLTSÉG,偵察なし、変更なし,ja
Saber Gastar,賢い買い物,ja
Sabia blestemată,呪いの刃,ja
Sabia forței brute,B.F.ソード,ja
Sabia infinitului,インフィニティ エッジ,ja
Sabia morții,デスブレード,ja
Sabia sângeroasă,ブラッドサースター,ja
Sable Espectral,スペクトラル カトラス,ja
Sable espectral,スペクトラル カトラス,ja
Sable-pistola hextech,ヘクステック ガンブレード,ja
Sablepistola Hextech,ヘクステック ガンブレード,ja
Sabre spectral,スペクトラル カトラス,ja
Sabır Erdemdir,忍耐の美徳,ja
Sac de butin,アイテム福袋,ja
Saco de Brindes,アイテム福袋,ja
Saco de Brindes Heroico,英雄のラッキーバッグ,ja
Saco de Brindes Pequeno,小さな福袋,ja
Saco de Brindes Recheado,大きな福袋,ja
Saco de Brindes do Urf,アーフの福袋,ja
Sacrificio cruento,血の供物,ja
Sadakat,全身全霊,ja
Safları Koru,前線維持,ja
Saklı Gerçek,カフナフナ,ja
Saldi imperdibili,ファイアセール,ja
Saldão,ファイアセール,ja
Salvage Bin,回収箱,ja
Salvator,救済者,ja
Samira,サミーラ,ja
Sanguinaire,血の価値,ja
Sanguinaria,ブラッドサースター,ja
Saqueador,略奪者,ja
Sartén,フライパン,ja
Saum der Nacht,ナイト エッジ,ja
Sauter une classe,勝ち抜け,ja
Savaş Yolu,出陣,ja
Savings Account,普通預金口座,ja
Scalata verso il successo,はしごを登れ,ja
Scegli tratto,特性を選択,ja
Sceptre vampirique corrompu,穢れたヴァンパイア セプター,ja
Sceptru vampiric corupt,穢れたヴァンパイア セプター,ja
Sceptrul Vidului,ヴォイド スタッフ,ja
Sceptrul serafimului,セラフィムの杖,ja
Scettro dell'arcangelo,アークエンジェル スタッフ,ja
Scettro serafino,セラフィムの杖,ja
Scettro vampirico corrotto,穢れたヴァンパイア セプター,ja
Scharfschütze,スナイパー,ja
Scharfschütze-Emblem,スナイパーの紋章,ja
Schattenpuppe,影の操り人形,ja
Schatzjagd,宝探し,ja
Schema della retroguardia,後衛の設計図,ja
Schemat Tylnej Formacji,後衛の設計図,ja
Schiantare,叩きつけ,ja
Schicksalsweber,フェイトウィーバー,ja
Schild des Taktikers,タクティシャンの盾,ja
Schiță pentru linia din spate,後衛の設計図,ja
Schlag zu,叩きつけ,ja
Schlussverkauf,ファイアセール,ja
Schmiede einen Freund,友を鍛える,ja
Schnellfeuer-Geschütz,ラピッド ファイアキャノン,ja
Schurke,ローグ,ja
Schurken-Emblem,ローグの紋章,ja
Schutz der Unendlichkeit,インフィニティの守護,ja
Schwer ist die Krone,王冠とは重きもの,ja
Schwertschmied,剣鍛冶,ja
Schwertüberfluss,ソード オーバーフロー,ja
Schwur des Beschützers,プロテクターの誓い,ja
Schüre das Feuer,炎を強めて,ja
Sciabola spettrale,スペクトラル カトラス,ja
Scintilla ionica,アイオニック スパーク,ja
Scommessa dorata,黄金の博打,ja
Scommessa rischiosa,全身全霊,ja
Scudo dello stratega,タクティシャンの盾,ja
Scutul amurgului,夕闇の加護,ja
Scutul tacticianului,タクティシャンの盾,ja
Scutul zorilor,夜明けの加護,ja
Scânteie ionică,アイオニック スパーク,ja
Sdílená zbroj,主人公補正,ja
Sebevražední panáci,衝突試験用ダミー,ja
Second Wind,起死回生,ja
Second souffle,起死回生,ja
Secondo fiato,起死回生,ja
Secteur commercial,トレードセクター,ja
Section Anima,アニマ,ja
Sector comercial,トレードセクター,ja
Sector de Intercambio,トレードセクター,ja
Sectorul comercial,トレードセクター,ja
Secure din focul iadului,獄炎のハチェット,ja
Sed de dinero,金に飢えし者,ja
Sede de Riqueza,金に飢えし者,ja
Sedenta por Sangue,ブラッドサースター,ja
Seeker's Armguard,シーカー アームガード,ja
Seelenerwachen,ソウルの目覚め,ja
Segen der Wiederbelebung,再起の呪印,ja
Segundo Aire,起死回生,ja
Sehraný tým,一致団結,ja
Sekera pekelného ohně,獄炎のハチェット,ja
Sektor Wymiany,トレードセクター,ja
Selbstständig machen,構成拡大,ja
Semblante Espiritual,スピリット ビサージュ,ja
Semi-conducteur,半導体,ja
Semiconductor,半導体,ja
Semicondutor,半導体,ja
Semiconduttore,半導体,ja
Sendero de Guerra,出陣,ja
Sendero de guerra,出陣,ja
Sentencia,アービター,ja
Sentenciador,アービター,ja
Sentiero di guerra,出陣,ja
Serafínova hůl,セラフィムの杖,ja
Seraphim's Staff,セラフィムの杖,ja
Serbest Yatırım Fonu,ヘッジファンド,ja
Serce ze Stali,鋼の心,ja
Serpenyő,フライパン,ja
Serve para Algo,有効活用,ja
Servicio de Suscripción,サブスクリプション,ja
Servicio de suscripción,サブスクリプション,ja
Servizio ad abbonamento,サブスクリプション,ja
Serviço de Assinatura,サブスクリプション,ja
Setor de Troca,トレードセクター,ja
Settore dello scambio,トレードセクター,ja
Seviye Atla!,レベルアップ！,ja
Seyyah,ボイジャー,ja
Seyyah Amblemi,ボイジャーの紋章,ja
Sfere curative,ヒーリングオーブ,ja
Sfere vindecătoare,ヒーリングオーブ,ja
Sfidante,チャレンジャー,ja
Sfârșitul rațiunii,ウィッツ エンド,ja
Shadow Puppet,影の操り人形,ja
Shen,シェン,ja
Shepherd,導き手,ja
Shepherd Emblem,導き手の紋章,ja
Shimmerscale Essence,シマースケールのエッセンス,ja
Shojin lándzsája,ショウジンの矛,ja
Shojin'in Mızrağı,ショウジンの矛,ja
Shopping Spree,買い物三昧,ja
Shopping intensif,買い物三昧,ja
Shopping scatenato,買い物三昧,ja
Shroud of Stillness,沈黙の帳,ja
Sibernetik Aktarım,サイバネティック アップリンク,ja
Sibernetik İmplant,サイバネティック インプラント,ja
Sicario,プロの殺し屋,ja
Side Effects,副作用,ja
Siegeszug,勝ち抜け,ja
Signora Oscura,闇の女帝,ja
Silberlöffel,銀の匙,ja
Silver Spoon,銀の匙,ja
Silvermere Dawn,シルバーミアの夜明け,ja
Sinal de Sterak,ステラックの篭手,ja
Sinh Nhật Đoàn Tụ,バースデー リユニオン,ja
Sinir İmplantı,共感インプラント,ja
Sinsi,ローグ,ja
Sinsi Amblemi,ローグの紋章,ja
Sinsi Pençe,プローラー クロウ,ja
Siper,ブルワーク,ja
Size Matters,サイズが大事,ja
Siêu Linh,サイオニック,ja
Siêu Thú,アニマ,ja
Siêu Vũ Trụ,ビッグバン,ja
Siêu Xẻng,へら,ja
Sięganie ku Gwiazdom,星を目指して,ja
Skalierung im späten Spiel,レイトゲーム スケーリング,ja
Skalowanie w Późnej Fazie Gry,レイトゲーム スケーリング,ja
Skleněné dělo,グラスキャノン,ja
Skok po Składniki,素材アイテムヘイスト,ja
Skupienie Horyzontalne,ホライゾン フォーカス,ja
Skupiony Ogień,集中砲火,ja
Slammin',叩きつけ,ja
Slaďounké dobroty,甘いおやつ,ja
Slice of Life,普通の日々,ja
Slightly Magic Roll,ちょっとだけ魔法のダイス,ja
Slza bohyně,女神の涙,ja
Small Grab Bag,小さな福袋,ja
Smoczy Szpon,ドラゴン クロウ,ja
Snajperzy,スナイパー,ja
Sniper,スナイパー,ja
Sniper Emblem,スナイパーの紋章,ja
Sobrecarga Cognitiva,コグニティブ オーバーロード,ja
Sobrecarga cognitiva,コグニティブ オーバーロード,ja
Sobrecarga de Varas,ワンド オーバーフロー,ja
Sobrecarga de cinturones,ベルト オーバーフロー,ja
Sobrecarga de espadas,ソード オーバーフロー,ja
Sobrecarga de varitas,ワンド オーバーフロー,ja
Sobretudo Suspeito,怪しげなトレンチコート,ja
Sobrevivente,サバイバー,ja
Sobreviviente,サバイバー,ja
Sodronyozott mellény,チェイン ベスト,ja
Soif-de-sang,ブラッドサースター,ja
Sojusznik Opiekuna,庇護者のお供,ja
Sok Cappa,帽子ジュース,ja
Soldi per il pranzo,昼食代,ja
Solo Leveling,俺だけレベルアップ,ja
Solo Plate,一人前プレート,ja
Solo Pétreo,一人前プレート,ja
Solo-Leveling,俺だけレベルアップ,ja
Solo-Steinpanzer,一人前プレート,ja
Solowa Płyta,一人前プレート,ja
Solul dezolant al lui Zeke,冷酷なるジークの使者,ja
Solul lui Zeke,ジークの使者,ja
Solzi sclipitori,シマースケールのエッセンス,ja
Sombrero Mortífero de Rabadon,ラバドン デスキャップ,ja
Sombrero mortal de Rabadon,ラバドン デスキャップ,ja
Sombreros Más Letales,もっと怖いキャップ,ja
Sombreros más mortales,もっと怖いキャップ,ja
Son Fısıltı,ラスト ウィスパー,ja
Sona,ソナ,ja
Sona Kalanlar,サバイバー,ja
Song Sát Tốc Hành,高速ダブルキル,ja
Song Vệ,ツインガーディアン,ja
Song Đấu,聖なる決闘者,ja
Sonnenfeuer-Brett,サンファイア ボード,ja
Sonnenfeuer-Umhang,サンファイア ケープ,ja
Sonsuz Büyü,連続魔法,ja
Sonsuz Karanlık,ダークスター,ja
Sonsuz Karanlık Amblemi,ダークスターの紋章,ja
Sonsuz Çaresizlik,終わりなき絶望,ja
Sopa Fazlalığı,ワンド オーバーフロー,ja
Sopa İşçisi,杖鍛冶,ja
Soraka csodatétele,ソラカの奇跡,ja
Soraka áldása,ソラカの恩恵,ja
Soraka'nın Lütfu,ソラカの恩恵,ja
Soraka'nın Mucizesi,ソラカの奇跡,ja
Soraka's Boon,ソラカの恩恵,ja
Soraka's Miracle,ソラカの奇跡,ja
Sorakas Segen,ソラカの恩恵,ja
Sorakas Wunder,ソラカの奇跡,ja
Soračin dar,ソラカの恩恵,ja
Soračin zázrak,ソラカの奇跡,ja
Sorsszövő,フェイトウィーバー,ja
Sorte em Alta,ツイてる気分,ja
Sorvadt ereklye,枯朽の遺物,ja
Soubojový režim,チャレンジャーモード,ja
Soudce,アービター,ja
Soul Awakening,ソウルの目覚め,ja
Soustředěná palba,集中砲火,ja
Soustředěný horizont,ホライゾン フォーカス,ja
Soutien indéfectible,一致団結,ja
Souvislé sesílání,連続魔法,ja
Sovraccarico cognitivo,コグニティブ オーバーロード,ja
Spaccato di vita,普通の日々,ja
Space Groove,スペースグルーヴ,ja
Space Groove Emblem,スペースグルーヴの紋章,ja
Spaczony Wampiryczny Kostur,穢れたヴァンパイア セプター,ja
Spada furiei lui Guinsoo,グインソー レイジブレード,ja
Sparkonto,普通預金口座,ja
Sparring Gloves,スパーリング グローブ,ja
Spasitel,救済者,ja
Spatola,へら,ja
Spatula,へら,ja
Spatule,へら,ja
Spatulă,へら,ja
Spear of Shojin,ショウジンの矛,ja
Specialista del finale,レイトゲーム スペシャリスト,ja
Specialista na závěrečnou fázi,レイトゲーム スペシャリスト,ja
Specialistul sfârșitului jocului,レイトゲーム スペシャリスト,ja
Specjalista od Końcówki,レイトゲーム スペシャリスト,ja
Specjalistyczny Hełm,アダプティブ ヘルム,ja
Spectral Cutlass,スペクトラル カトラス,ja
Spedizione,エクスペディション,ja
Speedy Double Kill,高速ダブルキル,ja
Speer von Shojin,ショウジンの矛,ja
Spektrales Entermesser,スペクトラル カトラス,ja
Spektrum jegy,プリズムチケット,ja
Spektrální vstupenka,プリズムチケット,ja
Speranza perduta,ウィッツ エンド,ja
Spesa oculata,賢い買い物,ja
Spezzatempo,タイムブレーカー,ja
Spirit Visage,スピリット ビサージュ,ja
Spirit of Redemption,リデンプションの魂,ja
Spirito di redenzione,リデンプションの魂,ja
Spiritul izbăvirii,リデンプションの魂,ja
Splétaná magie,紡がれし魔法,ja
Splétač osudu,フェイトウィーバー,ja
Společné objetí,みんなでハグ,ja
Spořicí účet,普通預金口座,ja
Spreading Roots,広がる根,ja
Spécialiste des fins de partie,レイトゲーム スペシャリスト,ja
Spéculation,ヘッジファンド,ja
Srdce z oceli,鋼の心,ja
Stab des Erzengels,アークエンジェル スタッフ,ja
Stabschmied,杖鍛冶,ja
Stabüberfluss,ワンド オーバーフロー,ja
Staffsmith,杖鍛冶,ja
Stand United,一致団結,ja
Stargazer,星の観測者,ja
Stargazer Emblem,星の観測者の紋章,ja
Statikk Hançer,スタティック シヴ,ja
Statikk Shiv,スタティック シヴ,ja
Statikk töltőpengéje,スタティック シヴ,ja
Statikkova kudla,スタティック シヴ,ja
Statikks Stich,スタティック シヴ,ja
Stats à foison !,ステータスマシマシ,ja
Stavebnice společníků,コンパニオン作成,ja
Stea întunecată,ダークスター,ja
Steadfast Heart,揺るがぬ心,ja
Steinpanzer des Wasserspeiers,ガーゴイル ストーンプレート,ja
Stella Oscura,ダークスター,ja
Stellar Combo,ステラコンボ,ja
Stemma di Lightshield,ライトシールドのクレスト,ja
Stemmaguarda,クラウンガード,ja
Sterak kihívása,ステラックの篭手,ja
Sterak's Gage,ステラックの篭手,ja
Sterak'ın Güvencesi,ステラックの篭手,ja
Sterakova zástava,ステラックの篭手,ja
Steraks Pegel,ステラックの篭手,ja
Sterndeuter,星の観測者,ja
Sterndeuter-Emblem,星の観測者の紋章,ja
Sternen-Kombo,ステラコンボ,ja
Sternenvernichter,ダークスター,ja
Sternenvernichter-Emblem,ダークスターの紋章,ja
Stibitzen,窃盗,ja
Stopařčin chránič,シーカー アームガード,ja
Storia di una rimonta,逆転劇,ja
Strahlender Halunke,輝く悪党,ja
Strateji Ustası Kalkanı,タクティシャンの盾,ja
Strateji Ustası Pelerini,タクティシャンのケープ,ja
Strateji Ustası Tacı,タクティシャンの王冠,ja
Strateji Ustasının Mutfağı,タクティシャンの台所,ja
Stratégie de ligne arrière,後衛の設計図,ja
Striker's Flail,ストライカー フレイル,ja
Strom vlastností,特性の木,ja
Strážná dvojice,ツインガーディアン,ja
Studio paziente,研究熱心,ja
Studiu diligent,研究熱心,ja
Stwórz Sobie Kumpla,仲間を作ろう,ja
Stwórz Towarzysza,コンパニオン作成,ja
Stínová loutka,影の操り人形,ja
Stürmerflegel,ストライカー フレイル,ja
Stříbrná lžička,銀の匙,ja
Stůjme při sobě,一致団結,ja
Su tutti i fronti,構成拡大,ja
Su verso il cielo,星を目指して,ja
Subscription Service,サブスクリプション,ja
Subskrypcja,サブスクリプション,ja
Suc Cappa,帽子ジュース,ja
Succes critic,クリティカル サクセス,ja
Successo critico,クリティカル サクセス,ja
Succo Cappa,帽子ジュース,ja
Sucesso Crítico,クリティカル サクセス,ja
Suco de Chapéu,帽子ジュース,ja
Sugárzó csirkefogó,輝く悪党,ja
Suhanó sutyerák,リフトスカトル,ja
Sunfire Board,サンファイア ボード,ja
Sunfire Cape,サンファイア ケープ,ja
Super sac de butin,大きな福袋,ja
Superstite,サバイバー,ja
Superviviente,サバイバー,ja
Suppresseur doré,ミニマックス,ja
Supraviețuitor,サバイバー,ja
Supraîncărcare cognitivă,コグニティブ オーバーロード,ja
Surcharge cognitive,コグニティブ オーバーロード,ja
Surpriză nesurprinzătoare,想定内の意外性,ja
Survivant,サバイバー,ja
Survivor,サバイバー,ja
Suscripción de Lujo,豪華なサブスク,ja
Suscripción de lujo,豪華なサブスク,ja
Suspicious Trench Coat,怪しげなトレンチコート,ja
Sussurro fatale,ラスト ウィスパー,ja
Sute de atribute!,ステータスマシマシ,ja
Sweet Treats,甘いおやつ,ja
Sword Overflow,ソード オーバーフロー,ja
Swordsmith,剣鍛冶,ja
Sympathetic Implant,共感インプラント,ja
Szaleństwo Zakupów,買い物三昧,ja
Szczęśliwe Rękawice,ラッキーグローブ,ja
Szellemarc,スピリット ビサージュ,ja
Szerencsés kesztyű,ラッキーグローブ,ja
Szermierka Yasuo,ヤスオのブレードワーク,ja
Szerteágazó gyökerek,広がる根,ja
Szeráf pálcája,セラフィムの杖,ja
Szimpatikus implantátum,共感インプラント,ja
Szintlépés!,レベルアップ！,ja
Szpatułka,へら,ja
Szpon Ciemnego Typa,プローラー クロウ,ja
Szunnyadó kohó,未来の鍛冶場,ja
Szybkie Dwa Trupy,高速ダブルキル,ja
Száműzöttek I.,エグザイル,ja
Szélhámos,ハスラー,ja
Szólójátékos,俺だけレベルアップ,ja
Születésnapi ajándék,バースデープレゼント,ja
Születésnapi találkozó,バースデー リユニオン,ja
Sách Chọn Ấn,特性の書,ja
Sárkánykarom,ドラゴン クロウ,ja
Sát Thủ Khát Máu,無差別殺人者,ja
Sát Thủ Đánh Thuê,プロの殺し屋,ja
Sét Cao Thế,高電圧,ja
Síla artefaktů,力に鍛えられしもの,ja
Sólový plát,一人前プレート,ja
Sólový postup,俺だけレベルアップ,ja
Sötét csillag,ダークスター,ja
Sötét csillag embléma,ダークスターの紋章,ja
Sötét hölgy,闇の女帝,ja
Sükûnet Örtüsü,沈黙の帳,ja
Süper Hızlı Micin,ターミィプナル ヴェロシティー,ja
Sürgünler,エグザイル,ja
Süße Leckereien,甘いおやつ,ja
Săbii fără număr,ソード オーバーフロー,ja
Săbii mai letale,デッドリアー ブレード,ja
Săn Kho Báu,宝探し,ja
Słodkie Przysmaki,甘いおやつ,ja
Słoneczna Peleryna,サンファイア ケープ,ja
Słoneczna Płyta,サンファイア ボード,ja
Sơ Đồ Tuyến Sau,後衛の設計図,ja
Số 4 Hoàn Hảo,フォーが共にあらんことを,ja
Sống Vội,ハスラー,ja
TEK Kılıcı,B.F.ソード,ja
Tabla solară,サンファイア ボード,ja
Tablero de Fuego Solar,サンファイア ボード,ja
Tablero de fuego solar,サンファイア ボード,ja
Tabuleiro de Fogo Solar,サンファイア ボード,ja
Tactician's Cape,タクティシャンのケープ,ja
Tactician's Crown,タクティシャンの王冠,ja
Tactician's Kitchen,タクティシャンの台所,ja
Tactician's Shield,タクティシャンの盾,ja
Tahm Kench,タム・ケンチ,ja
Taina întunericului,ナイト エッジ,ja
Taktikerküche,タクティシャンの台所,ja
Taktikova koruna,タクティシャンの王冠,ja
Taktikova kuchyně,タクティシャンの台所,ja
Taktikus köpenye,タクティシャンのケープ,ja
Taktikus pajzsa,タクティシャンの盾,ja
Taktikusok konyhája,タクティシャンの台所,ja
Taktikův plášť,タクティシャンのケープ,ja
Taktikův štít,タクティシャンの盾,ja
Takviye Paketi,ブースターパック,ja
Takım Çalışması,一致団結,ja
Talisman Of Ascension,超越のタリスマン,ja
Talisman de l'ascension,超越のタリスマン,ja
Talismano dell'ascensione,超越のタリスマン,ja
Talismanul ascensiunii,超越のタリスマン,ja
Talismán de Ascensión,超越のタリスマン,ja
Talismã da Ascensão,超越のタリスマン,ja
Talizman Wstąpienia,超越のタリスマン,ja
Talon,タロン,ja
Találd meg önmagad,ここがセンター,ja
Tam Donanımlı,コンパニオン作成,ja
Tam Teşekküllü,仲間を作ろう,ja
Tana del Barone,バロンの巣,ja
Tancuri la xerox,2体のタンク,ja
Tandemová fronta,デュオキュー,ja
Tanks jumeaux,2体のタンク,ja
Tanque em Dobro,2体のタンク,ja
Tanrıça'nın Gözyaşı,女神の涙,ja
Tanışma Toplantısı,ミスコネクション,ja
Tarcza Taktyka,タクティシャンの盾,ja
Tare ca fierul,カナとカネ,ja
Target-Lock Optics,ターゲットロック スコープ,ja
Tartalékíjak,援護の弓,ja
Tartsd a frontot,前線維持,ja
Tatlı Atıştırmalıklar,甘いおやつ,ja
Taxa Cognitiva,コグニティブ タックス,ja
Taxe cognitive,コグニティブ タックス,ja
Taze Kan,新兵,ja
Taşınabilir Ocak,ポータブル フォージ,ja
Te simți norocos,ツイてる気分,ja
Team Building,チーム構築,ja
Team building,チーム構築,ja
Teambildung,チーム構築,ja
Teambuilding,チーム構築,ja
Teaming Up,一致団結,ja
Tear of the Goddess,女神の涙,ja
Tecelã do Destino,フェイトウィーバー,ja
Tecendo Magia,紡がれし魔法,ja
Teemo,ティーモ,ja
Teilaufstieg,不完全アセンション,ja
Tejedestinos,フェイトウィーバー,ja
Tekrar Dene,ミッションの再開,ja
Tela magica,紡がれし魔法,ja
Temná hvězda,ダークスター,ja
Temná paní,闇の女帝,ja
Tempesta di Luden,ルーデン テンペスト,ja
Tempestad de Luden,ルーデン テンペスト,ja
Tempête de Luden,ルーデン テンペスト,ja
Tenete la posizione,前線維持,ja
Tenir le front,前線維持,ja
Tentative de comeback,逆転劇,ja
Ter-Meep-nale Geschwindigkeit,ターミィプナル ヴェロシティー,ja
Termeepnal Velocity,ターミィプナル ヴェロシティー,ja
Termipnální rychlost,ターミィプナル ヴェロシティー,ja
Terquedad,偵察なし、変更なし,ja
Terrore dei lich,リッチ ベイン,ja
Tesori sepolti,埋もれた宝物,ja
Tesoros Enterrados,埋もれた宝物,ja
Tesoros enterrados,埋もれた宝物,ja
Tesouros Enterrados,埋もれた宝物,ja
Tessifato,フェイトウィーバー,ja
Testőrképzés,ボディーガードの訓練,ja
Tetro araldo di Zeke,冷酷なるジークの使者,ja
Tezbıçak,フリッカーブレード,ja
Thanh Lý Toàn Bộ,ファイアセール,ja
Thanh Âm Chữa Lành,癒しのこだま,ja
The Big Bang,ビッグバン,ja
The Golden Dragon,黄金の龍,ja
The Golden Egg,金のタマゴ,ja
The Indomitable,不屈,ja
The Mighty Mech,マイティーロボ,ja
The Tower,ザ・タワー,ja
The Trait Tree,特性の木,ja
Thief's Gloves,盗賊のグローブ,ja
Thresh lámpása,スレッシュのランタン,ja
Thresh áldása,スレッシュの恩恵,ja
Thresh'in Feneri,スレッシュのランタン,ja
Thresh'in Lütfu,スレッシュの恩恵,ja
Thresh's Boon,スレッシュの恩恵,ja
Thresh's Lantern,スレッシュのランタン,ja
Threshova lucerna,スレッシュのランタン,ja
Threshs Laterne,スレッシュのランタン,ja
Threshs Segen,スレッシュの恩恵,ja
Threshův dar,スレッシュの恩恵,ja
Thua Có Tính Toán,戦略的敗北,ja
Thuế Nhận Thức,コグニティブ タックス,ja
Thách Đấu,チャレンジャー,ja
Thép Mạ Vàng,金ピカの鋼,ja
Thích Mở Rộng,思惑買い,ja
Thông Thoáng,明鏡止水,ja
Thông Đạo Zz'rot,ジ＝ロット ポータル,ja
Thú Tượng Thạch Giáp,ガーゴイル ストーンプレート,ja
Thăng Hoa,アセンション,ja
Thăng Hoa Của Kayle,ケイルの天昇,ja
Thăng Hoa Rực Rỡ Của Kayle,ケイルの暁光の天昇,ja
Thăng Tiến Cuối Trận,レイトゲーム スケーリング,ja
Thần Ban Phước,神の祝福,ja
Thần Phán,アービター,ja
Thịnh Nộ Thủy Quái,クラーケンの怒り,ja
Thời Không,タイムブレーカー,ja
Thợ Rèn Gậy,杖鍛冶,ja
Thợ Rèn Kiếm,剣鍛冶,ja
Thợ Săn Vũ Trụ,ギャラクシー ハンター,ja
Thức Tỉnh Linh Hồn,ソウルの目覚め,ja
Ti senti fortunato?,ツイてる気分,ja
Ticaret Bölgesi,トレードセクター,ja
Ticaretin Özü,コマース コア,ja
Ticket prismatique,プリズムチケット,ja
Tiercé,トライフェクタ,ja
Tigaia de aur,フライパン,ja
Tiltott bálvány,フォビドゥン アイドル,ja
Timebreaker,タイムブレーカー,ja
Timebreaker Emblem,タイムブレーカーの紋章,ja
Tinh Linh Chuông,ミィプル,ja
Tinh Túy Kim Long,シマースケールのエッセンス,ja
Tiniest Titan,もっと小さな巨人,ja
Tiny Titans,小さな巨人,ja
"Tiny, but Deadly",小さくても強烈,ja
Tirada Ligeramente Mágica,ちょっとだけ魔法のダイス,ja
Tirada Mágica,魔法のダイス,ja
Tiro lievemente magico,ちょっとだけ魔法のダイス,ja
Tiro porque me toca,ローリングデイズ,ja
Tisse-destin,フェイトウィーバー,ja
Tiszta elme,明鏡止水,ja
Titan micuț,もっと小さな巨人,ja
Titan's Resolve,巨人の誓い,ja
Titanes Diminutos,小さな巨人,ja
Titanic Hydra,タイタン ハイドラ,ja
Titanische Hydra,タイタン ハイドラ,ja
Titano minuscolo,もっと小さな巨人,ja
Titanın Azmi,巨人の誓い,ja
Titánhidra,タイタン ハイドラ,ja
Titánská hydra,タイタン ハイドラ,ja
Titánské odhodlání,巨人の誓い,ja
Tiên Phong,ヴァンガード,ja
Tiên Tri,神託,ja
Tiêu Dùng Thông Minh,賢い買い物,ja
Tiếp Tế Trang Bị,アイテム福袋,ja
Tiền Tuyến Vững Chãi,ラインナップ,ja
Tiền Vệ Trung Tâm,ここがセンター,ja
Tiền Ăn Trưa,昼食代,ja
Tiệc Tùng,パーティーアニマル,ja
Tkacze Losu,フェイトウィーバー,ja
Tkanie Czarów,紡がれし魔法,ja
Tlupa zlodějů,盗賊団,ja
Tlupa zlodějů II,盗賊団 II,ja
To Lớn & Mạnh Mẽ,ジャイアント&マイティ,ja
Todo para mí,ジャストヒット,ja
Toiag uriaș,ムダニ デカイ ロッド,ja
Toiagul arhanghelului,アークエンジェル スタッフ,ja
Toiege fără număr,ワンド オーバーフロー,ja
Tolvajkesztyű,盗賊のグローブ,ja
Tolvajok bandája,盗賊団,ja
Tolvajok bandája II,盗賊団 II,ja
Tome des emblèmes,特性の書,ja
Tome of Trait,特性の書,ja
Tome of Traits,特性の書,ja
Tomo das Características,特性の書,ja
Tomo de Rasgos,特性の書,ja
Tomo de atributos,特性の書,ja
Tomo dei tratti,特性の書,ja
Tomul caracteristicilor,特性の書,ja
Toneladas de Atributos!,ステータスマシマシ,ja
Tonlarca Nitelik!,ステータスマシマシ,ja
Tonnenweise Werte!,ステータスマシマシ,ja
Tonnányi statisztika!,ステータスマシマシ,ja
Tons of Stats!,ステータスマシマシ,ja
Tony Statystyk!,ステータスマシマシ,ja
Torba z Przedmiotami,アイテム福袋,ja
Torba z Przedmiotami Urfa,アーフの福袋,ja
Tormenta de Luden,ルーデン テンペスト,ja
Tot sunt buni la ceva,有効活用,ja
Touche-à-tout,不適合者,ja
Tout doit disparaître,叩きつけ,ja
Toàn Thắng,勝ち抜け,ja
Toán Cướp,略奪者,ja
Trabajo en Equipo,チーム構築,ja
Trabalho em Equipe,チーム構築,ja
Trade Sector,トレードセクター,ja
Tragbare Schmiede,ポータブル フォージ,ja
Training Dummy,ダミー,ja
Trang Bị Pandora,パンドラのアイテム,ja
Transfer de încărcare,チャージトランスファー,ja
Transferencia de Carga,チャージトランスファー,ja
Transferencia de carga,チャージトランスファー,ja
Transfert,チャージトランスファー,ja
Transferência de Carga,チャージトランスファー,ja
Transformação em Boneco,ダミー化,ja
Trasferimento carica,チャージトランスファー,ja
Treasure Hunt,宝探し,ja
Treinamento de Guarda-costas,ボディーガードの訓練,ja
Tremblelames,フリッカーブレード,ja
Trench-coat suspect,怪しげなトレンチコート,ja
Trenci suspect,怪しげなトレンチコート,ja
Trening Ochroniarza,ボディーガードの訓練,ja
Trepador Social,上方移動,ja
Trezirea sufletului,ソウルの目覚め,ja
Tributo cognitivo,コグニティブ タックス,ja
Trifecta,トライフェクタ,ja
Trinca,トライフェクタ,ja
Triomphe,プロボクサー,ja
Triplete,トライフェクタ,ja
Tripletta,トライフェクタ,ja
Triplu avantaj,トライフェクタ,ja
Triệu Gọi Hỗn Mang,混沌への呼び声,ja
Triệu Hồi Bất Tận,連続魔法,ja
Troca Sem Fim,ローリングデイズ,ja
Trojice,トライフェクタ,ja
Trova il tuo centro,ここがセンター,ja
Trpělivost je ctnost,忍耐の美徳,ja
Trpělivé studium,研究熱心,ja
Truffatore,ハスラー,ja
Trung Tâm Thương Mại,コマース コア,ja
Tryb Pretendenta,チャレンジャーモード,ja
Tryb Przekaźnika,コンジットモード,ja
Tryb Replikatora,レプリケーターモード,ja
Trzask-Prask,叩きつけ,ja
Trzymać Szyk,前線維持,ja
Trái Tim Kiên Định,揺るがぬ心,ja
Trái Tim Sắt Đá,鋼の心,ja
Träne der Göttin,女神の涙,ja
Tréninkové rukavice,スパーリング グローブ,ja
Trésors enfouis,埋もれた宝物,ja
Trên Đà Phát Triển,絶好調,ja
Trí Tuệ Siêu Công Nghệ,サイバネティック アップリンク,ja
Trượng Hư Vô,ヴォイド スタッフ,ja
Trượng Đại Thiên Sứ,セラフィムの杖,ja
Trực Giác Của Evelynn,イブリンの直感,ja
Tuch der Stille,沈黙の帳,ja
Tueur de géants,ジャイアント スレイヤー,ja
Tueur impitoyable,無差別殺人者,ja
Tueur à gages,プロの殺し屋,ja
Tugend des Märtyrers,マーターズ ヴァーチュ,ja
Tun-mitralieră,ラピッド ファイアキャノン,ja
Turnul,ザ・タワー,ja
Tuyển Nhân Sự,新兵,ja
Twin Guardian,ツインガーディアン,ja
Twin Guardians,ツインガーディアン,ja
Twisted Fate,ツイステッド・フェイト,ja
Two Much Value,お得な2,ja
Two Tanky,2体のタンク,ja
Tworzenie Drużyny,チーム構築,ja
Twórcze Tworzenie,巧みなクラフト,ja
Typologie,全身全霊,ja
Tài Khoản Tiết Kiệm,普通預金口座,ja
Tái Khởi Động Nhiệm Vụ,ミッションの再開,ja
Tái Lập Vũ Trụ,宇宙の再起,ja
Tápláld a tüzet,炎を強めて,ja
Tíha koruny,王冠とは重きもの,ja
Tín Đồ Mua Sắm,買い物三昧,ja
Tòa Tháp,ザ・タワー,ja
Tôi Luyện Sức Mạnh,力に鍛えられしもの,ja
Tôi Thăng Cấp Một Mình,俺だけレベルアップ,ja
Tödlichere Hauben,もっと怖いキャップ,ja
Tödlichere Klingen,デッドリアー ブレード,ja
Töltésátvitel I.,チャージトランスファー,ja
Törj a csillagok felé,星を目指して,ja
Törékeny tüzér I.,グラスキャノン,ja
Törésteszt bábuk,衝突試験用ダミー,ja
Tú Pégales,ジャストヒット,ja
Túi Đồ Cỡ Nhỏ,小さな福袋,ja
Túi Đồ Cỡ Đại,大きな福袋,ja
Túi Đồ Siêu Hùng,英雄のラッキーバッグ,ja
Túi Đồ Urf,アーフの福袋,ja
Túlvilági szablya,スペクトラル カトラス,ja
Túlélő,サバイバー,ja
Türelem rózsát terem,忍耐の美徳,ja
Türelmes tanuló,研究熱心,ja
Tăișuri sclipitoare,フリッカーブレード,ja
Tăng Trưởng Bùng Nổ,爆発的成長,ja
Tırmanışa Devam,はしごを登れ,ja
Tất Tay Bậc Đồng,生涯ブロンズ,ja
Tập Chịu Đòn,ボクシングのレッスン,ja
Tập Trung Hỏa Lực,集中砲火,ja
Tối Tân,ファクトリー ニュー,ja
Tối Đa Hóa,ミニマックス,ja
Tộc Thượng Cổ,プライモーディアン,ja
Tụ Bão Zeke,ジークの使者,ja
Tụ Điện,放電,ja
Tứ Phương Tiếp Viện,最強の四配者,ja
Tự Lập Đội,仲間を作ろう,ja
U Sầu,ドゥーマー,ja
U. R. F.,U.R.F.,ja
U.R.F,U.R.F.,ja
URF,U.R.F.,ja
Uccisore di giganti,ジャイアント スレイヤー,ja
Uccisore indiscriminato,無差別殺人者,ja
Ucigaș fără discriminare,無差別殺人者,ja
Ucigaș plătit,プロの殺し屋,ja
Ufak Çekiliş,小さな福袋,ja
Ufukgetiren,ホライゾン フォーカス,ja
Uhrwerk-Beschleuniger,時計仕掛けの加速装置,ja
Ulepszona Moc,オーグメントパワー,ja
Ultima șoaptă,ラスト ウィスパー,ja
Uluların Tılsımı,超越のタリスマン,ja
Ulvi Düellocu,聖なる決闘者,ja
Ulvi Ocak,神の鍛冶場,ja
Um Dois Três,一 二 三,ja
"Um, Dois, Cinco!",ワン、ツー、ファイブ！,ja
Umhang des Taktikers,タクティシャンのケープ,ja
"Un buff, două buff-uri",バフが1つ、バフが2つ,ja
"Un buff, due buff",バフが1つ、バフが2つ,ja
Un due tre,一 二 三,ja
Un mismo ser,鏡像のペルソナ,ja
Un mismo ser inferior,劣化版鏡像のペルソナ,ja
Un tiro magico,魔法のダイス,ja
Un'avventura gloriosa,崇高の冒険,ja
"Un, deux, trois",一 二 三,ja
Una Aventura Eminente,崇高の冒険,ja
"Una Mejora, Dos Mejoras",バフが1つ、バフが2つ,ja
Una aventura repleta de exaltación,崇高の冒険,ja
Una lágrima en la arena,好きなだけ泣くがいい,ja
"Una mejora, dos mejoras...",バフが1つ、バフが2つ,ja
"Unde-s 2 stele, puterea crește",最強の四配者,ja
Une aventure exaltante,崇高の冒険,ja
Unending Despair,終わりなき絶望,ja
Unerschütterliches Herz,揺るがぬ心,ja
Unidos,一致団結,ja
Unire în luptă,一致団結,ja
Uniti nelle difficoltà,一致団結,ja
"Uno, Dos, Tres",一 二 三,ja
"Uno, dos, tres...",一 二 三,ja
"Uno, dos, ¡cinco!",ワン、ツー、ファイブ！,ja
"Uno, dos... ¡cinco!",ワン、ツー、ファイブ！,ja
"Uno, due, cinque!",ワン、ツー、ファイブ！,ja
"Unu, doi, cinci!",ワン、ツー、ファイブ！,ja
"Unu, doi, trei",一 二 三,ja
Unübertreffliche Schmiede,神の鍛冶場,ja
Upando Solo,俺だけレベルアップ,ja
Upward Mobility,上方移動,ja
Upírská vitalita,吸血の胆力,ja
Urf Hamlesi,アーフの策略,ja
Urf játszmája,アーフの策略,ja
Urf zsákbamacskája,アーフの福袋,ja
Urf's Gambit,アーフの策略,ja
Urf's Grab Bag,アーフの福袋,ja
Urf'ün Çekilişi,アーフの福袋,ja
Urfova dárková taška,アーフの福袋,ja
Urfs Gambit,アーフの策略,ja
Urfs Wundertüte,アーフの福袋,ja
Urfův gambit,アーフの策略,ja
Urgia de pe lume,リッチ ベイン,ja
Urgot,アーゴット,ja
Utazó,ボイジャー,ja
Utazó embléma,ボイジャーの紋章,ja
Utolsó esély,ウィッツ エンド,ja
Utolsó lehelet,ラスト ウィスパー,ja
Uyumsuzlar,不適合者,ja
Uzayın Ritmi,スペースグルーヴ,ja
Uzayın Ritmi Amblemi,スペースグルーヴの紋章,ja
Vale a Espera,待つ価値あり,ja
Vale la Pena la Espera,待つ価値あり,ja
Valeva la pena aspettare,待つ価値あり,ja
Valor del Titán,巨人の誓い,ja
Valor em Excesso,お得な2,ja
Vampir-Vitalität,吸血の胆力,ja
Vampiric Vitality,吸血の胆力,ja
Vampirî Zindelik,吸血の胆力,ja
Vanguard,ヴァンガード,ja
Vanguard Emblem,ヴァンガードの紋章,ja
Vanguarda,ヴァンガード,ja
Vanguardia,ヴァンガード,ja
Vara Innecesariamente Grande,ムダニ デカイ ロッド,ja
Vara innecesariamente grande,ムダニ デカイ ロッド,ja
Varus Besessenheit,ヴァルスの執念,ja
Varus megszállottsága,ヴァルスの執念,ja
Varus áldása,ヴァルスの恩恵,ja
Varus' Segen,ヴァルスの恩恵,ja
Varus's Boon,ヴァルスの恩恵,ja
Varus's Obsession,ヴァルスの執念,ja
Varus'un Lütfu,ヴァルスの恩恵,ja
Varus'un Saplantısı,ヴァルスの執念,ja
Varusova posedlost,ヴァルスの執念,ja
Varusův dar,ヴァルスの恩恵,ja
Varázsdobás,魔法のダイス,ja
Varázsszőttes,紡がれし魔法,ja
Vaseszközök,カナとカネ,ja
Vaurien de la lumière,輝く悪党,ja
Vay Tạm Ứng,前借り,ja
Vedlejší účinky,副作用,ja
Veigar,ベイガー,ja
Velikost a síla,ジャイアント&マイティ,ja
Velitel,コマンダー,ja
Velitelka Animy,アニマ司令官,ja
Velkolepé dobrodružství,崇高の冒険,ja
Velká dárková taška,大きな福袋,ja
Velký třesk,ビッグバン,ja
Velo costante,イーブンシュラウド,ja
Velo de sosiego,沈黙の帳,ja
Velocidad Termeepnal,ターミィプナル ヴェロシティー,ja
Velocidad temperameeptal,ターミィプナル ヴェロシティー,ja
Velocidade Termipenal,ターミィプナル ヴェロシティー,ja
Velocità termipponale,ターミィプナル ヴェロシティー,ja
Venganza,報復,ja
Ventos Revigorantes,起死回生,ja
Verbannte,エグザイル,ja
Verbotener Götze,フォビドゥン アイドル,ja
Verbündeter des Beschützers,庇護者のお供,ja
Verdorbenes vampirisches Zepter,穢れたヴァンパイア セプター,ja
Verdugo Indiscriminado,無差別殺人者,ja
Verdugo de Gigantes,ジャイアント スレイヤー,ja
Verdugo de gigantes,ジャイアント スレイヤー,ja
Verdächtiger Trenchcoat,怪しげなトレンチコート,ja
Verfehlte Verbindung,ミスコネクション,ja
Verfluchte Klinge,呪いの刃,ja
Verfluchte Krone,カースドのクラウン,ja
Vergeltung,報復,ja
Vergoldeter Stahl,金ピカの鋼,ja
Vergrabene Schätze,埋もれた宝物,ja
Vernichter,ドゥーマー,ja
Vernichter,根絶者,ja
Versteck des Barons,バロンの巣,ja
Verständnisvolles Implantat,共感インプラント,ja
Verstärkendes Amulett,心身統御のペンダント,ja
Vertu du martyr,マーターズ ヴァーチュ,ja
Verwittertes Relikt,枯朽の遺物,ja
Verwobene Magie,紡がれし魔法,ja
Vesmírný rytmus,スペースグルーヴ,ja
Vesta Espinosa,ブランブル ベスト,ja
Veste della stabilità,沈黙の帳,ja
Vestă de mărăcini,ブランブル ベスト,ja
Vestă de zale,チェイン ベスト,ja
Vex,ヴェックス,ja
Večerháv,イーブンシュラウド,ja
Viaggiatore,ボイジャー,ja
Viajante,ボイジャー,ja
Viajero,ボイジャー,ja
Victorie neașteptată,勝ち抜け,ja
Vida Cotidiana,普通の日々,ja
Viděti dvojmo,お得な2,ja
Vier-Gold-Verstärkung,最強の四配者,ja
Vigarista,ハスラー,ja
Viktor,ビクター,ja
Viktor'un Sihri,Arcane ビクタリー,ja
Viktor-ia de Arcane,Arcane ビクタリー,ja
Viktor-ia di Arcane,Arcane ビクタリー,ja
Viktor-ie ocultă,Arcane ビクタリー,ja
Viktoria Arcana,Arcane ビクタリー,ja
Viktorův triumf,Arcane ビクタリー,ja
Viktória Arcana,Arcane ビクタリー,ja
Villanópengék,フリッカーブレード,ja
Villámakció,ファイアセール,ja
Vingadora Exocósmica,銃装機神,ja
Virtud del Mártir,マーターズ ヴァーチュ,ja
Virtud del mártir,マーターズ ヴァーチュ,ja
Virtude do Mártir,マーターズ ヴァーチュ,ja
Virtue of the Martyr,マーターズ ヴァーチュ,ja
Virtutea martirului,マーターズ ヴァーチュ,ja
Virtù del martire,マーターズ ヴァーチュ,ja
Visage spirituel,スピリット ビサージュ,ja
Visionnaire,星の観測者,ja
Visszatérés-történet,逆転劇,ja
Vitalidad Vampírica,吸血の胆力,ja
Vitalidad vampírica,吸血の胆力,ja
Vitalidade Vampírica,吸血の胆力,ja
Vitalitate vampirică,吸血の胆力,ja
Vitalità vampirica,吸血の胆力,ja
Vitalité vampirique,吸血の胆力,ja
Viteză termipnală,ターミィプナル ヴェロシティー,ja
Viễn Chinh,ボイジャー,ja
Void Gauntlet,ヴォイド ガントレット,ja
Void Staff,ヴォイド スタッフ,ja
Voința buzduganului,メイスの決意,ja
Voința titanului,巨人の誓い,ja
Vojevůdcova čest,ウォーロードの名誉,ja
Volonté de la massue,メイスの決意,ja
Voluntad de la maza,メイスの決意,ja
Voluntad del Mazo,メイスの決意,ja
Volver al Ruedo,逆転劇,ja
Vorausdenken,先見性,ja
Voto del Protettore,プロテクターの誓い,ja
Voto del cavaliere,騎士の誓い,ja
Vous vous sentez en veine ?,ツイてる気分,ja
Voyager,ボイジャー,ja
Voyager Emblem,ボイジャーの紋章,ja
Voyageur,ボイジャー,ja
Vražední čtveráci,フォーが共にあらんことを,ja
Vražednější klobouky,もっと怖いキャップ,ja
Vražednější čepele,デッドリアー ブレード,ja
Vrcholná sestava,マックスビルド,ja
Vuốt Rồng,ドラゴン クロウ,ja
Vyber vlastnost,特性を選択,ja
Vybíravé výběry,ローリングデイズ,ja
Vyhlazovač,根絶者,ja
Vyhnanci,エグザイル,ja
Vyplatí se čekat,待つ価値あり,ja
Vyrob si kamaráda,友を鍛える,ja
Vysoké napětí,高電圧,ja
Vytrvalý vzestup,上方移動,ja
Vyzyvatel,チャレンジャー,ja
Vzestup,アセンション,ja
Vágj utat,道を切り拓け,ja
Válassz adottságot,特性を選択,ja
Válečná stezka,出陣,ja
Válogatás nélkül,無差別殺人者,ja
Vámpírerő I.,吸血の胆力,ja
Ván Cược Hoàng Kim,黄金の博打,ja
Ván Cược URF,アーフの策略,ja
Vánek,ゼファー,ja
Várható váratlanság,想定内の意外性,ja
Vânătoare de comori,宝探し,ja
Vânător galactic,ギャラクシー ハンター,ja
Vânătorul de uriași,ジャイアント スレイヤー,ja
Vé Kim Cương,プリズムチケット,ja
Végjátékbeli erőnövelés,レイトゲーム スケーリング,ja
Végtelen kétségbeesés,終わりなき絶望,ja
Végtelen védelem,インフィニティの守護,ja
Végzethozó,ドゥーマー,ja
Vérszomjas,ブラッドサースター,ja
Véráldozat,血の供物,ja
Véráldozat,血の価値,ja
Vírusmátrix,マルウェア マトリックス,ja
Vô Cực Kiếm,インフィニティ エッジ,ja
Vô Pháp,ローグ,ja
Võ Sĩ Giác Đấu,プロボクサー,ja
Vörös erősítés,レッドバフ,ja
Výbušný růst,爆発的成長,ja
Výcvik tělesného strážce,ボディーガードの訓練,ja
Výrobce holí,杖鍛冶,ja
Výrobce mečů,剣鍛冶,ja
Výzva chaosu,混沌への呼び声,ja
Văl uniform,イーブンシュラウド,ja
Vălul nemișcării,沈黙の帳,ja
Věčná dohoda,不滅の協定,ja
Věštec,神託,ja
Věž,ザ・タワー,ja
Vœu du chevalier,騎士の誓い,ja
Vœu du protecteur,プロテクターの誓い,ja
Vůle palcátu,メイスの決意,ja
Vươn Tới Tinh Tú,星を目指して,ja
Vương Miện Chiến Thuật,タクティシャンの王冠,ja
Vương Miện Hoàng Gia,クラウンガード,ja
Vương Miện Hắc Hóa,カースドのクラウン,ja
Vương Miện Nặng Trĩu,王冠とは重きもの,ja
W Czepku Urodzony,銀の匙,ja
W Czwórce Siła,最強の四配者,ja
Wachsende Wurzeln,広がる根,ja
Wampiryczna Żywotność,吸血の胆力,ja
Wand Overflow,ワンド オーバーフロー,ja
Wanderer,ボイジャー,ja
Wanderer-Emblem,ボイジャーの紋章,ja
Warlord's Honor,ウォーロードの名誉,ja
Warmog vértje,ワーモグ アーマー,ja
Warmog's Armor,ワーモグ アーマー,ja
Warmog'un Zırhı,ワーモグ アーマー,ja
Warmogova zbroj,ワーモグ アーマー,ja
Warmogs Rüstung,ワーモグ アーマー,ja
Warpath,出陣,ja
Warto Poczekać,待つ価値あり,ja
Wartość Dodana,お得な2,ja
Wczesna Nauka,早期教育,ja
We Stick Together,いつでも一緒,ja
Weise Ausgaben,賢い買い物,ja
Weltraum-Groove,スペースグルーヴ,ja
Weltraum-Groove-Emblem,スペースグルーヴの紋章,ja
Wezwanie Chaosu,混沌への呼び声,ja
Widmowy Rapier,スペクトラル カトラス,ja
Wie ist es um dein Glück bestellt?,ツイてる気分,ja
Wieczny Brąz,生涯ブロンズ,ja
Wieczny Pakt,不滅の協定,ja
Wiederaufnahme der Mission,ミッションの再開,ja
Wielka Wygrana,勝ち抜け,ja
Wielki Wybuch,ビッグバン,ja
Wielkie Poświęcenie,全身全霊,ja
Wielkość i Potęga,ジャイアント&マイティ,ja
Wieża,ザ・タワー,ja
Willkürlicher Killer,無差別殺人者,ja
Win Out,勝ち抜け,ja
"Winzig, aber tödlich",小さくても強烈,ja
Winzige Titanen,小さな巨人,ja
Winzigster Titan,もっと小さな巨人,ja
Wir halten zusammen,いつでも一緒,ja
Wise Spending,賢い買い物,ja
Wit's End,ウィッツ エンド,ja
Withered Relic,枯朽の遺物,ja
Wkalkulowana Strata,戦略的敗北,ja
Wojenna Ścieżka,出陣,ja
Wola Buławy,メイスの決意,ja
Worth the Wait,待つ価値あり,ja
Woven Magic,紡がれし魔法,ja
Wskrzeszenie,再起の呪印,ja
Wsparcie,一致団結,ja
Wspinaczka po Drabince,はしごを登れ,ja
Wspólne Siły,一致団結,ja
Wybierz cechę,特性を選択,ja
Wygięty Łuk,リカーブ ボウ,ja
Wygnańcy,エグザイル,ja
Wykuj Znajomego,友を鍛える,ja
Wykuklenie,ダミー化,ja
Wykuto w Sile,力に鍛えられしもの,ja
Wyniesienie,アセンション,ja
Wyprzedaż na Ostro,ファイアセール,ja
Wyrocznia,神託,ja
Wysokie Napięcie,高電圧,ja
Wytnij sobie drogę,道を切り拓け,ja
Wywyższenie Kayle,ケイルの天昇,ja
Wzmacniający Medalion,心身統御のペンダント,ja
Wzmocnienie Raz i Dwa,バフが1つ、バフが2つ,ja
Wälzer der Attribute,特性の書,ja
Wędrujący Krab,リフトスカトル,ja
Włócznia Shojin,ショウジンの矛,ja
Xayah,ザヤ,ja
Xoay Bài Tự Động,混乱回復装置,ja
Xây Dựng Đội Hình,チーム構築,ja
Xúc Xắc Hoành Tráng,エピックなロールダウン,ja
Xúc Xắc Ma Pháp,魔法のダイス,ja
Xúc Xắc Vô Tận,ローリングデイズ,ja
Xạ Thần,銃装機神,ja
Yaldızlı Çelik,金ピカの鋼,ja
Yalnız Zırh,一人前プレート,ja
Yampiri Yengeç,リフトスカトル,ja
Yan Etkiler,副作用,ja
Yarı İletken,半導体,ja
Yasak İdol,フォビドゥン アイドル,ja
Yasuo Figyelemmegosztása,ヤスオのスポットライトをシェア,ja
Yasuo aranymezője,ヤスオのゴールドのマス,ja
Yasuo kardforgatása,ヤスオのブレードワーク,ja
Yasuo áldása,ヤスオの恩恵,ja
Yasuo'nun Altın Hücresi,ヤスオのゴールドのマス,ja
Yasuo'nun Kılıç Sanatı,ヤスオのブレードワーク,ja
Yasuo'nun Lütfu,ヤスオの恩恵,ja
Yasuo'nun İlgi Budalası Eklentisi,ヤスオのスポットライトをシェア,ja
Yasuo's Bladework,ヤスオのブレードワーク,ja
Yasuo's Boon,ヤスオの恩恵,ja
Yasuo's Golden Hex,ヤスオのゴールドのマス,ja
Yasuo's Share The Spotlight,ヤスオのスポットライトをシェア,ja
Yasuo: Împarte centrul atenției,ヤスオのスポットライトをシェア,ja
Yasuos Goldfeld,ヤスオのゴールドのマス,ja
Yasuos Klingentanz,ヤスオのブレードワーク,ja
Yasuos Segen,ヤスオの恩恵,ja
Yasuos „Teile das Rampenlicht“,ヤスオのスポットライトをシェア,ja
Yasuovo mistrovství meče,ヤスオのブレードワーク,ja
Yasuovo zlaté pole,ヤスオのゴールドのマス,ja
Yasuův dar,ヤスオの恩恵,ja
Yasuův Široký paprsek,ヤスオのスポットライトをシェア,ja
Yatırımın Getirisi,投資完了,ja
Yayılan Kökler,広がる根,ja
Yayım Yayındır,弓の誓い,ja
Yağmacı,略奪者,ja
Yağmacı Amblemi,略奪者の紋章,ja
Yaşayan Ocak,歩く鍛冶場,ja
Yedek Yaylar,援護の弓,ja
Yelmo Adaptable,アダプティブ ヘルム,ja
Yelmo adaptable,アダプティブ ヘルム,ja
Yelmo sombrío,略奪者,ja
Yeni Çağ,エポック,ja
Yenilemeye Devam,絶好調,ja
Yenilmez,不屈,ja
Yok Edici,根絶者,ja
Yolumdan Dönmem,偵察なし、変更なし,ja
You Have My Bow,弓の誓い,ja
Yozlaşmış Vampirî Asa,穢れたヴァンパイア セプター,ja
Yük Aktarımı,チャージトランスファー,ja
Yüklü Borç,前借り,ja
Yüksek Voltaj,高電圧,ja
Yükseliş,アセンション,ja
Yıldız Gözlemcisi,星の観測者,ja
Yıldız Gözlemcisi Amblemi,星の観測者の紋章,ja
Yıldız Kombosu,ステラコンボ,ja
Yıldızlara Uzan,星を目指して,ja
Yıpranmış Antika,枯朽の遺物,ja
Za jakou cenu,代償,ja
Zaangażowanie,投資完了,ja
Zaawansowana Pożyczka,前借り,ja
Zabiják obrů,ジャイアント スレイヤー,ja
Zabójca do Wynajęcia,プロの殺し屋,ja
Zabójczy Kapelusz Rabadona,ラバドン デスキャップ,ja
Zagracony Umysł,乱れる思考,ja
Zagłada,ドゥーマー,ja
Zakopane Skarby,埋もれた宝物,ja
Zakopané poklady,埋もれた宝物,ja
Zamankıran,タイムブレーカー,ja
Zamankıran Amblemi,タイムブレーカーの紋章,ja
Zamiř ke hvězdám,星を目指して,ja
Zaměřovací optika,ターゲットロック スコープ,ja
Zaneprázdněná mysl,乱れる思考,ja
Zapora Przedniej Formacji,前衛の礎,ja
Zapovězená modla,フォビドゥン アイドル,ja
Zaprzepaszczona Znajomość,ミスコネクション,ja
Zapuszczanie Korzeni,広がる根,ja
Zararına Satış,ファイアセール,ja
Zasłona Równości,イーブンシュラウド,ja
Zbiry,ローグ,ja
Zbytečně dlouhá hůl,ムダニ デカイ ロッド,ja
Zdobená pěstnice,ジュエル ガントレット,ja
Zdobený květ,ジュエル ロータス,ja
Zdrang!,ボカッ！,ja
Zed,ゼド,ja
Zed,侵略者ゼド,ja
Zed Invasor,侵略者ゼド,ja
Zed Invasore,侵略者ゼド,ja
Zed Kẻ Xâm Lăng,侵略者ゼド,ja
Zefir,ゼファー,ja
Zefiro,ゼファー,ja
Zefír,ゼファー,ja
Zeitbrecher,タイムブレーカー,ja
Zeitbrecher-Emblem,タイムブレーカーの紋章,ja
Zeița armelor,銃装機神,ja
Zeke hírnöke,ジークの使者,ja
Zeke komor hírnöke,冷酷なるジークの使者,ja
Zeke'nin Kasvetli Sancağı,冷酷なるジークの使者,ja
Zeke'nin Sancağı,ジークの使者,ja
Zeke's Bleak Herald,冷酷なるジークの使者,ja
Zeke's Herald,ジークの使者,ja
Zekes Herold,ジークの使者,ja
Zekes düsterer Herold,冷酷なるジークの使者,ja
Zekeův pochmurný posel,冷酷なるジークの使者,ja
Zekeův posel,ジークの使者,ja
Zephir,ゼファー,ja
Zephyr,ゼファー,ja
Zesílení do závěru hry,レイトゲーム スケーリング,ja
Zhouba lichů,リッチ ベイン,ja
Zielerfassungslinse,ターゲットロック スコープ,ja
Zihin Açıklığı,明鏡止水,ja
Zihin Bulanıklığı,乱れる思考,ja
Zihinsel Hazırlık,オーラ育成中,ja
Zincir Yelek,チェイン ベスト,ja
Zindelik Broşu,心身統御のペンダント,ja
Zjazd Urodzinowy,バースデー リユニオン,ja
Zkázonoš,ドゥーマー,ja
Zlaté vejce,金のタマゴ,ja
Zlatý drak,黄金の龍,ja
Zlatý hod,黄金の博打,ja
Zlatý monzun,金のモンスーン,ja
Zlodějské rukavice,盗賊のグローブ,ja
Zlodějíček,窃盗,ja
Zmora Licza,リッチ ベイン,ja
Zoe,ゾーイ,ja
Zorn des Kraken,クラーケンの怒り,ja
Zoé,ゾーイ,ja
Zrcadlová osobnost,鏡像のペルソナ,ja
Zručná výroba,巧みなクラフト,ja
Zrádné upírské žezlo,穢れたヴァンパイア セプター,ja
Zsivány,ローグ,ja
Zsivány embléma,ローグの紋章,ja
Zsúfolt elme,乱れる思考,ja
Ztracené konexe,ミスコネクション,ja
Zu etwas nütze,有効活用,ja
Zu viel Wert,お得な2,ja
Zu welchem Preis,代償,ja
Zu zäh,2体のタンク,ja
Zumito de la risa,帽子ジュース,ja
Zusammenarbeit,一致団結,ja
Zwillingswächter,ツインガーディアン,ja
Zwycięstwo Viktora z Arcane,Arcane ビクタリー,ja
Zz'Rot Kapısı,ジ＝ロット ポータル,ja
Zz'Rot Portal,ジ＝ロット ポータル,ja
Zz'Rot-Portal,ジ＝ロット ポータル,ja
Zz'Rot-kapu,ジ＝ロット ポータル,ja
Zákeřná monetizace,邪悪な収益化,ja
Základ přední řady,前衛の礎,ja
Záložní luky,援護の弓,ja
Záporozó könnyek,流れる涙,ja
Závěrečný spurt,勝ち抜け,ja
Zářivý rošťák,輝く悪党,ja
Zéfiro,ゼファー,ja
Zéphyr,ゼファー,ja
Zügiger Doppelkill,高速ダブルキル,ja
Ząb Nashora,ナッシャー トゥース,ja
Złote Jajo,金のタマゴ,ja
Złote Pole Yasuo,ヤスオのゴールドのマス,ja
Złote Ryzyko,黄金の博打,ja
Złoty Smok,黄金の龍,ja
Złowroga Monetyzacja,邪悪な収益化,ja
¡Bonk!,ボカッ！,ja
¡Estadísticas a tutiplén!,ステータスマシマシ,ja
¡Milestadísticas!,ステータスマシマシ,ja
¡Pum!,ボカッ！,ja
¡Sube de nivel!,レベルアップ！,ja
¡Subes de nivel!,レベルアップ！,ja
¿A qué precio?,代償,ja
¿Hacemos un Muñeco?,ダミー化,ja
¿Te Sientes con Suerte?,ツイてる気分,ja
À toute meepesse,ターミィプナル ヴェロシティー,ja
Ábrete Camino,道を切り拓け,ja
Ác Nữ,闇の女帝,ja
Állhatatos szív,揺るがぬ心,ja
Ám Ảnh Của Varus,ヴァルスの執念,ja
Ánima,アニマ,ja
Áo Choàng Bóng Tối,ナイト エッジ,ja
Áo Choàng Bạc,ネガトロン クローク,ja
Áo Choàng Chiến Thuật,タクティシャンのケープ,ja
Áo Choàng Diệt Vong,終わりなき絶望,ja
Áo Choàng Gai,ブランブル ベスト,ja
Áo Choàng Lửa,サンファイア ケープ,ja
Áo Choàng Mờ Ám,怪しげなトレンチコート,ja
Áo Choàng Thủy Ngân,クイックシルバー,ja
Áo Choàng Tĩnh Lặng,沈黙の帳,ja
Árbitro,アービター,ja
Árnybáb,影の操り人形,ja
Árvore de Características,特性の木,ja
Ân Huệ Của Ahri,アーリの恩恵,ja
Ân Huệ Của Aurelion Sol,オレリオン・ソルの恩恵,ja
Ân Huệ Của Ekko,エコーの恩恵,ja
Ân Huệ Của Evelynn,イブリンの恩恵,ja
Ân Huệ Của Kayle,ケイルの恩恵,ja
Ân Huệ Của Soraka,ソラカの恩恵,ja
Ân Huệ Của Thresh,スレッシュの恩恵,ja
Ân Huệ Của Varus,ヴァルスの恩恵,ja
Ân Huệ Của Yasuo,ヤスオの恩恵,ja
Ân Huệ Tái Sinh,再起の呪印,ja
Ägide der Abenddämmerung,夕闇の加護,ja
Ägide der Morgendämmerung,夜明けの加護,ja
Çelik İntikam,銃装機神,ja
Çelikten Yürek,鋼の心,ja
Çifte Ödül,デュオキュー,ja
Échos réparateurs,癒しのこだま,ja
Édes falatok,甘いおやつ,ja
Égida del Amanecer,夜明けの加護,ja
Égida del Ocaso,夕闇の加護,ja
Égida del amanecer,夜明けの加護,ja
Égida del anochecer,夕闇の加護,ja
Égide da Alvorada,夜明けの加護,ja
Égide de l'aube,夜明けの加護,ja
Égide do Crepúsculo,夕闇の加護,ja
Égide du crépuscule,夕闇の加護,ja
Électrocharge,放電,ja
Élharcos,ヴァンガード,ja
Élharcos embléma,ヴァンガードの紋章,ja
Énke,ミィプル,ja
Énke embléma,ミィプルの紋章,ja
Énkesebesség,ターミィプナル ヴェロシティー,ja
Énkike,ミィプシー,ja
Época,エポック,ja
Építhető kísérő,コンパニオン作成,ja
Éradicateur,根絶者,ja
Étincelle ionique,アイオニック スパーク,ja
Éveil de l'âme,ソウルの目覚め,ja
Éxito Crítico,クリティカル サクセス,ja
Éxito crítico,クリティカル サクセス,ja
Ídolo Prohibido,フォビドゥン アイドル,ja
Ídolo Proibido,フォビドゥン アイドル,ja
Ídolo prohibido,フォビドゥン アイドル,ja
Îmbrâncire,叩きつけ,ja
Îmbrățișare de grup,みんなでハグ,ja
Împrumut avansat,前借り,ja
În echipă,一致団結,ja
Încărcare electrică,放電,ja
Înfățișarea sufletului,スピリット ビサージュ,ja
Întețește focul,炎を強めて,ja
Învingătorii iau totul,プロボクサー,ja
Învățături timpurii,早期教育,ja
Óptica de Fijación de Objetivo,ターゲットロック スコープ,ja
Óptica de fijado de objetivos,ターゲットロック スコープ,ja
Óriásölő,ジャイアント スレイヤー,ja
Ô Hoàng Kim của Yasuo,ヤスオのゴールドのマス,ja
Ôm Tập Thể,みんなでハグ,ja
Ödüllü Müsabaka,プロボクサー,ja
Ölüm Kılıcı,デスブレード,ja
Ölümcül Bıçaklar,デッドリアー ブレード,ja
Öncü,ヴァンガード,ja
Öncü Amblemi,ヴァンガードの紋章,ja
Örök paktum,不滅の協定,ja
Összetartunk,いつでも一緒,ja
Összetevőrablás,素材アイテムヘイスト,ja
Össztűz,集中砲火,ja
Ösztönző medál,心身統御のペンダント,ja
Övszállítmány,ベルト オーバーフロー,ja
Özel Yapım,ファクトリー ニュー,ja
Özellik Ağacı,特性の木,ja
Özellik Seç,特性を選択,ja
Özellikler Kitabı,特性の書,ja
Újonc,新兵,ja
Újraalkotó,混乱回復装置,ja
Újrahasznosító láda,回収箱,ja
Újrasorsolás napestig,ローリングデイズ,ja
Últimas palabras,ラスト ウィスパー,ja
Último Suspiro,ラスト ウィスパー,ja
Último Sussurro,ラスト ウィスパー,ja
Úsměv štěstěny,ツイてる気分,ja
Úsvit nad Stříbromořím,シルバーミアの夜明け,ja
Útočníkův řemdih,ストライカー フレイル,ja
Úvodní poznatky,早期教育,ja
Übergroßer Stab,ムダニ デカイ ロッド,ja
Überlebender,サバイバー,ja
Übungspuppe,ダミー,ja
Ürességkesztyű,ヴォイド ガントレット,ja
Üçler Ordusu,3の軍団,ja
Üçlük,トライフェクタ,ja
Ý Chỉ Xích Chùy,メイスの決意,ja
Ăn Mòn,腐食,ja
Ăn Trộm,窃盗,ja
Čekající kovárna,未来の鍛冶場,ja
Čepel smrti,デスブレード,ja
Červený buff,レッドバフ,ja
Čistá mysl,明鏡止水,ja
Částečné vyzdvižení,不完全アセンション,ja
Đai Khổng Lồ,ジャイアント ベルト,ja
Đam Mê Gậy,ワンド オーバーフロー,ja
Đam Mê Kiếm,ソード オーバーフロー,ja
Đam Mê Đai Lưng,ベルト オーバーフロー,ja
Đao Chớp,フリッカーブレード,ja
Đao Tím,ウィッツ エンド,ja
Đo Ni Đóng Giày,ラッキーグローブ,ja
Đá Hắc Hóa,枯死の宝石,ja
Đánh Là Trúng,ジャストヒット,ja
Đường Ra Trận,出陣,ja
Được Này Mất Kia,有効活用,ja
Đại Bác Liên Thanh,ラピッド ファイアキャノン,ja
Đấu Sĩ,ブローラー,ja
Đầu Tư,投資完了,ja
Đẩy Nhanh Tiến Độ,上方移動,ja
Đặc Quyền Phú Gia,銀の匙,ja
Định Mệnh,フェイトウィーバー,ja
Đồng Minh Của Bụt,庇護者のお供,ja
Độc Hành,エグザイル,ja
Đội Hình Tối Ưu,マックスビルド,ja
Động Cơ Tăng Tốc,時計仕掛けの加速装置,ja
İdman Eldiveni,スパーリング グローブ,ja
İhtiyaç Paketi,仕送り,ja
İki Elin Sesi Var,お得な2,ja
İki Kat Güçlendirme,バフが1つ、バフが2つ,ja
İkinci Şans,起死回生,ja
İkiz Muhafızlar,ツインガーディアン,ja
İleri Görüşlülük,先見性,ja
İleri Safha Gücü,レイトゲーム スケーリング,ja
İleri Safhalarda Görüşürüz,レイトゲーム スペシャリスト,ja
İlk Öğretiler,早期教育,ja
İstilacı Zed,侵略者ゼド,ja
İyon Kıvılcımı,アイオニック スパーク,ja
Ładunek Elektryczny,放電,ja
Łamacze Czasu,タイムブレーカー,ja
Ławka Pandory,パンドラのベンチ,ja
Łubudu!,ボカッ！,ja
Łuki Zapasowe,援護の弓,ja
Łut Szczęścia,ツイてる気分,ja
Łza Bogini,女神の涙,ja
Łącze Cybernetyczne,サイバネティック アップリンク,ja
Łącze Drona,ドローン アップリンク,ja
Œuf d'or,金のタマゴ,ja
Říční krab,リフトスカトル,ja
Ślubowanie Protektora,プロテクターの誓い,ja
Świetliste Wywyższenie Kayle,ケイルの暁光の天昇,ja
Świetlisty Szelma,輝く悪党,ja
Świeży Wyrób,ファクトリー ニュー,ja
Świt Srebrzystej,シルバーミアの夜明け,ja
Şafak Kalkanı,夜明けの加護,ja
Şafağın Özü,ドーンコア,ja
Şans Benimle,ツイてる気分,ja
Şanslı Eldiven,ラッキーグローブ,ja
Şanslı Hissediyorum,混沌への呼び声,ja
Şapkat Nektarı,帽子ジュース,ja
Şifalı Küreler,ヒーリングオーブ,ja
Şifalı Yankılar,癒しのこだま,ja
Şok Dayanıklı,2体のタンク,ja
Şövalyenin Adağı,騎士の誓い,ja
Šplhání žebříčkem,はしごを登れ,ja
Štít soumraku,夕闇の加護,ja
Štít úsvitu,夜明けの加護,ja
Šťáva Cappa,帽子ジュース,ja
Űrzúzda,スペースグルーヴ,ja
Űrzúzda embléma,スペースグルーヴの紋章,ja
Żelazne Zasoby,カナとカネ,ja
Żywa Kuźnia,歩く鍛冶場,ja
Żywe Srebro,クイックシルバー,ja
Železné vybavení,カナとカネ,ja
Živoucí kovárna,歩く鍛冶場,ja
Žoldnéř,略奪者,ja
Žďuch!,ボカッ！,ja
Țesător al destinului,フェイトウィーバー,ja
Țintește spre stele,星を目指して,ja
Άατροξ,エイトロックス,ja
Άνιμα,アニマ,ja
Άξιζε η Αναμονή,待つ価値あり,ja
Έζρεαλ,エズリアル,ja
Έμβλημα N.O.V.A.,N.O.V.A.の紋章,ja
Έμβλημα Άνιμα,アニマの紋章,ja
Έμβλημα Αστρομάντη,星の観測者の紋章,ja
Έμβλημα Βοσκού,導き手の紋章,ja
Έμβλημα Διεκδικητή,チャレンジャーの紋章,ja
Έμβλημα Ελεύθερου Σκοπευτή,スナイパーの紋章,ja
Έμβλημα Εμπροσθοφυλακής,ヴァンガードの紋章,ja
Έμβλημα Καβγατζή,ブローラーの紋章,ja
Έμβλημα Κριτή,アービターの紋章,ja
Έμβλημα Μιπ,ミィプルの紋章,ja
Έμβλημα Πριμόρντιαν,プライモーディアンの紋章,ja
Έμβλημα Σελασπίδας,ライトシールドのクレスト,ja
Έμβλημα Σκοτεινού Ιππότη,略奪者の紋章,ja
Έμβλημα Ταξιδευτή,ボイジャーの紋章,ja
Έμβλημα Χρονοθραύστη,タイムブレーカーの紋章,ja
Έμβλημα του Αλήτη,ローグの紋章,ja
Έμβλημα του Διαστημικού Ρυθμού,スペースグルーヴの紋章,ja
Έμβλημα του Προτειχίσματος,バスティオンの紋章,ja
Έμβλημα του Σκοτεινού Άστρου,ダークスターの紋章,ja
Έμβλημα των Σιδηρών Σολάρι,ソラリのロケット,ja
Ένα Κομμάτι Ζωή,普通の日々,ja
"Ένα, Δύο, Πέντε!",ワン、ツー、ファイブ！,ja
"Ένα, Δύο, Τρία",一 二 三,ja
Όλεθρος των Απέθαντων,リッチ ベイン,ja
Όρκος του Ιππότη,騎士の誓い,ja
Όρκος του Υπερασπιστή,プロテクターの誓い,ja
Όψη Πνευμάτων,スピリット ビサージュ,ja
Ύποπτη Καπαρντίνα,怪しげなトレンチコート,ja
Αγωγός,コンジット,ja
Αδάμαστος,不屈,ja
Αιγίδα της Αυγής,夜明けの加護,ja
Αιγίδα του Δειλινού,夕闇の加護,ja
Αιμοδιψής,ブラッドサースター,ja
Αιχμή του Απείρου,インフィニティ エッジ,ja
Αιώνας,エポック,ja
Αιώνια Διαθήκη,不滅の協定,ja
Ακάλι,アカリ,ja
Ακλόνητη Καρδιά,揺るがぬ心,ja
Αλήτης,ローグ,ja
Αμοιβαίο Κεφάλαιο,ヘッジファンド,ja
Ανέλιξη,上方移動,ja
Αναλογική αύξηση προς το τέλος του παιχνιδιού,レイトゲーム スケーリング,ja
Αναμονή του Απροσδόκητου,想定内の意外性,ja
Ανασυνδυαστής,混乱回復装置,ja
Ανεβαίνοντας στην Κατάταξη,はしごを登れ,ja
Ανταπόδοση,報復,ja
Αντιγραφέας,レプリケーター,ja
Αντικείμενα Πανδώρας,パンドラのアイテム,ja
Απέραντη Απόγνωση,終わりなき絶望,ja
Απαγορευμένο Είδωλο,フォビドゥン アイドル,ja
Απατεώνας,ハスラー,ja
Απλωμένες Ρίζες,広がる根,ja
Αποθεωτικό Σιδηρουργείο,神の鍛冶場,ja
Αποκλειστική Προσαρμογή,限定カスタマイズ,ja
Απομίμηση,複製,ja
Αποφασιστικότητα του Τιτάνα,巨人の誓い,ja
Αρετή του Μάρτυρα,マーターズ ヴァーチュ,ja
Ασημένιο Κουτάλι,銀の匙,ja
Ασπίδα για Έναν,一人前プレート,ja
Ασπίδα του Συμβούλου,タクティシャンの盾,ja
Αστρικός Συνδυασμός,ステラコンボ,ja
Αστρομάντης,星の観測者,ja
Ατσάλινοι Πόροι,カナとカネ,ja
Αυγή στο Σίλβερμιρ,シルバーミアの夜明け,ja
Αυτοσχέδια Πανοπλία,即席アーマー,ja
Αφύπνιση Ψυχής,ソウルの目覚め,ja
Βάρα και Σκάσε,ジャストヒット,ja
Βάρδος,バード,ja
Βέιγκαρ,ベイガー,ja
Βίκτορ,ビクター,ja
Βίκτορ της Απόκρυφης Γνώσης,Arcane ビクタリー,ja
Βαρύ Τίμημα,代償,ja
Βελτιστοποίηση,ミニマックス,ja
Βεξ,ヴェックス,ja
Βιονικά Εμφυτεύματα,サイバネティック インプラント,ja
Βιονική Ζεύξη,サイバネティック アップリンク,ja
Βοσκός,導き手,ja
Βρες Το Κέντρο Σου,ここがセンター,ja
Γ.Μ.Τ. Σπαθί,B.F.ソード,ja
Γάντι του Κενού,ヴォイド ガントレット,ja
Γάντια Μονομαχίας,スパーリング グローブ,ja
Γάντια του Κλέφτη,盗賊のグローブ,ja
Γάντια του Φούρναρη,ミトン,ja
Γαλαξιακός Κυνηγός,ギャラクシー ハンター,ja
Γαριδρομέας,リフトスカトル,ja
Γιαταγάνι Φαντασμάτων,スペクトラル カトラス,ja
Γκναρ,ナー,ja
Γκουέν,グウェン,ja
Γκράγκας,グラガス,ja
Γκρέιβς,グレイブス,ja
Γκόλεμ,ゴーレム,ja
Γνωσιακή Υπερφόρτιση,コグニティブ オーバーロード,ja
Γνωσιακό Κόστος,コグニティブ タックス,ja
Γρήγορη Διπλή Εξόντωση,高速ダブルキル,ja
Γρήγορη Εκκίνηση,キックスタート,ja
Δάκρυ της Θεάς,女神の涙,ja
Δάνειο για προχωρημένους,前借り,ja
Δίδυμοι Φύλακες,ツインガーディアン,ja
Δεν Υποχωρούμε,前線維持,ja
Δεσμευτική Στρατηγική,全身全霊,ja
Διάβρωση,腐食,ja
Διάταξη,ラインナップ,ja
Διαδρομή Πολέμου,出陣,ja
Διαστημικός Ρυθμός,スペースグルーヴ,ja
Διεκδικητής,チャレンジャー,ja
Διεφθαρμένο Βαμπιρικό Σκήπτρο,穢れたヴァンパイア セプター,ja
Διοικήτρια Άνιμα,アニマ司令官,ja
Διοικητής,コマンダー,ja
Διπλή Αξία,お得な2,ja
Δοκίμασε Την Τύχη Σου,ツイてる気分,ja
Δόντι του Νάσορ,ナッシャー トゥース,ja
Δόρυ του Σοτζίν,ショウジンの矛,ja
Δύο Ντούκια,2体のタンク,ja
Δώρο Γενεθλίων,バースデープレゼント,ja
Δώσε,叩きつけ,ja
Εδραιωμένη Εμπροσθοφυλακή,前衛の礎,ja
Εδώ οι Καλές Ενισχύσεις,バフが1つ、バフが2つ,ja
Εδώ το Παραδάκι,金に飢えし者,ja
Ειδικός Τελικών Σταδίων Παιχνιδιού,レイトゲーム スペシャリスト,ja
Εισβολέας Ζεντ,侵略者ゼド,ja
Εκπαίδευση Σωματοφύλακα,ボディーガードの訓練,ja
Εκπτώσεις-φωτιά,ファイアセール,ja
Εκρηκτική Ανάπτυξη,爆発的成長,ja
Εκστρατεία,エクスペディション,ja
Ελαφρώς Μαγική Ζαριά,ちょっとだけ魔法のダイス,ja
Ελεύθερος Σκοπευτής,スナイパー,ja
Εμπορικός Πυρήνας,コマース コア,ja
Εμπορικός Τομέας,トレードセクター,ja
Εμπροσθοφυλακή,ヴァンガード,ja
Ενισχυμένη Ισχύς,オーグメントパワー,ja
Εξολοθρευτής,根絶者,ja
Εξόριστοι,エグザイル,ja
Εξύψωση,アセンション,ja
Επέκταση,構成拡大,ja
Επένδυση,投資完了,ja
Επίχρυσο Ατσάλι,金ピカの鋼,ja
Επαγγελματίας Δολοφόνος,プロの殺し屋,ja
Επαγγελματίας Μαχητής,プロボクサー,ja
Επανεκκίνηση Αποστολής,ミッションの再開,ja
Επιζών,サバイバー,ja
Επικίνδυνες Κινήσεις,命懸けの戦い,ja
Επικό Μπαρμπούτι,エピックなロールダウン,ja
Επιλέξτε Χαρακτηριστικό,特性を選択,ja
Επόμενη Πίστα!,レベルアップ！,ja
Εστιασμένο Πυρ,集中砲火,ja
Ευελιξία,柔軟性,ja
Ευλογία Ανάστασης,再起の呪印,ja
Ευλογία του Νταή,スクラッパーの恩恵,ja
Ευπροσάρμοστο Κράνος,アダプティブ ヘルム,ja
Εφεδρικά Τόξα,援護の弓,ja
Ζάια,ザヤ,ja
Ζέφυρος,ゼファー,ja
Ζεντ,ゼド,ja
Ζεύξη με Ντρόουν,ドローン アップリンク,ja
Ζοφερός Κήρυκας του Ζέκε,冷酷なるジークの使者,ja
Ζωντανή Πυρά,歩く鍛冶場,ja
Ζόη,ゾーイ,ja
Ζώνη του Γίγαντα,ジャイアント ベルト,ja
Η Έξαρση της Κέιλ,ケイルの天昇,ja
Η Ακτινοβόλος Έξαρση της Κέιλ,ケイルの暁光の天昇,ja
Η Αύρα της Άρι,アーリのオーラ,ja
Η Εμμονή του Βάρους,ヴァルスの執念,ja
Η Μεγάλη Έκρηξη,ビッグバン,ja
Η Ξιφασκία του Υασούο,ヤスオのブレードワーク,ja
Η Υπομονή Είναι Αρετή,忍耐の美徳,ja
Η Υπομονή του Έκκο,エコーの忍耐,ja
Η Ψυχή του Πάρτι,パーティーアニマル,ja
Η ομάδα πάνω απ' όλα,一致団結,ja
Ηλεκτροφόρτιση,放電,ja
Ημιαγωγός,半導体,ja
Ηρωικός Σάκος Δώρων,英雄のラッキーバッグ,ja
Θέατρο Σκιών,影の操り人形,ja
Θέληση του Ροπάλου,メイスの決意,ja
Θαμμένοι Θησαυροί,埋もれた宝物,ja
Θανάσιμα Καπέλα,もっと怖いキャップ,ja
Θεά των Όπλων,銃装機神,ja
Θεϊκή Ευλογία,神の祝福,ja
Θεϊκός Μονομάχος,聖なる決闘者,ja
Θυσία Αίματος,血の供物,ja
Θώρακας Κισσού,ブランブル ベスト,ja
Ιαματικός Αντίλαλος,癒しのこだま,ja
Ιλλαόη,イラオイ,ja
Ιστορική Ανατροπή,逆転劇,ja
Ιόνιος Σπίθα,アイオニック スパーク,ja
Κάδος με Παλιοσίδερα,回収箱,ja
Κάι'Σα,カイ＝サ,ja
Κάλεσμα στο Χάος,混沌への呼び声,ja
Κάπα του Συμβούλου,タクティシャンのケープ,ja
Κάρμα,カルマ,ja
Κάτι Κάνω και Εγώ,有効活用,ja
Κέιτλιν,ケイトリン,ja
Κήρυκας του Ζέκε,ジークの使者,ja
Κίντρεντ,キンドレッド,ja
Καβγατζής,ブローラー,ja
Καθαρό Μυαλό,明鏡止水,ja
Κακόβουλα Έσοδα,邪悪な収益化,ja
Καλά Φιλαράκια,ベストフレンド,ja
Κανόνι από Γυαλί,グラスキャノン,ja
Καπέλο του Ράμπαντον,ラバドン デスキャップ,ja
Καρδιά από Ατσάλι,鋼の心,ja
Καταιγίδα του Λούντεν,ルーデン テンペスト,ja
Καταναλωτική Μανία,買い物三昧,ja
Καταραμένη Λεπίδα,呪いの刃,ja
Καταραμένο Πετράδι,枯死の宝石,ja
Καταραμένο Στέμμα,カースドのクラウン,ja
Καταστροφέας,ドゥーマー,ja
Κατοπτρισμένη Προσωπικότητα,鏡像のペルソナ,ja
Κατώτερη Κατοπτρισμένη Προσωπικότητα,劣化版鏡像のペルソナ,ja
Καχουναχούνα,カフナフナ,ja
Κολοσσιαία Ύδρα,タイタン ハイドラ,ja
Κοσμική Επανεκκίνηση,宇宙の再起,ja
Κουζίνα του Συμβούλου,タクティシャンの台所,ja
Κουκλοποίηση,ダミー化,ja
Κούκλα Εκπαίδευσης,ダミー,ja
Κούκλες Δοκιμής Σύγκρουσης,衝突試験用ダミー,ja
Κρίσιμη Επιτυχία,クリティカル サクセス,ja
Κριτής,アービター,ja
Κρυφό Εργαστήριο,未来の鍛冶場,ja
Κυνήγι Θησαυρού,宝探し,ja
Κυρτό Τόξο,リカーブ ボウ,ja
Κόκκινη Ενίσχυση,レッドバフ,ja
Κόπανος Εφόδου,ストライカー フレイル,ja
Κόρκι,コーキ,ja
Κύπελλο της Δύναμης,力の聖杯,ja
ΛεΜπλάν,ルブラン,ja
Λεγεώνα των Τριών,3の軍団,ja
Λειτουργία Αγωγού,コンジットモード,ja
Λειτουργία Αντιγραφέα,レプリケーターモード,ja
Λειτουργία Διεκδικητή,チャレンジャーモード,ja
Λελογισμένη Ήττα,戦略的敗北,ja
Λεπίδα Θανάτου,デスブレード,ja
Λεπίδα της Νύχτας,ナイト エッジ,ja
Λεόνα,レオナ,ja
Ληστεία Συστατικών,素材アイテムヘイスト,ja
Λισάντρα,リサンドラ,ja
Λογαριασμός Ταμιευτηρίου,普通預金口座,ja
Λούλου,ルル,ja
Λυτρωτής,救済者,ja
Μάζωξη γενεθλίων,バースデー リユニオン,ja
Μάντης,神託,ja
Μάστερ Γι,マスター・イー,ja
Μέγιστο Build,マックスビルド,ja
Μένουμε Ενωμένοι,いつでも一緒,ja
Μίλιο,ミリオ,ja
Μίνι Μαύρη Τρύπα,ミニブラックホール,ja
Μαγική Ζαριά,魔法のダイス,ja
Μαγικό Υφαντό,紡がれし魔法,ja
Μαγοτεχνικό Σπαθοπίστολο,ヘクステック ガンブレード,ja
Μαζί Ενωμένοι,一致団結,ja
Μαζί στο Φως των Προβολέων του Υασούο,ヤスオのスポットライトをシェア,ja
Μαθήματα Πυγμαχίας,ボクシングのレッスン,ja
Μανδύας Εξουδετέρωσης,ネガトロン クローク,ja
Μανδύας του Ήλιου,サンファイア ケープ,ja
Μαοκάι,マオカイ,ja
Μεγάλοι Και Τρανοί,ジャイアント&マイティ,ja
Μερική Εξύψωση,不完全アセンション,ja
Μεταφορά Φορτίου,チャージトランスファー,ja
Μια Ένδοξη Περιπέτεια,崇高の冒険,ja
Μικροί Στο Μάτι,小さくても強烈,ja
Μικροσκοπικοί Τιτάνες,小さな巨人,ja
Μικρούληδες Φίλοι,小さな仲間たち,ja
Μικρός Σάκος Δώρων,小さな福袋,ja
Μιπ,ミィプル,ja
Μιπίδιο,ミィプシー,ja
Μις Φόρτσουν,ミス・フォーチュン,ja
Μοργκάνα,モルガナ,ja
Μορελονομικόν,モレロノミコン,ja
Μορντεκάιζερ,モルデカイザー,ja
Μπελ'Βεθ,ベル＝ヴェス,ja
Μπλίτζκρανκ,ブリッツクランク,ja
Μπλε Ενίσχυση,ブルーバフ,ja
Μπονκ!,ボカッ！,ja
Μπράιαρ,ブライアー,ja
Νάμι,ナミ,ja
Νάσους,ナサス,ja
Νεοσύλλεκτος,新兵,ja
Νούνου και Γουίλαμπ,ヌヌ & ウィルンプ,ja
Ντιάνα,ダイアナ,ja
Ντόρτια,最強の四配者,ja
Νύχι του Δράκου,ドラゴン クロウ,ja
Νύχια του Λωποδύτη,プローラー クロウ,ja
Ο Δολοφόνος που δεν Κάνει Διακρίσεις,無差別殺人者,ja
Ο Πάγκος της Πανδώρας,パンドラのベンチ,ja
Ο Πρωταγωνιστής δεν Πεθαίνει,主人公補正,ja
Ο Πύργος,ザ・タワー,ja
Ο Χρυσός Δράκος,黄金の龍,ja
Ο πιο Μικροσκοπικός Τιτάνας,もっと小さな巨人,ja
"ΟΧΙ ΠΑΡΑΚΟΛΟΥΘ., ΟΧΙ ΑΛΛΑΓΕΣ",偵察なし、変更なし,ja
Οι Απροσάρμοστοι,不適合者,ja
"Οικονόμος, όχι Τσιγκούνης",賢い買い物,ja
Ολοκαίνουργιο,ファクトリー ニュー,ja
Ομαδική Αγκαλιά,みんなでハグ,ja
Οπτικά Συστήματα Στόχευσης,ターゲットロック スコープ,ja
Οργή του Κράκεν,クラーケンの怒り,ja
Οργανικό Εμφύτευμα,共感インプラント,ja
Οργισμένο Σπαθί του Γκουίνσου,グインソー レイジブレード,ja
Ορν,オーン,ja
Ουρά Αναμονής Για Δύο,デュオキュー,ja
Ούργκοτ,アーゴット,ja
Πάικ,パイク,ja
Πάνθεον,パンテオン,ja
Πέπλο Δειλινού,イーブンシュラウド,ja
Πέπλο της Σιωπής,沈黙の帳,ja
Πέτρινη Πανοπλία του Γκαργκόιλ,ガーゴイル ストーンプレート,ja
Πακέτο Ενίσχυσης,ブースターパック,ja
Πακέτο Φροντίδας,仕送り,ja
Πανοπλία του Γόρμογκ,ワーモグ アーマー,ja
Παρανοϊκό Ξίφος,ウィッツ エンド,ja
Παρασιτική Ζωτικότητα,吸血の胆力,ja
Παρενέργειες,副作用,ja
Περίσσευμα Ζωνών,ベルト オーバーフロー,ja
Περίσσευμα Ραβδιών,ワンド オーバーフロー,ja
Περίσσευμα Σπαθιών,ソード オーバーフロー,ja
Περίτεχνη Δημιουργία,巧みなクラフト,ja
Περικάρπιο του Ερευνητή,シーカー アームガード,ja
Περιττά Τεράστια Ράβδος,ムダニ デカイ ロッド,ja
Περπάτα στα Κάρβουνα,炎を強めて,ja
Πετραδένιο Γάντι,ジュエル ガントレット,ja
Πετραδένιος Λωτός,ジュエル ロータス,ja
Πηγαίνοντας Μακριά,思惑買い,ja
Πιο Θανάσιμες Λεπίδες,デッドリアー ブレード,ja
Πλέγμα Κακόβουλου Λογισμικού,マルウェア マトリックス,ja
Πνεύμα Λύτρωσης,リデンプションの魂,ja
Πολλά Στατιστικά!,ステータスマシマシ,ja
Πολλές Ανανεώσεις,ローリングデイズ,ja
Πολυκαιρισμένο Κειμήλιο,枯朽の遺物,ja
Πολυτελής Συνδρομή,豪華なサブスク,ja
Πολύπλευρο Κέρδος,勝ち抜け,ja
Πριμόρντιαν,プライモーディアン,ja
Πρισματικό Εισιτήριο,プリズムチケット,ja
Προνοητική Σκέψη,先見性,ja
Προστασία από Άπειρο,インフィニティの守護,ja
Προτείχισμα,バスティオン,ja
Προτείχισμα,ブルワーク,ja
Πρόκληση του Στέρακ,ステラックの篭手,ja
Πρώιμες Διδαχές,早期教育,ja
Πόπι,ポッピー,ja
Πύλη Ζζ'Ροτ,ジ＝ロット ポータル,ja
Ράαστ,ラースト,ja
Ράβδος του Κενού,ヴォイド スタッフ,ja
Ράβδος των Σεραφίμ,セラフィムの杖,ja
Ράμους,ラムス,ja
Ρίβεν,リヴェン,ja
Ραβδί Αρχάγγελου,アークエンジェル スタッフ,ja
Ρεκ'Σάι,レク＝サイ,ja
Σάκος Δώρων,アイテム福袋,ja
Σάκος Δώρων του Ουρφ,アーフの福袋,ja
Σάκος Μεγάλου Κάβουρα,大きな福袋,ja
Σαμίρα,サミーラ,ja
Σεν,シェン,ja
Σιδερόπλεκτο Γιλέκο,チェイン ベスト,ja
Σκοτεινή Κυρία,闇の女帝,ja
Σκοτεινό Άστρο,ダークスター,ja
Σκοτεινός Ιππότης,略奪者,ja
Σκοτισμένο Μυαλό,乱れる思考,ja
Σμιλεμένο με Δύναμη,力に鍛えられしもの,ja
Σοκολατάκια,甘いおやつ,ja
Σούφρωμα,窃盗,ja
Σπάτουλα,へら,ja
Στέμμα του Συμβούλου,タクティシャンの王冠,ja
Στεμματοφύλακας,クラウンガード,ja
Στιλέτο Στατικού Ηλεκτρισμού,スタティック シヴ,ja
Στόχος μας τα Άστρα,星を目指して,ja
Συγκέντρωση Δυνάμεων,起死回生,ja
Συγκέντρωση Ορίζοντα,ホライゾン フォーカス,ja
Συμμορία,盗賊団,ja
Συμμορία II,盗賊団 II,ja
Συνδρομητική Υπηρεσία,サブスクリプション,ja
Συνεχής Επίκληση,連続魔法,ja
Συντήρηση Βιοΰλης,バイオ物質保存装置,ja
Σφαίρες Θεραπείας,ヒーリングオーブ,ja
Σχέδιο Οπισθοφυλακής,後衛の設計図,ja
Σόλο Άνοδος Επιπέδου,俺だけレベルアップ,ja
Σόνα,ソナ,ja
Σύμμαχος του Οδοιπόρου,庇護者のお供,ja
Σύσφιξη Δεσμών,チーム構築,ja
Τάλον,タロン,ja
Τίμο,ティーモ,ja
Τα Δάκρυα Κύλησαν,流れる涙,ja
Ταμ Κεντς,タム・ケンチ,ja
Ταμπλό του Ήλιου,サンファイア ボード,ja
Ταξιδευτής,ボイジャー,ja
Τελευταίος Ψίθυρος,ラスト ウィスパー,ja
Τερμιπική Ταχύτητα,ターミィプナル ヴェロシティー,ja
Τεχνίτης Ραβδιών,杖鍛冶,ja
Τεχνίτης Σπαθιών,剣鍛冶,ja
Τζαξ,ジャックス,ja
Τζιν,ジン,ja
Τζινξ,ジンクス,ja
Τηγάνι,フライパン,ja
Τιμή σε Αίμα,血の価値,ja
Τιμή του Πολέμαρχου,ウォーロードの名誉,ja
Το Ένστικτο της Έβελιν,イブリンの直感,ja
Το Δέντρο των Χαρακτηριστικών,特性の木,ja
Το Δώρο της Άρι,アーリの恩恵,ja
Το Δώρο της Έβελιν,イブリンの恩恵,ja
Το Δώρο της Κέιλ,ケイルの恩恵,ja
Το Δώρο της Σοράκα,ソラカの恩恵,ja
Το Δώρο του Έκκο,エコーの恩恵,ja
Το Δώρο του Βάρους,ヴァルスの恩恵,ja
Το Δώρο του Θρες,スレッシュの恩恵,ja
Το Δώρο του Υασούο,ヤスオの恩恵,ja
Το Δώρο του Ωρέλιον Σολ,オレリオン・ソルの恩恵,ja
Το Θαύμα της Σοράκα,ソラカの奇跡,ja
Το Λημέρι του Βαρόνου,バロンの巣,ja
Το Μέγεθος Μετράει,サイズが大事,ja
Το Πανίσχυρο Mech,マイティーロボ,ja
Το Στέμμα Είναι Βαρύ,王冠とは重きもの,ja
Το Τέχνασμα του Ουρφ,アーフの策略,ja
Το Τεσσάρι το Καλό,フォーが共にあらんことを,ja
Το Τόξο μου στη Διάθεσή σου,弓の誓い,ja
Το Φανάρι του Θρες,スレッシュのランタン,ja
Το Χαρντκόρε Της Αυγής,ドーンコア,ja
Το Χρυσό Αυγό,金のタマゴ,ja
Τονωτικό Μενταγιόν,心身統御のペンダント,ja
Τουίστεντ Φέιτ,ツイステッド・フェイト,ja
Τρίδυμο,トライフェクタ,ja
Τρεμολεπίδες,フリッカーブレード,ja
Τσεκούρι της Κόλασης,獄炎のハチェット,ja
Τσο'Γκαθ,チョ＝ガス,ja
Τυχερά Γάντια,ラッキーグローブ,ja
Τόμος Χαρακτηριστικών,特性の書,ja
"Τώρα Κλαις, Γιατί Κλαις",好きなだけ泣くがいい,ja
Τώρα Που Έχω Ρέντα,絶好調,ja
ΥΠΕΡΤΑΧYΤΑΤΟ ΠΥΡ,U.R.F.,ja
Υδράργυρος,クイックシルバー,ja
Υπέρλαμπρος Κατεργάρης,輝く悪党,ja
Υπομονετική Μελέτη,研究熱心,ja
Υφάντρα της Μοίρας,フェイトウィーバー,ja
Υψηλή Τάση,高電圧,ja
Φαρμάρισμα Αύρας,オーラ育成中,ja
Φιζ,フィズ,ja
Φιόρα,フィオラ,ja
Φλεγόμενο Ολμοβόλο,ラピッド ファイアキャノン,ja
Φολιδωτή Ουσία,シマースケールのエッセンス,ja
Φονέας Γιγάντων,ジャイアント スレイヤー,ja
Φορητό Εργαστήριο,ポータブル フォージ,ja
Φτιάξε Έναν Φίλο,友を鍛える,ja
Φτιάξε τον Δικό σου Φίλο,仲間を作ろう,ja
Φτιάξτε έναν σύντροφο,コンパニオン作成,ja
Φυλαχτό της Εξύψωσης,超越のタリスマン,ja
Χάλκινη για Πάντα,生涯ブロンズ,ja
Χέρι της Δικαιοσύνης,ハンド オブ ジャスティス,ja
Χαμένες Συνδέσεις,ミスコネクション,ja
Χαράξτε Μονοπάτι,道を切り拓け,ja
Χαρτζιλίκι,昼食代,ja
Χρηματοθύελλα,金のモンスーン,ja
Χρονοθραύστης,タイムブレーカー,ja
Χρυσό Εξάγωνο του Υασούο,ヤスオのゴールドのマス,ja
Χρυσό Ποντάρισμα,黄金の博打,ja
Χυμός Κάπα,帽子ジュース,ja
Ψαροκόκκαλο,フィッシュボーン,ja
Ψυχογενές Έμβλημα,サイオニックの紋章,ja
Ψυχογενής,サイオニック,ja
Ωρέλιον Σολ,オレリオン・ソル,ja
Ωρολογιακός Επιταχυντής,時計仕掛けの加速装置,ja
Ωρόρα,オーロラ,ja
Авангард,ヴァンガード,ja
Аврора,オーロラ,ja
Агрессивная монетизация,邪悪な収益化,ja
Адаптивный шлем,アダプティブ ヘルム,ja
Акали,アカリ,ja
Арбитр,アービター,ja
Арена солнечного пламени,サンファイア ボード,ja
Атрокс,エイトロックス,ja
Аугментированная сила,オーグメントパワー,ja
Аура Ари,アーリのオーラ,ja
Аурелион Сол,オレリオン・ソル,ja
Бард,バード,ja
Башня,ザ・タワー,ja
Бел'Вет,ベル＝ヴェス,ja
Бесконечное отчаяние,終わりなき絶望,ja
Благословлен.,神の祝福,ja
Близость удачи,ツイてる気分,ja
Блицкранк,ブリッツクランク,ja
Божественный дуэлянт,聖なる決闘者,ja
Более смертельные шляпы,もっと怖いキャップ,ja
Больше – лучше,サイズが大事,ja
Большой взрыв,ビッグバン,ja
Большой мешок с сюрпризом,大きな福袋,ja
Боньк!,ボカッ！,ja
Брайер,ブライアー,ja
Бронза навек,生涯ブロンズ,ja
Бунтари,不適合者,ja
Буря Людена,ルーデン テンペスト,ja
Бустер,ブースターパック,ja
В лучах славы (Ясуо),ヤスオのスポットライトをシェア,ja
В ударе,絶好調,ja
Варежки,ミトン,ja
Вверх по головам,はしごを登れ,ja
Вейгар,ベイガー,ja
Векс,ヴェックス,ja
Вербовка,新兵,ja
Верное сердце,揺るがぬ心,ja
Вестник Зика,ジークの使者,ja
Вестник рока,ドゥーマー,ja
Вечерний покров,イーブンシュラウド,ja
Вечное обновление,ローリングデイズ,ja
Вечный договор,不滅の協定,ja
Взрывной рост,爆発的成長,ja
Виктор,ビクター,ja
Возвышение Кейл,ケイルの天昇,ja
Возмездие,報復,ja
Вознесение,アセンション,ja
Волевая победа,逆転劇,ja
Воля булавы,メイスの決意,ja
Воровская шайка,盗賊団,ja
Воровская шайка II,盗賊団 II,ja
Восстанавливающий медальон,心身統御のペンダント,ja
Вредоносная матрица,マルウェア マトリックス,ja
Вредоносный самоцвет,枯死の宝石,ja
Второе дыхание,起死回生,ja
Выбор особенности,特性を選択,ja
Выбор сделан,偵察なし、変更なし,ja
Выгодное предложение,賢い買い物,ja
Выживший,サバイバー,ja
Высокая ценность,お得な2,ja
Высокое напряжение,高電圧,ja
Галактика грува,スペースグルーヴ,ja
Гамбит Урфа,アーフの策略,ja
Гвен,グウェン,ja
Герб Лайтшилдов,ライトシールドのクレスト,ja
Геройский мешок с сюрпризом,英雄のラッキーバッグ,ja
Гибкость,柔軟性,ja
Гнар,ナー,ja
Голем,ゴーレム,ja
Головокружение,乱れる思考,ja
Головорез,ローグ,ja
Горнило испытаний,力に鍛えられしもの,ja
Грабеж,窃盗,ja
Грагас,グラガス,ja
Грань Бесконечности,インフィニティ エッジ,ja
Грань ночи,ナイト エッジ,ja
Грейвз,グレイブス,ja
Гроза Личей,リッチ ベイン,ja
Гроза галактики,銃装機神,ja
Групповые обнимашки,みんなでハグ,ja
Гуляка,パーティーアニマル,ja
Да пребудет с вами сила четверки,フォーが共にあらんことを,ja
Дальновидность,先見性,ja
Дар Ари,アーリの恩恵,ja
Дар Аурелиона Сола,オレリオン・ソルの恩恵,ja
Дар Варуса,ヴァルスの恩恵,ja
Дар Кейл,ケイルの恩恵,ja
Дар Сораки,ソラカの恩恵,ja
Дар Треша,スレッシュの恩恵,ja
Дар Эвелинн,イブリンの恩恵,ja
Дар Экко,エコーの恩恵,ja
Дар Ясуо,ヤスオの恩恵,ja
Дар возрождения,再起の呪印,ja
Дар ремесленника,スクラッパーの恩恵,ja
Два стража,ツインガーディアン,ja
Двойная защита,2体のタンク,ja
Дебошир,ブローラー,ja
Дерево особенностей,特性の木,ja
Держать строй!,前線維持,ja
Держимся вместе,いつでも一緒,ja
Джакс,ジャックス,ja
Джин,ジン,ja
Джинкс,ジンクス,ja
Диана,ダイアナ,ja
Добродетель мученика,マーターズ ヴァーチュ,ja
Доспех Вармога,ワーモグ アーマー,ja
Драгоценная перчатка,ジュエル ガントレット,ja
Драгоценный лотос,ジュエル ロータス,ja
Дух искупления,リデンプションの魂,ja
Жажда золота,金に飢えし者,ja
Железный аргумент,カナとカネ,ja
Живая кузница,歩く鍛冶場,ja
Живучесть вампира,吸血の胆力,ja
Жулик,ハスラー,ja
Задира,チャレンジャー,ja
Закопанные сокровища,埋もれた宝物,ja
Западный ветер,ゼファー,ja
Запасные луки,援護の弓,ja
Запретный идол,フォビドゥン アイドル,ja
Заточка Статикка,スタティック シヴ,ja
Защита вечности,インフィニティの守護,ja
Звездная комбинация,ステラコンボ,ja
Звездочет,星の観測者,ja
Звериный отряд,アニマ,ja
Зед,ゼド,ja
Зеркальное отражение,鏡像のペルソナ,ja
Златоносная сущность,シマースケールのエッセンス,ja
Зов хаоса,混沌への呼び声,ja
Зои,ゾーイ,ja
Золотая ячейка Ясуо,ヤスオのゴールドのマス,ja
Золотое яйцо,金のタマゴ,ja
Золотой дракон,黄金の龍,ja
Золотой риск,黄金の博打,ja
Золотой ураган,金のモンスーン,ja
Зуб Нашора,ナッシャー トゥース,ja
Игра в команде,一致団結,ja
Игра в паре,デュオキュー,ja
Игра вдолгую,思惑買い,ja
Избиение,叩きつけ,ja
Изгнание,エグザイル,ja
Изогнутый лук,リカーブ ボウ,ja
Иллаой,イラオイ,ja
Инвестиции,投資完了,ja
Инстинкты Эвелинн,イブリンの直感,ja
Ионийская искра,アイオニック スパーク,ja
Искупитель,救済者,ja
Искусное искусство,巧みなクラフト,ja
Испытание Стерака,ステラックの篭手,ja
Иссушенная реликвия,枯朽の遺物,ja
Истребитель,根絶者,ja
Кай'Са,カイ＝サ,ja
Какой ценой?,代償,ja
Каменный доспех гаргульи,ガーゴイル ストーンプレート,ja
Карма,カルマ,ja
Карманные деньги,昼食代,ja
Карьерный рост,上方移動,ja
Кахунахуна,カフナフナ,ja
Кейтлин,ケイトリン,ja
Киберимпланты,サイバネティック インプラント,ja
Киберподдержка,サイバネティック アップリンク,ja
Киндред,キンドレッド,ja
Клинок смерти,デスブレード,ja
Клинок ярости Гинсу,グインソー レイジブレード,ja
Клятва защитника,プロテクターの誓い,ja
Клятва рыцаря,騎士の誓い,ja
Книга особенностей,特性の書,ja
Когнитивная нагрузка,コグニティブ タックス,ja
Когнитивная перегрузка,コグニティブ オーバーロード,ja
Коготь дракона,ドラゴン クロウ,ja
Коготь охотника,プローラー クロウ,ja
Кольчуга,チェイン ベスト,ja
Командир,コマンダー,ja
Командир Звериного отряда,アニマ司令官,ja
Конструктор,仲間を作ろう,ja
Копье Седзина,ショウジンの矛,ja
Корки,コーキ,ja
Королевский венец,クラウンガード,ja
Корона тактика,タクティシャンの王冠,ja
Коррозия,腐食,ja
Космическое обновление,宇宙の再起,ja
Кража компонентов,素材アイテムヘイスト,ja
Красное усиление,レッドバフ,ja
Критический успех,クリティカル サクセス,ja
Кровавая цена,血の価値,ja
Кровавое подношение,血の供物,ja
Кровопийца,ブラッドサースター,ja
Крошки-великаны,小さな巨人,ja
Крупный займ,前借り,ja
Кузница апофеоза,神の鍛冶場,ja
Кусочек жизни,普通の日々,ja
Кухня тактика,タクティシャンの台所,ja
Ле Блан,ルブラン,ja
Легион троек,3の軍団,ja
Леденящий Вестник Зика,冷酷なるジークの使者,ja
Леона,レオナ,ja
Летающие ножи,フリッカーブレード,ja
Лиссандра,リサンドラ,ja
Логово Барона,バロンの巣,ja
Лопатка,へら,ja
Лулу,ルル,ja
Лучезарное возвышение Кейл,ケイルの暁光の天昇,ja
Лучезарный плут,輝く悪党,ja
Лучшая сборка,マックスビルド,ja
Лучшие друзья,ベストフレンド,ja
Магические кости,魔法のダイス,ja
"Мал, да удал",小さくても強烈,ja
Малая черная дыра,ミニブラックホール,ja
Маленькие друзья,小さな仲間たち,ja
Малое Зеркальное отражение,劣化版鏡像のペルソナ,ja
Манекенофикация,ダミー化,ja
Манекены для краш-тестов,衝突試験用ダミー,ja
Мантия тактика,タクティシャンのケープ,ja
Маокай,マオカイ,ja
Мародер,略奪者,ja
Мастер Йи,マスター・イー,ja
Мастер мечей,剣鍛冶,ja
Мастер посохов,杖鍛冶,ja
Мастерство Ясуо,ヤスオのブレードワーク,ja
Медальон Железных Солари,ソラリのロケット,ja
Мешок предметов,アイテム福袋,ja
Мешок с сюрпризом Урфа,アーフの福袋,ja
Милио,ミリオ,ja
Минмаксинг,ミニマックス,ja
Мипер,ミィプル,ja
Мипоритка,ミィプシー,ja
Мисс Фортуна,ミス・フォーチュン,ja
Могучие исполины,ジャイアント&マイティ,ja
Моргана,モルガナ,ja
Мордекайзер,モルデカイザー,ja
Мореллономикон,モレロノミコン,ja
Мощь на позднем этапе,レイトゲーム スケーリング,ja
Н.О.В.А.,N.O.V.A.,ja
Набор ауры,オーラ育成中,ja
Наемный убийца,プロの殺し屋,ja
Накидка солнечного пламени,サンファイア ケープ,ja
Накопитель биомассы,バイオ物質保存装置,ja
Накопительный вклад,普通預金口座,ja
Нами,ナミ,ja
Наручи Искательницы,シーカー アームガード,ja
Настоящий триумф,勝ち抜け,ja
Насус,ナサス,ja
Небольшой мешок с сюрпризом,小さな福袋,ja
Непрерывное колдовство,連続魔法,ja
Несокрушимый,バスティオン,ja
Нет на месте,AFK,ja
Неукротимость,不屈,ja
Нечестивый Вампирский скипетр,穢れたヴァンパイア セプター,ja
Новинка,ファクトリー ニュー,ja
Новый уровень!,レベルアップ！,ja
Номер один,ミスコネクション,ja
Нуну и Виллумп,ヌヌ & ウィルンプ,ja
Облачение духов,スピリット ビサージュ,ja
Обновление с капелькой магии,ちょっとだけ魔法のダイス,ja
Одержимость Варуса,ヴァルスの執念,ja
Один доспех,一人前プレート,ja
"Один, два, три",一 二 三,ja
"Одно усиление, два усиления",バフが1つ、バフが2つ,ja
Ожидаемая неожиданность,想定内の意外性,ja
Оплот,ブルワーク,ja
Оплот передней линии,前衛の礎,ja
Оправданное ожидание,待つ価値あり,ja
Оптика с захватом цели,ターゲットロック スコープ,ja
Оракул,神託,ja
Орн,オーン,ja
Охота за сокровищами,宝探し,ja
Охотник Галактики,ギャラクシー ハンター,ja
Пайк,パイク,ja
Пантеон,パンテオン,ja
Пастух,導き手,ja
Перезапуск миссии,ミッションの再開,ja
Переизбыток жезлов,ワンド オーバーフロー,ja
Переизбыток мечей,ソード オーバーフロー,ja
Переизбыток поясов,ベルト オーバーフロー,ja
Перенос заряда,チャージトランスファー,ja
Переносная кузница,ポータブル フォージ,ja
Переработка отходов,回収箱,ja
Перчатка Бездны,ヴォイド ガントレット,ja
Перчатки вора,盗賊のグローブ,ja
Плетение магии,紡がれし魔法,ja
Плечом к плечу,一致団結,ja
Победа Виктора из ''Аркейна'',Arcane ビクタリー,ja
Побочные эффекты,副作用,ja
Поглощающий плащ,ネガトロン クローク,ja
Подарок на день рождения,バースデープレゼント,ja
Подготовка телохранителя,ボディーガードの訓練,ja
Поднятие уровня в одиночку,俺だけレベルアップ,ja
Подозрительный плащ,怪しげなトレンチコート,ja
Подписка,サブスクリプション,ja
Позолоченная сталь,金ピカの鋼,ja
Покров тишины,沈黙の帳,ja
Покупки,買い物三昧,ja
Полупроводник,半導体,ja
Поппи,ポッピー,ja
Портал Зз'Рота,ジ＝ロット ポータル,ja
Посох Бездны,ヴォイド スタッフ,ja
Посох архангела,アークエンジェル スタッフ,ja
Посох серафима,セラフィムの杖,ja
Построение,ラインナップ,ja
Посылка,仕送り,ja
Пояс великана,ジャイアント ベルト,ja
Празднование юбилея,バースデー リユニオン,ja
Предметы Пандоры,パンドラのアイテム,ja
Предсмертный шепот,ラスト ウィスパー,ja
Приз победителю,プロボクサー,ja
Призматический билет,プリズムチケット,ja
Призрачная сабля,スペクトラル カトラス,ja
Прицельная стрельба,集中砲火,ja
Пришелец Зед,侵略者ゼド,ja
Пробуждение души,ソウルの目覚め,ja
Проводник,コンジット,ja
Прокладывание пути,道を切り拓け,ja
Проклятая корона,カースドのクラウン,ja
Проклятый клинок,呪いの刃,ja
Псионик,サイオニック,ja
Пугливый краб,リフトスカトル,ja
Путь к вершине,崇高の冒険,ja
Путь к звездам,星を目指して,ja
Рааст,ラースト,ja
"Раз, два, пять!",ワン、ツー、ファイブ！,ja
Разрушитель времени,タイムブレーカー,ja
Раммус,ラムス,ja
Ранние уроки,早期教育,ja
Распаленное пламя,炎を強めて,ja
Расползающиеся корни,広がる根,ja
Распродажа,ファイアセール,ja
Расширение дела,構成拡大,ja
Режим задиры,チャレンジャーモード,ja
Режим проводника,コンジットモード,ja
Режим репликатора,レプリケーターモード,ja
Рек'Сай,レク＝サイ,ja
Рекомбинатор,混乱回復装置,ja
Реликт,プライモーディアン,ja
Репликатор,レプリケーター,ja
Репликация,複製,ja
Решимость титана,巨人の誓い,ja
Ривен,リヴェン,ja
Рискованный ход,命懸けの戦い,ja
Робот,メカ,ja
Роскошная подписка,豪華なサブスク,ja
Рука правосудия,ハンド オブ ジャスティス,ja
С места в карьер,キックスタート,ja
С тобой мой лук,弓の誓い,ja
Самира,サミーラ,ja
Самодельный доспех,即席アーマー,ja
Самый Лучший Меч,B.F.ソード,ja
Самый крошечный великан,もっと小さな巨人,ja
Самый могучий робот,マイティーロボ,ja
Свежая поставка,ジャストヒット,ja
Сверхмипная скорость,ターミィプナル ヴェロシティー,ja
Связь с дроном,ドローン アップリンク,ja
Серебряная ложка,銀の匙,ja
Сильвермирская заря,シルバーミアの夜明け,ja
Симпатический имплант,共感インプラント,ja
Синее усиление,ブルーバフ,ja
Скамейка Пандоры,パンドラのベンチ,ja
Скелетница,フィッシュボーン,ja
Сковородка,フライパン,ja
Скорострельная пушка,ラピッド ファイアキャノン,ja
Сладкие угощения,甘いおやつ,ja
Слеза богини,女神の涙,ja
Слезы рекой,好きなだけ泣くがいい,ja
Слишком Большой Жезл,ムダニ デカイ ロッド,ja
Смертельная шляпа Рабадона,ラバドン デスキャップ,ja
Смертоносные клинки,デッドリアー ブレード,ja
Смерть Разума,ウィッツ エンド,ja
Снайпер,スナイパー,ja
Создание друга,友を鍛える,ja
Создание спутника,コンパニオン作成,ja
Сона,ソナ,ja
Союзник,庇護者のお供,ja
Специалист по поздним этапам,レイトゲーム スペシャリスト,ja
Спящая кузница,未来の鍛冶場,ja
Стальное сердце,鋼の心,ja
Статическое электричество,放電,ja
Стеклянная пушка,グラスキャノン,ja
Странник,ボイジャー,ja
Страховой фонд,ヘッジファンド,ja
Стремительное двойное убийство,高速ダブルキル,ja
Стремительное серебро,クイックシルバー,ja
Струящиеся слезы,流れる涙,ja
Суть коммерции,コマース コア,ja
Сфера лечения,ヒーリングオーブ,ja
Счастливые перчатки,ラッキーグローブ,ja
Сюжетная защита,主人公補正,ja
Таам Кенч,タム・ケンチ,ja
Талисман вознесения,超越のタリスマン,ja
Талон,タロン,ja
Твистед Фэйт,ツイステッド・フェイト,ja
Темная звезда,ダークスター,ja
Темная леди,闇の女帝,ja
Теневая марионетка,影の操り人形,ja
Терновый жилет,ブランブル ベスト,ja
Терпеливый ученик,研究熱心,ja
Терпение,忍耐の美徳,ja
Терпение Экко,エコーの忍耐,ja
Тимбилдинг,チーム構築,ja
Тимо,ティーモ,ja
Титаническая гидра,タイタン ハイドラ,ja
Ткач судьбы,フェイトウィーバー,ja
Тонны показателей!,ステータスマシマシ,ja
Топор адского пламени,獄炎のハチェット,ja
Торговый сектор,トレードセクター,ja
Тренировочные перчатки,スパーリング グローブ,ja
Тренировочный манекен,ダミー,ja
Триада,トライフェクタ,ja
Тропа войны,出陣,ja
Тяжел венец,王冠とは重きもの,ja
У.Р.Ф.,U.R.F.,ja
Убийство без разбора,無差別殺人者,ja
Убийца великанов,ジャイアント スレイヤー,ja
Ургот,アーゴット,ja
Уроки бокса,ボクシングのレッスン,ja
Физз,フィズ,ja
Фиора,フィオラ,ja
Фонарь Треша,スレッシュのランタン,ja
Хекстековый прицел,ホライゾン フォーカス,ja
Хекстековый штык,ヘクステック ガンブレード,ja
Хитрая тактика,戦略的敗北,ja
Хоть какая-то польза,有効活用,ja
Целеустремленность,全身全霊,ja
Центр внимания,ここがセンター,ja
Цеп вышибалы,ストライカー フレイル,ja
Часовой механизм,時計仕掛けの加速装置,ja
Частичное вознесение,不完全アセンション,ja
Чаша силы,力の聖杯,ja
Чертеж для задней линии,後衛の設計図,ja
Честь полководца,ウォーロードの名誉,ja
Четырехкратное усиление,最強の四配者,ja
Чо'Гат,チョ＝ガス,ja
Чудо Сораки,ソラカの奇跡,ja
Шапучий напиток,帽子ジュース,ja
Шая,ザヤ,ja
Шен,シェン,ja
Щит тактика,タクティシャンの盾,ja
Эгида рассвета,夜明けの加護,ja
Эгида сумерек,夕闇の加護,ja
Эзреаль,エズリアル,ja
Эксклюзивная кастомизация,限定カスタマイズ,ja
Экспедиция,エクスペディション,ja
Эмблема Галактики грува,スペースグルーヴの紋章,ja
Эмблема Звериного отряда,アニマの紋章,ja
Эмблема Н.О.В.А.,N.O.V.A.の紋章,ja
Эмблема Темной звезды,ダークスターの紋章,ja
Эмблема авангарда,ヴァンガードの紋章,ja
Эмблема арбитра,アービターの紋章,ja
Эмблема головореза,ローグの紋章,ja
Эмблема дебошира,ブローラーの紋章,ja
Эмблема задиры,チャレンジャーの紋章,ja
Эмблема звездочета,星の観測者の紋章,ja
Эмблема мародера,略奪者の紋章,ja
Эмблема мипера,ミィプルの紋章,ja
Эмблема несокрушимого,バスティオンの紋章,ja
Эмблема пастуха,導き手の紋章,ja
Эмблема псионика,サイオニックの紋章,ja
Эмблема разрушителя времени,タイムブレーカーの紋章,ja
Эмблема реликта,プライモーディアンの紋章,ja
Эмблема снайпера,スナイパーの紋章,ja
Эмблема странника,ボイジャーの紋章,ja
Эпические обновления,エピックなロールダウン,ja
Эпоха,エポック,ja
Эхо восстановления,癒しのこだま,ja
Ядро рассвета,ドーンコア,ja
Ярость кракена,クラーケンの怒り,ja
Ясный ум,明鏡止水,ja
آتروكس,エイトロックス,ja
أربعة تكسب ترقية,最強の四配者,ja
أصغر عملاق,もっと小さな巨人,ja
أطنان من الإحصاءات!,ステータスマシマシ,ja
أفضل الأصدقاء,ベストフレンド,ja
أكالي,アカリ,ja
أنيما,アニマ,ja
أورغوت,アーゴット,ja
أورن,オーン,ja
أورورا,オーロラ,ja
أوريليون سول,オレリオン・ソル,ja
إرادة الصولجان,メイスの決意,ja
إزريال,エズリアル,ja
إعادة المهمة,ミッションの再開,ja
إيلاوي,イラオイ,ja
اتصالات فائتة,ミスコネクション,ja
اختر خاصية,特性を選択,ja
اختصاصي نهاية المباراة,レイトゲーム スペシャリスト,ja
استبدالٌ ملحمي,エピックなロールダウン,ja
استحضار السحر المستمر,連続魔法,ja
اعثر على مركزك,ここがセンター,ja
الأحزمة الوفيرة,ベルト オーバーフロー,ja
الأربعة تربح,フォーが共にあらんことを,ja
الأشقياء,不適合者,ja
الأصول الحديدية,カナとカネ,ja
الأقواس الاحتياطية,援護の弓,ja
الأمر يستحق الانتظار,待つ価値あり,ja
الإنفاق الحكيم,賢い買い物,ja
الاتصال الآلي,サイバネティック アップリンク,ja
الاتصال بالدرون,ドローン アップリンク,ja
الاختلاس,窃盗,ja
الارتقاء,アセンション,ja
الارتقاء الجزئي,不完全アセンション,ja
الاستبدالات الوفيرة,ローリングデイズ,ja
الاستثمار,投資完了,ja
الاستثمار طويل الأجل,思惑買い,ja
الاستخلاص المفيد,回収箱,ja
الاستنساخ,複製,ja
الاستهلاك ضروري,叩きつけ,ja
الاشتراك الفخم,豪華なサブスク,ja
الالتزام الصارم,全身全霊,ja
الانفجار العظيم,ビッグバン,ja
البداية الكونية الجديدة,宇宙の再起,ja
البرج,ザ・タワー,ja
البرونزي حتى النهاية,生涯ブロンズ,ja
البيضة الذهبية,金のタマゴ,ja
التآكل,腐食,ja
التأثيرات الجانبية,副作用,ja
التاج الملعون,カースドのクラウン,ja
التحفة الذابلة,枯朽の遺物,ja
التحويل إلى دمية,ダミー化,ja
الترقية!,レベルアップ！,ja
التشكيل الأقصى,マックスビルド,ja
التصنيع المتقن,巧みなクラフト,ja
التغيب عن اللعب,AFK,ja
التفكير المتقدم,先見性,ja
التمثال المحرّم,フォビドゥン アイドル,ja
التنين الذهبي,黄金の龍,ja
التوسع,構成拡大,ja
الثقب الأسود الصغير,ミニブラックホール,ja
الثلاثية,トライフェクタ,ja
الجوهرة المتلفة,枯死の宝石,ja
الحارسان التوأمان,ツインガーディアン,ja
الحجم مهم,サイズが大事,ja
الحركات الخطرة,命懸けの戦い,ja
الحركة التصاعدية,上方移動,ja
الحقبة المميزة,エポック,ja
الحمل المعرفي الزائد,コグニティブ オーバーロード,ja
الحملة الاستكشافية,エクスペディション,ja
الخسارة المحسوبة,戦略的敗北,ja
الخوذة المتكيفة,アダプティブ ヘルム,ja
الدراسة الصابرة,研究熱心,ja
الدرع الساتر,イーブンシュラウド,ja
الدروس المبكرة,早期教育,ja
الدروع المؤقتة,即席アーマー,ja
الدموع المتدفقة,流れる涙,ja
الذهن الصافي,明鏡止水,ja
الذهن المشوّش,乱れる思考,ja
الرفاق الصغار,小さな仲間たち,ja
الرمية السحرية,魔法のダイス,ja
الرمية السحرية المخفّفة,ちょっとだけ魔法のダイス,ja
الرهان الذهبي,黄金の博打,ja
الزئبق,クイックシルバー,ja
السترة المدببة,ブランブル ベスト,ja
السترة المسلسلة,チェイン ベスト,ja
السحر المحبوك,紡がれし魔法,ja
السعي نحو النجوم,星を目指して,ja
السيف الأبدي,インフィニティ エッジ,ja
السيف الصاعق,スタティック シヴ,ja
السيف الطيفي,スペクトラル カトラス,ja
السيف الهائل,B.F.ソード,ja
السيوف الوفيرة,ソード オーバーフロー,ja
السيولة,ハスラー,ja
الشحنة الكهربائية,放電,ja
الشخصية المنعكسة,鏡像のペルソナ,ja
الشخصية المنعكسة المصغّرة,劣化版鏡像のペルソナ,ja
الشرائح الآلية,サイバネティック インプラント,ja
الشرارة الأيونية,アイオニック スパーク,ja
الصامد,サバイバー,ja
الصبر فضيلة,忍耐の美徳,ja
الصغير الفتاك,小さくても強烈,ja
الصنديد,不屈,ja
الضريبة المعرفية,コグニティブ タックス,ja
الطابور الثنائي,デュオキュー,ja
العمالقة الصغار,小さな巨人,ja
العملاق القوي,ジャイアント&マイティ,ja
العوائد الخبيثة,邪悪な収益化,ja
الفوز الكبير,勝ち抜け,ja
الفولاذ المذهب,金ピカの鋼,ja
الفيلق الثلاثي,3の軍団,ja
القائدة,コマンダー,ja
القاتل المأجور,プロの殺し屋,ja
القتل المزدوج السريع,高速ダブルキル,ja
القصاص,報復,ja
القصبات الوفيرة,ワンド オーバーフロー,ja
القفاز المرصع بالجواهر,ジュエル ガントレット,ja
القفازات,ミトン,ja
القلب الراسخ,揺るがぬ心,ja
القلب الفولاذي,鋼の心,ja
القوس المنحني,リカーブ ボウ,ja
الكنوز المدفونة,埋もれた宝物,ja
الكهرباء القوية,高電圧,ja
اللعب الأمثل,ミニマックス,ja
اللوتس المرصع,ジュエル ロータス,ja
المبارزة السامية,聖なる決闘者,ja
المتعطش للدماء,ブラッドサースター,ja
المحدق بالنجوم,星の観測者,ja
المحفز الأحمر,レッドバフ,ja
المخلّص,救済者,ja
المرن,柔軟性,ja
المستبدل العشوائي,混乱回復装置,ja
المصهر الحي,歩く鍛冶場,ja
المصهر الكامن,未来の鍛冶場,ja
المصهر المحمول,ポータブル フォージ,ja
المعطف المشبوه,怪しげなトレンチコート,ja
المغامرة الفخمة,崇高の冒険,ja
الملعقة الفضية,銀の匙,ja
المنفيون,エグザイル,ja
الموقف الحرج,ウィッツ エンド,ja
الميثاق الأزلي,不滅の協定,ja
الميكا الجبار,マイティーロボ,ja
المُبيد,根絶者,ja
النجاح الحرج,クリティカル サクセス,ja
النجم المظلم,ダークスター,ja
النسيم العليل,ゼファー,ja
النصال الخاطفة,フリッカーブレード,ja
النصل الملعون,呪いの刃,ja
النمو المتفجر,爆発的成長,ja
النوبة الثانية,起死回生,ja
النيران المركزة,集中砲火,ja
الهمسة الأخيرة,ラスト ウィスパー,ja
الهيدرا العملاقة,タイタン ハイドラ,ja
الوسيط,コンジット,ja
الوغد المشع,輝く悪党,ja
انتصار فيكتور آركين,Arcane ビクタリー,ja
بارد,バード,ja
بانثيون,パンテオン,ja
بايك,パイク,ja
براير,ブライアー,ja
برايمورديان,プライモーディアン,ja
بكاء بلا جدوى,好きなだけ泣くがいい,ja
بلورات العلاج,ヒーリングオーブ,ja
بليتزكرانك,ブリッツクランク,ja
بناء البطل,仲間を作ろう,ja
بناء الفريق,チーム構築,ja
بناء مرافق,コンパニオン作成,ja
بوابة ززروت,ジ＝ロット ポータル,ja
بوبي,ポッピー,ja
بيلفيث,ベル＝ヴェス,ja
تأسيس الخط الأمامي,前衛の礎,ja
تاج المخطِط,タクティシャンの王冠,ja
تالون,タロン,ja
تام كينش,タム・ケンチ,ja
تخصيص حصري,限定カスタマイズ,ja
تخفيضات نارية,ファイアセール,ja
تدريب الحارس الشخصي,ボディーガードの訓練,ja
تذكرة موشورية,プリズムチケット,ja
ترقية فردية,俺だけレベルアップ,ja
تركيز الأفق,ホライゾン フォーカス,ja
تسلّق سلم التصنيفات,はしごを登れ,ja
تشكيل الصفوف,ラインナップ,ja
تشكيل الفريق,一致団結,ja
تشوغاث,チョ＝ガス,ja
تعزيزٌ هنا وتعزيزٌ هناك,バフが1つ、バフが2つ,ja
تغذية ألسنة اللهب,炎を強めて,ja
تمجيد كايل,ケイルの天昇,ja
تمجيد كايل المشع,ケイルの暁光の天昇,ja
تميمة الارتقاء,超越のタリスマン,ja
توأم تانك,2体のタンク,ja
توسع الجذور,広がる根,ja
تويستد فايت,ツイステッド・フェイト,ja
تيمو,ティーモ,ja
ثمن الدم,血の価値,ja
جاكس,ジャックス,ja
جديد من المصنع,ファクトリー ニュー,ja
جوع المال,金に飢えし者,ja
جوهر التجارة,コマース コア,ja
جوهر الحراشف اللامعة,シマースケールのエッセンス,ja
جوهر الفجر,ドーンコア,ja
جين,ジン,ja
جينكس,ジンクス,ja
حافظ المادة الحيوية,バイオ物質保存装置,ja
حاملة المصائب,ドゥーマー,ja
حامي التاج,クラウンガード,ja
حزام العملاق,ジャイアント ベルト,ja
حزمة الدعم,ブースターパック,ja
حزمة الرعاية,仕送り,ja
حساب الادخار,普通預金口座,ja
حصاد الهالة,オーラ育成中,ja
حصن,バスティオン,ja
حقق مرادك,ジャストヒット,ja
حكاية العودة,逆転劇,ja
حلوى لذيذة,甘いおやつ,ja
حليف الوصي,庇護者のお供,ja
حماية الخطوط,前線維持,ja
حماية اللانهاية,インフィニティの守護,ja
حيوية مصاص الدماء,吸血の胆力,ja
خانة ياسو الذهبية,ヤスオのゴールドのマス,ja
خدمة الاشتراك,サブスクリプション,ja
خطة عمل الخط الخلفي,後衛の設計図,ja
درع الصدر المنفرد,一人前プレート,ja
درع الغسق,夕闇の加護,ja
درع الفجر,夜明けの加護,ja
درع المخطِط,タクティシャンの盾,ja
درع صدر مرزاب الحجري,ガーゴイル ストーンプレート,ja
درع وارموغ,ワーモグ アーマー,ja
دروس الملاكمة,ボクシングのレッスン,ja
دروع البطل,主人公補正,ja
دعوة إلى الفوضى,混沌への呼び声,ja
دفعة أولية,キックスタート,ja
دكة بدلاء باندورا,パンドラのベンチ,ja
دمعة الزعيمة,女神の涙,ja
دمى اختبار التحطم,衝突試験用ダミー,ja
دمية التدريب,ダミー,ja
دمية الظل,影の操り人形,ja
ديانا,ダイアナ,ja
راست,ラースト,ja
راعي,導き手,ja
راموس,ラムス,ja
رامي,スナイパー,ja
رحالة,ボイジャー,ja
رقص الفضاء,スペースグルーヴ,ja
رمح شوجين,ショウジンの矛,ja
رمز الدرع الخفيف,ライトシールドのクレスト,ja
رمية الحظ,ツイてる気分,ja
روح الافتداء,リデンプションの魂,ja
رياح المال الموسمية,金のモンスーン,ja
ريفت سكاتلر,リフトスカトル,ja
ريفين,リヴェン,ja
ريكساي,レク＝サイ,ja
زايا,ザヤ,ja
زوي,ゾーイ,ja
زيادة القوة في نهاية المباراة,レイトゲーム スケーリング,ja
زيد,ゼド,ja
زيد الغازي,侵略者ゼド,ja
ستار السكون,沈黙の帳,ja
سكين سلاح الهيكستيك,ヘクステック ガンブレード,ja
سلفة قرض,前借り,ja
سميرة,サミーラ,ja
سن ناشور,ナッシャー トゥース,ja
سونا,ソナ,ja
سيدة الأسلحة,銃装機神,ja
سيدة الظلام,闇の女帝,ja
شارة أنيما,アニマの紋章,ja
شارة الحصن,バスティオンの紋章,ja
شارة الراعي,導き手の紋章,ja
شارة الرامي,スナイパーの紋章,ja
شارة الرحالة,ボイジャーの紋章,ja
شارة الطليعي,ヴァンガードの紋章,ja
شارة القاضي,アービターの紋章,ja
شارة القوى الذهنية,サイオニックの紋章,ja
شارة المارق,ローグの紋章,ja
شارة المتحدّي,チャレンジャーの紋章,ja
شارة المحدق بالنجوم,星の観測者の紋章,ja
شارة المشاجر,ブローラーの紋章,ja
شارة المغير,略奪者の紋章,ja
شارة النجم المظلم,ダークスターの紋章,ja
شارة برايمورديان,プライモーディアンの紋章,ja
شارة رقص الفضاء,スペースグルーヴの紋章,ja
شارة صديق الميب,ミィプルの紋章,ja
شارة كاسر الزمن,タイムブレーカーの紋章,ja
شارة نوفا,N.O.V.A.の紋章,ja
شبه الناقل,半導体,ja
شجرة الخواص,特性の木,ja
شرف أمير الحرب,ウォーロードの名誉,ja
شريحة التعاطف,共感インプラント,ja
شق الدرب,道を切り拓け,ja
شين,シェン,ja
صانع السيوف,剣鍛冶,ja
صانع القصبات,杖鍛冶,ja
صبر إيكو,エコーの忍耐,ja
صحوة الروح,ソウルの目覚め,ja
صدى الشفاء,癒しのこだま,ja
صديق الميب,ミィプル,ja
صناعة صديق,友を鍛える,ja
صندوق التحوط,ヘッジファンド,ja
صولجان الفويد,ヴォイド スタッフ,ja
صولجان مصاصي الدماء الفاسد,穢れたヴァンパイア セプター,ja
صياد المجرة,ギャラクシー ハンター,ja
صيد الكنوز,宝探し,ja
طراخ!,ボカッ！,ja
طريق الحرب,出陣,ja
طليعي,ヴァンガード,ja
عاصفة لودن,ルーデン テンペスト,ja
عبء التاج ثقيل,王冠とは重きもの,ja
عباءة الليل,ナイト エッジ,ja
عباءة النيغاترون,ネガトロン クローク,ja
عجلة الميب السريعة,ターミィプナル ヴェロシティー,ja
عراف,神託,ja
عزم العملاق,巨人の誓い,ja
عصا سيرافيم,セラフィムの杖,ja
عصا كبير الحُماة,アークエンジェル スタッフ,ja
عصابة اللصوص,盗賊団,ja
عصابة اللصوص II,盗賊団 II,ja
عصير القبعة,帽子ジュース,ja
عفونة الموتى,リッチ ベイン,ja
عملية السطو على المكونات,素材アイテムヘイスト,ja
عناصر باندورا,パンドラのアイテム,ja
عناق جماعي,みんなでハグ,ja
عهد الفارس,騎士の誓い,ja
غراغاس,グラガス,ja
غرايفز,グレイブス,ja
غريزة إيفلين,イブリンの直感,ja
غنار,ナー,ja
غولم,ゴーレム,ja
غوين,グウェン,ja
فأس نيران الجحيم,獄炎のハチェット,ja
فانوس ثريش,スレッシュのランタン,ja
فجر سيلفرمير,シルバーミアの夜明け,ja
فضيلة الشهيد,マーターズ ヴァーチュ,ja
فورة الكراكن,クラーケンの怒り,ja
فورة تسوق,買い物三昧,ja
في الاتحاد قوة,一致団結,ja
فيز,フィズ,ja
فيشبونز,フィッシュボーン,ja
فيغار,ベイガー,ja
فيكتور,ビクター,ja
فيكس,ヴェックス,ja
فيورا,フィオラ,ja
قائد أنيما,アニマ司令官,ja
قاتل العمالقة,ジャイアント スレイヤー,ja
قاتل لا يميز بين ضحاياه,無差別殺人者,ja
قاضي,アービター,ja
قبعات أشد فتكًا,もっと怖いキャップ,ja
قبعة موت رابادون,ラバドン デスキャップ,ja
قربان الدم,血の供物,ja
قصبة عريضة بلا داع,ムダニ デカイ ロッド,ja
قطاع التجارة,トレードセクター,ja
قفاز التدريب,スパーリング グローブ,ja
قفاز الحظ,ラッキーグローブ,ja
قفاز الفويد,ヴォイド ガントレット,ja
قفاز اللص,盗賊のグローブ,ja
قفاز ستيراك,ステラックの篭手,ja
قلادة التنشيط,心身統御のペンダント,ja
قلادة سولاري الحديدي,ソラリのロケット,ja
قلنسوة المخطِط,タクティシャンのケープ,ja
قلنسوة لهب الشمس,サンファイア ケープ,ja
قوة محسَّنة,オーグメントパワー,ja
قوسي في خدمتك,弓の誓い,ja
قوى ذهنية,サイオニック,ja
قيمة مزدوجة,お得な2,ja
كأس القوة,力の聖杯,ja
كارما,カルマ,ja
كاسر الزمن,タイムブレーカー,ja
كاهوناهونا,カフナフナ,ja
كايتلين,ケイトリン,ja
كايسا,カイ＝サ,ja
كوركي,コーキ,ja
كيس الهدايا البطولي,英雄のラッキーバッグ,ja
كيس هدايا أورف,アーフの福袋,ja
كيس هدايا العناصر,アイテム福袋,ja
كيس هدايا صغير,小さな福袋,ja
كيس هدايا كبير,大きな福袋,ja
كيندريد,キンドレッド,ja
لا تغيير ولا استطلاع,偵察なし、変更なし,ja
لم شمل عيد الميلاد,バースデー リユニオン,ja
لمحة من الحياة,普通の日々,ja
لوبلانك,ルブラン,ja
لوح لهيب الشمس,サンファイア ボード,ja
لولو,ルル,ja
ليساندرا,リサンドラ,ja
ليونا,レオナ,ja
مارق,ローグ,ja
ماستر يي,マスター・イー,ja
ماوكاي,マオカイ,ja
مباركة السماء,神の祝福,ja
متحدي,チャレンジャー,ja
متراس,ブルワーク,ja
متوالية نجمية,ステラコンボ,ja
مجلد الخواص,特性の書,ja
مجند جديد,新兵,ja
محترف الحفلات,パーティーアニマル,ja
محظوظ,絶好調,ja
محفز أزرق,ブルーバフ,ja
مخلب التنين,ドラゴン クロウ,ja
مخلب المتصيد,プローラー クロウ,ja
مدفع النار السريع,ラピッド ファイアキャノン,ja
مدفع من زجاج,グラスキャノン,ja
مستنسخ,レプリケーター,ja
مسرِّع الساعة,時計仕掛けの加速装置,ja
مشاجر,ブローラー,ja
مشاركة تألق ياسو,ヤスオのスポットライトをシェア,ja
مصروف الغداء,昼食代,ja
مصفوفة البرمجيات الخبيثة,マルウェア マトリックス,ja
مصنوعٌ من القوة,力に鍛えられしもの,ja
مصهر التمجيد,神の鍛冶場,ja
مطبخ المخطِط,タクティシャンの台所,ja
معجزة سوراكا,ソラカの奇跡,ja
مغير,略奪者,ja
مفاجآت الحظ,想定内の意外性,ja
مقابل أي ثمن,代償,ja
مقاتل الجوائز,プロボクサー,ja
مقلاة,フライパン,ja
ملعقة مسطحة,へら,ja
مناورة أورف,アーフの策略,ja
منظار رصد الهدف,ターゲットロック スコープ,ja
مهارة مبارزة ياسو,ヤスオのブレードワーク,ja
مورديكايزر,モルデカイザー,ja
مورغانا,モルガナ,ja
موريلونوميكون,モレロノミコン,ja
ميبسي,ミィプシー,ja
ميس فورتشن,ミス・フォーチュン,ja
ميكا,メカ,ja
ميليو,ミリオ,ja
ناسوس,ナサス,ja
نافع لشيء ما,有効活用,ja
نامي,ナミ,ja
نتماسك معًا,いつでも一緒,ja
نذر الحامي,プロテクターの誓い,ja
نذير زيكي,ジークの使者,ja
نذير زيكي الكئيب,冷酷なるジークの使者,ja
نساج المصير,フェイトウィーバー,ja
نصال أشد فتكًا,デッドリアー ブレード,ja
نصل الموت,デスブレード,ja
نصل غضب غينسو,グインソー レイジブレード,ja
نقل الشحنة,チャージトランスファー,ja
نوفا,N.O.V.A.,ja
نونو وويلامب,ヌヌ & ウィルンプ,ja
هالة آري,アーリのオーラ,ja
هبة آري,アーリの恩恵,ja
هبة أوريليون سول,オレリオン・ソルの恩恵,ja
هبة إيفلين,イブリンの恩恵,ja
هبة إيكو,エコーの恩恵,ja
هبة الإنعاش,再起の呪印,ja
هبة تجميع الخردة,スクラッパーの恩恵,ja
هبة ثريش,スレッシュの恩恵,ja
هبة سوراكا,ソラカの恩恵,ja
هبة فاروس,ヴァルスの恩恵,ja
هبة كايل,ケイルの恩恵,ja
هبة ياسو,ヤスオの恩恵,ja
هدية عيد الميلاد,バースデープレゼント,ja
هراوة المهاجم,ストライカー フレイル,ja
هوس فاروس,ヴァルスの執念,ja
واحد واثنان وثلاثة,一 二 三,ja
واحد، اثنان، خمسة!,ワン、ツー、ファイブ！,ja
واقي ذراع المطارد,シーカー アームガード,ja
وجه الروح,スピリット ビサージュ,ja
وضع المتحدية,チャレンジャーモード,ja
وضع المستنسِخة,レプリケーターモード,ja
وضع الوسيط,コンジットモード,ja
وكر البارون,バロンの巣,ja
يأسٌ بلا نهاية,終わりなき絶望,ja
يد العدالة,ハンド オブ ジャスティス,ja
เลือกคุณสมบัติ,特性を選択,ja
Ấn Bắn Tỉa,スナイパーの紋章,ja
Ấn Can Trường,バスティオンの紋章,ja
Ấn Chiêm Tinh,星の観測者の紋章,ja
Ấn Du Mục,導き手の紋章,ja
Ấn Hành Tinh,スペースグルーヴの紋章,ja
Ấn Hắc Tinh,ダークスターの紋章,ja
Ấn N.O.V.A.,N.O.V.A.の紋章,ja
Ấn Siêu Linh,サイオニックの紋章,ja
Ấn Siêu Thú,アニマの紋章,ja
Ấn Thách Đấu,チャレンジャーの紋章,ja
Ấn Thần Phán,アービターの紋章,ja
Ấn Thời Không,タイムブレーカーの紋章,ja
Ấn Tinh Linh Chuông,ミィプルの紋章,ja
Ấn Tiên Phong,ヴァンガードの紋章,ja
Ấn Toán Cướp,略奪者の紋章,ja
Ấn Tộc Thượng Cổ,プライモーディアンの紋章,ja
Ấn Viễn Chinh,ボイジャーの紋章,ja
Ấn Vô Pháp,ローグの紋章,ja
Ấn Đấu Sĩ,ブローラーの紋章,ja
「三」之軍團,3の軍団,ja
一、二、五！,ワン、ツー、ファイブ！,ja
一个增益，两个增益,バフが1つ、バフが2つ,ja
一二三,一 二 三,ja
一個Buff，兩個Buff,バフが1つ、バフが2つ,ja
一击即中,ジャストヒット,ja
一棒入魂！,ボカッ！,ja
一波带走俩,高速ダブルキル,ja
一生挚友,ベストフレンド,ja
一生摯友,ベストフレンド,ja
一着险棋,命懸けの戦い,ja
一點點重抽魔法,ちょっとだけ魔法のダイス,ja
一，二，三,一 二 三,ja
一，二，五！,ワン、ツー、ファイブ！,ja
七彩棱镜入场券,プリズムチケット,ja
三幻神,3の軍団,ja
三相庇护,インフィニティの守護,ja
三费军团,3の軍団,ja
三連勝I,トライフェクタ,ja
三重奏,トライフェクタ,ja
三项赛,トライフェクタ,ja
上进心,上方移動,ja
不侦察，不变阵,偵察なし、変更なし,ja
不偵察不換陣容,偵察なし、変更なし,ja
不完全飛昇,不完全アセンション,ja
不屈鬥魂,不屈,ja
不惜代價,代償,ja
不破金鋼,金ピカの鋼,ja
不计代价,代償,ja
专属定制,限定カスタマイズ,ja
专打后期,レイトゲーム スペシャリスト,ja
专注火焰,集中砲火,ja
两倍价值,お得な2,ja
並肩作戰,一致団結,ja
中堅自強,ここがセンター,ja
临时战甲,即席アーマー,ja
主角威能,主人公補正,ja
丽桑卓,リサンドラ,ja
丽珊卓,リサンドラ,ja
乌尔加特,アーゴット,ja
乐芙兰,ルブラン,ja
亚托克斯,エイトロックス,ja
亚索的共享聚光灯,ヤスオのスポットライトをシェア,ja
亚索的剑艺,ヤスオのブレードワーク,ja
亚索的恩赐,ヤスオの恩恵,ja
亚索的黄金格,ヤスオのゴールドのマス,ja
交易之星,トレードセクター,ja
人多好辦事,一致団結,ja
人生切片,普通の日々,ja
仙灵斗士,聖なる決闘者,ja
代价是什么,代償,ja
仲裁者,アービター,ja
仲裁者徽章,アービターの紋章,ja
仿生上行链,サイバネティック アップリンク,ja
仿生植入物,サイバネティック インプラント,ja
伊泽瑞尔,エズリアル,ja
伊澤瑞爾,エズリアル,ja
伊罗旖,イラオイ,ja
伊羅旖,イラオイ,ja
伊芙琳的增益,イブリンの恩恵,ja
伊芙琳的恩赐,イブリンの恩恵,ja
伊芙琳的本能,イブリンの直感,ja
伊芙琳的祝福,イブリンの恩恵,ja
休眠锻炉,未来の鍛冶場,ja
伸手摘星,星を目指して,ja
伸手摘群星,星を目指して,ja
低调炫耀,オーラ育成中,ja
佐伊,ゾーイ,ja
便携锻炉,ポータブル フォージ,ja
俄洛伊,イラオイ,ja
保卫者之誓,プロテクターの誓い,ja
保衛者之誓,プロテクターの誓い,ja
保鑣訓練,ボディーガードの訓練,ja
保镖训练,ボディーガードの訓練,ja
修复型回响,癒しのこだま,ja
值得等待,待つ価値あり,ja
假人化,ダミー化,ja
做多,思惑買い,ja
備用弓箭,援護の弓,ja
储蓄账户,普通預金口座,ja
價值爆棚,お得な2,ja
儲蓄帳戶,普通預金口座,ja
充能转移,チャージトランスファー,ja
先知,神託,ja
先鋒戰士,ヴァンガード,ja
先鋒戰士徽章,ヴァンガードの紋章,ja
先锋战士,ヴァンガード,ja
先锋战士徽章,ヴァンガードの紋章,ja
光明无赖,輝く悪党,ja
光盾之紋,ライトシールドのクレスト,ja
光盾之纹,ライトシールドのクレスト,ja
光盾徽章,ライトシールドのクレスト,ja
入侵者 劫,侵略者ゼド,ja
全力以赴,全身全霊,ja
全新出厂,ファクトリー ニュー,ja
共感植入,共感インプラント,ja
关,グウェン,ja
关爱包裹,仕送り,ja
兹若特传送门,ジ＝ロット ポータル,ja
内瑟斯,ナサス,ja
再造神兵,ファクトリー ニュー,ja
冒险举动,命懸けの戦い,ja
冕卫,クラウンガード,ja
军工1号,ファクトリー ニュー,ja
冲击火炮,ラピッド ファイアキャノン,ja
冲榜战士,はしごを登れ,ja
凋零的遗物,枯朽の遺物,ja
凋零聖物,枯朽の遺物,ja
凯尔的光明崇拜,ケイルの暁光の天昇,ja
凯尔的升腾,ケイルの天昇,ja
凯尔的圣光升腾,ケイルの暁光の天昇,ja
凯尔的增益,ケイルの恩恵,ja
凯尔的崇拜,ケイルの天昇,ja
凯尔的恩赐,ケイルの恩恵,ja
凯特琳,ケイトリン,ja
凯莎,カイ＝サ,ja
凱爾的祝福,ケイルの恩恵,ja
凱爾的聖光讚頌,ケイルの暁光の天昇,ja
凱爾的讚頌,ケイルの天昇,ja
凱特琳,ケイトリン,ja
凱莎,カイ＝サ,ja
出身豪门,銀の匙,ja
刀劍湧流,ソード オーバーフロー,ja
刃馬合一,出陣,ja
刃马合一,出陣,ja
列队,ラインナップ,ja
初級鏡像人格,劣化版鏡像のペルソナ,ja
利落保镖,ボディーガードの訓練,ja
别再错过,ミスコネクション,ja
刹雅,ザヤ,ja
刺藤胸甲,ブランブル ベスト,ja
刻苦钻研,研究熱心,ja
前排地基,前衛の礎,ja
前瞻思维,先見性,ja
前線基礎,前衛の礎,ja
前线地基,前衛の礎,ja
剎雅,ザヤ,ja
剑之工匠,剣鍛冶,ja
劍匠,剣鍛冶,ja
力炼之躯,力に鍛えられしもの,ja
力量圣杯,力の聖杯,ja
力量聖杯,力の聖杯,ja
力量鍛造,力に鍛えられしもの,ja
加速開始,キックスタート,ja
努努和威朗普,ヌヌ & ウィルンプ,ja
劫,ゼド,ja
劫掠者,略奪者,ja
劫掠者徽章,略奪者の紋章,ja
勒哈斯特,ラースト,ja
勒布朗,ルブラン,ja
千珏,キンドレッド,ja
升华护符,超越のタリスマン,ja
升星之运,絶好調,ja
升級！,レベルアップ！,ja
升级咯！,レベルアップ！,ja
升级！,レベルアップ！,ja
午餐錢,昼食代,ja
午餐钱,昼食代,ja
半导体,半導体,ja
半导体装置,半導体,ja
半導體,半導体,ja
卑尔维斯,ベル＝ヴェス,ja
单身板甲,一人前プレート,ja
博弈开启,キックスタート,ja
占星師,星の観測者,ja
占星師徽章,星の観測者の紋章,ja
卡尔玛,カルマ,ja
卡帕果汁,帽子ジュース,ja
卡玛,カルマ,ja
卡瑪,カルマ,ja
卡胡纳胡纳,カフナフナ,ja
卡莎,カイ＝サ,ja
卢登的激荡,ルーデン テンペスト,ja
卢登骤雨,ルーデン テンペスト,ja
厄加特,アーゴット,ja
厄萨斯,エイトロックス,ja
厄薩斯,エイトロックス,ja
厄运小姐,ミス・フォーチュン,ja
厄運使者,ドゥーマー,ja
厨神阿福,U.R.F.,ja
双城赢家,Arcane ビクタリー,ja
双子守护神,ツインガーディアン,ja
双子守护者,ツインガーディアン,ja
双排,デュオキュー,ja
反响,複製,ja
反曲之弓,リカーブ ボウ,ja
反曲弓,リカーブ ボウ,ja
发条加速器,時計仕掛けの加速装置,ja
发条增速器,時計仕掛けの加速装置,ja
受到星神赐福,神の祝福,ja
变形重组器,混乱回復装置,ja
叛逆者,不適合者,ja
叛道者,ローグ,ja
叛道者徽章,ローグの紋章,ja
古拉加斯,グラガス,ja
古拉格斯,グラガス,ja
另辟新境,構成拡大,ja
可大可小,ミニマックス,ja
可疑風衣,怪しげなトレンチコート,ja
可疑风衣,怪しげなトレンチコート,ja
史提克弹簧刀,スタティック シヴ,ja
史提克彈簧刀,スタティック シヴ,ja
史特拉克手套,ステラックの篭手,ja
史詩重抽,エピックなロールダウン,ja
史诗重骰,エピックなロールダウン,ja
吉茵珂丝,ジンクス,ja
吉茵珂絲,ジンクス,ja
后排蓝图,後衛の設計図,ja
后期专家,レイトゲーム スペシャリスト,ja
后期成长,レイトゲーム スケーリング,ja
后期收益,レイトゲーム スケーリング,ja
向上流動,上方移動,ja
吶兒,ナー,ja
吸血活力,吸血の胆力,ja
吸血活力I,吸血の胆力,ja
吸血生命力,吸血の胆力,ja
吾弓听命于您,弓の誓い,ja
吾弓效命於您,弓の誓い,ja
呐儿,ナー,ja
命运祭司,神託,ja
命运编织者,フェイトウィーバー,ja
命運編織者,フェイトウィーバー,ja
商业核心,コマース コア,ja
單人磐核,一人前プレート,ja
嗜血者,ブラッドサースター,ja
嘟嘟好,ジャストヒット,ja
四费增援,最強の四配者,ja
四重援軍,最強の四配者,ja
回收再利用,回収箱,ja
回春,起死回生,ja
团队建设,チーム構築,ja
圣光审判者,救済者,ja
圣光捣蛋鬼,輝く悪党,ja
圣盾使的誓约,プロテクターの誓い,ja
地底寶藏,埋もれた宝物,ja
均等法衣,イーブンシュラウド,ja
坚守前线,前線維持,ja
坚守防线,前線維持,ja
坚定之心,揺るがぬ心,ja
坚毅之心,揺るがぬ心,ja
坦度成双,2体のタンク,ja
坦度雙倍,2体のタンク,ja
埋藏的宝物,埋もれた宝物,ja
基克的先驱,ジークの使者,ja
基克的阴森先驱,冷酷なるジークの使者,ja
堅守前線,前線維持,ja
堅定之心,揺るがぬ心,ja
堡垒,ブルワーク,ja
堡垒卫士,バスティオン,ja
堡垒卫士纹章,バスティオンの紋章,ja
堡壘衛士,バスティオン,ja
堡壘衛士徽章,バスティオンの紋章,ja
塔姆,タム・ケンチ,ja
塔楼,ザ・タワー,ja
塔隆,タロン,ja
增幅之力,オーグメントパワー,ja
增援部队,最強の四配者,ja
壁垒,バスティオン,ja
壁垒徽章,バスティオンの紋章,ja
备用弓,援護の弓,ja
复仇,報復,ja
复制,複製,ja
复制者,レプリケーター,ja
复制者模式,レプリケーターモード,ja
复活恩赐,再起の呪印,ja
复活的恩赐,再起の呪印,ja
复苏之风,起死回生,ja
夜之锋刃,ナイト エッジ,ja
夜色緣界,ナイト エッジ,ja
夜色缘界,ナイト エッジ,ja
大买特买,買い物三昧,ja
大剑溢流,ソード オーバーフロー,ja
大剑过载,ソード オーバーフロー,ja
大器晚成,レイトゲーム スケーリング,ja
大型惊喜包,大きな福袋,ja
大天使之杖,アークエンジェル スタッフ,ja
大家來抱抱,みんなでハグ,ja
大小很重要,サイズが大事,ja
大百宝袋,大きな福袋,ja
大禮包,大きな福袋,ja
大而有力,ジャイアント&マイティ,ja
大霹雳星系,ビッグバン,ja
大霹靂星系,ビッグバン,ja
天外橫財,金のモンスーン,ja
天煞,ギャラクシー ハンター,ja
天煞灭影：劫,侵略者ゼド,ja
太空律动,スペースグルーヴ,ja
太空律动徽章,スペースグルーヴの紋章,ja
太空律动纹章,スペースグルーヴの紋章,ja
太空律動,スペースグルーヴ,ja
太空律動徽章,スペースグルーヴの紋章,ja
失去联络,ミスコネクション,ja
契約殺手,プロの殺し屋,ja
奢侈品订购,豪華なサブスク,ja
奢华订阅,豪華なサブスク,ja
奥恩,オーン,ja
奥术 维克特式胜利,Arcane ビクタリー,ja
奥瑞利安·索尔,オレリオン・ソル,ja
奥瑞利安·索尔的恩赐,オレリオン・ソルの恩恵,ja
奧術：維克特必勝,Arcane ビクタリー,ja
女武神的祝福,スクラッパーの恩恵,ja
女神之泪,女神の涙,ja
女神之淚,女神の涙,ja
好战者的恩赐,スクラッパーの恩恵,ja
好战者铠甲,ワーモグ アーマー,ja
好戰者鎧甲,ワーモグ アーマー,ja
好运姐,ミス・フォーチュン,ja
好运手套,ラッキーグローブ,ja
好運姐,ミス・フォーチュン,ja
好運手套,ラッキーグローブ,ja
娑娜,ソナ,ja
娜米,ナミ,ja
娜美,ナミ,ja
存心失利,戦略的敗北,ja
孤身铁铠,一人前プレート,ja
宇宙大爆炸,ビッグバン,ja
宇宙重启,宇宙の再起,ja
宇宙重啟,宇宙の再起,ja
守望者之友,庇護者のお供,ja
守望者的盟友,庇護者のお供,ja
宝宝学院,早期教育,ja
宝石手套,ジュエル ガントレット,ja
寂静法衣,沈黙の帳,ja
寂靜法衣,沈黙の帳,ja
密银黎明,シルバーミアの夜明け,ja
寶石手套,ジュエル ガントレット,ja
对冲基金,ヘッジファンド,ja
寻宝,宝探し,ja
寻宝之旅,宝探し,ja
导能者,コンジット,ja
导能者模式,コンジットモード,ja
專打後期,レイトゲーム スペシャリスト,ja
尋寶遊戲,宝探し,ja
小伙伴,小さな仲間たち,ja
小偷小摸,窃盗,ja
小型惊喜包,小さな福袋,ja
小型禮包,小さな福袋,ja
小小伙伴,小さな仲間たち,ja
小小夥伴,小さな仲間たち,ja
小小大英雄,小さな巨人,ja
小小泰坦,もっと小さな巨人,ja
小小福袋,小さな福袋,ja
小巧但致命,小さくても強烈,ja
小巨人,小さな巨人,ja
小木灵,ミィプシー,ja
小米普,ミィプシー,ja
小而致命,小さくても強烈,ja
就差你一個,ミスコネクション,ja
尺寸至上,サイズが大事,ja
尺有所短、寸有所长,サイズが大事,ja
峡谷迅捷蟹,リフトスカトル,ja
崇高冒险,崇高の冒険,ja
崔斯特,ツイステッド・フェイト,ja
巨人之力,ジャイアント&マイティ,ja
巨人杀手,ジャイアント スレイヤー,ja
巨人殺手,ジャイアント スレイヤー,ja
巨人腰带,ジャイアント ベルト,ja
巨人腰帶,ジャイアント ベルト,ja
巨型九头蛇,タイタン ハイドラ,ja
巨型魔棒,ムダニ デカイ ロッド,ja
巨大強悍,ジャイアント&マイティ,ja
巨龙之爪,ドラゴン クロウ,ja
巫妖之祸,リッチ ベイン,ja
巫妖之禍,リッチ ベイン,ja
巴德,バード,ja
巴龍巢穴,バロンの巣,ja
巴龙幻域,バロンの巣,ja
布蕾尔,ブライアー,ja
布蕾爾,ブライアー,ja
布里茨,ブリッツクランク,ja
帽子饮品,帽子ジュース,ja
帽帽果汁,帽子ジュース,ja
平底鍋,フライパン,ja
平底锅,フライパン,ja
并肩作战,一致団結,ja
幸存者,サバイバー,ja
幸运手套,ラッキーグローブ,ja
幻灵战队,アニマ,ja
幻灵战队纹章,アニマの紋章,ja
幻灵指挥官,アニマ司令官,ja
幽冥煞星,ダークスター,ja
幽冥煞星徽章,ダークスターの紋章,ja
幽魂弯刀,スペクトラル カトラス,ja
库奇,コーキ,ja
应急护甲,即席アーマー,ja
应急护盾,主人公補正,ja
庫奇,コーキ,ja
建立團隊,チーム構築,ja
开摆,AFK,ja
异类,不適合者,ja
強制中離,AFK,ja
強力投入,全身全霊,ja
強化包,ブースターパック,ja
强制中离,AFK,ja
强化之能量,オーグメントパワー,ja
强大机甲,マイティーロボ,ja
强袭者的链枷,ストライカー フレイル,ja
当头棒喝！,ボカッ！,ja
影子木偶,影の操り人形,ja
影忍煞星：劫,侵略者ゼド,ja
征战之路,出陣,ja
後排藍圖,後衛の設計図,ja
復仇,報復,ja
復刻師,レプリケーター,ja
復刻師模式,レプリケーターモード,ja
復活祝福,再起の呪印,ja
循序漸進,普通の日々,ja
微光龍鱗精粹,シマースケールのエッセンス,ja
微光龙鳞精萃,シマースケールのエッセンス,ja
心之抗防,鋼の心,ja
心之钢,鋼の心,ja
忍耐是美德,忍耐の美徳,ja
快速入门,キックスタート,ja
思緒清晰,明鏡止水,ja
思緒雜亂,乱れる思考,ja
思绪杂乱,乱れる思考,ja
思绪清晰,明鏡止水,ja
怪咖集合,不適合者,ja
恶意变现,邪悪な収益化,ja
恶意货币化,邪悪な収益化,ja
恶意软件矩阵,マルウェア マトリックス,ja
恶火小斧,獄炎のハチェット,ja
恶鲨火箭,フィッシュボーン,ja
惡性經營,邪悪な収益化,ja
惡意程式矩陣,マルウェア マトリックス,ja
惡鯊火箭,フィッシュボーン,ja
意料之中的意外,想定内の意外性,ja
愿四费与你同在,フォーが共にあらんことを,ja
慎,シェン,ja
成吨数据！,ステータスマシマシ,ja
成吨的属性！,ステータスマシマシ,ja
我们团结一致,いつでも一緒,ja
我弓于你手,弓の誓い,ja
我独自升级,俺だけレベルアップ,ja
战时补给：反曲之弓,援護の弓,ja
战时补给：女神之泪,流れる涙,ja
战时补给：拳套,クリティカル サクセス,ja
战时补给：无用大棒,連続魔法,ja
战时补给：暴风大剑,道を切り拓け,ja
战神的荣耀,ウォーロードの名誉,ja
戰國軍閥之榮耀,ウォーロードの名誉,ja
戰錘意志,メイスの決意,ja
手套,ミトン,ja
手气不错,ツイてる気分,ja
打手连枷,ストライカー フレイル,ja
打手連枷,ストライカー フレイル,ja
打捞桶,回収箱,ja
打造夥伴,コンパニオン作成,ja
扩展包,ブースターパック,ja
投資,投資完了,ja
投资,投資完了,ja
抽好抽滿I,ローリングデイズ,ja
拉亚斯特,ラースト,ja
拉姆斯,ラムス,ja
拉莫斯,ラムス,ja
拓展包,ブースターパック,ja
招兵买马,新兵,ja
招兵買馬,新兵,ja
拥抱,みんなでハグ,ja
拳击训练,ボクシングのレッスン,ja
拳击课程,ボクシングのレッスン,ja
拳套,スパーリング グローブ,ja
拳擊訓練,ボクシングのレッスン,ja
拳擊選手,プロボクサー,ja
指挥官,コマンダー,ja
指揮官,コマンダー,ja
挑个好伙计！,コンパニオン作成,ja
挑战者,チャレンジャー,ja
挑战者徽章,チャレンジャーの紋章,ja
挑战者模式,チャレンジャーモード,ja
挑战者纹章,チャレンジャーの紋章,ja
挖角,窃盗,ja
振奋盔甲,スピリット ビサージュ,ja
振奮盔甲,スピリット ビサージュ,ja
排兵布阵,ラインナップ,ja
探索者护腕,シーカー アームガード,ja
探索者的护臂,シーカー アームガード,ja
探索者護腕,シーカー アームガード,ja
提摩,ティーモ,ja
提莫,ティーモ,ja
携带型打铁铺,ポータブル フォージ,ja
携手合作,一致団結,ja
摇钱树,金のモンスーン,ja
摘星之志,星を目指して,ja
攀升之階I,はしごを登れ,ja
攀登天梯,はしごを登れ,ja
攜帶型打鐵舖,ポータブル フォージ,ja
攜手同行,いつでも一緒,ja
支配宝匣,心身統御のペンダント,ja
支配寶匣,心身統御のペンダント,ja
救世主,救済者,ja
救赎之灵,リデンプションの魂,ja
救赎盔甲,リデンプションの魂,ja
散件丰收日,素材アイテムヘイスト,ja
斗士,ブローラー,ja
斗士纹章,ブローラーの紋章,ja
斗神,聖なる決闘者,ja
斗神的恩赐,スクラッパーの恩恵,ja
斜槓英雄,構成拡大,ja
斯塔缇克电刃,スタティック シヴ,ja
斯特拉克的挑战护手,ステラックの篭手,ja
新人入队,新兵,ja
新星特攻队,N.O.V.A.,ja
新星特攻队纹章,N.O.V.A.の紋章,ja
新纪元,エポック,ja
旅人,ボイジャー,ja
旅人纹章,ボイジャーの紋章,ja
无人机上行链路,ドローン アップリンク,ja
无尽之刃,インフィニティ エッジ,ja
无尽守护,インフィニティの守護,ja
无尽绝望,終わりなき絶望,ja
无差别攻击,無差別殺人者,ja
无差别杀手,無差別殺人者,ja
无用大棒,ムダニ デカイ ロッド,ja
无终恨意,終わりなき絶望,ja
日炎斗篷,サンファイア ケープ,ja
日炎棋盘,サンファイア ボード,ja
日炎燎原,サンファイア ボード,ja
日輪的加冕,ソラリのロケット,ja
日轮的加冕,ソラリのロケット,ja
昇華護符,超越のタリスマン,ja
明智消费,賢い買い物,ja
易,マスター・イー,ja
易大师,マスター・イー,ja
易大師,マスター・イー,ja
星光连击,ステラコンボ,ja
星光連鎖,ステラコンボ,ja
星界壁壘,ブルワーク,ja
星界连招,ステラコンボ,ja
星界重启,宇宙の再起,ja
星際旅人,ボイジャー,ja
星際旅人徽章,ボイジャーの紋章,ja
星靈牧者,導き手,ja
星靈牧者徽章,導き手の紋章,ja
時間破壞者,タイムブレーカー,ja
時間破壞者徽章,タイムブレーカーの紋章,ja
智商稅,コグニティブ タックス,ja
智慧末刃,ウィッツ エンド,ja
暗影傀儡,影の操り人形,ja
暗影木偶,影の操り人形,ja
暗星,ダークスター,ja
暗星纹章,ダークスターの紋章,ja
暗行者之爪,プローラー クロウ,ja
暗黑女士,闇の女帝,ja
暮光铁壁,ブルワーク,ja
暮夜之盾,夕闇の加護,ja
暴击式成功,クリティカル サクセス,ja
暴風之劍,B.F.ソード,ja
暴风之剑,B.F.ソード,ja
暴风大剑,B.F.ソード,ja
曙光核心,ドーンコア,ja
更致命之刃,デッドリアー ブレード,ja
更要命的帽子,もっと怖いキャップ,ja
更要命的战刃,デッドリアー ブレード,ja
最佳好友,ベストフレンド,ja
最后的轻语,ラスト ウィスパー,ja
最后耳语,ラスト ウィスパー,ja
最后赢家,勝ち抜け,ja
最大最小化,ミニマックス,ja
最小巨人,もっと小さな巨人,ja
最强构筑,マックスビルド,ja
最後耳語,ラスト ウィスパー,ja
最高指挥官,コマンダー,ja
有用之材,有効活用,ja
朔极之矛,ショウジンの矛,ja
木偶化,ダミー化,ja
木灵族,ミィプル,ja
木灵族纹章,ミィプルの紋章,ja
未来战士,タイムブレーカー,ja
未来战士纹章,タイムブレーカーの紋章,ja
末日使者,ドゥーマー,ja
机甲神盾,メカ,ja
杀出血路,道を切り拓け,ja
权杖意志,メイスの決意,ja
杖之工匠,杖鍛冶,ja
杖匠,杖鍛冶,ja
来个好伙计,仲間を作ろう,ja
极光,オーロラ,ja
极限拉满,ミニマックス,ja
构筑一名伙伴：,コンパニオン作成,ja
枯萎圣物,枯朽の遺物,ja
枯萎宝石,枯死の宝石,ja
枯萎寶石,枯死の宝石,ja
枯萎珠宝,枯死の宝石,ja
柔依,ゾーイ,ja
格斗手套,スパーリング グローブ,ja
格温,グウェン,ja
格雷福斯,グレイブス,ja
格鬥手套,スパーリング グローブ,ja
棋手之盾,タクティシャンの盾,ja
棋手厨房,タクティシャンの台所,ja
棋手廚房,タクティシャンの台所,ja
棋手披風,タクティシャンのケープ,ja
棋手斗篷,タクティシャンのケープ,ja
棋手皇冠,タクティシャンの王冠,ja
棋手盾牌,タクティシャンの盾,ja
棘刺背心,ブランブル ベスト,ja
棱彩门票,プリズムチケット,ja
極速快手,チャレンジャー,ja
極速快手徽章,チャレンジャーの紋章,ja
極速快手模式,チャレンジャーモード,ja
模控機械上鏈,サイバネティック アップリンク,ja
模控機械移植,サイバネティック インプラント,ja
機械戰甲,メカ,ja
次级镜像人格面具,劣化版鏡像のペルソナ,ja
次级镜影化身,劣化版鏡像のペルソナ,ja
歐羅拉,オーロラ,ja
正义之手,ハンド オブ ジャスティス,ja
正义手套,ハンド オブ ジャスティス,ja
正义报复,報復,ja
正義手套,ハンド オブ ジャスティス,ja
武斗家,ブローラー,ja
武斗家徽章,ブローラーの紋章,ja
武装战姬,銃装機神,ja
武鬥家,ブローラー,ja
武鬥家徽章,ブローラーの紋章,ja
死亡之刃,デスブレード,ja
死亡之帽,ラバドン デスキャップ,ja
死得有價值I,有効活用,ja
死神之刃,デスブレード,ja
歼灭者,根絶者,ja
殉道美德,マーターズ ヴァーチュ,ja
殺出血路,道を切り拓け,ja
水乳交融,いつでも一緒,ja
水銀兜帽,クイックシルバー,ja
水银,クイックシルバー,ja
水银兜帽,クイックシルバー,ja
永恆契約,不滅の協定,ja
永恒契约,不滅の協定,ja
永续召唤,連続魔法,ja
汪星机器人,パーティーアニマル,ja
沉重王冠,王冠とは重きもの,ja
河蟹,リフトスカトル,ja
治疗法球,ヒーリングオーブ,ja
治療靈球,ヒーリングオーブ,ja
治癒回音,癒しのこだま,ja
法官,アービター,ja
法官纹章,アービターの紋章,ja
法杖工匠,杖鍛冶,ja
法杖溢流,ワンド オーバーフロー,ja
法洛士的執念,ヴァルスの執念,ja
法洛士的增益,ヴァルスの恩恵,ja
法洛士的执念,ヴァルスの執念,ja
法洛士的祝福,ヴァルスの恩恵,ja
波比,ポッピー,ja
泪流不止,流れる涙,ja
泪流成河,好きなだけ泣くがいい,ja
泰坦九头蛇,タイタン ハイドラ,ja
泰坦九頭蛇,タイタン ハイドラ,ja
泰坦的决意,巨人の誓い,ja
泰坦的坚决,巨人の誓い,ja
泰坦的決意,巨人の誓い,ja
泰隆,タロン,ja
活体锻炉,歩く鍛冶場,ja
活火炉,歩く鍛冶場,ja
活火爐,歩く鍛冶場,ja
派上用场,有効活用,ja
派克,パイク,ja
派对大咖,パーティーアニマル,ja
派對咖,パーティーアニマル,ja
流亡孤军,エグザイル,ja
流亡孤軍,エグザイル,ja
浪人,エグザイル,ja
海克斯科技枪刃,ヘクステック ガンブレード,ja
海克斯科技槍刃,ヘクステック ガンブレード,ja
海妖之怒,クラーケンの怒り,ja
海牛阿福的锅铲战术,アーフの策略,ja
海魔人,プライモーディアン,ja
海魔人纹章,プライモーディアンの紋章,ja
淚光閃閃,流れる涙,ja
淚如泉湧,好きなだけ泣くがいい,ja
混乱的呼唤,混沌への呼び声,ja
混沌召唤,混沌への呼び声,ja
混沌召喚,混沌への呼び声,ja
清晰头脑,明鏡止水,ja
游侠,ローグ,ja
游侠纹章,ローグの紋章,ja
游神的盟友,庇護者のお供,ja
源计划上行链路,サイバネティック アップリンク,ja
源计划植入,サイバネティック インプラント,ja
滚起优势,絶好調,ja
漫游者,ボイジャー,ja
漫游者徽章,ボイジャーの紋章,ja
潘多拉的备战区,パンドラのベンチ,ja
潘多拉的道具,パンドラのアイテム,ja
潘朵拉的備戰區,パンドラのベンチ,ja
潘朵拉的备战席,パンドラのベンチ,ja
潘朵拉的装备,パンドラのアイテム,ja
潘朵拉的道具,パンドラのアイテム,ja
潘森,パンテオン,ja
潛在火爐,未来の鍛冶場,ja
潛行者之爪,プローラー クロウ,ja
潜心锻造,未来の鍛冶場,ja
潜行者之爪,プローラー クロウ,ja
激发之匣,心身統御のペンダント,ja
火上浇油,炎を強めて,ja
火热促销,ファイアセール,ja
火爆甩卖,ファイアセール,ja
灭世者的死亡之帽,ラバドン デスキャップ,ja
灭星尊,根絶者,ja
灵气农兵,オーラ育成中,ja
灵活变通,柔軟性,ja
灵活摇摆,柔軟性,ja
灵能特工,サイオニック,ja
灵能特工纹章,サイオニックの紋章,ja
灵能者,サイオニック,ja
灵能者徽章,サイオニックの紋章,ja
灵风,ゼファー,ja
灵魂唤醒,ソウルの目覚め,ja
灵魂觉醒,ソウルの目覚め,ja
点击即送,ジャストヒット,ja
炽天使之拥,セラフィムの杖,ja
炽天使之杖,セラフィムの杖,ja
烁刃,フリッカーブレード,ja
烈士之德,マーターズ ヴァーチュ,ja
烈士美德,マーターズ ヴァーチュ,ja
烏爾加特,アーゴット,ja
烬,ジン,ja
無人機上鏈,ドローン アップリンク,ja
無差別屠殺,無差別殺人者,ja
無盡之刃,インフィニティ エッジ,ja
無盡絕望,終わりなき絶望,ja
無限守護,インフィニティの守護,ja
煞蜜拉,サミーラ,ja
煽风点火,炎を強めて,ja
熊熊火勢,炎を強めて,ja
熾天使之杖,セラフィムの杖,ja
營造氣場,オーラ育成中,ja
燼,ジン,ja
燼滅之華,根絶者,ja
爆炸式增长,爆発的成長,ja
爆炸性成長,爆発的成長,ja
爱心包裹,仕送り,ja
爱欧尼亚星火,アイオニック スパーク,ja
牧羊人,導き手,ja
牧羊人纹章,導き手の紋章,ja
牧魂人,導き手,ja
牧魂人徽章,導き手の紋章,ja
物尽其用,叩きつけ,ja
物資箱,仕送り,ja
特性之树,特性の木,ja
特性典籍,特性の書,ja
特性神木,特性の木,ja
犽宿之共享光采,ヤスオのスポットライトをシェア,ja
犽宿的共享光采,ヤスオのスポットライトをシェア,ja
犽宿的剑术,ヤスオのブレードワーク,ja
犽宿的增益,ヤスオの恩恵,ja
犽宿的祝福,ヤスオの恩恵,ja
犽宿的迅雷之技,ヤスオのブレードワーク,ja
犽宿的黃金棋格,ヤスオのゴールドのマス,ja
犽宿的黄金格子,ヤスオのゴールドのマス,ja
狂徒铠甲,ワーモグ アーマー,ja
狂战士,略奪者,ja
狂战士纹章,略奪者の紋章,ja
狙击专家,スナイパー,ja
狙击专家徽章,スナイパーの紋章,ja
狙擊專家,スナイパー,ja
狙擊專家徽章,スナイパーの紋章,ja
狙神,スナイパー,ja
狙神纹章,スナイパーの紋章,ja
独自升级,俺だけレベルアップ,ja
狱火战斧,獄炎のハチェット,ja
猛将的荣耀,ウォーロードの名誉,ja
猩红报偿,血の価値,ja
獄火手斧,獄炎のハチェット,ja
獨自升等,俺だけレベルアップ,ja
王冠之重,王冠とは重きもの,ja
玻璃大炮,グラスキャノン,ja
玻璃大砲I,グラスキャノン,ja
珍藏财宝,埋もれた宝物,ja
珠光护手,ジュエル ガントレット,ja
珠光莲花,ジュエル ロータス,ja
珠光蓮花II,ジュエル ロータス,ja
瑟雷西的增益,スレッシュの恩恵,ja
瑟雷西的灯笼,スレッシュのランタン,ja
瑟雷西的燈籠,スレッシュのランタン,ja
瑟雷西的祝福,スレッシュの恩恵,ja
璐璐,ルル,ja
甜点,甘いおやつ,ja
生存专家,サバイバー,ja
生存專家,サバイバー,ja
生日团聚,バースデー リユニオン,ja
生日團聚,バースデー リユニオン,ja
生日礼物,バースデープレゼント,ja
生日禮物,バースデープレゼント,ja
生日聚会,バースデー リユニオン,ja
生根发芽,広がる根,ja
生活片段,普通の日々,ja
生物材料保存,バイオ物質保存装置,ja
生物质保存剂,バイオ物質保存装置,ja
生物质维护器,バイオ物質保存装置,ja
由二生D,お得な2,ja
电光反击,放電,ja
电火花,放電,ja
电荷转移I,チャージトランスファー,ja
男爵幻域,バロンの巣,ja
疗愈回响,癒しのこだま,ja
疾射火炮,ラピッド ファイアキャノン,ja
疾速双杀,高速ダブルキル,ja
疾速雙殺,高速ダブルキル,ja
登上最高峰,勝ち抜け,ja
發條加速器,時計仕掛けの加速装置,ja
百兽,アニマ,ja
百兽指挥官,アニマ司令官,ja
百兽特攻队徽章,アニマの紋章,ja
百獸,アニマ,ja
百獸指揮官,アニマ司令官,ja
百獸特攻隊徽章,アニマの紋章,ja
皇冠守衛,クラウンガード,ja
盜取,窃盗,ja
盧登驟雨,ルーデン テンペスト,ja
目标锁定光学仪,ターゲットロック スコープ,ja
目標鎖定光學,ターゲットロック スコープ,ja
真派氣功,カフナフナ,ja
石像鬼盘核,ガーゴイル ストーンプレート,ja
石像鬼石板甲,ガーゴイル ストーンプレート,ja
石像鬼磐核,ガーゴイル ストーンプレート,ja
砰地重击,叩きつけ,ja
砰爆,ドゥーマー,ja
破时者,タイムブレーカー,ja
破时者徽章,タイムブレーカーの紋章,ja
破曉之核,ドーンコア,ja
砸起來,叩きつけ,ja
硬性承诺,全身全霊,ja
碰撞测试假人,衝突試験用ダミー,ja
碰撞測試,衝突試験用ダミー,ja
神之祝福,神の祝福,ja
神偷军团,盗賊団,ja
神偷军团 II,盗賊団 II,ja
神偷軍團,盗賊団,ja
神偷軍團 II,盗賊団 II,ja
神力天铸,力に鍛えられしもの,ja
神化锻炉,神の鍛冶場,ja
神寵者,神の祝福,ja
神影刺客,ローグ,ja
神影刺客徽章,ローグの紋章,ja
神聖熔爐,神の鍛冶場,ja
神諭,神託,ja
神谕,コンジット,ja
神谕模式,コンジットモード,ja
神赐锻炉,神の鍛冶場,ja
神鬥士,聖なる決闘者,ja
禁忌之像,フォビドゥン アイドル,ja
禁忌雕像,フォビドゥン アイドル,ja
离子火花,アイオニック スパーク,ja
私房錢,ハスラー,ja
私房钱,ハスラー,ja
科加斯,チョ＝ガス,ja
秘传奥义,カフナフナ,ja
稜鏡票券,プリズムチケット,ja
究極暴擊,クリティカル サクセス,ja
窃贼帮派,盗賊団,ja
窃贼帮派 II,盗賊団 II,ja
窃贼手套,盗賊のグローブ,ja
竊賊手套,盗賊のグローブ,ja
米利欧,ミリオ,ja
米普,ミィプシー,ja
米普,ミィプル,ja
米普徽章,ミィプルの紋章,ja
米普星人,ミィプル,ja
米普星人徽章,ミィプルの紋章,ja
米普終端速度,ターミィプナル ヴェロシティー,ja
米里欧,ミリオ,ja
米里歐,ミリオ,ja
精心打造,巧みなクラフト,ja
精心製作,巧みなクラフト,ja
精打細算,賢い買い物,ja
精打细算,賢い買い物,ja
精进之矛,ショウジンの矛,ja
精進之矛,ショウジンの矛,ja
紀元,エポック,ja
紅Buff,レッドバフ,ja
納什之牙,ナッシャー トゥース,ja
納瑟斯,ナサス,ja
索娜,ソナ,ja
索拉卡的增益,ソラカの恩恵,ja
索拉卡的奇蹟,ソラカの奇跡,ja
索拉卡的奇迹,ソラカの奇跡,ja
索拉卡的恩赐,ソラカの恩恵,ja
索拉卡的祝福,ソラカの恩恵,ja
組件強盜,素材アイテムヘイスト,ja
維克特,ビクター,ja
維迦,ベイガー,ja
縮小手套,ミトン,ja
红增益,レッドバフ,ja
红霸符,レッドバフ,ja
纪年伊始,エポック,ja
纳什之牙,ナッシャー トゥース,ja
纳尔,ナー,ja
纳瑟斯,ナサス,ja
纷乱头脑,乱れる思考,ja
纹章之书,特性の書,ja
纺织魔法,紡がれし魔法,ja
组件劫案,素材アイテムヘイスト,ja
织命人,フェイトウィーバー,ja
终端米普速度,ターミィプナル ヴェロシティー,ja
终身青铜,生涯ブロンズ,ja
终身黄铜,生涯ブロンズ,ja
绝境反击,逆転劇,ja
维克托,ビクター,ja
维克特,ビクター,ja
维迦,ベイガー,ja
编织魔法,紡がれし魔法,ja
羁绊树,特性の木,ja
美味甜點,甘いおやつ,ja
翱銳龍獸,オレリオン・ソル,ja
翱銳龍獸的祝福,オレリオン・ソルの恩恵,ja
翱锐龙兽,オレリオン・ソル,ja
翱锐龙兽的增益,オレリオン・ソルの恩恵,ja
耐心学习,研究熱心,ja
耐心學習,研究熱心,ja
耐心是一种美德,忍耐の美徳,ja
耐心是美德,忍耐の美徳,ja
职业杀手,プロの殺し屋,ja
联合作战,一致団結,ja
聖光無賴,輝く悪党,ja
能力值大補包,ステータスマシマシ,ja
能量圣杯,力の聖杯,ja
脫穎而出,勝ち抜け,ja
腐蚀,腐食,ja
腐蝕,腐食,ja
腐败吸血鬼权杖,穢れたヴァンパイア セプター,ja
腰带溢流,ベルト オーバーフロー,ja
腰带过载,ベルト オーバーフロー,ja
腰帶多多,ベルト オーバーフロー,ja
臨時戰甲,即席アーマー,ja
至尊探险,崇高の冒険,ja
致命利刃,デッドリアー ブレード,ja
致命帽子,もっと怖いキャップ,ja
致命豆丁,小さくても強烈,ja
致死之帽,もっと怖いキャップ,ja
艾克的增益,エコーの恩恵,ja
艾克的恩赐,エコーの恩恵,ja
艾克的祝福,エコーの恩恵,ja
艾克的耐心,エコーの忍耐,ja
节外生枝,構成拡大,ja
花到上头,ハスラー,ja
芽苞初放,仲間を作ろう,ja
英勇惊喜包,英雄のラッキーバッグ,ja
英勇福袋,英雄のラッキーバッグ,ja
英雄禮包,英雄のラッキーバッグ,ja
茂凯,マオカイ,ja
茂凱,マオカイ,ja
荊棘蔓延,広がる根,ja
莎弥拉,サミーラ,ja
莫德凯撒,モルデカイザー,ja
莫甘娜,モルガナ,ja
莫雷洛秘典,モレロノミコン,ja
菲兹,フィズ,ja
菲奥娜,フィオラ,ja
菲欧拉,フィオラ,ja
菲歐拉,フィオラ,ja
葛雷夫,グレイブス,ja
蓝增益,ブルーバフ,ja
蓝霸符,ブルーバフ,ja
蔓延之根,広がる根,ja
蕾欧娜,レオナ,ja
薄暮法袍,イーブンシュラウド,ja
薇古丝,ヴェックス,ja
薇可丝,ヴェックス,ja
薇可絲,ヴェックス,ja
藍Buff,ブルーバフ,ja
虚空之杖,ヴォイド スタッフ,ja
虚空之门,ジ＝ロット ポータル,ja
虚空手套,ヴォイド ガントレット,ja
虚空护手,ヴォイド ガントレット,ja
虛空之杖,ヴォイド スタッフ,ja
虛空之門,ジ＝ロット ポータル,ja
虛空武鬥場,ヴォイド ガントレット,ja
血償,血の価値,ja
血的代价,血の価値,ja
血祭,血の供物,ja
衝擊火炮,ラピッド ファイアキャノン,ja
裁决者,アービター,ja
裁决者徽章,アービターの紋章,ja
装备百宝袋,アイテム福袋,ja
西風匕首,ゼファー,ja
西风匕首,ゼファー,ja
視界專注,ホライゾン フォーカス,ja
观星者,星の観測者,ja
观星者徽章,星の観測者の紋章,ja
观星者纹章,星の観測者の紋章,ja
视界专注,ホライゾン フォーカス,ja
觉得自己幸运吗,ツイてる気分,ja
訂購奢侈品,豪華なサブスク,ja
訂閱服務,サブスクリプション,ja
訓練假人,ダミー,ja
詛咒之冠,カースドのクラウン,ja
詛咒之刃,呪いの刃,ja
詛咒吸血鬼權杖,穢れたヴァンパイア セプター,ja
認知超載,コグニティブ オーバーロード,ja
订阅服务,サブスクリプション,ja
认知税,コグニティブ タックス,ja
认知超负荷,コグニティブ オーバーロード,ja
认知过载,コグニティブ オーバーロード,ja
训练假人,ダミー,ja
训练木偶,ダミー,ja
诅咒之冠,カースドのクラウン,ja
诅咒之刃,呪いの刃,ja
诅咒冠冕,カースドのクラウン,ja
貝爾薇斯,ベル＝ヴェス,ja
負極斗篷,ネガトロン クローク,ja
貪啃奇,タム・ケンチ,ja
貪財,金に飢えし者,ja
買不手軟,買い物三昧,ja
貿易核心,コマース コア,ja
賈克斯,ジャックス,ja
贝尔薇斯,ベル＝ヴェス,ja
贝蕾亚,ブライアー,ja
负极斗篷,ネガトロン クローク,ja
财源滚滚,金のモンスーン,ja
贪啃奇,タム・ケンチ,ja
贪财,金に飢えし者,ja
购物狂欢,買い物三昧,ja
贸易中心,コマース コア,ja
贸易大亨,トレードセクター,ja
贾克斯,ジャックス,ja
赏金战士,プロボクサー,ja
超前部署,先見性,ja
超新星,N.O.V.A.,ja
超新星徽章,N.O.V.A.の紋章,ja
超级机甲,マイティーロボ,ja
超能機甲,マイティーロボ,ja
跳樓大拍賣,ファイアセール,ja
转不停,ローリングデイズ,ja
轻量魔法投掷,ちょっとだけ魔法のダイス,ja
轻魔重骰,ちょっとだけ魔法のダイス,ja
这次战败也在计算之中,戦略的敗北,ja
远古霸者,プライモーディアン,ja
远古霸者徽章,プライモーディアンの紋章,ja
远征,エクスペディション,ja
远见卓识,先見性,ja
连指手套,ミトン,ja
迷你小英雄,もっと小さな巨人,ja
迷你黑洞,ミニブラックホール,ja
迷离风衣,怪しげなトレンチコート,ja
适应性头盔,アダプティブ ヘルム,ja
适性神盔,アダプティブ ヘルム,ja
逆命,ツイステッド・フェイト,ja
逆袭之路,逆転劇,ja
逆轉佳話,逆転劇,ja
选择特性,特性を選択,ja
选择羁绊,特性を選択,ja
這次戰敗也在計算之中,戦略的敗北,ja
連續施法,連続魔法,ja
進階貸款,前借り,ja
道具惊喜包,アイテム福袋,ja
道具組合包I,アイテム福袋,ja
遠古霸者,プライモーディアン,ja
遠古霸者徽章,プライモーディアンの紋章,ja
遠征,エクスペディション,ja
遥遥领先,思惑買い,ja
適性神盔,アダプティブ ヘルム,ja
選擇特性,特性を選択,ja
避險基金,ヘッジファンド,ja
邦！,ボカッ！,ja
部分飞升,不完全アセンション,ja
鄂尔,オーン,ja
鄂爾,オーン,ja
重启任务,ミッションの再開,ja
重整装置,混乱回復装置,ja
重整裝置,混乱回復装置,ja
重新開始任務,ミッションの再開,ja
重枪女武神,銃装機神,ja
重槍女武神,銃装機神,ja
重装战士,ヴァンガード,ja
重装战士纹章,ヴァンガードの紋章,ja
重锤之志,メイスの決意,ja
量身訂做,限定カスタマイズ,ja
金克丝,ジンクス,ja
金湯匙,銀の匙,ja
金蛋,金のタマゴ,ja
金铲铲,へら,ja
金铲铲冠冕,タクティシャンの王冠,ja
金锅铲冠冕,タクティシャンのケープ,ja
金锅锅,フライパン,ja
金锅锅冠冕,タクティシャンの盾,ja
金霖龙,黄金の龍,ja
金鳞精粹,シマースケールのエッセンス,ja
金龙降世,黄金の龍,ja
鈍化,ダミー化,ja
銀河獵手,ギャラクシー ハンター,ja
銀織黎明,シルバーミアの夜明け,ja
銅級之命II,生涯ブロンズ,ja
鋼鐵素材,カナとカネ,ja
錫柯的悲鳴號角,冷酷なるジークの使者,ja
錫柯的號角,ジークの使者,ja
鍋鏟,へら,ja
鎖子甲,チェイン ベスト,ja
鏡像人格,鏡像のペルソナ,ja
鏡爪,キンドレッド,ja
鑄造朋友,友を鍛える,ja
钢铁之心,鋼の心,ja
钢铁烈阳之匣,ソラリのロケット,ja
钢铁资产,カナとカネ,ja
银汤匙,銀の匙,ja
银河猎手,ギャラクシー ハンター,ja
银织黎明,シルバーミアの夜明け,ja
铸剑工匠,剣鍛冶,ja
锁子甲,チェイン ベスト,ja
锁敌光学设备,ターゲットロック スコープ,ja
锅铲,へら,ja
锅铲厨房,タクティシャンの台所,ja
锐雯,リヴェン,ja
锡柯的号角,ジークの使者,ja
锡柯的悲鸣号角,冷酷なるジークの使者,ja
锤石的恩赐,スレッシュの恩恵,ja
锤石的灯笼,スレッシュのランタン,ja
锻造一个朋友,友を鍛える,ja
锻造挚友,友を鍛える,ja
镀金钢铁,金ピカの鋼,ja
镜像人格面具,鏡像のペルソナ,ja
镜影化身,鏡像のペルソナ,ja
镜爪,キンドレッド,ja
長久之計,思惑買い,ja
閃刃,フリッカーブレード,ja
開局新手包,仲間を作ろう,ja
闇翼魔女,闇の女帝,ja
關,グウェン,ja
防禦高塔,ザ・タワー,ja
阿卡丽,アカリ,ja
阿卡莉,アカリ,ja
阿狸的光环,アーリのオーラ,ja
阿狸的恩赐,アーリの恩恵,ja
阿璃的增益,アーリの恩恵,ja
阿璃的灵气,アーリのオーラ,ja
阿璃的祝福,アーリの恩恵,ja
阿璃的靈氣,アーリのオーラ,ja
阿福大礼包,アーフの福袋,ja
阿福大禮包,アーフの福袋,ja
阿福奇兵,アーフの策略,ja
阿福式开局,アーフの策略,ja
阿福快打,U.R.F.,ja
阿福的百宝袋,アーフの福袋,ja
阿福驾到,U.R.F.,ja
阿萝拉,オーロラ,ja
降靈師,コンジット,ja
降靈師模式,コンジットモード,ja
陣容,ラインナップ,ja
集中火力,集中砲火,ja
集体拥抱I,みんなでハグ,ja
集结战队,一致団結,ja
雇佣杀手,プロの殺し屋,ja
雙排,デュオキュー,ja
雙生守衛,ツインガーディアン,ja
離子星火,アイオニック スパーク,ja
雷克塞,レク＝サイ,ja
雷欧娜,レオナ,ja
雷歐娜,レオナ,ja
雷玟,リヴェン,ja
雷珂煞,レク＝サイ,ja
電光反擊,放電,ja
電荷轉移,チャージトランスファー,ja
霞,ザヤ,ja
露璐,ルル,ja
霸天机甲,メカ,ja
靈活變通,柔軟性,ja
靈能使,サイオニック,ja
靈能使徽章,サイオニックの紋章,ja
靈魂救贖,リデンプションの魂,ja
静止法衣,沈黙の帳,ja
非凡冒險,崇高の冒険,ja
韦鲁斯的恩赐,ヴァルスの恩恵,ja
韦鲁斯的执念,ヴァルスの執念,ja
頂裝,マックスビルド,ja
預料中的意外,想定内の意外性,ja
願四之力與你同在,フォーが共にあらんことを,ja
顶尖构筑,マックスビルド,ja
顽强不屈,不屈,ja
飙速木灵,ターミィプナル ヴェロシティー,ja
飛斯,フィズ,ja
飛昇,アセンション,ja
飞升,アセンション,ja
飞升护符,超越のタリスマン,ja
飞斯,フィズ,ja
饮血剑,ブラッドサースター,ja
騎士誓願,騎士の誓い,ja
骑士之誓,騎士の誓い,ja
骑士誓愿,騎士の誓い,ja
高压电,高電圧,ja
高压电流,高電圧,ja
高塔,ザ・タワー,ja
高级贷款,前借り,ja
高電壓,高電圧,ja
高風險高報酬,命懸けの戦い,ja
鬼使弯刀,スペクトラル カトラス,ja
鬼使彎刀,スペクトラル カトラス,ja
鬼索的狂暴之刃,グインソー レイジブレード,ja
魂力覺醒,ソウルの目覚め,ja
魔像,ゴーレム,ja
魔力編織,紡がれし魔法,ja
魔斗凯萨,モルデカイザー,ja
魔术师,レプリケーター,ja
魔术师模式,レプリケーターモード,ja
魔杖湧流,ワンド オーバーフロー,ja
魔棒过载,ワンド オーバーフロー,ja
魔法投掷,魔法のダイス,ja
魔法擲骰,魔法のダイス,ja
魔法骰子,魔法のダイス,ja
魔甘娜,モルガナ,ja
魔鬥凱薩,モルデカイザー,ja
鱼骨头,フィッシュボーン,ja
鲜血祭品,血の供物,ja
鴻運當頭,ツイてる気分,ja
鴻運當頭,絶好調,ja
麗珊卓,リサンドラ,ja
黃昏聖盾,夕闇の加護,ja
黃金巨龍,黄金の龍,ja
黃金蛋,金のタマゴ,ja
黃金豪賭,黄金の博打,ja
黄昏圣盾,夕闇の加護,ja
黄金蛋,金のタマゴ,ja
黄金豪赌,黄金の博打,ja
黄金赌约,黄金の博打,ja
黎明之盾,夜明けの加護,ja
黎明圣盾,夜明けの加護,ja
黎明核心,ドーンコア,ja
黎明聖盾,夜明けの加護,ja
黑暗吸血鬼节杖,穢れたヴァンパイア セプター,ja
黑暗魔女,闇の女帝,ja
黑铁资产,カナとカネ,ja
黑魔禁书,モレロノミコン,ja
黑魔禁書,モレロノミコン,ja
黛安娜,ダイアナ,ja
龍之爪,ドラゴン クロウ,ja
龙之爪,ドラゴン クロウ,ja
가고일 돌갑옷,ガーゴイル ストーンプレート,ja
가지 뻗기,構成拡大,ja
간이 대장간,歩く鍛冶場,ja
강철의 솔라리 펜던트,ソラリのロケット,ja
강철의 심장,鋼の心,ja
거대 메크 로봇,マイティーロボ,ja
거대하고 강력한,ジャイアント&マイティ,ja
거대한 히드라,タイタン ハイドラ,ja
거래 중심지,コマース コア,ja
거울의 환영,鏡像のペルソナ,ja
거인 학살자,ジャイアント スレイヤー,ja
거인의 결의,巨人の誓い,ja
거인의 허리띠,ジャイアント ベルト,ja
검 제작자,剣鍛冶,ja
경품 추첨,黄金の博打,ja
경호대 훈련,ボディーガードの訓練,ja
계산된 패배,戦略的敗北,ja
고귀한 모험,崇高の冒険,ja
고독한 방패,一人前プレート,ja
고속 연사포,ラピッド ファイアキャノン,ja
고위천사의 지팡이,セラフィムの杖,ja
고전압,放電,ja
고전압,高電圧,ja
고철 수집가의 은총,スクラッパーの恩恵,ja
곡궁,リカーブ ボウ,ja
골렘,ゴーレム,ja
공감 임플란트,共感インプラント,ja
공허 건틀릿,ヴォイド ガントレット,ja
공허의 지팡이,ヴォイド スタッフ,ja
교환의 장,トレードセクター,ja
구독 서비스,サブスクリプション,ja
구원의 영혼,リデンプションの魂,ja
구원자,救済者,ja
구인수의 격노검,グインソー レイジブレード,ja
굳건한 심장,揺るがぬ心,ja
권투 교습,ボクシングのレッスン,ja
그냥 눌러,ジャストヒット,ja
그라가스,グラガス,ja
그레이브즈,グレイブス,ja
그림자 꼭두각시,影の操り人形,ja
그웬,グウェン,ja
극대화 빌드,マックスビルド,ja
극진한 헌신,全身全霊,ja
금지된 우상,フォビドゥン アイドル,ja
급매,ファイアセール,ja
기다림의 미학,待つ価値あり,ja
기동총격여신,銃装機神,ja
기사의 맹세,騎士の誓い,ja
길을 내라,道を切り拓け,ja
길잡이,導き手,ja
길잡이 상징,導き手の紋章,ja
꼬꼬마 거인,もっと小さな巨人,ja
꼬마 거인,小さな巨人,ja
꼬마 정령,ミィプシー,ja
꽁!,ボカッ！,ja
끈끈한 우정,チーム構築,ja
끈질긴 연구,研究熱心,ja
끝없는 절망,終わりなき絶望,ja
나 혼자 레벨업,俺だけレベルアップ,ja
나르,ナー,ja
나미,ナミ,ja
나서스,ナサス,ja
남작의 소굴,バロンの巣,ja
내셔의 이빨,ナッシャー トゥース,ja
넘치는 대검,ソード オーバーフロー,ja
넘치는 지팡이,ワンド オーバーフロー,ja
넘치는 허리띠,ベルト オーバーフロー,ja
누누와 윌럼프,ヌヌ & ウィルンプ,ja
다 쓸 데가 있다니까,有効活用,ja
다이애나,ダイアナ,ja
단결된 의지,一致団結,ja
단일 조합 사수,偵察なし、変更なし,ja
단짝,ベストフレンド,ja
단체 포옹,みんなでハグ,ja
달콤한 간식,甘いおやつ,ja
대격변 생성기,混乱回復装置,ja
대장군의 명예,ウォーロードの名誉,ja
대천사의 지팡이,アークエンジェル スタッフ,ja
대출 선지급,前借り,ja
더욱 치명적인 모자,もっと怖いキャップ,ja
덤불 조끼,ブランブル ベスト,ja
도금 강철,金ピカの鋼,ja
도둑 무리,盗賊団,ja
도둑 무리 II,盗賊団 II,ja
도적의 장갑,盗賊のグローブ,ja
도전자,チャレンジャー,ja
도전자 모드,チャレンジャーモード,ja
도전자 상징,チャレンジャーの紋章,ja
돈 폭풍,金のモンスーン,ja
돈독,金に飢えし者,ja
동료 제작,コンパニオン作成,ja
동물특공대,アニマ,ja
동물특공대 상징,アニマの紋章,ja
동물특공대 지휘관,アニマ司令官,ja
뒤집개,へら,ja
드론 업링크,ドローン アップリンク,ja
땔감 제공,炎を強めて,ja
라바돈의 죽음모자,ラバドン デスキャップ,ja
라아스트,ラースト,ja
라이트실드 문장,ライトシールドのクレスト,ja
람머스,ラムス,ja
레벨 업!,レベルアップ！,ja
레오나,レオナ,ja
렉사이,レク＝サイ,ja
루덴의 폭풍,ルーデン テンペスト,ja
룰루,ルル,ja
르블랑,ルブラン,ja
리븐,リヴェン,ja
리산드라,リサンドラ,ja
리치베인,リッチ ベイン,ja
마법 주사위,魔法のダイス,ja
마법공학 총검,ヘクステック ガンブレード,ja
마법사의 최후,ウィッツ エンド,ja
마스터 이,マスター・イー,ja
마오카이,マオカイ,ja
말살자,根絶者,ja
맑은 정신,明鏡止水,ja
망령 해적검,スペクトラル カトラス,ja
메카,メカ,ja
명멸검,フリッカーブレード,ja
모데카이저,モルデカイザー,ja
모렐로노미콘,モレロノミコン,ja
모르가나,モルガナ,ja
무차별적 살인자,無差別殺人者,ja
무한의 대검,インフィニティ エッジ,ja
무한한 보호,インフィニティの守護,ja
미래 지향적 사고,先見性,ja
미스 포츈,ミス・フォーチュン,ja
밀리오,ミリオ,ja
바드,バード,ja
바루스의 은총,ヴァルスの恩恵,ja
바루스의 집착,ヴァルスの執念,ja
반도체,半導体,ja
반항아,不適合者,ja
밤의 끝자락,ナイト エッジ,ja
방한 장갑,ミトン,ja
베이가,ベイガー,ja
벡스,ヴェックス,ja
벨베스,ベル＝ヴェス,ja
별돌보미,星の観測者,ja
별돌보미 상징,星の観測者の紋章,ja
별빛 연계,ステラコンボ,ja
보루,ブルワーク,ja
보물 사냥,宝探し,ja
보석 건틀릿,ジュエル ガントレット,ja
보석 연꽃,ジュエル ロータス,ja
복제,複製,ja
복제자,レプリケーター,ja
복제자 모드,レプリケーターモード,ja
부스터 팩,ブースターパック,ja
부식,腐食,ja
부작용,副作用,ja
부활의 은총,再起の呪印,ja
불굴,不屈,ja
불완전한 초월,不完全アセンション,ja
불한당,ローグ,ja
불한당 상징,ローグの紋章,ja
붉고 푸른 효과,バフが1つ、バフが2つ,ja
붉은 덩굴정령,レッドバフ,ja
브라이어,ブライアー,ja
블리츠크랭크,ブリッツクランク,ja
빅뱅,ビッグバン,ja
빅토르,ビクター,ja
빛비늘 정수,シマースケールのエッセンス,ja
뻗어가는 뿌리,広がる根,ja
뽀삐,ポッピー,ja
사미라,サミーラ,ja
사이버네틱 이식술,サイバネティック インプラント,ja
사이버네틱 통신,サイバネティック アップリンク,ja
삼인방,トライフェクタ,ja
새로고침의 날,ローリングデイズ,ja
새로운 시대,エポック,ja
새벽심장,ドーンコア,ja
새벽의 방패,夜明けの加護,ja
생선대가리,フィッシュボーン,ja
생일 모임,バースデー リユニオン,ja
생일 선물,バースデープレゼント,ja
생존자,サバイバー,ja
서사적 새로고침,エピックなロールダウン,ja
서열 상승,はしごを登れ,ja
서풍,ゼファー,ja
선물 꾸러미,仕送り,ja
선봉대,ヴァンガード,ja
선봉대 상징,ヴァンガードの紋章,ja
성취,勝ち抜け,ja
소나,ソナ,ja
소라카의 기적,ソラカの奇跡,ja
소라카의 은총,ソラカの恩恵,ja
소형 블랙홀,ミニブラックホール,ja
쇠사슬 조끼,チェイン ベスト,ja
쇼진의 창,ショウジンの矛,ja
수상한 외투,怪しげなトレンチコート,ja
수완가,ハスラー,ja
수은,クイックシルバー,ja
수호자의 맹세,プロテクターの誓い,ja
수호자의 친구,庇護者のお供,ja
순교자의 미덕,マーターズ ヴァーチュ,ja
쉔,シェン,ja
스태틱의 단검,スタティック シヴ,ja
스테락의 도전,ステラックの篭手,ja
슬쩍하기,窃盗,ja
습격자,略奪者,ja
습격자 상징,略奪者の紋章,ja
승승장구,絶好調,ja
승천의 부적,超越のタリスマン,ja
시간 균열자,タイムブレーカー,ja
시간 균열자 상징,タイムブレーカーの紋章,ja
시계태엽 윤활유,時計仕掛けの加速装置,ja
시동 걸기,キックスタート,ja
신병,新兵,ja
신성 결투가,聖なる決闘者,ja
신성한 대장간,神の鍛冶場,ja
신의 축복,神の祝福,ja
신중한 제작,未来の鍛冶場,ja
실컷 울어봐라,好きなだけ泣くがいい,ja
싸움꾼,ブローラー,ja
싸움꾼 상징,ブローラーの紋章,ja
쌍두마차,2体のタンク,ja
쌍둥이 수호자,ツインガーディアン,ja
쓰레쉬의 랜턴,スレッシュのランタン,ja
쓰레쉬의 은총,スレッシュの恩恵,ja
쓸데없이 큰 지팡이,ムダニ デカイ ロッド,ja
아리의 오라,アーリのオーラ,ja
아리의 은총,アーリの恩恵,ja
아우렐리온 솔,オレリオン・ソル,ja
아우렐리온 솔의 은총,オレリオン・ソルの恩恵,ja
아이템 꾸러미,アイテム福袋,ja
아칼리,アカリ,ja
아케인 빅토르이!,Arcane ビクタリー,ja
아트록스,エイトロックス,ja
악성코드 매트릭스,マルウェア マトリックス,ja
악의적 수익 창출,邪悪な収益化,ja
암흑의 별,ダークスター,ja
암흑의 별 상징,ダークスターの紋章,ja
야스오의 검술,ヤスオのブレードワーク,ja
야스오의 스포트라이트 공유,ヤスオのスポットライトをシェア,ja
야스오의 은총,ヤスオの恩恵,ja
야스오의 황금 칸,ヤスオのゴールドのマス,ja
약간 신비한 주사위,ちょっとだけ魔法のダイス,ja
어둠의 여인,闇の女帝,ja
어수선한 마음,乱れる思考,ja
얽힌 마법,紡がれし魔法,ja
엄청나게 이로운 효과!,ステータスマシマシ,ja
에너지 파동,カフナフナ,ja
에코의 은총,エコーの恩恵,ja
에코의 인내,エコーの忍耐,ja
여신의 눈물,女神の涙,ja
여행자,ボイジャー,ja
여행자 상징,ボイジャーの紋章,ja
역병의 보석,枯死の宝石,ja
역전의 서막,逆転劇,ja
연결 불가,ミスコネクション,ja
연속 주문 사용,連続魔法,ja
연습용 장갑,スパーリング グローブ,ja
영웅 꾸러미,英雄のラッキーバッグ,ja
영원한 브론즈,生涯ブロンズ,ja
영원한 서약,不滅の協定,ja
영혼 각성,ソウルの目覚め,ja
예금 계좌,普通預金口座,ja
예비 활,援護の弓,ja
예상된 예상 밖의 결과,想定内の意外性,ja
예언자,神託,ja
오라 축적,オーラ育成中,ja
오로라,オーロラ,ja
오른,オーン,ja
왕관의 무게,王冠とは重きもの,ja
요새,バスティオン,ja
요새 상징,バスティオンの紋章,ja
용의 발톱,ドラゴン クロウ,ja
우르곳,アーゴット,ja
우르프의 갬빗,アーフの策略,ja
우르프의 꾸러미,アーフの福袋,ja
우주 그루브,スペースグルーヴ,ja
우주 그루브 상징,スペースグルーヴの紋章,ja
우주적 재시작,宇宙の再起,ja
운명술사,フェイトウィーバー,ja
워모그의 갑옷,ワーモグ アーマー,ja
위험한 행보,命懸けの戦い,ja
유기물 보존기,バイオ物質保存装置,ja
유리 대포,グラスキャノン,ja
유연함,柔軟性,ja
유용한 금속,カナとカネ,ja
은빛 여명,シルバーミアの夜明け,ja
은수저,銀の匙,ja
은하계 사냥꾼,ギャラクシー ハンター,ja
음전자 망토,ネガトロン クローク,ja
응당한 대가,代償,ja
응징,報復,ja
이블린의 본능,イブリンの直感,ja
이블린의 은총,イブリンの恩恵,ja
이온 충격기,アイオニック スパーク,ja
이즈리얼,エズリアル,ja
인지 과부하,コグニティブ オーバーロード,ja
인지세,コグニティブ タックス,ja
일라오이,イラオイ,ja
일상물,普通の日々,ja
임무 재시작,ミッションの再開,ja
임시변통 방어구,即席アーマー,ja
자객의 발톱,プローラー クロウ,ja
자리 비움,AFK,ja
자야,ザヤ,ja
작은 꾸러미,小さな福袋,ja
작은 친구들,小さな仲間たち,ja
작지만 치명적인,小さくても強烈,ja
장기 투자,思惑買い,ja
재빠른 더블 킬,高速ダブルキル,ja
재빠른 무장,叩きつけ,ja
재생의 바람,起死回生,ja
재활용 쓰레기통,回収箱,ja
잭스,ジャックス,ja
저 별을 향해,星を目指して,ja
저격수,スナイパー,ja
저격수 상징,スナイパーの紋章,ja
저녁갑주,イーブンシュラウド,ja
저주받은 왕관,カースドのクラウン,ja
저주받은 칼날,呪いの刃,ja
적응형 투구,アダプティブ ヘルム,ja
전달자,コンジット,ja
전달자 모드,コンジットモード,ja
전략가의 망토,タクティシャンのケープ,ja
전략가의 방패,タクティシャンの盾,ja
전략가의 왕관,タクティシャンの王冠,ja
전략가의 주방,タクティシャンの台所,ja
전방의 토대,前衛の礎,ja
전하 이동,チャージトランスファー,ja
점심값,昼食代,ja
정교한 공예,巧みなクラフト,ja
정렬,ラインナップ,ja
정령단 속도,ターミィプナル ヴェロシティー,ja
정령의 형상,スピリット ビサージュ,ja
정령족,ミィプル,ja
정령족 상징,ミィプルの紋章,ja
정의의 손길,ハンド オブ ジャスティス,ja
제드,ゼド,ja
조기 교육,早期教育,ja
조이,ゾーイ,ja
조합 아이템 강탈,素材アイテムヘイスト,ja
주인공 버프,主人公補正,ja
죽음의 검,デスブレード,ja
중심 잡기,ここがセンター,ja
중재자,アービター,ja
중재자 상징,アービターの紋章,ja
즈롯 차원문,ジ＝ロット ポータル,ja
증강된 힘,オーグメントパワー,ja
지옥불 손도끼,獄炎のハチェット,ja
지크의 음산한 전령,冷酷なるジークの使者,ja
지크의 전령,ジークの使者,ja
지팡이 제작자,杖鍛冶,ja
지평선의 초점,ホライゾン フォーカス,ja
지휘관,コマンダー,ja
진,ジン,ja
진형 유지,前線維持,ja
징크스,ジンクス,ja
찬란한 장난꾸러기,輝く悪党,ja
참는 자에게 복을,忍耐の美徳,ja
철퇴의 의지,メイスの決意,ja
청부 살인마,プロの殺し屋,ja
초가스,チョ＝ガス,ja
초능력,サイオニック,ja
초능력 상징,サイオニックの紋章,ja
초월,アセンション,ja
최신상,ファクトリー ニュー,ja
최적화,ミニマックス,ja
최후의 속삭임,ラスト ウィスパー,ja
추방자,エグザイル,ja
추적자의 팔목 보호대,シーカー アームガード,ja
출세가도,上方移動,ja
출정,出陣,ja
충돌 시험용 봇,衝突試験用ダミー,ja
치명적 성공,クリティカル サクセス,ja
치명적인 칼날,デッドリアー ブレード,ja
친구 만들기,仲間を作ろう,ja
친구 만들기,友を鍛える,ja
침략자 제드,侵略者ゼド,ja
침묵의 장막,沈黙の帳,ja
카르마,カルマ,ja
카이사,カイ＝サ,ja
카파 주스,帽子ジュース,ja
케이틀린,ケイトリン,ja
케일의 승천,ケイルの天昇,ja
케일의 은총,ケイルの恩恵,ja
케일의 찬란한 승천,ケイルの暁光の天昇,ja
코르키,コーキ,ja
크기의 중요성,サイズが大事,ja
크라운가드,クラウンガード,ja
크라켄의 분노,クラーケンの怒り,ja
큰 꾸러미,大きな福袋,ja
킨드레드,キンドレッド,ja
타격대의 철퇴,ストライカー フレイル,ja
타락한 흡혈의 낫,穢れたヴァンパイア セプター,ja
탈론,タロン,ja
탐 켄치,タム・ケンチ,ja
탐사,エクスペディション,ja
탑,ザ・タワー,ja
태고족,プライモーディアン,ja
태고족 상징,プライモーディアンの紋章,ja
태양불꽃 망토,サンファイア ケープ,ja
태양불꽃판,サンファイア ボード,ja
투자,投資完了,ja
트위스티드 페이트,ツイステッド・フェイト,ja
특별 맞춤 설정,限定カスタマイズ,ja
특성 나무,特性の木,ja
특성 선택,特性を選択,ja
특성의 고서,特性の書,ja
티모,ティーモ,ja
파멸자,ドゥーマー,ja
파묻힌 보물,埋もれた宝物,ja
파이크,パイク,ja
파이트 머니,プロボクサー,ja
파티광,パーティーアニマル,ja
판도라의 대기석,パンドラのベンチ,ja
판도라의 아이템,パンドラのアイテム,ja
판테온,パンテオン,ja
폭발적인 성장,爆発的成長,ja
표적 고정 광학 장치,ターゲットロック スコープ,ja
푸른 파수꾼,ブルーバフ,ja
프라이팬,フライパン,ja
프리즘 티켓,プリズムチケット,ja
피바라기,ブラッドサースター,ja
피오라,フィオラ,ja
피의 공물,血の供物,ja
피의 대가,血の価値,ja
피즈,フィズ,ja
하급 거울의 환영,劣化版鏡像のペルソナ,ja
"하나, 둘, 다섯!",ワン、ツー、ファイブ！,ja
"하나, 둘, 셋",一 二 三,ja
하나로 뭉치는 거지,いつでも一緒,ja
해진 유물,枯朽の遺物,ja
행운의 기운,ツイてる気分,ja
행운의 장갑,ラッキーグローブ,ja
헤지 펀드,ヘッジファンド,ja
현명한 소비,賢い買い物,ja
협곡 바위 게,リフトスカトル,ja
협력,一致団結,ja
호화로운 정기 구독,豪華なサブスク,ja
혼돈의 부름,混沌への呼び声,ja
화력 집중,集中砲火,ja
활력증진의 펜던트,心身統御のペンダント,ja
활의 수호자,弓の誓い,ja
황금 드래곤,黄金の龍,ja
황금 알,金のタマゴ,ja
황혼의 방패,夕闇の加護,ja
회복의 구,ヒーリングオーブ,ja
회복의 메아리,癒しのこだま,ja
후반 성장,レイトゲーム スケーリング,ja
후반 전문가,レイトゲーム スペシャリスト,ja
후방 설계도,後衛の設計図,ja
훈련 봇,ダミー,ja
훈련 봇 변환,ダミー化,ja
휴대용 대장간,ポータブル フォージ,ja
흐르는 눈물,流れる涙,ja
흡혈의 활력,吸血の胆力,ja
흥청망청,買い物三昧,ja
힘을 실은 제련,力に鍛えられしもの,ja
힘의 성배,力の聖杯,ja
羊刀,グインソー レイジブレード,ja
帽子,ラバドン デスキャップ,ja
大帽,ラバドン デスキャップ,ja
法帽,ラバドン デスキャップ,ja
青龙刀,ショウジンの矛,ja
龙刀,ショウジンの矛,ja
蓝buff,ブルーバフ,ja
大天使,アークエンジェル スタッフ,ja
AA,アークエンジェル スタッフ,ja
珠光,ジュエル ガントレット,ja
法爆,ジュエル ガントレット,ja
JG,ジュエル ガントレット,ja
鬼书,モレロノミコン,ja
离子,アイオニック スパーク,ja
纳什,ナッシャー トゥース,ja
科技枪,ヘクステック ガンブレード,ja
枪刃,ヘクステック ガンブレード,ja
虚空,ヴォイド スタッフ,ja
法穿棒,ヴォイド スタッフ,ja
无尽,インフィニティ エッジ,ja
IE,インフィニティ エッジ,ja
死刃,デスブレード,ja
杀人剑,デスブレード,ja
DB,デスブレード,ja
巨杀,ジャイアント スレイヤー,ja
GS,ジャイアント スレイヤー,ja
轻语,ラスト ウィスパー,ja
LW,ラスト ウィスパー,ja
海妖,クラーケンの怒り,ja
泰坦,巨人の誓い,ja
幽梦,妖夢の霊剣,ja
QSS,クイックシルバー,ja
血手,ステラックの篭手,ja
饮血,ブラッドサースター,ja
BT,ブラッドサースター,ja
反甲,ブランブル ベスト,ja
龙爪,ドラゴン クロウ,ja
DC,ドラゴン クロウ,ja
石像鬼,ガーゴイル ストーンプレート,ja
狂徒,ワーモグ アーマー,ja
夜锋,ナイト エッジ,ja
EON,ナイト エッジ,ja
日炎,サンファイア ケープ,ja
适应,アダプティブ ヘルム,ja
坚定,揺るがぬ心,ja
心之刚,揺るがぬ心,ja
斯特拉克,ステラックの篭手,ja
偷偷,盗賊のグローブ,ja
圣盾,プロテクターの誓い,ja
誓约,プロテクターの誓い,ja
冰甲,プロテクターの誓い,ja
圣杯,力の聖杯,ja
基克,ジークの使者,ja
鸟盾,ソラリのロケット,ja
正义,ハンド オブ ジャスティス,ja
HOJ,ハンド オブ ジャスティス,ja
法衣,沈黙の帳,ja
女妖,バンシー ヴェール,ja
薄暮,イーブンシュラウド,ja
骑士,騎士の誓い,ja
月石,ムーンストーンの再生,ja
恶意,悪意,ja
嘉文,ジャーヴァンⅣ,ja
J4,ジャーヴァンⅣ,ja
菊花信,シン・ジャオ,ja
小炮,トリスターナ,ja
卡牌,ツイステッド・フェイト,ja
牌爹,ツイステッド・フェイト,ja
TF,ツイステッド・フェイト,ja
挖掘机,レク＝サイ,ja
妖姬,ルブラン,ja
船长,ガングプランク,ja
GP,ガングプランク,ja
大卑,ベル＝ヴェス,ja
蝙蝠,ベル＝ヴェス,ja
女枪,ミス・フォーチュン,ja
霸龙,T-Hex,ja
霸王龙,T-Hex,ja
螃蟹,リフトスカトル,ja
猴子,ウーコン,ja
稻草人,フィドルスティックス,ja
蛤蟆,タム・ケンチ,ja
狗熊,ボリベア,ja
龙王,オレリオン・ソル,ja
小法,ベイガー,ja
老鼠,トゥイッチ,ja
诺手,ダリウス,ja
德玛,ガレン,ja
大虫子,チョ＝ガス,ja
灯笼,スレッシュ,ja
大嘴,コグ＝マウ,ja
狼人,ワーウィック,ja
鳄鱼,レネクトン ,ja
龙女,シヴァーナ,ja
豹女,ニダリー,ja
寒冰,アッシュ,ja
女警,ケイトリン,ja
皮城女警,ケイトリン,ja
琴女,ソナ,ja
机器人,ブリッツクランク,ja
男爵,バロンナッシャー,ja
杀手,スレイヤー,ja
大龙,バロンナッシャー,ja
小菊,ブロック,ja
流浪,ライズ,ja
偷男,サイラス,ja
甘雨,キンドレッド,ja
劲夫,セト,ja
棺材板,ゼラス ,ja
剑魔,エイトロックス,ja
乌鸦,スウェイン,ja
光女,ラックス,ja
酸辣粉,セラフィーン,ja
宝石,タリック,ja
德子,ドレイヴン,ja
冰女,リサンドラ,ja
电耗子,ケネン,ja
猪女,セジュアニ,ja
猪妹,セジュアニ,ja
剪刀,グウェン,ja
掘墓,ヨリック ,ja
皎月,ダイアナ,ja
蛮王,トリンダメア,ja
腰子,シェン,ja
赏金,ミス・フォーチュン,ja
冰鸟,アニビア,ja
爆弹,ジグス,ja
黑妹,メル,ja
熊,ティバーズ,ja
佛爷,ヴィエゴ,ja
沙皇,アジール,ja
日女,レオナ,ja
女坦,レオナ,ja
丁真,ミリオ,ja
小法师,ベイガー,ja
滑板鞋,カリスタ,ja
火女,アニー,ja
狗头,ナサス,ja
板甲,ガーゴイル ストーンプレート,ja
