source,target,tgt_lng
1个霸符，2个霸符,붉고 푸른 효과,ko
2 Vàng Là Nhất,2만한 가치,ko
2体のタンク,쌍두마차,ko
3の軍団,3단계 군단,ko
8级D干的传说,서사적 새로고침,ko
A Hajnal égisze,새벽의 방패,ko
A Magic Roll,마법 주사위,ko
A Masszív mecha,거대 메크 로봇,ko
A Nagy Bumm,빅뱅,ko
A Que Custo,응당한 대가,ko
A Remontar,성취,ko
A Torre,탑,ko
A União Faz a Força,하나로 뭉치는 거지,ko
A buzogány akarata,철퇴의 의지,ko
A felemelkedés talizmánja,승천의 부적,ko
A feltámadás áldása,부활의 은총,ko
A frontvonal alapjai,전방의 토대,ko
A gondviselő barátja,수호자의 친구,ko
A gyűjtögető adománya,고철 수집가의 은총,ko
A hatalom kelyhe,힘의 성배,ko
A járatlan út,가지 뻗기,ko
A kraken haragja,크라켄의 분노,ko
A káosz hívása,혼돈의 부름,ko
A legapróbb titán,꼬꼬마 거인,ko
A megváltás szelleme,구원의 영혼,ko
A mozdulatlanság leple,침묵의 장막,ko
A méret a lényeg,크기의 중요성,ko
A nagy pofon,에너지 파동,ko
A négyek ereje,4가 함께하길,ko
A por el bote,파이트 머니,ko
A por la victoria,성취,ko
A portyázó karma,자객의 발톱,ko
A prueba de choques,충돌 시험용 봇,ko
A quale prezzo,응당한 대가,ko
A qué precio,응당한 대가,ko
A rettenthetetlen,불굴,ko
A taktikus koronája,전략가의 왕관,ko
A titán elszántsága,거인의 결의,ko
A torony,탑,ko
A végjáték szakértője,후반 전문가,ko
A vízköpő sziklavértje,가고일 돌갑옷,ko
AFK,자리 비움,ko
Aatrox,아트록스,ko
Abbonamento di lusso,호화로운 정기 구독,ko
Abbraccio di gruppo,단체 포옹,ko
Abendschleier,저녁갑주,ko
Abo-Service,구독 서비스,ko
Abonament,구독 서비스,ko
Abonament de lux,호화로운 정기 구독,ko
Abondance de baguettes,넘치는 지팡이,ko
Abondance de ceintures,넘치는 허리띠,ko
Abondance de glaives,넘치는 대검,ko
Abonelik Hizmeti,구독 서비스,ko
Abonnement,구독 서비스,ko
Abonnement premium,호화로운 정기 구독,ko
Abra o Caminho,길을 내라,ko
Abrazo Grupal,단체 포옹,ko
Abrazo grupal,단체 포옹,ko
Abraço Coletivo,단체 포옹,ko
Absurdalnie Wielka Różdżka,쓸데없이 큰 지팡이,ko
Abwesend,자리 비움,ko
Accelerator mecanic,시계태엽 윤활유,ko
Acceleratore meccanico,시계태엽 윤활유,ko
Accetta infernale,지옥불 손도끼,ko
Acciaio brillante,도금 강철,ko
Accélérateur mécanique,시계태엽 윤활유,ko
Acelerador Mecanizado,시계태엽 윤활유,ko
Acelerador Mecánico,시계태엽 윤활유,ko
Acelerador de relojería,시계태엽 윤활유,ko
Acero Dorado,도금 강철,ko
Acero dorado,도금 강철,ko
Achat 3 étoiles,동료 제작,ko
Acier doré,도금 강철,ko
Actualiza sin parar,새로고침의 날,ko
Acumular,장기 투자,ko
Acélszív,강철의 심장,ko
Adagas Oscilantes,명멸검,ko
Adaletin Eli,정의의 손길,ko
Adaletin Yumruğu,응징,ko
Adaptive Helm,적응형 투구,ko
Adaptiver Helm,적응형 투구,ko
Adaptív sisak,적응형 투구,ko
Addestramento da Guardia del corpo,경호대 훈련,ko
Adiestramiento de guardaespaldas,경호대 훈련,ko
Advanced Loan,대출 선지급,ko
Aegis of Dawn,새벽의 방패,ko
Aegis of Dusk,황혼의 방패,ko
Agujero negro en miniatura,소형 블랙홀,ko
Ahri aurája,아리의 오라,ko
Ahri áldása,아리의 은총,ko
Ahri'nin Haresi,아리의 오라,ko
Ahri'nin Lütfu,아리의 은총,ko
Ahri's Aura,아리의 오라,ko
Ahri's Boon,아리의 은총,ko
Ahris Aura,아리의 오라,ko
Ahris Segen,아리의 은총,ko
Ahřin dar,아리의 은총,ko
Ahřina aura,아리의 오라,ko
Ajándékcsomag,선물 꾸러미,ko
Akali,아칼리,ko
Akan Gözyaşları,흐르는 눈물,ko
Akcelerator Nakręcanego,시계태엽 윤활유,ko
Aklın Sonu,마법사의 최후,ko
Aktualisierungstaumel,새로고침의 날,ko
Akıllı Harcama,현명한 소비,ko
Al Filo de la Cordura,마법사의 최후,ko
Alacakaranlık Kalkanı,황혼의 방패,ko
Alakzatba,정렬,ko
Alba di Silvermere,은빛 여명,ko
Alcance as Estrelas,저 별을 향해,ko
Alege caracteristica,특성 선택,ko
Alevleri Körükle,땔감 제공,ko
Alfanje Espectral,망령 해적검,ko
Aliado do Protetor,수호자의 친구,ko
Alianza del Guardián,수호자의 친구,ko
Alianza del protector,수호자의 친구,ko
Aliatul îngrijitorului,수호자의 친구,ko
Alimenta las Llamas,땔감 제공,ko
Alimentad las llamas,땔감 제공,ko
Alimentare le fiamme,땔감 제공,ko
Alimente as Chamas,땔감 제공,ko
Alineación,정렬,ko
Aliniere,정렬,ko
Alkatrészes zsák,아이템 꾸러미,ko
Alleato del custode,수호자의 친구,ko
Allumer le feu,땔감 제공,ko
Alma da Festa,파티광,ko
Alta Voltagem,고전압,ko
Alta tensione,고전압,ko
Alto Voltaje,고전압,ko
Alto voltaje,고전압,ko
Altın Ejder,황금 드래곤,ko
Altın Riski,경품 추첨,ko
Altın Yumurta,황금 알,ko
Alvorada de Pratânia,은빛 여명,ko
Aléatoire jacta est,가지 뻗기,ko
Aléatoirement vôtre,2인조,ko
Alışveriş Çılgınlığı,흥청망청,ko
Amanecer Plateado,은빛 여명,ko
Amanecer de Meraplata,은빛 여명,ko
Ami sur mesure,친구 만들기,ko
Amico dei Mippi,정령족,ko
Amico fai-da-te,친구 만들기,ko
Amigos a medida,친구 만들기,ko
Amiguinhos,작은 친구들,ko
Amiguitos,작은 친구들,ko
Amulet Vyzdvižení,승천의 부적,ko
Amulett der eisernen Solari,강철의 솔라리 펜던트,ko
Amulett des Aufstiegs,승천의 부적,ko
An Exalted Adventure,고귀한 모험,ko
Ana Karaktere Bir Şey Olmaz,주인공 버프,ko
Andare per le lunghe,장기 투자,ko
Angajament solid,극진한 헌신,ko
Ani Büyüme,폭발적인 성장,ko
Anima,동물특공대,ko
Anima Amblemi,동물특공대 상징,ko
Anima Commander,동물특공대 지휘관,ko
Anima Emblem,동물특공대 상징,ko
Anima Komutanı,동물특공대 지휘관,ko
Anima-Emblem,동물특공대 상징,ko
Anima-Kommandant,동물특공대 지휘관,ko
Animale da festa,파티광,ko
Animalia,동물특공대,ko
Antrenamentul gărzii de corp,경호대 훈련,ko
Anı Yaşa,재빠른 무장,ko
Apariencia Espiritual,정령의 형상,ko
Apocaliptic,파멸자,ko
Aposta em Ouro,경품 추첨,ko
Apoteotická kovárna,신성한 대장간,ko
Apotheotic Forge,신성한 대장간,ko
Appel du chaos,혼돈의 부름,ko
Aprendizados Iniciais,조기 교육,ko
Aprendizaje inicial,조기 교육,ko
Aprire un passaggio,길을 내라,ko
Apró cimborák,작은 친구들,ko
Apró titánok,꼬마 거인,ko
Apuesta Dorada,경품 추첨,ko
Apuesta dorada,경품 추첨,ko
Apunta a las Estrellas,저 별을 향해,ko
Apunta a las estrellas,저 별을 향해,ko
Apărător,선봉대,ko
Aradığını Bul,그냥 눌러,ko
Arakla,슬쩍하기,ko
Araldo di Zeke,지크의 전령,ko
Aranyjátszma,경품 추첨,ko
Arauto Desolador de Zeke,지크의 음산한 전령,ko
Arauto de Zeke,지크의 전령,ko
Arbiter,중재자,ko
Arbiter Emblem,중재자 상징,ko
Arbitro,중재자,ko
Arbitrzy,중재자,ko
Arc courbe,곡궁,ko
Arc încovoiat,곡궁,ko
Arcane Vidor Viktor,아케인 빅토르이!,ko
Arcane Viktor-y,아케인 빅토르이!,ko
Arcane ビクタリー,아케인 빅토르이!,ko
Arcane-Viktor-y,아케인 빅토르이!,ko
Arcaniquement Viktor-ieux,아케인 빅토르이!,ko
Archandělova hůl,대천사의 지팡이,ko
Archangel's Staff,대천사의 지팡이,ko
Archi da supporto,예비 활,ko
Archibugio a ripetizione,고속 연사포,ko
Arco Recurvado,곡궁,ko
Arco Recurvo,곡궁,ko
Arco curvo,곡궁,ko
Arco ricurvo,곡궁,ko
Arcos Reserva,예비 활,ko
Arcos de Repuesto,예비 활,ko
Arcos de refuerzo,예비 활,ko
Arcs à gogo,예비 활,ko
Arcuri de rezervă,예비 활,ko
Argento vivo,수은,ko
Argint viu,수은,ko
Argogranchio,협곡 바위 게,ko
Arka Sıra Savunması,후방 설계도,ko
Arkangyal pálcája,대천사의 지팡이,ko
Arma un Amigo,친구 만들기,ko
Armado máximo,극대화 빌드,ko
Armadura Improvisada,임시변통 방어구,ko
Armadura Pétrea,가고일 돌갑옷,ko
Armadura de Warmog,워모그의 갑옷,ko
Armadura de trama,주인공 버프,ko
Armadura improvisada,임시변통 방어구,ko
Armaguarda da Caçadora,추적자의 팔목 보호대,ko
Armatura di Warmog,워모그의 갑옷,ko
Armatura improvvisata,임시변통 방어구,ko
Armschutz des Suchenden,추적자의 팔목 보호대,ko
Armura lui Warmog,워모그의 갑옷,ko
Armure de Warmog,워모그의 갑옷,ko
Armure improvisée,임시변통 방어구,ko
Armure roncière,덤불 조끼,ko
Armurier,검 제작자,ko
Armură improvizată,임시변통 방어구,ko
Aronguejo,협곡 바위 게,ko
Arta atacului lui Yasuo,야스오의 검술,ko
Artefacts à la rescousse,힘을 실은 제련,ko
Artesanía Creativa,정교한 공예,ko
Artiglio del drago,용의 발톱,ko
Artiglio del predatore,자객의 발톱,ko
Aruncare magică,마법 주사위,ko
Arındırıcı,구원자,ko
Asalto de Componentes,조합 아이템 강탈,ko
Ascender de Posición,서열 상승,ko
Ascension,초월,ko
Ascension partielle,불완전한 초월,ko
Ascension sociale,출세가도,ko
Ascensione,초월,ko
Ascensione parziale,불완전한 초월,ko
Ascensiune,초월,ko
Ascensiune socială,출세가도,ko
Ascensión,초월,ko
Ascensión parcial,불완전한 초월,ko
Ascenso,초월,ko
Ascenso social,출세가도,ko
Ascensão,초월,ko
Ascensão Parcial,불완전한 초월,ko
Asesinato Doble Veloz,재빠른 더블 킬,ko
Asesinato doble veloz,재빠른 더블 킬,ko
Asesino a Sueldo,청부 살인마,ko
Asesino a sueldo,청부 살인마,ko
Aspoň k něčemu,다 쓸 데가 있다니까,ko
Assassinato Indiscriminado,무차별적 살인자,ko
Assinatura de Luxo,호화로운 정기 구독,ko
Astral,별돌보미,ko
Astro-groove,우주 그루브,ko
Astromante,별돌보미,ko
Astronomo,별돌보미,ko
At What Cost,응당한 대가,ko
Atalho à Vitória,성취,ko
Atirador de Elite,저격수,ko
Atributo elegido,특성 선택,ko
Attente récompensée,기다림의 미학,ko
Attribut wählen,특성 선택,ko
Atualização Épica,서사적 새로고침,ko
Atılgan,도전자,ko
Atılgan Amblemi,도전자 상징,ko
Atılgan Modu,도전자 모드,ko
Au bout du rouleau,마법사의 최후,ko
Aube de Haut-Lac-d'Argent,은빛 여명,ko
Auf lange Sicht,장기 투자,ko
Aufschwung,재생의 바람,ko
Aufstellung,정렬,ko
Aufstieg,초월,ko
Auftragsmörder,청부 살인마,ko
Aufwärtsmobilität,출세가도,ko
Augmented Power,증강된 힘,ko
Augmentierte Macht,증강된 힘,ko
Augmentovaná síla,증강된 힘,ko
Aulas de Boxe,권투 교습,ko
Aumento di livello in solitaria,나 혼자 레벨업,ko
Aumento di livello!,레벨 업!,ko
Aura Ahri,아리의 오라,ko
Aura Farming,오라 축적,ko
Aura d'Ahri,아리의 오라,ko
Aura de Ahri,아리의 오라,ko
Aura di Ahri,아리의 오라,ko
Aura lui Ahri,아리의 오라,ko
Aura-farmen,오라 축적,ko
Aurafarmolás,오라 축적,ko
Aurelion Sol,아우렐리온 솔,ko
Aurelion Sol áldása,아우렐리온 솔의 은총,ko
Aurelion Sol's Boon,아우렐리온 솔의 은총,ko
Aurelion Sol'ün Lütfu,아우렐리온 솔의 은총,ko
Aurelion Sols Segen,아우렐리온 솔의 은총,ko
Aurelion Solův dar,아우렐리온 솔의 은총,ko
Auronúcleo,새벽심장,ko
Aurora,오로라,ko
Avanguardia,선봉대,ko
Avaricia,돈독,ko
Aventura Exaltada,고귀한 모험,ko
Avidité,돈독,ko
Avènement des deux,2만한 가치,ko
Awans,출세가도,ko
Awansujesz!,레벨 업!,ko
Az Alkony égisze,황혼의 방패,ko
Az Oltalmazó esküje,수호자의 맹세,ko
Az adottságfa,특성 나무,ko
Az adottságok könyve,특성의 고서,ko
Az aranysárkány,황금 드래곤,ko
Az aranytojás,황금 알,ko
Az erő itala,카파 주스,ko
Az igazság ökle,정의의 손길,ko
Az iron solarik medálja,강철의 솔라리 펜던트,ko
Az istenek kohója,신성한 대장간,ko
Az Üresség botja,공허의 지팡이,ko
Az éj kardja,밤의 끝자락,ko
Az óriás öve,거인의 허리띠,ko
Azami Dizilim,극대화 빌드,ko
Azzardo di Urf,우르프의 갬빗,ko
Aço Áureo,도금 강철,ko
Aşırı Büyük Sopa,쓸데없이 큰 지팡이,ko
B.F. Sword,B.F. 대검,ko
B.F.ソード,B.F. 대검,ko
"BEZ ZWIADU, BEZ ZMIAN",단일 조합 사수,ko
BF Glaive,B.F. 대검,ko
BRAK AKTYWNOŚCI,자리 비움,ko
Bac de recyclage,재활용 쓰레기통,ko
Backline Blueprint,후방 설계도,ko
Backup Bows,예비 활,ko
Bagarreur,싸움꾼,ko
Baguette trop grosse,쓸데없이 큰 지팡이,ko
Baguettes à gogo,연속 주문 사용,ko
Bahne dir den Weg,길을 내라,ko
Bajkeverő,싸움꾼,ko
Bajkeverő embléma,싸움꾼 상징,ko
Bajkeverők,반항아,ko
Bajo el mismo foco de Yasuo,야스오의 스포트라이트 공유,ko
Baluardo,보루,ko
Baluarte,보루,ko
Bam!,꽁!,ko
Banc de Pandore,판도라의 대기석,ko
Banca Pandorei,판도라의 대기석,ko
Banca de Pandora,판도라의 대기석,ko
Band of Thieves,도둑 무리,ko
Band of Thieves II,도둑 무리 II,ko
Banda Złodziejaszków,도둑 무리,ko
Banda Złodziejaszków II,도둑 무리 II,ko
Banda de Ladrones,도둑 무리,ko
Banda de Ladrones II,도둑 무리 II,ko
Banda di ladri,도둑 무리,ko
Banda di ladri II,도둑 무리 II,ko
Bande de voleurs,도둑 무리,ko
Bande de voleurs II,도둑 무리 II,ko
Bandito,불한당,ko
Bando de Ladrões,도둑 무리,ko
Bando de Ladrões II,도둑 무리 II,ko
Bandă de tâlhari,도둑 무리,ko
Bandă de tâlhari II,도둑 무리 II,ko
Bani de buzunar,점심값,ko
Banquillo de Pandora,판도라의 대기석,ko
Bard,바드,ko
Bardo,바드,ko
Baricadă,보루,ko
Barkácsolt barkácsolás,정교한 공예,ko
Baron verme,남작의 소굴,ko
Baron's Lair,남작의 소굴,ko
Baron'un İni,남작의 소굴,ko
Baronovo doupě,남작의 소굴,ko
Bastion,요새,ko
Bastion Emblem,요새 상징,ko
Bastion-Emblem,요새 상징,ko
Bastione,요새,ko
Bastião,요새,ko
Bastión,요새,ko
Bastone colossale,쓸데없이 큰 지팡이,ko
Bastone del Vuoto,공허의 지팡이,ko
Bastão Desnecessariamente Grande,쓸데없이 큰 지팡이,ko
Bastón del Vacío,공허의 지팡이,ko
Bastón del arcángel,대천사의 지팡이,ko
Bastón del serafín,고위천사의 지팡이,ko
Baue einen Begleiter,친구 만들기,ko
Baue einen Begleiter,동료 제작,ko
Baza avangardei,전방의 토대,ko
Başmelek Asası,대천사의 지팡이,ko
Bašta,요새,ko
Becsapódás,재빠른 무장,ko
Beklemeye Değer,기다림의 미학,ko
Beklenen Beklenmezlik,예상된 예상 밖의 결과,ko
Bel'Veth,벨베스,ko
Belt Overflow,넘치는 허리띠,ko
Ben Tek Siz Hepiniz,나 혼자 레벨업,ko
Bendecido por los Dioses,신의 축복,ko
Bendición de Ahri,아리의 은총,ko
Bendición de Aurelion Sol,아우렐리온 솔의 은총,ko
Bendición de Ekko,에코의 은총,ko
Bendición de Evelynn,이블린의 은총,ko
Bendición de Kayle,케일의 은총,ko
Bendición de Resurrección,부활의 은총,ko
Bendición de Soraka,소라카의 은총,ko
Bendición de Thresh,쓰레쉬의 은총,ko
Bendición de Varus,바루스의 은총,ko
Bendición de Yasuo,야스오의 은총,ko
Bendición de la chatarra,고철 수집가의 은총,ko
Bendición del Chatarrero,고철 수집가의 은총,ko
Bendito por los dioses,신의 축복,ko
Benedetto dagli dei,신의 축복,ko
Benlik Aynası,거울의 환영,ko
Berechneter Verlust,계산된 패배,ko
Berger,길잡이,ko
Besace d'Urf,우르프의 꾸러미,ko
Besace héroïque,영웅 꾸러미,ko
Best Friends,단짝,ko
Beste Freunde,단짝,ko
Bestia fiestera,파티광,ko
Betervezett veszteség,계산된 패배,ko
Bevásárló körút,흥청망청,ko
Bezwzględny Zabójca,무차별적 살인자,ko
Big Bang,빅뱅,ko
Big Grab Bag,큰 꾸러미,ko
Biglietto prismatico,프리즘 티켓,ko
Bilet prismatic,프리즘 티켓,ko
Bileşen Eşya Soygunu,조합 아이템 강탈,ko
Bilhete Prismático,프리즘 티켓,ko
Bilişsel Patlama,인지 과부하,ko
Bilişsel Vergi,인지세,ko
Billete prismático,프리즘 티켓,ko
Bindende Verpflichtung,극진한 헌신,ko
Binecuvântat de zei,신의 축복,ko
Biomassebewahrer,유기물 보존기,ko
Biomassza-megőrző,유기물 보존기,ko
Biomatter Preserver,유기물 보존기,ko
Bir Yol Çiz,길을 내라,ko
Bir İki Üç,"하나, 둘, 셋",ko
"Bir, İki, Beş!","하나, 둘, 다섯!",ko
Birikim Hesabı,예금 계좌,ko
Birlikten Kuvvet Doğar,단결된 의지,ko
Birliğin Gücü,하나로 뭉치는 거지,ko
Birthday Present,생일 선물,ko
Birthday Reunion,생일 모임,ko
Biyomalzeme Koruyucusu,유기물 보존기,ko
Biztos győzelem,성취,ko
Blason de Zeke,지크의 전령,ko
Blason des Lightshield,라이트실드 문장,ko
Blason lugubre de Zeke,지크의 음산한 전령,ko
Blasón de Escudo de luz,라이트실드 문장,ko
Blauer Buff,푸른 파수꾼,ko
Blaupause für die hintere Reihe,후방 설계도,ko
Blazonul Lightshield,라이트실드 문장,ko
Blazonul solarilor de fier,강철의 솔라리 펜던트,ko
Blighting Jewel,역병의 보석,ko
Blikavé čepele,명멸검,ko
Blitzcrank,블리츠크랭크,ko
Bliźniaczy Strażnicy,쌍둥이 수호자,ko
Blood Offering,피의 공물,ko
Blood Price,피의 대가,ko
Bloodthirster,피바라기,ko
Blue Buff,푸른 파수꾼,ko
Blutdürster,피바라기,ko
Blutopfer,피의 공물,ko
Blutzoll,피의 대가,ko
Bluźnierczy Bożek,금지된 우상,ko
Bodyguard Training,경호대 훈련,ko
Bogini Broni,기동총격여신,ko
Bokormellény,덤불 조끼,ko
Boks Dersi,권투 교습,ko
Bokszkesztyű,연습용 장갑,ko
Bokszlecke,권투 교습,ko
Boleto Prismático,프리즘 티켓,ko
Bollwerk,보루,ko
Bolsa de Objetos,아이템 꾸러미,ko
Bolsa de Sorpresas Heroica,영웅 꾸러미,ko
Bolsa de Sorpresas Pequeña,작은 꾸러미,ko
Bolsa de Sorpresas de Urf,우르프의 꾸러미,ko
Bolsa de Sorpresas grande,큰 꾸러미,ko
Bolsa sorpresa de Urf,우르프의 꾸러미,ko
Bolsa sorpresa de objetos,아이템 꾸러미,ko
Bolsa sorpresa grande,큰 꾸러미,ko
Bolsa sorpresa heroica,영웅 꾸러미,ko
Bolsa sorpresa pequeña,작은 꾸러미,ko
Bombardıman Topu,고속 연사포,ko
Boneco de Treinamento,훈련 봇,ko
Bonecos de Impacto,충돌 시험용 봇,ko
Bonk!,꽁!,ko
Bonk !,꽁!,ko
Boon of Resurrection,부활의 은총,ko
Boon of the Scrapper,고철 수집가의 은총,ko
Boong!,꽁!,ko
Booster,부스터 팩,ko
Booster Pack,부스터 팩,ko
Booster-Packung,부스터 팩,ko
Boostery,부스터 팩,ko
Borsa degli oggetti,아이템 꾸러미,ko
Borsa di Urf,우르프의 꾸러미,ko
Borsa eroica,영웅 꾸러미,ko
Borsa grande,큰 꾸러미,ko
Borsa piccola,작은 꾸러미,ko
Boscy Pojedynkowicze,신성 결투가,ko
Boshafte Monetarisierung,악의적 수익 창출,ko
Boska Kuźnia,신성한 대장간,ko
Bote de Segunda Mano,재활용 쓰레기통,ko
Botkovács,지팡이 제작자,ko
Bouclier du Tacticien,전략가의 방패,ko
Boxeador Profesional,파이트 머니,ko
Boxing Lessons,권투 교습,ko
Boxunterricht,권투 교습,ko
Boyut Önemli,크기의 중요성,ko
Božská pistolnice,기동총격여신,ko
Božský duelista,신성 결투가,ko
Bramble Vest,덤불 조끼,ko
Branching Out,가지 뻗기,ko
Bratpfanne,프라이팬,ko
Brawler,싸움꾼,ko
Brawler Emblem,싸움꾼 상징,ko
Brazalete de la buscadora,추적자의 팔목 보호대,ko
Briar,브라이어,ko
Brigand,습격자,ko
Brise-temps,시간 균열자,ko
Bronce de por Vida,영원한 브론즈,ko
Bronce de por vida,영원한 브론즈,ko
Bronz mindörökké II.,영원한 브론즈,ko
Bronz nad zlato,영원한 브론즈,ko
Bronz pentru totdeauna,영원한 브론즈,ko
Bronzdan Şaşma,영원한 브론즈,ko
Bronze For Life,영원한 브론즈,ko
Bronze pour la vie,영원한 브론즈,ko
Bronze é Vida,영원한 브론즈,ko
Bronzo per la vita,영원한 브론즈,ko
Brylantowa Rękawica,보석 건틀릿,ko
Brylantowy Lotos,보석 연꽃,ko
Brățara căutătorului,추적자의 팔목 보호대,ko
Bu Taç Ağır,왕관의 무게,ko
Bubuilă,생선대가리,ko
Bucătăria tacticianului,전략가의 주방,ko
Bueno para Algo,다 쓸 데가 있다니까,ko
Buff bleu,푸른 파수꾼,ko
Buff blu,푸른 파수꾼,ko
Buff rosso,붉은 덩굴정령,ko
Buff rouge,붉은 덩굴정령,ko
Buff-ul albastru,푸른 파수꾼,ko
Buff-ul roșu,붉은 덩굴정령,ko
Buffs à gogo,붉고 푸른 효과,ko
Buget înțelept,현명한 소비,ko
Build a Bud,친구 만들기,ko
Build maxim,극대화 빌드,ko
Bulwark,보루,ko
Burattino d'ombra,그림자 꼭두각시,ko
Burguesía,은수저,ko
Buried Treasure,파묻힌 보물,ko
Buried Treasures,파묻힌 보물,ko
Bustina,부스터 팩,ko
Butin aléatoire,"하나, 둘, 다섯!",ko
Butin funéraire,다 쓸 데가 있다니까,ko
Butin varié,그냥 눌러,ko
Buzduganul înaintașului,타격대의 철퇴,ko
Bušení,재빠른 무장,ko
Bài Học Sơ Khai,조기 교육,ko
Bàn Tay Công Lý,정의의 손길,ko
Báculo del Arcángel,대천사의 지팡이,ko
Báculo del Serafín,고위천사의 지팡이,ko
Báculo del Vacío,공허의 지팡이,ko
Bán Thăng Hoa,불완전한 초월,ko
Báo Oán,응징,ko
Bástya,보루,ko
Bârlogul Baronului,남작의 소굴,ko
Bâton angélique,고위천사의 지팡이,ko
Bâton de l'archange,대천사의 지팡이,ko
Bâton du vide,공허의 지팡이,ko
Bão Tố Luden,루덴의 폭풍,ko
Bão Vàng,돈 폭풍,ko
Béni des dieux,신의 축복,ko
Bénédiction d'Ahri,아리의 은총,ko
Bénédiction d'Aurelion Sol,아우렐리온 솔의 은총,ko
Bénédiction d'Ekko,에코의 은총,ko
Bénédiction d'Evelynn,이블린의 은총,ko
Bénédiction de Kayle,케일의 은총,ko
Bénédiction de Soraka,소라카의 은총,ko
Bénédiction de Thresh,쓰레쉬의 은총,ko
Bénédiction de Varus,바루스의 은총,ko
Bénédiction de Yasuo,야스오의 은총,ko
Bénédiction de résurrection,부활의 은총,ko
Bénédiction du Ferrailleur,고철 수집가의 은총,ko
Bérgyilkos,청부 살인마,ko
Bête de scène,파티광,ko
Bóng Phân Thân,그림자 꼭두각시,ko
Bùa Thăng Hoa,승천의 부적,ko
Bùa Xanh,푸른 파수꾼,ko
Bùa Đỏ,붉은 덩굴정령,ko
Büyük Dönüş,역전의 서막,ko
Büyük Patlama,빅뱅,ko
Büyük Çekiliş,큰 꾸러미,ko
Büyülü Zarlar,마법 주사위,ko
Băng Trộm,도둑 무리,ko
Băng Trộm II,도둑 무리 II,ko
Bătăuș,싸움꾼,ko
Běž do toho,그냥 눌러,ko
Błogosławieni,신의 축복,ko
Błogosławieństwo Rozrabiaki,고철 수집가의 은총,ko
Błogosławiona Przygoda,고귀한 모험,ko
Bước Đột Phá,치명적 성공,ko
Bạn Thân,단짝,ko
Bảo Hộ Vô Tận,무한한 보호,ko
Bảo Tồn Sinh Chất,유기물 보존기,ko
Bất Khuất,불굴,ko
Bắn Tỉa,저격수,ko
Bộ Ba Hoàn Hảo,삼인방,ko
Bừa Bộn,어수선한 마음,ko
Caccia al tesoro,보물 사냥,ko
Cacciatore galattico,은하계 사냥꾼,ko
Cadeau d'anniversaire,생일 선물,ko
Cadou aniversar,생일 선물,ko
Caitlyn,케이틀린,ko
Cajado de Serafim,고위천사의 지팡이,ko
Cajado do Arcanjo,대천사의 지팡이,ko
Cajado do Vazio,공허의 지팡이,ko
Calculated Loss,계산된 패배,ko
Calea războiului,출정,ko
Calibrador de Sterak,스테락의 도전,ko
Calice de puissance,힘의 성배,ko
Calice del potere,힘의 성배,ko
Call to Chaos,혼돈의 부름,ko
Cambiazo épico,서사적 새로고침,ko
Cambio epico,서사적 새로고침,ko
Cambio eterno,새로고침의 날,ko
Caminho da Guerra,출정,ko
Can Dostları,단짝,ko
Can Trường,요새,ko
Canaglia radiosa,찬란한 장난꾸러기,ko
Canalisateur,전달자,ko
Canalizador,전달자,ko
Cangrejo Escurridizo,협곡 바위 게,ko
Canhão Fumegante,고속 연사포,ko
Canhão de Vidro,유리 대포,ko
Cannone di cristallo,유리 대포,ko
Canon de verre,유리 대포,ko
Canon ultrarapide,고속 연사포,ko
Capa Mercurial,수은,ko
Capa Negatron,음전자 망토,ko
Capa de Estratega,전략가의 망토,ko
Capa de Fogo Solar,태양불꽃 망토,ko
Capa de Fuego Solar,태양불꽃 망토,ko
Capa de Negatrones,음전자 망토,ko
Capa de estratega,전략가의 망토,ko
Capa de fuego solar,태양불꽃 망토,ko
Capa do Estrategista,전략가의 망토,ko
Capa negatrón,음전자 망토,ko
Cape du Tacticien,전략가의 망토,ko
Cape solaire,태양불꽃 망토,ko
Cappa Juice,카파 주스,ko
Cappa-Trank,카파 주스,ko
Cappelli più letali,더욱 치명적인 모자,ko
Caprichitos,달콤한 간식,ko
Capuz da Morte de Rabadon,라바돈의 죽음모자,ko
Capuzes Mais Mortais,더욱 치명적인 모자,ko
Carapateur,협곡 바위 게,ko
Carapescado,생선대가리,ko
Care Package,선물 꾸러미,ko
Caretaker's Ally,수호자의 친구,ko
Carga Elétrica,고전압,ko
Carve a Path,길을 내라,ko
Casa Dourada do Yasuo,야스오의 황금 칸,ko
Casque adaptatif,적응형 투구,ko
Castigo,응징,ko
Catastrofista,파멸자,ko
Cazador galáctico,은하계 사냥꾼,ko
Cazagalaxias,은하계 사냥꾼,ko
Cazatesoros,보물 사냥,ko
Caça ao Tesouro,보물 사냥,ko
Caçador de Galáxia,은하계 사냥꾼,ko
Cañón de Cristal,유리 대포,ko
Cañón de Fuego Rápido,고속 연사포,ko
Cañón de fuego rápido,고속 연사포,ko
Całun Bezruchu,침묵의 장막,ko
Cecchino,저격수,ko
Cehennem Ateşi Baltası,지옥불 손도끼,ko
Cei mai buni prieteni,단짝,ko
Ceinture du géant,거인의 허리띠,ko
Cena Krwi,피의 대가,ko
Cena pro vítěze,파이트 머니,ko
Cengâver Onuru,대장군의 명예,ko
Cenny Wojownik,파이트 머니,ko
Cenná posila,4후지원,ko
Centelha Iônica,이온 충격기,ko
Centre d'excellence,중심 잡기,ko
Cetro Vampírico Corrompido,타락한 흡혈의 낫,ko
Cetro Vampírico Corrupto,타락한 흡혈의 낫,ko
Cetro vampírico corrupto,타락한 흡혈의 낫,ko
Chain Vest,쇠사슬 조끼,ko
Chaleco de cadenas,쇠사슬 조끼,ko
Chaleco de zarzas,덤불 조끼,ko
Chalice of Power,힘의 성배,ko
Challenger,도전자,ko
Challenger Emblem,도전자 상징,ko
Challenger Mode,도전자 모드,ko
Chamado ao Caos,혼돈의 부름,ko
Champion en kit,친구 만들기,ko
Chaotischer Geist,어수선한 마음,ko
Chapardage,슬쩍하기,ko
Charge Transfer,전하 이동,ko
Charge cognitive,인지세,ko
Chasse au trésor,보물 사냥,ko
Chasseur galactique,은하계 사냥꾼,ko
Chciwość,돈독,ko
Che il Quattro sia con te,4가 함께하길,ko
Chemarea haosului,혼돈의 부름,ko
Chispa Iónica,이온 충격기,ko
Chispa iónica,이온 충격기,ko
Chiêm Tinh,별돌보미,ko
Chiến Lũy,보루,ko
Chiến Tướng Khải Hoàn,대장군의 명예,ko
Chmaták,수완가,ko
Cho'Gath,초가스,ko
Choisissez un type,특성 선택,ko
Choose Trait,특성 선택,ko
"Chora, me liga",실컷 울어봐라,ko
Choristes,작은 친구들,ko
Chrličův kamenný plát,가고일 돌갑옷,ko
Chuyển Đổi Năng Lượng,전하 이동,ko
Chuyện Đời Thường,일상물,ko
Chuộc Tội,구원자,ko
Chytrý nákup,현명한 소비,ko
Chùy Bạch Ngân,은빛 여명,ko
Chùy Đoản Côn,타격대의 철퇴,ko
Chảo Vàng,프라이팬,ko
Chất Bán Dẫn,반도체,ko
Chế Tạo Bằng Hữu,친구 만들기,ko
Chế Tạo Tại Chỗ,간이 대장간,ko
Chế Độ Dẫn Truyền,전달자 모드,ko
Chế Độ Nhân Bản,복제자 모드,ko
Chế Độ Thách Đấu,도전자 모드,ko
Chỉ Huy,지휘관,ko
Chỉ Huy Siêu Thú,동물특공대 지휘관,ko
Chỉ Một Con Đường,극진한 헌신,ko
Chọn Tộc/Hệ,특성 선택,ko
Chờ Đợi Xứng Đáng,기다림의 미학,ko
Cierpliwa Nauka,끈질긴 연구,ko
Cierpliwość Ekko,에코의 인내,ko
Cierpliwość Jest Cnotą,참는 자에게 복을,ko
Cimientos de Línea Frontal,전방의 토대,ko
Cimientos de la vanguardia,전방의 토대,ko
Cinto do Gigante,거인의 허리띠,ko
Cintura del gigante,거인의 허리띠,ko
Cinturón XL,넘치는 허리띠,ko
Cinturón de Gigante,거인의 허리띠,ko
Cinturón de gigante,거인의 허리띠,ko
Clases de boxeo,권투 교습,ko
Clear Mind,맑은 정신,ko
Cleptomanie,급매,ko
Climb The Ladder,서열 상승,ko
Clockwork Accelerator,시계태엽 윤활유,ko
Clone des ombres,그림자 꼭두각시,ko
Cluttered Mind,어수선한 마음,ko
Cnota Męczennika,순교자의 미덕,ko
Cocina de Estratega,전략가의 주방,ko
Cocina de estratega,전략가의 주방,ko
Cod roșu de lacrimi,실컷 울어봐라,ko
Coda in duo,2인조,ko
Cognitive Overload,인지 과부하,ko
Cognitive Tax,인지세,ko
Coif cameleonic,적응형 투구,ko
Coiffe de Rabadon,라바돈의 죽음모자,ko
Coiffes mortelles,더욱 치명적인 모자,ko
Coincidenze perse,연결 불가,ko
Cola Dúo,2인조,ko
Cola dúo,2인조,ko
Coleguis del curro,끈끈한 우정,ko
Coleguitas,작은 친구들,ko
Colete Espinhoso,덤불 조끼,ko
Colher de Prata,은수저,ko
Collegamento cibernetico,사이버네틱 통신,ko
Colpire e basta,그냥 눌러,ko
Comandant,지휘관,ko
Comandante,지휘관,ko
Comandante Anima,동물특공대 지휘관,ko
Comandante Animalia,동물특공대 지휘관,ko
Comandante Ánima,동물특공대 지휘관,ko
Comandatul Anima,동물특공대 지휘관,ko
Combattente,싸움꾼,ko
Combinație stelară,별빛 연계,ko
Combo Estelar,별빛 연계,ko
Combo estelar,별빛 연계,ko
Combo stellaire,별빛 연계,ko
Combo stellare,별빛 연계,ko
Comeback Story,역전의 서막,ko
Comerț de bază,거래 중심지,ko
Comienzo aventajado,시동 걸기,ko
Commandant d'Anima,동물특공대 지휘관,ko
Commandante,지휘관,ko
Commander,지휘관,ko
Commerce Core,거래 중심지,ko
Comori îngropate,파묻힌 보물,ko
Comparte los Reflectores con Yasuo,야스오의 스포트라이트 공유,ko
Competitor,도전자,ko
Component Heist,조합 아이템 강탈,ko
Composants de guerre,조합 아이템 강탈,ko
Composição Máxima,극대화 빌드,ko
Compras compulsivas,흥청망청,ko
Compromiso férreo,극진한 헌신,ko
Compromisso Sério,극진한 헌신,ko
Compte épargne,예금 계좌,ko
Concentration lointaine,지평선의 초점,ko
Concentrazione dell'orizzonte,지평선의 초점,ko
Condenador,파멸자,ko
Conducto,전달자,ko
Conduit,전달자,ko
Conduit Mode,전달자 모드,ko
Conduíte,전달자,ko
Conexiones fallidas,연결 불가,ko
Conexiune cibernetică,사이버네틱 통신,ko
Conexiune cu drona,드론 업링크,ko
Conexión cibernética,사이버네틱 통신,ko
Conexión de dron,드론 업링크,ko
Conexión perdida,연결 불가,ko
Conexão Cibernética,사이버네틱 통신,ko
Conexão de Drone,드론 업링크,ko
Conexões Perdidas,연결 불가,ko
Configuración maximizada,극대화 빌드,ko
Configurazione massima,극대화 빌드,ko
Confusão Mental,어수선한 마음,ko
Conjuración continua,연속 주문 사용,ko
Conjuração Contínua,연속 주문 사용,ko
Conjuros Continuos,연속 주문 사용,ko
Connivence,서열 상승,ko
Conservare de biomaterial,유기물 보존기,ko
Conservateur de biomatière,유기물 보존기,ko
Conservatore di biomateria,유기물 보존기,ko
Construct a Companion,동료 제작,ko
Construiește un însoțitor,동료 제작,ko
Construiește-ți un prieten,친구 만들기,ko
Construye tu Compi,동료 제작,ko
Construção de Companheiro,동료 제작,ko
Consumo Consciente,현명한 소비,ko
Cont de economii,예금 계좌,ko
Conta Poupança,예금 계좌,ko
Contendiente,도전자,ko
Contenedor de chatarra,재활용 쓰레기통,ko
Continuous Conjuration,연속 주문 사용,ko
Conto dei risparmi,예금 계좌,ko
Contract Killer,청부 살인마,ko
Convogliatore,전달자,ko
Copacul caracteristicilor,특성 나무,ko
Copricapo di Rabadon,라바돈의 죽음모자,ko
Corazza singola,고독한 방패,ko
Corazza spirituale,정령의 형상,ko
Corazón de Acero,강철의 심장,ko
Corazón de acero,강철의 심장,ko
Corazón del alba,새벽심장,ko
Corazón resuelto,굳건한 심장,ko
Coração Inabalável,굳건한 심장,ko
Coração de Aço,강철의 심장,ko
Corki,코르키,ko
Coroa do Amaldiçoado,저주받은 왕관,ko
Coroa do Estrategista,전략가의 왕관,ko
Coroana blestemată,저주받은 왕관,ko
Coroana tacticianului,전략가의 왕관,ko
Corona Maldita,저주받은 왕관,ko
Corona de Estratega,전략가의 왕관,ko
Corona de estratega,전략가의 왕관,ko
Corona dello Stratega,전략가의 왕관,ko
Corona maldita,저주받은 왕관,ko
Corona maledetta,저주받은 왕관,ko
Corona reale,크라운가드,ko
Coroziune,부식,ko
Corpetto di rovi,덤불 조끼,ko
Corriente de Lágrimas,흐르는 눈물,ko
Corrosion,부식,ko
Corrosione,부식,ko
Corrosión,부식,ko
Corrosão,부식,ko
Corrupt Vampiric Scepter,타락한 흡혈의 낫,ko
Cosmic Restart,우주적 재시작,ko
Costruisci un Compagno,동료 제작,ko
Cota de Malha,쇠사슬 조끼,ko
Cota de Malla,쇠사슬 조끼,ko
Cotidiano,일상물,ko
Cotta di maglia,쇠사슬 조끼,ko
Cotte de mailles,쇠사슬 조끼,ko
Coup d'envoi,시동 걸기,ko
Coup de chance,특별 맞춤 설정,ko
Couronne de la reine,크라운가드,ko
Couronne du Tacticien,전략가의 왕관,ko
Couronne maudite,저주받은 왕관,ko
Cours de soutien,협력,ko
Covil do Barão,남작의 소굴,ko
Cozinha do Estrategista,전략가의 주방,ko
Coș de recuperare,재활용 쓰레기통,ko
Crabul,협곡 바위 게,ko
Crafted Crafting,정교한 공예,ko
Crash Test Dummies,충돌 시험용 봇,ko
Crash Test Dummy,충돌 시험용 봇,ko
Crash-Test-Dummies,충돌 시험용 봇,ko
Crea un coleguita,동료 제작,ko
Creazione artigianale,정교한 공예,ko
Crecimiento Explosivo,폭발적인 성장,ko
Crecimiento explosivo,폭발적인 성장,ko
Creează o cale,길을 내라,ko
Creează un prieten,친구 만들기,ko
Crescendo aléatoire,일상물,ko
Crescimento Explosivo,폭발적인 성장,ko
Crescita a fine partita,후반 성장,ko
Crescita esplosiva,폭발적인 성장,ko
Cresta de Escudo de Luz,라이트실드 문장,ko
Creștere explozivă,폭발적인 성장,ko
Creștere pe final de joc,후반 성장,ko
Creștere solo în nivel,나 혼자 레벨업,ko
Creștere în clasament,서열 상승,ko
Criação Engenhosa,정교한 공예,ko
Critical Success,치명적 성공,ko
Croissance explosive,폭발적인 성장,ko
Crownguard,크라운가드,ko
Cry Me A River,실컷 울어봐라,ko
Csak jó valamire I.,다 쓸 데가 있다니까,ko
Csapatkeresés,협력,ko
Csapatépítés,일상물,ko
Csapatépítés,끈끈한 우정,ko
Csekélyebb Perszónatükör,하급 거울의 환영,ko
Csereszektor,교환의 장,ko
Csillagfényes kombó,별빛 연계,ko
Csillagnéző,별돌보미,ko
Csillagnéző embléma,별돌보미 상징,ko
Csillámpikkely-esszencia,빛비늘 정수,ko
Cua Kỳ Cục,협곡 바위 게,ko
Cuatrifuerzos,4후지원,ko
Cuatro Refuerzos,4후지원,ko
Cucchiaio d'argento,은수저,ko
Cuchara de plata,은수저,ko
Cuchilla Maldita,저주받은 칼날,ko
Cuchillas Raudas,명멸검,ko
Cucina dello Stratega,전략가의 주방,ko
Cud Soraki,소라카의 기적,ko
Cuenta con mi arco,활의 수호자,ko
Cuenta de Ahorros,예금 계좌,ko
Cuenta de ahorros,예금 계좌,ko
Cuisine du Tacticien,전략가의 주방,ko
Cung Dự Phòng,예비 활,ko
Cung Gỗ,곡궁,ko
Cung Xanh,최후의 속삭임,ko
Cuor saldo,굳건한 심장,ko
Cuore d'acciaio,강철의 심장,ko
Cureaua uriașului,거인의 허리띠,ko
Curele fără număr,넘치는 허리띠,ko
Cursed Blade,저주받은 칼날,ko
Cursed Crown,저주받은 왕관,ko
Cuțit electrostatic,스태틱의 단검,ko
Cuồng Đao Guinsoo,구인수의 격노검,ko
Cuộc Phiêu Lưu Tôn Quý,고귀한 모험,ko
Cuộc Viễn Chinh,탐사,ko
Cvičná loutka,훈련 봇,ko
Cybernetic Implants,사이버네틱 이식술,ko
Cybernetic Uplink,사이버네틱 통신,ko
Cycle épique,새로운 시대,ko
Czerwone Wzmocnienie,붉은 덩굴정령,ko
Czysty Umysł,맑은 정신,ko
Częściowe Wyniesienie,불완전한 초월,ko
Cái Giá Phải Trả,응당한 대가,ko
Cálice do Poder,힘의 성배,ko
Cáliz de Poder,힘의 성배,ko
Cáliz de poder,힘의 성배,ko
Câlin collectif,단체 포옹,ko
Cây Cung Thần Tốc,활의 수호자,ko
Cây Tộc Hệ,특성 나무,ko
Céfiro,서풍,ko
Célbefogó optika,표적 고정 광학 장치,ko
Célébrité partagée de Yasuo,야스오의 스포트라이트 공유,ko
Călător,여행자,ko
Cıva,수은,ko
Cœur d'acier,강철의 심장,ko
Cœur de l'aube,새벽심장,ko
Cœur intrépide,굳건한 심장,ko
Cơn Khát Vàng,돈독,ko
Cảm Quan Cấy Ghép,공감 임플란트,ko
Cảm Thấy May Mắn,행운의 기운,ko
Cấy Ghép Siêu Công Nghệ,사이버네틱 이식술,ko
Cầu Hồi Phục,회복의 구,ko
Cắm Rễ Phân Tán,뻗어가는 뿌리,ko
Cặp Đôi Siêu Cứng,쌍두마차,ko
Cố Gắng Lật Kèo,역전의 서막,ko
Cốc Sức Mạnh,힘의 성배,ko
Cộng Mệt Nghỉ!,엄청나게 이로운 효과!,ko
Cờ Lệnh Zeke U Ám,지크의 음산한 전령,ko
Củng Cố Tuyến Trước,전방의 토대,ko
C位的觉悟,중심 잡기,ko
C位觉悟,중심 잡기,ko
DD街区,교환의 장,ko
Daga de Statikk,스태틱의 단검,ko
Daimi Yükseliş,출세가도,ko
Dallan Budaklan,가지 뻗기,ko
Dama Oscura,어둠의 여인,ko
Dama das Trevas,어둠의 여인,ko
Dama oscura,어둠의 여인,ko
Dame sombre,어둠의 여인,ko
Dao Điện Statikk,스태틱의 단검,ko
Dar Ahri,아리의 은총,ko
Dar Aureliona Sola,아우렐리온 솔의 은총,ko
Dar Ekko,에코의 은총,ko
Dar Evelynn,이블린의 은총,ko
Dar Kayle,케일의 은총,ko
Dar Soraki,소라카의 은총,ko
Dar Thresha,쓰레쉬의 은총,ko
Dar Varusa,바루스의 은총,ko
Dar Yasuo,야스오의 은총,ko
Dar cu ce preț,응당한 대가,ko
Dar vzkříšení,부활의 은총,ko
Dark Lady,어둠의 여인,ko
Dark Star,암흑의 별,ko
Dark Star Emblem,암흑의 별 상징,ko
Das Warten wert,기다림의 미학,ko
Das geht ab,승승장구,ko
Das goldene Ei,황금 알,ko
Dawncore,새벽심장,ko
Dayanıklı Ön Sıra,전방의 토대,ko
Daño indiscriminado,무차별적 살인자,ko
De două ori mai câștigați,2만한 가치,ko
De fiesta,재빠른 무장,ko
De gratis,급매,ko
De milyen áron?,응당한 대가,ko
Dea delle Armi,기동총격여신,ko
Deadlier Blades,치명적인 칼날,ko
Deadlier Caps,더욱 치명적인 모자,ko
Deathblade,죽음의 검,ko
Demasiado Valor,2만한 가치,ko
Demir Solari'nin Broşu,강철의 솔라리 펜던트,ko
Denge Örtüsü,저녁갑주,ko
Dent de Nashor,내셔의 이빨,ko
Dente de Na'Shor,내셔의 이빨,ko
Dente di Nashor,내셔의 이빨,ko
Der Attributsbaum,특성 나무,ko
Der Turm,탑,ko
Der Unbeugsame,불굴,ko
Der Urknall,빅뱅,ko
Der Wille des Hammers,철퇴의 의지,ko
Der goldene Drache,황금 드래곤,ko
Der mächtige Mecha,거대 메크 로봇,ko
Dernier souffle,최후의 속삭임,ko
Derrota Planejada,계산된 패배,ko
Desafiante,도전자,ko
Desajustados,반항아,ko
Descarga Eléctrica,고전압,ko
Desejo da Maça,철퇴의 의지,ko
Desesperación Eterna,끝없는 절망,ko
Desesperanza eterna,끝없는 절망,ko
Desespero Eterno,끝없는 절망,ko
Desmanche,재활용 쓰레기통,ko
Despertar da Alma,영혼 각성,ko
Despertar del Alma,영혼 각성,ko
Despertar del alma,영혼 각성,ko
Destansı Yenileme,서사적 새로고침,ko
Deszcz Pieniędzy,돈 폭풍,ko
Determinacja Kolosa,거인의 결의,ko
Determinazione del titano,거인의 결의,ko
Determinação Titânica,거인의 결의,ko
Deux de moins,재빠른 더블 킬,ko
Dev Katili,거인 학살자,ko
Dev Kemeri,거인의 허리띠,ko
Devasa ve Güçlü,거대하고 강력한,ko
Değişken Miğfer,적응형 투구,ko
Di Vật Tàn Úa,해진 유물,ko
Diana,다이애나,ko
Die Legion der Drei,3단계 군단,ko
Diebesbande,도둑 무리,ko
Diebesbande II,도둑 무리 II,ko
Diente de Nashor,내셔의 이빨,ko
Dikenli Yelek,덤불 조끼,ko
Dinerito para el almuerzo,점심값,ko
Dinero del almuerzo,점심값,ko
Dintele lui Nashor,내셔의 이빨,ko
Diosa de las Pistolas,기동총격여신,ko
Diosa de las pistolas,기동총격여신,ko
Dirilme Lütfu,부활의 은총,ko
Disperare nemărginită,끝없는 절망,ko
Disperazione eterna,끝없는 절망,ko
Disruptor temporal,시간 균열자,ko
Distracție în spațiu,우주 그루브,ko
Distribuição de Efeitos,붉고 푸른 효과,ko
Divinamente Abençoado,신의 축복,ko
Divine Duelist,신성 결투가,ko
Dizilim,정렬,ko
Diệt Khổng Lồ,거인 학살자,ko
Dlouhodobá investice,장기 투자,ko
Doamna întunecată,어둠의 여인,ko
Doble Tanque,쌍두마차,ko
Dobra Passa,승승장구,ko
Doces Deleites,달콤한 간식,ko
Dokuma Büyü,얽힌 마법,ko
Dolci,달콤한 간식,ko
Don du gardien,수호자의 친구,ko
Dono dell'aggiustatutto,고철 수집가의 은총,ko
Dono della resurrezione,부활의 은총,ko
Dono di Ahri,아리의 은총,ko
Dono di Aurelion Sol,아우렐리온 솔의 은총,ko
Dono di Ekko,에코의 은총,ko
Dono di Evelynn,이블린의 은총,ko
Dono di Kayle,케일의 은총,ko
Dono di Soraka,소라카의 은총,ko
Dono di Thresh,쓰레쉬의 은총,ko
Dono di Varus,바루스의 은총,ko
Dono di Yasuo,야스오의 은총,ko
Doomer,파멸자,ko
Doppia resistenza,쌍두마차,ko
Doppia uccisione rapida,재빠른 더블 킬,ko
Dornenweste,덤불 조끼,ko
Double Kill Veloz,재빠른 더블 킬,ko
Dowódca Anima,동물특공대 지휘관,ko
Dowódcy,지휘관,ko
Doğum Günü Buluşması,생일 모임,ko
Doğum Günü Hediyesi,생일 선물,ko
Drachenklaue,용의 발톱,ko
Dragon's Claw,용의 발톱,ko
Dragonul auriu,황금 드래곤,ko
Dragão Dourado,황금 드래곤,ko
Dračí spár,용의 발톱,ko
Dreifaltigkeit,삼인방,ko
Drobní titáni,꼬마 거인,ko
"Drobní, ale vražední",작지만 치명적인,ko
Drohnenverbindung,드론 업링크,ko
Dron Bağlantısı,드론 업링크,ko
Drone Uplink,드론 업링크,ko
Drone cablato,드론 업링크,ko
Dronová linka,드론 업링크,ko
Drugi Oddech,재생의 바람,ko
Druhý dech,재생의 바람,ko
Drzewo Cech,특성 나무,ko
Drágaköves kesztyű,보석 건틀릿,ko
Drágaköves lótusz II.,보석 연꽃,ko
Drónkapcsolat,드론 업링크,ko
Držíme pospolu,하나로 뭉치는 거지,ko
Du Mục,길잡이,ko
Du hast meinen Bogen,활의 수호자,ko
Dublu asasinat rapid,재빠른 더블 킬,ko
Duch Odkupienia,구원의 영혼,ko
Duch odplaty,구원의 영혼,ko
Due volte il valore,2만한 가치,ko
Duelist divin,신성 결투가,ko
Duelista Divino,신성 결투가,ko
Duelista divino,신성 결투가,ko
Duellante divino,신성 결투가,ko
Duelliste divine,신성 결투가,ko
Dulces Golosinas,달콤한 간식,ko
Dummify,훈련 봇 변환,ko
Dunkle Dame,어둠의 여인,ko
Duo Queue,2인조,ko
Duo-Warteschlange,2인조,ko
Dupla érték,2만한 가치,ko
Duplication,극대화 빌드,ko
Duplán szívós,쌍두마차,ko
Durch Stärke geschmiedet,힘을 실은 제련,ko
Durmadan Yenile,새로고침의 날,ko
Dusze Towarzystwa,파티광,ko
Duża Torba z Różnościami,큰 꾸러미,ko
Dádiva da Ahri,아리의 은총,ko
Dádiva da Evelynn,이블린의 은총,ko
Dádiva da Kayle,케일의 은총,ko
Dádiva da Ressurreição,부활의 은총,ko
Dádiva da Soraka,소라카의 은총,ko
Dádiva do Aurelion Sol,아우렐리온 솔의 은총,ko
Dádiva do Brigão,고철 수집가의 은총,ko
Dádiva do Ekko,에코의 은총,ko
Dádiva do Thresh,쓰레쉬의 은총,ko
Dádiva do Varus,바루스의 은총,ko
Dádiva do Yasuo,야스오의 은총,ko
Dárek k narozeninám,생일 선물,ko
Dárková taška s předměty,아이템 꾸러미,ko
Dárkový balíček,선물 꾸러미,ko
Dây Chuyền Iron Solari,강철의 솔라리 펜던트,ko
Dây Chuyền Tự Lực,활력증진의 펜던트,ko
Dämmerkern,새벽심장,ko
Dämmerung von Silbersee,은빛 여명,ko
Déesse des flingues,기동총격여신,ko
Défaite planifiée,계산된 패배,ko
Dépense réfléchie,현명한 소비,ko
Dés légèrement magiques,약간 신비한 주사위,ko
Dés magiques,마법 주사위,ko
Désespoir,파멸자,ko
Désespoir infini,끝없는 절망,ko
Détermination du titan,거인의 결의,ko
Díszes acél,도금 강철,ko
Dòng Tiền Mờ Ám,악의적 수익 창출,ko
Döntőbíró,중재자,ko
Döntőbíró embléma,중재자 상징,ko
Dört Dörtlük,4후지원,ko
Dört Seninle Olsun,4가 함께하길,ko
Dövüşçü,싸움꾼,ko
Dövüşçü Amblemi,싸움꾼 상징,ko
Dúo de tanques,쌍두마차,ko
Dümenci,수완가,ko
Dẫn Truyền,전달자,ko
Dị Vật Tai Ương,금지된 우상,ko
Dịch Vụ Gói Đăng Ký,구독 서비스,ko
D个痛快！,새로고침의 날,ko
Early Learnings,조기 교육,ko
Ebedi Anlaşma,영원한 서약,ko
Ebedi Koruma,무한한 보호,ko
Ebedi Kılıç,무한의 대검,ko
Ebédpénz,점심값,ko
Eccesso di bacchette,넘치는 지팡이,ko
Eccesso di cinture,넘치는 허리띠,ko
Eccesso di spade,넘치는 대검,ko
Echi curativi,회복의 메아리,ko
Ecos Reparadores,회복의 메아리,ko
Ecos Restauradores,회복의 메아리,ko
Ecos curativos,회복의 메아리,ko
Ecouri tămăduitoare,회복의 메아리,ko
Edge of Night,밤의 끝자락,ko
Efecte secundare,부작용,ko
Efectos Secundarios,부작용,ko
Efectos secundarios,부작용,ko
Efeito Azul,푸른 파수꾼,ko
Efeito Vermelho,붉은 덩굴정령,ko
Efeitos Colaterais,부작용,ko
Efekty Uboczne,부작용,ko
Effets secondaires,부작용,ko
Effetti collaterali,부작용,ko
Egida Zmierzchu,황혼의 방패,ko
Egida del Crepuscolo,황혼의 방패,ko
Egida dell'Aurora,새벽의 방패,ko
Egida Świtu,새벽의 방패,ko
"Egy erősítés, két erősítés",붉고 푸른 효과,ko
"Egy, kettő, három","하나, 둘, 셋",ko
"Egy, kettő, öt!","하나, 둘, 다섯!",ko
Egyenlepel,저녁갑주,ko
Egységben az erő,단결된 의지,ko
Egyujjas kesztyű,방한 장갑,ko
Egyéni vért,고독한 방패,ko
Ehre des Kriegsfürsten,대장군의 명예,ko
"Ein Buff, zwei Buff",붉고 푸른 효과,ko
Ein Teil des Lebens,일상물,ko
Ein erhabenes Abenteuer,고귀한 모험,ko
Ein magischer Wurf,마법 주사위,ko
Eindringling Zed,침략자 제드,ko
Einfach treffen,그냥 눌러,ko
Einkaufsbummel,흥청망청,ko
"Einmal Bronze, immer Bronze",영원한 브론즈,ko
"Eins, zwei, drei","하나, 둘, 셋",ko
"Eins, zwei, fünf!","하나, 둘, 다섯!",ko
Eiserne Güter,유용한 금속,ko
Ejder Pençesi,용의 발톱,ko
Ekip Çalışması,끈끈한 우정,ko
Ekko türelme,에코의 인내,ko
Ekko áldása,에코의 은총,ko
Ekko'nun Lütfu,에코의 은총,ko
Ekko'nun Sabrı,에코의 인내,ko
Ekko's Boon,에코의 은총,ko
Ekko's Patience,에코의 인내,ko
Ekkos Geduld,에코의 인내,ko
Ekkos Segen,에코의 은총,ko
Ekkova trpělivost,에코의 인내,ko
Ekkův dar,에코의 은총,ko
Ekmek Parası İşte,점심값,ko
Ekskluzywna Personalizacja,특별 맞춤 설정,ko
Ekspedycja,탐사,ko
El Big Bang,빅뱅,ko
El Dragón Dorado,황금 드래곤,ko
El Dragón dorado,황금 드래곤,ko
El Emeği Göz Nuru,정교한 공예,ko
El Huevo Dorado,황금 알,ko
El Indomable,불굴,ko
El Mega Mecha,거대 메크 로봇,ko
El Tamaño Importa,크기의 중요성,ko
El centro de todo,중심 잡기,ko
El huevo dorado,황금 알,ko
El peso de la corona,왕관의 무게,ko
El tamaño importa,크기의 중요성,ko
El Árbol de Rasgos,특성 나무,ko
El árbol de los atributos,특성 나무,ko
Elastyczność,유연함,ko
Electrocarga,고전압,ko
Electrocharge,고전압,ko
Elektrický výboj,고전압,ko
Elektroladung,고전압,ko
Elektromos töltés,고전압,ko
Elektroşarj,고전압,ko
Elettrocarica,고전압,ko
Elige el rasgo,특성 선택,ko
Eliminator,말살자,ko
Elkötelezett,투자,ko
Elköteleződés,극진한 헌신,ko
Elmo Adaptativo,적응형 투구,ko
Elmo adattivo,적응형 투구,ko
Eltemetett kincsek,파묻힌 보물,ko
Elátkozott korona,저주받은 왕관,ko
Elátkozott penge,저주받은 칼날,ko
Előfizetési szolgáltatás,구독 서비스,ko
Előleg,대출 선지급,ko
Előrelátás,미래 지향적 사고,ko
Em Busca do Centro,중심 잡기,ko
Embalos no Espaço,우주 그루브,ko
Emblem Anima,동물특공대 상징,ko
Emblem Arbiter,중재자 상징,ko
Emblem Bastion,요새 상징,ko
Emblem Brawler,싸움꾼 상징,ko
Emblem Challenger,도전자 상징,ko
Emblem Dark Star,암흑의 별 상징,ko
Emblem Marauder,습격자 상징,ko
Emblem Meeple,정령족 상징,ko
Emblem N.O.V.A.,N.O.V.A. 상징,ko
Emblem Primordian,태고족 상징,ko
Emblem Psionic,초능력 상징,ko
Emblem Rogue,불한당 상징,ko
Emblem Shepherd,길잡이 상징,ko
Emblem Sniper,저격수 상징,ko
Emblem Space Groove,우주 그루브 상징,ko
Emblem Stargazer,별돌보미 상징,ko
Emblem Timebreaker,시간 균열자 상징,ko
Emblem Vanguard,선봉대 상징,ko
Emblem Voyager,여행자 상징,ko
Emblema Anima,동물특공대 상징,ko
Emblema Animalia,동물특공대 상징,ko
Emblema Meeple,정령족 상징,ko
Emblema N.O.V.A.,N.O.V.A. 상징,ko
Emblema Psionico,초능력 상징,ko
Emblema Stella Oscura,암흑의 별 상징,ko
Emblema apărătorilor,선봉대 상징,ko
Emblema bastionului,요새 상징,ko
Emblema briganzilor,습격자 상징,ko
Emblema bătăușilor,싸움꾼 상징,ko
Emblema competitorilor,도전자 상징,ko
Emblema călătorilor,여행자 상징,ko
Emblema de Anima,동물특공대 상징,ko
Emblema de Astromante,별돌보미 상징,ko
Emblema de Atirador de Elite,저격수 상징,ko
Emblema de Bastião,요새 상징,ko
Emblema de Bastión,요새 상징,ko
Emblema de Desafiante,도전자 상징,ko
Emblema de Embalos no Espaço,우주 그루브 상징,ko
Emblema de Estrela Negra,암흑의 별 상징,ko
Emblema de Estrella Oscura,암흑의 별 상징,ko
Emblema de Francotiradores,저격수 상징,ko
Emblema de Furtivo,불한당 상징,ko
Emblema de Ladino,불한당 상징,ko
Emblema de Lutador,싸움꾼 상징,ko
Emblema de Meeple,정령족 상징,ko
Emblema de Meeplo,정령족 상징,ko
Emblema de Merodeador,습격자 상징,ko
Emblema de Mipo,정령족 상징,ko
Emblema de N.O.V.A.,N.O.V.A. 상징,ko
Emblema de Onda Espacial,우주 그루브 상징,ko
Emblema de Pastor,길잡이 상징,ko
Emblema de Peleadores,싸움꾼 상징,ko
Emblema de Primordiano,태고족 상징,ko
Emblema de Primordianos,태고족 상징,ko
Emblema de Psiónico,초능력 상징,ko
Emblema de Psiônico,초능력 상징,ko
Emblema de Rasga-tempo,시간 균열자 상징,ko
Emblema de Retadores,도전자 상징,ko
Emblema de Rompetiempo,시간 균열자 상징,ko
Emblema de Saqueador,습격자 상징,ko
Emblema de Sentencia,중재자 상징,ko
Emblema de Vanguarda,선봉대 상징,ko
Emblema de Vanguardia,선봉대 상징,ko
Emblema de Viajante,여행자 상징,ko
Emblema de Viajero,여행자 상징,ko
Emblema de astral,별돌보미 상징,ko
Emblema de bastión,요새 상징,ko
Emblema de contendiente,도전자 상징,ko
Emblema de disruptor temporal,시간 균열자 상징,ko
Emblema de estrella oscura,암흑의 별 상징,ko
Emblema de francotirador,저격수 상징,ko
Emblema de la ascensión,승천의 부적,ko
Emblema de luchador,싸움꾼 상징,ko
Emblema de onda espacial,우주 그루브 상징,ko
Emblema de pastor,길잡이 상징,ko
Emblema de primordiano,태고족 상징,ko
Emblema de psiónico,초능력 상징,ko
Emblema de pícaro,불한당 상징,ko
Emblema de sentenciador,중재자 상징,ko
Emblema de vanguardia,선봉대 상징,ko
Emblema de viajante,여행자 상징,ko
Emblema de yelmo sombrío,습격자 상징,ko
Emblema de Árbitro,중재자 상징,ko
Emblema de ánima,동물특공대 상징,ko
Emblema del Bandito,불한당 상징,ko
Emblema del Bastione,요새 상징,ko
Emblema del Cecchino,저격수 상징,ko
Emblema del Combattente,싸움꾼 상징,ko
Emblema del Pastore,길잡이 상징,ko
Emblema del Predone,습격자 상징,ko
Emblema del Primordiano,태고족 상징,ko
Emblema del Ritmo Spaziale,우주 그루브 상징,ko
Emblema del Viaggiatore,여행자 상징,ko
Emblema dell'Amico dei Mippi,정령족 상징,ko
Emblema dell'Arbitro,중재자 상징,ko
Emblema dell'Astronomo,별돌보미 상징,ko
Emblema dell'Avanguardia,선봉대 상징,ko
Emblema dello Sfidante,도전자 상징,ko
Emblema dello Spezzatempo,시간 균열자 상징,ko
Emblema distracției în spațiu,우주 그루브 상징,ko
Emblema frângătorilor timpului,시간 균열자 상징,ko
Emblema luminii stelelor,별돌보미 상징,ko
Emblema lunetiștilor,저격수 상징,ko
Emblema mediatorilor,중재자 상징,ko
Emblema primordienilor,태고족 상징,ko
Emblema psionică,초능력 상징,ko
Emblema păstorilor,길잡이 상징,ko
Emblema rebelilor,불한당 상징,ko
Emblema stelelor întunecate,암흑의 별 상징,ko
Emblemat Anima,동물특공대 상징,ko
Emblemat Arbitra,중재자 상징,ko
Emblemat Bastionu,요새 상징,ko
Emblemat Kosmofazy,우주 그루브 상징,ko
Emblemat Marudera,습격자 상징,ko
Emblemat Meepla,정령족 상징,ko
Emblemat Mrocznej Gwiazdy,암흑의 별 상징,ko
Emblemat N.O.V.A.,N.O.V.A. 상징,ko
Emblemat Obrońcy,선봉대 상징,ko
Emblemat Obserwatora Gwiazd,별돌보미 상징,ko
Emblemat Osiłka,싸움꾼 상징,ko
Emblemat Pasterza,길잡이 상징,ko
Emblemat Podróżnika,여행자 상징,ko
Emblemat Pretendenta,도전자 상징,ko
Emblemat Primordianina,태고족 상징,ko
Emblemat Psionika,초능력 상징,ko
Emblemat Snajpera,저격수 상징,ko
Emblemat Zbira,불한당 상징,ko
Emblemat Łamacza Czasu,시간 균열자 상징,ko
Emblème d'Astro-groove,우주 그루브 상징,ko
Emblème d'Initiateur,선봉대 상징,ko
Emblème de Bagarreur,싸움꾼 상징,ko
Emblème de Bastion,요새 상징,ko
Emblème de Berger,길잡이 상징,ko
Emblème de Brise-temps,시간 균열자 상징,ko
Emblème de Challenger,도전자 상징,ko
Emblème de Juge stellaire,중재자 상징,ko
Emblème de Maraudeur,습격자 상징,ko
Emblème de Meeple,정령족 상징,ko
Emblème de N.O.V.A.,N.O.V.A. 상징,ko
Emblème de Primordien,태고족 상징,ko
Emblème de Psionique,초능력 상징,ko
Emblème de Pulsar sombre,암흑의 별 상징,ko
Emblème de Rebelle,불한당 상징,ko
Emblème de Sniper,저격수 상징,ko
Emblème de Visionnaire,별돌보미 상징,ko
Emblème de Voyageur,여행자 상징,ko
Emblème de la Section Anima,동물특공대 상징,ko
Emblém Animy,동물특공대 상징,ko
Emblém Bašty,요새 상징,ko
Emblém Hvězdopravce,별돌보미 상징,ko
Emblém Miplíka,정령족 상징,ko
Emblém N.O.V.A.,N.O.V.A. 상징,ko
Emblém Ničitele času,시간 균열자 상징,ko
Emblém Odpadlíka,불한당 상징,ko
Emblém Odstřelovače,저격수 상징,ko
Emblém Pastýře,길잡이 상징,ko
Emblém Poutníka,여행자 상징,ko
Emblém Prapůvodního,태고족 상징,ko
Emblém Psionika,초능력 상징,ko
Emblém Předvoje,선봉대 상징,ko
Emblém Rváče,싸움꾼 상징,ko
Emblém Soudce,중재자 상징,ko
Emblém Temné hvězdy,암흑의 별 상징,ko
Emblém Vesmírného rytmu,우주 그루브 상징,ko
Emblém Vyzyvatele,도전자 상징,ko
Emblém Žoldnéře,습격자 상징,ko
Emblématique,유연함,ko
Emblématiquement,특성 나무,ko
Empréstimo Avançado,대출 선지급,ko
Empurrão,재빠른 무장,ko
En Minik Dev,꼬꼬마 거인,ko
En racha,승승장구,ko
Ende der Weisheit,마법사의 최후,ko
Endgame-Experte,후반 전문가,ko
Endlose Verzweiflung,끝없는 절망,ko
Enfileirando,정렬,ko
Enfoque al Horizonte,지평선의 초점,ko
Enlace Cibernético,사이버네틱 통신,ko
Enlace de Dron,드론 업링크,ko
Enracinement,뻗어가는 뿌리,ko
Entre les PO et l'enclume,유용한 금속,ko
Entrenamiento de Guardaespaldas,경호대 훈련,ko
Entschlossenheit des Titanen,거인의 결의,ko
Enyhén mágikus dobás,약간 신비한 주사위,ko
Epic Rolldown,서사적 새로고침,ko
Epickie Przelosowanie,서사적 새로고침,ko
Epický výlov,서사적 새로고침,ko
Epische Ladung,서사적 새로고침,ko
Epoca,새로운 시대,ko
Epoch,새로운 시대,ko
Epocha,새로운 시대,ko
Epoche,새로운 시대,ko
Epocă,새로운 시대,ko
Epoka,새로운 시대,ko
Era,새로운 시대,ko
Eradicare,말살자,ko
Eradicator,말살자,ko
Eradicatore,말살자,ko
Erb Lightshieldů,라이트실드 문장,ko
Erlöser,구원자,ko
Erradicador,말살자,ko
Erwartetes Unerwartetes,예상된 예상 밖의 결과,ko
Erweiterter Kredit,대출 선지급,ko
Erőben kovácsolva,힘을 실은 제련,ko
Erőd,요새,ko
Erőd embléma,요새 상징,ko
EsQUATRão,4후지원,ko
Esagono dorato di Yasuo,야스오의 황금 칸,ko
Esaltazione di Kayle,케일의 승천,ko
Esaltazione radiosa di Kayle,케일의 찬란한 승천,ko
Escalamento de Fim de Jogo,후반 성장,ko
Escalando,서열 상승,ko
Escalar la clasificación,서열 상승,ko
Escolha a característica,특성 선택,ko
Escroc,수완가,ko
Escudo de estratega,전략가의 방패,ko
Escudo del Estratega,전략가의 방패,ko
Escudo do Estrategista,전략가의 방패,ko
Escurridizo,협곡 바위 게,ko
Esence Mihotavců,빛비늘 정수,ko
Esencia de Brilloescama,빛비늘 정수,ko
Esencia de brilloescama,빛비늘 정수,ko
Esencja Migoczącej Łuski,빛비늘 정수,ko
Esfera del Amanecer,새벽심장,ko
Esgrima de Yasuo,야스오의 검술,ko
Esnek,유연함,ko
Espada Desmedida,넘치는 대검,ko
Espada G.p.C.,B.F. 대검,ko
Espadafuria de Guinsoo,구인수의 격노검,ko
Espadas Más Letales,치명적인 칼날,ko
Espadón,B.F. 대검,ko
Especialista em Fim de Jogo,후반 전문가,ko
Especialista en el juego tardío,후반 전문가,ko
Especialista en final de partida,후반 전문가,ko
Espera lo Inesperado,예상된 예상 밖의 결과,ko
Espera lo inesperado,예상된 예상 밖의 결과,ko
Esperando o Inesperado,예상된 예상 밖의 결과,ko
Espinas,생선대가리,ko
Esprit d'équipe,끈끈한 우정,ko
Esprit de la Rédemption,구원의 영혼,ko
Esprit encombré,어수선한 마음,ko
Espátula,뒤집개,ko
Espírito de Redenção,구원의 영혼,ko
Espíritu Firme,굳건한 심장,ko
Espíritu de Redención,구원의 영혼,ko
Espíritu de la redención,구원의 영혼,ko
Espíritu libre,반항아,ko
Essence des Luminécailles,빛비늘 정수,ko
Essenz der Schimmerschuppen,빛비늘 정수,ko
Essenza Scaglialucida,빛비늘 정수,ko
Essência de Escamaluz,빛비늘 정수,ko
Estafa,수완가,ko
Estafador,수완가,ko
Estratega diminuto,꼬꼬마 거인,ko
Estrela Negra,암흑의 별,ko
Estrella Oscura,암흑의 별,ko
Estrella oscura,암흑의 별,ko
Estudio Paciente,끈질긴 연구,ko
Estudio y paciencia,끈질긴 연구,ko
Estudo Paciente,끈질긴 연구,ko
Esuli,추방자,ko
Eternal Pact,영원한 서약,ko
Etwas magische Aktualisierung,약간 신비한 주사위,ko
Evelynn áldása,이블린의 은총,ko
Evelynn ösztöne,이블린의 본능,ko
Evelynn'in Lütfu,이블린의 은총,ko
Evelynn'in İçgüdüsü,이블린의 본능,ko
Evelynn's Boon,이블린의 은총,ko
Evelynn's Instinct,이블린의 본능,ko
Evelynnin dar,이블린의 은총,ko
Evelynnin instinkt,이블린의 본능,ko
Evelynns Instinkt,이블린의 본능,ko
Evelynns Segen,이블린의 은총,ko
Evenshroud,저녁갑주,ko
Evocazione continua,연속 주문 사용,ko
Evriştirici,대격변 생성기,ko
Ewiger Pakt,영원한 서약,ko
Exaltación Radiante de Kayle,케일의 찬란한 승천,ko
Exaltación de Kayle,케일의 승천,ko
Exaltación radiante de Kayle,케일의 찬란한 승천,ko
Exaltarea lui Kayle,케일의 승천,ko
Exaltarea radiantă a lui Kayle,케일의 찬란한 승천,ko
Exaltation de Kayle,케일의 승천,ko
Exaltation radieuse de Kayle,케일의 찬란한 승천,ko
Exaltação Radiante de Kayle,케일의 찬란한 승천,ko
Exaltação de Kayle,케일의 승천,ko
Exclusive Customization,특별 맞춤 설정,ko
Exilados,추방자,ko
Exilați,추방자,ko
Exiles,추방자,ko
Exiliados,추방자,ko
Exilés,추방자,ko
Exklusive Feinabstimmung,특별 맞춤 설정,ko
Exkluzivní úprava,특별 맞춤 설정,ko
Exkluzív testreszabás,특별 맞춤 설정,ko
Expected Unexpectedness,예상된 예상 밖의 결과,ko
Expedice,탐사,ko
Expedición,탐사,ko
Expedition,탐사,ko
Expedição,탐사,ko
Expediție,탐사,ko
Expedíció,탐사,ko
Explosive Growth,폭발적인 성장,ko
Explosives Wachstum,폭발적인 성장,ko
Expédition,탐사,ko
Expérience à tout prix,장기 투자,ko
Extirpador,말살자,ko
Ezreal,이즈리얼,ko
Ezüstkanál,은수저,ko
Ezüsttóvári hajnal,은빛 여명,ko
Eğreti Zırh,임시변통 방어구,ko
Eşsiz Deneyim,은수저,ko
Eşya Çekilişi,아이템 꾸러미,ko
Fabbricante di bastoni,지팡이 제작자,ko
Fabbricante di spade,검 제작자,ko
Fabricant de baguettes,지팡이 제작자,ko
Fabricante de Bastões,지팡이 제작자,ko
Fabricante de Espadas,검 제작자,ko
Fabricante de Varas,지팡이 제작자,ko
Fabrication en série,복제,ko
Fabrikneu,최신상,ko
Faca de Statikk,스태틱의 단검,ko
Factory New,최신상,ko
Fajín de mercurio,수은,ko
Fame di denaro,돈독,ko
Fantocci da crash test,충돌 시험용 봇,ko
Fantoccificazione,훈련 봇 변환,ko
Fantoccio di addestramento,훈련 봇,ko
Fare squadra,협력,ko
Farmando Aura,오라 축적,ko
Farmare l'aura,오라 축적,ko
Farmarea aurei,오라 축적,ko
Farmení aury,오라 축적,ko
Farmeo Áurico,오라 축적,ko
Farmienie Aury,오라 축적,ko
Fatalista,파멸자,ko
Fateweaver,운명술사,ko
Favorul Sorakăi,소라카의 은총,ko
Favorul duelistului,고철 수집가의 은총,ko
Favorul lui Ahri,아리의 은총,ko
Favorul lui Aurelion Sol,아우렐리온 솔의 은총,ko
Favorul lui Ekko,에코의 은총,ko
Favorul lui Evelynn,이블린의 은총,ko
Favorul lui Kayle,케일의 은총,ko
Favorul lui Thresh,쓰레쉬의 은총,ko
Favorul lui Varus,바루스의 은총,ko
Favorul lui Yasuo,야스오의 은총,ko
Favorul resurecției,부활의 은총,ko
Fedakârlığın Erdemi,순교자의 미덕,ko
Fedezeti alap,헤지 펀드,ko
Feed the Flames,땔감 제공,ko
Feeling Lucky,행운의 기운,ko
Felaket Mücevheri,역병의 보석,ko
Felemelkedés,초월,ko
Feleslegesen nagy pálca,쓸데없이 큰 지팡이,ko
Felfelé a ranglétrán I.,서열 상승,ko
Felfelé irányuló mobilitás,출세가도,ko
Felie de viață,일상물,ko
Felinarul lui Thresh,쓰레쉬의 랜턴,ko
Festa de Aniversário,생일 모임,ko
Feu concentré,화력 집중,ko
Fiera Fiestera,파티광,ko
Fierar neobosit,간이 대장간,ko
Fila em Dupla,2인조,ko
Filo de la Muerte,죽음의 검,ko
Filo de la Noche,밤의 끝자락,ko
Filo de la noche,밤의 끝자락,ko
Filo del Infinito,무한의 대검,ko
Filo infinito,무한의 대검,ko
Filo mortal,죽음의 검,ko
Filofugaz,명멸검,ko
Fin de partie,후반 성장,ko
Final del ingenio,마법사의 최후,ko
Finanziamento,대출 선지급,ko
Find Your Center,중심 잡기,ko
Finde deine Mitte,중심 잡기,ko
Fine della notte,밤의 끝자락,ko
Fiora,피오라,ko
Firesale,급매,ko
Fishbones,생선대가리,ko
Fiumi di lacrime,실컷 울어봐라,ko
Fiumi di lacrime,흐르는 눈물,ko
Fizz,피즈,ko
Flambant neuf,최신상,ko
Flessibilità,유연함,ko
Flexibel,유연함,ko
Flexibilita,유연함,ko
Flexibilitate,유연함,ko
Flexible,유연함,ko
Flexível,유연함,ko
Flickerblade,명멸검,ko
Flickerblades,명멸검,ko
Fließende Tränen,흐르는 눈물,ko
Flimmerklingen,명멸검,ko
Flowing Tears,흐르는 눈물,ko
Fluch des Lichs,리치베인,ko
Fléau de liche,리치베인,ko
Fléau vengeur,타격대의 철퇴,ko
Flügelstab,고위천사의 지팡이,ko
Foc concentrat,화력 집중,ko
Focalizarea orizontului,지평선의 초점,ko
Foco do Horizonte,지평선의 초점,ko
Focused Fire,화력 집중,ko
Fogo Concentrado,화력 집중,ko
Fokozott erő,증강된 힘,ko
Fokussiertes Feuer,화력 집중,ko
Folyamatos idézés,연속 주문 사용,ko
Fond de investiții,헤지 펀드,ko
Fondamenta di prima linea,전방의 토대,ko
Fondation de première ligne,전방의 토대,ko
Fondo con intereses,헤지 펀드,ko
Fondo de inversión,헤지 펀드,ko
Fondo speculativo,헤지 펀드,ko
Forbidden Idol,금지된 우상,ko
Forge a Friend,친구 만들기,ko
Forge divine,신성한 대장간,ko
Forge portative,휴대용 대장간,ko
Forge à retardement,신중한 제작,ko
Forged in Strength,힘을 실은 제련,ko
Forgeron ambulant,간이 대장간,ko
Forgia apoteotica,신성한 대장간,ko
Forgia incarnata,간이 대장간,ko
Forgia nascosta,신중한 제작,ko
Forgia portatile,휴대용 대장간,ko
Forgia un amico,친구 만들기,ko
Forgiato nella forza,힘을 실은 제련,ko
Forja Apoteósica,신성한 대장간,ko
Forja Apoteótica,신성한 대장간,ko
Forja Latente,신중한 제작,ko
Forja Portátil,휴대용 대장간,ko
Forja Viva,간이 대장간,ko
Forja Viviente,간이 대장간,ko
Forja apoteósica,신성한 대장간,ko
Forja de amigos,친구 만들기,ko
Forja de espadas,검 제작자,ko
Forja de varas,지팡이 제작자,ko
Forja forjada,정교한 공예,ko
Forja latente,신중한 제작,ko
Forja na Força,힘을 실은 제련,ko
Forja portátil,휴대용 대장간,ko
Forja reîncărcărilor,정교한 공예,ko
Forja viviente,간이 대장간,ko
Forjado a la fuerza,힘을 실은 제련,ko
Forjado en la Fortaleza,힘을 실은 제련,ko
Forje uma Amizade,친구 만들기,ko
Forjă apoteotică,신성한 대장간,ko
Forjă latentă,신중한 제작,ko
Forjă portabilă,휴대용 대장간,ko
Forma equipo,협력,ko
Formation de Garde du corps,경호대 훈련,ko
Formazione,정렬,ko
Fortwährende Beschwörung,연속 주문 사용,ko
Forward Thinking,미래 지향적 사고,ko
Forțe proaspete,재생의 바람,ko
Fragmento de Vida,일상물,ko
Frammento d'infinito,무한의 대검,ko
Francotirador,저격수,ko
Frigideira,프라이팬,ko
Frontkämpfer,선봉대,ko
Frontkämpfer-Emblem,선봉대 상징,ko
Frontline Foundation,전방의 토대,ko
Frontlinien-Fundament,전방의 토대,ko
Frying Pan,프라이팬,ko
Frângător al timpului,시간 균열자,ko
Frühe Erkenntnisse,조기 교육,ko
Fuego Concentrado,화력 집중,ko
Fuego concentrado,화력 집중,ko
Fuerte pero frágil,유리 대포,ko
Fuerte y Enorme,거대하고 강력한,ko
Fuerzas renovadas,재생의 바람,ko
Fulcro del commercio,거래 중심지,ko
Fundação da Linha de Frente,전방의 토대,ko
Fundo de Garantia,헤지 펀드,ko
Fundusz Inwestycyjny,헤지 펀드,ko
Fuoco concentrato,화력 집중,ko
Fureur du kraken,크라켄의 분노,ko
Furia Krakena,크라켄의 분노,ko
Furia del Kraken,크라켄의 분노,ko
Furia del kraken,크라켄의 분노,ko
Furia di Guinsoo,구인수의 격노검,ko
Furia krakenului,크라켄의 분노,ko
Furtarello,슬쩍하기,ko
Furtivo,불한당,ko
Furto,슬쩍하기,ko
Furto di componenti,조합 아이템 강탈,ko
Furtuna lui Luden,루덴의 폭풍,ko
Fäustlinge,방한 장갑,ko
Félholt csapás,리치베인,ko
Félvezető,반도체,ko
Fényőrző címer,라이트실드 문장,ko
Fókusz,전달자,ko
Fókusz mód,전달자 모드,ko
Fúria do Cráquem,크라켄의 분노,ko
"FĂRĂ ANALIZĂ, FĂRĂ SCHIMBĂRI",단일 조합 사수,ko
Făurit prin putere,힘을 실은 제련,ko
Gabardina Sospechosa,수상한 외투,ko
Gabardina sospechosa,수상한 외투,ko
Gage de Sterak,스테락의 도전,ko
Gagnant-gagnant,끈질긴 연구,ko
Galaksi Avcısı,은하계 사냥꾼,ko
Galaktický lovec,은하계 사냥꾼,ko
Galaktischer Jäger,은하계 사냥꾼,ko
Galaktyczni Łowcy,은하계 사냥꾼,ko
Galaxisvadász,은하계 사냥꾼,ko
Galaxy Hunter,은하계 사냥꾼,ko
Gambit Urfa,우르프의 갬빗,ko
Gambit d'Urf,우르프의 갬빗,ko
Gambito de Urf,우르프의 갬빗,ko
Gantelet du Néant,공허 건틀릿,ko
Gantelet précieux,보석 건틀릿,ko
Gants d'entraînement,연습용 장갑,ko
Gants de voleur,도적의 장갑,ko
Gants porte-bonheur,행운의 장갑,ko
Gants à gogo,치명적 성공,ko
Gardienii gemeni,쌍둥이 수호자,ko
Gardiens jumeaux,쌍둥이 수호자,ko
Gargoyl Taşzırhı,가고일 돌갑옷,ko
Gargoyle Stoneplate,가고일 돌갑옷,ko
Garra de Dragón,용의 발톱,ko
Garra de dragón,용의 발톱,ko
Garra de merodeador,자객의 발톱,ko
Garra del Merodeador,자객의 발톱,ko
Garra do Dragão,용의 발톱,ko
Garra do Espreitador,자객의 발톱,ko
Gasto con cabeza,현명한 소비,ko
Gauner,수완가,ko
Gebieter,중재자,ko
Gebieter-Emblem,중재자 상징,ko
Geburtstags-Wiedervereinigung,생일 모임,ko
Geburtstagsgeschenk,생일 선물,ko
Gecenin Kıyısı,밤의 끝자락,ko
Geduld ist eine Tugend,참는 자에게 복을,ko
Geeinter Halt,단결된 의지,ko
Gefälligkeit des Schrotthändlers,고철 수집가의 은총,ko
Gegenstand-Wundertüte,아이템 꾸러미,ko
Geist der Erlösung,구원의 영혼,ko
Geistessicht,정령의 형상,ko
Geld fürs Mittagessen,점심값,ko
Geldgierig,돈독,ko
Geldmonsun,돈 폭풍,ko
Gelişmiş Güç,증강된 힘,ko
Gelungenes Comeback,역전의 서막,ko
Gespiegelte Persona,거울의 환영,ko
Gheara dragonului,용의 발톱,ko
Gheara lui Sterak,스테락의 도전,ko
Gheara prădătorului,자객의 발톱,ko
Giant Slayer,거인 학살자,ko
Giant and Mighty,거대하고 강력한,ko
Giant's Belt,거인의 허리띠,ko
Gigante e Poderoso,거대하고 강력한,ko
Gigantes y fuertes,거대하고 강력한,ko
Gilded Steel,도금 강철,ko
Gioco di lama di Yasuo,야스오의 검술,ko
Gioiello della rovina,역병의 보석,ko
Giuvaier blestemat,역병의 보석,ko
Gizemli Trençkot,수상한 외투,ko
Giáp Lưới,쇠사슬 조끼,ko
Giáp Máu Warmog,워모그의 갑옷,ko
Giáp Tay Seeker,추적자의 팔목 보호대,ko
Giáp Tâm Linh,정령의 형상,ko
Giáp Tự Chế,임시변통 방어구,ko
Giáp Vai Nguyệt Thần,저녁갑주,ko
Giù come birilli,승승장구,ko
Giọt Lệ Bi Ai,실컷 울어봐라,ko
Giữ Vững Hàng Ngũ,진형 유지,ko
Glaives à gogo,길을 내라,ko
Glaskanone,유리 대포,ko
Glass Cannon,유리 대포,ko
Glückshandschuhe,행운의 장갑,ko
Gnar,나르,ko
Goana după bani,돈독,ko
God-Blessed,신의 축복,ko
Going Long,장기 투자,ko
Golden Gamble,경품 추첨,ko
Goldenes Glücksspiel,경품 추첨,ko
Golem,골렘,ko
Golpetazos,재빠른 무장,ko
Good For Something,다 쓸 데가 있다니까,ko
Gotowy Komplet,극대화 빌드,ko
Gottgesegnet,신의 축복,ko
Grabież,슬쩍하기,ko
Gracia de Ahri,아리의 은총,ko
Gracia de Aurelion Sol,아우렐리온 솔의 은총,ko
Gracia de Ekko,에코의 은총,ko
Gracia de Evelynn,이블린의 은총,ko
Gracia de Kayle,케일의 은총,ko
Gracia de Soraka,소라카의 은총,ko
Gracia de Thresh,쓰레쉬의 은총,ko
Gracia de Varus,바루스의 은총,ko
Gracia de Yasuo,야스오의 은총,ko
Gracia de resurrección,부활의 은총,ko
Gragas,그라가스,ko
Gran Compromiso,극진한 헌신,ko
Grandalhão,크기의 중요성,ko
Grande e possente,거대하고 강력한,ko
Grandeur et démesure,거대하고 강력한,ko
Graves,그레이브즈,ko
Gredin,수완가,ko
Griffe de dragon,용의 발톱,ko
Griffes du rôdeur,자객의 발톱,ko
Group Hug,단체 포옹,ko
Groß und mächtig,거대하고 강력한,ko
Große Wundertüte,큰 꾸러미,ko
Groźniejsze Ostrza,치명적인 칼날,ko
Gruboskórność Steraka,스테락의 도전,ko
Grup Kucaklaşması,단체 포옹,ko
Grupowy Przytulas,단체 포옹,ko
Gruppenumarmung,단체 포옹,ko
Gräte,생선대가리,ko
Größe ist alles,크기의 중요성,ko
Guantelete Deslumbrante,보석 건틀릿,ko
Guantelete de Sterak,스테락의 도전,ko
Guantelete del Vacío,공허 건틀릿,ko
Guantelete enjoyado,보석 건틀릿,ko
Guantes de Combate,연습용 장갑,ko
Guantes de Ladrón,도적의 장갑,ko
Guantes de combate,연습용 장갑,ko
Guantes de la Suerte,행운의 장갑,ko
Guantes de la suerte,행운의 장갑,ko
Guantes de ladrón,도적의 장갑,ko
Guanti del ladro,도적의 장갑,ko
Guanti fortunati,행운의 장갑,ko
Guanto del Vuoto,공허 건틀릿,ko
Guanto ingioiellato,보석 건틀릿,ko
Guantoni,연습용 장갑,ko
Guardabrazo del Buscador,추적자의 팔목 보호대,ko
Guardia de la Corona,크라운가드,ko
Guardianes Gemelos,쌍둥이 수호자,ko
Guardianes gemelos,쌍둥이 수호자,ko
Guardiani gemelli,쌍둥이 수호자,ko
Guardiões Gêmeos,쌍둥이 수호자,ko
Guarida del Barón,남작의 소굴,ko
Guinsoo dühpengéje,구인수의 격노검,ko
Guinsoo'nun Hiddeti,구인수의 격노검,ko
Guinsoo's Rageblade,구인수의 격노검,ko
Guinsoos Wutklinge,구인수의 격노검,ko
Guinsoova zuřivá čepel,구인수의 격노검,ko
Gume do Infinito,무한의 대검,ko
Gun Goddess,기동총격여신,ko
Gustări dulci,달콤한 간식,ko
Gwałtowny Wzrost,폭발적인 성장,ko
Gwen,그웬,ko
Gwiezdna Kombinacja,별빛 연계,ko
Gyakorlófigura,훈련 봇,ko
Gyanús ballonkabát,수상한 외투,ko
Gyors kettős gyilkosság,재빠른 더블 킬,ko
Gyorstüzelő ágyú,고속 연사포,ko
Gyári új,최신상,ko
Gyógyító gömbök I.,회복의 구,ko
Gói Bảo Hộ,선물 꾸러미,ko
Gói Tăng Cường,부스터 팩,ko
Gói Đăng Ký Hạng Sang,호화로운 정기 구독,ko
Gólem,골렘,ko
Gökten Yağan Altın,돈 폭풍,ko
Gölge Kukla,그림자 꼭두각시,ko
Gömülü Hazineler,파묻힌 보물,ko
Göttlicher Duellant,신성 결투가,ko
Gözyaşları Sel,실컷 울어봐라,ko
Gözü Yükseklerde,장기 투자,ko
Gümüşgöl Şafağı,은빛 여명,ko
Günateşi Pelerini,태양불꽃 망토,ko
Günateşi Tahtası,태양불꽃판,ko
Gürtel des Riesen,거인의 허리띠,ko
Gürtel im Überfluss,넘치는 허리띠,ko
Gürzün Dileği,철퇴의 의지,ko
Güç Kadehi,힘의 성배,ko
Güçle İşlenmiş,힘을 실은 제련,ko
Güçlü Ama Kırılgan,유리 대포,ko
Güçlü Arkadaşlık,친구 만들기,ko
Güçlü Şapkalar,더욱 치명적인 모자,ko
Găng Bảo Thạch,보석 건틀릿,ko
Găng Hư Không,공허 건틀릿,ko
Găng Đạo Tặc,도적의 장갑,ko
Găng Đấu Sĩ,방한 장갑,ko
Găng Đấu Tập,연습용 장갑,ko
Găsește-ți centrul de putere,중심 잡기,ko
Gươm Biến Ảnh,망령 해적검,ko
Gậy Quá Khổ,쓸데없이 큰 지팡이,ko
Hacha de Fuego Infernal,지옥불 손도끼,ko
Hacha infernal,지옥불 손도끼,ko
Hachette infernale,지옥불 손도끼,ko
Haciendo Amistades,친구 만들기,ko
Hadiösvény,출정,ko
Hadúri dicsőség,대장군의 명예,ko
Hai il mio arco,활의 수호자,ko
Hai odată,그냥 눌러,ko
Hajnalmag,새벽심장,ko
Halbleiter,반도체,ko
Halla tu Centro,중심 잡기,ko
Halszálka,생선대가리,ko
Halálosabb pengék,치명적인 칼날,ko
Halálosabb süvegek,더욱 치명적인 모자,ko
Halálpenge,죽음의 검,ko
Hand Of Justice,정의의 손길,ko
Hand der Gerechtigkeit,정의의 손길,ko
Handelssektor,교환의 장,ko
Handschuhe des Diebs,도적의 장갑,ko
Hang Ổ Baron,남작의 소굴,ko
Hanger fantomatic,망령 해적검,ko
Hard Commit,극진한 헌신,ko
Hatalmas sorsolás,서사적 새로고침,ko
Hatalmas és erős,거대하고 강력한,ko
Határtalan penge,무한의 대검,ko
Haute tension,고전압,ko
Hayat Deneyimi,끈질긴 연구,ko
Hayattan Bir Kesit,일상물,ko
Hazine Avı,보물 사냥,ko
Haşmetli Hydra,거대한 히드라,ko
Haşmetli Macera,고귀한 모험,ko
Healing Orbs,회복의 구,ko
Heart of Steel,강철의 심장,ko
Heavy Is the Crown,왕관의 무게,ko
Hecho a medida,특별 맞춤 설정,ko
Hedef Kuklası,훈련 봇,ko
Hedefe Kilitlenen Optik,표적 고정 광학 장치,ko
Hedge Fund,헤지 펀드,ko
Heilende Echos,회복의 메아리,ko
Heilende Kugeln,회복의 구,ko
Heldenhafte Wundertüte,영웅 꾸러미,ko
Hellfire Hatchet,지옥불 손도끼,ko
Hemos venido a jugar,위험한 행보,ko
Heraldo de Zeke,지크의 전령,ko
Heraldo de las Tinieblas de Zeke,지크의 음산한 전령,ko
Heraldo desolador de Zeke,지크의 음산한 전령,ko
Herausforderer,도전자,ko
Herausforderer-Emblem,도전자 상징,ko
Herausforderer-Modus,도전자 모드,ko
Herb Dynastii Promiennej Tarczy,라이트실드 문장,ko
Herkesin Katili,무차별적 살인자,ko
Heroic Grab Bag,영웅 꾸러미,ko
Heroiczna Torba z Różnościami,영웅 꾸러미,ko
Herold Zeke'a,지크의 전령,ko
Herz aus Stahl,강철의 심장,ko
Heul doch …,실컷 울어봐라,ko
Hex Dorado de Yasuo,야스오의 황금 칸,ko
Hexagone doré de Yasuo,야스오의 황금 칸,ko
Hexagonul auriu al lui Yasuo,야스오의 황금 칸,ko
Hextech Gunblade,마법공학 총검,ko
Hextech Silahkılıç,마법공학 총검,ko
Hextech lőpenge,마법공학 총검,ko
Hextech-Gunblade,마법공학 총검,ko
Hexágono dorado de Yasuo,야스오의 황금 칸,ko
Hidra Titánica,거대한 히드라,ko
Hidra Titânica,거대한 히드라,ko
Hidra titanilor,거대한 히드라,ko
Hidra titánica,거대한 히드라,ko
Higany,수은,ko
High Voltage,고전압,ko
Hilfspaket,선물 꾸러미,ko
Hirte,길잡이,ko
Hirte-Emblem,길잡이 상징,ko
Historia Powrotu do Chwały,역전의 서막,ko
Hivatásos bokszoló,파이트 머니,ko
Hiçlik Değneği,공허의 지팡이,ko
Hiçlik Eldiveni,공허 건틀릿,ko
Hiện Thân Phản Chiếu,거울의 환영,ko
Hiện Thân Phản Chiếu Cỡ Nhỏ,하급 거울의 환영,ko
Hochspannung,고전압,ko
Hoja de furia de Guinsoo,구인수의 격노검,ko
Hoja maldita,저주받은 칼날,ko
Hojas más letales,치명적인 칼날,ko
Hold the Line,진형 유지,ko
Holofote Compartilhado do Yasuo,야스오의 스포트라이트 공유,ko
Honneur du Maître de guerre,대장군의 명예,ko
Honor Watażki,대장군의 명예,ko
Honor de señor de la guerra,대장군의 명예,ko
Honor del Caudillo,대장군의 명예,ko
Honra do Mestre da Guerra,대장군의 명예,ko
Hordozható kohó,휴대용 대장간,ko
Horizon Focus,지평선의 초점,ko
Horizont,지평선의 초점,ko
Horizontfokus,지평선의 초점,ko
Hortlak Palası,망령 해적검,ko
Hosszú távú befektetés,장기 투자,ko
Hrdinská dárková taška,영웅 꾸러미,ko
Hurdacının Lütfu,고철 수집가의 은총,ko
Hurto,슬쩍하기,ko
Hustler,수완가,ko
Huy Hiệu Lightshield,라이트실드 문장,ko
Huyết Giá,피의 대가,ko
Huyết Kiếm,피바라기,ko
Huyết Trượng Tha Hóa,타락한 흡혈의 낫,ko
Huyết Tế,피의 공물,ko
Huấn Luyện Cận Vệ,경호대 훈련,ko
Hvězdná obnova,승승장구,ko
Hvězdné kombo,별빛 연계,ko
Hvězdopravec,별돌보미,ko
Hydre titanesque,거대한 히드라,ko
Hàng Chờ Pandora,판도라의 대기석,ko
Hàng Chờ Đấu Đôi,2인조,ko
Hành Tinh,우주 그루브,ko
Hào Quang Của Ahri,아리의 오라,ko
Hào Quang Nhân Vật Chính,주인공 버프,ko
Hármak légiója,3단계 군단,ko
Hármas kombó I.,삼인방,ko
Hátsó vonal tervrajza,후방 설계도,ko
Hâkim,중재자,ko
Hâkim Amblemi,중재자 상징,ko
Hình Nhân,훈련 봇,ko
Hình Nhân Hóa,훈련 봇 변환,ko
Hình Nộm Va Chạm,충돌 시험용 봇,ko
Hút Sinh Lực,흡혈의 활력,ko
Hücum Gürzü,타격대의 철퇴,ko
Hükümdarın Seçimi,신의 축복,ko
Hırsız Eldiveni,도적의 장갑,ko
Hırsız Çetesi,도둑 무리,ko
Hırsız Çetesi II,도둑 무리 II,ko
Hızlı Başlangıç,시동 걸기,ko
Hızlı Yükseliş,성취,ko
Hızlı İkide İki,재빠른 더블 킬,ko
Hősies zsákbamacska,영웅 꾸러미,ko
Hůl Prázdnoty,공허의 지팡이,ko
Hướng Đến Hồi Kết,후반 전문가,ko
Hưởng Ké Hào Quang Yasuo,야스오의 스포트라이트 공유,ko
Hạ Đo Ván,재빠른 무장,ko
Hắc Tinh,암흑의 별,ko
Hố Đen Tí Hon,소형 블랙홀,ko
Hủy Diệt,말살자,ko
Ia arcul meu,활의 수호자,ko
Idol interzis,금지된 우상,ko
Idole interdite,금지된 우상,ko
Idolo proibito,금지된 우상,ko
Idra titanica,거대한 히드라,ko
Időtörő,시간 균열자,ko
Időtörő embléma,시간 균열자 상징,ko
Ikerőrzők,쌍둥이 수호자,ko
Il Drago dorato,황금 드래곤,ko
Il massimo con il minimo,최적화,ko
Il potente Mech,거대 메크 로봇,ko
Illaoi,일라오이,ko
Iluminare parțială,불완전한 초월,ko
Immer höher hinauf,서열 상승,ko
Impermeabile sospetto,수상한 외투,ko
Impianti cibernetici,사이버네틱 이식술,ko
Impianto empatico,공감 임플란트,ko
Implant Współczulny,공감 임플란트,ko
Implant cybernétique,공감 임플란트,ko
Implant empatic,공감 임플란트,ko
Implante Simpático,공감 임플란트,ko
Implante Solidário,공감 임플란트,ko
Implante simpático,공감 임플란트,ko
Implantes Cibernéticos,사이버네틱 이식술,ko
Implantes cibernéticos,사이버네틱 이식술,ko
Implants cybernétiques,사이버네틱 이식술,ko
Implanturi cibernetice,사이버네틱 이식술,ko
Implanty Cybernetyczne,사이버네틱 이식술,ko
Impossível Recusar,그냥 눌러,ko
Improvisierte Rüstung,임시변통 방어구,ko
Improwizowana Zbroja,임시변통 방어구,ko
Impuesto Cognitivo,인지세,ko
Impuesto cognitivo,인지세,ko
In quattro e quattr'otto,4후지원,ko
Inactividad,자리 비움,ko
Inadaptados,반항아,ko
Inadaptați,반항아,ko
Inaktivitás,자리 비움,ko
Incantație continuă,연속 주문 사용,ko
Indiscriminate Killer,무차별적 살인자,ko
Indomable,불굴,ko
Indomável,불굴,ko
Infinity Edge,무한의 대검,ko
Infinity Protection,무한한 보호,ko
Inicio Veloz,시동 걸기,ko
Inimă de oțel,강철의 심장,ko
Initiateur,선봉대,ko
Innervating Locket,활력증진의 펜던트,ko
Instinct d'Evelynn,이블린의 본능,ko
Instinctul lui Evelynn,이블린의 본능,ko
Instinto de Evelynn,이블린의 본능,ko
Instynkt Evelynn,이블린의 본능,ko
Insígnia do Lumescudo,라이트실드 문장,ko
Intermediar,전달자,ko
Invadatorul Zed,침략자 제드,ko
Invader Zed,침략자 제드,ko
Invasión de Zed,침략자 제드,ko
Invasor Zed,침략자 제드,ko
Inversión,투자,ko
Invested,투자,ko
Investice,투자,ko
Investiert,투자,ko
Investimento,투자,ko
Investissement,투자,ko
Investissement sur le futur,미래 지향적 사고,ko
Investitura,투자,ko
Investiční fond,헤지 펀드,ko
Investiție,투자,ko
Inwestycja,장기 투자,ko
Início Rápido,시동 걸기,ko
Ionic Spark,이온 충격기,ko
Ionischer Funke,이온 충격기,ko
Ionos szikra,이온 충격기,ko
Iontová jiskra,이온 충격기,ko
Iron Assets,유용한 금속,ko
Isteni párbajhős,신성 결투가,ko
Istennő könnycseppje,여신의 눈물,ko
Istenáldotta,신의 축복,ko
Istinto di Evelynn,이블린의 본능,ko
Item Grab Bag,아이템 꾸러미,ko
Itens de Pandora,판도라의 아이템,ko
Iubire nezdruncinată,굳건한 심장,ko
Işıltılı Serseri,찬란한 장난꾸러기,ko
JEDU SI TO SVOJE,단일 조합 사수,ko
Ja Gram Solo,나 혼자 레벨업,ko
Jaf,슬쩍하기,ko
Jaful componentelor,조합 아이템 강탈,ko
Jakim Kosztem,응당한 대가,ko
Jax,잭스,ko
Jaximus,저 별을 향해,ko
"Jeden buff, dva buffy",붉고 푸른 효과,ko
"Jedna, dva, tři","하나, 둘, 셋",ko
Jeu de patience,참는 자에게 복을,ko
Jeweled Gauntlet,보석 건틀릿,ko
Jeweled Lotus,보석 연꽃,ko
Jhin,진,ko
Jinx,징크스,ko
Jogada Levemente Mágica,약간 신비한 주사위,ko
Jogada Mágica,마법 주사위,ko
Jogada de Urf,우르프의 갬빗,ko
Joia da Ruína,역병의 보석,ko
Jonowa Iskra,이온 충격기,ko
Jour de relance,새로고침의 날,ko
Joya Maldita,역병의 보석,ko
Joya de la plaga,역병의 보석,ko
Joyau putréfiant,역병의 보석,ko
Jugadas arriesgadas,위험한 행보,ko
Juge stellaire,중재자,ko
Juguito de Gorrito,카파 주스,ko
Juramento del Protector,수호자의 맹세,ko
Juramento do Cavaleiro,기사의 맹세,ko
Juramento do Protetor,수호자의 맹세,ko
Jurământul protectorului,수호자의 맹세,ko
Jus chapi-chapo,카파 주스,ko
Just Hit,그냥 눌러,ko
Justice critique,응징,ko
Juwelenbesetzter Handschuh,보석 건틀릿,ko
Juwelenbesetzter Lotus,보석 연꽃,ko
Jádro obchodu,거래 중심지,ko
Jádro úsvitu,새벽심장,ko
Jó sorozat,승승장구,ko
Jóbarát rendelésre,친구 만들기,ko
Jós,예언자,ko
Jótékony visszhang,회복의 메아리,ko
K. N. kard,B.F. 대검,ko
K. V. meč,B.F. 대검,ko
K.W. Miecz,B.F. 대검,ko
"KEIN UMSEHEN, KEIN WECHSELN",단일 조합 사수,ko
Kaderbaz,운명술사,ko
Kahraman Çekilişi,영웅 꾸러미,ko
Kahuna,에너지 파동,ko
Kahunahuna,에너지 파동,ko
Kai'Sa,카이사,ko
Kamekameha,에너지 파동,ko
Kamienna Płyta Gargulca,가고일 돌갑옷,ko
Kamizelka Cierniowa,덤불 조끼,ko
Kamizelka Kolcza,쇠사슬 조끼,ko
Kampfhandschuhe,연습용 장갑,ko
Kan Adağı,피의 공물,ko
Kan Bedeli,피의 대가,ko
Kanalisierer,전달자,ko
Kanalisierermodus,전달자 모드,ko
Kanasusamış,피바라기,ko
Kanciarz,수완가,ko
Kanoucí slzy,흐르는 눈물,ko
Kapelusze Zabójcze jak Nigdy,더욱 치명적인 모자,ko
Karanlık Leydi,어둠의 여인,ko
Kararlı Yürek,굳건한 심장,ko
Karayel,서풍,ko
Kardkovács,검 제작자,ko
Kardszállítmány,넘치는 대검,ko
Karma,카르마,ko
Kayle felmagasztosulása,케일의 승천,ko
Kayle ragyogó felmagasztosulása,케일의 찬란한 승천,ko
Kayle áldása,케일의 은총,ko
Kayle's Boon,케일의 은총,ko
Kayle's Exaltation,케일의 승천,ko
Kayle's Radiant Exaltation,케일의 찬란한 승천,ko
Kayle'ın Işıltılı Yüceliği,케일의 찬란한 승천,ko
Kayle'ın Lütfu,케일의 은총,ko
Kayle'ın Yüceliği,케일의 승천,ko
Kayles Hochgefühl,케일의 승천,ko
Kayles Segen,케일의 은총,ko
Kayles strahlendes Hochgefühl,케일의 찬란한 승천,ko
Kaylin dar,케일의 은총,ko
Kaylino povznesení,케일의 승천,ko
Kaylino zářivé povznesení,케일의 찬란한 승천,ko
Kaz Gelecek Yerden...,위험한 행보,ko
Kedi Olalı Bir Fare,다 쓸 데가 있다니까,ko
Kedvez a szerencse,행운의 기운,ko
Kefaret Ruhu,구원의 영혼,ko
Kelch der Macht,힘의 성배,ko
Kemer Fazlalığı,넘치는 허리띠,ko
Kereskedelmi központ,거래 중심지,ko
Keresők karvértje,추적자의 팔목 보호대,ko
Keskin Nişancı,저격수,ko
Keskin Nişancı Amblemi,저격수 상징,ko
Kettenweste,쇠사슬 조끼,ko
Keşif Gezisi,탐사,ko
Khiên Hoàng Hôn,황혼의 방패,ko
Khiên Hừng Đông,새벽의 방패,ko
Khiên Đơn Đấu,고독한 방패,ko
Kho Báu Chôn Giấu,파묻힌 보물,ko
Kho Báu Sắt,유용한 금속,ko
Khu Giao Dịch,교환의 장,ko
Khuyến Mãi Kinh Nghiệm,레벨 업!,ko
Khéo Tay Hay Làm,정교한 공예,ko
Khảm Bảo Thạch,보석 연꽃,ko
Khế Ước Vĩnh Hằng,영원한 서약,ko
Khổng Lồ Hóa,꼬마 거인,ko
Khổng Lồ Tí Hon,꼬꼬마 거인,ko
Khởi Động Nhanh,시동 걸기,ko
Kibernetikus fellövő,사이버네틱 통신,ko
Kibernetikus implantátumok,사이버네틱 이식술,ko
Kick Start,시동 걸기,ko
Kickstart,시동 걸기,ko
"Kicsi, de halálos",작지만 치명적인,ko
Kihívó,도전자,ko
Kihívó embléma,도전자 상징,ko
Kihívó mód,도전자 모드,ko
Kiirtó,말살자,ko
Kim Long,황금 드래곤,ko
Kimaxolt összeállítás,극대화 빌드,ko
Kincsvadászat,보물 사냥,ko
Kindred,킨드레드,ko
Kiralık Katil,청부 살인마,ko
Kis zsákbamacska,작은 꾸러미,ko
Kiên Nhẫn Của Ekko,에코의 인내,ko
Kiên Nhẫn Học Tập,끈질긴 연구,ko
Kiên Nhẫn Là Một Đức Tính,참는 자에게 복을,ko
Kişiselleştirme Fırsatı,특별 맞춤 설정,ko
Kiếm B.F.,B.F. 대검,ko
Kiếm Cong,저주받은 칼날,ko
Kiếm Súng Hextech,마법공학 총검,ko
Kiếm Tai Ương,리치베인,ko
Kiếm Thuật Của Yasuo,야스오의 검술,ko
Kiếm Tử Thần,치명적인 칼날,ko
Kiếm Tử Thần,죽음의 검,ko
Klarer Geist,맑은 정신,ko
Klaue des Meuchlers,자객의 발톱,ko
Kleine Freunde,작은 친구들,ko
Kleine Wundertüte,작은 꾸러미,ko
Kleine gespiegelte Persona,하급 거울의 환영,ko
Kleines schwarzes Loch,소형 블랙홀,ko
Klejnot Rozpadu,역병의 보석,ko
Klenot nákazy,역병의 보석,ko
Klinge der Unendlichkeit,무한의 대검,ko
Klinge des Todes,죽음의 검,ko
Klonprogramm,복제,ko
Kluftkrabbler,협곡 바위 게,ko
Knallhart,주인공 버프,ko
Knight's Vow,기사의 맹세,ko
Kniha vlastností,특성의 고서,ko
Kognitive Steuer,인지세,ko
Kognitive Überladung,인지 과부하,ko
Kognitivní přetížení,인지 과부하,ko
Kognitivní zátěž,인지세,ko
Kognitív teher,인지세,ko
Kognitív túlterhelés,인지 과부하,ko
Kolejka Duo,2인조,ko
Koleżcy,작은 친구들,ko
Kolosalna Hydra,거대한 히드라,ko
Kommandant,지휘관,ko
Kommerzkern,거래 중심지,ko
Komponentenraub,조합 아이템 강탈,ko
Komutan,지휘관,ko
Koniec Rozumu,마법사의 최후,ko
Konserwator Biomaterii,유기물 보존기,ko
Konto Oszczędnościowe,예금 계좌,ko
Konzervátor biomateriálu,유기물 보존기,ko
Kopyalama Süreci,복제,ko
Korai tanulságok,조기 교육,ko
Korbacz Napastnika,타격대의 철퇴,ko
Korona Taktyka,전략가의 왕관,ko
Korona Zawsze Będzie Ciążyć,왕관의 무게,ko
Koronaőr,크라운가드,ko
Koroze,부식,ko
Korozja,부식,ko
Korozyon,부식,ko
Korrosion,부식,ko
Korrózió,부식,ko
Korszak,새로운 시대,ko
Koruma Eğitimi,경호대 훈련,ko
Korunní stráž,크라운가드,ko
Koruyucunun Müttefiki,수호자의 친구,ko
Kosa Statikka,스태틱의 단검,ko
Kosmický restart,우주적 재시작,ko
Kosmiczny Restart,우주적 재시작,ko
Kosmischer Neubeginn,우주적 재시작,ko
Kosmofaza,우주 그루브,ko
Kostur Archanioła,대천사의 지팡이,ko
Kostur Pustki,공허의 지팡이,ko
Kostur Serafina,고위천사의 지팡이,ko
Kosturnik,지팡이 제작자,ko
Kouzelný hod,마법 주사위,ko
Kovácsolj barátot,친구 만들기,ko
Kozmik Başlangıç,우주적 재시작,ko
Kozmikus újraindítás,우주적 재시작,ko
Kraken'in Öfkesi,크라켄의 분노,ko
Kraken's Fury,크라켄의 분노,ko
Krakenův hněv,크라켄의 분노,ko
Kraliyet Başlığı,크라운가드,ko
Krev za krev,피의 대가,ko
Kriegsbeil des Höllenfeuers,지옥불 손도끼,ko
Kriegspfad,출정,ko
Kritický úspěch,치명적 성공,ko
Kritik Başarı,치명적 성공,ko
Kritikus siker,치명적 성공,ko
Kritischer Erfolg,치명적 성공,ko
Krmení plamenů,땔감 제공,ko
Krone des Taktikers,전략가의 왕관,ko
Kronwacht,크라운가드,ko
Kroužková vesta,쇠사슬 조끼,ko
Krvavá oběť,피의 공물,ko
Krvežíznivec,피바라기,ko
Krwiopijec,피바라기,ko
Krytyczny Sukces,치명적 성공,ko
Księga Cech,특성의 고서,ko
Kuchnia Taktyka,전략가의 주방,ko
Kukiełka Cienia,그림자 꼭두각시,ko
Kukla Yağmuru!,충돌 시험용 봇,ko
Kuklaya Dönüştür,훈련 봇 변환,ko
Kukła Treningowa,훈련 봇,ko
Kukły do Testów Wypadkowych,충돌 시험용 봇,ko
Kule,탑,ko
Kusursuzluk Arayışı,최적화,ko
Kutilův dar,고철 수집가의 은총,ko
Kybernetická linka,사이버네틱 통신,ko
Kybernetické implantáty,사이버네틱 이식술,ko
Kybernetische Implantate,사이버네틱 이식술,ko
Kybernetische Verbindung,사이버네틱 통신,ko
Kártyacsomag,부스터 팩,ko
Kâhin,예언자,ko
Kék erősítés,푸른 파수꾼,ko
Kích Cỡ Là Quan Trọng,크기의 중요성,ko
Kính Khóa Mục Tiêu,표적 고정 광학 장치,ko
Kính Nhắm Ma Pháp,지평선의 초점,ko
Könnyek patakja,실컷 울어봐라,ko
Könyörtelen költség,악의적 수익 창출,ko
Kötü Niyetli Kazanç,악의적 수익 창출,ko
Kötü Yazılım Matrisi,악성코드 매트릭스,ko
Közös gyakorlás,훈련 봇 변환,ko
Küldetés újrakezdése,임무 재시작,ko
Küçük Benlik Aynası,하급 거울의 환영,ko
Kılavuz,길잡이,ko
Kılavuz Amblemi,길잡이 상징,ko
Kılçık,생선대가리,ko
Kılıç Fazlalığı,넘치는 대검,ko
Kılıç İşçisi,검 제작자,ko
Kırmızı Güçlendirme,붉은 덩굴정령,ko
Kısmen Büyülü Zar,약간 신비한 주사위,ko
Kısmi Yükseliş,불완전한 초월,ko
Kıymetli Metaller,유용한 금속,ko
Kızartma Tavası,프라이팬,ko
Kẻ Sống Sót,생존자,ko
Kết Nối Drone,드론 업링크,ko
Kết Nối Gián Đoạn,연결 불가,ko
Kề Vai Sát Cánh,하나로 뭉치는 거지,ko
Kỳ Vọng Bất Ngờ,예상된 예상 밖의 결과,ko
Kỷ Nguyên,새로운 시대,ko
L'Albero dei tratti,특성 나무,ko
L'amour du risque,위험한 행보,ko
L'atteso inaspettato,예상된 예상 밖의 결과,ko
L'indomabile,불굴,ko
L'indomptable,불굴,ko
L'onore del Signore della guerra,대장군의 명예,ko
L'uovo dorato,황금 알,ko
La Bramasangue,피바라기,ko
La Paciencia es una Virtud,참는 자에게 복을,ko
La Sanguinaria,피바라기,ko
La Torre,탑,ko
La Tour,탑,ko
La cumpărături,흥청망청,ko
La espera merece la pena,기다림의 미학,ko
La fortuna te sonríe,행운의 기운,ko
La legge della mazza,철퇴의 의지,ko
La paciencia es una virtud,참는 자에게 복을,ko
La pazienza è una virtù,참는 자에게 복을,ko
La torre,탑,ko
La trama lo protege,주인공 버프,ko
La unión hace la fuerza,협력,ko
Lacrima della dea,여신의 눈물,ko
Lacrima zeiței,여신의 눈물,ko
Lacrimi curgătoare,흐르는 눈물,ko
Ladino,불한당,ko
Ladungstransfer,전하 이동,ko
Lama maledetta,저주받은 칼날,ko
Lama mortale,죽음의 검,ko
Lame d'infini,무한의 대검,ko
Lame enragée de Guinsoo,구인수의 격노검,ko
Lame funeste,죽음의 검,ko
Lame maudite,저주받은 칼날,ko
Lame più letali,치명적인 칼날,ko
Lame rotanti,명멸검,ko
Lames tueuses,치명적인 칼날,ko
Lance de Shojin,쇼진의 창,ko
Lancea lui Shojin,쇼진의 창,ko
Lancer de dés,예상된 예상 밖의 결과,ko
Lancia di Shojin,쇼진의 창,ko
Lanetli Kılıç,저주받은 칼날,ko
Lanetli Taç,저주받은 왕관,ko
Lanterna di Thresh,쓰레쉬의 랜턴,ko
Lanterna do Thresh,쓰레쉬의 랜턴,ko
Lanterne de Thresh,쓰레쉬의 랜턴,ko
Lanza de Shojin,쇼진의 창,ko
Lança de Shojin,쇼진의 창,ko
Largo plazo,장기 투자,ko
Larme de la déesse,여신의 눈물,ko
Larmes à gogo,흐르는 눈물,ko
Last Whisper,최후의 속삭임,ko
Lastrapietra del gargoyle,가고일 돌갑옷,ko
Latarnia Thresha,쓰레쉬의 랜턴,ko
Late Game Scaling,후반 성장,ko
Late Game Specialist,후반 전문가,ko
Latent Forge,신중한 제작,ko
Latente Schmiede,신중한 제작,ko
Le Méga-mecha,거대 메크 로봇,ko
Le dimensioni contano,크기의 중요성,ko
Le prix du sang,점심값,ko
LeBlanc,르블랑,ko
Lebende Schmiede,간이 대장간,ko
Lecciones de Boxeo,권투 교습,ko
Lecsapó buzogány,타격대의 철퇴,ko
Leczące Echo,회복의 메아리,ko
Leczące Kule,회복의 구,ko
Lecții de box,권투 교습,ko
Leerenhandschuh,공허 건틀릿,ko
Leerenstab,공허의 지팡이,ko
Legie tří,3단계 군단,ko
Legion Trójek,3단계 군단,ko
Legion of Threes,3단계 군단,ko
Legione dei tre,3단계 군단,ko
Legiunea de trei,3단계 군단,ko
Legião de Três,3단계 군단,ko
Legión de Tres,3단계 군단,ko
Legión del tres,3단계 군단,ko
Legjobb barátok,단짝,ko
Legământul cavalerului,기사의 맹세,ko
Legături ratate,연결 불가,ko
Leibwache-Training,경호대 훈련,ko
Lekce v boxu,권투 교습,ko
Lekko Magiczny Rzut,약간 신비한 주사위,ko
Lekésett csatlakozás,연결 불가,ko
Lelkek ébredése,영혼 각성,ko
Lendületes kezdés,시동 걸기,ko
Lenyúlás,슬쩍하기,ko
Leo Hạng,서열 상승,ko
Leona,레오나,ko
Lesser Mirrored Persona,하급 거울의 환영,ko
Letzter Atemzug,최후의 속삭임,ko
Level Up!,레벨 업!,ko
Leveleando en solitario,나 혼자 레벨업,ko
Lezioni di pugilato,권투 교습,ko
Leçons de combat,조기 교육,ko
Leże Barona,남작의 소굴,ko
Liaison cybernétique,사이버네틱 통신,ko
Liaison de drone,드론 업링크,ko
Lich Bane,리치베인,ko
Lich Boğan,리치베인,ko
Lichtschild-Wappen,라이트실드 문장,ko
Lightshield Arması,라이트실드 문장,ko
Lightshield Crest,라이트실드 문장,ko
Ligne de front,권투 교습,ko
Limiar da Noite,밤의 끝자락,ko
Limite da Razão,마법사의 최후,ko
Linceul d'apaisement,침묵의 장막,ko
Linceul de la congruence,저녁갑주,ko
Lineup,정렬,ko
Linh Hoạt,유연함,ko
Linh Hồn Chuộc Tội,구원의 영혼,ko
Linh Thú Vào Bếp,전략가의 주방,ko
Linie de înaltă tensiune,고전압,ko
Linterna de Thresh,쓰레쉬의 랜턴,ko
Liquidación,급매,ko
Lissandra,리산드라,ko
Listă duo,2인조,ko
Lithoplastron de gargouille,가고일 돌갑옷,ko
Lithoplastron solo,고독한 방패,ko
Litinová pánev,프라이팬,ko
Little Buddies,작은 친구들,ko
Living Forge,간이 대장간,ko
Liên Hoàn Tinh Tú,별빛 연계,ko
Llamada al caos,혼돈의 부름,ko
Llamado al Caos,혼돈의 부름,ko
Llora Todo lo que Quieras,실컷 울어봐라,ko
Locket of the Iron Solari,강철의 솔라리 펜던트,ko
Longo Prazo,장기 투자,ko
Loto Adornado,보석 연꽃,ko
Loto enjoyado,보석 연꽃,ko
Loto ingioiellato,보석 연꽃,ko
Lottatore professionista,파이트 머니,ko
Lotus cu nestemate,보석 연꽃,ko
Lotus précieux,보석 연꽃,ko
Loupež základních předmětů,조합 아이템 강탈,ko
Lourde est la couronne,왕관의 무게,ko
Lov pokladů,보물 사냥,ko
Lovagi eskü,기사의 맹세,ko
Lovcův dráp,자객의 발톱,ko
Luchador,싸움꾼,ko
Lucidité,맑은 정신,ko
Lucky Gloves,행운의 장갑,ko
Luden vihara,루덴의 폭풍,ko
Luden'in Çığlığı,루덴의 폭풍,ko
Luden's Tempest,루덴의 폭풍,ko
Ludenova bouře,루덴의 폭풍,ko
Ludens Sturm,루덴의 폭풍,ko
Luksusowa Subskrypcja,호화로운 정기 구독,ko
Lulu,룰루,ko
Lumina stelelor,별돌보미,ko
Lunch Money,점심값,ko
Lunetist,저격수,ko
Lungimiranza,미래 지향적 사고,ko
Lustrzana Osobowość,거울의 환영,ko
Lutador,싸움꾼,ko
Lutador Profissional,파이트 머니,ko
Luvas da Sorte,행운의 장갑,ko
Luvas do Ladrão,도적의 장갑,ko
Luvas do Pugilista,연습용 장갑,ko
Luvinhas,방한 장갑,ko
Luxury Subscription,호화로운 정기 구독,ko
Luxus előfizetés,호화로운 정기 구독,ko
Luxus-Abonnement,호화로운 정기 구독,ko
Luxusní předplatné,호화로운 정기 구독,ko
Lá Chắn Chiến Thuật,전략가의 방패,ko
Lábrate un camino,길을 내라,ko
Lágrima da Deusa,여신의 눈물,ko
Lágrima de la Diosa,여신의 눈물,ko
Lágrima de la diosa,여신의 눈물,ko
Lágrimas Abundantes,흐르는 눈물,ko
Lángoló kohó,간이 대장간,ko
Lâmina Amaldiçoada,저주받은 칼날,ko
Lâmina Mortal,죽음의 검,ko
Lâmina da Fúria de Guinsoo,구인수의 격노검,ko
Lâminas Fatais,치명적인 칼날,ko
Légion des trois,3단계 군단,ko
Lélek,동물특공대,ko
Lélek embléma,동물특공대 상징,ko
Lélekparancsnok,동물특공대 지휘관,ko
Léčivá oka,회복의 구,ko
Léčivé ozvěny,회복의 메아리,ko
Lò Rèn Thăng Hoa,신성한 대장간,ko
Lò Rèn Thần Thoại,휴대용 대장간,ko
Lò Rèn Tiềm Ẩn,신중한 제작,ko
Lótus Adornada,보석 연꽃,ko
Lõi Bình Minh,새벽심장,ko
Lüks Aboneliği,호화로운 정기 구독,ko
Lấy Công Bù Thủ,유리 대포,ko
Lập Đội,협력,ko
Lễ Vật Tái Chế,고철 수집가의 은총,ko
Lệ Lưu Ly,흐르는 눈물,ko
Lệch Chuẩn,반항아,ko
Lồng Đèn Của Thresh,쓰레쉬의 랜턴,ko
Lời Thề Hiệp Sĩ,기사의 맹세,ko
Lời Thề Hộ Vệ,수호자의 맹세,ko
Lựa Chọn Độc Quyền,특별 맞춤 설정,ko
M.C. Spada,B.F. 대검,ko
Ma Thuật Đan Kết,얽힌 마법,ko
Ma Trận Mã Độc,악성코드 매트릭스,ko
Mace's Will,철퇴의 의지,ko
Maceracının Pazubendi,추적자의 팔목 보호대,ko
Machadinha Infernal,지옥불 손도끼,ko
Maestro Yi,마스터 이,ko
Magasfeszültség,고전압,ko
Magasztos kaland,고귀한 모험,ko
Magia Tejida,얽힌 마법,ko
Magia entretejida,얽힌 마법,ko
Magiczny Rzut,마법 주사위,ko
Magie întrepătrunsă,얽힌 마법,ko
Magitechnická puškočepel,마법공학 총검,ko
Mailles en or,황금 드래곤,ko
Main de la justice,정의의 손길,ko
Makeshift Armor,임시변통 방어구,ko
Mal Kurtarma,재활용 쓰레기통,ko
Malandro Radiante,찬란한 장난꾸러기,ko
Maldición del Liche,리치베인,ko
Mali Tytani,꼬마 거인,ko
Malicious Monetization,악의적 수익 창출,ko
Malware Matrix,악성코드 매트릭스,ko
Malware-Matrix,악성코드 매트릭스,ko
Malwarová matice,악성코드 매트릭스,ko
Malá dárková taška,작은 꾸러미,ko
Malí kámoši,작은 친구들,ko
Mana magique,얽힌 마법,ko
Manechin de antrenament,훈련 봇,ko
Manechine animate,충돌 시험용 봇,ko
Manechinizare,훈련 봇 변환,ko
Mangual del Guerrero,타격대의 철퇴,ko
Mangual del guerrero,타격대의 철퇴,ko
Mangual do Guerreiro,타격대의 철퇴,ko
Mannequin d'entraînement,훈련 봇,ko
Mannequinification,훈련 봇 변환,ko
Mannequins de choc,충돌 시험용 봇,ko
Mano de la Justicia,정의의 손길,ko
Mano de la justicia,정의의 손길,ko
Mano della giustizia,정의의 손길,ko
Manopla Adornada,보석 건틀릿,ko
Manopla do Vazio,공허 건틀릿,ko
Manteau de Négatron,음전자 망토,ko
Manteau de la nuit,밤의 끝자락,ko
Mantello del Sole,태양불꽃 망토,ko
Mantello dello stratega,전략가의 망토,ko
Mantello di Negatron,음전자 망토,ko
Mantenerse unidos,단결된 의지,ko
Mantenha a Posição,진형 유지,ko
Manter a União,단결된 의지,ko
Mantia tacticianului,전략가의 망토,ko
Mantie Negatron,음전자 망토,ko
Mantie solară,태양불꽃 망토,ko
Manto da Imobilidade,침묵의 장막,ko
Manto de Quietud,침묵의 장막,ko
Manto del Ocaso,저녁갑주,ko
Mantén la Posición,진형 유지,ko
Maokai,마오카이,ko
Maratona de Compras,흥청망청,ko
Marauder,습격자,ko
Marauder Emblem,습격자 상징,ko
Maraudeur,습격자,ko
Marchando un doble,2만한 가치,ko
Mare și amenințătoare,거대하고 강력한,ko
Marguereep,꼬마 정령,ko
Marioneta Sombría,그림자 꼭두각시,ko
Marioneta en las sombras,그림자 꼭두각시,ko
"Marioneta, to jsem já",훈련 봇 변환,ko
Marionete das Sombras,그림자 꼭두각시,ko
Marodeur,습격자,ko
Marodeur-Emblem,습격자 상징,ko
Martalóc,습격자,ko
Martalóc embléma,습격자 상징,ko
Maruderzy,습격자,ko
Master Yi,마스터 이,ko
Masz Mój Łuk,활의 수호자,ko
Mata-Gigantes,거인 학살자,ko
Matador de Aluguel,청부 살인마,ko
Matrice,악성코드 매트릭스,ko
Matrice malware,악성코드 매트릭스,ko
Matriz de Malware,악성코드 매트릭스,ko
Matriz de malware,악성코드 매트릭스,ko
Matryca Wirusa,악성코드 매트릭스,ko
Mavi Güçlendirme,푸른 파수꾼,ko
Max Build,극대화 빌드,ko
Maximale Ausrüstung,극대화 빌드,ko
May the Fours Be With You,4가 함께하길,ko
Mazzafrusto dell'Assaltatore,타격대의 철퇴,ko
Maître Yi,마스터 이,ko
Maîtrise de l'artisanat,정교한 공예,ko
Maîtrise de l'épée de Yasuo,야스오의 검술,ko
Mała Torba z Różnościami,작은 꾸러미,ko
"Małe, Ale Zabójcze",작지만 치명적인,ko
Mech,메카,ko
Mecha,메카,ko
Mechanický urychlovač,시계태엽 윤활유,ko
Mechanikus gyorsító,시계태엽 윤활유,ko
Mechy,메카,ko
Medaglione dei Solari di ferro,강철의 솔라리 펜던트,ko
Medaglione diramante,활력증진의 펜던트,ko
Medailon stimulace,활력증진의 펜던트,ko
Medailónek železných Solari,강철의 솔라리 펜던트,ko
Medalhão Enervante,활력증진의 펜던트,ko
Medalhão dos Solari de Ferro,강철의 솔라리 펜던트,ko
Medalion stimulant,활력증진의 펜던트,ko
Medallón de los Solari,강철의 솔라리 펜던트,ko
Medallón estimulante,활력증진의 펜던트,ko
Mediator,중재자,ko
Medyum,전달자,ko
Medyum Modu,전달자 모드,ko
Meep Cực Tốc,정령단 속도,ko
Meeple,정령족,ko
Meeple Emblem,정령족 상징,ko
Meeple-Emblem,정령족 상징,ko
Meeplo,정령족,ko
Meepsie,꼬마 정령,ko
Megamecha,거대 메크 로봇,ko
Megamorfosis,대격변 생성기,ko
Megrontott vámpírjogar,타락한 흡혈의 낫,ko
Megszálló Zed,침략자 제드,ko
Megtorlás,응징,ko
Megváltó,구원자,ko
Megéri a várakozást,기다림의 미학,ko
Megújult erő,재생의 바람,ko
Meilleurs amis,단짝,ko
Mejora Roja,붉은 덩굴정령,ko
Mejora azul,푸른 파수꾼,ko
Mejora roja,붉은 덩굴정령,ko
Mejores Amigos,단짝,ko
Mejores amiguis,단짝,ko
Meka,메카,ko
Mekanik Hızlandırıcı,시계태엽 윤활유,ko
Melek Asası,고위천사의 지팡이,ko
Melhores Amigos,단짝,ko
Mellékhatások,부작용,ko
Mending Echoes,회복의 메아리,ko
Mente Despejada,맑은 정신,ko
Mente Saturada,어수선한 마음,ko
Mente Vazia,맑은 정신,ko
Mente confusa,어수선한 마음,ko
Mente despejada,맑은 정신,ko
Mente lucida,맑은 정신,ko
Mente saturada,어수선한 마음,ko
Menší Zrcadlová osobnost,하급 거울의 환영,ko
Mercure,수은,ko
Mercúrio,수은,ko
Merită așteptarea,기다림의 미학,ko
Merkezini Bul,중심 잡기,ko
Merodeador,습격자,ko
Merész húzás,위험한 행보,ko
Mesada,점심값,ko
Messa in moto,시동 걸기,ko
Mesterlövész,저격수,ko
Mesterlövész embléma,저격수 상징,ko
Meu Arco é Seu,활의 수호자,ko
Meșter de săbii,검 제작자,ko
Meșter de toiege,지팡이 제작자,ko
Mi arco a tu servicio,활의 수호자,ko
Mici titani,꼬마 거인,ko
Mici și letale,작지만 치명적인,ko
Micincik,꼬마 정령,ko
Micingil,정령족,ko
Micingil Amblemi,정령족 상징,ko
Miecz-Pistolet Hextech,마법공학 총검,ko
Miecznik,검 제작자,ko
Mieczowy Przesyt,넘치는 대검,ko
Miezul zorilor,새벽심장,ko
Migliori amici,단짝,ko
Migoczące Ostrze,명멸검,ko
Milagre de Soraka,소라카의 기적,ko
Milagro de Soraka,소라카의 기적,ko
Milio,밀리오,ko
Min-Max,최적화,ko
Min-max,최적화,ko
Mindent egyre,그냥 눌러,ko
Mini Black Hole,소형 블랙홀,ko
Mini Buco nero,소형 블랙홀,ko
Mini Czarna Dziura,소형 블랙홀,ko
Mini Kara Delik,소형 블랙홀,ko
Mini Titani,꼬마 거인,ko
Mini fekete lyuk,소형 블랙홀,ko
Mini gaură neagră,소형 블랙홀,ko
Mini trou noir,소형 블랙홀,ko
Mini černá díra,소형 블랙홀,ko
Mini-Tacticien,꼬꼬마 거인,ko
Miniagujero Negro,소형 블랙홀,ko
Miniburaco Negro,소형 블랙홀,ko
Minik Ama Ölümcül,작지만 치명적인,ko
Minik Devler,꼬마 거인,ko
Minik Dostlar,작은 친구들,ko
Minititanes,꼬마 거인,ko
Minititã,꼬꼬마 거인,ko
Minte aglomerată,어수선한 마음,ko
Minte limpede,맑은 정신,ko
Mip,정령족,ko
Mipim,꼬마 정령,ko
Miplík,정령족,ko
Mipo,정령족,ko
Mippino,꼬마 정령,ko
Mipík,꼬마 정령,ko
Mira Óptica,표적 고정 광학 장치,ko
Miracle de Soraka,소라카의 기적,ko
Miracolo di Soraka,소라카의 기적,ko
Miracolul Sorakăi,소라카의 기적,ko
Mirrored Persona,거울의 환영,ko
Misfits,반항아,ko
Misiune în acțiune,임무 재시작,ko
Miss Fortune,미스 포츈,ko
Missed Connections,연결 불가,ko
Mistr Yi,마스터 이,ko
Mitones,방한 장갑,ko
Mittens,방한 장갑,ko
Mniejsza Lustrzana Osobowość,하급 거울의 환영,ko
Mniejszy Tytan,꼬꼬마 거인,ko
Mobilidade Crescente,출세가도,ko
Mobilità aumentata,출세가도,ko
Mocný mech,거대 메크 로봇,ko
Modalità Convogliatore,전달자 모드,ko
Modalità replicante,복제자 모드,ko
Modalità sfidante,도전자 모드,ko
Mode Canalisateur,전달자 모드,ko
Mode Challenger,도전자 모드,ko
Mode Réplicateur,복제자 모드,ko
Modo Canalizador,전달자 모드,ko
Modo Conduíte,전달자 모드,ko
Modo Desafiante,도전자 모드,ko
Modo Replicador,복제자 모드,ko
Modo Retador,도전자 모드,ko
Modo conducto,전달자 모드,ko
Modo contienda,도전자 모드,ko
Modo réplica,복제자 모드,ko
Modrý buff,푸른 파수꾼,ko
Modul de competitor,도전자 모드,ko
Modul de intermediar,전달자 모드,ko
Modul de replicator,복제자 모드,ko
Mon arc est vôtre,활의 수호자,ko
Monetización Maligna,악의적 수익 창출,ko
Monetización malvada,악의적 수익 창출,ko
Monetizare ostilă,악의적 수익 창출,ko
Monetização Maliciosa,악의적 수익 창출,ko
Monetizzazione infida,악의적 수익 창출,ko
Money Hungry,돈독,ko
Money Monsoon,돈 폭풍,ko
Monsoni sonanti,돈 폭풍,ko
Monte um Amigo,친구 만들기,ko
Monzón Millonario,돈 폭풍,ko
Monzón de oro,돈 폭풍,ko
Monção Monetária,돈 폭풍,ko
Monétisation malveillante,악의적 수익 창출,ko
Mordekaiser,모데카이저,ko
Morellonomicon,모렐로노미콘,ko
Morellonomicón,모렐로노미콘,ko
Morellonomikon,모렐로노미콘,ko
Morgana,모르가나,ko
Mortaja de la quietud,저녁갑주,ko
Mosse rischiose,위험한 행보,ko
Moufles,방한 장갑,ko
Movimentos Arriscados,위험한 행보,ko
Mroczna Dama,어둠의 여인,ko
Mroczne Gwiazdy,암흑의 별,ko
Mudando de Área,가지 뻗기,ko
Muffole,방한 장갑,ko
Muhafızın Adağı,수호자의 맹세,ko
Muhteşem Meka,거대 메크 로봇,ko
Muson de bani,돈 폭풍,ko
Mutări riscante,위험한 행보,ko
Muñeco de Entrenamiento,훈련 봇,ko
Muñecos de Prueba para Choques,충돌 시험용 봇,ko
Mučedníkova ctnost,순교자의 미덕,ko
Myślenie Przyszłościowe,미래 지향적 사고,ko
Mártírerény,순교자의 미덕,ko
Másolás,복제,ko
Másoló,복제자,ko
Másoló mód,복제자 모드,ko
Máy Móc,메카,ko
Máš můj luk,활의 수호자,ko
Mâna justiției,정의의 손길,ko
Mão da Justiça,정의의 손길,ko
Médaillon d'excitation,활력증진의 펜던트,ko
Médaillon de l'Iron Solari,강철의 솔라리 펜던트,ko
Mételyékkő,역병의 보석,ko
Mínimo - Máximo,최적화,ko
Mínimo/Máximo,최적화,ko
Mírně magický hod,약간 신비한 주사위,ko
Món Quà Ngọt Ngào,달콤한 간식,ko
Móng Vuốt Sterak,스테락의 도전,ko
Móng Vuốt Ám Muội,자객의 발톱,ko
Mögen die Vier mit dir sein,4가 함께하길,ko
Mücevherli Eldiven,보석 건틀릿,ko
Mücevherli Nilüfer,보석 연꽃,ko
Müdafi,요새,ko
Müdafi Amblemi,요새 상징,ko
Mănușa Vidului,공허 건틀릿,ko
Mănușa cu nestemate,보석 건틀릿,ko
Mănuși de antrenament,연습용 장갑,ko
Mănuși norocoase,행운의 장갑,ko
Mănuși strașnice,방한 장갑,ko
Mănușile tâlharului,도적의 장갑,ko
Mărimea contează,크기의 중요성,ko
Mũ Phù Thủy Rabadon,라바돈의 죽음모자,ko
Mũ Thích Nghi,적응형 투구,ko
Mũ Tử Thần,더욱 치명적인 모자,ko
"Một Bùa, Hai Bùa",붉고 푸른 효과,ko
Một Hai Ba,"하나, 둘, 셋",ko
"Một, Hai, Năm!","하나, 둘, 다섯!",ko
Mở Lối,길을 내라,ko
N.O.V.A,N.O.V.A.,ko
N.O.V.A.,N.O.V.A.,ko
N.O.V.A. Amblemi,N.O.V.A. 상징,ko
N.O.V.A. Emblem,N.O.V.A. 상징,ko
N.O.V.A. embléma,N.O.V.A. 상징,ko
N.O.V.A.-Emblem,N.O.V.A. 상징,ko
N.O.V.A.の紋章,N.O.V.A. 상징,ko
N.O.V.A.徽章,N.O.V.A. 상징,ko
NHẮM MẮT CHƠI BỪA,단일 조합 사수,ko
NO SCOUT NO PIVOT,단일 조합 사수,ko
Na velikosti záleží,크기의 중요성,ko
Nach dem Himmel greifen,저 별을 향해,ko
Nada Się,다 쓸 데가 있다니까,ko
Nagy zsákbamacska,큰 꾸러미,ko
Nagy ölelés I.,단체 포옹,ko
Najdi své těžiště,중심 잡기,ko
Najeźdźca Zed,침략자 제드,ko
Najlepsi Przyjaciele,단짝,ko
Nami,나미,ko
Nanh Nashor,내셔의 이빨,ko
Naptűz köpeny,태양불꽃 망토,ko
Naptűz tábla,태양불꽃판,ko
Naramiennik Poszukiwacza,추적자의 팔목 보호대,ko
Narozeninové setkání,생일 모임,ko
Narratív védelem,주인공 버프,ko
Narušitel Zed,침략자 제드,ko
Nashor foga,내셔의 이빨,ko
Nashor's Tooth,내셔의 이빨,ko
Nashor'un Dişi,내셔의 이빨,ko
Nashors Zahn,내셔의 이빨,ko
Nashorův tesák,내셔의 이빨,ko
Nasus,나서스,ko
Naszyjnik Żelaznych Solari,강철의 솔라리 펜던트,ko
Nawałnica Luden,루덴의 폭풍,ko
Ne Pahasına?,응당한 대가,ko
Nebenwirkungen,부작용,ko
Needlessly Large Rod,쓸데없이 큰 지팡이,ko
Negatron Cloak,음전자 망토,ko
Negatron Pelerini,음전자 망토,ko
Negatron palást,음전자 망토,ko
Negatron-Mantel,음전자 망토,ko
Negatronový plášť,음전자 망토,ko
Nehéz a korona,왕관의 무게,ko
Nejlepší přátelé,단짝,ko
Nejtitěrnější titán,꼬꼬마 거인,ko
Nekonečné zoufalství,끝없는 절망,ko
Nenasytnost,돈독,ko
Neodvolatelná volba,극진한 헌신,ko
Neopotřebovaný,최신상,ko
Neue Stufe!,레벨 업!,ko
Neuer Rekrut,신병,ko
Nevybíravý zabiják,무차별적 살인자,ko
New Recruit,신병,ko
Nezdolný,생존자,ko
Nezdolný,불굴,ko
Nezlomné srdce,굳건한 심장,ko
Neînduplecare,불굴,ko
Nghĩ Về Tương Lai,미래 지향적 사고,ko
Người Bạn Vàng,동료 제작,ko
Người Đá,골렘,ko
Ngọn Giáo Shojin,쇼진의 창,ko
Ngọn Gió Thứ Hai,재생의 바람,ko
Nhà Máy Tái Chế,재활용 쓰레기통,ko
Nhân Bản,복제자,ko
Nhân Bản,복제,ko
Nhất Thống,단결된 의지,ko
Nhỏ Mà Có Võ,작지만 치명적인,ko
Những Người Bạn Nhỏ,작은 친구들,ko
Nicht nachlassen,진형 유지,ko
Niebieskie Wzmocnienie,푸른 파수꾼,ko
Niech Czwórki Będą z Tobą,4가 함께하길,ko
Nieprzerwane Przywołanie,연속 주문 사용,ko
Nieskończona Rozpacz,끝없는 절망,ko
Niezłomne Serce,굳건한 심장,ko
Niezłomność,불굴,ko
Niveau supérieur !,레벨 업!,ko
Niveles en solitario,나 혼자 레벨업,ko
Nivelul următor!,레벨 업!,ko
Ničitel času,시간 균열자,ko
Nişancı Yayı,곡궁,ko
No nos Separamos,하나로 뭉치는 거지,ko
Non proprio inutile,다 쓸 데가 있다니까,ko
Nos mantenemos unidos,하나로 뭉치는 거지,ko
Notfallbögen,예비 활,ko
Nouveau départ,임무 재시작,ko
Nouvelle recrue,신병,ko
Nouzová,마법사의 최후,ko
Novo Nível!,레벨 업!,ko
Novo Recruta,신병,ko
Novo de Fábrica,최신상,ko
Nová úroveň!,레벨 업!,ko
Nový rekrut,신병,ko
Nowy Rekrut,신병,ko
Nucleo dell'alba,새벽심장,ko
Nuevecito,최신상,ko
Nuevo Recluta,신병,ko
Nuevo de Fábrica,최신상,ko
Nuevo recluta,신병,ko
Nunu & Willump,누누와 윌럼프,ko
Nunu a Willump,누누와 윌럼프,ko
Nunu e Willump,누누와 윌럼프,ko
Nunu et Willump,누누와 윌럼프,ko
Nunu i Willump,누누와 윌럼프,ko
Nunu ve Willump,누누와 윌럼프,ko
Nunu y Willump,누누와 윌럼프,ko
Nunu és Willump,누누와 윌럼프,ko
Nunu și Willump,누누와 윌럼프,ko
Nuova recluta,신병,ko
Nuovo di zecca,최신상,ko
NÃO PIVOTO,단일 조합 사수,ko
NÉ ESPLORATORE NÉ STRATEGA,단일 조합 사수,ko
Nájemný zabiják,청부 살인마,ko
Nákupní horečka,흥청망청,ko
Nálož atributů!,엄청나게 이로운 효과!,ko
Nástup,정렬,ko
Nâng Tầm Uy Lực,증강된 힘,ko
Négységben az erő,4후지원,ko
Núcleo Comercial,거래 중심지,ko
Núcleo comercial,거래 중심지,ko
Núcleo de Negócios,거래 중심지,ko
Născut înțelept,은수저,ko
Nước Cappa,카파 주스,ko
Nước Mắt Nữ Thần,여신의 눈물,ko
Nước Đi Liều Lĩnh,위험한 행보,ko
Nếm Mùi Lửa,땔감 제공,ko
Nỏ Sét,이온 충격기,ko
O Big Bang,빅뱅,ko
O Ovo Dourado,황금 알,ko
O aventură triumfătoare,고귀한 모험,ko
Obchodní sektor,교환의 장,ko
Obiectele Pandorei,판도라의 아이템,ko
Objetivización de práctica,훈련 봇 변환,ko
Objetivo de práctica,훈련 봇,ko
Objetos de Pandora,판도라의 아이템,ko
Objets blindés,달콤한 간식,ko
Objets de Pandore,판도라의 아이템,ko
Oblicze Ducha,정령의 형상,ko
Obracečka,뒤집개,ko
Obrońca Korony,크라운가드,ko
Obrońcy,선봉대,ko
Obrův opasek,거인의 허리띠,ko
Obserwatorzy Gwiazd,별돌보미,ko
Obsesia lui Varus,바루스의 집착,ko
Obsesión de Varus,바루스의 집착,ko
Obsesja Varusa,바루스의 집착,ko
Obsession de Varus,바루스의 집착,ko
Obsessão de Varus,바루스의 집착,ko
Obstinación,단일 조합 사수,ko
Obstination,단일 조합 사수,ko
Obumarły Relikt,해진 유물,ko
Obyczajówka,일상물,ko
Ocalały,생존자,ko
Ocağı Harla,신중한 제작,ko
Ochrana nekonečna,무한한 보호,ko
Ochranný val,보루,ko
Ochrona Nieskończoności,무한한 보호,ko
Ochráncův slib,수호자의 맹세,ko
Ociosidade,자리 비움,ko
Oczekiwane Nieoczekiwanie,예상된 예상 밖의 결과,ko
Océan de larmes,실컷 울어봐라,ko
Odaklı Ateş,화력 집중,ko
Odkupiciel,구원자,ko
Odkupienie,응징,ko
Odnajdź Równowagę,중심 잡기,ko
Odolná dvojka,쌍두마차,ko
Odpadlík,불한당,ko
Odplata,응징,ko
Odražení ode dna,역전의 서막,ko
Odrzutki,반항아,ko
Odstřelovač,저격수,ko
Odświeżanie na Zapas,새로고침의 날,ko
Oferenda de Sangue,피의 공물,ko
Offrande sanguinaire,피의 공물,ko
Ofiara z Krwi,피의 공물,ko
Ofrandă de sânge,피의 공물,ko
Ofrenda de Sangre,피의 공물,ko
Ofrenda de sangre,피의 공물,ko
Oggetti di Pandora,판도라의 아이템,ko
Ognista Armata,고속 연사포,ko
Ohnivý výprodej,급매,ko
Okos költekezés,현명한 소비,ko
On a Roll,승승장구,ko
Onda Espacial,우주 그루브,ko
Onda espacial,우주 그루브,ko
"One Buff, Two Buff",붉고 푸른 효과,ko
One Two Three,"하나, 둘, 셋",ko
"One, Two, Five!","하나, 둘, 다섯!",ko
Onoarea războinicului,대장군의 명예,ko
Opatrovníkův spojenec,수호자의 친구,ko
Oprýskaná relikvie,해진 유물,ko
Optică de fixare a țintei,표적 고정 광학 장치,ko
Optimisation optimisée,증강된 힘,ko
Optique de verrouillage,표적 고정 광학 장치,ko
Optyka Namierzająca,표적 고정 광학 장치,ko
Optymalnie,최적화,ko
Opóźniona Kuźnia,신중한 제작,ko
Oracle,예언자,ko
Oracol,예언자,ko
Oracolo,예언자,ko
Orakel,예언자,ko
Orbes Curativos,회복의 구,ko
Orbes curativos,회복의 구,ko
Orbes de curación,회복의 구,ko
Orbes de soins,회복의 구,ko
Ornn,오른,ko
Oráculo,예언자,ko
Osiłki,싸움꾼,ko
Ossessione di Varus,바루스의 집착,ko
Ostatni Szept,최후의 속삭임,ko
Ostnatá vesta,덤불 조끼,ko
Ostoja,보루,ko
Ostrze Gniewu Guinsoo,구인수의 격노검,ko
Ostrze Nieskończoności,무한의 대검,ko
Ostrze Nocy,밤의 끝자락,ko
Ostrze Śmierci,죽음의 검,ko
Ostří nekonečna,무한의 대검,ko
Otimização,최적화,ko
Otisk duše,정령의 형상,ko
Ottica a puntamento assistito,표적 고정 광학 장치,ko
Oul de aur,황금 알,ko
Očekávaná neočekávanost,예상된 예상 밖의 결과,ko
Oštěp Šódžinu,쇼진의 창,ko
Oțel aurit,도금 강철,ko
P'tits titans,꼬마 거인,ko
Pacchetto di aiuti,선물 꾸러미,ko
Pachet de amplificare,부스터 팩,ko
Pachet de îngrijire,선물 꾸러미,ko
Paciencia de Ekko,에코의 인내,ko
Paciência de Ekko,에코의 인내,ko
Pacote de Reforço,부스터 팩,ko
Pacote de Suprimentos,선물 꾸러미,ko
Pact etern,영원한 서약,ko
Pacte éternel,영원한 서약,ko
Pacto Eterno,영원한 서약,ko
Pacto eterno,영원한 서약,ko
Paczka Wsparcia,선물 꾸러미,ko
Padella,프라이팬,ko
Paff!,꽁!,ko
Palier 1,연결 불가,ko
Palčáky,방한 장갑,ko
Panca di Pandora,판도라의 대기석,ko
Panda de ladrones,도둑 무리,ko
Panda de ladrones II,도둑 무리 II,ko
Pandora kispadja,판도라의 대기석,ko
Pandora tárgyai II.,판도라의 아이템,ko
Pandora'nın Eşyaları,판도라의 아이템,ko
Pandora'nın Yedekleri,판도라의 대기석,ko
Pandora's Bench,판도라의 대기석,ko
Pandora's Items,판도라의 아이템,ko
Pandoras Bank,판도라의 대기석,ko
Pandoras Gegenstände,판도라의 아이템,ko
Pandořina střídačka,판도라의 대기석,ko
Pandořiny předměty,판도라의 아이템,ko
Pantheon,판테온,ko
Panzerwalküre,기동총격여신,ko
Paquete de Cuidados,선물 꾸러미,ko
Paquete de Mejora,부스터 팩,ko
Paquete de mejora,부스터 팩,ko
Par ici l'XP,은수저,ko
Parabraccia del cercatore,추적자의 팔목 보호대,ko
Paragöz,돈독,ko
Parancsnok,지휘관,ko
Parceria,협력,ko
Pariu de aur,경품 추첨,ko
Pariu pe viitor,장기 투자,ko
Pariul lui Urf,우르프의 갬빗,ko
Parlakpul Özü,빛비늘 정수,ko
Partage emblématique,하나로 뭉치는 거지,ko
Parti Patisi,파티광,ko
Partial Ascension,불완전한 초월,ko
Partiállat,파티광,ko
Party Animal,파티광,ko
Partytiger,파티광,ko
Pas Giganta,거인의 허리띠,ko
Pas le choix,응당한 대가,ko
Pasowy Przesyt,넘치는 허리띠,ko
Pasterze,길잡이,ko
Pastor,길잡이,ko
Pastore,길잡이,ko
Pastýř,길잡이,ko
Patelnia,프라이팬,ko
Patience,오라 축적,ko
Patience d'Ekko,에코의 인내,ko
Patience is a Virtue,참는 자에게 복을,ko
Patient Study,끈질긴 연구,ko
Patientenstudie,끈질긴 연구,ko
Patru de partea ta,4가 함께하길,ko
Patto eterno,영원한 서약,ko
Pavois,보루,ko
Pazienza di Ekko,에코의 인내,ko
Pařmen,파티광,ko
Pe val,승승장구,ko
Pedeapsă,응징,ko
Pegno di Sterak,스테락의 도전,ko
Pegno di sangue,피의 대가,ko
Peleador,싸움꾼,ko
Peleryna Taktyka,전략가의 망토,ko
Pensamiento progresista,미래 지향적 사고,ko
Pensando no Futuro,미래 지향적 사고,ko
Pensar a Futuro,미래 지향적 사고,ko
Peníze na oběd,점심값,ko
"Pequenas, Mas Letais",작지만 치명적인,ko
Pequenos Titãs,꼬마 거인,ko
Pequeño Titán,꼬꼬마 거인,ko
Pequeño pero mortífero,작지만 치명적인,ko
Pequeños pero matones,작지만 치명적인,ko
Perdición del liche,리치베인,ko
Perdite calcolate,계산된 패배,ko
Perdição de Lich,리치베인,ko
Pergamino ligeramente mágico,약간 신비한 주사위,ko
Pergamino mágico,마법 주사위,ko
Persona Espelhada,거울의 환영,ko
Persona Espelhada Inferior,하급 거울의 환영,ko
Persona en Espejo,거울의 환영,ko
Persona en Espejo menor,하급 거울의 환영,ko
Personalitate în oglindă,거울의 환영,ko
Personalitate în oglindă minoră,하급 거울의 환영,ko
Personalità speculare,거울의 환영,ko
Personalità speculare minore,하급 거울의 환영,ko
Personalización exclusiva,특별 맞춤 설정,ko
Personalizare exclusivă,특별 맞춤 설정,ko
Personalização Exclusiva,특별 맞춤 설정,ko
Personalizzazione esclusiva,특별 맞춤 설정,ko
Personnalité miroir,거울의 환영,ko
Personnalité miroir mineure,하급 거울의 환영,ko
Perszónatükör,거울의 환영,ko
Pesada es la Corona,왕관의 무게,ko
Pesada é a Coroa,왕관의 무게,ko
Pesante è la corona,왕관의 무게,ko
Pescando cumplidos,오라 축적,ko
Pesimist,파멸자,ko
Pestjuwel,역병의 보석,ko
Pestrá sebranka,반항아,ko
Petit sac de butin,작은 꾸러미,ko
Petits mais costauds,작지만 치명적인,ko
Petrecăreț,파티광,ko
Pevná linie,진형 유지,ko
Pevné opasky,넘치는 허리띠,ko
Pečlivé ladění,최적화,ko
Pfannenwender,뒤집개,ko
Phi Vụ Trang Bị,조합 아이템 강탈,ko
Phong Kiếm,서풍,ko
Pháo Xương Cá,생선대가리,ko
Phân Nhánh,가지 뻗기,ko
Phép Màu Của Soraka,소라카의 기적,ko
Phóng Hỏa,태양불꽃판,ko
Phản Ứng Phụ,부작용,ko
"Piccole, ma letali",작지만 치명적인,ko
Piccoli alleati,작은 친구들,ko
Piekielny Toporek,지옥불 손도끼,ko
Pieniążki na Obiad,점심값,ko
Pierdere calculată,계산된 패배,ko
Pile ou face,경품 추첨,ko
Pilfer,슬쩍하기,ko
Pillín radiante,찬란한 장난꾸러기,ko
Pioggia di statistiche!,엄청나게 이로운 효과!,ko
Pistola Laminar Hextec,마법공학 총검,ko
Pistola a lame hextech,마법공학 총검,ko
Pistolame Hextech,마법공학 총검,ko
Pisztolyistennő,기동총격여신,ko
Placa Gargolítica,가고일 돌갑옷,ko
Placa Solo,고독한 방패,ko
Plan de viitor,미래 지향적 사고,ko
Plancia del Sole,태양불꽃판,ko
Planlı Mağlubiyet,계산된 패배,ko
Plano de Línea Trasera,후방 설계도,ko
Plano de retaguardia,후방 설계도,ko
Plateau solaire,태양불꽃판,ko
Platoșa garguiului,가고일 돌갑옷,ko
Platoșă unică,고독한 방패,ko
Plecat de la tastatură,자리 비움,ko
Plemienna Zbroja,워모그의 갑옷,ko
Plocha slunečního žáru,태양불꽃판,ko
Plot Armor,주인공 버프,ko
Pluie d'argent,돈 폭풍,ko
Plán pro zadní řadu,후방 설계도,ko
Plášť slunečního žáru,태양불꽃 망토,ko
Po Prostu Traf,그냥 눌러,ko
Pocalul puterii,힘의 성배,ko
Podatek Poznawczy,인지세,ko
Podejrzany Płaszcz,수상한 외투,ko
Poder Aprimorado,증강된 힘,ko
Poder Mejorado,증강된 힘,ko
Poder mejorado,증강된 힘,ko
Poderoso Mech,거대 메크 로봇,ko
Podezřelý pršiplášť,수상한 외투,ko
Podpůrný implantát,공감 임플란트,ko
Podróżnicy,여행자,ko
Podstawy Boksu,권투 교습,ko
Podsycenie Płomieni,땔감 제공,ko
Podwójna Wytrzymałość,쌍두마차,ko
Podziel Się Uwagą Yasuo,야스오의 스포트라이트 공유,ko
Pofuduk Eldiven,방한 장갑,ko
Pogromca Olbrzymów,거인 학살자,ko
Pohodový život,일상물,ko
Pohár moci,힘의 성배,ko
Poignard de Statikk,스태틱의 단검,ko
Poiscaille,생선대가리,ko
Pojemnik na Złom,재활용 쓰레기통,ko
Pokoli csatabárd,지옥불 손도끼,ko
Pokročilá půjčka,대출 선지급,ko
Polovodič,반도체,ko
Polowanie na Skarb,보물 사냥,ko
Poppy,뽀삐,ko
Porcelanowe Działo,유리 대포,ko
Pornire rapidă,시동 걸기,ko
Porque yo lo valgo,다 쓸 데가 있다니까,ko
Portable Forge,휴대용 대장간,ko
Portail de Zz'Rot,즈롯 차원문,ko
Portal Zz'Rot,즈롯 차원문,ko
Portal Zz'rot,즈롯 차원문,ko
Portal de Zz'Rot,즈롯 차원문,ko
Portale Zz'Rot,즈롯 차원문,ko
Portál Zz'Rotu,즈롯 차원문,ko
Posición defensiva,진형 유지,ko
Posilovací balíček,부스터 팩,ko
Poslední zašeptání,최후의 속삭임,ko
Postav si kámoše,친구 만들기,ko
Posępny Herold Zeke'a,지크의 음산한 전령,ko
Potere dell'Impianto,증강된 힘,ko
Potok slz,실컷 울어봐라,ko
Potężny Mech,거대 메크 로봇,ko
Poutník,여행자,ko
Povara coroanei,왕관의 무게,ko
Povestea revenirii,역전의 서막,ko
Pozlacená ocel,도금 강철,ko
Poznawcze Przeciążenie,인지 과부하,ko
Poznaș radiant,찬란한 장난꾸러기,ko
Pozłacana Stal,도금 강철,ko
Poêle à frire,프라이팬,ko
Požehnaný bohy,신의 축복,ko
Prapůvodní,태고족,ko
Precio Sangriento,피의 대가,ko
Precio sangriento,피의 대가,ko
Precisión infalible,지평선의 초점,ko
Predone,습격자,ko
Preiskämpfer,파이트 머니,ko
Première ligne,정렬,ko
Presente de Aniversário,생일 선물,ko
Preservador de Biomateria,유기물 보존기,ko
Preservador de Biomatéria,유기물 보존기,ko
Preservador de biomateria,유기물 보존기,ko
Pretendenci,도전자,ko
Prevalere,성취,ko
Prezent Urodzinowy,생일 선물,ko
Preço em Sangue,피의 대가,ko
Prețul sângelui,피의 대가,ko
Prieteni micuți,작은 친구들,ko
Primeras Lecciones,조기 교육,ko
Primi insegnamenti,조기 교육,ko
Primordia'lı,태고족,ko
Primordia'lı Amblemi,태고족 상징,ko
Primordiai,태고족,ko
Primordiai embléma,태고족 상징,ko
Primordian,태고족,ko
Primordian Emblem,태고족 상징,ko
Primordianer,태고족,ko
Primordianer-Emblem,태고족 상징,ko
Primordianie,태고족,ko
Primordiano,태고족,ko
Primordien,태고족,ko
Prismatic Ticket,프리즘 티켓,ko
Prismatisches Ticket,프리즘 티켓,ko
Prizefighter,파이트 머니,ko
Prizmatik Bilet,프리즘 티켓,ko
Proaspăt fabricat,최신상,ko
Probuzení duše,영혼 각성,ko
Progresión en el juego tardío,후반 성장,ko
Progresión final,후반 성장,ko
Projeto da Retaguarda,후방 설계도,ko
Prokletá koruna,저주받은 왕관,ko
Prokleté ostří,저주받은 칼날,ko
Promesa de caballero,기사의 맹세,ko
Promesa del Caballero,기사의 맹세,ko
Promesa del protector,수호자의 맹세,ko
Promoção de Cintos,넘치는 허리띠,ko
Promoção de Espadas,넘치는 대검,ko
Promoção de Varinhas,넘치는 지팡이,ko
Promyšlená prohra,계산된 패배,ko
Prosekání cesty,길을 내라,ko
Prostředník,전달자,ko
Protagonista Nigdy Nie Umiera,주인공 버프,ko
Protección del Infinito,무한한 보호,ko
Protección en solitario,고독한 방패,ko
Protección infinita,무한한 보호,ko
Protection infinie,무한한 보호,ko
Protector pétreo de gárgola,가고일 돌갑옷,ko
Protector's Vow,수호자의 맹세,ko
Protecția infinitului,무한한 보호,ko
Protecție universală,주인공 버프,ko
Protezione di trama,주인공 버프,ko
Protezione infinita,무한한 보호,ko
Proteção Imutável,저녁갑주,ko
Proteção do Infinito,무한한 보호,ko
Protège-bras du savant,추적자의 팔목 보호대,ko
Provisiones,선물 꾸러미,ko
Provizorní zbroj,임시변통 방어구,ko
Prowler's Claw,자객의 발톱,ko
Prozíravost,미래 지향적 사고,ko
Pryzmatyczny Bilet,프리즘 티켓,ko
Przebudzenie Duszy,영혼 각성,ko
Przedmioty Pandory,판도라의 아이템,ko
Przekaźnik,전달자,ko
Przeklęta Korona,저주받은 왕관,ko
Przeklęte Ostrze,저주받은 칼날,ko
Przeniesienie Ładunku,전하 이동,ko
Przenośna Kuźnia,휴대용 대장간,ko
Przodownicy Składu,정렬,ko
Przysięga Rycerska,기사의 맹세,ko
Préstamo Anticipado,대출 선지급,ko
Préstamo avanzado,대출 선지급,ko
Prêt anticipé,대출 선지급,ko
Prędkość Meepa,정령단 속도,ko
Psionic,초능력,ko
Psionic Emblem,초능력 상징,ko
Psionico,초능력,ko
Psioniczni,초능력,ko
Psionik,초능력,ko
Psionik Amblemi,초능력 상징,ko
Psionique,초능력,ko
Psionisch,초능력,ko
Psionisch-Emblem,초능력 상징,ko
Psiónico,초능력,ko
Psiônico,초능력,ko
Pszionikus,초능력,ko
Pszionikus embléma,초능력 상징,ko
Puchar Potęgi,힘의 성배,ko
Pugnale di Statikk,스태틱의 단검,ko
Puissance 4,4후지원,ko
Pulsar sombre,암흑의 별,ko
Punguța lui Urf,우르프의 꾸러미,ko
Punguță cu obiecte surpriză,아이템 꾸러미,ko
Punguță eroică,영웅 꾸러미,ko
Punguță mare,큰 꾸러미,ko
Punguță mică,작은 꾸러미,ko
Puppifizierung,훈련 봇 변환,ko
Putere augmentată,증강된 힘,ko
"Puternic, dar fragil",유리 대포,ko
Puñal de Statikk,스태틱의 단검,ko
Pușcă cu baionetă hextech,마법공학 총검,ko
Pyke,파이크,ko
Pálcaszállítmány,넘치는 지팡이,ko
Páros várólista,2인조,ko
Pásztor,길잡이,ko
Pásztor embléma,길잡이 상징,ko
Pénzes persely,예금 계좌,ko
Pénzmonszun,돈 폭풍,ko
Pénzéhes,돈독,ko
Pérdida Calculada,계산된 패배,ko
Pérdida calculada,계산된 패배,ko
Pícaro,불한당,ko
Półprzewodnik,반도체,ko
Pălăria malefică a lui Rabadon,라바돈의 죽음모자,ko
Pălării mai letale,더욱 치명적인 모자,ko
Păpușa din umbră,그림자 꼭두각시,ko
Păstor,길잡이,ko
Pěstnice Prázdnoty,공허 건틀릿,ko
Płaszcz Negacji,음전자 망토,ko
Płynące Łzy,흐르는 눈물,ko
Přebytek holí,넘치는 지팡이,ko
Přebytek mečů,넘치는 대검,ko
Předplacená služba,구독 서비스,ko
Předvoj,선봉대,ko
Přelom noci,밤의 끝자락,ko
Přenos náboje,전하 이동,ko
Přenosná kovárna,휴대용 대장간,ko
Přizpůsobivá přilba,적응형 투구,ko
Přízračná šavle,망령 해적검,ko
Quang Lân Tiểu Yêu,찬란한 장난꾸러기,ko
Quatre cents coups,4가 함께하길,ko
Quay Trúng Thưởng,약간 신비한 주사위,ko
Que los Cuatros te Acompañen,4가 함께하길,ko
Que los cuatros te acompañen,4가 함께하길,ko
Que os Quatros Estejam com Você,4가 함께하길,ko
Quecksilber,수은,ko
Quem Espera Sempre Alcança,참는 자에게 복을,ko
Question de taille,크기의 중요성,ko
Quicksilver,수은,ko
Quyền Năng Khổng Lồ,거인의 결의,ko
Quyền Trượng Thiên Thần,대천사의 지팡이,ko
Quyền Trượng Thánh Quang,순교자의 미덕,ko
Quà Sinh Nhật,생일 선물,ko
Quá Tải Tư Duy,인지 과부하,ko
Quân Đoàn 3 Sao,3단계 군단,ko
Quỷ Thư Morello,모렐로노미콘,ko
Quỹ Phòng Hộ,헤지 펀드,ko
Rabadon halálsüvege,라바돈의 죽음모자,ko
Rabadon's Deathcap,라바돈의 죽음모자,ko
Rabadon'un Şapkası,라바돈의 죽음모자,ko
Rabadons Todeshaube,라바돈의 죽음모자,ko
Rabadonův smrtící klobouk,라바돈의 죽음모자,ko
Raccolta differenziata,재활용 쓰레기통,ko
Radiant Rascal,찬란한 장난꾸러기,ko
Radici diffuse,뻗어가는 뿌리,ko
Raffinierte Herstellung,정교한 공예,ko
Rakeťák,생선대가리,ko
Ramificación,가지 뻗기,ko
Ramificare,가지 뻗기,ko
Ramię w Ramię,하나로 뭉치는 거지,ko
Rammus,람머스,ko
Rapid Firecannon,고속 연사포,ko
Rappresaglia,응징,ko
Rasga-tempo,시간 균열자,ko
Raufbold,싸움꾼,ko
Raufbold-Emblem,싸움꾼 상징,ko
Ravitaillement,선물 꾸러미,ko
"Raz, Dwa, Pięć!","하나, 둘, 다섯!",ko
"Raz, Dwa, Trzy","하나, 둘, 셋",ko
"Raz, dva, pět!","하나, 둘, 다섯!",ko
Raíces Propagadoras,뻗어가는 뿌리,ko
Raíces expansivas,뻗어가는 뿌리,ko
Raízes Alastradas,뻗어가는 뿌리,ko
Rdzeń Handlu,거래 중심지,ko
Rdzeń Świtu,새벽심장,ko
Reach for the Stars,저 별을 향해,ko
Rebel,불한당,ko
Rebelle,불한당,ko
Recombobulador,대격변 생성기,ko
Recombobulateur,대격변 생성기,ko
Recombobulator,대격변 생성기,ko
Recomeçar Missão,임무 재시작,ko
Recomeço Cósmico,우주적 재시작,ko
Recrut nou,신병,ko
Recursos de Ferro,유용한 금속,ko
Recursos de Hierro,유용한 금속,ko
Recursos de hierro,유용한 금속,ko
Recurve Bow,곡궁,ko
Recyclingtonne,재활용 쓰레기통,ko
Recyklátor,재활용 쓰레기통,ko
Red Buff,붉은 덩굴정령,ko
Redeemer,구원자,ko
Redentor,구원자,ko
Redentora,구원자,ko
Redentore,구원자,ko
Reducere fulger,급매,ko
Reflexní luk,곡궁,ko
Reflexíj,곡궁,ko
Regalo de cumpleaños,생일 선물,ko
Regalo di compleanno,생일 선물,ko
Regiaguardia,크라운가드,ko
ReinFOURcement,4후지원,ko
Reiniciar Misión,임무 재시작,ko
Reinicio Cósmico,우주적 재시작,ko
Reinicio cósmico,우주적 재시작,ko
Reinicio de misión,임무 재시작,ko
Rek'Sai,렉사이,ko
Rekombinator,대격변 생성기,ko
Rekombobulator,대격변 생성기,ko
Rekombobulátor,대격변 생성기,ko
Rekursivbogen,곡궁,ko
Relances régulières,거래 중심지,ko
Relances épiques,서사적 새로고침,ko
Relances étoilées,승승장구,ko
Relato de un regreso,역전의 서막,ko
Relicario Enervante,활력증진의 펜던트,ko
Relicario de los Solari de Hierro,강철의 솔라리 펜던트,ko
Relicva ofilită,해진 유물,ko
Relique flétrie,해진 유물,ko
Reliquia Marchita,해진 유물,ko
Reliquia appassita,해진 유물,ko
Reliquia marchita,해진 유물,ko
Relíquia Definhada,해진 유물,ko
Rendelkezz az íjammal,활의 수호자,ko
Repaire du baron,남작의 소굴,ko
Replica,복제,ko
Replicador,복제자,ko
Replicante,복제자,ko
Replication,복제,ko
Replicator,복제자,ko
Replicator Mode,복제자 모드,ko
Replicação,복제,ko
Replikace,복제,ko
Replikacja,복제,ko
Replikacı,복제자,ko
Replikacı Modu,복제자 모드,ko
Replikator,복제자,ko
Replikator-Modus,복제자 모드,ko
Replikatorzy,복제자,ko
Replikační režim,복제자 모드,ko
Replikátor,복제자,ko
Repornire cosmică,우주적 재시작,ko
Reproducere,복제,ko
Rerroleo Épico,서사적 새로고침,ko
Reserva de Pandora,판도라의 대기석,ko
Resolución titánica,거인의 결의,ko
Restart Misji,임무 재시작,ko
Restart Mission,임무 재시작,ko
Restartování mise,임무 재시작,ko
Restiamo uniti,하나로 뭉치는 거지,ko
Retador,도전자,ko
Retribución,응징,ko
Retribution,응징,ko
Reuniune aniversară,생일 모임,ko
Reunión cumpleañera,생일 모임,ko
Reunión de Cumpleaños,생일 모임,ko
Reviravolta,역전의 서막,ko
Rezistența din prima linie,진형 유지,ko
Reîncărcare relativ magică,약간 신비한 주사위,ko
Reîncărcări epice,서사적 새로고침,ko
Reîncărcări la grămadă,새로고침의 날,ko
Režim Prostředník,전달자 모드,ko
Rhaast,라아스트,ko
Riavvia missione,임무 재시작,ko
Riavvio cosmico,우주적 재시작,ko
Ribalta condivisa di Yasuo,야스오의 스포트라이트 공유,ko
Richiamo al caos,혼돈의 부름,ko
Ricombussolatore,대격변 생성기,ko
Riesenschlächter,거인 학살자,ko
Riesenschwert,B.F. 대검,ko
Rift Scuttler,협곡 바위 게,ko
Risikofonds,헤지 펀드,ko
Riskante Aktionen,위험한 행보,ko
Riskantní tah,위험한 행보,ko
Risky Moves,위험한 행보,ko
Risorse ferrose,유용한 금속,ko
Risveglio dell'anima,영혼 각성,ko
Ritmo Spaziale,우주 그루브,ko
Ritrovo di compleanno,생일 모임,ko
Ritterschwur,기사의 맹세,ko
Riven,리븐,ko
Robbanásszerű fejlődés,폭발적인 성장,ko
Robo de componentes,조합 아이템 강탈,ko
Robot,거대 메크 로봇,ko
Robotul Mecha impunător,거대 메크 로봇,ko
Rogue,불한당,ko
Rogue Emblem,불한당 상징,ko
Rolling For Days,새로고침의 날,ko
Rolling for Days,새로고침의 날,ko
Rolo Compressor,승승장구,ko
Rompetiempo,시간 균열자,ko
Rostro espiritual,정령의 형상,ko
Roter Buff,붉은 덩굴정령,ko
Roubo de Componentes,조합 아이템 강탈,ko
Rouška nehybnosti,침묵의 장막,ko
Rozgałęzienie,가지 뻗기,ko
Rozmiar Ma Znaczenie,크기의 중요성,ko
Rozruch,시동 걸기,ko
Rozrůstání kořenů,뻗어가는 뿌리,ko
Rozsądne Wydatki,현명한 소비,ko
Rozvětvení,가지 뻗기,ko
Rtuť,수은,ko
Ruf des Chaos,혼돈의 부름,ko
Rufián Radiante,찬란한 장난꾸러기,ko
Rugalmas,유연함,ko
Ruh Gömleği,정령의 형상,ko
Ruh Uyanışı,영혼 각성,ko
Ruka spravedlnosti,정의의 손길,ko
Rukavice pro štěstí,행운의 장갑,ko
Rváč,싸움꾼,ko
Rybeńka,생선대가리,ko
Rychlopalné ohnivé dělo,고속 연사포,ko
Rychlý dvojzářez,재빠른 더블 킬,ko
Rychlý start,시동 걸기,ko
Rytířský slib,기사의 맹세,ko
Ryzykowne Posunięcia,위험한 행보,ko
Rzeka Łez,실컷 울어봐라,ko
Récompenses de guerre,출정,ko
Rédempteur,구원자,ko
Réinitialisation cosmique,우주적 재시작,ko
Réplica,복제,ko
Réplicateur,복제자,ko
Résistance acharnée,주인공 버프,ko
Részleges Felemelkedés,불완전한 초월,ko
Réunion d'anniversaire,생일 모임,ko
Rìu Hỏa Ngục,지옥불 손도끼,ko
Rìu Đại Mãng Xà,거대한 히드라,ko
Río de lágrimas,흐르는 눈물,ko
Różdżkowy Przesyt,넘치는 지팡이,ko
Rögtönzött páncél,임시변통 방어구,ko
Răbdarea e o virtute,참는 자에게 복을,ko
Răbdarea lui Ekko,에코의 인내,ko
Rădăcini răspândite,뻗어가는 뿌리,ko
Rămânem împreună,하나로 뭉치는 거지,ko
Răsăritul din Silvermere,은빛 여명,ko
Ręka Sprawiedliwości,정의의 손길,ko
Rękawica Pustki,공허 건틀릿,ko
Rękawice Sparingowe,연습용 장갑,ko
Rękawice Złodzieja,도적의 장갑,ko
Rękawiczki,방한 장갑,ko
Rồng Đẻ Trứng Vàng,황금 알,ko
SZILÁRD ELTÖKÉLTSÉG,단일 조합 사수,ko
Saber Gastar,현명한 소비,ko
Sabia blestemată,저주받은 칼날,ko
Sabia forței brute,B.F. 대검,ko
Sabia infinitului,무한의 대검,ko
Sabia morții,죽음의 검,ko
Sabia sângeroasă,피바라기,ko
Sable Espectral,망령 해적검,ko
Sable espectral,망령 해적검,ko
Sable-pistola hextech,마법공학 총검,ko
Sablepistola Hextech,마법공학 총검,ko
Sabre spectral,망령 해적검,ko
Sabır Erdemdir,참는 자에게 복을,ko
Sac de butin,아이템 꾸러미,ko
Saco de Brindes,아이템 꾸러미,ko
Saco de Brindes Heroico,영웅 꾸러미,ko
Saco de Brindes Pequeno,작은 꾸러미,ko
Saco de Brindes Recheado,큰 꾸러미,ko
Saco de Brindes do Urf,우르프의 꾸러미,ko
Sacrificio cruento,피의 공물,ko
Sadakat,극진한 헌신,ko
Safları Koru,진형 유지,ko
Saklı Gerçek,에너지 파동,ko
Saldi imperdibili,급매,ko
Saldão,급매,ko
Salvage Bin,재활용 쓰레기통,ko
Salvator,구원자,ko
Samira,사미라,ko
Sanguinaire,피의 대가,ko
Sanguinaria,피바라기,ko
Saqueador,습격자,ko
Sartén,프라이팬,ko
Saum der Nacht,밤의 끝자락,ko
Sauter une classe,성취,ko
Savaş Yolu,출정,ko
Savings Account,예금 계좌,ko
Scalata verso il successo,서열 상승,ko
Scegli tratto,특성 선택,ko
Sceptre vampirique corrompu,타락한 흡혈의 낫,ko
Sceptru vampiric corupt,타락한 흡혈의 낫,ko
Sceptrul Vidului,공허의 지팡이,ko
Sceptrul serafimului,고위천사의 지팡이,ko
Scettro dell'arcangelo,대천사의 지팡이,ko
Scettro serafino,고위천사의 지팡이,ko
Scettro vampirico corrotto,타락한 흡혈의 낫,ko
Scharfschütze,저격수,ko
Scharfschütze-Emblem,저격수 상징,ko
Schattenpuppe,그림자 꼭두각시,ko
Schatzjagd,보물 사냥,ko
Schema della retroguardia,후방 설계도,ko
Schemat Tylnej Formacji,후방 설계도,ko
Schiantare,재빠른 무장,ko
Schicksalsweber,운명술사,ko
Schild des Taktikers,전략가의 방패,ko
Schiță pentru linia din spate,후방 설계도,ko
Schlag zu,재빠른 무장,ko
Schlussverkauf,급매,ko
Schmiede einen Freund,친구 만들기,ko
Schnellfeuer-Geschütz,고속 연사포,ko
Schurke,불한당,ko
Schurken-Emblem,불한당 상징,ko
Schutz der Unendlichkeit,무한한 보호,ko
Schwer ist die Krone,왕관의 무게,ko
Schwertschmied,검 제작자,ko
Schwertüberfluss,넘치는 대검,ko
Schwur des Beschützers,수호자의 맹세,ko
Schüre das Feuer,땔감 제공,ko
Sciabola spettrale,망령 해적검,ko
Scintilla ionica,이온 충격기,ko
Scommessa dorata,경품 추첨,ko
Scommessa rischiosa,극진한 헌신,ko
Scudo dello stratega,전략가의 방패,ko
Scutul amurgului,황혼의 방패,ko
Scutul tacticianului,전략가의 방패,ko
Scutul zorilor,새벽의 방패,ko
Scânteie ionică,이온 충격기,ko
Sdílená zbroj,주인공 버프,ko
Sebevražední panáci,충돌 시험용 봇,ko
Second Wind,재생의 바람,ko
Second souffle,재생의 바람,ko
Secondo fiato,재생의 바람,ko
Secteur commercial,교환의 장,ko
Section Anima,동물특공대,ko
Sector comercial,교환의 장,ko
Sector de Intercambio,교환의 장,ko
Sectorul comercial,교환의 장,ko
Secure din focul iadului,지옥불 손도끼,ko
Sed de dinero,돈독,ko
Sede de Riqueza,돈독,ko
Sedenta por Sangue,피바라기,ko
Seeker's Armguard,추적자의 팔목 보호대,ko
Seelenerwachen,영혼 각성,ko
Segen der Wiederbelebung,부활의 은총,ko
Segundo Aire,재생의 바람,ko
Sehraný tým,협력,ko
Sekera pekelného ohně,지옥불 손도끼,ko
Sektor Wymiany,교환의 장,ko
Selbstständig machen,가지 뻗기,ko
Semblante Espiritual,정령의 형상,ko
Semi-conducteur,반도체,ko
Semiconductor,반도체,ko
Semicondutor,반도체,ko
Semiconduttore,반도체,ko
Sendero de Guerra,출정,ko
Sendero de guerra,출정,ko
Sentencia,중재자,ko
Sentenciador,중재자,ko
Sentiero di guerra,출정,ko
Serafínova hůl,고위천사의 지팡이,ko
Seraphim's Staff,고위천사의 지팡이,ko
Serbest Yatırım Fonu,헤지 펀드,ko
Serce ze Stali,강철의 심장,ko
Serpenyő,프라이팬,ko
Serve para Algo,다 쓸 데가 있다니까,ko
Servicio de Suscripción,구독 서비스,ko
Servicio de suscripción,구독 서비스,ko
Servizio ad abbonamento,구독 서비스,ko
Serviço de Assinatura,구독 서비스,ko
Setor de Troca,교환의 장,ko
Settore dello scambio,교환의 장,ko
Seviye Atla!,레벨 업!,ko
Seyyah,여행자,ko
Seyyah Amblemi,여행자 상징,ko
Sfere curative,회복의 구,ko
Sfere vindecătoare,회복의 구,ko
Sfidante,도전자,ko
Sfârșitul rațiunii,마법사의 최후,ko
Shadow Puppet,그림자 꼭두각시,ko
Shen,쉔,ko
Shepherd,길잡이,ko
Shepherd Emblem,길잡이 상징,ko
Shimmerscale Essence,빛비늘 정수,ko
Shojin lándzsája,쇼진의 창,ko
Shojin'in Mızrağı,쇼진의 창,ko
Shopping Spree,흥청망청,ko
Shopping intensif,흥청망청,ko
Shopping scatenato,흥청망청,ko
Shroud of Stillness,침묵의 장막,ko
Sibernetik Aktarım,사이버네틱 통신,ko
Sibernetik İmplant,사이버네틱 이식술,ko
Sicario,청부 살인마,ko
Side Effects,부작용,ko
Siegeszug,성취,ko
Signora Oscura,어둠의 여인,ko
Silberlöffel,은수저,ko
Silver Spoon,은수저,ko
Silvermere Dawn,은빛 여명,ko
Sinal de Sterak,스테락의 도전,ko
Sinh Nhật Đoàn Tụ,생일 모임,ko
Sinir İmplantı,공감 임플란트,ko
Sinsi,불한당,ko
Sinsi Amblemi,불한당 상징,ko
Sinsi Pençe,자객의 발톱,ko
Siper,보루,ko
Size Matters,크기의 중요성,ko
Siêu Linh,초능력,ko
Siêu Thú,동물특공대,ko
Siêu Vũ Trụ,빅뱅,ko
Siêu Xẻng,뒤집개,ko
Sięganie ku Gwiazdom,저 별을 향해,ko
Skalierung im späten Spiel,후반 성장,ko
Skalowanie w Późnej Fazie Gry,후반 성장,ko
Skleněné dělo,유리 대포,ko
Skok po Składniki,조합 아이템 강탈,ko
Skupienie Horyzontalne,지평선의 초점,ko
Skupiony Ogień,화력 집중,ko
Slammin',재빠른 무장,ko
Slaďounké dobroty,달콤한 간식,ko
Slice of Life,일상물,ko
Slightly Magic Roll,약간 신비한 주사위,ko
Slza bohyně,여신의 눈물,ko
Small Grab Bag,작은 꾸러미,ko
Smoczy Szpon,용의 발톱,ko
Snajperzy,저격수,ko
Sniper,저격수,ko
Sniper Emblem,저격수 상징,ko
Sobrecarga Cognitiva,인지 과부하,ko
Sobrecarga cognitiva,인지 과부하,ko
Sobrecarga de Varas,넘치는 지팡이,ko
Sobrecarga de cinturones,넘치는 허리띠,ko
Sobrecarga de espadas,넘치는 대검,ko
Sobrecarga de varitas,넘치는 지팡이,ko
Sobretudo Suspeito,수상한 외투,ko
Sobrevivente,생존자,ko
Sobreviviente,생존자,ko
Sodronyozott mellény,쇠사슬 조끼,ko
Soif-de-sang,피바라기,ko
Sojusznik Opiekuna,수호자의 친구,ko
Sok Cappa,카파 주스,ko
Soldi per il pranzo,점심값,ko
Solo Leveling,나 혼자 레벨업,ko
Solo Plate,고독한 방패,ko
Solo Pétreo,고독한 방패,ko
Solo-Leveling,나 혼자 레벨업,ko
Solo-Steinpanzer,고독한 방패,ko
Solowa Płyta,고독한 방패,ko
Solul dezolant al lui Zeke,지크의 음산한 전령,ko
Solul lui Zeke,지크의 전령,ko
Solzi sclipitori,빛비늘 정수,ko
Sombrero Mortífero de Rabadon,라바돈의 죽음모자,ko
Sombrero mortal de Rabadon,라바돈의 죽음모자,ko
Sombreros Más Letales,더욱 치명적인 모자,ko
Sombreros más mortales,더욱 치명적인 모자,ko
Son Fısıltı,최후의 속삭임,ko
Sona,소나,ko
Sona Kalanlar,생존자,ko
Song Sát Tốc Hành,재빠른 더블 킬,ko
Song Vệ,쌍둥이 수호자,ko
Song Đấu,신성 결투가,ko
Sonnenfeuer-Brett,태양불꽃판,ko
Sonnenfeuer-Umhang,태양불꽃 망토,ko
Sonsuz Büyü,연속 주문 사용,ko
Sonsuz Karanlık,암흑의 별,ko
Sonsuz Karanlık Amblemi,암흑의 별 상징,ko
Sonsuz Çaresizlik,끝없는 절망,ko
Sopa Fazlalığı,넘치는 지팡이,ko
Sopa İşçisi,지팡이 제작자,ko
Soraka csodatétele,소라카의 기적,ko
Soraka áldása,소라카의 은총,ko
Soraka'nın Lütfu,소라카의 은총,ko
Soraka'nın Mucizesi,소라카의 기적,ko
Soraka's Boon,소라카의 은총,ko
Soraka's Miracle,소라카의 기적,ko
Sorakas Segen,소라카의 은총,ko
Sorakas Wunder,소라카의 기적,ko
Soračin dar,소라카의 은총,ko
Soračin zázrak,소라카의 기적,ko
Sorsszövő,운명술사,ko
Sorte em Alta,행운의 기운,ko
Sorvadt ereklye,해진 유물,ko
Soubojový režim,도전자 모드,ko
Soudce,중재자,ko
Soul Awakening,영혼 각성,ko
Soustředěná palba,화력 집중,ko
Soustředěný horizont,지평선의 초점,ko
Soutien indéfectible,단결된 의지,ko
Souvislé sesílání,연속 주문 사용,ko
Sovraccarico cognitivo,인지 과부하,ko
Spaccato di vita,일상물,ko
Space Groove,우주 그루브,ko
Space Groove Emblem,우주 그루브 상징,ko
Spaczony Wampiryczny Kostur,타락한 흡혈의 낫,ko
Spada furiei lui Guinsoo,구인수의 격노검,ko
Sparkonto,예금 계좌,ko
Sparring Gloves,연습용 장갑,ko
Spasitel,구원자,ko
Spatola,뒤집개,ko
Spatula,뒤집개,ko
Spatule,뒤집개,ko
Spatulă,뒤집개,ko
Spear of Shojin,쇼진의 창,ko
Specialista del finale,후반 전문가,ko
Specialista na závěrečnou fázi,후반 전문가,ko
Specialistul sfârșitului jocului,후반 전문가,ko
Specjalista od Końcówki,후반 전문가,ko
Specjalistyczny Hełm,적응형 투구,ko
Spectral Cutlass,망령 해적검,ko
Spedizione,탐사,ko
Speedy Double Kill,재빠른 더블 킬,ko
Speer von Shojin,쇼진의 창,ko
Spektrales Entermesser,망령 해적검,ko
Spektrum jegy,프리즘 티켓,ko
Spektrální vstupenka,프리즘 티켓,ko
Speranza perduta,마법사의 최후,ko
Spesa oculata,현명한 소비,ko
Spezzatempo,시간 균열자,ko
Spirit Visage,정령의 형상,ko
Spirit of Redemption,구원의 영혼,ko
Spirito di redenzione,구원의 영혼,ko
Spiritul izbăvirii,구원의 영혼,ko
Splétaná magie,얽힌 마법,ko
Splétač osudu,운명술사,ko
Společné objetí,단체 포옹,ko
Spořicí účet,예금 계좌,ko
Spreading Roots,뻗어가는 뿌리,ko
Spécialiste des fins de partie,후반 전문가,ko
Spéculation,헤지 펀드,ko
Srdce z oceli,강철의 심장,ko
Stab des Erzengels,대천사의 지팡이,ko
Stabschmied,지팡이 제작자,ko
Stabüberfluss,넘치는 지팡이,ko
Staffsmith,지팡이 제작자,ko
Stand United,단결된 의지,ko
Stargazer,별돌보미,ko
Stargazer Emblem,별돌보미 상징,ko
Statikk Hançer,스태틱의 단검,ko
Statikk Shiv,스태틱의 단검,ko
Statikk töltőpengéje,스태틱의 단검,ko
Statikkova kudla,스태틱의 단검,ko
Statikks Stich,스태틱의 단검,ko
Stats à foison !,엄청나게 이로운 효과!,ko
Stavebnice společníků,동료 제작,ko
Stea întunecată,암흑의 별,ko
Steadfast Heart,굳건한 심장,ko
Steinpanzer des Wasserspeiers,가고일 돌갑옷,ko
Stella Oscura,암흑의 별,ko
Stellar Combo,별빛 연계,ko
Stemma di Lightshield,라이트실드 문장,ko
Stemmaguarda,크라운가드,ko
Sterak kihívása,스테락의 도전,ko
Sterak's Gage,스테락의 도전,ko
Sterak'ın Güvencesi,스테락의 도전,ko
Sterakova zástava,스테락의 도전,ko
Steraks Pegel,스테락의 도전,ko
Sterndeuter,별돌보미,ko
Sterndeuter-Emblem,별돌보미 상징,ko
Sternen-Kombo,별빛 연계,ko
Sternenvernichter,암흑의 별,ko
Sternenvernichter-Emblem,암흑의 별 상징,ko
Stibitzen,슬쩍하기,ko
Stopařčin chránič,추적자의 팔목 보호대,ko
Storia di una rimonta,역전의 서막,ko
Strahlender Halunke,찬란한 장난꾸러기,ko
Strateji Ustası Kalkanı,전략가의 방패,ko
Strateji Ustası Pelerini,전략가의 망토,ko
Strateji Ustası Tacı,전략가의 왕관,ko
Strateji Ustasının Mutfağı,전략가의 주방,ko
Stratégie de ligne arrière,후방 설계도,ko
Striker's Flail,타격대의 철퇴,ko
Strom vlastností,특성 나무,ko
Strážná dvojice,쌍둥이 수호자,ko
Studio paziente,끈질긴 연구,ko
Studiu diligent,끈질긴 연구,ko
Stwórz Sobie Kumpla,친구 만들기,ko
Stwórz Towarzysza,동료 제작,ko
Stínová loutka,그림자 꼭두각시,ko
Stürmerflegel,타격대의 철퇴,ko
Stříbrná lžička,은수저,ko
Stůjme při sobě,단결된 의지,ko
Su tutti i fronti,가지 뻗기,ko
Su verso il cielo,저 별을 향해,ko
Subscription Service,구독 서비스,ko
Subskrypcja,구독 서비스,ko
Suc Cappa,카파 주스,ko
Succes critic,치명적 성공,ko
Successo critico,치명적 성공,ko
Succo Cappa,카파 주스,ko
Sucesso Crítico,치명적 성공,ko
Suco de Chapéu,카파 주스,ko
Sugárzó csirkefogó,찬란한 장난꾸러기,ko
Suhanó sutyerák,협곡 바위 게,ko
Sunfire Board,태양불꽃판,ko
Sunfire Cape,태양불꽃 망토,ko
Super sac de butin,큰 꾸러미,ko
Superstite,생존자,ko
Superviviente,생존자,ko
Suppresseur doré,최적화,ko
Supraviețuitor,생존자,ko
Supraîncărcare cognitivă,인지 과부하,ko
Surcharge cognitive,인지 과부하,ko
Surpriză nesurprinzătoare,예상된 예상 밖의 결과,ko
Survivant,생존자,ko
Survivor,생존자,ko
Suscripción de Lujo,호화로운 정기 구독,ko
Suscripción de lujo,호화로운 정기 구독,ko
Suspicious Trench Coat,수상한 외투,ko
Sussurro fatale,최후의 속삭임,ko
Sute de atribute!,엄청나게 이로운 효과!,ko
Sweet Treats,달콤한 간식,ko
Sword Overflow,넘치는 대검,ko
Swordsmith,검 제작자,ko
Sympathetic Implant,공감 임플란트,ko
Szaleństwo Zakupów,흥청망청,ko
Szczęśliwe Rękawice,행운의 장갑,ko
Szellemarc,정령의 형상,ko
Szerencsés kesztyű,행운의 장갑,ko
Szermierka Yasuo,야스오의 검술,ko
Szerteágazó gyökerek,뻗어가는 뿌리,ko
Szeráf pálcája,고위천사의 지팡이,ko
Szimpatikus implantátum,공감 임플란트,ko
Szintlépés!,레벨 업!,ko
Szpatułka,뒤집개,ko
Szpon Ciemnego Typa,자객의 발톱,ko
Szunnyadó kohó,신중한 제작,ko
Szybkie Dwa Trupy,재빠른 더블 킬,ko
Száműzöttek I.,추방자,ko
Szélhámos,수완가,ko
Szólójátékos,나 혼자 레벨업,ko
Születésnapi ajándék,생일 선물,ko
Születésnapi találkozó,생일 모임,ko
Sách Chọn Ấn,특성의 고서,ko
Sárkánykarom,용의 발톱,ko
Sát Thủ Khát Máu,무차별적 살인자,ko
Sát Thủ Đánh Thuê,청부 살인마,ko
Sét Cao Thế,고전압,ko
Síla artefaktů,힘을 실은 제련,ko
Sólový plát,고독한 방패,ko
Sólový postup,나 혼자 레벨업,ko
Sötét csillag,암흑의 별,ko
Sötét csillag embléma,암흑의 별 상징,ko
Sötét hölgy,어둠의 여인,ko
Sükûnet Örtüsü,침묵의 장막,ko
Süper Hızlı Micin,정령단 속도,ko
Sürgünler,추방자,ko
Süße Leckereien,달콤한 간식,ko
Săbii fără număr,넘치는 대검,ko
Săbii mai letale,치명적인 칼날,ko
Săn Kho Báu,보물 사냥,ko
Słodkie Przysmaki,달콤한 간식,ko
Słoneczna Peleryna,태양불꽃 망토,ko
Słoneczna Płyta,태양불꽃판,ko
Sơ Đồ Tuyến Sau,후방 설계도,ko
Số 4 Hoàn Hảo,4가 함께하길,ko
Sống Vội,수완가,ko
TEK Kılıcı,B.F. 대검,ko
Tabla solară,태양불꽃판,ko
Tablero de Fuego Solar,태양불꽃판,ko
Tablero de fuego solar,태양불꽃판,ko
Tabuleiro de Fogo Solar,태양불꽃판,ko
Tactician's Cape,전략가의 망토,ko
Tactician's Crown,전략가의 왕관,ko
Tactician's Kitchen,전략가의 주방,ko
Tactician's Shield,전략가의 방패,ko
Tahm Kench,탐 켄치,ko
Taina întunericului,밤의 끝자락,ko
Taktikerküche,전략가의 주방,ko
Taktikova koruna,전략가의 왕관,ko
Taktikova kuchyně,전략가의 주방,ko
Taktikus köpenye,전략가의 망토,ko
Taktikus pajzsa,전략가의 방패,ko
Taktikusok konyhája,전략가의 주방,ko
Taktikův plášť,전략가의 망토,ko
Taktikův štít,전략가의 방패,ko
Takviye Paketi,부스터 팩,ko
Takım Çalışması,협력,ko
Talisman Of Ascension,승천의 부적,ko
Talisman de l'ascension,승천의 부적,ko
Talismano dell'ascensione,승천의 부적,ko
Talismanul ascensiunii,승천의 부적,ko
Talismán de Ascensión,승천의 부적,ko
Talismã da Ascensão,승천의 부적,ko
Talizman Wstąpienia,승천의 부적,ko
Talon,탈론,ko
Találd meg önmagad,중심 잡기,ko
Tam Donanımlı,동료 제작,ko
Tam Teşekküllü,친구 만들기,ko
Tana del Barone,남작의 소굴,ko
Tancuri la xerox,쌍두마차,ko
Tandemová fronta,2인조,ko
Tanks jumeaux,쌍두마차,ko
Tanque em Dobro,쌍두마차,ko
Tanrıça'nın Gözyaşı,여신의 눈물,ko
Tanışma Toplantısı,연결 불가,ko
Tarcza Taktyka,전략가의 방패,ko
Tare ca fierul,유용한 금속,ko
Target-Lock Optics,표적 고정 광학 장치,ko
Tartalékíjak,예비 활,ko
Tartsd a frontot,진형 유지,ko
Tatlı Atıştırmalıklar,달콤한 간식,ko
Taxa Cognitiva,인지세,ko
Taxe cognitive,인지세,ko
Taze Kan,신병,ko
Taşınabilir Ocak,휴대용 대장간,ko
Te simți norocos,행운의 기운,ko
Team Building,끈끈한 우정,ko
Team building,끈끈한 우정,ko
Teambildung,끈끈한 우정,ko
Teambuilding,끈끈한 우정,ko
Teaming Up,협력,ko
Tear of the Goddess,여신의 눈물,ko
Tecelã do Destino,운명술사,ko
Tecendo Magia,얽힌 마법,ko
Teemo,티모,ko
Teilaufstieg,불완전한 초월,ko
Tejedestinos,운명술사,ko
Tekrar Dene,임무 재시작,ko
Tela magica,얽힌 마법,ko
Temná hvězda,암흑의 별,ko
Temná paní,어둠의 여인,ko
Tempesta di Luden,루덴의 폭풍,ko
Tempestad de Luden,루덴의 폭풍,ko
Tempête de Luden,루덴의 폭풍,ko
Tenete la posizione,진형 유지,ko
Tenir le front,진형 유지,ko
Tentative de comeback,역전의 서막,ko
Ter-Meep-nale Geschwindigkeit,정령단 속도,ko
Termeepnal Velocity,정령단 속도,ko
Termipnální rychlost,정령단 속도,ko
Terquedad,단일 조합 사수,ko
Terrore dei lich,리치베인,ko
Tesori sepolti,파묻힌 보물,ko
Tesoros Enterrados,파묻힌 보물,ko
Tesoros enterrados,파묻힌 보물,ko
Tesouros Enterrados,파묻힌 보물,ko
Tessifato,운명술사,ko
Testőrképzés,경호대 훈련,ko
Tetro araldo di Zeke,지크의 음산한 전령,ko
Tezbıçak,명멸검,ko
Thanh Lý Toàn Bộ,급매,ko
Thanh Âm Chữa Lành,회복의 메아리,ko
The Big Bang,빅뱅,ko
The Golden Dragon,황금 드래곤,ko
The Golden Egg,황금 알,ko
The Indomitable,불굴,ko
The Mighty Mech,거대 메크 로봇,ko
The Tower,탑,ko
The Trait Tree,특성 나무,ko
Thief's Gloves,도적의 장갑,ko
Thresh lámpása,쓰레쉬의 랜턴,ko
Thresh áldása,쓰레쉬의 은총,ko
Thresh'in Feneri,쓰레쉬의 랜턴,ko
Thresh'in Lütfu,쓰레쉬의 은총,ko
Thresh's Boon,쓰레쉬의 은총,ko
Thresh's Lantern,쓰레쉬의 랜턴,ko
Threshova lucerna,쓰레쉬의 랜턴,ko
Threshs Laterne,쓰레쉬의 랜턴,ko
Threshs Segen,쓰레쉬의 은총,ko
Threshův dar,쓰레쉬의 은총,ko
Thua Có Tính Toán,계산된 패배,ko
Thuế Nhận Thức,인지세,ko
Thách Đấu,도전자,ko
Thép Mạ Vàng,도금 강철,ko
Thích Mở Rộng,장기 투자,ko
Thông Thoáng,맑은 정신,ko
Thông Đạo Zz'rot,즈롯 차원문,ko
Thú Tượng Thạch Giáp,가고일 돌갑옷,ko
Thăng Hoa,초월,ko
Thăng Hoa Của Kayle,케일의 승천,ko
Thăng Hoa Rực Rỡ Của Kayle,케일의 찬란한 승천,ko
Thăng Tiến Cuối Trận,후반 성장,ko
Thần Ban Phước,신의 축복,ko
Thần Phán,중재자,ko
Thịnh Nộ Thủy Quái,크라켄의 분노,ko
Thời Không,시간 균열자,ko
Thợ Rèn Gậy,지팡이 제작자,ko
Thợ Rèn Kiếm,검 제작자,ko
Thợ Săn Vũ Trụ,은하계 사냥꾼,ko
Thức Tỉnh Linh Hồn,영혼 각성,ko
Ti senti fortunato?,행운의 기운,ko
Ticaret Bölgesi,교환의 장,ko
Ticaretin Özü,거래 중심지,ko
Ticket prismatique,프리즘 티켓,ko
Tiercé,삼인방,ko
Tigaia de aur,프라이팬,ko
Tiltott bálvány,금지된 우상,ko
Timebreaker,시간 균열자,ko
Timebreaker Emblem,시간 균열자 상징,ko
Tinh Linh Chuông,정령족,ko
Tinh Túy Kim Long,빛비늘 정수,ko
Tiniest Titan,꼬꼬마 거인,ko
Tiny Titans,꼬마 거인,ko
"Tiny, but Deadly",작지만 치명적인,ko
Tirada Ligeramente Mágica,약간 신비한 주사위,ko
Tirada Mágica,마법 주사위,ko
Tiro lievemente magico,약간 신비한 주사위,ko
Tiro porque me toca,새로고침의 날,ko
Tisse-destin,운명술사,ko
Tiszta elme,맑은 정신,ko
Titan micuț,꼬꼬마 거인,ko
Titan's Resolve,거인의 결의,ko
Titanes Diminutos,꼬마 거인,ko
Titanic Hydra,거대한 히드라,ko
Titanische Hydra,거대한 히드라,ko
Titano minuscolo,꼬꼬마 거인,ko
Titanın Azmi,거인의 결의,ko
Titánhidra,거대한 히드라,ko
Titánská hydra,거대한 히드라,ko
Titánské odhodlání,거인의 결의,ko
Tiên Phong,선봉대,ko
Tiên Tri,예언자,ko
Tiêu Dùng Thông Minh,현명한 소비,ko
Tiếp Tế Trang Bị,아이템 꾸러미,ko
Tiền Tuyến Vững Chãi,정렬,ko
Tiền Vệ Trung Tâm,중심 잡기,ko
Tiền Ăn Trưa,점심값,ko
Tiệc Tùng,파티광,ko
Tkacze Losu,운명술사,ko
Tkanie Czarów,얽힌 마법,ko
Tlupa zlodějů,도둑 무리,ko
Tlupa zlodějů II,도둑 무리 II,ko
To Lớn & Mạnh Mẽ,거대하고 강력한,ko
Todo para mí,그냥 눌러,ko
Toiag uriaș,쓸데없이 큰 지팡이,ko
Toiagul arhanghelului,대천사의 지팡이,ko
Toiege fără număr,넘치는 지팡이,ko
Tolvajkesztyű,도적의 장갑,ko
Tolvajok bandája,도둑 무리,ko
Tolvajok bandája II,도둑 무리 II,ko
Tome des emblèmes,특성의 고서,ko
Tome of Trait,특성의 고서,ko
Tome of Traits,특성의 고서,ko
Tomo das Características,특성의 고서,ko
Tomo de Rasgos,특성의 고서,ko
Tomo de atributos,특성의 고서,ko
Tomo dei tratti,특성의 고서,ko
Tomul caracteristicilor,특성의 고서,ko
Toneladas de Atributos!,엄청나게 이로운 효과!,ko
Tonlarca Nitelik!,엄청나게 이로운 효과!,ko
Tonnenweise Werte!,엄청나게 이로운 효과!,ko
Tonnányi statisztika!,엄청나게 이로운 효과!,ko
Tons of Stats!,엄청나게 이로운 효과!,ko
Tony Statystyk!,엄청나게 이로운 효과!,ko
Torba z Przedmiotami,아이템 꾸러미,ko
Torba z Przedmiotami Urfa,우르프의 꾸러미,ko
Tormenta de Luden,루덴의 폭풍,ko
Tot sunt buni la ceva,다 쓸 데가 있다니까,ko
Touche-à-tout,반항아,ko
Tout doit disparaître,재빠른 무장,ko
Toàn Thắng,성취,ko
Toán Cướp,습격자,ko
Trabajo en Equipo,끈끈한 우정,ko
Trabalho em Equipe,끈끈한 우정,ko
Trade Sector,교환의 장,ko
Tragbare Schmiede,휴대용 대장간,ko
Training Dummy,훈련 봇,ko
Trang Bị Pandora,판도라의 아이템,ko
Transfer de încărcare,전하 이동,ko
Transferencia de Carga,전하 이동,ko
Transferencia de carga,전하 이동,ko
Transfert,전하 이동,ko
Transferência de Carga,전하 이동,ko
Transformação em Boneco,훈련 봇 변환,ko
Trasferimento carica,전하 이동,ko
Treasure Hunt,보물 사냥,ko
Treinamento de Guarda-costas,경호대 훈련,ko
Tremblelames,명멸검,ko
Trench-coat suspect,수상한 외투,ko
Trenci suspect,수상한 외투,ko
Trening Ochroniarza,경호대 훈련,ko
Trepador Social,출세가도,ko
Trezirea sufletului,영혼 각성,ko
Tributo cognitivo,인지세,ko
Trifecta,삼인방,ko
Trinca,삼인방,ko
Triomphe,파이트 머니,ko
Triplete,삼인방,ko
Tripletta,삼인방,ko
Triplu avantaj,삼인방,ko
Triệu Gọi Hỗn Mang,혼돈의 부름,ko
Triệu Hồi Bất Tận,연속 주문 사용,ko
Troca Sem Fim,새로고침의 날,ko
Trojice,삼인방,ko
Trova il tuo centro,중심 잡기,ko
Trpělivost je ctnost,참는 자에게 복을,ko
Trpělivé studium,끈질긴 연구,ko
Truffatore,수완가,ko
Trung Tâm Thương Mại,거래 중심지,ko
Tryb Pretendenta,도전자 모드,ko
Tryb Przekaźnika,전달자 모드,ko
Tryb Replikatora,복제자 모드,ko
Trzask-Prask,재빠른 무장,ko
Trzymać Szyk,진형 유지,ko
Trái Tim Kiên Định,굳건한 심장,ko
Trái Tim Sắt Đá,강철의 심장,ko
Träne der Göttin,여신의 눈물,ko
Tréninkové rukavice,연습용 장갑,ko
Trésors enfouis,파묻힌 보물,ko
Trên Đà Phát Triển,승승장구,ko
Trí Tuệ Siêu Công Nghệ,사이버네틱 통신,ko
Trượng Hư Vô,공허의 지팡이,ko
Trượng Đại Thiên Sứ,고위천사의 지팡이,ko
Trực Giác Của Evelynn,이블린의 본능,ko
Tuch der Stille,침묵의 장막,ko
Tueur de géants,거인 학살자,ko
Tueur impitoyable,무차별적 살인자,ko
Tueur à gages,청부 살인마,ko
Tugend des Märtyrers,순교자의 미덕,ko
Tun-mitralieră,고속 연사포,ko
Turnul,탑,ko
Tuyển Nhân Sự,신병,ko
Twin Guardian,쌍둥이 수호자,ko
Twin Guardians,쌍둥이 수호자,ko
Twisted Fate,트위스티드 페이트,ko
Two Much Value,2만한 가치,ko
Two Tanky,쌍두마차,ko
Tworzenie Drużyny,끈끈한 우정,ko
Twórcze Tworzenie,정교한 공예,ko
Typologie,극진한 헌신,ko
Tài Khoản Tiết Kiệm,예금 계좌,ko
Tái Khởi Động Nhiệm Vụ,임무 재시작,ko
Tái Lập Vũ Trụ,우주적 재시작,ko
Tápláld a tüzet,땔감 제공,ko
Tíha koruny,왕관의 무게,ko
Tín Đồ Mua Sắm,흥청망청,ko
Tòa Tháp,탑,ko
Tôi Luyện Sức Mạnh,힘을 실은 제련,ko
Tôi Thăng Cấp Một Mình,나 혼자 레벨업,ko
Tödlichere Hauben,더욱 치명적인 모자,ko
Tödlichere Klingen,치명적인 칼날,ko
Töltésátvitel I.,전하 이동,ko
Törj a csillagok felé,저 별을 향해,ko
Törékeny tüzér I.,유리 대포,ko
Törésteszt bábuk,충돌 시험용 봇,ko
Tú Pégales,그냥 눌러,ko
Túi Đồ Cỡ Nhỏ,작은 꾸러미,ko
Túi Đồ Cỡ Đại,큰 꾸러미,ko
Túi Đồ Siêu Hùng,영웅 꾸러미,ko
Túi Đồ Urf,우르프의 꾸러미,ko
Túlvilági szablya,망령 해적검,ko
Túlélő,생존자,ko
Türelem rózsát terem,참는 자에게 복을,ko
Türelmes tanuló,끈질긴 연구,ko
Tăișuri sclipitoare,명멸검,ko
Tăng Trưởng Bùng Nổ,폭발적인 성장,ko
Tırmanışa Devam,서열 상승,ko
Tất Tay Bậc Đồng,영원한 브론즈,ko
Tập Chịu Đòn,권투 교습,ko
Tập Trung Hỏa Lực,화력 집중,ko
Tối Tân,최신상,ko
Tối Đa Hóa,최적화,ko
Tộc Thượng Cổ,태고족,ko
Tụ Bão Zeke,지크의 전령,ko
Tụ Điện,고전압,ko
Tứ Phương Tiếp Viện,4후지원,ko
Tự Lập Đội,친구 만들기,ko
U Sầu,파멸자,ko
U. R. F.,U.R.F,ko
U.R.F,U.R.F,ko
U.R.F.,U.R.F,ko
URF,U.R.F,ko
Uccisore di giganti,거인 학살자,ko
Uccisore indiscriminato,무차별적 살인자,ko
Ucigaș fără discriminare,무차별적 살인자,ko
Ucigaș plătit,청부 살인마,ko
Ufak Çekiliş,작은 꾸러미,ko
Ufukgetiren,지평선의 초점,ko
Uhrwerk-Beschleuniger,시계태엽 윤활유,ko
Ulepszona Moc,증강된 힘,ko
Ultima șoaptă,최후의 속삭임,ko
Uluların Tılsımı,승천의 부적,ko
Ulvi Düellocu,신성 결투가,ko
Ulvi Ocak,신성한 대장간,ko
Um Dois Três,"하나, 둘, 셋",ko
"Um, Dois, Cinco!","하나, 둘, 다섯!",ko
Umhang des Taktikers,전략가의 망토,ko
"Un buff, două buff-uri",붉고 푸른 효과,ko
"Un buff, due buff",붉고 푸른 효과,ko
Un due tre,"하나, 둘, 셋",ko
Un mismo ser,거울의 환영,ko
Un mismo ser inferior,하급 거울의 환영,ko
Un tiro magico,마법 주사위,ko
Un'avventura gloriosa,고귀한 모험,ko
"Un, deux, trois","하나, 둘, 셋",ko
Una Aventura Eminente,고귀한 모험,ko
"Una Mejora, Dos Mejoras",붉고 푸른 효과,ko
Una aventura repleta de exaltación,고귀한 모험,ko
Una lágrima en la arena,실컷 울어봐라,ko
"Una mejora, dos mejoras...",붉고 푸른 효과,ko
"Unde-s 2 stele, puterea crește",4후지원,ko
Une aventure exaltante,고귀한 모험,ko
Unending Despair,끝없는 절망,ko
Unerschütterliches Herz,굳건한 심장,ko
Unidos,단결된 의지,ko
Unire în luptă,단결된 의지,ko
Uniti nelle difficoltà,단결된 의지,ko
"Uno, Dos, Tres","하나, 둘, 셋",ko
"Uno, dos, tres...","하나, 둘, 셋",ko
"Uno, dos, ¡cinco!","하나, 둘, 다섯!",ko
"Uno, dos... ¡cinco!","하나, 둘, 다섯!",ko
"Uno, due, cinque!","하나, 둘, 다섯!",ko
"Unu, doi, cinci!","하나, 둘, 다섯!",ko
"Unu, doi, trei","하나, 둘, 셋",ko
Unübertreffliche Schmiede,신성한 대장간,ko
Upando Solo,나 혼자 레벨업,ko
Upward Mobility,출세가도,ko
Upírská vitalita,흡혈의 활력,ko
Urf Hamlesi,우르프의 갬빗,ko
Urf játszmája,우르프의 갬빗,ko
Urf zsákbamacskája,우르프의 꾸러미,ko
Urf's Gambit,우르프의 갬빗,ko
Urf's Grab Bag,우르프의 꾸러미,ko
Urf'ün Çekilişi,우르프의 꾸러미,ko
Urfova dárková taška,우르프의 꾸러미,ko
Urfs Gambit,우르프의 갬빗,ko
Urfs Wundertüte,우르프의 꾸러미,ko
Urfův gambit,우르프의 갬빗,ko
Urgia de pe lume,리치베인,ko
Urgot,우르곳,ko
Utazó,여행자,ko
Utazó embléma,여행자 상징,ko
Utolsó esély,마법사의 최후,ko
Utolsó lehelet,최후의 속삭임,ko
Uyumsuzlar,반항아,ko
Uzayın Ritmi,우주 그루브,ko
Uzayın Ritmi Amblemi,우주 그루브 상징,ko
Vale a Espera,기다림의 미학,ko
Vale la Pena la Espera,기다림의 미학,ko
Valeva la pena aspettare,기다림의 미학,ko
Valor del Titán,거인의 결의,ko
Valor em Excesso,2만한 가치,ko
Vampir-Vitalität,흡혈의 활력,ko
Vampiric Vitality,흡혈의 활력,ko
Vampirî Zindelik,흡혈의 활력,ko
Vanguard,선봉대,ko
Vanguard Emblem,선봉대 상징,ko
Vanguarda,선봉대,ko
Vanguardia,선봉대,ko
Vara Innecesariamente Grande,쓸데없이 큰 지팡이,ko
Vara innecesariamente grande,쓸데없이 큰 지팡이,ko
Varus Besessenheit,바루스의 집착,ko
Varus megszállottsága,바루스의 집착,ko
Varus áldása,바루스의 은총,ko
Varus' Segen,바루스의 은총,ko
Varus's Boon,바루스의 은총,ko
Varus's Obsession,바루스의 집착,ko
Varus'un Lütfu,바루스의 은총,ko
Varus'un Saplantısı,바루스의 집착,ko
Varusova posedlost,바루스의 집착,ko
Varusův dar,바루스의 은총,ko
Varázsdobás,마법 주사위,ko
Varázsszőttes,얽힌 마법,ko
Vaseszközök,유용한 금속,ko
Vaurien de la lumière,찬란한 장난꾸러기,ko
Vay Tạm Ứng,대출 선지급,ko
Vedlejší účinky,부작용,ko
Veigar,베이가,ko
Velikost a síla,거대하고 강력한,ko
Velitel,지휘관,ko
Velitelka Animy,동물특공대 지휘관,ko
Velkolepé dobrodružství,고귀한 모험,ko
Velká dárková taška,큰 꾸러미,ko
Velký třesk,빅뱅,ko
Velo costante,저녁갑주,ko
Velo de sosiego,침묵의 장막,ko
Velocidad Termeepnal,정령단 속도,ko
Velocidad temperameeptal,정령단 속도,ko
Velocidade Termipenal,정령단 속도,ko
Velocità termipponale,정령단 속도,ko
Venganza,응징,ko
Ventos Revigorantes,재생의 바람,ko
Verbannte,추방자,ko
Verbotener Götze,금지된 우상,ko
Verbündeter des Beschützers,수호자의 친구,ko
Verdorbenes vampirisches Zepter,타락한 흡혈의 낫,ko
Verdugo Indiscriminado,무차별적 살인자,ko
Verdugo de Gigantes,거인 학살자,ko
Verdugo de gigantes,거인 학살자,ko
Verdächtiger Trenchcoat,수상한 외투,ko
Verfehlte Verbindung,연결 불가,ko
Verfluchte Klinge,저주받은 칼날,ko
Verfluchte Krone,저주받은 왕관,ko
Vergeltung,응징,ko
Vergoldeter Stahl,도금 강철,ko
Vergrabene Schätze,파묻힌 보물,ko
Vernichter,파멸자,ko
Vernichter,말살자,ko
Versteck des Barons,남작의 소굴,ko
Verständnisvolles Implantat,공감 임플란트,ko
Verstärkendes Amulett,활력증진의 펜던트,ko
Vertu du martyr,순교자의 미덕,ko
Verwittertes Relikt,해진 유물,ko
Verwobene Magie,얽힌 마법,ko
Vesmírný rytmus,우주 그루브,ko
Vesta Espinosa,덤불 조끼,ko
Veste della stabilità,침묵의 장막,ko
Vestă de mărăcini,덤불 조끼,ko
Vestă de zale,쇠사슬 조끼,ko
Vex,벡스,ko
Večerháv,저녁갑주,ko
Viaggiatore,여행자,ko
Viajante,여행자,ko
Viajero,여행자,ko
Victorie neașteptată,성취,ko
Vida Cotidiana,일상물,ko
Viděti dvojmo,2만한 가치,ko
Vier-Gold-Verstärkung,4후지원,ko
Vigarista,수완가,ko
Viktor,빅토르,ko
Viktor'un Sihri,아케인 빅토르이!,ko
Viktor-ia de Arcane,아케인 빅토르이!,ko
Viktor-ia di Arcane,아케인 빅토르이!,ko
Viktor-ie ocultă,아케인 빅토르이!,ko
Viktoria Arcana,아케인 빅토르이!,ko
Viktorův triumf,아케인 빅토르이!,ko
Viktória Arcana,아케인 빅토르이!,ko
Villanópengék,명멸검,ko
Villámakció,급매,ko
Vingadora Exocósmica,기동총격여신,ko
Virtud del Mártir,순교자의 미덕,ko
Virtud del mártir,순교자의 미덕,ko
Virtude do Mártir,순교자의 미덕,ko
Virtue of the Martyr,순교자의 미덕,ko
Virtutea martirului,순교자의 미덕,ko
Virtù del martire,순교자의 미덕,ko
Visage spirituel,정령의 형상,ko
Visionnaire,별돌보미,ko
Visszatérés-történet,역전의 서막,ko
Vitalidad Vampírica,흡혈의 활력,ko
Vitalidad vampírica,흡혈의 활력,ko
Vitalidade Vampírica,흡혈의 활력,ko
Vitalitate vampirică,흡혈의 활력,ko
Vitalità vampirica,흡혈의 활력,ko
Vitalité vampirique,흡혈의 활력,ko
Viteză termipnală,정령단 속도,ko
Viễn Chinh,여행자,ko
Void Gauntlet,공허 건틀릿,ko
Void Staff,공허의 지팡이,ko
Voința buzduganului,철퇴의 의지,ko
Voința titanului,거인의 결의,ko
Vojevůdcova čest,대장군의 명예,ko
Volonté de la massue,철퇴의 의지,ko
Voluntad de la maza,철퇴의 의지,ko
Voluntad del Mazo,철퇴의 의지,ko
Volver al Ruedo,역전의 서막,ko
Vorausdenken,미래 지향적 사고,ko
Voto del Protettore,수호자의 맹세,ko
Voto del cavaliere,기사의 맹세,ko
Vous vous sentez en veine ?,행운의 기운,ko
Voyager,여행자,ko
Voyager Emblem,여행자 상징,ko
Voyageur,여행자,ko
Vražední čtveráci,4가 함께하길,ko
Vražednější klobouky,더욱 치명적인 모자,ko
Vražednější čepele,치명적인 칼날,ko
Vrcholná sestava,극대화 빌드,ko
Vuốt Rồng,용의 발톱,ko
Vyber vlastnost,특성 선택,ko
Vybíravé výběry,새로고침의 날,ko
Vyhlazovač,말살자,ko
Vyhnanci,추방자,ko
Vyplatí se čekat,기다림의 미학,ko
Vyrob si kamaráda,친구 만들기,ko
Vysoké napětí,고전압,ko
Vytrvalý vzestup,출세가도,ko
Vyzyvatel,도전자,ko
Vzestup,초월,ko
Vágj utat,길을 내라,ko
Válassz adottságot,특성 선택,ko
Válečná stezka,출정,ko
Válogatás nélkül,무차별적 살인자,ko
Vámpírerő I.,흡혈의 활력,ko
Ván Cược Hoàng Kim,경품 추첨,ko
Ván Cược URF,우르프의 갬빗,ko
Vánek,서풍,ko
Várható váratlanság,예상된 예상 밖의 결과,ko
Vânătoare de comori,보물 사냥,ko
Vânător galactic,은하계 사냥꾼,ko
Vânătorul de uriași,거인 학살자,ko
Vé Kim Cương,프리즘 티켓,ko
Végjátékbeli erőnövelés,후반 성장,ko
Végtelen kétségbeesés,끝없는 절망,ko
Végtelen védelem,무한한 보호,ko
Végzethozó,파멸자,ko
Vérszomjas,피바라기,ko
Véráldozat,피의 공물,ko
Véráldozat,피의 대가,ko
Vírusmátrix,악성코드 매트릭스,ko
Vô Cực Kiếm,무한의 대검,ko
Vô Pháp,불한당,ko
Võ Sĩ Giác Đấu,파이트 머니,ko
Vörös erősítés,붉은 덩굴정령,ko
Výbušný růst,폭발적인 성장,ko
Výcvik tělesného strážce,경호대 훈련,ko
Výrobce holí,지팡이 제작자,ko
Výrobce mečů,검 제작자,ko
Výzva chaosu,혼돈의 부름,ko
Văl uniform,저녁갑주,ko
Vălul nemișcării,침묵의 장막,ko
Věčná dohoda,영원한 서약,ko
Věštec,예언자,ko
Věž,탑,ko
Vœu du chevalier,기사의 맹세,ko
Vœu du protecteur,수호자의 맹세,ko
Vůle palcátu,철퇴의 의지,ko
Vươn Tới Tinh Tú,저 별을 향해,ko
Vương Miện Chiến Thuật,전략가의 왕관,ko
Vương Miện Hoàng Gia,크라운가드,ko
Vương Miện Hắc Hóa,저주받은 왕관,ko
Vương Miện Nặng Trĩu,왕관의 무게,ko
W Czepku Urodzony,은수저,ko
W Czwórce Siła,4후지원,ko
Wachsende Wurzeln,뻗어가는 뿌리,ko
Wampiryczna Żywotność,흡혈의 활력,ko
Wand Overflow,넘치는 지팡이,ko
Wanderer,여행자,ko
Wanderer-Emblem,여행자 상징,ko
Warlord's Honor,대장군의 명예,ko
Warmog vértje,워모그의 갑옷,ko
Warmog's Armor,워모그의 갑옷,ko
Warmog'un Zırhı,워모그의 갑옷,ko
Warmogova zbroj,워모그의 갑옷,ko
Warmogs Rüstung,워모그의 갑옷,ko
Warpath,출정,ko
Warto Poczekać,기다림의 미학,ko
Wartość Dodana,2만한 가치,ko
Wczesna Nauka,조기 교육,ko
We Stick Together,하나로 뭉치는 거지,ko
Weise Ausgaben,현명한 소비,ko
Weltraum-Groove,우주 그루브,ko
Weltraum-Groove-Emblem,우주 그루브 상징,ko
Wezwanie Chaosu,혼돈의 부름,ko
Widmowy Rapier,망령 해적검,ko
Wie ist es um dein Glück bestellt?,행운의 기운,ko
Wieczny Brąz,영원한 브론즈,ko
Wieczny Pakt,영원한 서약,ko
Wiederaufnahme der Mission,임무 재시작,ko
Wielka Wygrana,성취,ko
Wielki Wybuch,빅뱅,ko
Wielkie Poświęcenie,극진한 헌신,ko
Wielkość i Potęga,거대하고 강력한,ko
Wieża,탑,ko
Willkürlicher Killer,무차별적 살인자,ko
Win Out,성취,ko
"Winzig, aber tödlich",작지만 치명적인,ko
Winzige Titanen,꼬마 거인,ko
Winzigster Titan,꼬꼬마 거인,ko
Wir halten zusammen,하나로 뭉치는 거지,ko
Wise Spending,현명한 소비,ko
Wit's End,마법사의 최후,ko
Withered Relic,해진 유물,ko
Wkalkulowana Strata,계산된 패배,ko
Wojenna Ścieżka,출정,ko
Wola Buławy,철퇴의 의지,ko
Worth the Wait,기다림의 미학,ko
Woven Magic,얽힌 마법,ko
Wskrzeszenie,부활의 은총,ko
Wsparcie,단결된 의지,ko
Wspinaczka po Drabince,서열 상승,ko
Wspólne Siły,협력,ko
Wybierz cechę,특성 선택,ko
Wygięty Łuk,곡궁,ko
Wygnańcy,추방자,ko
Wykuj Znajomego,친구 만들기,ko
Wykuklenie,훈련 봇 변환,ko
Wykuto w Sile,힘을 실은 제련,ko
Wyniesienie,초월,ko
Wyprzedaż na Ostro,급매,ko
Wyrocznia,예언자,ko
Wysokie Napięcie,고전압,ko
Wytnij sobie drogę,길을 내라,ko
Wywyższenie Kayle,케일의 승천,ko
Wzmacniający Medalion,활력증진의 펜던트,ko
Wzmocnienie Raz i Dwa,붉고 푸른 효과,ko
Wälzer der Attribute,특성의 고서,ko
Wędrujący Krab,협곡 바위 게,ko
Włócznia Shojin,쇼진의 창,ko
Xayah,자야,ko
Xoay Bài Tự Động,대격변 생성기,ko
Xây Dựng Đội Hình,끈끈한 우정,ko
Xúc Xắc Hoành Tráng,서사적 새로고침,ko
Xúc Xắc Ma Pháp,마법 주사위,ko
Xúc Xắc Vô Tận,새로고침의 날,ko
Xạ Thần,기동총격여신,ko
Yaldızlı Çelik,도금 강철,ko
Yalnız Zırh,고독한 방패,ko
Yampiri Yengeç,협곡 바위 게,ko
Yan Etkiler,부작용,ko
Yarı İletken,반도체,ko
Yasak İdol,금지된 우상,ko
Yasuo Figyelemmegosztása,야스오의 스포트라이트 공유,ko
Yasuo aranymezője,야스오의 황금 칸,ko
Yasuo kardforgatása,야스오의 검술,ko
Yasuo áldása,야스오의 은총,ko
Yasuo'nun Altın Hücresi,야스오의 황금 칸,ko
Yasuo'nun Kılıç Sanatı,야스오의 검술,ko
Yasuo'nun Lütfu,야스오의 은총,ko
Yasuo'nun İlgi Budalası Eklentisi,야스오의 스포트라이트 공유,ko
Yasuo's Bladework,야스오의 검술,ko
Yasuo's Boon,야스오의 은총,ko
Yasuo's Golden Hex,야스오의 황금 칸,ko
Yasuo's Share The Spotlight,야스오의 스포트라이트 공유,ko
Yasuo: Împarte centrul atenției,야스오의 스포트라이트 공유,ko
Yasuos Goldfeld,야스오의 황금 칸,ko
Yasuos Klingentanz,야스오의 검술,ko
Yasuos Segen,야스오의 은총,ko
Yasuos „Teile das Rampenlicht“,야스오의 스포트라이트 공유,ko
Yasuovo mistrovství meče,야스오의 검술,ko
Yasuovo zlaté pole,야스오의 황금 칸,ko
Yasuův dar,야스오의 은총,ko
Yasuův Široký paprsek,야스오의 스포트라이트 공유,ko
Yatırımın Getirisi,투자,ko
Yayılan Kökler,뻗어가는 뿌리,ko
Yayım Yayındır,활의 수호자,ko
Yağmacı,습격자,ko
Yağmacı Amblemi,습격자 상징,ko
Yaşayan Ocak,간이 대장간,ko
Yedek Yaylar,예비 활,ko
Yelmo Adaptable,적응형 투구,ko
Yelmo adaptable,적응형 투구,ko
Yelmo sombrío,습격자,ko
Yeni Çağ,새로운 시대,ko
Yenilemeye Devam,승승장구,ko
Yenilmez,불굴,ko
Yok Edici,말살자,ko
Yolumdan Dönmem,단일 조합 사수,ko
You Have My Bow,활의 수호자,ko
Yozlaşmış Vampirî Asa,타락한 흡혈의 낫,ko
Yük Aktarımı,전하 이동,ko
Yüklü Borç,대출 선지급,ko
Yüksek Voltaj,고전압,ko
Yükseliş,초월,ko
Yıldız Gözlemcisi,별돌보미,ko
Yıldız Gözlemcisi Amblemi,별돌보미 상징,ko
Yıldız Kombosu,별빛 연계,ko
Yıldızlara Uzan,저 별을 향해,ko
Yıpranmış Antika,해진 유물,ko
Za jakou cenu,응당한 대가,ko
Zaangażowanie,투자,ko
Zaawansowana Pożyczka,대출 선지급,ko
Zabiják obrů,거인 학살자,ko
Zabójca do Wynajęcia,청부 살인마,ko
Zabójczy Kapelusz Rabadona,라바돈의 죽음모자,ko
Zagracony Umysł,어수선한 마음,ko
Zagłada,파멸자,ko
Zakopane Skarby,파묻힌 보물,ko
Zakopané poklady,파묻힌 보물,ko
Zamankıran,시간 균열자,ko
Zamankıran Amblemi,시간 균열자 상징,ko
Zamiř ke hvězdám,저 별을 향해,ko
Zaměřovací optika,표적 고정 광학 장치,ko
Zaneprázdněná mysl,어수선한 마음,ko
Zapora Przedniej Formacji,전방의 토대,ko
Zapovězená modla,금지된 우상,ko
Zaprzepaszczona Znajomość,연결 불가,ko
Zapuszczanie Korzeni,뻗어가는 뿌리,ko
Zararına Satış,급매,ko
Zasłona Równości,저녁갑주,ko
Zbiry,불한당,ko
Zbytečně dlouhá hůl,쓸데없이 큰 지팡이,ko
Zdobená pěstnice,보석 건틀릿,ko
Zdobený květ,보석 연꽃,ko
Zdrang!,꽁!,ko
Zed,제드,ko
Zed,침략자 제드,ko
Zed Invasor,침략자 제드,ko
Zed Invasore,침략자 제드,ko
Zed Kẻ Xâm Lăng,침략자 제드,ko
Zefir,서풍,ko
Zefiro,서풍,ko
Zefír,서풍,ko
Zeitbrecher,시간 균열자,ko
Zeitbrecher-Emblem,시간 균열자 상징,ko
Zeița armelor,기동총격여신,ko
Zeke hírnöke,지크의 전령,ko
Zeke komor hírnöke,지크의 음산한 전령,ko
Zeke'nin Kasvetli Sancağı,지크의 음산한 전령,ko
Zeke'nin Sancağı,지크의 전령,ko
Zeke's Bleak Herald,지크의 음산한 전령,ko
Zeke's Herald,지크의 전령,ko
Zekes Herold,지크의 전령,ko
Zekes düsterer Herold,지크의 음산한 전령,ko
Zekeův pochmurný posel,지크의 음산한 전령,ko
Zekeův posel,지크의 전령,ko
Zephir,서풍,ko
Zephyr,서풍,ko
Zesílení do závěru hry,후반 성장,ko
Zhouba lichů,리치베인,ko
Zielerfassungslinse,표적 고정 광학 장치,ko
Zihin Açıklığı,맑은 정신,ko
Zihin Bulanıklığı,어수선한 마음,ko
Zihinsel Hazırlık,오라 축적,ko
Zincir Yelek,쇠사슬 조끼,ko
Zindelik Broşu,활력증진의 펜던트,ko
Zjazd Urodzinowy,생일 모임,ko
Zkázonoš,파멸자,ko
Zlaté vejce,황금 알,ko
Zlatý drak,황금 드래곤,ko
Zlatý hod,경품 추첨,ko
Zlatý monzun,돈 폭풍,ko
Zlodějské rukavice,도적의 장갑,ko
Zlodějíček,슬쩍하기,ko
Zmora Licza,리치베인,ko
Zoe,조이,ko
Zorn des Kraken,크라켄의 분노,ko
Zoé,조이,ko
Zrcadlová osobnost,거울의 환영,ko
Zručná výroba,정교한 공예,ko
Zrádné upírské žezlo,타락한 흡혈의 낫,ko
Zsivány,불한당,ko
Zsivány embléma,불한당 상징,ko
Zsúfolt elme,어수선한 마음,ko
Ztracené konexe,연결 불가,ko
Zu etwas nütze,다 쓸 데가 있다니까,ko
Zu viel Wert,2만한 가치,ko
Zu welchem Preis,응당한 대가,ko
Zu zäh,쌍두마차,ko
Zumito de la risa,카파 주스,ko
Zusammenarbeit,협력,ko
Zwillingswächter,쌍둥이 수호자,ko
Zwycięstwo Viktora z Arcane,아케인 빅토르이!,ko
Zz'Rot Kapısı,즈롯 차원문,ko
Zz'Rot Portal,즈롯 차원문,ko
Zz'Rot-Portal,즈롯 차원문,ko
Zz'Rot-kapu,즈롯 차원문,ko
Zákeřná monetizace,악의적 수익 창출,ko
Základ přední řady,전방의 토대,ko
Záložní luky,예비 활,ko
Záporozó könnyek,흐르는 눈물,ko
Závěrečný spurt,성취,ko
Zářivý rošťák,찬란한 장난꾸러기,ko
Zéfiro,서풍,ko
Zéphyr,서풍,ko
Zügiger Doppelkill,재빠른 더블 킬,ko
Ząb Nashora,내셔의 이빨,ko
Złote Jajo,황금 알,ko
Złote Pole Yasuo,야스오의 황금 칸,ko
Złote Ryzyko,경품 추첨,ko
Złoty Smok,황금 드래곤,ko
Złowroga Monetyzacja,악의적 수익 창출,ko
¡Bonk!,꽁!,ko
¡Estadísticas a tutiplén!,엄청나게 이로운 효과!,ko
¡Milestadísticas!,엄청나게 이로운 효과!,ko
¡Pum!,꽁!,ko
¡Sube de nivel!,레벨 업!,ko
¡Subes de nivel!,레벨 업!,ko
¿A qué precio?,응당한 대가,ko
¿Hacemos un Muñeco?,훈련 봇 변환,ko
¿Te Sientes con Suerte?,행운의 기운,ko
À toute meepesse,정령단 속도,ko
Ábrete Camino,길을 내라,ko
Ác Nữ,어둠의 여인,ko
Állhatatos szív,굳건한 심장,ko
Ám Ảnh Của Varus,바루스의 집착,ko
Ánima,동물특공대,ko
Áo Choàng Bóng Tối,밤의 끝자락,ko
Áo Choàng Bạc,음전자 망토,ko
Áo Choàng Chiến Thuật,전략가의 망토,ko
Áo Choàng Diệt Vong,끝없는 절망,ko
Áo Choàng Gai,덤불 조끼,ko
Áo Choàng Lửa,태양불꽃 망토,ko
Áo Choàng Mờ Ám,수상한 외투,ko
Áo Choàng Thủy Ngân,수은,ko
Áo Choàng Tĩnh Lặng,침묵의 장막,ko
Árbitro,중재자,ko
Árnybáb,그림자 꼭두각시,ko
Árvore de Características,특성 나무,ko
Ân Huệ Của Ahri,아리의 은총,ko
Ân Huệ Của Aurelion Sol,아우렐리온 솔의 은총,ko
Ân Huệ Của Ekko,에코의 은총,ko
Ân Huệ Của Evelynn,이블린의 은총,ko
Ân Huệ Của Kayle,케일의 은총,ko
Ân Huệ Của Soraka,소라카의 은총,ko
Ân Huệ Của Thresh,쓰레쉬의 은총,ko
Ân Huệ Của Varus,바루스의 은총,ko
Ân Huệ Của Yasuo,야스오의 은총,ko
Ân Huệ Tái Sinh,부활의 은총,ko
Ägide der Abenddämmerung,황혼의 방패,ko
Ägide der Morgendämmerung,새벽의 방패,ko
Çelik İntikam,기동총격여신,ko
Çelikten Yürek,강철의 심장,ko
Çifte Ödül,2인조,ko
Échos réparateurs,회복의 메아리,ko
Édes falatok,달콤한 간식,ko
Égida del Amanecer,새벽의 방패,ko
Égida del Ocaso,황혼의 방패,ko
Égida del amanecer,새벽의 방패,ko
Égida del anochecer,황혼의 방패,ko
Égide da Alvorada,새벽의 방패,ko
Égide de l'aube,새벽의 방패,ko
Égide do Crepúsculo,황혼의 방패,ko
Égide du crépuscule,황혼의 방패,ko
Électrocharge,고전압,ko
Élharcos,선봉대,ko
Élharcos embléma,선봉대 상징,ko
Énke,정령족,ko
Énke embléma,정령족 상징,ko
Énkesebesség,정령단 속도,ko
Énkike,꼬마 정령,ko
Época,새로운 시대,ko
Építhető kísérő,동료 제작,ko
Éradicateur,말살자,ko
Étincelle ionique,이온 충격기,ko
Éveil de l'âme,영혼 각성,ko
Éxito Crítico,치명적 성공,ko
Éxito crítico,치명적 성공,ko
Ídolo Prohibido,금지된 우상,ko
Ídolo Proibido,금지된 우상,ko
Ídolo prohibido,금지된 우상,ko
Îmbrâncire,재빠른 무장,ko
Îmbrățișare de grup,단체 포옹,ko
Împrumut avansat,대출 선지급,ko
În echipă,협력,ko
Încărcare electrică,고전압,ko
Înfățișarea sufletului,정령의 형상,ko
Întețește focul,땔감 제공,ko
Învingătorii iau totul,파이트 머니,ko
Învățături timpurii,조기 교육,ko
Óptica de Fijación de Objetivo,표적 고정 광학 장치,ko
Óptica de fijado de objetivos,표적 고정 광학 장치,ko
Óriásölő,거인 학살자,ko
Ô Hoàng Kim của Yasuo,야스오의 황금 칸,ko
Ôm Tập Thể,단체 포옹,ko
Ödüllü Müsabaka,파이트 머니,ko
Ölüm Kılıcı,죽음의 검,ko
Ölümcül Bıçaklar,치명적인 칼날,ko
Öncü,선봉대,ko
Öncü Amblemi,선봉대 상징,ko
Örök paktum,영원한 서약,ko
Összetartunk,하나로 뭉치는 거지,ko
Összetevőrablás,조합 아이템 강탈,ko
Össztűz,화력 집중,ko
Ösztönző medál,활력증진의 펜던트,ko
Övszállítmány,넘치는 허리띠,ko
Özel Yapım,최신상,ko
Özellik Ağacı,특성 나무,ko
Özellik Seç,특성 선택,ko
Özellikler Kitabı,특성의 고서,ko
Újonc,신병,ko
Újraalkotó,대격변 생성기,ko
Újrahasznosító láda,재활용 쓰레기통,ko
Újrasorsolás napestig,새로고침의 날,ko
Últimas palabras,최후의 속삭임,ko
Último Suspiro,최후의 속삭임,ko
Último Sussurro,최후의 속삭임,ko
Úsměv štěstěny,행운의 기운,ko
Úsvit nad Stříbromořím,은빛 여명,ko
Útočníkův řemdih,타격대의 철퇴,ko
Úvodní poznatky,조기 교육,ko
Übergroßer Stab,쓸데없이 큰 지팡이,ko
Überlebender,생존자,ko
Übungspuppe,훈련 봇,ko
Ürességkesztyű,공허 건틀릿,ko
Üçler Ordusu,3단계 군단,ko
Üçlük,삼인방,ko
Ý Chỉ Xích Chùy,철퇴의 의지,ko
Ăn Mòn,부식,ko
Ăn Trộm,슬쩍하기,ko
Čekající kovárna,신중한 제작,ko
Čepel smrti,죽음의 검,ko
Červený buff,붉은 덩굴정령,ko
Čistá mysl,맑은 정신,ko
Částečné vyzdvižení,불완전한 초월,ko
Đai Khổng Lồ,거인의 허리띠,ko
Đam Mê Gậy,넘치는 지팡이,ko
Đam Mê Kiếm,넘치는 대검,ko
Đam Mê Đai Lưng,넘치는 허리띠,ko
Đao Chớp,명멸검,ko
Đao Tím,마법사의 최후,ko
Đo Ni Đóng Giày,행운의 장갑,ko
Đá Hắc Hóa,역병의 보석,ko
Đánh Là Trúng,그냥 눌러,ko
Đường Ra Trận,출정,ko
Được Này Mất Kia,다 쓸 데가 있다니까,ko
Đại Bác Liên Thanh,고속 연사포,ko
Đấu Sĩ,싸움꾼,ko
Đầu Tư,투자,ko
Đẩy Nhanh Tiến Độ,출세가도,ko
Đặc Quyền Phú Gia,은수저,ko
Định Mệnh,운명술사,ko
Đồng Minh Của Bụt,수호자의 친구,ko
Độc Hành,추방자,ko
Đội Hình Tối Ưu,극대화 빌드,ko
Động Cơ Tăng Tốc,시계태엽 윤활유,ko
İdman Eldiveni,연습용 장갑,ko
İhtiyaç Paketi,선물 꾸러미,ko
İki Elin Sesi Var,2만한 가치,ko
İki Kat Güçlendirme,붉고 푸른 효과,ko
İkinci Şans,재생의 바람,ko
İkiz Muhafızlar,쌍둥이 수호자,ko
İleri Görüşlülük,미래 지향적 사고,ko
İleri Safha Gücü,후반 성장,ko
İleri Safhalarda Görüşürüz,후반 전문가,ko
İlk Öğretiler,조기 교육,ko
İstilacı Zed,침략자 제드,ko
İyon Kıvılcımı,이온 충격기,ko
Ładunek Elektryczny,고전압,ko
Łamacze Czasu,시간 균열자,ko
Ławka Pandory,판도라의 대기석,ko
Łubudu!,꽁!,ko
Łuki Zapasowe,예비 활,ko
Łut Szczęścia,행운의 기운,ko
Łza Bogini,여신의 눈물,ko
Łącze Cybernetyczne,사이버네틱 통신,ko
Łącze Drona,드론 업링크,ko
Œuf d'or,황금 알,ko
Říční krab,협곡 바위 게,ko
Ślubowanie Protektora,수호자의 맹세,ko
Świetliste Wywyższenie Kayle,케일의 찬란한 승천,ko
Świetlisty Szelma,찬란한 장난꾸러기,ko
Świeży Wyrób,최신상,ko
Świt Srebrzystej,은빛 여명,ko
Şafak Kalkanı,새벽의 방패,ko
Şafağın Özü,새벽심장,ko
Şans Benimle,행운의 기운,ko
Şanslı Eldiven,행운의 장갑,ko
Şanslı Hissediyorum,혼돈의 부름,ko
Şapkat Nektarı,카파 주스,ko
Şifalı Küreler,회복의 구,ko
Şifalı Yankılar,회복의 메아리,ko
Şok Dayanıklı,쌍두마차,ko
Şövalyenin Adağı,기사의 맹세,ko
Šplhání žebříčkem,서열 상승,ko
Štít soumraku,황혼의 방패,ko
Štít úsvitu,새벽의 방패,ko
Šťáva Cappa,카파 주스,ko
Űrzúzda,우주 그루브,ko
Űrzúzda embléma,우주 그루브 상징,ko
Żelazne Zasoby,유용한 금속,ko
Żywa Kuźnia,간이 대장간,ko
Żywe Srebro,수은,ko
Železné vybavení,유용한 금속,ko
Živoucí kovárna,간이 대장간,ko
Žoldnéř,습격자,ko
Žďuch!,꽁!,ko
Țesător al destinului,운명술사,ko
Țintește spre stele,저 별을 향해,ko
Άατροξ,아트록스,ko
Άνιμα,동물특공대,ko
Άξιζε η Αναμονή,기다림의 미학,ko
Έζρεαλ,이즈리얼,ko
Έμβλημα N.O.V.A.,N.O.V.A. 상징,ko
Έμβλημα Άνιμα,동물특공대 상징,ko
Έμβλημα Αστρομάντη,별돌보미 상징,ko
Έμβλημα Βοσκού,길잡이 상징,ko
Έμβλημα Διεκδικητή,도전자 상징,ko
Έμβλημα Ελεύθερου Σκοπευτή,저격수 상징,ko
Έμβλημα Εμπροσθοφυλακής,선봉대 상징,ko
Έμβλημα Καβγατζή,싸움꾼 상징,ko
Έμβλημα Κριτή,중재자 상징,ko
Έμβλημα Μιπ,정령족 상징,ko
Έμβλημα Πριμόρντιαν,태고족 상징,ko
Έμβλημα Σελασπίδας,라이트실드 문장,ko
Έμβλημα Σκοτεινού Ιππότη,습격자 상징,ko
Έμβλημα Ταξιδευτή,여행자 상징,ko
Έμβλημα Χρονοθραύστη,시간 균열자 상징,ko
Έμβλημα του Αλήτη,불한당 상징,ko
Έμβλημα του Διαστημικού Ρυθμού,우주 그루브 상징,ko
Έμβλημα του Προτειχίσματος,요새 상징,ko
Έμβλημα του Σκοτεινού Άστρου,암흑의 별 상징,ko
Έμβλημα των Σιδηρών Σολάρι,강철의 솔라리 펜던트,ko
Ένα Κομμάτι Ζωή,일상물,ko
"Ένα, Δύο, Πέντε!","하나, 둘, 다섯!",ko
"Ένα, Δύο, Τρία","하나, 둘, 셋",ko
Όλεθρος των Απέθαντων,리치베인,ko
Όρκος του Ιππότη,기사의 맹세,ko
Όρκος του Υπερασπιστή,수호자의 맹세,ko
Όψη Πνευμάτων,정령의 형상,ko
Ύποπτη Καπαρντίνα,수상한 외투,ko
Αγωγός,전달자,ko
Αδάμαστος,불굴,ko
Αιγίδα της Αυγής,새벽의 방패,ko
Αιγίδα του Δειλινού,황혼의 방패,ko
Αιμοδιψής,피바라기,ko
Αιχμή του Απείρου,무한의 대검,ko
Αιώνας,새로운 시대,ko
Αιώνια Διαθήκη,영원한 서약,ko
Ακάλι,아칼리,ko
Ακλόνητη Καρδιά,굳건한 심장,ko
Αλήτης,불한당,ko
Αμοιβαίο Κεφάλαιο,헤지 펀드,ko
Ανέλιξη,출세가도,ko
Αναλογική αύξηση προς το τέλος του παιχνιδιού,후반 성장,ko
Αναμονή του Απροσδόκητου,예상된 예상 밖의 결과,ko
Ανασυνδυαστής,대격변 생성기,ko
Ανεβαίνοντας στην Κατάταξη,서열 상승,ko
Ανταπόδοση,응징,ko
Αντιγραφέας,복제자,ko
Αντικείμενα Πανδώρας,판도라의 아이템,ko
Απέραντη Απόγνωση,끝없는 절망,ko
Απαγορευμένο Είδωλο,금지된 우상,ko
Απατεώνας,수완가,ko
Απλωμένες Ρίζες,뻗어가는 뿌리,ko
Αποθεωτικό Σιδηρουργείο,신성한 대장간,ko
Αποκλειστική Προσαρμογή,특별 맞춤 설정,ko
Απομίμηση,복제,ko
Αποφασιστικότητα του Τιτάνα,거인의 결의,ko
Αρετή του Μάρτυρα,순교자의 미덕,ko
Ασημένιο Κουτάλι,은수저,ko
Ασπίδα για Έναν,고독한 방패,ko
Ασπίδα του Συμβούλου,전략가의 방패,ko
Αστρικός Συνδυασμός,별빛 연계,ko
Αστρομάντης,별돌보미,ko
Ατσάλινοι Πόροι,유용한 금속,ko
Αυγή στο Σίλβερμιρ,은빛 여명,ko
Αυτοσχέδια Πανοπλία,임시변통 방어구,ko
Αφύπνιση Ψυχής,영혼 각성,ko
Βάρα και Σκάσε,그냥 눌러,ko
Βάρδος,바드,ko
Βέιγκαρ,베이가,ko
Βίκτορ,빅토르,ko
Βίκτορ της Απόκρυφης Γνώσης,아케인 빅토르이!,ko
Βαρύ Τίμημα,응당한 대가,ko
Βελτιστοποίηση,최적화,ko
Βεξ,벡스,ko
Βιονικά Εμφυτεύματα,사이버네틱 이식술,ko
Βιονική Ζεύξη,사이버네틱 통신,ko
Βοσκός,길잡이,ko
Βρες Το Κέντρο Σου,중심 잡기,ko
Γ.Μ.Τ. Σπαθί,B.F. 대검,ko
Γάντι του Κενού,공허 건틀릿,ko
Γάντια Μονομαχίας,연습용 장갑,ko
Γάντια του Κλέφτη,도적의 장갑,ko
Γάντια του Φούρναρη,방한 장갑,ko
Γαλαξιακός Κυνηγός,은하계 사냥꾼,ko
Γαριδρομέας,협곡 바위 게,ko
Γιαταγάνι Φαντασμάτων,망령 해적검,ko
Γκναρ,나르,ko
Γκουέν,그웬,ko
Γκράγκας,그라가스,ko
Γκρέιβς,그레이브즈,ko
Γκόλεμ,골렘,ko
Γνωσιακή Υπερφόρτιση,인지 과부하,ko
Γνωσιακό Κόστος,인지세,ko
Γρήγορη Διπλή Εξόντωση,재빠른 더블 킬,ko
Γρήγορη Εκκίνηση,시동 걸기,ko
Δάκρυ της Θεάς,여신의 눈물,ko
Δάνειο για προχωρημένους,대출 선지급,ko
Δίδυμοι Φύλακες,쌍둥이 수호자,ko
Δεν Υποχωρούμε,진형 유지,ko
Δεσμευτική Στρατηγική,극진한 헌신,ko
Διάβρωση,부식,ko
Διάταξη,정렬,ko
Διαδρομή Πολέμου,출정,ko
Διαστημικός Ρυθμός,우주 그루브,ko
Διεκδικητής,도전자,ko
Διεφθαρμένο Βαμπιρικό Σκήπτρο,타락한 흡혈의 낫,ko
Διοικήτρια Άνιμα,동물특공대 지휘관,ko
Διοικητής,지휘관,ko
Διπλή Αξία,2만한 가치,ko
Δοκίμασε Την Τύχη Σου,행운의 기운,ko
Δόντι του Νάσορ,내셔의 이빨,ko
Δόρυ του Σοτζίν,쇼진의 창,ko
Δύο Ντούκια,쌍두마차,ko
Δώρο Γενεθλίων,생일 선물,ko
Δώσε,재빠른 무장,ko
Εδραιωμένη Εμπροσθοφυλακή,전방의 토대,ko
Εδώ οι Καλές Ενισχύσεις,붉고 푸른 효과,ko
Εδώ το Παραδάκι,돈독,ko
Ειδικός Τελικών Σταδίων Παιχνιδιού,후반 전문가,ko
Εισβολέας Ζεντ,침략자 제드,ko
Εκπαίδευση Σωματοφύλακα,경호대 훈련,ko
Εκπτώσεις-φωτιά,급매,ko
Εκρηκτική Ανάπτυξη,폭발적인 성장,ko
Εκστρατεία,탐사,ko
Ελαφρώς Μαγική Ζαριά,약간 신비한 주사위,ko
Ελεύθερος Σκοπευτής,저격수,ko
Εμπορικός Πυρήνας,거래 중심지,ko
Εμπορικός Τομέας,교환의 장,ko
Εμπροσθοφυλακή,선봉대,ko
Ενισχυμένη Ισχύς,증강된 힘,ko
Εξολοθρευτής,말살자,ko
Εξόριστοι,추방자,ko
Εξύψωση,초월,ko
Επέκταση,가지 뻗기,ko
Επένδυση,투자,ko
Επίχρυσο Ατσάλι,도금 강철,ko
Επαγγελματίας Δολοφόνος,청부 살인마,ko
Επαγγελματίας Μαχητής,파이트 머니,ko
Επανεκκίνηση Αποστολής,임무 재시작,ko
Επιζών,생존자,ko
Επικίνδυνες Κινήσεις,위험한 행보,ko
Επικό Μπαρμπούτι,서사적 새로고침,ko
Επιλέξτε Χαρακτηριστικό,특성 선택,ko
Επόμενη Πίστα!,레벨 업!,ko
Εστιασμένο Πυρ,화력 집중,ko
Ευελιξία,유연함,ko
Ευλογία Ανάστασης,부활의 은총,ko
Ευλογία του Νταή,고철 수집가의 은총,ko
Ευπροσάρμοστο Κράνος,적응형 투구,ko
Εφεδρικά Τόξα,예비 활,ko
Ζάια,자야,ko
Ζέφυρος,서풍,ko
Ζεντ,제드,ko
Ζεύξη με Ντρόουν,드론 업링크,ko
Ζοφερός Κήρυκας του Ζέκε,지크의 음산한 전령,ko
Ζωντανή Πυρά,간이 대장간,ko
Ζόη,조이,ko
Ζώνη του Γίγαντα,거인의 허리띠,ko
Η Έξαρση της Κέιλ,케일의 승천,ko
Η Ακτινοβόλος Έξαρση της Κέιλ,케일의 찬란한 승천,ko
Η Αύρα της Άρι,아리의 오라,ko
Η Εμμονή του Βάρους,바루스의 집착,ko
Η Μεγάλη Έκρηξη,빅뱅,ko
Η Ξιφασκία του Υασούο,야스오의 검술,ko
Η Υπομονή Είναι Αρετή,참는 자에게 복을,ko
Η Υπομονή του Έκκο,에코의 인내,ko
Η Ψυχή του Πάρτι,파티광,ko
Η ομάδα πάνω απ' όλα,협력,ko
Ηλεκτροφόρτιση,고전압,ko
Ημιαγωγός,반도체,ko
Ηρωικός Σάκος Δώρων,영웅 꾸러미,ko
Θέατρο Σκιών,그림자 꼭두각시,ko
Θέληση του Ροπάλου,철퇴의 의지,ko
Θαμμένοι Θησαυροί,파묻힌 보물,ko
Θανάσιμα Καπέλα,더욱 치명적인 모자,ko
Θεά των Όπλων,기동총격여신,ko
Θεϊκή Ευλογία,신의 축복,ko
Θεϊκός Μονομάχος,신성 결투가,ko
Θυσία Αίματος,피의 공물,ko
Θώρακας Κισσού,덤불 조끼,ko
Ιαματικός Αντίλαλος,회복의 메아리,ko
Ιλλαόη,일라오이,ko
Ιστορική Ανατροπή,역전의 서막,ko
Ιόνιος Σπίθα,이온 충격기,ko
Κάδος με Παλιοσίδερα,재활용 쓰레기통,ko
Κάι'Σα,카이사,ko
Κάλεσμα στο Χάος,혼돈의 부름,ko
Κάπα του Συμβούλου,전략가의 망토,ko
Κάρμα,카르마,ko
Κάτι Κάνω και Εγώ,다 쓸 데가 있다니까,ko
Κέιτλιν,케이틀린,ko
Κήρυκας του Ζέκε,지크의 전령,ko
Κίντρεντ,킨드레드,ko
Καβγατζής,싸움꾼,ko
Καθαρό Μυαλό,맑은 정신,ko
Κακόβουλα Έσοδα,악의적 수익 창출,ko
Καλά Φιλαράκια,단짝,ko
Κανόνι από Γυαλί,유리 대포,ko
Καπέλο του Ράμπαντον,라바돈의 죽음모자,ko
Καρδιά από Ατσάλι,강철의 심장,ko
Καταιγίδα του Λούντεν,루덴의 폭풍,ko
Καταναλωτική Μανία,흥청망청,ko
Καταραμένη Λεπίδα,저주받은 칼날,ko
Καταραμένο Πετράδι,역병의 보석,ko
Καταραμένο Στέμμα,저주받은 왕관,ko
Καταστροφέας,파멸자,ko
Κατοπτρισμένη Προσωπικότητα,거울의 환영,ko
Κατώτερη Κατοπτρισμένη Προσωπικότητα,하급 거울의 환영,ko
Καχουναχούνα,에너지 파동,ko
Κολοσσιαία Ύδρα,거대한 히드라,ko
Κοσμική Επανεκκίνηση,우주적 재시작,ko
Κουζίνα του Συμβούλου,전략가의 주방,ko
Κουκλοποίηση,훈련 봇 변환,ko
Κούκλα Εκπαίδευσης,훈련 봇,ko
Κούκλες Δοκιμής Σύγκρουσης,충돌 시험용 봇,ko
Κρίσιμη Επιτυχία,치명적 성공,ko
Κριτής,중재자,ko
Κρυφό Εργαστήριο,신중한 제작,ko
Κυνήγι Θησαυρού,보물 사냥,ko
Κυρτό Τόξο,곡궁,ko
Κόκκινη Ενίσχυση,붉은 덩굴정령,ko
Κόπανος Εφόδου,타격대의 철퇴,ko
Κόρκι,코르키,ko
Κύπελλο της Δύναμης,힘의 성배,ko
ΛεΜπλάν,르블랑,ko
Λεγεώνα των Τριών,3단계 군단,ko
Λειτουργία Αγωγού,전달자 모드,ko
Λειτουργία Αντιγραφέα,복제자 모드,ko
Λειτουργία Διεκδικητή,도전자 모드,ko
Λελογισμένη Ήττα,계산된 패배,ko
Λεπίδα Θανάτου,죽음의 검,ko
Λεπίδα της Νύχτας,밤의 끝자락,ko
Λεόνα,레오나,ko
Ληστεία Συστατικών,조합 아이템 강탈,ko
Λισάντρα,리산드라,ko
Λογαριασμός Ταμιευτηρίου,예금 계좌,ko
Λούλου,룰루,ko
Λυτρωτής,구원자,ko
Μάζωξη γενεθλίων,생일 모임,ko
Μάντης,예언자,ko
Μάστερ Γι,마스터 이,ko
Μέγιστο Build,극대화 빌드,ko
Μένουμε Ενωμένοι,하나로 뭉치는 거지,ko
Μίλιο,밀리오,ko
Μίνι Μαύρη Τρύπα,소형 블랙홀,ko
Μαγική Ζαριά,마법 주사위,ko
Μαγικό Υφαντό,얽힌 마법,ko
Μαγοτεχνικό Σπαθοπίστολο,마법공학 총검,ko
Μαζί Ενωμένοι,단결된 의지,ko
Μαζί στο Φως των Προβολέων του Υασούο,야스오의 스포트라이트 공유,ko
Μαθήματα Πυγμαχίας,권투 교습,ko
Μανδύας Εξουδετέρωσης,음전자 망토,ko
Μανδύας του Ήλιου,태양불꽃 망토,ko
Μαοκάι,마오카이,ko
Μεγάλοι Και Τρανοί,거대하고 강력한,ko
Μερική Εξύψωση,불완전한 초월,ko
Μεταφορά Φορτίου,전하 이동,ko
Μια Ένδοξη Περιπέτεια,고귀한 모험,ko
Μικροί Στο Μάτι,작지만 치명적인,ko
Μικροσκοπικοί Τιτάνες,꼬마 거인,ko
Μικρούληδες Φίλοι,작은 친구들,ko
Μικρός Σάκος Δώρων,작은 꾸러미,ko
Μιπ,정령족,ko
Μιπίδιο,꼬마 정령,ko
Μις Φόρτσουν,미스 포츈,ko
Μοργκάνα,모르가나,ko
Μορελονομικόν,모렐로노미콘,ko
Μορντεκάιζερ,모데카이저,ko
Μπελ'Βεθ,벨베스,ko
Μπλίτζκρανκ,블리츠크랭크,ko
Μπλε Ενίσχυση,푸른 파수꾼,ko
Μπονκ!,꽁!,ko
Μπράιαρ,브라이어,ko
Νάμι,나미,ko
Νάσους,나서스,ko
Νεοσύλλεκτος,신병,ko
Νούνου και Γουίλαμπ,누누와 윌럼프,ko
Ντιάνα,다이애나,ko
Ντόρτια,4후지원,ko
Νύχι του Δράκου,용의 발톱,ko
Νύχια του Λωποδύτη,자객의 발톱,ko
Ο Δολοφόνος που δεν Κάνει Διακρίσεις,무차별적 살인자,ko
Ο Πάγκος της Πανδώρας,판도라의 대기석,ko
Ο Πρωταγωνιστής δεν Πεθαίνει,주인공 버프,ko
Ο Πύργος,탑,ko
Ο Χρυσός Δράκος,황금 드래곤,ko
Ο πιο Μικροσκοπικός Τιτάνας,꼬꼬마 거인,ko
"ΟΧΙ ΠΑΡΑΚΟΛΟΥΘ., ΟΧΙ ΑΛΛΑΓΕΣ",단일 조합 사수,ko
Οι Απροσάρμοστοι,반항아,ko
"Οικονόμος, όχι Τσιγκούνης",현명한 소비,ko
Ολοκαίνουργιο,최신상,ko
Ομαδική Αγκαλιά,단체 포옹,ko
Οπτικά Συστήματα Στόχευσης,표적 고정 광학 장치,ko
Οργή του Κράκεν,크라켄의 분노,ko
Οργανικό Εμφύτευμα,공감 임플란트,ko
Οργισμένο Σπαθί του Γκουίνσου,구인수의 격노검,ko
Ορν,오른,ko
Ουρά Αναμονής Για Δύο,2인조,ko
Ούργκοτ,우르곳,ko
Πάικ,파이크,ko
Πάνθεον,판테온,ko
Πέπλο Δειλινού,저녁갑주,ko
Πέπλο της Σιωπής,침묵의 장막,ko
Πέτρινη Πανοπλία του Γκαργκόιλ,가고일 돌갑옷,ko
Πακέτο Ενίσχυσης,부스터 팩,ko
Πακέτο Φροντίδας,선물 꾸러미,ko
Πανοπλία του Γόρμογκ,워모그의 갑옷,ko
Παρανοϊκό Ξίφος,마법사의 최후,ko
Παρασιτική Ζωτικότητα,흡혈의 활력,ko
Παρενέργειες,부작용,ko
Περίσσευμα Ζωνών,넘치는 허리띠,ko
Περίσσευμα Ραβδιών,넘치는 지팡이,ko
Περίσσευμα Σπαθιών,넘치는 대검,ko
Περίτεχνη Δημιουργία,정교한 공예,ko
Περικάρπιο του Ερευνητή,추적자의 팔목 보호대,ko
Περιττά Τεράστια Ράβδος,쓸데없이 큰 지팡이,ko
Περπάτα στα Κάρβουνα,땔감 제공,ko
Πετραδένιο Γάντι,보석 건틀릿,ko
Πετραδένιος Λωτός,보석 연꽃,ko
Πηγαίνοντας Μακριά,장기 투자,ko
Πιο Θανάσιμες Λεπίδες,치명적인 칼날,ko
Πλέγμα Κακόβουλου Λογισμικού,악성코드 매트릭스,ko
Πνεύμα Λύτρωσης,구원의 영혼,ko
Πολλά Στατιστικά!,엄청나게 이로운 효과!,ko
Πολλές Ανανεώσεις,새로고침의 날,ko
Πολυκαιρισμένο Κειμήλιο,해진 유물,ko
Πολυτελής Συνδρομή,호화로운 정기 구독,ko
Πολύπλευρο Κέρδος,성취,ko
Πριμόρντιαν,태고족,ko
Πρισματικό Εισιτήριο,프리즘 티켓,ko
Προνοητική Σκέψη,미래 지향적 사고,ko
Προστασία από Άπειρο,무한한 보호,ko
Προτείχισμα,요새,ko
Προτείχισμα,보루,ko
Πρόκληση του Στέρακ,스테락의 도전,ko
Πρώιμες Διδαχές,조기 교육,ko
Πόπι,뽀삐,ko
Πύλη Ζζ'Ροτ,즈롯 차원문,ko
Ράαστ,라아스트,ko
Ράβδος του Κενού,공허의 지팡이,ko
Ράβδος των Σεραφίμ,고위천사의 지팡이,ko
Ράμους,람머스,ko
Ρίβεν,리븐,ko
Ραβδί Αρχάγγελου,대천사의 지팡이,ko
Ρεκ'Σάι,렉사이,ko
Σάκος Δώρων,아이템 꾸러미,ko
Σάκος Δώρων του Ουρφ,우르프의 꾸러미,ko
Σάκος Μεγάλου Κάβουρα,큰 꾸러미,ko
Σαμίρα,사미라,ko
Σεν,쉔,ko
Σιδερόπλεκτο Γιλέκο,쇠사슬 조끼,ko
Σκοτεινή Κυρία,어둠의 여인,ko
Σκοτεινό Άστρο,암흑의 별,ko
Σκοτεινός Ιππότης,습격자,ko
Σκοτισμένο Μυαλό,어수선한 마음,ko
Σμιλεμένο με Δύναμη,힘을 실은 제련,ko
Σοκολατάκια,달콤한 간식,ko
Σούφρωμα,슬쩍하기,ko
Σπάτουλα,뒤집개,ko
Στέμμα του Συμβούλου,전략가의 왕관,ko
Στεμματοφύλακας,크라운가드,ko
Στιλέτο Στατικού Ηλεκτρισμού,스태틱의 단검,ko
Στόχος μας τα Άστρα,저 별을 향해,ko
Συγκέντρωση Δυνάμεων,재생의 바람,ko
Συγκέντρωση Ορίζοντα,지평선의 초점,ko
Συμμορία,도둑 무리,ko
Συμμορία II,도둑 무리 II,ko
Συνδρομητική Υπηρεσία,구독 서비스,ko
Συνεχής Επίκληση,연속 주문 사용,ko
Συντήρηση Βιοΰλης,유기물 보존기,ko
Σφαίρες Θεραπείας,회복의 구,ko
Σχέδιο Οπισθοφυλακής,후방 설계도,ko
Σόλο Άνοδος Επιπέδου,나 혼자 레벨업,ko
Σόνα,소나,ko
Σύμμαχος του Οδοιπόρου,수호자의 친구,ko
Σύσφιξη Δεσμών,끈끈한 우정,ko
Τάλον,탈론,ko
Τίμο,티모,ko
Τα Δάκρυα Κύλησαν,흐르는 눈물,ko
Ταμ Κεντς,탐 켄치,ko
Ταμπλό του Ήλιου,태양불꽃판,ko
Ταξιδευτής,여행자,ko
Τελευταίος Ψίθυρος,최후의 속삭임,ko
Τερμιπική Ταχύτητα,정령단 속도,ko
Τεχνίτης Ραβδιών,지팡이 제작자,ko
Τεχνίτης Σπαθιών,검 제작자,ko
Τζαξ,잭스,ko
Τζιν,진,ko
Τζινξ,징크스,ko
Τηγάνι,프라이팬,ko
Τιμή σε Αίμα,피의 대가,ko
Τιμή του Πολέμαρχου,대장군의 명예,ko
Το Ένστικτο της Έβελιν,이블린의 본능,ko
Το Δέντρο των Χαρακτηριστικών,특성 나무,ko
Το Δώρο της Άρι,아리의 은총,ko
Το Δώρο της Έβελιν,이블린의 은총,ko
Το Δώρο της Κέιλ,케일의 은총,ko
Το Δώρο της Σοράκα,소라카의 은총,ko
Το Δώρο του Έκκο,에코의 은총,ko
Το Δώρο του Βάρους,바루스의 은총,ko
Το Δώρο του Θρες,쓰레쉬의 은총,ko
Το Δώρο του Υασούο,야스오의 은총,ko
Το Δώρο του Ωρέλιον Σολ,아우렐리온 솔의 은총,ko
Το Θαύμα της Σοράκα,소라카의 기적,ko
Το Λημέρι του Βαρόνου,남작의 소굴,ko
Το Μέγεθος Μετράει,크기의 중요성,ko
Το Πανίσχυρο Mech,거대 메크 로봇,ko
Το Στέμμα Είναι Βαρύ,왕관의 무게,ko
Το Τέχνασμα του Ουρφ,우르프의 갬빗,ko
Το Τεσσάρι το Καλό,4가 함께하길,ko
Το Τόξο μου στη Διάθεσή σου,활의 수호자,ko
Το Φανάρι του Θρες,쓰레쉬의 랜턴,ko
Το Χαρντκόρε Της Αυγής,새벽심장,ko
Το Χρυσό Αυγό,황금 알,ko
Τονωτικό Μενταγιόν,활력증진의 펜던트,ko
Τουίστεντ Φέιτ,트위스티드 페이트,ko
Τρίδυμο,삼인방,ko
Τρεμολεπίδες,명멸검,ko
Τσεκούρι της Κόλασης,지옥불 손도끼,ko
Τσο'Γκαθ,초가스,ko
Τυχερά Γάντια,행운의 장갑,ko
Τόμος Χαρακτηριστικών,특성의 고서,ko
"Τώρα Κλαις, Γιατί Κλαις",실컷 울어봐라,ko
Τώρα Που Έχω Ρέντα,승승장구,ko
ΥΠΕΡΤΑΧYΤΑΤΟ ΠΥΡ,U.R.F,ko
Υδράργυρος,수은,ko
Υπέρλαμπρος Κατεργάρης,찬란한 장난꾸러기,ko
Υπομονετική Μελέτη,끈질긴 연구,ko
Υφάντρα της Μοίρας,운명술사,ko
Υψηλή Τάση,고전압,ko
Φαρμάρισμα Αύρας,오라 축적,ko
Φιζ,피즈,ko
Φιόρα,피오라,ko
Φλεγόμενο Ολμοβόλο,고속 연사포,ko
Φολιδωτή Ουσία,빛비늘 정수,ko
Φονέας Γιγάντων,거인 학살자,ko
Φορητό Εργαστήριο,휴대용 대장간,ko
Φτιάξε Έναν Φίλο,친구 만들기,ko
Φτιάξε τον Δικό σου Φίλο,친구 만들기,ko
Φτιάξτε έναν σύντροφο,동료 제작,ko
Φυλαχτό της Εξύψωσης,승천의 부적,ko
Χάλκινη για Πάντα,영원한 브론즈,ko
Χέρι της Δικαιοσύνης,정의의 손길,ko
Χαμένες Συνδέσεις,연결 불가,ko
Χαράξτε Μονοπάτι,길을 내라,ko
Χαρτζιλίκι,점심값,ko
Χρηματοθύελλα,돈 폭풍,ko
Χρονοθραύστης,시간 균열자,ko
Χρυσό Εξάγωνο του Υασούο,야스오의 황금 칸,ko
Χρυσό Ποντάρισμα,경품 추첨,ko
Χυμός Κάπα,카파 주스,ko
Ψαροκόκκαλο,생선대가리,ko
Ψυχογενές Έμβλημα,초능력 상징,ko
Ψυχογενής,초능력,ko
Ωρέλιον Σολ,아우렐리온 솔,ko
Ωρολογιακός Επιταχυντής,시계태엽 윤활유,ko
Ωρόρα,오로라,ko
Авангард,선봉대,ko
Аврора,오로라,ko
Агрессивная монетизация,악의적 수익 창출,ko
Адаптивный шлем,적응형 투구,ko
Акали,아칼리,ko
Арбитр,중재자,ko
Арена солнечного пламени,태양불꽃판,ko
Атрокс,아트록스,ko
Аугментированная сила,증강된 힘,ko
Аура Ари,아리의 오라,ko
Аурелион Сол,아우렐리온 솔,ko
Бард,바드,ko
Башня,탑,ko
Бел'Вет,벨베스,ko
Бесконечное отчаяние,끝없는 절망,ko
Благословлен.,신의 축복,ko
Близость удачи,행운의 기운,ko
Блицкранк,블리츠크랭크,ko
Божественный дуэлянт,신성 결투가,ko
Более смертельные шляпы,더욱 치명적인 모자,ko
Больше – лучше,크기의 중요성,ko
Большой взрыв,빅뱅,ko
Большой мешок с сюрпризом,큰 꾸러미,ko
Боньк!,꽁!,ko
Брайер,브라이어,ko
Бронза навек,영원한 브론즈,ko
Бунтари,반항아,ko
Буря Людена,루덴의 폭풍,ko
Бустер,부스터 팩,ko
В лучах славы (Ясуо),야스오의 스포트라이트 공유,ko
В ударе,승승장구,ko
Варежки,방한 장갑,ko
Вверх по головам,서열 상승,ko
Вейгар,베이가,ko
Векс,벡스,ko
Вербовка,신병,ko
Верное сердце,굳건한 심장,ko
Вестник Зика,지크의 전령,ko
Вестник рока,파멸자,ko
Вечерний покров,저녁갑주,ko
Вечное обновление,새로고침의 날,ko
Вечный договор,영원한 서약,ko
Взрывной рост,폭발적인 성장,ko
Виктор,빅토르,ko
Возвышение Кейл,케일의 승천,ko
Возмездие,응징,ko
Вознесение,초월,ko
Волевая победа,역전의 서막,ko
Воля булавы,철퇴의 의지,ko
Воровская шайка,도둑 무리,ko
Воровская шайка II,도둑 무리 II,ko
Восстанавливающий медальон,활력증진의 펜던트,ko
Вредоносная матрица,악성코드 매트릭스,ko
Вредоносный самоцвет,역병의 보석,ko
Второе дыхание,재생의 바람,ko
Выбор особенности,특성 선택,ko
Выбор сделан,단일 조합 사수,ko
Выгодное предложение,현명한 소비,ko
Выживший,생존자,ko
Высокая ценность,2만한 가치,ko
Высокое напряжение,고전압,ko
Галактика грува,우주 그루브,ko
Гамбит Урфа,우르프의 갬빗,ko
Гвен,그웬,ko
Герб Лайтшилдов,라이트실드 문장,ko
Геройский мешок с сюрпризом,영웅 꾸러미,ko
Гибкость,유연함,ko
Гнар,나르,ko
Голем,골렘,ko
Головокружение,어수선한 마음,ko
Головорез,불한당,ko
Горнило испытаний,힘을 실은 제련,ko
Грабеж,슬쩍하기,ko
Грагас,그라가스,ko
Грань Бесконечности,무한의 대검,ko
Грань ночи,밤의 끝자락,ko
Грейвз,그레이브즈,ko
Гроза Личей,리치베인,ko
Гроза галактики,기동총격여신,ko
Групповые обнимашки,단체 포옹,ko
Гуляка,파티광,ko
Да пребудет с вами сила четверки,4가 함께하길,ko
Дальновидность,미래 지향적 사고,ko
Дар Ари,아리의 은총,ko
Дар Аурелиона Сола,아우렐리온 솔의 은총,ko
Дар Варуса,바루스의 은총,ko
Дар Кейл,케일의 은총,ko
Дар Сораки,소라카의 은총,ko
Дар Треша,쓰레쉬의 은총,ko
Дар Эвелинн,이블린의 은총,ko
Дар Экко,에코의 은총,ko
Дар Ясуо,야스오의 은총,ko
Дар возрождения,부활의 은총,ko
Дар ремесленника,고철 수집가의 은총,ko
Два стража,쌍둥이 수호자,ko
Двойная защита,쌍두마차,ko
Дебошир,싸움꾼,ko
Дерево особенностей,특성 나무,ko
Держать строй!,진형 유지,ko
Держимся вместе,하나로 뭉치는 거지,ko
Джакс,잭스,ko
Джин,진,ko
Джинкс,징크스,ko
Диана,다이애나,ko
Добродетель мученика,순교자의 미덕,ko
Доспех Вармога,워모그의 갑옷,ko
Драгоценная перчатка,보석 건틀릿,ko
Драгоценный лотос,보석 연꽃,ko
Дух искупления,구원의 영혼,ko
Жажда золота,돈독,ko
Железный аргумент,유용한 금속,ko
Живая кузница,간이 대장간,ko
Живучесть вампира,흡혈의 활력,ko
Жулик,수완가,ko
Задира,도전자,ko
Закопанные сокровища,파묻힌 보물,ko
Западный ветер,서풍,ko
Запасные луки,예비 활,ko
Запретный идол,금지된 우상,ko
Заточка Статикка,스태틱의 단검,ko
Защита вечности,무한한 보호,ko
Звездная комбинация,별빛 연계,ko
Звездочет,별돌보미,ko
Звериный отряд,동물특공대,ko
Зед,제드,ko
Зеркальное отражение,거울의 환영,ko
Златоносная сущность,빛비늘 정수,ko
Зов хаоса,혼돈의 부름,ko
Зои,조이,ko
Золотая ячейка Ясуо,야스오의 황금 칸,ko
Золотое яйцо,황금 알,ko
Золотой дракон,황금 드래곤,ko
Золотой риск,경품 추첨,ko
Золотой ураган,돈 폭풍,ko
Зуб Нашора,내셔의 이빨,ko
Игра в команде,협력,ko
Игра в паре,2인조,ko
Игра вдолгую,장기 투자,ko
Избиение,재빠른 무장,ko
Изгнание,추방자,ko
Изогнутый лук,곡궁,ko
Иллаой,일라오이,ko
Инвестиции,투자,ko
Инстинкты Эвелинн,이블린의 본능,ko
Ионийская искра,이온 충격기,ko
Искупитель,구원자,ko
Искусное искусство,정교한 공예,ko
Испытание Стерака,스테락의 도전,ko
Иссушенная реликвия,해진 유물,ko
Истребитель,말살자,ko
Кай'Са,카이사,ko
Какой ценой?,응당한 대가,ko
Каменный доспех гаргульи,가고일 돌갑옷,ko
Карма,카르마,ko
Карманные деньги,점심값,ko
Карьерный рост,출세가도,ko
Кахунахуна,에너지 파동,ko
Кейтлин,케이틀린,ko
Киберимпланты,사이버네틱 이식술,ko
Киберподдержка,사이버네틱 통신,ko
Киндред,킨드레드,ko
Клинок смерти,죽음의 검,ko
Клинок ярости Гинсу,구인수의 격노검,ko
Клятва защитника,수호자의 맹세,ko
Клятва рыцаря,기사의 맹세,ko
Книга особенностей,특성의 고서,ko
Когнитивная нагрузка,인지세,ko
Когнитивная перегрузка,인지 과부하,ko
Коготь дракона,용의 발톱,ko
Коготь охотника,자객의 발톱,ko
Кольчуга,쇠사슬 조끼,ko
Командир,지휘관,ko
Командир Звериного отряда,동물특공대 지휘관,ko
Конструктор,친구 만들기,ko
Копье Седзина,쇼진의 창,ko
Корки,코르키,ko
Королевский венец,크라운가드,ko
Корона тактика,전략가의 왕관,ko
Коррозия,부식,ko
Космическое обновление,우주적 재시작,ko
Кража компонентов,조합 아이템 강탈,ko
Красное усиление,붉은 덩굴정령,ko
Критический успех,치명적 성공,ko
Кровавая цена,피의 대가,ko
Кровавое подношение,피의 공물,ko
Кровопийца,피바라기,ko
Крошки-великаны,꼬마 거인,ko
Крупный займ,대출 선지급,ko
Кузница апофеоза,신성한 대장간,ko
Кусочек жизни,일상물,ko
Кухня тактика,전략가의 주방,ko
Ле Блан,르블랑,ko
Легион троек,3단계 군단,ko
Леденящий Вестник Зика,지크의 음산한 전령,ko
Леона,레오나,ko
Летающие ножи,명멸검,ko
Лиссандра,리산드라,ko
Логово Барона,남작의 소굴,ko
Лопатка,뒤집개,ko
Лулу,룰루,ko
Лучезарное возвышение Кейл,케일의 찬란한 승천,ko
Лучезарный плут,찬란한 장난꾸러기,ko
Лучшая сборка,극대화 빌드,ko
Лучшие друзья,단짝,ko
Магические кости,마법 주사위,ko
"Мал, да удал",작지만 치명적인,ko
Малая черная дыра,소형 블랙홀,ko
Маленькие друзья,작은 친구들,ko
Малое Зеркальное отражение,하급 거울의 환영,ko
Манекенофикация,훈련 봇 변환,ko
Манекены для краш-тестов,충돌 시험용 봇,ko
Мантия тактика,전략가의 망토,ko
Маокай,마오카이,ko
Мародер,습격자,ko
Мастер Йи,마스터 이,ko
Мастер мечей,검 제작자,ko
Мастер посохов,지팡이 제작자,ko
Мастерство Ясуо,야스오의 검술,ko
Медальон Железных Солари,강철의 솔라리 펜던트,ko
Мешок предметов,아이템 꾸러미,ko
Мешок с сюрпризом Урфа,우르프의 꾸러미,ko
Милио,밀리오,ko
Минмаксинг,최적화,ko
Мипер,정령족,ko
Мипоритка,꼬마 정령,ko
Мисс Фортуна,미스 포츈,ko
Могучие исполины,거대하고 강력한,ko
Моргана,모르가나,ko
Мордекайзер,모데카이저,ko
Мореллономикон,모렐로노미콘,ko
Мощь на позднем этапе,후반 성장,ko
Н.О.В.А.,N.O.V.A.,ko
Набор ауры,오라 축적,ko
Наемный убийца,청부 살인마,ko
Накидка солнечного пламени,태양불꽃 망토,ko
Накопитель биомассы,유기물 보존기,ko
Накопительный вклад,예금 계좌,ko
Нами,나미,ko
Наручи Искательницы,추적자의 팔목 보호대,ko
Настоящий триумф,성취,ko
Насус,나서스,ko
Небольшой мешок с сюрпризом,작은 꾸러미,ko
Непрерывное колдовство,연속 주문 사용,ko
Несокрушимый,요새,ko
Нет на месте,자리 비움,ko
Неукротимость,불굴,ko
Нечестивый Вампирский скипетр,타락한 흡혈의 낫,ko
Новинка,최신상,ko
Новый уровень!,레벨 업!,ko
Номер один,연결 불가,ko
Нуну и Виллумп,누누와 윌럼프,ko
Облачение духов,정령의 형상,ko
Обновление с капелькой магии,약간 신비한 주사위,ko
Одержимость Варуса,바루스의 집착,ko
Один доспех,고독한 방패,ko
"Один, два, три","하나, 둘, 셋",ko
"Одно усиление, два усиления",붉고 푸른 효과,ko
Ожидаемая неожиданность,예상된 예상 밖의 결과,ko
Оплот,보루,ko
Оплот передней линии,전방의 토대,ko
Оправданное ожидание,기다림의 미학,ko
Оптика с захватом цели,표적 고정 광학 장치,ko
Оракул,예언자,ko
Орн,오른,ko
Охота за сокровищами,보물 사냥,ko
Охотник Галактики,은하계 사냥꾼,ko
Пайк,파이크,ko
Пантеон,판테온,ko
Пастух,길잡이,ko
Перезапуск миссии,임무 재시작,ko
Переизбыток жезлов,넘치는 지팡이,ko
Переизбыток мечей,넘치는 대검,ko
Переизбыток поясов,넘치는 허리띠,ko
Перенос заряда,전하 이동,ko
Переносная кузница,휴대용 대장간,ko
Переработка отходов,재활용 쓰레기통,ko
Перчатка Бездны,공허 건틀릿,ko
Перчатки вора,도적의 장갑,ko
Плетение магии,얽힌 마법,ko
Плечом к плечу,단결된 의지,ko
Победа Виктора из ''Аркейна'',아케인 빅토르이!,ko
Побочные эффекты,부작용,ko
Поглощающий плащ,음전자 망토,ko
Подарок на день рождения,생일 선물,ko
Подготовка телохранителя,경호대 훈련,ko
Поднятие уровня в одиночку,나 혼자 레벨업,ko
Подозрительный плащ,수상한 외투,ko
Подписка,구독 서비스,ko
Позолоченная сталь,도금 강철,ko
Покров тишины,침묵의 장막,ko
Покупки,흥청망청,ko
Полупроводник,반도체,ko
Поппи,뽀삐,ko
Портал Зз'Рота,즈롯 차원문,ko
Посох Бездны,공허의 지팡이,ko
Посох архангела,대천사의 지팡이,ko
Посох серафима,고위천사의 지팡이,ko
Построение,정렬,ko
Посылка,선물 꾸러미,ko
Пояс великана,거인의 허리띠,ko
Празднование юбилея,생일 모임,ko
Предметы Пандоры,판도라의 아이템,ko
Предсмертный шепот,최후의 속삭임,ko
Приз победителю,파이트 머니,ko
Призматический билет,프리즘 티켓,ko
Призрачная сабля,망령 해적검,ko
Прицельная стрельба,화력 집중,ko
Пришелец Зед,침략자 제드,ko
Пробуждение души,영혼 각성,ko
Проводник,전달자,ko
Прокладывание пути,길을 내라,ko
Проклятая корона,저주받은 왕관,ko
Проклятый клинок,저주받은 칼날,ko
Псионик,초능력,ko
Пугливый краб,협곡 바위 게,ko
Путь к вершине,고귀한 모험,ko
Путь к звездам,저 별을 향해,ko
Рааст,라아스트,ko
"Раз, два, пять!","하나, 둘, 다섯!",ko
Разрушитель времени,시간 균열자,ko
Раммус,람머스,ko
Ранние уроки,조기 교육,ko
Распаленное пламя,땔감 제공,ko
Расползающиеся корни,뻗어가는 뿌리,ko
Распродажа,급매,ko
Расширение дела,가지 뻗기,ko
Режим задиры,도전자 모드,ko
Режим проводника,전달자 모드,ko
Режим репликатора,복제자 모드,ko
Рек'Сай,렉사이,ko
Рекомбинатор,대격변 생성기,ko
Реликт,태고족,ko
Репликатор,복제자,ko
Репликация,복제,ko
Решимость титана,거인의 결의,ko
Ривен,리븐,ko
Рискованный ход,위험한 행보,ko
Робот,메카,ko
Роскошная подписка,호화로운 정기 구독,ko
Рука правосудия,정의의 손길,ko
С места в карьер,시동 걸기,ko
С тобой мой лук,활의 수호자,ko
Самира,사미라,ko
Самодельный доспех,임시변통 방어구,ko
Самый Лучший Меч,B.F. 대검,ko
Самый крошечный великан,꼬꼬마 거인,ko
Самый могучий робот,거대 메크 로봇,ko
Свежая поставка,그냥 눌러,ko
Сверхмипная скорость,정령단 속도,ko
Связь с дроном,드론 업링크,ko
Серебряная ложка,은수저,ko
Сильвермирская заря,은빛 여명,ko
Симпатический имплант,공감 임플란트,ko
Синее усиление,푸른 파수꾼,ko
Скамейка Пандоры,판도라의 대기석,ko
Скелетница,생선대가리,ko
Сковородка,프라이팬,ko
Скорострельная пушка,고속 연사포,ko
Сладкие угощения,달콤한 간식,ko
Слеза богини,여신의 눈물,ko
Слезы рекой,실컷 울어봐라,ko
Слишком Большой Жезл,쓸데없이 큰 지팡이,ko
Смертельная шляпа Рабадона,라바돈의 죽음모자,ko
Смертоносные клинки,치명적인 칼날,ko
Смерть Разума,마법사의 최후,ko
Снайпер,저격수,ko
Создание друга,친구 만들기,ko
Создание спутника,동료 제작,ko
Сона,소나,ko
Союзник,수호자의 친구,ko
Специалист по поздним этапам,후반 전문가,ko
Спящая кузница,신중한 제작,ko
Стальное сердце,강철의 심장,ko
Статическое электричество,고전압,ko
Стеклянная пушка,유리 대포,ko
Странник,여행자,ko
Страховой фонд,헤지 펀드,ko
Стремительное двойное убийство,재빠른 더블 킬,ko
Стремительное серебро,수은,ko
Струящиеся слезы,흐르는 눈물,ko
Суть коммерции,거래 중심지,ko
Сфера лечения,회복의 구,ko
Счастливые перчатки,행운의 장갑,ko
Сюжетная защита,주인공 버프,ko
Таам Кенч,탐 켄치,ko
Талисман вознесения,승천의 부적,ko
Талон,탈론,ko
Твистед Фэйт,트위스티드 페이트,ko
Темная звезда,암흑의 별,ko
Темная леди,어둠의 여인,ko
Теневая марионетка,그림자 꼭두각시,ko
Терновый жилет,덤불 조끼,ko
Терпеливый ученик,끈질긴 연구,ko
Терпение,참는 자에게 복을,ko
Терпение Экко,에코의 인내,ko
Тимбилдинг,끈끈한 우정,ko
Тимо,티모,ko
Титаническая гидра,거대한 히드라,ko
Ткач судьбы,운명술사,ko
Тонны показателей!,엄청나게 이로운 효과!,ko
Топор адского пламени,지옥불 손도끼,ko
Торговый сектор,교환의 장,ko
Тренировочные перчатки,연습용 장갑,ko
Тренировочный манекен,훈련 봇,ko
Триада,삼인방,ko
Тропа войны,출정,ko
Тяжел венец,왕관의 무게,ko
У.Р.Ф.,U.R.F,ko
Убийство без разбора,무차별적 살인자,ko
Убийца великанов,거인 학살자,ko
Ургот,우르곳,ko
Уроки бокса,권투 교습,ko
Физз,피즈,ko
Фиора,피오라,ko
Фонарь Треша,쓰레쉬의 랜턴,ko
Хекстековый прицел,지평선의 초점,ko
Хекстековый штык,마법공학 총검,ko
Хитрая тактика,계산된 패배,ko
Хоть какая-то польза,다 쓸 데가 있다니까,ko
Целеустремленность,극진한 헌신,ko
Центр внимания,중심 잡기,ko
Цеп вышибалы,타격대의 철퇴,ko
Часовой механизм,시계태엽 윤활유,ko
Частичное вознесение,불완전한 초월,ko
Чаша силы,힘의 성배,ko
Чертеж для задней линии,후방 설계도,ko
Честь полководца,대장군의 명예,ko
Четырехкратное усиление,4후지원,ko
Чо'Гат,초가스,ko
Чудо Сораки,소라카의 기적,ko
Шапучий напиток,카파 주스,ko
Шая,자야,ko
Шен,쉔,ko
Щит тактика,전략가의 방패,ko
Эгида рассвета,새벽의 방패,ko
Эгида сумерек,황혼의 방패,ko
Эзреаль,이즈리얼,ko
Эксклюзивная кастомизация,특별 맞춤 설정,ko
Экспедиция,탐사,ko
Эмблема Галактики грува,우주 그루브 상징,ko
Эмблема Звериного отряда,동물특공대 상징,ko
Эмблема Н.О.В.А.,N.O.V.A. 상징,ko
Эмблема Темной звезды,암흑의 별 상징,ko
Эмблема авангарда,선봉대 상징,ko
Эмблема арбитра,중재자 상징,ko
Эмблема головореза,불한당 상징,ko
Эмблема дебошира,싸움꾼 상징,ko
Эмблема задиры,도전자 상징,ko
Эмблема звездочета,별돌보미 상징,ko
Эмблема мародера,습격자 상징,ko
Эмблема мипера,정령족 상징,ko
Эмблема несокрушимого,요새 상징,ko
Эмблема пастуха,길잡이 상징,ko
Эмблема псионика,초능력 상징,ko
Эмблема разрушителя времени,시간 균열자 상징,ko
Эмблема реликта,태고족 상징,ko
Эмблема снайпера,저격수 상징,ko
Эмблема странника,여행자 상징,ko
Эпические обновления,서사적 새로고침,ko
Эпоха,새로운 시대,ko
Эхо восстановления,회복의 메아리,ko
Ядро рассвета,새벽심장,ko
Ярость кракена,크라켄의 분노,ko
Ясный ум,맑은 정신,ko
آتروكس,아트록스,ko
أربعة تكسب ترقية,4후지원,ko
أصغر عملاق,꼬꼬마 거인,ko
أطنان من الإحصاءات!,엄청나게 이로운 효과!,ko
أفضل الأصدقاء,단짝,ko
أكالي,아칼리,ko
أنيما,동물특공대,ko
أورغوت,우르곳,ko
أورن,오른,ko
أورورا,오로라,ko
أوريليون سول,아우렐리온 솔,ko
إرادة الصولجان,철퇴의 의지,ko
إزريال,이즈리얼,ko
إعادة المهمة,임무 재시작,ko
إيلاوي,일라오이,ko
اتصالات فائتة,연결 불가,ko
اختر خاصية,특성 선택,ko
اختصاصي نهاية المباراة,후반 전문가,ko
استبدالٌ ملحمي,서사적 새로고침,ko
استحضار السحر المستمر,연속 주문 사용,ko
اعثر على مركزك,중심 잡기,ko
الأحزمة الوفيرة,넘치는 허리띠,ko
الأربعة تربح,4가 함께하길,ko
الأشقياء,반항아,ko
الأصول الحديدية,유용한 금속,ko
الأقواس الاحتياطية,예비 활,ko
الأمر يستحق الانتظار,기다림의 미학,ko
الإنفاق الحكيم,현명한 소비,ko
الاتصال الآلي,사이버네틱 통신,ko
الاتصال بالدرون,드론 업링크,ko
الاختلاس,슬쩍하기,ko
الارتقاء,초월,ko
الارتقاء الجزئي,불완전한 초월,ko
الاستبدالات الوفيرة,새로고침의 날,ko
الاستثمار,투자,ko
الاستثمار طويل الأجل,장기 투자,ko
الاستخلاص المفيد,재활용 쓰레기통,ko
الاستنساخ,복제,ko
الاستهلاك ضروري,재빠른 무장,ko
الاشتراك الفخم,호화로운 정기 구독,ko
الالتزام الصارم,극진한 헌신,ko
الانفجار العظيم,빅뱅,ko
البداية الكونية الجديدة,우주적 재시작,ko
البرج,탑,ko
البرونزي حتى النهاية,영원한 브론즈,ko
البيضة الذهبية,황금 알,ko
التآكل,부식,ko
التأثيرات الجانبية,부작용,ko
التاج الملعون,저주받은 왕관,ko
التحفة الذابلة,해진 유물,ko
التحويل إلى دمية,훈련 봇 변환,ko
الترقية!,레벨 업!,ko
التشكيل الأقصى,극대화 빌드,ko
التصنيع المتقن,정교한 공예,ko
التغيب عن اللعب,자리 비움,ko
التفكير المتقدم,미래 지향적 사고,ko
التمثال المحرّم,금지된 우상,ko
التنين الذهبي,황금 드래곤,ko
التوسع,가지 뻗기,ko
الثقب الأسود الصغير,소형 블랙홀,ko
الثلاثية,삼인방,ko
الجوهرة المتلفة,역병의 보석,ko
الحارسان التوأمان,쌍둥이 수호자,ko
الحجم مهم,크기의 중요성,ko
الحركات الخطرة,위험한 행보,ko
الحركة التصاعدية,출세가도,ko
الحقبة المميزة,새로운 시대,ko
الحمل المعرفي الزائد,인지 과부하,ko
الحملة الاستكشافية,탐사,ko
الخسارة المحسوبة,계산된 패배,ko
الخوذة المتكيفة,적응형 투구,ko
الدراسة الصابرة,끈질긴 연구,ko
الدرع الساتر,저녁갑주,ko
الدروس المبكرة,조기 교육,ko
الدروع المؤقتة,임시변통 방어구,ko
الدموع المتدفقة,흐르는 눈물,ko
الذهن الصافي,맑은 정신,ko
الذهن المشوّش,어수선한 마음,ko
الرفاق الصغار,작은 친구들,ko
الرمية السحرية,마법 주사위,ko
الرمية السحرية المخفّفة,약간 신비한 주사위,ko
الرهان الذهبي,경품 추첨,ko
الزئبق,수은,ko
السترة المدببة,덤불 조끼,ko
السترة المسلسلة,쇠사슬 조끼,ko
السحر المحبوك,얽힌 마법,ko
السعي نحو النجوم,저 별을 향해,ko
السيف الأبدي,무한의 대검,ko
السيف الصاعق,스태틱의 단검,ko
السيف الطيفي,망령 해적검,ko
السيف الهائل,B.F. 대검,ko
السيوف الوفيرة,넘치는 대검,ko
السيولة,수완가,ko
الشحنة الكهربائية,고전압,ko
الشخصية المنعكسة,거울의 환영,ko
الشخصية المنعكسة المصغّرة,하급 거울의 환영,ko
الشرائح الآلية,사이버네틱 이식술,ko
الشرارة الأيونية,이온 충격기,ko
الصامد,생존자,ko
الصبر فضيلة,참는 자에게 복을,ko
الصغير الفتاك,작지만 치명적인,ko
الصنديد,불굴,ko
الضريبة المعرفية,인지세,ko
الطابور الثنائي,2인조,ko
العمالقة الصغار,꼬마 거인,ko
العملاق القوي,거대하고 강력한,ko
العوائد الخبيثة,악의적 수익 창출,ko
الفوز الكبير,성취,ko
الفولاذ المذهب,도금 강철,ko
الفيلق الثلاثي,3단계 군단,ko
القائدة,지휘관,ko
القاتل المأجور,청부 살인마,ko
القتل المزدوج السريع,재빠른 더블 킬,ko
القصاص,응징,ko
القصبات الوفيرة,넘치는 지팡이,ko
القفاز المرصع بالجواهر,보석 건틀릿,ko
القفازات,방한 장갑,ko
القلب الراسخ,굳건한 심장,ko
القلب الفولاذي,강철의 심장,ko
القوس المنحني,곡궁,ko
الكنوز المدفونة,파묻힌 보물,ko
الكهرباء القوية,고전압,ko
اللعب الأمثل,최적화,ko
اللوتس المرصع,보석 연꽃,ko
المبارزة السامية,신성 결투가,ko
المتعطش للدماء,피바라기,ko
المحدق بالنجوم,별돌보미,ko
المحفز الأحمر,붉은 덩굴정령,ko
المخلّص,구원자,ko
المرن,유연함,ko
المستبدل العشوائي,대격변 생성기,ko
المصهر الحي,간이 대장간,ko
المصهر الكامن,신중한 제작,ko
المصهر المحمول,휴대용 대장간,ko
المعطف المشبوه,수상한 외투,ko
المغامرة الفخمة,고귀한 모험,ko
الملعقة الفضية,은수저,ko
المنفيون,추방자,ko
الموقف الحرج,마법사의 최후,ko
الميثاق الأزلي,영원한 서약,ko
الميكا الجبار,거대 메크 로봇,ko
المُبيد,말살자,ko
النجاح الحرج,치명적 성공,ko
النجم المظلم,암흑의 별,ko
النسيم العليل,서풍,ko
النصال الخاطفة,명멸검,ko
النصل الملعون,저주받은 칼날,ko
النمو المتفجر,폭발적인 성장,ko
النوبة الثانية,재생의 바람,ko
النيران المركزة,화력 집중,ko
الهمسة الأخيرة,최후의 속삭임,ko
الهيدرا العملاقة,거대한 히드라,ko
الوسيط,전달자,ko
الوغد المشع,찬란한 장난꾸러기,ko
انتصار فيكتور آركين,아케인 빅토르이!,ko
بارد,바드,ko
بانثيون,판테온,ko
بايك,파이크,ko
براير,브라이어,ko
برايمورديان,태고족,ko
بكاء بلا جدوى,실컷 울어봐라,ko
بلورات العلاج,회복의 구,ko
بليتزكرانك,블리츠크랭크,ko
بناء البطل,친구 만들기,ko
بناء الفريق,끈끈한 우정,ko
بناء مرافق,동료 제작,ko
بوابة ززروت,즈롯 차원문,ko
بوبي,뽀삐,ko
بيلفيث,벨베스,ko
تأسيس الخط الأمامي,전방의 토대,ko
تاج المخطِط,전략가의 왕관,ko
تالون,탈론,ko
تام كينش,탐 켄치,ko
تخصيص حصري,특별 맞춤 설정,ko
تخفيضات نارية,급매,ko
تدريب الحارس الشخصي,경호대 훈련,ko
تذكرة موشورية,프리즘 티켓,ko
ترقية فردية,나 혼자 레벨업,ko
تركيز الأفق,지평선의 초점,ko
تسلّق سلم التصنيفات,서열 상승,ko
تشكيل الصفوف,정렬,ko
تشكيل الفريق,협력,ko
تشوغاث,초가스,ko
تعزيزٌ هنا وتعزيزٌ هناك,붉고 푸른 효과,ko
تغذية ألسنة اللهب,땔감 제공,ko
تمجيد كايل,케일의 승천,ko
تمجيد كايل المشع,케일의 찬란한 승천,ko
تميمة الارتقاء,승천의 부적,ko
توأم تانك,쌍두마차,ko
توسع الجذور,뻗어가는 뿌리,ko
تويستد فايت,트위스티드 페이트,ko
تيمو,티모,ko
ثمن الدم,피의 대가,ko
جاكس,잭스,ko
جديد من المصنع,최신상,ko
جوع المال,돈독,ko
جوهر التجارة,거래 중심지,ko
جوهر الحراشف اللامعة,빛비늘 정수,ko
جوهر الفجر,새벽심장,ko
جين,진,ko
جينكس,징크스,ko
حافظ المادة الحيوية,유기물 보존기,ko
حاملة المصائب,파멸자,ko
حامي التاج,크라운가드,ko
حزام العملاق,거인의 허리띠,ko
حزمة الدعم,부스터 팩,ko
حزمة الرعاية,선물 꾸러미,ko
حساب الادخار,예금 계좌,ko
حصاد الهالة,오라 축적,ko
حصن,요새,ko
حقق مرادك,그냥 눌러,ko
حكاية العودة,역전의 서막,ko
حلوى لذيذة,달콤한 간식,ko
حليف الوصي,수호자의 친구,ko
حماية الخطوط,진형 유지,ko
حماية اللانهاية,무한한 보호,ko
حيوية مصاص الدماء,흡혈의 활력,ko
خانة ياسو الذهبية,야스오의 황금 칸,ko
خدمة الاشتراك,구독 서비스,ko
خطة عمل الخط الخلفي,후방 설계도,ko
درع الصدر المنفرد,고독한 방패,ko
درع الغسق,황혼의 방패,ko
درع الفجر,새벽의 방패,ko
درع المخطِط,전략가의 방패,ko
درع صدر مرزاب الحجري,가고일 돌갑옷,ko
درع وارموغ,워모그의 갑옷,ko
دروس الملاكمة,권투 교습,ko
دروع البطل,주인공 버프,ko
دعوة إلى الفوضى,혼돈의 부름,ko
دفعة أولية,시동 걸기,ko
دكة بدلاء باندورا,판도라의 대기석,ko
دمعة الزعيمة,여신의 눈물,ko
دمى اختبار التحطم,충돌 시험용 봇,ko
دمية التدريب,훈련 봇,ko
دمية الظل,그림자 꼭두각시,ko
ديانا,다이애나,ko
راست,라아스트,ko
راعي,길잡이,ko
راموس,람머스,ko
رامي,저격수,ko
رحالة,여행자,ko
رقص الفضاء,우주 그루브,ko
رمح شوجين,쇼진의 창,ko
رمز الدرع الخفيف,라이트실드 문장,ko
رمية الحظ,행운의 기운,ko
روح الافتداء,구원의 영혼,ko
رياح المال الموسمية,돈 폭풍,ko
ريفت سكاتلر,협곡 바위 게,ko
ريفين,리븐,ko
ريكساي,렉사이,ko
زايا,자야,ko
زوي,조이,ko
زيادة القوة في نهاية المباراة,후반 성장,ko
زيد,제드,ko
زيد الغازي,침략자 제드,ko
ستار السكون,침묵의 장막,ko
سكين سلاح الهيكستيك,마법공학 총검,ko
سلفة قرض,대출 선지급,ko
سميرة,사미라,ko
سن ناشور,내셔의 이빨,ko
سونا,소나,ko
سيدة الأسلحة,기동총격여신,ko
سيدة الظلام,어둠의 여인,ko
شارة أنيما,동물특공대 상징,ko
شارة الحصن,요새 상징,ko
شارة الراعي,길잡이 상징,ko
شارة الرامي,저격수 상징,ko
شارة الرحالة,여행자 상징,ko
شارة الطليعي,선봉대 상징,ko
شارة القاضي,중재자 상징,ko
شارة القوى الذهنية,초능력 상징,ko
شارة المارق,불한당 상징,ko
شارة المتحدّي,도전자 상징,ko
شارة المحدق بالنجوم,별돌보미 상징,ko
شارة المشاجر,싸움꾼 상징,ko
شارة المغير,습격자 상징,ko
شارة النجم المظلم,암흑의 별 상징,ko
شارة برايمورديان,태고족 상징,ko
شارة رقص الفضاء,우주 그루브 상징,ko
شارة صديق الميب,정령족 상징,ko
شارة كاسر الزمن,시간 균열자 상징,ko
شارة نوفا,N.O.V.A. 상징,ko
شبه الناقل,반도체,ko
شجرة الخواص,특성 나무,ko
شرف أمير الحرب,대장군의 명예,ko
شريحة التعاطف,공감 임플란트,ko
شق الدرب,길을 내라,ko
شين,쉔,ko
صانع السيوف,검 제작자,ko
صانع القصبات,지팡이 제작자,ko
صبر إيكو,에코의 인내,ko
صحوة الروح,영혼 각성,ko
صدى الشفاء,회복의 메아리,ko
صديق الميب,정령족,ko
صناعة صديق,친구 만들기,ko
صندوق التحوط,헤지 펀드,ko
صولجان الفويد,공허의 지팡이,ko
صولجان مصاصي الدماء الفاسد,타락한 흡혈의 낫,ko
صياد المجرة,은하계 사냥꾼,ko
صيد الكنوز,보물 사냥,ko
طراخ!,꽁!,ko
طريق الحرب,출정,ko
طليعي,선봉대,ko
عاصفة لودن,루덴의 폭풍,ko
عبء التاج ثقيل,왕관의 무게,ko
عباءة الليل,밤의 끝자락,ko
عباءة النيغاترون,음전자 망토,ko
عجلة الميب السريعة,정령단 속도,ko
عراف,예언자,ko
عزم العملاق,거인의 결의,ko
عصا سيرافيم,고위천사의 지팡이,ko
عصا كبير الحُماة,대천사의 지팡이,ko
عصابة اللصوص,도둑 무리,ko
عصابة اللصوص II,도둑 무리 II,ko
عصير القبعة,카파 주스,ko
عفونة الموتى,리치베인,ko
عملية السطو على المكونات,조합 아이템 강탈,ko
عناصر باندورا,판도라의 아이템,ko
عناق جماعي,단체 포옹,ko
عهد الفارس,기사의 맹세,ko
غراغاس,그라가스,ko
غرايفز,그레이브즈,ko
غريزة إيفلين,이블린의 본능,ko
غنار,나르,ko
غولم,골렘,ko
غوين,그웬,ko
فأس نيران الجحيم,지옥불 손도끼,ko
فانوس ثريش,쓰레쉬의 랜턴,ko
فجر سيلفرمير,은빛 여명,ko
فضيلة الشهيد,순교자의 미덕,ko
فورة الكراكن,크라켄의 분노,ko
فورة تسوق,흥청망청,ko
في الاتحاد قوة,단결된 의지,ko
فيز,피즈,ko
فيشبونز,생선대가리,ko
فيغار,베이가,ko
فيكتور,빅토르,ko
فيكس,벡스,ko
فيورا,피오라,ko
قائد أنيما,동물특공대 지휘관,ko
قاتل العمالقة,거인 학살자,ko
قاتل لا يميز بين ضحاياه,무차별적 살인자,ko
قاضي,중재자,ko
قبعات أشد فتكًا,더욱 치명적인 모자,ko
قبعة موت رابادون,라바돈의 죽음모자,ko
قربان الدم,피의 공물,ko
قصبة عريضة بلا داع,쓸데없이 큰 지팡이,ko
قطاع التجارة,교환의 장,ko
قفاز التدريب,연습용 장갑,ko
قفاز الحظ,행운의 장갑,ko
قفاز الفويد,공허 건틀릿,ko
قفاز اللص,도적의 장갑,ko
قفاز ستيراك,스테락의 도전,ko
قلادة التنشيط,활력증진의 펜던트,ko
قلادة سولاري الحديدي,강철의 솔라리 펜던트,ko
قلنسوة المخطِط,전략가의 망토,ko
قلنسوة لهب الشمس,태양불꽃 망토,ko
قوة محسَّنة,증강된 힘,ko
قوسي في خدمتك,활의 수호자,ko
قوى ذهنية,초능력,ko
قيمة مزدوجة,2만한 가치,ko
كأس القوة,힘의 성배,ko
كارما,카르마,ko
كاسر الزمن,시간 균열자,ko
كاهوناهونا,에너지 파동,ko
كايتلين,케이틀린,ko
كايسا,카이사,ko
كوركي,코르키,ko
كيس الهدايا البطولي,영웅 꾸러미,ko
كيس هدايا أورف,우르프의 꾸러미,ko
كيس هدايا العناصر,아이템 꾸러미,ko
كيس هدايا صغير,작은 꾸러미,ko
كيس هدايا كبير,큰 꾸러미,ko
كيندريد,킨드레드,ko
لا تغيير ولا استطلاع,단일 조합 사수,ko
لم شمل عيد الميلاد,생일 모임,ko
لمحة من الحياة,일상물,ko
لوبلانك,르블랑,ko
لوح لهيب الشمس,태양불꽃판,ko
لولو,룰루,ko
ليساندرا,리산드라,ko
ليونا,레오나,ko
مارق,불한당,ko
ماستر يي,마스터 이,ko
ماوكاي,마오카이,ko
مباركة السماء,신의 축복,ko
متحدي,도전자,ko
متراس,보루,ko
متوالية نجمية,별빛 연계,ko
مجلد الخواص,특성의 고서,ko
مجند جديد,신병,ko
محترف الحفلات,파티광,ko
محظوظ,승승장구,ko
محفز أزرق,푸른 파수꾼,ko
مخلب التنين,용의 발톱,ko
مخلب المتصيد,자객의 발톱,ko
مدفع النار السريع,고속 연사포,ko
مدفع من زجاج,유리 대포,ko
مستنسخ,복제자,ko
مسرِّع الساعة,시계태엽 윤활유,ko
مشاجر,싸움꾼,ko
مشاركة تألق ياسو,야스오의 스포트라이트 공유,ko
مصروف الغداء,점심값,ko
مصفوفة البرمجيات الخبيثة,악성코드 매트릭스,ko
مصنوعٌ من القوة,힘을 실은 제련,ko
مصهر التمجيد,신성한 대장간,ko
مطبخ المخطِط,전략가의 주방,ko
معجزة سوراكا,소라카의 기적,ko
مغير,습격자,ko
مفاجآت الحظ,예상된 예상 밖의 결과,ko
مقابل أي ثمن,응당한 대가,ko
مقاتل الجوائز,파이트 머니,ko
مقلاة,프라이팬,ko
ملعقة مسطحة,뒤집개,ko
مناورة أورف,우르프의 갬빗,ko
منظار رصد الهدف,표적 고정 광학 장치,ko
مهارة مبارزة ياسو,야스오의 검술,ko
مورديكايزر,모데카이저,ko
مورغانا,모르가나,ko
موريلونوميكون,모렐로노미콘,ko
ميبسي,꼬마 정령,ko
ميس فورتشن,미스 포츈,ko
ميكا,메카,ko
ميليو,밀리오,ko
ناسوس,나서스,ko
نافع لشيء ما,다 쓸 데가 있다니까,ko
نامي,나미,ko
نتماسك معًا,하나로 뭉치는 거지,ko
نذر الحامي,수호자의 맹세,ko
نذير زيكي,지크의 전령,ko
نذير زيكي الكئيب,지크의 음산한 전령,ko
نساج المصير,운명술사,ko
نصال أشد فتكًا,치명적인 칼날,ko
نصل الموت,죽음의 검,ko
نصل غضب غينسو,구인수의 격노검,ko
نقل الشحنة,전하 이동,ko
نوفا,N.O.V.A.,ko
نونو وويلامب,누누와 윌럼프,ko
هالة آري,아리의 오라,ko
هبة آري,아리의 은총,ko
هبة أوريليون سول,아우렐리온 솔의 은총,ko
هبة إيفلين,이블린의 은총,ko
هبة إيكو,에코의 은총,ko
هبة الإنعاش,부활의 은총,ko
هبة تجميع الخردة,고철 수집가의 은총,ko
هبة ثريش,쓰레쉬의 은총,ko
هبة سوراكا,소라카의 은총,ko
هبة فاروس,바루스의 은총,ko
هبة كايل,케일의 은총,ko
هبة ياسو,야스오의 은총,ko
هدية عيد الميلاد,생일 선물,ko
هراوة المهاجم,타격대의 철퇴,ko
هوس فاروس,바루스의 집착,ko
واحد واثنان وثلاثة,"하나, 둘, 셋",ko
واحد، اثنان، خمسة!,"하나, 둘, 다섯!",ko
واقي ذراع المطارد,추적자의 팔목 보호대,ko
وجه الروح,정령의 형상,ko
وضع المتحدية,도전자 모드,ko
وضع المستنسِخة,복제자 모드,ko
وضع الوسيط,전달자 모드,ko
وكر البارون,남작의 소굴,ko
يأسٌ بلا نهاية,끝없는 절망,ko
يد العدالة,정의의 손길,ko
เลือกคุณสมบัติ,특성 선택,ko
Ấn Bắn Tỉa,저격수 상징,ko
Ấn Can Trường,요새 상징,ko
Ấn Chiêm Tinh,별돌보미 상징,ko
Ấn Du Mục,길잡이 상징,ko
Ấn Hành Tinh,우주 그루브 상징,ko
Ấn Hắc Tinh,암흑의 별 상징,ko
Ấn N.O.V.A.,N.O.V.A. 상징,ko
Ấn Siêu Linh,초능력 상징,ko
Ấn Siêu Thú,동물특공대 상징,ko
Ấn Thách Đấu,도전자 상징,ko
Ấn Thần Phán,중재자 상징,ko
Ấn Thời Không,시간 균열자 상징,ko
Ấn Tinh Linh Chuông,정령족 상징,ko
Ấn Tiên Phong,선봉대 상징,ko
Ấn Toán Cướp,습격자 상징,ko
Ấn Tộc Thượng Cổ,태고족 상징,ko
Ấn Viễn Chinh,여행자 상징,ko
Ấn Vô Pháp,불한당 상징,ko
Ấn Đấu Sĩ,싸움꾼 상징,ko
「三」之軍團,3단계 군단,ko
いつでも一緒,하나로 뭉치는 거지,ko
お得な2,2만한 가치,ko
ここがセンター,중심 잡기,ko
ちょっとだけ魔法のダイス,약간 신비한 주사위,ko
はしごを登れ,서열 상승,ko
へら,뒤집개,ko
みんなでハグ,단체 포옹,ko
もっと小さな巨人,꼬꼬마 거인,ko
もっと怖いキャップ,더욱 치명적인 모자,ko
アイオニック スパーク,이온 충격기,ko
アイテム福袋,아이템 꾸러미,ko
アカリ,아칼리,ko
アセンション,초월,ko
アダプティブ ヘルム,적응형 투구,ko
アニマ,동물특공대,ko
アニマの紋章,동물특공대 상징,ko
アニマ司令官,동물특공대 지휘관,ko
アークエンジェル スタッフ,대천사의 지팡이,ko
アーゴット,우르곳,ko
アービター,중재자,ko
アービターの紋章,중재자 상징,ko
アーフの福袋,우르프의 꾸러미,ko
アーフの策略,우르프의 갬빗,ko
アーリのオーラ,아리의 오라,ko
アーリの恩恵,아리의 은총,ko
イブリンの恩恵,이블린의 은총,ko
イブリンの直感,이블린의 본능,ko
イラオイ,일라오이,ko
インフィニティ エッジ,무한의 대검,ko
インフィニティの守護,무한한 보호,ko
イーブンシュラウド,저녁갑주,ko
ウィッツ エンド,마법사의 최후,ko
ウォーロードの名誉,대장군의 명예,ko
エイトロックス,아트록스,ko
エクスペディション,탐사,ko
エグザイル,추방자,ko
エコーの忍耐,에코의 인내,ko
エコーの恩恵,에코의 은총,ko
エズリアル,이즈리얼,ko
エピックなロールダウン,서사적 새로고침,ko
エポック,새로운 시대,ko
オレリオン・ソル,아우렐리온 솔,ko
オレリオン・ソルの恩恵,아우렐리온 솔의 은총,ko
オーグメントパワー,증강된 힘,ko
オーラ育成中,오라 축적,ko
オーロラ,오로라,ko
オーン,오른,ko
カイ＝サ,카이사,ko
カナとカネ,유용한 금속,ko
カフナフナ,에너지 파동,ko
カルマ,카르마,ko
カースドのクラウン,저주받은 왕관,ko
ガーゴイル ストーンプレート,가고일 돌갑옷,ko
キックスタート,시동 걸기,ko
キンドレッド,킨드레드,ko
ギャラクシー ハンター,은하계 사냥꾼,ko
クイックシルバー,수은,ko
クラウンガード,크라운가드,ko
クラーケンの怒り,크라켄의 분노,ko
クリティカル サクセス,치명적 성공,ko
グインソー レイジブレード,구인수의 격노검,ko
グウェン,그웬,ko
グラガス,그라가스,ko
グラスキャノン,유리 대포,ko
グレイブス,그레이브즈,ko
ケイトリン,케이틀린,ko
ケイルの天昇,케일의 승천,ko
ケイルの恩恵,케일의 은총,ko
ケイルの暁光の天昇,케일의 찬란한 승천,ko
コグニティブ オーバーロード,인지 과부하,ko
コグニティブ タックス,인지세,ko
コマンダー,지휘관,ko
コマース コア,거래 중심지,ko
コンジット,전달자,ko
コンジットモード,전달자 모드,ko
コンパニオン作成,동료 제작,ko
コーキ,코르키,ko
ゴーレム,골렘,ko
サイオニック,초능력,ko
サイオニックの紋章,초능력 상징,ko
サイズが大事,크기의 중요성,ko
サイバネティック アップリンク,사이버네틱 통신,ko
サイバネティック インプラント,사이버네틱 이식술,ko
サバイバー,생존자,ko
サブスクリプション,구독 서비스,ko
サミーラ,사미라,ko
サンファイア ケープ,태양불꽃 망토,ko
サンファイア ボード,태양불꽃판,ko
ザヤ,자야,ko
ザ・タワー,탑,ko
シェン,쉔,ko
シマースケールのエッセンス,빛비늘 정수,ko
ショウジンの矛,쇼진의 창,ko
シルバーミアの夜明け,은빛 여명,ko
シーカー アームガード,추적자의 팔목 보호대,ko
ジャイアント スレイヤー,거인 학살자,ko
ジャイアント ベルト,거인의 허리띠,ko
ジャイアント&マイティ,거대하고 강력한,ko
ジャストヒット,그냥 눌러,ko
ジャックス,잭스,ko
ジュエル ガントレット,보석 건틀릿,ko
ジュエル ロータス,보석 연꽃,ko
ジン,진,ko
ジンクス,징크스,ko
ジークの使者,지크의 전령,ko
ジ＝ロット ポータル,즈롯 차원문,ko
スクラッパーの恩恵,고철 수집가의 은총,ko
スタティック シヴ,스태틱의 단검,ko
ステラコンボ,별빛 연계,ko
ステラックの篭手,스테락의 도전,ko
ステータスマシマシ,엄청나게 이로운 효과!,ko
ストライカー フレイル,타격대의 철퇴,ko
スナイパー,저격수,ko
スナイパーの紋章,저격수 상징,ko
スパーリング グローブ,연습용 장갑,ko
スピリット ビサージュ,정령의 형상,ko
スペクトラル カトラス,망령 해적검,ko
スペースグルーヴ,우주 그루브,ko
スペースグルーヴの紋章,우주 그루브 상징,ko
スレッシュのランタン,쓰레쉬의 랜턴,ko
スレッシュの恩恵,쓰레쉬의 은총,ko
セラフィムの杖,고위천사의 지팡이,ko
ゼド,제드,ko
ゼファー,서풍,ko
ソウルの目覚め,영혼 각성,ko
ソナ,소나,ko
ソラカの奇跡,소라카의 기적,ko
ソラカの恩恵,소라카의 은총,ko
ソラリのロケット,강철의 솔라리 펜던트,ko
ソード オーバーフロー,넘치는 대검,ko
ゾーイ,조이,ko
タイタン ハイドラ,거대한 히드라,ko
タイムブレーカー,시간 균열자,ko
タイムブレーカーの紋章,시간 균열자 상징,ko
タクティシャンのケープ,전략가의 망토,ko
タクティシャンの台所,전략가의 주방,ko
タクティシャンの王冠,전략가의 왕관,ko
タクティシャンの盾,전략가의 방패,ko
タム・ケンチ,탐 켄치,ko
タロン,탈론,ko
ターゲットロック スコープ,표적 고정 광학 장치,ko
ターミィプナル ヴェロシティー,정령단 속도,ko
ダイアナ,다이애나,ko
ダミー,훈련 봇,ko
ダミー化,훈련 봇 변환,ko
ダークスター,암흑의 별,ko
ダークスターの紋章,암흑의 별 상징,ko
チェイン ベスト,쇠사슬 조끼,ko
チャレンジャー,도전자,ko
チャレンジャーの紋章,도전자 상징,ko
チャレンジャーモード,도전자 모드,ko
チャージトランスファー,전하 이동,ko
チョ＝ガス,초가스,ko
チーム構築,끈끈한 우정,ko
ツイてる気分,행운의 기운,ko
ツイステッド・フェイト,트위스티드 페이트,ko
ツインガーディアン,쌍둥이 수호자,ko
ティーモ,티모,ko
デスブレード,죽음의 검,ko
デッドリアー ブレード,치명적인 칼날,ko
デュオキュー,2인조,ko
トライフェクタ,삼인방,ko
トレードセクター,교환의 장,ko
ドゥーマー,파멸자,ko
ドラゴン クロウ,용의 발톱,ko
ドローン アップリンク,드론 업링크,ko
ドーンコア,새벽심장,ko
ナイト エッジ,밤의 끝자락,ko
ナサス,나서스,ko
ナッシャー トゥース,내셔의 이빨,ko
ナミ,나미,ko
ナー,나르,ko
ヌヌ & ウィルンプ,누누와 윌럼프,ko
ネガトロン クローク,음전자 망토,ko
ハスラー,수완가,ko
ハンド オブ ジャスティス,정의의 손길,ko
バイオ物質保存装置,유기물 보존기,ko
バスティオン,요새,ko
バスティオンの紋章,요새 상징,ko
バフが1つ、バフが2つ,붉고 푸른 효과,ko
バロンの巣,남작의 소굴,ko
バースデー リユニオン,생일 모임,ko
バースデープレゼント,생일 선물,ko
バード,바드,ko
パイク,파이크,ko
パンテオン,판테온,ko
パンドラのアイテム,판도라의 아이템,ko
パンドラのベンチ,판도라의 대기석,ko
パーティーアニマル,파티광,ko
ヒーリングオーブ,회복의 구,ko
ビクター,빅토르,ko
ビッグバン,빅뱅,ko
ファイアセール,급매,ko
ファクトリー ニュー,최신상,ko
フィオラ,피오라,ko
フィズ,피즈,ko
フィッシュボーン,생선대가리,ko
フェイトウィーバー,운명술사,ko
フォビドゥン アイドル,금지된 우상,ko
フォーが共にあらんことを,4가 함께하길,ko
フライパン,프라이팬,ko
フリッカーブレード,명멸검,ko
ブライアー,브라이어,ko
ブラッドサースター,피바라기,ko
ブランブル ベスト,덤불 조끼,ko
ブリッツクランク,블리츠크랭크,ko
ブルワーク,보루,ko
ブルーバフ,푸른 파수꾼,ko
ブローラー,싸움꾼,ko
ブローラーの紋章,싸움꾼 상징,ko
ブースターパック,부스터 팩,ko
プライモーディアン,태고족,ko
プライモーディアンの紋章,태고족 상징,ko
プリズムチケット,프리즘 티켓,ko
プロの殺し屋,청부 살인마,ko
プロテクターの誓い,수호자의 맹세,ko
プロボクサー,파이트 머니,ko
プローラー クロウ,자객의 발톱,ko
ヘクステック ガンブレード,마법공학 총검,ko
ヘッジファンド,헤지 펀드,ko
ベイガー,베이가,ko
ベストフレンド,단짝,ko
ベルト オーバーフロー,넘치는 허리띠,ko
ベル＝ヴェス,벨베스,ko
ホライゾン フォーカス,지평선의 초점,ko
ボイジャー,여행자,ko
ボイジャーの紋章,여행자 상징,ko
ボカッ！,꽁!,ko
ボクシングのレッスン,권투 교습,ko
ボディーガードの訓練,경호대 훈련,ko
ポッピー,뽀삐,ko
ポータブル フォージ,휴대용 대장간,ko
マイティーロボ,거대 메크 로봇,ko
マオカイ,마오카이,ko
マスター・イー,마스터 이,ko
マックスビルド,극대화 빌드,ko
マルウェア マトリックス,악성코드 매트릭스,ko
マーターズ ヴァーチュ,순교자의 미덕,ko
ミィプシー,꼬마 정령,ko
ミィプル,정령족,ko
ミィプルの紋章,정령족 상징,ko
ミスコネクション,연결 불가,ko
ミス・フォーチュン,미스 포츈,ko
ミッションの再開,임무 재시작,ko
ミトン,방한 장갑,ko
ミニブラックホール,소형 블랙홀,ko
ミニマックス,최적화,ko
ミリオ,밀리오,ko
ムダニ デカイ ロッド,쓸데없이 큰 지팡이,ko
メイスの決意,철퇴의 의지,ko
メカ,메카,ko
モルガナ,모르가나,ko
モルデカイザー,모데카이저,ko
モレロノミコン,모렐로노미콘,ko
ヤスオのゴールドのマス,야스오의 황금 칸,ko
ヤスオのスポットライトをシェア,야스오의 스포트라이트 공유,ko
ヤスオのブレードワーク,야스오의 검술,ko
ヤスオの恩恵,야스오의 은총,ko
ライトシールドのクレスト,라이트실드 문장,ko
ラインナップ,정렬,ko
ラスト ウィスパー,최후의 속삭임,ko
ラッキーグローブ,행운의 장갑,ko
ラバドン デスキャップ,라바돈의 죽음모자,ko
ラピッド ファイアキャノン,고속 연사포,ko
ラムス,람머스,ko
ラースト,라아스트,ko
リカーブ ボウ,곡궁,ko
リサンドラ,리산드라,ko
リッチ ベイン,리치베인,ko
リデンプションの魂,구원의 영혼,ko
リフトスカトル,협곡 바위 게,ko
リヴェン,리븐,ko
ルブラン,르블랑,ko
ルル,룰루,ko
ルーデン テンペスト,루덴의 폭풍,ko
レイトゲーム スケーリング,후반 성장,ko
レイトゲーム スペシャリスト,후반 전문가,ko
レオナ,레오나,ko
レク＝サイ,렉사이,ko
レッドバフ,붉은 덩굴정령,ko
レプリケーター,복제자,ko
レプリケーターモード,복제자 모드,ko
レベルアップ！,레벨 업!,ko
ローグ,불한당,ko
ローグの紋章,불한당 상징,ko
ローリングデイズ,새로고침의 날,ko
ワン、ツー、ファイブ！,"하나, 둘, 다섯!",ko
ワンド オーバーフロー,넘치는 지팡이,ko
ワーモグ アーマー,워모그의 갑옷,ko
ヴァルスの執念,바루스의 집착,ko
ヴァルスの恩恵,바루스의 은총,ko
ヴァンガード,선봉대,ko
ヴァンガードの紋章,선봉대 상징,ko
ヴェックス,벡스,ko
ヴォイド ガントレット,공허 건틀릿,ko
ヴォイド スタッフ,공허의 지팡이,ko
一 二 三,"하나, 둘, 셋",ko
一、二、五！,"하나, 둘, 다섯!",ko
一个增益，两个增益,붉고 푸른 효과,ko
一二三,"하나, 둘, 셋",ko
一人前プレート,고독한 방패,ko
一個Buff，兩個Buff,붉고 푸른 효과,ko
一击即中,그냥 눌러,ko
一棒入魂！,꽁!,ko
一波带走俩,재빠른 더블 킬,ko
一生挚友,단짝,ko
一生摯友,단짝,ko
一着险棋,위험한 행보,ko
一致団結,단결된 의지,ko
一致団結,협력,ko
一點點重抽魔法,약간 신비한 주사위,ko
一，二，三,"하나, 둘, 셋",ko
一，二，五！,"하나, 둘, 다섯!",ko
七彩棱镜入场券,프리즘 티켓,ko
三幻神,3단계 군단,ko
三相庇护,무한한 보호,ko
三费军团,3단계 군단,ko
三連勝I,삼인방,ko
三重奏,삼인방,ko
三项赛,삼인방,ko
上方移動,출세가도,ko
上进心,출세가도,ko
不侦察，不变阵,단일 조합 사수,ko
不偵察不換陣容,단일 조합 사수,ko
不完全アセンション,불완전한 초월,ko
不完全飛昇,불완전한 초월,ko
不屈,불굴,ko
不屈鬥魂,불굴,ko
不惜代價,응당한 대가,ko
不滅の協定,영원한 서약,ko
不破金鋼,도금 강철,ko
不计代价,응당한 대가,ko
不適合者,반항아,ko
专属定制,특별 맞춤 설정,ko
专打后期,후반 전문가,ko
专注火焰,화력 집중,ko
两倍价值,2만한 가치,ko
並肩作戰,단결된 의지,ko
中堅自強,중심 잡기,ko
临时战甲,임시변통 방어구,ko
主人公補正,주인공 버프,ko
主角威能,주인공 버프,ko
丽桑卓,리산드라,ko
丽珊卓,리산드라,ko
乌尔加特,우르곳,ko
乐芙兰,르블랑,ko
乱れる思考,어수선한 마음,ko
亚托克斯,아트록스,ko
亚索的共享聚光灯,야스오의 스포트라이트 공유,ko
亚索的剑艺,야스오의 검술,ko
亚索的恩赐,야스오의 은총,ko
亚索的黄金格,야스오의 황금 칸,ko
交易之星,교환의 장,ko
人多好辦事,협력,ko
人生切片,일상물,ko
仕送り,선물 꾸러미,ko
仙灵斗士,신성 결투가,ko
代价是什么,응당한 대가,ko
代償,응당한 대가,ko
仲裁者,중재자,ko
仲裁者徽章,중재자 상징,ko
仲間を作ろう,친구 만들기,ko
仿生上行链,사이버네틱 통신,ko
仿生植入物,사이버네틱 이식술,ko
伊泽瑞尔,이즈리얼,ko
伊澤瑞爾,이즈리얼,ko
伊罗旖,일라오이,ko
伊羅旖,일라오이,ko
伊芙琳的增益,이블린의 은총,ko
伊芙琳的恩赐,이블린의 은총,ko
伊芙琳的本能,이블린의 본능,ko
伊芙琳的祝福,이블린의 은총,ko
休眠锻炉,신중한 제작,ko
伸手摘星,저 별을 향해,ko
伸手摘群星,저 별을 향해,ko
低调炫耀,오라 축적,ko
佐伊,조이,ko
侵略者ゼド,침략자 제드,ko
便携锻炉,휴대용 대장간,ko
俄洛伊,일라오이,ko
保卫者之誓,수호자의 맹세,ko
保衛者之誓,수호자의 맹세,ko
保鑣訓練,경호대 훈련,ko
保镖训练,경호대 훈련,ko
修复型回响,회복의 메아리,ko
俺だけレベルアップ,나 혼자 레벨업,ko
值得等待,기다림의 미학,ko
假人化,훈련 봇 변환,ko
做多,장기 투자,ko
偵察なし、変更なし,단일 조합 사수,ko
備用弓箭,예비 활,ko
储蓄账户,예금 계좌,ko
價值爆棚,2만한 가치,ko
儲蓄帳戶,예금 계좌,ko
充能转移,전하 이동,ko
先知,예언자,ko
先見性,미래 지향적 사고,ko
先鋒戰士,선봉대,ko
先鋒戰士徽章,선봉대 상징,ko
先锋战士,선봉대,ko
先锋战士徽章,선봉대 상징,ko
光明无赖,찬란한 장난꾸러기,ko
光盾之紋,라이트실드 문장,ko
光盾之纹,라이트실드 문장,ko
光盾徽章,라이트실드 문장,ko
入侵者 劫,침략자 제드,ko
全力以赴,극진한 헌신,ko
全新出厂,최신상,ko
全身全霊,극진한 헌신,ko
共感インプラント,공감 임플란트,ko
共感植入,공감 임플란트,ko
关,그웬,ko
关爱包裹,선물 꾸러미,ko
兹若特传送门,즈롯 차원문,ko
内瑟斯,나서스,ko
再起の呪印,부활의 은총,ko
再造神兵,최신상,ko
冒险举动,위험한 행보,ko
冕卫,크라운가드,ko
军工1号,최신상,ko
冲击火炮,고속 연사포,ko
冲榜战士,서열 상승,ko
冷酷なるジークの使者,지크의 음산한 전령,ko
凋零的遗物,해진 유물,ko
凋零聖物,해진 유물,ko
凯尔的光明崇拜,케일의 찬란한 승천,ko
凯尔的升腾,케일의 승천,ko
凯尔的圣光升腾,케일의 찬란한 승천,ko
凯尔的增益,케일의 은총,ko
凯尔的崇拜,케일의 승천,ko
凯尔的恩赐,케일의 은총,ko
凯特琳,케이틀린,ko
凯莎,카이사,ko
凱爾的祝福,케일의 은총,ko
凱爾的聖光讚頌,케일의 찬란한 승천,ko
凱爾的讚頌,케일의 승천,ko
凱特琳,케이틀린,ko
凱莎,카이사,ko
出身豪门,은수저,ko
出陣,출정,ko
刀劍湧流,넘치는 대검,ko
刃馬合一,출정,ko
刃马合一,출정,ko
列队,정렬,ko
初級鏡像人格,하급 거울의 환영,ko
利落保镖,경호대 훈련,ko
别再错过,연결 불가,ko
刹雅,자야,ko
刺藤胸甲,덤불 조끼,ko
刻苦钻研,끈질긴 연구,ko
前借り,대출 선지급,ko
前排地基,전방의 토대,ko
前瞻思维,미래 지향적 사고,ko
前線基礎,전방의 토대,ko
前線維持,진형 유지,ko
前线地基,전방의 토대,ko
前衛の礎,전방의 토대,ko
剎雅,자야,ko
剑之工匠,검 제작자,ko
剣鍛冶,검 제작자,ko
副作用,부작용,ko
劍匠,검 제작자,ko
力に鍛えられしもの,힘을 실은 제련,ko
力の聖杯,힘의 성배,ko
力炼之躯,힘을 실은 제련,ko
力量圣杯,힘의 성배,ko
力量聖杯,힘의 성배,ko
力量鍛造,힘을 실은 제련,ko
加速開始,시동 걸기,ko
劣化版鏡像のペルソナ,하급 거울의 환영,ko
努努和威朗普,누누와 윌럼프,ko
劫,제드,ko
劫掠者,습격자,ko
劫掠者徽章,습격자 상징,ko
勒哈斯特,라아스트,ko
勒布朗,르블랑,ko
勝ち抜け,성취,ko
千珏,킨드레드,ko
升华护符,승천의 부적,ko
升星之运,승승장구,ko
升級！,레벨 업!,ko
升级咯！,레벨 업!,ko
升级！,레벨 업!,ko
午餐錢,점심값,ko
午餐钱,점심값,ko
半导体,반도체,ko
半导体装置,반도체,ko
半導体,반도체,ko
半導體,반도체,ko
卑尔维斯,벨베스,ko
单身板甲,고독한 방패,ko
博弈开启,시동 걸기,ko
占星師,별돌보미,ko
占星師徽章,별돌보미 상징,ko
卡尔玛,카르마,ko
卡帕果汁,카파 주스,ko
卡玛,카르마,ko
卡瑪,카르마,ko
卡胡纳胡纳,에너지 파동,ko
卡莎,카이사,ko
卢登的激荡,루덴의 폭풍,ko
卢登骤雨,루덴의 폭풍,ko
即席アーマー,임시변통 방어구,ko
厄加特,우르곳,ko
厄萨斯,아트록스,ko
厄薩斯,아트록스,ko
厄运小姐,미스 포츈,ko
厄運使者,파멸자,ko
厨神阿福,U.R.F,ko
友を鍛える,친구 만들기,ko
双城赢家,아케인 빅토르이!,ko
双子守护神,쌍둥이 수호자,ko
双子守护者,쌍둥이 수호자,ko
双排,2인조,ko
反响,복제,ko
反曲之弓,곡궁,ko
反曲弓,곡궁,ko
发条加速器,시계태엽 윤활유,ko
发条增速器,시계태엽 윤활유,ko
受到星神赐福,신의 축복,ko
变形重组器,대격변 생성기,ko
叛逆者,반항아,ko
叛道者,불한당,ko
叛道者徽章,불한당 상징,ko
古拉加斯,그라가스,ko
古拉格斯,그라가스,ko
另辟新境,가지 뻗기,ko
叩きつけ,재빠른 무장,ko
可大可小,최적화,ko
可疑風衣,수상한 외투,ko
可疑风衣,수상한 외투,ko
史提克弹簧刀,스태틱의 단검,ko
史提克彈簧刀,스태틱의 단검,ko
史特拉克手套,스테락의 도전,ko
史詩重抽,서사적 새로고침,ko
史诗重骰,서사적 새로고침,ko
吉茵珂丝,징크스,ko
吉茵珂絲,징크스,ko
后排蓝图,후방 설계도,ko
后期专家,후반 전문가,ko
后期成长,후반 성장,ko
后期收益,후반 성장,ko
向上流動,출세가도,ko
吶兒,나르,ko
吸血の胆力,흡혈의 활력,ko
吸血活力,흡혈의 활력,ko
吸血活力I,흡혈의 활력,ko
吸血生命力,흡혈의 활력,ko
吾弓听命于您,활의 수호자,ko
吾弓效命於您,활의 수호자,ko
呐儿,나르,ko
呪いの刃,저주받은 칼날,ko
命懸けの戦い,위험한 행보,ko
命运祭司,예언자,ko
命运编织者,운명술사,ko
命運編織者,운명술사,ko
商业核心,거래 중심지,ko
單人磐核,고독한 방패,ko
嗜血者,피바라기,ko
嘟嘟好,그냥 눌러,ko
四费增援,4후지원,ko
四重援軍,4후지원,ko
回収箱,재활용 쓰레기통,ko
回收再利用,재활용 쓰레기통,ko
回春,재생의 바람,ko
团队建设,끈끈한 우정,ko
圣光审判者,구원자,ko
圣光捣蛋鬼,찬란한 장난꾸러기,ko
圣盾使的誓约,수호자의 맹세,ko
地底寶藏,파묻힌 보물,ko
均等法衣,저녁갑주,ko
坚守前线,진형 유지,ko
坚守防线,진형 유지,ko
坚定之心,굳건한 심장,ko
坚毅之心,굳건한 심장,ko
坦度成双,쌍두마차,ko
坦度雙倍,쌍두마차,ko
埋もれた宝物,파묻힌 보물,ko
埋藏的宝物,파묻힌 보물,ko
基克的先驱,지크의 전령,ko
基克的阴森先驱,지크의 음산한 전령,ko
堅守前線,진형 유지,ko
堅定之心,굳건한 심장,ko
堡垒,보루,ko
堡垒卫士,요새,ko
堡垒卫士纹章,요새 상징,ko
堡壘衛士,요새,ko
堡壘衛士徽章,요새 상징,ko
報復,응징,ko
塔姆,탐 켄치,ko
塔楼,탑,ko
塔隆,탈론,ko
增幅之力,증강된 힘,ko
增援部队,4후지원,ko
壁垒,요새,ko
壁垒徽章,요새 상징,ko
备用弓,예비 활,ko
复仇,응징,ko
复制,복제,ko
复制者,복제자,ko
复制者模式,복제자 모드,ko
复活恩赐,부활의 은총,ko
复活的恩赐,부활의 은총,ko
复苏之风,재생의 바람,ko
夕闇の加護,황혼의 방패,ko
夜之锋刃,밤의 끝자락,ko
夜明けの加護,새벽의 방패,ko
夜色緣界,밤의 끝자락,ko
夜色缘界,밤의 끝자락,ko
大きな福袋,큰 꾸러미,ko
大买特买,흥청망청,ko
大剑溢流,넘치는 대검,ko
大剑过载,넘치는 대검,ko
大器晚成,후반 성장,ko
大型惊喜包,큰 꾸러미,ko
大天使之杖,대천사의 지팡이,ko
大家來抱抱,단체 포옹,ko
大小很重要,크기의 중요성,ko
大百宝袋,큰 꾸러미,ko
大禮包,큰 꾸러미,ko
大而有力,거대하고 강력한,ko
大霹雳星系,빅뱅,ko
大霹靂星系,빅뱅,ko
天外橫財,돈 폭풍,ko
天煞,은하계 사냥꾼,ko
天煞灭影：劫,침략자 제드,ko
太空律动,우주 그루브,ko
太空律动徽章,우주 그루브 상징,ko
太空律动纹章,우주 그루브 상징,ko
太空律動,우주 그루브,ko
太空律動徽章,우주 그루브 상징,ko
失去联络,연결 불가,ko
契約殺手,청부 살인마,ko
奢侈品订购,호화로운 정기 구독,ko
奢华订阅,호화로운 정기 구독,ko
奥恩,오른,ko
奥术 维克特式胜利,아케인 빅토르이!,ko
奥瑞利安·索尔,아우렐리온 솔,ko
奥瑞利安·索尔的恩赐,아우렐리온 솔의 은총,ko
奧術：維克特必勝,아케인 빅토르이!,ko
女武神的祝福,고철 수집가의 은총,ko
女神の涙,여신의 눈물,ko
女神之泪,여신의 눈물,ko
女神之淚,여신의 눈물,ko
好きなだけ泣くがいい,실컷 울어봐라,ko
好战者的恩赐,고철 수집가의 은총,ko
好战者铠甲,워모그의 갑옷,ko
好戰者鎧甲,워모그의 갑옷,ko
好运姐,미스 포츈,ko
好运手套,행운의 장갑,ko
好運姐,미스 포츈,ko
好運手套,행운의 장갑,ko
娑娜,소나,ko
娜米,나미,ko
娜美,나미,ko
存心失利,계산된 패배,ko
孤身铁铠,고독한 방패,ko
宇宙の再起,우주적 재시작,ko
宇宙大爆炸,빅뱅,ko
宇宙重启,우주적 재시작,ko
宇宙重啟,우주적 재시작,ko
守望者之友,수호자의 친구,ko
守望者的盟友,수호자의 친구,ko
宝宝学院,조기 교육,ko
宝探し,보물 사냥,ko
宝石手套,보석 건틀릿,ko
寂静法衣,침묵의 장막,ko
寂靜法衣,침묵의 장막,ko
密银黎明,은빛 여명,ko
寶石手套,보석 건틀릿,ko
对冲基金,헤지 펀드,ko
寻宝,보물 사냥,ko
寻宝之旅,보물 사냥,ko
导能者,전달자,ko
导能者模式,전달자 모드,ko
專打後期,후반 전문가,ko
尋寶遊戲,보물 사냥,ko
導き手,길잡이,ko
導き手の紋章,길잡이 상징,ko
小さくても強烈,작지만 치명적인,ko
小さな仲間たち,작은 친구들,ko
小さな巨人,꼬마 거인,ko
小さな福袋,작은 꾸러미,ko
小伙伴,작은 친구들,ko
小偷小摸,슬쩍하기,ko
小型惊喜包,작은 꾸러미,ko
小型禮包,작은 꾸러미,ko
小小伙伴,작은 친구들,ko
小小夥伴,작은 친구들,ko
小小大英雄,꼬마 거인,ko
小小泰坦,꼬꼬마 거인,ko
小小福袋,작은 꾸러미,ko
小巧但致命,작지만 치명적인,ko
小巨人,꼬마 거인,ko
小木灵,꼬마 정령,ko
小米普,꼬마 정령,ko
小而致命,작지만 치명적인,ko
就差你一個,연결 불가,ko
尺寸至上,크기의 중요성,ko
尺有所短、寸有所长,크기의 중요성,ko
峡谷迅捷蟹,협곡 바위 게,ko
崇高の冒険,고귀한 모험,ko
崇高冒险,고귀한 모험,ko
崔斯特,트위스티드 페이트,ko
巧みなクラフト,정교한 공예,ko
巨人の誓い,거인의 결의,ko
巨人之力,거대하고 강력한,ko
巨人杀手,거인 학살자,ko
巨人殺手,거인 학살자,ko
巨人腰带,거인의 허리띠,ko
巨人腰帶,거인의 허리띠,ko
巨型九头蛇,거대한 히드라,ko
巨型魔棒,쓸데없이 큰 지팡이,ko
巨大強悍,거대하고 강력한,ko
巨龙之爪,용의 발톱,ko
巫妖之祸,리치베인,ko
巫妖之禍,리치베인,ko
巴德,바드,ko
巴龍巢穴,남작의 소굴,ko
巴龙幻域,남작의 소굴,ko
布蕾尔,브라이어,ko
布蕾爾,브라이어,ko
布里茨,블리츠크랭크,ko
帽子ジュース,카파 주스,ko
帽子饮品,카파 주스,ko
帽帽果汁,카파 주스,ko
平底鍋,프라이팬,ko
平底锅,프라이팬,ko
并肩作战,단결된 의지,ko
幸存者,생존자,ko
幸运手套,행운의 장갑,ko
幻灵战队,동물특공대,ko
幻灵战队纹章,동물특공대 상징,ko
幻灵指挥官,동물특공대 지휘관,ko
幽冥煞星,암흑의 별,ko
幽冥煞星徽章,암흑의 별 상징,ko
幽魂弯刀,망령 해적검,ko
広がる根,뻗어가는 뿌리,ko
庇護者のお供,수호자의 친구,ko
库奇,코르키,ko
应急护甲,임시변통 방어구,ko
应急护盾,주인공 버프,ko
庫奇,코르키,ko
建立團隊,끈끈한 우정,ko
开摆,자리 비움,ko
异类,반항아,ko
弓の誓い,활의 수호자,ko
強制中離,자리 비움,ko
強力投入,극진한 헌신,ko
強化包,부스터 팩,ko
强制中离,자리 비움,ko
强化之能量,증강된 힘,ko
强大机甲,거대 메크 로봇,ko
强袭者的链枷,타격대의 철퇴,ko
当头棒喝！,꽁!,ko
影の操り人形,그림자 꼭두각시,ko
影子木偶,그림자 꼭두각시,ko
影忍煞星：劫,침략자 제드,ko
征战之路,출정,ko
待つ価値あり,기다림의 미학,ko
後排藍圖,후방 설계도,ko
後衛の設計図,후방 설계도,ko
復仇,응징,ko
復刻師,복제자,ko
復刻師模式,복제자 모드,ko
復活祝福,부활의 은총,ko
循序漸進,일상물,ko
微光龍鱗精粹,빛비늘 정수,ko
微光龙鳞精萃,빛비늘 정수,ko
心之抗防,강철의 심장,ko
心之钢,강철의 심장,ko
心身統御のペンダント,활력증진의 펜던트,ko
忍耐の美徳,참는 자에게 복을,ko
忍耐是美德,참는 자에게 복을,ko
快速入门,시동 걸기,ko
思惑買い,장기 투자,ko
思緒清晰,맑은 정신,ko
思緒雜亂,어수선한 마음,ko
思绪杂乱,어수선한 마음,ko
思绪清晰,맑은 정신,ko
怪しげなトレンチコート,수상한 외투,ko
怪咖集合,반항아,ko
恶意变现,악의적 수익 창출,ko
恶意货币化,악의적 수익 창출,ko
恶意软件矩阵,악성코드 매트릭스,ko
恶火小斧,지옥불 손도끼,ko
恶鲨火箭,생선대가리,ko
惡性經營,악의적 수익 창출,ko
惡意程式矩陣,악성코드 매트릭스,ko
惡鯊火箭,생선대가리,ko
想定内の意外性,예상된 예상 밖의 결과,ko
意料之中的意外,예상된 예상 밖의 결과,ko
愿四费与你同在,4가 함께하길,ko
慎,쉔,ko
成吨数据！,엄청나게 이로운 효과!,ko
成吨的属性！,엄청나게 이로운 효과!,ko
我们团结一致,하나로 뭉치는 거지,ko
我弓于你手,활의 수호자,ko
我独自升级,나 혼자 레벨업,ko
战时补给：反曲之弓,예비 활,ko
战时补给：女神之泪,흐르는 눈물,ko
战时补给：拳套,치명적 성공,ko
战时补给：无用大棒,연속 주문 사용,ko
战时补给：暴风大剑,길을 내라,ko
战神的荣耀,대장군의 명예,ko
戦略的敗北,계산된 패배,ko
戰國軍閥之榮耀,대장군의 명예,ko
戰錘意志,철퇴의 의지,ko
手套,방한 장갑,ko
手气不错,행운의 기운,ko
打手连枷,타격대의 철퇴,ko
打手連枷,타격대의 철퇴,ko
打捞桶,재활용 쓰레기통,ko
打造夥伴,동료 제작,ko
扩展包,부스터 팩,ko
投資,투자,ko
投資完了,투자,ko
投资,투자,ko
抽好抽滿I,새로고침의 날,ko
拉亚斯特,라아스트,ko
拉姆斯,람머스,ko
拉莫斯,람머스,ko
拓展包,부스터 팩,ko
招兵买马,신병,ko
招兵買馬,신병,ko
拥抱,단체 포옹,ko
拳击训练,권투 교습,ko
拳击课程,권투 교습,ko
拳套,연습용 장갑,ko
拳擊訓練,권투 교습,ko
拳擊選手,파이트 머니,ko
指挥官,지휘관,ko
指揮官,지휘관,ko
挑个好伙计！,동료 제작,ko
挑战者,도전자,ko
挑战者徽章,도전자 상징,ko
挑战者模式,도전자 모드,ko
挑战者纹章,도전자 상징,ko
挖角,슬쩍하기,ko
振奋盔甲,정령의 형상,ko
振奮盔甲,정령의 형상,ko
排兵布阵,정렬,ko
探索者护腕,추적자의 팔목 보호대,ko
探索者的护臂,추적자의 팔목 보호대,ko
探索者護腕,추적자의 팔목 보호대,ko
提摩,티모,ko
提莫,티모,ko
援護の弓,예비 활,ko
揺るがぬ心,굳건한 심장,ko
携带型打铁铺,휴대용 대장간,ko
携手合作,협력,ko
摇钱树,돈 폭풍,ko
摘星之志,저 별을 향해,ko
攀升之階I,서열 상승,ko
攀登天梯,서열 상승,ko
攜帶型打鐵舖,휴대용 대장간,ko
攜手同行,하나로 뭉치는 거지,ko
支配宝匣,활력증진의 펜던트,ko
支配寶匣,활력증진의 펜던트,ko
放電,고전압,ko
救世主,구원자,ko
救済者,구원자,ko
救赎之灵,구원의 영혼,ko
救赎盔甲,구원의 영혼,ko
散件丰收日,조합 아이템 강탈,ko
斗士,싸움꾼,ko
斗士纹章,싸움꾼 상징,ko
斗神,신성 결투가,ko
斗神的恩赐,고철 수집가의 은총,ko
斜槓英雄,가지 뻗기,ko
斯塔缇克电刃,스태틱의 단검,ko
斯特拉克的挑战护手,스테락의 도전,ko
新人入队,신병,ko
新兵,신병,ko
新星特攻队,N.O.V.A.,ko
新星特攻队纹章,N.O.V.A. 상징,ko
新纪元,새로운 시대,ko
旅人,여행자,ko
旅人纹章,여행자 상징,ko
无人机上行链路,드론 업링크,ko
无尽之刃,무한의 대검,ko
无尽守护,무한한 보호,ko
无尽绝望,끝없는 절망,ko
无差别攻击,무차별적 살인자,ko
无差别杀手,무차별적 살인자,ko
无用大棒,쓸데없이 큰 지팡이,ko
无终恨意,끝없는 절망,ko
日炎斗篷,태양불꽃 망토,ko
日炎棋盘,태양불꽃판,ko
日炎燎原,태양불꽃판,ko
日輪的加冕,강철의 솔라리 펜던트,ko
日轮的加冕,강철의 솔라리 펜던트,ko
早期教育,조기 교육,ko
昇華護符,승천의 부적,ko
明智消费,현명한 소비,ko
明鏡止水,맑은 정신,ko
易,마스터 이,ko
易大师,마스터 이,ko
易大師,마스터 이,ko
星の観測者,별돌보미,ko
星の観測者の紋章,별돌보미 상징,ko
星を目指して,저 별을 향해,ko
星光连击,별빛 연계,ko
星光連鎖,별빛 연계,ko
星界壁壘,보루,ko
星界连招,별빛 연계,ko
星界重启,우주적 재시작,ko
星際旅人,여행자,ko
星際旅人徽章,여행자 상징,ko
星靈牧者,길잡이,ko
星靈牧者徽章,길잡이 상징,ko
昼食代,점심값,ko
時計仕掛けの加速装置,시계태엽 윤활유,ko
時間破壞者,시간 균열자,ko
時間破壞者徽章,시간 균열자 상징,ko
普通の日々,일상물,ko
普通預金口座,예금 계좌,ko
智商稅,인지세,ko
智慧末刃,마법사의 최후,ko
暗影傀儡,그림자 꼭두각시,ko
暗影木偶,그림자 꼭두각시,ko
暗星,암흑의 별,ko
暗星纹章,암흑의 별 상징,ko
暗行者之爪,자객의 발톱,ko
暗黑女士,어둠의 여인,ko
暮光铁壁,보루,ko
暮夜之盾,황혼의 방패,ko
暴击式成功,치명적 성공,ko
暴風之劍,B.F. 대검,ko
暴风之剑,B.F. 대검,ko
暴风大剑,B.F. 대검,ko
曙光核心,새벽심장,ko
更致命之刃,치명적인 칼날,ko
更要命的帽子,더욱 치명적인 모자,ko
更要命的战刃,치명적인 칼날,ko
最佳好友,단짝,ko
最后的轻语,최후의 속삭임,ko
最后耳语,최후의 속삭임,ko
最后赢家,성취,ko
最大最小化,최적화,ko
最小巨人,꼬꼬마 거인,ko
最強の四配者,4후지원,ko
最强构筑,극대화 빌드,ko
最後耳語,최후의 속삭임,ko
最高指挥官,지휘관,ko
有効活用,다 쓸 데가 있다니까,ko
有用之材,다 쓸 데가 있다니까,ko
朔极之矛,쇼진의 창,ko
木偶化,훈련 봇 변환,ko
木灵族,정령족,ko
木灵族纹章,정령족 상징,ko
未来の鍛冶場,신중한 제작,ko
未来战士,시간 균열자,ko
未来战士纹章,시간 균열자 상징,ko
末日使者,파멸자,ko
机甲神盾,메카,ko
杀出血路,길을 내라,ko
权杖意志,철퇴의 의지,ko
杖之工匠,지팡이 제작자,ko
杖匠,지팡이 제작자,ko
杖鍛冶,지팡이 제작자,ko
来个好伙计,친구 만들기,ko
极光,오로라,ko
极限拉满,최적화,ko
构筑一名伙伴：,동료 제작,ko
枯朽の遺物,해진 유물,ko
枯死の宝石,역병의 보석,ko
枯萎圣物,해진 유물,ko
枯萎宝石,역병의 보석,ko
枯萎寶石,역병의 보석,ko
枯萎珠宝,역병의 보석,ko
柔依,조이,ko
柔軟性,유연함,ko
根絶者,말살자,ko
格斗手套,연습용 장갑,ko
格温,그웬,ko
格雷福斯,그레이브즈,ko
格鬥手套,연습용 장갑,ko
棋手之盾,전략가의 방패,ko
棋手厨房,전략가의 주방,ko
棋手廚房,전략가의 주방,ko
棋手披風,전략가의 망토,ko
棋手斗篷,전략가의 망토,ko
棋手皇冠,전략가의 왕관,ko
棋手盾牌,전략가의 방패,ko
棘刺背心,덤불 조끼,ko
棱彩门票,프리즘 티켓,ko
極速快手,도전자,ko
極速快手徽章,도전자 상징,ko
極速快手模式,도전자 모드,ko
構成拡大,가지 뻗기,ko
模控機械上鏈,사이버네틱 통신,ko
模控機械移植,사이버네틱 이식술,ko
機械戰甲,메카,ko
次级镜像人格面具,하급 거울의 환영,ko
次级镜影化身,하급 거울의 환영,ko
歐羅拉,오로라,ko
正义之手,정의의 손길,ko
正义手套,정의의 손길,ko
正义报复,응징,ko
正義手套,정의의 손길,ko
武斗家,싸움꾼,ko
武斗家徽章,싸움꾼 상징,ko
武装战姬,기동총격여신,ko
武鬥家,싸움꾼,ko
武鬥家徽章,싸움꾼 상징,ko
歩く鍛冶場,간이 대장간,ko
死亡之刃,죽음의 검,ko
死亡之帽,라바돈의 죽음모자,ko
死得有價值I,다 쓸 데가 있다니까,ko
死神之刃,죽음의 검,ko
歼灭者,말살자,ko
殉道美德,순교자의 미덕,ko
殺出血路,길을 내라,ko
水乳交融,하나로 뭉치는 거지,ko
水銀兜帽,수은,ko
水银,수은,ko
水银兜帽,수은,ko
永恆契約,영원한 서약,ko
永恒契约,영원한 서약,ko
永续召唤,연속 주문 사용,ko
汪星机器人,파티광,ko
沈黙の帳,침묵의 장막,ko
沉重王冠,왕관의 무게,ko
河蟹,협곡 바위 게,ko
治疗法球,회복의 구,ko
治療靈球,회복의 구,ko
治癒回音,회복의 메아리,ko
法官,중재자,ko
法官纹章,중재자 상징,ko
法杖工匠,지팡이 제작자,ko
法杖溢流,넘치는 지팡이,ko
法洛士的執念,바루스의 집착,ko
法洛士的增益,바루스의 은총,ko
法洛士的执念,바루스의 집착,ko
法洛士的祝福,바루스의 은총,ko
波比,뽀삐,ko
泪流不止,흐르는 눈물,ko
泪流成河,실컷 울어봐라,ko
泰坦九头蛇,거대한 히드라,ko
泰坦九頭蛇,거대한 히드라,ko
泰坦的决意,거인의 결의,ko
泰坦的坚决,거인의 결의,ko
泰坦的決意,거인의 결의,ko
泰隆,탈론,ko
活体锻炉,간이 대장간,ko
活火炉,간이 대장간,ko
活火爐,간이 대장간,ko
派上用场,다 쓸 데가 있다니까,ko
派克,파이크,ko
派对大咖,파티광,ko
派對咖,파티광,ko
流れる涙,흐르는 눈물,ko
流亡孤军,추방자,ko
流亡孤軍,추방자,ko
浪人,추방자,ko
海克斯科技枪刃,마법공학 총검,ko
海克斯科技槍刃,마법공학 총검,ko
海妖之怒,크라켄의 분노,ko
海牛阿福的锅铲战术,우르프의 갬빗,ko
海魔人,태고족,ko
海魔人纹章,태고족 상징,ko
淚光閃閃,흐르는 눈물,ko
淚如泉湧,실컷 울어봐라,ko
混乱回復装置,대격변 생성기,ko
混乱的呼唤,혼돈의 부름,ko
混沌への呼び声,혼돈의 부름,ko
混沌召唤,혼돈의 부름,ko
混沌召喚,혼돈의 부름,ko
清晰头脑,맑은 정신,ko
游侠,불한당,ko
游侠纹章,불한당 상징,ko
游神的盟友,수호자의 친구,ko
源计划上行链路,사이버네틱 통신,ko
源计划植入,사이버네틱 이식술,ko
滚起优势,승승장구,ko
漫游者,여행자,ko
漫游者徽章,여행자 상징,ko
潘多拉的备战区,판도라의 대기석,ko
潘多拉的道具,판도라의 아이템,ko
潘朵拉的備戰區,판도라의 대기석,ko
潘朵拉的备战席,판도라의 대기석,ko
潘朵拉的装备,판도라의 아이템,ko
潘朵拉的道具,판도라의 아이템,ko
潘森,판테온,ko
潛在火爐,신중한 제작,ko
潛行者之爪,자객의 발톱,ko
潜心锻造,신중한 제작,ko
潜行者之爪,자객의 발톱,ko
激发之匣,활력증진의 펜던트,ko
火上浇油,땔감 제공,ko
火热促销,급매,ko
火爆甩卖,급매,ko
灭世者的死亡之帽,라바돈의 죽음모자,ko
灭星尊,말살자,ko
灵气农兵,오라 축적,ko
灵活变通,유연함,ko
灵活摇摆,유연함,ko
灵能特工,초능력,ko
灵能特工纹章,초능력 상징,ko
灵能者,초능력,ko
灵能者徽章,초능력 상징,ko
灵风,서풍,ko
灵魂唤醒,영혼 각성,ko
灵魂觉醒,영혼 각성,ko
炎を強めて,땔감 제공,ko
点击即送,그냥 눌러,ko
炽天使之拥,고위천사의 지팡이,ko
炽天使之杖,고위천사의 지팡이,ko
烁刃,명멸검,ko
烈士之德,순교자의 미덕,ko
烈士美德,순교자의 미덕,ko
烏爾加特,우르곳,ko
烬,진,ko
無人機上鏈,드론 업링크,ko
無差別屠殺,무차별적 살인자,ko
無差別殺人者,무차별적 살인자,ko
無盡之刃,무한의 대검,ko
無盡絕望,끝없는 절망,ko
無限守護,무한한 보호,ko
煞蜜拉,사미라,ko
煽风点火,땔감 제공,ko
熊熊火勢,땔감 제공,ko
熾天使之杖,고위천사의 지팡이,ko
營造氣場,오라 축적,ko
燼,진,ko
燼滅之華,말살자,ko
爆炸式增长,폭발적인 성장,ko
爆炸性成長,폭발적인 성장,ko
爆発的成長,폭발적인 성장,ko
爱心包裹,선물 꾸러미,ko
爱欧尼亚星火,이온 충격기,ko
牧羊人,길잡이,ko
牧羊人纹章,길잡이 상징,ko
牧魂人,길잡이,ko
牧魂人徽章,길잡이 상징,ko
物尽其用,재빠른 무장,ko
物資箱,선물 꾸러미,ko
特性の書,특성의 고서,ko
特性の木,특성 나무,ko
特性を選択,특성 선택,ko
特性之树,특성 나무,ko
特性典籍,특성의 고서,ko
特性神木,특성 나무,ko
犽宿之共享光采,야스오의 스포트라이트 공유,ko
犽宿的共享光采,야스오의 스포트라이트 공유,ko
犽宿的剑术,야스오의 검술,ko
犽宿的增益,야스오의 은총,ko
犽宿的祝福,야스오의 은총,ko
犽宿的迅雷之技,야스오의 검술,ko
犽宿的黃金棋格,야스오의 황금 칸,ko
犽宿的黄金格子,야스오의 황금 칸,ko
狂徒铠甲,워모그의 갑옷,ko
狂战士,습격자,ko
狂战士纹章,습격자 상징,ko
狙击专家,저격수,ko
狙击专家徽章,저격수 상징,ko
狙擊專家,저격수,ko
狙擊專家徽章,저격수 상징,ko
狙神,저격수,ko
狙神纹章,저격수 상징,ko
独自升级,나 혼자 레벨업,ko
狱火战斧,지옥불 손도끼,ko
猛将的荣耀,대장군의 명예,ko
猩红报偿,피의 대가,ko
獄火手斧,지옥불 손도끼,ko
獄炎のハチェット,지옥불 손도끼,ko
獨自升等,나 혼자 레벨업,ko
王冠とは重きもの,왕관의 무게,ko
王冠之重,왕관의 무게,ko
玻璃大炮,유리 대포,ko
玻璃大砲I,유리 대포,ko
珍藏财宝,파묻힌 보물,ko
珠光护手,보석 건틀릿,ko
珠光莲花,보석 연꽃,ko
珠光蓮花II,보석 연꽃,ko
瑟雷西的增益,쓰레쉬의 은총,ko
瑟雷西的灯笼,쓰레쉬의 랜턴,ko
瑟雷西的燈籠,쓰레쉬의 랜턴,ko
瑟雷西的祝福,쓰레쉬의 은총,ko
璐璐,룰루,ko
甘いおやつ,달콤한 간식,ko
甜点,달콤한 간식,ko
生存专家,생존자,ko
生存專家,생존자,ko
生日团聚,생일 모임,ko
生日團聚,생일 모임,ko
生日礼物,생일 선물,ko
生日禮物,생일 선물,ko
生日聚会,생일 모임,ko
生根发芽,뻗어가는 뿌리,ko
生活片段,일상물,ko
生涯ブロンズ,영원한 브론즈,ko
生物材料保存,유기물 보존기,ko
生物质保存剂,유기물 보존기,ko
生物质维护器,유기물 보존기,ko
由二生D,2만한 가치,ko
电光反击,고전압,ko
电火花,고전압,ko
电荷转移I,전하 이동,ko
男爵幻域,남작의 소굴,ko
略奪者,습격자,ko
略奪者の紋章,습격자 상징,ko
疗愈回响,회복의 메아리,ko
疾射火炮,고속 연사포,ko
疾速双杀,재빠른 더블 킬,ko
疾速雙殺,재빠른 더블 킬,ko
癒しのこだま,회복의 메아리,ko
登上最高峰,성취,ko
發條加速器,시계태엽 윤활유,ko
百兽,동물특공대,ko
百兽指挥官,동물특공대 지휘관,ko
百兽特攻队徽章,동물특공대 상징,ko
百獸,동물특공대,ko
百獸指揮官,동물특공대 지휘관,ko
百獸特攻隊徽章,동물특공대 상징,ko
皇冠守衛,크라운가드,ko
盗賊のグローブ,도적의 장갑,ko
盗賊団,도둑 무리,ko
盗賊団 II,도둑 무리 II,ko
盜取,슬쩍하기,ko
盧登驟雨,루덴의 폭풍,ko
目标锁定光学仪,표적 고정 광학 장치,ko
目標鎖定光學,표적 고정 광학 장치,ko
真派氣功,에너지 파동,ko
石像鬼盘核,가고일 돌갑옷,ko
石像鬼石板甲,가고일 돌갑옷,ko
石像鬼磐核,가고일 돌갑옷,ko
研究熱心,끈질긴 연구,ko
砰地重击,재빠른 무장,ko
砰爆,파멸자,ko
破时者,시간 균열자,ko
破时者徽章,시간 균열자 상징,ko
破曉之核,새벽심장,ko
砸起來,재빠른 무장,ko
硬性承诺,극진한 헌신,ko
碰撞测试假人,충돌 시험용 봇,ko
碰撞測試,충돌 시험용 봇,ko
神の祝福,신의 축복,ko
神の鍛冶場,신성한 대장간,ko
神之祝福,신의 축복,ko
神偷军团,도둑 무리,ko
神偷军团 II,도둑 무리 II,ko
神偷軍團,도둑 무리,ko
神偷軍團 II,도둑 무리 II,ko
神力天铸,힘을 실은 제련,ko
神化锻炉,신성한 대장간,ko
神寵者,신의 축복,ko
神影刺客,불한당,ko
神影刺客徽章,불한당 상징,ko
神聖熔爐,신성한 대장간,ko
神託,예언자,ko
神諭,예언자,ko
神谕,전달자,ko
神谕模式,전달자 모드,ko
神赐锻炉,신성한 대장간,ko
神鬥士,신성 결투가,ko
禁忌之像,금지된 우상,ko
禁忌雕像,금지된 우상,ko
离子火花,이온 충격기,ko
私房錢,수완가,ko
私房钱,수완가,ko
科加斯,초가스,ko
秘传奥义,에너지 파동,ko
稜鏡票券,프리즘 티켓,ko
穢れたヴァンパイア セプター,타락한 흡혈의 낫,ko
究極暴擊,치명적 성공,ko
窃盗,슬쩍하기,ko
窃贼帮派,도둑 무리,ko
窃贼帮派 II,도둑 무리 II,ko
窃贼手套,도적의 장갑,ko
竊賊手套,도적의 장갑,ko
米利欧,밀리오,ko
米普,꼬마 정령,ko
米普,정령족,ko
米普徽章,정령족 상징,ko
米普星人,정령족,ko
米普星人徽章,정령족 상징,ko
米普終端速度,정령단 속도,ko
米里欧,밀리오,ko
米里歐,밀리오,ko
精心打造,정교한 공예,ko
精心製作,정교한 공예,ko
精打細算,현명한 소비,ko
精打细算,현명한 소비,ko
精进之矛,쇼진의 창,ko
精進之矛,쇼진의 창,ko
紀元,새로운 시대,ko
紅Buff,붉은 덩굴정령,ko
納什之牙,내셔의 이빨,ko
納瑟斯,나서스,ko
素材アイテムヘイスト,조합 아이템 강탈,ko
紡がれし魔法,얽힌 마법,ko
索娜,소나,ko
索拉卡的增益,소라카의 은총,ko
索拉卡的奇蹟,소라카의 기적,ko
索拉卡的奇迹,소라카의 기적,ko
索拉卡的恩赐,소라카의 은총,ko
索拉卡的祝福,소라카의 은총,ko
終わりなき絶望,끝없는 절망,ko
組件強盜,조합 아이템 강탈,ko
絶好調,승승장구,ko
維克特,빅토르,ko
維迦,베이가,ko
縮小手套,방한 장갑,ko
红增益,붉은 덩굴정령,ko
红霸符,붉은 덩굴정령,ko
纪年伊始,새로운 시대,ko
纳什之牙,내셔의 이빨,ko
纳尔,나르,ko
纳瑟斯,나서스,ko
纷乱头脑,어수선한 마음,ko
纹章之书,특성의 고서,ko
纺织魔法,얽힌 마법,ko
组件劫案,조합 아이템 강탈,ko
织命人,운명술사,ko
终端米普速度,정령단 속도,ko
终身青铜,영원한 브론즈,ko
终身黄铜,영원한 브론즈,ko
绝境反击,역전의 서막,ko
维克托,빅토르,ko
维克特,빅토르,ko
维迦,베이가,ko
编织魔法,얽힌 마법,ko
羁绊树,특성 나무,ko
美味甜點,달콤한 간식,ko
翱銳龍獸,아우렐리온 솔,ko
翱銳龍獸的祝福,아우렐리온 솔의 은총,ko
翱锐龙兽,아우렐리온 솔,ko
翱锐龙兽的增益,아우렐리온 솔의 은총,ko
耐心学习,끈질긴 연구,ko
耐心學習,끈질긴 연구,ko
耐心是一种美德,참는 자에게 복을,ko
耐心是美德,참는 자에게 복을,ko
职业杀手,청부 살인마,ko
联合作战,단결된 의지,ko
聖なる決闘者,신성 결투가,ko
聖光無賴,찬란한 장난꾸러기,ko
能力值大補包,엄청나게 이로운 효과!,ko
能量圣杯,힘의 성배,ko
脫穎而出,성취,ko
腐蚀,부식,ko
腐蝕,부식,ko
腐败吸血鬼权杖,타락한 흡혈의 낫,ko
腐食,부식,ko
腰带溢流,넘치는 허리띠,ko
腰带过载,넘치는 허리띠,ko
腰帶多多,넘치는 허리띠,ko
臨時戰甲,임시변통 방어구,ko
至尊探险,고귀한 모험,ko
致命利刃,치명적인 칼날,ko
致命帽子,더욱 치명적인 모자,ko
致命豆丁,작지만 치명적인,ko
致死之帽,더욱 치명적인 모자,ko
艾克的增益,에코의 은총,ko
艾克的恩赐,에코의 은총,ko
艾克的祝福,에코의 은총,ko
艾克的耐心,에코의 인내,ko
节外生枝,가지 뻗기,ko
花到上头,수완가,ko
芽苞初放,친구 만들기,ko
英勇惊喜包,영웅 꾸러미,ko
英勇福袋,영웅 꾸러미,ko
英雄のラッキーバッグ,영웅 꾸러미,ko
英雄禮包,영웅 꾸러미,ko
茂凯,마오카이,ko
茂凱,마오카이,ko
荊棘蔓延,뻗어가는 뿌리,ko
莎弥拉,사미라,ko
莫德凯撒,모데카이저,ko
莫甘娜,모르가나,ko
莫雷洛秘典,모렐로노미콘,ko
菲兹,피즈,ko
菲奥娜,피오라,ko
菲欧拉,피오라,ko
菲歐拉,피오라,ko
葛雷夫,그레이브즈,ko
蓝增益,푸른 파수꾼,ko
蓝霸符,푸른 파수꾼,ko
蔓延之根,뻗어가는 뿌리,ko
蕾欧娜,레오나,ko
薄暮法袍,저녁갑주,ko
薇古丝,벡스,ko
薇可丝,벡스,ko
薇可絲,벡스,ko
藍Buff,푸른 파수꾼,ko
虚空之杖,공허의 지팡이,ko
虚空之门,즈롯 차원문,ko
虚空手套,공허 건틀릿,ko
虚空护手,공허 건틀릿,ko
虛空之杖,공허의 지팡이,ko
虛空之門,즈롯 차원문,ko
虛空武鬥場,공허 건틀릿,ko
血の供物,피의 공물,ko
血の価値,피의 대가,ko
血償,피의 대가,ko
血的代价,피의 대가,ko
血祭,피의 공물,ko
衝擊火炮,고속 연사포,ko
衝突試験用ダミー,충돌 시험용 봇,ko
裁决者,중재자,ko
裁决者徽章,중재자 상징,ko
装备百宝袋,아이템 꾸러미,ko
複製,복제,ko
西風匕首,서풍,ko
西风匕首,서풍,ko
視界專注,지평선의 초점,ko
观星者,별돌보미,ko
观星者徽章,별돌보미 상징,ko
观星者纹章,별돌보미 상징,ko
视界专注,지평선의 초점,ko
觉得自己幸运吗,행운의 기운,ko
訂購奢侈品,호화로운 정기 구독,ko
訂閱服務,구독 서비스,ko
訓練假人,훈련 봇,ko
詛咒之冠,저주받은 왕관,ko
詛咒之刃,저주받은 칼날,ko
詛咒吸血鬼權杖,타락한 흡혈의 낫,ko
認知超載,인지 과부하,ko
订阅服务,구독 서비스,ko
认知税,인지세,ko
认知超负荷,인지 과부하,ko
认知过载,인지 과부하,ko
训练假人,훈련 봇,ko
训练木偶,훈련 봇,ko
诅咒之冠,저주받은 왕관,ko
诅咒之刃,저주받은 칼날,ko
诅咒冠冕,저주받은 왕관,ko
豪華なサブスク,호화로운 정기 구독,ko
貝爾薇斯,벨베스,ko
負極斗篷,음전자 망토,ko
貪啃奇,탐 켄치,ko
貪財,돈독,ko
買い物三昧,흥청망청,ko
買不手軟,흥청망청,ko
貿易核心,거래 중심지,ko
賈克斯,잭스,ko
賢い買い物,현명한 소비,ko
贝尔薇斯,벨베스,ko
贝蕾亚,브라이어,ko
负极斗篷,음전자 망토,ko
财源滚滚,돈 폭풍,ko
贪啃奇,탐 켄치,ko
贪财,돈독,ko
购物狂欢,흥청망청,ko
贸易中心,거래 중심지,ko
贸易大亨,교환의 장,ko
贾克斯,잭스,ko
赏金战士,파이트 머니,ko
起死回生,재생의 바람,ko
超前部署,미래 지향적 사고,ko
超新星,N.O.V.A.,ko
超新星徽章,N.O.V.A. 상징,ko
超级机甲,거대 메크 로봇,ko
超能機甲,거대 메크 로봇,ko
超越のタリスマン,승천의 부적,ko
跳樓大拍賣,급매,ko
輝く悪党,찬란한 장난꾸러기,ko
转不停,새로고침의 날,ko
轻量魔法投掷,약간 신비한 주사위,ko
轻魔重骰,약간 신비한 주사위,ko
这次战败也在计算之中,계산된 패배,ko
远古霸者,태고족,ko
远古霸者徽章,태고족 상징,ko
远征,탐사,ko
远见卓识,미래 지향적 사고,ko
连指手套,방한 장갑,ko
迷你小英雄,꼬꼬마 거인,ko
迷你黑洞,소형 블랙홀,ko
迷离风衣,수상한 외투,ko
适应性头盔,적응형 투구,ko
适性神盔,적응형 투구,ko
逆命,트위스티드 페이트,ko
逆袭之路,역전의 서막,ko
逆転劇,역전의 서막,ko
逆轉佳話,역전의 서막,ko
选择特性,특성 선택,ko
选择羁绊,특성 선택,ko
這次戰敗也在計算之中,계산된 패배,ko
連続魔法,연속 주문 사용,ko
連續施法,연속 주문 사용,ko
進階貸款,대출 선지급,ko
道を切り拓け,길을 내라,ko
道具惊喜包,아이템 꾸러미,ko
道具組合包I,아이템 꾸러미,ko
遠古霸者,태고족,ko
遠古霸者徽章,태고족 상징,ko
遠征,탐사,ko
遥遥领先,장기 투자,ko
適性神盔,적응형 투구,ko
選擇特性,특성 선택,ko
避險基金,헤지 펀드,ko
邦！,꽁!,ko
邪悪な収益化,악의적 수익 창출,ko
部分飞升,불완전한 초월,ko
鄂尔,오른,ko
鄂爾,오른,ko
重启任务,임무 재시작,ko
重整装置,대격변 생성기,ko
重整裝置,대격변 생성기,ko
重新開始任務,임무 재시작,ko
重枪女武神,기동총격여신,ko
重槍女武神,기동총격여신,ko
重装战士,선봉대,ko
重装战士纹章,선봉대 상징,ko
重锤之志,철퇴의 의지,ko
量身訂做,특별 맞춤 설정,ko
金に飢えし者,돈독,ko
金のタマゴ,황금 알,ko
金のモンスーン,돈 폭풍,ko
金ピカの鋼,도금 강철,ko
金克丝,징크스,ko
金湯匙,은수저,ko
金蛋,황금 알,ko
金铲铲,뒤집개,ko
金铲铲冠冕,전략가의 왕관,ko
金锅铲冠冕,전략가의 망토,ko
金锅锅,프라이팬,ko
金锅锅冠冕,전략가의 방패,ko
金霖龙,황금 드래곤,ko
金鳞精粹,빛비늘 정수,ko
金龙降世,황금 드래곤,ko
鈍化,훈련 봇 변환,ko
銀の匙,은수저,ko
銀河獵手,은하계 사냥꾼,ko
銀織黎明,은빛 여명,ko
銃装機神,기동총격여신,ko
銅級之命II,영원한 브론즈,ko
鋼の心,강철의 심장,ko
鋼鐵素材,유용한 금속,ko
錫柯的悲鳴號角,지크의 음산한 전령,ko
錫柯的號角,지크의 전령,ko
鍋鏟,뒤집개,ko
鎖子甲,쇠사슬 조끼,ko
鏡像のペルソナ,거울의 환영,ko
鏡像人格,거울의 환영,ko
鏡爪,킨드레드,ko
鑄造朋友,친구 만들기,ko
钢铁之心,강철의 심장,ko
钢铁烈阳之匣,강철의 솔라리 펜던트,ko
钢铁资产,유용한 금속,ko
银汤匙,은수저,ko
银河猎手,은하계 사냥꾼,ko
银织黎明,은빛 여명,ko
铸剑工匠,검 제작자,ko
锁子甲,쇠사슬 조끼,ko
锁敌光学设备,표적 고정 광학 장치,ko
锅铲,뒤집개,ko
锅铲厨房,전략가의 주방,ko
锐雯,리븐,ko
锡柯的号角,지크의 전령,ko
锡柯的悲鸣号角,지크의 음산한 전령,ko
锤石的恩赐,쓰레쉬의 은총,ko
锤石的灯笼,쓰레쉬의 랜턴,ko
锻造一个朋友,친구 만들기,ko
锻造挚友,친구 만들기,ko
镀金钢铁,도금 강철,ko
镜像人格面具,거울의 환영,ko
镜影化身,거울의 환영,ko
镜爪,킨드레드,ko
長久之計,장기 투자,ko
閃刃,명멸검,ko
開局新手包,친구 만들기,ko
闇の女帝,어둠의 여인,ko
闇翼魔女,어둠의 여인,ko
關,그웬,ko
防禦高塔,탑,ko
阿卡丽,아칼리,ko
阿卡莉,아칼리,ko
阿狸的光环,아리의 오라,ko
阿狸的恩赐,아리의 은총,ko
阿璃的增益,아리의 은총,ko
阿璃的灵气,아리의 오라,ko
阿璃的祝福,아리의 은총,ko
阿璃的靈氣,아리의 오라,ko
阿福大礼包,우르프의 꾸러미,ko
阿福大禮包,우르프의 꾸러미,ko
阿福奇兵,우르프의 갬빗,ko
阿福式开局,우르프의 갬빗,ko
阿福快打,U.R.F,ko
阿福的百宝袋,우르프의 꾸러미,ko
阿福驾到,U.R.F,ko
阿萝拉,오로라,ko
降靈師,전달자,ko
降靈師模式,전달자 모드,ko
限定カスタマイズ,특별 맞춤 설정,ko
陣容,정렬,ko
集中火力,화력 집중,ko
集中砲火,화력 집중,ko
集体拥抱I,단체 포옹,ko
集结战队,협력,ko
雇佣杀手,청부 살인마,ko
雙排,2인조,ko
雙生守衛,쌍둥이 수호자,ko
離子星火,이온 충격기,ko
雷克塞,렉사이,ko
雷欧娜,레오나,ko
雷歐娜,레오나,ko
雷玟,리븐,ko
雷珂煞,렉사이,ko
電光反擊,고전압,ko
電荷轉移,전하 이동,ko
霞,자야,ko
露璐,룰루,ko
霸天机甲,메카,ko
靈活變通,유연함,ko
靈能使,초능력,ko
靈能使徽章,초능력 상징,ko
靈魂救贖,구원의 영혼,ko
静止法衣,침묵의 장막,ko
非凡冒險,고귀한 모험,ko
韦鲁斯的恩赐,바루스의 은총,ko
韦鲁斯的执念,바루스의 집착,ko
頂裝,극대화 빌드,ko
預料中的意外,예상된 예상 밖의 결과,ko
願四之力與你同在,4가 함께하길,ko
顶尖构筑,극대화 빌드,ko
顽强不屈,불굴,ko
飙速木灵,정령단 속도,ko
飛斯,피즈,ko
飛昇,초월,ko
飞升,초월,ko
飞升护符,승천의 부적,ko
飞斯,피즈,ko
饮血剑,피바라기,ko
騎士の誓い,기사의 맹세,ko
騎士誓願,기사의 맹세,ko
骑士之誓,기사의 맹세,ko
骑士誓愿,기사의 맹세,ko
高压电,고전압,ko
高压电流,고전압,ko
高塔,탑,ko
高级贷款,대출 선지급,ko
高速ダブルキル,재빠른 더블 킬,ko
高電圧,고전압,ko
高電壓,고전압,ko
高風險高報酬,위험한 행보,ko
鬼使弯刀,망령 해적검,ko
鬼使彎刀,망령 해적검,ko
鬼索的狂暴之刃,구인수의 격노검,ko
魂力覺醒,영혼 각성,ko
魔像,골렘,ko
魔力編織,얽힌 마법,ko
魔斗凯萨,모데카이저,ko
魔术师,복제자,ko
魔术师模式,복제자 모드,ko
魔杖湧流,넘치는 지팡이,ko
魔棒过载,넘치는 지팡이,ko
魔法のダイス,마법 주사위,ko
魔法投掷,마법 주사위,ko
魔法擲骰,마법 주사위,ko
魔法骰子,마법 주사위,ko
魔甘娜,모르가나,ko
魔鬥凱薩,모데카이저,ko
鱼骨头,생선대가리,ko
鲜血祭品,피의 공물,ko
鴻運當頭,행운의 기운,ko
鴻運當頭,승승장구,ko
麗珊卓,리산드라,ko
黃昏聖盾,황혼의 방패,ko
黃金巨龍,황금 드래곤,ko
黃金蛋,황금 알,ko
黃金豪賭,경품 추첨,ko
黄昏圣盾,황혼의 방패,ko
黄金の博打,경품 추첨,ko
黄金の龍,황금 드래곤,ko
黄金蛋,황금 알,ko
黄金豪赌,경품 추첨,ko
黄金赌约,경품 추첨,ko
黎明之盾,새벽의 방패,ko
黎明圣盾,새벽의 방패,ko
黎明核心,새벽심장,ko
黎明聖盾,새벽의 방패,ko
黑暗吸血鬼节杖,타락한 흡혈의 낫,ko
黑暗魔女,어둠의 여인,ko
黑铁资产,유용한 금속,ko
黑魔禁书,모렐로노미콘,ko
黑魔禁書,모렐로노미콘,ko
黛安娜,다이애나,ko
龍之爪,용의 발톱,ko
龙之爪,용의 발톱,ko
羊刀,구인수의 격노검,ko
帽子,라바돈의 죽음모자,ko
大帽,라바돈의 죽음모자,ko
法帽,라바돈의 죽음모자,ko
青龙刀,쇼진의 창,ko
龙刀,쇼진의 창,ko
蓝buff,푸른 파수꾼,ko
大天使,대천사의 지팡이,ko
AA,대천사의 지팡이,ko
珠光,보석 건틀릿,ko
法爆,보석 건틀릿,ko
JG,보석 건틀릿,ko
鬼书,모렐로노미콘,ko
离子,이온 충격기,ko
纳什,내셔의 이빨,ko
科技枪,마법공학 총검,ko
枪刃,마법공학 총검,ko
虚空,공허의 지팡이,ko
法穿棒,공허의 지팡이,ko
无尽,무한의 대검,ko
IE,무한의 대검,ko
死刃,죽음의 검,ko
杀人剑,죽음의 검,ko
DB,죽음의 검,ko
巨杀,거인 학살자,ko
GS,거인 학살자,ko
轻语,최후의 속삭임,ko
LW,최후의 속삭임,ko
海妖,크라켄의 분노,ko
泰坦,거인의 결의,ko
幽梦,요우무의 유령검,ko
QSS,수은,ko
血手,스테락의 도전,ko
饮血,피바라기,ko
BT,피바라기,ko
反甲,덤불 조끼,ko
龙爪,용의 발톱,ko
DC,용의 발톱,ko
石像鬼,가고일 돌갑옷,ko
狂徒,워모그의 갑옷,ko
夜锋,밤의 끝자락,ko
EON,밤의 끝자락,ko
日炎,태양불꽃 망토,ko
适应,적응형 투구,ko
坚定,굳건한 심장,ko
心之刚,굳건한 심장,ko
斯特拉克,스테락의 도전,ko
偷偷,도적의 장갑,ko
圣盾,수호자의 맹세,ko
誓约,수호자의 맹세,ko
冰甲,수호자의 맹세,ko
圣杯,힘의 성배,ko
基克,지크의 전령,ko
鸟盾,강철의 솔라리 펜던트,ko
正义,정의의 손길,ko
HOJ,정의의 손길,ko
法衣,침묵의 장막,ko
女妖,밴시의 장막,ko
薄暮,저녁갑주,ko
骑士,기사의 맹세,ko
月石,월석 재생기,ko
恶意,앙심,ko
嘉文,자르반 4세,ko
J4,자르반 4세,ko
菊花信,신 짜오,ko
小炮,트리스타나,ko
卡牌,트위스티드 페이트,ko
牌爹,트위스티드 페이트,ko
TF,트위스티드 페이트,ko
挖掘机,렉사이,ko
妖姬,르블랑,ko
船长,갱플랭크,ko
GP,갱플랭크,ko
大卑,벨베스,ko
蝙蝠,벨베스,ko
女枪,미스 포츈,ko
霸龙,T-헥스,ko
霸王龙,T-헥스,ko
螃蟹,협곡 바위 게,ko
猴子,오공,ko
稻草人,피들스틱,ko
蛤蟆,탐 켄치,ko
狗熊,볼리베어,ko
龙王,아우렐리온 솔,ko
小法,베이가,ko
老鼠,트위치,ko
诺手,다리우스,ko
德玛,가렌,ko
大虫子,초가스,ko
灯笼,쓰레쉬,ko
大嘴,코그모,ko
狼人,워윅,ko
鳄鱼,레넥톤 ,ko
龙女,쉬바나,ko
豹女,니달리,ko
寒冰,애쉬,ko
女警,케이틀린,ko
皮城女警,케이틀린,ko
琴女,소나,ko
机器人,블리츠크랭크,ko
男爵,내셔 남작,ko
杀手,학살자,ko
大龙,내셔 남작,ko
小菊,브록,ko
流浪,라이즈,ko
偷男,사일러스,ko
甘雨,킨드레드,ko
劲夫,세트,ko
棺材板,제라스 ,ko
剑魔,아트록스,ko
乌鸦,스웨인,ko
光女,럭스,ko
酸辣粉,세라핀,ko
宝石,타릭,ko
德子,드레이븐,ko
冰女,리산드라,ko
电耗子,케넨,ko
猪女,세주아니,ko
猪妹,세주아니,ko
剪刀,그웬,ko
掘墓,요릭 ,ko
皎月,다이애나,ko
蛮王,트린다미어,ko
腰子,쉔,ko
赏金,미스 포츈,ko
冰鸟,애니비아,ko
爆弹,직스,ko
黑妹,멜,ko
熊,티버,ko
佛爷,비에고,ko
沙皇,아지르,ko
日女,레오나,ko
女坦,레오나,ko
丁真,밀리오,ko
小法师,베이가,ko
滑板鞋,칼리스타,ko
火女,애니,ko
狗头,나서스,ko
板甲,가고일 돌갑옷,ko
赌狗,reroll,ko
运营,econ,ko
转向,pivot,ko
质量,board strength,ko
连败,lose streak,ko
连胜,win streak,ko
速8,fast 8,ko
摆烂,open fort,ko
卖血,sack,ko
慢D,slow roll,ko
大转型,hard pivot,ko
小调整,soft pivot,ko
海克斯,augment,ko
运气好,highroll,ko
运气差,lowroll,ko
棱彩强化,prismatic augment,ko
铲爷,mobile player,ko
Ixtal,이쉬탈,ko
Shadow Isles,그림자 군도,ko
Trolling,트롤 나가신다,ko
Contested,경쟁,ko
BRB,금방 올게,ko
IRA,인플레이션 완화,ko
JACKPOT,대박,ko
PREMIO,대박,ko
IEM,전자기 펄스,ko
PO,골드,ko
PROJET,레이저단,ko
Ace,에이스,ko
PILLANAT,금방 올게,ko
Redemption,구원,ko
Completed Item,완성 아이템,ko
Reforger,재조합기,ko
Cash Out,이익 실현,ko
EMP,전자기 펄스,ko
As,에이스,ko
ZW,금방 올게,ko
Titan,전쟁기계,ko
Level Up,레벨 업.,ko
RB,Rageblade,ko
blue buff,Blue Buff,ko
red buff,Red Buff,ko
IS,Ionic Spark,ko
ionic,Ionic Spark,ko
dcap,Deathcap,ko
rageblade,Guinsoo's Rageblade,ko
gunblade,Hextech Gunblade,ko
shiv,Statikk Shiv,ko
stattik,Statikk Shiv,ko
titans,Titan's Resolve,ko
gargoyle,Gargoyle Stoneplate,ko
garg,Gargoyle Stoneplate,ko
claw,Dragon's Claw,ko
dclaw,Dragon's Claw,ko
archangels,Archangel's Staff,ko
sojin,Spear of Shojin,ko
bilge,Bilgewater,ko
BW,Bilgewater,ko
SI,Shadow Isles,ko
shadow isles,Shadow Isles,ko
pilt,Piltover,ko
pilty,Piltover,ko
nox,Noxus,ko
ixtal,Ixtal,ko
sorc,Sorcerer,ko
sorcs,Sorcerer,ko
scrim,scrim,ko
scrims,scrim,ko
scrimming,scrim,ko
T0,S-tier,ko
T1,A-tier,ko
T2,B-tier,ko
open fort,오픈포트,ko
slow roll,골드 킵 리롤,ko
hyper roll,풀리롤,ko
push level 8,8렙 치기,ko
push level 9,9렙 치기,ko
main carry,메인캐리,ko
secondary carry,세컨캐리,ko
main tank,메인 탱,ko
filler unit,시너지유닛,ko
positioning,배치,ko
first place,1등,ko
top 4,순방,ko
roll down,리롤,ko
components,조합 아이템,ko
utility items,유틸 아이템,ko
tank items,방템,ko
damage items,딜템,ko
comp build,조합,ko
power spike,파워 스파이크,ko
weak side,약한 쪽,ko
tankiness,탱킹력,ko
resistance,내구력,ko
damage reduction,데미지 감소,ko
armor shred,방깎,ko
resistance reduction,마깎,ko
grievous wounds,치감,ko
reroll player,리롤 플레이어,ko
naturaled,자연빵,ko
pivot,조합 전환,ko
stabilize,안정화,ko
frontline,앞라인,ko
backline,뒷라인,ko
carry,캐리,ko
itemization,템소모,ko
transition,전환,ko
flex spot,비는자리,ko
win streak,연승,ko
lose streak,연패,ko
econ,이자,ko
tempo,템포,ko
carousel,공동 선택,ko
anvil,모루,ko
armory,무기고,ko
contested,겹친,ko
augment,증강,ko
augment,증강체,ko
synergy,시너지,ko
HP,체력,ko
value,밸류,ko
emblem,상징,ko
hextech,핵스,ko
cost,코스트,ko
build up,빌드업,ko
round,라운드,ko
level up,레벨업,ko
mana,마나,ko
attack speed,공속,ko
XP,경험치,ko
meta,메타,ko
tier comp,티어덱,ko
nerf,너프,ko
stack,스택,ko
high value,고밸류,ko
aggro,어그로,ko
buff,버프,ko
focus fire,점사,ko
elimination,탈락,ko
portal,차원문,ko
portal,조우자,ko
denying units,견제,ko
item,템,ko
comp,덱,ko
level,레벨,ko
level,렙,ko
tank,탱,ko
DPS,딜러,ko
line,라인,ko
shop,상점,ko
patch,패치,ko
broken,사기,ko
ult,궁,ko
econ,운영,ko
hex tile,칸,ko
balance,밸런스,ko
creep round,크립,ko
refresh,새로고침,ko
magic resist,마저,ko
heal,회복,ko
armor,방어력,ko
adjustment,조정,ko
core,핵심,ko
give up,포기,ko
super broken,개사기,ko
econ strategy,운영법,ko
queue,큐,ko
challenger,챌,ko
challenger,챌린저,ko
shield,보호막,ko
shield,쉴드,ko
trait,특성,ko
master,마스터,ko
activate,활성화,ko
diamond,다이아,ko
lock shop,잠금,ko
ultimate ability,궁극기,ko
omnivamp,흡혈,ko
grandmaster,그마,ko
grandmaster,그랜드마스터,ko
Tear,여눈,ko
Jeweled Gauntlet,보건,ko
Giant Slayer,거학,ko
Morellonomicon,모렐로,ko
position,자리,ko
econ augment,돈증강,ko
unlock,해금,ko
free,꿀,ko
portal,도적,ko
TK,탐 켄치,ko
WW,워윅,ko
efls,아펠리오스,ko
MF,미스 포츈,ko
BV,벨베스,ko
LB,르블랑,ko
BF,B.F. 대검,ko
TG,도적의 장갑,ko
BB,푸른 파수꾼,ko
Challenger,挑战者,ko
Ixtal,以绪塔尔,ko
Shadow Isles,暗影岛,ko
Hextech,海克斯科技,ko
Trolling,震惊巨魔,ko
JACKPOT,头奖,ko
Hard Pivot,硬性变阵,ko
Completed Item,成装,ko
Prismatic Augment,棱彩阶强化符文,ko
Choke,阻塞,ko
Hand Of Justice,正义之手,ko
Giant Slayer,巨人杀手,ko
Redemption,救赎,ko
Sunfire Cape,日炎斗篷,ko
Hextech Gunblade,海克斯科技枪刃,ko
Radiant Item,光明武器,ko
Reforger,装备重铸器,ko
Ionic Spark,离子火花,ko
Blue Buff,蓝霸符,ko
Bramble Vest,棘刺背心,ko
Edge of Night,夜之锋刃,ko
Statikk Shiv,斯塔缇克电刃,ko
Cash Out,见好就收,ko
Morellonomicon,莫雷洛秘典,ko
Red Buff,红霸符,ko
Crownguard,冕卫,ko
Last Whisper,最后的轻语,ko
Jeweled Gauntlet,珠光护手,ko
AFK,开摆,ko
Win Out,登上最高峰,ko
Contested,纷争,ko
BRB,假装摸鱼,ko
Slammin',物尽其用,ko
IRA,退休账户,ko
AVP,平均排名,ko
Item Priority,装备优先级,ko
Positioning,站位参考,ko
Core,核心,ko
Component,散件,ko
Radiant Item,光明装备,ko
Contested,内卷,ko
GA,밤의 끝자락,ko
复活甲,밤의 끝자락,ko
Deathblade,주검,item,slang,Korean slang: 죽음의+검
Bloodthirster,피바,item,slang,Korean slang: 피바라기
Gargoyle Stoneplate,가고일,item,slang,Korean slang: 가고일 돌갑옷
Rapid Firecannon,고연포,item,slang,Korean slang: 고속+연사+포
Spatula,뒤집게,item,slang,Korean slang: 뒤집개/뒤집게
Champion Duplicator,참자복,item,slang,Korean slang
Titanic Hydra,자발거드라,item,slang,Korean slang: 거대한 히드라
Vex,백스,champion,slang,Korean slang: Vex音译
N.O.V.A.,동특,trait,slang,Korean slang: 특공대缩写
