source,target,tgt_lng
1个霸符，2个霸符,"Un buff, due buff",it
2 Vàng Là Nhất,Due volte il valore,it
2体のタンク,Doppia resistenza,it
2만한 가치,Due volte il valore,it
2인조,Coda in duo,it
3の軍団,Legione dei tre,it
3단계 군단,Legione dei tre,it
4가 함께하길,Che il Quattro sia con te,it
4후지원,In quattro e quattr'otto,it
8级D干的传说,Cambio epico,it
A Hajnal égisze,Egida dell'Aurora,it
A Magic Roll,Un tiro magico,it
A Masszív mecha,Il potente Mech,it
A Nagy Bumm,Big Bang,it
A Que Custo,A quale prezzo,it
A Remontar,Prevalere,it
A Torre,La Torre,it
A União Faz a Força,Restiamo uniti,it
A buzogány akarata,La legge della mazza,it
A felemelkedés talizmánja,Talismano dell'ascensione,it
A feltámadás áldása,Dono della resurrezione,it
A frontvonal alapjai,Fondamenta di prima linea,it
A gondviselő barátja,Alleato del custode,it
A gyűjtögető adománya,Dono dell'aggiustatutto,it
A hatalom kelyhe,Calice del potere,it
A járatlan út,Su tutti i fronti,it
A kraken haragja,Furia del kraken,it
A káosz hívása,Richiamo al caos,it
A legapróbb titán,Titano minuscolo,it
A megváltás szelleme,Spirito di redenzione,it
A mozdulatlanság leple,Veste della stabilità,it
A méret a lényeg,Le dimensioni contano,it
A nagy pofon,Kahunahuna,it
A négyek ereje,Che il Quattro sia con te,it
A por el bote,Lottatore professionista,it
A por la victoria,Prevalere,it
A portyázó karma,Artiglio del predatore,it
A prueba de choques,Fantocci da crash test,it
A qué precio,A quale prezzo,it
A rettenthetetlen,L'indomabile,it
A taktikus koronája,Corona dello Stratega,it
A titán elszántsága,Determinazione del titano,it
A torony,La Torre,it
A végjáték szakértője,Specialista del finale,it
A vízköpő sziklavértje,Lastrapietra del gargoyle,it
AFK,AFK,it
Aatrox,Aatrox,it
Abendschleier,Velo costante,it
Abo-Service,Servizio ad abbonamento,it
Abonament,Servizio ad abbonamento,it
Abonament de lux,Abbonamento di lusso,it
Abondance de baguettes,Eccesso di bacchette,it
Abondance de ceintures,Eccesso di cinture,it
Abondance de glaives,Eccesso di spade,it
Abonelik Hizmeti,Servizio ad abbonamento,it
Abonnement,Servizio ad abbonamento,it
Abonnement premium,Abbonamento di lusso,it
Abra o Caminho,Aprire un passaggio,it
Abrazo Grupal,Abbraccio di gruppo,it
Abrazo grupal,Abbraccio di gruppo,it
Abraço Coletivo,Abbraccio di gruppo,it
Absurdalnie Wielka Różdżka,Bastone colossale,it
Abwesend,AFK,it
Accelerator mecanic,Acceleratore meccanico,it
Accélérateur mécanique,Acceleratore meccanico,it
Acelerador Mecanizado,Acceleratore meccanico,it
Acelerador Mecánico,Acceleratore meccanico,it
Acelerador de relojería,Acceleratore meccanico,it
Acero Dorado,Acciaio brillante,it
Acero dorado,Acciaio brillante,it
Achat 3 étoiles,Costruisci un Compagno,it
Acier doré,Acciaio brillante,it
Actualiza sin parar,Cambio eterno,it
Acumular,Andare per le lunghe,it
Acélszív,Cuore d'acciaio,it
Adagas Oscilantes,Lame rotanti,it
Adaletin Eli,Mano della giustizia,it
Adaletin Yumruğu,Rappresaglia,it
Adaptive Helm,Elmo adattivo,it
Adaptiver Helm,Elmo adattivo,it
Adaptív sisak,Elmo adattivo,it
Adiestramiento de guardaespaldas,Addestramento da Guardia del corpo,it
Advanced Loan,Finanziamento,it
Aegis of Dawn,Egida dell'Aurora,it
Aegis of Dusk,Egida del Crepuscolo,it
Agujero negro en miniatura,Mini Buco nero,it
Ahri aurája,Aura di Ahri,it
Ahri áldása,Dono di Ahri,it
Ahri'nin Haresi,Aura di Ahri,it
Ahri'nin Lütfu,Dono di Ahri,it
Ahri's Aura,Aura di Ahri,it
Ahri's Boon,Dono di Ahri,it
Ahris Aura,Aura di Ahri,it
Ahris Segen,Dono di Ahri,it
Ahřin dar,Dono di Ahri,it
Ahřina aura,Aura di Ahri,it
Ajándékcsomag,Pacchetto di aiuti,it
Akali,Akali,it
Akan Gözyaşları,Fiumi di lacrime,it
Akcelerator Nakręcanego,Acceleratore meccanico,it
Aklın Sonu,Speranza perduta,it
Aktualisierungstaumel,Cambio eterno,it
Akıllı Harcama,Spesa oculata,it
Al Filo de la Cordura,Speranza perduta,it
Alacakaranlık Kalkanı,Egida del Crepuscolo,it
Alakzatba,Formazione,it
Alcance as Estrelas,Su verso il cielo,it
Alege caracteristica,Scegli tratto,it
Alevleri Körükle,Alimentare le fiamme,it
Alfanje Espectral,Sciabola spettrale,it
Aliado do Protetor,Alleato del custode,it
Alianza del Guardián,Alleato del custode,it
Alianza del protector,Alleato del custode,it
Aliatul îngrijitorului,Alleato del custode,it
Alimenta las Llamas,Alimentare le fiamme,it
Alimentad las llamas,Alimentare le fiamme,it
Alimente as Chamas,Alimentare le fiamme,it
Alineación,Formazione,it
Aliniere,Formazione,it
Alkatrészes zsák,Borsa degli oggetti,it
Allumer le feu,Alimentare le fiamme,it
Alma da Festa,Animale da festa,it
Alta Voltagem,Alta tensione,it
Alto Voltaje,Alta tensione,it
Alto voltaje,Alta tensione,it
Altın Ejder,Il Drago dorato,it
Altın Riski,Scommessa dorata,it
Altın Yumurta,L'uovo dorato,it
Alvorada de Pratânia,Alba di Silvermere,it
Aléatoire jacta est,Su tutti i fronti,it
Aléatoirement vôtre,Coda in duo,it
Alışveriş Çılgınlığı,Shopping scatenato,it
Amanecer Plateado,Alba di Silvermere,it
Amanecer de Meraplata,Alba di Silvermere,it
Ami sur mesure,Forgia un amico,it
Amigos a medida,Amico fai-da-te,it
Amiguinhos,Piccoli alleati,it
Amiguitos,Piccoli alleati,it
Amulet Vyzdvižení,Talismano dell'ascensione,it
Amulett der eisernen Solari,Medaglione dei Solari di ferro,it
Amulett des Aufstiegs,Talismano dell'ascensione,it
An Exalted Adventure,Un'avventura gloriosa,it
Ana Karaktere Bir Şey Olmaz,Protezione di trama,it
Angajament solid,Scommessa rischiosa,it
Ani Büyüme,Crescita esplosiva,it
Anima,Anima,it
Anima Amblemi,Emblema Anima,it
Anima Commander,Comandante Anima,it
Anima Emblem,Emblema Anima,it
Anima Komutanı,Comandante Anima,it
Anima-Emblem,Emblema Anima,it
Anima-Kommandant,Comandante Anima,it
Animalia,Anima,it
Antrenamentul gărzii de corp,Addestramento da Guardia del corpo,it
Anı Yaşa,Schiantare,it
Apariencia Espiritual,Corazza spirituale,it
Apocaliptic,Catastrofista,it
Aposta em Ouro,Scommessa dorata,it
Apoteotická kovárna,Forgia apoteotica,it
Apotheotic Forge,Forgia apoteotica,it
Appel du chaos,Richiamo al caos,it
Aprendizados Iniciais,Primi insegnamenti,it
Aprendizaje inicial,Primi insegnamenti,it
Apró cimborák,Piccoli alleati,it
Apró titánok,Mini Titani,it
Apuesta Dorada,Scommessa dorata,it
Apuesta dorada,Scommessa dorata,it
Apunta a las Estrellas,Su verso il cielo,it
Apunta a las estrellas,Su verso il cielo,it
Apărător,Avanguardia,it
Aradığını Bul,Colpire e basta,it
Arakla,Furtarello,it
Aranyjátszma,Scommessa dorata,it
Arauto Desolador de Zeke,Tetro araldo di Zeke,it
Arauto de Zeke,Araldo di Zeke,it
Arbiter,Arbitro,it
Arbiter Emblem,Emblema dell'Arbitro,it
Arbitrzy,Arbitro,it
Arc courbe,Arco ricurvo,it
Arc încovoiat,Arco ricurvo,it
Arcane Vidor Viktor,Viktor-ia di Arcane,it
Arcane Viktor-y,Viktor-ia di Arcane,it
Arcane ビクタリー,Viktor-ia di Arcane,it
Arcane-Viktor-y,Viktor-ia di Arcane,it
Arcaniquement Viktor-ieux,Viktor-ia di Arcane,it
Archandělova hůl,Scettro dell'arcangelo,it
Archangel's Staff,Scettro dell'arcangelo,it
Arco Recurvado,Arco ricurvo,it
Arco Recurvo,Arco ricurvo,it
Arco curvo,Arco ricurvo,it
Arcos Reserva,Archi da supporto,it
Arcos de Repuesto,Archi da supporto,it
Arcos de refuerzo,Archi da supporto,it
Arcs à gogo,Archi da supporto,it
Arcuri de rezervă,Archi da supporto,it
Argint viu,Argento vivo,it
Arka Sıra Savunması,Schema della retroguardia,it
Arkangyal pálcája,Scettro dell'arcangelo,it
Arma un Amigo,Amico fai-da-te,it
Armado máximo,Configurazione massima,it
Armadura Improvisada,Armatura improvvisata,it
Armadura Pétrea,Lastrapietra del gargoyle,it
Armadura de Warmog,Armatura di Warmog,it
Armadura de trama,Protezione di trama,it
Armadura improvisada,Armatura improvvisata,it
Armaguarda da Caçadora,Parabraccia del cercatore,it
Armschutz des Suchenden,Parabraccia del cercatore,it
Armura lui Warmog,Armatura di Warmog,it
Armure de Warmog,Armatura di Warmog,it
Armure improvisée,Armatura improvvisata,it
Armure roncière,Corpetto di rovi,it
Armurier,Fabbricante di spade,it
Armură improvizată,Armatura improvvisata,it
Aronguejo,Argogranchio,it
Arta atacului lui Yasuo,Gioco di lama di Yasuo,it
Artefacts à la rescousse,Forgiato nella forza,it
Artesanía Creativa,Creazione artigianale,it
Aruncare magică,Un tiro magico,it
Arındırıcı,Redentore,it
Asalto de Componentes,Furto di componenti,it
Ascender de Posición,Scalata verso il successo,it
Ascension,Ascensione,it
Ascension partielle,Ascensione parziale,it
Ascension sociale,Mobilità aumentata,it
Ascensiune,Ascensione,it
Ascensiune socială,Mobilità aumentata,it
Ascensión,Ascensione,it
Ascensión parcial,Ascensione parziale,it
Ascenso,Ascensione,it
Ascenso social,Mobilità aumentata,it
Ascensão,Ascensione,it
Ascensão Parcial,Ascensione parziale,it
Asesinato Doble Veloz,Doppia uccisione rapida,it
Asesinato doble veloz,Doppia uccisione rapida,it
Asesino a Sueldo,Sicario,it
Asesino a sueldo,Sicario,it
Aspoň k něčemu,Non proprio inutile,it
Assassinato Indiscriminado,Uccisore indiscriminato,it
Assinatura de Luxo,Abbonamento di lusso,it
Astral,Astronomo,it
Astro-groove,Ritmo Spaziale,it
Astromante,Astronomo,it
At What Cost,A quale prezzo,it
Atalho à Vitória,Prevalere,it
Atirador de Elite,Cecchino,it
Atributo elegido,Scegli tratto,it
Attente récompensée,Valeva la pena aspettare,it
Attribut wählen,Scegli tratto,it
Atualização Épica,Cambio epico,it
Atılgan,Sfidante,it
Atılgan Amblemi,Emblema dello Sfidante,it
Atılgan Modu,Modalità sfidante,it
Au bout du rouleau,Speranza perduta,it
Aube de Haut-Lac-d'Argent,Alba di Silvermere,it
Auf lange Sicht,Andare per le lunghe,it
Aufschwung,Secondo fiato,it
Aufstellung,Formazione,it
Aufstieg,Ascensione,it
Auftragsmörder,Sicario,it
Aufwärtsmobilität,Mobilità aumentata,it
Augmented Power,Potere dell'Impianto,it
Augmentierte Macht,Potere dell'Impianto,it
Augmentovaná síla,Potere dell'Impianto,it
Aulas de Boxe,Lezioni di pugilato,it
Aura Ahri,Aura di Ahri,it
Aura Farming,Farmare l'aura,it
Aura d'Ahri,Aura di Ahri,it
Aura de Ahri,Aura di Ahri,it
Aura lui Ahri,Aura di Ahri,it
Aura-farmen,Farmare l'aura,it
Aurafarmolás,Farmare l'aura,it
Aurelion Sol,Aurelion Sol,it
Aurelion Sol áldása,Dono di Aurelion Sol,it
Aurelion Sol's Boon,Dono di Aurelion Sol,it
Aurelion Sol'ün Lütfu,Dono di Aurelion Sol,it
Aurelion Sols Segen,Dono di Aurelion Sol,it
Aurelion Solův dar,Dono di Aurelion Sol,it
Auronúcleo,Nucleo dell'alba,it
Aurora,Aurora,it
Avaricia,Fame di denaro,it
Aventura Exaltada,Un'avventura gloriosa,it
Avidité,Fame di denaro,it
Avènement des deux,Due volte il valore,it
Awans,Mobilità aumentata,it
Awansujesz!,Aumento di livello!,it
Az Alkony égisze,Egida del Crepuscolo,it
Az Oltalmazó esküje,Voto del Protettore,it
Az adottságfa,L'Albero dei tratti,it
Az adottságok könyve,Tomo dei tratti,it
Az aranysárkány,Il Drago dorato,it
Az aranytojás,L'uovo dorato,it
Az erő itala,Succo Cappa,it
Az igazság ökle,Mano della giustizia,it
Az iron solarik medálja,Medaglione dei Solari di ferro,it
Az istenek kohója,Forgia apoteotica,it
Az Üresség botja,Bastone del Vuoto,it
Az éj kardja,Fine della notte,it
Az óriás öve,Cintura del gigante,it
Azami Dizilim,Configurazione massima,it
Aço Áureo,Acciaio brillante,it
Aşırı Büyük Sopa,Bastone colossale,it
B.F. Sword,M.C. Spada,it
B.F. 대검,M.C. Spada,it
B.F.ソード,M.C. Spada,it
"BEZ ZWIADU, BEZ ZMIAN",NÉ ESPLORATORE NÉ STRATEGA,it
BF Glaive,M.C. Spada,it
BRAK AKTYWNOŚCI,AFK,it
Bac de recyclage,Raccolta differenziata,it
Backline Blueprint,Schema della retroguardia,it
Backup Bows,Archi da supporto,it
Bagarreur,Combattente,it
Baguette trop grosse,Bastone colossale,it
Baguettes à gogo,Evocazione continua,it
Bahne dir den Weg,Aprire un passaggio,it
Bajkeverő,Combattente,it
Bajkeverő embléma,Emblema del Combattente,it
Bajkeverők,Misfits,it
Bajo el mismo foco de Yasuo,Ribalta condivisa di Yasuo,it
Baluarte,Baluardo,it
Bam!,Bonk!,it
Banc de Pandore,Panca di Pandora,it
Banca Pandorei,Panca di Pandora,it
Banca de Pandora,Panca di Pandora,it
Band of Thieves,Banda di ladri,it
Band of Thieves II,Banda di ladri II,it
Banda Złodziejaszków,Banda di ladri,it
Banda Złodziejaszków II,Banda di ladri II,it
Banda de Ladrones,Banda di ladri,it
Banda de Ladrones II,Banda di ladri II,it
Bande de voleurs,Banda di ladri,it
Bande de voleurs II,Banda di ladri II,it
Bando de Ladrões,Banda di ladri,it
Bando de Ladrões II,Banda di ladri II,it
Bandă de tâlhari,Banda di ladri,it
Bandă de tâlhari II,Banda di ladri II,it
Bani de buzunar,Soldi per il pranzo,it
Banquillo de Pandora,Panca di Pandora,it
Bard,Bard,it
Bardo,Bard,it
Baricadă,Baluardo,it
Barkácsolt barkácsolás,Creazione artigianale,it
Baron verme,Tana del Barone,it
Baron's Lair,Tana del Barone,it
Baron'un İni,Tana del Barone,it
Baronovo doupě,Tana del Barone,it
Bastion,Bastione,it
Bastion Emblem,Emblema del Bastione,it
Bastion-Emblem,Emblema del Bastione,it
Bastião,Bastione,it
Bastión,Bastione,it
Bastão Desnecessariamente Grande,Bastone colossale,it
Bastón del Vacío,Bastone del Vuoto,it
Bastón del arcángel,Scettro dell'arcangelo,it
Bastón del serafín,Scettro serafino,it
Baue einen Begleiter,Amico fai-da-te,it
Baue einen Begleiter,Costruisci un Compagno,it
Baza avangardei,Fondamenta di prima linea,it
Başmelek Asası,Scettro dell'arcangelo,it
Bašta,Bastione,it
Becsapódás,Schiantare,it
Beklemeye Değer,Valeva la pena aspettare,it
Beklenen Beklenmezlik,L'atteso inaspettato,it
Bel'Veth,Bel'Veth,it
Belt Overflow,Eccesso di cinture,it
Ben Tek Siz Hepiniz,Aumento di livello in solitaria,it
Bendecido por los Dioses,Benedetto dagli dei,it
Bendición de Ahri,Dono di Ahri,it
Bendición de Aurelion Sol,Dono di Aurelion Sol,it
Bendición de Ekko,Dono di Ekko,it
Bendición de Evelynn,Dono di Evelynn,it
Bendición de Kayle,Dono di Kayle,it
Bendición de Resurrección,Dono della resurrezione,it
Bendición de Soraka,Dono di Soraka,it
Bendición de Thresh,Dono di Thresh,it
Bendición de Varus,Dono di Varus,it
Bendición de Yasuo,Dono di Yasuo,it
Bendición de la chatarra,Dono dell'aggiustatutto,it
Bendición del Chatarrero,Dono dell'aggiustatutto,it
Bendito por los dioses,Benedetto dagli dei,it
Benlik Aynası,Personalità speculare,it
Berechneter Verlust,Perdite calcolate,it
Berger,Pastore,it
Besace d'Urf,Borsa di Urf,it
Besace héroïque,Borsa eroica,it
Best Friends,Migliori amici,it
Beste Freunde,Migliori amici,it
Bestia fiestera,Animale da festa,it
Betervezett veszteség,Perdite calcolate,it
Bevásárló körút,Shopping scatenato,it
Bezwzględny Zabójca,Uccisore indiscriminato,it
Big Grab Bag,Borsa grande,it
Bilet prismatic,Biglietto prismatico,it
Bileşen Eşya Soygunu,Furto di componenti,it
Bilhete Prismático,Biglietto prismatico,it
Bilişsel Patlama,Sovraccarico cognitivo,it
Bilişsel Vergi,Tributo cognitivo,it
Billete prismático,Biglietto prismatico,it
Bindende Verpflichtung,Scommessa rischiosa,it
Binecuvântat de zei,Benedetto dagli dei,it
Biomassebewahrer,Conservatore di biomateria,it
Biomassza-megőrző,Conservatore di biomateria,it
Biomatter Preserver,Conservatore di biomateria,it
Bir Yol Çiz,Aprire un passaggio,it
Bir İki Üç,Un due tre,it
"Bir, İki, Beş!","Uno, due, cinque!",it
Birikim Hesabı,Conto dei risparmi,it
Birlikten Kuvvet Doğar,Uniti nelle difficoltà,it
Birliğin Gücü,Restiamo uniti,it
Birthday Present,Regalo di compleanno,it
Birthday Reunion,Ritrovo di compleanno,it
Biyomalzeme Koruyucusu,Conservatore di biomateria,it
Biztos győzelem,Prevalere,it
Blason de Zeke,Araldo di Zeke,it
Blason des Lightshield,Stemma di Lightshield,it
Blason lugubre de Zeke,Tetro araldo di Zeke,it
Blasón de Escudo de luz,Stemma di Lightshield,it
Blauer Buff,Buff blu,it
Blaupause für die hintere Reihe,Schema della retroguardia,it
Blazonul Lightshield,Stemma di Lightshield,it
Blazonul solarilor de fier,Medaglione dei Solari di ferro,it
Blighting Jewel,Gioiello della rovina,it
Blikavé čepele,Lame rotanti,it
Blitzcrank,Blitzcrank,it
Bliźniaczy Strażnicy,Guardiani gemelli,it
Blood Offering,Sacrificio cruento,it
Blood Price,Pegno di sangue,it
Bloodthirster,La Bramasangue,it
Blue Buff,Buff blu,it
Blutdürster,La Bramasangue,it
Blutopfer,Sacrificio cruento,it
Blutzoll,Pegno di sangue,it
Bluźnierczy Bożek,Idolo proibito,it
Bodyguard Training,Addestramento da Guardia del corpo,it
Bogini Broni,Dea delle Armi,it
Bokormellény,Corpetto di rovi,it
Boks Dersi,Lezioni di pugilato,it
Bokszkesztyű,Guantoni,it
Bokszlecke,Lezioni di pugilato,it
Boleto Prismático,Biglietto prismatico,it
Bollwerk,Baluardo,it
Bolsa de Objetos,Borsa degli oggetti,it
Bolsa de Sorpresas Heroica,Borsa eroica,it
Bolsa de Sorpresas Pequeña,Borsa piccola,it
Bolsa de Sorpresas de Urf,Borsa di Urf,it
Bolsa de Sorpresas grande,Borsa grande,it
Bolsa sorpresa de Urf,Borsa di Urf,it
Bolsa sorpresa de objetos,Borsa degli oggetti,it
Bolsa sorpresa grande,Borsa grande,it
Bolsa sorpresa heroica,Borsa eroica,it
Bolsa sorpresa pequeña,Borsa piccola,it
Bombardıman Topu,Archibugio a ripetizione,it
Boneco de Treinamento,Fantoccio di addestramento,it
Bonecos de Impacto,Fantocci da crash test,it
Bonk!,Bonk!,it
Bonk !,Bonk!,it
Boon of Resurrection,Dono della resurrezione,it
Boon of the Scrapper,Dono dell'aggiustatutto,it
Boong!,Bonk!,it
Booster,Bustina,it
Booster Pack,Bustina,it
Booster-Packung,Bustina,it
Boostery,Bustina,it
Boscy Pojedynkowicze,Duellante divino,it
Boshafte Monetarisierung,Monetizzazione infida,it
Boska Kuźnia,Forgia apoteotica,it
Bote de Segunda Mano,Raccolta differenziata,it
Botkovács,Fabbricante di bastoni,it
Bouclier du Tacticien,Scudo dello stratega,it
Boxeador Profesional,Lottatore professionista,it
Boxing Lessons,Lezioni di pugilato,it
Boxunterricht,Lezioni di pugilato,it
Boyut Önemli,Le dimensioni contano,it
Božská pistolnice,Dea delle Armi,it
Božský duelista,Duellante divino,it
Bramble Vest,Corpetto di rovi,it
Branching Out,Su tutti i fronti,it
Bratpfanne,Padella,it
Brawler,Combattente,it
Brawler Emblem,Emblema del Combattente,it
Brazalete de la buscadora,Parabraccia del cercatore,it
Briar,Briar,it
Brigand,Predone,it
Brise-temps,Spezzatempo,it
Bronce de por Vida,Bronzo per la vita,it
Bronce de por vida,Bronzo per la vita,it
Bronz mindörökké II.,Bronzo per la vita,it
Bronz nad zlato,Bronzo per la vita,it
Bronz pentru totdeauna,Bronzo per la vita,it
Bronzdan Şaşma,Bronzo per la vita,it
Bronze For Life,Bronzo per la vita,it
Bronze pour la vie,Bronzo per la vita,it
Bronze é Vida,Bronzo per la vita,it
Brylantowa Rękawica,Guanto ingioiellato,it
Brylantowy Lotos,Loto ingioiellato,it
Brățara căutătorului,Parabraccia del cercatore,it
Bu Taç Ağır,Pesante è la corona,it
Bubuilă,Fishbones,it
Bucătăria tacticianului,Cucina dello Stratega,it
Bueno para Algo,Non proprio inutile,it
Buff bleu,Buff blu,it
Buff rouge,Buff rosso,it
Buff-ul albastru,Buff blu,it
Buff-ul roșu,Buff rosso,it
Buffs à gogo,"Un buff, due buff",it
Buget înțelept,Spesa oculata,it
Build a Bud,Amico fai-da-te,it
Build maxim,Configurazione massima,it
Bulwark,Baluardo,it
Burguesía,Cucchiaio d'argento,it
Buried Treasure,Tesori sepolti,it
Buried Treasures,Tesori sepolti,it
Butin aléatoire,"Uno, due, cinque!",it
Butin funéraire,Non proprio inutile,it
Butin varié,Colpire e basta,it
Buzduganul înaintașului,Mazzafrusto dell'Assaltatore,it
Bušení,Schiantare,it
Bài Học Sơ Khai,Primi insegnamenti,it
Bàn Tay Công Lý,Mano della giustizia,it
Báculo del Arcángel,Scettro dell'arcangelo,it
Báculo del Serafín,Scettro serafino,it
Báculo del Vacío,Bastone del Vuoto,it
Bán Thăng Hoa,Ascensione parziale,it
Báo Oán,Rappresaglia,it
Bástya,Baluardo,it
Bârlogul Baronului,Tana del Barone,it
Bâton angélique,Scettro serafino,it
Bâton de l'archange,Scettro dell'arcangelo,it
Bâton du vide,Bastone del Vuoto,it
Bão Tố Luden,Tempesta di Luden,it
Bão Vàng,Monsoni sonanti,it
Béni des dieux,Benedetto dagli dei,it
Bénédiction d'Ahri,Dono di Ahri,it
Bénédiction d'Aurelion Sol,Dono di Aurelion Sol,it
Bénédiction d'Ekko,Dono di Ekko,it
Bénédiction d'Evelynn,Dono di Evelynn,it
Bénédiction de Kayle,Dono di Kayle,it
Bénédiction de Soraka,Dono di Soraka,it
Bénédiction de Thresh,Dono di Thresh,it
Bénédiction de Varus,Dono di Varus,it
Bénédiction de Yasuo,Dono di Yasuo,it
Bénédiction de résurrection,Dono della resurrezione,it
Bénédiction du Ferrailleur,Dono dell'aggiustatutto,it
Bérgyilkos,Sicario,it
Bête de scène,Animale da festa,it
Bóng Phân Thân,Burattino d'ombra,it
Bùa Thăng Hoa,Talismano dell'ascensione,it
Bùa Xanh,Buff blu,it
Bùa Đỏ,Buff rosso,it
Büyük Dönüş,Storia di una rimonta,it
Büyük Patlama,Big Bang,it
Büyük Çekiliş,Borsa grande,it
Büyülü Zarlar,Un tiro magico,it
Băng Trộm,Banda di ladri,it
Băng Trộm II,Banda di ladri II,it
Bătăuș,Combattente,it
Běž do toho,Colpire e basta,it
Błogosławieni,Benedetto dagli dei,it
Błogosławieństwo Rozrabiaki,Dono dell'aggiustatutto,it
Błogosławiona Przygoda,Un'avventura gloriosa,it
Bước Đột Phá,Successo critico,it
Bạn Thân,Migliori amici,it
Bảo Hộ Vô Tận,Protezione infinita,it
Bảo Tồn Sinh Chất,Conservatore di biomateria,it
Bất Khuất,L'indomabile,it
Bắn Tỉa,Cecchino,it
Bộ Ba Hoàn Hảo,Tripletta,it
Bừa Bộn,Mente confusa,it
Cadeau d'anniversaire,Regalo di compleanno,it
Cadou aniversar,Regalo di compleanno,it
Caitlyn,Caitlyn,it
Cajado de Serafim,Scettro serafino,it
Cajado do Arcanjo,Scettro dell'arcangelo,it
Cajado do Vazio,Bastone del Vuoto,it
Calculated Loss,Perdite calcolate,it
Calea războiului,Sentiero di guerra,it
Calibrador de Sterak,Pegno di Sterak,it
Calice de puissance,Calice del potere,it
Call to Chaos,Richiamo al caos,it
Cambiazo épico,Cambio epico,it
Caminho da Guerra,Sentiero di guerra,it
Can Dostları,Migliori amici,it
Can Trường,Bastione,it
Canalisateur,Convogliatore,it
Canalizador,Convogliatore,it
Cangrejo Escurridizo,Argogranchio,it
Canhão Fumegante,Archibugio a ripetizione,it
Canhão de Vidro,Cannone di cristallo,it
Canon de verre,Cannone di cristallo,it
Canon ultrarapide,Archibugio a ripetizione,it
Capa Mercurial,Argento vivo,it
Capa Negatron,Mantello di Negatron,it
Capa de Estratega,Mantello dello stratega,it
Capa de Fogo Solar,Mantello del Sole,it
Capa de Fuego Solar,Mantello del Sole,it
Capa de Negatrones,Mantello di Negatron,it
Capa de estratega,Mantello dello stratega,it
Capa de fuego solar,Mantello del Sole,it
Capa do Estrategista,Mantello dello stratega,it
Capa negatrón,Mantello di Negatron,it
Cape du Tacticien,Mantello dello stratega,it
Cape solaire,Mantello del Sole,it
Cappa Juice,Succo Cappa,it
Cappa-Trank,Succo Cappa,it
Caprichitos,Dolci,it
Capuz da Morte de Rabadon,Copricapo di Rabadon,it
Capuzes Mais Mortais,Cappelli più letali,it
Carapateur,Argogranchio,it
Carapescado,Fishbones,it
Care Package,Pacchetto di aiuti,it
Caretaker's Ally,Alleato del custode,it
Carga Elétrica,Elettrocarica,it
Carve a Path,Aprire un passaggio,it
Casa Dourada do Yasuo,Esagono dorato di Yasuo,it
Casque adaptatif,Elmo adattivo,it
Castigo,Rappresaglia,it
Cazador galáctico,Cacciatore galattico,it
Cazagalaxias,Cacciatore galattico,it
Cazatesoros,Caccia al tesoro,it
Caça ao Tesouro,Caccia al tesoro,it
Caçador de Galáxia,Cacciatore galattico,it
Cañón de Cristal,Cannone di cristallo,it
Cañón de Fuego Rápido,Archibugio a ripetizione,it
Cañón de fuego rápido,Archibugio a ripetizione,it
Całun Bezruchu,Veste della stabilità,it
Cehennem Ateşi Baltası,Accetta infernale,it
Cei mai buni prieteni,Migliori amici,it
Ceinture du géant,Cintura del gigante,it
Cena Krwi,Pegno di sangue,it
Cena pro vítěze,Lottatore professionista,it
Cengâver Onuru,L'onore del Signore della guerra,it
Cenny Wojownik,Lottatore professionista,it
Cenná posila,In quattro e quattr'otto,it
Centelha Iônica,Scintilla ionica,it
Centre d'excellence,Trova il tuo centro,it
Cetro Vampírico Corrompido,Scettro vampirico corrotto,it
Cetro Vampírico Corrupto,Scettro vampirico corrotto,it
Cetro vampírico corrupto,Scettro vampirico corrotto,it
Chain Vest,Cotta di maglia,it
Chaleco de cadenas,Cotta di maglia,it
Chaleco de zarzas,Corpetto di rovi,it
Chalice of Power,Calice del potere,it
Challenger,Sfidante,it
Challenger Emblem,Emblema dello Sfidante,it
Challenger Mode,Modalità sfidante,it
Chamado ao Caos,Richiamo al caos,it
Champion en kit,Amico fai-da-te,it
Chaotischer Geist,Mente confusa,it
Chapardage,Furtarello,it
Charge Transfer,Trasferimento carica,it
Charge cognitive,Tributo cognitivo,it
Chasse au trésor,Caccia al tesoro,it
Chasseur galactique,Cacciatore galattico,it
Chciwość,Fame di denaro,it
Chemarea haosului,Richiamo al caos,it
Chispa Iónica,Scintilla ionica,it
Chispa iónica,Scintilla ionica,it
Chiêm Tinh,Astronomo,it
Chiến Lũy,Baluardo,it
Chiến Tướng Khải Hoàn,L'onore del Signore della guerra,it
Chmaták,Truffatore,it
Cho'Gath,Cho'Gath,it
Choisissez un type,Scegli tratto,it
Choose Trait,Scegli tratto,it
"Chora, me liga",Fiumi di lacrime,it
Choristes,Piccoli alleati,it
Chrličův kamenný plát,Lastrapietra del gargoyle,it
Chuyển Đổi Năng Lượng,Trasferimento carica,it
Chuyện Đời Thường,Spaccato di vita,it
Chuộc Tội,Redentore,it
Chytrý nákup,Spesa oculata,it
Chùy Bạch Ngân,Alba di Silvermere,it
Chùy Đoản Côn,Mazzafrusto dell'Assaltatore,it
Chảo Vàng,Padella,it
Chất Bán Dẫn,Semiconduttore,it
Chế Tạo Bằng Hữu,Forgia un amico,it
Chế Tạo Tại Chỗ,Forgia incarnata,it
Chế Độ Dẫn Truyền,Modalità Convogliatore,it
Chế Độ Nhân Bản,Modalità replicante,it
Chế Độ Thách Đấu,Modalità sfidante,it
Chỉ Huy,Comandante,it
Chỉ Huy Siêu Thú,Comandante Anima,it
Chỉ Một Con Đường,Scommessa rischiosa,it
Chọn Tộc/Hệ,Scegli tratto,it
Chờ Đợi Xứng Đáng,Valeva la pena aspettare,it
Cierpliwa Nauka,Studio paziente,it
Cierpliwość Ekko,Pazienza di Ekko,it
Cierpliwość Jest Cnotą,La pazienza è una virtù,it
Cimientos de Línea Frontal,Fondamenta di prima linea,it
Cimientos de la vanguardia,Fondamenta di prima linea,it
Cinto do Gigante,Cintura del gigante,it
Cinturón XL,Eccesso di cinture,it
Cinturón de Gigante,Cintura del gigante,it
Cinturón de gigante,Cintura del gigante,it
Clases de boxeo,Lezioni di pugilato,it
Clear Mind,Mente lucida,it
Cleptomanie,Saldi imperdibili,it
Climb The Ladder,Scalata verso il successo,it
Clockwork Accelerator,Acceleratore meccanico,it
Clone des ombres,Burattino d'ombra,it
Cluttered Mind,Mente confusa,it
Cnota Męczennika,Virtù del martire,it
Cocina de Estratega,Cucina dello Stratega,it
Cocina de estratega,Cucina dello Stratega,it
Cod roșu de lacrimi,Fiumi di lacrime,it
Cognitive Overload,Sovraccarico cognitivo,it
Cognitive Tax,Tributo cognitivo,it
Coif cameleonic,Elmo adattivo,it
Coiffe de Rabadon,Copricapo di Rabadon,it
Coiffes mortelles,Cappelli più letali,it
Cola Dúo,Coda in duo,it
Cola dúo,Coda in duo,it
Coleguis del curro,Team building,it
Coleguitas,Piccoli alleati,it
Colete Espinhoso,Corpetto di rovi,it
Colher de Prata,Cucchiaio d'argento,it
Comandant,Comandante,it
Comandante Animalia,Comandante Anima,it
Comandante Ánima,Comandante Anima,it
Comandatul Anima,Comandante Anima,it
Combinație stelară,Combo stellare,it
Combo Estelar,Combo stellare,it
Combo estelar,Combo stellare,it
Combo stellaire,Combo stellare,it
Comeback Story,Storia di una rimonta,it
Comerț de bază,Fulcro del commercio,it
Comienzo aventajado,Messa in moto,it
Commandant d'Anima,Comandante Anima,it
Commandante,Comandante,it
Commander,Comandante,it
Commerce Core,Fulcro del commercio,it
Comori îngropate,Tesori sepolti,it
Comparte los Reflectores con Yasuo,Ribalta condivisa di Yasuo,it
Competitor,Sfidante,it
Component Heist,Furto di componenti,it
Composants de guerre,Furto di componenti,it
Composição Máxima,Configurazione massima,it
Compras compulsivas,Shopping scatenato,it
Compromiso férreo,Scommessa rischiosa,it
Compromisso Sério,Scommessa rischiosa,it
Compte épargne,Conto dei risparmi,it
Concentration lointaine,Concentrazione dell'orizzonte,it
Condenador,Catastrofista,it
Conducto,Convogliatore,it
Conduit,Convogliatore,it
Conduit Mode,Modalità Convogliatore,it
Conduíte,Convogliatore,it
Conexiones fallidas,Coincidenze perse,it
Conexiune cibernetică,Collegamento cibernetico,it
Conexiune cu drona,Drone cablato,it
Conexión cibernética,Collegamento cibernetico,it
Conexión de dron,Drone cablato,it
Conexión perdida,Coincidenze perse,it
Conexão Cibernética,Collegamento cibernetico,it
Conexão de Drone,Drone cablato,it
Conexões Perdidas,Coincidenze perse,it
Configuración maximizada,Configurazione massima,it
Confusão Mental,Mente confusa,it
Conjuración continua,Evocazione continua,it
Conjuração Contínua,Evocazione continua,it
Conjuros Continuos,Evocazione continua,it
Connivence,Scalata verso il successo,it
Conservare de biomaterial,Conservatore di biomateria,it
Conservateur de biomatière,Conservatore di biomateria,it
Construct a Companion,Costruisci un Compagno,it
Construiește un însoțitor,Costruisci un Compagno,it
Construiește-ți un prieten,Amico fai-da-te,it
Construye tu Compi,Costruisci un Compagno,it
Construção de Companheiro,Costruisci un Compagno,it
Consumo Consciente,Spesa oculata,it
Cont de economii,Conto dei risparmi,it
Conta Poupança,Conto dei risparmi,it
Contendiente,Sfidante,it
Contenedor de chatarra,Raccolta differenziata,it
Continuous Conjuration,Evocazione continua,it
Contract Killer,Sicario,it
Copacul caracteristicilor,L'Albero dei tratti,it
Corazón de Acero,Cuore d'acciaio,it
Corazón de acero,Cuore d'acciaio,it
Corazón del alba,Nucleo dell'alba,it
Corazón resuelto,Cuor saldo,it
Coração Inabalável,Cuor saldo,it
Coração de Aço,Cuore d'acciaio,it
Corki,Corki,it
Coroa do Amaldiçoado,Corona maledetta,it
Coroa do Estrategista,Corona dello Stratega,it
Coroana blestemată,Corona maledetta,it
Coroana tacticianului,Corona dello Stratega,it
Corona Maldita,Corona maledetta,it
Corona de Estratega,Corona dello Stratega,it
Corona de estratega,Corona dello Stratega,it
Corona maldita,Corona maledetta,it
Coroziune,Corrosione,it
Corriente de Lágrimas,Fiumi di lacrime,it
Corrosion,Corrosione,it
Corrosión,Corrosione,it
Corrosão,Corrosione,it
Corrupt Vampiric Scepter,Scettro vampirico corrotto,it
Cosmic Restart,Riavvio cosmico,it
Cota de Malha,Cotta di maglia,it
Cota de Malla,Cotta di maglia,it
Cotidiano,Spaccato di vita,it
Cotte de mailles,Cotta di maglia,it
Coup d'envoi,Messa in moto,it
Coup de chance,Personalizzazione esclusiva,it
Couronne de la reine,Corona reale,it
Couronne du Tacticien,Corona dello Stratega,it
Couronne maudite,Corona maledetta,it
Cours de soutien,Fare squadra,it
Covil do Barão,Tana del Barone,it
Cozinha do Estrategista,Cucina dello Stratega,it
Coș de recuperare,Raccolta differenziata,it
Crabul,Argogranchio,it
Crafted Crafting,Creazione artigianale,it
Crash Test Dummies,Fantocci da crash test,it
Crash Test Dummy,Fantocci da crash test,it
Crash-Test-Dummies,Fantocci da crash test,it
Crea un coleguita,Costruisci un Compagno,it
Crecimiento Explosivo,Crescita esplosiva,it
Crecimiento explosivo,Crescita esplosiva,it
Creează o cale,Aprire un passaggio,it
Creează un prieten,Forgia un amico,it
Crescendo aléatoire,Spaccato di vita,it
Crescimento Explosivo,Crescita esplosiva,it
Cresta de Escudo de Luz,Stemma di Lightshield,it
Creștere explozivă,Crescita esplosiva,it
Creștere pe final de joc,Crescita a fine partita,it
Creștere solo în nivel,Aumento di livello in solitaria,it
Creștere în clasament,Scalata verso il successo,it
Criação Engenhosa,Creazione artigianale,it
Critical Success,Successo critico,it
Croissance explosive,Crescita esplosiva,it
Crownguard,Corona reale,it
Cry Me A River,Fiumi di lacrime,it
Csak jó valamire I.,Non proprio inutile,it
Csapatkeresés,Fare squadra,it
Csapatépítés,Spaccato di vita,it
Csapatépítés,Team building,it
Csekélyebb Perszónatükör,Personalità speculare minore,it
Csereszektor,Settore dello scambio,it
Csillagfényes kombó,Combo stellare,it
Csillagnéző,Astronomo,it
Csillagnéző embléma,Emblema dell'Astronomo,it
Csillámpikkely-esszencia,Essenza Scaglialucida,it
Cua Kỳ Cục,Argogranchio,it
Cuatrifuerzos,In quattro e quattr'otto,it
Cuatro Refuerzos,In quattro e quattr'otto,it
Cuchara de plata,Cucchiaio d'argento,it
Cuchilla Maldita,Lama maledetta,it
Cuchillas Raudas,Lame rotanti,it
Cud Soraki,Miracolo di Soraka,it
Cuenta con mi arco,Hai il mio arco,it
Cuenta de Ahorros,Conto dei risparmi,it
Cuenta de ahorros,Conto dei risparmi,it
Cuisine du Tacticien,Cucina dello Stratega,it
Cung Dự Phòng,Archi da supporto,it
Cung Gỗ,Arco ricurvo,it
Cung Xanh,Sussurro fatale,it
Cureaua uriașului,Cintura del gigante,it
Curele fără număr,Eccesso di cinture,it
Cursed Blade,Lama maledetta,it
Cursed Crown,Corona maledetta,it
Cuțit electrostatic,Pugnale di Statikk,it
Cuồng Đao Guinsoo,Furia di Guinsoo,it
Cuộc Phiêu Lưu Tôn Quý,Un'avventura gloriosa,it
Cuộc Viễn Chinh,Spedizione,it
Cvičná loutka,Fantoccio di addestramento,it
Cybernetic Implants,Impianti cibernetici,it
Cybernetic Uplink,Collegamento cibernetico,it
Cycle épique,Epoca,it
Czerwone Wzmocnienie,Buff rosso,it
Czysty Umysł,Mente lucida,it
Częściowe Wyniesienie,Ascensione parziale,it
Cái Giá Phải Trả,A quale prezzo,it
Cálice do Poder,Calice del potere,it
Cáliz de Poder,Calice del potere,it
Cáliz de poder,Calice del potere,it
Câlin collectif,Abbraccio di gruppo,it
Cây Cung Thần Tốc,Hai il mio arco,it
Cây Tộc Hệ,L'Albero dei tratti,it
Céfiro,Zefiro,it
Célbefogó optika,Ottica a puntamento assistito,it
Célébrité partagée de Yasuo,Ribalta condivisa di Yasuo,it
Călător,Viaggiatore,it
Cıva,Argento vivo,it
Cœur d'acier,Cuore d'acciaio,it
Cœur de l'aube,Nucleo dell'alba,it
Cœur intrépide,Cuor saldo,it
Cơn Khát Vàng,Fame di denaro,it
Cảm Quan Cấy Ghép,Impianto empatico,it
Cảm Thấy May Mắn,Ti senti fortunato?,it
Cấy Ghép Siêu Công Nghệ,Impianti cibernetici,it
Cầu Hồi Phục,Sfere curative,it
Cắm Rễ Phân Tán,Radici diffuse,it
Cặp Đôi Siêu Cứng,Doppia resistenza,it
Cố Gắng Lật Kèo,Storia di una rimonta,it
Cốc Sức Mạnh,Calice del potere,it
Cộng Mệt Nghỉ!,Pioggia di statistiche!,it
Cờ Lệnh Zeke U Ám,Tetro araldo di Zeke,it
Củng Cố Tuyến Trước,Fondamenta di prima linea,it
C位的觉悟,Trova il tuo centro,it
C位觉悟,Trova il tuo centro,it
DD街区,Settore dello scambio,it
Daga de Statikk,Pugnale di Statikk,it
Daimi Yükseliş,Mobilità aumentata,it
Dallan Budaklan,Su tutti i fronti,it
Dama Oscura,Signora Oscura,it
Dama das Trevas,Signora Oscura,it
Dama oscura,Signora Oscura,it
Dame sombre,Signora Oscura,it
Dao Điện Statikk,Pugnale di Statikk,it
Dar Ahri,Dono di Ahri,it
Dar Aureliona Sola,Dono di Aurelion Sol,it
Dar Ekko,Dono di Ekko,it
Dar Evelynn,Dono di Evelynn,it
Dar Kayle,Dono di Kayle,it
Dar Soraki,Dono di Soraka,it
Dar Thresha,Dono di Thresh,it
Dar Varusa,Dono di Varus,it
Dar Yasuo,Dono di Yasuo,it
Dar cu ce preț,A quale prezzo,it
Dar vzkříšení,Dono della resurrezione,it
Dark Lady,Signora Oscura,it
Dark Star,Stella Oscura,it
Dark Star Emblem,Emblema Stella Oscura,it
Das Warten wert,Valeva la pena aspettare,it
Das geht ab,Giù come birilli,it
Das goldene Ei,L'uovo dorato,it
Dawncore,Nucleo dell'alba,it
Dayanıklı Ön Sıra,Fondamenta di prima linea,it
Daño indiscriminado,Uccisore indiscriminato,it
De două ori mai câștigați,Due volte il valore,it
De fiesta,Schiantare,it
De gratis,Saldi imperdibili,it
De milyen áron?,A quale prezzo,it
Deadlier Blades,Lame più letali,it
Deadlier Caps,Cappelli più letali,it
Deathblade,Lama mortale,it
Demasiado Valor,Due volte il valore,it
Demir Solari'nin Broşu,Medaglione dei Solari di ferro,it
Denge Örtüsü,Velo costante,it
Dent de Nashor,Dente di Nashor,it
Dente de Na'Shor,Dente di Nashor,it
Der Attributsbaum,L'Albero dei tratti,it
Der Turm,La Torre,it
Der Unbeugsame,L'indomabile,it
Der Urknall,Big Bang,it
Der Wille des Hammers,La legge della mazza,it
Der goldene Drache,Il Drago dorato,it
Der mächtige Mecha,Il potente Mech,it
Dernier souffle,Sussurro fatale,it
Derrota Planejada,Perdite calcolate,it
Desafiante,Sfidante,it
Desajustados,Misfits,it
Descarga Eléctrica,Elettrocarica,it
Desejo da Maça,La legge della mazza,it
Desesperación Eterna,Disperazione eterna,it
Desesperanza eterna,Disperazione eterna,it
Desespero Eterno,Disperazione eterna,it
Desmanche,Raccolta differenziata,it
Despertar da Alma,Risveglio dell'anima,it
Despertar del Alma,Risveglio dell'anima,it
Despertar del alma,Risveglio dell'anima,it
Destansı Yenileme,Cambio epico,it
Deszcz Pieniędzy,Monsoni sonanti,it
Determinacja Kolosa,Determinazione del titano,it
Determinação Titânica,Determinazione del titano,it
Deux de moins,Doppia uccisione rapida,it
Dev Katili,Uccisore di giganti,it
Dev Kemeri,Cintura del gigante,it
Devasa ve Güçlü,Grande e possente,it
Değişken Miğfer,Elmo adattivo,it
Di Vật Tàn Úa,Reliquia appassita,it
Diana,Diana,it
Die Legion der Drei,Legione dei tre,it
Diebesbande,Banda di ladri,it
Diebesbande II,Banda di ladri II,it
Diente de Nashor,Dente di Nashor,it
Dikenli Yelek,Corpetto di rovi,it
Dinerito para el almuerzo,Soldi per il pranzo,it
Dinero del almuerzo,Soldi per il pranzo,it
Dintele lui Nashor,Dente di Nashor,it
Diosa de las Pistolas,Dea delle Armi,it
Diosa de las pistolas,Dea delle Armi,it
Dirilme Lütfu,Dono della resurrezione,it
Disperare nemărginită,Disperazione eterna,it
Disruptor temporal,Spezzatempo,it
Distracție în spațiu,Ritmo Spaziale,it
Distribuição de Efeitos,"Un buff, due buff",it
Divinamente Abençoado,Benedetto dagli dei,it
Divine Duelist,Duellante divino,it
Dizilim,Formazione,it
Diệt Khổng Lồ,Uccisore di giganti,it
Dlouhodobá investice,Andare per le lunghe,it
Doamna întunecată,Signora Oscura,it
Doble Tanque,Doppia resistenza,it
Dobra Passa,Giù come birilli,it
Doces Deleites,Dolci,it
Dokuma Büyü,Tela magica,it
Don du gardien,Alleato del custode,it
Doomer,Catastrofista,it
Dornenweste,Corpetto di rovi,it
Double Kill Veloz,Doppia uccisione rapida,it
Dowódca Anima,Comandante Anima,it
Dowódcy,Comandante,it
Doğum Günü Buluşması,Ritrovo di compleanno,it
Doğum Günü Hediyesi,Regalo di compleanno,it
Drachenklaue,Artiglio del drago,it
Dragon's Claw,Artiglio del drago,it
Dragonul auriu,Il Drago dorato,it
Dragão Dourado,Il Drago dorato,it
Dračí spár,Artiglio del drago,it
Dreifaltigkeit,Tripletta,it
Drobní titáni,Mini Titani,it
"Drobní, ale vražední","Piccole, ma letali",it
Drohnenverbindung,Drone cablato,it
Dron Bağlantısı,Drone cablato,it
Drone Uplink,Drone cablato,it
Dronová linka,Drone cablato,it
Drugi Oddech,Secondo fiato,it
Druhý dech,Secondo fiato,it
Drzewo Cech,L'Albero dei tratti,it
Drágaköves kesztyű,Guanto ingioiellato,it
Drágaköves lótusz II.,Loto ingioiellato,it
Drónkapcsolat,Drone cablato,it
Držíme pospolu,Restiamo uniti,it
Du Mục,Pastore,it
Du hast meinen Bogen,Hai il mio arco,it
Dublu asasinat rapid,Doppia uccisione rapida,it
Duch Odkupienia,Spirito di redenzione,it
Duch odplaty,Spirito di redenzione,it
Duelist divin,Duellante divino,it
Duelista Divino,Duellante divino,it
Duelista divino,Duellante divino,it
Duelliste divine,Duellante divino,it
Dulces Golosinas,Dolci,it
Dummify,Fantoccificazione,it
Dunkle Dame,Signora Oscura,it
Duo Queue,Coda in duo,it
Duo-Warteschlange,Coda in duo,it
Dupla érték,Due volte il valore,it
Duplication,Configurazione massima,it
Duplán szívós,Doppia resistenza,it
Durch Stärke geschmiedet,Forgiato nella forza,it
Durmadan Yenile,Cambio eterno,it
Dusze Towarzystwa,Animale da festa,it
Duża Torba z Różnościami,Borsa grande,it
Dádiva da Ahri,Dono di Ahri,it
Dádiva da Evelynn,Dono di Evelynn,it
Dádiva da Kayle,Dono di Kayle,it
Dádiva da Ressurreição,Dono della resurrezione,it
Dádiva da Soraka,Dono di Soraka,it
Dádiva do Aurelion Sol,Dono di Aurelion Sol,it
Dádiva do Brigão,Dono dell'aggiustatutto,it
Dádiva do Ekko,Dono di Ekko,it
Dádiva do Thresh,Dono di Thresh,it
Dádiva do Varus,Dono di Varus,it
Dádiva do Yasuo,Dono di Yasuo,it
Dárek k narozeninám,Regalo di compleanno,it
Dárková taška s předměty,Borsa degli oggetti,it
Dárkový balíček,Pacchetto di aiuti,it
Dây Chuyền Iron Solari,Medaglione dei Solari di ferro,it
Dây Chuyền Tự Lực,Medaglione diramante,it
Dämmerkern,Nucleo dell'alba,it
Dämmerung von Silbersee,Alba di Silvermere,it
Déesse des flingues,Dea delle Armi,it
Défaite planifiée,Perdite calcolate,it
Dépense réfléchie,Spesa oculata,it
Dés légèrement magiques,Tiro lievemente magico,it
Dés magiques,Un tiro magico,it
Désespoir,Catastrofista,it
Désespoir infini,Disperazione eterna,it
Détermination du titan,Determinazione del titano,it
Díszes acél,Acciaio brillante,it
Dòng Tiền Mờ Ám,Monetizzazione infida,it
Döntőbíró,Arbitro,it
Döntőbíró embléma,Emblema dell'Arbitro,it
Dört Dörtlük,In quattro e quattr'otto,it
Dört Seninle Olsun,Che il Quattro sia con te,it
Dövüşçü,Combattente,it
Dövüşçü Amblemi,Emblema del Combattente,it
Dúo de tanques,Doppia resistenza,it
Dümenci,Truffatore,it
Dẫn Truyền,Convogliatore,it
Dị Vật Tai Ương,Idolo proibito,it
Dịch Vụ Gói Đăng Ký,Servizio ad abbonamento,it
D个痛快！,Cambio eterno,it
Early Learnings,Primi insegnamenti,it
Ebedi Anlaşma,Patto eterno,it
Ebedi Koruma,Protezione infinita,it
Ebedi Kılıç,Frammento d'infinito,it
Ebédpénz,Soldi per il pranzo,it
Ecos Reparadores,Echi curativi,it
Ecos Restauradores,Echi curativi,it
Ecos curativos,Echi curativi,it
Ecouri tămăduitoare,Echi curativi,it
Edge of Night,Fine della notte,it
Efecte secundare,Effetti collaterali,it
Efectos Secundarios,Effetti collaterali,it
Efectos secundarios,Effetti collaterali,it
Efeito Azul,Buff blu,it
Efeito Vermelho,Buff rosso,it
Efeitos Colaterais,Effetti collaterali,it
Efekty Uboczne,Effetti collaterali,it
Effets secondaires,Effetti collaterali,it
Egida Zmierzchu,Egida del Crepuscolo,it
Egida Świtu,Egida dell'Aurora,it
"Egy erősítés, két erősítés","Un buff, due buff",it
"Egy, kettő, három",Un due tre,it
"Egy, kettő, öt!","Uno, due, cinque!",it
Egyenlepel,Velo costante,it
Egységben az erő,Uniti nelle difficoltà,it
Egyujjas kesztyű,Muffole,it
Egyéni vért,Corazza singola,it
Ehre des Kriegsfürsten,L'onore del Signore della guerra,it
"Ein Buff, zwei Buff","Un buff, due buff",it
Ein Teil des Lebens,Spaccato di vita,it
Ein erhabenes Abenteuer,Un'avventura gloriosa,it
Ein magischer Wurf,Un tiro magico,it
Eindringling Zed,Zed Invasore,it
Einfach treffen,Colpire e basta,it
Einkaufsbummel,Shopping scatenato,it
"Einmal Bronze, immer Bronze",Bronzo per la vita,it
"Eins, zwei, drei",Un due tre,it
"Eins, zwei, fünf!","Uno, due, cinque!",it
Eiserne Güter,Risorse ferrose,it
Ejder Pençesi,Artiglio del drago,it
Ekip Çalışması,Team building,it
Ekko türelme,Pazienza di Ekko,it
Ekko áldása,Dono di Ekko,it
Ekko'nun Lütfu,Dono di Ekko,it
Ekko'nun Sabrı,Pazienza di Ekko,it
Ekko's Boon,Dono di Ekko,it
Ekko's Patience,Pazienza di Ekko,it
Ekkos Geduld,Pazienza di Ekko,it
Ekkos Segen,Dono di Ekko,it
Ekkova trpělivost,Pazienza di Ekko,it
Ekkův dar,Dono di Ekko,it
Ekmek Parası İşte,Soldi per il pranzo,it
Ekskluzywna Personalizacja,Personalizzazione esclusiva,it
Ekspedycja,Spedizione,it
El Big Bang,Big Bang,it
El Dragón Dorado,Il Drago dorato,it
El Dragón dorado,Il Drago dorato,it
El Emeği Göz Nuru,Creazione artigianale,it
El Huevo Dorado,L'uovo dorato,it
El Indomable,L'indomabile,it
El Mega Mecha,Il potente Mech,it
El Tamaño Importa,Le dimensioni contano,it
El centro de todo,Trova il tuo centro,it
El huevo dorado,L'uovo dorato,it
El peso de la corona,Pesante è la corona,it
El tamaño importa,Le dimensioni contano,it
El Árbol de Rasgos,L'Albero dei tratti,it
El árbol de los atributos,L'Albero dei tratti,it
Elastyczność,Flessibilità,it
Electrocarga,Elettrocarica,it
Electrocharge,Elettrocarica,it
Elektrický výboj,Elettrocarica,it
Elektroladung,Elettrocarica,it
Elektromos töltés,Elettrocarica,it
Elektroşarj,Elettrocarica,it
Elige el rasgo,Scegli tratto,it
Eliminator,Eradicatore,it
Elkötelezett,Investitura,it
Elköteleződés,Scommessa rischiosa,it
Elmo Adaptativo,Elmo adattivo,it
Eltemetett kincsek,Tesori sepolti,it
Elátkozott korona,Corona maledetta,it
Elátkozott penge,Lama maledetta,it
Előfizetési szolgáltatás,Servizio ad abbonamento,it
Előleg,Finanziamento,it
Előrelátás,Lungimiranza,it
Em Busca do Centro,Trova il tuo centro,it
Embalos no Espaço,Ritmo Spaziale,it
Emblem Anima,Emblema Anima,it
Emblem Arbiter,Emblema dell'Arbitro,it
Emblem Bastion,Emblema del Bastione,it
Emblem Brawler,Emblema del Combattente,it
Emblem Challenger,Emblema dello Sfidante,it
Emblem Dark Star,Emblema Stella Oscura,it
Emblem Marauder,Emblema del Predone,it
Emblem Meeple,Emblema dell'Amico dei Mippi,it
Emblem N.O.V.A.,Emblema N.O.V.A.,it
Emblem Primordian,Emblema del Primordiano,it
Emblem Psionic,Emblema Psionico,it
Emblem Rogue,Emblema del Bandito,it
Emblem Shepherd,Emblema del Pastore,it
Emblem Sniper,Emblema del Cecchino,it
Emblem Space Groove,Emblema del Ritmo Spaziale,it
Emblem Stargazer,Emblema dell'Astronomo,it
Emblem Timebreaker,Emblema dello Spezzatempo,it
Emblem Vanguard,Emblema dell'Avanguardia,it
Emblem Voyager,Emblema del Viaggiatore,it
Emblema Animalia,Emblema Anima,it
Emblema Meeple,Emblema dell'Amico dei Mippi,it
Emblema apărătorilor,Emblema dell'Avanguardia,it
Emblema bastionului,Emblema del Bastione,it
Emblema briganzilor,Emblema del Predone,it
Emblema bătăușilor,Emblema del Combattente,it
Emblema competitorilor,Emblema dello Sfidante,it
Emblema călătorilor,Emblema del Viaggiatore,it
Emblema de Anima,Emblema Anima,it
Emblema de Astromante,Emblema dell'Astronomo,it
Emblema de Atirador de Elite,Emblema del Cecchino,it
Emblema de Bastião,Emblema del Bastione,it
Emblema de Bastión,Emblema del Bastione,it
Emblema de Desafiante,Emblema dello Sfidante,it
Emblema de Embalos no Espaço,Emblema del Ritmo Spaziale,it
Emblema de Estrela Negra,Emblema Stella Oscura,it
Emblema de Estrella Oscura,Emblema Stella Oscura,it
Emblema de Francotiradores,Emblema del Cecchino,it
Emblema de Furtivo,Emblema del Bandito,it
Emblema de Ladino,Emblema del Bandito,it
Emblema de Lutador,Emblema del Combattente,it
Emblema de Meeple,Emblema dell'Amico dei Mippi,it
Emblema de Meeplo,Emblema dell'Amico dei Mippi,it
Emblema de Merodeador,Emblema del Predone,it
Emblema de Mipo,Emblema dell'Amico dei Mippi,it
Emblema de N.O.V.A.,Emblema N.O.V.A.,it
Emblema de Onda Espacial,Emblema del Ritmo Spaziale,it
Emblema de Pastor,Emblema del Pastore,it
Emblema de Peleadores,Emblema del Combattente,it
Emblema de Primordiano,Emblema del Primordiano,it
Emblema de Primordianos,Emblema del Primordiano,it
Emblema de Psiónico,Emblema Psionico,it
Emblema de Psiônico,Emblema Psionico,it
Emblema de Rasga-tempo,Emblema dello Spezzatempo,it
Emblema de Retadores,Emblema dello Sfidante,it
Emblema de Rompetiempo,Emblema dello Spezzatempo,it
Emblema de Saqueador,Emblema del Predone,it
Emblema de Sentencia,Emblema dell'Arbitro,it
Emblema de Vanguarda,Emblema dell'Avanguardia,it
Emblema de Vanguardia,Emblema dell'Avanguardia,it
Emblema de Viajante,Emblema del Viaggiatore,it
Emblema de Viajero,Emblema del Viaggiatore,it
Emblema de astral,Emblema dell'Astronomo,it
Emblema de bastión,Emblema del Bastione,it
Emblema de contendiente,Emblema dello Sfidante,it
Emblema de disruptor temporal,Emblema dello Spezzatempo,it
Emblema de estrella oscura,Emblema Stella Oscura,it
Emblema de francotirador,Emblema del Cecchino,it
Emblema de la ascensión,Talismano dell'ascensione,it
Emblema de luchador,Emblema del Combattente,it
Emblema de onda espacial,Emblema del Ritmo Spaziale,it
Emblema de pastor,Emblema del Pastore,it
Emblema de primordiano,Emblema del Primordiano,it
Emblema de psiónico,Emblema Psionico,it
Emblema de pícaro,Emblema del Bandito,it
Emblema de sentenciador,Emblema dell'Arbitro,it
Emblema de vanguardia,Emblema dell'Avanguardia,it
Emblema de viajante,Emblema del Viaggiatore,it
Emblema de yelmo sombrío,Emblema del Predone,it
Emblema de Árbitro,Emblema dell'Arbitro,it
Emblema de ánima,Emblema Anima,it
Emblema distracției în spațiu,Emblema del Ritmo Spaziale,it
Emblema frângătorilor timpului,Emblema dello Spezzatempo,it
Emblema luminii stelelor,Emblema dell'Astronomo,it
Emblema lunetiștilor,Emblema del Cecchino,it
Emblema mediatorilor,Emblema dell'Arbitro,it
Emblema primordienilor,Emblema del Primordiano,it
Emblema psionică,Emblema Psionico,it
Emblema păstorilor,Emblema del Pastore,it
Emblema rebelilor,Emblema del Bandito,it
Emblema stelelor întunecate,Emblema Stella Oscura,it
Emblemat Anima,Emblema Anima,it
Emblemat Arbitra,Emblema dell'Arbitro,it
Emblemat Bastionu,Emblema del Bastione,it
Emblemat Kosmofazy,Emblema del Ritmo Spaziale,it
Emblemat Marudera,Emblema del Predone,it
Emblemat Meepla,Emblema dell'Amico dei Mippi,it
Emblemat Mrocznej Gwiazdy,Emblema Stella Oscura,it
Emblemat N.O.V.A.,Emblema N.O.V.A.,it
Emblemat Obrońcy,Emblema dell'Avanguardia,it
Emblemat Obserwatora Gwiazd,Emblema dell'Astronomo,it
Emblemat Osiłka,Emblema del Combattente,it
Emblemat Pasterza,Emblema del Pastore,it
Emblemat Podróżnika,Emblema del Viaggiatore,it
Emblemat Pretendenta,Emblema dello Sfidante,it
Emblemat Primordianina,Emblema del Primordiano,it
Emblemat Psionika,Emblema Psionico,it
Emblemat Snajpera,Emblema del Cecchino,it
Emblemat Zbira,Emblema del Bandito,it
Emblemat Łamacza Czasu,Emblema dello Spezzatempo,it
Emblème d'Astro-groove,Emblema del Ritmo Spaziale,it
Emblème d'Initiateur,Emblema dell'Avanguardia,it
Emblème de Bagarreur,Emblema del Combattente,it
Emblème de Bastion,Emblema del Bastione,it
Emblème de Berger,Emblema del Pastore,it
Emblème de Brise-temps,Emblema dello Spezzatempo,it
Emblème de Challenger,Emblema dello Sfidante,it
Emblème de Juge stellaire,Emblema dell'Arbitro,it
Emblème de Maraudeur,Emblema del Predone,it
Emblème de Meeple,Emblema dell'Amico dei Mippi,it
Emblème de N.O.V.A.,Emblema N.O.V.A.,it
Emblème de Primordien,Emblema del Primordiano,it
Emblème de Psionique,Emblema Psionico,it
Emblème de Pulsar sombre,Emblema Stella Oscura,it
Emblème de Rebelle,Emblema del Bandito,it
Emblème de Sniper,Emblema del Cecchino,it
Emblème de Visionnaire,Emblema dell'Astronomo,it
Emblème de Voyageur,Emblema del Viaggiatore,it
Emblème de la Section Anima,Emblema Anima,it
Emblém Animy,Emblema Anima,it
Emblém Bašty,Emblema del Bastione,it
Emblém Hvězdopravce,Emblema dell'Astronomo,it
Emblém Miplíka,Emblema dell'Amico dei Mippi,it
Emblém N.O.V.A.,Emblema N.O.V.A.,it
Emblém Ničitele času,Emblema dello Spezzatempo,it
Emblém Odpadlíka,Emblema del Bandito,it
Emblém Odstřelovače,Emblema del Cecchino,it
Emblém Pastýře,Emblema del Pastore,it
Emblém Poutníka,Emblema del Viaggiatore,it
Emblém Prapůvodního,Emblema del Primordiano,it
Emblém Psionika,Emblema Psionico,it
Emblém Předvoje,Emblema dell'Avanguardia,it
Emblém Rváče,Emblema del Combattente,it
Emblém Soudce,Emblema dell'Arbitro,it
Emblém Temné hvězdy,Emblema Stella Oscura,it
Emblém Vesmírného rytmu,Emblema del Ritmo Spaziale,it
Emblém Vyzyvatele,Emblema dello Sfidante,it
Emblém Žoldnéře,Emblema del Predone,it
Emblématique,Flessibilità,it
Emblématiquement,L'Albero dei tratti,it
Empréstimo Avançado,Finanziamento,it
Empurrão,Schiantare,it
En Minik Dev,Titano minuscolo,it
En racha,Giù come birilli,it
Ende der Weisheit,Speranza perduta,it
Endgame-Experte,Specialista del finale,it
Endlose Verzweiflung,Disperazione eterna,it
Enfileirando,Formazione,it
Enfoque al Horizonte,Concentrazione dell'orizzonte,it
Enlace Cibernético,Collegamento cibernetico,it
Enlace de Dron,Drone cablato,it
Enracinement,Radici diffuse,it
Entre les PO et l'enclume,Risorse ferrose,it
Entrenamiento de Guardaespaldas,Addestramento da Guardia del corpo,it
Entschlossenheit des Titanen,Determinazione del titano,it
Enyhén mágikus dobás,Tiro lievemente magico,it
Epic Rolldown,Cambio epico,it
Epickie Przelosowanie,Cambio epico,it
Epický výlov,Cambio epico,it
Epische Ladung,Cambio epico,it
Epoch,Epoca,it
Epocha,Epoca,it
Epoche,Epoca,it
Epocă,Epoca,it
Epoka,Epoca,it
Era,Epoca,it
Eradicare,Eradicatore,it
Eradicator,Eradicatore,it
Erb Lightshieldů,Stemma di Lightshield,it
Erlöser,Redentore,it
Erradicador,Eradicatore,it
Erwartetes Unerwartetes,L'atteso inaspettato,it
Erweiterter Kredit,Finanziamento,it
Erőben kovácsolva,Forgiato nella forza,it
Erőd,Bastione,it
Erőd embléma,Emblema del Bastione,it
EsQUATRão,In quattro e quattr'otto,it
Escalamento de Fim de Jogo,Crescita a fine partita,it
Escalando,Scalata verso il successo,it
Escalar la clasificación,Scalata verso il successo,it
Escolha a característica,Scegli tratto,it
Escroc,Truffatore,it
Escudo de estratega,Scudo dello stratega,it
Escudo del Estratega,Scudo dello stratega,it
Escudo do Estrategista,Scudo dello stratega,it
Escurridizo,Argogranchio,it
Esence Mihotavců,Essenza Scaglialucida,it
Esencia de Brilloescama,Essenza Scaglialucida,it
Esencia de brilloescama,Essenza Scaglialucida,it
Esencja Migoczącej Łuski,Essenza Scaglialucida,it
Esfera del Amanecer,Nucleo dell'alba,it
Esgrima de Yasuo,Gioco di lama di Yasuo,it
Esnek,Flessibilità,it
Espada Desmedida,Eccesso di spade,it
Espada G.p.C.,M.C. Spada,it
Espadafuria de Guinsoo,Furia di Guinsoo,it
Espadas Más Letales,Lame più letali,it
Espadón,M.C. Spada,it
Especialista em Fim de Jogo,Specialista del finale,it
Especialista en el juego tardío,Specialista del finale,it
Especialista en final de partida,Specialista del finale,it
Espera lo Inesperado,L'atteso inaspettato,it
Espera lo inesperado,L'atteso inaspettato,it
Esperando o Inesperado,L'atteso inaspettato,it
Espinas,Fishbones,it
Esprit d'équipe,Team building,it
Esprit de la Rédemption,Spirito di redenzione,it
Esprit encombré,Mente confusa,it
Espátula,Spatola,it
Espírito de Redenção,Spirito di redenzione,it
Espíritu Firme,Cuor saldo,it
Espíritu de Redención,Spirito di redenzione,it
Espíritu de la redención,Spirito di redenzione,it
Espíritu libre,Misfits,it
Essence des Luminécailles,Essenza Scaglialucida,it
Essenz der Schimmerschuppen,Essenza Scaglialucida,it
Essência de Escamaluz,Essenza Scaglialucida,it
Estafa,Truffatore,it
Estafador,Truffatore,it
Estratega diminuto,Titano minuscolo,it
Estrela Negra,Stella Oscura,it
Estrella Oscura,Stella Oscura,it
Estrella oscura,Stella Oscura,it
Estudio Paciente,Studio paziente,it
Estudio y paciencia,Studio paziente,it
Estudo Paciente,Studio paziente,it
Eternal Pact,Patto eterno,it
Etwas magische Aktualisierung,Tiro lievemente magico,it
Evelynn áldása,Dono di Evelynn,it
Evelynn ösztöne,Istinto di Evelynn,it
Evelynn'in Lütfu,Dono di Evelynn,it
Evelynn'in İçgüdüsü,Istinto di Evelynn,it
Evelynn's Boon,Dono di Evelynn,it
Evelynn's Instinct,Istinto di Evelynn,it
Evelynnin dar,Dono di Evelynn,it
Evelynnin instinkt,Istinto di Evelynn,it
Evelynns Instinkt,Istinto di Evelynn,it
Evelynns Segen,Dono di Evelynn,it
Evenshroud,Velo costante,it
Evriştirici,Ricombussolatore,it
Ewiger Pakt,Patto eterno,it
Exaltación Radiante de Kayle,Esaltazione radiosa di Kayle,it
Exaltación de Kayle,Esaltazione di Kayle,it
Exaltación radiante de Kayle,Esaltazione radiosa di Kayle,it
Exaltarea lui Kayle,Esaltazione di Kayle,it
Exaltarea radiantă a lui Kayle,Esaltazione radiosa di Kayle,it
Exaltation de Kayle,Esaltazione di Kayle,it
Exaltation radieuse de Kayle,Esaltazione radiosa di Kayle,it
Exaltação Radiante de Kayle,Esaltazione radiosa di Kayle,it
Exaltação de Kayle,Esaltazione di Kayle,it
Exclusive Customization,Personalizzazione esclusiva,it
Exilados,Esuli,it
Exilați,Esuli,it
Exiles,Esuli,it
Exiliados,Esuli,it
Exilés,Esuli,it
Exklusive Feinabstimmung,Personalizzazione esclusiva,it
Exkluzivní úprava,Personalizzazione esclusiva,it
Exkluzív testreszabás,Personalizzazione esclusiva,it
Expected Unexpectedness,L'atteso inaspettato,it
Expedice,Spedizione,it
Expedición,Spedizione,it
Expedition,Spedizione,it
Expedição,Spedizione,it
Expediție,Spedizione,it
Expedíció,Spedizione,it
Explosive Growth,Crescita esplosiva,it
Explosives Wachstum,Crescita esplosiva,it
Expédition,Spedizione,it
Expérience à tout prix,Andare per le lunghe,it
Extirpador,Eradicatore,it
Ezreal,Ezreal,it
Ezüstkanál,Cucchiaio d'argento,it
Ezüsttóvári hajnal,Alba di Silvermere,it
Eğreti Zırh,Armatura improvvisata,it
Eşsiz Deneyim,Cucchiaio d'argento,it
Eşya Çekilişi,Borsa degli oggetti,it
Fabricant de baguettes,Fabbricante di bastoni,it
Fabricante de Bastões,Fabbricante di bastoni,it
Fabricante de Espadas,Fabbricante di spade,it
Fabricante de Varas,Fabbricante di bastoni,it
Fabrication en série,Replica,it
Fabrikneu,Nuovo di zecca,it
Faca de Statikk,Pugnale di Statikk,it
Factory New,Nuovo di zecca,it
Fajín de mercurio,Argento vivo,it
Farmando Aura,Farmare l'aura,it
Farmarea aurei,Farmare l'aura,it
Farmení aury,Farmare l'aura,it
Farmeo Áurico,Farmare l'aura,it
Farmienie Aury,Farmare l'aura,it
Fatalista,Catastrofista,it
Fateweaver,Tessifato,it
Favorul Sorakăi,Dono di Soraka,it
Favorul duelistului,Dono dell'aggiustatutto,it
Favorul lui Ahri,Dono di Ahri,it
Favorul lui Aurelion Sol,Dono di Aurelion Sol,it
Favorul lui Ekko,Dono di Ekko,it
Favorul lui Evelynn,Dono di Evelynn,it
Favorul lui Kayle,Dono di Kayle,it
Favorul lui Thresh,Dono di Thresh,it
Favorul lui Varus,Dono di Varus,it
Favorul lui Yasuo,Dono di Yasuo,it
Favorul resurecției,Dono della resurrezione,it
Fedakârlığın Erdemi,Virtù del martire,it
Fedezeti alap,Fondo speculativo,it
Feed the Flames,Alimentare le fiamme,it
Feeling Lucky,Ti senti fortunato?,it
Felaket Mücevheri,Gioiello della rovina,it
Felemelkedés,Ascensione,it
Feleslegesen nagy pálca,Bastone colossale,it
Felfelé a ranglétrán I.,Scalata verso il successo,it
Felfelé irányuló mobilitás,Mobilità aumentata,it
Felie de viață,Spaccato di vita,it
Felinarul lui Thresh,Lanterna di Thresh,it
Festa de Aniversário,Ritrovo di compleanno,it
Feu concentré,Fuoco concentrato,it
Fiera Fiestera,Animale da festa,it
Fierar neobosit,Forgia incarnata,it
Fila em Dupla,Coda in duo,it
Filo de la Muerte,Lama mortale,it
Filo de la Noche,Fine della notte,it
Filo de la noche,Fine della notte,it
Filo del Infinito,Frammento d'infinito,it
Filo infinito,Frammento d'infinito,it
Filo mortal,Lama mortale,it
Filofugaz,Lame rotanti,it
Fin de partie,Crescita a fine partita,it
Final del ingenio,Speranza perduta,it
Find Your Center,Trova il tuo centro,it
Finde deine Mitte,Trova il tuo centro,it
Fiora,Fiora,it
Firesale,Saldi imperdibili,it
Fishbones,Fishbones,it
Fizz,Fizz,it
Flambant neuf,Nuovo di zecca,it
Flexibel,Flessibilità,it
Flexibilita,Flessibilità,it
Flexibilitate,Flessibilità,it
Flexible,Flessibilità,it
Flexível,Flessibilità,it
Flickerblade,Lame rotanti,it
Flickerblades,Lame rotanti,it
Fließende Tränen,Fiumi di lacrime,it
Flimmerklingen,Lame rotanti,it
Flowing Tears,Fiumi di lacrime,it
Fluch des Lichs,Terrore dei lich,it
Fléau de liche,Terrore dei lich,it
Fléau vengeur,Mazzafrusto dell'Assaltatore,it
Flügelstab,Scettro serafino,it
Foc concentrat,Fuoco concentrato,it
Focalizarea orizontului,Concentrazione dell'orizzonte,it
Foco do Horizonte,Concentrazione dell'orizzonte,it
Focused Fire,Fuoco concentrato,it
Fogo Concentrado,Fuoco concentrato,it
Fokozott erő,Potere dell'Impianto,it
Fokussiertes Feuer,Fuoco concentrato,it
Folyamatos idézés,Evocazione continua,it
Fond de investiții,Fondo speculativo,it
Fondation de première ligne,Fondamenta di prima linea,it
Fondo con intereses,Fondo speculativo,it
Fondo de inversión,Fondo speculativo,it
Forbidden Idol,Idolo proibito,it
Forge a Friend,Forgia un amico,it
Forge divine,Forgia apoteotica,it
Forge portative,Forgia portatile,it
Forge à retardement,Forgia nascosta,it
Forged in Strength,Forgiato nella forza,it
Forgeron ambulant,Forgia incarnata,it
Forja Apoteósica,Forgia apoteotica,it
Forja Apoteótica,Forgia apoteotica,it
Forja Latente,Forgia nascosta,it
Forja Portátil,Forgia portatile,it
Forja Viva,Forgia incarnata,it
Forja Viviente,Forgia incarnata,it
Forja apoteósica,Forgia apoteotica,it
Forja de amigos,Forgia un amico,it
Forja de espadas,Fabbricante di spade,it
Forja de varas,Fabbricante di bastoni,it
Forja forjada,Creazione artigianale,it
Forja latente,Forgia nascosta,it
Forja na Força,Forgiato nella forza,it
Forja portátil,Forgia portatile,it
Forja reîncărcărilor,Creazione artigianale,it
Forja viviente,Forgia incarnata,it
Forjado a la fuerza,Forgiato nella forza,it
Forjado en la Fortaleza,Forgiato nella forza,it
Forje uma Amizade,Forgia un amico,it
Forjă apoteotică,Forgia apoteotica,it
Forjă latentă,Forgia nascosta,it
Forjă portabilă,Forgia portatile,it
Forma equipo,Fare squadra,it
Formation de Garde du corps,Addestramento da Guardia del corpo,it
Fortwährende Beschwörung,Evocazione continua,it
Forward Thinking,Lungimiranza,it
Forțe proaspete,Secondo fiato,it
Fragmento de Vida,Spaccato di vita,it
Francotirador,Cecchino,it
Frigideira,Padella,it
Frontkämpfer,Avanguardia,it
Frontkämpfer-Emblem,Emblema dell'Avanguardia,it
Frontline Foundation,Fondamenta di prima linea,it
Frontlinien-Fundament,Fondamenta di prima linea,it
Frying Pan,Padella,it
Frângător al timpului,Spezzatempo,it
Frühe Erkenntnisse,Primi insegnamenti,it
Fuego Concentrado,Fuoco concentrato,it
Fuego concentrado,Fuoco concentrato,it
Fuerte pero frágil,Cannone di cristallo,it
Fuerte y Enorme,Grande e possente,it
Fuerzas renovadas,Secondo fiato,it
Fundação da Linha de Frente,Fondamenta di prima linea,it
Fundo de Garantia,Fondo speculativo,it
Fundusz Inwestycyjny,Fondo speculativo,it
Fureur du kraken,Furia del kraken,it
Furia Krakena,Furia del kraken,it
Furia del Kraken,Furia del kraken,it
Furia krakenului,Furia del kraken,it
Furtivo,Bandito,it
Furto,Furtarello,it
Furtuna lui Luden,Tempesta di Luden,it
Fäustlinge,Muffole,it
Félholt csapás,Terrore dei lich,it
Félvezető,Semiconduttore,it
Fényőrző címer,Stemma di Lightshield,it
Fókusz,Convogliatore,it
Fókusz mód,Modalità Convogliatore,it
Fúria do Cráquem,Furia del kraken,it
"FĂRĂ ANALIZĂ, FĂRĂ SCHIMBĂRI",NÉ ESPLORATORE NÉ STRATEGA,it
Făurit prin putere,Forgiato nella forza,it
Gabardina Sospechosa,Impermeabile sospetto,it
Gabardina sospechosa,Impermeabile sospetto,it
Gage de Sterak,Pegno di Sterak,it
Gagnant-gagnant,Studio paziente,it
Galaksi Avcısı,Cacciatore galattico,it
Galaktický lovec,Cacciatore galattico,it
Galaktischer Jäger,Cacciatore galattico,it
Galaktyczni Łowcy,Cacciatore galattico,it
Galaxisvadász,Cacciatore galattico,it
Galaxy Hunter,Cacciatore galattico,it
Gambit Urfa,Azzardo di Urf,it
Gambit d'Urf,Azzardo di Urf,it
Gambito de Urf,Azzardo di Urf,it
Gantelet du Néant,Guanto del Vuoto,it
Gantelet précieux,Guanto ingioiellato,it
Gants d'entraînement,Guantoni,it
Gants de voleur,Guanti del ladro,it
Gants porte-bonheur,Guanti fortunati,it
Gants à gogo,Successo critico,it
Gardienii gemeni,Guardiani gemelli,it
Gardiens jumeaux,Guardiani gemelli,it
Gargoyl Taşzırhı,Lastrapietra del gargoyle,it
Gargoyle Stoneplate,Lastrapietra del gargoyle,it
Garra de Dragón,Artiglio del drago,it
Garra de dragón,Artiglio del drago,it
Garra de merodeador,Artiglio del predatore,it
Garra del Merodeador,Artiglio del predatore,it
Garra do Dragão,Artiglio del drago,it
Garra do Espreitador,Artiglio del predatore,it
Gasto con cabeza,Spesa oculata,it
Gauner,Truffatore,it
Gebieter,Arbitro,it
Gebieter-Emblem,Emblema dell'Arbitro,it
Geburtstags-Wiedervereinigung,Ritrovo di compleanno,it
Geburtstagsgeschenk,Regalo di compleanno,it
Gecenin Kıyısı,Fine della notte,it
Geduld ist eine Tugend,La pazienza è una virtù,it
Geeinter Halt,Uniti nelle difficoltà,it
Gefälligkeit des Schrotthändlers,Dono dell'aggiustatutto,it
Gegenstand-Wundertüte,Borsa degli oggetti,it
Geist der Erlösung,Spirito di redenzione,it
Geistessicht,Corazza spirituale,it
Geld fürs Mittagessen,Soldi per il pranzo,it
Geldgierig,Fame di denaro,it
Geldmonsun,Monsoni sonanti,it
Gelişmiş Güç,Potere dell'Impianto,it
Gelungenes Comeback,Storia di una rimonta,it
Gespiegelte Persona,Personalità speculare,it
Gheara dragonului,Artiglio del drago,it
Gheara lui Sterak,Pegno di Sterak,it
Gheara prădătorului,Artiglio del predatore,it
Giant Slayer,Uccisore di giganti,it
Giant and Mighty,Grande e possente,it
Giant's Belt,Cintura del gigante,it
Gigante e Poderoso,Grande e possente,it
Gigantes y fuertes,Grande e possente,it
Gilded Steel,Acciaio brillante,it
Giuvaier blestemat,Gioiello della rovina,it
Gizemli Trençkot,Impermeabile sospetto,it
Giáp Lưới,Cotta di maglia,it
Giáp Máu Warmog,Armatura di Warmog,it
Giáp Tay Seeker,Parabraccia del cercatore,it
Giáp Tâm Linh,Corazza spirituale,it
Giáp Tự Chế,Armatura improvvisata,it
Giáp Vai Nguyệt Thần,Velo costante,it
Giọt Lệ Bi Ai,Fiumi di lacrime,it
Giữ Vững Hàng Ngũ,Tenete la posizione,it
Glaives à gogo,Aprire un passaggio,it
Glaskanone,Cannone di cristallo,it
Glass Cannon,Cannone di cristallo,it
Glückshandschuhe,Guanti fortunati,it
Gnar,Gnar,it
Goana după bani,Fame di denaro,it
God-Blessed,Benedetto dagli dei,it
Going Long,Andare per le lunghe,it
Golden Gamble,Scommessa dorata,it
Goldenes Glücksspiel,Scommessa dorata,it
Golem,Golem,it
Golpetazos,Schiantare,it
Good For Something,Non proprio inutile,it
Gotowy Komplet,Configurazione massima,it
Gottgesegnet,Benedetto dagli dei,it
Grabież,Furtarello,it
Gracia de Ahri,Dono di Ahri,it
Gracia de Aurelion Sol,Dono di Aurelion Sol,it
Gracia de Ekko,Dono di Ekko,it
Gracia de Evelynn,Dono di Evelynn,it
Gracia de Kayle,Dono di Kayle,it
Gracia de Soraka,Dono di Soraka,it
Gracia de Thresh,Dono di Thresh,it
Gracia de Varus,Dono di Varus,it
Gracia de Yasuo,Dono di Yasuo,it
Gracia de resurrección,Dono della resurrezione,it
Gragas,Gragas,it
Gran Compromiso,Scommessa rischiosa,it
Grandalhão,Le dimensioni contano,it
Grandeur et démesure,Grande e possente,it
Graves,Graves,it
Gredin,Truffatore,it
Griffe de dragon,Artiglio del drago,it
Griffes du rôdeur,Artiglio del predatore,it
Group Hug,Abbraccio di gruppo,it
Groß und mächtig,Grande e possente,it
Große Wundertüte,Borsa grande,it
Groźniejsze Ostrza,Lame più letali,it
Gruboskórność Steraka,Pegno di Sterak,it
Grup Kucaklaşması,Abbraccio di gruppo,it
Grupowy Przytulas,Abbraccio di gruppo,it
Gruppenumarmung,Abbraccio di gruppo,it
Gräte,Fishbones,it
Größe ist alles,Le dimensioni contano,it
Guantelete Deslumbrante,Guanto ingioiellato,it
Guantelete de Sterak,Pegno di Sterak,it
Guantelete del Vacío,Guanto del Vuoto,it
Guantelete enjoyado,Guanto ingioiellato,it
Guantes de Combate,Guantoni,it
Guantes de Ladrón,Guanti del ladro,it
Guantes de combate,Guantoni,it
Guantes de la Suerte,Guanti fortunati,it
Guantes de la suerte,Guanti fortunati,it
Guantes de ladrón,Guanti del ladro,it
Guardabrazo del Buscador,Parabraccia del cercatore,it
Guardia de la Corona,Corona reale,it
Guardianes Gemelos,Guardiani gemelli,it
Guardianes gemelos,Guardiani gemelli,it
Guardiões Gêmeos,Guardiani gemelli,it
Guarida del Barón,Tana del Barone,it
Guinsoo dühpengéje,Furia di Guinsoo,it
Guinsoo'nun Hiddeti,Furia di Guinsoo,it
Guinsoo's Rageblade,Furia di Guinsoo,it
Guinsoos Wutklinge,Furia di Guinsoo,it
Guinsoova zuřivá čepel,Furia di Guinsoo,it
Gume do Infinito,Frammento d'infinito,it
Gun Goddess,Dea delle Armi,it
Gustări dulci,Dolci,it
Gwałtowny Wzrost,Crescita esplosiva,it
Gwen,Gwen,it
Gwiezdna Kombinacja,Combo stellare,it
Gyakorlófigura,Fantoccio di addestramento,it
Gyanús ballonkabát,Impermeabile sospetto,it
Gyors kettős gyilkosság,Doppia uccisione rapida,it
Gyorstüzelő ágyú,Archibugio a ripetizione,it
Gyári új,Nuovo di zecca,it
Gyógyító gömbök I.,Sfere curative,it
Gói Bảo Hộ,Pacchetto di aiuti,it
Gói Tăng Cường,Bustina,it
Gói Đăng Ký Hạng Sang,Abbonamento di lusso,it
Gólem,Golem,it
Gökten Yağan Altın,Monsoni sonanti,it
Gölge Kukla,Burattino d'ombra,it
Gömülü Hazineler,Tesori sepolti,it
Göttlicher Duellant,Duellante divino,it
Gözyaşları Sel,Fiumi di lacrime,it
Gözü Yükseklerde,Andare per le lunghe,it
Gümüşgöl Şafağı,Alba di Silvermere,it
Günateşi Pelerini,Mantello del Sole,it
Günateşi Tahtası,Plancia del Sole,it
Gürtel des Riesen,Cintura del gigante,it
Gürtel im Überfluss,Eccesso di cinture,it
Gürzün Dileği,La legge della mazza,it
Güç Kadehi,Calice del potere,it
Güçle İşlenmiş,Forgiato nella forza,it
Güçlü Ama Kırılgan,Cannone di cristallo,it
Güçlü Arkadaşlık,Forgia un amico,it
Güçlü Şapkalar,Cappelli più letali,it
Găng Bảo Thạch,Guanto ingioiellato,it
Găng Hư Không,Guanto del Vuoto,it
Găng Đạo Tặc,Guanti del ladro,it
Găng Đấu Sĩ,Muffole,it
Găng Đấu Tập,Guantoni,it
Găsește-ți centrul de putere,Trova il tuo centro,it
Gươm Biến Ảnh,Sciabola spettrale,it
Gậy Quá Khổ,Bastone colossale,it
Hacha de Fuego Infernal,Accetta infernale,it
Hacha infernal,Accetta infernale,it
Hachette infernale,Accetta infernale,it
Haciendo Amistades,Forgia un amico,it
Hadiösvény,Sentiero di guerra,it
Hadúri dicsőség,L'onore del Signore della guerra,it
Hai odată,Colpire e basta,it
Hajnalmag,Nucleo dell'alba,it
Halbleiter,Semiconduttore,it
Halla tu Centro,Trova il tuo centro,it
Halszálka,Fishbones,it
Halálosabb pengék,Lame più letali,it
Halálosabb süvegek,Cappelli più letali,it
Halálpenge,Lama mortale,it
Hand Of Justice,Mano della giustizia,it
Hand der Gerechtigkeit,Mano della giustizia,it
Handelssektor,Settore dello scambio,it
Handschuhe des Diebs,Guanti del ladro,it
Hang Ổ Baron,Tana del Barone,it
Hanger fantomatic,Sciabola spettrale,it
Hard Commit,Scommessa rischiosa,it
Hatalmas sorsolás,Cambio epico,it
Hatalmas és erős,Grande e possente,it
Határtalan penge,Frammento d'infinito,it
Haute tension,Alta tensione,it
Hayat Deneyimi,Studio paziente,it
Hayattan Bir Kesit,Spaccato di vita,it
Hazine Avı,Caccia al tesoro,it
Haşmetli Hydra,Idra titanica,it
Haşmetli Macera,Un'avventura gloriosa,it
Healing Orbs,Sfere curative,it
Heart of Steel,Cuore d'acciaio,it
Heavy Is the Crown,Pesante è la corona,it
Hecho a medida,Personalizzazione esclusiva,it
Hedef Kuklası,Fantoccio di addestramento,it
Hedefe Kilitlenen Optik,Ottica a puntamento assistito,it
Hedge Fund,Fondo speculativo,it
Heilende Echos,Echi curativi,it
Heilende Kugeln,Sfere curative,it
Heldenhafte Wundertüte,Borsa eroica,it
Hellfire Hatchet,Accetta infernale,it
Hemos venido a jugar,Mosse rischiose,it
Heraldo de Zeke,Araldo di Zeke,it
Heraldo de las Tinieblas de Zeke,Tetro araldo di Zeke,it
Heraldo desolador de Zeke,Tetro araldo di Zeke,it
Herausforderer,Sfidante,it
Herausforderer-Emblem,Emblema dello Sfidante,it
Herausforderer-Modus,Modalità sfidante,it
Herb Dynastii Promiennej Tarczy,Stemma di Lightshield,it
Herkesin Katili,Uccisore indiscriminato,it
Heroic Grab Bag,Borsa eroica,it
Heroiczna Torba z Różnościami,Borsa eroica,it
Herold Zeke'a,Araldo di Zeke,it
Herz aus Stahl,Cuore d'acciaio,it
Heul doch …,Fiumi di lacrime,it
Hex Dorado de Yasuo,Esagono dorato di Yasuo,it
Hexagone doré de Yasuo,Esagono dorato di Yasuo,it
Hexagonul auriu al lui Yasuo,Esagono dorato di Yasuo,it
Hextech Gunblade,Pistola a lame hextech,it
Hextech Silahkılıç,Pistola a lame hextech,it
Hextech lőpenge,Pistola a lame hextech,it
Hextech-Gunblade,Pistola a lame hextech,it
Hexágono dorado de Yasuo,Esagono dorato di Yasuo,it
Hidra Titánica,Idra titanica,it
Hidra Titânica,Idra titanica,it
Hidra titanilor,Idra titanica,it
Hidra titánica,Idra titanica,it
Higany,Argento vivo,it
High Voltage,Alta tensione,it
Hilfspaket,Pacchetto di aiuti,it
Hirte,Pastore,it
Hirte-Emblem,Emblema del Pastore,it
Historia Powrotu do Chwały,Storia di una rimonta,it
Hivatásos bokszoló,Lottatore professionista,it
Hiçlik Değneği,Bastone del Vuoto,it
Hiçlik Eldiveni,Guanto del Vuoto,it
Hiện Thân Phản Chiếu,Personalità speculare,it
Hiện Thân Phản Chiếu Cỡ Nhỏ,Personalità speculare minore,it
Hochspannung,Alta tensione,it
Hoja de furia de Guinsoo,Furia di Guinsoo,it
Hoja maldita,Lama maledetta,it
Hojas más letales,Lame più letali,it
Hold the Line,Tenete la posizione,it
Holofote Compartilhado do Yasuo,Ribalta condivisa di Yasuo,it
Honneur du Maître de guerre,L'onore del Signore della guerra,it
Honor Watażki,L'onore del Signore della guerra,it
Honor de señor de la guerra,L'onore del Signore della guerra,it
Honor del Caudillo,L'onore del Signore della guerra,it
Honra do Mestre da Guerra,L'onore del Signore della guerra,it
Hordozható kohó,Forgia portatile,it
Horizon Focus,Concentrazione dell'orizzonte,it
Horizont,Concentrazione dell'orizzonte,it
Horizontfokus,Concentrazione dell'orizzonte,it
Hortlak Palası,Sciabola spettrale,it
Hosszú távú befektetés,Andare per le lunghe,it
Hrdinská dárková taška,Borsa eroica,it
Hurdacının Lütfu,Dono dell'aggiustatutto,it
Hurto,Furtarello,it
Hustler,Truffatore,it
Huy Hiệu Lightshield,Stemma di Lightshield,it
Huyết Giá,Pegno di sangue,it
Huyết Kiếm,La Bramasangue,it
Huyết Trượng Tha Hóa,Scettro vampirico corrotto,it
Huyết Tế,Sacrificio cruento,it
Huấn Luyện Cận Vệ,Addestramento da Guardia del corpo,it
Hvězdná obnova,Giù come birilli,it
Hvězdné kombo,Combo stellare,it
Hvězdopravec,Astronomo,it
Hydre titanesque,Idra titanica,it
Hàng Chờ Pandora,Panca di Pandora,it
Hàng Chờ Đấu Đôi,Coda in duo,it
Hành Tinh,Ritmo Spaziale,it
Hào Quang Của Ahri,Aura di Ahri,it
Hào Quang Nhân Vật Chính,Protezione di trama,it
Hármak légiója,Legione dei tre,it
Hármas kombó I.,Tripletta,it
Hátsó vonal tervrajza,Schema della retroguardia,it
Hâkim,Arbitro,it
Hâkim Amblemi,Emblema dell'Arbitro,it
Hình Nhân,Fantoccio di addestramento,it
Hình Nhân Hóa,Fantoccificazione,it
Hình Nộm Va Chạm,Fantocci da crash test,it
Hút Sinh Lực,Vitalità vampirica,it
Hücum Gürzü,Mazzafrusto dell'Assaltatore,it
Hükümdarın Seçimi,Benedetto dagli dei,it
Hırsız Eldiveni,Guanti del ladro,it
Hırsız Çetesi,Banda di ladri,it
Hırsız Çetesi II,Banda di ladri II,it
Hızlı Başlangıç,Messa in moto,it
Hızlı Yükseliş,Prevalere,it
Hızlı İkide İki,Doppia uccisione rapida,it
Hősies zsákbamacska,Borsa eroica,it
Hůl Prázdnoty,Bastone del Vuoto,it
Hướng Đến Hồi Kết,Specialista del finale,it
Hưởng Ké Hào Quang Yasuo,Ribalta condivisa di Yasuo,it
Hạ Đo Ván,Schiantare,it
Hắc Tinh,Stella Oscura,it
Hố Đen Tí Hon,Mini Buco nero,it
Hủy Diệt,Eradicatore,it
Ia arcul meu,Hai il mio arco,it
Idol interzis,Idolo proibito,it
Idole interdite,Idolo proibito,it
Időtörő,Spezzatempo,it
Időtörő embléma,Emblema dello Spezzatempo,it
Ikerőrzők,Guardiani gemelli,it
Illaoi,Illaoi,it
Iluminare parțială,Ascensione parziale,it
Immer höher hinauf,Scalata verso il successo,it
Implant Współczulny,Impianto empatico,it
Implant cybernétique,Impianto empatico,it
Implant empatic,Impianto empatico,it
Implante Simpático,Impianto empatico,it
Implante Solidário,Impianto empatico,it
Implante simpático,Impianto empatico,it
Implantes Cibernéticos,Impianti cibernetici,it
Implantes cibernéticos,Impianti cibernetici,it
Implants cybernétiques,Impianti cibernetici,it
Implanturi cibernetice,Impianti cibernetici,it
Implanty Cybernetyczne,Impianti cibernetici,it
Impossível Recusar,Colpire e basta,it
Improvisierte Rüstung,Armatura improvvisata,it
Improwizowana Zbroja,Armatura improvvisata,it
Impuesto Cognitivo,Tributo cognitivo,it
Impuesto cognitivo,Tributo cognitivo,it
Inactividad,AFK,it
Inadaptados,Misfits,it
Inadaptați,Misfits,it
Inaktivitás,AFK,it
Incantație continuă,Evocazione continua,it
Indiscriminate Killer,Uccisore indiscriminato,it
Indomable,L'indomabile,it
Indomável,L'indomabile,it
Infinity Edge,Frammento d'infinito,it
Infinity Protection,Protezione infinita,it
Inicio Veloz,Messa in moto,it
Inimă de oțel,Cuore d'acciaio,it
Initiateur,Avanguardia,it
Innervating Locket,Medaglione diramante,it
Instinct d'Evelynn,Istinto di Evelynn,it
Instinctul lui Evelynn,Istinto di Evelynn,it
Instinto de Evelynn,Istinto di Evelynn,it
Instynkt Evelynn,Istinto di Evelynn,it
Insígnia do Lumescudo,Stemma di Lightshield,it
Intermediar,Convogliatore,it
Invadatorul Zed,Zed Invasore,it
Invader Zed,Zed Invasore,it
Invasión de Zed,Zed Invasore,it
Invasor Zed,Zed Invasore,it
Inversión,Investitura,it
Invested,Investitura,it
Investice,Investitura,it
Investiert,Investitura,it
Investimento,Investitura,it
Investissement,Investitura,it
Investissement sur le futur,Lungimiranza,it
Investiční fond,Fondo speculativo,it
Investiție,Investitura,it
Inwestycja,Andare per le lunghe,it
Início Rápido,Messa in moto,it
Ionic Spark,Scintilla ionica,it
Ionischer Funke,Scintilla ionica,it
Ionos szikra,Scintilla ionica,it
Iontová jiskra,Scintilla ionica,it
Iron Assets,Risorse ferrose,it
Isteni párbajhős,Duellante divino,it
Istennő könnycseppje,Lacrima della dea,it
Istenáldotta,Benedetto dagli dei,it
Item Grab Bag,Borsa degli oggetti,it
Itens de Pandora,Oggetti di Pandora,it
Iubire nezdruncinată,Cuor saldo,it
Işıltılı Serseri,Canaglia radiosa,it
JEDU SI TO SVOJE,NÉ ESPLORATORE NÉ STRATEGA,it
Ja Gram Solo,Aumento di livello in solitaria,it
Jaf,Furtarello,it
Jaful componentelor,Furto di componenti,it
Jakim Kosztem,A quale prezzo,it
Jax,Jax,it
Jaximus,Su verso il cielo,it
"Jeden buff, dva buffy","Un buff, due buff",it
"Jedna, dva, tři",Un due tre,it
Jeu de patience,La pazienza è una virtù,it
Jeweled Gauntlet,Guanto ingioiellato,it
Jeweled Lotus,Loto ingioiellato,it
Jhin,Jhin,it
Jinx,Jinx,it
Jogada Levemente Mágica,Tiro lievemente magico,it
Jogada Mágica,Un tiro magico,it
Jogada de Urf,Azzardo di Urf,it
Joia da Ruína,Gioiello della rovina,it
Jonowa Iskra,Scintilla ionica,it
Jour de relance,Cambio eterno,it
Joya Maldita,Gioiello della rovina,it
Joya de la plaga,Gioiello della rovina,it
Joyau putréfiant,Gioiello della rovina,it
Jugadas arriesgadas,Mosse rischiose,it
Juge stellaire,Arbitro,it
Juguito de Gorrito,Succo Cappa,it
Juramento del Protector,Voto del Protettore,it
Juramento do Cavaleiro,Voto del cavaliere,it
Juramento do Protetor,Voto del Protettore,it
Jurământul protectorului,Voto del Protettore,it
Jus chapi-chapo,Succo Cappa,it
Just Hit,Colpire e basta,it
Justice critique,Rappresaglia,it
Juwelenbesetzter Handschuh,Guanto ingioiellato,it
Juwelenbesetzter Lotus,Loto ingioiellato,it
Jádro obchodu,Fulcro del commercio,it
Jádro úsvitu,Nucleo dell'alba,it
Jó sorozat,Giù come birilli,it
Jóbarát rendelésre,Amico fai-da-te,it
Jós,Oracolo,it
Jótékony visszhang,Echi curativi,it
K. N. kard,M.C. Spada,it
K. V. meč,M.C. Spada,it
K.W. Miecz,M.C. Spada,it
"KEIN UMSEHEN, KEIN WECHSELN",NÉ ESPLORATORE NÉ STRATEGA,it
Kaderbaz,Tessifato,it
Kahraman Çekilişi,Borsa eroica,it
Kahuna,Kahunahuna,it
Kahunahuna,Kahunahuna,it
Kai'Sa,Kai'Sa,it
Kamekameha,Kahunahuna,it
Kamienna Płyta Gargulca,Lastrapietra del gargoyle,it
Kamizelka Cierniowa,Corpetto di rovi,it
Kamizelka Kolcza,Cotta di maglia,it
Kampfhandschuhe,Guantoni,it
Kan Adağı,Sacrificio cruento,it
Kan Bedeli,Pegno di sangue,it
Kanalisierer,Convogliatore,it
Kanalisierermodus,Modalità Convogliatore,it
Kanasusamış,La Bramasangue,it
Kanciarz,Truffatore,it
Kanoucí slzy,Fiumi di lacrime,it
Kapelusze Zabójcze jak Nigdy,Cappelli più letali,it
Karanlık Leydi,Signora Oscura,it
Kararlı Yürek,Cuor saldo,it
Karayel,Zefiro,it
Kardkovács,Fabbricante di spade,it
Kardszállítmány,Eccesso di spade,it
Karma,Karma,it
Kayle felmagasztosulása,Esaltazione di Kayle,it
Kayle ragyogó felmagasztosulása,Esaltazione radiosa di Kayle,it
Kayle áldása,Dono di Kayle,it
Kayle's Boon,Dono di Kayle,it
Kayle's Exaltation,Esaltazione di Kayle,it
Kayle's Radiant Exaltation,Esaltazione radiosa di Kayle,it
Kayle'ın Işıltılı Yüceliği,Esaltazione radiosa di Kayle,it
Kayle'ın Lütfu,Dono di Kayle,it
Kayle'ın Yüceliği,Esaltazione di Kayle,it
Kayles Hochgefühl,Esaltazione di Kayle,it
Kayles Segen,Dono di Kayle,it
Kayles strahlendes Hochgefühl,Esaltazione radiosa di Kayle,it
Kaylin dar,Dono di Kayle,it
Kaylino povznesení,Esaltazione di Kayle,it
Kaylino zářivé povznesení,Esaltazione radiosa di Kayle,it
Kaz Gelecek Yerden...,Mosse rischiose,it
Kedi Olalı Bir Fare,Non proprio inutile,it
Kedvez a szerencse,Ti senti fortunato?,it
Kefaret Ruhu,Spirito di redenzione,it
Kelch der Macht,Calice del potere,it
Kemer Fazlalığı,Eccesso di cinture,it
Kereskedelmi központ,Fulcro del commercio,it
Keresők karvértje,Parabraccia del cercatore,it
Keskin Nişancı,Cecchino,it
Keskin Nişancı Amblemi,Emblema del Cecchino,it
Kettenweste,Cotta di maglia,it
Keşif Gezisi,Spedizione,it
Khiên Hoàng Hôn,Egida del Crepuscolo,it
Khiên Hừng Đông,Egida dell'Aurora,it
Khiên Đơn Đấu,Corazza singola,it
Kho Báu Chôn Giấu,Tesori sepolti,it
Kho Báu Sắt,Risorse ferrose,it
Khu Giao Dịch,Settore dello scambio,it
Khuyến Mãi Kinh Nghiệm,Aumento di livello!,it
Khéo Tay Hay Làm,Creazione artigianale,it
Khảm Bảo Thạch,Loto ingioiellato,it
Khế Ước Vĩnh Hằng,Patto eterno,it
Khổng Lồ Hóa,Mini Titani,it
Khổng Lồ Tí Hon,Titano minuscolo,it
Khởi Động Nhanh,Messa in moto,it
Kibernetikus fellövő,Collegamento cibernetico,it
Kibernetikus implantátumok,Impianti cibernetici,it
Kick Start,Messa in moto,it
Kickstart,Messa in moto,it
"Kicsi, de halálos","Piccole, ma letali",it
Kihívó,Sfidante,it
Kihívó embléma,Emblema dello Sfidante,it
Kihívó mód,Modalità sfidante,it
Kiirtó,Eradicatore,it
Kim Long,Il Drago dorato,it
Kimaxolt összeállítás,Configurazione massima,it
Kincsvadászat,Caccia al tesoro,it
Kindred,Kindred,it
Kiralık Katil,Sicario,it
Kis zsákbamacska,Borsa piccola,it
Kiên Nhẫn Của Ekko,Pazienza di Ekko,it
Kiên Nhẫn Học Tập,Studio paziente,it
Kiên Nhẫn Là Một Đức Tính,La pazienza è una virtù,it
Kişiselleştirme Fırsatı,Personalizzazione esclusiva,it
Kiếm B.F.,M.C. Spada,it
Kiếm Cong,Lama maledetta,it
Kiếm Súng Hextech,Pistola a lame hextech,it
Kiếm Tai Ương,Terrore dei lich,it
Kiếm Thuật Của Yasuo,Gioco di lama di Yasuo,it
Kiếm Tử Thần,Lame più letali,it
Kiếm Tử Thần,Lama mortale,it
Klarer Geist,Mente lucida,it
Klaue des Meuchlers,Artiglio del predatore,it
Kleine Freunde,Piccoli alleati,it
Kleine Wundertüte,Borsa piccola,it
Kleine gespiegelte Persona,Personalità speculare minore,it
Kleines schwarzes Loch,Mini Buco nero,it
Klejnot Rozpadu,Gioiello della rovina,it
Klenot nákazy,Gioiello della rovina,it
Klinge der Unendlichkeit,Frammento d'infinito,it
Klinge des Todes,Lama mortale,it
Klonprogramm,Replica,it
Kluftkrabbler,Argogranchio,it
Knallhart,Protezione di trama,it
Knight's Vow,Voto del cavaliere,it
Kniha vlastností,Tomo dei tratti,it
Kognitive Steuer,Tributo cognitivo,it
Kognitive Überladung,Sovraccarico cognitivo,it
Kognitivní přetížení,Sovraccarico cognitivo,it
Kognitivní zátěž,Tributo cognitivo,it
Kognitív teher,Tributo cognitivo,it
Kognitív túlterhelés,Sovraccarico cognitivo,it
Kolejka Duo,Coda in duo,it
Koleżcy,Piccoli alleati,it
Kolosalna Hydra,Idra titanica,it
Kommandant,Comandante,it
Kommerzkern,Fulcro del commercio,it
Komponentenraub,Furto di componenti,it
Komutan,Comandante,it
Koniec Rozumu,Speranza perduta,it
Konserwator Biomaterii,Conservatore di biomateria,it
Konto Oszczędnościowe,Conto dei risparmi,it
Konzervátor biomateriálu,Conservatore di biomateria,it
Kopyalama Süreci,Replica,it
Korai tanulságok,Primi insegnamenti,it
Korbacz Napastnika,Mazzafrusto dell'Assaltatore,it
Korona Taktyka,Corona dello Stratega,it
Korona Zawsze Będzie Ciążyć,Pesante è la corona,it
Koronaőr,Corona reale,it
Koroze,Corrosione,it
Korozja,Corrosione,it
Korozyon,Corrosione,it
Korrosion,Corrosione,it
Korrózió,Corrosione,it
Korszak,Epoca,it
Koruma Eğitimi,Addestramento da Guardia del corpo,it
Korunní stráž,Corona reale,it
Koruyucunun Müttefiki,Alleato del custode,it
Kosa Statikka,Pugnale di Statikk,it
Kosmický restart,Riavvio cosmico,it
Kosmiczny Restart,Riavvio cosmico,it
Kosmischer Neubeginn,Riavvio cosmico,it
Kosmofaza,Ritmo Spaziale,it
Kostur Archanioła,Scettro dell'arcangelo,it
Kostur Pustki,Bastone del Vuoto,it
Kostur Serafina,Scettro serafino,it
Kosturnik,Fabbricante di bastoni,it
Kouzelný hod,Un tiro magico,it
Kovácsolj barátot,Forgia un amico,it
Kozmik Başlangıç,Riavvio cosmico,it
Kozmikus újraindítás,Riavvio cosmico,it
Kraken'in Öfkesi,Furia del kraken,it
Kraken's Fury,Furia del kraken,it
Krakenův hněv,Furia del kraken,it
Kraliyet Başlığı,Corona reale,it
Krev za krev,Pegno di sangue,it
Kriegsbeil des Höllenfeuers,Accetta infernale,it
Kriegspfad,Sentiero di guerra,it
Kritický úspěch,Successo critico,it
Kritik Başarı,Successo critico,it
Kritikus siker,Successo critico,it
Kritischer Erfolg,Successo critico,it
Krmení plamenů,Alimentare le fiamme,it
Krone des Taktikers,Corona dello Stratega,it
Kronwacht,Corona reale,it
Kroužková vesta,Cotta di maglia,it
Krvavá oběť,Sacrificio cruento,it
Krvežíznivec,La Bramasangue,it
Krwiopijec,La Bramasangue,it
Krytyczny Sukces,Successo critico,it
Księga Cech,Tomo dei tratti,it
Kuchnia Taktyka,Cucina dello Stratega,it
Kukiełka Cienia,Burattino d'ombra,it
Kukla Yağmuru!,Fantocci da crash test,it
Kuklaya Dönüştür,Fantoccificazione,it
Kukła Treningowa,Fantoccio di addestramento,it
Kukły do Testów Wypadkowych,Fantocci da crash test,it
Kule,La Torre,it
Kusursuzluk Arayışı,Il massimo con il minimo,it
Kutilův dar,Dono dell'aggiustatutto,it
Kybernetická linka,Collegamento cibernetico,it
Kybernetické implantáty,Impianti cibernetici,it
Kybernetische Implantate,Impianti cibernetici,it
Kybernetische Verbindung,Collegamento cibernetico,it
Kártyacsomag,Bustina,it
Kâhin,Oracolo,it
Kék erősítés,Buff blu,it
Kích Cỡ Là Quan Trọng,Le dimensioni contano,it
Kính Khóa Mục Tiêu,Ottica a puntamento assistito,it
Kính Nhắm Ma Pháp,Concentrazione dell'orizzonte,it
Könnyek patakja,Fiumi di lacrime,it
Könyörtelen költség,Monetizzazione infida,it
Kötü Niyetli Kazanç,Monetizzazione infida,it
Kötü Yazılım Matrisi,Matrice malware,it
Közös gyakorlás,Fantoccificazione,it
Küldetés újrakezdése,Riavvia missione,it
Küçük Benlik Aynası,Personalità speculare minore,it
Kılavuz,Pastore,it
Kılavuz Amblemi,Emblema del Pastore,it
Kılçık,Fishbones,it
Kılıç Fazlalığı,Eccesso di spade,it
Kılıç İşçisi,Fabbricante di spade,it
Kırmızı Güçlendirme,Buff rosso,it
Kısmen Büyülü Zar,Tiro lievemente magico,it
Kısmi Yükseliş,Ascensione parziale,it
Kıymetli Metaller,Risorse ferrose,it
Kızartma Tavası,Padella,it
Kẻ Sống Sót,Superstite,it
Kết Nối Drone,Drone cablato,it
Kết Nối Gián Đoạn,Coincidenze perse,it
Kề Vai Sát Cánh,Restiamo uniti,it
Kỳ Vọng Bất Ngờ,L'atteso inaspettato,it
Kỷ Nguyên,Epoca,it
L'amour du risque,Mosse rischiose,it
L'indomptable,L'indomabile,it
La Paciencia es una Virtud,La pazienza è una virtù,it
La Sanguinaria,La Bramasangue,it
La Tour,La Torre,it
La cumpărături,Shopping scatenato,it
La espera merece la pena,Valeva la pena aspettare,it
La fortuna te sonríe,Ti senti fortunato?,it
La paciencia es una virtud,La pazienza è una virtù,it
La torre,La Torre,it
La trama lo protege,Protezione di trama,it
La unión hace la fuerza,Fare squadra,it
Lacrima zeiței,Lacrima della dea,it
Lacrimi curgătoare,Fiumi di lacrime,it
Ladino,Bandito,it
Ladungstransfer,Trasferimento carica,it
Lame d'infini,Frammento d'infinito,it
Lame enragée de Guinsoo,Furia di Guinsoo,it
Lame funeste,Lama mortale,it
Lame maudite,Lama maledetta,it
Lames tueuses,Lame più letali,it
Lance de Shojin,Lancia di Shojin,it
Lancea lui Shojin,Lancia di Shojin,it
Lancer de dés,L'atteso inaspettato,it
Lanetli Kılıç,Lama maledetta,it
Lanetli Taç,Corona maledetta,it
Lanterna do Thresh,Lanterna di Thresh,it
Lanterne de Thresh,Lanterna di Thresh,it
Lanza de Shojin,Lancia di Shojin,it
Lança de Shojin,Lancia di Shojin,it
Largo plazo,Andare per le lunghe,it
Larme de la déesse,Lacrima della dea,it
Larmes à gogo,Fiumi di lacrime,it
Last Whisper,Sussurro fatale,it
Latarnia Thresha,Lanterna di Thresh,it
Late Game Scaling,Crescita a fine partita,it
Late Game Specialist,Specialista del finale,it
Latent Forge,Forgia nascosta,it
Latente Schmiede,Forgia nascosta,it
Le Méga-mecha,Il potente Mech,it
Le prix du sang,Soldi per il pranzo,it
LeBlanc,LeBlanc,it
Lebende Schmiede,Forgia incarnata,it
Lecciones de Boxeo,Lezioni di pugilato,it
Lecsapó buzogány,Mazzafrusto dell'Assaltatore,it
Leczące Echo,Echi curativi,it
Leczące Kule,Sfere curative,it
Lecții de box,Lezioni di pugilato,it
Leerenhandschuh,Guanto del Vuoto,it
Leerenstab,Bastone del Vuoto,it
Legie tří,Legione dei tre,it
Legion Trójek,Legione dei tre,it
Legion of Threes,Legione dei tre,it
Legiunea de trei,Legione dei tre,it
Legião de Três,Legione dei tre,it
Legión de Tres,Legione dei tre,it
Legión del tres,Legione dei tre,it
Legjobb barátok,Migliori amici,it
Legământul cavalerului,Voto del cavaliere,it
Legături ratate,Coincidenze perse,it
Leibwache-Training,Addestramento da Guardia del corpo,it
Lekce v boxu,Lezioni di pugilato,it
Lekko Magiczny Rzut,Tiro lievemente magico,it
Lekésett csatlakozás,Coincidenze perse,it
Lelkek ébredése,Risveglio dell'anima,it
Lendületes kezdés,Messa in moto,it
Lenyúlás,Furtarello,it
Leo Hạng,Scalata verso il successo,it
Leona,Leona,it
Lesser Mirrored Persona,Personalità speculare minore,it
Letzter Atemzug,Sussurro fatale,it
Level Up!,Aumento di livello!,it
Leveleando en solitario,Aumento di livello in solitaria,it
Leçons de combat,Primi insegnamenti,it
Leże Barona,Tana del Barone,it
Liaison cybernétique,Collegamento cibernetico,it
Liaison de drone,Drone cablato,it
Lich Bane,Terrore dei lich,it
Lich Boğan,Terrore dei lich,it
Lichtschild-Wappen,Stemma di Lightshield,it
Lightshield Arması,Stemma di Lightshield,it
Lightshield Crest,Stemma di Lightshield,it
Ligne de front,Lezioni di pugilato,it
Limiar da Noite,Fine della notte,it
Limite da Razão,Speranza perduta,it
Linceul d'apaisement,Veste della stabilità,it
Linceul de la congruence,Velo costante,it
Lineup,Formazione,it
Linh Hoạt,Flessibilità,it
Linh Hồn Chuộc Tội,Spirito di redenzione,it
Linh Thú Vào Bếp,Cucina dello Stratega,it
Linie de înaltă tensiune,Alta tensione,it
Linterna de Thresh,Lanterna di Thresh,it
Liquidación,Saldi imperdibili,it
Lissandra,Lissandra,it
Listă duo,Coda in duo,it
Lithoplastron de gargouille,Lastrapietra del gargoyle,it
Lithoplastron solo,Corazza singola,it
Litinová pánev,Padella,it
Little Buddies,Piccoli alleati,it
Living Forge,Forgia incarnata,it
Liên Hoàn Tinh Tú,Combo stellare,it
Llamada al caos,Richiamo al caos,it
Llamado al Caos,Richiamo al caos,it
Llora Todo lo que Quieras,Fiumi di lacrime,it
Locket of the Iron Solari,Medaglione dei Solari di ferro,it
Longo Prazo,Andare per le lunghe,it
Loto Adornado,Loto ingioiellato,it
Loto enjoyado,Loto ingioiellato,it
Lotus cu nestemate,Loto ingioiellato,it
Lotus précieux,Loto ingioiellato,it
Loupež základních předmětů,Furto di componenti,it
Lourde est la couronne,Pesante è la corona,it
Lov pokladů,Caccia al tesoro,it
Lovagi eskü,Voto del cavaliere,it
Lovcův dráp,Artiglio del predatore,it
Luchador,Combattente,it
Lucidité,Mente lucida,it
Lucky Gloves,Guanti fortunati,it
Luden vihara,Tempesta di Luden,it
Luden'in Çığlığı,Tempesta di Luden,it
Luden's Tempest,Tempesta di Luden,it
Ludenova bouře,Tempesta di Luden,it
Ludens Sturm,Tempesta di Luden,it
Luksusowa Subskrypcja,Abbonamento di lusso,it
Lulu,Lulu,it
Lumina stelelor,Astronomo,it
Lunch Money,Soldi per il pranzo,it
Lunetist,Cecchino,it
Lustrzana Osobowość,Personalità speculare,it
Lutador,Combattente,it
Lutador Profissional,Lottatore professionista,it
Luvas da Sorte,Guanti fortunati,it
Luvas do Ladrão,Guanti del ladro,it
Luvas do Pugilista,Guantoni,it
Luvinhas,Muffole,it
Luxury Subscription,Abbonamento di lusso,it
Luxus előfizetés,Abbonamento di lusso,it
Luxus-Abonnement,Abbonamento di lusso,it
Luxusní předplatné,Abbonamento di lusso,it
Lá Chắn Chiến Thuật,Scudo dello stratega,it
Lábrate un camino,Aprire un passaggio,it
Lágrima da Deusa,Lacrima della dea,it
Lágrima de la Diosa,Lacrima della dea,it
Lágrima de la diosa,Lacrima della dea,it
Lágrimas Abundantes,Fiumi di lacrime,it
Lángoló kohó,Forgia incarnata,it
Lâmina Amaldiçoada,Lama maledetta,it
Lâmina Mortal,Lama mortale,it
Lâmina da Fúria de Guinsoo,Furia di Guinsoo,it
Lâminas Fatais,Lame più letali,it
Légion des trois,Legione dei tre,it
Lélek,Anima,it
Lélek embléma,Emblema Anima,it
Lélekparancsnok,Comandante Anima,it
Léčivá oka,Sfere curative,it
Léčivé ozvěny,Echi curativi,it
Lò Rèn Thăng Hoa,Forgia apoteotica,it
Lò Rèn Thần Thoại,Forgia portatile,it
Lò Rèn Tiềm Ẩn,Forgia nascosta,it
Lótus Adornada,Loto ingioiellato,it
Lõi Bình Minh,Nucleo dell'alba,it
Lüks Aboneliği,Abbonamento di lusso,it
Lấy Công Bù Thủ,Cannone di cristallo,it
Lập Đội,Fare squadra,it
Lễ Vật Tái Chế,Dono dell'aggiustatutto,it
Lệ Lưu Ly,Fiumi di lacrime,it
Lệch Chuẩn,Misfits,it
Lồng Đèn Của Thresh,Lanterna di Thresh,it
Lời Thề Hiệp Sĩ,Voto del cavaliere,it
Lời Thề Hộ Vệ,Voto del Protettore,it
Lựa Chọn Độc Quyền,Personalizzazione esclusiva,it
Ma Thuật Đan Kết,Tela magica,it
Ma Trận Mã Độc,Matrice malware,it
Mace's Will,La legge della mazza,it
Maceracının Pazubendi,Parabraccia del cercatore,it
Machadinha Infernal,Accetta infernale,it
Maestro Yi,Master Yi,it
Magasfeszültség,Alta tensione,it
Magasztos kaland,Un'avventura gloriosa,it
Magia Tejida,Tela magica,it
Magia entretejida,Tela magica,it
Magiczny Rzut,Un tiro magico,it
Magie întrepătrunsă,Tela magica,it
Magitechnická puškočepel,Pistola a lame hextech,it
Mailles en or,Il Drago dorato,it
Main de la justice,Mano della giustizia,it
Makeshift Armor,Armatura improvvisata,it
Mal Kurtarma,Raccolta differenziata,it
Malandro Radiante,Canaglia radiosa,it
Maldición del Liche,Terrore dei lich,it
Mali Tytani,Mini Titani,it
Malicious Monetization,Monetizzazione infida,it
Malware Matrix,Matrice malware,it
Malware-Matrix,Matrice malware,it
Malwarová matice,Matrice malware,it
Malá dárková taška,Borsa piccola,it
Malí kámoši,Piccoli alleati,it
Mana magique,Tela magica,it
Manechin de antrenament,Fantoccio di addestramento,it
Manechine animate,Fantocci da crash test,it
Manechinizare,Fantoccificazione,it
Mangual del Guerrero,Mazzafrusto dell'Assaltatore,it
Mangual del guerrero,Mazzafrusto dell'Assaltatore,it
Mangual do Guerreiro,Mazzafrusto dell'Assaltatore,it
Mannequin d'entraînement,Fantoccio di addestramento,it
Mannequinification,Fantoccificazione,it
Mannequins de choc,Fantocci da crash test,it
Mano de la Justicia,Mano della giustizia,it
Mano de la justicia,Mano della giustizia,it
Manopla Adornada,Guanto ingioiellato,it
Manopla do Vazio,Guanto del Vuoto,it
Manteau de Négatron,Mantello di Negatron,it
Manteau de la nuit,Fine della notte,it
Mantenerse unidos,Uniti nelle difficoltà,it
Mantenha a Posição,Tenete la posizione,it
Manter a União,Uniti nelle difficoltà,it
Mantia tacticianului,Mantello dello stratega,it
Mantie Negatron,Mantello di Negatron,it
Mantie solară,Mantello del Sole,it
Manto da Imobilidade,Veste della stabilità,it
Manto de Quietud,Veste della stabilità,it
Manto del Ocaso,Velo costante,it
Mantén la Posición,Tenete la posizione,it
Maokai,Maokai,it
Maratona de Compras,Shopping scatenato,it
Marauder,Predone,it
Marauder Emblem,Emblema del Predone,it
Maraudeur,Predone,it
Marchando un doble,Due volte il valore,it
Mare și amenințătoare,Grande e possente,it
Marguereep,Mippino,it
Marioneta Sombría,Burattino d'ombra,it
Marioneta en las sombras,Burattino d'ombra,it
"Marioneta, to jsem já",Fantoccificazione,it
Marionete das Sombras,Burattino d'ombra,it
Marodeur,Predone,it
Marodeur-Emblem,Emblema del Predone,it
Martalóc,Predone,it
Martalóc embléma,Emblema del Predone,it
Maruderzy,Predone,it
Master Yi,Master Yi,it
Masz Mój Łuk,Hai il mio arco,it
Mata-Gigantes,Uccisore di giganti,it
Matador de Aluguel,Sicario,it
Matrice,Matrice malware,it
Matriz de Malware,Matrice malware,it
Matriz de malware,Matrice malware,it
Matryca Wirusa,Matrice malware,it
Mavi Güçlendirme,Buff blu,it
Max Build,Configurazione massima,it
Maximale Ausrüstung,Configurazione massima,it
May the Fours Be With You,Che il Quattro sia con te,it
Maître Yi,Master Yi,it
Maîtrise de l'artisanat,Creazione artigianale,it
Maîtrise de l'épée de Yasuo,Gioco di lama di Yasuo,it
Mała Torba z Różnościami,Borsa piccola,it
"Małe, Ale Zabójcze","Piccole, ma letali",it
Mech,Mecha,it
Mecha,Mecha,it
Mechanický urychlovač,Acceleratore meccanico,it
Mechanikus gyorsító,Acceleratore meccanico,it
Mechy,Mecha,it
Medailon stimulace,Medaglione diramante,it
Medailónek železných Solari,Medaglione dei Solari di ferro,it
Medalhão Enervante,Medaglione diramante,it
Medalhão dos Solari de Ferro,Medaglione dei Solari di ferro,it
Medalion stimulant,Medaglione diramante,it
Medallón de los Solari,Medaglione dei Solari di ferro,it
Medallón estimulante,Medaglione diramante,it
Mediator,Arbitro,it
Medyum,Convogliatore,it
Medyum Modu,Modalità Convogliatore,it
Meep Cực Tốc,Velocità termipponale,it
Meeple,Amico dei Mippi,it
Meeple Emblem,Emblema dell'Amico dei Mippi,it
Meeple-Emblem,Emblema dell'Amico dei Mippi,it
Meeplo,Amico dei Mippi,it
Meepsie,Mippino,it
Megamecha,Il potente Mech,it
Megamorfosis,Ricombussolatore,it
Megrontott vámpírjogar,Scettro vampirico corrotto,it
Megszálló Zed,Zed Invasore,it
Megtorlás,Rappresaglia,it
Megváltó,Redentore,it
Megéri a várakozást,Valeva la pena aspettare,it
Megújult erő,Secondo fiato,it
Meilleurs amis,Migliori amici,it
Mejora Roja,Buff rosso,it
Mejora azul,Buff blu,it
Mejora roja,Buff rosso,it
Mejores Amigos,Migliori amici,it
Mejores amiguis,Migliori amici,it
Meka,Mecha,it
Mekanik Hızlandırıcı,Acceleratore meccanico,it
Melek Asası,Scettro serafino,it
Melhores Amigos,Migliori amici,it
Mellékhatások,Effetti collaterali,it
Mending Echoes,Echi curativi,it
Mente Despejada,Mente lucida,it
Mente Saturada,Mente confusa,it
Mente Vazia,Mente lucida,it
Mente despejada,Mente lucida,it
Mente saturada,Mente confusa,it
Menší Zrcadlová osobnost,Personalità speculare minore,it
Mercure,Argento vivo,it
Mercúrio,Argento vivo,it
Merită așteptarea,Valeva la pena aspettare,it
Merkezini Bul,Trova il tuo centro,it
Merodeador,Predone,it
Merész húzás,Mosse rischiose,it
Mesada,Soldi per il pranzo,it
Mesterlövész,Cecchino,it
Mesterlövész embléma,Emblema del Cecchino,it
Meu Arco é Seu,Hai il mio arco,it
Meșter de săbii,Fabbricante di spade,it
Meșter de toiege,Fabbricante di bastoni,it
Mi arco a tu servicio,Hai il mio arco,it
Mici titani,Mini Titani,it
Mici și letale,"Piccole, ma letali",it
Micincik,Mippino,it
Micingil,Amico dei Mippi,it
Micingil Amblemi,Emblema dell'Amico dei Mippi,it
Miecz-Pistolet Hextech,Pistola a lame hextech,it
Miecznik,Fabbricante di spade,it
Mieczowy Przesyt,Eccesso di spade,it
Miezul zorilor,Nucleo dell'alba,it
Migoczące Ostrze,Lame rotanti,it
Milagre de Soraka,Miracolo di Soraka,it
Milagro de Soraka,Miracolo di Soraka,it
Milio,Milio,it
Min-Max,Il massimo con il minimo,it
Min-max,Il massimo con il minimo,it
Mindent egyre,Colpire e basta,it
Mini Black Hole,Mini Buco nero,it
Mini Czarna Dziura,Mini Buco nero,it
Mini Kara Delik,Mini Buco nero,it
Mini fekete lyuk,Mini Buco nero,it
Mini gaură neagră,Mini Buco nero,it
Mini trou noir,Mini Buco nero,it
Mini černá díra,Mini Buco nero,it
Mini-Tacticien,Titano minuscolo,it
Miniagujero Negro,Mini Buco nero,it
Miniburaco Negro,Mini Buco nero,it
Minik Ama Ölümcül,"Piccole, ma letali",it
Minik Devler,Mini Titani,it
Minik Dostlar,Piccoli alleati,it
Minititanes,Mini Titani,it
Minititã,Titano minuscolo,it
Minte aglomerată,Mente confusa,it
Minte limpede,Mente lucida,it
Mip,Amico dei Mippi,it
Mipim,Mippino,it
Miplík,Amico dei Mippi,it
Mipo,Amico dei Mippi,it
Mipík,Mippino,it
Mira Óptica,Ottica a puntamento assistito,it
Miracle de Soraka,Miracolo di Soraka,it
Miracolul Sorakăi,Miracolo di Soraka,it
Mirrored Persona,Personalità speculare,it
Misfits,Misfits,it
Misiune în acțiune,Riavvia missione,it
Miss Fortune,Miss Fortune,it
Missed Connections,Coincidenze perse,it
Mistr Yi,Master Yi,it
Mitones,Muffole,it
Mittens,Muffole,it
Mniejsza Lustrzana Osobowość,Personalità speculare minore,it
Mniejszy Tytan,Titano minuscolo,it
Mobilidade Crescente,Mobilità aumentata,it
Mocný mech,Il potente Mech,it
Mode Canalisateur,Modalità Convogliatore,it
Mode Challenger,Modalità sfidante,it
Mode Réplicateur,Modalità replicante,it
Modo Canalizador,Modalità Convogliatore,it
Modo Conduíte,Modalità Convogliatore,it
Modo Desafiante,Modalità sfidante,it
Modo Replicador,Modalità replicante,it
Modo Retador,Modalità sfidante,it
Modo conducto,Modalità Convogliatore,it
Modo contienda,Modalità sfidante,it
Modo réplica,Modalità replicante,it
Modrý buff,Buff blu,it
Modul de competitor,Modalità sfidante,it
Modul de intermediar,Modalità Convogliatore,it
Modul de replicator,Modalità replicante,it
Mon arc est vôtre,Hai il mio arco,it
Monetización Maligna,Monetizzazione infida,it
Monetización malvada,Monetizzazione infida,it
Monetizare ostilă,Monetizzazione infida,it
Monetização Maliciosa,Monetizzazione infida,it
Money Hungry,Fame di denaro,it
Money Monsoon,Monsoni sonanti,it
Monte um Amigo,Amico fai-da-te,it
Monzón Millonario,Monsoni sonanti,it
Monzón de oro,Monsoni sonanti,it
Monção Monetária,Monsoni sonanti,it
Monétisation malveillante,Monetizzazione infida,it
Mordekaiser,Mordekaiser,it
Morellonomicon,Morellonomicon,it
Morellonomicón,Morellonomicon,it
Morellonomikon,Morellonomicon,it
Morgana,Morgana,it
Mortaja de la quietud,Velo costante,it
Moufles,Muffole,it
Movimentos Arriscados,Mosse rischiose,it
Mroczna Dama,Signora Oscura,it
Mroczne Gwiazdy,Stella Oscura,it
Mudando de Área,Su tutti i fronti,it
Muhafızın Adağı,Voto del Protettore,it
Muhteşem Meka,Il potente Mech,it
Muson de bani,Monsoni sonanti,it
Mutări riscante,Mosse rischiose,it
Muñeco de Entrenamiento,Fantoccio di addestramento,it
Muñecos de Prueba para Choques,Fantocci da crash test,it
Mučedníkova ctnost,Virtù del martire,it
Myślenie Przyszłościowe,Lungimiranza,it
Mártírerény,Virtù del martire,it
Másolás,Replica,it
Másoló,Replicante,it
Másoló mód,Modalità replicante,it
Máy Móc,Mecha,it
Máš můj luk,Hai il mio arco,it
Mâna justiției,Mano della giustizia,it
Mão da Justiça,Mano della giustizia,it
Médaillon d'excitation,Medaglione diramante,it
Médaillon de l'Iron Solari,Medaglione dei Solari di ferro,it
Mételyékkő,Gioiello della rovina,it
Mínimo - Máximo,Il massimo con il minimo,it
Mínimo/Máximo,Il massimo con il minimo,it
Mírně magický hod,Tiro lievemente magico,it
Món Quà Ngọt Ngào,Dolci,it
Móng Vuốt Sterak,Pegno di Sterak,it
Móng Vuốt Ám Muội,Artiglio del predatore,it
Mögen die Vier mit dir sein,Che il Quattro sia con te,it
Mücevherli Eldiven,Guanto ingioiellato,it
Mücevherli Nilüfer,Loto ingioiellato,it
Müdafi,Bastione,it
Müdafi Amblemi,Emblema del Bastione,it
Mănușa Vidului,Guanto del Vuoto,it
Mănușa cu nestemate,Guanto ingioiellato,it
Mănuși de antrenament,Guantoni,it
Mănuși norocoase,Guanti fortunati,it
Mănuși strașnice,Muffole,it
Mănușile tâlharului,Guanti del ladro,it
Mărimea contează,Le dimensioni contano,it
Mũ Phù Thủy Rabadon,Copricapo di Rabadon,it
Mũ Thích Nghi,Elmo adattivo,it
Mũ Tử Thần,Cappelli più letali,it
"Một Bùa, Hai Bùa","Un buff, due buff",it
Một Hai Ba,Un due tre,it
"Một, Hai, Năm!","Uno, due, cinque!",it
Mở Lối,Aprire un passaggio,it
N.O.V.A,N.O.V.A.,it
N.O.V.A.,N.O.V.A.,it
N.O.V.A. Amblemi,Emblema N.O.V.A.,it
N.O.V.A. Emblem,Emblema N.O.V.A.,it
N.O.V.A. embléma,Emblema N.O.V.A.,it
N.O.V.A. 상징,Emblema N.O.V.A.,it
N.O.V.A.-Emblem,Emblema N.O.V.A.,it
N.O.V.A.の紋章,Emblema N.O.V.A.,it
N.O.V.A.徽章,Emblema N.O.V.A.,it
NHẮM MẮT CHƠI BỪA,NÉ ESPLORATORE NÉ STRATEGA,it
NO SCOUT NO PIVOT,NÉ ESPLORATORE NÉ STRATEGA,it
Na velikosti záleží,Le dimensioni contano,it
Nach dem Himmel greifen,Su verso il cielo,it
Nada Się,Non proprio inutile,it
Nagy zsákbamacska,Borsa grande,it
Nagy ölelés I.,Abbraccio di gruppo,it
Najdi své těžiště,Trova il tuo centro,it
Najeźdźca Zed,Zed Invasore,it
Najlepsi Przyjaciele,Migliori amici,it
Nami,Nami,it
Nanh Nashor,Dente di Nashor,it
Naptűz köpeny,Mantello del Sole,it
Naptűz tábla,Plancia del Sole,it
Naramiennik Poszukiwacza,Parabraccia del cercatore,it
Narozeninové setkání,Ritrovo di compleanno,it
Narratív védelem,Protezione di trama,it
Narušitel Zed,Zed Invasore,it
Nashor foga,Dente di Nashor,it
Nashor's Tooth,Dente di Nashor,it
Nashor'un Dişi,Dente di Nashor,it
Nashors Zahn,Dente di Nashor,it
Nashorův tesák,Dente di Nashor,it
Nasus,Nasus,it
Naszyjnik Żelaznych Solari,Medaglione dei Solari di ferro,it
Nawałnica Luden,Tempesta di Luden,it
Ne Pahasına?,A quale prezzo,it
Nebenwirkungen,Effetti collaterali,it
Needlessly Large Rod,Bastone colossale,it
Negatron Cloak,Mantello di Negatron,it
Negatron Pelerini,Mantello di Negatron,it
Negatron palást,Mantello di Negatron,it
Negatron-Mantel,Mantello di Negatron,it
Negatronový plášť,Mantello di Negatron,it
Nehéz a korona,Pesante è la corona,it
Nejlepší přátelé,Migliori amici,it
Nejtitěrnější titán,Titano minuscolo,it
Nekonečné zoufalství,Disperazione eterna,it
Nenasytnost,Fame di denaro,it
Neodvolatelná volba,Scommessa rischiosa,it
Neopotřebovaný,Nuovo di zecca,it
Neue Stufe!,Aumento di livello!,it
Neuer Rekrut,Nuova recluta,it
Nevybíravý zabiják,Uccisore indiscriminato,it
New Recruit,Nuova recluta,it
Nezdolný,Superstite,it
Nezdolný,L'indomabile,it
Nezlomné srdce,Cuor saldo,it
Neînduplecare,L'indomabile,it
Nghĩ Về Tương Lai,Lungimiranza,it
Người Bạn Vàng,Costruisci un Compagno,it
Người Đá,Golem,it
Ngọn Giáo Shojin,Lancia di Shojin,it
Ngọn Gió Thứ Hai,Secondo fiato,it
Nhà Máy Tái Chế,Raccolta differenziata,it
Nhân Bản,Replicante,it
Nhân Bản,Replica,it
Nhất Thống,Uniti nelle difficoltà,it
Nhỏ Mà Có Võ,"Piccole, ma letali",it
Những Người Bạn Nhỏ,Piccoli alleati,it
Nicht nachlassen,Tenete la posizione,it
Niebieskie Wzmocnienie,Buff blu,it
Niech Czwórki Będą z Tobą,Che il Quattro sia con te,it
Nieprzerwane Przywołanie,Evocazione continua,it
Nieskończona Rozpacz,Disperazione eterna,it
Niezłomne Serce,Cuor saldo,it
Niezłomność,L'indomabile,it
Niveau supérieur !,Aumento di livello!,it
Niveles en solitario,Aumento di livello in solitaria,it
Nivelul următor!,Aumento di livello!,it
Ničitel času,Spezzatempo,it
Nişancı Yayı,Arco ricurvo,it
No nos Separamos,Restiamo uniti,it
Nos mantenemos unidos,Restiamo uniti,it
Notfallbögen,Archi da supporto,it
Nouveau départ,Riavvia missione,it
Nouvelle recrue,Nuova recluta,it
Nouzová,Speranza perduta,it
Novo Nível!,Aumento di livello!,it
Novo Recruta,Nuova recluta,it
Novo de Fábrica,Nuovo di zecca,it
Nová úroveň!,Aumento di livello!,it
Nový rekrut,Nuova recluta,it
Nowy Rekrut,Nuova recluta,it
Nuevecito,Nuovo di zecca,it
Nuevo Recluta,Nuova recluta,it
Nuevo de Fábrica,Nuovo di zecca,it
Nuevo recluta,Nuova recluta,it
Nunu & Willump,Nunu e Willump,it
Nunu a Willump,Nunu e Willump,it
Nunu et Willump,Nunu e Willump,it
Nunu i Willump,Nunu e Willump,it
Nunu ve Willump,Nunu e Willump,it
Nunu y Willump,Nunu e Willump,it
Nunu és Willump,Nunu e Willump,it
Nunu și Willump,Nunu e Willump,it
NÃO PIVOTO,NÉ ESPLORATORE NÉ STRATEGA,it
Nájemný zabiják,Sicario,it
Nákupní horečka,Shopping scatenato,it
Nálož atributů!,Pioggia di statistiche!,it
Nástup,Formazione,it
Nâng Tầm Uy Lực,Potere dell'Impianto,it
Négységben az erő,In quattro e quattr'otto,it
Núcleo Comercial,Fulcro del commercio,it
Núcleo comercial,Fulcro del commercio,it
Núcleo de Negócios,Fulcro del commercio,it
Născut înțelept,Cucchiaio d'argento,it
Nước Cappa,Succo Cappa,it
Nước Mắt Nữ Thần,Lacrima della dea,it
Nước Đi Liều Lĩnh,Mosse rischiose,it
Nếm Mùi Lửa,Alimentare le fiamme,it
Nỏ Sét,Scintilla ionica,it
O Big Bang,Big Bang,it
O Ovo Dourado,L'uovo dorato,it
O aventură triumfătoare,Un'avventura gloriosa,it
Obchodní sektor,Settore dello scambio,it
Obiectele Pandorei,Oggetti di Pandora,it
Objetivización de práctica,Fantoccificazione,it
Objetivo de práctica,Fantoccio di addestramento,it
Objetos de Pandora,Oggetti di Pandora,it
Objets blindés,Dolci,it
Objets de Pandore,Oggetti di Pandora,it
Oblicze Ducha,Corazza spirituale,it
Obracečka,Spatola,it
Obrońca Korony,Corona reale,it
Obrońcy,Avanguardia,it
Obrův opasek,Cintura del gigante,it
Obserwatorzy Gwiazd,Astronomo,it
Obsesia lui Varus,Ossessione di Varus,it
Obsesión de Varus,Ossessione di Varus,it
Obsesja Varusa,Ossessione di Varus,it
Obsession de Varus,Ossessione di Varus,it
Obsessão de Varus,Ossessione di Varus,it
Obstinación,NÉ ESPLORATORE NÉ STRATEGA,it
Obstination,NÉ ESPLORATORE NÉ STRATEGA,it
Obumarły Relikt,Reliquia appassita,it
Obyczajówka,Spaccato di vita,it
Ocalały,Superstite,it
Ocağı Harla,Forgia nascosta,it
Ochrana nekonečna,Protezione infinita,it
Ochranný val,Baluardo,it
Ochrona Nieskończoności,Protezione infinita,it
Ochráncův slib,Voto del Protettore,it
Ociosidade,AFK,it
Oczekiwane Nieoczekiwanie,L'atteso inaspettato,it
Océan de larmes,Fiumi di lacrime,it
Odaklı Ateş,Fuoco concentrato,it
Odkupiciel,Redentore,it
Odkupienie,Rappresaglia,it
Odnajdź Równowagę,Trova il tuo centro,it
Odolná dvojka,Doppia resistenza,it
Odpadlík,Bandito,it
Odplata,Rappresaglia,it
Odražení ode dna,Storia di una rimonta,it
Odrzutki,Misfits,it
Odstřelovač,Cecchino,it
Odświeżanie na Zapas,Cambio eterno,it
Oferenda de Sangue,Sacrificio cruento,it
Offrande sanguinaire,Sacrificio cruento,it
Ofiara z Krwi,Sacrificio cruento,it
Ofrandă de sânge,Sacrificio cruento,it
Ofrenda de Sangre,Sacrificio cruento,it
Ofrenda de sangre,Sacrificio cruento,it
Ognista Armata,Archibugio a ripetizione,it
Ohnivý výprodej,Saldi imperdibili,it
Okos költekezés,Spesa oculata,it
On a Roll,Giù come birilli,it
Onda Espacial,Ritmo Spaziale,it
Onda espacial,Ritmo Spaziale,it
"One Buff, Two Buff","Un buff, due buff",it
One Two Three,Un due tre,it
"One, Two, Five!","Uno, due, cinque!",it
Onoarea războinicului,L'onore del Signore della guerra,it
Opatrovníkův spojenec,Alleato del custode,it
Oprýskaná relikvie,Reliquia appassita,it
Optică de fixare a țintei,Ottica a puntamento assistito,it
Optimisation optimisée,Potere dell'Impianto,it
Optique de verrouillage,Ottica a puntamento assistito,it
Optyka Namierzająca,Ottica a puntamento assistito,it
Optymalnie,Il massimo con il minimo,it
Opóźniona Kuźnia,Forgia nascosta,it
Oracle,Oracolo,it
Oracol,Oracolo,it
Orakel,Oracolo,it
Orbes Curativos,Sfere curative,it
Orbes curativos,Sfere curative,it
Orbes de curación,Sfere curative,it
Orbes de soins,Sfere curative,it
Ornn,Ornn,it
Oráculo,Oracolo,it
Osiłki,Combattente,it
Ostatni Szept,Sussurro fatale,it
Ostnatá vesta,Corpetto di rovi,it
Ostoja,Baluardo,it
Ostrze Gniewu Guinsoo,Furia di Guinsoo,it
Ostrze Nieskończoności,Frammento d'infinito,it
Ostrze Nocy,Fine della notte,it
Ostrze Śmierci,Lama mortale,it
Ostří nekonečna,Frammento d'infinito,it
Otimização,Il massimo con il minimo,it
Otisk duše,Corazza spirituale,it
Oul de aur,L'uovo dorato,it
Očekávaná neočekávanost,L'atteso inaspettato,it
Oštěp Šódžinu,Lancia di Shojin,it
Oțel aurit,Acciaio brillante,it
P'tits titans,Mini Titani,it
Pachet de amplificare,Bustina,it
Pachet de îngrijire,Pacchetto di aiuti,it
Paciencia de Ekko,Pazienza di Ekko,it
Paciência de Ekko,Pazienza di Ekko,it
Pacote de Reforço,Bustina,it
Pacote de Suprimentos,Pacchetto di aiuti,it
Pact etern,Patto eterno,it
Pacte éternel,Patto eterno,it
Pacto Eterno,Patto eterno,it
Pacto eterno,Patto eterno,it
Paczka Wsparcia,Pacchetto di aiuti,it
Paff!,Bonk!,it
Palier 1,Coincidenze perse,it
Palčáky,Muffole,it
Panda de ladrones,Banda di ladri,it
Panda de ladrones II,Banda di ladri II,it
Pandora kispadja,Panca di Pandora,it
Pandora tárgyai II.,Oggetti di Pandora,it
Pandora'nın Eşyaları,Oggetti di Pandora,it
Pandora'nın Yedekleri,Panca di Pandora,it
Pandora's Bench,Panca di Pandora,it
Pandora's Items,Oggetti di Pandora,it
Pandoras Bank,Panca di Pandora,it
Pandoras Gegenstände,Oggetti di Pandora,it
Pandořina střídačka,Panca di Pandora,it
Pandořiny předměty,Oggetti di Pandora,it
Pantheon,Pantheon,it
Panzerwalküre,Dea delle Armi,it
Paquete de Cuidados,Pacchetto di aiuti,it
Paquete de Mejora,Bustina,it
Paquete de mejora,Bustina,it
Par ici l'XP,Cucchiaio d'argento,it
Paragöz,Fame di denaro,it
Parancsnok,Comandante,it
Parceria,Fare squadra,it
Pariu de aur,Scommessa dorata,it
Pariu pe viitor,Andare per le lunghe,it
Pariul lui Urf,Azzardo di Urf,it
Parlakpul Özü,Essenza Scaglialucida,it
Partage emblématique,Restiamo uniti,it
Parti Patisi,Animale da festa,it
Partial Ascension,Ascensione parziale,it
Partiállat,Animale da festa,it
Party Animal,Animale da festa,it
Partytiger,Animale da festa,it
Pas Giganta,Cintura del gigante,it
Pas le choix,A quale prezzo,it
Pasowy Przesyt,Eccesso di cinture,it
Pasterze,Pastore,it
Pastor,Pastore,it
Pastýř,Pastore,it
Patelnia,Padella,it
Patience,Farmare l'aura,it
Patience d'Ekko,Pazienza di Ekko,it
Patience is a Virtue,La pazienza è una virtù,it
Patient Study,Studio paziente,it
Patientenstudie,Studio paziente,it
Patru de partea ta,Che il Quattro sia con te,it
Pavois,Baluardo,it
Pařmen,Animale da festa,it
Pe val,Giù come birilli,it
Pedeapsă,Rappresaglia,it
Peleador,Combattente,it
Peleryna Taktyka,Mantello dello stratega,it
Pensamiento progresista,Lungimiranza,it
Pensando no Futuro,Lungimiranza,it
Pensar a Futuro,Lungimiranza,it
Peníze na oběd,Soldi per il pranzo,it
"Pequenas, Mas Letais","Piccole, ma letali",it
Pequenos Titãs,Mini Titani,it
Pequeño Titán,Titano minuscolo,it
Pequeño pero mortífero,"Piccole, ma letali",it
Pequeños pero matones,"Piccole, ma letali",it
Perdición del liche,Terrore dei lich,it
Perdição de Lich,Terrore dei lich,it
Pergamino ligeramente mágico,Tiro lievemente magico,it
Pergamino mágico,Un tiro magico,it
Persona Espelhada,Personalità speculare,it
Persona Espelhada Inferior,Personalità speculare minore,it
Persona en Espejo,Personalità speculare,it
Persona en Espejo menor,Personalità speculare minore,it
Personalitate în oglindă,Personalità speculare,it
Personalitate în oglindă minoră,Personalità speculare minore,it
Personalización exclusiva,Personalizzazione esclusiva,it
Personalizare exclusivă,Personalizzazione esclusiva,it
Personalização Exclusiva,Personalizzazione esclusiva,it
Personnalité miroir,Personalità speculare,it
Personnalité miroir mineure,Personalità speculare minore,it
Perszónatükör,Personalità speculare,it
Pesada es la Corona,Pesante è la corona,it
Pesada é a Coroa,Pesante è la corona,it
Pescando cumplidos,Farmare l'aura,it
Pesimist,Catastrofista,it
Pestjuwel,Gioiello della rovina,it
Pestrá sebranka,Misfits,it
Petit sac de butin,Borsa piccola,it
Petits mais costauds,"Piccole, ma letali",it
Petrecăreț,Animale da festa,it
Pevná linie,Tenete la posizione,it
Pevné opasky,Eccesso di cinture,it
Pečlivé ladění,Il massimo con il minimo,it
Pfannenwender,Spatola,it
Phi Vụ Trang Bị,Furto di componenti,it
Phong Kiếm,Zefiro,it
Pháo Xương Cá,Fishbones,it
Phân Nhánh,Su tutti i fronti,it
Phép Màu Của Soraka,Miracolo di Soraka,it
Phóng Hỏa,Plancia del Sole,it
Phản Ứng Phụ,Effetti collaterali,it
Piekielny Toporek,Accetta infernale,it
Pieniążki na Obiad,Soldi per il pranzo,it
Pierdere calculată,Perdite calcolate,it
Pile ou face,Scommessa dorata,it
Pilfer,Furtarello,it
Pillín radiante,Canaglia radiosa,it
Pistola Laminar Hextec,Pistola a lame hextech,it
Pistolame Hextech,Pistola a lame hextech,it
Pisztolyistennő,Dea delle Armi,it
Placa Gargolítica,Lastrapietra del gargoyle,it
Placa Solo,Corazza singola,it
Plan de viitor,Lungimiranza,it
Planlı Mağlubiyet,Perdite calcolate,it
Plano de Línea Trasera,Schema della retroguardia,it
Plano de retaguardia,Schema della retroguardia,it
Plateau solaire,Plancia del Sole,it
Platoșa garguiului,Lastrapietra del gargoyle,it
Platoșă unică,Corazza singola,it
Plecat de la tastatură,AFK,it
Plemienna Zbroja,Armatura di Warmog,it
Plocha slunečního žáru,Plancia del Sole,it
Plot Armor,Protezione di trama,it
Pluie d'argent,Monsoni sonanti,it
Plán pro zadní řadu,Schema della retroguardia,it
Plášť slunečního žáru,Mantello del Sole,it
Po Prostu Traf,Colpire e basta,it
Pocalul puterii,Calice del potere,it
Podatek Poznawczy,Tributo cognitivo,it
Podejrzany Płaszcz,Impermeabile sospetto,it
Poder Aprimorado,Potere dell'Impianto,it
Poder Mejorado,Potere dell'Impianto,it
Poder mejorado,Potere dell'Impianto,it
Poderoso Mech,Il potente Mech,it
Podezřelý pršiplášť,Impermeabile sospetto,it
Podpůrný implantát,Impianto empatico,it
Podróżnicy,Viaggiatore,it
Podstawy Boksu,Lezioni di pugilato,it
Podsycenie Płomieni,Alimentare le fiamme,it
Podwójna Wytrzymałość,Doppia resistenza,it
Podziel Się Uwagą Yasuo,Ribalta condivisa di Yasuo,it
Pofuduk Eldiven,Muffole,it
Pogromca Olbrzymów,Uccisore di giganti,it
Pohodový život,Spaccato di vita,it
Pohár moci,Calice del potere,it
Poignard de Statikk,Pugnale di Statikk,it
Poiscaille,Fishbones,it
Pojemnik na Złom,Raccolta differenziata,it
Pokoli csatabárd,Accetta infernale,it
Pokročilá půjčka,Finanziamento,it
Polovodič,Semiconduttore,it
Polowanie na Skarb,Caccia al tesoro,it
Poppy,Poppy,it
Porcelanowe Działo,Cannone di cristallo,it
Pornire rapidă,Messa in moto,it
Porque yo lo valgo,Non proprio inutile,it
Portable Forge,Forgia portatile,it
Portail de Zz'Rot,Portale Zz'Rot,it
Portal Zz'Rot,Portale Zz'Rot,it
Portal Zz'rot,Portale Zz'Rot,it
Portal de Zz'Rot,Portale Zz'Rot,it
Portál Zz'Rotu,Portale Zz'Rot,it
Posición defensiva,Tenete la posizione,it
Posilovací balíček,Bustina,it
Poslední zašeptání,Sussurro fatale,it
Postav si kámoše,Amico fai-da-te,it
Posępny Herold Zeke'a,Tetro araldo di Zeke,it
Potok slz,Fiumi di lacrime,it
Potężny Mech,Il potente Mech,it
Poutník,Viaggiatore,it
Povara coroanei,Pesante è la corona,it
Povestea revenirii,Storia di una rimonta,it
Pozlacená ocel,Acciaio brillante,it
Poznawcze Przeciążenie,Sovraccarico cognitivo,it
Poznaș radiant,Canaglia radiosa,it
Pozłacana Stal,Acciaio brillante,it
Poêle à frire,Padella,it
Požehnaný bohy,Benedetto dagli dei,it
Prapůvodní,Primordiano,it
Precio Sangriento,Pegno di sangue,it
Precio sangriento,Pegno di sangue,it
Precisión infalible,Concentrazione dell'orizzonte,it
Preiskämpfer,Lottatore professionista,it
Première ligne,Formazione,it
Presente de Aniversário,Regalo di compleanno,it
Preservador de Biomateria,Conservatore di biomateria,it
Preservador de Biomatéria,Conservatore di biomateria,it
Preservador de biomateria,Conservatore di biomateria,it
Pretendenci,Sfidante,it
Prezent Urodzinowy,Regalo di compleanno,it
Preço em Sangue,Pegno di sangue,it
Prețul sângelui,Pegno di sangue,it
Prieteni micuți,Piccoli alleati,it
Primeras Lecciones,Primi insegnamenti,it
Primordia'lı,Primordiano,it
Primordia'lı Amblemi,Emblema del Primordiano,it
Primordiai,Primordiano,it
Primordiai embléma,Emblema del Primordiano,it
Primordian,Primordiano,it
Primordian Emblem,Emblema del Primordiano,it
Primordianer,Primordiano,it
Primordianer-Emblem,Emblema del Primordiano,it
Primordianie,Primordiano,it
Primordien,Primordiano,it
Prismatic Ticket,Biglietto prismatico,it
Prismatisches Ticket,Biglietto prismatico,it
Prizefighter,Lottatore professionista,it
Prizmatik Bilet,Biglietto prismatico,it
Proaspăt fabricat,Nuovo di zecca,it
Probuzení duše,Risveglio dell'anima,it
Progresión en el juego tardío,Crescita a fine partita,it
Progresión final,Crescita a fine partita,it
Projeto da Retaguarda,Schema della retroguardia,it
Prokletá koruna,Corona maledetta,it
Prokleté ostří,Lama maledetta,it
Promesa de caballero,Voto del cavaliere,it
Promesa del Caballero,Voto del cavaliere,it
Promesa del protector,Voto del Protettore,it
Promoção de Cintos,Eccesso di cinture,it
Promoção de Espadas,Eccesso di spade,it
Promoção de Varinhas,Eccesso di bacchette,it
Promyšlená prohra,Perdite calcolate,it
Prosekání cesty,Aprire un passaggio,it
Prostředník,Convogliatore,it
Protagonista Nigdy Nie Umiera,Protezione di trama,it
Protección del Infinito,Protezione infinita,it
Protección en solitario,Corazza singola,it
Protección infinita,Protezione infinita,it
Protection infinie,Protezione infinita,it
Protector pétreo de gárgola,Lastrapietra del gargoyle,it
Protector's Vow,Voto del Protettore,it
Protecția infinitului,Protezione infinita,it
Protecție universală,Protezione di trama,it
Proteção Imutável,Velo costante,it
Proteção do Infinito,Protezione infinita,it
Protège-bras du savant,Parabraccia del cercatore,it
Provisiones,Pacchetto di aiuti,it
Provizorní zbroj,Armatura improvvisata,it
Prowler's Claw,Artiglio del predatore,it
Prozíravost,Lungimiranza,it
Pryzmatyczny Bilet,Biglietto prismatico,it
Przebudzenie Duszy,Risveglio dell'anima,it
Przedmioty Pandory,Oggetti di Pandora,it
Przekaźnik,Convogliatore,it
Przeklęta Korona,Corona maledetta,it
Przeklęte Ostrze,Lama maledetta,it
Przeniesienie Ładunku,Trasferimento carica,it
Przenośna Kuźnia,Forgia portatile,it
Przodownicy Składu,Formazione,it
Przysięga Rycerska,Voto del cavaliere,it
Préstamo Anticipado,Finanziamento,it
Préstamo avanzado,Finanziamento,it
Prêt anticipé,Finanziamento,it
Prędkość Meepa,Velocità termipponale,it
Psionic,Psionico,it
Psionic Emblem,Emblema Psionico,it
Psioniczni,Psionico,it
Psionik,Psionico,it
Psionik Amblemi,Emblema Psionico,it
Psionique,Psionico,it
Psionisch,Psionico,it
Psionisch-Emblem,Emblema Psionico,it
Psiónico,Psionico,it
Psiônico,Psionico,it
Pszionikus,Psionico,it
Pszionikus embléma,Emblema Psionico,it
Puchar Potęgi,Calice del potere,it
Puissance 4,In quattro e quattr'otto,it
Pulsar sombre,Stella Oscura,it
Punguța lui Urf,Borsa di Urf,it
Punguță cu obiecte surpriză,Borsa degli oggetti,it
Punguță eroică,Borsa eroica,it
Punguță mare,Borsa grande,it
Punguță mică,Borsa piccola,it
Puppifizierung,Fantoccificazione,it
Putere augmentată,Potere dell'Impianto,it
"Puternic, dar fragil",Cannone di cristallo,it
Puñal de Statikk,Pugnale di Statikk,it
Pușcă cu baionetă hextech,Pistola a lame hextech,it
Pyke,Pyke,it
Pálcaszállítmány,Eccesso di bacchette,it
Páros várólista,Coda in duo,it
Pásztor,Pastore,it
Pásztor embléma,Emblema del Pastore,it
Pénzes persely,Conto dei risparmi,it
Pénzmonszun,Monsoni sonanti,it
Pénzéhes,Fame di denaro,it
Pérdida Calculada,Perdite calcolate,it
Pérdida calculada,Perdite calcolate,it
Pícaro,Bandito,it
Półprzewodnik,Semiconduttore,it
Pălăria malefică a lui Rabadon,Copricapo di Rabadon,it
Pălării mai letale,Cappelli più letali,it
Păpușa din umbră,Burattino d'ombra,it
Păstor,Pastore,it
Pěstnice Prázdnoty,Guanto del Vuoto,it
Płaszcz Negacji,Mantello di Negatron,it
Płynące Łzy,Fiumi di lacrime,it
Přebytek holí,Eccesso di bacchette,it
Přebytek mečů,Eccesso di spade,it
Předplacená služba,Servizio ad abbonamento,it
Předvoj,Avanguardia,it
Přelom noci,Fine della notte,it
Přenos náboje,Trasferimento carica,it
Přenosná kovárna,Forgia portatile,it
Přizpůsobivá přilba,Elmo adattivo,it
Přízračná šavle,Sciabola spettrale,it
Quang Lân Tiểu Yêu,Canaglia radiosa,it
Quatre cents coups,Che il Quattro sia con te,it
Quay Trúng Thưởng,Tiro lievemente magico,it
Que los Cuatros te Acompañen,Che il Quattro sia con te,it
Que los cuatros te acompañen,Che il Quattro sia con te,it
Que os Quatros Estejam com Você,Che il Quattro sia con te,it
Quecksilber,Argento vivo,it
Quem Espera Sempre Alcança,La pazienza è una virtù,it
Question de taille,Le dimensioni contano,it
Quicksilver,Argento vivo,it
Quyền Năng Khổng Lồ,Determinazione del titano,it
Quyền Trượng Thiên Thần,Scettro dell'arcangelo,it
Quyền Trượng Thánh Quang,Virtù del martire,it
Quà Sinh Nhật,Regalo di compleanno,it
Quá Tải Tư Duy,Sovraccarico cognitivo,it
Quân Đoàn 3 Sao,Legione dei tre,it
Quỷ Thư Morello,Morellonomicon,it
Quỹ Phòng Hộ,Fondo speculativo,it
Rabadon halálsüvege,Copricapo di Rabadon,it
Rabadon's Deathcap,Copricapo di Rabadon,it
Rabadon'un Şapkası,Copricapo di Rabadon,it
Rabadons Todeshaube,Copricapo di Rabadon,it
Rabadonův smrtící klobouk,Copricapo di Rabadon,it
Radiant Rascal,Canaglia radiosa,it
Raffinierte Herstellung,Creazione artigianale,it
Rakeťák,Fishbones,it
Ramificación,Su tutti i fronti,it
Ramificare,Su tutti i fronti,it
Ramię w Ramię,Restiamo uniti,it
Rammus,Rammus,it
Rapid Firecannon,Archibugio a ripetizione,it
Rasga-tempo,Spezzatempo,it
Raufbold,Combattente,it
Raufbold-Emblem,Emblema del Combattente,it
Ravitaillement,Pacchetto di aiuti,it
"Raz, Dwa, Pięć!","Uno, due, cinque!",it
"Raz, Dwa, Trzy",Un due tre,it
"Raz, dva, pět!","Uno, due, cinque!",it
Raíces Propagadoras,Radici diffuse,it
Raíces expansivas,Radici diffuse,it
Raízes Alastradas,Radici diffuse,it
Rdzeń Handlu,Fulcro del commercio,it
Rdzeń Świtu,Nucleo dell'alba,it
Reach for the Stars,Su verso il cielo,it
Rebel,Bandito,it
Rebelle,Bandito,it
Recombobulador,Ricombussolatore,it
Recombobulateur,Ricombussolatore,it
Recombobulator,Ricombussolatore,it
Recomeçar Missão,Riavvia missione,it
Recomeço Cósmico,Riavvio cosmico,it
Recrut nou,Nuova recluta,it
Recursos de Ferro,Risorse ferrose,it
Recursos de Hierro,Risorse ferrose,it
Recursos de hierro,Risorse ferrose,it
Recurve Bow,Arco ricurvo,it
Recyclingtonne,Raccolta differenziata,it
Recyklátor,Raccolta differenziata,it
Red Buff,Buff rosso,it
Redeemer,Redentore,it
Redentor,Redentore,it
Redentora,Redentore,it
Reducere fulger,Saldi imperdibili,it
Reflexní luk,Arco ricurvo,it
Reflexíj,Arco ricurvo,it
Regalo de cumpleaños,Regalo di compleanno,it
Regiaguardia,Corona reale,it
ReinFOURcement,In quattro e quattr'otto,it
Reiniciar Misión,Riavvia missione,it
Reinicio Cósmico,Riavvio cosmico,it
Reinicio cósmico,Riavvio cosmico,it
Reinicio de misión,Riavvia missione,it
Rek'Sai,Rek'Sai,it
Rekombinator,Ricombussolatore,it
Rekombobulator,Ricombussolatore,it
Rekombobulátor,Ricombussolatore,it
Rekursivbogen,Arco ricurvo,it
Relances régulières,Fulcro del commercio,it
Relances épiques,Cambio epico,it
Relances étoilées,Giù come birilli,it
Relato de un regreso,Storia di una rimonta,it
Relicario Enervante,Medaglione diramante,it
Relicario de los Solari de Hierro,Medaglione dei Solari di ferro,it
Relicva ofilită,Reliquia appassita,it
Relique flétrie,Reliquia appassita,it
Reliquia Marchita,Reliquia appassita,it
Reliquia marchita,Reliquia appassita,it
Relíquia Definhada,Reliquia appassita,it
Rendelkezz az íjammal,Hai il mio arco,it
Repaire du baron,Tana del Barone,it
Replicador,Replicante,it
Replication,Replica,it
Replicator,Replicante,it
Replicator Mode,Modalità replicante,it
Replicação,Replica,it
Replikace,Replica,it
Replikacja,Replica,it
Replikacı,Replicante,it
Replikacı Modu,Modalità replicante,it
Replikator,Replicante,it
Replikator-Modus,Modalità replicante,it
Replikatorzy,Replicante,it
Replikační režim,Modalità replicante,it
Replikátor,Replicante,it
Repornire cosmică,Riavvio cosmico,it
Reproducere,Replica,it
Rerroleo Épico,Cambio epico,it
Reserva de Pandora,Panca di Pandora,it
Resolución titánica,Determinazione del titano,it
Restart Misji,Riavvia missione,it
Restart Mission,Riavvia missione,it
Restartování mise,Riavvia missione,it
Retador,Sfidante,it
Retribución,Rappresaglia,it
Retribution,Rappresaglia,it
Reuniune aniversară,Ritrovo di compleanno,it
Reunión cumpleañera,Ritrovo di compleanno,it
Reunión de Cumpleaños,Ritrovo di compleanno,it
Reviravolta,Storia di una rimonta,it
Rezistența din prima linie,Tenete la posizione,it
Reîncărcare relativ magică,Tiro lievemente magico,it
Reîncărcări epice,Cambio epico,it
Reîncărcări la grămadă,Cambio eterno,it
Režim Prostředník,Modalità Convogliatore,it
Rhaast,Rhaast,it
Riesenschlächter,Uccisore di giganti,it
Riesenschwert,M.C. Spada,it
Rift Scuttler,Argogranchio,it
Risikofonds,Fondo speculativo,it
Riskante Aktionen,Mosse rischiose,it
Riskantní tah,Mosse rischiose,it
Risky Moves,Mosse rischiose,it
Ritterschwur,Voto del cavaliere,it
Riven,Riven,it
Robbanásszerű fejlődés,Crescita esplosiva,it
Robo de componentes,Furto di componenti,it
Robot,Il potente Mech,it
Robotul Mecha impunător,Il potente Mech,it
Rogue,Bandito,it
Rogue Emblem,Emblema del Bandito,it
Rolling For Days,Cambio eterno,it
Rolling for Days,Cambio eterno,it
Rolo Compressor,Giù come birilli,it
Rompetiempo,Spezzatempo,it
Rostro espiritual,Corazza spirituale,it
Roter Buff,Buff rosso,it
Roubo de Componentes,Furto di componenti,it
Rouška nehybnosti,Veste della stabilità,it
Rozgałęzienie,Su tutti i fronti,it
Rozmiar Ma Znaczenie,Le dimensioni contano,it
Rozruch,Messa in moto,it
Rozrůstání kořenů,Radici diffuse,it
Rozsądne Wydatki,Spesa oculata,it
Rozvětvení,Su tutti i fronti,it
Rtuť,Argento vivo,it
Ruf des Chaos,Richiamo al caos,it
Rufián Radiante,Canaglia radiosa,it
Rugalmas,Flessibilità,it
Ruh Gömleği,Corazza spirituale,it
Ruh Uyanışı,Risveglio dell'anima,it
Ruka spravedlnosti,Mano della giustizia,it
Rukavice pro štěstí,Guanti fortunati,it
Rváč,Combattente,it
Rybeńka,Fishbones,it
Rychlopalné ohnivé dělo,Archibugio a ripetizione,it
Rychlý dvojzářez,Doppia uccisione rapida,it
Rychlý start,Messa in moto,it
Rytířský slib,Voto del cavaliere,it
Ryzykowne Posunięcia,Mosse rischiose,it
Rzeka Łez,Fiumi di lacrime,it
Récompenses de guerre,Sentiero di guerra,it
Rédempteur,Redentore,it
Réinitialisation cosmique,Riavvio cosmico,it
Réplica,Replica,it
Réplicateur,Replicante,it
Résistance acharnée,Protezione di trama,it
Részleges Felemelkedés,Ascensione parziale,it
Réunion d'anniversaire,Ritrovo di compleanno,it
Rìu Hỏa Ngục,Accetta infernale,it
Rìu Đại Mãng Xà,Idra titanica,it
Río de lágrimas,Fiumi di lacrime,it
Różdżkowy Przesyt,Eccesso di bacchette,it
Rögtönzött páncél,Armatura improvvisata,it
Răbdarea e o virtute,La pazienza è una virtù,it
Răbdarea lui Ekko,Pazienza di Ekko,it
Rădăcini răspândite,Radici diffuse,it
Rămânem împreună,Restiamo uniti,it
Răsăritul din Silvermere,Alba di Silvermere,it
Ręka Sprawiedliwości,Mano della giustizia,it
Rękawica Pustki,Guanto del Vuoto,it
Rękawice Sparingowe,Guantoni,it
Rękawice Złodzieja,Guanti del ladro,it
Rękawiczki,Muffole,it
Rồng Đẻ Trứng Vàng,L'uovo dorato,it
SZILÁRD ELTÖKÉLTSÉG,NÉ ESPLORATORE NÉ STRATEGA,it
Saber Gastar,Spesa oculata,it
Sabia blestemată,Lama maledetta,it
Sabia forței brute,M.C. Spada,it
Sabia infinitului,Frammento d'infinito,it
Sabia morții,Lama mortale,it
Sabia sângeroasă,La Bramasangue,it
Sable Espectral,Sciabola spettrale,it
Sable espectral,Sciabola spettrale,it
Sable-pistola hextech,Pistola a lame hextech,it
Sablepistola Hextech,Pistola a lame hextech,it
Sabre spectral,Sciabola spettrale,it
Sabır Erdemdir,La pazienza è una virtù,it
Sac de butin,Borsa degli oggetti,it
Saco de Brindes,Borsa degli oggetti,it
Saco de Brindes Heroico,Borsa eroica,it
Saco de Brindes Pequeno,Borsa piccola,it
Saco de Brindes Recheado,Borsa grande,it
Saco de Brindes do Urf,Borsa di Urf,it
Sadakat,Scommessa rischiosa,it
Safları Koru,Tenete la posizione,it
Saklı Gerçek,Kahunahuna,it
Saldão,Saldi imperdibili,it
Salvage Bin,Raccolta differenziata,it
Salvator,Redentore,it
Samira,Samira,it
Sanguinaire,Pegno di sangue,it
Sanguinaria,La Bramasangue,it
Saqueador,Predone,it
Sartén,Padella,it
Saum der Nacht,Fine della notte,it
Sauter une classe,Prevalere,it
Savaş Yolu,Sentiero di guerra,it
Savings Account,Conto dei risparmi,it
Sceptre vampirique corrompu,Scettro vampirico corrotto,it
Sceptru vampiric corupt,Scettro vampirico corrotto,it
Sceptrul Vidului,Bastone del Vuoto,it
Sceptrul serafimului,Scettro serafino,it
Scharfschütze,Cecchino,it
Scharfschütze-Emblem,Emblema del Cecchino,it
Schattenpuppe,Burattino d'ombra,it
Schatzjagd,Caccia al tesoro,it
Schemat Tylnej Formacji,Schema della retroguardia,it
Schicksalsweber,Tessifato,it
Schild des Taktikers,Scudo dello stratega,it
Schiță pentru linia din spate,Schema della retroguardia,it
Schlag zu,Schiantare,it
Schlussverkauf,Saldi imperdibili,it
Schmiede einen Freund,Forgia un amico,it
Schnellfeuer-Geschütz,Archibugio a ripetizione,it
Schurke,Bandito,it
Schurken-Emblem,Emblema del Bandito,it
Schutz der Unendlichkeit,Protezione infinita,it
Schwer ist die Krone,Pesante è la corona,it
Schwertschmied,Fabbricante di spade,it
Schwertüberfluss,Eccesso di spade,it
Schwur des Beschützers,Voto del Protettore,it
Schüre das Feuer,Alimentare le fiamme,it
Scutul amurgului,Egida del Crepuscolo,it
Scutul tacticianului,Scudo dello stratega,it
Scutul zorilor,Egida dell'Aurora,it
Scânteie ionică,Scintilla ionica,it
Sdílená zbroj,Protezione di trama,it
Sebevražední panáci,Fantocci da crash test,it
Second Wind,Secondo fiato,it
Second souffle,Secondo fiato,it
Secteur commercial,Settore dello scambio,it
Section Anima,Anima,it
Sector comercial,Settore dello scambio,it
Sector de Intercambio,Settore dello scambio,it
Sectorul comercial,Settore dello scambio,it
Secure din focul iadului,Accetta infernale,it
Sed de dinero,Fame di denaro,it
Sede de Riqueza,Fame di denaro,it
Sedenta por Sangue,La Bramasangue,it
Seeker's Armguard,Parabraccia del cercatore,it
Seelenerwachen,Risveglio dell'anima,it
Segen der Wiederbelebung,Dono della resurrezione,it
Segundo Aire,Secondo fiato,it
Sehraný tým,Fare squadra,it
Sekera pekelného ohně,Accetta infernale,it
Sektor Wymiany,Settore dello scambio,it
Selbstständig machen,Su tutti i fronti,it
Semblante Espiritual,Corazza spirituale,it
Semi-conducteur,Semiconduttore,it
Semiconductor,Semiconduttore,it
Semicondutor,Semiconduttore,it
Sendero de Guerra,Sentiero di guerra,it
Sendero de guerra,Sentiero di guerra,it
Sentencia,Arbitro,it
Sentenciador,Arbitro,it
Serafínova hůl,Scettro serafino,it
Seraphim's Staff,Scettro serafino,it
Serbest Yatırım Fonu,Fondo speculativo,it
Serce ze Stali,Cuore d'acciaio,it
Serpenyő,Padella,it
Serve para Algo,Non proprio inutile,it
Servicio de Suscripción,Servizio ad abbonamento,it
Servicio de suscripción,Servizio ad abbonamento,it
Serviço de Assinatura,Servizio ad abbonamento,it
Setor de Troca,Settore dello scambio,it
Seviye Atla!,Aumento di livello!,it
Seyyah,Viaggiatore,it
Seyyah Amblemi,Emblema del Viaggiatore,it
Sfere vindecătoare,Sfere curative,it
Sfârșitul rațiunii,Speranza perduta,it
Shadow Puppet,Burattino d'ombra,it
Shen,Shen,it
Shepherd,Pastore,it
Shepherd Emblem,Emblema del Pastore,it
Shimmerscale Essence,Essenza Scaglialucida,it
Shojin lándzsája,Lancia di Shojin,it
Shojin'in Mızrağı,Lancia di Shojin,it
Shopping Spree,Shopping scatenato,it
Shopping intensif,Shopping scatenato,it
Shroud of Stillness,Veste della stabilità,it
Sibernetik Aktarım,Collegamento cibernetico,it
Sibernetik İmplant,Impianti cibernetici,it
Side Effects,Effetti collaterali,it
Siegeszug,Prevalere,it
Silberlöffel,Cucchiaio d'argento,it
Silver Spoon,Cucchiaio d'argento,it
Silvermere Dawn,Alba di Silvermere,it
Sinal de Sterak,Pegno di Sterak,it
Sinh Nhật Đoàn Tụ,Ritrovo di compleanno,it
Sinir İmplantı,Impianto empatico,it
Sinsi,Bandito,it
Sinsi Amblemi,Emblema del Bandito,it
Sinsi Pençe,Artiglio del predatore,it
Siper,Baluardo,it
Size Matters,Le dimensioni contano,it
Siêu Linh,Psionico,it
Siêu Thú,Anima,it
Siêu Vũ Trụ,Big Bang,it
Siêu Xẻng,Spatola,it
Sięganie ku Gwiazdom,Su verso il cielo,it
Skalierung im späten Spiel,Crescita a fine partita,it
Skalowanie w Późnej Fazie Gry,Crescita a fine partita,it
Skleněné dělo,Cannone di cristallo,it
Skok po Składniki,Furto di componenti,it
Skupienie Horyzontalne,Concentrazione dell'orizzonte,it
Skupiony Ogień,Fuoco concentrato,it
Slammin',Schiantare,it
Slaďounké dobroty,Dolci,it
Slice of Life,Spaccato di vita,it
Slightly Magic Roll,Tiro lievemente magico,it
Slza bohyně,Lacrima della dea,it
Small Grab Bag,Borsa piccola,it
Smoczy Szpon,Artiglio del drago,it
Snajperzy,Cecchino,it
Sniper,Cecchino,it
Sniper Emblem,Emblema del Cecchino,it
Sobrecarga Cognitiva,Sovraccarico cognitivo,it
Sobrecarga cognitiva,Sovraccarico cognitivo,it
Sobrecarga de Varas,Eccesso di bacchette,it
Sobrecarga de cinturones,Eccesso di cinture,it
Sobrecarga de espadas,Eccesso di spade,it
Sobrecarga de varitas,Eccesso di bacchette,it
Sobretudo Suspeito,Impermeabile sospetto,it
Sobrevivente,Superstite,it
Sobreviviente,Superstite,it
Sodronyozott mellény,Cotta di maglia,it
Soif-de-sang,La Bramasangue,it
Sojusznik Opiekuna,Alleato del custode,it
Sok Cappa,Succo Cappa,it
Solo Leveling,Aumento di livello in solitaria,it
Solo Plate,Corazza singola,it
Solo Pétreo,Corazza singola,it
Solo-Leveling,Aumento di livello in solitaria,it
Solo-Steinpanzer,Corazza singola,it
Solowa Płyta,Corazza singola,it
Solul dezolant al lui Zeke,Tetro araldo di Zeke,it
Solul lui Zeke,Araldo di Zeke,it
Solzi sclipitori,Essenza Scaglialucida,it
Sombrero Mortífero de Rabadon,Copricapo di Rabadon,it
Sombrero mortal de Rabadon,Copricapo di Rabadon,it
Sombreros Más Letales,Cappelli più letali,it
Sombreros más mortales,Cappelli più letali,it
Son Fısıltı,Sussurro fatale,it
Sona,Sona,it
Sona Kalanlar,Superstite,it
Song Sát Tốc Hành,Doppia uccisione rapida,it
Song Vệ,Guardiani gemelli,it
Song Đấu,Duellante divino,it
Sonnenfeuer-Brett,Plancia del Sole,it
Sonnenfeuer-Umhang,Mantello del Sole,it
Sonsuz Büyü,Evocazione continua,it
Sonsuz Karanlık,Stella Oscura,it
Sonsuz Karanlık Amblemi,Emblema Stella Oscura,it
Sonsuz Çaresizlik,Disperazione eterna,it
Sopa Fazlalığı,Eccesso di bacchette,it
Sopa İşçisi,Fabbricante di bastoni,it
Soraka csodatétele,Miracolo di Soraka,it
Soraka áldása,Dono di Soraka,it
Soraka'nın Lütfu,Dono di Soraka,it
Soraka'nın Mucizesi,Miracolo di Soraka,it
Soraka's Boon,Dono di Soraka,it
Soraka's Miracle,Miracolo di Soraka,it
Sorakas Segen,Dono di Soraka,it
Sorakas Wunder,Miracolo di Soraka,it
Soračin dar,Dono di Soraka,it
Soračin zázrak,Miracolo di Soraka,it
Sorsszövő,Tessifato,it
Sorte em Alta,Ti senti fortunato?,it
Sorvadt ereklye,Reliquia appassita,it
Soubojový režim,Modalità sfidante,it
Soudce,Arbitro,it
Soul Awakening,Risveglio dell'anima,it
Soustředěná palba,Fuoco concentrato,it
Soustředěný horizont,Concentrazione dell'orizzonte,it
Soutien indéfectible,Uniti nelle difficoltà,it
Souvislé sesílání,Evocazione continua,it
Space Groove,Ritmo Spaziale,it
Space Groove Emblem,Emblema del Ritmo Spaziale,it
Spaczony Wampiryczny Kostur,Scettro vampirico corrotto,it
Spada furiei lui Guinsoo,Furia di Guinsoo,it
Sparkonto,Conto dei risparmi,it
Sparring Gloves,Guantoni,it
Spasitel,Redentore,it
Spatula,Spatola,it
Spatule,Spatola,it
Spatulă,Spatola,it
Spear of Shojin,Lancia di Shojin,it
Specialista na závěrečnou fázi,Specialista del finale,it
Specialistul sfârșitului jocului,Specialista del finale,it
Specjalista od Końcówki,Specialista del finale,it
Specjalistyczny Hełm,Elmo adattivo,it
Spectral Cutlass,Sciabola spettrale,it
Speedy Double Kill,Doppia uccisione rapida,it
Speer von Shojin,Lancia di Shojin,it
Spektrales Entermesser,Sciabola spettrale,it
Spektrum jegy,Biglietto prismatico,it
Spektrální vstupenka,Biglietto prismatico,it
Spirit Visage,Corazza spirituale,it
Spirit of Redemption,Spirito di redenzione,it
Spiritul izbăvirii,Spirito di redenzione,it
Splétaná magie,Tela magica,it
Splétač osudu,Tessifato,it
Společné objetí,Abbraccio di gruppo,it
Spořicí účet,Conto dei risparmi,it
Spreading Roots,Radici diffuse,it
Spécialiste des fins de partie,Specialista del finale,it
Spéculation,Fondo speculativo,it
Srdce z oceli,Cuore d'acciaio,it
Stab des Erzengels,Scettro dell'arcangelo,it
Stabschmied,Fabbricante di bastoni,it
Stabüberfluss,Eccesso di bacchette,it
Staffsmith,Fabbricante di bastoni,it
Stand United,Uniti nelle difficoltà,it
Stargazer,Astronomo,it
Stargazer Emblem,Emblema dell'Astronomo,it
Statikk Hançer,Pugnale di Statikk,it
Statikk Shiv,Pugnale di Statikk,it
Statikk töltőpengéje,Pugnale di Statikk,it
Statikkova kudla,Pugnale di Statikk,it
Statikks Stich,Pugnale di Statikk,it
Stats à foison !,Pioggia di statistiche!,it
Stavebnice společníků,Costruisci un Compagno,it
Stea întunecată,Stella Oscura,it
Steadfast Heart,Cuor saldo,it
Steinpanzer des Wasserspeiers,Lastrapietra del gargoyle,it
Stellar Combo,Combo stellare,it
Stemmaguarda,Corona reale,it
Sterak kihívása,Pegno di Sterak,it
Sterak's Gage,Pegno di Sterak,it
Sterak'ın Güvencesi,Pegno di Sterak,it
Sterakova zástava,Pegno di Sterak,it
Steraks Pegel,Pegno di Sterak,it
Sterndeuter,Astronomo,it
Sterndeuter-Emblem,Emblema dell'Astronomo,it
Sternen-Kombo,Combo stellare,it
Sternenvernichter,Stella Oscura,it
Sternenvernichter-Emblem,Emblema Stella Oscura,it
Stibitzen,Furtarello,it
Stopařčin chránič,Parabraccia del cercatore,it
Strahlender Halunke,Canaglia radiosa,it
Strateji Ustası Kalkanı,Scudo dello stratega,it
Strateji Ustası Pelerini,Mantello dello stratega,it
Strateji Ustası Tacı,Corona dello Stratega,it
Strateji Ustasının Mutfağı,Cucina dello Stratega,it
Stratégie de ligne arrière,Schema della retroguardia,it
Striker's Flail,Mazzafrusto dell'Assaltatore,it
Strom vlastností,L'Albero dei tratti,it
Strážná dvojice,Guardiani gemelli,it
Studiu diligent,Studio paziente,it
Stwórz Sobie Kumpla,Amico fai-da-te,it
Stwórz Towarzysza,Costruisci un Compagno,it
Stínová loutka,Burattino d'ombra,it
Stürmerflegel,Mazzafrusto dell'Assaltatore,it
Stříbrná lžička,Cucchiaio d'argento,it
Stůjme při sobě,Uniti nelle difficoltà,it
Subscription Service,Servizio ad abbonamento,it
Subskrypcja,Servizio ad abbonamento,it
Suc Cappa,Succo Cappa,it
Succes critic,Successo critico,it
Sucesso Crítico,Successo critico,it
Suco de Chapéu,Succo Cappa,it
Sugárzó csirkefogó,Canaglia radiosa,it
Suhanó sutyerák,Argogranchio,it
Sunfire Board,Plancia del Sole,it
Sunfire Cape,Mantello del Sole,it
Super sac de butin,Borsa grande,it
Superviviente,Superstite,it
Suppresseur doré,Il massimo con il minimo,it
Supraviețuitor,Superstite,it
Supraîncărcare cognitivă,Sovraccarico cognitivo,it
Surcharge cognitive,Sovraccarico cognitivo,it
Surpriză nesurprinzătoare,L'atteso inaspettato,it
Survivant,Superstite,it
Survivor,Superstite,it
Suscripción de Lujo,Abbonamento di lusso,it
Suscripción de lujo,Abbonamento di lusso,it
Suspicious Trench Coat,Impermeabile sospetto,it
Sute de atribute!,Pioggia di statistiche!,it
Sweet Treats,Dolci,it
Sword Overflow,Eccesso di spade,it
Swordsmith,Fabbricante di spade,it
Sympathetic Implant,Impianto empatico,it
Szaleństwo Zakupów,Shopping scatenato,it
Szczęśliwe Rękawice,Guanti fortunati,it
Szellemarc,Corazza spirituale,it
Szerencsés kesztyű,Guanti fortunati,it
Szermierka Yasuo,Gioco di lama di Yasuo,it
Szerteágazó gyökerek,Radici diffuse,it
Szeráf pálcája,Scettro serafino,it
Szimpatikus implantátum,Impianto empatico,it
Szintlépés!,Aumento di livello!,it
Szpatułka,Spatola,it
Szpon Ciemnego Typa,Artiglio del predatore,it
Szunnyadó kohó,Forgia nascosta,it
Szybkie Dwa Trupy,Doppia uccisione rapida,it
Száműzöttek I.,Esuli,it
Szélhámos,Truffatore,it
Szólójátékos,Aumento di livello in solitaria,it
Születésnapi ajándék,Regalo di compleanno,it
Születésnapi találkozó,Ritrovo di compleanno,it
Sách Chọn Ấn,Tomo dei tratti,it
Sárkánykarom,Artiglio del drago,it
Sát Thủ Khát Máu,Uccisore indiscriminato,it
Sát Thủ Đánh Thuê,Sicario,it
Sét Cao Thế,Alta tensione,it
Síla artefaktů,Forgiato nella forza,it
Sólový plát,Corazza singola,it
Sólový postup,Aumento di livello in solitaria,it
Sötét csillag,Stella Oscura,it
Sötét csillag embléma,Emblema Stella Oscura,it
Sötét hölgy,Signora Oscura,it
Sükûnet Örtüsü,Veste della stabilità,it
Süper Hızlı Micin,Velocità termipponale,it
Sürgünler,Esuli,it
Süße Leckereien,Dolci,it
Săbii fără număr,Eccesso di spade,it
Săbii mai letale,Lame più letali,it
Săn Kho Báu,Caccia al tesoro,it
Słodkie Przysmaki,Dolci,it
Słoneczna Peleryna,Mantello del Sole,it
Słoneczna Płyta,Plancia del Sole,it
Sơ Đồ Tuyến Sau,Schema della retroguardia,it
Số 4 Hoàn Hảo,Che il Quattro sia con te,it
Sống Vội,Truffatore,it
TEK Kılıcı,M.C. Spada,it
Tabla solară,Plancia del Sole,it
Tablero de Fuego Solar,Plancia del Sole,it
Tablero de fuego solar,Plancia del Sole,it
Tabuleiro de Fogo Solar,Plancia del Sole,it
Tactician's Cape,Mantello dello stratega,it
Tactician's Crown,Corona dello Stratega,it
Tactician's Kitchen,Cucina dello Stratega,it
Tactician's Shield,Scudo dello stratega,it
Tahm Kench,Tahm Kench,it
Taina întunericului,Fine della notte,it
Taktikerküche,Cucina dello Stratega,it
Taktikova koruna,Corona dello Stratega,it
Taktikova kuchyně,Cucina dello Stratega,it
Taktikus köpenye,Mantello dello stratega,it
Taktikus pajzsa,Scudo dello stratega,it
Taktikusok konyhája,Cucina dello Stratega,it
Taktikův plášť,Mantello dello stratega,it
Taktikův štít,Scudo dello stratega,it
Takviye Paketi,Bustina,it
Takım Çalışması,Fare squadra,it
Talisman Of Ascension,Talismano dell'ascensione,it
Talisman de l'ascension,Talismano dell'ascensione,it
Talismanul ascensiunii,Talismano dell'ascensione,it
Talismán de Ascensión,Talismano dell'ascensione,it
Talismã da Ascensão,Talismano dell'ascensione,it
Talizman Wstąpienia,Talismano dell'ascensione,it
Talon,Talon,it
Találd meg önmagad,Trova il tuo centro,it
Tam Donanımlı,Costruisci un Compagno,it
Tam Teşekküllü,Amico fai-da-te,it
Tancuri la xerox,Doppia resistenza,it
Tandemová fronta,Coda in duo,it
Tanks jumeaux,Doppia resistenza,it
Tanque em Dobro,Doppia resistenza,it
Tanrıça'nın Gözyaşı,Lacrima della dea,it
Tanışma Toplantısı,Coincidenze perse,it
Tarcza Taktyka,Scudo dello stratega,it
Tare ca fierul,Risorse ferrose,it
Target-Lock Optics,Ottica a puntamento assistito,it
Tartalékíjak,Archi da supporto,it
Tartsd a frontot,Tenete la posizione,it
Tatlı Atıştırmalıklar,Dolci,it
Taxa Cognitiva,Tributo cognitivo,it
Taxe cognitive,Tributo cognitivo,it
Taze Kan,Nuova recluta,it
Taşınabilir Ocak,Forgia portatile,it
Te simți norocos,Ti senti fortunato?,it
Team Building,Team building,it
Teambildung,Team building,it
Teambuilding,Team building,it
Teaming Up,Fare squadra,it
Tear of the Goddess,Lacrima della dea,it
Tecelã do Destino,Tessifato,it
Tecendo Magia,Tela magica,it
Teemo,Teemo,it
Teilaufstieg,Ascensione parziale,it
Tejedestinos,Tessifato,it
Tekrar Dene,Riavvia missione,it
Temná hvězda,Stella Oscura,it
Temná paní,Signora Oscura,it
Tempestad de Luden,Tempesta di Luden,it
Tempête de Luden,Tempesta di Luden,it
Tenir le front,Tenete la posizione,it
Tentative de comeback,Storia di una rimonta,it
Ter-Meep-nale Geschwindigkeit,Velocità termipponale,it
Termeepnal Velocity,Velocità termipponale,it
Termipnální rychlost,Velocità termipponale,it
Terquedad,NÉ ESPLORATORE NÉ STRATEGA,it
Tesoros Enterrados,Tesori sepolti,it
Tesoros enterrados,Tesori sepolti,it
Tesouros Enterrados,Tesori sepolti,it
Testőrképzés,Addestramento da Guardia del corpo,it
Tezbıçak,Lame rotanti,it
Thanh Lý Toàn Bộ,Saldi imperdibili,it
Thanh Âm Chữa Lành,Echi curativi,it
The Big Bang,Big Bang,it
The Golden Dragon,Il Drago dorato,it
The Golden Egg,L'uovo dorato,it
The Indomitable,L'indomabile,it
The Mighty Mech,Il potente Mech,it
The Tower,La Torre,it
The Trait Tree,L'Albero dei tratti,it
Thief's Gloves,Guanti del ladro,it
Thresh lámpása,Lanterna di Thresh,it
Thresh áldása,Dono di Thresh,it
Thresh'in Feneri,Lanterna di Thresh,it
Thresh'in Lütfu,Dono di Thresh,it
Thresh's Boon,Dono di Thresh,it
Thresh's Lantern,Lanterna di Thresh,it
Threshova lucerna,Lanterna di Thresh,it
Threshs Laterne,Lanterna di Thresh,it
Threshs Segen,Dono di Thresh,it
Threshův dar,Dono di Thresh,it
Thua Có Tính Toán,Perdite calcolate,it
Thuế Nhận Thức,Tributo cognitivo,it
Thách Đấu,Sfidante,it
Thép Mạ Vàng,Acciaio brillante,it
Thích Mở Rộng,Andare per le lunghe,it
Thông Thoáng,Mente lucida,it
Thông Đạo Zz'rot,Portale Zz'Rot,it
Thú Tượng Thạch Giáp,Lastrapietra del gargoyle,it
Thăng Hoa,Ascensione,it
Thăng Hoa Của Kayle,Esaltazione di Kayle,it
Thăng Hoa Rực Rỡ Của Kayle,Esaltazione radiosa di Kayle,it
Thăng Tiến Cuối Trận,Crescita a fine partita,it
Thần Ban Phước,Benedetto dagli dei,it
Thần Phán,Arbitro,it
Thịnh Nộ Thủy Quái,Furia del kraken,it
Thời Không,Spezzatempo,it
Thợ Rèn Gậy,Fabbricante di bastoni,it
Thợ Rèn Kiếm,Fabbricante di spade,it
Thợ Săn Vũ Trụ,Cacciatore galattico,it
Thức Tỉnh Linh Hồn,Risveglio dell'anima,it
Ticaret Bölgesi,Settore dello scambio,it
Ticaretin Özü,Fulcro del commercio,it
Ticket prismatique,Biglietto prismatico,it
Tiercé,Tripletta,it
Tigaia de aur,Padella,it
Tiltott bálvány,Idolo proibito,it
Timebreaker,Spezzatempo,it
Timebreaker Emblem,Emblema dello Spezzatempo,it
Tinh Linh Chuông,Amico dei Mippi,it
Tinh Túy Kim Long,Essenza Scaglialucida,it
Tiniest Titan,Titano minuscolo,it
Tiny Titans,Mini Titani,it
"Tiny, but Deadly","Piccole, ma letali",it
Tirada Ligeramente Mágica,Tiro lievemente magico,it
Tirada Mágica,Un tiro magico,it
Tiro porque me toca,Cambio eterno,it
Tisse-destin,Tessifato,it
Tiszta elme,Mente lucida,it
Titan micuț,Titano minuscolo,it
Titan's Resolve,Determinazione del titano,it
Titanes Diminutos,Mini Titani,it
Titanic Hydra,Idra titanica,it
Titanische Hydra,Idra titanica,it
Titanın Azmi,Determinazione del titano,it
Titánhidra,Idra titanica,it
Titánská hydra,Idra titanica,it
Titánské odhodlání,Determinazione del titano,it
Tiên Phong,Avanguardia,it
Tiên Tri,Oracolo,it
Tiêu Dùng Thông Minh,Spesa oculata,it
Tiếp Tế Trang Bị,Borsa degli oggetti,it
Tiền Tuyến Vững Chãi,Formazione,it
Tiền Vệ Trung Tâm,Trova il tuo centro,it
Tiền Ăn Trưa,Soldi per il pranzo,it
Tiệc Tùng,Animale da festa,it
Tkacze Losu,Tessifato,it
Tkanie Czarów,Tela magica,it
Tlupa zlodějů,Banda di ladri,it
Tlupa zlodějů II,Banda di ladri II,it
To Lớn & Mạnh Mẽ,Grande e possente,it
Todo para mí,Colpire e basta,it
Toiag uriaș,Bastone colossale,it
Toiagul arhanghelului,Scettro dell'arcangelo,it
Toiege fără număr,Eccesso di bacchette,it
Tolvajkesztyű,Guanti del ladro,it
Tolvajok bandája,Banda di ladri,it
Tolvajok bandája II,Banda di ladri II,it
Tome des emblèmes,Tomo dei tratti,it
Tome of Trait,Tomo dei tratti,it
Tome of Traits,Tomo dei tratti,it
Tomo das Características,Tomo dei tratti,it
Tomo de Rasgos,Tomo dei tratti,it
Tomo de atributos,Tomo dei tratti,it
Tomul caracteristicilor,Tomo dei tratti,it
Toneladas de Atributos!,Pioggia di statistiche!,it
Tonlarca Nitelik!,Pioggia di statistiche!,it
Tonnenweise Werte!,Pioggia di statistiche!,it
Tonnányi statisztika!,Pioggia di statistiche!,it
Tons of Stats!,Pioggia di statistiche!,it
Tony Statystyk!,Pioggia di statistiche!,it
Torba z Przedmiotami,Borsa degli oggetti,it
Torba z Przedmiotami Urfa,Borsa di Urf,it
Tormenta de Luden,Tempesta di Luden,it
Tot sunt buni la ceva,Non proprio inutile,it
Touche-à-tout,Misfits,it
Tout doit disparaître,Schiantare,it
Toàn Thắng,Prevalere,it
Toán Cướp,Predone,it
Trabajo en Equipo,Team building,it
Trabalho em Equipe,Team building,it
Trade Sector,Settore dello scambio,it
Tragbare Schmiede,Forgia portatile,it
Training Dummy,Fantoccio di addestramento,it
Trang Bị Pandora,Oggetti di Pandora,it
Transfer de încărcare,Trasferimento carica,it
Transferencia de Carga,Trasferimento carica,it
Transferencia de carga,Trasferimento carica,it
Transfert,Trasferimento carica,it
Transferência de Carga,Trasferimento carica,it
Transformação em Boneco,Fantoccificazione,it
Treasure Hunt,Caccia al tesoro,it
Treinamento de Guarda-costas,Addestramento da Guardia del corpo,it
Tremblelames,Lame rotanti,it
Trench-coat suspect,Impermeabile sospetto,it
Trenci suspect,Impermeabile sospetto,it
Trening Ochroniarza,Addestramento da Guardia del corpo,it
Trepador Social,Mobilità aumentata,it
Trezirea sufletului,Risveglio dell'anima,it
Trifecta,Tripletta,it
Trinca,Tripletta,it
Triomphe,Lottatore professionista,it
Triplete,Tripletta,it
Triplu avantaj,Tripletta,it
Triệu Gọi Hỗn Mang,Richiamo al caos,it
Triệu Hồi Bất Tận,Evocazione continua,it
Troca Sem Fim,Cambio eterno,it
Trojice,Tripletta,it
Trpělivost je ctnost,La pazienza è una virtù,it
Trpělivé studium,Studio paziente,it
Trung Tâm Thương Mại,Fulcro del commercio,it
Tryb Pretendenta,Modalità sfidante,it
Tryb Przekaźnika,Modalità Convogliatore,it
Tryb Replikatora,Modalità replicante,it
Trzask-Prask,Schiantare,it
Trzymać Szyk,Tenete la posizione,it
Trái Tim Kiên Định,Cuor saldo,it
Trái Tim Sắt Đá,Cuore d'acciaio,it
Träne der Göttin,Lacrima della dea,it
Tréninkové rukavice,Guantoni,it
Trésors enfouis,Tesori sepolti,it
Trên Đà Phát Triển,Giù come birilli,it
Trí Tuệ Siêu Công Nghệ,Collegamento cibernetico,it
Trượng Hư Vô,Bastone del Vuoto,it
Trượng Đại Thiên Sứ,Scettro serafino,it
Trực Giác Của Evelynn,Istinto di Evelynn,it
Tuch der Stille,Veste della stabilità,it
Tueur de géants,Uccisore di giganti,it
Tueur impitoyable,Uccisore indiscriminato,it
Tueur à gages,Sicario,it
Tugend des Märtyrers,Virtù del martire,it
Tun-mitralieră,Archibugio a ripetizione,it
Turnul,La Torre,it
Tuyển Nhân Sự,Nuova recluta,it
Twin Guardian,Guardiani gemelli,it
Twin Guardians,Guardiani gemelli,it
Twisted Fate,Twisted Fate,it
Two Much Value,Due volte il valore,it
Two Tanky,Doppia resistenza,it
Tworzenie Drużyny,Team building,it
Twórcze Tworzenie,Creazione artigianale,it
Typologie,Scommessa rischiosa,it
Tài Khoản Tiết Kiệm,Conto dei risparmi,it
Tái Khởi Động Nhiệm Vụ,Riavvia missione,it
Tái Lập Vũ Trụ,Riavvio cosmico,it
Tápláld a tüzet,Alimentare le fiamme,it
Tíha koruny,Pesante è la corona,it
Tín Đồ Mua Sắm,Shopping scatenato,it
Tòa Tháp,La Torre,it
Tôi Luyện Sức Mạnh,Forgiato nella forza,it
Tôi Thăng Cấp Một Mình,Aumento di livello in solitaria,it
Tödlichere Hauben,Cappelli più letali,it
Tödlichere Klingen,Lame più letali,it
Töltésátvitel I.,Trasferimento carica,it
Törj a csillagok felé,Su verso il cielo,it
Törékeny tüzér I.,Cannone di cristallo,it
Törésteszt bábuk,Fantocci da crash test,it
Tú Pégales,Colpire e basta,it
Túi Đồ Cỡ Nhỏ,Borsa piccola,it
Túi Đồ Cỡ Đại,Borsa grande,it
Túi Đồ Siêu Hùng,Borsa eroica,it
Túi Đồ Urf,Borsa di Urf,it
Túlvilági szablya,Sciabola spettrale,it
Túlélő,Superstite,it
Türelem rózsát terem,La pazienza è una virtù,it
Türelmes tanuló,Studio paziente,it
Tăișuri sclipitoare,Lame rotanti,it
Tăng Trưởng Bùng Nổ,Crescita esplosiva,it
Tırmanışa Devam,Scalata verso il successo,it
Tất Tay Bậc Đồng,Bronzo per la vita,it
Tập Chịu Đòn,Lezioni di pugilato,it
Tập Trung Hỏa Lực,Fuoco concentrato,it
Tối Tân,Nuovo di zecca,it
Tối Đa Hóa,Il massimo con il minimo,it
Tộc Thượng Cổ,Primordiano,it
Tụ Bão Zeke,Araldo di Zeke,it
Tụ Điện,Elettrocarica,it
Tứ Phương Tiếp Viện,In quattro e quattr'otto,it
Tự Lập Đội,Amico fai-da-te,it
U Sầu,Catastrofista,it
U. R. F.,U.R.F.,it
U.R.F,U.R.F.,it
URF,U.R.F.,it
Ucigaș fără discriminare,Uccisore indiscriminato,it
Ucigaș plătit,Sicario,it
Ufak Çekiliş,Borsa piccola,it
Ufukgetiren,Concentrazione dell'orizzonte,it
Uhrwerk-Beschleuniger,Acceleratore meccanico,it
Ulepszona Moc,Potere dell'Impianto,it
Ultima șoaptă,Sussurro fatale,it
Uluların Tılsımı,Talismano dell'ascensione,it
Ulvi Düellocu,Duellante divino,it
Ulvi Ocak,Forgia apoteotica,it
Um Dois Três,Un due tre,it
"Um, Dois, Cinco!","Uno, due, cinque!",it
Umhang des Taktikers,Mantello dello stratega,it
"Un buff, două buff-uri","Un buff, due buff",it
Un mismo ser,Personalità speculare,it
Un mismo ser inferior,Personalità speculare minore,it
"Un, deux, trois",Un due tre,it
Una Aventura Eminente,Un'avventura gloriosa,it
"Una Mejora, Dos Mejoras","Un buff, due buff",it
Una aventura repleta de exaltación,Un'avventura gloriosa,it
Una lágrima en la arena,Fiumi di lacrime,it
"Una mejora, dos mejoras...","Un buff, due buff",it
"Unde-s 2 stele, puterea crește",In quattro e quattr'otto,it
Une aventure exaltante,Un'avventura gloriosa,it
Unending Despair,Disperazione eterna,it
Unerschütterliches Herz,Cuor saldo,it
Unidos,Uniti nelle difficoltà,it
Unire în luptă,Uniti nelle difficoltà,it
"Uno, Dos, Tres",Un due tre,it
"Uno, dos, tres...",Un due tre,it
"Uno, dos, ¡cinco!","Uno, due, cinque!",it
"Uno, dos... ¡cinco!","Uno, due, cinque!",it
"Unu, doi, cinci!","Uno, due, cinque!",it
"Unu, doi, trei",Un due tre,it
Unübertreffliche Schmiede,Forgia apoteotica,it
Upando Solo,Aumento di livello in solitaria,it
Upward Mobility,Mobilità aumentata,it
Upírská vitalita,Vitalità vampirica,it
Urf Hamlesi,Azzardo di Urf,it
Urf játszmája,Azzardo di Urf,it
Urf zsákbamacskája,Borsa di Urf,it
Urf's Gambit,Azzardo di Urf,it
Urf's Grab Bag,Borsa di Urf,it
Urf'ün Çekilişi,Borsa di Urf,it
Urfova dárková taška,Borsa di Urf,it
Urfs Gambit,Azzardo di Urf,it
Urfs Wundertüte,Borsa di Urf,it
Urfův gambit,Azzardo di Urf,it
Urgia de pe lume,Terrore dei lich,it
Urgot,Urgot,it
Utazó,Viaggiatore,it
Utazó embléma,Emblema del Viaggiatore,it
Utolsó esély,Speranza perduta,it
Utolsó lehelet,Sussurro fatale,it
Uyumsuzlar,Misfits,it
Uzayın Ritmi,Ritmo Spaziale,it
Uzayın Ritmi Amblemi,Emblema del Ritmo Spaziale,it
Vale a Espera,Valeva la pena aspettare,it
Vale la Pena la Espera,Valeva la pena aspettare,it
Valor del Titán,Determinazione del titano,it
Valor em Excesso,Due volte il valore,it
Vampir-Vitalität,Vitalità vampirica,it
Vampiric Vitality,Vitalità vampirica,it
Vampirî Zindelik,Vitalità vampirica,it
Vanguard,Avanguardia,it
Vanguard Emblem,Emblema dell'Avanguardia,it
Vanguarda,Avanguardia,it
Vanguardia,Avanguardia,it
Vara Innecesariamente Grande,Bastone colossale,it
Vara innecesariamente grande,Bastone colossale,it
Varus Besessenheit,Ossessione di Varus,it
Varus megszállottsága,Ossessione di Varus,it
Varus áldása,Dono di Varus,it
Varus' Segen,Dono di Varus,it
Varus's Boon,Dono di Varus,it
Varus's Obsession,Ossessione di Varus,it
Varus'un Lütfu,Dono di Varus,it
Varus'un Saplantısı,Ossessione di Varus,it
Varusova posedlost,Ossessione di Varus,it
Varusův dar,Dono di Varus,it
Varázsdobás,Un tiro magico,it
Varázsszőttes,Tela magica,it
Vaseszközök,Risorse ferrose,it
Vaurien de la lumière,Canaglia radiosa,it
Vay Tạm Ứng,Finanziamento,it
Vedlejší účinky,Effetti collaterali,it
Veigar,Veigar,it
Velikost a síla,Grande e possente,it
Velitel,Comandante,it
Velitelka Animy,Comandante Anima,it
Velkolepé dobrodružství,Un'avventura gloriosa,it
Velká dárková taška,Borsa grande,it
Velký třesk,Big Bang,it
Velo de sosiego,Veste della stabilità,it
Velocidad Termeepnal,Velocità termipponale,it
Velocidad temperameeptal,Velocità termipponale,it
Velocidade Termipenal,Velocità termipponale,it
Venganza,Rappresaglia,it
Ventos Revigorantes,Secondo fiato,it
Verbannte,Esuli,it
Verbotener Götze,Idolo proibito,it
Verbündeter des Beschützers,Alleato del custode,it
Verdorbenes vampirisches Zepter,Scettro vampirico corrotto,it
Verdugo Indiscriminado,Uccisore indiscriminato,it
Verdugo de Gigantes,Uccisore di giganti,it
Verdugo de gigantes,Uccisore di giganti,it
Verdächtiger Trenchcoat,Impermeabile sospetto,it
Verfehlte Verbindung,Coincidenze perse,it
Verfluchte Klinge,Lama maledetta,it
Verfluchte Krone,Corona maledetta,it
Vergeltung,Rappresaglia,it
Vergoldeter Stahl,Acciaio brillante,it
Vergrabene Schätze,Tesori sepolti,it
Vernichter,Catastrofista,it
Vernichter,Eradicatore,it
Versteck des Barons,Tana del Barone,it
Verständnisvolles Implantat,Impianto empatico,it
Verstärkendes Amulett,Medaglione diramante,it
Vertu du martyr,Virtù del martire,it
Verwittertes Relikt,Reliquia appassita,it
Verwobene Magie,Tela magica,it
Vesmírný rytmus,Ritmo Spaziale,it
Vesta Espinosa,Corpetto di rovi,it
Vestă de mărăcini,Corpetto di rovi,it
Vestă de zale,Cotta di maglia,it
Vex,Vex,it
Večerháv,Velo costante,it
Viajante,Viaggiatore,it
Viajero,Viaggiatore,it
Victorie neașteptată,Prevalere,it
Vida Cotidiana,Spaccato di vita,it
Viděti dvojmo,Due volte il valore,it
Vier-Gold-Verstärkung,In quattro e quattr'otto,it
Vigarista,Truffatore,it
Viktor,Viktor,it
Viktor'un Sihri,Viktor-ia di Arcane,it
Viktor-ia de Arcane,Viktor-ia di Arcane,it
Viktor-ie ocultă,Viktor-ia di Arcane,it
Viktoria Arcana,Viktor-ia di Arcane,it
Viktorův triumf,Viktor-ia di Arcane,it
Viktória Arcana,Viktor-ia di Arcane,it
Villanópengék,Lame rotanti,it
Villámakció,Saldi imperdibili,it
Vingadora Exocósmica,Dea delle Armi,it
Virtud del Mártir,Virtù del martire,it
Virtud del mártir,Virtù del martire,it
Virtude do Mártir,Virtù del martire,it
Virtue of the Martyr,Virtù del martire,it
Virtutea martirului,Virtù del martire,it
Visage spirituel,Corazza spirituale,it
Visionnaire,Astronomo,it
Visszatérés-történet,Storia di una rimonta,it
Vitalidad Vampírica,Vitalità vampirica,it
Vitalidad vampírica,Vitalità vampirica,it
Vitalidade Vampírica,Vitalità vampirica,it
Vitalitate vampirică,Vitalità vampirica,it
Vitalité vampirique,Vitalità vampirica,it
Viteză termipnală,Velocità termipponale,it
Viễn Chinh,Viaggiatore,it
Void Gauntlet,Guanto del Vuoto,it
Void Staff,Bastone del Vuoto,it
Voința buzduganului,La legge della mazza,it
Voința titanului,Determinazione del titano,it
Vojevůdcova čest,L'onore del Signore della guerra,it
Volonté de la massue,La legge della mazza,it
Voluntad de la maza,La legge della mazza,it
Voluntad del Mazo,La legge della mazza,it
Volver al Ruedo,Storia di una rimonta,it
Vorausdenken,Lungimiranza,it
Vous vous sentez en veine ?,Ti senti fortunato?,it
Voyager,Viaggiatore,it
Voyager Emblem,Emblema del Viaggiatore,it
Voyageur,Viaggiatore,it
Vražední čtveráci,Che il Quattro sia con te,it
Vražednější klobouky,Cappelli più letali,it
Vražednější čepele,Lame più letali,it
Vrcholná sestava,Configurazione massima,it
Vuốt Rồng,Artiglio del drago,it
Vyber vlastnost,Scegli tratto,it
Vybíravé výběry,Cambio eterno,it
Vyhlazovač,Eradicatore,it
Vyhnanci,Esuli,it
Vyplatí se čekat,Valeva la pena aspettare,it
Vyrob si kamaráda,Forgia un amico,it
Vysoké napětí,Alta tensione,it
Vytrvalý vzestup,Mobilità aumentata,it
Vyzyvatel,Sfidante,it
Vzestup,Ascensione,it
Vágj utat,Aprire un passaggio,it
Válassz adottságot,Scegli tratto,it
Válečná stezka,Sentiero di guerra,it
Válogatás nélkül,Uccisore indiscriminato,it
Vámpírerő I.,Vitalità vampirica,it
Ván Cược Hoàng Kim,Scommessa dorata,it
Ván Cược URF,Azzardo di Urf,it
Vánek,Zefiro,it
Várható váratlanság,L'atteso inaspettato,it
Vânătoare de comori,Caccia al tesoro,it
Vânător galactic,Cacciatore galattico,it
Vânătorul de uriași,Uccisore di giganti,it
Vé Kim Cương,Biglietto prismatico,it
Végjátékbeli erőnövelés,Crescita a fine partita,it
Végtelen kétségbeesés,Disperazione eterna,it
Végtelen védelem,Protezione infinita,it
Végzethozó,Catastrofista,it
Vérszomjas,La Bramasangue,it
Véráldozat,Sacrificio cruento,it
Véráldozat,Pegno di sangue,it
Vírusmátrix,Matrice malware,it
Vô Cực Kiếm,Frammento d'infinito,it
Vô Pháp,Bandito,it
Võ Sĩ Giác Đấu,Lottatore professionista,it
Vörös erősítés,Buff rosso,it
Výbušný růst,Crescita esplosiva,it
Výcvik tělesného strážce,Addestramento da Guardia del corpo,it
Výrobce holí,Fabbricante di bastoni,it
Výrobce mečů,Fabbricante di spade,it
Výzva chaosu,Richiamo al caos,it
Văl uniform,Velo costante,it
Vălul nemișcării,Veste della stabilità,it
Věčná dohoda,Patto eterno,it
Věštec,Oracolo,it
Věž,La Torre,it
Vœu du chevalier,Voto del cavaliere,it
Vœu du protecteur,Voto del Protettore,it
Vůle palcátu,La legge della mazza,it
Vươn Tới Tinh Tú,Su verso il cielo,it
Vương Miện Chiến Thuật,Corona dello Stratega,it
Vương Miện Hoàng Gia,Corona reale,it
Vương Miện Hắc Hóa,Corona maledetta,it
Vương Miện Nặng Trĩu,Pesante è la corona,it
W Czepku Urodzony,Cucchiaio d'argento,it
W Czwórce Siła,In quattro e quattr'otto,it
Wachsende Wurzeln,Radici diffuse,it
Wampiryczna Żywotność,Vitalità vampirica,it
Wand Overflow,Eccesso di bacchette,it
Wanderer,Viaggiatore,it
Wanderer-Emblem,Emblema del Viaggiatore,it
Warlord's Honor,L'onore del Signore della guerra,it
Warmog vértje,Armatura di Warmog,it
Warmog's Armor,Armatura di Warmog,it
Warmog'un Zırhı,Armatura di Warmog,it
Warmogova zbroj,Armatura di Warmog,it
Warmogs Rüstung,Armatura di Warmog,it
Warpath,Sentiero di guerra,it
Warto Poczekać,Valeva la pena aspettare,it
Wartość Dodana,Due volte il valore,it
Wczesna Nauka,Primi insegnamenti,it
We Stick Together,Restiamo uniti,it
Weise Ausgaben,Spesa oculata,it
Weltraum-Groove,Ritmo Spaziale,it
Weltraum-Groove-Emblem,Emblema del Ritmo Spaziale,it
Wezwanie Chaosu,Richiamo al caos,it
Widmowy Rapier,Sciabola spettrale,it
Wie ist es um dein Glück bestellt?,Ti senti fortunato?,it
Wieczny Brąz,Bronzo per la vita,it
Wieczny Pakt,Patto eterno,it
Wiederaufnahme der Mission,Riavvia missione,it
Wielka Wygrana,Prevalere,it
Wielki Wybuch,Big Bang,it
Wielkie Poświęcenie,Scommessa rischiosa,it
Wielkość i Potęga,Grande e possente,it
Wieża,La Torre,it
Willkürlicher Killer,Uccisore indiscriminato,it
Win Out,Prevalere,it
"Winzig, aber tödlich","Piccole, ma letali",it
Winzige Titanen,Mini Titani,it
Winzigster Titan,Titano minuscolo,it
Wir halten zusammen,Restiamo uniti,it
Wise Spending,Spesa oculata,it
Wit's End,Speranza perduta,it
Withered Relic,Reliquia appassita,it
Wkalkulowana Strata,Perdite calcolate,it
Wojenna Ścieżka,Sentiero di guerra,it
Wola Buławy,La legge della mazza,it
Worth the Wait,Valeva la pena aspettare,it
Woven Magic,Tela magica,it
Wskrzeszenie,Dono della resurrezione,it
Wsparcie,Uniti nelle difficoltà,it
Wspinaczka po Drabince,Scalata verso il successo,it
Wspólne Siły,Fare squadra,it
Wybierz cechę,Scegli tratto,it
Wygięty Łuk,Arco ricurvo,it
Wygnańcy,Esuli,it
Wykuj Znajomego,Forgia un amico,it
Wykuklenie,Fantoccificazione,it
Wykuto w Sile,Forgiato nella forza,it
Wyniesienie,Ascensione,it
Wyprzedaż na Ostro,Saldi imperdibili,it
Wyrocznia,Oracolo,it
Wysokie Napięcie,Alta tensione,it
Wytnij sobie drogę,Aprire un passaggio,it
Wywyższenie Kayle,Esaltazione di Kayle,it
Wzmacniający Medalion,Medaglione diramante,it
Wzmocnienie Raz i Dwa,"Un buff, due buff",it
Wälzer der Attribute,Tomo dei tratti,it
Wędrujący Krab,Argogranchio,it
Włócznia Shojin,Lancia di Shojin,it
Xayah,Xayah,it
Xoay Bài Tự Động,Ricombussolatore,it
Xây Dựng Đội Hình,Team building,it
Xúc Xắc Hoành Tráng,Cambio epico,it
Xúc Xắc Ma Pháp,Un tiro magico,it
Xúc Xắc Vô Tận,Cambio eterno,it
Xạ Thần,Dea delle Armi,it
Yaldızlı Çelik,Acciaio brillante,it
Yalnız Zırh,Corazza singola,it
Yampiri Yengeç,Argogranchio,it
Yan Etkiler,Effetti collaterali,it
Yarı İletken,Semiconduttore,it
Yasak İdol,Idolo proibito,it
Yasuo Figyelemmegosztása,Ribalta condivisa di Yasuo,it
Yasuo aranymezője,Esagono dorato di Yasuo,it
Yasuo kardforgatása,Gioco di lama di Yasuo,it
Yasuo áldása,Dono di Yasuo,it
Yasuo'nun Altın Hücresi,Esagono dorato di Yasuo,it
Yasuo'nun Kılıç Sanatı,Gioco di lama di Yasuo,it
Yasuo'nun Lütfu,Dono di Yasuo,it
Yasuo'nun İlgi Budalası Eklentisi,Ribalta condivisa di Yasuo,it
Yasuo's Bladework,Gioco di lama di Yasuo,it
Yasuo's Boon,Dono di Yasuo,it
Yasuo's Golden Hex,Esagono dorato di Yasuo,it
Yasuo's Share The Spotlight,Ribalta condivisa di Yasuo,it
Yasuo: Împarte centrul atenției,Ribalta condivisa di Yasuo,it
Yasuos Goldfeld,Esagono dorato di Yasuo,it
Yasuos Klingentanz,Gioco di lama di Yasuo,it
Yasuos Segen,Dono di Yasuo,it
Yasuos „Teile das Rampenlicht“,Ribalta condivisa di Yasuo,it
Yasuovo mistrovství meče,Gioco di lama di Yasuo,it
Yasuovo zlaté pole,Esagono dorato di Yasuo,it
Yasuův dar,Dono di Yasuo,it
Yasuův Široký paprsek,Ribalta condivisa di Yasuo,it
Yatırımın Getirisi,Investitura,it
Yayılan Kökler,Radici diffuse,it
Yayım Yayındır,Hai il mio arco,it
Yağmacı,Predone,it
Yağmacı Amblemi,Emblema del Predone,it
Yaşayan Ocak,Forgia incarnata,it
Yedek Yaylar,Archi da supporto,it
Yelmo Adaptable,Elmo adattivo,it
Yelmo adaptable,Elmo adattivo,it
Yelmo sombrío,Predone,it
Yeni Çağ,Epoca,it
Yenilemeye Devam,Giù come birilli,it
Yenilmez,L'indomabile,it
Yok Edici,Eradicatore,it
Yolumdan Dönmem,NÉ ESPLORATORE NÉ STRATEGA,it
You Have My Bow,Hai il mio arco,it
Yozlaşmış Vampirî Asa,Scettro vampirico corrotto,it
Yük Aktarımı,Trasferimento carica,it
Yüklü Borç,Finanziamento,it
Yüksek Voltaj,Alta tensione,it
Yükseliş,Ascensione,it
Yıldız Gözlemcisi,Astronomo,it
Yıldız Gözlemcisi Amblemi,Emblema dell'Astronomo,it
Yıldız Kombosu,Combo stellare,it
Yıldızlara Uzan,Su verso il cielo,it
Yıpranmış Antika,Reliquia appassita,it
Za jakou cenu,A quale prezzo,it
Zaangażowanie,Investitura,it
Zaawansowana Pożyczka,Finanziamento,it
Zabiják obrů,Uccisore di giganti,it
Zabójca do Wynajęcia,Sicario,it
Zabójczy Kapelusz Rabadona,Copricapo di Rabadon,it
Zagracony Umysł,Mente confusa,it
Zagłada,Catastrofista,it
Zakopane Skarby,Tesori sepolti,it
Zakopané poklady,Tesori sepolti,it
Zamankıran,Spezzatempo,it
Zamankıran Amblemi,Emblema dello Spezzatempo,it
Zamiř ke hvězdám,Su verso il cielo,it
Zaměřovací optika,Ottica a puntamento assistito,it
Zaneprázdněná mysl,Mente confusa,it
Zapora Przedniej Formacji,Fondamenta di prima linea,it
Zapovězená modla,Idolo proibito,it
Zaprzepaszczona Znajomość,Coincidenze perse,it
Zapuszczanie Korzeni,Radici diffuse,it
Zararına Satış,Saldi imperdibili,it
Zasłona Równości,Velo costante,it
Zbiry,Bandito,it
Zbytečně dlouhá hůl,Bastone colossale,it
Zdobená pěstnice,Guanto ingioiellato,it
Zdobený květ,Loto ingioiellato,it
Zdrang!,Bonk!,it
Zed,Zed,it
Zed,Zed Invasore,it
Zed Invasor,Zed Invasore,it
Zed Kẻ Xâm Lăng,Zed Invasore,it
Zefir,Zefiro,it
Zefír,Zefiro,it
Zeitbrecher,Spezzatempo,it
Zeitbrecher-Emblem,Emblema dello Spezzatempo,it
Zeița armelor,Dea delle Armi,it
Zeke hírnöke,Araldo di Zeke,it
Zeke komor hírnöke,Tetro araldo di Zeke,it
Zeke'nin Kasvetli Sancağı,Tetro araldo di Zeke,it
Zeke'nin Sancağı,Araldo di Zeke,it
Zeke's Bleak Herald,Tetro araldo di Zeke,it
Zeke's Herald,Araldo di Zeke,it
Zekes Herold,Araldo di Zeke,it
Zekes düsterer Herold,Tetro araldo di Zeke,it
Zekeův pochmurný posel,Tetro araldo di Zeke,it
Zekeův posel,Araldo di Zeke,it
Zephir,Zefiro,it
Zephyr,Zefiro,it
Zesílení do závěru hry,Crescita a fine partita,it
Zhouba lichů,Terrore dei lich,it
Zielerfassungslinse,Ottica a puntamento assistito,it
Zihin Açıklığı,Mente lucida,it
Zihin Bulanıklığı,Mente confusa,it
Zihinsel Hazırlık,Farmare l'aura,it
Zincir Yelek,Cotta di maglia,it
Zindelik Broşu,Medaglione diramante,it
Zjazd Urodzinowy,Ritrovo di compleanno,it
Zkázonoš,Catastrofista,it
Zlaté vejce,L'uovo dorato,it
Zlatý drak,Il Drago dorato,it
Zlatý hod,Scommessa dorata,it
Zlatý monzun,Monsoni sonanti,it
Zlodějské rukavice,Guanti del ladro,it
Zlodějíček,Furtarello,it
Zmora Licza,Terrore dei lich,it
Zoe,Zoe,it
Zorn des Kraken,Furia del kraken,it
Zoé,Zoe,it
Zrcadlová osobnost,Personalità speculare,it
Zručná výroba,Creazione artigianale,it
Zrádné upírské žezlo,Scettro vampirico corrotto,it
Zsivány,Bandito,it
Zsivány embléma,Emblema del Bandito,it
Zsúfolt elme,Mente confusa,it
Ztracené konexe,Coincidenze perse,it
Zu etwas nütze,Non proprio inutile,it
Zu viel Wert,Due volte il valore,it
Zu welchem Preis,A quale prezzo,it
Zu zäh,Doppia resistenza,it
Zumito de la risa,Succo Cappa,it
Zusammenarbeit,Fare squadra,it
Zwillingswächter,Guardiani gemelli,it
Zwycięstwo Viktora z Arcane,Viktor-ia di Arcane,it
Zz'Rot Kapısı,Portale Zz'Rot,it
Zz'Rot Portal,Portale Zz'Rot,it
Zz'Rot-Portal,Portale Zz'Rot,it
Zz'Rot-kapu,Portale Zz'Rot,it
Zákeřná monetizace,Monetizzazione infida,it
Základ přední řady,Fondamenta di prima linea,it
Záložní luky,Archi da supporto,it
Záporozó könnyek,Fiumi di lacrime,it
Závěrečný spurt,Prevalere,it
Zářivý rošťák,Canaglia radiosa,it
Zéfiro,Zefiro,it
Zéphyr,Zefiro,it
Zügiger Doppelkill,Doppia uccisione rapida,it
Ząb Nashora,Dente di Nashor,it
Złote Jajo,L'uovo dorato,it
Złote Pole Yasuo,Esagono dorato di Yasuo,it
Złote Ryzyko,Scommessa dorata,it
Złoty Smok,Il Drago dorato,it
Złowroga Monetyzacja,Monetizzazione infida,it
¡Bonk!,Bonk!,it
¡Estadísticas a tutiplén!,Pioggia di statistiche!,it
¡Milestadísticas!,Pioggia di statistiche!,it
¡Pum!,Bonk!,it
¡Sube de nivel!,Aumento di livello!,it
¡Subes de nivel!,Aumento di livello!,it
¿A qué precio?,A quale prezzo,it
¿Hacemos un Muñeco?,Fantoccificazione,it
¿Te Sientes con Suerte?,Ti senti fortunato?,it
À toute meepesse,Velocità termipponale,it
Ábrete Camino,Aprire un passaggio,it
Ác Nữ,Signora Oscura,it
Állhatatos szív,Cuor saldo,it
Ám Ảnh Của Varus,Ossessione di Varus,it
Ánima,Anima,it
Áo Choàng Bóng Tối,Fine della notte,it
Áo Choàng Bạc,Mantello di Negatron,it
Áo Choàng Chiến Thuật,Mantello dello stratega,it
Áo Choàng Diệt Vong,Disperazione eterna,it
Áo Choàng Gai,Corpetto di rovi,it
Áo Choàng Lửa,Mantello del Sole,it
Áo Choàng Mờ Ám,Impermeabile sospetto,it
Áo Choàng Thủy Ngân,Argento vivo,it
Áo Choàng Tĩnh Lặng,Veste della stabilità,it
Árbitro,Arbitro,it
Árnybáb,Burattino d'ombra,it
Árvore de Características,L'Albero dei tratti,it
Ân Huệ Của Ahri,Dono di Ahri,it
Ân Huệ Của Aurelion Sol,Dono di Aurelion Sol,it
Ân Huệ Của Ekko,Dono di Ekko,it
Ân Huệ Của Evelynn,Dono di Evelynn,it
Ân Huệ Của Kayle,Dono di Kayle,it
Ân Huệ Của Soraka,Dono di Soraka,it
Ân Huệ Của Thresh,Dono di Thresh,it
Ân Huệ Của Varus,Dono di Varus,it
Ân Huệ Của Yasuo,Dono di Yasuo,it
Ân Huệ Tái Sinh,Dono della resurrezione,it
Ägide der Abenddämmerung,Egida del Crepuscolo,it
Ägide der Morgendämmerung,Egida dell'Aurora,it
Çelik İntikam,Dea delle Armi,it
Çelikten Yürek,Cuore d'acciaio,it
Çifte Ödül,Coda in duo,it
Échos réparateurs,Echi curativi,it
Édes falatok,Dolci,it
Égida del Amanecer,Egida dell'Aurora,it
Égida del Ocaso,Egida del Crepuscolo,it
Égida del amanecer,Egida dell'Aurora,it
Égida del anochecer,Egida del Crepuscolo,it
Égide da Alvorada,Egida dell'Aurora,it
Égide de l'aube,Egida dell'Aurora,it
Égide do Crepúsculo,Egida del Crepuscolo,it
Égide du crépuscule,Egida del Crepuscolo,it
Électrocharge,Elettrocarica,it
Élharcos,Avanguardia,it
Élharcos embléma,Emblema dell'Avanguardia,it
Énke,Amico dei Mippi,it
Énke embléma,Emblema dell'Amico dei Mippi,it
Énkesebesség,Velocità termipponale,it
Énkike,Mippino,it
Época,Epoca,it
Építhető kísérő,Costruisci un Compagno,it
Éradicateur,Eradicatore,it
Étincelle ionique,Scintilla ionica,it
Éveil de l'âme,Risveglio dell'anima,it
Éxito Crítico,Successo critico,it
Éxito crítico,Successo critico,it
Ídolo Prohibido,Idolo proibito,it
Ídolo Proibido,Idolo proibito,it
Ídolo prohibido,Idolo proibito,it
Îmbrâncire,Schiantare,it
Îmbrățișare de grup,Abbraccio di gruppo,it
Împrumut avansat,Finanziamento,it
În echipă,Fare squadra,it
Încărcare electrică,Elettrocarica,it
Înfățișarea sufletului,Corazza spirituale,it
Întețește focul,Alimentare le fiamme,it
Învingătorii iau totul,Lottatore professionista,it
Învățături timpurii,Primi insegnamenti,it
Óptica de Fijación de Objetivo,Ottica a puntamento assistito,it
Óptica de fijado de objetivos,Ottica a puntamento assistito,it
Óriásölő,Uccisore di giganti,it
Ô Hoàng Kim của Yasuo,Esagono dorato di Yasuo,it
Ôm Tập Thể,Abbraccio di gruppo,it
Ödüllü Müsabaka,Lottatore professionista,it
Ölüm Kılıcı,Lama mortale,it
Ölümcül Bıçaklar,Lame più letali,it
Öncü,Avanguardia,it
Öncü Amblemi,Emblema dell'Avanguardia,it
Örök paktum,Patto eterno,it
Összetartunk,Restiamo uniti,it
Összetevőrablás,Furto di componenti,it
Össztűz,Fuoco concentrato,it
Ösztönző medál,Medaglione diramante,it
Övszállítmány,Eccesso di cinture,it
Özel Yapım,Nuovo di zecca,it
Özellik Ağacı,L'Albero dei tratti,it
Özellik Seç,Scegli tratto,it
Özellikler Kitabı,Tomo dei tratti,it
Újonc,Nuova recluta,it
Újraalkotó,Ricombussolatore,it
Újrahasznosító láda,Raccolta differenziata,it
Újrasorsolás napestig,Cambio eterno,it
Últimas palabras,Sussurro fatale,it
Último Suspiro,Sussurro fatale,it
Último Sussurro,Sussurro fatale,it
Úsměv štěstěny,Ti senti fortunato?,it
Úsvit nad Stříbromořím,Alba di Silvermere,it
Útočníkův řemdih,Mazzafrusto dell'Assaltatore,it
Úvodní poznatky,Primi insegnamenti,it
Übergroßer Stab,Bastone colossale,it
Überlebender,Superstite,it
Übungspuppe,Fantoccio di addestramento,it
Ürességkesztyű,Guanto del Vuoto,it
Üçler Ordusu,Legione dei tre,it
Üçlük,Tripletta,it
Ý Chỉ Xích Chùy,La legge della mazza,it
Ăn Mòn,Corrosione,it
Ăn Trộm,Furtarello,it
Čekající kovárna,Forgia nascosta,it
Čepel smrti,Lama mortale,it
Červený buff,Buff rosso,it
Čistá mysl,Mente lucida,it
Částečné vyzdvižení,Ascensione parziale,it
Đai Khổng Lồ,Cintura del gigante,it
Đam Mê Gậy,Eccesso di bacchette,it
Đam Mê Kiếm,Eccesso di spade,it
Đam Mê Đai Lưng,Eccesso di cinture,it
Đao Chớp,Lame rotanti,it
Đao Tím,Speranza perduta,it
Đo Ni Đóng Giày,Guanti fortunati,it
Đá Hắc Hóa,Gioiello della rovina,it
Đánh Là Trúng,Colpire e basta,it
Đường Ra Trận,Sentiero di guerra,it
Được Này Mất Kia,Non proprio inutile,it
Đại Bác Liên Thanh,Archibugio a ripetizione,it
Đấu Sĩ,Combattente,it
Đầu Tư,Investitura,it
Đẩy Nhanh Tiến Độ,Mobilità aumentata,it
Đặc Quyền Phú Gia,Cucchiaio d'argento,it
Định Mệnh,Tessifato,it
Đồng Minh Của Bụt,Alleato del custode,it
Độc Hành,Esuli,it
Đội Hình Tối Ưu,Configurazione massima,it
Động Cơ Tăng Tốc,Acceleratore meccanico,it
İdman Eldiveni,Guantoni,it
İhtiyaç Paketi,Pacchetto di aiuti,it
İki Elin Sesi Var,Due volte il valore,it
İki Kat Güçlendirme,"Un buff, due buff",it
İkinci Şans,Secondo fiato,it
İkiz Muhafızlar,Guardiani gemelli,it
İleri Görüşlülük,Lungimiranza,it
İleri Safha Gücü,Crescita a fine partita,it
İleri Safhalarda Görüşürüz,Specialista del finale,it
İlk Öğretiler,Primi insegnamenti,it
İstilacı Zed,Zed Invasore,it
İyon Kıvılcımı,Scintilla ionica,it
Ładunek Elektryczny,Elettrocarica,it
Łamacze Czasu,Spezzatempo,it
Ławka Pandory,Panca di Pandora,it
Łubudu!,Bonk!,it
Łuki Zapasowe,Archi da supporto,it
Łut Szczęścia,Ti senti fortunato?,it
Łza Bogini,Lacrima della dea,it
Łącze Cybernetyczne,Collegamento cibernetico,it
Łącze Drona,Drone cablato,it
Œuf d'or,L'uovo dorato,it
Říční krab,Argogranchio,it
Ślubowanie Protektora,Voto del Protettore,it
Świetliste Wywyższenie Kayle,Esaltazione radiosa di Kayle,it
Świetlisty Szelma,Canaglia radiosa,it
Świeży Wyrób,Nuovo di zecca,it
Świt Srebrzystej,Alba di Silvermere,it
Şafak Kalkanı,Egida dell'Aurora,it
Şafağın Özü,Nucleo dell'alba,it
Şans Benimle,Ti senti fortunato?,it
Şanslı Eldiven,Guanti fortunati,it
Şanslı Hissediyorum,Richiamo al caos,it
Şapkat Nektarı,Succo Cappa,it
Şifalı Küreler,Sfere curative,it
Şifalı Yankılar,Echi curativi,it
Şok Dayanıklı,Doppia resistenza,it
Şövalyenin Adağı,Voto del cavaliere,it
Šplhání žebříčkem,Scalata verso il successo,it
Štít soumraku,Egida del Crepuscolo,it
Štít úsvitu,Egida dell'Aurora,it
Šťáva Cappa,Succo Cappa,it
Űrzúzda,Ritmo Spaziale,it
Űrzúzda embléma,Emblema del Ritmo Spaziale,it
Żelazne Zasoby,Risorse ferrose,it
Żywa Kuźnia,Forgia incarnata,it
Żywe Srebro,Argento vivo,it
Železné vybavení,Risorse ferrose,it
Živoucí kovárna,Forgia incarnata,it
Žoldnéř,Predone,it
Žďuch!,Bonk!,it
Țesător al destinului,Tessifato,it
Țintește spre stele,Su verso il cielo,it
Άατροξ,Aatrox,it
Άνιμα,Anima,it
Άξιζε η Αναμονή,Valeva la pena aspettare,it
Έζρεαλ,Ezreal,it
Έμβλημα N.O.V.A.,Emblema N.O.V.A.,it
Έμβλημα Άνιμα,Emblema Anima,it
Έμβλημα Αστρομάντη,Emblema dell'Astronomo,it
Έμβλημα Βοσκού,Emblema del Pastore,it
Έμβλημα Διεκδικητή,Emblema dello Sfidante,it
Έμβλημα Ελεύθερου Σκοπευτή,Emblema del Cecchino,it
Έμβλημα Εμπροσθοφυλακής,Emblema dell'Avanguardia,it
Έμβλημα Καβγατζή,Emblema del Combattente,it
Έμβλημα Κριτή,Emblema dell'Arbitro,it
Έμβλημα Μιπ,Emblema dell'Amico dei Mippi,it
Έμβλημα Πριμόρντιαν,Emblema del Primordiano,it
Έμβλημα Σελασπίδας,Stemma di Lightshield,it
Έμβλημα Σκοτεινού Ιππότη,Emblema del Predone,it
Έμβλημα Ταξιδευτή,Emblema del Viaggiatore,it
Έμβλημα Χρονοθραύστη,Emblema dello Spezzatempo,it
Έμβλημα του Αλήτη,Emblema del Bandito,it
Έμβλημα του Διαστημικού Ρυθμού,Emblema del Ritmo Spaziale,it
Έμβλημα του Προτειχίσματος,Emblema del Bastione,it
Έμβλημα του Σκοτεινού Άστρου,Emblema Stella Oscura,it
Έμβλημα των Σιδηρών Σολάρι,Medaglione dei Solari di ferro,it
Ένα Κομμάτι Ζωή,Spaccato di vita,it
"Ένα, Δύο, Πέντε!","Uno, due, cinque!",it
"Ένα, Δύο, Τρία",Un due tre,it
Όλεθρος των Απέθαντων,Terrore dei lich,it
Όρκος του Ιππότη,Voto del cavaliere,it
Όρκος του Υπερασπιστή,Voto del Protettore,it
Όψη Πνευμάτων,Corazza spirituale,it
Ύποπτη Καπαρντίνα,Impermeabile sospetto,it
Αγωγός,Convogliatore,it
Αδάμαστος,L'indomabile,it
Αιγίδα της Αυγής,Egida dell'Aurora,it
Αιγίδα του Δειλινού,Egida del Crepuscolo,it
Αιμοδιψής,La Bramasangue,it
Αιχμή του Απείρου,Frammento d'infinito,it
Αιώνας,Epoca,it
Αιώνια Διαθήκη,Patto eterno,it
Ακάλι,Akali,it
Ακλόνητη Καρδιά,Cuor saldo,it
Αλήτης,Bandito,it
Αμοιβαίο Κεφάλαιο,Fondo speculativo,it
Ανέλιξη,Mobilità aumentata,it
Αναλογική αύξηση προς το τέλος του παιχνιδιού,Crescita a fine partita,it
Αναμονή του Απροσδόκητου,L'atteso inaspettato,it
Ανασυνδυαστής,Ricombussolatore,it
Ανεβαίνοντας στην Κατάταξη,Scalata verso il successo,it
Ανταπόδοση,Rappresaglia,it
Αντιγραφέας,Replicante,it
Αντικείμενα Πανδώρας,Oggetti di Pandora,it
Απέραντη Απόγνωση,Disperazione eterna,it
Απαγορευμένο Είδωλο,Idolo proibito,it
Απατεώνας,Truffatore,it
Απλωμένες Ρίζες,Radici diffuse,it
Αποθεωτικό Σιδηρουργείο,Forgia apoteotica,it
Αποκλειστική Προσαρμογή,Personalizzazione esclusiva,it
Απομίμηση,Replica,it
Αποφασιστικότητα του Τιτάνα,Determinazione del titano,it
Αρετή του Μάρτυρα,Virtù del martire,it
Ασημένιο Κουτάλι,Cucchiaio d'argento,it
Ασπίδα για Έναν,Corazza singola,it
Ασπίδα του Συμβούλου,Scudo dello stratega,it
Αστρικός Συνδυασμός,Combo stellare,it
Αστρομάντης,Astronomo,it
Ατσάλινοι Πόροι,Risorse ferrose,it
Αυγή στο Σίλβερμιρ,Alba di Silvermere,it
Αυτοσχέδια Πανοπλία,Armatura improvvisata,it
Αφύπνιση Ψυχής,Risveglio dell'anima,it
Βάρα και Σκάσε,Colpire e basta,it
Βάρδος,Bard,it
Βέιγκαρ,Veigar,it
Βίκτορ,Viktor,it
Βίκτορ της Απόκρυφης Γνώσης,Viktor-ia di Arcane,it
Βαρύ Τίμημα,A quale prezzo,it
Βελτιστοποίηση,Il massimo con il minimo,it
Βεξ,Vex,it
Βιονικά Εμφυτεύματα,Impianti cibernetici,it
Βιονική Ζεύξη,Collegamento cibernetico,it
Βοσκός,Pastore,it
Βρες Το Κέντρο Σου,Trova il tuo centro,it
Γ.Μ.Τ. Σπαθί,M.C. Spada,it
Γάντι του Κενού,Guanto del Vuoto,it
Γάντια Μονομαχίας,Guantoni,it
Γάντια του Κλέφτη,Guanti del ladro,it
Γάντια του Φούρναρη,Muffole,it
Γαλαξιακός Κυνηγός,Cacciatore galattico,it
Γαριδρομέας,Argogranchio,it
Γιαταγάνι Φαντασμάτων,Sciabola spettrale,it
Γκναρ,Gnar,it
Γκουέν,Gwen,it
Γκράγκας,Gragas,it
Γκρέιβς,Graves,it
Γκόλεμ,Golem,it
Γνωσιακή Υπερφόρτιση,Sovraccarico cognitivo,it
Γνωσιακό Κόστος,Tributo cognitivo,it
Γρήγορη Διπλή Εξόντωση,Doppia uccisione rapida,it
Γρήγορη Εκκίνηση,Messa in moto,it
Δάκρυ της Θεάς,Lacrima della dea,it
Δάνειο για προχωρημένους,Finanziamento,it
Δίδυμοι Φύλακες,Guardiani gemelli,it
Δεν Υποχωρούμε,Tenete la posizione,it
Δεσμευτική Στρατηγική,Scommessa rischiosa,it
Διάβρωση,Corrosione,it
Διάταξη,Formazione,it
Διαδρομή Πολέμου,Sentiero di guerra,it
Διαστημικός Ρυθμός,Ritmo Spaziale,it
Διεκδικητής,Sfidante,it
Διεφθαρμένο Βαμπιρικό Σκήπτρο,Scettro vampirico corrotto,it
Διοικήτρια Άνιμα,Comandante Anima,it
Διοικητής,Comandante,it
Διπλή Αξία,Due volte il valore,it
Δοκίμασε Την Τύχη Σου,Ti senti fortunato?,it
Δόντι του Νάσορ,Dente di Nashor,it
Δόρυ του Σοτζίν,Lancia di Shojin,it
Δύο Ντούκια,Doppia resistenza,it
Δώρο Γενεθλίων,Regalo di compleanno,it
Δώσε,Schiantare,it
Εδραιωμένη Εμπροσθοφυλακή,Fondamenta di prima linea,it
Εδώ οι Καλές Ενισχύσεις,"Un buff, due buff",it
Εδώ το Παραδάκι,Fame di denaro,it
Ειδικός Τελικών Σταδίων Παιχνιδιού,Specialista del finale,it
Εισβολέας Ζεντ,Zed Invasore,it
Εκπαίδευση Σωματοφύλακα,Addestramento da Guardia del corpo,it
Εκπτώσεις-φωτιά,Saldi imperdibili,it
Εκρηκτική Ανάπτυξη,Crescita esplosiva,it
Εκστρατεία,Spedizione,it
Ελαφρώς Μαγική Ζαριά,Tiro lievemente magico,it
Ελεύθερος Σκοπευτής,Cecchino,it
Εμπορικός Πυρήνας,Fulcro del commercio,it
Εμπορικός Τομέας,Settore dello scambio,it
Εμπροσθοφυλακή,Avanguardia,it
Ενισχυμένη Ισχύς,Potere dell'Impianto,it
Εξολοθρευτής,Eradicatore,it
Εξόριστοι,Esuli,it
Εξύψωση,Ascensione,it
Επέκταση,Su tutti i fronti,it
Επένδυση,Investitura,it
Επίχρυσο Ατσάλι,Acciaio brillante,it
Επαγγελματίας Δολοφόνος,Sicario,it
Επαγγελματίας Μαχητής,Lottatore professionista,it
Επανεκκίνηση Αποστολής,Riavvia missione,it
Επιζών,Superstite,it
Επικίνδυνες Κινήσεις,Mosse rischiose,it
Επικό Μπαρμπούτι,Cambio epico,it
Επιλέξτε Χαρακτηριστικό,Scegli tratto,it
Επόμενη Πίστα!,Aumento di livello!,it
Εστιασμένο Πυρ,Fuoco concentrato,it
Ευελιξία,Flessibilità,it
Ευλογία Ανάστασης,Dono della resurrezione,it
Ευλογία του Νταή,Dono dell'aggiustatutto,it
Ευπροσάρμοστο Κράνος,Elmo adattivo,it
Εφεδρικά Τόξα,Archi da supporto,it
Ζάια,Xayah,it
Ζέφυρος,Zefiro,it
Ζεντ,Zed,it
Ζεύξη με Ντρόουν,Drone cablato,it
Ζοφερός Κήρυκας του Ζέκε,Tetro araldo di Zeke,it
Ζωντανή Πυρά,Forgia incarnata,it
Ζόη,Zoe,it
Ζώνη του Γίγαντα,Cintura del gigante,it
Η Έξαρση της Κέιλ,Esaltazione di Kayle,it
Η Ακτινοβόλος Έξαρση της Κέιλ,Esaltazione radiosa di Kayle,it
Η Αύρα της Άρι,Aura di Ahri,it
Η Εμμονή του Βάρους,Ossessione di Varus,it
Η Μεγάλη Έκρηξη,Big Bang,it
Η Ξιφασκία του Υασούο,Gioco di lama di Yasuo,it
Η Υπομονή Είναι Αρετή,La pazienza è una virtù,it
Η Υπομονή του Έκκο,Pazienza di Ekko,it
Η Ψυχή του Πάρτι,Animale da festa,it
Η ομάδα πάνω απ' όλα,Fare squadra,it
Ηλεκτροφόρτιση,Elettrocarica,it
Ημιαγωγός,Semiconduttore,it
Ηρωικός Σάκος Δώρων,Borsa eroica,it
Θέατρο Σκιών,Burattino d'ombra,it
Θέληση του Ροπάλου,La legge della mazza,it
Θαμμένοι Θησαυροί,Tesori sepolti,it
Θανάσιμα Καπέλα,Cappelli più letali,it
Θεά των Όπλων,Dea delle Armi,it
Θεϊκή Ευλογία,Benedetto dagli dei,it
Θεϊκός Μονομάχος,Duellante divino,it
Θυσία Αίματος,Sacrificio cruento,it
Θώρακας Κισσού,Corpetto di rovi,it
Ιαματικός Αντίλαλος,Echi curativi,it
Ιλλαόη,Illaoi,it
Ιστορική Ανατροπή,Storia di una rimonta,it
Ιόνιος Σπίθα,Scintilla ionica,it
Κάδος με Παλιοσίδερα,Raccolta differenziata,it
Κάι'Σα,Kai'Sa,it
Κάλεσμα στο Χάος,Richiamo al caos,it
Κάπα του Συμβούλου,Mantello dello stratega,it
Κάρμα,Karma,it
Κάτι Κάνω και Εγώ,Non proprio inutile,it
Κέιτλιν,Caitlyn,it
Κήρυκας του Ζέκε,Araldo di Zeke,it
Κίντρεντ,Kindred,it
Καβγατζής,Combattente,it
Καθαρό Μυαλό,Mente lucida,it
Κακόβουλα Έσοδα,Monetizzazione infida,it
Καλά Φιλαράκια,Migliori amici,it
Κανόνι από Γυαλί,Cannone di cristallo,it
Καπέλο του Ράμπαντον,Copricapo di Rabadon,it
Καρδιά από Ατσάλι,Cuore d'acciaio,it
Καταιγίδα του Λούντεν,Tempesta di Luden,it
Καταναλωτική Μανία,Shopping scatenato,it
Καταραμένη Λεπίδα,Lama maledetta,it
Καταραμένο Πετράδι,Gioiello della rovina,it
Καταραμένο Στέμμα,Corona maledetta,it
Καταστροφέας,Catastrofista,it
Κατοπτρισμένη Προσωπικότητα,Personalità speculare,it
Κατώτερη Κατοπτρισμένη Προσωπικότητα,Personalità speculare minore,it
Καχουναχούνα,Kahunahuna,it
Κολοσσιαία Ύδρα,Idra titanica,it
Κοσμική Επανεκκίνηση,Riavvio cosmico,it
Κουζίνα του Συμβούλου,Cucina dello Stratega,it
Κουκλοποίηση,Fantoccificazione,it
Κούκλα Εκπαίδευσης,Fantoccio di addestramento,it
Κούκλες Δοκιμής Σύγκρουσης,Fantocci da crash test,it
Κρίσιμη Επιτυχία,Successo critico,it
Κριτής,Arbitro,it
Κρυφό Εργαστήριο,Forgia nascosta,it
Κυνήγι Θησαυρού,Caccia al tesoro,it
Κυρτό Τόξο,Arco ricurvo,it
Κόκκινη Ενίσχυση,Buff rosso,it
Κόπανος Εφόδου,Mazzafrusto dell'Assaltatore,it
Κόρκι,Corki,it
Κύπελλο της Δύναμης,Calice del potere,it
ΛεΜπλάν,LeBlanc,it
Λεγεώνα των Τριών,Legione dei tre,it
Λειτουργία Αγωγού,Modalità Convogliatore,it
Λειτουργία Αντιγραφέα,Modalità replicante,it
Λειτουργία Διεκδικητή,Modalità sfidante,it
Λελογισμένη Ήττα,Perdite calcolate,it
Λεπίδα Θανάτου,Lama mortale,it
Λεπίδα της Νύχτας,Fine della notte,it
Λεόνα,Leona,it
Ληστεία Συστατικών,Furto di componenti,it
Λισάντρα,Lissandra,it
Λογαριασμός Ταμιευτηρίου,Conto dei risparmi,it
Λούλου,Lulu,it
Λυτρωτής,Redentore,it
Μάζωξη γενεθλίων,Ritrovo di compleanno,it
Μάντης,Oracolo,it
Μάστερ Γι,Master Yi,it
Μέγιστο Build,Configurazione massima,it
Μένουμε Ενωμένοι,Restiamo uniti,it
Μίλιο,Milio,it
Μίνι Μαύρη Τρύπα,Mini Buco nero,it
Μαγική Ζαριά,Un tiro magico,it
Μαγικό Υφαντό,Tela magica,it
Μαγοτεχνικό Σπαθοπίστολο,Pistola a lame hextech,it
Μαζί Ενωμένοι,Uniti nelle difficoltà,it
Μαζί στο Φως των Προβολέων του Υασούο,Ribalta condivisa di Yasuo,it
Μαθήματα Πυγμαχίας,Lezioni di pugilato,it
Μανδύας Εξουδετέρωσης,Mantello di Negatron,it
Μανδύας του Ήλιου,Mantello del Sole,it
Μαοκάι,Maokai,it
Μεγάλοι Και Τρανοί,Grande e possente,it
Μερική Εξύψωση,Ascensione parziale,it
Μεταφορά Φορτίου,Trasferimento carica,it
Μια Ένδοξη Περιπέτεια,Un'avventura gloriosa,it
Μικροί Στο Μάτι,"Piccole, ma letali",it
Μικροσκοπικοί Τιτάνες,Mini Titani,it
Μικρούληδες Φίλοι,Piccoli alleati,it
Μικρός Σάκος Δώρων,Borsa piccola,it
Μιπ,Amico dei Mippi,it
Μιπίδιο,Mippino,it
Μις Φόρτσουν,Miss Fortune,it
Μοργκάνα,Morgana,it
Μορελονομικόν,Morellonomicon,it
Μορντεκάιζερ,Mordekaiser,it
Μπελ'Βεθ,Bel'Veth,it
Μπλίτζκρανκ,Blitzcrank,it
Μπλε Ενίσχυση,Buff blu,it
Μπονκ!,Bonk!,it
Μπράιαρ,Briar,it
Νάμι,Nami,it
Νάσους,Nasus,it
Νεοσύλλεκτος,Nuova recluta,it
Νούνου και Γουίλαμπ,Nunu e Willump,it
Ντιάνα,Diana,it
Ντόρτια,In quattro e quattr'otto,it
Νύχι του Δράκου,Artiglio del drago,it
Νύχια του Λωποδύτη,Artiglio del predatore,it
Ο Δολοφόνος που δεν Κάνει Διακρίσεις,Uccisore indiscriminato,it
Ο Πάγκος της Πανδώρας,Panca di Pandora,it
Ο Πρωταγωνιστής δεν Πεθαίνει,Protezione di trama,it
Ο Πύργος,La Torre,it
Ο Χρυσός Δράκος,Il Drago dorato,it
Ο πιο Μικροσκοπικός Τιτάνας,Titano minuscolo,it
"ΟΧΙ ΠΑΡΑΚΟΛΟΥΘ., ΟΧΙ ΑΛΛΑΓΕΣ",NÉ ESPLORATORE NÉ STRATEGA,it
Οι Απροσάρμοστοι,Misfits,it
"Οικονόμος, όχι Τσιγκούνης",Spesa oculata,it
Ολοκαίνουργιο,Nuovo di zecca,it
Ομαδική Αγκαλιά,Abbraccio di gruppo,it
Οπτικά Συστήματα Στόχευσης,Ottica a puntamento assistito,it
Οργή του Κράκεν,Furia del kraken,it
Οργανικό Εμφύτευμα,Impianto empatico,it
Οργισμένο Σπαθί του Γκουίνσου,Furia di Guinsoo,it
Ορν,Ornn,it
Ουρά Αναμονής Για Δύο,Coda in duo,it
Ούργκοτ,Urgot,it
Πάικ,Pyke,it
Πάνθεον,Pantheon,it
Πέπλο Δειλινού,Velo costante,it
Πέπλο της Σιωπής,Veste della stabilità,it
Πέτρινη Πανοπλία του Γκαργκόιλ,Lastrapietra del gargoyle,it
Πακέτο Ενίσχυσης,Bustina,it
Πακέτο Φροντίδας,Pacchetto di aiuti,it
Πανοπλία του Γόρμογκ,Armatura di Warmog,it
Παρανοϊκό Ξίφος,Speranza perduta,it
Παρασιτική Ζωτικότητα,Vitalità vampirica,it
Παρενέργειες,Effetti collaterali,it
Περίσσευμα Ζωνών,Eccesso di cinture,it
Περίσσευμα Ραβδιών,Eccesso di bacchette,it
Περίσσευμα Σπαθιών,Eccesso di spade,it
Περίτεχνη Δημιουργία,Creazione artigianale,it
Περικάρπιο του Ερευνητή,Parabraccia del cercatore,it
Περιττά Τεράστια Ράβδος,Bastone colossale,it
Περπάτα στα Κάρβουνα,Alimentare le fiamme,it
Πετραδένιο Γάντι,Guanto ingioiellato,it
Πετραδένιος Λωτός,Loto ingioiellato,it
Πηγαίνοντας Μακριά,Andare per le lunghe,it
Πιο Θανάσιμες Λεπίδες,Lame più letali,it
Πλέγμα Κακόβουλου Λογισμικού,Matrice malware,it
Πνεύμα Λύτρωσης,Spirito di redenzione,it
Πολλά Στατιστικά!,Pioggia di statistiche!,it
Πολλές Ανανεώσεις,Cambio eterno,it
Πολυκαιρισμένο Κειμήλιο,Reliquia appassita,it
Πολυτελής Συνδρομή,Abbonamento di lusso,it
Πολύπλευρο Κέρδος,Prevalere,it
Πριμόρντιαν,Primordiano,it
Πρισματικό Εισιτήριο,Biglietto prismatico,it
Προνοητική Σκέψη,Lungimiranza,it
Προστασία από Άπειρο,Protezione infinita,it
Προτείχισμα,Bastione,it
Προτείχισμα,Baluardo,it
Πρόκληση του Στέρακ,Pegno di Sterak,it
Πρώιμες Διδαχές,Primi insegnamenti,it
Πόπι,Poppy,it
Πύλη Ζζ'Ροτ,Portale Zz'Rot,it
Ράαστ,Rhaast,it
Ράβδος του Κενού,Bastone del Vuoto,it
Ράβδος των Σεραφίμ,Scettro serafino,it
Ράμους,Rammus,it
Ρίβεν,Riven,it
Ραβδί Αρχάγγελου,Scettro dell'arcangelo,it
Ρεκ'Σάι,Rek'Sai,it
Σάκος Δώρων,Borsa degli oggetti,it
Σάκος Δώρων του Ουρφ,Borsa di Urf,it
Σάκος Μεγάλου Κάβουρα,Borsa grande,it
Σαμίρα,Samira,it
Σεν,Shen,it
Σιδερόπλεκτο Γιλέκο,Cotta di maglia,it
Σκοτεινή Κυρία,Signora Oscura,it
Σκοτεινό Άστρο,Stella Oscura,it
Σκοτεινός Ιππότης,Predone,it
Σκοτισμένο Μυαλό,Mente confusa,it
Σμιλεμένο με Δύναμη,Forgiato nella forza,it
Σοκολατάκια,Dolci,it
Σούφρωμα,Furtarello,it
Σπάτουλα,Spatola,it
Στέμμα του Συμβούλου,Corona dello Stratega,it
Στεμματοφύλακας,Corona reale,it
Στιλέτο Στατικού Ηλεκτρισμού,Pugnale di Statikk,it
Στόχος μας τα Άστρα,Su verso il cielo,it
Συγκέντρωση Δυνάμεων,Secondo fiato,it
Συγκέντρωση Ορίζοντα,Concentrazione dell'orizzonte,it
Συμμορία,Banda di ladri,it
Συμμορία II,Banda di ladri II,it
Συνδρομητική Υπηρεσία,Servizio ad abbonamento,it
Συνεχής Επίκληση,Evocazione continua,it
Συντήρηση Βιοΰλης,Conservatore di biomateria,it
Σφαίρες Θεραπείας,Sfere curative,it
Σχέδιο Οπισθοφυλακής,Schema della retroguardia,it
Σόλο Άνοδος Επιπέδου,Aumento di livello in solitaria,it
Σόνα,Sona,it
Σύμμαχος του Οδοιπόρου,Alleato del custode,it
Σύσφιξη Δεσμών,Team building,it
Τάλον,Talon,it
Τίμο,Teemo,it
Τα Δάκρυα Κύλησαν,Fiumi di lacrime,it
Ταμ Κεντς,Tahm Kench,it
Ταμπλό του Ήλιου,Plancia del Sole,it
Ταξιδευτής,Viaggiatore,it
Τελευταίος Ψίθυρος,Sussurro fatale,it
Τερμιπική Ταχύτητα,Velocità termipponale,it
Τεχνίτης Ραβδιών,Fabbricante di bastoni,it
Τεχνίτης Σπαθιών,Fabbricante di spade,it
Τζαξ,Jax,it
Τζιν,Jhin,it
Τζινξ,Jinx,it
Τηγάνι,Padella,it
Τιμή σε Αίμα,Pegno di sangue,it
Τιμή του Πολέμαρχου,L'onore del Signore della guerra,it
Το Ένστικτο της Έβελιν,Istinto di Evelynn,it
Το Δέντρο των Χαρακτηριστικών,L'Albero dei tratti,it
Το Δώρο της Άρι,Dono di Ahri,it
Το Δώρο της Έβελιν,Dono di Evelynn,it
Το Δώρο της Κέιλ,Dono di Kayle,it
Το Δώρο της Σοράκα,Dono di Soraka,it
Το Δώρο του Έκκο,Dono di Ekko,it
Το Δώρο του Βάρους,Dono di Varus,it
Το Δώρο του Θρες,Dono di Thresh,it
Το Δώρο του Υασούο,Dono di Yasuo,it
Το Δώρο του Ωρέλιον Σολ,Dono di Aurelion Sol,it
Το Θαύμα της Σοράκα,Miracolo di Soraka,it
Το Λημέρι του Βαρόνου,Tana del Barone,it
Το Μέγεθος Μετράει,Le dimensioni contano,it
Το Πανίσχυρο Mech,Il potente Mech,it
Το Στέμμα Είναι Βαρύ,Pesante è la corona,it
Το Τέχνασμα του Ουρφ,Azzardo di Urf,it
Το Τεσσάρι το Καλό,Che il Quattro sia con te,it
Το Τόξο μου στη Διάθεσή σου,Hai il mio arco,it
Το Φανάρι του Θρες,Lanterna di Thresh,it
Το Χαρντκόρε Της Αυγής,Nucleo dell'alba,it
Το Χρυσό Αυγό,L'uovo dorato,it
Τονωτικό Μενταγιόν,Medaglione diramante,it
Τουίστεντ Φέιτ,Twisted Fate,it
Τρίδυμο,Tripletta,it
Τρεμολεπίδες,Lame rotanti,it
Τσεκούρι της Κόλασης,Accetta infernale,it
Τσο'Γκαθ,Cho'Gath,it
Τυχερά Γάντια,Guanti fortunati,it
Τόμος Χαρακτηριστικών,Tomo dei tratti,it
"Τώρα Κλαις, Γιατί Κλαις",Fiumi di lacrime,it
Τώρα Που Έχω Ρέντα,Giù come birilli,it
ΥΠΕΡΤΑΧYΤΑΤΟ ΠΥΡ,U.R.F.,it
Υδράργυρος,Argento vivo,it
Υπέρλαμπρος Κατεργάρης,Canaglia radiosa,it
Υπομονετική Μελέτη,Studio paziente,it
Υφάντρα της Μοίρας,Tessifato,it
Υψηλή Τάση,Alta tensione,it
Φαρμάρισμα Αύρας,Farmare l'aura,it
Φιζ,Fizz,it
Φιόρα,Fiora,it
Φλεγόμενο Ολμοβόλο,Archibugio a ripetizione,it
Φολιδωτή Ουσία,Essenza Scaglialucida,it
Φονέας Γιγάντων,Uccisore di giganti,it
Φορητό Εργαστήριο,Forgia portatile,it
Φτιάξε Έναν Φίλο,Forgia un amico,it
Φτιάξε τον Δικό σου Φίλο,Amico fai-da-te,it
Φτιάξτε έναν σύντροφο,Costruisci un Compagno,it
Φυλαχτό της Εξύψωσης,Talismano dell'ascensione,it
Χάλκινη για Πάντα,Bronzo per la vita,it
Χέρι της Δικαιοσύνης,Mano della giustizia,it
Χαμένες Συνδέσεις,Coincidenze perse,it
Χαράξτε Μονοπάτι,Aprire un passaggio,it
Χαρτζιλίκι,Soldi per il pranzo,it
Χρηματοθύελλα,Monsoni sonanti,it
Χρονοθραύστης,Spezzatempo,it
Χρυσό Εξάγωνο του Υασούο,Esagono dorato di Yasuo,it
Χρυσό Ποντάρισμα,Scommessa dorata,it
Χυμός Κάπα,Succo Cappa,it
Ψαροκόκκαλο,Fishbones,it
Ψυχογενές Έμβλημα,Emblema Psionico,it
Ψυχογενής,Psionico,it
Ωρέλιον Σολ,Aurelion Sol,it
Ωρολογιακός Επιταχυντής,Acceleratore meccanico,it
Ωρόρα,Aurora,it
Авангард,Avanguardia,it
Аврора,Aurora,it
Агрессивная монетизация,Monetizzazione infida,it
Адаптивный шлем,Elmo adattivo,it
Акали,Akali,it
Арбитр,Arbitro,it
Арена солнечного пламени,Plancia del Sole,it
Атрокс,Aatrox,it
Аугментированная сила,Potere dell'Impianto,it
Аура Ари,Aura di Ahri,it
Аурелион Сол,Aurelion Sol,it
Бард,Bard,it
Башня,La Torre,it
Бел'Вет,Bel'Veth,it
Бесконечное отчаяние,Disperazione eterna,it
Благословлен.,Benedetto dagli dei,it
Близость удачи,Ti senti fortunato?,it
Блицкранк,Blitzcrank,it
Божественный дуэлянт,Duellante divino,it
Более смертельные шляпы,Cappelli più letali,it
Больше – лучше,Le dimensioni contano,it
Большой взрыв,Big Bang,it
Большой мешок с сюрпризом,Borsa grande,it
Боньк!,Bonk!,it
Брайер,Briar,it
Бронза навек,Bronzo per la vita,it
Бунтари,Misfits,it
Буря Людена,Tempesta di Luden,it
Бустер,Bustina,it
В лучах славы (Ясуо),Ribalta condivisa di Yasuo,it
В ударе,Giù come birilli,it
Варежки,Muffole,it
Вверх по головам,Scalata verso il successo,it
Вейгар,Veigar,it
Векс,Vex,it
Вербовка,Nuova recluta,it
Верное сердце,Cuor saldo,it
Вестник Зика,Araldo di Zeke,it
Вестник рока,Catastrofista,it
Вечерний покров,Velo costante,it
Вечное обновление,Cambio eterno,it
Вечный договор,Patto eterno,it
Взрывной рост,Crescita esplosiva,it
Виктор,Viktor,it
Возвышение Кейл,Esaltazione di Kayle,it
Возмездие,Rappresaglia,it
Вознесение,Ascensione,it
Волевая победа,Storia di una rimonta,it
Воля булавы,La legge della mazza,it
Воровская шайка,Banda di ladri,it
Воровская шайка II,Banda di ladri II,it
Восстанавливающий медальон,Medaglione diramante,it
Вредоносная матрица,Matrice malware,it
Вредоносный самоцвет,Gioiello della rovina,it
Второе дыхание,Secondo fiato,it
Выбор особенности,Scegli tratto,it
Выбор сделан,NÉ ESPLORATORE NÉ STRATEGA,it
Выгодное предложение,Spesa oculata,it
Выживший,Superstite,it
Высокая ценность,Due volte il valore,it
Высокое напряжение,Alta tensione,it
Галактика грува,Ritmo Spaziale,it
Гамбит Урфа,Azzardo di Urf,it
Гвен,Gwen,it
Герб Лайтшилдов,Stemma di Lightshield,it
Геройский мешок с сюрпризом,Borsa eroica,it
Гибкость,Flessibilità,it
Гнар,Gnar,it
Голем,Golem,it
Головокружение,Mente confusa,it
Головорез,Bandito,it
Горнило испытаний,Forgiato nella forza,it
Грабеж,Furtarello,it
Грагас,Gragas,it
Грань Бесконечности,Frammento d'infinito,it
Грань ночи,Fine della notte,it
Грейвз,Graves,it
Гроза Личей,Terrore dei lich,it
Гроза галактики,Dea delle Armi,it
Групповые обнимашки,Abbraccio di gruppo,it
Гуляка,Animale da festa,it
Да пребудет с вами сила четверки,Che il Quattro sia con te,it
Дальновидность,Lungimiranza,it
Дар Ари,Dono di Ahri,it
Дар Аурелиона Сола,Dono di Aurelion Sol,it
Дар Варуса,Dono di Varus,it
Дар Кейл,Dono di Kayle,it
Дар Сораки,Dono di Soraka,it
Дар Треша,Dono di Thresh,it
Дар Эвелинн,Dono di Evelynn,it
Дар Экко,Dono di Ekko,it
Дар Ясуо,Dono di Yasuo,it
Дар возрождения,Dono della resurrezione,it
Дар ремесленника,Dono dell'aggiustatutto,it
Два стража,Guardiani gemelli,it
Двойная защита,Doppia resistenza,it
Дебошир,Combattente,it
Дерево особенностей,L'Albero dei tratti,it
Держать строй!,Tenete la posizione,it
Держимся вместе,Restiamo uniti,it
Джакс,Jax,it
Джин,Jhin,it
Джинкс,Jinx,it
Диана,Diana,it
Добродетель мученика,Virtù del martire,it
Доспех Вармога,Armatura di Warmog,it
Драгоценная перчатка,Guanto ingioiellato,it
Драгоценный лотос,Loto ingioiellato,it
Дух искупления,Spirito di redenzione,it
Жажда золота,Fame di denaro,it
Железный аргумент,Risorse ferrose,it
Живая кузница,Forgia incarnata,it
Живучесть вампира,Vitalità vampirica,it
Жулик,Truffatore,it
Задира,Sfidante,it
Закопанные сокровища,Tesori sepolti,it
Западный ветер,Zefiro,it
Запасные луки,Archi da supporto,it
Запретный идол,Idolo proibito,it
Заточка Статикка,Pugnale di Statikk,it
Защита вечности,Protezione infinita,it
Звездная комбинация,Combo stellare,it
Звездочет,Astronomo,it
Звериный отряд,Anima,it
Зед,Zed,it
Зеркальное отражение,Personalità speculare,it
Златоносная сущность,Essenza Scaglialucida,it
Зов хаоса,Richiamo al caos,it
Зои,Zoe,it
Золотая ячейка Ясуо,Esagono dorato di Yasuo,it
Золотое яйцо,L'uovo dorato,it
Золотой дракон,Il Drago dorato,it
Золотой риск,Scommessa dorata,it
Золотой ураган,Monsoni sonanti,it
Зуб Нашора,Dente di Nashor,it
Игра в команде,Fare squadra,it
Игра в паре,Coda in duo,it
Игра вдолгую,Andare per le lunghe,it
Избиение,Schiantare,it
Изгнание,Esuli,it
Изогнутый лук,Arco ricurvo,it
Иллаой,Illaoi,it
Инвестиции,Investitura,it
Инстинкты Эвелинн,Istinto di Evelynn,it
Ионийская искра,Scintilla ionica,it
Искупитель,Redentore,it
Искусное искусство,Creazione artigianale,it
Испытание Стерака,Pegno di Sterak,it
Иссушенная реликвия,Reliquia appassita,it
Истребитель,Eradicatore,it
Кай'Са,Kai'Sa,it
Какой ценой?,A quale prezzo,it
Каменный доспех гаргульи,Lastrapietra del gargoyle,it
Карма,Karma,it
Карманные деньги,Soldi per il pranzo,it
Карьерный рост,Mobilità aumentata,it
Кахунахуна,Kahunahuna,it
Кейтлин,Caitlyn,it
Киберимпланты,Impianti cibernetici,it
Киберподдержка,Collegamento cibernetico,it
Киндред,Kindred,it
Клинок смерти,Lama mortale,it
Клинок ярости Гинсу,Furia di Guinsoo,it
Клятва защитника,Voto del Protettore,it
Клятва рыцаря,Voto del cavaliere,it
Книга особенностей,Tomo dei tratti,it
Когнитивная нагрузка,Tributo cognitivo,it
Когнитивная перегрузка,Sovraccarico cognitivo,it
Коготь дракона,Artiglio del drago,it
Коготь охотника,Artiglio del predatore,it
Кольчуга,Cotta di maglia,it
Командир,Comandante,it
Командир Звериного отряда,Comandante Anima,it
Конструктор,Amico fai-da-te,it
Копье Седзина,Lancia di Shojin,it
Корки,Corki,it
Королевский венец,Corona reale,it
Корона тактика,Corona dello Stratega,it
Коррозия,Corrosione,it
Космическое обновление,Riavvio cosmico,it
Кража компонентов,Furto di componenti,it
Красное усиление,Buff rosso,it
Критический успех,Successo critico,it
Кровавая цена,Pegno di sangue,it
Кровавое подношение,Sacrificio cruento,it
Кровопийца,La Bramasangue,it
Крошки-великаны,Mini Titani,it
Крупный займ,Finanziamento,it
Кузница апофеоза,Forgia apoteotica,it
Кусочек жизни,Spaccato di vita,it
Кухня тактика,Cucina dello Stratega,it
Ле Блан,LeBlanc,it
Легион троек,Legione dei tre,it
Леденящий Вестник Зика,Tetro araldo di Zeke,it
Леона,Leona,it
Летающие ножи,Lame rotanti,it
Лиссандра,Lissandra,it
Логово Барона,Tana del Barone,it
Лопатка,Spatola,it
Лулу,Lulu,it
Лучезарное возвышение Кейл,Esaltazione radiosa di Kayle,it
Лучезарный плут,Canaglia radiosa,it
Лучшая сборка,Configurazione massima,it
Лучшие друзья,Migliori amici,it
Магические кости,Un tiro magico,it
"Мал, да удал","Piccole, ma letali",it
Малая черная дыра,Mini Buco nero,it
Маленькие друзья,Piccoli alleati,it
Малое Зеркальное отражение,Personalità speculare minore,it
Манекенофикация,Fantoccificazione,it
Манекены для краш-тестов,Fantocci da crash test,it
Мантия тактика,Mantello dello stratega,it
Маокай,Maokai,it
Мародер,Predone,it
Мастер Йи,Master Yi,it
Мастер мечей,Fabbricante di spade,it
Мастер посохов,Fabbricante di bastoni,it
Мастерство Ясуо,Gioco di lama di Yasuo,it
Медальон Железных Солари,Medaglione dei Solari di ferro,it
Мешок предметов,Borsa degli oggetti,it
Мешок с сюрпризом Урфа,Borsa di Urf,it
Милио,Milio,it
Минмаксинг,Il massimo con il minimo,it
Мипер,Amico dei Mippi,it
Мипоритка,Mippino,it
Мисс Фортуна,Miss Fortune,it
Могучие исполины,Grande e possente,it
Моргана,Morgana,it
Мордекайзер,Mordekaiser,it
Мореллономикон,Morellonomicon,it
Мощь на позднем этапе,Crescita a fine partita,it
Н.О.В.А.,N.O.V.A.,it
Набор ауры,Farmare l'aura,it
Наемный убийца,Sicario,it
Накидка солнечного пламени,Mantello del Sole,it
Накопитель биомассы,Conservatore di biomateria,it
Накопительный вклад,Conto dei risparmi,it
Нами,Nami,it
Наручи Искательницы,Parabraccia del cercatore,it
Настоящий триумф,Prevalere,it
Насус,Nasus,it
Небольшой мешок с сюрпризом,Borsa piccola,it
Непрерывное колдовство,Evocazione continua,it
Несокрушимый,Bastione,it
Нет на месте,AFK,it
Неукротимость,L'indomabile,it
Нечестивый Вампирский скипетр,Scettro vampirico corrotto,it
Новинка,Nuovo di zecca,it
Новый уровень!,Aumento di livello!,it
Номер один,Coincidenze perse,it
Нуну и Виллумп,Nunu e Willump,it
Облачение духов,Corazza spirituale,it
Обновление с капелькой магии,Tiro lievemente magico,it
Одержимость Варуса,Ossessione di Varus,it
Один доспех,Corazza singola,it
"Один, два, три",Un due tre,it
"Одно усиление, два усиления","Un buff, due buff",it
Ожидаемая неожиданность,L'atteso inaspettato,it
Оплот,Baluardo,it
Оплот передней линии,Fondamenta di prima linea,it
Оправданное ожидание,Valeva la pena aspettare,it
Оптика с захватом цели,Ottica a puntamento assistito,it
Оракул,Oracolo,it
Орн,Ornn,it
Охота за сокровищами,Caccia al tesoro,it
Охотник Галактики,Cacciatore galattico,it
Пайк,Pyke,it
Пантеон,Pantheon,it
Пастух,Pastore,it
Перезапуск миссии,Riavvia missione,it
Переизбыток жезлов,Eccesso di bacchette,it
Переизбыток мечей,Eccesso di spade,it
Переизбыток поясов,Eccesso di cinture,it
Перенос заряда,Trasferimento carica,it
Переносная кузница,Forgia portatile,it
Переработка отходов,Raccolta differenziata,it
Перчатка Бездны,Guanto del Vuoto,it
Перчатки вора,Guanti del ladro,it
Плетение магии,Tela magica,it
Плечом к плечу,Uniti nelle difficoltà,it
Победа Виктора из ''Аркейна'',Viktor-ia di Arcane,it
Побочные эффекты,Effetti collaterali,it
Поглощающий плащ,Mantello di Negatron,it
Подарок на день рождения,Regalo di compleanno,it
Подготовка телохранителя,Addestramento da Guardia del corpo,it
Поднятие уровня в одиночку,Aumento di livello in solitaria,it
Подозрительный плащ,Impermeabile sospetto,it
Подписка,Servizio ad abbonamento,it
Позолоченная сталь,Acciaio brillante,it
Покров тишины,Veste della stabilità,it
Покупки,Shopping scatenato,it
Полупроводник,Semiconduttore,it
Поппи,Poppy,it
Портал Зз'Рота,Portale Zz'Rot,it
Посох Бездны,Bastone del Vuoto,it
Посох архангела,Scettro dell'arcangelo,it
Посох серафима,Scettro serafino,it
Построение,Formazione,it
Посылка,Pacchetto di aiuti,it
Пояс великана,Cintura del gigante,it
Празднование юбилея,Ritrovo di compleanno,it
Предметы Пандоры,Oggetti di Pandora,it
Предсмертный шепот,Sussurro fatale,it
Приз победителю,Lottatore professionista,it
Призматический билет,Biglietto prismatico,it
Призрачная сабля,Sciabola spettrale,it
Прицельная стрельба,Fuoco concentrato,it
Пришелец Зед,Zed Invasore,it
Пробуждение души,Risveglio dell'anima,it
Проводник,Convogliatore,it
Прокладывание пути,Aprire un passaggio,it
Проклятая корона,Corona maledetta,it
Проклятый клинок,Lama maledetta,it
Псионик,Psionico,it
Пугливый краб,Argogranchio,it
Путь к вершине,Un'avventura gloriosa,it
Путь к звездам,Su verso il cielo,it
Рааст,Rhaast,it
"Раз, два, пять!","Uno, due, cinque!",it
Разрушитель времени,Spezzatempo,it
Раммус,Rammus,it
Ранние уроки,Primi insegnamenti,it
Распаленное пламя,Alimentare le fiamme,it
Расползающиеся корни,Radici diffuse,it
Распродажа,Saldi imperdibili,it
Расширение дела,Su tutti i fronti,it
Режим задиры,Modalità sfidante,it
Режим проводника,Modalità Convogliatore,it
Режим репликатора,Modalità replicante,it
Рек'Сай,Rek'Sai,it
Рекомбинатор,Ricombussolatore,it
Реликт,Primordiano,it
Репликатор,Replicante,it
Репликация,Replica,it
Решимость титана,Determinazione del titano,it
Ривен,Riven,it
Рискованный ход,Mosse rischiose,it
Робот,Mecha,it
Роскошная подписка,Abbonamento di lusso,it
Рука правосудия,Mano della giustizia,it
С места в карьер,Messa in moto,it
С тобой мой лук,Hai il mio arco,it
Самира,Samira,it
Самодельный доспех,Armatura improvvisata,it
Самый Лучший Меч,M.C. Spada,it
Самый крошечный великан,Titano minuscolo,it
Самый могучий робот,Il potente Mech,it
Свежая поставка,Colpire e basta,it
Сверхмипная скорость,Velocità termipponale,it
Связь с дроном,Drone cablato,it
Серебряная ложка,Cucchiaio d'argento,it
Сильвермирская заря,Alba di Silvermere,it
Симпатический имплант,Impianto empatico,it
Синее усиление,Buff blu,it
Скамейка Пандоры,Panca di Pandora,it
Скелетница,Fishbones,it
Сковородка,Padella,it
Скорострельная пушка,Archibugio a ripetizione,it
Сладкие угощения,Dolci,it
Слеза богини,Lacrima della dea,it
Слезы рекой,Fiumi di lacrime,it
Слишком Большой Жезл,Bastone colossale,it
Смертельная шляпа Рабадона,Copricapo di Rabadon,it
Смертоносные клинки,Lame più letali,it
Смерть Разума,Speranza perduta,it
Снайпер,Cecchino,it
Создание друга,Forgia un amico,it
Создание спутника,Costruisci un Compagno,it
Сона,Sona,it
Союзник,Alleato del custode,it
Специалист по поздним этапам,Specialista del finale,it
Спящая кузница,Forgia nascosta,it
Стальное сердце,Cuore d'acciaio,it
Статическое электричество,Elettrocarica,it
Стеклянная пушка,Cannone di cristallo,it
Странник,Viaggiatore,it
Страховой фонд,Fondo speculativo,it
Стремительное двойное убийство,Doppia uccisione rapida,it
Стремительное серебро,Argento vivo,it
Струящиеся слезы,Fiumi di lacrime,it
Суть коммерции,Fulcro del commercio,it
Сфера лечения,Sfere curative,it
Счастливые перчатки,Guanti fortunati,it
Сюжетная защита,Protezione di trama,it
Таам Кенч,Tahm Kench,it
Талисман вознесения,Talismano dell'ascensione,it
Талон,Talon,it
Твистед Фэйт,Twisted Fate,it
Темная звезда,Stella Oscura,it
Темная леди,Signora Oscura,it
Теневая марионетка,Burattino d'ombra,it
Терновый жилет,Corpetto di rovi,it
Терпеливый ученик,Studio paziente,it
Терпение,La pazienza è una virtù,it
Терпение Экко,Pazienza di Ekko,it
Тимбилдинг,Team building,it
Тимо,Teemo,it
Титаническая гидра,Idra titanica,it
Ткач судьбы,Tessifato,it
Тонны показателей!,Pioggia di statistiche!,it
Топор адского пламени,Accetta infernale,it
Торговый сектор,Settore dello scambio,it
Тренировочные перчатки,Guantoni,it
Тренировочный манекен,Fantoccio di addestramento,it
Триада,Tripletta,it
Тропа войны,Sentiero di guerra,it
Тяжел венец,Pesante è la corona,it
У.Р.Ф.,U.R.F.,it
Убийство без разбора,Uccisore indiscriminato,it
Убийца великанов,Uccisore di giganti,it
Ургот,Urgot,it
Уроки бокса,Lezioni di pugilato,it
Физз,Fizz,it
Фиора,Fiora,it
Фонарь Треша,Lanterna di Thresh,it
Хекстековый прицел,Concentrazione dell'orizzonte,it
Хекстековый штык,Pistola a lame hextech,it
Хитрая тактика,Perdite calcolate,it
Хоть какая-то польза,Non proprio inutile,it
Целеустремленность,Scommessa rischiosa,it
Центр внимания,Trova il tuo centro,it
Цеп вышибалы,Mazzafrusto dell'Assaltatore,it
Часовой механизм,Acceleratore meccanico,it
Частичное вознесение,Ascensione parziale,it
Чаша силы,Calice del potere,it
Чертеж для задней линии,Schema della retroguardia,it
Честь полководца,L'onore del Signore della guerra,it
Четырехкратное усиление,In quattro e quattr'otto,it
Чо'Гат,Cho'Gath,it
Чудо Сораки,Miracolo di Soraka,it
Шапучий напиток,Succo Cappa,it
Шая,Xayah,it
Шен,Shen,it
Щит тактика,Scudo dello stratega,it
Эгида рассвета,Egida dell'Aurora,it
Эгида сумерек,Egida del Crepuscolo,it
Эзреаль,Ezreal,it
Эксклюзивная кастомизация,Personalizzazione esclusiva,it
Экспедиция,Spedizione,it
Эмблема Галактики грува,Emblema del Ritmo Spaziale,it
Эмблема Звериного отряда,Emblema Anima,it
Эмблема Н.О.В.А.,Emblema N.O.V.A.,it
Эмблема Темной звезды,Emblema Stella Oscura,it
Эмблема авангарда,Emblema dell'Avanguardia,it
Эмблема арбитра,Emblema dell'Arbitro,it
Эмблема головореза,Emblema del Bandito,it
Эмблема дебошира,Emblema del Combattente,it
Эмблема задиры,Emblema dello Sfidante,it
Эмблема звездочета,Emblema dell'Astronomo,it
Эмблема мародера,Emblema del Predone,it
Эмблема мипера,Emblema dell'Amico dei Mippi,it
Эмблема несокрушимого,Emblema del Bastione,it
Эмблема пастуха,Emblema del Pastore,it
Эмблема псионика,Emblema Psionico,it
Эмблема разрушителя времени,Emblema dello Spezzatempo,it
Эмблема реликта,Emblema del Primordiano,it
Эмблема снайпера,Emblema del Cecchino,it
Эмблема странника,Emblema del Viaggiatore,it
Эпические обновления,Cambio epico,it
Эпоха,Epoca,it
Эхо восстановления,Echi curativi,it
Ядро рассвета,Nucleo dell'alba,it
Ярость кракена,Furia del kraken,it
Ясный ум,Mente lucida,it
آتروكس,Aatrox,it
أربعة تكسب ترقية,In quattro e quattr'otto,it
أصغر عملاق,Titano minuscolo,it
أطنان من الإحصاءات!,Pioggia di statistiche!,it
أفضل الأصدقاء,Migliori amici,it
أكالي,Akali,it
أنيما,Anima,it
أورغوت,Urgot,it
أورن,Ornn,it
أورورا,Aurora,it
أوريليون سول,Aurelion Sol,it
إرادة الصولجان,La legge della mazza,it
إزريال,Ezreal,it
إعادة المهمة,Riavvia missione,it
إيلاوي,Illaoi,it
اتصالات فائتة,Coincidenze perse,it
اختر خاصية,Scegli tratto,it
اختصاصي نهاية المباراة,Specialista del finale,it
استبدالٌ ملحمي,Cambio epico,it
استحضار السحر المستمر,Evocazione continua,it
اعثر على مركزك,Trova il tuo centro,it
الأحزمة الوفيرة,Eccesso di cinture,it
الأربعة تربح,Che il Quattro sia con te,it
الأشقياء,Misfits,it
الأصول الحديدية,Risorse ferrose,it
الأقواس الاحتياطية,Archi da supporto,it
الأمر يستحق الانتظار,Valeva la pena aspettare,it
الإنفاق الحكيم,Spesa oculata,it
الاتصال الآلي,Collegamento cibernetico,it
الاتصال بالدرون,Drone cablato,it
الاختلاس,Furtarello,it
الارتقاء,Ascensione,it
الارتقاء الجزئي,Ascensione parziale,it
الاستبدالات الوفيرة,Cambio eterno,it
الاستثمار,Investitura,it
الاستثمار طويل الأجل,Andare per le lunghe,it
الاستخلاص المفيد,Raccolta differenziata,it
الاستنساخ,Replica,it
الاستهلاك ضروري,Schiantare,it
الاشتراك الفخم,Abbonamento di lusso,it
الالتزام الصارم,Scommessa rischiosa,it
الانفجار العظيم,Big Bang,it
البداية الكونية الجديدة,Riavvio cosmico,it
البرج,La Torre,it
البرونزي حتى النهاية,Bronzo per la vita,it
البيضة الذهبية,L'uovo dorato,it
التآكل,Corrosione,it
التأثيرات الجانبية,Effetti collaterali,it
التاج الملعون,Corona maledetta,it
التحفة الذابلة,Reliquia appassita,it
التحويل إلى دمية,Fantoccificazione,it
الترقية!,Aumento di livello!,it
التشكيل الأقصى,Configurazione massima,it
التصنيع المتقن,Creazione artigianale,it
التغيب عن اللعب,AFK,it
التفكير المتقدم,Lungimiranza,it
التمثال المحرّم,Idolo proibito,it
التنين الذهبي,Il Drago dorato,it
التوسع,Su tutti i fronti,it
الثقب الأسود الصغير,Mini Buco nero,it
الثلاثية,Tripletta,it
الجوهرة المتلفة,Gioiello della rovina,it
الحارسان التوأمان,Guardiani gemelli,it
الحجم مهم,Le dimensioni contano,it
الحركات الخطرة,Mosse rischiose,it
الحركة التصاعدية,Mobilità aumentata,it
الحقبة المميزة,Epoca,it
الحمل المعرفي الزائد,Sovraccarico cognitivo,it
الحملة الاستكشافية,Spedizione,it
الخسارة المحسوبة,Perdite calcolate,it
الخوذة المتكيفة,Elmo adattivo,it
الدراسة الصابرة,Studio paziente,it
الدرع الساتر,Velo costante,it
الدروس المبكرة,Primi insegnamenti,it
الدروع المؤقتة,Armatura improvvisata,it
الدموع المتدفقة,Fiumi di lacrime,it
الذهن الصافي,Mente lucida,it
الذهن المشوّش,Mente confusa,it
الرفاق الصغار,Piccoli alleati,it
الرمية السحرية,Un tiro magico,it
الرمية السحرية المخفّفة,Tiro lievemente magico,it
الرهان الذهبي,Scommessa dorata,it
الزئبق,Argento vivo,it
السترة المدببة,Corpetto di rovi,it
السترة المسلسلة,Cotta di maglia,it
السحر المحبوك,Tela magica,it
السعي نحو النجوم,Su verso il cielo,it
السيف الأبدي,Frammento d'infinito,it
السيف الصاعق,Pugnale di Statikk,it
السيف الطيفي,Sciabola spettrale,it
السيف الهائل,M.C. Spada,it
السيوف الوفيرة,Eccesso di spade,it
السيولة,Truffatore,it
الشحنة الكهربائية,Elettrocarica,it
الشخصية المنعكسة,Personalità speculare,it
الشخصية المنعكسة المصغّرة,Personalità speculare minore,it
الشرائح الآلية,Impianti cibernetici,it
الشرارة الأيونية,Scintilla ionica,it
الصامد,Superstite,it
الصبر فضيلة,La pazienza è una virtù,it
الصغير الفتاك,"Piccole, ma letali",it
الصنديد,L'indomabile,it
الضريبة المعرفية,Tributo cognitivo,it
الطابور الثنائي,Coda in duo,it
العمالقة الصغار,Mini Titani,it
العملاق القوي,Grande e possente,it
العوائد الخبيثة,Monetizzazione infida,it
الفوز الكبير,Prevalere,it
الفولاذ المذهب,Acciaio brillante,it
الفيلق الثلاثي,Legione dei tre,it
القائدة,Comandante,it
القاتل المأجور,Sicario,it
القتل المزدوج السريع,Doppia uccisione rapida,it
القصاص,Rappresaglia,it
القصبات الوفيرة,Eccesso di bacchette,it
القفاز المرصع بالجواهر,Guanto ingioiellato,it
القفازات,Muffole,it
القلب الراسخ,Cuor saldo,it
القلب الفولاذي,Cuore d'acciaio,it
القوس المنحني,Arco ricurvo,it
الكنوز المدفونة,Tesori sepolti,it
الكهرباء القوية,Alta tensione,it
اللعب الأمثل,Il massimo con il minimo,it
اللوتس المرصع,Loto ingioiellato,it
المبارزة السامية,Duellante divino,it
المتعطش للدماء,La Bramasangue,it
المحدق بالنجوم,Astronomo,it
المحفز الأحمر,Buff rosso,it
المخلّص,Redentore,it
المرن,Flessibilità,it
المستبدل العشوائي,Ricombussolatore,it
المصهر الحي,Forgia incarnata,it
المصهر الكامن,Forgia nascosta,it
المصهر المحمول,Forgia portatile,it
المعطف المشبوه,Impermeabile sospetto,it
المغامرة الفخمة,Un'avventura gloriosa,it
الملعقة الفضية,Cucchiaio d'argento,it
المنفيون,Esuli,it
الموقف الحرج,Speranza perduta,it
الميثاق الأزلي,Patto eterno,it
الميكا الجبار,Il potente Mech,it
المُبيد,Eradicatore,it
النجاح الحرج,Successo critico,it
النجم المظلم,Stella Oscura,it
النسيم العليل,Zefiro,it
النصال الخاطفة,Lame rotanti,it
النصل الملعون,Lama maledetta,it
النمو المتفجر,Crescita esplosiva,it
النوبة الثانية,Secondo fiato,it
النيران المركزة,Fuoco concentrato,it
الهمسة الأخيرة,Sussurro fatale,it
الهيدرا العملاقة,Idra titanica,it
الوسيط,Convogliatore,it
الوغد المشع,Canaglia radiosa,it
انتصار فيكتور آركين,Viktor-ia di Arcane,it
بارد,Bard,it
بانثيون,Pantheon,it
بايك,Pyke,it
براير,Briar,it
برايمورديان,Primordiano,it
بكاء بلا جدوى,Fiumi di lacrime,it
بلورات العلاج,Sfere curative,it
بليتزكرانك,Blitzcrank,it
بناء البطل,Amico fai-da-te,it
بناء الفريق,Team building,it
بناء مرافق,Costruisci un Compagno,it
بوابة ززروت,Portale Zz'Rot,it
بوبي,Poppy,it
بيلفيث,Bel'Veth,it
تأسيس الخط الأمامي,Fondamenta di prima linea,it
تاج المخطِط,Corona dello Stratega,it
تالون,Talon,it
تام كينش,Tahm Kench,it
تخصيص حصري,Personalizzazione esclusiva,it
تخفيضات نارية,Saldi imperdibili,it
تدريب الحارس الشخصي,Addestramento da Guardia del corpo,it
تذكرة موشورية,Biglietto prismatico,it
ترقية فردية,Aumento di livello in solitaria,it
تركيز الأفق,Concentrazione dell'orizzonte,it
تسلّق سلم التصنيفات,Scalata verso il successo,it
تشكيل الصفوف,Formazione,it
تشكيل الفريق,Fare squadra,it
تشوغاث,Cho'Gath,it
تعزيزٌ هنا وتعزيزٌ هناك,"Un buff, due buff",it
تغذية ألسنة اللهب,Alimentare le fiamme,it
تمجيد كايل,Esaltazione di Kayle,it
تمجيد كايل المشع,Esaltazione radiosa di Kayle,it
تميمة الارتقاء,Talismano dell'ascensione,it
توأم تانك,Doppia resistenza,it
توسع الجذور,Radici diffuse,it
تويستد فايت,Twisted Fate,it
تيمو,Teemo,it
ثمن الدم,Pegno di sangue,it
جاكس,Jax,it
جديد من المصنع,Nuovo di zecca,it
جوع المال,Fame di denaro,it
جوهر التجارة,Fulcro del commercio,it
جوهر الحراشف اللامعة,Essenza Scaglialucida,it
جوهر الفجر,Nucleo dell'alba,it
جين,Jhin,it
جينكس,Jinx,it
حافظ المادة الحيوية,Conservatore di biomateria,it
حاملة المصائب,Catastrofista,it
حامي التاج,Corona reale,it
حزام العملاق,Cintura del gigante,it
حزمة الدعم,Bustina,it
حزمة الرعاية,Pacchetto di aiuti,it
حساب الادخار,Conto dei risparmi,it
حصاد الهالة,Farmare l'aura,it
حصن,Bastione,it
حقق مرادك,Colpire e basta,it
حكاية العودة,Storia di una rimonta,it
حلوى لذيذة,Dolci,it
حليف الوصي,Alleato del custode,it
حماية الخطوط,Tenete la posizione,it
حماية اللانهاية,Protezione infinita,it
حيوية مصاص الدماء,Vitalità vampirica,it
خانة ياسو الذهبية,Esagono dorato di Yasuo,it
خدمة الاشتراك,Servizio ad abbonamento,it
خطة عمل الخط الخلفي,Schema della retroguardia,it
درع الصدر المنفرد,Corazza singola,it
درع الغسق,Egida del Crepuscolo,it
درع الفجر,Egida dell'Aurora,it
درع المخطِط,Scudo dello stratega,it
درع صدر مرزاب الحجري,Lastrapietra del gargoyle,it
درع وارموغ,Armatura di Warmog,it
دروس الملاكمة,Lezioni di pugilato,it
دروع البطل,Protezione di trama,it
دعوة إلى الفوضى,Richiamo al caos,it
دفعة أولية,Messa in moto,it
دكة بدلاء باندورا,Panca di Pandora,it
دمعة الزعيمة,Lacrima della dea,it
دمى اختبار التحطم,Fantocci da crash test,it
دمية التدريب,Fantoccio di addestramento,it
دمية الظل,Burattino d'ombra,it
ديانا,Diana,it
راست,Rhaast,it
راعي,Pastore,it
راموس,Rammus,it
رامي,Cecchino,it
رحالة,Viaggiatore,it
رقص الفضاء,Ritmo Spaziale,it
رمح شوجين,Lancia di Shojin,it
رمز الدرع الخفيف,Stemma di Lightshield,it
رمية الحظ,Ti senti fortunato?,it
روح الافتداء,Spirito di redenzione,it
رياح المال الموسمية,Monsoni sonanti,it
ريفت سكاتلر,Argogranchio,it
ريفين,Riven,it
ريكساي,Rek'Sai,it
زايا,Xayah,it
زوي,Zoe,it
زيادة القوة في نهاية المباراة,Crescita a fine partita,it
زيد,Zed,it
زيد الغازي,Zed Invasore,it
ستار السكون,Veste della stabilità,it
سكين سلاح الهيكستيك,Pistola a lame hextech,it
سلفة قرض,Finanziamento,it
سميرة,Samira,it
سن ناشور,Dente di Nashor,it
سونا,Sona,it
سيدة الأسلحة,Dea delle Armi,it
سيدة الظلام,Signora Oscura,it
شارة أنيما,Emblema Anima,it
شارة الحصن,Emblema del Bastione,it
شارة الراعي,Emblema del Pastore,it
شارة الرامي,Emblema del Cecchino,it
شارة الرحالة,Emblema del Viaggiatore,it
شارة الطليعي,Emblema dell'Avanguardia,it
شارة القاضي,Emblema dell'Arbitro,it
شارة القوى الذهنية,Emblema Psionico,it
شارة المارق,Emblema del Bandito,it
شارة المتحدّي,Emblema dello Sfidante,it
شارة المحدق بالنجوم,Emblema dell'Astronomo,it
شارة المشاجر,Emblema del Combattente,it
شارة المغير,Emblema del Predone,it
شارة النجم المظلم,Emblema Stella Oscura,it
شارة برايمورديان,Emblema del Primordiano,it
شارة رقص الفضاء,Emblema del Ritmo Spaziale,it
شارة صديق الميب,Emblema dell'Amico dei Mippi,it
شارة كاسر الزمن,Emblema dello Spezzatempo,it
شارة نوفا,Emblema N.O.V.A.,it
شبه الناقل,Semiconduttore,it
شجرة الخواص,L'Albero dei tratti,it
شرف أمير الحرب,L'onore del Signore della guerra,it
شريحة التعاطف,Impianto empatico,it
شق الدرب,Aprire un passaggio,it
شين,Shen,it
صانع السيوف,Fabbricante di spade,it
صانع القصبات,Fabbricante di bastoni,it
صبر إيكو,Pazienza di Ekko,it
صحوة الروح,Risveglio dell'anima,it
صدى الشفاء,Echi curativi,it
صديق الميب,Amico dei Mippi,it
صناعة صديق,Forgia un amico,it
صندوق التحوط,Fondo speculativo,it
صولجان الفويد,Bastone del Vuoto,it
صولجان مصاصي الدماء الفاسد,Scettro vampirico corrotto,it
صياد المجرة,Cacciatore galattico,it
صيد الكنوز,Caccia al tesoro,it
طراخ!,Bonk!,it
طريق الحرب,Sentiero di guerra,it
طليعي,Avanguardia,it
عاصفة لودن,Tempesta di Luden,it
عبء التاج ثقيل,Pesante è la corona,it
عباءة الليل,Fine della notte,it
عباءة النيغاترون,Mantello di Negatron,it
عجلة الميب السريعة,Velocità termipponale,it
عراف,Oracolo,it
عزم العملاق,Determinazione del titano,it
عصا سيرافيم,Scettro serafino,it
عصا كبير الحُماة,Scettro dell'arcangelo,it
عصابة اللصوص,Banda di ladri,it
عصابة اللصوص II,Banda di ladri II,it
عصير القبعة,Succo Cappa,it
عفونة الموتى,Terrore dei lich,it
عملية السطو على المكونات,Furto di componenti,it
عناصر باندورا,Oggetti di Pandora,it
عناق جماعي,Abbraccio di gruppo,it
عهد الفارس,Voto del cavaliere,it
غراغاس,Gragas,it
غرايفز,Graves,it
غريزة إيفلين,Istinto di Evelynn,it
غنار,Gnar,it
غولم,Golem,it
غوين,Gwen,it
فأس نيران الجحيم,Accetta infernale,it
فانوس ثريش,Lanterna di Thresh,it
فجر سيلفرمير,Alba di Silvermere,it
فضيلة الشهيد,Virtù del martire,it
فورة الكراكن,Furia del kraken,it
فورة تسوق,Shopping scatenato,it
في الاتحاد قوة,Uniti nelle difficoltà,it
فيز,Fizz,it
فيشبونز,Fishbones,it
فيغار,Veigar,it
فيكتور,Viktor,it
فيكس,Vex,it
فيورا,Fiora,it
قائد أنيما,Comandante Anima,it
قاتل العمالقة,Uccisore di giganti,it
قاتل لا يميز بين ضحاياه,Uccisore indiscriminato,it
قاضي,Arbitro,it
قبعات أشد فتكًا,Cappelli più letali,it
قبعة موت رابادون,Copricapo di Rabadon,it
قربان الدم,Sacrificio cruento,it
قصبة عريضة بلا داع,Bastone colossale,it
قطاع التجارة,Settore dello scambio,it
قفاز التدريب,Guantoni,it
قفاز الحظ,Guanti fortunati,it
قفاز الفويد,Guanto del Vuoto,it
قفاز اللص,Guanti del ladro,it
قفاز ستيراك,Pegno di Sterak,it
قلادة التنشيط,Medaglione diramante,it
قلادة سولاري الحديدي,Medaglione dei Solari di ferro,it
قلنسوة المخطِط,Mantello dello stratega,it
قلنسوة لهب الشمس,Mantello del Sole,it
قوة محسَّنة,Potere dell'Impianto,it
قوسي في خدمتك,Hai il mio arco,it
قوى ذهنية,Psionico,it
قيمة مزدوجة,Due volte il valore,it
كأس القوة,Calice del potere,it
كارما,Karma,it
كاسر الزمن,Spezzatempo,it
كاهوناهونا,Kahunahuna,it
كايتلين,Caitlyn,it
كايسا,Kai'Sa,it
كوركي,Corki,it
كيس الهدايا البطولي,Borsa eroica,it
كيس هدايا أورف,Borsa di Urf,it
كيس هدايا العناصر,Borsa degli oggetti,it
كيس هدايا صغير,Borsa piccola,it
كيس هدايا كبير,Borsa grande,it
كيندريد,Kindred,it
لا تغيير ولا استطلاع,NÉ ESPLORATORE NÉ STRATEGA,it
لم شمل عيد الميلاد,Ritrovo di compleanno,it
لمحة من الحياة,Spaccato di vita,it
لوبلانك,LeBlanc,it
لوح لهيب الشمس,Plancia del Sole,it
لولو,Lulu,it
ليساندرا,Lissandra,it
ليونا,Leona,it
مارق,Bandito,it
ماستر يي,Master Yi,it
ماوكاي,Maokai,it
مباركة السماء,Benedetto dagli dei,it
متحدي,Sfidante,it
متراس,Baluardo,it
متوالية نجمية,Combo stellare,it
مجلد الخواص,Tomo dei tratti,it
مجند جديد,Nuova recluta,it
محترف الحفلات,Animale da festa,it
محظوظ,Giù come birilli,it
محفز أزرق,Buff blu,it
مخلب التنين,Artiglio del drago,it
مخلب المتصيد,Artiglio del predatore,it
مدفع النار السريع,Archibugio a ripetizione,it
مدفع من زجاج,Cannone di cristallo,it
مستنسخ,Replicante,it
مسرِّع الساعة,Acceleratore meccanico,it
مشاجر,Combattente,it
مشاركة تألق ياسو,Ribalta condivisa di Yasuo,it
مصروف الغداء,Soldi per il pranzo,it
مصفوفة البرمجيات الخبيثة,Matrice malware,it
مصنوعٌ من القوة,Forgiato nella forza,it
مصهر التمجيد,Forgia apoteotica,it
مطبخ المخطِط,Cucina dello Stratega,it
معجزة سوراكا,Miracolo di Soraka,it
مغير,Predone,it
مفاجآت الحظ,L'atteso inaspettato,it
مقابل أي ثمن,A quale prezzo,it
مقاتل الجوائز,Lottatore professionista,it
مقلاة,Padella,it
ملعقة مسطحة,Spatola,it
مناورة أورف,Azzardo di Urf,it
منظار رصد الهدف,Ottica a puntamento assistito,it
مهارة مبارزة ياسو,Gioco di lama di Yasuo,it
مورديكايزر,Mordekaiser,it
مورغانا,Morgana,it
موريلونوميكون,Morellonomicon,it
ميبسي,Mippino,it
ميس فورتشن,Miss Fortune,it
ميكا,Mecha,it
ميليو,Milio,it
ناسوس,Nasus,it
نافع لشيء ما,Non proprio inutile,it
نامي,Nami,it
نتماسك معًا,Restiamo uniti,it
نذر الحامي,Voto del Protettore,it
نذير زيكي,Araldo di Zeke,it
نذير زيكي الكئيب,Tetro araldo di Zeke,it
نساج المصير,Tessifato,it
نصال أشد فتكًا,Lame più letali,it
نصل الموت,Lama mortale,it
نصل غضب غينسو,Furia di Guinsoo,it
نقل الشحنة,Trasferimento carica,it
نوفا,N.O.V.A.,it
نونو وويلامب,Nunu e Willump,it
هالة آري,Aura di Ahri,it
هبة آري,Dono di Ahri,it
هبة أوريليون سول,Dono di Aurelion Sol,it
هبة إيفلين,Dono di Evelynn,it
هبة إيكو,Dono di Ekko,it
هبة الإنعاش,Dono della resurrezione,it
هبة تجميع الخردة,Dono dell'aggiustatutto,it
هبة ثريش,Dono di Thresh,it
هبة سوراكا,Dono di Soraka,it
هبة فاروس,Dono di Varus,it
هبة كايل,Dono di Kayle,it
هبة ياسو,Dono di Yasuo,it
هدية عيد الميلاد,Regalo di compleanno,it
هراوة المهاجم,Mazzafrusto dell'Assaltatore,it
هوس فاروس,Ossessione di Varus,it
واحد واثنان وثلاثة,Un due tre,it
واحد، اثنان، خمسة!,"Uno, due, cinque!",it
واقي ذراع المطارد,Parabraccia del cercatore,it
وجه الروح,Corazza spirituale,it
وضع المتحدية,Modalità sfidante,it
وضع المستنسِخة,Modalità replicante,it
وضع الوسيط,Modalità Convogliatore,it
وكر البارون,Tana del Barone,it
يأسٌ بلا نهاية,Disperazione eterna,it
يد العدالة,Mano della giustizia,it
เลือกคุณสมบัติ,Scegli tratto,it
Ấn Bắn Tỉa,Emblema del Cecchino,it
Ấn Can Trường,Emblema del Bastione,it
Ấn Chiêm Tinh,Emblema dell'Astronomo,it
Ấn Du Mục,Emblema del Pastore,it
Ấn Hành Tinh,Emblema del Ritmo Spaziale,it
Ấn Hắc Tinh,Emblema Stella Oscura,it
Ấn N.O.V.A.,Emblema N.O.V.A.,it
Ấn Siêu Linh,Emblema Psionico,it
Ấn Siêu Thú,Emblema Anima,it
Ấn Thách Đấu,Emblema dello Sfidante,it
Ấn Thần Phán,Emblema dell'Arbitro,it
Ấn Thời Không,Emblema dello Spezzatempo,it
Ấn Tinh Linh Chuông,Emblema dell'Amico dei Mippi,it
Ấn Tiên Phong,Emblema dell'Avanguardia,it
Ấn Toán Cướp,Emblema del Predone,it
Ấn Tộc Thượng Cổ,Emblema del Primordiano,it
Ấn Viễn Chinh,Emblema del Viaggiatore,it
Ấn Vô Pháp,Emblema del Bandito,it
Ấn Đấu Sĩ,Emblema del Combattente,it
「三」之軍團,Legione dei tre,it
いつでも一緒,Restiamo uniti,it
お得な2,Due volte il valore,it
ここがセンター,Trova il tuo centro,it
ちょっとだけ魔法のダイス,Tiro lievemente magico,it
はしごを登れ,Scalata verso il successo,it
へら,Spatola,it
みんなでハグ,Abbraccio di gruppo,it
もっと小さな巨人,Titano minuscolo,it
もっと怖いキャップ,Cappelli più letali,it
アイオニック スパーク,Scintilla ionica,it
アイテム福袋,Borsa degli oggetti,it
アカリ,Akali,it
アセンション,Ascensione,it
アダプティブ ヘルム,Elmo adattivo,it
アニマ,Anima,it
アニマの紋章,Emblema Anima,it
アニマ司令官,Comandante Anima,it
アークエンジェル スタッフ,Scettro dell'arcangelo,it
アーゴット,Urgot,it
アービター,Arbitro,it
アービターの紋章,Emblema dell'Arbitro,it
アーフの福袋,Borsa di Urf,it
アーフの策略,Azzardo di Urf,it
アーリのオーラ,Aura di Ahri,it
アーリの恩恵,Dono di Ahri,it
イブリンの恩恵,Dono di Evelynn,it
イブリンの直感,Istinto di Evelynn,it
イラオイ,Illaoi,it
インフィニティ エッジ,Frammento d'infinito,it
インフィニティの守護,Protezione infinita,it
イーブンシュラウド,Velo costante,it
ウィッツ エンド,Speranza perduta,it
ウォーロードの名誉,L'onore del Signore della guerra,it
エイトロックス,Aatrox,it
エクスペディション,Spedizione,it
エグザイル,Esuli,it
エコーの忍耐,Pazienza di Ekko,it
エコーの恩恵,Dono di Ekko,it
エズリアル,Ezreal,it
エピックなロールダウン,Cambio epico,it
エポック,Epoca,it
オレリオン・ソル,Aurelion Sol,it
オレリオン・ソルの恩恵,Dono di Aurelion Sol,it
オーグメントパワー,Potere dell'Impianto,it
オーラ育成中,Farmare l'aura,it
オーロラ,Aurora,it
オーン,Ornn,it
カイ＝サ,Kai'Sa,it
カナとカネ,Risorse ferrose,it
カフナフナ,Kahunahuna,it
カルマ,Karma,it
カースドのクラウン,Corona maledetta,it
ガーゴイル ストーンプレート,Lastrapietra del gargoyle,it
キックスタート,Messa in moto,it
キンドレッド,Kindred,it
ギャラクシー ハンター,Cacciatore galattico,it
クイックシルバー,Argento vivo,it
クラウンガード,Corona reale,it
クラーケンの怒り,Furia del kraken,it
クリティカル サクセス,Successo critico,it
グインソー レイジブレード,Furia di Guinsoo,it
グウェン,Gwen,it
グラガス,Gragas,it
グラスキャノン,Cannone di cristallo,it
グレイブス,Graves,it
ケイトリン,Caitlyn,it
ケイルの天昇,Esaltazione di Kayle,it
ケイルの恩恵,Dono di Kayle,it
ケイルの暁光の天昇,Esaltazione radiosa di Kayle,it
コグニティブ オーバーロード,Sovraccarico cognitivo,it
コグニティブ タックス,Tributo cognitivo,it
コマンダー,Comandante,it
コマース コア,Fulcro del commercio,it
コンジット,Convogliatore,it
コンジットモード,Modalità Convogliatore,it
コンパニオン作成,Costruisci un Compagno,it
コーキ,Corki,it
ゴーレム,Golem,it
サイオニック,Psionico,it
サイオニックの紋章,Emblema Psionico,it
サイズが大事,Le dimensioni contano,it
サイバネティック アップリンク,Collegamento cibernetico,it
サイバネティック インプラント,Impianti cibernetici,it
サバイバー,Superstite,it
サブスクリプション,Servizio ad abbonamento,it
サミーラ,Samira,it
サンファイア ケープ,Mantello del Sole,it
サンファイア ボード,Plancia del Sole,it
ザヤ,Xayah,it
ザ・タワー,La Torre,it
シェン,Shen,it
シマースケールのエッセンス,Essenza Scaglialucida,it
ショウジンの矛,Lancia di Shojin,it
シルバーミアの夜明け,Alba di Silvermere,it
シーカー アームガード,Parabraccia del cercatore,it
ジャイアント スレイヤー,Uccisore di giganti,it
ジャイアント ベルト,Cintura del gigante,it
ジャイアント&マイティ,Grande e possente,it
ジャストヒット,Colpire e basta,it
ジャックス,Jax,it
ジュエル ガントレット,Guanto ingioiellato,it
ジュエル ロータス,Loto ingioiellato,it
ジン,Jhin,it
ジンクス,Jinx,it
ジークの使者,Araldo di Zeke,it
ジ＝ロット ポータル,Portale Zz'Rot,it
スクラッパーの恩恵,Dono dell'aggiustatutto,it
スタティック シヴ,Pugnale di Statikk,it
ステラコンボ,Combo stellare,it
ステラックの篭手,Pegno di Sterak,it
ステータスマシマシ,Pioggia di statistiche!,it
ストライカー フレイル,Mazzafrusto dell'Assaltatore,it
スナイパー,Cecchino,it
スナイパーの紋章,Emblema del Cecchino,it
スパーリング グローブ,Guantoni,it
スピリット ビサージュ,Corazza spirituale,it
スペクトラル カトラス,Sciabola spettrale,it
スペースグルーヴ,Ritmo Spaziale,it
スペースグルーヴの紋章,Emblema del Ritmo Spaziale,it
スレッシュのランタン,Lanterna di Thresh,it
スレッシュの恩恵,Dono di Thresh,it
セラフィムの杖,Scettro serafino,it
ゼド,Zed,it
ゼファー,Zefiro,it
ソウルの目覚め,Risveglio dell'anima,it
ソナ,Sona,it
ソラカの奇跡,Miracolo di Soraka,it
ソラカの恩恵,Dono di Soraka,it
ソラリのロケット,Medaglione dei Solari di ferro,it
ソード オーバーフロー,Eccesso di spade,it
ゾーイ,Zoe,it
タイタン ハイドラ,Idra titanica,it
タイムブレーカー,Spezzatempo,it
タイムブレーカーの紋章,Emblema dello Spezzatempo,it
タクティシャンのケープ,Mantello dello stratega,it
タクティシャンの台所,Cucina dello Stratega,it
タクティシャンの王冠,Corona dello Stratega,it
タクティシャンの盾,Scudo dello stratega,it
タム・ケンチ,Tahm Kench,it
タロン,Talon,it
ターゲットロック スコープ,Ottica a puntamento assistito,it
ターミィプナル ヴェロシティー,Velocità termipponale,it
ダイアナ,Diana,it
ダミー,Fantoccio di addestramento,it
ダミー化,Fantoccificazione,it
ダークスター,Stella Oscura,it
ダークスターの紋章,Emblema Stella Oscura,it
チェイン ベスト,Cotta di maglia,it
チャレンジャー,Sfidante,it
チャレンジャーの紋章,Emblema dello Sfidante,it
チャレンジャーモード,Modalità sfidante,it
チャージトランスファー,Trasferimento carica,it
チョ＝ガス,Cho'Gath,it
チーム構築,Team building,it
ツイてる気分,Ti senti fortunato?,it
ツイステッド・フェイト,Twisted Fate,it
ツインガーディアン,Guardiani gemelli,it
ティーモ,Teemo,it
デスブレード,Lama mortale,it
デッドリアー ブレード,Lame più letali,it
デュオキュー,Coda in duo,it
トライフェクタ,Tripletta,it
トレードセクター,Settore dello scambio,it
ドゥーマー,Catastrofista,it
ドラゴン クロウ,Artiglio del drago,it
ドローン アップリンク,Drone cablato,it
ドーンコア,Nucleo dell'alba,it
ナイト エッジ,Fine della notte,it
ナサス,Nasus,it
ナッシャー トゥース,Dente di Nashor,it
ナミ,Nami,it
ナー,Gnar,it
ヌヌ & ウィルンプ,Nunu e Willump,it
ネガトロン クローク,Mantello di Negatron,it
ハスラー,Truffatore,it
ハンド オブ ジャスティス,Mano della giustizia,it
バイオ物質保存装置,Conservatore di biomateria,it
バスティオン,Bastione,it
バスティオンの紋章,Emblema del Bastione,it
バフが1つ、バフが2つ,"Un buff, due buff",it
バロンの巣,Tana del Barone,it
バースデー リユニオン,Ritrovo di compleanno,it
バースデープレゼント,Regalo di compleanno,it
バード,Bard,it
パイク,Pyke,it
パンテオン,Pantheon,it
パンドラのアイテム,Oggetti di Pandora,it
パンドラのベンチ,Panca di Pandora,it
パーティーアニマル,Animale da festa,it
ヒーリングオーブ,Sfere curative,it
ビクター,Viktor,it
ビッグバン,Big Bang,it
ファイアセール,Saldi imperdibili,it
ファクトリー ニュー,Nuovo di zecca,it
フィオラ,Fiora,it
フィズ,Fizz,it
フィッシュボーン,Fishbones,it
フェイトウィーバー,Tessifato,it
フォビドゥン アイドル,Idolo proibito,it
フォーが共にあらんことを,Che il Quattro sia con te,it
フライパン,Padella,it
フリッカーブレード,Lame rotanti,it
ブライアー,Briar,it
ブラッドサースター,La Bramasangue,it
ブランブル ベスト,Corpetto di rovi,it
ブリッツクランク,Blitzcrank,it
ブルワーク,Baluardo,it
ブルーバフ,Buff blu,it
ブローラー,Combattente,it
ブローラーの紋章,Emblema del Combattente,it
ブースターパック,Bustina,it
プライモーディアン,Primordiano,it
プライモーディアンの紋章,Emblema del Primordiano,it
プリズムチケット,Biglietto prismatico,it
プロの殺し屋,Sicario,it
プロテクターの誓い,Voto del Protettore,it
プロボクサー,Lottatore professionista,it
プローラー クロウ,Artiglio del predatore,it
ヘクステック ガンブレード,Pistola a lame hextech,it
ヘッジファンド,Fondo speculativo,it
ベイガー,Veigar,it
ベストフレンド,Migliori amici,it
ベルト オーバーフロー,Eccesso di cinture,it
ベル＝ヴェス,Bel'Veth,it
ホライゾン フォーカス,Concentrazione dell'orizzonte,it
ボイジャー,Viaggiatore,it
ボイジャーの紋章,Emblema del Viaggiatore,it
ボカッ！,Bonk!,it
ボクシングのレッスン,Lezioni di pugilato,it
ボディーガードの訓練,Addestramento da Guardia del corpo,it
ポッピー,Poppy,it
ポータブル フォージ,Forgia portatile,it
マイティーロボ,Il potente Mech,it
マオカイ,Maokai,it
マスター・イー,Master Yi,it
マックスビルド,Configurazione massima,it
マルウェア マトリックス,Matrice malware,it
マーターズ ヴァーチュ,Virtù del martire,it
ミィプシー,Mippino,it
ミィプル,Amico dei Mippi,it
ミィプルの紋章,Emblema dell'Amico dei Mippi,it
ミスコネクション,Coincidenze perse,it
ミス・フォーチュン,Miss Fortune,it
ミッションの再開,Riavvia missione,it
ミトン,Muffole,it
ミニブラックホール,Mini Buco nero,it
ミニマックス,Il massimo con il minimo,it
ミリオ,Milio,it
ムダニ デカイ ロッド,Bastone colossale,it
メイスの決意,La legge della mazza,it
メカ,Mecha,it
モルガナ,Morgana,it
モルデカイザー,Mordekaiser,it
モレロノミコン,Morellonomicon,it
ヤスオのゴールドのマス,Esagono dorato di Yasuo,it
ヤスオのスポットライトをシェア,Ribalta condivisa di Yasuo,it
ヤスオのブレードワーク,Gioco di lama di Yasuo,it
ヤスオの恩恵,Dono di Yasuo,it
ライトシールドのクレスト,Stemma di Lightshield,it
ラインナップ,Formazione,it
ラスト ウィスパー,Sussurro fatale,it
ラッキーグローブ,Guanti fortunati,it
ラバドン デスキャップ,Copricapo di Rabadon,it
ラピッド ファイアキャノン,Archibugio a ripetizione,it
ラムス,Rammus,it
ラースト,Rhaast,it
リカーブ ボウ,Arco ricurvo,it
リサンドラ,Lissandra,it
リッチ ベイン,Terrore dei lich,it
リデンプションの魂,Spirito di redenzione,it
リフトスカトル,Argogranchio,it
リヴェン,Riven,it
ルブラン,LeBlanc,it
ルル,Lulu,it
ルーデン テンペスト,Tempesta di Luden,it
レイトゲーム スケーリング,Crescita a fine partita,it
レイトゲーム スペシャリスト,Specialista del finale,it
レオナ,Leona,it
レク＝サイ,Rek'Sai,it
レッドバフ,Buff rosso,it
レプリケーター,Replicante,it
レプリケーターモード,Modalità replicante,it
レベルアップ！,Aumento di livello!,it
ローグ,Bandito,it
ローグの紋章,Emblema del Bandito,it
ローリングデイズ,Cambio eterno,it
ワン、ツー、ファイブ！,"Uno, due, cinque!",it
ワンド オーバーフロー,Eccesso di bacchette,it
ワーモグ アーマー,Armatura di Warmog,it
ヴァルスの執念,Ossessione di Varus,it
ヴァルスの恩恵,Dono di Varus,it
ヴァンガード,Avanguardia,it
ヴァンガードの紋章,Emblema dell'Avanguardia,it
ヴェックス,Vex,it
ヴォイド ガントレット,Guanto del Vuoto,it
ヴォイド スタッフ,Bastone del Vuoto,it
一 二 三,Un due tre,it
一、二、五！,"Uno, due, cinque!",it
一个增益，两个增益,"Un buff, due buff",it
一二三,Un due tre,it
一人前プレート,Corazza singola,it
一個Buff，兩個Buff,"Un buff, due buff",it
一击即中,Colpire e basta,it
一棒入魂！,Bonk!,it
一波带走俩,Doppia uccisione rapida,it
一生挚友,Migliori amici,it
一生摯友,Migliori amici,it
一着险棋,Mosse rischiose,it
一致団結,Uniti nelle difficoltà,it
一致団結,Fare squadra,it
一點點重抽魔法,Tiro lievemente magico,it
一，二，三,Un due tre,it
一，二，五！,"Uno, due, cinque!",it
七彩棱镜入场券,Biglietto prismatico,it
三幻神,Legione dei tre,it
三相庇护,Protezione infinita,it
三费军团,Legione dei tre,it
三連勝I,Tripletta,it
三重奏,Tripletta,it
三项赛,Tripletta,it
上方移動,Mobilità aumentata,it
上进心,Mobilità aumentata,it
不侦察，不变阵,NÉ ESPLORATORE NÉ STRATEGA,it
不偵察不換陣容,NÉ ESPLORATORE NÉ STRATEGA,it
不完全アセンション,Ascensione parziale,it
不完全飛昇,Ascensione parziale,it
不屈,L'indomabile,it
不屈鬥魂,L'indomabile,it
不惜代價,A quale prezzo,it
不滅の協定,Patto eterno,it
不破金鋼,Acciaio brillante,it
不计代价,A quale prezzo,it
不適合者,Misfits,it
专属定制,Personalizzazione esclusiva,it
专打后期,Specialista del finale,it
专注火焰,Fuoco concentrato,it
两倍价值,Due volte il valore,it
並肩作戰,Uniti nelle difficoltà,it
中堅自強,Trova il tuo centro,it
临时战甲,Armatura improvvisata,it
主人公補正,Protezione di trama,it
主角威能,Protezione di trama,it
丽桑卓,Lissandra,it
丽珊卓,Lissandra,it
乌尔加特,Urgot,it
乐芙兰,LeBlanc,it
乱れる思考,Mente confusa,it
亚托克斯,Aatrox,it
亚索的共享聚光灯,Ribalta condivisa di Yasuo,it
亚索的剑艺,Gioco di lama di Yasuo,it
亚索的恩赐,Dono di Yasuo,it
亚索的黄金格,Esagono dorato di Yasuo,it
交易之星,Settore dello scambio,it
人多好辦事,Fare squadra,it
人生切片,Spaccato di vita,it
仕送り,Pacchetto di aiuti,it
仙灵斗士,Duellante divino,it
代价是什么,A quale prezzo,it
代償,A quale prezzo,it
仲裁者,Arbitro,it
仲裁者徽章,Emblema dell'Arbitro,it
仲間を作ろう,Amico fai-da-te,it
仿生上行链,Collegamento cibernetico,it
仿生植入物,Impianti cibernetici,it
伊泽瑞尔,Ezreal,it
伊澤瑞爾,Ezreal,it
伊罗旖,Illaoi,it
伊羅旖,Illaoi,it
伊芙琳的增益,Dono di Evelynn,it
伊芙琳的恩赐,Dono di Evelynn,it
伊芙琳的本能,Istinto di Evelynn,it
伊芙琳的祝福,Dono di Evelynn,it
休眠锻炉,Forgia nascosta,it
伸手摘星,Su verso il cielo,it
伸手摘群星,Su verso il cielo,it
低调炫耀,Farmare l'aura,it
佐伊,Zoe,it
侵略者ゼド,Zed Invasore,it
便携锻炉,Forgia portatile,it
俄洛伊,Illaoi,it
保卫者之誓,Voto del Protettore,it
保衛者之誓,Voto del Protettore,it
保鑣訓練,Addestramento da Guardia del corpo,it
保镖训练,Addestramento da Guardia del corpo,it
修复型回响,Echi curativi,it
俺だけレベルアップ,Aumento di livello in solitaria,it
值得等待,Valeva la pena aspettare,it
假人化,Fantoccificazione,it
做多,Andare per le lunghe,it
偵察なし、変更なし,NÉ ESPLORATORE NÉ STRATEGA,it
備用弓箭,Archi da supporto,it
储蓄账户,Conto dei risparmi,it
價值爆棚,Due volte il valore,it
儲蓄帳戶,Conto dei risparmi,it
充能转移,Trasferimento carica,it
先知,Oracolo,it
先見性,Lungimiranza,it
先鋒戰士,Avanguardia,it
先鋒戰士徽章,Emblema dell'Avanguardia,it
先锋战士,Avanguardia,it
先锋战士徽章,Emblema dell'Avanguardia,it
光明无赖,Canaglia radiosa,it
光盾之紋,Stemma di Lightshield,it
光盾之纹,Stemma di Lightshield,it
光盾徽章,Stemma di Lightshield,it
入侵者 劫,Zed Invasore,it
全力以赴,Scommessa rischiosa,it
全新出厂,Nuovo di zecca,it
全身全霊,Scommessa rischiosa,it
共感インプラント,Impianto empatico,it
共感植入,Impianto empatico,it
关,Gwen,it
关爱包裹,Pacchetto di aiuti,it
兹若特传送门,Portale Zz'Rot,it
内瑟斯,Nasus,it
再起の呪印,Dono della resurrezione,it
再造神兵,Nuovo di zecca,it
冒险举动,Mosse rischiose,it
冕卫,Corona reale,it
军工1号,Nuovo di zecca,it
冲击火炮,Archibugio a ripetizione,it
冲榜战士,Scalata verso il successo,it
冷酷なるジークの使者,Tetro araldo di Zeke,it
凋零的遗物,Reliquia appassita,it
凋零聖物,Reliquia appassita,it
凯尔的光明崇拜,Esaltazione radiosa di Kayle,it
凯尔的升腾,Esaltazione di Kayle,it
凯尔的圣光升腾,Esaltazione radiosa di Kayle,it
凯尔的增益,Dono di Kayle,it
凯尔的崇拜,Esaltazione di Kayle,it
凯尔的恩赐,Dono di Kayle,it
凯特琳,Caitlyn,it
凯莎,Kai'Sa,it
凱爾的祝福,Dono di Kayle,it
凱爾的聖光讚頌,Esaltazione radiosa di Kayle,it
凱爾的讚頌,Esaltazione di Kayle,it
凱特琳,Caitlyn,it
凱莎,Kai'Sa,it
出身豪门,Cucchiaio d'argento,it
出陣,Sentiero di guerra,it
刀劍湧流,Eccesso di spade,it
刃馬合一,Sentiero di guerra,it
刃马合一,Sentiero di guerra,it
列队,Formazione,it
初級鏡像人格,Personalità speculare minore,it
利落保镖,Addestramento da Guardia del corpo,it
别再错过,Coincidenze perse,it
刹雅,Xayah,it
刺藤胸甲,Corpetto di rovi,it
刻苦钻研,Studio paziente,it
前借り,Finanziamento,it
前排地基,Fondamenta di prima linea,it
前瞻思维,Lungimiranza,it
前線基礎,Fondamenta di prima linea,it
前線維持,Tenete la posizione,it
前线地基,Fondamenta di prima linea,it
前衛の礎,Fondamenta di prima linea,it
剎雅,Xayah,it
剑之工匠,Fabbricante di spade,it
剣鍛冶,Fabbricante di spade,it
副作用,Effetti collaterali,it
劍匠,Fabbricante di spade,it
力に鍛えられしもの,Forgiato nella forza,it
力の聖杯,Calice del potere,it
力炼之躯,Forgiato nella forza,it
力量圣杯,Calice del potere,it
力量聖杯,Calice del potere,it
力量鍛造,Forgiato nella forza,it
加速開始,Messa in moto,it
劣化版鏡像のペルソナ,Personalità speculare minore,it
努努和威朗普,Nunu e Willump,it
劫,Zed,it
劫掠者,Predone,it
劫掠者徽章,Emblema del Predone,it
勒哈斯特,Rhaast,it
勒布朗,LeBlanc,it
勝ち抜け,Prevalere,it
千珏,Kindred,it
升华护符,Talismano dell'ascensione,it
升星之运,Giù come birilli,it
升級！,Aumento di livello!,it
升级咯！,Aumento di livello!,it
升级！,Aumento di livello!,it
午餐錢,Soldi per il pranzo,it
午餐钱,Soldi per il pranzo,it
半导体,Semiconduttore,it
半导体装置,Semiconduttore,it
半導体,Semiconduttore,it
半導體,Semiconduttore,it
卑尔维斯,Bel'Veth,it
单身板甲,Corazza singola,it
博弈开启,Messa in moto,it
占星師,Astronomo,it
占星師徽章,Emblema dell'Astronomo,it
卡尔玛,Karma,it
卡帕果汁,Succo Cappa,it
卡玛,Karma,it
卡瑪,Karma,it
卡胡纳胡纳,Kahunahuna,it
卡莎,Kai'Sa,it
卢登的激荡,Tempesta di Luden,it
卢登骤雨,Tempesta di Luden,it
即席アーマー,Armatura improvvisata,it
厄加特,Urgot,it
厄萨斯,Aatrox,it
厄薩斯,Aatrox,it
厄运小姐,Miss Fortune,it
厄運使者,Catastrofista,it
厨神阿福,U.R.F.,it
友を鍛える,Forgia un amico,it
双城赢家,Viktor-ia di Arcane,it
双子守护神,Guardiani gemelli,it
双子守护者,Guardiani gemelli,it
双排,Coda in duo,it
反响,Replica,it
反曲之弓,Arco ricurvo,it
反曲弓,Arco ricurvo,it
发条加速器,Acceleratore meccanico,it
发条增速器,Acceleratore meccanico,it
受到星神赐福,Benedetto dagli dei,it
变形重组器,Ricombussolatore,it
叛逆者,Misfits,it
叛道者,Bandito,it
叛道者徽章,Emblema del Bandito,it
古拉加斯,Gragas,it
古拉格斯,Gragas,it
另辟新境,Su tutti i fronti,it
叩きつけ,Schiantare,it
可大可小,Il massimo con il minimo,it
可疑風衣,Impermeabile sospetto,it
可疑风衣,Impermeabile sospetto,it
史提克弹簧刀,Pugnale di Statikk,it
史提克彈簧刀,Pugnale di Statikk,it
史特拉克手套,Pegno di Sterak,it
史詩重抽,Cambio epico,it
史诗重骰,Cambio epico,it
吉茵珂丝,Jinx,it
吉茵珂絲,Jinx,it
后排蓝图,Schema della retroguardia,it
后期专家,Specialista del finale,it
后期成长,Crescita a fine partita,it
后期收益,Crescita a fine partita,it
向上流動,Mobilità aumentata,it
吶兒,Gnar,it
吸血の胆力,Vitalità vampirica,it
吸血活力,Vitalità vampirica,it
吸血活力I,Vitalità vampirica,it
吸血生命力,Vitalità vampirica,it
吾弓听命于您,Hai il mio arco,it
吾弓效命於您,Hai il mio arco,it
呐儿,Gnar,it
呪いの刃,Lama maledetta,it
命懸けの戦い,Mosse rischiose,it
命运祭司,Oracolo,it
命运编织者,Tessifato,it
命運編織者,Tessifato,it
商业核心,Fulcro del commercio,it
單人磐核,Corazza singola,it
嗜血者,La Bramasangue,it
嘟嘟好,Colpire e basta,it
四费增援,In quattro e quattr'otto,it
四重援軍,In quattro e quattr'otto,it
回収箱,Raccolta differenziata,it
回收再利用,Raccolta differenziata,it
回春,Secondo fiato,it
团队建设,Team building,it
圣光审判者,Redentore,it
圣光捣蛋鬼,Canaglia radiosa,it
圣盾使的誓约,Voto del Protettore,it
地底寶藏,Tesori sepolti,it
均等法衣,Velo costante,it
坚守前线,Tenete la posizione,it
坚守防线,Tenete la posizione,it
坚定之心,Cuor saldo,it
坚毅之心,Cuor saldo,it
坦度成双,Doppia resistenza,it
坦度雙倍,Doppia resistenza,it
埋もれた宝物,Tesori sepolti,it
埋藏的宝物,Tesori sepolti,it
基克的先驱,Araldo di Zeke,it
基克的阴森先驱,Tetro araldo di Zeke,it
堅守前線,Tenete la posizione,it
堅定之心,Cuor saldo,it
堡垒,Baluardo,it
堡垒卫士,Bastione,it
堡垒卫士纹章,Emblema del Bastione,it
堡壘衛士,Bastione,it
堡壘衛士徽章,Emblema del Bastione,it
報復,Rappresaglia,it
塔姆,Tahm Kench,it
塔楼,La Torre,it
塔隆,Talon,it
增幅之力,Potere dell'Impianto,it
增援部队,In quattro e quattr'otto,it
壁垒,Bastione,it
壁垒徽章,Emblema del Bastione,it
备用弓,Archi da supporto,it
复仇,Rappresaglia,it
复制,Replica,it
复制者,Replicante,it
复制者模式,Modalità replicante,it
复活恩赐,Dono della resurrezione,it
复活的恩赐,Dono della resurrezione,it
复苏之风,Secondo fiato,it
夕闇の加護,Egida del Crepuscolo,it
夜之锋刃,Fine della notte,it
夜明けの加護,Egida dell'Aurora,it
夜色緣界,Fine della notte,it
夜色缘界,Fine della notte,it
大きな福袋,Borsa grande,it
大买特买,Shopping scatenato,it
大剑溢流,Eccesso di spade,it
大剑过载,Eccesso di spade,it
大器晚成,Crescita a fine partita,it
大型惊喜包,Borsa grande,it
大天使之杖,Scettro dell'arcangelo,it
大家來抱抱,Abbraccio di gruppo,it
大小很重要,Le dimensioni contano,it
大百宝袋,Borsa grande,it
大禮包,Borsa grande,it
大而有力,Grande e possente,it
大霹雳星系,Big Bang,it
大霹靂星系,Big Bang,it
天外橫財,Monsoni sonanti,it
天煞,Cacciatore galattico,it
天煞灭影：劫,Zed Invasore,it
太空律动,Ritmo Spaziale,it
太空律动徽章,Emblema del Ritmo Spaziale,it
太空律动纹章,Emblema del Ritmo Spaziale,it
太空律動,Ritmo Spaziale,it
太空律動徽章,Emblema del Ritmo Spaziale,it
失去联络,Coincidenze perse,it
契約殺手,Sicario,it
奢侈品订购,Abbonamento di lusso,it
奢华订阅,Abbonamento di lusso,it
奥恩,Ornn,it
奥术 维克特式胜利,Viktor-ia di Arcane,it
奥瑞利安·索尔,Aurelion Sol,it
奥瑞利安·索尔的恩赐,Dono di Aurelion Sol,it
奧術：維克特必勝,Viktor-ia di Arcane,it
女武神的祝福,Dono dell'aggiustatutto,it
女神の涙,Lacrima della dea,it
女神之泪,Lacrima della dea,it
女神之淚,Lacrima della dea,it
好きなだけ泣くがいい,Fiumi di lacrime,it
好战者的恩赐,Dono dell'aggiustatutto,it
好战者铠甲,Armatura di Warmog,it
好戰者鎧甲,Armatura di Warmog,it
好运姐,Miss Fortune,it
好运手套,Guanti fortunati,it
好運姐,Miss Fortune,it
好運手套,Guanti fortunati,it
娑娜,Sona,it
娜米,Nami,it
娜美,Nami,it
存心失利,Perdite calcolate,it
孤身铁铠,Corazza singola,it
宇宙の再起,Riavvio cosmico,it
宇宙大爆炸,Big Bang,it
宇宙重启,Riavvio cosmico,it
宇宙重啟,Riavvio cosmico,it
守望者之友,Alleato del custode,it
守望者的盟友,Alleato del custode,it
宝宝学院,Primi insegnamenti,it
宝探し,Caccia al tesoro,it
宝石手套,Guanto ingioiellato,it
寂静法衣,Veste della stabilità,it
寂靜法衣,Veste della stabilità,it
密银黎明,Alba di Silvermere,it
寶石手套,Guanto ingioiellato,it
对冲基金,Fondo speculativo,it
寻宝,Caccia al tesoro,it
寻宝之旅,Caccia al tesoro,it
导能者,Convogliatore,it
导能者模式,Modalità Convogliatore,it
專打後期,Specialista del finale,it
尋寶遊戲,Caccia al tesoro,it
導き手,Pastore,it
導き手の紋章,Emblema del Pastore,it
小さくても強烈,"Piccole, ma letali",it
小さな仲間たち,Piccoli alleati,it
小さな巨人,Mini Titani,it
小さな福袋,Borsa piccola,it
小伙伴,Piccoli alleati,it
小偷小摸,Furtarello,it
小型惊喜包,Borsa piccola,it
小型禮包,Borsa piccola,it
小小伙伴,Piccoli alleati,it
小小夥伴,Piccoli alleati,it
小小大英雄,Mini Titani,it
小小泰坦,Titano minuscolo,it
小小福袋,Borsa piccola,it
小巧但致命,"Piccole, ma letali",it
小巨人,Mini Titani,it
小木灵,Mippino,it
小米普,Mippino,it
小而致命,"Piccole, ma letali",it
就差你一個,Coincidenze perse,it
尺寸至上,Le dimensioni contano,it
尺有所短、寸有所长,Le dimensioni contano,it
峡谷迅捷蟹,Argogranchio,it
崇高の冒険,Un'avventura gloriosa,it
崇高冒险,Un'avventura gloriosa,it
崔斯特,Twisted Fate,it
巧みなクラフト,Creazione artigianale,it
巨人の誓い,Determinazione del titano,it
巨人之力,Grande e possente,it
巨人杀手,Uccisore di giganti,it
巨人殺手,Uccisore di giganti,it
巨人腰带,Cintura del gigante,it
巨人腰帶,Cintura del gigante,it
巨型九头蛇,Idra titanica,it
巨型魔棒,Bastone colossale,it
巨大強悍,Grande e possente,it
巨龙之爪,Artiglio del drago,it
巫妖之祸,Terrore dei lich,it
巫妖之禍,Terrore dei lich,it
巴德,Bard,it
巴龍巢穴,Tana del Barone,it
巴龙幻域,Tana del Barone,it
布蕾尔,Briar,it
布蕾爾,Briar,it
布里茨,Blitzcrank,it
帽子ジュース,Succo Cappa,it
帽子饮品,Succo Cappa,it
帽帽果汁,Succo Cappa,it
平底鍋,Padella,it
平底锅,Padella,it
并肩作战,Uniti nelle difficoltà,it
幸存者,Superstite,it
幸运手套,Guanti fortunati,it
幻灵战队,Anima,it
幻灵战队纹章,Emblema Anima,it
幻灵指挥官,Comandante Anima,it
幽冥煞星,Stella Oscura,it
幽冥煞星徽章,Emblema Stella Oscura,it
幽魂弯刀,Sciabola spettrale,it
広がる根,Radici diffuse,it
庇護者のお供,Alleato del custode,it
库奇,Corki,it
应急护甲,Armatura improvvisata,it
应急护盾,Protezione di trama,it
庫奇,Corki,it
建立團隊,Team building,it
开摆,AFK,it
异类,Misfits,it
弓の誓い,Hai il mio arco,it
強制中離,AFK,it
強力投入,Scommessa rischiosa,it
強化包,Bustina,it
强制中离,AFK,it
强化之能量,Potere dell'Impianto,it
强大机甲,Il potente Mech,it
强袭者的链枷,Mazzafrusto dell'Assaltatore,it
当头棒喝！,Bonk!,it
影の操り人形,Burattino d'ombra,it
影子木偶,Burattino d'ombra,it
影忍煞星：劫,Zed Invasore,it
征战之路,Sentiero di guerra,it
待つ価値あり,Valeva la pena aspettare,it
後排藍圖,Schema della retroguardia,it
後衛の設計図,Schema della retroguardia,it
復仇,Rappresaglia,it
復刻師,Replicante,it
復刻師模式,Modalità replicante,it
復活祝福,Dono della resurrezione,it
循序漸進,Spaccato di vita,it
微光龍鱗精粹,Essenza Scaglialucida,it
微光龙鳞精萃,Essenza Scaglialucida,it
心之抗防,Cuore d'acciaio,it
心之钢,Cuore d'acciaio,it
心身統御のペンダント,Medaglione diramante,it
忍耐の美徳,La pazienza è una virtù,it
忍耐是美德,La pazienza è una virtù,it
快速入门,Messa in moto,it
思惑買い,Andare per le lunghe,it
思緒清晰,Mente lucida,it
思緒雜亂,Mente confusa,it
思绪杂乱,Mente confusa,it
思绪清晰,Mente lucida,it
怪しげなトレンチコート,Impermeabile sospetto,it
怪咖集合,Misfits,it
恶意变现,Monetizzazione infida,it
恶意货币化,Monetizzazione infida,it
恶意软件矩阵,Matrice malware,it
恶火小斧,Accetta infernale,it
恶鲨火箭,Fishbones,it
惡性經營,Monetizzazione infida,it
惡意程式矩陣,Matrice malware,it
惡鯊火箭,Fishbones,it
想定内の意外性,L'atteso inaspettato,it
意料之中的意外,L'atteso inaspettato,it
愿四费与你同在,Che il Quattro sia con te,it
慎,Shen,it
成吨数据！,Pioggia di statistiche!,it
成吨的属性！,Pioggia di statistiche!,it
我们团结一致,Restiamo uniti,it
我弓于你手,Hai il mio arco,it
我独自升级,Aumento di livello in solitaria,it
战时补给：反曲之弓,Archi da supporto,it
战时补给：女神之泪,Fiumi di lacrime,it
战时补给：拳套,Successo critico,it
战时补给：无用大棒,Evocazione continua,it
战时补给：暴风大剑,Aprire un passaggio,it
战神的荣耀,L'onore del Signore della guerra,it
戦略的敗北,Perdite calcolate,it
戰國軍閥之榮耀,L'onore del Signore della guerra,it
戰錘意志,La legge della mazza,it
手套,Muffole,it
手气不错,Ti senti fortunato?,it
打手连枷,Mazzafrusto dell'Assaltatore,it
打手連枷,Mazzafrusto dell'Assaltatore,it
打捞桶,Raccolta differenziata,it
打造夥伴,Costruisci un Compagno,it
扩展包,Bustina,it
投資,Investitura,it
投資完了,Investitura,it
投资,Investitura,it
抽好抽滿I,Cambio eterno,it
拉亚斯特,Rhaast,it
拉姆斯,Rammus,it
拉莫斯,Rammus,it
拓展包,Bustina,it
招兵买马,Nuova recluta,it
招兵買馬,Nuova recluta,it
拥抱,Abbraccio di gruppo,it
拳击训练,Lezioni di pugilato,it
拳击课程,Lezioni di pugilato,it
拳套,Guantoni,it
拳擊訓練,Lezioni di pugilato,it
拳擊選手,Lottatore professionista,it
指挥官,Comandante,it
指揮官,Comandante,it
挑个好伙计！,Costruisci un Compagno,it
挑战者,Sfidante,it
挑战者徽章,Emblema dello Sfidante,it
挑战者模式,Modalità sfidante,it
挑战者纹章,Emblema dello Sfidante,it
挖角,Furtarello,it
振奋盔甲,Corazza spirituale,it
振奮盔甲,Corazza spirituale,it
排兵布阵,Formazione,it
探索者护腕,Parabraccia del cercatore,it
探索者的护臂,Parabraccia del cercatore,it
探索者護腕,Parabraccia del cercatore,it
提摩,Teemo,it
提莫,Teemo,it
援護の弓,Archi da supporto,it
揺るがぬ心,Cuor saldo,it
携带型打铁铺,Forgia portatile,it
携手合作,Fare squadra,it
摇钱树,Monsoni sonanti,it
摘星之志,Su verso il cielo,it
攀升之階I,Scalata verso il successo,it
攀登天梯,Scalata verso il successo,it
攜帶型打鐵舖,Forgia portatile,it
攜手同行,Restiamo uniti,it
支配宝匣,Medaglione diramante,it
支配寶匣,Medaglione diramante,it
放電,Elettrocarica,it
救世主,Redentore,it
救済者,Redentore,it
救赎之灵,Spirito di redenzione,it
救赎盔甲,Spirito di redenzione,it
散件丰收日,Furto di componenti,it
斗士,Combattente,it
斗士纹章,Emblema del Combattente,it
斗神,Duellante divino,it
斗神的恩赐,Dono dell'aggiustatutto,it
斜槓英雄,Su tutti i fronti,it
斯塔缇克电刃,Pugnale di Statikk,it
斯特拉克的挑战护手,Pegno di Sterak,it
新人入队,Nuova recluta,it
新兵,Nuova recluta,it
新星特攻队,N.O.V.A.,it
新星特攻队纹章,Emblema N.O.V.A.,it
新纪元,Epoca,it
旅人,Viaggiatore,it
旅人纹章,Emblema del Viaggiatore,it
无人机上行链路,Drone cablato,it
无尽之刃,Frammento d'infinito,it
无尽守护,Protezione infinita,it
无尽绝望,Disperazione eterna,it
无差别攻击,Uccisore indiscriminato,it
无差别杀手,Uccisore indiscriminato,it
无用大棒,Bastone colossale,it
无终恨意,Disperazione eterna,it
日炎斗篷,Mantello del Sole,it
日炎棋盘,Plancia del Sole,it
日炎燎原,Plancia del Sole,it
日輪的加冕,Medaglione dei Solari di ferro,it
日轮的加冕,Medaglione dei Solari di ferro,it
早期教育,Primi insegnamenti,it
昇華護符,Talismano dell'ascensione,it
明智消费,Spesa oculata,it
明鏡止水,Mente lucida,it
易,Master Yi,it
易大师,Master Yi,it
易大師,Master Yi,it
星の観測者,Astronomo,it
星の観測者の紋章,Emblema dell'Astronomo,it
星を目指して,Su verso il cielo,it
星光连击,Combo stellare,it
星光連鎖,Combo stellare,it
星界壁壘,Baluardo,it
星界连招,Combo stellare,it
星界重启,Riavvio cosmico,it
星際旅人,Viaggiatore,it
星際旅人徽章,Emblema del Viaggiatore,it
星靈牧者,Pastore,it
星靈牧者徽章,Emblema del Pastore,it
昼食代,Soldi per il pranzo,it
時計仕掛けの加速装置,Acceleratore meccanico,it
時間破壞者,Spezzatempo,it
時間破壞者徽章,Emblema dello Spezzatempo,it
普通の日々,Spaccato di vita,it
普通預金口座,Conto dei risparmi,it
智商稅,Tributo cognitivo,it
智慧末刃,Speranza perduta,it
暗影傀儡,Burattino d'ombra,it
暗影木偶,Burattino d'ombra,it
暗星,Stella Oscura,it
暗星纹章,Emblema Stella Oscura,it
暗行者之爪,Artiglio del predatore,it
暗黑女士,Signora Oscura,it
暮光铁壁,Baluardo,it
暮夜之盾,Egida del Crepuscolo,it
暴击式成功,Successo critico,it
暴風之劍,M.C. Spada,it
暴风之剑,M.C. Spada,it
暴风大剑,M.C. Spada,it
曙光核心,Nucleo dell'alba,it
更致命之刃,Lame più letali,it
更要命的帽子,Cappelli più letali,it
更要命的战刃,Lame più letali,it
最佳好友,Migliori amici,it
最后的轻语,Sussurro fatale,it
最后耳语,Sussurro fatale,it
最后赢家,Prevalere,it
最大最小化,Il massimo con il minimo,it
最小巨人,Titano minuscolo,it
最強の四配者,In quattro e quattr'otto,it
最强构筑,Configurazione massima,it
最後耳語,Sussurro fatale,it
最高指挥官,Comandante,it
有効活用,Non proprio inutile,it
有用之材,Non proprio inutile,it
朔极之矛,Lancia di Shojin,it
木偶化,Fantoccificazione,it
木灵族,Amico dei Mippi,it
木灵族纹章,Emblema dell'Amico dei Mippi,it
未来の鍛冶場,Forgia nascosta,it
未来战士,Spezzatempo,it
未来战士纹章,Emblema dello Spezzatempo,it
末日使者,Catastrofista,it
机甲神盾,Mecha,it
杀出血路,Aprire un passaggio,it
权杖意志,La legge della mazza,it
杖之工匠,Fabbricante di bastoni,it
杖匠,Fabbricante di bastoni,it
杖鍛冶,Fabbricante di bastoni,it
来个好伙计,Amico fai-da-te,it
极光,Aurora,it
极限拉满,Il massimo con il minimo,it
构筑一名伙伴：,Costruisci un Compagno,it
枯朽の遺物,Reliquia appassita,it
枯死の宝石,Gioiello della rovina,it
枯萎圣物,Reliquia appassita,it
枯萎宝石,Gioiello della rovina,it
枯萎寶石,Gioiello della rovina,it
枯萎珠宝,Gioiello della rovina,it
柔依,Zoe,it
柔軟性,Flessibilità,it
根絶者,Eradicatore,it
格斗手套,Guantoni,it
格温,Gwen,it
格雷福斯,Graves,it
格鬥手套,Guantoni,it
棋手之盾,Scudo dello stratega,it
棋手厨房,Cucina dello Stratega,it
棋手廚房,Cucina dello Stratega,it
棋手披風,Mantello dello stratega,it
棋手斗篷,Mantello dello stratega,it
棋手皇冠,Corona dello Stratega,it
棋手盾牌,Scudo dello stratega,it
棘刺背心,Corpetto di rovi,it
棱彩门票,Biglietto prismatico,it
極速快手,Sfidante,it
極速快手徽章,Emblema dello Sfidante,it
極速快手模式,Modalità sfidante,it
構成拡大,Su tutti i fronti,it
模控機械上鏈,Collegamento cibernetico,it
模控機械移植,Impianti cibernetici,it
機械戰甲,Mecha,it
次级镜像人格面具,Personalità speculare minore,it
次级镜影化身,Personalità speculare minore,it
歐羅拉,Aurora,it
正义之手,Mano della giustizia,it
正义手套,Mano della giustizia,it
正义报复,Rappresaglia,it
正義手套,Mano della giustizia,it
武斗家,Combattente,it
武斗家徽章,Emblema del Combattente,it
武装战姬,Dea delle Armi,it
武鬥家,Combattente,it
武鬥家徽章,Emblema del Combattente,it
歩く鍛冶場,Forgia incarnata,it
死亡之刃,Lama mortale,it
死亡之帽,Copricapo di Rabadon,it
死得有價值I,Non proprio inutile,it
死神之刃,Lama mortale,it
歼灭者,Eradicatore,it
殉道美德,Virtù del martire,it
殺出血路,Aprire un passaggio,it
水乳交融,Restiamo uniti,it
水銀兜帽,Argento vivo,it
水银,Argento vivo,it
水银兜帽,Argento vivo,it
永恆契約,Patto eterno,it
永恒契约,Patto eterno,it
永续召唤,Evocazione continua,it
汪星机器人,Animale da festa,it
沈黙の帳,Veste della stabilità,it
沉重王冠,Pesante è la corona,it
河蟹,Argogranchio,it
治疗法球,Sfere curative,it
治療靈球,Sfere curative,it
治癒回音,Echi curativi,it
法官,Arbitro,it
法官纹章,Emblema dell'Arbitro,it
法杖工匠,Fabbricante di bastoni,it
法杖溢流,Eccesso di bacchette,it
法洛士的執念,Ossessione di Varus,it
法洛士的增益,Dono di Varus,it
法洛士的执念,Ossessione di Varus,it
法洛士的祝福,Dono di Varus,it
波比,Poppy,it
泪流不止,Fiumi di lacrime,it
泪流成河,Fiumi di lacrime,it
泰坦九头蛇,Idra titanica,it
泰坦九頭蛇,Idra titanica,it
泰坦的决意,Determinazione del titano,it
泰坦的坚决,Determinazione del titano,it
泰坦的決意,Determinazione del titano,it
泰隆,Talon,it
活体锻炉,Forgia incarnata,it
活火炉,Forgia incarnata,it
活火爐,Forgia incarnata,it
派上用场,Non proprio inutile,it
派克,Pyke,it
派对大咖,Animale da festa,it
派對咖,Animale da festa,it
流れる涙,Fiumi di lacrime,it
流亡孤军,Esuli,it
流亡孤軍,Esuli,it
浪人,Esuli,it
海克斯科技枪刃,Pistola a lame hextech,it
海克斯科技槍刃,Pistola a lame hextech,it
海妖之怒,Furia del kraken,it
海牛阿福的锅铲战术,Azzardo di Urf,it
海魔人,Primordiano,it
海魔人纹章,Emblema del Primordiano,it
淚光閃閃,Fiumi di lacrime,it
淚如泉湧,Fiumi di lacrime,it
混乱回復装置,Ricombussolatore,it
混乱的呼唤,Richiamo al caos,it
混沌への呼び声,Richiamo al caos,it
混沌召唤,Richiamo al caos,it
混沌召喚,Richiamo al caos,it
清晰头脑,Mente lucida,it
游侠,Bandito,it
游侠纹章,Emblema del Bandito,it
游神的盟友,Alleato del custode,it
源计划上行链路,Collegamento cibernetico,it
源计划植入,Impianti cibernetici,it
滚起优势,Giù come birilli,it
漫游者,Viaggiatore,it
漫游者徽章,Emblema del Viaggiatore,it
潘多拉的备战区,Panca di Pandora,it
潘多拉的道具,Oggetti di Pandora,it
潘朵拉的備戰區,Panca di Pandora,it
潘朵拉的备战席,Panca di Pandora,it
潘朵拉的装备,Oggetti di Pandora,it
潘朵拉的道具,Oggetti di Pandora,it
潘森,Pantheon,it
潛在火爐,Forgia nascosta,it
潛行者之爪,Artiglio del predatore,it
潜心锻造,Forgia nascosta,it
潜行者之爪,Artiglio del predatore,it
激发之匣,Medaglione diramante,it
火上浇油,Alimentare le fiamme,it
火热促销,Saldi imperdibili,it
火爆甩卖,Saldi imperdibili,it
灭世者的死亡之帽,Copricapo di Rabadon,it
灭星尊,Eradicatore,it
灵气农兵,Farmare l'aura,it
灵活变通,Flessibilità,it
灵活摇摆,Flessibilità,it
灵能特工,Psionico,it
灵能特工纹章,Emblema Psionico,it
灵能者,Psionico,it
灵能者徽章,Emblema Psionico,it
灵风,Zefiro,it
灵魂唤醒,Risveglio dell'anima,it
灵魂觉醒,Risveglio dell'anima,it
炎を強めて,Alimentare le fiamme,it
点击即送,Colpire e basta,it
炽天使之拥,Scettro serafino,it
炽天使之杖,Scettro serafino,it
烁刃,Lame rotanti,it
烈士之德,Virtù del martire,it
烈士美德,Virtù del martire,it
烏爾加特,Urgot,it
烬,Jhin,it
無人機上鏈,Drone cablato,it
無差別屠殺,Uccisore indiscriminato,it
無差別殺人者,Uccisore indiscriminato,it
無盡之刃,Frammento d'infinito,it
無盡絕望,Disperazione eterna,it
無限守護,Protezione infinita,it
煞蜜拉,Samira,it
煽风点火,Alimentare le fiamme,it
熊熊火勢,Alimentare le fiamme,it
熾天使之杖,Scettro serafino,it
營造氣場,Farmare l'aura,it
燼,Jhin,it
燼滅之華,Eradicatore,it
爆炸式增长,Crescita esplosiva,it
爆炸性成長,Crescita esplosiva,it
爆発的成長,Crescita esplosiva,it
爱心包裹,Pacchetto di aiuti,it
爱欧尼亚星火,Scintilla ionica,it
牧羊人,Pastore,it
牧羊人纹章,Emblema del Pastore,it
牧魂人,Pastore,it
牧魂人徽章,Emblema del Pastore,it
物尽其用,Schiantare,it
物資箱,Pacchetto di aiuti,it
特性の書,Tomo dei tratti,it
特性の木,L'Albero dei tratti,it
特性を選択,Scegli tratto,it
特性之树,L'Albero dei tratti,it
特性典籍,Tomo dei tratti,it
特性神木,L'Albero dei tratti,it
犽宿之共享光采,Ribalta condivisa di Yasuo,it
犽宿的共享光采,Ribalta condivisa di Yasuo,it
犽宿的剑术,Gioco di lama di Yasuo,it
犽宿的增益,Dono di Yasuo,it
犽宿的祝福,Dono di Yasuo,it
犽宿的迅雷之技,Gioco di lama di Yasuo,it
犽宿的黃金棋格,Esagono dorato di Yasuo,it
犽宿的黄金格子,Esagono dorato di Yasuo,it
狂徒铠甲,Armatura di Warmog,it
狂战士,Predone,it
狂战士纹章,Emblema del Predone,it
狙击专家,Cecchino,it
狙击专家徽章,Emblema del Cecchino,it
狙擊專家,Cecchino,it
狙擊專家徽章,Emblema del Cecchino,it
狙神,Cecchino,it
狙神纹章,Emblema del Cecchino,it
独自升级,Aumento di livello in solitaria,it
狱火战斧,Accetta infernale,it
猛将的荣耀,L'onore del Signore della guerra,it
猩红报偿,Pegno di sangue,it
獄火手斧,Accetta infernale,it
獄炎のハチェット,Accetta infernale,it
獨自升等,Aumento di livello in solitaria,it
王冠とは重きもの,Pesante è la corona,it
王冠之重,Pesante è la corona,it
玻璃大炮,Cannone di cristallo,it
玻璃大砲I,Cannone di cristallo,it
珍藏财宝,Tesori sepolti,it
珠光护手,Guanto ingioiellato,it
珠光莲花,Loto ingioiellato,it
珠光蓮花II,Loto ingioiellato,it
瑟雷西的增益,Dono di Thresh,it
瑟雷西的灯笼,Lanterna di Thresh,it
瑟雷西的燈籠,Lanterna di Thresh,it
瑟雷西的祝福,Dono di Thresh,it
璐璐,Lulu,it
甘いおやつ,Dolci,it
甜点,Dolci,it
生存专家,Superstite,it
生存專家,Superstite,it
生日团聚,Ritrovo di compleanno,it
生日團聚,Ritrovo di compleanno,it
生日礼物,Regalo di compleanno,it
生日禮物,Regalo di compleanno,it
生日聚会,Ritrovo di compleanno,it
生根发芽,Radici diffuse,it
生活片段,Spaccato di vita,it
生涯ブロンズ,Bronzo per la vita,it
生物材料保存,Conservatore di biomateria,it
生物质保存剂,Conservatore di biomateria,it
生物质维护器,Conservatore di biomateria,it
由二生D,Due volte il valore,it
电光反击,Elettrocarica,it
电火花,Elettrocarica,it
电荷转移I,Trasferimento carica,it
男爵幻域,Tana del Barone,it
略奪者,Predone,it
略奪者の紋章,Emblema del Predone,it
疗愈回响,Echi curativi,it
疾射火炮,Archibugio a ripetizione,it
疾速双杀,Doppia uccisione rapida,it
疾速雙殺,Doppia uccisione rapida,it
癒しのこだま,Echi curativi,it
登上最高峰,Prevalere,it
發條加速器,Acceleratore meccanico,it
百兽,Anima,it
百兽指挥官,Comandante Anima,it
百兽特攻队徽章,Emblema Anima,it
百獸,Anima,it
百獸指揮官,Comandante Anima,it
百獸特攻隊徽章,Emblema Anima,it
皇冠守衛,Corona reale,it
盗賊のグローブ,Guanti del ladro,it
盗賊団,Banda di ladri,it
盗賊団 II,Banda di ladri II,it
盜取,Furtarello,it
盧登驟雨,Tempesta di Luden,it
目标锁定光学仪,Ottica a puntamento assistito,it
目標鎖定光學,Ottica a puntamento assistito,it
真派氣功,Kahunahuna,it
石像鬼盘核,Lastrapietra del gargoyle,it
石像鬼石板甲,Lastrapietra del gargoyle,it
石像鬼磐核,Lastrapietra del gargoyle,it
研究熱心,Studio paziente,it
砰地重击,Schiantare,it
砰爆,Catastrofista,it
破时者,Spezzatempo,it
破时者徽章,Emblema dello Spezzatempo,it
破曉之核,Nucleo dell'alba,it
砸起來,Schiantare,it
硬性承诺,Scommessa rischiosa,it
碰撞测试假人,Fantocci da crash test,it
碰撞測試,Fantocci da crash test,it
神の祝福,Benedetto dagli dei,it
神の鍛冶場,Forgia apoteotica,it
神之祝福,Benedetto dagli dei,it
神偷军团,Banda di ladri,it
神偷军团 II,Banda di ladri II,it
神偷軍團,Banda di ladri,it
神偷軍團 II,Banda di ladri II,it
神力天铸,Forgiato nella forza,it
神化锻炉,Forgia apoteotica,it
神寵者,Benedetto dagli dei,it
神影刺客,Bandito,it
神影刺客徽章,Emblema del Bandito,it
神聖熔爐,Forgia apoteotica,it
神託,Oracolo,it
神諭,Oracolo,it
神谕,Convogliatore,it
神谕模式,Modalità Convogliatore,it
神赐锻炉,Forgia apoteotica,it
神鬥士,Duellante divino,it
禁忌之像,Idolo proibito,it
禁忌雕像,Idolo proibito,it
离子火花,Scintilla ionica,it
私房錢,Truffatore,it
私房钱,Truffatore,it
科加斯,Cho'Gath,it
秘传奥义,Kahunahuna,it
稜鏡票券,Biglietto prismatico,it
穢れたヴァンパイア セプター,Scettro vampirico corrotto,it
究極暴擊,Successo critico,it
窃盗,Furtarello,it
窃贼帮派,Banda di ladri,it
窃贼帮派 II,Banda di ladri II,it
窃贼手套,Guanti del ladro,it
竊賊手套,Guanti del ladro,it
米利欧,Milio,it
米普,Mippino,it
米普,Amico dei Mippi,it
米普徽章,Emblema dell'Amico dei Mippi,it
米普星人,Amico dei Mippi,it
米普星人徽章,Emblema dell'Amico dei Mippi,it
米普終端速度,Velocità termipponale,it
米里欧,Milio,it
米里歐,Milio,it
精心打造,Creazione artigianale,it
精心製作,Creazione artigianale,it
精打細算,Spesa oculata,it
精打细算,Spesa oculata,it
精进之矛,Lancia di Shojin,it
精進之矛,Lancia di Shojin,it
紀元,Epoca,it
紅Buff,Buff rosso,it
納什之牙,Dente di Nashor,it
納瑟斯,Nasus,it
素材アイテムヘイスト,Furto di componenti,it
紡がれし魔法,Tela magica,it
索娜,Sona,it
索拉卡的增益,Dono di Soraka,it
索拉卡的奇蹟,Miracolo di Soraka,it
索拉卡的奇迹,Miracolo di Soraka,it
索拉卡的恩赐,Dono di Soraka,it
索拉卡的祝福,Dono di Soraka,it
終わりなき絶望,Disperazione eterna,it
組件強盜,Furto di componenti,it
絶好調,Giù come birilli,it
維克特,Viktor,it
維迦,Veigar,it
縮小手套,Muffole,it
红增益,Buff rosso,it
红霸符,Buff rosso,it
纪年伊始,Epoca,it
纳什之牙,Dente di Nashor,it
纳尔,Gnar,it
纳瑟斯,Nasus,it
纷乱头脑,Mente confusa,it
纹章之书,Tomo dei tratti,it
纺织魔法,Tela magica,it
组件劫案,Furto di componenti,it
织命人,Tessifato,it
终端米普速度,Velocità termipponale,it
终身青铜,Bronzo per la vita,it
终身黄铜,Bronzo per la vita,it
绝境反击,Storia di una rimonta,it
维克托,Viktor,it
维克特,Viktor,it
维迦,Veigar,it
编织魔法,Tela magica,it
羁绊树,L'Albero dei tratti,it
美味甜點,Dolci,it
翱銳龍獸,Aurelion Sol,it
翱銳龍獸的祝福,Dono di Aurelion Sol,it
翱锐龙兽,Aurelion Sol,it
翱锐龙兽的增益,Dono di Aurelion Sol,it
耐心学习,Studio paziente,it
耐心學習,Studio paziente,it
耐心是一种美德,La pazienza è una virtù,it
耐心是美德,La pazienza è una virtù,it
职业杀手,Sicario,it
联合作战,Uniti nelle difficoltà,it
聖なる決闘者,Duellante divino,it
聖光無賴,Canaglia radiosa,it
能力值大補包,Pioggia di statistiche!,it
能量圣杯,Calice del potere,it
脫穎而出,Prevalere,it
腐蚀,Corrosione,it
腐蝕,Corrosione,it
腐败吸血鬼权杖,Scettro vampirico corrotto,it
腐食,Corrosione,it
腰带溢流,Eccesso di cinture,it
腰带过载,Eccesso di cinture,it
腰帶多多,Eccesso di cinture,it
臨時戰甲,Armatura improvvisata,it
至尊探险,Un'avventura gloriosa,it
致命利刃,Lame più letali,it
致命帽子,Cappelli più letali,it
致命豆丁,"Piccole, ma letali",it
致死之帽,Cappelli più letali,it
艾克的增益,Dono di Ekko,it
艾克的恩赐,Dono di Ekko,it
艾克的祝福,Dono di Ekko,it
艾克的耐心,Pazienza di Ekko,it
节外生枝,Su tutti i fronti,it
花到上头,Truffatore,it
芽苞初放,Amico fai-da-te,it
英勇惊喜包,Borsa eroica,it
英勇福袋,Borsa eroica,it
英雄のラッキーバッグ,Borsa eroica,it
英雄禮包,Borsa eroica,it
茂凯,Maokai,it
茂凱,Maokai,it
荊棘蔓延,Radici diffuse,it
莎弥拉,Samira,it
莫德凯撒,Mordekaiser,it
莫甘娜,Morgana,it
莫雷洛秘典,Morellonomicon,it
菲兹,Fizz,it
菲奥娜,Fiora,it
菲欧拉,Fiora,it
菲歐拉,Fiora,it
葛雷夫,Graves,it
蓝增益,Buff blu,it
蓝霸符,Buff blu,it
蔓延之根,Radici diffuse,it
蕾欧娜,Leona,it
薄暮法袍,Velo costante,it
薇古丝,Vex,it
薇可丝,Vex,it
薇可絲,Vex,it
藍Buff,Buff blu,it
虚空之杖,Bastone del Vuoto,it
虚空之门,Portale Zz'Rot,it
虚空手套,Guanto del Vuoto,it
虚空护手,Guanto del Vuoto,it
虛空之杖,Bastone del Vuoto,it
虛空之門,Portale Zz'Rot,it
虛空武鬥場,Guanto del Vuoto,it
血の供物,Sacrificio cruento,it
血の価値,Pegno di sangue,it
血償,Pegno di sangue,it
血的代价,Pegno di sangue,it
血祭,Sacrificio cruento,it
衝擊火炮,Archibugio a ripetizione,it
衝突試験用ダミー,Fantocci da crash test,it
裁决者,Arbitro,it
裁决者徽章,Emblema dell'Arbitro,it
装备百宝袋,Borsa degli oggetti,it
複製,Replica,it
西風匕首,Zefiro,it
西风匕首,Zefiro,it
視界專注,Concentrazione dell'orizzonte,it
观星者,Astronomo,it
观星者徽章,Emblema dell'Astronomo,it
观星者纹章,Emblema dell'Astronomo,it
视界专注,Concentrazione dell'orizzonte,it
觉得自己幸运吗,Ti senti fortunato?,it
訂購奢侈品,Abbonamento di lusso,it
訂閱服務,Servizio ad abbonamento,it
訓練假人,Fantoccio di addestramento,it
詛咒之冠,Corona maledetta,it
詛咒之刃,Lama maledetta,it
詛咒吸血鬼權杖,Scettro vampirico corrotto,it
認知超載,Sovraccarico cognitivo,it
订阅服务,Servizio ad abbonamento,it
认知税,Tributo cognitivo,it
认知超负荷,Sovraccarico cognitivo,it
认知过载,Sovraccarico cognitivo,it
训练假人,Fantoccio di addestramento,it
训练木偶,Fantoccio di addestramento,it
诅咒之冠,Corona maledetta,it
诅咒之刃,Lama maledetta,it
诅咒冠冕,Corona maledetta,it
豪華なサブスク,Abbonamento di lusso,it
貝爾薇斯,Bel'Veth,it
負極斗篷,Mantello di Negatron,it
貪啃奇,Tahm Kench,it
貪財,Fame di denaro,it
買い物三昧,Shopping scatenato,it
買不手軟,Shopping scatenato,it
貿易核心,Fulcro del commercio,it
賈克斯,Jax,it
賢い買い物,Spesa oculata,it
贝尔薇斯,Bel'Veth,it
贝蕾亚,Briar,it
负极斗篷,Mantello di Negatron,it
财源滚滚,Monsoni sonanti,it
贪啃奇,Tahm Kench,it
贪财,Fame di denaro,it
购物狂欢,Shopping scatenato,it
贸易中心,Fulcro del commercio,it
贸易大亨,Settore dello scambio,it
贾克斯,Jax,it
赏金战士,Lottatore professionista,it
起死回生,Secondo fiato,it
超前部署,Lungimiranza,it
超新星,N.O.V.A.,it
超新星徽章,Emblema N.O.V.A.,it
超级机甲,Il potente Mech,it
超能機甲,Il potente Mech,it
超越のタリスマン,Talismano dell'ascensione,it
跳樓大拍賣,Saldi imperdibili,it
輝く悪党,Canaglia radiosa,it
转不停,Cambio eterno,it
轻量魔法投掷,Tiro lievemente magico,it
轻魔重骰,Tiro lievemente magico,it
这次战败也在计算之中,Perdite calcolate,it
远古霸者,Primordiano,it
远古霸者徽章,Emblema del Primordiano,it
远征,Spedizione,it
远见卓识,Lungimiranza,it
连指手套,Muffole,it
迷你小英雄,Titano minuscolo,it
迷你黑洞,Mini Buco nero,it
迷离风衣,Impermeabile sospetto,it
适应性头盔,Elmo adattivo,it
适性神盔,Elmo adattivo,it
逆命,Twisted Fate,it
逆袭之路,Storia di una rimonta,it
逆転劇,Storia di una rimonta,it
逆轉佳話,Storia di una rimonta,it
选择特性,Scegli tratto,it
选择羁绊,Scegli tratto,it
這次戰敗也在計算之中,Perdite calcolate,it
連続魔法,Evocazione continua,it
連續施法,Evocazione continua,it
進階貸款,Finanziamento,it
道を切り拓け,Aprire un passaggio,it
道具惊喜包,Borsa degli oggetti,it
道具組合包I,Borsa degli oggetti,it
遠古霸者,Primordiano,it
遠古霸者徽章,Emblema del Primordiano,it
遠征,Spedizione,it
遥遥领先,Andare per le lunghe,it
適性神盔,Elmo adattivo,it
選擇特性,Scegli tratto,it
避險基金,Fondo speculativo,it
邦！,Bonk!,it
邪悪な収益化,Monetizzazione infida,it
部分飞升,Ascensione parziale,it
鄂尔,Ornn,it
鄂爾,Ornn,it
重启任务,Riavvia missione,it
重整装置,Ricombussolatore,it
重整裝置,Ricombussolatore,it
重新開始任務,Riavvia missione,it
重枪女武神,Dea delle Armi,it
重槍女武神,Dea delle Armi,it
重装战士,Avanguardia,it
重装战士纹章,Emblema dell'Avanguardia,it
重锤之志,La legge della mazza,it
量身訂做,Personalizzazione esclusiva,it
金に飢えし者,Fame di denaro,it
金のタマゴ,L'uovo dorato,it
金のモンスーン,Monsoni sonanti,it
金ピカの鋼,Acciaio brillante,it
金克丝,Jinx,it
金湯匙,Cucchiaio d'argento,it
金蛋,L'uovo dorato,it
金铲铲,Spatola,it
金铲铲冠冕,Corona dello Stratega,it
金锅铲冠冕,Mantello dello stratega,it
金锅锅,Padella,it
金锅锅冠冕,Scudo dello stratega,it
金霖龙,Il Drago dorato,it
金鳞精粹,Essenza Scaglialucida,it
金龙降世,Il Drago dorato,it
鈍化,Fantoccificazione,it
銀の匙,Cucchiaio d'argento,it
銀河獵手,Cacciatore galattico,it
銀織黎明,Alba di Silvermere,it
銃装機神,Dea delle Armi,it
銅級之命II,Bronzo per la vita,it
鋼の心,Cuore d'acciaio,it
鋼鐵素材,Risorse ferrose,it
錫柯的悲鳴號角,Tetro araldo di Zeke,it
錫柯的號角,Araldo di Zeke,it
鍋鏟,Spatola,it
鎖子甲,Cotta di maglia,it
鏡像のペルソナ,Personalità speculare,it
鏡像人格,Personalità speculare,it
鏡爪,Kindred,it
鑄造朋友,Forgia un amico,it
钢铁之心,Cuore d'acciaio,it
钢铁烈阳之匣,Medaglione dei Solari di ferro,it
钢铁资产,Risorse ferrose,it
银汤匙,Cucchiaio d'argento,it
银河猎手,Cacciatore galattico,it
银织黎明,Alba di Silvermere,it
铸剑工匠,Fabbricante di spade,it
锁子甲,Cotta di maglia,it
锁敌光学设备,Ottica a puntamento assistito,it
锅铲,Spatola,it
锅铲厨房,Cucina dello Stratega,it
锐雯,Riven,it
锡柯的号角,Araldo di Zeke,it
锡柯的悲鸣号角,Tetro araldo di Zeke,it
锤石的恩赐,Dono di Thresh,it
锤石的灯笼,Lanterna di Thresh,it
锻造一个朋友,Forgia un amico,it
锻造挚友,Forgia un amico,it
镀金钢铁,Acciaio brillante,it
镜像人格面具,Personalità speculare,it
镜影化身,Personalità speculare,it
镜爪,Kindred,it
長久之計,Andare per le lunghe,it
閃刃,Lame rotanti,it
開局新手包,Amico fai-da-te,it
闇の女帝,Signora Oscura,it
闇翼魔女,Signora Oscura,it
關,Gwen,it
防禦高塔,La Torre,it
阿卡丽,Akali,it
阿卡莉,Akali,it
阿狸的光环,Aura di Ahri,it
阿狸的恩赐,Dono di Ahri,it
阿璃的增益,Dono di Ahri,it
阿璃的灵气,Aura di Ahri,it
阿璃的祝福,Dono di Ahri,it
阿璃的靈氣,Aura di Ahri,it
阿福大礼包,Borsa di Urf,it
阿福大禮包,Borsa di Urf,it
阿福奇兵,Azzardo di Urf,it
阿福式开局,Azzardo di Urf,it
阿福快打,U.R.F.,it
阿福的百宝袋,Borsa di Urf,it
阿福驾到,U.R.F.,it
阿萝拉,Aurora,it
降靈師,Convogliatore,it
降靈師模式,Modalità Convogliatore,it
限定カスタマイズ,Personalizzazione esclusiva,it
陣容,Formazione,it
集中火力,Fuoco concentrato,it
集中砲火,Fuoco concentrato,it
集体拥抱I,Abbraccio di gruppo,it
集结战队,Fare squadra,it
雇佣杀手,Sicario,it
雙排,Coda in duo,it
雙生守衛,Guardiani gemelli,it
離子星火,Scintilla ionica,it
雷克塞,Rek'Sai,it
雷欧娜,Leona,it
雷歐娜,Leona,it
雷玟,Riven,it
雷珂煞,Rek'Sai,it
電光反擊,Elettrocarica,it
電荷轉移,Trasferimento carica,it
霞,Xayah,it
露璐,Lulu,it
霸天机甲,Mecha,it
靈活變通,Flessibilità,it
靈能使,Psionico,it
靈能使徽章,Emblema Psionico,it
靈魂救贖,Spirito di redenzione,it
静止法衣,Veste della stabilità,it
非凡冒險,Un'avventura gloriosa,it
韦鲁斯的恩赐,Dono di Varus,it
韦鲁斯的执念,Ossessione di Varus,it
頂裝,Configurazione massima,it
預料中的意外,L'atteso inaspettato,it
願四之力與你同在,Che il Quattro sia con te,it
顶尖构筑,Configurazione massima,it
顽强不屈,L'indomabile,it
飙速木灵,Velocità termipponale,it
飛斯,Fizz,it
飛昇,Ascensione,it
飞升,Ascensione,it
飞升护符,Talismano dell'ascensione,it
飞斯,Fizz,it
饮血剑,La Bramasangue,it
騎士の誓い,Voto del cavaliere,it
騎士誓願,Voto del cavaliere,it
骑士之誓,Voto del cavaliere,it
骑士誓愿,Voto del cavaliere,it
高压电,Alta tensione,it
高压电流,Alta tensione,it
高塔,La Torre,it
高级贷款,Finanziamento,it
高速ダブルキル,Doppia uccisione rapida,it
高電圧,Alta tensione,it
高電壓,Alta tensione,it
高風險高報酬,Mosse rischiose,it
鬼使弯刀,Sciabola spettrale,it
鬼使彎刀,Sciabola spettrale,it
鬼索的狂暴之刃,Furia di Guinsoo,it
魂力覺醒,Risveglio dell'anima,it
魔像,Golem,it
魔力編織,Tela magica,it
魔斗凯萨,Mordekaiser,it
魔术师,Replicante,it
魔术师模式,Modalità replicante,it
魔杖湧流,Eccesso di bacchette,it
魔棒过载,Eccesso di bacchette,it
魔法のダイス,Un tiro magico,it
魔法投掷,Un tiro magico,it
魔法擲骰,Un tiro magico,it
魔法骰子,Un tiro magico,it
魔甘娜,Morgana,it
魔鬥凱薩,Mordekaiser,it
鱼骨头,Fishbones,it
鲜血祭品,Sacrificio cruento,it
鴻運當頭,Ti senti fortunato?,it
鴻運當頭,Giù come birilli,it
麗珊卓,Lissandra,it
黃昏聖盾,Egida del Crepuscolo,it
黃金巨龍,Il Drago dorato,it
黃金蛋,L'uovo dorato,it
黃金豪賭,Scommessa dorata,it
黄昏圣盾,Egida del Crepuscolo,it
黄金の博打,Scommessa dorata,it
黄金の龍,Il Drago dorato,it
黄金蛋,L'uovo dorato,it
黄金豪赌,Scommessa dorata,it
黄金赌约,Scommessa dorata,it
黎明之盾,Egida dell'Aurora,it
黎明圣盾,Egida dell'Aurora,it
黎明核心,Nucleo dell'alba,it
黎明聖盾,Egida dell'Aurora,it
黑暗吸血鬼节杖,Scettro vampirico corrotto,it
黑暗魔女,Signora Oscura,it
黑铁资产,Risorse ferrose,it
黑魔禁书,Morellonomicon,it
黑魔禁書,Morellonomicon,it
黛安娜,Diana,it
龍之爪,Artiglio del drago,it
龙之爪,Artiglio del drago,it
가고일 돌갑옷,Lastrapietra del gargoyle,it
가지 뻗기,Su tutti i fronti,it
간이 대장간,Forgia incarnata,it
강철의 솔라리 펜던트,Medaglione dei Solari di ferro,it
강철의 심장,Cuore d'acciaio,it
거대 메크 로봇,Il potente Mech,it
거대하고 강력한,Grande e possente,it
거대한 히드라,Idra titanica,it
거래 중심지,Fulcro del commercio,it
거울의 환영,Personalità speculare,it
거인 학살자,Uccisore di giganti,it
거인의 결의,Determinazione del titano,it
거인의 허리띠,Cintura del gigante,it
검 제작자,Fabbricante di spade,it
경품 추첨,Scommessa dorata,it
경호대 훈련,Addestramento da Guardia del corpo,it
계산된 패배,Perdite calcolate,it
고귀한 모험,Un'avventura gloriosa,it
고독한 방패,Corazza singola,it
고속 연사포,Archibugio a ripetizione,it
고위천사의 지팡이,Scettro serafino,it
고전압,Elettrocarica,it
고전압,Alta tensione,it
고철 수집가의 은총,Dono dell'aggiustatutto,it
곡궁,Arco ricurvo,it
골렘,Golem,it
공감 임플란트,Impianto empatico,it
공허 건틀릿,Guanto del Vuoto,it
공허의 지팡이,Bastone del Vuoto,it
교환의 장,Settore dello scambio,it
구독 서비스,Servizio ad abbonamento,it
구원의 영혼,Spirito di redenzione,it
구원자,Redentore,it
구인수의 격노검,Furia di Guinsoo,it
굳건한 심장,Cuor saldo,it
권투 교습,Lezioni di pugilato,it
그냥 눌러,Colpire e basta,it
그라가스,Gragas,it
그레이브즈,Graves,it
그림자 꼭두각시,Burattino d'ombra,it
그웬,Gwen,it
극대화 빌드,Configurazione massima,it
극진한 헌신,Scommessa rischiosa,it
금지된 우상,Idolo proibito,it
급매,Saldi imperdibili,it
기다림의 미학,Valeva la pena aspettare,it
기동총격여신,Dea delle Armi,it
기사의 맹세,Voto del cavaliere,it
길을 내라,Aprire un passaggio,it
길잡이,Pastore,it
길잡이 상징,Emblema del Pastore,it
꼬꼬마 거인,Titano minuscolo,it
꼬마 거인,Mini Titani,it
꼬마 정령,Mippino,it
꽁!,Bonk!,it
끈끈한 우정,Team building,it
끈질긴 연구,Studio paziente,it
끝없는 절망,Disperazione eterna,it
나 혼자 레벨업,Aumento di livello in solitaria,it
나르,Gnar,it
나미,Nami,it
나서스,Nasus,it
남작의 소굴,Tana del Barone,it
내셔의 이빨,Dente di Nashor,it
넘치는 대검,Eccesso di spade,it
넘치는 지팡이,Eccesso di bacchette,it
넘치는 허리띠,Eccesso di cinture,it
누누와 윌럼프,Nunu e Willump,it
다 쓸 데가 있다니까,Non proprio inutile,it
다이애나,Diana,it
단결된 의지,Uniti nelle difficoltà,it
단일 조합 사수,NÉ ESPLORATORE NÉ STRATEGA,it
단짝,Migliori amici,it
단체 포옹,Abbraccio di gruppo,it
달콤한 간식,Dolci,it
대격변 생성기,Ricombussolatore,it
대장군의 명예,L'onore del Signore della guerra,it
대천사의 지팡이,Scettro dell'arcangelo,it
대출 선지급,Finanziamento,it
더욱 치명적인 모자,Cappelli più letali,it
덤불 조끼,Corpetto di rovi,it
도금 강철,Acciaio brillante,it
도둑 무리,Banda di ladri,it
도둑 무리 II,Banda di ladri II,it
도적의 장갑,Guanti del ladro,it
도전자,Sfidante,it
도전자 모드,Modalità sfidante,it
도전자 상징,Emblema dello Sfidante,it
돈 폭풍,Monsoni sonanti,it
돈독,Fame di denaro,it
동료 제작,Costruisci un Compagno,it
동물특공대,Anima,it
동물특공대 상징,Emblema Anima,it
동물특공대 지휘관,Comandante Anima,it
뒤집개,Spatola,it
드론 업링크,Drone cablato,it
땔감 제공,Alimentare le fiamme,it
라바돈의 죽음모자,Copricapo di Rabadon,it
라아스트,Rhaast,it
라이트실드 문장,Stemma di Lightshield,it
람머스,Rammus,it
레벨 업!,Aumento di livello!,it
레오나,Leona,it
렉사이,Rek'Sai,it
루덴의 폭풍,Tempesta di Luden,it
룰루,Lulu,it
르블랑,LeBlanc,it
리븐,Riven,it
리산드라,Lissandra,it
리치베인,Terrore dei lich,it
마법 주사위,Un tiro magico,it
마법공학 총검,Pistola a lame hextech,it
마법사의 최후,Speranza perduta,it
마스터 이,Master Yi,it
마오카이,Maokai,it
말살자,Eradicatore,it
맑은 정신,Mente lucida,it
망령 해적검,Sciabola spettrale,it
메카,Mecha,it
명멸검,Lame rotanti,it
모데카이저,Mordekaiser,it
모렐로노미콘,Morellonomicon,it
모르가나,Morgana,it
무차별적 살인자,Uccisore indiscriminato,it
무한의 대검,Frammento d'infinito,it
무한한 보호,Protezione infinita,it
미래 지향적 사고,Lungimiranza,it
미스 포츈,Miss Fortune,it
밀리오,Milio,it
바드,Bard,it
바루스의 은총,Dono di Varus,it
바루스의 집착,Ossessione di Varus,it
반도체,Semiconduttore,it
반항아,Misfits,it
밤의 끝자락,Fine della notte,it
방한 장갑,Muffole,it
베이가,Veigar,it
벡스,Vex,it
벨베스,Bel'Veth,it
별돌보미,Astronomo,it
별돌보미 상징,Emblema dell'Astronomo,it
별빛 연계,Combo stellare,it
보루,Baluardo,it
보물 사냥,Caccia al tesoro,it
보석 건틀릿,Guanto ingioiellato,it
보석 연꽃,Loto ingioiellato,it
복제,Replica,it
복제자,Replicante,it
복제자 모드,Modalità replicante,it
부스터 팩,Bustina,it
부식,Corrosione,it
부작용,Effetti collaterali,it
부활의 은총,Dono della resurrezione,it
불굴,L'indomabile,it
불완전한 초월,Ascensione parziale,it
불한당,Bandito,it
불한당 상징,Emblema del Bandito,it
붉고 푸른 효과,"Un buff, due buff",it
붉은 덩굴정령,Buff rosso,it
브라이어,Briar,it
블리츠크랭크,Blitzcrank,it
빅뱅,Big Bang,it
빅토르,Viktor,it
빛비늘 정수,Essenza Scaglialucida,it
뻗어가는 뿌리,Radici diffuse,it
뽀삐,Poppy,it
사미라,Samira,it
사이버네틱 이식술,Impianti cibernetici,it
사이버네틱 통신,Collegamento cibernetico,it
삼인방,Tripletta,it
새로고침의 날,Cambio eterno,it
새로운 시대,Epoca,it
새벽심장,Nucleo dell'alba,it
새벽의 방패,Egida dell'Aurora,it
생선대가리,Fishbones,it
생일 모임,Ritrovo di compleanno,it
생일 선물,Regalo di compleanno,it
생존자,Superstite,it
서사적 새로고침,Cambio epico,it
서열 상승,Scalata verso il successo,it
서풍,Zefiro,it
선물 꾸러미,Pacchetto di aiuti,it
선봉대,Avanguardia,it
선봉대 상징,Emblema dell'Avanguardia,it
성취,Prevalere,it
소나,Sona,it
소라카의 기적,Miracolo di Soraka,it
소라카의 은총,Dono di Soraka,it
소형 블랙홀,Mini Buco nero,it
쇠사슬 조끼,Cotta di maglia,it
쇼진의 창,Lancia di Shojin,it
수상한 외투,Impermeabile sospetto,it
수완가,Truffatore,it
수은,Argento vivo,it
수호자의 맹세,Voto del Protettore,it
수호자의 친구,Alleato del custode,it
순교자의 미덕,Virtù del martire,it
쉔,Shen,it
스태틱의 단검,Pugnale di Statikk,it
스테락의 도전,Pegno di Sterak,it
슬쩍하기,Furtarello,it
습격자,Predone,it
습격자 상징,Emblema del Predone,it
승승장구,Giù come birilli,it
승천의 부적,Talismano dell'ascensione,it
시간 균열자,Spezzatempo,it
시간 균열자 상징,Emblema dello Spezzatempo,it
시계태엽 윤활유,Acceleratore meccanico,it
시동 걸기,Messa in moto,it
신병,Nuova recluta,it
신성 결투가,Duellante divino,it
신성한 대장간,Forgia apoteotica,it
신의 축복,Benedetto dagli dei,it
신중한 제작,Forgia nascosta,it
실컷 울어봐라,Fiumi di lacrime,it
싸움꾼,Combattente,it
싸움꾼 상징,Emblema del Combattente,it
쌍두마차,Doppia resistenza,it
쌍둥이 수호자,Guardiani gemelli,it
쓰레쉬의 랜턴,Lanterna di Thresh,it
쓰레쉬의 은총,Dono di Thresh,it
쓸데없이 큰 지팡이,Bastone colossale,it
아리의 오라,Aura di Ahri,it
아리의 은총,Dono di Ahri,it
아우렐리온 솔,Aurelion Sol,it
아우렐리온 솔의 은총,Dono di Aurelion Sol,it
아이템 꾸러미,Borsa degli oggetti,it
아칼리,Akali,it
아케인 빅토르이!,Viktor-ia di Arcane,it
아트록스,Aatrox,it
악성코드 매트릭스,Matrice malware,it
악의적 수익 창출,Monetizzazione infida,it
암흑의 별,Stella Oscura,it
암흑의 별 상징,Emblema Stella Oscura,it
야스오의 검술,Gioco di lama di Yasuo,it
야스오의 스포트라이트 공유,Ribalta condivisa di Yasuo,it
야스오의 은총,Dono di Yasuo,it
야스오의 황금 칸,Esagono dorato di Yasuo,it
약간 신비한 주사위,Tiro lievemente magico,it
어둠의 여인,Signora Oscura,it
어수선한 마음,Mente confusa,it
얽힌 마법,Tela magica,it
엄청나게 이로운 효과!,Pioggia di statistiche!,it
에너지 파동,Kahunahuna,it
에코의 은총,Dono di Ekko,it
에코의 인내,Pazienza di Ekko,it
여신의 눈물,Lacrima della dea,it
여행자,Viaggiatore,it
여행자 상징,Emblema del Viaggiatore,it
역병의 보석,Gioiello della rovina,it
역전의 서막,Storia di una rimonta,it
연결 불가,Coincidenze perse,it
연속 주문 사용,Evocazione continua,it
연습용 장갑,Guantoni,it
영웅 꾸러미,Borsa eroica,it
영원한 브론즈,Bronzo per la vita,it
영원한 서약,Patto eterno,it
영혼 각성,Risveglio dell'anima,it
예금 계좌,Conto dei risparmi,it
예비 활,Archi da supporto,it
예상된 예상 밖의 결과,L'atteso inaspettato,it
예언자,Oracolo,it
오라 축적,Farmare l'aura,it
오로라,Aurora,it
오른,Ornn,it
왕관의 무게,Pesante è la corona,it
요새,Bastione,it
요새 상징,Emblema del Bastione,it
용의 발톱,Artiglio del drago,it
우르곳,Urgot,it
우르프의 갬빗,Azzardo di Urf,it
우르프의 꾸러미,Borsa di Urf,it
우주 그루브,Ritmo Spaziale,it
우주 그루브 상징,Emblema del Ritmo Spaziale,it
우주적 재시작,Riavvio cosmico,it
운명술사,Tessifato,it
워모그의 갑옷,Armatura di Warmog,it
위험한 행보,Mosse rischiose,it
유기물 보존기,Conservatore di biomateria,it
유리 대포,Cannone di cristallo,it
유연함,Flessibilità,it
유용한 금속,Risorse ferrose,it
은빛 여명,Alba di Silvermere,it
은수저,Cucchiaio d'argento,it
은하계 사냥꾼,Cacciatore galattico,it
음전자 망토,Mantello di Negatron,it
응당한 대가,A quale prezzo,it
응징,Rappresaglia,it
이블린의 본능,Istinto di Evelynn,it
이블린의 은총,Dono di Evelynn,it
이온 충격기,Scintilla ionica,it
이즈리얼,Ezreal,it
인지 과부하,Sovraccarico cognitivo,it
인지세,Tributo cognitivo,it
일라오이,Illaoi,it
일상물,Spaccato di vita,it
임무 재시작,Riavvia missione,it
임시변통 방어구,Armatura improvvisata,it
자객의 발톱,Artiglio del predatore,it
자리 비움,AFK,it
자야,Xayah,it
작은 꾸러미,Borsa piccola,it
작은 친구들,Piccoli alleati,it
작지만 치명적인,"Piccole, ma letali",it
장기 투자,Andare per le lunghe,it
재빠른 더블 킬,Doppia uccisione rapida,it
재빠른 무장,Schiantare,it
재생의 바람,Secondo fiato,it
재활용 쓰레기통,Raccolta differenziata,it
잭스,Jax,it
저 별을 향해,Su verso il cielo,it
저격수,Cecchino,it
저격수 상징,Emblema del Cecchino,it
저녁갑주,Velo costante,it
저주받은 왕관,Corona maledetta,it
저주받은 칼날,Lama maledetta,it
적응형 투구,Elmo adattivo,it
전달자,Convogliatore,it
전달자 모드,Modalità Convogliatore,it
전략가의 망토,Mantello dello stratega,it
전략가의 방패,Scudo dello stratega,it
전략가의 왕관,Corona dello Stratega,it
전략가의 주방,Cucina dello Stratega,it
전방의 토대,Fondamenta di prima linea,it
전하 이동,Trasferimento carica,it
점심값,Soldi per il pranzo,it
정교한 공예,Creazione artigianale,it
정렬,Formazione,it
정령단 속도,Velocità termipponale,it
정령의 형상,Corazza spirituale,it
정령족,Amico dei Mippi,it
정령족 상징,Emblema dell'Amico dei Mippi,it
정의의 손길,Mano della giustizia,it
제드,Zed,it
조기 교육,Primi insegnamenti,it
조이,Zoe,it
조합 아이템 강탈,Furto di componenti,it
주인공 버프,Protezione di trama,it
죽음의 검,Lama mortale,it
중심 잡기,Trova il tuo centro,it
중재자,Arbitro,it
중재자 상징,Emblema dell'Arbitro,it
즈롯 차원문,Portale Zz'Rot,it
증강된 힘,Potere dell'Impianto,it
지옥불 손도끼,Accetta infernale,it
지크의 음산한 전령,Tetro araldo di Zeke,it
지크의 전령,Araldo di Zeke,it
지팡이 제작자,Fabbricante di bastoni,it
지평선의 초점,Concentrazione dell'orizzonte,it
지휘관,Comandante,it
진,Jhin,it
진형 유지,Tenete la posizione,it
징크스,Jinx,it
찬란한 장난꾸러기,Canaglia radiosa,it
참는 자에게 복을,La pazienza è una virtù,it
철퇴의 의지,La legge della mazza,it
청부 살인마,Sicario,it
초가스,Cho'Gath,it
초능력,Psionico,it
초능력 상징,Emblema Psionico,it
초월,Ascensione,it
최신상,Nuovo di zecca,it
최적화,Il massimo con il minimo,it
최후의 속삭임,Sussurro fatale,it
추방자,Esuli,it
추적자의 팔목 보호대,Parabraccia del cercatore,it
출세가도,Mobilità aumentata,it
출정,Sentiero di guerra,it
충돌 시험용 봇,Fantocci da crash test,it
치명적 성공,Successo critico,it
치명적인 칼날,Lame più letali,it
친구 만들기,Amico fai-da-te,it
친구 만들기,Forgia un amico,it
침략자 제드,Zed Invasore,it
침묵의 장막,Veste della stabilità,it
카르마,Karma,it
카이사,Kai'Sa,it
카파 주스,Succo Cappa,it
케이틀린,Caitlyn,it
케일의 승천,Esaltazione di Kayle,it
케일의 은총,Dono di Kayle,it
케일의 찬란한 승천,Esaltazione radiosa di Kayle,it
코르키,Corki,it
크기의 중요성,Le dimensioni contano,it
크라운가드,Corona reale,it
크라켄의 분노,Furia del kraken,it
큰 꾸러미,Borsa grande,it
킨드레드,Kindred,it
타격대의 철퇴,Mazzafrusto dell'Assaltatore,it
타락한 흡혈의 낫,Scettro vampirico corrotto,it
탈론,Talon,it
탐 켄치,Tahm Kench,it
탐사,Spedizione,it
탑,La Torre,it
태고족,Primordiano,it
태고족 상징,Emblema del Primordiano,it
태양불꽃 망토,Mantello del Sole,it
태양불꽃판,Plancia del Sole,it
투자,Investitura,it
트위스티드 페이트,Twisted Fate,it
특별 맞춤 설정,Personalizzazione esclusiva,it
특성 나무,L'Albero dei tratti,it
특성 선택,Scegli tratto,it
특성의 고서,Tomo dei tratti,it
티모,Teemo,it
파멸자,Catastrofista,it
파묻힌 보물,Tesori sepolti,it
파이크,Pyke,it
파이트 머니,Lottatore professionista,it
파티광,Animale da festa,it
판도라의 대기석,Panca di Pandora,it
판도라의 아이템,Oggetti di Pandora,it
판테온,Pantheon,it
폭발적인 성장,Crescita esplosiva,it
표적 고정 광학 장치,Ottica a puntamento assistito,it
푸른 파수꾼,Buff blu,it
프라이팬,Padella,it
프리즘 티켓,Biglietto prismatico,it
피바라기,La Bramasangue,it
피오라,Fiora,it
피의 공물,Sacrificio cruento,it
피의 대가,Pegno di sangue,it
피즈,Fizz,it
하급 거울의 환영,Personalità speculare minore,it
"하나, 둘, 다섯!","Uno, due, cinque!",it
"하나, 둘, 셋",Un due tre,it
하나로 뭉치는 거지,Restiamo uniti,it
해진 유물,Reliquia appassita,it
행운의 기운,Ti senti fortunato?,it
행운의 장갑,Guanti fortunati,it
헤지 펀드,Fondo speculativo,it
현명한 소비,Spesa oculata,it
협곡 바위 게,Argogranchio,it
협력,Fare squadra,it
호화로운 정기 구독,Abbonamento di lusso,it
혼돈의 부름,Richiamo al caos,it
화력 집중,Fuoco concentrato,it
활력증진의 펜던트,Medaglione diramante,it
활의 수호자,Hai il mio arco,it
황금 드래곤,Il Drago dorato,it
황금 알,L'uovo dorato,it
황혼의 방패,Egida del Crepuscolo,it
회복의 구,Sfere curative,it
회복의 메아리,Echi curativi,it
후반 성장,Crescita a fine partita,it
후반 전문가,Specialista del finale,it
후방 설계도,Schema della retroguardia,it
훈련 봇,Fantoccio di addestramento,it
훈련 봇 변환,Fantoccificazione,it
휴대용 대장간,Forgia portatile,it
흐르는 눈물,Fiumi di lacrime,it
흡혈의 활력,Vitalità vampirica,it
흥청망청,Shopping scatenato,it
힘을 실은 제련,Forgiato nella forza,it
힘의 성배,Calice del potere,it
羊刀,Furia di Guinsoo,it
帽子,Copricapo di Rabadon,it
大帽,Copricapo di Rabadon,it
法帽,Copricapo di Rabadon,it
青龙刀,Lancia di Shojin,it
龙刀,Lancia di Shojin,it
蓝buff,Buff blu,it
大天使,Scettro dell'arcangelo,it
AA,Scettro dell'arcangelo,it
珠光,Guanto ingioiellato,it
法爆,Guanto ingioiellato,it
JG,Guanto ingioiellato,it
鬼书,Morellonomicon,it
离子,Scintilla ionica,it
纳什,Dente di Nashor,it
科技枪,Pistola a lame hextech,it
枪刃,Pistola a lame hextech,it
虚空,Bastone del Vuoto,it
法穿棒,Bastone del Vuoto,it
无尽,Frammento d'infinito,it
IE,Frammento d'infinito,it
死刃,Lama mortale,it
杀人剑,Lama mortale,it
DB,Lama mortale,it
巨杀,Uccisore di giganti,it
GS,Uccisore di giganti,it
轻语,Sussurro fatale,it
LW,Sussurro fatale,it
海妖,Furia del kraken,it
泰坦,Determinazione del titano,it
幽梦,Lama di Youmuu,it
QSS,Argento vivo,it
血手,Pegno di Sterak,it
饮血,La Bramasangue,it
BT,La Bramasangue,it
反甲,Corpetto di rovi,it
龙爪,Artiglio del drago,it
DC,Artiglio del drago,it
石像鬼,Lastrapietra del gargoyle,it
狂徒,Armatura di Warmog,it
夜锋,Fine della notte,it
EON,Fine della notte,it
日炎,Mantello del Sole,it
适应,Elmo adattivo,it
坚定,Cuor saldo,it
心之刚,Cuor saldo,it
斯特拉克,Pegno di Sterak,it
偷偷,Guanti del ladro,it
圣盾,Voto del Protettore,it
誓约,Voto del Protettore,it
冰甲,Voto del Protettore,it
圣杯,Calice del potere,it
基克,Araldo di Zeke,it
鸟盾,Medaglione dei Solari di ferro,it
正义,Mano della giustizia,it
HOJ,Mano della giustizia,it
法衣,Veste della stabilità,it
女妖,Velo della Banshee,it
薄暮,Velo costante,it
骑士,Voto del cavaliere,it
月石,Pietra di luna rinnovata,it
恶意,Rancore,it
嘉文,Jarvan IV,it
J4,Jarvan IV,it
菊花信,Xin Zhao,it
小炮,Tristana,it
卡牌,Twisted Fate,it
牌爹,Twisted Fate,it
TF,Twisted Fate,it
挖掘机,Rek'Sai,it
妖姬,LeBlanc,it
船长,Gangplank,it
GP,Gangplank,it
大卑,Bel'Veth,it
蝙蝠,Bel'Veth,it
女枪,Miss Fortune,it
霸龙,T-Hex,it
霸王龙,T-Hex,it
螃蟹,Argogranchio,it
猴子,Wukong,it
稻草人,Fiddlesticks,it
蛤蟆,Tahm Kench,it
狗熊,Volibear,it
龙王,Aurelion Sol,it
小法,Veigar,it
老鼠,Twitch,it
诺手,Darius,it
德玛,Garen,it
大虫子,Cho'Gath,it
灯笼,Thresh,it
大嘴,Kog'Maw,it
狼人,Warwick,it
鳄鱼,Renekton ,it
龙女,Shyvana,it
豹女,Nidalee,it
寒冰,Ashe,it
女警,Caitlyn,it
皮城女警,Caitlyn,it
琴女,Sona,it
机器人,Blitzcrank,it
男爵,Barone Nashor,it
杀手,Uccisore,it
大龙,Barone Nashor,it
小菊,Brock,it
流浪,Ryze,it
偷男,Sylas,it
甘雨,Kindred,it
劲夫,Sett,it
棺材板,Xerath ,it
剑魔,Aatrox,it
乌鸦,Swain,it
光女,Lux,it
酸辣粉,Seraphine,it
宝石,Taric,it
德子,Draven,it
冰女,Lissandra,it
电耗子,Kennen,it
猪女,Sejuani,it
猪妹,Sejuani,it
剪刀,Gwen,it
掘墓,Yorick ,it
皎月,Diana,it
蛮王,Tryndamere,it
腰子,Shen,it
赏金,Miss Fortune,it
冰鸟,Anivia,it
爆弹,Ziggs,it
黑妹,Mel,it
熊,Tibbers,it
佛爷,Viego,it
沙皇,Azir,it
日女,Leona,it
女坦,Leona,it
丁真,Milio,it
小法师,Veigar,it
滑板鞋,Kalista,it
火女,Annie,it
狗头,Nasus,it
板甲,Lastrapietra del gargoyle,it
赌狗,reroll,it
运营,econ,it
转向,pivot,it
质量,board strength,it
连败,lose streak,it
连胜,win streak,it
速8,fast 8,it
摆烂,open fort,it
卖血,sack,it
慢D,slow roll,it
大转型,hard pivot,it
小调整,soft pivot,it
海克斯,augment,it
运气好,highroll,it
运气差,lowroll,it
棱彩强化,prismatic augment,it
铲爷,mobile player,it
