source,target,tgt_lng
1个霸符，2个霸符,Buffs à gogo,fr
2 Vàng Là Nhất,Avènement des deux,fr
2体のタンク,Tanks jumeaux,fr
2만한 가치,Avènement des deux,fr
2인조,Aléatoirement vôtre,fr
3の軍団,Légion des trois,fr
3단계 군단,Légion des trois,fr
4가 함께하길,Quatre cents coups,fr
4후지원,Puissance 4,fr
8级D干的传说,Relances épiques,fr
A Hajnal égisze,Égide de l'aube,fr
A Magic Roll,Dés magiques,fr
A Masszív mecha,Le Méga-mecha,fr
A Nagy Bumm,Big Bang,fr
A Que Custo,Pas le choix,fr
A Remontar,Sauter une classe,fr
A Torre,La Tour,fr
A União Faz a Força,Partage emblématique,fr
A buzogány akarata,Volonté de la massue,fr
A felemelkedés talizmánja,Talisman de l'ascension,fr
A feltámadás áldása,Bénédiction de résurrection,fr
A frontvonal alapjai,Fondation de première ligne,fr
A gondviselő barátja,Don du gardien,fr
A gyűjtögető adománya,Bénédiction du Ferrailleur,fr
A hatalom kelyhe,Calice de puissance,fr
A járatlan út,Aléatoire jacta est,fr
A kraken haragja,Fureur du kraken,fr
A káosz hívása,Appel du chaos,fr
A legapróbb titán,Mini-Tacticien,fr
A megváltás szelleme,Esprit de la Rédemption,fr
A mozdulatlanság leple,Linceul d'apaisement,fr
A méret a lényeg,Question de taille,fr
A nagy pofon,Kahuna,fr
A négyek ereje,Quatre cents coups,fr
A por el bote,Triomphe,fr
A por la victoria,Sauter une classe,fr
A portyázó karma,Griffes du rôdeur,fr
A prueba de choques,Mannequins de choc,fr
A quale prezzo,Pas le choix,fr
A qué precio,Pas le choix,fr
A rettenthetetlen,L'indomptable,fr
A taktikus koronája,Couronne du Tacticien,fr
A titán elszántsága,Détermination du titan,fr
A torony,La Tour,fr
A végjáték szakértője,Spécialiste des fins de partie,fr
A vízköpő sziklavértje,Lithoplastron de gargouille,fr
AFK,AFK,fr
Aatrox,Aatrox,fr
Abbonamento di lusso,Abonnement premium,fr
Abbraccio di gruppo,Câlin collectif,fr
Abendschleier,Linceul de la congruence,fr
Abo-Service,Abonnement,fr
Abonament,Abonnement,fr
Abonament de lux,Abonnement premium,fr
Abonelik Hizmeti,Abonnement,fr
Abra o Caminho,Glaives à gogo,fr
Abrazo Grupal,Câlin collectif,fr
Abrazo grupal,Câlin collectif,fr
Abraço Coletivo,Câlin collectif,fr
Absurdalnie Wielka Różdżka,Baguette trop grosse,fr
Abwesend,AFK,fr
Accelerator mecanic,Accélérateur mécanique,fr
Acceleratore meccanico,Accélérateur mécanique,fr
Accetta infernale,Hachette infernale,fr
Acciaio brillante,Acier doré,fr
Acelerador Mecanizado,Accélérateur mécanique,fr
Acelerador Mecánico,Accélérateur mécanique,fr
Acelerador de relojería,Accélérateur mécanique,fr
Acero Dorado,Acier doré,fr
Acero dorado,Acier doré,fr
Actualiza sin parar,Jour de relance,fr
Acumular,Expérience à tout prix,fr
Acélszív,Cœur d'acier,fr
Adagas Oscilantes,Tremblelames,fr
Adaletin Eli,Main de la justice,fr
Adaletin Yumruğu,Justice critique,fr
Adaptive Helm,Casque adaptatif,fr
Adaptiver Helm,Casque adaptatif,fr
Adaptív sisak,Casque adaptatif,fr
Addestramento da Guardia del corpo,Formation de Garde du corps,fr
Adiestramiento de guardaespaldas,Formation de Garde du corps,fr
Advanced Loan,Prêt anticipé,fr
Aegis of Dawn,Égide de l'aube,fr
Aegis of Dusk,Égide du crépuscule,fr
Agujero negro en miniatura,Mini trou noir,fr
Ahri aurája,Aura d'Ahri,fr
Ahri áldása,Bénédiction d'Ahri,fr
Ahri'nin Haresi,Aura d'Ahri,fr
Ahri'nin Lütfu,Bénédiction d'Ahri,fr
Ahri's Aura,Aura d'Ahri,fr
Ahri's Boon,Bénédiction d'Ahri,fr
Ahris Aura,Aura d'Ahri,fr
Ahris Segen,Bénédiction d'Ahri,fr
Ahřin dar,Bénédiction d'Ahri,fr
Ahřina aura,Aura d'Ahri,fr
Ajándékcsomag,Ravitaillement,fr
Akali,Akali,fr
Akan Gözyaşları,Larmes à gogo,fr
Akcelerator Nakręcanego,Accélérateur mécanique,fr
Aklın Sonu,Au bout du rouleau,fr
Aktualisierungstaumel,Jour de relance,fr
Akıllı Harcama,Dépense réfléchie,fr
Al Filo de la Cordura,Au bout du rouleau,fr
Alacakaranlık Kalkanı,Égide du crépuscule,fr
Alakzatba,Première ligne,fr
Alba di Silvermere,Aube de Haut-Lac-d'Argent,fr
Alcance as Estrelas,Jaximus,fr
Alege caracteristica,Choisissez un type,fr
Alevleri Körükle,Allumer le feu,fr
Alfanje Espectral,Sabre spectral,fr
Aliado do Protetor,Don du gardien,fr
Alianza del Guardián,Don du gardien,fr
Alianza del protector,Don du gardien,fr
Aliatul îngrijitorului,Don du gardien,fr
Alimenta las Llamas,Allumer le feu,fr
Alimentad las llamas,Allumer le feu,fr
Alimentare le fiamme,Allumer le feu,fr
Alimente as Chamas,Allumer le feu,fr
Alineación,Première ligne,fr
Aliniere,Première ligne,fr
Alkatrészes zsák,Sac de butin,fr
Alleato del custode,Don du gardien,fr
Alma da Festa,Bête de scène,fr
Alta Voltagem,Haute tension,fr
Alta tensione,Haute tension,fr
Alto Voltaje,Haute tension,fr
Alto voltaje,Haute tension,fr
Altın Ejder,Mailles en or,fr
Altın Riski,Pile ou face,fr
Altın Yumurta,Œuf d'or,fr
Alvorada de Pratânia,Aube de Haut-Lac-d'Argent,fr
Alışveriş Çılgınlığı,Shopping intensif,fr
Amanecer Plateado,Aube de Haut-Lac-d'Argent,fr
Amanecer de Meraplata,Aube de Haut-Lac-d'Argent,fr
Amico dei Mippi,Meeple,fr
Amico fai-da-te,Champion en kit,fr
Amigos a medida,Champion en kit,fr
Amiguinhos,Choristes,fr
Amiguitos,Choristes,fr
Amulet Vyzdvižení,Talisman de l'ascension,fr
Amulett der eisernen Solari,Médaillon de l'Iron Solari,fr
Amulett des Aufstiegs,Talisman de l'ascension,fr
An Exalted Adventure,Une aventure exaltante,fr
Ana Karaktere Bir Şey Olmaz,Résistance acharnée,fr
Andare per le lunghe,Expérience à tout prix,fr
Angajament solid,Typologie,fr
Ani Büyüme,Croissance explosive,fr
Anima,Section Anima,fr
Anima Amblemi,Emblème de la Section Anima,fr
Anima Commander,Commandant d'Anima,fr
Anima Emblem,Emblème de la Section Anima,fr
Anima Komutanı,Commandant d'Anima,fr
Anima-Emblem,Emblème de la Section Anima,fr
Anima-Kommandant,Commandant d'Anima,fr
Animale da festa,Bête de scène,fr
Animalia,Section Anima,fr
Antrenamentul gărzii de corp,Formation de Garde du corps,fr
Anı Yaşa,Tout doit disparaître,fr
Apariencia Espiritual,Visage spirituel,fr
Apocaliptic,Désespoir,fr
Aposta em Ouro,Pile ou face,fr
Apoteotická kovárna,Forge divine,fr
Apotheotic Forge,Forge divine,fr
Aprendizados Iniciais,Leçons de combat,fr
Aprendizaje inicial,Leçons de combat,fr
Aprire un passaggio,Glaives à gogo,fr
Apró cimborák,Choristes,fr
Apró titánok,P'tits titans,fr
Apuesta Dorada,Pile ou face,fr
Apuesta dorada,Pile ou face,fr
Apunta a las Estrellas,Jaximus,fr
Apunta a las estrellas,Jaximus,fr
Apărător,Initiateur,fr
Aradığını Bul,Butin varié,fr
Arakla,Chapardage,fr
Araldo di Zeke,Blason de Zeke,fr
Aranyjátszma,Pile ou face,fr
Arauto Desolador de Zeke,Blason lugubre de Zeke,fr
Arauto de Zeke,Blason de Zeke,fr
Arbiter,Juge stellaire,fr
Arbiter Emblem,Emblème de Juge stellaire,fr
Arbitro,Juge stellaire,fr
Arbitrzy,Juge stellaire,fr
Arc încovoiat,Arc courbe,fr
Arcane Vidor Viktor,Arcaniquement Viktor-ieux,fr
Arcane Viktor-y,Arcaniquement Viktor-ieux,fr
Arcane ビクタリー,Arcaniquement Viktor-ieux,fr
Arcane-Viktor-y,Arcaniquement Viktor-ieux,fr
Archandělova hůl,Bâton de l'archange,fr
Archangel's Staff,Bâton de l'archange,fr
Archi da supporto,Arcs à gogo,fr
Archibugio a ripetizione,Canon ultrarapide,fr
Arco Recurvado,Arc courbe,fr
Arco Recurvo,Arc courbe,fr
Arco curvo,Arc courbe,fr
Arco ricurvo,Arc courbe,fr
Arcos Reserva,Arcs à gogo,fr
Arcos de Repuesto,Arcs à gogo,fr
Arcos de refuerzo,Arcs à gogo,fr
Arcuri de rezervă,Arcs à gogo,fr
Argento vivo,Mercure,fr
Argint viu,Mercure,fr
Argogranchio,Carapateur,fr
Arka Sıra Savunması,Stratégie de ligne arrière,fr
Arkangyal pálcája,Bâton de l'archange,fr
Arma un Amigo,Champion en kit,fr
Armado máximo,Duplication,fr
Armadura Improvisada,Armure improvisée,fr
Armadura Pétrea,Lithoplastron de gargouille,fr
Armadura de Warmog,Armure de Warmog,fr
Armadura de trama,Résistance acharnée,fr
Armadura improvisada,Armure improvisée,fr
Armaguarda da Caçadora,Protège-bras du savant,fr
Armatura di Warmog,Armure de Warmog,fr
Armatura improvvisata,Armure improvisée,fr
Armschutz des Suchenden,Protège-bras du savant,fr
Armura lui Warmog,Armure de Warmog,fr
Armură improvizată,Armure improvisée,fr
Aronguejo,Carapateur,fr
Arta atacului lui Yasuo,Maîtrise de l'épée de Yasuo,fr
Artesanía Creativa,Maîtrise de l'artisanat,fr
Artiglio del drago,Griffe de dragon,fr
Artiglio del predatore,Griffes du rôdeur,fr
Aruncare magică,Dés magiques,fr
Arındırıcı,Rédempteur,fr
Asalto de Componentes,Composants de guerre,fr
Ascender de Posición,Connivence,fr
Ascension,Ascension,fr
Ascensione,Ascension,fr
Ascensione parziale,Ascension partielle,fr
Ascensiune,Ascension,fr
Ascensiune socială,Ascension sociale,fr
Ascensión,Ascension,fr
Ascensión parcial,Ascension partielle,fr
Ascenso,Ascension,fr
Ascenso social,Ascension sociale,fr
Ascensão,Ascension,fr
Ascensão Parcial,Ascension partielle,fr
Asesinato Doble Veloz,Deux de moins,fr
Asesinato doble veloz,Deux de moins,fr
Asesino a Sueldo,Tueur à gages,fr
Asesino a sueldo,Tueur à gages,fr
Aspoň k něčemu,Butin funéraire,fr
Assassinato Indiscriminado,Tueur impitoyable,fr
Assinatura de Luxo,Abonnement premium,fr
Astral,Visionnaire,fr
Astromante,Visionnaire,fr
Astronomo,Visionnaire,fr
At What Cost,Pas le choix,fr
Atalho à Vitória,Sauter une classe,fr
Atirador de Elite,Sniper,fr
Atributo elegido,Choisissez un type,fr
Attribut wählen,Choisissez un type,fr
Atualização Épica,Relances épiques,fr
Atılgan,Challenger,fr
Atılgan Amblemi,Emblème de Challenger,fr
Atılgan Modu,Mode Challenger,fr
Auf lange Sicht,Expérience à tout prix,fr
Aufschwung,Second souffle,fr
Aufstellung,Première ligne,fr
Aufstieg,Ascension,fr
Auftragsmörder,Tueur à gages,fr
Aufwärtsmobilität,Ascension sociale,fr
Augmented Power,Optimisation optimisée,fr
Augmentierte Macht,Optimisation optimisée,fr
Augmentovaná síla,Optimisation optimisée,fr
Aulas de Boxe,Ligne de front,fr
Aumento di livello in solitaria,Solo Leveling,fr
Aumento di livello!,Niveau supérieur !,fr
Aura Ahri,Aura d'Ahri,fr
Aura Farming,Patience,fr
Aura de Ahri,Aura d'Ahri,fr
Aura di Ahri,Aura d'Ahri,fr
Aura lui Ahri,Aura d'Ahri,fr
Aura-farmen,Patience,fr
Aurafarmolás,Patience,fr
Aurelion Sol,Aurelion Sol,fr
Aurelion Sol áldása,Bénédiction d'Aurelion Sol,fr
Aurelion Sol's Boon,Bénédiction d'Aurelion Sol,fr
Aurelion Sol'ün Lütfu,Bénédiction d'Aurelion Sol,fr
Aurelion Sols Segen,Bénédiction d'Aurelion Sol,fr
Aurelion Solův dar,Bénédiction d'Aurelion Sol,fr
Auronúcleo,Cœur de l'aube,fr
Aurora,Aurora,fr
Avanguardia,Initiateur,fr
Avaricia,Avidité,fr
Aventura Exaltada,Une aventure exaltante,fr
Awans,Ascension sociale,fr
Awansujesz!,Niveau supérieur !,fr
Az Alkony égisze,Égide du crépuscule,fr
Az Oltalmazó esküje,Vœu du protecteur,fr
Az adottságfa,Emblématiquement,fr
Az adottságok könyve,Tome des emblèmes,fr
Az aranysárkány,Mailles en or,fr
Az aranytojás,Œuf d'or,fr
Az erő itala,Jus chapi-chapo,fr
Az igazság ökle,Main de la justice,fr
Az iron solarik medálja,Médaillon de l'Iron Solari,fr
Az istenek kohója,Forge divine,fr
Az Üresség botja,Bâton du vide,fr
Az éj kardja,Manteau de la nuit,fr
Az óriás öve,Ceinture du géant,fr
Azami Dizilim,Duplication,fr
Azzardo di Urf,Gambit d'Urf,fr
Aço Áureo,Acier doré,fr
Aşırı Büyük Sopa,Baguette trop grosse,fr
B.F. Sword,BF Glaive,fr
B.F. 대검,BF Glaive,fr
B.F.ソード,BF Glaive,fr
"BEZ ZWIADU, BEZ ZMIAN",Obstination,fr
BRAK AKTYWNOŚCI,AFK,fr
Backline Blueprint,Stratégie de ligne arrière,fr
Backup Bows,Arcs à gogo,fr
Bahne dir den Weg,Glaives à gogo,fr
Bajkeverő,Bagarreur,fr
Bajkeverő embléma,Emblème de Bagarreur,fr
Bajkeverők,Touche-à-tout,fr
Bajo el mismo foco de Yasuo,Célébrité partagée de Yasuo,fr
Baluardo,Pavois,fr
Baluarte,Pavois,fr
Bam!,Bonk !,fr
Banca Pandorei,Banc de Pandore,fr
Banca de Pandora,Banc de Pandore,fr
Band of Thieves,Bande de voleurs,fr
Band of Thieves II,Bande de voleurs II,fr
Banda Złodziejaszków,Bande de voleurs,fr
Banda Złodziejaszków II,Bande de voleurs II,fr
Banda de Ladrones,Bande de voleurs,fr
Banda de Ladrones II,Bande de voleurs II,fr
Banda di ladri,Bande de voleurs,fr
Banda di ladri II,Bande de voleurs II,fr
Bandito,Rebelle,fr
Bando de Ladrões,Bande de voleurs,fr
Bando de Ladrões II,Bande de voleurs II,fr
Bandă de tâlhari,Bande de voleurs,fr
Bandă de tâlhari II,Bande de voleurs II,fr
Bani de buzunar,Le prix du sang,fr
Banquillo de Pandora,Banc de Pandore,fr
Bard,Bard,fr
Bardo,Bard,fr
Baricadă,Pavois,fr
Barkácsolt barkácsolás,Maîtrise de l'artisanat,fr
Baron verme,Repaire du baron,fr
Baron's Lair,Repaire du baron,fr
Baron'un İni,Repaire du baron,fr
Baronovo doupě,Repaire du baron,fr
Bastion,Bastion,fr
Bastion Emblem,Emblème de Bastion,fr
Bastion-Emblem,Emblème de Bastion,fr
Bastione,Bastion,fr
Bastião,Bastion,fr
Bastión,Bastion,fr
Bastone colossale,Baguette trop grosse,fr
Bastone del Vuoto,Bâton du vide,fr
Bastão Desnecessariamente Grande,Baguette trop grosse,fr
Bastón del Vacío,Bâton du vide,fr
Bastón del arcángel,Bâton de l'archange,fr
Bastón del serafín,Bâton angélique,fr
Baue einen Begleiter,Champion en kit,fr
Baue einen Begleiter,Achat 3 étoiles,fr
Baza avangardei,Fondation de première ligne,fr
Başmelek Asası,Bâton de l'archange,fr
Bašta,Bastion,fr
Becsapódás,Tout doit disparaître,fr
Beklemeye Değer,Attente récompensée,fr
Beklenen Beklenmezlik,Lancer de dés,fr
Bel'Veth,Bel'Veth,fr
Belt Overflow,Abondance de ceintures,fr
Ben Tek Siz Hepiniz,Solo Leveling,fr
Bendecido por los Dioses,Béni des dieux,fr
Bendición de Ahri,Bénédiction d'Ahri,fr
Bendición de Aurelion Sol,Bénédiction d'Aurelion Sol,fr
Bendición de Ekko,Bénédiction d'Ekko,fr
Bendición de Evelynn,Bénédiction d'Evelynn,fr
Bendición de Kayle,Bénédiction de Kayle,fr
Bendición de Resurrección,Bénédiction de résurrection,fr
Bendición de Soraka,Bénédiction de Soraka,fr
Bendición de Thresh,Bénédiction de Thresh,fr
Bendición de Varus,Bénédiction de Varus,fr
Bendición de Yasuo,Bénédiction de Yasuo,fr
Bendición de la chatarra,Bénédiction du Ferrailleur,fr
Bendición del Chatarrero,Bénédiction du Ferrailleur,fr
Bendito por los dioses,Béni des dieux,fr
Benedetto dagli dei,Béni des dieux,fr
Benlik Aynası,Personnalité miroir,fr
Berechneter Verlust,Défaite planifiée,fr
Best Friends,Meilleurs amis,fr
Beste Freunde,Meilleurs amis,fr
Bestia fiestera,Bête de scène,fr
Betervezett veszteség,Défaite planifiée,fr
Bevásárló körút,Shopping intensif,fr
Bezwzględny Zabójca,Tueur impitoyable,fr
Big Grab Bag,Super sac de butin,fr
Biglietto prismatico,Ticket prismatique,fr
Bilet prismatic,Ticket prismatique,fr
Bileşen Eşya Soygunu,Composants de guerre,fr
Bilhete Prismático,Ticket prismatique,fr
Bilişsel Patlama,Surcharge cognitive,fr
Bilişsel Vergi,Charge cognitive,fr
Billete prismático,Ticket prismatique,fr
Bindende Verpflichtung,Typologie,fr
Binecuvântat de zei,Béni des dieux,fr
Biomassebewahrer,Conservateur de biomatière,fr
Biomassza-megőrző,Conservateur de biomatière,fr
Biomatter Preserver,Conservateur de biomatière,fr
Bir Yol Çiz,Glaives à gogo,fr
Bir İki Üç,"Un, deux, trois",fr
"Bir, İki, Beş!",Butin aléatoire,fr
Birikim Hesabı,Compte épargne,fr
Birlikten Kuvvet Doğar,Soutien indéfectible,fr
Birliğin Gücü,Partage emblématique,fr
Birthday Present,Cadeau d'anniversaire,fr
Birthday Reunion,Réunion d'anniversaire,fr
Biyomalzeme Koruyucusu,Conservateur de biomatière,fr
Biztos győzelem,Sauter une classe,fr
Blasón de Escudo de luz,Blason des Lightshield,fr
Blauer Buff,Buff bleu,fr
Blaupause für die hintere Reihe,Stratégie de ligne arrière,fr
Blazonul Lightshield,Blason des Lightshield,fr
Blazonul solarilor de fier,Médaillon de l'Iron Solari,fr
Blighting Jewel,Joyau putréfiant,fr
Blikavé čepele,Tremblelames,fr
Blitzcrank,Blitzcrank,fr
Bliźniaczy Strażnicy,Gardiens jumeaux,fr
Blood Offering,Offrande sanguinaire,fr
Blood Price,Sanguinaire,fr
Bloodthirster,Soif-de-sang,fr
Blue Buff,Buff bleu,fr
Blutdürster,Soif-de-sang,fr
Blutopfer,Offrande sanguinaire,fr
Blutzoll,Sanguinaire,fr
Bluźnierczy Bożek,Idole interdite,fr
Bodyguard Training,Formation de Garde du corps,fr
Bogini Broni,Déesse des flingues,fr
Bokormellény,Armure roncière,fr
Boks Dersi,Ligne de front,fr
Bokszkesztyű,Gants d'entraînement,fr
Bokszlecke,Ligne de front,fr
Boleto Prismático,Ticket prismatique,fr
Bollwerk,Pavois,fr
Bolsa de Objetos,Sac de butin,fr
Bolsa de Sorpresas Heroica,Besace héroïque,fr
Bolsa de Sorpresas Pequeña,Petit sac de butin,fr
Bolsa de Sorpresas de Urf,Besace d'Urf,fr
Bolsa de Sorpresas grande,Super sac de butin,fr
Bolsa sorpresa de Urf,Besace d'Urf,fr
Bolsa sorpresa de objetos,Sac de butin,fr
Bolsa sorpresa grande,Super sac de butin,fr
Bolsa sorpresa heroica,Besace héroïque,fr
Bolsa sorpresa pequeña,Petit sac de butin,fr
Bombardıman Topu,Canon ultrarapide,fr
Boneco de Treinamento,Mannequin d'entraînement,fr
Bonecos de Impacto,Mannequins de choc,fr
Bonk!,Bonk !,fr
Boon of Resurrection,Bénédiction de résurrection,fr
Boon of the Scrapper,Bénédiction du Ferrailleur,fr
Boong!,Bonk !,fr
Booster Pack,Booster,fr
Booster-Packung,Booster,fr
Boostery,Booster,fr
Borsa degli oggetti,Sac de butin,fr
Borsa di Urf,Besace d'Urf,fr
Borsa eroica,Besace héroïque,fr
Borsa grande,Super sac de butin,fr
Borsa piccola,Petit sac de butin,fr
Boscy Pojedynkowicze,Duelliste divine,fr
Boshafte Monetarisierung,Monétisation malveillante,fr
Boska Kuźnia,Forge divine,fr
Bote de Segunda Mano,Bac de recyclage,fr
Botkovács,Fabricant de baguettes,fr
Boxeador Profesional,Triomphe,fr
Boxing Lessons,Ligne de front,fr
Boxunterricht,Ligne de front,fr
Boyut Önemli,Question de taille,fr
Božská pistolnice,Déesse des flingues,fr
Božský duelista,Duelliste divine,fr
Bramble Vest,Armure roncière,fr
Branching Out,Aléatoire jacta est,fr
Bratpfanne,Poêle à frire,fr
Brawler,Bagarreur,fr
Brawler Emblem,Emblème de Bagarreur,fr
Brazalete de la buscadora,Protège-bras du savant,fr
Briar,Briar,fr
Brigand,Maraudeur,fr
Bronce de por Vida,Bronze pour la vie,fr
Bronce de por vida,Bronze pour la vie,fr
Bronz mindörökké II.,Bronze pour la vie,fr
Bronz nad zlato,Bronze pour la vie,fr
Bronz pentru totdeauna,Bronze pour la vie,fr
Bronzdan Şaşma,Bronze pour la vie,fr
Bronze For Life,Bronze pour la vie,fr
Bronze é Vida,Bronze pour la vie,fr
Bronzo per la vita,Bronze pour la vie,fr
Brylantowa Rękawica,Gantelet précieux,fr
Brylantowy Lotos,Lotus précieux,fr
Brățara căutătorului,Protège-bras du savant,fr
Bu Taç Ağır,Lourde est la couronne,fr
Bubuilă,Poiscaille,fr
Bucătăria tacticianului,Cuisine du Tacticien,fr
Bueno para Algo,Butin funéraire,fr
Buff blu,Buff bleu,fr
Buff rosso,Buff rouge,fr
Buff-ul albastru,Buff bleu,fr
Buff-ul roșu,Buff rouge,fr
Buget înțelept,Dépense réfléchie,fr
Build a Bud,Champion en kit,fr
Build maxim,Duplication,fr
Bulwark,Pavois,fr
Burattino d'ombra,Clone des ombres,fr
Burguesía,Par ici l'XP,fr
Buried Treasure,Trésors enfouis,fr
Buried Treasures,Trésors enfouis,fr
Bustina,Booster,fr
Buzduganul înaintașului,Fléau vengeur,fr
Bušení,Tout doit disparaître,fr
Bài Học Sơ Khai,Leçons de combat,fr
Bàn Tay Công Lý,Main de la justice,fr
Báculo del Arcángel,Bâton de l'archange,fr
Báculo del Serafín,Bâton angélique,fr
Báculo del Vacío,Bâton du vide,fr
Bán Thăng Hoa,Ascension partielle,fr
Báo Oán,Justice critique,fr
Bástya,Pavois,fr
Bârlogul Baronului,Repaire du baron,fr
Bão Tố Luden,Tempête de Luden,fr
Bão Vàng,Pluie d'argent,fr
Bérgyilkos,Tueur à gages,fr
Bóng Phân Thân,Clone des ombres,fr
Bùa Thăng Hoa,Talisman de l'ascension,fr
Bùa Xanh,Buff bleu,fr
Bùa Đỏ,Buff rouge,fr
Büyük Dönüş,Tentative de comeback,fr
Büyük Patlama,Big Bang,fr
Büyük Çekiliş,Super sac de butin,fr
Büyülü Zarlar,Dés magiques,fr
Băng Trộm,Bande de voleurs,fr
Băng Trộm II,Bande de voleurs II,fr
Bătăuș,Bagarreur,fr
Běž do toho,Butin varié,fr
Błogosławieni,Béni des dieux,fr
Błogosławieństwo Rozrabiaki,Bénédiction du Ferrailleur,fr
Błogosławiona Przygoda,Une aventure exaltante,fr
Bước Đột Phá,Gants à gogo,fr
Bạn Thân,Meilleurs amis,fr
Bảo Hộ Vô Tận,Protection infinie,fr
Bảo Tồn Sinh Chất,Conservateur de biomatière,fr
Bất Khuất,L'indomptable,fr
Bắn Tỉa,Sniper,fr
Bộ Ba Hoàn Hảo,Tiercé,fr
Bừa Bộn,Esprit encombré,fr
Caccia al tesoro,Chasse au trésor,fr
Cacciatore galattico,Chasseur galactique,fr
Cadou aniversar,Cadeau d'anniversaire,fr
Caitlyn,Caitlyn,fr
Cajado de Serafim,Bâton angélique,fr
Cajado do Arcanjo,Bâton de l'archange,fr
Cajado do Vazio,Bâton du vide,fr
Calculated Loss,Défaite planifiée,fr
Calea războiului,Récompenses de guerre,fr
Calibrador de Sterak,Gage de Sterak,fr
Calice del potere,Calice de puissance,fr
Call to Chaos,Appel du chaos,fr
Cambiazo épico,Relances épiques,fr
Cambio epico,Relances épiques,fr
Cambio eterno,Jour de relance,fr
Caminho da Guerra,Récompenses de guerre,fr
Can Dostları,Meilleurs amis,fr
Can Trường,Bastion,fr
Canaglia radiosa,Vaurien de la lumière,fr
Canalizador,Canalisateur,fr
Cangrejo Escurridizo,Carapateur,fr
Canhão Fumegante,Canon ultrarapide,fr
Canhão de Vidro,Canon de verre,fr
Cannone di cristallo,Canon de verre,fr
Capa Mercurial,Mercure,fr
Capa Negatron,Manteau de Négatron,fr
Capa de Estratega,Cape du Tacticien,fr
Capa de Fogo Solar,Cape solaire,fr
Capa de Fuego Solar,Cape solaire,fr
Capa de Negatrones,Manteau de Négatron,fr
Capa de estratega,Cape du Tacticien,fr
Capa de fuego solar,Cape solaire,fr
Capa do Estrategista,Cape du Tacticien,fr
Capa negatrón,Manteau de Négatron,fr
Cappa Juice,Jus chapi-chapo,fr
Cappa-Trank,Jus chapi-chapo,fr
Cappelli più letali,Coiffes mortelles,fr
Caprichitos,Objets blindés,fr
Capuz da Morte de Rabadon,Coiffe de Rabadon,fr
Capuzes Mais Mortais,Coiffes mortelles,fr
Carapescado,Poiscaille,fr
Care Package,Ravitaillement,fr
Caretaker's Ally,Don du gardien,fr
Carga Elétrica,Électrocharge,fr
Carve a Path,Glaives à gogo,fr
Casa Dourada do Yasuo,Hexagone doré de Yasuo,fr
Castigo,Justice critique,fr
Catastrofista,Désespoir,fr
Cazador galáctico,Chasseur galactique,fr
Cazagalaxias,Chasseur galactique,fr
Cazatesoros,Chasse au trésor,fr
Caça ao Tesouro,Chasse au trésor,fr
Caçador de Galáxia,Chasseur galactique,fr
Cañón de Cristal,Canon de verre,fr
Cañón de Fuego Rápido,Canon ultrarapide,fr
Cañón de fuego rápido,Canon ultrarapide,fr
Całun Bezruchu,Linceul d'apaisement,fr
Cecchino,Sniper,fr
Cehennem Ateşi Baltası,Hachette infernale,fr
Cei mai buni prieteni,Meilleurs amis,fr
Cena Krwi,Sanguinaire,fr
Cena pro vítěze,Triomphe,fr
Cengâver Onuru,Honneur du Maître de guerre,fr
Cenny Wojownik,Triomphe,fr
Cenná posila,Puissance 4,fr
Centelha Iônica,Étincelle ionique,fr
Cetro Vampírico Corrompido,Sceptre vampirique corrompu,fr
Cetro Vampírico Corrupto,Sceptre vampirique corrompu,fr
Cetro vampírico corrupto,Sceptre vampirique corrompu,fr
Chain Vest,Cotte de mailles,fr
Chaleco de cadenas,Cotte de mailles,fr
Chaleco de zarzas,Armure roncière,fr
Chalice of Power,Calice de puissance,fr
Challenger,Challenger,fr
Challenger Emblem,Emblème de Challenger,fr
Challenger Mode,Mode Challenger,fr
Chamado ao Caos,Appel du chaos,fr
Chaotischer Geist,Esprit encombré,fr
Charge Transfer,Transfert,fr
Chciwość,Avidité,fr
Che il Quattro sia con te,Quatre cents coups,fr
Chemarea haosului,Appel du chaos,fr
Chispa Iónica,Étincelle ionique,fr
Chispa iónica,Étincelle ionique,fr
Chiêm Tinh,Visionnaire,fr
Chiến Lũy,Pavois,fr
Chiến Tướng Khải Hoàn,Honneur du Maître de guerre,fr
Chmaták,Gredin,fr
Cho'Gath,Cho'Gath,fr
Choose Trait,Choisissez un type,fr
"Chora, me liga",Océan de larmes,fr
Chrličův kamenný plát,Lithoplastron de gargouille,fr
Chuyển Đổi Năng Lượng,Transfert,fr
Chuyện Đời Thường,Crescendo aléatoire,fr
Chuộc Tội,Rédempteur,fr
Chytrý nákup,Dépense réfléchie,fr
Chùy Bạch Ngân,Aube de Haut-Lac-d'Argent,fr
Chùy Đoản Côn,Fléau vengeur,fr
Chảo Vàng,Poêle à frire,fr
Chất Bán Dẫn,Semi-conducteur,fr
Chế Tạo Bằng Hữu,Ami sur mesure,fr
Chế Tạo Tại Chỗ,Forgeron ambulant,fr
Chế Độ Dẫn Truyền,Mode Canalisateur,fr
Chế Độ Nhân Bản,Mode Réplicateur,fr
Chế Độ Thách Đấu,Mode Challenger,fr
Chỉ Huy,Commandante,fr
Chỉ Huy Siêu Thú,Commandant d'Anima,fr
Chỉ Một Con Đường,Typologie,fr
Chọn Tộc/Hệ,Choisissez un type,fr
Chờ Đợi Xứng Đáng,Attente récompensée,fr
Cierpliwa Nauka,Gagnant-gagnant,fr
Cierpliwość Ekko,Patience d'Ekko,fr
Cierpliwość Jest Cnotą,Jeu de patience,fr
Cimientos de Línea Frontal,Fondation de première ligne,fr
Cimientos de la vanguardia,Fondation de première ligne,fr
Cinto do Gigante,Ceinture du géant,fr
Cintura del gigante,Ceinture du géant,fr
Cinturón XL,Abondance de ceintures,fr
Cinturón de Gigante,Ceinture du géant,fr
Cinturón de gigante,Ceinture du géant,fr
Clases de boxeo,Ligne de front,fr
Clear Mind,Lucidité,fr
Climb The Ladder,Connivence,fr
Clockwork Accelerator,Accélérateur mécanique,fr
Cluttered Mind,Esprit encombré,fr
Cnota Męczennika,Vertu du martyr,fr
Cocina de Estratega,Cuisine du Tacticien,fr
Cocina de estratega,Cuisine du Tacticien,fr
Cod roșu de lacrimi,Océan de larmes,fr
Coda in duo,Aléatoirement vôtre,fr
Cognitive Overload,Surcharge cognitive,fr
Cognitive Tax,Charge cognitive,fr
Coif cameleonic,Casque adaptatif,fr
Coincidenze perse,Palier 1,fr
Cola Dúo,Aléatoirement vôtre,fr
Cola dúo,Aléatoirement vôtre,fr
Coleguis del curro,Esprit d'équipe,fr
Coleguitas,Choristes,fr
Colete Espinhoso,Armure roncière,fr
Colher de Prata,Par ici l'XP,fr
Collegamento cibernetico,Liaison cybernétique,fr
Colpire e basta,Butin varié,fr
Comandant,Commandante,fr
Comandante,Commandante,fr
Comandante Anima,Commandant d'Anima,fr
Comandante Animalia,Commandant d'Anima,fr
Comandante Ánima,Commandant d'Anima,fr
Comandatul Anima,Commandant d'Anima,fr
Combattente,Bagarreur,fr
Combinație stelară,Combo stellaire,fr
Combo Estelar,Combo stellaire,fr
Combo estelar,Combo stellaire,fr
Combo stellare,Combo stellaire,fr
Comeback Story,Tentative de comeback,fr
Comerț de bază,Relances régulières,fr
Comienzo aventajado,Coup d'envoi,fr
Commander,Commandante,fr
Commerce Core,Relances régulières,fr
Comori îngropate,Trésors enfouis,fr
Comparte los Reflectores con Yasuo,Célébrité partagée de Yasuo,fr
Competitor,Challenger,fr
Component Heist,Composants de guerre,fr
Composição Máxima,Duplication,fr
Compras compulsivas,Shopping intensif,fr
Compromiso férreo,Typologie,fr
Compromisso Sério,Typologie,fr
Concentrazione dell'orizzonte,Concentration lointaine,fr
Condenador,Désespoir,fr
Conducto,Canalisateur,fr
Conduit,Canalisateur,fr
Conduit Mode,Mode Canalisateur,fr
Conduíte,Canalisateur,fr
Conexiones fallidas,Palier 1,fr
Conexiune cibernetică,Liaison cybernétique,fr
Conexiune cu drona,Liaison de drone,fr
Conexión cibernética,Liaison cybernétique,fr
Conexión de dron,Liaison de drone,fr
Conexión perdida,Palier 1,fr
Conexão Cibernética,Liaison cybernétique,fr
Conexão de Drone,Liaison de drone,fr
Conexões Perdidas,Palier 1,fr
Configuración maximizada,Duplication,fr
Configurazione massima,Duplication,fr
Confusão Mental,Esprit encombré,fr
Conjuración continua,Baguettes à gogo,fr
Conjuração Contínua,Baguettes à gogo,fr
Conjuros Continuos,Baguettes à gogo,fr
Conservare de biomaterial,Conservateur de biomatière,fr
Conservatore di biomateria,Conservateur de biomatière,fr
Construct a Companion,Achat 3 étoiles,fr
Construiește un însoțitor,Achat 3 étoiles,fr
Construiește-ți un prieten,Champion en kit,fr
Construye tu Compi,Achat 3 étoiles,fr
Construção de Companheiro,Achat 3 étoiles,fr
Consumo Consciente,Dépense réfléchie,fr
Cont de economii,Compte épargne,fr
Conta Poupança,Compte épargne,fr
Contendiente,Challenger,fr
Contenedor de chatarra,Bac de recyclage,fr
Continuous Conjuration,Baguettes à gogo,fr
Conto dei risparmi,Compte épargne,fr
Contract Killer,Tueur à gages,fr
Convogliatore,Canalisateur,fr
Copacul caracteristicilor,Emblématiquement,fr
Copricapo di Rabadon,Coiffe de Rabadon,fr
Corazza singola,Lithoplastron solo,fr
Corazza spirituale,Visage spirituel,fr
Corazón de Acero,Cœur d'acier,fr
Corazón de acero,Cœur d'acier,fr
Corazón del alba,Cœur de l'aube,fr
Corazón resuelto,Cœur intrépide,fr
Coração Inabalável,Cœur intrépide,fr
Coração de Aço,Cœur d'acier,fr
Corki,Corki,fr
Coroa do Amaldiçoado,Couronne maudite,fr
Coroa do Estrategista,Couronne du Tacticien,fr
Coroana blestemată,Couronne maudite,fr
Coroana tacticianului,Couronne du Tacticien,fr
Corona Maldita,Couronne maudite,fr
Corona de Estratega,Couronne du Tacticien,fr
Corona de estratega,Couronne du Tacticien,fr
Corona dello Stratega,Couronne du Tacticien,fr
Corona maldita,Couronne maudite,fr
Corona maledetta,Couronne maudite,fr
Corona reale,Couronne de la reine,fr
Coroziune,Corrosion,fr
Corpetto di rovi,Armure roncière,fr
Corriente de Lágrimas,Larmes à gogo,fr
Corrosion,Corrosion,fr
Corrosione,Corrosion,fr
Corrosión,Corrosion,fr
Corrosão,Corrosion,fr
Corrupt Vampiric Scepter,Sceptre vampirique corrompu,fr
Cosmic Restart,Réinitialisation cosmique,fr
Costruisci un Compagno,Achat 3 étoiles,fr
Cota de Malha,Cotte de mailles,fr
Cota de Malla,Cotte de mailles,fr
Cotidiano,Crescendo aléatoire,fr
Cotta di maglia,Cotte de mailles,fr
Covil do Barão,Repaire du baron,fr
Cozinha do Estrategista,Cuisine du Tacticien,fr
Coș de recuperare,Bac de recyclage,fr
Crabul,Carapateur,fr
Crafted Crafting,Maîtrise de l'artisanat,fr
Crash Test Dummies,Mannequins de choc,fr
Crash Test Dummy,Mannequins de choc,fr
Crash-Test-Dummies,Mannequins de choc,fr
Crea un coleguita,Achat 3 étoiles,fr
Creazione artigianale,Maîtrise de l'artisanat,fr
Crecimiento Explosivo,Croissance explosive,fr
Crecimiento explosivo,Croissance explosive,fr
Creează o cale,Glaives à gogo,fr
Creează un prieten,Ami sur mesure,fr
Crescimento Explosivo,Croissance explosive,fr
Crescita a fine partita,Fin de partie,fr
Crescita esplosiva,Croissance explosive,fr
Cresta de Escudo de Luz,Blason des Lightshield,fr
Creștere explozivă,Croissance explosive,fr
Creștere pe final de joc,Fin de partie,fr
Creștere solo în nivel,Solo Leveling,fr
Creștere în clasament,Connivence,fr
Criação Engenhosa,Maîtrise de l'artisanat,fr
Critical Success,Gants à gogo,fr
Crownguard,Couronne de la reine,fr
Cry Me A River,Océan de larmes,fr
Csak jó valamire I.,Butin funéraire,fr
Csapatkeresés,Cours de soutien,fr
Csapatépítés,Crescendo aléatoire,fr
Csapatépítés,Esprit d'équipe,fr
Csekélyebb Perszónatükör,Personnalité miroir mineure,fr
Csereszektor,Secteur commercial,fr
Csillagfényes kombó,Combo stellaire,fr
Csillagnéző,Visionnaire,fr
Csillagnéző embléma,Emblème de Visionnaire,fr
Csillámpikkely-esszencia,Essence des Luminécailles,fr
Cua Kỳ Cục,Carapateur,fr
Cuatrifuerzos,Puissance 4,fr
Cuatro Refuerzos,Puissance 4,fr
Cucchiaio d'argento,Par ici l'XP,fr
Cuchara de plata,Par ici l'XP,fr
Cuchilla Maldita,Lame maudite,fr
Cuchillas Raudas,Tremblelames,fr
Cucina dello Stratega,Cuisine du Tacticien,fr
Cud Soraki,Miracle de Soraka,fr
Cuenta con mi arco,Mon arc est vôtre,fr
Cuenta de Ahorros,Compte épargne,fr
Cuenta de ahorros,Compte épargne,fr
Cung Dự Phòng,Arcs à gogo,fr
Cung Gỗ,Arc courbe,fr
Cung Xanh,Dernier souffle,fr
Cuor saldo,Cœur intrépide,fr
Cuore d'acciaio,Cœur d'acier,fr
Cureaua uriașului,Ceinture du géant,fr
Curele fără număr,Abondance de ceintures,fr
Cursed Blade,Lame maudite,fr
Cursed Crown,Couronne maudite,fr
Cuțit electrostatic,Poignard de Statikk,fr
Cuồng Đao Guinsoo,Lame enragée de Guinsoo,fr
Cuộc Phiêu Lưu Tôn Quý,Une aventure exaltante,fr
Cuộc Viễn Chinh,Expédition,fr
Cvičná loutka,Mannequin d'entraînement,fr
Cybernetic Implants,Implants cybernétiques,fr
Cybernetic Uplink,Liaison cybernétique,fr
Czerwone Wzmocnienie,Buff rouge,fr
Czysty Umysł,Lucidité,fr
Częściowe Wyniesienie,Ascension partielle,fr
Cái Giá Phải Trả,Pas le choix,fr
Cálice do Poder,Calice de puissance,fr
Cáliz de Poder,Calice de puissance,fr
Cáliz de poder,Calice de puissance,fr
Cây Cung Thần Tốc,Mon arc est vôtre,fr
Cây Tộc Hệ,Emblématiquement,fr
Céfiro,Zéphyr,fr
Célbefogó optika,Optique de verrouillage,fr
Călător,Voyageur,fr
Cıva,Mercure,fr
Cơn Khát Vàng,Avidité,fr
Cảm Quan Cấy Ghép,Implant cybernétique,fr
Cảm Thấy May Mắn,Vous vous sentez en veine ?,fr
Cấy Ghép Siêu Công Nghệ,Implants cybernétiques,fr
Cầu Hồi Phục,Orbes de soins,fr
Cắm Rễ Phân Tán,Enracinement,fr
Cặp Đôi Siêu Cứng,Tanks jumeaux,fr
Cố Gắng Lật Kèo,Tentative de comeback,fr
Cốc Sức Mạnh,Calice de puissance,fr
Cộng Mệt Nghỉ!,Stats à foison !,fr
Cờ Lệnh Zeke U Ám,Blason lugubre de Zeke,fr
Củng Cố Tuyến Trước,Fondation de première ligne,fr
C位的觉悟,Centre d'excellence,fr
C位觉悟,Centre d'excellence,fr
DD街区,Secteur commercial,fr
Daga de Statikk,Poignard de Statikk,fr
Daimi Yükseliş,Ascension sociale,fr
Dallan Budaklan,Aléatoire jacta est,fr
Dama Oscura,Dame sombre,fr
Dama das Trevas,Dame sombre,fr
Dama oscura,Dame sombre,fr
Dao Điện Statikk,Poignard de Statikk,fr
Dar Ahri,Bénédiction d'Ahri,fr
Dar Aureliona Sola,Bénédiction d'Aurelion Sol,fr
Dar Ekko,Bénédiction d'Ekko,fr
Dar Evelynn,Bénédiction d'Evelynn,fr
Dar Kayle,Bénédiction de Kayle,fr
Dar Soraki,Bénédiction de Soraka,fr
Dar Thresha,Bénédiction de Thresh,fr
Dar Varusa,Bénédiction de Varus,fr
Dar Yasuo,Bénédiction de Yasuo,fr
Dar cu ce preț,Pas le choix,fr
Dar vzkříšení,Bénédiction de résurrection,fr
Dark Lady,Dame sombre,fr
Dark Star,Pulsar sombre,fr
Dark Star Emblem,Emblème de Pulsar sombre,fr
Das Warten wert,Attente récompensée,fr
Das geht ab,Relances étoilées,fr
Das goldene Ei,Œuf d'or,fr
Dawncore,Cœur de l'aube,fr
Dayanıklı Ön Sıra,Fondation de première ligne,fr
Daño indiscriminado,Tueur impitoyable,fr
De două ori mai câștigați,Avènement des deux,fr
De fiesta,Tout doit disparaître,fr
De gratis,Cleptomanie,fr
De milyen áron?,Pas le choix,fr
Dea delle Armi,Déesse des flingues,fr
Deadlier Blades,Lames tueuses,fr
Deadlier Caps,Coiffes mortelles,fr
Deathblade,Lame funeste,fr
Demasiado Valor,Avènement des deux,fr
Demir Solari'nin Broşu,Médaillon de l'Iron Solari,fr
Denge Örtüsü,Linceul de la congruence,fr
Dente de Na'Shor,Dent de Nashor,fr
Dente di Nashor,Dent de Nashor,fr
Der Attributsbaum,Emblématiquement,fr
Der Turm,La Tour,fr
Der Unbeugsame,L'indomptable,fr
Der Urknall,Big Bang,fr
Der Wille des Hammers,Volonté de la massue,fr
Der goldene Drache,Mailles en or,fr
Der mächtige Mecha,Le Méga-mecha,fr
Derrota Planejada,Défaite planifiée,fr
Desafiante,Challenger,fr
Desajustados,Touche-à-tout,fr
Descarga Eléctrica,Électrocharge,fr
Desejo da Maça,Volonté de la massue,fr
Desesperación Eterna,Désespoir infini,fr
Desesperanza eterna,Désespoir infini,fr
Desespero Eterno,Désespoir infini,fr
Desmanche,Bac de recyclage,fr
Despertar da Alma,Éveil de l'âme,fr
Despertar del Alma,Éveil de l'âme,fr
Despertar del alma,Éveil de l'âme,fr
Destansı Yenileme,Relances épiques,fr
Deszcz Pieniędzy,Pluie d'argent,fr
Determinacja Kolosa,Détermination du titan,fr
Determinazione del titano,Détermination du titan,fr
Determinação Titânica,Détermination du titan,fr
Dev Katili,Tueur de géants,fr
Dev Kemeri,Ceinture du géant,fr
Devasa ve Güçlü,Grandeur et démesure,fr
Değişken Miğfer,Casque adaptatif,fr
Di Vật Tàn Úa,Relique flétrie,fr
Diana,Diana,fr
Die Legion der Drei,Légion des trois,fr
Diebesbande,Bande de voleurs,fr
Diebesbande II,Bande de voleurs II,fr
Diente de Nashor,Dent de Nashor,fr
Dikenli Yelek,Armure roncière,fr
Dinerito para el almuerzo,Le prix du sang,fr
Dinero del almuerzo,Le prix du sang,fr
Dintele lui Nashor,Dent de Nashor,fr
Diosa de las Pistolas,Déesse des flingues,fr
Diosa de las pistolas,Déesse des flingues,fr
Dirilme Lütfu,Bénédiction de résurrection,fr
Disperare nemărginită,Désespoir infini,fr
Disperazione eterna,Désespoir infini,fr
Disruptor temporal,Brise-temps,fr
Distracție în spațiu,Astro-groove,fr
Distribuição de Efeitos,Buffs à gogo,fr
Divinamente Abençoado,Béni des dieux,fr
Divine Duelist,Duelliste divine,fr
Dizilim,Première ligne,fr
Diệt Khổng Lồ,Tueur de géants,fr
Dlouhodobá investice,Expérience à tout prix,fr
Doamna întunecată,Dame sombre,fr
Doble Tanque,Tanks jumeaux,fr
Dobra Passa,Relances étoilées,fr
Doces Deleites,Objets blindés,fr
Dokuma Büyü,Mana magique,fr
Dolci,Objets blindés,fr
Dono dell'aggiustatutto,Bénédiction du Ferrailleur,fr
Dono della resurrezione,Bénédiction de résurrection,fr
Dono di Ahri,Bénédiction d'Ahri,fr
Dono di Aurelion Sol,Bénédiction d'Aurelion Sol,fr
Dono di Ekko,Bénédiction d'Ekko,fr
Dono di Evelynn,Bénédiction d'Evelynn,fr
Dono di Kayle,Bénédiction de Kayle,fr
Dono di Soraka,Bénédiction de Soraka,fr
Dono di Thresh,Bénédiction de Thresh,fr
Dono di Varus,Bénédiction de Varus,fr
Dono di Yasuo,Bénédiction de Yasuo,fr
Doomer,Désespoir,fr
Doppia resistenza,Tanks jumeaux,fr
Doppia uccisione rapida,Deux de moins,fr
Dornenweste,Armure roncière,fr
Double Kill Veloz,Deux de moins,fr
Dowódca Anima,Commandant d'Anima,fr
Dowódcy,Commandante,fr
Doğum Günü Buluşması,Réunion d'anniversaire,fr
Doğum Günü Hediyesi,Cadeau d'anniversaire,fr
Drachenklaue,Griffe de dragon,fr
Dragon's Claw,Griffe de dragon,fr
Dragonul auriu,Mailles en or,fr
Dragão Dourado,Mailles en or,fr
Dračí spár,Griffe de dragon,fr
Dreifaltigkeit,Tiercé,fr
Drobní titáni,P'tits titans,fr
"Drobní, ale vražední",Petits mais costauds,fr
Drohnenverbindung,Liaison de drone,fr
Dron Bağlantısı,Liaison de drone,fr
Drone Uplink,Liaison de drone,fr
Drone cablato,Liaison de drone,fr
Dronová linka,Liaison de drone,fr
Drugi Oddech,Second souffle,fr
Druhý dech,Second souffle,fr
Drzewo Cech,Emblématiquement,fr
Drágaköves kesztyű,Gantelet précieux,fr
Drágaköves lótusz II.,Lotus précieux,fr
Drónkapcsolat,Liaison de drone,fr
Držíme pospolu,Partage emblématique,fr
Du Mục,Berger,fr
Du hast meinen Bogen,Mon arc est vôtre,fr
Dublu asasinat rapid,Deux de moins,fr
Duch Odkupienia,Esprit de la Rédemption,fr
Duch odplaty,Esprit de la Rédemption,fr
Due volte il valore,Avènement des deux,fr
Duelist divin,Duelliste divine,fr
Duelista Divino,Duelliste divine,fr
Duelista divino,Duelliste divine,fr
Duellante divino,Duelliste divine,fr
Dulces Golosinas,Objets blindés,fr
Dummify,Mannequinification,fr
Dunkle Dame,Dame sombre,fr
Duo Queue,Aléatoirement vôtre,fr
Duo-Warteschlange,Aléatoirement vôtre,fr
Dupla érték,Avènement des deux,fr
Duplán szívós,Tanks jumeaux,fr
Durch Stärke geschmiedet,Artefacts à la rescousse,fr
Durmadan Yenile,Jour de relance,fr
Dusze Towarzystwa,Bête de scène,fr
Duża Torba z Różnościami,Super sac de butin,fr
Dádiva da Ahri,Bénédiction d'Ahri,fr
Dádiva da Evelynn,Bénédiction d'Evelynn,fr
Dádiva da Kayle,Bénédiction de Kayle,fr
Dádiva da Ressurreição,Bénédiction de résurrection,fr
Dádiva da Soraka,Bénédiction de Soraka,fr
Dádiva do Aurelion Sol,Bénédiction d'Aurelion Sol,fr
Dádiva do Brigão,Bénédiction du Ferrailleur,fr
Dádiva do Ekko,Bénédiction d'Ekko,fr
Dádiva do Thresh,Bénédiction de Thresh,fr
Dádiva do Varus,Bénédiction de Varus,fr
Dádiva do Yasuo,Bénédiction de Yasuo,fr
Dárek k narozeninám,Cadeau d'anniversaire,fr
Dárková taška s předměty,Sac de butin,fr
Dárkový balíček,Ravitaillement,fr
Dây Chuyền Iron Solari,Médaillon de l'Iron Solari,fr
Dây Chuyền Tự Lực,Médaillon d'excitation,fr
Dämmerkern,Cœur de l'aube,fr
Dämmerung von Silbersee,Aube de Haut-Lac-d'Argent,fr
Díszes acél,Acier doré,fr
Dòng Tiền Mờ Ám,Monétisation malveillante,fr
Döntőbíró,Juge stellaire,fr
Döntőbíró embléma,Emblème de Juge stellaire,fr
Dört Dörtlük,Puissance 4,fr
Dört Seninle Olsun,Quatre cents coups,fr
Dövüşçü,Bagarreur,fr
Dövüşçü Amblemi,Emblème de Bagarreur,fr
Dúo de tanques,Tanks jumeaux,fr
Dümenci,Gredin,fr
Dẫn Truyền,Canalisateur,fr
Dị Vật Tai Ương,Idole interdite,fr
Dịch Vụ Gói Đăng Ký,Abonnement,fr
D个痛快！,Jour de relance,fr
Early Learnings,Leçons de combat,fr
Ebedi Anlaşma,Pacte éternel,fr
Ebedi Koruma,Protection infinie,fr
Ebedi Kılıç,Lame d'infini,fr
Ebédpénz,Le prix du sang,fr
Eccesso di bacchette,Abondance de baguettes,fr
Eccesso di cinture,Abondance de ceintures,fr
Eccesso di spade,Abondance de glaives,fr
Echi curativi,Échos réparateurs,fr
Ecos Reparadores,Échos réparateurs,fr
Ecos Restauradores,Échos réparateurs,fr
Ecos curativos,Échos réparateurs,fr
Ecouri tămăduitoare,Échos réparateurs,fr
Edge of Night,Manteau de la nuit,fr
Efecte secundare,Effets secondaires,fr
Efectos Secundarios,Effets secondaires,fr
Efectos secundarios,Effets secondaires,fr
Efeito Azul,Buff bleu,fr
Efeito Vermelho,Buff rouge,fr
Efeitos Colaterais,Effets secondaires,fr
Efekty Uboczne,Effets secondaires,fr
Effetti collaterali,Effets secondaires,fr
Egida Zmierzchu,Égide du crépuscule,fr
Egida del Crepuscolo,Égide du crépuscule,fr
Egida dell'Aurora,Égide de l'aube,fr
Egida Świtu,Égide de l'aube,fr
"Egy erősítés, két erősítés",Buffs à gogo,fr
"Egy, kettő, három","Un, deux, trois",fr
"Egy, kettő, öt!",Butin aléatoire,fr
Egyenlepel,Linceul de la congruence,fr
Egységben az erő,Soutien indéfectible,fr
Egyujjas kesztyű,Moufles,fr
Egyéni vért,Lithoplastron solo,fr
Ehre des Kriegsfürsten,Honneur du Maître de guerre,fr
"Ein Buff, zwei Buff",Buffs à gogo,fr
Ein Teil des Lebens,Crescendo aléatoire,fr
Ein erhabenes Abenteuer,Une aventure exaltante,fr
Ein magischer Wurf,Dés magiques,fr
Eindringling Zed,Zed,fr
Einfach treffen,Butin varié,fr
Einkaufsbummel,Shopping intensif,fr
"Einmal Bronze, immer Bronze",Bronze pour la vie,fr
"Eins, zwei, drei","Un, deux, trois",fr
"Eins, zwei, fünf!",Butin aléatoire,fr
Eiserne Güter,Entre les PO et l'enclume,fr
Ejder Pençesi,Griffe de dragon,fr
Ekip Çalışması,Esprit d'équipe,fr
Ekko türelme,Patience d'Ekko,fr
Ekko áldása,Bénédiction d'Ekko,fr
Ekko'nun Lütfu,Bénédiction d'Ekko,fr
Ekko'nun Sabrı,Patience d'Ekko,fr
Ekko's Boon,Bénédiction d'Ekko,fr
Ekko's Patience,Patience d'Ekko,fr
Ekkos Geduld,Patience d'Ekko,fr
Ekkos Segen,Bénédiction d'Ekko,fr
Ekkova trpělivost,Patience d'Ekko,fr
Ekkův dar,Bénédiction d'Ekko,fr
Ekmek Parası İşte,Le prix du sang,fr
Ekskluzywna Personalizacja,Coup de chance,fr
Ekspedycja,Expédition,fr
El Big Bang,Big Bang,fr
El Dragón Dorado,Mailles en or,fr
El Dragón dorado,Mailles en or,fr
El Emeği Göz Nuru,Maîtrise de l'artisanat,fr
El Huevo Dorado,Œuf d'or,fr
El Indomable,L'indomptable,fr
El Mega Mecha,Le Méga-mecha,fr
El Tamaño Importa,Question de taille,fr
El centro de todo,Centre d'excellence,fr
El huevo dorado,Œuf d'or,fr
El peso de la corona,Lourde est la couronne,fr
El tamaño importa,Question de taille,fr
El Árbol de Rasgos,Emblématiquement,fr
El árbol de los atributos,Emblématiquement,fr
Elastyczność,Emblématique,fr
Electrocarga,Électrocharge,fr
Electrocharge,Électrocharge,fr
Elektrický výboj,Électrocharge,fr
Elektroladung,Électrocharge,fr
Elektromos töltés,Électrocharge,fr
Elektroşarj,Électrocharge,fr
Elettrocarica,Électrocharge,fr
Elige el rasgo,Choisissez un type,fr
Eliminator,Éradicateur,fr
Elkötelezett,Investissement,fr
Elköteleződés,Typologie,fr
Elmo Adaptativo,Casque adaptatif,fr
Elmo adattivo,Casque adaptatif,fr
Eltemetett kincsek,Trésors enfouis,fr
Elátkozott korona,Couronne maudite,fr
Elátkozott penge,Lame maudite,fr
Előfizetési szolgáltatás,Abonnement,fr
Előleg,Prêt anticipé,fr
Előrelátás,Investissement sur le futur,fr
Em Busca do Centro,Centre d'excellence,fr
Embalos no Espaço,Astro-groove,fr
Emblem Anima,Emblème de la Section Anima,fr
Emblem Arbiter,Emblème de Juge stellaire,fr
Emblem Bastion,Emblème de Bastion,fr
Emblem Brawler,Emblème de Bagarreur,fr
Emblem Challenger,Emblème de Challenger,fr
Emblem Dark Star,Emblème de Pulsar sombre,fr
Emblem Marauder,Emblème de Maraudeur,fr
Emblem Meeple,Emblème de Meeple,fr
Emblem N.O.V.A.,Emblème de N.O.V.A.,fr
Emblem Primordian,Emblème de Primordien,fr
Emblem Psionic,Emblème de Psionique,fr
Emblem Rogue,Emblème de Rebelle,fr
Emblem Shepherd,Emblème de Berger,fr
Emblem Sniper,Emblème de Sniper,fr
Emblem Space Groove,Emblème d'Astro-groove,fr
Emblem Stargazer,Emblème de Visionnaire,fr
Emblem Timebreaker,Emblème de Brise-temps,fr
Emblem Vanguard,Emblème d'Initiateur,fr
Emblem Voyager,Emblème de Voyageur,fr
Emblema Anima,Emblème de la Section Anima,fr
Emblema Animalia,Emblème de la Section Anima,fr
Emblema Meeple,Emblème de Meeple,fr
Emblema N.O.V.A.,Emblème de N.O.V.A.,fr
Emblema Psionico,Emblème de Psionique,fr
Emblema Stella Oscura,Emblème de Pulsar sombre,fr
Emblema apărătorilor,Emblème d'Initiateur,fr
Emblema bastionului,Emblème de Bastion,fr
Emblema briganzilor,Emblème de Maraudeur,fr
Emblema bătăușilor,Emblème de Bagarreur,fr
Emblema competitorilor,Emblème de Challenger,fr
Emblema călătorilor,Emblème de Voyageur,fr
Emblema de Anima,Emblème de la Section Anima,fr
Emblema de Astromante,Emblème de Visionnaire,fr
Emblema de Atirador de Elite,Emblème de Sniper,fr
Emblema de Bastião,Emblème de Bastion,fr
Emblema de Bastión,Emblème de Bastion,fr
Emblema de Desafiante,Emblème de Challenger,fr
Emblema de Embalos no Espaço,Emblème d'Astro-groove,fr
Emblema de Estrela Negra,Emblème de Pulsar sombre,fr
Emblema de Estrella Oscura,Emblème de Pulsar sombre,fr
Emblema de Francotiradores,Emblème de Sniper,fr
Emblema de Furtivo,Emblème de Rebelle,fr
Emblema de Ladino,Emblème de Rebelle,fr
Emblema de Lutador,Emblème de Bagarreur,fr
Emblema de Meeple,Emblème de Meeple,fr
Emblema de Meeplo,Emblème de Meeple,fr
Emblema de Merodeador,Emblème de Maraudeur,fr
Emblema de Mipo,Emblème de Meeple,fr
Emblema de N.O.V.A.,Emblème de N.O.V.A.,fr
Emblema de Onda Espacial,Emblème d'Astro-groove,fr
Emblema de Pastor,Emblème de Berger,fr
Emblema de Peleadores,Emblème de Bagarreur,fr
Emblema de Primordiano,Emblème de Primordien,fr
Emblema de Primordianos,Emblème de Primordien,fr
Emblema de Psiónico,Emblème de Psionique,fr
Emblema de Psiônico,Emblème de Psionique,fr
Emblema de Rasga-tempo,Emblème de Brise-temps,fr
Emblema de Retadores,Emblème de Challenger,fr
Emblema de Rompetiempo,Emblème de Brise-temps,fr
Emblema de Saqueador,Emblème de Maraudeur,fr
Emblema de Sentencia,Emblème de Juge stellaire,fr
Emblema de Vanguarda,Emblème d'Initiateur,fr
Emblema de Vanguardia,Emblème d'Initiateur,fr
Emblema de Viajante,Emblème de Voyageur,fr
Emblema de Viajero,Emblème de Voyageur,fr
Emblema de astral,Emblème de Visionnaire,fr
Emblema de bastión,Emblème de Bastion,fr
Emblema de contendiente,Emblème de Challenger,fr
Emblema de disruptor temporal,Emblème de Brise-temps,fr
Emblema de estrella oscura,Emblème de Pulsar sombre,fr
Emblema de francotirador,Emblème de Sniper,fr
Emblema de la ascensión,Talisman de l'ascension,fr
Emblema de luchador,Emblème de Bagarreur,fr
Emblema de onda espacial,Emblème d'Astro-groove,fr
Emblema de pastor,Emblème de Berger,fr
Emblema de primordiano,Emblème de Primordien,fr
Emblema de psiónico,Emblème de Psionique,fr
Emblema de pícaro,Emblème de Rebelle,fr
Emblema de sentenciador,Emblème de Juge stellaire,fr
Emblema de vanguardia,Emblème d'Initiateur,fr
Emblema de viajante,Emblème de Voyageur,fr
Emblema de yelmo sombrío,Emblème de Maraudeur,fr
Emblema de Árbitro,Emblème de Juge stellaire,fr
Emblema de ánima,Emblème de la Section Anima,fr
Emblema del Bandito,Emblème de Rebelle,fr
Emblema del Bastione,Emblème de Bastion,fr
Emblema del Cecchino,Emblème de Sniper,fr
Emblema del Combattente,Emblème de Bagarreur,fr
Emblema del Pastore,Emblème de Berger,fr
Emblema del Predone,Emblème de Maraudeur,fr
Emblema del Primordiano,Emblème de Primordien,fr
Emblema del Ritmo Spaziale,Emblème d'Astro-groove,fr
Emblema del Viaggiatore,Emblème de Voyageur,fr
Emblema dell'Amico dei Mippi,Emblème de Meeple,fr
Emblema dell'Arbitro,Emblème de Juge stellaire,fr
Emblema dell'Astronomo,Emblème de Visionnaire,fr
Emblema dell'Avanguardia,Emblème d'Initiateur,fr
Emblema dello Sfidante,Emblème de Challenger,fr
Emblema dello Spezzatempo,Emblème de Brise-temps,fr
Emblema distracției în spațiu,Emblème d'Astro-groove,fr
Emblema frângătorilor timpului,Emblème de Brise-temps,fr
Emblema luminii stelelor,Emblème de Visionnaire,fr
Emblema lunetiștilor,Emblème de Sniper,fr
Emblema mediatorilor,Emblème de Juge stellaire,fr
Emblema primordienilor,Emblème de Primordien,fr
Emblema psionică,Emblème de Psionique,fr
Emblema păstorilor,Emblème de Berger,fr
Emblema rebelilor,Emblème de Rebelle,fr
Emblema stelelor întunecate,Emblème de Pulsar sombre,fr
Emblemat Anima,Emblème de la Section Anima,fr
Emblemat Arbitra,Emblème de Juge stellaire,fr
Emblemat Bastionu,Emblème de Bastion,fr
Emblemat Kosmofazy,Emblème d'Astro-groove,fr
Emblemat Marudera,Emblème de Maraudeur,fr
Emblemat Meepla,Emblème de Meeple,fr
Emblemat Mrocznej Gwiazdy,Emblème de Pulsar sombre,fr
Emblemat N.O.V.A.,Emblème de N.O.V.A.,fr
Emblemat Obrońcy,Emblème d'Initiateur,fr
Emblemat Obserwatora Gwiazd,Emblème de Visionnaire,fr
Emblemat Osiłka,Emblème de Bagarreur,fr
Emblemat Pasterza,Emblème de Berger,fr
Emblemat Podróżnika,Emblème de Voyageur,fr
Emblemat Pretendenta,Emblème de Challenger,fr
Emblemat Primordianina,Emblème de Primordien,fr
Emblemat Psionika,Emblème de Psionique,fr
Emblemat Snajpera,Emblème de Sniper,fr
Emblemat Zbira,Emblème de Rebelle,fr
Emblemat Łamacza Czasu,Emblème de Brise-temps,fr
Emblém Animy,Emblème de la Section Anima,fr
Emblém Bašty,Emblème de Bastion,fr
Emblém Hvězdopravce,Emblème de Visionnaire,fr
Emblém Miplíka,Emblème de Meeple,fr
Emblém N.O.V.A.,Emblème de N.O.V.A.,fr
Emblém Ničitele času,Emblème de Brise-temps,fr
Emblém Odpadlíka,Emblème de Rebelle,fr
Emblém Odstřelovače,Emblème de Sniper,fr
Emblém Pastýře,Emblème de Berger,fr
Emblém Poutníka,Emblème de Voyageur,fr
Emblém Prapůvodního,Emblème de Primordien,fr
Emblém Psionika,Emblème de Psionique,fr
Emblém Předvoje,Emblème d'Initiateur,fr
Emblém Rváče,Emblème de Bagarreur,fr
Emblém Soudce,Emblème de Juge stellaire,fr
Emblém Temné hvězdy,Emblème de Pulsar sombre,fr
Emblém Vesmírného rytmu,Emblème d'Astro-groove,fr
Emblém Vyzyvatele,Emblème de Challenger,fr
Emblém Žoldnéře,Emblème de Maraudeur,fr
Empréstimo Avançado,Prêt anticipé,fr
Empurrão,Tout doit disparaître,fr
En Minik Dev,Mini-Tacticien,fr
En racha,Relances étoilées,fr
Ende der Weisheit,Au bout du rouleau,fr
Endgame-Experte,Spécialiste des fins de partie,fr
Endlose Verzweiflung,Désespoir infini,fr
Enfileirando,Première ligne,fr
Enfoque al Horizonte,Concentration lointaine,fr
Enlace Cibernético,Liaison cybernétique,fr
Enlace de Dron,Liaison de drone,fr
Entrenamiento de Guardaespaldas,Formation de Garde du corps,fr
Entschlossenheit des Titanen,Détermination du titan,fr
Enyhén mágikus dobás,Dés légèrement magiques,fr
Epic Rolldown,Relances épiques,fr
Epickie Przelosowanie,Relances épiques,fr
Epický výlov,Relances épiques,fr
Epische Ladung,Relances épiques,fr
Epoca,Cycle épique,fr
Epoch,Cycle épique,fr
Epocha,Cycle épique,fr
Epoche,Cycle épique,fr
Epocă,Cycle épique,fr
Epoka,Cycle épique,fr
Era,Cycle épique,fr
Eradicare,Éradicateur,fr
Eradicator,Éradicateur,fr
Eradicatore,Éradicateur,fr
Erb Lightshieldů,Blason des Lightshield,fr
Erlöser,Rédempteur,fr
Erradicador,Éradicateur,fr
Erwartetes Unerwartetes,Lancer de dés,fr
Erweiterter Kredit,Prêt anticipé,fr
Erőben kovácsolva,Artefacts à la rescousse,fr
Erőd,Bastion,fr
Erőd embléma,Emblème de Bastion,fr
EsQUATRão,Puissance 4,fr
Esagono dorato di Yasuo,Hexagone doré de Yasuo,fr
Esaltazione di Kayle,Exaltation de Kayle,fr
Esaltazione radiosa di Kayle,Exaltation radieuse de Kayle,fr
Escalamento de Fim de Jogo,Fin de partie,fr
Escalando,Connivence,fr
Escalar la clasificación,Connivence,fr
Escolha a característica,Choisissez un type,fr
Escroc,Gredin,fr
Escudo de estratega,Bouclier du Tacticien,fr
Escudo del Estratega,Bouclier du Tacticien,fr
Escudo do Estrategista,Bouclier du Tacticien,fr
Escurridizo,Carapateur,fr
Esence Mihotavců,Essence des Luminécailles,fr
Esencia de Brilloescama,Essence des Luminécailles,fr
Esencia de brilloescama,Essence des Luminécailles,fr
Esencja Migoczącej Łuski,Essence des Luminécailles,fr
Esfera del Amanecer,Cœur de l'aube,fr
Esgrima de Yasuo,Maîtrise de l'épée de Yasuo,fr
Esnek,Emblématique,fr
Espada Desmedida,Abondance de glaives,fr
Espada G.p.C.,BF Glaive,fr
Espadafuria de Guinsoo,Lame enragée de Guinsoo,fr
Espadas Más Letales,Lames tueuses,fr
Espadón,BF Glaive,fr
Especialista em Fim de Jogo,Spécialiste des fins de partie,fr
Especialista en el juego tardío,Spécialiste des fins de partie,fr
Especialista en final de partida,Spécialiste des fins de partie,fr
Espera lo Inesperado,Lancer de dés,fr
Espera lo inesperado,Lancer de dés,fr
Esperando o Inesperado,Lancer de dés,fr
Espinas,Poiscaille,fr
Espátula,Spatule,fr
Espírito de Redenção,Esprit de la Rédemption,fr
Espíritu Firme,Cœur intrépide,fr
Espíritu de Redención,Esprit de la Rédemption,fr
Espíritu de la redención,Esprit de la Rédemption,fr
Espíritu libre,Touche-à-tout,fr
Essenz der Schimmerschuppen,Essence des Luminécailles,fr
Essenza Scaglialucida,Essence des Luminécailles,fr
Essência de Escamaluz,Essence des Luminécailles,fr
Estafa,Gredin,fr
Estafador,Gredin,fr
Estratega diminuto,Mini-Tacticien,fr
Estrela Negra,Pulsar sombre,fr
Estrella Oscura,Pulsar sombre,fr
Estrella oscura,Pulsar sombre,fr
Estudio Paciente,Gagnant-gagnant,fr
Estudio y paciencia,Gagnant-gagnant,fr
Estudo Paciente,Gagnant-gagnant,fr
Esuli,Exilés,fr
Eternal Pact,Pacte éternel,fr
Etwas magische Aktualisierung,Dés légèrement magiques,fr
Evelynn áldása,Bénédiction d'Evelynn,fr
Evelynn ösztöne,Instinct d'Evelynn,fr
Evelynn'in Lütfu,Bénédiction d'Evelynn,fr
Evelynn'in İçgüdüsü,Instinct d'Evelynn,fr
Evelynn's Boon,Bénédiction d'Evelynn,fr
Evelynn's Instinct,Instinct d'Evelynn,fr
Evelynnin dar,Bénédiction d'Evelynn,fr
Evelynnin instinkt,Instinct d'Evelynn,fr
Evelynns Instinkt,Instinct d'Evelynn,fr
Evelynns Segen,Bénédiction d'Evelynn,fr
Evenshroud,Linceul de la congruence,fr
Evocazione continua,Baguettes à gogo,fr
Evriştirici,Recombobulateur,fr
Ewiger Pakt,Pacte éternel,fr
Exaltación Radiante de Kayle,Exaltation radieuse de Kayle,fr
Exaltación de Kayle,Exaltation de Kayle,fr
Exaltación radiante de Kayle,Exaltation radieuse de Kayle,fr
Exaltarea lui Kayle,Exaltation de Kayle,fr
Exaltarea radiantă a lui Kayle,Exaltation radieuse de Kayle,fr
Exaltação Radiante de Kayle,Exaltation radieuse de Kayle,fr
Exaltação de Kayle,Exaltation de Kayle,fr
Exclusive Customization,Coup de chance,fr
Exilados,Exilés,fr
Exilați,Exilés,fr
Exiles,Exilés,fr
Exiliados,Exilés,fr
Exklusive Feinabstimmung,Coup de chance,fr
Exkluzivní úprava,Coup de chance,fr
Exkluzív testreszabás,Coup de chance,fr
Expected Unexpectedness,Lancer de dés,fr
Expedice,Expédition,fr
Expedición,Expédition,fr
Expedition,Expédition,fr
Expedição,Expédition,fr
Expediție,Expédition,fr
Expedíció,Expédition,fr
Explosive Growth,Croissance explosive,fr
Explosives Wachstum,Croissance explosive,fr
Extirpador,Éradicateur,fr
Ezreal,Ezreal,fr
Ezüstkanál,Par ici l'XP,fr
Ezüsttóvári hajnal,Aube de Haut-Lac-d'Argent,fr
Eğreti Zırh,Armure improvisée,fr
Eşsiz Deneyim,Par ici l'XP,fr
Eşya Çekilişi,Sac de butin,fr
Fabbricante di bastoni,Fabricant de baguettes,fr
Fabbricante di spade,Armurier,fr
Fabricante de Bastões,Fabricant de baguettes,fr
Fabricante de Espadas,Armurier,fr
Fabricante de Varas,Fabricant de baguettes,fr
Fabrikneu,Flambant neuf,fr
Faca de Statikk,Poignard de Statikk,fr
Factory New,Flambant neuf,fr
Fajín de mercurio,Mercure,fr
Fame di denaro,Avidité,fr
Fantocci da crash test,Mannequins de choc,fr
Fantoccificazione,Mannequinification,fr
Fantoccio di addestramento,Mannequin d'entraînement,fr
Fare squadra,Cours de soutien,fr
Farmando Aura,Patience,fr
Farmare l'aura,Patience,fr
Farmarea aurei,Patience,fr
Farmení aury,Patience,fr
Farmeo Áurico,Patience,fr
Farmienie Aury,Patience,fr
Fatalista,Désespoir,fr
Fateweaver,Tisse-destin,fr
Favorul Sorakăi,Bénédiction de Soraka,fr
Favorul duelistului,Bénédiction du Ferrailleur,fr
Favorul lui Ahri,Bénédiction d'Ahri,fr
Favorul lui Aurelion Sol,Bénédiction d'Aurelion Sol,fr
Favorul lui Ekko,Bénédiction d'Ekko,fr
Favorul lui Evelynn,Bénédiction d'Evelynn,fr
Favorul lui Kayle,Bénédiction de Kayle,fr
Favorul lui Thresh,Bénédiction de Thresh,fr
Favorul lui Varus,Bénédiction de Varus,fr
Favorul lui Yasuo,Bénédiction de Yasuo,fr
Favorul resurecției,Bénédiction de résurrection,fr
Fedakârlığın Erdemi,Vertu du martyr,fr
Fedezeti alap,Spéculation,fr
Feed the Flames,Allumer le feu,fr
Feeling Lucky,Vous vous sentez en veine ?,fr
Felaket Mücevheri,Joyau putréfiant,fr
Felemelkedés,Ascension,fr
Feleslegesen nagy pálca,Baguette trop grosse,fr
Felfelé a ranglétrán I.,Connivence,fr
Felfelé irányuló mobilitás,Ascension sociale,fr
Felie de viață,Crescendo aléatoire,fr
Felinarul lui Thresh,Lanterne de Thresh,fr
Festa de Aniversário,Réunion d'anniversaire,fr
Fiera Fiestera,Bête de scène,fr
Fierar neobosit,Forgeron ambulant,fr
Fila em Dupla,Aléatoirement vôtre,fr
Filo de la Muerte,Lame funeste,fr
Filo de la Noche,Manteau de la nuit,fr
Filo de la noche,Manteau de la nuit,fr
Filo del Infinito,Lame d'infini,fr
Filo infinito,Lame d'infini,fr
Filo mortal,Lame funeste,fr
Filofugaz,Tremblelames,fr
Final del ingenio,Au bout du rouleau,fr
Finanziamento,Prêt anticipé,fr
Find Your Center,Centre d'excellence,fr
Finde deine Mitte,Centre d'excellence,fr
Fine della notte,Manteau de la nuit,fr
Fiora,Fiora,fr
Firesale,Cleptomanie,fr
Fishbones,Poiscaille,fr
Fiumi di lacrime,Océan de larmes,fr
Fiumi di lacrime,Larmes à gogo,fr
Fizz,Fizz,fr
Flessibilità,Emblématique,fr
Flexibel,Emblématique,fr
Flexibilita,Emblématique,fr
Flexibilitate,Emblématique,fr
Flexible,Emblématique,fr
Flexível,Emblématique,fr
Flickerblade,Tremblelames,fr
Flickerblades,Tremblelames,fr
Fließende Tränen,Larmes à gogo,fr
Flimmerklingen,Tremblelames,fr
Flowing Tears,Larmes à gogo,fr
Fluch des Lichs,Fléau de liche,fr
Flügelstab,Bâton angélique,fr
Foc concentrat,Feu concentré,fr
Focalizarea orizontului,Concentration lointaine,fr
Foco do Horizonte,Concentration lointaine,fr
Focused Fire,Feu concentré,fr
Fogo Concentrado,Feu concentré,fr
Fokozott erő,Optimisation optimisée,fr
Fokussiertes Feuer,Feu concentré,fr
Folyamatos idézés,Baguettes à gogo,fr
Fond de investiții,Spéculation,fr
Fondamenta di prima linea,Fondation de première ligne,fr
Fondo con intereses,Spéculation,fr
Fondo de inversión,Spéculation,fr
Fondo speculativo,Spéculation,fr
Forbidden Idol,Idole interdite,fr
Forge a Friend,Ami sur mesure,fr
Forged in Strength,Artefacts à la rescousse,fr
Forgia apoteotica,Forge divine,fr
Forgia incarnata,Forgeron ambulant,fr
Forgia nascosta,Forge à retardement,fr
Forgia portatile,Forge portative,fr
Forgia un amico,Ami sur mesure,fr
Forgiato nella forza,Artefacts à la rescousse,fr
Forja Apoteósica,Forge divine,fr
Forja Apoteótica,Forge divine,fr
Forja Latente,Forge à retardement,fr
Forja Portátil,Forge portative,fr
Forja Viva,Forgeron ambulant,fr
Forja Viviente,Forgeron ambulant,fr
Forja apoteósica,Forge divine,fr
Forja de amigos,Ami sur mesure,fr
Forja de espadas,Armurier,fr
Forja de varas,Fabricant de baguettes,fr
Forja forjada,Maîtrise de l'artisanat,fr
Forja latente,Forge à retardement,fr
Forja na Força,Artefacts à la rescousse,fr
Forja portátil,Forge portative,fr
Forja reîncărcărilor,Maîtrise de l'artisanat,fr
Forja viviente,Forgeron ambulant,fr
Forjado a la fuerza,Artefacts à la rescousse,fr
Forjado en la Fortaleza,Artefacts à la rescousse,fr
Forje uma Amizade,Ami sur mesure,fr
Forjă apoteotică,Forge divine,fr
Forjă latentă,Forge à retardement,fr
Forjă portabilă,Forge portative,fr
Forma equipo,Cours de soutien,fr
Formazione,Première ligne,fr
Fortwährende Beschwörung,Baguettes à gogo,fr
Forward Thinking,Investissement sur le futur,fr
Forțe proaspete,Second souffle,fr
Fragmento de Vida,Crescendo aléatoire,fr
Frammento d'infinito,Lame d'infini,fr
Francotirador,Sniper,fr
Frigideira,Poêle à frire,fr
Frontkämpfer,Initiateur,fr
Frontkämpfer-Emblem,Emblème d'Initiateur,fr
Frontline Foundation,Fondation de première ligne,fr
Frontlinien-Fundament,Fondation de première ligne,fr
Frying Pan,Poêle à frire,fr
Frângător al timpului,Brise-temps,fr
Frühe Erkenntnisse,Leçons de combat,fr
Fuego Concentrado,Feu concentré,fr
Fuego concentrado,Feu concentré,fr
Fuerte pero frágil,Canon de verre,fr
Fuerte y Enorme,Grandeur et démesure,fr
Fuerzas renovadas,Second souffle,fr
Fulcro del commercio,Relances régulières,fr
Fundação da Linha de Frente,Fondation de première ligne,fr
Fundo de Garantia,Spéculation,fr
Fundusz Inwestycyjny,Spéculation,fr
Fuoco concentrato,Feu concentré,fr
Furia Krakena,Fureur du kraken,fr
Furia del Kraken,Fureur du kraken,fr
Furia del kraken,Fureur du kraken,fr
Furia di Guinsoo,Lame enragée de Guinsoo,fr
Furia krakenului,Fureur du kraken,fr
Furtarello,Chapardage,fr
Furtivo,Rebelle,fr
Furto,Chapardage,fr
Furto di componenti,Composants de guerre,fr
Furtuna lui Luden,Tempête de Luden,fr
Fäustlinge,Moufles,fr
Félholt csapás,Fléau de liche,fr
Félvezető,Semi-conducteur,fr
Fényőrző címer,Blason des Lightshield,fr
Fókusz,Canalisateur,fr
Fókusz mód,Mode Canalisateur,fr
Fúria do Cráquem,Fureur du kraken,fr
"FĂRĂ ANALIZĂ, FĂRĂ SCHIMBĂRI",Obstination,fr
Făurit prin putere,Artefacts à la rescousse,fr
Gabardina Sospechosa,Trench-coat suspect,fr
Gabardina sospechosa,Trench-coat suspect,fr
Galaksi Avcısı,Chasseur galactique,fr
Galaktický lovec,Chasseur galactique,fr
Galaktischer Jäger,Chasseur galactique,fr
Galaktyczni Łowcy,Chasseur galactique,fr
Galaxisvadász,Chasseur galactique,fr
Galaxy Hunter,Chasseur galactique,fr
Gambit Urfa,Gambit d'Urf,fr
Gambito de Urf,Gambit d'Urf,fr
Gardienii gemeni,Gardiens jumeaux,fr
Gargoyl Taşzırhı,Lithoplastron de gargouille,fr
Gargoyle Stoneplate,Lithoplastron de gargouille,fr
Garra de Dragón,Griffe de dragon,fr
Garra de dragón,Griffe de dragon,fr
Garra de merodeador,Griffes du rôdeur,fr
Garra del Merodeador,Griffes du rôdeur,fr
Garra do Dragão,Griffe de dragon,fr
Garra do Espreitador,Griffes du rôdeur,fr
Gasto con cabeza,Dépense réfléchie,fr
Gauner,Gredin,fr
Gebieter,Juge stellaire,fr
Gebieter-Emblem,Emblème de Juge stellaire,fr
Geburtstags-Wiedervereinigung,Réunion d'anniversaire,fr
Geburtstagsgeschenk,Cadeau d'anniversaire,fr
Gecenin Kıyısı,Manteau de la nuit,fr
Geduld ist eine Tugend,Jeu de patience,fr
Geeinter Halt,Soutien indéfectible,fr
Gefälligkeit des Schrotthändlers,Bénédiction du Ferrailleur,fr
Gegenstand-Wundertüte,Sac de butin,fr
Geist der Erlösung,Esprit de la Rédemption,fr
Geistessicht,Visage spirituel,fr
Geld fürs Mittagessen,Le prix du sang,fr
Geldgierig,Avidité,fr
Geldmonsun,Pluie d'argent,fr
Gelişmiş Güç,Optimisation optimisée,fr
Gelungenes Comeback,Tentative de comeback,fr
Gespiegelte Persona,Personnalité miroir,fr
Gheara dragonului,Griffe de dragon,fr
Gheara lui Sterak,Gage de Sterak,fr
Gheara prădătorului,Griffes du rôdeur,fr
Giant Slayer,Tueur de géants,fr
Giant and Mighty,Grandeur et démesure,fr
Giant's Belt,Ceinture du géant,fr
Gigante e Poderoso,Grandeur et démesure,fr
Gigantes y fuertes,Grandeur et démesure,fr
Gilded Steel,Acier doré,fr
Gioco di lama di Yasuo,Maîtrise de l'épée de Yasuo,fr
Gioiello della rovina,Joyau putréfiant,fr
Giuvaier blestemat,Joyau putréfiant,fr
Gizemli Trençkot,Trench-coat suspect,fr
Giáp Lưới,Cotte de mailles,fr
Giáp Máu Warmog,Armure de Warmog,fr
Giáp Tay Seeker,Protège-bras du savant,fr
Giáp Tâm Linh,Visage spirituel,fr
Giáp Tự Chế,Armure improvisée,fr
Giáp Vai Nguyệt Thần,Linceul de la congruence,fr
Giù come birilli,Relances étoilées,fr
Giọt Lệ Bi Ai,Océan de larmes,fr
Giữ Vững Hàng Ngũ,Tenir le front,fr
Glaskanone,Canon de verre,fr
Glass Cannon,Canon de verre,fr
Glückshandschuhe,Gants porte-bonheur,fr
Gnar,Gnar,fr
Goana după bani,Avidité,fr
God-Blessed,Béni des dieux,fr
Going Long,Expérience à tout prix,fr
Golden Gamble,Pile ou face,fr
Goldenes Glücksspiel,Pile ou face,fr
Golem,Golem,fr
Golpetazos,Tout doit disparaître,fr
Good For Something,Butin funéraire,fr
Gotowy Komplet,Duplication,fr
Gottgesegnet,Béni des dieux,fr
Grabież,Chapardage,fr
Gracia de Ahri,Bénédiction d'Ahri,fr
Gracia de Aurelion Sol,Bénédiction d'Aurelion Sol,fr
Gracia de Ekko,Bénédiction d'Ekko,fr
Gracia de Evelynn,Bénédiction d'Evelynn,fr
Gracia de Kayle,Bénédiction de Kayle,fr
Gracia de Soraka,Bénédiction de Soraka,fr
Gracia de Thresh,Bénédiction de Thresh,fr
Gracia de Varus,Bénédiction de Varus,fr
Gracia de Yasuo,Bénédiction de Yasuo,fr
Gracia de resurrección,Bénédiction de résurrection,fr
Gragas,Gragas,fr
Gran Compromiso,Typologie,fr
Grandalhão,Question de taille,fr
Grande e possente,Grandeur et démesure,fr
Graves,Graves,fr
Group Hug,Câlin collectif,fr
Groß und mächtig,Grandeur et démesure,fr
Große Wundertüte,Super sac de butin,fr
Groźniejsze Ostrza,Lames tueuses,fr
Gruboskórność Steraka,Gage de Sterak,fr
Grup Kucaklaşması,Câlin collectif,fr
Grupowy Przytulas,Câlin collectif,fr
Gruppenumarmung,Câlin collectif,fr
Gräte,Poiscaille,fr
Größe ist alles,Question de taille,fr
Guantelete Deslumbrante,Gantelet précieux,fr
Guantelete de Sterak,Gage de Sterak,fr
Guantelete del Vacío,Gantelet du Néant,fr
Guantelete enjoyado,Gantelet précieux,fr
Guantes de Combate,Gants d'entraînement,fr
Guantes de Ladrón,Gants de voleur,fr
Guantes de combate,Gants d'entraînement,fr
Guantes de la Suerte,Gants porte-bonheur,fr
Guantes de la suerte,Gants porte-bonheur,fr
Guantes de ladrón,Gants de voleur,fr
Guanti del ladro,Gants de voleur,fr
Guanti fortunati,Gants porte-bonheur,fr
Guanto del Vuoto,Gantelet du Néant,fr
Guanto ingioiellato,Gantelet précieux,fr
Guantoni,Gants d'entraînement,fr
Guardabrazo del Buscador,Protège-bras du savant,fr
Guardia de la Corona,Couronne de la reine,fr
Guardianes Gemelos,Gardiens jumeaux,fr
Guardianes gemelos,Gardiens jumeaux,fr
Guardiani gemelli,Gardiens jumeaux,fr
Guardiões Gêmeos,Gardiens jumeaux,fr
Guarida del Barón,Repaire du baron,fr
Guinsoo dühpengéje,Lame enragée de Guinsoo,fr
Guinsoo'nun Hiddeti,Lame enragée de Guinsoo,fr
Guinsoo's Rageblade,Lame enragée de Guinsoo,fr
Guinsoos Wutklinge,Lame enragée de Guinsoo,fr
Guinsoova zuřivá čepel,Lame enragée de Guinsoo,fr
Gume do Infinito,Lame d'infini,fr
Gun Goddess,Déesse des flingues,fr
Gustări dulci,Objets blindés,fr
Gwałtowny Wzrost,Croissance explosive,fr
Gwen,Gwen,fr
Gwiezdna Kombinacja,Combo stellaire,fr
Gyakorlófigura,Mannequin d'entraînement,fr
Gyanús ballonkabát,Trench-coat suspect,fr
Gyors kettős gyilkosság,Deux de moins,fr
Gyorstüzelő ágyú,Canon ultrarapide,fr
Gyári új,Flambant neuf,fr
Gyógyító gömbök I.,Orbes de soins,fr
Gói Bảo Hộ,Ravitaillement,fr
Gói Tăng Cường,Booster,fr
Gói Đăng Ký Hạng Sang,Abonnement premium,fr
Gólem,Golem,fr
Gökten Yağan Altın,Pluie d'argent,fr
Gölge Kukla,Clone des ombres,fr
Gömülü Hazineler,Trésors enfouis,fr
Göttlicher Duellant,Duelliste divine,fr
Gözyaşları Sel,Océan de larmes,fr
Gözü Yükseklerde,Expérience à tout prix,fr
Gümüşgöl Şafağı,Aube de Haut-Lac-d'Argent,fr
Günateşi Pelerini,Cape solaire,fr
Günateşi Tahtası,Plateau solaire,fr
Gürtel des Riesen,Ceinture du géant,fr
Gürtel im Überfluss,Abondance de ceintures,fr
Gürzün Dileği,Volonté de la massue,fr
Güç Kadehi,Calice de puissance,fr
Güçle İşlenmiş,Artefacts à la rescousse,fr
Güçlü Ama Kırılgan,Canon de verre,fr
Güçlü Arkadaşlık,Ami sur mesure,fr
Güçlü Şapkalar,Coiffes mortelles,fr
Găng Bảo Thạch,Gantelet précieux,fr
Găng Hư Không,Gantelet du Néant,fr
Găng Đạo Tặc,Gants de voleur,fr
Găng Đấu Sĩ,Moufles,fr
Găng Đấu Tập,Gants d'entraînement,fr
Găsește-ți centrul de putere,Centre d'excellence,fr
Gươm Biến Ảnh,Sabre spectral,fr
Gậy Quá Khổ,Baguette trop grosse,fr
Hacha de Fuego Infernal,Hachette infernale,fr
Hacha infernal,Hachette infernale,fr
Haciendo Amistades,Ami sur mesure,fr
Hadiösvény,Récompenses de guerre,fr
Hadúri dicsőség,Honneur du Maître de guerre,fr
Hai il mio arco,Mon arc est vôtre,fr
Hai odată,Butin varié,fr
Hajnalmag,Cœur de l'aube,fr
Halbleiter,Semi-conducteur,fr
Halla tu Centro,Centre d'excellence,fr
Halszálka,Poiscaille,fr
Halálosabb pengék,Lames tueuses,fr
Halálosabb süvegek,Coiffes mortelles,fr
Halálpenge,Lame funeste,fr
Hand Of Justice,Main de la justice,fr
Hand der Gerechtigkeit,Main de la justice,fr
Handelssektor,Secteur commercial,fr
Handschuhe des Diebs,Gants de voleur,fr
Hang Ổ Baron,Repaire du baron,fr
Hanger fantomatic,Sabre spectral,fr
Hard Commit,Typologie,fr
Hatalmas sorsolás,Relances épiques,fr
Hatalmas és erős,Grandeur et démesure,fr
Határtalan penge,Lame d'infini,fr
Hayat Deneyimi,Gagnant-gagnant,fr
Hayattan Bir Kesit,Crescendo aléatoire,fr
Hazine Avı,Chasse au trésor,fr
Haşmetli Hydra,Hydre titanesque,fr
Haşmetli Macera,Une aventure exaltante,fr
Healing Orbs,Orbes de soins,fr
Heart of Steel,Cœur d'acier,fr
Heavy Is the Crown,Lourde est la couronne,fr
Hecho a medida,Coup de chance,fr
Hedef Kuklası,Mannequin d'entraînement,fr
Hedefe Kilitlenen Optik,Optique de verrouillage,fr
Hedge Fund,Spéculation,fr
Heilende Echos,Échos réparateurs,fr
Heilende Kugeln,Orbes de soins,fr
Heldenhafte Wundertüte,Besace héroïque,fr
Hellfire Hatchet,Hachette infernale,fr
Hemos venido a jugar,L'amour du risque,fr
Heraldo de Zeke,Blason de Zeke,fr
Heraldo de las Tinieblas de Zeke,Blason lugubre de Zeke,fr
Heraldo desolador de Zeke,Blason lugubre de Zeke,fr
Herausforderer,Challenger,fr
Herausforderer-Emblem,Emblème de Challenger,fr
Herausforderer-Modus,Mode Challenger,fr
Herb Dynastii Promiennej Tarczy,Blason des Lightshield,fr
Herkesin Katili,Tueur impitoyable,fr
Heroic Grab Bag,Besace héroïque,fr
Heroiczna Torba z Różnościami,Besace héroïque,fr
Herold Zeke'a,Blason de Zeke,fr
Herz aus Stahl,Cœur d'acier,fr
Heul doch …,Océan de larmes,fr
Hex Dorado de Yasuo,Hexagone doré de Yasuo,fr
Hexagonul auriu al lui Yasuo,Hexagone doré de Yasuo,fr
Hextech Gunblade,Pistolame Hextech,fr
Hextech Silahkılıç,Pistolame Hextech,fr
Hextech lőpenge,Pistolame Hextech,fr
Hextech-Gunblade,Pistolame Hextech,fr
Hexágono dorado de Yasuo,Hexagone doré de Yasuo,fr
Hidra Titánica,Hydre titanesque,fr
Hidra Titânica,Hydre titanesque,fr
Hidra titanilor,Hydre titanesque,fr
Hidra titánica,Hydre titanesque,fr
Higany,Mercure,fr
High Voltage,Haute tension,fr
Hilfspaket,Ravitaillement,fr
Hirte,Berger,fr
Hirte-Emblem,Emblème de Berger,fr
Historia Powrotu do Chwały,Tentative de comeback,fr
Hivatásos bokszoló,Triomphe,fr
Hiçlik Değneği,Bâton du vide,fr
Hiçlik Eldiveni,Gantelet du Néant,fr
Hiện Thân Phản Chiếu,Personnalité miroir,fr
Hiện Thân Phản Chiếu Cỡ Nhỏ,Personnalité miroir mineure,fr
Hochspannung,Haute tension,fr
Hoja de furia de Guinsoo,Lame enragée de Guinsoo,fr
Hoja maldita,Lame maudite,fr
Hojas más letales,Lames tueuses,fr
Hold the Line,Tenir le front,fr
Holofote Compartilhado do Yasuo,Célébrité partagée de Yasuo,fr
Honor Watażki,Honneur du Maître de guerre,fr
Honor de señor de la guerra,Honneur du Maître de guerre,fr
Honor del Caudillo,Honneur du Maître de guerre,fr
Honra do Mestre da Guerra,Honneur du Maître de guerre,fr
Hordozható kohó,Forge portative,fr
Horizon Focus,Concentration lointaine,fr
Horizont,Concentration lointaine,fr
Horizontfokus,Concentration lointaine,fr
Hortlak Palası,Sabre spectral,fr
Hosszú távú befektetés,Expérience à tout prix,fr
Hrdinská dárková taška,Besace héroïque,fr
Hurdacının Lütfu,Bénédiction du Ferrailleur,fr
Hurto,Chapardage,fr
Hustler,Gredin,fr
Huy Hiệu Lightshield,Blason des Lightshield,fr
Huyết Giá,Sanguinaire,fr
Huyết Kiếm,Soif-de-sang,fr
Huyết Trượng Tha Hóa,Sceptre vampirique corrompu,fr
Huyết Tế,Offrande sanguinaire,fr
Huấn Luyện Cận Vệ,Formation de Garde du corps,fr
Hvězdná obnova,Relances étoilées,fr
Hvězdné kombo,Combo stellaire,fr
Hvězdopravec,Visionnaire,fr
Hàng Chờ Pandora,Banc de Pandore,fr
Hàng Chờ Đấu Đôi,Aléatoirement vôtre,fr
Hành Tinh,Astro-groove,fr
Hào Quang Của Ahri,Aura d'Ahri,fr
Hào Quang Nhân Vật Chính,Résistance acharnée,fr
Hármak légiója,Légion des trois,fr
Hármas kombó I.,Tiercé,fr
Hátsó vonal tervrajza,Stratégie de ligne arrière,fr
Hâkim,Juge stellaire,fr
Hâkim Amblemi,Emblème de Juge stellaire,fr
Hình Nhân,Mannequin d'entraînement,fr
Hình Nhân Hóa,Mannequinification,fr
Hình Nộm Va Chạm,Mannequins de choc,fr
Hút Sinh Lực,Vitalité vampirique,fr
Hücum Gürzü,Fléau vengeur,fr
Hükümdarın Seçimi,Béni des dieux,fr
Hırsız Eldiveni,Gants de voleur,fr
Hırsız Çetesi,Bande de voleurs,fr
Hırsız Çetesi II,Bande de voleurs II,fr
Hızlı Başlangıç,Coup d'envoi,fr
Hızlı Yükseliş,Sauter une classe,fr
Hızlı İkide İki,Deux de moins,fr
Hősies zsákbamacska,Besace héroïque,fr
Hůl Prázdnoty,Bâton du vide,fr
Hướng Đến Hồi Kết,Spécialiste des fins de partie,fr
Hưởng Ké Hào Quang Yasuo,Célébrité partagée de Yasuo,fr
Hạ Đo Ván,Tout doit disparaître,fr
Hắc Tinh,Pulsar sombre,fr
Hố Đen Tí Hon,Mini trou noir,fr
Hủy Diệt,Éradicateur,fr
Ia arcul meu,Mon arc est vôtre,fr
Idol interzis,Idole interdite,fr
Idolo proibito,Idole interdite,fr
Idra titanica,Hydre titanesque,fr
Időtörő,Brise-temps,fr
Időtörő embléma,Emblème de Brise-temps,fr
Ikerőrzők,Gardiens jumeaux,fr
Il Drago dorato,Mailles en or,fr
Il massimo con il minimo,Suppresseur doré,fr
Il potente Mech,Le Méga-mecha,fr
Illaoi,Illaoi,fr
Iluminare parțială,Ascension partielle,fr
Immer höher hinauf,Connivence,fr
Impermeabile sospetto,Trench-coat suspect,fr
Impianti cibernetici,Implants cybernétiques,fr
Impianto empatico,Implant cybernétique,fr
Implant Współczulny,Implant cybernétique,fr
Implant empatic,Implant cybernétique,fr
Implante Simpático,Implant cybernétique,fr
Implante Solidário,Implant cybernétique,fr
Implante simpático,Implant cybernétique,fr
Implantes Cibernéticos,Implants cybernétiques,fr
Implantes cibernéticos,Implants cybernétiques,fr
Implanturi cibernetice,Implants cybernétiques,fr
Implanty Cybernetyczne,Implants cybernétiques,fr
Impossível Recusar,Butin varié,fr
Improvisierte Rüstung,Armure improvisée,fr
Improwizowana Zbroja,Armure improvisée,fr
Impuesto Cognitivo,Charge cognitive,fr
Impuesto cognitivo,Charge cognitive,fr
In quattro e quattr'otto,Puissance 4,fr
Inactividad,AFK,fr
Inadaptados,Touche-à-tout,fr
Inadaptați,Touche-à-tout,fr
Inaktivitás,AFK,fr
Incantație continuă,Baguettes à gogo,fr
Indiscriminate Killer,Tueur impitoyable,fr
Indomable,L'indomptable,fr
Indomável,L'indomptable,fr
Infinity Edge,Lame d'infini,fr
Infinity Protection,Protection infinie,fr
Inicio Veloz,Coup d'envoi,fr
Inimă de oțel,Cœur d'acier,fr
Innervating Locket,Médaillon d'excitation,fr
Instinctul lui Evelynn,Instinct d'Evelynn,fr
Instinto de Evelynn,Instinct d'Evelynn,fr
Instynkt Evelynn,Instinct d'Evelynn,fr
Insígnia do Lumescudo,Blason des Lightshield,fr
Intermediar,Canalisateur,fr
Invadatorul Zed,Zed,fr
Invader Zed,Zed,fr
Invasión de Zed,Zed,fr
Invasor Zed,Zed,fr
Inversión,Investissement,fr
Invested,Investissement,fr
Investice,Investissement,fr
Investiert,Investissement,fr
Investimento,Investissement,fr
Investitura,Investissement,fr
Investiční fond,Spéculation,fr
Investiție,Investissement,fr
Inwestycja,Expérience à tout prix,fr
Início Rápido,Coup d'envoi,fr
Ionic Spark,Étincelle ionique,fr
Ionischer Funke,Étincelle ionique,fr
Ionos szikra,Étincelle ionique,fr
Iontová jiskra,Étincelle ionique,fr
Iron Assets,Entre les PO et l'enclume,fr
Isteni párbajhős,Duelliste divine,fr
Istennő könnycseppje,Larme de la déesse,fr
Istenáldotta,Béni des dieux,fr
Istinto di Evelynn,Instinct d'Evelynn,fr
Item Grab Bag,Sac de butin,fr
Itens de Pandora,Objets de Pandore,fr
Iubire nezdruncinată,Cœur intrépide,fr
Işıltılı Serseri,Vaurien de la lumière,fr
JEDU SI TO SVOJE,Obstination,fr
Ja Gram Solo,Solo Leveling,fr
Jaf,Chapardage,fr
Jaful componentelor,Composants de guerre,fr
Jakim Kosztem,Pas le choix,fr
Jax,Jax,fr
"Jeden buff, dva buffy",Buffs à gogo,fr
"Jedna, dva, tři","Un, deux, trois",fr
Jeweled Gauntlet,Gantelet précieux,fr
Jeweled Lotus,Lotus précieux,fr
Jhin,Jhin,fr
Jinx,Jinx,fr
Jogada Levemente Mágica,Dés légèrement magiques,fr
Jogada Mágica,Dés magiques,fr
Jogada de Urf,Gambit d'Urf,fr
Joia da Ruína,Joyau putréfiant,fr
Jonowa Iskra,Étincelle ionique,fr
Joya Maldita,Joyau putréfiant,fr
Joya de la plaga,Joyau putréfiant,fr
Jugadas arriesgadas,L'amour du risque,fr
Juguito de Gorrito,Jus chapi-chapo,fr
Juramento del Protector,Vœu du protecteur,fr
Juramento do Cavaleiro,Vœu du chevalier,fr
Juramento do Protetor,Vœu du protecteur,fr
Jurământul protectorului,Vœu du protecteur,fr
Just Hit,Butin varié,fr
Juwelenbesetzter Handschuh,Gantelet précieux,fr
Juwelenbesetzter Lotus,Lotus précieux,fr
Jádro obchodu,Relances régulières,fr
Jádro úsvitu,Cœur de l'aube,fr
Jó sorozat,Relances étoilées,fr
Jóbarát rendelésre,Champion en kit,fr
Jós,Oracle,fr
Jótékony visszhang,Échos réparateurs,fr
K. N. kard,BF Glaive,fr
K. V. meč,BF Glaive,fr
K.W. Miecz,BF Glaive,fr
"KEIN UMSEHEN, KEIN WECHSELN",Obstination,fr
Kaderbaz,Tisse-destin,fr
Kahraman Çekilişi,Besace héroïque,fr
Kahunahuna,Kahuna,fr
Kai'Sa,Kai'Sa,fr
Kamekameha,Kahuna,fr
Kamienna Płyta Gargulca,Lithoplastron de gargouille,fr
Kamizelka Cierniowa,Armure roncière,fr
Kamizelka Kolcza,Cotte de mailles,fr
Kampfhandschuhe,Gants d'entraînement,fr
Kan Adağı,Offrande sanguinaire,fr
Kan Bedeli,Sanguinaire,fr
Kanalisierer,Canalisateur,fr
Kanalisierermodus,Mode Canalisateur,fr
Kanasusamış,Soif-de-sang,fr
Kanciarz,Gredin,fr
Kanoucí slzy,Larmes à gogo,fr
Kapelusze Zabójcze jak Nigdy,Coiffes mortelles,fr
Karanlık Leydi,Dame sombre,fr
Kararlı Yürek,Cœur intrépide,fr
Karayel,Zéphyr,fr
Kardkovács,Armurier,fr
Kardszállítmány,Abondance de glaives,fr
Karma,Karma,fr
Kayle felmagasztosulása,Exaltation de Kayle,fr
Kayle ragyogó felmagasztosulása,Exaltation radieuse de Kayle,fr
Kayle áldása,Bénédiction de Kayle,fr
Kayle's Boon,Bénédiction de Kayle,fr
Kayle's Exaltation,Exaltation de Kayle,fr
Kayle's Radiant Exaltation,Exaltation radieuse de Kayle,fr
Kayle'ın Işıltılı Yüceliği,Exaltation radieuse de Kayle,fr
Kayle'ın Lütfu,Bénédiction de Kayle,fr
Kayle'ın Yüceliği,Exaltation de Kayle,fr
Kayles Hochgefühl,Exaltation de Kayle,fr
Kayles Segen,Bénédiction de Kayle,fr
Kayles strahlendes Hochgefühl,Exaltation radieuse de Kayle,fr
Kaylin dar,Bénédiction de Kayle,fr
Kaylino povznesení,Exaltation de Kayle,fr
Kaylino zářivé povznesení,Exaltation radieuse de Kayle,fr
Kaz Gelecek Yerden...,L'amour du risque,fr
Kedi Olalı Bir Fare,Butin funéraire,fr
Kedvez a szerencse,Vous vous sentez en veine ?,fr
Kefaret Ruhu,Esprit de la Rédemption,fr
Kelch der Macht,Calice de puissance,fr
Kemer Fazlalığı,Abondance de ceintures,fr
Kereskedelmi központ,Relances régulières,fr
Keresők karvértje,Protège-bras du savant,fr
Keskin Nişancı,Sniper,fr
Keskin Nişancı Amblemi,Emblème de Sniper,fr
Kettenweste,Cotte de mailles,fr
Keşif Gezisi,Expédition,fr
Khiên Hoàng Hôn,Égide du crépuscule,fr
Khiên Hừng Đông,Égide de l'aube,fr
Khiên Đơn Đấu,Lithoplastron solo,fr
Kho Báu Chôn Giấu,Trésors enfouis,fr
Kho Báu Sắt,Entre les PO et l'enclume,fr
Khu Giao Dịch,Secteur commercial,fr
Khuyến Mãi Kinh Nghiệm,Niveau supérieur !,fr
Khéo Tay Hay Làm,Maîtrise de l'artisanat,fr
Khảm Bảo Thạch,Lotus précieux,fr
Khế Ước Vĩnh Hằng,Pacte éternel,fr
Khổng Lồ Hóa,P'tits titans,fr
Khổng Lồ Tí Hon,Mini-Tacticien,fr
Khởi Động Nhanh,Coup d'envoi,fr
Kibernetikus fellövő,Liaison cybernétique,fr
Kibernetikus implantátumok,Implants cybernétiques,fr
Kick Start,Coup d'envoi,fr
Kickstart,Coup d'envoi,fr
"Kicsi, de halálos",Petits mais costauds,fr
Kihívó,Challenger,fr
Kihívó embléma,Emblème de Challenger,fr
Kihívó mód,Mode Challenger,fr
Kiirtó,Éradicateur,fr
Kim Long,Mailles en or,fr
Kimaxolt összeállítás,Duplication,fr
Kincsvadászat,Chasse au trésor,fr
Kindred,Kindred,fr
Kiralık Katil,Tueur à gages,fr
Kis zsákbamacska,Petit sac de butin,fr
Kiên Nhẫn Của Ekko,Patience d'Ekko,fr
Kiên Nhẫn Học Tập,Gagnant-gagnant,fr
Kiên Nhẫn Là Một Đức Tính,Jeu de patience,fr
Kişiselleştirme Fırsatı,Coup de chance,fr
Kiếm B.F.,BF Glaive,fr
Kiếm Cong,Lame maudite,fr
Kiếm Súng Hextech,Pistolame Hextech,fr
Kiếm Tai Ương,Fléau de liche,fr
Kiếm Thuật Của Yasuo,Maîtrise de l'épée de Yasuo,fr
Kiếm Tử Thần,Lames tueuses,fr
Kiếm Tử Thần,Lame funeste,fr
Klarer Geist,Lucidité,fr
Klaue des Meuchlers,Griffes du rôdeur,fr
Kleine Freunde,Choristes,fr
Kleine Wundertüte,Petit sac de butin,fr
Kleine gespiegelte Persona,Personnalité miroir mineure,fr
Kleines schwarzes Loch,Mini trou noir,fr
Klejnot Rozpadu,Joyau putréfiant,fr
Klenot nákazy,Joyau putréfiant,fr
Klinge der Unendlichkeit,Lame d'infini,fr
Klinge des Todes,Lame funeste,fr
Klonprogramm,Fabrication en série,fr
Kluftkrabbler,Carapateur,fr
Knallhart,Résistance acharnée,fr
Knight's Vow,Vœu du chevalier,fr
Kniha vlastností,Tome des emblèmes,fr
Kognitive Steuer,Charge cognitive,fr
Kognitive Überladung,Surcharge cognitive,fr
Kognitivní přetížení,Surcharge cognitive,fr
Kognitivní zátěž,Charge cognitive,fr
Kognitív teher,Charge cognitive,fr
Kognitív túlterhelés,Surcharge cognitive,fr
Kolejka Duo,Aléatoirement vôtre,fr
Koleżcy,Choristes,fr
Kolosalna Hydra,Hydre titanesque,fr
Kommandant,Commandante,fr
Kommerzkern,Relances régulières,fr
Komponentenraub,Composants de guerre,fr
Komutan,Commandante,fr
Koniec Rozumu,Au bout du rouleau,fr
Konserwator Biomaterii,Conservateur de biomatière,fr
Konto Oszczędnościowe,Compte épargne,fr
Konzervátor biomateriálu,Conservateur de biomatière,fr
Kopyalama Süreci,Fabrication en série,fr
Korai tanulságok,Leçons de combat,fr
Korbacz Napastnika,Fléau vengeur,fr
Korona Taktyka,Couronne du Tacticien,fr
Korona Zawsze Będzie Ciążyć,Lourde est la couronne,fr
Koronaőr,Couronne de la reine,fr
Koroze,Corrosion,fr
Korozja,Corrosion,fr
Korozyon,Corrosion,fr
Korrosion,Corrosion,fr
Korrózió,Corrosion,fr
Korszak,Cycle épique,fr
Koruma Eğitimi,Formation de Garde du corps,fr
Korunní stráž,Couronne de la reine,fr
Koruyucunun Müttefiki,Don du gardien,fr
Kosa Statikka,Poignard de Statikk,fr
Kosmický restart,Réinitialisation cosmique,fr
Kosmiczny Restart,Réinitialisation cosmique,fr
Kosmischer Neubeginn,Réinitialisation cosmique,fr
Kosmofaza,Astro-groove,fr
Kostur Archanioła,Bâton de l'archange,fr
Kostur Pustki,Bâton du vide,fr
Kostur Serafina,Bâton angélique,fr
Kosturnik,Fabricant de baguettes,fr
Kouzelný hod,Dés magiques,fr
Kovácsolj barátot,Ami sur mesure,fr
Kozmik Başlangıç,Réinitialisation cosmique,fr
Kozmikus újraindítás,Réinitialisation cosmique,fr
Kraken'in Öfkesi,Fureur du kraken,fr
Kraken's Fury,Fureur du kraken,fr
Krakenův hněv,Fureur du kraken,fr
Kraliyet Başlığı,Couronne de la reine,fr
Krev za krev,Sanguinaire,fr
Kriegsbeil des Höllenfeuers,Hachette infernale,fr
Kriegspfad,Récompenses de guerre,fr
Kritický úspěch,Gants à gogo,fr
Kritik Başarı,Gants à gogo,fr
Kritikus siker,Gants à gogo,fr
Kritischer Erfolg,Gants à gogo,fr
Krmení plamenů,Allumer le feu,fr
Krone des Taktikers,Couronne du Tacticien,fr
Kronwacht,Couronne de la reine,fr
Kroužková vesta,Cotte de mailles,fr
Krvavá oběť,Offrande sanguinaire,fr
Krvežíznivec,Soif-de-sang,fr
Krwiopijec,Soif-de-sang,fr
Krytyczny Sukces,Gants à gogo,fr
Księga Cech,Tome des emblèmes,fr
Kuchnia Taktyka,Cuisine du Tacticien,fr
Kukiełka Cienia,Clone des ombres,fr
Kukla Yağmuru!,Mannequins de choc,fr
Kuklaya Dönüştür,Mannequinification,fr
Kukła Treningowa,Mannequin d'entraînement,fr
Kukły do Testów Wypadkowych,Mannequins de choc,fr
Kule,La Tour,fr
Kusursuzluk Arayışı,Suppresseur doré,fr
Kutilův dar,Bénédiction du Ferrailleur,fr
Kybernetická linka,Liaison cybernétique,fr
Kybernetické implantáty,Implants cybernétiques,fr
Kybernetische Implantate,Implants cybernétiques,fr
Kybernetische Verbindung,Liaison cybernétique,fr
Kártyacsomag,Booster,fr
Kâhin,Oracle,fr
Kék erősítés,Buff bleu,fr
Kích Cỡ Là Quan Trọng,Question de taille,fr
Kính Khóa Mục Tiêu,Optique de verrouillage,fr
Kính Nhắm Ma Pháp,Concentration lointaine,fr
Könnyek patakja,Océan de larmes,fr
Könyörtelen költség,Monétisation malveillante,fr
Kötü Niyetli Kazanç,Monétisation malveillante,fr
Kötü Yazılım Matrisi,Matrice,fr
Közös gyakorlás,Mannequinification,fr
Küldetés újrakezdése,Nouveau départ,fr
Küçük Benlik Aynası,Personnalité miroir mineure,fr
Kılavuz,Berger,fr
Kılavuz Amblemi,Emblème de Berger,fr
Kılçık,Poiscaille,fr
Kılıç Fazlalığı,Abondance de glaives,fr
Kılıç İşçisi,Armurier,fr
Kırmızı Güçlendirme,Buff rouge,fr
Kısmen Büyülü Zar,Dés légèrement magiques,fr
Kısmi Yükseliş,Ascension partielle,fr
Kıymetli Metaller,Entre les PO et l'enclume,fr
Kızartma Tavası,Poêle à frire,fr
Kẻ Sống Sót,Survivant,fr
Kết Nối Drone,Liaison de drone,fr
Kết Nối Gián Đoạn,Palier 1,fr
Kề Vai Sát Cánh,Partage emblématique,fr
Kỳ Vọng Bất Ngờ,Lancer de dés,fr
Kỷ Nguyên,Cycle épique,fr
L'Albero dei tratti,Emblématiquement,fr
L'atteso inaspettato,Lancer de dés,fr
L'indomabile,L'indomptable,fr
L'onore del Signore della guerra,Honneur du Maître de guerre,fr
L'uovo dorato,Œuf d'or,fr
La Bramasangue,Soif-de-sang,fr
La Paciencia es una Virtud,Jeu de patience,fr
La Sanguinaria,Soif-de-sang,fr
La Torre,La Tour,fr
La cumpărături,Shopping intensif,fr
La espera merece la pena,Attente récompensée,fr
La fortuna te sonríe,Vous vous sentez en veine ?,fr
La legge della mazza,Volonté de la massue,fr
La paciencia es una virtud,Jeu de patience,fr
La pazienza è una virtù,Jeu de patience,fr
La torre,La Tour,fr
La trama lo protege,Résistance acharnée,fr
La unión hace la fuerza,Cours de soutien,fr
Lacrima della dea,Larme de la déesse,fr
Lacrima zeiței,Larme de la déesse,fr
Lacrimi curgătoare,Larmes à gogo,fr
Ladino,Rebelle,fr
Ladungstransfer,Transfert,fr
Lama maledetta,Lame maudite,fr
Lama mortale,Lame funeste,fr
Lame più letali,Lames tueuses,fr
Lame rotanti,Tremblelames,fr
Lancea lui Shojin,Lance de Shojin,fr
Lancia di Shojin,Lance de Shojin,fr
Lanetli Kılıç,Lame maudite,fr
Lanetli Taç,Couronne maudite,fr
Lanterna di Thresh,Lanterne de Thresh,fr
Lanterna do Thresh,Lanterne de Thresh,fr
Lanza de Shojin,Lance de Shojin,fr
Lança de Shojin,Lance de Shojin,fr
Largo plazo,Expérience à tout prix,fr
Last Whisper,Dernier souffle,fr
Lastrapietra del gargoyle,Lithoplastron de gargouille,fr
Latarnia Thresha,Lanterne de Thresh,fr
Late Game Scaling,Fin de partie,fr
Late Game Specialist,Spécialiste des fins de partie,fr
Latent Forge,Forge à retardement,fr
Latente Schmiede,Forge à retardement,fr
Le dimensioni contano,Question de taille,fr
LeBlanc,LeBlanc,fr
Lebende Schmiede,Forgeron ambulant,fr
Lecciones de Boxeo,Ligne de front,fr
Lecsapó buzogány,Fléau vengeur,fr
Leczące Echo,Échos réparateurs,fr
Leczące Kule,Orbes de soins,fr
Lecții de box,Ligne de front,fr
Leerenhandschuh,Gantelet du Néant,fr
Leerenstab,Bâton du vide,fr
Legie tří,Légion des trois,fr
Legion Trójek,Légion des trois,fr
Legion of Threes,Légion des trois,fr
Legione dei tre,Légion des trois,fr
Legiunea de trei,Légion des trois,fr
Legião de Três,Légion des trois,fr
Legión de Tres,Légion des trois,fr
Legión del tres,Légion des trois,fr
Legjobb barátok,Meilleurs amis,fr
Legământul cavalerului,Vœu du chevalier,fr
Legături ratate,Palier 1,fr
Leibwache-Training,Formation de Garde du corps,fr
Lekce v boxu,Ligne de front,fr
Lekko Magiczny Rzut,Dés légèrement magiques,fr
Lekésett csatlakozás,Palier 1,fr
Lelkek ébredése,Éveil de l'âme,fr
Lendületes kezdés,Coup d'envoi,fr
Lenyúlás,Chapardage,fr
Leo Hạng,Connivence,fr
Leona,Leona,fr
Lesser Mirrored Persona,Personnalité miroir mineure,fr
Letzter Atemzug,Dernier souffle,fr
Level Up!,Niveau supérieur !,fr
Leveleando en solitario,Solo Leveling,fr
Lezioni di pugilato,Ligne de front,fr
Leże Barona,Repaire du baron,fr
Lich Bane,Fléau de liche,fr
Lich Boğan,Fléau de liche,fr
Lichtschild-Wappen,Blason des Lightshield,fr
Lightshield Arması,Blason des Lightshield,fr
Lightshield Crest,Blason des Lightshield,fr
Limiar da Noite,Manteau de la nuit,fr
Limite da Razão,Au bout du rouleau,fr
Lineup,Première ligne,fr
Linh Hoạt,Emblématique,fr
Linh Hồn Chuộc Tội,Esprit de la Rédemption,fr
Linh Thú Vào Bếp,Cuisine du Tacticien,fr
Linie de înaltă tensiune,Haute tension,fr
Linterna de Thresh,Lanterne de Thresh,fr
Liquidación,Cleptomanie,fr
Lissandra,Lissandra,fr
Listă duo,Aléatoirement vôtre,fr
Litinová pánev,Poêle à frire,fr
Little Buddies,Choristes,fr
Living Forge,Forgeron ambulant,fr
Liên Hoàn Tinh Tú,Combo stellaire,fr
Llamada al caos,Appel du chaos,fr
Llamado al Caos,Appel du chaos,fr
Llora Todo lo que Quieras,Océan de larmes,fr
Locket of the Iron Solari,Médaillon de l'Iron Solari,fr
Longo Prazo,Expérience à tout prix,fr
Loto Adornado,Lotus précieux,fr
Loto enjoyado,Lotus précieux,fr
Loto ingioiellato,Lotus précieux,fr
Lottatore professionista,Triomphe,fr
Lotus cu nestemate,Lotus précieux,fr
Loupež základních předmětů,Composants de guerre,fr
Lov pokladů,Chasse au trésor,fr
Lovagi eskü,Vœu du chevalier,fr
Lovcův dráp,Griffes du rôdeur,fr
Luchador,Bagarreur,fr
Lucky Gloves,Gants porte-bonheur,fr
Luden vihara,Tempête de Luden,fr
Luden'in Çığlığı,Tempête de Luden,fr
Luden's Tempest,Tempête de Luden,fr
Ludenova bouře,Tempête de Luden,fr
Ludens Sturm,Tempête de Luden,fr
Luksusowa Subskrypcja,Abonnement premium,fr
Lulu,Lulu,fr
Lumina stelelor,Visionnaire,fr
Lunch Money,Le prix du sang,fr
Lunetist,Sniper,fr
Lungimiranza,Investissement sur le futur,fr
Lustrzana Osobowość,Personnalité miroir,fr
Lutador,Bagarreur,fr
Lutador Profissional,Triomphe,fr
Luvas da Sorte,Gants porte-bonheur,fr
Luvas do Ladrão,Gants de voleur,fr
Luvas do Pugilista,Gants d'entraînement,fr
Luvinhas,Moufles,fr
Luxury Subscription,Abonnement premium,fr
Luxus előfizetés,Abonnement premium,fr
Luxus-Abonnement,Abonnement premium,fr
Luxusní předplatné,Abonnement premium,fr
Lá Chắn Chiến Thuật,Bouclier du Tacticien,fr
Lábrate un camino,Glaives à gogo,fr
Lágrima da Deusa,Larme de la déesse,fr
Lágrima de la Diosa,Larme de la déesse,fr
Lágrima de la diosa,Larme de la déesse,fr
Lágrimas Abundantes,Larmes à gogo,fr
Lángoló kohó,Forgeron ambulant,fr
Lâmina Amaldiçoada,Lame maudite,fr
Lâmina Mortal,Lame funeste,fr
Lâmina da Fúria de Guinsoo,Lame enragée de Guinsoo,fr
Lâminas Fatais,Lames tueuses,fr
Lélek,Section Anima,fr
Lélek embléma,Emblème de la Section Anima,fr
Lélekparancsnok,Commandant d'Anima,fr
Léčivá oka,Orbes de soins,fr
Léčivé ozvěny,Échos réparateurs,fr
Lò Rèn Thăng Hoa,Forge divine,fr
Lò Rèn Thần Thoại,Forge portative,fr
Lò Rèn Tiềm Ẩn,Forge à retardement,fr
Lótus Adornada,Lotus précieux,fr
Lõi Bình Minh,Cœur de l'aube,fr
Lüks Aboneliği,Abonnement premium,fr
Lấy Công Bù Thủ,Canon de verre,fr
Lập Đội,Cours de soutien,fr
Lễ Vật Tái Chế,Bénédiction du Ferrailleur,fr
Lệ Lưu Ly,Larmes à gogo,fr
Lệch Chuẩn,Touche-à-tout,fr
Lồng Đèn Của Thresh,Lanterne de Thresh,fr
Lời Thề Hiệp Sĩ,Vœu du chevalier,fr
Lời Thề Hộ Vệ,Vœu du protecteur,fr
Lựa Chọn Độc Quyền,Coup de chance,fr
M.C. Spada,BF Glaive,fr
Ma Thuật Đan Kết,Mana magique,fr
Ma Trận Mã Độc,Matrice,fr
Mace's Will,Volonté de la massue,fr
Maceracının Pazubendi,Protège-bras du savant,fr
Machadinha Infernal,Hachette infernale,fr
Maestro Yi,Maître Yi,fr
Magasfeszültség,Haute tension,fr
Magasztos kaland,Une aventure exaltante,fr
Magia Tejida,Mana magique,fr
Magia entretejida,Mana magique,fr
Magiczny Rzut,Dés magiques,fr
Magie întrepătrunsă,Mana magique,fr
Magitechnická puškočepel,Pistolame Hextech,fr
Makeshift Armor,Armure improvisée,fr
Mal Kurtarma,Bac de recyclage,fr
Malandro Radiante,Vaurien de la lumière,fr
Maldición del Liche,Fléau de liche,fr
Mali Tytani,P'tits titans,fr
Malicious Monetization,Monétisation malveillante,fr
Malware Matrix,Matrice,fr
Malware-Matrix,Matrice,fr
Malwarová matice,Matrice,fr
Malá dárková taška,Petit sac de butin,fr
Malí kámoši,Choristes,fr
Manechin de antrenament,Mannequin d'entraînement,fr
Manechine animate,Mannequins de choc,fr
Manechinizare,Mannequinification,fr
Mangual del Guerrero,Fléau vengeur,fr
Mangual del guerrero,Fléau vengeur,fr
Mangual do Guerreiro,Fléau vengeur,fr
Mano de la Justicia,Main de la justice,fr
Mano de la justicia,Main de la justice,fr
Mano della giustizia,Main de la justice,fr
Manopla Adornada,Gantelet précieux,fr
Manopla do Vazio,Gantelet du Néant,fr
Mantello del Sole,Cape solaire,fr
Mantello dello stratega,Cape du Tacticien,fr
Mantello di Negatron,Manteau de Négatron,fr
Mantenerse unidos,Soutien indéfectible,fr
Mantenha a Posição,Tenir le front,fr
Manter a União,Soutien indéfectible,fr
Mantia tacticianului,Cape du Tacticien,fr
Mantie Negatron,Manteau de Négatron,fr
Mantie solară,Cape solaire,fr
Manto da Imobilidade,Linceul d'apaisement,fr
Manto de Quietud,Linceul d'apaisement,fr
Manto del Ocaso,Linceul de la congruence,fr
Mantén la Posición,Tenir le front,fr
Maokai,Maokai,fr
Maratona de Compras,Shopping intensif,fr
Marauder,Maraudeur,fr
Marauder Emblem,Emblème de Maraudeur,fr
Marchando un doble,Avènement des deux,fr
Mare și amenințătoare,Grandeur et démesure,fr
Marioneta Sombría,Clone des ombres,fr
Marioneta en las sombras,Clone des ombres,fr
"Marioneta, to jsem já",Mannequinification,fr
Marionete das Sombras,Clone des ombres,fr
Marodeur,Maraudeur,fr
Marodeur-Emblem,Emblème de Maraudeur,fr
Martalóc,Maraudeur,fr
Martalóc embléma,Emblème de Maraudeur,fr
Maruderzy,Maraudeur,fr
Master Yi,Maître Yi,fr
Masz Mój Łuk,Mon arc est vôtre,fr
Mata-Gigantes,Tueur de géants,fr
Matador de Aluguel,Tueur à gages,fr
Matrice malware,Matrice,fr
Matriz de Malware,Matrice,fr
Matriz de malware,Matrice,fr
Matryca Wirusa,Matrice,fr
Mavi Güçlendirme,Buff bleu,fr
Max Build,Duplication,fr
Maximale Ausrüstung,Duplication,fr
May the Fours Be With You,Quatre cents coups,fr
Mazzafrusto dell'Assaltatore,Fléau vengeur,fr
Mała Torba z Różnościami,Petit sac de butin,fr
"Małe, Ale Zabójcze",Petits mais costauds,fr
Mech,Mecha,fr
Mecha,Mecha,fr
Mechanický urychlovač,Accélérateur mécanique,fr
Mechanikus gyorsító,Accélérateur mécanique,fr
Mechy,Mecha,fr
Medaglione dei Solari di ferro,Médaillon de l'Iron Solari,fr
Medaglione diramante,Médaillon d'excitation,fr
Medailon stimulace,Médaillon d'excitation,fr
Medailónek železných Solari,Médaillon de l'Iron Solari,fr
Medalhão Enervante,Médaillon d'excitation,fr
Medalhão dos Solari de Ferro,Médaillon de l'Iron Solari,fr
Medalion stimulant,Médaillon d'excitation,fr
Medallón de los Solari,Médaillon de l'Iron Solari,fr
Medallón estimulante,Médaillon d'excitation,fr
Mediator,Juge stellaire,fr
Medyum,Canalisateur,fr
Medyum Modu,Mode Canalisateur,fr
Meep Cực Tốc,À toute meepesse,fr
Meeple,Meeple,fr
Meeple Emblem,Emblème de Meeple,fr
Meeple-Emblem,Emblème de Meeple,fr
Meeplo,Meeple,fr
Meepsie,Marguereep,fr
Megamecha,Le Méga-mecha,fr
Megamorfosis,Recombobulateur,fr
Megrontott vámpírjogar,Sceptre vampirique corrompu,fr
Megszálló Zed,Zed,fr
Megtorlás,Justice critique,fr
Megváltó,Rédempteur,fr
Megéri a várakozást,Attente récompensée,fr
Megújult erő,Second souffle,fr
Mejora Roja,Buff rouge,fr
Mejora azul,Buff bleu,fr
Mejora roja,Buff rouge,fr
Mejores Amigos,Meilleurs amis,fr
Mejores amiguis,Meilleurs amis,fr
Meka,Mecha,fr
Mekanik Hızlandırıcı,Accélérateur mécanique,fr
Melek Asası,Bâton angélique,fr
Melhores Amigos,Meilleurs amis,fr
Mellékhatások,Effets secondaires,fr
Mending Echoes,Échos réparateurs,fr
Mente Despejada,Lucidité,fr
Mente Saturada,Esprit encombré,fr
Mente Vazia,Lucidité,fr
Mente confusa,Esprit encombré,fr
Mente despejada,Lucidité,fr
Mente lucida,Lucidité,fr
Mente saturada,Esprit encombré,fr
Menší Zrcadlová osobnost,Personnalité miroir mineure,fr
Mercúrio,Mercure,fr
Merită așteptarea,Attente récompensée,fr
Merkezini Bul,Centre d'excellence,fr
Merodeador,Maraudeur,fr
Merész húzás,L'amour du risque,fr
Mesada,Le prix du sang,fr
Messa in moto,Coup d'envoi,fr
Mesterlövész,Sniper,fr
Mesterlövész embléma,Emblème de Sniper,fr
Meu Arco é Seu,Mon arc est vôtre,fr
Meșter de săbii,Armurier,fr
Meșter de toiege,Fabricant de baguettes,fr
Mi arco a tu servicio,Mon arc est vôtre,fr
Mici titani,P'tits titans,fr
Mici și letale,Petits mais costauds,fr
Micincik,Marguereep,fr
Micingil,Meeple,fr
Micingil Amblemi,Emblème de Meeple,fr
Miecz-Pistolet Hextech,Pistolame Hextech,fr
Miecznik,Armurier,fr
Mieczowy Przesyt,Abondance de glaives,fr
Miezul zorilor,Cœur de l'aube,fr
Migliori amici,Meilleurs amis,fr
Migoczące Ostrze,Tremblelames,fr
Milagre de Soraka,Miracle de Soraka,fr
Milagro de Soraka,Miracle de Soraka,fr
Milio,Milio,fr
Min-Max,Suppresseur doré,fr
Min-max,Suppresseur doré,fr
Mindent egyre,Butin varié,fr
Mini Black Hole,Mini trou noir,fr
Mini Buco nero,Mini trou noir,fr
Mini Czarna Dziura,Mini trou noir,fr
Mini Kara Delik,Mini trou noir,fr
Mini Titani,P'tits titans,fr
Mini fekete lyuk,Mini trou noir,fr
Mini gaură neagră,Mini trou noir,fr
Mini černá díra,Mini trou noir,fr
Miniagujero Negro,Mini trou noir,fr
Miniburaco Negro,Mini trou noir,fr
Minik Ama Ölümcül,Petits mais costauds,fr
Minik Devler,P'tits titans,fr
Minik Dostlar,Choristes,fr
Minititanes,P'tits titans,fr
Minititã,Mini-Tacticien,fr
Minte aglomerată,Esprit encombré,fr
Minte limpede,Lucidité,fr
Mip,Meeple,fr
Mipim,Marguereep,fr
Miplík,Meeple,fr
Mipo,Meeple,fr
Mippino,Marguereep,fr
Mipík,Marguereep,fr
Mira Óptica,Optique de verrouillage,fr
Miracolo di Soraka,Miracle de Soraka,fr
Miracolul Sorakăi,Miracle de Soraka,fr
Mirrored Persona,Personnalité miroir,fr
Misfits,Touche-à-tout,fr
Misiune în acțiune,Nouveau départ,fr
Miss Fortune,Miss Fortune,fr
Missed Connections,Palier 1,fr
Mistr Yi,Maître Yi,fr
Mitones,Moufles,fr
Mittens,Moufles,fr
Mniejsza Lustrzana Osobowość,Personnalité miroir mineure,fr
Mniejszy Tytan,Mini-Tacticien,fr
Mobilidade Crescente,Ascension sociale,fr
Mobilità aumentata,Ascension sociale,fr
Mocný mech,Le Méga-mecha,fr
Modalità Convogliatore,Mode Canalisateur,fr
Modalità replicante,Mode Réplicateur,fr
Modalità sfidante,Mode Challenger,fr
Modo Canalizador,Mode Canalisateur,fr
Modo Conduíte,Mode Canalisateur,fr
Modo Desafiante,Mode Challenger,fr
Modo Replicador,Mode Réplicateur,fr
Modo Retador,Mode Challenger,fr
Modo conducto,Mode Canalisateur,fr
Modo contienda,Mode Challenger,fr
Modo réplica,Mode Réplicateur,fr
Modrý buff,Buff bleu,fr
Modul de competitor,Mode Challenger,fr
Modul de intermediar,Mode Canalisateur,fr
Modul de replicator,Mode Réplicateur,fr
Monetización Maligna,Monétisation malveillante,fr
Monetización malvada,Monétisation malveillante,fr
Monetizare ostilă,Monétisation malveillante,fr
Monetização Maliciosa,Monétisation malveillante,fr
Monetizzazione infida,Monétisation malveillante,fr
Money Hungry,Avidité,fr
Money Monsoon,Pluie d'argent,fr
Monsoni sonanti,Pluie d'argent,fr
Monte um Amigo,Champion en kit,fr
Monzón Millonario,Pluie d'argent,fr
Monzón de oro,Pluie d'argent,fr
Monção Monetária,Pluie d'argent,fr
Mordekaiser,Mordekaiser,fr
Morellonomicon,Morellonomicon,fr
Morellonomicón,Morellonomicon,fr
Morellonomikon,Morellonomicon,fr
Morgana,Morgana,fr
Mortaja de la quietud,Linceul de la congruence,fr
Mosse rischiose,L'amour du risque,fr
Movimentos Arriscados,L'amour du risque,fr
Mroczna Dama,Dame sombre,fr
Mroczne Gwiazdy,Pulsar sombre,fr
Mudando de Área,Aléatoire jacta est,fr
Muffole,Moufles,fr
Muhafızın Adağı,Vœu du protecteur,fr
Muhteşem Meka,Le Méga-mecha,fr
Muson de bani,Pluie d'argent,fr
Mutări riscante,L'amour du risque,fr
Muñeco de Entrenamiento,Mannequin d'entraînement,fr
Muñecos de Prueba para Choques,Mannequins de choc,fr
Mučedníkova ctnost,Vertu du martyr,fr
Myślenie Przyszłościowe,Investissement sur le futur,fr
Mártírerény,Vertu du martyr,fr
Másolás,Fabrication en série,fr
Másoló,Réplicateur,fr
Másoló mód,Mode Réplicateur,fr
Máy Móc,Mecha,fr
Máš můj luk,Mon arc est vôtre,fr
Mâna justiției,Main de la justice,fr
Mão da Justiça,Main de la justice,fr
Mételyékkő,Joyau putréfiant,fr
Mínimo - Máximo,Suppresseur doré,fr
Mínimo/Máximo,Suppresseur doré,fr
Mírně magický hod,Dés légèrement magiques,fr
Món Quà Ngọt Ngào,Objets blindés,fr
Móng Vuốt Sterak,Gage de Sterak,fr
Móng Vuốt Ám Muội,Griffes du rôdeur,fr
Mögen die Vier mit dir sein,Quatre cents coups,fr
Mücevherli Eldiven,Gantelet précieux,fr
Mücevherli Nilüfer,Lotus précieux,fr
Müdafi,Bastion,fr
Müdafi Amblemi,Emblème de Bastion,fr
Mănușa Vidului,Gantelet du Néant,fr
Mănușa cu nestemate,Gantelet précieux,fr
Mănuși de antrenament,Gants d'entraînement,fr
Mănuși norocoase,Gants porte-bonheur,fr
Mănuși strașnice,Moufles,fr
Mănușile tâlharului,Gants de voleur,fr
Mărimea contează,Question de taille,fr
Mũ Phù Thủy Rabadon,Coiffe de Rabadon,fr
Mũ Thích Nghi,Casque adaptatif,fr
Mũ Tử Thần,Coiffes mortelles,fr
"Một Bùa, Hai Bùa",Buffs à gogo,fr
Một Hai Ba,"Un, deux, trois",fr
"Một, Hai, Năm!",Butin aléatoire,fr
Mở Lối,Glaives à gogo,fr
N.O.V.A,N.O.V.A.,fr
N.O.V.A.,N.O.V.A.,fr
N.O.V.A. Amblemi,Emblème de N.O.V.A.,fr
N.O.V.A. Emblem,Emblème de N.O.V.A.,fr
N.O.V.A. embléma,Emblème de N.O.V.A.,fr
N.O.V.A. 상징,Emblème de N.O.V.A.,fr
N.O.V.A.-Emblem,Emblème de N.O.V.A.,fr
N.O.V.A.の紋章,Emblème de N.O.V.A.,fr
N.O.V.A.徽章,Emblème de N.O.V.A.,fr
NHẮM MẮT CHƠI BỪA,Obstination,fr
NO SCOUT NO PIVOT,Obstination,fr
Na velikosti záleží,Question de taille,fr
Nach dem Himmel greifen,Jaximus,fr
Nada Się,Butin funéraire,fr
Nagy zsákbamacska,Super sac de butin,fr
Nagy ölelés I.,Câlin collectif,fr
Najdi své těžiště,Centre d'excellence,fr
Najeźdźca Zed,Zed,fr
Najlepsi Przyjaciele,Meilleurs amis,fr
Nami,Nami,fr
Nanh Nashor,Dent de Nashor,fr
Naptűz köpeny,Cape solaire,fr
Naptűz tábla,Plateau solaire,fr
Naramiennik Poszukiwacza,Protège-bras du savant,fr
Narozeninové setkání,Réunion d'anniversaire,fr
Narratív védelem,Résistance acharnée,fr
Narušitel Zed,Zed,fr
Nashor foga,Dent de Nashor,fr
Nashor's Tooth,Dent de Nashor,fr
Nashor'un Dişi,Dent de Nashor,fr
Nashors Zahn,Dent de Nashor,fr
Nashorův tesák,Dent de Nashor,fr
Nasus,Nasus,fr
Naszyjnik Żelaznych Solari,Médaillon de l'Iron Solari,fr
Nawałnica Luden,Tempête de Luden,fr
Ne Pahasına?,Pas le choix,fr
Nebenwirkungen,Effets secondaires,fr
Needlessly Large Rod,Baguette trop grosse,fr
Negatron Cloak,Manteau de Négatron,fr
Negatron Pelerini,Manteau de Négatron,fr
Negatron palást,Manteau de Négatron,fr
Negatron-Mantel,Manteau de Négatron,fr
Negatronový plášť,Manteau de Négatron,fr
Nehéz a korona,Lourde est la couronne,fr
Nejlepší přátelé,Meilleurs amis,fr
Nejtitěrnější titán,Mini-Tacticien,fr
Nekonečné zoufalství,Désespoir infini,fr
Nenasytnost,Avidité,fr
Neodvolatelná volba,Typologie,fr
Neopotřebovaný,Flambant neuf,fr
Neue Stufe!,Niveau supérieur !,fr
Neuer Rekrut,Nouvelle recrue,fr
Nevybíravý zabiják,Tueur impitoyable,fr
New Recruit,Nouvelle recrue,fr
Nezdolný,Survivant,fr
Nezdolný,L'indomptable,fr
Nezlomné srdce,Cœur intrépide,fr
Neînduplecare,L'indomptable,fr
Nghĩ Về Tương Lai,Investissement sur le futur,fr
Người Bạn Vàng,Achat 3 étoiles,fr
Người Đá,Golem,fr
Ngọn Giáo Shojin,Lance de Shojin,fr
Ngọn Gió Thứ Hai,Second souffle,fr
Nhà Máy Tái Chế,Bac de recyclage,fr
Nhân Bản,Réplicateur,fr
Nhân Bản,Fabrication en série,fr
Nhất Thống,Soutien indéfectible,fr
Nhỏ Mà Có Võ,Petits mais costauds,fr
Những Người Bạn Nhỏ,Choristes,fr
Nicht nachlassen,Tenir le front,fr
Niebieskie Wzmocnienie,Buff bleu,fr
Niech Czwórki Będą z Tobą,Quatre cents coups,fr
Nieprzerwane Przywołanie,Baguettes à gogo,fr
Nieskończona Rozpacz,Désespoir infini,fr
Niezłomne Serce,Cœur intrépide,fr
Niezłomność,L'indomptable,fr
Niveles en solitario,Solo Leveling,fr
Nivelul următor!,Niveau supérieur !,fr
Ničitel času,Brise-temps,fr
Nişancı Yayı,Arc courbe,fr
No nos Separamos,Partage emblématique,fr
Non proprio inutile,Butin funéraire,fr
Nos mantenemos unidos,Partage emblématique,fr
Notfallbögen,Arcs à gogo,fr
Nouzová,Au bout du rouleau,fr
Novo Nível!,Niveau supérieur !,fr
Novo Recruta,Nouvelle recrue,fr
Novo de Fábrica,Flambant neuf,fr
Nová úroveň!,Niveau supérieur !,fr
Nový rekrut,Nouvelle recrue,fr
Nowy Rekrut,Nouvelle recrue,fr
Nucleo dell'alba,Cœur de l'aube,fr
Nuevecito,Flambant neuf,fr
Nuevo Recluta,Nouvelle recrue,fr
Nuevo de Fábrica,Flambant neuf,fr
Nuevo recluta,Nouvelle recrue,fr
Nunu & Willump,Nunu et Willump,fr
Nunu a Willump,Nunu et Willump,fr
Nunu e Willump,Nunu et Willump,fr
Nunu i Willump,Nunu et Willump,fr
Nunu ve Willump,Nunu et Willump,fr
Nunu y Willump,Nunu et Willump,fr
Nunu és Willump,Nunu et Willump,fr
Nunu și Willump,Nunu et Willump,fr
Nuova recluta,Nouvelle recrue,fr
Nuovo di zecca,Flambant neuf,fr
NÃO PIVOTO,Obstination,fr
NÉ ESPLORATORE NÉ STRATEGA,Obstination,fr
Nájemný zabiják,Tueur à gages,fr
Nákupní horečka,Shopping intensif,fr
Nálož atributů!,Stats à foison !,fr
Nástup,Première ligne,fr
Nâng Tầm Uy Lực,Optimisation optimisée,fr
Négységben az erő,Puissance 4,fr
Núcleo Comercial,Relances régulières,fr
Núcleo comercial,Relances régulières,fr
Núcleo de Negócios,Relances régulières,fr
Născut înțelept,Par ici l'XP,fr
Nước Cappa,Jus chapi-chapo,fr
Nước Mắt Nữ Thần,Larme de la déesse,fr
Nước Đi Liều Lĩnh,L'amour du risque,fr
Nếm Mùi Lửa,Allumer le feu,fr
Nỏ Sét,Étincelle ionique,fr
O Big Bang,Big Bang,fr
O Ovo Dourado,Œuf d'or,fr
O aventură triumfătoare,Une aventure exaltante,fr
Obchodní sektor,Secteur commercial,fr
Obiectele Pandorei,Objets de Pandore,fr
Objetivización de práctica,Mannequinification,fr
Objetivo de práctica,Mannequin d'entraînement,fr
Objetos de Pandora,Objets de Pandore,fr
Oblicze Ducha,Visage spirituel,fr
Obracečka,Spatule,fr
Obrońca Korony,Couronne de la reine,fr
Obrońcy,Initiateur,fr
Obrův opasek,Ceinture du géant,fr
Obserwatorzy Gwiazd,Visionnaire,fr
Obsesia lui Varus,Obsession de Varus,fr
Obsesión de Varus,Obsession de Varus,fr
Obsesja Varusa,Obsession de Varus,fr
Obsessão de Varus,Obsession de Varus,fr
Obstinación,Obstination,fr
Obumarły Relikt,Relique flétrie,fr
Obyczajówka,Crescendo aléatoire,fr
Ocalały,Survivant,fr
Ocağı Harla,Forge à retardement,fr
Ochrana nekonečna,Protection infinie,fr
Ochranný val,Pavois,fr
Ochrona Nieskończoności,Protection infinie,fr
Ochráncův slib,Vœu du protecteur,fr
Ociosidade,AFK,fr
Oczekiwane Nieoczekiwanie,Lancer de dés,fr
Odaklı Ateş,Feu concentré,fr
Odkupiciel,Rédempteur,fr
Odkupienie,Justice critique,fr
Odnajdź Równowagę,Centre d'excellence,fr
Odolná dvojka,Tanks jumeaux,fr
Odpadlík,Rebelle,fr
Odplata,Justice critique,fr
Odražení ode dna,Tentative de comeback,fr
Odrzutki,Touche-à-tout,fr
Odstřelovač,Sniper,fr
Odświeżanie na Zapas,Jour de relance,fr
Oferenda de Sangue,Offrande sanguinaire,fr
Ofiara z Krwi,Offrande sanguinaire,fr
Ofrandă de sânge,Offrande sanguinaire,fr
Ofrenda de Sangre,Offrande sanguinaire,fr
Ofrenda de sangre,Offrande sanguinaire,fr
Oggetti di Pandora,Objets de Pandore,fr
Ognista Armata,Canon ultrarapide,fr
Ohnivý výprodej,Cleptomanie,fr
Okos költekezés,Dépense réfléchie,fr
On a Roll,Relances étoilées,fr
Onda Espacial,Astro-groove,fr
Onda espacial,Astro-groove,fr
"One Buff, Two Buff",Buffs à gogo,fr
One Two Three,"Un, deux, trois",fr
"One, Two, Five!",Butin aléatoire,fr
Onoarea războinicului,Honneur du Maître de guerre,fr
Opatrovníkův spojenec,Don du gardien,fr
Oprýskaná relikvie,Relique flétrie,fr
Optică de fixare a țintei,Optique de verrouillage,fr
Optyka Namierzająca,Optique de verrouillage,fr
Optymalnie,Suppresseur doré,fr
Opóźniona Kuźnia,Forge à retardement,fr
Oracle,Oracle,fr
Oracol,Oracle,fr
Oracolo,Oracle,fr
Orakel,Oracle,fr
Orbes Curativos,Orbes de soins,fr
Orbes curativos,Orbes de soins,fr
Orbes de curación,Orbes de soins,fr
Ornn,Ornn,fr
Oráculo,Oracle,fr
Osiłki,Bagarreur,fr
Ossessione di Varus,Obsession de Varus,fr
Ostatni Szept,Dernier souffle,fr
Ostnatá vesta,Armure roncière,fr
Ostoja,Pavois,fr
Ostrze Gniewu Guinsoo,Lame enragée de Guinsoo,fr
Ostrze Nieskończoności,Lame d'infini,fr
Ostrze Nocy,Manteau de la nuit,fr
Ostrze Śmierci,Lame funeste,fr
Ostří nekonečna,Lame d'infini,fr
Otimização,Suppresseur doré,fr
Otisk duše,Visage spirituel,fr
Ottica a puntamento assistito,Optique de verrouillage,fr
Oul de aur,Œuf d'or,fr
Očekávaná neočekávanost,Lancer de dés,fr
Oštěp Šódžinu,Lance de Shojin,fr
Oțel aurit,Acier doré,fr
Pacchetto di aiuti,Ravitaillement,fr
Pachet de amplificare,Booster,fr
Pachet de îngrijire,Ravitaillement,fr
Paciencia de Ekko,Patience d'Ekko,fr
Paciência de Ekko,Patience d'Ekko,fr
Pacote de Reforço,Booster,fr
Pacote de Suprimentos,Ravitaillement,fr
Pact etern,Pacte éternel,fr
Pacto Eterno,Pacte éternel,fr
Pacto eterno,Pacte éternel,fr
Paczka Wsparcia,Ravitaillement,fr
Padella,Poêle à frire,fr
Paff!,Bonk !,fr
Palčáky,Moufles,fr
Panca di Pandora,Banc de Pandore,fr
Panda de ladrones,Bande de voleurs,fr
Panda de ladrones II,Bande de voleurs II,fr
Pandora kispadja,Banc de Pandore,fr
Pandora tárgyai II.,Objets de Pandore,fr
Pandora'nın Eşyaları,Objets de Pandore,fr
Pandora'nın Yedekleri,Banc de Pandore,fr
Pandora's Bench,Banc de Pandore,fr
Pandora's Items,Objets de Pandore,fr
Pandoras Bank,Banc de Pandore,fr
Pandoras Gegenstände,Objets de Pandore,fr
Pandořina střídačka,Banc de Pandore,fr
Pandořiny předměty,Objets de Pandore,fr
Pantheon,Pantheon,fr
Panzerwalküre,Déesse des flingues,fr
Paquete de Cuidados,Ravitaillement,fr
Paquete de Mejora,Booster,fr
Paquete de mejora,Booster,fr
Parabraccia del cercatore,Protège-bras du savant,fr
Paragöz,Avidité,fr
Parancsnok,Commandante,fr
Parceria,Cours de soutien,fr
Pariu de aur,Pile ou face,fr
Pariu pe viitor,Expérience à tout prix,fr
Pariul lui Urf,Gambit d'Urf,fr
Parlakpul Özü,Essence des Luminécailles,fr
Parti Patisi,Bête de scène,fr
Partial Ascension,Ascension partielle,fr
Partiállat,Bête de scène,fr
Party Animal,Bête de scène,fr
Partytiger,Bête de scène,fr
Pas Giganta,Ceinture du géant,fr
Pasowy Przesyt,Abondance de ceintures,fr
Pasterze,Berger,fr
Pastor,Berger,fr
Pastore,Berger,fr
Pastýř,Berger,fr
Patelnia,Poêle à frire,fr
Patience is a Virtue,Jeu de patience,fr
Patient Study,Gagnant-gagnant,fr
Patientenstudie,Gagnant-gagnant,fr
Patru de partea ta,Quatre cents coups,fr
Patto eterno,Pacte éternel,fr
Pazienza di Ekko,Patience d'Ekko,fr
Pařmen,Bête de scène,fr
Pe val,Relances étoilées,fr
Pedeapsă,Justice critique,fr
Pegno di Sterak,Gage de Sterak,fr
Pegno di sangue,Sanguinaire,fr
Peleador,Bagarreur,fr
Peleryna Taktyka,Cape du Tacticien,fr
Pensamiento progresista,Investissement sur le futur,fr
Pensando no Futuro,Investissement sur le futur,fr
Pensar a Futuro,Investissement sur le futur,fr
Peníze na oběd,Le prix du sang,fr
"Pequenas, Mas Letais",Petits mais costauds,fr
Pequenos Titãs,P'tits titans,fr
Pequeño Titán,Mini-Tacticien,fr
Pequeño pero mortífero,Petits mais costauds,fr
Pequeños pero matones,Petits mais costauds,fr
Perdición del liche,Fléau de liche,fr
Perdite calcolate,Défaite planifiée,fr
Perdição de Lich,Fléau de liche,fr
Pergamino ligeramente mágico,Dés légèrement magiques,fr
Pergamino mágico,Dés magiques,fr
Persona Espelhada,Personnalité miroir,fr
Persona Espelhada Inferior,Personnalité miroir mineure,fr
Persona en Espejo,Personnalité miroir,fr
Persona en Espejo menor,Personnalité miroir mineure,fr
Personalitate în oglindă,Personnalité miroir,fr
Personalitate în oglindă minoră,Personnalité miroir mineure,fr
Personalità speculare,Personnalité miroir,fr
Personalità speculare minore,Personnalité miroir mineure,fr
Personalización exclusiva,Coup de chance,fr
Personalizare exclusivă,Coup de chance,fr
Personalização Exclusiva,Coup de chance,fr
Personalizzazione esclusiva,Coup de chance,fr
Perszónatükör,Personnalité miroir,fr
Pesada es la Corona,Lourde est la couronne,fr
Pesada é a Coroa,Lourde est la couronne,fr
Pesante è la corona,Lourde est la couronne,fr
Pescando cumplidos,Patience,fr
Pesimist,Désespoir,fr
Pestjuwel,Joyau putréfiant,fr
Pestrá sebranka,Touche-à-tout,fr
Petrecăreț,Bête de scène,fr
Pevná linie,Tenir le front,fr
Pevné opasky,Abondance de ceintures,fr
Pečlivé ladění,Suppresseur doré,fr
Pfannenwender,Spatule,fr
Phi Vụ Trang Bị,Composants de guerre,fr
Phong Kiếm,Zéphyr,fr
Pháo Xương Cá,Poiscaille,fr
Phân Nhánh,Aléatoire jacta est,fr
Phép Màu Của Soraka,Miracle de Soraka,fr
Phóng Hỏa,Plateau solaire,fr
Phản Ứng Phụ,Effets secondaires,fr
"Piccole, ma letali",Petits mais costauds,fr
Piccoli alleati,Choristes,fr
Piekielny Toporek,Hachette infernale,fr
Pieniążki na Obiad,Le prix du sang,fr
Pierdere calculată,Défaite planifiée,fr
Pilfer,Chapardage,fr
Pillín radiante,Vaurien de la lumière,fr
Pioggia di statistiche!,Stats à foison !,fr
Pistola Laminar Hextec,Pistolame Hextech,fr
Pistola a lame hextech,Pistolame Hextech,fr
Pisztolyistennő,Déesse des flingues,fr
Placa Gargolítica,Lithoplastron de gargouille,fr
Placa Solo,Lithoplastron solo,fr
Plan de viitor,Investissement sur le futur,fr
Plancia del Sole,Plateau solaire,fr
Planlı Mağlubiyet,Défaite planifiée,fr
Plano de Línea Trasera,Stratégie de ligne arrière,fr
Plano de retaguardia,Stratégie de ligne arrière,fr
Platoșa garguiului,Lithoplastron de gargouille,fr
Platoșă unică,Lithoplastron solo,fr
Plecat de la tastatură,AFK,fr
Plemienna Zbroja,Armure de Warmog,fr
Plocha slunečního žáru,Plateau solaire,fr
Plot Armor,Résistance acharnée,fr
Plán pro zadní řadu,Stratégie de ligne arrière,fr
Plášť slunečního žáru,Cape solaire,fr
Po Prostu Traf,Butin varié,fr
Pocalul puterii,Calice de puissance,fr
Podatek Poznawczy,Charge cognitive,fr
Podejrzany Płaszcz,Trench-coat suspect,fr
Poder Aprimorado,Optimisation optimisée,fr
Poder Mejorado,Optimisation optimisée,fr
Poder mejorado,Optimisation optimisée,fr
Poderoso Mech,Le Méga-mecha,fr
Podezřelý pršiplášť,Trench-coat suspect,fr
Podpůrný implantát,Implant cybernétique,fr
Podróżnicy,Voyageur,fr
Podstawy Boksu,Ligne de front,fr
Podsycenie Płomieni,Allumer le feu,fr
Podwójna Wytrzymałość,Tanks jumeaux,fr
Podziel Się Uwagą Yasuo,Célébrité partagée de Yasuo,fr
Pofuduk Eldiven,Moufles,fr
Pogromca Olbrzymów,Tueur de géants,fr
Pohodový život,Crescendo aléatoire,fr
Pohár moci,Calice de puissance,fr
Pojemnik na Złom,Bac de recyclage,fr
Pokoli csatabárd,Hachette infernale,fr
Pokročilá půjčka,Prêt anticipé,fr
Polovodič,Semi-conducteur,fr
Polowanie na Skarb,Chasse au trésor,fr
Poppy,Poppy,fr
Porcelanowe Działo,Canon de verre,fr
Pornire rapidă,Coup d'envoi,fr
Porque yo lo valgo,Butin funéraire,fr
Portable Forge,Forge portative,fr
Portal Zz'Rot,Portail de Zz'Rot,fr
Portal Zz'rot,Portail de Zz'Rot,fr
Portal de Zz'Rot,Portail de Zz'Rot,fr
Portale Zz'Rot,Portail de Zz'Rot,fr
Portál Zz'Rotu,Portail de Zz'Rot,fr
Posición defensiva,Tenir le front,fr
Posilovací balíček,Booster,fr
Poslední zašeptání,Dernier souffle,fr
Postav si kámoše,Champion en kit,fr
Posępny Herold Zeke'a,Blason lugubre de Zeke,fr
Potere dell'Impianto,Optimisation optimisée,fr
Potok slz,Océan de larmes,fr
Potężny Mech,Le Méga-mecha,fr
Poutník,Voyageur,fr
Povara coroanei,Lourde est la couronne,fr
Povestea revenirii,Tentative de comeback,fr
Pozlacená ocel,Acier doré,fr
Poznawcze Przeciążenie,Surcharge cognitive,fr
Poznaș radiant,Vaurien de la lumière,fr
Pozłacana Stal,Acier doré,fr
Požehnaný bohy,Béni des dieux,fr
Prapůvodní,Primordien,fr
Precio Sangriento,Sanguinaire,fr
Precio sangriento,Sanguinaire,fr
Precisión infalible,Concentration lointaine,fr
Predone,Maraudeur,fr
Preiskämpfer,Triomphe,fr
Presente de Aniversário,Cadeau d'anniversaire,fr
Preservador de Biomateria,Conservateur de biomatière,fr
Preservador de Biomatéria,Conservateur de biomatière,fr
Preservador de biomateria,Conservateur de biomatière,fr
Pretendenci,Challenger,fr
Prevalere,Sauter une classe,fr
Prezent Urodzinowy,Cadeau d'anniversaire,fr
Preço em Sangue,Sanguinaire,fr
Prețul sângelui,Sanguinaire,fr
Prieteni micuți,Choristes,fr
Primeras Lecciones,Leçons de combat,fr
Primi insegnamenti,Leçons de combat,fr
Primordia'lı,Primordien,fr
Primordia'lı Amblemi,Emblème de Primordien,fr
Primordiai,Primordien,fr
Primordiai embléma,Emblème de Primordien,fr
Primordian,Primordien,fr
Primordian Emblem,Emblème de Primordien,fr
Primordianer,Primordien,fr
Primordianer-Emblem,Emblème de Primordien,fr
Primordianie,Primordien,fr
Primordiano,Primordien,fr
Prismatic Ticket,Ticket prismatique,fr
Prismatisches Ticket,Ticket prismatique,fr
Prizefighter,Triomphe,fr
Prizmatik Bilet,Ticket prismatique,fr
Proaspăt fabricat,Flambant neuf,fr
Probuzení duše,Éveil de l'âme,fr
Progresión en el juego tardío,Fin de partie,fr
Progresión final,Fin de partie,fr
Projeto da Retaguarda,Stratégie de ligne arrière,fr
Prokletá koruna,Couronne maudite,fr
Prokleté ostří,Lame maudite,fr
Promesa de caballero,Vœu du chevalier,fr
Promesa del Caballero,Vœu du chevalier,fr
Promesa del protector,Vœu du protecteur,fr
Promoção de Cintos,Abondance de ceintures,fr
Promoção de Espadas,Abondance de glaives,fr
Promoção de Varinhas,Abondance de baguettes,fr
Promyšlená prohra,Défaite planifiée,fr
Prosekání cesty,Glaives à gogo,fr
Prostředník,Canalisateur,fr
Protagonista Nigdy Nie Umiera,Résistance acharnée,fr
Protección del Infinito,Protection infinie,fr
Protección en solitario,Lithoplastron solo,fr
Protección infinita,Protection infinie,fr
Protector pétreo de gárgola,Lithoplastron de gargouille,fr
Protector's Vow,Vœu du protecteur,fr
Protecția infinitului,Protection infinie,fr
Protecție universală,Résistance acharnée,fr
Protezione di trama,Résistance acharnée,fr
Protezione infinita,Protection infinie,fr
Proteção Imutável,Linceul de la congruence,fr
Proteção do Infinito,Protection infinie,fr
Provisiones,Ravitaillement,fr
Provizorní zbroj,Armure improvisée,fr
Prowler's Claw,Griffes du rôdeur,fr
Prozíravost,Investissement sur le futur,fr
Pryzmatyczny Bilet,Ticket prismatique,fr
Przebudzenie Duszy,Éveil de l'âme,fr
Przedmioty Pandory,Objets de Pandore,fr
Przekaźnik,Canalisateur,fr
Przeklęta Korona,Couronne maudite,fr
Przeklęte Ostrze,Lame maudite,fr
Przeniesienie Ładunku,Transfert,fr
Przenośna Kuźnia,Forge portative,fr
Przodownicy Składu,Première ligne,fr
Przysięga Rycerska,Vœu du chevalier,fr
Préstamo Anticipado,Prêt anticipé,fr
Préstamo avanzado,Prêt anticipé,fr
Prędkość Meepa,À toute meepesse,fr
Psionic,Psionique,fr
Psionic Emblem,Emblème de Psionique,fr
Psionico,Psionique,fr
Psioniczni,Psionique,fr
Psionik,Psionique,fr
Psionik Amblemi,Emblème de Psionique,fr
Psionisch,Psionique,fr
Psionisch-Emblem,Emblème de Psionique,fr
Psiónico,Psionique,fr
Psiônico,Psionique,fr
Pszionikus,Psionique,fr
Pszionikus embléma,Emblème de Psionique,fr
Puchar Potęgi,Calice de puissance,fr
Pugnale di Statikk,Poignard de Statikk,fr
Punguța lui Urf,Besace d'Urf,fr
Punguță cu obiecte surpriză,Sac de butin,fr
Punguță eroică,Besace héroïque,fr
Punguță mare,Super sac de butin,fr
Punguță mică,Petit sac de butin,fr
Puppifizierung,Mannequinification,fr
Putere augmentată,Optimisation optimisée,fr
"Puternic, dar fragil",Canon de verre,fr
Puñal de Statikk,Poignard de Statikk,fr
Pușcă cu baionetă hextech,Pistolame Hextech,fr
Pyke,Pyke,fr
Pálcaszállítmány,Abondance de baguettes,fr
Páros várólista,Aléatoirement vôtre,fr
Pásztor,Berger,fr
Pásztor embléma,Emblème de Berger,fr
Pénzes persely,Compte épargne,fr
Pénzmonszun,Pluie d'argent,fr
Pénzéhes,Avidité,fr
Pérdida Calculada,Défaite planifiée,fr
Pérdida calculada,Défaite planifiée,fr
Pícaro,Rebelle,fr
Półprzewodnik,Semi-conducteur,fr
Pălăria malefică a lui Rabadon,Coiffe de Rabadon,fr
Pălării mai letale,Coiffes mortelles,fr
Păpușa din umbră,Clone des ombres,fr
Păstor,Berger,fr
Pěstnice Prázdnoty,Gantelet du Néant,fr
Płaszcz Negacji,Manteau de Négatron,fr
Płynące Łzy,Larmes à gogo,fr
Přebytek holí,Abondance de baguettes,fr
Přebytek mečů,Abondance de glaives,fr
Předplacená služba,Abonnement,fr
Předvoj,Initiateur,fr
Přelom noci,Manteau de la nuit,fr
Přenos náboje,Transfert,fr
Přenosná kovárna,Forge portative,fr
Přizpůsobivá přilba,Casque adaptatif,fr
Přízračná šavle,Sabre spectral,fr
Quang Lân Tiểu Yêu,Vaurien de la lumière,fr
Quay Trúng Thưởng,Dés légèrement magiques,fr
Que los Cuatros te Acompañen,Quatre cents coups,fr
Que los cuatros te acompañen,Quatre cents coups,fr
Que os Quatros Estejam com Você,Quatre cents coups,fr
Quecksilber,Mercure,fr
Quem Espera Sempre Alcança,Jeu de patience,fr
Quicksilver,Mercure,fr
Quyền Năng Khổng Lồ,Détermination du titan,fr
Quyền Trượng Thiên Thần,Bâton de l'archange,fr
Quyền Trượng Thánh Quang,Vertu du martyr,fr
Quà Sinh Nhật,Cadeau d'anniversaire,fr
Quá Tải Tư Duy,Surcharge cognitive,fr
Quân Đoàn 3 Sao,Légion des trois,fr
Quỷ Thư Morello,Morellonomicon,fr
Quỹ Phòng Hộ,Spéculation,fr
Rabadon halálsüvege,Coiffe de Rabadon,fr
Rabadon's Deathcap,Coiffe de Rabadon,fr
Rabadon'un Şapkası,Coiffe de Rabadon,fr
Rabadons Todeshaube,Coiffe de Rabadon,fr
Rabadonův smrtící klobouk,Coiffe de Rabadon,fr
Raccolta differenziata,Bac de recyclage,fr
Radiant Rascal,Vaurien de la lumière,fr
Radici diffuse,Enracinement,fr
Raffinierte Herstellung,Maîtrise de l'artisanat,fr
Rakeťák,Poiscaille,fr
Ramificación,Aléatoire jacta est,fr
Ramificare,Aléatoire jacta est,fr
Ramię w Ramię,Partage emblématique,fr
Rammus,Rammus,fr
Rapid Firecannon,Canon ultrarapide,fr
Rappresaglia,Justice critique,fr
Rasga-tempo,Brise-temps,fr
Raufbold,Bagarreur,fr
Raufbold-Emblem,Emblème de Bagarreur,fr
"Raz, Dwa, Pięć!",Butin aléatoire,fr
"Raz, Dwa, Trzy","Un, deux, trois",fr
"Raz, dva, pět!",Butin aléatoire,fr
Raíces Propagadoras,Enracinement,fr
Raíces expansivas,Enracinement,fr
Raízes Alastradas,Enracinement,fr
Rdzeń Handlu,Relances régulières,fr
Rdzeń Świtu,Cœur de l'aube,fr
Reach for the Stars,Jaximus,fr
Rebel,Rebelle,fr
Recombobulador,Recombobulateur,fr
Recombobulator,Recombobulateur,fr
Recomeçar Missão,Nouveau départ,fr
Recomeço Cósmico,Réinitialisation cosmique,fr
Recrut nou,Nouvelle recrue,fr
Recursos de Ferro,Entre les PO et l'enclume,fr
Recursos de Hierro,Entre les PO et l'enclume,fr
Recursos de hierro,Entre les PO et l'enclume,fr
Recurve Bow,Arc courbe,fr
Recyclingtonne,Bac de recyclage,fr
Recyklátor,Bac de recyclage,fr
Red Buff,Buff rouge,fr
Redeemer,Rédempteur,fr
Redentor,Rédempteur,fr
Redentora,Rédempteur,fr
Redentore,Rédempteur,fr
Reducere fulger,Cleptomanie,fr
Reflexní luk,Arc courbe,fr
Reflexíj,Arc courbe,fr
Regalo de cumpleaños,Cadeau d'anniversaire,fr
Regalo di compleanno,Cadeau d'anniversaire,fr
Regiaguardia,Couronne de la reine,fr
ReinFOURcement,Puissance 4,fr
Reiniciar Misión,Nouveau départ,fr
Reinicio Cósmico,Réinitialisation cosmique,fr
Reinicio cósmico,Réinitialisation cosmique,fr
Reinicio de misión,Nouveau départ,fr
Rek'Sai,Rek'Sai,fr
Rekombinator,Recombobulateur,fr
Rekombobulator,Recombobulateur,fr
Rekombobulátor,Recombobulateur,fr
Rekursivbogen,Arc courbe,fr
Relato de un regreso,Tentative de comeback,fr
Relicario Enervante,Médaillon d'excitation,fr
Relicario de los Solari de Hierro,Médaillon de l'Iron Solari,fr
Relicva ofilită,Relique flétrie,fr
Reliquia Marchita,Relique flétrie,fr
Reliquia appassita,Relique flétrie,fr
Reliquia marchita,Relique flétrie,fr
Relíquia Definhada,Relique flétrie,fr
Rendelkezz az íjammal,Mon arc est vôtre,fr
Replica,Fabrication en série,fr
Replicador,Réplicateur,fr
Replicante,Réplicateur,fr
Replication,Fabrication en série,fr
Replicator,Réplicateur,fr
Replicator Mode,Mode Réplicateur,fr
Replicação,Fabrication en série,fr
Replikace,Fabrication en série,fr
Replikacja,Fabrication en série,fr
Replikacı,Réplicateur,fr
Replikacı Modu,Mode Réplicateur,fr
Replikator,Réplicateur,fr
Replikator-Modus,Mode Réplicateur,fr
Replikatorzy,Réplicateur,fr
Replikační režim,Mode Réplicateur,fr
Replikátor,Réplicateur,fr
Repornire cosmică,Réinitialisation cosmique,fr
Reproducere,Fabrication en série,fr
Rerroleo Épico,Relances épiques,fr
Reserva de Pandora,Banc de Pandore,fr
Resolución titánica,Détermination du titan,fr
Restart Misji,Nouveau départ,fr
Restart Mission,Nouveau départ,fr
Restartování mise,Nouveau départ,fr
Restiamo uniti,Partage emblématique,fr
Retador,Challenger,fr
Retribución,Justice critique,fr
Retribution,Justice critique,fr
Reuniune aniversară,Réunion d'anniversaire,fr
Reunión cumpleañera,Réunion d'anniversaire,fr
Reunión de Cumpleaños,Réunion d'anniversaire,fr
Reviravolta,Tentative de comeback,fr
Rezistența din prima linie,Tenir le front,fr
Reîncărcare relativ magică,Dés légèrement magiques,fr
Reîncărcări epice,Relances épiques,fr
Reîncărcări la grămadă,Jour de relance,fr
Režim Prostředník,Mode Canalisateur,fr
Rhaast,Rhaast,fr
Riavvia missione,Nouveau départ,fr
Riavvio cosmico,Réinitialisation cosmique,fr
Ribalta condivisa di Yasuo,Célébrité partagée de Yasuo,fr
Richiamo al caos,Appel du chaos,fr
Ricombussolatore,Recombobulateur,fr
Riesenschlächter,Tueur de géants,fr
Riesenschwert,BF Glaive,fr
Rift Scuttler,Carapateur,fr
Risikofonds,Spéculation,fr
Riskante Aktionen,L'amour du risque,fr
Riskantní tah,L'amour du risque,fr
Risky Moves,L'amour du risque,fr
Risorse ferrose,Entre les PO et l'enclume,fr
Risveglio dell'anima,Éveil de l'âme,fr
Ritmo Spaziale,Astro-groove,fr
Ritrovo di compleanno,Réunion d'anniversaire,fr
Ritterschwur,Vœu du chevalier,fr
Riven,Riven,fr
Robbanásszerű fejlődés,Croissance explosive,fr
Robo de componentes,Composants de guerre,fr
Robot,Le Méga-mecha,fr
Robotul Mecha impunător,Le Méga-mecha,fr
Rogue,Rebelle,fr
Rogue Emblem,Emblème de Rebelle,fr
Rolling For Days,Jour de relance,fr
Rolling for Days,Jour de relance,fr
Rolo Compressor,Relances étoilées,fr
Rompetiempo,Brise-temps,fr
Rostro espiritual,Visage spirituel,fr
Roter Buff,Buff rouge,fr
Roubo de Componentes,Composants de guerre,fr
Rouška nehybnosti,Linceul d'apaisement,fr
Rozgałęzienie,Aléatoire jacta est,fr
Rozmiar Ma Znaczenie,Question de taille,fr
Rozruch,Coup d'envoi,fr
Rozrůstání kořenů,Enracinement,fr
Rozsądne Wydatki,Dépense réfléchie,fr
Rozvětvení,Aléatoire jacta est,fr
Rtuť,Mercure,fr
Ruf des Chaos,Appel du chaos,fr
Rufián Radiante,Vaurien de la lumière,fr
Rugalmas,Emblématique,fr
Ruh Gömleği,Visage spirituel,fr
Ruh Uyanışı,Éveil de l'âme,fr
Ruka spravedlnosti,Main de la justice,fr
Rukavice pro štěstí,Gants porte-bonheur,fr
Rváč,Bagarreur,fr
Rybeńka,Poiscaille,fr
Rychlopalné ohnivé dělo,Canon ultrarapide,fr
Rychlý dvojzářez,Deux de moins,fr
Rychlý start,Coup d'envoi,fr
Rytířský slib,Vœu du chevalier,fr
Ryzykowne Posunięcia,L'amour du risque,fr
Rzeka Łez,Océan de larmes,fr
Réplica,Fabrication en série,fr
Részleges Felemelkedés,Ascension partielle,fr
Rìu Hỏa Ngục,Hachette infernale,fr
Rìu Đại Mãng Xà,Hydre titanesque,fr
Río de lágrimas,Larmes à gogo,fr
Różdżkowy Przesyt,Abondance de baguettes,fr
Rögtönzött páncél,Armure improvisée,fr
Răbdarea e o virtute,Jeu de patience,fr
Răbdarea lui Ekko,Patience d'Ekko,fr
Rădăcini răspândite,Enracinement,fr
Rămânem împreună,Partage emblématique,fr
Răsăritul din Silvermere,Aube de Haut-Lac-d'Argent,fr
Ręka Sprawiedliwości,Main de la justice,fr
Rękawica Pustki,Gantelet du Néant,fr
Rękawice Sparingowe,Gants d'entraînement,fr
Rękawice Złodzieja,Gants de voleur,fr
Rękawiczki,Moufles,fr
Rồng Đẻ Trứng Vàng,Œuf d'or,fr
SZILÁRD ELTÖKÉLTSÉG,Obstination,fr
Saber Gastar,Dépense réfléchie,fr
Sabia blestemată,Lame maudite,fr
Sabia forței brute,BF Glaive,fr
Sabia infinitului,Lame d'infini,fr
Sabia morții,Lame funeste,fr
Sabia sângeroasă,Soif-de-sang,fr
Sable Espectral,Sabre spectral,fr
Sable espectral,Sabre spectral,fr
Sable-pistola hextech,Pistolame Hextech,fr
Sablepistola Hextech,Pistolame Hextech,fr
Sabır Erdemdir,Jeu de patience,fr
Saco de Brindes,Sac de butin,fr
Saco de Brindes Heroico,Besace héroïque,fr
Saco de Brindes Pequeno,Petit sac de butin,fr
Saco de Brindes Recheado,Super sac de butin,fr
Saco de Brindes do Urf,Besace d'Urf,fr
Sacrificio cruento,Offrande sanguinaire,fr
Sadakat,Typologie,fr
Safları Koru,Tenir le front,fr
Saklı Gerçek,Kahuna,fr
Saldi imperdibili,Cleptomanie,fr
Saldão,Cleptomanie,fr
Salvage Bin,Bac de recyclage,fr
Salvator,Rédempteur,fr
Samira,Samira,fr
Sanguinaria,Soif-de-sang,fr
Saqueador,Maraudeur,fr
Sartén,Poêle à frire,fr
Saum der Nacht,Manteau de la nuit,fr
Savaş Yolu,Récompenses de guerre,fr
Savings Account,Compte épargne,fr
Scalata verso il successo,Connivence,fr
Scegli tratto,Choisissez un type,fr
Sceptru vampiric corupt,Sceptre vampirique corrompu,fr
Sceptrul Vidului,Bâton du vide,fr
Sceptrul serafimului,Bâton angélique,fr
Scettro dell'arcangelo,Bâton de l'archange,fr
Scettro serafino,Bâton angélique,fr
Scettro vampirico corrotto,Sceptre vampirique corrompu,fr
Scharfschütze,Sniper,fr
Scharfschütze-Emblem,Emblème de Sniper,fr
Schattenpuppe,Clone des ombres,fr
Schatzjagd,Chasse au trésor,fr
Schema della retroguardia,Stratégie de ligne arrière,fr
Schemat Tylnej Formacji,Stratégie de ligne arrière,fr
Schiantare,Tout doit disparaître,fr
Schicksalsweber,Tisse-destin,fr
Schild des Taktikers,Bouclier du Tacticien,fr
Schiță pentru linia din spate,Stratégie de ligne arrière,fr
Schlag zu,Tout doit disparaître,fr
Schlussverkauf,Cleptomanie,fr
Schmiede einen Freund,Ami sur mesure,fr
Schnellfeuer-Geschütz,Canon ultrarapide,fr
Schurke,Rebelle,fr
Schurken-Emblem,Emblème de Rebelle,fr
Schutz der Unendlichkeit,Protection infinie,fr
Schwer ist die Krone,Lourde est la couronne,fr
Schwertschmied,Armurier,fr
Schwertüberfluss,Abondance de glaives,fr
Schwur des Beschützers,Vœu du protecteur,fr
Schüre das Feuer,Allumer le feu,fr
Sciabola spettrale,Sabre spectral,fr
Scintilla ionica,Étincelle ionique,fr
Scommessa dorata,Pile ou face,fr
Scommessa rischiosa,Typologie,fr
Scudo dello stratega,Bouclier du Tacticien,fr
Scutul amurgului,Égide du crépuscule,fr
Scutul tacticianului,Bouclier du Tacticien,fr
Scutul zorilor,Égide de l'aube,fr
Scânteie ionică,Étincelle ionique,fr
Sdílená zbroj,Résistance acharnée,fr
Sebevražední panáci,Mannequins de choc,fr
Second Wind,Second souffle,fr
Secondo fiato,Second souffle,fr
Sector comercial,Secteur commercial,fr
Sector de Intercambio,Secteur commercial,fr
Sectorul comercial,Secteur commercial,fr
Secure din focul iadului,Hachette infernale,fr
Sed de dinero,Avidité,fr
Sede de Riqueza,Avidité,fr
Sedenta por Sangue,Soif-de-sang,fr
Seeker's Armguard,Protège-bras du savant,fr
Seelenerwachen,Éveil de l'âme,fr
Segen der Wiederbelebung,Bénédiction de résurrection,fr
Segundo Aire,Second souffle,fr
Sehraný tým,Cours de soutien,fr
Sekera pekelného ohně,Hachette infernale,fr
Sektor Wymiany,Secteur commercial,fr
Selbstständig machen,Aléatoire jacta est,fr
Semblante Espiritual,Visage spirituel,fr
Semiconductor,Semi-conducteur,fr
Semicondutor,Semi-conducteur,fr
Semiconduttore,Semi-conducteur,fr
Sendero de Guerra,Récompenses de guerre,fr
Sendero de guerra,Récompenses de guerre,fr
Sentencia,Juge stellaire,fr
Sentenciador,Juge stellaire,fr
Sentiero di guerra,Récompenses de guerre,fr
Serafínova hůl,Bâton angélique,fr
Seraphim's Staff,Bâton angélique,fr
Serbest Yatırım Fonu,Spéculation,fr
Serce ze Stali,Cœur d'acier,fr
Serpenyő,Poêle à frire,fr
Serve para Algo,Butin funéraire,fr
Servicio de Suscripción,Abonnement,fr
Servicio de suscripción,Abonnement,fr
Servizio ad abbonamento,Abonnement,fr
Serviço de Assinatura,Abonnement,fr
Setor de Troca,Secteur commercial,fr
Settore dello scambio,Secteur commercial,fr
Seviye Atla!,Niveau supérieur !,fr
Seyyah,Voyageur,fr
Seyyah Amblemi,Emblème de Voyageur,fr
Sfere curative,Orbes de soins,fr
Sfere vindecătoare,Orbes de soins,fr
Sfidante,Challenger,fr
Sfârșitul rațiunii,Au bout du rouleau,fr
Shadow Puppet,Clone des ombres,fr
Shen,Shen,fr
Shepherd,Berger,fr
Shepherd Emblem,Emblème de Berger,fr
Shimmerscale Essence,Essence des Luminécailles,fr
Shojin lándzsája,Lance de Shojin,fr
Shojin'in Mızrağı,Lance de Shojin,fr
Shopping Spree,Shopping intensif,fr
Shopping scatenato,Shopping intensif,fr
Shroud of Stillness,Linceul d'apaisement,fr
Sibernetik Aktarım,Liaison cybernétique,fr
Sibernetik İmplant,Implants cybernétiques,fr
Sicario,Tueur à gages,fr
Side Effects,Effets secondaires,fr
Siegeszug,Sauter une classe,fr
Signora Oscura,Dame sombre,fr
Silberlöffel,Par ici l'XP,fr
Silver Spoon,Par ici l'XP,fr
Silvermere Dawn,Aube de Haut-Lac-d'Argent,fr
Sinal de Sterak,Gage de Sterak,fr
Sinh Nhật Đoàn Tụ,Réunion d'anniversaire,fr
Sinir İmplantı,Implant cybernétique,fr
Sinsi,Rebelle,fr
Sinsi Amblemi,Emblème de Rebelle,fr
Sinsi Pençe,Griffes du rôdeur,fr
Siper,Pavois,fr
Size Matters,Question de taille,fr
Siêu Linh,Psionique,fr
Siêu Thú,Section Anima,fr
Siêu Vũ Trụ,Big Bang,fr
Siêu Xẻng,Spatule,fr
Sięganie ku Gwiazdom,Jaximus,fr
Skalierung im späten Spiel,Fin de partie,fr
Skalowanie w Późnej Fazie Gry,Fin de partie,fr
Skleněné dělo,Canon de verre,fr
Skok po Składniki,Composants de guerre,fr
Skupienie Horyzontalne,Concentration lointaine,fr
Skupiony Ogień,Feu concentré,fr
Slammin',Tout doit disparaître,fr
Slaďounké dobroty,Objets blindés,fr
Slice of Life,Crescendo aléatoire,fr
Slightly Magic Roll,Dés légèrement magiques,fr
Slza bohyně,Larme de la déesse,fr
Small Grab Bag,Petit sac de butin,fr
Smoczy Szpon,Griffe de dragon,fr
Snajperzy,Sniper,fr
Sniper,Sniper,fr
Sniper Emblem,Emblème de Sniper,fr
Sobrecarga Cognitiva,Surcharge cognitive,fr
Sobrecarga cognitiva,Surcharge cognitive,fr
Sobrecarga de Varas,Abondance de baguettes,fr
Sobrecarga de cinturones,Abondance de ceintures,fr
Sobrecarga de espadas,Abondance de glaives,fr
Sobrecarga de varitas,Abondance de baguettes,fr
Sobretudo Suspeito,Trench-coat suspect,fr
Sobrevivente,Survivant,fr
Sobreviviente,Survivant,fr
Sodronyozott mellény,Cotte de mailles,fr
Sojusznik Opiekuna,Don du gardien,fr
Sok Cappa,Jus chapi-chapo,fr
Soldi per il pranzo,Le prix du sang,fr
Solo Leveling,Solo Leveling,fr
Solo Plate,Lithoplastron solo,fr
Solo Pétreo,Lithoplastron solo,fr
Solo-Leveling,Solo Leveling,fr
Solo-Steinpanzer,Lithoplastron solo,fr
Solowa Płyta,Lithoplastron solo,fr
Solul dezolant al lui Zeke,Blason lugubre de Zeke,fr
Solul lui Zeke,Blason de Zeke,fr
Solzi sclipitori,Essence des Luminécailles,fr
Sombrero Mortífero de Rabadon,Coiffe de Rabadon,fr
Sombrero mortal de Rabadon,Coiffe de Rabadon,fr
Sombreros Más Letales,Coiffes mortelles,fr
Sombreros más mortales,Coiffes mortelles,fr
Son Fısıltı,Dernier souffle,fr
Sona,Sona,fr
Sona Kalanlar,Survivant,fr
Song Sát Tốc Hành,Deux de moins,fr
Song Vệ,Gardiens jumeaux,fr
Song Đấu,Duelliste divine,fr
Sonnenfeuer-Brett,Plateau solaire,fr
Sonnenfeuer-Umhang,Cape solaire,fr
Sonsuz Büyü,Baguettes à gogo,fr
Sonsuz Karanlık,Pulsar sombre,fr
Sonsuz Karanlık Amblemi,Emblème de Pulsar sombre,fr
Sonsuz Çaresizlik,Désespoir infini,fr
Sopa Fazlalığı,Abondance de baguettes,fr
Sopa İşçisi,Fabricant de baguettes,fr
Soraka csodatétele,Miracle de Soraka,fr
Soraka áldása,Bénédiction de Soraka,fr
Soraka'nın Lütfu,Bénédiction de Soraka,fr
Soraka'nın Mucizesi,Miracle de Soraka,fr
Soraka's Boon,Bénédiction de Soraka,fr
Soraka's Miracle,Miracle de Soraka,fr
Sorakas Segen,Bénédiction de Soraka,fr
Sorakas Wunder,Miracle de Soraka,fr
Soračin dar,Bénédiction de Soraka,fr
Soračin zázrak,Miracle de Soraka,fr
Sorsszövő,Tisse-destin,fr
Sorte em Alta,Vous vous sentez en veine ?,fr
Sorvadt ereklye,Relique flétrie,fr
Soubojový režim,Mode Challenger,fr
Soudce,Juge stellaire,fr
Soul Awakening,Éveil de l'âme,fr
Soustředěná palba,Feu concentré,fr
Soustředěný horizont,Concentration lointaine,fr
Souvislé sesílání,Baguettes à gogo,fr
Sovraccarico cognitivo,Surcharge cognitive,fr
Spaccato di vita,Crescendo aléatoire,fr
Space Groove,Astro-groove,fr
Space Groove Emblem,Emblème d'Astro-groove,fr
Spaczony Wampiryczny Kostur,Sceptre vampirique corrompu,fr
Spada furiei lui Guinsoo,Lame enragée de Guinsoo,fr
Sparkonto,Compte épargne,fr
Sparring Gloves,Gants d'entraînement,fr
Spasitel,Rédempteur,fr
Spatola,Spatule,fr
Spatula,Spatule,fr
Spatulă,Spatule,fr
Spear of Shojin,Lance de Shojin,fr
Specialista del finale,Spécialiste des fins de partie,fr
Specialista na závěrečnou fázi,Spécialiste des fins de partie,fr
Specialistul sfârșitului jocului,Spécialiste des fins de partie,fr
Specjalista od Końcówki,Spécialiste des fins de partie,fr
Specjalistyczny Hełm,Casque adaptatif,fr
Spectral Cutlass,Sabre spectral,fr
Spedizione,Expédition,fr
Speedy Double Kill,Deux de moins,fr
Speer von Shojin,Lance de Shojin,fr
Spektrales Entermesser,Sabre spectral,fr
Spektrum jegy,Ticket prismatique,fr
Spektrální vstupenka,Ticket prismatique,fr
Speranza perduta,Au bout du rouleau,fr
Spesa oculata,Dépense réfléchie,fr
Spezzatempo,Brise-temps,fr
Spirit Visage,Visage spirituel,fr
Spirit of Redemption,Esprit de la Rédemption,fr
Spirito di redenzione,Esprit de la Rédemption,fr
Spiritul izbăvirii,Esprit de la Rédemption,fr
Splétaná magie,Mana magique,fr
Splétač osudu,Tisse-destin,fr
Společné objetí,Câlin collectif,fr
Spořicí účet,Compte épargne,fr
Spreading Roots,Enracinement,fr
Srdce z oceli,Cœur d'acier,fr
Stab des Erzengels,Bâton de l'archange,fr
Stabschmied,Fabricant de baguettes,fr
Stabüberfluss,Abondance de baguettes,fr
Staffsmith,Fabricant de baguettes,fr
Stand United,Soutien indéfectible,fr
Stargazer,Visionnaire,fr
Stargazer Emblem,Emblème de Visionnaire,fr
Statikk Hançer,Poignard de Statikk,fr
Statikk Shiv,Poignard de Statikk,fr
Statikk töltőpengéje,Poignard de Statikk,fr
Statikkova kudla,Poignard de Statikk,fr
Statikks Stich,Poignard de Statikk,fr
Stavebnice společníků,Achat 3 étoiles,fr
Stea întunecată,Pulsar sombre,fr
Steadfast Heart,Cœur intrépide,fr
Steinpanzer des Wasserspeiers,Lithoplastron de gargouille,fr
Stella Oscura,Pulsar sombre,fr
Stellar Combo,Combo stellaire,fr
Stemma di Lightshield,Blason des Lightshield,fr
Stemmaguarda,Couronne de la reine,fr
Sterak kihívása,Gage de Sterak,fr
Sterak's Gage,Gage de Sterak,fr
Sterak'ın Güvencesi,Gage de Sterak,fr
Sterakova zástava,Gage de Sterak,fr
Steraks Pegel,Gage de Sterak,fr
Sterndeuter,Visionnaire,fr
Sterndeuter-Emblem,Emblème de Visionnaire,fr
Sternen-Kombo,Combo stellaire,fr
Sternenvernichter,Pulsar sombre,fr
Sternenvernichter-Emblem,Emblème de Pulsar sombre,fr
Stibitzen,Chapardage,fr
Stopařčin chránič,Protège-bras du savant,fr
Storia di una rimonta,Tentative de comeback,fr
Strahlender Halunke,Vaurien de la lumière,fr
Strateji Ustası Kalkanı,Bouclier du Tacticien,fr
Strateji Ustası Pelerini,Cape du Tacticien,fr
Strateji Ustası Tacı,Couronne du Tacticien,fr
Strateji Ustasının Mutfağı,Cuisine du Tacticien,fr
Striker's Flail,Fléau vengeur,fr
Strom vlastností,Emblématiquement,fr
Strážná dvojice,Gardiens jumeaux,fr
Studio paziente,Gagnant-gagnant,fr
Studiu diligent,Gagnant-gagnant,fr
Stwórz Sobie Kumpla,Champion en kit,fr
Stwórz Towarzysza,Achat 3 étoiles,fr
Stínová loutka,Clone des ombres,fr
Stürmerflegel,Fléau vengeur,fr
Stříbrná lžička,Par ici l'XP,fr
Stůjme při sobě,Soutien indéfectible,fr
Su tutti i fronti,Aléatoire jacta est,fr
Su verso il cielo,Jaximus,fr
Subscription Service,Abonnement,fr
Subskrypcja,Abonnement,fr
Suc Cappa,Jus chapi-chapo,fr
Succes critic,Gants à gogo,fr
Successo critico,Gants à gogo,fr
Succo Cappa,Jus chapi-chapo,fr
Sucesso Crítico,Gants à gogo,fr
Suco de Chapéu,Jus chapi-chapo,fr
Sugárzó csirkefogó,Vaurien de la lumière,fr
Suhanó sutyerák,Carapateur,fr
Sunfire Board,Plateau solaire,fr
Sunfire Cape,Cape solaire,fr
Superstite,Survivant,fr
Superviviente,Survivant,fr
Supraviețuitor,Survivant,fr
Supraîncărcare cognitivă,Surcharge cognitive,fr
Surpriză nesurprinzătoare,Lancer de dés,fr
Survivor,Survivant,fr
Suscripción de Lujo,Abonnement premium,fr
Suscripción de lujo,Abonnement premium,fr
Suspicious Trench Coat,Trench-coat suspect,fr
Sussurro fatale,Dernier souffle,fr
Sute de atribute!,Stats à foison !,fr
Sweet Treats,Objets blindés,fr
Sword Overflow,Abondance de glaives,fr
Swordsmith,Armurier,fr
Sympathetic Implant,Implant cybernétique,fr
Szaleństwo Zakupów,Shopping intensif,fr
Szczęśliwe Rękawice,Gants porte-bonheur,fr
Szellemarc,Visage spirituel,fr
Szerencsés kesztyű,Gants porte-bonheur,fr
Szermierka Yasuo,Maîtrise de l'épée de Yasuo,fr
Szerteágazó gyökerek,Enracinement,fr
Szeráf pálcája,Bâton angélique,fr
Szimpatikus implantátum,Implant cybernétique,fr
Szintlépés!,Niveau supérieur !,fr
Szpatułka,Spatule,fr
Szpon Ciemnego Typa,Griffes du rôdeur,fr
Szunnyadó kohó,Forge à retardement,fr
Szybkie Dwa Trupy,Deux de moins,fr
Száműzöttek I.,Exilés,fr
Szélhámos,Gredin,fr
Szólójátékos,Solo Leveling,fr
Születésnapi ajándék,Cadeau d'anniversaire,fr
Születésnapi találkozó,Réunion d'anniversaire,fr
Sách Chọn Ấn,Tome des emblèmes,fr
Sárkánykarom,Griffe de dragon,fr
Sát Thủ Khát Máu,Tueur impitoyable,fr
Sát Thủ Đánh Thuê,Tueur à gages,fr
Sét Cao Thế,Haute tension,fr
Síla artefaktů,Artefacts à la rescousse,fr
Sólový plát,Lithoplastron solo,fr
Sólový postup,Solo Leveling,fr
Sötét csillag,Pulsar sombre,fr
Sötét csillag embléma,Emblème de Pulsar sombre,fr
Sötét hölgy,Dame sombre,fr
Sükûnet Örtüsü,Linceul d'apaisement,fr
Süper Hızlı Micin,À toute meepesse,fr
Sürgünler,Exilés,fr
Süße Leckereien,Objets blindés,fr
Săbii fără număr,Abondance de glaives,fr
Săbii mai letale,Lames tueuses,fr
Săn Kho Báu,Chasse au trésor,fr
Słodkie Przysmaki,Objets blindés,fr
Słoneczna Peleryna,Cape solaire,fr
Słoneczna Płyta,Plateau solaire,fr
Sơ Đồ Tuyến Sau,Stratégie de ligne arrière,fr
Số 4 Hoàn Hảo,Quatre cents coups,fr
Sống Vội,Gredin,fr
TEK Kılıcı,BF Glaive,fr
Tabla solară,Plateau solaire,fr
Tablero de Fuego Solar,Plateau solaire,fr
Tablero de fuego solar,Plateau solaire,fr
Tabuleiro de Fogo Solar,Plateau solaire,fr
Tactician's Cape,Cape du Tacticien,fr
Tactician's Crown,Couronne du Tacticien,fr
Tactician's Kitchen,Cuisine du Tacticien,fr
Tactician's Shield,Bouclier du Tacticien,fr
Tahm Kench,Tahm Kench,fr
Taina întunericului,Manteau de la nuit,fr
Taktikerküche,Cuisine du Tacticien,fr
Taktikova koruna,Couronne du Tacticien,fr
Taktikova kuchyně,Cuisine du Tacticien,fr
Taktikus köpenye,Cape du Tacticien,fr
Taktikus pajzsa,Bouclier du Tacticien,fr
Taktikusok konyhája,Cuisine du Tacticien,fr
Taktikův plášť,Cape du Tacticien,fr
Taktikův štít,Bouclier du Tacticien,fr
Takviye Paketi,Booster,fr
Takım Çalışması,Cours de soutien,fr
Talisman Of Ascension,Talisman de l'ascension,fr
Talismano dell'ascensione,Talisman de l'ascension,fr
Talismanul ascensiunii,Talisman de l'ascension,fr
Talismán de Ascensión,Talisman de l'ascension,fr
Talismã da Ascensão,Talisman de l'ascension,fr
Talizman Wstąpienia,Talisman de l'ascension,fr
Talon,Talon,fr
Találd meg önmagad,Centre d'excellence,fr
Tam Donanımlı,Achat 3 étoiles,fr
Tam Teşekküllü,Champion en kit,fr
Tana del Barone,Repaire du baron,fr
Tancuri la xerox,Tanks jumeaux,fr
Tandemová fronta,Aléatoirement vôtre,fr
Tanque em Dobro,Tanks jumeaux,fr
Tanrıça'nın Gözyaşı,Larme de la déesse,fr
Tanışma Toplantısı,Palier 1,fr
Tarcza Taktyka,Bouclier du Tacticien,fr
Tare ca fierul,Entre les PO et l'enclume,fr
Target-Lock Optics,Optique de verrouillage,fr
Tartalékíjak,Arcs à gogo,fr
Tartsd a frontot,Tenir le front,fr
Tatlı Atıştırmalıklar,Objets blindés,fr
Taxa Cognitiva,Charge cognitive,fr
Taxe cognitive,Charge cognitive,fr
Taze Kan,Nouvelle recrue,fr
Taşınabilir Ocak,Forge portative,fr
Te simți norocos,Vous vous sentez en veine ?,fr
Team Building,Esprit d'équipe,fr
Team building,Esprit d'équipe,fr
Teambildung,Esprit d'équipe,fr
Teambuilding,Esprit d'équipe,fr
Teaming Up,Cours de soutien,fr
Tear of the Goddess,Larme de la déesse,fr
Tecelã do Destino,Tisse-destin,fr
Tecendo Magia,Mana magique,fr
Teemo,Teemo,fr
Teilaufstieg,Ascension partielle,fr
Tejedestinos,Tisse-destin,fr
Tekrar Dene,Nouveau départ,fr
Tela magica,Mana magique,fr
Temná hvězda,Pulsar sombre,fr
Temná paní,Dame sombre,fr
Tempesta di Luden,Tempête de Luden,fr
Tempestad de Luden,Tempête de Luden,fr
Tenete la posizione,Tenir le front,fr
Ter-Meep-nale Geschwindigkeit,À toute meepesse,fr
Termeepnal Velocity,À toute meepesse,fr
Termipnální rychlost,À toute meepesse,fr
Terquedad,Obstination,fr
Terrore dei lich,Fléau de liche,fr
Tesori sepolti,Trésors enfouis,fr
Tesoros Enterrados,Trésors enfouis,fr
Tesoros enterrados,Trésors enfouis,fr
Tesouros Enterrados,Trésors enfouis,fr
Tessifato,Tisse-destin,fr
Testőrképzés,Formation de Garde du corps,fr
Tetro araldo di Zeke,Blason lugubre de Zeke,fr
Tezbıçak,Tremblelames,fr
Thanh Lý Toàn Bộ,Cleptomanie,fr
Thanh Âm Chữa Lành,Échos réparateurs,fr
The Big Bang,Big Bang,fr
The Golden Dragon,Mailles en or,fr
The Golden Egg,Œuf d'or,fr
The Indomitable,L'indomptable,fr
The Mighty Mech,Le Méga-mecha,fr
The Tower,La Tour,fr
The Trait Tree,Emblématiquement,fr
Thief's Gloves,Gants de voleur,fr
Thresh lámpása,Lanterne de Thresh,fr
Thresh áldása,Bénédiction de Thresh,fr
Thresh'in Feneri,Lanterne de Thresh,fr
Thresh'in Lütfu,Bénédiction de Thresh,fr
Thresh's Boon,Bénédiction de Thresh,fr
Thresh's Lantern,Lanterne de Thresh,fr
Threshova lucerna,Lanterne de Thresh,fr
Threshs Laterne,Lanterne de Thresh,fr
Threshs Segen,Bénédiction de Thresh,fr
Threshův dar,Bénédiction de Thresh,fr
Thua Có Tính Toán,Défaite planifiée,fr
Thuế Nhận Thức,Charge cognitive,fr
Thách Đấu,Challenger,fr
Thép Mạ Vàng,Acier doré,fr
Thích Mở Rộng,Expérience à tout prix,fr
Thông Thoáng,Lucidité,fr
Thông Đạo Zz'rot,Portail de Zz'Rot,fr
Thú Tượng Thạch Giáp,Lithoplastron de gargouille,fr
Thăng Hoa,Ascension,fr
Thăng Hoa Của Kayle,Exaltation de Kayle,fr
Thăng Hoa Rực Rỡ Của Kayle,Exaltation radieuse de Kayle,fr
Thăng Tiến Cuối Trận,Fin de partie,fr
Thần Ban Phước,Béni des dieux,fr
Thần Phán,Juge stellaire,fr
Thịnh Nộ Thủy Quái,Fureur du kraken,fr
Thời Không,Brise-temps,fr
Thợ Rèn Gậy,Fabricant de baguettes,fr
Thợ Rèn Kiếm,Armurier,fr
Thợ Săn Vũ Trụ,Chasseur galactique,fr
Thức Tỉnh Linh Hồn,Éveil de l'âme,fr
Ti senti fortunato?,Vous vous sentez en veine ?,fr
Ticaret Bölgesi,Secteur commercial,fr
Ticaretin Özü,Relances régulières,fr
Tigaia de aur,Poêle à frire,fr
Tiltott bálvány,Idole interdite,fr
Timebreaker,Brise-temps,fr
Timebreaker Emblem,Emblème de Brise-temps,fr
Tinh Linh Chuông,Meeple,fr
Tinh Túy Kim Long,Essence des Luminécailles,fr
Tiniest Titan,Mini-Tacticien,fr
Tiny Titans,P'tits titans,fr
"Tiny, but Deadly",Petits mais costauds,fr
Tirada Ligeramente Mágica,Dés légèrement magiques,fr
Tirada Mágica,Dés magiques,fr
Tiro lievemente magico,Dés légèrement magiques,fr
Tiro porque me toca,Jour de relance,fr
Tiszta elme,Lucidité,fr
Titan micuț,Mini-Tacticien,fr
Titan's Resolve,Détermination du titan,fr
Titanes Diminutos,P'tits titans,fr
Titanic Hydra,Hydre titanesque,fr
Titanische Hydra,Hydre titanesque,fr
Titano minuscolo,Mini-Tacticien,fr
Titanın Azmi,Détermination du titan,fr
Titánhidra,Hydre titanesque,fr
Titánská hydra,Hydre titanesque,fr
Titánské odhodlání,Détermination du titan,fr
Tiên Phong,Initiateur,fr
Tiên Tri,Oracle,fr
Tiêu Dùng Thông Minh,Dépense réfléchie,fr
Tiếp Tế Trang Bị,Sac de butin,fr
Tiền Tuyến Vững Chãi,Première ligne,fr
Tiền Vệ Trung Tâm,Centre d'excellence,fr
Tiền Ăn Trưa,Le prix du sang,fr
Tiệc Tùng,Bête de scène,fr
Tkacze Losu,Tisse-destin,fr
Tkanie Czarów,Mana magique,fr
Tlupa zlodějů,Bande de voleurs,fr
Tlupa zlodějů II,Bande de voleurs II,fr
To Lớn & Mạnh Mẽ,Grandeur et démesure,fr
Todo para mí,Butin varié,fr
Toiag uriaș,Baguette trop grosse,fr
Toiagul arhanghelului,Bâton de l'archange,fr
Toiege fără număr,Abondance de baguettes,fr
Tolvajkesztyű,Gants de voleur,fr
Tolvajok bandája,Bande de voleurs,fr
Tolvajok bandája II,Bande de voleurs II,fr
Tome of Trait,Tome des emblèmes,fr
Tome of Traits,Tome des emblèmes,fr
Tomo das Características,Tome des emblèmes,fr
Tomo de Rasgos,Tome des emblèmes,fr
Tomo de atributos,Tome des emblèmes,fr
Tomo dei tratti,Tome des emblèmes,fr
Tomul caracteristicilor,Tome des emblèmes,fr
Toneladas de Atributos!,Stats à foison !,fr
Tonlarca Nitelik!,Stats à foison !,fr
Tonnenweise Werte!,Stats à foison !,fr
Tonnányi statisztika!,Stats à foison !,fr
Tons of Stats!,Stats à foison !,fr
Tony Statystyk!,Stats à foison !,fr
Torba z Przedmiotami,Sac de butin,fr
Torba z Przedmiotami Urfa,Besace d'Urf,fr
Tormenta de Luden,Tempête de Luden,fr
Tot sunt buni la ceva,Butin funéraire,fr
Toàn Thắng,Sauter une classe,fr
Toán Cướp,Maraudeur,fr
Trabajo en Equipo,Esprit d'équipe,fr
Trabalho em Equipe,Esprit d'équipe,fr
Trade Sector,Secteur commercial,fr
Tragbare Schmiede,Forge portative,fr
Training Dummy,Mannequin d'entraînement,fr
Trang Bị Pandora,Objets de Pandore,fr
Transfer de încărcare,Transfert,fr
Transferencia de Carga,Transfert,fr
Transferencia de carga,Transfert,fr
Transferência de Carga,Transfert,fr
Transformação em Boneco,Mannequinification,fr
Trasferimento carica,Transfert,fr
Treasure Hunt,Chasse au trésor,fr
Treinamento de Guarda-costas,Formation de Garde du corps,fr
Trenci suspect,Trench-coat suspect,fr
Trening Ochroniarza,Formation de Garde du corps,fr
Trepador Social,Ascension sociale,fr
Trezirea sufletului,Éveil de l'âme,fr
Tributo cognitivo,Charge cognitive,fr
Trifecta,Tiercé,fr
Trinca,Tiercé,fr
Triplete,Tiercé,fr
Tripletta,Tiercé,fr
Triplu avantaj,Tiercé,fr
Triệu Gọi Hỗn Mang,Appel du chaos,fr
Triệu Hồi Bất Tận,Baguettes à gogo,fr
Troca Sem Fim,Jour de relance,fr
Trojice,Tiercé,fr
Trova il tuo centro,Centre d'excellence,fr
Trpělivost je ctnost,Jeu de patience,fr
Trpělivé studium,Gagnant-gagnant,fr
Truffatore,Gredin,fr
Trung Tâm Thương Mại,Relances régulières,fr
Tryb Pretendenta,Mode Challenger,fr
Tryb Przekaźnika,Mode Canalisateur,fr
Tryb Replikatora,Mode Réplicateur,fr
Trzask-Prask,Tout doit disparaître,fr
Trzymać Szyk,Tenir le front,fr
Trái Tim Kiên Định,Cœur intrépide,fr
Trái Tim Sắt Đá,Cœur d'acier,fr
Träne der Göttin,Larme de la déesse,fr
Tréninkové rukavice,Gants d'entraînement,fr
Trên Đà Phát Triển,Relances étoilées,fr
Trí Tuệ Siêu Công Nghệ,Liaison cybernétique,fr
Trượng Hư Vô,Bâton du vide,fr
Trượng Đại Thiên Sứ,Bâton angélique,fr
Trực Giác Của Evelynn,Instinct d'Evelynn,fr
Tuch der Stille,Linceul d'apaisement,fr
Tugend des Märtyrers,Vertu du martyr,fr
Tun-mitralieră,Canon ultrarapide,fr
Turnul,La Tour,fr
Tuyển Nhân Sự,Nouvelle recrue,fr
Twin Guardian,Gardiens jumeaux,fr
Twin Guardians,Gardiens jumeaux,fr
Twisted Fate,Twisted Fate,fr
Two Much Value,Avènement des deux,fr
Two Tanky,Tanks jumeaux,fr
Tworzenie Drużyny,Esprit d'équipe,fr
Twórcze Tworzenie,Maîtrise de l'artisanat,fr
Tài Khoản Tiết Kiệm,Compte épargne,fr
Tái Khởi Động Nhiệm Vụ,Nouveau départ,fr
Tái Lập Vũ Trụ,Réinitialisation cosmique,fr
Tápláld a tüzet,Allumer le feu,fr
Tíha koruny,Lourde est la couronne,fr
Tín Đồ Mua Sắm,Shopping intensif,fr
Tòa Tháp,La Tour,fr
Tôi Luyện Sức Mạnh,Artefacts à la rescousse,fr
Tôi Thăng Cấp Một Mình,Solo Leveling,fr
Tödlichere Hauben,Coiffes mortelles,fr
Tödlichere Klingen,Lames tueuses,fr
Töltésátvitel I.,Transfert,fr
Törj a csillagok felé,Jaximus,fr
Törékeny tüzér I.,Canon de verre,fr
Törésteszt bábuk,Mannequins de choc,fr
Tú Pégales,Butin varié,fr
Túi Đồ Cỡ Nhỏ,Petit sac de butin,fr
Túi Đồ Cỡ Đại,Super sac de butin,fr
Túi Đồ Siêu Hùng,Besace héroïque,fr
Túi Đồ Urf,Besace d'Urf,fr
Túlvilági szablya,Sabre spectral,fr
Túlélő,Survivant,fr
Türelem rózsát terem,Jeu de patience,fr
Türelmes tanuló,Gagnant-gagnant,fr
Tăișuri sclipitoare,Tremblelames,fr
Tăng Trưởng Bùng Nổ,Croissance explosive,fr
Tırmanışa Devam,Connivence,fr
Tất Tay Bậc Đồng,Bronze pour la vie,fr
Tập Chịu Đòn,Ligne de front,fr
Tập Trung Hỏa Lực,Feu concentré,fr
Tối Tân,Flambant neuf,fr
Tối Đa Hóa,Suppresseur doré,fr
Tộc Thượng Cổ,Primordien,fr
Tụ Bão Zeke,Blason de Zeke,fr
Tụ Điện,Électrocharge,fr
Tứ Phương Tiếp Viện,Puissance 4,fr
Tự Lập Đội,Champion en kit,fr
U Sầu,Désespoir,fr
U. R. F.,U.R.F.,fr
U.R.F,U.R.F.,fr
URF,U.R.F.,fr
Uccisore di giganti,Tueur de géants,fr
Uccisore indiscriminato,Tueur impitoyable,fr
Ucigaș fără discriminare,Tueur impitoyable,fr
Ucigaș plătit,Tueur à gages,fr
Ufak Çekiliş,Petit sac de butin,fr
Ufukgetiren,Concentration lointaine,fr
Uhrwerk-Beschleuniger,Accélérateur mécanique,fr
Ulepszona Moc,Optimisation optimisée,fr
Ultima șoaptă,Dernier souffle,fr
Uluların Tılsımı,Talisman de l'ascension,fr
Ulvi Düellocu,Duelliste divine,fr
Ulvi Ocak,Forge divine,fr
Um Dois Três,"Un, deux, trois",fr
"Um, Dois, Cinco!",Butin aléatoire,fr
Umhang des Taktikers,Cape du Tacticien,fr
"Un buff, două buff-uri",Buffs à gogo,fr
"Un buff, due buff",Buffs à gogo,fr
Un due tre,"Un, deux, trois",fr
Un mismo ser,Personnalité miroir,fr
Un mismo ser inferior,Personnalité miroir mineure,fr
Un tiro magico,Dés magiques,fr
Un'avventura gloriosa,Une aventure exaltante,fr
Una Aventura Eminente,Une aventure exaltante,fr
"Una Mejora, Dos Mejoras",Buffs à gogo,fr
Una aventura repleta de exaltación,Une aventure exaltante,fr
Una lágrima en la arena,Océan de larmes,fr
"Una mejora, dos mejoras...",Buffs à gogo,fr
"Unde-s 2 stele, puterea crește",Puissance 4,fr
Unending Despair,Désespoir infini,fr
Unerschütterliches Herz,Cœur intrépide,fr
Unidos,Soutien indéfectible,fr
Unire în luptă,Soutien indéfectible,fr
Uniti nelle difficoltà,Soutien indéfectible,fr
"Uno, Dos, Tres","Un, deux, trois",fr
"Uno, dos, tres...","Un, deux, trois",fr
"Uno, dos, ¡cinco!",Butin aléatoire,fr
"Uno, dos... ¡cinco!",Butin aléatoire,fr
"Uno, due, cinque!",Butin aléatoire,fr
"Unu, doi, cinci!",Butin aléatoire,fr
"Unu, doi, trei","Un, deux, trois",fr
Unübertreffliche Schmiede,Forge divine,fr
Upando Solo,Solo Leveling,fr
Upward Mobility,Ascension sociale,fr
Upírská vitalita,Vitalité vampirique,fr
Urf Hamlesi,Gambit d'Urf,fr
Urf játszmája,Gambit d'Urf,fr
Urf zsákbamacskája,Besace d'Urf,fr
Urf's Gambit,Gambit d'Urf,fr
Urf's Grab Bag,Besace d'Urf,fr
Urf'ün Çekilişi,Besace d'Urf,fr
Urfova dárková taška,Besace d'Urf,fr
Urfs Gambit,Gambit d'Urf,fr
Urfs Wundertüte,Besace d'Urf,fr
Urfův gambit,Gambit d'Urf,fr
Urgia de pe lume,Fléau de liche,fr
Urgot,Urgot,fr
Utazó,Voyageur,fr
Utazó embléma,Emblème de Voyageur,fr
Utolsó esély,Au bout du rouleau,fr
Utolsó lehelet,Dernier souffle,fr
Uyumsuzlar,Touche-à-tout,fr
Uzayın Ritmi,Astro-groove,fr
Uzayın Ritmi Amblemi,Emblème d'Astro-groove,fr
Vale a Espera,Attente récompensée,fr
Vale la Pena la Espera,Attente récompensée,fr
Valeva la pena aspettare,Attente récompensée,fr
Valor del Titán,Détermination du titan,fr
Valor em Excesso,Avènement des deux,fr
Vampir-Vitalität,Vitalité vampirique,fr
Vampiric Vitality,Vitalité vampirique,fr
Vampirî Zindelik,Vitalité vampirique,fr
Vanguard,Initiateur,fr
Vanguard Emblem,Emblème d'Initiateur,fr
Vanguarda,Initiateur,fr
Vanguardia,Initiateur,fr
Vara Innecesariamente Grande,Baguette trop grosse,fr
Vara innecesariamente grande,Baguette trop grosse,fr
Varus Besessenheit,Obsession de Varus,fr
Varus megszállottsága,Obsession de Varus,fr
Varus áldása,Bénédiction de Varus,fr
Varus' Segen,Bénédiction de Varus,fr
Varus's Boon,Bénédiction de Varus,fr
Varus's Obsession,Obsession de Varus,fr
Varus'un Lütfu,Bénédiction de Varus,fr
Varus'un Saplantısı,Obsession de Varus,fr
Varusova posedlost,Obsession de Varus,fr
Varusův dar,Bénédiction de Varus,fr
Varázsdobás,Dés magiques,fr
Varázsszőttes,Mana magique,fr
Vaseszközök,Entre les PO et l'enclume,fr
Vay Tạm Ứng,Prêt anticipé,fr
Vedlejší účinky,Effets secondaires,fr
Veigar,Veigar,fr
Velikost a síla,Grandeur et démesure,fr
Velitel,Commandante,fr
Velitelka Animy,Commandant d'Anima,fr
Velkolepé dobrodružství,Une aventure exaltante,fr
Velká dárková taška,Super sac de butin,fr
Velký třesk,Big Bang,fr
Velo costante,Linceul de la congruence,fr
Velo de sosiego,Linceul d'apaisement,fr
Velocidad Termeepnal,À toute meepesse,fr
Velocidad temperameeptal,À toute meepesse,fr
Velocidade Termipenal,À toute meepesse,fr
Velocità termipponale,À toute meepesse,fr
Venganza,Justice critique,fr
Ventos Revigorantes,Second souffle,fr
Verbannte,Exilés,fr
Verbotener Götze,Idole interdite,fr
Verbündeter des Beschützers,Don du gardien,fr
Verdorbenes vampirisches Zepter,Sceptre vampirique corrompu,fr
Verdugo Indiscriminado,Tueur impitoyable,fr
Verdugo de Gigantes,Tueur de géants,fr
Verdugo de gigantes,Tueur de géants,fr
Verdächtiger Trenchcoat,Trench-coat suspect,fr
Verfehlte Verbindung,Palier 1,fr
Verfluchte Klinge,Lame maudite,fr
Verfluchte Krone,Couronne maudite,fr
Vergeltung,Justice critique,fr
Vergoldeter Stahl,Acier doré,fr
Vergrabene Schätze,Trésors enfouis,fr
Vernichter,Désespoir,fr
Vernichter,Éradicateur,fr
Versteck des Barons,Repaire du baron,fr
Verständnisvolles Implantat,Implant cybernétique,fr
Verstärkendes Amulett,Médaillon d'excitation,fr
Verwittertes Relikt,Relique flétrie,fr
Verwobene Magie,Mana magique,fr
Vesmírný rytmus,Astro-groove,fr
Vesta Espinosa,Armure roncière,fr
Veste della stabilità,Linceul d'apaisement,fr
Vestă de mărăcini,Armure roncière,fr
Vestă de zale,Cotte de mailles,fr
Vex,Vex,fr
Večerháv,Linceul de la congruence,fr
Viaggiatore,Voyageur,fr
Viajante,Voyageur,fr
Viajero,Voyageur,fr
Victorie neașteptată,Sauter une classe,fr
Vida Cotidiana,Crescendo aléatoire,fr
Viděti dvojmo,Avènement des deux,fr
Vier-Gold-Verstärkung,Puissance 4,fr
Vigarista,Gredin,fr
Viktor,Viktor,fr
Viktor'un Sihri,Arcaniquement Viktor-ieux,fr
Viktor-ia de Arcane,Arcaniquement Viktor-ieux,fr
Viktor-ia di Arcane,Arcaniquement Viktor-ieux,fr
Viktor-ie ocultă,Arcaniquement Viktor-ieux,fr
Viktoria Arcana,Arcaniquement Viktor-ieux,fr
Viktorův triumf,Arcaniquement Viktor-ieux,fr
Viktória Arcana,Arcaniquement Viktor-ieux,fr
Villanópengék,Tremblelames,fr
Villámakció,Cleptomanie,fr
Vingadora Exocósmica,Déesse des flingues,fr
Virtud del Mártir,Vertu du martyr,fr
Virtud del mártir,Vertu du martyr,fr
Virtude do Mártir,Vertu du martyr,fr
Virtue of the Martyr,Vertu du martyr,fr
Virtutea martirului,Vertu du martyr,fr
Virtù del martire,Vertu du martyr,fr
Visszatérés-történet,Tentative de comeback,fr
Vitalidad Vampírica,Vitalité vampirique,fr
Vitalidad vampírica,Vitalité vampirique,fr
Vitalidade Vampírica,Vitalité vampirique,fr
Vitalitate vampirică,Vitalité vampirique,fr
Vitalità vampirica,Vitalité vampirique,fr
Viteză termipnală,À toute meepesse,fr
Viễn Chinh,Voyageur,fr
Void Gauntlet,Gantelet du Néant,fr
Void Staff,Bâton du vide,fr
Voința buzduganului,Volonté de la massue,fr
Voința titanului,Détermination du titan,fr
Vojevůdcova čest,Honneur du Maître de guerre,fr
Voluntad de la maza,Volonté de la massue,fr
Voluntad del Mazo,Volonté de la massue,fr
Volver al Ruedo,Tentative de comeback,fr
Vorausdenken,Investissement sur le futur,fr
Voto del Protettore,Vœu du protecteur,fr
Voto del cavaliere,Vœu du chevalier,fr
Voyager,Voyageur,fr
Voyager Emblem,Emblème de Voyageur,fr
Vražední čtveráci,Quatre cents coups,fr
Vražednější klobouky,Coiffes mortelles,fr
Vražednější čepele,Lames tueuses,fr
Vrcholná sestava,Duplication,fr
Vuốt Rồng,Griffe de dragon,fr
Vyber vlastnost,Choisissez un type,fr
Vybíravé výběry,Jour de relance,fr
Vyhlazovač,Éradicateur,fr
Vyhnanci,Exilés,fr
Vyplatí se čekat,Attente récompensée,fr
Vyrob si kamaráda,Ami sur mesure,fr
Vysoké napětí,Haute tension,fr
Vytrvalý vzestup,Ascension sociale,fr
Vyzyvatel,Challenger,fr
Vzestup,Ascension,fr
Vágj utat,Glaives à gogo,fr
Válassz adottságot,Choisissez un type,fr
Válečná stezka,Récompenses de guerre,fr
Válogatás nélkül,Tueur impitoyable,fr
Vámpírerő I.,Vitalité vampirique,fr
Ván Cược Hoàng Kim,Pile ou face,fr
Ván Cược URF,Gambit d'Urf,fr
Vánek,Zéphyr,fr
Várható váratlanság,Lancer de dés,fr
Vânătoare de comori,Chasse au trésor,fr
Vânător galactic,Chasseur galactique,fr
Vânătorul de uriași,Tueur de géants,fr
Vé Kim Cương,Ticket prismatique,fr
Végjátékbeli erőnövelés,Fin de partie,fr
Végtelen kétségbeesés,Désespoir infini,fr
Végtelen védelem,Protection infinie,fr
Végzethozó,Désespoir,fr
Vérszomjas,Soif-de-sang,fr
Véráldozat,Offrande sanguinaire,fr
Véráldozat,Sanguinaire,fr
Vírusmátrix,Matrice,fr
Vô Cực Kiếm,Lame d'infini,fr
Vô Pháp,Rebelle,fr
Võ Sĩ Giác Đấu,Triomphe,fr
Vörös erősítés,Buff rouge,fr
Výbušný růst,Croissance explosive,fr
Výcvik tělesného strážce,Formation de Garde du corps,fr
Výrobce holí,Fabricant de baguettes,fr
Výrobce mečů,Armurier,fr
Výzva chaosu,Appel du chaos,fr
Văl uniform,Linceul de la congruence,fr
Vălul nemișcării,Linceul d'apaisement,fr
Věčná dohoda,Pacte éternel,fr
Věštec,Oracle,fr
Věž,La Tour,fr
Vůle palcátu,Volonté de la massue,fr
Vươn Tới Tinh Tú,Jaximus,fr
Vương Miện Chiến Thuật,Couronne du Tacticien,fr
Vương Miện Hoàng Gia,Couronne de la reine,fr
Vương Miện Hắc Hóa,Couronne maudite,fr
Vương Miện Nặng Trĩu,Lourde est la couronne,fr
W Czepku Urodzony,Par ici l'XP,fr
W Czwórce Siła,Puissance 4,fr
Wachsende Wurzeln,Enracinement,fr
Wampiryczna Żywotność,Vitalité vampirique,fr
Wand Overflow,Abondance de baguettes,fr
Wanderer,Voyageur,fr
Wanderer-Emblem,Emblème de Voyageur,fr
Warlord's Honor,Honneur du Maître de guerre,fr
Warmog vértje,Armure de Warmog,fr
Warmog's Armor,Armure de Warmog,fr
Warmog'un Zırhı,Armure de Warmog,fr
Warmogova zbroj,Armure de Warmog,fr
Warmogs Rüstung,Armure de Warmog,fr
Warpath,Récompenses de guerre,fr
Warto Poczekać,Attente récompensée,fr
Wartość Dodana,Avènement des deux,fr
Wczesna Nauka,Leçons de combat,fr
We Stick Together,Partage emblématique,fr
Weise Ausgaben,Dépense réfléchie,fr
Weltraum-Groove,Astro-groove,fr
Weltraum-Groove-Emblem,Emblème d'Astro-groove,fr
Wezwanie Chaosu,Appel du chaos,fr
Widmowy Rapier,Sabre spectral,fr
Wie ist es um dein Glück bestellt?,Vous vous sentez en veine ?,fr
Wieczny Brąz,Bronze pour la vie,fr
Wieczny Pakt,Pacte éternel,fr
Wiederaufnahme der Mission,Nouveau départ,fr
Wielka Wygrana,Sauter une classe,fr
Wielki Wybuch,Big Bang,fr
Wielkie Poświęcenie,Typologie,fr
Wielkość i Potęga,Grandeur et démesure,fr
Wieża,La Tour,fr
Willkürlicher Killer,Tueur impitoyable,fr
Win Out,Sauter une classe,fr
"Winzig, aber tödlich",Petits mais costauds,fr
Winzige Titanen,P'tits titans,fr
Winzigster Titan,Mini-Tacticien,fr
Wir halten zusammen,Partage emblématique,fr
Wise Spending,Dépense réfléchie,fr
Wit's End,Au bout du rouleau,fr
Withered Relic,Relique flétrie,fr
Wkalkulowana Strata,Défaite planifiée,fr
Wojenna Ścieżka,Récompenses de guerre,fr
Wola Buławy,Volonté de la massue,fr
Worth the Wait,Attente récompensée,fr
Woven Magic,Mana magique,fr
Wskrzeszenie,Bénédiction de résurrection,fr
Wsparcie,Soutien indéfectible,fr
Wspinaczka po Drabince,Connivence,fr
Wspólne Siły,Cours de soutien,fr
Wybierz cechę,Choisissez un type,fr
Wygięty Łuk,Arc courbe,fr
Wygnańcy,Exilés,fr
Wykuj Znajomego,Ami sur mesure,fr
Wykuklenie,Mannequinification,fr
Wykuto w Sile,Artefacts à la rescousse,fr
Wyniesienie,Ascension,fr
Wyprzedaż na Ostro,Cleptomanie,fr
Wyrocznia,Oracle,fr
Wysokie Napięcie,Haute tension,fr
Wytnij sobie drogę,Glaives à gogo,fr
Wywyższenie Kayle,Exaltation de Kayle,fr
Wzmacniający Medalion,Médaillon d'excitation,fr
Wzmocnienie Raz i Dwa,Buffs à gogo,fr
Wälzer der Attribute,Tome des emblèmes,fr
Wędrujący Krab,Carapateur,fr
Włócznia Shojin,Lance de Shojin,fr
Xayah,Xayah,fr
Xoay Bài Tự Động,Recombobulateur,fr
Xây Dựng Đội Hình,Esprit d'équipe,fr
Xúc Xắc Hoành Tráng,Relances épiques,fr
Xúc Xắc Ma Pháp,Dés magiques,fr
Xúc Xắc Vô Tận,Jour de relance,fr
Xạ Thần,Déesse des flingues,fr
Yaldızlı Çelik,Acier doré,fr
Yalnız Zırh,Lithoplastron solo,fr
Yampiri Yengeç,Carapateur,fr
Yan Etkiler,Effets secondaires,fr
Yarı İletken,Semi-conducteur,fr
Yasak İdol,Idole interdite,fr
Yasuo Figyelemmegosztása,Célébrité partagée de Yasuo,fr
Yasuo aranymezője,Hexagone doré de Yasuo,fr
Yasuo kardforgatása,Maîtrise de l'épée de Yasuo,fr
Yasuo áldása,Bénédiction de Yasuo,fr
Yasuo'nun Altın Hücresi,Hexagone doré de Yasuo,fr
Yasuo'nun Kılıç Sanatı,Maîtrise de l'épée de Yasuo,fr
Yasuo'nun Lütfu,Bénédiction de Yasuo,fr
Yasuo'nun İlgi Budalası Eklentisi,Célébrité partagée de Yasuo,fr
Yasuo's Bladework,Maîtrise de l'épée de Yasuo,fr
Yasuo's Boon,Bénédiction de Yasuo,fr
Yasuo's Golden Hex,Hexagone doré de Yasuo,fr
Yasuo's Share The Spotlight,Célébrité partagée de Yasuo,fr
Yasuo: Împarte centrul atenției,Célébrité partagée de Yasuo,fr
Yasuos Goldfeld,Hexagone doré de Yasuo,fr
Yasuos Klingentanz,Maîtrise de l'épée de Yasuo,fr
Yasuos Segen,Bénédiction de Yasuo,fr
Yasuos „Teile das Rampenlicht“,Célébrité partagée de Yasuo,fr
Yasuovo mistrovství meče,Maîtrise de l'épée de Yasuo,fr
Yasuovo zlaté pole,Hexagone doré de Yasuo,fr
Yasuův dar,Bénédiction de Yasuo,fr
Yasuův Široký paprsek,Célébrité partagée de Yasuo,fr
Yatırımın Getirisi,Investissement,fr
Yayılan Kökler,Enracinement,fr
Yayım Yayındır,Mon arc est vôtre,fr
Yağmacı,Maraudeur,fr
Yağmacı Amblemi,Emblème de Maraudeur,fr
Yaşayan Ocak,Forgeron ambulant,fr
Yedek Yaylar,Arcs à gogo,fr
Yelmo Adaptable,Casque adaptatif,fr
Yelmo adaptable,Casque adaptatif,fr
Yelmo sombrío,Maraudeur,fr
Yeni Çağ,Cycle épique,fr
Yenilemeye Devam,Relances étoilées,fr
Yenilmez,L'indomptable,fr
Yok Edici,Éradicateur,fr
Yolumdan Dönmem,Obstination,fr
You Have My Bow,Mon arc est vôtre,fr
Yozlaşmış Vampirî Asa,Sceptre vampirique corrompu,fr
Yük Aktarımı,Transfert,fr
Yüklü Borç,Prêt anticipé,fr
Yüksek Voltaj,Haute tension,fr
Yükseliş,Ascension,fr
Yıldız Gözlemcisi,Visionnaire,fr
Yıldız Gözlemcisi Amblemi,Emblème de Visionnaire,fr
Yıldız Kombosu,Combo stellaire,fr
Yıldızlara Uzan,Jaximus,fr
Yıpranmış Antika,Relique flétrie,fr
Za jakou cenu,Pas le choix,fr
Zaangażowanie,Investissement,fr
Zaawansowana Pożyczka,Prêt anticipé,fr
Zabiják obrů,Tueur de géants,fr
Zabójca do Wynajęcia,Tueur à gages,fr
Zabójczy Kapelusz Rabadona,Coiffe de Rabadon,fr
Zagracony Umysł,Esprit encombré,fr
Zagłada,Désespoir,fr
Zakopane Skarby,Trésors enfouis,fr
Zakopané poklady,Trésors enfouis,fr
Zamankıran,Brise-temps,fr
Zamankıran Amblemi,Emblème de Brise-temps,fr
Zamiř ke hvězdám,Jaximus,fr
Zaměřovací optika,Optique de verrouillage,fr
Zaneprázdněná mysl,Esprit encombré,fr
Zapora Przedniej Formacji,Fondation de première ligne,fr
Zapovězená modla,Idole interdite,fr
Zaprzepaszczona Znajomość,Palier 1,fr
Zapuszczanie Korzeni,Enracinement,fr
Zararına Satış,Cleptomanie,fr
Zasłona Równości,Linceul de la congruence,fr
Zbiry,Rebelle,fr
Zbytečně dlouhá hůl,Baguette trop grosse,fr
Zdobená pěstnice,Gantelet précieux,fr
Zdobený květ,Lotus précieux,fr
Zdrang!,Bonk !,fr
Zed,Zed,fr
Zed Invasor,Zed,fr
Zed Invasore,Zed,fr
Zed Kẻ Xâm Lăng,Zed,fr
Zefir,Zéphyr,fr
Zefiro,Zéphyr,fr
Zefír,Zéphyr,fr
Zeitbrecher,Brise-temps,fr
Zeitbrecher-Emblem,Emblème de Brise-temps,fr
Zeița armelor,Déesse des flingues,fr
Zeke hírnöke,Blason de Zeke,fr
Zeke komor hírnöke,Blason lugubre de Zeke,fr
Zeke'nin Kasvetli Sancağı,Blason lugubre de Zeke,fr
Zeke'nin Sancağı,Blason de Zeke,fr
Zeke's Bleak Herald,Blason lugubre de Zeke,fr
Zeke's Herald,Blason de Zeke,fr
Zekes Herold,Blason de Zeke,fr
Zekes düsterer Herold,Blason lugubre de Zeke,fr
Zekeův pochmurný posel,Blason lugubre de Zeke,fr
Zekeův posel,Blason de Zeke,fr
Zephir,Zéphyr,fr
Zephyr,Zéphyr,fr
Zesílení do závěru hry,Fin de partie,fr
Zhouba lichů,Fléau de liche,fr
Zielerfassungslinse,Optique de verrouillage,fr
Zihin Açıklığı,Lucidité,fr
Zihin Bulanıklığı,Esprit encombré,fr
Zihinsel Hazırlık,Patience,fr
Zincir Yelek,Cotte de mailles,fr
Zindelik Broşu,Médaillon d'excitation,fr
Zjazd Urodzinowy,Réunion d'anniversaire,fr
Zkázonoš,Désespoir,fr
Zlaté vejce,Œuf d'or,fr
Zlatý drak,Mailles en or,fr
Zlatý hod,Pile ou face,fr
Zlatý monzun,Pluie d'argent,fr
Zlodějské rukavice,Gants de voleur,fr
Zlodějíček,Chapardage,fr
Zmora Licza,Fléau de liche,fr
Zoe,Zoé,fr
Zorn des Kraken,Fureur du kraken,fr
Zrcadlová osobnost,Personnalité miroir,fr
Zručná výroba,Maîtrise de l'artisanat,fr
Zrádné upírské žezlo,Sceptre vampirique corrompu,fr
Zsivány,Rebelle,fr
Zsivány embléma,Emblème de Rebelle,fr
Zsúfolt elme,Esprit encombré,fr
Ztracené konexe,Palier 1,fr
Zu etwas nütze,Butin funéraire,fr
Zu viel Wert,Avènement des deux,fr
Zu welchem Preis,Pas le choix,fr
Zu zäh,Tanks jumeaux,fr
Zumito de la risa,Jus chapi-chapo,fr
Zusammenarbeit,Cours de soutien,fr
Zwillingswächter,Gardiens jumeaux,fr
Zwycięstwo Viktora z Arcane,Arcaniquement Viktor-ieux,fr
Zz'Rot Kapısı,Portail de Zz'Rot,fr
Zz'Rot Portal,Portail de Zz'Rot,fr
Zz'Rot-Portal,Portail de Zz'Rot,fr
Zz'Rot-kapu,Portail de Zz'Rot,fr
Zákeřná monetizace,Monétisation malveillante,fr
Základ přední řady,Fondation de première ligne,fr
Záložní luky,Arcs à gogo,fr
Záporozó könnyek,Larmes à gogo,fr
Závěrečný spurt,Sauter une classe,fr
Zářivý rošťák,Vaurien de la lumière,fr
Zéfiro,Zéphyr,fr
Zügiger Doppelkill,Deux de moins,fr
Ząb Nashora,Dent de Nashor,fr
Złote Jajo,Œuf d'or,fr
Złote Pole Yasuo,Hexagone doré de Yasuo,fr
Złote Ryzyko,Pile ou face,fr
Złoty Smok,Mailles en or,fr
Złowroga Monetyzacja,Monétisation malveillante,fr
¡Bonk!,Bonk !,fr
¡Estadísticas a tutiplén!,Stats à foison !,fr
¡Milestadísticas!,Stats à foison !,fr
¡Pum!,Bonk !,fr
¡Sube de nivel!,Niveau supérieur !,fr
¡Subes de nivel!,Niveau supérieur !,fr
¿A qué precio?,Pas le choix,fr
¿Hacemos un Muñeco?,Mannequinification,fr
¿Te Sientes con Suerte?,Vous vous sentez en veine ?,fr
Ábrete Camino,Glaives à gogo,fr
Ác Nữ,Dame sombre,fr
Állhatatos szív,Cœur intrépide,fr
Ám Ảnh Của Varus,Obsession de Varus,fr
Ánima,Section Anima,fr
Áo Choàng Bóng Tối,Manteau de la nuit,fr
Áo Choàng Bạc,Manteau de Négatron,fr
Áo Choàng Chiến Thuật,Cape du Tacticien,fr
Áo Choàng Diệt Vong,Désespoir infini,fr
Áo Choàng Gai,Armure roncière,fr
Áo Choàng Lửa,Cape solaire,fr
Áo Choàng Mờ Ám,Trench-coat suspect,fr
Áo Choàng Thủy Ngân,Mercure,fr
Áo Choàng Tĩnh Lặng,Linceul d'apaisement,fr
Árbitro,Juge stellaire,fr
Árnybáb,Clone des ombres,fr
Árvore de Características,Emblématiquement,fr
Ân Huệ Của Ahri,Bénédiction d'Ahri,fr
Ân Huệ Của Aurelion Sol,Bénédiction d'Aurelion Sol,fr
Ân Huệ Của Ekko,Bénédiction d'Ekko,fr
Ân Huệ Của Evelynn,Bénédiction d'Evelynn,fr
Ân Huệ Của Kayle,Bénédiction de Kayle,fr
Ân Huệ Của Soraka,Bénédiction de Soraka,fr
Ân Huệ Của Thresh,Bénédiction de Thresh,fr
Ân Huệ Của Varus,Bénédiction de Varus,fr
Ân Huệ Của Yasuo,Bénédiction de Yasuo,fr
Ân Huệ Tái Sinh,Bénédiction de résurrection,fr
Ägide der Abenddämmerung,Égide du crépuscule,fr
Ägide der Morgendämmerung,Égide de l'aube,fr
Çelik İntikam,Déesse des flingues,fr
Çelikten Yürek,Cœur d'acier,fr
Çifte Ödül,Aléatoirement vôtre,fr
Édes falatok,Objets blindés,fr
Égida del Amanecer,Égide de l'aube,fr
Égida del Ocaso,Égide du crépuscule,fr
Égida del amanecer,Égide de l'aube,fr
Égida del anochecer,Égide du crépuscule,fr
Égide da Alvorada,Égide de l'aube,fr
Égide do Crepúsculo,Égide du crépuscule,fr
Élharcos,Initiateur,fr
Élharcos embléma,Emblème d'Initiateur,fr
Énke,Meeple,fr
Énke embléma,Emblème de Meeple,fr
Énkesebesség,À toute meepesse,fr
Énkike,Marguereep,fr
Época,Cycle épique,fr
Építhető kísérő,Achat 3 étoiles,fr
Éxito Crítico,Gants à gogo,fr
Éxito crítico,Gants à gogo,fr
Ídolo Prohibido,Idole interdite,fr
Ídolo Proibido,Idole interdite,fr
Ídolo prohibido,Idole interdite,fr
Îmbrâncire,Tout doit disparaître,fr
Îmbrățișare de grup,Câlin collectif,fr
Împrumut avansat,Prêt anticipé,fr
În echipă,Cours de soutien,fr
Încărcare electrică,Électrocharge,fr
Înfățișarea sufletului,Visage spirituel,fr
Întețește focul,Allumer le feu,fr
Învingătorii iau totul,Triomphe,fr
Învățături timpurii,Leçons de combat,fr
Óptica de Fijación de Objetivo,Optique de verrouillage,fr
Óptica de fijado de objetivos,Optique de verrouillage,fr
Óriásölő,Tueur de géants,fr
Ô Hoàng Kim của Yasuo,Hexagone doré de Yasuo,fr
Ôm Tập Thể,Câlin collectif,fr
Ödüllü Müsabaka,Triomphe,fr
Ölüm Kılıcı,Lame funeste,fr
Ölümcül Bıçaklar,Lames tueuses,fr
Öncü,Initiateur,fr
Öncü Amblemi,Emblème d'Initiateur,fr
Örök paktum,Pacte éternel,fr
Összetartunk,Partage emblématique,fr
Összetevőrablás,Composants de guerre,fr
Össztűz,Feu concentré,fr
Ösztönző medál,Médaillon d'excitation,fr
Övszállítmány,Abondance de ceintures,fr
Özel Yapım,Flambant neuf,fr
Özellik Ağacı,Emblématiquement,fr
Özellik Seç,Choisissez un type,fr
Özellikler Kitabı,Tome des emblèmes,fr
Újonc,Nouvelle recrue,fr
Újraalkotó,Recombobulateur,fr
Újrahasznosító láda,Bac de recyclage,fr
Újrasorsolás napestig,Jour de relance,fr
Últimas palabras,Dernier souffle,fr
Último Suspiro,Dernier souffle,fr
Último Sussurro,Dernier souffle,fr
Úsměv štěstěny,Vous vous sentez en veine ?,fr
Úsvit nad Stříbromořím,Aube de Haut-Lac-d'Argent,fr
Útočníkův řemdih,Fléau vengeur,fr
Úvodní poznatky,Leçons de combat,fr
Übergroßer Stab,Baguette trop grosse,fr
Überlebender,Survivant,fr
Übungspuppe,Mannequin d'entraînement,fr
Ürességkesztyű,Gantelet du Néant,fr
Üçler Ordusu,Légion des trois,fr
Üçlük,Tiercé,fr
Ý Chỉ Xích Chùy,Volonté de la massue,fr
Ăn Mòn,Corrosion,fr
Ăn Trộm,Chapardage,fr
Čekající kovárna,Forge à retardement,fr
Čepel smrti,Lame funeste,fr
Červený buff,Buff rouge,fr
Čistá mysl,Lucidité,fr
Částečné vyzdvižení,Ascension partielle,fr
Đai Khổng Lồ,Ceinture du géant,fr
Đam Mê Gậy,Abondance de baguettes,fr
Đam Mê Kiếm,Abondance de glaives,fr
Đam Mê Đai Lưng,Abondance de ceintures,fr
Đao Chớp,Tremblelames,fr
Đao Tím,Au bout du rouleau,fr
Đo Ni Đóng Giày,Gants porte-bonheur,fr
Đá Hắc Hóa,Joyau putréfiant,fr
Đánh Là Trúng,Butin varié,fr
Đường Ra Trận,Récompenses de guerre,fr
Được Này Mất Kia,Butin funéraire,fr
Đại Bác Liên Thanh,Canon ultrarapide,fr
Đấu Sĩ,Bagarreur,fr
Đầu Tư,Investissement,fr
Đẩy Nhanh Tiến Độ,Ascension sociale,fr
Đặc Quyền Phú Gia,Par ici l'XP,fr
Định Mệnh,Tisse-destin,fr
Đồng Minh Của Bụt,Don du gardien,fr
Độc Hành,Exilés,fr
Đội Hình Tối Ưu,Duplication,fr
Động Cơ Tăng Tốc,Accélérateur mécanique,fr
İdman Eldiveni,Gants d'entraînement,fr
İhtiyaç Paketi,Ravitaillement,fr
İki Elin Sesi Var,Avènement des deux,fr
İki Kat Güçlendirme,Buffs à gogo,fr
İkinci Şans,Second souffle,fr
İkiz Muhafızlar,Gardiens jumeaux,fr
İleri Görüşlülük,Investissement sur le futur,fr
İleri Safha Gücü,Fin de partie,fr
İleri Safhalarda Görüşürüz,Spécialiste des fins de partie,fr
İlk Öğretiler,Leçons de combat,fr
İstilacı Zed,Zed,fr
İyon Kıvılcımı,Étincelle ionique,fr
Ładunek Elektryczny,Électrocharge,fr
Łamacze Czasu,Brise-temps,fr
Ławka Pandory,Banc de Pandore,fr
Łubudu!,Bonk !,fr
Łuki Zapasowe,Arcs à gogo,fr
Łut Szczęścia,Vous vous sentez en veine ?,fr
Łza Bogini,Larme de la déesse,fr
Łącze Cybernetyczne,Liaison cybernétique,fr
Łącze Drona,Liaison de drone,fr
Říční krab,Carapateur,fr
Ślubowanie Protektora,Vœu du protecteur,fr
Świetliste Wywyższenie Kayle,Exaltation radieuse de Kayle,fr
Świetlisty Szelma,Vaurien de la lumière,fr
Świeży Wyrób,Flambant neuf,fr
Świt Srebrzystej,Aube de Haut-Lac-d'Argent,fr
Şafak Kalkanı,Égide de l'aube,fr
Şafağın Özü,Cœur de l'aube,fr
Şans Benimle,Vous vous sentez en veine ?,fr
Şanslı Eldiven,Gants porte-bonheur,fr
Şanslı Hissediyorum,Appel du chaos,fr
Şapkat Nektarı,Jus chapi-chapo,fr
Şifalı Küreler,Orbes de soins,fr
Şifalı Yankılar,Échos réparateurs,fr
Şok Dayanıklı,Tanks jumeaux,fr
Şövalyenin Adağı,Vœu du chevalier,fr
Šplhání žebříčkem,Connivence,fr
Štít soumraku,Égide du crépuscule,fr
Štít úsvitu,Égide de l'aube,fr
Šťáva Cappa,Jus chapi-chapo,fr
Űrzúzda,Astro-groove,fr
Űrzúzda embléma,Emblème d'Astro-groove,fr
Żelazne Zasoby,Entre les PO et l'enclume,fr
Żywa Kuźnia,Forgeron ambulant,fr
Żywe Srebro,Mercure,fr
Železné vybavení,Entre les PO et l'enclume,fr
Živoucí kovárna,Forgeron ambulant,fr
Žoldnéř,Maraudeur,fr
Žďuch!,Bonk !,fr
Țesător al destinului,Tisse-destin,fr
Țintește spre stele,Jaximus,fr
Άατροξ,Aatrox,fr
Άνιμα,Section Anima,fr
Άξιζε η Αναμονή,Attente récompensée,fr
Έζρεαλ,Ezreal,fr
Έμβλημα N.O.V.A.,Emblème de N.O.V.A.,fr
Έμβλημα Άνιμα,Emblème de la Section Anima,fr
Έμβλημα Αστρομάντη,Emblème de Visionnaire,fr
Έμβλημα Βοσκού,Emblème de Berger,fr
Έμβλημα Διεκδικητή,Emblème de Challenger,fr
Έμβλημα Ελεύθερου Σκοπευτή,Emblème de Sniper,fr
Έμβλημα Εμπροσθοφυλακής,Emblème d'Initiateur,fr
Έμβλημα Καβγατζή,Emblème de Bagarreur,fr
Έμβλημα Κριτή,Emblème de Juge stellaire,fr
Έμβλημα Μιπ,Emblème de Meeple,fr
Έμβλημα Πριμόρντιαν,Emblème de Primordien,fr
Έμβλημα Σελασπίδας,Blason des Lightshield,fr
Έμβλημα Σκοτεινού Ιππότη,Emblème de Maraudeur,fr
Έμβλημα Ταξιδευτή,Emblème de Voyageur,fr
Έμβλημα Χρονοθραύστη,Emblème de Brise-temps,fr
Έμβλημα του Αλήτη,Emblème de Rebelle,fr
Έμβλημα του Διαστημικού Ρυθμού,Emblème d'Astro-groove,fr
Έμβλημα του Προτειχίσματος,Emblème de Bastion,fr
Έμβλημα του Σκοτεινού Άστρου,Emblème de Pulsar sombre,fr
Έμβλημα των Σιδηρών Σολάρι,Médaillon de l'Iron Solari,fr
Ένα Κομμάτι Ζωή,Crescendo aléatoire,fr
"Ένα, Δύο, Πέντε!",Butin aléatoire,fr
"Ένα, Δύο, Τρία","Un, deux, trois",fr
Όλεθρος των Απέθαντων,Fléau de liche,fr
Όρκος του Ιππότη,Vœu du chevalier,fr
Όρκος του Υπερασπιστή,Vœu du protecteur,fr
Όψη Πνευμάτων,Visage spirituel,fr
Ύποπτη Καπαρντίνα,Trench-coat suspect,fr
Αγωγός,Canalisateur,fr
Αδάμαστος,L'indomptable,fr
Αιγίδα της Αυγής,Égide de l'aube,fr
Αιγίδα του Δειλινού,Égide du crépuscule,fr
Αιμοδιψής,Soif-de-sang,fr
Αιχμή του Απείρου,Lame d'infini,fr
Αιώνας,Cycle épique,fr
Αιώνια Διαθήκη,Pacte éternel,fr
Ακάλι,Akali,fr
Ακλόνητη Καρδιά,Cœur intrépide,fr
Αλήτης,Rebelle,fr
Αμοιβαίο Κεφάλαιο,Spéculation,fr
Ανέλιξη,Ascension sociale,fr
Αναλογική αύξηση προς το τέλος του παιχνιδιού,Fin de partie,fr
Αναμονή του Απροσδόκητου,Lancer de dés,fr
Ανασυνδυαστής,Recombobulateur,fr
Ανεβαίνοντας στην Κατάταξη,Connivence,fr
Ανταπόδοση,Justice critique,fr
Αντιγραφέας,Réplicateur,fr
Αντικείμενα Πανδώρας,Objets de Pandore,fr
Απέραντη Απόγνωση,Désespoir infini,fr
Απαγορευμένο Είδωλο,Idole interdite,fr
Απατεώνας,Gredin,fr
Απλωμένες Ρίζες,Enracinement,fr
Αποθεωτικό Σιδηρουργείο,Forge divine,fr
Αποκλειστική Προσαρμογή,Coup de chance,fr
Απομίμηση,Fabrication en série,fr
Αποφασιστικότητα του Τιτάνα,Détermination du titan,fr
Αρετή του Μάρτυρα,Vertu du martyr,fr
Ασημένιο Κουτάλι,Par ici l'XP,fr
Ασπίδα για Έναν,Lithoplastron solo,fr
Ασπίδα του Συμβούλου,Bouclier du Tacticien,fr
Αστρικός Συνδυασμός,Combo stellaire,fr
Αστρομάντης,Visionnaire,fr
Ατσάλινοι Πόροι,Entre les PO et l'enclume,fr
Αυγή στο Σίλβερμιρ,Aube de Haut-Lac-d'Argent,fr
Αυτοσχέδια Πανοπλία,Armure improvisée,fr
Αφύπνιση Ψυχής,Éveil de l'âme,fr
Βάρα και Σκάσε,Butin varié,fr
Βάρδος,Bard,fr
Βέιγκαρ,Veigar,fr
Βίκτορ,Viktor,fr
Βίκτορ της Απόκρυφης Γνώσης,Arcaniquement Viktor-ieux,fr
Βαρύ Τίμημα,Pas le choix,fr
Βελτιστοποίηση,Suppresseur doré,fr
Βεξ,Vex,fr
Βιονικά Εμφυτεύματα,Implants cybernétiques,fr
Βιονική Ζεύξη,Liaison cybernétique,fr
Βοσκός,Berger,fr
Βρες Το Κέντρο Σου,Centre d'excellence,fr
Γ.Μ.Τ. Σπαθί,BF Glaive,fr
Γάντι του Κενού,Gantelet du Néant,fr
Γάντια Μονομαχίας,Gants d'entraînement,fr
Γάντια του Κλέφτη,Gants de voleur,fr
Γάντια του Φούρναρη,Moufles,fr
Γαλαξιακός Κυνηγός,Chasseur galactique,fr
Γαριδρομέας,Carapateur,fr
Γιαταγάνι Φαντασμάτων,Sabre spectral,fr
Γκναρ,Gnar,fr
Γκουέν,Gwen,fr
Γκράγκας,Gragas,fr
Γκρέιβς,Graves,fr
Γκόλεμ,Golem,fr
Γνωσιακή Υπερφόρτιση,Surcharge cognitive,fr
Γνωσιακό Κόστος,Charge cognitive,fr
Γρήγορη Διπλή Εξόντωση,Deux de moins,fr
Γρήγορη Εκκίνηση,Coup d'envoi,fr
Δάκρυ της Θεάς,Larme de la déesse,fr
Δάνειο για προχωρημένους,Prêt anticipé,fr
Δίδυμοι Φύλακες,Gardiens jumeaux,fr
Δεν Υποχωρούμε,Tenir le front,fr
Δεσμευτική Στρατηγική,Typologie,fr
Διάβρωση,Corrosion,fr
Διάταξη,Première ligne,fr
Διαδρομή Πολέμου,Récompenses de guerre,fr
Διαστημικός Ρυθμός,Astro-groove,fr
Διεκδικητής,Challenger,fr
Διεφθαρμένο Βαμπιρικό Σκήπτρο,Sceptre vampirique corrompu,fr
Διοικήτρια Άνιμα,Commandant d'Anima,fr
Διοικητής,Commandante,fr
Διπλή Αξία,Avènement des deux,fr
Δοκίμασε Την Τύχη Σου,Vous vous sentez en veine ?,fr
Δόντι του Νάσορ,Dent de Nashor,fr
Δόρυ του Σοτζίν,Lance de Shojin,fr
Δύο Ντούκια,Tanks jumeaux,fr
Δώρο Γενεθλίων,Cadeau d'anniversaire,fr
Δώσε,Tout doit disparaître,fr
Εδραιωμένη Εμπροσθοφυλακή,Fondation de première ligne,fr
Εδώ οι Καλές Ενισχύσεις,Buffs à gogo,fr
Εδώ το Παραδάκι,Avidité,fr
Ειδικός Τελικών Σταδίων Παιχνιδιού,Spécialiste des fins de partie,fr
Εισβολέας Ζεντ,Zed,fr
Εκπαίδευση Σωματοφύλακα,Formation de Garde du corps,fr
Εκπτώσεις-φωτιά,Cleptomanie,fr
Εκρηκτική Ανάπτυξη,Croissance explosive,fr
Εκστρατεία,Expédition,fr
Ελαφρώς Μαγική Ζαριά,Dés légèrement magiques,fr
Ελεύθερος Σκοπευτής,Sniper,fr
Εμπορικός Πυρήνας,Relances régulières,fr
Εμπορικός Τομέας,Secteur commercial,fr
Εμπροσθοφυλακή,Initiateur,fr
Ενισχυμένη Ισχύς,Optimisation optimisée,fr
Εξολοθρευτής,Éradicateur,fr
Εξόριστοι,Exilés,fr
Εξύψωση,Ascension,fr
Επέκταση,Aléatoire jacta est,fr
Επένδυση,Investissement,fr
Επίχρυσο Ατσάλι,Acier doré,fr
Επαγγελματίας Δολοφόνος,Tueur à gages,fr
Επαγγελματίας Μαχητής,Triomphe,fr
Επανεκκίνηση Αποστολής,Nouveau départ,fr
Επιζών,Survivant,fr
Επικίνδυνες Κινήσεις,L'amour du risque,fr
Επικό Μπαρμπούτι,Relances épiques,fr
Επιλέξτε Χαρακτηριστικό,Choisissez un type,fr
Επόμενη Πίστα!,Niveau supérieur !,fr
Εστιασμένο Πυρ,Feu concentré,fr
Ευελιξία,Emblématique,fr
Ευλογία Ανάστασης,Bénédiction de résurrection,fr
Ευλογία του Νταή,Bénédiction du Ferrailleur,fr
Ευπροσάρμοστο Κράνος,Casque adaptatif,fr
Εφεδρικά Τόξα,Arcs à gogo,fr
Ζάια,Xayah,fr
Ζέφυρος,Zéphyr,fr
Ζεντ,Zed,fr
Ζεύξη με Ντρόουν,Liaison de drone,fr
Ζοφερός Κήρυκας του Ζέκε,Blason lugubre de Zeke,fr
Ζωντανή Πυρά,Forgeron ambulant,fr
Ζόη,Zoé,fr
Ζώνη του Γίγαντα,Ceinture du géant,fr
Η Έξαρση της Κέιλ,Exaltation de Kayle,fr
Η Ακτινοβόλος Έξαρση της Κέιλ,Exaltation radieuse de Kayle,fr
Η Αύρα της Άρι,Aura d'Ahri,fr
Η Εμμονή του Βάρους,Obsession de Varus,fr
Η Μεγάλη Έκρηξη,Big Bang,fr
Η Ξιφασκία του Υασούο,Maîtrise de l'épée de Yasuo,fr
Η Υπομονή Είναι Αρετή,Jeu de patience,fr
Η Υπομονή του Έκκο,Patience d'Ekko,fr
Η Ψυχή του Πάρτι,Bête de scène,fr
Η ομάδα πάνω απ' όλα,Cours de soutien,fr
Ηλεκτροφόρτιση,Électrocharge,fr
Ημιαγωγός,Semi-conducteur,fr
Ηρωικός Σάκος Δώρων,Besace héroïque,fr
Θέατρο Σκιών,Clone des ombres,fr
Θέληση του Ροπάλου,Volonté de la massue,fr
Θαμμένοι Θησαυροί,Trésors enfouis,fr
Θανάσιμα Καπέλα,Coiffes mortelles,fr
Θεά των Όπλων,Déesse des flingues,fr
Θεϊκή Ευλογία,Béni des dieux,fr
Θεϊκός Μονομάχος,Duelliste divine,fr
Θυσία Αίματος,Offrande sanguinaire,fr
Θώρακας Κισσού,Armure roncière,fr
Ιαματικός Αντίλαλος,Échos réparateurs,fr
Ιλλαόη,Illaoi,fr
Ιστορική Ανατροπή,Tentative de comeback,fr
Ιόνιος Σπίθα,Étincelle ionique,fr
Κάδος με Παλιοσίδερα,Bac de recyclage,fr
Κάι'Σα,Kai'Sa,fr
Κάλεσμα στο Χάος,Appel du chaos,fr
Κάπα του Συμβούλου,Cape du Tacticien,fr
Κάρμα,Karma,fr
Κάτι Κάνω και Εγώ,Butin funéraire,fr
Κέιτλιν,Caitlyn,fr
Κήρυκας του Ζέκε,Blason de Zeke,fr
Κίντρεντ,Kindred,fr
Καβγατζής,Bagarreur,fr
Καθαρό Μυαλό,Lucidité,fr
Κακόβουλα Έσοδα,Monétisation malveillante,fr
Καλά Φιλαράκια,Meilleurs amis,fr
Κανόνι από Γυαλί,Canon de verre,fr
Καπέλο του Ράμπαντον,Coiffe de Rabadon,fr
Καρδιά από Ατσάλι,Cœur d'acier,fr
Καταιγίδα του Λούντεν,Tempête de Luden,fr
Καταναλωτική Μανία,Shopping intensif,fr
Καταραμένη Λεπίδα,Lame maudite,fr
Καταραμένο Πετράδι,Joyau putréfiant,fr
Καταραμένο Στέμμα,Couronne maudite,fr
Καταστροφέας,Désespoir,fr
Κατοπτρισμένη Προσωπικότητα,Personnalité miroir,fr
Κατώτερη Κατοπτρισμένη Προσωπικότητα,Personnalité miroir mineure,fr
Καχουναχούνα,Kahuna,fr
Κολοσσιαία Ύδρα,Hydre titanesque,fr
Κοσμική Επανεκκίνηση,Réinitialisation cosmique,fr
Κουζίνα του Συμβούλου,Cuisine du Tacticien,fr
Κουκλοποίηση,Mannequinification,fr
Κούκλα Εκπαίδευσης,Mannequin d'entraînement,fr
Κούκλες Δοκιμής Σύγκρουσης,Mannequins de choc,fr
Κρίσιμη Επιτυχία,Gants à gogo,fr
Κριτής,Juge stellaire,fr
Κρυφό Εργαστήριο,Forge à retardement,fr
Κυνήγι Θησαυρού,Chasse au trésor,fr
Κυρτό Τόξο,Arc courbe,fr
Κόκκινη Ενίσχυση,Buff rouge,fr
Κόπανος Εφόδου,Fléau vengeur,fr
Κόρκι,Corki,fr
Κύπελλο της Δύναμης,Calice de puissance,fr
ΛεΜπλάν,LeBlanc,fr
Λεγεώνα των Τριών,Légion des trois,fr
Λειτουργία Αγωγού,Mode Canalisateur,fr
Λειτουργία Αντιγραφέα,Mode Réplicateur,fr
Λειτουργία Διεκδικητή,Mode Challenger,fr
Λελογισμένη Ήττα,Défaite planifiée,fr
Λεπίδα Θανάτου,Lame funeste,fr
Λεπίδα της Νύχτας,Manteau de la nuit,fr
Λεόνα,Leona,fr
Ληστεία Συστατικών,Composants de guerre,fr
Λισάντρα,Lissandra,fr
Λογαριασμός Ταμιευτηρίου,Compte épargne,fr
Λούλου,Lulu,fr
Λυτρωτής,Rédempteur,fr
Μάζωξη γενεθλίων,Réunion d'anniversaire,fr
Μάντης,Oracle,fr
Μάστερ Γι,Maître Yi,fr
Μέγιστο Build,Duplication,fr
Μένουμε Ενωμένοι,Partage emblématique,fr
Μίλιο,Milio,fr
Μίνι Μαύρη Τρύπα,Mini trou noir,fr
Μαγική Ζαριά,Dés magiques,fr
Μαγικό Υφαντό,Mana magique,fr
Μαγοτεχνικό Σπαθοπίστολο,Pistolame Hextech,fr
Μαζί Ενωμένοι,Soutien indéfectible,fr
Μαζί στο Φως των Προβολέων του Υασούο,Célébrité partagée de Yasuo,fr
Μαθήματα Πυγμαχίας,Ligne de front,fr
Μανδύας Εξουδετέρωσης,Manteau de Négatron,fr
Μανδύας του Ήλιου,Cape solaire,fr
Μαοκάι,Maokai,fr
Μεγάλοι Και Τρανοί,Grandeur et démesure,fr
Μερική Εξύψωση,Ascension partielle,fr
Μεταφορά Φορτίου,Transfert,fr
Μια Ένδοξη Περιπέτεια,Une aventure exaltante,fr
Μικροί Στο Μάτι,Petits mais costauds,fr
Μικροσκοπικοί Τιτάνες,P'tits titans,fr
Μικρούληδες Φίλοι,Choristes,fr
Μικρός Σάκος Δώρων,Petit sac de butin,fr
Μιπ,Meeple,fr
Μιπίδιο,Marguereep,fr
Μις Φόρτσουν,Miss Fortune,fr
Μοργκάνα,Morgana,fr
Μορελονομικόν,Morellonomicon,fr
Μορντεκάιζερ,Mordekaiser,fr
Μπελ'Βεθ,Bel'Veth,fr
Μπλίτζκρανκ,Blitzcrank,fr
Μπλε Ενίσχυση,Buff bleu,fr
Μπονκ!,Bonk !,fr
Μπράιαρ,Briar,fr
Νάμι,Nami,fr
Νάσους,Nasus,fr
Νεοσύλλεκτος,Nouvelle recrue,fr
Νούνου και Γουίλαμπ,Nunu et Willump,fr
Ντιάνα,Diana,fr
Ντόρτια,Puissance 4,fr
Νύχι του Δράκου,Griffe de dragon,fr
Νύχια του Λωποδύτη,Griffes du rôdeur,fr
Ο Δολοφόνος που δεν Κάνει Διακρίσεις,Tueur impitoyable,fr
Ο Πάγκος της Πανδώρας,Banc de Pandore,fr
Ο Πρωταγωνιστής δεν Πεθαίνει,Résistance acharnée,fr
Ο Πύργος,La Tour,fr
Ο Χρυσός Δράκος,Mailles en or,fr
Ο πιο Μικροσκοπικός Τιτάνας,Mini-Tacticien,fr
"ΟΧΙ ΠΑΡΑΚΟΛΟΥΘ., ΟΧΙ ΑΛΛΑΓΕΣ",Obstination,fr
Οι Απροσάρμοστοι,Touche-à-tout,fr
"Οικονόμος, όχι Τσιγκούνης",Dépense réfléchie,fr
Ολοκαίνουργιο,Flambant neuf,fr
Ομαδική Αγκαλιά,Câlin collectif,fr
Οπτικά Συστήματα Στόχευσης,Optique de verrouillage,fr
Οργή του Κράκεν,Fureur du kraken,fr
Οργανικό Εμφύτευμα,Implant cybernétique,fr
Οργισμένο Σπαθί του Γκουίνσου,Lame enragée de Guinsoo,fr
Ορν,Ornn,fr
Ουρά Αναμονής Για Δύο,Aléatoirement vôtre,fr
Ούργκοτ,Urgot,fr
Πάικ,Pyke,fr
Πάνθεον,Pantheon,fr
Πέπλο Δειλινού,Linceul de la congruence,fr
Πέπλο της Σιωπής,Linceul d'apaisement,fr
Πέτρινη Πανοπλία του Γκαργκόιλ,Lithoplastron de gargouille,fr
Πακέτο Ενίσχυσης,Booster,fr
Πακέτο Φροντίδας,Ravitaillement,fr
Πανοπλία του Γόρμογκ,Armure de Warmog,fr
Παρανοϊκό Ξίφος,Au bout du rouleau,fr
Παρασιτική Ζωτικότητα,Vitalité vampirique,fr
Παρενέργειες,Effets secondaires,fr
Περίσσευμα Ζωνών,Abondance de ceintures,fr
Περίσσευμα Ραβδιών,Abondance de baguettes,fr
Περίσσευμα Σπαθιών,Abondance de glaives,fr
Περίτεχνη Δημιουργία,Maîtrise de l'artisanat,fr
Περικάρπιο του Ερευνητή,Protège-bras du savant,fr
Περιττά Τεράστια Ράβδος,Baguette trop grosse,fr
Περπάτα στα Κάρβουνα,Allumer le feu,fr
Πετραδένιο Γάντι,Gantelet précieux,fr
Πετραδένιος Λωτός,Lotus précieux,fr
Πηγαίνοντας Μακριά,Expérience à tout prix,fr
Πιο Θανάσιμες Λεπίδες,Lames tueuses,fr
Πλέγμα Κακόβουλου Λογισμικού,Matrice,fr
Πνεύμα Λύτρωσης,Esprit de la Rédemption,fr
Πολλά Στατιστικά!,Stats à foison !,fr
Πολλές Ανανεώσεις,Jour de relance,fr
Πολυκαιρισμένο Κειμήλιο,Relique flétrie,fr
Πολυτελής Συνδρομή,Abonnement premium,fr
Πολύπλευρο Κέρδος,Sauter une classe,fr
Πριμόρντιαν,Primordien,fr
Πρισματικό Εισιτήριο,Ticket prismatique,fr
Προνοητική Σκέψη,Investissement sur le futur,fr
Προστασία από Άπειρο,Protection infinie,fr
Προτείχισμα,Bastion,fr
Προτείχισμα,Pavois,fr
Πρόκληση του Στέρακ,Gage de Sterak,fr
Πρώιμες Διδαχές,Leçons de combat,fr
Πόπι,Poppy,fr
Πύλη Ζζ'Ροτ,Portail de Zz'Rot,fr
Ράαστ,Rhaast,fr
Ράβδος του Κενού,Bâton du vide,fr
Ράβδος των Σεραφίμ,Bâton angélique,fr
Ράμους,Rammus,fr
Ρίβεν,Riven,fr
Ραβδί Αρχάγγελου,Bâton de l'archange,fr
Ρεκ'Σάι,Rek'Sai,fr
Σάκος Δώρων,Sac de butin,fr
Σάκος Δώρων του Ουρφ,Besace d'Urf,fr
Σάκος Μεγάλου Κάβουρα,Super sac de butin,fr
Σαμίρα,Samira,fr
Σεν,Shen,fr
Σιδερόπλεκτο Γιλέκο,Cotte de mailles,fr
Σκοτεινή Κυρία,Dame sombre,fr
Σκοτεινό Άστρο,Pulsar sombre,fr
Σκοτεινός Ιππότης,Maraudeur,fr
Σκοτισμένο Μυαλό,Esprit encombré,fr
Σμιλεμένο με Δύναμη,Artefacts à la rescousse,fr
Σοκολατάκια,Objets blindés,fr
Σούφρωμα,Chapardage,fr
Σπάτουλα,Spatule,fr
Στέμμα του Συμβούλου,Couronne du Tacticien,fr
Στεμματοφύλακας,Couronne de la reine,fr
Στιλέτο Στατικού Ηλεκτρισμού,Poignard de Statikk,fr
Στόχος μας τα Άστρα,Jaximus,fr
Συγκέντρωση Δυνάμεων,Second souffle,fr
Συγκέντρωση Ορίζοντα,Concentration lointaine,fr
Συμμορία,Bande de voleurs,fr
Συμμορία II,Bande de voleurs II,fr
Συνδρομητική Υπηρεσία,Abonnement,fr
Συνεχής Επίκληση,Baguettes à gogo,fr
Συντήρηση Βιοΰλης,Conservateur de biomatière,fr
Σφαίρες Θεραπείας,Orbes de soins,fr
Σχέδιο Οπισθοφυλακής,Stratégie de ligne arrière,fr
Σόλο Άνοδος Επιπέδου,Solo Leveling,fr
Σόνα,Sona,fr
Σύμμαχος του Οδοιπόρου,Don du gardien,fr
Σύσφιξη Δεσμών,Esprit d'équipe,fr
Τάλον,Talon,fr
Τίμο,Teemo,fr
Τα Δάκρυα Κύλησαν,Larmes à gogo,fr
Ταμ Κεντς,Tahm Kench,fr
Ταμπλό του Ήλιου,Plateau solaire,fr
Ταξιδευτής,Voyageur,fr
Τελευταίος Ψίθυρος,Dernier souffle,fr
Τερμιπική Ταχύτητα,À toute meepesse,fr
Τεχνίτης Ραβδιών,Fabricant de baguettes,fr
Τεχνίτης Σπαθιών,Armurier,fr
Τζαξ,Jax,fr
Τζιν,Jhin,fr
Τζινξ,Jinx,fr
Τηγάνι,Poêle à frire,fr
Τιμή σε Αίμα,Sanguinaire,fr
Τιμή του Πολέμαρχου,Honneur du Maître de guerre,fr
Το Ένστικτο της Έβελιν,Instinct d'Evelynn,fr
Το Δέντρο των Χαρακτηριστικών,Emblématiquement,fr
Το Δώρο της Άρι,Bénédiction d'Ahri,fr
Το Δώρο της Έβελιν,Bénédiction d'Evelynn,fr
Το Δώρο της Κέιλ,Bénédiction de Kayle,fr
Το Δώρο της Σοράκα,Bénédiction de Soraka,fr
Το Δώρο του Έκκο,Bénédiction d'Ekko,fr
Το Δώρο του Βάρους,Bénédiction de Varus,fr
Το Δώρο του Θρες,Bénédiction de Thresh,fr
Το Δώρο του Υασούο,Bénédiction de Yasuo,fr
Το Δώρο του Ωρέλιον Σολ,Bénédiction d'Aurelion Sol,fr
Το Θαύμα της Σοράκα,Miracle de Soraka,fr
Το Λημέρι του Βαρόνου,Repaire du baron,fr
Το Μέγεθος Μετράει,Question de taille,fr
Το Πανίσχυρο Mech,Le Méga-mecha,fr
Το Στέμμα Είναι Βαρύ,Lourde est la couronne,fr
Το Τέχνασμα του Ουρφ,Gambit d'Urf,fr
Το Τεσσάρι το Καλό,Quatre cents coups,fr
Το Τόξο μου στη Διάθεσή σου,Mon arc est vôtre,fr
Το Φανάρι του Θρες,Lanterne de Thresh,fr
Το Χαρντκόρε Της Αυγής,Cœur de l'aube,fr
Το Χρυσό Αυγό,Œuf d'or,fr
Τονωτικό Μενταγιόν,Médaillon d'excitation,fr
Τουίστεντ Φέιτ,Twisted Fate,fr
Τρίδυμο,Tiercé,fr
Τρεμολεπίδες,Tremblelames,fr
Τσεκούρι της Κόλασης,Hachette infernale,fr
Τσο'Γκαθ,Cho'Gath,fr
Τυχερά Γάντια,Gants porte-bonheur,fr
Τόμος Χαρακτηριστικών,Tome des emblèmes,fr
"Τώρα Κλαις, Γιατί Κλαις",Océan de larmes,fr
Τώρα Που Έχω Ρέντα,Relances étoilées,fr
ΥΠΕΡΤΑΧYΤΑΤΟ ΠΥΡ,U.R.F.,fr
Υδράργυρος,Mercure,fr
Υπέρλαμπρος Κατεργάρης,Vaurien de la lumière,fr
Υπομονετική Μελέτη,Gagnant-gagnant,fr
Υφάντρα της Μοίρας,Tisse-destin,fr
Υψηλή Τάση,Haute tension,fr
Φαρμάρισμα Αύρας,Patience,fr
Φιζ,Fizz,fr
Φιόρα,Fiora,fr
Φλεγόμενο Ολμοβόλο,Canon ultrarapide,fr
Φολιδωτή Ουσία,Essence des Luminécailles,fr
Φονέας Γιγάντων,Tueur de géants,fr
Φορητό Εργαστήριο,Forge portative,fr
Φτιάξε Έναν Φίλο,Ami sur mesure,fr
Φτιάξε τον Δικό σου Φίλο,Champion en kit,fr
Φτιάξτε έναν σύντροφο,Achat 3 étoiles,fr
Φυλαχτό της Εξύψωσης,Talisman de l'ascension,fr
Χάλκινη για Πάντα,Bronze pour la vie,fr
Χέρι της Δικαιοσύνης,Main de la justice,fr
Χαμένες Συνδέσεις,Palier 1,fr
Χαράξτε Μονοπάτι,Glaives à gogo,fr
Χαρτζιλίκι,Le prix du sang,fr
Χρηματοθύελλα,Pluie d'argent,fr
Χρονοθραύστης,Brise-temps,fr
Χρυσό Εξάγωνο του Υασούο,Hexagone doré de Yasuo,fr
Χρυσό Ποντάρισμα,Pile ou face,fr
Χυμός Κάπα,Jus chapi-chapo,fr
Ψαροκόκκαλο,Poiscaille,fr
Ψυχογενές Έμβλημα,Emblème de Psionique,fr
Ψυχογενής,Psionique,fr
Ωρέλιον Σολ,Aurelion Sol,fr
Ωρολογιακός Επιταχυντής,Accélérateur mécanique,fr
Ωρόρα,Aurora,fr
Авангард,Initiateur,fr
Аврора,Aurora,fr
Агрессивная монетизация,Monétisation malveillante,fr
Адаптивный шлем,Casque adaptatif,fr
Акали,Akali,fr
Арбитр,Juge stellaire,fr
Арена солнечного пламени,Plateau solaire,fr
Атрокс,Aatrox,fr
Аугментированная сила,Optimisation optimisée,fr
Аура Ари,Aura d'Ahri,fr
Аурелион Сол,Aurelion Sol,fr
Бард,Bard,fr
Башня,La Tour,fr
Бел'Вет,Bel'Veth,fr
Бесконечное отчаяние,Désespoir infini,fr
Благословлен.,Béni des dieux,fr
Близость удачи,Vous vous sentez en veine ?,fr
Блицкранк,Blitzcrank,fr
Божественный дуэлянт,Duelliste divine,fr
Более смертельные шляпы,Coiffes mortelles,fr
Больше – лучше,Question de taille,fr
Большой взрыв,Big Bang,fr
Большой мешок с сюрпризом,Super sac de butin,fr
Боньк!,Bonk !,fr
Брайер,Briar,fr
Бронза навек,Bronze pour la vie,fr
Бунтари,Touche-à-tout,fr
Буря Людена,Tempête de Luden,fr
Бустер,Booster,fr
В лучах славы (Ясуо),Célébrité partagée de Yasuo,fr
В ударе,Relances étoilées,fr
Варежки,Moufles,fr
Вверх по головам,Connivence,fr
Вейгар,Veigar,fr
Векс,Vex,fr
Вербовка,Nouvelle recrue,fr
Верное сердце,Cœur intrépide,fr
Вестник Зика,Blason de Zeke,fr
Вестник рока,Désespoir,fr
Вечерний покров,Linceul de la congruence,fr
Вечное обновление,Jour de relance,fr
Вечный договор,Pacte éternel,fr
Взрывной рост,Croissance explosive,fr
Виктор,Viktor,fr
Возвышение Кейл,Exaltation de Kayle,fr
Возмездие,Justice critique,fr
Вознесение,Ascension,fr
Волевая победа,Tentative de comeback,fr
Воля булавы,Volonté de la massue,fr
Воровская шайка,Bande de voleurs,fr
Воровская шайка II,Bande de voleurs II,fr
Восстанавливающий медальон,Médaillon d'excitation,fr
Вредоносная матрица,Matrice,fr
Вредоносный самоцвет,Joyau putréfiant,fr
Второе дыхание,Second souffle,fr
Выбор особенности,Choisissez un type,fr
Выбор сделан,Obstination,fr
Выгодное предложение,Dépense réfléchie,fr
Выживший,Survivant,fr
Высокая ценность,Avènement des deux,fr
Высокое напряжение,Haute tension,fr
Галактика грува,Astro-groove,fr
Гамбит Урфа,Gambit d'Urf,fr
Гвен,Gwen,fr
Герб Лайтшилдов,Blason des Lightshield,fr
Геройский мешок с сюрпризом,Besace héroïque,fr
Гибкость,Emblématique,fr
Гнар,Gnar,fr
Голем,Golem,fr
Головокружение,Esprit encombré,fr
Головорез,Rebelle,fr
Горнило испытаний,Artefacts à la rescousse,fr
Грабеж,Chapardage,fr
Грагас,Gragas,fr
Грань Бесконечности,Lame d'infini,fr
Грань ночи,Manteau de la nuit,fr
Грейвз,Graves,fr
Гроза Личей,Fléau de liche,fr
Гроза галактики,Déesse des flingues,fr
Групповые обнимашки,Câlin collectif,fr
Гуляка,Bête de scène,fr
Да пребудет с вами сила четверки,Quatre cents coups,fr
Дальновидность,Investissement sur le futur,fr
Дар Ари,Bénédiction d'Ahri,fr
Дар Аурелиона Сола,Bénédiction d'Aurelion Sol,fr
Дар Варуса,Bénédiction de Varus,fr
Дар Кейл,Bénédiction de Kayle,fr
Дар Сораки,Bénédiction de Soraka,fr
Дар Треша,Bénédiction de Thresh,fr
Дар Эвелинн,Bénédiction d'Evelynn,fr
Дар Экко,Bénédiction d'Ekko,fr
Дар Ясуо,Bénédiction de Yasuo,fr
Дар возрождения,Bénédiction de résurrection,fr
Дар ремесленника,Bénédiction du Ferrailleur,fr
Два стража,Gardiens jumeaux,fr
Двойная защита,Tanks jumeaux,fr
Дебошир,Bagarreur,fr
Дерево особенностей,Emblématiquement,fr
Держать строй!,Tenir le front,fr
Держимся вместе,Partage emblématique,fr
Джакс,Jax,fr
Джин,Jhin,fr
Джинкс,Jinx,fr
Диана,Diana,fr
Добродетель мученика,Vertu du martyr,fr
Доспех Вармога,Armure de Warmog,fr
Драгоценная перчатка,Gantelet précieux,fr
Драгоценный лотос,Lotus précieux,fr
Дух искупления,Esprit de la Rédemption,fr
Жажда золота,Avidité,fr
Железный аргумент,Entre les PO et l'enclume,fr
Живая кузница,Forgeron ambulant,fr
Живучесть вампира,Vitalité vampirique,fr
Жулик,Gredin,fr
Задира,Challenger,fr
Закопанные сокровища,Trésors enfouis,fr
Западный ветер,Zéphyr,fr
Запасные луки,Arcs à gogo,fr
Запретный идол,Idole interdite,fr
Заточка Статикка,Poignard de Statikk,fr
Защита вечности,Protection infinie,fr
Звездная комбинация,Combo stellaire,fr
Звездочет,Visionnaire,fr
Звериный отряд,Section Anima,fr
Зед,Zed,fr
Зеркальное отражение,Personnalité miroir,fr
Златоносная сущность,Essence des Luminécailles,fr
Зов хаоса,Appel du chaos,fr
Зои,Zoé,fr
Золотая ячейка Ясуо,Hexagone doré de Yasuo,fr
Золотое яйцо,Œuf d'or,fr
Золотой дракон,Mailles en or,fr
Золотой риск,Pile ou face,fr
Золотой ураган,Pluie d'argent,fr
Зуб Нашора,Dent de Nashor,fr
Игра в команде,Cours de soutien,fr
Игра в паре,Aléatoirement vôtre,fr
Игра вдолгую,Expérience à tout prix,fr
Избиение,Tout doit disparaître,fr
Изгнание,Exilés,fr
Изогнутый лук,Arc courbe,fr
Иллаой,Illaoi,fr
Инвестиции,Investissement,fr
Инстинкты Эвелинн,Instinct d'Evelynn,fr
Ионийская искра,Étincelle ionique,fr
Искупитель,Rédempteur,fr
Искусное искусство,Maîtrise de l'artisanat,fr
Испытание Стерака,Gage de Sterak,fr
Иссушенная реликвия,Relique flétrie,fr
Истребитель,Éradicateur,fr
Кай'Са,Kai'Sa,fr
Какой ценой?,Pas le choix,fr
Каменный доспех гаргульи,Lithoplastron de gargouille,fr
Карма,Karma,fr
Карманные деньги,Le prix du sang,fr
Карьерный рост,Ascension sociale,fr
Кахунахуна,Kahuna,fr
Кейтлин,Caitlyn,fr
Киберимпланты,Implants cybernétiques,fr
Киберподдержка,Liaison cybernétique,fr
Киндред,Kindred,fr
Клинок смерти,Lame funeste,fr
Клинок ярости Гинсу,Lame enragée de Guinsoo,fr
Клятва защитника,Vœu du protecteur,fr
Клятва рыцаря,Vœu du chevalier,fr
Книга особенностей,Tome des emblèmes,fr
Когнитивная нагрузка,Charge cognitive,fr
Когнитивная перегрузка,Surcharge cognitive,fr
Коготь дракона,Griffe de dragon,fr
Коготь охотника,Griffes du rôdeur,fr
Кольчуга,Cotte de mailles,fr
Командир,Commandante,fr
Командир Звериного отряда,Commandant d'Anima,fr
Конструктор,Champion en kit,fr
Копье Седзина,Lance de Shojin,fr
Корки,Corki,fr
Королевский венец,Couronne de la reine,fr
Корона тактика,Couronne du Tacticien,fr
Коррозия,Corrosion,fr
Космическое обновление,Réinitialisation cosmique,fr
Кража компонентов,Composants de guerre,fr
Красное усиление,Buff rouge,fr
Критический успех,Gants à gogo,fr
Кровавая цена,Sanguinaire,fr
Кровавое подношение,Offrande sanguinaire,fr
Кровопийца,Soif-de-sang,fr
Крошки-великаны,P'tits titans,fr
Крупный займ,Prêt anticipé,fr
Кузница апофеоза,Forge divine,fr
Кусочек жизни,Crescendo aléatoire,fr
Кухня тактика,Cuisine du Tacticien,fr
Ле Блан,LeBlanc,fr
Легион троек,Légion des trois,fr
Леденящий Вестник Зика,Blason lugubre de Zeke,fr
Леона,Leona,fr
Летающие ножи,Tremblelames,fr
Лиссандра,Lissandra,fr
Логово Барона,Repaire du baron,fr
Лопатка,Spatule,fr
Лулу,Lulu,fr
Лучезарное возвышение Кейл,Exaltation radieuse de Kayle,fr
Лучезарный плут,Vaurien de la lumière,fr
Лучшая сборка,Duplication,fr
Лучшие друзья,Meilleurs amis,fr
Магические кости,Dés magiques,fr
"Мал, да удал",Petits mais costauds,fr
Малая черная дыра,Mini trou noir,fr
Маленькие друзья,Choristes,fr
Малое Зеркальное отражение,Personnalité miroir mineure,fr
Манекенофикация,Mannequinification,fr
Манекены для краш-тестов,Mannequins de choc,fr
Мантия тактика,Cape du Tacticien,fr
Маокай,Maokai,fr
Мародер,Maraudeur,fr
Мастер Йи,Maître Yi,fr
Мастер мечей,Armurier,fr
Мастер посохов,Fabricant de baguettes,fr
Мастерство Ясуо,Maîtrise de l'épée de Yasuo,fr
Медальон Железных Солари,Médaillon de l'Iron Solari,fr
Мешок предметов,Sac de butin,fr
Мешок с сюрпризом Урфа,Besace d'Urf,fr
Милио,Milio,fr
Минмаксинг,Suppresseur doré,fr
Мипер,Meeple,fr
Мипоритка,Marguereep,fr
Мисс Фортуна,Miss Fortune,fr
Могучие исполины,Grandeur et démesure,fr
Моргана,Morgana,fr
Мордекайзер,Mordekaiser,fr
Мореллономикон,Morellonomicon,fr
Мощь на позднем этапе,Fin de partie,fr
Н.О.В.А.,N.O.V.A.,fr
Набор ауры,Patience,fr
Наемный убийца,Tueur à gages,fr
Накидка солнечного пламени,Cape solaire,fr
Накопитель биомассы,Conservateur de biomatière,fr
Накопительный вклад,Compte épargne,fr
Нами,Nami,fr
Наручи Искательницы,Protège-bras du savant,fr
Настоящий триумф,Sauter une classe,fr
Насус,Nasus,fr
Небольшой мешок с сюрпризом,Petit sac de butin,fr
Непрерывное колдовство,Baguettes à gogo,fr
Несокрушимый,Bastion,fr
Нет на месте,AFK,fr
Неукротимость,L'indomptable,fr
Нечестивый Вампирский скипетр,Sceptre vampirique corrompu,fr
Новинка,Flambant neuf,fr
Новый уровень!,Niveau supérieur !,fr
Номер один,Palier 1,fr
Нуну и Виллумп,Nunu et Willump,fr
Облачение духов,Visage spirituel,fr
Обновление с капелькой магии,Dés légèrement magiques,fr
Одержимость Варуса,Obsession de Varus,fr
Один доспех,Lithoplastron solo,fr
"Один, два, три","Un, deux, trois",fr
"Одно усиление, два усиления",Buffs à gogo,fr
Ожидаемая неожиданность,Lancer de dés,fr
Оплот,Pavois,fr
Оплот передней линии,Fondation de première ligne,fr
Оправданное ожидание,Attente récompensée,fr
Оптика с захватом цели,Optique de verrouillage,fr
Оракул,Oracle,fr
Орн,Ornn,fr
Охота за сокровищами,Chasse au trésor,fr
Охотник Галактики,Chasseur galactique,fr
Пайк,Pyke,fr
Пантеон,Pantheon,fr
Пастух,Berger,fr
Перезапуск миссии,Nouveau départ,fr
Переизбыток жезлов,Abondance de baguettes,fr
Переизбыток мечей,Abondance de glaives,fr
Переизбыток поясов,Abondance de ceintures,fr
Перенос заряда,Transfert,fr
Переносная кузница,Forge portative,fr
Переработка отходов,Bac de recyclage,fr
Перчатка Бездны,Gantelet du Néant,fr
Перчатки вора,Gants de voleur,fr
Плетение магии,Mana magique,fr
Плечом к плечу,Soutien indéfectible,fr
Победа Виктора из ''Аркейна'',Arcaniquement Viktor-ieux,fr
Побочные эффекты,Effets secondaires,fr
Поглощающий плащ,Manteau de Négatron,fr
Подарок на день рождения,Cadeau d'anniversaire,fr
Подготовка телохранителя,Formation de Garde du corps,fr
Поднятие уровня в одиночку,Solo Leveling,fr
Подозрительный плащ,Trench-coat suspect,fr
Подписка,Abonnement,fr
Позолоченная сталь,Acier doré,fr
Покров тишины,Linceul d'apaisement,fr
Покупки,Shopping intensif,fr
Полупроводник,Semi-conducteur,fr
Поппи,Poppy,fr
Портал Зз'Рота,Portail de Zz'Rot,fr
Посох Бездны,Bâton du vide,fr
Посох архангела,Bâton de l'archange,fr
Посох серафима,Bâton angélique,fr
Построение,Première ligne,fr
Посылка,Ravitaillement,fr
Пояс великана,Ceinture du géant,fr
Празднование юбилея,Réunion d'anniversaire,fr
Предметы Пандоры,Objets de Pandore,fr
Предсмертный шепот,Dernier souffle,fr
Приз победителю,Triomphe,fr
Призматический билет,Ticket prismatique,fr
Призрачная сабля,Sabre spectral,fr
Прицельная стрельба,Feu concentré,fr
Пришелец Зед,Zed,fr
Пробуждение души,Éveil de l'âme,fr
Проводник,Canalisateur,fr
Прокладывание пути,Glaives à gogo,fr
Проклятая корона,Couronne maudite,fr
Проклятый клинок,Lame maudite,fr
Псионик,Psionique,fr
Пугливый краб,Carapateur,fr
Путь к вершине,Une aventure exaltante,fr
Путь к звездам,Jaximus,fr
Рааст,Rhaast,fr
"Раз, два, пять!",Butin aléatoire,fr
Разрушитель времени,Brise-temps,fr
Раммус,Rammus,fr
Ранние уроки,Leçons de combat,fr
Распаленное пламя,Allumer le feu,fr
Расползающиеся корни,Enracinement,fr
Распродажа,Cleptomanie,fr
Расширение дела,Aléatoire jacta est,fr
Режим задиры,Mode Challenger,fr
Режим проводника,Mode Canalisateur,fr
Режим репликатора,Mode Réplicateur,fr
Рек'Сай,Rek'Sai,fr
Рекомбинатор,Recombobulateur,fr
Реликт,Primordien,fr
Репликатор,Réplicateur,fr
Репликация,Fabrication en série,fr
Решимость титана,Détermination du titan,fr
Ривен,Riven,fr
Рискованный ход,L'amour du risque,fr
Робот,Mecha,fr
Роскошная подписка,Abonnement premium,fr
Рука правосудия,Main de la justice,fr
С места в карьер,Coup d'envoi,fr
С тобой мой лук,Mon arc est vôtre,fr
Самира,Samira,fr
Самодельный доспех,Armure improvisée,fr
Самый Лучший Меч,BF Glaive,fr
Самый крошечный великан,Mini-Tacticien,fr
Самый могучий робот,Le Méga-mecha,fr
Свежая поставка,Butin varié,fr
Сверхмипная скорость,À toute meepesse,fr
Связь с дроном,Liaison de drone,fr
Серебряная ложка,Par ici l'XP,fr
Сильвермирская заря,Aube de Haut-Lac-d'Argent,fr
Симпатический имплант,Implant cybernétique,fr
Синее усиление,Buff bleu,fr
Скамейка Пандоры,Banc de Pandore,fr
Скелетница,Poiscaille,fr
Сковородка,Poêle à frire,fr
Скорострельная пушка,Canon ultrarapide,fr
Сладкие угощения,Objets blindés,fr
Слеза богини,Larme de la déesse,fr
Слезы рекой,Océan de larmes,fr
Слишком Большой Жезл,Baguette trop grosse,fr
Смертельная шляпа Рабадона,Coiffe de Rabadon,fr
Смертоносные клинки,Lames tueuses,fr
Смерть Разума,Au bout du rouleau,fr
Снайпер,Sniper,fr
Создание друга,Ami sur mesure,fr
Создание спутника,Achat 3 étoiles,fr
Сона,Sona,fr
Союзник,Don du gardien,fr
Специалист по поздним этапам,Spécialiste des fins de partie,fr
Спящая кузница,Forge à retardement,fr
Стальное сердце,Cœur d'acier,fr
Статическое электричество,Électrocharge,fr
Стеклянная пушка,Canon de verre,fr
Странник,Voyageur,fr
Страховой фонд,Spéculation,fr
Стремительное двойное убийство,Deux de moins,fr
Стремительное серебро,Mercure,fr
Струящиеся слезы,Larmes à gogo,fr
Суть коммерции,Relances régulières,fr
Сфера лечения,Orbes de soins,fr
Счастливые перчатки,Gants porte-bonheur,fr
Сюжетная защита,Résistance acharnée,fr
Таам Кенч,Tahm Kench,fr
Талисман вознесения,Talisman de l'ascension,fr
Талон,Talon,fr
Твистед Фэйт,Twisted Fate,fr
Темная звезда,Pulsar sombre,fr
Темная леди,Dame sombre,fr
Теневая марионетка,Clone des ombres,fr
Терновый жилет,Armure roncière,fr
Терпеливый ученик,Gagnant-gagnant,fr
Терпение,Jeu de patience,fr
Терпение Экко,Patience d'Ekko,fr
Тимбилдинг,Esprit d'équipe,fr
Тимо,Teemo,fr
Титаническая гидра,Hydre titanesque,fr
Ткач судьбы,Tisse-destin,fr
Тонны показателей!,Stats à foison !,fr
Топор адского пламени,Hachette infernale,fr
Торговый сектор,Secteur commercial,fr
Тренировочные перчатки,Gants d'entraînement,fr
Тренировочный манекен,Mannequin d'entraînement,fr
Триада,Tiercé,fr
Тропа войны,Récompenses de guerre,fr
Тяжел венец,Lourde est la couronne,fr
У.Р.Ф.,U.R.F.,fr
Убийство без разбора,Tueur impitoyable,fr
Убийца великанов,Tueur de géants,fr
Ургот,Urgot,fr
Уроки бокса,Ligne de front,fr
Физз,Fizz,fr
Фиора,Fiora,fr
Фонарь Треша,Lanterne de Thresh,fr
Хекстековый прицел,Concentration lointaine,fr
Хекстековый штык,Pistolame Hextech,fr
Хитрая тактика,Défaite planifiée,fr
Хоть какая-то польза,Butin funéraire,fr
Целеустремленность,Typologie,fr
Центр внимания,Centre d'excellence,fr
Цеп вышибалы,Fléau vengeur,fr
Часовой механизм,Accélérateur mécanique,fr
Частичное вознесение,Ascension partielle,fr
Чаша силы,Calice de puissance,fr
Чертеж для задней линии,Stratégie de ligne arrière,fr
Честь полководца,Honneur du Maître de guerre,fr
Четырехкратное усиление,Puissance 4,fr
Чо'Гат,Cho'Gath,fr
Чудо Сораки,Miracle de Soraka,fr
Шапучий напиток,Jus chapi-chapo,fr
Шая,Xayah,fr
Шен,Shen,fr
Щит тактика,Bouclier du Tacticien,fr
Эгида рассвета,Égide de l'aube,fr
Эгида сумерек,Égide du crépuscule,fr
Эзреаль,Ezreal,fr
Эксклюзивная кастомизация,Coup de chance,fr
Экспедиция,Expédition,fr
Эмблема Галактики грува,Emblème d'Astro-groove,fr
Эмблема Звериного отряда,Emblème de la Section Anima,fr
Эмблема Н.О.В.А.,Emblème de N.O.V.A.,fr
Эмблема Темной звезды,Emblème de Pulsar sombre,fr
Эмблема авангарда,Emblème d'Initiateur,fr
Эмблема арбитра,Emblème de Juge stellaire,fr
Эмблема головореза,Emblème de Rebelle,fr
Эмблема дебошира,Emblème de Bagarreur,fr
Эмблема задиры,Emblème de Challenger,fr
Эмблема звездочета,Emblème de Visionnaire,fr
Эмблема мародера,Emblème de Maraudeur,fr
Эмблема мипера,Emblème de Meeple,fr
Эмблема несокрушимого,Emblème de Bastion,fr
Эмблема пастуха,Emblème de Berger,fr
Эмблема псионика,Emblème de Psionique,fr
Эмблема разрушителя времени,Emblème de Brise-temps,fr
Эмблема реликта,Emblème de Primordien,fr
Эмблема снайпера,Emblème de Sniper,fr
Эмблема странника,Emblème de Voyageur,fr
Эпические обновления,Relances épiques,fr
Эпоха,Cycle épique,fr
Эхо восстановления,Échos réparateurs,fr
Ядро рассвета,Cœur de l'aube,fr
Ярость кракена,Fureur du kraken,fr
Ясный ум,Lucidité,fr
آتروكس,Aatrox,fr
أربعة تكسب ترقية,Puissance 4,fr
أصغر عملاق,Mini-Tacticien,fr
أطنان من الإحصاءات!,Stats à foison !,fr
أفضل الأصدقاء,Meilleurs amis,fr
أكالي,Akali,fr
أنيما,Section Anima,fr
أورغوت,Urgot,fr
أورن,Ornn,fr
أورورا,Aurora,fr
أوريليون سول,Aurelion Sol,fr
إرادة الصولجان,Volonté de la massue,fr
إزريال,Ezreal,fr
إعادة المهمة,Nouveau départ,fr
إيلاوي,Illaoi,fr
اتصالات فائتة,Palier 1,fr
اختر خاصية,Choisissez un type,fr
اختصاصي نهاية المباراة,Spécialiste des fins de partie,fr
استبدالٌ ملحمي,Relances épiques,fr
استحضار السحر المستمر,Baguettes à gogo,fr
اعثر على مركزك,Centre d'excellence,fr
الأحزمة الوفيرة,Abondance de ceintures,fr
الأربعة تربح,Quatre cents coups,fr
الأشقياء,Touche-à-tout,fr
الأصول الحديدية,Entre les PO et l'enclume,fr
الأقواس الاحتياطية,Arcs à gogo,fr
الأمر يستحق الانتظار,Attente récompensée,fr
الإنفاق الحكيم,Dépense réfléchie,fr
الاتصال الآلي,Liaison cybernétique,fr
الاتصال بالدرون,Liaison de drone,fr
الاختلاس,Chapardage,fr
الارتقاء,Ascension,fr
الارتقاء الجزئي,Ascension partielle,fr
الاستبدالات الوفيرة,Jour de relance,fr
الاستثمار,Investissement,fr
الاستثمار طويل الأجل,Expérience à tout prix,fr
الاستخلاص المفيد,Bac de recyclage,fr
الاستنساخ,Fabrication en série,fr
الاستهلاك ضروري,Tout doit disparaître,fr
الاشتراك الفخم,Abonnement premium,fr
الالتزام الصارم,Typologie,fr
الانفجار العظيم,Big Bang,fr
البداية الكونية الجديدة,Réinitialisation cosmique,fr
البرج,La Tour,fr
البرونزي حتى النهاية,Bronze pour la vie,fr
البيضة الذهبية,Œuf d'or,fr
التآكل,Corrosion,fr
التأثيرات الجانبية,Effets secondaires,fr
التاج الملعون,Couronne maudite,fr
التحفة الذابلة,Relique flétrie,fr
التحويل إلى دمية,Mannequinification,fr
الترقية!,Niveau supérieur !,fr
التشكيل الأقصى,Duplication,fr
التصنيع المتقن,Maîtrise de l'artisanat,fr
التغيب عن اللعب,AFK,fr
التفكير المتقدم,Investissement sur le futur,fr
التمثال المحرّم,Idole interdite,fr
التنين الذهبي,Mailles en or,fr
التوسع,Aléatoire jacta est,fr
الثقب الأسود الصغير,Mini trou noir,fr
الثلاثية,Tiercé,fr
الجوهرة المتلفة,Joyau putréfiant,fr
الحارسان التوأمان,Gardiens jumeaux,fr
الحجم مهم,Question de taille,fr
الحركات الخطرة,L'amour du risque,fr
الحركة التصاعدية,Ascension sociale,fr
الحقبة المميزة,Cycle épique,fr
الحمل المعرفي الزائد,Surcharge cognitive,fr
الحملة الاستكشافية,Expédition,fr
الخسارة المحسوبة,Défaite planifiée,fr
الخوذة المتكيفة,Casque adaptatif,fr
الدراسة الصابرة,Gagnant-gagnant,fr
الدرع الساتر,Linceul de la congruence,fr
الدروس المبكرة,Leçons de combat,fr
الدروع المؤقتة,Armure improvisée,fr
الدموع المتدفقة,Larmes à gogo,fr
الذهن الصافي,Lucidité,fr
الذهن المشوّش,Esprit encombré,fr
الرفاق الصغار,Choristes,fr
الرمية السحرية,Dés magiques,fr
الرمية السحرية المخفّفة,Dés légèrement magiques,fr
الرهان الذهبي,Pile ou face,fr
الزئبق,Mercure,fr
السترة المدببة,Armure roncière,fr
السترة المسلسلة,Cotte de mailles,fr
السحر المحبوك,Mana magique,fr
السعي نحو النجوم,Jaximus,fr
السيف الأبدي,Lame d'infini,fr
السيف الصاعق,Poignard de Statikk,fr
السيف الطيفي,Sabre spectral,fr
السيف الهائل,BF Glaive,fr
السيوف الوفيرة,Abondance de glaives,fr
السيولة,Gredin,fr
الشحنة الكهربائية,Électrocharge,fr
الشخصية المنعكسة,Personnalité miroir,fr
الشخصية المنعكسة المصغّرة,Personnalité miroir mineure,fr
الشرائح الآلية,Implants cybernétiques,fr
الشرارة الأيونية,Étincelle ionique,fr
الصامد,Survivant,fr
الصبر فضيلة,Jeu de patience,fr
الصغير الفتاك,Petits mais costauds,fr
الصنديد,L'indomptable,fr
الضريبة المعرفية,Charge cognitive,fr
الطابور الثنائي,Aléatoirement vôtre,fr
العمالقة الصغار,P'tits titans,fr
العملاق القوي,Grandeur et démesure,fr
العوائد الخبيثة,Monétisation malveillante,fr
الفوز الكبير,Sauter une classe,fr
الفولاذ المذهب,Acier doré,fr
الفيلق الثلاثي,Légion des trois,fr
القائدة,Commandante,fr
القاتل المأجور,Tueur à gages,fr
القتل المزدوج السريع,Deux de moins,fr
القصاص,Justice critique,fr
القصبات الوفيرة,Abondance de baguettes,fr
القفاز المرصع بالجواهر,Gantelet précieux,fr
القفازات,Moufles,fr
القلب الراسخ,Cœur intrépide,fr
القلب الفولاذي,Cœur d'acier,fr
القوس المنحني,Arc courbe,fr
الكنوز المدفونة,Trésors enfouis,fr
الكهرباء القوية,Haute tension,fr
اللعب الأمثل,Suppresseur doré,fr
اللوتس المرصع,Lotus précieux,fr
المبارزة السامية,Duelliste divine,fr
المتعطش للدماء,Soif-de-sang,fr
المحدق بالنجوم,Visionnaire,fr
المحفز الأحمر,Buff rouge,fr
المخلّص,Rédempteur,fr
المرن,Emblématique,fr
المستبدل العشوائي,Recombobulateur,fr
المصهر الحي,Forgeron ambulant,fr
المصهر الكامن,Forge à retardement,fr
المصهر المحمول,Forge portative,fr
المعطف المشبوه,Trench-coat suspect,fr
المغامرة الفخمة,Une aventure exaltante,fr
الملعقة الفضية,Par ici l'XP,fr
المنفيون,Exilés,fr
الموقف الحرج,Au bout du rouleau,fr
الميثاق الأزلي,Pacte éternel,fr
الميكا الجبار,Le Méga-mecha,fr
المُبيد,Éradicateur,fr
النجاح الحرج,Gants à gogo,fr
النجم المظلم,Pulsar sombre,fr
النسيم العليل,Zéphyr,fr
النصال الخاطفة,Tremblelames,fr
النصل الملعون,Lame maudite,fr
النمو المتفجر,Croissance explosive,fr
النوبة الثانية,Second souffle,fr
النيران المركزة,Feu concentré,fr
الهمسة الأخيرة,Dernier souffle,fr
الهيدرا العملاقة,Hydre titanesque,fr
الوسيط,Canalisateur,fr
الوغد المشع,Vaurien de la lumière,fr
انتصار فيكتور آركين,Arcaniquement Viktor-ieux,fr
بارد,Bard,fr
بانثيون,Pantheon,fr
بايك,Pyke,fr
براير,Briar,fr
برايمورديان,Primordien,fr
بكاء بلا جدوى,Océan de larmes,fr
بلورات العلاج,Orbes de soins,fr
بليتزكرانك,Blitzcrank,fr
بناء البطل,Champion en kit,fr
بناء الفريق,Esprit d'équipe,fr
بناء مرافق,Achat 3 étoiles,fr
بوابة ززروت,Portail de Zz'Rot,fr
بوبي,Poppy,fr
بيلفيث,Bel'Veth,fr
تأسيس الخط الأمامي,Fondation de première ligne,fr
تاج المخطِط,Couronne du Tacticien,fr
تالون,Talon,fr
تام كينش,Tahm Kench,fr
تخصيص حصري,Coup de chance,fr
تخفيضات نارية,Cleptomanie,fr
تدريب الحارس الشخصي,Formation de Garde du corps,fr
تذكرة موشورية,Ticket prismatique,fr
ترقية فردية,Solo Leveling,fr
تركيز الأفق,Concentration lointaine,fr
تسلّق سلم التصنيفات,Connivence,fr
تشكيل الصفوف,Première ligne,fr
تشكيل الفريق,Cours de soutien,fr
تشوغاث,Cho'Gath,fr
تعزيزٌ هنا وتعزيزٌ هناك,Buffs à gogo,fr
تغذية ألسنة اللهب,Allumer le feu,fr
تمجيد كايل,Exaltation de Kayle,fr
تمجيد كايل المشع,Exaltation radieuse de Kayle,fr
تميمة الارتقاء,Talisman de l'ascension,fr
توأم تانك,Tanks jumeaux,fr
توسع الجذور,Enracinement,fr
تويستد فايت,Twisted Fate,fr
تيمو,Teemo,fr
ثمن الدم,Sanguinaire,fr
جاكس,Jax,fr
جديد من المصنع,Flambant neuf,fr
جوع المال,Avidité,fr
جوهر التجارة,Relances régulières,fr
جوهر الحراشف اللامعة,Essence des Luminécailles,fr
جوهر الفجر,Cœur de l'aube,fr
جين,Jhin,fr
جينكس,Jinx,fr
حافظ المادة الحيوية,Conservateur de biomatière,fr
حاملة المصائب,Désespoir,fr
حامي التاج,Couronne de la reine,fr
حزام العملاق,Ceinture du géant,fr
حزمة الدعم,Booster,fr
حزمة الرعاية,Ravitaillement,fr
حساب الادخار,Compte épargne,fr
حصاد الهالة,Patience,fr
حصن,Bastion,fr
حقق مرادك,Butin varié,fr
حكاية العودة,Tentative de comeback,fr
حلوى لذيذة,Objets blindés,fr
حليف الوصي,Don du gardien,fr
حماية الخطوط,Tenir le front,fr
حماية اللانهاية,Protection infinie,fr
حيوية مصاص الدماء,Vitalité vampirique,fr
خانة ياسو الذهبية,Hexagone doré de Yasuo,fr
خدمة الاشتراك,Abonnement,fr
خطة عمل الخط الخلفي,Stratégie de ligne arrière,fr
درع الصدر المنفرد,Lithoplastron solo,fr
درع الغسق,Égide du crépuscule,fr
درع الفجر,Égide de l'aube,fr
درع المخطِط,Bouclier du Tacticien,fr
درع صدر مرزاب الحجري,Lithoplastron de gargouille,fr
درع وارموغ,Armure de Warmog,fr
دروس الملاكمة,Ligne de front,fr
دروع البطل,Résistance acharnée,fr
دعوة إلى الفوضى,Appel du chaos,fr
دفعة أولية,Coup d'envoi,fr
دكة بدلاء باندورا,Banc de Pandore,fr
دمعة الزعيمة,Larme de la déesse,fr
دمى اختبار التحطم,Mannequins de choc,fr
دمية التدريب,Mannequin d'entraînement,fr
دمية الظل,Clone des ombres,fr
ديانا,Diana,fr
راست,Rhaast,fr
راعي,Berger,fr
راموس,Rammus,fr
رامي,Sniper,fr
رحالة,Voyageur,fr
رقص الفضاء,Astro-groove,fr
رمح شوجين,Lance de Shojin,fr
رمز الدرع الخفيف,Blason des Lightshield,fr
رمية الحظ,Vous vous sentez en veine ?,fr
روح الافتداء,Esprit de la Rédemption,fr
رياح المال الموسمية,Pluie d'argent,fr
ريفت سكاتلر,Carapateur,fr
ريفين,Riven,fr
ريكساي,Rek'Sai,fr
زايا,Xayah,fr
زوي,Zoé,fr
زيادة القوة في نهاية المباراة,Fin de partie,fr
زيد,Zed,fr
زيد الغازي,Zed,fr
ستار السكون,Linceul d'apaisement,fr
سكين سلاح الهيكستيك,Pistolame Hextech,fr
سلفة قرض,Prêt anticipé,fr
سميرة,Samira,fr
سن ناشور,Dent de Nashor,fr
سونا,Sona,fr
سيدة الأسلحة,Déesse des flingues,fr
سيدة الظلام,Dame sombre,fr
شارة أنيما,Emblème de la Section Anima,fr
شارة الحصن,Emblème de Bastion,fr
شارة الراعي,Emblème de Berger,fr
شارة الرامي,Emblème de Sniper,fr
شارة الرحالة,Emblème de Voyageur,fr
شارة الطليعي,Emblème d'Initiateur,fr
شارة القاضي,Emblème de Juge stellaire,fr
شارة القوى الذهنية,Emblème de Psionique,fr
شارة المارق,Emblème de Rebelle,fr
شارة المتحدّي,Emblème de Challenger,fr
شارة المحدق بالنجوم,Emblème de Visionnaire,fr
شارة المشاجر,Emblème de Bagarreur,fr
شارة المغير,Emblème de Maraudeur,fr
شارة النجم المظلم,Emblème de Pulsar sombre,fr
شارة برايمورديان,Emblème de Primordien,fr
شارة رقص الفضاء,Emblème d'Astro-groove,fr
شارة صديق الميب,Emblème de Meeple,fr
شارة كاسر الزمن,Emblème de Brise-temps,fr
شارة نوفا,Emblème de N.O.V.A.,fr
شبه الناقل,Semi-conducteur,fr
شجرة الخواص,Emblématiquement,fr
شرف أمير الحرب,Honneur du Maître de guerre,fr
شريحة التعاطف,Implant cybernétique,fr
شق الدرب,Glaives à gogo,fr
شين,Shen,fr
صانع السيوف,Armurier,fr
صانع القصبات,Fabricant de baguettes,fr
صبر إيكو,Patience d'Ekko,fr
صحوة الروح,Éveil de l'âme,fr
صدى الشفاء,Échos réparateurs,fr
صديق الميب,Meeple,fr
صناعة صديق,Ami sur mesure,fr
صندوق التحوط,Spéculation,fr
صولجان الفويد,Bâton du vide,fr
صولجان مصاصي الدماء الفاسد,Sceptre vampirique corrompu,fr
صياد المجرة,Chasseur galactique,fr
صيد الكنوز,Chasse au trésor,fr
طراخ!,Bonk !,fr
طريق الحرب,Récompenses de guerre,fr
طليعي,Initiateur,fr
عاصفة لودن,Tempête de Luden,fr
عبء التاج ثقيل,Lourde est la couronne,fr
عباءة الليل,Manteau de la nuit,fr
عباءة النيغاترون,Manteau de Négatron,fr
عجلة الميب السريعة,À toute meepesse,fr
عراف,Oracle,fr
عزم العملاق,Détermination du titan,fr
عصا سيرافيم,Bâton angélique,fr
عصا كبير الحُماة,Bâton de l'archange,fr
عصابة اللصوص,Bande de voleurs,fr
عصابة اللصوص II,Bande de voleurs II,fr
عصير القبعة,Jus chapi-chapo,fr
عفونة الموتى,Fléau de liche,fr
عملية السطو على المكونات,Composants de guerre,fr
عناصر باندورا,Objets de Pandore,fr
عناق جماعي,Câlin collectif,fr
عهد الفارس,Vœu du chevalier,fr
غراغاس,Gragas,fr
غرايفز,Graves,fr
غريزة إيفلين,Instinct d'Evelynn,fr
غنار,Gnar,fr
غولم,Golem,fr
غوين,Gwen,fr
فأس نيران الجحيم,Hachette infernale,fr
فانوس ثريش,Lanterne de Thresh,fr
فجر سيلفرمير,Aube de Haut-Lac-d'Argent,fr
فضيلة الشهيد,Vertu du martyr,fr
فورة الكراكن,Fureur du kraken,fr
فورة تسوق,Shopping intensif,fr
في الاتحاد قوة,Soutien indéfectible,fr
فيز,Fizz,fr
فيشبونز,Poiscaille,fr
فيغار,Veigar,fr
فيكتور,Viktor,fr
فيكس,Vex,fr
فيورا,Fiora,fr
قائد أنيما,Commandant d'Anima,fr
قاتل العمالقة,Tueur de géants,fr
قاتل لا يميز بين ضحاياه,Tueur impitoyable,fr
قاضي,Juge stellaire,fr
قبعات أشد فتكًا,Coiffes mortelles,fr
قبعة موت رابادون,Coiffe de Rabadon,fr
قربان الدم,Offrande sanguinaire,fr
قصبة عريضة بلا داع,Baguette trop grosse,fr
قطاع التجارة,Secteur commercial,fr
قفاز التدريب,Gants d'entraînement,fr
قفاز الحظ,Gants porte-bonheur,fr
قفاز الفويد,Gantelet du Néant,fr
قفاز اللص,Gants de voleur,fr
قفاز ستيراك,Gage de Sterak,fr
قلادة التنشيط,Médaillon d'excitation,fr
قلادة سولاري الحديدي,Médaillon de l'Iron Solari,fr
قلنسوة المخطِط,Cape du Tacticien,fr
قلنسوة لهب الشمس,Cape solaire,fr
قوة محسَّنة,Optimisation optimisée,fr
قوسي في خدمتك,Mon arc est vôtre,fr
قوى ذهنية,Psionique,fr
قيمة مزدوجة,Avènement des deux,fr
كأس القوة,Calice de puissance,fr
كارما,Karma,fr
كاسر الزمن,Brise-temps,fr
كاهوناهونا,Kahuna,fr
كايتلين,Caitlyn,fr
كايسا,Kai'Sa,fr
كوركي,Corki,fr
كيس الهدايا البطولي,Besace héroïque,fr
كيس هدايا أورف,Besace d'Urf,fr
كيس هدايا العناصر,Sac de butin,fr
كيس هدايا صغير,Petit sac de butin,fr
كيس هدايا كبير,Super sac de butin,fr
كيندريد,Kindred,fr
لا تغيير ولا استطلاع,Obstination,fr
لم شمل عيد الميلاد,Réunion d'anniversaire,fr
لمحة من الحياة,Crescendo aléatoire,fr
لوبلانك,LeBlanc,fr
لوح لهيب الشمس,Plateau solaire,fr
لولو,Lulu,fr
ليساندرا,Lissandra,fr
ليونا,Leona,fr
مارق,Rebelle,fr
ماستر يي,Maître Yi,fr
ماوكاي,Maokai,fr
مباركة السماء,Béni des dieux,fr
متحدي,Challenger,fr
متراس,Pavois,fr
متوالية نجمية,Combo stellaire,fr
مجلد الخواص,Tome des emblèmes,fr
مجند جديد,Nouvelle recrue,fr
محترف الحفلات,Bête de scène,fr
محظوظ,Relances étoilées,fr
محفز أزرق,Buff bleu,fr
مخلب التنين,Griffe de dragon,fr
مخلب المتصيد,Griffes du rôdeur,fr
مدفع النار السريع,Canon ultrarapide,fr
مدفع من زجاج,Canon de verre,fr
مستنسخ,Réplicateur,fr
مسرِّع الساعة,Accélérateur mécanique,fr
مشاجر,Bagarreur,fr
مشاركة تألق ياسو,Célébrité partagée de Yasuo,fr
مصروف الغداء,Le prix du sang,fr
مصفوفة البرمجيات الخبيثة,Matrice,fr
مصنوعٌ من القوة,Artefacts à la rescousse,fr
مصهر التمجيد,Forge divine,fr
مطبخ المخطِط,Cuisine du Tacticien,fr
معجزة سوراكا,Miracle de Soraka,fr
مغير,Maraudeur,fr
مفاجآت الحظ,Lancer de dés,fr
مقابل أي ثمن,Pas le choix,fr
مقاتل الجوائز,Triomphe,fr
مقلاة,Poêle à frire,fr
ملعقة مسطحة,Spatule,fr
مناورة أورف,Gambit d'Urf,fr
منظار رصد الهدف,Optique de verrouillage,fr
مهارة مبارزة ياسو,Maîtrise de l'épée de Yasuo,fr
مورديكايزر,Mordekaiser,fr
مورغانا,Morgana,fr
موريلونوميكون,Morellonomicon,fr
ميبسي,Marguereep,fr
ميس فورتشن,Miss Fortune,fr
ميكا,Mecha,fr
ميليو,Milio,fr
ناسوس,Nasus,fr
نافع لشيء ما,Butin funéraire,fr
نامي,Nami,fr
نتماسك معًا,Partage emblématique,fr
نذر الحامي,Vœu du protecteur,fr
نذير زيكي,Blason de Zeke,fr
نذير زيكي الكئيب,Blason lugubre de Zeke,fr
نساج المصير,Tisse-destin,fr
نصال أشد فتكًا,Lames tueuses,fr
نصل الموت,Lame funeste,fr
نصل غضب غينسو,Lame enragée de Guinsoo,fr
نقل الشحنة,Transfert,fr
نوفا,N.O.V.A.,fr
نونو وويلامب,Nunu et Willump,fr
هالة آري,Aura d'Ahri,fr
هبة آري,Bénédiction d'Ahri,fr
هبة أوريليون سول,Bénédiction d'Aurelion Sol,fr
هبة إيفلين,Bénédiction d'Evelynn,fr
هبة إيكو,Bénédiction d'Ekko,fr
هبة الإنعاش,Bénédiction de résurrection,fr
هبة تجميع الخردة,Bénédiction du Ferrailleur,fr
هبة ثريش,Bénédiction de Thresh,fr
هبة سوراكا,Bénédiction de Soraka,fr
هبة فاروس,Bénédiction de Varus,fr
هبة كايل,Bénédiction de Kayle,fr
هبة ياسو,Bénédiction de Yasuo,fr
هدية عيد الميلاد,Cadeau d'anniversaire,fr
هراوة المهاجم,Fléau vengeur,fr
هوس فاروس,Obsession de Varus,fr
واحد واثنان وثلاثة,"Un, deux, trois",fr
واحد، اثنان، خمسة!,Butin aléatoire,fr
واقي ذراع المطارد,Protège-bras du savant,fr
وجه الروح,Visage spirituel,fr
وضع المتحدية,Mode Challenger,fr
وضع المستنسِخة,Mode Réplicateur,fr
وضع الوسيط,Mode Canalisateur,fr
وكر البارون,Repaire du baron,fr
يأسٌ بلا نهاية,Désespoir infini,fr
يد العدالة,Main de la justice,fr
เลือกคุณสมบัติ,Choisissez un type,fr
Ấn Bắn Tỉa,Emblème de Sniper,fr
Ấn Can Trường,Emblème de Bastion,fr
Ấn Chiêm Tinh,Emblème de Visionnaire,fr
Ấn Du Mục,Emblème de Berger,fr
Ấn Hành Tinh,Emblème d'Astro-groove,fr
Ấn Hắc Tinh,Emblème de Pulsar sombre,fr
Ấn N.O.V.A.,Emblème de N.O.V.A.,fr
Ấn Siêu Linh,Emblème de Psionique,fr
Ấn Siêu Thú,Emblème de la Section Anima,fr
Ấn Thách Đấu,Emblème de Challenger,fr
Ấn Thần Phán,Emblème de Juge stellaire,fr
Ấn Thời Không,Emblème de Brise-temps,fr
Ấn Tinh Linh Chuông,Emblème de Meeple,fr
Ấn Tiên Phong,Emblème d'Initiateur,fr
Ấn Toán Cướp,Emblème de Maraudeur,fr
Ấn Tộc Thượng Cổ,Emblème de Primordien,fr
Ấn Viễn Chinh,Emblème de Voyageur,fr
Ấn Vô Pháp,Emblème de Rebelle,fr
Ấn Đấu Sĩ,Emblème de Bagarreur,fr
「三」之軍團,Légion des trois,fr
いつでも一緒,Partage emblématique,fr
お得な2,Avènement des deux,fr
ここがセンター,Centre d'excellence,fr
ちょっとだけ魔法のダイス,Dés légèrement magiques,fr
はしごを登れ,Connivence,fr
へら,Spatule,fr
みんなでハグ,Câlin collectif,fr
もっと小さな巨人,Mini-Tacticien,fr
もっと怖いキャップ,Coiffes mortelles,fr
アイオニック スパーク,Étincelle ionique,fr
アイテム福袋,Sac de butin,fr
アカリ,Akali,fr
アセンション,Ascension,fr
アダプティブ ヘルム,Casque adaptatif,fr
アニマ,Section Anima,fr
アニマの紋章,Emblème de la Section Anima,fr
アニマ司令官,Commandant d'Anima,fr
アークエンジェル スタッフ,Bâton de l'archange,fr
アーゴット,Urgot,fr
アービター,Juge stellaire,fr
アービターの紋章,Emblème de Juge stellaire,fr
アーフの福袋,Besace d'Urf,fr
アーフの策略,Gambit d'Urf,fr
アーリのオーラ,Aura d'Ahri,fr
アーリの恩恵,Bénédiction d'Ahri,fr
イブリンの恩恵,Bénédiction d'Evelynn,fr
イブリンの直感,Instinct d'Evelynn,fr
イラオイ,Illaoi,fr
インフィニティ エッジ,Lame d'infini,fr
インフィニティの守護,Protection infinie,fr
イーブンシュラウド,Linceul de la congruence,fr
ウィッツ エンド,Au bout du rouleau,fr
ウォーロードの名誉,Honneur du Maître de guerre,fr
エイトロックス,Aatrox,fr
エクスペディション,Expédition,fr
エグザイル,Exilés,fr
エコーの忍耐,Patience d'Ekko,fr
エコーの恩恵,Bénédiction d'Ekko,fr
エズリアル,Ezreal,fr
エピックなロールダウン,Relances épiques,fr
エポック,Cycle épique,fr
オレリオン・ソル,Aurelion Sol,fr
オレリオン・ソルの恩恵,Bénédiction d'Aurelion Sol,fr
オーグメントパワー,Optimisation optimisée,fr
オーラ育成中,Patience,fr
オーロラ,Aurora,fr
オーン,Ornn,fr
カイ＝サ,Kai'Sa,fr
カナとカネ,Entre les PO et l'enclume,fr
カフナフナ,Kahuna,fr
カルマ,Karma,fr
カースドのクラウン,Couronne maudite,fr
ガーゴイル ストーンプレート,Lithoplastron de gargouille,fr
キックスタート,Coup d'envoi,fr
キンドレッド,Kindred,fr
ギャラクシー ハンター,Chasseur galactique,fr
クイックシルバー,Mercure,fr
クラウンガード,Couronne de la reine,fr
クラーケンの怒り,Fureur du kraken,fr
クリティカル サクセス,Gants à gogo,fr
グインソー レイジブレード,Lame enragée de Guinsoo,fr
グウェン,Gwen,fr
グラガス,Gragas,fr
グラスキャノン,Canon de verre,fr
グレイブス,Graves,fr
ケイトリン,Caitlyn,fr
ケイルの天昇,Exaltation de Kayle,fr
ケイルの恩恵,Bénédiction de Kayle,fr
ケイルの暁光の天昇,Exaltation radieuse de Kayle,fr
コグニティブ オーバーロード,Surcharge cognitive,fr
コグニティブ タックス,Charge cognitive,fr
コマンダー,Commandante,fr
コマース コア,Relances régulières,fr
コンジット,Canalisateur,fr
コンジットモード,Mode Canalisateur,fr
コンパニオン作成,Achat 3 étoiles,fr
コーキ,Corki,fr
ゴーレム,Golem,fr
サイオニック,Psionique,fr
サイオニックの紋章,Emblème de Psionique,fr
サイズが大事,Question de taille,fr
サイバネティック アップリンク,Liaison cybernétique,fr
サイバネティック インプラント,Implants cybernétiques,fr
サバイバー,Survivant,fr
サブスクリプション,Abonnement,fr
サミーラ,Samira,fr
サンファイア ケープ,Cape solaire,fr
サンファイア ボード,Plateau solaire,fr
ザヤ,Xayah,fr
ザ・タワー,La Tour,fr
シェン,Shen,fr
シマースケールのエッセンス,Essence des Luminécailles,fr
ショウジンの矛,Lance de Shojin,fr
シルバーミアの夜明け,Aube de Haut-Lac-d'Argent,fr
シーカー アームガード,Protège-bras du savant,fr
ジャイアント スレイヤー,Tueur de géants,fr
ジャイアント ベルト,Ceinture du géant,fr
ジャイアント&マイティ,Grandeur et démesure,fr
ジャストヒット,Butin varié,fr
ジャックス,Jax,fr
ジュエル ガントレット,Gantelet précieux,fr
ジュエル ロータス,Lotus précieux,fr
ジン,Jhin,fr
ジンクス,Jinx,fr
ジークの使者,Blason de Zeke,fr
ジ＝ロット ポータル,Portail de Zz'Rot,fr
スクラッパーの恩恵,Bénédiction du Ferrailleur,fr
スタティック シヴ,Poignard de Statikk,fr
ステラコンボ,Combo stellaire,fr
ステラックの篭手,Gage de Sterak,fr
ステータスマシマシ,Stats à foison !,fr
ストライカー フレイル,Fléau vengeur,fr
スナイパー,Sniper,fr
スナイパーの紋章,Emblème de Sniper,fr
スパーリング グローブ,Gants d'entraînement,fr
スピリット ビサージュ,Visage spirituel,fr
スペクトラル カトラス,Sabre spectral,fr
スペースグルーヴ,Astro-groove,fr
スペースグルーヴの紋章,Emblème d'Astro-groove,fr
スレッシュのランタン,Lanterne de Thresh,fr
スレッシュの恩恵,Bénédiction de Thresh,fr
セラフィムの杖,Bâton angélique,fr
ゼド,Zed,fr
ゼファー,Zéphyr,fr
ソウルの目覚め,Éveil de l'âme,fr
ソナ,Sona,fr
ソラカの奇跡,Miracle de Soraka,fr
ソラカの恩恵,Bénédiction de Soraka,fr
ソラリのロケット,Médaillon de l'Iron Solari,fr
ソード オーバーフロー,Abondance de glaives,fr
ゾーイ,Zoé,fr
タイタン ハイドラ,Hydre titanesque,fr
タイムブレーカー,Brise-temps,fr
タイムブレーカーの紋章,Emblème de Brise-temps,fr
タクティシャンのケープ,Cape du Tacticien,fr
タクティシャンの台所,Cuisine du Tacticien,fr
タクティシャンの王冠,Couronne du Tacticien,fr
タクティシャンの盾,Bouclier du Tacticien,fr
タム・ケンチ,Tahm Kench,fr
タロン,Talon,fr
ターゲットロック スコープ,Optique de verrouillage,fr
ターミィプナル ヴェロシティー,À toute meepesse,fr
ダイアナ,Diana,fr
ダミー,Mannequin d'entraînement,fr
ダミー化,Mannequinification,fr
ダークスター,Pulsar sombre,fr
ダークスターの紋章,Emblème de Pulsar sombre,fr
チェイン ベスト,Cotte de mailles,fr
チャレンジャー,Challenger,fr
チャレンジャーの紋章,Emblème de Challenger,fr
チャレンジャーモード,Mode Challenger,fr
チャージトランスファー,Transfert,fr
チョ＝ガス,Cho'Gath,fr
チーム構築,Esprit d'équipe,fr
ツイてる気分,Vous vous sentez en veine ?,fr
ツイステッド・フェイト,Twisted Fate,fr
ツインガーディアン,Gardiens jumeaux,fr
ティーモ,Teemo,fr
デスブレード,Lame funeste,fr
デッドリアー ブレード,Lames tueuses,fr
デュオキュー,Aléatoirement vôtre,fr
トライフェクタ,Tiercé,fr
トレードセクター,Secteur commercial,fr
ドゥーマー,Désespoir,fr
ドラゴン クロウ,Griffe de dragon,fr
ドローン アップリンク,Liaison de drone,fr
ドーンコア,Cœur de l'aube,fr
ナイト エッジ,Manteau de la nuit,fr
ナサス,Nasus,fr
ナッシャー トゥース,Dent de Nashor,fr
ナミ,Nami,fr
ナー,Gnar,fr
ヌヌ & ウィルンプ,Nunu et Willump,fr
ネガトロン クローク,Manteau de Négatron,fr
ハスラー,Gredin,fr
ハンド オブ ジャスティス,Main de la justice,fr
バイオ物質保存装置,Conservateur de biomatière,fr
バスティオン,Bastion,fr
バスティオンの紋章,Emblème de Bastion,fr
バフが1つ、バフが2つ,Buffs à gogo,fr
バロンの巣,Repaire du baron,fr
バースデー リユニオン,Réunion d'anniversaire,fr
バースデープレゼント,Cadeau d'anniversaire,fr
バード,Bard,fr
パイク,Pyke,fr
パンテオン,Pantheon,fr
パンドラのアイテム,Objets de Pandore,fr
パンドラのベンチ,Banc de Pandore,fr
パーティーアニマル,Bête de scène,fr
ヒーリングオーブ,Orbes de soins,fr
ビクター,Viktor,fr
ビッグバン,Big Bang,fr
ファイアセール,Cleptomanie,fr
ファクトリー ニュー,Flambant neuf,fr
フィオラ,Fiora,fr
フィズ,Fizz,fr
フィッシュボーン,Poiscaille,fr
フェイトウィーバー,Tisse-destin,fr
フォビドゥン アイドル,Idole interdite,fr
フォーが共にあらんことを,Quatre cents coups,fr
フライパン,Poêle à frire,fr
フリッカーブレード,Tremblelames,fr
ブライアー,Briar,fr
ブラッドサースター,Soif-de-sang,fr
ブランブル ベスト,Armure roncière,fr
ブリッツクランク,Blitzcrank,fr
ブルワーク,Pavois,fr
ブルーバフ,Buff bleu,fr
ブローラー,Bagarreur,fr
ブローラーの紋章,Emblème de Bagarreur,fr
ブースターパック,Booster,fr
プライモーディアン,Primordien,fr
プライモーディアンの紋章,Emblème de Primordien,fr
プリズムチケット,Ticket prismatique,fr
プロの殺し屋,Tueur à gages,fr
プロテクターの誓い,Vœu du protecteur,fr
プロボクサー,Triomphe,fr
プローラー クロウ,Griffes du rôdeur,fr
ヘクステック ガンブレード,Pistolame Hextech,fr
ヘッジファンド,Spéculation,fr
ベイガー,Veigar,fr
ベストフレンド,Meilleurs amis,fr
ベルト オーバーフロー,Abondance de ceintures,fr
ベル＝ヴェス,Bel'Veth,fr
ホライゾン フォーカス,Concentration lointaine,fr
ボイジャー,Voyageur,fr
ボイジャーの紋章,Emblème de Voyageur,fr
ボカッ！,Bonk !,fr
ボクシングのレッスン,Ligne de front,fr
ボディーガードの訓練,Formation de Garde du corps,fr
ポッピー,Poppy,fr
ポータブル フォージ,Forge portative,fr
マイティーロボ,Le Méga-mecha,fr
マオカイ,Maokai,fr
マスター・イー,Maître Yi,fr
マックスビルド,Duplication,fr
マルウェア マトリックス,Matrice,fr
マーターズ ヴァーチュ,Vertu du martyr,fr
ミィプシー,Marguereep,fr
ミィプル,Meeple,fr
ミィプルの紋章,Emblème de Meeple,fr
ミスコネクション,Palier 1,fr
ミス・フォーチュン,Miss Fortune,fr
ミッションの再開,Nouveau départ,fr
ミトン,Moufles,fr
ミニブラックホール,Mini trou noir,fr
ミニマックス,Suppresseur doré,fr
ミリオ,Milio,fr
ムダニ デカイ ロッド,Baguette trop grosse,fr
メイスの決意,Volonté de la massue,fr
メカ,Mecha,fr
モルガナ,Morgana,fr
モルデカイザー,Mordekaiser,fr
モレロノミコン,Morellonomicon,fr
ヤスオのゴールドのマス,Hexagone doré de Yasuo,fr
ヤスオのスポットライトをシェア,Célébrité partagée de Yasuo,fr
ヤスオのブレードワーク,Maîtrise de l'épée de Yasuo,fr
ヤスオの恩恵,Bénédiction de Yasuo,fr
ライトシールドのクレスト,Blason des Lightshield,fr
ラインナップ,Première ligne,fr
ラスト ウィスパー,Dernier souffle,fr
ラッキーグローブ,Gants porte-bonheur,fr
ラバドン デスキャップ,Coiffe de Rabadon,fr
ラピッド ファイアキャノン,Canon ultrarapide,fr
ラムス,Rammus,fr
ラースト,Rhaast,fr
リカーブ ボウ,Arc courbe,fr
リサンドラ,Lissandra,fr
リッチ ベイン,Fléau de liche,fr
リデンプションの魂,Esprit de la Rédemption,fr
リフトスカトル,Carapateur,fr
リヴェン,Riven,fr
ルブラン,LeBlanc,fr
ルル,Lulu,fr
ルーデン テンペスト,Tempête de Luden,fr
レイトゲーム スケーリング,Fin de partie,fr
レイトゲーム スペシャリスト,Spécialiste des fins de partie,fr
レオナ,Leona,fr
レク＝サイ,Rek'Sai,fr
レッドバフ,Buff rouge,fr
レプリケーター,Réplicateur,fr
レプリケーターモード,Mode Réplicateur,fr
レベルアップ！,Niveau supérieur !,fr
ローグ,Rebelle,fr
ローグの紋章,Emblème de Rebelle,fr
ローリングデイズ,Jour de relance,fr
ワン、ツー、ファイブ！,Butin aléatoire,fr
ワンド オーバーフロー,Abondance de baguettes,fr
ワーモグ アーマー,Armure de Warmog,fr
ヴァルスの執念,Obsession de Varus,fr
ヴァルスの恩恵,Bénédiction de Varus,fr
ヴァンガード,Initiateur,fr
ヴァンガードの紋章,Emblème d'Initiateur,fr
ヴェックス,Vex,fr
ヴォイド ガントレット,Gantelet du Néant,fr
ヴォイド スタッフ,Bâton du vide,fr
一 二 三,"Un, deux, trois",fr
一、二、五！,Butin aléatoire,fr
一个增益，两个增益,Buffs à gogo,fr
一二三,"Un, deux, trois",fr
一人前プレート,Lithoplastron solo,fr
一個Buff，兩個Buff,Buffs à gogo,fr
一击即中,Butin varié,fr
一棒入魂！,Bonk !,fr
一波带走俩,Deux de moins,fr
一生挚友,Meilleurs amis,fr
一生摯友,Meilleurs amis,fr
一着险棋,L'amour du risque,fr
一致団結,Soutien indéfectible,fr
一致団結,Cours de soutien,fr
一點點重抽魔法,Dés légèrement magiques,fr
一，二，三,"Un, deux, trois",fr
一，二，五！,Butin aléatoire,fr
七彩棱镜入场券,Ticket prismatique,fr
三幻神,Légion des trois,fr
三相庇护,Protection infinie,fr
三费军团,Légion des trois,fr
三連勝I,Tiercé,fr
三重奏,Tiercé,fr
三项赛,Tiercé,fr
上方移動,Ascension sociale,fr
上进心,Ascension sociale,fr
不侦察，不变阵,Obstination,fr
不偵察不換陣容,Obstination,fr
不完全アセンション,Ascension partielle,fr
不完全飛昇,Ascension partielle,fr
不屈,L'indomptable,fr
不屈鬥魂,L'indomptable,fr
不惜代價,Pas le choix,fr
不滅の協定,Pacte éternel,fr
不破金鋼,Acier doré,fr
不计代价,Pas le choix,fr
不適合者,Touche-à-tout,fr
专属定制,Coup de chance,fr
专打后期,Spécialiste des fins de partie,fr
专注火焰,Feu concentré,fr
两倍价值,Avènement des deux,fr
並肩作戰,Soutien indéfectible,fr
中堅自強,Centre d'excellence,fr
临时战甲,Armure improvisée,fr
主人公補正,Résistance acharnée,fr
主角威能,Résistance acharnée,fr
丽桑卓,Lissandra,fr
丽珊卓,Lissandra,fr
乌尔加特,Urgot,fr
乐芙兰,LeBlanc,fr
乱れる思考,Esprit encombré,fr
亚托克斯,Aatrox,fr
亚索的共享聚光灯,Célébrité partagée de Yasuo,fr
亚索的剑艺,Maîtrise de l'épée de Yasuo,fr
亚索的恩赐,Bénédiction de Yasuo,fr
亚索的黄金格,Hexagone doré de Yasuo,fr
交易之星,Secteur commercial,fr
人多好辦事,Cours de soutien,fr
人生切片,Crescendo aléatoire,fr
仕送り,Ravitaillement,fr
仙灵斗士,Duelliste divine,fr
代价是什么,Pas le choix,fr
代償,Pas le choix,fr
仲裁者,Juge stellaire,fr
仲裁者徽章,Emblème de Juge stellaire,fr
仲間を作ろう,Champion en kit,fr
仿生上行链,Liaison cybernétique,fr
仿生植入物,Implants cybernétiques,fr
伊泽瑞尔,Ezreal,fr
伊澤瑞爾,Ezreal,fr
伊罗旖,Illaoi,fr
伊羅旖,Illaoi,fr
伊芙琳的增益,Bénédiction d'Evelynn,fr
伊芙琳的恩赐,Bénédiction d'Evelynn,fr
伊芙琳的本能,Instinct d'Evelynn,fr
伊芙琳的祝福,Bénédiction d'Evelynn,fr
休眠锻炉,Forge à retardement,fr
伸手摘星,Jaximus,fr
伸手摘群星,Jaximus,fr
低调炫耀,Patience,fr
佐伊,Zoé,fr
侵略者ゼド,Zed,fr
便携锻炉,Forge portative,fr
俄洛伊,Illaoi,fr
保卫者之誓,Vœu du protecteur,fr
保衛者之誓,Vœu du protecteur,fr
保鑣訓練,Formation de Garde du corps,fr
保镖训练,Formation de Garde du corps,fr
修复型回响,Échos réparateurs,fr
俺だけレベルアップ,Solo Leveling,fr
值得等待,Attente récompensée,fr
假人化,Mannequinification,fr
做多,Expérience à tout prix,fr
偵察なし、変更なし,Obstination,fr
備用弓箭,Arcs à gogo,fr
储蓄账户,Compte épargne,fr
價值爆棚,Avènement des deux,fr
儲蓄帳戶,Compte épargne,fr
充能转移,Transfert,fr
先知,Oracle,fr
先見性,Investissement sur le futur,fr
先鋒戰士,Initiateur,fr
先鋒戰士徽章,Emblème d'Initiateur,fr
先锋战士,Initiateur,fr
先锋战士徽章,Emblème d'Initiateur,fr
光明无赖,Vaurien de la lumière,fr
光盾之紋,Blason des Lightshield,fr
光盾之纹,Blason des Lightshield,fr
光盾徽章,Blason des Lightshield,fr
入侵者 劫,Zed,fr
全力以赴,Typologie,fr
全新出厂,Flambant neuf,fr
全身全霊,Typologie,fr
共感インプラント,Implant cybernétique,fr
共感植入,Implant cybernétique,fr
关,Gwen,fr
关爱包裹,Ravitaillement,fr
兹若特传送门,Portail de Zz'Rot,fr
内瑟斯,Nasus,fr
再起の呪印,Bénédiction de résurrection,fr
再造神兵,Flambant neuf,fr
冒险举动,L'amour du risque,fr
冕卫,Couronne de la reine,fr
军工1号,Flambant neuf,fr
冲击火炮,Canon ultrarapide,fr
冲榜战士,Connivence,fr
冷酷なるジークの使者,Blason lugubre de Zeke,fr
凋零的遗物,Relique flétrie,fr
凋零聖物,Relique flétrie,fr
凯尔的光明崇拜,Exaltation radieuse de Kayle,fr
凯尔的升腾,Exaltation de Kayle,fr
凯尔的圣光升腾,Exaltation radieuse de Kayle,fr
凯尔的增益,Bénédiction de Kayle,fr
凯尔的崇拜,Exaltation de Kayle,fr
凯尔的恩赐,Bénédiction de Kayle,fr
凯特琳,Caitlyn,fr
凯莎,Kai'Sa,fr
凱爾的祝福,Bénédiction de Kayle,fr
凱爾的聖光讚頌,Exaltation radieuse de Kayle,fr
凱爾的讚頌,Exaltation de Kayle,fr
凱特琳,Caitlyn,fr
凱莎,Kai'Sa,fr
出身豪门,Par ici l'XP,fr
出陣,Récompenses de guerre,fr
刀劍湧流,Abondance de glaives,fr
刃馬合一,Récompenses de guerre,fr
刃马合一,Récompenses de guerre,fr
列队,Première ligne,fr
初級鏡像人格,Personnalité miroir mineure,fr
利落保镖,Formation de Garde du corps,fr
别再错过,Palier 1,fr
刹雅,Xayah,fr
刺藤胸甲,Armure roncière,fr
刻苦钻研,Gagnant-gagnant,fr
前借り,Prêt anticipé,fr
前排地基,Fondation de première ligne,fr
前瞻思维,Investissement sur le futur,fr
前線基礎,Fondation de première ligne,fr
前線維持,Tenir le front,fr
前线地基,Fondation de première ligne,fr
前衛の礎,Fondation de première ligne,fr
剎雅,Xayah,fr
剑之工匠,Armurier,fr
剣鍛冶,Armurier,fr
副作用,Effets secondaires,fr
劍匠,Armurier,fr
力に鍛えられしもの,Artefacts à la rescousse,fr
力の聖杯,Calice de puissance,fr
力炼之躯,Artefacts à la rescousse,fr
力量圣杯,Calice de puissance,fr
力量聖杯,Calice de puissance,fr
力量鍛造,Artefacts à la rescousse,fr
加速開始,Coup d'envoi,fr
劣化版鏡像のペルソナ,Personnalité miroir mineure,fr
努努和威朗普,Nunu et Willump,fr
劫,Zed,fr
劫掠者,Maraudeur,fr
劫掠者徽章,Emblème de Maraudeur,fr
勒哈斯特,Rhaast,fr
勒布朗,LeBlanc,fr
勝ち抜け,Sauter une classe,fr
千珏,Kindred,fr
升华护符,Talisman de l'ascension,fr
升星之运,Relances étoilées,fr
升級！,Niveau supérieur !,fr
升级咯！,Niveau supérieur !,fr
升级！,Niveau supérieur !,fr
午餐錢,Le prix du sang,fr
午餐钱,Le prix du sang,fr
半导体,Semi-conducteur,fr
半导体装置,Semi-conducteur,fr
半導体,Semi-conducteur,fr
半導體,Semi-conducteur,fr
卑尔维斯,Bel'Veth,fr
单身板甲,Lithoplastron solo,fr
博弈开启,Coup d'envoi,fr
占星師,Visionnaire,fr
占星師徽章,Emblème de Visionnaire,fr
卡尔玛,Karma,fr
卡帕果汁,Jus chapi-chapo,fr
卡玛,Karma,fr
卡瑪,Karma,fr
卡胡纳胡纳,Kahuna,fr
卡莎,Kai'Sa,fr
卢登的激荡,Tempête de Luden,fr
卢登骤雨,Tempête de Luden,fr
即席アーマー,Armure improvisée,fr
厄加特,Urgot,fr
厄萨斯,Aatrox,fr
厄薩斯,Aatrox,fr
厄运小姐,Miss Fortune,fr
厄運使者,Désespoir,fr
厨神阿福,U.R.F.,fr
友を鍛える,Ami sur mesure,fr
双城赢家,Arcaniquement Viktor-ieux,fr
双子守护神,Gardiens jumeaux,fr
双子守护者,Gardiens jumeaux,fr
双排,Aléatoirement vôtre,fr
反响,Fabrication en série,fr
反曲之弓,Arc courbe,fr
反曲弓,Arc courbe,fr
发条加速器,Accélérateur mécanique,fr
发条增速器,Accélérateur mécanique,fr
受到星神赐福,Béni des dieux,fr
变形重组器,Recombobulateur,fr
叛逆者,Touche-à-tout,fr
叛道者,Rebelle,fr
叛道者徽章,Emblème de Rebelle,fr
古拉加斯,Gragas,fr
古拉格斯,Gragas,fr
另辟新境,Aléatoire jacta est,fr
叩きつけ,Tout doit disparaître,fr
可大可小,Suppresseur doré,fr
可疑風衣,Trench-coat suspect,fr
可疑风衣,Trench-coat suspect,fr
史提克弹簧刀,Poignard de Statikk,fr
史提克彈簧刀,Poignard de Statikk,fr
史特拉克手套,Gage de Sterak,fr
史詩重抽,Relances épiques,fr
史诗重骰,Relances épiques,fr
吉茵珂丝,Jinx,fr
吉茵珂絲,Jinx,fr
后排蓝图,Stratégie de ligne arrière,fr
后期专家,Spécialiste des fins de partie,fr
后期成长,Fin de partie,fr
后期收益,Fin de partie,fr
向上流動,Ascension sociale,fr
吶兒,Gnar,fr
吸血の胆力,Vitalité vampirique,fr
吸血活力,Vitalité vampirique,fr
吸血活力I,Vitalité vampirique,fr
吸血生命力,Vitalité vampirique,fr
吾弓听命于您,Mon arc est vôtre,fr
吾弓效命於您,Mon arc est vôtre,fr
呐儿,Gnar,fr
呪いの刃,Lame maudite,fr
命懸けの戦い,L'amour du risque,fr
命运祭司,Oracle,fr
命运编织者,Tisse-destin,fr
命運編織者,Tisse-destin,fr
商业核心,Relances régulières,fr
單人磐核,Lithoplastron solo,fr
嗜血者,Soif-de-sang,fr
嘟嘟好,Butin varié,fr
四费增援,Puissance 4,fr
四重援軍,Puissance 4,fr
回収箱,Bac de recyclage,fr
回收再利用,Bac de recyclage,fr
回春,Second souffle,fr
团队建设,Esprit d'équipe,fr
圣光审判者,Rédempteur,fr
圣光捣蛋鬼,Vaurien de la lumière,fr
圣盾使的誓约,Vœu du protecteur,fr
地底寶藏,Trésors enfouis,fr
均等法衣,Linceul de la congruence,fr
坚守前线,Tenir le front,fr
坚守防线,Tenir le front,fr
坚定之心,Cœur intrépide,fr
坚毅之心,Cœur intrépide,fr
坦度成双,Tanks jumeaux,fr
坦度雙倍,Tanks jumeaux,fr
埋もれた宝物,Trésors enfouis,fr
埋藏的宝物,Trésors enfouis,fr
基克的先驱,Blason de Zeke,fr
基克的阴森先驱,Blason lugubre de Zeke,fr
堅守前線,Tenir le front,fr
堅定之心,Cœur intrépide,fr
堡垒,Pavois,fr
堡垒卫士,Bastion,fr
堡垒卫士纹章,Emblème de Bastion,fr
堡壘衛士,Bastion,fr
堡壘衛士徽章,Emblème de Bastion,fr
報復,Justice critique,fr
塔姆,Tahm Kench,fr
塔楼,La Tour,fr
塔隆,Talon,fr
增幅之力,Optimisation optimisée,fr
增援部队,Puissance 4,fr
壁垒,Bastion,fr
壁垒徽章,Emblème de Bastion,fr
备用弓,Arcs à gogo,fr
复仇,Justice critique,fr
复制,Fabrication en série,fr
复制者,Réplicateur,fr
复制者模式,Mode Réplicateur,fr
复活恩赐,Bénédiction de résurrection,fr
复活的恩赐,Bénédiction de résurrection,fr
复苏之风,Second souffle,fr
夕闇の加護,Égide du crépuscule,fr
夜之锋刃,Manteau de la nuit,fr
夜明けの加護,Égide de l'aube,fr
夜色緣界,Manteau de la nuit,fr
夜色缘界,Manteau de la nuit,fr
大きな福袋,Super sac de butin,fr
大买特买,Shopping intensif,fr
大剑溢流,Abondance de glaives,fr
大剑过载,Abondance de glaives,fr
大器晚成,Fin de partie,fr
大型惊喜包,Super sac de butin,fr
大天使之杖,Bâton de l'archange,fr
大家來抱抱,Câlin collectif,fr
大小很重要,Question de taille,fr
大百宝袋,Super sac de butin,fr
大禮包,Super sac de butin,fr
大而有力,Grandeur et démesure,fr
大霹雳星系,Big Bang,fr
大霹靂星系,Big Bang,fr
天外橫財,Pluie d'argent,fr
天煞,Chasseur galactique,fr
天煞灭影：劫,Zed,fr
太空律动,Astro-groove,fr
太空律动徽章,Emblème d'Astro-groove,fr
太空律动纹章,Emblème d'Astro-groove,fr
太空律動,Astro-groove,fr
太空律動徽章,Emblème d'Astro-groove,fr
失去联络,Palier 1,fr
契約殺手,Tueur à gages,fr
奢侈品订购,Abonnement premium,fr
奢华订阅,Abonnement premium,fr
奥恩,Ornn,fr
奥术 维克特式胜利,Arcaniquement Viktor-ieux,fr
奥瑞利安·索尔,Aurelion Sol,fr
奥瑞利安·索尔的恩赐,Bénédiction d'Aurelion Sol,fr
奧術：維克特必勝,Arcaniquement Viktor-ieux,fr
女武神的祝福,Bénédiction du Ferrailleur,fr
女神の涙,Larme de la déesse,fr
女神之泪,Larme de la déesse,fr
女神之淚,Larme de la déesse,fr
好きなだけ泣くがいい,Océan de larmes,fr
好战者的恩赐,Bénédiction du Ferrailleur,fr
好战者铠甲,Armure de Warmog,fr
好戰者鎧甲,Armure de Warmog,fr
好运姐,Miss Fortune,fr
好运手套,Gants porte-bonheur,fr
好運姐,Miss Fortune,fr
好運手套,Gants porte-bonheur,fr
娑娜,Sona,fr
娜米,Nami,fr
娜美,Nami,fr
存心失利,Défaite planifiée,fr
孤身铁铠,Lithoplastron solo,fr
宇宙の再起,Réinitialisation cosmique,fr
宇宙大爆炸,Big Bang,fr
宇宙重启,Réinitialisation cosmique,fr
宇宙重啟,Réinitialisation cosmique,fr
守望者之友,Don du gardien,fr
守望者的盟友,Don du gardien,fr
宝宝学院,Leçons de combat,fr
宝探し,Chasse au trésor,fr
宝石手套,Gantelet précieux,fr
寂静法衣,Linceul d'apaisement,fr
寂靜法衣,Linceul d'apaisement,fr
密银黎明,Aube de Haut-Lac-d'Argent,fr
寶石手套,Gantelet précieux,fr
对冲基金,Spéculation,fr
寻宝,Chasse au trésor,fr
寻宝之旅,Chasse au trésor,fr
导能者,Canalisateur,fr
导能者模式,Mode Canalisateur,fr
專打後期,Spécialiste des fins de partie,fr
尋寶遊戲,Chasse au trésor,fr
導き手,Berger,fr
導き手の紋章,Emblème de Berger,fr
小さくても強烈,Petits mais costauds,fr
小さな仲間たち,Choristes,fr
小さな巨人,P'tits titans,fr
小さな福袋,Petit sac de butin,fr
小伙伴,Choristes,fr
小偷小摸,Chapardage,fr
小型惊喜包,Petit sac de butin,fr
小型禮包,Petit sac de butin,fr
小小伙伴,Choristes,fr
小小夥伴,Choristes,fr
小小大英雄,P'tits titans,fr
小小泰坦,Mini-Tacticien,fr
小小福袋,Petit sac de butin,fr
小巧但致命,Petits mais costauds,fr
小巨人,P'tits titans,fr
小木灵,Marguereep,fr
小米普,Marguereep,fr
小而致命,Petits mais costauds,fr
就差你一個,Palier 1,fr
尺寸至上,Question de taille,fr
尺有所短、寸有所长,Question de taille,fr
峡谷迅捷蟹,Carapateur,fr
崇高の冒険,Une aventure exaltante,fr
崇高冒险,Une aventure exaltante,fr
崔斯特,Twisted Fate,fr
巧みなクラフト,Maîtrise de l'artisanat,fr
巨人の誓い,Détermination du titan,fr
巨人之力,Grandeur et démesure,fr
巨人杀手,Tueur de géants,fr
巨人殺手,Tueur de géants,fr
巨人腰带,Ceinture du géant,fr
巨人腰帶,Ceinture du géant,fr
巨型九头蛇,Hydre titanesque,fr
巨型魔棒,Baguette trop grosse,fr
巨大強悍,Grandeur et démesure,fr
巨龙之爪,Griffe de dragon,fr
巫妖之祸,Fléau de liche,fr
巫妖之禍,Fléau de liche,fr
巴德,Bard,fr
巴龍巢穴,Repaire du baron,fr
巴龙幻域,Repaire du baron,fr
布蕾尔,Briar,fr
布蕾爾,Briar,fr
布里茨,Blitzcrank,fr
帽子ジュース,Jus chapi-chapo,fr
帽子饮品,Jus chapi-chapo,fr
帽帽果汁,Jus chapi-chapo,fr
平底鍋,Poêle à frire,fr
平底锅,Poêle à frire,fr
并肩作战,Soutien indéfectible,fr
幸存者,Survivant,fr
幸运手套,Gants porte-bonheur,fr
幻灵战队,Section Anima,fr
幻灵战队纹章,Emblème de la Section Anima,fr
幻灵指挥官,Commandant d'Anima,fr
幽冥煞星,Pulsar sombre,fr
幽冥煞星徽章,Emblème de Pulsar sombre,fr
幽魂弯刀,Sabre spectral,fr
広がる根,Enracinement,fr
庇護者のお供,Don du gardien,fr
库奇,Corki,fr
应急护甲,Armure improvisée,fr
应急护盾,Résistance acharnée,fr
庫奇,Corki,fr
建立團隊,Esprit d'équipe,fr
开摆,AFK,fr
异类,Touche-à-tout,fr
弓の誓い,Mon arc est vôtre,fr
強制中離,AFK,fr
強力投入,Typologie,fr
強化包,Booster,fr
强制中离,AFK,fr
强化之能量,Optimisation optimisée,fr
强大机甲,Le Méga-mecha,fr
强袭者的链枷,Fléau vengeur,fr
当头棒喝！,Bonk !,fr
影の操り人形,Clone des ombres,fr
影子木偶,Clone des ombres,fr
影忍煞星：劫,Zed,fr
征战之路,Récompenses de guerre,fr
待つ価値あり,Attente récompensée,fr
後排藍圖,Stratégie de ligne arrière,fr
後衛の設計図,Stratégie de ligne arrière,fr
復仇,Justice critique,fr
復刻師,Réplicateur,fr
復刻師模式,Mode Réplicateur,fr
復活祝福,Bénédiction de résurrection,fr
循序漸進,Crescendo aléatoire,fr
微光龍鱗精粹,Essence des Luminécailles,fr
微光龙鳞精萃,Essence des Luminécailles,fr
心之抗防,Cœur d'acier,fr
心之钢,Cœur d'acier,fr
心身統御のペンダント,Médaillon d'excitation,fr
忍耐の美徳,Jeu de patience,fr
忍耐是美德,Jeu de patience,fr
快速入门,Coup d'envoi,fr
思惑買い,Expérience à tout prix,fr
思緒清晰,Lucidité,fr
思緒雜亂,Esprit encombré,fr
思绪杂乱,Esprit encombré,fr
思绪清晰,Lucidité,fr
怪しげなトレンチコート,Trench-coat suspect,fr
怪咖集合,Touche-à-tout,fr
恶意变现,Monétisation malveillante,fr
恶意货币化,Monétisation malveillante,fr
恶意软件矩阵,Matrice,fr
恶火小斧,Hachette infernale,fr
恶鲨火箭,Poiscaille,fr
惡性經營,Monétisation malveillante,fr
惡意程式矩陣,Matrice,fr
惡鯊火箭,Poiscaille,fr
想定内の意外性,Lancer de dés,fr
意料之中的意外,Lancer de dés,fr
愿四费与你同在,Quatre cents coups,fr
慎,Shen,fr
成吨数据！,Stats à foison !,fr
成吨的属性！,Stats à foison !,fr
我们团结一致,Partage emblématique,fr
我弓于你手,Mon arc est vôtre,fr
我独自升级,Solo Leveling,fr
战时补给：反曲之弓,Arcs à gogo,fr
战时补给：女神之泪,Larmes à gogo,fr
战时补给：拳套,Gants à gogo,fr
战时补给：无用大棒,Baguettes à gogo,fr
战时补给：暴风大剑,Glaives à gogo,fr
战神的荣耀,Honneur du Maître de guerre,fr
戦略的敗北,Défaite planifiée,fr
戰國軍閥之榮耀,Honneur du Maître de guerre,fr
戰錘意志,Volonté de la massue,fr
手套,Moufles,fr
手气不错,Vous vous sentez en veine ?,fr
打手连枷,Fléau vengeur,fr
打手連枷,Fléau vengeur,fr
打捞桶,Bac de recyclage,fr
打造夥伴,Achat 3 étoiles,fr
扩展包,Booster,fr
投資,Investissement,fr
投資完了,Investissement,fr
投资,Investissement,fr
抽好抽滿I,Jour de relance,fr
拉亚斯特,Rhaast,fr
拉姆斯,Rammus,fr
拉莫斯,Rammus,fr
拓展包,Booster,fr
招兵买马,Nouvelle recrue,fr
招兵買馬,Nouvelle recrue,fr
拥抱,Câlin collectif,fr
拳击训练,Ligne de front,fr
拳击课程,Ligne de front,fr
拳套,Gants d'entraînement,fr
拳擊訓練,Ligne de front,fr
拳擊選手,Triomphe,fr
指挥官,Commandante,fr
指揮官,Commandante,fr
挑个好伙计！,Achat 3 étoiles,fr
挑战者,Challenger,fr
挑战者徽章,Emblème de Challenger,fr
挑战者模式,Mode Challenger,fr
挑战者纹章,Emblème de Challenger,fr
挖角,Chapardage,fr
振奋盔甲,Visage spirituel,fr
振奮盔甲,Visage spirituel,fr
排兵布阵,Première ligne,fr
探索者护腕,Protège-bras du savant,fr
探索者的护臂,Protège-bras du savant,fr
探索者護腕,Protège-bras du savant,fr
提摩,Teemo,fr
提莫,Teemo,fr
援護の弓,Arcs à gogo,fr
揺るがぬ心,Cœur intrépide,fr
携带型打铁铺,Forge portative,fr
携手合作,Cours de soutien,fr
摇钱树,Pluie d'argent,fr
摘星之志,Jaximus,fr
攀升之階I,Connivence,fr
攀登天梯,Connivence,fr
攜帶型打鐵舖,Forge portative,fr
攜手同行,Partage emblématique,fr
支配宝匣,Médaillon d'excitation,fr
支配寶匣,Médaillon d'excitation,fr
放電,Électrocharge,fr
救世主,Rédempteur,fr
救済者,Rédempteur,fr
救赎之灵,Esprit de la Rédemption,fr
救赎盔甲,Esprit de la Rédemption,fr
散件丰收日,Composants de guerre,fr
斗士,Bagarreur,fr
斗士纹章,Emblème de Bagarreur,fr
斗神,Duelliste divine,fr
斗神的恩赐,Bénédiction du Ferrailleur,fr
斜槓英雄,Aléatoire jacta est,fr
斯塔缇克电刃,Poignard de Statikk,fr
斯特拉克的挑战护手,Gage de Sterak,fr
新人入队,Nouvelle recrue,fr
新兵,Nouvelle recrue,fr
新星特攻队,N.O.V.A.,fr
新星特攻队纹章,Emblème de N.O.V.A.,fr
新纪元,Cycle épique,fr
旅人,Voyageur,fr
旅人纹章,Emblème de Voyageur,fr
无人机上行链路,Liaison de drone,fr
无尽之刃,Lame d'infini,fr
无尽守护,Protection infinie,fr
无尽绝望,Désespoir infini,fr
无差别攻击,Tueur impitoyable,fr
无差别杀手,Tueur impitoyable,fr
无用大棒,Baguette trop grosse,fr
无终恨意,Désespoir infini,fr
日炎斗篷,Cape solaire,fr
日炎棋盘,Plateau solaire,fr
日炎燎原,Plateau solaire,fr
日輪的加冕,Médaillon de l'Iron Solari,fr
日轮的加冕,Médaillon de l'Iron Solari,fr
早期教育,Leçons de combat,fr
昇華護符,Talisman de l'ascension,fr
明智消费,Dépense réfléchie,fr
明鏡止水,Lucidité,fr
易,Maître Yi,fr
易大师,Maître Yi,fr
易大師,Maître Yi,fr
星の観測者,Visionnaire,fr
星の観測者の紋章,Emblème de Visionnaire,fr
星を目指して,Jaximus,fr
星光连击,Combo stellaire,fr
星光連鎖,Combo stellaire,fr
星界壁壘,Pavois,fr
星界连招,Combo stellaire,fr
星界重启,Réinitialisation cosmique,fr
星際旅人,Voyageur,fr
星際旅人徽章,Emblème de Voyageur,fr
星靈牧者,Berger,fr
星靈牧者徽章,Emblème de Berger,fr
昼食代,Le prix du sang,fr
時計仕掛けの加速装置,Accélérateur mécanique,fr
時間破壞者,Brise-temps,fr
時間破壞者徽章,Emblème de Brise-temps,fr
普通の日々,Crescendo aléatoire,fr
普通預金口座,Compte épargne,fr
智商稅,Charge cognitive,fr
智慧末刃,Au bout du rouleau,fr
暗影傀儡,Clone des ombres,fr
暗影木偶,Clone des ombres,fr
暗星,Pulsar sombre,fr
暗星纹章,Emblème de Pulsar sombre,fr
暗行者之爪,Griffes du rôdeur,fr
暗黑女士,Dame sombre,fr
暮光铁壁,Pavois,fr
暮夜之盾,Égide du crépuscule,fr
暴击式成功,Gants à gogo,fr
暴風之劍,BF Glaive,fr
暴风之剑,BF Glaive,fr
暴风大剑,BF Glaive,fr
曙光核心,Cœur de l'aube,fr
更致命之刃,Lames tueuses,fr
更要命的帽子,Coiffes mortelles,fr
更要命的战刃,Lames tueuses,fr
最佳好友,Meilleurs amis,fr
最后的轻语,Dernier souffle,fr
最后耳语,Dernier souffle,fr
最后赢家,Sauter une classe,fr
最大最小化,Suppresseur doré,fr
最小巨人,Mini-Tacticien,fr
最強の四配者,Puissance 4,fr
最强构筑,Duplication,fr
最後耳語,Dernier souffle,fr
最高指挥官,Commandante,fr
有効活用,Butin funéraire,fr
有用之材,Butin funéraire,fr
朔极之矛,Lance de Shojin,fr
木偶化,Mannequinification,fr
木灵族,Meeple,fr
木灵族纹章,Emblème de Meeple,fr
未来の鍛冶場,Forge à retardement,fr
未来战士,Brise-temps,fr
未来战士纹章,Emblème de Brise-temps,fr
末日使者,Désespoir,fr
机甲神盾,Mecha,fr
杀出血路,Glaives à gogo,fr
权杖意志,Volonté de la massue,fr
杖之工匠,Fabricant de baguettes,fr
杖匠,Fabricant de baguettes,fr
杖鍛冶,Fabricant de baguettes,fr
来个好伙计,Champion en kit,fr
极光,Aurora,fr
极限拉满,Suppresseur doré,fr
构筑一名伙伴：,Achat 3 étoiles,fr
枯朽の遺物,Relique flétrie,fr
枯死の宝石,Joyau putréfiant,fr
枯萎圣物,Relique flétrie,fr
枯萎宝石,Joyau putréfiant,fr
枯萎寶石,Joyau putréfiant,fr
枯萎珠宝,Joyau putréfiant,fr
柔依,Zoé,fr
柔軟性,Emblématique,fr
根絶者,Éradicateur,fr
格斗手套,Gants d'entraînement,fr
格温,Gwen,fr
格雷福斯,Graves,fr
格鬥手套,Gants d'entraînement,fr
棋手之盾,Bouclier du Tacticien,fr
棋手厨房,Cuisine du Tacticien,fr
棋手廚房,Cuisine du Tacticien,fr
棋手披風,Cape du Tacticien,fr
棋手斗篷,Cape du Tacticien,fr
棋手皇冠,Couronne du Tacticien,fr
棋手盾牌,Bouclier du Tacticien,fr
棘刺背心,Armure roncière,fr
棱彩门票,Ticket prismatique,fr
極速快手,Challenger,fr
極速快手徽章,Emblème de Challenger,fr
極速快手模式,Mode Challenger,fr
構成拡大,Aléatoire jacta est,fr
模控機械上鏈,Liaison cybernétique,fr
模控機械移植,Implants cybernétiques,fr
機械戰甲,Mecha,fr
次级镜像人格面具,Personnalité miroir mineure,fr
次级镜影化身,Personnalité miroir mineure,fr
歐羅拉,Aurora,fr
正义之手,Main de la justice,fr
正义手套,Main de la justice,fr
正义报复,Justice critique,fr
正義手套,Main de la justice,fr
武斗家,Bagarreur,fr
武斗家徽章,Emblème de Bagarreur,fr
武装战姬,Déesse des flingues,fr
武鬥家,Bagarreur,fr
武鬥家徽章,Emblème de Bagarreur,fr
歩く鍛冶場,Forgeron ambulant,fr
死亡之刃,Lame funeste,fr
死亡之帽,Coiffe de Rabadon,fr
死得有價值I,Butin funéraire,fr
死神之刃,Lame funeste,fr
歼灭者,Éradicateur,fr
殉道美德,Vertu du martyr,fr
殺出血路,Glaives à gogo,fr
水乳交融,Partage emblématique,fr
水銀兜帽,Mercure,fr
水银,Mercure,fr
水银兜帽,Mercure,fr
永恆契約,Pacte éternel,fr
永恒契约,Pacte éternel,fr
永续召唤,Baguettes à gogo,fr
汪星机器人,Bête de scène,fr
沈黙の帳,Linceul d'apaisement,fr
沉重王冠,Lourde est la couronne,fr
河蟹,Carapateur,fr
治疗法球,Orbes de soins,fr
治療靈球,Orbes de soins,fr
治癒回音,Échos réparateurs,fr
法官,Juge stellaire,fr
法官纹章,Emblème de Juge stellaire,fr
法杖工匠,Fabricant de baguettes,fr
法杖溢流,Abondance de baguettes,fr
法洛士的執念,Obsession de Varus,fr
法洛士的增益,Bénédiction de Varus,fr
法洛士的执念,Obsession de Varus,fr
法洛士的祝福,Bénédiction de Varus,fr
波比,Poppy,fr
泪流不止,Larmes à gogo,fr
泪流成河,Océan de larmes,fr
泰坦九头蛇,Hydre titanesque,fr
泰坦九頭蛇,Hydre titanesque,fr
泰坦的决意,Détermination du titan,fr
泰坦的坚决,Détermination du titan,fr
泰坦的決意,Détermination du titan,fr
泰隆,Talon,fr
活体锻炉,Forgeron ambulant,fr
活火炉,Forgeron ambulant,fr
活火爐,Forgeron ambulant,fr
派上用场,Butin funéraire,fr
派克,Pyke,fr
派对大咖,Bête de scène,fr
派對咖,Bête de scène,fr
流れる涙,Larmes à gogo,fr
流亡孤军,Exilés,fr
流亡孤軍,Exilés,fr
浪人,Exilés,fr
海克斯科技枪刃,Pistolame Hextech,fr
海克斯科技槍刃,Pistolame Hextech,fr
海妖之怒,Fureur du kraken,fr
海牛阿福的锅铲战术,Gambit d'Urf,fr
海魔人,Primordien,fr
海魔人纹章,Emblème de Primordien,fr
淚光閃閃,Larmes à gogo,fr
淚如泉湧,Océan de larmes,fr
混乱回復装置,Recombobulateur,fr
混乱的呼唤,Appel du chaos,fr
混沌への呼び声,Appel du chaos,fr
混沌召唤,Appel du chaos,fr
混沌召喚,Appel du chaos,fr
清晰头脑,Lucidité,fr
游侠,Rebelle,fr
游侠纹章,Emblème de Rebelle,fr
游神的盟友,Don du gardien,fr
源计划上行链路,Liaison cybernétique,fr
源计划植入,Implants cybernétiques,fr
滚起优势,Relances étoilées,fr
漫游者,Voyageur,fr
漫游者徽章,Emblème de Voyageur,fr
潘多拉的备战区,Banc de Pandore,fr
潘多拉的道具,Objets de Pandore,fr
潘朵拉的備戰區,Banc de Pandore,fr
潘朵拉的备战席,Banc de Pandore,fr
潘朵拉的装备,Objets de Pandore,fr
潘朵拉的道具,Objets de Pandore,fr
潘森,Pantheon,fr
潛在火爐,Forge à retardement,fr
潛行者之爪,Griffes du rôdeur,fr
潜心锻造,Forge à retardement,fr
潜行者之爪,Griffes du rôdeur,fr
激发之匣,Médaillon d'excitation,fr
火上浇油,Allumer le feu,fr
火热促销,Cleptomanie,fr
火爆甩卖,Cleptomanie,fr
灭世者的死亡之帽,Coiffe de Rabadon,fr
灭星尊,Éradicateur,fr
灵气农兵,Patience,fr
灵活变通,Emblématique,fr
灵活摇摆,Emblématique,fr
灵能特工,Psionique,fr
灵能特工纹章,Emblème de Psionique,fr
灵能者,Psionique,fr
灵能者徽章,Emblème de Psionique,fr
灵风,Zéphyr,fr
灵魂唤醒,Éveil de l'âme,fr
灵魂觉醒,Éveil de l'âme,fr
炎を強めて,Allumer le feu,fr
点击即送,Butin varié,fr
炽天使之拥,Bâton angélique,fr
炽天使之杖,Bâton angélique,fr
烁刃,Tremblelames,fr
烈士之德,Vertu du martyr,fr
烈士美德,Vertu du martyr,fr
烏爾加特,Urgot,fr
烬,Jhin,fr
無人機上鏈,Liaison de drone,fr
無差別屠殺,Tueur impitoyable,fr
無差別殺人者,Tueur impitoyable,fr
無盡之刃,Lame d'infini,fr
無盡絕望,Désespoir infini,fr
無限守護,Protection infinie,fr
煞蜜拉,Samira,fr
煽风点火,Allumer le feu,fr
熊熊火勢,Allumer le feu,fr
熾天使之杖,Bâton angélique,fr
營造氣場,Patience,fr
燼,Jhin,fr
燼滅之華,Éradicateur,fr
爆炸式增长,Croissance explosive,fr
爆炸性成長,Croissance explosive,fr
爆発的成長,Croissance explosive,fr
爱心包裹,Ravitaillement,fr
爱欧尼亚星火,Étincelle ionique,fr
牧羊人,Berger,fr
牧羊人纹章,Emblème de Berger,fr
牧魂人,Berger,fr
牧魂人徽章,Emblème de Berger,fr
物尽其用,Tout doit disparaître,fr
物資箱,Ravitaillement,fr
特性の書,Tome des emblèmes,fr
特性の木,Emblématiquement,fr
特性を選択,Choisissez un type,fr
特性之树,Emblématiquement,fr
特性典籍,Tome des emblèmes,fr
特性神木,Emblématiquement,fr
犽宿之共享光采,Célébrité partagée de Yasuo,fr
犽宿的共享光采,Célébrité partagée de Yasuo,fr
犽宿的剑术,Maîtrise de l'épée de Yasuo,fr
犽宿的增益,Bénédiction de Yasuo,fr
犽宿的祝福,Bénédiction de Yasuo,fr
犽宿的迅雷之技,Maîtrise de l'épée de Yasuo,fr
犽宿的黃金棋格,Hexagone doré de Yasuo,fr
犽宿的黄金格子,Hexagone doré de Yasuo,fr
狂徒铠甲,Armure de Warmog,fr
狂战士,Maraudeur,fr
狂战士纹章,Emblème de Maraudeur,fr
狙击专家,Sniper,fr
狙击专家徽章,Emblème de Sniper,fr
狙擊專家,Sniper,fr
狙擊專家徽章,Emblème de Sniper,fr
狙神,Sniper,fr
狙神纹章,Emblème de Sniper,fr
独自升级,Solo Leveling,fr
狱火战斧,Hachette infernale,fr
猛将的荣耀,Honneur du Maître de guerre,fr
猩红报偿,Sanguinaire,fr
獄火手斧,Hachette infernale,fr
獄炎のハチェット,Hachette infernale,fr
獨自升等,Solo Leveling,fr
王冠とは重きもの,Lourde est la couronne,fr
王冠之重,Lourde est la couronne,fr
玻璃大炮,Canon de verre,fr
玻璃大砲I,Canon de verre,fr
珍藏财宝,Trésors enfouis,fr
珠光护手,Gantelet précieux,fr
珠光莲花,Lotus précieux,fr
珠光蓮花II,Lotus précieux,fr
瑟雷西的增益,Bénédiction de Thresh,fr
瑟雷西的灯笼,Lanterne de Thresh,fr
瑟雷西的燈籠,Lanterne de Thresh,fr
瑟雷西的祝福,Bénédiction de Thresh,fr
璐璐,Lulu,fr
甘いおやつ,Objets blindés,fr
甜点,Objets blindés,fr
生存专家,Survivant,fr
生存專家,Survivant,fr
生日团聚,Réunion d'anniversaire,fr
生日團聚,Réunion d'anniversaire,fr
生日礼物,Cadeau d'anniversaire,fr
生日禮物,Cadeau d'anniversaire,fr
生日聚会,Réunion d'anniversaire,fr
生根发芽,Enracinement,fr
生活片段,Crescendo aléatoire,fr
生涯ブロンズ,Bronze pour la vie,fr
生物材料保存,Conservateur de biomatière,fr
生物质保存剂,Conservateur de biomatière,fr
生物质维护器,Conservateur de biomatière,fr
由二生D,Avènement des deux,fr
电光反击,Électrocharge,fr
电火花,Électrocharge,fr
电荷转移I,Transfert,fr
男爵幻域,Repaire du baron,fr
略奪者,Maraudeur,fr
略奪者の紋章,Emblème de Maraudeur,fr
疗愈回响,Échos réparateurs,fr
疾射火炮,Canon ultrarapide,fr
疾速双杀,Deux de moins,fr
疾速雙殺,Deux de moins,fr
癒しのこだま,Échos réparateurs,fr
登上最高峰,Sauter une classe,fr
發條加速器,Accélérateur mécanique,fr
百兽,Section Anima,fr
百兽指挥官,Commandant d'Anima,fr
百兽特攻队徽章,Emblème de la Section Anima,fr
百獸,Section Anima,fr
百獸指揮官,Commandant d'Anima,fr
百獸特攻隊徽章,Emblème de la Section Anima,fr
皇冠守衛,Couronne de la reine,fr
盗賊のグローブ,Gants de voleur,fr
盗賊団,Bande de voleurs,fr
盗賊団 II,Bande de voleurs II,fr
盜取,Chapardage,fr
盧登驟雨,Tempête de Luden,fr
目标锁定光学仪,Optique de verrouillage,fr
目標鎖定光學,Optique de verrouillage,fr
真派氣功,Kahuna,fr
石像鬼盘核,Lithoplastron de gargouille,fr
石像鬼石板甲,Lithoplastron de gargouille,fr
石像鬼磐核,Lithoplastron de gargouille,fr
研究熱心,Gagnant-gagnant,fr
砰地重击,Tout doit disparaître,fr
砰爆,Désespoir,fr
破时者,Brise-temps,fr
破时者徽章,Emblème de Brise-temps,fr
破曉之核,Cœur de l'aube,fr
砸起來,Tout doit disparaître,fr
硬性承诺,Typologie,fr
碰撞测试假人,Mannequins de choc,fr
碰撞測試,Mannequins de choc,fr
神の祝福,Béni des dieux,fr
神の鍛冶場,Forge divine,fr
神之祝福,Béni des dieux,fr
神偷军团,Bande de voleurs,fr
神偷军团 II,Bande de voleurs II,fr
神偷軍團,Bande de voleurs,fr
神偷軍團 II,Bande de voleurs II,fr
神力天铸,Artefacts à la rescousse,fr
神化锻炉,Forge divine,fr
神寵者,Béni des dieux,fr
神影刺客,Rebelle,fr
神影刺客徽章,Emblème de Rebelle,fr
神聖熔爐,Forge divine,fr
神託,Oracle,fr
神諭,Oracle,fr
神谕,Canalisateur,fr
神谕模式,Mode Canalisateur,fr
神赐锻炉,Forge divine,fr
神鬥士,Duelliste divine,fr
禁忌之像,Idole interdite,fr
禁忌雕像,Idole interdite,fr
离子火花,Étincelle ionique,fr
私房錢,Gredin,fr
私房钱,Gredin,fr
科加斯,Cho'Gath,fr
秘传奥义,Kahuna,fr
稜鏡票券,Ticket prismatique,fr
穢れたヴァンパイア セプター,Sceptre vampirique corrompu,fr
究極暴擊,Gants à gogo,fr
窃盗,Chapardage,fr
窃贼帮派,Bande de voleurs,fr
窃贼帮派 II,Bande de voleurs II,fr
窃贼手套,Gants de voleur,fr
竊賊手套,Gants de voleur,fr
米利欧,Milio,fr
米普,Marguereep,fr
米普,Meeple,fr
米普徽章,Emblème de Meeple,fr
米普星人,Meeple,fr
米普星人徽章,Emblème de Meeple,fr
米普終端速度,À toute meepesse,fr
米里欧,Milio,fr
米里歐,Milio,fr
精心打造,Maîtrise de l'artisanat,fr
精心製作,Maîtrise de l'artisanat,fr
精打細算,Dépense réfléchie,fr
精打细算,Dépense réfléchie,fr
精进之矛,Lance de Shojin,fr
精進之矛,Lance de Shojin,fr
紀元,Cycle épique,fr
紅Buff,Buff rouge,fr
納什之牙,Dent de Nashor,fr
納瑟斯,Nasus,fr
素材アイテムヘイスト,Composants de guerre,fr
紡がれし魔法,Mana magique,fr
索娜,Sona,fr
索拉卡的增益,Bénédiction de Soraka,fr
索拉卡的奇蹟,Miracle de Soraka,fr
索拉卡的奇迹,Miracle de Soraka,fr
索拉卡的恩赐,Bénédiction de Soraka,fr
索拉卡的祝福,Bénédiction de Soraka,fr
終わりなき絶望,Désespoir infini,fr
組件強盜,Composants de guerre,fr
絶好調,Relances étoilées,fr
維克特,Viktor,fr
維迦,Veigar,fr
縮小手套,Moufles,fr
红增益,Buff rouge,fr
红霸符,Buff rouge,fr
纪年伊始,Cycle épique,fr
纳什之牙,Dent de Nashor,fr
纳尔,Gnar,fr
纳瑟斯,Nasus,fr
纷乱头脑,Esprit encombré,fr
纹章之书,Tome des emblèmes,fr
纺织魔法,Mana magique,fr
组件劫案,Composants de guerre,fr
织命人,Tisse-destin,fr
终端米普速度,À toute meepesse,fr
终身青铜,Bronze pour la vie,fr
终身黄铜,Bronze pour la vie,fr
绝境反击,Tentative de comeback,fr
维克托,Viktor,fr
维克特,Viktor,fr
维迦,Veigar,fr
编织魔法,Mana magique,fr
羁绊树,Emblématiquement,fr
美味甜點,Objets blindés,fr
翱銳龍獸,Aurelion Sol,fr
翱銳龍獸的祝福,Bénédiction d'Aurelion Sol,fr
翱锐龙兽,Aurelion Sol,fr
翱锐龙兽的增益,Bénédiction d'Aurelion Sol,fr
耐心学习,Gagnant-gagnant,fr
耐心學習,Gagnant-gagnant,fr
耐心是一种美德,Jeu de patience,fr
耐心是美德,Jeu de patience,fr
职业杀手,Tueur à gages,fr
联合作战,Soutien indéfectible,fr
聖なる決闘者,Duelliste divine,fr
聖光無賴,Vaurien de la lumière,fr
能力值大補包,Stats à foison !,fr
能量圣杯,Calice de puissance,fr
脫穎而出,Sauter une classe,fr
腐蚀,Corrosion,fr
腐蝕,Corrosion,fr
腐败吸血鬼权杖,Sceptre vampirique corrompu,fr
腐食,Corrosion,fr
腰带溢流,Abondance de ceintures,fr
腰带过载,Abondance de ceintures,fr
腰帶多多,Abondance de ceintures,fr
臨時戰甲,Armure improvisée,fr
至尊探险,Une aventure exaltante,fr
致命利刃,Lames tueuses,fr
致命帽子,Coiffes mortelles,fr
致命豆丁,Petits mais costauds,fr
致死之帽,Coiffes mortelles,fr
艾克的增益,Bénédiction d'Ekko,fr
艾克的恩赐,Bénédiction d'Ekko,fr
艾克的祝福,Bénédiction d'Ekko,fr
艾克的耐心,Patience d'Ekko,fr
节外生枝,Aléatoire jacta est,fr
花到上头,Gredin,fr
芽苞初放,Champion en kit,fr
英勇惊喜包,Besace héroïque,fr
英勇福袋,Besace héroïque,fr
英雄のラッキーバッグ,Besace héroïque,fr
英雄禮包,Besace héroïque,fr
茂凯,Maokai,fr
茂凱,Maokai,fr
荊棘蔓延,Enracinement,fr
莎弥拉,Samira,fr
莫德凯撒,Mordekaiser,fr
莫甘娜,Morgana,fr
莫雷洛秘典,Morellonomicon,fr
菲兹,Fizz,fr
菲奥娜,Fiora,fr
菲欧拉,Fiora,fr
菲歐拉,Fiora,fr
葛雷夫,Graves,fr
蓝增益,Buff bleu,fr
蓝霸符,Buff bleu,fr
蔓延之根,Enracinement,fr
蕾欧娜,Leona,fr
薄暮法袍,Linceul de la congruence,fr
薇古丝,Vex,fr
薇可丝,Vex,fr
薇可絲,Vex,fr
藍Buff,Buff bleu,fr
虚空之杖,Bâton du vide,fr
虚空之门,Portail de Zz'Rot,fr
虚空手套,Gantelet du Néant,fr
虚空护手,Gantelet du Néant,fr
虛空之杖,Bâton du vide,fr
虛空之門,Portail de Zz'Rot,fr
虛空武鬥場,Gantelet du Néant,fr
血の供物,Offrande sanguinaire,fr
血の価値,Sanguinaire,fr
血償,Sanguinaire,fr
血的代价,Sanguinaire,fr
血祭,Offrande sanguinaire,fr
衝擊火炮,Canon ultrarapide,fr
衝突試験用ダミー,Mannequins de choc,fr
裁决者,Juge stellaire,fr
裁决者徽章,Emblème de Juge stellaire,fr
装备百宝袋,Sac de butin,fr
複製,Fabrication en série,fr
西風匕首,Zéphyr,fr
西风匕首,Zéphyr,fr
視界專注,Concentration lointaine,fr
观星者,Visionnaire,fr
观星者徽章,Emblème de Visionnaire,fr
观星者纹章,Emblème de Visionnaire,fr
视界专注,Concentration lointaine,fr
觉得自己幸运吗,Vous vous sentez en veine ?,fr
訂購奢侈品,Abonnement premium,fr
訂閱服務,Abonnement,fr
訓練假人,Mannequin d'entraînement,fr
詛咒之冠,Couronne maudite,fr
詛咒之刃,Lame maudite,fr
詛咒吸血鬼權杖,Sceptre vampirique corrompu,fr
認知超載,Surcharge cognitive,fr
订阅服务,Abonnement,fr
认知税,Charge cognitive,fr
认知超负荷,Surcharge cognitive,fr
认知过载,Surcharge cognitive,fr
训练假人,Mannequin d'entraînement,fr
训练木偶,Mannequin d'entraînement,fr
诅咒之冠,Couronne maudite,fr
诅咒之刃,Lame maudite,fr
诅咒冠冕,Couronne maudite,fr
豪華なサブスク,Abonnement premium,fr
貝爾薇斯,Bel'Veth,fr
負極斗篷,Manteau de Négatron,fr
貪啃奇,Tahm Kench,fr
貪財,Avidité,fr
買い物三昧,Shopping intensif,fr
買不手軟,Shopping intensif,fr
貿易核心,Relances régulières,fr
賈克斯,Jax,fr
賢い買い物,Dépense réfléchie,fr
贝尔薇斯,Bel'Veth,fr
贝蕾亚,Briar,fr
负极斗篷,Manteau de Négatron,fr
财源滚滚,Pluie d'argent,fr
贪啃奇,Tahm Kench,fr
贪财,Avidité,fr
购物狂欢,Shopping intensif,fr
贸易中心,Relances régulières,fr
贸易大亨,Secteur commercial,fr
贾克斯,Jax,fr
赏金战士,Triomphe,fr
起死回生,Second souffle,fr
超前部署,Investissement sur le futur,fr
超新星,N.O.V.A.,fr
超新星徽章,Emblème de N.O.V.A.,fr
超级机甲,Le Méga-mecha,fr
超能機甲,Le Méga-mecha,fr
超越のタリスマン,Talisman de l'ascension,fr
跳樓大拍賣,Cleptomanie,fr
輝く悪党,Vaurien de la lumière,fr
转不停,Jour de relance,fr
轻量魔法投掷,Dés légèrement magiques,fr
轻魔重骰,Dés légèrement magiques,fr
这次战败也在计算之中,Défaite planifiée,fr
远古霸者,Primordien,fr
远古霸者徽章,Emblème de Primordien,fr
远征,Expédition,fr
远见卓识,Investissement sur le futur,fr
连指手套,Moufles,fr
迷你小英雄,Mini-Tacticien,fr
迷你黑洞,Mini trou noir,fr
迷离风衣,Trench-coat suspect,fr
适应性头盔,Casque adaptatif,fr
适性神盔,Casque adaptatif,fr
逆命,Twisted Fate,fr
逆袭之路,Tentative de comeback,fr
逆転劇,Tentative de comeback,fr
逆轉佳話,Tentative de comeback,fr
选择特性,Choisissez un type,fr
选择羁绊,Choisissez un type,fr
這次戰敗也在計算之中,Défaite planifiée,fr
連続魔法,Baguettes à gogo,fr
連續施法,Baguettes à gogo,fr
進階貸款,Prêt anticipé,fr
道を切り拓け,Glaives à gogo,fr
道具惊喜包,Sac de butin,fr
道具組合包I,Sac de butin,fr
遠古霸者,Primordien,fr
遠古霸者徽章,Emblème de Primordien,fr
遠征,Expédition,fr
遥遥领先,Expérience à tout prix,fr
適性神盔,Casque adaptatif,fr
選擇特性,Choisissez un type,fr
避險基金,Spéculation,fr
邦！,Bonk !,fr
邪悪な収益化,Monétisation malveillante,fr
部分飞升,Ascension partielle,fr
鄂尔,Ornn,fr
鄂爾,Ornn,fr
重启任务,Nouveau départ,fr
重整装置,Recombobulateur,fr
重整裝置,Recombobulateur,fr
重新開始任務,Nouveau départ,fr
重枪女武神,Déesse des flingues,fr
重槍女武神,Déesse des flingues,fr
重装战士,Initiateur,fr
重装战士纹章,Emblème d'Initiateur,fr
重锤之志,Volonté de la massue,fr
量身訂做,Coup de chance,fr
金に飢えし者,Avidité,fr
金のタマゴ,Œuf d'or,fr
金のモンスーン,Pluie d'argent,fr
金ピカの鋼,Acier doré,fr
金克丝,Jinx,fr
金湯匙,Par ici l'XP,fr
金蛋,Œuf d'or,fr
金铲铲,Spatule,fr
金铲铲冠冕,Couronne du Tacticien,fr
金锅铲冠冕,Cape du Tacticien,fr
金锅锅,Poêle à frire,fr
金锅锅冠冕,Bouclier du Tacticien,fr
金霖龙,Mailles en or,fr
金鳞精粹,Essence des Luminécailles,fr
金龙降世,Mailles en or,fr
鈍化,Mannequinification,fr
銀の匙,Par ici l'XP,fr
銀河獵手,Chasseur galactique,fr
銀織黎明,Aube de Haut-Lac-d'Argent,fr
銃装機神,Déesse des flingues,fr
銅級之命II,Bronze pour la vie,fr
鋼の心,Cœur d'acier,fr
鋼鐵素材,Entre les PO et l'enclume,fr
錫柯的悲鳴號角,Blason lugubre de Zeke,fr
錫柯的號角,Blason de Zeke,fr
鍋鏟,Spatule,fr
鎖子甲,Cotte de mailles,fr
鏡像のペルソナ,Personnalité miroir,fr
鏡像人格,Personnalité miroir,fr
鏡爪,Kindred,fr
鑄造朋友,Ami sur mesure,fr
钢铁之心,Cœur d'acier,fr
钢铁烈阳之匣,Médaillon de l'Iron Solari,fr
钢铁资产,Entre les PO et l'enclume,fr
银汤匙,Par ici l'XP,fr
银河猎手,Chasseur galactique,fr
银织黎明,Aube de Haut-Lac-d'Argent,fr
铸剑工匠,Armurier,fr
锁子甲,Cotte de mailles,fr
锁敌光学设备,Optique de verrouillage,fr
锅铲,Spatule,fr
锅铲厨房,Cuisine du Tacticien,fr
锐雯,Riven,fr
锡柯的号角,Blason de Zeke,fr
锡柯的悲鸣号角,Blason lugubre de Zeke,fr
锤石的恩赐,Bénédiction de Thresh,fr
锤石的灯笼,Lanterne de Thresh,fr
锻造一个朋友,Ami sur mesure,fr
锻造挚友,Ami sur mesure,fr
镀金钢铁,Acier doré,fr
镜像人格面具,Personnalité miroir,fr
镜影化身,Personnalité miroir,fr
镜爪,Kindred,fr
長久之計,Expérience à tout prix,fr
閃刃,Tremblelames,fr
開局新手包,Champion en kit,fr
闇の女帝,Dame sombre,fr
闇翼魔女,Dame sombre,fr
關,Gwen,fr
防禦高塔,La Tour,fr
阿卡丽,Akali,fr
阿卡莉,Akali,fr
阿狸的光环,Aura d'Ahri,fr
阿狸的恩赐,Bénédiction d'Ahri,fr
阿璃的增益,Bénédiction d'Ahri,fr
阿璃的灵气,Aura d'Ahri,fr
阿璃的祝福,Bénédiction d'Ahri,fr
阿璃的靈氣,Aura d'Ahri,fr
阿福大礼包,Besace d'Urf,fr
阿福大禮包,Besace d'Urf,fr
阿福奇兵,Gambit d'Urf,fr
阿福式开局,Gambit d'Urf,fr
阿福快打,U.R.F.,fr
阿福的百宝袋,Besace d'Urf,fr
阿福驾到,U.R.F.,fr
阿萝拉,Aurora,fr
降靈師,Canalisateur,fr
降靈師模式,Mode Canalisateur,fr
限定カスタマイズ,Coup de chance,fr
陣容,Première ligne,fr
集中火力,Feu concentré,fr
集中砲火,Feu concentré,fr
集体拥抱I,Câlin collectif,fr
集结战队,Cours de soutien,fr
雇佣杀手,Tueur à gages,fr
雙排,Aléatoirement vôtre,fr
雙生守衛,Gardiens jumeaux,fr
離子星火,Étincelle ionique,fr
雷克塞,Rek'Sai,fr
雷欧娜,Leona,fr
雷歐娜,Leona,fr
雷玟,Riven,fr
雷珂煞,Rek'Sai,fr
電光反擊,Électrocharge,fr
電荷轉移,Transfert,fr
霞,Xayah,fr
露璐,Lulu,fr
霸天机甲,Mecha,fr
靈活變通,Emblématique,fr
靈能使,Psionique,fr
靈能使徽章,Emblème de Psionique,fr
靈魂救贖,Esprit de la Rédemption,fr
静止法衣,Linceul d'apaisement,fr
非凡冒險,Une aventure exaltante,fr
韦鲁斯的恩赐,Bénédiction de Varus,fr
韦鲁斯的执念,Obsession de Varus,fr
頂裝,Duplication,fr
預料中的意外,Lancer de dés,fr
願四之力與你同在,Quatre cents coups,fr
顶尖构筑,Duplication,fr
顽强不屈,L'indomptable,fr
飙速木灵,À toute meepesse,fr
飛斯,Fizz,fr
飛昇,Ascension,fr
飞升,Ascension,fr
飞升护符,Talisman de l'ascension,fr
飞斯,Fizz,fr
饮血剑,Soif-de-sang,fr
騎士の誓い,Vœu du chevalier,fr
騎士誓願,Vœu du chevalier,fr
骑士之誓,Vœu du chevalier,fr
骑士誓愿,Vœu du chevalier,fr
高压电,Haute tension,fr
高压电流,Haute tension,fr
高塔,La Tour,fr
高级贷款,Prêt anticipé,fr
高速ダブルキル,Deux de moins,fr
高電圧,Haute tension,fr
高電壓,Haute tension,fr
高風險高報酬,L'amour du risque,fr
鬼使弯刀,Sabre spectral,fr
鬼使彎刀,Sabre spectral,fr
鬼索的狂暴之刃,Lame enragée de Guinsoo,fr
魂力覺醒,Éveil de l'âme,fr
魔像,Golem,fr
魔力編織,Mana magique,fr
魔斗凯萨,Mordekaiser,fr
魔术师,Réplicateur,fr
魔术师模式,Mode Réplicateur,fr
魔杖湧流,Abondance de baguettes,fr
魔棒过载,Abondance de baguettes,fr
魔法のダイス,Dés magiques,fr
魔法投掷,Dés magiques,fr
魔法擲骰,Dés magiques,fr
魔法骰子,Dés magiques,fr
魔甘娜,Morgana,fr
魔鬥凱薩,Mordekaiser,fr
鱼骨头,Poiscaille,fr
鲜血祭品,Offrande sanguinaire,fr
鴻運當頭,Vous vous sentez en veine ?,fr
鴻運當頭,Relances étoilées,fr
麗珊卓,Lissandra,fr
黃昏聖盾,Égide du crépuscule,fr
黃金巨龍,Mailles en or,fr
黃金蛋,Œuf d'or,fr
黃金豪賭,Pile ou face,fr
黄昏圣盾,Égide du crépuscule,fr
黄金の博打,Pile ou face,fr
黄金の龍,Mailles en or,fr
黄金蛋,Œuf d'or,fr
黄金豪赌,Pile ou face,fr
黄金赌约,Pile ou face,fr
黎明之盾,Égide de l'aube,fr
黎明圣盾,Égide de l'aube,fr
黎明核心,Cœur de l'aube,fr
黎明聖盾,Égide de l'aube,fr
黑暗吸血鬼节杖,Sceptre vampirique corrompu,fr
黑暗魔女,Dame sombre,fr
黑铁资产,Entre les PO et l'enclume,fr
黑魔禁书,Morellonomicon,fr
黑魔禁書,Morellonomicon,fr
黛安娜,Diana,fr
龍之爪,Griffe de dragon,fr
龙之爪,Griffe de dragon,fr
가고일 돌갑옷,Lithoplastron de gargouille,fr
가지 뻗기,Aléatoire jacta est,fr
간이 대장간,Forgeron ambulant,fr
강철의 솔라리 펜던트,Médaillon de l'Iron Solari,fr
강철의 심장,Cœur d'acier,fr
거대 메크 로봇,Le Méga-mecha,fr
거대하고 강력한,Grandeur et démesure,fr
거대한 히드라,Hydre titanesque,fr
거래 중심지,Relances régulières,fr
거울의 환영,Personnalité miroir,fr
거인 학살자,Tueur de géants,fr
거인의 결의,Détermination du titan,fr
거인의 허리띠,Ceinture du géant,fr
검 제작자,Armurier,fr
경품 추첨,Pile ou face,fr
경호대 훈련,Formation de Garde du corps,fr
계산된 패배,Défaite planifiée,fr
고귀한 모험,Une aventure exaltante,fr
고독한 방패,Lithoplastron solo,fr
고속 연사포,Canon ultrarapide,fr
고위천사의 지팡이,Bâton angélique,fr
고전압,Électrocharge,fr
고전압,Haute tension,fr
고철 수집가의 은총,Bénédiction du Ferrailleur,fr
곡궁,Arc courbe,fr
골렘,Golem,fr
공감 임플란트,Implant cybernétique,fr
공허 건틀릿,Gantelet du Néant,fr
공허의 지팡이,Bâton du vide,fr
교환의 장,Secteur commercial,fr
구독 서비스,Abonnement,fr
구원의 영혼,Esprit de la Rédemption,fr
구원자,Rédempteur,fr
구인수의 격노검,Lame enragée de Guinsoo,fr
굳건한 심장,Cœur intrépide,fr
권투 교습,Ligne de front,fr
그냥 눌러,Butin varié,fr
그라가스,Gragas,fr
그레이브즈,Graves,fr
그림자 꼭두각시,Clone des ombres,fr
그웬,Gwen,fr
극대화 빌드,Duplication,fr
극진한 헌신,Typologie,fr
금지된 우상,Idole interdite,fr
급매,Cleptomanie,fr
기다림의 미학,Attente récompensée,fr
기동총격여신,Déesse des flingues,fr
기사의 맹세,Vœu du chevalier,fr
길을 내라,Glaives à gogo,fr
길잡이,Berger,fr
길잡이 상징,Emblème de Berger,fr
꼬꼬마 거인,Mini-Tacticien,fr
꼬마 거인,P'tits titans,fr
꼬마 정령,Marguereep,fr
꽁!,Bonk !,fr
끈끈한 우정,Esprit d'équipe,fr
끈질긴 연구,Gagnant-gagnant,fr
끝없는 절망,Désespoir infini,fr
나 혼자 레벨업,Solo Leveling,fr
나르,Gnar,fr
나미,Nami,fr
나서스,Nasus,fr
남작의 소굴,Repaire du baron,fr
내셔의 이빨,Dent de Nashor,fr
넘치는 대검,Abondance de glaives,fr
넘치는 지팡이,Abondance de baguettes,fr
넘치는 허리띠,Abondance de ceintures,fr
누누와 윌럼프,Nunu et Willump,fr
다 쓸 데가 있다니까,Butin funéraire,fr
다이애나,Diana,fr
단결된 의지,Soutien indéfectible,fr
단일 조합 사수,Obstination,fr
단짝,Meilleurs amis,fr
단체 포옹,Câlin collectif,fr
달콤한 간식,Objets blindés,fr
대격변 생성기,Recombobulateur,fr
대장군의 명예,Honneur du Maître de guerre,fr
대천사의 지팡이,Bâton de l'archange,fr
대출 선지급,Prêt anticipé,fr
더욱 치명적인 모자,Coiffes mortelles,fr
덤불 조끼,Armure roncière,fr
도금 강철,Acier doré,fr
도둑 무리,Bande de voleurs,fr
도둑 무리 II,Bande de voleurs II,fr
도적의 장갑,Gants de voleur,fr
도전자,Challenger,fr
도전자 모드,Mode Challenger,fr
도전자 상징,Emblème de Challenger,fr
돈 폭풍,Pluie d'argent,fr
돈독,Avidité,fr
동료 제작,Achat 3 étoiles,fr
동물특공대,Section Anima,fr
동물특공대 상징,Emblème de la Section Anima,fr
동물특공대 지휘관,Commandant d'Anima,fr
뒤집개,Spatule,fr
드론 업링크,Liaison de drone,fr
땔감 제공,Allumer le feu,fr
라바돈의 죽음모자,Coiffe de Rabadon,fr
라아스트,Rhaast,fr
라이트실드 문장,Blason des Lightshield,fr
람머스,Rammus,fr
레벨 업!,Niveau supérieur !,fr
레오나,Leona,fr
렉사이,Rek'Sai,fr
루덴의 폭풍,Tempête de Luden,fr
룰루,Lulu,fr
르블랑,LeBlanc,fr
리븐,Riven,fr
리산드라,Lissandra,fr
리치베인,Fléau de liche,fr
마법 주사위,Dés magiques,fr
마법공학 총검,Pistolame Hextech,fr
마법사의 최후,Au bout du rouleau,fr
마스터 이,Maître Yi,fr
마오카이,Maokai,fr
말살자,Éradicateur,fr
맑은 정신,Lucidité,fr
망령 해적검,Sabre spectral,fr
메카,Mecha,fr
명멸검,Tremblelames,fr
모데카이저,Mordekaiser,fr
모렐로노미콘,Morellonomicon,fr
모르가나,Morgana,fr
무차별적 살인자,Tueur impitoyable,fr
무한의 대검,Lame d'infini,fr
무한한 보호,Protection infinie,fr
미래 지향적 사고,Investissement sur le futur,fr
미스 포츈,Miss Fortune,fr
밀리오,Milio,fr
바드,Bard,fr
바루스의 은총,Bénédiction de Varus,fr
바루스의 집착,Obsession de Varus,fr
반도체,Semi-conducteur,fr
반항아,Touche-à-tout,fr
밤의 끝자락,Manteau de la nuit,fr
방한 장갑,Moufles,fr
베이가,Veigar,fr
벡스,Vex,fr
벨베스,Bel'Veth,fr
별돌보미,Visionnaire,fr
별돌보미 상징,Emblème de Visionnaire,fr
별빛 연계,Combo stellaire,fr
보루,Pavois,fr
보물 사냥,Chasse au trésor,fr
보석 건틀릿,Gantelet précieux,fr
보석 연꽃,Lotus précieux,fr
복제,Fabrication en série,fr
복제자,Réplicateur,fr
복제자 모드,Mode Réplicateur,fr
부스터 팩,Booster,fr
부식,Corrosion,fr
부작용,Effets secondaires,fr
부활의 은총,Bénédiction de résurrection,fr
불굴,L'indomptable,fr
불완전한 초월,Ascension partielle,fr
불한당,Rebelle,fr
불한당 상징,Emblème de Rebelle,fr
붉고 푸른 효과,Buffs à gogo,fr
붉은 덩굴정령,Buff rouge,fr
브라이어,Briar,fr
블리츠크랭크,Blitzcrank,fr
빅뱅,Big Bang,fr
빅토르,Viktor,fr
빛비늘 정수,Essence des Luminécailles,fr
뻗어가는 뿌리,Enracinement,fr
뽀삐,Poppy,fr
사미라,Samira,fr
사이버네틱 이식술,Implants cybernétiques,fr
사이버네틱 통신,Liaison cybernétique,fr
삼인방,Tiercé,fr
새로고침의 날,Jour de relance,fr
새로운 시대,Cycle épique,fr
새벽심장,Cœur de l'aube,fr
새벽의 방패,Égide de l'aube,fr
생선대가리,Poiscaille,fr
생일 모임,Réunion d'anniversaire,fr
생일 선물,Cadeau d'anniversaire,fr
생존자,Survivant,fr
서사적 새로고침,Relances épiques,fr
서열 상승,Connivence,fr
서풍,Zéphyr,fr
선물 꾸러미,Ravitaillement,fr
선봉대,Initiateur,fr
선봉대 상징,Emblème d'Initiateur,fr
성취,Sauter une classe,fr
소나,Sona,fr
소라카의 기적,Miracle de Soraka,fr
소라카의 은총,Bénédiction de Soraka,fr
소형 블랙홀,Mini trou noir,fr
쇠사슬 조끼,Cotte de mailles,fr
쇼진의 창,Lance de Shojin,fr
수상한 외투,Trench-coat suspect,fr
수완가,Gredin,fr
수은,Mercure,fr
수호자의 맹세,Vœu du protecteur,fr
수호자의 친구,Don du gardien,fr
순교자의 미덕,Vertu du martyr,fr
쉔,Shen,fr
스태틱의 단검,Poignard de Statikk,fr
스테락의 도전,Gage de Sterak,fr
슬쩍하기,Chapardage,fr
습격자,Maraudeur,fr
습격자 상징,Emblème de Maraudeur,fr
승승장구,Relances étoilées,fr
승천의 부적,Talisman de l'ascension,fr
시간 균열자,Brise-temps,fr
시간 균열자 상징,Emblème de Brise-temps,fr
시계태엽 윤활유,Accélérateur mécanique,fr
시동 걸기,Coup d'envoi,fr
신병,Nouvelle recrue,fr
신성 결투가,Duelliste divine,fr
신성한 대장간,Forge divine,fr
신의 축복,Béni des dieux,fr
신중한 제작,Forge à retardement,fr
실컷 울어봐라,Océan de larmes,fr
싸움꾼,Bagarreur,fr
싸움꾼 상징,Emblème de Bagarreur,fr
쌍두마차,Tanks jumeaux,fr
쌍둥이 수호자,Gardiens jumeaux,fr
쓰레쉬의 랜턴,Lanterne de Thresh,fr
쓰레쉬의 은총,Bénédiction de Thresh,fr
쓸데없이 큰 지팡이,Baguette trop grosse,fr
아리의 오라,Aura d'Ahri,fr
아리의 은총,Bénédiction d'Ahri,fr
아우렐리온 솔,Aurelion Sol,fr
아우렐리온 솔의 은총,Bénédiction d'Aurelion Sol,fr
아이템 꾸러미,Sac de butin,fr
아칼리,Akali,fr
아케인 빅토르이!,Arcaniquement Viktor-ieux,fr
아트록스,Aatrox,fr
악성코드 매트릭스,Matrice,fr
악의적 수익 창출,Monétisation malveillante,fr
암흑의 별,Pulsar sombre,fr
암흑의 별 상징,Emblème de Pulsar sombre,fr
야스오의 검술,Maîtrise de l'épée de Yasuo,fr
야스오의 스포트라이트 공유,Célébrité partagée de Yasuo,fr
야스오의 은총,Bénédiction de Yasuo,fr
야스오의 황금 칸,Hexagone doré de Yasuo,fr
약간 신비한 주사위,Dés légèrement magiques,fr
어둠의 여인,Dame sombre,fr
어수선한 마음,Esprit encombré,fr
얽힌 마법,Mana magique,fr
엄청나게 이로운 효과!,Stats à foison !,fr
에너지 파동,Kahuna,fr
에코의 은총,Bénédiction d'Ekko,fr
에코의 인내,Patience d'Ekko,fr
여신의 눈물,Larme de la déesse,fr
여행자,Voyageur,fr
여행자 상징,Emblème de Voyageur,fr
역병의 보석,Joyau putréfiant,fr
역전의 서막,Tentative de comeback,fr
연결 불가,Palier 1,fr
연속 주문 사용,Baguettes à gogo,fr
연습용 장갑,Gants d'entraînement,fr
영웅 꾸러미,Besace héroïque,fr
영원한 브론즈,Bronze pour la vie,fr
영원한 서약,Pacte éternel,fr
영혼 각성,Éveil de l'âme,fr
예금 계좌,Compte épargne,fr
예비 활,Arcs à gogo,fr
예상된 예상 밖의 결과,Lancer de dés,fr
예언자,Oracle,fr
오라 축적,Patience,fr
오로라,Aurora,fr
오른,Ornn,fr
왕관의 무게,Lourde est la couronne,fr
요새,Bastion,fr
요새 상징,Emblème de Bastion,fr
용의 발톱,Griffe de dragon,fr
우르곳,Urgot,fr
우르프의 갬빗,Gambit d'Urf,fr
우르프의 꾸러미,Besace d'Urf,fr
우주 그루브,Astro-groove,fr
우주 그루브 상징,Emblème d'Astro-groove,fr
우주적 재시작,Réinitialisation cosmique,fr
운명술사,Tisse-destin,fr
워모그의 갑옷,Armure de Warmog,fr
위험한 행보,L'amour du risque,fr
유기물 보존기,Conservateur de biomatière,fr
유리 대포,Canon de verre,fr
유연함,Emblématique,fr
유용한 금속,Entre les PO et l'enclume,fr
은빛 여명,Aube de Haut-Lac-d'Argent,fr
은수저,Par ici l'XP,fr
은하계 사냥꾼,Chasseur galactique,fr
음전자 망토,Manteau de Négatron,fr
응당한 대가,Pas le choix,fr
응징,Justice critique,fr
이블린의 본능,Instinct d'Evelynn,fr
이블린의 은총,Bénédiction d'Evelynn,fr
이온 충격기,Étincelle ionique,fr
이즈리얼,Ezreal,fr
인지 과부하,Surcharge cognitive,fr
인지세,Charge cognitive,fr
일라오이,Illaoi,fr
일상물,Crescendo aléatoire,fr
임무 재시작,Nouveau départ,fr
임시변통 방어구,Armure improvisée,fr
자객의 발톱,Griffes du rôdeur,fr
자리 비움,AFK,fr
자야,Xayah,fr
작은 꾸러미,Petit sac de butin,fr
작은 친구들,Choristes,fr
작지만 치명적인,Petits mais costauds,fr
장기 투자,Expérience à tout prix,fr
재빠른 더블 킬,Deux de moins,fr
재빠른 무장,Tout doit disparaître,fr
재생의 바람,Second souffle,fr
재활용 쓰레기통,Bac de recyclage,fr
잭스,Jax,fr
저 별을 향해,Jaximus,fr
저격수,Sniper,fr
저격수 상징,Emblème de Sniper,fr
저녁갑주,Linceul de la congruence,fr
저주받은 왕관,Couronne maudite,fr
저주받은 칼날,Lame maudite,fr
적응형 투구,Casque adaptatif,fr
전달자,Canalisateur,fr
전달자 모드,Mode Canalisateur,fr
전략가의 망토,Cape du Tacticien,fr
전략가의 방패,Bouclier du Tacticien,fr
전략가의 왕관,Couronne du Tacticien,fr
전략가의 주방,Cuisine du Tacticien,fr
전방의 토대,Fondation de première ligne,fr
전하 이동,Transfert,fr
점심값,Le prix du sang,fr
정교한 공예,Maîtrise de l'artisanat,fr
정렬,Première ligne,fr
정령단 속도,À toute meepesse,fr
정령의 형상,Visage spirituel,fr
정령족,Meeple,fr
정령족 상징,Emblème de Meeple,fr
정의의 손길,Main de la justice,fr
제드,Zed,fr
조기 교육,Leçons de combat,fr
조이,Zoé,fr
조합 아이템 강탈,Composants de guerre,fr
주인공 버프,Résistance acharnée,fr
죽음의 검,Lame funeste,fr
중심 잡기,Centre d'excellence,fr
중재자,Juge stellaire,fr
중재자 상징,Emblème de Juge stellaire,fr
즈롯 차원문,Portail de Zz'Rot,fr
증강된 힘,Optimisation optimisée,fr
지옥불 손도끼,Hachette infernale,fr
지크의 음산한 전령,Blason lugubre de Zeke,fr
지크의 전령,Blason de Zeke,fr
지팡이 제작자,Fabricant de baguettes,fr
지평선의 초점,Concentration lointaine,fr
지휘관,Commandante,fr
진,Jhin,fr
진형 유지,Tenir le front,fr
징크스,Jinx,fr
찬란한 장난꾸러기,Vaurien de la lumière,fr
참는 자에게 복을,Jeu de patience,fr
철퇴의 의지,Volonté de la massue,fr
청부 살인마,Tueur à gages,fr
초가스,Cho'Gath,fr
초능력,Psionique,fr
초능력 상징,Emblème de Psionique,fr
초월,Ascension,fr
최신상,Flambant neuf,fr
최적화,Suppresseur doré,fr
최후의 속삭임,Dernier souffle,fr
추방자,Exilés,fr
추적자의 팔목 보호대,Protège-bras du savant,fr
출세가도,Ascension sociale,fr
출정,Récompenses de guerre,fr
충돌 시험용 봇,Mannequins de choc,fr
치명적 성공,Gants à gogo,fr
치명적인 칼날,Lames tueuses,fr
친구 만들기,Champion en kit,fr
친구 만들기,Ami sur mesure,fr
침략자 제드,Zed,fr
침묵의 장막,Linceul d'apaisement,fr
카르마,Karma,fr
카이사,Kai'Sa,fr
카파 주스,Jus chapi-chapo,fr
케이틀린,Caitlyn,fr
케일의 승천,Exaltation de Kayle,fr
케일의 은총,Bénédiction de Kayle,fr
케일의 찬란한 승천,Exaltation radieuse de Kayle,fr
코르키,Corki,fr
크기의 중요성,Question de taille,fr
크라운가드,Couronne de la reine,fr
크라켄의 분노,Fureur du kraken,fr
큰 꾸러미,Super sac de butin,fr
킨드레드,Kindred,fr
타격대의 철퇴,Fléau vengeur,fr
타락한 흡혈의 낫,Sceptre vampirique corrompu,fr
탈론,Talon,fr
탐 켄치,Tahm Kench,fr
탐사,Expédition,fr
탑,La Tour,fr
태고족,Primordien,fr
태고족 상징,Emblème de Primordien,fr
태양불꽃 망토,Cape solaire,fr
태양불꽃판,Plateau solaire,fr
투자,Investissement,fr
트위스티드 페이트,Twisted Fate,fr
특별 맞춤 설정,Coup de chance,fr
특성 나무,Emblématiquement,fr
특성 선택,Choisissez un type,fr
특성의 고서,Tome des emblèmes,fr
티모,Teemo,fr
파멸자,Désespoir,fr
파묻힌 보물,Trésors enfouis,fr
파이크,Pyke,fr
파이트 머니,Triomphe,fr
파티광,Bête de scène,fr
판도라의 대기석,Banc de Pandore,fr
판도라의 아이템,Objets de Pandore,fr
판테온,Pantheon,fr
폭발적인 성장,Croissance explosive,fr
표적 고정 광학 장치,Optique de verrouillage,fr
푸른 파수꾼,Buff bleu,fr
프라이팬,Poêle à frire,fr
프리즘 티켓,Ticket prismatique,fr
피바라기,Soif-de-sang,fr
피오라,Fiora,fr
피의 공물,Offrande sanguinaire,fr
피의 대가,Sanguinaire,fr
피즈,Fizz,fr
하급 거울의 환영,Personnalité miroir mineure,fr
"하나, 둘, 다섯!",Butin aléatoire,fr
"하나, 둘, 셋","Un, deux, trois",fr
하나로 뭉치는 거지,Partage emblématique,fr
해진 유물,Relique flétrie,fr
행운의 기운,Vous vous sentez en veine ?,fr
행운의 장갑,Gants porte-bonheur,fr
헤지 펀드,Spéculation,fr
현명한 소비,Dépense réfléchie,fr
협곡 바위 게,Carapateur,fr
협력,Cours de soutien,fr
호화로운 정기 구독,Abonnement premium,fr
혼돈의 부름,Appel du chaos,fr
화력 집중,Feu concentré,fr
활력증진의 펜던트,Médaillon d'excitation,fr
활의 수호자,Mon arc est vôtre,fr
황금 드래곤,Mailles en or,fr
황금 알,Œuf d'or,fr
황혼의 방패,Égide du crépuscule,fr
회복의 구,Orbes de soins,fr
회복의 메아리,Échos réparateurs,fr
후반 성장,Fin de partie,fr
후반 전문가,Spécialiste des fins de partie,fr
후방 설계도,Stratégie de ligne arrière,fr
훈련 봇,Mannequin d'entraînement,fr
훈련 봇 변환,Mannequinification,fr
휴대용 대장간,Forge portative,fr
흐르는 눈물,Larmes à gogo,fr
흡혈의 활력,Vitalité vampirique,fr
흥청망청,Shopping intensif,fr
힘을 실은 제련,Artefacts à la rescousse,fr
힘의 성배,Calice de puissance,fr
羊刀,Lame enragée de Guinsoo,fr
帽子,Coiffe de Rabadon,fr
大帽,Coiffe de Rabadon,fr
法帽,Coiffe de Rabadon,fr
青龙刀,Lance de Shojin,fr
龙刀,Lance de Shojin,fr
蓝buff,Buff bleu,fr
大天使,Bâton de l'archange,fr
AA,Bâton de l'archange,fr
珠光,Gantelet précieux,fr
法爆,Gantelet précieux,fr
JG,Gantelet précieux,fr
鬼书,Morellonomicon,fr
离子,Étincelle ionique,fr
纳什,Dent de Nashor,fr
科技枪,Pistolame Hextech,fr
枪刃,Pistolame Hextech,fr
虚空,Bâton du vide,fr
法穿棒,Bâton du vide,fr
无尽,Lame d'infini,fr
IE,Lame d'infini,fr
死刃,Lame funeste,fr
杀人剑,Lame funeste,fr
DB,Lame funeste,fr
巨杀,Tueur de géants,fr
GS,Tueur de géants,fr
轻语,Dernier souffle,fr
LW,Dernier souffle,fr
海妖,Fureur du kraken,fr
泰坦,Détermination du titan,fr
幽梦,Lame spectre de Youmuu,fr
QSS,Mercure,fr
血手,Gage de Sterak,fr
饮血,Soif-de-sang,fr
BT,Soif-de-sang,fr
反甲,Armure roncière,fr
龙爪,Griffe de dragon,fr
DC,Griffe de dragon,fr
石像鬼,Lithoplastron de gargouille,fr
狂徒,Armure de Warmog,fr
夜锋,Manteau de la nuit,fr
EON,Manteau de la nuit,fr
日炎,Cape solaire,fr
适应,Casque adaptatif,fr
坚定,Cœur intrépide,fr
心之刚,Cœur intrépide,fr
斯特拉克,Gage de Sterak,fr
偷偷,Gants de voleur,fr
圣盾,Vœu du protecteur,fr
誓约,Vœu du protecteur,fr
冰甲,Vœu du protecteur,fr
圣杯,Calice de puissance,fr
基克,Blason de Zeke,fr
鸟盾,Médaillon de l'Iron Solari,fr
正义,Main de la justice,fr
HOJ,Main de la justice,fr
法衣,Linceul d'apaisement,fr
女妖,Voile de la banshee,fr
薄暮,Linceul de la congruence,fr
骑士,Vœu du chevalier,fr
月石,Régénérateur de pierre de lune,fr
恶意,Fiel,fr
嘉文,Jarvan IV,fr
J4,Jarvan IV,fr
菊花信,Xin Zhao,fr
小炮,Tristana,fr
卡牌,Twisted Fate,fr
牌爹,Twisted Fate,fr
TF,Twisted Fate,fr
挖掘机,Rek'Sai,fr
妖姬,LeBlanc,fr
船长,Gangplank,fr
GP,Gangplank,fr
大卑,Bel'Veth,fr
蝙蝠,Bel'Veth,fr
女枪,Miss Fortune,fr
霸龙,T-Hex,fr
霸王龙,T-Hex,fr
螃蟹,Carapateur,fr
猴子,Wukong,fr
稻草人,Fiddlesticks,fr
蛤蟆,Tahm Kench,fr
狗熊,Volibear,fr
龙王,Aurelion Sol,fr
小法,Veigar,fr
老鼠,Twitch,fr
诺手,Darius,fr
德玛,Garen,fr
大虫子,Cho'Gath,fr
灯笼,Thresh,fr
大嘴,Kog'Maw,fr
狼人,Warwick,fr
鳄鱼,Renekton ,fr
龙女,Shyvana,fr
豹女,Nidalee,fr
寒冰,Ashe,fr
女警,Caitlyn,fr
皮城女警,Caitlyn,fr
琴女,Sona,fr
机器人,Blitzcrank,fr
男爵,Baron Nashor,fr
杀手,Bourreau,fr
大龙,Baron Nashor,fr
小菊,Brock,fr
流浪,Ryze,fr
偷男,Sylas,fr
甘雨,Kindred,fr
劲夫,Sett,fr
棺材板,Xerath ,fr
剑魔,Aatrox,fr
乌鸦,Swain,fr
光女,Lux,fr
酸辣粉,Séraphine,fr
宝石,Taric,fr
德子,Draven,fr
冰女,Lissandra,fr
电耗子,Kennen,fr
猪女,Sejuani,fr
猪妹,Sejuani,fr
剪刀,Gwen,fr
掘墓,Yorick ,fr
皎月,Diana,fr
蛮王,Tryndamere,fr
腰子,Shen,fr
赏金,Miss Fortune,fr
冰鸟,Anivia,fr
爆弹,Ziggs,fr
黑妹,Mel,fr
熊,Tibbers,fr
佛爷,Viego,fr
沙皇,Azir,fr
日女,Leona,fr
女坦,Leona,fr
丁真,Milio,fr
小法师,Veigar,fr
滑板鞋,Kalista,fr
火女,Annie,fr
狗头,Nasus,fr
板甲,Lithoplastron de gargouille,fr
赌狗,reroll,fr
运营,econ,fr
转向,pivot,fr
质量,board strength,fr
连败,lose streak,fr
连胜,win streak,fr
速8,fast 8,fr
摆烂,open fort,fr
卖血,sack,fr
慢D,slow roll,fr
大转型,hard pivot,fr
小调整,soft pivot,fr
海克斯,augment,fr
运气好,highroll,fr
运气差,lowroll,fr
棱彩强化,prismatic augment,fr
铲爷,mobile player,fr
