source,target,tgt_lng
1个霸符，2个霸符,"Ein Buff, zwei Buff",de
2 Vàng Là Nhất,Zu viel Wert,de
2体のタンク,Zu zäh,de
2만한 가치,Zu viel Wert,de
2인조,Duo-Warteschlange,de
3の軍団,Die Legion der Drei,de
3단계 군단,Die Legion der Drei,de
4가 함께하길,Mögen die Vier mit dir sein,de
4후지원,Vier-Gold-Verstärkung,de
8级D干的传说,Epische Ladung,de
A Hajnal égisze,Ägide der Morgendämmerung,de
A Magic Roll,Ein magischer Wurf,de
A Masszív mecha,Der mächtige Mecha,de
A Nagy Bumm,Der Urknall,de
A Que Custo,Zu welchem Preis,de
A Remontar,Siegeszug,de
A Torre,Der Turm,de
A União Faz a Força,Wir halten zusammen,de
A buzogány akarata,Der Wille des Hammers,de
A felemelkedés talizmánja,Amulett des Aufstiegs,de
A feltámadás áldása,Segen der Wiederbelebung,de
A frontvonal alapjai,Frontlinien-Fundament,de
A gondviselő barátja,Verbündeter des Beschützers,de
A gyűjtögető adománya,Gefälligkeit des Schrotthändlers,de
A hatalom kelyhe,Kelch der Macht,de
A járatlan út,Selbstständig machen,de
A kraken haragja,Zorn des Kraken,de
A káosz hívása,Ruf des Chaos,de
A legapróbb titán,Winzigster Titan,de
A megváltás szelleme,Geist der Erlösung,de
A mozdulatlanság leple,Tuch der Stille,de
A méret a lényeg,Größe ist alles,de
A nagy pofon,Kahunahuna,de
A négyek ereje,Mögen die Vier mit dir sein,de
A por el bote,Preiskämpfer,de
A por la victoria,Siegeszug,de
A portyázó karma,Klaue des Meuchlers,de
A prueba de choques,Crash-Test-Dummies,de
A quale prezzo,Zu welchem Preis,de
A qué precio,Zu welchem Preis,de
A rettenthetetlen,Der Unbeugsame,de
A taktikus koronája,Krone des Taktikers,de
A titán elszántsága,Entschlossenheit des Titanen,de
A torony,Der Turm,de
A végjáték szakértője,Endgame-Experte,de
A vízköpő sziklavértje,Steinpanzer des Wasserspeiers,de
AFK,Abwesend,de
Aatrox,Aatrox,de
Abbonamento di lusso,Luxus-Abonnement,de
Abbraccio di gruppo,Gruppenumarmung,de
Abonament,Abo-Service,de
Abonament de lux,Luxus-Abonnement,de
Abondance de baguettes,Stabüberfluss,de
Abondance de ceintures,Gürtel im Überfluss,de
Abondance de glaives,Schwertüberfluss,de
Abonelik Hizmeti,Abo-Service,de
Abonnement,Abo-Service,de
Abonnement premium,Luxus-Abonnement,de
Abra o Caminho,Bahne dir den Weg,de
Abrazo Grupal,Gruppenumarmung,de
Abrazo grupal,Gruppenumarmung,de
Abraço Coletivo,Gruppenumarmung,de
Absurdalnie Wielka Różdżka,Übergroßer Stab,de
Accelerator mecanic,Uhrwerk-Beschleuniger,de
Acceleratore meccanico,Uhrwerk-Beschleuniger,de
Accetta infernale,Kriegsbeil des Höllenfeuers,de
Acciaio brillante,Vergoldeter Stahl,de
Accélérateur mécanique,Uhrwerk-Beschleuniger,de
Acelerador Mecanizado,Uhrwerk-Beschleuniger,de
Acelerador Mecánico,Uhrwerk-Beschleuniger,de
Acelerador de relojería,Uhrwerk-Beschleuniger,de
Acero Dorado,Vergoldeter Stahl,de
Acero dorado,Vergoldeter Stahl,de
Achat 3 étoiles,Baue einen Begleiter,de
Acier doré,Vergoldeter Stahl,de
Actualiza sin parar,Aktualisierungstaumel,de
Acumular,Auf lange Sicht,de
Acélszív,Herz aus Stahl,de
Adagas Oscilantes,Flimmerklingen,de
Adaletin Eli,Hand der Gerechtigkeit,de
Adaletin Yumruğu,Vergeltung,de
Adaptive Helm,Adaptiver Helm,de
Adaptív sisak,Adaptiver Helm,de
Addestramento da Guardia del corpo,Leibwache-Training,de
Adiestramiento de guardaespaldas,Leibwache-Training,de
Advanced Loan,Erweiterter Kredit,de
Aegis of Dawn,Ägide der Morgendämmerung,de
Aegis of Dusk,Ägide der Abenddämmerung,de
Agujero negro en miniatura,Kleines schwarzes Loch,de
Ahri aurája,Ahris Aura,de
Ahri áldása,Ahris Segen,de
Ahri'nin Haresi,Ahris Aura,de
Ahri'nin Lütfu,Ahris Segen,de
Ahri's Aura,Ahris Aura,de
Ahri's Boon,Ahris Segen,de
Ahřin dar,Ahris Segen,de
Ahřina aura,Ahris Aura,de
Ajándékcsomag,Hilfspaket,de
Akali,Akali,de
Akan Gözyaşları,Fließende Tränen,de
Akcelerator Nakręcanego,Uhrwerk-Beschleuniger,de
Aklın Sonu,Ende der Weisheit,de
Akıllı Harcama,Weise Ausgaben,de
Al Filo de la Cordura,Ende der Weisheit,de
Alacakaranlık Kalkanı,Ägide der Abenddämmerung,de
Alakzatba,Aufstellung,de
Alba di Silvermere,Dämmerung von Silbersee,de
Alcance as Estrelas,Nach dem Himmel greifen,de
Alege caracteristica,Attribut wählen,de
Alevleri Körükle,Schüre das Feuer,de
Alfanje Espectral,Spektrales Entermesser,de
Aliado do Protetor,Verbündeter des Beschützers,de
Alianza del Guardián,Verbündeter des Beschützers,de
Alianza del protector,Verbündeter des Beschützers,de
Aliatul îngrijitorului,Verbündeter des Beschützers,de
Alimenta las Llamas,Schüre das Feuer,de
Alimentad las llamas,Schüre das Feuer,de
Alimentare le fiamme,Schüre das Feuer,de
Alimente as Chamas,Schüre das Feuer,de
Alineación,Aufstellung,de
Aliniere,Aufstellung,de
Alkatrészes zsák,Gegenstand-Wundertüte,de
Alleato del custode,Verbündeter des Beschützers,de
Allumer le feu,Schüre das Feuer,de
Alma da Festa,Partytiger,de
Alta Voltagem,Hochspannung,de
Alta tensione,Hochspannung,de
Alto Voltaje,Hochspannung,de
Alto voltaje,Hochspannung,de
Altın Ejder,Der goldene Drache,de
Altın Riski,Goldenes Glücksspiel,de
Altın Yumurta,Das goldene Ei,de
Alvorada de Pratânia,Dämmerung von Silbersee,de
Aléatoire jacta est,Selbstständig machen,de
Aléatoirement vôtre,Duo-Warteschlange,de
Alışveriş Çılgınlığı,Einkaufsbummel,de
Amanecer Plateado,Dämmerung von Silbersee,de
Amanecer de Meraplata,Dämmerung von Silbersee,de
Ami sur mesure,Schmiede einen Freund,de
Amico dei Mippi,Meeple,de
Amico fai-da-te,Baue einen Begleiter,de
Amigos a medida,Baue einen Begleiter,de
Amiguinhos,Kleine Freunde,de
Amiguitos,Kleine Freunde,de
Amulet Vyzdvižení,Amulett des Aufstiegs,de
An Exalted Adventure,Ein erhabenes Abenteuer,de
Ana Karaktere Bir Şey Olmaz,Knallhart,de
Andare per le lunghe,Auf lange Sicht,de
Angajament solid,Bindende Verpflichtung,de
Ani Büyüme,Explosives Wachstum,de
Anima,Anima,de
Anima Amblemi,Anima-Emblem,de
Anima Commander,Anima-Kommandant,de
Anima Emblem,Anima-Emblem,de
Anima Komutanı,Anima-Kommandant,de
Animale da festa,Partytiger,de
Animalia,Anima,de
Antrenamentul gărzii de corp,Leibwache-Training,de
Anı Yaşa,Schlag zu,de
Apariencia Espiritual,Geistessicht,de
Apocaliptic,Vernichter,de
Aposta em Ouro,Goldenes Glücksspiel,de
Apoteotická kovárna,Unübertreffliche Schmiede,de
Apotheotic Forge,Unübertreffliche Schmiede,de
Appel du chaos,Ruf des Chaos,de
Aprendizados Iniciais,Frühe Erkenntnisse,de
Aprendizaje inicial,Frühe Erkenntnisse,de
Aprire un passaggio,Bahne dir den Weg,de
Apró cimborák,Kleine Freunde,de
Apró titánok,Winzige Titanen,de
Apuesta Dorada,Goldenes Glücksspiel,de
Apuesta dorada,Goldenes Glücksspiel,de
Apunta a las Estrellas,Nach dem Himmel greifen,de
Apunta a las estrellas,Nach dem Himmel greifen,de
Apărător,Frontkämpfer,de
Aradığını Bul,Einfach treffen,de
Arakla,Stibitzen,de
Araldo di Zeke,Zekes Herold,de
Aranyjátszma,Goldenes Glücksspiel,de
Arauto Desolador de Zeke,Zekes düsterer Herold,de
Arauto de Zeke,Zekes Herold,de
Arbiter,Gebieter,de
Arbiter Emblem,Gebieter-Emblem,de
Arbitro,Gebieter,de
Arbitrzy,Gebieter,de
Arc courbe,Rekursivbogen,de
Arc încovoiat,Rekursivbogen,de
Arcane Vidor Viktor,Arcane-Viktor-y,de
Arcane Viktor-y,Arcane-Viktor-y,de
Arcane ビクタリー,Arcane-Viktor-y,de
Arcaniquement Viktor-ieux,Arcane-Viktor-y,de
Archandělova hůl,Stab des Erzengels,de
Archangel's Staff,Stab des Erzengels,de
Archi da supporto,Notfallbögen,de
Archibugio a ripetizione,Schnellfeuer-Geschütz,de
Arco Recurvado,Rekursivbogen,de
Arco Recurvo,Rekursivbogen,de
Arco curvo,Rekursivbogen,de
Arco ricurvo,Rekursivbogen,de
Arcos Reserva,Notfallbögen,de
Arcos de Repuesto,Notfallbögen,de
Arcos de refuerzo,Notfallbögen,de
Arcs à gogo,Notfallbögen,de
Arcuri de rezervă,Notfallbögen,de
Argento vivo,Quecksilber,de
Argint viu,Quecksilber,de
Argogranchio,Kluftkrabbler,de
Arka Sıra Savunması,Blaupause für die hintere Reihe,de
Arkangyal pálcája,Stab des Erzengels,de
Arma un Amigo,Baue einen Begleiter,de
Armado máximo,Maximale Ausrüstung,de
Armadura Improvisada,Improvisierte Rüstung,de
Armadura Pétrea,Steinpanzer des Wasserspeiers,de
Armadura de Warmog,Warmogs Rüstung,de
Armadura de trama,Knallhart,de
Armadura improvisada,Improvisierte Rüstung,de
Armaguarda da Caçadora,Armschutz des Suchenden,de
Armatura di Warmog,Warmogs Rüstung,de
Armatura improvvisata,Improvisierte Rüstung,de
Armura lui Warmog,Warmogs Rüstung,de
Armure de Warmog,Warmogs Rüstung,de
Armure improvisée,Improvisierte Rüstung,de
Armure roncière,Dornenweste,de
Armurier,Schwertschmied,de
Armură improvizată,Improvisierte Rüstung,de
Aronguejo,Kluftkrabbler,de
Arta atacului lui Yasuo,Yasuos Klingentanz,de
Artefacts à la rescousse,Durch Stärke geschmiedet,de
Artesanía Creativa,Raffinierte Herstellung,de
Artiglio del drago,Drachenklaue,de
Artiglio del predatore,Klaue des Meuchlers,de
Aruncare magică,Ein magischer Wurf,de
Arındırıcı,Erlöser,de
Asalto de Componentes,Komponentenraub,de
Ascender de Posición,Immer höher hinauf,de
Ascension,Aufstieg,de
Ascension partielle,Teilaufstieg,de
Ascension sociale,Aufwärtsmobilität,de
Ascensione,Aufstieg,de
Ascensione parziale,Teilaufstieg,de
Ascensiune,Aufstieg,de
Ascensiune socială,Aufwärtsmobilität,de
Ascensión,Aufstieg,de
Ascensión parcial,Teilaufstieg,de
Ascenso,Aufstieg,de
Ascenso social,Aufwärtsmobilität,de
Ascensão,Aufstieg,de
Ascensão Parcial,Teilaufstieg,de
Asesinato Doble Veloz,Zügiger Doppelkill,de
Asesinato doble veloz,Zügiger Doppelkill,de
Asesino a Sueldo,Auftragsmörder,de
Asesino a sueldo,Auftragsmörder,de
Aspoň k něčemu,Zu etwas nütze,de
Assassinato Indiscriminado,Willkürlicher Killer,de
Assinatura de Luxo,Luxus-Abonnement,de
Astral,Sterndeuter,de
Astro-groove,Weltraum-Groove,de
Astromante,Sterndeuter,de
Astronomo,Sterndeuter,de
At What Cost,Zu welchem Preis,de
Atalho à Vitória,Siegeszug,de
Atirador de Elite,Scharfschütze,de
Atributo elegido,Attribut wählen,de
Attente récompensée,Das Warten wert,de
Atualização Épica,Epische Ladung,de
Atılgan,Herausforderer,de
Atılgan Amblemi,Herausforderer-Emblem,de
Atılgan Modu,Herausforderer-Modus,de
Au bout du rouleau,Ende der Weisheit,de
Aube de Haut-Lac-d'Argent,Dämmerung von Silbersee,de
Augmented Power,Augmentierte Macht,de
Augmentovaná síla,Augmentierte Macht,de
Aulas de Boxe,Boxunterricht,de
Aumento di livello in solitaria,Solo-Leveling,de
Aumento di livello!,Neue Stufe!,de
Aura Ahri,Ahris Aura,de
Aura Farming,Aura-farmen,de
Aura d'Ahri,Ahris Aura,de
Aura de Ahri,Ahris Aura,de
Aura di Ahri,Ahris Aura,de
Aura lui Ahri,Ahris Aura,de
Aurafarmolás,Aura-farmen,de
Aurelion Sol,Aurelion Sol,de
Aurelion Sol áldása,Aurelion Sols Segen,de
Aurelion Sol's Boon,Aurelion Sols Segen,de
Aurelion Sol'ün Lütfu,Aurelion Sols Segen,de
Aurelion Solův dar,Aurelion Sols Segen,de
Auronúcleo,Dämmerkern,de
Aurora,Aurora,de
Avanguardia,Frontkämpfer,de
Avaricia,Geldgierig,de
Aventura Exaltada,Ein erhabenes Abenteuer,de
Avidité,Geldgierig,de
Avènement des deux,Zu viel Wert,de
Awans,Aufwärtsmobilität,de
Awansujesz!,Neue Stufe!,de
Az Alkony égisze,Ägide der Abenddämmerung,de
Az Oltalmazó esküje,Schwur des Beschützers,de
Az adottságfa,Der Attributsbaum,de
Az adottságok könyve,Wälzer der Attribute,de
Az aranysárkány,Der goldene Drache,de
Az aranytojás,Das goldene Ei,de
Az erő itala,Cappa-Trank,de
Az igazság ökle,Hand der Gerechtigkeit,de
Az iron solarik medálja,Amulett der eisernen Solari,de
Az istenek kohója,Unübertreffliche Schmiede,de
Az Üresség botja,Leerenstab,de
Az éj kardja,Saum der Nacht,de
Az óriás öve,Gürtel des Riesen,de
Azami Dizilim,Maximale Ausrüstung,de
Azzardo di Urf,Urfs Gambit,de
Aço Áureo,Vergoldeter Stahl,de
Aşırı Büyük Sopa,Übergroßer Stab,de
B.F. Sword,Riesenschwert,de
B.F. 대검,Riesenschwert,de
B.F.ソード,Riesenschwert,de
"BEZ ZWIADU, BEZ ZMIAN","KEIN UMSEHEN, KEIN WECHSELN",de
BF Glaive,Riesenschwert,de
BRAK AKTYWNOŚCI,Abwesend,de
Bac de recyclage,Recyclingtonne,de
Backline Blueprint,Blaupause für die hintere Reihe,de
Backup Bows,Notfallbögen,de
Bagarreur,Raufbold,de
Baguette trop grosse,Übergroßer Stab,de
Baguettes à gogo,Fortwährende Beschwörung,de
Bajkeverő,Raufbold,de
Bajkeverő embléma,Raufbold-Emblem,de
Bajkeverők,Misfits,de
Bajo el mismo foco de Yasuo,Yasuos „Teile das Rampenlicht“,de
Baluardo,Bollwerk,de
Baluarte,Bollwerk,de
Bam!,Bonk!,de
Banc de Pandore,Pandoras Bank,de
Banca Pandorei,Pandoras Bank,de
Banca de Pandora,Pandoras Bank,de
Band of Thieves,Diebesbande,de
Band of Thieves II,Diebesbande II,de
Banda Złodziejaszków,Diebesbande,de
Banda Złodziejaszków II,Diebesbande II,de
Banda de Ladrones,Diebesbande,de
Banda de Ladrones II,Diebesbande II,de
Banda di ladri,Diebesbande,de
Banda di ladri II,Diebesbande II,de
Bande de voleurs,Diebesbande,de
Bande de voleurs II,Diebesbande II,de
Bandito,Schurke,de
Bando de Ladrões,Diebesbande,de
Bando de Ladrões II,Diebesbande II,de
Bandă de tâlhari,Diebesbande,de
Bandă de tâlhari II,Diebesbande II,de
Bani de buzunar,Geld fürs Mittagessen,de
Banquillo de Pandora,Pandoras Bank,de
Bard,Bard,de
Bardo,Bard,de
Baricadă,Bollwerk,de
Barkácsolt barkácsolás,Raffinierte Herstellung,de
Baron verme,Versteck des Barons,de
Baron's Lair,Versteck des Barons,de
Baron'un İni,Versteck des Barons,de
Baronovo doupě,Versteck des Barons,de
Bastion,Bastion,de
Bastion Emblem,Bastion-Emblem,de
Bastione,Bastion,de
Bastião,Bastion,de
Bastión,Bastion,de
Bastone colossale,Übergroßer Stab,de
Bastone del Vuoto,Leerenstab,de
Bastão Desnecessariamente Grande,Übergroßer Stab,de
Bastón del Vacío,Leerenstab,de
Bastón del arcángel,Stab des Erzengels,de
Bastón del serafín,Flügelstab,de
Baza avangardei,Frontlinien-Fundament,de
Başmelek Asası,Stab des Erzengels,de
Bašta,Bastion,de
Becsapódás,Schlag zu,de
Beklemeye Değer,Das Warten wert,de
Beklenen Beklenmezlik,Erwartetes Unerwartetes,de
Bel'Veth,Bel'Veth,de
Belt Overflow,Gürtel im Überfluss,de
Ben Tek Siz Hepiniz,Solo-Leveling,de
Bendecido por los Dioses,Gottgesegnet,de
Bendición de Ahri,Ahris Segen,de
Bendición de Aurelion Sol,Aurelion Sols Segen,de
Bendición de Ekko,Ekkos Segen,de
Bendición de Evelynn,Evelynns Segen,de
Bendición de Kayle,Kayles Segen,de
Bendición de Resurrección,Segen der Wiederbelebung,de
Bendición de Soraka,Sorakas Segen,de
Bendición de Thresh,Threshs Segen,de
Bendición de Varus,Varus' Segen,de
Bendición de Yasuo,Yasuos Segen,de
Bendición de la chatarra,Gefälligkeit des Schrotthändlers,de
Bendición del Chatarrero,Gefälligkeit des Schrotthändlers,de
Bendito por los dioses,Gottgesegnet,de
Benedetto dagli dei,Gottgesegnet,de
Benlik Aynası,Gespiegelte Persona,de
Berger,Hirte,de
Besace d'Urf,Urfs Wundertüte,de
Besace héroïque,Heldenhafte Wundertüte,de
Best Friends,Beste Freunde,de
Bestia fiestera,Partytiger,de
Betervezett veszteség,Berechneter Verlust,de
Bevásárló körút,Einkaufsbummel,de
Bezwzględny Zabójca,Willkürlicher Killer,de
Big Bang,Der Urknall,de
Big Grab Bag,Große Wundertüte,de
Biglietto prismatico,Prismatisches Ticket,de
Bilet prismatic,Prismatisches Ticket,de
Bileşen Eşya Soygunu,Komponentenraub,de
Bilhete Prismático,Prismatisches Ticket,de
Bilişsel Patlama,Kognitive Überladung,de
Bilişsel Vergi,Kognitive Steuer,de
Billete prismático,Prismatisches Ticket,de
Binecuvântat de zei,Gottgesegnet,de
Biomassza-megőrző,Biomassebewahrer,de
Biomatter Preserver,Biomassebewahrer,de
Bir Yol Çiz,Bahne dir den Weg,de
Bir İki Üç,"Eins, zwei, drei",de
"Bir, İki, Beş!","Eins, zwei, fünf!",de
Birikim Hesabı,Sparkonto,de
Birlikten Kuvvet Doğar,Geeinter Halt,de
Birliğin Gücü,Wir halten zusammen,de
Birthday Present,Geburtstagsgeschenk,de
Birthday Reunion,Geburtstags-Wiedervereinigung,de
Biyomalzeme Koruyucusu,Biomassebewahrer,de
Biztos győzelem,Siegeszug,de
Blason de Zeke,Zekes Herold,de
Blason des Lightshield,Lichtschild-Wappen,de
Blason lugubre de Zeke,Zekes düsterer Herold,de
Blasón de Escudo de luz,Lichtschild-Wappen,de
Blazonul Lightshield,Lichtschild-Wappen,de
Blazonul solarilor de fier,Amulett der eisernen Solari,de
Blighting Jewel,Pestjuwel,de
Blikavé čepele,Flimmerklingen,de
Blitzcrank,Blitzcrank,de
Bliźniaczy Strażnicy,Zwillingswächter,de
Blood Offering,Blutopfer,de
Blood Price,Blutzoll,de
Bloodthirster,Blutdürster,de
Blue Buff,Blauer Buff,de
Bluźnierczy Bożek,Verbotener Götze,de
Bodyguard Training,Leibwache-Training,de
Bogini Broni,Panzerwalküre,de
Bokormellény,Dornenweste,de
Boks Dersi,Boxunterricht,de
Bokszkesztyű,Kampfhandschuhe,de
Bokszlecke,Boxunterricht,de
Boleto Prismático,Prismatisches Ticket,de
Bolsa de Objetos,Gegenstand-Wundertüte,de
Bolsa de Sorpresas Heroica,Heldenhafte Wundertüte,de
Bolsa de Sorpresas Pequeña,Kleine Wundertüte,de
Bolsa de Sorpresas de Urf,Urfs Wundertüte,de
Bolsa de Sorpresas grande,Große Wundertüte,de
Bolsa sorpresa de Urf,Urfs Wundertüte,de
Bolsa sorpresa de objetos,Gegenstand-Wundertüte,de
Bolsa sorpresa grande,Große Wundertüte,de
Bolsa sorpresa heroica,Heldenhafte Wundertüte,de
Bolsa sorpresa pequeña,Kleine Wundertüte,de
Bombardıman Topu,Schnellfeuer-Geschütz,de
Boneco de Treinamento,Übungspuppe,de
Bonecos de Impacto,Crash-Test-Dummies,de
Bonk!,Bonk!,de
Bonk !,Bonk!,de
Boon of Resurrection,Segen der Wiederbelebung,de
Boon of the Scrapper,Gefälligkeit des Schrotthändlers,de
Boong!,Bonk!,de
Booster,Booster-Packung,de
Booster Pack,Booster-Packung,de
Boostery,Booster-Packung,de
Borsa degli oggetti,Gegenstand-Wundertüte,de
Borsa di Urf,Urfs Wundertüte,de
Borsa eroica,Heldenhafte Wundertüte,de
Borsa grande,Große Wundertüte,de
Borsa piccola,Kleine Wundertüte,de
Boscy Pojedynkowicze,Göttlicher Duellant,de
Boska Kuźnia,Unübertreffliche Schmiede,de
Bote de Segunda Mano,Recyclingtonne,de
Botkovács,Stabschmied,de
Bouclier du Tacticien,Schild des Taktikers,de
Boxeador Profesional,Preiskämpfer,de
Boxing Lessons,Boxunterricht,de
Boyut Önemli,Größe ist alles,de
Božská pistolnice,Panzerwalküre,de
Božský duelista,Göttlicher Duellant,de
Bramble Vest,Dornenweste,de
Branching Out,Selbstständig machen,de
Brawler,Raufbold,de
Brawler Emblem,Raufbold-Emblem,de
Brazalete de la buscadora,Armschutz des Suchenden,de
Briar,Briar,de
Brigand,Marodeur,de
Brise-temps,Zeitbrecher,de
Bronce de por Vida,"Einmal Bronze, immer Bronze",de
Bronce de por vida,"Einmal Bronze, immer Bronze",de
Bronz mindörökké II.,"Einmal Bronze, immer Bronze",de
Bronz nad zlato,"Einmal Bronze, immer Bronze",de
Bronz pentru totdeauna,"Einmal Bronze, immer Bronze",de
Bronzdan Şaşma,"Einmal Bronze, immer Bronze",de
Bronze For Life,"Einmal Bronze, immer Bronze",de
Bronze pour la vie,"Einmal Bronze, immer Bronze",de
Bronze é Vida,"Einmal Bronze, immer Bronze",de
Bronzo per la vita,"Einmal Bronze, immer Bronze",de
Brylantowa Rękawica,Juwelenbesetzter Handschuh,de
Brylantowy Lotos,Juwelenbesetzter Lotus,de
Brățara căutătorului,Armschutz des Suchenden,de
Bu Taç Ağır,Schwer ist die Krone,de
Bubuilă,Gräte,de
Bucătăria tacticianului,Taktikerküche,de
Bueno para Algo,Zu etwas nütze,de
Buff bleu,Blauer Buff,de
Buff blu,Blauer Buff,de
Buff rosso,Roter Buff,de
Buff rouge,Roter Buff,de
Buff-ul albastru,Blauer Buff,de
Buff-ul roșu,Roter Buff,de
Buffs à gogo,"Ein Buff, zwei Buff",de
Buget înțelept,Weise Ausgaben,de
Build a Bud,Baue einen Begleiter,de
Build maxim,Maximale Ausrüstung,de
Bulwark,Bollwerk,de
Burattino d'ombra,Schattenpuppe,de
Burguesía,Silberlöffel,de
Buried Treasure,Vergrabene Schätze,de
Buried Treasures,Vergrabene Schätze,de
Bustina,Booster-Packung,de
Butin aléatoire,"Eins, zwei, fünf!",de
Butin funéraire,Zu etwas nütze,de
Butin varié,Einfach treffen,de
Buzduganul înaintașului,Stürmerflegel,de
Bušení,Schlag zu,de
Bài Học Sơ Khai,Frühe Erkenntnisse,de
Bàn Tay Công Lý,Hand der Gerechtigkeit,de
Báculo del Arcángel,Stab des Erzengels,de
Báculo del Serafín,Flügelstab,de
Báculo del Vacío,Leerenstab,de
Bán Thăng Hoa,Teilaufstieg,de
Báo Oán,Vergeltung,de
Bástya,Bollwerk,de
Bârlogul Baronului,Versteck des Barons,de
Bâton angélique,Flügelstab,de
Bâton de l'archange,Stab des Erzengels,de
Bâton du vide,Leerenstab,de
Bão Tố Luden,Ludens Sturm,de
Bão Vàng,Geldmonsun,de
Béni des dieux,Gottgesegnet,de
Bénédiction d'Ahri,Ahris Segen,de
Bénédiction d'Aurelion Sol,Aurelion Sols Segen,de
Bénédiction d'Ekko,Ekkos Segen,de
Bénédiction d'Evelynn,Evelynns Segen,de
Bénédiction de Kayle,Kayles Segen,de
Bénédiction de Soraka,Sorakas Segen,de
Bénédiction de Thresh,Threshs Segen,de
Bénédiction de Varus,Varus' Segen,de
Bénédiction de Yasuo,Yasuos Segen,de
Bénédiction de résurrection,Segen der Wiederbelebung,de
Bénédiction du Ferrailleur,Gefälligkeit des Schrotthändlers,de
Bérgyilkos,Auftragsmörder,de
Bête de scène,Partytiger,de
Bóng Phân Thân,Schattenpuppe,de
Bùa Thăng Hoa,Amulett des Aufstiegs,de
Bùa Xanh,Blauer Buff,de
Bùa Đỏ,Roter Buff,de
Büyük Dönüş,Gelungenes Comeback,de
Büyük Patlama,Der Urknall,de
Büyük Çekiliş,Große Wundertüte,de
Büyülü Zarlar,Ein magischer Wurf,de
Băng Trộm,Diebesbande,de
Băng Trộm II,Diebesbande II,de
Bătăuș,Raufbold,de
Běž do toho,Einfach treffen,de
Błogosławieni,Gottgesegnet,de
Błogosławieństwo Rozrabiaki,Gefälligkeit des Schrotthändlers,de
Błogosławiona Przygoda,Ein erhabenes Abenteuer,de
Bước Đột Phá,Kritischer Erfolg,de
Bạn Thân,Beste Freunde,de
Bảo Hộ Vô Tận,Schutz der Unendlichkeit,de
Bảo Tồn Sinh Chất,Biomassebewahrer,de
Bất Khuất,Der Unbeugsame,de
Bắn Tỉa,Scharfschütze,de
Bộ Ba Hoàn Hảo,Dreifaltigkeit,de
Bừa Bộn,Chaotischer Geist,de
Caccia al tesoro,Schatzjagd,de
Cacciatore galattico,Galaktischer Jäger,de
Cadeau d'anniversaire,Geburtstagsgeschenk,de
Cadou aniversar,Geburtstagsgeschenk,de
Caitlyn,Caitlyn,de
Cajado de Serafim,Flügelstab,de
Cajado do Arcanjo,Stab des Erzengels,de
Cajado do Vazio,Leerenstab,de
Calculated Loss,Berechneter Verlust,de
Calea războiului,Kriegspfad,de
Calibrador de Sterak,Steraks Pegel,de
Calice de puissance,Kelch der Macht,de
Calice del potere,Kelch der Macht,de
Call to Chaos,Ruf des Chaos,de
Cambiazo épico,Epische Ladung,de
Cambio epico,Epische Ladung,de
Cambio eterno,Aktualisierungstaumel,de
Caminho da Guerra,Kriegspfad,de
Can Dostları,Beste Freunde,de
Can Trường,Bastion,de
Canaglia radiosa,Strahlender Halunke,de
Canalisateur,Kanalisierer,de
Canalizador,Kanalisierer,de
Cangrejo Escurridizo,Kluftkrabbler,de
Canhão Fumegante,Schnellfeuer-Geschütz,de
Canhão de Vidro,Glaskanone,de
Cannone di cristallo,Glaskanone,de
Canon de verre,Glaskanone,de
Canon ultrarapide,Schnellfeuer-Geschütz,de
Capa Mercurial,Quecksilber,de
Capa Negatron,Negatron-Mantel,de
Capa de Estratega,Umhang des Taktikers,de
Capa de Fogo Solar,Sonnenfeuer-Umhang,de
Capa de Fuego Solar,Sonnenfeuer-Umhang,de
Capa de Negatrones,Negatron-Mantel,de
Capa de estratega,Umhang des Taktikers,de
Capa de fuego solar,Sonnenfeuer-Umhang,de
Capa do Estrategista,Umhang des Taktikers,de
Capa negatrón,Negatron-Mantel,de
Cape du Tacticien,Umhang des Taktikers,de
Cape solaire,Sonnenfeuer-Umhang,de
Cappa Juice,Cappa-Trank,de
Cappelli più letali,Tödlichere Hauben,de
Caprichitos,Süße Leckereien,de
Capuz da Morte de Rabadon,Rabadons Todeshaube,de
Capuzes Mais Mortais,Tödlichere Hauben,de
Carapateur,Kluftkrabbler,de
Carapescado,Gräte,de
Care Package,Hilfspaket,de
Caretaker's Ally,Verbündeter des Beschützers,de
Carga Elétrica,Elektroladung,de
Carve a Path,Bahne dir den Weg,de
Casa Dourada do Yasuo,Yasuos Goldfeld,de
Casque adaptatif,Adaptiver Helm,de
Castigo,Vergeltung,de
Catastrofista,Vernichter,de
Cazador galáctico,Galaktischer Jäger,de
Cazagalaxias,Galaktischer Jäger,de
Cazatesoros,Schatzjagd,de
Caça ao Tesouro,Schatzjagd,de
Caçador de Galáxia,Galaktischer Jäger,de
Cañón de Cristal,Glaskanone,de
Cañón de Fuego Rápido,Schnellfeuer-Geschütz,de
Cañón de fuego rápido,Schnellfeuer-Geschütz,de
Całun Bezruchu,Tuch der Stille,de
Cecchino,Scharfschütze,de
Cehennem Ateşi Baltası,Kriegsbeil des Höllenfeuers,de
Cei mai buni prieteni,Beste Freunde,de
Ceinture du géant,Gürtel des Riesen,de
Cena Krwi,Blutzoll,de
Cena pro vítěze,Preiskämpfer,de
Cengâver Onuru,Ehre des Kriegsfürsten,de
Cenny Wojownik,Preiskämpfer,de
Cenná posila,Vier-Gold-Verstärkung,de
Centelha Iônica,Ionischer Funke,de
Centre d'excellence,Finde deine Mitte,de
Cetro Vampírico Corrompido,Verdorbenes vampirisches Zepter,de
Cetro Vampírico Corrupto,Verdorbenes vampirisches Zepter,de
Cetro vampírico corrupto,Verdorbenes vampirisches Zepter,de
Chain Vest,Kettenweste,de
Chaleco de cadenas,Kettenweste,de
Chaleco de zarzas,Dornenweste,de
Chalice of Power,Kelch der Macht,de
Challenger,Herausforderer,de
Challenger Emblem,Herausforderer-Emblem,de
Challenger Mode,Herausforderer-Modus,de
Chamado ao Caos,Ruf des Chaos,de
Champion en kit,Baue einen Begleiter,de
Chapardage,Stibitzen,de
Charge Transfer,Ladungstransfer,de
Charge cognitive,Kognitive Steuer,de
Chasse au trésor,Schatzjagd,de
Chasseur galactique,Galaktischer Jäger,de
Chciwość,Geldgierig,de
Che il Quattro sia con te,Mögen die Vier mit dir sein,de
Chemarea haosului,Ruf des Chaos,de
Chispa Iónica,Ionischer Funke,de
Chispa iónica,Ionischer Funke,de
Chiêm Tinh,Sterndeuter,de
Chiến Lũy,Bollwerk,de
Chiến Tướng Khải Hoàn,Ehre des Kriegsfürsten,de
Chmaták,Gauner,de
Cho'Gath,Cho'Gath,de
Choisissez un type,Attribut wählen,de
Choose Trait,Attribut wählen,de
"Chora, me liga",Heul doch …,de
Choristes,Kleine Freunde,de
Chrličův kamenný plát,Steinpanzer des Wasserspeiers,de
Chuyển Đổi Năng Lượng,Ladungstransfer,de
Chuyện Đời Thường,Ein Teil des Lebens,de
Chuộc Tội,Erlöser,de
Chytrý nákup,Weise Ausgaben,de
Chùy Bạch Ngân,Dämmerung von Silbersee,de
Chùy Đoản Côn,Stürmerflegel,de
Chảo Vàng,Bratpfanne,de
Chất Bán Dẫn,Halbleiter,de
Chế Tạo Bằng Hữu,Schmiede einen Freund,de
Chế Tạo Tại Chỗ,Lebende Schmiede,de
Chế Độ Dẫn Truyền,Kanalisierermodus,de
Chế Độ Nhân Bản,Replikator-Modus,de
Chế Độ Thách Đấu,Herausforderer-Modus,de
Chỉ Huy,Kommandant,de
Chỉ Huy Siêu Thú,Anima-Kommandant,de
Chỉ Một Con Đường,Bindende Verpflichtung,de
Chọn Tộc/Hệ,Attribut wählen,de
Chờ Đợi Xứng Đáng,Das Warten wert,de
Cierpliwa Nauka,Patientenstudie,de
Cierpliwość Ekko,Ekkos Geduld,de
Cierpliwość Jest Cnotą,Geduld ist eine Tugend,de
Cimientos de Línea Frontal,Frontlinien-Fundament,de
Cimientos de la vanguardia,Frontlinien-Fundament,de
Cinto do Gigante,Gürtel des Riesen,de
Cintura del gigante,Gürtel des Riesen,de
Cinturón XL,Gürtel im Überfluss,de
Cinturón de Gigante,Gürtel des Riesen,de
Cinturón de gigante,Gürtel des Riesen,de
Clases de boxeo,Boxunterricht,de
Clear Mind,Klarer Geist,de
Cleptomanie,Schlussverkauf,de
Climb The Ladder,Immer höher hinauf,de
Clockwork Accelerator,Uhrwerk-Beschleuniger,de
Clone des ombres,Schattenpuppe,de
Cluttered Mind,Chaotischer Geist,de
Cnota Męczennika,Tugend des Märtyrers,de
Cocina de Estratega,Taktikerküche,de
Cocina de estratega,Taktikerküche,de
Cod roșu de lacrimi,Heul doch …,de
Coda in duo,Duo-Warteschlange,de
Cognitive Overload,Kognitive Überladung,de
Cognitive Tax,Kognitive Steuer,de
Coif cameleonic,Adaptiver Helm,de
Coiffe de Rabadon,Rabadons Todeshaube,de
Coiffes mortelles,Tödlichere Hauben,de
Coincidenze perse,Verfehlte Verbindung,de
Cola Dúo,Duo-Warteschlange,de
Cola dúo,Duo-Warteschlange,de
Coleguis del curro,Teambildung,de
Coleguitas,Kleine Freunde,de
Colete Espinhoso,Dornenweste,de
Colher de Prata,Silberlöffel,de
Collegamento cibernetico,Kybernetische Verbindung,de
Colpire e basta,Einfach treffen,de
Comandant,Kommandant,de
Comandante,Kommandant,de
Comandante Anima,Anima-Kommandant,de
Comandante Animalia,Anima-Kommandant,de
Comandante Ánima,Anima-Kommandant,de
Comandatul Anima,Anima-Kommandant,de
Combattente,Raufbold,de
Combinație stelară,Sternen-Kombo,de
Combo Estelar,Sternen-Kombo,de
Combo estelar,Sternen-Kombo,de
Combo stellaire,Sternen-Kombo,de
Combo stellare,Sternen-Kombo,de
Comeback Story,Gelungenes Comeback,de
Comerț de bază,Kommerzkern,de
Comienzo aventajado,Kickstart,de
Commandant d'Anima,Anima-Kommandant,de
Commandante,Kommandant,de
Commander,Kommandant,de
Commerce Core,Kommerzkern,de
Comori îngropate,Vergrabene Schätze,de
Comparte los Reflectores con Yasuo,Yasuos „Teile das Rampenlicht“,de
Competitor,Herausforderer,de
Component Heist,Komponentenraub,de
Composants de guerre,Komponentenraub,de
Composição Máxima,Maximale Ausrüstung,de
Compras compulsivas,Einkaufsbummel,de
Compromiso férreo,Bindende Verpflichtung,de
Compromisso Sério,Bindende Verpflichtung,de
Compte épargne,Sparkonto,de
Concentration lointaine,Horizontfokus,de
Concentrazione dell'orizzonte,Horizontfokus,de
Condenador,Vernichter,de
Conducto,Kanalisierer,de
Conduit,Kanalisierer,de
Conduit Mode,Kanalisierermodus,de
Conduíte,Kanalisierer,de
Conexiones fallidas,Verfehlte Verbindung,de
Conexiune cibernetică,Kybernetische Verbindung,de
Conexiune cu drona,Drohnenverbindung,de
Conexión cibernética,Kybernetische Verbindung,de
Conexión de dron,Drohnenverbindung,de
Conexión perdida,Verfehlte Verbindung,de
Conexão Cibernética,Kybernetische Verbindung,de
Conexão de Drone,Drohnenverbindung,de
Conexões Perdidas,Verfehlte Verbindung,de
Configuración maximizada,Maximale Ausrüstung,de
Configurazione massima,Maximale Ausrüstung,de
Confusão Mental,Chaotischer Geist,de
Conjuración continua,Fortwährende Beschwörung,de
Conjuração Contínua,Fortwährende Beschwörung,de
Conjuros Continuos,Fortwährende Beschwörung,de
Connivence,Immer höher hinauf,de
Conservare de biomaterial,Biomassebewahrer,de
Conservateur de biomatière,Biomassebewahrer,de
Conservatore di biomateria,Biomassebewahrer,de
Construct a Companion,Baue einen Begleiter,de
Construiește un însoțitor,Baue einen Begleiter,de
Construiește-ți un prieten,Baue einen Begleiter,de
Construye tu Compi,Baue einen Begleiter,de
Construção de Companheiro,Baue einen Begleiter,de
Consumo Consciente,Weise Ausgaben,de
Cont de economii,Sparkonto,de
Conta Poupança,Sparkonto,de
Contendiente,Herausforderer,de
Contenedor de chatarra,Recyclingtonne,de
Continuous Conjuration,Fortwährende Beschwörung,de
Conto dei risparmi,Sparkonto,de
Contract Killer,Auftragsmörder,de
Convogliatore,Kanalisierer,de
Copacul caracteristicilor,Der Attributsbaum,de
Copricapo di Rabadon,Rabadons Todeshaube,de
Corazza singola,Solo-Steinpanzer,de
Corazza spirituale,Geistessicht,de
Corazón de Acero,Herz aus Stahl,de
Corazón de acero,Herz aus Stahl,de
Corazón del alba,Dämmerkern,de
Corazón resuelto,Unerschütterliches Herz,de
Coração Inabalável,Unerschütterliches Herz,de
Coração de Aço,Herz aus Stahl,de
Corki,Corki,de
Coroa do Amaldiçoado,Verfluchte Krone,de
Coroa do Estrategista,Krone des Taktikers,de
Coroana blestemată,Verfluchte Krone,de
Coroana tacticianului,Krone des Taktikers,de
Corona Maldita,Verfluchte Krone,de
Corona de Estratega,Krone des Taktikers,de
Corona de estratega,Krone des Taktikers,de
Corona dello Stratega,Krone des Taktikers,de
Corona maldita,Verfluchte Krone,de
Corona maledetta,Verfluchte Krone,de
Corona reale,Kronwacht,de
Coroziune,Korrosion,de
Corpetto di rovi,Dornenweste,de
Corriente de Lágrimas,Fließende Tränen,de
Corrosion,Korrosion,de
Corrosione,Korrosion,de
Corrosión,Korrosion,de
Corrosão,Korrosion,de
Corrupt Vampiric Scepter,Verdorbenes vampirisches Zepter,de
Cosmic Restart,Kosmischer Neubeginn,de
Costruisci un Compagno,Baue einen Begleiter,de
Cota de Malha,Kettenweste,de
Cota de Malla,Kettenweste,de
Cotidiano,Ein Teil des Lebens,de
Cotta di maglia,Kettenweste,de
Cotte de mailles,Kettenweste,de
Coup d'envoi,Kickstart,de
Coup de chance,Exklusive Feinabstimmung,de
Couronne de la reine,Kronwacht,de
Couronne du Tacticien,Krone des Taktikers,de
Couronne maudite,Verfluchte Krone,de
Cours de soutien,Zusammenarbeit,de
Covil do Barão,Versteck des Barons,de
Cozinha do Estrategista,Taktikerküche,de
Coș de recuperare,Recyclingtonne,de
Crabul,Kluftkrabbler,de
Crafted Crafting,Raffinierte Herstellung,de
Crash Test Dummies,Crash-Test-Dummies,de
Crash Test Dummy,Crash-Test-Dummies,de
Crea un coleguita,Baue einen Begleiter,de
Creazione artigianale,Raffinierte Herstellung,de
Crecimiento Explosivo,Explosives Wachstum,de
Crecimiento explosivo,Explosives Wachstum,de
Creează o cale,Bahne dir den Weg,de
Creează un prieten,Schmiede einen Freund,de
Crescendo aléatoire,Ein Teil des Lebens,de
Crescimento Explosivo,Explosives Wachstum,de
Crescita a fine partita,Skalierung im späten Spiel,de
Crescita esplosiva,Explosives Wachstum,de
Cresta de Escudo de Luz,Lichtschild-Wappen,de
Creștere explozivă,Explosives Wachstum,de
Creștere pe final de joc,Skalierung im späten Spiel,de
Creștere solo în nivel,Solo-Leveling,de
Creștere în clasament,Immer höher hinauf,de
Criação Engenhosa,Raffinierte Herstellung,de
Critical Success,Kritischer Erfolg,de
Croissance explosive,Explosives Wachstum,de
Crownguard,Kronwacht,de
Cry Me A River,Heul doch …,de
Csak jó valamire I.,Zu etwas nütze,de
Csapatkeresés,Zusammenarbeit,de
Csapatépítés,Ein Teil des Lebens,de
Csapatépítés,Teambildung,de
Csekélyebb Perszónatükör,Kleine gespiegelte Persona,de
Csereszektor,Handelssektor,de
Csillagfényes kombó,Sternen-Kombo,de
Csillagnéző,Sterndeuter,de
Csillagnéző embléma,Sterndeuter-Emblem,de
Csillámpikkely-esszencia,Essenz der Schimmerschuppen,de
Cua Kỳ Cục,Kluftkrabbler,de
Cuatrifuerzos,Vier-Gold-Verstärkung,de
Cuatro Refuerzos,Vier-Gold-Verstärkung,de
Cucchiaio d'argento,Silberlöffel,de
Cuchara de plata,Silberlöffel,de
Cuchilla Maldita,Verfluchte Klinge,de
Cuchillas Raudas,Flimmerklingen,de
Cucina dello Stratega,Taktikerküche,de
Cud Soraki,Sorakas Wunder,de
Cuenta con mi arco,Du hast meinen Bogen,de
Cuenta de Ahorros,Sparkonto,de
Cuenta de ahorros,Sparkonto,de
Cuisine du Tacticien,Taktikerküche,de
Cung Dự Phòng,Notfallbögen,de
Cung Gỗ,Rekursivbogen,de
Cung Xanh,Letzter Atemzug,de
Cuor saldo,Unerschütterliches Herz,de
Cuore d'acciaio,Herz aus Stahl,de
Cureaua uriașului,Gürtel des Riesen,de
Curele fără număr,Gürtel im Überfluss,de
Cursed Blade,Verfluchte Klinge,de
Cursed Crown,Verfluchte Krone,de
Cuțit electrostatic,Statikks Stich,de
Cuồng Đao Guinsoo,Guinsoos Wutklinge,de
Cuộc Phiêu Lưu Tôn Quý,Ein erhabenes Abenteuer,de
Cuộc Viễn Chinh,Expedition,de
Cvičná loutka,Übungspuppe,de
Cybernetic Implants,Kybernetische Implantate,de
Cybernetic Uplink,Kybernetische Verbindung,de
Cycle épique,Epoche,de
Czerwone Wzmocnienie,Roter Buff,de
Czysty Umysł,Klarer Geist,de
Częściowe Wyniesienie,Teilaufstieg,de
Cái Giá Phải Trả,Zu welchem Preis,de
Cálice do Poder,Kelch der Macht,de
Cáliz de Poder,Kelch der Macht,de
Cáliz de poder,Kelch der Macht,de
Câlin collectif,Gruppenumarmung,de
Cây Cung Thần Tốc,Du hast meinen Bogen,de
Cây Tộc Hệ,Der Attributsbaum,de
Céfiro,Zephir,de
Célbefogó optika,Zielerfassungslinse,de
Célébrité partagée de Yasuo,Yasuos „Teile das Rampenlicht“,de
Călător,Wanderer,de
Cıva,Quecksilber,de
Cœur d'acier,Herz aus Stahl,de
Cœur de l'aube,Dämmerkern,de
Cœur intrépide,Unerschütterliches Herz,de
Cơn Khát Vàng,Geldgierig,de
Cảm Quan Cấy Ghép,Verständnisvolles Implantat,de
Cảm Thấy May Mắn,Wie ist es um dein Glück bestellt?,de
Cấy Ghép Siêu Công Nghệ,Kybernetische Implantate,de
Cầu Hồi Phục,Heilende Kugeln,de
Cắm Rễ Phân Tán,Wachsende Wurzeln,de
Cặp Đôi Siêu Cứng,Zu zäh,de
Cố Gắng Lật Kèo,Gelungenes Comeback,de
Cốc Sức Mạnh,Kelch der Macht,de
Cộng Mệt Nghỉ!,Tonnenweise Werte!,de
Cờ Lệnh Zeke U Ám,Zekes düsterer Herold,de
Củng Cố Tuyến Trước,Frontlinien-Fundament,de
C位的觉悟,Finde deine Mitte,de
C位觉悟,Finde deine Mitte,de
DD街区,Handelssektor,de
Daga de Statikk,Statikks Stich,de
Daimi Yükseliş,Aufwärtsmobilität,de
Dallan Budaklan,Selbstständig machen,de
Dama Oscura,Dunkle Dame,de
Dama das Trevas,Dunkle Dame,de
Dama oscura,Dunkle Dame,de
Dame sombre,Dunkle Dame,de
Dao Điện Statikk,Statikks Stich,de
Dar Ahri,Ahris Segen,de
Dar Aureliona Sola,Aurelion Sols Segen,de
Dar Ekko,Ekkos Segen,de
Dar Evelynn,Evelynns Segen,de
Dar Kayle,Kayles Segen,de
Dar Soraki,Sorakas Segen,de
Dar Thresha,Threshs Segen,de
Dar Varusa,Varus' Segen,de
Dar Yasuo,Yasuos Segen,de
Dar cu ce preț,Zu welchem Preis,de
Dar vzkříšení,Segen der Wiederbelebung,de
Dark Lady,Dunkle Dame,de
Dark Star,Sternenvernichter,de
Dark Star Emblem,Sternenvernichter-Emblem,de
Dawncore,Dämmerkern,de
Dayanıklı Ön Sıra,Frontlinien-Fundament,de
Daño indiscriminado,Willkürlicher Killer,de
De două ori mai câștigați,Zu viel Wert,de
De fiesta,Schlag zu,de
De gratis,Schlussverkauf,de
De milyen áron?,Zu welchem Preis,de
Dea delle Armi,Panzerwalküre,de
Deadlier Blades,Tödlichere Klingen,de
Deadlier Caps,Tödlichere Hauben,de
Deathblade,Klinge des Todes,de
Demasiado Valor,Zu viel Wert,de
Demir Solari'nin Broşu,Amulett der eisernen Solari,de
Denge Örtüsü,Abendschleier,de
Dent de Nashor,Nashors Zahn,de
Dente de Na'Shor,Nashors Zahn,de
Dente di Nashor,Nashors Zahn,de
Dernier souffle,Letzter Atemzug,de
Derrota Planejada,Berechneter Verlust,de
Desafiante,Herausforderer,de
Desajustados,Misfits,de
Descarga Eléctrica,Elektroladung,de
Desejo da Maça,Der Wille des Hammers,de
Desesperación Eterna,Endlose Verzweiflung,de
Desesperanza eterna,Endlose Verzweiflung,de
Desespero Eterno,Endlose Verzweiflung,de
Desmanche,Recyclingtonne,de
Despertar da Alma,Seelenerwachen,de
Despertar del Alma,Seelenerwachen,de
Despertar del alma,Seelenerwachen,de
Destansı Yenileme,Epische Ladung,de
Deszcz Pieniędzy,Geldmonsun,de
Determinacja Kolosa,Entschlossenheit des Titanen,de
Determinazione del titano,Entschlossenheit des Titanen,de
Determinação Titânica,Entschlossenheit des Titanen,de
Deux de moins,Zügiger Doppelkill,de
Dev Katili,Riesenschlächter,de
Dev Kemeri,Gürtel des Riesen,de
Devasa ve Güçlü,Groß und mächtig,de
Değişken Miğfer,Adaptiver Helm,de
Di Vật Tàn Úa,Verwittertes Relikt,de
Diana,Diana,de
Diente de Nashor,Nashors Zahn,de
Dikenli Yelek,Dornenweste,de
Dinerito para el almuerzo,Geld fürs Mittagessen,de
Dinero del almuerzo,Geld fürs Mittagessen,de
Dintele lui Nashor,Nashors Zahn,de
Diosa de las Pistolas,Panzerwalküre,de
Diosa de las pistolas,Panzerwalküre,de
Dirilme Lütfu,Segen der Wiederbelebung,de
Disperare nemărginită,Endlose Verzweiflung,de
Disperazione eterna,Endlose Verzweiflung,de
Disruptor temporal,Zeitbrecher,de
Distracție în spațiu,Weltraum-Groove,de
Distribuição de Efeitos,"Ein Buff, zwei Buff",de
Divinamente Abençoado,Gottgesegnet,de
Divine Duelist,Göttlicher Duellant,de
Dizilim,Aufstellung,de
Diệt Khổng Lồ,Riesenschlächter,de
Dlouhodobá investice,Auf lange Sicht,de
Doamna întunecată,Dunkle Dame,de
Doble Tanque,Zu zäh,de
Dobra Passa,Das geht ab,de
Doces Deleites,Süße Leckereien,de
Dokuma Büyü,Verwobene Magie,de
Dolci,Süße Leckereien,de
Don du gardien,Verbündeter des Beschützers,de
Dono dell'aggiustatutto,Gefälligkeit des Schrotthändlers,de
Dono della resurrezione,Segen der Wiederbelebung,de
Dono di Ahri,Ahris Segen,de
Dono di Aurelion Sol,Aurelion Sols Segen,de
Dono di Ekko,Ekkos Segen,de
Dono di Evelynn,Evelynns Segen,de
Dono di Kayle,Kayles Segen,de
Dono di Soraka,Sorakas Segen,de
Dono di Thresh,Threshs Segen,de
Dono di Varus,Varus' Segen,de
Dono di Yasuo,Yasuos Segen,de
Doomer,Vernichter,de
Doppia resistenza,Zu zäh,de
Doppia uccisione rapida,Zügiger Doppelkill,de
Double Kill Veloz,Zügiger Doppelkill,de
Dowódca Anima,Anima-Kommandant,de
Dowódcy,Kommandant,de
Doğum Günü Buluşması,Geburtstags-Wiedervereinigung,de
Doğum Günü Hediyesi,Geburtstagsgeschenk,de
Dragon's Claw,Drachenklaue,de
Dragonul auriu,Der goldene Drache,de
Dragão Dourado,Der goldene Drache,de
Dračí spár,Drachenklaue,de
Drobní titáni,Winzige Titanen,de
"Drobní, ale vražední","Winzig, aber tödlich",de
Dron Bağlantısı,Drohnenverbindung,de
Drone Uplink,Drohnenverbindung,de
Drone cablato,Drohnenverbindung,de
Dronová linka,Drohnenverbindung,de
Drugi Oddech,Aufschwung,de
Druhý dech,Aufschwung,de
Drzewo Cech,Der Attributsbaum,de
Drágaköves kesztyű,Juwelenbesetzter Handschuh,de
Drágaköves lótusz II.,Juwelenbesetzter Lotus,de
Drónkapcsolat,Drohnenverbindung,de
Držíme pospolu,Wir halten zusammen,de
Du Mục,Hirte,de
Dublu asasinat rapid,Zügiger Doppelkill,de
Duch Odkupienia,Geist der Erlösung,de
Duch odplaty,Geist der Erlösung,de
Due volte il valore,Zu viel Wert,de
Duelist divin,Göttlicher Duellant,de
Duelista Divino,Göttlicher Duellant,de
Duelista divino,Göttlicher Duellant,de
Duellante divino,Göttlicher Duellant,de
Duelliste divine,Göttlicher Duellant,de
Dulces Golosinas,Süße Leckereien,de
Dummify,Puppifizierung,de
Duo Queue,Duo-Warteschlange,de
Dupla érték,Zu viel Wert,de
Duplication,Maximale Ausrüstung,de
Duplán szívós,Zu zäh,de
Durmadan Yenile,Aktualisierungstaumel,de
Dusze Towarzystwa,Partytiger,de
Duża Torba z Różnościami,Große Wundertüte,de
Dádiva da Ahri,Ahris Segen,de
Dádiva da Evelynn,Evelynns Segen,de
Dádiva da Kayle,Kayles Segen,de
Dádiva da Ressurreição,Segen der Wiederbelebung,de
Dádiva da Soraka,Sorakas Segen,de
Dádiva do Aurelion Sol,Aurelion Sols Segen,de
Dádiva do Brigão,Gefälligkeit des Schrotthändlers,de
Dádiva do Ekko,Ekkos Segen,de
Dádiva do Thresh,Threshs Segen,de
Dádiva do Varus,Varus' Segen,de
Dádiva do Yasuo,Yasuos Segen,de
Dárek k narozeninám,Geburtstagsgeschenk,de
Dárková taška s předměty,Gegenstand-Wundertüte,de
Dárkový balíček,Hilfspaket,de
Dây Chuyền Iron Solari,Amulett der eisernen Solari,de
Dây Chuyền Tự Lực,Verstärkendes Amulett,de
Déesse des flingues,Panzerwalküre,de
Défaite planifiée,Berechneter Verlust,de
Dépense réfléchie,Weise Ausgaben,de
Dés légèrement magiques,Etwas magische Aktualisierung,de
Dés magiques,Ein magischer Wurf,de
Désespoir,Vernichter,de
Désespoir infini,Endlose Verzweiflung,de
Détermination du titan,Entschlossenheit des Titanen,de
Díszes acél,Vergoldeter Stahl,de
Dòng Tiền Mờ Ám,Boshafte Monetarisierung,de
Döntőbíró,Gebieter,de
Döntőbíró embléma,Gebieter-Emblem,de
Dört Dörtlük,Vier-Gold-Verstärkung,de
Dört Seninle Olsun,Mögen die Vier mit dir sein,de
Dövüşçü,Raufbold,de
Dövüşçü Amblemi,Raufbold-Emblem,de
Dúo de tanques,Zu zäh,de
Dümenci,Gauner,de
Dẫn Truyền,Kanalisierer,de
Dị Vật Tai Ương,Verbotener Götze,de
Dịch Vụ Gói Đăng Ký,Abo-Service,de
D个痛快！,Aktualisierungstaumel,de
Early Learnings,Frühe Erkenntnisse,de
Ebedi Anlaşma,Ewiger Pakt,de
Ebedi Koruma,Schutz der Unendlichkeit,de
Ebedi Kılıç,Klinge der Unendlichkeit,de
Ebédpénz,Geld fürs Mittagessen,de
Eccesso di bacchette,Stabüberfluss,de
Eccesso di cinture,Gürtel im Überfluss,de
Eccesso di spade,Schwertüberfluss,de
Echi curativi,Heilende Echos,de
Ecos Reparadores,Heilende Echos,de
Ecos Restauradores,Heilende Echos,de
Ecos curativos,Heilende Echos,de
Ecouri tămăduitoare,Heilende Echos,de
Edge of Night,Saum der Nacht,de
Efecte secundare,Nebenwirkungen,de
Efectos Secundarios,Nebenwirkungen,de
Efectos secundarios,Nebenwirkungen,de
Efeito Azul,Blauer Buff,de
Efeito Vermelho,Roter Buff,de
Efeitos Colaterais,Nebenwirkungen,de
Efekty Uboczne,Nebenwirkungen,de
Effets secondaires,Nebenwirkungen,de
Effetti collaterali,Nebenwirkungen,de
Egida Zmierzchu,Ägide der Abenddämmerung,de
Egida del Crepuscolo,Ägide der Abenddämmerung,de
Egida dell'Aurora,Ägide der Morgendämmerung,de
Egida Świtu,Ägide der Morgendämmerung,de
"Egy erősítés, két erősítés","Ein Buff, zwei Buff",de
"Egy, kettő, három","Eins, zwei, drei",de
"Egy, kettő, öt!","Eins, zwei, fünf!",de
Egyenlepel,Abendschleier,de
Egységben az erő,Geeinter Halt,de
Egyujjas kesztyű,Fäustlinge,de
Egyéni vért,Solo-Steinpanzer,de
Ejder Pençesi,Drachenklaue,de
Ekip Çalışması,Teambildung,de
Ekko türelme,Ekkos Geduld,de
Ekko áldása,Ekkos Segen,de
Ekko'nun Lütfu,Ekkos Segen,de
Ekko'nun Sabrı,Ekkos Geduld,de
Ekko's Boon,Ekkos Segen,de
Ekko's Patience,Ekkos Geduld,de
Ekkova trpělivost,Ekkos Geduld,de
Ekkův dar,Ekkos Segen,de
Ekmek Parası İşte,Geld fürs Mittagessen,de
Ekskluzywna Personalizacja,Exklusive Feinabstimmung,de
Ekspedycja,Expedition,de
El Big Bang,Der Urknall,de
El Dragón Dorado,Der goldene Drache,de
El Dragón dorado,Der goldene Drache,de
El Emeği Göz Nuru,Raffinierte Herstellung,de
El Huevo Dorado,Das goldene Ei,de
El Indomable,Der Unbeugsame,de
El Mega Mecha,Der mächtige Mecha,de
El Tamaño Importa,Größe ist alles,de
El centro de todo,Finde deine Mitte,de
El huevo dorado,Das goldene Ei,de
El peso de la corona,Schwer ist die Krone,de
El tamaño importa,Größe ist alles,de
El Árbol de Rasgos,Der Attributsbaum,de
El árbol de los atributos,Der Attributsbaum,de
Elastyczność,Flexibel,de
Electrocarga,Elektroladung,de
Electrocharge,Elektroladung,de
Elektrický výboj,Elektroladung,de
Elektromos töltés,Elektroladung,de
Elektroşarj,Elektroladung,de
Elettrocarica,Elektroladung,de
Elige el rasgo,Attribut wählen,de
Eliminator,Vernichter,de
Elkötelezett,Investiert,de
Elköteleződés,Bindende Verpflichtung,de
Elmo Adaptativo,Adaptiver Helm,de
Elmo adattivo,Adaptiver Helm,de
Eltemetett kincsek,Vergrabene Schätze,de
Elátkozott korona,Verfluchte Krone,de
Elátkozott penge,Verfluchte Klinge,de
Előfizetési szolgáltatás,Abo-Service,de
Előleg,Erweiterter Kredit,de
Előrelátás,Vorausdenken,de
Em Busca do Centro,Finde deine Mitte,de
Embalos no Espaço,Weltraum-Groove,de
Emblem Anima,Anima-Emblem,de
Emblem Arbiter,Gebieter-Emblem,de
Emblem Bastion,Bastion-Emblem,de
Emblem Brawler,Raufbold-Emblem,de
Emblem Challenger,Herausforderer-Emblem,de
Emblem Dark Star,Sternenvernichter-Emblem,de
Emblem Marauder,Marodeur-Emblem,de
Emblem Meeple,Meeple-Emblem,de
Emblem N.O.V.A.,N.O.V.A.-Emblem,de
Emblem Primordian,Primordianer-Emblem,de
Emblem Psionic,Psionisch-Emblem,de
Emblem Rogue,Schurken-Emblem,de
Emblem Shepherd,Hirte-Emblem,de
Emblem Sniper,Scharfschütze-Emblem,de
Emblem Space Groove,Weltraum-Groove-Emblem,de
Emblem Stargazer,Sterndeuter-Emblem,de
Emblem Timebreaker,Zeitbrecher-Emblem,de
Emblem Vanguard,Frontkämpfer-Emblem,de
Emblem Voyager,Wanderer-Emblem,de
Emblema Anima,Anima-Emblem,de
Emblema Animalia,Anima-Emblem,de
Emblema Meeple,Meeple-Emblem,de
Emblema N.O.V.A.,N.O.V.A.-Emblem,de
Emblema Psionico,Psionisch-Emblem,de
Emblema Stella Oscura,Sternenvernichter-Emblem,de
Emblema apărătorilor,Frontkämpfer-Emblem,de
Emblema bastionului,Bastion-Emblem,de
Emblema briganzilor,Marodeur-Emblem,de
Emblema bătăușilor,Raufbold-Emblem,de
Emblema competitorilor,Herausforderer-Emblem,de
Emblema călătorilor,Wanderer-Emblem,de
Emblema de Anima,Anima-Emblem,de
Emblema de Astromante,Sterndeuter-Emblem,de
Emblema de Atirador de Elite,Scharfschütze-Emblem,de
Emblema de Bastião,Bastion-Emblem,de
Emblema de Bastión,Bastion-Emblem,de
Emblema de Desafiante,Herausforderer-Emblem,de
Emblema de Embalos no Espaço,Weltraum-Groove-Emblem,de
Emblema de Estrela Negra,Sternenvernichter-Emblem,de
Emblema de Estrella Oscura,Sternenvernichter-Emblem,de
Emblema de Francotiradores,Scharfschütze-Emblem,de
Emblema de Furtivo,Schurken-Emblem,de
Emblema de Ladino,Schurken-Emblem,de
Emblema de Lutador,Raufbold-Emblem,de
Emblema de Meeple,Meeple-Emblem,de
Emblema de Meeplo,Meeple-Emblem,de
Emblema de Merodeador,Marodeur-Emblem,de
Emblema de Mipo,Meeple-Emblem,de
Emblema de N.O.V.A.,N.O.V.A.-Emblem,de
Emblema de Onda Espacial,Weltraum-Groove-Emblem,de
Emblema de Pastor,Hirte-Emblem,de
Emblema de Peleadores,Raufbold-Emblem,de
Emblema de Primordiano,Primordianer-Emblem,de
Emblema de Primordianos,Primordianer-Emblem,de
Emblema de Psiónico,Psionisch-Emblem,de
Emblema de Psiônico,Psionisch-Emblem,de
Emblema de Rasga-tempo,Zeitbrecher-Emblem,de
Emblema de Retadores,Herausforderer-Emblem,de
Emblema de Rompetiempo,Zeitbrecher-Emblem,de
Emblema de Saqueador,Marodeur-Emblem,de
Emblema de Sentencia,Gebieter-Emblem,de
Emblema de Vanguarda,Frontkämpfer-Emblem,de
Emblema de Vanguardia,Frontkämpfer-Emblem,de
Emblema de Viajante,Wanderer-Emblem,de
Emblema de Viajero,Wanderer-Emblem,de
Emblema de astral,Sterndeuter-Emblem,de
Emblema de bastión,Bastion-Emblem,de
Emblema de contendiente,Herausforderer-Emblem,de
Emblema de disruptor temporal,Zeitbrecher-Emblem,de
Emblema de estrella oscura,Sternenvernichter-Emblem,de
Emblema de francotirador,Scharfschütze-Emblem,de
Emblema de la ascensión,Amulett des Aufstiegs,de
Emblema de luchador,Raufbold-Emblem,de
Emblema de onda espacial,Weltraum-Groove-Emblem,de
Emblema de pastor,Hirte-Emblem,de
Emblema de primordiano,Primordianer-Emblem,de
Emblema de psiónico,Psionisch-Emblem,de
Emblema de pícaro,Schurken-Emblem,de
Emblema de sentenciador,Gebieter-Emblem,de
Emblema de vanguardia,Frontkämpfer-Emblem,de
Emblema de viajante,Wanderer-Emblem,de
Emblema de yelmo sombrío,Marodeur-Emblem,de
Emblema de Árbitro,Gebieter-Emblem,de
Emblema de ánima,Anima-Emblem,de
Emblema del Bandito,Schurken-Emblem,de
Emblema del Bastione,Bastion-Emblem,de
Emblema del Cecchino,Scharfschütze-Emblem,de
Emblema del Combattente,Raufbold-Emblem,de
Emblema del Pastore,Hirte-Emblem,de
Emblema del Predone,Marodeur-Emblem,de
Emblema del Primordiano,Primordianer-Emblem,de
Emblema del Ritmo Spaziale,Weltraum-Groove-Emblem,de
Emblema del Viaggiatore,Wanderer-Emblem,de
Emblema dell'Amico dei Mippi,Meeple-Emblem,de
Emblema dell'Arbitro,Gebieter-Emblem,de
Emblema dell'Astronomo,Sterndeuter-Emblem,de
Emblema dell'Avanguardia,Frontkämpfer-Emblem,de
Emblema dello Sfidante,Herausforderer-Emblem,de
Emblema dello Spezzatempo,Zeitbrecher-Emblem,de
Emblema distracției în spațiu,Weltraum-Groove-Emblem,de
Emblema frângătorilor timpului,Zeitbrecher-Emblem,de
Emblema luminii stelelor,Sterndeuter-Emblem,de
Emblema lunetiștilor,Scharfschütze-Emblem,de
Emblema mediatorilor,Gebieter-Emblem,de
Emblema primordienilor,Primordianer-Emblem,de
Emblema psionică,Psionisch-Emblem,de
Emblema păstorilor,Hirte-Emblem,de
Emblema rebelilor,Schurken-Emblem,de
Emblema stelelor întunecate,Sternenvernichter-Emblem,de
Emblemat Anima,Anima-Emblem,de
Emblemat Arbitra,Gebieter-Emblem,de
Emblemat Bastionu,Bastion-Emblem,de
Emblemat Kosmofazy,Weltraum-Groove-Emblem,de
Emblemat Marudera,Marodeur-Emblem,de
Emblemat Meepla,Meeple-Emblem,de
Emblemat Mrocznej Gwiazdy,Sternenvernichter-Emblem,de
Emblemat N.O.V.A.,N.O.V.A.-Emblem,de
Emblemat Obrońcy,Frontkämpfer-Emblem,de
Emblemat Obserwatora Gwiazd,Sterndeuter-Emblem,de
Emblemat Osiłka,Raufbold-Emblem,de
Emblemat Pasterza,Hirte-Emblem,de
Emblemat Podróżnika,Wanderer-Emblem,de
Emblemat Pretendenta,Herausforderer-Emblem,de
Emblemat Primordianina,Primordianer-Emblem,de
Emblemat Psionika,Psionisch-Emblem,de
Emblemat Snajpera,Scharfschütze-Emblem,de
Emblemat Zbira,Schurken-Emblem,de
Emblemat Łamacza Czasu,Zeitbrecher-Emblem,de
Emblème d'Astro-groove,Weltraum-Groove-Emblem,de
Emblème d'Initiateur,Frontkämpfer-Emblem,de
Emblème de Bagarreur,Raufbold-Emblem,de
Emblème de Bastion,Bastion-Emblem,de
Emblème de Berger,Hirte-Emblem,de
Emblème de Brise-temps,Zeitbrecher-Emblem,de
Emblème de Challenger,Herausforderer-Emblem,de
Emblème de Juge stellaire,Gebieter-Emblem,de
Emblème de Maraudeur,Marodeur-Emblem,de
Emblème de Meeple,Meeple-Emblem,de
Emblème de N.O.V.A.,N.O.V.A.-Emblem,de
Emblème de Primordien,Primordianer-Emblem,de
Emblème de Psionique,Psionisch-Emblem,de
Emblème de Pulsar sombre,Sternenvernichter-Emblem,de
Emblème de Rebelle,Schurken-Emblem,de
Emblème de Sniper,Scharfschütze-Emblem,de
Emblème de Visionnaire,Sterndeuter-Emblem,de
Emblème de Voyageur,Wanderer-Emblem,de
Emblème de la Section Anima,Anima-Emblem,de
Emblém Animy,Anima-Emblem,de
Emblém Bašty,Bastion-Emblem,de
Emblém Hvězdopravce,Sterndeuter-Emblem,de
Emblém Miplíka,Meeple-Emblem,de
Emblém N.O.V.A.,N.O.V.A.-Emblem,de
Emblém Ničitele času,Zeitbrecher-Emblem,de
Emblém Odpadlíka,Schurken-Emblem,de
Emblém Odstřelovače,Scharfschütze-Emblem,de
Emblém Pastýře,Hirte-Emblem,de
Emblém Poutníka,Wanderer-Emblem,de
Emblém Prapůvodního,Primordianer-Emblem,de
Emblém Psionika,Psionisch-Emblem,de
Emblém Předvoje,Frontkämpfer-Emblem,de
Emblém Rváče,Raufbold-Emblem,de
Emblém Soudce,Gebieter-Emblem,de
Emblém Temné hvězdy,Sternenvernichter-Emblem,de
Emblém Vesmírného rytmu,Weltraum-Groove-Emblem,de
Emblém Vyzyvatele,Herausforderer-Emblem,de
Emblém Žoldnéře,Marodeur-Emblem,de
Emblématique,Flexibel,de
Emblématiquement,Der Attributsbaum,de
Empréstimo Avançado,Erweiterter Kredit,de
Empurrão,Schlag zu,de
En Minik Dev,Winzigster Titan,de
En racha,Das geht ab,de
Enfileirando,Aufstellung,de
Enfoque al Horizonte,Horizontfokus,de
Enlace Cibernético,Kybernetische Verbindung,de
Enlace de Dron,Drohnenverbindung,de
Enracinement,Wachsende Wurzeln,de
Entre les PO et l'enclume,Eiserne Güter,de
Entrenamiento de Guardaespaldas,Leibwache-Training,de
Enyhén mágikus dobás,Etwas magische Aktualisierung,de
Epic Rolldown,Epische Ladung,de
Epickie Przelosowanie,Epische Ladung,de
Epický výlov,Epische Ladung,de
Epoca,Epoche,de
Epoch,Epoche,de
Epocha,Epoche,de
Epocă,Epoche,de
Epoka,Epoche,de
Era,Epoche,de
Eradicare,Vernichter,de
Eradicator,Vernichter,de
Eradicatore,Vernichter,de
Erb Lightshieldů,Lichtschild-Wappen,de
Erradicador,Vernichter,de
Erőben kovácsolva,Durch Stärke geschmiedet,de
Erőd,Bastion,de
Erőd embléma,Bastion-Emblem,de
EsQUATRão,Vier-Gold-Verstärkung,de
Esagono dorato di Yasuo,Yasuos Goldfeld,de
Esaltazione di Kayle,Kayles Hochgefühl,de
Esaltazione radiosa di Kayle,Kayles strahlendes Hochgefühl,de
Escalamento de Fim de Jogo,Skalierung im späten Spiel,de
Escalando,Immer höher hinauf,de
Escalar la clasificación,Immer höher hinauf,de
Escolha a característica,Attribut wählen,de
Escroc,Gauner,de
Escudo de estratega,Schild des Taktikers,de
Escudo del Estratega,Schild des Taktikers,de
Escudo do Estrategista,Schild des Taktikers,de
Escurridizo,Kluftkrabbler,de
Esence Mihotavců,Essenz der Schimmerschuppen,de
Esencia de Brilloescama,Essenz der Schimmerschuppen,de
Esencia de brilloescama,Essenz der Schimmerschuppen,de
Esencja Migoczącej Łuski,Essenz der Schimmerschuppen,de
Esfera del Amanecer,Dämmerkern,de
Esgrima de Yasuo,Yasuos Klingentanz,de
Esnek,Flexibel,de
Espada Desmedida,Schwertüberfluss,de
Espada G.p.C.,Riesenschwert,de
Espadafuria de Guinsoo,Guinsoos Wutklinge,de
Espadas Más Letales,Tödlichere Klingen,de
Espadón,Riesenschwert,de
Especialista em Fim de Jogo,Endgame-Experte,de
Especialista en el juego tardío,Endgame-Experte,de
Especialista en final de partida,Endgame-Experte,de
Espera lo Inesperado,Erwartetes Unerwartetes,de
Espera lo inesperado,Erwartetes Unerwartetes,de
Esperando o Inesperado,Erwartetes Unerwartetes,de
Espinas,Gräte,de
Esprit d'équipe,Teambildung,de
Esprit de la Rédemption,Geist der Erlösung,de
Esprit encombré,Chaotischer Geist,de
Espátula,Pfannenwender,de
Espírito de Redenção,Geist der Erlösung,de
Espíritu Firme,Unerschütterliches Herz,de
Espíritu de Redención,Geist der Erlösung,de
Espíritu de la redención,Geist der Erlösung,de
Espíritu libre,Misfits,de
Essence des Luminécailles,Essenz der Schimmerschuppen,de
Essenza Scaglialucida,Essenz der Schimmerschuppen,de
Essência de Escamaluz,Essenz der Schimmerschuppen,de
Estafa,Gauner,de
Estafador,Gauner,de
Estratega diminuto,Winzigster Titan,de
Estrela Negra,Sternenvernichter,de
Estrella Oscura,Sternenvernichter,de
Estrella oscura,Sternenvernichter,de
Estudio Paciente,Patientenstudie,de
Estudio y paciencia,Patientenstudie,de
Estudo Paciente,Patientenstudie,de
Esuli,Verbannte,de
Eternal Pact,Ewiger Pakt,de
Evelynn áldása,Evelynns Segen,de
Evelynn ösztöne,Evelynns Instinkt,de
Evelynn'in Lütfu,Evelynns Segen,de
Evelynn'in İçgüdüsü,Evelynns Instinkt,de
Evelynn's Boon,Evelynns Segen,de
Evelynn's Instinct,Evelynns Instinkt,de
Evelynnin dar,Evelynns Segen,de
Evelynnin instinkt,Evelynns Instinkt,de
Evenshroud,Abendschleier,de
Evocazione continua,Fortwährende Beschwörung,de
Evriştirici,Rekombinator,de
Exaltación Radiante de Kayle,Kayles strahlendes Hochgefühl,de
Exaltación de Kayle,Kayles Hochgefühl,de
Exaltación radiante de Kayle,Kayles strahlendes Hochgefühl,de
Exaltarea lui Kayle,Kayles Hochgefühl,de
Exaltarea radiantă a lui Kayle,Kayles strahlendes Hochgefühl,de
Exaltation de Kayle,Kayles Hochgefühl,de
Exaltation radieuse de Kayle,Kayles strahlendes Hochgefühl,de
Exaltação Radiante de Kayle,Kayles strahlendes Hochgefühl,de
Exaltação de Kayle,Kayles Hochgefühl,de
Exclusive Customization,Exklusive Feinabstimmung,de
Exilados,Verbannte,de
Exilați,Verbannte,de
Exiles,Verbannte,de
Exiliados,Verbannte,de
Exilés,Verbannte,de
Exkluzivní úprava,Exklusive Feinabstimmung,de
Exkluzív testreszabás,Exklusive Feinabstimmung,de
Expected Unexpectedness,Erwartetes Unerwartetes,de
Expedice,Expedition,de
Expedición,Expedition,de
Expedition,Expedition,de
Expedição,Expedition,de
Expediție,Expedition,de
Expedíció,Expedition,de
Explosive Growth,Explosives Wachstum,de
Expédition,Expedition,de
Expérience à tout prix,Auf lange Sicht,de
Extirpador,Vernichter,de
Ezreal,Ezreal,de
Ezüstkanál,Silberlöffel,de
Ezüsttóvári hajnal,Dämmerung von Silbersee,de
Eğreti Zırh,Improvisierte Rüstung,de
Eşsiz Deneyim,Silberlöffel,de
Eşya Çekilişi,Gegenstand-Wundertüte,de
Fabbricante di bastoni,Stabschmied,de
Fabbricante di spade,Schwertschmied,de
Fabricant de baguettes,Stabschmied,de
Fabricante de Bastões,Stabschmied,de
Fabricante de Espadas,Schwertschmied,de
Fabricante de Varas,Stabschmied,de
Fabrication en série,Klonprogramm,de
Faca de Statikk,Statikks Stich,de
Factory New,Fabrikneu,de
Fajín de mercurio,Quecksilber,de
Fame di denaro,Geldgierig,de
Fantocci da crash test,Crash-Test-Dummies,de
Fantoccificazione,Puppifizierung,de
Fantoccio di addestramento,Übungspuppe,de
Fare squadra,Zusammenarbeit,de
Farmando Aura,Aura-farmen,de
Farmare l'aura,Aura-farmen,de
Farmarea aurei,Aura-farmen,de
Farmení aury,Aura-farmen,de
Farmeo Áurico,Aura-farmen,de
Farmienie Aury,Aura-farmen,de
Fatalista,Vernichter,de
Fateweaver,Schicksalsweber,de
Favorul Sorakăi,Sorakas Segen,de
Favorul duelistului,Gefälligkeit des Schrotthändlers,de
Favorul lui Ahri,Ahris Segen,de
Favorul lui Aurelion Sol,Aurelion Sols Segen,de
Favorul lui Ekko,Ekkos Segen,de
Favorul lui Evelynn,Evelynns Segen,de
Favorul lui Kayle,Kayles Segen,de
Favorul lui Thresh,Threshs Segen,de
Favorul lui Varus,Varus' Segen,de
Favorul lui Yasuo,Yasuos Segen,de
Favorul resurecției,Segen der Wiederbelebung,de
Fedakârlığın Erdemi,Tugend des Märtyrers,de
Fedezeti alap,Risikofonds,de
Feed the Flames,Schüre das Feuer,de
Feeling Lucky,Wie ist es um dein Glück bestellt?,de
Felaket Mücevheri,Pestjuwel,de
Felemelkedés,Aufstieg,de
Feleslegesen nagy pálca,Übergroßer Stab,de
Felfelé a ranglétrán I.,Immer höher hinauf,de
Felfelé irányuló mobilitás,Aufwärtsmobilität,de
Felie de viață,Ein Teil des Lebens,de
Felinarul lui Thresh,Threshs Laterne,de
Festa de Aniversário,Geburtstags-Wiedervereinigung,de
Feu concentré,Fokussiertes Feuer,de
Fiera Fiestera,Partytiger,de
Fierar neobosit,Lebende Schmiede,de
Fila em Dupla,Duo-Warteschlange,de
Filo de la Muerte,Klinge des Todes,de
Filo de la Noche,Saum der Nacht,de
Filo de la noche,Saum der Nacht,de
Filo del Infinito,Klinge der Unendlichkeit,de
Filo infinito,Klinge der Unendlichkeit,de
Filo mortal,Klinge des Todes,de
Filofugaz,Flimmerklingen,de
Fin de partie,Skalierung im späten Spiel,de
Final del ingenio,Ende der Weisheit,de
Finanziamento,Erweiterter Kredit,de
Find Your Center,Finde deine Mitte,de
Fine della notte,Saum der Nacht,de
Fiora,Fiora,de
Firesale,Schlussverkauf,de
Fishbones,Gräte,de
Fiumi di lacrime,Heul doch …,de
Fiumi di lacrime,Fließende Tränen,de
Fizz,Fizz,de
Flambant neuf,Fabrikneu,de
Flessibilità,Flexibel,de
Flexibilita,Flexibel,de
Flexibilitate,Flexibel,de
Flexible,Flexibel,de
Flexível,Flexibel,de
Flickerblade,Flimmerklingen,de
Flickerblades,Flimmerklingen,de
Flowing Tears,Fließende Tränen,de
Fléau de liche,Fluch des Lichs,de
Fléau vengeur,Stürmerflegel,de
Foc concentrat,Fokussiertes Feuer,de
Focalizarea orizontului,Horizontfokus,de
Foco do Horizonte,Horizontfokus,de
Focused Fire,Fokussiertes Feuer,de
Fogo Concentrado,Fokussiertes Feuer,de
Fokozott erő,Augmentierte Macht,de
Folyamatos idézés,Fortwährende Beschwörung,de
Fond de investiții,Risikofonds,de
Fondamenta di prima linea,Frontlinien-Fundament,de
Fondation de première ligne,Frontlinien-Fundament,de
Fondo con intereses,Risikofonds,de
Fondo de inversión,Risikofonds,de
Fondo speculativo,Risikofonds,de
Forbidden Idol,Verbotener Götze,de
Forge a Friend,Schmiede einen Freund,de
Forge divine,Unübertreffliche Schmiede,de
Forge portative,Tragbare Schmiede,de
Forge à retardement,Latente Schmiede,de
Forged in Strength,Durch Stärke geschmiedet,de
Forgeron ambulant,Lebende Schmiede,de
Forgia apoteotica,Unübertreffliche Schmiede,de
Forgia incarnata,Lebende Schmiede,de
Forgia nascosta,Latente Schmiede,de
Forgia portatile,Tragbare Schmiede,de
Forgia un amico,Schmiede einen Freund,de
Forgiato nella forza,Durch Stärke geschmiedet,de
Forja Apoteósica,Unübertreffliche Schmiede,de
Forja Apoteótica,Unübertreffliche Schmiede,de
Forja Latente,Latente Schmiede,de
Forja Portátil,Tragbare Schmiede,de
Forja Viva,Lebende Schmiede,de
Forja Viviente,Lebende Schmiede,de
Forja apoteósica,Unübertreffliche Schmiede,de
Forja de amigos,Schmiede einen Freund,de
Forja de espadas,Schwertschmied,de
Forja de varas,Stabschmied,de
Forja forjada,Raffinierte Herstellung,de
Forja latente,Latente Schmiede,de
Forja na Força,Durch Stärke geschmiedet,de
Forja portátil,Tragbare Schmiede,de
Forja reîncărcărilor,Raffinierte Herstellung,de
Forja viviente,Lebende Schmiede,de
Forjado a la fuerza,Durch Stärke geschmiedet,de
Forjado en la Fortaleza,Durch Stärke geschmiedet,de
Forje uma Amizade,Schmiede einen Freund,de
Forjă apoteotică,Unübertreffliche Schmiede,de
Forjă latentă,Latente Schmiede,de
Forjă portabilă,Tragbare Schmiede,de
Forma equipo,Zusammenarbeit,de
Formation de Garde du corps,Leibwache-Training,de
Formazione,Aufstellung,de
Forward Thinking,Vorausdenken,de
Forțe proaspete,Aufschwung,de
Fragmento de Vida,Ein Teil des Lebens,de
Frammento d'infinito,Klinge der Unendlichkeit,de
Francotirador,Scharfschütze,de
Frigideira,Bratpfanne,de
Frontline Foundation,Frontlinien-Fundament,de
Frying Pan,Bratpfanne,de
Frângător al timpului,Zeitbrecher,de
Fuego Concentrado,Fokussiertes Feuer,de
Fuego concentrado,Fokussiertes Feuer,de
Fuerte pero frágil,Glaskanone,de
Fuerte y Enorme,Groß und mächtig,de
Fuerzas renovadas,Aufschwung,de
Fulcro del commercio,Kommerzkern,de
Fundação da Linha de Frente,Frontlinien-Fundament,de
Fundo de Garantia,Risikofonds,de
Fundusz Inwestycyjny,Risikofonds,de
Fuoco concentrato,Fokussiertes Feuer,de
Fureur du kraken,Zorn des Kraken,de
Furia Krakena,Zorn des Kraken,de
Furia del Kraken,Zorn des Kraken,de
Furia del kraken,Zorn des Kraken,de
Furia di Guinsoo,Guinsoos Wutklinge,de
Furia krakenului,Zorn des Kraken,de
Furtarello,Stibitzen,de
Furtivo,Schurke,de
Furto,Stibitzen,de
Furto di componenti,Komponentenraub,de
Furtuna lui Luden,Ludens Sturm,de
Félholt csapás,Fluch des Lichs,de
Félvezető,Halbleiter,de
Fényőrző címer,Lichtschild-Wappen,de
Fókusz,Kanalisierer,de
Fókusz mód,Kanalisierermodus,de
Fúria do Cráquem,Zorn des Kraken,de
"FĂRĂ ANALIZĂ, FĂRĂ SCHIMBĂRI","KEIN UMSEHEN, KEIN WECHSELN",de
Făurit prin putere,Durch Stärke geschmiedet,de
Gabardina Sospechosa,Verdächtiger Trenchcoat,de
Gabardina sospechosa,Verdächtiger Trenchcoat,de
Gage de Sterak,Steraks Pegel,de
Gagnant-gagnant,Patientenstudie,de
Galaksi Avcısı,Galaktischer Jäger,de
Galaktický lovec,Galaktischer Jäger,de
Galaktyczni Łowcy,Galaktischer Jäger,de
Galaxisvadász,Galaktischer Jäger,de
Galaxy Hunter,Galaktischer Jäger,de
Gambit Urfa,Urfs Gambit,de
Gambit d'Urf,Urfs Gambit,de
Gambito de Urf,Urfs Gambit,de
Gantelet du Néant,Leerenhandschuh,de
Gantelet précieux,Juwelenbesetzter Handschuh,de
Gants d'entraînement,Kampfhandschuhe,de
Gants de voleur,Handschuhe des Diebs,de
Gants porte-bonheur,Glückshandschuhe,de
Gants à gogo,Kritischer Erfolg,de
Gardienii gemeni,Zwillingswächter,de
Gardiens jumeaux,Zwillingswächter,de
Gargoyl Taşzırhı,Steinpanzer des Wasserspeiers,de
Gargoyle Stoneplate,Steinpanzer des Wasserspeiers,de
Garra de Dragón,Drachenklaue,de
Garra de dragón,Drachenklaue,de
Garra de merodeador,Klaue des Meuchlers,de
Garra del Merodeador,Klaue des Meuchlers,de
Garra do Dragão,Drachenklaue,de
Garra do Espreitador,Klaue des Meuchlers,de
Gasto con cabeza,Weise Ausgaben,de
Gecenin Kıyısı,Saum der Nacht,de
Gelişmiş Güç,Augmentierte Macht,de
Gheara dragonului,Drachenklaue,de
Gheara lui Sterak,Steraks Pegel,de
Gheara prădătorului,Klaue des Meuchlers,de
Giant Slayer,Riesenschlächter,de
Giant and Mighty,Groß und mächtig,de
Giant's Belt,Gürtel des Riesen,de
Gigante e Poderoso,Groß und mächtig,de
Gigantes y fuertes,Groß und mächtig,de
Gilded Steel,Vergoldeter Stahl,de
Gioco di lama di Yasuo,Yasuos Klingentanz,de
Gioiello della rovina,Pestjuwel,de
Giuvaier blestemat,Pestjuwel,de
Gizemli Trençkot,Verdächtiger Trenchcoat,de
Giáp Lưới,Kettenweste,de
Giáp Máu Warmog,Warmogs Rüstung,de
Giáp Tay Seeker,Armschutz des Suchenden,de
Giáp Tâm Linh,Geistessicht,de
Giáp Tự Chế,Improvisierte Rüstung,de
Giáp Vai Nguyệt Thần,Abendschleier,de
Giù come birilli,Das geht ab,de
Giọt Lệ Bi Ai,Heul doch …,de
Giữ Vững Hàng Ngũ,Nicht nachlassen,de
Glaives à gogo,Bahne dir den Weg,de
Glass Cannon,Glaskanone,de
Gnar,Gnar,de
Goana după bani,Geldgierig,de
God-Blessed,Gottgesegnet,de
Going Long,Auf lange Sicht,de
Golden Gamble,Goldenes Glücksspiel,de
Golem,Golem,de
Golpetazos,Schlag zu,de
Good For Something,Zu etwas nütze,de
Gotowy Komplet,Maximale Ausrüstung,de
Grabież,Stibitzen,de
Gracia de Ahri,Ahris Segen,de
Gracia de Aurelion Sol,Aurelion Sols Segen,de
Gracia de Ekko,Ekkos Segen,de
Gracia de Evelynn,Evelynns Segen,de
Gracia de Kayle,Kayles Segen,de
Gracia de Soraka,Sorakas Segen,de
Gracia de Thresh,Threshs Segen,de
Gracia de Varus,Varus' Segen,de
Gracia de Yasuo,Yasuos Segen,de
Gracia de resurrección,Segen der Wiederbelebung,de
Gragas,Gragas,de
Gran Compromiso,Bindende Verpflichtung,de
Grandalhão,Größe ist alles,de
Grande e possente,Groß und mächtig,de
Grandeur et démesure,Groß und mächtig,de
Graves,Graves,de
Gredin,Gauner,de
Griffe de dragon,Drachenklaue,de
Griffes du rôdeur,Klaue des Meuchlers,de
Group Hug,Gruppenumarmung,de
Groźniejsze Ostrza,Tödlichere Klingen,de
Gruboskórność Steraka,Steraks Pegel,de
Grup Kucaklaşması,Gruppenumarmung,de
Grupowy Przytulas,Gruppenumarmung,de
Guantelete Deslumbrante,Juwelenbesetzter Handschuh,de
Guantelete de Sterak,Steraks Pegel,de
Guantelete del Vacío,Leerenhandschuh,de
Guantelete enjoyado,Juwelenbesetzter Handschuh,de
Guantes de Combate,Kampfhandschuhe,de
Guantes de Ladrón,Handschuhe des Diebs,de
Guantes de combate,Kampfhandschuhe,de
Guantes de la Suerte,Glückshandschuhe,de
Guantes de la suerte,Glückshandschuhe,de
Guantes de ladrón,Handschuhe des Diebs,de
Guanti del ladro,Handschuhe des Diebs,de
Guanti fortunati,Glückshandschuhe,de
Guanto del Vuoto,Leerenhandschuh,de
Guanto ingioiellato,Juwelenbesetzter Handschuh,de
Guantoni,Kampfhandschuhe,de
Guardabrazo del Buscador,Armschutz des Suchenden,de
Guardia de la Corona,Kronwacht,de
Guardianes Gemelos,Zwillingswächter,de
Guardianes gemelos,Zwillingswächter,de
Guardiani gemelli,Zwillingswächter,de
Guardiões Gêmeos,Zwillingswächter,de
Guarida del Barón,Versteck des Barons,de
Guinsoo dühpengéje,Guinsoos Wutklinge,de
Guinsoo'nun Hiddeti,Guinsoos Wutklinge,de
Guinsoo's Rageblade,Guinsoos Wutklinge,de
Guinsoova zuřivá čepel,Guinsoos Wutklinge,de
Gume do Infinito,Klinge der Unendlichkeit,de
Gun Goddess,Panzerwalküre,de
Gustări dulci,Süße Leckereien,de
Gwałtowny Wzrost,Explosives Wachstum,de
Gwen,Gwen,de
Gwiezdna Kombinacja,Sternen-Kombo,de
Gyakorlófigura,Übungspuppe,de
Gyanús ballonkabát,Verdächtiger Trenchcoat,de
Gyors kettős gyilkosság,Zügiger Doppelkill,de
Gyorstüzelő ágyú,Schnellfeuer-Geschütz,de
Gyári új,Fabrikneu,de
Gyógyító gömbök I.,Heilende Kugeln,de
Gói Bảo Hộ,Hilfspaket,de
Gói Tăng Cường,Booster-Packung,de
Gói Đăng Ký Hạng Sang,Luxus-Abonnement,de
Gólem,Golem,de
Gökten Yağan Altın,Geldmonsun,de
Gölge Kukla,Schattenpuppe,de
Gömülü Hazineler,Vergrabene Schätze,de
Gözyaşları Sel,Heul doch …,de
Gözü Yükseklerde,Auf lange Sicht,de
Gümüşgöl Şafağı,Dämmerung von Silbersee,de
Günateşi Pelerini,Sonnenfeuer-Umhang,de
Günateşi Tahtası,Sonnenfeuer-Brett,de
Gürzün Dileği,Der Wille des Hammers,de
Güç Kadehi,Kelch der Macht,de
Güçle İşlenmiş,Durch Stärke geschmiedet,de
Güçlü Ama Kırılgan,Glaskanone,de
Güçlü Arkadaşlık,Schmiede einen Freund,de
Güçlü Şapkalar,Tödlichere Hauben,de
Găng Bảo Thạch,Juwelenbesetzter Handschuh,de
Găng Hư Không,Leerenhandschuh,de
Găng Đạo Tặc,Handschuhe des Diebs,de
Găng Đấu Sĩ,Fäustlinge,de
Găng Đấu Tập,Kampfhandschuhe,de
Găsește-ți centrul de putere,Finde deine Mitte,de
Gươm Biến Ảnh,Spektrales Entermesser,de
Gậy Quá Khổ,Übergroßer Stab,de
Hacha de Fuego Infernal,Kriegsbeil des Höllenfeuers,de
Hacha infernal,Kriegsbeil des Höllenfeuers,de
Hachette infernale,Kriegsbeil des Höllenfeuers,de
Haciendo Amistades,Schmiede einen Freund,de
Hadiösvény,Kriegspfad,de
Hadúri dicsőség,Ehre des Kriegsfürsten,de
Hai il mio arco,Du hast meinen Bogen,de
Hai odată,Einfach treffen,de
Hajnalmag,Dämmerkern,de
Halla tu Centro,Finde deine Mitte,de
Halszálka,Gräte,de
Halálosabb pengék,Tödlichere Klingen,de
Halálosabb süvegek,Tödlichere Hauben,de
Halálpenge,Klinge des Todes,de
Hand Of Justice,Hand der Gerechtigkeit,de
Hang Ổ Baron,Versteck des Barons,de
Hanger fantomatic,Spektrales Entermesser,de
Hard Commit,Bindende Verpflichtung,de
Hatalmas sorsolás,Epische Ladung,de
Hatalmas és erős,Groß und mächtig,de
Határtalan penge,Klinge der Unendlichkeit,de
Haute tension,Hochspannung,de
Hayat Deneyimi,Patientenstudie,de
Hayattan Bir Kesit,Ein Teil des Lebens,de
Hazine Avı,Schatzjagd,de
Haşmetli Hydra,Titanische Hydra,de
Haşmetli Macera,Ein erhabenes Abenteuer,de
Healing Orbs,Heilende Kugeln,de
Heart of Steel,Herz aus Stahl,de
Heavy Is the Crown,Schwer ist die Krone,de
Hecho a medida,Exklusive Feinabstimmung,de
Hedef Kuklası,Übungspuppe,de
Hedefe Kilitlenen Optik,Zielerfassungslinse,de
Hedge Fund,Risikofonds,de
Hellfire Hatchet,Kriegsbeil des Höllenfeuers,de
Hemos venido a jugar,Riskante Aktionen,de
Heraldo de Zeke,Zekes Herold,de
Heraldo de las Tinieblas de Zeke,Zekes düsterer Herold,de
Heraldo desolador de Zeke,Zekes düsterer Herold,de
Herb Dynastii Promiennej Tarczy,Lichtschild-Wappen,de
Herkesin Katili,Willkürlicher Killer,de
Heroic Grab Bag,Heldenhafte Wundertüte,de
Heroiczna Torba z Różnościami,Heldenhafte Wundertüte,de
Herold Zeke'a,Zekes Herold,de
Hex Dorado de Yasuo,Yasuos Goldfeld,de
Hexagone doré de Yasuo,Yasuos Goldfeld,de
Hexagonul auriu al lui Yasuo,Yasuos Goldfeld,de
Hextech Gunblade,Hextech-Gunblade,de
Hextech Silahkılıç,Hextech-Gunblade,de
Hextech lőpenge,Hextech-Gunblade,de
Hexágono dorado de Yasuo,Yasuos Goldfeld,de
Hidra Titánica,Titanische Hydra,de
Hidra Titânica,Titanische Hydra,de
Hidra titanilor,Titanische Hydra,de
Hidra titánica,Titanische Hydra,de
Higany,Quecksilber,de
High Voltage,Hochspannung,de
Historia Powrotu do Chwały,Gelungenes Comeback,de
Hivatásos bokszoló,Preiskämpfer,de
Hiçlik Değneği,Leerenstab,de
Hiçlik Eldiveni,Leerenhandschuh,de
Hiện Thân Phản Chiếu,Gespiegelte Persona,de
Hiện Thân Phản Chiếu Cỡ Nhỏ,Kleine gespiegelte Persona,de
Hoja de furia de Guinsoo,Guinsoos Wutklinge,de
Hoja maldita,Verfluchte Klinge,de
Hojas más letales,Tödlichere Klingen,de
Hold the Line,Nicht nachlassen,de
Holofote Compartilhado do Yasuo,Yasuos „Teile das Rampenlicht“,de
Honneur du Maître de guerre,Ehre des Kriegsfürsten,de
Honor Watażki,Ehre des Kriegsfürsten,de
Honor de señor de la guerra,Ehre des Kriegsfürsten,de
Honor del Caudillo,Ehre des Kriegsfürsten,de
Honra do Mestre da Guerra,Ehre des Kriegsfürsten,de
Hordozható kohó,Tragbare Schmiede,de
Horizon Focus,Horizontfokus,de
Horizont,Horizontfokus,de
Hortlak Palası,Spektrales Entermesser,de
Hosszú távú befektetés,Auf lange Sicht,de
Hrdinská dárková taška,Heldenhafte Wundertüte,de
Hurdacının Lütfu,Gefälligkeit des Schrotthändlers,de
Hurto,Stibitzen,de
Hustler,Gauner,de
Huy Hiệu Lightshield,Lichtschild-Wappen,de
Huyết Giá,Blutzoll,de
Huyết Kiếm,Blutdürster,de
Huyết Trượng Tha Hóa,Verdorbenes vampirisches Zepter,de
Huyết Tế,Blutopfer,de
Huấn Luyện Cận Vệ,Leibwache-Training,de
Hvězdná obnova,Das geht ab,de
Hvězdné kombo,Sternen-Kombo,de
Hvězdopravec,Sterndeuter,de
Hydre titanesque,Titanische Hydra,de
Hàng Chờ Pandora,Pandoras Bank,de
Hàng Chờ Đấu Đôi,Duo-Warteschlange,de
Hành Tinh,Weltraum-Groove,de
Hào Quang Của Ahri,Ahris Aura,de
Hào Quang Nhân Vật Chính,Knallhart,de
Hármak légiója,Die Legion der Drei,de
Hármas kombó I.,Dreifaltigkeit,de
Hátsó vonal tervrajza,Blaupause für die hintere Reihe,de
Hâkim,Gebieter,de
Hâkim Amblemi,Gebieter-Emblem,de
Hình Nhân,Übungspuppe,de
Hình Nhân Hóa,Puppifizierung,de
Hình Nộm Va Chạm,Crash-Test-Dummies,de
Hút Sinh Lực,Vampir-Vitalität,de
Hücum Gürzü,Stürmerflegel,de
Hükümdarın Seçimi,Gottgesegnet,de
Hırsız Eldiveni,Handschuhe des Diebs,de
Hırsız Çetesi,Diebesbande,de
Hırsız Çetesi II,Diebesbande II,de
Hızlı Başlangıç,Kickstart,de
Hızlı Yükseliş,Siegeszug,de
Hızlı İkide İki,Zügiger Doppelkill,de
Hősies zsákbamacska,Heldenhafte Wundertüte,de
Hůl Prázdnoty,Leerenstab,de
Hướng Đến Hồi Kết,Endgame-Experte,de
Hưởng Ké Hào Quang Yasuo,Yasuos „Teile das Rampenlicht“,de
Hạ Đo Ván,Schlag zu,de
Hắc Tinh,Sternenvernichter,de
Hố Đen Tí Hon,Kleines schwarzes Loch,de
Hủy Diệt,Vernichter,de
Ia arcul meu,Du hast meinen Bogen,de
Idol interzis,Verbotener Götze,de
Idole interdite,Verbotener Götze,de
Idolo proibito,Verbotener Götze,de
Idra titanica,Titanische Hydra,de
Időtörő,Zeitbrecher,de
Időtörő embléma,Zeitbrecher-Emblem,de
Ikerőrzők,Zwillingswächter,de
Il Drago dorato,Der goldene Drache,de
Il massimo con il minimo,Min-Max,de
Il potente Mech,Der mächtige Mecha,de
Illaoi,Illaoi,de
Iluminare parțială,Teilaufstieg,de
Impermeabile sospetto,Verdächtiger Trenchcoat,de
Impianti cibernetici,Kybernetische Implantate,de
Impianto empatico,Verständnisvolles Implantat,de
Implant Współczulny,Verständnisvolles Implantat,de
Implant cybernétique,Verständnisvolles Implantat,de
Implant empatic,Verständnisvolles Implantat,de
Implante Simpático,Verständnisvolles Implantat,de
Implante Solidário,Verständnisvolles Implantat,de
Implante simpático,Verständnisvolles Implantat,de
Implantes Cibernéticos,Kybernetische Implantate,de
Implantes cibernéticos,Kybernetische Implantate,de
Implants cybernétiques,Kybernetische Implantate,de
Implanturi cibernetice,Kybernetische Implantate,de
Implanty Cybernetyczne,Kybernetische Implantate,de
Impossível Recusar,Einfach treffen,de
Improwizowana Zbroja,Improvisierte Rüstung,de
Impuesto Cognitivo,Kognitive Steuer,de
Impuesto cognitivo,Kognitive Steuer,de
In quattro e quattr'otto,Vier-Gold-Verstärkung,de
Inactividad,Abwesend,de
Inadaptados,Misfits,de
Inadaptați,Misfits,de
Inaktivitás,Abwesend,de
Incantație continuă,Fortwährende Beschwörung,de
Indiscriminate Killer,Willkürlicher Killer,de
Indomable,Der Unbeugsame,de
Indomável,Der Unbeugsame,de
Infinity Edge,Klinge der Unendlichkeit,de
Infinity Protection,Schutz der Unendlichkeit,de
Inicio Veloz,Kickstart,de
Inimă de oțel,Herz aus Stahl,de
Initiateur,Frontkämpfer,de
Innervating Locket,Verstärkendes Amulett,de
Instinct d'Evelynn,Evelynns Instinkt,de
Instinctul lui Evelynn,Evelynns Instinkt,de
Instinto de Evelynn,Evelynns Instinkt,de
Instynkt Evelynn,Evelynns Instinkt,de
Insígnia do Lumescudo,Lichtschild-Wappen,de
Intermediar,Kanalisierer,de
Invadatorul Zed,Eindringling Zed,de
Invader Zed,Eindringling Zed,de
Invasión de Zed,Eindringling Zed,de
Invasor Zed,Eindringling Zed,de
Inversión,Investiert,de
Invested,Investiert,de
Investice,Investiert,de
Investimento,Investiert,de
Investissement,Investiert,de
Investissement sur le futur,Vorausdenken,de
Investitura,Investiert,de
Investiční fond,Risikofonds,de
Investiție,Investiert,de
Inwestycja,Auf lange Sicht,de
Início Rápido,Kickstart,de
Ionic Spark,Ionischer Funke,de
Ionos szikra,Ionischer Funke,de
Iontová jiskra,Ionischer Funke,de
Iron Assets,Eiserne Güter,de
Isteni párbajhős,Göttlicher Duellant,de
Istennő könnycseppje,Träne der Göttin,de
Istenáldotta,Gottgesegnet,de
Istinto di Evelynn,Evelynns Instinkt,de
Item Grab Bag,Gegenstand-Wundertüte,de
Itens de Pandora,Pandoras Gegenstände,de
Iubire nezdruncinată,Unerschütterliches Herz,de
Işıltılı Serseri,Strahlender Halunke,de
JEDU SI TO SVOJE,"KEIN UMSEHEN, KEIN WECHSELN",de
Ja Gram Solo,Solo-Leveling,de
Jaf,Stibitzen,de
Jaful componentelor,Komponentenraub,de
Jakim Kosztem,Zu welchem Preis,de
Jax,Jax,de
Jaximus,Nach dem Himmel greifen,de
"Jeden buff, dva buffy","Ein Buff, zwei Buff",de
"Jedna, dva, tři","Eins, zwei, drei",de
Jeu de patience,Geduld ist eine Tugend,de
Jeweled Gauntlet,Juwelenbesetzter Handschuh,de
Jeweled Lotus,Juwelenbesetzter Lotus,de
Jhin,Jhin,de
Jinx,Jinx,de
Jogada Levemente Mágica,Etwas magische Aktualisierung,de
Jogada Mágica,Ein magischer Wurf,de
Jogada de Urf,Urfs Gambit,de
Joia da Ruína,Pestjuwel,de
Jonowa Iskra,Ionischer Funke,de
Jour de relance,Aktualisierungstaumel,de
Joya Maldita,Pestjuwel,de
Joya de la plaga,Pestjuwel,de
Joyau putréfiant,Pestjuwel,de
Jugadas arriesgadas,Riskante Aktionen,de
Juge stellaire,Gebieter,de
Juguito de Gorrito,Cappa-Trank,de
Juramento del Protector,Schwur des Beschützers,de
Juramento do Cavaleiro,Ritterschwur,de
Juramento do Protetor,Schwur des Beschützers,de
Jurământul protectorului,Schwur des Beschützers,de
Jus chapi-chapo,Cappa-Trank,de
Just Hit,Einfach treffen,de
Justice critique,Vergeltung,de
Jádro obchodu,Kommerzkern,de
Jádro úsvitu,Dämmerkern,de
Jó sorozat,Das geht ab,de
Jóbarát rendelésre,Baue einen Begleiter,de
Jós,Orakel,de
Jótékony visszhang,Heilende Echos,de
K. N. kard,Riesenschwert,de
K. V. meč,Riesenschwert,de
K.W. Miecz,Riesenschwert,de
Kaderbaz,Schicksalsweber,de
Kahraman Çekilişi,Heldenhafte Wundertüte,de
Kahuna,Kahunahuna,de
Kahunahuna,Kahunahuna,de
Kai'Sa,Kai'Sa,de
Kamekameha,Kahunahuna,de
Kamienna Płyta Gargulca,Steinpanzer des Wasserspeiers,de
Kamizelka Cierniowa,Dornenweste,de
Kamizelka Kolcza,Kettenweste,de
Kan Adağı,Blutopfer,de
Kan Bedeli,Blutzoll,de
Kanasusamış,Blutdürster,de
Kanciarz,Gauner,de
Kanoucí slzy,Fließende Tränen,de
Kapelusze Zabójcze jak Nigdy,Tödlichere Hauben,de
Karanlık Leydi,Dunkle Dame,de
Kararlı Yürek,Unerschütterliches Herz,de
Karayel,Zephir,de
Kardkovács,Schwertschmied,de
Kardszállítmány,Schwertüberfluss,de
Karma,Karma,de
Kayle felmagasztosulása,Kayles Hochgefühl,de
Kayle ragyogó felmagasztosulása,Kayles strahlendes Hochgefühl,de
Kayle áldása,Kayles Segen,de
Kayle's Boon,Kayles Segen,de
Kayle's Exaltation,Kayles Hochgefühl,de
Kayle's Radiant Exaltation,Kayles strahlendes Hochgefühl,de
Kayle'ın Işıltılı Yüceliği,Kayles strahlendes Hochgefühl,de
Kayle'ın Lütfu,Kayles Segen,de
Kayle'ın Yüceliği,Kayles Hochgefühl,de
Kaylin dar,Kayles Segen,de
Kaylino povznesení,Kayles Hochgefühl,de
Kaylino zářivé povznesení,Kayles strahlendes Hochgefühl,de
Kaz Gelecek Yerden...,Riskante Aktionen,de
Kedi Olalı Bir Fare,Zu etwas nütze,de
Kedvez a szerencse,Wie ist es um dein Glück bestellt?,de
Kefaret Ruhu,Geist der Erlösung,de
Kemer Fazlalığı,Gürtel im Überfluss,de
Kereskedelmi központ,Kommerzkern,de
Keresők karvértje,Armschutz des Suchenden,de
Keskin Nişancı,Scharfschütze,de
Keskin Nişancı Amblemi,Scharfschütze-Emblem,de
Keşif Gezisi,Expedition,de
Khiên Hoàng Hôn,Ägide der Abenddämmerung,de
Khiên Hừng Đông,Ägide der Morgendämmerung,de
Khiên Đơn Đấu,Solo-Steinpanzer,de
Kho Báu Chôn Giấu,Vergrabene Schätze,de
Kho Báu Sắt,Eiserne Güter,de
Khu Giao Dịch,Handelssektor,de
Khuyến Mãi Kinh Nghiệm,Neue Stufe!,de
Khéo Tay Hay Làm,Raffinierte Herstellung,de
Khảm Bảo Thạch,Juwelenbesetzter Lotus,de
Khế Ước Vĩnh Hằng,Ewiger Pakt,de
Khổng Lồ Hóa,Winzige Titanen,de
Khổng Lồ Tí Hon,Winzigster Titan,de
Khởi Động Nhanh,Kickstart,de
Kibernetikus fellövő,Kybernetische Verbindung,de
Kibernetikus implantátumok,Kybernetische Implantate,de
Kick Start,Kickstart,de
"Kicsi, de halálos","Winzig, aber tödlich",de
Kihívó,Herausforderer,de
Kihívó embléma,Herausforderer-Emblem,de
Kihívó mód,Herausforderer-Modus,de
Kiirtó,Vernichter,de
Kim Long,Der goldene Drache,de
Kimaxolt összeállítás,Maximale Ausrüstung,de
Kincsvadászat,Schatzjagd,de
Kindred,Kindred,de
Kiralık Katil,Auftragsmörder,de
Kis zsákbamacska,Kleine Wundertüte,de
Kiên Nhẫn Của Ekko,Ekkos Geduld,de
Kiên Nhẫn Học Tập,Patientenstudie,de
Kiên Nhẫn Là Một Đức Tính,Geduld ist eine Tugend,de
Kişiselleştirme Fırsatı,Exklusive Feinabstimmung,de
Kiếm B.F.,Riesenschwert,de
Kiếm Cong,Verfluchte Klinge,de
Kiếm Súng Hextech,Hextech-Gunblade,de
Kiếm Tai Ương,Fluch des Lichs,de
Kiếm Thuật Của Yasuo,Yasuos Klingentanz,de
Kiếm Tử Thần,Tödlichere Klingen,de
Kiếm Tử Thần,Klinge des Todes,de
Klejnot Rozpadu,Pestjuwel,de
Klenot nákazy,Pestjuwel,de
Knight's Vow,Ritterschwur,de
Kniha vlastností,Wälzer der Attribute,de
Kognitivní přetížení,Kognitive Überladung,de
Kognitivní zátěž,Kognitive Steuer,de
Kognitív teher,Kognitive Steuer,de
Kognitív túlterhelés,Kognitive Überladung,de
Kolejka Duo,Duo-Warteschlange,de
Koleżcy,Kleine Freunde,de
Kolosalna Hydra,Titanische Hydra,de
Komutan,Kommandant,de
Koniec Rozumu,Ende der Weisheit,de
Konserwator Biomaterii,Biomassebewahrer,de
Konto Oszczędnościowe,Sparkonto,de
Konzervátor biomateriálu,Biomassebewahrer,de
Kopyalama Süreci,Klonprogramm,de
Korai tanulságok,Frühe Erkenntnisse,de
Korbacz Napastnika,Stürmerflegel,de
Korona Taktyka,Krone des Taktikers,de
Korona Zawsze Będzie Ciążyć,Schwer ist die Krone,de
Koronaőr,Kronwacht,de
Koroze,Korrosion,de
Korozja,Korrosion,de
Korozyon,Korrosion,de
Korrózió,Korrosion,de
Korszak,Epoche,de
Koruma Eğitimi,Leibwache-Training,de
Korunní stráž,Kronwacht,de
Koruyucunun Müttefiki,Verbündeter des Beschützers,de
Kosa Statikka,Statikks Stich,de
Kosmický restart,Kosmischer Neubeginn,de
Kosmiczny Restart,Kosmischer Neubeginn,de
Kosmofaza,Weltraum-Groove,de
Kostur Archanioła,Stab des Erzengels,de
Kostur Pustki,Leerenstab,de
Kostur Serafina,Flügelstab,de
Kosturnik,Stabschmied,de
Kouzelný hod,Ein magischer Wurf,de
Kovácsolj barátot,Schmiede einen Freund,de
Kozmik Başlangıç,Kosmischer Neubeginn,de
Kozmikus újraindítás,Kosmischer Neubeginn,de
Kraken'in Öfkesi,Zorn des Kraken,de
Kraken's Fury,Zorn des Kraken,de
Krakenův hněv,Zorn des Kraken,de
Kraliyet Başlığı,Kronwacht,de
Krev za krev,Blutzoll,de
Kritický úspěch,Kritischer Erfolg,de
Kritik Başarı,Kritischer Erfolg,de
Kritikus siker,Kritischer Erfolg,de
Krmení plamenů,Schüre das Feuer,de
Kroužková vesta,Kettenweste,de
Krvavá oběť,Blutopfer,de
Krvežíznivec,Blutdürster,de
Krwiopijec,Blutdürster,de
Krytyczny Sukces,Kritischer Erfolg,de
Księga Cech,Wälzer der Attribute,de
Kuchnia Taktyka,Taktikerküche,de
Kukiełka Cienia,Schattenpuppe,de
Kukla Yağmuru!,Crash-Test-Dummies,de
Kuklaya Dönüştür,Puppifizierung,de
Kukła Treningowa,Übungspuppe,de
Kukły do Testów Wypadkowych,Crash-Test-Dummies,de
Kule,Der Turm,de
Kusursuzluk Arayışı,Min-Max,de
Kutilův dar,Gefälligkeit des Schrotthändlers,de
Kybernetická linka,Kybernetische Verbindung,de
Kybernetické implantáty,Kybernetische Implantate,de
Kártyacsomag,Booster-Packung,de
Kâhin,Orakel,de
Kék erősítés,Blauer Buff,de
Kích Cỡ Là Quan Trọng,Größe ist alles,de
Kính Khóa Mục Tiêu,Zielerfassungslinse,de
Kính Nhắm Ma Pháp,Horizontfokus,de
Könnyek patakja,Heul doch …,de
Könyörtelen költség,Boshafte Monetarisierung,de
Kötü Niyetli Kazanç,Boshafte Monetarisierung,de
Kötü Yazılım Matrisi,Malware-Matrix,de
Közös gyakorlás,Puppifizierung,de
Küldetés újrakezdése,Wiederaufnahme der Mission,de
Küçük Benlik Aynası,Kleine gespiegelte Persona,de
Kılavuz,Hirte,de
Kılavuz Amblemi,Hirte-Emblem,de
Kılçık,Gräte,de
Kılıç Fazlalığı,Schwertüberfluss,de
Kılıç İşçisi,Schwertschmied,de
Kırmızı Güçlendirme,Roter Buff,de
Kısmen Büyülü Zar,Etwas magische Aktualisierung,de
Kısmi Yükseliş,Teilaufstieg,de
Kıymetli Metaller,Eiserne Güter,de
Kızartma Tavası,Bratpfanne,de
Kẻ Sống Sót,Überlebender,de
Kết Nối Drone,Drohnenverbindung,de
Kết Nối Gián Đoạn,Verfehlte Verbindung,de
Kề Vai Sát Cánh,Wir halten zusammen,de
Kỳ Vọng Bất Ngờ,Erwartetes Unerwartetes,de
Kỷ Nguyên,Epoche,de
L'Albero dei tratti,Der Attributsbaum,de
L'amour du risque,Riskante Aktionen,de
L'atteso inaspettato,Erwartetes Unerwartetes,de
L'indomabile,Der Unbeugsame,de
L'indomptable,Der Unbeugsame,de
L'onore del Signore della guerra,Ehre des Kriegsfürsten,de
L'uovo dorato,Das goldene Ei,de
La Bramasangue,Blutdürster,de
La Paciencia es una Virtud,Geduld ist eine Tugend,de
La Sanguinaria,Blutdürster,de
La Torre,Der Turm,de
La Tour,Der Turm,de
La cumpărături,Einkaufsbummel,de
La espera merece la pena,Das Warten wert,de
La fortuna te sonríe,Wie ist es um dein Glück bestellt?,de
La legge della mazza,Der Wille des Hammers,de
La paciencia es una virtud,Geduld ist eine Tugend,de
La pazienza è una virtù,Geduld ist eine Tugend,de
La torre,Der Turm,de
La trama lo protege,Knallhart,de
La unión hace la fuerza,Zusammenarbeit,de
Lacrima della dea,Träne der Göttin,de
Lacrima zeiței,Träne der Göttin,de
Lacrimi curgătoare,Fließende Tränen,de
Ladino,Schurke,de
Lama maledetta,Verfluchte Klinge,de
Lama mortale,Klinge des Todes,de
Lame d'infini,Klinge der Unendlichkeit,de
Lame enragée de Guinsoo,Guinsoos Wutklinge,de
Lame funeste,Klinge des Todes,de
Lame maudite,Verfluchte Klinge,de
Lame più letali,Tödlichere Klingen,de
Lame rotanti,Flimmerklingen,de
Lames tueuses,Tödlichere Klingen,de
Lance de Shojin,Speer von Shojin,de
Lancea lui Shojin,Speer von Shojin,de
Lancer de dés,Erwartetes Unerwartetes,de
Lancia di Shojin,Speer von Shojin,de
Lanetli Kılıç,Verfluchte Klinge,de
Lanetli Taç,Verfluchte Krone,de
Lanterna di Thresh,Threshs Laterne,de
Lanterna do Thresh,Threshs Laterne,de
Lanterne de Thresh,Threshs Laterne,de
Lanza de Shojin,Speer von Shojin,de
Lança de Shojin,Speer von Shojin,de
Largo plazo,Auf lange Sicht,de
Larme de la déesse,Träne der Göttin,de
Larmes à gogo,Fließende Tränen,de
Last Whisper,Letzter Atemzug,de
Lastrapietra del gargoyle,Steinpanzer des Wasserspeiers,de
Latarnia Thresha,Threshs Laterne,de
Late Game Scaling,Skalierung im späten Spiel,de
Late Game Specialist,Endgame-Experte,de
Latent Forge,Latente Schmiede,de
Le Méga-mecha,Der mächtige Mecha,de
Le dimensioni contano,Größe ist alles,de
Le prix du sang,Geld fürs Mittagessen,de
LeBlanc,LeBlanc,de
Lecciones de Boxeo,Boxunterricht,de
Lecsapó buzogány,Stürmerflegel,de
Leczące Echo,Heilende Echos,de
Leczące Kule,Heilende Kugeln,de
Lecții de box,Boxunterricht,de
Legie tří,Die Legion der Drei,de
Legion Trójek,Die Legion der Drei,de
Legion of Threes,Die Legion der Drei,de
Legione dei tre,Die Legion der Drei,de
Legiunea de trei,Die Legion der Drei,de
Legião de Três,Die Legion der Drei,de
Legión de Tres,Die Legion der Drei,de
Legión del tres,Die Legion der Drei,de
Legjobb barátok,Beste Freunde,de
Legământul cavalerului,Ritterschwur,de
Legături ratate,Verfehlte Verbindung,de
Lekce v boxu,Boxunterricht,de
Lekko Magiczny Rzut,Etwas magische Aktualisierung,de
Lekésett csatlakozás,Verfehlte Verbindung,de
Lelkek ébredése,Seelenerwachen,de
Lendületes kezdés,Kickstart,de
Lenyúlás,Stibitzen,de
Leo Hạng,Immer höher hinauf,de
Leona,Leona,de
Lesser Mirrored Persona,Kleine gespiegelte Persona,de
Level Up!,Neue Stufe!,de
Leveleando en solitario,Solo-Leveling,de
Lezioni di pugilato,Boxunterricht,de
Leçons de combat,Frühe Erkenntnisse,de
Leże Barona,Versteck des Barons,de
Liaison cybernétique,Kybernetische Verbindung,de
Liaison de drone,Drohnenverbindung,de
Lich Bane,Fluch des Lichs,de
Lich Boğan,Fluch des Lichs,de
Lightshield Arması,Lichtschild-Wappen,de
Lightshield Crest,Lichtschild-Wappen,de
Ligne de front,Boxunterricht,de
Limiar da Noite,Saum der Nacht,de
Limite da Razão,Ende der Weisheit,de
Linceul d'apaisement,Tuch der Stille,de
Linceul de la congruence,Abendschleier,de
Lineup,Aufstellung,de
Linh Hoạt,Flexibel,de
Linh Hồn Chuộc Tội,Geist der Erlösung,de
Linh Thú Vào Bếp,Taktikerküche,de
Linie de înaltă tensiune,Hochspannung,de
Linterna de Thresh,Threshs Laterne,de
Liquidación,Schlussverkauf,de
Lissandra,Lissandra,de
Listă duo,Duo-Warteschlange,de
Lithoplastron de gargouille,Steinpanzer des Wasserspeiers,de
Lithoplastron solo,Solo-Steinpanzer,de
Litinová pánev,Bratpfanne,de
Little Buddies,Kleine Freunde,de
Living Forge,Lebende Schmiede,de
Liên Hoàn Tinh Tú,Sternen-Kombo,de
Llamada al caos,Ruf des Chaos,de
Llamado al Caos,Ruf des Chaos,de
Llora Todo lo que Quieras,Heul doch …,de
Locket of the Iron Solari,Amulett der eisernen Solari,de
Longo Prazo,Auf lange Sicht,de
Loto Adornado,Juwelenbesetzter Lotus,de
Loto enjoyado,Juwelenbesetzter Lotus,de
Loto ingioiellato,Juwelenbesetzter Lotus,de
Lottatore professionista,Preiskämpfer,de
Lotus cu nestemate,Juwelenbesetzter Lotus,de
Lotus précieux,Juwelenbesetzter Lotus,de
Loupež základních předmětů,Komponentenraub,de
Lourde est la couronne,Schwer ist die Krone,de
Lov pokladů,Schatzjagd,de
Lovagi eskü,Ritterschwur,de
Lovcův dráp,Klaue des Meuchlers,de
Luchador,Raufbold,de
Lucidité,Klarer Geist,de
Lucky Gloves,Glückshandschuhe,de
Luden vihara,Ludens Sturm,de
Luden'in Çığlığı,Ludens Sturm,de
Luden's Tempest,Ludens Sturm,de
Ludenova bouře,Ludens Sturm,de
Luksusowa Subskrypcja,Luxus-Abonnement,de
Lulu,Lulu,de
Lumina stelelor,Sterndeuter,de
Lunch Money,Geld fürs Mittagessen,de
Lunetist,Scharfschütze,de
Lungimiranza,Vorausdenken,de
Lustrzana Osobowość,Gespiegelte Persona,de
Lutador,Raufbold,de
Lutador Profissional,Preiskämpfer,de
Luvas da Sorte,Glückshandschuhe,de
Luvas do Ladrão,Handschuhe des Diebs,de
Luvas do Pugilista,Kampfhandschuhe,de
Luvinhas,Fäustlinge,de
Luxury Subscription,Luxus-Abonnement,de
Luxus előfizetés,Luxus-Abonnement,de
Luxusní předplatné,Luxus-Abonnement,de
Lá Chắn Chiến Thuật,Schild des Taktikers,de
Lábrate un camino,Bahne dir den Weg,de
Lágrima da Deusa,Träne der Göttin,de
Lágrima de la Diosa,Träne der Göttin,de
Lágrima de la diosa,Träne der Göttin,de
Lágrimas Abundantes,Fließende Tränen,de
Lángoló kohó,Lebende Schmiede,de
Lâmina Amaldiçoada,Verfluchte Klinge,de
Lâmina Mortal,Klinge des Todes,de
Lâmina da Fúria de Guinsoo,Guinsoos Wutklinge,de
Lâminas Fatais,Tödlichere Klingen,de
Légion des trois,Die Legion der Drei,de
Lélek,Anima,de
Lélek embléma,Anima-Emblem,de
Lélekparancsnok,Anima-Kommandant,de
Léčivá oka,Heilende Kugeln,de
Léčivé ozvěny,Heilende Echos,de
Lò Rèn Thăng Hoa,Unübertreffliche Schmiede,de
Lò Rèn Thần Thoại,Tragbare Schmiede,de
Lò Rèn Tiềm Ẩn,Latente Schmiede,de
Lótus Adornada,Juwelenbesetzter Lotus,de
Lõi Bình Minh,Dämmerkern,de
Lüks Aboneliği,Luxus-Abonnement,de
Lấy Công Bù Thủ,Glaskanone,de
Lập Đội,Zusammenarbeit,de
Lễ Vật Tái Chế,Gefälligkeit des Schrotthändlers,de
Lệ Lưu Ly,Fließende Tränen,de
Lệch Chuẩn,Misfits,de
Lồng Đèn Của Thresh,Threshs Laterne,de
Lời Thề Hiệp Sĩ,Ritterschwur,de
Lời Thề Hộ Vệ,Schwur des Beschützers,de
Lựa Chọn Độc Quyền,Exklusive Feinabstimmung,de
M.C. Spada,Riesenschwert,de
Ma Thuật Đan Kết,Verwobene Magie,de
Ma Trận Mã Độc,Malware-Matrix,de
Mace's Will,Der Wille des Hammers,de
Maceracının Pazubendi,Armschutz des Suchenden,de
Machadinha Infernal,Kriegsbeil des Höllenfeuers,de
Maestro Yi,Master Yi,de
Magasfeszültség,Hochspannung,de
Magasztos kaland,Ein erhabenes Abenteuer,de
Magia Tejida,Verwobene Magie,de
Magia entretejida,Verwobene Magie,de
Magiczny Rzut,Ein magischer Wurf,de
Magie întrepătrunsă,Verwobene Magie,de
Magitechnická puškočepel,Hextech-Gunblade,de
Mailles en or,Der goldene Drache,de
Main de la justice,Hand der Gerechtigkeit,de
Makeshift Armor,Improvisierte Rüstung,de
Mal Kurtarma,Recyclingtonne,de
Malandro Radiante,Strahlender Halunke,de
Maldición del Liche,Fluch des Lichs,de
Mali Tytani,Winzige Titanen,de
Malicious Monetization,Boshafte Monetarisierung,de
Malware Matrix,Malware-Matrix,de
Malwarová matice,Malware-Matrix,de
Malá dárková taška,Kleine Wundertüte,de
Malí kámoši,Kleine Freunde,de
Mana magique,Verwobene Magie,de
Manechin de antrenament,Übungspuppe,de
Manechine animate,Crash-Test-Dummies,de
Manechinizare,Puppifizierung,de
Mangual del Guerrero,Stürmerflegel,de
Mangual del guerrero,Stürmerflegel,de
Mangual do Guerreiro,Stürmerflegel,de
Mannequin d'entraînement,Übungspuppe,de
Mannequinification,Puppifizierung,de
Mannequins de choc,Crash-Test-Dummies,de
Mano de la Justicia,Hand der Gerechtigkeit,de
Mano de la justicia,Hand der Gerechtigkeit,de
Mano della giustizia,Hand der Gerechtigkeit,de
Manopla Adornada,Juwelenbesetzter Handschuh,de
Manopla do Vazio,Leerenhandschuh,de
Manteau de Négatron,Negatron-Mantel,de
Manteau de la nuit,Saum der Nacht,de
Mantello del Sole,Sonnenfeuer-Umhang,de
Mantello dello stratega,Umhang des Taktikers,de
Mantello di Negatron,Negatron-Mantel,de
Mantenerse unidos,Geeinter Halt,de
Mantenha a Posição,Nicht nachlassen,de
Manter a União,Geeinter Halt,de
Mantia tacticianului,Umhang des Taktikers,de
Mantie Negatron,Negatron-Mantel,de
Mantie solară,Sonnenfeuer-Umhang,de
Manto da Imobilidade,Tuch der Stille,de
Manto de Quietud,Tuch der Stille,de
Manto del Ocaso,Abendschleier,de
Mantén la Posición,Nicht nachlassen,de
Maokai,Maokai,de
Maratona de Compras,Einkaufsbummel,de
Marauder,Marodeur,de
Marauder Emblem,Marodeur-Emblem,de
Maraudeur,Marodeur,de
Marchando un doble,Zu viel Wert,de
Mare și amenințătoare,Groß und mächtig,de
Marguereep,Meepsie,de
Marioneta Sombría,Schattenpuppe,de
Marioneta en las sombras,Schattenpuppe,de
"Marioneta, to jsem já",Puppifizierung,de
Marionete das Sombras,Schattenpuppe,de
Martalóc,Marodeur,de
Martalóc embléma,Marodeur-Emblem,de
Maruderzy,Marodeur,de
Master Yi,Master Yi,de
Masz Mój Łuk,Du hast meinen Bogen,de
Mata-Gigantes,Riesenschlächter,de
Matador de Aluguel,Auftragsmörder,de
Matrice,Malware-Matrix,de
Matrice malware,Malware-Matrix,de
Matriz de Malware,Malware-Matrix,de
Matriz de malware,Malware-Matrix,de
Matryca Wirusa,Malware-Matrix,de
Mavi Güçlendirme,Blauer Buff,de
Max Build,Maximale Ausrüstung,de
May the Fours Be With You,Mögen die Vier mit dir sein,de
Mazzafrusto dell'Assaltatore,Stürmerflegel,de
Maître Yi,Master Yi,de
Maîtrise de l'artisanat,Raffinierte Herstellung,de
Maîtrise de l'épée de Yasuo,Yasuos Klingentanz,de
Mała Torba z Różnościami,Kleine Wundertüte,de
"Małe, Ale Zabójcze","Winzig, aber tödlich",de
Mech,Mecha,de
Mecha,Mecha,de
Mechanický urychlovač,Uhrwerk-Beschleuniger,de
Mechanikus gyorsító,Uhrwerk-Beschleuniger,de
Mechy,Mecha,de
Medaglione dei Solari di ferro,Amulett der eisernen Solari,de
Medaglione diramante,Verstärkendes Amulett,de
Medailon stimulace,Verstärkendes Amulett,de
Medailónek železných Solari,Amulett der eisernen Solari,de
Medalhão Enervante,Verstärkendes Amulett,de
Medalhão dos Solari de Ferro,Amulett der eisernen Solari,de
Medalion stimulant,Verstärkendes Amulett,de
Medallón de los Solari,Amulett der eisernen Solari,de
Medallón estimulante,Verstärkendes Amulett,de
Mediator,Gebieter,de
Medyum,Kanalisierer,de
Medyum Modu,Kanalisierermodus,de
Meep Cực Tốc,Ter-Meep-nale Geschwindigkeit,de
Meeple,Meeple,de
Meeple Emblem,Meeple-Emblem,de
Meeplo,Meeple,de
Meepsie,Meepsie,de
Megamecha,Der mächtige Mecha,de
Megamorfosis,Rekombinator,de
Megrontott vámpírjogar,Verdorbenes vampirisches Zepter,de
Megszálló Zed,Eindringling Zed,de
Megtorlás,Vergeltung,de
Megváltó,Erlöser,de
Megéri a várakozást,Das Warten wert,de
Megújult erő,Aufschwung,de
Meilleurs amis,Beste Freunde,de
Mejora Roja,Roter Buff,de
Mejora azul,Blauer Buff,de
Mejora roja,Roter Buff,de
Mejores Amigos,Beste Freunde,de
Mejores amiguis,Beste Freunde,de
Meka,Mecha,de
Mekanik Hızlandırıcı,Uhrwerk-Beschleuniger,de
Melek Asası,Flügelstab,de
Melhores Amigos,Beste Freunde,de
Mellékhatások,Nebenwirkungen,de
Mending Echoes,Heilende Echos,de
Mente Despejada,Klarer Geist,de
Mente Saturada,Chaotischer Geist,de
Mente Vazia,Klarer Geist,de
Mente confusa,Chaotischer Geist,de
Mente despejada,Klarer Geist,de
Mente lucida,Klarer Geist,de
Mente saturada,Chaotischer Geist,de
Menší Zrcadlová osobnost,Kleine gespiegelte Persona,de
Mercure,Quecksilber,de
Mercúrio,Quecksilber,de
Merită așteptarea,Das Warten wert,de
Merkezini Bul,Finde deine Mitte,de
Merodeador,Marodeur,de
Merész húzás,Riskante Aktionen,de
Mesada,Geld fürs Mittagessen,de
Messa in moto,Kickstart,de
Mesterlövész,Scharfschütze,de
Mesterlövész embléma,Scharfschütze-Emblem,de
Meu Arco é Seu,Du hast meinen Bogen,de
Meșter de săbii,Schwertschmied,de
Meșter de toiege,Stabschmied,de
Mi arco a tu servicio,Du hast meinen Bogen,de
Mici titani,Winzige Titanen,de
Mici și letale,"Winzig, aber tödlich",de
Micincik,Meepsie,de
Micingil,Meeple,de
Micingil Amblemi,Meeple-Emblem,de
Miecz-Pistolet Hextech,Hextech-Gunblade,de
Miecznik,Schwertschmied,de
Mieczowy Przesyt,Schwertüberfluss,de
Miezul zorilor,Dämmerkern,de
Migliori amici,Beste Freunde,de
Migoczące Ostrze,Flimmerklingen,de
Milagre de Soraka,Sorakas Wunder,de
Milagro de Soraka,Sorakas Wunder,de
Milio,Milio,de
Min-Max,Min-Max,de
Min-max,Min-Max,de
Mindent egyre,Einfach treffen,de
Mini Black Hole,Kleines schwarzes Loch,de
Mini Buco nero,Kleines schwarzes Loch,de
Mini Czarna Dziura,Kleines schwarzes Loch,de
Mini Kara Delik,Kleines schwarzes Loch,de
Mini Titani,Winzige Titanen,de
Mini fekete lyuk,Kleines schwarzes Loch,de
Mini gaură neagră,Kleines schwarzes Loch,de
Mini trou noir,Kleines schwarzes Loch,de
Mini černá díra,Kleines schwarzes Loch,de
Mini-Tacticien,Winzigster Titan,de
Miniagujero Negro,Kleines schwarzes Loch,de
Miniburaco Negro,Kleines schwarzes Loch,de
Minik Ama Ölümcül,"Winzig, aber tödlich",de
Minik Devler,Winzige Titanen,de
Minik Dostlar,Kleine Freunde,de
Minititanes,Winzige Titanen,de
Minititã,Winzigster Titan,de
Minte aglomerată,Chaotischer Geist,de
Minte limpede,Klarer Geist,de
Mip,Meeple,de
Mipim,Meepsie,de
Miplík,Meeple,de
Mipo,Meeple,de
Mippino,Meepsie,de
Mipík,Meepsie,de
Mira Óptica,Zielerfassungslinse,de
Miracle de Soraka,Sorakas Wunder,de
Miracolo di Soraka,Sorakas Wunder,de
Miracolul Sorakăi,Sorakas Wunder,de
Mirrored Persona,Gespiegelte Persona,de
Misfits,Misfits,de
Misiune în acțiune,Wiederaufnahme der Mission,de
Miss Fortune,Miss Fortune,de
Missed Connections,Verfehlte Verbindung,de
Mistr Yi,Master Yi,de
Mitones,Fäustlinge,de
Mittens,Fäustlinge,de
Mniejsza Lustrzana Osobowość,Kleine gespiegelte Persona,de
Mniejszy Tytan,Winzigster Titan,de
Mobilidade Crescente,Aufwärtsmobilität,de
Mobilità aumentata,Aufwärtsmobilität,de
Mocný mech,Der mächtige Mecha,de
Modalità Convogliatore,Kanalisierermodus,de
Modalità replicante,Replikator-Modus,de
Modalità sfidante,Herausforderer-Modus,de
Mode Canalisateur,Kanalisierermodus,de
Mode Challenger,Herausforderer-Modus,de
Mode Réplicateur,Replikator-Modus,de
Modo Canalizador,Kanalisierermodus,de
Modo Conduíte,Kanalisierermodus,de
Modo Desafiante,Herausforderer-Modus,de
Modo Replicador,Replikator-Modus,de
Modo Retador,Herausforderer-Modus,de
Modo conducto,Kanalisierermodus,de
Modo contienda,Herausforderer-Modus,de
Modo réplica,Replikator-Modus,de
Modrý buff,Blauer Buff,de
Modul de competitor,Herausforderer-Modus,de
Modul de intermediar,Kanalisierermodus,de
Modul de replicator,Replikator-Modus,de
Mon arc est vôtre,Du hast meinen Bogen,de
Monetización Maligna,Boshafte Monetarisierung,de
Monetización malvada,Boshafte Monetarisierung,de
Monetizare ostilă,Boshafte Monetarisierung,de
Monetização Maliciosa,Boshafte Monetarisierung,de
Monetizzazione infida,Boshafte Monetarisierung,de
Money Hungry,Geldgierig,de
Money Monsoon,Geldmonsun,de
Monsoni sonanti,Geldmonsun,de
Monte um Amigo,Baue einen Begleiter,de
Monzón Millonario,Geldmonsun,de
Monzón de oro,Geldmonsun,de
Monção Monetária,Geldmonsun,de
Monétisation malveillante,Boshafte Monetarisierung,de
Mordekaiser,Mordekaiser,de
Morellonomicon,Morellonomikon,de
Morellonomicón,Morellonomikon,de
Morgana,Morgana,de
Mortaja de la quietud,Abendschleier,de
Mosse rischiose,Riskante Aktionen,de
Moufles,Fäustlinge,de
Movimentos Arriscados,Riskante Aktionen,de
Mroczna Dama,Dunkle Dame,de
Mroczne Gwiazdy,Sternenvernichter,de
Mudando de Área,Selbstständig machen,de
Muffole,Fäustlinge,de
Muhafızın Adağı,Schwur des Beschützers,de
Muhteşem Meka,Der mächtige Mecha,de
Muson de bani,Geldmonsun,de
Mutări riscante,Riskante Aktionen,de
Muñeco de Entrenamiento,Übungspuppe,de
Muñecos de Prueba para Choques,Crash-Test-Dummies,de
Mučedníkova ctnost,Tugend des Märtyrers,de
Myślenie Przyszłościowe,Vorausdenken,de
Mártírerény,Tugend des Märtyrers,de
Másolás,Klonprogramm,de
Másoló,Replikator,de
Másoló mód,Replikator-Modus,de
Máy Móc,Mecha,de
Máš můj luk,Du hast meinen Bogen,de
Mâna justiției,Hand der Gerechtigkeit,de
Mão da Justiça,Hand der Gerechtigkeit,de
Médaillon d'excitation,Verstärkendes Amulett,de
Médaillon de l'Iron Solari,Amulett der eisernen Solari,de
Mételyékkő,Pestjuwel,de
Mínimo - Máximo,Min-Max,de
Mínimo/Máximo,Min-Max,de
Mírně magický hod,Etwas magische Aktualisierung,de
Món Quà Ngọt Ngào,Süße Leckereien,de
Móng Vuốt Sterak,Steraks Pegel,de
Móng Vuốt Ám Muội,Klaue des Meuchlers,de
Mücevherli Eldiven,Juwelenbesetzter Handschuh,de
Mücevherli Nilüfer,Juwelenbesetzter Lotus,de
Müdafi,Bastion,de
Müdafi Amblemi,Bastion-Emblem,de
Mănușa Vidului,Leerenhandschuh,de
Mănușa cu nestemate,Juwelenbesetzter Handschuh,de
Mănuși de antrenament,Kampfhandschuhe,de
Mănuși norocoase,Glückshandschuhe,de
Mănuși strașnice,Fäustlinge,de
Mănușile tâlharului,Handschuhe des Diebs,de
Mărimea contează,Größe ist alles,de
Mũ Phù Thủy Rabadon,Rabadons Todeshaube,de
Mũ Thích Nghi,Adaptiver Helm,de
Mũ Tử Thần,Tödlichere Hauben,de
"Một Bùa, Hai Bùa","Ein Buff, zwei Buff",de
Một Hai Ba,"Eins, zwei, drei",de
"Một, Hai, Năm!","Eins, zwei, fünf!",de
Mở Lối,Bahne dir den Weg,de
N.O.V.A,N.O.V.A.,de
N.O.V.A.,N.O.V.A.,de
N.O.V.A. Amblemi,N.O.V.A.-Emblem,de
N.O.V.A. Emblem,N.O.V.A.-Emblem,de
N.O.V.A. embléma,N.O.V.A.-Emblem,de
N.O.V.A. 상징,N.O.V.A.-Emblem,de
N.O.V.A.の紋章,N.O.V.A.-Emblem,de
N.O.V.A.徽章,N.O.V.A.-Emblem,de
NHẮM MẮT CHƠI BỪA,"KEIN UMSEHEN, KEIN WECHSELN",de
NO SCOUT NO PIVOT,"KEIN UMSEHEN, KEIN WECHSELN",de
Na velikosti záleží,Größe ist alles,de
Nada Się,Zu etwas nütze,de
Nagy zsákbamacska,Große Wundertüte,de
Nagy ölelés I.,Gruppenumarmung,de
Najdi své těžiště,Finde deine Mitte,de
Najeźdźca Zed,Eindringling Zed,de
Najlepsi Przyjaciele,Beste Freunde,de
Nami,Nami,de
Nanh Nashor,Nashors Zahn,de
Naptűz köpeny,Sonnenfeuer-Umhang,de
Naptűz tábla,Sonnenfeuer-Brett,de
Naramiennik Poszukiwacza,Armschutz des Suchenden,de
Narozeninové setkání,Geburtstags-Wiedervereinigung,de
Narratív védelem,Knallhart,de
Narušitel Zed,Eindringling Zed,de
Nashor foga,Nashors Zahn,de
Nashor's Tooth,Nashors Zahn,de
Nashor'un Dişi,Nashors Zahn,de
Nashorův tesák,Nashors Zahn,de
Nasus,Nasus,de
Naszyjnik Żelaznych Solari,Amulett der eisernen Solari,de
Nawałnica Luden,Ludens Sturm,de
Ne Pahasına?,Zu welchem Preis,de
Needlessly Large Rod,Übergroßer Stab,de
Negatron Cloak,Negatron-Mantel,de
Negatron Pelerini,Negatron-Mantel,de
Negatron palást,Negatron-Mantel,de
Negatronový plášť,Negatron-Mantel,de
Nehéz a korona,Schwer ist die Krone,de
Nejlepší přátelé,Beste Freunde,de
Nejtitěrnější titán,Winzigster Titan,de
Nekonečné zoufalství,Endlose Verzweiflung,de
Nenasytnost,Geldgierig,de
Neodvolatelná volba,Bindende Verpflichtung,de
Neopotřebovaný,Fabrikneu,de
Nevybíravý zabiják,Willkürlicher Killer,de
New Recruit,Neuer Rekrut,de
Nezdolný,Überlebender,de
Nezdolný,Der Unbeugsame,de
Nezlomné srdce,Unerschütterliches Herz,de
Neînduplecare,Der Unbeugsame,de
Nghĩ Về Tương Lai,Vorausdenken,de
Người Bạn Vàng,Baue einen Begleiter,de
Người Đá,Golem,de
Ngọn Giáo Shojin,Speer von Shojin,de
Ngọn Gió Thứ Hai,Aufschwung,de
Nhà Máy Tái Chế,Recyclingtonne,de
Nhân Bản,Replikator,de
Nhân Bản,Klonprogramm,de
Nhất Thống,Geeinter Halt,de
Nhỏ Mà Có Võ,"Winzig, aber tödlich",de
Những Người Bạn Nhỏ,Kleine Freunde,de
Niebieskie Wzmocnienie,Blauer Buff,de
Niech Czwórki Będą z Tobą,Mögen die Vier mit dir sein,de
Nieprzerwane Przywołanie,Fortwährende Beschwörung,de
Nieskończona Rozpacz,Endlose Verzweiflung,de
Niezłomne Serce,Unerschütterliches Herz,de
Niezłomność,Der Unbeugsame,de
Niveau supérieur !,Neue Stufe!,de
Niveles en solitario,Solo-Leveling,de
Nivelul următor!,Neue Stufe!,de
Ničitel času,Zeitbrecher,de
Nişancı Yayı,Rekursivbogen,de
No nos Separamos,Wir halten zusammen,de
Non proprio inutile,Zu etwas nütze,de
Nos mantenemos unidos,Wir halten zusammen,de
Nouveau départ,Wiederaufnahme der Mission,de
Nouvelle recrue,Neuer Rekrut,de
Nouzová,Ende der Weisheit,de
Novo Nível!,Neue Stufe!,de
Novo Recruta,Neuer Rekrut,de
Novo de Fábrica,Fabrikneu,de
Nová úroveň!,Neue Stufe!,de
Nový rekrut,Neuer Rekrut,de
Nowy Rekrut,Neuer Rekrut,de
Nucleo dell'alba,Dämmerkern,de
Nuevecito,Fabrikneu,de
Nuevo Recluta,Neuer Rekrut,de
Nuevo de Fábrica,Fabrikneu,de
Nuevo recluta,Neuer Rekrut,de
Nunu & Willump,Nunu & Willump,de
Nunu a Willump,Nunu & Willump,de
Nunu e Willump,Nunu & Willump,de
Nunu et Willump,Nunu & Willump,de
Nunu i Willump,Nunu & Willump,de
Nunu ve Willump,Nunu & Willump,de
Nunu y Willump,Nunu & Willump,de
Nunu és Willump,Nunu & Willump,de
Nunu și Willump,Nunu & Willump,de
Nuova recluta,Neuer Rekrut,de
Nuovo di zecca,Fabrikneu,de
NÃO PIVOTO,"KEIN UMSEHEN, KEIN WECHSELN",de
NÉ ESPLORATORE NÉ STRATEGA,"KEIN UMSEHEN, KEIN WECHSELN",de
Nájemný zabiják,Auftragsmörder,de
Nákupní horečka,Einkaufsbummel,de
Nálož atributů!,Tonnenweise Werte!,de
Nástup,Aufstellung,de
Nâng Tầm Uy Lực,Augmentierte Macht,de
Négységben az erő,Vier-Gold-Verstärkung,de
Núcleo Comercial,Kommerzkern,de
Núcleo comercial,Kommerzkern,de
Núcleo de Negócios,Kommerzkern,de
Născut înțelept,Silberlöffel,de
Nước Cappa,Cappa-Trank,de
Nước Mắt Nữ Thần,Träne der Göttin,de
Nước Đi Liều Lĩnh,Riskante Aktionen,de
Nếm Mùi Lửa,Schüre das Feuer,de
Nỏ Sét,Ionischer Funke,de
O Big Bang,Der Urknall,de
O Ovo Dourado,Das goldene Ei,de
O aventură triumfătoare,Ein erhabenes Abenteuer,de
Obchodní sektor,Handelssektor,de
Obiectele Pandorei,Pandoras Gegenstände,de
Objetivización de práctica,Puppifizierung,de
Objetivo de práctica,Übungspuppe,de
Objetos de Pandora,Pandoras Gegenstände,de
Objets blindés,Süße Leckereien,de
Objets de Pandore,Pandoras Gegenstände,de
Oblicze Ducha,Geistessicht,de
Obracečka,Pfannenwender,de
Obrońca Korony,Kronwacht,de
Obrońcy,Frontkämpfer,de
Obrův opasek,Gürtel des Riesen,de
Obserwatorzy Gwiazd,Sterndeuter,de
Obsesia lui Varus,Varus Besessenheit,de
Obsesión de Varus,Varus Besessenheit,de
Obsesja Varusa,Varus Besessenheit,de
Obsession de Varus,Varus Besessenheit,de
Obsessão de Varus,Varus Besessenheit,de
Obstinación,"KEIN UMSEHEN, KEIN WECHSELN",de
Obstination,"KEIN UMSEHEN, KEIN WECHSELN",de
Obumarły Relikt,Verwittertes Relikt,de
Obyczajówka,Ein Teil des Lebens,de
Ocalały,Überlebender,de
Ocağı Harla,Latente Schmiede,de
Ochrana nekonečna,Schutz der Unendlichkeit,de
Ochranný val,Bollwerk,de
Ochrona Nieskończoności,Schutz der Unendlichkeit,de
Ochráncův slib,Schwur des Beschützers,de
Ociosidade,Abwesend,de
Oczekiwane Nieoczekiwanie,Erwartetes Unerwartetes,de
Océan de larmes,Heul doch …,de
Odaklı Ateş,Fokussiertes Feuer,de
Odkupiciel,Erlöser,de
Odkupienie,Vergeltung,de
Odnajdź Równowagę,Finde deine Mitte,de
Odolná dvojka,Zu zäh,de
Odpadlík,Schurke,de
Odplata,Vergeltung,de
Odražení ode dna,Gelungenes Comeback,de
Odrzutki,Misfits,de
Odstřelovač,Scharfschütze,de
Odświeżanie na Zapas,Aktualisierungstaumel,de
Oferenda de Sangue,Blutopfer,de
Offrande sanguinaire,Blutopfer,de
Ofiara z Krwi,Blutopfer,de
Ofrandă de sânge,Blutopfer,de
Ofrenda de Sangre,Blutopfer,de
Ofrenda de sangre,Blutopfer,de
Oggetti di Pandora,Pandoras Gegenstände,de
Ognista Armata,Schnellfeuer-Geschütz,de
Ohnivý výprodej,Schlussverkauf,de
Okos költekezés,Weise Ausgaben,de
On a Roll,Das geht ab,de
Onda Espacial,Weltraum-Groove,de
Onda espacial,Weltraum-Groove,de
"One Buff, Two Buff","Ein Buff, zwei Buff",de
One Two Three,"Eins, zwei, drei",de
"One, Two, Five!","Eins, zwei, fünf!",de
Onoarea războinicului,Ehre des Kriegsfürsten,de
Opatrovníkův spojenec,Verbündeter des Beschützers,de
Oprýskaná relikvie,Verwittertes Relikt,de
Optică de fixare a țintei,Zielerfassungslinse,de
Optimisation optimisée,Augmentierte Macht,de
Optique de verrouillage,Zielerfassungslinse,de
Optyka Namierzająca,Zielerfassungslinse,de
Optymalnie,Min-Max,de
Opóźniona Kuźnia,Latente Schmiede,de
Oracle,Orakel,de
Oracol,Orakel,de
Oracolo,Orakel,de
Orbes Curativos,Heilende Kugeln,de
Orbes curativos,Heilende Kugeln,de
Orbes de curación,Heilende Kugeln,de
Orbes de soins,Heilende Kugeln,de
Ornn,Ornn,de
Oráculo,Orakel,de
Osiłki,Raufbold,de
Ossessione di Varus,Varus Besessenheit,de
Ostatni Szept,Letzter Atemzug,de
Ostnatá vesta,Dornenweste,de
Ostoja,Bollwerk,de
Ostrze Gniewu Guinsoo,Guinsoos Wutklinge,de
Ostrze Nieskończoności,Klinge der Unendlichkeit,de
Ostrze Nocy,Saum der Nacht,de
Ostrze Śmierci,Klinge des Todes,de
Ostří nekonečna,Klinge der Unendlichkeit,de
Otimização,Min-Max,de
Otisk duše,Geistessicht,de
Ottica a puntamento assistito,Zielerfassungslinse,de
Oul de aur,Das goldene Ei,de
Očekávaná neočekávanost,Erwartetes Unerwartetes,de
Oštěp Šódžinu,Speer von Shojin,de
Oțel aurit,Vergoldeter Stahl,de
P'tits titans,Winzige Titanen,de
Pacchetto di aiuti,Hilfspaket,de
Pachet de amplificare,Booster-Packung,de
Pachet de îngrijire,Hilfspaket,de
Paciencia de Ekko,Ekkos Geduld,de
Paciência de Ekko,Ekkos Geduld,de
Pacote de Reforço,Booster-Packung,de
Pacote de Suprimentos,Hilfspaket,de
Pact etern,Ewiger Pakt,de
Pacte éternel,Ewiger Pakt,de
Pacto Eterno,Ewiger Pakt,de
Pacto eterno,Ewiger Pakt,de
Paczka Wsparcia,Hilfspaket,de
Padella,Bratpfanne,de
Paff!,Bonk!,de
Palier 1,Verfehlte Verbindung,de
Palčáky,Fäustlinge,de
Panca di Pandora,Pandoras Bank,de
Panda de ladrones,Diebesbande,de
Panda de ladrones II,Diebesbande II,de
Pandora kispadja,Pandoras Bank,de
Pandora tárgyai II.,Pandoras Gegenstände,de
Pandora'nın Eşyaları,Pandoras Gegenstände,de
Pandora'nın Yedekleri,Pandoras Bank,de
Pandora's Bench,Pandoras Bank,de
Pandora's Items,Pandoras Gegenstände,de
Pandořina střídačka,Pandoras Bank,de
Pandořiny předměty,Pandoras Gegenstände,de
Pantheon,Pantheon,de
Paquete de Cuidados,Hilfspaket,de
Paquete de Mejora,Booster-Packung,de
Paquete de mejora,Booster-Packung,de
Par ici l'XP,Silberlöffel,de
Parabraccia del cercatore,Armschutz des Suchenden,de
Paragöz,Geldgierig,de
Parancsnok,Kommandant,de
Parceria,Zusammenarbeit,de
Pariu de aur,Goldenes Glücksspiel,de
Pariu pe viitor,Auf lange Sicht,de
Pariul lui Urf,Urfs Gambit,de
Parlakpul Özü,Essenz der Schimmerschuppen,de
Partage emblématique,Wir halten zusammen,de
Parti Patisi,Partytiger,de
Partial Ascension,Teilaufstieg,de
Partiállat,Partytiger,de
Party Animal,Partytiger,de
Pas Giganta,Gürtel des Riesen,de
Pas le choix,Zu welchem Preis,de
Pasowy Przesyt,Gürtel im Überfluss,de
Pasterze,Hirte,de
Pastor,Hirte,de
Pastore,Hirte,de
Pastýř,Hirte,de
Patelnia,Bratpfanne,de
Patience,Aura-farmen,de
Patience d'Ekko,Ekkos Geduld,de
Patience is a Virtue,Geduld ist eine Tugend,de
Patient Study,Patientenstudie,de
Patru de partea ta,Mögen die Vier mit dir sein,de
Patto eterno,Ewiger Pakt,de
Pavois,Bollwerk,de
Pazienza di Ekko,Ekkos Geduld,de
Pařmen,Partytiger,de
Pe val,Das geht ab,de
Pedeapsă,Vergeltung,de
Pegno di Sterak,Steraks Pegel,de
Pegno di sangue,Blutzoll,de
Peleador,Raufbold,de
Peleryna Taktyka,Umhang des Taktikers,de
Pensamiento progresista,Vorausdenken,de
Pensando no Futuro,Vorausdenken,de
Pensar a Futuro,Vorausdenken,de
Peníze na oběd,Geld fürs Mittagessen,de
"Pequenas, Mas Letais","Winzig, aber tödlich",de
Pequenos Titãs,Winzige Titanen,de
Pequeño Titán,Winzigster Titan,de
Pequeño pero mortífero,"Winzig, aber tödlich",de
Pequeños pero matones,"Winzig, aber tödlich",de
Perdición del liche,Fluch des Lichs,de
Perdite calcolate,Berechneter Verlust,de
Perdição de Lich,Fluch des Lichs,de
Pergamino ligeramente mágico,Etwas magische Aktualisierung,de
Pergamino mágico,Ein magischer Wurf,de
Persona Espelhada,Gespiegelte Persona,de
Persona Espelhada Inferior,Kleine gespiegelte Persona,de
Persona en Espejo,Gespiegelte Persona,de
Persona en Espejo menor,Kleine gespiegelte Persona,de
Personalitate în oglindă,Gespiegelte Persona,de
Personalitate în oglindă minoră,Kleine gespiegelte Persona,de
Personalità speculare,Gespiegelte Persona,de
Personalità speculare minore,Kleine gespiegelte Persona,de
Personalización exclusiva,Exklusive Feinabstimmung,de
Personalizare exclusivă,Exklusive Feinabstimmung,de
Personalização Exclusiva,Exklusive Feinabstimmung,de
Personalizzazione esclusiva,Exklusive Feinabstimmung,de
Personnalité miroir,Gespiegelte Persona,de
Personnalité miroir mineure,Kleine gespiegelte Persona,de
Perszónatükör,Gespiegelte Persona,de
Pesada es la Corona,Schwer ist die Krone,de
Pesada é a Coroa,Schwer ist die Krone,de
Pesante è la corona,Schwer ist die Krone,de
Pescando cumplidos,Aura-farmen,de
Pesimist,Vernichter,de
Pestrá sebranka,Misfits,de
Petit sac de butin,Kleine Wundertüte,de
Petits mais costauds,"Winzig, aber tödlich",de
Petrecăreț,Partytiger,de
Pevná linie,Nicht nachlassen,de
Pevné opasky,Gürtel im Überfluss,de
Pečlivé ladění,Min-Max,de
Phi Vụ Trang Bị,Komponentenraub,de
Phong Kiếm,Zephir,de
Pháo Xương Cá,Gräte,de
Phân Nhánh,Selbstständig machen,de
Phép Màu Của Soraka,Sorakas Wunder,de
Phóng Hỏa,Sonnenfeuer-Brett,de
Phản Ứng Phụ,Nebenwirkungen,de
"Piccole, ma letali","Winzig, aber tödlich",de
Piccoli alleati,Kleine Freunde,de
Piekielny Toporek,Kriegsbeil des Höllenfeuers,de
Pieniążki na Obiad,Geld fürs Mittagessen,de
Pierdere calculată,Berechneter Verlust,de
Pile ou face,Goldenes Glücksspiel,de
Pilfer,Stibitzen,de
Pillín radiante,Strahlender Halunke,de
Pioggia di statistiche!,Tonnenweise Werte!,de
Pistola Laminar Hextec,Hextech-Gunblade,de
Pistola a lame hextech,Hextech-Gunblade,de
Pistolame Hextech,Hextech-Gunblade,de
Pisztolyistennő,Panzerwalküre,de
Placa Gargolítica,Steinpanzer des Wasserspeiers,de
Placa Solo,Solo-Steinpanzer,de
Plan de viitor,Vorausdenken,de
Plancia del Sole,Sonnenfeuer-Brett,de
Planlı Mağlubiyet,Berechneter Verlust,de
Plano de Línea Trasera,Blaupause für die hintere Reihe,de
Plano de retaguardia,Blaupause für die hintere Reihe,de
Plateau solaire,Sonnenfeuer-Brett,de
Platoșa garguiului,Steinpanzer des Wasserspeiers,de
Platoșă unică,Solo-Steinpanzer,de
Plecat de la tastatură,Abwesend,de
Plemienna Zbroja,Warmogs Rüstung,de
Plocha slunečního žáru,Sonnenfeuer-Brett,de
Plot Armor,Knallhart,de
Pluie d'argent,Geldmonsun,de
Plán pro zadní řadu,Blaupause für die hintere Reihe,de
Plášť slunečního žáru,Sonnenfeuer-Umhang,de
Po Prostu Traf,Einfach treffen,de
Pocalul puterii,Kelch der Macht,de
Podatek Poznawczy,Kognitive Steuer,de
Podejrzany Płaszcz,Verdächtiger Trenchcoat,de
Poder Aprimorado,Augmentierte Macht,de
Poder Mejorado,Augmentierte Macht,de
Poder mejorado,Augmentierte Macht,de
Poderoso Mech,Der mächtige Mecha,de
Podezřelý pršiplášť,Verdächtiger Trenchcoat,de
Podpůrný implantát,Verständnisvolles Implantat,de
Podróżnicy,Wanderer,de
Podstawy Boksu,Boxunterricht,de
Podsycenie Płomieni,Schüre das Feuer,de
Podwójna Wytrzymałość,Zu zäh,de
Podziel Się Uwagą Yasuo,Yasuos „Teile das Rampenlicht“,de
Pofuduk Eldiven,Fäustlinge,de
Pogromca Olbrzymów,Riesenschlächter,de
Pohodový život,Ein Teil des Lebens,de
Pohár moci,Kelch der Macht,de
Poignard de Statikk,Statikks Stich,de
Poiscaille,Gräte,de
Pojemnik na Złom,Recyclingtonne,de
Pokoli csatabárd,Kriegsbeil des Höllenfeuers,de
Pokročilá půjčka,Erweiterter Kredit,de
Polovodič,Halbleiter,de
Polowanie na Skarb,Schatzjagd,de
Poppy,Poppy,de
Porcelanowe Działo,Glaskanone,de
Pornire rapidă,Kickstart,de
Porque yo lo valgo,Zu etwas nütze,de
Portable Forge,Tragbare Schmiede,de
Portail de Zz'Rot,Zz'Rot-Portal,de
Portal Zz'Rot,Zz'Rot-Portal,de
Portal Zz'rot,Zz'Rot-Portal,de
Portal de Zz'Rot,Zz'Rot-Portal,de
Portale Zz'Rot,Zz'Rot-Portal,de
Portál Zz'Rotu,Zz'Rot-Portal,de
Posición defensiva,Nicht nachlassen,de
Posilovací balíček,Booster-Packung,de
Poslední zašeptání,Letzter Atemzug,de
Postav si kámoše,Baue einen Begleiter,de
Posępny Herold Zeke'a,Zekes düsterer Herold,de
Potere dell'Impianto,Augmentierte Macht,de
Potok slz,Heul doch …,de
Potężny Mech,Der mächtige Mecha,de
Poutník,Wanderer,de
Povara coroanei,Schwer ist die Krone,de
Povestea revenirii,Gelungenes Comeback,de
Pozlacená ocel,Vergoldeter Stahl,de
Poznawcze Przeciążenie,Kognitive Überladung,de
Poznaș radiant,Strahlender Halunke,de
Pozłacana Stal,Vergoldeter Stahl,de
Poêle à frire,Bratpfanne,de
Požehnaný bohy,Gottgesegnet,de
Prapůvodní,Primordianer,de
Precio Sangriento,Blutzoll,de
Precio sangriento,Blutzoll,de
Precisión infalible,Horizontfokus,de
Predone,Marodeur,de
Première ligne,Aufstellung,de
Presente de Aniversário,Geburtstagsgeschenk,de
Preservador de Biomateria,Biomassebewahrer,de
Preservador de Biomatéria,Biomassebewahrer,de
Preservador de biomateria,Biomassebewahrer,de
Pretendenci,Herausforderer,de
Prevalere,Siegeszug,de
Prezent Urodzinowy,Geburtstagsgeschenk,de
Preço em Sangue,Blutzoll,de
Prețul sângelui,Blutzoll,de
Prieteni micuți,Kleine Freunde,de
Primeras Lecciones,Frühe Erkenntnisse,de
Primi insegnamenti,Frühe Erkenntnisse,de
Primordia'lı,Primordianer,de
Primordia'lı Amblemi,Primordianer-Emblem,de
Primordiai,Primordianer,de
Primordiai embléma,Primordianer-Emblem,de
Primordian,Primordianer,de
Primordian Emblem,Primordianer-Emblem,de
Primordianie,Primordianer,de
Primordiano,Primordianer,de
Primordien,Primordianer,de
Prismatic Ticket,Prismatisches Ticket,de
Prizefighter,Preiskämpfer,de
Prizmatik Bilet,Prismatisches Ticket,de
Proaspăt fabricat,Fabrikneu,de
Probuzení duše,Seelenerwachen,de
Progresión en el juego tardío,Skalierung im späten Spiel,de
Progresión final,Skalierung im späten Spiel,de
Projeto da Retaguarda,Blaupause für die hintere Reihe,de
Prokletá koruna,Verfluchte Krone,de
Prokleté ostří,Verfluchte Klinge,de
Promesa de caballero,Ritterschwur,de
Promesa del Caballero,Ritterschwur,de
Promesa del protector,Schwur des Beschützers,de
Promoção de Cintos,Gürtel im Überfluss,de
Promoção de Espadas,Schwertüberfluss,de
Promoção de Varinhas,Stabüberfluss,de
Promyšlená prohra,Berechneter Verlust,de
Prosekání cesty,Bahne dir den Weg,de
Prostředník,Kanalisierer,de
Protagonista Nigdy Nie Umiera,Knallhart,de
Protección del Infinito,Schutz der Unendlichkeit,de
Protección en solitario,Solo-Steinpanzer,de
Protección infinita,Schutz der Unendlichkeit,de
Protection infinie,Schutz der Unendlichkeit,de
Protector pétreo de gárgola,Steinpanzer des Wasserspeiers,de
Protector's Vow,Schwur des Beschützers,de
Protecția infinitului,Schutz der Unendlichkeit,de
Protecție universală,Knallhart,de
Protezione di trama,Knallhart,de
Protezione infinita,Schutz der Unendlichkeit,de
Proteção Imutável,Abendschleier,de
Proteção do Infinito,Schutz der Unendlichkeit,de
Protège-bras du savant,Armschutz des Suchenden,de
Provisiones,Hilfspaket,de
Provizorní zbroj,Improvisierte Rüstung,de
Prowler's Claw,Klaue des Meuchlers,de
Prozíravost,Vorausdenken,de
Pryzmatyczny Bilet,Prismatisches Ticket,de
Przebudzenie Duszy,Seelenerwachen,de
Przedmioty Pandory,Pandoras Gegenstände,de
Przekaźnik,Kanalisierer,de
Przeklęta Korona,Verfluchte Krone,de
Przeklęte Ostrze,Verfluchte Klinge,de
Przeniesienie Ładunku,Ladungstransfer,de
Przenośna Kuźnia,Tragbare Schmiede,de
Przodownicy Składu,Aufstellung,de
Przysięga Rycerska,Ritterschwur,de
Préstamo Anticipado,Erweiterter Kredit,de
Préstamo avanzado,Erweiterter Kredit,de
Prêt anticipé,Erweiterter Kredit,de
Prędkość Meepa,Ter-Meep-nale Geschwindigkeit,de
Psionic,Psionisch,de
Psionic Emblem,Psionisch-Emblem,de
Psionico,Psionisch,de
Psioniczni,Psionisch,de
Psionik,Psionisch,de
Psionik Amblemi,Psionisch-Emblem,de
Psionique,Psionisch,de
Psiónico,Psionisch,de
Psiônico,Psionisch,de
Pszionikus,Psionisch,de
Pszionikus embléma,Psionisch-Emblem,de
Puchar Potęgi,Kelch der Macht,de
Pugnale di Statikk,Statikks Stich,de
Puissance 4,Vier-Gold-Verstärkung,de
Pulsar sombre,Sternenvernichter,de
Punguța lui Urf,Urfs Wundertüte,de
Punguță cu obiecte surpriză,Gegenstand-Wundertüte,de
Punguță eroică,Heldenhafte Wundertüte,de
Punguță mare,Große Wundertüte,de
Punguță mică,Kleine Wundertüte,de
Putere augmentată,Augmentierte Macht,de
"Puternic, dar fragil",Glaskanone,de
Puñal de Statikk,Statikks Stich,de
Pușcă cu baionetă hextech,Hextech-Gunblade,de
Pyke,Pyke,de
Pálcaszállítmány,Stabüberfluss,de
Páros várólista,Duo-Warteschlange,de
Pásztor,Hirte,de
Pásztor embléma,Hirte-Emblem,de
Pénzes persely,Sparkonto,de
Pénzmonszun,Geldmonsun,de
Pénzéhes,Geldgierig,de
Pérdida Calculada,Berechneter Verlust,de
Pérdida calculada,Berechneter Verlust,de
Pícaro,Schurke,de
Półprzewodnik,Halbleiter,de
Pălăria malefică a lui Rabadon,Rabadons Todeshaube,de
Pălării mai letale,Tödlichere Hauben,de
Păpușa din umbră,Schattenpuppe,de
Păstor,Hirte,de
Pěstnice Prázdnoty,Leerenhandschuh,de
Płaszcz Negacji,Negatron-Mantel,de
Płynące Łzy,Fließende Tränen,de
Přebytek holí,Stabüberfluss,de
Přebytek mečů,Schwertüberfluss,de
Předplacená služba,Abo-Service,de
Předvoj,Frontkämpfer,de
Přelom noci,Saum der Nacht,de
Přenos náboje,Ladungstransfer,de
Přenosná kovárna,Tragbare Schmiede,de
Přizpůsobivá přilba,Adaptiver Helm,de
Přízračná šavle,Spektrales Entermesser,de
Quang Lân Tiểu Yêu,Strahlender Halunke,de
Quatre cents coups,Mögen die Vier mit dir sein,de
Quay Trúng Thưởng,Etwas magische Aktualisierung,de
Que los Cuatros te Acompañen,Mögen die Vier mit dir sein,de
Que los cuatros te acompañen,Mögen die Vier mit dir sein,de
Que os Quatros Estejam com Você,Mögen die Vier mit dir sein,de
Quem Espera Sempre Alcança,Geduld ist eine Tugend,de
Question de taille,Größe ist alles,de
Quicksilver,Quecksilber,de
Quyền Năng Khổng Lồ,Entschlossenheit des Titanen,de
Quyền Trượng Thiên Thần,Stab des Erzengels,de
Quyền Trượng Thánh Quang,Tugend des Märtyrers,de
Quà Sinh Nhật,Geburtstagsgeschenk,de
Quá Tải Tư Duy,Kognitive Überladung,de
Quân Đoàn 3 Sao,Die Legion der Drei,de
Quỷ Thư Morello,Morellonomikon,de
Quỹ Phòng Hộ,Risikofonds,de
Rabadon halálsüvege,Rabadons Todeshaube,de
Rabadon's Deathcap,Rabadons Todeshaube,de
Rabadon'un Şapkası,Rabadons Todeshaube,de
Rabadonův smrtící klobouk,Rabadons Todeshaube,de
Raccolta differenziata,Recyclingtonne,de
Radiant Rascal,Strahlender Halunke,de
Radici diffuse,Wachsende Wurzeln,de
Rakeťák,Gräte,de
Ramificación,Selbstständig machen,de
Ramificare,Selbstständig machen,de
Ramię w Ramię,Wir halten zusammen,de
Rammus,Rammus,de
Rapid Firecannon,Schnellfeuer-Geschütz,de
Rappresaglia,Vergeltung,de
Rasga-tempo,Zeitbrecher,de
Ravitaillement,Hilfspaket,de
"Raz, Dwa, Pięć!","Eins, zwei, fünf!",de
"Raz, Dwa, Trzy","Eins, zwei, drei",de
"Raz, dva, pět!","Eins, zwei, fünf!",de
Raíces Propagadoras,Wachsende Wurzeln,de
Raíces expansivas,Wachsende Wurzeln,de
Raízes Alastradas,Wachsende Wurzeln,de
Rdzeń Handlu,Kommerzkern,de
Rdzeń Świtu,Dämmerkern,de
Reach for the Stars,Nach dem Himmel greifen,de
Rebel,Schurke,de
Rebelle,Schurke,de
Recombobulador,Rekombinator,de
Recombobulateur,Rekombinator,de
Recombobulator,Rekombinator,de
Recomeçar Missão,Wiederaufnahme der Mission,de
Recomeço Cósmico,Kosmischer Neubeginn,de
Recrut nou,Neuer Rekrut,de
Recursos de Ferro,Eiserne Güter,de
Recursos de Hierro,Eiserne Güter,de
Recursos de hierro,Eiserne Güter,de
Recurve Bow,Rekursivbogen,de
Recyklátor,Recyclingtonne,de
Red Buff,Roter Buff,de
Redeemer,Erlöser,de
Redentor,Erlöser,de
Redentora,Erlöser,de
Redentore,Erlöser,de
Reducere fulger,Schlussverkauf,de
Reflexní luk,Rekursivbogen,de
Reflexíj,Rekursivbogen,de
Regalo de cumpleaños,Geburtstagsgeschenk,de
Regalo di compleanno,Geburtstagsgeschenk,de
Regiaguardia,Kronwacht,de
ReinFOURcement,Vier-Gold-Verstärkung,de
Reiniciar Misión,Wiederaufnahme der Mission,de
Reinicio Cósmico,Kosmischer Neubeginn,de
Reinicio cósmico,Kosmischer Neubeginn,de
Reinicio de misión,Wiederaufnahme der Mission,de
Rek'Sai,Rek'Sai,de
Rekombobulator,Rekombinator,de
Rekombobulátor,Rekombinator,de
Relances régulières,Kommerzkern,de
Relances épiques,Epische Ladung,de
Relances étoilées,Das geht ab,de
Relato de un regreso,Gelungenes Comeback,de
Relicario Enervante,Verstärkendes Amulett,de
Relicario de los Solari de Hierro,Amulett der eisernen Solari,de
Relicva ofilită,Verwittertes Relikt,de
Relique flétrie,Verwittertes Relikt,de
Reliquia Marchita,Verwittertes Relikt,de
Reliquia appassita,Verwittertes Relikt,de
Reliquia marchita,Verwittertes Relikt,de
Relíquia Definhada,Verwittertes Relikt,de
Rendelkezz az íjammal,Du hast meinen Bogen,de
Repaire du baron,Versteck des Barons,de
Replica,Klonprogramm,de
Replicador,Replikator,de
Replicante,Replikator,de
Replication,Klonprogramm,de
Replicator,Replikator,de
Replicator Mode,Replikator-Modus,de
Replicação,Klonprogramm,de
Replikace,Klonprogramm,de
Replikacja,Klonprogramm,de
Replikacı,Replikator,de
Replikacı Modu,Replikator-Modus,de
Replikatorzy,Replikator,de
Replikační režim,Replikator-Modus,de
Replikátor,Replikator,de
Repornire cosmică,Kosmischer Neubeginn,de
Reproducere,Klonprogramm,de
Rerroleo Épico,Epische Ladung,de
Reserva de Pandora,Pandoras Bank,de
Resolución titánica,Entschlossenheit des Titanen,de
Restart Misji,Wiederaufnahme der Mission,de
Restart Mission,Wiederaufnahme der Mission,de
Restartování mise,Wiederaufnahme der Mission,de
Restiamo uniti,Wir halten zusammen,de
Retador,Herausforderer,de
Retribución,Vergeltung,de
Retribution,Vergeltung,de
Reuniune aniversară,Geburtstags-Wiedervereinigung,de
Reunión cumpleañera,Geburtstags-Wiedervereinigung,de
Reunión de Cumpleaños,Geburtstags-Wiedervereinigung,de
Reviravolta,Gelungenes Comeback,de
Rezistența din prima linie,Nicht nachlassen,de
Reîncărcare relativ magică,Etwas magische Aktualisierung,de
Reîncărcări epice,Epische Ladung,de
Reîncărcări la grămadă,Aktualisierungstaumel,de
Režim Prostředník,Kanalisierermodus,de
Rhaast,Rhaast,de
Riavvia missione,Wiederaufnahme der Mission,de
Riavvio cosmico,Kosmischer Neubeginn,de
Ribalta condivisa di Yasuo,Yasuos „Teile das Rampenlicht“,de
Richiamo al caos,Ruf des Chaos,de
Ricombussolatore,Rekombinator,de
Rift Scuttler,Kluftkrabbler,de
Riskantní tah,Riskante Aktionen,de
Risky Moves,Riskante Aktionen,de
Risorse ferrose,Eiserne Güter,de
Risveglio dell'anima,Seelenerwachen,de
Ritmo Spaziale,Weltraum-Groove,de
Ritrovo di compleanno,Geburtstags-Wiedervereinigung,de
Riven,Riven,de
Robbanásszerű fejlődés,Explosives Wachstum,de
Robo de componentes,Komponentenraub,de
Robot,Der mächtige Mecha,de
Robotul Mecha impunător,Der mächtige Mecha,de
Rogue,Schurke,de
Rogue Emblem,Schurken-Emblem,de
Rolling For Days,Aktualisierungstaumel,de
Rolling for Days,Aktualisierungstaumel,de
Rolo Compressor,Das geht ab,de
Rompetiempo,Zeitbrecher,de
Rostro espiritual,Geistessicht,de
Roubo de Componentes,Komponentenraub,de
Rouška nehybnosti,Tuch der Stille,de
Rozgałęzienie,Selbstständig machen,de
Rozmiar Ma Znaczenie,Größe ist alles,de
Rozruch,Kickstart,de
Rozrůstání kořenů,Wachsende Wurzeln,de
Rozsądne Wydatki,Weise Ausgaben,de
Rozvětvení,Selbstständig machen,de
Rtuť,Quecksilber,de
Rufián Radiante,Strahlender Halunke,de
Rugalmas,Flexibel,de
Ruh Gömleği,Geistessicht,de
Ruh Uyanışı,Seelenerwachen,de
Ruka spravedlnosti,Hand der Gerechtigkeit,de
Rukavice pro štěstí,Glückshandschuhe,de
Rváč,Raufbold,de
Rybeńka,Gräte,de
Rychlopalné ohnivé dělo,Schnellfeuer-Geschütz,de
Rychlý dvojzářez,Zügiger Doppelkill,de
Rychlý start,Kickstart,de
Rytířský slib,Ritterschwur,de
Ryzykowne Posunięcia,Riskante Aktionen,de
Rzeka Łez,Heul doch …,de
Récompenses de guerre,Kriegspfad,de
Rédempteur,Erlöser,de
Réinitialisation cosmique,Kosmischer Neubeginn,de
Réplica,Klonprogramm,de
Réplicateur,Replikator,de
Résistance acharnée,Knallhart,de
Részleges Felemelkedés,Teilaufstieg,de
Réunion d'anniversaire,Geburtstags-Wiedervereinigung,de
Rìu Hỏa Ngục,Kriegsbeil des Höllenfeuers,de
Rìu Đại Mãng Xà,Titanische Hydra,de
Río de lágrimas,Fließende Tränen,de
Różdżkowy Przesyt,Stabüberfluss,de
Rögtönzött páncél,Improvisierte Rüstung,de
Răbdarea e o virtute,Geduld ist eine Tugend,de
Răbdarea lui Ekko,Ekkos Geduld,de
Rădăcini răspândite,Wachsende Wurzeln,de
Rămânem împreună,Wir halten zusammen,de
Răsăritul din Silvermere,Dämmerung von Silbersee,de
Ręka Sprawiedliwości,Hand der Gerechtigkeit,de
Rękawica Pustki,Leerenhandschuh,de
Rękawice Sparingowe,Kampfhandschuhe,de
Rękawice Złodzieja,Handschuhe des Diebs,de
Rękawiczki,Fäustlinge,de
Rồng Đẻ Trứng Vàng,Das goldene Ei,de
SZILÁRD ELTÖKÉLTSÉG,"KEIN UMSEHEN, KEIN WECHSELN",de
Saber Gastar,Weise Ausgaben,de
Sabia blestemată,Verfluchte Klinge,de
Sabia forței brute,Riesenschwert,de
Sabia infinitului,Klinge der Unendlichkeit,de
Sabia morții,Klinge des Todes,de
Sabia sângeroasă,Blutdürster,de
Sable Espectral,Spektrales Entermesser,de
Sable espectral,Spektrales Entermesser,de
Sable-pistola hextech,Hextech-Gunblade,de
Sablepistola Hextech,Hextech-Gunblade,de
Sabre spectral,Spektrales Entermesser,de
Sabır Erdemdir,Geduld ist eine Tugend,de
Sac de butin,Gegenstand-Wundertüte,de
Saco de Brindes,Gegenstand-Wundertüte,de
Saco de Brindes Heroico,Heldenhafte Wundertüte,de
Saco de Brindes Pequeno,Kleine Wundertüte,de
Saco de Brindes Recheado,Große Wundertüte,de
Saco de Brindes do Urf,Urfs Wundertüte,de
Sacrificio cruento,Blutopfer,de
Sadakat,Bindende Verpflichtung,de
Safları Koru,Nicht nachlassen,de
Saklı Gerçek,Kahunahuna,de
Saldi imperdibili,Schlussverkauf,de
Saldão,Schlussverkauf,de
Salvage Bin,Recyclingtonne,de
Salvator,Erlöser,de
Samira,Samira,de
Sanguinaire,Blutzoll,de
Sanguinaria,Blutdürster,de
Saqueador,Marodeur,de
Sartén,Bratpfanne,de
Sauter une classe,Siegeszug,de
Savaş Yolu,Kriegspfad,de
Savings Account,Sparkonto,de
Scalata verso il successo,Immer höher hinauf,de
Scegli tratto,Attribut wählen,de
Sceptre vampirique corrompu,Verdorbenes vampirisches Zepter,de
Sceptru vampiric corupt,Verdorbenes vampirisches Zepter,de
Sceptrul Vidului,Leerenstab,de
Sceptrul serafimului,Flügelstab,de
Scettro dell'arcangelo,Stab des Erzengels,de
Scettro serafino,Flügelstab,de
Scettro vampirico corrotto,Verdorbenes vampirisches Zepter,de
Schema della retroguardia,Blaupause für die hintere Reihe,de
Schemat Tylnej Formacji,Blaupause für die hintere Reihe,de
Schiantare,Schlag zu,de
Schiță pentru linia din spate,Blaupause für die hintere Reihe,de
Sciabola spettrale,Spektrales Entermesser,de
Scintilla ionica,Ionischer Funke,de
Scommessa dorata,Goldenes Glücksspiel,de
Scommessa rischiosa,Bindende Verpflichtung,de
Scudo dello stratega,Schild des Taktikers,de
Scutul amurgului,Ägide der Abenddämmerung,de
Scutul tacticianului,Schild des Taktikers,de
Scutul zorilor,Ägide der Morgendämmerung,de
Scânteie ionică,Ionischer Funke,de
Sdílená zbroj,Knallhart,de
Sebevražední panáci,Crash-Test-Dummies,de
Second Wind,Aufschwung,de
Second souffle,Aufschwung,de
Secondo fiato,Aufschwung,de
Secteur commercial,Handelssektor,de
Section Anima,Anima,de
Sector comercial,Handelssektor,de
Sector de Intercambio,Handelssektor,de
Sectorul comercial,Handelssektor,de
Secure din focul iadului,Kriegsbeil des Höllenfeuers,de
Sed de dinero,Geldgierig,de
Sede de Riqueza,Geldgierig,de
Sedenta por Sangue,Blutdürster,de
Seeker's Armguard,Armschutz des Suchenden,de
Segundo Aire,Aufschwung,de
Sehraný tým,Zusammenarbeit,de
Sekera pekelného ohně,Kriegsbeil des Höllenfeuers,de
Sektor Wymiany,Handelssektor,de
Semblante Espiritual,Geistessicht,de
Semi-conducteur,Halbleiter,de
Semiconductor,Halbleiter,de
Semicondutor,Halbleiter,de
Semiconduttore,Halbleiter,de
Sendero de Guerra,Kriegspfad,de
Sendero de guerra,Kriegspfad,de
Sentencia,Gebieter,de
Sentenciador,Gebieter,de
Sentiero di guerra,Kriegspfad,de
Serafínova hůl,Flügelstab,de
Seraphim's Staff,Flügelstab,de
Serbest Yatırım Fonu,Risikofonds,de
Serce ze Stali,Herz aus Stahl,de
Serpenyő,Bratpfanne,de
Serve para Algo,Zu etwas nütze,de
Servicio de Suscripción,Abo-Service,de
Servicio de suscripción,Abo-Service,de
Servizio ad abbonamento,Abo-Service,de
Serviço de Assinatura,Abo-Service,de
Setor de Troca,Handelssektor,de
Settore dello scambio,Handelssektor,de
Seviye Atla!,Neue Stufe!,de
Seyyah,Wanderer,de
Seyyah Amblemi,Wanderer-Emblem,de
Sfere curative,Heilende Kugeln,de
Sfere vindecătoare,Heilende Kugeln,de
Sfidante,Herausforderer,de
Sfârșitul rațiunii,Ende der Weisheit,de
Shadow Puppet,Schattenpuppe,de
Shen,Shen,de
Shepherd,Hirte,de
Shepherd Emblem,Hirte-Emblem,de
Shimmerscale Essence,Essenz der Schimmerschuppen,de
Shojin lándzsája,Speer von Shojin,de
Shojin'in Mızrağı,Speer von Shojin,de
Shopping Spree,Einkaufsbummel,de
Shopping intensif,Einkaufsbummel,de
Shopping scatenato,Einkaufsbummel,de
Shroud of Stillness,Tuch der Stille,de
Sibernetik Aktarım,Kybernetische Verbindung,de
Sibernetik İmplant,Kybernetische Implantate,de
Sicario,Auftragsmörder,de
Side Effects,Nebenwirkungen,de
Signora Oscura,Dunkle Dame,de
Silver Spoon,Silberlöffel,de
Silvermere Dawn,Dämmerung von Silbersee,de
Sinal de Sterak,Steraks Pegel,de
Sinh Nhật Đoàn Tụ,Geburtstags-Wiedervereinigung,de
Sinir İmplantı,Verständnisvolles Implantat,de
Sinsi,Schurke,de
Sinsi Amblemi,Schurken-Emblem,de
Sinsi Pençe,Klaue des Meuchlers,de
Siper,Bollwerk,de
Size Matters,Größe ist alles,de
Siêu Linh,Psionisch,de
Siêu Thú,Anima,de
Siêu Vũ Trụ,Der Urknall,de
Siêu Xẻng,Pfannenwender,de
Sięganie ku Gwiazdom,Nach dem Himmel greifen,de
Skalowanie w Późnej Fazie Gry,Skalierung im späten Spiel,de
Skleněné dělo,Glaskanone,de
Skok po Składniki,Komponentenraub,de
Skupienie Horyzontalne,Horizontfokus,de
Skupiony Ogień,Fokussiertes Feuer,de
Slammin',Schlag zu,de
Slaďounké dobroty,Süße Leckereien,de
Slice of Life,Ein Teil des Lebens,de
Slightly Magic Roll,Etwas magische Aktualisierung,de
Slza bohyně,Träne der Göttin,de
Small Grab Bag,Kleine Wundertüte,de
Smoczy Szpon,Drachenklaue,de
Snajperzy,Scharfschütze,de
Sniper,Scharfschütze,de
Sniper Emblem,Scharfschütze-Emblem,de
Sobrecarga Cognitiva,Kognitive Überladung,de
Sobrecarga cognitiva,Kognitive Überladung,de
Sobrecarga de Varas,Stabüberfluss,de
Sobrecarga de cinturones,Gürtel im Überfluss,de
Sobrecarga de espadas,Schwertüberfluss,de
Sobrecarga de varitas,Stabüberfluss,de
Sobretudo Suspeito,Verdächtiger Trenchcoat,de
Sobrevivente,Überlebender,de
Sobreviviente,Überlebender,de
Sodronyozott mellény,Kettenweste,de
Soif-de-sang,Blutdürster,de
Sojusznik Opiekuna,Verbündeter des Beschützers,de
Sok Cappa,Cappa-Trank,de
Soldi per il pranzo,Geld fürs Mittagessen,de
Solo Leveling,Solo-Leveling,de
Solo Plate,Solo-Steinpanzer,de
Solo Pétreo,Solo-Steinpanzer,de
Solowa Płyta,Solo-Steinpanzer,de
Solul dezolant al lui Zeke,Zekes düsterer Herold,de
Solul lui Zeke,Zekes Herold,de
Solzi sclipitori,Essenz der Schimmerschuppen,de
Sombrero Mortífero de Rabadon,Rabadons Todeshaube,de
Sombrero mortal de Rabadon,Rabadons Todeshaube,de
Sombreros Más Letales,Tödlichere Hauben,de
Sombreros más mortales,Tödlichere Hauben,de
Son Fısıltı,Letzter Atemzug,de
Sona,Sona,de
Sona Kalanlar,Überlebender,de
Song Sát Tốc Hành,Zügiger Doppelkill,de
Song Vệ,Zwillingswächter,de
Song Đấu,Göttlicher Duellant,de
Sonsuz Büyü,Fortwährende Beschwörung,de
Sonsuz Karanlık,Sternenvernichter,de
Sonsuz Karanlık Amblemi,Sternenvernichter-Emblem,de
Sonsuz Çaresizlik,Endlose Verzweiflung,de
Sopa Fazlalığı,Stabüberfluss,de
Sopa İşçisi,Stabschmied,de
Soraka csodatétele,Sorakas Wunder,de
Soraka áldása,Sorakas Segen,de
Soraka'nın Lütfu,Sorakas Segen,de
Soraka'nın Mucizesi,Sorakas Wunder,de
Soraka's Boon,Sorakas Segen,de
Soraka's Miracle,Sorakas Wunder,de
Soračin dar,Sorakas Segen,de
Soračin zázrak,Sorakas Wunder,de
Sorsszövő,Schicksalsweber,de
Sorte em Alta,Wie ist es um dein Glück bestellt?,de
Sorvadt ereklye,Verwittertes Relikt,de
Soubojový režim,Herausforderer-Modus,de
Soudce,Gebieter,de
Soul Awakening,Seelenerwachen,de
Soustředěná palba,Fokussiertes Feuer,de
Soustředěný horizont,Horizontfokus,de
Soutien indéfectible,Geeinter Halt,de
Souvislé sesílání,Fortwährende Beschwörung,de
Sovraccarico cognitivo,Kognitive Überladung,de
Spaccato di vita,Ein Teil des Lebens,de
Space Groove,Weltraum-Groove,de
Space Groove Emblem,Weltraum-Groove-Emblem,de
Spaczony Wampiryczny Kostur,Verdorbenes vampirisches Zepter,de
Spada furiei lui Guinsoo,Guinsoos Wutklinge,de
Sparring Gloves,Kampfhandschuhe,de
Spasitel,Erlöser,de
Spatola,Pfannenwender,de
Spatula,Pfannenwender,de
Spatule,Pfannenwender,de
Spatulă,Pfannenwender,de
Spear of Shojin,Speer von Shojin,de
Specialista del finale,Endgame-Experte,de
Specialista na závěrečnou fázi,Endgame-Experte,de
Specialistul sfârșitului jocului,Endgame-Experte,de
Specjalista od Końcówki,Endgame-Experte,de
Specjalistyczny Hełm,Adaptiver Helm,de
Spectral Cutlass,Spektrales Entermesser,de
Spedizione,Expedition,de
Speedy Double Kill,Zügiger Doppelkill,de
Spektrum jegy,Prismatisches Ticket,de
Spektrální vstupenka,Prismatisches Ticket,de
Speranza perduta,Ende der Weisheit,de
Spesa oculata,Weise Ausgaben,de
Spezzatempo,Zeitbrecher,de
Spirit Visage,Geistessicht,de
Spirit of Redemption,Geist der Erlösung,de
Spirito di redenzione,Geist der Erlösung,de
Spiritul izbăvirii,Geist der Erlösung,de
Splétaná magie,Verwobene Magie,de
Splétač osudu,Schicksalsweber,de
Společné objetí,Gruppenumarmung,de
Spořicí účet,Sparkonto,de
Spreading Roots,Wachsende Wurzeln,de
Spécialiste des fins de partie,Endgame-Experte,de
Spéculation,Risikofonds,de
Srdce z oceli,Herz aus Stahl,de
Staffsmith,Stabschmied,de
Stand United,Geeinter Halt,de
Stargazer,Sterndeuter,de
Stargazer Emblem,Sterndeuter-Emblem,de
Statikk Hançer,Statikks Stich,de
Statikk Shiv,Statikks Stich,de
Statikk töltőpengéje,Statikks Stich,de
Statikkova kudla,Statikks Stich,de
Stats à foison !,Tonnenweise Werte!,de
Stavebnice společníků,Baue einen Begleiter,de
Stea întunecată,Sternenvernichter,de
Steadfast Heart,Unerschütterliches Herz,de
Stella Oscura,Sternenvernichter,de
Stellar Combo,Sternen-Kombo,de
Stemma di Lightshield,Lichtschild-Wappen,de
Stemmaguarda,Kronwacht,de
Sterak kihívása,Steraks Pegel,de
Sterak's Gage,Steraks Pegel,de
Sterak'ın Güvencesi,Steraks Pegel,de
Sterakova zástava,Steraks Pegel,de
Stopařčin chránič,Armschutz des Suchenden,de
Storia di una rimonta,Gelungenes Comeback,de
Strateji Ustası Kalkanı,Schild des Taktikers,de
Strateji Ustası Pelerini,Umhang des Taktikers,de
Strateji Ustası Tacı,Krone des Taktikers,de
Strateji Ustasının Mutfağı,Taktikerküche,de
Stratégie de ligne arrière,Blaupause für die hintere Reihe,de
Striker's Flail,Stürmerflegel,de
Strom vlastností,Der Attributsbaum,de
Strážná dvojice,Zwillingswächter,de
Studio paziente,Patientenstudie,de
Studiu diligent,Patientenstudie,de
Stwórz Sobie Kumpla,Baue einen Begleiter,de
Stwórz Towarzysza,Baue einen Begleiter,de
Stínová loutka,Schattenpuppe,de
Stříbrná lžička,Silberlöffel,de
Stůjme při sobě,Geeinter Halt,de
Su tutti i fronti,Selbstständig machen,de
Su verso il cielo,Nach dem Himmel greifen,de
Subscription Service,Abo-Service,de
Subskrypcja,Abo-Service,de
Suc Cappa,Cappa-Trank,de
Succes critic,Kritischer Erfolg,de
Successo critico,Kritischer Erfolg,de
Succo Cappa,Cappa-Trank,de
Sucesso Crítico,Kritischer Erfolg,de
Suco de Chapéu,Cappa-Trank,de
Sugárzó csirkefogó,Strahlender Halunke,de
Suhanó sutyerák,Kluftkrabbler,de
Sunfire Board,Sonnenfeuer-Brett,de
Sunfire Cape,Sonnenfeuer-Umhang,de
Super sac de butin,Große Wundertüte,de
Superstite,Überlebender,de
Superviviente,Überlebender,de
Suppresseur doré,Min-Max,de
Supraviețuitor,Überlebender,de
Supraîncărcare cognitivă,Kognitive Überladung,de
Surcharge cognitive,Kognitive Überladung,de
Surpriză nesurprinzătoare,Erwartetes Unerwartetes,de
Survivant,Überlebender,de
Survivor,Überlebender,de
Suscripción de Lujo,Luxus-Abonnement,de
Suscripción de lujo,Luxus-Abonnement,de
Suspicious Trench Coat,Verdächtiger Trenchcoat,de
Sussurro fatale,Letzter Atemzug,de
Sute de atribute!,Tonnenweise Werte!,de
Sweet Treats,Süße Leckereien,de
Sword Overflow,Schwertüberfluss,de
Swordsmith,Schwertschmied,de
Sympathetic Implant,Verständnisvolles Implantat,de
Szaleństwo Zakupów,Einkaufsbummel,de
Szczęśliwe Rękawice,Glückshandschuhe,de
Szellemarc,Geistessicht,de
Szerencsés kesztyű,Glückshandschuhe,de
Szermierka Yasuo,Yasuos Klingentanz,de
Szerteágazó gyökerek,Wachsende Wurzeln,de
Szeráf pálcája,Flügelstab,de
Szimpatikus implantátum,Verständnisvolles Implantat,de
Szintlépés!,Neue Stufe!,de
Szpatułka,Pfannenwender,de
Szpon Ciemnego Typa,Klaue des Meuchlers,de
Szunnyadó kohó,Latente Schmiede,de
Szybkie Dwa Trupy,Zügiger Doppelkill,de
Száműzöttek I.,Verbannte,de
Szélhámos,Gauner,de
Szólójátékos,Solo-Leveling,de
Születésnapi ajándék,Geburtstagsgeschenk,de
Születésnapi találkozó,Geburtstags-Wiedervereinigung,de
Sách Chọn Ấn,Wälzer der Attribute,de
Sárkánykarom,Drachenklaue,de
Sát Thủ Khát Máu,Willkürlicher Killer,de
Sát Thủ Đánh Thuê,Auftragsmörder,de
Sét Cao Thế,Hochspannung,de
Síla artefaktů,Durch Stärke geschmiedet,de
Sólový plát,Solo-Steinpanzer,de
Sólový postup,Solo-Leveling,de
Sötét csillag,Sternenvernichter,de
Sötét csillag embléma,Sternenvernichter-Emblem,de
Sötét hölgy,Dunkle Dame,de
Sükûnet Örtüsü,Tuch der Stille,de
Süper Hızlı Micin,Ter-Meep-nale Geschwindigkeit,de
Sürgünler,Verbannte,de
Săbii fără număr,Schwertüberfluss,de
Săbii mai letale,Tödlichere Klingen,de
Săn Kho Báu,Schatzjagd,de
Słodkie Przysmaki,Süße Leckereien,de
Słoneczna Peleryna,Sonnenfeuer-Umhang,de
Słoneczna Płyta,Sonnenfeuer-Brett,de
Sơ Đồ Tuyến Sau,Blaupause für die hintere Reihe,de
Số 4 Hoàn Hảo,Mögen die Vier mit dir sein,de
Sống Vội,Gauner,de
TEK Kılıcı,Riesenschwert,de
Tabla solară,Sonnenfeuer-Brett,de
Tablero de Fuego Solar,Sonnenfeuer-Brett,de
Tablero de fuego solar,Sonnenfeuer-Brett,de
Tabuleiro de Fogo Solar,Sonnenfeuer-Brett,de
Tactician's Cape,Umhang des Taktikers,de
Tactician's Crown,Krone des Taktikers,de
Tactician's Kitchen,Taktikerküche,de
Tactician's Shield,Schild des Taktikers,de
Tahm Kench,Tahm Kench,de
Taina întunericului,Saum der Nacht,de
Taktikova koruna,Krone des Taktikers,de
Taktikova kuchyně,Taktikerküche,de
Taktikus köpenye,Umhang des Taktikers,de
Taktikus pajzsa,Schild des Taktikers,de
Taktikusok konyhája,Taktikerküche,de
Taktikův plášť,Umhang des Taktikers,de
Taktikův štít,Schild des Taktikers,de
Takviye Paketi,Booster-Packung,de
Takım Çalışması,Zusammenarbeit,de
Talisman Of Ascension,Amulett des Aufstiegs,de
Talisman de l'ascension,Amulett des Aufstiegs,de
Talismano dell'ascensione,Amulett des Aufstiegs,de
Talismanul ascensiunii,Amulett des Aufstiegs,de
Talismán de Ascensión,Amulett des Aufstiegs,de
Talismã da Ascensão,Amulett des Aufstiegs,de
Talizman Wstąpienia,Amulett des Aufstiegs,de
Talon,Talon,de
Találd meg önmagad,Finde deine Mitte,de
Tam Donanımlı,Baue einen Begleiter,de
Tam Teşekküllü,Baue einen Begleiter,de
Tana del Barone,Versteck des Barons,de
Tancuri la xerox,Zu zäh,de
Tandemová fronta,Duo-Warteschlange,de
Tanks jumeaux,Zu zäh,de
Tanque em Dobro,Zu zäh,de
Tanrıça'nın Gözyaşı,Träne der Göttin,de
Tanışma Toplantısı,Verfehlte Verbindung,de
Tarcza Taktyka,Schild des Taktikers,de
Tare ca fierul,Eiserne Güter,de
Target-Lock Optics,Zielerfassungslinse,de
Tartalékíjak,Notfallbögen,de
Tartsd a frontot,Nicht nachlassen,de
Tatlı Atıştırmalıklar,Süße Leckereien,de
Taxa Cognitiva,Kognitive Steuer,de
Taxe cognitive,Kognitive Steuer,de
Taze Kan,Neuer Rekrut,de
Taşınabilir Ocak,Tragbare Schmiede,de
Te simți norocos,Wie ist es um dein Glück bestellt?,de
Team Building,Teambildung,de
Team building,Teambildung,de
Teambuilding,Teambildung,de
Teaming Up,Zusammenarbeit,de
Tear of the Goddess,Träne der Göttin,de
Tecelã do Destino,Schicksalsweber,de
Tecendo Magia,Verwobene Magie,de
Teemo,Teemo,de
Tejedestinos,Schicksalsweber,de
Tekrar Dene,Wiederaufnahme der Mission,de
Tela magica,Verwobene Magie,de
Temná hvězda,Sternenvernichter,de
Temná paní,Dunkle Dame,de
Tempesta di Luden,Ludens Sturm,de
Tempestad de Luden,Ludens Sturm,de
Tempête de Luden,Ludens Sturm,de
Tenete la posizione,Nicht nachlassen,de
Tenir le front,Nicht nachlassen,de
Tentative de comeback,Gelungenes Comeback,de
Termeepnal Velocity,Ter-Meep-nale Geschwindigkeit,de
Termipnální rychlost,Ter-Meep-nale Geschwindigkeit,de
Terquedad,"KEIN UMSEHEN, KEIN WECHSELN",de
Terrore dei lich,Fluch des Lichs,de
Tesori sepolti,Vergrabene Schätze,de
Tesoros Enterrados,Vergrabene Schätze,de
Tesoros enterrados,Vergrabene Schätze,de
Tesouros Enterrados,Vergrabene Schätze,de
Tessifato,Schicksalsweber,de
Testőrképzés,Leibwache-Training,de
Tetro araldo di Zeke,Zekes düsterer Herold,de
Tezbıçak,Flimmerklingen,de
Thanh Lý Toàn Bộ,Schlussverkauf,de
Thanh Âm Chữa Lành,Heilende Echos,de
The Big Bang,Der Urknall,de
The Golden Dragon,Der goldene Drache,de
The Golden Egg,Das goldene Ei,de
The Indomitable,Der Unbeugsame,de
The Mighty Mech,Der mächtige Mecha,de
The Tower,Der Turm,de
The Trait Tree,Der Attributsbaum,de
Thief's Gloves,Handschuhe des Diebs,de
Thresh lámpása,Threshs Laterne,de
Thresh áldása,Threshs Segen,de
Thresh'in Feneri,Threshs Laterne,de
Thresh'in Lütfu,Threshs Segen,de
Thresh's Boon,Threshs Segen,de
Thresh's Lantern,Threshs Laterne,de
Threshova lucerna,Threshs Laterne,de
Threshův dar,Threshs Segen,de
Thua Có Tính Toán,Berechneter Verlust,de
Thuế Nhận Thức,Kognitive Steuer,de
Thách Đấu,Herausforderer,de
Thép Mạ Vàng,Vergoldeter Stahl,de
Thích Mở Rộng,Auf lange Sicht,de
Thông Thoáng,Klarer Geist,de
Thông Đạo Zz'rot,Zz'Rot-Portal,de
Thú Tượng Thạch Giáp,Steinpanzer des Wasserspeiers,de
Thăng Hoa,Aufstieg,de
Thăng Hoa Của Kayle,Kayles Hochgefühl,de
Thăng Hoa Rực Rỡ Của Kayle,Kayles strahlendes Hochgefühl,de
Thăng Tiến Cuối Trận,Skalierung im späten Spiel,de
Thần Ban Phước,Gottgesegnet,de
Thần Phán,Gebieter,de
Thịnh Nộ Thủy Quái,Zorn des Kraken,de
Thời Không,Zeitbrecher,de
Thợ Rèn Gậy,Stabschmied,de
Thợ Rèn Kiếm,Schwertschmied,de
Thợ Săn Vũ Trụ,Galaktischer Jäger,de
Thức Tỉnh Linh Hồn,Seelenerwachen,de
Ti senti fortunato?,Wie ist es um dein Glück bestellt?,de
Ticaret Bölgesi,Handelssektor,de
Ticaretin Özü,Kommerzkern,de
Ticket prismatique,Prismatisches Ticket,de
Tiercé,Dreifaltigkeit,de
Tigaia de aur,Bratpfanne,de
Tiltott bálvány,Verbotener Götze,de
Timebreaker,Zeitbrecher,de
Timebreaker Emblem,Zeitbrecher-Emblem,de
Tinh Linh Chuông,Meeple,de
Tinh Túy Kim Long,Essenz der Schimmerschuppen,de
Tiniest Titan,Winzigster Titan,de
Tiny Titans,Winzige Titanen,de
"Tiny, but Deadly","Winzig, aber tödlich",de
Tirada Ligeramente Mágica,Etwas magische Aktualisierung,de
Tirada Mágica,Ein magischer Wurf,de
Tiro lievemente magico,Etwas magische Aktualisierung,de
Tiro porque me toca,Aktualisierungstaumel,de
Tisse-destin,Schicksalsweber,de
Tiszta elme,Klarer Geist,de
Titan micuț,Winzigster Titan,de
Titan's Resolve,Entschlossenheit des Titanen,de
Titanes Diminutos,Winzige Titanen,de
Titanic Hydra,Titanische Hydra,de
Titano minuscolo,Winzigster Titan,de
Titanın Azmi,Entschlossenheit des Titanen,de
Titánhidra,Titanische Hydra,de
Titánská hydra,Titanische Hydra,de
Titánské odhodlání,Entschlossenheit des Titanen,de
Tiên Phong,Frontkämpfer,de
Tiên Tri,Orakel,de
Tiêu Dùng Thông Minh,Weise Ausgaben,de
Tiếp Tế Trang Bị,Gegenstand-Wundertüte,de
Tiền Tuyến Vững Chãi,Aufstellung,de
Tiền Vệ Trung Tâm,Finde deine Mitte,de
Tiền Ăn Trưa,Geld fürs Mittagessen,de
Tiệc Tùng,Partytiger,de
Tkacze Losu,Schicksalsweber,de
Tkanie Czarów,Verwobene Magie,de
Tlupa zlodějů,Diebesbande,de
Tlupa zlodějů II,Diebesbande II,de
To Lớn & Mạnh Mẽ,Groß und mächtig,de
Todo para mí,Einfach treffen,de
Toiag uriaș,Übergroßer Stab,de
Toiagul arhanghelului,Stab des Erzengels,de
Toiege fără număr,Stabüberfluss,de
Tolvajkesztyű,Handschuhe des Diebs,de
Tolvajok bandája,Diebesbande,de
Tolvajok bandája II,Diebesbande II,de
Tome des emblèmes,Wälzer der Attribute,de
Tome of Trait,Wälzer der Attribute,de
Tome of Traits,Wälzer der Attribute,de
Tomo das Características,Wälzer der Attribute,de
Tomo de Rasgos,Wälzer der Attribute,de
Tomo de atributos,Wälzer der Attribute,de
Tomo dei tratti,Wälzer der Attribute,de
Tomul caracteristicilor,Wälzer der Attribute,de
Toneladas de Atributos!,Tonnenweise Werte!,de
Tonlarca Nitelik!,Tonnenweise Werte!,de
Tonnányi statisztika!,Tonnenweise Werte!,de
Tons of Stats!,Tonnenweise Werte!,de
Tony Statystyk!,Tonnenweise Werte!,de
Torba z Przedmiotami,Gegenstand-Wundertüte,de
Torba z Przedmiotami Urfa,Urfs Wundertüte,de
Tormenta de Luden,Ludens Sturm,de
Tot sunt buni la ceva,Zu etwas nütze,de
Touche-à-tout,Misfits,de
Tout doit disparaître,Schlag zu,de
Toàn Thắng,Siegeszug,de
Toán Cướp,Marodeur,de
Trabajo en Equipo,Teambildung,de
Trabalho em Equipe,Teambildung,de
Trade Sector,Handelssektor,de
Training Dummy,Übungspuppe,de
Trang Bị Pandora,Pandoras Gegenstände,de
Transfer de încărcare,Ladungstransfer,de
Transferencia de Carga,Ladungstransfer,de
Transferencia de carga,Ladungstransfer,de
Transfert,Ladungstransfer,de
Transferência de Carga,Ladungstransfer,de
Transformação em Boneco,Puppifizierung,de
Trasferimento carica,Ladungstransfer,de
Treasure Hunt,Schatzjagd,de
Treinamento de Guarda-costas,Leibwache-Training,de
Tremblelames,Flimmerklingen,de
Trench-coat suspect,Verdächtiger Trenchcoat,de
Trenci suspect,Verdächtiger Trenchcoat,de
Trening Ochroniarza,Leibwache-Training,de
Trepador Social,Aufwärtsmobilität,de
Trezirea sufletului,Seelenerwachen,de
Tributo cognitivo,Kognitive Steuer,de
Trifecta,Dreifaltigkeit,de
Trinca,Dreifaltigkeit,de
Triomphe,Preiskämpfer,de
Triplete,Dreifaltigkeit,de
Tripletta,Dreifaltigkeit,de
Triplu avantaj,Dreifaltigkeit,de
Triệu Gọi Hỗn Mang,Ruf des Chaos,de
Triệu Hồi Bất Tận,Fortwährende Beschwörung,de
Troca Sem Fim,Aktualisierungstaumel,de
Trojice,Dreifaltigkeit,de
Trova il tuo centro,Finde deine Mitte,de
Trpělivost je ctnost,Geduld ist eine Tugend,de
Trpělivé studium,Patientenstudie,de
Truffatore,Gauner,de
Trung Tâm Thương Mại,Kommerzkern,de
Tryb Pretendenta,Herausforderer-Modus,de
Tryb Przekaźnika,Kanalisierermodus,de
Tryb Replikatora,Replikator-Modus,de
Trzask-Prask,Schlag zu,de
Trzymać Szyk,Nicht nachlassen,de
Trái Tim Kiên Định,Unerschütterliches Herz,de
Trái Tim Sắt Đá,Herz aus Stahl,de
Tréninkové rukavice,Kampfhandschuhe,de
Trésors enfouis,Vergrabene Schätze,de
Trên Đà Phát Triển,Das geht ab,de
Trí Tuệ Siêu Công Nghệ,Kybernetische Verbindung,de
Trượng Hư Vô,Leerenstab,de
Trượng Đại Thiên Sứ,Flügelstab,de
Trực Giác Của Evelynn,Evelynns Instinkt,de
Tueur de géants,Riesenschlächter,de
Tueur impitoyable,Willkürlicher Killer,de
Tueur à gages,Auftragsmörder,de
Tun-mitralieră,Schnellfeuer-Geschütz,de
Turnul,Der Turm,de
Tuyển Nhân Sự,Neuer Rekrut,de
Twin Guardian,Zwillingswächter,de
Twin Guardians,Zwillingswächter,de
Twisted Fate,Twisted Fate,de
Two Much Value,Zu viel Wert,de
Two Tanky,Zu zäh,de
Tworzenie Drużyny,Teambildung,de
Twórcze Tworzenie,Raffinierte Herstellung,de
Typologie,Bindende Verpflichtung,de
Tài Khoản Tiết Kiệm,Sparkonto,de
Tái Khởi Động Nhiệm Vụ,Wiederaufnahme der Mission,de
Tái Lập Vũ Trụ,Kosmischer Neubeginn,de
Tápláld a tüzet,Schüre das Feuer,de
Tíha koruny,Schwer ist die Krone,de
Tín Đồ Mua Sắm,Einkaufsbummel,de
Tòa Tháp,Der Turm,de
Tôi Luyện Sức Mạnh,Durch Stärke geschmiedet,de
Tôi Thăng Cấp Một Mình,Solo-Leveling,de
Töltésátvitel I.,Ladungstransfer,de
Törj a csillagok felé,Nach dem Himmel greifen,de
Törékeny tüzér I.,Glaskanone,de
Törésteszt bábuk,Crash-Test-Dummies,de
Tú Pégales,Einfach treffen,de
Túi Đồ Cỡ Nhỏ,Kleine Wundertüte,de
Túi Đồ Cỡ Đại,Große Wundertüte,de
Túi Đồ Siêu Hùng,Heldenhafte Wundertüte,de
Túi Đồ Urf,Urfs Wundertüte,de
Túlvilági szablya,Spektrales Entermesser,de
Túlélő,Überlebender,de
Türelem rózsát terem,Geduld ist eine Tugend,de
Türelmes tanuló,Patientenstudie,de
Tăișuri sclipitoare,Flimmerklingen,de
Tăng Trưởng Bùng Nổ,Explosives Wachstum,de
Tırmanışa Devam,Immer höher hinauf,de
Tất Tay Bậc Đồng,"Einmal Bronze, immer Bronze",de
Tập Chịu Đòn,Boxunterricht,de
Tập Trung Hỏa Lực,Fokussiertes Feuer,de
Tối Tân,Fabrikneu,de
Tối Đa Hóa,Min-Max,de
Tộc Thượng Cổ,Primordianer,de
Tụ Bão Zeke,Zekes Herold,de
Tụ Điện,Elektroladung,de
Tứ Phương Tiếp Viện,Vier-Gold-Verstärkung,de
Tự Lập Đội,Baue einen Begleiter,de
U Sầu,Vernichter,de
U. R. F.,U.R.F.,de
U.R.F,U.R.F.,de
URF,U.R.F.,de
Uccisore di giganti,Riesenschlächter,de
Uccisore indiscriminato,Willkürlicher Killer,de
Ucigaș fără discriminare,Willkürlicher Killer,de
Ucigaș plătit,Auftragsmörder,de
Ufak Çekiliş,Kleine Wundertüte,de
Ufukgetiren,Horizontfokus,de
Ulepszona Moc,Augmentierte Macht,de
Ultima șoaptă,Letzter Atemzug,de
Uluların Tılsımı,Amulett des Aufstiegs,de
Ulvi Düellocu,Göttlicher Duellant,de
Ulvi Ocak,Unübertreffliche Schmiede,de
Um Dois Três,"Eins, zwei, drei",de
"Um, Dois, Cinco!","Eins, zwei, fünf!",de
"Un buff, două buff-uri","Ein Buff, zwei Buff",de
"Un buff, due buff","Ein Buff, zwei Buff",de
Un due tre,"Eins, zwei, drei",de
Un mismo ser,Gespiegelte Persona,de
Un mismo ser inferior,Kleine gespiegelte Persona,de
Un tiro magico,Ein magischer Wurf,de
Un'avventura gloriosa,Ein erhabenes Abenteuer,de
"Un, deux, trois","Eins, zwei, drei",de
Una Aventura Eminente,Ein erhabenes Abenteuer,de
"Una Mejora, Dos Mejoras","Ein Buff, zwei Buff",de
Una aventura repleta de exaltación,Ein erhabenes Abenteuer,de
Una lágrima en la arena,Heul doch …,de
"Una mejora, dos mejoras...","Ein Buff, zwei Buff",de
"Unde-s 2 stele, puterea crește",Vier-Gold-Verstärkung,de
Une aventure exaltante,Ein erhabenes Abenteuer,de
Unending Despair,Endlose Verzweiflung,de
Unidos,Geeinter Halt,de
Unire în luptă,Geeinter Halt,de
Uniti nelle difficoltà,Geeinter Halt,de
"Uno, Dos, Tres","Eins, zwei, drei",de
"Uno, dos, tres...","Eins, zwei, drei",de
"Uno, dos, ¡cinco!","Eins, zwei, fünf!",de
"Uno, dos... ¡cinco!","Eins, zwei, fünf!",de
"Uno, due, cinque!","Eins, zwei, fünf!",de
"Unu, doi, cinci!","Eins, zwei, fünf!",de
"Unu, doi, trei","Eins, zwei, drei",de
Upando Solo,Solo-Leveling,de
Upward Mobility,Aufwärtsmobilität,de
Upírská vitalita,Vampir-Vitalität,de
Urf Hamlesi,Urfs Gambit,de
Urf játszmája,Urfs Gambit,de
Urf zsákbamacskája,Urfs Wundertüte,de
Urf's Gambit,Urfs Gambit,de
Urf's Grab Bag,Urfs Wundertüte,de
Urf'ün Çekilişi,Urfs Wundertüte,de
Urfova dárková taška,Urfs Wundertüte,de
Urfův gambit,Urfs Gambit,de
Urgia de pe lume,Fluch des Lichs,de
Urgot,Urgot,de
Utazó,Wanderer,de
Utazó embléma,Wanderer-Emblem,de
Utolsó esély,Ende der Weisheit,de
Utolsó lehelet,Letzter Atemzug,de
Uyumsuzlar,Misfits,de
Uzayın Ritmi,Weltraum-Groove,de
Uzayın Ritmi Amblemi,Weltraum-Groove-Emblem,de
Vale a Espera,Das Warten wert,de
Vale la Pena la Espera,Das Warten wert,de
Valeva la pena aspettare,Das Warten wert,de
Valor del Titán,Entschlossenheit des Titanen,de
Valor em Excesso,Zu viel Wert,de
Vampiric Vitality,Vampir-Vitalität,de
Vampirî Zindelik,Vampir-Vitalität,de
Vanguard,Frontkämpfer,de
Vanguard Emblem,Frontkämpfer-Emblem,de
Vanguarda,Frontkämpfer,de
Vanguardia,Frontkämpfer,de
Vara Innecesariamente Grande,Übergroßer Stab,de
Vara innecesariamente grande,Übergroßer Stab,de
Varus megszállottsága,Varus Besessenheit,de
Varus áldása,Varus' Segen,de
Varus's Boon,Varus' Segen,de
Varus's Obsession,Varus Besessenheit,de
Varus'un Lütfu,Varus' Segen,de
Varus'un Saplantısı,Varus Besessenheit,de
Varusova posedlost,Varus Besessenheit,de
Varusův dar,Varus' Segen,de
Varázsdobás,Ein magischer Wurf,de
Varázsszőttes,Verwobene Magie,de
Vaseszközök,Eiserne Güter,de
Vaurien de la lumière,Strahlender Halunke,de
Vay Tạm Ứng,Erweiterter Kredit,de
Vedlejší účinky,Nebenwirkungen,de
Veigar,Veigar,de
Velikost a síla,Groß und mächtig,de
Velitel,Kommandant,de
Velitelka Animy,Anima-Kommandant,de
Velkolepé dobrodružství,Ein erhabenes Abenteuer,de
Velká dárková taška,Große Wundertüte,de
Velký třesk,Der Urknall,de
Velo costante,Abendschleier,de
Velo de sosiego,Tuch der Stille,de
Velocidad Termeepnal,Ter-Meep-nale Geschwindigkeit,de
Velocidad temperameeptal,Ter-Meep-nale Geschwindigkeit,de
Velocidade Termipenal,Ter-Meep-nale Geschwindigkeit,de
Velocità termipponale,Ter-Meep-nale Geschwindigkeit,de
Venganza,Vergeltung,de
Ventos Revigorantes,Aufschwung,de
Verdugo Indiscriminado,Willkürlicher Killer,de
Verdugo de Gigantes,Riesenschlächter,de
Verdugo de gigantes,Riesenschlächter,de
Vertu du martyr,Tugend des Märtyrers,de
Vesmírný rytmus,Weltraum-Groove,de
Vesta Espinosa,Dornenweste,de
Veste della stabilità,Tuch der Stille,de
Vestă de mărăcini,Dornenweste,de
Vestă de zale,Kettenweste,de
Vex,Vex,de
Večerháv,Abendschleier,de
Viaggiatore,Wanderer,de
Viajante,Wanderer,de
Viajero,Wanderer,de
Victorie neașteptată,Siegeszug,de
Vida Cotidiana,Ein Teil des Lebens,de
Viděti dvojmo,Zu viel Wert,de
Vigarista,Gauner,de
Viktor,Viktor,de
Viktor'un Sihri,Arcane-Viktor-y,de
Viktor-ia de Arcane,Arcane-Viktor-y,de
Viktor-ia di Arcane,Arcane-Viktor-y,de
Viktor-ie ocultă,Arcane-Viktor-y,de
Viktoria Arcana,Arcane-Viktor-y,de
Viktorův triumf,Arcane-Viktor-y,de
Viktória Arcana,Arcane-Viktor-y,de
Villanópengék,Flimmerklingen,de
Villámakció,Schlussverkauf,de
Vingadora Exocósmica,Panzerwalküre,de
Virtud del Mártir,Tugend des Märtyrers,de
Virtud del mártir,Tugend des Märtyrers,de
Virtude do Mártir,Tugend des Märtyrers,de
Virtue of the Martyr,Tugend des Märtyrers,de
Virtutea martirului,Tugend des Märtyrers,de
Virtù del martire,Tugend des Märtyrers,de
Visage spirituel,Geistessicht,de
Visionnaire,Sterndeuter,de
Visszatérés-történet,Gelungenes Comeback,de
Vitalidad Vampírica,Vampir-Vitalität,de
Vitalidad vampírica,Vampir-Vitalität,de
Vitalidade Vampírica,Vampir-Vitalität,de
Vitalitate vampirică,Vampir-Vitalität,de
Vitalità vampirica,Vampir-Vitalität,de
Vitalité vampirique,Vampir-Vitalität,de
Viteză termipnală,Ter-Meep-nale Geschwindigkeit,de
Viễn Chinh,Wanderer,de
Void Gauntlet,Leerenhandschuh,de
Void Staff,Leerenstab,de
Voința buzduganului,Der Wille des Hammers,de
Voința titanului,Entschlossenheit des Titanen,de
Vojevůdcova čest,Ehre des Kriegsfürsten,de
Volonté de la massue,Der Wille des Hammers,de
Voluntad de la maza,Der Wille des Hammers,de
Voluntad del Mazo,Der Wille des Hammers,de
Volver al Ruedo,Gelungenes Comeback,de
Voto del Protettore,Schwur des Beschützers,de
Voto del cavaliere,Ritterschwur,de
Vous vous sentez en veine ?,Wie ist es um dein Glück bestellt?,de
Voyager,Wanderer,de
Voyager Emblem,Wanderer-Emblem,de
Voyageur,Wanderer,de
Vražední čtveráci,Mögen die Vier mit dir sein,de
Vražednější klobouky,Tödlichere Hauben,de
Vražednější čepele,Tödlichere Klingen,de
Vrcholná sestava,Maximale Ausrüstung,de
Vuốt Rồng,Drachenklaue,de
Vyber vlastnost,Attribut wählen,de
Vybíravé výběry,Aktualisierungstaumel,de
Vyhlazovač,Vernichter,de
Vyhnanci,Verbannte,de
Vyplatí se čekat,Das Warten wert,de
Vyrob si kamaráda,Schmiede einen Freund,de
Vysoké napětí,Hochspannung,de
Vytrvalý vzestup,Aufwärtsmobilität,de
Vyzyvatel,Herausforderer,de
Vzestup,Aufstieg,de
Vágj utat,Bahne dir den Weg,de
Válassz adottságot,Attribut wählen,de
Válečná stezka,Kriegspfad,de
Válogatás nélkül,Willkürlicher Killer,de
Vámpírerő I.,Vampir-Vitalität,de
Ván Cược Hoàng Kim,Goldenes Glücksspiel,de
Ván Cược URF,Urfs Gambit,de
Vánek,Zephir,de
Várható váratlanság,Erwartetes Unerwartetes,de
Vânătoare de comori,Schatzjagd,de
Vânător galactic,Galaktischer Jäger,de
Vânătorul de uriași,Riesenschlächter,de
Vé Kim Cương,Prismatisches Ticket,de
Végjátékbeli erőnövelés,Skalierung im späten Spiel,de
Végtelen kétségbeesés,Endlose Verzweiflung,de
Végtelen védelem,Schutz der Unendlichkeit,de
Végzethozó,Vernichter,de
Vérszomjas,Blutdürster,de
Véráldozat,Blutopfer,de
Véráldozat,Blutzoll,de
Vírusmátrix,Malware-Matrix,de
Vô Cực Kiếm,Klinge der Unendlichkeit,de
Vô Pháp,Schurke,de
Võ Sĩ Giác Đấu,Preiskämpfer,de
Vörös erősítés,Roter Buff,de
Výbušný růst,Explosives Wachstum,de
Výcvik tělesného strážce,Leibwache-Training,de
Výrobce holí,Stabschmied,de
Výrobce mečů,Schwertschmied,de
Výzva chaosu,Ruf des Chaos,de
Văl uniform,Abendschleier,de
Vălul nemișcării,Tuch der Stille,de
Věčná dohoda,Ewiger Pakt,de
Věštec,Orakel,de
Věž,Der Turm,de
Vœu du chevalier,Ritterschwur,de
Vœu du protecteur,Schwur des Beschützers,de
Vůle palcátu,Der Wille des Hammers,de
Vươn Tới Tinh Tú,Nach dem Himmel greifen,de
Vương Miện Chiến Thuật,Krone des Taktikers,de
Vương Miện Hoàng Gia,Kronwacht,de
Vương Miện Hắc Hóa,Verfluchte Krone,de
Vương Miện Nặng Trĩu,Schwer ist die Krone,de
W Czepku Urodzony,Silberlöffel,de
W Czwórce Siła,Vier-Gold-Verstärkung,de
Wampiryczna Żywotność,Vampir-Vitalität,de
Wand Overflow,Stabüberfluss,de
Warlord's Honor,Ehre des Kriegsfürsten,de
Warmog vértje,Warmogs Rüstung,de
Warmog's Armor,Warmogs Rüstung,de
Warmog'un Zırhı,Warmogs Rüstung,de
Warmogova zbroj,Warmogs Rüstung,de
Warpath,Kriegspfad,de
Warto Poczekać,Das Warten wert,de
Wartość Dodana,Zu viel Wert,de
Wczesna Nauka,Frühe Erkenntnisse,de
We Stick Together,Wir halten zusammen,de
Wezwanie Chaosu,Ruf des Chaos,de
Widmowy Rapier,Spektrales Entermesser,de
Wieczny Brąz,"Einmal Bronze, immer Bronze",de
Wieczny Pakt,Ewiger Pakt,de
Wielka Wygrana,Siegeszug,de
Wielki Wybuch,Der Urknall,de
Wielkie Poświęcenie,Bindende Verpflichtung,de
Wielkość i Potęga,Groß und mächtig,de
Wieża,Der Turm,de
Win Out,Siegeszug,de
Wise Spending,Weise Ausgaben,de
Wit's End,Ende der Weisheit,de
Withered Relic,Verwittertes Relikt,de
Wkalkulowana Strata,Berechneter Verlust,de
Wojenna Ścieżka,Kriegspfad,de
Wola Buławy,Der Wille des Hammers,de
Worth the Wait,Das Warten wert,de
Woven Magic,Verwobene Magie,de
Wskrzeszenie,Segen der Wiederbelebung,de
Wsparcie,Geeinter Halt,de
Wspinaczka po Drabince,Immer höher hinauf,de
Wspólne Siły,Zusammenarbeit,de
Wybierz cechę,Attribut wählen,de
Wygięty Łuk,Rekursivbogen,de
Wygnańcy,Verbannte,de
Wykuj Znajomego,Schmiede einen Freund,de
Wykuklenie,Puppifizierung,de
Wykuto w Sile,Durch Stärke geschmiedet,de
Wyniesienie,Aufstieg,de
Wyprzedaż na Ostro,Schlussverkauf,de
Wyrocznia,Orakel,de
Wysokie Napięcie,Hochspannung,de
Wytnij sobie drogę,Bahne dir den Weg,de
Wywyższenie Kayle,Kayles Hochgefühl,de
Wzmacniający Medalion,Verstärkendes Amulett,de
Wzmocnienie Raz i Dwa,"Ein Buff, zwei Buff",de
Wędrujący Krab,Kluftkrabbler,de
Włócznia Shojin,Speer von Shojin,de
Xayah,Xayah,de
Xoay Bài Tự Động,Rekombinator,de
Xây Dựng Đội Hình,Teambildung,de
Xúc Xắc Hoành Tráng,Epische Ladung,de
Xúc Xắc Ma Pháp,Ein magischer Wurf,de
Xúc Xắc Vô Tận,Aktualisierungstaumel,de
Xạ Thần,Panzerwalküre,de
Yaldızlı Çelik,Vergoldeter Stahl,de
Yalnız Zırh,Solo-Steinpanzer,de
Yampiri Yengeç,Kluftkrabbler,de
Yan Etkiler,Nebenwirkungen,de
Yarı İletken,Halbleiter,de
Yasak İdol,Verbotener Götze,de
Yasuo Figyelemmegosztása,Yasuos „Teile das Rampenlicht“,de
Yasuo aranymezője,Yasuos Goldfeld,de
Yasuo kardforgatása,Yasuos Klingentanz,de
Yasuo áldása,Yasuos Segen,de
Yasuo'nun Altın Hücresi,Yasuos Goldfeld,de
Yasuo'nun Kılıç Sanatı,Yasuos Klingentanz,de
Yasuo'nun Lütfu,Yasuos Segen,de
Yasuo'nun İlgi Budalası Eklentisi,Yasuos „Teile das Rampenlicht“,de
Yasuo's Bladework,Yasuos Klingentanz,de
Yasuo's Boon,Yasuos Segen,de
Yasuo's Golden Hex,Yasuos Goldfeld,de
Yasuo's Share The Spotlight,Yasuos „Teile das Rampenlicht“,de
Yasuo: Împarte centrul atenției,Yasuos „Teile das Rampenlicht“,de
Yasuovo mistrovství meče,Yasuos Klingentanz,de
Yasuovo zlaté pole,Yasuos Goldfeld,de
Yasuův dar,Yasuos Segen,de
Yasuův Široký paprsek,Yasuos „Teile das Rampenlicht“,de
Yatırımın Getirisi,Investiert,de
Yayılan Kökler,Wachsende Wurzeln,de
Yayım Yayındır,Du hast meinen Bogen,de
Yağmacı,Marodeur,de
Yağmacı Amblemi,Marodeur-Emblem,de
Yaşayan Ocak,Lebende Schmiede,de
Yedek Yaylar,Notfallbögen,de
Yelmo Adaptable,Adaptiver Helm,de
Yelmo adaptable,Adaptiver Helm,de
Yelmo sombrío,Marodeur,de
Yeni Çağ,Epoche,de
Yenilemeye Devam,Das geht ab,de
Yenilmez,Der Unbeugsame,de
Yok Edici,Vernichter,de
Yolumdan Dönmem,"KEIN UMSEHEN, KEIN WECHSELN",de
You Have My Bow,Du hast meinen Bogen,de
Yozlaşmış Vampirî Asa,Verdorbenes vampirisches Zepter,de
Yük Aktarımı,Ladungstransfer,de
Yüklü Borç,Erweiterter Kredit,de
Yüksek Voltaj,Hochspannung,de
Yükseliş,Aufstieg,de
Yıldız Gözlemcisi,Sterndeuter,de
Yıldız Gözlemcisi Amblemi,Sterndeuter-Emblem,de
Yıldız Kombosu,Sternen-Kombo,de
Yıldızlara Uzan,Nach dem Himmel greifen,de
Yıpranmış Antika,Verwittertes Relikt,de
Za jakou cenu,Zu welchem Preis,de
Zaangażowanie,Investiert,de
Zaawansowana Pożyczka,Erweiterter Kredit,de
Zabiják obrů,Riesenschlächter,de
Zabójca do Wynajęcia,Auftragsmörder,de
Zabójczy Kapelusz Rabadona,Rabadons Todeshaube,de
Zagracony Umysł,Chaotischer Geist,de
Zagłada,Vernichter,de
Zakopane Skarby,Vergrabene Schätze,de
Zakopané poklady,Vergrabene Schätze,de
Zamankıran,Zeitbrecher,de
Zamankıran Amblemi,Zeitbrecher-Emblem,de
Zamiř ke hvězdám,Nach dem Himmel greifen,de
Zaměřovací optika,Zielerfassungslinse,de
Zaneprázdněná mysl,Chaotischer Geist,de
Zapora Przedniej Formacji,Frontlinien-Fundament,de
Zapovězená modla,Verbotener Götze,de
Zaprzepaszczona Znajomość,Verfehlte Verbindung,de
Zapuszczanie Korzeni,Wachsende Wurzeln,de
Zararına Satış,Schlussverkauf,de
Zasłona Równości,Abendschleier,de
Zbiry,Schurke,de
Zbytečně dlouhá hůl,Übergroßer Stab,de
Zdobená pěstnice,Juwelenbesetzter Handschuh,de
Zdobený květ,Juwelenbesetzter Lotus,de
Zdrang!,Bonk!,de
Zed,Zed,de
Zed,Eindringling Zed,de
Zed Invasor,Eindringling Zed,de
Zed Invasore,Eindringling Zed,de
Zed Kẻ Xâm Lăng,Eindringling Zed,de
Zefir,Zephir,de
Zefiro,Zephir,de
Zefír,Zephir,de
Zeița armelor,Panzerwalküre,de
Zeke hírnöke,Zekes Herold,de
Zeke komor hírnöke,Zekes düsterer Herold,de
Zeke'nin Kasvetli Sancağı,Zekes düsterer Herold,de
Zeke'nin Sancağı,Zekes Herold,de
Zeke's Bleak Herald,Zekes düsterer Herold,de
Zeke's Herald,Zekes Herold,de
Zekeův pochmurný posel,Zekes düsterer Herold,de
Zekeův posel,Zekes Herold,de
Zephyr,Zephir,de
Zesílení do závěru hry,Skalierung im späten Spiel,de
Zhouba lichů,Fluch des Lichs,de
Zihin Açıklığı,Klarer Geist,de
Zihin Bulanıklığı,Chaotischer Geist,de
Zihinsel Hazırlık,Aura-farmen,de
Zincir Yelek,Kettenweste,de
Zindelik Broşu,Verstärkendes Amulett,de
Zjazd Urodzinowy,Geburtstags-Wiedervereinigung,de
Zkázonoš,Vernichter,de
Zlaté vejce,Das goldene Ei,de
Zlatý drak,Der goldene Drache,de
Zlatý hod,Goldenes Glücksspiel,de
Zlatý monzun,Geldmonsun,de
Zlodějské rukavice,Handschuhe des Diebs,de
Zlodějíček,Stibitzen,de
Zmora Licza,Fluch des Lichs,de
Zoe,Zoe,de
Zoé,Zoe,de
Zrcadlová osobnost,Gespiegelte Persona,de
Zručná výroba,Raffinierte Herstellung,de
Zrádné upírské žezlo,Verdorbenes vampirisches Zepter,de
Zsivány,Schurke,de
Zsivány embléma,Schurken-Emblem,de
Zsúfolt elme,Chaotischer Geist,de
Ztracené konexe,Verfehlte Verbindung,de
Zumito de la risa,Cappa-Trank,de
Zwycięstwo Viktora z Arcane,Arcane-Viktor-y,de
Zz'Rot Kapısı,Zz'Rot-Portal,de
Zz'Rot Portal,Zz'Rot-Portal,de
Zz'Rot-kapu,Zz'Rot-Portal,de
Zákeřná monetizace,Boshafte Monetarisierung,de
Základ přední řady,Frontlinien-Fundament,de
Záložní luky,Notfallbögen,de
Záporozó könnyek,Fließende Tränen,de
Závěrečný spurt,Siegeszug,de
Zářivý rošťák,Strahlender Halunke,de
Zéfiro,Zephir,de
Zéphyr,Zephir,de
Ząb Nashora,Nashors Zahn,de
Złote Jajo,Das goldene Ei,de
Złote Pole Yasuo,Yasuos Goldfeld,de
Złote Ryzyko,Goldenes Glücksspiel,de
Złoty Smok,Der goldene Drache,de
Złowroga Monetyzacja,Boshafte Monetarisierung,de
¡Bonk!,Bonk!,de
¡Estadísticas a tutiplén!,Tonnenweise Werte!,de
¡Milestadísticas!,Tonnenweise Werte!,de
¡Pum!,Bonk!,de
¡Sube de nivel!,Neue Stufe!,de
¡Subes de nivel!,Neue Stufe!,de
¿A qué precio?,Zu welchem Preis,de
¿Hacemos un Muñeco?,Puppifizierung,de
¿Te Sientes con Suerte?,Wie ist es um dein Glück bestellt?,de
À toute meepesse,Ter-Meep-nale Geschwindigkeit,de
Ábrete Camino,Bahne dir den Weg,de
Ác Nữ,Dunkle Dame,de
Állhatatos szív,Unerschütterliches Herz,de
Ám Ảnh Của Varus,Varus Besessenheit,de
Ánima,Anima,de
Áo Choàng Bóng Tối,Saum der Nacht,de
Áo Choàng Bạc,Negatron-Mantel,de
Áo Choàng Chiến Thuật,Umhang des Taktikers,de
Áo Choàng Diệt Vong,Endlose Verzweiflung,de
Áo Choàng Gai,Dornenweste,de
Áo Choàng Lửa,Sonnenfeuer-Umhang,de
Áo Choàng Mờ Ám,Verdächtiger Trenchcoat,de
Áo Choàng Thủy Ngân,Quecksilber,de
Áo Choàng Tĩnh Lặng,Tuch der Stille,de
Árbitro,Gebieter,de
Árnybáb,Schattenpuppe,de
Árvore de Características,Der Attributsbaum,de
Ân Huệ Của Ahri,Ahris Segen,de
Ân Huệ Của Aurelion Sol,Aurelion Sols Segen,de
Ân Huệ Của Ekko,Ekkos Segen,de
Ân Huệ Của Evelynn,Evelynns Segen,de
Ân Huệ Của Kayle,Kayles Segen,de
Ân Huệ Của Soraka,Sorakas Segen,de
Ân Huệ Của Thresh,Threshs Segen,de
Ân Huệ Của Varus,Varus' Segen,de
Ân Huệ Của Yasuo,Yasuos Segen,de
Ân Huệ Tái Sinh,Segen der Wiederbelebung,de
Çelik İntikam,Panzerwalküre,de
Çelikten Yürek,Herz aus Stahl,de
Çifte Ödül,Duo-Warteschlange,de
Échos réparateurs,Heilende Echos,de
Édes falatok,Süße Leckereien,de
Égida del Amanecer,Ägide der Morgendämmerung,de
Égida del Ocaso,Ägide der Abenddämmerung,de
Égida del amanecer,Ägide der Morgendämmerung,de
Égida del anochecer,Ägide der Abenddämmerung,de
Égide da Alvorada,Ägide der Morgendämmerung,de
Égide de l'aube,Ägide der Morgendämmerung,de
Égide do Crepúsculo,Ägide der Abenddämmerung,de
Égide du crépuscule,Ägide der Abenddämmerung,de
Électrocharge,Elektroladung,de
Élharcos,Frontkämpfer,de
Élharcos embléma,Frontkämpfer-Emblem,de
Énke,Meeple,de
Énke embléma,Meeple-Emblem,de
Énkesebesség,Ter-Meep-nale Geschwindigkeit,de
Énkike,Meepsie,de
Época,Epoche,de
Építhető kísérő,Baue einen Begleiter,de
Éradicateur,Vernichter,de
Étincelle ionique,Ionischer Funke,de
Éveil de l'âme,Seelenerwachen,de
Éxito Crítico,Kritischer Erfolg,de
Éxito crítico,Kritischer Erfolg,de
Ídolo Prohibido,Verbotener Götze,de
Ídolo Proibido,Verbotener Götze,de
Ídolo prohibido,Verbotener Götze,de
Îmbrâncire,Schlag zu,de
Îmbrățișare de grup,Gruppenumarmung,de
Împrumut avansat,Erweiterter Kredit,de
În echipă,Zusammenarbeit,de
Încărcare electrică,Elektroladung,de
Înfățișarea sufletului,Geistessicht,de
Întețește focul,Schüre das Feuer,de
Învingătorii iau totul,Preiskämpfer,de
Învățături timpurii,Frühe Erkenntnisse,de
Óptica de Fijación de Objetivo,Zielerfassungslinse,de
Óptica de fijado de objetivos,Zielerfassungslinse,de
Óriásölő,Riesenschlächter,de
Ô Hoàng Kim của Yasuo,Yasuos Goldfeld,de
Ôm Tập Thể,Gruppenumarmung,de
Ödüllü Müsabaka,Preiskämpfer,de
Ölüm Kılıcı,Klinge des Todes,de
Ölümcül Bıçaklar,Tödlichere Klingen,de
Öncü,Frontkämpfer,de
Öncü Amblemi,Frontkämpfer-Emblem,de
Örök paktum,Ewiger Pakt,de
Összetartunk,Wir halten zusammen,de
Összetevőrablás,Komponentenraub,de
Össztűz,Fokussiertes Feuer,de
Ösztönző medál,Verstärkendes Amulett,de
Övszállítmány,Gürtel im Überfluss,de
Özel Yapım,Fabrikneu,de
Özellik Ağacı,Der Attributsbaum,de
Özellik Seç,Attribut wählen,de
Özellikler Kitabı,Wälzer der Attribute,de
Újonc,Neuer Rekrut,de
Újraalkotó,Rekombinator,de
Újrahasznosító láda,Recyclingtonne,de
Újrasorsolás napestig,Aktualisierungstaumel,de
Últimas palabras,Letzter Atemzug,de
Último Suspiro,Letzter Atemzug,de
Último Sussurro,Letzter Atemzug,de
Úsměv štěstěny,Wie ist es um dein Glück bestellt?,de
Úsvit nad Stříbromořím,Dämmerung von Silbersee,de
Útočníkův řemdih,Stürmerflegel,de
Úvodní poznatky,Frühe Erkenntnisse,de
Ürességkesztyű,Leerenhandschuh,de
Üçler Ordusu,Die Legion der Drei,de
Üçlük,Dreifaltigkeit,de
Ý Chỉ Xích Chùy,Der Wille des Hammers,de
Ăn Mòn,Korrosion,de
Ăn Trộm,Stibitzen,de
Čekající kovárna,Latente Schmiede,de
Čepel smrti,Klinge des Todes,de
Červený buff,Roter Buff,de
Čistá mysl,Klarer Geist,de
Částečné vyzdvižení,Teilaufstieg,de
Đai Khổng Lồ,Gürtel des Riesen,de
Đam Mê Gậy,Stabüberfluss,de
Đam Mê Kiếm,Schwertüberfluss,de
Đam Mê Đai Lưng,Gürtel im Überfluss,de
Đao Chớp,Flimmerklingen,de
Đao Tím,Ende der Weisheit,de
Đo Ni Đóng Giày,Glückshandschuhe,de
Đá Hắc Hóa,Pestjuwel,de
Đánh Là Trúng,Einfach treffen,de
Đường Ra Trận,Kriegspfad,de
Được Này Mất Kia,Zu etwas nütze,de
Đại Bác Liên Thanh,Schnellfeuer-Geschütz,de
Đấu Sĩ,Raufbold,de
Đầu Tư,Investiert,de
Đẩy Nhanh Tiến Độ,Aufwärtsmobilität,de
Đặc Quyền Phú Gia,Silberlöffel,de
Định Mệnh,Schicksalsweber,de
Đồng Minh Của Bụt,Verbündeter des Beschützers,de
Độc Hành,Verbannte,de
Đội Hình Tối Ưu,Maximale Ausrüstung,de
Động Cơ Tăng Tốc,Uhrwerk-Beschleuniger,de
İdman Eldiveni,Kampfhandschuhe,de
İhtiyaç Paketi,Hilfspaket,de
İki Elin Sesi Var,Zu viel Wert,de
İki Kat Güçlendirme,"Ein Buff, zwei Buff",de
İkinci Şans,Aufschwung,de
İkiz Muhafızlar,Zwillingswächter,de
İleri Görüşlülük,Vorausdenken,de
İleri Safha Gücü,Skalierung im späten Spiel,de
İleri Safhalarda Görüşürüz,Endgame-Experte,de
İlk Öğretiler,Frühe Erkenntnisse,de
İstilacı Zed,Eindringling Zed,de
İyon Kıvılcımı,Ionischer Funke,de
Ładunek Elektryczny,Elektroladung,de
Łamacze Czasu,Zeitbrecher,de
Ławka Pandory,Pandoras Bank,de
Łubudu!,Bonk!,de
Łuki Zapasowe,Notfallbögen,de
Łut Szczęścia,Wie ist es um dein Glück bestellt?,de
Łza Bogini,Träne der Göttin,de
Łącze Cybernetyczne,Kybernetische Verbindung,de
Łącze Drona,Drohnenverbindung,de
Œuf d'or,Das goldene Ei,de
Říční krab,Kluftkrabbler,de
Ślubowanie Protektora,Schwur des Beschützers,de
Świetliste Wywyższenie Kayle,Kayles strahlendes Hochgefühl,de
Świetlisty Szelma,Strahlender Halunke,de
Świeży Wyrób,Fabrikneu,de
Świt Srebrzystej,Dämmerung von Silbersee,de
Şafak Kalkanı,Ägide der Morgendämmerung,de
Şafağın Özü,Dämmerkern,de
Şans Benimle,Wie ist es um dein Glück bestellt?,de
Şanslı Eldiven,Glückshandschuhe,de
Şanslı Hissediyorum,Ruf des Chaos,de
Şapkat Nektarı,Cappa-Trank,de
Şifalı Küreler,Heilende Kugeln,de
Şifalı Yankılar,Heilende Echos,de
Şok Dayanıklı,Zu zäh,de
Şövalyenin Adağı,Ritterschwur,de
Šplhání žebříčkem,Immer höher hinauf,de
Štít soumraku,Ägide der Abenddämmerung,de
Štít úsvitu,Ägide der Morgendämmerung,de
Šťáva Cappa,Cappa-Trank,de
Űrzúzda,Weltraum-Groove,de
Űrzúzda embléma,Weltraum-Groove-Emblem,de
Żelazne Zasoby,Eiserne Güter,de
Żywa Kuźnia,Lebende Schmiede,de
Żywe Srebro,Quecksilber,de
Železné vybavení,Eiserne Güter,de
Živoucí kovárna,Lebende Schmiede,de
Žoldnéř,Marodeur,de
Žďuch!,Bonk!,de
Țesător al destinului,Schicksalsweber,de
Țintește spre stele,Nach dem Himmel greifen,de
Άατροξ,Aatrox,de
Άνιμα,Anima,de
Άξιζε η Αναμονή,Das Warten wert,de
Έζρεαλ,Ezreal,de
Έμβλημα N.O.V.A.,N.O.V.A.-Emblem,de
Έμβλημα Άνιμα,Anima-Emblem,de
Έμβλημα Αστρομάντη,Sterndeuter-Emblem,de
Έμβλημα Βοσκού,Hirte-Emblem,de
Έμβλημα Διεκδικητή,Herausforderer-Emblem,de
Έμβλημα Ελεύθερου Σκοπευτή,Scharfschütze-Emblem,de
Έμβλημα Εμπροσθοφυλακής,Frontkämpfer-Emblem,de
Έμβλημα Καβγατζή,Raufbold-Emblem,de
Έμβλημα Κριτή,Gebieter-Emblem,de
Έμβλημα Μιπ,Meeple-Emblem,de
Έμβλημα Πριμόρντιαν,Primordianer-Emblem,de
Έμβλημα Σελασπίδας,Lichtschild-Wappen,de
Έμβλημα Σκοτεινού Ιππότη,Marodeur-Emblem,de
Έμβλημα Ταξιδευτή,Wanderer-Emblem,de
Έμβλημα Χρονοθραύστη,Zeitbrecher-Emblem,de
Έμβλημα του Αλήτη,Schurken-Emblem,de
Έμβλημα του Διαστημικού Ρυθμού,Weltraum-Groove-Emblem,de
Έμβλημα του Προτειχίσματος,Bastion-Emblem,de
Έμβλημα του Σκοτεινού Άστρου,Sternenvernichter-Emblem,de
Έμβλημα των Σιδηρών Σολάρι,Amulett der eisernen Solari,de
Ένα Κομμάτι Ζωή,Ein Teil des Lebens,de
"Ένα, Δύο, Πέντε!","Eins, zwei, fünf!",de
"Ένα, Δύο, Τρία","Eins, zwei, drei",de
Όλεθρος των Απέθαντων,Fluch des Lichs,de
Όρκος του Ιππότη,Ritterschwur,de
Όρκος του Υπερασπιστή,Schwur des Beschützers,de
Όψη Πνευμάτων,Geistessicht,de
Ύποπτη Καπαρντίνα,Verdächtiger Trenchcoat,de
Αγωγός,Kanalisierer,de
Αδάμαστος,Der Unbeugsame,de
Αιγίδα της Αυγής,Ägide der Morgendämmerung,de
Αιγίδα του Δειλινού,Ägide der Abenddämmerung,de
Αιμοδιψής,Blutdürster,de
Αιχμή του Απείρου,Klinge der Unendlichkeit,de
Αιώνας,Epoche,de
Αιώνια Διαθήκη,Ewiger Pakt,de
Ακάλι,Akali,de
Ακλόνητη Καρδιά,Unerschütterliches Herz,de
Αλήτης,Schurke,de
Αμοιβαίο Κεφάλαιο,Risikofonds,de
Ανέλιξη,Aufwärtsmobilität,de
Αναλογική αύξηση προς το τέλος του παιχνιδιού,Skalierung im späten Spiel,de
Αναμονή του Απροσδόκητου,Erwartetes Unerwartetes,de
Ανασυνδυαστής,Rekombinator,de
Ανεβαίνοντας στην Κατάταξη,Immer höher hinauf,de
Ανταπόδοση,Vergeltung,de
Αντιγραφέας,Replikator,de
Αντικείμενα Πανδώρας,Pandoras Gegenstände,de
Απέραντη Απόγνωση,Endlose Verzweiflung,de
Απαγορευμένο Είδωλο,Verbotener Götze,de
Απατεώνας,Gauner,de
Απλωμένες Ρίζες,Wachsende Wurzeln,de
Αποθεωτικό Σιδηρουργείο,Unübertreffliche Schmiede,de
Αποκλειστική Προσαρμογή,Exklusive Feinabstimmung,de
Απομίμηση,Klonprogramm,de
Αποφασιστικότητα του Τιτάνα,Entschlossenheit des Titanen,de
Αρετή του Μάρτυρα,Tugend des Märtyrers,de
Ασημένιο Κουτάλι,Silberlöffel,de
Ασπίδα για Έναν,Solo-Steinpanzer,de
Ασπίδα του Συμβούλου,Schild des Taktikers,de
Αστρικός Συνδυασμός,Sternen-Kombo,de
Αστρομάντης,Sterndeuter,de
Ατσάλινοι Πόροι,Eiserne Güter,de
Αυγή στο Σίλβερμιρ,Dämmerung von Silbersee,de
Αυτοσχέδια Πανοπλία,Improvisierte Rüstung,de
Αφύπνιση Ψυχής,Seelenerwachen,de
Βάρα και Σκάσε,Einfach treffen,de
Βάρδος,Bard,de
Βέιγκαρ,Veigar,de
Βίκτορ,Viktor,de
Βίκτορ της Απόκρυφης Γνώσης,Arcane-Viktor-y,de
Βαρύ Τίμημα,Zu welchem Preis,de
Βελτιστοποίηση,Min-Max,de
Βεξ,Vex,de
Βιονικά Εμφυτεύματα,Kybernetische Implantate,de
Βιονική Ζεύξη,Kybernetische Verbindung,de
Βοσκός,Hirte,de
Βρες Το Κέντρο Σου,Finde deine Mitte,de
Γ.Μ.Τ. Σπαθί,Riesenschwert,de
Γάντι του Κενού,Leerenhandschuh,de
Γάντια Μονομαχίας,Kampfhandschuhe,de
Γάντια του Κλέφτη,Handschuhe des Diebs,de
Γάντια του Φούρναρη,Fäustlinge,de
Γαλαξιακός Κυνηγός,Galaktischer Jäger,de
Γαριδρομέας,Kluftkrabbler,de
Γιαταγάνι Φαντασμάτων,Spektrales Entermesser,de
Γκναρ,Gnar,de
Γκουέν,Gwen,de
Γκράγκας,Gragas,de
Γκρέιβς,Graves,de
Γκόλεμ,Golem,de
Γνωσιακή Υπερφόρτιση,Kognitive Überladung,de
Γνωσιακό Κόστος,Kognitive Steuer,de
Γρήγορη Διπλή Εξόντωση,Zügiger Doppelkill,de
Γρήγορη Εκκίνηση,Kickstart,de
Δάκρυ της Θεάς,Träne der Göttin,de
Δάνειο για προχωρημένους,Erweiterter Kredit,de
Δίδυμοι Φύλακες,Zwillingswächter,de
Δεν Υποχωρούμε,Nicht nachlassen,de
Δεσμευτική Στρατηγική,Bindende Verpflichtung,de
Διάβρωση,Korrosion,de
Διάταξη,Aufstellung,de
Διαδρομή Πολέμου,Kriegspfad,de
Διαστημικός Ρυθμός,Weltraum-Groove,de
Διεκδικητής,Herausforderer,de
Διεφθαρμένο Βαμπιρικό Σκήπτρο,Verdorbenes vampirisches Zepter,de
Διοικήτρια Άνιμα,Anima-Kommandant,de
Διοικητής,Kommandant,de
Διπλή Αξία,Zu viel Wert,de
Δοκίμασε Την Τύχη Σου,Wie ist es um dein Glück bestellt?,de
Δόντι του Νάσορ,Nashors Zahn,de
Δόρυ του Σοτζίν,Speer von Shojin,de
Δύο Ντούκια,Zu zäh,de
Δώρο Γενεθλίων,Geburtstagsgeschenk,de
Δώσε,Schlag zu,de
Εδραιωμένη Εμπροσθοφυλακή,Frontlinien-Fundament,de
Εδώ οι Καλές Ενισχύσεις,"Ein Buff, zwei Buff",de
Εδώ το Παραδάκι,Geldgierig,de
Ειδικός Τελικών Σταδίων Παιχνιδιού,Endgame-Experte,de
Εισβολέας Ζεντ,Eindringling Zed,de
Εκπαίδευση Σωματοφύλακα,Leibwache-Training,de
Εκπτώσεις-φωτιά,Schlussverkauf,de
Εκρηκτική Ανάπτυξη,Explosives Wachstum,de
Εκστρατεία,Expedition,de
Ελαφρώς Μαγική Ζαριά,Etwas magische Aktualisierung,de
Ελεύθερος Σκοπευτής,Scharfschütze,de
Εμπορικός Πυρήνας,Kommerzkern,de
Εμπορικός Τομέας,Handelssektor,de
Εμπροσθοφυλακή,Frontkämpfer,de
Ενισχυμένη Ισχύς,Augmentierte Macht,de
Εξολοθρευτής,Vernichter,de
Εξόριστοι,Verbannte,de
Εξύψωση,Aufstieg,de
Επέκταση,Selbstständig machen,de
Επένδυση,Investiert,de
Επίχρυσο Ατσάλι,Vergoldeter Stahl,de
Επαγγελματίας Δολοφόνος,Auftragsmörder,de
Επαγγελματίας Μαχητής,Preiskämpfer,de
Επανεκκίνηση Αποστολής,Wiederaufnahme der Mission,de
Επιζών,Überlebender,de
Επικίνδυνες Κινήσεις,Riskante Aktionen,de
Επικό Μπαρμπούτι,Epische Ladung,de
Επιλέξτε Χαρακτηριστικό,Attribut wählen,de
Επόμενη Πίστα!,Neue Stufe!,de
Εστιασμένο Πυρ,Fokussiertes Feuer,de
Ευελιξία,Flexibel,de
Ευλογία Ανάστασης,Segen der Wiederbelebung,de
Ευλογία του Νταή,Gefälligkeit des Schrotthändlers,de
Ευπροσάρμοστο Κράνος,Adaptiver Helm,de
Εφεδρικά Τόξα,Notfallbögen,de
Ζάια,Xayah,de
Ζέφυρος,Zephir,de
Ζεντ,Zed,de
Ζεύξη με Ντρόουν,Drohnenverbindung,de
Ζοφερός Κήρυκας του Ζέκε,Zekes düsterer Herold,de
Ζωντανή Πυρά,Lebende Schmiede,de
Ζόη,Zoe,de
Ζώνη του Γίγαντα,Gürtel des Riesen,de
Η Έξαρση της Κέιλ,Kayles Hochgefühl,de
Η Ακτινοβόλος Έξαρση της Κέιλ,Kayles strahlendes Hochgefühl,de
Η Αύρα της Άρι,Ahris Aura,de
Η Εμμονή του Βάρους,Varus Besessenheit,de
Η Μεγάλη Έκρηξη,Der Urknall,de
Η Ξιφασκία του Υασούο,Yasuos Klingentanz,de
Η Υπομονή Είναι Αρετή,Geduld ist eine Tugend,de
Η Υπομονή του Έκκο,Ekkos Geduld,de
Η Ψυχή του Πάρτι,Partytiger,de
Η ομάδα πάνω απ' όλα,Zusammenarbeit,de
Ηλεκτροφόρτιση,Elektroladung,de
Ημιαγωγός,Halbleiter,de
Ηρωικός Σάκος Δώρων,Heldenhafte Wundertüte,de
Θέατρο Σκιών,Schattenpuppe,de
Θέληση του Ροπάλου,Der Wille des Hammers,de
Θαμμένοι Θησαυροί,Vergrabene Schätze,de
Θανάσιμα Καπέλα,Tödlichere Hauben,de
Θεά των Όπλων,Panzerwalküre,de
Θεϊκή Ευλογία,Gottgesegnet,de
Θεϊκός Μονομάχος,Göttlicher Duellant,de
Θυσία Αίματος,Blutopfer,de
Θώρακας Κισσού,Dornenweste,de
Ιαματικός Αντίλαλος,Heilende Echos,de
Ιλλαόη,Illaoi,de
Ιστορική Ανατροπή,Gelungenes Comeback,de
Ιόνιος Σπίθα,Ionischer Funke,de
Κάδος με Παλιοσίδερα,Recyclingtonne,de
Κάι'Σα,Kai'Sa,de
Κάλεσμα στο Χάος,Ruf des Chaos,de
Κάπα του Συμβούλου,Umhang des Taktikers,de
Κάρμα,Karma,de
Κάτι Κάνω και Εγώ,Zu etwas nütze,de
Κέιτλιν,Caitlyn,de
Κήρυκας του Ζέκε,Zekes Herold,de
Κίντρεντ,Kindred,de
Καβγατζής,Raufbold,de
Καθαρό Μυαλό,Klarer Geist,de
Κακόβουλα Έσοδα,Boshafte Monetarisierung,de
Καλά Φιλαράκια,Beste Freunde,de
Κανόνι από Γυαλί,Glaskanone,de
Καπέλο του Ράμπαντον,Rabadons Todeshaube,de
Καρδιά από Ατσάλι,Herz aus Stahl,de
Καταιγίδα του Λούντεν,Ludens Sturm,de
Καταναλωτική Μανία,Einkaufsbummel,de
Καταραμένη Λεπίδα,Verfluchte Klinge,de
Καταραμένο Πετράδι,Pestjuwel,de
Καταραμένο Στέμμα,Verfluchte Krone,de
Καταστροφέας,Vernichter,de
Κατοπτρισμένη Προσωπικότητα,Gespiegelte Persona,de
Κατώτερη Κατοπτρισμένη Προσωπικότητα,Kleine gespiegelte Persona,de
Καχουναχούνα,Kahunahuna,de
Κολοσσιαία Ύδρα,Titanische Hydra,de
Κοσμική Επανεκκίνηση,Kosmischer Neubeginn,de
Κουζίνα του Συμβούλου,Taktikerküche,de
Κουκλοποίηση,Puppifizierung,de
Κούκλα Εκπαίδευσης,Übungspuppe,de
Κούκλες Δοκιμής Σύγκρουσης,Crash-Test-Dummies,de
Κρίσιμη Επιτυχία,Kritischer Erfolg,de
Κριτής,Gebieter,de
Κρυφό Εργαστήριο,Latente Schmiede,de
Κυνήγι Θησαυρού,Schatzjagd,de
Κυρτό Τόξο,Rekursivbogen,de
Κόκκινη Ενίσχυση,Roter Buff,de
Κόπανος Εφόδου,Stürmerflegel,de
Κόρκι,Corki,de
Κύπελλο της Δύναμης,Kelch der Macht,de
ΛεΜπλάν,LeBlanc,de
Λεγεώνα των Τριών,Die Legion der Drei,de
Λειτουργία Αγωγού,Kanalisierermodus,de
Λειτουργία Αντιγραφέα,Replikator-Modus,de
Λειτουργία Διεκδικητή,Herausforderer-Modus,de
Λελογισμένη Ήττα,Berechneter Verlust,de
Λεπίδα Θανάτου,Klinge des Todes,de
Λεπίδα της Νύχτας,Saum der Nacht,de
Λεόνα,Leona,de
Ληστεία Συστατικών,Komponentenraub,de
Λισάντρα,Lissandra,de
Λογαριασμός Ταμιευτηρίου,Sparkonto,de
Λούλου,Lulu,de
Λυτρωτής,Erlöser,de
Μάζωξη γενεθλίων,Geburtstags-Wiedervereinigung,de
Μάντης,Orakel,de
Μάστερ Γι,Master Yi,de
Μέγιστο Build,Maximale Ausrüstung,de
Μένουμε Ενωμένοι,Wir halten zusammen,de
Μίλιο,Milio,de
Μίνι Μαύρη Τρύπα,Kleines schwarzes Loch,de
Μαγική Ζαριά,Ein magischer Wurf,de
Μαγικό Υφαντό,Verwobene Magie,de
Μαγοτεχνικό Σπαθοπίστολο,Hextech-Gunblade,de
Μαζί Ενωμένοι,Geeinter Halt,de
Μαζί στο Φως των Προβολέων του Υασούο,Yasuos „Teile das Rampenlicht“,de
Μαθήματα Πυγμαχίας,Boxunterricht,de
Μανδύας Εξουδετέρωσης,Negatron-Mantel,de
Μανδύας του Ήλιου,Sonnenfeuer-Umhang,de
Μαοκάι,Maokai,de
Μεγάλοι Και Τρανοί,Groß und mächtig,de
Μερική Εξύψωση,Teilaufstieg,de
Μεταφορά Φορτίου,Ladungstransfer,de
Μια Ένδοξη Περιπέτεια,Ein erhabenes Abenteuer,de
Μικροί Στο Μάτι,"Winzig, aber tödlich",de
Μικροσκοπικοί Τιτάνες,Winzige Titanen,de
Μικρούληδες Φίλοι,Kleine Freunde,de
Μικρός Σάκος Δώρων,Kleine Wundertüte,de
Μιπ,Meeple,de
Μιπίδιο,Meepsie,de
Μις Φόρτσουν,Miss Fortune,de
Μοργκάνα,Morgana,de
Μορελονομικόν,Morellonomikon,de
Μορντεκάιζερ,Mordekaiser,de
Μπελ'Βεθ,Bel'Veth,de
Μπλίτζκρανκ,Blitzcrank,de
Μπλε Ενίσχυση,Blauer Buff,de
Μπονκ!,Bonk!,de
Μπράιαρ,Briar,de
Νάμι,Nami,de
Νάσους,Nasus,de
Νεοσύλλεκτος,Neuer Rekrut,de
Νούνου και Γουίλαμπ,Nunu & Willump,de
Ντιάνα,Diana,de
Ντόρτια,Vier-Gold-Verstärkung,de
Νύχι του Δράκου,Drachenklaue,de
Νύχια του Λωποδύτη,Klaue des Meuchlers,de
Ο Δολοφόνος που δεν Κάνει Διακρίσεις,Willkürlicher Killer,de
Ο Πάγκος της Πανδώρας,Pandoras Bank,de
Ο Πρωταγωνιστής δεν Πεθαίνει,Knallhart,de
Ο Πύργος,Der Turm,de
Ο Χρυσός Δράκος,Der goldene Drache,de
Ο πιο Μικροσκοπικός Τιτάνας,Winzigster Titan,de
"ΟΧΙ ΠΑΡΑΚΟΛΟΥΘ., ΟΧΙ ΑΛΛΑΓΕΣ","KEIN UMSEHEN, KEIN WECHSELN",de
Οι Απροσάρμοστοι,Misfits,de
"Οικονόμος, όχι Τσιγκούνης",Weise Ausgaben,de
Ολοκαίνουργιο,Fabrikneu,de
Ομαδική Αγκαλιά,Gruppenumarmung,de
Οπτικά Συστήματα Στόχευσης,Zielerfassungslinse,de
Οργή του Κράκεν,Zorn des Kraken,de
Οργανικό Εμφύτευμα,Verständnisvolles Implantat,de
Οργισμένο Σπαθί του Γκουίνσου,Guinsoos Wutklinge,de
Ορν,Ornn,de
Ουρά Αναμονής Για Δύο,Duo-Warteschlange,de
Ούργκοτ,Urgot,de
Πάικ,Pyke,de
Πάνθεον,Pantheon,de
Πέπλο Δειλινού,Abendschleier,de
Πέπλο της Σιωπής,Tuch der Stille,de
Πέτρινη Πανοπλία του Γκαργκόιλ,Steinpanzer des Wasserspeiers,de
Πακέτο Ενίσχυσης,Booster-Packung,de
Πακέτο Φροντίδας,Hilfspaket,de
Πανοπλία του Γόρμογκ,Warmogs Rüstung,de
Παρανοϊκό Ξίφος,Ende der Weisheit,de
Παρασιτική Ζωτικότητα,Vampir-Vitalität,de
Παρενέργειες,Nebenwirkungen,de
Περίσσευμα Ζωνών,Gürtel im Überfluss,de
Περίσσευμα Ραβδιών,Stabüberfluss,de
Περίσσευμα Σπαθιών,Schwertüberfluss,de
Περίτεχνη Δημιουργία,Raffinierte Herstellung,de
Περικάρπιο του Ερευνητή,Armschutz des Suchenden,de
Περιττά Τεράστια Ράβδος,Übergroßer Stab,de
Περπάτα στα Κάρβουνα,Schüre das Feuer,de
Πετραδένιο Γάντι,Juwelenbesetzter Handschuh,de
Πετραδένιος Λωτός,Juwelenbesetzter Lotus,de
Πηγαίνοντας Μακριά,Auf lange Sicht,de
Πιο Θανάσιμες Λεπίδες,Tödlichere Klingen,de
Πλέγμα Κακόβουλου Λογισμικού,Malware-Matrix,de
Πνεύμα Λύτρωσης,Geist der Erlösung,de
Πολλά Στατιστικά!,Tonnenweise Werte!,de
Πολλές Ανανεώσεις,Aktualisierungstaumel,de
Πολυκαιρισμένο Κειμήλιο,Verwittertes Relikt,de
Πολυτελής Συνδρομή,Luxus-Abonnement,de
Πολύπλευρο Κέρδος,Siegeszug,de
Πριμόρντιαν,Primordianer,de
Πρισματικό Εισιτήριο,Prismatisches Ticket,de
Προνοητική Σκέψη,Vorausdenken,de
Προστασία από Άπειρο,Schutz der Unendlichkeit,de
Προτείχισμα,Bastion,de
Προτείχισμα,Bollwerk,de
Πρόκληση του Στέρακ,Steraks Pegel,de
Πρώιμες Διδαχές,Frühe Erkenntnisse,de
Πόπι,Poppy,de
Πύλη Ζζ'Ροτ,Zz'Rot-Portal,de
Ράαστ,Rhaast,de
Ράβδος του Κενού,Leerenstab,de
Ράβδος των Σεραφίμ,Flügelstab,de
Ράμους,Rammus,de
Ρίβεν,Riven,de
Ραβδί Αρχάγγελου,Stab des Erzengels,de
Ρεκ'Σάι,Rek'Sai,de
Σάκος Δώρων,Gegenstand-Wundertüte,de
Σάκος Δώρων του Ουρφ,Urfs Wundertüte,de
Σάκος Μεγάλου Κάβουρα,Große Wundertüte,de
Σαμίρα,Samira,de
Σεν,Shen,de
Σιδερόπλεκτο Γιλέκο,Kettenweste,de
Σκοτεινή Κυρία,Dunkle Dame,de
Σκοτεινό Άστρο,Sternenvernichter,de
Σκοτεινός Ιππότης,Marodeur,de
Σκοτισμένο Μυαλό,Chaotischer Geist,de
Σμιλεμένο με Δύναμη,Durch Stärke geschmiedet,de
Σοκολατάκια,Süße Leckereien,de
Σούφρωμα,Stibitzen,de
Σπάτουλα,Pfannenwender,de
Στέμμα του Συμβούλου,Krone des Taktikers,de
Στεμματοφύλακας,Kronwacht,de
Στιλέτο Στατικού Ηλεκτρισμού,Statikks Stich,de
Στόχος μας τα Άστρα,Nach dem Himmel greifen,de
Συγκέντρωση Δυνάμεων,Aufschwung,de
Συγκέντρωση Ορίζοντα,Horizontfokus,de
Συμμορία,Diebesbande,de
Συμμορία II,Diebesbande II,de
Συνδρομητική Υπηρεσία,Abo-Service,de
Συνεχής Επίκληση,Fortwährende Beschwörung,de
Συντήρηση Βιοΰλης,Biomassebewahrer,de
Σφαίρες Θεραπείας,Heilende Kugeln,de
Σχέδιο Οπισθοφυλακής,Blaupause für die hintere Reihe,de
Σόλο Άνοδος Επιπέδου,Solo-Leveling,de
Σόνα,Sona,de
Σύμμαχος του Οδοιπόρου,Verbündeter des Beschützers,de
Σύσφιξη Δεσμών,Teambildung,de
Τάλον,Talon,de
Τίμο,Teemo,de
Τα Δάκρυα Κύλησαν,Fließende Tränen,de
Ταμ Κεντς,Tahm Kench,de
Ταμπλό του Ήλιου,Sonnenfeuer-Brett,de
Ταξιδευτής,Wanderer,de
Τελευταίος Ψίθυρος,Letzter Atemzug,de
Τερμιπική Ταχύτητα,Ter-Meep-nale Geschwindigkeit,de
Τεχνίτης Ραβδιών,Stabschmied,de
Τεχνίτης Σπαθιών,Schwertschmied,de
Τζαξ,Jax,de
Τζιν,Jhin,de
Τζινξ,Jinx,de
Τηγάνι,Bratpfanne,de
Τιμή σε Αίμα,Blutzoll,de
Τιμή του Πολέμαρχου,Ehre des Kriegsfürsten,de
Το Ένστικτο της Έβελιν,Evelynns Instinkt,de
Το Δέντρο των Χαρακτηριστικών,Der Attributsbaum,de
Το Δώρο της Άρι,Ahris Segen,de
Το Δώρο της Έβελιν,Evelynns Segen,de
Το Δώρο της Κέιλ,Kayles Segen,de
Το Δώρο της Σοράκα,Sorakas Segen,de
Το Δώρο του Έκκο,Ekkos Segen,de
Το Δώρο του Βάρους,Varus' Segen,de
Το Δώρο του Θρες,Threshs Segen,de
Το Δώρο του Υασούο,Yasuos Segen,de
Το Δώρο του Ωρέλιον Σολ,Aurelion Sols Segen,de
Το Θαύμα της Σοράκα,Sorakas Wunder,de
Το Λημέρι του Βαρόνου,Versteck des Barons,de
Το Μέγεθος Μετράει,Größe ist alles,de
Το Πανίσχυρο Mech,Der mächtige Mecha,de
Το Στέμμα Είναι Βαρύ,Schwer ist die Krone,de
Το Τέχνασμα του Ουρφ,Urfs Gambit,de
Το Τεσσάρι το Καλό,Mögen die Vier mit dir sein,de
Το Τόξο μου στη Διάθεσή σου,Du hast meinen Bogen,de
Το Φανάρι του Θρες,Threshs Laterne,de
Το Χαρντκόρε Της Αυγής,Dämmerkern,de
Το Χρυσό Αυγό,Das goldene Ei,de
Τονωτικό Μενταγιόν,Verstärkendes Amulett,de
Τουίστεντ Φέιτ,Twisted Fate,de
Τρίδυμο,Dreifaltigkeit,de
Τρεμολεπίδες,Flimmerklingen,de
Τσεκούρι της Κόλασης,Kriegsbeil des Höllenfeuers,de
Τσο'Γκαθ,Cho'Gath,de
Τυχερά Γάντια,Glückshandschuhe,de
Τόμος Χαρακτηριστικών,Wälzer der Attribute,de
"Τώρα Κλαις, Γιατί Κλαις",Heul doch …,de
Τώρα Που Έχω Ρέντα,Das geht ab,de
ΥΠΕΡΤΑΧYΤΑΤΟ ΠΥΡ,U.R.F.,de
Υδράργυρος,Quecksilber,de
Υπέρλαμπρος Κατεργάρης,Strahlender Halunke,de
Υπομονετική Μελέτη,Patientenstudie,de
Υφάντρα της Μοίρας,Schicksalsweber,de
Υψηλή Τάση,Hochspannung,de
Φαρμάρισμα Αύρας,Aura-farmen,de
Φιζ,Fizz,de
Φιόρα,Fiora,de
Φλεγόμενο Ολμοβόλο,Schnellfeuer-Geschütz,de
Φολιδωτή Ουσία,Essenz der Schimmerschuppen,de
Φονέας Γιγάντων,Riesenschlächter,de
Φορητό Εργαστήριο,Tragbare Schmiede,de
Φτιάξε Έναν Φίλο,Schmiede einen Freund,de
Φτιάξε τον Δικό σου Φίλο,Baue einen Begleiter,de
Φτιάξτε έναν σύντροφο,Baue einen Begleiter,de
Φυλαχτό της Εξύψωσης,Amulett des Aufstiegs,de
Χάλκινη για Πάντα,"Einmal Bronze, immer Bronze",de
Χέρι της Δικαιοσύνης,Hand der Gerechtigkeit,de
Χαμένες Συνδέσεις,Verfehlte Verbindung,de
Χαράξτε Μονοπάτι,Bahne dir den Weg,de
Χαρτζιλίκι,Geld fürs Mittagessen,de
Χρηματοθύελλα,Geldmonsun,de
Χρονοθραύστης,Zeitbrecher,de
Χρυσό Εξάγωνο του Υασούο,Yasuos Goldfeld,de
Χρυσό Ποντάρισμα,Goldenes Glücksspiel,de
Χυμός Κάπα,Cappa-Trank,de
Ψαροκόκκαλο,Gräte,de
Ψυχογενές Έμβλημα,Psionisch-Emblem,de
Ψυχογενής,Psionisch,de
Ωρέλιον Σολ,Aurelion Sol,de
Ωρολογιακός Επιταχυντής,Uhrwerk-Beschleuniger,de
Ωρόρα,Aurora,de
Авангард,Frontkämpfer,de
Аврора,Aurora,de
Агрессивная монетизация,Boshafte Monetarisierung,de
Адаптивный шлем,Adaptiver Helm,de
Акали,Akali,de
Арбитр,Gebieter,de
Арена солнечного пламени,Sonnenfeuer-Brett,de
Атрокс,Aatrox,de
Аугментированная сила,Augmentierte Macht,de
Аура Ари,Ahris Aura,de
Аурелион Сол,Aurelion Sol,de
Бард,Bard,de
Башня,Der Turm,de
Бел'Вет,Bel'Veth,de
Бесконечное отчаяние,Endlose Verzweiflung,de
Благословлен.,Gottgesegnet,de
Близость удачи,Wie ist es um dein Glück bestellt?,de
Блицкранк,Blitzcrank,de
Божественный дуэлянт,Göttlicher Duellant,de
Более смертельные шляпы,Tödlichere Hauben,de
Больше – лучше,Größe ist alles,de
Большой взрыв,Der Urknall,de
Большой мешок с сюрпризом,Große Wundertüte,de
Боньк!,Bonk!,de
Брайер,Briar,de
Бронза навек,"Einmal Bronze, immer Bronze",de
Бунтари,Misfits,de
Буря Людена,Ludens Sturm,de
Бустер,Booster-Packung,de
В лучах славы (Ясуо),Yasuos „Teile das Rampenlicht“,de
В ударе,Das geht ab,de
Варежки,Fäustlinge,de
Вверх по головам,Immer höher hinauf,de
Вейгар,Veigar,de
Векс,Vex,de
Вербовка,Neuer Rekrut,de
Верное сердце,Unerschütterliches Herz,de
Вестник Зика,Zekes Herold,de
Вестник рока,Vernichter,de
Вечерний покров,Abendschleier,de
Вечное обновление,Aktualisierungstaumel,de
Вечный договор,Ewiger Pakt,de
Взрывной рост,Explosives Wachstum,de
Виктор,Viktor,de
Возвышение Кейл,Kayles Hochgefühl,de
Возмездие,Vergeltung,de
Вознесение,Aufstieg,de
Волевая победа,Gelungenes Comeback,de
Воля булавы,Der Wille des Hammers,de
Воровская шайка,Diebesbande,de
Воровская шайка II,Diebesbande II,de
Восстанавливающий медальон,Verstärkendes Amulett,de
Вредоносная матрица,Malware-Matrix,de
Вредоносный самоцвет,Pestjuwel,de
Второе дыхание,Aufschwung,de
Выбор особенности,Attribut wählen,de
Выбор сделан,"KEIN UMSEHEN, KEIN WECHSELN",de
Выгодное предложение,Weise Ausgaben,de
Выживший,Überlebender,de
Высокая ценность,Zu viel Wert,de
Высокое напряжение,Hochspannung,de
Галактика грува,Weltraum-Groove,de
Гамбит Урфа,Urfs Gambit,de
Гвен,Gwen,de
Герб Лайтшилдов,Lichtschild-Wappen,de
Геройский мешок с сюрпризом,Heldenhafte Wundertüte,de
Гибкость,Flexibel,de
Гнар,Gnar,de
Голем,Golem,de
Головокружение,Chaotischer Geist,de
Головорез,Schurke,de
Горнило испытаний,Durch Stärke geschmiedet,de
Грабеж,Stibitzen,de
Грагас,Gragas,de
Грань Бесконечности,Klinge der Unendlichkeit,de
Грань ночи,Saum der Nacht,de
Грейвз,Graves,de
Гроза Личей,Fluch des Lichs,de
Гроза галактики,Panzerwalküre,de
Групповые обнимашки,Gruppenumarmung,de
Гуляка,Partytiger,de
Да пребудет с вами сила четверки,Mögen die Vier mit dir sein,de
Дальновидность,Vorausdenken,de
Дар Ари,Ahris Segen,de
Дар Аурелиона Сола,Aurelion Sols Segen,de
Дар Варуса,Varus' Segen,de
Дар Кейл,Kayles Segen,de
Дар Сораки,Sorakas Segen,de
Дар Треша,Threshs Segen,de
Дар Эвелинн,Evelynns Segen,de
Дар Экко,Ekkos Segen,de
Дар Ясуо,Yasuos Segen,de
Дар возрождения,Segen der Wiederbelebung,de
Дар ремесленника,Gefälligkeit des Schrotthändlers,de
Два стража,Zwillingswächter,de
Двойная защита,Zu zäh,de
Дебошир,Raufbold,de
Дерево особенностей,Der Attributsbaum,de
Держать строй!,Nicht nachlassen,de
Держимся вместе,Wir halten zusammen,de
Джакс,Jax,de
Джин,Jhin,de
Джинкс,Jinx,de
Диана,Diana,de
Добродетель мученика,Tugend des Märtyrers,de
Доспех Вармога,Warmogs Rüstung,de
Драгоценная перчатка,Juwelenbesetzter Handschuh,de
Драгоценный лотос,Juwelenbesetzter Lotus,de
Дух искупления,Geist der Erlösung,de
Жажда золота,Geldgierig,de
Железный аргумент,Eiserne Güter,de
Живая кузница,Lebende Schmiede,de
Живучесть вампира,Vampir-Vitalität,de
Жулик,Gauner,de
Задира,Herausforderer,de
Закопанные сокровища,Vergrabene Schätze,de
Западный ветер,Zephir,de
Запасные луки,Notfallbögen,de
Запретный идол,Verbotener Götze,de
Заточка Статикка,Statikks Stich,de
Защита вечности,Schutz der Unendlichkeit,de
Звездная комбинация,Sternen-Kombo,de
Звездочет,Sterndeuter,de
Звериный отряд,Anima,de
Зед,Zed,de
Зеркальное отражение,Gespiegelte Persona,de
Златоносная сущность,Essenz der Schimmerschuppen,de
Зов хаоса,Ruf des Chaos,de
Зои,Zoe,de
Золотая ячейка Ясуо,Yasuos Goldfeld,de
Золотое яйцо,Das goldene Ei,de
Золотой дракон,Der goldene Drache,de
Золотой риск,Goldenes Glücksspiel,de
Золотой ураган,Geldmonsun,de
Зуб Нашора,Nashors Zahn,de
Игра в команде,Zusammenarbeit,de
Игра в паре,Duo-Warteschlange,de
Игра вдолгую,Auf lange Sicht,de
Избиение,Schlag zu,de
Изгнание,Verbannte,de
Изогнутый лук,Rekursivbogen,de
Иллаой,Illaoi,de
Инвестиции,Investiert,de
Инстинкты Эвелинн,Evelynns Instinkt,de
Ионийская искра,Ionischer Funke,de
Искупитель,Erlöser,de
Искусное искусство,Raffinierte Herstellung,de
Испытание Стерака,Steraks Pegel,de
Иссушенная реликвия,Verwittertes Relikt,de
Истребитель,Vernichter,de
Кай'Са,Kai'Sa,de
Какой ценой?,Zu welchem Preis,de
Каменный доспех гаргульи,Steinpanzer des Wasserspeiers,de
Карма,Karma,de
Карманные деньги,Geld fürs Mittagessen,de
Карьерный рост,Aufwärtsmobilität,de
Кахунахуна,Kahunahuna,de
Кейтлин,Caitlyn,de
Киберимпланты,Kybernetische Implantate,de
Киберподдержка,Kybernetische Verbindung,de
Киндред,Kindred,de
Клинок смерти,Klinge des Todes,de
Клинок ярости Гинсу,Guinsoos Wutklinge,de
Клятва защитника,Schwur des Beschützers,de
Клятва рыцаря,Ritterschwur,de
Книга особенностей,Wälzer der Attribute,de
Когнитивная нагрузка,Kognitive Steuer,de
Когнитивная перегрузка,Kognitive Überladung,de
Коготь дракона,Drachenklaue,de
Коготь охотника,Klaue des Meuchlers,de
Кольчуга,Kettenweste,de
Командир,Kommandant,de
Командир Звериного отряда,Anima-Kommandant,de
Конструктор,Baue einen Begleiter,de
Копье Седзина,Speer von Shojin,de
Корки,Corki,de
Королевский венец,Kronwacht,de
Корона тактика,Krone des Taktikers,de
Коррозия,Korrosion,de
Космическое обновление,Kosmischer Neubeginn,de
Кража компонентов,Komponentenraub,de
Красное усиление,Roter Buff,de
Критический успех,Kritischer Erfolg,de
Кровавая цена,Blutzoll,de
Кровавое подношение,Blutopfer,de
Кровопийца,Blutdürster,de
Крошки-великаны,Winzige Titanen,de
Крупный займ,Erweiterter Kredit,de
Кузница апофеоза,Unübertreffliche Schmiede,de
Кусочек жизни,Ein Teil des Lebens,de
Кухня тактика,Taktikerküche,de
Ле Блан,LeBlanc,de
Легион троек,Die Legion der Drei,de
Леденящий Вестник Зика,Zekes düsterer Herold,de
Леона,Leona,de
Летающие ножи,Flimmerklingen,de
Лиссандра,Lissandra,de
Логово Барона,Versteck des Barons,de
Лопатка,Pfannenwender,de
Лулу,Lulu,de
Лучезарное возвышение Кейл,Kayles strahlendes Hochgefühl,de
Лучезарный плут,Strahlender Halunke,de
Лучшая сборка,Maximale Ausrüstung,de
Лучшие друзья,Beste Freunde,de
Магические кости,Ein magischer Wurf,de
"Мал, да удал","Winzig, aber tödlich",de
Малая черная дыра,Kleines schwarzes Loch,de
Маленькие друзья,Kleine Freunde,de
Малое Зеркальное отражение,Kleine gespiegelte Persona,de
Манекенофикация,Puppifizierung,de
Манекены для краш-тестов,Crash-Test-Dummies,de
Мантия тактика,Umhang des Taktikers,de
Маокай,Maokai,de
Мародер,Marodeur,de
Мастер Йи,Master Yi,de
Мастер мечей,Schwertschmied,de
Мастер посохов,Stabschmied,de
Мастерство Ясуо,Yasuos Klingentanz,de
Медальон Железных Солари,Amulett der eisernen Solari,de
Мешок предметов,Gegenstand-Wundertüte,de
Мешок с сюрпризом Урфа,Urfs Wundertüte,de
Милио,Milio,de
Минмаксинг,Min-Max,de
Мипер,Meeple,de
Мипоритка,Meepsie,de
Мисс Фортуна,Miss Fortune,de
Могучие исполины,Groß und mächtig,de
Моргана,Morgana,de
Мордекайзер,Mordekaiser,de
Мореллономикон,Morellonomikon,de
Мощь на позднем этапе,Skalierung im späten Spiel,de
Н.О.В.А.,N.O.V.A.,de
Набор ауры,Aura-farmen,de
Наемный убийца,Auftragsmörder,de
Накидка солнечного пламени,Sonnenfeuer-Umhang,de
Накопитель биомассы,Biomassebewahrer,de
Накопительный вклад,Sparkonto,de
Нами,Nami,de
Наручи Искательницы,Armschutz des Suchenden,de
Настоящий триумф,Siegeszug,de
Насус,Nasus,de
Небольшой мешок с сюрпризом,Kleine Wundertüte,de
Непрерывное колдовство,Fortwährende Beschwörung,de
Несокрушимый,Bastion,de
Нет на месте,Abwesend,de
Неукротимость,Der Unbeugsame,de
Нечестивый Вампирский скипетр,Verdorbenes vampirisches Zepter,de
Новинка,Fabrikneu,de
Новый уровень!,Neue Stufe!,de
Номер один,Verfehlte Verbindung,de
Нуну и Виллумп,Nunu & Willump,de
Облачение духов,Geistessicht,de
Обновление с капелькой магии,Etwas magische Aktualisierung,de
Одержимость Варуса,Varus Besessenheit,de
Один доспех,Solo-Steinpanzer,de
"Один, два, три","Eins, zwei, drei",de
"Одно усиление, два усиления","Ein Buff, zwei Buff",de
Ожидаемая неожиданность,Erwartetes Unerwartetes,de
Оплот,Bollwerk,de
Оплот передней линии,Frontlinien-Fundament,de
Оправданное ожидание,Das Warten wert,de
Оптика с захватом цели,Zielerfassungslinse,de
Оракул,Orakel,de
Орн,Ornn,de
Охота за сокровищами,Schatzjagd,de
Охотник Галактики,Galaktischer Jäger,de
Пайк,Pyke,de
Пантеон,Pantheon,de
Пастух,Hirte,de
Перезапуск миссии,Wiederaufnahme der Mission,de
Переизбыток жезлов,Stabüberfluss,de
Переизбыток мечей,Schwertüberfluss,de
Переизбыток поясов,Gürtel im Überfluss,de
Перенос заряда,Ladungstransfer,de
Переносная кузница,Tragbare Schmiede,de
Переработка отходов,Recyclingtonne,de
Перчатка Бездны,Leerenhandschuh,de
Перчатки вора,Handschuhe des Diebs,de
Плетение магии,Verwobene Magie,de
Плечом к плечу,Geeinter Halt,de
Победа Виктора из ''Аркейна'',Arcane-Viktor-y,de
Побочные эффекты,Nebenwirkungen,de
Поглощающий плащ,Negatron-Mantel,de
Подарок на день рождения,Geburtstagsgeschenk,de
Подготовка телохранителя,Leibwache-Training,de
Поднятие уровня в одиночку,Solo-Leveling,de
Подозрительный плащ,Verdächtiger Trenchcoat,de
Подписка,Abo-Service,de
Позолоченная сталь,Vergoldeter Stahl,de
Покров тишины,Tuch der Stille,de
Покупки,Einkaufsbummel,de
Полупроводник,Halbleiter,de
Поппи,Poppy,de
Портал Зз'Рота,Zz'Rot-Portal,de
Посох Бездны,Leerenstab,de
Посох архангела,Stab des Erzengels,de
Посох серафима,Flügelstab,de
Построение,Aufstellung,de
Посылка,Hilfspaket,de
Пояс великана,Gürtel des Riesen,de
Празднование юбилея,Geburtstags-Wiedervereinigung,de
Предметы Пандоры,Pandoras Gegenstände,de
Предсмертный шепот,Letzter Atemzug,de
Приз победителю,Preiskämpfer,de
Призматический билет,Prismatisches Ticket,de
Призрачная сабля,Spektrales Entermesser,de
Прицельная стрельба,Fokussiertes Feuer,de
Пришелец Зед,Eindringling Zed,de
Пробуждение души,Seelenerwachen,de
Проводник,Kanalisierer,de
Прокладывание пути,Bahne dir den Weg,de
Проклятая корона,Verfluchte Krone,de
Проклятый клинок,Verfluchte Klinge,de
Псионик,Psionisch,de
Пугливый краб,Kluftkrabbler,de
Путь к вершине,Ein erhabenes Abenteuer,de
Путь к звездам,Nach dem Himmel greifen,de
Рааст,Rhaast,de
"Раз, два, пять!","Eins, zwei, fünf!",de
Разрушитель времени,Zeitbrecher,de
Раммус,Rammus,de
Ранние уроки,Frühe Erkenntnisse,de
Распаленное пламя,Schüre das Feuer,de
Расползающиеся корни,Wachsende Wurzeln,de
Распродажа,Schlussverkauf,de
Расширение дела,Selbstständig machen,de
Режим задиры,Herausforderer-Modus,de
Режим проводника,Kanalisierermodus,de
Режим репликатора,Replikator-Modus,de
Рек'Сай,Rek'Sai,de
Рекомбинатор,Rekombinator,de
Реликт,Primordianer,de
Репликатор,Replikator,de
Репликация,Klonprogramm,de
Решимость титана,Entschlossenheit des Titanen,de
Ривен,Riven,de
Рискованный ход,Riskante Aktionen,de
Робот,Mecha,de
Роскошная подписка,Luxus-Abonnement,de
Рука правосудия,Hand der Gerechtigkeit,de
С места в карьер,Kickstart,de
С тобой мой лук,Du hast meinen Bogen,de
Самира,Samira,de
Самодельный доспех,Improvisierte Rüstung,de
Самый Лучший Меч,Riesenschwert,de
Самый крошечный великан,Winzigster Titan,de
Самый могучий робот,Der mächtige Mecha,de
Свежая поставка,Einfach treffen,de
Сверхмипная скорость,Ter-Meep-nale Geschwindigkeit,de
Связь с дроном,Drohnenverbindung,de
Серебряная ложка,Silberlöffel,de
Сильвермирская заря,Dämmerung von Silbersee,de
Симпатический имплант,Verständnisvolles Implantat,de
Синее усиление,Blauer Buff,de
Скамейка Пандоры,Pandoras Bank,de
Скелетница,Gräte,de
Сковородка,Bratpfanne,de
Скорострельная пушка,Schnellfeuer-Geschütz,de
Сладкие угощения,Süße Leckereien,de
Слеза богини,Träne der Göttin,de
Слезы рекой,Heul doch …,de
Слишком Большой Жезл,Übergroßer Stab,de
Смертельная шляпа Рабадона,Rabadons Todeshaube,de
Смертоносные клинки,Tödlichere Klingen,de
Смерть Разума,Ende der Weisheit,de
Снайпер,Scharfschütze,de
Создание друга,Schmiede einen Freund,de
Создание спутника,Baue einen Begleiter,de
Сона,Sona,de
Союзник,Verbündeter des Beschützers,de
Специалист по поздним этапам,Endgame-Experte,de
Спящая кузница,Latente Schmiede,de
Стальное сердце,Herz aus Stahl,de
Статическое электричество,Elektroladung,de
Стеклянная пушка,Glaskanone,de
Странник,Wanderer,de
Страховой фонд,Risikofonds,de
Стремительное двойное убийство,Zügiger Doppelkill,de
Стремительное серебро,Quecksilber,de
Струящиеся слезы,Fließende Tränen,de
Суть коммерции,Kommerzkern,de
Сфера лечения,Heilende Kugeln,de
Счастливые перчатки,Glückshandschuhe,de
Сюжетная защита,Knallhart,de
Таам Кенч,Tahm Kench,de
Талисман вознесения,Amulett des Aufstiegs,de
Талон,Talon,de
Твистед Фэйт,Twisted Fate,de
Темная звезда,Sternenvernichter,de
Темная леди,Dunkle Dame,de
Теневая марионетка,Schattenpuppe,de
Терновый жилет,Dornenweste,de
Терпеливый ученик,Patientenstudie,de
Терпение,Geduld ist eine Tugend,de
Терпение Экко,Ekkos Geduld,de
Тимбилдинг,Teambildung,de
Тимо,Teemo,de
Титаническая гидра,Titanische Hydra,de
Ткач судьбы,Schicksalsweber,de
Тонны показателей!,Tonnenweise Werte!,de
Топор адского пламени,Kriegsbeil des Höllenfeuers,de
Торговый сектор,Handelssektor,de
Тренировочные перчатки,Kampfhandschuhe,de
Тренировочный манекен,Übungspuppe,de
Триада,Dreifaltigkeit,de
Тропа войны,Kriegspfad,de
Тяжел венец,Schwer ist die Krone,de
У.Р.Ф.,U.R.F.,de
Убийство без разбора,Willkürlicher Killer,de
Убийца великанов,Riesenschlächter,de
Ургот,Urgot,de
Уроки бокса,Boxunterricht,de
Физз,Fizz,de
Фиора,Fiora,de
Фонарь Треша,Threshs Laterne,de
Хекстековый прицел,Horizontfokus,de
Хекстековый штык,Hextech-Gunblade,de
Хитрая тактика,Berechneter Verlust,de
Хоть какая-то польза,Zu etwas nütze,de
Целеустремленность,Bindende Verpflichtung,de
Центр внимания,Finde deine Mitte,de
Цеп вышибалы,Stürmerflegel,de
Часовой механизм,Uhrwerk-Beschleuniger,de
Частичное вознесение,Teilaufstieg,de
Чаша силы,Kelch der Macht,de
Чертеж для задней линии,Blaupause für die hintere Reihe,de
Честь полководца,Ehre des Kriegsfürsten,de
Четырехкратное усиление,Vier-Gold-Verstärkung,de
Чо'Гат,Cho'Gath,de
Чудо Сораки,Sorakas Wunder,de
Шапучий напиток,Cappa-Trank,de
Шая,Xayah,de
Шен,Shen,de
Щит тактика,Schild des Taktikers,de
Эгида рассвета,Ägide der Morgendämmerung,de
Эгида сумерек,Ägide der Abenddämmerung,de
Эзреаль,Ezreal,de
Эксклюзивная кастомизация,Exklusive Feinabstimmung,de
Экспедиция,Expedition,de
Эмблема Галактики грува,Weltraum-Groove-Emblem,de
Эмблема Звериного отряда,Anima-Emblem,de
Эмблема Н.О.В.А.,N.O.V.A.-Emblem,de
Эмблема Темной звезды,Sternenvernichter-Emblem,de
Эмблема авангарда,Frontkämpfer-Emblem,de
Эмблема арбитра,Gebieter-Emblem,de
Эмблема головореза,Schurken-Emblem,de
Эмблема дебошира,Raufbold-Emblem,de
Эмблема задиры,Herausforderer-Emblem,de
Эмблема звездочета,Sterndeuter-Emblem,de
Эмблема мародера,Marodeur-Emblem,de
Эмблема мипера,Meeple-Emblem,de
Эмблема несокрушимого,Bastion-Emblem,de
Эмблема пастуха,Hirte-Emblem,de
Эмблема псионика,Psionisch-Emblem,de
Эмблема разрушителя времени,Zeitbrecher-Emblem,de
Эмблема реликта,Primordianer-Emblem,de
Эмблема снайпера,Scharfschütze-Emblem,de
Эмблема странника,Wanderer-Emblem,de
Эпические обновления,Epische Ladung,de
Эпоха,Epoche,de
Эхо восстановления,Heilende Echos,de
Ядро рассвета,Dämmerkern,de
Ярость кракена,Zorn des Kraken,de
Ясный ум,Klarer Geist,de
آتروكس,Aatrox,de
أربعة تكسب ترقية,Vier-Gold-Verstärkung,de
أصغر عملاق,Winzigster Titan,de
أطنان من الإحصاءات!,Tonnenweise Werte!,de
أفضل الأصدقاء,Beste Freunde,de
أكالي,Akali,de
أنيما,Anima,de
أورغوت,Urgot,de
أورن,Ornn,de
أورورا,Aurora,de
أوريليون سول,Aurelion Sol,de
إرادة الصولجان,Der Wille des Hammers,de
إزريال,Ezreal,de
إعادة المهمة,Wiederaufnahme der Mission,de
إيلاوي,Illaoi,de
اتصالات فائتة,Verfehlte Verbindung,de
اختر خاصية,Attribut wählen,de
اختصاصي نهاية المباراة,Endgame-Experte,de
استبدالٌ ملحمي,Epische Ladung,de
استحضار السحر المستمر,Fortwährende Beschwörung,de
اعثر على مركزك,Finde deine Mitte,de
الأحزمة الوفيرة,Gürtel im Überfluss,de
الأربعة تربح,Mögen die Vier mit dir sein,de
الأشقياء,Misfits,de
الأصول الحديدية,Eiserne Güter,de
الأقواس الاحتياطية,Notfallbögen,de
الأمر يستحق الانتظار,Das Warten wert,de
الإنفاق الحكيم,Weise Ausgaben,de
الاتصال الآلي,Kybernetische Verbindung,de
الاتصال بالدرون,Drohnenverbindung,de
الاختلاس,Stibitzen,de
الارتقاء,Aufstieg,de
الارتقاء الجزئي,Teilaufstieg,de
الاستبدالات الوفيرة,Aktualisierungstaumel,de
الاستثمار,Investiert,de
الاستثمار طويل الأجل,Auf lange Sicht,de
الاستخلاص المفيد,Recyclingtonne,de
الاستنساخ,Klonprogramm,de
الاستهلاك ضروري,Schlag zu,de
الاشتراك الفخم,Luxus-Abonnement,de
الالتزام الصارم,Bindende Verpflichtung,de
الانفجار العظيم,Der Urknall,de
البداية الكونية الجديدة,Kosmischer Neubeginn,de
البرج,Der Turm,de
البرونزي حتى النهاية,"Einmal Bronze, immer Bronze",de
البيضة الذهبية,Das goldene Ei,de
التآكل,Korrosion,de
التأثيرات الجانبية,Nebenwirkungen,de
التاج الملعون,Verfluchte Krone,de
التحفة الذابلة,Verwittertes Relikt,de
التحويل إلى دمية,Puppifizierung,de
الترقية!,Neue Stufe!,de
التشكيل الأقصى,Maximale Ausrüstung,de
التصنيع المتقن,Raffinierte Herstellung,de
التغيب عن اللعب,Abwesend,de
التفكير المتقدم,Vorausdenken,de
التمثال المحرّم,Verbotener Götze,de
التنين الذهبي,Der goldene Drache,de
التوسع,Selbstständig machen,de
الثقب الأسود الصغير,Kleines schwarzes Loch,de
الثلاثية,Dreifaltigkeit,de
الجوهرة المتلفة,Pestjuwel,de
الحارسان التوأمان,Zwillingswächter,de
الحجم مهم,Größe ist alles,de
الحركات الخطرة,Riskante Aktionen,de
الحركة التصاعدية,Aufwärtsmobilität,de
الحقبة المميزة,Epoche,de
الحمل المعرفي الزائد,Kognitive Überladung,de
الحملة الاستكشافية,Expedition,de
الخسارة المحسوبة,Berechneter Verlust,de
الخوذة المتكيفة,Adaptiver Helm,de
الدراسة الصابرة,Patientenstudie,de
الدرع الساتر,Abendschleier,de
الدروس المبكرة,Frühe Erkenntnisse,de
الدروع المؤقتة,Improvisierte Rüstung,de
الدموع المتدفقة,Fließende Tränen,de
الذهن الصافي,Klarer Geist,de
الذهن المشوّش,Chaotischer Geist,de
الرفاق الصغار,Kleine Freunde,de
الرمية السحرية,Ein magischer Wurf,de
الرمية السحرية المخفّفة,Etwas magische Aktualisierung,de
الرهان الذهبي,Goldenes Glücksspiel,de
الزئبق,Quecksilber,de
السترة المدببة,Dornenweste,de
السترة المسلسلة,Kettenweste,de
السحر المحبوك,Verwobene Magie,de
السعي نحو النجوم,Nach dem Himmel greifen,de
السيف الأبدي,Klinge der Unendlichkeit,de
السيف الصاعق,Statikks Stich,de
السيف الطيفي,Spektrales Entermesser,de
السيف الهائل,Riesenschwert,de
السيوف الوفيرة,Schwertüberfluss,de
السيولة,Gauner,de
الشحنة الكهربائية,Elektroladung,de
الشخصية المنعكسة,Gespiegelte Persona,de
الشخصية المنعكسة المصغّرة,Kleine gespiegelte Persona,de
الشرائح الآلية,Kybernetische Implantate,de
الشرارة الأيونية,Ionischer Funke,de
الصامد,Überlebender,de
الصبر فضيلة,Geduld ist eine Tugend,de
الصغير الفتاك,"Winzig, aber tödlich",de
الصنديد,Der Unbeugsame,de
الضريبة المعرفية,Kognitive Steuer,de
الطابور الثنائي,Duo-Warteschlange,de
العمالقة الصغار,Winzige Titanen,de
العملاق القوي,Groß und mächtig,de
العوائد الخبيثة,Boshafte Monetarisierung,de
الفوز الكبير,Siegeszug,de
الفولاذ المذهب,Vergoldeter Stahl,de
الفيلق الثلاثي,Die Legion der Drei,de
القائدة,Kommandant,de
القاتل المأجور,Auftragsmörder,de
القتل المزدوج السريع,Zügiger Doppelkill,de
القصاص,Vergeltung,de
القصبات الوفيرة,Stabüberfluss,de
القفاز المرصع بالجواهر,Juwelenbesetzter Handschuh,de
القفازات,Fäustlinge,de
القلب الراسخ,Unerschütterliches Herz,de
القلب الفولاذي,Herz aus Stahl,de
القوس المنحني,Rekursivbogen,de
الكنوز المدفونة,Vergrabene Schätze,de
الكهرباء القوية,Hochspannung,de
اللعب الأمثل,Min-Max,de
اللوتس المرصع,Juwelenbesetzter Lotus,de
المبارزة السامية,Göttlicher Duellant,de
المتعطش للدماء,Blutdürster,de
المحدق بالنجوم,Sterndeuter,de
المحفز الأحمر,Roter Buff,de
المخلّص,Erlöser,de
المرن,Flexibel,de
المستبدل العشوائي,Rekombinator,de
المصهر الحي,Lebende Schmiede,de
المصهر الكامن,Latente Schmiede,de
المصهر المحمول,Tragbare Schmiede,de
المعطف المشبوه,Verdächtiger Trenchcoat,de
المغامرة الفخمة,Ein erhabenes Abenteuer,de
الملعقة الفضية,Silberlöffel,de
المنفيون,Verbannte,de
الموقف الحرج,Ende der Weisheit,de
الميثاق الأزلي,Ewiger Pakt,de
الميكا الجبار,Der mächtige Mecha,de
المُبيد,Vernichter,de
النجاح الحرج,Kritischer Erfolg,de
النجم المظلم,Sternenvernichter,de
النسيم العليل,Zephir,de
النصال الخاطفة,Flimmerklingen,de
النصل الملعون,Verfluchte Klinge,de
النمو المتفجر,Explosives Wachstum,de
النوبة الثانية,Aufschwung,de
النيران المركزة,Fokussiertes Feuer,de
الهمسة الأخيرة,Letzter Atemzug,de
الهيدرا العملاقة,Titanische Hydra,de
الوسيط,Kanalisierer,de
الوغد المشع,Strahlender Halunke,de
انتصار فيكتور آركين,Arcane-Viktor-y,de
بارد,Bard,de
بانثيون,Pantheon,de
بايك,Pyke,de
براير,Briar,de
برايمورديان,Primordianer,de
بكاء بلا جدوى,Heul doch …,de
بلورات العلاج,Heilende Kugeln,de
بليتزكرانك,Blitzcrank,de
بناء البطل,Baue einen Begleiter,de
بناء الفريق,Teambildung,de
بناء مرافق,Baue einen Begleiter,de
بوابة ززروت,Zz'Rot-Portal,de
بوبي,Poppy,de
بيلفيث,Bel'Veth,de
تأسيس الخط الأمامي,Frontlinien-Fundament,de
تاج المخطِط,Krone des Taktikers,de
تالون,Talon,de
تام كينش,Tahm Kench,de
تخصيص حصري,Exklusive Feinabstimmung,de
تخفيضات نارية,Schlussverkauf,de
تدريب الحارس الشخصي,Leibwache-Training,de
تذكرة موشورية,Prismatisches Ticket,de
ترقية فردية,Solo-Leveling,de
تركيز الأفق,Horizontfokus,de
تسلّق سلم التصنيفات,Immer höher hinauf,de
تشكيل الصفوف,Aufstellung,de
تشكيل الفريق,Zusammenarbeit,de
تشوغاث,Cho'Gath,de
تعزيزٌ هنا وتعزيزٌ هناك,"Ein Buff, zwei Buff",de
تغذية ألسنة اللهب,Schüre das Feuer,de
تمجيد كايل,Kayles Hochgefühl,de
تمجيد كايل المشع,Kayles strahlendes Hochgefühl,de
تميمة الارتقاء,Amulett des Aufstiegs,de
توأم تانك,Zu zäh,de
توسع الجذور,Wachsende Wurzeln,de
تويستد فايت,Twisted Fate,de
تيمو,Teemo,de
ثمن الدم,Blutzoll,de
جاكس,Jax,de
جديد من المصنع,Fabrikneu,de
جوع المال,Geldgierig,de
جوهر التجارة,Kommerzkern,de
جوهر الحراشف اللامعة,Essenz der Schimmerschuppen,de
جوهر الفجر,Dämmerkern,de
جين,Jhin,de
جينكس,Jinx,de
حافظ المادة الحيوية,Biomassebewahrer,de
حاملة المصائب,Vernichter,de
حامي التاج,Kronwacht,de
حزام العملاق,Gürtel des Riesen,de
حزمة الدعم,Booster-Packung,de
حزمة الرعاية,Hilfspaket,de
حساب الادخار,Sparkonto,de
حصاد الهالة,Aura-farmen,de
حصن,Bastion,de
حقق مرادك,Einfach treffen,de
حكاية العودة,Gelungenes Comeback,de
حلوى لذيذة,Süße Leckereien,de
حليف الوصي,Verbündeter des Beschützers,de
حماية الخطوط,Nicht nachlassen,de
حماية اللانهاية,Schutz der Unendlichkeit,de
حيوية مصاص الدماء,Vampir-Vitalität,de
خانة ياسو الذهبية,Yasuos Goldfeld,de
خدمة الاشتراك,Abo-Service,de
خطة عمل الخط الخلفي,Blaupause für die hintere Reihe,de
درع الصدر المنفرد,Solo-Steinpanzer,de
درع الغسق,Ägide der Abenddämmerung,de
درع الفجر,Ägide der Morgendämmerung,de
درع المخطِط,Schild des Taktikers,de
درع صدر مرزاب الحجري,Steinpanzer des Wasserspeiers,de
درع وارموغ,Warmogs Rüstung,de
دروس الملاكمة,Boxunterricht,de
دروع البطل,Knallhart,de
دعوة إلى الفوضى,Ruf des Chaos,de
دفعة أولية,Kickstart,de
دكة بدلاء باندورا,Pandoras Bank,de
دمعة الزعيمة,Träne der Göttin,de
دمى اختبار التحطم,Crash-Test-Dummies,de
دمية التدريب,Übungspuppe,de
دمية الظل,Schattenpuppe,de
ديانا,Diana,de
راست,Rhaast,de
راعي,Hirte,de
راموس,Rammus,de
رامي,Scharfschütze,de
رحالة,Wanderer,de
رقص الفضاء,Weltraum-Groove,de
رمح شوجين,Speer von Shojin,de
رمز الدرع الخفيف,Lichtschild-Wappen,de
رمية الحظ,Wie ist es um dein Glück bestellt?,de
روح الافتداء,Geist der Erlösung,de
رياح المال الموسمية,Geldmonsun,de
ريفت سكاتلر,Kluftkrabbler,de
ريفين,Riven,de
ريكساي,Rek'Sai,de
زايا,Xayah,de
زوي,Zoe,de
زيادة القوة في نهاية المباراة,Skalierung im späten Spiel,de
زيد,Zed,de
زيد الغازي,Eindringling Zed,de
ستار السكون,Tuch der Stille,de
سكين سلاح الهيكستيك,Hextech-Gunblade,de
سلفة قرض,Erweiterter Kredit,de
سميرة,Samira,de
سن ناشور,Nashors Zahn,de
سونا,Sona,de
سيدة الأسلحة,Panzerwalküre,de
سيدة الظلام,Dunkle Dame,de
شارة أنيما,Anima-Emblem,de
شارة الحصن,Bastion-Emblem,de
شارة الراعي,Hirte-Emblem,de
شارة الرامي,Scharfschütze-Emblem,de
شارة الرحالة,Wanderer-Emblem,de
شارة الطليعي,Frontkämpfer-Emblem,de
شارة القاضي,Gebieter-Emblem,de
شارة القوى الذهنية,Psionisch-Emblem,de
شارة المارق,Schurken-Emblem,de
شارة المتحدّي,Herausforderer-Emblem,de
شارة المحدق بالنجوم,Sterndeuter-Emblem,de
شارة المشاجر,Raufbold-Emblem,de
شارة المغير,Marodeur-Emblem,de
شارة النجم المظلم,Sternenvernichter-Emblem,de
شارة برايمورديان,Primordianer-Emblem,de
شارة رقص الفضاء,Weltraum-Groove-Emblem,de
شارة صديق الميب,Meeple-Emblem,de
شارة كاسر الزمن,Zeitbrecher-Emblem,de
شارة نوفا,N.O.V.A.-Emblem,de
شبه الناقل,Halbleiter,de
شجرة الخواص,Der Attributsbaum,de
شرف أمير الحرب,Ehre des Kriegsfürsten,de
شريحة التعاطف,Verständnisvolles Implantat,de
شق الدرب,Bahne dir den Weg,de
شين,Shen,de
صانع السيوف,Schwertschmied,de
صانع القصبات,Stabschmied,de
صبر إيكو,Ekkos Geduld,de
صحوة الروح,Seelenerwachen,de
صدى الشفاء,Heilende Echos,de
صديق الميب,Meeple,de
صناعة صديق,Schmiede einen Freund,de
صندوق التحوط,Risikofonds,de
صولجان الفويد,Leerenstab,de
صولجان مصاصي الدماء الفاسد,Verdorbenes vampirisches Zepter,de
صياد المجرة,Galaktischer Jäger,de
صيد الكنوز,Schatzjagd,de
طراخ!,Bonk!,de
طريق الحرب,Kriegspfad,de
طليعي,Frontkämpfer,de
عاصفة لودن,Ludens Sturm,de
عبء التاج ثقيل,Schwer ist die Krone,de
عباءة الليل,Saum der Nacht,de
عباءة النيغاترون,Negatron-Mantel,de
عجلة الميب السريعة,Ter-Meep-nale Geschwindigkeit,de
عراف,Orakel,de
عزم العملاق,Entschlossenheit des Titanen,de
عصا سيرافيم,Flügelstab,de
عصا كبير الحُماة,Stab des Erzengels,de
عصابة اللصوص,Diebesbande,de
عصابة اللصوص II,Diebesbande II,de
عصير القبعة,Cappa-Trank,de
عفونة الموتى,Fluch des Lichs,de
عملية السطو على المكونات,Komponentenraub,de
عناصر باندورا,Pandoras Gegenstände,de
عناق جماعي,Gruppenumarmung,de
عهد الفارس,Ritterschwur,de
غراغاس,Gragas,de
غرايفز,Graves,de
غريزة إيفلين,Evelynns Instinkt,de
غنار,Gnar,de
غولم,Golem,de
غوين,Gwen,de
فأس نيران الجحيم,Kriegsbeil des Höllenfeuers,de
فانوس ثريش,Threshs Laterne,de
فجر سيلفرمير,Dämmerung von Silbersee,de
فضيلة الشهيد,Tugend des Märtyrers,de
فورة الكراكن,Zorn des Kraken,de
فورة تسوق,Einkaufsbummel,de
في الاتحاد قوة,Geeinter Halt,de
فيز,Fizz,de
فيشبونز,Gräte,de
فيغار,Veigar,de
فيكتور,Viktor,de
فيكس,Vex,de
فيورا,Fiora,de
قائد أنيما,Anima-Kommandant,de
قاتل العمالقة,Riesenschlächter,de
قاتل لا يميز بين ضحاياه,Willkürlicher Killer,de
قاضي,Gebieter,de
قبعات أشد فتكًا,Tödlichere Hauben,de
قبعة موت رابادون,Rabadons Todeshaube,de
قربان الدم,Blutopfer,de
قصبة عريضة بلا داع,Übergroßer Stab,de
قطاع التجارة,Handelssektor,de
قفاز التدريب,Kampfhandschuhe,de
قفاز الحظ,Glückshandschuhe,de
قفاز الفويد,Leerenhandschuh,de
قفاز اللص,Handschuhe des Diebs,de
قفاز ستيراك,Steraks Pegel,de
قلادة التنشيط,Verstärkendes Amulett,de
قلادة سولاري الحديدي,Amulett der eisernen Solari,de
قلنسوة المخطِط,Umhang des Taktikers,de
قلنسوة لهب الشمس,Sonnenfeuer-Umhang,de
قوة محسَّنة,Augmentierte Macht,de
قوسي في خدمتك,Du hast meinen Bogen,de
قوى ذهنية,Psionisch,de
قيمة مزدوجة,Zu viel Wert,de
كأس القوة,Kelch der Macht,de
كارما,Karma,de
كاسر الزمن,Zeitbrecher,de
كاهوناهونا,Kahunahuna,de
كايتلين,Caitlyn,de
كايسا,Kai'Sa,de
كوركي,Corki,de
كيس الهدايا البطولي,Heldenhafte Wundertüte,de
كيس هدايا أورف,Urfs Wundertüte,de
كيس هدايا العناصر,Gegenstand-Wundertüte,de
كيس هدايا صغير,Kleine Wundertüte,de
كيس هدايا كبير,Große Wundertüte,de
كيندريد,Kindred,de
لا تغيير ولا استطلاع,"KEIN UMSEHEN, KEIN WECHSELN",de
لم شمل عيد الميلاد,Geburtstags-Wiedervereinigung,de
لمحة من الحياة,Ein Teil des Lebens,de
لوبلانك,LeBlanc,de
لوح لهيب الشمس,Sonnenfeuer-Brett,de
لولو,Lulu,de
ليساندرا,Lissandra,de
ليونا,Leona,de
مارق,Schurke,de
ماستر يي,Master Yi,de
ماوكاي,Maokai,de
مباركة السماء,Gottgesegnet,de
متحدي,Herausforderer,de
متراس,Bollwerk,de
متوالية نجمية,Sternen-Kombo,de
مجلد الخواص,Wälzer der Attribute,de
مجند جديد,Neuer Rekrut,de
محترف الحفلات,Partytiger,de
محظوظ,Das geht ab,de
محفز أزرق,Blauer Buff,de
مخلب التنين,Drachenklaue,de
مخلب المتصيد,Klaue des Meuchlers,de
مدفع النار السريع,Schnellfeuer-Geschütz,de
مدفع من زجاج,Glaskanone,de
مستنسخ,Replikator,de
مسرِّع الساعة,Uhrwerk-Beschleuniger,de
مشاجر,Raufbold,de
مشاركة تألق ياسو,Yasuos „Teile das Rampenlicht“,de
مصروف الغداء,Geld fürs Mittagessen,de
مصفوفة البرمجيات الخبيثة,Malware-Matrix,de
مصنوعٌ من القوة,Durch Stärke geschmiedet,de
مصهر التمجيد,Unübertreffliche Schmiede,de
مطبخ المخطِط,Taktikerküche,de
معجزة سوراكا,Sorakas Wunder,de
مغير,Marodeur,de
مفاجآت الحظ,Erwartetes Unerwartetes,de
مقابل أي ثمن,Zu welchem Preis,de
مقاتل الجوائز,Preiskämpfer,de
مقلاة,Bratpfanne,de
ملعقة مسطحة,Pfannenwender,de
مناورة أورف,Urfs Gambit,de
منظار رصد الهدف,Zielerfassungslinse,de
مهارة مبارزة ياسو,Yasuos Klingentanz,de
مورديكايزر,Mordekaiser,de
مورغانا,Morgana,de
موريلونوميكون,Morellonomikon,de
ميبسي,Meepsie,de
ميس فورتشن,Miss Fortune,de
ميكا,Mecha,de
ميليو,Milio,de
ناسوس,Nasus,de
نافع لشيء ما,Zu etwas nütze,de
نامي,Nami,de
نتماسك معًا,Wir halten zusammen,de
نذر الحامي,Schwur des Beschützers,de
نذير زيكي,Zekes Herold,de
نذير زيكي الكئيب,Zekes düsterer Herold,de
نساج المصير,Schicksalsweber,de
نصال أشد فتكًا,Tödlichere Klingen,de
نصل الموت,Klinge des Todes,de
نصل غضب غينسو,Guinsoos Wutklinge,de
نقل الشحنة,Ladungstransfer,de
نوفا,N.O.V.A.,de
نونو وويلامب,Nunu & Willump,de
هالة آري,Ahris Aura,de
هبة آري,Ahris Segen,de
هبة أوريليون سول,Aurelion Sols Segen,de
هبة إيفلين,Evelynns Segen,de
هبة إيكو,Ekkos Segen,de
هبة الإنعاش,Segen der Wiederbelebung,de
هبة تجميع الخردة,Gefälligkeit des Schrotthändlers,de
هبة ثريش,Threshs Segen,de
هبة سوراكا,Sorakas Segen,de
هبة فاروس,Varus' Segen,de
هبة كايل,Kayles Segen,de
هبة ياسو,Yasuos Segen,de
هدية عيد الميلاد,Geburtstagsgeschenk,de
هراوة المهاجم,Stürmerflegel,de
هوس فاروس,Varus Besessenheit,de
واحد واثنان وثلاثة,"Eins, zwei, drei",de
واحد، اثنان، خمسة!,"Eins, zwei, fünf!",de
واقي ذراع المطارد,Armschutz des Suchenden,de
وجه الروح,Geistessicht,de
وضع المتحدية,Herausforderer-Modus,de
وضع المستنسِخة,Replikator-Modus,de
وضع الوسيط,Kanalisierermodus,de
وكر البارون,Versteck des Barons,de
يأسٌ بلا نهاية,Endlose Verzweiflung,de
يد العدالة,Hand der Gerechtigkeit,de
เลือกคุณสมบัติ,Attribut wählen,de
Ấn Bắn Tỉa,Scharfschütze-Emblem,de
Ấn Can Trường,Bastion-Emblem,de
Ấn Chiêm Tinh,Sterndeuter-Emblem,de
Ấn Du Mục,Hirte-Emblem,de
Ấn Hành Tinh,Weltraum-Groove-Emblem,de
Ấn Hắc Tinh,Sternenvernichter-Emblem,de
Ấn N.O.V.A.,N.O.V.A.-Emblem,de
Ấn Siêu Linh,Psionisch-Emblem,de
Ấn Siêu Thú,Anima-Emblem,de
Ấn Thách Đấu,Herausforderer-Emblem,de
Ấn Thần Phán,Gebieter-Emblem,de
Ấn Thời Không,Zeitbrecher-Emblem,de
Ấn Tinh Linh Chuông,Meeple-Emblem,de
Ấn Tiên Phong,Frontkämpfer-Emblem,de
Ấn Toán Cướp,Marodeur-Emblem,de
Ấn Tộc Thượng Cổ,Primordianer-Emblem,de
Ấn Viễn Chinh,Wanderer-Emblem,de
Ấn Vô Pháp,Schurken-Emblem,de
Ấn Đấu Sĩ,Raufbold-Emblem,de
「三」之軍團,Die Legion der Drei,de
いつでも一緒,Wir halten zusammen,de
お得な2,Zu viel Wert,de
ここがセンター,Finde deine Mitte,de
ちょっとだけ魔法のダイス,Etwas magische Aktualisierung,de
はしごを登れ,Immer höher hinauf,de
へら,Pfannenwender,de
みんなでハグ,Gruppenumarmung,de
もっと小さな巨人,Winzigster Titan,de
もっと怖いキャップ,Tödlichere Hauben,de
アイオニック スパーク,Ionischer Funke,de
アイテム福袋,Gegenstand-Wundertüte,de
アカリ,Akali,de
アセンション,Aufstieg,de
アダプティブ ヘルム,Adaptiver Helm,de
アニマ,Anima,de
アニマの紋章,Anima-Emblem,de
アニマ司令官,Anima-Kommandant,de
アークエンジェル スタッフ,Stab des Erzengels,de
アーゴット,Urgot,de
アービター,Gebieter,de
アービターの紋章,Gebieter-Emblem,de
アーフの福袋,Urfs Wundertüte,de
アーフの策略,Urfs Gambit,de
アーリのオーラ,Ahris Aura,de
アーリの恩恵,Ahris Segen,de
イブリンの恩恵,Evelynns Segen,de
イブリンの直感,Evelynns Instinkt,de
イラオイ,Illaoi,de
インフィニティ エッジ,Klinge der Unendlichkeit,de
インフィニティの守護,Schutz der Unendlichkeit,de
イーブンシュラウド,Abendschleier,de
ウィッツ エンド,Ende der Weisheit,de
ウォーロードの名誉,Ehre des Kriegsfürsten,de
エイトロックス,Aatrox,de
エクスペディション,Expedition,de
エグザイル,Verbannte,de
エコーの忍耐,Ekkos Geduld,de
エコーの恩恵,Ekkos Segen,de
エズリアル,Ezreal,de
エピックなロールダウン,Epische Ladung,de
エポック,Epoche,de
オレリオン・ソル,Aurelion Sol,de
オレリオン・ソルの恩恵,Aurelion Sols Segen,de
オーグメントパワー,Augmentierte Macht,de
オーラ育成中,Aura-farmen,de
オーロラ,Aurora,de
オーン,Ornn,de
カイ＝サ,Kai'Sa,de
カナとカネ,Eiserne Güter,de
カフナフナ,Kahunahuna,de
カルマ,Karma,de
カースドのクラウン,Verfluchte Krone,de
ガーゴイル ストーンプレート,Steinpanzer des Wasserspeiers,de
キックスタート,Kickstart,de
キンドレッド,Kindred,de
ギャラクシー ハンター,Galaktischer Jäger,de
クイックシルバー,Quecksilber,de
クラウンガード,Kronwacht,de
クラーケンの怒り,Zorn des Kraken,de
クリティカル サクセス,Kritischer Erfolg,de
グインソー レイジブレード,Guinsoos Wutklinge,de
グウェン,Gwen,de
グラガス,Gragas,de
グラスキャノン,Glaskanone,de
グレイブス,Graves,de
ケイトリン,Caitlyn,de
ケイルの天昇,Kayles Hochgefühl,de
ケイルの恩恵,Kayles Segen,de
ケイルの暁光の天昇,Kayles strahlendes Hochgefühl,de
コグニティブ オーバーロード,Kognitive Überladung,de
コグニティブ タックス,Kognitive Steuer,de
コマンダー,Kommandant,de
コマース コア,Kommerzkern,de
コンジット,Kanalisierer,de
コンジットモード,Kanalisierermodus,de
コンパニオン作成,Baue einen Begleiter,de
コーキ,Corki,de
ゴーレム,Golem,de
サイオニック,Psionisch,de
サイオニックの紋章,Psionisch-Emblem,de
サイズが大事,Größe ist alles,de
サイバネティック アップリンク,Kybernetische Verbindung,de
サイバネティック インプラント,Kybernetische Implantate,de
サバイバー,Überlebender,de
サブスクリプション,Abo-Service,de
サミーラ,Samira,de
サンファイア ケープ,Sonnenfeuer-Umhang,de
サンファイア ボード,Sonnenfeuer-Brett,de
ザヤ,Xayah,de
ザ・タワー,Der Turm,de
シェン,Shen,de
シマースケールのエッセンス,Essenz der Schimmerschuppen,de
ショウジンの矛,Speer von Shojin,de
シルバーミアの夜明け,Dämmerung von Silbersee,de
シーカー アームガード,Armschutz des Suchenden,de
ジャイアント スレイヤー,Riesenschlächter,de
ジャイアント ベルト,Gürtel des Riesen,de
ジャイアント&マイティ,Groß und mächtig,de
ジャストヒット,Einfach treffen,de
ジャックス,Jax,de
ジュエル ガントレット,Juwelenbesetzter Handschuh,de
ジュエル ロータス,Juwelenbesetzter Lotus,de
ジン,Jhin,de
ジンクス,Jinx,de
ジークの使者,Zekes Herold,de
ジ＝ロット ポータル,Zz'Rot-Portal,de
スクラッパーの恩恵,Gefälligkeit des Schrotthändlers,de
スタティック シヴ,Statikks Stich,de
ステラコンボ,Sternen-Kombo,de
ステラックの篭手,Steraks Pegel,de
ステータスマシマシ,Tonnenweise Werte!,de
ストライカー フレイル,Stürmerflegel,de
スナイパー,Scharfschütze,de
スナイパーの紋章,Scharfschütze-Emblem,de
スパーリング グローブ,Kampfhandschuhe,de
スピリット ビサージュ,Geistessicht,de
スペクトラル カトラス,Spektrales Entermesser,de
スペースグルーヴ,Weltraum-Groove,de
スペースグルーヴの紋章,Weltraum-Groove-Emblem,de
スレッシュのランタン,Threshs Laterne,de
スレッシュの恩恵,Threshs Segen,de
セラフィムの杖,Flügelstab,de
ゼド,Zed,de
ゼファー,Zephir,de
ソウルの目覚め,Seelenerwachen,de
ソナ,Sona,de
ソラカの奇跡,Sorakas Wunder,de
ソラカの恩恵,Sorakas Segen,de
ソラリのロケット,Amulett der eisernen Solari,de
ソード オーバーフロー,Schwertüberfluss,de
ゾーイ,Zoe,de
タイタン ハイドラ,Titanische Hydra,de
タイムブレーカー,Zeitbrecher,de
タイムブレーカーの紋章,Zeitbrecher-Emblem,de
タクティシャンのケープ,Umhang des Taktikers,de
タクティシャンの台所,Taktikerküche,de
タクティシャンの王冠,Krone des Taktikers,de
タクティシャンの盾,Schild des Taktikers,de
タム・ケンチ,Tahm Kench,de
タロン,Talon,de
ターゲットロック スコープ,Zielerfassungslinse,de
ターミィプナル ヴェロシティー,Ter-Meep-nale Geschwindigkeit,de
ダイアナ,Diana,de
ダミー,Übungspuppe,de
ダミー化,Puppifizierung,de
ダークスター,Sternenvernichter,de
ダークスターの紋章,Sternenvernichter-Emblem,de
チェイン ベスト,Kettenweste,de
チャレンジャー,Herausforderer,de
チャレンジャーの紋章,Herausforderer-Emblem,de
チャレンジャーモード,Herausforderer-Modus,de
チャージトランスファー,Ladungstransfer,de
チョ＝ガス,Cho'Gath,de
チーム構築,Teambildung,de
ツイてる気分,Wie ist es um dein Glück bestellt?,de
ツイステッド・フェイト,Twisted Fate,de
ツインガーディアン,Zwillingswächter,de
ティーモ,Teemo,de
デスブレード,Klinge des Todes,de
デッドリアー ブレード,Tödlichere Klingen,de
デュオキュー,Duo-Warteschlange,de
トライフェクタ,Dreifaltigkeit,de
トレードセクター,Handelssektor,de
ドゥーマー,Vernichter,de
ドラゴン クロウ,Drachenklaue,de
ドローン アップリンク,Drohnenverbindung,de
ドーンコア,Dämmerkern,de
ナイト エッジ,Saum der Nacht,de
ナサス,Nasus,de
ナッシャー トゥース,Nashors Zahn,de
ナミ,Nami,de
ナー,Gnar,de
ヌヌ & ウィルンプ,Nunu & Willump,de
ネガトロン クローク,Negatron-Mantel,de
ハスラー,Gauner,de
ハンド オブ ジャスティス,Hand der Gerechtigkeit,de
バイオ物質保存装置,Biomassebewahrer,de
バスティオン,Bastion,de
バスティオンの紋章,Bastion-Emblem,de
バフが1つ、バフが2つ,"Ein Buff, zwei Buff",de
バロンの巣,Versteck des Barons,de
バースデー リユニオン,Geburtstags-Wiedervereinigung,de
バースデープレゼント,Geburtstagsgeschenk,de
バード,Bard,de
パイク,Pyke,de
パンテオン,Pantheon,de
パンドラのアイテム,Pandoras Gegenstände,de
パンドラのベンチ,Pandoras Bank,de
パーティーアニマル,Partytiger,de
ヒーリングオーブ,Heilende Kugeln,de
ビクター,Viktor,de
ビッグバン,Der Urknall,de
ファイアセール,Schlussverkauf,de
ファクトリー ニュー,Fabrikneu,de
フィオラ,Fiora,de
フィズ,Fizz,de
フィッシュボーン,Gräte,de
フェイトウィーバー,Schicksalsweber,de
フォビドゥン アイドル,Verbotener Götze,de
フォーが共にあらんことを,Mögen die Vier mit dir sein,de
フライパン,Bratpfanne,de
フリッカーブレード,Flimmerklingen,de
ブライアー,Briar,de
ブラッドサースター,Blutdürster,de
ブランブル ベスト,Dornenweste,de
ブリッツクランク,Blitzcrank,de
ブルワーク,Bollwerk,de
ブルーバフ,Blauer Buff,de
ブローラー,Raufbold,de
ブローラーの紋章,Raufbold-Emblem,de
ブースターパック,Booster-Packung,de
プライモーディアン,Primordianer,de
プライモーディアンの紋章,Primordianer-Emblem,de
プリズムチケット,Prismatisches Ticket,de
プロの殺し屋,Auftragsmörder,de
プロテクターの誓い,Schwur des Beschützers,de
プロボクサー,Preiskämpfer,de
プローラー クロウ,Klaue des Meuchlers,de
ヘクステック ガンブレード,Hextech-Gunblade,de
ヘッジファンド,Risikofonds,de
ベイガー,Veigar,de
ベストフレンド,Beste Freunde,de
ベルト オーバーフロー,Gürtel im Überfluss,de
ベル＝ヴェス,Bel'Veth,de
ホライゾン フォーカス,Horizontfokus,de
ボイジャー,Wanderer,de
ボイジャーの紋章,Wanderer-Emblem,de
ボカッ！,Bonk!,de
ボクシングのレッスン,Boxunterricht,de
ボディーガードの訓練,Leibwache-Training,de
ポッピー,Poppy,de
ポータブル フォージ,Tragbare Schmiede,de
マイティーロボ,Der mächtige Mecha,de
マオカイ,Maokai,de
マスター・イー,Master Yi,de
マックスビルド,Maximale Ausrüstung,de
マルウェア マトリックス,Malware-Matrix,de
マーターズ ヴァーチュ,Tugend des Märtyrers,de
ミィプシー,Meepsie,de
ミィプル,Meeple,de
ミィプルの紋章,Meeple-Emblem,de
ミスコネクション,Verfehlte Verbindung,de
ミス・フォーチュン,Miss Fortune,de
ミッションの再開,Wiederaufnahme der Mission,de
ミトン,Fäustlinge,de
ミニブラックホール,Kleines schwarzes Loch,de
ミニマックス,Min-Max,de
ミリオ,Milio,de
ムダニ デカイ ロッド,Übergroßer Stab,de
メイスの決意,Der Wille des Hammers,de
メカ,Mecha,de
モルガナ,Morgana,de
モルデカイザー,Mordekaiser,de
モレロノミコン,Morellonomikon,de
ヤスオのゴールドのマス,Yasuos Goldfeld,de
ヤスオのスポットライトをシェア,Yasuos „Teile das Rampenlicht“,de
ヤスオのブレードワーク,Yasuos Klingentanz,de
ヤスオの恩恵,Yasuos Segen,de
ライトシールドのクレスト,Lichtschild-Wappen,de
ラインナップ,Aufstellung,de
ラスト ウィスパー,Letzter Atemzug,de
ラッキーグローブ,Glückshandschuhe,de
ラバドン デスキャップ,Rabadons Todeshaube,de
ラピッド ファイアキャノン,Schnellfeuer-Geschütz,de
ラムス,Rammus,de
ラースト,Rhaast,de
リカーブ ボウ,Rekursivbogen,de
リサンドラ,Lissandra,de
リッチ ベイン,Fluch des Lichs,de
リデンプションの魂,Geist der Erlösung,de
リフトスカトル,Kluftkrabbler,de
リヴェン,Riven,de
ルブラン,LeBlanc,de
ルル,Lulu,de
ルーデン テンペスト,Ludens Sturm,de
レイトゲーム スケーリング,Skalierung im späten Spiel,de
レイトゲーム スペシャリスト,Endgame-Experte,de
レオナ,Leona,de
レク＝サイ,Rek'Sai,de
レッドバフ,Roter Buff,de
レプリケーター,Replikator,de
レプリケーターモード,Replikator-Modus,de
レベルアップ！,Neue Stufe!,de
ローグ,Schurke,de
ローグの紋章,Schurken-Emblem,de
ローリングデイズ,Aktualisierungstaumel,de
ワン、ツー、ファイブ！,"Eins, zwei, fünf!",de
ワンド オーバーフロー,Stabüberfluss,de
ワーモグ アーマー,Warmogs Rüstung,de
ヴァルスの執念,Varus Besessenheit,de
ヴァルスの恩恵,Varus' Segen,de
ヴァンガード,Frontkämpfer,de
ヴァンガードの紋章,Frontkämpfer-Emblem,de
ヴェックス,Vex,de
ヴォイド ガントレット,Leerenhandschuh,de
ヴォイド スタッフ,Leerenstab,de
一 二 三,"Eins, zwei, drei",de
一、二、五！,"Eins, zwei, fünf!",de
一个增益，两个增益,"Ein Buff, zwei Buff",de
一二三,"Eins, zwei, drei",de
一人前プレート,Solo-Steinpanzer,de
一個Buff，兩個Buff,"Ein Buff, zwei Buff",de
一击即中,Einfach treffen,de
一棒入魂！,Bonk!,de
一波带走俩,Zügiger Doppelkill,de
一生挚友,Beste Freunde,de
一生摯友,Beste Freunde,de
一着险棋,Riskante Aktionen,de
一致団結,Geeinter Halt,de
一致団結,Zusammenarbeit,de
一點點重抽魔法,Etwas magische Aktualisierung,de
一，二，三,"Eins, zwei, drei",de
一，二，五！,"Eins, zwei, fünf!",de
七彩棱镜入场券,Prismatisches Ticket,de
三幻神,Die Legion der Drei,de
三相庇护,Schutz der Unendlichkeit,de
三费军团,Die Legion der Drei,de
三連勝I,Dreifaltigkeit,de
三重奏,Dreifaltigkeit,de
三项赛,Dreifaltigkeit,de
上方移動,Aufwärtsmobilität,de
上进心,Aufwärtsmobilität,de
不侦察，不变阵,"KEIN UMSEHEN, KEIN WECHSELN",de
不偵察不換陣容,"KEIN UMSEHEN, KEIN WECHSELN",de
不完全アセンション,Teilaufstieg,de
不完全飛昇,Teilaufstieg,de
不屈,Der Unbeugsame,de
不屈鬥魂,Der Unbeugsame,de
不惜代價,Zu welchem Preis,de
不滅の協定,Ewiger Pakt,de
不破金鋼,Vergoldeter Stahl,de
不计代价,Zu welchem Preis,de
不適合者,Misfits,de
专属定制,Exklusive Feinabstimmung,de
专打后期,Endgame-Experte,de
专注火焰,Fokussiertes Feuer,de
两倍价值,Zu viel Wert,de
並肩作戰,Geeinter Halt,de
中堅自強,Finde deine Mitte,de
临时战甲,Improvisierte Rüstung,de
主人公補正,Knallhart,de
主角威能,Knallhart,de
丽桑卓,Lissandra,de
丽珊卓,Lissandra,de
乌尔加特,Urgot,de
乐芙兰,LeBlanc,de
乱れる思考,Chaotischer Geist,de
亚托克斯,Aatrox,de
亚索的共享聚光灯,Yasuos „Teile das Rampenlicht“,de
亚索的剑艺,Yasuos Klingentanz,de
亚索的恩赐,Yasuos Segen,de
亚索的黄金格,Yasuos Goldfeld,de
交易之星,Handelssektor,de
人多好辦事,Zusammenarbeit,de
人生切片,Ein Teil des Lebens,de
仕送り,Hilfspaket,de
仙灵斗士,Göttlicher Duellant,de
代价是什么,Zu welchem Preis,de
代償,Zu welchem Preis,de
仲裁者,Gebieter,de
仲裁者徽章,Gebieter-Emblem,de
仲間を作ろう,Baue einen Begleiter,de
仿生上行链,Kybernetische Verbindung,de
仿生植入物,Kybernetische Implantate,de
伊泽瑞尔,Ezreal,de
伊澤瑞爾,Ezreal,de
伊罗旖,Illaoi,de
伊羅旖,Illaoi,de
伊芙琳的增益,Evelynns Segen,de
伊芙琳的恩赐,Evelynns Segen,de
伊芙琳的本能,Evelynns Instinkt,de
伊芙琳的祝福,Evelynns Segen,de
休眠锻炉,Latente Schmiede,de
伸手摘星,Nach dem Himmel greifen,de
伸手摘群星,Nach dem Himmel greifen,de
低调炫耀,Aura-farmen,de
佐伊,Zoe,de
侵略者ゼド,Eindringling Zed,de
便携锻炉,Tragbare Schmiede,de
俄洛伊,Illaoi,de
保卫者之誓,Schwur des Beschützers,de
保衛者之誓,Schwur des Beschützers,de
保鑣訓練,Leibwache-Training,de
保镖训练,Leibwache-Training,de
修复型回响,Heilende Echos,de
俺だけレベルアップ,Solo-Leveling,de
值得等待,Das Warten wert,de
假人化,Puppifizierung,de
做多,Auf lange Sicht,de
偵察なし、変更なし,"KEIN UMSEHEN, KEIN WECHSELN",de
備用弓箭,Notfallbögen,de
储蓄账户,Sparkonto,de
價值爆棚,Zu viel Wert,de
儲蓄帳戶,Sparkonto,de
充能转移,Ladungstransfer,de
先知,Orakel,de
先見性,Vorausdenken,de
先鋒戰士,Frontkämpfer,de
先鋒戰士徽章,Frontkämpfer-Emblem,de
先锋战士,Frontkämpfer,de
先锋战士徽章,Frontkämpfer-Emblem,de
光明无赖,Strahlender Halunke,de
光盾之紋,Lichtschild-Wappen,de
光盾之纹,Lichtschild-Wappen,de
光盾徽章,Lichtschild-Wappen,de
入侵者 劫,Eindringling Zed,de
全力以赴,Bindende Verpflichtung,de
全新出厂,Fabrikneu,de
全身全霊,Bindende Verpflichtung,de
共感インプラント,Verständnisvolles Implantat,de
共感植入,Verständnisvolles Implantat,de
关,Gwen,de
关爱包裹,Hilfspaket,de
兹若特传送门,Zz'Rot-Portal,de
内瑟斯,Nasus,de
再起の呪印,Segen der Wiederbelebung,de
再造神兵,Fabrikneu,de
冒险举动,Riskante Aktionen,de
冕卫,Kronwacht,de
军工1号,Fabrikneu,de
冲击火炮,Schnellfeuer-Geschütz,de
冲榜战士,Immer höher hinauf,de
冷酷なるジークの使者,Zekes düsterer Herold,de
凋零的遗物,Verwittertes Relikt,de
凋零聖物,Verwittertes Relikt,de
凯尔的光明崇拜,Kayles strahlendes Hochgefühl,de
凯尔的升腾,Kayles Hochgefühl,de
凯尔的圣光升腾,Kayles strahlendes Hochgefühl,de
凯尔的增益,Kayles Segen,de
凯尔的崇拜,Kayles Hochgefühl,de
凯尔的恩赐,Kayles Segen,de
凯特琳,Caitlyn,de
凯莎,Kai'Sa,de
凱爾的祝福,Kayles Segen,de
凱爾的聖光讚頌,Kayles strahlendes Hochgefühl,de
凱爾的讚頌,Kayles Hochgefühl,de
凱特琳,Caitlyn,de
凱莎,Kai'Sa,de
出身豪门,Silberlöffel,de
出陣,Kriegspfad,de
刀劍湧流,Schwertüberfluss,de
刃馬合一,Kriegspfad,de
刃马合一,Kriegspfad,de
列队,Aufstellung,de
初級鏡像人格,Kleine gespiegelte Persona,de
利落保镖,Leibwache-Training,de
别再错过,Verfehlte Verbindung,de
刹雅,Xayah,de
刺藤胸甲,Dornenweste,de
刻苦钻研,Patientenstudie,de
前借り,Erweiterter Kredit,de
前排地基,Frontlinien-Fundament,de
前瞻思维,Vorausdenken,de
前線基礎,Frontlinien-Fundament,de
前線維持,Nicht nachlassen,de
前线地基,Frontlinien-Fundament,de
前衛の礎,Frontlinien-Fundament,de
剎雅,Xayah,de
剑之工匠,Schwertschmied,de
剣鍛冶,Schwertschmied,de
副作用,Nebenwirkungen,de
劍匠,Schwertschmied,de
力に鍛えられしもの,Durch Stärke geschmiedet,de
力の聖杯,Kelch der Macht,de
力炼之躯,Durch Stärke geschmiedet,de
力量圣杯,Kelch der Macht,de
力量聖杯,Kelch der Macht,de
力量鍛造,Durch Stärke geschmiedet,de
加速開始,Kickstart,de
劣化版鏡像のペルソナ,Kleine gespiegelte Persona,de
努努和威朗普,Nunu & Willump,de
劫,Zed,de
劫掠者,Marodeur,de
劫掠者徽章,Marodeur-Emblem,de
勒哈斯特,Rhaast,de
勒布朗,LeBlanc,de
勝ち抜け,Siegeszug,de
千珏,Kindred,de
升华护符,Amulett des Aufstiegs,de
升星之运,Das geht ab,de
升級！,Neue Stufe!,de
升级咯！,Neue Stufe!,de
升级！,Neue Stufe!,de
午餐錢,Geld fürs Mittagessen,de
午餐钱,Geld fürs Mittagessen,de
半导体,Halbleiter,de
半导体装置,Halbleiter,de
半導体,Halbleiter,de
半導體,Halbleiter,de
卑尔维斯,Bel'Veth,de
单身板甲,Solo-Steinpanzer,de
博弈开启,Kickstart,de
占星師,Sterndeuter,de
占星師徽章,Sterndeuter-Emblem,de
卡尔玛,Karma,de
卡帕果汁,Cappa-Trank,de
卡玛,Karma,de
卡瑪,Karma,de
卡胡纳胡纳,Kahunahuna,de
卡莎,Kai'Sa,de
卢登的激荡,Ludens Sturm,de
卢登骤雨,Ludens Sturm,de
即席アーマー,Improvisierte Rüstung,de
厄加特,Urgot,de
厄萨斯,Aatrox,de
厄薩斯,Aatrox,de
厄运小姐,Miss Fortune,de
厄運使者,Vernichter,de
厨神阿福,U.R.F.,de
友を鍛える,Schmiede einen Freund,de
双城赢家,Arcane-Viktor-y,de
双子守护神,Zwillingswächter,de
双子守护者,Zwillingswächter,de
双排,Duo-Warteschlange,de
反响,Klonprogramm,de
反曲之弓,Rekursivbogen,de
反曲弓,Rekursivbogen,de
发条加速器,Uhrwerk-Beschleuniger,de
发条增速器,Uhrwerk-Beschleuniger,de
受到星神赐福,Gottgesegnet,de
变形重组器,Rekombinator,de
叛逆者,Misfits,de
叛道者,Schurke,de
叛道者徽章,Schurken-Emblem,de
古拉加斯,Gragas,de
古拉格斯,Gragas,de
另辟新境,Selbstständig machen,de
叩きつけ,Schlag zu,de
可大可小,Min-Max,de
可疑風衣,Verdächtiger Trenchcoat,de
可疑风衣,Verdächtiger Trenchcoat,de
史提克弹簧刀,Statikks Stich,de
史提克彈簧刀,Statikks Stich,de
史特拉克手套,Steraks Pegel,de
史詩重抽,Epische Ladung,de
史诗重骰,Epische Ladung,de
吉茵珂丝,Jinx,de
吉茵珂絲,Jinx,de
后排蓝图,Blaupause für die hintere Reihe,de
后期专家,Endgame-Experte,de
后期成长,Skalierung im späten Spiel,de
后期收益,Skalierung im späten Spiel,de
向上流動,Aufwärtsmobilität,de
吶兒,Gnar,de
吸血の胆力,Vampir-Vitalität,de
吸血活力,Vampir-Vitalität,de
吸血活力I,Vampir-Vitalität,de
吸血生命力,Vampir-Vitalität,de
吾弓听命于您,Du hast meinen Bogen,de
吾弓效命於您,Du hast meinen Bogen,de
呐儿,Gnar,de
呪いの刃,Verfluchte Klinge,de
命懸けの戦い,Riskante Aktionen,de
命运祭司,Orakel,de
命运编织者,Schicksalsweber,de
命運編織者,Schicksalsweber,de
商业核心,Kommerzkern,de
單人磐核,Solo-Steinpanzer,de
嗜血者,Blutdürster,de
嘟嘟好,Einfach treffen,de
四费增援,Vier-Gold-Verstärkung,de
四重援軍,Vier-Gold-Verstärkung,de
回収箱,Recyclingtonne,de
回收再利用,Recyclingtonne,de
回春,Aufschwung,de
团队建设,Teambildung,de
圣光审判者,Erlöser,de
圣光捣蛋鬼,Strahlender Halunke,de
圣盾使的誓约,Schwur des Beschützers,de
地底寶藏,Vergrabene Schätze,de
均等法衣,Abendschleier,de
坚守前线,Nicht nachlassen,de
坚守防线,Nicht nachlassen,de
坚定之心,Unerschütterliches Herz,de
坚毅之心,Unerschütterliches Herz,de
坦度成双,Zu zäh,de
坦度雙倍,Zu zäh,de
埋もれた宝物,Vergrabene Schätze,de
埋藏的宝物,Vergrabene Schätze,de
基克的先驱,Zekes Herold,de
基克的阴森先驱,Zekes düsterer Herold,de
堅守前線,Nicht nachlassen,de
堅定之心,Unerschütterliches Herz,de
堡垒,Bollwerk,de
堡垒卫士,Bastion,de
堡垒卫士纹章,Bastion-Emblem,de
堡壘衛士,Bastion,de
堡壘衛士徽章,Bastion-Emblem,de
報復,Vergeltung,de
塔姆,Tahm Kench,de
塔楼,Der Turm,de
塔隆,Talon,de
增幅之力,Augmentierte Macht,de
增援部队,Vier-Gold-Verstärkung,de
壁垒,Bastion,de
壁垒徽章,Bastion-Emblem,de
备用弓,Notfallbögen,de
复仇,Vergeltung,de
复制,Klonprogramm,de
复制者,Replikator,de
复制者模式,Replikator-Modus,de
复活恩赐,Segen der Wiederbelebung,de
复活的恩赐,Segen der Wiederbelebung,de
复苏之风,Aufschwung,de
夕闇の加護,Ägide der Abenddämmerung,de
夜之锋刃,Saum der Nacht,de
夜明けの加護,Ägide der Morgendämmerung,de
夜色緣界,Saum der Nacht,de
夜色缘界,Saum der Nacht,de
大きな福袋,Große Wundertüte,de
大买特买,Einkaufsbummel,de
大剑溢流,Schwertüberfluss,de
大剑过载,Schwertüberfluss,de
大器晚成,Skalierung im späten Spiel,de
大型惊喜包,Große Wundertüte,de
大天使之杖,Stab des Erzengels,de
大家來抱抱,Gruppenumarmung,de
大小很重要,Größe ist alles,de
大百宝袋,Große Wundertüte,de
大禮包,Große Wundertüte,de
大而有力,Groß und mächtig,de
大霹雳星系,Der Urknall,de
大霹靂星系,Der Urknall,de
天外橫財,Geldmonsun,de
天煞,Galaktischer Jäger,de
天煞灭影：劫,Eindringling Zed,de
太空律动,Weltraum-Groove,de
太空律动徽章,Weltraum-Groove-Emblem,de
太空律动纹章,Weltraum-Groove-Emblem,de
太空律動,Weltraum-Groove,de
太空律動徽章,Weltraum-Groove-Emblem,de
失去联络,Verfehlte Verbindung,de
契約殺手,Auftragsmörder,de
奢侈品订购,Luxus-Abonnement,de
奢华订阅,Luxus-Abonnement,de
奥恩,Ornn,de
奥术 维克特式胜利,Arcane-Viktor-y,de
奥瑞利安·索尔,Aurelion Sol,de
奥瑞利安·索尔的恩赐,Aurelion Sols Segen,de
奧術：維克特必勝,Arcane-Viktor-y,de
女武神的祝福,Gefälligkeit des Schrotthändlers,de
女神の涙,Träne der Göttin,de
女神之泪,Träne der Göttin,de
女神之淚,Träne der Göttin,de
好きなだけ泣くがいい,Heul doch …,de
好战者的恩赐,Gefälligkeit des Schrotthändlers,de
好战者铠甲,Warmogs Rüstung,de
好戰者鎧甲,Warmogs Rüstung,de
好运姐,Miss Fortune,de
好运手套,Glückshandschuhe,de
好運姐,Miss Fortune,de
好運手套,Glückshandschuhe,de
娑娜,Sona,de
娜米,Nami,de
娜美,Nami,de
存心失利,Berechneter Verlust,de
孤身铁铠,Solo-Steinpanzer,de
宇宙の再起,Kosmischer Neubeginn,de
宇宙大爆炸,Der Urknall,de
宇宙重启,Kosmischer Neubeginn,de
宇宙重啟,Kosmischer Neubeginn,de
守望者之友,Verbündeter des Beschützers,de
守望者的盟友,Verbündeter des Beschützers,de
宝宝学院,Frühe Erkenntnisse,de
宝探し,Schatzjagd,de
宝石手套,Juwelenbesetzter Handschuh,de
寂静法衣,Tuch der Stille,de
寂靜法衣,Tuch der Stille,de
密银黎明,Dämmerung von Silbersee,de
寶石手套,Juwelenbesetzter Handschuh,de
对冲基金,Risikofonds,de
寻宝,Schatzjagd,de
寻宝之旅,Schatzjagd,de
导能者,Kanalisierer,de
导能者模式,Kanalisierermodus,de
專打後期,Endgame-Experte,de
尋寶遊戲,Schatzjagd,de
導き手,Hirte,de
導き手の紋章,Hirte-Emblem,de
小さくても強烈,"Winzig, aber tödlich",de
小さな仲間たち,Kleine Freunde,de
小さな巨人,Winzige Titanen,de
小さな福袋,Kleine Wundertüte,de
小伙伴,Kleine Freunde,de
小偷小摸,Stibitzen,de
小型惊喜包,Kleine Wundertüte,de
小型禮包,Kleine Wundertüte,de
小小伙伴,Kleine Freunde,de
小小夥伴,Kleine Freunde,de
小小大英雄,Winzige Titanen,de
小小泰坦,Winzigster Titan,de
小小福袋,Kleine Wundertüte,de
小巧但致命,"Winzig, aber tödlich",de
小巨人,Winzige Titanen,de
小木灵,Meepsie,de
小米普,Meepsie,de
小而致命,"Winzig, aber tödlich",de
就差你一個,Verfehlte Verbindung,de
尺寸至上,Größe ist alles,de
尺有所短、寸有所长,Größe ist alles,de
峡谷迅捷蟹,Kluftkrabbler,de
崇高の冒険,Ein erhabenes Abenteuer,de
崇高冒险,Ein erhabenes Abenteuer,de
崔斯特,Twisted Fate,de
巧みなクラフト,Raffinierte Herstellung,de
巨人の誓い,Entschlossenheit des Titanen,de
巨人之力,Groß und mächtig,de
巨人杀手,Riesenschlächter,de
巨人殺手,Riesenschlächter,de
巨人腰带,Gürtel des Riesen,de
巨人腰帶,Gürtel des Riesen,de
巨型九头蛇,Titanische Hydra,de
巨型魔棒,Übergroßer Stab,de
巨大強悍,Groß und mächtig,de
巨龙之爪,Drachenklaue,de
巫妖之祸,Fluch des Lichs,de
巫妖之禍,Fluch des Lichs,de
巴德,Bard,de
巴龍巢穴,Versteck des Barons,de
巴龙幻域,Versteck des Barons,de
布蕾尔,Briar,de
布蕾爾,Briar,de
布里茨,Blitzcrank,de
帽子ジュース,Cappa-Trank,de
帽子饮品,Cappa-Trank,de
帽帽果汁,Cappa-Trank,de
平底鍋,Bratpfanne,de
平底锅,Bratpfanne,de
并肩作战,Geeinter Halt,de
幸存者,Überlebender,de
幸运手套,Glückshandschuhe,de
幻灵战队,Anima,de
幻灵战队纹章,Anima-Emblem,de
幻灵指挥官,Anima-Kommandant,de
幽冥煞星,Sternenvernichter,de
幽冥煞星徽章,Sternenvernichter-Emblem,de
幽魂弯刀,Spektrales Entermesser,de
広がる根,Wachsende Wurzeln,de
庇護者のお供,Verbündeter des Beschützers,de
库奇,Corki,de
应急护甲,Improvisierte Rüstung,de
应急护盾,Knallhart,de
庫奇,Corki,de
建立團隊,Teambildung,de
开摆,Abwesend,de
异类,Misfits,de
弓の誓い,Du hast meinen Bogen,de
強制中離,Abwesend,de
強力投入,Bindende Verpflichtung,de
強化包,Booster-Packung,de
强制中离,Abwesend,de
强化之能量,Augmentierte Macht,de
强大机甲,Der mächtige Mecha,de
强袭者的链枷,Stürmerflegel,de
当头棒喝！,Bonk!,de
影の操り人形,Schattenpuppe,de
影子木偶,Schattenpuppe,de
影忍煞星：劫,Eindringling Zed,de
征战之路,Kriegspfad,de
待つ価値あり,Das Warten wert,de
後排藍圖,Blaupause für die hintere Reihe,de
後衛の設計図,Blaupause für die hintere Reihe,de
復仇,Vergeltung,de
復刻師,Replikator,de
復刻師模式,Replikator-Modus,de
復活祝福,Segen der Wiederbelebung,de
循序漸進,Ein Teil des Lebens,de
微光龍鱗精粹,Essenz der Schimmerschuppen,de
微光龙鳞精萃,Essenz der Schimmerschuppen,de
心之抗防,Herz aus Stahl,de
心之钢,Herz aus Stahl,de
心身統御のペンダント,Verstärkendes Amulett,de
忍耐の美徳,Geduld ist eine Tugend,de
忍耐是美德,Geduld ist eine Tugend,de
快速入门,Kickstart,de
思惑買い,Auf lange Sicht,de
思緒清晰,Klarer Geist,de
思緒雜亂,Chaotischer Geist,de
思绪杂乱,Chaotischer Geist,de
思绪清晰,Klarer Geist,de
怪しげなトレンチコート,Verdächtiger Trenchcoat,de
怪咖集合,Misfits,de
恶意变现,Boshafte Monetarisierung,de
恶意货币化,Boshafte Monetarisierung,de
恶意软件矩阵,Malware-Matrix,de
恶火小斧,Kriegsbeil des Höllenfeuers,de
恶鲨火箭,Gräte,de
惡性經營,Boshafte Monetarisierung,de
惡意程式矩陣,Malware-Matrix,de
惡鯊火箭,Gräte,de
想定内の意外性,Erwartetes Unerwartetes,de
意料之中的意外,Erwartetes Unerwartetes,de
愿四费与你同在,Mögen die Vier mit dir sein,de
慎,Shen,de
成吨数据！,Tonnenweise Werte!,de
成吨的属性！,Tonnenweise Werte!,de
我们团结一致,Wir halten zusammen,de
我弓于你手,Du hast meinen Bogen,de
我独自升级,Solo-Leveling,de
战时补给：反曲之弓,Notfallbögen,de
战时补给：女神之泪,Fließende Tränen,de
战时补给：拳套,Kritischer Erfolg,de
战时补给：无用大棒,Fortwährende Beschwörung,de
战时补给：暴风大剑,Bahne dir den Weg,de
战神的荣耀,Ehre des Kriegsfürsten,de
戦略的敗北,Berechneter Verlust,de
戰國軍閥之榮耀,Ehre des Kriegsfürsten,de
戰錘意志,Der Wille des Hammers,de
手套,Fäustlinge,de
手气不错,Wie ist es um dein Glück bestellt?,de
打手连枷,Stürmerflegel,de
打手連枷,Stürmerflegel,de
打捞桶,Recyclingtonne,de
打造夥伴,Baue einen Begleiter,de
扩展包,Booster-Packung,de
投資,Investiert,de
投資完了,Investiert,de
投资,Investiert,de
抽好抽滿I,Aktualisierungstaumel,de
拉亚斯特,Rhaast,de
拉姆斯,Rammus,de
拉莫斯,Rammus,de
拓展包,Booster-Packung,de
招兵买马,Neuer Rekrut,de
招兵買馬,Neuer Rekrut,de
拥抱,Gruppenumarmung,de
拳击训练,Boxunterricht,de
拳击课程,Boxunterricht,de
拳套,Kampfhandschuhe,de
拳擊訓練,Boxunterricht,de
拳擊選手,Preiskämpfer,de
指挥官,Kommandant,de
指揮官,Kommandant,de
挑个好伙计！,Baue einen Begleiter,de
挑战者,Herausforderer,de
挑战者徽章,Herausforderer-Emblem,de
挑战者模式,Herausforderer-Modus,de
挑战者纹章,Herausforderer-Emblem,de
挖角,Stibitzen,de
振奋盔甲,Geistessicht,de
振奮盔甲,Geistessicht,de
排兵布阵,Aufstellung,de
探索者护腕,Armschutz des Suchenden,de
探索者的护臂,Armschutz des Suchenden,de
探索者護腕,Armschutz des Suchenden,de
提摩,Teemo,de
提莫,Teemo,de
援護の弓,Notfallbögen,de
揺るがぬ心,Unerschütterliches Herz,de
携带型打铁铺,Tragbare Schmiede,de
携手合作,Zusammenarbeit,de
摇钱树,Geldmonsun,de
摘星之志,Nach dem Himmel greifen,de
攀升之階I,Immer höher hinauf,de
攀登天梯,Immer höher hinauf,de
攜帶型打鐵舖,Tragbare Schmiede,de
攜手同行,Wir halten zusammen,de
支配宝匣,Verstärkendes Amulett,de
支配寶匣,Verstärkendes Amulett,de
放電,Elektroladung,de
救世主,Erlöser,de
救済者,Erlöser,de
救赎之灵,Geist der Erlösung,de
救赎盔甲,Geist der Erlösung,de
散件丰收日,Komponentenraub,de
斗士,Raufbold,de
斗士纹章,Raufbold-Emblem,de
斗神,Göttlicher Duellant,de
斗神的恩赐,Gefälligkeit des Schrotthändlers,de
斜槓英雄,Selbstständig machen,de
斯塔缇克电刃,Statikks Stich,de
斯特拉克的挑战护手,Steraks Pegel,de
新人入队,Neuer Rekrut,de
新兵,Neuer Rekrut,de
新星特攻队,N.O.V.A.,de
新星特攻队纹章,N.O.V.A.-Emblem,de
新纪元,Epoche,de
旅人,Wanderer,de
旅人纹章,Wanderer-Emblem,de
无人机上行链路,Drohnenverbindung,de
无尽之刃,Klinge der Unendlichkeit,de
无尽守护,Schutz der Unendlichkeit,de
无尽绝望,Endlose Verzweiflung,de
无差别攻击,Willkürlicher Killer,de
无差别杀手,Willkürlicher Killer,de
无用大棒,Übergroßer Stab,de
无终恨意,Endlose Verzweiflung,de
日炎斗篷,Sonnenfeuer-Umhang,de
日炎棋盘,Sonnenfeuer-Brett,de
日炎燎原,Sonnenfeuer-Brett,de
日輪的加冕,Amulett der eisernen Solari,de
日轮的加冕,Amulett der eisernen Solari,de
早期教育,Frühe Erkenntnisse,de
昇華護符,Amulett des Aufstiegs,de
明智消费,Weise Ausgaben,de
明鏡止水,Klarer Geist,de
易,Master Yi,de
易大师,Master Yi,de
易大師,Master Yi,de
星の観測者,Sterndeuter,de
星の観測者の紋章,Sterndeuter-Emblem,de
星を目指して,Nach dem Himmel greifen,de
星光连击,Sternen-Kombo,de
星光連鎖,Sternen-Kombo,de
星界壁壘,Bollwerk,de
星界连招,Sternen-Kombo,de
星界重启,Kosmischer Neubeginn,de
星際旅人,Wanderer,de
星際旅人徽章,Wanderer-Emblem,de
星靈牧者,Hirte,de
星靈牧者徽章,Hirte-Emblem,de
昼食代,Geld fürs Mittagessen,de
時計仕掛けの加速装置,Uhrwerk-Beschleuniger,de
時間破壞者,Zeitbrecher,de
時間破壞者徽章,Zeitbrecher-Emblem,de
普通の日々,Ein Teil des Lebens,de
普通預金口座,Sparkonto,de
智商稅,Kognitive Steuer,de
智慧末刃,Ende der Weisheit,de
暗影傀儡,Schattenpuppe,de
暗影木偶,Schattenpuppe,de
暗星,Sternenvernichter,de
暗星纹章,Sternenvernichter-Emblem,de
暗行者之爪,Klaue des Meuchlers,de
暗黑女士,Dunkle Dame,de
暮光铁壁,Bollwerk,de
暮夜之盾,Ägide der Abenddämmerung,de
暴击式成功,Kritischer Erfolg,de
暴風之劍,Riesenschwert,de
暴风之剑,Riesenschwert,de
暴风大剑,Riesenschwert,de
曙光核心,Dämmerkern,de
更致命之刃,Tödlichere Klingen,de
更要命的帽子,Tödlichere Hauben,de
更要命的战刃,Tödlichere Klingen,de
最佳好友,Beste Freunde,de
最后的轻语,Letzter Atemzug,de
最后耳语,Letzter Atemzug,de
最后赢家,Siegeszug,de
最大最小化,Min-Max,de
最小巨人,Winzigster Titan,de
最強の四配者,Vier-Gold-Verstärkung,de
最强构筑,Maximale Ausrüstung,de
最後耳語,Letzter Atemzug,de
最高指挥官,Kommandant,de
有効活用,Zu etwas nütze,de
有用之材,Zu etwas nütze,de
朔极之矛,Speer von Shojin,de
木偶化,Puppifizierung,de
木灵族,Meeple,de
木灵族纹章,Meeple-Emblem,de
未来の鍛冶場,Latente Schmiede,de
未来战士,Zeitbrecher,de
未来战士纹章,Zeitbrecher-Emblem,de
末日使者,Vernichter,de
机甲神盾,Mecha,de
杀出血路,Bahne dir den Weg,de
权杖意志,Der Wille des Hammers,de
杖之工匠,Stabschmied,de
杖匠,Stabschmied,de
杖鍛冶,Stabschmied,de
来个好伙计,Baue einen Begleiter,de
极光,Aurora,de
极限拉满,Min-Max,de
构筑一名伙伴：,Baue einen Begleiter,de
枯朽の遺物,Verwittertes Relikt,de
枯死の宝石,Pestjuwel,de
枯萎圣物,Verwittertes Relikt,de
枯萎宝石,Pestjuwel,de
枯萎寶石,Pestjuwel,de
枯萎珠宝,Pestjuwel,de
柔依,Zoe,de
柔軟性,Flexibel,de
根絶者,Vernichter,de
格斗手套,Kampfhandschuhe,de
格温,Gwen,de
格雷福斯,Graves,de
格鬥手套,Kampfhandschuhe,de
棋手之盾,Schild des Taktikers,de
棋手厨房,Taktikerküche,de
棋手廚房,Taktikerküche,de
棋手披風,Umhang des Taktikers,de
棋手斗篷,Umhang des Taktikers,de
棋手皇冠,Krone des Taktikers,de
棋手盾牌,Schild des Taktikers,de
棘刺背心,Dornenweste,de
棱彩门票,Prismatisches Ticket,de
極速快手,Herausforderer,de
極速快手徽章,Herausforderer-Emblem,de
極速快手模式,Herausforderer-Modus,de
構成拡大,Selbstständig machen,de
模控機械上鏈,Kybernetische Verbindung,de
模控機械移植,Kybernetische Implantate,de
機械戰甲,Mecha,de
次级镜像人格面具,Kleine gespiegelte Persona,de
次级镜影化身,Kleine gespiegelte Persona,de
歐羅拉,Aurora,de
正义之手,Hand der Gerechtigkeit,de
正义手套,Hand der Gerechtigkeit,de
正义报复,Vergeltung,de
正義手套,Hand der Gerechtigkeit,de
武斗家,Raufbold,de
武斗家徽章,Raufbold-Emblem,de
武装战姬,Panzerwalküre,de
武鬥家,Raufbold,de
武鬥家徽章,Raufbold-Emblem,de
歩く鍛冶場,Lebende Schmiede,de
死亡之刃,Klinge des Todes,de
死亡之帽,Rabadons Todeshaube,de
死得有價值I,Zu etwas nütze,de
死神之刃,Klinge des Todes,de
歼灭者,Vernichter,de
殉道美德,Tugend des Märtyrers,de
殺出血路,Bahne dir den Weg,de
水乳交融,Wir halten zusammen,de
水銀兜帽,Quecksilber,de
水银,Quecksilber,de
水银兜帽,Quecksilber,de
永恆契約,Ewiger Pakt,de
永恒契约,Ewiger Pakt,de
永续召唤,Fortwährende Beschwörung,de
汪星机器人,Partytiger,de
沈黙の帳,Tuch der Stille,de
沉重王冠,Schwer ist die Krone,de
河蟹,Kluftkrabbler,de
治疗法球,Heilende Kugeln,de
治療靈球,Heilende Kugeln,de
治癒回音,Heilende Echos,de
法官,Gebieter,de
法官纹章,Gebieter-Emblem,de
法杖工匠,Stabschmied,de
法杖溢流,Stabüberfluss,de
法洛士的執念,Varus Besessenheit,de
法洛士的增益,Varus' Segen,de
法洛士的执念,Varus Besessenheit,de
法洛士的祝福,Varus' Segen,de
波比,Poppy,de
泪流不止,Fließende Tränen,de
泪流成河,Heul doch …,de
泰坦九头蛇,Titanische Hydra,de
泰坦九頭蛇,Titanische Hydra,de
泰坦的决意,Entschlossenheit des Titanen,de
泰坦的坚决,Entschlossenheit des Titanen,de
泰坦的決意,Entschlossenheit des Titanen,de
泰隆,Talon,de
活体锻炉,Lebende Schmiede,de
活火炉,Lebende Schmiede,de
活火爐,Lebende Schmiede,de
派上用场,Zu etwas nütze,de
派克,Pyke,de
派对大咖,Partytiger,de
派對咖,Partytiger,de
流れる涙,Fließende Tränen,de
流亡孤军,Verbannte,de
流亡孤軍,Verbannte,de
浪人,Verbannte,de
海克斯科技枪刃,Hextech-Gunblade,de
海克斯科技槍刃,Hextech-Gunblade,de
海妖之怒,Zorn des Kraken,de
海牛阿福的锅铲战术,Urfs Gambit,de
海魔人,Primordianer,de
海魔人纹章,Primordianer-Emblem,de
淚光閃閃,Fließende Tränen,de
淚如泉湧,Heul doch …,de
混乱回復装置,Rekombinator,de
混乱的呼唤,Ruf des Chaos,de
混沌への呼び声,Ruf des Chaos,de
混沌召唤,Ruf des Chaos,de
混沌召喚,Ruf des Chaos,de
清晰头脑,Klarer Geist,de
游侠,Schurke,de
游侠纹章,Schurken-Emblem,de
游神的盟友,Verbündeter des Beschützers,de
源计划上行链路,Kybernetische Verbindung,de
源计划植入,Kybernetische Implantate,de
滚起优势,Das geht ab,de
漫游者,Wanderer,de
漫游者徽章,Wanderer-Emblem,de
潘多拉的备战区,Pandoras Bank,de
潘多拉的道具,Pandoras Gegenstände,de
潘朵拉的備戰區,Pandoras Bank,de
潘朵拉的备战席,Pandoras Bank,de
潘朵拉的装备,Pandoras Gegenstände,de
潘朵拉的道具,Pandoras Gegenstände,de
潘森,Pantheon,de
潛在火爐,Latente Schmiede,de
潛行者之爪,Klaue des Meuchlers,de
潜心锻造,Latente Schmiede,de
潜行者之爪,Klaue des Meuchlers,de
激发之匣,Verstärkendes Amulett,de
火上浇油,Schüre das Feuer,de
火热促销,Schlussverkauf,de
火爆甩卖,Schlussverkauf,de
灭世者的死亡之帽,Rabadons Todeshaube,de
灭星尊,Vernichter,de
灵气农兵,Aura-farmen,de
灵活变通,Flexibel,de
灵活摇摆,Flexibel,de
灵能特工,Psionisch,de
灵能特工纹章,Psionisch-Emblem,de
灵能者,Psionisch,de
灵能者徽章,Psionisch-Emblem,de
灵风,Zephir,de
灵魂唤醒,Seelenerwachen,de
灵魂觉醒,Seelenerwachen,de
炎を強めて,Schüre das Feuer,de
点击即送,Einfach treffen,de
炽天使之拥,Flügelstab,de
炽天使之杖,Flügelstab,de
烁刃,Flimmerklingen,de
烈士之德,Tugend des Märtyrers,de
烈士美德,Tugend des Märtyrers,de
烏爾加特,Urgot,de
烬,Jhin,de
無人機上鏈,Drohnenverbindung,de
無差別屠殺,Willkürlicher Killer,de
無差別殺人者,Willkürlicher Killer,de
無盡之刃,Klinge der Unendlichkeit,de
無盡絕望,Endlose Verzweiflung,de
無限守護,Schutz der Unendlichkeit,de
煞蜜拉,Samira,de
煽风点火,Schüre das Feuer,de
熊熊火勢,Schüre das Feuer,de
熾天使之杖,Flügelstab,de
營造氣場,Aura-farmen,de
燼,Jhin,de
燼滅之華,Vernichter,de
爆炸式增长,Explosives Wachstum,de
爆炸性成長,Explosives Wachstum,de
爆発的成長,Explosives Wachstum,de
爱心包裹,Hilfspaket,de
爱欧尼亚星火,Ionischer Funke,de
牧羊人,Hirte,de
牧羊人纹章,Hirte-Emblem,de
牧魂人,Hirte,de
牧魂人徽章,Hirte-Emblem,de
物尽其用,Schlag zu,de
物資箱,Hilfspaket,de
特性の書,Wälzer der Attribute,de
特性の木,Der Attributsbaum,de
特性を選択,Attribut wählen,de
特性之树,Der Attributsbaum,de
特性典籍,Wälzer der Attribute,de
特性神木,Der Attributsbaum,de
犽宿之共享光采,Yasuos „Teile das Rampenlicht“,de
犽宿的共享光采,Yasuos „Teile das Rampenlicht“,de
犽宿的剑术,Yasuos Klingentanz,de
犽宿的增益,Yasuos Segen,de
犽宿的祝福,Yasuos Segen,de
犽宿的迅雷之技,Yasuos Klingentanz,de
犽宿的黃金棋格,Yasuos Goldfeld,de
犽宿的黄金格子,Yasuos Goldfeld,de
狂徒铠甲,Warmogs Rüstung,de
狂战士,Marodeur,de
狂战士纹章,Marodeur-Emblem,de
狙击专家,Scharfschütze,de
狙击专家徽章,Scharfschütze-Emblem,de
狙擊專家,Scharfschütze,de
狙擊專家徽章,Scharfschütze-Emblem,de
狙神,Scharfschütze,de
狙神纹章,Scharfschütze-Emblem,de
独自升级,Solo-Leveling,de
狱火战斧,Kriegsbeil des Höllenfeuers,de
猛将的荣耀,Ehre des Kriegsfürsten,de
猩红报偿,Blutzoll,de
獄火手斧,Kriegsbeil des Höllenfeuers,de
獄炎のハチェット,Kriegsbeil des Höllenfeuers,de
獨自升等,Solo-Leveling,de
王冠とは重きもの,Schwer ist die Krone,de
王冠之重,Schwer ist die Krone,de
玻璃大炮,Glaskanone,de
玻璃大砲I,Glaskanone,de
珍藏财宝,Vergrabene Schätze,de
珠光护手,Juwelenbesetzter Handschuh,de
珠光莲花,Juwelenbesetzter Lotus,de
珠光蓮花II,Juwelenbesetzter Lotus,de
瑟雷西的增益,Threshs Segen,de
瑟雷西的灯笼,Threshs Laterne,de
瑟雷西的燈籠,Threshs Laterne,de
瑟雷西的祝福,Threshs Segen,de
璐璐,Lulu,de
甘いおやつ,Süße Leckereien,de
甜点,Süße Leckereien,de
生存专家,Überlebender,de
生存專家,Überlebender,de
生日团聚,Geburtstags-Wiedervereinigung,de
生日團聚,Geburtstags-Wiedervereinigung,de
生日礼物,Geburtstagsgeschenk,de
生日禮物,Geburtstagsgeschenk,de
生日聚会,Geburtstags-Wiedervereinigung,de
生根发芽,Wachsende Wurzeln,de
生活片段,Ein Teil des Lebens,de
生涯ブロンズ,"Einmal Bronze, immer Bronze",de
生物材料保存,Biomassebewahrer,de
生物质保存剂,Biomassebewahrer,de
生物质维护器,Biomassebewahrer,de
由二生D,Zu viel Wert,de
电光反击,Elektroladung,de
电火花,Elektroladung,de
电荷转移I,Ladungstransfer,de
男爵幻域,Versteck des Barons,de
略奪者,Marodeur,de
略奪者の紋章,Marodeur-Emblem,de
疗愈回响,Heilende Echos,de
疾射火炮,Schnellfeuer-Geschütz,de
疾速双杀,Zügiger Doppelkill,de
疾速雙殺,Zügiger Doppelkill,de
癒しのこだま,Heilende Echos,de
登上最高峰,Siegeszug,de
發條加速器,Uhrwerk-Beschleuniger,de
百兽,Anima,de
百兽指挥官,Anima-Kommandant,de
百兽特攻队徽章,Anima-Emblem,de
百獸,Anima,de
百獸指揮官,Anima-Kommandant,de
百獸特攻隊徽章,Anima-Emblem,de
皇冠守衛,Kronwacht,de
盗賊のグローブ,Handschuhe des Diebs,de
盗賊団,Diebesbande,de
盗賊団 II,Diebesbande II,de
盜取,Stibitzen,de
盧登驟雨,Ludens Sturm,de
目标锁定光学仪,Zielerfassungslinse,de
目標鎖定光學,Zielerfassungslinse,de
真派氣功,Kahunahuna,de
石像鬼盘核,Steinpanzer des Wasserspeiers,de
石像鬼石板甲,Steinpanzer des Wasserspeiers,de
石像鬼磐核,Steinpanzer des Wasserspeiers,de
研究熱心,Patientenstudie,de
砰地重击,Schlag zu,de
砰爆,Vernichter,de
破时者,Zeitbrecher,de
破时者徽章,Zeitbrecher-Emblem,de
破曉之核,Dämmerkern,de
砸起來,Schlag zu,de
硬性承诺,Bindende Verpflichtung,de
碰撞测试假人,Crash-Test-Dummies,de
碰撞測試,Crash-Test-Dummies,de
神の祝福,Gottgesegnet,de
神の鍛冶場,Unübertreffliche Schmiede,de
神之祝福,Gottgesegnet,de
神偷军团,Diebesbande,de
神偷军团 II,Diebesbande II,de
神偷軍團,Diebesbande,de
神偷軍團 II,Diebesbande II,de
神力天铸,Durch Stärke geschmiedet,de
神化锻炉,Unübertreffliche Schmiede,de
神寵者,Gottgesegnet,de
神影刺客,Schurke,de
神影刺客徽章,Schurken-Emblem,de
神聖熔爐,Unübertreffliche Schmiede,de
神託,Orakel,de
神諭,Orakel,de
神谕,Kanalisierer,de
神谕模式,Kanalisierermodus,de
神赐锻炉,Unübertreffliche Schmiede,de
神鬥士,Göttlicher Duellant,de
禁忌之像,Verbotener Götze,de
禁忌雕像,Verbotener Götze,de
离子火花,Ionischer Funke,de
私房錢,Gauner,de
私房钱,Gauner,de
科加斯,Cho'Gath,de
秘传奥义,Kahunahuna,de
稜鏡票券,Prismatisches Ticket,de
穢れたヴァンパイア セプター,Verdorbenes vampirisches Zepter,de
究極暴擊,Kritischer Erfolg,de
窃盗,Stibitzen,de
窃贼帮派,Diebesbande,de
窃贼帮派 II,Diebesbande II,de
窃贼手套,Handschuhe des Diebs,de
竊賊手套,Handschuhe des Diebs,de
米利欧,Milio,de
米普,Meepsie,de
米普,Meeple,de
米普徽章,Meeple-Emblem,de
米普星人,Meeple,de
米普星人徽章,Meeple-Emblem,de
米普終端速度,Ter-Meep-nale Geschwindigkeit,de
米里欧,Milio,de
米里歐,Milio,de
精心打造,Raffinierte Herstellung,de
精心製作,Raffinierte Herstellung,de
精打細算,Weise Ausgaben,de
精打细算,Weise Ausgaben,de
精进之矛,Speer von Shojin,de
精進之矛,Speer von Shojin,de
紀元,Epoche,de
紅Buff,Roter Buff,de
納什之牙,Nashors Zahn,de
納瑟斯,Nasus,de
素材アイテムヘイスト,Komponentenraub,de
紡がれし魔法,Verwobene Magie,de
索娜,Sona,de
索拉卡的增益,Sorakas Segen,de
索拉卡的奇蹟,Sorakas Wunder,de
索拉卡的奇迹,Sorakas Wunder,de
索拉卡的恩赐,Sorakas Segen,de
索拉卡的祝福,Sorakas Segen,de
終わりなき絶望,Endlose Verzweiflung,de
組件強盜,Komponentenraub,de
絶好調,Das geht ab,de
維克特,Viktor,de
維迦,Veigar,de
縮小手套,Fäustlinge,de
红增益,Roter Buff,de
红霸符,Roter Buff,de
纪年伊始,Epoche,de
纳什之牙,Nashors Zahn,de
纳尔,Gnar,de
纳瑟斯,Nasus,de
纷乱头脑,Chaotischer Geist,de
纹章之书,Wälzer der Attribute,de
纺织魔法,Verwobene Magie,de
组件劫案,Komponentenraub,de
织命人,Schicksalsweber,de
终端米普速度,Ter-Meep-nale Geschwindigkeit,de
终身青铜,"Einmal Bronze, immer Bronze",de
终身黄铜,"Einmal Bronze, immer Bronze",de
绝境反击,Gelungenes Comeback,de
维克托,Viktor,de
维克特,Viktor,de
维迦,Veigar,de
编织魔法,Verwobene Magie,de
羁绊树,Der Attributsbaum,de
美味甜點,Süße Leckereien,de
翱銳龍獸,Aurelion Sol,de
翱銳龍獸的祝福,Aurelion Sols Segen,de
翱锐龙兽,Aurelion Sol,de
翱锐龙兽的增益,Aurelion Sols Segen,de
耐心学习,Patientenstudie,de
耐心學習,Patientenstudie,de
耐心是一种美德,Geduld ist eine Tugend,de
耐心是美德,Geduld ist eine Tugend,de
职业杀手,Auftragsmörder,de
联合作战,Geeinter Halt,de
聖なる決闘者,Göttlicher Duellant,de
聖光無賴,Strahlender Halunke,de
能力值大補包,Tonnenweise Werte!,de
能量圣杯,Kelch der Macht,de
脫穎而出,Siegeszug,de
腐蚀,Korrosion,de
腐蝕,Korrosion,de
腐败吸血鬼权杖,Verdorbenes vampirisches Zepter,de
腐食,Korrosion,de
腰带溢流,Gürtel im Überfluss,de
腰带过载,Gürtel im Überfluss,de
腰帶多多,Gürtel im Überfluss,de
臨時戰甲,Improvisierte Rüstung,de
至尊探险,Ein erhabenes Abenteuer,de
致命利刃,Tödlichere Klingen,de
致命帽子,Tödlichere Hauben,de
致命豆丁,"Winzig, aber tödlich",de
致死之帽,Tödlichere Hauben,de
艾克的增益,Ekkos Segen,de
艾克的恩赐,Ekkos Segen,de
艾克的祝福,Ekkos Segen,de
艾克的耐心,Ekkos Geduld,de
节外生枝,Selbstständig machen,de
花到上头,Gauner,de
芽苞初放,Baue einen Begleiter,de
英勇惊喜包,Heldenhafte Wundertüte,de
英勇福袋,Heldenhafte Wundertüte,de
英雄のラッキーバッグ,Heldenhafte Wundertüte,de
英雄禮包,Heldenhafte Wundertüte,de
茂凯,Maokai,de
茂凱,Maokai,de
荊棘蔓延,Wachsende Wurzeln,de
莎弥拉,Samira,de
莫德凯撒,Mordekaiser,de
莫甘娜,Morgana,de
莫雷洛秘典,Morellonomikon,de
菲兹,Fizz,de
菲奥娜,Fiora,de
菲欧拉,Fiora,de
菲歐拉,Fiora,de
葛雷夫,Graves,de
蓝增益,Blauer Buff,de
蓝霸符,Blauer Buff,de
蔓延之根,Wachsende Wurzeln,de
蕾欧娜,Leona,de
薄暮法袍,Abendschleier,de
薇古丝,Vex,de
薇可丝,Vex,de
薇可絲,Vex,de
藍Buff,Blauer Buff,de
虚空之杖,Leerenstab,de
虚空之门,Zz'Rot-Portal,de
虚空手套,Leerenhandschuh,de
虚空护手,Leerenhandschuh,de
虛空之杖,Leerenstab,de
虛空之門,Zz'Rot-Portal,de
虛空武鬥場,Leerenhandschuh,de
血の供物,Blutopfer,de
血の価値,Blutzoll,de
血償,Blutzoll,de
血的代价,Blutzoll,de
血祭,Blutopfer,de
衝擊火炮,Schnellfeuer-Geschütz,de
衝突試験用ダミー,Crash-Test-Dummies,de
裁决者,Gebieter,de
裁决者徽章,Gebieter-Emblem,de
装备百宝袋,Gegenstand-Wundertüte,de
複製,Klonprogramm,de
西風匕首,Zephir,de
西风匕首,Zephir,de
視界專注,Horizontfokus,de
观星者,Sterndeuter,de
观星者徽章,Sterndeuter-Emblem,de
观星者纹章,Sterndeuter-Emblem,de
视界专注,Horizontfokus,de
觉得自己幸运吗,Wie ist es um dein Glück bestellt?,de
訂購奢侈品,Luxus-Abonnement,de
訂閱服務,Abo-Service,de
訓練假人,Übungspuppe,de
詛咒之冠,Verfluchte Krone,de
詛咒之刃,Verfluchte Klinge,de
詛咒吸血鬼權杖,Verdorbenes vampirisches Zepter,de
認知超載,Kognitive Überladung,de
订阅服务,Abo-Service,de
认知税,Kognitive Steuer,de
认知超负荷,Kognitive Überladung,de
认知过载,Kognitive Überladung,de
训练假人,Übungspuppe,de
训练木偶,Übungspuppe,de
诅咒之冠,Verfluchte Krone,de
诅咒之刃,Verfluchte Klinge,de
诅咒冠冕,Verfluchte Krone,de
豪華なサブスク,Luxus-Abonnement,de
貝爾薇斯,Bel'Veth,de
負極斗篷,Negatron-Mantel,de
貪啃奇,Tahm Kench,de
貪財,Geldgierig,de
買い物三昧,Einkaufsbummel,de
買不手軟,Einkaufsbummel,de
貿易核心,Kommerzkern,de
賈克斯,Jax,de
賢い買い物,Weise Ausgaben,de
贝尔薇斯,Bel'Veth,de
贝蕾亚,Briar,de
负极斗篷,Negatron-Mantel,de
财源滚滚,Geldmonsun,de
贪啃奇,Tahm Kench,de
贪财,Geldgierig,de
购物狂欢,Einkaufsbummel,de
贸易中心,Kommerzkern,de
贸易大亨,Handelssektor,de
贾克斯,Jax,de
赏金战士,Preiskämpfer,de
起死回生,Aufschwung,de
超前部署,Vorausdenken,de
超新星,N.O.V.A.,de
超新星徽章,N.O.V.A.-Emblem,de
超级机甲,Der mächtige Mecha,de
超能機甲,Der mächtige Mecha,de
超越のタリスマン,Amulett des Aufstiegs,de
跳樓大拍賣,Schlussverkauf,de
輝く悪党,Strahlender Halunke,de
转不停,Aktualisierungstaumel,de
轻量魔法投掷,Etwas magische Aktualisierung,de
轻魔重骰,Etwas magische Aktualisierung,de
这次战败也在计算之中,Berechneter Verlust,de
远古霸者,Primordianer,de
远古霸者徽章,Primordianer-Emblem,de
远征,Expedition,de
远见卓识,Vorausdenken,de
连指手套,Fäustlinge,de
迷你小英雄,Winzigster Titan,de
迷你黑洞,Kleines schwarzes Loch,de
迷离风衣,Verdächtiger Trenchcoat,de
适应性头盔,Adaptiver Helm,de
适性神盔,Adaptiver Helm,de
逆命,Twisted Fate,de
逆袭之路,Gelungenes Comeback,de
逆転劇,Gelungenes Comeback,de
逆轉佳話,Gelungenes Comeback,de
选择特性,Attribut wählen,de
选择羁绊,Attribut wählen,de
這次戰敗也在計算之中,Berechneter Verlust,de
連続魔法,Fortwährende Beschwörung,de
連續施法,Fortwährende Beschwörung,de
進階貸款,Erweiterter Kredit,de
道を切り拓け,Bahne dir den Weg,de
道具惊喜包,Gegenstand-Wundertüte,de
道具組合包I,Gegenstand-Wundertüte,de
遠古霸者,Primordianer,de
遠古霸者徽章,Primordianer-Emblem,de
遠征,Expedition,de
遥遥领先,Auf lange Sicht,de
適性神盔,Adaptiver Helm,de
選擇特性,Attribut wählen,de
避險基金,Risikofonds,de
邦！,Bonk!,de
邪悪な収益化,Boshafte Monetarisierung,de
部分飞升,Teilaufstieg,de
鄂尔,Ornn,de
鄂爾,Ornn,de
重启任务,Wiederaufnahme der Mission,de
重整装置,Rekombinator,de
重整裝置,Rekombinator,de
重新開始任務,Wiederaufnahme der Mission,de
重枪女武神,Panzerwalküre,de
重槍女武神,Panzerwalküre,de
重装战士,Frontkämpfer,de
重装战士纹章,Frontkämpfer-Emblem,de
重锤之志,Der Wille des Hammers,de
量身訂做,Exklusive Feinabstimmung,de
金に飢えし者,Geldgierig,de
金のタマゴ,Das goldene Ei,de
金のモンスーン,Geldmonsun,de
金ピカの鋼,Vergoldeter Stahl,de
金克丝,Jinx,de
金湯匙,Silberlöffel,de
金蛋,Das goldene Ei,de
金铲铲,Pfannenwender,de
金铲铲冠冕,Krone des Taktikers,de
金锅铲冠冕,Umhang des Taktikers,de
金锅锅,Bratpfanne,de
金锅锅冠冕,Schild des Taktikers,de
金霖龙,Der goldene Drache,de
金鳞精粹,Essenz der Schimmerschuppen,de
金龙降世,Der goldene Drache,de
鈍化,Puppifizierung,de
銀の匙,Silberlöffel,de
銀河獵手,Galaktischer Jäger,de
銀織黎明,Dämmerung von Silbersee,de
銃装機神,Panzerwalküre,de
銅級之命II,"Einmal Bronze, immer Bronze",de
鋼の心,Herz aus Stahl,de
鋼鐵素材,Eiserne Güter,de
錫柯的悲鳴號角,Zekes düsterer Herold,de
錫柯的號角,Zekes Herold,de
鍋鏟,Pfannenwender,de
鎖子甲,Kettenweste,de
鏡像のペルソナ,Gespiegelte Persona,de
鏡像人格,Gespiegelte Persona,de
鏡爪,Kindred,de
鑄造朋友,Schmiede einen Freund,de
钢铁之心,Herz aus Stahl,de
钢铁烈阳之匣,Amulett der eisernen Solari,de
钢铁资产,Eiserne Güter,de
银汤匙,Silberlöffel,de
银河猎手,Galaktischer Jäger,de
银织黎明,Dämmerung von Silbersee,de
铸剑工匠,Schwertschmied,de
锁子甲,Kettenweste,de
锁敌光学设备,Zielerfassungslinse,de
锅铲,Pfannenwender,de
锅铲厨房,Taktikerküche,de
锐雯,Riven,de
锡柯的号角,Zekes Herold,de
锡柯的悲鸣号角,Zekes düsterer Herold,de
锤石的恩赐,Threshs Segen,de
锤石的灯笼,Threshs Laterne,de
锻造一个朋友,Schmiede einen Freund,de
锻造挚友,Schmiede einen Freund,de
镀金钢铁,Vergoldeter Stahl,de
镜像人格面具,Gespiegelte Persona,de
镜影化身,Gespiegelte Persona,de
镜爪,Kindred,de
長久之計,Auf lange Sicht,de
閃刃,Flimmerklingen,de
開局新手包,Baue einen Begleiter,de
闇の女帝,Dunkle Dame,de
闇翼魔女,Dunkle Dame,de
關,Gwen,de
防禦高塔,Der Turm,de
阿卡丽,Akali,de
阿卡莉,Akali,de
阿狸的光环,Ahris Aura,de
阿狸的恩赐,Ahris Segen,de
阿璃的增益,Ahris Segen,de
阿璃的灵气,Ahris Aura,de
阿璃的祝福,Ahris Segen,de
阿璃的靈氣,Ahris Aura,de
阿福大礼包,Urfs Wundertüte,de
阿福大禮包,Urfs Wundertüte,de
阿福奇兵,Urfs Gambit,de
阿福式开局,Urfs Gambit,de
阿福快打,U.R.F.,de
阿福的百宝袋,Urfs Wundertüte,de
阿福驾到,U.R.F.,de
阿萝拉,Aurora,de
降靈師,Kanalisierer,de
降靈師模式,Kanalisierermodus,de
限定カスタマイズ,Exklusive Feinabstimmung,de
陣容,Aufstellung,de
集中火力,Fokussiertes Feuer,de
集中砲火,Fokussiertes Feuer,de
集体拥抱I,Gruppenumarmung,de
集结战队,Zusammenarbeit,de
雇佣杀手,Auftragsmörder,de
雙排,Duo-Warteschlange,de
雙生守衛,Zwillingswächter,de
離子星火,Ionischer Funke,de
雷克塞,Rek'Sai,de
雷欧娜,Leona,de
雷歐娜,Leona,de
雷玟,Riven,de
雷珂煞,Rek'Sai,de
電光反擊,Elektroladung,de
電荷轉移,Ladungstransfer,de
霞,Xayah,de
露璐,Lulu,de
霸天机甲,Mecha,de
靈活變通,Flexibel,de
靈能使,Psionisch,de
靈能使徽章,Psionisch-Emblem,de
靈魂救贖,Geist der Erlösung,de
静止法衣,Tuch der Stille,de
非凡冒險,Ein erhabenes Abenteuer,de
韦鲁斯的恩赐,Varus' Segen,de
韦鲁斯的执念,Varus Besessenheit,de
頂裝,Maximale Ausrüstung,de
預料中的意外,Erwartetes Unerwartetes,de
願四之力與你同在,Mögen die Vier mit dir sein,de
顶尖构筑,Maximale Ausrüstung,de
顽强不屈,Der Unbeugsame,de
飙速木灵,Ter-Meep-nale Geschwindigkeit,de
飛斯,Fizz,de
飛昇,Aufstieg,de
飞升,Aufstieg,de
飞升护符,Amulett des Aufstiegs,de
飞斯,Fizz,de
饮血剑,Blutdürster,de
騎士の誓い,Ritterschwur,de
騎士誓願,Ritterschwur,de
骑士之誓,Ritterschwur,de
骑士誓愿,Ritterschwur,de
高压电,Hochspannung,de
高压电流,Hochspannung,de
高塔,Der Turm,de
高级贷款,Erweiterter Kredit,de
高速ダブルキル,Zügiger Doppelkill,de
高電圧,Hochspannung,de
高電壓,Hochspannung,de
高風險高報酬,Riskante Aktionen,de
鬼使弯刀,Spektrales Entermesser,de
鬼使彎刀,Spektrales Entermesser,de
鬼索的狂暴之刃,Guinsoos Wutklinge,de
魂力覺醒,Seelenerwachen,de
魔像,Golem,de
魔力編織,Verwobene Magie,de
魔斗凯萨,Mordekaiser,de
魔术师,Replikator,de
魔术师模式,Replikator-Modus,de
魔杖湧流,Stabüberfluss,de
魔棒过载,Stabüberfluss,de
魔法のダイス,Ein magischer Wurf,de
魔法投掷,Ein magischer Wurf,de
魔法擲骰,Ein magischer Wurf,de
魔法骰子,Ein magischer Wurf,de
魔甘娜,Morgana,de
魔鬥凱薩,Mordekaiser,de
鱼骨头,Gräte,de
鲜血祭品,Blutopfer,de
鴻運當頭,Wie ist es um dein Glück bestellt?,de
鴻運當頭,Das geht ab,de
麗珊卓,Lissandra,de
黃昏聖盾,Ägide der Abenddämmerung,de
黃金巨龍,Der goldene Drache,de
黃金蛋,Das goldene Ei,de
黃金豪賭,Goldenes Glücksspiel,de
黄昏圣盾,Ägide der Abenddämmerung,de
黄金の博打,Goldenes Glücksspiel,de
黄金の龍,Der goldene Drache,de
黄金蛋,Das goldene Ei,de
黄金豪赌,Goldenes Glücksspiel,de
黄金赌约,Goldenes Glücksspiel,de
黎明之盾,Ägide der Morgendämmerung,de
黎明圣盾,Ägide der Morgendämmerung,de
黎明核心,Dämmerkern,de
黎明聖盾,Ägide der Morgendämmerung,de
黑暗吸血鬼节杖,Verdorbenes vampirisches Zepter,de
黑暗魔女,Dunkle Dame,de
黑铁资产,Eiserne Güter,de
黑魔禁书,Morellonomikon,de
黑魔禁書,Morellonomikon,de
黛安娜,Diana,de
龍之爪,Drachenklaue,de
龙之爪,Drachenklaue,de
가고일 돌갑옷,Steinpanzer des Wasserspeiers,de
가지 뻗기,Selbstständig machen,de
간이 대장간,Lebende Schmiede,de
강철의 솔라리 펜던트,Amulett der eisernen Solari,de
강철의 심장,Herz aus Stahl,de
거대 메크 로봇,Der mächtige Mecha,de
거대하고 강력한,Groß und mächtig,de
거대한 히드라,Titanische Hydra,de
거래 중심지,Kommerzkern,de
거울의 환영,Gespiegelte Persona,de
거인 학살자,Riesenschlächter,de
거인의 결의,Entschlossenheit des Titanen,de
거인의 허리띠,Gürtel des Riesen,de
검 제작자,Schwertschmied,de
경품 추첨,Goldenes Glücksspiel,de
경호대 훈련,Leibwache-Training,de
계산된 패배,Berechneter Verlust,de
고귀한 모험,Ein erhabenes Abenteuer,de
고독한 방패,Solo-Steinpanzer,de
고속 연사포,Schnellfeuer-Geschütz,de
고위천사의 지팡이,Flügelstab,de
고전압,Elektroladung,de
고전압,Hochspannung,de
고철 수집가의 은총,Gefälligkeit des Schrotthändlers,de
곡궁,Rekursivbogen,de
골렘,Golem,de
공감 임플란트,Verständnisvolles Implantat,de
공허 건틀릿,Leerenhandschuh,de
공허의 지팡이,Leerenstab,de
교환의 장,Handelssektor,de
구독 서비스,Abo-Service,de
구원의 영혼,Geist der Erlösung,de
구원자,Erlöser,de
구인수의 격노검,Guinsoos Wutklinge,de
굳건한 심장,Unerschütterliches Herz,de
권투 교습,Boxunterricht,de
그냥 눌러,Einfach treffen,de
그라가스,Gragas,de
그레이브즈,Graves,de
그림자 꼭두각시,Schattenpuppe,de
그웬,Gwen,de
극대화 빌드,Maximale Ausrüstung,de
극진한 헌신,Bindende Verpflichtung,de
금지된 우상,Verbotener Götze,de
급매,Schlussverkauf,de
기다림의 미학,Das Warten wert,de
기동총격여신,Panzerwalküre,de
기사의 맹세,Ritterschwur,de
길을 내라,Bahne dir den Weg,de
길잡이,Hirte,de
길잡이 상징,Hirte-Emblem,de
꼬꼬마 거인,Winzigster Titan,de
꼬마 거인,Winzige Titanen,de
꼬마 정령,Meepsie,de
꽁!,Bonk!,de
끈끈한 우정,Teambildung,de
끈질긴 연구,Patientenstudie,de
끝없는 절망,Endlose Verzweiflung,de
나 혼자 레벨업,Solo-Leveling,de
나르,Gnar,de
나미,Nami,de
나서스,Nasus,de
남작의 소굴,Versteck des Barons,de
내셔의 이빨,Nashors Zahn,de
넘치는 대검,Schwertüberfluss,de
넘치는 지팡이,Stabüberfluss,de
넘치는 허리띠,Gürtel im Überfluss,de
누누와 윌럼프,Nunu & Willump,de
다 쓸 데가 있다니까,Zu etwas nütze,de
다이애나,Diana,de
단결된 의지,Geeinter Halt,de
단일 조합 사수,"KEIN UMSEHEN, KEIN WECHSELN",de
단짝,Beste Freunde,de
단체 포옹,Gruppenumarmung,de
달콤한 간식,Süße Leckereien,de
대격변 생성기,Rekombinator,de
대장군의 명예,Ehre des Kriegsfürsten,de
대천사의 지팡이,Stab des Erzengels,de
대출 선지급,Erweiterter Kredit,de
더욱 치명적인 모자,Tödlichere Hauben,de
덤불 조끼,Dornenweste,de
도금 강철,Vergoldeter Stahl,de
도둑 무리,Diebesbande,de
도둑 무리 II,Diebesbande II,de
도적의 장갑,Handschuhe des Diebs,de
도전자,Herausforderer,de
도전자 모드,Herausforderer-Modus,de
도전자 상징,Herausforderer-Emblem,de
돈 폭풍,Geldmonsun,de
돈독,Geldgierig,de
동료 제작,Baue einen Begleiter,de
동물특공대,Anima,de
동물특공대 상징,Anima-Emblem,de
동물특공대 지휘관,Anima-Kommandant,de
뒤집개,Pfannenwender,de
드론 업링크,Drohnenverbindung,de
땔감 제공,Schüre das Feuer,de
라바돈의 죽음모자,Rabadons Todeshaube,de
라아스트,Rhaast,de
라이트실드 문장,Lichtschild-Wappen,de
람머스,Rammus,de
레벨 업!,Neue Stufe!,de
레오나,Leona,de
렉사이,Rek'Sai,de
루덴의 폭풍,Ludens Sturm,de
룰루,Lulu,de
르블랑,LeBlanc,de
리븐,Riven,de
리산드라,Lissandra,de
리치베인,Fluch des Lichs,de
마법 주사위,Ein magischer Wurf,de
마법공학 총검,Hextech-Gunblade,de
마법사의 최후,Ende der Weisheit,de
마스터 이,Master Yi,de
마오카이,Maokai,de
말살자,Vernichter,de
맑은 정신,Klarer Geist,de
망령 해적검,Spektrales Entermesser,de
메카,Mecha,de
명멸검,Flimmerklingen,de
모데카이저,Mordekaiser,de
모렐로노미콘,Morellonomikon,de
모르가나,Morgana,de
무차별적 살인자,Willkürlicher Killer,de
무한의 대검,Klinge der Unendlichkeit,de
무한한 보호,Schutz der Unendlichkeit,de
미래 지향적 사고,Vorausdenken,de
미스 포츈,Miss Fortune,de
밀리오,Milio,de
바드,Bard,de
바루스의 은총,Varus' Segen,de
바루스의 집착,Varus Besessenheit,de
반도체,Halbleiter,de
반항아,Misfits,de
밤의 끝자락,Saum der Nacht,de
방한 장갑,Fäustlinge,de
베이가,Veigar,de
벡스,Vex,de
벨베스,Bel'Veth,de
별돌보미,Sterndeuter,de
별돌보미 상징,Sterndeuter-Emblem,de
별빛 연계,Sternen-Kombo,de
보루,Bollwerk,de
보물 사냥,Schatzjagd,de
보석 건틀릿,Juwelenbesetzter Handschuh,de
보석 연꽃,Juwelenbesetzter Lotus,de
복제,Klonprogramm,de
복제자,Replikator,de
복제자 모드,Replikator-Modus,de
부스터 팩,Booster-Packung,de
부식,Korrosion,de
부작용,Nebenwirkungen,de
부활의 은총,Segen der Wiederbelebung,de
불굴,Der Unbeugsame,de
불완전한 초월,Teilaufstieg,de
불한당,Schurke,de
불한당 상징,Schurken-Emblem,de
붉고 푸른 효과,"Ein Buff, zwei Buff",de
붉은 덩굴정령,Roter Buff,de
브라이어,Briar,de
블리츠크랭크,Blitzcrank,de
빅뱅,Der Urknall,de
빅토르,Viktor,de
빛비늘 정수,Essenz der Schimmerschuppen,de
뻗어가는 뿌리,Wachsende Wurzeln,de
뽀삐,Poppy,de
사미라,Samira,de
사이버네틱 이식술,Kybernetische Implantate,de
사이버네틱 통신,Kybernetische Verbindung,de
삼인방,Dreifaltigkeit,de
새로고침의 날,Aktualisierungstaumel,de
새로운 시대,Epoche,de
새벽심장,Dämmerkern,de
새벽의 방패,Ägide der Morgendämmerung,de
생선대가리,Gräte,de
생일 모임,Geburtstags-Wiedervereinigung,de
생일 선물,Geburtstagsgeschenk,de
생존자,Überlebender,de
서사적 새로고침,Epische Ladung,de
서열 상승,Immer höher hinauf,de
서풍,Zephir,de
선물 꾸러미,Hilfspaket,de
선봉대,Frontkämpfer,de
선봉대 상징,Frontkämpfer-Emblem,de
성취,Siegeszug,de
소나,Sona,de
소라카의 기적,Sorakas Wunder,de
소라카의 은총,Sorakas Segen,de
소형 블랙홀,Kleines schwarzes Loch,de
쇠사슬 조끼,Kettenweste,de
쇼진의 창,Speer von Shojin,de
수상한 외투,Verdächtiger Trenchcoat,de
수완가,Gauner,de
수은,Quecksilber,de
수호자의 맹세,Schwur des Beschützers,de
수호자의 친구,Verbündeter des Beschützers,de
순교자의 미덕,Tugend des Märtyrers,de
쉔,Shen,de
스태틱의 단검,Statikks Stich,de
스테락의 도전,Steraks Pegel,de
슬쩍하기,Stibitzen,de
습격자,Marodeur,de
습격자 상징,Marodeur-Emblem,de
승승장구,Das geht ab,de
승천의 부적,Amulett des Aufstiegs,de
시간 균열자,Zeitbrecher,de
시간 균열자 상징,Zeitbrecher-Emblem,de
시계태엽 윤활유,Uhrwerk-Beschleuniger,de
시동 걸기,Kickstart,de
신병,Neuer Rekrut,de
신성 결투가,Göttlicher Duellant,de
신성한 대장간,Unübertreffliche Schmiede,de
신의 축복,Gottgesegnet,de
신중한 제작,Latente Schmiede,de
실컷 울어봐라,Heul doch …,de
싸움꾼,Raufbold,de
싸움꾼 상징,Raufbold-Emblem,de
쌍두마차,Zu zäh,de
쌍둥이 수호자,Zwillingswächter,de
쓰레쉬의 랜턴,Threshs Laterne,de
쓰레쉬의 은총,Threshs Segen,de
쓸데없이 큰 지팡이,Übergroßer Stab,de
아리의 오라,Ahris Aura,de
아리의 은총,Ahris Segen,de
아우렐리온 솔,Aurelion Sol,de
아우렐리온 솔의 은총,Aurelion Sols Segen,de
아이템 꾸러미,Gegenstand-Wundertüte,de
아칼리,Akali,de
아케인 빅토르이!,Arcane-Viktor-y,de
아트록스,Aatrox,de
악성코드 매트릭스,Malware-Matrix,de
악의적 수익 창출,Boshafte Monetarisierung,de
암흑의 별,Sternenvernichter,de
암흑의 별 상징,Sternenvernichter-Emblem,de
야스오의 검술,Yasuos Klingentanz,de
야스오의 스포트라이트 공유,Yasuos „Teile das Rampenlicht“,de
야스오의 은총,Yasuos Segen,de
야스오의 황금 칸,Yasuos Goldfeld,de
약간 신비한 주사위,Etwas magische Aktualisierung,de
어둠의 여인,Dunkle Dame,de
어수선한 마음,Chaotischer Geist,de
얽힌 마법,Verwobene Magie,de
엄청나게 이로운 효과!,Tonnenweise Werte!,de
에너지 파동,Kahunahuna,de
에코의 은총,Ekkos Segen,de
에코의 인내,Ekkos Geduld,de
여신의 눈물,Träne der Göttin,de
여행자,Wanderer,de
여행자 상징,Wanderer-Emblem,de
역병의 보석,Pestjuwel,de
역전의 서막,Gelungenes Comeback,de
연결 불가,Verfehlte Verbindung,de
연속 주문 사용,Fortwährende Beschwörung,de
연습용 장갑,Kampfhandschuhe,de
영웅 꾸러미,Heldenhafte Wundertüte,de
영원한 브론즈,"Einmal Bronze, immer Bronze",de
영원한 서약,Ewiger Pakt,de
영혼 각성,Seelenerwachen,de
예금 계좌,Sparkonto,de
예비 활,Notfallbögen,de
예상된 예상 밖의 결과,Erwartetes Unerwartetes,de
예언자,Orakel,de
오라 축적,Aura-farmen,de
오로라,Aurora,de
오른,Ornn,de
왕관의 무게,Schwer ist die Krone,de
요새,Bastion,de
요새 상징,Bastion-Emblem,de
용의 발톱,Drachenklaue,de
우르곳,Urgot,de
우르프의 갬빗,Urfs Gambit,de
우르프의 꾸러미,Urfs Wundertüte,de
우주 그루브,Weltraum-Groove,de
우주 그루브 상징,Weltraum-Groove-Emblem,de
우주적 재시작,Kosmischer Neubeginn,de
운명술사,Schicksalsweber,de
워모그의 갑옷,Warmogs Rüstung,de
위험한 행보,Riskante Aktionen,de
유기물 보존기,Biomassebewahrer,de
유리 대포,Glaskanone,de
유연함,Flexibel,de
유용한 금속,Eiserne Güter,de
은빛 여명,Dämmerung von Silbersee,de
은수저,Silberlöffel,de
은하계 사냥꾼,Galaktischer Jäger,de
음전자 망토,Negatron-Mantel,de
응당한 대가,Zu welchem Preis,de
응징,Vergeltung,de
이블린의 본능,Evelynns Instinkt,de
이블린의 은총,Evelynns Segen,de
이온 충격기,Ionischer Funke,de
이즈리얼,Ezreal,de
인지 과부하,Kognitive Überladung,de
인지세,Kognitive Steuer,de
일라오이,Illaoi,de
일상물,Ein Teil des Lebens,de
임무 재시작,Wiederaufnahme der Mission,de
임시변통 방어구,Improvisierte Rüstung,de
자객의 발톱,Klaue des Meuchlers,de
자리 비움,Abwesend,de
자야,Xayah,de
작은 꾸러미,Kleine Wundertüte,de
작은 친구들,Kleine Freunde,de
작지만 치명적인,"Winzig, aber tödlich",de
장기 투자,Auf lange Sicht,de
재빠른 더블 킬,Zügiger Doppelkill,de
재빠른 무장,Schlag zu,de
재생의 바람,Aufschwung,de
재활용 쓰레기통,Recyclingtonne,de
잭스,Jax,de
저 별을 향해,Nach dem Himmel greifen,de
저격수,Scharfschütze,de
저격수 상징,Scharfschütze-Emblem,de
저녁갑주,Abendschleier,de
저주받은 왕관,Verfluchte Krone,de
저주받은 칼날,Verfluchte Klinge,de
적응형 투구,Adaptiver Helm,de
전달자,Kanalisierer,de
전달자 모드,Kanalisierermodus,de
전략가의 망토,Umhang des Taktikers,de
전략가의 방패,Schild des Taktikers,de
전략가의 왕관,Krone des Taktikers,de
전략가의 주방,Taktikerküche,de
전방의 토대,Frontlinien-Fundament,de
전하 이동,Ladungstransfer,de
점심값,Geld fürs Mittagessen,de
정교한 공예,Raffinierte Herstellung,de
정렬,Aufstellung,de
정령단 속도,Ter-Meep-nale Geschwindigkeit,de
정령의 형상,Geistessicht,de
정령족,Meeple,de
정령족 상징,Meeple-Emblem,de
정의의 손길,Hand der Gerechtigkeit,de
제드,Zed,de
조기 교육,Frühe Erkenntnisse,de
조이,Zoe,de
조합 아이템 강탈,Komponentenraub,de
주인공 버프,Knallhart,de
죽음의 검,Klinge des Todes,de
중심 잡기,Finde deine Mitte,de
중재자,Gebieter,de
중재자 상징,Gebieter-Emblem,de
즈롯 차원문,Zz'Rot-Portal,de
증강된 힘,Augmentierte Macht,de
지옥불 손도끼,Kriegsbeil des Höllenfeuers,de
지크의 음산한 전령,Zekes düsterer Herold,de
지크의 전령,Zekes Herold,de
지팡이 제작자,Stabschmied,de
지평선의 초점,Horizontfokus,de
지휘관,Kommandant,de
진,Jhin,de
진형 유지,Nicht nachlassen,de
징크스,Jinx,de
찬란한 장난꾸러기,Strahlender Halunke,de
참는 자에게 복을,Geduld ist eine Tugend,de
철퇴의 의지,Der Wille des Hammers,de
청부 살인마,Auftragsmörder,de
초가스,Cho'Gath,de
초능력,Psionisch,de
초능력 상징,Psionisch-Emblem,de
초월,Aufstieg,de
최신상,Fabrikneu,de
최적화,Min-Max,de
최후의 속삭임,Letzter Atemzug,de
추방자,Verbannte,de
추적자의 팔목 보호대,Armschutz des Suchenden,de
출세가도,Aufwärtsmobilität,de
출정,Kriegspfad,de
충돌 시험용 봇,Crash-Test-Dummies,de
치명적 성공,Kritischer Erfolg,de
치명적인 칼날,Tödlichere Klingen,de
친구 만들기,Baue einen Begleiter,de
친구 만들기,Schmiede einen Freund,de
침략자 제드,Eindringling Zed,de
침묵의 장막,Tuch der Stille,de
카르마,Karma,de
카이사,Kai'Sa,de
카파 주스,Cappa-Trank,de
케이틀린,Caitlyn,de
케일의 승천,Kayles Hochgefühl,de
케일의 은총,Kayles Segen,de
케일의 찬란한 승천,Kayles strahlendes Hochgefühl,de
코르키,Corki,de
크기의 중요성,Größe ist alles,de
크라운가드,Kronwacht,de
크라켄의 분노,Zorn des Kraken,de
큰 꾸러미,Große Wundertüte,de
킨드레드,Kindred,de
타격대의 철퇴,Stürmerflegel,de
타락한 흡혈의 낫,Verdorbenes vampirisches Zepter,de
탈론,Talon,de
탐 켄치,Tahm Kench,de
탐사,Expedition,de
탑,Der Turm,de
태고족,Primordianer,de
태고족 상징,Primordianer-Emblem,de
태양불꽃 망토,Sonnenfeuer-Umhang,de
태양불꽃판,Sonnenfeuer-Brett,de
투자,Investiert,de
트위스티드 페이트,Twisted Fate,de
특별 맞춤 설정,Exklusive Feinabstimmung,de
특성 나무,Der Attributsbaum,de
특성 선택,Attribut wählen,de
특성의 고서,Wälzer der Attribute,de
티모,Teemo,de
파멸자,Vernichter,de
파묻힌 보물,Vergrabene Schätze,de
파이크,Pyke,de
파이트 머니,Preiskämpfer,de
파티광,Partytiger,de
판도라의 대기석,Pandoras Bank,de
판도라의 아이템,Pandoras Gegenstände,de
판테온,Pantheon,de
폭발적인 성장,Explosives Wachstum,de
표적 고정 광학 장치,Zielerfassungslinse,de
푸른 파수꾼,Blauer Buff,de
프라이팬,Bratpfanne,de
프리즘 티켓,Prismatisches Ticket,de
피바라기,Blutdürster,de
피오라,Fiora,de
피의 공물,Blutopfer,de
피의 대가,Blutzoll,de
피즈,Fizz,de
하급 거울의 환영,Kleine gespiegelte Persona,de
"하나, 둘, 다섯!","Eins, zwei, fünf!",de
"하나, 둘, 셋","Eins, zwei, drei",de
하나로 뭉치는 거지,Wir halten zusammen,de
해진 유물,Verwittertes Relikt,de
행운의 기운,Wie ist es um dein Glück bestellt?,de
행운의 장갑,Glückshandschuhe,de
헤지 펀드,Risikofonds,de
현명한 소비,Weise Ausgaben,de
협곡 바위 게,Kluftkrabbler,de
협력,Zusammenarbeit,de
호화로운 정기 구독,Luxus-Abonnement,de
혼돈의 부름,Ruf des Chaos,de
화력 집중,Fokussiertes Feuer,de
활력증진의 펜던트,Verstärkendes Amulett,de
활의 수호자,Du hast meinen Bogen,de
황금 드래곤,Der goldene Drache,de
황금 알,Das goldene Ei,de
황혼의 방패,Ägide der Abenddämmerung,de
회복의 구,Heilende Kugeln,de
회복의 메아리,Heilende Echos,de
후반 성장,Skalierung im späten Spiel,de
후반 전문가,Endgame-Experte,de
후방 설계도,Blaupause für die hintere Reihe,de
훈련 봇,Übungspuppe,de
훈련 봇 변환,Puppifizierung,de
휴대용 대장간,Tragbare Schmiede,de
흐르는 눈물,Fließende Tränen,de
흡혈의 활력,Vampir-Vitalität,de
흥청망청,Einkaufsbummel,de
힘을 실은 제련,Durch Stärke geschmiedet,de
힘의 성배,Kelch der Macht,de
羊刀,Guinsoos Wutklinge,de
帽子,Rabadons Todeshaube,de
大帽,Rabadons Todeshaube,de
法帽,Rabadons Todeshaube,de
青龙刀,Speer von Shojin,de
龙刀,Speer von Shojin,de
蓝buff,Blauer Buff,de
大天使,Stab des Erzengels,de
AA,Stab des Erzengels,de
珠光,Juwelenbesetzter Handschuh,de
法爆,Juwelenbesetzter Handschuh,de
JG,Juwelenbesetzter Handschuh,de
鬼书,Morellonomikon,de
离子,Ionischer Funke,de
纳什,Nashors Zahn,de
科技枪,Hextech-Gunblade,de
枪刃,Hextech-Gunblade,de
虚空,Leerenstab,de
法穿棒,Leerenstab,de
无尽,Klinge der Unendlichkeit,de
IE,Klinge der Unendlichkeit,de
死刃,Klinge des Todes,de
杀人剑,Klinge des Todes,de
DB,Klinge des Todes,de
巨杀,Riesenschlächter,de
GS,Riesenschlächter,de
轻语,Letzter Atemzug,de
LW,Letzter Atemzug,de
海妖,Zorn des Kraken,de
泰坦,Entschlossenheit des Titanen,de
幽梦,Youmus Geistklinge,de
QSS,Quecksilber,de
血手,Steraks Pegel,de
饮血,Blutdürster,de
BT,Blutdürster,de
反甲,Dornenweste,de
龙爪,Drachenklaue,de
DC,Drachenklaue,de
石像鬼,Steinpanzer des Wasserspeiers,de
狂徒,Warmogs Rüstung,de
夜锋,Saum der Nacht,de
EON,Saum der Nacht,de
日炎,Sonnenfeuer-Umhang,de
适应,Adaptiver Helm,de
坚定,Unerschütterliches Herz,de
心之刚,Unerschütterliches Herz,de
斯特拉克,Steraks Pegel,de
偷偷,Handschuhe des Diebs,de
圣盾,Schwur des Beschützers,de
誓约,Schwur des Beschützers,de
冰甲,Schwur des Beschützers,de
圣杯,Kelch der Macht,de
基克,Zekes Herold,de
鸟盾,Amulett der eisernen Solari,de
正义,Hand der Gerechtigkeit,de
HOJ,Hand der Gerechtigkeit,de
法衣,Tuch der Stille,de
女妖,Schleier der Todesfee,de
薄暮,Abendschleier,de
骑士,Ritterschwur,de
月石,Mondstein-Erneuerer,de
恶意,Bosheit,de
嘉文,Jarvan IV.,de
J4,Jarvan IV.,de
菊花信,Xin Zhao,de
小炮,Tristana,de
卡牌,Twisted Fate,de
牌爹,Twisted Fate,de
TF,Twisted Fate,de
挖掘机,Rek'Sai,de
妖姬,LeBlanc,de
船长,Gangplank,de
GP,Gangplank,de
大卑,Bel'Veth,de
蝙蝠,Bel'Veth,de
女枪,Miss Fortune,de
霸龙,T-Hex,de
霸王龙,T-Hex,de
螃蟹,Kluftkrabbler,de
猴子,Wukong,de
稻草人,Fiddlesticks,de
蛤蟆,Tahm Kench,de
狗熊,Volibear,de
龙王,Aurelion Sol,de
小法,Veigar,de
老鼠,Twitch,de
诺手,Darius,de
德玛,Garen,de
大虫子,Cho'Gath,de
灯笼,Thresh,de
大嘴,Kog'Maw,de
狼人,Warwick,de
鳄鱼,Renekton ,de
龙女,Shyvana,de
豹女,Nidalee,de
寒冰,Ashe,de
女警,Caitlyn,de
皮城女警,Caitlyn,de
琴女,Sona,de
机器人,Blitzcrank,de
男爵,Baron Nashor,de
杀手,Schlächter,de
大龙,Baron Nashor,de
小菊,Brock,de
流浪,Ryze,de
偷男,Sylas,de
甘雨,Kindred,de
劲夫,Sett,de
棺材板,Xerath ,de
剑魔,Aatrox,de
乌鸦,Swain,de
光女,Lux,de
酸辣粉,Seraphine,de
宝石,Taric,de
德子,Draven,de
冰女,Lissandra,de
电耗子,Kennen,de
猪女,Sejuani,de
猪妹,Sejuani,de
剪刀,Gwen,de
掘墓,Yorick ,de
皎月,Diana,de
蛮王,Tryndamere,de
腰子,Shen,de
赏金,Miss Fortune,de
冰鸟,Anivia,de
爆弹,Ziggs,de
黑妹,Mel,de
熊,Tibbers,de
佛爷,Viego,de
沙皇,Azir,de
日女,Leona,de
女坦,Leona,de
丁真,Milio,de
小法师,Veigar,de
滑板鞋,Kalista,de
火女,Annie,de
狗头,Nasus,de
板甲,Steinpanzer des Wasserspeiers,de
赌狗,reroll,de
运营,econ,de
转向,pivot,de
质量,board strength,de
连败,lose streak,de
连胜,win streak,de
速8,fast 8,de
摆烂,open fort,de
卖血,sack,de
慢D,slow roll,de
大转型,hard pivot,de
小调整,soft pivot,de
海克斯,augment,de
运气好,highroll,de
运气差,lowroll,de
棱彩强化,prismatic augment,de
铲爷,mobile player,de
