source,target,tgt_lng
1个霸符，2个霸符,"Một Bùa, Hai Bùa",vi
2体のタンク,Cặp Đôi Siêu Cứng,vi
2만한 가치,2 Vàng Là Nhất,vi
2인조,Hàng Chờ Đấu Đôi,vi
3の軍団,Quân Đoàn 3 Sao,vi
3단계 군단,Quân Đoàn 3 Sao,vi
4가 함께하길,Số 4 Hoàn Hảo,vi
4후지원,Tứ Phương Tiếp Viện,vi
8级D干的传说,Xúc Xắc Hoành Tráng,vi
A Hajnal égisze,Khiên Hừng Đông,vi
A Magic Roll,Xúc Xắc Ma Pháp,vi
A Masszív mecha,Robot,vi
A Nagy Bumm,Siêu Vũ Trụ,vi
A Que Custo,Cái Giá Phải Trả,vi
A Remontar,Toàn Thắng,vi
A Torre,Tòa Tháp,vi
A União Faz a Força,Kề Vai Sát Cánh,vi
A buzogány akarata,Ý Chỉ Xích Chùy,vi
A felemelkedés talizmánja,Bùa Thăng Hoa,vi
A feltámadás áldása,Ân Huệ Tái Sinh,vi
A frontvonal alapjai,Củng Cố Tuyến Trước,vi
A gondviselő barátja,Đồng Minh Của Bụt,vi
A gyűjtögető adománya,Lễ Vật Tái Chế,vi
A hatalom kelyhe,Cốc Sức Mạnh,vi
A járatlan út,Phân Nhánh,vi
A kraken haragja,Thịnh Nộ Thủy Quái,vi
A káosz hívása,Triệu Gọi Hỗn Mang,vi
A legapróbb titán,Khổng Lồ Tí Hon,vi
A megváltás szelleme,Linh Hồn Chuộc Tội,vi
A mozdulatlanság leple,Áo Choàng Tĩnh Lặng,vi
A méret a lényeg,Kích Cỡ Là Quan Trọng,vi
A nagy pofon,Kamekameha,vi
A négyek ereje,Số 4 Hoàn Hảo,vi
A por el bote,Võ Sĩ Giác Đấu,vi
A por la victoria,Toàn Thắng,vi
A portyázó karma,Móng Vuốt Ám Muội,vi
A prueba de choques,Hình Nộm Va Chạm,vi
A quale prezzo,Cái Giá Phải Trả,vi
A qué precio,Cái Giá Phải Trả,vi
A rettenthetetlen,Bất Khuất,vi
A taktikus koronája,Vương Miện Chiến Thuật,vi
A titán elszántsága,Quyền Năng Khổng Lồ,vi
A torony,Tòa Tháp,vi
A végjáték szakértője,Hướng Đến Hồi Kết,vi
A vízköpő sziklavértje,Thú Tượng Thạch Giáp,vi
AFK,AFK,vi
Aatrox,Aatrox,vi
Abbonamento di lusso,Gói Đăng Ký Hạng Sang,vi
Abbraccio di gruppo,Ôm Tập Thể,vi
Abendschleier,Giáp Vai Nguyệt Thần,vi
Abo-Service,Dịch Vụ Gói Đăng Ký,vi
Abonament,Dịch Vụ Gói Đăng Ký,vi
Abonament de lux,Gói Đăng Ký Hạng Sang,vi
Abondance de baguettes,Đam Mê Gậy,vi
Abondance de ceintures,Đam Mê Đai Lưng,vi
Abondance de glaives,Đam Mê Kiếm,vi
Abonelik Hizmeti,Dịch Vụ Gói Đăng Ký,vi
Abonnement,Dịch Vụ Gói Đăng Ký,vi
Abonnement premium,Gói Đăng Ký Hạng Sang,vi
Abra o Caminho,Mở Lối,vi
Abrazo Grupal,Ôm Tập Thể,vi
Abrazo grupal,Ôm Tập Thể,vi
Abraço Coletivo,Ôm Tập Thể,vi
Absurdalnie Wielka Różdżka,Gậy Quá Khổ,vi
Abwesend,AFK,vi
Accelerator mecanic,Động Cơ Tăng Tốc,vi
Acceleratore meccanico,Động Cơ Tăng Tốc,vi
Accetta infernale,Rìu Hỏa Ngục,vi
Acciaio brillante,Thép Mạ Vàng,vi
Accélérateur mécanique,Động Cơ Tăng Tốc,vi
Acelerador Mecanizado,Động Cơ Tăng Tốc,vi
Acelerador Mecánico,Động Cơ Tăng Tốc,vi
Acelerador de relojería,Động Cơ Tăng Tốc,vi
Acero Dorado,Thép Mạ Vàng,vi
Acero dorado,Thép Mạ Vàng,vi
Achat 3 étoiles,Người Bạn Vàng,vi
Acier doré,Thép Mạ Vàng,vi
Actualiza sin parar,Xúc Xắc Vô Tận,vi
Acumular,Thích Mở Rộng,vi
Acélszív,Trái Tim Sắt Đá,vi
Adagas Oscilantes,Đao Chớp,vi
Adaletin Eli,Bàn Tay Công Lý,vi
Adaletin Yumruğu,Báo Oán,vi
Adaptive Helm,Mũ Thích Nghi,vi
Adaptiver Helm,Mũ Thích Nghi,vi
Adaptív sisak,Mũ Thích Nghi,vi
Addestramento da Guardia del corpo,Huấn Luyện Cận Vệ,vi
Adiestramiento de guardaespaldas,Huấn Luyện Cận Vệ,vi
Advanced Loan,Vay Tạm Ứng,vi
Aegis of Dawn,Khiên Hừng Đông,vi
Aegis of Dusk,Khiên Hoàng Hôn,vi
Agujero negro en miniatura,Hố Đen Tí Hon,vi
Ahri aurája,Hào Quang Của Ahri,vi
Ahri áldása,Ân Huệ Của Ahri,vi
Ahri'nin Haresi,Hào Quang Của Ahri,vi
Ahri'nin Lütfu,Ân Huệ Của Ahri,vi
Ahri's Aura,Hào Quang Của Ahri,vi
Ahri's Boon,Ân Huệ Của Ahri,vi
Ahris Aura,Hào Quang Của Ahri,vi
Ahris Segen,Ân Huệ Của Ahri,vi
Ahřin dar,Ân Huệ Của Ahri,vi
Ahřina aura,Hào Quang Của Ahri,vi
Ajándékcsomag,Gói Bảo Hộ,vi
Akali,Akali,vi
Akan Gözyaşları,Lệ Lưu Ly,vi
Akcelerator Nakręcanego,Động Cơ Tăng Tốc,vi
Aklın Sonu,Đao Tím,vi
Aktualisierungstaumel,Xúc Xắc Vô Tận,vi
Akıllı Harcama,Tiêu Dùng Thông Minh,vi
Al Filo de la Cordura,Đao Tím,vi
Alacakaranlık Kalkanı,Khiên Hoàng Hôn,vi
Alakzatba,Tiền Tuyến Vững Chãi,vi
Alba di Silvermere,Chùy Bạch Ngân,vi
Alcance as Estrelas,Vươn Tới Tinh Tú,vi
Alege caracteristica,Chọn Tộc/Hệ,vi
Alevleri Körükle,Nếm Mùi Lửa,vi
Alfanje Espectral,Gươm Biến Ảnh,vi
Aliado do Protetor,Đồng Minh Của Bụt,vi
Alianza del Guardián,Đồng Minh Của Bụt,vi
Alianza del protector,Đồng Minh Của Bụt,vi
Aliatul îngrijitorului,Đồng Minh Của Bụt,vi
Alimenta las Llamas,Nếm Mùi Lửa,vi
Alimentad las llamas,Nếm Mùi Lửa,vi
Alimentare le fiamme,Nếm Mùi Lửa,vi
Alimente as Chamas,Nếm Mùi Lửa,vi
Alineación,Tiền Tuyến Vững Chãi,vi
Aliniere,Tiền Tuyến Vững Chãi,vi
Alkatrészes zsák,Tiếp Tế Trang Bị,vi
Alleato del custode,Đồng Minh Của Bụt,vi
Allumer le feu,Nếm Mùi Lửa,vi
Alma da Festa,Tiệc Tùng,vi
Alta Voltagem,Sét Cao Thế,vi
Alta tensione,Sét Cao Thế,vi
Alto Voltaje,Sét Cao Thế,vi
Alto voltaje,Sét Cao Thế,vi
Altın Ejder,Kim Long,vi
Altın Riski,Ván Cược Hoàng Kim,vi
Altın Yumurta,Rồng Đẻ Trứng Vàng,vi
Alvorada de Pratânia,Chùy Bạch Ngân,vi
Aléatoire jacta est,Phân Nhánh,vi
Aléatoirement vôtre,Hàng Chờ Đấu Đôi,vi
Alışveriş Çılgınlığı,Tín Đồ Mua Sắm,vi
Amanecer Plateado,Chùy Bạch Ngân,vi
Amanecer de Meraplata,Chùy Bạch Ngân,vi
Ami sur mesure,Chế Tạo Bằng Hữu,vi
Amico dei Mippi,Tinh Linh Chuông,vi
Amico fai-da-te,Tự Lập Đội,vi
Amigos a medida,Tự Lập Đội,vi
Amiguinhos,Những Người Bạn Nhỏ,vi
Amiguitos,Những Người Bạn Nhỏ,vi
Amulet Vyzdvižení,Bùa Thăng Hoa,vi
Amulett der eisernen Solari,Dây Chuyền Iron Solari,vi
Amulett des Aufstiegs,Bùa Thăng Hoa,vi
An Exalted Adventure,Cuộc Phiêu Lưu Tôn Quý,vi
Ana Karaktere Bir Şey Olmaz,Hào Quang Nhân Vật Chính,vi
Andare per le lunghe,Thích Mở Rộng,vi
Angajament solid,Chỉ Một Con Đường,vi
Ani Büyüme,Tăng Trưởng Bùng Nổ,vi
Anima,Siêu Thú,vi
Anima Amblemi,Ấn Siêu Thú,vi
Anima Commander,Chỉ Huy Siêu Thú,vi
Anima Emblem,Ấn Siêu Thú,vi
Anima Komutanı,Chỉ Huy Siêu Thú,vi
Anima-Emblem,Ấn Siêu Thú,vi
Anima-Kommandant,Chỉ Huy Siêu Thú,vi
Animale da festa,Tiệc Tùng,vi
Animalia,Siêu Thú,vi
Antrenamentul gărzii de corp,Huấn Luyện Cận Vệ,vi
Anı Yaşa,Hạ Đo Ván,vi
Apariencia Espiritual,Giáp Tâm Linh,vi
Apocaliptic,U Sầu,vi
Aposta em Ouro,Ván Cược Hoàng Kim,vi
Apoteotická kovárna,Lò Rèn Thăng Hoa,vi
Apotheotic Forge,Lò Rèn Thăng Hoa,vi
Appel du chaos,Triệu Gọi Hỗn Mang,vi
Aprendizados Iniciais,Bài Học Sơ Khai,vi
Aprendizaje inicial,Bài Học Sơ Khai,vi
Aprire un passaggio,Mở Lối,vi
Apró cimborák,Những Người Bạn Nhỏ,vi
Apró titánok,Khổng Lồ Hóa,vi
Apuesta Dorada,Ván Cược Hoàng Kim,vi
Apuesta dorada,Ván Cược Hoàng Kim,vi
Apunta a las Estrellas,Vươn Tới Tinh Tú,vi
Apunta a las estrellas,Vươn Tới Tinh Tú,vi
Apărător,Tiên Phong,vi
Aradığını Bul,Đánh Là Trúng,vi
Arakla,Ăn Trộm,vi
Araldo di Zeke,Tụ Bão Zeke,vi
Aranyjátszma,Ván Cược Hoàng Kim,vi
Arauto Desolador de Zeke,Cờ Lệnh Zeke U Ám,vi
Arauto de Zeke,Tụ Bão Zeke,vi
Arbiter,Thần Phán,vi
Arbiter Emblem,Ấn Thần Phán,vi
Arbitro,Thần Phán,vi
Arbitrzy,Thần Phán,vi
Arc courbe,Cung Gỗ,vi
Arc încovoiat,Cung Gỗ,vi
Arcane Vidor Viktor,Arcane Viktor-y,vi
Arcane Viktor-y,Arcane Viktor-y,vi
Arcane ビクタリー,Arcane Viktor-y,vi
Arcane-Viktor-y,Arcane Viktor-y,vi
Arcaniquement Viktor-ieux,Arcane Viktor-y,vi
Archandělova hůl,Quyền Trượng Thiên Thần,vi
Archangel's Staff,Quyền Trượng Thiên Thần,vi
Archi da supporto,Cung Dự Phòng,vi
Archibugio a ripetizione,Đại Bác Liên Thanh,vi
Arco Recurvado,Cung Gỗ,vi
Arco Recurvo,Cung Gỗ,vi
Arco curvo,Cung Gỗ,vi
Arco ricurvo,Cung Gỗ,vi
Arcos Reserva,Cung Dự Phòng,vi
Arcos de Repuesto,Cung Dự Phòng,vi
Arcos de refuerzo,Cung Dự Phòng,vi
Arcs à gogo,Cung Dự Phòng,vi
Arcuri de rezervă,Cung Dự Phòng,vi
Argento vivo,Áo Choàng Thủy Ngân,vi
Argint viu,Áo Choàng Thủy Ngân,vi
Argogranchio,Cua Kỳ Cục,vi
Arka Sıra Savunması,Sơ Đồ Tuyến Sau,vi
Arkangyal pálcája,Quyền Trượng Thiên Thần,vi
Arma un Amigo,Tự Lập Đội,vi
Armado máximo,Đội Hình Tối Ưu,vi
Armadura Improvisada,Giáp Tự Chế,vi
Armadura Pétrea,Thú Tượng Thạch Giáp,vi
Armadura de Warmog,Giáp Máu Warmog,vi
Armadura de trama,Hào Quang Nhân Vật Chính,vi
Armadura improvisada,Giáp Tự Chế,vi
Armaguarda da Caçadora,Giáp Tay Seeker,vi
Armatura di Warmog,Giáp Máu Warmog,vi
Armatura improvvisata,Giáp Tự Chế,vi
Armschutz des Suchenden,Giáp Tay Seeker,vi
Armura lui Warmog,Giáp Máu Warmog,vi
Armure de Warmog,Giáp Máu Warmog,vi
Armure improvisée,Giáp Tự Chế,vi
Armure roncière,Áo Choàng Gai,vi
Armurier,Thợ Rèn Kiếm,vi
Armură improvizată,Giáp Tự Chế,vi
Aronguejo,Cua Kỳ Cục,vi
Arta atacului lui Yasuo,Kiếm Thuật Của Yasuo,vi
Artefacts à la rescousse,Tôi Luyện Sức Mạnh,vi
Artesanía Creativa,Khéo Tay Hay Làm,vi
Artiglio del drago,Vuốt Rồng,vi
Artiglio del predatore,Móng Vuốt Ám Muội,vi
Aruncare magică,Xúc Xắc Ma Pháp,vi
Arındırıcı,Chuộc Tội,vi
Asalto de Componentes,Phi Vụ Trang Bị,vi
Ascender de Posición,Leo Hạng,vi
Ascension,Thăng Hoa,vi
Ascension partielle,Bán Thăng Hoa,vi
Ascension sociale,Đẩy Nhanh Tiến Độ,vi
Ascensione,Thăng Hoa,vi
Ascensione parziale,Bán Thăng Hoa,vi
Ascensiune,Thăng Hoa,vi
Ascensiune socială,Đẩy Nhanh Tiến Độ,vi
Ascensión,Thăng Hoa,vi
Ascensión parcial,Bán Thăng Hoa,vi
Ascenso,Thăng Hoa,vi
Ascenso social,Đẩy Nhanh Tiến Độ,vi
Ascensão,Thăng Hoa,vi
Ascensão Parcial,Bán Thăng Hoa,vi
Asesinato Doble Veloz,Song Sát Tốc Hành,vi
Asesinato doble veloz,Song Sát Tốc Hành,vi
Asesino a Sueldo,Sát Thủ Đánh Thuê,vi
Asesino a sueldo,Sát Thủ Đánh Thuê,vi
Aspoň k něčemu,Được Này Mất Kia,vi
Assassinato Indiscriminado,Sát Thủ Khát Máu,vi
Assinatura de Luxo,Gói Đăng Ký Hạng Sang,vi
Astral,Chiêm Tinh,vi
Astro-groove,Hành Tinh,vi
Astromante,Chiêm Tinh,vi
Astronomo,Chiêm Tinh,vi
At What Cost,Cái Giá Phải Trả,vi
Atalho à Vitória,Toàn Thắng,vi
Atirador de Elite,Bắn Tỉa,vi
Atributo elegido,Chọn Tộc/Hệ,vi
Attente récompensée,Chờ Đợi Xứng Đáng,vi
Attribut wählen,Chọn Tộc/Hệ,vi
Atualização Épica,Xúc Xắc Hoành Tráng,vi
Atılgan,Thách Đấu,vi
Atılgan Amblemi,Ấn Thách Đấu,vi
Atılgan Modu,Chế Độ Thách Đấu,vi
Au bout du rouleau,Đao Tím,vi
Aube de Haut-Lac-d'Argent,Chùy Bạch Ngân,vi
Auf lange Sicht,Thích Mở Rộng,vi
Aufschwung,Ngọn Gió Thứ Hai,vi
Aufstellung,Tiền Tuyến Vững Chãi,vi
Aufstieg,Thăng Hoa,vi
Auftragsmörder,Sát Thủ Đánh Thuê,vi
Aufwärtsmobilität,Đẩy Nhanh Tiến Độ,vi
Augmented Power,Nâng Tầm Uy Lực,vi
Augmentierte Macht,Nâng Tầm Uy Lực,vi
Augmentovaná síla,Nâng Tầm Uy Lực,vi
Aulas de Boxe,Tập Chịu Đòn,vi
Aumento di livello in solitaria,Tôi Thăng Cấp Một Mình,vi
Aumento di livello!,Khuyến Mãi Kinh Nghiệm,vi
Aura Ahri,Hào Quang Của Ahri,vi
Aura Farming,Aura Farming,vi
Aura d'Ahri,Hào Quang Của Ahri,vi
Aura de Ahri,Hào Quang Của Ahri,vi
Aura di Ahri,Hào Quang Của Ahri,vi
Aura lui Ahri,Hào Quang Của Ahri,vi
Aura-farmen,Aura Farming,vi
Aurafarmolás,Aura Farming,vi
Aurelion Sol,Aurelion Sol,vi
Aurelion Sol áldása,Ân Huệ Của Aurelion Sol,vi
Aurelion Sol's Boon,Ân Huệ Của Aurelion Sol,vi
Aurelion Sol'ün Lütfu,Ân Huệ Của Aurelion Sol,vi
Aurelion Sols Segen,Ân Huệ Của Aurelion Sol,vi
Aurelion Solův dar,Ân Huệ Của Aurelion Sol,vi
Auronúcleo,Lõi Bình Minh,vi
Aurora,Aurora,vi
Avanguardia,Tiên Phong,vi
Avaricia,Cơn Khát Vàng,vi
Aventura Exaltada,Cuộc Phiêu Lưu Tôn Quý,vi
Avidité,Cơn Khát Vàng,vi
Avènement des deux,2 Vàng Là Nhất,vi
Awans,Đẩy Nhanh Tiến Độ,vi
Awansujesz!,Khuyến Mãi Kinh Nghiệm,vi
Az Alkony égisze,Khiên Hoàng Hôn,vi
Az Oltalmazó esküje,Lời Thề Hộ Vệ,vi
Az adottságfa,Cây Tộc Hệ,vi
Az adottságok könyve,Sách Chọn Ấn,vi
Az aranysárkány,Kim Long,vi
Az aranytojás,Rồng Đẻ Trứng Vàng,vi
Az erő itala,Nước Cappa,vi
Az igazság ökle,Bàn Tay Công Lý,vi
Az iron solarik medálja,Dây Chuyền Iron Solari,vi
Az istenek kohója,Lò Rèn Thăng Hoa,vi
Az Üresség botja,Trượng Hư Vô,vi
Az éj kardja,Áo Choàng Bóng Tối,vi
Az óriás öve,Đai Khổng Lồ,vi
Azami Dizilim,Đội Hình Tối Ưu,vi
Azzardo di Urf,Ván Cược URF,vi
Aço Áureo,Thép Mạ Vàng,vi
Aşırı Büyük Sopa,Gậy Quá Khổ,vi
B.F. Sword,Kiếm B.F.,vi
B.F. 대검,Kiếm B.F.,vi
B.F.ソード,Kiếm B.F.,vi
"BEZ ZWIADU, BEZ ZMIAN",NHẮM MẮT CHƠI BỪA,vi
BF Glaive,Kiếm B.F.,vi
BRAK AKTYWNOŚCI,AFK,vi
Bac de recyclage,Nhà Máy Tái Chế,vi
Backline Blueprint,Sơ Đồ Tuyến Sau,vi
Backup Bows,Cung Dự Phòng,vi
Bagarreur,Đấu Sĩ,vi
Baguette trop grosse,Gậy Quá Khổ,vi
Baguettes à gogo,Triệu Hồi Bất Tận,vi
Bahne dir den Weg,Mở Lối,vi
Bajkeverő,Đấu Sĩ,vi
Bajkeverő embléma,Ấn Đấu Sĩ,vi
Bajkeverők,Lệch Chuẩn,vi
Bajo el mismo foco de Yasuo,Hưởng Ké Hào Quang Yasuo,vi
Baluardo,Chiến Lũy,vi
Baluarte,Chiến Lũy,vi
Bam!,Boong!,vi
Banc de Pandore,Hàng Chờ Pandora,vi
Banca Pandorei,Hàng Chờ Pandora,vi
Banca de Pandora,Hàng Chờ Pandora,vi
Band of Thieves,Băng Trộm,vi
Band of Thieves II,Băng Trộm II,vi
Banda Złodziejaszków,Băng Trộm,vi
Banda Złodziejaszków II,Băng Trộm II,vi
Banda de Ladrones,Băng Trộm,vi
Banda de Ladrones II,Băng Trộm II,vi
Banda di ladri,Băng Trộm,vi
Banda di ladri II,Băng Trộm II,vi
Bande de voleurs,Băng Trộm,vi
Bande de voleurs II,Băng Trộm II,vi
Bandito,Vô Pháp,vi
Bando de Ladrões,Băng Trộm,vi
Bando de Ladrões II,Băng Trộm II,vi
Bandă de tâlhari,Băng Trộm,vi
Bandă de tâlhari II,Băng Trộm II,vi
Bani de buzunar,Tiền Ăn Trưa,vi
Banquillo de Pandora,Hàng Chờ Pandora,vi
Bard,Bard,vi
Bardo,Bard,vi
Baricadă,Chiến Lũy,vi
Barkácsolt barkácsolás,Khéo Tay Hay Làm,vi
Baron verme,Hang Ổ Baron,vi
Baron's Lair,Hang Ổ Baron,vi
Baron'un İni,Hang Ổ Baron,vi
Baronovo doupě,Hang Ổ Baron,vi
Bastion,Can Trường,vi
Bastion Emblem,Ấn Can Trường,vi
Bastion-Emblem,Ấn Can Trường,vi
Bastione,Can Trường,vi
Bastião,Can Trường,vi
Bastión,Can Trường,vi
Bastone colossale,Gậy Quá Khổ,vi
Bastone del Vuoto,Trượng Hư Vô,vi
Bastão Desnecessariamente Grande,Gậy Quá Khổ,vi
Bastón del Vacío,Trượng Hư Vô,vi
Bastón del arcángel,Quyền Trượng Thiên Thần,vi
Bastón del serafín,Trượng Đại Thiên Sứ,vi
Baue einen Begleiter,Tự Lập Đội,vi
Baue einen Begleiter,Người Bạn Vàng,vi
Baza avangardei,Củng Cố Tuyến Trước,vi
Başmelek Asası,Quyền Trượng Thiên Thần,vi
Bašta,Can Trường,vi
Becsapódás,Hạ Đo Ván,vi
Beklemeye Değer,Chờ Đợi Xứng Đáng,vi
Beklenen Beklenmezlik,Kỳ Vọng Bất Ngờ,vi
Bel'Veth,Bel'Veth,vi
Belt Overflow,Đam Mê Đai Lưng,vi
Ben Tek Siz Hepiniz,Tôi Thăng Cấp Một Mình,vi
Bendecido por los Dioses,Thần Ban Phước,vi
Bendición de Ahri,Ân Huệ Của Ahri,vi
Bendición de Aurelion Sol,Ân Huệ Của Aurelion Sol,vi
Bendición de Ekko,Ân Huệ Của Ekko,vi
Bendición de Evelynn,Ân Huệ Của Evelynn,vi
Bendición de Kayle,Ân Huệ Của Kayle,vi
Bendición de Resurrección,Ân Huệ Tái Sinh,vi
Bendición de Soraka,Ân Huệ Của Soraka,vi
Bendición de Thresh,Ân Huệ Của Thresh,vi
Bendición de Varus,Ân Huệ Của Varus,vi
Bendición de Yasuo,Ân Huệ Của Yasuo,vi
Bendición de la chatarra,Lễ Vật Tái Chế,vi
Bendición del Chatarrero,Lễ Vật Tái Chế,vi
Bendito por los dioses,Thần Ban Phước,vi
Benedetto dagli dei,Thần Ban Phước,vi
Benlik Aynası,Hiện Thân Phản Chiếu,vi
Berechneter Verlust,Thua Có Tính Toán,vi
Berger,Du Mục,vi
Besace d'Urf,Túi Đồ Urf,vi
Besace héroïque,Túi Đồ Siêu Hùng,vi
Best Friends,Bạn Thân,vi
Beste Freunde,Bạn Thân,vi
Bestia fiestera,Tiệc Tùng,vi
Betervezett veszteség,Thua Có Tính Toán,vi
Bevásárló körút,Tín Đồ Mua Sắm,vi
Bezwzględny Zabójca,Sát Thủ Khát Máu,vi
Big Bang,Siêu Vũ Trụ,vi
Big Grab Bag,Túi Đồ Cỡ Đại,vi
Biglietto prismatico,Vé Kim Cương,vi
Bilet prismatic,Vé Kim Cương,vi
Bileşen Eşya Soygunu,Phi Vụ Trang Bị,vi
Bilhete Prismático,Vé Kim Cương,vi
Bilişsel Patlama,Quá Tải Tư Duy,vi
Bilişsel Vergi,Thuế Nhận Thức,vi
Billete prismático,Vé Kim Cương,vi
Bindende Verpflichtung,Chỉ Một Con Đường,vi
Binecuvântat de zei,Thần Ban Phước,vi
Biomassebewahrer,Bảo Tồn Sinh Chất,vi
Biomassza-megőrző,Bảo Tồn Sinh Chất,vi
Biomatter Preserver,Bảo Tồn Sinh Chất,vi
Bir Yol Çiz,Mở Lối,vi
Bir İki Üç,Một Hai Ba,vi
"Bir, İki, Beş!","Một, Hai, Năm!",vi
Birikim Hesabı,Tài Khoản Tiết Kiệm,vi
Birlikten Kuvvet Doğar,Nhất Thống,vi
Birliğin Gücü,Kề Vai Sát Cánh,vi
Birthday Present,Quà Sinh Nhật,vi
Birthday Reunion,Sinh Nhật Đoàn Tụ,vi
Biyomalzeme Koruyucusu,Bảo Tồn Sinh Chất,vi
Biztos győzelem,Toàn Thắng,vi
Blason de Zeke,Tụ Bão Zeke,vi
Blason des Lightshield,Huy Hiệu Lightshield,vi
Blason lugubre de Zeke,Cờ Lệnh Zeke U Ám,vi
Blasón de Escudo de luz,Huy Hiệu Lightshield,vi
Blauer Buff,Bùa Xanh,vi
Blaupause für die hintere Reihe,Sơ Đồ Tuyến Sau,vi
Blazonul Lightshield,Huy Hiệu Lightshield,vi
Blazonul solarilor de fier,Dây Chuyền Iron Solari,vi
Blighting Jewel,Đá Hắc Hóa,vi
Blikavé čepele,Đao Chớp,vi
Blitzcrank,Blitzcrank,vi
Bliźniaczy Strażnicy,Song Vệ,vi
Blood Offering,Huyết Tế,vi
Blood Price,Huyết Giá,vi
Bloodthirster,Huyết Kiếm,vi
Blue Buff,Bùa Xanh,vi
Blutdürster,Huyết Kiếm,vi
Blutopfer,Huyết Tế,vi
Blutzoll,Huyết Giá,vi
Bluźnierczy Bożek,Dị Vật Tai Ương,vi
Bodyguard Training,Huấn Luyện Cận Vệ,vi
Bogini Broni,Xạ Thần,vi
Bokormellény,Áo Choàng Gai,vi
Boks Dersi,Tập Chịu Đòn,vi
Bokszkesztyű,Găng Đấu Tập,vi
Bokszlecke,Tập Chịu Đòn,vi
Boleto Prismático,Vé Kim Cương,vi
Bollwerk,Chiến Lũy,vi
Bolsa de Objetos,Tiếp Tế Trang Bị,vi
Bolsa de Sorpresas Heroica,Túi Đồ Siêu Hùng,vi
Bolsa de Sorpresas Pequeña,Túi Đồ Cỡ Nhỏ,vi
Bolsa de Sorpresas de Urf,Túi Đồ Urf,vi
Bolsa de Sorpresas grande,Túi Đồ Cỡ Đại,vi
Bolsa sorpresa de Urf,Túi Đồ Urf,vi
Bolsa sorpresa de objetos,Tiếp Tế Trang Bị,vi
Bolsa sorpresa grande,Túi Đồ Cỡ Đại,vi
Bolsa sorpresa heroica,Túi Đồ Siêu Hùng,vi
Bolsa sorpresa pequeña,Túi Đồ Cỡ Nhỏ,vi
Bombardıman Topu,Đại Bác Liên Thanh,vi
Boneco de Treinamento,Hình Nhân,vi
Bonecos de Impacto,Hình Nộm Va Chạm,vi
Bonk!,Boong!,vi
Bonk !,Boong!,vi
Boon of Resurrection,Ân Huệ Tái Sinh,vi
Boon of the Scrapper,Lễ Vật Tái Chế,vi
Booster,Gói Tăng Cường,vi
Booster Pack,Gói Tăng Cường,vi
Booster-Packung,Gói Tăng Cường,vi
Boostery,Gói Tăng Cường,vi
Borsa degli oggetti,Tiếp Tế Trang Bị,vi
Borsa di Urf,Túi Đồ Urf,vi
Borsa eroica,Túi Đồ Siêu Hùng,vi
Borsa grande,Túi Đồ Cỡ Đại,vi
Borsa piccola,Túi Đồ Cỡ Nhỏ,vi
Boscy Pojedynkowicze,Song Đấu,vi
Boshafte Monetarisierung,Dòng Tiền Mờ Ám,vi
Boska Kuźnia,Lò Rèn Thăng Hoa,vi
Bote de Segunda Mano,Nhà Máy Tái Chế,vi
Botkovács,Thợ Rèn Gậy,vi
Bouclier du Tacticien,Lá Chắn Chiến Thuật,vi
Boxeador Profesional,Võ Sĩ Giác Đấu,vi
Boxing Lessons,Tập Chịu Đòn,vi
Boxunterricht,Tập Chịu Đòn,vi
Boyut Önemli,Kích Cỡ Là Quan Trọng,vi
Božská pistolnice,Xạ Thần,vi
Božský duelista,Song Đấu,vi
Bramble Vest,Áo Choàng Gai,vi
Branching Out,Phân Nhánh,vi
Bratpfanne,Chảo Vàng,vi
Brawler,Đấu Sĩ,vi
Brawler Emblem,Ấn Đấu Sĩ,vi
Brazalete de la buscadora,Giáp Tay Seeker,vi
Briar,Briar,vi
Brigand,Toán Cướp,vi
Brise-temps,Thời Không,vi
Bronce de por Vida,Tất Tay Bậc Đồng,vi
Bronce de por vida,Tất Tay Bậc Đồng,vi
Bronz mindörökké II.,Tất Tay Bậc Đồng,vi
Bronz nad zlato,Tất Tay Bậc Đồng,vi
Bronz pentru totdeauna,Tất Tay Bậc Đồng,vi
Bronzdan Şaşma,Tất Tay Bậc Đồng,vi
Bronze For Life,Tất Tay Bậc Đồng,vi
Bronze pour la vie,Tất Tay Bậc Đồng,vi
Bronze é Vida,Tất Tay Bậc Đồng,vi
Bronzo per la vita,Tất Tay Bậc Đồng,vi
Brylantowa Rękawica,Găng Bảo Thạch,vi
Brylantowy Lotos,Khảm Bảo Thạch,vi
Brățara căutătorului,Giáp Tay Seeker,vi
Bu Taç Ağır,Vương Miện Nặng Trĩu,vi
Bubuilă,Pháo Xương Cá,vi
Bucătăria tacticianului,Linh Thú Vào Bếp,vi
Bueno para Algo,Được Này Mất Kia,vi
Buff bleu,Bùa Xanh,vi
Buff blu,Bùa Xanh,vi
Buff rosso,Bùa Đỏ,vi
Buff rouge,Bùa Đỏ,vi
Buff-ul albastru,Bùa Xanh,vi
Buff-ul roșu,Bùa Đỏ,vi
Buffs à gogo,"Một Bùa, Hai Bùa",vi
Buget înțelept,Tiêu Dùng Thông Minh,vi
Build a Bud,Tự Lập Đội,vi
Build maxim,Đội Hình Tối Ưu,vi
Bulwark,Chiến Lũy,vi
Burattino d'ombra,Bóng Phân Thân,vi
Burguesía,Đặc Quyền Phú Gia,vi
Buried Treasure,Kho Báu Chôn Giấu,vi
Buried Treasures,Kho Báu Chôn Giấu,vi
Bustina,Gói Tăng Cường,vi
Butin aléatoire,"Một, Hai, Năm!",vi
Butin funéraire,Được Này Mất Kia,vi
Butin varié,Đánh Là Trúng,vi
Buzduganul înaintașului,Chùy Đoản Côn,vi
Bušení,Hạ Đo Ván,vi
Báculo del Arcángel,Quyền Trượng Thiên Thần,vi
Báculo del Serafín,Trượng Đại Thiên Sứ,vi
Báculo del Vacío,Trượng Hư Vô,vi
Bástya,Chiến Lũy,vi
Bârlogul Baronului,Hang Ổ Baron,vi
Bâton angélique,Trượng Đại Thiên Sứ,vi
Bâton de l'archange,Quyền Trượng Thiên Thần,vi
Bâton du vide,Trượng Hư Vô,vi
Béni des dieux,Thần Ban Phước,vi
Bénédiction d'Ahri,Ân Huệ Của Ahri,vi
Bénédiction d'Aurelion Sol,Ân Huệ Của Aurelion Sol,vi
Bénédiction d'Ekko,Ân Huệ Của Ekko,vi
Bénédiction d'Evelynn,Ân Huệ Của Evelynn,vi
Bénédiction de Kayle,Ân Huệ Của Kayle,vi
Bénédiction de Soraka,Ân Huệ Của Soraka,vi
Bénédiction de Thresh,Ân Huệ Của Thresh,vi
Bénédiction de Varus,Ân Huệ Của Varus,vi
Bénédiction de Yasuo,Ân Huệ Của Yasuo,vi
Bénédiction de résurrection,Ân Huệ Tái Sinh,vi
Bénédiction du Ferrailleur,Lễ Vật Tái Chế,vi
Bérgyilkos,Sát Thủ Đánh Thuê,vi
Bête de scène,Tiệc Tùng,vi
Büyük Dönüş,Cố Gắng Lật Kèo,vi
Büyük Patlama,Siêu Vũ Trụ,vi
Büyük Çekiliş,Túi Đồ Cỡ Đại,vi
Büyülü Zarlar,Xúc Xắc Ma Pháp,vi
Bătăuș,Đấu Sĩ,vi
Běž do toho,Đánh Là Trúng,vi
Błogosławieni,Thần Ban Phước,vi
Błogosławieństwo Rozrabiaki,Lễ Vật Tái Chế,vi
Błogosławiona Przygoda,Cuộc Phiêu Lưu Tôn Quý,vi
Caccia al tesoro,Săn Kho Báu,vi
Cacciatore galattico,Thợ Săn Vũ Trụ,vi
Cadeau d'anniversaire,Quà Sinh Nhật,vi
Cadou aniversar,Quà Sinh Nhật,vi
Caitlyn,Caitlyn,vi
Cajado de Serafim,Trượng Đại Thiên Sứ,vi
Cajado do Arcanjo,Quyền Trượng Thiên Thần,vi
Cajado do Vazio,Trượng Hư Vô,vi
Calculated Loss,Thua Có Tính Toán,vi
Calea războiului,Đường Ra Trận,vi
Calibrador de Sterak,Móng Vuốt Sterak,vi
Calice de puissance,Cốc Sức Mạnh,vi
Calice del potere,Cốc Sức Mạnh,vi
Call to Chaos,Triệu Gọi Hỗn Mang,vi
Cambiazo épico,Xúc Xắc Hoành Tráng,vi
Cambio epico,Xúc Xắc Hoành Tráng,vi
Cambio eterno,Xúc Xắc Vô Tận,vi
Caminho da Guerra,Đường Ra Trận,vi
Can Dostları,Bạn Thân,vi
Canaglia radiosa,Quang Lân Tiểu Yêu,vi
Canalisateur,Dẫn Truyền,vi
Canalizador,Dẫn Truyền,vi
Cangrejo Escurridizo,Cua Kỳ Cục,vi
Canhão Fumegante,Đại Bác Liên Thanh,vi
Canhão de Vidro,Lấy Công Bù Thủ,vi
Cannone di cristallo,Lấy Công Bù Thủ,vi
Canon de verre,Lấy Công Bù Thủ,vi
Canon ultrarapide,Đại Bác Liên Thanh,vi
Capa Mercurial,Áo Choàng Thủy Ngân,vi
Capa Negatron,Áo Choàng Bạc,vi
Capa de Estratega,Áo Choàng Chiến Thuật,vi
Capa de Fogo Solar,Áo Choàng Lửa,vi
Capa de Fuego Solar,Áo Choàng Lửa,vi
Capa de Negatrones,Áo Choàng Bạc,vi
Capa de estratega,Áo Choàng Chiến Thuật,vi
Capa de fuego solar,Áo Choàng Lửa,vi
Capa do Estrategista,Áo Choàng Chiến Thuật,vi
Capa negatrón,Áo Choàng Bạc,vi
Cape du Tacticien,Áo Choàng Chiến Thuật,vi
Cape solaire,Áo Choàng Lửa,vi
Cappa Juice,Nước Cappa,vi
Cappa-Trank,Nước Cappa,vi
Cappelli più letali,Mũ Tử Thần,vi
Caprichitos,Món Quà Ngọt Ngào,vi
Capuz da Morte de Rabadon,Mũ Phù Thủy Rabadon,vi
Capuzes Mais Mortais,Mũ Tử Thần,vi
Carapateur,Cua Kỳ Cục,vi
Carapescado,Pháo Xương Cá,vi
Care Package,Gói Bảo Hộ,vi
Caretaker's Ally,Đồng Minh Của Bụt,vi
Carga Elétrica,Tụ Điện,vi
Carve a Path,Mở Lối,vi
Casa Dourada do Yasuo,Ô Hoàng Kim của Yasuo,vi
Casque adaptatif,Mũ Thích Nghi,vi
Castigo,Báo Oán,vi
Catastrofista,U Sầu,vi
Cazador galáctico,Thợ Săn Vũ Trụ,vi
Cazagalaxias,Thợ Săn Vũ Trụ,vi
Cazatesoros,Săn Kho Báu,vi
Caça ao Tesouro,Săn Kho Báu,vi
Caçador de Galáxia,Thợ Săn Vũ Trụ,vi
Cañón de Cristal,Lấy Công Bù Thủ,vi
Cañón de Fuego Rápido,Đại Bác Liên Thanh,vi
Cañón de fuego rápido,Đại Bác Liên Thanh,vi
Całun Bezruchu,Áo Choàng Tĩnh Lặng,vi
Cecchino,Bắn Tỉa,vi
Cehennem Ateşi Baltası,Rìu Hỏa Ngục,vi
Cei mai buni prieteni,Bạn Thân,vi
Ceinture du géant,Đai Khổng Lồ,vi
Cena Krwi,Huyết Giá,vi
Cena pro vítěze,Võ Sĩ Giác Đấu,vi
Cengâver Onuru,Chiến Tướng Khải Hoàn,vi
Cenny Wojownik,Võ Sĩ Giác Đấu,vi
Cenná posila,Tứ Phương Tiếp Viện,vi
Centelha Iônica,Nỏ Sét,vi
Centre d'excellence,Tiền Vệ Trung Tâm,vi
Cetro Vampírico Corrompido,Huyết Trượng Tha Hóa,vi
Cetro Vampírico Corrupto,Huyết Trượng Tha Hóa,vi
Cetro vampírico corrupto,Huyết Trượng Tha Hóa,vi
Chain Vest,Giáp Lưới,vi
Chaleco de cadenas,Giáp Lưới,vi
Chaleco de zarzas,Áo Choàng Gai,vi
Chalice of Power,Cốc Sức Mạnh,vi
Challenger,Thách Đấu,vi
Challenger Emblem,Ấn Thách Đấu,vi
Challenger Mode,Chế Độ Thách Đấu,vi
Chamado ao Caos,Triệu Gọi Hỗn Mang,vi
Champion en kit,Tự Lập Đội,vi
Chaotischer Geist,Bừa Bộn,vi
Chapardage,Ăn Trộm,vi
Charge Transfer,Chuyển Đổi Năng Lượng,vi
Charge cognitive,Thuế Nhận Thức,vi
Chasse au trésor,Săn Kho Báu,vi
Chasseur galactique,Thợ Săn Vũ Trụ,vi
Chciwość,Cơn Khát Vàng,vi
Che il Quattro sia con te,Số 4 Hoàn Hảo,vi
Chemarea haosului,Triệu Gọi Hỗn Mang,vi
Chispa Iónica,Nỏ Sét,vi
Chispa iónica,Nỏ Sét,vi
Chmaták,Sống Vội,vi
Cho'Gath,Cho'Gath,vi
Choisissez un type,Chọn Tộc/Hệ,vi
Choose Trait,Chọn Tộc/Hệ,vi
"Chora, me liga",Giọt Lệ Bi Ai,vi
Choristes,Những Người Bạn Nhỏ,vi
Chrličův kamenný plát,Thú Tượng Thạch Giáp,vi
Chytrý nákup,Tiêu Dùng Thông Minh,vi
Cierpliwa Nauka,Kiên Nhẫn Học Tập,vi
Cierpliwość Ekko,Kiên Nhẫn Của Ekko,vi
Cierpliwość Jest Cnotą,Kiên Nhẫn Là Một Đức Tính,vi
Cimientos de Línea Frontal,Củng Cố Tuyến Trước,vi
Cimientos de la vanguardia,Củng Cố Tuyến Trước,vi
Cinto do Gigante,Đai Khổng Lồ,vi
Cintura del gigante,Đai Khổng Lồ,vi
Cinturón XL,Đam Mê Đai Lưng,vi
Cinturón de Gigante,Đai Khổng Lồ,vi
Cinturón de gigante,Đai Khổng Lồ,vi
Clases de boxeo,Tập Chịu Đòn,vi
Clear Mind,Thông Thoáng,vi
Cleptomanie,Thanh Lý Toàn Bộ,vi
Climb The Ladder,Leo Hạng,vi
Clockwork Accelerator,Động Cơ Tăng Tốc,vi
Clone des ombres,Bóng Phân Thân,vi
Cluttered Mind,Bừa Bộn,vi
Cnota Męczennika,Quyền Trượng Thánh Quang,vi
Cocina de Estratega,Linh Thú Vào Bếp,vi
Cocina de estratega,Linh Thú Vào Bếp,vi
Cod roșu de lacrimi,Giọt Lệ Bi Ai,vi
Coda in duo,Hàng Chờ Đấu Đôi,vi
Cognitive Overload,Quá Tải Tư Duy,vi
Cognitive Tax,Thuế Nhận Thức,vi
Coif cameleonic,Mũ Thích Nghi,vi
Coiffe de Rabadon,Mũ Phù Thủy Rabadon,vi
Coiffes mortelles,Mũ Tử Thần,vi
Coincidenze perse,Kết Nối Gián Đoạn,vi
Cola Dúo,Hàng Chờ Đấu Đôi,vi
Cola dúo,Hàng Chờ Đấu Đôi,vi
Coleguis del curro,Xây Dựng Đội Hình,vi
Coleguitas,Những Người Bạn Nhỏ,vi
Colete Espinhoso,Áo Choàng Gai,vi
Colher de Prata,Đặc Quyền Phú Gia,vi
Collegamento cibernetico,Trí Tuệ Siêu Công Nghệ,vi
Colpire e basta,Đánh Là Trúng,vi
Comandant,Chỉ Huy,vi
Comandante,Chỉ Huy,vi
Comandante Anima,Chỉ Huy Siêu Thú,vi
Comandante Animalia,Chỉ Huy Siêu Thú,vi
Comandante Ánima,Chỉ Huy Siêu Thú,vi
Comandatul Anima,Chỉ Huy Siêu Thú,vi
Combattente,Đấu Sĩ,vi
Combinație stelară,Liên Hoàn Tinh Tú,vi
Combo Estelar,Liên Hoàn Tinh Tú,vi
Combo estelar,Liên Hoàn Tinh Tú,vi
Combo stellaire,Liên Hoàn Tinh Tú,vi
Combo stellare,Liên Hoàn Tinh Tú,vi
Comeback Story,Cố Gắng Lật Kèo,vi
Comerț de bază,Trung Tâm Thương Mại,vi
Comienzo aventajado,Khởi Động Nhanh,vi
Commandant d'Anima,Chỉ Huy Siêu Thú,vi
Commandante,Chỉ Huy,vi
Commander,Chỉ Huy,vi
Commerce Core,Trung Tâm Thương Mại,vi
Comori îngropate,Kho Báu Chôn Giấu,vi
Comparte los Reflectores con Yasuo,Hưởng Ké Hào Quang Yasuo,vi
Competitor,Thách Đấu,vi
Component Heist,Phi Vụ Trang Bị,vi
Composants de guerre,Phi Vụ Trang Bị,vi
Composição Máxima,Đội Hình Tối Ưu,vi
Compras compulsivas,Tín Đồ Mua Sắm,vi
Compromiso férreo,Chỉ Một Con Đường,vi
Compromisso Sério,Chỉ Một Con Đường,vi
Compte épargne,Tài Khoản Tiết Kiệm,vi
Concentration lointaine,Kính Nhắm Ma Pháp,vi
Concentrazione dell'orizzonte,Kính Nhắm Ma Pháp,vi
Condenador,U Sầu,vi
Conducto,Dẫn Truyền,vi
Conduit,Dẫn Truyền,vi
Conduit Mode,Chế Độ Dẫn Truyền,vi
Conduíte,Dẫn Truyền,vi
Conexiones fallidas,Kết Nối Gián Đoạn,vi
Conexiune cibernetică,Trí Tuệ Siêu Công Nghệ,vi
Conexiune cu drona,Kết Nối Drone,vi
Conexión cibernética,Trí Tuệ Siêu Công Nghệ,vi
Conexión de dron,Kết Nối Drone,vi
Conexión perdida,Kết Nối Gián Đoạn,vi
Conexão Cibernética,Trí Tuệ Siêu Công Nghệ,vi
Conexão de Drone,Kết Nối Drone,vi
Conexões Perdidas,Kết Nối Gián Đoạn,vi
Configuración maximizada,Đội Hình Tối Ưu,vi
Configurazione massima,Đội Hình Tối Ưu,vi
Confusão Mental,Bừa Bộn,vi
Conjuración continua,Triệu Hồi Bất Tận,vi
Conjuração Contínua,Triệu Hồi Bất Tận,vi
Conjuros Continuos,Triệu Hồi Bất Tận,vi
Connivence,Leo Hạng,vi
Conservare de biomaterial,Bảo Tồn Sinh Chất,vi
Conservateur de biomatière,Bảo Tồn Sinh Chất,vi
Conservatore di biomateria,Bảo Tồn Sinh Chất,vi
Construct a Companion,Người Bạn Vàng,vi
Construiește un însoțitor,Người Bạn Vàng,vi
Construiește-ți un prieten,Tự Lập Đội,vi
Construye tu Compi,Người Bạn Vàng,vi
Construção de Companheiro,Người Bạn Vàng,vi
Consumo Consciente,Tiêu Dùng Thông Minh,vi
Cont de economii,Tài Khoản Tiết Kiệm,vi
Conta Poupança,Tài Khoản Tiết Kiệm,vi
Contendiente,Thách Đấu,vi
Contenedor de chatarra,Nhà Máy Tái Chế,vi
Continuous Conjuration,Triệu Hồi Bất Tận,vi
Conto dei risparmi,Tài Khoản Tiết Kiệm,vi
Contract Killer,Sát Thủ Đánh Thuê,vi
Convogliatore,Dẫn Truyền,vi
Copacul caracteristicilor,Cây Tộc Hệ,vi
Copricapo di Rabadon,Mũ Phù Thủy Rabadon,vi
Corazza singola,Khiên Đơn Đấu,vi
Corazza spirituale,Giáp Tâm Linh,vi
Corazón de Acero,Trái Tim Sắt Đá,vi
Corazón de acero,Trái Tim Sắt Đá,vi
Corazón del alba,Lõi Bình Minh,vi
Corazón resuelto,Trái Tim Kiên Định,vi
Coração Inabalável,Trái Tim Kiên Định,vi
Coração de Aço,Trái Tim Sắt Đá,vi
Corki,Corki,vi
Coroa do Amaldiçoado,Vương Miện Hắc Hóa,vi
Coroa do Estrategista,Vương Miện Chiến Thuật,vi
Coroana blestemată,Vương Miện Hắc Hóa,vi
Coroana tacticianului,Vương Miện Chiến Thuật,vi
Corona Maldita,Vương Miện Hắc Hóa,vi
Corona de Estratega,Vương Miện Chiến Thuật,vi
Corona de estratega,Vương Miện Chiến Thuật,vi
Corona dello Stratega,Vương Miện Chiến Thuật,vi
Corona maldita,Vương Miện Hắc Hóa,vi
Corona maledetta,Vương Miện Hắc Hóa,vi
Corona reale,Vương Miện Hoàng Gia,vi
Coroziune,Ăn Mòn,vi
Corpetto di rovi,Áo Choàng Gai,vi
Corriente de Lágrimas,Lệ Lưu Ly,vi
Corrosion,Ăn Mòn,vi
Corrosione,Ăn Mòn,vi
Corrosión,Ăn Mòn,vi
Corrosão,Ăn Mòn,vi
Corrupt Vampiric Scepter,Huyết Trượng Tha Hóa,vi
Cosmic Restart,Tái Lập Vũ Trụ,vi
Costruisci un Compagno,Người Bạn Vàng,vi
Cota de Malha,Giáp Lưới,vi
Cota de Malla,Giáp Lưới,vi
Cotidiano,Chuyện Đời Thường,vi
Cotta di maglia,Giáp Lưới,vi
Cotte de mailles,Giáp Lưới,vi
Coup d'envoi,Khởi Động Nhanh,vi
Coup de chance,Lựa Chọn Độc Quyền,vi
Couronne de la reine,Vương Miện Hoàng Gia,vi
Couronne du Tacticien,Vương Miện Chiến Thuật,vi
Couronne maudite,Vương Miện Hắc Hóa,vi
Cours de soutien,Lập Đội,vi
Covil do Barão,Hang Ổ Baron,vi
Cozinha do Estrategista,Linh Thú Vào Bếp,vi
Coș de recuperare,Nhà Máy Tái Chế,vi
Crabul,Cua Kỳ Cục,vi
Crafted Crafting,Khéo Tay Hay Làm,vi
Crash Test Dummies,Hình Nộm Va Chạm,vi
Crash Test Dummy,Hình Nộm Va Chạm,vi
Crash-Test-Dummies,Hình Nộm Va Chạm,vi
Crea un coleguita,Người Bạn Vàng,vi
Creazione artigianale,Khéo Tay Hay Làm,vi
Crecimiento Explosivo,Tăng Trưởng Bùng Nổ,vi
Crecimiento explosivo,Tăng Trưởng Bùng Nổ,vi
Creează o cale,Mở Lối,vi
Creează un prieten,Chế Tạo Bằng Hữu,vi
Crescendo aléatoire,Chuyện Đời Thường,vi
Crescimento Explosivo,Tăng Trưởng Bùng Nổ,vi
Crescita a fine partita,Thăng Tiến Cuối Trận,vi
Crescita esplosiva,Tăng Trưởng Bùng Nổ,vi
Cresta de Escudo de Luz,Huy Hiệu Lightshield,vi
Creștere explozivă,Tăng Trưởng Bùng Nổ,vi
Creștere pe final de joc,Thăng Tiến Cuối Trận,vi
Creștere solo în nivel,Tôi Thăng Cấp Một Mình,vi
Creștere în clasament,Leo Hạng,vi
Criação Engenhosa,Khéo Tay Hay Làm,vi
Critical Success,Bước Đột Phá,vi
Croissance explosive,Tăng Trưởng Bùng Nổ,vi
Crownguard,Vương Miện Hoàng Gia,vi
Cry Me A River,Giọt Lệ Bi Ai,vi
Csak jó valamire I.,Được Này Mất Kia,vi
Csapatkeresés,Lập Đội,vi
Csapatépítés,Chuyện Đời Thường,vi
Csapatépítés,Xây Dựng Đội Hình,vi
Csekélyebb Perszónatükör,Hiện Thân Phản Chiếu Cỡ Nhỏ,vi
Csereszektor,Khu Giao Dịch,vi
Csillagfényes kombó,Liên Hoàn Tinh Tú,vi
Csillagnéző,Chiêm Tinh,vi
Csillagnéző embléma,Ấn Chiêm Tinh,vi
Csillámpikkely-esszencia,Tinh Túy Kim Long,vi
Cuatrifuerzos,Tứ Phương Tiếp Viện,vi
Cuatro Refuerzos,Tứ Phương Tiếp Viện,vi
Cucchiaio d'argento,Đặc Quyền Phú Gia,vi
Cuchara de plata,Đặc Quyền Phú Gia,vi
Cuchilla Maldita,Kiếm Cong,vi
Cuchillas Raudas,Đao Chớp,vi
Cucina dello Stratega,Linh Thú Vào Bếp,vi
Cud Soraki,Phép Màu Của Soraka,vi
Cuenta con mi arco,Cây Cung Thần Tốc,vi
Cuenta de Ahorros,Tài Khoản Tiết Kiệm,vi
Cuenta de ahorros,Tài Khoản Tiết Kiệm,vi
Cuisine du Tacticien,Linh Thú Vào Bếp,vi
Cuor saldo,Trái Tim Kiên Định,vi
Cuore d'acciaio,Trái Tim Sắt Đá,vi
Cureaua uriașului,Đai Khổng Lồ,vi
Curele fără număr,Đam Mê Đai Lưng,vi
Cursed Blade,Kiếm Cong,vi
Cursed Crown,Vương Miện Hắc Hóa,vi
Cuțit electrostatic,Dao Điện Statikk,vi
Cvičná loutka,Hình Nhân,vi
Cybernetic Implants,Cấy Ghép Siêu Công Nghệ,vi
Cybernetic Uplink,Trí Tuệ Siêu Công Nghệ,vi
Cycle épique,Kỷ Nguyên,vi
Czerwone Wzmocnienie,Bùa Đỏ,vi
Czysty Umysł,Thông Thoáng,vi
Częściowe Wyniesienie,Bán Thăng Hoa,vi
Cálice do Poder,Cốc Sức Mạnh,vi
Cáliz de Poder,Cốc Sức Mạnh,vi
Cáliz de poder,Cốc Sức Mạnh,vi
Câlin collectif,Ôm Tập Thể,vi
Céfiro,Phong Kiếm,vi
Célbefogó optika,Kính Khóa Mục Tiêu,vi
Célébrité partagée de Yasuo,Hưởng Ké Hào Quang Yasuo,vi
Călător,Viễn Chinh,vi
Cıva,Áo Choàng Thủy Ngân,vi
Cœur d'acier,Trái Tim Sắt Đá,vi
Cœur de l'aube,Lõi Bình Minh,vi
Cœur intrépide,Trái Tim Kiên Định,vi
C位的觉悟,Tiền Vệ Trung Tâm,vi
C位觉悟,Tiền Vệ Trung Tâm,vi
DD街区,Khu Giao Dịch,vi
Daga de Statikk,Dao Điện Statikk,vi
Daimi Yükseliş,Đẩy Nhanh Tiến Độ,vi
Dallan Budaklan,Phân Nhánh,vi
Dama Oscura,Ác Nữ,vi
Dama das Trevas,Ác Nữ,vi
Dama oscura,Ác Nữ,vi
Dame sombre,Ác Nữ,vi
Dar Ahri,Ân Huệ Của Ahri,vi
Dar Aureliona Sola,Ân Huệ Của Aurelion Sol,vi
Dar Ekko,Ân Huệ Của Ekko,vi
Dar Evelynn,Ân Huệ Của Evelynn,vi
Dar Kayle,Ân Huệ Của Kayle,vi
Dar Soraki,Ân Huệ Của Soraka,vi
Dar Thresha,Ân Huệ Của Thresh,vi
Dar Varusa,Ân Huệ Của Varus,vi
Dar Yasuo,Ân Huệ Của Yasuo,vi
Dar cu ce preț,Cái Giá Phải Trả,vi
Dar vzkříšení,Ân Huệ Tái Sinh,vi
Dark Lady,Ác Nữ,vi
Dark Star,Hắc Tinh,vi
Dark Star Emblem,Ấn Hắc Tinh,vi
Das Warten wert,Chờ Đợi Xứng Đáng,vi
Das geht ab,Trên Đà Phát Triển,vi
Das goldene Ei,Rồng Đẻ Trứng Vàng,vi
Dawncore,Lõi Bình Minh,vi
Dayanıklı Ön Sıra,Củng Cố Tuyến Trước,vi
Daño indiscriminado,Sát Thủ Khát Máu,vi
De două ori mai câștigați,2 Vàng Là Nhất,vi
De fiesta,Hạ Đo Ván,vi
De gratis,Thanh Lý Toàn Bộ,vi
De milyen áron?,Cái Giá Phải Trả,vi
Dea delle Armi,Xạ Thần,vi
Deadlier Blades,Kiếm Tử Thần,vi
Deadlier Caps,Mũ Tử Thần,vi
Deathblade,Kiếm Tử Thần,vi
Demasiado Valor,2 Vàng Là Nhất,vi
Demir Solari'nin Broşu,Dây Chuyền Iron Solari,vi
Denge Örtüsü,Giáp Vai Nguyệt Thần,vi
Dent de Nashor,Nanh Nashor,vi
Dente de Na'Shor,Nanh Nashor,vi
Dente di Nashor,Nanh Nashor,vi
Der Attributsbaum,Cây Tộc Hệ,vi
Der Turm,Tòa Tháp,vi
Der Unbeugsame,Bất Khuất,vi
Der Urknall,Siêu Vũ Trụ,vi
Der Wille des Hammers,Ý Chỉ Xích Chùy,vi
Der goldene Drache,Kim Long,vi
Der mächtige Mecha,Robot,vi
Dernier souffle,Cung Xanh,vi
Derrota Planejada,Thua Có Tính Toán,vi
Desafiante,Thách Đấu,vi
Desajustados,Lệch Chuẩn,vi
Descarga Eléctrica,Tụ Điện,vi
Desejo da Maça,Ý Chỉ Xích Chùy,vi
Desesperación Eterna,Áo Choàng Diệt Vong,vi
Desesperanza eterna,Áo Choàng Diệt Vong,vi
Desespero Eterno,Áo Choàng Diệt Vong,vi
Desmanche,Nhà Máy Tái Chế,vi
Despertar da Alma,Thức Tỉnh Linh Hồn,vi
Despertar del Alma,Thức Tỉnh Linh Hồn,vi
Despertar del alma,Thức Tỉnh Linh Hồn,vi
Destansı Yenileme,Xúc Xắc Hoành Tráng,vi
Deszcz Pieniędzy,Bão Vàng,vi
Determinacja Kolosa,Quyền Năng Khổng Lồ,vi
Determinazione del titano,Quyền Năng Khổng Lồ,vi
Determinação Titânica,Quyền Năng Khổng Lồ,vi
Deux de moins,Song Sát Tốc Hành,vi
Dev Katili,Diệt Khổng Lồ,vi
Dev Kemeri,Đai Khổng Lồ,vi
Devasa ve Güçlü,To Lớn & Mạnh Mẽ,vi
Değişken Miğfer,Mũ Thích Nghi,vi
Diana,Diana,vi
Die Legion der Drei,Quân Đoàn 3 Sao,vi
Diebesbande,Băng Trộm,vi
Diebesbande II,Băng Trộm II,vi
Diente de Nashor,Nanh Nashor,vi
Dikenli Yelek,Áo Choàng Gai,vi
Dinerito para el almuerzo,Tiền Ăn Trưa,vi
Dinero del almuerzo,Tiền Ăn Trưa,vi
Dintele lui Nashor,Nanh Nashor,vi
Diosa de las Pistolas,Xạ Thần,vi
Diosa de las pistolas,Xạ Thần,vi
Dirilme Lütfu,Ân Huệ Tái Sinh,vi
Disperare nemărginită,Áo Choàng Diệt Vong,vi
Disperazione eterna,Áo Choàng Diệt Vong,vi
Disruptor temporal,Thời Không,vi
Distracție în spațiu,Hành Tinh,vi
Distribuição de Efeitos,"Một Bùa, Hai Bùa",vi
Divinamente Abençoado,Thần Ban Phước,vi
Divine Duelist,Song Đấu,vi
Dizilim,Tiền Tuyến Vững Chãi,vi
Dlouhodobá investice,Thích Mở Rộng,vi
Doamna întunecată,Ác Nữ,vi
Doble Tanque,Cặp Đôi Siêu Cứng,vi
Dobra Passa,Trên Đà Phát Triển,vi
Doces Deleites,Món Quà Ngọt Ngào,vi
Dokuma Büyü,Ma Thuật Đan Kết,vi
Dolci,Món Quà Ngọt Ngào,vi
Don du gardien,Đồng Minh Của Bụt,vi
Dono dell'aggiustatutto,Lễ Vật Tái Chế,vi
Dono della resurrezione,Ân Huệ Tái Sinh,vi
Dono di Ahri,Ân Huệ Của Ahri,vi
Dono di Aurelion Sol,Ân Huệ Của Aurelion Sol,vi
Dono di Ekko,Ân Huệ Của Ekko,vi
Dono di Evelynn,Ân Huệ Của Evelynn,vi
Dono di Kayle,Ân Huệ Của Kayle,vi
Dono di Soraka,Ân Huệ Của Soraka,vi
Dono di Thresh,Ân Huệ Của Thresh,vi
Dono di Varus,Ân Huệ Của Varus,vi
Dono di Yasuo,Ân Huệ Của Yasuo,vi
Doomer,U Sầu,vi
Doppia resistenza,Cặp Đôi Siêu Cứng,vi
Doppia uccisione rapida,Song Sát Tốc Hành,vi
Dornenweste,Áo Choàng Gai,vi
Double Kill Veloz,Song Sát Tốc Hành,vi
Dowódca Anima,Chỉ Huy Siêu Thú,vi
Dowódcy,Chỉ Huy,vi
Doğum Günü Buluşması,Sinh Nhật Đoàn Tụ,vi
Doğum Günü Hediyesi,Quà Sinh Nhật,vi
Drachenklaue,Vuốt Rồng,vi
Dragon's Claw,Vuốt Rồng,vi
Dragonul auriu,Kim Long,vi
Dragão Dourado,Kim Long,vi
Dračí spár,Vuốt Rồng,vi
Dreifaltigkeit,Bộ Ba Hoàn Hảo,vi
Drobní titáni,Khổng Lồ Hóa,vi
"Drobní, ale vražední",Nhỏ Mà Có Võ,vi
Drohnenverbindung,Kết Nối Drone,vi
Dron Bağlantısı,Kết Nối Drone,vi
Drone Uplink,Kết Nối Drone,vi
Drone cablato,Kết Nối Drone,vi
Dronová linka,Kết Nối Drone,vi
Drugi Oddech,Ngọn Gió Thứ Hai,vi
Druhý dech,Ngọn Gió Thứ Hai,vi
Drzewo Cech,Cây Tộc Hệ,vi
Drágaköves kesztyű,Găng Bảo Thạch,vi
Drágaköves lótusz II.,Khảm Bảo Thạch,vi
Drónkapcsolat,Kết Nối Drone,vi
Držíme pospolu,Kề Vai Sát Cánh,vi
Du hast meinen Bogen,Cây Cung Thần Tốc,vi
Dublu asasinat rapid,Song Sát Tốc Hành,vi
Duch Odkupienia,Linh Hồn Chuộc Tội,vi
Duch odplaty,Linh Hồn Chuộc Tội,vi
Due volte il valore,2 Vàng Là Nhất,vi
Duelist divin,Song Đấu,vi
Duelista Divino,Song Đấu,vi
Duelista divino,Song Đấu,vi
Duellante divino,Song Đấu,vi
Duelliste divine,Song Đấu,vi
Dulces Golosinas,Món Quà Ngọt Ngào,vi
Dummify,Hình Nhân Hóa,vi
Dunkle Dame,Ác Nữ,vi
Duo Queue,Hàng Chờ Đấu Đôi,vi
Duo-Warteschlange,Hàng Chờ Đấu Đôi,vi
Dupla érték,2 Vàng Là Nhất,vi
Duplication,Đội Hình Tối Ưu,vi
Duplán szívós,Cặp Đôi Siêu Cứng,vi
Durch Stärke geschmiedet,Tôi Luyện Sức Mạnh,vi
Durmadan Yenile,Xúc Xắc Vô Tận,vi
Dusze Towarzystwa,Tiệc Tùng,vi
Duża Torba z Różnościami,Túi Đồ Cỡ Đại,vi
Dádiva da Ahri,Ân Huệ Của Ahri,vi
Dádiva da Evelynn,Ân Huệ Của Evelynn,vi
Dádiva da Kayle,Ân Huệ Của Kayle,vi
Dádiva da Ressurreição,Ân Huệ Tái Sinh,vi
Dádiva da Soraka,Ân Huệ Của Soraka,vi
Dádiva do Aurelion Sol,Ân Huệ Của Aurelion Sol,vi
Dádiva do Brigão,Lễ Vật Tái Chế,vi
Dádiva do Ekko,Ân Huệ Của Ekko,vi
Dádiva do Thresh,Ân Huệ Của Thresh,vi
Dádiva do Varus,Ân Huệ Của Varus,vi
Dádiva do Yasuo,Ân Huệ Của Yasuo,vi
Dárek k narozeninám,Quà Sinh Nhật,vi
Dárková taška s předměty,Tiếp Tế Trang Bị,vi
Dárkový balíček,Gói Bảo Hộ,vi
Dämmerkern,Lõi Bình Minh,vi
Dämmerung von Silbersee,Chùy Bạch Ngân,vi
Déesse des flingues,Xạ Thần,vi
Défaite planifiée,Thua Có Tính Toán,vi
Dépense réfléchie,Tiêu Dùng Thông Minh,vi
Dés légèrement magiques,Quay Trúng Thưởng,vi
Dés magiques,Xúc Xắc Ma Pháp,vi
Désespoir,U Sầu,vi
Désespoir infini,Áo Choàng Diệt Vong,vi
Détermination du titan,Quyền Năng Khổng Lồ,vi
Díszes acél,Thép Mạ Vàng,vi
Döntőbíró,Thần Phán,vi
Döntőbíró embléma,Ấn Thần Phán,vi
Dört Dörtlük,Tứ Phương Tiếp Viện,vi
Dört Seninle Olsun,Số 4 Hoàn Hảo,vi
Dövüşçü,Đấu Sĩ,vi
Dövüşçü Amblemi,Ấn Đấu Sĩ,vi
Dúo de tanques,Cặp Đôi Siêu Cứng,vi
Dümenci,Sống Vội,vi
D个痛快！,Xúc Xắc Vô Tận,vi
Early Learnings,Bài Học Sơ Khai,vi
Ebedi Anlaşma,Khế Ước Vĩnh Hằng,vi
Ebedi Koruma,Bảo Hộ Vô Tận,vi
Ebedi Kılıç,Vô Cực Kiếm,vi
Ebédpénz,Tiền Ăn Trưa,vi
Eccesso di bacchette,Đam Mê Gậy,vi
Eccesso di cinture,Đam Mê Đai Lưng,vi
Eccesso di spade,Đam Mê Kiếm,vi
Echi curativi,Thanh Âm Chữa Lành,vi
Ecos Reparadores,Thanh Âm Chữa Lành,vi
Ecos Restauradores,Thanh Âm Chữa Lành,vi
Ecos curativos,Thanh Âm Chữa Lành,vi
Ecouri tămăduitoare,Thanh Âm Chữa Lành,vi
Edge of Night,Áo Choàng Bóng Tối,vi
Efecte secundare,Phản Ứng Phụ,vi
Efectos Secundarios,Phản Ứng Phụ,vi
Efectos secundarios,Phản Ứng Phụ,vi
Efeito Azul,Bùa Xanh,vi
Efeito Vermelho,Bùa Đỏ,vi
Efeitos Colaterais,Phản Ứng Phụ,vi
Efekty Uboczne,Phản Ứng Phụ,vi
Effets secondaires,Phản Ứng Phụ,vi
Effetti collaterali,Phản Ứng Phụ,vi
Egida Zmierzchu,Khiên Hoàng Hôn,vi
Egida del Crepuscolo,Khiên Hoàng Hôn,vi
Egida dell'Aurora,Khiên Hừng Đông,vi
Egida Świtu,Khiên Hừng Đông,vi
"Egy erősítés, két erősítés","Một Bùa, Hai Bùa",vi
"Egy, kettő, három",Một Hai Ba,vi
"Egy, kettő, öt!","Một, Hai, Năm!",vi
Egyenlepel,Giáp Vai Nguyệt Thần,vi
Egységben az erő,Nhất Thống,vi
Egyujjas kesztyű,Găng Đấu Sĩ,vi
Egyéni vért,Khiên Đơn Đấu,vi
Ehre des Kriegsfürsten,Chiến Tướng Khải Hoàn,vi
"Ein Buff, zwei Buff","Một Bùa, Hai Bùa",vi
Ein Teil des Lebens,Chuyện Đời Thường,vi
Ein erhabenes Abenteuer,Cuộc Phiêu Lưu Tôn Quý,vi
Ein magischer Wurf,Xúc Xắc Ma Pháp,vi
Eindringling Zed,Zed Kẻ Xâm Lăng,vi
Einfach treffen,Đánh Là Trúng,vi
Einkaufsbummel,Tín Đồ Mua Sắm,vi
"Einmal Bronze, immer Bronze",Tất Tay Bậc Đồng,vi
"Eins, zwei, drei",Một Hai Ba,vi
"Eins, zwei, fünf!","Một, Hai, Năm!",vi
Eiserne Güter,Kho Báu Sắt,vi
Ejder Pençesi,Vuốt Rồng,vi
Ekip Çalışması,Xây Dựng Đội Hình,vi
Ekko türelme,Kiên Nhẫn Của Ekko,vi
Ekko áldása,Ân Huệ Của Ekko,vi
Ekko'nun Lütfu,Ân Huệ Của Ekko,vi
Ekko'nun Sabrı,Kiên Nhẫn Của Ekko,vi
Ekko's Boon,Ân Huệ Của Ekko,vi
Ekko's Patience,Kiên Nhẫn Của Ekko,vi
Ekkos Geduld,Kiên Nhẫn Của Ekko,vi
Ekkos Segen,Ân Huệ Của Ekko,vi
Ekkova trpělivost,Kiên Nhẫn Của Ekko,vi
Ekkův dar,Ân Huệ Của Ekko,vi
Ekmek Parası İşte,Tiền Ăn Trưa,vi
Ekskluzywna Personalizacja,Lựa Chọn Độc Quyền,vi
Ekspedycja,Cuộc Viễn Chinh,vi
El Big Bang,Siêu Vũ Trụ,vi
El Dragón Dorado,Kim Long,vi
El Dragón dorado,Kim Long,vi
El Emeği Göz Nuru,Khéo Tay Hay Làm,vi
El Huevo Dorado,Rồng Đẻ Trứng Vàng,vi
El Indomable,Bất Khuất,vi
El Mega Mecha,Robot,vi
El Tamaño Importa,Kích Cỡ Là Quan Trọng,vi
El centro de todo,Tiền Vệ Trung Tâm,vi
El huevo dorado,Rồng Đẻ Trứng Vàng,vi
El peso de la corona,Vương Miện Nặng Trĩu,vi
El tamaño importa,Kích Cỡ Là Quan Trọng,vi
El Árbol de Rasgos,Cây Tộc Hệ,vi
El árbol de los atributos,Cây Tộc Hệ,vi
Elastyczność,Linh Hoạt,vi
Electrocarga,Tụ Điện,vi
Electrocharge,Tụ Điện,vi
Elektrický výboj,Tụ Điện,vi
Elektroladung,Tụ Điện,vi
Elektromos töltés,Tụ Điện,vi
Elektroşarj,Tụ Điện,vi
Elettrocarica,Tụ Điện,vi
Elige el rasgo,Chọn Tộc/Hệ,vi
Eliminator,Hủy Diệt,vi
Elkötelezett,Đầu Tư,vi
Elköteleződés,Chỉ Một Con Đường,vi
Elmo Adaptativo,Mũ Thích Nghi,vi
Elmo adattivo,Mũ Thích Nghi,vi
Eltemetett kincsek,Kho Báu Chôn Giấu,vi
Elátkozott korona,Vương Miện Hắc Hóa,vi
Elátkozott penge,Kiếm Cong,vi
Előfizetési szolgáltatás,Dịch Vụ Gói Đăng Ký,vi
Előleg,Vay Tạm Ứng,vi
Előrelátás,Nghĩ Về Tương Lai,vi
Em Busca do Centro,Tiền Vệ Trung Tâm,vi
Embalos no Espaço,Hành Tinh,vi
Emblem Anima,Ấn Siêu Thú,vi
Emblem Arbiter,Ấn Thần Phán,vi
Emblem Bastion,Ấn Can Trường,vi
Emblem Brawler,Ấn Đấu Sĩ,vi
Emblem Challenger,Ấn Thách Đấu,vi
Emblem Dark Star,Ấn Hắc Tinh,vi
Emblem Marauder,Ấn Toán Cướp,vi
Emblem Meeple,Ấn Tinh Linh Chuông,vi
Emblem N.O.V.A.,Ấn N.O.V.A.,vi
Emblem Primordian,Ấn Tộc Thượng Cổ,vi
Emblem Psionic,Ấn Siêu Linh,vi
Emblem Rogue,Ấn Vô Pháp,vi
Emblem Shepherd,Ấn Du Mục,vi
Emblem Sniper,Ấn Bắn Tỉa,vi
Emblem Space Groove,Ấn Hành Tinh,vi
Emblem Stargazer,Ấn Chiêm Tinh,vi
Emblem Timebreaker,Ấn Thời Không,vi
Emblem Vanguard,Ấn Tiên Phong,vi
Emblem Voyager,Ấn Viễn Chinh,vi
Emblema Anima,Ấn Siêu Thú,vi
Emblema Animalia,Ấn Siêu Thú,vi
Emblema Meeple,Ấn Tinh Linh Chuông,vi
Emblema N.O.V.A.,Ấn N.O.V.A.,vi
Emblema Psionico,Ấn Siêu Linh,vi
Emblema Stella Oscura,Ấn Hắc Tinh,vi
Emblema apărătorilor,Ấn Tiên Phong,vi
Emblema bastionului,Ấn Can Trường,vi
Emblema briganzilor,Ấn Toán Cướp,vi
Emblema bătăușilor,Ấn Đấu Sĩ,vi
Emblema competitorilor,Ấn Thách Đấu,vi
Emblema călătorilor,Ấn Viễn Chinh,vi
Emblema de Anima,Ấn Siêu Thú,vi
Emblema de Astromante,Ấn Chiêm Tinh,vi
Emblema de Atirador de Elite,Ấn Bắn Tỉa,vi
Emblema de Bastião,Ấn Can Trường,vi
Emblema de Bastión,Ấn Can Trường,vi
Emblema de Desafiante,Ấn Thách Đấu,vi
Emblema de Embalos no Espaço,Ấn Hành Tinh,vi
Emblema de Estrela Negra,Ấn Hắc Tinh,vi
Emblema de Estrella Oscura,Ấn Hắc Tinh,vi
Emblema de Francotiradores,Ấn Bắn Tỉa,vi
Emblema de Furtivo,Ấn Vô Pháp,vi
Emblema de Ladino,Ấn Vô Pháp,vi
Emblema de Lutador,Ấn Đấu Sĩ,vi
Emblema de Meeple,Ấn Tinh Linh Chuông,vi
Emblema de Meeplo,Ấn Tinh Linh Chuông,vi
Emblema de Merodeador,Ấn Toán Cướp,vi
Emblema de Mipo,Ấn Tinh Linh Chuông,vi
Emblema de N.O.V.A.,Ấn N.O.V.A.,vi
Emblema de Onda Espacial,Ấn Hành Tinh,vi
Emblema de Pastor,Ấn Du Mục,vi
Emblema de Peleadores,Ấn Đấu Sĩ,vi
Emblema de Primordiano,Ấn Tộc Thượng Cổ,vi
Emblema de Primordianos,Ấn Tộc Thượng Cổ,vi
Emblema de Psiónico,Ấn Siêu Linh,vi
Emblema de Psiônico,Ấn Siêu Linh,vi
Emblema de Rasga-tempo,Ấn Thời Không,vi
Emblema de Retadores,Ấn Thách Đấu,vi
Emblema de Rompetiempo,Ấn Thời Không,vi
Emblema de Saqueador,Ấn Toán Cướp,vi
Emblema de Sentencia,Ấn Thần Phán,vi
Emblema de Vanguarda,Ấn Tiên Phong,vi
Emblema de Vanguardia,Ấn Tiên Phong,vi
Emblema de Viajante,Ấn Viễn Chinh,vi
Emblema de Viajero,Ấn Viễn Chinh,vi
Emblema de astral,Ấn Chiêm Tinh,vi
Emblema de bastión,Ấn Can Trường,vi
Emblema de contendiente,Ấn Thách Đấu,vi
Emblema de disruptor temporal,Ấn Thời Không,vi
Emblema de estrella oscura,Ấn Hắc Tinh,vi
Emblema de francotirador,Ấn Bắn Tỉa,vi
Emblema de la ascensión,Bùa Thăng Hoa,vi
Emblema de luchador,Ấn Đấu Sĩ,vi
Emblema de onda espacial,Ấn Hành Tinh,vi
Emblema de pastor,Ấn Du Mục,vi
Emblema de primordiano,Ấn Tộc Thượng Cổ,vi
Emblema de psiónico,Ấn Siêu Linh,vi
Emblema de pícaro,Ấn Vô Pháp,vi
Emblema de sentenciador,Ấn Thần Phán,vi
Emblema de vanguardia,Ấn Tiên Phong,vi
Emblema de viajante,Ấn Viễn Chinh,vi
Emblema de yelmo sombrío,Ấn Toán Cướp,vi
Emblema de Árbitro,Ấn Thần Phán,vi
Emblema de ánima,Ấn Siêu Thú,vi
Emblema del Bandito,Ấn Vô Pháp,vi
Emblema del Bastione,Ấn Can Trường,vi
Emblema del Cecchino,Ấn Bắn Tỉa,vi
Emblema del Combattente,Ấn Đấu Sĩ,vi
Emblema del Pastore,Ấn Du Mục,vi
Emblema del Predone,Ấn Toán Cướp,vi
Emblema del Primordiano,Ấn Tộc Thượng Cổ,vi
Emblema del Ritmo Spaziale,Ấn Hành Tinh,vi
Emblema del Viaggiatore,Ấn Viễn Chinh,vi
Emblema dell'Amico dei Mippi,Ấn Tinh Linh Chuông,vi
Emblema dell'Arbitro,Ấn Thần Phán,vi
Emblema dell'Astronomo,Ấn Chiêm Tinh,vi
Emblema dell'Avanguardia,Ấn Tiên Phong,vi
Emblema dello Sfidante,Ấn Thách Đấu,vi
Emblema dello Spezzatempo,Ấn Thời Không,vi
Emblema distracției în spațiu,Ấn Hành Tinh,vi
Emblema frângătorilor timpului,Ấn Thời Không,vi
Emblema luminii stelelor,Ấn Chiêm Tinh,vi
Emblema lunetiștilor,Ấn Bắn Tỉa,vi
Emblema mediatorilor,Ấn Thần Phán,vi
Emblema primordienilor,Ấn Tộc Thượng Cổ,vi
Emblema psionică,Ấn Siêu Linh,vi
Emblema păstorilor,Ấn Du Mục,vi
Emblema rebelilor,Ấn Vô Pháp,vi
Emblema stelelor întunecate,Ấn Hắc Tinh,vi
Emblemat Anima,Ấn Siêu Thú,vi
Emblemat Arbitra,Ấn Thần Phán,vi
Emblemat Bastionu,Ấn Can Trường,vi
Emblemat Kosmofazy,Ấn Hành Tinh,vi
Emblemat Marudera,Ấn Toán Cướp,vi
Emblemat Meepla,Ấn Tinh Linh Chuông,vi
Emblemat Mrocznej Gwiazdy,Ấn Hắc Tinh,vi
Emblemat N.O.V.A.,Ấn N.O.V.A.,vi
Emblemat Obrońcy,Ấn Tiên Phong,vi
Emblemat Obserwatora Gwiazd,Ấn Chiêm Tinh,vi
Emblemat Osiłka,Ấn Đấu Sĩ,vi
Emblemat Pasterza,Ấn Du Mục,vi
Emblemat Podróżnika,Ấn Viễn Chinh,vi
Emblemat Pretendenta,Ấn Thách Đấu,vi
Emblemat Primordianina,Ấn Tộc Thượng Cổ,vi
Emblemat Psionika,Ấn Siêu Linh,vi
Emblemat Snajpera,Ấn Bắn Tỉa,vi
Emblemat Zbira,Ấn Vô Pháp,vi
Emblemat Łamacza Czasu,Ấn Thời Không,vi
Emblème d'Astro-groove,Ấn Hành Tinh,vi
Emblème d'Initiateur,Ấn Tiên Phong,vi
Emblème de Bagarreur,Ấn Đấu Sĩ,vi
Emblème de Bastion,Ấn Can Trường,vi
Emblème de Berger,Ấn Du Mục,vi
Emblème de Brise-temps,Ấn Thời Không,vi
Emblème de Challenger,Ấn Thách Đấu,vi
Emblème de Juge stellaire,Ấn Thần Phán,vi
Emblème de Maraudeur,Ấn Toán Cướp,vi
Emblème de Meeple,Ấn Tinh Linh Chuông,vi
Emblème de N.O.V.A.,Ấn N.O.V.A.,vi
Emblème de Primordien,Ấn Tộc Thượng Cổ,vi
Emblème de Psionique,Ấn Siêu Linh,vi
Emblème de Pulsar sombre,Ấn Hắc Tinh,vi
Emblème de Rebelle,Ấn Vô Pháp,vi
Emblème de Sniper,Ấn Bắn Tỉa,vi
Emblème de Visionnaire,Ấn Chiêm Tinh,vi
Emblème de Voyageur,Ấn Viễn Chinh,vi
Emblème de la Section Anima,Ấn Siêu Thú,vi
Emblém Animy,Ấn Siêu Thú,vi
Emblém Bašty,Ấn Can Trường,vi
Emblém Hvězdopravce,Ấn Chiêm Tinh,vi
Emblém Miplíka,Ấn Tinh Linh Chuông,vi
Emblém N.O.V.A.,Ấn N.O.V.A.,vi
Emblém Ničitele času,Ấn Thời Không,vi
Emblém Odpadlíka,Ấn Vô Pháp,vi
Emblém Odstřelovače,Ấn Bắn Tỉa,vi
Emblém Pastýře,Ấn Du Mục,vi
Emblém Poutníka,Ấn Viễn Chinh,vi
Emblém Prapůvodního,Ấn Tộc Thượng Cổ,vi
Emblém Psionika,Ấn Siêu Linh,vi
Emblém Předvoje,Ấn Tiên Phong,vi
Emblém Rváče,Ấn Đấu Sĩ,vi
Emblém Soudce,Ấn Thần Phán,vi
Emblém Temné hvězdy,Ấn Hắc Tinh,vi
Emblém Vesmírného rytmu,Ấn Hành Tinh,vi
Emblém Vyzyvatele,Ấn Thách Đấu,vi
Emblém Žoldnéře,Ấn Toán Cướp,vi
Emblématique,Linh Hoạt,vi
Emblématiquement,Cây Tộc Hệ,vi
Empréstimo Avançado,Vay Tạm Ứng,vi
Empurrão,Hạ Đo Ván,vi
En Minik Dev,Khổng Lồ Tí Hon,vi
En racha,Trên Đà Phát Triển,vi
Ende der Weisheit,Đao Tím,vi
Endgame-Experte,Hướng Đến Hồi Kết,vi
Endlose Verzweiflung,Áo Choàng Diệt Vong,vi
Enfileirando,Tiền Tuyến Vững Chãi,vi
Enfoque al Horizonte,Kính Nhắm Ma Pháp,vi
Enlace Cibernético,Trí Tuệ Siêu Công Nghệ,vi
Enlace de Dron,Kết Nối Drone,vi
Enracinement,Cắm Rễ Phân Tán,vi
Entre les PO et l'enclume,Kho Báu Sắt,vi
Entrenamiento de Guardaespaldas,Huấn Luyện Cận Vệ,vi
Entschlossenheit des Titanen,Quyền Năng Khổng Lồ,vi
Enyhén mágikus dobás,Quay Trúng Thưởng,vi
Epic Rolldown,Xúc Xắc Hoành Tráng,vi
Epickie Przelosowanie,Xúc Xắc Hoành Tráng,vi
Epický výlov,Xúc Xắc Hoành Tráng,vi
Epische Ladung,Xúc Xắc Hoành Tráng,vi
Epoca,Kỷ Nguyên,vi
Epoch,Kỷ Nguyên,vi
Epocha,Kỷ Nguyên,vi
Epoche,Kỷ Nguyên,vi
Epocă,Kỷ Nguyên,vi
Epoka,Kỷ Nguyên,vi
Era,Kỷ Nguyên,vi
Eradicare,Hủy Diệt,vi
Eradicator,Hủy Diệt,vi
Eradicatore,Hủy Diệt,vi
Erb Lightshieldů,Huy Hiệu Lightshield,vi
Erlöser,Chuộc Tội,vi
Erradicador,Hủy Diệt,vi
Erwartetes Unerwartetes,Kỳ Vọng Bất Ngờ,vi
Erweiterter Kredit,Vay Tạm Ứng,vi
Erőben kovácsolva,Tôi Luyện Sức Mạnh,vi
Erőd,Can Trường,vi
Erőd embléma,Ấn Can Trường,vi
EsQUATRão,Tứ Phương Tiếp Viện,vi
Esagono dorato di Yasuo,Ô Hoàng Kim của Yasuo,vi
Esaltazione di Kayle,Thăng Hoa Của Kayle,vi
Esaltazione radiosa di Kayle,Thăng Hoa Rực Rỡ Của Kayle,vi
Escalamento de Fim de Jogo,Thăng Tiến Cuối Trận,vi
Escalando,Leo Hạng,vi
Escalar la clasificación,Leo Hạng,vi
Escolha a característica,Chọn Tộc/Hệ,vi
Escroc,Sống Vội,vi
Escudo de estratega,Lá Chắn Chiến Thuật,vi
Escudo del Estratega,Lá Chắn Chiến Thuật,vi
Escudo do Estrategista,Lá Chắn Chiến Thuật,vi
Escurridizo,Cua Kỳ Cục,vi
Esence Mihotavců,Tinh Túy Kim Long,vi
Esencia de Brilloescama,Tinh Túy Kim Long,vi
Esencia de brilloescama,Tinh Túy Kim Long,vi
Esencja Migoczącej Łuski,Tinh Túy Kim Long,vi
Esfera del Amanecer,Lõi Bình Minh,vi
Esgrima de Yasuo,Kiếm Thuật Của Yasuo,vi
Esnek,Linh Hoạt,vi
Espada Desmedida,Đam Mê Kiếm,vi
Espada G.p.C.,Kiếm B.F.,vi
Espadafuria de Guinsoo,Cuồng Đao Guinsoo,vi
Espadas Más Letales,Kiếm Tử Thần,vi
Espadón,Kiếm B.F.,vi
Especialista em Fim de Jogo,Hướng Đến Hồi Kết,vi
Especialista en el juego tardío,Hướng Đến Hồi Kết,vi
Especialista en final de partida,Hướng Đến Hồi Kết,vi
Espera lo Inesperado,Kỳ Vọng Bất Ngờ,vi
Espera lo inesperado,Kỳ Vọng Bất Ngờ,vi
Esperando o Inesperado,Kỳ Vọng Bất Ngờ,vi
Espinas,Pháo Xương Cá,vi
Esprit d'équipe,Xây Dựng Đội Hình,vi
Esprit de la Rédemption,Linh Hồn Chuộc Tội,vi
Esprit encombré,Bừa Bộn,vi
Espátula,Siêu Xẻng,vi
Espírito de Redenção,Linh Hồn Chuộc Tội,vi
Espíritu Firme,Trái Tim Kiên Định,vi
Espíritu de Redención,Linh Hồn Chuộc Tội,vi
Espíritu de la redención,Linh Hồn Chuộc Tội,vi
Espíritu libre,Lệch Chuẩn,vi
Essence des Luminécailles,Tinh Túy Kim Long,vi
Essenz der Schimmerschuppen,Tinh Túy Kim Long,vi
Essenza Scaglialucida,Tinh Túy Kim Long,vi
Essência de Escamaluz,Tinh Túy Kim Long,vi
Estafa,Sống Vội,vi
Estafador,Sống Vội,vi
Estratega diminuto,Khổng Lồ Tí Hon,vi
Estrela Negra,Hắc Tinh,vi
Estrella Oscura,Hắc Tinh,vi
Estrella oscura,Hắc Tinh,vi
Estudio Paciente,Kiên Nhẫn Học Tập,vi
Estudio y paciencia,Kiên Nhẫn Học Tập,vi
Estudo Paciente,Kiên Nhẫn Học Tập,vi
Esuli,Độc Hành,vi
Eternal Pact,Khế Ước Vĩnh Hằng,vi
Etwas magische Aktualisierung,Quay Trúng Thưởng,vi
Evelynn áldása,Ân Huệ Của Evelynn,vi
Evelynn ösztöne,Trực Giác Của Evelynn,vi
Evelynn'in Lütfu,Ân Huệ Của Evelynn,vi
Evelynn'in İçgüdüsü,Trực Giác Của Evelynn,vi
Evelynn's Boon,Ân Huệ Của Evelynn,vi
Evelynn's Instinct,Trực Giác Của Evelynn,vi
Evelynnin dar,Ân Huệ Của Evelynn,vi
Evelynnin instinkt,Trực Giác Của Evelynn,vi
Evelynns Instinkt,Trực Giác Của Evelynn,vi
Evelynns Segen,Ân Huệ Của Evelynn,vi
Evenshroud,Giáp Vai Nguyệt Thần,vi
Evocazione continua,Triệu Hồi Bất Tận,vi
Evriştirici,Xoay Bài Tự Động,vi
Ewiger Pakt,Khế Ước Vĩnh Hằng,vi
Exaltación Radiante de Kayle,Thăng Hoa Rực Rỡ Của Kayle,vi
Exaltación de Kayle,Thăng Hoa Của Kayle,vi
Exaltación radiante de Kayle,Thăng Hoa Rực Rỡ Của Kayle,vi
Exaltarea lui Kayle,Thăng Hoa Của Kayle,vi
Exaltarea radiantă a lui Kayle,Thăng Hoa Rực Rỡ Của Kayle,vi
Exaltation de Kayle,Thăng Hoa Của Kayle,vi
Exaltation radieuse de Kayle,Thăng Hoa Rực Rỡ Của Kayle,vi
Exaltação Radiante de Kayle,Thăng Hoa Rực Rỡ Của Kayle,vi
Exaltação de Kayle,Thăng Hoa Của Kayle,vi
Exclusive Customization,Lựa Chọn Độc Quyền,vi
Exilados,Độc Hành,vi
Exilați,Độc Hành,vi
Exiles,Độc Hành,vi
Exiliados,Độc Hành,vi
Exilés,Độc Hành,vi
Exklusive Feinabstimmung,Lựa Chọn Độc Quyền,vi
Exkluzivní úprava,Lựa Chọn Độc Quyền,vi
Exkluzív testreszabás,Lựa Chọn Độc Quyền,vi
Expected Unexpectedness,Kỳ Vọng Bất Ngờ,vi
Expedice,Cuộc Viễn Chinh,vi
Expedición,Cuộc Viễn Chinh,vi
Expedition,Cuộc Viễn Chinh,vi
Expedição,Cuộc Viễn Chinh,vi
Expediție,Cuộc Viễn Chinh,vi
Expedíció,Cuộc Viễn Chinh,vi
Explosive Growth,Tăng Trưởng Bùng Nổ,vi
Explosives Wachstum,Tăng Trưởng Bùng Nổ,vi
Expédition,Cuộc Viễn Chinh,vi
Expérience à tout prix,Thích Mở Rộng,vi
Extirpador,Hủy Diệt,vi
Ezreal,Ezreal,vi
Ezüstkanál,Đặc Quyền Phú Gia,vi
Ezüsttóvári hajnal,Chùy Bạch Ngân,vi
Eğreti Zırh,Giáp Tự Chế,vi
Eşsiz Deneyim,Đặc Quyền Phú Gia,vi
Eşya Çekilişi,Tiếp Tế Trang Bị,vi
Fabbricante di bastoni,Thợ Rèn Gậy,vi
Fabbricante di spade,Thợ Rèn Kiếm,vi
Fabricant de baguettes,Thợ Rèn Gậy,vi
Fabricante de Bastões,Thợ Rèn Gậy,vi
Fabricante de Espadas,Thợ Rèn Kiếm,vi
Fabricante de Varas,Thợ Rèn Gậy,vi
Fabrication en série,Nhân Bản,vi
Fabrikneu,Tối Tân,vi
Faca de Statikk,Dao Điện Statikk,vi
Factory New,Tối Tân,vi
Fajín de mercurio,Áo Choàng Thủy Ngân,vi
Fame di denaro,Cơn Khát Vàng,vi
Fantocci da crash test,Hình Nộm Va Chạm,vi
Fantoccificazione,Hình Nhân Hóa,vi
Fantoccio di addestramento,Hình Nhân,vi
Fare squadra,Lập Đội,vi
Farmando Aura,Aura Farming,vi
Farmare l'aura,Aura Farming,vi
Farmarea aurei,Aura Farming,vi
Farmení aury,Aura Farming,vi
Farmeo Áurico,Aura Farming,vi
Farmienie Aury,Aura Farming,vi
Fatalista,U Sầu,vi
Fateweaver,Định Mệnh,vi
Favorul Sorakăi,Ân Huệ Của Soraka,vi
Favorul duelistului,Lễ Vật Tái Chế,vi
Favorul lui Ahri,Ân Huệ Của Ahri,vi
Favorul lui Aurelion Sol,Ân Huệ Của Aurelion Sol,vi
Favorul lui Ekko,Ân Huệ Của Ekko,vi
Favorul lui Evelynn,Ân Huệ Của Evelynn,vi
Favorul lui Kayle,Ân Huệ Của Kayle,vi
Favorul lui Thresh,Ân Huệ Của Thresh,vi
Favorul lui Varus,Ân Huệ Của Varus,vi
Favorul lui Yasuo,Ân Huệ Của Yasuo,vi
Favorul resurecției,Ân Huệ Tái Sinh,vi
Fedakârlığın Erdemi,Quyền Trượng Thánh Quang,vi
Fedezeti alap,Quỹ Phòng Hộ,vi
Feed the Flames,Nếm Mùi Lửa,vi
Feeling Lucky,Cảm Thấy May Mắn,vi
Felaket Mücevheri,Đá Hắc Hóa,vi
Felemelkedés,Thăng Hoa,vi
Feleslegesen nagy pálca,Gậy Quá Khổ,vi
Felfelé a ranglétrán I.,Leo Hạng,vi
Felfelé irányuló mobilitás,Đẩy Nhanh Tiến Độ,vi
Felie de viață,Chuyện Đời Thường,vi
Felinarul lui Thresh,Lồng Đèn Của Thresh,vi
Festa de Aniversário,Sinh Nhật Đoàn Tụ,vi
Feu concentré,Tập Trung Hỏa Lực,vi
Fiera Fiestera,Tiệc Tùng,vi
Fierar neobosit,Chế Tạo Tại Chỗ,vi
Fila em Dupla,Hàng Chờ Đấu Đôi,vi
Filo de la Muerte,Kiếm Tử Thần,vi
Filo de la Noche,Áo Choàng Bóng Tối,vi
Filo de la noche,Áo Choàng Bóng Tối,vi
Filo del Infinito,Vô Cực Kiếm,vi
Filo infinito,Vô Cực Kiếm,vi
Filo mortal,Kiếm Tử Thần,vi
Filofugaz,Đao Chớp,vi
Fin de partie,Thăng Tiến Cuối Trận,vi
Final del ingenio,Đao Tím,vi
Finanziamento,Vay Tạm Ứng,vi
Find Your Center,Tiền Vệ Trung Tâm,vi
Finde deine Mitte,Tiền Vệ Trung Tâm,vi
Fine della notte,Áo Choàng Bóng Tối,vi
Fiora,Fiora,vi
Firesale,Thanh Lý Toàn Bộ,vi
Fishbones,Pháo Xương Cá,vi
Fiumi di lacrime,Giọt Lệ Bi Ai,vi
Fiumi di lacrime,Lệ Lưu Ly,vi
Fizz,Fizz,vi
Flambant neuf,Tối Tân,vi
Flessibilità,Linh Hoạt,vi
Flexibel,Linh Hoạt,vi
Flexibilita,Linh Hoạt,vi
Flexibilitate,Linh Hoạt,vi
Flexible,Linh Hoạt,vi
Flexível,Linh Hoạt,vi
Flickerblade,Đao Chớp,vi
Flickerblades,Đao Chớp,vi
Fließende Tränen,Lệ Lưu Ly,vi
Flimmerklingen,Đao Chớp,vi
Flowing Tears,Lệ Lưu Ly,vi
Fluch des Lichs,Kiếm Tai Ương,vi
Fléau de liche,Kiếm Tai Ương,vi
Fléau vengeur,Chùy Đoản Côn,vi
Flügelstab,Trượng Đại Thiên Sứ,vi
Foc concentrat,Tập Trung Hỏa Lực,vi
Focalizarea orizontului,Kính Nhắm Ma Pháp,vi
Foco do Horizonte,Kính Nhắm Ma Pháp,vi
Focused Fire,Tập Trung Hỏa Lực,vi
Fogo Concentrado,Tập Trung Hỏa Lực,vi
Fokozott erő,Nâng Tầm Uy Lực,vi
Fokussiertes Feuer,Tập Trung Hỏa Lực,vi
Folyamatos idézés,Triệu Hồi Bất Tận,vi
Fond de investiții,Quỹ Phòng Hộ,vi
Fondamenta di prima linea,Củng Cố Tuyến Trước,vi
Fondation de première ligne,Củng Cố Tuyến Trước,vi
Fondo con intereses,Quỹ Phòng Hộ,vi
Fondo de inversión,Quỹ Phòng Hộ,vi
Fondo speculativo,Quỹ Phòng Hộ,vi
Forbidden Idol,Dị Vật Tai Ương,vi
Forge a Friend,Chế Tạo Bằng Hữu,vi
Forge divine,Lò Rèn Thăng Hoa,vi
Forge portative,Lò Rèn Thần Thoại,vi
Forge à retardement,Lò Rèn Tiềm Ẩn,vi
Forged in Strength,Tôi Luyện Sức Mạnh,vi
Forgeron ambulant,Chế Tạo Tại Chỗ,vi
Forgia apoteotica,Lò Rèn Thăng Hoa,vi
Forgia incarnata,Chế Tạo Tại Chỗ,vi
Forgia nascosta,Lò Rèn Tiềm Ẩn,vi
Forgia portatile,Lò Rèn Thần Thoại,vi
Forgia un amico,Chế Tạo Bằng Hữu,vi
Forgiato nella forza,Tôi Luyện Sức Mạnh,vi
Forja Apoteósica,Lò Rèn Thăng Hoa,vi
Forja Apoteótica,Lò Rèn Thăng Hoa,vi
Forja Latente,Lò Rèn Tiềm Ẩn,vi
Forja Portátil,Lò Rèn Thần Thoại,vi
Forja Viva,Chế Tạo Tại Chỗ,vi
Forja Viviente,Chế Tạo Tại Chỗ,vi
Forja apoteósica,Lò Rèn Thăng Hoa,vi
Forja de amigos,Chế Tạo Bằng Hữu,vi
Forja de espadas,Thợ Rèn Kiếm,vi
Forja de varas,Thợ Rèn Gậy,vi
Forja forjada,Khéo Tay Hay Làm,vi
Forja latente,Lò Rèn Tiềm Ẩn,vi
Forja na Força,Tôi Luyện Sức Mạnh,vi
Forja portátil,Lò Rèn Thần Thoại,vi
Forja reîncărcărilor,Khéo Tay Hay Làm,vi
Forja viviente,Chế Tạo Tại Chỗ,vi
Forjado a la fuerza,Tôi Luyện Sức Mạnh,vi
Forjado en la Fortaleza,Tôi Luyện Sức Mạnh,vi
Forje uma Amizade,Chế Tạo Bằng Hữu,vi
Forjă apoteotică,Lò Rèn Thăng Hoa,vi
Forjă latentă,Lò Rèn Tiềm Ẩn,vi
Forjă portabilă,Lò Rèn Thần Thoại,vi
Forma equipo,Lập Đội,vi
Formation de Garde du corps,Huấn Luyện Cận Vệ,vi
Formazione,Tiền Tuyến Vững Chãi,vi
Fortwährende Beschwörung,Triệu Hồi Bất Tận,vi
Forward Thinking,Nghĩ Về Tương Lai,vi
Forțe proaspete,Ngọn Gió Thứ Hai,vi
Fragmento de Vida,Chuyện Đời Thường,vi
Frammento d'infinito,Vô Cực Kiếm,vi
Francotirador,Bắn Tỉa,vi
Frigideira,Chảo Vàng,vi
Frontkämpfer,Tiên Phong,vi
Frontkämpfer-Emblem,Ấn Tiên Phong,vi
Frontline Foundation,Củng Cố Tuyến Trước,vi
Frontlinien-Fundament,Củng Cố Tuyến Trước,vi
Frying Pan,Chảo Vàng,vi
Frângător al timpului,Thời Không,vi
Frühe Erkenntnisse,Bài Học Sơ Khai,vi
Fuego Concentrado,Tập Trung Hỏa Lực,vi
Fuego concentrado,Tập Trung Hỏa Lực,vi
Fuerte pero frágil,Lấy Công Bù Thủ,vi
Fuerte y Enorme,To Lớn & Mạnh Mẽ,vi
Fuerzas renovadas,Ngọn Gió Thứ Hai,vi
Fulcro del commercio,Trung Tâm Thương Mại,vi
Fundação da Linha de Frente,Củng Cố Tuyến Trước,vi
Fundo de Garantia,Quỹ Phòng Hộ,vi
Fundusz Inwestycyjny,Quỹ Phòng Hộ,vi
Fuoco concentrato,Tập Trung Hỏa Lực,vi
Fureur du kraken,Thịnh Nộ Thủy Quái,vi
Furia Krakena,Thịnh Nộ Thủy Quái,vi
Furia del Kraken,Thịnh Nộ Thủy Quái,vi
Furia del kraken,Thịnh Nộ Thủy Quái,vi
Furia di Guinsoo,Cuồng Đao Guinsoo,vi
Furia krakenului,Thịnh Nộ Thủy Quái,vi
Furtarello,Ăn Trộm,vi
Furtivo,Vô Pháp,vi
Furto,Ăn Trộm,vi
Furto di componenti,Phi Vụ Trang Bị,vi
Furtuna lui Luden,Bão Tố Luden,vi
Fäustlinge,Găng Đấu Sĩ,vi
Félholt csapás,Kiếm Tai Ương,vi
Félvezető,Chất Bán Dẫn,vi
Fényőrző címer,Huy Hiệu Lightshield,vi
Fókusz,Dẫn Truyền,vi
Fókusz mód,Chế Độ Dẫn Truyền,vi
Fúria do Cráquem,Thịnh Nộ Thủy Quái,vi
"FĂRĂ ANALIZĂ, FĂRĂ SCHIMBĂRI",NHẮM MẮT CHƠI BỪA,vi
Făurit prin putere,Tôi Luyện Sức Mạnh,vi
Gabardina Sospechosa,Áo Choàng Mờ Ám,vi
Gabardina sospechosa,Áo Choàng Mờ Ám,vi
Gage de Sterak,Móng Vuốt Sterak,vi
Gagnant-gagnant,Kiên Nhẫn Học Tập,vi
Galaksi Avcısı,Thợ Săn Vũ Trụ,vi
Galaktický lovec,Thợ Săn Vũ Trụ,vi
Galaktischer Jäger,Thợ Săn Vũ Trụ,vi
Galaktyczni Łowcy,Thợ Săn Vũ Trụ,vi
Galaxisvadász,Thợ Săn Vũ Trụ,vi
Galaxy Hunter,Thợ Săn Vũ Trụ,vi
Gambit Urfa,Ván Cược URF,vi
Gambit d'Urf,Ván Cược URF,vi
Gambito de Urf,Ván Cược URF,vi
Gantelet du Néant,Găng Hư Không,vi
Gantelet précieux,Găng Bảo Thạch,vi
Gants d'entraînement,Găng Đấu Tập,vi
Gants de voleur,Găng Đạo Tặc,vi
Gants porte-bonheur,Đo Ni Đóng Giày,vi
Gants à gogo,Bước Đột Phá,vi
Gardienii gemeni,Song Vệ,vi
Gardiens jumeaux,Song Vệ,vi
Gargoyl Taşzırhı,Thú Tượng Thạch Giáp,vi
Gargoyle Stoneplate,Thú Tượng Thạch Giáp,vi
Garra de Dragón,Vuốt Rồng,vi
Garra de dragón,Vuốt Rồng,vi
Garra de merodeador,Móng Vuốt Ám Muội,vi
Garra del Merodeador,Móng Vuốt Ám Muội,vi
Garra do Dragão,Vuốt Rồng,vi
Garra do Espreitador,Móng Vuốt Ám Muội,vi
Gasto con cabeza,Tiêu Dùng Thông Minh,vi
Gauner,Sống Vội,vi
Gebieter,Thần Phán,vi
Gebieter-Emblem,Ấn Thần Phán,vi
Geburtstags-Wiedervereinigung,Sinh Nhật Đoàn Tụ,vi
Geburtstagsgeschenk,Quà Sinh Nhật,vi
Gecenin Kıyısı,Áo Choàng Bóng Tối,vi
Geduld ist eine Tugend,Kiên Nhẫn Là Một Đức Tính,vi
Geeinter Halt,Nhất Thống,vi
Gefälligkeit des Schrotthändlers,Lễ Vật Tái Chế,vi
Gegenstand-Wundertüte,Tiếp Tế Trang Bị,vi
Geist der Erlösung,Linh Hồn Chuộc Tội,vi
Geistessicht,Giáp Tâm Linh,vi
Geld fürs Mittagessen,Tiền Ăn Trưa,vi
Geldgierig,Cơn Khát Vàng,vi
Geldmonsun,Bão Vàng,vi
Gelişmiş Güç,Nâng Tầm Uy Lực,vi
Gelungenes Comeback,Cố Gắng Lật Kèo,vi
Gespiegelte Persona,Hiện Thân Phản Chiếu,vi
Gheara dragonului,Vuốt Rồng,vi
Gheara lui Sterak,Móng Vuốt Sterak,vi
Gheara prădătorului,Móng Vuốt Ám Muội,vi
Giant Slayer,Diệt Khổng Lồ,vi
Giant and Mighty,To Lớn & Mạnh Mẽ,vi
Giant's Belt,Đai Khổng Lồ,vi
Gigante e Poderoso,To Lớn & Mạnh Mẽ,vi
Gigantes y fuertes,To Lớn & Mạnh Mẽ,vi
Gilded Steel,Thép Mạ Vàng,vi
Gioco di lama di Yasuo,Kiếm Thuật Của Yasuo,vi
Gioiello della rovina,Đá Hắc Hóa,vi
Giuvaier blestemat,Đá Hắc Hóa,vi
Gizemli Trençkot,Áo Choàng Mờ Ám,vi
Giù come birilli,Trên Đà Phát Triển,vi
Glaives à gogo,Mở Lối,vi
Glaskanone,Lấy Công Bù Thủ,vi
Glass Cannon,Lấy Công Bù Thủ,vi
Glückshandschuhe,Đo Ni Đóng Giày,vi
Gnar,Gnar,vi
Goana după bani,Cơn Khát Vàng,vi
God-Blessed,Thần Ban Phước,vi
Going Long,Thích Mở Rộng,vi
Golden Gamble,Ván Cược Hoàng Kim,vi
Goldenes Glücksspiel,Ván Cược Hoàng Kim,vi
Golem,Người Đá,vi
Golpetazos,Hạ Đo Ván,vi
Good For Something,Được Này Mất Kia,vi
Gotowy Komplet,Đội Hình Tối Ưu,vi
Gottgesegnet,Thần Ban Phước,vi
Grabież,Ăn Trộm,vi
Gracia de Ahri,Ân Huệ Của Ahri,vi
Gracia de Aurelion Sol,Ân Huệ Của Aurelion Sol,vi
Gracia de Ekko,Ân Huệ Của Ekko,vi
Gracia de Evelynn,Ân Huệ Của Evelynn,vi
Gracia de Kayle,Ân Huệ Của Kayle,vi
Gracia de Soraka,Ân Huệ Của Soraka,vi
Gracia de Thresh,Ân Huệ Của Thresh,vi
Gracia de Varus,Ân Huệ Của Varus,vi
Gracia de Yasuo,Ân Huệ Của Yasuo,vi
Gracia de resurrección,Ân Huệ Tái Sinh,vi
Gragas,Gragas,vi
Gran Compromiso,Chỉ Một Con Đường,vi
Grandalhão,Kích Cỡ Là Quan Trọng,vi
Grande e possente,To Lớn & Mạnh Mẽ,vi
Grandeur et démesure,To Lớn & Mạnh Mẽ,vi
Graves,Graves,vi
Gredin,Sống Vội,vi
Griffe de dragon,Vuốt Rồng,vi
Griffes du rôdeur,Móng Vuốt Ám Muội,vi
Group Hug,Ôm Tập Thể,vi
Groß und mächtig,To Lớn & Mạnh Mẽ,vi
Große Wundertüte,Túi Đồ Cỡ Đại,vi
Groźniejsze Ostrza,Kiếm Tử Thần,vi
Gruboskórność Steraka,Móng Vuốt Sterak,vi
Grup Kucaklaşması,Ôm Tập Thể,vi
Grupowy Przytulas,Ôm Tập Thể,vi
Gruppenumarmung,Ôm Tập Thể,vi
Gräte,Pháo Xương Cá,vi
Größe ist alles,Kích Cỡ Là Quan Trọng,vi
Guantelete Deslumbrante,Găng Bảo Thạch,vi
Guantelete de Sterak,Móng Vuốt Sterak,vi
Guantelete del Vacío,Găng Hư Không,vi
Guantelete enjoyado,Găng Bảo Thạch,vi
Guantes de Combate,Găng Đấu Tập,vi
Guantes de Ladrón,Găng Đạo Tặc,vi
Guantes de combate,Găng Đấu Tập,vi
Guantes de la Suerte,Đo Ni Đóng Giày,vi
Guantes de la suerte,Đo Ni Đóng Giày,vi
Guantes de ladrón,Găng Đạo Tặc,vi
Guanti del ladro,Găng Đạo Tặc,vi
Guanti fortunati,Đo Ni Đóng Giày,vi
Guanto del Vuoto,Găng Hư Không,vi
Guanto ingioiellato,Găng Bảo Thạch,vi
Guantoni,Găng Đấu Tập,vi
Guardabrazo del Buscador,Giáp Tay Seeker,vi
Guardia de la Corona,Vương Miện Hoàng Gia,vi
Guardianes Gemelos,Song Vệ,vi
Guardianes gemelos,Song Vệ,vi
Guardiani gemelli,Song Vệ,vi
Guardiões Gêmeos,Song Vệ,vi
Guarida del Barón,Hang Ổ Baron,vi
Guinsoo dühpengéje,Cuồng Đao Guinsoo,vi
Guinsoo'nun Hiddeti,Cuồng Đao Guinsoo,vi
Guinsoo's Rageblade,Cuồng Đao Guinsoo,vi
Guinsoos Wutklinge,Cuồng Đao Guinsoo,vi
Guinsoova zuřivá čepel,Cuồng Đao Guinsoo,vi
Gume do Infinito,Vô Cực Kiếm,vi
Gun Goddess,Xạ Thần,vi
Gustări dulci,Món Quà Ngọt Ngào,vi
Gwałtowny Wzrost,Tăng Trưởng Bùng Nổ,vi
Gwen,Gwen,vi
Gwiezdna Kombinacja,Liên Hoàn Tinh Tú,vi
Gyakorlófigura,Hình Nhân,vi
Gyanús ballonkabát,Áo Choàng Mờ Ám,vi
Gyors kettős gyilkosság,Song Sát Tốc Hành,vi
Gyorstüzelő ágyú,Đại Bác Liên Thanh,vi
Gyári új,Tối Tân,vi
Gyógyító gömbök I.,Cầu Hồi Phục,vi
Gólem,Người Đá,vi
Gökten Yağan Altın,Bão Vàng,vi
Gölge Kukla,Bóng Phân Thân,vi
Gömülü Hazineler,Kho Báu Chôn Giấu,vi
Göttlicher Duellant,Song Đấu,vi
Gözyaşları Sel,Giọt Lệ Bi Ai,vi
Gözü Yükseklerde,Thích Mở Rộng,vi
Gümüşgöl Şafağı,Chùy Bạch Ngân,vi
Günateşi Pelerini,Áo Choàng Lửa,vi
Günateşi Tahtası,Phóng Hỏa,vi
Gürtel des Riesen,Đai Khổng Lồ,vi
Gürtel im Überfluss,Đam Mê Đai Lưng,vi
Gürzün Dileği,Ý Chỉ Xích Chùy,vi
Güç Kadehi,Cốc Sức Mạnh,vi
Güçle İşlenmiş,Tôi Luyện Sức Mạnh,vi
Güçlü Ama Kırılgan,Lấy Công Bù Thủ,vi
Güçlü Arkadaşlık,Chế Tạo Bằng Hữu,vi
Güçlü Şapkalar,Mũ Tử Thần,vi
Găsește-ți centrul de putere,Tiền Vệ Trung Tâm,vi
Hacha de Fuego Infernal,Rìu Hỏa Ngục,vi
Hacha infernal,Rìu Hỏa Ngục,vi
Hachette infernale,Rìu Hỏa Ngục,vi
Haciendo Amistades,Chế Tạo Bằng Hữu,vi
Hadiösvény,Đường Ra Trận,vi
Hadúri dicsőség,Chiến Tướng Khải Hoàn,vi
Hai il mio arco,Cây Cung Thần Tốc,vi
Hai odată,Đánh Là Trúng,vi
Hajnalmag,Lõi Bình Minh,vi
Halbleiter,Chất Bán Dẫn,vi
Halla tu Centro,Tiền Vệ Trung Tâm,vi
Halszálka,Pháo Xương Cá,vi
Halálosabb pengék,Kiếm Tử Thần,vi
Halálosabb süvegek,Mũ Tử Thần,vi
Halálpenge,Kiếm Tử Thần,vi
Hand Of Justice,Bàn Tay Công Lý,vi
Hand der Gerechtigkeit,Bàn Tay Công Lý,vi
Handelssektor,Khu Giao Dịch,vi
Handschuhe des Diebs,Găng Đạo Tặc,vi
Hanger fantomatic,Gươm Biến Ảnh,vi
Hard Commit,Chỉ Một Con Đường,vi
Hatalmas sorsolás,Xúc Xắc Hoành Tráng,vi
Hatalmas és erős,To Lớn & Mạnh Mẽ,vi
Határtalan penge,Vô Cực Kiếm,vi
Haute tension,Sét Cao Thế,vi
Hayat Deneyimi,Kiên Nhẫn Học Tập,vi
Hayattan Bir Kesit,Chuyện Đời Thường,vi
Hazine Avı,Săn Kho Báu,vi
Haşmetli Hydra,Rìu Đại Mãng Xà,vi
Haşmetli Macera,Cuộc Phiêu Lưu Tôn Quý,vi
Healing Orbs,Cầu Hồi Phục,vi
Heart of Steel,Trái Tim Sắt Đá,vi
Heavy Is the Crown,Vương Miện Nặng Trĩu,vi
Hecho a medida,Lựa Chọn Độc Quyền,vi
Hedef Kuklası,Hình Nhân,vi
Hedefe Kilitlenen Optik,Kính Khóa Mục Tiêu,vi
Hedge Fund,Quỹ Phòng Hộ,vi
Heilende Echos,Thanh Âm Chữa Lành,vi
Heilende Kugeln,Cầu Hồi Phục,vi
Heldenhafte Wundertüte,Túi Đồ Siêu Hùng,vi
Hellfire Hatchet,Rìu Hỏa Ngục,vi
Hemos venido a jugar,Nước Đi Liều Lĩnh,vi
Heraldo de Zeke,Tụ Bão Zeke,vi
Heraldo de las Tinieblas de Zeke,Cờ Lệnh Zeke U Ám,vi
Heraldo desolador de Zeke,Cờ Lệnh Zeke U Ám,vi
Herausforderer,Thách Đấu,vi
Herausforderer-Emblem,Ấn Thách Đấu,vi
Herausforderer-Modus,Chế Độ Thách Đấu,vi
Herb Dynastii Promiennej Tarczy,Huy Hiệu Lightshield,vi
Herkesin Katili,Sát Thủ Khát Máu,vi
Heroic Grab Bag,Túi Đồ Siêu Hùng,vi
Heroiczna Torba z Różnościami,Túi Đồ Siêu Hùng,vi
Herold Zeke'a,Tụ Bão Zeke,vi
Herz aus Stahl,Trái Tim Sắt Đá,vi
Heul doch …,Giọt Lệ Bi Ai,vi
Hex Dorado de Yasuo,Ô Hoàng Kim của Yasuo,vi
Hexagone doré de Yasuo,Ô Hoàng Kim của Yasuo,vi
Hexagonul auriu al lui Yasuo,Ô Hoàng Kim của Yasuo,vi
Hextech Gunblade,Kiếm Súng Hextech,vi
Hextech Silahkılıç,Kiếm Súng Hextech,vi
Hextech lőpenge,Kiếm Súng Hextech,vi
Hextech-Gunblade,Kiếm Súng Hextech,vi
Hexágono dorado de Yasuo,Ô Hoàng Kim của Yasuo,vi
Hidra Titánica,Rìu Đại Mãng Xà,vi
Hidra Titânica,Rìu Đại Mãng Xà,vi
Hidra titanilor,Rìu Đại Mãng Xà,vi
Hidra titánica,Rìu Đại Mãng Xà,vi
Higany,Áo Choàng Thủy Ngân,vi
High Voltage,Sét Cao Thế,vi
Hilfspaket,Gói Bảo Hộ,vi
Hirte,Du Mục,vi
Hirte-Emblem,Ấn Du Mục,vi
Historia Powrotu do Chwały,Cố Gắng Lật Kèo,vi
Hivatásos bokszoló,Võ Sĩ Giác Đấu,vi
Hiçlik Değneği,Trượng Hư Vô,vi
Hiçlik Eldiveni,Găng Hư Không,vi
Hochspannung,Sét Cao Thế,vi
Hoja de furia de Guinsoo,Cuồng Đao Guinsoo,vi
Hoja maldita,Kiếm Cong,vi
Hojas más letales,Kiếm Tử Thần,vi
Hold the Line,Giữ Vững Hàng Ngũ,vi
Holofote Compartilhado do Yasuo,Hưởng Ké Hào Quang Yasuo,vi
Honneur du Maître de guerre,Chiến Tướng Khải Hoàn,vi
Honor Watażki,Chiến Tướng Khải Hoàn,vi
Honor de señor de la guerra,Chiến Tướng Khải Hoàn,vi
Honor del Caudillo,Chiến Tướng Khải Hoàn,vi
Honra do Mestre da Guerra,Chiến Tướng Khải Hoàn,vi
Hordozható kohó,Lò Rèn Thần Thoại,vi
Horizon Focus,Kính Nhắm Ma Pháp,vi
Horizont,Kính Nhắm Ma Pháp,vi
Horizontfokus,Kính Nhắm Ma Pháp,vi
Hortlak Palası,Gươm Biến Ảnh,vi
Hosszú távú befektetés,Thích Mở Rộng,vi
Hrdinská dárková taška,Túi Đồ Siêu Hùng,vi
Hurdacının Lütfu,Lễ Vật Tái Chế,vi
Hurto,Ăn Trộm,vi
Hustler,Sống Vội,vi
Hvězdná obnova,Trên Đà Phát Triển,vi
Hvězdné kombo,Liên Hoàn Tinh Tú,vi
Hvězdopravec,Chiêm Tinh,vi
Hydre titanesque,Rìu Đại Mãng Xà,vi
Hármak légiója,Quân Đoàn 3 Sao,vi
Hármas kombó I.,Bộ Ba Hoàn Hảo,vi
Hátsó vonal tervrajza,Sơ Đồ Tuyến Sau,vi
Hâkim,Thần Phán,vi
Hâkim Amblemi,Ấn Thần Phán,vi
Hücum Gürzü,Chùy Đoản Côn,vi
Hükümdarın Seçimi,Thần Ban Phước,vi
Hırsız Eldiveni,Găng Đạo Tặc,vi
Hırsız Çetesi,Băng Trộm,vi
Hırsız Çetesi II,Băng Trộm II,vi
Hızlı Başlangıç,Khởi Động Nhanh,vi
Hızlı Yükseliş,Toàn Thắng,vi
Hızlı İkide İki,Song Sát Tốc Hành,vi
Hősies zsákbamacska,Túi Đồ Siêu Hùng,vi
Hůl Prázdnoty,Trượng Hư Vô,vi
Ia arcul meu,Cây Cung Thần Tốc,vi
Idol interzis,Dị Vật Tai Ương,vi
Idole interdite,Dị Vật Tai Ương,vi
Idolo proibito,Dị Vật Tai Ương,vi
Idra titanica,Rìu Đại Mãng Xà,vi
Időtörő,Thời Không,vi
Időtörő embléma,Ấn Thời Không,vi
Ikerőrzők,Song Vệ,vi
Il Drago dorato,Kim Long,vi
Il massimo con il minimo,Tối Đa Hóa,vi
Il potente Mech,Robot,vi
Illaoi,Illaoi,vi
Iluminare parțială,Bán Thăng Hoa,vi
Immer höher hinauf,Leo Hạng,vi
Impermeabile sospetto,Áo Choàng Mờ Ám,vi
Impianti cibernetici,Cấy Ghép Siêu Công Nghệ,vi
Impianto empatico,Cảm Quan Cấy Ghép,vi
Implant Współczulny,Cảm Quan Cấy Ghép,vi
Implant cybernétique,Cảm Quan Cấy Ghép,vi
Implant empatic,Cảm Quan Cấy Ghép,vi
Implante Simpático,Cảm Quan Cấy Ghép,vi
Implante Solidário,Cảm Quan Cấy Ghép,vi
Implante simpático,Cảm Quan Cấy Ghép,vi
Implantes Cibernéticos,Cấy Ghép Siêu Công Nghệ,vi
Implantes cibernéticos,Cấy Ghép Siêu Công Nghệ,vi
Implants cybernétiques,Cấy Ghép Siêu Công Nghệ,vi
Implanturi cibernetice,Cấy Ghép Siêu Công Nghệ,vi
Implanty Cybernetyczne,Cấy Ghép Siêu Công Nghệ,vi
Impossível Recusar,Đánh Là Trúng,vi
Improvisierte Rüstung,Giáp Tự Chế,vi
Improwizowana Zbroja,Giáp Tự Chế,vi
Impuesto Cognitivo,Thuế Nhận Thức,vi
Impuesto cognitivo,Thuế Nhận Thức,vi
In quattro e quattr'otto,Tứ Phương Tiếp Viện,vi
Inactividad,AFK,vi
Inadaptados,Lệch Chuẩn,vi
Inadaptați,Lệch Chuẩn,vi
Inaktivitás,AFK,vi
Incantație continuă,Triệu Hồi Bất Tận,vi
Indiscriminate Killer,Sát Thủ Khát Máu,vi
Indomable,Bất Khuất,vi
Indomável,Bất Khuất,vi
Infinity Edge,Vô Cực Kiếm,vi
Infinity Protection,Bảo Hộ Vô Tận,vi
Inicio Veloz,Khởi Động Nhanh,vi
Inimă de oțel,Trái Tim Sắt Đá,vi
Initiateur,Tiên Phong,vi
Innervating Locket,Dây Chuyền Tự Lực,vi
Instinct d'Evelynn,Trực Giác Của Evelynn,vi
Instinctul lui Evelynn,Trực Giác Của Evelynn,vi
Instinto de Evelynn,Trực Giác Của Evelynn,vi
Instynkt Evelynn,Trực Giác Của Evelynn,vi
Insígnia do Lumescudo,Huy Hiệu Lightshield,vi
Intermediar,Dẫn Truyền,vi
Invadatorul Zed,Zed Kẻ Xâm Lăng,vi
Invader Zed,Zed Kẻ Xâm Lăng,vi
Invasión de Zed,Zed Kẻ Xâm Lăng,vi
Invasor Zed,Zed Kẻ Xâm Lăng,vi
Inversión,Đầu Tư,vi
Invested,Đầu Tư,vi
Investice,Đầu Tư,vi
Investiert,Đầu Tư,vi
Investimento,Đầu Tư,vi
Investissement,Đầu Tư,vi
Investissement sur le futur,Nghĩ Về Tương Lai,vi
Investitura,Đầu Tư,vi
Investiční fond,Quỹ Phòng Hộ,vi
Investiție,Đầu Tư,vi
Inwestycja,Thích Mở Rộng,vi
Início Rápido,Khởi Động Nhanh,vi
Ionic Spark,Nỏ Sét,vi
Ionischer Funke,Nỏ Sét,vi
Ionos szikra,Nỏ Sét,vi
Iontová jiskra,Nỏ Sét,vi
Iron Assets,Kho Báu Sắt,vi
Isteni párbajhős,Song Đấu,vi
Istennő könnycseppje,Nước Mắt Nữ Thần,vi
Istenáldotta,Thần Ban Phước,vi
Istinto di Evelynn,Trực Giác Của Evelynn,vi
Item Grab Bag,Tiếp Tế Trang Bị,vi
Itens de Pandora,Trang Bị Pandora,vi
Iubire nezdruncinată,Trái Tim Kiên Định,vi
Işıltılı Serseri,Quang Lân Tiểu Yêu,vi
JEDU SI TO SVOJE,NHẮM MẮT CHƠI BỪA,vi
Ja Gram Solo,Tôi Thăng Cấp Một Mình,vi
Jaf,Ăn Trộm,vi
Jaful componentelor,Phi Vụ Trang Bị,vi
Jakim Kosztem,Cái Giá Phải Trả,vi
Jax,Jax,vi
Jaximus,Vươn Tới Tinh Tú,vi
"Jeden buff, dva buffy","Một Bùa, Hai Bùa",vi
"Jedna, dva, tři",Một Hai Ba,vi
Jeu de patience,Kiên Nhẫn Là Một Đức Tính,vi
Jeweled Gauntlet,Găng Bảo Thạch,vi
Jeweled Lotus,Khảm Bảo Thạch,vi
Jhin,Jhin,vi
Jinx,Jinx,vi
Jogada Levemente Mágica,Quay Trúng Thưởng,vi
Jogada Mágica,Xúc Xắc Ma Pháp,vi
Jogada de Urf,Ván Cược URF,vi
Joia da Ruína,Đá Hắc Hóa,vi
Jonowa Iskra,Nỏ Sét,vi
Jour de relance,Xúc Xắc Vô Tận,vi
Joya Maldita,Đá Hắc Hóa,vi
Joya de la plaga,Đá Hắc Hóa,vi
Joyau putréfiant,Đá Hắc Hóa,vi
Jugadas arriesgadas,Nước Đi Liều Lĩnh,vi
Juge stellaire,Thần Phán,vi
Juguito de Gorrito,Nước Cappa,vi
Juramento del Protector,Lời Thề Hộ Vệ,vi
Juramento do Cavaleiro,Lời Thề Hiệp Sĩ,vi
Juramento do Protetor,Lời Thề Hộ Vệ,vi
Jurământul protectorului,Lời Thề Hộ Vệ,vi
Jus chapi-chapo,Nước Cappa,vi
Just Hit,Đánh Là Trúng,vi
Justice critique,Báo Oán,vi
Juwelenbesetzter Handschuh,Găng Bảo Thạch,vi
Juwelenbesetzter Lotus,Khảm Bảo Thạch,vi
Jádro obchodu,Trung Tâm Thương Mại,vi
Jádro úsvitu,Lõi Bình Minh,vi
Jó sorozat,Trên Đà Phát Triển,vi
Jóbarát rendelésre,Tự Lập Đội,vi
Jós,Tiên Tri,vi
Jótékony visszhang,Thanh Âm Chữa Lành,vi
K. N. kard,Kiếm B.F.,vi
K. V. meč,Kiếm B.F.,vi
K.W. Miecz,Kiếm B.F.,vi
"KEIN UMSEHEN, KEIN WECHSELN",NHẮM MẮT CHƠI BỪA,vi
Kaderbaz,Định Mệnh,vi
Kahraman Çekilişi,Túi Đồ Siêu Hùng,vi
Kahuna,Kamekameha,vi
Kahunahuna,Kamekameha,vi
Kai'Sa,Kai'Sa,vi
Kamienna Płyta Gargulca,Thú Tượng Thạch Giáp,vi
Kamizelka Cierniowa,Áo Choàng Gai,vi
Kamizelka Kolcza,Giáp Lưới,vi
Kampfhandschuhe,Găng Đấu Tập,vi
Kan Adağı,Huyết Tế,vi
Kan Bedeli,Huyết Giá,vi
Kanalisierer,Dẫn Truyền,vi
Kanalisierermodus,Chế Độ Dẫn Truyền,vi
Kanasusamış,Huyết Kiếm,vi
Kanciarz,Sống Vội,vi
Kanoucí slzy,Lệ Lưu Ly,vi
Kapelusze Zabójcze jak Nigdy,Mũ Tử Thần,vi
Karanlık Leydi,Ác Nữ,vi
Kararlı Yürek,Trái Tim Kiên Định,vi
Karayel,Phong Kiếm,vi
Kardkovács,Thợ Rèn Kiếm,vi
Kardszállítmány,Đam Mê Kiếm,vi
Karma,Karma,vi
Kayle felmagasztosulása,Thăng Hoa Của Kayle,vi
Kayle ragyogó felmagasztosulása,Thăng Hoa Rực Rỡ Của Kayle,vi
Kayle áldása,Ân Huệ Của Kayle,vi
Kayle's Boon,Ân Huệ Của Kayle,vi
Kayle's Exaltation,Thăng Hoa Của Kayle,vi
Kayle's Radiant Exaltation,Thăng Hoa Rực Rỡ Của Kayle,vi
Kayle'ın Işıltılı Yüceliği,Thăng Hoa Rực Rỡ Của Kayle,vi
Kayle'ın Lütfu,Ân Huệ Của Kayle,vi
Kayle'ın Yüceliği,Thăng Hoa Của Kayle,vi
Kayles Hochgefühl,Thăng Hoa Của Kayle,vi
Kayles Segen,Ân Huệ Của Kayle,vi
Kayles strahlendes Hochgefühl,Thăng Hoa Rực Rỡ Của Kayle,vi
Kaylin dar,Ân Huệ Của Kayle,vi
Kaylino povznesení,Thăng Hoa Của Kayle,vi
Kaylino zářivé povznesení,Thăng Hoa Rực Rỡ Của Kayle,vi
Kaz Gelecek Yerden...,Nước Đi Liều Lĩnh,vi
Kedi Olalı Bir Fare,Được Này Mất Kia,vi
Kedvez a szerencse,Cảm Thấy May Mắn,vi
Kefaret Ruhu,Linh Hồn Chuộc Tội,vi
Kelch der Macht,Cốc Sức Mạnh,vi
Kemer Fazlalığı,Đam Mê Đai Lưng,vi
Kereskedelmi központ,Trung Tâm Thương Mại,vi
Keresők karvértje,Giáp Tay Seeker,vi
Keskin Nişancı,Bắn Tỉa,vi
Keskin Nişancı Amblemi,Ấn Bắn Tỉa,vi
Kettenweste,Giáp Lưới,vi
Keşif Gezisi,Cuộc Viễn Chinh,vi
Kibernetikus fellövő,Trí Tuệ Siêu Công Nghệ,vi
Kibernetikus implantátumok,Cấy Ghép Siêu Công Nghệ,vi
Kick Start,Khởi Động Nhanh,vi
Kickstart,Khởi Động Nhanh,vi
"Kicsi, de halálos",Nhỏ Mà Có Võ,vi
Kihívó,Thách Đấu,vi
Kihívó embléma,Ấn Thách Đấu,vi
Kihívó mód,Chế Độ Thách Đấu,vi
Kiirtó,Hủy Diệt,vi
Kimaxolt összeállítás,Đội Hình Tối Ưu,vi
Kincsvadászat,Săn Kho Báu,vi
Kindred,Kindred,vi
Kiralık Katil,Sát Thủ Đánh Thuê,vi
Kis zsákbamacska,Túi Đồ Cỡ Nhỏ,vi
Kişiselleştirme Fırsatı,Lựa Chọn Độc Quyền,vi
Klarer Geist,Thông Thoáng,vi
Klaue des Meuchlers,Móng Vuốt Ám Muội,vi
Kleine Freunde,Những Người Bạn Nhỏ,vi
Kleine Wundertüte,Túi Đồ Cỡ Nhỏ,vi
Kleine gespiegelte Persona,Hiện Thân Phản Chiếu Cỡ Nhỏ,vi
Kleines schwarzes Loch,Hố Đen Tí Hon,vi
Klejnot Rozpadu,Đá Hắc Hóa,vi
Klenot nákazy,Đá Hắc Hóa,vi
Klinge der Unendlichkeit,Vô Cực Kiếm,vi
Klinge des Todes,Kiếm Tử Thần,vi
Klonprogramm,Nhân Bản,vi
Kluftkrabbler,Cua Kỳ Cục,vi
Knallhart,Hào Quang Nhân Vật Chính,vi
Knight's Vow,Lời Thề Hiệp Sĩ,vi
Kniha vlastností,Sách Chọn Ấn,vi
Kognitive Steuer,Thuế Nhận Thức,vi
Kognitive Überladung,Quá Tải Tư Duy,vi
Kognitivní přetížení,Quá Tải Tư Duy,vi
Kognitivní zátěž,Thuế Nhận Thức,vi
Kognitív teher,Thuế Nhận Thức,vi
Kognitív túlterhelés,Quá Tải Tư Duy,vi
Kolejka Duo,Hàng Chờ Đấu Đôi,vi
Koleżcy,Những Người Bạn Nhỏ,vi
Kolosalna Hydra,Rìu Đại Mãng Xà,vi
Kommandant,Chỉ Huy,vi
Kommerzkern,Trung Tâm Thương Mại,vi
Komponentenraub,Phi Vụ Trang Bị,vi
Komutan,Chỉ Huy,vi
Koniec Rozumu,Đao Tím,vi
Konserwator Biomaterii,Bảo Tồn Sinh Chất,vi
Konto Oszczędnościowe,Tài Khoản Tiết Kiệm,vi
Konzervátor biomateriálu,Bảo Tồn Sinh Chất,vi
Kopyalama Süreci,Nhân Bản,vi
Korai tanulságok,Bài Học Sơ Khai,vi
Korbacz Napastnika,Chùy Đoản Côn,vi
Korona Taktyka,Vương Miện Chiến Thuật,vi
Korona Zawsze Będzie Ciążyć,Vương Miện Nặng Trĩu,vi
Koronaőr,Vương Miện Hoàng Gia,vi
Koroze,Ăn Mòn,vi
Korozja,Ăn Mòn,vi
Korozyon,Ăn Mòn,vi
Korrosion,Ăn Mòn,vi
Korrózió,Ăn Mòn,vi
Korszak,Kỷ Nguyên,vi
Koruma Eğitimi,Huấn Luyện Cận Vệ,vi
Korunní stráž,Vương Miện Hoàng Gia,vi
Koruyucunun Müttefiki,Đồng Minh Của Bụt,vi
Kosa Statikka,Dao Điện Statikk,vi
Kosmický restart,Tái Lập Vũ Trụ,vi
Kosmiczny Restart,Tái Lập Vũ Trụ,vi
Kosmischer Neubeginn,Tái Lập Vũ Trụ,vi
Kosmofaza,Hành Tinh,vi
Kostur Archanioła,Quyền Trượng Thiên Thần,vi
Kostur Pustki,Trượng Hư Vô,vi
Kostur Serafina,Trượng Đại Thiên Sứ,vi
Kosturnik,Thợ Rèn Gậy,vi
Kouzelný hod,Xúc Xắc Ma Pháp,vi
Kovácsolj barátot,Chế Tạo Bằng Hữu,vi
Kozmik Başlangıç,Tái Lập Vũ Trụ,vi
Kozmikus újraindítás,Tái Lập Vũ Trụ,vi
Kraken'in Öfkesi,Thịnh Nộ Thủy Quái,vi
Kraken's Fury,Thịnh Nộ Thủy Quái,vi
Krakenův hněv,Thịnh Nộ Thủy Quái,vi
Kraliyet Başlığı,Vương Miện Hoàng Gia,vi
Krev za krev,Huyết Giá,vi
Kriegsbeil des Höllenfeuers,Rìu Hỏa Ngục,vi
Kriegspfad,Đường Ra Trận,vi
Kritický úspěch,Bước Đột Phá,vi
Kritik Başarı,Bước Đột Phá,vi
Kritikus siker,Bước Đột Phá,vi
Kritischer Erfolg,Bước Đột Phá,vi
Krmení plamenů,Nếm Mùi Lửa,vi
Krone des Taktikers,Vương Miện Chiến Thuật,vi
Kronwacht,Vương Miện Hoàng Gia,vi
Kroužková vesta,Giáp Lưới,vi
Krvavá oběť,Huyết Tế,vi
Krvežíznivec,Huyết Kiếm,vi
Krwiopijec,Huyết Kiếm,vi
Krytyczny Sukces,Bước Đột Phá,vi
Księga Cech,Sách Chọn Ấn,vi
Kuchnia Taktyka,Linh Thú Vào Bếp,vi
Kukiełka Cienia,Bóng Phân Thân,vi
Kukla Yağmuru!,Hình Nộm Va Chạm,vi
Kuklaya Dönüştür,Hình Nhân Hóa,vi
Kukła Treningowa,Hình Nhân,vi
Kukły do Testów Wypadkowych,Hình Nộm Va Chạm,vi
Kule,Tòa Tháp,vi
Kusursuzluk Arayışı,Tối Đa Hóa,vi
Kutilův dar,Lễ Vật Tái Chế,vi
Kybernetická linka,Trí Tuệ Siêu Công Nghệ,vi
Kybernetické implantáty,Cấy Ghép Siêu Công Nghệ,vi
Kybernetische Implantate,Cấy Ghép Siêu Công Nghệ,vi
Kybernetische Verbindung,Trí Tuệ Siêu Công Nghệ,vi
Kártyacsomag,Gói Tăng Cường,vi
Kâhin,Tiên Tri,vi
Kék erősítés,Bùa Xanh,vi
Könnyek patakja,Giọt Lệ Bi Ai,vi
Könyörtelen költség,Dòng Tiền Mờ Ám,vi
Kötü Niyetli Kazanç,Dòng Tiền Mờ Ám,vi
Kötü Yazılım Matrisi,Ma Trận Mã Độc,vi
Közös gyakorlás,Hình Nhân Hóa,vi
Küldetés újrakezdése,Tái Khởi Động Nhiệm Vụ,vi
Küçük Benlik Aynası,Hiện Thân Phản Chiếu Cỡ Nhỏ,vi
Kılavuz,Du Mục,vi
Kılavuz Amblemi,Ấn Du Mục,vi
Kılçık,Pháo Xương Cá,vi
Kılıç Fazlalığı,Đam Mê Kiếm,vi
Kılıç İşçisi,Thợ Rèn Kiếm,vi
Kırmızı Güçlendirme,Bùa Đỏ,vi
Kısmen Büyülü Zar,Quay Trúng Thưởng,vi
Kısmi Yükseliş,Bán Thăng Hoa,vi
Kıymetli Metaller,Kho Báu Sắt,vi
Kızartma Tavası,Chảo Vàng,vi
L'Albero dei tratti,Cây Tộc Hệ,vi
L'amour du risque,Nước Đi Liều Lĩnh,vi
L'atteso inaspettato,Kỳ Vọng Bất Ngờ,vi
L'indomabile,Bất Khuất,vi
L'indomptable,Bất Khuất,vi
L'onore del Signore della guerra,Chiến Tướng Khải Hoàn,vi
L'uovo dorato,Rồng Đẻ Trứng Vàng,vi
La Bramasangue,Huyết Kiếm,vi
La Paciencia es una Virtud,Kiên Nhẫn Là Một Đức Tính,vi
La Sanguinaria,Huyết Kiếm,vi
La Torre,Tòa Tháp,vi
La Tour,Tòa Tháp,vi
La cumpărături,Tín Đồ Mua Sắm,vi
La espera merece la pena,Chờ Đợi Xứng Đáng,vi
La fortuna te sonríe,Cảm Thấy May Mắn,vi
La legge della mazza,Ý Chỉ Xích Chùy,vi
La paciencia es una virtud,Kiên Nhẫn Là Một Đức Tính,vi
La pazienza è una virtù,Kiên Nhẫn Là Một Đức Tính,vi
La torre,Tòa Tháp,vi
La trama lo protege,Hào Quang Nhân Vật Chính,vi
La unión hace la fuerza,Lập Đội,vi
Lacrima della dea,Nước Mắt Nữ Thần,vi
Lacrima zeiței,Nước Mắt Nữ Thần,vi
Lacrimi curgătoare,Lệ Lưu Ly,vi
Ladino,Vô Pháp,vi
Ladungstransfer,Chuyển Đổi Năng Lượng,vi
Lama maledetta,Kiếm Cong,vi
Lama mortale,Kiếm Tử Thần,vi
Lame d'infini,Vô Cực Kiếm,vi
Lame enragée de Guinsoo,Cuồng Đao Guinsoo,vi
Lame funeste,Kiếm Tử Thần,vi
Lame maudite,Kiếm Cong,vi
Lame più letali,Kiếm Tử Thần,vi
Lame rotanti,Đao Chớp,vi
Lames tueuses,Kiếm Tử Thần,vi
Lance de Shojin,Ngọn Giáo Shojin,vi
Lancea lui Shojin,Ngọn Giáo Shojin,vi
Lancer de dés,Kỳ Vọng Bất Ngờ,vi
Lancia di Shojin,Ngọn Giáo Shojin,vi
Lanetli Kılıç,Kiếm Cong,vi
Lanetli Taç,Vương Miện Hắc Hóa,vi
Lanterna di Thresh,Lồng Đèn Của Thresh,vi
Lanterna do Thresh,Lồng Đèn Của Thresh,vi
Lanterne de Thresh,Lồng Đèn Của Thresh,vi
Lanza de Shojin,Ngọn Giáo Shojin,vi
Lança de Shojin,Ngọn Giáo Shojin,vi
Largo plazo,Thích Mở Rộng,vi
Larme de la déesse,Nước Mắt Nữ Thần,vi
Larmes à gogo,Lệ Lưu Ly,vi
Last Whisper,Cung Xanh,vi
Lastrapietra del gargoyle,Thú Tượng Thạch Giáp,vi
Latarnia Thresha,Lồng Đèn Của Thresh,vi
Late Game Scaling,Thăng Tiến Cuối Trận,vi
Late Game Specialist,Hướng Đến Hồi Kết,vi
Latent Forge,Lò Rèn Tiềm Ẩn,vi
Latente Schmiede,Lò Rèn Tiềm Ẩn,vi
Le Méga-mecha,Robot,vi
Le dimensioni contano,Kích Cỡ Là Quan Trọng,vi
Le prix du sang,Tiền Ăn Trưa,vi
LeBlanc,LeBlanc,vi
Lebende Schmiede,Chế Tạo Tại Chỗ,vi
Lecciones de Boxeo,Tập Chịu Đòn,vi
Lecsapó buzogány,Chùy Đoản Côn,vi
Leczące Echo,Thanh Âm Chữa Lành,vi
Leczące Kule,Cầu Hồi Phục,vi
Lecții de box,Tập Chịu Đòn,vi
Leerenhandschuh,Găng Hư Không,vi
Leerenstab,Trượng Hư Vô,vi
Legie tří,Quân Đoàn 3 Sao,vi
Legion Trójek,Quân Đoàn 3 Sao,vi
Legion of Threes,Quân Đoàn 3 Sao,vi
Legione dei tre,Quân Đoàn 3 Sao,vi
Legiunea de trei,Quân Đoàn 3 Sao,vi
Legião de Três,Quân Đoàn 3 Sao,vi
Legión de Tres,Quân Đoàn 3 Sao,vi
Legión del tres,Quân Đoàn 3 Sao,vi
Legjobb barátok,Bạn Thân,vi
Legământul cavalerului,Lời Thề Hiệp Sĩ,vi
Legături ratate,Kết Nối Gián Đoạn,vi
Leibwache-Training,Huấn Luyện Cận Vệ,vi
Lekce v boxu,Tập Chịu Đòn,vi
Lekko Magiczny Rzut,Quay Trúng Thưởng,vi
Lekésett csatlakozás,Kết Nối Gián Đoạn,vi
Lelkek ébredése,Thức Tỉnh Linh Hồn,vi
Lendületes kezdés,Khởi Động Nhanh,vi
Lenyúlás,Ăn Trộm,vi
Leona,Leona,vi
Lesser Mirrored Persona,Hiện Thân Phản Chiếu Cỡ Nhỏ,vi
Letzter Atemzug,Cung Xanh,vi
Level Up!,Khuyến Mãi Kinh Nghiệm,vi
Leveleando en solitario,Tôi Thăng Cấp Một Mình,vi
Lezioni di pugilato,Tập Chịu Đòn,vi
Leçons de combat,Bài Học Sơ Khai,vi
Leże Barona,Hang Ổ Baron,vi
Liaison cybernétique,Trí Tuệ Siêu Công Nghệ,vi
Liaison de drone,Kết Nối Drone,vi
Lich Bane,Kiếm Tai Ương,vi
Lich Boğan,Kiếm Tai Ương,vi
Lichtschild-Wappen,Huy Hiệu Lightshield,vi
Lightshield Arması,Huy Hiệu Lightshield,vi
Lightshield Crest,Huy Hiệu Lightshield,vi
Ligne de front,Tập Chịu Đòn,vi
Limiar da Noite,Áo Choàng Bóng Tối,vi
Limite da Razão,Đao Tím,vi
Linceul d'apaisement,Áo Choàng Tĩnh Lặng,vi
Linceul de la congruence,Giáp Vai Nguyệt Thần,vi
Lineup,Tiền Tuyến Vững Chãi,vi
Linie de înaltă tensiune,Sét Cao Thế,vi
Linterna de Thresh,Lồng Đèn Của Thresh,vi
Liquidación,Thanh Lý Toàn Bộ,vi
Lissandra,Lissandra,vi
Listă duo,Hàng Chờ Đấu Đôi,vi
Lithoplastron de gargouille,Thú Tượng Thạch Giáp,vi
Lithoplastron solo,Khiên Đơn Đấu,vi
Litinová pánev,Chảo Vàng,vi
Little Buddies,Những Người Bạn Nhỏ,vi
Living Forge,Chế Tạo Tại Chỗ,vi
Llamada al caos,Triệu Gọi Hỗn Mang,vi
Llamado al Caos,Triệu Gọi Hỗn Mang,vi
Llora Todo lo que Quieras,Giọt Lệ Bi Ai,vi
Locket of the Iron Solari,Dây Chuyền Iron Solari,vi
Longo Prazo,Thích Mở Rộng,vi
Loto Adornado,Khảm Bảo Thạch,vi
Loto enjoyado,Khảm Bảo Thạch,vi
Loto ingioiellato,Khảm Bảo Thạch,vi
Lottatore professionista,Võ Sĩ Giác Đấu,vi
Lotus cu nestemate,Khảm Bảo Thạch,vi
Lotus précieux,Khảm Bảo Thạch,vi
Loupež základních předmětů,Phi Vụ Trang Bị,vi
Lourde est la couronne,Vương Miện Nặng Trĩu,vi
Lov pokladů,Săn Kho Báu,vi
Lovagi eskü,Lời Thề Hiệp Sĩ,vi
Lovcův dráp,Móng Vuốt Ám Muội,vi
Luchador,Đấu Sĩ,vi
Lucidité,Thông Thoáng,vi
Lucky Gloves,Đo Ni Đóng Giày,vi
Luden vihara,Bão Tố Luden,vi
Luden'in Çığlığı,Bão Tố Luden,vi
Luden's Tempest,Bão Tố Luden,vi
Ludenova bouře,Bão Tố Luden,vi
Ludens Sturm,Bão Tố Luden,vi
Luksusowa Subskrypcja,Gói Đăng Ký Hạng Sang,vi
Lulu,Lulu,vi
Lumina stelelor,Chiêm Tinh,vi
Lunch Money,Tiền Ăn Trưa,vi
Lunetist,Bắn Tỉa,vi
Lungimiranza,Nghĩ Về Tương Lai,vi
Lustrzana Osobowość,Hiện Thân Phản Chiếu,vi
Lutador,Đấu Sĩ,vi
Lutador Profissional,Võ Sĩ Giác Đấu,vi
Luvas da Sorte,Đo Ni Đóng Giày,vi
Luvas do Ladrão,Găng Đạo Tặc,vi
Luvas do Pugilista,Găng Đấu Tập,vi
Luvinhas,Găng Đấu Sĩ,vi
Luxury Subscription,Gói Đăng Ký Hạng Sang,vi
Luxus előfizetés,Gói Đăng Ký Hạng Sang,vi
Luxus-Abonnement,Gói Đăng Ký Hạng Sang,vi
Luxusní předplatné,Gói Đăng Ký Hạng Sang,vi
Lábrate un camino,Mở Lối,vi
Lágrima da Deusa,Nước Mắt Nữ Thần,vi
Lágrima de la Diosa,Nước Mắt Nữ Thần,vi
Lágrima de la diosa,Nước Mắt Nữ Thần,vi
Lágrimas Abundantes,Lệ Lưu Ly,vi
Lángoló kohó,Chế Tạo Tại Chỗ,vi
Lâmina Amaldiçoada,Kiếm Cong,vi
Lâmina Mortal,Kiếm Tử Thần,vi
Lâmina da Fúria de Guinsoo,Cuồng Đao Guinsoo,vi
Lâminas Fatais,Kiếm Tử Thần,vi
Légion des trois,Quân Đoàn 3 Sao,vi
Lélek,Siêu Thú,vi
Lélek embléma,Ấn Siêu Thú,vi
Lélekparancsnok,Chỉ Huy Siêu Thú,vi
Léčivá oka,Cầu Hồi Phục,vi
Léčivé ozvěny,Thanh Âm Chữa Lành,vi
Lótus Adornada,Khảm Bảo Thạch,vi
Lüks Aboneliği,Gói Đăng Ký Hạng Sang,vi
M.C. Spada,Kiếm B.F.,vi
Mace's Will,Ý Chỉ Xích Chùy,vi
Maceracının Pazubendi,Giáp Tay Seeker,vi
Machadinha Infernal,Rìu Hỏa Ngục,vi
Maestro Yi,Master Yi,vi
Magasfeszültség,Sét Cao Thế,vi
Magasztos kaland,Cuộc Phiêu Lưu Tôn Quý,vi
Magia Tejida,Ma Thuật Đan Kết,vi
Magia entretejida,Ma Thuật Đan Kết,vi
Magiczny Rzut,Xúc Xắc Ma Pháp,vi
Magie întrepătrunsă,Ma Thuật Đan Kết,vi
Magitechnická puškočepel,Kiếm Súng Hextech,vi
Mailles en or,Kim Long,vi
Main de la justice,Bàn Tay Công Lý,vi
Makeshift Armor,Giáp Tự Chế,vi
Mal Kurtarma,Nhà Máy Tái Chế,vi
Malandro Radiante,Quang Lân Tiểu Yêu,vi
Maldición del Liche,Kiếm Tai Ương,vi
Mali Tytani,Khổng Lồ Hóa,vi
Malicious Monetization,Dòng Tiền Mờ Ám,vi
Malware Matrix,Ma Trận Mã Độc,vi
Malware-Matrix,Ma Trận Mã Độc,vi
Malwarová matice,Ma Trận Mã Độc,vi
Malá dárková taška,Túi Đồ Cỡ Nhỏ,vi
Malí kámoši,Những Người Bạn Nhỏ,vi
Mana magique,Ma Thuật Đan Kết,vi
Manechin de antrenament,Hình Nhân,vi
Manechine animate,Hình Nộm Va Chạm,vi
Manechinizare,Hình Nhân Hóa,vi
Mangual del Guerrero,Chùy Đoản Côn,vi
Mangual del guerrero,Chùy Đoản Côn,vi
Mangual do Guerreiro,Chùy Đoản Côn,vi
Mannequin d'entraînement,Hình Nhân,vi
Mannequinification,Hình Nhân Hóa,vi
Mannequins de choc,Hình Nộm Va Chạm,vi
Mano de la Justicia,Bàn Tay Công Lý,vi
Mano de la justicia,Bàn Tay Công Lý,vi
Mano della giustizia,Bàn Tay Công Lý,vi
Manopla Adornada,Găng Bảo Thạch,vi
Manopla do Vazio,Găng Hư Không,vi
Manteau de Négatron,Áo Choàng Bạc,vi
Manteau de la nuit,Áo Choàng Bóng Tối,vi
Mantello del Sole,Áo Choàng Lửa,vi
Mantello dello stratega,Áo Choàng Chiến Thuật,vi
Mantello di Negatron,Áo Choàng Bạc,vi
Mantenerse unidos,Nhất Thống,vi
Mantenha a Posição,Giữ Vững Hàng Ngũ,vi
Manter a União,Nhất Thống,vi
Mantia tacticianului,Áo Choàng Chiến Thuật,vi
Mantie Negatron,Áo Choàng Bạc,vi
Mantie solară,Áo Choàng Lửa,vi
Manto da Imobilidade,Áo Choàng Tĩnh Lặng,vi
Manto de Quietud,Áo Choàng Tĩnh Lặng,vi
Manto del Ocaso,Giáp Vai Nguyệt Thần,vi
Mantén la Posición,Giữ Vững Hàng Ngũ,vi
Maokai,Maokai,vi
Maratona de Compras,Tín Đồ Mua Sắm,vi
Marauder,Toán Cướp,vi
Marauder Emblem,Ấn Toán Cướp,vi
Maraudeur,Toán Cướp,vi
Marchando un doble,2 Vàng Là Nhất,vi
Mare și amenințătoare,To Lớn & Mạnh Mẽ,vi
Marguereep,Meepsie,vi
Marioneta Sombría,Bóng Phân Thân,vi
Marioneta en las sombras,Bóng Phân Thân,vi
"Marioneta, to jsem já",Hình Nhân Hóa,vi
Marionete das Sombras,Bóng Phân Thân,vi
Marodeur,Toán Cướp,vi
Marodeur-Emblem,Ấn Toán Cướp,vi
Martalóc,Toán Cướp,vi
Martalóc embléma,Ấn Toán Cướp,vi
Maruderzy,Toán Cướp,vi
Master Yi,Master Yi,vi
Masz Mój Łuk,Cây Cung Thần Tốc,vi
Mata-Gigantes,Diệt Khổng Lồ,vi
Matador de Aluguel,Sát Thủ Đánh Thuê,vi
Matrice,Ma Trận Mã Độc,vi
Matrice malware,Ma Trận Mã Độc,vi
Matriz de Malware,Ma Trận Mã Độc,vi
Matriz de malware,Ma Trận Mã Độc,vi
Matryca Wirusa,Ma Trận Mã Độc,vi
Mavi Güçlendirme,Bùa Xanh,vi
Max Build,Đội Hình Tối Ưu,vi
Maximale Ausrüstung,Đội Hình Tối Ưu,vi
May the Fours Be With You,Số 4 Hoàn Hảo,vi
Mazzafrusto dell'Assaltatore,Chùy Đoản Côn,vi
Maître Yi,Master Yi,vi
Maîtrise de l'artisanat,Khéo Tay Hay Làm,vi
Maîtrise de l'épée de Yasuo,Kiếm Thuật Của Yasuo,vi
Mała Torba z Różnościami,Túi Đồ Cỡ Nhỏ,vi
"Małe, Ale Zabójcze",Nhỏ Mà Có Võ,vi
Mech,Máy Móc,vi
Mecha,Máy Móc,vi
Mechanický urychlovač,Động Cơ Tăng Tốc,vi
Mechanikus gyorsító,Động Cơ Tăng Tốc,vi
Mechy,Máy Móc,vi
Medaglione dei Solari di ferro,Dây Chuyền Iron Solari,vi
Medaglione diramante,Dây Chuyền Tự Lực,vi
Medailon stimulace,Dây Chuyền Tự Lực,vi
Medailónek železných Solari,Dây Chuyền Iron Solari,vi
Medalhão Enervante,Dây Chuyền Tự Lực,vi
Medalhão dos Solari de Ferro,Dây Chuyền Iron Solari,vi
Medalion stimulant,Dây Chuyền Tự Lực,vi
Medallón de los Solari,Dây Chuyền Iron Solari,vi
Medallón estimulante,Dây Chuyền Tự Lực,vi
Mediator,Thần Phán,vi
Medyum,Dẫn Truyền,vi
Medyum Modu,Chế Độ Dẫn Truyền,vi
Meeple,Tinh Linh Chuông,vi
Meeple Emblem,Ấn Tinh Linh Chuông,vi
Meeple-Emblem,Ấn Tinh Linh Chuông,vi
Meeplo,Tinh Linh Chuông,vi
Meepsie,Meepsie,vi
Megamecha,Robot,vi
Megamorfosis,Xoay Bài Tự Động,vi
Megrontott vámpírjogar,Huyết Trượng Tha Hóa,vi
Megszálló Zed,Zed Kẻ Xâm Lăng,vi
Megtorlás,Báo Oán,vi
Megváltó,Chuộc Tội,vi
Megéri a várakozást,Chờ Đợi Xứng Đáng,vi
Megújult erő,Ngọn Gió Thứ Hai,vi
Meilleurs amis,Bạn Thân,vi
Mejora Roja,Bùa Đỏ,vi
Mejora azul,Bùa Xanh,vi
Mejora roja,Bùa Đỏ,vi
Mejores Amigos,Bạn Thân,vi
Mejores amiguis,Bạn Thân,vi
Meka,Máy Móc,vi
Mekanik Hızlandırıcı,Động Cơ Tăng Tốc,vi
Melek Asası,Trượng Đại Thiên Sứ,vi
Melhores Amigos,Bạn Thân,vi
Mellékhatások,Phản Ứng Phụ,vi
Mending Echoes,Thanh Âm Chữa Lành,vi
Mente Despejada,Thông Thoáng,vi
Mente Saturada,Bừa Bộn,vi
Mente Vazia,Thông Thoáng,vi
Mente confusa,Bừa Bộn,vi
Mente despejada,Thông Thoáng,vi
Mente lucida,Thông Thoáng,vi
Mente saturada,Bừa Bộn,vi
Menší Zrcadlová osobnost,Hiện Thân Phản Chiếu Cỡ Nhỏ,vi
Mercure,Áo Choàng Thủy Ngân,vi
Mercúrio,Áo Choàng Thủy Ngân,vi
Merită așteptarea,Chờ Đợi Xứng Đáng,vi
Merkezini Bul,Tiền Vệ Trung Tâm,vi
Merodeador,Toán Cướp,vi
Merész húzás,Nước Đi Liều Lĩnh,vi
Mesada,Tiền Ăn Trưa,vi
Messa in moto,Khởi Động Nhanh,vi
Mesterlövész,Bắn Tỉa,vi
Mesterlövész embléma,Ấn Bắn Tỉa,vi
Meu Arco é Seu,Cây Cung Thần Tốc,vi
Meșter de săbii,Thợ Rèn Kiếm,vi
Meșter de toiege,Thợ Rèn Gậy,vi
Mi arco a tu servicio,Cây Cung Thần Tốc,vi
Mici titani,Khổng Lồ Hóa,vi
Mici și letale,Nhỏ Mà Có Võ,vi
Micincik,Meepsie,vi
Micingil,Tinh Linh Chuông,vi
Micingil Amblemi,Ấn Tinh Linh Chuông,vi
Miecz-Pistolet Hextech,Kiếm Súng Hextech,vi
Miecznik,Thợ Rèn Kiếm,vi
Mieczowy Przesyt,Đam Mê Kiếm,vi
Miezul zorilor,Lõi Bình Minh,vi
Migliori amici,Bạn Thân,vi
Migoczące Ostrze,Đao Chớp,vi
Milagre de Soraka,Phép Màu Của Soraka,vi
Milagro de Soraka,Phép Màu Của Soraka,vi
Milio,Milio,vi
Min-Max,Tối Đa Hóa,vi
Min-max,Tối Đa Hóa,vi
Mindent egyre,Đánh Là Trúng,vi
Mini Black Hole,Hố Đen Tí Hon,vi
Mini Buco nero,Hố Đen Tí Hon,vi
Mini Czarna Dziura,Hố Đen Tí Hon,vi
Mini Kara Delik,Hố Đen Tí Hon,vi
Mini Titani,Khổng Lồ Hóa,vi
Mini fekete lyuk,Hố Đen Tí Hon,vi
Mini gaură neagră,Hố Đen Tí Hon,vi
Mini trou noir,Hố Đen Tí Hon,vi
Mini černá díra,Hố Đen Tí Hon,vi
Mini-Tacticien,Khổng Lồ Tí Hon,vi
Miniagujero Negro,Hố Đen Tí Hon,vi
Miniburaco Negro,Hố Đen Tí Hon,vi
Minik Ama Ölümcül,Nhỏ Mà Có Võ,vi
Minik Devler,Khổng Lồ Hóa,vi
Minik Dostlar,Những Người Bạn Nhỏ,vi
Minititanes,Khổng Lồ Hóa,vi
Minititã,Khổng Lồ Tí Hon,vi
Minte aglomerată,Bừa Bộn,vi
Minte limpede,Thông Thoáng,vi
Mip,Tinh Linh Chuông,vi
Mipim,Meepsie,vi
Miplík,Tinh Linh Chuông,vi
Mipo,Tinh Linh Chuông,vi
Mippino,Meepsie,vi
Mipík,Meepsie,vi
Mira Óptica,Kính Khóa Mục Tiêu,vi
Miracle de Soraka,Phép Màu Của Soraka,vi
Miracolo di Soraka,Phép Màu Của Soraka,vi
Miracolul Sorakăi,Phép Màu Của Soraka,vi
Mirrored Persona,Hiện Thân Phản Chiếu,vi
Misfits,Lệch Chuẩn,vi
Misiune în acțiune,Tái Khởi Động Nhiệm Vụ,vi
Miss Fortune,Miss Fortune,vi
Missed Connections,Kết Nối Gián Đoạn,vi
Mistr Yi,Master Yi,vi
Mitones,Găng Đấu Sĩ,vi
Mittens,Găng Đấu Sĩ,vi
Mniejsza Lustrzana Osobowość,Hiện Thân Phản Chiếu Cỡ Nhỏ,vi
Mniejszy Tytan,Khổng Lồ Tí Hon,vi
Mobilidade Crescente,Đẩy Nhanh Tiến Độ,vi
Mobilità aumentata,Đẩy Nhanh Tiến Độ,vi
Mocný mech,Robot,vi
Modalità Convogliatore,Chế Độ Dẫn Truyền,vi
Modalità replicante,Chế Độ Nhân Bản,vi
Modalità sfidante,Chế Độ Thách Đấu,vi
Mode Canalisateur,Chế Độ Dẫn Truyền,vi
Mode Challenger,Chế Độ Thách Đấu,vi
Mode Réplicateur,Chế Độ Nhân Bản,vi
Modo Canalizador,Chế Độ Dẫn Truyền,vi
Modo Conduíte,Chế Độ Dẫn Truyền,vi
Modo Desafiante,Chế Độ Thách Đấu,vi
Modo Replicador,Chế Độ Nhân Bản,vi
Modo Retador,Chế Độ Thách Đấu,vi
Modo conducto,Chế Độ Dẫn Truyền,vi
Modo contienda,Chế Độ Thách Đấu,vi
Modo réplica,Chế Độ Nhân Bản,vi
Modrý buff,Bùa Xanh,vi
Modul de competitor,Chế Độ Thách Đấu,vi
Modul de intermediar,Chế Độ Dẫn Truyền,vi
Modul de replicator,Chế Độ Nhân Bản,vi
Mon arc est vôtre,Cây Cung Thần Tốc,vi
Monetización Maligna,Dòng Tiền Mờ Ám,vi
Monetización malvada,Dòng Tiền Mờ Ám,vi
Monetizare ostilă,Dòng Tiền Mờ Ám,vi
Monetização Maliciosa,Dòng Tiền Mờ Ám,vi
Monetizzazione infida,Dòng Tiền Mờ Ám,vi
Money Hungry,Cơn Khát Vàng,vi
Money Monsoon,Bão Vàng,vi
Monsoni sonanti,Bão Vàng,vi
Monte um Amigo,Tự Lập Đội,vi
Monzón Millonario,Bão Vàng,vi
Monzón de oro,Bão Vàng,vi
Monção Monetária,Bão Vàng,vi
Monétisation malveillante,Dòng Tiền Mờ Ám,vi
Mordekaiser,Mordekaiser,vi
Morellonomicon,Quỷ Thư Morello,vi
Morellonomicón,Quỷ Thư Morello,vi
Morellonomikon,Quỷ Thư Morello,vi
Morgana,Morgana,vi
Mortaja de la quietud,Giáp Vai Nguyệt Thần,vi
Mosse rischiose,Nước Đi Liều Lĩnh,vi
Moufles,Găng Đấu Sĩ,vi
Movimentos Arriscados,Nước Đi Liều Lĩnh,vi
Mroczna Dama,Ác Nữ,vi
Mroczne Gwiazdy,Hắc Tinh,vi
Mudando de Área,Phân Nhánh,vi
Muffole,Găng Đấu Sĩ,vi
Muhafızın Adağı,Lời Thề Hộ Vệ,vi
Muhteşem Meka,Robot,vi
Muson de bani,Bão Vàng,vi
Mutări riscante,Nước Đi Liều Lĩnh,vi
Muñeco de Entrenamiento,Hình Nhân,vi
Muñecos de Prueba para Choques,Hình Nộm Va Chạm,vi
Mučedníkova ctnost,Quyền Trượng Thánh Quang,vi
Myślenie Przyszłościowe,Nghĩ Về Tương Lai,vi
Mártírerény,Quyền Trượng Thánh Quang,vi
Másolás,Nhân Bản,vi
Másoló,Nhân Bản,vi
Másoló mód,Chế Độ Nhân Bản,vi
Máš můj luk,Cây Cung Thần Tốc,vi
Mâna justiției,Bàn Tay Công Lý,vi
Mão da Justiça,Bàn Tay Công Lý,vi
Médaillon d'excitation,Dây Chuyền Tự Lực,vi
Médaillon de l'Iron Solari,Dây Chuyền Iron Solari,vi
Mételyékkő,Đá Hắc Hóa,vi
Mínimo - Máximo,Tối Đa Hóa,vi
Mínimo/Máximo,Tối Đa Hóa,vi
Mírně magický hod,Quay Trúng Thưởng,vi
Mögen die Vier mit dir sein,Số 4 Hoàn Hảo,vi
Mücevherli Eldiven,Găng Bảo Thạch,vi
Mücevherli Nilüfer,Khảm Bảo Thạch,vi
Müdafi,Can Trường,vi
Müdafi Amblemi,Ấn Can Trường,vi
Mănușa Vidului,Găng Hư Không,vi
Mănușa cu nestemate,Găng Bảo Thạch,vi
Mănuși de antrenament,Găng Đấu Tập,vi
Mănuși norocoase,Đo Ni Đóng Giày,vi
Mănuși strașnice,Găng Đấu Sĩ,vi
Mănușile tâlharului,Găng Đạo Tặc,vi
Mărimea contează,Kích Cỡ Là Quan Trọng,vi
N.O.V.A,N.O.V.A.,vi
N.O.V.A.,N.O.V.A.,vi
N.O.V.A. Amblemi,Ấn N.O.V.A.,vi
N.O.V.A. Emblem,Ấn N.O.V.A.,vi
N.O.V.A. embléma,Ấn N.O.V.A.,vi
N.O.V.A. 상징,Ấn N.O.V.A.,vi
N.O.V.A.-Emblem,Ấn N.O.V.A.,vi
N.O.V.A.の紋章,Ấn N.O.V.A.,vi
N.O.V.A.徽章,Ấn N.O.V.A.,vi
NO SCOUT NO PIVOT,NHẮM MẮT CHƠI BỪA,vi
Na velikosti záleží,Kích Cỡ Là Quan Trọng,vi
Nach dem Himmel greifen,Vươn Tới Tinh Tú,vi
Nada Się,Được Này Mất Kia,vi
Nagy zsákbamacska,Túi Đồ Cỡ Đại,vi
Nagy ölelés I.,Ôm Tập Thể,vi
Najdi své těžiště,Tiền Vệ Trung Tâm,vi
Najeźdźca Zed,Zed Kẻ Xâm Lăng,vi
Najlepsi Przyjaciele,Bạn Thân,vi
Nami,Nami,vi
Naptűz köpeny,Áo Choàng Lửa,vi
Naptűz tábla,Phóng Hỏa,vi
Naramiennik Poszukiwacza,Giáp Tay Seeker,vi
Narozeninové setkání,Sinh Nhật Đoàn Tụ,vi
Narratív védelem,Hào Quang Nhân Vật Chính,vi
Narušitel Zed,Zed Kẻ Xâm Lăng,vi
Nashor foga,Nanh Nashor,vi
Nashor's Tooth,Nanh Nashor,vi
Nashor'un Dişi,Nanh Nashor,vi
Nashors Zahn,Nanh Nashor,vi
Nashorův tesák,Nanh Nashor,vi
Nasus,Nasus,vi
Naszyjnik Żelaznych Solari,Dây Chuyền Iron Solari,vi
Nawałnica Luden,Bão Tố Luden,vi
Ne Pahasına?,Cái Giá Phải Trả,vi
Nebenwirkungen,Phản Ứng Phụ,vi
Needlessly Large Rod,Gậy Quá Khổ,vi
Negatron Cloak,Áo Choàng Bạc,vi
Negatron Pelerini,Áo Choàng Bạc,vi
Negatron palást,Áo Choàng Bạc,vi
Negatron-Mantel,Áo Choàng Bạc,vi
Negatronový plášť,Áo Choàng Bạc,vi
Nehéz a korona,Vương Miện Nặng Trĩu,vi
Nejlepší přátelé,Bạn Thân,vi
Nejtitěrnější titán,Khổng Lồ Tí Hon,vi
Nekonečné zoufalství,Áo Choàng Diệt Vong,vi
Nenasytnost,Cơn Khát Vàng,vi
Neodvolatelná volba,Chỉ Một Con Đường,vi
Neopotřebovaný,Tối Tân,vi
Neue Stufe!,Khuyến Mãi Kinh Nghiệm,vi
Neuer Rekrut,Tuyển Nhân Sự,vi
Nevybíravý zabiják,Sát Thủ Khát Máu,vi
New Recruit,Tuyển Nhân Sự,vi
Nezdolný,Kẻ Sống Sót,vi
Nezdolný,Bất Khuất,vi
Nezlomné srdce,Trái Tim Kiên Định,vi
Neînduplecare,Bất Khuất,vi
Nicht nachlassen,Giữ Vững Hàng Ngũ,vi
Niebieskie Wzmocnienie,Bùa Xanh,vi
Niech Czwórki Będą z Tobą,Số 4 Hoàn Hảo,vi
Nieprzerwane Przywołanie,Triệu Hồi Bất Tận,vi
Nieskończona Rozpacz,Áo Choàng Diệt Vong,vi
Niezłomne Serce,Trái Tim Kiên Định,vi
Niezłomność,Bất Khuất,vi
Niveau supérieur !,Khuyến Mãi Kinh Nghiệm,vi
Niveles en solitario,Tôi Thăng Cấp Một Mình,vi
Nivelul următor!,Khuyến Mãi Kinh Nghiệm,vi
Ničitel času,Thời Không,vi
Nişancı Yayı,Cung Gỗ,vi
No nos Separamos,Kề Vai Sát Cánh,vi
Non proprio inutile,Được Này Mất Kia,vi
Nos mantenemos unidos,Kề Vai Sát Cánh,vi
Notfallbögen,Cung Dự Phòng,vi
Nouveau départ,Tái Khởi Động Nhiệm Vụ,vi
Nouvelle recrue,Tuyển Nhân Sự,vi
Nouzová,Đao Tím,vi
Novo Nível!,Khuyến Mãi Kinh Nghiệm,vi
Novo Recruta,Tuyển Nhân Sự,vi
Novo de Fábrica,Tối Tân,vi
Nová úroveň!,Khuyến Mãi Kinh Nghiệm,vi
Nový rekrut,Tuyển Nhân Sự,vi
Nowy Rekrut,Tuyển Nhân Sự,vi
Nucleo dell'alba,Lõi Bình Minh,vi
Nuevecito,Tối Tân,vi
Nuevo Recluta,Tuyển Nhân Sự,vi
Nuevo de Fábrica,Tối Tân,vi
Nuevo recluta,Tuyển Nhân Sự,vi
Nunu & Willump,Nunu & Willump,vi
Nunu a Willump,Nunu & Willump,vi
Nunu e Willump,Nunu & Willump,vi
Nunu et Willump,Nunu & Willump,vi
Nunu i Willump,Nunu & Willump,vi
Nunu ve Willump,Nunu & Willump,vi
Nunu y Willump,Nunu & Willump,vi
Nunu és Willump,Nunu & Willump,vi
Nunu și Willump,Nunu & Willump,vi
Nuova recluta,Tuyển Nhân Sự,vi
Nuovo di zecca,Tối Tân,vi
NÃO PIVOTO,NHẮM MẮT CHƠI BỪA,vi
NÉ ESPLORATORE NÉ STRATEGA,NHẮM MẮT CHƠI BỪA,vi
Nájemný zabiják,Sát Thủ Đánh Thuê,vi
Nákupní horečka,Tín Đồ Mua Sắm,vi
Nálož atributů!,Cộng Mệt Nghỉ!,vi
Nástup,Tiền Tuyến Vững Chãi,vi
Négységben az erő,Tứ Phương Tiếp Viện,vi
Núcleo Comercial,Trung Tâm Thương Mại,vi
Núcleo comercial,Trung Tâm Thương Mại,vi
Núcleo de Negócios,Trung Tâm Thương Mại,vi
Născut înțelept,Đặc Quyền Phú Gia,vi
O Big Bang,Siêu Vũ Trụ,vi
O Ovo Dourado,Rồng Đẻ Trứng Vàng,vi
O aventură triumfătoare,Cuộc Phiêu Lưu Tôn Quý,vi
Obchodní sektor,Khu Giao Dịch,vi
Obiectele Pandorei,Trang Bị Pandora,vi
Objetivización de práctica,Hình Nhân Hóa,vi
Objetivo de práctica,Hình Nhân,vi
Objetos de Pandora,Trang Bị Pandora,vi
Objets blindés,Món Quà Ngọt Ngào,vi
Objets de Pandore,Trang Bị Pandora,vi
Oblicze Ducha,Giáp Tâm Linh,vi
Obracečka,Siêu Xẻng,vi
Obrońca Korony,Vương Miện Hoàng Gia,vi
Obrońcy,Tiên Phong,vi
Obrův opasek,Đai Khổng Lồ,vi
Obserwatorzy Gwiazd,Chiêm Tinh,vi
Obsesia lui Varus,Ám Ảnh Của Varus,vi
Obsesión de Varus,Ám Ảnh Của Varus,vi
Obsesja Varusa,Ám Ảnh Của Varus,vi
Obsession de Varus,Ám Ảnh Của Varus,vi
Obsessão de Varus,Ám Ảnh Của Varus,vi
Obstinación,NHẮM MẮT CHƠI BỪA,vi
Obstination,NHẮM MẮT CHƠI BỪA,vi
Obumarły Relikt,Di Vật Tàn Úa,vi
Obyczajówka,Chuyện Đời Thường,vi
Ocalały,Kẻ Sống Sót,vi
Ocağı Harla,Lò Rèn Tiềm Ẩn,vi
Ochrana nekonečna,Bảo Hộ Vô Tận,vi
Ochranný val,Chiến Lũy,vi
Ochrona Nieskończoności,Bảo Hộ Vô Tận,vi
Ochráncův slib,Lời Thề Hộ Vệ,vi
Ociosidade,AFK,vi
Oczekiwane Nieoczekiwanie,Kỳ Vọng Bất Ngờ,vi
Océan de larmes,Giọt Lệ Bi Ai,vi
Odaklı Ateş,Tập Trung Hỏa Lực,vi
Odkupiciel,Chuộc Tội,vi
Odkupienie,Báo Oán,vi
Odnajdź Równowagę,Tiền Vệ Trung Tâm,vi
Odolná dvojka,Cặp Đôi Siêu Cứng,vi
Odpadlík,Vô Pháp,vi
Odplata,Báo Oán,vi
Odražení ode dna,Cố Gắng Lật Kèo,vi
Odrzutki,Lệch Chuẩn,vi
Odstřelovač,Bắn Tỉa,vi
Odświeżanie na Zapas,Xúc Xắc Vô Tận,vi
Oferenda de Sangue,Huyết Tế,vi
Offrande sanguinaire,Huyết Tế,vi
Ofiara z Krwi,Huyết Tế,vi
Ofrandă de sânge,Huyết Tế,vi
Ofrenda de Sangre,Huyết Tế,vi
Ofrenda de sangre,Huyết Tế,vi
Oggetti di Pandora,Trang Bị Pandora,vi
Ognista Armata,Đại Bác Liên Thanh,vi
Ohnivý výprodej,Thanh Lý Toàn Bộ,vi
Okos költekezés,Tiêu Dùng Thông Minh,vi
On a Roll,Trên Đà Phát Triển,vi
Onda Espacial,Hành Tinh,vi
Onda espacial,Hành Tinh,vi
"One Buff, Two Buff","Một Bùa, Hai Bùa",vi
One Two Three,Một Hai Ba,vi
"One, Two, Five!","Một, Hai, Năm!",vi
Onoarea războinicului,Chiến Tướng Khải Hoàn,vi
Opatrovníkův spojenec,Đồng Minh Của Bụt,vi
Oprýskaná relikvie,Di Vật Tàn Úa,vi
Optică de fixare a țintei,Kính Khóa Mục Tiêu,vi
Optimisation optimisée,Nâng Tầm Uy Lực,vi
Optique de verrouillage,Kính Khóa Mục Tiêu,vi
Optyka Namierzająca,Kính Khóa Mục Tiêu,vi
Optymalnie,Tối Đa Hóa,vi
Opóźniona Kuźnia,Lò Rèn Tiềm Ẩn,vi
Oracle,Tiên Tri,vi
Oracol,Tiên Tri,vi
Oracolo,Tiên Tri,vi
Orakel,Tiên Tri,vi
Orbes Curativos,Cầu Hồi Phục,vi
Orbes curativos,Cầu Hồi Phục,vi
Orbes de curación,Cầu Hồi Phục,vi
Orbes de soins,Cầu Hồi Phục,vi
Ornn,Ornn,vi
Oráculo,Tiên Tri,vi
Osiłki,Đấu Sĩ,vi
Ossessione di Varus,Ám Ảnh Của Varus,vi
Ostatni Szept,Cung Xanh,vi
Ostnatá vesta,Áo Choàng Gai,vi
Ostoja,Chiến Lũy,vi
Ostrze Gniewu Guinsoo,Cuồng Đao Guinsoo,vi
Ostrze Nieskończoności,Vô Cực Kiếm,vi
Ostrze Nocy,Áo Choàng Bóng Tối,vi
Ostrze Śmierci,Kiếm Tử Thần,vi
Ostří nekonečna,Vô Cực Kiếm,vi
Otimização,Tối Đa Hóa,vi
Otisk duše,Giáp Tâm Linh,vi
Ottica a puntamento assistito,Kính Khóa Mục Tiêu,vi
Oul de aur,Rồng Đẻ Trứng Vàng,vi
Očekávaná neočekávanost,Kỳ Vọng Bất Ngờ,vi
Oštěp Šódžinu,Ngọn Giáo Shojin,vi
Oțel aurit,Thép Mạ Vàng,vi
P'tits titans,Khổng Lồ Hóa,vi
Pacchetto di aiuti,Gói Bảo Hộ,vi
Pachet de amplificare,Gói Tăng Cường,vi
Pachet de îngrijire,Gói Bảo Hộ,vi
Paciencia de Ekko,Kiên Nhẫn Của Ekko,vi
Paciência de Ekko,Kiên Nhẫn Của Ekko,vi
Pacote de Reforço,Gói Tăng Cường,vi
Pacote de Suprimentos,Gói Bảo Hộ,vi
Pact etern,Khế Ước Vĩnh Hằng,vi
Pacte éternel,Khế Ước Vĩnh Hằng,vi
Pacto Eterno,Khế Ước Vĩnh Hằng,vi
Pacto eterno,Khế Ước Vĩnh Hằng,vi
Paczka Wsparcia,Gói Bảo Hộ,vi
Padella,Chảo Vàng,vi
Paff!,Boong!,vi
Palier 1,Kết Nối Gián Đoạn,vi
Palčáky,Găng Đấu Sĩ,vi
Panca di Pandora,Hàng Chờ Pandora,vi
Panda de ladrones,Băng Trộm,vi
Panda de ladrones II,Băng Trộm II,vi
Pandora kispadja,Hàng Chờ Pandora,vi
Pandora tárgyai II.,Trang Bị Pandora,vi
Pandora'nın Eşyaları,Trang Bị Pandora,vi
Pandora'nın Yedekleri,Hàng Chờ Pandora,vi
Pandora's Bench,Hàng Chờ Pandora,vi
Pandora's Items,Trang Bị Pandora,vi
Pandoras Bank,Hàng Chờ Pandora,vi
Pandoras Gegenstände,Trang Bị Pandora,vi
Pandořina střídačka,Hàng Chờ Pandora,vi
Pandořiny předměty,Trang Bị Pandora,vi
Pantheon,Pantheon,vi
Panzerwalküre,Xạ Thần,vi
Paquete de Cuidados,Gói Bảo Hộ,vi
Paquete de Mejora,Gói Tăng Cường,vi
Paquete de mejora,Gói Tăng Cường,vi
Par ici l'XP,Đặc Quyền Phú Gia,vi
Parabraccia del cercatore,Giáp Tay Seeker,vi
Paragöz,Cơn Khát Vàng,vi
Parancsnok,Chỉ Huy,vi
Parceria,Lập Đội,vi
Pariu de aur,Ván Cược Hoàng Kim,vi
Pariu pe viitor,Thích Mở Rộng,vi
Pariul lui Urf,Ván Cược URF,vi
Parlakpul Özü,Tinh Túy Kim Long,vi
Partage emblématique,Kề Vai Sát Cánh,vi
Parti Patisi,Tiệc Tùng,vi
Partial Ascension,Bán Thăng Hoa,vi
Partiállat,Tiệc Tùng,vi
Party Animal,Tiệc Tùng,vi
Partytiger,Tiệc Tùng,vi
Pas Giganta,Đai Khổng Lồ,vi
Pas le choix,Cái Giá Phải Trả,vi
Pasowy Przesyt,Đam Mê Đai Lưng,vi
Pasterze,Du Mục,vi
Pastor,Du Mục,vi
Pastore,Du Mục,vi
Pastýř,Du Mục,vi
Patelnia,Chảo Vàng,vi
Patience,Aura Farming,vi
Patience d'Ekko,Kiên Nhẫn Của Ekko,vi
Patience is a Virtue,Kiên Nhẫn Là Một Đức Tính,vi
Patient Study,Kiên Nhẫn Học Tập,vi
Patientenstudie,Kiên Nhẫn Học Tập,vi
Patru de partea ta,Số 4 Hoàn Hảo,vi
Patto eterno,Khế Ước Vĩnh Hằng,vi
Pavois,Chiến Lũy,vi
Pazienza di Ekko,Kiên Nhẫn Của Ekko,vi
Pařmen,Tiệc Tùng,vi
Pe val,Trên Đà Phát Triển,vi
Pedeapsă,Báo Oán,vi
Pegno di Sterak,Móng Vuốt Sterak,vi
Pegno di sangue,Huyết Giá,vi
Peleador,Đấu Sĩ,vi
Peleryna Taktyka,Áo Choàng Chiến Thuật,vi
Pensamiento progresista,Nghĩ Về Tương Lai,vi
Pensando no Futuro,Nghĩ Về Tương Lai,vi
Pensar a Futuro,Nghĩ Về Tương Lai,vi
Peníze na oběd,Tiền Ăn Trưa,vi
"Pequenas, Mas Letais",Nhỏ Mà Có Võ,vi
Pequenos Titãs,Khổng Lồ Hóa,vi
Pequeño Titán,Khổng Lồ Tí Hon,vi
Pequeño pero mortífero,Nhỏ Mà Có Võ,vi
Pequeños pero matones,Nhỏ Mà Có Võ,vi
Perdición del liche,Kiếm Tai Ương,vi
Perdite calcolate,Thua Có Tính Toán,vi
Perdição de Lich,Kiếm Tai Ương,vi
Pergamino ligeramente mágico,Quay Trúng Thưởng,vi
Pergamino mágico,Xúc Xắc Ma Pháp,vi
Persona Espelhada,Hiện Thân Phản Chiếu,vi
Persona Espelhada Inferior,Hiện Thân Phản Chiếu Cỡ Nhỏ,vi
Persona en Espejo,Hiện Thân Phản Chiếu,vi
Persona en Espejo menor,Hiện Thân Phản Chiếu Cỡ Nhỏ,vi
Personalitate în oglindă,Hiện Thân Phản Chiếu,vi
Personalitate în oglindă minoră,Hiện Thân Phản Chiếu Cỡ Nhỏ,vi
Personalità speculare,Hiện Thân Phản Chiếu,vi
Personalità speculare minore,Hiện Thân Phản Chiếu Cỡ Nhỏ,vi
Personalización exclusiva,Lựa Chọn Độc Quyền,vi
Personalizare exclusivă,Lựa Chọn Độc Quyền,vi
Personalização Exclusiva,Lựa Chọn Độc Quyền,vi
Personalizzazione esclusiva,Lựa Chọn Độc Quyền,vi
Personnalité miroir,Hiện Thân Phản Chiếu,vi
Personnalité miroir mineure,Hiện Thân Phản Chiếu Cỡ Nhỏ,vi
Perszónatükör,Hiện Thân Phản Chiếu,vi
Pesada es la Corona,Vương Miện Nặng Trĩu,vi
Pesada é a Coroa,Vương Miện Nặng Trĩu,vi
Pesante è la corona,Vương Miện Nặng Trĩu,vi
Pescando cumplidos,Aura Farming,vi
Pesimist,U Sầu,vi
Pestjuwel,Đá Hắc Hóa,vi
Pestrá sebranka,Lệch Chuẩn,vi
Petit sac de butin,Túi Đồ Cỡ Nhỏ,vi
Petits mais costauds,Nhỏ Mà Có Võ,vi
Petrecăreț,Tiệc Tùng,vi
Pevná linie,Giữ Vững Hàng Ngũ,vi
Pevné opasky,Đam Mê Đai Lưng,vi
Pečlivé ladění,Tối Đa Hóa,vi
Pfannenwender,Siêu Xẻng,vi
"Piccole, ma letali",Nhỏ Mà Có Võ,vi
Piccoli alleati,Những Người Bạn Nhỏ,vi
Piekielny Toporek,Rìu Hỏa Ngục,vi
Pieniążki na Obiad,Tiền Ăn Trưa,vi
Pierdere calculată,Thua Có Tính Toán,vi
Pile ou face,Ván Cược Hoàng Kim,vi
Pilfer,Ăn Trộm,vi
Pillín radiante,Quang Lân Tiểu Yêu,vi
Pioggia di statistiche!,Cộng Mệt Nghỉ!,vi
Pistola Laminar Hextec,Kiếm Súng Hextech,vi
Pistola a lame hextech,Kiếm Súng Hextech,vi
Pistolame Hextech,Kiếm Súng Hextech,vi
Pisztolyistennő,Xạ Thần,vi
Placa Gargolítica,Thú Tượng Thạch Giáp,vi
Placa Solo,Khiên Đơn Đấu,vi
Plan de viitor,Nghĩ Về Tương Lai,vi
Plancia del Sole,Phóng Hỏa,vi
Planlı Mağlubiyet,Thua Có Tính Toán,vi
Plano de Línea Trasera,Sơ Đồ Tuyến Sau,vi
Plano de retaguardia,Sơ Đồ Tuyến Sau,vi
Plateau solaire,Phóng Hỏa,vi
Platoșa garguiului,Thú Tượng Thạch Giáp,vi
Platoșă unică,Khiên Đơn Đấu,vi
Plecat de la tastatură,AFK,vi
Plemienna Zbroja,Giáp Máu Warmog,vi
Plocha slunečního žáru,Phóng Hỏa,vi
Plot Armor,Hào Quang Nhân Vật Chính,vi
Pluie d'argent,Bão Vàng,vi
Plán pro zadní řadu,Sơ Đồ Tuyến Sau,vi
Plášť slunečního žáru,Áo Choàng Lửa,vi
Po Prostu Traf,Đánh Là Trúng,vi
Pocalul puterii,Cốc Sức Mạnh,vi
Podatek Poznawczy,Thuế Nhận Thức,vi
Podejrzany Płaszcz,Áo Choàng Mờ Ám,vi
Poder Aprimorado,Nâng Tầm Uy Lực,vi
Poder Mejorado,Nâng Tầm Uy Lực,vi
Poder mejorado,Nâng Tầm Uy Lực,vi
Poderoso Mech,Robot,vi
Podezřelý pršiplášť,Áo Choàng Mờ Ám,vi
Podpůrný implantát,Cảm Quan Cấy Ghép,vi
Podróżnicy,Viễn Chinh,vi
Podstawy Boksu,Tập Chịu Đòn,vi
Podsycenie Płomieni,Nếm Mùi Lửa,vi
Podwójna Wytrzymałość,Cặp Đôi Siêu Cứng,vi
Podziel Się Uwagą Yasuo,Hưởng Ké Hào Quang Yasuo,vi
Pofuduk Eldiven,Găng Đấu Sĩ,vi
Pogromca Olbrzymów,Diệt Khổng Lồ,vi
Pohodový život,Chuyện Đời Thường,vi
Pohár moci,Cốc Sức Mạnh,vi
Poignard de Statikk,Dao Điện Statikk,vi
Poiscaille,Pháo Xương Cá,vi
Pojemnik na Złom,Nhà Máy Tái Chế,vi
Pokoli csatabárd,Rìu Hỏa Ngục,vi
Pokročilá půjčka,Vay Tạm Ứng,vi
Polovodič,Chất Bán Dẫn,vi
Polowanie na Skarb,Săn Kho Báu,vi
Poppy,Poppy,vi
Porcelanowe Działo,Lấy Công Bù Thủ,vi
Pornire rapidă,Khởi Động Nhanh,vi
Porque yo lo valgo,Được Này Mất Kia,vi
Portable Forge,Lò Rèn Thần Thoại,vi
Portail de Zz'Rot,Thông Đạo Zz'rot,vi
Portal Zz'Rot,Thông Đạo Zz'rot,vi
Portal Zz'rot,Thông Đạo Zz'rot,vi
Portal de Zz'Rot,Thông Đạo Zz'rot,vi
Portale Zz'Rot,Thông Đạo Zz'rot,vi
Portál Zz'Rotu,Thông Đạo Zz'rot,vi
Posición defensiva,Giữ Vững Hàng Ngũ,vi
Posilovací balíček,Gói Tăng Cường,vi
Poslední zašeptání,Cung Xanh,vi
Postav si kámoše,Tự Lập Đội,vi
Posępny Herold Zeke'a,Cờ Lệnh Zeke U Ám,vi
Potere dell'Impianto,Nâng Tầm Uy Lực,vi
Potok slz,Giọt Lệ Bi Ai,vi
Potężny Mech,Robot,vi
Poutník,Viễn Chinh,vi
Povara coroanei,Vương Miện Nặng Trĩu,vi
Povestea revenirii,Cố Gắng Lật Kèo,vi
Pozlacená ocel,Thép Mạ Vàng,vi
Poznawcze Przeciążenie,Quá Tải Tư Duy,vi
Poznaș radiant,Quang Lân Tiểu Yêu,vi
Pozłacana Stal,Thép Mạ Vàng,vi
Poêle à frire,Chảo Vàng,vi
Požehnaný bohy,Thần Ban Phước,vi
Prapůvodní,Tộc Thượng Cổ,vi
Precio Sangriento,Huyết Giá,vi
Precio sangriento,Huyết Giá,vi
Precisión infalible,Kính Nhắm Ma Pháp,vi
Predone,Toán Cướp,vi
Preiskämpfer,Võ Sĩ Giác Đấu,vi
Première ligne,Tiền Tuyến Vững Chãi,vi
Presente de Aniversário,Quà Sinh Nhật,vi
Preservador de Biomateria,Bảo Tồn Sinh Chất,vi
Preservador de Biomatéria,Bảo Tồn Sinh Chất,vi
Preservador de biomateria,Bảo Tồn Sinh Chất,vi
Pretendenci,Thách Đấu,vi
Prevalere,Toàn Thắng,vi
Prezent Urodzinowy,Quà Sinh Nhật,vi
Preço em Sangue,Huyết Giá,vi
Prețul sângelui,Huyết Giá,vi
Prieteni micuți,Những Người Bạn Nhỏ,vi
Primeras Lecciones,Bài Học Sơ Khai,vi
Primi insegnamenti,Bài Học Sơ Khai,vi
Primordia'lı,Tộc Thượng Cổ,vi
Primordia'lı Amblemi,Ấn Tộc Thượng Cổ,vi
Primordiai,Tộc Thượng Cổ,vi
Primordiai embléma,Ấn Tộc Thượng Cổ,vi
Primordian,Tộc Thượng Cổ,vi
Primordian Emblem,Ấn Tộc Thượng Cổ,vi
Primordianer,Tộc Thượng Cổ,vi
Primordianer-Emblem,Ấn Tộc Thượng Cổ,vi
Primordianie,Tộc Thượng Cổ,vi
Primordiano,Tộc Thượng Cổ,vi
Primordien,Tộc Thượng Cổ,vi
Prismatic Ticket,Vé Kim Cương,vi
Prismatisches Ticket,Vé Kim Cương,vi
Prizefighter,Võ Sĩ Giác Đấu,vi
Prizmatik Bilet,Vé Kim Cương,vi
Proaspăt fabricat,Tối Tân,vi
Probuzení duše,Thức Tỉnh Linh Hồn,vi
Progresión en el juego tardío,Thăng Tiến Cuối Trận,vi
Progresión final,Thăng Tiến Cuối Trận,vi
Projeto da Retaguarda,Sơ Đồ Tuyến Sau,vi
Prokletá koruna,Vương Miện Hắc Hóa,vi
Prokleté ostří,Kiếm Cong,vi
Promesa de caballero,Lời Thề Hiệp Sĩ,vi
Promesa del Caballero,Lời Thề Hiệp Sĩ,vi
Promesa del protector,Lời Thề Hộ Vệ,vi
Promoção de Cintos,Đam Mê Đai Lưng,vi
Promoção de Espadas,Đam Mê Kiếm,vi
Promoção de Varinhas,Đam Mê Gậy,vi
Promyšlená prohra,Thua Có Tính Toán,vi
Prosekání cesty,Mở Lối,vi
Prostředník,Dẫn Truyền,vi
Protagonista Nigdy Nie Umiera,Hào Quang Nhân Vật Chính,vi
Protección del Infinito,Bảo Hộ Vô Tận,vi
Protección en solitario,Khiên Đơn Đấu,vi
Protección infinita,Bảo Hộ Vô Tận,vi
Protection infinie,Bảo Hộ Vô Tận,vi
Protector pétreo de gárgola,Thú Tượng Thạch Giáp,vi
Protector's Vow,Lời Thề Hộ Vệ,vi
Protecția infinitului,Bảo Hộ Vô Tận,vi
Protecție universală,Hào Quang Nhân Vật Chính,vi
Protezione di trama,Hào Quang Nhân Vật Chính,vi
Protezione infinita,Bảo Hộ Vô Tận,vi
Proteção Imutável,Giáp Vai Nguyệt Thần,vi
Proteção do Infinito,Bảo Hộ Vô Tận,vi
Protège-bras du savant,Giáp Tay Seeker,vi
Provisiones,Gói Bảo Hộ,vi
Provizorní zbroj,Giáp Tự Chế,vi
Prowler's Claw,Móng Vuốt Ám Muội,vi
Prozíravost,Nghĩ Về Tương Lai,vi
Pryzmatyczny Bilet,Vé Kim Cương,vi
Przebudzenie Duszy,Thức Tỉnh Linh Hồn,vi
Przedmioty Pandory,Trang Bị Pandora,vi
Przekaźnik,Dẫn Truyền,vi
Przeklęta Korona,Vương Miện Hắc Hóa,vi
Przeklęte Ostrze,Kiếm Cong,vi
Przeniesienie Ładunku,Chuyển Đổi Năng Lượng,vi
Przenośna Kuźnia,Lò Rèn Thần Thoại,vi
Przodownicy Składu,Tiền Tuyến Vững Chãi,vi
Przysięga Rycerska,Lời Thề Hiệp Sĩ,vi
Préstamo Anticipado,Vay Tạm Ứng,vi
Préstamo avanzado,Vay Tạm Ứng,vi
Prêt anticipé,Vay Tạm Ứng,vi
Prędkość Meepa,Meep Cực Tốc,vi
Psionic,Siêu Linh,vi
Psionic Emblem,Ấn Siêu Linh,vi
Psionico,Siêu Linh,vi
Psioniczni,Siêu Linh,vi
Psionik,Siêu Linh,vi
Psionik Amblemi,Ấn Siêu Linh,vi
Psionique,Siêu Linh,vi
Psionisch,Siêu Linh,vi
Psionisch-Emblem,Ấn Siêu Linh,vi
Psiónico,Siêu Linh,vi
Psiônico,Siêu Linh,vi
Pszionikus,Siêu Linh,vi
Pszionikus embléma,Ấn Siêu Linh,vi
Puchar Potęgi,Cốc Sức Mạnh,vi
Pugnale di Statikk,Dao Điện Statikk,vi
Puissance 4,Tứ Phương Tiếp Viện,vi
Pulsar sombre,Hắc Tinh,vi
Punguța lui Urf,Túi Đồ Urf,vi
Punguță cu obiecte surpriză,Tiếp Tế Trang Bị,vi
Punguță eroică,Túi Đồ Siêu Hùng,vi
Punguță mare,Túi Đồ Cỡ Đại,vi
Punguță mică,Túi Đồ Cỡ Nhỏ,vi
Puppifizierung,Hình Nhân Hóa,vi
Putere augmentată,Nâng Tầm Uy Lực,vi
"Puternic, dar fragil",Lấy Công Bù Thủ,vi
Puñal de Statikk,Dao Điện Statikk,vi
Pușcă cu baionetă hextech,Kiếm Súng Hextech,vi
Pyke,Pyke,vi
Pálcaszállítmány,Đam Mê Gậy,vi
Páros várólista,Hàng Chờ Đấu Đôi,vi
Pásztor,Du Mục,vi
Pásztor embléma,Ấn Du Mục,vi
Pénzes persely,Tài Khoản Tiết Kiệm,vi
Pénzmonszun,Bão Vàng,vi
Pénzéhes,Cơn Khát Vàng,vi
Pérdida Calculada,Thua Có Tính Toán,vi
Pérdida calculada,Thua Có Tính Toán,vi
Pícaro,Vô Pháp,vi
Półprzewodnik,Chất Bán Dẫn,vi
Pălăria malefică a lui Rabadon,Mũ Phù Thủy Rabadon,vi
Pălării mai letale,Mũ Tử Thần,vi
Păpușa din umbră,Bóng Phân Thân,vi
Păstor,Du Mục,vi
Pěstnice Prázdnoty,Găng Hư Không,vi
Płaszcz Negacji,Áo Choàng Bạc,vi
Płynące Łzy,Lệ Lưu Ly,vi
Přebytek holí,Đam Mê Gậy,vi
Přebytek mečů,Đam Mê Kiếm,vi
Předplacená služba,Dịch Vụ Gói Đăng Ký,vi
Předvoj,Tiên Phong,vi
Přelom noci,Áo Choàng Bóng Tối,vi
Přenos náboje,Chuyển Đổi Năng Lượng,vi
Přenosná kovárna,Lò Rèn Thần Thoại,vi
Přizpůsobivá přilba,Mũ Thích Nghi,vi
Přízračná šavle,Gươm Biến Ảnh,vi
Quatre cents coups,Số 4 Hoàn Hảo,vi
Que los Cuatros te Acompañen,Số 4 Hoàn Hảo,vi
Que los cuatros te acompañen,Số 4 Hoàn Hảo,vi
Que os Quatros Estejam com Você,Số 4 Hoàn Hảo,vi
Quecksilber,Áo Choàng Thủy Ngân,vi
Quem Espera Sempre Alcança,Kiên Nhẫn Là Một Đức Tính,vi
Question de taille,Kích Cỡ Là Quan Trọng,vi
Quicksilver,Áo Choàng Thủy Ngân,vi
Rabadon halálsüvege,Mũ Phù Thủy Rabadon,vi
Rabadon's Deathcap,Mũ Phù Thủy Rabadon,vi
Rabadon'un Şapkası,Mũ Phù Thủy Rabadon,vi
Rabadons Todeshaube,Mũ Phù Thủy Rabadon,vi
Rabadonův smrtící klobouk,Mũ Phù Thủy Rabadon,vi
Raccolta differenziata,Nhà Máy Tái Chế,vi
Radiant Rascal,Quang Lân Tiểu Yêu,vi
Radici diffuse,Cắm Rễ Phân Tán,vi
Raffinierte Herstellung,Khéo Tay Hay Làm,vi
Rakeťák,Pháo Xương Cá,vi
Ramificación,Phân Nhánh,vi
Ramificare,Phân Nhánh,vi
Ramię w Ramię,Kề Vai Sát Cánh,vi
Rammus,Rammus,vi
Rapid Firecannon,Đại Bác Liên Thanh,vi
Rappresaglia,Báo Oán,vi
Rasga-tempo,Thời Không,vi
Raufbold,Đấu Sĩ,vi
Raufbold-Emblem,Ấn Đấu Sĩ,vi
Ravitaillement,Gói Bảo Hộ,vi
"Raz, Dwa, Pięć!","Một, Hai, Năm!",vi
"Raz, Dwa, Trzy",Một Hai Ba,vi
"Raz, dva, pět!","Một, Hai, Năm!",vi
Raíces Propagadoras,Cắm Rễ Phân Tán,vi
Raíces expansivas,Cắm Rễ Phân Tán,vi
Raízes Alastradas,Cắm Rễ Phân Tán,vi
Rdzeń Handlu,Trung Tâm Thương Mại,vi
Rdzeń Świtu,Lõi Bình Minh,vi
Reach for the Stars,Vươn Tới Tinh Tú,vi
Rebel,Vô Pháp,vi
Rebelle,Vô Pháp,vi
Recombobulador,Xoay Bài Tự Động,vi
Recombobulateur,Xoay Bài Tự Động,vi
Recombobulator,Xoay Bài Tự Động,vi
Recomeçar Missão,Tái Khởi Động Nhiệm Vụ,vi
Recomeço Cósmico,Tái Lập Vũ Trụ,vi
Recrut nou,Tuyển Nhân Sự,vi
Recursos de Ferro,Kho Báu Sắt,vi
Recursos de Hierro,Kho Báu Sắt,vi
Recursos de hierro,Kho Báu Sắt,vi
Recurve Bow,Cung Gỗ,vi
Recyclingtonne,Nhà Máy Tái Chế,vi
Recyklátor,Nhà Máy Tái Chế,vi
Red Buff,Bùa Đỏ,vi
Redeemer,Chuộc Tội,vi
Redentor,Chuộc Tội,vi
Redentora,Chuộc Tội,vi
Redentore,Chuộc Tội,vi
Reducere fulger,Thanh Lý Toàn Bộ,vi
Reflexní luk,Cung Gỗ,vi
Reflexíj,Cung Gỗ,vi
Regalo de cumpleaños,Quà Sinh Nhật,vi
Regalo di compleanno,Quà Sinh Nhật,vi
Regiaguardia,Vương Miện Hoàng Gia,vi
ReinFOURcement,Tứ Phương Tiếp Viện,vi
Reiniciar Misión,Tái Khởi Động Nhiệm Vụ,vi
Reinicio Cósmico,Tái Lập Vũ Trụ,vi
Reinicio cósmico,Tái Lập Vũ Trụ,vi
Reinicio de misión,Tái Khởi Động Nhiệm Vụ,vi
Rek'Sai,Rek'Sai,vi
Rekombinator,Xoay Bài Tự Động,vi
Rekombobulator,Xoay Bài Tự Động,vi
Rekombobulátor,Xoay Bài Tự Động,vi
Rekursivbogen,Cung Gỗ,vi
Relances régulières,Trung Tâm Thương Mại,vi
Relances épiques,Xúc Xắc Hoành Tráng,vi
Relances étoilées,Trên Đà Phát Triển,vi
Relato de un regreso,Cố Gắng Lật Kèo,vi
Relicario Enervante,Dây Chuyền Tự Lực,vi
Relicario de los Solari de Hierro,Dây Chuyền Iron Solari,vi
Relicva ofilită,Di Vật Tàn Úa,vi
Relique flétrie,Di Vật Tàn Úa,vi
Reliquia Marchita,Di Vật Tàn Úa,vi
Reliquia appassita,Di Vật Tàn Úa,vi
Reliquia marchita,Di Vật Tàn Úa,vi
Relíquia Definhada,Di Vật Tàn Úa,vi
Rendelkezz az íjammal,Cây Cung Thần Tốc,vi
Repaire du baron,Hang Ổ Baron,vi
Replica,Nhân Bản,vi
Replicador,Nhân Bản,vi
Replicante,Nhân Bản,vi
Replication,Nhân Bản,vi
Replicator,Nhân Bản,vi
Replicator Mode,Chế Độ Nhân Bản,vi
Replicação,Nhân Bản,vi
Replikace,Nhân Bản,vi
Replikacja,Nhân Bản,vi
Replikacı,Nhân Bản,vi
Replikacı Modu,Chế Độ Nhân Bản,vi
Replikator,Nhân Bản,vi
Replikator-Modus,Chế Độ Nhân Bản,vi
Replikatorzy,Nhân Bản,vi
Replikační režim,Chế Độ Nhân Bản,vi
Replikátor,Nhân Bản,vi
Repornire cosmică,Tái Lập Vũ Trụ,vi
Reproducere,Nhân Bản,vi
Rerroleo Épico,Xúc Xắc Hoành Tráng,vi
Reserva de Pandora,Hàng Chờ Pandora,vi
Resolución titánica,Quyền Năng Khổng Lồ,vi
Restart Misji,Tái Khởi Động Nhiệm Vụ,vi
Restart Mission,Tái Khởi Động Nhiệm Vụ,vi
Restartování mise,Tái Khởi Động Nhiệm Vụ,vi
Restiamo uniti,Kề Vai Sát Cánh,vi
Retador,Thách Đấu,vi
Retribución,Báo Oán,vi
Retribution,Báo Oán,vi
Reuniune aniversară,Sinh Nhật Đoàn Tụ,vi
Reunión cumpleañera,Sinh Nhật Đoàn Tụ,vi
Reunión de Cumpleaños,Sinh Nhật Đoàn Tụ,vi
Reviravolta,Cố Gắng Lật Kèo,vi
Rezistența din prima linie,Giữ Vững Hàng Ngũ,vi
Reîncărcare relativ magică,Quay Trúng Thưởng,vi
Reîncărcări epice,Xúc Xắc Hoành Tráng,vi
Reîncărcări la grămadă,Xúc Xắc Vô Tận,vi
Režim Prostředník,Chế Độ Dẫn Truyền,vi
Rhaast,Rhaast,vi
Riavvia missione,Tái Khởi Động Nhiệm Vụ,vi
Riavvio cosmico,Tái Lập Vũ Trụ,vi
Ribalta condivisa di Yasuo,Hưởng Ké Hào Quang Yasuo,vi
Richiamo al caos,Triệu Gọi Hỗn Mang,vi
Ricombussolatore,Xoay Bài Tự Động,vi
Riesenschlächter,Diệt Khổng Lồ,vi
Riesenschwert,Kiếm B.F.,vi
Rift Scuttler,Cua Kỳ Cục,vi
Risikofonds,Quỹ Phòng Hộ,vi
Riskante Aktionen,Nước Đi Liều Lĩnh,vi
Riskantní tah,Nước Đi Liều Lĩnh,vi
Risky Moves,Nước Đi Liều Lĩnh,vi
Risorse ferrose,Kho Báu Sắt,vi
Risveglio dell'anima,Thức Tỉnh Linh Hồn,vi
Ritmo Spaziale,Hành Tinh,vi
Ritrovo di compleanno,Sinh Nhật Đoàn Tụ,vi
Ritterschwur,Lời Thề Hiệp Sĩ,vi
Riven,Riven,vi
Robbanásszerű fejlődés,Tăng Trưởng Bùng Nổ,vi
Robo de componentes,Phi Vụ Trang Bị,vi
Robotul Mecha impunător,Robot,vi
Rogue,Vô Pháp,vi
Rogue Emblem,Ấn Vô Pháp,vi
Rolling For Days,Xúc Xắc Vô Tận,vi
Rolling for Days,Xúc Xắc Vô Tận,vi
Rolo Compressor,Trên Đà Phát Triển,vi
Rompetiempo,Thời Không,vi
Rostro espiritual,Giáp Tâm Linh,vi
Roter Buff,Bùa Đỏ,vi
Roubo de Componentes,Phi Vụ Trang Bị,vi
Rouška nehybnosti,Áo Choàng Tĩnh Lặng,vi
Rozgałęzienie,Phân Nhánh,vi
Rozmiar Ma Znaczenie,Kích Cỡ Là Quan Trọng,vi
Rozruch,Khởi Động Nhanh,vi
Rozrůstání kořenů,Cắm Rễ Phân Tán,vi
Rozsądne Wydatki,Tiêu Dùng Thông Minh,vi
Rozvětvení,Phân Nhánh,vi
Rtuť,Áo Choàng Thủy Ngân,vi
Ruf des Chaos,Triệu Gọi Hỗn Mang,vi
Rufián Radiante,Quang Lân Tiểu Yêu,vi
Rugalmas,Linh Hoạt,vi
Ruh Gömleği,Giáp Tâm Linh,vi
Ruh Uyanışı,Thức Tỉnh Linh Hồn,vi
Ruka spravedlnosti,Bàn Tay Công Lý,vi
Rukavice pro štěstí,Đo Ni Đóng Giày,vi
Rváč,Đấu Sĩ,vi
Rybeńka,Pháo Xương Cá,vi
Rychlopalné ohnivé dělo,Đại Bác Liên Thanh,vi
Rychlý dvojzářez,Song Sát Tốc Hành,vi
Rychlý start,Khởi Động Nhanh,vi
Rytířský slib,Lời Thề Hiệp Sĩ,vi
Ryzykowne Posunięcia,Nước Đi Liều Lĩnh,vi
Rzeka Łez,Giọt Lệ Bi Ai,vi
Récompenses de guerre,Đường Ra Trận,vi
Rédempteur,Chuộc Tội,vi
Réinitialisation cosmique,Tái Lập Vũ Trụ,vi
Réplica,Nhân Bản,vi
Réplicateur,Nhân Bản,vi
Résistance acharnée,Hào Quang Nhân Vật Chính,vi
Részleges Felemelkedés,Bán Thăng Hoa,vi
Réunion d'anniversaire,Sinh Nhật Đoàn Tụ,vi
Río de lágrimas,Lệ Lưu Ly,vi
Różdżkowy Przesyt,Đam Mê Gậy,vi
Rögtönzött páncél,Giáp Tự Chế,vi
Răbdarea e o virtute,Kiên Nhẫn Là Một Đức Tính,vi
Răbdarea lui Ekko,Kiên Nhẫn Của Ekko,vi
Rădăcini răspândite,Cắm Rễ Phân Tán,vi
Rămânem împreună,Kề Vai Sát Cánh,vi
Răsăritul din Silvermere,Chùy Bạch Ngân,vi
Ręka Sprawiedliwości,Bàn Tay Công Lý,vi
Rękawica Pustki,Găng Hư Không,vi
Rękawice Sparingowe,Găng Đấu Tập,vi
Rękawice Złodzieja,Găng Đạo Tặc,vi
Rękawiczki,Găng Đấu Sĩ,vi
SZILÁRD ELTÖKÉLTSÉG,NHẮM MẮT CHƠI BỪA,vi
Saber Gastar,Tiêu Dùng Thông Minh,vi
Sabia blestemată,Kiếm Cong,vi
Sabia forței brute,Kiếm B.F.,vi
Sabia infinitului,Vô Cực Kiếm,vi
Sabia morții,Kiếm Tử Thần,vi
Sabia sângeroasă,Huyết Kiếm,vi
Sable Espectral,Gươm Biến Ảnh,vi
Sable espectral,Gươm Biến Ảnh,vi
Sable-pistola hextech,Kiếm Súng Hextech,vi
Sablepistola Hextech,Kiếm Súng Hextech,vi
Sabre spectral,Gươm Biến Ảnh,vi
Sabır Erdemdir,Kiên Nhẫn Là Một Đức Tính,vi
Sac de butin,Tiếp Tế Trang Bị,vi
Saco de Brindes,Tiếp Tế Trang Bị,vi
Saco de Brindes Heroico,Túi Đồ Siêu Hùng,vi
Saco de Brindes Pequeno,Túi Đồ Cỡ Nhỏ,vi
Saco de Brindes Recheado,Túi Đồ Cỡ Đại,vi
Saco de Brindes do Urf,Túi Đồ Urf,vi
Sacrificio cruento,Huyết Tế,vi
Sadakat,Chỉ Một Con Đường,vi
Safları Koru,Giữ Vững Hàng Ngũ,vi
Saklı Gerçek,Kamekameha,vi
Saldi imperdibili,Thanh Lý Toàn Bộ,vi
Saldão,Thanh Lý Toàn Bộ,vi
Salvage Bin,Nhà Máy Tái Chế,vi
Salvator,Chuộc Tội,vi
Samira,Samira,vi
Sanguinaire,Huyết Giá,vi
Sanguinaria,Huyết Kiếm,vi
Saqueador,Toán Cướp,vi
Sartén,Chảo Vàng,vi
Saum der Nacht,Áo Choàng Bóng Tối,vi
Sauter une classe,Toàn Thắng,vi
Savaş Yolu,Đường Ra Trận,vi
Savings Account,Tài Khoản Tiết Kiệm,vi
Scalata verso il successo,Leo Hạng,vi
Scegli tratto,Chọn Tộc/Hệ,vi
Sceptre vampirique corrompu,Huyết Trượng Tha Hóa,vi
Sceptru vampiric corupt,Huyết Trượng Tha Hóa,vi
Sceptrul Vidului,Trượng Hư Vô,vi
Sceptrul serafimului,Trượng Đại Thiên Sứ,vi
Scettro dell'arcangelo,Quyền Trượng Thiên Thần,vi
Scettro serafino,Trượng Đại Thiên Sứ,vi
Scettro vampirico corrotto,Huyết Trượng Tha Hóa,vi
Scharfschütze,Bắn Tỉa,vi
Scharfschütze-Emblem,Ấn Bắn Tỉa,vi
Schattenpuppe,Bóng Phân Thân,vi
Schatzjagd,Săn Kho Báu,vi
Schema della retroguardia,Sơ Đồ Tuyến Sau,vi
Schemat Tylnej Formacji,Sơ Đồ Tuyến Sau,vi
Schiantare,Hạ Đo Ván,vi
Schicksalsweber,Định Mệnh,vi
Schild des Taktikers,Lá Chắn Chiến Thuật,vi
Schiță pentru linia din spate,Sơ Đồ Tuyến Sau,vi
Schlag zu,Hạ Đo Ván,vi
Schlussverkauf,Thanh Lý Toàn Bộ,vi
Schmiede einen Freund,Chế Tạo Bằng Hữu,vi
Schnellfeuer-Geschütz,Đại Bác Liên Thanh,vi
Schurke,Vô Pháp,vi
Schurken-Emblem,Ấn Vô Pháp,vi
Schutz der Unendlichkeit,Bảo Hộ Vô Tận,vi
Schwer ist die Krone,Vương Miện Nặng Trĩu,vi
Schwertschmied,Thợ Rèn Kiếm,vi
Schwertüberfluss,Đam Mê Kiếm,vi
Schwur des Beschützers,Lời Thề Hộ Vệ,vi
Schüre das Feuer,Nếm Mùi Lửa,vi
Sciabola spettrale,Gươm Biến Ảnh,vi
Scintilla ionica,Nỏ Sét,vi
Scommessa dorata,Ván Cược Hoàng Kim,vi
Scommessa rischiosa,Chỉ Một Con Đường,vi
Scudo dello stratega,Lá Chắn Chiến Thuật,vi
Scutul amurgului,Khiên Hoàng Hôn,vi
Scutul tacticianului,Lá Chắn Chiến Thuật,vi
Scutul zorilor,Khiên Hừng Đông,vi
Scânteie ionică,Nỏ Sét,vi
Sdílená zbroj,Hào Quang Nhân Vật Chính,vi
Sebevražední panáci,Hình Nộm Va Chạm,vi
Second Wind,Ngọn Gió Thứ Hai,vi
Second souffle,Ngọn Gió Thứ Hai,vi
Secondo fiato,Ngọn Gió Thứ Hai,vi
Secteur commercial,Khu Giao Dịch,vi
Section Anima,Siêu Thú,vi
Sector comercial,Khu Giao Dịch,vi
Sector de Intercambio,Khu Giao Dịch,vi
Sectorul comercial,Khu Giao Dịch,vi
Secure din focul iadului,Rìu Hỏa Ngục,vi
Sed de dinero,Cơn Khát Vàng,vi
Sede de Riqueza,Cơn Khát Vàng,vi
Sedenta por Sangue,Huyết Kiếm,vi
Seeker's Armguard,Giáp Tay Seeker,vi
Seelenerwachen,Thức Tỉnh Linh Hồn,vi
Segen der Wiederbelebung,Ân Huệ Tái Sinh,vi
Segundo Aire,Ngọn Gió Thứ Hai,vi
Sehraný tým,Lập Đội,vi
Sekera pekelného ohně,Rìu Hỏa Ngục,vi
Sektor Wymiany,Khu Giao Dịch,vi
Selbstständig machen,Phân Nhánh,vi
Semblante Espiritual,Giáp Tâm Linh,vi
Semi-conducteur,Chất Bán Dẫn,vi
Semiconductor,Chất Bán Dẫn,vi
Semicondutor,Chất Bán Dẫn,vi
Semiconduttore,Chất Bán Dẫn,vi
Sendero de Guerra,Đường Ra Trận,vi
Sendero de guerra,Đường Ra Trận,vi
Sentencia,Thần Phán,vi
Sentenciador,Thần Phán,vi
Sentiero di guerra,Đường Ra Trận,vi
Serafínova hůl,Trượng Đại Thiên Sứ,vi
Seraphim's Staff,Trượng Đại Thiên Sứ,vi
Serbest Yatırım Fonu,Quỹ Phòng Hộ,vi
Serce ze Stali,Trái Tim Sắt Đá,vi
Serpenyő,Chảo Vàng,vi
Serve para Algo,Được Này Mất Kia,vi
Servicio de Suscripción,Dịch Vụ Gói Đăng Ký,vi
Servicio de suscripción,Dịch Vụ Gói Đăng Ký,vi
Servizio ad abbonamento,Dịch Vụ Gói Đăng Ký,vi
Serviço de Assinatura,Dịch Vụ Gói Đăng Ký,vi
Setor de Troca,Khu Giao Dịch,vi
Settore dello scambio,Khu Giao Dịch,vi
Seviye Atla!,Khuyến Mãi Kinh Nghiệm,vi
Seyyah,Viễn Chinh,vi
Seyyah Amblemi,Ấn Viễn Chinh,vi
Sfere curative,Cầu Hồi Phục,vi
Sfere vindecătoare,Cầu Hồi Phục,vi
Sfidante,Thách Đấu,vi
Sfârșitul rațiunii,Đao Tím,vi
Shadow Puppet,Bóng Phân Thân,vi
Shen,Shen,vi
Shepherd,Du Mục,vi
Shepherd Emblem,Ấn Du Mục,vi
Shimmerscale Essence,Tinh Túy Kim Long,vi
Shojin lándzsája,Ngọn Giáo Shojin,vi
Shojin'in Mızrağı,Ngọn Giáo Shojin,vi
Shopping Spree,Tín Đồ Mua Sắm,vi
Shopping intensif,Tín Đồ Mua Sắm,vi
Shopping scatenato,Tín Đồ Mua Sắm,vi
Shroud of Stillness,Áo Choàng Tĩnh Lặng,vi
Sibernetik Aktarım,Trí Tuệ Siêu Công Nghệ,vi
Sibernetik İmplant,Cấy Ghép Siêu Công Nghệ,vi
Sicario,Sát Thủ Đánh Thuê,vi
Side Effects,Phản Ứng Phụ,vi
Siegeszug,Toàn Thắng,vi
Signora Oscura,Ác Nữ,vi
Silberlöffel,Đặc Quyền Phú Gia,vi
Silver Spoon,Đặc Quyền Phú Gia,vi
Silvermere Dawn,Chùy Bạch Ngân,vi
Sinal de Sterak,Móng Vuốt Sterak,vi
Sinir İmplantı,Cảm Quan Cấy Ghép,vi
Sinsi,Vô Pháp,vi
Sinsi Amblemi,Ấn Vô Pháp,vi
Sinsi Pençe,Móng Vuốt Ám Muội,vi
Siper,Chiến Lũy,vi
Size Matters,Kích Cỡ Là Quan Trọng,vi
Sięganie ku Gwiazdom,Vươn Tới Tinh Tú,vi
Skalierung im späten Spiel,Thăng Tiến Cuối Trận,vi
Skalowanie w Późnej Fazie Gry,Thăng Tiến Cuối Trận,vi
Skleněné dělo,Lấy Công Bù Thủ,vi
Skok po Składniki,Phi Vụ Trang Bị,vi
Skupienie Horyzontalne,Kính Nhắm Ma Pháp,vi
Skupiony Ogień,Tập Trung Hỏa Lực,vi
Slammin',Hạ Đo Ván,vi
Slaďounké dobroty,Món Quà Ngọt Ngào,vi
Slice of Life,Chuyện Đời Thường,vi
Slightly Magic Roll,Quay Trúng Thưởng,vi
Slza bohyně,Nước Mắt Nữ Thần,vi
Small Grab Bag,Túi Đồ Cỡ Nhỏ,vi
Smoczy Szpon,Vuốt Rồng,vi
Snajperzy,Bắn Tỉa,vi
Sniper,Bắn Tỉa,vi
Sniper Emblem,Ấn Bắn Tỉa,vi
Sobrecarga Cognitiva,Quá Tải Tư Duy,vi
Sobrecarga cognitiva,Quá Tải Tư Duy,vi
Sobrecarga de Varas,Đam Mê Gậy,vi
Sobrecarga de cinturones,Đam Mê Đai Lưng,vi
Sobrecarga de espadas,Đam Mê Kiếm,vi
Sobrecarga de varitas,Đam Mê Gậy,vi
Sobretudo Suspeito,Áo Choàng Mờ Ám,vi
Sobrevivente,Kẻ Sống Sót,vi
Sobreviviente,Kẻ Sống Sót,vi
Sodronyozott mellény,Giáp Lưới,vi
Soif-de-sang,Huyết Kiếm,vi
Sojusznik Opiekuna,Đồng Minh Của Bụt,vi
Sok Cappa,Nước Cappa,vi
Soldi per il pranzo,Tiền Ăn Trưa,vi
Solo Leveling,Tôi Thăng Cấp Một Mình,vi
Solo Plate,Khiên Đơn Đấu,vi
Solo Pétreo,Khiên Đơn Đấu,vi
Solo-Leveling,Tôi Thăng Cấp Một Mình,vi
Solo-Steinpanzer,Khiên Đơn Đấu,vi
Solowa Płyta,Khiên Đơn Đấu,vi
Solul dezolant al lui Zeke,Cờ Lệnh Zeke U Ám,vi
Solul lui Zeke,Tụ Bão Zeke,vi
Solzi sclipitori,Tinh Túy Kim Long,vi
Sombrero Mortífero de Rabadon,Mũ Phù Thủy Rabadon,vi
Sombrero mortal de Rabadon,Mũ Phù Thủy Rabadon,vi
Sombreros Más Letales,Mũ Tử Thần,vi
Sombreros más mortales,Mũ Tử Thần,vi
Son Fısıltı,Cung Xanh,vi
Sona,Sona,vi
Sona Kalanlar,Kẻ Sống Sót,vi
Sonnenfeuer-Brett,Phóng Hỏa,vi
Sonnenfeuer-Umhang,Áo Choàng Lửa,vi
Sonsuz Büyü,Triệu Hồi Bất Tận,vi
Sonsuz Karanlık,Hắc Tinh,vi
Sonsuz Karanlık Amblemi,Ấn Hắc Tinh,vi
Sonsuz Çaresizlik,Áo Choàng Diệt Vong,vi
Sopa Fazlalığı,Đam Mê Gậy,vi
Sopa İşçisi,Thợ Rèn Gậy,vi
Soraka csodatétele,Phép Màu Của Soraka,vi
Soraka áldása,Ân Huệ Của Soraka,vi
Soraka'nın Lütfu,Ân Huệ Của Soraka,vi
Soraka'nın Mucizesi,Phép Màu Của Soraka,vi
Soraka's Boon,Ân Huệ Của Soraka,vi
Soraka's Miracle,Phép Màu Của Soraka,vi
Sorakas Segen,Ân Huệ Của Soraka,vi
Sorakas Wunder,Phép Màu Của Soraka,vi
Soračin dar,Ân Huệ Của Soraka,vi
Soračin zázrak,Phép Màu Của Soraka,vi
Sorsszövő,Định Mệnh,vi
Sorte em Alta,Cảm Thấy May Mắn,vi
Sorvadt ereklye,Di Vật Tàn Úa,vi
Soubojový režim,Chế Độ Thách Đấu,vi
Soudce,Thần Phán,vi
Soul Awakening,Thức Tỉnh Linh Hồn,vi
Soustředěná palba,Tập Trung Hỏa Lực,vi
Soustředěný horizont,Kính Nhắm Ma Pháp,vi
Soutien indéfectible,Nhất Thống,vi
Souvislé sesílání,Triệu Hồi Bất Tận,vi
Sovraccarico cognitivo,Quá Tải Tư Duy,vi
Spaccato di vita,Chuyện Đời Thường,vi
Space Groove,Hành Tinh,vi
Space Groove Emblem,Ấn Hành Tinh,vi
Spaczony Wampiryczny Kostur,Huyết Trượng Tha Hóa,vi
Spada furiei lui Guinsoo,Cuồng Đao Guinsoo,vi
Sparkonto,Tài Khoản Tiết Kiệm,vi
Sparring Gloves,Găng Đấu Tập,vi
Spasitel,Chuộc Tội,vi
Spatola,Siêu Xẻng,vi
Spatula,Siêu Xẻng,vi
Spatule,Siêu Xẻng,vi
Spatulă,Siêu Xẻng,vi
Spear of Shojin,Ngọn Giáo Shojin,vi
Specialista del finale,Hướng Đến Hồi Kết,vi
Specialista na závěrečnou fázi,Hướng Đến Hồi Kết,vi
Specialistul sfârșitului jocului,Hướng Đến Hồi Kết,vi
Specjalista od Końcówki,Hướng Đến Hồi Kết,vi
Specjalistyczny Hełm,Mũ Thích Nghi,vi
Spectral Cutlass,Gươm Biến Ảnh,vi
Spedizione,Cuộc Viễn Chinh,vi
Speedy Double Kill,Song Sát Tốc Hành,vi
Speer von Shojin,Ngọn Giáo Shojin,vi
Spektrales Entermesser,Gươm Biến Ảnh,vi
Spektrum jegy,Vé Kim Cương,vi
Spektrální vstupenka,Vé Kim Cương,vi
Speranza perduta,Đao Tím,vi
Spesa oculata,Tiêu Dùng Thông Minh,vi
Spezzatempo,Thời Không,vi
Spirit Visage,Giáp Tâm Linh,vi
Spirit of Redemption,Linh Hồn Chuộc Tội,vi
Spirito di redenzione,Linh Hồn Chuộc Tội,vi
Spiritul izbăvirii,Linh Hồn Chuộc Tội,vi
Splétaná magie,Ma Thuật Đan Kết,vi
Splétač osudu,Định Mệnh,vi
Společné objetí,Ôm Tập Thể,vi
Spořicí účet,Tài Khoản Tiết Kiệm,vi
Spreading Roots,Cắm Rễ Phân Tán,vi
Spécialiste des fins de partie,Hướng Đến Hồi Kết,vi
Spéculation,Quỹ Phòng Hộ,vi
Srdce z oceli,Trái Tim Sắt Đá,vi
Stab des Erzengels,Quyền Trượng Thiên Thần,vi
Stabschmied,Thợ Rèn Gậy,vi
Stabüberfluss,Đam Mê Gậy,vi
Staffsmith,Thợ Rèn Gậy,vi
Stand United,Nhất Thống,vi
Stargazer,Chiêm Tinh,vi
Stargazer Emblem,Ấn Chiêm Tinh,vi
Statikk Hançer,Dao Điện Statikk,vi
Statikk Shiv,Dao Điện Statikk,vi
Statikk töltőpengéje,Dao Điện Statikk,vi
Statikkova kudla,Dao Điện Statikk,vi
Statikks Stich,Dao Điện Statikk,vi
Stats à foison !,Cộng Mệt Nghỉ!,vi
Stavebnice společníků,Người Bạn Vàng,vi
Stea întunecată,Hắc Tinh,vi
Steadfast Heart,Trái Tim Kiên Định,vi
Steinpanzer des Wasserspeiers,Thú Tượng Thạch Giáp,vi
Stella Oscura,Hắc Tinh,vi
Stellar Combo,Liên Hoàn Tinh Tú,vi
Stemma di Lightshield,Huy Hiệu Lightshield,vi
Stemmaguarda,Vương Miện Hoàng Gia,vi
Sterak kihívása,Móng Vuốt Sterak,vi
Sterak's Gage,Móng Vuốt Sterak,vi
Sterak'ın Güvencesi,Móng Vuốt Sterak,vi
Sterakova zástava,Móng Vuốt Sterak,vi
Steraks Pegel,Móng Vuốt Sterak,vi
Sterndeuter,Chiêm Tinh,vi
Sterndeuter-Emblem,Ấn Chiêm Tinh,vi
Sternen-Kombo,Liên Hoàn Tinh Tú,vi
Sternenvernichter,Hắc Tinh,vi
Sternenvernichter-Emblem,Ấn Hắc Tinh,vi
Stibitzen,Ăn Trộm,vi
Stopařčin chránič,Giáp Tay Seeker,vi
Storia di una rimonta,Cố Gắng Lật Kèo,vi
Strahlender Halunke,Quang Lân Tiểu Yêu,vi
Strateji Ustası Kalkanı,Lá Chắn Chiến Thuật,vi
Strateji Ustası Pelerini,Áo Choàng Chiến Thuật,vi
Strateji Ustası Tacı,Vương Miện Chiến Thuật,vi
Strateji Ustasının Mutfağı,Linh Thú Vào Bếp,vi
Stratégie de ligne arrière,Sơ Đồ Tuyến Sau,vi
Striker's Flail,Chùy Đoản Côn,vi
Strom vlastností,Cây Tộc Hệ,vi
Strážná dvojice,Song Vệ,vi
Studio paziente,Kiên Nhẫn Học Tập,vi
Studiu diligent,Kiên Nhẫn Học Tập,vi
Stwórz Sobie Kumpla,Tự Lập Đội,vi
Stwórz Towarzysza,Người Bạn Vàng,vi
Stínová loutka,Bóng Phân Thân,vi
Stürmerflegel,Chùy Đoản Côn,vi
Stříbrná lžička,Đặc Quyền Phú Gia,vi
Stůjme při sobě,Nhất Thống,vi
Su tutti i fronti,Phân Nhánh,vi
Su verso il cielo,Vươn Tới Tinh Tú,vi
Subscription Service,Dịch Vụ Gói Đăng Ký,vi
Subskrypcja,Dịch Vụ Gói Đăng Ký,vi
Suc Cappa,Nước Cappa,vi
Succes critic,Bước Đột Phá,vi
Successo critico,Bước Đột Phá,vi
Succo Cappa,Nước Cappa,vi
Sucesso Crítico,Bước Đột Phá,vi
Suco de Chapéu,Nước Cappa,vi
Sugárzó csirkefogó,Quang Lân Tiểu Yêu,vi
Suhanó sutyerák,Cua Kỳ Cục,vi
Sunfire Board,Phóng Hỏa,vi
Sunfire Cape,Áo Choàng Lửa,vi
Super sac de butin,Túi Đồ Cỡ Đại,vi
Superstite,Kẻ Sống Sót,vi
Superviviente,Kẻ Sống Sót,vi
Suppresseur doré,Tối Đa Hóa,vi
Supraviețuitor,Kẻ Sống Sót,vi
Supraîncărcare cognitivă,Quá Tải Tư Duy,vi
Surcharge cognitive,Quá Tải Tư Duy,vi
Surpriză nesurprinzătoare,Kỳ Vọng Bất Ngờ,vi
Survivant,Kẻ Sống Sót,vi
Survivor,Kẻ Sống Sót,vi
Suscripción de Lujo,Gói Đăng Ký Hạng Sang,vi
Suscripción de lujo,Gói Đăng Ký Hạng Sang,vi
Suspicious Trench Coat,Áo Choàng Mờ Ám,vi
Sussurro fatale,Cung Xanh,vi
Sute de atribute!,Cộng Mệt Nghỉ!,vi
Sweet Treats,Món Quà Ngọt Ngào,vi
Sword Overflow,Đam Mê Kiếm,vi
Swordsmith,Thợ Rèn Kiếm,vi
Sympathetic Implant,Cảm Quan Cấy Ghép,vi
Szaleństwo Zakupów,Tín Đồ Mua Sắm,vi
Szczęśliwe Rękawice,Đo Ni Đóng Giày,vi
Szellemarc,Giáp Tâm Linh,vi
Szerencsés kesztyű,Đo Ni Đóng Giày,vi
Szermierka Yasuo,Kiếm Thuật Của Yasuo,vi
Szerteágazó gyökerek,Cắm Rễ Phân Tán,vi
Szeráf pálcája,Trượng Đại Thiên Sứ,vi
Szimpatikus implantátum,Cảm Quan Cấy Ghép,vi
Szintlépés!,Khuyến Mãi Kinh Nghiệm,vi
Szpatułka,Siêu Xẻng,vi
Szpon Ciemnego Typa,Móng Vuốt Ám Muội,vi
Szunnyadó kohó,Lò Rèn Tiềm Ẩn,vi
Szybkie Dwa Trupy,Song Sát Tốc Hành,vi
Száműzöttek I.,Độc Hành,vi
Szélhámos,Sống Vội,vi
Szólójátékos,Tôi Thăng Cấp Một Mình,vi
Születésnapi ajándék,Quà Sinh Nhật,vi
Születésnapi találkozó,Sinh Nhật Đoàn Tụ,vi
Sárkánykarom,Vuốt Rồng,vi
Síla artefaktů,Tôi Luyện Sức Mạnh,vi
Sólový plát,Khiên Đơn Đấu,vi
Sólový postup,Tôi Thăng Cấp Một Mình,vi
Sötét csillag,Hắc Tinh,vi
Sötét csillag embléma,Ấn Hắc Tinh,vi
Sötét hölgy,Ác Nữ,vi
Sükûnet Örtüsü,Áo Choàng Tĩnh Lặng,vi
Süper Hızlı Micin,Meep Cực Tốc,vi
Sürgünler,Độc Hành,vi
Süße Leckereien,Món Quà Ngọt Ngào,vi
Săbii fără număr,Đam Mê Kiếm,vi
Săbii mai letale,Kiếm Tử Thần,vi
Słodkie Przysmaki,Món Quà Ngọt Ngào,vi
Słoneczna Peleryna,Áo Choàng Lửa,vi
Słoneczna Płyta,Phóng Hỏa,vi
TEK Kılıcı,Kiếm B.F.,vi
Tabla solară,Phóng Hỏa,vi
Tablero de Fuego Solar,Phóng Hỏa,vi
Tablero de fuego solar,Phóng Hỏa,vi
Tabuleiro de Fogo Solar,Phóng Hỏa,vi
Tactician's Cape,Áo Choàng Chiến Thuật,vi
Tactician's Crown,Vương Miện Chiến Thuật,vi
Tactician's Kitchen,Linh Thú Vào Bếp,vi
Tactician's Shield,Lá Chắn Chiến Thuật,vi
Tahm Kench,Tahm Kench,vi
Taina întunericului,Áo Choàng Bóng Tối,vi
Taktikerküche,Linh Thú Vào Bếp,vi
Taktikova koruna,Vương Miện Chiến Thuật,vi
Taktikova kuchyně,Linh Thú Vào Bếp,vi
Taktikus köpenye,Áo Choàng Chiến Thuật,vi
Taktikus pajzsa,Lá Chắn Chiến Thuật,vi
Taktikusok konyhája,Linh Thú Vào Bếp,vi
Taktikův plášť,Áo Choàng Chiến Thuật,vi
Taktikův štít,Lá Chắn Chiến Thuật,vi
Takviye Paketi,Gói Tăng Cường,vi
Takım Çalışması,Lập Đội,vi
Talisman Of Ascension,Bùa Thăng Hoa,vi
Talisman de l'ascension,Bùa Thăng Hoa,vi
Talismano dell'ascensione,Bùa Thăng Hoa,vi
Talismanul ascensiunii,Bùa Thăng Hoa,vi
Talismán de Ascensión,Bùa Thăng Hoa,vi
Talismã da Ascensão,Bùa Thăng Hoa,vi
Talizman Wstąpienia,Bùa Thăng Hoa,vi
Talon,Talon,vi
Találd meg önmagad,Tiền Vệ Trung Tâm,vi
Tam Donanımlı,Người Bạn Vàng,vi
Tam Teşekküllü,Tự Lập Đội,vi
Tana del Barone,Hang Ổ Baron,vi
Tancuri la xerox,Cặp Đôi Siêu Cứng,vi
Tandemová fronta,Hàng Chờ Đấu Đôi,vi
Tanks jumeaux,Cặp Đôi Siêu Cứng,vi
Tanque em Dobro,Cặp Đôi Siêu Cứng,vi
Tanrıça'nın Gözyaşı,Nước Mắt Nữ Thần,vi
Tanışma Toplantısı,Kết Nối Gián Đoạn,vi
Tarcza Taktyka,Lá Chắn Chiến Thuật,vi
Tare ca fierul,Kho Báu Sắt,vi
Target-Lock Optics,Kính Khóa Mục Tiêu,vi
Tartalékíjak,Cung Dự Phòng,vi
Tartsd a frontot,Giữ Vững Hàng Ngũ,vi
Tatlı Atıştırmalıklar,Món Quà Ngọt Ngào,vi
Taxa Cognitiva,Thuế Nhận Thức,vi
Taxe cognitive,Thuế Nhận Thức,vi
Taze Kan,Tuyển Nhân Sự,vi
Taşınabilir Ocak,Lò Rèn Thần Thoại,vi
Te simți norocos,Cảm Thấy May Mắn,vi
Team Building,Xây Dựng Đội Hình,vi
Team building,Xây Dựng Đội Hình,vi
Teambildung,Xây Dựng Đội Hình,vi
Teambuilding,Xây Dựng Đội Hình,vi
Teaming Up,Lập Đội,vi
Tear of the Goddess,Nước Mắt Nữ Thần,vi
Tecelã do Destino,Định Mệnh,vi
Tecendo Magia,Ma Thuật Đan Kết,vi
Teemo,Teemo,vi
Teilaufstieg,Bán Thăng Hoa,vi
Tejedestinos,Định Mệnh,vi
Tekrar Dene,Tái Khởi Động Nhiệm Vụ,vi
Tela magica,Ma Thuật Đan Kết,vi
Temná hvězda,Hắc Tinh,vi
Temná paní,Ác Nữ,vi
Tempesta di Luden,Bão Tố Luden,vi
Tempestad de Luden,Bão Tố Luden,vi
Tempête de Luden,Bão Tố Luden,vi
Tenete la posizione,Giữ Vững Hàng Ngũ,vi
Tenir le front,Giữ Vững Hàng Ngũ,vi
Tentative de comeback,Cố Gắng Lật Kèo,vi
Ter-Meep-nale Geschwindigkeit,Meep Cực Tốc,vi
Termeepnal Velocity,Meep Cực Tốc,vi
Termipnální rychlost,Meep Cực Tốc,vi
Terquedad,NHẮM MẮT CHƠI BỪA,vi
Terrore dei lich,Kiếm Tai Ương,vi
Tesori sepolti,Kho Báu Chôn Giấu,vi
Tesoros Enterrados,Kho Báu Chôn Giấu,vi
Tesoros enterrados,Kho Báu Chôn Giấu,vi
Tesouros Enterrados,Kho Báu Chôn Giấu,vi
Tessifato,Định Mệnh,vi
Testőrképzés,Huấn Luyện Cận Vệ,vi
Tetro araldo di Zeke,Cờ Lệnh Zeke U Ám,vi
Tezbıçak,Đao Chớp,vi
The Big Bang,Siêu Vũ Trụ,vi
The Golden Dragon,Kim Long,vi
The Golden Egg,Rồng Đẻ Trứng Vàng,vi
The Indomitable,Bất Khuất,vi
The Mighty Mech,Robot,vi
The Tower,Tòa Tháp,vi
The Trait Tree,Cây Tộc Hệ,vi
Thief's Gloves,Găng Đạo Tặc,vi
Thresh lámpása,Lồng Đèn Của Thresh,vi
Thresh áldása,Ân Huệ Của Thresh,vi
Thresh'in Feneri,Lồng Đèn Của Thresh,vi
Thresh'in Lütfu,Ân Huệ Của Thresh,vi
Thresh's Boon,Ân Huệ Của Thresh,vi
Thresh's Lantern,Lồng Đèn Của Thresh,vi
Threshova lucerna,Lồng Đèn Của Thresh,vi
Threshs Laterne,Lồng Đèn Của Thresh,vi
Threshs Segen,Ân Huệ Của Thresh,vi
Threshův dar,Ân Huệ Của Thresh,vi
Ti senti fortunato?,Cảm Thấy May Mắn,vi
Ticaret Bölgesi,Khu Giao Dịch,vi
Ticaretin Özü,Trung Tâm Thương Mại,vi
Ticket prismatique,Vé Kim Cương,vi
Tiercé,Bộ Ba Hoàn Hảo,vi
Tigaia de aur,Chảo Vàng,vi
Tiltott bálvány,Dị Vật Tai Ương,vi
Timebreaker,Thời Không,vi
Timebreaker Emblem,Ấn Thời Không,vi
Tiniest Titan,Khổng Lồ Tí Hon,vi
Tiny Titans,Khổng Lồ Hóa,vi
"Tiny, but Deadly",Nhỏ Mà Có Võ,vi
Tirada Ligeramente Mágica,Quay Trúng Thưởng,vi
Tirada Mágica,Xúc Xắc Ma Pháp,vi
Tiro lievemente magico,Quay Trúng Thưởng,vi
Tiro porque me toca,Xúc Xắc Vô Tận,vi
Tisse-destin,Định Mệnh,vi
Tiszta elme,Thông Thoáng,vi
Titan micuț,Khổng Lồ Tí Hon,vi
Titan's Resolve,Quyền Năng Khổng Lồ,vi
Titanes Diminutos,Khổng Lồ Hóa,vi
Titanic Hydra,Rìu Đại Mãng Xà,vi
Titanische Hydra,Rìu Đại Mãng Xà,vi
Titano minuscolo,Khổng Lồ Tí Hon,vi
Titanın Azmi,Quyền Năng Khổng Lồ,vi
Titánhidra,Rìu Đại Mãng Xà,vi
Titánská hydra,Rìu Đại Mãng Xà,vi
Titánské odhodlání,Quyền Năng Khổng Lồ,vi
Tkacze Losu,Định Mệnh,vi
Tkanie Czarów,Ma Thuật Đan Kết,vi
Tlupa zlodějů,Băng Trộm,vi
Tlupa zlodějů II,Băng Trộm II,vi
Todo para mí,Đánh Là Trúng,vi
Toiag uriaș,Gậy Quá Khổ,vi
Toiagul arhanghelului,Quyền Trượng Thiên Thần,vi
Toiege fără număr,Đam Mê Gậy,vi
Tolvajkesztyű,Găng Đạo Tặc,vi
Tolvajok bandája,Băng Trộm,vi
Tolvajok bandája II,Băng Trộm II,vi
Tome des emblèmes,Sách Chọn Ấn,vi
Tome of Trait,Sách Chọn Ấn,vi
Tome of Traits,Sách Chọn Ấn,vi
Tomo das Características,Sách Chọn Ấn,vi
Tomo de Rasgos,Sách Chọn Ấn,vi
Tomo de atributos,Sách Chọn Ấn,vi
Tomo dei tratti,Sách Chọn Ấn,vi
Tomul caracteristicilor,Sách Chọn Ấn,vi
Toneladas de Atributos!,Cộng Mệt Nghỉ!,vi
Tonlarca Nitelik!,Cộng Mệt Nghỉ!,vi
Tonnenweise Werte!,Cộng Mệt Nghỉ!,vi
Tonnányi statisztika!,Cộng Mệt Nghỉ!,vi
Tons of Stats!,Cộng Mệt Nghỉ!,vi
Tony Statystyk!,Cộng Mệt Nghỉ!,vi
Torba z Przedmiotami,Tiếp Tế Trang Bị,vi
Torba z Przedmiotami Urfa,Túi Đồ Urf,vi
Tormenta de Luden,Bão Tố Luden,vi
Tot sunt buni la ceva,Được Này Mất Kia,vi
Touche-à-tout,Lệch Chuẩn,vi
Tout doit disparaître,Hạ Đo Ván,vi
Trabajo en Equipo,Xây Dựng Đội Hình,vi
Trabalho em Equipe,Xây Dựng Đội Hình,vi
Trade Sector,Khu Giao Dịch,vi
Tragbare Schmiede,Lò Rèn Thần Thoại,vi
Training Dummy,Hình Nhân,vi
Transfer de încărcare,Chuyển Đổi Năng Lượng,vi
Transferencia de Carga,Chuyển Đổi Năng Lượng,vi
Transferencia de carga,Chuyển Đổi Năng Lượng,vi
Transfert,Chuyển Đổi Năng Lượng,vi
Transferência de Carga,Chuyển Đổi Năng Lượng,vi
Transformação em Boneco,Hình Nhân Hóa,vi
Trasferimento carica,Chuyển Đổi Năng Lượng,vi
Treasure Hunt,Săn Kho Báu,vi
Treinamento de Guarda-costas,Huấn Luyện Cận Vệ,vi
Tremblelames,Đao Chớp,vi
Trench-coat suspect,Áo Choàng Mờ Ám,vi
Trenci suspect,Áo Choàng Mờ Ám,vi
Trening Ochroniarza,Huấn Luyện Cận Vệ,vi
Trepador Social,Đẩy Nhanh Tiến Độ,vi
Trezirea sufletului,Thức Tỉnh Linh Hồn,vi
Tributo cognitivo,Thuế Nhận Thức,vi
Trifecta,Bộ Ba Hoàn Hảo,vi
Trinca,Bộ Ba Hoàn Hảo,vi
Triomphe,Võ Sĩ Giác Đấu,vi
Triplete,Bộ Ba Hoàn Hảo,vi
Tripletta,Bộ Ba Hoàn Hảo,vi
Triplu avantaj,Bộ Ba Hoàn Hảo,vi
Troca Sem Fim,Xúc Xắc Vô Tận,vi
Trojice,Bộ Ba Hoàn Hảo,vi
Trova il tuo centro,Tiền Vệ Trung Tâm,vi
Trpělivost je ctnost,Kiên Nhẫn Là Một Đức Tính,vi
Trpělivé studium,Kiên Nhẫn Học Tập,vi
Truffatore,Sống Vội,vi
Tryb Pretendenta,Chế Độ Thách Đấu,vi
Tryb Przekaźnika,Chế Độ Dẫn Truyền,vi
Tryb Replikatora,Chế Độ Nhân Bản,vi
Trzask-Prask,Hạ Đo Ván,vi
Trzymać Szyk,Giữ Vững Hàng Ngũ,vi
Träne der Göttin,Nước Mắt Nữ Thần,vi
Tréninkové rukavice,Găng Đấu Tập,vi
Trésors enfouis,Kho Báu Chôn Giấu,vi
Tuch der Stille,Áo Choàng Tĩnh Lặng,vi
Tueur de géants,Diệt Khổng Lồ,vi
Tueur impitoyable,Sát Thủ Khát Máu,vi
Tueur à gages,Sát Thủ Đánh Thuê,vi
Tugend des Märtyrers,Quyền Trượng Thánh Quang,vi
Tun-mitralieră,Đại Bác Liên Thanh,vi
Turnul,Tòa Tháp,vi
Twin Guardian,Song Vệ,vi
Twin Guardians,Song Vệ,vi
Twisted Fate,Twisted Fate,vi
Two Much Value,2 Vàng Là Nhất,vi
Two Tanky,Cặp Đôi Siêu Cứng,vi
Tworzenie Drużyny,Xây Dựng Đội Hình,vi
Twórcze Tworzenie,Khéo Tay Hay Làm,vi
Typologie,Chỉ Một Con Đường,vi
Tápláld a tüzet,Nếm Mùi Lửa,vi
Tíha koruny,Vương Miện Nặng Trĩu,vi
Tödlichere Hauben,Mũ Tử Thần,vi
Tödlichere Klingen,Kiếm Tử Thần,vi
Töltésátvitel I.,Chuyển Đổi Năng Lượng,vi
Törj a csillagok felé,Vươn Tới Tinh Tú,vi
Törékeny tüzér I.,Lấy Công Bù Thủ,vi
Törésteszt bábuk,Hình Nộm Va Chạm,vi
Tú Pégales,Đánh Là Trúng,vi
Túlvilági szablya,Gươm Biến Ảnh,vi
Túlélő,Kẻ Sống Sót,vi
Türelem rózsát terem,Kiên Nhẫn Là Một Đức Tính,vi
Türelmes tanuló,Kiên Nhẫn Học Tập,vi
Tăișuri sclipitoare,Đao Chớp,vi
Tırmanışa Devam,Leo Hạng,vi
U. R. F.,U.R.F.,vi
U.R.F,U.R.F.,vi
URF,U.R.F.,vi
Uccisore di giganti,Diệt Khổng Lồ,vi
Uccisore indiscriminato,Sát Thủ Khát Máu,vi
Ucigaș fără discriminare,Sát Thủ Khát Máu,vi
Ucigaș plătit,Sát Thủ Đánh Thuê,vi
Ufak Çekiliş,Túi Đồ Cỡ Nhỏ,vi
Ufukgetiren,Kính Nhắm Ma Pháp,vi
Uhrwerk-Beschleuniger,Động Cơ Tăng Tốc,vi
Ulepszona Moc,Nâng Tầm Uy Lực,vi
Ultima șoaptă,Cung Xanh,vi
Uluların Tılsımı,Bùa Thăng Hoa,vi
Ulvi Düellocu,Song Đấu,vi
Ulvi Ocak,Lò Rèn Thăng Hoa,vi
Um Dois Três,Một Hai Ba,vi
"Um, Dois, Cinco!","Một, Hai, Năm!",vi
Umhang des Taktikers,Áo Choàng Chiến Thuật,vi
"Un buff, două buff-uri","Một Bùa, Hai Bùa",vi
"Un buff, due buff","Một Bùa, Hai Bùa",vi
Un due tre,Một Hai Ba,vi
Un mismo ser,Hiện Thân Phản Chiếu,vi
Un mismo ser inferior,Hiện Thân Phản Chiếu Cỡ Nhỏ,vi
Un tiro magico,Xúc Xắc Ma Pháp,vi
Un'avventura gloriosa,Cuộc Phiêu Lưu Tôn Quý,vi
"Un, deux, trois",Một Hai Ba,vi
Una Aventura Eminente,Cuộc Phiêu Lưu Tôn Quý,vi
"Una Mejora, Dos Mejoras","Một Bùa, Hai Bùa",vi
Una aventura repleta de exaltación,Cuộc Phiêu Lưu Tôn Quý,vi
Una lágrima en la arena,Giọt Lệ Bi Ai,vi
"Una mejora, dos mejoras...","Một Bùa, Hai Bùa",vi
"Unde-s 2 stele, puterea crește",Tứ Phương Tiếp Viện,vi
Une aventure exaltante,Cuộc Phiêu Lưu Tôn Quý,vi
Unending Despair,Áo Choàng Diệt Vong,vi
Unerschütterliches Herz,Trái Tim Kiên Định,vi
Unidos,Nhất Thống,vi
Unire în luptă,Nhất Thống,vi
Uniti nelle difficoltà,Nhất Thống,vi
"Uno, Dos, Tres",Một Hai Ba,vi
"Uno, dos, tres...",Một Hai Ba,vi
"Uno, dos, ¡cinco!","Một, Hai, Năm!",vi
"Uno, dos... ¡cinco!","Một, Hai, Năm!",vi
"Uno, due, cinque!","Một, Hai, Năm!",vi
"Unu, doi, cinci!","Một, Hai, Năm!",vi
"Unu, doi, trei",Một Hai Ba,vi
Unübertreffliche Schmiede,Lò Rèn Thăng Hoa,vi
Upando Solo,Tôi Thăng Cấp Một Mình,vi
Upward Mobility,Đẩy Nhanh Tiến Độ,vi
Upírská vitalita,Hút Sinh Lực,vi
Urf Hamlesi,Ván Cược URF,vi
Urf játszmája,Ván Cược URF,vi
Urf zsákbamacskája,Túi Đồ Urf,vi
Urf's Gambit,Ván Cược URF,vi
Urf's Grab Bag,Túi Đồ Urf,vi
Urf'ün Çekilişi,Túi Đồ Urf,vi
Urfova dárková taška,Túi Đồ Urf,vi
Urfs Gambit,Ván Cược URF,vi
Urfs Wundertüte,Túi Đồ Urf,vi
Urfův gambit,Ván Cược URF,vi
Urgia de pe lume,Kiếm Tai Ương,vi
Urgot,Urgot,vi
Utazó,Viễn Chinh,vi
Utazó embléma,Ấn Viễn Chinh,vi
Utolsó esély,Đao Tím,vi
Utolsó lehelet,Cung Xanh,vi
Uyumsuzlar,Lệch Chuẩn,vi
Uzayın Ritmi,Hành Tinh,vi
Uzayın Ritmi Amblemi,Ấn Hành Tinh,vi
Vale a Espera,Chờ Đợi Xứng Đáng,vi
Vale la Pena la Espera,Chờ Đợi Xứng Đáng,vi
Valeva la pena aspettare,Chờ Đợi Xứng Đáng,vi
Valor del Titán,Quyền Năng Khổng Lồ,vi
Valor em Excesso,2 Vàng Là Nhất,vi
Vampir-Vitalität,Hút Sinh Lực,vi
Vampiric Vitality,Hút Sinh Lực,vi
Vampirî Zindelik,Hút Sinh Lực,vi
Vanguard,Tiên Phong,vi
Vanguard Emblem,Ấn Tiên Phong,vi
Vanguarda,Tiên Phong,vi
Vanguardia,Tiên Phong,vi
Vara Innecesariamente Grande,Gậy Quá Khổ,vi
Vara innecesariamente grande,Gậy Quá Khổ,vi
Varus Besessenheit,Ám Ảnh Của Varus,vi
Varus megszállottsága,Ám Ảnh Của Varus,vi
Varus áldása,Ân Huệ Của Varus,vi
Varus' Segen,Ân Huệ Của Varus,vi
Varus's Boon,Ân Huệ Của Varus,vi
Varus's Obsession,Ám Ảnh Của Varus,vi
Varus'un Lütfu,Ân Huệ Của Varus,vi
Varus'un Saplantısı,Ám Ảnh Của Varus,vi
Varusova posedlost,Ám Ảnh Của Varus,vi
Varusův dar,Ân Huệ Của Varus,vi
Varázsdobás,Xúc Xắc Ma Pháp,vi
Varázsszőttes,Ma Thuật Đan Kết,vi
Vaseszközök,Kho Báu Sắt,vi
Vaurien de la lumière,Quang Lân Tiểu Yêu,vi
Vedlejší účinky,Phản Ứng Phụ,vi
Veigar,Veigar,vi
Velikost a síla,To Lớn & Mạnh Mẽ,vi
Velitel,Chỉ Huy,vi
Velitelka Animy,Chỉ Huy Siêu Thú,vi
Velkolepé dobrodružství,Cuộc Phiêu Lưu Tôn Quý,vi
Velká dárková taška,Túi Đồ Cỡ Đại,vi
Velký třesk,Siêu Vũ Trụ,vi
Velo costante,Giáp Vai Nguyệt Thần,vi
Velo de sosiego,Áo Choàng Tĩnh Lặng,vi
Velocidad Termeepnal,Meep Cực Tốc,vi
Velocidad temperameeptal,Meep Cực Tốc,vi
Velocidade Termipenal,Meep Cực Tốc,vi
Velocità termipponale,Meep Cực Tốc,vi
Venganza,Báo Oán,vi
Ventos Revigorantes,Ngọn Gió Thứ Hai,vi
Verbannte,Độc Hành,vi
Verbotener Götze,Dị Vật Tai Ương,vi
Verbündeter des Beschützers,Đồng Minh Của Bụt,vi
Verdorbenes vampirisches Zepter,Huyết Trượng Tha Hóa,vi
Verdugo Indiscriminado,Sát Thủ Khát Máu,vi
Verdugo de Gigantes,Diệt Khổng Lồ,vi
Verdugo de gigantes,Diệt Khổng Lồ,vi
Verdächtiger Trenchcoat,Áo Choàng Mờ Ám,vi
Verfehlte Verbindung,Kết Nối Gián Đoạn,vi
Verfluchte Klinge,Kiếm Cong,vi
Verfluchte Krone,Vương Miện Hắc Hóa,vi
Vergeltung,Báo Oán,vi
Vergoldeter Stahl,Thép Mạ Vàng,vi
Vergrabene Schätze,Kho Báu Chôn Giấu,vi
Vernichter,U Sầu,vi
Vernichter,Hủy Diệt,vi
Versteck des Barons,Hang Ổ Baron,vi
Verständnisvolles Implantat,Cảm Quan Cấy Ghép,vi
Verstärkendes Amulett,Dây Chuyền Tự Lực,vi
Vertu du martyr,Quyền Trượng Thánh Quang,vi
Verwittertes Relikt,Di Vật Tàn Úa,vi
Verwobene Magie,Ma Thuật Đan Kết,vi
Vesmírný rytmus,Hành Tinh,vi
Vesta Espinosa,Áo Choàng Gai,vi
Veste della stabilità,Áo Choàng Tĩnh Lặng,vi
Vestă de mărăcini,Áo Choàng Gai,vi
Vestă de zale,Giáp Lưới,vi
Vex,Vex,vi
Večerháv,Giáp Vai Nguyệt Thần,vi
Viaggiatore,Viễn Chinh,vi
Viajante,Viễn Chinh,vi
Viajero,Viễn Chinh,vi
Victorie neașteptată,Toàn Thắng,vi
Vida Cotidiana,Chuyện Đời Thường,vi
Viděti dvojmo,2 Vàng Là Nhất,vi
Vier-Gold-Verstärkung,Tứ Phương Tiếp Viện,vi
Vigarista,Sống Vội,vi
Viktor,Viktor,vi
Viktor'un Sihri,Arcane Viktor-y,vi
Viktor-ia de Arcane,Arcane Viktor-y,vi
Viktor-ia di Arcane,Arcane Viktor-y,vi
Viktor-ie ocultă,Arcane Viktor-y,vi
Viktoria Arcana,Arcane Viktor-y,vi
Viktorův triumf,Arcane Viktor-y,vi
Viktória Arcana,Arcane Viktor-y,vi
Villanópengék,Đao Chớp,vi
Villámakció,Thanh Lý Toàn Bộ,vi
Vingadora Exocósmica,Xạ Thần,vi
Virtud del Mártir,Quyền Trượng Thánh Quang,vi
Virtud del mártir,Quyền Trượng Thánh Quang,vi
Virtude do Mártir,Quyền Trượng Thánh Quang,vi
Virtue of the Martyr,Quyền Trượng Thánh Quang,vi
Virtutea martirului,Quyền Trượng Thánh Quang,vi
Virtù del martire,Quyền Trượng Thánh Quang,vi
Visage spirituel,Giáp Tâm Linh,vi
Visionnaire,Chiêm Tinh,vi
Visszatérés-történet,Cố Gắng Lật Kèo,vi
Vitalidad Vampírica,Hút Sinh Lực,vi
Vitalidad vampírica,Hút Sinh Lực,vi
Vitalidade Vampírica,Hút Sinh Lực,vi
Vitalitate vampirică,Hút Sinh Lực,vi
Vitalità vampirica,Hút Sinh Lực,vi
Vitalité vampirique,Hút Sinh Lực,vi
Viteză termipnală,Meep Cực Tốc,vi
Void Gauntlet,Găng Hư Không,vi
Void Staff,Trượng Hư Vô,vi
Voința buzduganului,Ý Chỉ Xích Chùy,vi
Voința titanului,Quyền Năng Khổng Lồ,vi
Vojevůdcova čest,Chiến Tướng Khải Hoàn,vi
Volonté de la massue,Ý Chỉ Xích Chùy,vi
Voluntad de la maza,Ý Chỉ Xích Chùy,vi
Voluntad del Mazo,Ý Chỉ Xích Chùy,vi
Volver al Ruedo,Cố Gắng Lật Kèo,vi
Vorausdenken,Nghĩ Về Tương Lai,vi
Voto del Protettore,Lời Thề Hộ Vệ,vi
Voto del cavaliere,Lời Thề Hiệp Sĩ,vi
Vous vous sentez en veine ?,Cảm Thấy May Mắn,vi
Voyager,Viễn Chinh,vi
Voyager Emblem,Ấn Viễn Chinh,vi
Voyageur,Viễn Chinh,vi
Vražední čtveráci,Số 4 Hoàn Hảo,vi
Vražednější klobouky,Mũ Tử Thần,vi
Vražednější čepele,Kiếm Tử Thần,vi
Vrcholná sestava,Đội Hình Tối Ưu,vi
Vyber vlastnost,Chọn Tộc/Hệ,vi
Vybíravé výběry,Xúc Xắc Vô Tận,vi
Vyhlazovač,Hủy Diệt,vi
Vyhnanci,Độc Hành,vi
Vyplatí se čekat,Chờ Đợi Xứng Đáng,vi
Vyrob si kamaráda,Chế Tạo Bằng Hữu,vi
Vysoké napětí,Sét Cao Thế,vi
Vytrvalý vzestup,Đẩy Nhanh Tiến Độ,vi
Vyzyvatel,Thách Đấu,vi
Vzestup,Thăng Hoa,vi
Vágj utat,Mở Lối,vi
Válassz adottságot,Chọn Tộc/Hệ,vi
Válečná stezka,Đường Ra Trận,vi
Válogatás nélkül,Sát Thủ Khát Máu,vi
Vámpírerő I.,Hút Sinh Lực,vi
Vánek,Phong Kiếm,vi
Várható váratlanság,Kỳ Vọng Bất Ngờ,vi
Vânătoare de comori,Săn Kho Báu,vi
Vânător galactic,Thợ Săn Vũ Trụ,vi
Vânătorul de uriași,Diệt Khổng Lồ,vi
Végjátékbeli erőnövelés,Thăng Tiến Cuối Trận,vi
Végtelen kétségbeesés,Áo Choàng Diệt Vong,vi
Végtelen védelem,Bảo Hộ Vô Tận,vi
Végzethozó,U Sầu,vi
Vérszomjas,Huyết Kiếm,vi
Véráldozat,Huyết Tế,vi
Véráldozat,Huyết Giá,vi
Vírusmátrix,Ma Trận Mã Độc,vi
Vörös erősítés,Bùa Đỏ,vi
Výbušný růst,Tăng Trưởng Bùng Nổ,vi
Výcvik tělesného strážce,Huấn Luyện Cận Vệ,vi
Výrobce holí,Thợ Rèn Gậy,vi
Výrobce mečů,Thợ Rèn Kiếm,vi
Výzva chaosu,Triệu Gọi Hỗn Mang,vi
Văl uniform,Giáp Vai Nguyệt Thần,vi
Vălul nemișcării,Áo Choàng Tĩnh Lặng,vi
Věčná dohoda,Khế Ước Vĩnh Hằng,vi
Věštec,Tiên Tri,vi
Věž,Tòa Tháp,vi
Vœu du chevalier,Lời Thề Hiệp Sĩ,vi
Vœu du protecteur,Lời Thề Hộ Vệ,vi
Vůle palcátu,Ý Chỉ Xích Chùy,vi
W Czepku Urodzony,Đặc Quyền Phú Gia,vi
W Czwórce Siła,Tứ Phương Tiếp Viện,vi
Wachsende Wurzeln,Cắm Rễ Phân Tán,vi
Wampiryczna Żywotność,Hút Sinh Lực,vi
Wand Overflow,Đam Mê Gậy,vi
Wanderer,Viễn Chinh,vi
Wanderer-Emblem,Ấn Viễn Chinh,vi
Warlord's Honor,Chiến Tướng Khải Hoàn,vi
Warmog vértje,Giáp Máu Warmog,vi
Warmog's Armor,Giáp Máu Warmog,vi
Warmog'un Zırhı,Giáp Máu Warmog,vi
Warmogova zbroj,Giáp Máu Warmog,vi
Warmogs Rüstung,Giáp Máu Warmog,vi
Warpath,Đường Ra Trận,vi
Warto Poczekać,Chờ Đợi Xứng Đáng,vi
Wartość Dodana,2 Vàng Là Nhất,vi
Wczesna Nauka,Bài Học Sơ Khai,vi
We Stick Together,Kề Vai Sát Cánh,vi
Weise Ausgaben,Tiêu Dùng Thông Minh,vi
Weltraum-Groove,Hành Tinh,vi
Weltraum-Groove-Emblem,Ấn Hành Tinh,vi
Wezwanie Chaosu,Triệu Gọi Hỗn Mang,vi
Widmowy Rapier,Gươm Biến Ảnh,vi
Wie ist es um dein Glück bestellt?,Cảm Thấy May Mắn,vi
Wieczny Brąz,Tất Tay Bậc Đồng,vi
Wieczny Pakt,Khế Ước Vĩnh Hằng,vi
Wiederaufnahme der Mission,Tái Khởi Động Nhiệm Vụ,vi
Wielka Wygrana,Toàn Thắng,vi
Wielki Wybuch,Siêu Vũ Trụ,vi
Wielkie Poświęcenie,Chỉ Một Con Đường,vi
Wielkość i Potęga,To Lớn & Mạnh Mẽ,vi
Wieża,Tòa Tháp,vi
Willkürlicher Killer,Sát Thủ Khát Máu,vi
Win Out,Toàn Thắng,vi
"Winzig, aber tödlich",Nhỏ Mà Có Võ,vi
Winzige Titanen,Khổng Lồ Hóa,vi
Winzigster Titan,Khổng Lồ Tí Hon,vi
Wir halten zusammen,Kề Vai Sát Cánh,vi
Wise Spending,Tiêu Dùng Thông Minh,vi
Wit's End,Đao Tím,vi
Withered Relic,Di Vật Tàn Úa,vi
Wkalkulowana Strata,Thua Có Tính Toán,vi
Wojenna Ścieżka,Đường Ra Trận,vi
Wola Buławy,Ý Chỉ Xích Chùy,vi
Worth the Wait,Chờ Đợi Xứng Đáng,vi
Woven Magic,Ma Thuật Đan Kết,vi
Wskrzeszenie,Ân Huệ Tái Sinh,vi
Wsparcie,Nhất Thống,vi
Wspinaczka po Drabince,Leo Hạng,vi
Wspólne Siły,Lập Đội,vi
Wybierz cechę,Chọn Tộc/Hệ,vi
Wygięty Łuk,Cung Gỗ,vi
Wygnańcy,Độc Hành,vi
Wykuj Znajomego,Chế Tạo Bằng Hữu,vi
Wykuklenie,Hình Nhân Hóa,vi
Wykuto w Sile,Tôi Luyện Sức Mạnh,vi
Wyniesienie,Thăng Hoa,vi
Wyprzedaż na Ostro,Thanh Lý Toàn Bộ,vi
Wyrocznia,Tiên Tri,vi
Wysokie Napięcie,Sét Cao Thế,vi
Wytnij sobie drogę,Mở Lối,vi
Wywyższenie Kayle,Thăng Hoa Của Kayle,vi
Wzmacniający Medalion,Dây Chuyền Tự Lực,vi
Wzmocnienie Raz i Dwa,"Một Bùa, Hai Bùa",vi
Wälzer der Attribute,Sách Chọn Ấn,vi
Wędrujący Krab,Cua Kỳ Cục,vi
Włócznia Shojin,Ngọn Giáo Shojin,vi
Xayah,Xayah,vi
Yaldızlı Çelik,Thép Mạ Vàng,vi
Yalnız Zırh,Khiên Đơn Đấu,vi
Yampiri Yengeç,Cua Kỳ Cục,vi
Yan Etkiler,Phản Ứng Phụ,vi
Yarı İletken,Chất Bán Dẫn,vi
Yasak İdol,Dị Vật Tai Ương,vi
Yasuo Figyelemmegosztása,Hưởng Ké Hào Quang Yasuo,vi
Yasuo aranymezője,Ô Hoàng Kim của Yasuo,vi
Yasuo kardforgatása,Kiếm Thuật Của Yasuo,vi
Yasuo áldása,Ân Huệ Của Yasuo,vi
Yasuo'nun Altın Hücresi,Ô Hoàng Kim của Yasuo,vi
Yasuo'nun Kılıç Sanatı,Kiếm Thuật Của Yasuo,vi
Yasuo'nun Lütfu,Ân Huệ Của Yasuo,vi
Yasuo'nun İlgi Budalası Eklentisi,Hưởng Ké Hào Quang Yasuo,vi
Yasuo's Bladework,Kiếm Thuật Của Yasuo,vi
Yasuo's Boon,Ân Huệ Của Yasuo,vi
Yasuo's Golden Hex,Ô Hoàng Kim của Yasuo,vi
Yasuo's Share The Spotlight,Hưởng Ké Hào Quang Yasuo,vi
Yasuo: Împarte centrul atenției,Hưởng Ké Hào Quang Yasuo,vi
Yasuos Goldfeld,Ô Hoàng Kim của Yasuo,vi
Yasuos Klingentanz,Kiếm Thuật Của Yasuo,vi
Yasuos Segen,Ân Huệ Của Yasuo,vi
Yasuos „Teile das Rampenlicht“,Hưởng Ké Hào Quang Yasuo,vi
Yasuovo mistrovství meče,Kiếm Thuật Của Yasuo,vi
Yasuovo zlaté pole,Ô Hoàng Kim của Yasuo,vi
Yasuův dar,Ân Huệ Của Yasuo,vi
Yasuův Široký paprsek,Hưởng Ké Hào Quang Yasuo,vi
Yatırımın Getirisi,Đầu Tư,vi
Yayılan Kökler,Cắm Rễ Phân Tán,vi
Yayım Yayındır,Cây Cung Thần Tốc,vi
Yağmacı,Toán Cướp,vi
Yağmacı Amblemi,Ấn Toán Cướp,vi
Yaşayan Ocak,Chế Tạo Tại Chỗ,vi
Yedek Yaylar,Cung Dự Phòng,vi
Yelmo Adaptable,Mũ Thích Nghi,vi
Yelmo adaptable,Mũ Thích Nghi,vi
Yelmo sombrío,Toán Cướp,vi
Yeni Çağ,Kỷ Nguyên,vi
Yenilemeye Devam,Trên Đà Phát Triển,vi
Yenilmez,Bất Khuất,vi
Yok Edici,Hủy Diệt,vi
Yolumdan Dönmem,NHẮM MẮT CHƠI BỪA,vi
You Have My Bow,Cây Cung Thần Tốc,vi
Yozlaşmış Vampirî Asa,Huyết Trượng Tha Hóa,vi
Yük Aktarımı,Chuyển Đổi Năng Lượng,vi
Yüklü Borç,Vay Tạm Ứng,vi
Yüksek Voltaj,Sét Cao Thế,vi
Yükseliş,Thăng Hoa,vi
Yıldız Gözlemcisi,Chiêm Tinh,vi
Yıldız Gözlemcisi Amblemi,Ấn Chiêm Tinh,vi
Yıldız Kombosu,Liên Hoàn Tinh Tú,vi
Yıldızlara Uzan,Vươn Tới Tinh Tú,vi
Yıpranmış Antika,Di Vật Tàn Úa,vi
Za jakou cenu,Cái Giá Phải Trả,vi
Zaangażowanie,Đầu Tư,vi
Zaawansowana Pożyczka,Vay Tạm Ứng,vi
Zabiják obrů,Diệt Khổng Lồ,vi
Zabójca do Wynajęcia,Sát Thủ Đánh Thuê,vi
Zabójczy Kapelusz Rabadona,Mũ Phù Thủy Rabadon,vi
Zagracony Umysł,Bừa Bộn,vi
Zagłada,U Sầu,vi
Zakopane Skarby,Kho Báu Chôn Giấu,vi
Zakopané poklady,Kho Báu Chôn Giấu,vi
Zamankıran,Thời Không,vi
Zamankıran Amblemi,Ấn Thời Không,vi
Zamiř ke hvězdám,Vươn Tới Tinh Tú,vi
Zaměřovací optika,Kính Khóa Mục Tiêu,vi
Zaneprázdněná mysl,Bừa Bộn,vi
Zapora Przedniej Formacji,Củng Cố Tuyến Trước,vi
Zapovězená modla,Dị Vật Tai Ương,vi
Zaprzepaszczona Znajomość,Kết Nối Gián Đoạn,vi
Zapuszczanie Korzeni,Cắm Rễ Phân Tán,vi
Zararına Satış,Thanh Lý Toàn Bộ,vi
Zasłona Równości,Giáp Vai Nguyệt Thần,vi
Zbiry,Vô Pháp,vi
Zbytečně dlouhá hůl,Gậy Quá Khổ,vi
Zdobená pěstnice,Găng Bảo Thạch,vi
Zdobený květ,Khảm Bảo Thạch,vi
Zdrang!,Boong!,vi
Zed,Zed,vi
Zed,Zed Kẻ Xâm Lăng,vi
Zed Invasor,Zed Kẻ Xâm Lăng,vi
Zed Invasore,Zed Kẻ Xâm Lăng,vi
Zefir,Phong Kiếm,vi
Zefiro,Phong Kiếm,vi
Zefír,Phong Kiếm,vi
Zeitbrecher,Thời Không,vi
Zeitbrecher-Emblem,Ấn Thời Không,vi
Zeița armelor,Xạ Thần,vi
Zeke hírnöke,Tụ Bão Zeke,vi
Zeke komor hírnöke,Cờ Lệnh Zeke U Ám,vi
Zeke'nin Kasvetli Sancağı,Cờ Lệnh Zeke U Ám,vi
Zeke'nin Sancağı,Tụ Bão Zeke,vi
Zeke's Bleak Herald,Cờ Lệnh Zeke U Ám,vi
Zeke's Herald,Tụ Bão Zeke,vi
Zekes Herold,Tụ Bão Zeke,vi
Zekes düsterer Herold,Cờ Lệnh Zeke U Ám,vi
Zekeův pochmurný posel,Cờ Lệnh Zeke U Ám,vi
Zekeův posel,Tụ Bão Zeke,vi
Zephir,Phong Kiếm,vi
Zephyr,Phong Kiếm,vi
Zesílení do závěru hry,Thăng Tiến Cuối Trận,vi
Zhouba lichů,Kiếm Tai Ương,vi
Zielerfassungslinse,Kính Khóa Mục Tiêu,vi
Zihin Açıklığı,Thông Thoáng,vi
Zihin Bulanıklığı,Bừa Bộn,vi
Zihinsel Hazırlık,Aura Farming,vi
Zincir Yelek,Giáp Lưới,vi
Zindelik Broşu,Dây Chuyền Tự Lực,vi
Zjazd Urodzinowy,Sinh Nhật Đoàn Tụ,vi
Zkázonoš,U Sầu,vi
Zlaté vejce,Rồng Đẻ Trứng Vàng,vi
Zlatý drak,Kim Long,vi
Zlatý hod,Ván Cược Hoàng Kim,vi
Zlatý monzun,Bão Vàng,vi
Zlodějské rukavice,Găng Đạo Tặc,vi
Zlodějíček,Ăn Trộm,vi
Zmora Licza,Kiếm Tai Ương,vi
Zoe,Zoe,vi
Zorn des Kraken,Thịnh Nộ Thủy Quái,vi
Zoé,Zoe,vi
Zrcadlová osobnost,Hiện Thân Phản Chiếu,vi
Zručná výroba,Khéo Tay Hay Làm,vi
Zrádné upírské žezlo,Huyết Trượng Tha Hóa,vi
Zsivány,Vô Pháp,vi
Zsivány embléma,Ấn Vô Pháp,vi
Zsúfolt elme,Bừa Bộn,vi
Ztracené konexe,Kết Nối Gián Đoạn,vi
Zu etwas nütze,Được Này Mất Kia,vi
Zu viel Wert,2 Vàng Là Nhất,vi
Zu welchem Preis,Cái Giá Phải Trả,vi
Zu zäh,Cặp Đôi Siêu Cứng,vi
Zumito de la risa,Nước Cappa,vi
Zusammenarbeit,Lập Đội,vi
Zwillingswächter,Song Vệ,vi
Zwycięstwo Viktora z Arcane,Arcane Viktor-y,vi
Zz'Rot Kapısı,Thông Đạo Zz'rot,vi
Zz'Rot Portal,Thông Đạo Zz'rot,vi
Zz'Rot-Portal,Thông Đạo Zz'rot,vi
Zz'Rot-kapu,Thông Đạo Zz'rot,vi
Zákeřná monetizace,Dòng Tiền Mờ Ám,vi
Základ přední řady,Củng Cố Tuyến Trước,vi
Záložní luky,Cung Dự Phòng,vi
Záporozó könnyek,Lệ Lưu Ly,vi
Závěrečný spurt,Toàn Thắng,vi
Zářivý rošťák,Quang Lân Tiểu Yêu,vi
Zéfiro,Phong Kiếm,vi
Zéphyr,Phong Kiếm,vi
Zügiger Doppelkill,Song Sát Tốc Hành,vi
Ząb Nashora,Nanh Nashor,vi
Złote Jajo,Rồng Đẻ Trứng Vàng,vi
Złote Pole Yasuo,Ô Hoàng Kim của Yasuo,vi
Złote Ryzyko,Ván Cược Hoàng Kim,vi
Złoty Smok,Kim Long,vi
Złowroga Monetyzacja,Dòng Tiền Mờ Ám,vi
¡Bonk!,Boong!,vi
¡Estadísticas a tutiplén!,Cộng Mệt Nghỉ!,vi
¡Milestadísticas!,Cộng Mệt Nghỉ!,vi
¡Pum!,Boong!,vi
¡Sube de nivel!,Khuyến Mãi Kinh Nghiệm,vi
¡Subes de nivel!,Khuyến Mãi Kinh Nghiệm,vi
¿A qué precio?,Cái Giá Phải Trả,vi
¿Hacemos un Muñeco?,Hình Nhân Hóa,vi
¿Te Sientes con Suerte?,Cảm Thấy May Mắn,vi
À toute meepesse,Meep Cực Tốc,vi
Ábrete Camino,Mở Lối,vi
Állhatatos szív,Trái Tim Kiên Định,vi
Ánima,Siêu Thú,vi
Árbitro,Thần Phán,vi
Árnybáb,Bóng Phân Thân,vi
Árvore de Características,Cây Tộc Hệ,vi
Ägide der Abenddämmerung,Khiên Hoàng Hôn,vi
Ägide der Morgendämmerung,Khiên Hừng Đông,vi
Çelik İntikam,Xạ Thần,vi
Çelikten Yürek,Trái Tim Sắt Đá,vi
Çifte Ödül,Hàng Chờ Đấu Đôi,vi
Échos réparateurs,Thanh Âm Chữa Lành,vi
Édes falatok,Món Quà Ngọt Ngào,vi
Égida del Amanecer,Khiên Hừng Đông,vi
Égida del Ocaso,Khiên Hoàng Hôn,vi
Égida del amanecer,Khiên Hừng Đông,vi
Égida del anochecer,Khiên Hoàng Hôn,vi
Égide da Alvorada,Khiên Hừng Đông,vi
Égide de l'aube,Khiên Hừng Đông,vi
Égide do Crepúsculo,Khiên Hoàng Hôn,vi
Égide du crépuscule,Khiên Hoàng Hôn,vi
Électrocharge,Tụ Điện,vi
Élharcos,Tiên Phong,vi
Élharcos embléma,Ấn Tiên Phong,vi
Énke,Tinh Linh Chuông,vi
Énke embléma,Ấn Tinh Linh Chuông,vi
Énkesebesség,Meep Cực Tốc,vi
Énkike,Meepsie,vi
Época,Kỷ Nguyên,vi
Építhető kísérő,Người Bạn Vàng,vi
Éradicateur,Hủy Diệt,vi
Étincelle ionique,Nỏ Sét,vi
Éveil de l'âme,Thức Tỉnh Linh Hồn,vi
Éxito Crítico,Bước Đột Phá,vi
Éxito crítico,Bước Đột Phá,vi
Ídolo Prohibido,Dị Vật Tai Ương,vi
Ídolo Proibido,Dị Vật Tai Ương,vi
Ídolo prohibido,Dị Vật Tai Ương,vi
Îmbrâncire,Hạ Đo Ván,vi
Îmbrățișare de grup,Ôm Tập Thể,vi
Împrumut avansat,Vay Tạm Ứng,vi
În echipă,Lập Đội,vi
Încărcare electrică,Tụ Điện,vi
Înfățișarea sufletului,Giáp Tâm Linh,vi
Întețește focul,Nếm Mùi Lửa,vi
Învingătorii iau totul,Võ Sĩ Giác Đấu,vi
Învățături timpurii,Bài Học Sơ Khai,vi
Óptica de Fijación de Objetivo,Kính Khóa Mục Tiêu,vi
Óptica de fijado de objetivos,Kính Khóa Mục Tiêu,vi
Óriásölő,Diệt Khổng Lồ,vi
Ödüllü Müsabaka,Võ Sĩ Giác Đấu,vi
Ölüm Kılıcı,Kiếm Tử Thần,vi
Ölümcül Bıçaklar,Kiếm Tử Thần,vi
Öncü,Tiên Phong,vi
Öncü Amblemi,Ấn Tiên Phong,vi
Örök paktum,Khế Ước Vĩnh Hằng,vi
Összetartunk,Kề Vai Sát Cánh,vi
Összetevőrablás,Phi Vụ Trang Bị,vi
Össztűz,Tập Trung Hỏa Lực,vi
Ösztönző medál,Dây Chuyền Tự Lực,vi
Övszállítmány,Đam Mê Đai Lưng,vi
Özel Yapım,Tối Tân,vi
Özellik Ağacı,Cây Tộc Hệ,vi
Özellik Seç,Chọn Tộc/Hệ,vi
Özellikler Kitabı,Sách Chọn Ấn,vi
Újonc,Tuyển Nhân Sự,vi
Újraalkotó,Xoay Bài Tự Động,vi
Újrahasznosító láda,Nhà Máy Tái Chế,vi
Újrasorsolás napestig,Xúc Xắc Vô Tận,vi
Últimas palabras,Cung Xanh,vi
Último Suspiro,Cung Xanh,vi
Último Sussurro,Cung Xanh,vi
Úsměv štěstěny,Cảm Thấy May Mắn,vi
Úsvit nad Stříbromořím,Chùy Bạch Ngân,vi
Útočníkův řemdih,Chùy Đoản Côn,vi
Úvodní poznatky,Bài Học Sơ Khai,vi
Übergroßer Stab,Gậy Quá Khổ,vi
Überlebender,Kẻ Sống Sót,vi
Übungspuppe,Hình Nhân,vi
Ürességkesztyű,Găng Hư Không,vi
Üçler Ordusu,Quân Đoàn 3 Sao,vi
Üçlük,Bộ Ba Hoàn Hảo,vi
Čekající kovárna,Lò Rèn Tiềm Ẩn,vi
Čepel smrti,Kiếm Tử Thần,vi
Červený buff,Bùa Đỏ,vi
Čistá mysl,Thông Thoáng,vi
Částečné vyzdvižení,Bán Thăng Hoa,vi
İdman Eldiveni,Găng Đấu Tập,vi
İhtiyaç Paketi,Gói Bảo Hộ,vi
İki Elin Sesi Var,2 Vàng Là Nhất,vi
İki Kat Güçlendirme,"Một Bùa, Hai Bùa",vi
İkinci Şans,Ngọn Gió Thứ Hai,vi
İkiz Muhafızlar,Song Vệ,vi
İleri Görüşlülük,Nghĩ Về Tương Lai,vi
İleri Safha Gücü,Thăng Tiến Cuối Trận,vi
İleri Safhalarda Görüşürüz,Hướng Đến Hồi Kết,vi
İlk Öğretiler,Bài Học Sơ Khai,vi
İstilacı Zed,Zed Kẻ Xâm Lăng,vi
İyon Kıvılcımı,Nỏ Sét,vi
Ładunek Elektryczny,Tụ Điện,vi
Łamacze Czasu,Thời Không,vi
Ławka Pandory,Hàng Chờ Pandora,vi
Łubudu!,Boong!,vi
Łuki Zapasowe,Cung Dự Phòng,vi
Łut Szczęścia,Cảm Thấy May Mắn,vi
Łza Bogini,Nước Mắt Nữ Thần,vi
Łącze Cybernetyczne,Trí Tuệ Siêu Công Nghệ,vi
Łącze Drona,Kết Nối Drone,vi
Œuf d'or,Rồng Đẻ Trứng Vàng,vi
Říční krab,Cua Kỳ Cục,vi
Ślubowanie Protektora,Lời Thề Hộ Vệ,vi
Świetliste Wywyższenie Kayle,Thăng Hoa Rực Rỡ Của Kayle,vi
Świetlisty Szelma,Quang Lân Tiểu Yêu,vi
Świeży Wyrób,Tối Tân,vi
Świt Srebrzystej,Chùy Bạch Ngân,vi
Şafak Kalkanı,Khiên Hừng Đông,vi
Şafağın Özü,Lõi Bình Minh,vi
Şans Benimle,Cảm Thấy May Mắn,vi
Şanslı Eldiven,Đo Ni Đóng Giày,vi
Şanslı Hissediyorum,Triệu Gọi Hỗn Mang,vi
Şapkat Nektarı,Nước Cappa,vi
Şifalı Küreler,Cầu Hồi Phục,vi
Şifalı Yankılar,Thanh Âm Chữa Lành,vi
Şok Dayanıklı,Cặp Đôi Siêu Cứng,vi
Şövalyenin Adağı,Lời Thề Hiệp Sĩ,vi
Šplhání žebříčkem,Leo Hạng,vi
Štít soumraku,Khiên Hoàng Hôn,vi
Štít úsvitu,Khiên Hừng Đông,vi
Šťáva Cappa,Nước Cappa,vi
Űrzúzda,Hành Tinh,vi
Űrzúzda embléma,Ấn Hành Tinh,vi
Żelazne Zasoby,Kho Báu Sắt,vi
Żywa Kuźnia,Chế Tạo Tại Chỗ,vi
Żywe Srebro,Áo Choàng Thủy Ngân,vi
Železné vybavení,Kho Báu Sắt,vi
Živoucí kovárna,Chế Tạo Tại Chỗ,vi
Žoldnéř,Toán Cướp,vi
Žďuch!,Boong!,vi
Țesător al destinului,Định Mệnh,vi
Țintește spre stele,Vươn Tới Tinh Tú,vi
Άατροξ,Aatrox,vi
Άνιμα,Siêu Thú,vi
Άξιζε η Αναμονή,Chờ Đợi Xứng Đáng,vi
Έζρεαλ,Ezreal,vi
Έμβλημα N.O.V.A.,Ấn N.O.V.A.,vi
Έμβλημα Άνιμα,Ấn Siêu Thú,vi
Έμβλημα Αστρομάντη,Ấn Chiêm Tinh,vi
Έμβλημα Βοσκού,Ấn Du Mục,vi
Έμβλημα Διεκδικητή,Ấn Thách Đấu,vi
Έμβλημα Ελεύθερου Σκοπευτή,Ấn Bắn Tỉa,vi
Έμβλημα Εμπροσθοφυλακής,Ấn Tiên Phong,vi
Έμβλημα Καβγατζή,Ấn Đấu Sĩ,vi
Έμβλημα Κριτή,Ấn Thần Phán,vi
Έμβλημα Μιπ,Ấn Tinh Linh Chuông,vi
Έμβλημα Πριμόρντιαν,Ấn Tộc Thượng Cổ,vi
Έμβλημα Σελασπίδας,Huy Hiệu Lightshield,vi
Έμβλημα Σκοτεινού Ιππότη,Ấn Toán Cướp,vi
Έμβλημα Ταξιδευτή,Ấn Viễn Chinh,vi
Έμβλημα Χρονοθραύστη,Ấn Thời Không,vi
Έμβλημα του Αλήτη,Ấn Vô Pháp,vi
Έμβλημα του Διαστημικού Ρυθμού,Ấn Hành Tinh,vi
Έμβλημα του Προτειχίσματος,Ấn Can Trường,vi
Έμβλημα του Σκοτεινού Άστρου,Ấn Hắc Tinh,vi
Έμβλημα των Σιδηρών Σολάρι,Dây Chuyền Iron Solari,vi
Ένα Κομμάτι Ζωή,Chuyện Đời Thường,vi
"Ένα, Δύο, Πέντε!","Một, Hai, Năm!",vi
"Ένα, Δύο, Τρία",Một Hai Ba,vi
Όλεθρος των Απέθαντων,Kiếm Tai Ương,vi
Όρκος του Ιππότη,Lời Thề Hiệp Sĩ,vi
Όρκος του Υπερασπιστή,Lời Thề Hộ Vệ,vi
Όψη Πνευμάτων,Giáp Tâm Linh,vi
Ύποπτη Καπαρντίνα,Áo Choàng Mờ Ám,vi
Αγωγός,Dẫn Truyền,vi
Αδάμαστος,Bất Khuất,vi
Αιγίδα της Αυγής,Khiên Hừng Đông,vi
Αιγίδα του Δειλινού,Khiên Hoàng Hôn,vi
Αιμοδιψής,Huyết Kiếm,vi
Αιχμή του Απείρου,Vô Cực Kiếm,vi
Αιώνας,Kỷ Nguyên,vi
Αιώνια Διαθήκη,Khế Ước Vĩnh Hằng,vi
Ακάλι,Akali,vi
Ακλόνητη Καρδιά,Trái Tim Kiên Định,vi
Αλήτης,Vô Pháp,vi
Αμοιβαίο Κεφάλαιο,Quỹ Phòng Hộ,vi
Ανέλιξη,Đẩy Nhanh Tiến Độ,vi
Αναλογική αύξηση προς το τέλος του παιχνιδιού,Thăng Tiến Cuối Trận,vi
Αναμονή του Απροσδόκητου,Kỳ Vọng Bất Ngờ,vi
Ανασυνδυαστής,Xoay Bài Tự Động,vi
Ανεβαίνοντας στην Κατάταξη,Leo Hạng,vi
Ανταπόδοση,Báo Oán,vi
Αντιγραφέας,Nhân Bản,vi
Αντικείμενα Πανδώρας,Trang Bị Pandora,vi
Απέραντη Απόγνωση,Áo Choàng Diệt Vong,vi
Απαγορευμένο Είδωλο,Dị Vật Tai Ương,vi
Απατεώνας,Sống Vội,vi
Απλωμένες Ρίζες,Cắm Rễ Phân Tán,vi
Αποθεωτικό Σιδηρουργείο,Lò Rèn Thăng Hoa,vi
Αποκλειστική Προσαρμογή,Lựa Chọn Độc Quyền,vi
Απομίμηση,Nhân Bản,vi
Αποφασιστικότητα του Τιτάνα,Quyền Năng Khổng Lồ,vi
Αρετή του Μάρτυρα,Quyền Trượng Thánh Quang,vi
Ασημένιο Κουτάλι,Đặc Quyền Phú Gia,vi
Ασπίδα για Έναν,Khiên Đơn Đấu,vi
Ασπίδα του Συμβούλου,Lá Chắn Chiến Thuật,vi
Αστρικός Συνδυασμός,Liên Hoàn Tinh Tú,vi
Αστρομάντης,Chiêm Tinh,vi
Ατσάλινοι Πόροι,Kho Báu Sắt,vi
Αυγή στο Σίλβερμιρ,Chùy Bạch Ngân,vi
Αυτοσχέδια Πανοπλία,Giáp Tự Chế,vi
Αφύπνιση Ψυχής,Thức Tỉnh Linh Hồn,vi
Βάρα και Σκάσε,Đánh Là Trúng,vi
Βάρδος,Bard,vi
Βέιγκαρ,Veigar,vi
Βίκτορ,Viktor,vi
Βίκτορ της Απόκρυφης Γνώσης,Arcane Viktor-y,vi
Βαρύ Τίμημα,Cái Giá Phải Trả,vi
Βελτιστοποίηση,Tối Đa Hóa,vi
Βεξ,Vex,vi
Βιονικά Εμφυτεύματα,Cấy Ghép Siêu Công Nghệ,vi
Βιονική Ζεύξη,Trí Tuệ Siêu Công Nghệ,vi
Βοσκός,Du Mục,vi
Βρες Το Κέντρο Σου,Tiền Vệ Trung Tâm,vi
Γ.Μ.Τ. Σπαθί,Kiếm B.F.,vi
Γάντι του Κενού,Găng Hư Không,vi
Γάντια Μονομαχίας,Găng Đấu Tập,vi
Γάντια του Κλέφτη,Găng Đạo Tặc,vi
Γάντια του Φούρναρη,Găng Đấu Sĩ,vi
Γαλαξιακός Κυνηγός,Thợ Săn Vũ Trụ,vi
Γαριδρομέας,Cua Kỳ Cục,vi
Γιαταγάνι Φαντασμάτων,Gươm Biến Ảnh,vi
Γκναρ,Gnar,vi
Γκουέν,Gwen,vi
Γκράγκας,Gragas,vi
Γκρέιβς,Graves,vi
Γκόλεμ,Người Đá,vi
Γνωσιακή Υπερφόρτιση,Quá Tải Tư Duy,vi
Γνωσιακό Κόστος,Thuế Nhận Thức,vi
Γρήγορη Διπλή Εξόντωση,Song Sát Tốc Hành,vi
Γρήγορη Εκκίνηση,Khởi Động Nhanh,vi
Δάκρυ της Θεάς,Nước Mắt Nữ Thần,vi
Δάνειο για προχωρημένους,Vay Tạm Ứng,vi
Δίδυμοι Φύλακες,Song Vệ,vi
Δεν Υποχωρούμε,Giữ Vững Hàng Ngũ,vi
Δεσμευτική Στρατηγική,Chỉ Một Con Đường,vi
Διάβρωση,Ăn Mòn,vi
Διάταξη,Tiền Tuyến Vững Chãi,vi
Διαδρομή Πολέμου,Đường Ra Trận,vi
Διαστημικός Ρυθμός,Hành Tinh,vi
Διεκδικητής,Thách Đấu,vi
Διεφθαρμένο Βαμπιρικό Σκήπτρο,Huyết Trượng Tha Hóa,vi
Διοικήτρια Άνιμα,Chỉ Huy Siêu Thú,vi
Διοικητής,Chỉ Huy,vi
Διπλή Αξία,2 Vàng Là Nhất,vi
Δοκίμασε Την Τύχη Σου,Cảm Thấy May Mắn,vi
Δόντι του Νάσορ,Nanh Nashor,vi
Δόρυ του Σοτζίν,Ngọn Giáo Shojin,vi
Δύο Ντούκια,Cặp Đôi Siêu Cứng,vi
Δώρο Γενεθλίων,Quà Sinh Nhật,vi
Δώσε,Hạ Đo Ván,vi
Εδραιωμένη Εμπροσθοφυλακή,Củng Cố Tuyến Trước,vi
Εδώ οι Καλές Ενισχύσεις,"Một Bùa, Hai Bùa",vi
Εδώ το Παραδάκι,Cơn Khát Vàng,vi
Ειδικός Τελικών Σταδίων Παιχνιδιού,Hướng Đến Hồi Kết,vi
Εισβολέας Ζεντ,Zed Kẻ Xâm Lăng,vi
Εκπαίδευση Σωματοφύλακα,Huấn Luyện Cận Vệ,vi
Εκπτώσεις-φωτιά,Thanh Lý Toàn Bộ,vi
Εκρηκτική Ανάπτυξη,Tăng Trưởng Bùng Nổ,vi
Εκστρατεία,Cuộc Viễn Chinh,vi
Ελαφρώς Μαγική Ζαριά,Quay Trúng Thưởng,vi
Ελεύθερος Σκοπευτής,Bắn Tỉa,vi
Εμπορικός Πυρήνας,Trung Tâm Thương Mại,vi
Εμπορικός Τομέας,Khu Giao Dịch,vi
Εμπροσθοφυλακή,Tiên Phong,vi
Ενισχυμένη Ισχύς,Nâng Tầm Uy Lực,vi
Εξολοθρευτής,Hủy Diệt,vi
Εξόριστοι,Độc Hành,vi
Εξύψωση,Thăng Hoa,vi
Επέκταση,Phân Nhánh,vi
Επένδυση,Đầu Tư,vi
Επίχρυσο Ατσάλι,Thép Mạ Vàng,vi
Επαγγελματίας Δολοφόνος,Sát Thủ Đánh Thuê,vi
Επαγγελματίας Μαχητής,Võ Sĩ Giác Đấu,vi
Επανεκκίνηση Αποστολής,Tái Khởi Động Nhiệm Vụ,vi
Επιζών,Kẻ Sống Sót,vi
Επικίνδυνες Κινήσεις,Nước Đi Liều Lĩnh,vi
Επικό Μπαρμπούτι,Xúc Xắc Hoành Tráng,vi
Επιλέξτε Χαρακτηριστικό,Chọn Tộc/Hệ,vi
Επόμενη Πίστα!,Khuyến Mãi Kinh Nghiệm,vi
Εστιασμένο Πυρ,Tập Trung Hỏa Lực,vi
Ευελιξία,Linh Hoạt,vi
Ευλογία Ανάστασης,Ân Huệ Tái Sinh,vi
Ευλογία του Νταή,Lễ Vật Tái Chế,vi
Ευπροσάρμοστο Κράνος,Mũ Thích Nghi,vi
Εφεδρικά Τόξα,Cung Dự Phòng,vi
Ζάια,Xayah,vi
Ζέφυρος,Phong Kiếm,vi
Ζεντ,Zed,vi
Ζεύξη με Ντρόουν,Kết Nối Drone,vi
Ζοφερός Κήρυκας του Ζέκε,Cờ Lệnh Zeke U Ám,vi
Ζωντανή Πυρά,Chế Tạo Tại Chỗ,vi
Ζόη,Zoe,vi
Ζώνη του Γίγαντα,Đai Khổng Lồ,vi
Η Έξαρση της Κέιλ,Thăng Hoa Của Kayle,vi
Η Ακτινοβόλος Έξαρση της Κέιλ,Thăng Hoa Rực Rỡ Của Kayle,vi
Η Αύρα της Άρι,Hào Quang Của Ahri,vi
Η Εμμονή του Βάρους,Ám Ảnh Của Varus,vi
Η Μεγάλη Έκρηξη,Siêu Vũ Trụ,vi
Η Ξιφασκία του Υασούο,Kiếm Thuật Của Yasuo,vi
Η Υπομονή Είναι Αρετή,Kiên Nhẫn Là Một Đức Tính,vi
Η Υπομονή του Έκκο,Kiên Nhẫn Của Ekko,vi
Η Ψυχή του Πάρτι,Tiệc Tùng,vi
Η ομάδα πάνω απ' όλα,Lập Đội,vi
Ηλεκτροφόρτιση,Tụ Điện,vi
Ημιαγωγός,Chất Bán Dẫn,vi
Ηρωικός Σάκος Δώρων,Túi Đồ Siêu Hùng,vi
Θέατρο Σκιών,Bóng Phân Thân,vi
Θέληση του Ροπάλου,Ý Chỉ Xích Chùy,vi
Θαμμένοι Θησαυροί,Kho Báu Chôn Giấu,vi
Θανάσιμα Καπέλα,Mũ Tử Thần,vi
Θεά των Όπλων,Xạ Thần,vi
Θεϊκή Ευλογία,Thần Ban Phước,vi
Θεϊκός Μονομάχος,Song Đấu,vi
Θυσία Αίματος,Huyết Tế,vi
Θώρακας Κισσού,Áo Choàng Gai,vi
Ιαματικός Αντίλαλος,Thanh Âm Chữa Lành,vi
Ιλλαόη,Illaoi,vi
Ιστορική Ανατροπή,Cố Gắng Lật Kèo,vi
Ιόνιος Σπίθα,Nỏ Sét,vi
Κάδος με Παλιοσίδερα,Nhà Máy Tái Chế,vi
Κάι'Σα,Kai'Sa,vi
Κάλεσμα στο Χάος,Triệu Gọi Hỗn Mang,vi
Κάπα του Συμβούλου,Áo Choàng Chiến Thuật,vi
Κάρμα,Karma,vi
Κάτι Κάνω και Εγώ,Được Này Mất Kia,vi
Κέιτλιν,Caitlyn,vi
Κήρυκας του Ζέκε,Tụ Bão Zeke,vi
Κίντρεντ,Kindred,vi
Καβγατζής,Đấu Sĩ,vi
Καθαρό Μυαλό,Thông Thoáng,vi
Κακόβουλα Έσοδα,Dòng Tiền Mờ Ám,vi
Καλά Φιλαράκια,Bạn Thân,vi
Κανόνι από Γυαλί,Lấy Công Bù Thủ,vi
Καπέλο του Ράμπαντον,Mũ Phù Thủy Rabadon,vi
Καρδιά από Ατσάλι,Trái Tim Sắt Đá,vi
Καταιγίδα του Λούντεν,Bão Tố Luden,vi
Καταναλωτική Μανία,Tín Đồ Mua Sắm,vi
Καταραμένη Λεπίδα,Kiếm Cong,vi
Καταραμένο Πετράδι,Đá Hắc Hóa,vi
Καταραμένο Στέμμα,Vương Miện Hắc Hóa,vi
Καταστροφέας,U Sầu,vi
Κατοπτρισμένη Προσωπικότητα,Hiện Thân Phản Chiếu,vi
Κατώτερη Κατοπτρισμένη Προσωπικότητα,Hiện Thân Phản Chiếu Cỡ Nhỏ,vi
Καχουναχούνα,Kamekameha,vi
Κολοσσιαία Ύδρα,Rìu Đại Mãng Xà,vi
Κοσμική Επανεκκίνηση,Tái Lập Vũ Trụ,vi
Κουζίνα του Συμβούλου,Linh Thú Vào Bếp,vi
Κουκλοποίηση,Hình Nhân Hóa,vi
Κούκλα Εκπαίδευσης,Hình Nhân,vi
Κούκλες Δοκιμής Σύγκρουσης,Hình Nộm Va Chạm,vi
Κρίσιμη Επιτυχία,Bước Đột Phá,vi
Κριτής,Thần Phán,vi
Κρυφό Εργαστήριο,Lò Rèn Tiềm Ẩn,vi
Κυνήγι Θησαυρού,Săn Kho Báu,vi
Κυρτό Τόξο,Cung Gỗ,vi
Κόκκινη Ενίσχυση,Bùa Đỏ,vi
Κόπανος Εφόδου,Chùy Đoản Côn,vi
Κόρκι,Corki,vi
Κύπελλο της Δύναμης,Cốc Sức Mạnh,vi
ΛεΜπλάν,LeBlanc,vi
Λεγεώνα των Τριών,Quân Đoàn 3 Sao,vi
Λειτουργία Αγωγού,Chế Độ Dẫn Truyền,vi
Λειτουργία Αντιγραφέα,Chế Độ Nhân Bản,vi
Λειτουργία Διεκδικητή,Chế Độ Thách Đấu,vi
Λελογισμένη Ήττα,Thua Có Tính Toán,vi
Λεπίδα Θανάτου,Kiếm Tử Thần,vi
Λεπίδα της Νύχτας,Áo Choàng Bóng Tối,vi
Λεόνα,Leona,vi
Ληστεία Συστατικών,Phi Vụ Trang Bị,vi
Λισάντρα,Lissandra,vi
Λογαριασμός Ταμιευτηρίου,Tài Khoản Tiết Kiệm,vi
Λούλου,Lulu,vi
Λυτρωτής,Chuộc Tội,vi
Μάζωξη γενεθλίων,Sinh Nhật Đoàn Tụ,vi
Μάντης,Tiên Tri,vi
Μάστερ Γι,Master Yi,vi
Μέγιστο Build,Đội Hình Tối Ưu,vi
Μένουμε Ενωμένοι,Kề Vai Sát Cánh,vi
Μίλιο,Milio,vi
Μίνι Μαύρη Τρύπα,Hố Đen Tí Hon,vi
Μαγική Ζαριά,Xúc Xắc Ma Pháp,vi
Μαγικό Υφαντό,Ma Thuật Đan Kết,vi
Μαγοτεχνικό Σπαθοπίστολο,Kiếm Súng Hextech,vi
Μαζί Ενωμένοι,Nhất Thống,vi
Μαζί στο Φως των Προβολέων του Υασούο,Hưởng Ké Hào Quang Yasuo,vi
Μαθήματα Πυγμαχίας,Tập Chịu Đòn,vi
Μανδύας Εξουδετέρωσης,Áo Choàng Bạc,vi
Μανδύας του Ήλιου,Áo Choàng Lửa,vi
Μαοκάι,Maokai,vi
Μεγάλοι Και Τρανοί,To Lớn & Mạnh Mẽ,vi
Μερική Εξύψωση,Bán Thăng Hoa,vi
Μεταφορά Φορτίου,Chuyển Đổi Năng Lượng,vi
Μια Ένδοξη Περιπέτεια,Cuộc Phiêu Lưu Tôn Quý,vi
Μικροί Στο Μάτι,Nhỏ Mà Có Võ,vi
Μικροσκοπικοί Τιτάνες,Khổng Lồ Hóa,vi
Μικρούληδες Φίλοι,Những Người Bạn Nhỏ,vi
Μικρός Σάκος Δώρων,Túi Đồ Cỡ Nhỏ,vi
Μιπ,Tinh Linh Chuông,vi
Μιπίδιο,Meepsie,vi
Μις Φόρτσουν,Miss Fortune,vi
Μοργκάνα,Morgana,vi
Μορελονομικόν,Quỷ Thư Morello,vi
Μορντεκάιζερ,Mordekaiser,vi
Μπελ'Βεθ,Bel'Veth,vi
Μπλίτζκρανκ,Blitzcrank,vi
Μπλε Ενίσχυση,Bùa Xanh,vi
Μπονκ!,Boong!,vi
Μπράιαρ,Briar,vi
Νάμι,Nami,vi
Νάσους,Nasus,vi
Νεοσύλλεκτος,Tuyển Nhân Sự,vi
Νούνου και Γουίλαμπ,Nunu & Willump,vi
Ντιάνα,Diana,vi
Ντόρτια,Tứ Phương Tiếp Viện,vi
Νύχι του Δράκου,Vuốt Rồng,vi
Νύχια του Λωποδύτη,Móng Vuốt Ám Muội,vi
Ο Δολοφόνος που δεν Κάνει Διακρίσεις,Sát Thủ Khát Máu,vi
Ο Πάγκος της Πανδώρας,Hàng Chờ Pandora,vi
Ο Πρωταγωνιστής δεν Πεθαίνει,Hào Quang Nhân Vật Chính,vi
Ο Πύργος,Tòa Tháp,vi
Ο Χρυσός Δράκος,Kim Long,vi
Ο πιο Μικροσκοπικός Τιτάνας,Khổng Lồ Tí Hon,vi
"ΟΧΙ ΠΑΡΑΚΟΛΟΥΘ., ΟΧΙ ΑΛΛΑΓΕΣ",NHẮM MẮT CHƠI BỪA,vi
Οι Απροσάρμοστοι,Lệch Chuẩn,vi
"Οικονόμος, όχι Τσιγκούνης",Tiêu Dùng Thông Minh,vi
Ολοκαίνουργιο,Tối Tân,vi
Ομαδική Αγκαλιά,Ôm Tập Thể,vi
Οπτικά Συστήματα Στόχευσης,Kính Khóa Mục Tiêu,vi
Οργή του Κράκεν,Thịnh Nộ Thủy Quái,vi
Οργανικό Εμφύτευμα,Cảm Quan Cấy Ghép,vi
Οργισμένο Σπαθί του Γκουίνσου,Cuồng Đao Guinsoo,vi
Ορν,Ornn,vi
Ουρά Αναμονής Για Δύο,Hàng Chờ Đấu Đôi,vi
Ούργκοτ,Urgot,vi
Πάικ,Pyke,vi
Πάνθεον,Pantheon,vi
Πέπλο Δειλινού,Giáp Vai Nguyệt Thần,vi
Πέπλο της Σιωπής,Áo Choàng Tĩnh Lặng,vi
Πέτρινη Πανοπλία του Γκαργκόιλ,Thú Tượng Thạch Giáp,vi
Πακέτο Ενίσχυσης,Gói Tăng Cường,vi
Πακέτο Φροντίδας,Gói Bảo Hộ,vi
Πανοπλία του Γόρμογκ,Giáp Máu Warmog,vi
Παρανοϊκό Ξίφος,Đao Tím,vi
Παρασιτική Ζωτικότητα,Hút Sinh Lực,vi
Παρενέργειες,Phản Ứng Phụ,vi
Περίσσευμα Ζωνών,Đam Mê Đai Lưng,vi
Περίσσευμα Ραβδιών,Đam Mê Gậy,vi
Περίσσευμα Σπαθιών,Đam Mê Kiếm,vi
Περίτεχνη Δημιουργία,Khéo Tay Hay Làm,vi
Περικάρπιο του Ερευνητή,Giáp Tay Seeker,vi
Περιττά Τεράστια Ράβδος,Gậy Quá Khổ,vi
Περπάτα στα Κάρβουνα,Nếm Mùi Lửa,vi
Πετραδένιο Γάντι,Găng Bảo Thạch,vi
Πετραδένιος Λωτός,Khảm Bảo Thạch,vi
Πηγαίνοντας Μακριά,Thích Mở Rộng,vi
Πιο Θανάσιμες Λεπίδες,Kiếm Tử Thần,vi
Πλέγμα Κακόβουλου Λογισμικού,Ma Trận Mã Độc,vi
Πνεύμα Λύτρωσης,Linh Hồn Chuộc Tội,vi
Πολλά Στατιστικά!,Cộng Mệt Nghỉ!,vi
Πολλές Ανανεώσεις,Xúc Xắc Vô Tận,vi
Πολυκαιρισμένο Κειμήλιο,Di Vật Tàn Úa,vi
Πολυτελής Συνδρομή,Gói Đăng Ký Hạng Sang,vi
Πολύπλευρο Κέρδος,Toàn Thắng,vi
Πριμόρντιαν,Tộc Thượng Cổ,vi
Πρισματικό Εισιτήριο,Vé Kim Cương,vi
Προνοητική Σκέψη,Nghĩ Về Tương Lai,vi
Προστασία από Άπειρο,Bảo Hộ Vô Tận,vi
Προτείχισμα,Can Trường,vi
Προτείχισμα,Chiến Lũy,vi
Πρόκληση του Στέρακ,Móng Vuốt Sterak,vi
Πρώιμες Διδαχές,Bài Học Sơ Khai,vi
Πόπι,Poppy,vi
Πύλη Ζζ'Ροτ,Thông Đạo Zz'rot,vi
Ράαστ,Rhaast,vi
Ράβδος του Κενού,Trượng Hư Vô,vi
Ράβδος των Σεραφίμ,Trượng Đại Thiên Sứ,vi
Ράμους,Rammus,vi
Ρίβεν,Riven,vi
Ραβδί Αρχάγγελου,Quyền Trượng Thiên Thần,vi
Ρεκ'Σάι,Rek'Sai,vi
Σάκος Δώρων,Tiếp Tế Trang Bị,vi
Σάκος Δώρων του Ουρφ,Túi Đồ Urf,vi
Σάκος Μεγάλου Κάβουρα,Túi Đồ Cỡ Đại,vi
Σαμίρα,Samira,vi
Σεν,Shen,vi
Σιδερόπλεκτο Γιλέκο,Giáp Lưới,vi
Σκοτεινή Κυρία,Ác Nữ,vi
Σκοτεινό Άστρο,Hắc Tinh,vi
Σκοτεινός Ιππότης,Toán Cướp,vi
Σκοτισμένο Μυαλό,Bừa Bộn,vi
Σμιλεμένο με Δύναμη,Tôi Luyện Sức Mạnh,vi
Σοκολατάκια,Món Quà Ngọt Ngào,vi
Σούφρωμα,Ăn Trộm,vi
Σπάτουλα,Siêu Xẻng,vi
Στέμμα του Συμβούλου,Vương Miện Chiến Thuật,vi
Στεμματοφύλακας,Vương Miện Hoàng Gia,vi
Στιλέτο Στατικού Ηλεκτρισμού,Dao Điện Statikk,vi
Στόχος μας τα Άστρα,Vươn Tới Tinh Tú,vi
Συγκέντρωση Δυνάμεων,Ngọn Gió Thứ Hai,vi
Συγκέντρωση Ορίζοντα,Kính Nhắm Ma Pháp,vi
Συμμορία,Băng Trộm,vi
Συμμορία II,Băng Trộm II,vi
Συνδρομητική Υπηρεσία,Dịch Vụ Gói Đăng Ký,vi
Συνεχής Επίκληση,Triệu Hồi Bất Tận,vi
Συντήρηση Βιοΰλης,Bảo Tồn Sinh Chất,vi
Σφαίρες Θεραπείας,Cầu Hồi Phục,vi
Σχέδιο Οπισθοφυλακής,Sơ Đồ Tuyến Sau,vi
Σόλο Άνοδος Επιπέδου,Tôi Thăng Cấp Một Mình,vi
Σόνα,Sona,vi
Σύμμαχος του Οδοιπόρου,Đồng Minh Của Bụt,vi
Σύσφιξη Δεσμών,Xây Dựng Đội Hình,vi
Τάλον,Talon,vi
Τίμο,Teemo,vi
Τα Δάκρυα Κύλησαν,Lệ Lưu Ly,vi
Ταμ Κεντς,Tahm Kench,vi
Ταμπλό του Ήλιου,Phóng Hỏa,vi
Ταξιδευτής,Viễn Chinh,vi
Τελευταίος Ψίθυρος,Cung Xanh,vi
Τερμιπική Ταχύτητα,Meep Cực Tốc,vi
Τεχνίτης Ραβδιών,Thợ Rèn Gậy,vi
Τεχνίτης Σπαθιών,Thợ Rèn Kiếm,vi
Τζαξ,Jax,vi
Τζιν,Jhin,vi
Τζινξ,Jinx,vi
Τηγάνι,Chảo Vàng,vi
Τιμή σε Αίμα,Huyết Giá,vi
Τιμή του Πολέμαρχου,Chiến Tướng Khải Hoàn,vi
Το Ένστικτο της Έβελιν,Trực Giác Của Evelynn,vi
Το Δέντρο των Χαρακτηριστικών,Cây Tộc Hệ,vi
Το Δώρο της Άρι,Ân Huệ Của Ahri,vi
Το Δώρο της Έβελιν,Ân Huệ Của Evelynn,vi
Το Δώρο της Κέιλ,Ân Huệ Của Kayle,vi
Το Δώρο της Σοράκα,Ân Huệ Của Soraka,vi
Το Δώρο του Έκκο,Ân Huệ Của Ekko,vi
Το Δώρο του Βάρους,Ân Huệ Của Varus,vi
Το Δώρο του Θρες,Ân Huệ Của Thresh,vi
Το Δώρο του Υασούο,Ân Huệ Của Yasuo,vi
Το Δώρο του Ωρέλιον Σολ,Ân Huệ Của Aurelion Sol,vi
Το Θαύμα της Σοράκα,Phép Màu Của Soraka,vi
Το Λημέρι του Βαρόνου,Hang Ổ Baron,vi
Το Μέγεθος Μετράει,Kích Cỡ Là Quan Trọng,vi
Το Πανίσχυρο Mech,Robot,vi
Το Στέμμα Είναι Βαρύ,Vương Miện Nặng Trĩu,vi
Το Τέχνασμα του Ουρφ,Ván Cược URF,vi
Το Τεσσάρι το Καλό,Số 4 Hoàn Hảo,vi
Το Τόξο μου στη Διάθεσή σου,Cây Cung Thần Tốc,vi
Το Φανάρι του Θρες,Lồng Đèn Của Thresh,vi
Το Χαρντκόρε Της Αυγής,Lõi Bình Minh,vi
Το Χρυσό Αυγό,Rồng Đẻ Trứng Vàng,vi
Τονωτικό Μενταγιόν,Dây Chuyền Tự Lực,vi
Τουίστεντ Φέιτ,Twisted Fate,vi
Τρίδυμο,Bộ Ba Hoàn Hảo,vi
Τρεμολεπίδες,Đao Chớp,vi
Τσεκούρι της Κόλασης,Rìu Hỏa Ngục,vi
Τσο'Γκαθ,Cho'Gath,vi
Τυχερά Γάντια,Đo Ni Đóng Giày,vi
Τόμος Χαρακτηριστικών,Sách Chọn Ấn,vi
"Τώρα Κλαις, Γιατί Κλαις",Giọt Lệ Bi Ai,vi
Τώρα Που Έχω Ρέντα,Trên Đà Phát Triển,vi
ΥΠΕΡΤΑΧYΤΑΤΟ ΠΥΡ,U.R.F.,vi
Υδράργυρος,Áo Choàng Thủy Ngân,vi
Υπέρλαμπρος Κατεργάρης,Quang Lân Tiểu Yêu,vi
Υπομονετική Μελέτη,Kiên Nhẫn Học Tập,vi
Υφάντρα της Μοίρας,Định Mệnh,vi
Υψηλή Τάση,Sét Cao Thế,vi
Φαρμάρισμα Αύρας,Aura Farming,vi
Φιζ,Fizz,vi
Φιόρα,Fiora,vi
Φλεγόμενο Ολμοβόλο,Đại Bác Liên Thanh,vi
Φολιδωτή Ουσία,Tinh Túy Kim Long,vi
Φονέας Γιγάντων,Diệt Khổng Lồ,vi
Φορητό Εργαστήριο,Lò Rèn Thần Thoại,vi
Φτιάξε Έναν Φίλο,Chế Tạo Bằng Hữu,vi
Φτιάξε τον Δικό σου Φίλο,Tự Lập Đội,vi
Φτιάξτε έναν σύντροφο,Người Bạn Vàng,vi
Φυλαχτό της Εξύψωσης,Bùa Thăng Hoa,vi
Χάλκινη για Πάντα,Tất Tay Bậc Đồng,vi
Χέρι της Δικαιοσύνης,Bàn Tay Công Lý,vi
Χαμένες Συνδέσεις,Kết Nối Gián Đoạn,vi
Χαράξτε Μονοπάτι,Mở Lối,vi
Χαρτζιλίκι,Tiền Ăn Trưa,vi
Χρηματοθύελλα,Bão Vàng,vi
Χρονοθραύστης,Thời Không,vi
Χρυσό Εξάγωνο του Υασούο,Ô Hoàng Kim của Yasuo,vi
Χρυσό Ποντάρισμα,Ván Cược Hoàng Kim,vi
Χυμός Κάπα,Nước Cappa,vi
Ψαροκόκκαλο,Pháo Xương Cá,vi
Ψυχογενές Έμβλημα,Ấn Siêu Linh,vi
Ψυχογενής,Siêu Linh,vi
Ωρέλιον Σολ,Aurelion Sol,vi
Ωρολογιακός Επιταχυντής,Động Cơ Tăng Tốc,vi
Ωρόρα,Aurora,vi
Авангард,Tiên Phong,vi
Аврора,Aurora,vi
Агрессивная монетизация,Dòng Tiền Mờ Ám,vi
Адаптивный шлем,Mũ Thích Nghi,vi
Акали,Akali,vi
Арбитр,Thần Phán,vi
Арена солнечного пламени,Phóng Hỏa,vi
Атрокс,Aatrox,vi
Аугментированная сила,Nâng Tầm Uy Lực,vi
Аура Ари,Hào Quang Của Ahri,vi
Аурелион Сол,Aurelion Sol,vi
Бард,Bard,vi
Башня,Tòa Tháp,vi
Бел'Вет,Bel'Veth,vi
Бесконечное отчаяние,Áo Choàng Diệt Vong,vi
Благословлен.,Thần Ban Phước,vi
Близость удачи,Cảm Thấy May Mắn,vi
Блицкранк,Blitzcrank,vi
Божественный дуэлянт,Song Đấu,vi
Более смертельные шляпы,Mũ Tử Thần,vi
Больше – лучше,Kích Cỡ Là Quan Trọng,vi
Большой взрыв,Siêu Vũ Trụ,vi
Большой мешок с сюрпризом,Túi Đồ Cỡ Đại,vi
Боньк!,Boong!,vi
Брайер,Briar,vi
Бронза навек,Tất Tay Bậc Đồng,vi
Бунтари,Lệch Chuẩn,vi
Буря Людена,Bão Tố Luden,vi
Бустер,Gói Tăng Cường,vi
В лучах славы (Ясуо),Hưởng Ké Hào Quang Yasuo,vi
В ударе,Trên Đà Phát Triển,vi
Варежки,Găng Đấu Sĩ,vi
Вверх по головам,Leo Hạng,vi
Вейгар,Veigar,vi
Векс,Vex,vi
Вербовка,Tuyển Nhân Sự,vi
Верное сердце,Trái Tim Kiên Định,vi
Вестник Зика,Tụ Bão Zeke,vi
Вестник рока,U Sầu,vi
Вечерний покров,Giáp Vai Nguyệt Thần,vi
Вечное обновление,Xúc Xắc Vô Tận,vi
Вечный договор,Khế Ước Vĩnh Hằng,vi
Взрывной рост,Tăng Trưởng Bùng Nổ,vi
Виктор,Viktor,vi
Возвышение Кейл,Thăng Hoa Của Kayle,vi
Возмездие,Báo Oán,vi
Вознесение,Thăng Hoa,vi
Волевая победа,Cố Gắng Lật Kèo,vi
Воля булавы,Ý Chỉ Xích Chùy,vi
Воровская шайка,Băng Trộm,vi
Воровская шайка II,Băng Trộm II,vi
Восстанавливающий медальон,Dây Chuyền Tự Lực,vi
Вредоносная матрица,Ma Trận Mã Độc,vi
Вредоносный самоцвет,Đá Hắc Hóa,vi
Второе дыхание,Ngọn Gió Thứ Hai,vi
Выбор особенности,Chọn Tộc/Hệ,vi
Выбор сделан,NHẮM MẮT CHƠI BỪA,vi
Выгодное предложение,Tiêu Dùng Thông Minh,vi
Выживший,Kẻ Sống Sót,vi
Высокая ценность,2 Vàng Là Nhất,vi
Высокое напряжение,Sét Cao Thế,vi
Галактика грува,Hành Tinh,vi
Гамбит Урфа,Ván Cược URF,vi
Гвен,Gwen,vi
Герб Лайтшилдов,Huy Hiệu Lightshield,vi
Геройский мешок с сюрпризом,Túi Đồ Siêu Hùng,vi
Гибкость,Linh Hoạt,vi
Гнар,Gnar,vi
Голем,Người Đá,vi
Головокружение,Bừa Bộn,vi
Головорез,Vô Pháp,vi
Горнило испытаний,Tôi Luyện Sức Mạnh,vi
Грабеж,Ăn Trộm,vi
Грагас,Gragas,vi
Грань Бесконечности,Vô Cực Kiếm,vi
Грань ночи,Áo Choàng Bóng Tối,vi
Грейвз,Graves,vi
Гроза Личей,Kiếm Tai Ương,vi
Гроза галактики,Xạ Thần,vi
Групповые обнимашки,Ôm Tập Thể,vi
Гуляка,Tiệc Tùng,vi
Да пребудет с вами сила четверки,Số 4 Hoàn Hảo,vi
Дальновидность,Nghĩ Về Tương Lai,vi
Дар Ари,Ân Huệ Của Ahri,vi
Дар Аурелиона Сола,Ân Huệ Của Aurelion Sol,vi
Дар Варуса,Ân Huệ Của Varus,vi
Дар Кейл,Ân Huệ Của Kayle,vi
Дар Сораки,Ân Huệ Của Soraka,vi
Дар Треша,Ân Huệ Của Thresh,vi
Дар Эвелинн,Ân Huệ Của Evelynn,vi
Дар Экко,Ân Huệ Của Ekko,vi
Дар Ясуо,Ân Huệ Của Yasuo,vi
Дар возрождения,Ân Huệ Tái Sinh,vi
Дар ремесленника,Lễ Vật Tái Chế,vi
Два стража,Song Vệ,vi
Двойная защита,Cặp Đôi Siêu Cứng,vi
Дебошир,Đấu Sĩ,vi
Дерево особенностей,Cây Tộc Hệ,vi
Держать строй!,Giữ Vững Hàng Ngũ,vi
Держимся вместе,Kề Vai Sát Cánh,vi
Джакс,Jax,vi
Джин,Jhin,vi
Джинкс,Jinx,vi
Диана,Diana,vi
Добродетель мученика,Quyền Trượng Thánh Quang,vi
Доспех Вармога,Giáp Máu Warmog,vi
Драгоценная перчатка,Găng Bảo Thạch,vi
Драгоценный лотос,Khảm Bảo Thạch,vi
Дух искупления,Linh Hồn Chuộc Tội,vi
Жажда золота,Cơn Khát Vàng,vi
Железный аргумент,Kho Báu Sắt,vi
Живая кузница,Chế Tạo Tại Chỗ,vi
Живучесть вампира,Hút Sinh Lực,vi
Жулик,Sống Vội,vi
Задира,Thách Đấu,vi
Закопанные сокровища,Kho Báu Chôn Giấu,vi
Западный ветер,Phong Kiếm,vi
Запасные луки,Cung Dự Phòng,vi
Запретный идол,Dị Vật Tai Ương,vi
Заточка Статикка,Dao Điện Statikk,vi
Защита вечности,Bảo Hộ Vô Tận,vi
Звездная комбинация,Liên Hoàn Tinh Tú,vi
Звездочет,Chiêm Tinh,vi
Звериный отряд,Siêu Thú,vi
Зед,Zed,vi
Зеркальное отражение,Hiện Thân Phản Chiếu,vi
Златоносная сущность,Tinh Túy Kim Long,vi
Зов хаоса,Triệu Gọi Hỗn Mang,vi
Зои,Zoe,vi
Золотая ячейка Ясуо,Ô Hoàng Kim của Yasuo,vi
Золотое яйцо,Rồng Đẻ Trứng Vàng,vi
Золотой дракон,Kim Long,vi
Золотой риск,Ván Cược Hoàng Kim,vi
Золотой ураган,Bão Vàng,vi
Зуб Нашора,Nanh Nashor,vi
Игра в команде,Lập Đội,vi
Игра в паре,Hàng Chờ Đấu Đôi,vi
Игра вдолгую,Thích Mở Rộng,vi
Избиение,Hạ Đo Ván,vi
Изгнание,Độc Hành,vi
Изогнутый лук,Cung Gỗ,vi
Иллаой,Illaoi,vi
Инвестиции,Đầu Tư,vi
Инстинкты Эвелинн,Trực Giác Của Evelynn,vi
Ионийская искра,Nỏ Sét,vi
Искупитель,Chuộc Tội,vi
Искусное искусство,Khéo Tay Hay Làm,vi
Испытание Стерака,Móng Vuốt Sterak,vi
Иссушенная реликвия,Di Vật Tàn Úa,vi
Истребитель,Hủy Diệt,vi
Кай'Са,Kai'Sa,vi
Какой ценой?,Cái Giá Phải Trả,vi
Каменный доспех гаргульи,Thú Tượng Thạch Giáp,vi
Карма,Karma,vi
Карманные деньги,Tiền Ăn Trưa,vi
Карьерный рост,Đẩy Nhanh Tiến Độ,vi
Кахунахуна,Kamekameha,vi
Кейтлин,Caitlyn,vi
Киберимпланты,Cấy Ghép Siêu Công Nghệ,vi
Киберподдержка,Trí Tuệ Siêu Công Nghệ,vi
Киндред,Kindred,vi
Клинок смерти,Kiếm Tử Thần,vi
Клинок ярости Гинсу,Cuồng Đao Guinsoo,vi
Клятва защитника,Lời Thề Hộ Vệ,vi
Клятва рыцаря,Lời Thề Hiệp Sĩ,vi
Книга особенностей,Sách Chọn Ấn,vi
Когнитивная нагрузка,Thuế Nhận Thức,vi
Когнитивная перегрузка,Quá Tải Tư Duy,vi
Коготь дракона,Vuốt Rồng,vi
Коготь охотника,Móng Vuốt Ám Muội,vi
Кольчуга,Giáp Lưới,vi
Командир,Chỉ Huy,vi
Командир Звериного отряда,Chỉ Huy Siêu Thú,vi
Конструктор,Tự Lập Đội,vi
Копье Седзина,Ngọn Giáo Shojin,vi
Корки,Corki,vi
Королевский венец,Vương Miện Hoàng Gia,vi
Корона тактика,Vương Miện Chiến Thuật,vi
Коррозия,Ăn Mòn,vi
Космическое обновление,Tái Lập Vũ Trụ,vi
Кража компонентов,Phi Vụ Trang Bị,vi
Красное усиление,Bùa Đỏ,vi
Критический успех,Bước Đột Phá,vi
Кровавая цена,Huyết Giá,vi
Кровавое подношение,Huyết Tế,vi
Кровопийца,Huyết Kiếm,vi
Крошки-великаны,Khổng Lồ Hóa,vi
Крупный займ,Vay Tạm Ứng,vi
Кузница апофеоза,Lò Rèn Thăng Hoa,vi
Кусочек жизни,Chuyện Đời Thường,vi
Кухня тактика,Linh Thú Vào Bếp,vi
Ле Блан,LeBlanc,vi
Легион троек,Quân Đoàn 3 Sao,vi
Леденящий Вестник Зика,Cờ Lệnh Zeke U Ám,vi
Леона,Leona,vi
Летающие ножи,Đao Chớp,vi
Лиссандра,Lissandra,vi
Логово Барона,Hang Ổ Baron,vi
Лопатка,Siêu Xẻng,vi
Лулу,Lulu,vi
Лучезарное возвышение Кейл,Thăng Hoa Rực Rỡ Của Kayle,vi
Лучезарный плут,Quang Lân Tiểu Yêu,vi
Лучшая сборка,Đội Hình Tối Ưu,vi
Лучшие друзья,Bạn Thân,vi
Магические кости,Xúc Xắc Ma Pháp,vi
"Мал, да удал",Nhỏ Mà Có Võ,vi
Малая черная дыра,Hố Đen Tí Hon,vi
Маленькие друзья,Những Người Bạn Nhỏ,vi
Малое Зеркальное отражение,Hiện Thân Phản Chiếu Cỡ Nhỏ,vi
Манекенофикация,Hình Nhân Hóa,vi
Манекены для краш-тестов,Hình Nộm Va Chạm,vi
Мантия тактика,Áo Choàng Chiến Thuật,vi
Маокай,Maokai,vi
Мародер,Toán Cướp,vi
Мастер Йи,Master Yi,vi
Мастер мечей,Thợ Rèn Kiếm,vi
Мастер посохов,Thợ Rèn Gậy,vi
Мастерство Ясуо,Kiếm Thuật Của Yasuo,vi
Медальон Железных Солари,Dây Chuyền Iron Solari,vi
Мешок предметов,Tiếp Tế Trang Bị,vi
Мешок с сюрпризом Урфа,Túi Đồ Urf,vi
Милио,Milio,vi
Минмаксинг,Tối Đa Hóa,vi
Мипер,Tinh Linh Chuông,vi
Мипоритка,Meepsie,vi
Мисс Фортуна,Miss Fortune,vi
Могучие исполины,To Lớn & Mạnh Mẽ,vi
Моргана,Morgana,vi
Мордекайзер,Mordekaiser,vi
Мореллономикон,Quỷ Thư Morello,vi
Мощь на позднем этапе,Thăng Tiến Cuối Trận,vi
Н.О.В.А.,N.O.V.A.,vi
Набор ауры,Aura Farming,vi
Наемный убийца,Sát Thủ Đánh Thuê,vi
Накидка солнечного пламени,Áo Choàng Lửa,vi
Накопитель биомассы,Bảo Tồn Sinh Chất,vi
Накопительный вклад,Tài Khoản Tiết Kiệm,vi
Нами,Nami,vi
Наручи Искательницы,Giáp Tay Seeker,vi
Настоящий триумф,Toàn Thắng,vi
Насус,Nasus,vi
Небольшой мешок с сюрпризом,Túi Đồ Cỡ Nhỏ,vi
Непрерывное колдовство,Triệu Hồi Bất Tận,vi
Несокрушимый,Can Trường,vi
Нет на месте,AFK,vi
Неукротимость,Bất Khuất,vi
Нечестивый Вампирский скипетр,Huyết Trượng Tha Hóa,vi
Новинка,Tối Tân,vi
Новый уровень!,Khuyến Mãi Kinh Nghiệm,vi
Номер один,Kết Nối Gián Đoạn,vi
Нуну и Виллумп,Nunu & Willump,vi
Облачение духов,Giáp Tâm Linh,vi
Обновление с капелькой магии,Quay Trúng Thưởng,vi
Одержимость Варуса,Ám Ảnh Của Varus,vi
Один доспех,Khiên Đơn Đấu,vi
"Один, два, три",Một Hai Ba,vi
"Одно усиление, два усиления","Một Bùa, Hai Bùa",vi
Ожидаемая неожиданность,Kỳ Vọng Bất Ngờ,vi
Оплот,Chiến Lũy,vi
Оплот передней линии,Củng Cố Tuyến Trước,vi
Оправданное ожидание,Chờ Đợi Xứng Đáng,vi
Оптика с захватом цели,Kính Khóa Mục Tiêu,vi
Оракул,Tiên Tri,vi
Орн,Ornn,vi
Охота за сокровищами,Săn Kho Báu,vi
Охотник Галактики,Thợ Săn Vũ Trụ,vi
Пайк,Pyke,vi
Пантеон,Pantheon,vi
Пастух,Du Mục,vi
Перезапуск миссии,Tái Khởi Động Nhiệm Vụ,vi
Переизбыток жезлов,Đam Mê Gậy,vi
Переизбыток мечей,Đam Mê Kiếm,vi
Переизбыток поясов,Đam Mê Đai Lưng,vi
Перенос заряда,Chuyển Đổi Năng Lượng,vi
Переносная кузница,Lò Rèn Thần Thoại,vi
Переработка отходов,Nhà Máy Tái Chế,vi
Перчатка Бездны,Găng Hư Không,vi
Перчатки вора,Găng Đạo Tặc,vi
Плетение магии,Ma Thuật Đan Kết,vi
Плечом к плечу,Nhất Thống,vi
Победа Виктора из ''Аркейна'',Arcane Viktor-y,vi
Побочные эффекты,Phản Ứng Phụ,vi
Поглощающий плащ,Áo Choàng Bạc,vi
Подарок на день рождения,Quà Sinh Nhật,vi
Подготовка телохранителя,Huấn Luyện Cận Vệ,vi
Поднятие уровня в одиночку,Tôi Thăng Cấp Một Mình,vi
Подозрительный плащ,Áo Choàng Mờ Ám,vi
Подписка,Dịch Vụ Gói Đăng Ký,vi
Позолоченная сталь,Thép Mạ Vàng,vi
Покров тишины,Áo Choàng Tĩnh Lặng,vi
Покупки,Tín Đồ Mua Sắm,vi
Полупроводник,Chất Bán Dẫn,vi
Поппи,Poppy,vi
Портал Зз'Рота,Thông Đạo Zz'rot,vi
Посох Бездны,Trượng Hư Vô,vi
Посох архангела,Quyền Trượng Thiên Thần,vi
Посох серафима,Trượng Đại Thiên Sứ,vi
Построение,Tiền Tuyến Vững Chãi,vi
Посылка,Gói Bảo Hộ,vi
Пояс великана,Đai Khổng Lồ,vi
Празднование юбилея,Sinh Nhật Đoàn Tụ,vi
Предметы Пандоры,Trang Bị Pandora,vi
Предсмертный шепот,Cung Xanh,vi
Приз победителю,Võ Sĩ Giác Đấu,vi
Призматический билет,Vé Kim Cương,vi
Призрачная сабля,Gươm Biến Ảnh,vi
Прицельная стрельба,Tập Trung Hỏa Lực,vi
Пришелец Зед,Zed Kẻ Xâm Lăng,vi
Пробуждение души,Thức Tỉnh Linh Hồn,vi
Проводник,Dẫn Truyền,vi
Прокладывание пути,Mở Lối,vi
Проклятая корона,Vương Miện Hắc Hóa,vi
Проклятый клинок,Kiếm Cong,vi
Псионик,Siêu Linh,vi
Пугливый краб,Cua Kỳ Cục,vi
Путь к вершине,Cuộc Phiêu Lưu Tôn Quý,vi
Путь к звездам,Vươn Tới Tinh Tú,vi
Рааст,Rhaast,vi
"Раз, два, пять!","Một, Hai, Năm!",vi
Разрушитель времени,Thời Không,vi
Раммус,Rammus,vi
Ранние уроки,Bài Học Sơ Khai,vi
Распаленное пламя,Nếm Mùi Lửa,vi
Расползающиеся корни,Cắm Rễ Phân Tán,vi
Распродажа,Thanh Lý Toàn Bộ,vi
Расширение дела,Phân Nhánh,vi
Режим задиры,Chế Độ Thách Đấu,vi
Режим проводника,Chế Độ Dẫn Truyền,vi
Режим репликатора,Chế Độ Nhân Bản,vi
Рек'Сай,Rek'Sai,vi
Рекомбинатор,Xoay Bài Tự Động,vi
Реликт,Tộc Thượng Cổ,vi
Репликатор,Nhân Bản,vi
Репликация,Nhân Bản,vi
Решимость титана,Quyền Năng Khổng Lồ,vi
Ривен,Riven,vi
Рискованный ход,Nước Đi Liều Lĩnh,vi
Робот,Máy Móc,vi
Роскошная подписка,Gói Đăng Ký Hạng Sang,vi
Рука правосудия,Bàn Tay Công Lý,vi
С места в карьер,Khởi Động Nhanh,vi
С тобой мой лук,Cây Cung Thần Tốc,vi
Самира,Samira,vi
Самодельный доспех,Giáp Tự Chế,vi
Самый Лучший Меч,Kiếm B.F.,vi
Самый крошечный великан,Khổng Lồ Tí Hon,vi
Самый могучий робот,Robot,vi
Свежая поставка,Đánh Là Trúng,vi
Сверхмипная скорость,Meep Cực Tốc,vi
Связь с дроном,Kết Nối Drone,vi
Серебряная ложка,Đặc Quyền Phú Gia,vi
Сильвермирская заря,Chùy Bạch Ngân,vi
Симпатический имплант,Cảm Quan Cấy Ghép,vi
Синее усиление,Bùa Xanh,vi
Скамейка Пандоры,Hàng Chờ Pandora,vi
Скелетница,Pháo Xương Cá,vi
Сковородка,Chảo Vàng,vi
Скорострельная пушка,Đại Bác Liên Thanh,vi
Сладкие угощения,Món Quà Ngọt Ngào,vi
Слеза богини,Nước Mắt Nữ Thần,vi
Слезы рекой,Giọt Lệ Bi Ai,vi
Слишком Большой Жезл,Gậy Quá Khổ,vi
Смертельная шляпа Рабадона,Mũ Phù Thủy Rabadon,vi
Смертоносные клинки,Kiếm Tử Thần,vi
Смерть Разума,Đao Tím,vi
Снайпер,Bắn Tỉa,vi
Создание друга,Chế Tạo Bằng Hữu,vi
Создание спутника,Người Bạn Vàng,vi
Сона,Sona,vi
Союзник,Đồng Minh Của Bụt,vi
Специалист по поздним этапам,Hướng Đến Hồi Kết,vi
Спящая кузница,Lò Rèn Tiềm Ẩn,vi
Стальное сердце,Trái Tim Sắt Đá,vi
Статическое электричество,Tụ Điện,vi
Стеклянная пушка,Lấy Công Bù Thủ,vi
Странник,Viễn Chinh,vi
Страховой фонд,Quỹ Phòng Hộ,vi
Стремительное двойное убийство,Song Sát Tốc Hành,vi
Стремительное серебро,Áo Choàng Thủy Ngân,vi
Струящиеся слезы,Lệ Lưu Ly,vi
Суть коммерции,Trung Tâm Thương Mại,vi
Сфера лечения,Cầu Hồi Phục,vi
Счастливые перчатки,Đo Ni Đóng Giày,vi
Сюжетная защита,Hào Quang Nhân Vật Chính,vi
Таам Кенч,Tahm Kench,vi
Талисман вознесения,Bùa Thăng Hoa,vi
Талон,Talon,vi
Твистед Фэйт,Twisted Fate,vi
Темная звезда,Hắc Tinh,vi
Темная леди,Ác Nữ,vi
Теневая марионетка,Bóng Phân Thân,vi
Терновый жилет,Áo Choàng Gai,vi
Терпеливый ученик,Kiên Nhẫn Học Tập,vi
Терпение,Kiên Nhẫn Là Một Đức Tính,vi
Терпение Экко,Kiên Nhẫn Của Ekko,vi
Тимбилдинг,Xây Dựng Đội Hình,vi
Тимо,Teemo,vi
Титаническая гидра,Rìu Đại Mãng Xà,vi
Ткач судьбы,Định Mệnh,vi
Тонны показателей!,Cộng Mệt Nghỉ!,vi
Топор адского пламени,Rìu Hỏa Ngục,vi
Торговый сектор,Khu Giao Dịch,vi
Тренировочные перчатки,Găng Đấu Tập,vi
Тренировочный манекен,Hình Nhân,vi
Триада,Bộ Ba Hoàn Hảo,vi
Тропа войны,Đường Ra Trận,vi
Тяжел венец,Vương Miện Nặng Trĩu,vi
У.Р.Ф.,U.R.F.,vi
Убийство без разбора,Sát Thủ Khát Máu,vi
Убийца великанов,Diệt Khổng Lồ,vi
Ургот,Urgot,vi
Уроки бокса,Tập Chịu Đòn,vi
Физз,Fizz,vi
Фиора,Fiora,vi
Фонарь Треша,Lồng Đèn Của Thresh,vi
Хекстековый прицел,Kính Nhắm Ma Pháp,vi
Хекстековый штык,Kiếm Súng Hextech,vi
Хитрая тактика,Thua Có Tính Toán,vi
Хоть какая-то польза,Được Này Mất Kia,vi
Целеустремленность,Chỉ Một Con Đường,vi
Центр внимания,Tiền Vệ Trung Tâm,vi
Цеп вышибалы,Chùy Đoản Côn,vi
Часовой механизм,Động Cơ Tăng Tốc,vi
Частичное вознесение,Bán Thăng Hoa,vi
Чаша силы,Cốc Sức Mạnh,vi
Чертеж для задней линии,Sơ Đồ Tuyến Sau,vi
Честь полководца,Chiến Tướng Khải Hoàn,vi
Четырехкратное усиление,Tứ Phương Tiếp Viện,vi
Чо'Гат,Cho'Gath,vi
Чудо Сораки,Phép Màu Của Soraka,vi
Шапучий напиток,Nước Cappa,vi
Шая,Xayah,vi
Шен,Shen,vi
Щит тактика,Lá Chắn Chiến Thuật,vi
Эгида рассвета,Khiên Hừng Đông,vi
Эгида сумерек,Khiên Hoàng Hôn,vi
Эзреаль,Ezreal,vi
Эксклюзивная кастомизация,Lựa Chọn Độc Quyền,vi
Экспедиция,Cuộc Viễn Chinh,vi
Эмблема Галактики грува,Ấn Hành Tinh,vi
Эмблема Звериного отряда,Ấn Siêu Thú,vi
Эмблема Н.О.В.А.,Ấn N.O.V.A.,vi
Эмблема Темной звезды,Ấn Hắc Tinh,vi
Эмблема авангарда,Ấn Tiên Phong,vi
Эмблема арбитра,Ấn Thần Phán,vi
Эмблема головореза,Ấn Vô Pháp,vi
Эмблема дебошира,Ấn Đấu Sĩ,vi
Эмблема задиры,Ấn Thách Đấu,vi
Эмблема звездочета,Ấn Chiêm Tinh,vi
Эмблема мародера,Ấn Toán Cướp,vi
Эмблема мипера,Ấn Tinh Linh Chuông,vi
Эмблема несокрушимого,Ấn Can Trường,vi
Эмблема пастуха,Ấn Du Mục,vi
Эмблема псионика,Ấn Siêu Linh,vi
Эмблема разрушителя времени,Ấn Thời Không,vi
Эмблема реликта,Ấn Tộc Thượng Cổ,vi
Эмблема снайпера,Ấn Bắn Tỉa,vi
Эмблема странника,Ấn Viễn Chinh,vi
Эпические обновления,Xúc Xắc Hoành Tráng,vi
Эпоха,Kỷ Nguyên,vi
Эхо восстановления,Thanh Âm Chữa Lành,vi
Ядро рассвета,Lõi Bình Minh,vi
Ярость кракена,Thịnh Nộ Thủy Quái,vi
Ясный ум,Thông Thoáng,vi
آتروكس,Aatrox,vi
أربعة تكسب ترقية,Tứ Phương Tiếp Viện,vi
أصغر عملاق,Khổng Lồ Tí Hon,vi
أطنان من الإحصاءات!,Cộng Mệt Nghỉ!,vi
أفضل الأصدقاء,Bạn Thân,vi
أكالي,Akali,vi
أنيما,Siêu Thú,vi
أورغوت,Urgot,vi
أورن,Ornn,vi
أورورا,Aurora,vi
أوريليون سول,Aurelion Sol,vi
إرادة الصولجان,Ý Chỉ Xích Chùy,vi
إزريال,Ezreal,vi
إعادة المهمة,Tái Khởi Động Nhiệm Vụ,vi
إيلاوي,Illaoi,vi
اتصالات فائتة,Kết Nối Gián Đoạn,vi
اختر خاصية,Chọn Tộc/Hệ,vi
اختصاصي نهاية المباراة,Hướng Đến Hồi Kết,vi
استبدالٌ ملحمي,Xúc Xắc Hoành Tráng,vi
استحضار السحر المستمر,Triệu Hồi Bất Tận,vi
اعثر على مركزك,Tiền Vệ Trung Tâm,vi
الأحزمة الوفيرة,Đam Mê Đai Lưng,vi
الأربعة تربح,Số 4 Hoàn Hảo,vi
الأشقياء,Lệch Chuẩn,vi
الأصول الحديدية,Kho Báu Sắt,vi
الأقواس الاحتياطية,Cung Dự Phòng,vi
الأمر يستحق الانتظار,Chờ Đợi Xứng Đáng,vi
الإنفاق الحكيم,Tiêu Dùng Thông Minh,vi
الاتصال الآلي,Trí Tuệ Siêu Công Nghệ,vi
الاتصال بالدرون,Kết Nối Drone,vi
الاختلاس,Ăn Trộm,vi
الارتقاء,Thăng Hoa,vi
الارتقاء الجزئي,Bán Thăng Hoa,vi
الاستبدالات الوفيرة,Xúc Xắc Vô Tận,vi
الاستثمار,Đầu Tư,vi
الاستثمار طويل الأجل,Thích Mở Rộng,vi
الاستخلاص المفيد,Nhà Máy Tái Chế,vi
الاستنساخ,Nhân Bản,vi
الاستهلاك ضروري,Hạ Đo Ván,vi
الاشتراك الفخم,Gói Đăng Ký Hạng Sang,vi
الالتزام الصارم,Chỉ Một Con Đường,vi
الانفجار العظيم,Siêu Vũ Trụ,vi
البداية الكونية الجديدة,Tái Lập Vũ Trụ,vi
البرج,Tòa Tháp,vi
البرونزي حتى النهاية,Tất Tay Bậc Đồng,vi
البيضة الذهبية,Rồng Đẻ Trứng Vàng,vi
التآكل,Ăn Mòn,vi
التأثيرات الجانبية,Phản Ứng Phụ,vi
التاج الملعون,Vương Miện Hắc Hóa,vi
التحفة الذابلة,Di Vật Tàn Úa,vi
التحويل إلى دمية,Hình Nhân Hóa,vi
الترقية!,Khuyến Mãi Kinh Nghiệm,vi
التشكيل الأقصى,Đội Hình Tối Ưu,vi
التصنيع المتقن,Khéo Tay Hay Làm,vi
التغيب عن اللعب,AFK,vi
التفكير المتقدم,Nghĩ Về Tương Lai,vi
التمثال المحرّم,Dị Vật Tai Ương,vi
التنين الذهبي,Kim Long,vi
التوسع,Phân Nhánh,vi
الثقب الأسود الصغير,Hố Đen Tí Hon,vi
الثلاثية,Bộ Ba Hoàn Hảo,vi
الجوهرة المتلفة,Đá Hắc Hóa,vi
الحارسان التوأمان,Song Vệ,vi
الحجم مهم,Kích Cỡ Là Quan Trọng,vi
الحركات الخطرة,Nước Đi Liều Lĩnh,vi
الحركة التصاعدية,Đẩy Nhanh Tiến Độ,vi
الحقبة المميزة,Kỷ Nguyên,vi
الحمل المعرفي الزائد,Quá Tải Tư Duy,vi
الحملة الاستكشافية,Cuộc Viễn Chinh,vi
الخسارة المحسوبة,Thua Có Tính Toán,vi
الخوذة المتكيفة,Mũ Thích Nghi,vi
الدراسة الصابرة,Kiên Nhẫn Học Tập,vi
الدرع الساتر,Giáp Vai Nguyệt Thần,vi
الدروس المبكرة,Bài Học Sơ Khai,vi
الدروع المؤقتة,Giáp Tự Chế,vi
الدموع المتدفقة,Lệ Lưu Ly,vi
الذهن الصافي,Thông Thoáng,vi
الذهن المشوّش,Bừa Bộn,vi
الرفاق الصغار,Những Người Bạn Nhỏ,vi
الرمية السحرية,Xúc Xắc Ma Pháp,vi
الرمية السحرية المخفّفة,Quay Trúng Thưởng,vi
الرهان الذهبي,Ván Cược Hoàng Kim,vi
الزئبق,Áo Choàng Thủy Ngân,vi
السترة المدببة,Áo Choàng Gai,vi
السترة المسلسلة,Giáp Lưới,vi
السحر المحبوك,Ma Thuật Đan Kết,vi
السعي نحو النجوم,Vươn Tới Tinh Tú,vi
السيف الأبدي,Vô Cực Kiếm,vi
السيف الصاعق,Dao Điện Statikk,vi
السيف الطيفي,Gươm Biến Ảnh,vi
السيف الهائل,Kiếm B.F.,vi
السيوف الوفيرة,Đam Mê Kiếm,vi
السيولة,Sống Vội,vi
الشحنة الكهربائية,Tụ Điện,vi
الشخصية المنعكسة,Hiện Thân Phản Chiếu,vi
الشخصية المنعكسة المصغّرة,Hiện Thân Phản Chiếu Cỡ Nhỏ,vi
الشرائح الآلية,Cấy Ghép Siêu Công Nghệ,vi
الشرارة الأيونية,Nỏ Sét,vi
الصامد,Kẻ Sống Sót,vi
الصبر فضيلة,Kiên Nhẫn Là Một Đức Tính,vi
الصغير الفتاك,Nhỏ Mà Có Võ,vi
الصنديد,Bất Khuất,vi
الضريبة المعرفية,Thuế Nhận Thức,vi
الطابور الثنائي,Hàng Chờ Đấu Đôi,vi
العمالقة الصغار,Khổng Lồ Hóa,vi
العملاق القوي,To Lớn & Mạnh Mẽ,vi
العوائد الخبيثة,Dòng Tiền Mờ Ám,vi
الفوز الكبير,Toàn Thắng,vi
الفولاذ المذهب,Thép Mạ Vàng,vi
الفيلق الثلاثي,Quân Đoàn 3 Sao,vi
القائدة,Chỉ Huy,vi
القاتل المأجور,Sát Thủ Đánh Thuê,vi
القتل المزدوج السريع,Song Sát Tốc Hành,vi
القصاص,Báo Oán,vi
القصبات الوفيرة,Đam Mê Gậy,vi
القفاز المرصع بالجواهر,Găng Bảo Thạch,vi
القفازات,Găng Đấu Sĩ,vi
القلب الراسخ,Trái Tim Kiên Định,vi
القلب الفولاذي,Trái Tim Sắt Đá,vi
القوس المنحني,Cung Gỗ,vi
الكنوز المدفونة,Kho Báu Chôn Giấu,vi
الكهرباء القوية,Sét Cao Thế,vi
اللعب الأمثل,Tối Đa Hóa,vi
اللوتس المرصع,Khảm Bảo Thạch,vi
المبارزة السامية,Song Đấu,vi
المتعطش للدماء,Huyết Kiếm,vi
المحدق بالنجوم,Chiêm Tinh,vi
المحفز الأحمر,Bùa Đỏ,vi
المخلّص,Chuộc Tội,vi
المرن,Linh Hoạt,vi
المستبدل العشوائي,Xoay Bài Tự Động,vi
المصهر الحي,Chế Tạo Tại Chỗ,vi
المصهر الكامن,Lò Rèn Tiềm Ẩn,vi
المصهر المحمول,Lò Rèn Thần Thoại,vi
المعطف المشبوه,Áo Choàng Mờ Ám,vi
المغامرة الفخمة,Cuộc Phiêu Lưu Tôn Quý,vi
الملعقة الفضية,Đặc Quyền Phú Gia,vi
المنفيون,Độc Hành,vi
الموقف الحرج,Đao Tím,vi
الميثاق الأزلي,Khế Ước Vĩnh Hằng,vi
الميكا الجبار,Robot,vi
المُبيد,Hủy Diệt,vi
النجاح الحرج,Bước Đột Phá,vi
النجم المظلم,Hắc Tinh,vi
النسيم العليل,Phong Kiếm,vi
النصال الخاطفة,Đao Chớp,vi
النصل الملعون,Kiếm Cong,vi
النمو المتفجر,Tăng Trưởng Bùng Nổ,vi
النوبة الثانية,Ngọn Gió Thứ Hai,vi
النيران المركزة,Tập Trung Hỏa Lực,vi
الهمسة الأخيرة,Cung Xanh,vi
الهيدرا العملاقة,Rìu Đại Mãng Xà,vi
الوسيط,Dẫn Truyền,vi
الوغد المشع,Quang Lân Tiểu Yêu,vi
انتصار فيكتور آركين,Arcane Viktor-y,vi
بارد,Bard,vi
بانثيون,Pantheon,vi
بايك,Pyke,vi
براير,Briar,vi
برايمورديان,Tộc Thượng Cổ,vi
بكاء بلا جدوى,Giọt Lệ Bi Ai,vi
بلورات العلاج,Cầu Hồi Phục,vi
بليتزكرانك,Blitzcrank,vi
بناء البطل,Tự Lập Đội,vi
بناء الفريق,Xây Dựng Đội Hình,vi
بناء مرافق,Người Bạn Vàng,vi
بوابة ززروت,Thông Đạo Zz'rot,vi
بوبي,Poppy,vi
بيلفيث,Bel'Veth,vi
تأسيس الخط الأمامي,Củng Cố Tuyến Trước,vi
تاج المخطِط,Vương Miện Chiến Thuật,vi
تالون,Talon,vi
تام كينش,Tahm Kench,vi
تخصيص حصري,Lựa Chọn Độc Quyền,vi
تخفيضات نارية,Thanh Lý Toàn Bộ,vi
تدريب الحارس الشخصي,Huấn Luyện Cận Vệ,vi
تذكرة موشورية,Vé Kim Cương,vi
ترقية فردية,Tôi Thăng Cấp Một Mình,vi
تركيز الأفق,Kính Nhắm Ma Pháp,vi
تسلّق سلم التصنيفات,Leo Hạng,vi
تشكيل الصفوف,Tiền Tuyến Vững Chãi,vi
تشكيل الفريق,Lập Đội,vi
تشوغاث,Cho'Gath,vi
تعزيزٌ هنا وتعزيزٌ هناك,"Một Bùa, Hai Bùa",vi
تغذية ألسنة اللهب,Nếm Mùi Lửa,vi
تمجيد كايل,Thăng Hoa Của Kayle,vi
تمجيد كايل المشع,Thăng Hoa Rực Rỡ Của Kayle,vi
تميمة الارتقاء,Bùa Thăng Hoa,vi
توأم تانك,Cặp Đôi Siêu Cứng,vi
توسع الجذور,Cắm Rễ Phân Tán,vi
تويستد فايت,Twisted Fate,vi
تيمو,Teemo,vi
ثمن الدم,Huyết Giá,vi
جاكس,Jax,vi
جديد من المصنع,Tối Tân,vi
جوع المال,Cơn Khát Vàng,vi
جوهر التجارة,Trung Tâm Thương Mại,vi
جوهر الحراشف اللامعة,Tinh Túy Kim Long,vi
جوهر الفجر,Lõi Bình Minh,vi
جين,Jhin,vi
جينكس,Jinx,vi
حافظ المادة الحيوية,Bảo Tồn Sinh Chất,vi
حاملة المصائب,U Sầu,vi
حامي التاج,Vương Miện Hoàng Gia,vi
حزام العملاق,Đai Khổng Lồ,vi
حزمة الدعم,Gói Tăng Cường,vi
حزمة الرعاية,Gói Bảo Hộ,vi
حساب الادخار,Tài Khoản Tiết Kiệm,vi
حصاد الهالة,Aura Farming,vi
حصن,Can Trường,vi
حقق مرادك,Đánh Là Trúng,vi
حكاية العودة,Cố Gắng Lật Kèo,vi
حلوى لذيذة,Món Quà Ngọt Ngào,vi
حليف الوصي,Đồng Minh Của Bụt,vi
حماية الخطوط,Giữ Vững Hàng Ngũ,vi
حماية اللانهاية,Bảo Hộ Vô Tận,vi
حيوية مصاص الدماء,Hút Sinh Lực,vi
خانة ياسو الذهبية,Ô Hoàng Kim của Yasuo,vi
خدمة الاشتراك,Dịch Vụ Gói Đăng Ký,vi
خطة عمل الخط الخلفي,Sơ Đồ Tuyến Sau,vi
درع الصدر المنفرد,Khiên Đơn Đấu,vi
درع الغسق,Khiên Hoàng Hôn,vi
درع الفجر,Khiên Hừng Đông,vi
درع المخطِط,Lá Chắn Chiến Thuật,vi
درع صدر مرزاب الحجري,Thú Tượng Thạch Giáp,vi
درع وارموغ,Giáp Máu Warmog,vi
دروس الملاكمة,Tập Chịu Đòn,vi
دروع البطل,Hào Quang Nhân Vật Chính,vi
دعوة إلى الفوضى,Triệu Gọi Hỗn Mang,vi
دفعة أولية,Khởi Động Nhanh,vi
دكة بدلاء باندورا,Hàng Chờ Pandora,vi
دمعة الزعيمة,Nước Mắt Nữ Thần,vi
دمى اختبار التحطم,Hình Nộm Va Chạm,vi
دمية التدريب,Hình Nhân,vi
دمية الظل,Bóng Phân Thân,vi
ديانا,Diana,vi
راست,Rhaast,vi
راعي,Du Mục,vi
راموس,Rammus,vi
رامي,Bắn Tỉa,vi
رحالة,Viễn Chinh,vi
رقص الفضاء,Hành Tinh,vi
رمح شوجين,Ngọn Giáo Shojin,vi
رمز الدرع الخفيف,Huy Hiệu Lightshield,vi
رمية الحظ,Cảm Thấy May Mắn,vi
روح الافتداء,Linh Hồn Chuộc Tội,vi
رياح المال الموسمية,Bão Vàng,vi
ريفت سكاتلر,Cua Kỳ Cục,vi
ريفين,Riven,vi
ريكساي,Rek'Sai,vi
زايا,Xayah,vi
زوي,Zoe,vi
زيادة القوة في نهاية المباراة,Thăng Tiến Cuối Trận,vi
زيد,Zed,vi
زيد الغازي,Zed Kẻ Xâm Lăng,vi
ستار السكون,Áo Choàng Tĩnh Lặng,vi
سكين سلاح الهيكستيك,Kiếm Súng Hextech,vi
سلفة قرض,Vay Tạm Ứng,vi
سميرة,Samira,vi
سن ناشور,Nanh Nashor,vi
سونا,Sona,vi
سيدة الأسلحة,Xạ Thần,vi
سيدة الظلام,Ác Nữ,vi
شارة أنيما,Ấn Siêu Thú,vi
شارة الحصن,Ấn Can Trường,vi
شارة الراعي,Ấn Du Mục,vi
شارة الرامي,Ấn Bắn Tỉa,vi
شارة الرحالة,Ấn Viễn Chinh,vi
شارة الطليعي,Ấn Tiên Phong,vi
شارة القاضي,Ấn Thần Phán,vi
شارة القوى الذهنية,Ấn Siêu Linh,vi
شارة المارق,Ấn Vô Pháp,vi
شارة المتحدّي,Ấn Thách Đấu,vi
شارة المحدق بالنجوم,Ấn Chiêm Tinh,vi
شارة المشاجر,Ấn Đấu Sĩ,vi
شارة المغير,Ấn Toán Cướp,vi
شارة النجم المظلم,Ấn Hắc Tinh,vi
شارة برايمورديان,Ấn Tộc Thượng Cổ,vi
شارة رقص الفضاء,Ấn Hành Tinh,vi
شارة صديق الميب,Ấn Tinh Linh Chuông,vi
شارة كاسر الزمن,Ấn Thời Không,vi
شارة نوفا,Ấn N.O.V.A.,vi
شبه الناقل,Chất Bán Dẫn,vi
شجرة الخواص,Cây Tộc Hệ,vi
شرف أمير الحرب,Chiến Tướng Khải Hoàn,vi
شريحة التعاطف,Cảm Quan Cấy Ghép,vi
شق الدرب,Mở Lối,vi
شين,Shen,vi
صانع السيوف,Thợ Rèn Kiếm,vi
صانع القصبات,Thợ Rèn Gậy,vi
صبر إيكو,Kiên Nhẫn Của Ekko,vi
صحوة الروح,Thức Tỉnh Linh Hồn,vi
صدى الشفاء,Thanh Âm Chữa Lành,vi
صديق الميب,Tinh Linh Chuông,vi
صناعة صديق,Chế Tạo Bằng Hữu,vi
صندوق التحوط,Quỹ Phòng Hộ,vi
صولجان الفويد,Trượng Hư Vô,vi
صولجان مصاصي الدماء الفاسد,Huyết Trượng Tha Hóa,vi
صياد المجرة,Thợ Săn Vũ Trụ,vi
صيد الكنوز,Săn Kho Báu,vi
طراخ!,Boong!,vi
طريق الحرب,Đường Ra Trận,vi
طليعي,Tiên Phong,vi
عاصفة لودن,Bão Tố Luden,vi
عبء التاج ثقيل,Vương Miện Nặng Trĩu,vi
عباءة الليل,Áo Choàng Bóng Tối,vi
عباءة النيغاترون,Áo Choàng Bạc,vi
عجلة الميب السريعة,Meep Cực Tốc,vi
عراف,Tiên Tri,vi
عزم العملاق,Quyền Năng Khổng Lồ,vi
عصا سيرافيم,Trượng Đại Thiên Sứ,vi
عصا كبير الحُماة,Quyền Trượng Thiên Thần,vi
عصابة اللصوص,Băng Trộm,vi
عصابة اللصوص II,Băng Trộm II,vi
عصير القبعة,Nước Cappa,vi
عفونة الموتى,Kiếm Tai Ương,vi
عملية السطو على المكونات,Phi Vụ Trang Bị,vi
عناصر باندورا,Trang Bị Pandora,vi
عناق جماعي,Ôm Tập Thể,vi
عهد الفارس,Lời Thề Hiệp Sĩ,vi
غراغاس,Gragas,vi
غرايفز,Graves,vi
غريزة إيفلين,Trực Giác Của Evelynn,vi
غنار,Gnar,vi
غولم,Người Đá,vi
غوين,Gwen,vi
فأس نيران الجحيم,Rìu Hỏa Ngục,vi
فانوس ثريش,Lồng Đèn Của Thresh,vi
فجر سيلفرمير,Chùy Bạch Ngân,vi
فضيلة الشهيد,Quyền Trượng Thánh Quang,vi
فورة الكراكن,Thịnh Nộ Thủy Quái,vi
فورة تسوق,Tín Đồ Mua Sắm,vi
في الاتحاد قوة,Nhất Thống,vi
فيز,Fizz,vi
فيشبونز,Pháo Xương Cá,vi
فيغار,Veigar,vi
فيكتور,Viktor,vi
فيكس,Vex,vi
فيورا,Fiora,vi
قائد أنيما,Chỉ Huy Siêu Thú,vi
قاتل العمالقة,Diệt Khổng Lồ,vi
قاتل لا يميز بين ضحاياه,Sát Thủ Khát Máu,vi
قاضي,Thần Phán,vi
قبعات أشد فتكًا,Mũ Tử Thần,vi
قبعة موت رابادون,Mũ Phù Thủy Rabadon,vi
قربان الدم,Huyết Tế,vi
قصبة عريضة بلا داع,Gậy Quá Khổ,vi
قطاع التجارة,Khu Giao Dịch,vi
قفاز التدريب,Găng Đấu Tập,vi
قفاز الحظ,Đo Ni Đóng Giày,vi
قفاز الفويد,Găng Hư Không,vi
قفاز اللص,Găng Đạo Tặc,vi
قفاز ستيراك,Móng Vuốt Sterak,vi
قلادة التنشيط,Dây Chuyền Tự Lực,vi
قلادة سولاري الحديدي,Dây Chuyền Iron Solari,vi
قلنسوة المخطِط,Áo Choàng Chiến Thuật,vi
قلنسوة لهب الشمس,Áo Choàng Lửa,vi
قوة محسَّنة,Nâng Tầm Uy Lực,vi
قوسي في خدمتك,Cây Cung Thần Tốc,vi
قوى ذهنية,Siêu Linh,vi
قيمة مزدوجة,2 Vàng Là Nhất,vi
كأس القوة,Cốc Sức Mạnh,vi
كارما,Karma,vi
كاسر الزمن,Thời Không,vi
كاهوناهونا,Kamekameha,vi
كايتلين,Caitlyn,vi
كايسا,Kai'Sa,vi
كوركي,Corki,vi
كيس الهدايا البطولي,Túi Đồ Siêu Hùng,vi
كيس هدايا أورف,Túi Đồ Urf,vi
كيس هدايا العناصر,Tiếp Tế Trang Bị,vi
كيس هدايا صغير,Túi Đồ Cỡ Nhỏ,vi
كيس هدايا كبير,Túi Đồ Cỡ Đại,vi
كيندريد,Kindred,vi
لا تغيير ولا استطلاع,NHẮM MẮT CHƠI BỪA,vi
لم شمل عيد الميلاد,Sinh Nhật Đoàn Tụ,vi
لمحة من الحياة,Chuyện Đời Thường,vi
لوبلانك,LeBlanc,vi
لوح لهيب الشمس,Phóng Hỏa,vi
لولو,Lulu,vi
ليساندرا,Lissandra,vi
ليونا,Leona,vi
مارق,Vô Pháp,vi
ماستر يي,Master Yi,vi
ماوكاي,Maokai,vi
مباركة السماء,Thần Ban Phước,vi
متحدي,Thách Đấu,vi
متراس,Chiến Lũy,vi
متوالية نجمية,Liên Hoàn Tinh Tú,vi
مجلد الخواص,Sách Chọn Ấn,vi
مجند جديد,Tuyển Nhân Sự,vi
محترف الحفلات,Tiệc Tùng,vi
محظوظ,Trên Đà Phát Triển,vi
محفز أزرق,Bùa Xanh,vi
مخلب التنين,Vuốt Rồng,vi
مخلب المتصيد,Móng Vuốt Ám Muội,vi
مدفع النار السريع,Đại Bác Liên Thanh,vi
مدفع من زجاج,Lấy Công Bù Thủ,vi
مستنسخ,Nhân Bản,vi
مسرِّع الساعة,Động Cơ Tăng Tốc,vi
مشاجر,Đấu Sĩ,vi
مشاركة تألق ياسو,Hưởng Ké Hào Quang Yasuo,vi
مصروف الغداء,Tiền Ăn Trưa,vi
مصفوفة البرمجيات الخبيثة,Ma Trận Mã Độc,vi
مصنوعٌ من القوة,Tôi Luyện Sức Mạnh,vi
مصهر التمجيد,Lò Rèn Thăng Hoa,vi
مطبخ المخطِط,Linh Thú Vào Bếp,vi
معجزة سوراكا,Phép Màu Của Soraka,vi
مغير,Toán Cướp,vi
مفاجآت الحظ,Kỳ Vọng Bất Ngờ,vi
مقابل أي ثمن,Cái Giá Phải Trả,vi
مقاتل الجوائز,Võ Sĩ Giác Đấu,vi
مقلاة,Chảo Vàng,vi
ملعقة مسطحة,Siêu Xẻng,vi
مناورة أورف,Ván Cược URF,vi
منظار رصد الهدف,Kính Khóa Mục Tiêu,vi
مهارة مبارزة ياسو,Kiếm Thuật Của Yasuo,vi
مورديكايزر,Mordekaiser,vi
مورغانا,Morgana,vi
موريلونوميكون,Quỷ Thư Morello,vi
ميبسي,Meepsie,vi
ميس فورتشن,Miss Fortune,vi
ميكا,Máy Móc,vi
ميليو,Milio,vi
ناسوس,Nasus,vi
نافع لشيء ما,Được Này Mất Kia,vi
نامي,Nami,vi
نتماسك معًا,Kề Vai Sát Cánh,vi
نذر الحامي,Lời Thề Hộ Vệ,vi
نذير زيكي,Tụ Bão Zeke,vi
نذير زيكي الكئيب,Cờ Lệnh Zeke U Ám,vi
نساج المصير,Định Mệnh,vi
نصال أشد فتكًا,Kiếm Tử Thần,vi
نصل الموت,Kiếm Tử Thần,vi
نصل غضب غينسو,Cuồng Đao Guinsoo,vi
نقل الشحنة,Chuyển Đổi Năng Lượng,vi
نوفا,N.O.V.A.,vi
نونو وويلامب,Nunu & Willump,vi
هالة آري,Hào Quang Của Ahri,vi
هبة آري,Ân Huệ Của Ahri,vi
هبة أوريليون سول,Ân Huệ Của Aurelion Sol,vi
هبة إيفلين,Ân Huệ Của Evelynn,vi
هبة إيكو,Ân Huệ Của Ekko,vi
هبة الإنعاش,Ân Huệ Tái Sinh,vi
هبة تجميع الخردة,Lễ Vật Tái Chế,vi
هبة ثريش,Ân Huệ Của Thresh,vi
هبة سوراكا,Ân Huệ Của Soraka,vi
هبة فاروس,Ân Huệ Của Varus,vi
هبة كايل,Ân Huệ Của Kayle,vi
هبة ياسو,Ân Huệ Của Yasuo,vi
هدية عيد الميلاد,Quà Sinh Nhật,vi
هراوة المهاجم,Chùy Đoản Côn,vi
هوس فاروس,Ám Ảnh Của Varus,vi
واحد واثنان وثلاثة,Một Hai Ba,vi
واحد، اثنان، خمسة!,"Một, Hai, Năm!",vi
واقي ذراع المطارد,Giáp Tay Seeker,vi
وجه الروح,Giáp Tâm Linh,vi
وضع المتحدية,Chế Độ Thách Đấu,vi
وضع المستنسِخة,Chế Độ Nhân Bản,vi
وضع الوسيط,Chế Độ Dẫn Truyền,vi
وكر البارون,Hang Ổ Baron,vi
يأسٌ بلا نهاية,Áo Choàng Diệt Vong,vi
يد العدالة,Bàn Tay Công Lý,vi
เลือกคุณสมบัติ,Chọn Tộc/Hệ,vi
「三」之軍團,Quân Đoàn 3 Sao,vi
いつでも一緒,Kề Vai Sát Cánh,vi
お得な2,2 Vàng Là Nhất,vi
ここがセンター,Tiền Vệ Trung Tâm,vi
ちょっとだけ魔法のダイス,Quay Trúng Thưởng,vi
はしごを登れ,Leo Hạng,vi
へら,Siêu Xẻng,vi
みんなでハグ,Ôm Tập Thể,vi
もっと小さな巨人,Khổng Lồ Tí Hon,vi
もっと怖いキャップ,Mũ Tử Thần,vi
アイオニック スパーク,Nỏ Sét,vi
アイテム福袋,Tiếp Tế Trang Bị,vi
アカリ,Akali,vi
アセンション,Thăng Hoa,vi
アダプティブ ヘルム,Mũ Thích Nghi,vi
アニマ,Siêu Thú,vi
アニマの紋章,Ấn Siêu Thú,vi
アニマ司令官,Chỉ Huy Siêu Thú,vi
アークエンジェル スタッフ,Quyền Trượng Thiên Thần,vi
アーゴット,Urgot,vi
アービター,Thần Phán,vi
アービターの紋章,Ấn Thần Phán,vi
アーフの福袋,Túi Đồ Urf,vi
アーフの策略,Ván Cược URF,vi
アーリのオーラ,Hào Quang Của Ahri,vi
アーリの恩恵,Ân Huệ Của Ahri,vi
イブリンの恩恵,Ân Huệ Của Evelynn,vi
イブリンの直感,Trực Giác Của Evelynn,vi
イラオイ,Illaoi,vi
インフィニティ エッジ,Vô Cực Kiếm,vi
インフィニティの守護,Bảo Hộ Vô Tận,vi
イーブンシュラウド,Giáp Vai Nguyệt Thần,vi
ウィッツ エンド,Đao Tím,vi
ウォーロードの名誉,Chiến Tướng Khải Hoàn,vi
エイトロックス,Aatrox,vi
エクスペディション,Cuộc Viễn Chinh,vi
エグザイル,Độc Hành,vi
エコーの忍耐,Kiên Nhẫn Của Ekko,vi
エコーの恩恵,Ân Huệ Của Ekko,vi
エズリアル,Ezreal,vi
エピックなロールダウン,Xúc Xắc Hoành Tráng,vi
エポック,Kỷ Nguyên,vi
オレリオン・ソル,Aurelion Sol,vi
オレリオン・ソルの恩恵,Ân Huệ Của Aurelion Sol,vi
オーグメントパワー,Nâng Tầm Uy Lực,vi
オーラ育成中,Aura Farming,vi
オーロラ,Aurora,vi
オーン,Ornn,vi
カイ＝サ,Kai'Sa,vi
カナとカネ,Kho Báu Sắt,vi
カフナフナ,Kamekameha,vi
カルマ,Karma,vi
カースドのクラウン,Vương Miện Hắc Hóa,vi
ガーゴイル ストーンプレート,Thú Tượng Thạch Giáp,vi
キックスタート,Khởi Động Nhanh,vi
キンドレッド,Kindred,vi
ギャラクシー ハンター,Thợ Săn Vũ Trụ,vi
クイックシルバー,Áo Choàng Thủy Ngân,vi
クラウンガード,Vương Miện Hoàng Gia,vi
クラーケンの怒り,Thịnh Nộ Thủy Quái,vi
クリティカル サクセス,Bước Đột Phá,vi
グインソー レイジブレード,Cuồng Đao Guinsoo,vi
グウェン,Gwen,vi
グラガス,Gragas,vi
グラスキャノン,Lấy Công Bù Thủ,vi
グレイブス,Graves,vi
ケイトリン,Caitlyn,vi
ケイルの天昇,Thăng Hoa Của Kayle,vi
ケイルの恩恵,Ân Huệ Của Kayle,vi
ケイルの暁光の天昇,Thăng Hoa Rực Rỡ Của Kayle,vi
コグニティブ オーバーロード,Quá Tải Tư Duy,vi
コグニティブ タックス,Thuế Nhận Thức,vi
コマンダー,Chỉ Huy,vi
コマース コア,Trung Tâm Thương Mại,vi
コンジット,Dẫn Truyền,vi
コンジットモード,Chế Độ Dẫn Truyền,vi
コンパニオン作成,Người Bạn Vàng,vi
コーキ,Corki,vi
ゴーレム,Người Đá,vi
サイオニック,Siêu Linh,vi
サイオニックの紋章,Ấn Siêu Linh,vi
サイズが大事,Kích Cỡ Là Quan Trọng,vi
サイバネティック アップリンク,Trí Tuệ Siêu Công Nghệ,vi
サイバネティック インプラント,Cấy Ghép Siêu Công Nghệ,vi
サバイバー,Kẻ Sống Sót,vi
サブスクリプション,Dịch Vụ Gói Đăng Ký,vi
サミーラ,Samira,vi
サンファイア ケープ,Áo Choàng Lửa,vi
サンファイア ボード,Phóng Hỏa,vi
ザヤ,Xayah,vi
ザ・タワー,Tòa Tháp,vi
シェン,Shen,vi
シマースケールのエッセンス,Tinh Túy Kim Long,vi
ショウジンの矛,Ngọn Giáo Shojin,vi
シルバーミアの夜明け,Chùy Bạch Ngân,vi
シーカー アームガード,Giáp Tay Seeker,vi
ジャイアント スレイヤー,Diệt Khổng Lồ,vi
ジャイアント ベルト,Đai Khổng Lồ,vi
ジャイアント&マイティ,To Lớn & Mạnh Mẽ,vi
ジャストヒット,Đánh Là Trúng,vi
ジャックス,Jax,vi
ジュエル ガントレット,Găng Bảo Thạch,vi
ジュエル ロータス,Khảm Bảo Thạch,vi
ジン,Jhin,vi
ジンクス,Jinx,vi
ジークの使者,Tụ Bão Zeke,vi
ジ＝ロット ポータル,Thông Đạo Zz'rot,vi
スクラッパーの恩恵,Lễ Vật Tái Chế,vi
スタティック シヴ,Dao Điện Statikk,vi
ステラコンボ,Liên Hoàn Tinh Tú,vi
ステラックの篭手,Móng Vuốt Sterak,vi
ステータスマシマシ,Cộng Mệt Nghỉ!,vi
ストライカー フレイル,Chùy Đoản Côn,vi
スナイパー,Bắn Tỉa,vi
スナイパーの紋章,Ấn Bắn Tỉa,vi
スパーリング グローブ,Găng Đấu Tập,vi
スピリット ビサージュ,Giáp Tâm Linh,vi
スペクトラル カトラス,Gươm Biến Ảnh,vi
スペースグルーヴ,Hành Tinh,vi
スペースグルーヴの紋章,Ấn Hành Tinh,vi
スレッシュのランタン,Lồng Đèn Của Thresh,vi
スレッシュの恩恵,Ân Huệ Của Thresh,vi
セラフィムの杖,Trượng Đại Thiên Sứ,vi
ゼド,Zed,vi
ゼファー,Phong Kiếm,vi
ソウルの目覚め,Thức Tỉnh Linh Hồn,vi
ソナ,Sona,vi
ソラカの奇跡,Phép Màu Của Soraka,vi
ソラカの恩恵,Ân Huệ Của Soraka,vi
ソラリのロケット,Dây Chuyền Iron Solari,vi
ソード オーバーフロー,Đam Mê Kiếm,vi
ゾーイ,Zoe,vi
タイタン ハイドラ,Rìu Đại Mãng Xà,vi
タイムブレーカー,Thời Không,vi
タイムブレーカーの紋章,Ấn Thời Không,vi
タクティシャンのケープ,Áo Choàng Chiến Thuật,vi
タクティシャンの台所,Linh Thú Vào Bếp,vi
タクティシャンの王冠,Vương Miện Chiến Thuật,vi
タクティシャンの盾,Lá Chắn Chiến Thuật,vi
タム・ケンチ,Tahm Kench,vi
タロン,Talon,vi
ターゲットロック スコープ,Kính Khóa Mục Tiêu,vi
ターミィプナル ヴェロシティー,Meep Cực Tốc,vi
ダイアナ,Diana,vi
ダミー,Hình Nhân,vi
ダミー化,Hình Nhân Hóa,vi
ダークスター,Hắc Tinh,vi
ダークスターの紋章,Ấn Hắc Tinh,vi
チェイン ベスト,Giáp Lưới,vi
チャレンジャー,Thách Đấu,vi
チャレンジャーの紋章,Ấn Thách Đấu,vi
チャレンジャーモード,Chế Độ Thách Đấu,vi
チャージトランスファー,Chuyển Đổi Năng Lượng,vi
チョ＝ガス,Cho'Gath,vi
チーム構築,Xây Dựng Đội Hình,vi
ツイてる気分,Cảm Thấy May Mắn,vi
ツイステッド・フェイト,Twisted Fate,vi
ツインガーディアン,Song Vệ,vi
ティーモ,Teemo,vi
デスブレード,Kiếm Tử Thần,vi
デッドリアー ブレード,Kiếm Tử Thần,vi
デュオキュー,Hàng Chờ Đấu Đôi,vi
トライフェクタ,Bộ Ba Hoàn Hảo,vi
トレードセクター,Khu Giao Dịch,vi
ドゥーマー,U Sầu,vi
ドラゴン クロウ,Vuốt Rồng,vi
ドローン アップリンク,Kết Nối Drone,vi
ドーンコア,Lõi Bình Minh,vi
ナイト エッジ,Áo Choàng Bóng Tối,vi
ナサス,Nasus,vi
ナッシャー トゥース,Nanh Nashor,vi
ナミ,Nami,vi
ナー,Gnar,vi
ヌヌ & ウィルンプ,Nunu & Willump,vi
ネガトロン クローク,Áo Choàng Bạc,vi
ハスラー,Sống Vội,vi
ハンド オブ ジャスティス,Bàn Tay Công Lý,vi
バイオ物質保存装置,Bảo Tồn Sinh Chất,vi
バスティオン,Can Trường,vi
バスティオンの紋章,Ấn Can Trường,vi
バフが1つ、バフが2つ,"Một Bùa, Hai Bùa",vi
バロンの巣,Hang Ổ Baron,vi
バースデー リユニオン,Sinh Nhật Đoàn Tụ,vi
バースデープレゼント,Quà Sinh Nhật,vi
バード,Bard,vi
パイク,Pyke,vi
パンテオン,Pantheon,vi
パンドラのアイテム,Trang Bị Pandora,vi
パンドラのベンチ,Hàng Chờ Pandora,vi
パーティーアニマル,Tiệc Tùng,vi
ヒーリングオーブ,Cầu Hồi Phục,vi
ビクター,Viktor,vi
ビッグバン,Siêu Vũ Trụ,vi
ファイアセール,Thanh Lý Toàn Bộ,vi
ファクトリー ニュー,Tối Tân,vi
フィオラ,Fiora,vi
フィズ,Fizz,vi
フィッシュボーン,Pháo Xương Cá,vi
フェイトウィーバー,Định Mệnh,vi
フォビドゥン アイドル,Dị Vật Tai Ương,vi
フォーが共にあらんことを,Số 4 Hoàn Hảo,vi
フライパン,Chảo Vàng,vi
フリッカーブレード,Đao Chớp,vi
ブライアー,Briar,vi
ブラッドサースター,Huyết Kiếm,vi
ブランブル ベスト,Áo Choàng Gai,vi
ブリッツクランク,Blitzcrank,vi
ブルワーク,Chiến Lũy,vi
ブルーバフ,Bùa Xanh,vi
ブローラー,Đấu Sĩ,vi
ブローラーの紋章,Ấn Đấu Sĩ,vi
ブースターパック,Gói Tăng Cường,vi
プライモーディアン,Tộc Thượng Cổ,vi
プライモーディアンの紋章,Ấn Tộc Thượng Cổ,vi
プリズムチケット,Vé Kim Cương,vi
プロの殺し屋,Sát Thủ Đánh Thuê,vi
プロテクターの誓い,Lời Thề Hộ Vệ,vi
プロボクサー,Võ Sĩ Giác Đấu,vi
プローラー クロウ,Móng Vuốt Ám Muội,vi
ヘクステック ガンブレード,Kiếm Súng Hextech,vi
ヘッジファンド,Quỹ Phòng Hộ,vi
ベイガー,Veigar,vi
ベストフレンド,Bạn Thân,vi
ベルト オーバーフロー,Đam Mê Đai Lưng,vi
ベル＝ヴェス,Bel'Veth,vi
ホライゾン フォーカス,Kính Nhắm Ma Pháp,vi
ボイジャー,Viễn Chinh,vi
ボイジャーの紋章,Ấn Viễn Chinh,vi
ボカッ！,Boong!,vi
ボクシングのレッスン,Tập Chịu Đòn,vi
ボディーガードの訓練,Huấn Luyện Cận Vệ,vi
ポッピー,Poppy,vi
ポータブル フォージ,Lò Rèn Thần Thoại,vi
マイティーロボ,Robot,vi
マオカイ,Maokai,vi
マスター・イー,Master Yi,vi
マックスビルド,Đội Hình Tối Ưu,vi
マルウェア マトリックス,Ma Trận Mã Độc,vi
マーターズ ヴァーチュ,Quyền Trượng Thánh Quang,vi
ミィプシー,Meepsie,vi
ミィプル,Tinh Linh Chuông,vi
ミィプルの紋章,Ấn Tinh Linh Chuông,vi
ミスコネクション,Kết Nối Gián Đoạn,vi
ミス・フォーチュン,Miss Fortune,vi
ミッションの再開,Tái Khởi Động Nhiệm Vụ,vi
ミトン,Găng Đấu Sĩ,vi
ミニブラックホール,Hố Đen Tí Hon,vi
ミニマックス,Tối Đa Hóa,vi
ミリオ,Milio,vi
ムダニ デカイ ロッド,Gậy Quá Khổ,vi
メイスの決意,Ý Chỉ Xích Chùy,vi
メカ,Máy Móc,vi
モルガナ,Morgana,vi
モルデカイザー,Mordekaiser,vi
モレロノミコン,Quỷ Thư Morello,vi
ヤスオのゴールドのマス,Ô Hoàng Kim của Yasuo,vi
ヤスオのスポットライトをシェア,Hưởng Ké Hào Quang Yasuo,vi
ヤスオのブレードワーク,Kiếm Thuật Của Yasuo,vi
ヤスオの恩恵,Ân Huệ Của Yasuo,vi
ライトシールドのクレスト,Huy Hiệu Lightshield,vi
ラインナップ,Tiền Tuyến Vững Chãi,vi
ラスト ウィスパー,Cung Xanh,vi
ラッキーグローブ,Đo Ni Đóng Giày,vi
ラバドン デスキャップ,Mũ Phù Thủy Rabadon,vi
ラピッド ファイアキャノン,Đại Bác Liên Thanh,vi
ラムス,Rammus,vi
ラースト,Rhaast,vi
リカーブ ボウ,Cung Gỗ,vi
リサンドラ,Lissandra,vi
リッチ ベイン,Kiếm Tai Ương,vi
リデンプションの魂,Linh Hồn Chuộc Tội,vi
リフトスカトル,Cua Kỳ Cục,vi
リヴェン,Riven,vi
ルブラン,LeBlanc,vi
ルル,Lulu,vi
ルーデン テンペスト,Bão Tố Luden,vi
レイトゲーム スケーリング,Thăng Tiến Cuối Trận,vi
レイトゲーム スペシャリスト,Hướng Đến Hồi Kết,vi
レオナ,Leona,vi
レク＝サイ,Rek'Sai,vi
レッドバフ,Bùa Đỏ,vi
レプリケーター,Nhân Bản,vi
レプリケーターモード,Chế Độ Nhân Bản,vi
レベルアップ！,Khuyến Mãi Kinh Nghiệm,vi
ローグ,Vô Pháp,vi
ローグの紋章,Ấn Vô Pháp,vi
ローリングデイズ,Xúc Xắc Vô Tận,vi
ワン、ツー、ファイブ！,"Một, Hai, Năm!",vi
ワンド オーバーフロー,Đam Mê Gậy,vi
ワーモグ アーマー,Giáp Máu Warmog,vi
ヴァルスの執念,Ám Ảnh Của Varus,vi
ヴァルスの恩恵,Ân Huệ Của Varus,vi
ヴァンガード,Tiên Phong,vi
ヴァンガードの紋章,Ấn Tiên Phong,vi
ヴェックス,Vex,vi
ヴォイド ガントレット,Găng Hư Không,vi
ヴォイド スタッフ,Trượng Hư Vô,vi
一 二 三,Một Hai Ba,vi
一、二、五！,"Một, Hai, Năm!",vi
一个增益，两个增益,"Một Bùa, Hai Bùa",vi
一二三,Một Hai Ba,vi
一人前プレート,Khiên Đơn Đấu,vi
一個Buff，兩個Buff,"Một Bùa, Hai Bùa",vi
一击即中,Đánh Là Trúng,vi
一棒入魂！,Boong!,vi
一波带走俩,Song Sát Tốc Hành,vi
一生挚友,Bạn Thân,vi
一生摯友,Bạn Thân,vi
一着险棋,Nước Đi Liều Lĩnh,vi
一致団結,Nhất Thống,vi
一致団結,Lập Đội,vi
一點點重抽魔法,Quay Trúng Thưởng,vi
一，二，三,Một Hai Ba,vi
一，二，五！,"Một, Hai, Năm!",vi
七彩棱镜入场券,Vé Kim Cương,vi
三幻神,Quân Đoàn 3 Sao,vi
三相庇护,Bảo Hộ Vô Tận,vi
三费军团,Quân Đoàn 3 Sao,vi
三連勝I,Bộ Ba Hoàn Hảo,vi
三重奏,Bộ Ba Hoàn Hảo,vi
三项赛,Bộ Ba Hoàn Hảo,vi
上方移動,Đẩy Nhanh Tiến Độ,vi
上进心,Đẩy Nhanh Tiến Độ,vi
不侦察，不变阵,NHẮM MẮT CHƠI BỪA,vi
不偵察不換陣容,NHẮM MẮT CHƠI BỪA,vi
不完全アセンション,Bán Thăng Hoa,vi
不完全飛昇,Bán Thăng Hoa,vi
不屈,Bất Khuất,vi
不屈鬥魂,Bất Khuất,vi
不惜代價,Cái Giá Phải Trả,vi
不滅の協定,Khế Ước Vĩnh Hằng,vi
不破金鋼,Thép Mạ Vàng,vi
不计代价,Cái Giá Phải Trả,vi
不適合者,Lệch Chuẩn,vi
专属定制,Lựa Chọn Độc Quyền,vi
专打后期,Hướng Đến Hồi Kết,vi
专注火焰,Tập Trung Hỏa Lực,vi
两倍价值,2 Vàng Là Nhất,vi
並肩作戰,Nhất Thống,vi
中堅自強,Tiền Vệ Trung Tâm,vi
临时战甲,Giáp Tự Chế,vi
主人公補正,Hào Quang Nhân Vật Chính,vi
主角威能,Hào Quang Nhân Vật Chính,vi
丽桑卓,Lissandra,vi
丽珊卓,Lissandra,vi
乌尔加特,Urgot,vi
乐芙兰,LeBlanc,vi
乱れる思考,Bừa Bộn,vi
亚托克斯,Aatrox,vi
亚索的共享聚光灯,Hưởng Ké Hào Quang Yasuo,vi
亚索的剑艺,Kiếm Thuật Của Yasuo,vi
亚索的恩赐,Ân Huệ Của Yasuo,vi
亚索的黄金格,Ô Hoàng Kim của Yasuo,vi
交易之星,Khu Giao Dịch,vi
人多好辦事,Lập Đội,vi
人生切片,Chuyện Đời Thường,vi
仕送り,Gói Bảo Hộ,vi
仙灵斗士,Song Đấu,vi
代价是什么,Cái Giá Phải Trả,vi
代償,Cái Giá Phải Trả,vi
仲裁者,Thần Phán,vi
仲裁者徽章,Ấn Thần Phán,vi
仲間を作ろう,Tự Lập Đội,vi
仿生上行链,Trí Tuệ Siêu Công Nghệ,vi
仿生植入物,Cấy Ghép Siêu Công Nghệ,vi
伊泽瑞尔,Ezreal,vi
伊澤瑞爾,Ezreal,vi
伊罗旖,Illaoi,vi
伊羅旖,Illaoi,vi
伊芙琳的增益,Ân Huệ Của Evelynn,vi
伊芙琳的恩赐,Ân Huệ Của Evelynn,vi
伊芙琳的本能,Trực Giác Của Evelynn,vi
伊芙琳的祝福,Ân Huệ Của Evelynn,vi
休眠锻炉,Lò Rèn Tiềm Ẩn,vi
伸手摘星,Vươn Tới Tinh Tú,vi
伸手摘群星,Vươn Tới Tinh Tú,vi
低调炫耀,Aura Farming,vi
佐伊,Zoe,vi
侵略者ゼド,Zed Kẻ Xâm Lăng,vi
便携锻炉,Lò Rèn Thần Thoại,vi
俄洛伊,Illaoi,vi
保卫者之誓,Lời Thề Hộ Vệ,vi
保衛者之誓,Lời Thề Hộ Vệ,vi
保鑣訓練,Huấn Luyện Cận Vệ,vi
保镖训练,Huấn Luyện Cận Vệ,vi
修复型回响,Thanh Âm Chữa Lành,vi
俺だけレベルアップ,Tôi Thăng Cấp Một Mình,vi
值得等待,Chờ Đợi Xứng Đáng,vi
假人化,Hình Nhân Hóa,vi
做多,Thích Mở Rộng,vi
偵察なし、変更なし,NHẮM MẮT CHƠI BỪA,vi
備用弓箭,Cung Dự Phòng,vi
储蓄账户,Tài Khoản Tiết Kiệm,vi
價值爆棚,2 Vàng Là Nhất,vi
儲蓄帳戶,Tài Khoản Tiết Kiệm,vi
充能转移,Chuyển Đổi Năng Lượng,vi
先知,Tiên Tri,vi
先見性,Nghĩ Về Tương Lai,vi
先鋒戰士,Tiên Phong,vi
先鋒戰士徽章,Ấn Tiên Phong,vi
先锋战士,Tiên Phong,vi
先锋战士徽章,Ấn Tiên Phong,vi
光明无赖,Quang Lân Tiểu Yêu,vi
光盾之紋,Huy Hiệu Lightshield,vi
光盾之纹,Huy Hiệu Lightshield,vi
光盾徽章,Huy Hiệu Lightshield,vi
入侵者 劫,Zed Kẻ Xâm Lăng,vi
全力以赴,Chỉ Một Con Đường,vi
全新出厂,Tối Tân,vi
全身全霊,Chỉ Một Con Đường,vi
共感インプラント,Cảm Quan Cấy Ghép,vi
共感植入,Cảm Quan Cấy Ghép,vi
关,Gwen,vi
关爱包裹,Gói Bảo Hộ,vi
兹若特传送门,Thông Đạo Zz'rot,vi
内瑟斯,Nasus,vi
再起の呪印,Ân Huệ Tái Sinh,vi
再造神兵,Tối Tân,vi
冒险举动,Nước Đi Liều Lĩnh,vi
冕卫,Vương Miện Hoàng Gia,vi
军工1号,Tối Tân,vi
冲击火炮,Đại Bác Liên Thanh,vi
冲榜战士,Leo Hạng,vi
冷酷なるジークの使者,Cờ Lệnh Zeke U Ám,vi
凋零的遗物,Di Vật Tàn Úa,vi
凋零聖物,Di Vật Tàn Úa,vi
凯尔的光明崇拜,Thăng Hoa Rực Rỡ Của Kayle,vi
凯尔的升腾,Thăng Hoa Của Kayle,vi
凯尔的圣光升腾,Thăng Hoa Rực Rỡ Của Kayle,vi
凯尔的增益,Ân Huệ Của Kayle,vi
凯尔的崇拜,Thăng Hoa Của Kayle,vi
凯尔的恩赐,Ân Huệ Của Kayle,vi
凯特琳,Caitlyn,vi
凯莎,Kai'Sa,vi
凱爾的祝福,Ân Huệ Của Kayle,vi
凱爾的聖光讚頌,Thăng Hoa Rực Rỡ Của Kayle,vi
凱爾的讚頌,Thăng Hoa Của Kayle,vi
凱特琳,Caitlyn,vi
凱莎,Kai'Sa,vi
出身豪门,Đặc Quyền Phú Gia,vi
出陣,Đường Ra Trận,vi
刀劍湧流,Đam Mê Kiếm,vi
刃馬合一,Đường Ra Trận,vi
刃马合一,Đường Ra Trận,vi
列队,Tiền Tuyến Vững Chãi,vi
初級鏡像人格,Hiện Thân Phản Chiếu Cỡ Nhỏ,vi
利落保镖,Huấn Luyện Cận Vệ,vi
别再错过,Kết Nối Gián Đoạn,vi
刹雅,Xayah,vi
刺藤胸甲,Áo Choàng Gai,vi
刻苦钻研,Kiên Nhẫn Học Tập,vi
前借り,Vay Tạm Ứng,vi
前排地基,Củng Cố Tuyến Trước,vi
前瞻思维,Nghĩ Về Tương Lai,vi
前線基礎,Củng Cố Tuyến Trước,vi
前線維持,Giữ Vững Hàng Ngũ,vi
前线地基,Củng Cố Tuyến Trước,vi
前衛の礎,Củng Cố Tuyến Trước,vi
剎雅,Xayah,vi
剑之工匠,Thợ Rèn Kiếm,vi
剣鍛冶,Thợ Rèn Kiếm,vi
副作用,Phản Ứng Phụ,vi
劍匠,Thợ Rèn Kiếm,vi
力に鍛えられしもの,Tôi Luyện Sức Mạnh,vi
力の聖杯,Cốc Sức Mạnh,vi
力炼之躯,Tôi Luyện Sức Mạnh,vi
力量圣杯,Cốc Sức Mạnh,vi
力量聖杯,Cốc Sức Mạnh,vi
力量鍛造,Tôi Luyện Sức Mạnh,vi
加速開始,Khởi Động Nhanh,vi
劣化版鏡像のペルソナ,Hiện Thân Phản Chiếu Cỡ Nhỏ,vi
努努和威朗普,Nunu & Willump,vi
劫,Zed,vi
劫掠者,Toán Cướp,vi
劫掠者徽章,Ấn Toán Cướp,vi
勒哈斯特,Rhaast,vi
勒布朗,LeBlanc,vi
勝ち抜け,Toàn Thắng,vi
千珏,Kindred,vi
升华护符,Bùa Thăng Hoa,vi
升星之运,Trên Đà Phát Triển,vi
升級！,Khuyến Mãi Kinh Nghiệm,vi
升级咯！,Khuyến Mãi Kinh Nghiệm,vi
升级！,Khuyến Mãi Kinh Nghiệm,vi
午餐錢,Tiền Ăn Trưa,vi
午餐钱,Tiền Ăn Trưa,vi
半导体,Chất Bán Dẫn,vi
半导体装置,Chất Bán Dẫn,vi
半導体,Chất Bán Dẫn,vi
半導體,Chất Bán Dẫn,vi
卑尔维斯,Bel'Veth,vi
单身板甲,Khiên Đơn Đấu,vi
博弈开启,Khởi Động Nhanh,vi
占星師,Chiêm Tinh,vi
占星師徽章,Ấn Chiêm Tinh,vi
卡尔玛,Karma,vi
卡帕果汁,Nước Cappa,vi
卡玛,Karma,vi
卡瑪,Karma,vi
卡胡纳胡纳,Kamekameha,vi
卡莎,Kai'Sa,vi
卢登的激荡,Bão Tố Luden,vi
卢登骤雨,Bão Tố Luden,vi
即席アーマー,Giáp Tự Chế,vi
厄加特,Urgot,vi
厄萨斯,Aatrox,vi
厄薩斯,Aatrox,vi
厄运小姐,Miss Fortune,vi
厄運使者,U Sầu,vi
厨神阿福,U.R.F.,vi
友を鍛える,Chế Tạo Bằng Hữu,vi
双城赢家,Arcane Viktor-y,vi
双子守护神,Song Vệ,vi
双子守护者,Song Vệ,vi
双排,Hàng Chờ Đấu Đôi,vi
反响,Nhân Bản,vi
反曲之弓,Cung Gỗ,vi
反曲弓,Cung Gỗ,vi
发条加速器,Động Cơ Tăng Tốc,vi
发条增速器,Động Cơ Tăng Tốc,vi
受到星神赐福,Thần Ban Phước,vi
变形重组器,Xoay Bài Tự Động,vi
叛逆者,Lệch Chuẩn,vi
叛道者,Vô Pháp,vi
叛道者徽章,Ấn Vô Pháp,vi
古拉加斯,Gragas,vi
古拉格斯,Gragas,vi
另辟新境,Phân Nhánh,vi
叩きつけ,Hạ Đo Ván,vi
可大可小,Tối Đa Hóa,vi
可疑風衣,Áo Choàng Mờ Ám,vi
可疑风衣,Áo Choàng Mờ Ám,vi
史提克弹簧刀,Dao Điện Statikk,vi
史提克彈簧刀,Dao Điện Statikk,vi
史特拉克手套,Móng Vuốt Sterak,vi
史詩重抽,Xúc Xắc Hoành Tráng,vi
史诗重骰,Xúc Xắc Hoành Tráng,vi
吉茵珂丝,Jinx,vi
吉茵珂絲,Jinx,vi
后排蓝图,Sơ Đồ Tuyến Sau,vi
后期专家,Hướng Đến Hồi Kết,vi
后期成长,Thăng Tiến Cuối Trận,vi
后期收益,Thăng Tiến Cuối Trận,vi
向上流動,Đẩy Nhanh Tiến Độ,vi
吶兒,Gnar,vi
吸血の胆力,Hút Sinh Lực,vi
吸血活力,Hút Sinh Lực,vi
吸血活力I,Hút Sinh Lực,vi
吸血生命力,Hút Sinh Lực,vi
吾弓听命于您,Cây Cung Thần Tốc,vi
吾弓效命於您,Cây Cung Thần Tốc,vi
呐儿,Gnar,vi
呪いの刃,Kiếm Cong,vi
命懸けの戦い,Nước Đi Liều Lĩnh,vi
命运祭司,Tiên Tri,vi
命运编织者,Định Mệnh,vi
命運編織者,Định Mệnh,vi
商业核心,Trung Tâm Thương Mại,vi
單人磐核,Khiên Đơn Đấu,vi
嗜血者,Huyết Kiếm,vi
嘟嘟好,Đánh Là Trúng,vi
四费增援,Tứ Phương Tiếp Viện,vi
四重援軍,Tứ Phương Tiếp Viện,vi
回収箱,Nhà Máy Tái Chế,vi
回收再利用,Nhà Máy Tái Chế,vi
回春,Ngọn Gió Thứ Hai,vi
团队建设,Xây Dựng Đội Hình,vi
圣光审判者,Chuộc Tội,vi
圣光捣蛋鬼,Quang Lân Tiểu Yêu,vi
圣盾使的誓约,Lời Thề Hộ Vệ,vi
地底寶藏,Kho Báu Chôn Giấu,vi
均等法衣,Giáp Vai Nguyệt Thần,vi
坚守前线,Giữ Vững Hàng Ngũ,vi
坚守防线,Giữ Vững Hàng Ngũ,vi
坚定之心,Trái Tim Kiên Định,vi
坚毅之心,Trái Tim Kiên Định,vi
坦度成双,Cặp Đôi Siêu Cứng,vi
坦度雙倍,Cặp Đôi Siêu Cứng,vi
埋もれた宝物,Kho Báu Chôn Giấu,vi
埋藏的宝物,Kho Báu Chôn Giấu,vi
基克的先驱,Tụ Bão Zeke,vi
基克的阴森先驱,Cờ Lệnh Zeke U Ám,vi
堅守前線,Giữ Vững Hàng Ngũ,vi
堅定之心,Trái Tim Kiên Định,vi
堡垒,Chiến Lũy,vi
堡垒卫士,Can Trường,vi
堡垒卫士纹章,Ấn Can Trường,vi
堡壘衛士,Can Trường,vi
堡壘衛士徽章,Ấn Can Trường,vi
報復,Báo Oán,vi
塔姆,Tahm Kench,vi
塔楼,Tòa Tháp,vi
塔隆,Talon,vi
增幅之力,Nâng Tầm Uy Lực,vi
增援部队,Tứ Phương Tiếp Viện,vi
壁垒,Can Trường,vi
壁垒徽章,Ấn Can Trường,vi
备用弓,Cung Dự Phòng,vi
复仇,Báo Oán,vi
复制,Nhân Bản,vi
复制者,Nhân Bản,vi
复制者模式,Chế Độ Nhân Bản,vi
复活恩赐,Ân Huệ Tái Sinh,vi
复活的恩赐,Ân Huệ Tái Sinh,vi
复苏之风,Ngọn Gió Thứ Hai,vi
夕闇の加護,Khiên Hoàng Hôn,vi
夜之锋刃,Áo Choàng Bóng Tối,vi
夜明けの加護,Khiên Hừng Đông,vi
夜色緣界,Áo Choàng Bóng Tối,vi
夜色缘界,Áo Choàng Bóng Tối,vi
大きな福袋,Túi Đồ Cỡ Đại,vi
大买特买,Tín Đồ Mua Sắm,vi
大剑溢流,Đam Mê Kiếm,vi
大剑过载,Đam Mê Kiếm,vi
大器晚成,Thăng Tiến Cuối Trận,vi
大型惊喜包,Túi Đồ Cỡ Đại,vi
大天使之杖,Quyền Trượng Thiên Thần,vi
大家來抱抱,Ôm Tập Thể,vi
大小很重要,Kích Cỡ Là Quan Trọng,vi
大百宝袋,Túi Đồ Cỡ Đại,vi
大禮包,Túi Đồ Cỡ Đại,vi
大而有力,To Lớn & Mạnh Mẽ,vi
大霹雳星系,Siêu Vũ Trụ,vi
大霹靂星系,Siêu Vũ Trụ,vi
天外橫財,Bão Vàng,vi
天煞,Thợ Săn Vũ Trụ,vi
天煞灭影：劫,Zed Kẻ Xâm Lăng,vi
太空律动,Hành Tinh,vi
太空律动徽章,Ấn Hành Tinh,vi
太空律动纹章,Ấn Hành Tinh,vi
太空律動,Hành Tinh,vi
太空律動徽章,Ấn Hành Tinh,vi
失去联络,Kết Nối Gián Đoạn,vi
契約殺手,Sát Thủ Đánh Thuê,vi
奢侈品订购,Gói Đăng Ký Hạng Sang,vi
奢华订阅,Gói Đăng Ký Hạng Sang,vi
奥恩,Ornn,vi
奥术 维克特式胜利,Arcane Viktor-y,vi
奥瑞利安·索尔,Aurelion Sol,vi
奥瑞利安·索尔的恩赐,Ân Huệ Của Aurelion Sol,vi
奧術：維克特必勝,Arcane Viktor-y,vi
女武神的祝福,Lễ Vật Tái Chế,vi
女神の涙,Nước Mắt Nữ Thần,vi
女神之泪,Nước Mắt Nữ Thần,vi
女神之淚,Nước Mắt Nữ Thần,vi
好きなだけ泣くがいい,Giọt Lệ Bi Ai,vi
好战者的恩赐,Lễ Vật Tái Chế,vi
好战者铠甲,Giáp Máu Warmog,vi
好戰者鎧甲,Giáp Máu Warmog,vi
好运姐,Miss Fortune,vi
好运手套,Đo Ni Đóng Giày,vi
好運姐,Miss Fortune,vi
好運手套,Đo Ni Đóng Giày,vi
娑娜,Sona,vi
娜米,Nami,vi
娜美,Nami,vi
存心失利,Thua Có Tính Toán,vi
孤身铁铠,Khiên Đơn Đấu,vi
宇宙の再起,Tái Lập Vũ Trụ,vi
宇宙大爆炸,Siêu Vũ Trụ,vi
宇宙重启,Tái Lập Vũ Trụ,vi
宇宙重啟,Tái Lập Vũ Trụ,vi
守望者之友,Đồng Minh Của Bụt,vi
守望者的盟友,Đồng Minh Của Bụt,vi
宝宝学院,Bài Học Sơ Khai,vi
宝探し,Săn Kho Báu,vi
宝石手套,Găng Bảo Thạch,vi
寂静法衣,Áo Choàng Tĩnh Lặng,vi
寂靜法衣,Áo Choàng Tĩnh Lặng,vi
密银黎明,Chùy Bạch Ngân,vi
寶石手套,Găng Bảo Thạch,vi
对冲基金,Quỹ Phòng Hộ,vi
寻宝,Săn Kho Báu,vi
寻宝之旅,Săn Kho Báu,vi
导能者,Dẫn Truyền,vi
导能者模式,Chế Độ Dẫn Truyền,vi
專打後期,Hướng Đến Hồi Kết,vi
尋寶遊戲,Săn Kho Báu,vi
導き手,Du Mục,vi
導き手の紋章,Ấn Du Mục,vi
小さくても強烈,Nhỏ Mà Có Võ,vi
小さな仲間たち,Những Người Bạn Nhỏ,vi
小さな巨人,Khổng Lồ Hóa,vi
小さな福袋,Túi Đồ Cỡ Nhỏ,vi
小伙伴,Những Người Bạn Nhỏ,vi
小偷小摸,Ăn Trộm,vi
小型惊喜包,Túi Đồ Cỡ Nhỏ,vi
小型禮包,Túi Đồ Cỡ Nhỏ,vi
小小伙伴,Những Người Bạn Nhỏ,vi
小小夥伴,Những Người Bạn Nhỏ,vi
小小大英雄,Khổng Lồ Hóa,vi
小小泰坦,Khổng Lồ Tí Hon,vi
小小福袋,Túi Đồ Cỡ Nhỏ,vi
小巧但致命,Nhỏ Mà Có Võ,vi
小巨人,Khổng Lồ Hóa,vi
小木灵,Meepsie,vi
小米普,Meepsie,vi
小而致命,Nhỏ Mà Có Võ,vi
就差你一個,Kết Nối Gián Đoạn,vi
尺寸至上,Kích Cỡ Là Quan Trọng,vi
尺有所短、寸有所长,Kích Cỡ Là Quan Trọng,vi
峡谷迅捷蟹,Cua Kỳ Cục,vi
崇高の冒険,Cuộc Phiêu Lưu Tôn Quý,vi
崇高冒险,Cuộc Phiêu Lưu Tôn Quý,vi
崔斯特,Twisted Fate,vi
巧みなクラフト,Khéo Tay Hay Làm,vi
巨人の誓い,Quyền Năng Khổng Lồ,vi
巨人之力,To Lớn & Mạnh Mẽ,vi
巨人杀手,Diệt Khổng Lồ,vi
巨人殺手,Diệt Khổng Lồ,vi
巨人腰带,Đai Khổng Lồ,vi
巨人腰帶,Đai Khổng Lồ,vi
巨型九头蛇,Rìu Đại Mãng Xà,vi
巨型魔棒,Gậy Quá Khổ,vi
巨大強悍,To Lớn & Mạnh Mẽ,vi
巨龙之爪,Vuốt Rồng,vi
巫妖之祸,Kiếm Tai Ương,vi
巫妖之禍,Kiếm Tai Ương,vi
巴德,Bard,vi
巴龍巢穴,Hang Ổ Baron,vi
巴龙幻域,Hang Ổ Baron,vi
布蕾尔,Briar,vi
布蕾爾,Briar,vi
布里茨,Blitzcrank,vi
帽子ジュース,Nước Cappa,vi
帽子饮品,Nước Cappa,vi
帽帽果汁,Nước Cappa,vi
平底鍋,Chảo Vàng,vi
平底锅,Chảo Vàng,vi
并肩作战,Nhất Thống,vi
幸存者,Kẻ Sống Sót,vi
幸运手套,Đo Ni Đóng Giày,vi
幻灵战队,Siêu Thú,vi
幻灵战队纹章,Ấn Siêu Thú,vi
幻灵指挥官,Chỉ Huy Siêu Thú,vi
幽冥煞星,Hắc Tinh,vi
幽冥煞星徽章,Ấn Hắc Tinh,vi
幽魂弯刀,Gươm Biến Ảnh,vi
広がる根,Cắm Rễ Phân Tán,vi
庇護者のお供,Đồng Minh Của Bụt,vi
库奇,Corki,vi
应急护甲,Giáp Tự Chế,vi
应急护盾,Hào Quang Nhân Vật Chính,vi
庫奇,Corki,vi
建立團隊,Xây Dựng Đội Hình,vi
开摆,AFK,vi
异类,Lệch Chuẩn,vi
弓の誓い,Cây Cung Thần Tốc,vi
強制中離,AFK,vi
強力投入,Chỉ Một Con Đường,vi
強化包,Gói Tăng Cường,vi
强制中离,AFK,vi
强化之能量,Nâng Tầm Uy Lực,vi
强大机甲,Robot,vi
强袭者的链枷,Chùy Đoản Côn,vi
当头棒喝！,Boong!,vi
影の操り人形,Bóng Phân Thân,vi
影子木偶,Bóng Phân Thân,vi
影忍煞星：劫,Zed Kẻ Xâm Lăng,vi
征战之路,Đường Ra Trận,vi
待つ価値あり,Chờ Đợi Xứng Đáng,vi
後排藍圖,Sơ Đồ Tuyến Sau,vi
後衛の設計図,Sơ Đồ Tuyến Sau,vi
復仇,Báo Oán,vi
復刻師,Nhân Bản,vi
復刻師模式,Chế Độ Nhân Bản,vi
復活祝福,Ân Huệ Tái Sinh,vi
循序漸進,Chuyện Đời Thường,vi
微光龍鱗精粹,Tinh Túy Kim Long,vi
微光龙鳞精萃,Tinh Túy Kim Long,vi
心之抗防,Trái Tim Sắt Đá,vi
心之钢,Trái Tim Sắt Đá,vi
心身統御のペンダント,Dây Chuyền Tự Lực,vi
忍耐の美徳,Kiên Nhẫn Là Một Đức Tính,vi
忍耐是美德,Kiên Nhẫn Là Một Đức Tính,vi
快速入门,Khởi Động Nhanh,vi
思惑買い,Thích Mở Rộng,vi
思緒清晰,Thông Thoáng,vi
思緒雜亂,Bừa Bộn,vi
思绪杂乱,Bừa Bộn,vi
思绪清晰,Thông Thoáng,vi
怪しげなトレンチコート,Áo Choàng Mờ Ám,vi
怪咖集合,Lệch Chuẩn,vi
恶意变现,Dòng Tiền Mờ Ám,vi
恶意货币化,Dòng Tiền Mờ Ám,vi
恶意软件矩阵,Ma Trận Mã Độc,vi
恶火小斧,Rìu Hỏa Ngục,vi
恶鲨火箭,Pháo Xương Cá,vi
惡性經營,Dòng Tiền Mờ Ám,vi
惡意程式矩陣,Ma Trận Mã Độc,vi
惡鯊火箭,Pháo Xương Cá,vi
想定内の意外性,Kỳ Vọng Bất Ngờ,vi
意料之中的意外,Kỳ Vọng Bất Ngờ,vi
愿四费与你同在,Số 4 Hoàn Hảo,vi
慎,Shen,vi
成吨数据！,Cộng Mệt Nghỉ!,vi
成吨的属性！,Cộng Mệt Nghỉ!,vi
我们团结一致,Kề Vai Sát Cánh,vi
我弓于你手,Cây Cung Thần Tốc,vi
我独自升级,Tôi Thăng Cấp Một Mình,vi
战时补给：反曲之弓,Cung Dự Phòng,vi
战时补给：女神之泪,Lệ Lưu Ly,vi
战时补给：拳套,Bước Đột Phá,vi
战时补给：无用大棒,Triệu Hồi Bất Tận,vi
战时补给：暴风大剑,Mở Lối,vi
战神的荣耀,Chiến Tướng Khải Hoàn,vi
戦略的敗北,Thua Có Tính Toán,vi
戰國軍閥之榮耀,Chiến Tướng Khải Hoàn,vi
戰錘意志,Ý Chỉ Xích Chùy,vi
手套,Găng Đấu Sĩ,vi
手气不错,Cảm Thấy May Mắn,vi
打手连枷,Chùy Đoản Côn,vi
打手連枷,Chùy Đoản Côn,vi
打捞桶,Nhà Máy Tái Chế,vi
打造夥伴,Người Bạn Vàng,vi
扩展包,Gói Tăng Cường,vi
投資,Đầu Tư,vi
投資完了,Đầu Tư,vi
投资,Đầu Tư,vi
抽好抽滿I,Xúc Xắc Vô Tận,vi
拉亚斯特,Rhaast,vi
拉姆斯,Rammus,vi
拉莫斯,Rammus,vi
拓展包,Gói Tăng Cường,vi
招兵买马,Tuyển Nhân Sự,vi
招兵買馬,Tuyển Nhân Sự,vi
拥抱,Ôm Tập Thể,vi
拳击训练,Tập Chịu Đòn,vi
拳击课程,Tập Chịu Đòn,vi
拳套,Găng Đấu Tập,vi
拳擊訓練,Tập Chịu Đòn,vi
拳擊選手,Võ Sĩ Giác Đấu,vi
指挥官,Chỉ Huy,vi
指揮官,Chỉ Huy,vi
挑个好伙计！,Người Bạn Vàng,vi
挑战者,Thách Đấu,vi
挑战者徽章,Ấn Thách Đấu,vi
挑战者模式,Chế Độ Thách Đấu,vi
挑战者纹章,Ấn Thách Đấu,vi
挖角,Ăn Trộm,vi
振奋盔甲,Giáp Tâm Linh,vi
振奮盔甲,Giáp Tâm Linh,vi
排兵布阵,Tiền Tuyến Vững Chãi,vi
探索者护腕,Giáp Tay Seeker,vi
探索者的护臂,Giáp Tay Seeker,vi
探索者護腕,Giáp Tay Seeker,vi
提摩,Teemo,vi
提莫,Teemo,vi
援護の弓,Cung Dự Phòng,vi
揺るがぬ心,Trái Tim Kiên Định,vi
携带型打铁铺,Lò Rèn Thần Thoại,vi
携手合作,Lập Đội,vi
摇钱树,Bão Vàng,vi
摘星之志,Vươn Tới Tinh Tú,vi
攀升之階I,Leo Hạng,vi
攀登天梯,Leo Hạng,vi
攜帶型打鐵舖,Lò Rèn Thần Thoại,vi
攜手同行,Kề Vai Sát Cánh,vi
支配宝匣,Dây Chuyền Tự Lực,vi
支配寶匣,Dây Chuyền Tự Lực,vi
放電,Tụ Điện,vi
救世主,Chuộc Tội,vi
救済者,Chuộc Tội,vi
救赎之灵,Linh Hồn Chuộc Tội,vi
救赎盔甲,Linh Hồn Chuộc Tội,vi
散件丰收日,Phi Vụ Trang Bị,vi
斗士,Đấu Sĩ,vi
斗士纹章,Ấn Đấu Sĩ,vi
斗神,Song Đấu,vi
斗神的恩赐,Lễ Vật Tái Chế,vi
斜槓英雄,Phân Nhánh,vi
斯塔缇克电刃,Dao Điện Statikk,vi
斯特拉克的挑战护手,Móng Vuốt Sterak,vi
新人入队,Tuyển Nhân Sự,vi
新兵,Tuyển Nhân Sự,vi
新星特攻队,N.O.V.A.,vi
新星特攻队纹章,Ấn N.O.V.A.,vi
新纪元,Kỷ Nguyên,vi
旅人,Viễn Chinh,vi
旅人纹章,Ấn Viễn Chinh,vi
无人机上行链路,Kết Nối Drone,vi
无尽之刃,Vô Cực Kiếm,vi
无尽守护,Bảo Hộ Vô Tận,vi
无尽绝望,Áo Choàng Diệt Vong,vi
无差别攻击,Sát Thủ Khát Máu,vi
无差别杀手,Sát Thủ Khát Máu,vi
无用大棒,Gậy Quá Khổ,vi
无终恨意,Áo Choàng Diệt Vong,vi
日炎斗篷,Áo Choàng Lửa,vi
日炎棋盘,Phóng Hỏa,vi
日炎燎原,Phóng Hỏa,vi
日輪的加冕,Dây Chuyền Iron Solari,vi
日轮的加冕,Dây Chuyền Iron Solari,vi
早期教育,Bài Học Sơ Khai,vi
昇華護符,Bùa Thăng Hoa,vi
明智消费,Tiêu Dùng Thông Minh,vi
明鏡止水,Thông Thoáng,vi
易,Master Yi,vi
易大师,Master Yi,vi
易大師,Master Yi,vi
星の観測者,Chiêm Tinh,vi
星の観測者の紋章,Ấn Chiêm Tinh,vi
星を目指して,Vươn Tới Tinh Tú,vi
星光连击,Liên Hoàn Tinh Tú,vi
星光連鎖,Liên Hoàn Tinh Tú,vi
星界壁壘,Chiến Lũy,vi
星界连招,Liên Hoàn Tinh Tú,vi
星界重启,Tái Lập Vũ Trụ,vi
星際旅人,Viễn Chinh,vi
星際旅人徽章,Ấn Viễn Chinh,vi
星靈牧者,Du Mục,vi
星靈牧者徽章,Ấn Du Mục,vi
昼食代,Tiền Ăn Trưa,vi
時計仕掛けの加速装置,Động Cơ Tăng Tốc,vi
時間破壞者,Thời Không,vi
時間破壞者徽章,Ấn Thời Không,vi
普通の日々,Chuyện Đời Thường,vi
普通預金口座,Tài Khoản Tiết Kiệm,vi
智商稅,Thuế Nhận Thức,vi
智慧末刃,Đao Tím,vi
暗影傀儡,Bóng Phân Thân,vi
暗影木偶,Bóng Phân Thân,vi
暗星,Hắc Tinh,vi
暗星纹章,Ấn Hắc Tinh,vi
暗行者之爪,Móng Vuốt Ám Muội,vi
暗黑女士,Ác Nữ,vi
暮光铁壁,Chiến Lũy,vi
暮夜之盾,Khiên Hoàng Hôn,vi
暴击式成功,Bước Đột Phá,vi
暴風之劍,Kiếm B.F.,vi
暴风之剑,Kiếm B.F.,vi
暴风大剑,Kiếm B.F.,vi
曙光核心,Lõi Bình Minh,vi
更致命之刃,Kiếm Tử Thần,vi
更要命的帽子,Mũ Tử Thần,vi
更要命的战刃,Kiếm Tử Thần,vi
最佳好友,Bạn Thân,vi
最后的轻语,Cung Xanh,vi
最后耳语,Cung Xanh,vi
最后赢家,Toàn Thắng,vi
最大最小化,Tối Đa Hóa,vi
最小巨人,Khổng Lồ Tí Hon,vi
最強の四配者,Tứ Phương Tiếp Viện,vi
最强构筑,Đội Hình Tối Ưu,vi
最後耳語,Cung Xanh,vi
最高指挥官,Chỉ Huy,vi
有効活用,Được Này Mất Kia,vi
有用之材,Được Này Mất Kia,vi
朔极之矛,Ngọn Giáo Shojin,vi
木偶化,Hình Nhân Hóa,vi
木灵族,Tinh Linh Chuông,vi
木灵族纹章,Ấn Tinh Linh Chuông,vi
未来の鍛冶場,Lò Rèn Tiềm Ẩn,vi
未来战士,Thời Không,vi
未来战士纹章,Ấn Thời Không,vi
末日使者,U Sầu,vi
机甲神盾,Máy Móc,vi
杀出血路,Mở Lối,vi
权杖意志,Ý Chỉ Xích Chùy,vi
杖之工匠,Thợ Rèn Gậy,vi
杖匠,Thợ Rèn Gậy,vi
杖鍛冶,Thợ Rèn Gậy,vi
来个好伙计,Tự Lập Đội,vi
极光,Aurora,vi
极限拉满,Tối Đa Hóa,vi
构筑一名伙伴：,Người Bạn Vàng,vi
枯朽の遺物,Di Vật Tàn Úa,vi
枯死の宝石,Đá Hắc Hóa,vi
枯萎圣物,Di Vật Tàn Úa,vi
枯萎宝石,Đá Hắc Hóa,vi
枯萎寶石,Đá Hắc Hóa,vi
枯萎珠宝,Đá Hắc Hóa,vi
柔依,Zoe,vi
柔軟性,Linh Hoạt,vi
根絶者,Hủy Diệt,vi
格斗手套,Găng Đấu Tập,vi
格温,Gwen,vi
格雷福斯,Graves,vi
格鬥手套,Găng Đấu Tập,vi
棋手之盾,Lá Chắn Chiến Thuật,vi
棋手厨房,Linh Thú Vào Bếp,vi
棋手廚房,Linh Thú Vào Bếp,vi
棋手披風,Áo Choàng Chiến Thuật,vi
棋手斗篷,Áo Choàng Chiến Thuật,vi
棋手皇冠,Vương Miện Chiến Thuật,vi
棋手盾牌,Lá Chắn Chiến Thuật,vi
棘刺背心,Áo Choàng Gai,vi
棱彩门票,Vé Kim Cương,vi
極速快手,Thách Đấu,vi
極速快手徽章,Ấn Thách Đấu,vi
極速快手模式,Chế Độ Thách Đấu,vi
構成拡大,Phân Nhánh,vi
模控機械上鏈,Trí Tuệ Siêu Công Nghệ,vi
模控機械移植,Cấy Ghép Siêu Công Nghệ,vi
機械戰甲,Máy Móc,vi
次级镜像人格面具,Hiện Thân Phản Chiếu Cỡ Nhỏ,vi
次级镜影化身,Hiện Thân Phản Chiếu Cỡ Nhỏ,vi
歐羅拉,Aurora,vi
正义之手,Bàn Tay Công Lý,vi
正义手套,Bàn Tay Công Lý,vi
正义报复,Báo Oán,vi
正義手套,Bàn Tay Công Lý,vi
武斗家,Đấu Sĩ,vi
武斗家徽章,Ấn Đấu Sĩ,vi
武装战姬,Xạ Thần,vi
武鬥家,Đấu Sĩ,vi
武鬥家徽章,Ấn Đấu Sĩ,vi
歩く鍛冶場,Chế Tạo Tại Chỗ,vi
死亡之刃,Kiếm Tử Thần,vi
死亡之帽,Mũ Phù Thủy Rabadon,vi
死得有價值I,Được Này Mất Kia,vi
死神之刃,Kiếm Tử Thần,vi
歼灭者,Hủy Diệt,vi
殉道美德,Quyền Trượng Thánh Quang,vi
殺出血路,Mở Lối,vi
水乳交融,Kề Vai Sát Cánh,vi
水銀兜帽,Áo Choàng Thủy Ngân,vi
水银,Áo Choàng Thủy Ngân,vi
水银兜帽,Áo Choàng Thủy Ngân,vi
永恆契約,Khế Ước Vĩnh Hằng,vi
永恒契约,Khế Ước Vĩnh Hằng,vi
永续召唤,Triệu Hồi Bất Tận,vi
汪星机器人,Tiệc Tùng,vi
沈黙の帳,Áo Choàng Tĩnh Lặng,vi
沉重王冠,Vương Miện Nặng Trĩu,vi
河蟹,Cua Kỳ Cục,vi
治疗法球,Cầu Hồi Phục,vi
治療靈球,Cầu Hồi Phục,vi
治癒回音,Thanh Âm Chữa Lành,vi
法官,Thần Phán,vi
法官纹章,Ấn Thần Phán,vi
法杖工匠,Thợ Rèn Gậy,vi
法杖溢流,Đam Mê Gậy,vi
法洛士的執念,Ám Ảnh Của Varus,vi
法洛士的增益,Ân Huệ Của Varus,vi
法洛士的执念,Ám Ảnh Của Varus,vi
法洛士的祝福,Ân Huệ Của Varus,vi
波比,Poppy,vi
泪流不止,Lệ Lưu Ly,vi
泪流成河,Giọt Lệ Bi Ai,vi
泰坦九头蛇,Rìu Đại Mãng Xà,vi
泰坦九頭蛇,Rìu Đại Mãng Xà,vi
泰坦的决意,Quyền Năng Khổng Lồ,vi
泰坦的坚决,Quyền Năng Khổng Lồ,vi
泰坦的決意,Quyền Năng Khổng Lồ,vi
泰隆,Talon,vi
活体锻炉,Chế Tạo Tại Chỗ,vi
活火炉,Chế Tạo Tại Chỗ,vi
活火爐,Chế Tạo Tại Chỗ,vi
派上用场,Được Này Mất Kia,vi
派克,Pyke,vi
派对大咖,Tiệc Tùng,vi
派對咖,Tiệc Tùng,vi
流れる涙,Lệ Lưu Ly,vi
流亡孤军,Độc Hành,vi
流亡孤軍,Độc Hành,vi
浪人,Độc Hành,vi
海克斯科技枪刃,Kiếm Súng Hextech,vi
海克斯科技槍刃,Kiếm Súng Hextech,vi
海妖之怒,Thịnh Nộ Thủy Quái,vi
海牛阿福的锅铲战术,Ván Cược URF,vi
海魔人,Tộc Thượng Cổ,vi
海魔人纹章,Ấn Tộc Thượng Cổ,vi
淚光閃閃,Lệ Lưu Ly,vi
淚如泉湧,Giọt Lệ Bi Ai,vi
混乱回復装置,Xoay Bài Tự Động,vi
混乱的呼唤,Triệu Gọi Hỗn Mang,vi
混沌への呼び声,Triệu Gọi Hỗn Mang,vi
混沌召唤,Triệu Gọi Hỗn Mang,vi
混沌召喚,Triệu Gọi Hỗn Mang,vi
清晰头脑,Thông Thoáng,vi
游侠,Vô Pháp,vi
游侠纹章,Ấn Vô Pháp,vi
游神的盟友,Đồng Minh Của Bụt,vi
源计划上行链路,Trí Tuệ Siêu Công Nghệ,vi
源计划植入,Cấy Ghép Siêu Công Nghệ,vi
滚起优势,Trên Đà Phát Triển,vi
漫游者,Viễn Chinh,vi
漫游者徽章,Ấn Viễn Chinh,vi
潘多拉的备战区,Hàng Chờ Pandora,vi
潘多拉的道具,Trang Bị Pandora,vi
潘朵拉的備戰區,Hàng Chờ Pandora,vi
潘朵拉的备战席,Hàng Chờ Pandora,vi
潘朵拉的装备,Trang Bị Pandora,vi
潘朵拉的道具,Trang Bị Pandora,vi
潘森,Pantheon,vi
潛在火爐,Lò Rèn Tiềm Ẩn,vi
潛行者之爪,Móng Vuốt Ám Muội,vi
潜心锻造,Lò Rèn Tiềm Ẩn,vi
潜行者之爪,Móng Vuốt Ám Muội,vi
激发之匣,Dây Chuyền Tự Lực,vi
火上浇油,Nếm Mùi Lửa,vi
火热促销,Thanh Lý Toàn Bộ,vi
火爆甩卖,Thanh Lý Toàn Bộ,vi
灭世者的死亡之帽,Mũ Phù Thủy Rabadon,vi
灭星尊,Hủy Diệt,vi
灵气农兵,Aura Farming,vi
灵活变通,Linh Hoạt,vi
灵活摇摆,Linh Hoạt,vi
灵能特工,Siêu Linh,vi
灵能特工纹章,Ấn Siêu Linh,vi
灵能者,Siêu Linh,vi
灵能者徽章,Ấn Siêu Linh,vi
灵风,Phong Kiếm,vi
灵魂唤醒,Thức Tỉnh Linh Hồn,vi
灵魂觉醒,Thức Tỉnh Linh Hồn,vi
炎を強めて,Nếm Mùi Lửa,vi
点击即送,Đánh Là Trúng,vi
炽天使之拥,Trượng Đại Thiên Sứ,vi
炽天使之杖,Trượng Đại Thiên Sứ,vi
烁刃,Đao Chớp,vi
烈士之德,Quyền Trượng Thánh Quang,vi
烈士美德,Quyền Trượng Thánh Quang,vi
烏爾加特,Urgot,vi
烬,Jhin,vi
無人機上鏈,Kết Nối Drone,vi
無差別屠殺,Sát Thủ Khát Máu,vi
無差別殺人者,Sát Thủ Khát Máu,vi
無盡之刃,Vô Cực Kiếm,vi
無盡絕望,Áo Choàng Diệt Vong,vi
無限守護,Bảo Hộ Vô Tận,vi
煞蜜拉,Samira,vi
煽风点火,Nếm Mùi Lửa,vi
熊熊火勢,Nếm Mùi Lửa,vi
熾天使之杖,Trượng Đại Thiên Sứ,vi
營造氣場,Aura Farming,vi
燼,Jhin,vi
燼滅之華,Hủy Diệt,vi
爆炸式增长,Tăng Trưởng Bùng Nổ,vi
爆炸性成長,Tăng Trưởng Bùng Nổ,vi
爆発的成長,Tăng Trưởng Bùng Nổ,vi
爱心包裹,Gói Bảo Hộ,vi
爱欧尼亚星火,Nỏ Sét,vi
牧羊人,Du Mục,vi
牧羊人纹章,Ấn Du Mục,vi
牧魂人,Du Mục,vi
牧魂人徽章,Ấn Du Mục,vi
物尽其用,Hạ Đo Ván,vi
物資箱,Gói Bảo Hộ,vi
特性の書,Sách Chọn Ấn,vi
特性の木,Cây Tộc Hệ,vi
特性を選択,Chọn Tộc/Hệ,vi
特性之树,Cây Tộc Hệ,vi
特性典籍,Sách Chọn Ấn,vi
特性神木,Cây Tộc Hệ,vi
犽宿之共享光采,Hưởng Ké Hào Quang Yasuo,vi
犽宿的共享光采,Hưởng Ké Hào Quang Yasuo,vi
犽宿的剑术,Kiếm Thuật Của Yasuo,vi
犽宿的增益,Ân Huệ Của Yasuo,vi
犽宿的祝福,Ân Huệ Của Yasuo,vi
犽宿的迅雷之技,Kiếm Thuật Của Yasuo,vi
犽宿的黃金棋格,Ô Hoàng Kim của Yasuo,vi
犽宿的黄金格子,Ô Hoàng Kim của Yasuo,vi
狂徒铠甲,Giáp Máu Warmog,vi
狂战士,Toán Cướp,vi
狂战士纹章,Ấn Toán Cướp,vi
狙击专家,Bắn Tỉa,vi
狙击专家徽章,Ấn Bắn Tỉa,vi
狙擊專家,Bắn Tỉa,vi
狙擊專家徽章,Ấn Bắn Tỉa,vi
狙神,Bắn Tỉa,vi
狙神纹章,Ấn Bắn Tỉa,vi
独自升级,Tôi Thăng Cấp Một Mình,vi
狱火战斧,Rìu Hỏa Ngục,vi
猛将的荣耀,Chiến Tướng Khải Hoàn,vi
猩红报偿,Huyết Giá,vi
獄火手斧,Rìu Hỏa Ngục,vi
獄炎のハチェット,Rìu Hỏa Ngục,vi
獨自升等,Tôi Thăng Cấp Một Mình,vi
王冠とは重きもの,Vương Miện Nặng Trĩu,vi
王冠之重,Vương Miện Nặng Trĩu,vi
玻璃大炮,Lấy Công Bù Thủ,vi
玻璃大砲I,Lấy Công Bù Thủ,vi
珍藏财宝,Kho Báu Chôn Giấu,vi
珠光护手,Găng Bảo Thạch,vi
珠光莲花,Khảm Bảo Thạch,vi
珠光蓮花II,Khảm Bảo Thạch,vi
瑟雷西的增益,Ân Huệ Của Thresh,vi
瑟雷西的灯笼,Lồng Đèn Của Thresh,vi
瑟雷西的燈籠,Lồng Đèn Của Thresh,vi
瑟雷西的祝福,Ân Huệ Của Thresh,vi
璐璐,Lulu,vi
甘いおやつ,Món Quà Ngọt Ngào,vi
甜点,Món Quà Ngọt Ngào,vi
生存专家,Kẻ Sống Sót,vi
生存專家,Kẻ Sống Sót,vi
生日团聚,Sinh Nhật Đoàn Tụ,vi
生日團聚,Sinh Nhật Đoàn Tụ,vi
生日礼物,Quà Sinh Nhật,vi
生日禮物,Quà Sinh Nhật,vi
生日聚会,Sinh Nhật Đoàn Tụ,vi
生根发芽,Cắm Rễ Phân Tán,vi
生活片段,Chuyện Đời Thường,vi
生涯ブロンズ,Tất Tay Bậc Đồng,vi
生物材料保存,Bảo Tồn Sinh Chất,vi
生物质保存剂,Bảo Tồn Sinh Chất,vi
生物质维护器,Bảo Tồn Sinh Chất,vi
由二生D,2 Vàng Là Nhất,vi
电光反击,Tụ Điện,vi
电火花,Tụ Điện,vi
电荷转移I,Chuyển Đổi Năng Lượng,vi
男爵幻域,Hang Ổ Baron,vi
略奪者,Toán Cướp,vi
略奪者の紋章,Ấn Toán Cướp,vi
疗愈回响,Thanh Âm Chữa Lành,vi
疾射火炮,Đại Bác Liên Thanh,vi
疾速双杀,Song Sát Tốc Hành,vi
疾速雙殺,Song Sát Tốc Hành,vi
癒しのこだま,Thanh Âm Chữa Lành,vi
登上最高峰,Toàn Thắng,vi
發條加速器,Động Cơ Tăng Tốc,vi
百兽,Siêu Thú,vi
百兽指挥官,Chỉ Huy Siêu Thú,vi
百兽特攻队徽章,Ấn Siêu Thú,vi
百獸,Siêu Thú,vi
百獸指揮官,Chỉ Huy Siêu Thú,vi
百獸特攻隊徽章,Ấn Siêu Thú,vi
皇冠守衛,Vương Miện Hoàng Gia,vi
盗賊のグローブ,Găng Đạo Tặc,vi
盗賊団,Băng Trộm,vi
盗賊団 II,Băng Trộm II,vi
盜取,Ăn Trộm,vi
盧登驟雨,Bão Tố Luden,vi
目标锁定光学仪,Kính Khóa Mục Tiêu,vi
目標鎖定光學,Kính Khóa Mục Tiêu,vi
真派氣功,Kamekameha,vi
石像鬼盘核,Thú Tượng Thạch Giáp,vi
石像鬼石板甲,Thú Tượng Thạch Giáp,vi
石像鬼磐核,Thú Tượng Thạch Giáp,vi
研究熱心,Kiên Nhẫn Học Tập,vi
砰地重击,Hạ Đo Ván,vi
砰爆,U Sầu,vi
破时者,Thời Không,vi
破时者徽章,Ấn Thời Không,vi
破曉之核,Lõi Bình Minh,vi
砸起來,Hạ Đo Ván,vi
硬性承诺,Chỉ Một Con Đường,vi
碰撞测试假人,Hình Nộm Va Chạm,vi
碰撞測試,Hình Nộm Va Chạm,vi
神の祝福,Thần Ban Phước,vi
神の鍛冶場,Lò Rèn Thăng Hoa,vi
神之祝福,Thần Ban Phước,vi
神偷军团,Băng Trộm,vi
神偷军团 II,Băng Trộm II,vi
神偷軍團,Băng Trộm,vi
神偷軍團 II,Băng Trộm II,vi
神力天铸,Tôi Luyện Sức Mạnh,vi
神化锻炉,Lò Rèn Thăng Hoa,vi
神寵者,Thần Ban Phước,vi
神影刺客,Vô Pháp,vi
神影刺客徽章,Ấn Vô Pháp,vi
神聖熔爐,Lò Rèn Thăng Hoa,vi
神託,Tiên Tri,vi
神諭,Tiên Tri,vi
神谕,Dẫn Truyền,vi
神谕模式,Chế Độ Dẫn Truyền,vi
神赐锻炉,Lò Rèn Thăng Hoa,vi
神鬥士,Song Đấu,vi
禁忌之像,Dị Vật Tai Ương,vi
禁忌雕像,Dị Vật Tai Ương,vi
离子火花,Nỏ Sét,vi
私房錢,Sống Vội,vi
私房钱,Sống Vội,vi
科加斯,Cho'Gath,vi
秘传奥义,Kamekameha,vi
稜鏡票券,Vé Kim Cương,vi
穢れたヴァンパイア セプター,Huyết Trượng Tha Hóa,vi
究極暴擊,Bước Đột Phá,vi
窃盗,Ăn Trộm,vi
窃贼帮派,Băng Trộm,vi
窃贼帮派 II,Băng Trộm II,vi
窃贼手套,Găng Đạo Tặc,vi
竊賊手套,Găng Đạo Tặc,vi
米利欧,Milio,vi
米普,Meepsie,vi
米普,Tinh Linh Chuông,vi
米普徽章,Ấn Tinh Linh Chuông,vi
米普星人,Tinh Linh Chuông,vi
米普星人徽章,Ấn Tinh Linh Chuông,vi
米普終端速度,Meep Cực Tốc,vi
米里欧,Milio,vi
米里歐,Milio,vi
精心打造,Khéo Tay Hay Làm,vi
精心製作,Khéo Tay Hay Làm,vi
精打細算,Tiêu Dùng Thông Minh,vi
精打细算,Tiêu Dùng Thông Minh,vi
精进之矛,Ngọn Giáo Shojin,vi
精進之矛,Ngọn Giáo Shojin,vi
紀元,Kỷ Nguyên,vi
紅Buff,Bùa Đỏ,vi
納什之牙,Nanh Nashor,vi
納瑟斯,Nasus,vi
素材アイテムヘイスト,Phi Vụ Trang Bị,vi
紡がれし魔法,Ma Thuật Đan Kết,vi
索娜,Sona,vi
索拉卡的增益,Ân Huệ Của Soraka,vi
索拉卡的奇蹟,Phép Màu Của Soraka,vi
索拉卡的奇迹,Phép Màu Của Soraka,vi
索拉卡的恩赐,Ân Huệ Của Soraka,vi
索拉卡的祝福,Ân Huệ Của Soraka,vi
終わりなき絶望,Áo Choàng Diệt Vong,vi
組件強盜,Phi Vụ Trang Bị,vi
絶好調,Trên Đà Phát Triển,vi
維克特,Viktor,vi
維迦,Veigar,vi
縮小手套,Găng Đấu Sĩ,vi
红增益,Bùa Đỏ,vi
红霸符,Bùa Đỏ,vi
纪年伊始,Kỷ Nguyên,vi
纳什之牙,Nanh Nashor,vi
纳尔,Gnar,vi
纳瑟斯,Nasus,vi
纷乱头脑,Bừa Bộn,vi
纹章之书,Sách Chọn Ấn,vi
纺织魔法,Ma Thuật Đan Kết,vi
组件劫案,Phi Vụ Trang Bị,vi
织命人,Định Mệnh,vi
终端米普速度,Meep Cực Tốc,vi
终身青铜,Tất Tay Bậc Đồng,vi
终身黄铜,Tất Tay Bậc Đồng,vi
绝境反击,Cố Gắng Lật Kèo,vi
维克托,Viktor,vi
维克特,Viktor,vi
维迦,Veigar,vi
编织魔法,Ma Thuật Đan Kết,vi
羁绊树,Cây Tộc Hệ,vi
美味甜點,Món Quà Ngọt Ngào,vi
翱銳龍獸,Aurelion Sol,vi
翱銳龍獸的祝福,Ân Huệ Của Aurelion Sol,vi
翱锐龙兽,Aurelion Sol,vi
翱锐龙兽的增益,Ân Huệ Của Aurelion Sol,vi
耐心学习,Kiên Nhẫn Học Tập,vi
耐心學習,Kiên Nhẫn Học Tập,vi
耐心是一种美德,Kiên Nhẫn Là Một Đức Tính,vi
耐心是美德,Kiên Nhẫn Là Một Đức Tính,vi
职业杀手,Sát Thủ Đánh Thuê,vi
联合作战,Nhất Thống,vi
聖なる決闘者,Song Đấu,vi
聖光無賴,Quang Lân Tiểu Yêu,vi
能力值大補包,Cộng Mệt Nghỉ!,vi
能量圣杯,Cốc Sức Mạnh,vi
脫穎而出,Toàn Thắng,vi
腐蚀,Ăn Mòn,vi
腐蝕,Ăn Mòn,vi
腐败吸血鬼权杖,Huyết Trượng Tha Hóa,vi
腐食,Ăn Mòn,vi
腰带溢流,Đam Mê Đai Lưng,vi
腰带过载,Đam Mê Đai Lưng,vi
腰帶多多,Đam Mê Đai Lưng,vi
臨時戰甲,Giáp Tự Chế,vi
至尊探险,Cuộc Phiêu Lưu Tôn Quý,vi
致命利刃,Kiếm Tử Thần,vi
致命帽子,Mũ Tử Thần,vi
致命豆丁,Nhỏ Mà Có Võ,vi
致死之帽,Mũ Tử Thần,vi
艾克的增益,Ân Huệ Của Ekko,vi
艾克的恩赐,Ân Huệ Của Ekko,vi
艾克的祝福,Ân Huệ Của Ekko,vi
艾克的耐心,Kiên Nhẫn Của Ekko,vi
节外生枝,Phân Nhánh,vi
花到上头,Sống Vội,vi
芽苞初放,Tự Lập Đội,vi
英勇惊喜包,Túi Đồ Siêu Hùng,vi
英勇福袋,Túi Đồ Siêu Hùng,vi
英雄のラッキーバッグ,Túi Đồ Siêu Hùng,vi
英雄禮包,Túi Đồ Siêu Hùng,vi
茂凯,Maokai,vi
茂凱,Maokai,vi
荊棘蔓延,Cắm Rễ Phân Tán,vi
莎弥拉,Samira,vi
莫德凯撒,Mordekaiser,vi
莫甘娜,Morgana,vi
莫雷洛秘典,Quỷ Thư Morello,vi
菲兹,Fizz,vi
菲奥娜,Fiora,vi
菲欧拉,Fiora,vi
菲歐拉,Fiora,vi
葛雷夫,Graves,vi
蓝增益,Bùa Xanh,vi
蓝霸符,Bùa Xanh,vi
蔓延之根,Cắm Rễ Phân Tán,vi
蕾欧娜,Leona,vi
薄暮法袍,Giáp Vai Nguyệt Thần,vi
薇古丝,Vex,vi
薇可丝,Vex,vi
薇可絲,Vex,vi
藍Buff,Bùa Xanh,vi
虚空之杖,Trượng Hư Vô,vi
虚空之门,Thông Đạo Zz'rot,vi
虚空手套,Găng Hư Không,vi
虚空护手,Găng Hư Không,vi
虛空之杖,Trượng Hư Vô,vi
虛空之門,Thông Đạo Zz'rot,vi
虛空武鬥場,Găng Hư Không,vi
血の供物,Huyết Tế,vi
血の価値,Huyết Giá,vi
血償,Huyết Giá,vi
血的代价,Huyết Giá,vi
血祭,Huyết Tế,vi
衝擊火炮,Đại Bác Liên Thanh,vi
衝突試験用ダミー,Hình Nộm Va Chạm,vi
裁决者,Thần Phán,vi
裁决者徽章,Ấn Thần Phán,vi
装备百宝袋,Tiếp Tế Trang Bị,vi
複製,Nhân Bản,vi
西風匕首,Phong Kiếm,vi
西风匕首,Phong Kiếm,vi
視界專注,Kính Nhắm Ma Pháp,vi
观星者,Chiêm Tinh,vi
观星者徽章,Ấn Chiêm Tinh,vi
观星者纹章,Ấn Chiêm Tinh,vi
视界专注,Kính Nhắm Ma Pháp,vi
觉得自己幸运吗,Cảm Thấy May Mắn,vi
訂購奢侈品,Gói Đăng Ký Hạng Sang,vi
訂閱服務,Dịch Vụ Gói Đăng Ký,vi
訓練假人,Hình Nhân,vi
詛咒之冠,Vương Miện Hắc Hóa,vi
詛咒之刃,Kiếm Cong,vi
詛咒吸血鬼權杖,Huyết Trượng Tha Hóa,vi
認知超載,Quá Tải Tư Duy,vi
订阅服务,Dịch Vụ Gói Đăng Ký,vi
认知税,Thuế Nhận Thức,vi
认知超负荷,Quá Tải Tư Duy,vi
认知过载,Quá Tải Tư Duy,vi
训练假人,Hình Nhân,vi
训练木偶,Hình Nhân,vi
诅咒之冠,Vương Miện Hắc Hóa,vi
诅咒之刃,Kiếm Cong,vi
诅咒冠冕,Vương Miện Hắc Hóa,vi
豪華なサブスク,Gói Đăng Ký Hạng Sang,vi
貝爾薇斯,Bel'Veth,vi
負極斗篷,Áo Choàng Bạc,vi
貪啃奇,Tahm Kench,vi
貪財,Cơn Khát Vàng,vi
買い物三昧,Tín Đồ Mua Sắm,vi
買不手軟,Tín Đồ Mua Sắm,vi
貿易核心,Trung Tâm Thương Mại,vi
賈克斯,Jax,vi
賢い買い物,Tiêu Dùng Thông Minh,vi
贝尔薇斯,Bel'Veth,vi
贝蕾亚,Briar,vi
负极斗篷,Áo Choàng Bạc,vi
财源滚滚,Bão Vàng,vi
贪啃奇,Tahm Kench,vi
贪财,Cơn Khát Vàng,vi
购物狂欢,Tín Đồ Mua Sắm,vi
贸易中心,Trung Tâm Thương Mại,vi
贸易大亨,Khu Giao Dịch,vi
贾克斯,Jax,vi
赏金战士,Võ Sĩ Giác Đấu,vi
起死回生,Ngọn Gió Thứ Hai,vi
超前部署,Nghĩ Về Tương Lai,vi
超新星,N.O.V.A.,vi
超新星徽章,Ấn N.O.V.A.,vi
超级机甲,Robot,vi
超能機甲,Robot,vi
超越のタリスマン,Bùa Thăng Hoa,vi
跳樓大拍賣,Thanh Lý Toàn Bộ,vi
輝く悪党,Quang Lân Tiểu Yêu,vi
转不停,Xúc Xắc Vô Tận,vi
轻量魔法投掷,Quay Trúng Thưởng,vi
轻魔重骰,Quay Trúng Thưởng,vi
这次战败也在计算之中,Thua Có Tính Toán,vi
远古霸者,Tộc Thượng Cổ,vi
远古霸者徽章,Ấn Tộc Thượng Cổ,vi
远征,Cuộc Viễn Chinh,vi
远见卓识,Nghĩ Về Tương Lai,vi
连指手套,Găng Đấu Sĩ,vi
迷你小英雄,Khổng Lồ Tí Hon,vi
迷你黑洞,Hố Đen Tí Hon,vi
迷离风衣,Áo Choàng Mờ Ám,vi
适应性头盔,Mũ Thích Nghi,vi
适性神盔,Mũ Thích Nghi,vi
逆命,Twisted Fate,vi
逆袭之路,Cố Gắng Lật Kèo,vi
逆転劇,Cố Gắng Lật Kèo,vi
逆轉佳話,Cố Gắng Lật Kèo,vi
选择特性,Chọn Tộc/Hệ,vi
选择羁绊,Chọn Tộc/Hệ,vi
這次戰敗也在計算之中,Thua Có Tính Toán,vi
連続魔法,Triệu Hồi Bất Tận,vi
連續施法,Triệu Hồi Bất Tận,vi
進階貸款,Vay Tạm Ứng,vi
道を切り拓け,Mở Lối,vi
道具惊喜包,Tiếp Tế Trang Bị,vi
道具組合包I,Tiếp Tế Trang Bị,vi
遠古霸者,Tộc Thượng Cổ,vi
遠古霸者徽章,Ấn Tộc Thượng Cổ,vi
遠征,Cuộc Viễn Chinh,vi
遥遥领先,Thích Mở Rộng,vi
適性神盔,Mũ Thích Nghi,vi
選擇特性,Chọn Tộc/Hệ,vi
避險基金,Quỹ Phòng Hộ,vi
邦！,Boong!,vi
邪悪な収益化,Dòng Tiền Mờ Ám,vi
部分飞升,Bán Thăng Hoa,vi
鄂尔,Ornn,vi
鄂爾,Ornn,vi
重启任务,Tái Khởi Động Nhiệm Vụ,vi
重整装置,Xoay Bài Tự Động,vi
重整裝置,Xoay Bài Tự Động,vi
重新開始任務,Tái Khởi Động Nhiệm Vụ,vi
重枪女武神,Xạ Thần,vi
重槍女武神,Xạ Thần,vi
重装战士,Tiên Phong,vi
重装战士纹章,Ấn Tiên Phong,vi
重锤之志,Ý Chỉ Xích Chùy,vi
量身訂做,Lựa Chọn Độc Quyền,vi
金に飢えし者,Cơn Khát Vàng,vi
金のタマゴ,Rồng Đẻ Trứng Vàng,vi
金のモンスーン,Bão Vàng,vi
金ピカの鋼,Thép Mạ Vàng,vi
金克丝,Jinx,vi
金湯匙,Đặc Quyền Phú Gia,vi
金蛋,Rồng Đẻ Trứng Vàng,vi
金铲铲,Siêu Xẻng,vi
金铲铲冠冕,Vương Miện Chiến Thuật,vi
金锅铲冠冕,Áo Choàng Chiến Thuật,vi
金锅锅,Chảo Vàng,vi
金锅锅冠冕,Lá Chắn Chiến Thuật,vi
金霖龙,Kim Long,vi
金鳞精粹,Tinh Túy Kim Long,vi
金龙降世,Kim Long,vi
鈍化,Hình Nhân Hóa,vi
銀の匙,Đặc Quyền Phú Gia,vi
銀河獵手,Thợ Săn Vũ Trụ,vi
銀織黎明,Chùy Bạch Ngân,vi
銃装機神,Xạ Thần,vi
銅級之命II,Tất Tay Bậc Đồng,vi
鋼の心,Trái Tim Sắt Đá,vi
鋼鐵素材,Kho Báu Sắt,vi
錫柯的悲鳴號角,Cờ Lệnh Zeke U Ám,vi
錫柯的號角,Tụ Bão Zeke,vi
鍋鏟,Siêu Xẻng,vi
鎖子甲,Giáp Lưới,vi
鏡像のペルソナ,Hiện Thân Phản Chiếu,vi
鏡像人格,Hiện Thân Phản Chiếu,vi
鏡爪,Kindred,vi
鑄造朋友,Chế Tạo Bằng Hữu,vi
钢铁之心,Trái Tim Sắt Đá,vi
钢铁烈阳之匣,Dây Chuyền Iron Solari,vi
钢铁资产,Kho Báu Sắt,vi
银汤匙,Đặc Quyền Phú Gia,vi
银河猎手,Thợ Săn Vũ Trụ,vi
银织黎明,Chùy Bạch Ngân,vi
铸剑工匠,Thợ Rèn Kiếm,vi
锁子甲,Giáp Lưới,vi
锁敌光学设备,Kính Khóa Mục Tiêu,vi
锅铲,Siêu Xẻng,vi
锅铲厨房,Linh Thú Vào Bếp,vi
锐雯,Riven,vi
锡柯的号角,Tụ Bão Zeke,vi
锡柯的悲鸣号角,Cờ Lệnh Zeke U Ám,vi
锤石的恩赐,Ân Huệ Của Thresh,vi
锤石的灯笼,Lồng Đèn Của Thresh,vi
锻造一个朋友,Chế Tạo Bằng Hữu,vi
锻造挚友,Chế Tạo Bằng Hữu,vi
镀金钢铁,Thép Mạ Vàng,vi
镜像人格面具,Hiện Thân Phản Chiếu,vi
镜影化身,Hiện Thân Phản Chiếu,vi
镜爪,Kindred,vi
長久之計,Thích Mở Rộng,vi
閃刃,Đao Chớp,vi
開局新手包,Tự Lập Đội,vi
闇の女帝,Ác Nữ,vi
闇翼魔女,Ác Nữ,vi
關,Gwen,vi
防禦高塔,Tòa Tháp,vi
阿卡丽,Akali,vi
阿卡莉,Akali,vi
阿狸的光环,Hào Quang Của Ahri,vi
阿狸的恩赐,Ân Huệ Của Ahri,vi
阿璃的增益,Ân Huệ Của Ahri,vi
阿璃的灵气,Hào Quang Của Ahri,vi
阿璃的祝福,Ân Huệ Của Ahri,vi
阿璃的靈氣,Hào Quang Của Ahri,vi
阿福大礼包,Túi Đồ Urf,vi
阿福大禮包,Túi Đồ Urf,vi
阿福奇兵,Ván Cược URF,vi
阿福式开局,Ván Cược URF,vi
阿福快打,U.R.F.,vi
阿福的百宝袋,Túi Đồ Urf,vi
阿福驾到,U.R.F.,vi
阿萝拉,Aurora,vi
降靈師,Dẫn Truyền,vi
降靈師模式,Chế Độ Dẫn Truyền,vi
限定カスタマイズ,Lựa Chọn Độc Quyền,vi
陣容,Tiền Tuyến Vững Chãi,vi
集中火力,Tập Trung Hỏa Lực,vi
集中砲火,Tập Trung Hỏa Lực,vi
集体拥抱I,Ôm Tập Thể,vi
集结战队,Lập Đội,vi
雇佣杀手,Sát Thủ Đánh Thuê,vi
雙排,Hàng Chờ Đấu Đôi,vi
雙生守衛,Song Vệ,vi
離子星火,Nỏ Sét,vi
雷克塞,Rek'Sai,vi
雷欧娜,Leona,vi
雷歐娜,Leona,vi
雷玟,Riven,vi
雷珂煞,Rek'Sai,vi
電光反擊,Tụ Điện,vi
電荷轉移,Chuyển Đổi Năng Lượng,vi
霞,Xayah,vi
露璐,Lulu,vi
霸天机甲,Máy Móc,vi
靈活變通,Linh Hoạt,vi
靈能使,Siêu Linh,vi
靈能使徽章,Ấn Siêu Linh,vi
靈魂救贖,Linh Hồn Chuộc Tội,vi
静止法衣,Áo Choàng Tĩnh Lặng,vi
非凡冒險,Cuộc Phiêu Lưu Tôn Quý,vi
韦鲁斯的恩赐,Ân Huệ Của Varus,vi
韦鲁斯的执念,Ám Ảnh Của Varus,vi
頂裝,Đội Hình Tối Ưu,vi
預料中的意外,Kỳ Vọng Bất Ngờ,vi
願四之力與你同在,Số 4 Hoàn Hảo,vi
顶尖构筑,Đội Hình Tối Ưu,vi
顽强不屈,Bất Khuất,vi
飙速木灵,Meep Cực Tốc,vi
飛斯,Fizz,vi
飛昇,Thăng Hoa,vi
飞升,Thăng Hoa,vi
飞升护符,Bùa Thăng Hoa,vi
飞斯,Fizz,vi
饮血剑,Huyết Kiếm,vi
騎士の誓い,Lời Thề Hiệp Sĩ,vi
騎士誓願,Lời Thề Hiệp Sĩ,vi
骑士之誓,Lời Thề Hiệp Sĩ,vi
骑士誓愿,Lời Thề Hiệp Sĩ,vi
高压电,Sét Cao Thế,vi
高压电流,Sét Cao Thế,vi
高塔,Tòa Tháp,vi
高级贷款,Vay Tạm Ứng,vi
高速ダブルキル,Song Sát Tốc Hành,vi
高電圧,Sét Cao Thế,vi
高電壓,Sét Cao Thế,vi
高風險高報酬,Nước Đi Liều Lĩnh,vi
鬼使弯刀,Gươm Biến Ảnh,vi
鬼使彎刀,Gươm Biến Ảnh,vi
鬼索的狂暴之刃,Cuồng Đao Guinsoo,vi
魂力覺醒,Thức Tỉnh Linh Hồn,vi
魔像,Người Đá,vi
魔力編織,Ma Thuật Đan Kết,vi
魔斗凯萨,Mordekaiser,vi
魔术师,Nhân Bản,vi
魔术师模式,Chế Độ Nhân Bản,vi
魔杖湧流,Đam Mê Gậy,vi
魔棒过载,Đam Mê Gậy,vi
魔法のダイス,Xúc Xắc Ma Pháp,vi
魔法投掷,Xúc Xắc Ma Pháp,vi
魔法擲骰,Xúc Xắc Ma Pháp,vi
魔法骰子,Xúc Xắc Ma Pháp,vi
魔甘娜,Morgana,vi
魔鬥凱薩,Mordekaiser,vi
鱼骨头,Pháo Xương Cá,vi
鲜血祭品,Huyết Tế,vi
鴻運當頭,Cảm Thấy May Mắn,vi
鴻運當頭,Trên Đà Phát Triển,vi
麗珊卓,Lissandra,vi
黃昏聖盾,Khiên Hoàng Hôn,vi
黃金巨龍,Kim Long,vi
黃金蛋,Rồng Đẻ Trứng Vàng,vi
黃金豪賭,Ván Cược Hoàng Kim,vi
黄昏圣盾,Khiên Hoàng Hôn,vi
黄金の博打,Ván Cược Hoàng Kim,vi
黄金の龍,Kim Long,vi
黄金蛋,Rồng Đẻ Trứng Vàng,vi
黄金豪赌,Ván Cược Hoàng Kim,vi
黄金赌约,Ván Cược Hoàng Kim,vi
黎明之盾,Khiên Hừng Đông,vi
黎明圣盾,Khiên Hừng Đông,vi
黎明核心,Lõi Bình Minh,vi
黎明聖盾,Khiên Hừng Đông,vi
黑暗吸血鬼节杖,Huyết Trượng Tha Hóa,vi
黑暗魔女,Ác Nữ,vi
黑铁资产,Kho Báu Sắt,vi
黑魔禁书,Quỷ Thư Morello,vi
黑魔禁書,Quỷ Thư Morello,vi
黛安娜,Diana,vi
龍之爪,Vuốt Rồng,vi
龙之爪,Vuốt Rồng,vi
가고일 돌갑옷,Thú Tượng Thạch Giáp,vi
가지 뻗기,Phân Nhánh,vi
간이 대장간,Chế Tạo Tại Chỗ,vi
강철의 솔라리 펜던트,Dây Chuyền Iron Solari,vi
강철의 심장,Trái Tim Sắt Đá,vi
거대 메크 로봇,Robot,vi
거대하고 강력한,To Lớn & Mạnh Mẽ,vi
거대한 히드라,Rìu Đại Mãng Xà,vi
거래 중심지,Trung Tâm Thương Mại,vi
거울의 환영,Hiện Thân Phản Chiếu,vi
거인 학살자,Diệt Khổng Lồ,vi
거인의 결의,Quyền Năng Khổng Lồ,vi
거인의 허리띠,Đai Khổng Lồ,vi
검 제작자,Thợ Rèn Kiếm,vi
경품 추첨,Ván Cược Hoàng Kim,vi
경호대 훈련,Huấn Luyện Cận Vệ,vi
계산된 패배,Thua Có Tính Toán,vi
고귀한 모험,Cuộc Phiêu Lưu Tôn Quý,vi
고독한 방패,Khiên Đơn Đấu,vi
고속 연사포,Đại Bác Liên Thanh,vi
고위천사의 지팡이,Trượng Đại Thiên Sứ,vi
고전압,Tụ Điện,vi
고전압,Sét Cao Thế,vi
고철 수집가의 은총,Lễ Vật Tái Chế,vi
곡궁,Cung Gỗ,vi
골렘,Người Đá,vi
공감 임플란트,Cảm Quan Cấy Ghép,vi
공허 건틀릿,Găng Hư Không,vi
공허의 지팡이,Trượng Hư Vô,vi
교환의 장,Khu Giao Dịch,vi
구독 서비스,Dịch Vụ Gói Đăng Ký,vi
구원의 영혼,Linh Hồn Chuộc Tội,vi
구원자,Chuộc Tội,vi
구인수의 격노검,Cuồng Đao Guinsoo,vi
굳건한 심장,Trái Tim Kiên Định,vi
권투 교습,Tập Chịu Đòn,vi
그냥 눌러,Đánh Là Trúng,vi
그라가스,Gragas,vi
그레이브즈,Graves,vi
그림자 꼭두각시,Bóng Phân Thân,vi
그웬,Gwen,vi
극대화 빌드,Đội Hình Tối Ưu,vi
극진한 헌신,Chỉ Một Con Đường,vi
금지된 우상,Dị Vật Tai Ương,vi
급매,Thanh Lý Toàn Bộ,vi
기다림의 미학,Chờ Đợi Xứng Đáng,vi
기동총격여신,Xạ Thần,vi
기사의 맹세,Lời Thề Hiệp Sĩ,vi
길을 내라,Mở Lối,vi
길잡이,Du Mục,vi
길잡이 상징,Ấn Du Mục,vi
꼬꼬마 거인,Khổng Lồ Tí Hon,vi
꼬마 거인,Khổng Lồ Hóa,vi
꼬마 정령,Meepsie,vi
꽁!,Boong!,vi
끈끈한 우정,Xây Dựng Đội Hình,vi
끈질긴 연구,Kiên Nhẫn Học Tập,vi
끝없는 절망,Áo Choàng Diệt Vong,vi
나 혼자 레벨업,Tôi Thăng Cấp Một Mình,vi
나르,Gnar,vi
나미,Nami,vi
나서스,Nasus,vi
남작의 소굴,Hang Ổ Baron,vi
내셔의 이빨,Nanh Nashor,vi
넘치는 대검,Đam Mê Kiếm,vi
넘치는 지팡이,Đam Mê Gậy,vi
넘치는 허리띠,Đam Mê Đai Lưng,vi
누누와 윌럼프,Nunu & Willump,vi
다 쓸 데가 있다니까,Được Này Mất Kia,vi
다이애나,Diana,vi
단결된 의지,Nhất Thống,vi
단일 조합 사수,NHẮM MẮT CHƠI BỪA,vi
단짝,Bạn Thân,vi
단체 포옹,Ôm Tập Thể,vi
달콤한 간식,Món Quà Ngọt Ngào,vi
대격변 생성기,Xoay Bài Tự Động,vi
대장군의 명예,Chiến Tướng Khải Hoàn,vi
대천사의 지팡이,Quyền Trượng Thiên Thần,vi
대출 선지급,Vay Tạm Ứng,vi
더욱 치명적인 모자,Mũ Tử Thần,vi
덤불 조끼,Áo Choàng Gai,vi
도금 강철,Thép Mạ Vàng,vi
도둑 무리,Băng Trộm,vi
도둑 무리 II,Băng Trộm II,vi
도적의 장갑,Găng Đạo Tặc,vi
도전자,Thách Đấu,vi
도전자 모드,Chế Độ Thách Đấu,vi
도전자 상징,Ấn Thách Đấu,vi
돈 폭풍,Bão Vàng,vi
돈독,Cơn Khát Vàng,vi
동료 제작,Người Bạn Vàng,vi
동물특공대,Siêu Thú,vi
동물특공대 상징,Ấn Siêu Thú,vi
동물특공대 지휘관,Chỉ Huy Siêu Thú,vi
뒤집개,Siêu Xẻng,vi
드론 업링크,Kết Nối Drone,vi
땔감 제공,Nếm Mùi Lửa,vi
라바돈의 죽음모자,Mũ Phù Thủy Rabadon,vi
라아스트,Rhaast,vi
라이트실드 문장,Huy Hiệu Lightshield,vi
람머스,Rammus,vi
레벨 업!,Khuyến Mãi Kinh Nghiệm,vi
레오나,Leona,vi
렉사이,Rek'Sai,vi
루덴의 폭풍,Bão Tố Luden,vi
룰루,Lulu,vi
르블랑,LeBlanc,vi
리븐,Riven,vi
리산드라,Lissandra,vi
리치베인,Kiếm Tai Ương,vi
마법 주사위,Xúc Xắc Ma Pháp,vi
마법공학 총검,Kiếm Súng Hextech,vi
마법사의 최후,Đao Tím,vi
마스터 이,Master Yi,vi
마오카이,Maokai,vi
말살자,Hủy Diệt,vi
맑은 정신,Thông Thoáng,vi
망령 해적검,Gươm Biến Ảnh,vi
메카,Máy Móc,vi
명멸검,Đao Chớp,vi
모데카이저,Mordekaiser,vi
모렐로노미콘,Quỷ Thư Morello,vi
모르가나,Morgana,vi
무차별적 살인자,Sát Thủ Khát Máu,vi
무한의 대검,Vô Cực Kiếm,vi
무한한 보호,Bảo Hộ Vô Tận,vi
미래 지향적 사고,Nghĩ Về Tương Lai,vi
미스 포츈,Miss Fortune,vi
밀리오,Milio,vi
바드,Bard,vi
바루스의 은총,Ân Huệ Của Varus,vi
바루스의 집착,Ám Ảnh Của Varus,vi
반도체,Chất Bán Dẫn,vi
반항아,Lệch Chuẩn,vi
밤의 끝자락,Áo Choàng Bóng Tối,vi
방한 장갑,Găng Đấu Sĩ,vi
베이가,Veigar,vi
벡스,Vex,vi
벨베스,Bel'Veth,vi
별돌보미,Chiêm Tinh,vi
별돌보미 상징,Ấn Chiêm Tinh,vi
별빛 연계,Liên Hoàn Tinh Tú,vi
보루,Chiến Lũy,vi
보물 사냥,Săn Kho Báu,vi
보석 건틀릿,Găng Bảo Thạch,vi
보석 연꽃,Khảm Bảo Thạch,vi
복제,Nhân Bản,vi
복제자,Nhân Bản,vi
복제자 모드,Chế Độ Nhân Bản,vi
부스터 팩,Gói Tăng Cường,vi
부식,Ăn Mòn,vi
부작용,Phản Ứng Phụ,vi
부활의 은총,Ân Huệ Tái Sinh,vi
불굴,Bất Khuất,vi
불완전한 초월,Bán Thăng Hoa,vi
불한당,Vô Pháp,vi
불한당 상징,Ấn Vô Pháp,vi
붉고 푸른 효과,"Một Bùa, Hai Bùa",vi
붉은 덩굴정령,Bùa Đỏ,vi
브라이어,Briar,vi
블리츠크랭크,Blitzcrank,vi
빅뱅,Siêu Vũ Trụ,vi
빅토르,Viktor,vi
빛비늘 정수,Tinh Túy Kim Long,vi
뻗어가는 뿌리,Cắm Rễ Phân Tán,vi
뽀삐,Poppy,vi
사미라,Samira,vi
사이버네틱 이식술,Cấy Ghép Siêu Công Nghệ,vi
사이버네틱 통신,Trí Tuệ Siêu Công Nghệ,vi
삼인방,Bộ Ba Hoàn Hảo,vi
새로고침의 날,Xúc Xắc Vô Tận,vi
새로운 시대,Kỷ Nguyên,vi
새벽심장,Lõi Bình Minh,vi
새벽의 방패,Khiên Hừng Đông,vi
생선대가리,Pháo Xương Cá,vi
생일 모임,Sinh Nhật Đoàn Tụ,vi
생일 선물,Quà Sinh Nhật,vi
생존자,Kẻ Sống Sót,vi
서사적 새로고침,Xúc Xắc Hoành Tráng,vi
서열 상승,Leo Hạng,vi
서풍,Phong Kiếm,vi
선물 꾸러미,Gói Bảo Hộ,vi
선봉대,Tiên Phong,vi
선봉대 상징,Ấn Tiên Phong,vi
성취,Toàn Thắng,vi
소나,Sona,vi
소라카의 기적,Phép Màu Của Soraka,vi
소라카의 은총,Ân Huệ Của Soraka,vi
소형 블랙홀,Hố Đen Tí Hon,vi
쇠사슬 조끼,Giáp Lưới,vi
쇼진의 창,Ngọn Giáo Shojin,vi
수상한 외투,Áo Choàng Mờ Ám,vi
수완가,Sống Vội,vi
수은,Áo Choàng Thủy Ngân,vi
수호자의 맹세,Lời Thề Hộ Vệ,vi
수호자의 친구,Đồng Minh Của Bụt,vi
순교자의 미덕,Quyền Trượng Thánh Quang,vi
쉔,Shen,vi
스태틱의 단검,Dao Điện Statikk,vi
스테락의 도전,Móng Vuốt Sterak,vi
슬쩍하기,Ăn Trộm,vi
습격자,Toán Cướp,vi
습격자 상징,Ấn Toán Cướp,vi
승승장구,Trên Đà Phát Triển,vi
승천의 부적,Bùa Thăng Hoa,vi
시간 균열자,Thời Không,vi
시간 균열자 상징,Ấn Thời Không,vi
시계태엽 윤활유,Động Cơ Tăng Tốc,vi
시동 걸기,Khởi Động Nhanh,vi
신병,Tuyển Nhân Sự,vi
신성 결투가,Song Đấu,vi
신성한 대장간,Lò Rèn Thăng Hoa,vi
신의 축복,Thần Ban Phước,vi
신중한 제작,Lò Rèn Tiềm Ẩn,vi
실컷 울어봐라,Giọt Lệ Bi Ai,vi
싸움꾼,Đấu Sĩ,vi
싸움꾼 상징,Ấn Đấu Sĩ,vi
쌍두마차,Cặp Đôi Siêu Cứng,vi
쌍둥이 수호자,Song Vệ,vi
쓰레쉬의 랜턴,Lồng Đèn Của Thresh,vi
쓰레쉬의 은총,Ân Huệ Của Thresh,vi
쓸데없이 큰 지팡이,Gậy Quá Khổ,vi
아리의 오라,Hào Quang Của Ahri,vi
아리의 은총,Ân Huệ Của Ahri,vi
아우렐리온 솔,Aurelion Sol,vi
아우렐리온 솔의 은총,Ân Huệ Của Aurelion Sol,vi
아이템 꾸러미,Tiếp Tế Trang Bị,vi
아칼리,Akali,vi
아케인 빅토르이!,Arcane Viktor-y,vi
아트록스,Aatrox,vi
악성코드 매트릭스,Ma Trận Mã Độc,vi
악의적 수익 창출,Dòng Tiền Mờ Ám,vi
암흑의 별,Hắc Tinh,vi
암흑의 별 상징,Ấn Hắc Tinh,vi
야스오의 검술,Kiếm Thuật Của Yasuo,vi
야스오의 스포트라이트 공유,Hưởng Ké Hào Quang Yasuo,vi
야스오의 은총,Ân Huệ Của Yasuo,vi
야스오의 황금 칸,Ô Hoàng Kim của Yasuo,vi
약간 신비한 주사위,Quay Trúng Thưởng,vi
어둠의 여인,Ác Nữ,vi
어수선한 마음,Bừa Bộn,vi
얽힌 마법,Ma Thuật Đan Kết,vi
엄청나게 이로운 효과!,Cộng Mệt Nghỉ!,vi
에너지 파동,Kamekameha,vi
에코의 은총,Ân Huệ Của Ekko,vi
에코의 인내,Kiên Nhẫn Của Ekko,vi
여신의 눈물,Nước Mắt Nữ Thần,vi
여행자,Viễn Chinh,vi
여행자 상징,Ấn Viễn Chinh,vi
역병의 보석,Đá Hắc Hóa,vi
역전의 서막,Cố Gắng Lật Kèo,vi
연결 불가,Kết Nối Gián Đoạn,vi
연속 주문 사용,Triệu Hồi Bất Tận,vi
연습용 장갑,Găng Đấu Tập,vi
영웅 꾸러미,Túi Đồ Siêu Hùng,vi
영원한 브론즈,Tất Tay Bậc Đồng,vi
영원한 서약,Khế Ước Vĩnh Hằng,vi
영혼 각성,Thức Tỉnh Linh Hồn,vi
예금 계좌,Tài Khoản Tiết Kiệm,vi
예비 활,Cung Dự Phòng,vi
예상된 예상 밖의 결과,Kỳ Vọng Bất Ngờ,vi
예언자,Tiên Tri,vi
오라 축적,Aura Farming,vi
오로라,Aurora,vi
오른,Ornn,vi
왕관의 무게,Vương Miện Nặng Trĩu,vi
요새,Can Trường,vi
요새 상징,Ấn Can Trường,vi
용의 발톱,Vuốt Rồng,vi
우르곳,Urgot,vi
우르프의 갬빗,Ván Cược URF,vi
우르프의 꾸러미,Túi Đồ Urf,vi
우주 그루브,Hành Tinh,vi
우주 그루브 상징,Ấn Hành Tinh,vi
우주적 재시작,Tái Lập Vũ Trụ,vi
운명술사,Định Mệnh,vi
워모그의 갑옷,Giáp Máu Warmog,vi
위험한 행보,Nước Đi Liều Lĩnh,vi
유기물 보존기,Bảo Tồn Sinh Chất,vi
유리 대포,Lấy Công Bù Thủ,vi
유연함,Linh Hoạt,vi
유용한 금속,Kho Báu Sắt,vi
은빛 여명,Chùy Bạch Ngân,vi
은수저,Đặc Quyền Phú Gia,vi
은하계 사냥꾼,Thợ Săn Vũ Trụ,vi
음전자 망토,Áo Choàng Bạc,vi
응당한 대가,Cái Giá Phải Trả,vi
응징,Báo Oán,vi
이블린의 본능,Trực Giác Của Evelynn,vi
이블린의 은총,Ân Huệ Của Evelynn,vi
이온 충격기,Nỏ Sét,vi
이즈리얼,Ezreal,vi
인지 과부하,Quá Tải Tư Duy,vi
인지세,Thuế Nhận Thức,vi
일라오이,Illaoi,vi
일상물,Chuyện Đời Thường,vi
임무 재시작,Tái Khởi Động Nhiệm Vụ,vi
임시변통 방어구,Giáp Tự Chế,vi
자객의 발톱,Móng Vuốt Ám Muội,vi
자리 비움,AFK,vi
자야,Xayah,vi
작은 꾸러미,Túi Đồ Cỡ Nhỏ,vi
작은 친구들,Những Người Bạn Nhỏ,vi
작지만 치명적인,Nhỏ Mà Có Võ,vi
장기 투자,Thích Mở Rộng,vi
재빠른 더블 킬,Song Sát Tốc Hành,vi
재빠른 무장,Hạ Đo Ván,vi
재생의 바람,Ngọn Gió Thứ Hai,vi
재활용 쓰레기통,Nhà Máy Tái Chế,vi
잭스,Jax,vi
저 별을 향해,Vươn Tới Tinh Tú,vi
저격수,Bắn Tỉa,vi
저격수 상징,Ấn Bắn Tỉa,vi
저녁갑주,Giáp Vai Nguyệt Thần,vi
저주받은 왕관,Vương Miện Hắc Hóa,vi
저주받은 칼날,Kiếm Cong,vi
적응형 투구,Mũ Thích Nghi,vi
전달자,Dẫn Truyền,vi
전달자 모드,Chế Độ Dẫn Truyền,vi
전략가의 망토,Áo Choàng Chiến Thuật,vi
전략가의 방패,Lá Chắn Chiến Thuật,vi
전략가의 왕관,Vương Miện Chiến Thuật,vi
전략가의 주방,Linh Thú Vào Bếp,vi
전방의 토대,Củng Cố Tuyến Trước,vi
전하 이동,Chuyển Đổi Năng Lượng,vi
점심값,Tiền Ăn Trưa,vi
정교한 공예,Khéo Tay Hay Làm,vi
정렬,Tiền Tuyến Vững Chãi,vi
정령단 속도,Meep Cực Tốc,vi
정령의 형상,Giáp Tâm Linh,vi
정령족,Tinh Linh Chuông,vi
정령족 상징,Ấn Tinh Linh Chuông,vi
정의의 손길,Bàn Tay Công Lý,vi
제드,Zed,vi
조기 교육,Bài Học Sơ Khai,vi
조이,Zoe,vi
조합 아이템 강탈,Phi Vụ Trang Bị,vi
주인공 버프,Hào Quang Nhân Vật Chính,vi
죽음의 검,Kiếm Tử Thần,vi
중심 잡기,Tiền Vệ Trung Tâm,vi
중재자,Thần Phán,vi
중재자 상징,Ấn Thần Phán,vi
즈롯 차원문,Thông Đạo Zz'rot,vi
증강된 힘,Nâng Tầm Uy Lực,vi
지옥불 손도끼,Rìu Hỏa Ngục,vi
지크의 음산한 전령,Cờ Lệnh Zeke U Ám,vi
지크의 전령,Tụ Bão Zeke,vi
지팡이 제작자,Thợ Rèn Gậy,vi
지평선의 초점,Kính Nhắm Ma Pháp,vi
지휘관,Chỉ Huy,vi
진,Jhin,vi
진형 유지,Giữ Vững Hàng Ngũ,vi
징크스,Jinx,vi
찬란한 장난꾸러기,Quang Lân Tiểu Yêu,vi
참는 자에게 복을,Kiên Nhẫn Là Một Đức Tính,vi
철퇴의 의지,Ý Chỉ Xích Chùy,vi
청부 살인마,Sát Thủ Đánh Thuê,vi
초가스,Cho'Gath,vi
초능력,Siêu Linh,vi
초능력 상징,Ấn Siêu Linh,vi
초월,Thăng Hoa,vi
최신상,Tối Tân,vi
최적화,Tối Đa Hóa,vi
최후의 속삭임,Cung Xanh,vi
추방자,Độc Hành,vi
추적자의 팔목 보호대,Giáp Tay Seeker,vi
출세가도,Đẩy Nhanh Tiến Độ,vi
출정,Đường Ra Trận,vi
충돌 시험용 봇,Hình Nộm Va Chạm,vi
치명적 성공,Bước Đột Phá,vi
치명적인 칼날,Kiếm Tử Thần,vi
친구 만들기,Tự Lập Đội,vi
친구 만들기,Chế Tạo Bằng Hữu,vi
침략자 제드,Zed Kẻ Xâm Lăng,vi
침묵의 장막,Áo Choàng Tĩnh Lặng,vi
카르마,Karma,vi
카이사,Kai'Sa,vi
카파 주스,Nước Cappa,vi
케이틀린,Caitlyn,vi
케일의 승천,Thăng Hoa Của Kayle,vi
케일의 은총,Ân Huệ Của Kayle,vi
케일의 찬란한 승천,Thăng Hoa Rực Rỡ Của Kayle,vi
코르키,Corki,vi
크기의 중요성,Kích Cỡ Là Quan Trọng,vi
크라운가드,Vương Miện Hoàng Gia,vi
크라켄의 분노,Thịnh Nộ Thủy Quái,vi
큰 꾸러미,Túi Đồ Cỡ Đại,vi
킨드레드,Kindred,vi
타격대의 철퇴,Chùy Đoản Côn,vi
타락한 흡혈의 낫,Huyết Trượng Tha Hóa,vi
탈론,Talon,vi
탐 켄치,Tahm Kench,vi
탐사,Cuộc Viễn Chinh,vi
탑,Tòa Tháp,vi
태고족,Tộc Thượng Cổ,vi
태고족 상징,Ấn Tộc Thượng Cổ,vi
태양불꽃 망토,Áo Choàng Lửa,vi
태양불꽃판,Phóng Hỏa,vi
투자,Đầu Tư,vi
트위스티드 페이트,Twisted Fate,vi
특별 맞춤 설정,Lựa Chọn Độc Quyền,vi
특성 나무,Cây Tộc Hệ,vi
특성 선택,Chọn Tộc/Hệ,vi
특성의 고서,Sách Chọn Ấn,vi
티모,Teemo,vi
파멸자,U Sầu,vi
파묻힌 보물,Kho Báu Chôn Giấu,vi
파이크,Pyke,vi
파이트 머니,Võ Sĩ Giác Đấu,vi
파티광,Tiệc Tùng,vi
판도라의 대기석,Hàng Chờ Pandora,vi
판도라의 아이템,Trang Bị Pandora,vi
판테온,Pantheon,vi
폭발적인 성장,Tăng Trưởng Bùng Nổ,vi
표적 고정 광학 장치,Kính Khóa Mục Tiêu,vi
푸른 파수꾼,Bùa Xanh,vi
프라이팬,Chảo Vàng,vi
프리즘 티켓,Vé Kim Cương,vi
피바라기,Huyết Kiếm,vi
피오라,Fiora,vi
피의 공물,Huyết Tế,vi
피의 대가,Huyết Giá,vi
피즈,Fizz,vi
하급 거울의 환영,Hiện Thân Phản Chiếu Cỡ Nhỏ,vi
"하나, 둘, 다섯!","Một, Hai, Năm!",vi
"하나, 둘, 셋",Một Hai Ba,vi
하나로 뭉치는 거지,Kề Vai Sát Cánh,vi
해진 유물,Di Vật Tàn Úa,vi
행운의 기운,Cảm Thấy May Mắn,vi
행운의 장갑,Đo Ni Đóng Giày,vi
헤지 펀드,Quỹ Phòng Hộ,vi
현명한 소비,Tiêu Dùng Thông Minh,vi
협곡 바위 게,Cua Kỳ Cục,vi
협력,Lập Đội,vi
호화로운 정기 구독,Gói Đăng Ký Hạng Sang,vi
혼돈의 부름,Triệu Gọi Hỗn Mang,vi
화력 집중,Tập Trung Hỏa Lực,vi
활력증진의 펜던트,Dây Chuyền Tự Lực,vi
활의 수호자,Cây Cung Thần Tốc,vi
황금 드래곤,Kim Long,vi
황금 알,Rồng Đẻ Trứng Vàng,vi
황혼의 방패,Khiên Hoàng Hôn,vi
회복의 구,Cầu Hồi Phục,vi
회복의 메아리,Thanh Âm Chữa Lành,vi
후반 성장,Thăng Tiến Cuối Trận,vi
후반 전문가,Hướng Đến Hồi Kết,vi
후방 설계도,Sơ Đồ Tuyến Sau,vi
훈련 봇,Hình Nhân,vi
훈련 봇 변환,Hình Nhân Hóa,vi
휴대용 대장간,Lò Rèn Thần Thoại,vi
흐르는 눈물,Lệ Lưu Ly,vi
흡혈의 활력,Hút Sinh Lực,vi
흥청망청,Tín Đồ Mua Sắm,vi
힘을 실은 제련,Tôi Luyện Sức Mạnh,vi
힘의 성배,Cốc Sức Mạnh,vi
羊刀,Cuồng Đao Guinsoo,vi
帽子,Mũ Phù Thủy Rabadon,vi
大帽,Mũ Phù Thủy Rabadon,vi
法帽,Mũ Phù Thủy Rabadon,vi
青龙刀,Ngọn Giáo Shojin,vi
龙刀,Ngọn Giáo Shojin,vi
蓝buff,Bùa Xanh,vi
大天使,Quyền Trượng Thiên Thần ,vi
AA,Quyền Trượng Thiên Thần ,vi
珠光,Găng Bảo Thạch,vi
法爆,Găng Bảo Thạch,vi
JG,Găng Bảo Thạch,vi
鬼书,Quỷ Thư Morello,vi
离子,Nỏ Sét,vi
纳什,Nanh Nashor,vi
科技枪,Kiếm Súng Hextech,vi
枪刃,Kiếm Súng Hextech,vi
虚空,Trượng Hư Vô,vi
法穿棒,Trượng Hư Vô,vi
无尽,Vô Cực Kiếm,vi
IE,Vô Cực Kiếm,vi
死刃,Kiếm Tử Thần,vi
杀人剑,Kiếm Tử Thần,vi
DB,Kiếm Tử Thần,vi
巨杀,Diệt Khổng Lồ,vi
GS,Diệt Khổng Lồ,vi
轻语,Cung Xanh,vi
LW,Cung Xanh,vi
海妖,Thịnh Nộ Thủy Quái,vi
泰坦,Quyền Năng Khổng Lồ,vi
幽梦,Kiếm Ma Youmuu,vi
QSS,Áo Choàng Thủy Ngân,vi
血手,Móng Vuốt Sterak,vi
饮血,Huyết Kiếm,vi
BT,Huyết Kiếm,vi
反甲,Áo Choàng Gai,vi
龙爪,Vuốt Rồng,vi
DC,Vuốt Rồng,vi
石像鬼,Thú Tượng Thạch Giáp,vi
狂徒,Giáp Máu Warmog,vi
夜锋,Áo Choàng Bóng Tối,vi
EON,Áo Choàng Bóng Tối,vi
日炎,Áo Choàng Lửa,vi
适应,Mũ Thích Nghi,vi
坚定,Trái Tim Kiên Định,vi
心之刚,Trái Tim Kiên Định,vi
斯特拉克,Móng Vuốt Sterak,vi
偷偷,Găng Đạo Tặc,vi
圣盾,Lời Thề Hộ Vệ,vi
誓约,Lời Thề Hộ Vệ,vi
冰甲,Lời Thề Hộ Vệ,vi
圣杯,Cốc Sức Mạnh,vi
基克,Tụ Bão Zeke,vi
鸟盾,Dây Chuyền Iron Solari,vi
正义,Bàn Tay Công Lý,vi
HOJ,Bàn Tay Công Lý,vi
法衣,Áo Choàng Tĩnh Lặng,vi
女妖,Dây Chuyền Chữ Thập,vi
薄暮,Giáp Vai Nguyệt Thần,vi
骑士,Lời Thề Hiệp Sĩ,vi
月石,Bùa Nguyệt Thạch,vi
恶意,Bất Chấp,vi
嘉文,Jarvan IV,vi
J4,Jarvan IV,vi
菊花信,Xin Zhao,vi
小炮,Tristana,vi
卡牌,Twisted Fate,vi
牌爹,Twisted Fate,vi
TF,Twisted Fate,vi
挖掘机,Rek'Sai,vi
妖姬,LeBlanc ,vi
船长,Gangplank,vi
GP,Gangplank,vi
大卑,Bel'Veth,vi
蝙蝠,Bel'Veth,vi
女枪,Miss Fortune,vi
霸龙,T-Hex,vi
霸王龙,T-Hex,vi
螃蟹,Cua Kỳ Cục,vi
猴子,Ngộ Không,vi
稻草人,Fiddlesticks ,vi
蛤蟆,Tahm Kench,vi
狗熊,Volibear,vi
龙王,Aurelion Sol,vi
小法,Veigar,vi
老鼠,Twitch,vi
诺手,Darius,vi
德玛,Garen ,vi
大虫子,Cho'Gath,vi
灯笼,Thresh,vi
大嘴,Kog'Maw,vi
狼人,Warwick,vi
鳄鱼,Renekton ,vi
龙女,Shyvana,vi
豹女,Nidalee,vi
寒冰,Ashe ,vi
女警,Caitlyn,vi
皮城女警,Caitlyn,vi
琴女,Sona,vi
机器人,Blitzcrank,vi
男爵,Baron Nashor,vi
杀手,Đồ Tể,vi
大龙,Baron Nashor,vi
小菊,Brock,vi
流浪,Ryze,vi
偷男,Sylas,vi
甘雨,Kindred,vi
劲夫,Sett,vi
棺材板,Xerath ,vi
剑魔,Aatrox ,vi
乌鸦,Swain,vi
光女,Lux ,vi
酸辣粉,Seraphine,vi
宝石,Taric,vi
德子,Draven ,vi
冰女,Lissandra ,vi
电耗子,Kennen ,vi
猪女,Sejuani,vi
猪妹,Sejuani,vi
剪刀,Gwen,vi
掘墓,Yorick ,vi
皎月,Diana,vi
蛮王,Tryndamere,vi
腰子,Shen,vi
赏金,Miss Fortune,vi
冰鸟,Anivia,vi
爆弹,Ziggs,vi
黑妹,Mel,vi
熊,Tibbers,vi
佛爷,Viego,vi
沙皇,Azir,vi
日女,Leona ,vi
女坦,Leona ,vi
丁真,Milio,vi
小法师,Veigar,vi
滑板鞋,Kalista ,vi
火女,Annie,vi
狗头,Nasus,vi
板甲,Thú Tượng Thạch Giáp,vi
赌狗,reroll,vi
运营,econ,vi
转向,pivot,vi
质量,board strength,vi
连败,lose streak,vi
连胜,win streak,vi
速8,fast 8,vi
摆烂,open fort,vi
卖血,sack,vi
慢D,slow roll,vi
大转型,hard pivot,vi
小调整,soft pivot,vi
海克斯,augment,vi
运气好,highroll,vi
运气差,lowroll,vi
棱彩强化,prismatic augment,vi
铲爷,mobile player,vi
Ixtal,Ixtal,vi
Shadow Isles,Đảo Bóng Đêm,vi
Trolling,Thích Chơi Troll,vi
Contested,Tranh Chấp,vi
BRB,Ra Ngoài Một Xíu,vi
IRA,Quỹ Hưu Trí,vi
JACKPOT,ĐỘC ĐẮC!,vi
PREMIO,ĐỘC ĐẮC!,vi
IEM,BOM ĐIỆN TỪ,vi
PO,Vàng,vi
PROJET,Quân Cảnh Laser,vi
Ace,Át Chủ Bài,vi
PILLANAT,Ra Ngoài Một Xíu,vi
Redemption,Dây Chuyền Chuộc Tội,vi
Completed Item,Trang Bị Hoàn Chỉnh,vi
Reforger,Búa Rèn Ma Thuật,vi
Cash Out,Xõa Tiền,vi
EMP,BOM ĐIỆN TỪ,vi
As,Át Chủ Bài,vi
ZW,Ra Ngoài Một Xíu,vi
Titan,Dũng Sĩ,vi
Level Up,Thăng Cấp.,vi
LB,LeBlanc,vi
RB,Rageblade,vi
blue buff,Blue Buff,vi
red buff,Red Buff,vi
IS,Ionic Spark,vi
ionic,Ionic Spark,vi
dcap,Deathcap,vi
rageblade,Guinsoo's Rageblade,vi
gunblade,Hextech Gunblade,vi
shiv,Statikk Shiv,vi
stattik,Statikk Shiv,vi
titans,Titan's Resolve,vi
gargoyle,Gargoyle Stoneplate,vi
garg,Gargoyle Stoneplate,vi
claw,Dragon's Claw,vi
dclaw,Dragon's Claw,vi
archangels,Archangel's Staff,vi
sojin,Spear of Shojin,vi
bilge,Bilgewater,vi
BW,Bilgewater,vi
SI,Shadow Isles,vi
shadow isles,Shadow Isles,vi
pilt,Piltover,vi
pilty,Piltover,vi
nox,Noxus,vi
ixtal,Ixtal,vi
sorc,Sorcerer,vi
sorcs,Sorcerer,vi
scrim,scrim,vi
scrims,scrim,vi
scrimming,scrim,vi
T0,S-tier,vi
T1,A-tier,vi
T2,B-tier,vi
WW,Warwick,vi
efls,Aphelios,vi
BV,Bel'Veth,vi
BF,Kiếm B.F.,vi
TG,Găng Đạo Tặc,vi
BB,Bùa Xanh,vi
Challenger,挑战者,vi
Ixtal,以绪塔尔,vi
Shadow Isles,暗影岛,vi
Hextech,海克斯科技,vi
Trolling,震惊巨魔,vi
JACKPOT,头奖,vi
Hard Pivot,硬性变阵,vi
Completed Item,成装,vi
Prismatic Augment,棱彩阶强化符文,vi
Choke,阻塞,vi
Hand Of Justice,正义之手,vi
Giant Slayer,巨人杀手,vi
Redemption,救赎,vi
Sunfire Cape,日炎斗篷,vi
Hextech Gunblade,海克斯科技枪刃,vi
Radiant Item,光明武器,vi
Reforger,装备重铸器,vi
Ionic Spark,离子火花,vi
Blue Buff,蓝霸符,vi
Bramble Vest,棘刺背心,vi
Edge of Night,夜之锋刃,vi
Statikk Shiv,斯塔缇克电刃,vi
Cash Out,见好就收,vi
Morellonomicon,莫雷洛秘典,vi
Red Buff,红霸符,vi
Crownguard,冕卫,vi
Last Whisper,最后的轻语,vi
Jeweled Gauntlet,珠光护手,vi
AFK,开摆,vi
Win Out,登上最高峰,vi
Contested,纷争,vi
BRB,假装摸鱼,vi
Slammin',物尽其用,vi
IRA,退休账户,vi
AVP,平均排名,vi
Item Priority,装备优先级,vi
Positioning,站位参考,vi
Core,核心,vi
Component,散件,vi
Radiant Item,光明装备,vi
Contested,内卷,vi
