source,target,tgt_lng
1个霸符，2个霸符,一个增益，两个增益,zh-MY
2 Vàng Là Nhất,两倍价值,zh-MY
2体のタンク,坦度成双,zh-MY
2만한 가치,两倍价值,zh-MY
2인조,双排,zh-MY
3の軍団,三费军团,zh-MY
3단계 군단,三费军团,zh-MY
4가 함께하길,愿四费与你同在,zh-MY
4후지원,增援部队,zh-MY
8级D干的传说,史诗重骰,zh-MY
A Hajnal égisze,黎明之盾,zh-MY
A Magic Roll,魔法骰子,zh-MY
A Masszív mecha,强大机甲,zh-MY
A Nagy Bumm,大霹雳星系,zh-MY
A Que Custo,代价是什么,zh-MY
A Remontar,最后赢家,zh-MY
A Torre,塔楼,zh-MY
A União Faz a Força,我们团结一致,zh-MY
A buzogány akarata,重锤之志,zh-MY
A felemelkedés talizmánja,升华护符,zh-MY
A feltámadás áldása,复活的恩赐,zh-MY
A frontvonal alapjai,前排地基,zh-MY
A gondviselő barátja,守望者的盟友,zh-MY
A gyűjtögető adománya,好战者的恩赐,zh-MY
A hatalom kelyhe,力量圣杯,zh-MY
A járatlan út,另辟新境,zh-MY
A kraken haragja,海妖之怒,zh-MY
A káosz hívása,混乱的呼唤,zh-MY
A legapróbb titán,小小泰坦,zh-MY
A megváltás szelleme,救赎之灵,zh-MY
A mozdulatlanság leple,寂静法衣,zh-MY
A méret a lényeg,尺有所短、寸有所长,zh-MY
A nagy pofon,卡胡纳胡纳,zh-MY
A négyek ereje,愿四费与你同在,zh-MY
A por el bote,赏金战士,zh-MY
A por la victoria,最后赢家,zh-MY
A portyázó karma,潜行者之爪,zh-MY
A prueba de choques,碰撞测试假人,zh-MY
A quale prezzo,代价是什么,zh-MY
A qué precio,代价是什么,zh-MY
A rettenthetetlen,不屈,zh-MY
A taktikus koronája,棋手皇冠,zh-MY
A titán elszántsága,泰坦的决意,zh-MY
A torony,塔楼,zh-MY
A végjáték szakértője,专打后期,zh-MY
A vízköpő sziklavértje,石像鬼盘核,zh-MY
AFK,强制中离,zh-MY
Aatrox,厄萨斯,zh-MY
Abbonamento di lusso,奢华订阅,zh-MY
Abbraccio di gruppo,集体拥抱I,zh-MY
Abendschleier,均等法衣,zh-MY
Abo-Service,订阅服务,zh-MY
Abonament,订阅服务,zh-MY
Abonament de lux,奢华订阅,zh-MY
Abondance de baguettes,魔棒过载,zh-MY
Abondance de ceintures,腰带过载,zh-MY
Abondance de glaives,大剑过载,zh-MY
Abonelik Hizmeti,订阅服务,zh-MY
Abonnement,订阅服务,zh-MY
Abonnement premium,奢华订阅,zh-MY
Abra o Caminho,杀出血路,zh-MY
Abrazo Grupal,集体拥抱I,zh-MY
Abrazo grupal,集体拥抱I,zh-MY
Abraço Coletivo,集体拥抱I,zh-MY
Absurdalnie Wielka Różdżka,巨型魔棒,zh-MY
Abwesend,强制中离,zh-MY
Accelerator mecanic,发条加速器,zh-MY
Acceleratore meccanico,发条加速器,zh-MY
Accetta infernale,狱火战斧,zh-MY
Acciaio brillante,镀金钢铁,zh-MY
Accélérateur mécanique,发条加速器,zh-MY
Acelerador Mecanizado,发条加速器,zh-MY
Acelerador Mecánico,发条加速器,zh-MY
Acelerador de relojería,发条加速器,zh-MY
Acero Dorado,镀金钢铁,zh-MY
Acero dorado,镀金钢铁,zh-MY
Achat 3 étoiles,构筑一名伙伴：,zh-MY
Acier doré,镀金钢铁,zh-MY
Actualiza sin parar,转不停,zh-MY
Acumular,做多,zh-MY
Acélszív,钢铁之心,zh-MY
Adagas Oscilantes,烁刃,zh-MY
Adaletin Eli,正义手套,zh-MY
Adaletin Yumruğu,复仇,zh-MY
Adaptive Helm,适性神盔,zh-MY
Adaptiver Helm,适性神盔,zh-MY
Adaptív sisak,适性神盔,zh-MY
Addestramento da Guardia del corpo,保镖训练,zh-MY
Adiestramiento de guardaespaldas,保镖训练,zh-MY
Advanced Loan,高级贷款,zh-MY
Aegis of Dawn,黎明之盾,zh-MY
Aegis of Dusk,暮夜之盾,zh-MY
Agujero negro en miniatura,迷你黑洞,zh-MY
Ahri aurája,阿璃的灵气,zh-MY
Ahri áldása,阿璃的增益,zh-MY
Ahri'nin Haresi,阿璃的灵气,zh-MY
Ahri'nin Lütfu,阿璃的增益,zh-MY
Ahri's Aura,阿璃的灵气,zh-MY
Ahri's Boon,阿璃的增益,zh-MY
Ahris Aura,阿璃的灵气,zh-MY
Ahris Segen,阿璃的增益,zh-MY
Ahřin dar,阿璃的增益,zh-MY
Ahřina aura,阿璃的灵气,zh-MY
Ajándékcsomag,爱心包裹,zh-MY
Akali,阿卡莉,zh-MY
Akan Gözyaşları,泪流不止,zh-MY
Akcelerator Nakręcanego,发条加速器,zh-MY
Aklın Sonu,智慧末刃,zh-MY
Aktualisierungstaumel,转不停,zh-MY
Akıllı Harcama,精打细算,zh-MY
Al Filo de la Cordura,智慧末刃,zh-MY
Alacakaranlık Kalkanı,暮夜之盾,zh-MY
Alakzatba,排兵布阵,zh-MY
Alba di Silvermere,银织黎明,zh-MY
Alcance as Estrelas,伸手摘群星,zh-MY
Alege caracteristica,选择特性,zh-MY
Alevleri Körükle,煽风点火,zh-MY
Alfanje Espectral,鬼使弯刀,zh-MY
Aliado do Protetor,守望者的盟友,zh-MY
Alianza del Guardián,守望者的盟友,zh-MY
Alianza del protector,守望者的盟友,zh-MY
Aliatul îngrijitorului,守望者的盟友,zh-MY
Alimenta las Llamas,煽风点火,zh-MY
Alimentad las llamas,煽风点火,zh-MY
Alimentare le fiamme,煽风点火,zh-MY
Alimente as Chamas,煽风点火,zh-MY
Alineación,排兵布阵,zh-MY
Aliniere,排兵布阵,zh-MY
Alkatrészes zsák,道具惊喜包,zh-MY
Alleato del custode,守望者的盟友,zh-MY
Allumer le feu,煽风点火,zh-MY
Alma da Festa,派对大咖,zh-MY
Alta Voltagem,高压电流,zh-MY
Alta tensione,高压电流,zh-MY
Alto Voltaje,高压电流,zh-MY
Alto voltaje,高压电流,zh-MY
Altın Ejder,金龙降世,zh-MY
Altın Riski,黄金豪赌,zh-MY
Altın Yumurta,黄金蛋,zh-MY
Alvorada de Pratânia,银织黎明,zh-MY
Aléatoire jacta est,另辟新境,zh-MY
Aléatoirement vôtre,双排,zh-MY
Alışveriş Çılgınlığı,购物狂欢,zh-MY
Amanecer Plateado,银织黎明,zh-MY
Amanecer de Meraplata,银织黎明,zh-MY
Ami sur mesure,锻造一个朋友,zh-MY
Amico dei Mippi,米普,zh-MY
Amico fai-da-te,芽苞初放,zh-MY
Amigos a medida,芽苞初放,zh-MY
Amiguinhos,小小伙伴,zh-MY
Amiguitos,小小伙伴,zh-MY
Amulet Vyzdvižení,升华护符,zh-MY
Amulett der eisernen Solari,日轮的加冕,zh-MY
Amulett des Aufstiegs,升华护符,zh-MY
An Exalted Adventure,至尊探险,zh-MY
Ana Karaktere Bir Şey Olmaz,主角威能,zh-MY
Andare per le lunghe,做多,zh-MY
Angajament solid,全力以赴,zh-MY
Ani Büyüme,爆炸式增长,zh-MY
Anima,百兽,zh-MY
Anima Amblemi,百兽特攻队徽章,zh-MY
Anima Commander,百兽指挥官,zh-MY
Anima Emblem,百兽特攻队徽章,zh-MY
Anima Komutanı,百兽指挥官,zh-MY
Anima-Emblem,百兽特攻队徽章,zh-MY
Anima-Kommandant,百兽指挥官,zh-MY
Animale da festa,派对大咖,zh-MY
Animalia,百兽,zh-MY
Antrenamentul gărzii de corp,保镖训练,zh-MY
Anı Yaşa,砰地重击,zh-MY
Apariencia Espiritual,振奋盔甲,zh-MY
Apocaliptic,砰爆,zh-MY
Aposta em Ouro,黄金豪赌,zh-MY
Apoteotická kovárna,神化锻炉,zh-MY
Apotheotic Forge,神化锻炉,zh-MY
Appel du chaos,混乱的呼唤,zh-MY
Aprendizados Iniciais,早期教育,zh-MY
Aprendizaje inicial,早期教育,zh-MY
Aprire un passaggio,杀出血路,zh-MY
Apró cimborák,小小伙伴,zh-MY
Apró titánok,小小大英雄,zh-MY
Apuesta Dorada,黄金豪赌,zh-MY
Apuesta dorada,黄金豪赌,zh-MY
Apunta a las Estrellas,伸手摘群星,zh-MY
Apunta a las estrellas,伸手摘群星,zh-MY
Apărător,先锋战士,zh-MY
Aradığını Bul,一击即中,zh-MY
Arakla,小偷小摸,zh-MY
Araldo di Zeke,锡柯的号角,zh-MY
Aranyjátszma,黄金豪赌,zh-MY
Arauto Desolador de Zeke,锡柯的悲鸣号角,zh-MY
Arauto de Zeke,锡柯的号角,zh-MY
Arbiter,裁决者,zh-MY
Arbiter Emblem,裁决者徽章,zh-MY
Arbitro,裁决者,zh-MY
Arbitrzy,裁决者,zh-MY
Arc courbe,反曲弓,zh-MY
Arc încovoiat,反曲弓,zh-MY
Arcane Vidor Viktor,奥术 维克特式胜利,zh-MY
Arcane Viktor-y,奥术 维克特式胜利,zh-MY
Arcane ビクタリー,奥术 维克特式胜利,zh-MY
Arcane-Viktor-y,奥术 维克特式胜利,zh-MY
Arcaniquement Viktor-ieux,奥术 维克特式胜利,zh-MY
Archandělova hůl,大天使之杖,zh-MY
Archangel's Staff,大天使之杖,zh-MY
Archi da supporto,备用弓,zh-MY
Archibugio a ripetizione,冲击火炮,zh-MY
Arco Recurvado,反曲弓,zh-MY
Arco Recurvo,反曲弓,zh-MY
Arco curvo,反曲弓,zh-MY
Arco ricurvo,反曲弓,zh-MY
Arcos Reserva,备用弓,zh-MY
Arcos de Repuesto,备用弓,zh-MY
Arcos de refuerzo,备用弓,zh-MY
Arcs à gogo,备用弓,zh-MY
Arcuri de rezervă,备用弓,zh-MY
Argento vivo,水银兜帽,zh-MY
Argint viu,水银兜帽,zh-MY
Argogranchio,河蟹,zh-MY
Arka Sıra Savunması,后排蓝图,zh-MY
Arkangyal pálcája,大天使之杖,zh-MY
Arma un Amigo,芽苞初放,zh-MY
Armado máximo,最强构筑,zh-MY
Armadura Improvisada,临时战甲,zh-MY
Armadura Pétrea,石像鬼盘核,zh-MY
Armadura de Warmog,好战者铠甲,zh-MY
Armadura de trama,主角威能,zh-MY
Armadura improvisada,临时战甲,zh-MY
Armaguarda da Caçadora,探索者护腕,zh-MY
Armatura di Warmog,好战者铠甲,zh-MY
Armatura improvvisata,临时战甲,zh-MY
Armschutz des Suchenden,探索者护腕,zh-MY
Armura lui Warmog,好战者铠甲,zh-MY
Armure de Warmog,好战者铠甲,zh-MY
Armure improvisée,临时战甲,zh-MY
Armure roncière,刺藤胸甲,zh-MY
Armurier,铸剑工匠,zh-MY
Armură improvizată,临时战甲,zh-MY
Aronguejo,河蟹,zh-MY
Arta atacului lui Yasuo,犽宿的剑术,zh-MY
Artefacts à la rescousse,力炼之躯,zh-MY
Artesanía Creativa,精心打造,zh-MY
Artiglio del drago,龙之爪,zh-MY
Artiglio del predatore,潜行者之爪,zh-MY
Aruncare magică,魔法骰子,zh-MY
Arındırıcı,圣光审判者,zh-MY
Asalto de Componentes,组件劫案,zh-MY
Ascender de Posición,冲榜战士,zh-MY
Ascension,飞升,zh-MY
Ascension partielle,部分飞升,zh-MY
Ascension sociale,上进心,zh-MY
Ascensione,飞升,zh-MY
Ascensione parziale,部分飞升,zh-MY
Ascensiune,飞升,zh-MY
Ascensiune socială,上进心,zh-MY
Ascensión,飞升,zh-MY
Ascensión parcial,部分飞升,zh-MY
Ascenso,飞升,zh-MY
Ascenso social,上进心,zh-MY
Ascensão,飞升,zh-MY
Ascensão Parcial,部分飞升,zh-MY
Asesinato Doble Veloz,疾速双杀,zh-MY
Asesinato doble veloz,疾速双杀,zh-MY
Asesino a Sueldo,雇佣杀手,zh-MY
Asesino a sueldo,雇佣杀手,zh-MY
Aspoň k něčemu,派上用场,zh-MY
Assassinato Indiscriminado,无差别杀手,zh-MY
Assinatura de Luxo,奢华订阅,zh-MY
Astral,观星者,zh-MY
Astro-groove,太空律动,zh-MY
Astromante,观星者,zh-MY
Astronomo,观星者,zh-MY
At What Cost,代价是什么,zh-MY
Atalho à Vitória,最后赢家,zh-MY
Atirador de Elite,狙击专家,zh-MY
Atributo elegido,选择特性,zh-MY
Attente récompensée,值得等待,zh-MY
Attribut wählen,选择特性,zh-MY
Atualização Épica,史诗重骰,zh-MY
Atılgan,挑战者,zh-MY
Atılgan Amblemi,挑战者徽章,zh-MY
Atılgan Modu,挑战者模式,zh-MY
Au bout du rouleau,智慧末刃,zh-MY
Aube de Haut-Lac-d'Argent,银织黎明,zh-MY
Auf lange Sicht,做多,zh-MY
Aufschwung,回春,zh-MY
Aufstellung,排兵布阵,zh-MY
Aufstieg,飞升,zh-MY
Auftragsmörder,雇佣杀手,zh-MY
Aufwärtsmobilität,上进心,zh-MY
Augmented Power,增幅之力,zh-MY
Augmentierte Macht,增幅之力,zh-MY
Augmentovaná síla,增幅之力,zh-MY
Aulas de Boxe,拳击训练,zh-MY
Aumento di livello in solitaria,我独自升级,zh-MY
Aumento di livello!,升级！,zh-MY
Aura Ahri,阿璃的灵气,zh-MY
Aura Farming,灵气农兵,zh-MY
Aura d'Ahri,阿璃的灵气,zh-MY
Aura de Ahri,阿璃的灵气,zh-MY
Aura di Ahri,阿璃的灵气,zh-MY
Aura lui Ahri,阿璃的灵气,zh-MY
Aura-farmen,灵气农兵,zh-MY
Aurafarmolás,灵气农兵,zh-MY
Aurelion Sol,翱锐龙兽,zh-MY
Aurelion Sol áldása,翱锐龙兽的增益,zh-MY
Aurelion Sol's Boon,翱锐龙兽的增益,zh-MY
Aurelion Sol'ün Lütfu,翱锐龙兽的增益,zh-MY
Aurelion Sols Segen,翱锐龙兽的增益,zh-MY
Aurelion Solův dar,翱锐龙兽的增益,zh-MY
Auronúcleo,曙光核心,zh-MY
Aurora,极光,zh-MY
Avanguardia,先锋战士,zh-MY
Avaricia,贪财,zh-MY
Aventura Exaltada,至尊探险,zh-MY
Avidité,贪财,zh-MY
Avènement des deux,两倍价值,zh-MY
Awans,上进心,zh-MY
Awansujesz!,升级！,zh-MY
Az Alkony égisze,暮夜之盾,zh-MY
Az Oltalmazó esküje,保卫者之誓,zh-MY
Az adottságfa,特性之树,zh-MY
Az adottságok könyve,特性典籍,zh-MY
Az aranysárkány,金龙降世,zh-MY
Az aranytojás,黄金蛋,zh-MY
Az erő itala,卡帕果汁,zh-MY
Az igazság ökle,正义手套,zh-MY
Az iron solarik medálja,日轮的加冕,zh-MY
Az istenek kohója,神化锻炉,zh-MY
Az Üresség botja,虚空之杖,zh-MY
Az éj kardja,夜色缘界,zh-MY
Az óriás öve,巨人腰带,zh-MY
Azami Dizilim,最强构筑,zh-MY
Azzardo di Urf,阿福式开局,zh-MY
Aço Áureo,镀金钢铁,zh-MY
Aşırı Büyük Sopa,巨型魔棒,zh-MY
B.F. Sword,暴风大剑,zh-MY
B.F. 대검,暴风大剑,zh-MY
B.F.ソード,暴风大剑,zh-MY
"BEZ ZWIADU, BEZ ZMIAN",不侦察，不变阵,zh-MY
BF Glaive,暴风大剑,zh-MY
BRAK AKTYWNOŚCI,强制中离,zh-MY
Bac de recyclage,回收再利用,zh-MY
Backline Blueprint,后排蓝图,zh-MY
Backup Bows,备用弓,zh-MY
Bagarreur,武斗家,zh-MY
Baguette trop grosse,巨型魔棒,zh-MY
Baguettes à gogo,永续召唤,zh-MY
Bahne dir den Weg,杀出血路,zh-MY
Bajkeverő,武斗家,zh-MY
Bajkeverő embléma,武斗家徽章,zh-MY
Bajkeverők,叛逆者,zh-MY
Bajo el mismo foco de Yasuo,犽宿的共享光采,zh-MY
Baluardo,堡垒,zh-MY
Baluarte,堡垒,zh-MY
Bam!,当头棒喝！,zh-MY
Banc de Pandore,潘多拉的备战区,zh-MY
Banca Pandorei,潘多拉的备战区,zh-MY
Banca de Pandora,潘多拉的备战区,zh-MY
Band of Thieves,神偷军团,zh-MY
Band of Thieves II,神偷军团 II,zh-MY
Banda Złodziejaszków,神偷军团,zh-MY
Banda Złodziejaszków II,神偷军团 II,zh-MY
Banda de Ladrones,神偷军团,zh-MY
Banda de Ladrones II,神偷军团 II,zh-MY
Banda di ladri,神偷军团,zh-MY
Banda di ladri II,神偷军团 II,zh-MY
Bande de voleurs,神偷军团,zh-MY
Bande de voleurs II,神偷军团 II,zh-MY
Bandito,叛道者,zh-MY
Bando de Ladrões,神偷军团,zh-MY
Bando de Ladrões II,神偷军团 II,zh-MY
Bandă de tâlhari,神偷军团,zh-MY
Bandă de tâlhari II,神偷军团 II,zh-MY
Bani de buzunar,午餐钱,zh-MY
Banquillo de Pandora,潘多拉的备战区,zh-MY
Bard,巴德,zh-MY
Bardo,巴德,zh-MY
Baricadă,堡垒,zh-MY
Barkácsolt barkácsolás,精心打造,zh-MY
Baron verme,巴龙幻域,zh-MY
Baron's Lair,巴龙幻域,zh-MY
Baron'un İni,巴龙幻域,zh-MY
Baronovo doupě,巴龙幻域,zh-MY
Bastion,壁垒,zh-MY
Bastion Emblem,壁垒徽章,zh-MY
Bastion-Emblem,壁垒徽章,zh-MY
Bastione,壁垒,zh-MY
Bastião,壁垒,zh-MY
Bastión,壁垒,zh-MY
Bastone colossale,巨型魔棒,zh-MY
Bastone del Vuoto,虚空之杖,zh-MY
Bastão Desnecessariamente Grande,巨型魔棒,zh-MY
Bastón del Vacío,虚空之杖,zh-MY
Bastón del arcángel,大天使之杖,zh-MY
Bastón del serafín,炽天使之杖,zh-MY
Baue einen Begleiter,芽苞初放,zh-MY
Baue einen Begleiter,构筑一名伙伴：,zh-MY
Baza avangardei,前排地基,zh-MY
Başmelek Asası,大天使之杖,zh-MY
Bašta,壁垒,zh-MY
Becsapódás,砰地重击,zh-MY
Beklemeye Değer,值得等待,zh-MY
Beklenen Beklenmezlik,意料之中的意外,zh-MY
Bel'Veth,贝尔薇斯,zh-MY
Belt Overflow,腰带过载,zh-MY
Ben Tek Siz Hepiniz,我独自升级,zh-MY
Bendecido por los Dioses,神之祝福,zh-MY
Bendición de Ahri,阿璃的增益,zh-MY
Bendición de Aurelion Sol,翱锐龙兽的增益,zh-MY
Bendición de Ekko,艾克的增益,zh-MY
Bendición de Evelynn,伊芙琳的增益,zh-MY
Bendición de Kayle,凯尔的增益,zh-MY
Bendición de Resurrección,复活的恩赐,zh-MY
Bendición de Soraka,索拉卡的增益,zh-MY
Bendición de Thresh,瑟雷西的增益,zh-MY
Bendición de Varus,法洛士的增益,zh-MY
Bendición de Yasuo,犽宿的增益,zh-MY
Bendición de la chatarra,好战者的恩赐,zh-MY
Bendición del Chatarrero,好战者的恩赐,zh-MY
Bendito por los dioses,神之祝福,zh-MY
Benedetto dagli dei,神之祝福,zh-MY
Benlik Aynası,镜影化身,zh-MY
Berechneter Verlust,这次战败也在计算之中,zh-MY
Berger,牧魂人,zh-MY
Besace d'Urf,阿福大礼包,zh-MY
Besace héroïque,英勇惊喜包,zh-MY
Best Friends,一生挚友,zh-MY
Beste Freunde,一生挚友,zh-MY
Bestia fiestera,派对大咖,zh-MY
Betervezett veszteség,这次战败也在计算之中,zh-MY
Bevásárló körút,购物狂欢,zh-MY
Bezwzględny Zabójca,无差别杀手,zh-MY
Big Bang,大霹雳星系,zh-MY
Big Grab Bag,大型惊喜包,zh-MY
Biglietto prismatico,七彩棱镜入场券,zh-MY
Bilet prismatic,七彩棱镜入场券,zh-MY
Bileşen Eşya Soygunu,组件劫案,zh-MY
Bilhete Prismático,七彩棱镜入场券,zh-MY
Bilişsel Patlama,认知超负荷,zh-MY
Bilişsel Vergi,认知税,zh-MY
Billete prismático,七彩棱镜入场券,zh-MY
Bindende Verpflichtung,全力以赴,zh-MY
Binecuvântat de zei,神之祝福,zh-MY
Biomassebewahrer,生物质保存剂,zh-MY
Biomassza-megőrző,生物质保存剂,zh-MY
Biomatter Preserver,生物质保存剂,zh-MY
Bir Yol Çiz,杀出血路,zh-MY
Bir İki Üç,一二三,zh-MY
"Bir, İki, Beş!",一、二、五！,zh-MY
Birikim Hesabı,储蓄账户,zh-MY
Birlikten Kuvvet Doğar,并肩作战,zh-MY
Birliğin Gücü,我们团结一致,zh-MY
Birthday Present,生日礼物,zh-MY
Birthday Reunion,生日团聚,zh-MY
Biyomalzeme Koruyucusu,生物质保存剂,zh-MY
Biztos győzelem,最后赢家,zh-MY
Blason de Zeke,锡柯的号角,zh-MY
Blason des Lightshield,光盾之纹,zh-MY
Blason lugubre de Zeke,锡柯的悲鸣号角,zh-MY
Blasón de Escudo de luz,光盾之纹,zh-MY
Blauer Buff,蓝增益,zh-MY
Blaupause für die hintere Reihe,后排蓝图,zh-MY
Blazonul Lightshield,光盾之纹,zh-MY
Blazonul solarilor de fier,日轮的加冕,zh-MY
Blighting Jewel,枯萎宝石,zh-MY
Blikavé čepele,烁刃,zh-MY
Blitzcrank,布里茨,zh-MY
Bliźniaczy Strażnicy,双子守护者,zh-MY
Blood Offering,血祭,zh-MY
Blood Price,血的代价,zh-MY
Bloodthirster,嗜血者,zh-MY
Blue Buff,蓝增益,zh-MY
Blutdürster,嗜血者,zh-MY
Blutopfer,血祭,zh-MY
Blutzoll,血的代价,zh-MY
Bluźnierczy Bożek,禁忌之像,zh-MY
Bodyguard Training,保镖训练,zh-MY
Bogini Broni,重枪女武神,zh-MY
Bokormellény,刺藤胸甲,zh-MY
Boks Dersi,拳击训练,zh-MY
Bokszkesztyű,格斗手套,zh-MY
Bokszlecke,拳击训练,zh-MY
Boleto Prismático,七彩棱镜入场券,zh-MY
Bollwerk,堡垒,zh-MY
Bolsa de Objetos,道具惊喜包,zh-MY
Bolsa de Sorpresas Heroica,英勇惊喜包,zh-MY
Bolsa de Sorpresas Pequeña,小型惊喜包,zh-MY
Bolsa de Sorpresas de Urf,阿福大礼包,zh-MY
Bolsa de Sorpresas grande,大型惊喜包,zh-MY
Bolsa sorpresa de Urf,阿福大礼包,zh-MY
Bolsa sorpresa de objetos,道具惊喜包,zh-MY
Bolsa sorpresa grande,大型惊喜包,zh-MY
Bolsa sorpresa heroica,英勇惊喜包,zh-MY
Bolsa sorpresa pequeña,小型惊喜包,zh-MY
Bombardıman Topu,冲击火炮,zh-MY
Boneco de Treinamento,训练木偶,zh-MY
Bonecos de Impacto,碰撞测试假人,zh-MY
Bonk!,当头棒喝！,zh-MY
Bonk !,当头棒喝！,zh-MY
Boon of Resurrection,复活的恩赐,zh-MY
Boon of the Scrapper,好战者的恩赐,zh-MY
Boong!,当头棒喝！,zh-MY
Booster,拓展包,zh-MY
Booster Pack,拓展包,zh-MY
Booster-Packung,拓展包,zh-MY
Boostery,拓展包,zh-MY
Borsa degli oggetti,道具惊喜包,zh-MY
Borsa di Urf,阿福大礼包,zh-MY
Borsa eroica,英勇惊喜包,zh-MY
Borsa grande,大型惊喜包,zh-MY
Borsa piccola,小型惊喜包,zh-MY
Boscy Pojedynkowicze,仙灵斗士,zh-MY
Boshafte Monetarisierung,恶意变现,zh-MY
Boska Kuźnia,神化锻炉,zh-MY
Bote de Segunda Mano,回收再利用,zh-MY
Botkovács,法杖工匠,zh-MY
Bouclier du Tacticien,棋手盾牌,zh-MY
Boxeador Profesional,赏金战士,zh-MY
Boxing Lessons,拳击训练,zh-MY
Boxunterricht,拳击训练,zh-MY
Boyut Önemli,尺有所短、寸有所长,zh-MY
Božská pistolnice,重枪女武神,zh-MY
Božský duelista,仙灵斗士,zh-MY
Bramble Vest,刺藤胸甲,zh-MY
Branching Out,另辟新境,zh-MY
Bratpfanne,平底锅,zh-MY
Brawler,武斗家,zh-MY
Brawler Emblem,武斗家徽章,zh-MY
Brazalete de la buscadora,探索者护腕,zh-MY
Briar,布蕾尔,zh-MY
Brigand,劫掠者,zh-MY
Brise-temps,破时者,zh-MY
Bronce de por Vida,终身青铜,zh-MY
Bronce de por vida,终身青铜,zh-MY
Bronz mindörökké II.,终身青铜,zh-MY
Bronz nad zlato,终身青铜,zh-MY
Bronz pentru totdeauna,终身青铜,zh-MY
Bronzdan Şaşma,终身青铜,zh-MY
Bronze For Life,终身青铜,zh-MY
Bronze pour la vie,终身青铜,zh-MY
Bronze é Vida,终身青铜,zh-MY
Bronzo per la vita,终身青铜,zh-MY
Brylantowa Rękawica,宝石手套,zh-MY
Brylantowy Lotos,珠光莲花,zh-MY
Brățara căutătorului,探索者护腕,zh-MY
Bu Taç Ağır,王冠之重,zh-MY
Bubuilă,恶鲨火箭,zh-MY
Bucătăria tacticianului,棋手厨房,zh-MY
Bueno para Algo,派上用场,zh-MY
Buff bleu,蓝增益,zh-MY
Buff blu,蓝增益,zh-MY
Buff rosso,红增益,zh-MY
Buff rouge,红增益,zh-MY
Buff-ul albastru,蓝增益,zh-MY
Buff-ul roșu,红增益,zh-MY
Buffs à gogo,一个增益，两个增益,zh-MY
Buget înțelept,精打细算,zh-MY
Build a Bud,芽苞初放,zh-MY
Build maxim,最强构筑,zh-MY
Bulwark,堡垒,zh-MY
Burattino d'ombra,暗影傀儡,zh-MY
Burguesía,出身豪门,zh-MY
Buried Treasure,埋藏的宝物,zh-MY
Buried Treasures,埋藏的宝物,zh-MY
Bustina,拓展包,zh-MY
Butin aléatoire,一、二、五！,zh-MY
Butin funéraire,派上用场,zh-MY
Butin varié,一击即中,zh-MY
Buzduganul înaintașului,打手连枷,zh-MY
Bušení,砰地重击,zh-MY
Bài Học Sơ Khai,早期教育,zh-MY
Bàn Tay Công Lý,正义手套,zh-MY
Báculo del Arcángel,大天使之杖,zh-MY
Báculo del Serafín,炽天使之杖,zh-MY
Báculo del Vacío,虚空之杖,zh-MY
Bán Thăng Hoa,部分飞升,zh-MY
Báo Oán,复仇,zh-MY
Bástya,堡垒,zh-MY
Bârlogul Baronului,巴龙幻域,zh-MY
Bâton angélique,炽天使之杖,zh-MY
Bâton de l'archange,大天使之杖,zh-MY
Bâton du vide,虚空之杖,zh-MY
Bão Tố Luden,卢登骤雨,zh-MY
Bão Vàng,财源滚滚,zh-MY
Béni des dieux,神之祝福,zh-MY
Bénédiction d'Ahri,阿璃的增益,zh-MY
Bénédiction d'Aurelion Sol,翱锐龙兽的增益,zh-MY
Bénédiction d'Ekko,艾克的增益,zh-MY
Bénédiction d'Evelynn,伊芙琳的增益,zh-MY
Bénédiction de Kayle,凯尔的增益,zh-MY
Bénédiction de Soraka,索拉卡的增益,zh-MY
Bénédiction de Thresh,瑟雷西的增益,zh-MY
Bénédiction de Varus,法洛士的增益,zh-MY
Bénédiction de Yasuo,犽宿的增益,zh-MY
Bénédiction de résurrection,复活的恩赐,zh-MY
Bénédiction du Ferrailleur,好战者的恩赐,zh-MY
Bérgyilkos,雇佣杀手,zh-MY
Bête de scène,派对大咖,zh-MY
Bóng Phân Thân,暗影傀儡,zh-MY
Bùa Thăng Hoa,升华护符,zh-MY
Bùa Xanh,蓝增益,zh-MY
Bùa Đỏ,红增益,zh-MY
Büyük Dönüş,逆袭之路,zh-MY
Büyük Patlama,大霹雳星系,zh-MY
Büyük Çekiliş,大型惊喜包,zh-MY
Büyülü Zarlar,魔法骰子,zh-MY
Băng Trộm,神偷军团,zh-MY
Băng Trộm II,神偷军团 II,zh-MY
Bătăuș,武斗家,zh-MY
Běž do toho,一击即中,zh-MY
Błogosławieni,神之祝福,zh-MY
Błogosławieństwo Rozrabiaki,好战者的恩赐,zh-MY
Błogosławiona Przygoda,至尊探险,zh-MY
Bước Đột Phá,暴击式成功,zh-MY
Bạn Thân,一生挚友,zh-MY
Bảo Hộ Vô Tận,无尽守护,zh-MY
Bảo Tồn Sinh Chất,生物质保存剂,zh-MY
Bất Khuất,不屈,zh-MY
Bắn Tỉa,狙击专家,zh-MY
Bộ Ba Hoàn Hảo,三重奏,zh-MY
Bừa Bộn,思绪杂乱,zh-MY
Caccia al tesoro,寻宝之旅,zh-MY
Cacciatore galattico,银河猎手,zh-MY
Cadeau d'anniversaire,生日礼物,zh-MY
Cadou aniversar,生日礼物,zh-MY
Caitlyn,凯特琳,zh-MY
Cajado de Serafim,炽天使之杖,zh-MY
Cajado do Arcanjo,大天使之杖,zh-MY
Cajado do Vazio,虚空之杖,zh-MY
Calculated Loss,这次战败也在计算之中,zh-MY
Calea războiului,刃马合一,zh-MY
Calibrador de Sterak,史特拉克手套,zh-MY
Calice de puissance,力量圣杯,zh-MY
Calice del potere,力量圣杯,zh-MY
Call to Chaos,混乱的呼唤,zh-MY
Cambiazo épico,史诗重骰,zh-MY
Cambio epico,史诗重骰,zh-MY
Cambio eterno,转不停,zh-MY
Caminho da Guerra,刃马合一,zh-MY
Can Dostları,一生挚友,zh-MY
Can Trường,壁垒,zh-MY
Canaglia radiosa,圣光捣蛋鬼,zh-MY
Canalisateur,导能者,zh-MY
Canalizador,导能者,zh-MY
Cangrejo Escurridizo,河蟹,zh-MY
Canhão Fumegante,冲击火炮,zh-MY
Canhão de Vidro,玻璃大炮,zh-MY
Cannone di cristallo,玻璃大炮,zh-MY
Canon de verre,玻璃大炮,zh-MY
Canon ultrarapide,冲击火炮,zh-MY
Capa Mercurial,水银兜帽,zh-MY
Capa Negatron,负极斗篷,zh-MY
Capa de Estratega,棋手斗篷,zh-MY
Capa de Fogo Solar,日炎斗篷,zh-MY
Capa de Fuego Solar,日炎斗篷,zh-MY
Capa de Negatrones,负极斗篷,zh-MY
Capa de estratega,棋手斗篷,zh-MY
Capa de fuego solar,日炎斗篷,zh-MY
Capa do Estrategista,棋手斗篷,zh-MY
Capa negatrón,负极斗篷,zh-MY
Cape du Tacticien,棋手斗篷,zh-MY
Cape solaire,日炎斗篷,zh-MY
Cappa Juice,卡帕果汁,zh-MY
Cappa-Trank,卡帕果汁,zh-MY
Cappelli più letali,致命帽子,zh-MY
Caprichitos,甜点,zh-MY
Capuz da Morte de Rabadon,死亡之帽,zh-MY
Capuzes Mais Mortais,致命帽子,zh-MY
Carapateur,河蟹,zh-MY
Carapescado,恶鲨火箭,zh-MY
Care Package,爱心包裹,zh-MY
Caretaker's Ally,守望者的盟友,zh-MY
Carga Elétrica,电光反击,zh-MY
Carve a Path,杀出血路,zh-MY
Casa Dourada do Yasuo,犽宿的黄金格子,zh-MY
Casque adaptatif,适性神盔,zh-MY
Castigo,复仇,zh-MY
Catastrofista,砰爆,zh-MY
Cazador galáctico,银河猎手,zh-MY
Cazagalaxias,银河猎手,zh-MY
Cazatesoros,寻宝之旅,zh-MY
Caça ao Tesouro,寻宝之旅,zh-MY
Caçador de Galáxia,银河猎手,zh-MY
Cañón de Cristal,玻璃大炮,zh-MY
Cañón de Fuego Rápido,冲击火炮,zh-MY
Cañón de fuego rápido,冲击火炮,zh-MY
Całun Bezruchu,寂静法衣,zh-MY
Cecchino,狙击专家,zh-MY
Cehennem Ateşi Baltası,狱火战斧,zh-MY
Cei mai buni prieteni,一生挚友,zh-MY
Ceinture du géant,巨人腰带,zh-MY
Cena Krwi,血的代价,zh-MY
Cena pro vítěze,赏金战士,zh-MY
Cengâver Onuru,战神的荣耀,zh-MY
Cenny Wojownik,赏金战士,zh-MY
Cenná posila,增援部队,zh-MY
Centelha Iônica,爱欧尼亚星火,zh-MY
Centre d'excellence,C位觉悟,zh-MY
Cetro Vampírico Corrompido,腐败吸血鬼权杖,zh-MY
Cetro Vampírico Corrupto,腐败吸血鬼权杖,zh-MY
Cetro vampírico corrupto,腐败吸血鬼权杖,zh-MY
Chain Vest,锁子甲,zh-MY
Chaleco de cadenas,锁子甲,zh-MY
Chaleco de zarzas,刺藤胸甲,zh-MY
Chalice of Power,力量圣杯,zh-MY
Challenger,挑战者,zh-MY
Challenger Emblem,挑战者徽章,zh-MY
Challenger Mode,挑战者模式,zh-MY
Chamado ao Caos,混乱的呼唤,zh-MY
Champion en kit,芽苞初放,zh-MY
Chaotischer Geist,思绪杂乱,zh-MY
Chapardage,小偷小摸,zh-MY
Charge Transfer,电荷转移I,zh-MY
Charge cognitive,认知税,zh-MY
Chasse au trésor,寻宝之旅,zh-MY
Chasseur galactique,银河猎手,zh-MY
Chciwość,贪财,zh-MY
Che il Quattro sia con te,愿四费与你同在,zh-MY
Chemarea haosului,混乱的呼唤,zh-MY
Chispa Iónica,爱欧尼亚星火,zh-MY
Chispa iónica,爱欧尼亚星火,zh-MY
Chiêm Tinh,观星者,zh-MY
Chiến Lũy,堡垒,zh-MY
Chiến Tướng Khải Hoàn,战神的荣耀,zh-MY
Chmaták,私房钱,zh-MY
Cho'Gath,科加斯,zh-MY
Choisissez un type,选择特性,zh-MY
Choose Trait,选择特性,zh-MY
"Chora, me liga",泪流成河,zh-MY
Choristes,小小伙伴,zh-MY
Chrličův kamenný plát,石像鬼盘核,zh-MY
Chuyển Đổi Năng Lượng,电荷转移I,zh-MY
Chuyện Đời Thường,生活片段,zh-MY
Chuộc Tội,圣光审判者,zh-MY
Chytrý nákup,精打细算,zh-MY
Chùy Bạch Ngân,银织黎明,zh-MY
Chùy Đoản Côn,打手连枷,zh-MY
Chảo Vàng,平底锅,zh-MY
Chất Bán Dẫn,半导体,zh-MY
Chế Tạo Bằng Hữu,锻造一个朋友,zh-MY
Chế Tạo Tại Chỗ,活火炉,zh-MY
Chế Độ Dẫn Truyền,导能者模式,zh-MY
Chế Độ Nhân Bản,复制者模式,zh-MY
Chế Độ Thách Đấu,挑战者模式,zh-MY
Chỉ Huy,指挥官,zh-MY
Chỉ Huy Siêu Thú,百兽指挥官,zh-MY
Chỉ Một Con Đường,全力以赴,zh-MY
Chọn Tộc/Hệ,选择特性,zh-MY
Chờ Đợi Xứng Đáng,值得等待,zh-MY
Cierpliwa Nauka,刻苦钻研,zh-MY
Cierpliwość Ekko,艾克的耐心,zh-MY
Cierpliwość Jest Cnotą,忍耐是美德,zh-MY
Cimientos de Línea Frontal,前排地基,zh-MY
Cimientos de la vanguardia,前排地基,zh-MY
Cinto do Gigante,巨人腰带,zh-MY
Cintura del gigante,巨人腰带,zh-MY
Cinturón XL,腰带过载,zh-MY
Cinturón de Gigante,巨人腰带,zh-MY
Cinturón de gigante,巨人腰带,zh-MY
Clases de boxeo,拳击训练,zh-MY
Clear Mind,思绪清晰,zh-MY
Cleptomanie,火热促销,zh-MY
Climb The Ladder,冲榜战士,zh-MY
Clockwork Accelerator,发条加速器,zh-MY
Clone des ombres,暗影傀儡,zh-MY
Cluttered Mind,思绪杂乱,zh-MY
Cnota Męczennika,烈士之德,zh-MY
Cocina de Estratega,棋手厨房,zh-MY
Cocina de estratega,棋手厨房,zh-MY
Cod roșu de lacrimi,泪流成河,zh-MY
Coda in duo,双排,zh-MY
Cognitive Overload,认知超负荷,zh-MY
Cognitive Tax,认知税,zh-MY
Coif cameleonic,适性神盔,zh-MY
Coiffe de Rabadon,死亡之帽,zh-MY
Coiffes mortelles,致命帽子,zh-MY
Coincidenze perse,失去联络,zh-MY
Cola Dúo,双排,zh-MY
Cola dúo,双排,zh-MY
Coleguis del curro,团队建设,zh-MY
Coleguitas,小小伙伴,zh-MY
Colete Espinhoso,刺藤胸甲,zh-MY
Colher de Prata,出身豪门,zh-MY
Collegamento cibernetico,仿生上行链,zh-MY
Colpire e basta,一击即中,zh-MY
Comandant,指挥官,zh-MY
Comandante,指挥官,zh-MY
Comandante Anima,百兽指挥官,zh-MY
Comandante Animalia,百兽指挥官,zh-MY
Comandante Ánima,百兽指挥官,zh-MY
Comandatul Anima,百兽指挥官,zh-MY
Combattente,武斗家,zh-MY
Combinație stelară,星光连击,zh-MY
Combo Estelar,星光连击,zh-MY
Combo estelar,星光连击,zh-MY
Combo stellaire,星光连击,zh-MY
Combo stellare,星光连击,zh-MY
Comeback Story,逆袭之路,zh-MY
Comerț de bază,商业核心,zh-MY
Comienzo aventajado,快速入门,zh-MY
Commandant d'Anima,百兽指挥官,zh-MY
Commandante,指挥官,zh-MY
Commander,指挥官,zh-MY
Commerce Core,商业核心,zh-MY
Comori îngropate,埋藏的宝物,zh-MY
Comparte los Reflectores con Yasuo,犽宿的共享光采,zh-MY
Competitor,挑战者,zh-MY
Component Heist,组件劫案,zh-MY
Composants de guerre,组件劫案,zh-MY
Composição Máxima,最强构筑,zh-MY
Compras compulsivas,购物狂欢,zh-MY
Compromiso férreo,全力以赴,zh-MY
Compromisso Sério,全力以赴,zh-MY
Compte épargne,储蓄账户,zh-MY
Concentration lointaine,视界专注,zh-MY
Concentrazione dell'orizzonte,视界专注,zh-MY
Condenador,砰爆,zh-MY
Conducto,导能者,zh-MY
Conduit,导能者,zh-MY
Conduit Mode,导能者模式,zh-MY
Conduíte,导能者,zh-MY
Conexiones fallidas,失去联络,zh-MY
Conexiune cibernetică,仿生上行链,zh-MY
Conexiune cu drona,无人机上行链路,zh-MY
Conexión cibernética,仿生上行链,zh-MY
Conexión de dron,无人机上行链路,zh-MY
Conexión perdida,失去联络,zh-MY
Conexão Cibernética,仿生上行链,zh-MY
Conexão de Drone,无人机上行链路,zh-MY
Conexões Perdidas,失去联络,zh-MY
Configuración maximizada,最强构筑,zh-MY
Configurazione massima,最强构筑,zh-MY
Confusão Mental,思绪杂乱,zh-MY
Conjuración continua,永续召唤,zh-MY
Conjuração Contínua,永续召唤,zh-MY
Conjuros Continuos,永续召唤,zh-MY
Connivence,冲榜战士,zh-MY
Conservare de biomaterial,生物质保存剂,zh-MY
Conservateur de biomatière,生物质保存剂,zh-MY
Conservatore di biomateria,生物质保存剂,zh-MY
Construct a Companion,构筑一名伙伴：,zh-MY
Construiește un însoțitor,构筑一名伙伴：,zh-MY
Construiește-ți un prieten,芽苞初放,zh-MY
Construye tu Compi,构筑一名伙伴：,zh-MY
Construção de Companheiro,构筑一名伙伴：,zh-MY
Consumo Consciente,精打细算,zh-MY
Cont de economii,储蓄账户,zh-MY
Conta Poupança,储蓄账户,zh-MY
Contendiente,挑战者,zh-MY
Contenedor de chatarra,回收再利用,zh-MY
Continuous Conjuration,永续召唤,zh-MY
Conto dei risparmi,储蓄账户,zh-MY
Contract Killer,雇佣杀手,zh-MY
Convogliatore,导能者,zh-MY
Copacul caracteristicilor,特性之树,zh-MY
Copricapo di Rabadon,死亡之帽,zh-MY
Corazza singola,孤身铁铠,zh-MY
Corazza spirituale,振奋盔甲,zh-MY
Corazón de Acero,钢铁之心,zh-MY
Corazón de acero,钢铁之心,zh-MY
Corazón del alba,曙光核心,zh-MY
Corazón resuelto,坚毅之心,zh-MY
Coração Inabalável,坚毅之心,zh-MY
Coração de Aço,钢铁之心,zh-MY
Corki,库奇,zh-MY
Coroa do Amaldiçoado,诅咒之冠,zh-MY
Coroa do Estrategista,棋手皇冠,zh-MY
Coroana blestemată,诅咒之冠,zh-MY
Coroana tacticianului,棋手皇冠,zh-MY
Corona Maldita,诅咒之冠,zh-MY
Corona de Estratega,棋手皇冠,zh-MY
Corona de estratega,棋手皇冠,zh-MY
Corona dello Stratega,棋手皇冠,zh-MY
Corona maldita,诅咒之冠,zh-MY
Corona maledetta,诅咒之冠,zh-MY
Corona reale,冕卫,zh-MY
Coroziune,腐蚀,zh-MY
Corpetto di rovi,刺藤胸甲,zh-MY
Corriente de Lágrimas,泪流不止,zh-MY
Corrosion,腐蚀,zh-MY
Corrosione,腐蚀,zh-MY
Corrosión,腐蚀,zh-MY
Corrosão,腐蚀,zh-MY
Corrupt Vampiric Scepter,腐败吸血鬼权杖,zh-MY
Cosmic Restart,宇宙重启,zh-MY
Costruisci un Compagno,构筑一名伙伴：,zh-MY
Cota de Malha,锁子甲,zh-MY
Cota de Malla,锁子甲,zh-MY
Cotidiano,生活片段,zh-MY
Cotta di maglia,锁子甲,zh-MY
Cotte de mailles,锁子甲,zh-MY
Coup d'envoi,快速入门,zh-MY
Coup de chance,专属定制,zh-MY
Couronne de la reine,冕卫,zh-MY
Couronne du Tacticien,棋手皇冠,zh-MY
Couronne maudite,诅咒之冠,zh-MY
Cours de soutien,携手合作,zh-MY
Covil do Barão,巴龙幻域,zh-MY
Cozinha do Estrategista,棋手厨房,zh-MY
Coș de recuperare,回收再利用,zh-MY
Crabul,河蟹,zh-MY
Crafted Crafting,精心打造,zh-MY
Crash Test Dummies,碰撞测试假人,zh-MY
Crash Test Dummy,碰撞测试假人,zh-MY
Crash-Test-Dummies,碰撞测试假人,zh-MY
Crea un coleguita,构筑一名伙伴：,zh-MY
Creazione artigianale,精心打造,zh-MY
Crecimiento Explosivo,爆炸式增长,zh-MY
Crecimiento explosivo,爆炸式增长,zh-MY
Creează o cale,杀出血路,zh-MY
Creează un prieten,锻造一个朋友,zh-MY
Crescendo aléatoire,生活片段,zh-MY
Crescimento Explosivo,爆炸式增长,zh-MY
Crescita a fine partita,后期成长,zh-MY
Crescita esplosiva,爆炸式增长,zh-MY
Cresta de Escudo de Luz,光盾之纹,zh-MY
Creștere explozivă,爆炸式增长,zh-MY
Creștere pe final de joc,后期成长,zh-MY
Creștere solo în nivel,我独自升级,zh-MY
Creștere în clasament,冲榜战士,zh-MY
Criação Engenhosa,精心打造,zh-MY
Critical Success,暴击式成功,zh-MY
Croissance explosive,爆炸式增长,zh-MY
Crownguard,冕卫,zh-MY
Cry Me A River,泪流成河,zh-MY
Csak jó valamire I.,派上用场,zh-MY
Csapatkeresés,携手合作,zh-MY
Csapatépítés,生活片段,zh-MY
Csapatépítés,团队建设,zh-MY
Csekélyebb Perszónatükör,次级镜影化身,zh-MY
Csereszektor,贸易大亨,zh-MY
Csillagfényes kombó,星光连击,zh-MY
Csillagnéző,观星者,zh-MY
Csillagnéző embléma,观星者徽章,zh-MY
Csillámpikkely-esszencia,微光龙鳞精萃,zh-MY
Cua Kỳ Cục,河蟹,zh-MY
Cuatrifuerzos,增援部队,zh-MY
Cuatro Refuerzos,增援部队,zh-MY
Cucchiaio d'argento,出身豪门,zh-MY
Cuchara de plata,出身豪门,zh-MY
Cuchilla Maldita,诅咒之刃,zh-MY
Cuchillas Raudas,烁刃,zh-MY
Cucina dello Stratega,棋手厨房,zh-MY
Cud Soraki,索拉卡的奇迹,zh-MY
Cuenta con mi arco,我弓于你手,zh-MY
Cuenta de Ahorros,储蓄账户,zh-MY
Cuenta de ahorros,储蓄账户,zh-MY
Cuisine du Tacticien,棋手厨房,zh-MY
Cung Dự Phòng,备用弓,zh-MY
Cung Gỗ,反曲弓,zh-MY
Cung Xanh,最后耳语,zh-MY
Cuor saldo,坚毅之心,zh-MY
Cuore d'acciaio,钢铁之心,zh-MY
Cureaua uriașului,巨人腰带,zh-MY
Curele fără număr,腰带过载,zh-MY
Cursed Blade,诅咒之刃,zh-MY
Cursed Crown,诅咒之冠,zh-MY
Cuțit electrostatic,史提克弹簧刀,zh-MY
Cuồng Đao Guinsoo,鬼索的狂暴之刃,zh-MY
Cuộc Phiêu Lưu Tôn Quý,至尊探险,zh-MY
Cuộc Viễn Chinh,远征,zh-MY
Cvičná loutka,训练木偶,zh-MY
Cybernetic Implants,仿生植入物,zh-MY
Cybernetic Uplink,仿生上行链,zh-MY
Cycle épique,纪年伊始,zh-MY
Czerwone Wzmocnienie,红增益,zh-MY
Czysty Umysł,思绪清晰,zh-MY
Częściowe Wyniesienie,部分飞升,zh-MY
Cái Giá Phải Trả,代价是什么,zh-MY
Cálice do Poder,力量圣杯,zh-MY
Cáliz de Poder,力量圣杯,zh-MY
Cáliz de poder,力量圣杯,zh-MY
Câlin collectif,集体拥抱I,zh-MY
Cây Cung Thần Tốc,我弓于你手,zh-MY
Cây Tộc Hệ,特性之树,zh-MY
Céfiro,西风匕首,zh-MY
Célbefogó optika,目标锁定光学仪,zh-MY
Célébrité partagée de Yasuo,犽宿的共享光采,zh-MY
Călător,漫游者,zh-MY
Cıva,水银兜帽,zh-MY
Cœur d'acier,钢铁之心,zh-MY
Cœur de l'aube,曙光核心,zh-MY
Cœur intrépide,坚毅之心,zh-MY
Cơn Khát Vàng,贪财,zh-MY
Cảm Quan Cấy Ghép,共感植入,zh-MY
Cảm Thấy May Mắn,觉得自己幸运吗,zh-MY
Cấy Ghép Siêu Công Nghệ,仿生植入物,zh-MY
Cầu Hồi Phục,治疗法球,zh-MY
Cắm Rễ Phân Tán,生根发芽,zh-MY
Cặp Đôi Siêu Cứng,坦度成双,zh-MY
Cố Gắng Lật Kèo,逆袭之路,zh-MY
Cốc Sức Mạnh,力量圣杯,zh-MY
Cộng Mệt Nghỉ!,成吨数据！,zh-MY
Cờ Lệnh Zeke U Ám,锡柯的悲鸣号角,zh-MY
Củng Cố Tuyến Trước,前排地基,zh-MY
C位的觉悟,C位觉悟,zh-MY
DD街区,贸易大亨,zh-MY
Daga de Statikk,史提克弹簧刀,zh-MY
Daimi Yükseliş,上进心,zh-MY
Dallan Budaklan,另辟新境,zh-MY
Dama Oscura,暗黑女士,zh-MY
Dama das Trevas,暗黑女士,zh-MY
Dama oscura,暗黑女士,zh-MY
Dame sombre,暗黑女士,zh-MY
Dao Điện Statikk,史提克弹簧刀,zh-MY
Dar Ahri,阿璃的增益,zh-MY
Dar Aureliona Sola,翱锐龙兽的增益,zh-MY
Dar Ekko,艾克的增益,zh-MY
Dar Evelynn,伊芙琳的增益,zh-MY
Dar Kayle,凯尔的增益,zh-MY
Dar Soraki,索拉卡的增益,zh-MY
Dar Thresha,瑟雷西的增益,zh-MY
Dar Varusa,法洛士的增益,zh-MY
Dar Yasuo,犽宿的增益,zh-MY
Dar cu ce preț,代价是什么,zh-MY
Dar vzkříšení,复活的恩赐,zh-MY
Dark Lady,暗黑女士,zh-MY
Dark Star,幽冥煞星,zh-MY
Dark Star Emblem,幽冥煞星徽章,zh-MY
Das Warten wert,值得等待,zh-MY
Das geht ab,滚起优势,zh-MY
Das goldene Ei,黄金蛋,zh-MY
Dawncore,曙光核心,zh-MY
Dayanıklı Ön Sıra,前排地基,zh-MY
Daño indiscriminado,无差别杀手,zh-MY
De două ori mai câștigați,两倍价值,zh-MY
De fiesta,砰地重击,zh-MY
De gratis,火热促销,zh-MY
De milyen áron?,代价是什么,zh-MY
Dea delle Armi,重枪女武神,zh-MY
Deadlier Blades,致命利刃,zh-MY
Deadlier Caps,致命帽子,zh-MY
Deathblade,死神之刃,zh-MY
Demasiado Valor,两倍价值,zh-MY
Demir Solari'nin Broşu,日轮的加冕,zh-MY
Denge Örtüsü,均等法衣,zh-MY
Dent de Nashor,纳什之牙,zh-MY
Dente de Na'Shor,纳什之牙,zh-MY
Dente di Nashor,纳什之牙,zh-MY
Der Attributsbaum,特性之树,zh-MY
Der Turm,塔楼,zh-MY
Der Unbeugsame,不屈,zh-MY
Der Urknall,大霹雳星系,zh-MY
Der Wille des Hammers,重锤之志,zh-MY
Der goldene Drache,金龙降世,zh-MY
Der mächtige Mecha,强大机甲,zh-MY
Dernier souffle,最后耳语,zh-MY
Derrota Planejada,这次战败也在计算之中,zh-MY
Desafiante,挑战者,zh-MY
Desajustados,叛逆者,zh-MY
Descarga Eléctrica,电光反击,zh-MY
Desejo da Maça,重锤之志,zh-MY
Desesperación Eterna,无尽绝望,zh-MY
Desesperanza eterna,无尽绝望,zh-MY
Desespero Eterno,无尽绝望,zh-MY
Desmanche,回收再利用,zh-MY
Despertar da Alma,灵魂觉醒,zh-MY
Despertar del Alma,灵魂觉醒,zh-MY
Despertar del alma,灵魂觉醒,zh-MY
Destansı Yenileme,史诗重骰,zh-MY
Deszcz Pieniędzy,财源滚滚,zh-MY
Determinacja Kolosa,泰坦的决意,zh-MY
Determinazione del titano,泰坦的决意,zh-MY
Determinação Titânica,泰坦的决意,zh-MY
Deux de moins,疾速双杀,zh-MY
Dev Katili,巨人杀手,zh-MY
Dev Kemeri,巨人腰带,zh-MY
Devasa ve Güçlü,巨人之力,zh-MY
Değişken Miğfer,适性神盔,zh-MY
Di Vật Tàn Úa,凋零的遗物,zh-MY
Diana,黛安娜,zh-MY
Die Legion der Drei,三费军团,zh-MY
Diebesbande,神偷军团,zh-MY
Diebesbande II,神偷军团 II,zh-MY
Diente de Nashor,纳什之牙,zh-MY
Dikenli Yelek,刺藤胸甲,zh-MY
Dinerito para el almuerzo,午餐钱,zh-MY
Dinero del almuerzo,午餐钱,zh-MY
Dintele lui Nashor,纳什之牙,zh-MY
Diosa de las Pistolas,重枪女武神,zh-MY
Diosa de las pistolas,重枪女武神,zh-MY
Dirilme Lütfu,复活的恩赐,zh-MY
Disperare nemărginită,无尽绝望,zh-MY
Disperazione eterna,无尽绝望,zh-MY
Disruptor temporal,破时者,zh-MY
Distracție în spațiu,太空律动,zh-MY
Distribuição de Efeitos,一个增益，两个增益,zh-MY
Divinamente Abençoado,神之祝福,zh-MY
Divine Duelist,仙灵斗士,zh-MY
Dizilim,排兵布阵,zh-MY
Diệt Khổng Lồ,巨人杀手,zh-MY
Dlouhodobá investice,做多,zh-MY
Doamna întunecată,暗黑女士,zh-MY
Doble Tanque,坦度成双,zh-MY
Dobra Passa,滚起优势,zh-MY
Doces Deleites,甜点,zh-MY
Dokuma Büyü,编织魔法,zh-MY
Dolci,甜点,zh-MY
Don du gardien,守望者的盟友,zh-MY
Dono dell'aggiustatutto,好战者的恩赐,zh-MY
Dono della resurrezione,复活的恩赐,zh-MY
Dono di Ahri,阿璃的增益,zh-MY
Dono di Aurelion Sol,翱锐龙兽的增益,zh-MY
Dono di Ekko,艾克的增益,zh-MY
Dono di Evelynn,伊芙琳的增益,zh-MY
Dono di Kayle,凯尔的增益,zh-MY
Dono di Soraka,索拉卡的增益,zh-MY
Dono di Thresh,瑟雷西的增益,zh-MY
Dono di Varus,法洛士的增益,zh-MY
Dono di Yasuo,犽宿的增益,zh-MY
Doomer,砰爆,zh-MY
Doppia resistenza,坦度成双,zh-MY
Doppia uccisione rapida,疾速双杀,zh-MY
Dornenweste,刺藤胸甲,zh-MY
Double Kill Veloz,疾速双杀,zh-MY
Dowódca Anima,百兽指挥官,zh-MY
Dowódcy,指挥官,zh-MY
Doğum Günü Buluşması,生日团聚,zh-MY
Doğum Günü Hediyesi,生日礼物,zh-MY
Drachenklaue,龙之爪,zh-MY
Dragon's Claw,龙之爪,zh-MY
Dragonul auriu,金龙降世,zh-MY
Dragão Dourado,金龙降世,zh-MY
Dračí spár,龙之爪,zh-MY
Dreifaltigkeit,三重奏,zh-MY
Drobní titáni,小小大英雄,zh-MY
"Drobní, ale vražední",小巧但致命,zh-MY
Drohnenverbindung,无人机上行链路,zh-MY
Dron Bağlantısı,无人机上行链路,zh-MY
Drone Uplink,无人机上行链路,zh-MY
Drone cablato,无人机上行链路,zh-MY
Dronová linka,无人机上行链路,zh-MY
Drugi Oddech,回春,zh-MY
Druhý dech,回春,zh-MY
Drzewo Cech,特性之树,zh-MY
Drágaköves kesztyű,宝石手套,zh-MY
Drágaköves lótusz II.,珠光莲花,zh-MY
Drónkapcsolat,无人机上行链路,zh-MY
Držíme pospolu,我们团结一致,zh-MY
Du Mục,牧魂人,zh-MY
Du hast meinen Bogen,我弓于你手,zh-MY
Dublu asasinat rapid,疾速双杀,zh-MY
Duch Odkupienia,救赎之灵,zh-MY
Duch odplaty,救赎之灵,zh-MY
Due volte il valore,两倍价值,zh-MY
Duelist divin,仙灵斗士,zh-MY
Duelista Divino,仙灵斗士,zh-MY
Duelista divino,仙灵斗士,zh-MY
Duellante divino,仙灵斗士,zh-MY
Duelliste divine,仙灵斗士,zh-MY
Dulces Golosinas,甜点,zh-MY
Dummify,木偶化,zh-MY
Dunkle Dame,暗黑女士,zh-MY
Duo Queue,双排,zh-MY
Duo-Warteschlange,双排,zh-MY
Dupla érték,两倍价值,zh-MY
Duplication,最强构筑,zh-MY
Duplán szívós,坦度成双,zh-MY
Durch Stärke geschmiedet,力炼之躯,zh-MY
Durmadan Yenile,转不停,zh-MY
Dusze Towarzystwa,派对大咖,zh-MY
Duża Torba z Różnościami,大型惊喜包,zh-MY
Dádiva da Ahri,阿璃的增益,zh-MY
Dádiva da Evelynn,伊芙琳的增益,zh-MY
Dádiva da Kayle,凯尔的增益,zh-MY
Dádiva da Ressurreição,复活的恩赐,zh-MY
Dádiva da Soraka,索拉卡的增益,zh-MY
Dádiva do Aurelion Sol,翱锐龙兽的增益,zh-MY
Dádiva do Brigão,好战者的恩赐,zh-MY
Dádiva do Ekko,艾克的增益,zh-MY
Dádiva do Thresh,瑟雷西的增益,zh-MY
Dádiva do Varus,法洛士的增益,zh-MY
Dádiva do Yasuo,犽宿的增益,zh-MY
Dárek k narozeninám,生日礼物,zh-MY
Dárková taška s předměty,道具惊喜包,zh-MY
Dárkový balíček,爱心包裹,zh-MY
Dây Chuyền Iron Solari,日轮的加冕,zh-MY
Dây Chuyền Tự Lực,支配宝匣,zh-MY
Dämmerkern,曙光核心,zh-MY
Dämmerung von Silbersee,银织黎明,zh-MY
Déesse des flingues,重枪女武神,zh-MY
Défaite planifiée,这次战败也在计算之中,zh-MY
Dépense réfléchie,精打细算,zh-MY
Dés légèrement magiques,轻魔重骰,zh-MY
Dés magiques,魔法骰子,zh-MY
Désespoir,砰爆,zh-MY
Désespoir infini,无尽绝望,zh-MY
Détermination du titan,泰坦的决意,zh-MY
Díszes acél,镀金钢铁,zh-MY
Dòng Tiền Mờ Ám,恶意变现,zh-MY
Döntőbíró,裁决者,zh-MY
Döntőbíró embléma,裁决者徽章,zh-MY
Dört Dörtlük,增援部队,zh-MY
Dört Seninle Olsun,愿四费与你同在,zh-MY
Dövüşçü,武斗家,zh-MY
Dövüşçü Amblemi,武斗家徽章,zh-MY
Dúo de tanques,坦度成双,zh-MY
Dümenci,私房钱,zh-MY
Dẫn Truyền,导能者,zh-MY
Dị Vật Tai Ương,禁忌之像,zh-MY
Dịch Vụ Gói Đăng Ký,订阅服务,zh-MY
D个痛快！,转不停,zh-MY
Early Learnings,早期教育,zh-MY
Ebedi Anlaşma,永恒契约,zh-MY
Ebedi Koruma,无尽守护,zh-MY
Ebedi Kılıç,无尽之刃,zh-MY
Ebédpénz,午餐钱,zh-MY
Eccesso di bacchette,魔棒过载,zh-MY
Eccesso di cinture,腰带过载,zh-MY
Eccesso di spade,大剑过载,zh-MY
Echi curativi,疗愈回响,zh-MY
Ecos Reparadores,疗愈回响,zh-MY
Ecos Restauradores,疗愈回响,zh-MY
Ecos curativos,疗愈回响,zh-MY
Ecouri tămăduitoare,疗愈回响,zh-MY
Edge of Night,夜色缘界,zh-MY
Efecte secundare,副作用,zh-MY
Efectos Secundarios,副作用,zh-MY
Efectos secundarios,副作用,zh-MY
Efeito Azul,蓝增益,zh-MY
Efeito Vermelho,红增益,zh-MY
Efeitos Colaterais,副作用,zh-MY
Efekty Uboczne,副作用,zh-MY
Effets secondaires,副作用,zh-MY
Effetti collaterali,副作用,zh-MY
Egida Zmierzchu,暮夜之盾,zh-MY
Egida del Crepuscolo,暮夜之盾,zh-MY
Egida dell'Aurora,黎明之盾,zh-MY
Egida Świtu,黎明之盾,zh-MY
"Egy erősítés, két erősítés",一个增益，两个增益,zh-MY
"Egy, kettő, három",一二三,zh-MY
"Egy, kettő, öt!",一、二、五！,zh-MY
Egyenlepel,均等法衣,zh-MY
Egységben az erő,并肩作战,zh-MY
Egyujjas kesztyű,手套,zh-MY
Egyéni vért,孤身铁铠,zh-MY
Ehre des Kriegsfürsten,战神的荣耀,zh-MY
"Ein Buff, zwei Buff",一个增益，两个增益,zh-MY
Ein Teil des Lebens,生活片段,zh-MY
Ein erhabenes Abenteuer,至尊探险,zh-MY
Ein magischer Wurf,魔法骰子,zh-MY
Eindringling Zed,入侵者 劫,zh-MY
Einfach treffen,一击即中,zh-MY
Einkaufsbummel,购物狂欢,zh-MY
"Einmal Bronze, immer Bronze",终身青铜,zh-MY
"Eins, zwei, drei",一二三,zh-MY
"Eins, zwei, fünf!",一、二、五！,zh-MY
Eiserne Güter,钢铁资产,zh-MY
Ejder Pençesi,龙之爪,zh-MY
Ekip Çalışması,团队建设,zh-MY
Ekko türelme,艾克的耐心,zh-MY
Ekko áldása,艾克的增益,zh-MY
Ekko'nun Lütfu,艾克的增益,zh-MY
Ekko'nun Sabrı,艾克的耐心,zh-MY
Ekko's Boon,艾克的增益,zh-MY
Ekko's Patience,艾克的耐心,zh-MY
Ekkos Geduld,艾克的耐心,zh-MY
Ekkos Segen,艾克的增益,zh-MY
Ekkova trpělivost,艾克的耐心,zh-MY
Ekkův dar,艾克的增益,zh-MY
Ekmek Parası İşte,午餐钱,zh-MY
Ekskluzywna Personalizacja,专属定制,zh-MY
Ekspedycja,远征,zh-MY
El Big Bang,大霹雳星系,zh-MY
El Dragón Dorado,金龙降世,zh-MY
El Dragón dorado,金龙降世,zh-MY
El Emeği Göz Nuru,精心打造,zh-MY
El Huevo Dorado,黄金蛋,zh-MY
El Indomable,不屈,zh-MY
El Mega Mecha,强大机甲,zh-MY
El Tamaño Importa,尺有所短、寸有所长,zh-MY
El centro de todo,C位觉悟,zh-MY
El huevo dorado,黄金蛋,zh-MY
El peso de la corona,王冠之重,zh-MY
El tamaño importa,尺有所短、寸有所长,zh-MY
El Árbol de Rasgos,特性之树,zh-MY
El árbol de los atributos,特性之树,zh-MY
Elastyczność,灵活变通,zh-MY
Electrocarga,电光反击,zh-MY
Electrocharge,电光反击,zh-MY
Elektrický výboj,电光反击,zh-MY
Elektroladung,电光反击,zh-MY
Elektromos töltés,电光反击,zh-MY
Elektroşarj,电光反击,zh-MY
Elettrocarica,电光反击,zh-MY
Elige el rasgo,选择特性,zh-MY
Eliminator,歼灭者,zh-MY
Elkötelezett,投资,zh-MY
Elköteleződés,全力以赴,zh-MY
Elmo Adaptativo,适性神盔,zh-MY
Elmo adattivo,适性神盔,zh-MY
Eltemetett kincsek,埋藏的宝物,zh-MY
Elátkozott korona,诅咒之冠,zh-MY
Elátkozott penge,诅咒之刃,zh-MY
Előfizetési szolgáltatás,订阅服务,zh-MY
Előleg,高级贷款,zh-MY
Előrelátás,远见卓识,zh-MY
Em Busca do Centro,C位觉悟,zh-MY
Embalos no Espaço,太空律动,zh-MY
Emblem Anima,百兽特攻队徽章,zh-MY
Emblem Arbiter,裁决者徽章,zh-MY
Emblem Bastion,壁垒徽章,zh-MY
Emblem Brawler,武斗家徽章,zh-MY
Emblem Challenger,挑战者徽章,zh-MY
Emblem Dark Star,幽冥煞星徽章,zh-MY
Emblem Marauder,劫掠者徽章,zh-MY
Emblem Meeple,米普徽章,zh-MY
Emblem N.O.V.A.,N.O.V.A.徽章,zh-MY
Emblem Primordian,远古霸者徽章,zh-MY
Emblem Psionic,灵能者徽章,zh-MY
Emblem Rogue,叛道者徽章,zh-MY
Emblem Shepherd,牧魂人徽章,zh-MY
Emblem Sniper,狙击专家徽章,zh-MY
Emblem Space Groove,太空律动徽章,zh-MY
Emblem Stargazer,观星者徽章,zh-MY
Emblem Timebreaker,破时者徽章,zh-MY
Emblem Vanguard,先锋战士徽章,zh-MY
Emblem Voyager,漫游者徽章,zh-MY
Emblema Anima,百兽特攻队徽章,zh-MY
Emblema Animalia,百兽特攻队徽章,zh-MY
Emblema Meeple,米普徽章,zh-MY
Emblema N.O.V.A.,N.O.V.A.徽章,zh-MY
Emblema Psionico,灵能者徽章,zh-MY
Emblema Stella Oscura,幽冥煞星徽章,zh-MY
Emblema apărătorilor,先锋战士徽章,zh-MY
Emblema bastionului,壁垒徽章,zh-MY
Emblema briganzilor,劫掠者徽章,zh-MY
Emblema bătăușilor,武斗家徽章,zh-MY
Emblema competitorilor,挑战者徽章,zh-MY
Emblema călătorilor,漫游者徽章,zh-MY
Emblema de Anima,百兽特攻队徽章,zh-MY
Emblema de Astromante,观星者徽章,zh-MY
Emblema de Atirador de Elite,狙击专家徽章,zh-MY
Emblema de Bastião,壁垒徽章,zh-MY
Emblema de Bastión,壁垒徽章,zh-MY
Emblema de Desafiante,挑战者徽章,zh-MY
Emblema de Embalos no Espaço,太空律动徽章,zh-MY
Emblema de Estrela Negra,幽冥煞星徽章,zh-MY
Emblema de Estrella Oscura,幽冥煞星徽章,zh-MY
Emblema de Francotiradores,狙击专家徽章,zh-MY
Emblema de Furtivo,叛道者徽章,zh-MY
Emblema de Ladino,叛道者徽章,zh-MY
Emblema de Lutador,武斗家徽章,zh-MY
Emblema de Meeple,米普徽章,zh-MY
Emblema de Meeplo,米普徽章,zh-MY
Emblema de Merodeador,劫掠者徽章,zh-MY
Emblema de Mipo,米普徽章,zh-MY
Emblema de N.O.V.A.,N.O.V.A.徽章,zh-MY
Emblema de Onda Espacial,太空律动徽章,zh-MY
Emblema de Pastor,牧魂人徽章,zh-MY
Emblema de Peleadores,武斗家徽章,zh-MY
Emblema de Primordiano,远古霸者徽章,zh-MY
Emblema de Primordianos,远古霸者徽章,zh-MY
Emblema de Psiónico,灵能者徽章,zh-MY
Emblema de Psiônico,灵能者徽章,zh-MY
Emblema de Rasga-tempo,破时者徽章,zh-MY
Emblema de Retadores,挑战者徽章,zh-MY
Emblema de Rompetiempo,破时者徽章,zh-MY
Emblema de Saqueador,劫掠者徽章,zh-MY
Emblema de Sentencia,裁决者徽章,zh-MY
Emblema de Vanguarda,先锋战士徽章,zh-MY
Emblema de Vanguardia,先锋战士徽章,zh-MY
Emblema de Viajante,漫游者徽章,zh-MY
Emblema de Viajero,漫游者徽章,zh-MY
Emblema de astral,观星者徽章,zh-MY
Emblema de bastión,壁垒徽章,zh-MY
Emblema de contendiente,挑战者徽章,zh-MY
Emblema de disruptor temporal,破时者徽章,zh-MY
Emblema de estrella oscura,幽冥煞星徽章,zh-MY
Emblema de francotirador,狙击专家徽章,zh-MY
Emblema de la ascensión,升华护符,zh-MY
Emblema de luchador,武斗家徽章,zh-MY
Emblema de onda espacial,太空律动徽章,zh-MY
Emblema de pastor,牧魂人徽章,zh-MY
Emblema de primordiano,远古霸者徽章,zh-MY
Emblema de psiónico,灵能者徽章,zh-MY
Emblema de pícaro,叛道者徽章,zh-MY
Emblema de sentenciador,裁决者徽章,zh-MY
Emblema de vanguardia,先锋战士徽章,zh-MY
Emblema de viajante,漫游者徽章,zh-MY
Emblema de yelmo sombrío,劫掠者徽章,zh-MY
Emblema de Árbitro,裁决者徽章,zh-MY
Emblema de ánima,百兽特攻队徽章,zh-MY
Emblema del Bandito,叛道者徽章,zh-MY
Emblema del Bastione,壁垒徽章,zh-MY
Emblema del Cecchino,狙击专家徽章,zh-MY
Emblema del Combattente,武斗家徽章,zh-MY
Emblema del Pastore,牧魂人徽章,zh-MY
Emblema del Predone,劫掠者徽章,zh-MY
Emblema del Primordiano,远古霸者徽章,zh-MY
Emblema del Ritmo Spaziale,太空律动徽章,zh-MY
Emblema del Viaggiatore,漫游者徽章,zh-MY
Emblema dell'Amico dei Mippi,米普徽章,zh-MY
Emblema dell'Arbitro,裁决者徽章,zh-MY
Emblema dell'Astronomo,观星者徽章,zh-MY
Emblema dell'Avanguardia,先锋战士徽章,zh-MY
Emblema dello Sfidante,挑战者徽章,zh-MY
Emblema dello Spezzatempo,破时者徽章,zh-MY
Emblema distracției în spațiu,太空律动徽章,zh-MY
Emblema frângătorilor timpului,破时者徽章,zh-MY
Emblema luminii stelelor,观星者徽章,zh-MY
Emblema lunetiștilor,狙击专家徽章,zh-MY
Emblema mediatorilor,裁决者徽章,zh-MY
Emblema primordienilor,远古霸者徽章,zh-MY
Emblema psionică,灵能者徽章,zh-MY
Emblema păstorilor,牧魂人徽章,zh-MY
Emblema rebelilor,叛道者徽章,zh-MY
Emblema stelelor întunecate,幽冥煞星徽章,zh-MY
Emblemat Anima,百兽特攻队徽章,zh-MY
Emblemat Arbitra,裁决者徽章,zh-MY
Emblemat Bastionu,壁垒徽章,zh-MY
Emblemat Kosmofazy,太空律动徽章,zh-MY
Emblemat Marudera,劫掠者徽章,zh-MY
Emblemat Meepla,米普徽章,zh-MY
Emblemat Mrocznej Gwiazdy,幽冥煞星徽章,zh-MY
Emblemat N.O.V.A.,N.O.V.A.徽章,zh-MY
Emblemat Obrońcy,先锋战士徽章,zh-MY
Emblemat Obserwatora Gwiazd,观星者徽章,zh-MY
Emblemat Osiłka,武斗家徽章,zh-MY
Emblemat Pasterza,牧魂人徽章,zh-MY
Emblemat Podróżnika,漫游者徽章,zh-MY
Emblemat Pretendenta,挑战者徽章,zh-MY
Emblemat Primordianina,远古霸者徽章,zh-MY
Emblemat Psionika,灵能者徽章,zh-MY
Emblemat Snajpera,狙击专家徽章,zh-MY
Emblemat Zbira,叛道者徽章,zh-MY
Emblemat Łamacza Czasu,破时者徽章,zh-MY
Emblème d'Astro-groove,太空律动徽章,zh-MY
Emblème d'Initiateur,先锋战士徽章,zh-MY
Emblème de Bagarreur,武斗家徽章,zh-MY
Emblème de Bastion,壁垒徽章,zh-MY
Emblème de Berger,牧魂人徽章,zh-MY
Emblème de Brise-temps,破时者徽章,zh-MY
Emblème de Challenger,挑战者徽章,zh-MY
Emblème de Juge stellaire,裁决者徽章,zh-MY
Emblème de Maraudeur,劫掠者徽章,zh-MY
Emblème de Meeple,米普徽章,zh-MY
Emblème de N.O.V.A.,N.O.V.A.徽章,zh-MY
Emblème de Primordien,远古霸者徽章,zh-MY
Emblème de Psionique,灵能者徽章,zh-MY
Emblème de Pulsar sombre,幽冥煞星徽章,zh-MY
Emblème de Rebelle,叛道者徽章,zh-MY
Emblème de Sniper,狙击专家徽章,zh-MY
Emblème de Visionnaire,观星者徽章,zh-MY
Emblème de Voyageur,漫游者徽章,zh-MY
Emblème de la Section Anima,百兽特攻队徽章,zh-MY
Emblém Animy,百兽特攻队徽章,zh-MY
Emblém Bašty,壁垒徽章,zh-MY
Emblém Hvězdopravce,观星者徽章,zh-MY
Emblém Miplíka,米普徽章,zh-MY
Emblém N.O.V.A.,N.O.V.A.徽章,zh-MY
Emblém Ničitele času,破时者徽章,zh-MY
Emblém Odpadlíka,叛道者徽章,zh-MY
Emblém Odstřelovače,狙击专家徽章,zh-MY
Emblém Pastýře,牧魂人徽章,zh-MY
Emblém Poutníka,漫游者徽章,zh-MY
Emblém Prapůvodního,远古霸者徽章,zh-MY
Emblém Psionika,灵能者徽章,zh-MY
Emblém Předvoje,先锋战士徽章,zh-MY
Emblém Rváče,武斗家徽章,zh-MY
Emblém Soudce,裁决者徽章,zh-MY
Emblém Temné hvězdy,幽冥煞星徽章,zh-MY
Emblém Vesmírného rytmu,太空律动徽章,zh-MY
Emblém Vyzyvatele,挑战者徽章,zh-MY
Emblém Žoldnéře,劫掠者徽章,zh-MY
Emblématique,灵活变通,zh-MY
Emblématiquement,特性之树,zh-MY
Empréstimo Avançado,高级贷款,zh-MY
Empurrão,砰地重击,zh-MY
En Minik Dev,小小泰坦,zh-MY
En racha,滚起优势,zh-MY
Ende der Weisheit,智慧末刃,zh-MY
Endgame-Experte,专打后期,zh-MY
Endlose Verzweiflung,无尽绝望,zh-MY
Enfileirando,排兵布阵,zh-MY
Enfoque al Horizonte,视界专注,zh-MY
Enlace Cibernético,仿生上行链,zh-MY
Enlace de Dron,无人机上行链路,zh-MY
Enracinement,生根发芽,zh-MY
Entre les PO et l'enclume,钢铁资产,zh-MY
Entrenamiento de Guardaespaldas,保镖训练,zh-MY
Entschlossenheit des Titanen,泰坦的决意,zh-MY
Enyhén mágikus dobás,轻魔重骰,zh-MY
Epic Rolldown,史诗重骰,zh-MY
Epickie Przelosowanie,史诗重骰,zh-MY
Epický výlov,史诗重骰,zh-MY
Epische Ladung,史诗重骰,zh-MY
Epoca,纪年伊始,zh-MY
Epoch,纪年伊始,zh-MY
Epocha,纪年伊始,zh-MY
Epoche,纪年伊始,zh-MY
Epocă,纪年伊始,zh-MY
Epoka,纪年伊始,zh-MY
Era,纪年伊始,zh-MY
Eradicare,歼灭者,zh-MY
Eradicator,歼灭者,zh-MY
Eradicatore,歼灭者,zh-MY
Erb Lightshieldů,光盾之纹,zh-MY
Erlöser,圣光审判者,zh-MY
Erradicador,歼灭者,zh-MY
Erwartetes Unerwartetes,意料之中的意外,zh-MY
Erweiterter Kredit,高级贷款,zh-MY
Erőben kovácsolva,力炼之躯,zh-MY
Erőd,壁垒,zh-MY
Erőd embléma,壁垒徽章,zh-MY
EsQUATRão,增援部队,zh-MY
Esagono dorato di Yasuo,犽宿的黄金格子,zh-MY
Esaltazione di Kayle,凯尔的升腾,zh-MY
Esaltazione radiosa di Kayle,凯尔的圣光升腾,zh-MY
Escalamento de Fim de Jogo,后期成长,zh-MY
Escalando,冲榜战士,zh-MY
Escalar la clasificación,冲榜战士,zh-MY
Escolha a característica,选择特性,zh-MY
Escroc,私房钱,zh-MY
Escudo de estratega,棋手盾牌,zh-MY
Escudo del Estratega,棋手盾牌,zh-MY
Escudo do Estrategista,棋手盾牌,zh-MY
Escurridizo,河蟹,zh-MY
Esence Mihotavců,微光龙鳞精萃,zh-MY
Esencia de Brilloescama,微光龙鳞精萃,zh-MY
Esencia de brilloescama,微光龙鳞精萃,zh-MY
Esencja Migoczącej Łuski,微光龙鳞精萃,zh-MY
Esfera del Amanecer,曙光核心,zh-MY
Esgrima de Yasuo,犽宿的剑术,zh-MY
Esnek,灵活变通,zh-MY
Espada Desmedida,大剑过载,zh-MY
Espada G.p.C.,暴风大剑,zh-MY
Espadafuria de Guinsoo,鬼索的狂暴之刃,zh-MY
Espadas Más Letales,致命利刃,zh-MY
Espadón,暴风大剑,zh-MY
Especialista em Fim de Jogo,专打后期,zh-MY
Especialista en el juego tardío,专打后期,zh-MY
Especialista en final de partida,专打后期,zh-MY
Espera lo Inesperado,意料之中的意外,zh-MY
Espera lo inesperado,意料之中的意外,zh-MY
Esperando o Inesperado,意料之中的意外,zh-MY
Espinas,恶鲨火箭,zh-MY
Esprit d'équipe,团队建设,zh-MY
Esprit de la Rédemption,救赎之灵,zh-MY
Esprit encombré,思绪杂乱,zh-MY
Espátula,锅铲,zh-MY
Espírito de Redenção,救赎之灵,zh-MY
Espíritu Firme,坚毅之心,zh-MY
Espíritu de Redención,救赎之灵,zh-MY
Espíritu de la redención,救赎之灵,zh-MY
Espíritu libre,叛逆者,zh-MY
Essence des Luminécailles,微光龙鳞精萃,zh-MY
Essenz der Schimmerschuppen,微光龙鳞精萃,zh-MY
Essenza Scaglialucida,微光龙鳞精萃,zh-MY
Essência de Escamaluz,微光龙鳞精萃,zh-MY
Estafa,私房钱,zh-MY
Estafador,私房钱,zh-MY
Estratega diminuto,小小泰坦,zh-MY
Estrela Negra,幽冥煞星,zh-MY
Estrella Oscura,幽冥煞星,zh-MY
Estrella oscura,幽冥煞星,zh-MY
Estudio Paciente,刻苦钻研,zh-MY
Estudio y paciencia,刻苦钻研,zh-MY
Estudo Paciente,刻苦钻研,zh-MY
Esuli,流亡孤军,zh-MY
Eternal Pact,永恒契约,zh-MY
Etwas magische Aktualisierung,轻魔重骰,zh-MY
Evelynn áldása,伊芙琳的增益,zh-MY
Evelynn ösztöne,伊芙琳的本能,zh-MY
Evelynn'in Lütfu,伊芙琳的增益,zh-MY
Evelynn'in İçgüdüsü,伊芙琳的本能,zh-MY
Evelynn's Boon,伊芙琳的增益,zh-MY
Evelynn's Instinct,伊芙琳的本能,zh-MY
Evelynnin dar,伊芙琳的增益,zh-MY
Evelynnin instinkt,伊芙琳的本能,zh-MY
Evelynns Instinkt,伊芙琳的本能,zh-MY
Evelynns Segen,伊芙琳的增益,zh-MY
Evenshroud,均等法衣,zh-MY
Evocazione continua,永续召唤,zh-MY
Evriştirici,重整装置,zh-MY
Ewiger Pakt,永恒契约,zh-MY
Exaltación Radiante de Kayle,凯尔的圣光升腾,zh-MY
Exaltación de Kayle,凯尔的升腾,zh-MY
Exaltación radiante de Kayle,凯尔的圣光升腾,zh-MY
Exaltarea lui Kayle,凯尔的升腾,zh-MY
Exaltarea radiantă a lui Kayle,凯尔的圣光升腾,zh-MY
Exaltation de Kayle,凯尔的升腾,zh-MY
Exaltation radieuse de Kayle,凯尔的圣光升腾,zh-MY
Exaltação Radiante de Kayle,凯尔的圣光升腾,zh-MY
Exaltação de Kayle,凯尔的升腾,zh-MY
Exclusive Customization,专属定制,zh-MY
Exilados,流亡孤军,zh-MY
Exilați,流亡孤军,zh-MY
Exiles,流亡孤军,zh-MY
Exiliados,流亡孤军,zh-MY
Exilés,流亡孤军,zh-MY
Exklusive Feinabstimmung,专属定制,zh-MY
Exkluzivní úprava,专属定制,zh-MY
Exkluzív testreszabás,专属定制,zh-MY
Expected Unexpectedness,意料之中的意外,zh-MY
Expedice,远征,zh-MY
Expedición,远征,zh-MY
Expedition,远征,zh-MY
Expedição,远征,zh-MY
Expediție,远征,zh-MY
Expedíció,远征,zh-MY
Explosive Growth,爆炸式增长,zh-MY
Explosives Wachstum,爆炸式增长,zh-MY
Expédition,远征,zh-MY
Expérience à tout prix,做多,zh-MY
Extirpador,歼灭者,zh-MY
Ezreal,伊泽瑞尔,zh-MY
Ezüstkanál,出身豪门,zh-MY
Ezüsttóvári hajnal,银织黎明,zh-MY
Eğreti Zırh,临时战甲,zh-MY
Eşsiz Deneyim,出身豪门,zh-MY
Eşya Çekilişi,道具惊喜包,zh-MY
Fabbricante di bastoni,法杖工匠,zh-MY
Fabbricante di spade,铸剑工匠,zh-MY
Fabricant de baguettes,法杖工匠,zh-MY
Fabricante de Bastões,法杖工匠,zh-MY
Fabricante de Espadas,铸剑工匠,zh-MY
Fabricante de Varas,法杖工匠,zh-MY
Fabrication en série,复制,zh-MY
Fabrikneu,全新出厂,zh-MY
Faca de Statikk,史提克弹簧刀,zh-MY
Factory New,全新出厂,zh-MY
Fajín de mercurio,水银兜帽,zh-MY
Fame di denaro,贪财,zh-MY
Fantocci da crash test,碰撞测试假人,zh-MY
Fantoccificazione,木偶化,zh-MY
Fantoccio di addestramento,训练木偶,zh-MY
Fare squadra,携手合作,zh-MY
Farmando Aura,灵气农兵,zh-MY
Farmare l'aura,灵气农兵,zh-MY
Farmarea aurei,灵气农兵,zh-MY
Farmení aury,灵气农兵,zh-MY
Farmeo Áurico,灵气农兵,zh-MY
Farmienie Aury,灵气农兵,zh-MY
Fatalista,砰爆,zh-MY
Fateweaver,命运编织者,zh-MY
Favorul Sorakăi,索拉卡的增益,zh-MY
Favorul duelistului,好战者的恩赐,zh-MY
Favorul lui Ahri,阿璃的增益,zh-MY
Favorul lui Aurelion Sol,翱锐龙兽的增益,zh-MY
Favorul lui Ekko,艾克的增益,zh-MY
Favorul lui Evelynn,伊芙琳的增益,zh-MY
Favorul lui Kayle,凯尔的增益,zh-MY
Favorul lui Thresh,瑟雷西的增益,zh-MY
Favorul lui Varus,法洛士的增益,zh-MY
Favorul lui Yasuo,犽宿的增益,zh-MY
Favorul resurecției,复活的恩赐,zh-MY
Fedakârlığın Erdemi,烈士之德,zh-MY
Fedezeti alap,对冲基金,zh-MY
Feed the Flames,煽风点火,zh-MY
Feeling Lucky,觉得自己幸运吗,zh-MY
Felaket Mücevheri,枯萎宝石,zh-MY
Felemelkedés,飞升,zh-MY
Feleslegesen nagy pálca,巨型魔棒,zh-MY
Felfelé a ranglétrán I.,冲榜战士,zh-MY
Felfelé irányuló mobilitás,上进心,zh-MY
Felie de viață,生活片段,zh-MY
Felinarul lui Thresh,瑟雷西的灯笼,zh-MY
Festa de Aniversário,生日团聚,zh-MY
Feu concentré,专注火焰,zh-MY
Fiera Fiestera,派对大咖,zh-MY
Fierar neobosit,活火炉,zh-MY
Fila em Dupla,双排,zh-MY
Filo de la Muerte,死神之刃,zh-MY
Filo de la Noche,夜色缘界,zh-MY
Filo de la noche,夜色缘界,zh-MY
Filo del Infinito,无尽之刃,zh-MY
Filo infinito,无尽之刃,zh-MY
Filo mortal,死神之刃,zh-MY
Filofugaz,烁刃,zh-MY
Fin de partie,后期成长,zh-MY
Final del ingenio,智慧末刃,zh-MY
Finanziamento,高级贷款,zh-MY
Find Your Center,C位觉悟,zh-MY
Finde deine Mitte,C位觉悟,zh-MY
Fine della notte,夜色缘界,zh-MY
Fiora,菲欧拉,zh-MY
Firesale,火热促销,zh-MY
Fishbones,恶鲨火箭,zh-MY
Fiumi di lacrime,泪流成河,zh-MY
Fiumi di lacrime,泪流不止,zh-MY
Fizz,飞斯,zh-MY
Flambant neuf,全新出厂,zh-MY
Flessibilità,灵活变通,zh-MY
Flexibel,灵活变通,zh-MY
Flexibilita,灵活变通,zh-MY
Flexibilitate,灵活变通,zh-MY
Flexible,灵活变通,zh-MY
Flexível,灵活变通,zh-MY
Flickerblade,烁刃,zh-MY
Flickerblades,烁刃,zh-MY
Fließende Tränen,泪流不止,zh-MY
Flimmerklingen,烁刃,zh-MY
Flowing Tears,泪流不止,zh-MY
Fluch des Lichs,巫妖之祸,zh-MY
Fléau de liche,巫妖之祸,zh-MY
Fléau vengeur,打手连枷,zh-MY
Flügelstab,炽天使之杖,zh-MY
Foc concentrat,专注火焰,zh-MY
Focalizarea orizontului,视界专注,zh-MY
Foco do Horizonte,视界专注,zh-MY
Focused Fire,专注火焰,zh-MY
Fogo Concentrado,专注火焰,zh-MY
Fokozott erő,增幅之力,zh-MY
Fokussiertes Feuer,专注火焰,zh-MY
Folyamatos idézés,永续召唤,zh-MY
Fond de investiții,对冲基金,zh-MY
Fondamenta di prima linea,前排地基,zh-MY
Fondation de première ligne,前排地基,zh-MY
Fondo con intereses,对冲基金,zh-MY
Fondo de inversión,对冲基金,zh-MY
Fondo speculativo,对冲基金,zh-MY
Forbidden Idol,禁忌之像,zh-MY
Forge a Friend,锻造一个朋友,zh-MY
Forge divine,神化锻炉,zh-MY
Forge portative,携带型打铁铺,zh-MY
Forge à retardement,潜心锻造,zh-MY
Forged in Strength,力炼之躯,zh-MY
Forgeron ambulant,活火炉,zh-MY
Forgia apoteotica,神化锻炉,zh-MY
Forgia incarnata,活火炉,zh-MY
Forgia nascosta,潜心锻造,zh-MY
Forgia portatile,携带型打铁铺,zh-MY
Forgia un amico,锻造一个朋友,zh-MY
Forgiato nella forza,力炼之躯,zh-MY
Forja Apoteósica,神化锻炉,zh-MY
Forja Apoteótica,神化锻炉,zh-MY
Forja Latente,潜心锻造,zh-MY
Forja Portátil,携带型打铁铺,zh-MY
Forja Viva,活火炉,zh-MY
Forja Viviente,活火炉,zh-MY
Forja apoteósica,神化锻炉,zh-MY
Forja de amigos,锻造一个朋友,zh-MY
Forja de espadas,铸剑工匠,zh-MY
Forja de varas,法杖工匠,zh-MY
Forja forjada,精心打造,zh-MY
Forja latente,潜心锻造,zh-MY
Forja na Força,力炼之躯,zh-MY
Forja portátil,携带型打铁铺,zh-MY
Forja reîncărcărilor,精心打造,zh-MY
Forja viviente,活火炉,zh-MY
Forjado a la fuerza,力炼之躯,zh-MY
Forjado en la Fortaleza,力炼之躯,zh-MY
Forje uma Amizade,锻造一个朋友,zh-MY
Forjă apoteotică,神化锻炉,zh-MY
Forjă latentă,潜心锻造,zh-MY
Forjă portabilă,携带型打铁铺,zh-MY
Forma equipo,携手合作,zh-MY
Formation de Garde du corps,保镖训练,zh-MY
Formazione,排兵布阵,zh-MY
Fortwährende Beschwörung,永续召唤,zh-MY
Forward Thinking,远见卓识,zh-MY
Forțe proaspete,回春,zh-MY
Fragmento de Vida,生活片段,zh-MY
Frammento d'infinito,无尽之刃,zh-MY
Francotirador,狙击专家,zh-MY
Frigideira,平底锅,zh-MY
Frontkämpfer,先锋战士,zh-MY
Frontkämpfer-Emblem,先锋战士徽章,zh-MY
Frontline Foundation,前排地基,zh-MY
Frontlinien-Fundament,前排地基,zh-MY
Frying Pan,平底锅,zh-MY
Frângător al timpului,破时者,zh-MY
Frühe Erkenntnisse,早期教育,zh-MY
Fuego Concentrado,专注火焰,zh-MY
Fuego concentrado,专注火焰,zh-MY
Fuerte pero frágil,玻璃大炮,zh-MY
Fuerte y Enorme,巨人之力,zh-MY
Fuerzas renovadas,回春,zh-MY
Fulcro del commercio,商业核心,zh-MY
Fundação da Linha de Frente,前排地基,zh-MY
Fundo de Garantia,对冲基金,zh-MY
Fundusz Inwestycyjny,对冲基金,zh-MY
Fuoco concentrato,专注火焰,zh-MY
Fureur du kraken,海妖之怒,zh-MY
Furia Krakena,海妖之怒,zh-MY
Furia del Kraken,海妖之怒,zh-MY
Furia del kraken,海妖之怒,zh-MY
Furia di Guinsoo,鬼索的狂暴之刃,zh-MY
Furia krakenului,海妖之怒,zh-MY
Furtarello,小偷小摸,zh-MY
Furtivo,叛道者,zh-MY
Furto,小偷小摸,zh-MY
Furto di componenti,组件劫案,zh-MY
Furtuna lui Luden,卢登骤雨,zh-MY
Fäustlinge,手套,zh-MY
Félholt csapás,巫妖之祸,zh-MY
Félvezető,半导体,zh-MY
Fényőrző címer,光盾之纹,zh-MY
Fókusz,导能者,zh-MY
Fókusz mód,导能者模式,zh-MY
Fúria do Cráquem,海妖之怒,zh-MY
"FĂRĂ ANALIZĂ, FĂRĂ SCHIMBĂRI",不侦察，不变阵,zh-MY
Făurit prin putere,力炼之躯,zh-MY
Gabardina Sospechosa,可疑风衣,zh-MY
Gabardina sospechosa,可疑风衣,zh-MY
Gage de Sterak,史特拉克手套,zh-MY
Gagnant-gagnant,刻苦钻研,zh-MY
Galaksi Avcısı,银河猎手,zh-MY
Galaktický lovec,银河猎手,zh-MY
Galaktischer Jäger,银河猎手,zh-MY
Galaktyczni Łowcy,银河猎手,zh-MY
Galaxisvadász,银河猎手,zh-MY
Galaxy Hunter,银河猎手,zh-MY
Gambit Urfa,阿福式开局,zh-MY
Gambit d'Urf,阿福式开局,zh-MY
Gambito de Urf,阿福式开局,zh-MY
Gantelet du Néant,虚空手套,zh-MY
Gantelet précieux,宝石手套,zh-MY
Gants d'entraînement,格斗手套,zh-MY
Gants de voleur,窃贼手套,zh-MY
Gants porte-bonheur,好运手套,zh-MY
Gants à gogo,暴击式成功,zh-MY
Gardienii gemeni,双子守护者,zh-MY
Gardiens jumeaux,双子守护者,zh-MY
Gargoyl Taşzırhı,石像鬼盘核,zh-MY
Gargoyle Stoneplate,石像鬼盘核,zh-MY
Garra de Dragón,龙之爪,zh-MY
Garra de dragón,龙之爪,zh-MY
Garra de merodeador,潜行者之爪,zh-MY
Garra del Merodeador,潜行者之爪,zh-MY
Garra do Dragão,龙之爪,zh-MY
Garra do Espreitador,潜行者之爪,zh-MY
Gasto con cabeza,精打细算,zh-MY
Gauner,私房钱,zh-MY
Gebieter,裁决者,zh-MY
Gebieter-Emblem,裁决者徽章,zh-MY
Geburtstags-Wiedervereinigung,生日团聚,zh-MY
Geburtstagsgeschenk,生日礼物,zh-MY
Gecenin Kıyısı,夜色缘界,zh-MY
Geduld ist eine Tugend,忍耐是美德,zh-MY
Geeinter Halt,并肩作战,zh-MY
Gefälligkeit des Schrotthändlers,好战者的恩赐,zh-MY
Gegenstand-Wundertüte,道具惊喜包,zh-MY
Geist der Erlösung,救赎之灵,zh-MY
Geistessicht,振奋盔甲,zh-MY
Geld fürs Mittagessen,午餐钱,zh-MY
Geldgierig,贪财,zh-MY
Geldmonsun,财源滚滚,zh-MY
Gelişmiş Güç,增幅之力,zh-MY
Gelungenes Comeback,逆袭之路,zh-MY
Gespiegelte Persona,镜影化身,zh-MY
Gheara dragonului,龙之爪,zh-MY
Gheara lui Sterak,史特拉克手套,zh-MY
Gheara prădătorului,潜行者之爪,zh-MY
Giant Slayer,巨人杀手,zh-MY
Giant and Mighty,巨人之力,zh-MY
Giant's Belt,巨人腰带,zh-MY
Gigante e Poderoso,巨人之力,zh-MY
Gigantes y fuertes,巨人之力,zh-MY
Gilded Steel,镀金钢铁,zh-MY
Gioco di lama di Yasuo,犽宿的剑术,zh-MY
Gioiello della rovina,枯萎宝石,zh-MY
Giuvaier blestemat,枯萎宝石,zh-MY
Gizemli Trençkot,可疑风衣,zh-MY
Giáp Lưới,锁子甲,zh-MY
Giáp Máu Warmog,好战者铠甲,zh-MY
Giáp Tay Seeker,探索者护腕,zh-MY
Giáp Tâm Linh,振奋盔甲,zh-MY
Giáp Tự Chế,临时战甲,zh-MY
Giáp Vai Nguyệt Thần,均等法衣,zh-MY
Giù come birilli,滚起优势,zh-MY
Giọt Lệ Bi Ai,泪流成河,zh-MY
Giữ Vững Hàng Ngũ,坚守前线,zh-MY
Glaives à gogo,杀出血路,zh-MY
Glaskanone,玻璃大炮,zh-MY
Glass Cannon,玻璃大炮,zh-MY
Glückshandschuhe,好运手套,zh-MY
Gnar,呐儿,zh-MY
Goana după bani,贪财,zh-MY
God-Blessed,神之祝福,zh-MY
Going Long,做多,zh-MY
Golden Gamble,黄金豪赌,zh-MY
Goldenes Glücksspiel,黄金豪赌,zh-MY
Golem,魔像,zh-MY
Golpetazos,砰地重击,zh-MY
Good For Something,派上用场,zh-MY
Gotowy Komplet,最强构筑,zh-MY
Gottgesegnet,神之祝福,zh-MY
Grabież,小偷小摸,zh-MY
Gracia de Ahri,阿璃的增益,zh-MY
Gracia de Aurelion Sol,翱锐龙兽的增益,zh-MY
Gracia de Ekko,艾克的增益,zh-MY
Gracia de Evelynn,伊芙琳的增益,zh-MY
Gracia de Kayle,凯尔的增益,zh-MY
Gracia de Soraka,索拉卡的增益,zh-MY
Gracia de Thresh,瑟雷西的增益,zh-MY
Gracia de Varus,法洛士的增益,zh-MY
Gracia de Yasuo,犽宿的增益,zh-MY
Gracia de resurrección,复活的恩赐,zh-MY
Gragas,古拉格斯,zh-MY
Gran Compromiso,全力以赴,zh-MY
Grandalhão,尺有所短、寸有所长,zh-MY
Grande e possente,巨人之力,zh-MY
Grandeur et démesure,巨人之力,zh-MY
Graves,葛雷夫,zh-MY
Gredin,私房钱,zh-MY
Griffe de dragon,龙之爪,zh-MY
Griffes du rôdeur,潜行者之爪,zh-MY
Group Hug,集体拥抱I,zh-MY
Groß und mächtig,巨人之力,zh-MY
Große Wundertüte,大型惊喜包,zh-MY
Groźniejsze Ostrza,致命利刃,zh-MY
Gruboskórność Steraka,史特拉克手套,zh-MY
Grup Kucaklaşması,集体拥抱I,zh-MY
Grupowy Przytulas,集体拥抱I,zh-MY
Gruppenumarmung,集体拥抱I,zh-MY
Gräte,恶鲨火箭,zh-MY
Größe ist alles,尺有所短、寸有所长,zh-MY
Guantelete Deslumbrante,宝石手套,zh-MY
Guantelete de Sterak,史特拉克手套,zh-MY
Guantelete del Vacío,虚空手套,zh-MY
Guantelete enjoyado,宝石手套,zh-MY
Guantes de Combate,格斗手套,zh-MY
Guantes de Ladrón,窃贼手套,zh-MY
Guantes de combate,格斗手套,zh-MY
Guantes de la Suerte,好运手套,zh-MY
Guantes de la suerte,好运手套,zh-MY
Guantes de ladrón,窃贼手套,zh-MY
Guanti del ladro,窃贼手套,zh-MY
Guanti fortunati,好运手套,zh-MY
Guanto del Vuoto,虚空手套,zh-MY
Guanto ingioiellato,宝石手套,zh-MY
Guantoni,格斗手套,zh-MY
Guardabrazo del Buscador,探索者护腕,zh-MY
Guardia de la Corona,冕卫,zh-MY
Guardianes Gemelos,双子守护者,zh-MY
Guardianes gemelos,双子守护者,zh-MY
Guardiani gemelli,双子守护者,zh-MY
Guardiões Gêmeos,双子守护者,zh-MY
Guarida del Barón,巴龙幻域,zh-MY
Guinsoo dühpengéje,鬼索的狂暴之刃,zh-MY
Guinsoo'nun Hiddeti,鬼索的狂暴之刃,zh-MY
Guinsoo's Rageblade,鬼索的狂暴之刃,zh-MY
Guinsoos Wutklinge,鬼索的狂暴之刃,zh-MY
Guinsoova zuřivá čepel,鬼索的狂暴之刃,zh-MY
Gume do Infinito,无尽之刃,zh-MY
Gun Goddess,重枪女武神,zh-MY
Gustări dulci,甜点,zh-MY
Gwałtowny Wzrost,爆炸式增长,zh-MY
Gwen,关,zh-MY
Gwiezdna Kombinacja,星光连击,zh-MY
Gyakorlófigura,训练木偶,zh-MY
Gyanús ballonkabát,可疑风衣,zh-MY
Gyors kettős gyilkosság,疾速双杀,zh-MY
Gyorstüzelő ágyú,冲击火炮,zh-MY
Gyári új,全新出厂,zh-MY
Gyógyító gömbök I.,治疗法球,zh-MY
Gói Bảo Hộ,爱心包裹,zh-MY
Gói Tăng Cường,拓展包,zh-MY
Gói Đăng Ký Hạng Sang,奢华订阅,zh-MY
Gólem,魔像,zh-MY
Gökten Yağan Altın,财源滚滚,zh-MY
Gölge Kukla,暗影傀儡,zh-MY
Gömülü Hazineler,埋藏的宝物,zh-MY
Göttlicher Duellant,仙灵斗士,zh-MY
Gözyaşları Sel,泪流成河,zh-MY
Gözü Yükseklerde,做多,zh-MY
Gümüşgöl Şafağı,银织黎明,zh-MY
Günateşi Pelerini,日炎斗篷,zh-MY
Günateşi Tahtası,日炎燎原,zh-MY
Gürtel des Riesen,巨人腰带,zh-MY
Gürtel im Überfluss,腰带过载,zh-MY
Gürzün Dileği,重锤之志,zh-MY
Güç Kadehi,力量圣杯,zh-MY
Güçle İşlenmiş,力炼之躯,zh-MY
Güçlü Ama Kırılgan,玻璃大炮,zh-MY
Güçlü Arkadaşlık,锻造一个朋友,zh-MY
Güçlü Şapkalar,致命帽子,zh-MY
Găng Bảo Thạch,宝石手套,zh-MY
Găng Hư Không,虚空手套,zh-MY
Găng Đạo Tặc,窃贼手套,zh-MY
Găng Đấu Sĩ,手套,zh-MY
Găng Đấu Tập,格斗手套,zh-MY
Găsește-ți centrul de putere,C位觉悟,zh-MY
Gươm Biến Ảnh,鬼使弯刀,zh-MY
Gậy Quá Khổ,巨型魔棒,zh-MY
Hacha de Fuego Infernal,狱火战斧,zh-MY
Hacha infernal,狱火战斧,zh-MY
Hachette infernale,狱火战斧,zh-MY
Haciendo Amistades,锻造一个朋友,zh-MY
Hadiösvény,刃马合一,zh-MY
Hadúri dicsőség,战神的荣耀,zh-MY
Hai il mio arco,我弓于你手,zh-MY
Hai odată,一击即中,zh-MY
Hajnalmag,曙光核心,zh-MY
Halbleiter,半导体,zh-MY
Halla tu Centro,C位觉悟,zh-MY
Halszálka,恶鲨火箭,zh-MY
Halálosabb pengék,致命利刃,zh-MY
Halálosabb süvegek,致命帽子,zh-MY
Halálpenge,死神之刃,zh-MY
Hand Of Justice,正义手套,zh-MY
Hand der Gerechtigkeit,正义手套,zh-MY
Handelssektor,贸易大亨,zh-MY
Handschuhe des Diebs,窃贼手套,zh-MY
Hang Ổ Baron,巴龙幻域,zh-MY
Hanger fantomatic,鬼使弯刀,zh-MY
Hard Commit,全力以赴,zh-MY
Hatalmas sorsolás,史诗重骰,zh-MY
Hatalmas és erős,巨人之力,zh-MY
Határtalan penge,无尽之刃,zh-MY
Haute tension,高压电流,zh-MY
Hayat Deneyimi,刻苦钻研,zh-MY
Hayattan Bir Kesit,生活片段,zh-MY
Hazine Avı,寻宝之旅,zh-MY
Haşmetli Hydra,泰坦九头蛇,zh-MY
Haşmetli Macera,至尊探险,zh-MY
Healing Orbs,治疗法球,zh-MY
Heart of Steel,钢铁之心,zh-MY
Heavy Is the Crown,王冠之重,zh-MY
Hecho a medida,专属定制,zh-MY
Hedef Kuklası,训练木偶,zh-MY
Hedefe Kilitlenen Optik,目标锁定光学仪,zh-MY
Hedge Fund,对冲基金,zh-MY
Heilende Echos,疗愈回响,zh-MY
Heilende Kugeln,治疗法球,zh-MY
Heldenhafte Wundertüte,英勇惊喜包,zh-MY
Hellfire Hatchet,狱火战斧,zh-MY
Hemos venido a jugar,一着险棋,zh-MY
Heraldo de Zeke,锡柯的号角,zh-MY
Heraldo de las Tinieblas de Zeke,锡柯的悲鸣号角,zh-MY
Heraldo desolador de Zeke,锡柯的悲鸣号角,zh-MY
Herausforderer,挑战者,zh-MY
Herausforderer-Emblem,挑战者徽章,zh-MY
Herausforderer-Modus,挑战者模式,zh-MY
Herb Dynastii Promiennej Tarczy,光盾之纹,zh-MY
Herkesin Katili,无差别杀手,zh-MY
Heroic Grab Bag,英勇惊喜包,zh-MY
Heroiczna Torba z Różnościami,英勇惊喜包,zh-MY
Herold Zeke'a,锡柯的号角,zh-MY
Herz aus Stahl,钢铁之心,zh-MY
Heul doch …,泪流成河,zh-MY
Hex Dorado de Yasuo,犽宿的黄金格子,zh-MY
Hexagone doré de Yasuo,犽宿的黄金格子,zh-MY
Hexagonul auriu al lui Yasuo,犽宿的黄金格子,zh-MY
Hextech Gunblade,海克斯科技枪刃,zh-MY
Hextech Silahkılıç,海克斯科技枪刃,zh-MY
Hextech lőpenge,海克斯科技枪刃,zh-MY
Hextech-Gunblade,海克斯科技枪刃,zh-MY
Hexágono dorado de Yasuo,犽宿的黄金格子,zh-MY
Hidra Titánica,泰坦九头蛇,zh-MY
Hidra Titânica,泰坦九头蛇,zh-MY
Hidra titanilor,泰坦九头蛇,zh-MY
Hidra titánica,泰坦九头蛇,zh-MY
Higany,水银兜帽,zh-MY
High Voltage,高压电流,zh-MY
Hilfspaket,爱心包裹,zh-MY
Hirte,牧魂人,zh-MY
Hirte-Emblem,牧魂人徽章,zh-MY
Historia Powrotu do Chwały,逆袭之路,zh-MY
Hivatásos bokszoló,赏金战士,zh-MY
Hiçlik Değneği,虚空之杖,zh-MY
Hiçlik Eldiveni,虚空手套,zh-MY
Hiện Thân Phản Chiếu,镜影化身,zh-MY
Hiện Thân Phản Chiếu Cỡ Nhỏ,次级镜影化身,zh-MY
Hochspannung,高压电流,zh-MY
Hoja de furia de Guinsoo,鬼索的狂暴之刃,zh-MY
Hoja maldita,诅咒之刃,zh-MY
Hojas más letales,致命利刃,zh-MY
Hold the Line,坚守前线,zh-MY
Holofote Compartilhado do Yasuo,犽宿的共享光采,zh-MY
Honneur du Maître de guerre,战神的荣耀,zh-MY
Honor Watażki,战神的荣耀,zh-MY
Honor de señor de la guerra,战神的荣耀,zh-MY
Honor del Caudillo,战神的荣耀,zh-MY
Honra do Mestre da Guerra,战神的荣耀,zh-MY
Hordozható kohó,携带型打铁铺,zh-MY
Horizon Focus,视界专注,zh-MY
Horizont,视界专注,zh-MY
Horizontfokus,视界专注,zh-MY
Hortlak Palası,鬼使弯刀,zh-MY
Hosszú távú befektetés,做多,zh-MY
Hrdinská dárková taška,英勇惊喜包,zh-MY
Hurdacının Lütfu,好战者的恩赐,zh-MY
Hurto,小偷小摸,zh-MY
Hustler,私房钱,zh-MY
Huy Hiệu Lightshield,光盾之纹,zh-MY
Huyết Giá,血的代价,zh-MY
Huyết Kiếm,嗜血者,zh-MY
Huyết Trượng Tha Hóa,腐败吸血鬼权杖,zh-MY
Huyết Tế,血祭,zh-MY
Huấn Luyện Cận Vệ,保镖训练,zh-MY
Hvězdná obnova,滚起优势,zh-MY
Hvězdné kombo,星光连击,zh-MY
Hvězdopravec,观星者,zh-MY
Hydre titanesque,泰坦九头蛇,zh-MY
Hàng Chờ Pandora,潘多拉的备战区,zh-MY
Hàng Chờ Đấu Đôi,双排,zh-MY
Hành Tinh,太空律动,zh-MY
Hào Quang Của Ahri,阿璃的灵气,zh-MY
Hào Quang Nhân Vật Chính,主角威能,zh-MY
Hármak légiója,三费军团,zh-MY
Hármas kombó I.,三重奏,zh-MY
Hátsó vonal tervrajza,后排蓝图,zh-MY
Hâkim,裁决者,zh-MY
Hâkim Amblemi,裁决者徽章,zh-MY
Hình Nhân,训练木偶,zh-MY
Hình Nhân Hóa,木偶化,zh-MY
Hình Nộm Va Chạm,碰撞测试假人,zh-MY
Hút Sinh Lực,吸血活力I,zh-MY
Hücum Gürzü,打手连枷,zh-MY
Hükümdarın Seçimi,神之祝福,zh-MY
Hırsız Eldiveni,窃贼手套,zh-MY
Hırsız Çetesi,神偷军团,zh-MY
Hırsız Çetesi II,神偷军团 II,zh-MY
Hızlı Başlangıç,快速入门,zh-MY
Hızlı Yükseliş,最后赢家,zh-MY
Hızlı İkide İki,疾速双杀,zh-MY
Hősies zsákbamacska,英勇惊喜包,zh-MY
Hůl Prázdnoty,虚空之杖,zh-MY
Hướng Đến Hồi Kết,专打后期,zh-MY
Hưởng Ké Hào Quang Yasuo,犽宿的共享光采,zh-MY
Hạ Đo Ván,砰地重击,zh-MY
Hắc Tinh,幽冥煞星,zh-MY
Hố Đen Tí Hon,迷你黑洞,zh-MY
Hủy Diệt,歼灭者,zh-MY
Ia arcul meu,我弓于你手,zh-MY
Idol interzis,禁忌之像,zh-MY
Idole interdite,禁忌之像,zh-MY
Idolo proibito,禁忌之像,zh-MY
Idra titanica,泰坦九头蛇,zh-MY
Időtörő,破时者,zh-MY
Időtörő embléma,破时者徽章,zh-MY
Ikerőrzők,双子守护者,zh-MY
Il Drago dorato,金龙降世,zh-MY
Il massimo con il minimo,极限拉满,zh-MY
Il potente Mech,强大机甲,zh-MY
Illaoi,伊罗旖,zh-MY
Iluminare parțială,部分飞升,zh-MY
Immer höher hinauf,冲榜战士,zh-MY
Impermeabile sospetto,可疑风衣,zh-MY
Impianti cibernetici,仿生植入物,zh-MY
Impianto empatico,共感植入,zh-MY
Implant Współczulny,共感植入,zh-MY
Implant cybernétique,共感植入,zh-MY
Implant empatic,共感植入,zh-MY
Implante Simpático,共感植入,zh-MY
Implante Solidário,共感植入,zh-MY
Implante simpático,共感植入,zh-MY
Implantes Cibernéticos,仿生植入物,zh-MY
Implantes cibernéticos,仿生植入物,zh-MY
Implants cybernétiques,仿生植入物,zh-MY
Implanturi cibernetice,仿生植入物,zh-MY
Implanty Cybernetyczne,仿生植入物,zh-MY
Impossível Recusar,一击即中,zh-MY
Improvisierte Rüstung,临时战甲,zh-MY
Improwizowana Zbroja,临时战甲,zh-MY
Impuesto Cognitivo,认知税,zh-MY
Impuesto cognitivo,认知税,zh-MY
In quattro e quattr'otto,增援部队,zh-MY
Inactividad,强制中离,zh-MY
Inadaptados,叛逆者,zh-MY
Inadaptați,叛逆者,zh-MY
Inaktivitás,强制中离,zh-MY
Incantație continuă,永续召唤,zh-MY
Indiscriminate Killer,无差别杀手,zh-MY
Indomable,不屈,zh-MY
Indomável,不屈,zh-MY
Infinity Edge,无尽之刃,zh-MY
Infinity Protection,无尽守护,zh-MY
Inicio Veloz,快速入门,zh-MY
Inimă de oțel,钢铁之心,zh-MY
Initiateur,先锋战士,zh-MY
Innervating Locket,支配宝匣,zh-MY
Instinct d'Evelynn,伊芙琳的本能,zh-MY
Instinctul lui Evelynn,伊芙琳的本能,zh-MY
Instinto de Evelynn,伊芙琳的本能,zh-MY
Instynkt Evelynn,伊芙琳的本能,zh-MY
Insígnia do Lumescudo,光盾之纹,zh-MY
Intermediar,导能者,zh-MY
Invadatorul Zed,入侵者 劫,zh-MY
Invader Zed,入侵者 劫,zh-MY
Invasión de Zed,入侵者 劫,zh-MY
Invasor Zed,入侵者 劫,zh-MY
Inversión,投资,zh-MY
Invested,投资,zh-MY
Investice,投资,zh-MY
Investiert,投资,zh-MY
Investimento,投资,zh-MY
Investissement,投资,zh-MY
Investissement sur le futur,远见卓识,zh-MY
Investitura,投资,zh-MY
Investiční fond,对冲基金,zh-MY
Investiție,投资,zh-MY
Inwestycja,做多,zh-MY
Início Rápido,快速入门,zh-MY
Ionic Spark,爱欧尼亚星火,zh-MY
Ionischer Funke,爱欧尼亚星火,zh-MY
Ionos szikra,爱欧尼亚星火,zh-MY
Iontová jiskra,爱欧尼亚星火,zh-MY
Iron Assets,钢铁资产,zh-MY
Isteni párbajhős,仙灵斗士,zh-MY
Istennő könnycseppje,女神之泪,zh-MY
Istenáldotta,神之祝福,zh-MY
Istinto di Evelynn,伊芙琳的本能,zh-MY
Item Grab Bag,道具惊喜包,zh-MY
Itens de Pandora,潘多拉的道具,zh-MY
Iubire nezdruncinată,坚毅之心,zh-MY
Işıltılı Serseri,圣光捣蛋鬼,zh-MY
JEDU SI TO SVOJE,不侦察，不变阵,zh-MY
Ja Gram Solo,我独自升级,zh-MY
Jaf,小偷小摸,zh-MY
Jaful componentelor,组件劫案,zh-MY
Jakim Kosztem,代价是什么,zh-MY
Jax,贾克斯,zh-MY
Jaximus,伸手摘群星,zh-MY
"Jeden buff, dva buffy",一个增益，两个增益,zh-MY
"Jedna, dva, tři",一二三,zh-MY
Jeu de patience,忍耐是美德,zh-MY
Jeweled Gauntlet,宝石手套,zh-MY
Jeweled Lotus,珠光莲花,zh-MY
Jhin,烬,zh-MY
Jinx,吉茵珂丝,zh-MY
Jogada Levemente Mágica,轻魔重骰,zh-MY
Jogada Mágica,魔法骰子,zh-MY
Jogada de Urf,阿福式开局,zh-MY
Joia da Ruína,枯萎宝石,zh-MY
Jonowa Iskra,爱欧尼亚星火,zh-MY
Jour de relance,转不停,zh-MY
Joya Maldita,枯萎宝石,zh-MY
Joya de la plaga,枯萎宝石,zh-MY
Joyau putréfiant,枯萎宝石,zh-MY
Jugadas arriesgadas,一着险棋,zh-MY
Juge stellaire,裁决者,zh-MY
Juguito de Gorrito,卡帕果汁,zh-MY
Juramento del Protector,保卫者之誓,zh-MY
Juramento do Cavaleiro,骑士誓愿,zh-MY
Juramento do Protetor,保卫者之誓,zh-MY
Jurământul protectorului,保卫者之誓,zh-MY
Jus chapi-chapo,卡帕果汁,zh-MY
Just Hit,一击即中,zh-MY
Justice critique,复仇,zh-MY
Juwelenbesetzter Handschuh,宝石手套,zh-MY
Juwelenbesetzter Lotus,珠光莲花,zh-MY
Jádro obchodu,商业核心,zh-MY
Jádro úsvitu,曙光核心,zh-MY
Jó sorozat,滚起优势,zh-MY
Jóbarát rendelésre,芽苞初放,zh-MY
Jós,先知,zh-MY
Jótékony visszhang,疗愈回响,zh-MY
K. N. kard,暴风大剑,zh-MY
K. V. meč,暴风大剑,zh-MY
K.W. Miecz,暴风大剑,zh-MY
"KEIN UMSEHEN, KEIN WECHSELN",不侦察，不变阵,zh-MY
Kaderbaz,命运编织者,zh-MY
Kahraman Çekilişi,英勇惊喜包,zh-MY
Kahuna,卡胡纳胡纳,zh-MY
Kahunahuna,卡胡纳胡纳,zh-MY
Kai'Sa,凯莎,zh-MY
Kamekameha,卡胡纳胡纳,zh-MY
Kamienna Płyta Gargulca,石像鬼盘核,zh-MY
Kamizelka Cierniowa,刺藤胸甲,zh-MY
Kamizelka Kolcza,锁子甲,zh-MY
Kampfhandschuhe,格斗手套,zh-MY
Kan Adağı,血祭,zh-MY
Kan Bedeli,血的代价,zh-MY
Kanalisierer,导能者,zh-MY
Kanalisierermodus,导能者模式,zh-MY
Kanasusamış,嗜血者,zh-MY
Kanciarz,私房钱,zh-MY
Kanoucí slzy,泪流不止,zh-MY
Kapelusze Zabójcze jak Nigdy,致命帽子,zh-MY
Karanlık Leydi,暗黑女士,zh-MY
Kararlı Yürek,坚毅之心,zh-MY
Karayel,西风匕首,zh-MY
Kardkovács,铸剑工匠,zh-MY
Kardszállítmány,大剑过载,zh-MY
Karma,卡玛,zh-MY
Kayle felmagasztosulása,凯尔的升腾,zh-MY
Kayle ragyogó felmagasztosulása,凯尔的圣光升腾,zh-MY
Kayle áldása,凯尔的增益,zh-MY
Kayle's Boon,凯尔的增益,zh-MY
Kayle's Exaltation,凯尔的升腾,zh-MY
Kayle's Radiant Exaltation,凯尔的圣光升腾,zh-MY
Kayle'ın Işıltılı Yüceliği,凯尔的圣光升腾,zh-MY
Kayle'ın Lütfu,凯尔的增益,zh-MY
Kayle'ın Yüceliği,凯尔的升腾,zh-MY
Kayles Hochgefühl,凯尔的升腾,zh-MY
Kayles Segen,凯尔的增益,zh-MY
Kayles strahlendes Hochgefühl,凯尔的圣光升腾,zh-MY
Kaylin dar,凯尔的增益,zh-MY
Kaylino povznesení,凯尔的升腾,zh-MY
Kaylino zářivé povznesení,凯尔的圣光升腾,zh-MY
Kaz Gelecek Yerden...,一着险棋,zh-MY
Kedi Olalı Bir Fare,派上用场,zh-MY
Kedvez a szerencse,觉得自己幸运吗,zh-MY
Kefaret Ruhu,救赎之灵,zh-MY
Kelch der Macht,力量圣杯,zh-MY
Kemer Fazlalığı,腰带过载,zh-MY
Kereskedelmi központ,商业核心,zh-MY
Keresők karvértje,探索者护腕,zh-MY
Keskin Nişancı,狙击专家,zh-MY
Keskin Nişancı Amblemi,狙击专家徽章,zh-MY
Kettenweste,锁子甲,zh-MY
Keşif Gezisi,远征,zh-MY
Khiên Hoàng Hôn,暮夜之盾,zh-MY
Khiên Hừng Đông,黎明之盾,zh-MY
Khiên Đơn Đấu,孤身铁铠,zh-MY
Kho Báu Chôn Giấu,埋藏的宝物,zh-MY
Kho Báu Sắt,钢铁资产,zh-MY
Khu Giao Dịch,贸易大亨,zh-MY
Khuyến Mãi Kinh Nghiệm,升级！,zh-MY
Khéo Tay Hay Làm,精心打造,zh-MY
Khảm Bảo Thạch,珠光莲花,zh-MY
Khế Ước Vĩnh Hằng,永恒契约,zh-MY
Khổng Lồ Hóa,小小大英雄,zh-MY
Khổng Lồ Tí Hon,小小泰坦,zh-MY
Khởi Động Nhanh,快速入门,zh-MY
Kibernetikus fellövő,仿生上行链,zh-MY
Kibernetikus implantátumok,仿生植入物,zh-MY
Kick Start,快速入门,zh-MY
Kickstart,快速入门,zh-MY
"Kicsi, de halálos",小巧但致命,zh-MY
Kihívó,挑战者,zh-MY
Kihívó embléma,挑战者徽章,zh-MY
Kihívó mód,挑战者模式,zh-MY
Kiirtó,歼灭者,zh-MY
Kim Long,金龙降世,zh-MY
Kimaxolt összeállítás,最强构筑,zh-MY
Kincsvadászat,寻宝之旅,zh-MY
Kindred,镜爪,zh-MY
Kiralık Katil,雇佣杀手,zh-MY
Kis zsákbamacska,小型惊喜包,zh-MY
Kiên Nhẫn Của Ekko,艾克的耐心,zh-MY
Kiên Nhẫn Học Tập,刻苦钻研,zh-MY
Kiên Nhẫn Là Một Đức Tính,忍耐是美德,zh-MY
Kişiselleştirme Fırsatı,专属定制,zh-MY
Kiếm B.F.,暴风大剑,zh-MY
Kiếm Cong,诅咒之刃,zh-MY
Kiếm Súng Hextech,海克斯科技枪刃,zh-MY
Kiếm Tai Ương,巫妖之祸,zh-MY
Kiếm Thuật Của Yasuo,犽宿的剑术,zh-MY
Kiếm Tử Thần,致命利刃,zh-MY
Kiếm Tử Thần,死神之刃,zh-MY
Klarer Geist,思绪清晰,zh-MY
Klaue des Meuchlers,潜行者之爪,zh-MY
Kleine Freunde,小小伙伴,zh-MY
Kleine Wundertüte,小型惊喜包,zh-MY
Kleine gespiegelte Persona,次级镜影化身,zh-MY
Kleines schwarzes Loch,迷你黑洞,zh-MY
Klejnot Rozpadu,枯萎宝石,zh-MY
Klenot nákazy,枯萎宝石,zh-MY
Klinge der Unendlichkeit,无尽之刃,zh-MY
Klinge des Todes,死神之刃,zh-MY
Klonprogramm,复制,zh-MY
Kluftkrabbler,河蟹,zh-MY
Knallhart,主角威能,zh-MY
Knight's Vow,骑士誓愿,zh-MY
Kniha vlastností,特性典籍,zh-MY
Kognitive Steuer,认知税,zh-MY
Kognitive Überladung,认知超负荷,zh-MY
Kognitivní přetížení,认知超负荷,zh-MY
Kognitivní zátěž,认知税,zh-MY
Kognitív teher,认知税,zh-MY
Kognitív túlterhelés,认知超负荷,zh-MY
Kolejka Duo,双排,zh-MY
Koleżcy,小小伙伴,zh-MY
Kolosalna Hydra,泰坦九头蛇,zh-MY
Kommandant,指挥官,zh-MY
Kommerzkern,商业核心,zh-MY
Komponentenraub,组件劫案,zh-MY
Komutan,指挥官,zh-MY
Koniec Rozumu,智慧末刃,zh-MY
Konserwator Biomaterii,生物质保存剂,zh-MY
Konto Oszczędnościowe,储蓄账户,zh-MY
Konzervátor biomateriálu,生物质保存剂,zh-MY
Kopyalama Süreci,复制,zh-MY
Korai tanulságok,早期教育,zh-MY
Korbacz Napastnika,打手连枷,zh-MY
Korona Taktyka,棋手皇冠,zh-MY
Korona Zawsze Będzie Ciążyć,王冠之重,zh-MY
Koronaőr,冕卫,zh-MY
Koroze,腐蚀,zh-MY
Korozja,腐蚀,zh-MY
Korozyon,腐蚀,zh-MY
Korrosion,腐蚀,zh-MY
Korrózió,腐蚀,zh-MY
Korszak,纪年伊始,zh-MY
Koruma Eğitimi,保镖训练,zh-MY
Korunní stráž,冕卫,zh-MY
Koruyucunun Müttefiki,守望者的盟友,zh-MY
Kosa Statikka,史提克弹簧刀,zh-MY
Kosmický restart,宇宙重启,zh-MY
Kosmiczny Restart,宇宙重启,zh-MY
Kosmischer Neubeginn,宇宙重启,zh-MY
Kosmofaza,太空律动,zh-MY
Kostur Archanioła,大天使之杖,zh-MY
Kostur Pustki,虚空之杖,zh-MY
Kostur Serafina,炽天使之杖,zh-MY
Kosturnik,法杖工匠,zh-MY
Kouzelný hod,魔法骰子,zh-MY
Kovácsolj barátot,锻造一个朋友,zh-MY
Kozmik Başlangıç,宇宙重启,zh-MY
Kozmikus újraindítás,宇宙重启,zh-MY
Kraken'in Öfkesi,海妖之怒,zh-MY
Kraken's Fury,海妖之怒,zh-MY
Krakenův hněv,海妖之怒,zh-MY
Kraliyet Başlığı,冕卫,zh-MY
Krev za krev,血的代价,zh-MY
Kriegsbeil des Höllenfeuers,狱火战斧,zh-MY
Kriegspfad,刃马合一,zh-MY
Kritický úspěch,暴击式成功,zh-MY
Kritik Başarı,暴击式成功,zh-MY
Kritikus siker,暴击式成功,zh-MY
Kritischer Erfolg,暴击式成功,zh-MY
Krmení plamenů,煽风点火,zh-MY
Krone des Taktikers,棋手皇冠,zh-MY
Kronwacht,冕卫,zh-MY
Kroužková vesta,锁子甲,zh-MY
Krvavá oběť,血祭,zh-MY
Krvežíznivec,嗜血者,zh-MY
Krwiopijec,嗜血者,zh-MY
Krytyczny Sukces,暴击式成功,zh-MY
Księga Cech,特性典籍,zh-MY
Kuchnia Taktyka,棋手厨房,zh-MY
Kukiełka Cienia,暗影傀儡,zh-MY
Kukla Yağmuru!,碰撞测试假人,zh-MY
Kuklaya Dönüştür,木偶化,zh-MY
Kukła Treningowa,训练木偶,zh-MY
Kukły do Testów Wypadkowych,碰撞测试假人,zh-MY
Kule,塔楼,zh-MY
Kusursuzluk Arayışı,极限拉满,zh-MY
Kutilův dar,好战者的恩赐,zh-MY
Kybernetická linka,仿生上行链,zh-MY
Kybernetické implantáty,仿生植入物,zh-MY
Kybernetische Implantate,仿生植入物,zh-MY
Kybernetische Verbindung,仿生上行链,zh-MY
Kártyacsomag,拓展包,zh-MY
Kâhin,先知,zh-MY
Kék erősítés,蓝增益,zh-MY
Kích Cỡ Là Quan Trọng,尺有所短、寸有所长,zh-MY
Kính Khóa Mục Tiêu,目标锁定光学仪,zh-MY
Kính Nhắm Ma Pháp,视界专注,zh-MY
Könnyek patakja,泪流成河,zh-MY
Könyörtelen költség,恶意变现,zh-MY
Kötü Niyetli Kazanç,恶意变现,zh-MY
Kötü Yazılım Matrisi,恶意软件矩阵,zh-MY
Közös gyakorlás,木偶化,zh-MY
Küldetés újrakezdése,重启任务,zh-MY
Küçük Benlik Aynası,次级镜影化身,zh-MY
Kılavuz,牧魂人,zh-MY
Kılavuz Amblemi,牧魂人徽章,zh-MY
Kılçık,恶鲨火箭,zh-MY
Kılıç Fazlalığı,大剑过载,zh-MY
Kılıç İşçisi,铸剑工匠,zh-MY
Kırmızı Güçlendirme,红增益,zh-MY
Kısmen Büyülü Zar,轻魔重骰,zh-MY
Kısmi Yükseliş,部分飞升,zh-MY
Kıymetli Metaller,钢铁资产,zh-MY
Kızartma Tavası,平底锅,zh-MY
Kẻ Sống Sót,生存专家,zh-MY
Kết Nối Drone,无人机上行链路,zh-MY
Kết Nối Gián Đoạn,失去联络,zh-MY
Kề Vai Sát Cánh,我们团结一致,zh-MY
Kỳ Vọng Bất Ngờ,意料之中的意外,zh-MY
Kỷ Nguyên,纪年伊始,zh-MY
L'Albero dei tratti,特性之树,zh-MY
L'amour du risque,一着险棋,zh-MY
L'atteso inaspettato,意料之中的意外,zh-MY
L'indomabile,不屈,zh-MY
L'indomptable,不屈,zh-MY
L'onore del Signore della guerra,战神的荣耀,zh-MY
L'uovo dorato,黄金蛋,zh-MY
La Bramasangue,嗜血者,zh-MY
La Paciencia es una Virtud,忍耐是美德,zh-MY
La Sanguinaria,嗜血者,zh-MY
La Torre,塔楼,zh-MY
La Tour,塔楼,zh-MY
La cumpărături,购物狂欢,zh-MY
La espera merece la pena,值得等待,zh-MY
La fortuna te sonríe,觉得自己幸运吗,zh-MY
La legge della mazza,重锤之志,zh-MY
La paciencia es una virtud,忍耐是美德,zh-MY
La pazienza è una virtù,忍耐是美德,zh-MY
La torre,塔楼,zh-MY
La trama lo protege,主角威能,zh-MY
La unión hace la fuerza,携手合作,zh-MY
Lacrima della dea,女神之泪,zh-MY
Lacrima zeiței,女神之泪,zh-MY
Lacrimi curgătoare,泪流不止,zh-MY
Ladino,叛道者,zh-MY
Ladungstransfer,电荷转移I,zh-MY
Lama maledetta,诅咒之刃,zh-MY
Lama mortale,死神之刃,zh-MY
Lame d'infini,无尽之刃,zh-MY
Lame enragée de Guinsoo,鬼索的狂暴之刃,zh-MY
Lame funeste,死神之刃,zh-MY
Lame maudite,诅咒之刃,zh-MY
Lame più letali,致命利刃,zh-MY
Lame rotanti,烁刃,zh-MY
Lames tueuses,致命利刃,zh-MY
Lance de Shojin,精进之矛,zh-MY
Lancea lui Shojin,精进之矛,zh-MY
Lancer de dés,意料之中的意外,zh-MY
Lancia di Shojin,精进之矛,zh-MY
Lanetli Kılıç,诅咒之刃,zh-MY
Lanetli Taç,诅咒之冠,zh-MY
Lanterna di Thresh,瑟雷西的灯笼,zh-MY
Lanterna do Thresh,瑟雷西的灯笼,zh-MY
Lanterne de Thresh,瑟雷西的灯笼,zh-MY
Lanza de Shojin,精进之矛,zh-MY
Lança de Shojin,精进之矛,zh-MY
Largo plazo,做多,zh-MY
Larme de la déesse,女神之泪,zh-MY
Larmes à gogo,泪流不止,zh-MY
Last Whisper,最后耳语,zh-MY
Lastrapietra del gargoyle,石像鬼盘核,zh-MY
Latarnia Thresha,瑟雷西的灯笼,zh-MY
Late Game Scaling,后期成长,zh-MY
Late Game Specialist,专打后期,zh-MY
Latent Forge,潜心锻造,zh-MY
Latente Schmiede,潜心锻造,zh-MY
Le Méga-mecha,强大机甲,zh-MY
Le dimensioni contano,尺有所短、寸有所长,zh-MY
Le prix du sang,午餐钱,zh-MY
LeBlanc,勒布朗,zh-MY
Lebende Schmiede,活火炉,zh-MY
Lecciones de Boxeo,拳击训练,zh-MY
Lecsapó buzogány,打手连枷,zh-MY
Leczące Echo,疗愈回响,zh-MY
Leczące Kule,治疗法球,zh-MY
Lecții de box,拳击训练,zh-MY
Leerenhandschuh,虚空手套,zh-MY
Leerenstab,虚空之杖,zh-MY
Legie tří,三费军团,zh-MY
Legion Trójek,三费军团,zh-MY
Legion of Threes,三费军团,zh-MY
Legione dei tre,三费军团,zh-MY
Legiunea de trei,三费军团,zh-MY
Legião de Três,三费军团,zh-MY
Legión de Tres,三费军团,zh-MY
Legión del tres,三费军团,zh-MY
Legjobb barátok,一生挚友,zh-MY
Legământul cavalerului,骑士誓愿,zh-MY
Legături ratate,失去联络,zh-MY
Leibwache-Training,保镖训练,zh-MY
Lekce v boxu,拳击训练,zh-MY
Lekko Magiczny Rzut,轻魔重骰,zh-MY
Lekésett csatlakozás,失去联络,zh-MY
Lelkek ébredése,灵魂觉醒,zh-MY
Lendületes kezdés,快速入门,zh-MY
Lenyúlás,小偷小摸,zh-MY
Leo Hạng,冲榜战士,zh-MY
Leona,雷欧娜,zh-MY
Lesser Mirrored Persona,次级镜影化身,zh-MY
Letzter Atemzug,最后耳语,zh-MY
Level Up!,升级！,zh-MY
Leveleando en solitario,我独自升级,zh-MY
Lezioni di pugilato,拳击训练,zh-MY
Leçons de combat,早期教育,zh-MY
Leże Barona,巴龙幻域,zh-MY
Liaison cybernétique,仿生上行链,zh-MY
Liaison de drone,无人机上行链路,zh-MY
Lich Bane,巫妖之祸,zh-MY
Lich Boğan,巫妖之祸,zh-MY
Lichtschild-Wappen,光盾之纹,zh-MY
Lightshield Arması,光盾之纹,zh-MY
Lightshield Crest,光盾之纹,zh-MY
Ligne de front,拳击训练,zh-MY
Limiar da Noite,夜色缘界,zh-MY
Limite da Razão,智慧末刃,zh-MY
Linceul d'apaisement,寂静法衣,zh-MY
Linceul de la congruence,均等法衣,zh-MY
Lineup,排兵布阵,zh-MY
Linh Hoạt,灵活变通,zh-MY
Linh Hồn Chuộc Tội,救赎之灵,zh-MY
Linh Thú Vào Bếp,棋手厨房,zh-MY
Linie de înaltă tensiune,高压电流,zh-MY
Linterna de Thresh,瑟雷西的灯笼,zh-MY
Liquidación,火热促销,zh-MY
Lissandra,丽珊卓,zh-MY
Listă duo,双排,zh-MY
Lithoplastron de gargouille,石像鬼盘核,zh-MY
Lithoplastron solo,孤身铁铠,zh-MY
Litinová pánev,平底锅,zh-MY
Little Buddies,小小伙伴,zh-MY
Living Forge,活火炉,zh-MY
Liên Hoàn Tinh Tú,星光连击,zh-MY
Llamada al caos,混乱的呼唤,zh-MY
Llamado al Caos,混乱的呼唤,zh-MY
Llora Todo lo que Quieras,泪流成河,zh-MY
Locket of the Iron Solari,日轮的加冕,zh-MY
Longo Prazo,做多,zh-MY
Loto Adornado,珠光莲花,zh-MY
Loto enjoyado,珠光莲花,zh-MY
Loto ingioiellato,珠光莲花,zh-MY
Lottatore professionista,赏金战士,zh-MY
Lotus cu nestemate,珠光莲花,zh-MY
Lotus précieux,珠光莲花,zh-MY
Loupež základních předmětů,组件劫案,zh-MY
Lourde est la couronne,王冠之重,zh-MY
Lov pokladů,寻宝之旅,zh-MY
Lovagi eskü,骑士誓愿,zh-MY
Lovcův dráp,潜行者之爪,zh-MY
Luchador,武斗家,zh-MY
Lucidité,思绪清晰,zh-MY
Lucky Gloves,好运手套,zh-MY
Luden vihara,卢登骤雨,zh-MY
Luden'in Çığlığı,卢登骤雨,zh-MY
Luden's Tempest,卢登骤雨,zh-MY
Ludenova bouře,卢登骤雨,zh-MY
Ludens Sturm,卢登骤雨,zh-MY
Luksusowa Subskrypcja,奢华订阅,zh-MY
Lulu,露璐,zh-MY
Lumina stelelor,观星者,zh-MY
Lunch Money,午餐钱,zh-MY
Lunetist,狙击专家,zh-MY
Lungimiranza,远见卓识,zh-MY
Lustrzana Osobowość,镜影化身,zh-MY
Lutador,武斗家,zh-MY
Lutador Profissional,赏金战士,zh-MY
Luvas da Sorte,好运手套,zh-MY
Luvas do Ladrão,窃贼手套,zh-MY
Luvas do Pugilista,格斗手套,zh-MY
Luvinhas,手套,zh-MY
Luxury Subscription,奢华订阅,zh-MY
Luxus előfizetés,奢华订阅,zh-MY
Luxus-Abonnement,奢华订阅,zh-MY
Luxusní předplatné,奢华订阅,zh-MY
Lá Chắn Chiến Thuật,棋手盾牌,zh-MY
Lábrate un camino,杀出血路,zh-MY
Lágrima da Deusa,女神之泪,zh-MY
Lágrima de la Diosa,女神之泪,zh-MY
Lágrima de la diosa,女神之泪,zh-MY
Lágrimas Abundantes,泪流不止,zh-MY
Lángoló kohó,活火炉,zh-MY
Lâmina Amaldiçoada,诅咒之刃,zh-MY
Lâmina Mortal,死神之刃,zh-MY
Lâmina da Fúria de Guinsoo,鬼索的狂暴之刃,zh-MY
Lâminas Fatais,致命利刃,zh-MY
Légion des trois,三费军团,zh-MY
Lélek,百兽,zh-MY
Lélek embléma,百兽特攻队徽章,zh-MY
Lélekparancsnok,百兽指挥官,zh-MY
Léčivá oka,治疗法球,zh-MY
Léčivé ozvěny,疗愈回响,zh-MY
Lò Rèn Thăng Hoa,神化锻炉,zh-MY
Lò Rèn Thần Thoại,携带型打铁铺,zh-MY
Lò Rèn Tiềm Ẩn,潜心锻造,zh-MY
Lótus Adornada,珠光莲花,zh-MY
Lõi Bình Minh,曙光核心,zh-MY
Lüks Aboneliği,奢华订阅,zh-MY
Lấy Công Bù Thủ,玻璃大炮,zh-MY
Lập Đội,携手合作,zh-MY
Lễ Vật Tái Chế,好战者的恩赐,zh-MY
Lệ Lưu Ly,泪流不止,zh-MY
Lệch Chuẩn,叛逆者,zh-MY
Lồng Đèn Của Thresh,瑟雷西的灯笼,zh-MY
Lời Thề Hiệp Sĩ,骑士誓愿,zh-MY
Lời Thề Hộ Vệ,保卫者之誓,zh-MY
Lựa Chọn Độc Quyền,专属定制,zh-MY
M.C. Spada,暴风大剑,zh-MY
Ma Thuật Đan Kết,编织魔法,zh-MY
Ma Trận Mã Độc,恶意软件矩阵,zh-MY
Mace's Will,重锤之志,zh-MY
Maceracının Pazubendi,探索者护腕,zh-MY
Machadinha Infernal,狱火战斧,zh-MY
Maestro Yi,易大师,zh-MY
Magasfeszültség,高压电流,zh-MY
Magasztos kaland,至尊探险,zh-MY
Magia Tejida,编织魔法,zh-MY
Magia entretejida,编织魔法,zh-MY
Magiczny Rzut,魔法骰子,zh-MY
Magie întrepătrunsă,编织魔法,zh-MY
Magitechnická puškočepel,海克斯科技枪刃,zh-MY
Mailles en or,金龙降世,zh-MY
Main de la justice,正义手套,zh-MY
Makeshift Armor,临时战甲,zh-MY
Mal Kurtarma,回收再利用,zh-MY
Malandro Radiante,圣光捣蛋鬼,zh-MY
Maldición del Liche,巫妖之祸,zh-MY
Mali Tytani,小小大英雄,zh-MY
Malicious Monetization,恶意变现,zh-MY
Malware Matrix,恶意软件矩阵,zh-MY
Malware-Matrix,恶意软件矩阵,zh-MY
Malwarová matice,恶意软件矩阵,zh-MY
Malá dárková taška,小型惊喜包,zh-MY
Malí kámoši,小小伙伴,zh-MY
Mana magique,编织魔法,zh-MY
Manechin de antrenament,训练木偶,zh-MY
Manechine animate,碰撞测试假人,zh-MY
Manechinizare,木偶化,zh-MY
Mangual del Guerrero,打手连枷,zh-MY
Mangual del guerrero,打手连枷,zh-MY
Mangual do Guerreiro,打手连枷,zh-MY
Mannequin d'entraînement,训练木偶,zh-MY
Mannequinification,木偶化,zh-MY
Mannequins de choc,碰撞测试假人,zh-MY
Mano de la Justicia,正义手套,zh-MY
Mano de la justicia,正义手套,zh-MY
Mano della giustizia,正义手套,zh-MY
Manopla Adornada,宝石手套,zh-MY
Manopla do Vazio,虚空手套,zh-MY
Manteau de Négatron,负极斗篷,zh-MY
Manteau de la nuit,夜色缘界,zh-MY
Mantello del Sole,日炎斗篷,zh-MY
Mantello dello stratega,棋手斗篷,zh-MY
Mantello di Negatron,负极斗篷,zh-MY
Mantenerse unidos,并肩作战,zh-MY
Mantenha a Posição,坚守前线,zh-MY
Manter a União,并肩作战,zh-MY
Mantia tacticianului,棋手斗篷,zh-MY
Mantie Negatron,负极斗篷,zh-MY
Mantie solară,日炎斗篷,zh-MY
Manto da Imobilidade,寂静法衣,zh-MY
Manto de Quietud,寂静法衣,zh-MY
Manto del Ocaso,均等法衣,zh-MY
Mantén la Posición,坚守前线,zh-MY
Maokai,茂凯,zh-MY
Maratona de Compras,购物狂欢,zh-MY
Marauder,劫掠者,zh-MY
Marauder Emblem,劫掠者徽章,zh-MY
Maraudeur,劫掠者,zh-MY
Marchando un doble,两倍价值,zh-MY
Mare și amenințătoare,巨人之力,zh-MY
Marguereep,米普,zh-MY
Marioneta Sombría,暗影傀儡,zh-MY
Marioneta en las sombras,暗影傀儡,zh-MY
"Marioneta, to jsem já",木偶化,zh-MY
Marionete das Sombras,暗影傀儡,zh-MY
Marodeur,劫掠者,zh-MY
Marodeur-Emblem,劫掠者徽章,zh-MY
Martalóc,劫掠者,zh-MY
Martalóc embléma,劫掠者徽章,zh-MY
Maruderzy,劫掠者,zh-MY
Master Yi,易大师,zh-MY
Masz Mój Łuk,我弓于你手,zh-MY
Mata-Gigantes,巨人杀手,zh-MY
Matador de Aluguel,雇佣杀手,zh-MY
Matrice,恶意软件矩阵,zh-MY
Matrice malware,恶意软件矩阵,zh-MY
Matriz de Malware,恶意软件矩阵,zh-MY
Matriz de malware,恶意软件矩阵,zh-MY
Matryca Wirusa,恶意软件矩阵,zh-MY
Mavi Güçlendirme,蓝增益,zh-MY
Max Build,最强构筑,zh-MY
Maximale Ausrüstung,最强构筑,zh-MY
May the Fours Be With You,愿四费与你同在,zh-MY
Mazzafrusto dell'Assaltatore,打手连枷,zh-MY
Maître Yi,易大师,zh-MY
Maîtrise de l'artisanat,精心打造,zh-MY
Maîtrise de l'épée de Yasuo,犽宿的剑术,zh-MY
Mała Torba z Różnościami,小型惊喜包,zh-MY
"Małe, Ale Zabójcze",小巧但致命,zh-MY
Mech,机甲神盾,zh-MY
Mecha,机甲神盾,zh-MY
Mechanický urychlovač,发条加速器,zh-MY
Mechanikus gyorsító,发条加速器,zh-MY
Mechy,机甲神盾,zh-MY
Medaglione dei Solari di ferro,日轮的加冕,zh-MY
Medaglione diramante,支配宝匣,zh-MY
Medailon stimulace,支配宝匣,zh-MY
Medailónek železných Solari,日轮的加冕,zh-MY
Medalhão Enervante,支配宝匣,zh-MY
Medalhão dos Solari de Ferro,日轮的加冕,zh-MY
Medalion stimulant,支配宝匣,zh-MY
Medallón de los Solari,日轮的加冕,zh-MY
Medallón estimulante,支配宝匣,zh-MY
Mediator,裁决者,zh-MY
Medyum,导能者,zh-MY
Medyum Modu,导能者模式,zh-MY
Meep Cực Tốc,终端米普速度,zh-MY
Meeple,米普,zh-MY
Meeple Emblem,米普徽章,zh-MY
Meeple-Emblem,米普徽章,zh-MY
Meeplo,米普,zh-MY
Meepsie,米普,zh-MY
Megamecha,强大机甲,zh-MY
Megamorfosis,重整装置,zh-MY
Megrontott vámpírjogar,腐败吸血鬼权杖,zh-MY
Megszálló Zed,入侵者 劫,zh-MY
Megtorlás,复仇,zh-MY
Megváltó,圣光审判者,zh-MY
Megéri a várakozást,值得等待,zh-MY
Megújult erő,回春,zh-MY
Meilleurs amis,一生挚友,zh-MY
Mejora Roja,红增益,zh-MY
Mejora azul,蓝增益,zh-MY
Mejora roja,红增益,zh-MY
Mejores Amigos,一生挚友,zh-MY
Mejores amiguis,一生挚友,zh-MY
Meka,机甲神盾,zh-MY
Mekanik Hızlandırıcı,发条加速器,zh-MY
Melek Asası,炽天使之杖,zh-MY
Melhores Amigos,一生挚友,zh-MY
Mellékhatások,副作用,zh-MY
Mending Echoes,疗愈回响,zh-MY
Mente Despejada,思绪清晰,zh-MY
Mente Saturada,思绪杂乱,zh-MY
Mente Vazia,思绪清晰,zh-MY
Mente confusa,思绪杂乱,zh-MY
Mente despejada,思绪清晰,zh-MY
Mente lucida,思绪清晰,zh-MY
Mente saturada,思绪杂乱,zh-MY
Menší Zrcadlová osobnost,次级镜影化身,zh-MY
Mercure,水银兜帽,zh-MY
Mercúrio,水银兜帽,zh-MY
Merită așteptarea,值得等待,zh-MY
Merkezini Bul,C位觉悟,zh-MY
Merodeador,劫掠者,zh-MY
Merész húzás,一着险棋,zh-MY
Mesada,午餐钱,zh-MY
Messa in moto,快速入门,zh-MY
Mesterlövész,狙击专家,zh-MY
Mesterlövész embléma,狙击专家徽章,zh-MY
Meu Arco é Seu,我弓于你手,zh-MY
Meșter de săbii,铸剑工匠,zh-MY
Meșter de toiege,法杖工匠,zh-MY
Mi arco a tu servicio,我弓于你手,zh-MY
Mici titani,小小大英雄,zh-MY
Mici și letale,小巧但致命,zh-MY
Micincik,米普,zh-MY
Micingil,米普,zh-MY
Micingil Amblemi,米普徽章,zh-MY
Miecz-Pistolet Hextech,海克斯科技枪刃,zh-MY
Miecznik,铸剑工匠,zh-MY
Mieczowy Przesyt,大剑过载,zh-MY
Miezul zorilor,曙光核心,zh-MY
Migliori amici,一生挚友,zh-MY
Migoczące Ostrze,烁刃,zh-MY
Milagre de Soraka,索拉卡的奇迹,zh-MY
Milagro de Soraka,索拉卡的奇迹,zh-MY
Milio,米里欧,zh-MY
Min-Max,极限拉满,zh-MY
Min-max,极限拉满,zh-MY
Mindent egyre,一击即中,zh-MY
Mini Black Hole,迷你黑洞,zh-MY
Mini Buco nero,迷你黑洞,zh-MY
Mini Czarna Dziura,迷你黑洞,zh-MY
Mini Kara Delik,迷你黑洞,zh-MY
Mini Titani,小小大英雄,zh-MY
Mini fekete lyuk,迷你黑洞,zh-MY
Mini gaură neagră,迷你黑洞,zh-MY
Mini trou noir,迷你黑洞,zh-MY
Mini černá díra,迷你黑洞,zh-MY
Mini-Tacticien,小小泰坦,zh-MY
Miniagujero Negro,迷你黑洞,zh-MY
Miniburaco Negro,迷你黑洞,zh-MY
Minik Ama Ölümcül,小巧但致命,zh-MY
Minik Devler,小小大英雄,zh-MY
Minik Dostlar,小小伙伴,zh-MY
Minititanes,小小大英雄,zh-MY
Minititã,小小泰坦,zh-MY
Minte aglomerată,思绪杂乱,zh-MY
Minte limpede,思绪清晰,zh-MY
Mip,米普,zh-MY
Mipim,米普,zh-MY
Miplík,米普,zh-MY
Mipo,米普,zh-MY
Mippino,米普,zh-MY
Mipík,米普,zh-MY
Mira Óptica,目标锁定光学仪,zh-MY
Miracle de Soraka,索拉卡的奇迹,zh-MY
Miracolo di Soraka,索拉卡的奇迹,zh-MY
Miracolul Sorakăi,索拉卡的奇迹,zh-MY
Mirrored Persona,镜影化身,zh-MY
Misfits,叛逆者,zh-MY
Misiune în acțiune,重启任务,zh-MY
Miss Fortune,好运姐,zh-MY
Missed Connections,失去联络,zh-MY
Mistr Yi,易大师,zh-MY
Mitones,手套,zh-MY
Mittens,手套,zh-MY
Mniejsza Lustrzana Osobowość,次级镜影化身,zh-MY
Mniejszy Tytan,小小泰坦,zh-MY
Mobilidade Crescente,上进心,zh-MY
Mobilità aumentata,上进心,zh-MY
Mocný mech,强大机甲,zh-MY
Modalità Convogliatore,导能者模式,zh-MY
Modalità replicante,复制者模式,zh-MY
Modalità sfidante,挑战者模式,zh-MY
Mode Canalisateur,导能者模式,zh-MY
Mode Challenger,挑战者模式,zh-MY
Mode Réplicateur,复制者模式,zh-MY
Modo Canalizador,导能者模式,zh-MY
Modo Conduíte,导能者模式,zh-MY
Modo Desafiante,挑战者模式,zh-MY
Modo Replicador,复制者模式,zh-MY
Modo Retador,挑战者模式,zh-MY
Modo conducto,导能者模式,zh-MY
Modo contienda,挑战者模式,zh-MY
Modo réplica,复制者模式,zh-MY
Modrý buff,蓝增益,zh-MY
Modul de competitor,挑战者模式,zh-MY
Modul de intermediar,导能者模式,zh-MY
Modul de replicator,复制者模式,zh-MY
Mon arc est vôtre,我弓于你手,zh-MY
Monetización Maligna,恶意变现,zh-MY
Monetización malvada,恶意变现,zh-MY
Monetizare ostilă,恶意变现,zh-MY
Monetização Maliciosa,恶意变现,zh-MY
Monetizzazione infida,恶意变现,zh-MY
Money Hungry,贪财,zh-MY
Money Monsoon,财源滚滚,zh-MY
Monsoni sonanti,财源滚滚,zh-MY
Monte um Amigo,芽苞初放,zh-MY
Monzón Millonario,财源滚滚,zh-MY
Monzón de oro,财源滚滚,zh-MY
Monção Monetária,财源滚滚,zh-MY
Monétisation malveillante,恶意变现,zh-MY
Mordekaiser,魔斗凯萨,zh-MY
Morellonomicon,黑魔禁书,zh-MY
Morellonomicón,黑魔禁书,zh-MY
Morellonomikon,黑魔禁书,zh-MY
Morgana,魔甘娜,zh-MY
Mortaja de la quietud,均等法衣,zh-MY
Mosse rischiose,一着险棋,zh-MY
Moufles,手套,zh-MY
Movimentos Arriscados,一着险棋,zh-MY
Mroczna Dama,暗黑女士,zh-MY
Mroczne Gwiazdy,幽冥煞星,zh-MY
Mudando de Área,另辟新境,zh-MY
Muffole,手套,zh-MY
Muhafızın Adağı,保卫者之誓,zh-MY
Muhteşem Meka,强大机甲,zh-MY
Muson de bani,财源滚滚,zh-MY
Mutări riscante,一着险棋,zh-MY
Muñeco de Entrenamiento,训练木偶,zh-MY
Muñecos de Prueba para Choques,碰撞测试假人,zh-MY
Mučedníkova ctnost,烈士之德,zh-MY
Myślenie Przyszłościowe,远见卓识,zh-MY
Mártírerény,烈士之德,zh-MY
Másolás,复制,zh-MY
Másoló,复制者,zh-MY
Másoló mód,复制者模式,zh-MY
Máy Móc,机甲神盾,zh-MY
Máš můj luk,我弓于你手,zh-MY
Mâna justiției,正义手套,zh-MY
Mão da Justiça,正义手套,zh-MY
Médaillon d'excitation,支配宝匣,zh-MY
Médaillon de l'Iron Solari,日轮的加冕,zh-MY
Mételyékkő,枯萎宝石,zh-MY
Mínimo - Máximo,极限拉满,zh-MY
Mínimo/Máximo,极限拉满,zh-MY
Mírně magický hod,轻魔重骰,zh-MY
Món Quà Ngọt Ngào,甜点,zh-MY
Móng Vuốt Sterak,史特拉克手套,zh-MY
Móng Vuốt Ám Muội,潜行者之爪,zh-MY
Mögen die Vier mit dir sein,愿四费与你同在,zh-MY
Mücevherli Eldiven,宝石手套,zh-MY
Mücevherli Nilüfer,珠光莲花,zh-MY
Müdafi,壁垒,zh-MY
Müdafi Amblemi,壁垒徽章,zh-MY
Mănușa Vidului,虚空手套,zh-MY
Mănușa cu nestemate,宝石手套,zh-MY
Mănuși de antrenament,格斗手套,zh-MY
Mănuși norocoase,好运手套,zh-MY
Mănuși strașnice,手套,zh-MY
Mănușile tâlharului,窃贼手套,zh-MY
Mărimea contează,尺有所短、寸有所长,zh-MY
Mũ Phù Thủy Rabadon,死亡之帽,zh-MY
Mũ Thích Nghi,适性神盔,zh-MY
Mũ Tử Thần,致命帽子,zh-MY
"Một Bùa, Hai Bùa",一个增益，两个增益,zh-MY
Một Hai Ba,一二三,zh-MY
"Một, Hai, Năm!",一、二、五！,zh-MY
Mở Lối,杀出血路,zh-MY
N.O.V.A.,N.O.V.A,zh-MY
N.O.V.A. Amblemi,N.O.V.A.徽章,zh-MY
N.O.V.A. Emblem,N.O.V.A.徽章,zh-MY
N.O.V.A. embléma,N.O.V.A.徽章,zh-MY
N.O.V.A. 상징,N.O.V.A.徽章,zh-MY
N.O.V.A.-Emblem,N.O.V.A.徽章,zh-MY
N.O.V.A.の紋章,N.O.V.A.徽章,zh-MY
NHẮM MẮT CHƠI BỪA,不侦察，不变阵,zh-MY
NO SCOUT NO PIVOT,不侦察，不变阵,zh-MY
Na velikosti záleží,尺有所短、寸有所长,zh-MY
Nach dem Himmel greifen,伸手摘群星,zh-MY
Nada Się,派上用场,zh-MY
Nagy zsákbamacska,大型惊喜包,zh-MY
Nagy ölelés I.,集体拥抱I,zh-MY
Najdi své těžiště,C位觉悟,zh-MY
Najeźdźca Zed,入侵者 劫,zh-MY
Najlepsi Przyjaciele,一生挚友,zh-MY
Nami,娜米,zh-MY
Nanh Nashor,纳什之牙,zh-MY
Naptűz köpeny,日炎斗篷,zh-MY
Naptűz tábla,日炎燎原,zh-MY
Naramiennik Poszukiwacza,探索者护腕,zh-MY
Narozeninové setkání,生日团聚,zh-MY
Narratív védelem,主角威能,zh-MY
Narušitel Zed,入侵者 劫,zh-MY
Nashor foga,纳什之牙,zh-MY
Nashor's Tooth,纳什之牙,zh-MY
Nashor'un Dişi,纳什之牙,zh-MY
Nashors Zahn,纳什之牙,zh-MY
Nashorův tesák,纳什之牙,zh-MY
Nasus,纳瑟斯,zh-MY
Naszyjnik Żelaznych Solari,日轮的加冕,zh-MY
Nawałnica Luden,卢登骤雨,zh-MY
Ne Pahasına?,代价是什么,zh-MY
Nebenwirkungen,副作用,zh-MY
Needlessly Large Rod,巨型魔棒,zh-MY
Negatron Cloak,负极斗篷,zh-MY
Negatron Pelerini,负极斗篷,zh-MY
Negatron palást,负极斗篷,zh-MY
Negatron-Mantel,负极斗篷,zh-MY
Negatronový plášť,负极斗篷,zh-MY
Nehéz a korona,王冠之重,zh-MY
Nejlepší přátelé,一生挚友,zh-MY
Nejtitěrnější titán,小小泰坦,zh-MY
Nekonečné zoufalství,无尽绝望,zh-MY
Nenasytnost,贪财,zh-MY
Neodvolatelná volba,全力以赴,zh-MY
Neopotřebovaný,全新出厂,zh-MY
Neue Stufe!,升级！,zh-MY
Neuer Rekrut,招兵买马,zh-MY
Nevybíravý zabiják,无差别杀手,zh-MY
New Recruit,招兵买马,zh-MY
Nezdolný,生存专家,zh-MY
Nezdolný,不屈,zh-MY
Nezlomné srdce,坚毅之心,zh-MY
Neînduplecare,不屈,zh-MY
Nghĩ Về Tương Lai,远见卓识,zh-MY
Người Bạn Vàng,构筑一名伙伴：,zh-MY
Người Đá,魔像,zh-MY
Ngọn Giáo Shojin,精进之矛,zh-MY
Ngọn Gió Thứ Hai,回春,zh-MY
Nhà Máy Tái Chế,回收再利用,zh-MY
Nhân Bản,复制者,zh-MY
Nhân Bản,复制,zh-MY
Nhất Thống,并肩作战,zh-MY
Nhỏ Mà Có Võ,小巧但致命,zh-MY
Những Người Bạn Nhỏ,小小伙伴,zh-MY
Nicht nachlassen,坚守前线,zh-MY
Niebieskie Wzmocnienie,蓝增益,zh-MY
Niech Czwórki Będą z Tobą,愿四费与你同在,zh-MY
Nieprzerwane Przywołanie,永续召唤,zh-MY
Nieskończona Rozpacz,无尽绝望,zh-MY
Niezłomne Serce,坚毅之心,zh-MY
Niezłomność,不屈,zh-MY
Niveau supérieur !,升级！,zh-MY
Niveles en solitario,我独自升级,zh-MY
Nivelul următor!,升级！,zh-MY
Ničitel času,破时者,zh-MY
Nişancı Yayı,反曲弓,zh-MY
No nos Separamos,我们团结一致,zh-MY
Non proprio inutile,派上用场,zh-MY
Nos mantenemos unidos,我们团结一致,zh-MY
Notfallbögen,备用弓,zh-MY
Nouveau départ,重启任务,zh-MY
Nouvelle recrue,招兵买马,zh-MY
Nouzová,智慧末刃,zh-MY
Novo Nível!,升级！,zh-MY
Novo Recruta,招兵买马,zh-MY
Novo de Fábrica,全新出厂,zh-MY
Nová úroveň!,升级！,zh-MY
Nový rekrut,招兵买马,zh-MY
Nowy Rekrut,招兵买马,zh-MY
Nucleo dell'alba,曙光核心,zh-MY
Nuevecito,全新出厂,zh-MY
Nuevo Recluta,招兵买马,zh-MY
Nuevo de Fábrica,全新出厂,zh-MY
Nuevo recluta,招兵买马,zh-MY
Nunu & Willump,努努和威朗普,zh-MY
Nunu a Willump,努努和威朗普,zh-MY
Nunu e Willump,努努和威朗普,zh-MY
Nunu et Willump,努努和威朗普,zh-MY
Nunu i Willump,努努和威朗普,zh-MY
Nunu ve Willump,努努和威朗普,zh-MY
Nunu y Willump,努努和威朗普,zh-MY
Nunu és Willump,努努和威朗普,zh-MY
Nunu și Willump,努努和威朗普,zh-MY
Nuova recluta,招兵买马,zh-MY
Nuovo di zecca,全新出厂,zh-MY
NÃO PIVOTO,不侦察，不变阵,zh-MY
NÉ ESPLORATORE NÉ STRATEGA,不侦察，不变阵,zh-MY
Nájemný zabiják,雇佣杀手,zh-MY
Nákupní horečka,购物狂欢,zh-MY
Nálož atributů!,成吨数据！,zh-MY
Nástup,排兵布阵,zh-MY
Nâng Tầm Uy Lực,增幅之力,zh-MY
Négységben az erő,增援部队,zh-MY
Núcleo Comercial,商业核心,zh-MY
Núcleo comercial,商业核心,zh-MY
Núcleo de Negócios,商业核心,zh-MY
Născut înțelept,出身豪门,zh-MY
Nước Cappa,卡帕果汁,zh-MY
Nước Mắt Nữ Thần,女神之泪,zh-MY
Nước Đi Liều Lĩnh,一着险棋,zh-MY
Nếm Mùi Lửa,煽风点火,zh-MY
Nỏ Sét,爱欧尼亚星火,zh-MY
O Big Bang,大霹雳星系,zh-MY
O Ovo Dourado,黄金蛋,zh-MY
O aventură triumfătoare,至尊探险,zh-MY
Obchodní sektor,贸易大亨,zh-MY
Obiectele Pandorei,潘多拉的道具,zh-MY
Objetivización de práctica,木偶化,zh-MY
Objetivo de práctica,训练木偶,zh-MY
Objetos de Pandora,潘多拉的道具,zh-MY
Objets blindés,甜点,zh-MY
Objets de Pandore,潘多拉的道具,zh-MY
Oblicze Ducha,振奋盔甲,zh-MY
Obracečka,锅铲,zh-MY
Obrońca Korony,冕卫,zh-MY
Obrońcy,先锋战士,zh-MY
Obrův opasek,巨人腰带,zh-MY
Obserwatorzy Gwiazd,观星者,zh-MY
Obsesia lui Varus,法洛士的执念,zh-MY
Obsesión de Varus,法洛士的执念,zh-MY
Obsesja Varusa,法洛士的执念,zh-MY
Obsession de Varus,法洛士的执念,zh-MY
Obsessão de Varus,法洛士的执念,zh-MY
Obstinación,不侦察，不变阵,zh-MY
Obstination,不侦察，不变阵,zh-MY
Obumarły Relikt,凋零的遗物,zh-MY
Obyczajówka,生活片段,zh-MY
Ocalały,生存专家,zh-MY
Ocağı Harla,潜心锻造,zh-MY
Ochrana nekonečna,无尽守护,zh-MY
Ochranný val,堡垒,zh-MY
Ochrona Nieskończoności,无尽守护,zh-MY
Ochráncův slib,保卫者之誓,zh-MY
Ociosidade,强制中离,zh-MY
Oczekiwane Nieoczekiwanie,意料之中的意外,zh-MY
Océan de larmes,泪流成河,zh-MY
Odaklı Ateş,专注火焰,zh-MY
Odkupiciel,圣光审判者,zh-MY
Odkupienie,复仇,zh-MY
Odnajdź Równowagę,C位觉悟,zh-MY
Odolná dvojka,坦度成双,zh-MY
Odpadlík,叛道者,zh-MY
Odplata,复仇,zh-MY
Odražení ode dna,逆袭之路,zh-MY
Odrzutki,叛逆者,zh-MY
Odstřelovač,狙击专家,zh-MY
Odświeżanie na Zapas,转不停,zh-MY
Oferenda de Sangue,血祭,zh-MY
Offrande sanguinaire,血祭,zh-MY
Ofiara z Krwi,血祭,zh-MY
Ofrandă de sânge,血祭,zh-MY
Ofrenda de Sangre,血祭,zh-MY
Ofrenda de sangre,血祭,zh-MY
Oggetti di Pandora,潘多拉的道具,zh-MY
Ognista Armata,冲击火炮,zh-MY
Ohnivý výprodej,火热促销,zh-MY
Okos költekezés,精打细算,zh-MY
On a Roll,滚起优势,zh-MY
Onda Espacial,太空律动,zh-MY
Onda espacial,太空律动,zh-MY
"One Buff, Two Buff",一个增益，两个增益,zh-MY
One Two Three,一二三,zh-MY
"One, Two, Five!",一、二、五！,zh-MY
Onoarea războinicului,战神的荣耀,zh-MY
Opatrovníkův spojenec,守望者的盟友,zh-MY
Oprýskaná relikvie,凋零的遗物,zh-MY
Optică de fixare a țintei,目标锁定光学仪,zh-MY
Optimisation optimisée,增幅之力,zh-MY
Optique de verrouillage,目标锁定光学仪,zh-MY
Optyka Namierzająca,目标锁定光学仪,zh-MY
Optymalnie,极限拉满,zh-MY
Opóźniona Kuźnia,潜心锻造,zh-MY
Oracle,先知,zh-MY
Oracol,先知,zh-MY
Oracolo,先知,zh-MY
Orakel,先知,zh-MY
Orbes Curativos,治疗法球,zh-MY
Orbes curativos,治疗法球,zh-MY
Orbes de curación,治疗法球,zh-MY
Orbes de soins,治疗法球,zh-MY
Ornn,鄂尔,zh-MY
Oráculo,先知,zh-MY
Osiłki,武斗家,zh-MY
Ossessione di Varus,法洛士的执念,zh-MY
Ostatni Szept,最后耳语,zh-MY
Ostnatá vesta,刺藤胸甲,zh-MY
Ostoja,堡垒,zh-MY
Ostrze Gniewu Guinsoo,鬼索的狂暴之刃,zh-MY
Ostrze Nieskończoności,无尽之刃,zh-MY
Ostrze Nocy,夜色缘界,zh-MY
Ostrze Śmierci,死神之刃,zh-MY
Ostří nekonečna,无尽之刃,zh-MY
Otimização,极限拉满,zh-MY
Otisk duše,振奋盔甲,zh-MY
Ottica a puntamento assistito,目标锁定光学仪,zh-MY
Oul de aur,黄金蛋,zh-MY
Očekávaná neočekávanost,意料之中的意外,zh-MY
Oštěp Šódžinu,精进之矛,zh-MY
Oțel aurit,镀金钢铁,zh-MY
P'tits titans,小小大英雄,zh-MY
Pacchetto di aiuti,爱心包裹,zh-MY
Pachet de amplificare,拓展包,zh-MY
Pachet de îngrijire,爱心包裹,zh-MY
Paciencia de Ekko,艾克的耐心,zh-MY
Paciência de Ekko,艾克的耐心,zh-MY
Pacote de Reforço,拓展包,zh-MY
Pacote de Suprimentos,爱心包裹,zh-MY
Pact etern,永恒契约,zh-MY
Pacte éternel,永恒契约,zh-MY
Pacto Eterno,永恒契约,zh-MY
Pacto eterno,永恒契约,zh-MY
Paczka Wsparcia,爱心包裹,zh-MY
Padella,平底锅,zh-MY
Paff!,当头棒喝！,zh-MY
Palier 1,失去联络,zh-MY
Palčáky,手套,zh-MY
Panca di Pandora,潘多拉的备战区,zh-MY
Panda de ladrones,神偷军团,zh-MY
Panda de ladrones II,神偷军团 II,zh-MY
Pandora kispadja,潘多拉的备战区,zh-MY
Pandora tárgyai II.,潘多拉的道具,zh-MY
Pandora'nın Eşyaları,潘多拉的道具,zh-MY
Pandora'nın Yedekleri,潘多拉的备战区,zh-MY
Pandora's Bench,潘多拉的备战区,zh-MY
Pandora's Items,潘多拉的道具,zh-MY
Pandoras Bank,潘多拉的备战区,zh-MY
Pandoras Gegenstände,潘多拉的道具,zh-MY
Pandořina střídačka,潘多拉的备战区,zh-MY
Pandořiny předměty,潘多拉的道具,zh-MY
Pantheon,潘森,zh-MY
Panzerwalküre,重枪女武神,zh-MY
Paquete de Cuidados,爱心包裹,zh-MY
Paquete de Mejora,拓展包,zh-MY
Paquete de mejora,拓展包,zh-MY
Par ici l'XP,出身豪门,zh-MY
Parabraccia del cercatore,探索者护腕,zh-MY
Paragöz,贪财,zh-MY
Parancsnok,指挥官,zh-MY
Parceria,携手合作,zh-MY
Pariu de aur,黄金豪赌,zh-MY
Pariu pe viitor,做多,zh-MY
Pariul lui Urf,阿福式开局,zh-MY
Parlakpul Özü,微光龙鳞精萃,zh-MY
Partage emblématique,我们团结一致,zh-MY
Parti Patisi,派对大咖,zh-MY
Partial Ascension,部分飞升,zh-MY
Partiállat,派对大咖,zh-MY
Party Animal,派对大咖,zh-MY
Partytiger,派对大咖,zh-MY
Pas Giganta,巨人腰带,zh-MY
Pas le choix,代价是什么,zh-MY
Pasowy Przesyt,腰带过载,zh-MY
Pasterze,牧魂人,zh-MY
Pastor,牧魂人,zh-MY
Pastore,牧魂人,zh-MY
Pastýř,牧魂人,zh-MY
Patelnia,平底锅,zh-MY
Patience,灵气农兵,zh-MY
Patience d'Ekko,艾克的耐心,zh-MY
Patience is a Virtue,忍耐是美德,zh-MY
Patient Study,刻苦钻研,zh-MY
Patientenstudie,刻苦钻研,zh-MY
Patru de partea ta,愿四费与你同在,zh-MY
Patto eterno,永恒契约,zh-MY
Pavois,堡垒,zh-MY
Pazienza di Ekko,艾克的耐心,zh-MY
Pařmen,派对大咖,zh-MY
Pe val,滚起优势,zh-MY
Pedeapsă,复仇,zh-MY
Pegno di Sterak,史特拉克手套,zh-MY
Pegno di sangue,血的代价,zh-MY
Peleador,武斗家,zh-MY
Peleryna Taktyka,棋手斗篷,zh-MY
Pensamiento progresista,远见卓识,zh-MY
Pensando no Futuro,远见卓识,zh-MY
Pensar a Futuro,远见卓识,zh-MY
Peníze na oběd,午餐钱,zh-MY
"Pequenas, Mas Letais",小巧但致命,zh-MY
Pequenos Titãs,小小大英雄,zh-MY
Pequeño Titán,小小泰坦,zh-MY
Pequeño pero mortífero,小巧但致命,zh-MY
Pequeños pero matones,小巧但致命,zh-MY
Perdición del liche,巫妖之祸,zh-MY
Perdite calcolate,这次战败也在计算之中,zh-MY
Perdição de Lich,巫妖之祸,zh-MY
Pergamino ligeramente mágico,轻魔重骰,zh-MY
Pergamino mágico,魔法骰子,zh-MY
Persona Espelhada,镜影化身,zh-MY
Persona Espelhada Inferior,次级镜影化身,zh-MY
Persona en Espejo,镜影化身,zh-MY
Persona en Espejo menor,次级镜影化身,zh-MY
Personalitate în oglindă,镜影化身,zh-MY
Personalitate în oglindă minoră,次级镜影化身,zh-MY
Personalità speculare,镜影化身,zh-MY
Personalità speculare minore,次级镜影化身,zh-MY
Personalización exclusiva,专属定制,zh-MY
Personalizare exclusivă,专属定制,zh-MY
Personalização Exclusiva,专属定制,zh-MY
Personalizzazione esclusiva,专属定制,zh-MY
Personnalité miroir,镜影化身,zh-MY
Personnalité miroir mineure,次级镜影化身,zh-MY
Perszónatükör,镜影化身,zh-MY
Pesada es la Corona,王冠之重,zh-MY
Pesada é a Coroa,王冠之重,zh-MY
Pesante è la corona,王冠之重,zh-MY
Pescando cumplidos,灵气农兵,zh-MY
Pesimist,砰爆,zh-MY
Pestjuwel,枯萎宝石,zh-MY
Pestrá sebranka,叛逆者,zh-MY
Petit sac de butin,小型惊喜包,zh-MY
Petits mais costauds,小巧但致命,zh-MY
Petrecăreț,派对大咖,zh-MY
Pevná linie,坚守前线,zh-MY
Pevné opasky,腰带过载,zh-MY
Pečlivé ladění,极限拉满,zh-MY
Pfannenwender,锅铲,zh-MY
Phi Vụ Trang Bị,组件劫案,zh-MY
Phong Kiếm,西风匕首,zh-MY
Pháo Xương Cá,恶鲨火箭,zh-MY
Phân Nhánh,另辟新境,zh-MY
Phép Màu Của Soraka,索拉卡的奇迹,zh-MY
Phóng Hỏa,日炎燎原,zh-MY
Phản Ứng Phụ,副作用,zh-MY
"Piccole, ma letali",小巧但致命,zh-MY
Piccoli alleati,小小伙伴,zh-MY
Piekielny Toporek,狱火战斧,zh-MY
Pieniążki na Obiad,午餐钱,zh-MY
Pierdere calculată,这次战败也在计算之中,zh-MY
Pile ou face,黄金豪赌,zh-MY
Pilfer,小偷小摸,zh-MY
Pillín radiante,圣光捣蛋鬼,zh-MY
Pioggia di statistiche!,成吨数据！,zh-MY
Pistola Laminar Hextec,海克斯科技枪刃,zh-MY
Pistola a lame hextech,海克斯科技枪刃,zh-MY
Pistolame Hextech,海克斯科技枪刃,zh-MY
Pisztolyistennő,重枪女武神,zh-MY
Placa Gargolítica,石像鬼盘核,zh-MY
Placa Solo,孤身铁铠,zh-MY
Plan de viitor,远见卓识,zh-MY
Plancia del Sole,日炎燎原,zh-MY
Planlı Mağlubiyet,这次战败也在计算之中,zh-MY
Plano de Línea Trasera,后排蓝图,zh-MY
Plano de retaguardia,后排蓝图,zh-MY
Plateau solaire,日炎燎原,zh-MY
Platoșa garguiului,石像鬼盘核,zh-MY
Platoșă unică,孤身铁铠,zh-MY
Plecat de la tastatură,强制中离,zh-MY
Plemienna Zbroja,好战者铠甲,zh-MY
Plocha slunečního žáru,日炎燎原,zh-MY
Plot Armor,主角威能,zh-MY
Pluie d'argent,财源滚滚,zh-MY
Plán pro zadní řadu,后排蓝图,zh-MY
Plášť slunečního žáru,日炎斗篷,zh-MY
Po Prostu Traf,一击即中,zh-MY
Pocalul puterii,力量圣杯,zh-MY
Podatek Poznawczy,认知税,zh-MY
Podejrzany Płaszcz,可疑风衣,zh-MY
Poder Aprimorado,增幅之力,zh-MY
Poder Mejorado,增幅之力,zh-MY
Poder mejorado,增幅之力,zh-MY
Poderoso Mech,强大机甲,zh-MY
Podezřelý pršiplášť,可疑风衣,zh-MY
Podpůrný implantát,共感植入,zh-MY
Podróżnicy,漫游者,zh-MY
Podstawy Boksu,拳击训练,zh-MY
Podsycenie Płomieni,煽风点火,zh-MY
Podwójna Wytrzymałość,坦度成双,zh-MY
Podziel Się Uwagą Yasuo,犽宿的共享光采,zh-MY
Pofuduk Eldiven,手套,zh-MY
Pogromca Olbrzymów,巨人杀手,zh-MY
Pohodový život,生活片段,zh-MY
Pohár moci,力量圣杯,zh-MY
Poignard de Statikk,史提克弹簧刀,zh-MY
Poiscaille,恶鲨火箭,zh-MY
Pojemnik na Złom,回收再利用,zh-MY
Pokoli csatabárd,狱火战斧,zh-MY
Pokročilá půjčka,高级贷款,zh-MY
Polovodič,半导体,zh-MY
Polowanie na Skarb,寻宝之旅,zh-MY
Poppy,波比,zh-MY
Porcelanowe Działo,玻璃大炮,zh-MY
Pornire rapidă,快速入门,zh-MY
Porque yo lo valgo,派上用场,zh-MY
Portable Forge,携带型打铁铺,zh-MY
Portail de Zz'Rot,虚空之门,zh-MY
Portal Zz'Rot,虚空之门,zh-MY
Portal Zz'rot,虚空之门,zh-MY
Portal de Zz'Rot,虚空之门,zh-MY
Portale Zz'Rot,虚空之门,zh-MY
Portál Zz'Rotu,虚空之门,zh-MY
Posición defensiva,坚守前线,zh-MY
Posilovací balíček,拓展包,zh-MY
Poslední zašeptání,最后耳语,zh-MY
Postav si kámoše,芽苞初放,zh-MY
Posępny Herold Zeke'a,锡柯的悲鸣号角,zh-MY
Potere dell'Impianto,增幅之力,zh-MY
Potok slz,泪流成河,zh-MY
Potężny Mech,强大机甲,zh-MY
Poutník,漫游者,zh-MY
Povara coroanei,王冠之重,zh-MY
Povestea revenirii,逆袭之路,zh-MY
Pozlacená ocel,镀金钢铁,zh-MY
Poznawcze Przeciążenie,认知超负荷,zh-MY
Poznaș radiant,圣光捣蛋鬼,zh-MY
Pozłacana Stal,镀金钢铁,zh-MY
Poêle à frire,平底锅,zh-MY
Požehnaný bohy,神之祝福,zh-MY
Prapůvodní,远古霸者,zh-MY
Precio Sangriento,血的代价,zh-MY
Precio sangriento,血的代价,zh-MY
Precisión infalible,视界专注,zh-MY
Predone,劫掠者,zh-MY
Preiskämpfer,赏金战士,zh-MY
Première ligne,排兵布阵,zh-MY
Presente de Aniversário,生日礼物,zh-MY
Preservador de Biomateria,生物质保存剂,zh-MY
Preservador de Biomatéria,生物质保存剂,zh-MY
Preservador de biomateria,生物质保存剂,zh-MY
Pretendenci,挑战者,zh-MY
Prevalere,最后赢家,zh-MY
Prezent Urodzinowy,生日礼物,zh-MY
Preço em Sangue,血的代价,zh-MY
Prețul sângelui,血的代价,zh-MY
Prieteni micuți,小小伙伴,zh-MY
Primeras Lecciones,早期教育,zh-MY
Primi insegnamenti,早期教育,zh-MY
Primordia'lı,远古霸者,zh-MY
Primordia'lı Amblemi,远古霸者徽章,zh-MY
Primordiai,远古霸者,zh-MY
Primordiai embléma,远古霸者徽章,zh-MY
Primordian,远古霸者,zh-MY
Primordian Emblem,远古霸者徽章,zh-MY
Primordianer,远古霸者,zh-MY
Primordianer-Emblem,远古霸者徽章,zh-MY
Primordianie,远古霸者,zh-MY
Primordiano,远古霸者,zh-MY
Primordien,远古霸者,zh-MY
Prismatic Ticket,七彩棱镜入场券,zh-MY
Prismatisches Ticket,七彩棱镜入场券,zh-MY
Prizefighter,赏金战士,zh-MY
Prizmatik Bilet,七彩棱镜入场券,zh-MY
Proaspăt fabricat,全新出厂,zh-MY
Probuzení duše,灵魂觉醒,zh-MY
Progresión en el juego tardío,后期成长,zh-MY
Progresión final,后期成长,zh-MY
Projeto da Retaguarda,后排蓝图,zh-MY
Prokletá koruna,诅咒之冠,zh-MY
Prokleté ostří,诅咒之刃,zh-MY
Promesa de caballero,骑士誓愿,zh-MY
Promesa del Caballero,骑士誓愿,zh-MY
Promesa del protector,保卫者之誓,zh-MY
Promoção de Cintos,腰带过载,zh-MY
Promoção de Espadas,大剑过载,zh-MY
Promoção de Varinhas,魔棒过载,zh-MY
Promyšlená prohra,这次战败也在计算之中,zh-MY
Prosekání cesty,杀出血路,zh-MY
Prostředník,导能者,zh-MY
Protagonista Nigdy Nie Umiera,主角威能,zh-MY
Protección del Infinito,无尽守护,zh-MY
Protección en solitario,孤身铁铠,zh-MY
Protección infinita,无尽守护,zh-MY
Protection infinie,无尽守护,zh-MY
Protector pétreo de gárgola,石像鬼盘核,zh-MY
Protector's Vow,保卫者之誓,zh-MY
Protecția infinitului,无尽守护,zh-MY
Protecție universală,主角威能,zh-MY
Protezione di trama,主角威能,zh-MY
Protezione infinita,无尽守护,zh-MY
Proteção Imutável,均等法衣,zh-MY
Proteção do Infinito,无尽守护,zh-MY
Protège-bras du savant,探索者护腕,zh-MY
Provisiones,爱心包裹,zh-MY
Provizorní zbroj,临时战甲,zh-MY
Prowler's Claw,潜行者之爪,zh-MY
Prozíravost,远见卓识,zh-MY
Pryzmatyczny Bilet,七彩棱镜入场券,zh-MY
Przebudzenie Duszy,灵魂觉醒,zh-MY
Przedmioty Pandory,潘多拉的道具,zh-MY
Przekaźnik,导能者,zh-MY
Przeklęta Korona,诅咒之冠,zh-MY
Przeklęte Ostrze,诅咒之刃,zh-MY
Przeniesienie Ładunku,电荷转移I,zh-MY
Przenośna Kuźnia,携带型打铁铺,zh-MY
Przodownicy Składu,排兵布阵,zh-MY
Przysięga Rycerska,骑士誓愿,zh-MY
Préstamo Anticipado,高级贷款,zh-MY
Préstamo avanzado,高级贷款,zh-MY
Prêt anticipé,高级贷款,zh-MY
Prędkość Meepa,终端米普速度,zh-MY
Psionic,灵能者,zh-MY
Psionic Emblem,灵能者徽章,zh-MY
Psionico,灵能者,zh-MY
Psioniczni,灵能者,zh-MY
Psionik,灵能者,zh-MY
Psionik Amblemi,灵能者徽章,zh-MY
Psionique,灵能者,zh-MY
Psionisch,灵能者,zh-MY
Psionisch-Emblem,灵能者徽章,zh-MY
Psiónico,灵能者,zh-MY
Psiônico,灵能者,zh-MY
Pszionikus,灵能者,zh-MY
Pszionikus embléma,灵能者徽章,zh-MY
Puchar Potęgi,力量圣杯,zh-MY
Pugnale di Statikk,史提克弹簧刀,zh-MY
Puissance 4,增援部队,zh-MY
Pulsar sombre,幽冥煞星,zh-MY
Punguța lui Urf,阿福大礼包,zh-MY
Punguță cu obiecte surpriză,道具惊喜包,zh-MY
Punguță eroică,英勇惊喜包,zh-MY
Punguță mare,大型惊喜包,zh-MY
Punguță mică,小型惊喜包,zh-MY
Puppifizierung,木偶化,zh-MY
Putere augmentată,增幅之力,zh-MY
"Puternic, dar fragil",玻璃大炮,zh-MY
Puñal de Statikk,史提克弹簧刀,zh-MY
Pușcă cu baionetă hextech,海克斯科技枪刃,zh-MY
Pyke,派克,zh-MY
Pálcaszállítmány,魔棒过载,zh-MY
Páros várólista,双排,zh-MY
Pásztor,牧魂人,zh-MY
Pásztor embléma,牧魂人徽章,zh-MY
Pénzes persely,储蓄账户,zh-MY
Pénzmonszun,财源滚滚,zh-MY
Pénzéhes,贪财,zh-MY
Pérdida Calculada,这次战败也在计算之中,zh-MY
Pérdida calculada,这次战败也在计算之中,zh-MY
Pícaro,叛道者,zh-MY
Półprzewodnik,半导体,zh-MY
Pălăria malefică a lui Rabadon,死亡之帽,zh-MY
Pălării mai letale,致命帽子,zh-MY
Păpușa din umbră,暗影傀儡,zh-MY
Păstor,牧魂人,zh-MY
Pěstnice Prázdnoty,虚空手套,zh-MY
Płaszcz Negacji,负极斗篷,zh-MY
Płynące Łzy,泪流不止,zh-MY
Přebytek holí,魔棒过载,zh-MY
Přebytek mečů,大剑过载,zh-MY
Předplacená služba,订阅服务,zh-MY
Předvoj,先锋战士,zh-MY
Přelom noci,夜色缘界,zh-MY
Přenos náboje,电荷转移I,zh-MY
Přenosná kovárna,携带型打铁铺,zh-MY
Přizpůsobivá přilba,适性神盔,zh-MY
Přízračná šavle,鬼使弯刀,zh-MY
Quang Lân Tiểu Yêu,圣光捣蛋鬼,zh-MY
Quatre cents coups,愿四费与你同在,zh-MY
Quay Trúng Thưởng,轻魔重骰,zh-MY
Que los Cuatros te Acompañen,愿四费与你同在,zh-MY
Que los cuatros te acompañen,愿四费与你同在,zh-MY
Que os Quatros Estejam com Você,愿四费与你同在,zh-MY
Quecksilber,水银兜帽,zh-MY
Quem Espera Sempre Alcança,忍耐是美德,zh-MY
Question de taille,尺有所短、寸有所长,zh-MY
Quicksilver,水银兜帽,zh-MY
Quyền Năng Khổng Lồ,泰坦的决意,zh-MY
Quyền Trượng Thiên Thần,大天使之杖,zh-MY
Quyền Trượng Thánh Quang,烈士之德,zh-MY
Quà Sinh Nhật,生日礼物,zh-MY
Quá Tải Tư Duy,认知超负荷,zh-MY
Quân Đoàn 3 Sao,三费军团,zh-MY
Quỷ Thư Morello,黑魔禁书,zh-MY
Quỹ Phòng Hộ,对冲基金,zh-MY
Rabadon halálsüvege,死亡之帽,zh-MY
Rabadon's Deathcap,死亡之帽,zh-MY
Rabadon'un Şapkası,死亡之帽,zh-MY
Rabadons Todeshaube,死亡之帽,zh-MY
Rabadonův smrtící klobouk,死亡之帽,zh-MY
Raccolta differenziata,回收再利用,zh-MY
Radiant Rascal,圣光捣蛋鬼,zh-MY
Radici diffuse,生根发芽,zh-MY
Raffinierte Herstellung,精心打造,zh-MY
Rakeťák,恶鲨火箭,zh-MY
Ramificación,另辟新境,zh-MY
Ramificare,另辟新境,zh-MY
Ramię w Ramię,我们团结一致,zh-MY
Rammus,拉姆斯,zh-MY
Rapid Firecannon,冲击火炮,zh-MY
Rappresaglia,复仇,zh-MY
Rasga-tempo,破时者,zh-MY
Raufbold,武斗家,zh-MY
Raufbold-Emblem,武斗家徽章,zh-MY
Ravitaillement,爱心包裹,zh-MY
"Raz, Dwa, Pięć!",一、二、五！,zh-MY
"Raz, Dwa, Trzy",一二三,zh-MY
"Raz, dva, pět!",一、二、五！,zh-MY
Raíces Propagadoras,生根发芽,zh-MY
Raíces expansivas,生根发芽,zh-MY
Raízes Alastradas,生根发芽,zh-MY
Rdzeń Handlu,商业核心,zh-MY
Rdzeń Świtu,曙光核心,zh-MY
Reach for the Stars,伸手摘群星,zh-MY
Rebel,叛道者,zh-MY
Rebelle,叛道者,zh-MY
Recombobulador,重整装置,zh-MY
Recombobulateur,重整装置,zh-MY
Recombobulator,重整装置,zh-MY
Recomeçar Missão,重启任务,zh-MY
Recomeço Cósmico,宇宙重启,zh-MY
Recrut nou,招兵买马,zh-MY
Recursos de Ferro,钢铁资产,zh-MY
Recursos de Hierro,钢铁资产,zh-MY
Recursos de hierro,钢铁资产,zh-MY
Recurve Bow,反曲弓,zh-MY
Recyclingtonne,回收再利用,zh-MY
Recyklátor,回收再利用,zh-MY
Red Buff,红增益,zh-MY
Redeemer,圣光审判者,zh-MY
Redentor,圣光审判者,zh-MY
Redentora,圣光审判者,zh-MY
Redentore,圣光审判者,zh-MY
Reducere fulger,火热促销,zh-MY
Reflexní luk,反曲弓,zh-MY
Reflexíj,反曲弓,zh-MY
Regalo de cumpleaños,生日礼物,zh-MY
Regalo di compleanno,生日礼物,zh-MY
Regiaguardia,冕卫,zh-MY
ReinFOURcement,增援部队,zh-MY
Reiniciar Misión,重启任务,zh-MY
Reinicio Cósmico,宇宙重启,zh-MY
Reinicio cósmico,宇宙重启,zh-MY
Reinicio de misión,重启任务,zh-MY
Rek'Sai,雷珂煞,zh-MY
Rekombinator,重整装置,zh-MY
Rekombobulator,重整装置,zh-MY
Rekombobulátor,重整装置,zh-MY
Rekursivbogen,反曲弓,zh-MY
Relances régulières,商业核心,zh-MY
Relances épiques,史诗重骰,zh-MY
Relances étoilées,滚起优势,zh-MY
Relato de un regreso,逆袭之路,zh-MY
Relicario Enervante,支配宝匣,zh-MY
Relicario de los Solari de Hierro,日轮的加冕,zh-MY
Relicva ofilită,凋零的遗物,zh-MY
Relique flétrie,凋零的遗物,zh-MY
Reliquia Marchita,凋零的遗物,zh-MY
Reliquia appassita,凋零的遗物,zh-MY
Reliquia marchita,凋零的遗物,zh-MY
Relíquia Definhada,凋零的遗物,zh-MY
Rendelkezz az íjammal,我弓于你手,zh-MY
Repaire du baron,巴龙幻域,zh-MY
Replica,复制,zh-MY
Replicador,复制者,zh-MY
Replicante,复制者,zh-MY
Replication,复制,zh-MY
Replicator,复制者,zh-MY
Replicator Mode,复制者模式,zh-MY
Replicação,复制,zh-MY
Replikace,复制,zh-MY
Replikacja,复制,zh-MY
Replikacı,复制者,zh-MY
Replikacı Modu,复制者模式,zh-MY
Replikator,复制者,zh-MY
Replikator-Modus,复制者模式,zh-MY
Replikatorzy,复制者,zh-MY
Replikační režim,复制者模式,zh-MY
Replikátor,复制者,zh-MY
Repornire cosmică,宇宙重启,zh-MY
Reproducere,复制,zh-MY
Rerroleo Épico,史诗重骰,zh-MY
Reserva de Pandora,潘多拉的备战区,zh-MY
Resolución titánica,泰坦的决意,zh-MY
Restart Misji,重启任务,zh-MY
Restart Mission,重启任务,zh-MY
Restartování mise,重启任务,zh-MY
Restiamo uniti,我们团结一致,zh-MY
Retador,挑战者,zh-MY
Retribución,复仇,zh-MY
Retribution,复仇,zh-MY
Reuniune aniversară,生日团聚,zh-MY
Reunión cumpleañera,生日团聚,zh-MY
Reunión de Cumpleaños,生日团聚,zh-MY
Reviravolta,逆袭之路,zh-MY
Rezistența din prima linie,坚守前线,zh-MY
Reîncărcare relativ magică,轻魔重骰,zh-MY
Reîncărcări epice,史诗重骰,zh-MY
Reîncărcări la grămadă,转不停,zh-MY
Režim Prostředník,导能者模式,zh-MY
Rhaast,勒哈斯特,zh-MY
Riavvia missione,重启任务,zh-MY
Riavvio cosmico,宇宙重启,zh-MY
Ribalta condivisa di Yasuo,犽宿的共享光采,zh-MY
Richiamo al caos,混乱的呼唤,zh-MY
Ricombussolatore,重整装置,zh-MY
Riesenschlächter,巨人杀手,zh-MY
Riesenschwert,暴风大剑,zh-MY
Rift Scuttler,河蟹,zh-MY
Risikofonds,对冲基金,zh-MY
Riskante Aktionen,一着险棋,zh-MY
Riskantní tah,一着险棋,zh-MY
Risky Moves,一着险棋,zh-MY
Risorse ferrose,钢铁资产,zh-MY
Risveglio dell'anima,灵魂觉醒,zh-MY
Ritmo Spaziale,太空律动,zh-MY
Ritrovo di compleanno,生日团聚,zh-MY
Ritterschwur,骑士誓愿,zh-MY
Riven,雷玟,zh-MY
Robbanásszerű fejlődés,爆炸式增长,zh-MY
Robo de componentes,组件劫案,zh-MY
Robot,强大机甲,zh-MY
Robotul Mecha impunător,强大机甲,zh-MY
Rogue,叛道者,zh-MY
Rogue Emblem,叛道者徽章,zh-MY
Rolling For Days,转不停,zh-MY
Rolling for Days,转不停,zh-MY
Rolo Compressor,滚起优势,zh-MY
Rompetiempo,破时者,zh-MY
Rostro espiritual,振奋盔甲,zh-MY
Roter Buff,红增益,zh-MY
Roubo de Componentes,组件劫案,zh-MY
Rouška nehybnosti,寂静法衣,zh-MY
Rozgałęzienie,另辟新境,zh-MY
Rozmiar Ma Znaczenie,尺有所短、寸有所长,zh-MY
Rozruch,快速入门,zh-MY
Rozrůstání kořenů,生根发芽,zh-MY
Rozsądne Wydatki,精打细算,zh-MY
Rozvětvení,另辟新境,zh-MY
Rtuť,水银兜帽,zh-MY
Ruf des Chaos,混乱的呼唤,zh-MY
Rufián Radiante,圣光捣蛋鬼,zh-MY
Rugalmas,灵活变通,zh-MY
Ruh Gömleği,振奋盔甲,zh-MY
Ruh Uyanışı,灵魂觉醒,zh-MY
Ruka spravedlnosti,正义手套,zh-MY
Rukavice pro štěstí,好运手套,zh-MY
Rváč,武斗家,zh-MY
Rybeńka,恶鲨火箭,zh-MY
Rychlopalné ohnivé dělo,冲击火炮,zh-MY
Rychlý dvojzářez,疾速双杀,zh-MY
Rychlý start,快速入门,zh-MY
Rytířský slib,骑士誓愿,zh-MY
Ryzykowne Posunięcia,一着险棋,zh-MY
Rzeka Łez,泪流成河,zh-MY
Récompenses de guerre,刃马合一,zh-MY
Rédempteur,圣光审判者,zh-MY
Réinitialisation cosmique,宇宙重启,zh-MY
Réplica,复制,zh-MY
Réplicateur,复制者,zh-MY
Résistance acharnée,主角威能,zh-MY
Részleges Felemelkedés,部分飞升,zh-MY
Réunion d'anniversaire,生日团聚,zh-MY
Rìu Hỏa Ngục,狱火战斧,zh-MY
Rìu Đại Mãng Xà,泰坦九头蛇,zh-MY
Río de lágrimas,泪流不止,zh-MY
Różdżkowy Przesyt,魔棒过载,zh-MY
Rögtönzött páncél,临时战甲,zh-MY
Răbdarea e o virtute,忍耐是美德,zh-MY
Răbdarea lui Ekko,艾克的耐心,zh-MY
Rădăcini răspândite,生根发芽,zh-MY
Rămânem împreună,我们团结一致,zh-MY
Răsăritul din Silvermere,银织黎明,zh-MY
Ręka Sprawiedliwości,正义手套,zh-MY
Rękawica Pustki,虚空手套,zh-MY
Rękawice Sparingowe,格斗手套,zh-MY
Rękawice Złodzieja,窃贼手套,zh-MY
Rękawiczki,手套,zh-MY
Rồng Đẻ Trứng Vàng,黄金蛋,zh-MY
SZILÁRD ELTÖKÉLTSÉG,不侦察，不变阵,zh-MY
Saber Gastar,精打细算,zh-MY
Sabia blestemată,诅咒之刃,zh-MY
Sabia forței brute,暴风大剑,zh-MY
Sabia infinitului,无尽之刃,zh-MY
Sabia morții,死神之刃,zh-MY
Sabia sângeroasă,嗜血者,zh-MY
Sable Espectral,鬼使弯刀,zh-MY
Sable espectral,鬼使弯刀,zh-MY
Sable-pistola hextech,海克斯科技枪刃,zh-MY
Sablepistola Hextech,海克斯科技枪刃,zh-MY
Sabre spectral,鬼使弯刀,zh-MY
Sabır Erdemdir,忍耐是美德,zh-MY
Sac de butin,道具惊喜包,zh-MY
Saco de Brindes,道具惊喜包,zh-MY
Saco de Brindes Heroico,英勇惊喜包,zh-MY
Saco de Brindes Pequeno,小型惊喜包,zh-MY
Saco de Brindes Recheado,大型惊喜包,zh-MY
Saco de Brindes do Urf,阿福大礼包,zh-MY
Sacrificio cruento,血祭,zh-MY
Sadakat,全力以赴,zh-MY
Safları Koru,坚守前线,zh-MY
Saklı Gerçek,卡胡纳胡纳,zh-MY
Saldi imperdibili,火热促销,zh-MY
Saldão,火热促销,zh-MY
Salvage Bin,回收再利用,zh-MY
Salvator,圣光审判者,zh-MY
Samira,煞蜜拉,zh-MY
Sanguinaire,血的代价,zh-MY
Sanguinaria,嗜血者,zh-MY
Saqueador,劫掠者,zh-MY
Sartén,平底锅,zh-MY
Saum der Nacht,夜色缘界,zh-MY
Sauter une classe,最后赢家,zh-MY
Savaş Yolu,刃马合一,zh-MY
Savings Account,储蓄账户,zh-MY
Scalata verso il successo,冲榜战士,zh-MY
Scegli tratto,选择特性,zh-MY
Sceptre vampirique corrompu,腐败吸血鬼权杖,zh-MY
Sceptru vampiric corupt,腐败吸血鬼权杖,zh-MY
Sceptrul Vidului,虚空之杖,zh-MY
Sceptrul serafimului,炽天使之杖,zh-MY
Scettro dell'arcangelo,大天使之杖,zh-MY
Scettro serafino,炽天使之杖,zh-MY
Scettro vampirico corrotto,腐败吸血鬼权杖,zh-MY
Scharfschütze,狙击专家,zh-MY
Scharfschütze-Emblem,狙击专家徽章,zh-MY
Schattenpuppe,暗影傀儡,zh-MY
Schatzjagd,寻宝之旅,zh-MY
Schema della retroguardia,后排蓝图,zh-MY
Schemat Tylnej Formacji,后排蓝图,zh-MY
Schiantare,砰地重击,zh-MY
Schicksalsweber,命运编织者,zh-MY
Schild des Taktikers,棋手盾牌,zh-MY
Schiță pentru linia din spate,后排蓝图,zh-MY
Schlag zu,砰地重击,zh-MY
Schlussverkauf,火热促销,zh-MY
Schmiede einen Freund,锻造一个朋友,zh-MY
Schnellfeuer-Geschütz,冲击火炮,zh-MY
Schurke,叛道者,zh-MY
Schurken-Emblem,叛道者徽章,zh-MY
Schutz der Unendlichkeit,无尽守护,zh-MY
Schwer ist die Krone,王冠之重,zh-MY
Schwertschmied,铸剑工匠,zh-MY
Schwertüberfluss,大剑过载,zh-MY
Schwur des Beschützers,保卫者之誓,zh-MY
Schüre das Feuer,煽风点火,zh-MY
Sciabola spettrale,鬼使弯刀,zh-MY
Scintilla ionica,爱欧尼亚星火,zh-MY
Scommessa dorata,黄金豪赌,zh-MY
Scommessa rischiosa,全力以赴,zh-MY
Scudo dello stratega,棋手盾牌,zh-MY
Scutul amurgului,暮夜之盾,zh-MY
Scutul tacticianului,棋手盾牌,zh-MY
Scutul zorilor,黎明之盾,zh-MY
Scânteie ionică,爱欧尼亚星火,zh-MY
Sdílená zbroj,主角威能,zh-MY
Sebevražední panáci,碰撞测试假人,zh-MY
Second Wind,回春,zh-MY
Second souffle,回春,zh-MY
Secondo fiato,回春,zh-MY
Secteur commercial,贸易大亨,zh-MY
Section Anima,百兽,zh-MY
Sector comercial,贸易大亨,zh-MY
Sector de Intercambio,贸易大亨,zh-MY
Sectorul comercial,贸易大亨,zh-MY
Secure din focul iadului,狱火战斧,zh-MY
Sed de dinero,贪财,zh-MY
Sede de Riqueza,贪财,zh-MY
Sedenta por Sangue,嗜血者,zh-MY
Seeker's Armguard,探索者护腕,zh-MY
Seelenerwachen,灵魂觉醒,zh-MY
Segen der Wiederbelebung,复活的恩赐,zh-MY
Segundo Aire,回春,zh-MY
Sehraný tým,携手合作,zh-MY
Sekera pekelného ohně,狱火战斧,zh-MY
Sektor Wymiany,贸易大亨,zh-MY
Selbstständig machen,另辟新境,zh-MY
Semblante Espiritual,振奋盔甲,zh-MY
Semi-conducteur,半导体,zh-MY
Semiconductor,半导体,zh-MY
Semicondutor,半导体,zh-MY
Semiconduttore,半导体,zh-MY
Sendero de Guerra,刃马合一,zh-MY
Sendero de guerra,刃马合一,zh-MY
Sentencia,裁决者,zh-MY
Sentenciador,裁决者,zh-MY
Sentiero di guerra,刃马合一,zh-MY
Serafínova hůl,炽天使之杖,zh-MY
Seraphim's Staff,炽天使之杖,zh-MY
Serbest Yatırım Fonu,对冲基金,zh-MY
Serce ze Stali,钢铁之心,zh-MY
Serpenyő,平底锅,zh-MY
Serve para Algo,派上用场,zh-MY
Servicio de Suscripción,订阅服务,zh-MY
Servicio de suscripción,订阅服务,zh-MY
Servizio ad abbonamento,订阅服务,zh-MY
Serviço de Assinatura,订阅服务,zh-MY
Setor de Troca,贸易大亨,zh-MY
Settore dello scambio,贸易大亨,zh-MY
Seviye Atla!,升级！,zh-MY
Seyyah,漫游者,zh-MY
Seyyah Amblemi,漫游者徽章,zh-MY
Sfere curative,治疗法球,zh-MY
Sfere vindecătoare,治疗法球,zh-MY
Sfidante,挑战者,zh-MY
Sfârșitul rațiunii,智慧末刃,zh-MY
Shadow Puppet,暗影傀儡,zh-MY
Shen,慎,zh-MY
Shepherd,牧魂人,zh-MY
Shepherd Emblem,牧魂人徽章,zh-MY
Shimmerscale Essence,微光龙鳞精萃,zh-MY
Shojin lándzsája,精进之矛,zh-MY
Shojin'in Mızrağı,精进之矛,zh-MY
Shopping Spree,购物狂欢,zh-MY
Shopping intensif,购物狂欢,zh-MY
Shopping scatenato,购物狂欢,zh-MY
Shroud of Stillness,寂静法衣,zh-MY
Sibernetik Aktarım,仿生上行链,zh-MY
Sibernetik İmplant,仿生植入物,zh-MY
Sicario,雇佣杀手,zh-MY
Side Effects,副作用,zh-MY
Siegeszug,最后赢家,zh-MY
Signora Oscura,暗黑女士,zh-MY
Silberlöffel,出身豪门,zh-MY
Silver Spoon,出身豪门,zh-MY
Silvermere Dawn,银织黎明,zh-MY
Sinal de Sterak,史特拉克手套,zh-MY
Sinh Nhật Đoàn Tụ,生日团聚,zh-MY
Sinir İmplantı,共感植入,zh-MY
Sinsi,叛道者,zh-MY
Sinsi Amblemi,叛道者徽章,zh-MY
Sinsi Pençe,潜行者之爪,zh-MY
Siper,堡垒,zh-MY
Size Matters,尺有所短、寸有所长,zh-MY
Siêu Linh,灵能者,zh-MY
Siêu Thú,百兽,zh-MY
Siêu Vũ Trụ,大霹雳星系,zh-MY
Siêu Xẻng,锅铲,zh-MY
Sięganie ku Gwiazdom,伸手摘群星,zh-MY
Skalierung im späten Spiel,后期成长,zh-MY
Skalowanie w Późnej Fazie Gry,后期成长,zh-MY
Skleněné dělo,玻璃大炮,zh-MY
Skok po Składniki,组件劫案,zh-MY
Skupienie Horyzontalne,视界专注,zh-MY
Skupiony Ogień,专注火焰,zh-MY
Slammin',砰地重击,zh-MY
Slaďounké dobroty,甜点,zh-MY
Slice of Life,生活片段,zh-MY
Slightly Magic Roll,轻魔重骰,zh-MY
Slza bohyně,女神之泪,zh-MY
Small Grab Bag,小型惊喜包,zh-MY
Smoczy Szpon,龙之爪,zh-MY
Snajperzy,狙击专家,zh-MY
Sniper,狙击专家,zh-MY
Sniper Emblem,狙击专家徽章,zh-MY
Sobrecarga Cognitiva,认知超负荷,zh-MY
Sobrecarga cognitiva,认知超负荷,zh-MY
Sobrecarga de Varas,魔棒过载,zh-MY
Sobrecarga de cinturones,腰带过载,zh-MY
Sobrecarga de espadas,大剑过载,zh-MY
Sobrecarga de varitas,魔棒过载,zh-MY
Sobretudo Suspeito,可疑风衣,zh-MY
Sobrevivente,生存专家,zh-MY
Sobreviviente,生存专家,zh-MY
Sodronyozott mellény,锁子甲,zh-MY
Soif-de-sang,嗜血者,zh-MY
Sojusznik Opiekuna,守望者的盟友,zh-MY
Sok Cappa,卡帕果汁,zh-MY
Soldi per il pranzo,午餐钱,zh-MY
Solo Leveling,我独自升级,zh-MY
Solo Plate,孤身铁铠,zh-MY
Solo Pétreo,孤身铁铠,zh-MY
Solo-Leveling,我独自升级,zh-MY
Solo-Steinpanzer,孤身铁铠,zh-MY
Solowa Płyta,孤身铁铠,zh-MY
Solul dezolant al lui Zeke,锡柯的悲鸣号角,zh-MY
Solul lui Zeke,锡柯的号角,zh-MY
Solzi sclipitori,微光龙鳞精萃,zh-MY
Sombrero Mortífero de Rabadon,死亡之帽,zh-MY
Sombrero mortal de Rabadon,死亡之帽,zh-MY
Sombreros Más Letales,致命帽子,zh-MY
Sombreros más mortales,致命帽子,zh-MY
Son Fısıltı,最后耳语,zh-MY
Sona,索娜,zh-MY
Sona Kalanlar,生存专家,zh-MY
Song Sát Tốc Hành,疾速双杀,zh-MY
Song Vệ,双子守护者,zh-MY
Song Đấu,仙灵斗士,zh-MY
Sonnenfeuer-Brett,日炎燎原,zh-MY
Sonnenfeuer-Umhang,日炎斗篷,zh-MY
Sonsuz Büyü,永续召唤,zh-MY
Sonsuz Karanlık,幽冥煞星,zh-MY
Sonsuz Karanlık Amblemi,幽冥煞星徽章,zh-MY
Sonsuz Çaresizlik,无尽绝望,zh-MY
Sopa Fazlalığı,魔棒过载,zh-MY
Sopa İşçisi,法杖工匠,zh-MY
Soraka csodatétele,索拉卡的奇迹,zh-MY
Soraka áldása,索拉卡的增益,zh-MY
Soraka'nın Lütfu,索拉卡的增益,zh-MY
Soraka'nın Mucizesi,索拉卡的奇迹,zh-MY
Soraka's Boon,索拉卡的增益,zh-MY
Soraka's Miracle,索拉卡的奇迹,zh-MY
Sorakas Segen,索拉卡的增益,zh-MY
Sorakas Wunder,索拉卡的奇迹,zh-MY
Soračin dar,索拉卡的增益,zh-MY
Soračin zázrak,索拉卡的奇迹,zh-MY
Sorsszövő,命运编织者,zh-MY
Sorte em Alta,觉得自己幸运吗,zh-MY
Sorvadt ereklye,凋零的遗物,zh-MY
Soubojový režim,挑战者模式,zh-MY
Soudce,裁决者,zh-MY
Soul Awakening,灵魂觉醒,zh-MY
Soustředěná palba,专注火焰,zh-MY
Soustředěný horizont,视界专注,zh-MY
Soutien indéfectible,并肩作战,zh-MY
Souvislé sesílání,永续召唤,zh-MY
Sovraccarico cognitivo,认知超负荷,zh-MY
Spaccato di vita,生活片段,zh-MY
Space Groove,太空律动,zh-MY
Space Groove Emblem,太空律动徽章,zh-MY
Spaczony Wampiryczny Kostur,腐败吸血鬼权杖,zh-MY
Spada furiei lui Guinsoo,鬼索的狂暴之刃,zh-MY
Sparkonto,储蓄账户,zh-MY
Sparring Gloves,格斗手套,zh-MY
Spasitel,圣光审判者,zh-MY
Spatola,锅铲,zh-MY
Spatula,锅铲,zh-MY
Spatule,锅铲,zh-MY
Spatulă,锅铲,zh-MY
Spear of Shojin,精进之矛,zh-MY
Specialista del finale,专打后期,zh-MY
Specialista na závěrečnou fázi,专打后期,zh-MY
Specialistul sfârșitului jocului,专打后期,zh-MY
Specjalista od Końcówki,专打后期,zh-MY
Specjalistyczny Hełm,适性神盔,zh-MY
Spectral Cutlass,鬼使弯刀,zh-MY
Spedizione,远征,zh-MY
Speedy Double Kill,疾速双杀,zh-MY
Speer von Shojin,精进之矛,zh-MY
Spektrales Entermesser,鬼使弯刀,zh-MY
Spektrum jegy,七彩棱镜入场券,zh-MY
Spektrální vstupenka,七彩棱镜入场券,zh-MY
Speranza perduta,智慧末刃,zh-MY
Spesa oculata,精打细算,zh-MY
Spezzatempo,破时者,zh-MY
Spirit Visage,振奋盔甲,zh-MY
Spirit of Redemption,救赎之灵,zh-MY
Spirito di redenzione,救赎之灵,zh-MY
Spiritul izbăvirii,救赎之灵,zh-MY
Splétaná magie,编织魔法,zh-MY
Splétač osudu,命运编织者,zh-MY
Společné objetí,集体拥抱I,zh-MY
Spořicí účet,储蓄账户,zh-MY
Spreading Roots,生根发芽,zh-MY
Spécialiste des fins de partie,专打后期,zh-MY
Spéculation,对冲基金,zh-MY
Srdce z oceli,钢铁之心,zh-MY
Stab des Erzengels,大天使之杖,zh-MY
Stabschmied,法杖工匠,zh-MY
Stabüberfluss,魔棒过载,zh-MY
Staffsmith,法杖工匠,zh-MY
Stand United,并肩作战,zh-MY
Stargazer,观星者,zh-MY
Stargazer Emblem,观星者徽章,zh-MY
Statikk Hançer,史提克弹簧刀,zh-MY
Statikk Shiv,史提克弹簧刀,zh-MY
Statikk töltőpengéje,史提克弹簧刀,zh-MY
Statikkova kudla,史提克弹簧刀,zh-MY
Statikks Stich,史提克弹簧刀,zh-MY
Stats à foison !,成吨数据！,zh-MY
Stavebnice společníků,构筑一名伙伴：,zh-MY
Stea întunecată,幽冥煞星,zh-MY
Steadfast Heart,坚毅之心,zh-MY
Steinpanzer des Wasserspeiers,石像鬼盘核,zh-MY
Stella Oscura,幽冥煞星,zh-MY
Stellar Combo,星光连击,zh-MY
Stemma di Lightshield,光盾之纹,zh-MY
Stemmaguarda,冕卫,zh-MY
Sterak kihívása,史特拉克手套,zh-MY
Sterak's Gage,史特拉克手套,zh-MY
Sterak'ın Güvencesi,史特拉克手套,zh-MY
Sterakova zástava,史特拉克手套,zh-MY
Steraks Pegel,史特拉克手套,zh-MY
Sterndeuter,观星者,zh-MY
Sterndeuter-Emblem,观星者徽章,zh-MY
Sternen-Kombo,星光连击,zh-MY
Sternenvernichter,幽冥煞星,zh-MY
Sternenvernichter-Emblem,幽冥煞星徽章,zh-MY
Stibitzen,小偷小摸,zh-MY
Stopařčin chránič,探索者护腕,zh-MY
Storia di una rimonta,逆袭之路,zh-MY
Strahlender Halunke,圣光捣蛋鬼,zh-MY
Strateji Ustası Kalkanı,棋手盾牌,zh-MY
Strateji Ustası Pelerini,棋手斗篷,zh-MY
Strateji Ustası Tacı,棋手皇冠,zh-MY
Strateji Ustasının Mutfağı,棋手厨房,zh-MY
Stratégie de ligne arrière,后排蓝图,zh-MY
Striker's Flail,打手连枷,zh-MY
Strom vlastností,特性之树,zh-MY
Strážná dvojice,双子守护者,zh-MY
Studio paziente,刻苦钻研,zh-MY
Studiu diligent,刻苦钻研,zh-MY
Stwórz Sobie Kumpla,芽苞初放,zh-MY
Stwórz Towarzysza,构筑一名伙伴：,zh-MY
Stínová loutka,暗影傀儡,zh-MY
Stürmerflegel,打手连枷,zh-MY
Stříbrná lžička,出身豪门,zh-MY
Stůjme při sobě,并肩作战,zh-MY
Su tutti i fronti,另辟新境,zh-MY
Su verso il cielo,伸手摘群星,zh-MY
Subscription Service,订阅服务,zh-MY
Subskrypcja,订阅服务,zh-MY
Suc Cappa,卡帕果汁,zh-MY
Succes critic,暴击式成功,zh-MY
Successo critico,暴击式成功,zh-MY
Succo Cappa,卡帕果汁,zh-MY
Sucesso Crítico,暴击式成功,zh-MY
Suco de Chapéu,卡帕果汁,zh-MY
Sugárzó csirkefogó,圣光捣蛋鬼,zh-MY
Suhanó sutyerák,河蟹,zh-MY
Sunfire Board,日炎燎原,zh-MY
Sunfire Cape,日炎斗篷,zh-MY
Super sac de butin,大型惊喜包,zh-MY
Superstite,生存专家,zh-MY
Superviviente,生存专家,zh-MY
Suppresseur doré,极限拉满,zh-MY
Supraviețuitor,生存专家,zh-MY
Supraîncărcare cognitivă,认知超负荷,zh-MY
Surcharge cognitive,认知超负荷,zh-MY
Surpriză nesurprinzătoare,意料之中的意外,zh-MY
Survivant,生存专家,zh-MY
Survivor,生存专家,zh-MY
Suscripción de Lujo,奢华订阅,zh-MY
Suscripción de lujo,奢华订阅,zh-MY
Suspicious Trench Coat,可疑风衣,zh-MY
Sussurro fatale,最后耳语,zh-MY
Sute de atribute!,成吨数据！,zh-MY
Sweet Treats,甜点,zh-MY
Sword Overflow,大剑过载,zh-MY
Swordsmith,铸剑工匠,zh-MY
Sympathetic Implant,共感植入,zh-MY
Szaleństwo Zakupów,购物狂欢,zh-MY
Szczęśliwe Rękawice,好运手套,zh-MY
Szellemarc,振奋盔甲,zh-MY
Szerencsés kesztyű,好运手套,zh-MY
Szermierka Yasuo,犽宿的剑术,zh-MY
Szerteágazó gyökerek,生根发芽,zh-MY
Szeráf pálcája,炽天使之杖,zh-MY
Szimpatikus implantátum,共感植入,zh-MY
Szintlépés!,升级！,zh-MY
Szpatułka,锅铲,zh-MY
Szpon Ciemnego Typa,潜行者之爪,zh-MY
Szunnyadó kohó,潜心锻造,zh-MY
Szybkie Dwa Trupy,疾速双杀,zh-MY
Száműzöttek I.,流亡孤军,zh-MY
Szélhámos,私房钱,zh-MY
Szólójátékos,我独自升级,zh-MY
Születésnapi ajándék,生日礼物,zh-MY
Születésnapi találkozó,生日团聚,zh-MY
Sách Chọn Ấn,特性典籍,zh-MY
Sárkánykarom,龙之爪,zh-MY
Sát Thủ Khát Máu,无差别杀手,zh-MY
Sát Thủ Đánh Thuê,雇佣杀手,zh-MY
Sét Cao Thế,高压电流,zh-MY
Síla artefaktů,力炼之躯,zh-MY
Sólový plát,孤身铁铠,zh-MY
Sólový postup,我独自升级,zh-MY
Sötét csillag,幽冥煞星,zh-MY
Sötét csillag embléma,幽冥煞星徽章,zh-MY
Sötét hölgy,暗黑女士,zh-MY
Sükûnet Örtüsü,寂静法衣,zh-MY
Süper Hızlı Micin,终端米普速度,zh-MY
Sürgünler,流亡孤军,zh-MY
Süße Leckereien,甜点,zh-MY
Săbii fără număr,大剑过载,zh-MY
Săbii mai letale,致命利刃,zh-MY
Săn Kho Báu,寻宝之旅,zh-MY
Słodkie Przysmaki,甜点,zh-MY
Słoneczna Peleryna,日炎斗篷,zh-MY
Słoneczna Płyta,日炎燎原,zh-MY
Sơ Đồ Tuyến Sau,后排蓝图,zh-MY
Số 4 Hoàn Hảo,愿四费与你同在,zh-MY
Sống Vội,私房钱,zh-MY
TEK Kılıcı,暴风大剑,zh-MY
Tabla solară,日炎燎原,zh-MY
Tablero de Fuego Solar,日炎燎原,zh-MY
Tablero de fuego solar,日炎燎原,zh-MY
Tabuleiro de Fogo Solar,日炎燎原,zh-MY
Tactician's Cape,棋手斗篷,zh-MY
Tactician's Crown,棋手皇冠,zh-MY
Tactician's Kitchen,棋手厨房,zh-MY
Tactician's Shield,棋手盾牌,zh-MY
Tahm Kench,贪啃奇,zh-MY
Taina întunericului,夜色缘界,zh-MY
Taktikerküche,棋手厨房,zh-MY
Taktikova koruna,棋手皇冠,zh-MY
Taktikova kuchyně,棋手厨房,zh-MY
Taktikus köpenye,棋手斗篷,zh-MY
Taktikus pajzsa,棋手盾牌,zh-MY
Taktikusok konyhája,棋手厨房,zh-MY
Taktikův plášť,棋手斗篷,zh-MY
Taktikův štít,棋手盾牌,zh-MY
Takviye Paketi,拓展包,zh-MY
Takım Çalışması,携手合作,zh-MY
Talisman Of Ascension,升华护符,zh-MY
Talisman de l'ascension,升华护符,zh-MY
Talismano dell'ascensione,升华护符,zh-MY
Talismanul ascensiunii,升华护符,zh-MY
Talismán de Ascensión,升华护符,zh-MY
Talismã da Ascensão,升华护符,zh-MY
Talizman Wstąpienia,升华护符,zh-MY
Talon,塔隆,zh-MY
Találd meg önmagad,C位觉悟,zh-MY
Tam Donanımlı,构筑一名伙伴：,zh-MY
Tam Teşekküllü,芽苞初放,zh-MY
Tana del Barone,巴龙幻域,zh-MY
Tancuri la xerox,坦度成双,zh-MY
Tandemová fronta,双排,zh-MY
Tanks jumeaux,坦度成双,zh-MY
Tanque em Dobro,坦度成双,zh-MY
Tanrıça'nın Gözyaşı,女神之泪,zh-MY
Tanışma Toplantısı,失去联络,zh-MY
Tarcza Taktyka,棋手盾牌,zh-MY
Tare ca fierul,钢铁资产,zh-MY
Target-Lock Optics,目标锁定光学仪,zh-MY
Tartalékíjak,备用弓,zh-MY
Tartsd a frontot,坚守前线,zh-MY
Tatlı Atıştırmalıklar,甜点,zh-MY
Taxa Cognitiva,认知税,zh-MY
Taxe cognitive,认知税,zh-MY
Taze Kan,招兵买马,zh-MY
Taşınabilir Ocak,携带型打铁铺,zh-MY
Te simți norocos,觉得自己幸运吗,zh-MY
Team Building,团队建设,zh-MY
Team building,团队建设,zh-MY
Teambildung,团队建设,zh-MY
Teambuilding,团队建设,zh-MY
Teaming Up,携手合作,zh-MY
Tear of the Goddess,女神之泪,zh-MY
Tecelã do Destino,命运编织者,zh-MY
Tecendo Magia,编织魔法,zh-MY
Teemo,提摩,zh-MY
Teilaufstieg,部分飞升,zh-MY
Tejedestinos,命运编织者,zh-MY
Tekrar Dene,重启任务,zh-MY
Tela magica,编织魔法,zh-MY
Temná hvězda,幽冥煞星,zh-MY
Temná paní,暗黑女士,zh-MY
Tempesta di Luden,卢登骤雨,zh-MY
Tempestad de Luden,卢登骤雨,zh-MY
Tempête de Luden,卢登骤雨,zh-MY
Tenete la posizione,坚守前线,zh-MY
Tenir le front,坚守前线,zh-MY
Tentative de comeback,逆袭之路,zh-MY
Ter-Meep-nale Geschwindigkeit,终端米普速度,zh-MY
Termeepnal Velocity,终端米普速度,zh-MY
Termipnální rychlost,终端米普速度,zh-MY
Terquedad,不侦察，不变阵,zh-MY
Terrore dei lich,巫妖之祸,zh-MY
Tesori sepolti,埋藏的宝物,zh-MY
Tesoros Enterrados,埋藏的宝物,zh-MY
Tesoros enterrados,埋藏的宝物,zh-MY
Tesouros Enterrados,埋藏的宝物,zh-MY
Tessifato,命运编织者,zh-MY
Testőrképzés,保镖训练,zh-MY
Tetro araldo di Zeke,锡柯的悲鸣号角,zh-MY
Tezbıçak,烁刃,zh-MY
Thanh Lý Toàn Bộ,火热促销,zh-MY
Thanh Âm Chữa Lành,疗愈回响,zh-MY
The Big Bang,大霹雳星系,zh-MY
The Golden Dragon,金龙降世,zh-MY
The Golden Egg,黄金蛋,zh-MY
The Indomitable,不屈,zh-MY
The Mighty Mech,强大机甲,zh-MY
The Tower,塔楼,zh-MY
The Trait Tree,特性之树,zh-MY
Thief's Gloves,窃贼手套,zh-MY
Thresh lámpása,瑟雷西的灯笼,zh-MY
Thresh áldása,瑟雷西的增益,zh-MY
Thresh'in Feneri,瑟雷西的灯笼,zh-MY
Thresh'in Lütfu,瑟雷西的增益,zh-MY
Thresh's Boon,瑟雷西的增益,zh-MY
Thresh's Lantern,瑟雷西的灯笼,zh-MY
Threshova lucerna,瑟雷西的灯笼,zh-MY
Threshs Laterne,瑟雷西的灯笼,zh-MY
Threshs Segen,瑟雷西的增益,zh-MY
Threshův dar,瑟雷西的增益,zh-MY
Thua Có Tính Toán,这次战败也在计算之中,zh-MY
Thuế Nhận Thức,认知税,zh-MY
Thách Đấu,挑战者,zh-MY
Thép Mạ Vàng,镀金钢铁,zh-MY
Thích Mở Rộng,做多,zh-MY
Thông Thoáng,思绪清晰,zh-MY
Thông Đạo Zz'rot,虚空之门,zh-MY
Thú Tượng Thạch Giáp,石像鬼盘核,zh-MY
Thăng Hoa,飞升,zh-MY
Thăng Hoa Của Kayle,凯尔的升腾,zh-MY
Thăng Hoa Rực Rỡ Của Kayle,凯尔的圣光升腾,zh-MY
Thăng Tiến Cuối Trận,后期成长,zh-MY
Thần Ban Phước,神之祝福,zh-MY
Thần Phán,裁决者,zh-MY
Thịnh Nộ Thủy Quái,海妖之怒,zh-MY
Thời Không,破时者,zh-MY
Thợ Rèn Gậy,法杖工匠,zh-MY
Thợ Rèn Kiếm,铸剑工匠,zh-MY
Thợ Săn Vũ Trụ,银河猎手,zh-MY
Thức Tỉnh Linh Hồn,灵魂觉醒,zh-MY
Ti senti fortunato?,觉得自己幸运吗,zh-MY
Ticaret Bölgesi,贸易大亨,zh-MY
Ticaretin Özü,商业核心,zh-MY
Ticket prismatique,七彩棱镜入场券,zh-MY
Tiercé,三重奏,zh-MY
Tigaia de aur,平底锅,zh-MY
Tiltott bálvány,禁忌之像,zh-MY
Timebreaker,破时者,zh-MY
Timebreaker Emblem,破时者徽章,zh-MY
Tinh Linh Chuông,米普,zh-MY
Tinh Túy Kim Long,微光龙鳞精萃,zh-MY
Tiniest Titan,小小泰坦,zh-MY
Tiny Titans,小小大英雄,zh-MY
"Tiny, but Deadly",小巧但致命,zh-MY
Tirada Ligeramente Mágica,轻魔重骰,zh-MY
Tirada Mágica,魔法骰子,zh-MY
Tiro lievemente magico,轻魔重骰,zh-MY
Tiro porque me toca,转不停,zh-MY
Tisse-destin,命运编织者,zh-MY
Tiszta elme,思绪清晰,zh-MY
Titan micuț,小小泰坦,zh-MY
Titan's Resolve,泰坦的决意,zh-MY
Titanes Diminutos,小小大英雄,zh-MY
Titanic Hydra,泰坦九头蛇,zh-MY
Titanische Hydra,泰坦九头蛇,zh-MY
Titano minuscolo,小小泰坦,zh-MY
Titanın Azmi,泰坦的决意,zh-MY
Titánhidra,泰坦九头蛇,zh-MY
Titánská hydra,泰坦九头蛇,zh-MY
Titánské odhodlání,泰坦的决意,zh-MY
Tiên Phong,先锋战士,zh-MY
Tiên Tri,先知,zh-MY
Tiêu Dùng Thông Minh,精打细算,zh-MY
Tiếp Tế Trang Bị,道具惊喜包,zh-MY
Tiền Tuyến Vững Chãi,排兵布阵,zh-MY
Tiền Vệ Trung Tâm,C位觉悟,zh-MY
Tiền Ăn Trưa,午餐钱,zh-MY
Tiệc Tùng,派对大咖,zh-MY
Tkacze Losu,命运编织者,zh-MY
Tkanie Czarów,编织魔法,zh-MY
Tlupa zlodějů,神偷军团,zh-MY
Tlupa zlodějů II,神偷军团 II,zh-MY
To Lớn & Mạnh Mẽ,巨人之力,zh-MY
Todo para mí,一击即中,zh-MY
Toiag uriaș,巨型魔棒,zh-MY
Toiagul arhanghelului,大天使之杖,zh-MY
Toiege fără număr,魔棒过载,zh-MY
Tolvajkesztyű,窃贼手套,zh-MY
Tolvajok bandája,神偷军团,zh-MY
Tolvajok bandája II,神偷军团 II,zh-MY
Tome des emblèmes,特性典籍,zh-MY
Tome of Trait,特性典籍,zh-MY
Tome of Traits,特性典籍,zh-MY
Tomo das Características,特性典籍,zh-MY
Tomo de Rasgos,特性典籍,zh-MY
Tomo de atributos,特性典籍,zh-MY
Tomo dei tratti,特性典籍,zh-MY
Tomul caracteristicilor,特性典籍,zh-MY
Toneladas de Atributos!,成吨数据！,zh-MY
Tonlarca Nitelik!,成吨数据！,zh-MY
Tonnenweise Werte!,成吨数据！,zh-MY
Tonnányi statisztika!,成吨数据！,zh-MY
Tons of Stats!,成吨数据！,zh-MY
Tony Statystyk!,成吨数据！,zh-MY
Torba z Przedmiotami,道具惊喜包,zh-MY
Torba z Przedmiotami Urfa,阿福大礼包,zh-MY
Tormenta de Luden,卢登骤雨,zh-MY
Tot sunt buni la ceva,派上用场,zh-MY
Touche-à-tout,叛逆者,zh-MY
Tout doit disparaître,砰地重击,zh-MY
Toàn Thắng,最后赢家,zh-MY
Toán Cướp,劫掠者,zh-MY
Trabajo en Equipo,团队建设,zh-MY
Trabalho em Equipe,团队建设,zh-MY
Trade Sector,贸易大亨,zh-MY
Tragbare Schmiede,携带型打铁铺,zh-MY
Training Dummy,训练木偶,zh-MY
Trang Bị Pandora,潘多拉的道具,zh-MY
Transfer de încărcare,电荷转移I,zh-MY
Transferencia de Carga,电荷转移I,zh-MY
Transferencia de carga,电荷转移I,zh-MY
Transfert,电荷转移I,zh-MY
Transferência de Carga,电荷转移I,zh-MY
Transformação em Boneco,木偶化,zh-MY
Trasferimento carica,电荷转移I,zh-MY
Treasure Hunt,寻宝之旅,zh-MY
Treinamento de Guarda-costas,保镖训练,zh-MY
Tremblelames,烁刃,zh-MY
Trench-coat suspect,可疑风衣,zh-MY
Trenci suspect,可疑风衣,zh-MY
Trening Ochroniarza,保镖训练,zh-MY
Trepador Social,上进心,zh-MY
Trezirea sufletului,灵魂觉醒,zh-MY
Tributo cognitivo,认知税,zh-MY
Trifecta,三重奏,zh-MY
Trinca,三重奏,zh-MY
Triomphe,赏金战士,zh-MY
Triplete,三重奏,zh-MY
Tripletta,三重奏,zh-MY
Triplu avantaj,三重奏,zh-MY
Triệu Gọi Hỗn Mang,混乱的呼唤,zh-MY
Triệu Hồi Bất Tận,永续召唤,zh-MY
Troca Sem Fim,转不停,zh-MY
Trojice,三重奏,zh-MY
Trova il tuo centro,C位觉悟,zh-MY
Trpělivost je ctnost,忍耐是美德,zh-MY
Trpělivé studium,刻苦钻研,zh-MY
Truffatore,私房钱,zh-MY
Trung Tâm Thương Mại,商业核心,zh-MY
Tryb Pretendenta,挑战者模式,zh-MY
Tryb Przekaźnika,导能者模式,zh-MY
Tryb Replikatora,复制者模式,zh-MY
Trzask-Prask,砰地重击,zh-MY
Trzymać Szyk,坚守前线,zh-MY
Trái Tim Kiên Định,坚毅之心,zh-MY
Trái Tim Sắt Đá,钢铁之心,zh-MY
Träne der Göttin,女神之泪,zh-MY
Tréninkové rukavice,格斗手套,zh-MY
Trésors enfouis,埋藏的宝物,zh-MY
Trên Đà Phát Triển,滚起优势,zh-MY
Trí Tuệ Siêu Công Nghệ,仿生上行链,zh-MY
Trượng Hư Vô,虚空之杖,zh-MY
Trượng Đại Thiên Sứ,炽天使之杖,zh-MY
Trực Giác Của Evelynn,伊芙琳的本能,zh-MY
Tuch der Stille,寂静法衣,zh-MY
Tueur de géants,巨人杀手,zh-MY
Tueur impitoyable,无差别杀手,zh-MY
Tueur à gages,雇佣杀手,zh-MY
Tugend des Märtyrers,烈士之德,zh-MY
Tun-mitralieră,冲击火炮,zh-MY
Turnul,塔楼,zh-MY
Tuyển Nhân Sự,招兵买马,zh-MY
Twin Guardian,双子守护者,zh-MY
Twin Guardians,双子守护者,zh-MY
Twisted Fate,逆命,zh-MY
Two Much Value,两倍价值,zh-MY
Two Tanky,坦度成双,zh-MY
Tworzenie Drużyny,团队建设,zh-MY
Twórcze Tworzenie,精心打造,zh-MY
Typologie,全力以赴,zh-MY
Tài Khoản Tiết Kiệm,储蓄账户,zh-MY
Tái Khởi Động Nhiệm Vụ,重启任务,zh-MY
Tái Lập Vũ Trụ,宇宙重启,zh-MY
Tápláld a tüzet,煽风点火,zh-MY
Tíha koruny,王冠之重,zh-MY
Tín Đồ Mua Sắm,购物狂欢,zh-MY
Tòa Tháp,塔楼,zh-MY
Tôi Luyện Sức Mạnh,力炼之躯,zh-MY
Tôi Thăng Cấp Một Mình,我独自升级,zh-MY
Tödlichere Hauben,致命帽子,zh-MY
Tödlichere Klingen,致命利刃,zh-MY
Töltésátvitel I.,电荷转移I,zh-MY
Törj a csillagok felé,伸手摘群星,zh-MY
Törékeny tüzér I.,玻璃大炮,zh-MY
Törésteszt bábuk,碰撞测试假人,zh-MY
Tú Pégales,一击即中,zh-MY
Túi Đồ Cỡ Nhỏ,小型惊喜包,zh-MY
Túi Đồ Cỡ Đại,大型惊喜包,zh-MY
Túi Đồ Siêu Hùng,英勇惊喜包,zh-MY
Túi Đồ Urf,阿福大礼包,zh-MY
Túlvilági szablya,鬼使弯刀,zh-MY
Túlélő,生存专家,zh-MY
Türelem rózsát terem,忍耐是美德,zh-MY
Türelmes tanuló,刻苦钻研,zh-MY
Tăișuri sclipitoare,烁刃,zh-MY
Tăng Trưởng Bùng Nổ,爆炸式增长,zh-MY
Tırmanışa Devam,冲榜战士,zh-MY
Tất Tay Bậc Đồng,终身青铜,zh-MY
Tập Chịu Đòn,拳击训练,zh-MY
Tập Trung Hỏa Lực,专注火焰,zh-MY
Tối Tân,全新出厂,zh-MY
Tối Đa Hóa,极限拉满,zh-MY
Tộc Thượng Cổ,远古霸者,zh-MY
Tụ Bão Zeke,锡柯的号角,zh-MY
Tụ Điện,电光反击,zh-MY
Tứ Phương Tiếp Viện,增援部队,zh-MY
Tự Lập Đội,芽苞初放,zh-MY
U Sầu,砰爆,zh-MY
U. R. F.,阿福驾到,zh-MY
U.R.F,阿福驾到,zh-MY
U.R.F.,阿福驾到,zh-MY
URF,阿福驾到,zh-MY
Uccisore di giganti,巨人杀手,zh-MY
Uccisore indiscriminato,无差别杀手,zh-MY
Ucigaș fără discriminare,无差别杀手,zh-MY
Ucigaș plătit,雇佣杀手,zh-MY
Ufak Çekiliş,小型惊喜包,zh-MY
Ufukgetiren,视界专注,zh-MY
Uhrwerk-Beschleuniger,发条加速器,zh-MY
Ulepszona Moc,增幅之力,zh-MY
Ultima șoaptă,最后耳语,zh-MY
Uluların Tılsımı,升华护符,zh-MY
Ulvi Düellocu,仙灵斗士,zh-MY
Ulvi Ocak,神化锻炉,zh-MY
Um Dois Três,一二三,zh-MY
"Um, Dois, Cinco!",一、二、五！,zh-MY
Umhang des Taktikers,棋手斗篷,zh-MY
"Un buff, două buff-uri",一个增益，两个增益,zh-MY
"Un buff, due buff",一个增益，两个增益,zh-MY
Un due tre,一二三,zh-MY
Un mismo ser,镜影化身,zh-MY
Un mismo ser inferior,次级镜影化身,zh-MY
Un tiro magico,魔法骰子,zh-MY
Un'avventura gloriosa,至尊探险,zh-MY
"Un, deux, trois",一二三,zh-MY
Una Aventura Eminente,至尊探险,zh-MY
"Una Mejora, Dos Mejoras",一个增益，两个增益,zh-MY
Una aventura repleta de exaltación,至尊探险,zh-MY
Una lágrima en la arena,泪流成河,zh-MY
"Una mejora, dos mejoras...",一个增益，两个增益,zh-MY
"Unde-s 2 stele, puterea crește",增援部队,zh-MY
Une aventure exaltante,至尊探险,zh-MY
Unending Despair,无尽绝望,zh-MY
Unerschütterliches Herz,坚毅之心,zh-MY
Unidos,并肩作战,zh-MY
Unire în luptă,并肩作战,zh-MY
Uniti nelle difficoltà,并肩作战,zh-MY
"Uno, Dos, Tres",一二三,zh-MY
"Uno, dos, tres...",一二三,zh-MY
"Uno, dos, ¡cinco!",一、二、五！,zh-MY
"Uno, dos... ¡cinco!",一、二、五！,zh-MY
"Uno, due, cinque!",一、二、五！,zh-MY
"Unu, doi, cinci!",一、二、五！,zh-MY
"Unu, doi, trei",一二三,zh-MY
Unübertreffliche Schmiede,神化锻炉,zh-MY
Upando Solo,我独自升级,zh-MY
Upward Mobility,上进心,zh-MY
Upírská vitalita,吸血活力I,zh-MY
Urf Hamlesi,阿福式开局,zh-MY
Urf játszmája,阿福式开局,zh-MY
Urf zsákbamacskája,阿福大礼包,zh-MY
Urf's Gambit,阿福式开局,zh-MY
Urf's Grab Bag,阿福大礼包,zh-MY
Urf'ün Çekilişi,阿福大礼包,zh-MY
Urfova dárková taška,阿福大礼包,zh-MY
Urfs Gambit,阿福式开局,zh-MY
Urfs Wundertüte,阿福大礼包,zh-MY
Urfův gambit,阿福式开局,zh-MY
Urgia de pe lume,巫妖之祸,zh-MY
Urgot,乌尔加特,zh-MY
Utazó,漫游者,zh-MY
Utazó embléma,漫游者徽章,zh-MY
Utolsó esély,智慧末刃,zh-MY
Utolsó lehelet,最后耳语,zh-MY
Uyumsuzlar,叛逆者,zh-MY
Uzayın Ritmi,太空律动,zh-MY
Uzayın Ritmi Amblemi,太空律动徽章,zh-MY
Vale a Espera,值得等待,zh-MY
Vale la Pena la Espera,值得等待,zh-MY
Valeva la pena aspettare,值得等待,zh-MY
Valor del Titán,泰坦的决意,zh-MY
Valor em Excesso,两倍价值,zh-MY
Vampir-Vitalität,吸血活力I,zh-MY
Vampiric Vitality,吸血活力I,zh-MY
Vampirî Zindelik,吸血活力I,zh-MY
Vanguard,先锋战士,zh-MY
Vanguard Emblem,先锋战士徽章,zh-MY
Vanguarda,先锋战士,zh-MY
Vanguardia,先锋战士,zh-MY
Vara Innecesariamente Grande,巨型魔棒,zh-MY
Vara innecesariamente grande,巨型魔棒,zh-MY
Varus Besessenheit,法洛士的执念,zh-MY
Varus megszállottsága,法洛士的执念,zh-MY
Varus áldása,法洛士的增益,zh-MY
Varus' Segen,法洛士的增益,zh-MY
Varus's Boon,法洛士的增益,zh-MY
Varus's Obsession,法洛士的执念,zh-MY
Varus'un Lütfu,法洛士的增益,zh-MY
Varus'un Saplantısı,法洛士的执念,zh-MY
Varusova posedlost,法洛士的执念,zh-MY
Varusův dar,法洛士的增益,zh-MY
Varázsdobás,魔法骰子,zh-MY
Varázsszőttes,编织魔法,zh-MY
Vaseszközök,钢铁资产,zh-MY
Vaurien de la lumière,圣光捣蛋鬼,zh-MY
Vay Tạm Ứng,高级贷款,zh-MY
Vedlejší účinky,副作用,zh-MY
Veigar,维迦,zh-MY
Velikost a síla,巨人之力,zh-MY
Velitel,指挥官,zh-MY
Velitelka Animy,百兽指挥官,zh-MY
Velkolepé dobrodružství,至尊探险,zh-MY
Velká dárková taška,大型惊喜包,zh-MY
Velký třesk,大霹雳星系,zh-MY
Velo costante,均等法衣,zh-MY
Velo de sosiego,寂静法衣,zh-MY
Velocidad Termeepnal,终端米普速度,zh-MY
Velocidad temperameeptal,终端米普速度,zh-MY
Velocidade Termipenal,终端米普速度,zh-MY
Velocità termipponale,终端米普速度,zh-MY
Venganza,复仇,zh-MY
Ventos Revigorantes,回春,zh-MY
Verbannte,流亡孤军,zh-MY
Verbotener Götze,禁忌之像,zh-MY
Verbündeter des Beschützers,守望者的盟友,zh-MY
Verdorbenes vampirisches Zepter,腐败吸血鬼权杖,zh-MY
Verdugo Indiscriminado,无差别杀手,zh-MY
Verdugo de Gigantes,巨人杀手,zh-MY
Verdugo de gigantes,巨人杀手,zh-MY
Verdächtiger Trenchcoat,可疑风衣,zh-MY
Verfehlte Verbindung,失去联络,zh-MY
Verfluchte Klinge,诅咒之刃,zh-MY
Verfluchte Krone,诅咒之冠,zh-MY
Vergeltung,复仇,zh-MY
Vergoldeter Stahl,镀金钢铁,zh-MY
Vergrabene Schätze,埋藏的宝物,zh-MY
Vernichter,砰爆,zh-MY
Vernichter,歼灭者,zh-MY
Versteck des Barons,巴龙幻域,zh-MY
Verständnisvolles Implantat,共感植入,zh-MY
Verstärkendes Amulett,支配宝匣,zh-MY
Vertu du martyr,烈士之德,zh-MY
Verwittertes Relikt,凋零的遗物,zh-MY
Verwobene Magie,编织魔法,zh-MY
Vesmírný rytmus,太空律动,zh-MY
Vesta Espinosa,刺藤胸甲,zh-MY
Veste della stabilità,寂静法衣,zh-MY
Vestă de mărăcini,刺藤胸甲,zh-MY
Vestă de zale,锁子甲,zh-MY
Vex,薇可丝,zh-MY
Večerháv,均等法衣,zh-MY
Viaggiatore,漫游者,zh-MY
Viajante,漫游者,zh-MY
Viajero,漫游者,zh-MY
Victorie neașteptată,最后赢家,zh-MY
Vida Cotidiana,生活片段,zh-MY
Viděti dvojmo,两倍价值,zh-MY
Vier-Gold-Verstärkung,增援部队,zh-MY
Vigarista,私房钱,zh-MY
Viktor,维克特,zh-MY
Viktor'un Sihri,奥术 维克特式胜利,zh-MY
Viktor-ia de Arcane,奥术 维克特式胜利,zh-MY
Viktor-ia di Arcane,奥术 维克特式胜利,zh-MY
Viktor-ie ocultă,奥术 维克特式胜利,zh-MY
Viktoria Arcana,奥术 维克特式胜利,zh-MY
Viktorův triumf,奥术 维克特式胜利,zh-MY
Viktória Arcana,奥术 维克特式胜利,zh-MY
Villanópengék,烁刃,zh-MY
Villámakció,火热促销,zh-MY
Vingadora Exocósmica,重枪女武神,zh-MY
Virtud del Mártir,烈士之德,zh-MY
Virtud del mártir,烈士之德,zh-MY
Virtude do Mártir,烈士之德,zh-MY
Virtue of the Martyr,烈士之德,zh-MY
Virtutea martirului,烈士之德,zh-MY
Virtù del martire,烈士之德,zh-MY
Visage spirituel,振奋盔甲,zh-MY
Visionnaire,观星者,zh-MY
Visszatérés-történet,逆袭之路,zh-MY
Vitalidad Vampírica,吸血活力I,zh-MY
Vitalidad vampírica,吸血活力I,zh-MY
Vitalidade Vampírica,吸血活力I,zh-MY
Vitalitate vampirică,吸血活力I,zh-MY
Vitalità vampirica,吸血活力I,zh-MY
Vitalité vampirique,吸血活力I,zh-MY
Viteză termipnală,终端米普速度,zh-MY
Viễn Chinh,漫游者,zh-MY
Void Gauntlet,虚空手套,zh-MY
Void Staff,虚空之杖,zh-MY
Voința buzduganului,重锤之志,zh-MY
Voința titanului,泰坦的决意,zh-MY
Vojevůdcova čest,战神的荣耀,zh-MY
Volonté de la massue,重锤之志,zh-MY
Voluntad de la maza,重锤之志,zh-MY
Voluntad del Mazo,重锤之志,zh-MY
Volver al Ruedo,逆袭之路,zh-MY
Vorausdenken,远见卓识,zh-MY
Voto del Protettore,保卫者之誓,zh-MY
Voto del cavaliere,骑士誓愿,zh-MY
Vous vous sentez en veine ?,觉得自己幸运吗,zh-MY
Voyager,漫游者,zh-MY
Voyager Emblem,漫游者徽章,zh-MY
Voyageur,漫游者,zh-MY
Vražední čtveráci,愿四费与你同在,zh-MY
Vražednější klobouky,致命帽子,zh-MY
Vražednější čepele,致命利刃,zh-MY
Vrcholná sestava,最强构筑,zh-MY
Vuốt Rồng,龙之爪,zh-MY
Vyber vlastnost,选择特性,zh-MY
Vybíravé výběry,转不停,zh-MY
Vyhlazovač,歼灭者,zh-MY
Vyhnanci,流亡孤军,zh-MY
Vyplatí se čekat,值得等待,zh-MY
Vyrob si kamaráda,锻造一个朋友,zh-MY
Vysoké napětí,高压电流,zh-MY
Vytrvalý vzestup,上进心,zh-MY
Vyzyvatel,挑战者,zh-MY
Vzestup,飞升,zh-MY
Vágj utat,杀出血路,zh-MY
Válassz adottságot,选择特性,zh-MY
Válečná stezka,刃马合一,zh-MY
Válogatás nélkül,无差别杀手,zh-MY
Vámpírerő I.,吸血活力I,zh-MY
Ván Cược Hoàng Kim,黄金豪赌,zh-MY
Ván Cược URF,阿福式开局,zh-MY
Vánek,西风匕首,zh-MY
Várható váratlanság,意料之中的意外,zh-MY
Vânătoare de comori,寻宝之旅,zh-MY
Vânător galactic,银河猎手,zh-MY
Vânătorul de uriași,巨人杀手,zh-MY
Vé Kim Cương,七彩棱镜入场券,zh-MY
Végjátékbeli erőnövelés,后期成长,zh-MY
Végtelen kétségbeesés,无尽绝望,zh-MY
Végtelen védelem,无尽守护,zh-MY
Végzethozó,砰爆,zh-MY
Vérszomjas,嗜血者,zh-MY
Véráldozat,血祭,zh-MY
Véráldozat,血的代价,zh-MY
Vírusmátrix,恶意软件矩阵,zh-MY
Vô Cực Kiếm,无尽之刃,zh-MY
Vô Pháp,叛道者,zh-MY
Võ Sĩ Giác Đấu,赏金战士,zh-MY
Vörös erősítés,红增益,zh-MY
Výbušný růst,爆炸式增长,zh-MY
Výcvik tělesného strážce,保镖训练,zh-MY
Výrobce holí,法杖工匠,zh-MY
Výrobce mečů,铸剑工匠,zh-MY
Výzva chaosu,混乱的呼唤,zh-MY
Văl uniform,均等法衣,zh-MY
Vălul nemișcării,寂静法衣,zh-MY
Věčná dohoda,永恒契约,zh-MY
Věštec,先知,zh-MY
Věž,塔楼,zh-MY
Vœu du chevalier,骑士誓愿,zh-MY
Vœu du protecteur,保卫者之誓,zh-MY
Vůle palcátu,重锤之志,zh-MY
Vươn Tới Tinh Tú,伸手摘群星,zh-MY
Vương Miện Chiến Thuật,棋手皇冠,zh-MY
Vương Miện Hoàng Gia,冕卫,zh-MY
Vương Miện Hắc Hóa,诅咒之冠,zh-MY
Vương Miện Nặng Trĩu,王冠之重,zh-MY
W Czepku Urodzony,出身豪门,zh-MY
W Czwórce Siła,增援部队,zh-MY
Wachsende Wurzeln,生根发芽,zh-MY
Wampiryczna Żywotność,吸血活力I,zh-MY
Wand Overflow,魔棒过载,zh-MY
Wanderer,漫游者,zh-MY
Wanderer-Emblem,漫游者徽章,zh-MY
Warlord's Honor,战神的荣耀,zh-MY
Warmog vértje,好战者铠甲,zh-MY
Warmog's Armor,好战者铠甲,zh-MY
Warmog'un Zırhı,好战者铠甲,zh-MY
Warmogova zbroj,好战者铠甲,zh-MY
Warmogs Rüstung,好战者铠甲,zh-MY
Warpath,刃马合一,zh-MY
Warto Poczekać,值得等待,zh-MY
Wartość Dodana,两倍价值,zh-MY
Wczesna Nauka,早期教育,zh-MY
We Stick Together,我们团结一致,zh-MY
Weise Ausgaben,精打细算,zh-MY
Weltraum-Groove,太空律动,zh-MY
Weltraum-Groove-Emblem,太空律动徽章,zh-MY
Wezwanie Chaosu,混乱的呼唤,zh-MY
Widmowy Rapier,鬼使弯刀,zh-MY
Wie ist es um dein Glück bestellt?,觉得自己幸运吗,zh-MY
Wieczny Brąz,终身青铜,zh-MY
Wieczny Pakt,永恒契约,zh-MY
Wiederaufnahme der Mission,重启任务,zh-MY
Wielka Wygrana,最后赢家,zh-MY
Wielki Wybuch,大霹雳星系,zh-MY
Wielkie Poświęcenie,全力以赴,zh-MY
Wielkość i Potęga,巨人之力,zh-MY
Wieża,塔楼,zh-MY
Willkürlicher Killer,无差别杀手,zh-MY
Win Out,最后赢家,zh-MY
"Winzig, aber tödlich",小巧但致命,zh-MY
Winzige Titanen,小小大英雄,zh-MY
Winzigster Titan,小小泰坦,zh-MY
Wir halten zusammen,我们团结一致,zh-MY
Wise Spending,精打细算,zh-MY
Wit's End,智慧末刃,zh-MY
Withered Relic,凋零的遗物,zh-MY
Wkalkulowana Strata,这次战败也在计算之中,zh-MY
Wojenna Ścieżka,刃马合一,zh-MY
Wola Buławy,重锤之志,zh-MY
Worth the Wait,值得等待,zh-MY
Woven Magic,编织魔法,zh-MY
Wskrzeszenie,复活的恩赐,zh-MY
Wsparcie,并肩作战,zh-MY
Wspinaczka po Drabince,冲榜战士,zh-MY
Wspólne Siły,携手合作,zh-MY
Wybierz cechę,选择特性,zh-MY
Wygięty Łuk,反曲弓,zh-MY
Wygnańcy,流亡孤军,zh-MY
Wykuj Znajomego,锻造一个朋友,zh-MY
Wykuklenie,木偶化,zh-MY
Wykuto w Sile,力炼之躯,zh-MY
Wyniesienie,飞升,zh-MY
Wyprzedaż na Ostro,火热促销,zh-MY
Wyrocznia,先知,zh-MY
Wysokie Napięcie,高压电流,zh-MY
Wytnij sobie drogę,杀出血路,zh-MY
Wywyższenie Kayle,凯尔的升腾,zh-MY
Wzmacniający Medalion,支配宝匣,zh-MY
Wzmocnienie Raz i Dwa,一个增益，两个增益,zh-MY
Wälzer der Attribute,特性典籍,zh-MY
Wędrujący Krab,河蟹,zh-MY
Włócznia Shojin,精进之矛,zh-MY
Xayah,刹雅,zh-MY
Xoay Bài Tự Động,重整装置,zh-MY
Xây Dựng Đội Hình,团队建设,zh-MY
Xúc Xắc Hoành Tráng,史诗重骰,zh-MY
Xúc Xắc Ma Pháp,魔法骰子,zh-MY
Xúc Xắc Vô Tận,转不停,zh-MY
Xạ Thần,重枪女武神,zh-MY
Yaldızlı Çelik,镀金钢铁,zh-MY
Yalnız Zırh,孤身铁铠,zh-MY
Yampiri Yengeç,河蟹,zh-MY
Yan Etkiler,副作用,zh-MY
Yarı İletken,半导体,zh-MY
Yasak İdol,禁忌之像,zh-MY
Yasuo Figyelemmegosztása,犽宿的共享光采,zh-MY
Yasuo aranymezője,犽宿的黄金格子,zh-MY
Yasuo kardforgatása,犽宿的剑术,zh-MY
Yasuo áldása,犽宿的增益,zh-MY
Yasuo'nun Altın Hücresi,犽宿的黄金格子,zh-MY
Yasuo'nun Kılıç Sanatı,犽宿的剑术,zh-MY
Yasuo'nun Lütfu,犽宿的增益,zh-MY
Yasuo'nun İlgi Budalası Eklentisi,犽宿的共享光采,zh-MY
Yasuo's Bladework,犽宿的剑术,zh-MY
Yasuo's Boon,犽宿的增益,zh-MY
Yasuo's Golden Hex,犽宿的黄金格子,zh-MY
Yasuo's Share The Spotlight,犽宿的共享光采,zh-MY
Yasuo: Împarte centrul atenției,犽宿的共享光采,zh-MY
Yasuos Goldfeld,犽宿的黄金格子,zh-MY
Yasuos Klingentanz,犽宿的剑术,zh-MY
Yasuos Segen,犽宿的增益,zh-MY
Yasuos „Teile das Rampenlicht“,犽宿的共享光采,zh-MY
Yasuovo mistrovství meče,犽宿的剑术,zh-MY
Yasuovo zlaté pole,犽宿的黄金格子,zh-MY
Yasuův dar,犽宿的增益,zh-MY
Yasuův Široký paprsek,犽宿的共享光采,zh-MY
Yatırımın Getirisi,投资,zh-MY
Yayılan Kökler,生根发芽,zh-MY
Yayım Yayındır,我弓于你手,zh-MY
Yağmacı,劫掠者,zh-MY
Yağmacı Amblemi,劫掠者徽章,zh-MY
Yaşayan Ocak,活火炉,zh-MY
Yedek Yaylar,备用弓,zh-MY
Yelmo Adaptable,适性神盔,zh-MY
Yelmo adaptable,适性神盔,zh-MY
Yelmo sombrío,劫掠者,zh-MY
Yeni Çağ,纪年伊始,zh-MY
Yenilemeye Devam,滚起优势,zh-MY
Yenilmez,不屈,zh-MY
Yok Edici,歼灭者,zh-MY
Yolumdan Dönmem,不侦察，不变阵,zh-MY
You Have My Bow,我弓于你手,zh-MY
Yozlaşmış Vampirî Asa,腐败吸血鬼权杖,zh-MY
Yük Aktarımı,电荷转移I,zh-MY
Yüklü Borç,高级贷款,zh-MY
Yüksek Voltaj,高压电流,zh-MY
Yükseliş,飞升,zh-MY
Yıldız Gözlemcisi,观星者,zh-MY
Yıldız Gözlemcisi Amblemi,观星者徽章,zh-MY
Yıldız Kombosu,星光连击,zh-MY
Yıldızlara Uzan,伸手摘群星,zh-MY
Yıpranmış Antika,凋零的遗物,zh-MY
Za jakou cenu,代价是什么,zh-MY
Zaangażowanie,投资,zh-MY
Zaawansowana Pożyczka,高级贷款,zh-MY
Zabiják obrů,巨人杀手,zh-MY
Zabójca do Wynajęcia,雇佣杀手,zh-MY
Zabójczy Kapelusz Rabadona,死亡之帽,zh-MY
Zagracony Umysł,思绪杂乱,zh-MY
Zagłada,砰爆,zh-MY
Zakopane Skarby,埋藏的宝物,zh-MY
Zakopané poklady,埋藏的宝物,zh-MY
Zamankıran,破时者,zh-MY
Zamankıran Amblemi,破时者徽章,zh-MY
Zamiř ke hvězdám,伸手摘群星,zh-MY
Zaměřovací optika,目标锁定光学仪,zh-MY
Zaneprázdněná mysl,思绪杂乱,zh-MY
Zapora Przedniej Formacji,前排地基,zh-MY
Zapovězená modla,禁忌之像,zh-MY
Zaprzepaszczona Znajomość,失去联络,zh-MY
Zapuszczanie Korzeni,生根发芽,zh-MY
Zararına Satış,火热促销,zh-MY
Zasłona Równości,均等法衣,zh-MY
Zbiry,叛道者,zh-MY
Zbytečně dlouhá hůl,巨型魔棒,zh-MY
Zdobená pěstnice,宝石手套,zh-MY
Zdobený květ,珠光莲花,zh-MY
Zdrang!,当头棒喝！,zh-MY
Zed,劫,zh-MY
Zed,入侵者 劫,zh-MY
Zed Invasor,入侵者 劫,zh-MY
Zed Invasore,入侵者 劫,zh-MY
Zed Kẻ Xâm Lăng,入侵者 劫,zh-MY
Zefir,西风匕首,zh-MY
Zefiro,西风匕首,zh-MY
Zefír,西风匕首,zh-MY
Zeitbrecher,破时者,zh-MY
Zeitbrecher-Emblem,破时者徽章,zh-MY
Zeița armelor,重枪女武神,zh-MY
Zeke hírnöke,锡柯的号角,zh-MY
Zeke komor hírnöke,锡柯的悲鸣号角,zh-MY
Zeke'nin Kasvetli Sancağı,锡柯的悲鸣号角,zh-MY
Zeke'nin Sancağı,锡柯的号角,zh-MY
Zeke's Bleak Herald,锡柯的悲鸣号角,zh-MY
Zeke's Herald,锡柯的号角,zh-MY
Zekes Herold,锡柯的号角,zh-MY
Zekes düsterer Herold,锡柯的悲鸣号角,zh-MY
Zekeův pochmurný posel,锡柯的悲鸣号角,zh-MY
Zekeův posel,锡柯的号角,zh-MY
Zephir,西风匕首,zh-MY
Zephyr,西风匕首,zh-MY
Zesílení do závěru hry,后期成长,zh-MY
Zhouba lichů,巫妖之祸,zh-MY
Zielerfassungslinse,目标锁定光学仪,zh-MY
Zihin Açıklığı,思绪清晰,zh-MY
Zihin Bulanıklığı,思绪杂乱,zh-MY
Zihinsel Hazırlık,灵气农兵,zh-MY
Zincir Yelek,锁子甲,zh-MY
Zindelik Broşu,支配宝匣,zh-MY
Zjazd Urodzinowy,生日团聚,zh-MY
Zkázonoš,砰爆,zh-MY
Zlaté vejce,黄金蛋,zh-MY
Zlatý drak,金龙降世,zh-MY
Zlatý hod,黄金豪赌,zh-MY
Zlatý monzun,财源滚滚,zh-MY
Zlodějské rukavice,窃贼手套,zh-MY
Zlodějíček,小偷小摸,zh-MY
Zmora Licza,巫妖之祸,zh-MY
Zoe,柔依,zh-MY
Zorn des Kraken,海妖之怒,zh-MY
Zoé,柔依,zh-MY
Zrcadlová osobnost,镜影化身,zh-MY
Zručná výroba,精心打造,zh-MY
Zrádné upírské žezlo,腐败吸血鬼权杖,zh-MY
Zsivány,叛道者,zh-MY
Zsivány embléma,叛道者徽章,zh-MY
Zsúfolt elme,思绪杂乱,zh-MY
Ztracené konexe,失去联络,zh-MY
Zu etwas nütze,派上用场,zh-MY
Zu viel Wert,两倍价值,zh-MY
Zu welchem Preis,代价是什么,zh-MY
Zu zäh,坦度成双,zh-MY
Zumito de la risa,卡帕果汁,zh-MY
Zusammenarbeit,携手合作,zh-MY
Zwillingswächter,双子守护者,zh-MY
Zwycięstwo Viktora z Arcane,奥术 维克特式胜利,zh-MY
Zz'Rot Kapısı,虚空之门,zh-MY
Zz'Rot Portal,虚空之门,zh-MY
Zz'Rot-Portal,虚空之门,zh-MY
Zz'Rot-kapu,虚空之门,zh-MY
Zákeřná monetizace,恶意变现,zh-MY
Základ přední řady,前排地基,zh-MY
Záložní luky,备用弓,zh-MY
Záporozó könnyek,泪流不止,zh-MY
Závěrečný spurt,最后赢家,zh-MY
Zářivý rošťák,圣光捣蛋鬼,zh-MY
Zéfiro,西风匕首,zh-MY
Zéphyr,西风匕首,zh-MY
Zügiger Doppelkill,疾速双杀,zh-MY
Ząb Nashora,纳什之牙,zh-MY
Złote Jajo,黄金蛋,zh-MY
Złote Pole Yasuo,犽宿的黄金格子,zh-MY
Złote Ryzyko,黄金豪赌,zh-MY
Złoty Smok,金龙降世,zh-MY
Złowroga Monetyzacja,恶意变现,zh-MY
¡Bonk!,当头棒喝！,zh-MY
¡Estadísticas a tutiplén!,成吨数据！,zh-MY
¡Milestadísticas!,成吨数据！,zh-MY
¡Pum!,当头棒喝！,zh-MY
¡Sube de nivel!,升级！,zh-MY
¡Subes de nivel!,升级！,zh-MY
¿A qué precio?,代价是什么,zh-MY
¿Hacemos un Muñeco?,木偶化,zh-MY
¿Te Sientes con Suerte?,觉得自己幸运吗,zh-MY
À toute meepesse,终端米普速度,zh-MY
Ábrete Camino,杀出血路,zh-MY
Ác Nữ,暗黑女士,zh-MY
Állhatatos szív,坚毅之心,zh-MY
Ám Ảnh Của Varus,法洛士的执念,zh-MY
Ánima,百兽,zh-MY
Áo Choàng Bóng Tối,夜色缘界,zh-MY
Áo Choàng Bạc,负极斗篷,zh-MY
Áo Choàng Chiến Thuật,棋手斗篷,zh-MY
Áo Choàng Diệt Vong,无尽绝望,zh-MY
Áo Choàng Gai,刺藤胸甲,zh-MY
Áo Choàng Lửa,日炎斗篷,zh-MY
Áo Choàng Mờ Ám,可疑风衣,zh-MY
Áo Choàng Thủy Ngân,水银兜帽,zh-MY
Áo Choàng Tĩnh Lặng,寂静法衣,zh-MY
Árbitro,裁决者,zh-MY
Árnybáb,暗影傀儡,zh-MY
Árvore de Características,特性之树,zh-MY
Ân Huệ Của Ahri,阿璃的增益,zh-MY
Ân Huệ Của Aurelion Sol,翱锐龙兽的增益,zh-MY
Ân Huệ Của Ekko,艾克的增益,zh-MY
Ân Huệ Của Evelynn,伊芙琳的增益,zh-MY
Ân Huệ Của Kayle,凯尔的增益,zh-MY
Ân Huệ Của Soraka,索拉卡的增益,zh-MY
Ân Huệ Của Thresh,瑟雷西的增益,zh-MY
Ân Huệ Của Varus,法洛士的增益,zh-MY
Ân Huệ Của Yasuo,犽宿的增益,zh-MY
Ân Huệ Tái Sinh,复活的恩赐,zh-MY
Ägide der Abenddämmerung,暮夜之盾,zh-MY
Ägide der Morgendämmerung,黎明之盾,zh-MY
Çelik İntikam,重枪女武神,zh-MY
Çelikten Yürek,钢铁之心,zh-MY
Çifte Ödül,双排,zh-MY
Échos réparateurs,疗愈回响,zh-MY
Édes falatok,甜点,zh-MY
Égida del Amanecer,黎明之盾,zh-MY
Égida del Ocaso,暮夜之盾,zh-MY
Égida del amanecer,黎明之盾,zh-MY
Égida del anochecer,暮夜之盾,zh-MY
Égide da Alvorada,黎明之盾,zh-MY
Égide de l'aube,黎明之盾,zh-MY
Égide do Crepúsculo,暮夜之盾,zh-MY
Égide du crépuscule,暮夜之盾,zh-MY
Électrocharge,电光反击,zh-MY
Élharcos,先锋战士,zh-MY
Élharcos embléma,先锋战士徽章,zh-MY
Énke,米普,zh-MY
Énke embléma,米普徽章,zh-MY
Énkesebesség,终端米普速度,zh-MY
Énkike,米普,zh-MY
Época,纪年伊始,zh-MY
Építhető kísérő,构筑一名伙伴：,zh-MY
Éradicateur,歼灭者,zh-MY
Étincelle ionique,爱欧尼亚星火,zh-MY
Éveil de l'âme,灵魂觉醒,zh-MY
Éxito Crítico,暴击式成功,zh-MY
Éxito crítico,暴击式成功,zh-MY
Ídolo Prohibido,禁忌之像,zh-MY
Ídolo Proibido,禁忌之像,zh-MY
Ídolo prohibido,禁忌之像,zh-MY
Îmbrâncire,砰地重击,zh-MY
Îmbrățișare de grup,集体拥抱I,zh-MY
Împrumut avansat,高级贷款,zh-MY
În echipă,携手合作,zh-MY
Încărcare electrică,电光反击,zh-MY
Înfățișarea sufletului,振奋盔甲,zh-MY
Întețește focul,煽风点火,zh-MY
Învingătorii iau totul,赏金战士,zh-MY
Învățături timpurii,早期教育,zh-MY
Óptica de Fijación de Objetivo,目标锁定光学仪,zh-MY
Óptica de fijado de objetivos,目标锁定光学仪,zh-MY
Óriásölő,巨人杀手,zh-MY
Ô Hoàng Kim của Yasuo,犽宿的黄金格子,zh-MY
Ôm Tập Thể,集体拥抱I,zh-MY
Ödüllü Müsabaka,赏金战士,zh-MY
Ölüm Kılıcı,死神之刃,zh-MY
Ölümcül Bıçaklar,致命利刃,zh-MY
Öncü,先锋战士,zh-MY
Öncü Amblemi,先锋战士徽章,zh-MY
Örök paktum,永恒契约,zh-MY
Összetartunk,我们团结一致,zh-MY
Összetevőrablás,组件劫案,zh-MY
Össztűz,专注火焰,zh-MY
Ösztönző medál,支配宝匣,zh-MY
Övszállítmány,腰带过载,zh-MY
Özel Yapım,全新出厂,zh-MY
Özellik Ağacı,特性之树,zh-MY
Özellik Seç,选择特性,zh-MY
Özellikler Kitabı,特性典籍,zh-MY
Újonc,招兵买马,zh-MY
Újraalkotó,重整装置,zh-MY
Újrahasznosító láda,回收再利用,zh-MY
Újrasorsolás napestig,转不停,zh-MY
Últimas palabras,最后耳语,zh-MY
Último Suspiro,最后耳语,zh-MY
Último Sussurro,最后耳语,zh-MY
Úsměv štěstěny,觉得自己幸运吗,zh-MY
Úsvit nad Stříbromořím,银织黎明,zh-MY
Útočníkův řemdih,打手连枷,zh-MY
Úvodní poznatky,早期教育,zh-MY
Übergroßer Stab,巨型魔棒,zh-MY
Überlebender,生存专家,zh-MY
Übungspuppe,训练木偶,zh-MY
Ürességkesztyű,虚空手套,zh-MY
Üçler Ordusu,三费军团,zh-MY
Üçlük,三重奏,zh-MY
Ý Chỉ Xích Chùy,重锤之志,zh-MY
Ăn Mòn,腐蚀,zh-MY
Ăn Trộm,小偷小摸,zh-MY
Čekající kovárna,潜心锻造,zh-MY
Čepel smrti,死神之刃,zh-MY
Červený buff,红增益,zh-MY
Čistá mysl,思绪清晰,zh-MY
Částečné vyzdvižení,部分飞升,zh-MY
Đai Khổng Lồ,巨人腰带,zh-MY
Đam Mê Gậy,魔棒过载,zh-MY
Đam Mê Kiếm,大剑过载,zh-MY
Đam Mê Đai Lưng,腰带过载,zh-MY
Đao Chớp,烁刃,zh-MY
Đao Tím,智慧末刃,zh-MY
Đo Ni Đóng Giày,好运手套,zh-MY
Đá Hắc Hóa,枯萎宝石,zh-MY
Đánh Là Trúng,一击即中,zh-MY
Đường Ra Trận,刃马合一,zh-MY
Được Này Mất Kia,派上用场,zh-MY
Đại Bác Liên Thanh,冲击火炮,zh-MY
Đấu Sĩ,武斗家,zh-MY
Đầu Tư,投资,zh-MY
Đẩy Nhanh Tiến Độ,上进心,zh-MY
Đặc Quyền Phú Gia,出身豪门,zh-MY
Định Mệnh,命运编织者,zh-MY
Đồng Minh Của Bụt,守望者的盟友,zh-MY
Độc Hành,流亡孤军,zh-MY
Đội Hình Tối Ưu,最强构筑,zh-MY
Động Cơ Tăng Tốc,发条加速器,zh-MY
İdman Eldiveni,格斗手套,zh-MY
İhtiyaç Paketi,爱心包裹,zh-MY
İki Elin Sesi Var,两倍价值,zh-MY
İki Kat Güçlendirme,一个增益，两个增益,zh-MY
İkinci Şans,回春,zh-MY
İkiz Muhafızlar,双子守护者,zh-MY
İleri Görüşlülük,远见卓识,zh-MY
İleri Safha Gücü,后期成长,zh-MY
İleri Safhalarda Görüşürüz,专打后期,zh-MY
İlk Öğretiler,早期教育,zh-MY
İstilacı Zed,入侵者 劫,zh-MY
İyon Kıvılcımı,爱欧尼亚星火,zh-MY
Ładunek Elektryczny,电光反击,zh-MY
Łamacze Czasu,破时者,zh-MY
Ławka Pandory,潘多拉的备战区,zh-MY
Łubudu!,当头棒喝！,zh-MY
Łuki Zapasowe,备用弓,zh-MY
Łut Szczęścia,觉得自己幸运吗,zh-MY
Łza Bogini,女神之泪,zh-MY
Łącze Cybernetyczne,仿生上行链,zh-MY
Łącze Drona,无人机上行链路,zh-MY
Œuf d'or,黄金蛋,zh-MY
Říční krab,河蟹,zh-MY
Ślubowanie Protektora,保卫者之誓,zh-MY
Świetliste Wywyższenie Kayle,凯尔的圣光升腾,zh-MY
Świetlisty Szelma,圣光捣蛋鬼,zh-MY
Świeży Wyrób,全新出厂,zh-MY
Świt Srebrzystej,银织黎明,zh-MY
Şafak Kalkanı,黎明之盾,zh-MY
Şafağın Özü,曙光核心,zh-MY
Şans Benimle,觉得自己幸运吗,zh-MY
Şanslı Eldiven,好运手套,zh-MY
Şanslı Hissediyorum,混乱的呼唤,zh-MY
Şapkat Nektarı,卡帕果汁,zh-MY
Şifalı Küreler,治疗法球,zh-MY
Şifalı Yankılar,疗愈回响,zh-MY
Şok Dayanıklı,坦度成双,zh-MY
Şövalyenin Adağı,骑士誓愿,zh-MY
Šplhání žebříčkem,冲榜战士,zh-MY
Štít soumraku,暮夜之盾,zh-MY
Štít úsvitu,黎明之盾,zh-MY
Šťáva Cappa,卡帕果汁,zh-MY
Űrzúzda,太空律动,zh-MY
Űrzúzda embléma,太空律动徽章,zh-MY
Żelazne Zasoby,钢铁资产,zh-MY
Żywa Kuźnia,活火炉,zh-MY
Żywe Srebro,水银兜帽,zh-MY
Železné vybavení,钢铁资产,zh-MY
Živoucí kovárna,活火炉,zh-MY
Žoldnéř,劫掠者,zh-MY
Žďuch!,当头棒喝！,zh-MY
Țesător al destinului,命运编织者,zh-MY
Țintește spre stele,伸手摘群星,zh-MY
Άατροξ,厄萨斯,zh-MY
Άνιμα,百兽,zh-MY
Άξιζε η Αναμονή,值得等待,zh-MY
Έζρεαλ,伊泽瑞尔,zh-MY
Έμβλημα N.O.V.A.,N.O.V.A.徽章,zh-MY
Έμβλημα Άνιμα,百兽特攻队徽章,zh-MY
Έμβλημα Αστρομάντη,观星者徽章,zh-MY
Έμβλημα Βοσκού,牧魂人徽章,zh-MY
Έμβλημα Διεκδικητή,挑战者徽章,zh-MY
Έμβλημα Ελεύθερου Σκοπευτή,狙击专家徽章,zh-MY
Έμβλημα Εμπροσθοφυλακής,先锋战士徽章,zh-MY
Έμβλημα Καβγατζή,武斗家徽章,zh-MY
Έμβλημα Κριτή,裁决者徽章,zh-MY
Έμβλημα Μιπ,米普徽章,zh-MY
Έμβλημα Πριμόρντιαν,远古霸者徽章,zh-MY
Έμβλημα Σελασπίδας,光盾之纹,zh-MY
Έμβλημα Σκοτεινού Ιππότη,劫掠者徽章,zh-MY
Έμβλημα Ταξιδευτή,漫游者徽章,zh-MY
Έμβλημα Χρονοθραύστη,破时者徽章,zh-MY
Έμβλημα του Αλήτη,叛道者徽章,zh-MY
Έμβλημα του Διαστημικού Ρυθμού,太空律动徽章,zh-MY
Έμβλημα του Προτειχίσματος,壁垒徽章,zh-MY
Έμβλημα του Σκοτεινού Άστρου,幽冥煞星徽章,zh-MY
Έμβλημα των Σιδηρών Σολάρι,日轮的加冕,zh-MY
Ένα Κομμάτι Ζωή,生活片段,zh-MY
"Ένα, Δύο, Πέντε!",一、二、五！,zh-MY
"Ένα, Δύο, Τρία",一二三,zh-MY
Όλεθρος των Απέθαντων,巫妖之祸,zh-MY
Όρκος του Ιππότη,骑士誓愿,zh-MY
Όρκος του Υπερασπιστή,保卫者之誓,zh-MY
Όψη Πνευμάτων,振奋盔甲,zh-MY
Ύποπτη Καπαρντίνα,可疑风衣,zh-MY
Αγωγός,导能者,zh-MY
Αδάμαστος,不屈,zh-MY
Αιγίδα της Αυγής,黎明之盾,zh-MY
Αιγίδα του Δειλινού,暮夜之盾,zh-MY
Αιμοδιψής,嗜血者,zh-MY
Αιχμή του Απείρου,无尽之刃,zh-MY
Αιώνας,纪年伊始,zh-MY
Αιώνια Διαθήκη,永恒契约,zh-MY
Ακάλι,阿卡莉,zh-MY
Ακλόνητη Καρδιά,坚毅之心,zh-MY
Αλήτης,叛道者,zh-MY
Αμοιβαίο Κεφάλαιο,对冲基金,zh-MY
Ανέλιξη,上进心,zh-MY
Αναλογική αύξηση προς το τέλος του παιχνιδιού,后期成长,zh-MY
Αναμονή του Απροσδόκητου,意料之中的意外,zh-MY
Ανασυνδυαστής,重整装置,zh-MY
Ανεβαίνοντας στην Κατάταξη,冲榜战士,zh-MY
Ανταπόδοση,复仇,zh-MY
Αντιγραφέας,复制者,zh-MY
Αντικείμενα Πανδώρας,潘多拉的道具,zh-MY
Απέραντη Απόγνωση,无尽绝望,zh-MY
Απαγορευμένο Είδωλο,禁忌之像,zh-MY
Απατεώνας,私房钱,zh-MY
Απλωμένες Ρίζες,生根发芽,zh-MY
Αποθεωτικό Σιδηρουργείο,神化锻炉,zh-MY
Αποκλειστική Προσαρμογή,专属定制,zh-MY
Απομίμηση,复制,zh-MY
Αποφασιστικότητα του Τιτάνα,泰坦的决意,zh-MY
Αρετή του Μάρτυρα,烈士之德,zh-MY
Ασημένιο Κουτάλι,出身豪门,zh-MY
Ασπίδα για Έναν,孤身铁铠,zh-MY
Ασπίδα του Συμβούλου,棋手盾牌,zh-MY
Αστρικός Συνδυασμός,星光连击,zh-MY
Αστρομάντης,观星者,zh-MY
Ατσάλινοι Πόροι,钢铁资产,zh-MY
Αυγή στο Σίλβερμιρ,银织黎明,zh-MY
Αυτοσχέδια Πανοπλία,临时战甲,zh-MY
Αφύπνιση Ψυχής,灵魂觉醒,zh-MY
Βάρα και Σκάσε,一击即中,zh-MY
Βάρδος,巴德,zh-MY
Βέιγκαρ,维迦,zh-MY
Βίκτορ,维克特,zh-MY
Βίκτορ της Απόκρυφης Γνώσης,奥术 维克特式胜利,zh-MY
Βαρύ Τίμημα,代价是什么,zh-MY
Βελτιστοποίηση,极限拉满,zh-MY
Βεξ,薇可丝,zh-MY
Βιονικά Εμφυτεύματα,仿生植入物,zh-MY
Βιονική Ζεύξη,仿生上行链,zh-MY
Βοσκός,牧魂人,zh-MY
Βρες Το Κέντρο Σου,C位觉悟,zh-MY
Γ.Μ.Τ. Σπαθί,暴风大剑,zh-MY
Γάντι του Κενού,虚空手套,zh-MY
Γάντια Μονομαχίας,格斗手套,zh-MY
Γάντια του Κλέφτη,窃贼手套,zh-MY
Γάντια του Φούρναρη,手套,zh-MY
Γαλαξιακός Κυνηγός,银河猎手,zh-MY
Γαριδρομέας,河蟹,zh-MY
Γιαταγάνι Φαντασμάτων,鬼使弯刀,zh-MY
Γκναρ,呐儿,zh-MY
Γκουέν,关,zh-MY
Γκράγκας,古拉格斯,zh-MY
Γκρέιβς,葛雷夫,zh-MY
Γκόλεμ,魔像,zh-MY
Γνωσιακή Υπερφόρτιση,认知超负荷,zh-MY
Γνωσιακό Κόστος,认知税,zh-MY
Γρήγορη Διπλή Εξόντωση,疾速双杀,zh-MY
Γρήγορη Εκκίνηση,快速入门,zh-MY
Δάκρυ της Θεάς,女神之泪,zh-MY
Δάνειο για προχωρημένους,高级贷款,zh-MY
Δίδυμοι Φύλακες,双子守护者,zh-MY
Δεν Υποχωρούμε,坚守前线,zh-MY
Δεσμευτική Στρατηγική,全力以赴,zh-MY
Διάβρωση,腐蚀,zh-MY
Διάταξη,排兵布阵,zh-MY
Διαδρομή Πολέμου,刃马合一,zh-MY
Διαστημικός Ρυθμός,太空律动,zh-MY
Διεκδικητής,挑战者,zh-MY
Διεφθαρμένο Βαμπιρικό Σκήπτρο,腐败吸血鬼权杖,zh-MY
Διοικήτρια Άνιμα,百兽指挥官,zh-MY
Διοικητής,指挥官,zh-MY
Διπλή Αξία,两倍价值,zh-MY
Δοκίμασε Την Τύχη Σου,觉得自己幸运吗,zh-MY
Δόντι του Νάσορ,纳什之牙,zh-MY
Δόρυ του Σοτζίν,精进之矛,zh-MY
Δύο Ντούκια,坦度成双,zh-MY
Δώρο Γενεθλίων,生日礼物,zh-MY
Δώσε,砰地重击,zh-MY
Εδραιωμένη Εμπροσθοφυλακή,前排地基,zh-MY
Εδώ οι Καλές Ενισχύσεις,一个增益，两个增益,zh-MY
Εδώ το Παραδάκι,贪财,zh-MY
Ειδικός Τελικών Σταδίων Παιχνιδιού,专打后期,zh-MY
Εισβολέας Ζεντ,入侵者 劫,zh-MY
Εκπαίδευση Σωματοφύλακα,保镖训练,zh-MY
Εκπτώσεις-φωτιά,火热促销,zh-MY
Εκρηκτική Ανάπτυξη,爆炸式增长,zh-MY
Εκστρατεία,远征,zh-MY
Ελαφρώς Μαγική Ζαριά,轻魔重骰,zh-MY
Ελεύθερος Σκοπευτής,狙击专家,zh-MY
Εμπορικός Πυρήνας,商业核心,zh-MY
Εμπορικός Τομέας,贸易大亨,zh-MY
Εμπροσθοφυλακή,先锋战士,zh-MY
Ενισχυμένη Ισχύς,增幅之力,zh-MY
Εξολοθρευτής,歼灭者,zh-MY
Εξόριστοι,流亡孤军,zh-MY
Εξύψωση,飞升,zh-MY
Επέκταση,另辟新境,zh-MY
Επένδυση,投资,zh-MY
Επίχρυσο Ατσάλι,镀金钢铁,zh-MY
Επαγγελματίας Δολοφόνος,雇佣杀手,zh-MY
Επαγγελματίας Μαχητής,赏金战士,zh-MY
Επανεκκίνηση Αποστολής,重启任务,zh-MY
Επιζών,生存专家,zh-MY
Επικίνδυνες Κινήσεις,一着险棋,zh-MY
Επικό Μπαρμπούτι,史诗重骰,zh-MY
Επιλέξτε Χαρακτηριστικό,选择特性,zh-MY
Επόμενη Πίστα!,升级！,zh-MY
Εστιασμένο Πυρ,专注火焰,zh-MY
Ευελιξία,灵活变通,zh-MY
Ευλογία Ανάστασης,复活的恩赐,zh-MY
Ευλογία του Νταή,好战者的恩赐,zh-MY
Ευπροσάρμοστο Κράνος,适性神盔,zh-MY
Εφεδρικά Τόξα,备用弓,zh-MY
Ζάια,刹雅,zh-MY
Ζέφυρος,西风匕首,zh-MY
Ζεντ,劫,zh-MY
Ζεύξη με Ντρόουν,无人机上行链路,zh-MY
Ζοφερός Κήρυκας του Ζέκε,锡柯的悲鸣号角,zh-MY
Ζωντανή Πυρά,活火炉,zh-MY
Ζόη,柔依,zh-MY
Ζώνη του Γίγαντα,巨人腰带,zh-MY
Η Έξαρση της Κέιλ,凯尔的升腾,zh-MY
Η Ακτινοβόλος Έξαρση της Κέιλ,凯尔的圣光升腾,zh-MY
Η Αύρα της Άρι,阿璃的灵气,zh-MY
Η Εμμονή του Βάρους,法洛士的执念,zh-MY
Η Μεγάλη Έκρηξη,大霹雳星系,zh-MY
Η Ξιφασκία του Υασούο,犽宿的剑术,zh-MY
Η Υπομονή Είναι Αρετή,忍耐是美德,zh-MY
Η Υπομονή του Έκκο,艾克的耐心,zh-MY
Η Ψυχή του Πάρτι,派对大咖,zh-MY
Η ομάδα πάνω απ' όλα,携手合作,zh-MY
Ηλεκτροφόρτιση,电光反击,zh-MY
Ημιαγωγός,半导体,zh-MY
Ηρωικός Σάκος Δώρων,英勇惊喜包,zh-MY
Θέατρο Σκιών,暗影傀儡,zh-MY
Θέληση του Ροπάλου,重锤之志,zh-MY
Θαμμένοι Θησαυροί,埋藏的宝物,zh-MY
Θανάσιμα Καπέλα,致命帽子,zh-MY
Θεά των Όπλων,重枪女武神,zh-MY
Θεϊκή Ευλογία,神之祝福,zh-MY
Θεϊκός Μονομάχος,仙灵斗士,zh-MY
Θυσία Αίματος,血祭,zh-MY
Θώρακας Κισσού,刺藤胸甲,zh-MY
Ιαματικός Αντίλαλος,疗愈回响,zh-MY
Ιλλαόη,伊罗旖,zh-MY
Ιστορική Ανατροπή,逆袭之路,zh-MY
Ιόνιος Σπίθα,爱欧尼亚星火,zh-MY
Κάδος με Παλιοσίδερα,回收再利用,zh-MY
Κάι'Σα,凯莎,zh-MY
Κάλεσμα στο Χάος,混乱的呼唤,zh-MY
Κάπα του Συμβούλου,棋手斗篷,zh-MY
Κάρμα,卡玛,zh-MY
Κάτι Κάνω και Εγώ,派上用场,zh-MY
Κέιτλιν,凯特琳,zh-MY
Κήρυκας του Ζέκε,锡柯的号角,zh-MY
Κίντρεντ,镜爪,zh-MY
Καβγατζής,武斗家,zh-MY
Καθαρό Μυαλό,思绪清晰,zh-MY
Κακόβουλα Έσοδα,恶意变现,zh-MY
Καλά Φιλαράκια,一生挚友,zh-MY
Κανόνι από Γυαλί,玻璃大炮,zh-MY
Καπέλο του Ράμπαντον,死亡之帽,zh-MY
Καρδιά από Ατσάλι,钢铁之心,zh-MY
Καταιγίδα του Λούντεν,卢登骤雨,zh-MY
Καταναλωτική Μανία,购物狂欢,zh-MY
Καταραμένη Λεπίδα,诅咒之刃,zh-MY
Καταραμένο Πετράδι,枯萎宝石,zh-MY
Καταραμένο Στέμμα,诅咒之冠,zh-MY
Καταστροφέας,砰爆,zh-MY
Κατοπτρισμένη Προσωπικότητα,镜影化身,zh-MY
Κατώτερη Κατοπτρισμένη Προσωπικότητα,次级镜影化身,zh-MY
Καχουναχούνα,卡胡纳胡纳,zh-MY
Κολοσσιαία Ύδρα,泰坦九头蛇,zh-MY
Κοσμική Επανεκκίνηση,宇宙重启,zh-MY
Κουζίνα του Συμβούλου,棋手厨房,zh-MY
Κουκλοποίηση,木偶化,zh-MY
Κούκλα Εκπαίδευσης,训练木偶,zh-MY
Κούκλες Δοκιμής Σύγκρουσης,碰撞测试假人,zh-MY
Κρίσιμη Επιτυχία,暴击式成功,zh-MY
Κριτής,裁决者,zh-MY
Κρυφό Εργαστήριο,潜心锻造,zh-MY
Κυνήγι Θησαυρού,寻宝之旅,zh-MY
Κυρτό Τόξο,反曲弓,zh-MY
Κόκκινη Ενίσχυση,红增益,zh-MY
Κόπανος Εφόδου,打手连枷,zh-MY
Κόρκι,库奇,zh-MY
Κύπελλο της Δύναμης,力量圣杯,zh-MY
ΛεΜπλάν,勒布朗,zh-MY
Λεγεώνα των Τριών,三费军团,zh-MY
Λειτουργία Αγωγού,导能者模式,zh-MY
Λειτουργία Αντιγραφέα,复制者模式,zh-MY
Λειτουργία Διεκδικητή,挑战者模式,zh-MY
Λελογισμένη Ήττα,这次战败也在计算之中,zh-MY
Λεπίδα Θανάτου,死神之刃,zh-MY
Λεπίδα της Νύχτας,夜色缘界,zh-MY
Λεόνα,雷欧娜,zh-MY
Ληστεία Συστατικών,组件劫案,zh-MY
Λισάντρα,丽珊卓,zh-MY
Λογαριασμός Ταμιευτηρίου,储蓄账户,zh-MY
Λούλου,露璐,zh-MY
Λυτρωτής,圣光审判者,zh-MY
Μάζωξη γενεθλίων,生日团聚,zh-MY
Μάντης,先知,zh-MY
Μάστερ Γι,易大师,zh-MY
Μέγιστο Build,最强构筑,zh-MY
Μένουμε Ενωμένοι,我们团结一致,zh-MY
Μίλιο,米里欧,zh-MY
Μίνι Μαύρη Τρύπα,迷你黑洞,zh-MY
Μαγική Ζαριά,魔法骰子,zh-MY
Μαγικό Υφαντό,编织魔法,zh-MY
Μαγοτεχνικό Σπαθοπίστολο,海克斯科技枪刃,zh-MY
Μαζί Ενωμένοι,并肩作战,zh-MY
Μαζί στο Φως των Προβολέων του Υασούο,犽宿的共享光采,zh-MY
Μαθήματα Πυγμαχίας,拳击训练,zh-MY
Μανδύας Εξουδετέρωσης,负极斗篷,zh-MY
Μανδύας του Ήλιου,日炎斗篷,zh-MY
Μαοκάι,茂凯,zh-MY
Μεγάλοι Και Τρανοί,巨人之力,zh-MY
Μερική Εξύψωση,部分飞升,zh-MY
Μεταφορά Φορτίου,电荷转移I,zh-MY
Μια Ένδοξη Περιπέτεια,至尊探险,zh-MY
Μικροί Στο Μάτι,小巧但致命,zh-MY
Μικροσκοπικοί Τιτάνες,小小大英雄,zh-MY
Μικρούληδες Φίλοι,小小伙伴,zh-MY
Μικρός Σάκος Δώρων,小型惊喜包,zh-MY
Μιπ,米普,zh-MY
Μιπίδιο,米普,zh-MY
Μις Φόρτσουν,好运姐,zh-MY
Μοργκάνα,魔甘娜,zh-MY
Μορελονομικόν,黑魔禁书,zh-MY
Μορντεκάιζερ,魔斗凯萨,zh-MY
Μπελ'Βεθ,贝尔薇斯,zh-MY
Μπλίτζκρανκ,布里茨,zh-MY
Μπλε Ενίσχυση,蓝增益,zh-MY
Μπονκ!,当头棒喝！,zh-MY
Μπράιαρ,布蕾尔,zh-MY
Νάμι,娜米,zh-MY
Νάσους,纳瑟斯,zh-MY
Νεοσύλλεκτος,招兵买马,zh-MY
Νούνου και Γουίλαμπ,努努和威朗普,zh-MY
Ντιάνα,黛安娜,zh-MY
Ντόρτια,增援部队,zh-MY
Νύχι του Δράκου,龙之爪,zh-MY
Νύχια του Λωποδύτη,潜行者之爪,zh-MY
Ο Δολοφόνος που δεν Κάνει Διακρίσεις,无差别杀手,zh-MY
Ο Πάγκος της Πανδώρας,潘多拉的备战区,zh-MY
Ο Πρωταγωνιστής δεν Πεθαίνει,主角威能,zh-MY
Ο Πύργος,塔楼,zh-MY
Ο Χρυσός Δράκος,金龙降世,zh-MY
Ο πιο Μικροσκοπικός Τιτάνας,小小泰坦,zh-MY
"ΟΧΙ ΠΑΡΑΚΟΛΟΥΘ., ΟΧΙ ΑΛΛΑΓΕΣ",不侦察，不变阵,zh-MY
Οι Απροσάρμοστοι,叛逆者,zh-MY
"Οικονόμος, όχι Τσιγκούνης",精打细算,zh-MY
Ολοκαίνουργιο,全新出厂,zh-MY
Ομαδική Αγκαλιά,集体拥抱I,zh-MY
Οπτικά Συστήματα Στόχευσης,目标锁定光学仪,zh-MY
Οργή του Κράκεν,海妖之怒,zh-MY
Οργανικό Εμφύτευμα,共感植入,zh-MY
Οργισμένο Σπαθί του Γκουίνσου,鬼索的狂暴之刃,zh-MY
Ορν,鄂尔,zh-MY
Ουρά Αναμονής Για Δύο,双排,zh-MY
Ούργκοτ,乌尔加特,zh-MY
Πάικ,派克,zh-MY
Πάνθεον,潘森,zh-MY
Πέπλο Δειλινού,均等法衣,zh-MY
Πέπλο της Σιωπής,寂静法衣,zh-MY
Πέτρινη Πανοπλία του Γκαργκόιλ,石像鬼盘核,zh-MY
Πακέτο Ενίσχυσης,拓展包,zh-MY
Πακέτο Φροντίδας,爱心包裹,zh-MY
Πανοπλία του Γόρμογκ,好战者铠甲,zh-MY
Παρανοϊκό Ξίφος,智慧末刃,zh-MY
Παρασιτική Ζωτικότητα,吸血活力I,zh-MY
Παρενέργειες,副作用,zh-MY
Περίσσευμα Ζωνών,腰带过载,zh-MY
Περίσσευμα Ραβδιών,魔棒过载,zh-MY
Περίσσευμα Σπαθιών,大剑过载,zh-MY
Περίτεχνη Δημιουργία,精心打造,zh-MY
Περικάρπιο του Ερευνητή,探索者护腕,zh-MY
Περιττά Τεράστια Ράβδος,巨型魔棒,zh-MY
Περπάτα στα Κάρβουνα,煽风点火,zh-MY
Πετραδένιο Γάντι,宝石手套,zh-MY
Πετραδένιος Λωτός,珠光莲花,zh-MY
Πηγαίνοντας Μακριά,做多,zh-MY
Πιο Θανάσιμες Λεπίδες,致命利刃,zh-MY
Πλέγμα Κακόβουλου Λογισμικού,恶意软件矩阵,zh-MY
Πνεύμα Λύτρωσης,救赎之灵,zh-MY
Πολλά Στατιστικά!,成吨数据！,zh-MY
Πολλές Ανανεώσεις,转不停,zh-MY
Πολυκαιρισμένο Κειμήλιο,凋零的遗物,zh-MY
Πολυτελής Συνδρομή,奢华订阅,zh-MY
Πολύπλευρο Κέρδος,最后赢家,zh-MY
Πριμόρντιαν,远古霸者,zh-MY
Πρισματικό Εισιτήριο,七彩棱镜入场券,zh-MY
Προνοητική Σκέψη,远见卓识,zh-MY
Προστασία από Άπειρο,无尽守护,zh-MY
Προτείχισμα,壁垒,zh-MY
Προτείχισμα,堡垒,zh-MY
Πρόκληση του Στέρακ,史特拉克手套,zh-MY
Πρώιμες Διδαχές,早期教育,zh-MY
Πόπι,波比,zh-MY
Πύλη Ζζ'Ροτ,虚空之门,zh-MY
Ράαστ,勒哈斯特,zh-MY
Ράβδος του Κενού,虚空之杖,zh-MY
Ράβδος των Σεραφίμ,炽天使之杖,zh-MY
Ράμους,拉姆斯,zh-MY
Ρίβεν,雷玟,zh-MY
Ραβδί Αρχάγγελου,大天使之杖,zh-MY
Ρεκ'Σάι,雷珂煞,zh-MY
Σάκος Δώρων,道具惊喜包,zh-MY
Σάκος Δώρων του Ουρφ,阿福大礼包,zh-MY
Σάκος Μεγάλου Κάβουρα,大型惊喜包,zh-MY
Σαμίρα,煞蜜拉,zh-MY
Σεν,慎,zh-MY
Σιδερόπλεκτο Γιλέκο,锁子甲,zh-MY
Σκοτεινή Κυρία,暗黑女士,zh-MY
Σκοτεινό Άστρο,幽冥煞星,zh-MY
Σκοτεινός Ιππότης,劫掠者,zh-MY
Σκοτισμένο Μυαλό,思绪杂乱,zh-MY
Σμιλεμένο με Δύναμη,力炼之躯,zh-MY
Σοκολατάκια,甜点,zh-MY
Σούφρωμα,小偷小摸,zh-MY
Σπάτουλα,锅铲,zh-MY
Στέμμα του Συμβούλου,棋手皇冠,zh-MY
Στεμματοφύλακας,冕卫,zh-MY
Στιλέτο Στατικού Ηλεκτρισμού,史提克弹簧刀,zh-MY
Στόχος μας τα Άστρα,伸手摘群星,zh-MY
Συγκέντρωση Δυνάμεων,回春,zh-MY
Συγκέντρωση Ορίζοντα,视界专注,zh-MY
Συμμορία,神偷军团,zh-MY
Συμμορία II,神偷军团 II,zh-MY
Συνδρομητική Υπηρεσία,订阅服务,zh-MY
Συνεχής Επίκληση,永续召唤,zh-MY
Συντήρηση Βιοΰλης,生物质保存剂,zh-MY
Σφαίρες Θεραπείας,治疗法球,zh-MY
Σχέδιο Οπισθοφυλακής,后排蓝图,zh-MY
Σόλο Άνοδος Επιπέδου,我独自升级,zh-MY
Σόνα,索娜,zh-MY
Σύμμαχος του Οδοιπόρου,守望者的盟友,zh-MY
Σύσφιξη Δεσμών,团队建设,zh-MY
Τάλον,塔隆,zh-MY
Τίμο,提摩,zh-MY
Τα Δάκρυα Κύλησαν,泪流不止,zh-MY
Ταμ Κεντς,贪啃奇,zh-MY
Ταμπλό του Ήλιου,日炎燎原,zh-MY
Ταξιδευτής,漫游者,zh-MY
Τελευταίος Ψίθυρος,最后耳语,zh-MY
Τερμιπική Ταχύτητα,终端米普速度,zh-MY
Τεχνίτης Ραβδιών,法杖工匠,zh-MY
Τεχνίτης Σπαθιών,铸剑工匠,zh-MY
Τζαξ,贾克斯,zh-MY
Τζιν,烬,zh-MY
Τζινξ,吉茵珂丝,zh-MY
Τηγάνι,平底锅,zh-MY
Τιμή σε Αίμα,血的代价,zh-MY
Τιμή του Πολέμαρχου,战神的荣耀,zh-MY
Το Ένστικτο της Έβελιν,伊芙琳的本能,zh-MY
Το Δέντρο των Χαρακτηριστικών,特性之树,zh-MY
Το Δώρο της Άρι,阿璃的增益,zh-MY
Το Δώρο της Έβελιν,伊芙琳的增益,zh-MY
Το Δώρο της Κέιλ,凯尔的增益,zh-MY
Το Δώρο της Σοράκα,索拉卡的增益,zh-MY
Το Δώρο του Έκκο,艾克的增益,zh-MY
Το Δώρο του Βάρους,法洛士的增益,zh-MY
Το Δώρο του Θρες,瑟雷西的增益,zh-MY
Το Δώρο του Υασούο,犽宿的增益,zh-MY
Το Δώρο του Ωρέλιον Σολ,翱锐龙兽的增益,zh-MY
Το Θαύμα της Σοράκα,索拉卡的奇迹,zh-MY
Το Λημέρι του Βαρόνου,巴龙幻域,zh-MY
Το Μέγεθος Μετράει,尺有所短、寸有所长,zh-MY
Το Πανίσχυρο Mech,强大机甲,zh-MY
Το Στέμμα Είναι Βαρύ,王冠之重,zh-MY
Το Τέχνασμα του Ουρφ,阿福式开局,zh-MY
Το Τεσσάρι το Καλό,愿四费与你同在,zh-MY
Το Τόξο μου στη Διάθεσή σου,我弓于你手,zh-MY
Το Φανάρι του Θρες,瑟雷西的灯笼,zh-MY
Το Χαρντκόρε Της Αυγής,曙光核心,zh-MY
Το Χρυσό Αυγό,黄金蛋,zh-MY
Τονωτικό Μενταγιόν,支配宝匣,zh-MY
Τουίστεντ Φέιτ,逆命,zh-MY
Τρίδυμο,三重奏,zh-MY
Τρεμολεπίδες,烁刃,zh-MY
Τσεκούρι της Κόλασης,狱火战斧,zh-MY
Τσο'Γκαθ,科加斯,zh-MY
Τυχερά Γάντια,好运手套,zh-MY
Τόμος Χαρακτηριστικών,特性典籍,zh-MY
"Τώρα Κλαις, Γιατί Κλαις",泪流成河,zh-MY
Τώρα Που Έχω Ρέντα,滚起优势,zh-MY
ΥΠΕΡΤΑΧYΤΑΤΟ ΠΥΡ,阿福驾到,zh-MY
Υδράργυρος,水银兜帽,zh-MY
Υπέρλαμπρος Κατεργάρης,圣光捣蛋鬼,zh-MY
Υπομονετική Μελέτη,刻苦钻研,zh-MY
Υφάντρα της Μοίρας,命运编织者,zh-MY
Υψηλή Τάση,高压电流,zh-MY
Φαρμάρισμα Αύρας,灵气农兵,zh-MY
Φιζ,飞斯,zh-MY
Φιόρα,菲欧拉,zh-MY
Φλεγόμενο Ολμοβόλο,冲击火炮,zh-MY
Φολιδωτή Ουσία,微光龙鳞精萃,zh-MY
Φονέας Γιγάντων,巨人杀手,zh-MY
Φορητό Εργαστήριο,携带型打铁铺,zh-MY
Φτιάξε Έναν Φίλο,锻造一个朋友,zh-MY
Φτιάξε τον Δικό σου Φίλο,芽苞初放,zh-MY
Φτιάξτε έναν σύντροφο,构筑一名伙伴：,zh-MY
Φυλαχτό της Εξύψωσης,升华护符,zh-MY
Χάλκινη για Πάντα,终身青铜,zh-MY
Χέρι της Δικαιοσύνης,正义手套,zh-MY
Χαμένες Συνδέσεις,失去联络,zh-MY
Χαράξτε Μονοπάτι,杀出血路,zh-MY
Χαρτζιλίκι,午餐钱,zh-MY
Χρηματοθύελλα,财源滚滚,zh-MY
Χρονοθραύστης,破时者,zh-MY
Χρυσό Εξάγωνο του Υασούο,犽宿的黄金格子,zh-MY
Χρυσό Ποντάρισμα,黄金豪赌,zh-MY
Χυμός Κάπα,卡帕果汁,zh-MY
Ψαροκόκκαλο,恶鲨火箭,zh-MY
Ψυχογενές Έμβλημα,灵能者徽章,zh-MY
Ψυχογενής,灵能者,zh-MY
Ωρέλιον Σολ,翱锐龙兽,zh-MY
Ωρολογιακός Επιταχυντής,发条加速器,zh-MY
Ωρόρα,极光,zh-MY
Авангард,先锋战士,zh-MY
Аврора,极光,zh-MY
Агрессивная монетизация,恶意变现,zh-MY
Адаптивный шлем,适性神盔,zh-MY
Акали,阿卡莉,zh-MY
Арбитр,裁决者,zh-MY
Арена солнечного пламени,日炎燎原,zh-MY
Атрокс,厄萨斯,zh-MY
Аугментированная сила,增幅之力,zh-MY
Аура Ари,阿璃的灵气,zh-MY
Аурелион Сол,翱锐龙兽,zh-MY
Бард,巴德,zh-MY
Башня,塔楼,zh-MY
Бел'Вет,贝尔薇斯,zh-MY
Бесконечное отчаяние,无尽绝望,zh-MY
Благословлен.,神之祝福,zh-MY
Близость удачи,觉得自己幸运吗,zh-MY
Блицкранк,布里茨,zh-MY
Божественный дуэлянт,仙灵斗士,zh-MY
Более смертельные шляпы,致命帽子,zh-MY
Больше – лучше,尺有所短、寸有所长,zh-MY
Большой взрыв,大霹雳星系,zh-MY
Большой мешок с сюрпризом,大型惊喜包,zh-MY
Боньк!,当头棒喝！,zh-MY
Брайер,布蕾尔,zh-MY
Бронза навек,终身青铜,zh-MY
Бунтари,叛逆者,zh-MY
Буря Людена,卢登骤雨,zh-MY
Бустер,拓展包,zh-MY
В лучах славы (Ясуо),犽宿的共享光采,zh-MY
В ударе,滚起优势,zh-MY
Варежки,手套,zh-MY
Вверх по головам,冲榜战士,zh-MY
Вейгар,维迦,zh-MY
Векс,薇可丝,zh-MY
Вербовка,招兵买马,zh-MY
Верное сердце,坚毅之心,zh-MY
Вестник Зика,锡柯的号角,zh-MY
Вестник рока,砰爆,zh-MY
Вечерний покров,均等法衣,zh-MY
Вечное обновление,转不停,zh-MY
Вечный договор,永恒契约,zh-MY
Взрывной рост,爆炸式增长,zh-MY
Виктор,维克特,zh-MY
Возвышение Кейл,凯尔的升腾,zh-MY
Возмездие,复仇,zh-MY
Вознесение,飞升,zh-MY
Волевая победа,逆袭之路,zh-MY
Воля булавы,重锤之志,zh-MY
Воровская шайка,神偷军团,zh-MY
Воровская шайка II,神偷军团 II,zh-MY
Восстанавливающий медальон,支配宝匣,zh-MY
Вредоносная матрица,恶意软件矩阵,zh-MY
Вредоносный самоцвет,枯萎宝石,zh-MY
Второе дыхание,回春,zh-MY
Выбор особенности,选择特性,zh-MY
Выбор сделан,不侦察，不变阵,zh-MY
Выгодное предложение,精打细算,zh-MY
Выживший,生存专家,zh-MY
Высокая ценность,两倍价值,zh-MY
Высокое напряжение,高压电流,zh-MY
Галактика грува,太空律动,zh-MY
Гамбит Урфа,阿福式开局,zh-MY
Гвен,关,zh-MY
Герб Лайтшилдов,光盾之纹,zh-MY
Геройский мешок с сюрпризом,英勇惊喜包,zh-MY
Гибкость,灵活变通,zh-MY
Гнар,呐儿,zh-MY
Голем,魔像,zh-MY
Головокружение,思绪杂乱,zh-MY
Головорез,叛道者,zh-MY
Горнило испытаний,力炼之躯,zh-MY
Грабеж,小偷小摸,zh-MY
Грагас,古拉格斯,zh-MY
Грань Бесконечности,无尽之刃,zh-MY
Грань ночи,夜色缘界,zh-MY
Грейвз,葛雷夫,zh-MY
Гроза Личей,巫妖之祸,zh-MY
Гроза галактики,重枪女武神,zh-MY
Групповые обнимашки,集体拥抱I,zh-MY
Гуляка,派对大咖,zh-MY
Да пребудет с вами сила четверки,愿四费与你同在,zh-MY
Дальновидность,远见卓识,zh-MY
Дар Ари,阿璃的增益,zh-MY
Дар Аурелиона Сола,翱锐龙兽的增益,zh-MY
Дар Варуса,法洛士的增益,zh-MY
Дар Кейл,凯尔的增益,zh-MY
Дар Сораки,索拉卡的增益,zh-MY
Дар Треша,瑟雷西的增益,zh-MY
Дар Эвелинн,伊芙琳的增益,zh-MY
Дар Экко,艾克的增益,zh-MY
Дар Ясуо,犽宿的增益,zh-MY
Дар возрождения,复活的恩赐,zh-MY
Дар ремесленника,好战者的恩赐,zh-MY
Два стража,双子守护者,zh-MY
Двойная защита,坦度成双,zh-MY
Дебошир,武斗家,zh-MY
Дерево особенностей,特性之树,zh-MY
Держать строй!,坚守前线,zh-MY
Держимся вместе,我们团结一致,zh-MY
Джакс,贾克斯,zh-MY
Джин,烬,zh-MY
Джинкс,吉茵珂丝,zh-MY
Диана,黛安娜,zh-MY
Добродетель мученика,烈士之德,zh-MY
Доспех Вармога,好战者铠甲,zh-MY
Драгоценная перчатка,宝石手套,zh-MY
Драгоценный лотос,珠光莲花,zh-MY
Дух искупления,救赎之灵,zh-MY
Жажда золота,贪财,zh-MY
Железный аргумент,钢铁资产,zh-MY
Живая кузница,活火炉,zh-MY
Живучесть вампира,吸血活力I,zh-MY
Жулик,私房钱,zh-MY
Задира,挑战者,zh-MY
Закопанные сокровища,埋藏的宝物,zh-MY
Западный ветер,西风匕首,zh-MY
Запасные луки,备用弓,zh-MY
Запретный идол,禁忌之像,zh-MY
Заточка Статикка,史提克弹簧刀,zh-MY
Защита вечности,无尽守护,zh-MY
Звездная комбинация,星光连击,zh-MY
Звездочет,观星者,zh-MY
Звериный отряд,百兽,zh-MY
Зед,劫,zh-MY
Зеркальное отражение,镜影化身,zh-MY
Златоносная сущность,微光龙鳞精萃,zh-MY
Зов хаоса,混乱的呼唤,zh-MY
Зои,柔依,zh-MY
Золотая ячейка Ясуо,犽宿的黄金格子,zh-MY
Золотое яйцо,黄金蛋,zh-MY
Золотой дракон,金龙降世,zh-MY
Золотой риск,黄金豪赌,zh-MY
Золотой ураган,财源滚滚,zh-MY
Зуб Нашора,纳什之牙,zh-MY
Игра в команде,携手合作,zh-MY
Игра в паре,双排,zh-MY
Игра вдолгую,做多,zh-MY
Избиение,砰地重击,zh-MY
Изгнание,流亡孤军,zh-MY
Изогнутый лук,反曲弓,zh-MY
Иллаой,伊罗旖,zh-MY
Инвестиции,投资,zh-MY
Инстинкты Эвелинн,伊芙琳的本能,zh-MY
Ионийская искра,爱欧尼亚星火,zh-MY
Искупитель,圣光审判者,zh-MY
Искусное искусство,精心打造,zh-MY
Испытание Стерака,史特拉克手套,zh-MY
Иссушенная реликвия,凋零的遗物,zh-MY
Истребитель,歼灭者,zh-MY
Кай'Са,凯莎,zh-MY
Какой ценой?,代价是什么,zh-MY
Каменный доспех гаргульи,石像鬼盘核,zh-MY
Карма,卡玛,zh-MY
Карманные деньги,午餐钱,zh-MY
Карьерный рост,上进心,zh-MY
Кахунахуна,卡胡纳胡纳,zh-MY
Кейтлин,凯特琳,zh-MY
Киберимпланты,仿生植入物,zh-MY
Киберподдержка,仿生上行链,zh-MY
Киндред,镜爪,zh-MY
Клинок смерти,死神之刃,zh-MY
Клинок ярости Гинсу,鬼索的狂暴之刃,zh-MY
Клятва защитника,保卫者之誓,zh-MY
Клятва рыцаря,骑士誓愿,zh-MY
Книга особенностей,特性典籍,zh-MY
Когнитивная нагрузка,认知税,zh-MY
Когнитивная перегрузка,认知超负荷,zh-MY
Коготь дракона,龙之爪,zh-MY
Коготь охотника,潜行者之爪,zh-MY
Кольчуга,锁子甲,zh-MY
Командир,指挥官,zh-MY
Командир Звериного отряда,百兽指挥官,zh-MY
Конструктор,芽苞初放,zh-MY
Копье Седзина,精进之矛,zh-MY
Корки,库奇,zh-MY
Королевский венец,冕卫,zh-MY
Корона тактика,棋手皇冠,zh-MY
Коррозия,腐蚀,zh-MY
Космическое обновление,宇宙重启,zh-MY
Кража компонентов,组件劫案,zh-MY
Красное усиление,红增益,zh-MY
Критический успех,暴击式成功,zh-MY
Кровавая цена,血的代价,zh-MY
Кровавое подношение,血祭,zh-MY
Кровопийца,嗜血者,zh-MY
Крошки-великаны,小小大英雄,zh-MY
Крупный займ,高级贷款,zh-MY
Кузница апофеоза,神化锻炉,zh-MY
Кусочек жизни,生活片段,zh-MY
Кухня тактика,棋手厨房,zh-MY
Ле Блан,勒布朗,zh-MY
Легион троек,三费军团,zh-MY
Леденящий Вестник Зика,锡柯的悲鸣号角,zh-MY
Леона,雷欧娜,zh-MY
Летающие ножи,烁刃,zh-MY
Лиссандра,丽珊卓,zh-MY
Логово Барона,巴龙幻域,zh-MY
Лопатка,锅铲,zh-MY
Лулу,露璐,zh-MY
Лучезарное возвышение Кейл,凯尔的圣光升腾,zh-MY
Лучезарный плут,圣光捣蛋鬼,zh-MY
Лучшая сборка,最强构筑,zh-MY
Лучшие друзья,一生挚友,zh-MY
Магические кости,魔法骰子,zh-MY
"Мал, да удал",小巧但致命,zh-MY
Малая черная дыра,迷你黑洞,zh-MY
Маленькие друзья,小小伙伴,zh-MY
Малое Зеркальное отражение,次级镜影化身,zh-MY
Манекенофикация,木偶化,zh-MY
Манекены для краш-тестов,碰撞测试假人,zh-MY
Мантия тактика,棋手斗篷,zh-MY
Маокай,茂凯,zh-MY
Мародер,劫掠者,zh-MY
Мастер Йи,易大师,zh-MY
Мастер мечей,铸剑工匠,zh-MY
Мастер посохов,法杖工匠,zh-MY
Мастерство Ясуо,犽宿的剑术,zh-MY
Медальон Железных Солари,日轮的加冕,zh-MY
Мешок предметов,道具惊喜包,zh-MY
Мешок с сюрпризом Урфа,阿福大礼包,zh-MY
Милио,米里欧,zh-MY
Минмаксинг,极限拉满,zh-MY
Мипер,米普,zh-MY
Мипоритка,米普,zh-MY
Мисс Фортуна,好运姐,zh-MY
Могучие исполины,巨人之力,zh-MY
Моргана,魔甘娜,zh-MY
Мордекайзер,魔斗凯萨,zh-MY
Мореллономикон,黑魔禁书,zh-MY
Мощь на позднем этапе,后期成长,zh-MY
Н.О.В.А.,N.O.V.A,zh-MY
Набор ауры,灵气农兵,zh-MY
Наемный убийца,雇佣杀手,zh-MY
Накидка солнечного пламени,日炎斗篷,zh-MY
Накопитель биомассы,生物质保存剂,zh-MY
Накопительный вклад,储蓄账户,zh-MY
Нами,娜米,zh-MY
Наручи Искательницы,探索者护腕,zh-MY
Настоящий триумф,最后赢家,zh-MY
Насус,纳瑟斯,zh-MY
Небольшой мешок с сюрпризом,小型惊喜包,zh-MY
Непрерывное колдовство,永续召唤,zh-MY
Несокрушимый,壁垒,zh-MY
Нет на месте,强制中离,zh-MY
Неукротимость,不屈,zh-MY
Нечестивый Вампирский скипетр,腐败吸血鬼权杖,zh-MY
Новинка,全新出厂,zh-MY
Новый уровень!,升级！,zh-MY
Номер один,失去联络,zh-MY
Нуну и Виллумп,努努和威朗普,zh-MY
Облачение духов,振奋盔甲,zh-MY
Обновление с капелькой магии,轻魔重骰,zh-MY
Одержимость Варуса,法洛士的执念,zh-MY
Один доспех,孤身铁铠,zh-MY
"Один, два, три",一二三,zh-MY
"Одно усиление, два усиления",一个增益，两个增益,zh-MY
Ожидаемая неожиданность,意料之中的意外,zh-MY
Оплот,堡垒,zh-MY
Оплот передней линии,前排地基,zh-MY
Оправданное ожидание,值得等待,zh-MY
Оптика с захватом цели,目标锁定光学仪,zh-MY
Оракул,先知,zh-MY
Орн,鄂尔,zh-MY
Охота за сокровищами,寻宝之旅,zh-MY
Охотник Галактики,银河猎手,zh-MY
Пайк,派克,zh-MY
Пантеон,潘森,zh-MY
Пастух,牧魂人,zh-MY
Перезапуск миссии,重启任务,zh-MY
Переизбыток жезлов,魔棒过载,zh-MY
Переизбыток мечей,大剑过载,zh-MY
Переизбыток поясов,腰带过载,zh-MY
Перенос заряда,电荷转移I,zh-MY
Переносная кузница,携带型打铁铺,zh-MY
Переработка отходов,回收再利用,zh-MY
Перчатка Бездны,虚空手套,zh-MY
Перчатки вора,窃贼手套,zh-MY
Плетение магии,编织魔法,zh-MY
Плечом к плечу,并肩作战,zh-MY
Победа Виктора из ''Аркейна'',奥术 维克特式胜利,zh-MY
Побочные эффекты,副作用,zh-MY
Поглощающий плащ,负极斗篷,zh-MY
Подарок на день рождения,生日礼物,zh-MY
Подготовка телохранителя,保镖训练,zh-MY
Поднятие уровня в одиночку,我独自升级,zh-MY
Подозрительный плащ,可疑风衣,zh-MY
Подписка,订阅服务,zh-MY
Позолоченная сталь,镀金钢铁,zh-MY
Покров тишины,寂静法衣,zh-MY
Покупки,购物狂欢,zh-MY
Полупроводник,半导体,zh-MY
Поппи,波比,zh-MY
Портал Зз'Рота,虚空之门,zh-MY
Посох Бездны,虚空之杖,zh-MY
Посох архангела,大天使之杖,zh-MY
Посох серафима,炽天使之杖,zh-MY
Построение,排兵布阵,zh-MY
Посылка,爱心包裹,zh-MY
Пояс великана,巨人腰带,zh-MY
Празднование юбилея,生日团聚,zh-MY
Предметы Пандоры,潘多拉的道具,zh-MY
Предсмертный шепот,最后耳语,zh-MY
Приз победителю,赏金战士,zh-MY
Призматический билет,七彩棱镜入场券,zh-MY
Призрачная сабля,鬼使弯刀,zh-MY
Прицельная стрельба,专注火焰,zh-MY
Пришелец Зед,入侵者 劫,zh-MY
Пробуждение души,灵魂觉醒,zh-MY
Проводник,导能者,zh-MY
Прокладывание пути,杀出血路,zh-MY
Проклятая корона,诅咒之冠,zh-MY
Проклятый клинок,诅咒之刃,zh-MY
Псионик,灵能者,zh-MY
Пугливый краб,河蟹,zh-MY
Путь к вершине,至尊探险,zh-MY
Путь к звездам,伸手摘群星,zh-MY
Рааст,勒哈斯特,zh-MY
"Раз, два, пять!",一、二、五！,zh-MY
Разрушитель времени,破时者,zh-MY
Раммус,拉姆斯,zh-MY
Ранние уроки,早期教育,zh-MY
Распаленное пламя,煽风点火,zh-MY
Расползающиеся корни,生根发芽,zh-MY
Распродажа,火热促销,zh-MY
Расширение дела,另辟新境,zh-MY
Режим задиры,挑战者模式,zh-MY
Режим проводника,导能者模式,zh-MY
Режим репликатора,复制者模式,zh-MY
Рек'Сай,雷珂煞,zh-MY
Рекомбинатор,重整装置,zh-MY
Реликт,远古霸者,zh-MY
Репликатор,复制者,zh-MY
Репликация,复制,zh-MY
Решимость титана,泰坦的决意,zh-MY
Ривен,雷玟,zh-MY
Рискованный ход,一着险棋,zh-MY
Робот,机甲神盾,zh-MY
Роскошная подписка,奢华订阅,zh-MY
Рука правосудия,正义手套,zh-MY
С места в карьер,快速入门,zh-MY
С тобой мой лук,我弓于你手,zh-MY
Самира,煞蜜拉,zh-MY
Самодельный доспех,临时战甲,zh-MY
Самый Лучший Меч,暴风大剑,zh-MY
Самый крошечный великан,小小泰坦,zh-MY
Самый могучий робот,强大机甲,zh-MY
Свежая поставка,一击即中,zh-MY
Сверхмипная скорость,终端米普速度,zh-MY
Связь с дроном,无人机上行链路,zh-MY
Серебряная ложка,出身豪门,zh-MY
Сильвермирская заря,银织黎明,zh-MY
Симпатический имплант,共感植入,zh-MY
Синее усиление,蓝增益,zh-MY
Скамейка Пандоры,潘多拉的备战区,zh-MY
Скелетница,恶鲨火箭,zh-MY
Сковородка,平底锅,zh-MY
Скорострельная пушка,冲击火炮,zh-MY
Сладкие угощения,甜点,zh-MY
Слеза богини,女神之泪,zh-MY
Слезы рекой,泪流成河,zh-MY
Слишком Большой Жезл,巨型魔棒,zh-MY
Смертельная шляпа Рабадона,死亡之帽,zh-MY
Смертоносные клинки,致命利刃,zh-MY
Смерть Разума,智慧末刃,zh-MY
Снайпер,狙击专家,zh-MY
Создание друга,锻造一个朋友,zh-MY
Создание спутника,构筑一名伙伴：,zh-MY
Сона,索娜,zh-MY
Союзник,守望者的盟友,zh-MY
Специалист по поздним этапам,专打后期,zh-MY
Спящая кузница,潜心锻造,zh-MY
Стальное сердце,钢铁之心,zh-MY
Статическое электричество,电光反击,zh-MY
Стеклянная пушка,玻璃大炮,zh-MY
Странник,漫游者,zh-MY
Страховой фонд,对冲基金,zh-MY
Стремительное двойное убийство,疾速双杀,zh-MY
Стремительное серебро,水银兜帽,zh-MY
Струящиеся слезы,泪流不止,zh-MY
Суть коммерции,商业核心,zh-MY
Сфера лечения,治疗法球,zh-MY
Счастливые перчатки,好运手套,zh-MY
Сюжетная защита,主角威能,zh-MY
Таам Кенч,贪啃奇,zh-MY
Талисман вознесения,升华护符,zh-MY
Талон,塔隆,zh-MY
Твистед Фэйт,逆命,zh-MY
Темная звезда,幽冥煞星,zh-MY
Темная леди,暗黑女士,zh-MY
Теневая марионетка,暗影傀儡,zh-MY
Терновый жилет,刺藤胸甲,zh-MY
Терпеливый ученик,刻苦钻研,zh-MY
Терпение,忍耐是美德,zh-MY
Терпение Экко,艾克的耐心,zh-MY
Тимбилдинг,团队建设,zh-MY
Тимо,提摩,zh-MY
Титаническая гидра,泰坦九头蛇,zh-MY
Ткач судьбы,命运编织者,zh-MY
Тонны показателей!,成吨数据！,zh-MY
Топор адского пламени,狱火战斧,zh-MY
Торговый сектор,贸易大亨,zh-MY
Тренировочные перчатки,格斗手套,zh-MY
Тренировочный манекен,训练木偶,zh-MY
Триада,三重奏,zh-MY
Тропа войны,刃马合一,zh-MY
Тяжел венец,王冠之重,zh-MY
У.Р.Ф.,阿福驾到,zh-MY
Убийство без разбора,无差别杀手,zh-MY
Убийца великанов,巨人杀手,zh-MY
Ургот,乌尔加特,zh-MY
Уроки бокса,拳击训练,zh-MY
Физз,飞斯,zh-MY
Фиора,菲欧拉,zh-MY
Фонарь Треша,瑟雷西的灯笼,zh-MY
Хекстековый прицел,视界专注,zh-MY
Хекстековый штык,海克斯科技枪刃,zh-MY
Хитрая тактика,这次战败也在计算之中,zh-MY
Хоть какая-то польза,派上用场,zh-MY
Целеустремленность,全力以赴,zh-MY
Центр внимания,C位觉悟,zh-MY
Цеп вышибалы,打手连枷,zh-MY
Часовой механизм,发条加速器,zh-MY
Частичное вознесение,部分飞升,zh-MY
Чаша силы,力量圣杯,zh-MY
Чертеж для задней линии,后排蓝图,zh-MY
Честь полководца,战神的荣耀,zh-MY
Четырехкратное усиление,增援部队,zh-MY
Чо'Гат,科加斯,zh-MY
Чудо Сораки,索拉卡的奇迹,zh-MY
Шапучий напиток,卡帕果汁,zh-MY
Шая,刹雅,zh-MY
Шен,慎,zh-MY
Щит тактика,棋手盾牌,zh-MY
Эгида рассвета,黎明之盾,zh-MY
Эгида сумерек,暮夜之盾,zh-MY
Эзреаль,伊泽瑞尔,zh-MY
Эксклюзивная кастомизация,专属定制,zh-MY
Экспедиция,远征,zh-MY
Эмблема Галактики грува,太空律动徽章,zh-MY
Эмблема Звериного отряда,百兽特攻队徽章,zh-MY
Эмблема Н.О.В.А.,N.O.V.A.徽章,zh-MY
Эмблема Темной звезды,幽冥煞星徽章,zh-MY
Эмблема авангарда,先锋战士徽章,zh-MY
Эмблема арбитра,裁决者徽章,zh-MY
Эмблема головореза,叛道者徽章,zh-MY
Эмблема дебошира,武斗家徽章,zh-MY
Эмблема задиры,挑战者徽章,zh-MY
Эмблема звездочета,观星者徽章,zh-MY
Эмблема мародера,劫掠者徽章,zh-MY
Эмблема мипера,米普徽章,zh-MY
Эмблема несокрушимого,壁垒徽章,zh-MY
Эмблема пастуха,牧魂人徽章,zh-MY
Эмблема псионика,灵能者徽章,zh-MY
Эмблема разрушителя времени,破时者徽章,zh-MY
Эмблема реликта,远古霸者徽章,zh-MY
Эмблема снайпера,狙击专家徽章,zh-MY
Эмблема странника,漫游者徽章,zh-MY
Эпические обновления,史诗重骰,zh-MY
Эпоха,纪年伊始,zh-MY
Эхо восстановления,疗愈回响,zh-MY
Ядро рассвета,曙光核心,zh-MY
Ярость кракена,海妖之怒,zh-MY
Ясный ум,思绪清晰,zh-MY
آتروكس,厄萨斯,zh-MY
أربعة تكسب ترقية,增援部队,zh-MY
أصغر عملاق,小小泰坦,zh-MY
أطنان من الإحصاءات!,成吨数据！,zh-MY
أفضل الأصدقاء,一生挚友,zh-MY
أكالي,阿卡莉,zh-MY
أنيما,百兽,zh-MY
أورغوت,乌尔加特,zh-MY
أورن,鄂尔,zh-MY
أورورا,极光,zh-MY
أوريليون سول,翱锐龙兽,zh-MY
إرادة الصولجان,重锤之志,zh-MY
إزريال,伊泽瑞尔,zh-MY
إعادة المهمة,重启任务,zh-MY
إيلاوي,伊罗旖,zh-MY
اتصالات فائتة,失去联络,zh-MY
اختر خاصية,选择特性,zh-MY
اختصاصي نهاية المباراة,专打后期,zh-MY
استبدالٌ ملحمي,史诗重骰,zh-MY
استحضار السحر المستمر,永续召唤,zh-MY
اعثر على مركزك,C位觉悟,zh-MY
الأحزمة الوفيرة,腰带过载,zh-MY
الأربعة تربح,愿四费与你同在,zh-MY
الأشقياء,叛逆者,zh-MY
الأصول الحديدية,钢铁资产,zh-MY
الأقواس الاحتياطية,备用弓,zh-MY
الأمر يستحق الانتظار,值得等待,zh-MY
الإنفاق الحكيم,精打细算,zh-MY
الاتصال الآلي,仿生上行链,zh-MY
الاتصال بالدرون,无人机上行链路,zh-MY
الاختلاس,小偷小摸,zh-MY
الارتقاء,飞升,zh-MY
الارتقاء الجزئي,部分飞升,zh-MY
الاستبدالات الوفيرة,转不停,zh-MY
الاستثمار,投资,zh-MY
الاستثمار طويل الأجل,做多,zh-MY
الاستخلاص المفيد,回收再利用,zh-MY
الاستنساخ,复制,zh-MY
الاستهلاك ضروري,砰地重击,zh-MY
الاشتراك الفخم,奢华订阅,zh-MY
الالتزام الصارم,全力以赴,zh-MY
الانفجار العظيم,大霹雳星系,zh-MY
البداية الكونية الجديدة,宇宙重启,zh-MY
البرج,塔楼,zh-MY
البرونزي حتى النهاية,终身青铜,zh-MY
البيضة الذهبية,黄金蛋,zh-MY
التآكل,腐蚀,zh-MY
التأثيرات الجانبية,副作用,zh-MY
التاج الملعون,诅咒之冠,zh-MY
التحفة الذابلة,凋零的遗物,zh-MY
التحويل إلى دمية,木偶化,zh-MY
الترقية!,升级！,zh-MY
التشكيل الأقصى,最强构筑,zh-MY
التصنيع المتقن,精心打造,zh-MY
التغيب عن اللعب,强制中离,zh-MY
التفكير المتقدم,远见卓识,zh-MY
التمثال المحرّم,禁忌之像,zh-MY
التنين الذهبي,金龙降世,zh-MY
التوسع,另辟新境,zh-MY
الثقب الأسود الصغير,迷你黑洞,zh-MY
الثلاثية,三重奏,zh-MY
الجوهرة المتلفة,枯萎宝石,zh-MY
الحارسان التوأمان,双子守护者,zh-MY
الحجم مهم,尺有所短、寸有所长,zh-MY
الحركات الخطرة,一着险棋,zh-MY
الحركة التصاعدية,上进心,zh-MY
الحقبة المميزة,纪年伊始,zh-MY
الحمل المعرفي الزائد,认知超负荷,zh-MY
الحملة الاستكشافية,远征,zh-MY
الخسارة المحسوبة,这次战败也在计算之中,zh-MY
الخوذة المتكيفة,适性神盔,zh-MY
الدراسة الصابرة,刻苦钻研,zh-MY
الدرع الساتر,均等法衣,zh-MY
الدروس المبكرة,早期教育,zh-MY
الدروع المؤقتة,临时战甲,zh-MY
الدموع المتدفقة,泪流不止,zh-MY
الذهن الصافي,思绪清晰,zh-MY
الذهن المشوّش,思绪杂乱,zh-MY
الرفاق الصغار,小小伙伴,zh-MY
الرمية السحرية,魔法骰子,zh-MY
الرمية السحرية المخفّفة,轻魔重骰,zh-MY
الرهان الذهبي,黄金豪赌,zh-MY
الزئبق,水银兜帽,zh-MY
السترة المدببة,刺藤胸甲,zh-MY
السترة المسلسلة,锁子甲,zh-MY
السحر المحبوك,编织魔法,zh-MY
السعي نحو النجوم,伸手摘群星,zh-MY
السيف الأبدي,无尽之刃,zh-MY
السيف الصاعق,史提克弹簧刀,zh-MY
السيف الطيفي,鬼使弯刀,zh-MY
السيف الهائل,暴风大剑,zh-MY
السيوف الوفيرة,大剑过载,zh-MY
السيولة,私房钱,zh-MY
الشحنة الكهربائية,电光反击,zh-MY
الشخصية المنعكسة,镜影化身,zh-MY
الشخصية المنعكسة المصغّرة,次级镜影化身,zh-MY
الشرائح الآلية,仿生植入物,zh-MY
الشرارة الأيونية,爱欧尼亚星火,zh-MY
الصامد,生存专家,zh-MY
الصبر فضيلة,忍耐是美德,zh-MY
الصغير الفتاك,小巧但致命,zh-MY
الصنديد,不屈,zh-MY
الضريبة المعرفية,认知税,zh-MY
الطابور الثنائي,双排,zh-MY
العمالقة الصغار,小小大英雄,zh-MY
العملاق القوي,巨人之力,zh-MY
العوائد الخبيثة,恶意变现,zh-MY
الفوز الكبير,最后赢家,zh-MY
الفولاذ المذهب,镀金钢铁,zh-MY
الفيلق الثلاثي,三费军团,zh-MY
القائدة,指挥官,zh-MY
القاتل المأجور,雇佣杀手,zh-MY
القتل المزدوج السريع,疾速双杀,zh-MY
القصاص,复仇,zh-MY
القصبات الوفيرة,魔棒过载,zh-MY
القفاز المرصع بالجواهر,宝石手套,zh-MY
القفازات,手套,zh-MY
القلب الراسخ,坚毅之心,zh-MY
القلب الفولاذي,钢铁之心,zh-MY
القوس المنحني,反曲弓,zh-MY
الكنوز المدفونة,埋藏的宝物,zh-MY
الكهرباء القوية,高压电流,zh-MY
اللعب الأمثل,极限拉满,zh-MY
اللوتس المرصع,珠光莲花,zh-MY
المبارزة السامية,仙灵斗士,zh-MY
المتعطش للدماء,嗜血者,zh-MY
المحدق بالنجوم,观星者,zh-MY
المحفز الأحمر,红增益,zh-MY
المخلّص,圣光审判者,zh-MY
المرن,灵活变通,zh-MY
المستبدل العشوائي,重整装置,zh-MY
المصهر الحي,活火炉,zh-MY
المصهر الكامن,潜心锻造,zh-MY
المصهر المحمول,携带型打铁铺,zh-MY
المعطف المشبوه,可疑风衣,zh-MY
المغامرة الفخمة,至尊探险,zh-MY
الملعقة الفضية,出身豪门,zh-MY
المنفيون,流亡孤军,zh-MY
الموقف الحرج,智慧末刃,zh-MY
الميثاق الأزلي,永恒契约,zh-MY
الميكا الجبار,强大机甲,zh-MY
المُبيد,歼灭者,zh-MY
النجاح الحرج,暴击式成功,zh-MY
النجم المظلم,幽冥煞星,zh-MY
النسيم العليل,西风匕首,zh-MY
النصال الخاطفة,烁刃,zh-MY
النصل الملعون,诅咒之刃,zh-MY
النمو المتفجر,爆炸式增长,zh-MY
النوبة الثانية,回春,zh-MY
النيران المركزة,专注火焰,zh-MY
الهمسة الأخيرة,最后耳语,zh-MY
الهيدرا العملاقة,泰坦九头蛇,zh-MY
الوسيط,导能者,zh-MY
الوغد المشع,圣光捣蛋鬼,zh-MY
انتصار فيكتور آركين,奥术 维克特式胜利,zh-MY
بارد,巴德,zh-MY
بانثيون,潘森,zh-MY
بايك,派克,zh-MY
براير,布蕾尔,zh-MY
برايمورديان,远古霸者,zh-MY
بكاء بلا جدوى,泪流成河,zh-MY
بلورات العلاج,治疗法球,zh-MY
بليتزكرانك,布里茨,zh-MY
بناء البطل,芽苞初放,zh-MY
بناء الفريق,团队建设,zh-MY
بناء مرافق,构筑一名伙伴：,zh-MY
بوابة ززروت,虚空之门,zh-MY
بوبي,波比,zh-MY
بيلفيث,贝尔薇斯,zh-MY
تأسيس الخط الأمامي,前排地基,zh-MY
تاج المخطِط,棋手皇冠,zh-MY
تالون,塔隆,zh-MY
تام كينش,贪啃奇,zh-MY
تخصيص حصري,专属定制,zh-MY
تخفيضات نارية,火热促销,zh-MY
تدريب الحارس الشخصي,保镖训练,zh-MY
تذكرة موشورية,七彩棱镜入场券,zh-MY
ترقية فردية,我独自升级,zh-MY
تركيز الأفق,视界专注,zh-MY
تسلّق سلم التصنيفات,冲榜战士,zh-MY
تشكيل الصفوف,排兵布阵,zh-MY
تشكيل الفريق,携手合作,zh-MY
تشوغاث,科加斯,zh-MY
تعزيزٌ هنا وتعزيزٌ هناك,一个增益，两个增益,zh-MY
تغذية ألسنة اللهب,煽风点火,zh-MY
تمجيد كايل,凯尔的升腾,zh-MY
تمجيد كايل المشع,凯尔的圣光升腾,zh-MY
تميمة الارتقاء,升华护符,zh-MY
توأم تانك,坦度成双,zh-MY
توسع الجذور,生根发芽,zh-MY
تويستد فايت,逆命,zh-MY
تيمو,提摩,zh-MY
ثمن الدم,血的代价,zh-MY
جاكس,贾克斯,zh-MY
جديد من المصنع,全新出厂,zh-MY
جوع المال,贪财,zh-MY
جوهر التجارة,商业核心,zh-MY
جوهر الحراشف اللامعة,微光龙鳞精萃,zh-MY
جوهر الفجر,曙光核心,zh-MY
جين,烬,zh-MY
جينكس,吉茵珂丝,zh-MY
حافظ المادة الحيوية,生物质保存剂,zh-MY
حاملة المصائب,砰爆,zh-MY
حامي التاج,冕卫,zh-MY
حزام العملاق,巨人腰带,zh-MY
حزمة الدعم,拓展包,zh-MY
حزمة الرعاية,爱心包裹,zh-MY
حساب الادخار,储蓄账户,zh-MY
حصاد الهالة,灵气农兵,zh-MY
حصن,壁垒,zh-MY
حقق مرادك,一击即中,zh-MY
حكاية العودة,逆袭之路,zh-MY
حلوى لذيذة,甜点,zh-MY
حليف الوصي,守望者的盟友,zh-MY
حماية الخطوط,坚守前线,zh-MY
حماية اللانهاية,无尽守护,zh-MY
حيوية مصاص الدماء,吸血活力I,zh-MY
خانة ياسو الذهبية,犽宿的黄金格子,zh-MY
خدمة الاشتراك,订阅服务,zh-MY
خطة عمل الخط الخلفي,后排蓝图,zh-MY
درع الصدر المنفرد,孤身铁铠,zh-MY
درع الغسق,暮夜之盾,zh-MY
درع الفجر,黎明之盾,zh-MY
درع المخطِط,棋手盾牌,zh-MY
درع صدر مرزاب الحجري,石像鬼盘核,zh-MY
درع وارموغ,好战者铠甲,zh-MY
دروس الملاكمة,拳击训练,zh-MY
دروع البطل,主角威能,zh-MY
دعوة إلى الفوضى,混乱的呼唤,zh-MY
دفعة أولية,快速入门,zh-MY
دكة بدلاء باندورا,潘多拉的备战区,zh-MY
دمعة الزعيمة,女神之泪,zh-MY
دمى اختبار التحطم,碰撞测试假人,zh-MY
دمية التدريب,训练木偶,zh-MY
دمية الظل,暗影傀儡,zh-MY
ديانا,黛安娜,zh-MY
راست,勒哈斯特,zh-MY
راعي,牧魂人,zh-MY
راموس,拉姆斯,zh-MY
رامي,狙击专家,zh-MY
رحالة,漫游者,zh-MY
رقص الفضاء,太空律动,zh-MY
رمح شوجين,精进之矛,zh-MY
رمز الدرع الخفيف,光盾之纹,zh-MY
رمية الحظ,觉得自己幸运吗,zh-MY
روح الافتداء,救赎之灵,zh-MY
رياح المال الموسمية,财源滚滚,zh-MY
ريفت سكاتلر,河蟹,zh-MY
ريفين,雷玟,zh-MY
ريكساي,雷珂煞,zh-MY
زايا,刹雅,zh-MY
زوي,柔依,zh-MY
زيادة القوة في نهاية المباراة,后期成长,zh-MY
زيد,劫,zh-MY
زيد الغازي,入侵者 劫,zh-MY
ستار السكون,寂静法衣,zh-MY
سكين سلاح الهيكستيك,海克斯科技枪刃,zh-MY
سلفة قرض,高级贷款,zh-MY
سميرة,煞蜜拉,zh-MY
سن ناشور,纳什之牙,zh-MY
سونا,索娜,zh-MY
سيدة الأسلحة,重枪女武神,zh-MY
سيدة الظلام,暗黑女士,zh-MY
شارة أنيما,百兽特攻队徽章,zh-MY
شارة الحصن,壁垒徽章,zh-MY
شارة الراعي,牧魂人徽章,zh-MY
شارة الرامي,狙击专家徽章,zh-MY
شارة الرحالة,漫游者徽章,zh-MY
شارة الطليعي,先锋战士徽章,zh-MY
شارة القاضي,裁决者徽章,zh-MY
شارة القوى الذهنية,灵能者徽章,zh-MY
شارة المارق,叛道者徽章,zh-MY
شارة المتحدّي,挑战者徽章,zh-MY
شارة المحدق بالنجوم,观星者徽章,zh-MY
شارة المشاجر,武斗家徽章,zh-MY
شارة المغير,劫掠者徽章,zh-MY
شارة النجم المظلم,幽冥煞星徽章,zh-MY
شارة برايمورديان,远古霸者徽章,zh-MY
شارة رقص الفضاء,太空律动徽章,zh-MY
شارة صديق الميب,米普徽章,zh-MY
شارة كاسر الزمن,破时者徽章,zh-MY
شارة نوفا,N.O.V.A.徽章,zh-MY
شبه الناقل,半导体,zh-MY
شجرة الخواص,特性之树,zh-MY
شرف أمير الحرب,战神的荣耀,zh-MY
شريحة التعاطف,共感植入,zh-MY
شق الدرب,杀出血路,zh-MY
شين,慎,zh-MY
صانع السيوف,铸剑工匠,zh-MY
صانع القصبات,法杖工匠,zh-MY
صبر إيكو,艾克的耐心,zh-MY
صحوة الروح,灵魂觉醒,zh-MY
صدى الشفاء,疗愈回响,zh-MY
صديق الميب,米普,zh-MY
صناعة صديق,锻造一个朋友,zh-MY
صندوق التحوط,对冲基金,zh-MY
صولجان الفويد,虚空之杖,zh-MY
صولجان مصاصي الدماء الفاسد,腐败吸血鬼权杖,zh-MY
صياد المجرة,银河猎手,zh-MY
صيد الكنوز,寻宝之旅,zh-MY
طراخ!,当头棒喝！,zh-MY
طريق الحرب,刃马合一,zh-MY
طليعي,先锋战士,zh-MY
عاصفة لودن,卢登骤雨,zh-MY
عبء التاج ثقيل,王冠之重,zh-MY
عباءة الليل,夜色缘界,zh-MY
عباءة النيغاترون,负极斗篷,zh-MY
عجلة الميب السريعة,终端米普速度,zh-MY
عراف,先知,zh-MY
عزم العملاق,泰坦的决意,zh-MY
عصا سيرافيم,炽天使之杖,zh-MY
عصا كبير الحُماة,大天使之杖,zh-MY
عصابة اللصوص,神偷军团,zh-MY
عصابة اللصوص II,神偷军团 II,zh-MY
عصير القبعة,卡帕果汁,zh-MY
عفونة الموتى,巫妖之祸,zh-MY
عملية السطو على المكونات,组件劫案,zh-MY
عناصر باندورا,潘多拉的道具,zh-MY
عناق جماعي,集体拥抱I,zh-MY
عهد الفارس,骑士誓愿,zh-MY
غراغاس,古拉格斯,zh-MY
غرايفز,葛雷夫,zh-MY
غريزة إيفلين,伊芙琳的本能,zh-MY
غنار,呐儿,zh-MY
غولم,魔像,zh-MY
غوين,关,zh-MY
فأس نيران الجحيم,狱火战斧,zh-MY
فانوس ثريش,瑟雷西的灯笼,zh-MY
فجر سيلفرمير,银织黎明,zh-MY
فضيلة الشهيد,烈士之德,zh-MY
فورة الكراكن,海妖之怒,zh-MY
فورة تسوق,购物狂欢,zh-MY
في الاتحاد قوة,并肩作战,zh-MY
فيز,飞斯,zh-MY
فيشبونز,恶鲨火箭,zh-MY
فيغار,维迦,zh-MY
فيكتور,维克特,zh-MY
فيكس,薇可丝,zh-MY
فيورا,菲欧拉,zh-MY
قائد أنيما,百兽指挥官,zh-MY
قاتل العمالقة,巨人杀手,zh-MY
قاتل لا يميز بين ضحاياه,无差别杀手,zh-MY
قاضي,裁决者,zh-MY
قبعات أشد فتكًا,致命帽子,zh-MY
قبعة موت رابادون,死亡之帽,zh-MY
قربان الدم,血祭,zh-MY
قصبة عريضة بلا داع,巨型魔棒,zh-MY
قطاع التجارة,贸易大亨,zh-MY
قفاز التدريب,格斗手套,zh-MY
قفاز الحظ,好运手套,zh-MY
قفاز الفويد,虚空手套,zh-MY
قفاز اللص,窃贼手套,zh-MY
قفاز ستيراك,史特拉克手套,zh-MY
قلادة التنشيط,支配宝匣,zh-MY
قلادة سولاري الحديدي,日轮的加冕,zh-MY
قلنسوة المخطِط,棋手斗篷,zh-MY
قلنسوة لهب الشمس,日炎斗篷,zh-MY
قوة محسَّنة,增幅之力,zh-MY
قوسي في خدمتك,我弓于你手,zh-MY
قوى ذهنية,灵能者,zh-MY
قيمة مزدوجة,两倍价值,zh-MY
كأس القوة,力量圣杯,zh-MY
كارما,卡玛,zh-MY
كاسر الزمن,破时者,zh-MY
كاهوناهونا,卡胡纳胡纳,zh-MY
كايتلين,凯特琳,zh-MY
كايسا,凯莎,zh-MY
كوركي,库奇,zh-MY
كيس الهدايا البطولي,英勇惊喜包,zh-MY
كيس هدايا أورف,阿福大礼包,zh-MY
كيس هدايا العناصر,道具惊喜包,zh-MY
كيس هدايا صغير,小型惊喜包,zh-MY
كيس هدايا كبير,大型惊喜包,zh-MY
كيندريد,镜爪,zh-MY
لا تغيير ولا استطلاع,不侦察，不变阵,zh-MY
لم شمل عيد الميلاد,生日团聚,zh-MY
لمحة من الحياة,生活片段,zh-MY
لوبلانك,勒布朗,zh-MY
لوح لهيب الشمس,日炎燎原,zh-MY
لولو,露璐,zh-MY
ليساندرا,丽珊卓,zh-MY
ليونا,雷欧娜,zh-MY
مارق,叛道者,zh-MY
ماستر يي,易大师,zh-MY
ماوكاي,茂凯,zh-MY
مباركة السماء,神之祝福,zh-MY
متحدي,挑战者,zh-MY
متراس,堡垒,zh-MY
متوالية نجمية,星光连击,zh-MY
مجلد الخواص,特性典籍,zh-MY
مجند جديد,招兵买马,zh-MY
محترف الحفلات,派对大咖,zh-MY
محظوظ,滚起优势,zh-MY
محفز أزرق,蓝增益,zh-MY
مخلب التنين,龙之爪,zh-MY
مخلب المتصيد,潜行者之爪,zh-MY
مدفع النار السريع,冲击火炮,zh-MY
مدفع من زجاج,玻璃大炮,zh-MY
مستنسخ,复制者,zh-MY
مسرِّع الساعة,发条加速器,zh-MY
مشاجر,武斗家,zh-MY
مشاركة تألق ياسو,犽宿的共享光采,zh-MY
مصروف الغداء,午餐钱,zh-MY
مصفوفة البرمجيات الخبيثة,恶意软件矩阵,zh-MY
مصنوعٌ من القوة,力炼之躯,zh-MY
مصهر التمجيد,神化锻炉,zh-MY
مطبخ المخطِط,棋手厨房,zh-MY
معجزة سوراكا,索拉卡的奇迹,zh-MY
مغير,劫掠者,zh-MY
مفاجآت الحظ,意料之中的意外,zh-MY
مقابل أي ثمن,代价是什么,zh-MY
مقاتل الجوائز,赏金战士,zh-MY
مقلاة,平底锅,zh-MY
ملعقة مسطحة,锅铲,zh-MY
مناورة أورف,阿福式开局,zh-MY
منظار رصد الهدف,目标锁定光学仪,zh-MY
مهارة مبارزة ياسو,犽宿的剑术,zh-MY
مورديكايزر,魔斗凯萨,zh-MY
مورغانا,魔甘娜,zh-MY
موريلونوميكون,黑魔禁书,zh-MY
ميبسي,米普,zh-MY
ميس فورتشن,好运姐,zh-MY
ميكا,机甲神盾,zh-MY
ميليو,米里欧,zh-MY
ناسوس,纳瑟斯,zh-MY
نافع لشيء ما,派上用场,zh-MY
نامي,娜米,zh-MY
نتماسك معًا,我们团结一致,zh-MY
نذر الحامي,保卫者之誓,zh-MY
نذير زيكي,锡柯的号角,zh-MY
نذير زيكي الكئيب,锡柯的悲鸣号角,zh-MY
نساج المصير,命运编织者,zh-MY
نصال أشد فتكًا,致命利刃,zh-MY
نصل الموت,死神之刃,zh-MY
نصل غضب غينسو,鬼索的狂暴之刃,zh-MY
نقل الشحنة,电荷转移I,zh-MY
نوفا,N.O.V.A,zh-MY
نونو وويلامب,努努和威朗普,zh-MY
هالة آري,阿璃的灵气,zh-MY
هبة آري,阿璃的增益,zh-MY
هبة أوريليون سول,翱锐龙兽的增益,zh-MY
هبة إيفلين,伊芙琳的增益,zh-MY
هبة إيكو,艾克的增益,zh-MY
هبة الإنعاش,复活的恩赐,zh-MY
هبة تجميع الخردة,好战者的恩赐,zh-MY
هبة ثريش,瑟雷西的增益,zh-MY
هبة سوراكا,索拉卡的增益,zh-MY
هبة فاروس,法洛士的增益,zh-MY
هبة كايل,凯尔的增益,zh-MY
هبة ياسو,犽宿的增益,zh-MY
هدية عيد الميلاد,生日礼物,zh-MY
هراوة المهاجم,打手连枷,zh-MY
هوس فاروس,法洛士的执念,zh-MY
واحد واثنان وثلاثة,一二三,zh-MY
واحد، اثنان، خمسة!,一、二、五！,zh-MY
واقي ذراع المطارد,探索者护腕,zh-MY
وجه الروح,振奋盔甲,zh-MY
وضع المتحدية,挑战者模式,zh-MY
وضع المستنسِخة,复制者模式,zh-MY
وضع الوسيط,导能者模式,zh-MY
وكر البارون,巴龙幻域,zh-MY
يأسٌ بلا نهاية,无尽绝望,zh-MY
يد العدالة,正义手套,zh-MY
เลือกคุณสมบัติ,选择特性,zh-MY
Ấn Bắn Tỉa,狙击专家徽章,zh-MY
Ấn Can Trường,壁垒徽章,zh-MY
Ấn Chiêm Tinh,观星者徽章,zh-MY
Ấn Du Mục,牧魂人徽章,zh-MY
Ấn Hành Tinh,太空律动徽章,zh-MY
Ấn Hắc Tinh,幽冥煞星徽章,zh-MY
Ấn N.O.V.A.,N.O.V.A.徽章,zh-MY
Ấn Siêu Linh,灵能者徽章,zh-MY
Ấn Siêu Thú,百兽特攻队徽章,zh-MY
Ấn Thách Đấu,挑战者徽章,zh-MY
Ấn Thần Phán,裁决者徽章,zh-MY
Ấn Thời Không,破时者徽章,zh-MY
Ấn Tinh Linh Chuông,米普徽章,zh-MY
Ấn Tiên Phong,先锋战士徽章,zh-MY
Ấn Toán Cướp,劫掠者徽章,zh-MY
Ấn Tộc Thượng Cổ,远古霸者徽章,zh-MY
Ấn Viễn Chinh,漫游者徽章,zh-MY
Ấn Vô Pháp,叛道者徽章,zh-MY
Ấn Đấu Sĩ,武斗家徽章,zh-MY
「三」之軍團,三费军团,zh-MY
いつでも一緒,我们团结一致,zh-MY
お得な2,两倍价值,zh-MY
ここがセンター,C位觉悟,zh-MY
ちょっとだけ魔法のダイス,轻魔重骰,zh-MY
はしごを登れ,冲榜战士,zh-MY
へら,锅铲,zh-MY
みんなでハグ,集体拥抱I,zh-MY
もっと小さな巨人,小小泰坦,zh-MY
もっと怖いキャップ,致命帽子,zh-MY
アイオニック スパーク,爱欧尼亚星火,zh-MY
アイテム福袋,道具惊喜包,zh-MY
アカリ,阿卡莉,zh-MY
アセンション,飞升,zh-MY
アダプティブ ヘルム,适性神盔,zh-MY
アニマ,百兽,zh-MY
アニマの紋章,百兽特攻队徽章,zh-MY
アニマ司令官,百兽指挥官,zh-MY
アークエンジェル スタッフ,大天使之杖,zh-MY
アーゴット,乌尔加特,zh-MY
アービター,裁决者,zh-MY
アービターの紋章,裁决者徽章,zh-MY
アーフの福袋,阿福大礼包,zh-MY
アーフの策略,阿福式开局,zh-MY
アーリのオーラ,阿璃的灵气,zh-MY
アーリの恩恵,阿璃的增益,zh-MY
イブリンの恩恵,伊芙琳的增益,zh-MY
イブリンの直感,伊芙琳的本能,zh-MY
イラオイ,伊罗旖,zh-MY
インフィニティ エッジ,无尽之刃,zh-MY
インフィニティの守護,无尽守护,zh-MY
イーブンシュラウド,均等法衣,zh-MY
ウィッツ エンド,智慧末刃,zh-MY
ウォーロードの名誉,战神的荣耀,zh-MY
エイトロックス,厄萨斯,zh-MY
エクスペディション,远征,zh-MY
エグザイル,流亡孤军,zh-MY
エコーの忍耐,艾克的耐心,zh-MY
エコーの恩恵,艾克的增益,zh-MY
エズリアル,伊泽瑞尔,zh-MY
エピックなロールダウン,史诗重骰,zh-MY
エポック,纪年伊始,zh-MY
オレリオン・ソル,翱锐龙兽,zh-MY
オレリオン・ソルの恩恵,翱锐龙兽的增益,zh-MY
オーグメントパワー,增幅之力,zh-MY
オーラ育成中,灵气农兵,zh-MY
オーロラ,极光,zh-MY
オーン,鄂尔,zh-MY
カイ＝サ,凯莎,zh-MY
カナとカネ,钢铁资产,zh-MY
カフナフナ,卡胡纳胡纳,zh-MY
カルマ,卡玛,zh-MY
カースドのクラウン,诅咒之冠,zh-MY
ガーゴイル ストーンプレート,石像鬼盘核,zh-MY
キックスタート,快速入门,zh-MY
キンドレッド,镜爪,zh-MY
ギャラクシー ハンター,银河猎手,zh-MY
クイックシルバー,水银兜帽,zh-MY
クラウンガード,冕卫,zh-MY
クラーケンの怒り,海妖之怒,zh-MY
クリティカル サクセス,暴击式成功,zh-MY
グインソー レイジブレード,鬼索的狂暴之刃,zh-MY
グウェン,关,zh-MY
グラガス,古拉格斯,zh-MY
グラスキャノン,玻璃大炮,zh-MY
グレイブス,葛雷夫,zh-MY
ケイトリン,凯特琳,zh-MY
ケイルの天昇,凯尔的升腾,zh-MY
ケイルの恩恵,凯尔的增益,zh-MY
ケイルの暁光の天昇,凯尔的圣光升腾,zh-MY
コグニティブ オーバーロード,认知超负荷,zh-MY
コグニティブ タックス,认知税,zh-MY
コマンダー,指挥官,zh-MY
コマース コア,商业核心,zh-MY
コンジット,导能者,zh-MY
コンジットモード,导能者模式,zh-MY
コンパニオン作成,构筑一名伙伴：,zh-MY
コーキ,库奇,zh-MY
ゴーレム,魔像,zh-MY
サイオニック,灵能者,zh-MY
サイオニックの紋章,灵能者徽章,zh-MY
サイズが大事,尺有所短、寸有所长,zh-MY
サイバネティック アップリンク,仿生上行链,zh-MY
サイバネティック インプラント,仿生植入物,zh-MY
サバイバー,生存专家,zh-MY
サブスクリプション,订阅服务,zh-MY
サミーラ,煞蜜拉,zh-MY
サンファイア ケープ,日炎斗篷,zh-MY
サンファイア ボード,日炎燎原,zh-MY
ザヤ,刹雅,zh-MY
ザ・タワー,塔楼,zh-MY
シェン,慎,zh-MY
シマースケールのエッセンス,微光龙鳞精萃,zh-MY
ショウジンの矛,精进之矛,zh-MY
シルバーミアの夜明け,银织黎明,zh-MY
シーカー アームガード,探索者护腕,zh-MY
ジャイアント スレイヤー,巨人杀手,zh-MY
ジャイアント ベルト,巨人腰带,zh-MY
ジャイアント&マイティ,巨人之力,zh-MY
ジャストヒット,一击即中,zh-MY
ジャックス,贾克斯,zh-MY
ジュエル ガントレット,宝石手套,zh-MY
ジュエル ロータス,珠光莲花,zh-MY
ジン,烬,zh-MY
ジンクス,吉茵珂丝,zh-MY
ジークの使者,锡柯的号角,zh-MY
ジ＝ロット ポータル,虚空之门,zh-MY
スクラッパーの恩恵,好战者的恩赐,zh-MY
スタティック シヴ,史提克弹簧刀,zh-MY
ステラコンボ,星光连击,zh-MY
ステラックの篭手,史特拉克手套,zh-MY
ステータスマシマシ,成吨数据！,zh-MY
ストライカー フレイル,打手连枷,zh-MY
スナイパー,狙击专家,zh-MY
スナイパーの紋章,狙击专家徽章,zh-MY
スパーリング グローブ,格斗手套,zh-MY
スピリット ビサージュ,振奋盔甲,zh-MY
スペクトラル カトラス,鬼使弯刀,zh-MY
スペースグルーヴ,太空律动,zh-MY
スペースグルーヴの紋章,太空律动徽章,zh-MY
スレッシュのランタン,瑟雷西的灯笼,zh-MY
スレッシュの恩恵,瑟雷西的增益,zh-MY
セラフィムの杖,炽天使之杖,zh-MY
ゼド,劫,zh-MY
ゼファー,西风匕首,zh-MY
ソウルの目覚め,灵魂觉醒,zh-MY
ソナ,索娜,zh-MY
ソラカの奇跡,索拉卡的奇迹,zh-MY
ソラカの恩恵,索拉卡的增益,zh-MY
ソラリのロケット,日轮的加冕,zh-MY
ソード オーバーフロー,大剑过载,zh-MY
ゾーイ,柔依,zh-MY
タイタン ハイドラ,泰坦九头蛇,zh-MY
タイムブレーカー,破时者,zh-MY
タイムブレーカーの紋章,破时者徽章,zh-MY
タクティシャンのケープ,棋手斗篷,zh-MY
タクティシャンの台所,棋手厨房,zh-MY
タクティシャンの王冠,棋手皇冠,zh-MY
タクティシャンの盾,棋手盾牌,zh-MY
タム・ケンチ,贪啃奇,zh-MY
タロン,塔隆,zh-MY
ターゲットロック スコープ,目标锁定光学仪,zh-MY
ターミィプナル ヴェロシティー,终端米普速度,zh-MY
ダイアナ,黛安娜,zh-MY
ダミー,训练木偶,zh-MY
ダミー化,木偶化,zh-MY
ダークスター,幽冥煞星,zh-MY
ダークスターの紋章,幽冥煞星徽章,zh-MY
チェイン ベスト,锁子甲,zh-MY
チャレンジャー,挑战者,zh-MY
チャレンジャーの紋章,挑战者徽章,zh-MY
チャレンジャーモード,挑战者模式,zh-MY
チャージトランスファー,电荷转移I,zh-MY
チョ＝ガス,科加斯,zh-MY
チーム構築,团队建设,zh-MY
ツイてる気分,觉得自己幸运吗,zh-MY
ツイステッド・フェイト,逆命,zh-MY
ツインガーディアン,双子守护者,zh-MY
ティーモ,提摩,zh-MY
デスブレード,死神之刃,zh-MY
デッドリアー ブレード,致命利刃,zh-MY
デュオキュー,双排,zh-MY
トライフェクタ,三重奏,zh-MY
トレードセクター,贸易大亨,zh-MY
ドゥーマー,砰爆,zh-MY
ドラゴン クロウ,龙之爪,zh-MY
ドローン アップリンク,无人机上行链路,zh-MY
ドーンコア,曙光核心,zh-MY
ナイト エッジ,夜色缘界,zh-MY
ナサス,纳瑟斯,zh-MY
ナッシャー トゥース,纳什之牙,zh-MY
ナミ,娜米,zh-MY
ナー,呐儿,zh-MY
ヌヌ & ウィルンプ,努努和威朗普,zh-MY
ネガトロン クローク,负极斗篷,zh-MY
ハスラー,私房钱,zh-MY
ハンド オブ ジャスティス,正义手套,zh-MY
バイオ物質保存装置,生物质保存剂,zh-MY
バスティオン,壁垒,zh-MY
バスティオンの紋章,壁垒徽章,zh-MY
バフが1つ、バフが2つ,一个增益，两个增益,zh-MY
バロンの巣,巴龙幻域,zh-MY
バースデー リユニオン,生日团聚,zh-MY
バースデープレゼント,生日礼物,zh-MY
バード,巴德,zh-MY
パイク,派克,zh-MY
パンテオン,潘森,zh-MY
パンドラのアイテム,潘多拉的道具,zh-MY
パンドラのベンチ,潘多拉的备战区,zh-MY
パーティーアニマル,派对大咖,zh-MY
ヒーリングオーブ,治疗法球,zh-MY
ビクター,维克特,zh-MY
ビッグバン,大霹雳星系,zh-MY
ファイアセール,火热促销,zh-MY
ファクトリー ニュー,全新出厂,zh-MY
フィオラ,菲欧拉,zh-MY
フィズ,飞斯,zh-MY
フィッシュボーン,恶鲨火箭,zh-MY
フェイトウィーバー,命运编织者,zh-MY
フォビドゥン アイドル,禁忌之像,zh-MY
フォーが共にあらんことを,愿四费与你同在,zh-MY
フライパン,平底锅,zh-MY
フリッカーブレード,烁刃,zh-MY
ブライアー,布蕾尔,zh-MY
ブラッドサースター,嗜血者,zh-MY
ブランブル ベスト,刺藤胸甲,zh-MY
ブリッツクランク,布里茨,zh-MY
ブルワーク,堡垒,zh-MY
ブルーバフ,蓝增益,zh-MY
ブローラー,武斗家,zh-MY
ブローラーの紋章,武斗家徽章,zh-MY
ブースターパック,拓展包,zh-MY
プライモーディアン,远古霸者,zh-MY
プライモーディアンの紋章,远古霸者徽章,zh-MY
プリズムチケット,七彩棱镜入场券,zh-MY
プロの殺し屋,雇佣杀手,zh-MY
プロテクターの誓い,保卫者之誓,zh-MY
プロボクサー,赏金战士,zh-MY
プローラー クロウ,潜行者之爪,zh-MY
ヘクステック ガンブレード,海克斯科技枪刃,zh-MY
ヘッジファンド,对冲基金,zh-MY
ベイガー,维迦,zh-MY
ベストフレンド,一生挚友,zh-MY
ベルト オーバーフロー,腰带过载,zh-MY
ベル＝ヴェス,贝尔薇斯,zh-MY
ホライゾン フォーカス,视界专注,zh-MY
ボイジャー,漫游者,zh-MY
ボイジャーの紋章,漫游者徽章,zh-MY
ボカッ！,当头棒喝！,zh-MY
ボクシングのレッスン,拳击训练,zh-MY
ボディーガードの訓練,保镖训练,zh-MY
ポッピー,波比,zh-MY
ポータブル フォージ,携带型打铁铺,zh-MY
マイティーロボ,强大机甲,zh-MY
マオカイ,茂凯,zh-MY
マスター・イー,易大师,zh-MY
マックスビルド,最强构筑,zh-MY
マルウェア マトリックス,恶意软件矩阵,zh-MY
マーターズ ヴァーチュ,烈士之德,zh-MY
ミィプシー,米普,zh-MY
ミィプル,米普,zh-MY
ミィプルの紋章,米普徽章,zh-MY
ミスコネクション,失去联络,zh-MY
ミス・フォーチュン,好运姐,zh-MY
ミッションの再開,重启任务,zh-MY
ミトン,手套,zh-MY
ミニブラックホール,迷你黑洞,zh-MY
ミニマックス,极限拉满,zh-MY
ミリオ,米里欧,zh-MY
ムダニ デカイ ロッド,巨型魔棒,zh-MY
メイスの決意,重锤之志,zh-MY
メカ,机甲神盾,zh-MY
モルガナ,魔甘娜,zh-MY
モルデカイザー,魔斗凯萨,zh-MY
モレロノミコン,黑魔禁书,zh-MY
ヤスオのゴールドのマス,犽宿的黄金格子,zh-MY
ヤスオのスポットライトをシェア,犽宿的共享光采,zh-MY
ヤスオのブレードワーク,犽宿的剑术,zh-MY
ヤスオの恩恵,犽宿的增益,zh-MY
ライトシールドのクレスト,光盾之纹,zh-MY
ラインナップ,排兵布阵,zh-MY
ラスト ウィスパー,最后耳语,zh-MY
ラッキーグローブ,好运手套,zh-MY
ラバドン デスキャップ,死亡之帽,zh-MY
ラピッド ファイアキャノン,冲击火炮,zh-MY
ラムス,拉姆斯,zh-MY
ラースト,勒哈斯特,zh-MY
リカーブ ボウ,反曲弓,zh-MY
リサンドラ,丽珊卓,zh-MY
リッチ ベイン,巫妖之祸,zh-MY
リデンプションの魂,救赎之灵,zh-MY
リフトスカトル,河蟹,zh-MY
リヴェン,雷玟,zh-MY
ルブラン,勒布朗,zh-MY
ルル,露璐,zh-MY
ルーデン テンペスト,卢登骤雨,zh-MY
レイトゲーム スケーリング,后期成长,zh-MY
レイトゲーム スペシャリスト,专打后期,zh-MY
レオナ,雷欧娜,zh-MY
レク＝サイ,雷珂煞,zh-MY
レッドバフ,红增益,zh-MY
レプリケーター,复制者,zh-MY
レプリケーターモード,复制者模式,zh-MY
レベルアップ！,升级！,zh-MY
ローグ,叛道者,zh-MY
ローグの紋章,叛道者徽章,zh-MY
ローリングデイズ,转不停,zh-MY
ワン、ツー、ファイブ！,一、二、五！,zh-MY
ワンド オーバーフロー,魔棒过载,zh-MY
ワーモグ アーマー,好战者铠甲,zh-MY
ヴァルスの執念,法洛士的执念,zh-MY
ヴァルスの恩恵,法洛士的增益,zh-MY
ヴァンガード,先锋战士,zh-MY
ヴァンガードの紋章,先锋战士徽章,zh-MY
ヴェックス,薇可丝,zh-MY
ヴォイド ガントレット,虚空手套,zh-MY
ヴォイド スタッフ,虚空之杖,zh-MY
一 二 三,一二三,zh-MY
一人前プレート,孤身铁铠,zh-MY
一個Buff，兩個Buff,一个增益，两个增益,zh-MY
一棒入魂！,当头棒喝！,zh-MY
一波带走俩,疾速双杀,zh-MY
一生摯友,一生挚友,zh-MY
一致団結,并肩作战,zh-MY
一致団結,携手合作,zh-MY
一點點重抽魔法,轻魔重骰,zh-MY
一，二，三,一二三,zh-MY
一，二，五！,一、二、五！,zh-MY
三幻神,三费军团,zh-MY
三相庇护,无尽守护,zh-MY
三連勝I,三重奏,zh-MY
三项赛,三重奏,zh-MY
上方移動,上进心,zh-MY
不偵察不換陣容,不侦察，不变阵,zh-MY
不完全アセンション,部分飞升,zh-MY
不完全飛昇,部分飞升,zh-MY
不屈鬥魂,不屈,zh-MY
不惜代價,代价是什么,zh-MY
不滅の協定,永恒契约,zh-MY
不破金鋼,镀金钢铁,zh-MY
不计代价,代价是什么,zh-MY
不適合者,叛逆者,zh-MY
並肩作戰,并肩作战,zh-MY
中堅自強,C位觉悟,zh-MY
主人公補正,主角威能,zh-MY
丽桑卓,丽珊卓,zh-MY
乐芙兰,勒布朗,zh-MY
乱れる思考,思绪杂乱,zh-MY
亚托克斯,厄萨斯,zh-MY
亚索的共享聚光灯,犽宿的共享光采,zh-MY
亚索的剑艺,犽宿的剑术,zh-MY
亚索的恩赐,犽宿的增益,zh-MY
亚索的黄金格,犽宿的黄金格子,zh-MY
交易之星,贸易大亨,zh-MY
人多好辦事,携手合作,zh-MY
人生切片,生活片段,zh-MY
仕送り,爱心包裹,zh-MY
代償,代价是什么,zh-MY
仲裁者,裁决者,zh-MY
仲裁者徽章,裁决者徽章,zh-MY
仲間を作ろう,芽苞初放,zh-MY
伊澤瑞爾,伊泽瑞尔,zh-MY
伊羅旖,伊罗旖,zh-MY
伊芙琳的恩赐,伊芙琳的增益,zh-MY
伊芙琳的祝福,伊芙琳的增益,zh-MY
休眠锻炉,潜心锻造,zh-MY
伸手摘星,伸手摘群星,zh-MY
低调炫耀,灵气农兵,zh-MY
佐伊,柔依,zh-MY
侵略者ゼド,入侵者 劫,zh-MY
便携锻炉,携带型打铁铺,zh-MY
俄洛伊,伊罗旖,zh-MY
保衛者之誓,保卫者之誓,zh-MY
保鑣訓練,保镖训练,zh-MY
修复型回响,疗愈回响,zh-MY
俺だけレベルアップ,我独自升级,zh-MY
假人化,木偶化,zh-MY
偵察なし、変更なし,不侦察，不变阵,zh-MY
備用弓箭,备用弓,zh-MY
價值爆棚,两倍价值,zh-MY
儲蓄帳戶,储蓄账户,zh-MY
充能转移,电荷转移I,zh-MY
先見性,远见卓识,zh-MY
先鋒戰士,先锋战士,zh-MY
先鋒戰士徽章,先锋战士徽章,zh-MY
光明无赖,圣光捣蛋鬼,zh-MY
光盾之紋,光盾之纹,zh-MY
光盾徽章,光盾之纹,zh-MY
全身全霊,全力以赴,zh-MY
共感インプラント,共感植入,zh-MY
关爱包裹,爱心包裹,zh-MY
兹若特传送门,虚空之门,zh-MY
内瑟斯,纳瑟斯,zh-MY
再起の呪印,复活的恩赐,zh-MY
再造神兵,全新出厂,zh-MY
冒险举动,一着险棋,zh-MY
军工1号,全新出厂,zh-MY
冷酷なるジークの使者,锡柯的悲鸣号角,zh-MY
凋零聖物,凋零的遗物,zh-MY
凯尔的光明崇拜,凯尔的圣光升腾,zh-MY
凯尔的崇拜,凯尔的升腾,zh-MY
凯尔的恩赐,凯尔的增益,zh-MY
凱爾的祝福,凯尔的增益,zh-MY
凱爾的聖光讚頌,凯尔的圣光升腾,zh-MY
凱爾的讚頌,凯尔的升腾,zh-MY
凱特琳,凯特琳,zh-MY
凱莎,凯莎,zh-MY
出陣,刃马合一,zh-MY
刀劍湧流,大剑过载,zh-MY
刃馬合一,刃马合一,zh-MY
列队,排兵布阵,zh-MY
初級鏡像人格,次级镜影化身,zh-MY
利落保镖,保镖训练,zh-MY
别再错过,失去联络,zh-MY
前借り,高级贷款,zh-MY
前瞻思维,远见卓识,zh-MY
前線基礎,前排地基,zh-MY
前線維持,坚守前线,zh-MY
前线地基,前排地基,zh-MY
前衛の礎,前排地基,zh-MY
剎雅,刹雅,zh-MY
剑之工匠,铸剑工匠,zh-MY
剣鍛冶,铸剑工匠,zh-MY
劍匠,铸剑工匠,zh-MY
力に鍛えられしもの,力炼之躯,zh-MY
力の聖杯,力量圣杯,zh-MY
力量聖杯,力量圣杯,zh-MY
力量鍛造,力炼之躯,zh-MY
加速開始,快速入门,zh-MY
劣化版鏡像のペルソナ,次级镜影化身,zh-MY
勝ち抜け,最后赢家,zh-MY
千珏,镜爪,zh-MY
升星之运,滚起优势,zh-MY
升級！,升级！,zh-MY
升级咯！,升级！,zh-MY
午餐錢,午餐钱,zh-MY
半导体装置,半导体,zh-MY
半導体,半导体,zh-MY
半導體,半导体,zh-MY
卑尔维斯,贝尔薇斯,zh-MY
单身板甲,孤身铁铠,zh-MY
博弈开启,快速入门,zh-MY
占星師,观星者,zh-MY
占星師徽章,观星者徽章,zh-MY
卡尔玛,卡玛,zh-MY
卡瑪,卡玛,zh-MY
卡莎,凯莎,zh-MY
卢登的激荡,卢登骤雨,zh-MY
即席アーマー,临时战甲,zh-MY
厄加特,乌尔加特,zh-MY
厄薩斯,厄萨斯,zh-MY
厄运小姐,好运姐,zh-MY
厄運使者,砰爆,zh-MY
厨神阿福,阿福驾到,zh-MY
友を鍛える,锻造一个朋友,zh-MY
双城赢家,奥术 维克特式胜利,zh-MY
双子守护神,双子守护者,zh-MY
反响,复制,zh-MY
反曲之弓,反曲弓,zh-MY
发条增速器,发条加速器,zh-MY
受到星神赐福,神之祝福,zh-MY
变形重组器,重整装置,zh-MY
古拉加斯,古拉格斯,zh-MY
叩きつけ,砰地重击,zh-MY
可大可小,极限拉满,zh-MY
可疑風衣,可疑风衣,zh-MY
史提克彈簧刀,史提克弹簧刀,zh-MY
史詩重抽,史诗重骰,zh-MY
吉茵珂絲,吉茵珂丝,zh-MY
后期专家,专打后期,zh-MY
后期收益,后期成长,zh-MY
向上流動,上进心,zh-MY
吶兒,呐儿,zh-MY
吸血の胆力,吸血活力I,zh-MY
吸血活力,吸血活力I,zh-MY
吸血生命力,吸血活力I,zh-MY
吾弓听命于您,我弓于你手,zh-MY
吾弓效命於您,我弓于你手,zh-MY
呪いの刃,诅咒之刃,zh-MY
命懸けの戦い,一着险棋,zh-MY
命运祭司,先知,zh-MY
命運編織者,命运编织者,zh-MY
單人磐核,孤身铁铠,zh-MY
嘟嘟好,一击即中,zh-MY
四费增援,增援部队,zh-MY
四重援軍,增援部队,zh-MY
回収箱,回收再利用,zh-MY
回收再利用,回收再利用,zh-MY
圣盾使的誓约,保卫者之誓,zh-MY
地底寶藏,埋藏的宝物,zh-MY
坚守防线,坚守前线,zh-MY
坚定之心,坚毅之心,zh-MY
坦度雙倍,坦度成双,zh-MY
埋もれた宝物,埋藏的宝物,zh-MY
基克的先驱,锡柯的号角,zh-MY
基克的阴森先驱,锡柯的悲鸣号角,zh-MY
堅守前線,坚守前线,zh-MY
堅定之心,坚毅之心,zh-MY
堡垒卫士,壁垒,zh-MY
堡垒卫士纹章,壁垒徽章,zh-MY
堡壘衛士,壁垒,zh-MY
堡壘衛士徽章,壁垒徽章,zh-MY
報復,复仇,zh-MY
塔姆,贪啃奇,zh-MY
复活恩赐,复活的恩赐,zh-MY
复苏之风,回春,zh-MY
夕闇の加護,暮夜之盾,zh-MY
夜之锋刃,夜色缘界,zh-MY
夜明けの加護,黎明之盾,zh-MY
夜色緣界,夜色缘界,zh-MY
大きな福袋,大型惊喜包,zh-MY
大买特买,购物狂欢,zh-MY
大剑溢流,大剑过载,zh-MY
大器晚成,后期成长,zh-MY
大家來抱抱,集体拥抱I,zh-MY
大小很重要,尺有所短、寸有所长,zh-MY
大百宝袋,大型惊喜包,zh-MY
大禮包,大型惊喜包,zh-MY
大而有力,巨人之力,zh-MY
大霹靂星系,大霹雳星系,zh-MY
天外橫財,财源滚滚,zh-MY
天煞,银河猎手,zh-MY
天煞灭影：劫,入侵者 劫,zh-MY
太空律动纹章,太空律动徽章,zh-MY
太空律動,太空律动,zh-MY
太空律動徽章,太空律动徽章,zh-MY
契約殺手,雇佣杀手,zh-MY
奢侈品订购,奢华订阅,zh-MY
奥恩,鄂尔,zh-MY
奥瑞利安·索尔,翱锐龙兽,zh-MY
奥瑞利安·索尔的恩赐,翱锐龙兽的增益,zh-MY
奧術：維克特必勝,奥术 维克特式胜利,zh-MY
女武神的祝福,好战者的恩赐,zh-MY
女神の涙,女神之泪,zh-MY
女神之淚,女神之泪,zh-MY
好きなだけ泣くがいい,泪流成河,zh-MY
好戰者鎧甲,好战者铠甲,zh-MY
好運姐,好运姐,zh-MY
好運手套,好运手套,zh-MY
娑娜,索娜,zh-MY
娜美,娜米,zh-MY
存心失利,这次战败也在计算之中,zh-MY
宇宙の再起,宇宙重启,zh-MY
宇宙大爆炸,大霹雳星系,zh-MY
宇宙重啟,宇宙重启,zh-MY
守望者之友,守望者的盟友,zh-MY
宝宝学院,早期教育,zh-MY
宝探し,寻宝之旅,zh-MY
寂靜法衣,寂静法衣,zh-MY
密银黎明,银织黎明,zh-MY
寶石手套,宝石手套,zh-MY
寻宝,寻宝之旅,zh-MY
專打後期,专打后期,zh-MY
尋寶遊戲,寻宝之旅,zh-MY
導き手,牧魂人,zh-MY
導き手の紋章,牧魂人徽章,zh-MY
小さくても強烈,小巧但致命,zh-MY
小さな仲間たち,小小伙伴,zh-MY
小さな巨人,小小大英雄,zh-MY
小さな福袋,小型惊喜包,zh-MY
小伙伴,小小伙伴,zh-MY
小型禮包,小型惊喜包,zh-MY
小小夥伴,小小伙伴,zh-MY
小小福袋,小型惊喜包,zh-MY
小巨人,小小大英雄,zh-MY
小木灵,米普,zh-MY
小米普,米普,zh-MY
小而致命,小巧但致命,zh-MY
就差你一個,失去联络,zh-MY
尺寸至上,尺有所短、寸有所长,zh-MY
峡谷迅捷蟹,河蟹,zh-MY
崇高の冒険,至尊探险,zh-MY
崇高冒险,至尊探险,zh-MY
崔斯特,逆命,zh-MY
巧みなクラフト,精心打造,zh-MY
巨人の誓い,泰坦的决意,zh-MY
巨人殺手,巨人杀手,zh-MY
巨人腰帶,巨人腰带,zh-MY
巨型九头蛇,泰坦九头蛇,zh-MY
巨大強悍,巨人之力,zh-MY
巨龙之爪,龙之爪,zh-MY
巫妖之禍,巫妖之祸,zh-MY
巴龍巢穴,巴龙幻域,zh-MY
布蕾爾,布蕾尔,zh-MY
帽子ジュース,卡帕果汁,zh-MY
帽子饮品,卡帕果汁,zh-MY
帽帽果汁,卡帕果汁,zh-MY
平底鍋,平底锅,zh-MY
幸存者,生存专家,zh-MY
幸运手套,好运手套,zh-MY
幻灵战队,百兽,zh-MY
幻灵战队纹章,百兽特攻队徽章,zh-MY
幻灵指挥官,百兽指挥官,zh-MY
幽魂弯刀,鬼使弯刀,zh-MY
広がる根,生根发芽,zh-MY
庇護者のお供,守望者的盟友,zh-MY
应急护甲,临时战甲,zh-MY
应急护盾,主角威能,zh-MY
庫奇,库奇,zh-MY
建立團隊,团队建设,zh-MY
开摆,强制中离,zh-MY
异类,叛逆者,zh-MY
弓の誓い,我弓于你手,zh-MY
強制中離,强制中离,zh-MY
強力投入,全力以赴,zh-MY
強化包,拓展包,zh-MY
强化之能量,增幅之力,zh-MY
强袭者的链枷,打手连枷,zh-MY
影の操り人形,暗影傀儡,zh-MY
影子木偶,暗影傀儡,zh-MY
影忍煞星：劫,入侵者 劫,zh-MY
征战之路,刃马合一,zh-MY
待つ価値あり,值得等待,zh-MY
後排藍圖,后排蓝图,zh-MY
後衛の設計図,后排蓝图,zh-MY
復仇,复仇,zh-MY
復刻師,复制者,zh-MY
復刻師模式,复制者模式,zh-MY
復活祝福,复活的恩赐,zh-MY
循序漸進,生活片段,zh-MY
微光龍鱗精粹,微光龙鳞精萃,zh-MY
心之抗防,钢铁之心,zh-MY
心之钢,钢铁之心,zh-MY
心身統御のペンダント,支配宝匣,zh-MY
忍耐の美徳,忍耐是美德,zh-MY
思惑買い,做多,zh-MY
思緒清晰,思绪清晰,zh-MY
思緒雜亂,思绪杂乱,zh-MY
怪しげなトレンチコート,可疑风衣,zh-MY
怪咖集合,叛逆者,zh-MY
恶意货币化,恶意变现,zh-MY
恶火小斧,狱火战斧,zh-MY
惡性經營,恶意变现,zh-MY
惡意程式矩陣,恶意软件矩阵,zh-MY
惡鯊火箭,恶鲨火箭,zh-MY
想定内の意外性,意料之中的意外,zh-MY
成吨的属性！,成吨数据！,zh-MY
战时补给：反曲之弓,备用弓,zh-MY
战时补给：女神之泪,泪流不止,zh-MY
战时补给：拳套,暴击式成功,zh-MY
战时补给：无用大棒,永续召唤,zh-MY
战时补给：暴风大剑,杀出血路,zh-MY
戦略的敗北,这次战败也在计算之中,zh-MY
戰國軍閥之榮耀,战神的荣耀,zh-MY
戰錘意志,重锤之志,zh-MY
手气不错,觉得自己幸运吗,zh-MY
打手連枷,打手连枷,zh-MY
打捞桶,回收再利用,zh-MY
打造夥伴,构筑一名伙伴：,zh-MY
扩展包,拓展包,zh-MY
投資,投资,zh-MY
投資完了,投资,zh-MY
投资,投资,zh-MY
抽好抽滿I,转不停,zh-MY
拉亚斯特,勒哈斯特,zh-MY
拉莫斯,拉姆斯,zh-MY
招兵買馬,招兵买马,zh-MY
拥抱,集体拥抱I,zh-MY
拳击课程,拳击训练,zh-MY
拳套,格斗手套,zh-MY
拳擊訓練,拳击训练,zh-MY
拳擊選手,赏金战士,zh-MY
指揮官,指挥官,zh-MY
挑个好伙计！,构筑一名伙伴：,zh-MY
挑战者纹章,挑战者徽章,zh-MY
挖角,小偷小摸,zh-MY
振奮盔甲,振奋盔甲,zh-MY
探索者的护臂,探索者护腕,zh-MY
探索者護腕,探索者护腕,zh-MY
提莫,提摩,zh-MY
援護の弓,备用弓,zh-MY
揺るがぬ心,坚毅之心,zh-MY
摇钱树,财源滚滚,zh-MY
摘星之志,伸手摘群星,zh-MY
攀升之階I,冲榜战士,zh-MY
攀登天梯,冲榜战士,zh-MY
攜帶型打鐵舖,携带型打铁铺,zh-MY
攜手同行,我们团结一致,zh-MY
支配寶匣,支配宝匣,zh-MY
放電,电光反击,zh-MY
救世主,圣光审判者,zh-MY
救済者,圣光审判者,zh-MY
救赎盔甲,救赎之灵,zh-MY
散件丰收日,组件劫案,zh-MY
斗士,武斗家,zh-MY
斗士纹章,武斗家徽章,zh-MY
斗神,仙灵斗士,zh-MY
斗神的恩赐,好战者的恩赐,zh-MY
斜槓英雄,另辟新境,zh-MY
斯塔缇克电刃,史提克弹簧刀,zh-MY
斯特拉克的挑战护手,史特拉克手套,zh-MY
新人入队,招兵买马,zh-MY
新兵,招兵买马,zh-MY
新星特攻队,N.O.V.A,zh-MY
新星特攻队纹章,N.O.V.A.徽章,zh-MY
新纪元,纪年伊始,zh-MY
旅人,漫游者,zh-MY
旅人纹章,漫游者徽章,zh-MY
无差别攻击,无差别杀手,zh-MY
无用大棒,巨型魔棒,zh-MY
无终恨意,无尽绝望,zh-MY
日炎棋盘,日炎燎原,zh-MY
日輪的加冕,日轮的加冕,zh-MY
昇華護符,升华护符,zh-MY
明智消费,精打细算,zh-MY
明鏡止水,思绪清晰,zh-MY
易,易大师,zh-MY
易大師,易大师,zh-MY
星の観測者,观星者,zh-MY
星の観測者の紋章,观星者徽章,zh-MY
星を目指して,伸手摘群星,zh-MY
星光連鎖,星光连击,zh-MY
星界壁壘,堡垒,zh-MY
星界连招,星光连击,zh-MY
星界重启,宇宙重启,zh-MY
星際旅人,漫游者,zh-MY
星際旅人徽章,漫游者徽章,zh-MY
星靈牧者,牧魂人,zh-MY
星靈牧者徽章,牧魂人徽章,zh-MY
昼食代,午餐钱,zh-MY
時計仕掛けの加速装置,发条加速器,zh-MY
時間破壞者,破时者,zh-MY
時間破壞者徽章,破时者徽章,zh-MY
普通の日々,生活片段,zh-MY
普通預金口座,储蓄账户,zh-MY
智商稅,认知税,zh-MY
暗影木偶,暗影傀儡,zh-MY
暗星,幽冥煞星,zh-MY
暗星纹章,幽冥煞星徽章,zh-MY
暗行者之爪,潜行者之爪,zh-MY
暮光铁壁,堡垒,zh-MY
暴風之劍,暴风大剑,zh-MY
暴风之剑,暴风大剑,zh-MY
更致命之刃,致命利刃,zh-MY
更要命的帽子,致命帽子,zh-MY
更要命的战刃,致命利刃,zh-MY
最佳好友,一生挚友,zh-MY
最后的轻语,最后耳语,zh-MY
最大最小化,极限拉满,zh-MY
最小巨人,小小泰坦,zh-MY
最強の四配者,增援部队,zh-MY
最後耳語,最后耳语,zh-MY
最高指挥官,指挥官,zh-MY
有効活用,派上用场,zh-MY
有用之材,派上用场,zh-MY
朔极之矛,精进之矛,zh-MY
木灵族,米普,zh-MY
木灵族纹章,米普徽章,zh-MY
未来の鍛冶場,潜心锻造,zh-MY
未来战士,破时者,zh-MY
未来战士纹章,破时者徽章,zh-MY
末日使者,砰爆,zh-MY
权杖意志,重锤之志,zh-MY
杖之工匠,法杖工匠,zh-MY
杖匠,法杖工匠,zh-MY
杖鍛冶,法杖工匠,zh-MY
来个好伙计,芽苞初放,zh-MY
枯朽の遺物,凋零的遗物,zh-MY
枯死の宝石,枯萎宝石,zh-MY
枯萎圣物,凋零的遗物,zh-MY
枯萎寶石,枯萎宝石,zh-MY
枯萎珠宝,枯萎宝石,zh-MY
柔軟性,灵活变通,zh-MY
根絶者,歼灭者,zh-MY
格温,关,zh-MY
格雷福斯,葛雷夫,zh-MY
格鬥手套,格斗手套,zh-MY
棋手之盾,棋手盾牌,zh-MY
棋手廚房,棋手厨房,zh-MY
棋手披風,棋手斗篷,zh-MY
棘刺背心,刺藤胸甲,zh-MY
棱彩门票,七彩棱镜入场券,zh-MY
極速快手,挑战者,zh-MY
極速快手徽章,挑战者徽章,zh-MY
極速快手模式,挑战者模式,zh-MY
構成拡大,另辟新境,zh-MY
模控機械上鏈,仿生上行链,zh-MY
模控機械移植,仿生植入物,zh-MY
機械戰甲,机甲神盾,zh-MY
次级镜像人格面具,次级镜影化身,zh-MY
歐羅拉,极光,zh-MY
正义之手,正义手套,zh-MY
正义报复,复仇,zh-MY
正義手套,正义手套,zh-MY
武装战姬,重枪女武神,zh-MY
武鬥家,武斗家,zh-MY
武鬥家徽章,武斗家徽章,zh-MY
歩く鍛冶場,活火炉,zh-MY
死亡之刃,死神之刃,zh-MY
死得有價值I,派上用场,zh-MY
殉道美德,烈士之德,zh-MY
殺出血路,杀出血路,zh-MY
水乳交融,我们团结一致,zh-MY
水銀兜帽,水银兜帽,zh-MY
水银,水银兜帽,zh-MY
永恆契約,永恒契约,zh-MY
汪星机器人,派对大咖,zh-MY
沈黙の帳,寂静法衣,zh-MY
沉重王冠,王冠之重,zh-MY
治疗法球,治疗法球,zh-MY
治療靈球,治疗法球,zh-MY
治癒回音,疗愈回响,zh-MY
法官,裁决者,zh-MY
法官纹章,裁决者徽章,zh-MY
法杖溢流,魔棒过载,zh-MY
法洛士的執念,法洛士的执念,zh-MY
法洛士的祝福,法洛士的增益,zh-MY
泰坦九頭蛇,泰坦九头蛇,zh-MY
泰坦的坚决,泰坦的决意,zh-MY
泰坦的決意,泰坦的决意,zh-MY
泰隆,塔隆,zh-MY
活体锻炉,活火炉,zh-MY
活火爐,活火炉,zh-MY
派對咖,派对大咖,zh-MY
流れる涙,泪流不止,zh-MY
流亡孤軍,流亡孤军,zh-MY
浪人,流亡孤军,zh-MY
海克斯科技槍刃,海克斯科技枪刃,zh-MY
海牛阿福的锅铲战术,阿福式开局,zh-MY
海魔人,远古霸者,zh-MY
海魔人纹章,远古霸者徽章,zh-MY
淚光閃閃,泪流不止,zh-MY
淚如泉湧,泪流成河,zh-MY
混乱回復装置,重整装置,zh-MY
混沌への呼び声,混乱的呼唤,zh-MY
混沌召唤,混乱的呼唤,zh-MY
混沌召喚,混乱的呼唤,zh-MY
清晰头脑,思绪清晰,zh-MY
游侠,叛道者,zh-MY
游侠纹章,叛道者徽章,zh-MY
游神的盟友,守望者的盟友,zh-MY
源计划上行链路,仿生上行链,zh-MY
源计划植入,仿生植入物,zh-MY
潘朵拉的備戰區,潘多拉的备战区,zh-MY
潘朵拉的备战席,潘多拉的备战区,zh-MY
潘朵拉的装备,潘多拉的道具,zh-MY
潘朵拉的道具,潘多拉的道具,zh-MY
潛在火爐,潜心锻造,zh-MY
潛行者之爪,潜行者之爪,zh-MY
激发之匣,支配宝匣,zh-MY
火上浇油,煽风点火,zh-MY
火爆甩卖,火热促销,zh-MY
灭世者的死亡之帽,死亡之帽,zh-MY
灭星尊,歼灭者,zh-MY
灵活摇摆,灵活变通,zh-MY
灵能特工,灵能者,zh-MY
灵能特工纹章,灵能者徽章,zh-MY
灵风,西风匕首,zh-MY
灵魂唤醒,灵魂觉醒,zh-MY
炎を強めて,煽风点火,zh-MY
点击即送,一击即中,zh-MY
炽天使之拥,炽天使之杖,zh-MY
烈士美德,烈士之德,zh-MY
烏爾加特,乌尔加特,zh-MY
無人機上鏈,无人机上行链路,zh-MY
無差別屠殺,无差别杀手,zh-MY
無差別殺人者,无差别杀手,zh-MY
無盡之刃,无尽之刃,zh-MY
無盡絕望,无尽绝望,zh-MY
無限守護,无尽守护,zh-MY
熊熊火勢,煽风点火,zh-MY
熾天使之杖,炽天使之杖,zh-MY
營造氣場,灵气农兵,zh-MY
燼,烬,zh-MY
燼滅之華,歼灭者,zh-MY
爆炸性成長,爆炸式增长,zh-MY
爆発的成長,爆炸式增长,zh-MY
牧羊人,牧魂人,zh-MY
牧羊人纹章,牧魂人徽章,zh-MY
物尽其用,砰地重击,zh-MY
物資箱,爱心包裹,zh-MY
特性の書,特性典籍,zh-MY
特性の木,特性之树,zh-MY
特性を選択,选择特性,zh-MY
特性神木,特性之树,zh-MY
犽宿之共享光采,犽宿的共享光采,zh-MY
犽宿的祝福,犽宿的增益,zh-MY
犽宿的迅雷之技,犽宿的剑术,zh-MY
犽宿的黃金棋格,犽宿的黄金格子,zh-MY
狂徒铠甲,好战者铠甲,zh-MY
狂战士,劫掠者,zh-MY
狂战士纹章,劫掠者徽章,zh-MY
狙擊專家,狙击专家,zh-MY
狙擊專家徽章,狙击专家徽章,zh-MY
狙神,狙击专家,zh-MY
狙神纹章,狙击专家徽章,zh-MY
独自升级,我独自升级,zh-MY
猛将的荣耀,战神的荣耀,zh-MY
猩红报偿,血的代价,zh-MY
獄火手斧,狱火战斧,zh-MY
獄炎のハチェット,狱火战斧,zh-MY
獨自升等,我独自升级,zh-MY
王冠とは重きもの,王冠之重,zh-MY
玻璃大炮,玻璃大炮,zh-MY
玻璃大砲I,玻璃大炮,zh-MY
珍藏财宝,埋藏的宝物,zh-MY
珠光护手,宝石手套,zh-MY
珠光莲花,珠光莲花,zh-MY
珠光蓮花II,珠光莲花,zh-MY
瑟雷西的燈籠,瑟雷西的灯笼,zh-MY
瑟雷西的祝福,瑟雷西的增益,zh-MY
璐璐,露璐,zh-MY
甘いおやつ,甜点,zh-MY
生存專家,生存专家,zh-MY
生日團聚,生日团聚,zh-MY
生日禮物,生日礼物,zh-MY
生日聚会,生日团聚,zh-MY
生涯ブロンズ,终身青铜,zh-MY
生物材料保存,生物质保存剂,zh-MY
生物质维护器,生物质保存剂,zh-MY
由二生D,两倍价值,zh-MY
电火花,电光反击,zh-MY
男爵幻域,巴龙幻域,zh-MY
略奪者,劫掠者,zh-MY
略奪者の紋章,劫掠者徽章,zh-MY
疾射火炮,冲击火炮,zh-MY
疾速雙殺,疾速双杀,zh-MY
癒しのこだま,疗愈回响,zh-MY
登上最高峰,最后赢家,zh-MY
發條加速器,发条加速器,zh-MY
百獸,百兽,zh-MY
百獸指揮官,百兽指挥官,zh-MY
百獸特攻隊徽章,百兽特攻队徽章,zh-MY
皇冠守衛,冕卫,zh-MY
盗賊のグローブ,窃贼手套,zh-MY
盗賊団,神偷军团,zh-MY
盗賊団 II,神偷军团 II,zh-MY
盜取,小偷小摸,zh-MY
盧登驟雨,卢登骤雨,zh-MY
目標鎖定光學,目标锁定光学仪,zh-MY
真派氣功,卡胡纳胡纳,zh-MY
石像鬼石板甲,石像鬼盘核,zh-MY
石像鬼磐核,石像鬼盘核,zh-MY
研究熱心,刻苦钻研,zh-MY
破曉之核,曙光核心,zh-MY
砸起來,砰地重击,zh-MY
硬性承诺,全力以赴,zh-MY
碰撞測試,碰撞测试假人,zh-MY
神の祝福,神之祝福,zh-MY
神の鍛冶場,神化锻炉,zh-MY
神偷軍團,神偷军团,zh-MY
神偷軍團 II,神偷军团 II,zh-MY
神力天铸,力炼之躯,zh-MY
神寵者,神之祝福,zh-MY
神影刺客,叛道者,zh-MY
神影刺客徽章,叛道者徽章,zh-MY
神聖熔爐,神化锻炉,zh-MY
神託,先知,zh-MY
神諭,先知,zh-MY
神谕,导能者,zh-MY
神谕模式,导能者模式,zh-MY
神赐锻炉,神化锻炉,zh-MY
神鬥士,仙灵斗士,zh-MY
禁忌雕像,禁忌之像,zh-MY
离子火花,爱欧尼亚星火,zh-MY
私房錢,私房钱,zh-MY
秘传奥义,卡胡纳胡纳,zh-MY
稜鏡票券,七彩棱镜入场券,zh-MY
穢れたヴァンパイア セプター,腐败吸血鬼权杖,zh-MY
究極暴擊,暴击式成功,zh-MY
窃盗,小偷小摸,zh-MY
窃贼帮派,神偷军团,zh-MY
窃贼帮派 II,神偷军团 II,zh-MY
竊賊手套,窃贼手套,zh-MY
米利欧,米里欧,zh-MY
米普星人,米普,zh-MY
米普星人徽章,米普徽章,zh-MY
米普終端速度,终端米普速度,zh-MY
米里歐,米里欧,zh-MY
精心製作,精心打造,zh-MY
精打細算,精打细算,zh-MY
精進之矛,精进之矛,zh-MY
紀元,纪年伊始,zh-MY
紅Buff,红增益,zh-MY
納什之牙,纳什之牙,zh-MY
納瑟斯,纳瑟斯,zh-MY
素材アイテムヘイスト,组件劫案,zh-MY
紡がれし魔法,编织魔法,zh-MY
索拉卡的奇蹟,索拉卡的奇迹,zh-MY
索拉卡的恩赐,索拉卡的增益,zh-MY
索拉卡的祝福,索拉卡的增益,zh-MY
終わりなき絶望,无尽绝望,zh-MY
組件強盜,组件劫案,zh-MY
絶好調,滚起优势,zh-MY
維克特,维克特,zh-MY
維迦,维迦,zh-MY
縮小手套,手套,zh-MY
红霸符,红增益,zh-MY
纳尔,呐儿,zh-MY
纷乱头脑,思绪杂乱,zh-MY
纹章之书,特性典籍,zh-MY
纺织魔法,编织魔法,zh-MY
织命人,命运编织者,zh-MY
终身黄铜,终身青铜,zh-MY
绝境反击,逆袭之路,zh-MY
维克托,维克特,zh-MY
羁绊树,特性之树,zh-MY
美味甜點,甜点,zh-MY
翱銳龍獸,翱锐龙兽,zh-MY
翱銳龍獸的祝福,翱锐龙兽的增益,zh-MY
耐心学习,刻苦钻研,zh-MY
耐心學習,刻苦钻研,zh-MY
耐心是一种美德,忍耐是美德,zh-MY
耐心是美德,忍耐是美德,zh-MY
职业杀手,雇佣杀手,zh-MY
联合作战,并肩作战,zh-MY
聖なる決闘者,仙灵斗士,zh-MY
聖光無賴,圣光捣蛋鬼,zh-MY
能力值大補包,成吨数据！,zh-MY
能量圣杯,力量圣杯,zh-MY
脫穎而出,最后赢家,zh-MY
腐蝕,腐蚀,zh-MY
腐食,腐蚀,zh-MY
腰带溢流,腰带过载,zh-MY
腰帶多多,腰带过载,zh-MY
臨時戰甲,临时战甲,zh-MY
致命豆丁,小巧但致命,zh-MY
致死之帽,致命帽子,zh-MY
艾克的恩赐,艾克的增益,zh-MY
艾克的祝福,艾克的增益,zh-MY
节外生枝,另辟新境,zh-MY
花到上头,私房钱,zh-MY
英勇福袋,英勇惊喜包,zh-MY
英雄のラッキーバッグ,英勇惊喜包,zh-MY
英雄禮包,英勇惊喜包,zh-MY
茂凱,茂凯,zh-MY
荊棘蔓延,生根发芽,zh-MY
莎弥拉,煞蜜拉,zh-MY
莫德凯撒,魔斗凯萨,zh-MY
莫甘娜,魔甘娜,zh-MY
莫雷洛秘典,黑魔禁书,zh-MY
菲兹,飞斯,zh-MY
菲奥娜,菲欧拉,zh-MY
菲歐拉,菲欧拉,zh-MY
蓝霸符,蓝增益,zh-MY
蔓延之根,生根发芽,zh-MY
蕾欧娜,雷欧娜,zh-MY
薄暮法袍,均等法衣,zh-MY
薇古丝,薇可丝,zh-MY
薇可絲,薇可丝,zh-MY
藍Buff,蓝增益,zh-MY
虚空护手,虚空手套,zh-MY
虛空之杖,虚空之杖,zh-MY
虛空之門,虚空之门,zh-MY
虛空武鬥場,虚空手套,zh-MY
血の供物,血祭,zh-MY
血の価値,血的代价,zh-MY
血償,血的代价,zh-MY
衝擊火炮,冲击火炮,zh-MY
衝突試験用ダミー,碰撞测试假人,zh-MY
装备百宝袋,道具惊喜包,zh-MY
複製,复制,zh-MY
西風匕首,西风匕首,zh-MY
視界專注,视界专注,zh-MY
观星者纹章,观星者徽章,zh-MY
訂購奢侈品,奢华订阅,zh-MY
訂閱服務,订阅服务,zh-MY
訓練假人,训练木偶,zh-MY
詛咒之冠,诅咒之冠,zh-MY
詛咒之刃,诅咒之刃,zh-MY
詛咒吸血鬼權杖,腐败吸血鬼权杖,zh-MY
認知超載,认知超负荷,zh-MY
认知过载,认知超负荷,zh-MY
训练假人,训练木偶,zh-MY
诅咒冠冕,诅咒之冠,zh-MY
豪華なサブスク,奢华订阅,zh-MY
貝爾薇斯,贝尔薇斯,zh-MY
負極斗篷,负极斗篷,zh-MY
貪啃奇,贪啃奇,zh-MY
貪財,贪财,zh-MY
買い物三昧,购物狂欢,zh-MY
買不手軟,购物狂欢,zh-MY
貿易核心,商业核心,zh-MY
賈克斯,贾克斯,zh-MY
賢い買い物,精打细算,zh-MY
贝蕾亚,布蕾尔,zh-MY
贸易中心,商业核心,zh-MY
起死回生,回春,zh-MY
超前部署,远见卓识,zh-MY
超新星,N.O.V.A,zh-MY
超新星徽章,N.O.V.A.徽章,zh-MY
超级机甲,强大机甲,zh-MY
超能機甲,强大机甲,zh-MY
超越のタリスマン,升华护符,zh-MY
跳樓大拍賣,火热促销,zh-MY
輝く悪党,圣光捣蛋鬼,zh-MY
轻量魔法投掷,轻魔重骰,zh-MY
连指手套,手套,zh-MY
迷你小英雄,小小泰坦,zh-MY
迷离风衣,可疑风衣,zh-MY
适应性头盔,适性神盔,zh-MY
逆転劇,逆袭之路,zh-MY
逆轉佳話,逆袭之路,zh-MY
选择羁绊,选择特性,zh-MY
這次戰敗也在計算之中,这次战败也在计算之中,zh-MY
連続魔法,永续召唤,zh-MY
連續施法,永续召唤,zh-MY
進階貸款,高级贷款,zh-MY
道を切り拓け,杀出血路,zh-MY
道具組合包I,道具惊喜包,zh-MY
遠古霸者,远古霸者,zh-MY
遠古霸者徽章,远古霸者徽章,zh-MY
遠征,远征,zh-MY
遥遥领先,做多,zh-MY
適性神盔,适性神盔,zh-MY
選擇特性,选择特性,zh-MY
避險基金,对冲基金,zh-MY
邦！,当头棒喝！,zh-MY
邪悪な収益化,恶意变现,zh-MY
鄂爾,鄂尔,zh-MY
重整裝置,重整装置,zh-MY
重新開始任務,重启任务,zh-MY
重槍女武神,重枪女武神,zh-MY
重装战士,先锋战士,zh-MY
重装战士纹章,先锋战士徽章,zh-MY
量身訂做,专属定制,zh-MY
金に飢えし者,贪财,zh-MY
金のタマゴ,黄金蛋,zh-MY
金のモンスーン,财源滚滚,zh-MY
金ピカの鋼,镀金钢铁,zh-MY
金克丝,吉茵珂丝,zh-MY
金湯匙,出身豪门,zh-MY
金蛋,黄金蛋,zh-MY
金铲铲,锅铲,zh-MY
金铲铲冠冕,棋手皇冠,zh-MY
金锅铲冠冕,棋手斗篷,zh-MY
金锅锅,平底锅,zh-MY
金锅锅冠冕,棋手盾牌,zh-MY
金霖龙,金龙降世,zh-MY
金鳞精粹,微光龙鳞精萃,zh-MY
鈍化,木偶化,zh-MY
銀の匙,出身豪门,zh-MY
銀河獵手,银河猎手,zh-MY
銀織黎明,银织黎明,zh-MY
銃装機神,重枪女武神,zh-MY
銅級之命II,终身青铜,zh-MY
鋼の心,钢铁之心,zh-MY
鋼鐵素材,钢铁资产,zh-MY
錫柯的悲鳴號角,锡柯的悲鸣号角,zh-MY
錫柯的號角,锡柯的号角,zh-MY
鍋鏟,锅铲,zh-MY
鎖子甲,锁子甲,zh-MY
鏡像のペルソナ,镜影化身,zh-MY
鏡像人格,镜影化身,zh-MY
鏡爪,镜爪,zh-MY
鑄造朋友,锻造一个朋友,zh-MY
钢铁烈阳之匣,日轮的加冕,zh-MY
银汤匙,出身豪门,zh-MY
锁敌光学设备,目标锁定光学仪,zh-MY
锅铲厨房,棋手厨房,zh-MY
锐雯,雷玟,zh-MY
锤石的恩赐,瑟雷西的增益,zh-MY
锤石的灯笼,瑟雷西的灯笼,zh-MY
锻造挚友,锻造一个朋友,zh-MY
镜像人格面具,镜影化身,zh-MY
長久之計,做多,zh-MY
閃刃,烁刃,zh-MY
開局新手包,芽苞初放,zh-MY
闇の女帝,暗黑女士,zh-MY
闇翼魔女,暗黑女士,zh-MY
關,关,zh-MY
防禦高塔,塔楼,zh-MY
阿卡丽,阿卡莉,zh-MY
阿狸的光环,阿璃的灵气,zh-MY
阿狸的恩赐,阿璃的增益,zh-MY
阿璃的祝福,阿璃的增益,zh-MY
阿璃的靈氣,阿璃的灵气,zh-MY
阿福大禮包,阿福大礼包,zh-MY
阿福奇兵,阿福式开局,zh-MY
阿福快打,阿福驾到,zh-MY
阿福的百宝袋,阿福大礼包,zh-MY
阿萝拉,极光,zh-MY
降靈師,导能者,zh-MY
降靈師模式,导能者模式,zh-MY
限定カスタマイズ,专属定制,zh-MY
陣容,排兵布阵,zh-MY
集中火力,专注火焰,zh-MY
集中砲火,专注火焰,zh-MY
集结战队,携手合作,zh-MY
雙排,双排,zh-MY
雙生守衛,双子守护者,zh-MY
離子星火,爱欧尼亚星火,zh-MY
雷克塞,雷珂煞,zh-MY
雷歐娜,雷欧娜,zh-MY
電光反擊,电光反击,zh-MY
電荷轉移,电荷转移I,zh-MY
霞,刹雅,zh-MY
霸天机甲,机甲神盾,zh-MY
靈活變通,灵活变通,zh-MY
靈能使,灵能者,zh-MY
靈能使徽章,灵能者徽章,zh-MY
靈魂救贖,救赎之灵,zh-MY
静止法衣,寂静法衣,zh-MY
非凡冒險,至尊探险,zh-MY
韦鲁斯的恩赐,法洛士的增益,zh-MY
韦鲁斯的执念,法洛士的执念,zh-MY
頂裝,最强构筑,zh-MY
預料中的意外,意料之中的意外,zh-MY
願四之力與你同在,愿四费与你同在,zh-MY
顶尖构筑,最强构筑,zh-MY
顽强不屈,不屈,zh-MY
飙速木灵,终端米普速度,zh-MY
飛斯,飞斯,zh-MY
飛昇,飞升,zh-MY
飞升护符,升华护符,zh-MY
饮血剑,嗜血者,zh-MY
騎士の誓い,骑士誓愿,zh-MY
騎士誓願,骑士誓愿,zh-MY
骑士之誓,骑士誓愿,zh-MY
高压电,高压电流,zh-MY
高塔,塔楼,zh-MY
高速ダブルキル,疾速双杀,zh-MY
高電圧,高压电流,zh-MY
高電壓,高压电流,zh-MY
高風險高報酬,一着险棋,zh-MY
鬼使彎刀,鬼使弯刀,zh-MY
魂力覺醒,灵魂觉醒,zh-MY
魔力編織,编织魔法,zh-MY
魔术师,复制者,zh-MY
魔术师模式,复制者模式,zh-MY
魔杖湧流,魔棒过载,zh-MY
魔法のダイス,魔法骰子,zh-MY
魔法投掷,魔法骰子,zh-MY
魔法擲骰,魔法骰子,zh-MY
魔鬥凱薩,魔斗凯萨,zh-MY
鱼骨头,恶鲨火箭,zh-MY
鲜血祭品,血祭,zh-MY
鴻運當頭,觉得自己幸运吗,zh-MY
鴻運當頭,滚起优势,zh-MY
麗珊卓,丽珊卓,zh-MY
黃昏聖盾,暮夜之盾,zh-MY
黃金巨龍,金龙降世,zh-MY
黃金蛋,黄金蛋,zh-MY
黃金豪賭,黄金豪赌,zh-MY
黄昏圣盾,暮夜之盾,zh-MY
黄金の博打,黄金豪赌,zh-MY
黄金の龍,金龙降世,zh-MY
黄金赌约,黄金豪赌,zh-MY
黎明圣盾,黎明之盾,zh-MY
黎明核心,曙光核心,zh-MY
黎明聖盾,黎明之盾,zh-MY
黑暗吸血鬼节杖,腐败吸血鬼权杖,zh-MY
黑暗魔女,暗黑女士,zh-MY
黑铁资产,钢铁资产,zh-MY
黑魔禁書,黑魔禁书,zh-MY
龍之爪,龙之爪,zh-MY
가고일 돌갑옷,石像鬼盘核,zh-MY
가지 뻗기,另辟新境,zh-MY
간이 대장간,活火炉,zh-MY
강철의 솔라리 펜던트,日轮的加冕,zh-MY
강철의 심장,钢铁之心,zh-MY
거대 메크 로봇,强大机甲,zh-MY
거대하고 강력한,巨人之力,zh-MY
거대한 히드라,泰坦九头蛇,zh-MY
거래 중심지,商业核心,zh-MY
거울의 환영,镜影化身,zh-MY
거인 학살자,巨人杀手,zh-MY
거인의 결의,泰坦的决意,zh-MY
거인의 허리띠,巨人腰带,zh-MY
검 제작자,铸剑工匠,zh-MY
경품 추첨,黄金豪赌,zh-MY
경호대 훈련,保镖训练,zh-MY
계산된 패배,这次战败也在计算之中,zh-MY
고귀한 모험,至尊探险,zh-MY
고독한 방패,孤身铁铠,zh-MY
고속 연사포,冲击火炮,zh-MY
고위천사의 지팡이,炽天使之杖,zh-MY
고전압,电光反击,zh-MY
고전압,高压电流,zh-MY
고철 수집가의 은총,好战者的恩赐,zh-MY
곡궁,反曲弓,zh-MY
골렘,魔像,zh-MY
공감 임플란트,共感植入,zh-MY
공허 건틀릿,虚空手套,zh-MY
공허의 지팡이,虚空之杖,zh-MY
교환의 장,贸易大亨,zh-MY
구독 서비스,订阅服务,zh-MY
구원의 영혼,救赎之灵,zh-MY
구원자,圣光审判者,zh-MY
구인수의 격노검,鬼索的狂暴之刃,zh-MY
굳건한 심장,坚毅之心,zh-MY
권투 교습,拳击训练,zh-MY
그냥 눌러,一击即中,zh-MY
그라가스,古拉格斯,zh-MY
그레이브즈,葛雷夫,zh-MY
그림자 꼭두각시,暗影傀儡,zh-MY
그웬,关,zh-MY
극대화 빌드,最强构筑,zh-MY
극진한 헌신,全力以赴,zh-MY
금지된 우상,禁忌之像,zh-MY
급매,火热促销,zh-MY
기다림의 미학,值得等待,zh-MY
기동총격여신,重枪女武神,zh-MY
기사의 맹세,骑士誓愿,zh-MY
길을 내라,杀出血路,zh-MY
길잡이,牧魂人,zh-MY
길잡이 상징,牧魂人徽章,zh-MY
꼬꼬마 거인,小小泰坦,zh-MY
꼬마 거인,小小大英雄,zh-MY
꼬마 정령,米普,zh-MY
꽁!,当头棒喝！,zh-MY
끈끈한 우정,团队建设,zh-MY
끈질긴 연구,刻苦钻研,zh-MY
끝없는 절망,无尽绝望,zh-MY
나 혼자 레벨업,我独自升级,zh-MY
나르,呐儿,zh-MY
나미,娜米,zh-MY
나서스,纳瑟斯,zh-MY
남작의 소굴,巴龙幻域,zh-MY
내셔의 이빨,纳什之牙,zh-MY
넘치는 대검,大剑过载,zh-MY
넘치는 지팡이,魔棒过载,zh-MY
넘치는 허리띠,腰带过载,zh-MY
누누와 윌럼프,努努和威朗普,zh-MY
다 쓸 데가 있다니까,派上用场,zh-MY
다이애나,黛安娜,zh-MY
단결된 의지,并肩作战,zh-MY
단일 조합 사수,不侦察，不变阵,zh-MY
단짝,一生挚友,zh-MY
단체 포옹,集体拥抱I,zh-MY
달콤한 간식,甜点,zh-MY
대격변 생성기,重整装置,zh-MY
대장군의 명예,战神的荣耀,zh-MY
대천사의 지팡이,大天使之杖,zh-MY
대출 선지급,高级贷款,zh-MY
더욱 치명적인 모자,致命帽子,zh-MY
덤불 조끼,刺藤胸甲,zh-MY
도금 강철,镀金钢铁,zh-MY
도둑 무리,神偷军团,zh-MY
도둑 무리 II,神偷军团 II,zh-MY
도적의 장갑,窃贼手套,zh-MY
도전자,挑战者,zh-MY
도전자 모드,挑战者模式,zh-MY
도전자 상징,挑战者徽章,zh-MY
돈 폭풍,财源滚滚,zh-MY
돈독,贪财,zh-MY
동료 제작,构筑一名伙伴：,zh-MY
동물특공대,百兽,zh-MY
동물특공대 상징,百兽特攻队徽章,zh-MY
동물특공대 지휘관,百兽指挥官,zh-MY
뒤집개,锅铲,zh-MY
드론 업링크,无人机上行链路,zh-MY
땔감 제공,煽风点火,zh-MY
라바돈의 죽음모자,死亡之帽,zh-MY
라아스트,勒哈斯特,zh-MY
라이트실드 문장,光盾之纹,zh-MY
람머스,拉姆斯,zh-MY
레벨 업!,升级！,zh-MY
레오나,雷欧娜,zh-MY
렉사이,雷珂煞,zh-MY
루덴의 폭풍,卢登骤雨,zh-MY
룰루,露璐,zh-MY
르블랑,勒布朗,zh-MY
리븐,雷玟,zh-MY
리산드라,丽珊卓,zh-MY
리치베인,巫妖之祸,zh-MY
마법 주사위,魔法骰子,zh-MY
마법공학 총검,海克斯科技枪刃,zh-MY
마법사의 최후,智慧末刃,zh-MY
마스터 이,易大师,zh-MY
마오카이,茂凯,zh-MY
말살자,歼灭者,zh-MY
맑은 정신,思绪清晰,zh-MY
망령 해적검,鬼使弯刀,zh-MY
메카,机甲神盾,zh-MY
명멸검,烁刃,zh-MY
모데카이저,魔斗凯萨,zh-MY
모렐로노미콘,黑魔禁书,zh-MY
모르가나,魔甘娜,zh-MY
무차별적 살인자,无差别杀手,zh-MY
무한의 대검,无尽之刃,zh-MY
무한한 보호,无尽守护,zh-MY
미래 지향적 사고,远见卓识,zh-MY
미스 포츈,好运姐,zh-MY
밀리오,米里欧,zh-MY
바드,巴德,zh-MY
바루스의 은총,法洛士的增益,zh-MY
바루스의 집착,法洛士的执念,zh-MY
반도체,半导体,zh-MY
반항아,叛逆者,zh-MY
밤의 끝자락,夜色缘界,zh-MY
방한 장갑,手套,zh-MY
베이가,维迦,zh-MY
벡스,薇可丝,zh-MY
벨베스,贝尔薇斯,zh-MY
별돌보미,观星者,zh-MY
별돌보미 상징,观星者徽章,zh-MY
별빛 연계,星光连击,zh-MY
보루,堡垒,zh-MY
보물 사냥,寻宝之旅,zh-MY
보석 건틀릿,宝石手套,zh-MY
보석 연꽃,珠光莲花,zh-MY
복제,复制,zh-MY
복제자,复制者,zh-MY
복제자 모드,复制者模式,zh-MY
부스터 팩,拓展包,zh-MY
부식,腐蚀,zh-MY
부작용,副作用,zh-MY
부활의 은총,复活的恩赐,zh-MY
불굴,不屈,zh-MY
불완전한 초월,部分飞升,zh-MY
불한당,叛道者,zh-MY
불한당 상징,叛道者徽章,zh-MY
붉고 푸른 효과,一个增益，两个增益,zh-MY
붉은 덩굴정령,红增益,zh-MY
브라이어,布蕾尔,zh-MY
블리츠크랭크,布里茨,zh-MY
빅뱅,大霹雳星系,zh-MY
빅토르,维克特,zh-MY
빛비늘 정수,微光龙鳞精萃,zh-MY
뻗어가는 뿌리,生根发芽,zh-MY
뽀삐,波比,zh-MY
사미라,煞蜜拉,zh-MY
사이버네틱 이식술,仿生植入物,zh-MY
사이버네틱 통신,仿生上行链,zh-MY
삼인방,三重奏,zh-MY
새로고침의 날,转不停,zh-MY
새로운 시대,纪年伊始,zh-MY
새벽심장,曙光核心,zh-MY
새벽의 방패,黎明之盾,zh-MY
생선대가리,恶鲨火箭,zh-MY
생일 모임,生日团聚,zh-MY
생일 선물,生日礼物,zh-MY
생존자,生存专家,zh-MY
서사적 새로고침,史诗重骰,zh-MY
서열 상승,冲榜战士,zh-MY
서풍,西风匕首,zh-MY
선물 꾸러미,爱心包裹,zh-MY
선봉대,先锋战士,zh-MY
선봉대 상징,先锋战士徽章,zh-MY
성취,最后赢家,zh-MY
소나,索娜,zh-MY
소라카의 기적,索拉卡的奇迹,zh-MY
소라카의 은총,索拉卡的增益,zh-MY
소형 블랙홀,迷你黑洞,zh-MY
쇠사슬 조끼,锁子甲,zh-MY
쇼진의 창,精进之矛,zh-MY
수상한 외투,可疑风衣,zh-MY
수완가,私房钱,zh-MY
수은,水银兜帽,zh-MY
수호자의 맹세,保卫者之誓,zh-MY
수호자의 친구,守望者的盟友,zh-MY
순교자의 미덕,烈士之德,zh-MY
쉔,慎,zh-MY
스태틱의 단검,史提克弹簧刀,zh-MY
스테락의 도전,史特拉克手套,zh-MY
슬쩍하기,小偷小摸,zh-MY
습격자,劫掠者,zh-MY
습격자 상징,劫掠者徽章,zh-MY
승승장구,滚起优势,zh-MY
승천의 부적,升华护符,zh-MY
시간 균열자,破时者,zh-MY
시간 균열자 상징,破时者徽章,zh-MY
시계태엽 윤활유,发条加速器,zh-MY
시동 걸기,快速入门,zh-MY
신병,招兵买马,zh-MY
신성 결투가,仙灵斗士,zh-MY
신성한 대장간,神化锻炉,zh-MY
신의 축복,神之祝福,zh-MY
신중한 제작,潜心锻造,zh-MY
실컷 울어봐라,泪流成河,zh-MY
싸움꾼,武斗家,zh-MY
싸움꾼 상징,武斗家徽章,zh-MY
쌍두마차,坦度成双,zh-MY
쌍둥이 수호자,双子守护者,zh-MY
쓰레쉬의 랜턴,瑟雷西的灯笼,zh-MY
쓰레쉬의 은총,瑟雷西的增益,zh-MY
쓸데없이 큰 지팡이,巨型魔棒,zh-MY
아리의 오라,阿璃的灵气,zh-MY
아리의 은총,阿璃的增益,zh-MY
아우렐리온 솔,翱锐龙兽,zh-MY
아우렐리온 솔의 은총,翱锐龙兽的增益,zh-MY
아이템 꾸러미,道具惊喜包,zh-MY
아칼리,阿卡莉,zh-MY
아케인 빅토르이!,奥术 维克特式胜利,zh-MY
아트록스,厄萨斯,zh-MY
악성코드 매트릭스,恶意软件矩阵,zh-MY
악의적 수익 창출,恶意变现,zh-MY
암흑의 별,幽冥煞星,zh-MY
암흑의 별 상징,幽冥煞星徽章,zh-MY
야스오의 검술,犽宿的剑术,zh-MY
야스오의 스포트라이트 공유,犽宿的共享光采,zh-MY
야스오의 은총,犽宿的增益,zh-MY
야스오의 황금 칸,犽宿的黄金格子,zh-MY
약간 신비한 주사위,轻魔重骰,zh-MY
어둠의 여인,暗黑女士,zh-MY
어수선한 마음,思绪杂乱,zh-MY
얽힌 마법,编织魔法,zh-MY
엄청나게 이로운 효과!,成吨数据！,zh-MY
에너지 파동,卡胡纳胡纳,zh-MY
에코의 은총,艾克的增益,zh-MY
에코의 인내,艾克的耐心,zh-MY
여신의 눈물,女神之泪,zh-MY
여행자,漫游者,zh-MY
여행자 상징,漫游者徽章,zh-MY
역병의 보석,枯萎宝石,zh-MY
역전의 서막,逆袭之路,zh-MY
연결 불가,失去联络,zh-MY
연속 주문 사용,永续召唤,zh-MY
연습용 장갑,格斗手套,zh-MY
영웅 꾸러미,英勇惊喜包,zh-MY
영원한 브론즈,终身青铜,zh-MY
영원한 서약,永恒契约,zh-MY
영혼 각성,灵魂觉醒,zh-MY
예금 계좌,储蓄账户,zh-MY
예비 활,备用弓,zh-MY
예상된 예상 밖의 결과,意料之中的意外,zh-MY
예언자,先知,zh-MY
오라 축적,灵气农兵,zh-MY
오로라,极光,zh-MY
오른,鄂尔,zh-MY
왕관의 무게,王冠之重,zh-MY
요새,壁垒,zh-MY
요새 상징,壁垒徽章,zh-MY
용의 발톱,龙之爪,zh-MY
우르곳,乌尔加特,zh-MY
우르프의 갬빗,阿福式开局,zh-MY
우르프의 꾸러미,阿福大礼包,zh-MY
우주 그루브,太空律动,zh-MY
우주 그루브 상징,太空律动徽章,zh-MY
우주적 재시작,宇宙重启,zh-MY
운명술사,命运编织者,zh-MY
워모그의 갑옷,好战者铠甲,zh-MY
위험한 행보,一着险棋,zh-MY
유기물 보존기,生物质保存剂,zh-MY
유리 대포,玻璃大炮,zh-MY
유연함,灵活变通,zh-MY
유용한 금속,钢铁资产,zh-MY
은빛 여명,银织黎明,zh-MY
은수저,出身豪门,zh-MY
은하계 사냥꾼,银河猎手,zh-MY
음전자 망토,负极斗篷,zh-MY
응당한 대가,代价是什么,zh-MY
응징,复仇,zh-MY
이블린의 본능,伊芙琳的本能,zh-MY
이블린의 은총,伊芙琳的增益,zh-MY
이온 충격기,爱欧尼亚星火,zh-MY
이즈리얼,伊泽瑞尔,zh-MY
인지 과부하,认知超负荷,zh-MY
인지세,认知税,zh-MY
일라오이,伊罗旖,zh-MY
일상물,生活片段,zh-MY
임무 재시작,重启任务,zh-MY
임시변통 방어구,临时战甲,zh-MY
자객의 발톱,潜行者之爪,zh-MY
자리 비움,强制中离,zh-MY
자야,刹雅,zh-MY
작은 꾸러미,小型惊喜包,zh-MY
작은 친구들,小小伙伴,zh-MY
작지만 치명적인,小巧但致命,zh-MY
장기 투자,做多,zh-MY
재빠른 더블 킬,疾速双杀,zh-MY
재빠른 무장,砰地重击,zh-MY
재생의 바람,回春,zh-MY
재활용 쓰레기통,回收再利用,zh-MY
잭스,贾克斯,zh-MY
저 별을 향해,伸手摘群星,zh-MY
저격수,狙击专家,zh-MY
저격수 상징,狙击专家徽章,zh-MY
저녁갑주,均等法衣,zh-MY
저주받은 왕관,诅咒之冠,zh-MY
저주받은 칼날,诅咒之刃,zh-MY
적응형 투구,适性神盔,zh-MY
전달자,导能者,zh-MY
전달자 모드,导能者模式,zh-MY
전략가의 망토,棋手斗篷,zh-MY
전략가의 방패,棋手盾牌,zh-MY
전략가의 왕관,棋手皇冠,zh-MY
전략가의 주방,棋手厨房,zh-MY
전방의 토대,前排地基,zh-MY
전하 이동,电荷转移I,zh-MY
점심값,午餐钱,zh-MY
정교한 공예,精心打造,zh-MY
정렬,排兵布阵,zh-MY
정령단 속도,终端米普速度,zh-MY
정령의 형상,振奋盔甲,zh-MY
정령족,米普,zh-MY
정령족 상징,米普徽章,zh-MY
정의의 손길,正义手套,zh-MY
제드,劫,zh-MY
조기 교육,早期教育,zh-MY
조이,柔依,zh-MY
조합 아이템 강탈,组件劫案,zh-MY
주인공 버프,主角威能,zh-MY
죽음의 검,死神之刃,zh-MY
중심 잡기,C位觉悟,zh-MY
중재자,裁决者,zh-MY
중재자 상징,裁决者徽章,zh-MY
즈롯 차원문,虚空之门,zh-MY
증강된 힘,增幅之力,zh-MY
지옥불 손도끼,狱火战斧,zh-MY
지크의 음산한 전령,锡柯的悲鸣号角,zh-MY
지크의 전령,锡柯的号角,zh-MY
지팡이 제작자,法杖工匠,zh-MY
지평선의 초점,视界专注,zh-MY
지휘관,指挥官,zh-MY
진,烬,zh-MY
진형 유지,坚守前线,zh-MY
징크스,吉茵珂丝,zh-MY
찬란한 장난꾸러기,圣光捣蛋鬼,zh-MY
참는 자에게 복을,忍耐是美德,zh-MY
철퇴의 의지,重锤之志,zh-MY
청부 살인마,雇佣杀手,zh-MY
초가스,科加斯,zh-MY
초능력,灵能者,zh-MY
초능력 상징,灵能者徽章,zh-MY
초월,飞升,zh-MY
최신상,全新出厂,zh-MY
최적화,极限拉满,zh-MY
최후의 속삭임,最后耳语,zh-MY
추방자,流亡孤军,zh-MY
추적자의 팔목 보호대,探索者护腕,zh-MY
출세가도,上进心,zh-MY
출정,刃马合一,zh-MY
충돌 시험용 봇,碰撞测试假人,zh-MY
치명적 성공,暴击式成功,zh-MY
치명적인 칼날,致命利刃,zh-MY
친구 만들기,芽苞初放,zh-MY
친구 만들기,锻造一个朋友,zh-MY
침략자 제드,入侵者 劫,zh-MY
침묵의 장막,寂静法衣,zh-MY
카르마,卡玛,zh-MY
카이사,凯莎,zh-MY
카파 주스,卡帕果汁,zh-MY
케이틀린,凯特琳,zh-MY
케일의 승천,凯尔的升腾,zh-MY
케일의 은총,凯尔的增益,zh-MY
케일의 찬란한 승천,凯尔的圣光升腾,zh-MY
코르키,库奇,zh-MY
크기의 중요성,尺有所短、寸有所长,zh-MY
크라운가드,冕卫,zh-MY
크라켄의 분노,海妖之怒,zh-MY
큰 꾸러미,大型惊喜包,zh-MY
킨드레드,镜爪,zh-MY
타격대의 철퇴,打手连枷,zh-MY
타락한 흡혈의 낫,腐败吸血鬼权杖,zh-MY
탈론,塔隆,zh-MY
탐 켄치,贪啃奇,zh-MY
탐사,远征,zh-MY
탑,塔楼,zh-MY
태고족,远古霸者,zh-MY
태고족 상징,远古霸者徽章,zh-MY
태양불꽃 망토,日炎斗篷,zh-MY
태양불꽃판,日炎燎原,zh-MY
투자,投资,zh-MY
트위스티드 페이트,逆命,zh-MY
특별 맞춤 설정,专属定制,zh-MY
특성 나무,特性之树,zh-MY
특성 선택,选择特性,zh-MY
특성의 고서,特性典籍,zh-MY
티모,提摩,zh-MY
파멸자,砰爆,zh-MY
파묻힌 보물,埋藏的宝物,zh-MY
파이크,派克,zh-MY
파이트 머니,赏金战士,zh-MY
파티광,派对大咖,zh-MY
판도라의 대기석,潘多拉的备战区,zh-MY
판도라의 아이템,潘多拉的道具,zh-MY
판테온,潘森,zh-MY
폭발적인 성장,爆炸式增长,zh-MY
표적 고정 광학 장치,目标锁定光学仪,zh-MY
푸른 파수꾼,蓝增益,zh-MY
프라이팬,平底锅,zh-MY
프리즘 티켓,七彩棱镜入场券,zh-MY
피바라기,嗜血者,zh-MY
피오라,菲欧拉,zh-MY
피의 공물,血祭,zh-MY
피의 대가,血的代价,zh-MY
피즈,飞斯,zh-MY
하급 거울의 환영,次级镜影化身,zh-MY
"하나, 둘, 다섯!",一、二、五！,zh-MY
"하나, 둘, 셋",一二三,zh-MY
하나로 뭉치는 거지,我们团结一致,zh-MY
해진 유물,凋零的遗物,zh-MY
행운의 기운,觉得自己幸运吗,zh-MY
행운의 장갑,好运手套,zh-MY
헤지 펀드,对冲基金,zh-MY
현명한 소비,精打细算,zh-MY
협곡 바위 게,河蟹,zh-MY
협력,携手合作,zh-MY
호화로운 정기 구독,奢华订阅,zh-MY
혼돈의 부름,混乱的呼唤,zh-MY
화력 집중,专注火焰,zh-MY
활력증진의 펜던트,支配宝匣,zh-MY
활의 수호자,我弓于你手,zh-MY
황금 드래곤,金龙降世,zh-MY
황금 알,黄金蛋,zh-MY
황혼의 방패,暮夜之盾,zh-MY
회복의 구,治疗法球,zh-MY
회복의 메아리,疗愈回响,zh-MY
후반 성장,后期成长,zh-MY
후반 전문가,专打后期,zh-MY
후방 설계도,后排蓝图,zh-MY
훈련 봇,训练木偶,zh-MY
훈련 봇 변환,木偶化,zh-MY
휴대용 대장간,携带型打铁铺,zh-MY
흐르는 눈물,泪流不止,zh-MY
흡혈의 활력,吸血活力I,zh-MY
흥청망청,购物狂欢,zh-MY
힘을 실은 제련,力炼之躯,zh-MY
힘의 성배,力量圣杯,zh-MY
羊刀,鬼索的狂暴之刃,zh-MY
帽子,死亡之帽,zh-MY
大帽,死亡之帽,zh-MY
法帽,死亡之帽,zh-MY
青龙刀,精进之矛,zh-MY
龙刀,精进之矛,zh-MY
蓝buff,蓝增益,zh-MY
大天使,大天使之杖,zh-MY
AA,大天使之杖,zh-MY
珠光,宝石手套,zh-MY
法爆,宝石手套,zh-MY
JG,宝石手套,zh-MY
鬼书,黑魔禁书,zh-MY
离子,爱欧尼亚星火,zh-MY
纳什,纳什之牙,zh-MY
科技枪,海克斯科技枪刃,zh-MY
枪刃,海克斯科技枪刃,zh-MY
虚空,虚空之杖,zh-MY
法穿棒,虚空之杖,zh-MY
无尽,无尽之刃,zh-MY
IE,无尽之刃,zh-MY
死刃,死神之刃,zh-MY
杀人剑,死神之刃,zh-MY
DB,死神之刃,zh-MY
巨杀,巨人杀手,zh-MY
GS,巨人杀手,zh-MY
轻语,最后耳语,zh-MY
LW,最后耳语,zh-MY
海妖,海妖之怒,zh-MY
泰坦,泰坦的决意,zh-MY
幽梦,妖梦鬼刀,zh-MY
QSS,水银兜帽,zh-MY
血手,史特拉克手套,zh-MY
饮血,嗜血者,zh-MY
BT,嗜血者,zh-MY
反甲,刺藤胸甲,zh-MY
龙爪,龙之爪,zh-MY
DC,龙之爪,zh-MY
石像鬼,石像鬼盘核,zh-MY
狂徒,好战者铠甲,zh-MY
夜锋,夜色缘界,zh-MY
EON,夜色缘界,zh-MY
冕卫,冕卫,zh-MY
日炎,日炎斗篷,zh-MY
适应,适性神盔,zh-MY
坚定,坚毅之心,zh-MY
心之刚,坚毅之心,zh-MY
斯特拉克,史特拉克手套,zh-MY
偷偷,窃贼手套,zh-MY
圣盾,保卫者之誓,zh-MY
誓约,保卫者之誓,zh-MY
冰甲,保卫者之誓,zh-MY
圣杯,力量圣杯,zh-MY
基克,锡柯的号角,zh-MY
鸟盾,日轮的加冕,zh-MY
正义,正义手套,zh-MY
HOJ,正义手套,zh-MY
法衣,寂静法衣,zh-MY
女妖,女妖面纱,zh-MY
薄暮,均等法衣,zh-MY
骑士,骑士誓愿,zh-MY
月石,月之石再生装置,zh-MY
恶意,恶意,zh-MY
嘉文,嘉文四世,zh-MY
J4,嘉文四世,zh-MY
菊花信,赵信,zh-MY
小炮,崔丝塔娜,zh-MY
卡牌,逆命,zh-MY
牌爹,逆命,zh-MY
TF,逆命,zh-MY
挖掘机,雷珂煞,zh-MY
妖姬,勒布朗,zh-MY
船长,刚普朗克,zh-MY
GP,刚普朗克,zh-MY
大卑,贝尔薇斯,zh-MY
蝙蝠,贝尔薇斯,zh-MY
女枪,好运姐,zh-MY
霸龙,机械暴龙,zh-MY
霸王龙,机械暴龙,zh-MY
螃蟹,河蟹,zh-MY
猴子,悟空,zh-MY
稻草人,费德提克,zh-MY
蛤蟆,贪啃奇,zh-MY
狗熊,弗力贝尔,zh-MY
龙王,翱锐龙兽,zh-MY
小法,维迦,zh-MY
老鼠,图奇,zh-MY
诺手,达瑞斯,zh-MY
德玛,盖伦,zh-MY
大虫子,科加斯,zh-MY
灯笼,瑟雷西,zh-MY
大嘴,寇格魔,zh-MY
狼人,沃维克,zh-MY
鳄鱼,雷尼克顿 ,zh-MY
龙女,希瓦娜,zh-MY
豹女,奈德丽,zh-MY
寒冰,艾希,zh-MY
女警,凯特琳,zh-MY
皮城女警,凯特琳,zh-MY
琴女,索娜,zh-MY
机器人,布里茨,zh-MY
男爵,巴龙纳什,zh-MY
杀手,杀戮者,zh-MY
大龙,巴龙纳什,zh-MY
小菊,布洛克,zh-MY
流浪,雷兹,zh-MY
偷男,赛勒斯,zh-MY
甘雨,镜爪,zh-MY
劲夫,赛特,zh-MY
棺材板,齐勒斯 ,zh-MY
剑魔,厄萨斯,zh-MY
乌鸦,斯温,zh-MY
光女,拉克丝,zh-MY
酸辣粉,瑟菈纷,zh-MY
宝石,塔里克,zh-MY
德子,达瑞文,zh-MY
冰女,丽珊卓,zh-MY
电耗子,凯能,zh-MY
猪女,史瓦妮,zh-MY
猪妹,史瓦妮,zh-MY
剪刀,关,zh-MY
掘墓,约瑞科 ,zh-MY
皎月,黛安娜,zh-MY
蛮王,泰达米尔,zh-MY
腰子,慎,zh-MY
赏金,好运姐,zh-MY
冰鸟,艾妮维亚,zh-MY
爆弹,希格斯,zh-MY
黑妹,梅尔,zh-MY
熊,泰贝尔,zh-MY
佛爷,维尔戈,zh-MY
沙皇,阿祈尔,zh-MY
日女,雷欧娜,zh-MY
女坦,雷欧娜,zh-MY
丁真,米里欧,zh-MY
小法师,维迦,zh-MY
滑板鞋,克黎思妲,zh-MY
火女,安妮,zh-MY
狗头,纳瑟斯,zh-MY
板甲,石像鬼盘核,zh-MY
reroll,慢速D牌,zh-MY
赌狗,慢速D牌,zh-MY
econ,经济运营,zh-MY
运营,经济运营,zh-MY
pivot,转阵容,zh-MY
转向,转阵容,zh-MY
board strength,场上战力,zh-MY
质量,场上战力,zh-MY
lose streak,连续失败,zh-MY
连败,连续失败,zh-MY
win streak,连续胜利,zh-MY
连胜,连续胜利,zh-MY
fast 8,快速升8级,zh-MY
速8,快速升8级,zh-MY
open fort,故意输,zh-MY
摆烂,故意输,zh-MY
sack,故意输攒经济,zh-MY
卖血,故意输攒经济,zh-MY
slow roll,慢速刷新,zh-MY
慢D,慢速刷新,zh-MY
hard pivot,大幅换阵容,zh-MY
大转型,大幅换阵容,zh-MY
soft pivot,微调阵容,zh-MY
小调整,微调阵容,zh-MY
augment,强化符文,zh-MY
海克斯,强化符文,zh-MY
highroll,高质量随机,zh-MY
运气好,高质量随机,zh-MY
lowroll,低质量随机,zh-MY
运气差,低质量随机,zh-MY
prismatic augment,棱彩级强化符文,zh-MY
棱彩强化,棱彩级强化符文,zh-MY
mobile player,mobile player,zh-MY
铲爷,mobile player,zh-MY
ace,全灭,zh-MY
activate,激活,zh-MY
adaptive,自适应头盔,zh-MY
adjustment,调整,zh-MY
AD,物理伤害,zh-MY
AFK,开摆,zh-MY
aggro,仇恨,zh-MY
all in,梭哈,zh-MY
AMER,美洲赛区,zh-MY
analyst,分析师,zh-MY
angle,思路,zh-MY
angling,瞄准,zh-MY
anvil,铁砧,zh-MY
AOE,范围伤害,zh-MY
APAC,亚太赛区,zh-MY
AP,法术强度,zh-MY
archangels,大天使之杖,zh-MY
archangel,大天使之杖,zh-MY
armor shred,破甲,zh-MY
armory,军械库,zh-MY
armor,护甲,zh-MY
artifact,光明神器,zh-MY
AS,攻速,zh-MY
attack speed,攻速,zh-MY
augment reroll,强化符文刷新,zh-MY
augment,强化,zh-MY
augment,海克斯强化,zh-MY
avg,均名,zh-MY
AVP,平均排名,zh-MY
backline access,突入后排,zh-MY
backline,后排,zh-MY
balance,平衡,zh-MY
banger,牛逼,zh-MY
based,合理,zh-MY
BB,蓝BUFF,zh-MY
BB,蓝霸符,zh-MY
belt,巨人腰带,zh-MY
bench,备战席,zh-MY
best in slot,神装,zh-MY
best of 3,三局两胜,zh-MY
best of 5,五局三胜,zh-MY
BF,暴风之剑,zh-MY
bilge,比尔吉沃特,zh-MY
BIS,神装,zh-MY
blue buff,蓝BUFF,zh-MY
BM,剑师,zh-MY
bo3,三局两胜,zh-MY
bo5,五局三胜,zh-MY
board state,场面,zh-MY
board strength,战力,zh-MY
board,棋盘,zh-MY
bot 4,后四,zh-MY
bot 8,倒一,zh-MY
bow,反曲之弓,zh-MY
bracket,淘汰赛,zh-MY
bramble vest,反甲,zh-MY
bramble,反甲,zh-MY
BRB,假装摸鱼,zh-MY
broken,超模,zh-MY
BT,饮血剑,zh-MY
buffed,被加强了,zh-MY
buff,加强,zh-MY
build up,过渡成型,zh-MY
BV,卑尔维斯,zh-MY
BV,女妖面纱,zh-MY
BW,比尔吉沃特,zh-MY
cap out,拉满,zh-MY
capped out,阵容拉满,zh-MY
capped,阵容拉满,zh-MY
carousel,选秀,zh-MY
carry,C位,zh-MY
cash out,兑现,zh-MY
cashout,兑现,zh-MY
caster,解说,zh-MY
CC,控制,zh-MY
CD,冷却,zh-MY
challenger,宗师,zh-MY
championship points,冠军积分,zh-MY
check,淘汰赛点,zh-MY
choked,大赛软脚虾,zh-MY
choke,大赛软脚虾,zh-MY
circuit points,巡回赛积分,zh-MY
clapped,被打爆了,zh-MY
class,职业,zh-MY
claw,龙爪,zh-MY
cloak,负极斗篷,zh-MY
clutch,极限操作,zh-MY
coach,教练,zh-MY
commentator,解说,zh-MY
commit,锁定阵容,zh-MY
comp build,构筑,zh-MY
completed item,成装,zh-MY
components,散件,zh-MY
component,基础装备,zh-MY
comp,阵容,zh-MY
content creator,内容创作者,zh-MY
contested,同行,zh-MY
contested,有同行,zh-MY
copium,自我安慰,zh-MY
core,核心,zh-MY
costream,联合直播,zh-MY
cost,费用,zh-MY
counter,克制,zh-MY
cracked,太强了,zh-MY
creep round,PVE回合,zh-MY
crownguard,王冠守卫,zh-MY
damage items,输出装,zh-MY
damage reduction,免伤,zh-MY
DB,死亡之刃,zh-MY
dcap,灭世者的帽子,zh-MY
dclaw,龙爪,zh-MY
DC,巨龙之爪,zh-MY
DC,灭世者的帽子,zh-MY
deathcap,灭世者的帽子,zh-MY
denying units,抢棋子,zh-MY
deploy,上场,zh-MY
diamond,钻石,zh-MY
diff,差距,zh-MY
DMG,伤害,zh-MY
donate,送血,zh-MY
donating,送血,zh-MY
donkey roll,梭哈D,zh-MY
double elimination,双败淘汰,zh-MY
DPS,每秒伤害,zh-MY
DPS,输出,zh-MY
dragons claw,巨龙之爪,zh-MY
dual resistance,双抗,zh-MY
econ augment,经济强化,zh-MY
econ strategy,运营方法,zh-MY
econ,经济,zh-MY
econ,运营,zh-MY
edge of night,暗夜之刃,zh-MY
efls,厄斐琉斯,zh-MY
eighth,第八/倒一,zh-MY
eightway check,八人淘汰赛点,zh-MY
elimination,淘汰,zh-MY
emblem,纹章,zh-MY
emblem,转职纹章,zh-MY
EMEA,欧洲中东非洲赛区,zh-MY
EMP,电磁脉冲,zh-MY
endgame,终局,zh-MY
EON,夜之锋刃,zh-MY
fast 8,速8,zh-MY
fast 9,速9,zh-MY
FFGS,金铲铲争霸赛,zh-MY
FH,冰心,zh-MY
filler unit,凑数棋子,zh-MY
filler unit,挂件,zh-MY
filler,凑数的,zh-MY
first place,吃鸡,zh-MY
flex spot,灵活位,zh-MY
flex,灵活,zh-MY
focus fire,集火,zh-MY
force,强玩,zh-MY
forcing,强玩,zh-MY
format,赛制,zh-MY
free,白嫖,zh-MY
frontline,前排,zh-MY
frozen heart,冰心,zh-MY
gameplay,对局过程,zh-MY
game state,局势,zh-MY
gapped,被拉开差距,zh-MY
gap,差距,zh-MY
gargoyle,石像鬼板甲,zh-MY
garg,石像鬼板甲,zh-MY
GA,守护天使,zh-MY
ghost board,镜像棋盘,zh-MY
giant slayer,巨人杀手,zh-MY
give up,放弃,zh-MY
gloves,拳套,zh-MY
GM,宗师,zh-MY
goated,封神,zh-MY
GP,普朗克,zh-MY
grand finals,总决赛,zh-MY
grand final,总决赛,zh-MY
grandmaster,超凡大师,zh-MY
greeding,贪装备,zh-MY
greed,贪装备,zh-MY
grief comp,恶心人的阵容,zh-MY
grief,恶心人,zh-MY
grievous wounds,重伤,zh-MY
guardbreaker,破盾,zh-MY
guinsoos rageblade,鬼索的狂暴之刃,zh-MY
guinsoo,鬼索的狂暴之刃,zh-MY
gunblade,海克斯科技枪刃,zh-MY
hand of justice,正义之手,zh-MY
hard pivot,大转型,zh-MY
heal,回复,zh-MY
hextech gunblade,海克斯科技枪刃,zh-MY
hextech,海克斯,zh-MY
hex tile,格子,zh-MY
highroll,运气好,zh-MY
high value,高质量阵容,zh-MY
hit,D到了,zh-MY
HOJ,正义之手,zh-MY
horizontal,横向羁绊,zh-MY
hotfix,热修复,zh-MY
HP,生命值,zh-MY
HP,血量,zh-MY
hyper roll,速D,zh-MY
IEM,电磁脉冲,zh-MY
income,利息,zh-MY
insane,离谱强,zh-MY
inting,送,zh-MY
int,送,zh-MY
ionic spark,离子火花,zh-MY
ionic,离子火花,zh-MY
IRA,退休账户,zh-MY
IS,离子火花,zh-MY
item anvil,装备铁砧,zh-MY
item diff,装备差距,zh-MY
item holder,装备过渡,zh-MY
itemization,出装,zh-MY
itemize,出装,zh-MY
item priority,装备优先级,zh-MY
item prio,装备优先级,zh-MY
item slam,直接合装备,zh-MY
item,装备,zh-MY
ixtal,以绪塔尔,zh-MY
JACKPOT,头奖,zh-MY
jeweled gauntlet,珠光护手,zh-MY
JG,珠光护手,zh-MY
JOC,金铲铲公开赛,zh-MY
kekw,笑死,zh-MY
ladder,天梯,zh-MY
last whisper,最后的轻语,zh-MY
lategame,后期,zh-MY
LB,乐芙兰,zh-MY
leaderboard,排行榜,zh-MY
level up,升级,zh-MY
level,等级,zh-MY
line selection,选秀,zh-MY
line,排,zh-MY
lobby,对局,zh-MY
locket,钢铁烈阳之匣,zh-MY
lock shop,锁定商店,zh-MY
lose streak,连败,zh-MY
lower bracket,败者组,zh-MY
lowroll,运气差,zh-MY
LP,排位分,zh-MY
ludens,卢登的回声,zh-MY
LW,最后的轻语,zh-MY
LW,轻语,zh-MY
magic resist,魔抗,zh-MY
main carry,主C,zh-MY
main event,正赛,zh-MY
main tank,主坦,zh-MY
malding,红温了,zh-MY
mana,法力,zh-MY
master,大师,zh-MY
matchup,对阵,zh-MY
mental boom,心态爆炸,zh-MY
mental reset,调整心态,zh-MY
mental,心态,zh-MY
meta comp,版本阵容,zh-MY
meta,版本,zh-MY
meta,版本环境,zh-MY
MF,厄运小姐,zh-MY
midgame,中期,zh-MY
mirror match,内战,zh-MY
misplay,失误,zh-MY
morellonomicon,莫雷洛秘典,zh-MY
morello,莫雷洛秘典,zh-MY
MR,魔抗,zh-MY
nashors tooth,纳什之牙,zh-MY
nashors,纳什之牙,zh-MY
naturaled,白嫖,zh-MY
negatron,负极斗篷,zh-MY
nerfed,被削了,zh-MY
nerf,削弱,zh-MY
night harvester,暗夜收割者,zh-MY
no shot,不可能,zh-MY
nox,诺克萨斯,zh-MY
omnivamp,全能吸血,zh-MY
one trick,一招鲜,zh-MY
opener,开局,zh-MY
open fort,半空城,zh-MY
open fort,摆烂,zh-MY
origin,种族,zh-MY
OTP,一招鲜,zh-MY
outplayed,被操作碾压,zh-MY
outplay,操作碾压,zh-MY
outscaled,被后期碾压,zh-MY
outscale,后期碾压,zh-MY
patch notes,版本更新说明,zh-MY
patch,版本,zh-MY
patch,补丁,zh-MY
pathing,移动路径,zh-MY
pick ems,预测,zh-MY
pick'ems,预测,zh-MY
PILLANAT,假装摸鱼,zh-MY
pilty,皮尔特沃夫,zh-MY
pilt,皮尔特沃夫,zh-MY
pivot window,转型窗口,zh-MY
pivot,转型,zh-MY
pop off,爆发,zh-MY
popped off,爆发了,zh-MY
portal,传送门,zh-MY
portal,城邦,zh-MY
positioning,对位,zh-MY
positioning,站位,zh-MY
position,位置,zh-MY
power rankings,实力排名,zh-MY
power ranking,实力排名,zh-MY
power spike,强势期,zh-MY
PO,金币,zh-MY
prelevel,提前升级,zh-MY
PREMIO,头奖,zh-MY
prio,优先级,zh-MY
prismatic augment,棱彩强化,zh-MY
proc,触发效果,zh-MY
PROJET,激光特工,zh-MY
pro player,职业选手,zh-MY
protectors vow,守护者之誓,zh-MY
pro,职业选手,zh-MY
punished,被惩罚,zh-MY
push level 8,上八,zh-MY
push level 8,拉八,zh-MY
push level 9,上九,zh-MY
push level 9,拉九,zh-MY
QSS,水银,zh-MY
quarterfinal,四分之一决赛,zh-MY
queue,排队,zh-MY
rabadons,灭世者的帽子,zh-MY
radiant item,光明装备,zh-MY
rageblade,鬼索的狂暴之刃,zh-MY
ranked,排位,zh-MY
RB,鬼索的狂暴之刃,zh-MY
read the lobby,看整个对局,zh-MY
red buff,红BUFF,zh-MY
redemption,救赎,zh-MY
reforger,重铸器,zh-MY
refresh,刷新,zh-MY
remover,拆卸器,zh-MY
reroll player,赌狗,zh-MY
reroll,赌狗,zh-MY
resistance reduction,减抗,zh-MY
resistance,抗性,zh-MY
RFC,疾射火炮,zh-MY
rod,无用大棒,zh-MY
roll down,D牌,zh-MY
rolldown,D牌,zh-MY
rolling,抽牌,zh-MY
round robin,循环赛,zh-MY
round,回合,zh-MY
runaans hurricane,卢安娜的飓风,zh-MY
runaan,卢安娜的飓风,zh-MY
sack,卖血,zh-MY
sadge,难过,zh-MY
scout,侦查,zh-MY
scrimming,打训练赛,zh-MY
scrims,训练赛,zh-MY
scrim,训练赛,zh-MY
scuffed,拉了,zh-MY
secondary carry,副C,zh-MY
seed,种子位,zh-MY
sell,卖,zh-MY
semifinal,半决赛,zh-MY
set,赛季,zh-MY
shadow isles,暗影岛,zh-MY
shield,护盾,zh-MY
shiv,斯塔缇克电刃,zh-MY
shojin,青龙刀,zh-MY
shop odds,商店概率,zh-MY
shop,商店,zh-MY
shoutcaster,解说,zh-MY
shroud,日炎战旗,zh-MY
single elimination,单败淘汰,zh-MY
SI,暗影岛,zh-MY
slamming,物尽其用,zh-MY
slammin',物尽其用,zh-MY
slam,合装备,zh-MY
slow roll,慢D,zh-MY
slowroll,慢D,zh-MY
soft pivot,小调整,zh-MY
sojin,朔极之矛,zh-MY
sorcs,法师,zh-MY
sorc,法师,zh-MY
spat,铲子,zh-MY
splashable,可混搭的,zh-MY
splash in,混入,zh-MY
splash,混搭,zh-MY
spot,局面,zh-MY
stabilize,稳住,zh-MY
stack,层数,zh-MY
standings,积分榜,zh-MY
statikk shiv,电刃,zh-MY
stattik,斯塔缇克电刃,zh-MY
steadfast,坚定之心,zh-MY
steraks,斯特拉克的挑战护手,zh-MY
streamer,主播,zh-MY
strongest board,最强阵容,zh-MY
sunfire cape,日炎斗篷,zh-MY
sunfire,日炎斗篷,zh-MY
super broken,太超模了,zh-MY
sweepstakes,竞猜,zh-MY
swiss,瑞士轮,zh-MY
synergy,羁绊,zh-MY
T0,S-tier,zh-MY
T1,A-tier,zh-MY
T2,B-tier,zh-MY
tankiness,坦度,zh-MY
tank items,坦装,zh-MY
tank items,肉装,zh-MY
tank line,前排坦克线,zh-MY
tank,坦克,zh-MY
tear,女神之泪,zh-MY
tech in,混入,zh-MY
tech unit,工具人,zh-MY
tempo,节奏,zh-MY
TF,崔斯特,zh-MY
TG,巨杀,zh-MY
TG,窃贼手套,zh-MY
thieves gloves,偷偷,zh-MY
throw,好局送了,zh-MY
tiebreaker,加赛,zh-MY
tier comp,强势阵容,zh-MY
tier list,强度榜,zh-MY
tierlist,强度榜,zh-MY
tilted,心态崩了,zh-MY
tilt,上头,zh-MY
titans resolve,泰坦的坚决,zh-MY
titans,泰坦的坚决,zh-MY
titan,泰坦的坚决,zh-MY
TK,塔姆,zh-MY
TK,塔姆·肯奇,zh-MY
TOC,CN TFT地区赛,zh-MY
top 2,吃鸡,zh-MY
top 4,前四,zh-MY
top 4,吃分,zh-MY
top cut,晋级线,zh-MY
TPC,TFT职业巡回赛,zh-MY
trait,特质,zh-MY
trait,羁绊,zh-MY
transition,过渡,zh-MY
trolling,摆烂,zh-MY
ultimate ability,终极技能,zh-MY
ult,大招,zh-MY
uncontested,无同行,zh-MY
unlock,解锁,zh-MY
unlucko,倒霉,zh-MY
unlucky,倒霉,zh-MY
upper bracket,胜者组,zh-MY
URF,厨神阿福,zh-MY
utility card,工具卡,zh-MY
utility items,功能装,zh-MY
utility unit,工具人,zh-MY
value,质量,zh-MY
vertical,垂直,zh-MY
VOD,录像,zh-MY
warmogs,狂徒铠甲,zh-MY
warmog,狂徒铠甲,zh-MY
weak side,弱侧,zh-MY
whiff,空了,zh-MY
wildcard,外卡,zh-MY
wincon,吃鸡条件,zh-MY
win out,连赢到底,zh-MY
win streak,连胜,zh-MY
worlds,世界赛,zh-MY
WR,胜率,zh-MY
WW,沃里克,zh-MY
xp,经验值,zh-MY
XP,经验值,zh-MY
zekes,泽克的聚合,zh-MY
zeke,兹若特传送门,zh-MY
ZW,假装摸鱼,zh-MY
GA,夜色缘界,zh-MY
复活甲,夜色缘界,zh-MY
