source,target,tgt_lng
1个霸符，2个霸符,一個Buff，兩個Buff,zh-TW
2 Vàng Là Nhất,價值爆棚,zh-TW
2体のタンク,坦度雙倍,zh-TW
2만한 가치,價值爆棚,zh-TW
2인조,雙排,zh-TW
3の軍団,「三」之軍團,zh-TW
3단계 군단,「三」之軍團,zh-TW
4가 함께하길,願四之力與你同在,zh-TW
4후지원,四重援軍,zh-TW
8级D干的传说,史詩重抽,zh-TW
A Hajnal égisze,黎明聖盾,zh-TW
A Magic Roll,魔法擲骰,zh-TW
A Masszív mecha,超能機甲,zh-TW
A Nagy Bumm,大霹靂星系,zh-TW
A Que Custo,不惜代價,zh-TW
A Remontar,脫穎而出,zh-TW
A Torre,防禦高塔,zh-TW
A União Faz a Força,攜手同行,zh-TW
A buzogány akarata,戰錘意志,zh-TW
A felemelkedés talizmánja,昇華護符,zh-TW
A feltámadás áldása,復活祝福,zh-TW
A frontvonal alapjai,前線基礎,zh-TW
A gondviselő barátja,守望者之友,zh-TW
A gyűjtögető adománya,女武神的祝福,zh-TW
A hatalom kelyhe,力量聖杯,zh-TW
A járatlan út,斜槓英雄,zh-TW
A kraken haragja,海妖之怒,zh-TW
A káosz hívása,混沌召喚,zh-TW
A legapróbb titán,迷你小英雄,zh-TW
A megváltás szelleme,靈魂救贖,zh-TW
A mozdulatlanság leple,寂靜法衣,zh-TW
A méret a lényeg,大小很重要,zh-TW
A nagy pofon,真派氣功,zh-TW
A négyek ereje,願四之力與你同在,zh-TW
A por el bote,拳擊選手,zh-TW
A por la victoria,脫穎而出,zh-TW
A portyázó karma,潛行者之爪,zh-TW
A prueba de choques,碰撞測試,zh-TW
A quale prezzo,不惜代價,zh-TW
A qué precio,不惜代價,zh-TW
A rettenthetetlen,不屈鬥魂,zh-TW
A taktikus koronája,棋手皇冠,zh-TW
A titán elszántsága,泰坦的決意,zh-TW
A torony,防禦高塔,zh-TW
A végjáték szakértője,專打後期,zh-TW
A vízköpő sziklavértje,石像鬼磐核,zh-TW
AFK,強制中離,zh-TW
Aatrox,厄薩斯,zh-TW
Abbonamento di lusso,訂購奢侈品,zh-TW
Abbraccio di gruppo,大家來抱抱,zh-TW
Abendschleier,均等法衣,zh-TW
Abo-Service,訂閱服務,zh-TW
Abonament,訂閱服務,zh-TW
Abonament de lux,訂購奢侈品,zh-TW
Abondance de baguettes,魔杖湧流,zh-TW
Abondance de ceintures,腰帶多多,zh-TW
Abondance de glaives,刀劍湧流,zh-TW
Abonelik Hizmeti,訂閱服務,zh-TW
Abonnement,訂閱服務,zh-TW
Abonnement premium,訂購奢侈品,zh-TW
Abra o Caminho,殺出血路,zh-TW
Abrazo Grupal,大家來抱抱,zh-TW
Abrazo grupal,大家來抱抱,zh-TW
Abraço Coletivo,大家來抱抱,zh-TW
Absurdalnie Wielka Różdżka,巨型魔棒,zh-TW
Abwesend,強制中離,zh-TW
Accelerator mecanic,發條加速器,zh-TW
Acceleratore meccanico,發條加速器,zh-TW
Accetta infernale,獄火手斧,zh-TW
Acciaio brillante,不破金鋼,zh-TW
Accélérateur mécanique,發條加速器,zh-TW
Acelerador Mecanizado,發條加速器,zh-TW
Acelerador Mecánico,發條加速器,zh-TW
Acelerador de relojería,發條加速器,zh-TW
Acero Dorado,不破金鋼,zh-TW
Acero dorado,不破金鋼,zh-TW
Achat 3 étoiles,打造夥伴,zh-TW
Acier doré,不破金鋼,zh-TW
Actualiza sin parar,抽好抽滿I,zh-TW
Acumular,長久之計,zh-TW
Acélszív,心之抗防,zh-TW
Adagas Oscilantes,閃刃,zh-TW
Adaletin Eli,正義手套,zh-TW
Adaletin Yumruğu,復仇,zh-TW
Adaptive Helm,適性神盔,zh-TW
Adaptiver Helm,適性神盔,zh-TW
Adaptív sisak,適性神盔,zh-TW
Addestramento da Guardia del corpo,保鑣訓練,zh-TW
Adiestramiento de guardaespaldas,保鑣訓練,zh-TW
Advanced Loan,進階貸款,zh-TW
Aegis of Dawn,黎明聖盾,zh-TW
Aegis of Dusk,黃昏聖盾,zh-TW
Agujero negro en miniatura,迷你黑洞,zh-TW
Ahri aurája,阿璃的靈氣,zh-TW
Ahri áldása,阿璃的祝福,zh-TW
Ahri'nin Haresi,阿璃的靈氣,zh-TW
Ahri'nin Lütfu,阿璃的祝福,zh-TW
Ahri's Aura,阿璃的靈氣,zh-TW
Ahri's Boon,阿璃的祝福,zh-TW
Ahris Aura,阿璃的靈氣,zh-TW
Ahris Segen,阿璃的祝福,zh-TW
Ahřin dar,阿璃的祝福,zh-TW
Ahřina aura,阿璃的靈氣,zh-TW
Ajándékcsomag,物資箱,zh-TW
Akali,阿卡莉,zh-TW
Akan Gözyaşları,淚光閃閃,zh-TW
Akcelerator Nakręcanego,發條加速器,zh-TW
Aklın Sonu,智慧末刃,zh-TW
Aktualisierungstaumel,抽好抽滿I,zh-TW
Akıllı Harcama,精打細算,zh-TW
Al Filo de la Cordura,智慧末刃,zh-TW
Alacakaranlık Kalkanı,黃昏聖盾,zh-TW
Alakzatba,陣容,zh-TW
Alba di Silvermere,銀織黎明,zh-TW
Alcance as Estrelas,伸手摘星,zh-TW
Alege caracteristica,選擇特性,zh-TW
Alevleri Körükle,熊熊火勢,zh-TW
Alfanje Espectral,鬼使彎刀,zh-TW
Aliado do Protetor,守望者之友,zh-TW
Alianza del Guardián,守望者之友,zh-TW
Alianza del protector,守望者之友,zh-TW
Aliatul îngrijitorului,守望者之友,zh-TW
Alimenta las Llamas,熊熊火勢,zh-TW
Alimentad las llamas,熊熊火勢,zh-TW
Alimentare le fiamme,熊熊火勢,zh-TW
Alimente as Chamas,熊熊火勢,zh-TW
Alineación,陣容,zh-TW
Aliniere,陣容,zh-TW
Alkatrészes zsák,道具組合包I,zh-TW
Alleato del custode,守望者之友,zh-TW
Allumer le feu,熊熊火勢,zh-TW
Alma da Festa,派對咖,zh-TW
Alta Voltagem,高電壓,zh-TW
Alta tensione,高電壓,zh-TW
Alto Voltaje,高電壓,zh-TW
Alto voltaje,高電壓,zh-TW
Altın Ejder,黃金巨龍,zh-TW
Altın Riski,黃金豪賭,zh-TW
Altın Yumurta,黃金蛋,zh-TW
Alvorada de Pratânia,銀織黎明,zh-TW
Aléatoire jacta est,斜槓英雄,zh-TW
Aléatoirement vôtre,雙排,zh-TW
Alışveriş Çılgınlığı,買不手軟,zh-TW
Amanecer Plateado,銀織黎明,zh-TW
Amanecer de Meraplata,銀織黎明,zh-TW
Ami sur mesure,鑄造朋友,zh-TW
Amico dei Mippi,米普星人,zh-TW
Amico fai-da-te,開局新手包,zh-TW
Amigos a medida,開局新手包,zh-TW
Amiguinhos,小小夥伴,zh-TW
Amiguitos,小小夥伴,zh-TW
Amulet Vyzdvižení,昇華護符,zh-TW
Amulett der eisernen Solari,日輪的加冕,zh-TW
Amulett des Aufstiegs,昇華護符,zh-TW
An Exalted Adventure,非凡冒險,zh-TW
Ana Karaktere Bir Şey Olmaz,主角威能,zh-TW
Andare per le lunghe,長久之計,zh-TW
Angajament solid,強力投入,zh-TW
Ani Büyüme,爆炸性成長,zh-TW
Anima,百獸,zh-TW
Anima Amblemi,百獸特攻隊徽章,zh-TW
Anima Commander,百獸指揮官,zh-TW
Anima Emblem,百獸特攻隊徽章,zh-TW
Anima Komutanı,百獸指揮官,zh-TW
Anima-Emblem,百獸特攻隊徽章,zh-TW
Anima-Kommandant,百獸指揮官,zh-TW
Animale da festa,派對咖,zh-TW
Animalia,百獸,zh-TW
Antrenamentul gărzii de corp,保鑣訓練,zh-TW
Anı Yaşa,砸起來,zh-TW
Apariencia Espiritual,振奮盔甲,zh-TW
Apocaliptic,厄運使者,zh-TW
Aposta em Ouro,黃金豪賭,zh-TW
Apoteotická kovárna,神聖熔爐,zh-TW
Apotheotic Forge,神聖熔爐,zh-TW
Appel du chaos,混沌召喚,zh-TW
Aprendizados Iniciais,早期教育,zh-TW
Aprendizaje inicial,早期教育,zh-TW
Aprire un passaggio,殺出血路,zh-TW
Apró cimborák,小小夥伴,zh-TW
Apró titánok,小小大英雄,zh-TW
Apuesta Dorada,黃金豪賭,zh-TW
Apuesta dorada,黃金豪賭,zh-TW
Apunta a las Estrellas,伸手摘星,zh-TW
Apunta a las estrellas,伸手摘星,zh-TW
Apărător,先鋒戰士,zh-TW
Aradığını Bul,嘟嘟好,zh-TW
Arakla,盜取,zh-TW
Araldo di Zeke,錫柯的號角,zh-TW
Aranyjátszma,黃金豪賭,zh-TW
Arauto Desolador de Zeke,錫柯的悲鳴號角,zh-TW
Arauto de Zeke,錫柯的號角,zh-TW
Arbiter,仲裁者,zh-TW
Arbiter Emblem,仲裁者徽章,zh-TW
Arbitro,仲裁者,zh-TW
Arbitrzy,仲裁者,zh-TW
Arc courbe,反曲弓,zh-TW
Arc încovoiat,反曲弓,zh-TW
Arcane Vidor Viktor,奧術：維克特必勝,zh-TW
Arcane Viktor-y,奧術：維克特必勝,zh-TW
Arcane ビクタリー,奧術：維克特必勝,zh-TW
Arcane-Viktor-y,奧術：維克特必勝,zh-TW
Arcaniquement Viktor-ieux,奧術：維克特必勝,zh-TW
Archandělova hůl,大天使之杖,zh-TW
Archangel's Staff,大天使之杖,zh-TW
Archi da supporto,備用弓箭,zh-TW
Archibugio a ripetizione,衝擊火炮,zh-TW
Arco Recurvado,反曲弓,zh-TW
Arco Recurvo,反曲弓,zh-TW
Arco curvo,反曲弓,zh-TW
Arco ricurvo,反曲弓,zh-TW
Arcos Reserva,備用弓箭,zh-TW
Arcos de Repuesto,備用弓箭,zh-TW
Arcos de refuerzo,備用弓箭,zh-TW
Arcs à gogo,備用弓箭,zh-TW
Arcuri de rezervă,備用弓箭,zh-TW
Argento vivo,水銀兜帽,zh-TW
Argint viu,水銀兜帽,zh-TW
Argogranchio,河蟹,zh-TW
Arka Sıra Savunması,後排藍圖,zh-TW
Arkangyal pálcája,大天使之杖,zh-TW
Arma un Amigo,開局新手包,zh-TW
Armado máximo,頂裝,zh-TW
Armadura Improvisada,臨時戰甲,zh-TW
Armadura Pétrea,石像鬼磐核,zh-TW
Armadura de Warmog,好戰者鎧甲,zh-TW
Armadura de trama,主角威能,zh-TW
Armadura improvisada,臨時戰甲,zh-TW
Armaguarda da Caçadora,探索者護腕,zh-TW
Armatura di Warmog,好戰者鎧甲,zh-TW
Armatura improvvisata,臨時戰甲,zh-TW
Armschutz des Suchenden,探索者護腕,zh-TW
Armura lui Warmog,好戰者鎧甲,zh-TW
Armure de Warmog,好戰者鎧甲,zh-TW
Armure improvisée,臨時戰甲,zh-TW
Armure roncière,刺藤胸甲,zh-TW
Armurier,劍匠,zh-TW
Armură improvizată,臨時戰甲,zh-TW
Aronguejo,河蟹,zh-TW
Arta atacului lui Yasuo,犽宿的迅雷之技,zh-TW
Artefacts à la rescousse,力量鍛造,zh-TW
Artesanía Creativa,精心製作,zh-TW
Artiglio del drago,龍之爪,zh-TW
Artiglio del predatore,潛行者之爪,zh-TW
Aruncare magică,魔法擲骰,zh-TW
Arındırıcı,救世主,zh-TW
Asalto de Componentes,組件強盜,zh-TW
Ascender de Posición,攀升之階I,zh-TW
Ascension,飛昇,zh-TW
Ascension partielle,不完全飛昇,zh-TW
Ascension sociale,向上流動,zh-TW
Ascensione,飛昇,zh-TW
Ascensione parziale,不完全飛昇,zh-TW
Ascensiune,飛昇,zh-TW
Ascensiune socială,向上流動,zh-TW
Ascensión,飛昇,zh-TW
Ascensión parcial,不完全飛昇,zh-TW
Ascenso,飛昇,zh-TW
Ascenso social,向上流動,zh-TW
Ascensão,飛昇,zh-TW
Ascensão Parcial,不完全飛昇,zh-TW
Asesinato Doble Veloz,疾速雙殺,zh-TW
Asesinato doble veloz,疾速雙殺,zh-TW
Asesino a Sueldo,契約殺手,zh-TW
Asesino a sueldo,契約殺手,zh-TW
Aspoň k něčemu,死得有價值I,zh-TW
Assassinato Indiscriminado,無差別屠殺,zh-TW
Assinatura de Luxo,訂購奢侈品,zh-TW
Astral,占星師,zh-TW
Astro-groove,太空律動,zh-TW
Astromante,占星師,zh-TW
Astronomo,占星師,zh-TW
At What Cost,不惜代價,zh-TW
Atalho à Vitória,脫穎而出,zh-TW
Atirador de Elite,狙擊專家,zh-TW
Atributo elegido,選擇特性,zh-TW
Attente récompensée,值得等待,zh-TW
Attribut wählen,選擇特性,zh-TW
Atualização Épica,史詩重抽,zh-TW
Atılgan,極速快手,zh-TW
Atılgan Amblemi,極速快手徽章,zh-TW
Atılgan Modu,極速快手模式,zh-TW
Au bout du rouleau,智慧末刃,zh-TW
Aube de Haut-Lac-d'Argent,銀織黎明,zh-TW
Auf lange Sicht,長久之計,zh-TW
Aufschwung,回春,zh-TW
Aufstellung,陣容,zh-TW
Aufstieg,飛昇,zh-TW
Auftragsmörder,契約殺手,zh-TW
Aufwärtsmobilität,向上流動,zh-TW
Augmented Power,增幅之力,zh-TW
Augmentierte Macht,增幅之力,zh-TW
Augmentovaná síla,增幅之力,zh-TW
Aulas de Boxe,拳擊訓練,zh-TW
Aumento di livello in solitaria,獨自升等,zh-TW
Aumento di livello!,升級！,zh-TW
Aura Ahri,阿璃的靈氣,zh-TW
Aura Farming,營造氣場,zh-TW
Aura d'Ahri,阿璃的靈氣,zh-TW
Aura de Ahri,阿璃的靈氣,zh-TW
Aura di Ahri,阿璃的靈氣,zh-TW
Aura lui Ahri,阿璃的靈氣,zh-TW
Aura-farmen,營造氣場,zh-TW
Aurafarmolás,營造氣場,zh-TW
Aurelion Sol,翱銳龍獸,zh-TW
Aurelion Sol áldása,翱銳龍獸的祝福,zh-TW
Aurelion Sol's Boon,翱銳龍獸的祝福,zh-TW
Aurelion Sol'ün Lütfu,翱銳龍獸的祝福,zh-TW
Aurelion Sols Segen,翱銳龍獸的祝福,zh-TW
Aurelion Solův dar,翱銳龍獸的祝福,zh-TW
Auronúcleo,破曉之核,zh-TW
Aurora,歐羅拉,zh-TW
Avanguardia,先鋒戰士,zh-TW
Avaricia,貪財,zh-TW
Aventura Exaltada,非凡冒險,zh-TW
Avidité,貪財,zh-TW
Avènement des deux,價值爆棚,zh-TW
Awans,向上流動,zh-TW
Awansujesz!,升級！,zh-TW
Az Alkony égisze,黃昏聖盾,zh-TW
Az Oltalmazó esküje,保衛者之誓,zh-TW
Az adottságfa,特性神木,zh-TW
Az adottságok könyve,特性典籍,zh-TW
Az aranysárkány,黃金巨龍,zh-TW
Az aranytojás,黃金蛋,zh-TW
Az erő itala,帽帽果汁,zh-TW
Az igazság ökle,正義手套,zh-TW
Az iron solarik medálja,日輪的加冕,zh-TW
Az istenek kohója,神聖熔爐,zh-TW
Az Üresség botja,虛空之杖,zh-TW
Az éj kardja,夜色緣界,zh-TW
Az óriás öve,巨人腰帶,zh-TW
Azami Dizilim,頂裝,zh-TW
Azzardo di Urf,阿福奇兵,zh-TW
Aço Áureo,不破金鋼,zh-TW
Aşırı Büyük Sopa,巨型魔棒,zh-TW
B.F. Sword,暴風之劍,zh-TW
B.F. 대검,暴風之劍,zh-TW
B.F.ソード,暴風之劍,zh-TW
"BEZ ZWIADU, BEZ ZMIAN",不偵察不換陣容,zh-TW
BF Glaive,暴風之劍,zh-TW
BRAK AKTYWNOŚCI,強制中離,zh-TW
Bac de recyclage,回收再利用,zh-TW
Backline Blueprint,後排藍圖,zh-TW
Backup Bows,備用弓箭,zh-TW
Bagarreur,武鬥家,zh-TW
Baguette trop grosse,巨型魔棒,zh-TW
Baguettes à gogo,連續施法,zh-TW
Bahne dir den Weg,殺出血路,zh-TW
Bajkeverő,武鬥家,zh-TW
Bajkeverő embléma,武鬥家徽章,zh-TW
Bajkeverők,怪咖集合,zh-TW
Bajo el mismo foco de Yasuo,犽宿之共享光采,zh-TW
Baluardo,星界壁壘,zh-TW
Baluarte,星界壁壘,zh-TW
Bam!,一棒入魂！,zh-TW
Banc de Pandore,潘朵拉的備戰區,zh-TW
Banca Pandorei,潘朵拉的備戰區,zh-TW
Banca de Pandora,潘朵拉的備戰區,zh-TW
Band of Thieves,神偷軍團,zh-TW
Band of Thieves II,神偷軍團 II,zh-TW
Banda Złodziejaszków,神偷軍團,zh-TW
Banda Złodziejaszków II,神偷軍團 II,zh-TW
Banda de Ladrones,神偷軍團,zh-TW
Banda de Ladrones II,神偷軍團 II,zh-TW
Banda di ladri,神偷軍團,zh-TW
Banda di ladri II,神偷軍團 II,zh-TW
Bande de voleurs,神偷軍團,zh-TW
Bande de voleurs II,神偷軍團 II,zh-TW
Bandito,神影刺客,zh-TW
Bando de Ladrões,神偷軍團,zh-TW
Bando de Ladrões II,神偷軍團 II,zh-TW
Bandă de tâlhari,神偷軍團,zh-TW
Bandă de tâlhari II,神偷軍團 II,zh-TW
Bani de buzunar,午餐錢,zh-TW
Banquillo de Pandora,潘朵拉的備戰區,zh-TW
Bard,巴德,zh-TW
Bardo,巴德,zh-TW
Baricadă,星界壁壘,zh-TW
Barkácsolt barkácsolás,精心製作,zh-TW
Baron verme,巴龍巢穴,zh-TW
Baron's Lair,巴龍巢穴,zh-TW
Baron'un İni,巴龍巢穴,zh-TW
Baronovo doupě,巴龍巢穴,zh-TW
Bastion,堡壘衛士,zh-TW
Bastion Emblem,堡壘衛士徽章,zh-TW
Bastion-Emblem,堡壘衛士徽章,zh-TW
Bastione,堡壘衛士,zh-TW
Bastião,堡壘衛士,zh-TW
Bastión,堡壘衛士,zh-TW
Bastone colossale,巨型魔棒,zh-TW
Bastone del Vuoto,虛空之杖,zh-TW
Bastão Desnecessariamente Grande,巨型魔棒,zh-TW
Bastón del Vacío,虛空之杖,zh-TW
Bastón del arcángel,大天使之杖,zh-TW
Bastón del serafín,熾天使之杖,zh-TW
Baue einen Begleiter,開局新手包,zh-TW
Baue einen Begleiter,打造夥伴,zh-TW
Baza avangardei,前線基礎,zh-TW
Başmelek Asası,大天使之杖,zh-TW
Bašta,堡壘衛士,zh-TW
Becsapódás,砸起來,zh-TW
Beklemeye Değer,值得等待,zh-TW
Beklenen Beklenmezlik,預料中的意外,zh-TW
Bel'Veth,貝爾薇斯,zh-TW
Belt Overflow,腰帶多多,zh-TW
Ben Tek Siz Hepiniz,獨自升等,zh-TW
Bendecido por los Dioses,神寵者,zh-TW
Bendición de Ahri,阿璃的祝福,zh-TW
Bendición de Aurelion Sol,翱銳龍獸的祝福,zh-TW
Bendición de Ekko,艾克的祝福,zh-TW
Bendición de Evelynn,伊芙琳的祝福,zh-TW
Bendición de Kayle,凱爾的祝福,zh-TW
Bendición de Resurrección,復活祝福,zh-TW
Bendición de Soraka,索拉卡的祝福,zh-TW
Bendición de Thresh,瑟雷西的祝福,zh-TW
Bendición de Varus,法洛士的祝福,zh-TW
Bendición de Yasuo,犽宿的祝福,zh-TW
Bendición de la chatarra,女武神的祝福,zh-TW
Bendición del Chatarrero,女武神的祝福,zh-TW
Bendito por los dioses,神寵者,zh-TW
Benedetto dagli dei,神寵者,zh-TW
Benlik Aynası,鏡像人格,zh-TW
Berechneter Verlust,這次戰敗也在計算之中,zh-TW
Berger,星靈牧者,zh-TW
Besace d'Urf,阿福大禮包,zh-TW
Besace héroïque,英雄禮包,zh-TW
Best Friends,一生摯友,zh-TW
Beste Freunde,一生摯友,zh-TW
Bestia fiestera,派對咖,zh-TW
Betervezett veszteség,這次戰敗也在計算之中,zh-TW
Bevásárló körút,買不手軟,zh-TW
Bezwzględny Zabójca,無差別屠殺,zh-TW
Big Bang,大霹靂星系,zh-TW
Big Grab Bag,大禮包,zh-TW
Biglietto prismatico,稜鏡票券,zh-TW
Bilet prismatic,稜鏡票券,zh-TW
Bileşen Eşya Soygunu,組件強盜,zh-TW
Bilhete Prismático,稜鏡票券,zh-TW
Bilişsel Patlama,認知超載,zh-TW
Bilişsel Vergi,智商稅,zh-TW
Billete prismático,稜鏡票券,zh-TW
Bindende Verpflichtung,強力投入,zh-TW
Binecuvântat de zei,神寵者,zh-TW
Biomassebewahrer,生物材料保存,zh-TW
Biomassza-megőrző,生物材料保存,zh-TW
Biomatter Preserver,生物材料保存,zh-TW
Bir Yol Çiz,殺出血路,zh-TW
Bir İki Üç,一二三,zh-TW
"Bir, İki, Beş!",一、二、五！,zh-TW
Birikim Hesabı,儲蓄帳戶,zh-TW
Birlikten Kuvvet Doğar,並肩作戰,zh-TW
Birliğin Gücü,攜手同行,zh-TW
Birthday Present,生日禮物,zh-TW
Birthday Reunion,生日團聚,zh-TW
Biyomalzeme Koruyucusu,生物材料保存,zh-TW
Biztos győzelem,脫穎而出,zh-TW
Blason de Zeke,錫柯的號角,zh-TW
Blason des Lightshield,光盾之紋,zh-TW
Blason lugubre de Zeke,錫柯的悲鳴號角,zh-TW
Blasón de Escudo de luz,光盾之紋,zh-TW
Blauer Buff,藍Buff,zh-TW
Blaupause für die hintere Reihe,後排藍圖,zh-TW
Blazonul Lightshield,光盾之紋,zh-TW
Blazonul solarilor de fier,日輪的加冕,zh-TW
Blighting Jewel,枯萎寶石,zh-TW
Blikavé čepele,閃刃,zh-TW
Blitzcrank,布里茨,zh-TW
Bliźniaczy Strażnicy,雙生守衛,zh-TW
Blood Offering,血祭,zh-TW
Blood Price,血償,zh-TW
Bloodthirster,嗜血者,zh-TW
Blue Buff,藍Buff,zh-TW
Blutdürster,嗜血者,zh-TW
Blutopfer,血祭,zh-TW
Blutzoll,血償,zh-TW
Bluźnierczy Bożek,禁忌之像,zh-TW
Bodyguard Training,保鑣訓練,zh-TW
Bogini Broni,重槍女武神,zh-TW
Bokormellény,刺藤胸甲,zh-TW
Boks Dersi,拳擊訓練,zh-TW
Bokszkesztyű,格鬥手套,zh-TW
Bokszlecke,拳擊訓練,zh-TW
Boleto Prismático,稜鏡票券,zh-TW
Bollwerk,星界壁壘,zh-TW
Bolsa de Objetos,道具組合包I,zh-TW
Bolsa de Sorpresas Heroica,英雄禮包,zh-TW
Bolsa de Sorpresas Pequeña,小型禮包,zh-TW
Bolsa de Sorpresas de Urf,阿福大禮包,zh-TW
Bolsa de Sorpresas grande,大禮包,zh-TW
Bolsa sorpresa de Urf,阿福大禮包,zh-TW
Bolsa sorpresa de objetos,道具組合包I,zh-TW
Bolsa sorpresa grande,大禮包,zh-TW
Bolsa sorpresa heroica,英雄禮包,zh-TW
Bolsa sorpresa pequeña,小型禮包,zh-TW
Bombardıman Topu,衝擊火炮,zh-TW
Boneco de Treinamento,訓練假人,zh-TW
Bonecos de Impacto,碰撞測試,zh-TW
Bonk!,一棒入魂！,zh-TW
Bonk !,一棒入魂！,zh-TW
Boon of Resurrection,復活祝福,zh-TW
Boon of the Scrapper,女武神的祝福,zh-TW
Boong!,一棒入魂！,zh-TW
Booster,強化包,zh-TW
Booster Pack,強化包,zh-TW
Booster-Packung,強化包,zh-TW
Boostery,強化包,zh-TW
Borsa degli oggetti,道具組合包I,zh-TW
Borsa di Urf,阿福大禮包,zh-TW
Borsa eroica,英雄禮包,zh-TW
Borsa grande,大禮包,zh-TW
Borsa piccola,小型禮包,zh-TW
Boscy Pojedynkowicze,神鬥士,zh-TW
Boshafte Monetarisierung,惡性經營,zh-TW
Boska Kuźnia,神聖熔爐,zh-TW
Bote de Segunda Mano,回收再利用,zh-TW
Botkovács,杖匠,zh-TW
Bouclier du Tacticien,棋手之盾,zh-TW
Boxeador Profesional,拳擊選手,zh-TW
Boxing Lessons,拳擊訓練,zh-TW
Boxunterricht,拳擊訓練,zh-TW
Boyut Önemli,大小很重要,zh-TW
Božská pistolnice,重槍女武神,zh-TW
Božský duelista,神鬥士,zh-TW
Bramble Vest,刺藤胸甲,zh-TW
Branching Out,斜槓英雄,zh-TW
Bratpfanne,平底鍋,zh-TW
Brawler,武鬥家,zh-TW
Brawler Emblem,武鬥家徽章,zh-TW
Brazalete de la buscadora,探索者護腕,zh-TW
Briar,布蕾爾,zh-TW
Brigand,劫掠者,zh-TW
Brise-temps,時間破壞者,zh-TW
Bronce de por Vida,銅級之命II,zh-TW
Bronce de por vida,銅級之命II,zh-TW
Bronz mindörökké II.,銅級之命II,zh-TW
Bronz nad zlato,銅級之命II,zh-TW
Bronz pentru totdeauna,銅級之命II,zh-TW
Bronzdan Şaşma,銅級之命II,zh-TW
Bronze For Life,銅級之命II,zh-TW
Bronze pour la vie,銅級之命II,zh-TW
Bronze é Vida,銅級之命II,zh-TW
Bronzo per la vita,銅級之命II,zh-TW
Brylantowa Rękawica,寶石手套,zh-TW
Brylantowy Lotos,珠光蓮花II,zh-TW
Brățara căutătorului,探索者護腕,zh-TW
Bu Taç Ağır,沉重王冠,zh-TW
Bubuilă,惡鯊火箭,zh-TW
Bucătăria tacticianului,棋手廚房,zh-TW
Bueno para Algo,死得有價值I,zh-TW
Buff bleu,藍Buff,zh-TW
Buff blu,藍Buff,zh-TW
Buff rosso,紅Buff,zh-TW
Buff rouge,紅Buff,zh-TW
Buff-ul albastru,藍Buff,zh-TW
Buff-ul roșu,紅Buff,zh-TW
Buffs à gogo,一個Buff，兩個Buff,zh-TW
Buget înțelept,精打細算,zh-TW
Build a Bud,開局新手包,zh-TW
Build maxim,頂裝,zh-TW
Bulwark,星界壁壘,zh-TW
Burattino d'ombra,影子木偶,zh-TW
Burguesía,金湯匙,zh-TW
Buried Treasure,地底寶藏,zh-TW
Buried Treasures,地底寶藏,zh-TW
Bustina,強化包,zh-TW
Butin aléatoire,一、二、五！,zh-TW
Butin funéraire,死得有價值I,zh-TW
Butin varié,嘟嘟好,zh-TW
Buzduganul înaintașului,打手連枷,zh-TW
Bušení,砸起來,zh-TW
Bài Học Sơ Khai,早期教育,zh-TW
Bàn Tay Công Lý,正義手套,zh-TW
Báculo del Arcángel,大天使之杖,zh-TW
Báculo del Serafín,熾天使之杖,zh-TW
Báculo del Vacío,虛空之杖,zh-TW
Bán Thăng Hoa,不完全飛昇,zh-TW
Báo Oán,復仇,zh-TW
Bástya,星界壁壘,zh-TW
Bârlogul Baronului,巴龍巢穴,zh-TW
Bâton angélique,熾天使之杖,zh-TW
Bâton de l'archange,大天使之杖,zh-TW
Bâton du vide,虛空之杖,zh-TW
Bão Tố Luden,盧登驟雨,zh-TW
Bão Vàng,天外橫財,zh-TW
Béni des dieux,神寵者,zh-TW
Bénédiction d'Ahri,阿璃的祝福,zh-TW
Bénédiction d'Aurelion Sol,翱銳龍獸的祝福,zh-TW
Bénédiction d'Ekko,艾克的祝福,zh-TW
Bénédiction d'Evelynn,伊芙琳的祝福,zh-TW
Bénédiction de Kayle,凱爾的祝福,zh-TW
Bénédiction de Soraka,索拉卡的祝福,zh-TW
Bénédiction de Thresh,瑟雷西的祝福,zh-TW
Bénédiction de Varus,法洛士的祝福,zh-TW
Bénédiction de Yasuo,犽宿的祝福,zh-TW
Bénédiction de résurrection,復活祝福,zh-TW
Bénédiction du Ferrailleur,女武神的祝福,zh-TW
Bérgyilkos,契約殺手,zh-TW
Bête de scène,派對咖,zh-TW
Bóng Phân Thân,影子木偶,zh-TW
Bùa Thăng Hoa,昇華護符,zh-TW
Bùa Xanh,藍Buff,zh-TW
Bùa Đỏ,紅Buff,zh-TW
Büyük Dönüş,逆轉佳話,zh-TW
Büyük Patlama,大霹靂星系,zh-TW
Büyük Çekiliş,大禮包,zh-TW
Büyülü Zarlar,魔法擲骰,zh-TW
Băng Trộm,神偷軍團,zh-TW
Băng Trộm II,神偷軍團 II,zh-TW
Bătăuș,武鬥家,zh-TW
Běž do toho,嘟嘟好,zh-TW
Błogosławieni,神寵者,zh-TW
Błogosławieństwo Rozrabiaki,女武神的祝福,zh-TW
Błogosławiona Przygoda,非凡冒險,zh-TW
Bước Đột Phá,究極暴擊,zh-TW
Bạn Thân,一生摯友,zh-TW
Bảo Hộ Vô Tận,無限守護,zh-TW
Bảo Tồn Sinh Chất,生物材料保存,zh-TW
Bất Khuất,不屈鬥魂,zh-TW
Bắn Tỉa,狙擊專家,zh-TW
Bộ Ba Hoàn Hảo,三連勝I,zh-TW
Bừa Bộn,思緒雜亂,zh-TW
Caccia al tesoro,尋寶遊戲,zh-TW
Cacciatore galattico,銀河獵手,zh-TW
Cadeau d'anniversaire,生日禮物,zh-TW
Cadou aniversar,生日禮物,zh-TW
Caitlyn,凱特琳,zh-TW
Cajado de Serafim,熾天使之杖,zh-TW
Cajado do Arcanjo,大天使之杖,zh-TW
Cajado do Vazio,虛空之杖,zh-TW
Calculated Loss,這次戰敗也在計算之中,zh-TW
Calea războiului,刃馬合一,zh-TW
Calibrador de Sterak,史特拉克手套,zh-TW
Calice de puissance,力量聖杯,zh-TW
Calice del potere,力量聖杯,zh-TW
Call to Chaos,混沌召喚,zh-TW
Cambiazo épico,史詩重抽,zh-TW
Cambio epico,史詩重抽,zh-TW
Cambio eterno,抽好抽滿I,zh-TW
Caminho da Guerra,刃馬合一,zh-TW
Can Dostları,一生摯友,zh-TW
Can Trường,堡壘衛士,zh-TW
Canaglia radiosa,聖光無賴,zh-TW
Canalisateur,降靈師,zh-TW
Canalizador,降靈師,zh-TW
Cangrejo Escurridizo,河蟹,zh-TW
Canhão Fumegante,衝擊火炮,zh-TW
Canhão de Vidro,玻璃大砲I,zh-TW
Cannone di cristallo,玻璃大砲I,zh-TW
Canon de verre,玻璃大砲I,zh-TW
Canon ultrarapide,衝擊火炮,zh-TW
Capa Mercurial,水銀兜帽,zh-TW
Capa Negatron,負極斗篷,zh-TW
Capa de Estratega,棋手披風,zh-TW
Capa de Fogo Solar,日炎斗篷,zh-TW
Capa de Fuego Solar,日炎斗篷,zh-TW
Capa de Negatrones,負極斗篷,zh-TW
Capa de estratega,棋手披風,zh-TW
Capa de fuego solar,日炎斗篷,zh-TW
Capa do Estrategista,棋手披風,zh-TW
Capa negatrón,負極斗篷,zh-TW
Cape du Tacticien,棋手披風,zh-TW
Cape solaire,日炎斗篷,zh-TW
Cappa Juice,帽帽果汁,zh-TW
Cappa-Trank,帽帽果汁,zh-TW
Cappelli più letali,致死之帽,zh-TW
Caprichitos,美味甜點,zh-TW
Capuz da Morte de Rabadon,死亡之帽,zh-TW
Capuzes Mais Mortais,致死之帽,zh-TW
Carapateur,河蟹,zh-TW
Carapescado,惡鯊火箭,zh-TW
Care Package,物資箱,zh-TW
Caretaker's Ally,守望者之友,zh-TW
Carga Elétrica,電光反擊,zh-TW
Carve a Path,殺出血路,zh-TW
Casa Dourada do Yasuo,犽宿的黃金棋格,zh-TW
Casque adaptatif,適性神盔,zh-TW
Castigo,復仇,zh-TW
Catastrofista,厄運使者,zh-TW
Cazador galáctico,銀河獵手,zh-TW
Cazagalaxias,銀河獵手,zh-TW
Cazatesoros,尋寶遊戲,zh-TW
Caça ao Tesouro,尋寶遊戲,zh-TW
Caçador de Galáxia,銀河獵手,zh-TW
Cañón de Cristal,玻璃大砲I,zh-TW
Cañón de Fuego Rápido,衝擊火炮,zh-TW
Cañón de fuego rápido,衝擊火炮,zh-TW
Całun Bezruchu,寂靜法衣,zh-TW
Cecchino,狙擊專家,zh-TW
Cehennem Ateşi Baltası,獄火手斧,zh-TW
Cei mai buni prieteni,一生摯友,zh-TW
Ceinture du géant,巨人腰帶,zh-TW
Cena Krwi,血償,zh-TW
Cena pro vítěze,拳擊選手,zh-TW
Cengâver Onuru,戰國軍閥之榮耀,zh-TW
Cenny Wojownik,拳擊選手,zh-TW
Cenná posila,四重援軍,zh-TW
Centelha Iônica,離子星火,zh-TW
Centre d'excellence,中堅自強,zh-TW
Cetro Vampírico Corrompido,詛咒吸血鬼權杖,zh-TW
Cetro Vampírico Corrupto,詛咒吸血鬼權杖,zh-TW
Cetro vampírico corrupto,詛咒吸血鬼權杖,zh-TW
Chain Vest,鎖子甲,zh-TW
Chaleco de cadenas,鎖子甲,zh-TW
Chaleco de zarzas,刺藤胸甲,zh-TW
Chalice of Power,力量聖杯,zh-TW
Challenger,極速快手,zh-TW
Challenger Emblem,極速快手徽章,zh-TW
Challenger Mode,極速快手模式,zh-TW
Chamado ao Caos,混沌召喚,zh-TW
Champion en kit,開局新手包,zh-TW
Chaotischer Geist,思緒雜亂,zh-TW
Chapardage,盜取,zh-TW
Charge Transfer,電荷轉移,zh-TW
Charge cognitive,智商稅,zh-TW
Chasse au trésor,尋寶遊戲,zh-TW
Chasseur galactique,銀河獵手,zh-TW
Chciwość,貪財,zh-TW
Che il Quattro sia con te,願四之力與你同在,zh-TW
Chemarea haosului,混沌召喚,zh-TW
Chispa Iónica,離子星火,zh-TW
Chispa iónica,離子星火,zh-TW
Chiêm Tinh,占星師,zh-TW
Chiến Lũy,星界壁壘,zh-TW
Chiến Tướng Khải Hoàn,戰國軍閥之榮耀,zh-TW
Chmaták,私房錢,zh-TW
Cho'Gath,科加斯,zh-TW
Choisissez un type,選擇特性,zh-TW
Choose Trait,選擇特性,zh-TW
"Chora, me liga",淚如泉湧,zh-TW
Choristes,小小夥伴,zh-TW
Chrličův kamenný plát,石像鬼磐核,zh-TW
Chuyển Đổi Năng Lượng,電荷轉移,zh-TW
Chuyện Đời Thường,循序漸進,zh-TW
Chuộc Tội,救世主,zh-TW
Chytrý nákup,精打細算,zh-TW
Chùy Bạch Ngân,銀織黎明,zh-TW
Chùy Đoản Côn,打手連枷,zh-TW
Chảo Vàng,平底鍋,zh-TW
Chất Bán Dẫn,半導體,zh-TW
Chế Tạo Bằng Hữu,鑄造朋友,zh-TW
Chế Tạo Tại Chỗ,活火爐,zh-TW
Chế Độ Dẫn Truyền,降靈師模式,zh-TW
Chế Độ Nhân Bản,復刻師模式,zh-TW
Chế Độ Thách Đấu,極速快手模式,zh-TW
Chỉ Huy,指揮官,zh-TW
Chỉ Huy Siêu Thú,百獸指揮官,zh-TW
Chỉ Một Con Đường,強力投入,zh-TW
Chọn Tộc/Hệ,選擇特性,zh-TW
Chờ Đợi Xứng Đáng,值得等待,zh-TW
Cierpliwa Nauka,耐心學習,zh-TW
Cierpliwość Ekko,艾克的耐心,zh-TW
Cierpliwość Jest Cnotą,耐心是美德,zh-TW
Cimientos de Línea Frontal,前線基礎,zh-TW
Cimientos de la vanguardia,前線基礎,zh-TW
Cinto do Gigante,巨人腰帶,zh-TW
Cintura del gigante,巨人腰帶,zh-TW
Cinturón XL,腰帶多多,zh-TW
Cinturón de Gigante,巨人腰帶,zh-TW
Cinturón de gigante,巨人腰帶,zh-TW
Clases de boxeo,拳擊訓練,zh-TW
Clear Mind,思緒清晰,zh-TW
Cleptomanie,跳樓大拍賣,zh-TW
Climb The Ladder,攀升之階I,zh-TW
Clockwork Accelerator,發條加速器,zh-TW
Clone des ombres,影子木偶,zh-TW
Cluttered Mind,思緒雜亂,zh-TW
Cnota Męczennika,烈士美德,zh-TW
Cocina de Estratega,棋手廚房,zh-TW
Cocina de estratega,棋手廚房,zh-TW
Cod roșu de lacrimi,淚如泉湧,zh-TW
Coda in duo,雙排,zh-TW
Cognitive Overload,認知超載,zh-TW
Cognitive Tax,智商稅,zh-TW
Coif cameleonic,適性神盔,zh-TW
Coiffe de Rabadon,死亡之帽,zh-TW
Coiffes mortelles,致死之帽,zh-TW
Coincidenze perse,就差你一個,zh-TW
Cola Dúo,雙排,zh-TW
Cola dúo,雙排,zh-TW
Coleguis del curro,建立團隊,zh-TW
Coleguitas,小小夥伴,zh-TW
Colete Espinhoso,刺藤胸甲,zh-TW
Colher de Prata,金湯匙,zh-TW
Collegamento cibernetico,模控機械上鏈,zh-TW
Colpire e basta,嘟嘟好,zh-TW
Comandant,指揮官,zh-TW
Comandante,指揮官,zh-TW
Comandante Anima,百獸指揮官,zh-TW
Comandante Animalia,百獸指揮官,zh-TW
Comandante Ánima,百獸指揮官,zh-TW
Comandatul Anima,百獸指揮官,zh-TW
Combattente,武鬥家,zh-TW
Combinație stelară,星光連鎖,zh-TW
Combo Estelar,星光連鎖,zh-TW
Combo estelar,星光連鎖,zh-TW
Combo stellaire,星光連鎖,zh-TW
Combo stellare,星光連鎖,zh-TW
Comeback Story,逆轉佳話,zh-TW
Comerț de bază,貿易核心,zh-TW
Comienzo aventajado,加速開始,zh-TW
Commandant d'Anima,百獸指揮官,zh-TW
Commandante,指揮官,zh-TW
Commander,指揮官,zh-TW
Commerce Core,貿易核心,zh-TW
Comori îngropate,地底寶藏,zh-TW
Comparte los Reflectores con Yasuo,犽宿之共享光采,zh-TW
Competitor,極速快手,zh-TW
Component Heist,組件強盜,zh-TW
Composants de guerre,組件強盜,zh-TW
Composição Máxima,頂裝,zh-TW
Compras compulsivas,買不手軟,zh-TW
Compromiso férreo,強力投入,zh-TW
Compromisso Sério,強力投入,zh-TW
Compte épargne,儲蓄帳戶,zh-TW
Concentration lointaine,視界專注,zh-TW
Concentrazione dell'orizzonte,視界專注,zh-TW
Condenador,厄運使者,zh-TW
Conducto,降靈師,zh-TW
Conduit,降靈師,zh-TW
Conduit Mode,降靈師模式,zh-TW
Conduíte,降靈師,zh-TW
Conexiones fallidas,就差你一個,zh-TW
Conexiune cibernetică,模控機械上鏈,zh-TW
Conexiune cu drona,無人機上鏈,zh-TW
Conexión cibernética,模控機械上鏈,zh-TW
Conexión de dron,無人機上鏈,zh-TW
Conexión perdida,就差你一個,zh-TW
Conexão Cibernética,模控機械上鏈,zh-TW
Conexão de Drone,無人機上鏈,zh-TW
Conexões Perdidas,就差你一個,zh-TW
Configuración maximizada,頂裝,zh-TW
Configurazione massima,頂裝,zh-TW
Confusão Mental,思緒雜亂,zh-TW
Conjuración continua,連續施法,zh-TW
Conjuração Contínua,連續施法,zh-TW
Conjuros Continuos,連續施法,zh-TW
Connivence,攀升之階I,zh-TW
Conservare de biomaterial,生物材料保存,zh-TW
Conservateur de biomatière,生物材料保存,zh-TW
Conservatore di biomateria,生物材料保存,zh-TW
Construct a Companion,打造夥伴,zh-TW
Construiește un însoțitor,打造夥伴,zh-TW
Construiește-ți un prieten,開局新手包,zh-TW
Construye tu Compi,打造夥伴,zh-TW
Construção de Companheiro,打造夥伴,zh-TW
Consumo Consciente,精打細算,zh-TW
Cont de economii,儲蓄帳戶,zh-TW
Conta Poupança,儲蓄帳戶,zh-TW
Contendiente,極速快手,zh-TW
Contenedor de chatarra,回收再利用,zh-TW
Continuous Conjuration,連續施法,zh-TW
Conto dei risparmi,儲蓄帳戶,zh-TW
Contract Killer,契約殺手,zh-TW
Convogliatore,降靈師,zh-TW
Copacul caracteristicilor,特性神木,zh-TW
Copricapo di Rabadon,死亡之帽,zh-TW
Corazza singola,單人磐核,zh-TW
Corazza spirituale,振奮盔甲,zh-TW
Corazón de Acero,心之抗防,zh-TW
Corazón de acero,心之抗防,zh-TW
Corazón del alba,破曉之核,zh-TW
Corazón resuelto,堅定之心,zh-TW
Coração Inabalável,堅定之心,zh-TW
Coração de Aço,心之抗防,zh-TW
Corki,庫奇,zh-TW
Coroa do Amaldiçoado,詛咒之冠,zh-TW
Coroa do Estrategista,棋手皇冠,zh-TW
Coroana blestemată,詛咒之冠,zh-TW
Coroana tacticianului,棋手皇冠,zh-TW
Corona Maldita,詛咒之冠,zh-TW
Corona de Estratega,棋手皇冠,zh-TW
Corona de estratega,棋手皇冠,zh-TW
Corona dello Stratega,棋手皇冠,zh-TW
Corona maldita,詛咒之冠,zh-TW
Corona maledetta,詛咒之冠,zh-TW
Corona reale,皇冠守衛,zh-TW
Coroziune,腐蝕,zh-TW
Corpetto di rovi,刺藤胸甲,zh-TW
Corriente de Lágrimas,淚光閃閃,zh-TW
Corrosion,腐蝕,zh-TW
Corrosione,腐蝕,zh-TW
Corrosión,腐蝕,zh-TW
Corrosão,腐蝕,zh-TW
Corrupt Vampiric Scepter,詛咒吸血鬼權杖,zh-TW
Cosmic Restart,宇宙重啟,zh-TW
Costruisci un Compagno,打造夥伴,zh-TW
Cota de Malha,鎖子甲,zh-TW
Cota de Malla,鎖子甲,zh-TW
Cotidiano,循序漸進,zh-TW
Cotta di maglia,鎖子甲,zh-TW
Cotte de mailles,鎖子甲,zh-TW
Coup d'envoi,加速開始,zh-TW
Coup de chance,量身訂做,zh-TW
Couronne de la reine,皇冠守衛,zh-TW
Couronne du Tacticien,棋手皇冠,zh-TW
Couronne maudite,詛咒之冠,zh-TW
Cours de soutien,人多好辦事,zh-TW
Covil do Barão,巴龍巢穴,zh-TW
Cozinha do Estrategista,棋手廚房,zh-TW
Coș de recuperare,回收再利用,zh-TW
Crabul,河蟹,zh-TW
Crafted Crafting,精心製作,zh-TW
Crash Test Dummies,碰撞測試,zh-TW
Crash Test Dummy,碰撞測試,zh-TW
Crash-Test-Dummies,碰撞測試,zh-TW
Crea un coleguita,打造夥伴,zh-TW
Creazione artigianale,精心製作,zh-TW
Crecimiento Explosivo,爆炸性成長,zh-TW
Crecimiento explosivo,爆炸性成長,zh-TW
Creează o cale,殺出血路,zh-TW
Creează un prieten,鑄造朋友,zh-TW
Crescendo aléatoire,循序漸進,zh-TW
Crescimento Explosivo,爆炸性成長,zh-TW
Crescita a fine partita,大器晚成,zh-TW
Crescita esplosiva,爆炸性成長,zh-TW
Cresta de Escudo de Luz,光盾之紋,zh-TW
Creștere explozivă,爆炸性成長,zh-TW
Creștere pe final de joc,大器晚成,zh-TW
Creștere solo în nivel,獨自升等,zh-TW
Creștere în clasament,攀升之階I,zh-TW
Criação Engenhosa,精心製作,zh-TW
Critical Success,究極暴擊,zh-TW
Croissance explosive,爆炸性成長,zh-TW
Crownguard,皇冠守衛,zh-TW
Cry Me A River,淚如泉湧,zh-TW
Csak jó valamire I.,死得有價值I,zh-TW
Csapatkeresés,人多好辦事,zh-TW
Csapatépítés,循序漸進,zh-TW
Csapatépítés,建立團隊,zh-TW
Csekélyebb Perszónatükör,初級鏡像人格,zh-TW
Csereszektor,交易之星,zh-TW
Csillagfényes kombó,星光連鎖,zh-TW
Csillagnéző,占星師,zh-TW
Csillagnéző embléma,占星師徽章,zh-TW
Csillámpikkely-esszencia,微光龍鱗精粹,zh-TW
Cua Kỳ Cục,河蟹,zh-TW
Cuatrifuerzos,四重援軍,zh-TW
Cuatro Refuerzos,四重援軍,zh-TW
Cucchiaio d'argento,金湯匙,zh-TW
Cuchara de plata,金湯匙,zh-TW
Cuchilla Maldita,詛咒之刃,zh-TW
Cuchillas Raudas,閃刃,zh-TW
Cucina dello Stratega,棋手廚房,zh-TW
Cud Soraki,索拉卡的奇蹟,zh-TW
Cuenta con mi arco,吾弓效命於您,zh-TW
Cuenta de Ahorros,儲蓄帳戶,zh-TW
Cuenta de ahorros,儲蓄帳戶,zh-TW
Cuisine du Tacticien,棋手廚房,zh-TW
Cung Dự Phòng,備用弓箭,zh-TW
Cung Gỗ,反曲弓,zh-TW
Cung Xanh,最後耳語,zh-TW
Cuor saldo,堅定之心,zh-TW
Cuore d'acciaio,心之抗防,zh-TW
Cureaua uriașului,巨人腰帶,zh-TW
Curele fără număr,腰帶多多,zh-TW
Cursed Blade,詛咒之刃,zh-TW
Cursed Crown,詛咒之冠,zh-TW
Cuțit electrostatic,史提克彈簧刀,zh-TW
Cuồng Đao Guinsoo,鬼索的狂暴之刃,zh-TW
Cuộc Phiêu Lưu Tôn Quý,非凡冒險,zh-TW
Cuộc Viễn Chinh,遠征,zh-TW
Cvičná loutka,訓練假人,zh-TW
Cybernetic Implants,模控機械移植,zh-TW
Cybernetic Uplink,模控機械上鏈,zh-TW
Cycle épique,紀元,zh-TW
Czerwone Wzmocnienie,紅Buff,zh-TW
Czysty Umysł,思緒清晰,zh-TW
Częściowe Wyniesienie,不完全飛昇,zh-TW
Cái Giá Phải Trả,不惜代價,zh-TW
Cálice do Poder,力量聖杯,zh-TW
Cáliz de Poder,力量聖杯,zh-TW
Cáliz de poder,力量聖杯,zh-TW
Câlin collectif,大家來抱抱,zh-TW
Cây Cung Thần Tốc,吾弓效命於您,zh-TW
Cây Tộc Hệ,特性神木,zh-TW
Céfiro,西風匕首,zh-TW
Célbefogó optika,目標鎖定光學,zh-TW
Célébrité partagée de Yasuo,犽宿之共享光采,zh-TW
Călător,星際旅人,zh-TW
Cıva,水銀兜帽,zh-TW
Cœur d'acier,心之抗防,zh-TW
Cœur de l'aube,破曉之核,zh-TW
Cœur intrépide,堅定之心,zh-TW
Cơn Khát Vàng,貪財,zh-TW
Cảm Quan Cấy Ghép,共感植入,zh-TW
Cảm Thấy May Mắn,鴻運當頭,zh-TW
Cấy Ghép Siêu Công Nghệ,模控機械移植,zh-TW
Cầu Hồi Phục,治療靈球,zh-TW
Cắm Rễ Phân Tán,荊棘蔓延,zh-TW
Cặp Đôi Siêu Cứng,坦度雙倍,zh-TW
Cố Gắng Lật Kèo,逆轉佳話,zh-TW
Cốc Sức Mạnh,力量聖杯,zh-TW
Cộng Mệt Nghỉ!,能力值大補包,zh-TW
Cờ Lệnh Zeke U Ám,錫柯的悲鳴號角,zh-TW
Củng Cố Tuyến Trước,前線基礎,zh-TW
C位的觉悟,中堅自強,zh-TW
C位觉悟,中堅自強,zh-TW
DD街区,交易之星,zh-TW
Daga de Statikk,史提克彈簧刀,zh-TW
Daimi Yükseliş,向上流動,zh-TW
Dallan Budaklan,斜槓英雄,zh-TW
Dama Oscura,闇翼魔女,zh-TW
Dama das Trevas,闇翼魔女,zh-TW
Dama oscura,闇翼魔女,zh-TW
Dame sombre,闇翼魔女,zh-TW
Dao Điện Statikk,史提克彈簧刀,zh-TW
Dar Ahri,阿璃的祝福,zh-TW
Dar Aureliona Sola,翱銳龍獸的祝福,zh-TW
Dar Ekko,艾克的祝福,zh-TW
Dar Evelynn,伊芙琳的祝福,zh-TW
Dar Kayle,凱爾的祝福,zh-TW
Dar Soraki,索拉卡的祝福,zh-TW
Dar Thresha,瑟雷西的祝福,zh-TW
Dar Varusa,法洛士的祝福,zh-TW
Dar Yasuo,犽宿的祝福,zh-TW
Dar cu ce preț,不惜代價,zh-TW
Dar vzkříšení,復活祝福,zh-TW
Dark Lady,闇翼魔女,zh-TW
Dark Star,幽冥煞星,zh-TW
Dark Star Emblem,幽冥煞星徽章,zh-TW
Das Warten wert,值得等待,zh-TW
Das geht ab,鴻運當頭,zh-TW
Das goldene Ei,黃金蛋,zh-TW
Dawncore,破曉之核,zh-TW
Dayanıklı Ön Sıra,前線基礎,zh-TW
Daño indiscriminado,無差別屠殺,zh-TW
De două ori mai câștigați,價值爆棚,zh-TW
De fiesta,砸起來,zh-TW
De gratis,跳樓大拍賣,zh-TW
De milyen áron?,不惜代價,zh-TW
Dea delle Armi,重槍女武神,zh-TW
Deadlier Blades,更致命之刃,zh-TW
Deadlier Caps,致死之帽,zh-TW
Deathblade,死神之刃,zh-TW
Demasiado Valor,價值爆棚,zh-TW
Demir Solari'nin Broşu,日輪的加冕,zh-TW
Denge Örtüsü,均等法衣,zh-TW
Dent de Nashor,納什之牙,zh-TW
Dente de Na'Shor,納什之牙,zh-TW
Dente di Nashor,納什之牙,zh-TW
Der Attributsbaum,特性神木,zh-TW
Der Turm,防禦高塔,zh-TW
Der Unbeugsame,不屈鬥魂,zh-TW
Der Urknall,大霹靂星系,zh-TW
Der Wille des Hammers,戰錘意志,zh-TW
Der goldene Drache,黃金巨龍,zh-TW
Der mächtige Mecha,超能機甲,zh-TW
Dernier souffle,最後耳語,zh-TW
Derrota Planejada,這次戰敗也在計算之中,zh-TW
Desafiante,極速快手,zh-TW
Desajustados,怪咖集合,zh-TW
Descarga Eléctrica,電光反擊,zh-TW
Desejo da Maça,戰錘意志,zh-TW
Desesperación Eterna,無盡絕望,zh-TW
Desesperanza eterna,無盡絕望,zh-TW
Desespero Eterno,無盡絕望,zh-TW
Desmanche,回收再利用,zh-TW
Despertar da Alma,魂力覺醒,zh-TW
Despertar del Alma,魂力覺醒,zh-TW
Despertar del alma,魂力覺醒,zh-TW
Destansı Yenileme,史詩重抽,zh-TW
Deszcz Pieniędzy,天外橫財,zh-TW
Determinacja Kolosa,泰坦的決意,zh-TW
Determinazione del titano,泰坦的決意,zh-TW
Determinação Titânica,泰坦的決意,zh-TW
Deux de moins,疾速雙殺,zh-TW
Dev Katili,巨人殺手,zh-TW
Dev Kemeri,巨人腰帶,zh-TW
Devasa ve Güçlü,巨大強悍,zh-TW
Değişken Miğfer,適性神盔,zh-TW
Di Vật Tàn Úa,凋零聖物,zh-TW
Diana,黛安娜,zh-TW
Die Legion der Drei,「三」之軍團,zh-TW
Diebesbande,神偷軍團,zh-TW
Diebesbande II,神偷軍團 II,zh-TW
Diente de Nashor,納什之牙,zh-TW
Dikenli Yelek,刺藤胸甲,zh-TW
Dinerito para el almuerzo,午餐錢,zh-TW
Dinero del almuerzo,午餐錢,zh-TW
Dintele lui Nashor,納什之牙,zh-TW
Diosa de las Pistolas,重槍女武神,zh-TW
Diosa de las pistolas,重槍女武神,zh-TW
Dirilme Lütfu,復活祝福,zh-TW
Disperare nemărginită,無盡絕望,zh-TW
Disperazione eterna,無盡絕望,zh-TW
Disruptor temporal,時間破壞者,zh-TW
Distracție în spațiu,太空律動,zh-TW
Distribuição de Efeitos,一個Buff，兩個Buff,zh-TW
Divinamente Abençoado,神寵者,zh-TW
Divine Duelist,神鬥士,zh-TW
Dizilim,陣容,zh-TW
Diệt Khổng Lồ,巨人殺手,zh-TW
Dlouhodobá investice,長久之計,zh-TW
Doamna întunecată,闇翼魔女,zh-TW
Doble Tanque,坦度雙倍,zh-TW
Dobra Passa,鴻運當頭,zh-TW
Doces Deleites,美味甜點,zh-TW
Dokuma Büyü,魔力編織,zh-TW
Dolci,美味甜點,zh-TW
Don du gardien,守望者之友,zh-TW
Dono dell'aggiustatutto,女武神的祝福,zh-TW
Dono della resurrezione,復活祝福,zh-TW
Dono di Ahri,阿璃的祝福,zh-TW
Dono di Aurelion Sol,翱銳龍獸的祝福,zh-TW
Dono di Ekko,艾克的祝福,zh-TW
Dono di Evelynn,伊芙琳的祝福,zh-TW
Dono di Kayle,凱爾的祝福,zh-TW
Dono di Soraka,索拉卡的祝福,zh-TW
Dono di Thresh,瑟雷西的祝福,zh-TW
Dono di Varus,法洛士的祝福,zh-TW
Dono di Yasuo,犽宿的祝福,zh-TW
Doomer,厄運使者,zh-TW
Doppia resistenza,坦度雙倍,zh-TW
Doppia uccisione rapida,疾速雙殺,zh-TW
Dornenweste,刺藤胸甲,zh-TW
Double Kill Veloz,疾速雙殺,zh-TW
Dowódca Anima,百獸指揮官,zh-TW
Dowódcy,指揮官,zh-TW
Doğum Günü Buluşması,生日團聚,zh-TW
Doğum Günü Hediyesi,生日禮物,zh-TW
Drachenklaue,龍之爪,zh-TW
Dragon's Claw,龍之爪,zh-TW
Dragonul auriu,黃金巨龍,zh-TW
Dragão Dourado,黃金巨龍,zh-TW
Dračí spár,龍之爪,zh-TW
Dreifaltigkeit,三連勝I,zh-TW
Drobní titáni,小小大英雄,zh-TW
"Drobní, ale vražední",致命豆丁,zh-TW
Drohnenverbindung,無人機上鏈,zh-TW
Dron Bağlantısı,無人機上鏈,zh-TW
Drone Uplink,無人機上鏈,zh-TW
Drone cablato,無人機上鏈,zh-TW
Dronová linka,無人機上鏈,zh-TW
Drugi Oddech,回春,zh-TW
Druhý dech,回春,zh-TW
Drzewo Cech,特性神木,zh-TW
Drágaköves kesztyű,寶石手套,zh-TW
Drágaköves lótusz II.,珠光蓮花II,zh-TW
Drónkapcsolat,無人機上鏈,zh-TW
Držíme pospolu,攜手同行,zh-TW
Du Mục,星靈牧者,zh-TW
Du hast meinen Bogen,吾弓效命於您,zh-TW
Dublu asasinat rapid,疾速雙殺,zh-TW
Duch Odkupienia,靈魂救贖,zh-TW
Duch odplaty,靈魂救贖,zh-TW
Due volte il valore,價值爆棚,zh-TW
Duelist divin,神鬥士,zh-TW
Duelista Divino,神鬥士,zh-TW
Duelista divino,神鬥士,zh-TW
Duellante divino,神鬥士,zh-TW
Duelliste divine,神鬥士,zh-TW
Dulces Golosinas,美味甜點,zh-TW
Dummify,鈍化,zh-TW
Dunkle Dame,闇翼魔女,zh-TW
Duo Queue,雙排,zh-TW
Duo-Warteschlange,雙排,zh-TW
Dupla érték,價值爆棚,zh-TW
Duplication,頂裝,zh-TW
Duplán szívós,坦度雙倍,zh-TW
Durch Stärke geschmiedet,力量鍛造,zh-TW
Durmadan Yenile,抽好抽滿I,zh-TW
Dusze Towarzystwa,派對咖,zh-TW
Duża Torba z Różnościami,大禮包,zh-TW
Dádiva da Ahri,阿璃的祝福,zh-TW
Dádiva da Evelynn,伊芙琳的祝福,zh-TW
Dádiva da Kayle,凱爾的祝福,zh-TW
Dádiva da Ressurreição,復活祝福,zh-TW
Dádiva da Soraka,索拉卡的祝福,zh-TW
Dádiva do Aurelion Sol,翱銳龍獸的祝福,zh-TW
Dádiva do Brigão,女武神的祝福,zh-TW
Dádiva do Ekko,艾克的祝福,zh-TW
Dádiva do Thresh,瑟雷西的祝福,zh-TW
Dádiva do Varus,法洛士的祝福,zh-TW
Dádiva do Yasuo,犽宿的祝福,zh-TW
Dárek k narozeninám,生日禮物,zh-TW
Dárková taška s předměty,道具組合包I,zh-TW
Dárkový balíček,物資箱,zh-TW
Dây Chuyền Iron Solari,日輪的加冕,zh-TW
Dây Chuyền Tự Lực,支配寶匣,zh-TW
Dämmerkern,破曉之核,zh-TW
Dämmerung von Silbersee,銀織黎明,zh-TW
Déesse des flingues,重槍女武神,zh-TW
Défaite planifiée,這次戰敗也在計算之中,zh-TW
Dépense réfléchie,精打細算,zh-TW
Dés légèrement magiques,一點點重抽魔法,zh-TW
Dés magiques,魔法擲骰,zh-TW
Désespoir,厄運使者,zh-TW
Désespoir infini,無盡絕望,zh-TW
Détermination du titan,泰坦的決意,zh-TW
Díszes acél,不破金鋼,zh-TW
Dòng Tiền Mờ Ám,惡性經營,zh-TW
Döntőbíró,仲裁者,zh-TW
Döntőbíró embléma,仲裁者徽章,zh-TW
Dört Dörtlük,四重援軍,zh-TW
Dört Seninle Olsun,願四之力與你同在,zh-TW
Dövüşçü,武鬥家,zh-TW
Dövüşçü Amblemi,武鬥家徽章,zh-TW
Dúo de tanques,坦度雙倍,zh-TW
Dümenci,私房錢,zh-TW
Dẫn Truyền,降靈師,zh-TW
Dị Vật Tai Ương,禁忌之像,zh-TW
Dịch Vụ Gói Đăng Ký,訂閱服務,zh-TW
D个痛快！,抽好抽滿I,zh-TW
Early Learnings,早期教育,zh-TW
Ebedi Anlaşma,永恆契約,zh-TW
Ebedi Koruma,無限守護,zh-TW
Ebedi Kılıç,無盡之刃,zh-TW
Ebédpénz,午餐錢,zh-TW
Eccesso di bacchette,魔杖湧流,zh-TW
Eccesso di cinture,腰帶多多,zh-TW
Eccesso di spade,刀劍湧流,zh-TW
Echi curativi,治癒回音,zh-TW
Ecos Reparadores,治癒回音,zh-TW
Ecos Restauradores,治癒回音,zh-TW
Ecos curativos,治癒回音,zh-TW
Ecouri tămăduitoare,治癒回音,zh-TW
Edge of Night,夜色緣界,zh-TW
Efecte secundare,副作用,zh-TW
Efectos Secundarios,副作用,zh-TW
Efectos secundarios,副作用,zh-TW
Efeito Azul,藍Buff,zh-TW
Efeito Vermelho,紅Buff,zh-TW
Efeitos Colaterais,副作用,zh-TW
Efekty Uboczne,副作用,zh-TW
Effets secondaires,副作用,zh-TW
Effetti collaterali,副作用,zh-TW
Egida Zmierzchu,黃昏聖盾,zh-TW
Egida del Crepuscolo,黃昏聖盾,zh-TW
Egida dell'Aurora,黎明聖盾,zh-TW
Egida Świtu,黎明聖盾,zh-TW
"Egy erősítés, két erősítés",一個Buff，兩個Buff,zh-TW
"Egy, kettő, három",一二三,zh-TW
"Egy, kettő, öt!",一、二、五！,zh-TW
Egyenlepel,均等法衣,zh-TW
Egységben az erő,並肩作戰,zh-TW
Egyujjas kesztyű,縮小手套,zh-TW
Egyéni vért,單人磐核,zh-TW
Ehre des Kriegsfürsten,戰國軍閥之榮耀,zh-TW
"Ein Buff, zwei Buff",一個Buff，兩個Buff,zh-TW
Ein Teil des Lebens,循序漸進,zh-TW
Ein erhabenes Abenteuer,非凡冒險,zh-TW
Ein magischer Wurf,魔法擲骰,zh-TW
Eindringling Zed,影忍煞星：劫,zh-TW
Einfach treffen,嘟嘟好,zh-TW
Einkaufsbummel,買不手軟,zh-TW
"Einmal Bronze, immer Bronze",銅級之命II,zh-TW
"Eins, zwei, drei",一二三,zh-TW
"Eins, zwei, fünf!",一、二、五！,zh-TW
Eiserne Güter,鋼鐵素材,zh-TW
Ejder Pençesi,龍之爪,zh-TW
Ekip Çalışması,建立團隊,zh-TW
Ekko türelme,艾克的耐心,zh-TW
Ekko áldása,艾克的祝福,zh-TW
Ekko'nun Lütfu,艾克的祝福,zh-TW
Ekko'nun Sabrı,艾克的耐心,zh-TW
Ekko's Boon,艾克的祝福,zh-TW
Ekko's Patience,艾克的耐心,zh-TW
Ekkos Geduld,艾克的耐心,zh-TW
Ekkos Segen,艾克的祝福,zh-TW
Ekkova trpělivost,艾克的耐心,zh-TW
Ekkův dar,艾克的祝福,zh-TW
Ekmek Parası İşte,午餐錢,zh-TW
Ekskluzywna Personalizacja,量身訂做,zh-TW
Ekspedycja,遠征,zh-TW
El Big Bang,大霹靂星系,zh-TW
El Dragón Dorado,黃金巨龍,zh-TW
El Dragón dorado,黃金巨龍,zh-TW
El Emeği Göz Nuru,精心製作,zh-TW
El Huevo Dorado,黃金蛋,zh-TW
El Indomable,不屈鬥魂,zh-TW
El Mega Mecha,超能機甲,zh-TW
El Tamaño Importa,大小很重要,zh-TW
El centro de todo,中堅自強,zh-TW
El huevo dorado,黃金蛋,zh-TW
El peso de la corona,沉重王冠,zh-TW
El tamaño importa,大小很重要,zh-TW
El Árbol de Rasgos,特性神木,zh-TW
El árbol de los atributos,特性神木,zh-TW
Elastyczność,靈活變通,zh-TW
Electrocarga,電光反擊,zh-TW
Electrocharge,電光反擊,zh-TW
Elektrický výboj,電光反擊,zh-TW
Elektroladung,電光反擊,zh-TW
Elektromos töltés,電光反擊,zh-TW
Elektroşarj,電光反擊,zh-TW
Elettrocarica,電光反擊,zh-TW
Elige el rasgo,選擇特性,zh-TW
Eliminator,燼滅之華,zh-TW
Elkötelezett,投資,zh-TW
Elköteleződés,強力投入,zh-TW
Elmo Adaptativo,適性神盔,zh-TW
Elmo adattivo,適性神盔,zh-TW
Eltemetett kincsek,地底寶藏,zh-TW
Elátkozott korona,詛咒之冠,zh-TW
Elátkozott penge,詛咒之刃,zh-TW
Előfizetési szolgáltatás,訂閱服務,zh-TW
Előleg,進階貸款,zh-TW
Előrelátás,超前部署,zh-TW
Em Busca do Centro,中堅自強,zh-TW
Embalos no Espaço,太空律動,zh-TW
Emblem Anima,百獸特攻隊徽章,zh-TW
Emblem Arbiter,仲裁者徽章,zh-TW
Emblem Bastion,堡壘衛士徽章,zh-TW
Emblem Brawler,武鬥家徽章,zh-TW
Emblem Challenger,極速快手徽章,zh-TW
Emblem Dark Star,幽冥煞星徽章,zh-TW
Emblem Marauder,劫掠者徽章,zh-TW
Emblem Meeple,米普星人徽章,zh-TW
Emblem N.O.V.A.,超新星徽章,zh-TW
Emblem Primordian,遠古霸者徽章,zh-TW
Emblem Psionic,靈能使徽章,zh-TW
Emblem Rogue,神影刺客徽章,zh-TW
Emblem Shepherd,星靈牧者徽章,zh-TW
Emblem Sniper,狙擊專家徽章,zh-TW
Emblem Space Groove,太空律動徽章,zh-TW
Emblem Stargazer,占星師徽章,zh-TW
Emblem Timebreaker,時間破壞者徽章,zh-TW
Emblem Vanguard,先鋒戰士徽章,zh-TW
Emblem Voyager,星際旅人徽章,zh-TW
Emblema Anima,百獸特攻隊徽章,zh-TW
Emblema Animalia,百獸特攻隊徽章,zh-TW
Emblema Meeple,米普星人徽章,zh-TW
Emblema N.O.V.A.,超新星徽章,zh-TW
Emblema Psionico,靈能使徽章,zh-TW
Emblema Stella Oscura,幽冥煞星徽章,zh-TW
Emblema apărătorilor,先鋒戰士徽章,zh-TW
Emblema bastionului,堡壘衛士徽章,zh-TW
Emblema briganzilor,劫掠者徽章,zh-TW
Emblema bătăușilor,武鬥家徽章,zh-TW
Emblema competitorilor,極速快手徽章,zh-TW
Emblema călătorilor,星際旅人徽章,zh-TW
Emblema de Anima,百獸特攻隊徽章,zh-TW
Emblema de Astromante,占星師徽章,zh-TW
Emblema de Atirador de Elite,狙擊專家徽章,zh-TW
Emblema de Bastião,堡壘衛士徽章,zh-TW
Emblema de Bastión,堡壘衛士徽章,zh-TW
Emblema de Desafiante,極速快手徽章,zh-TW
Emblema de Embalos no Espaço,太空律動徽章,zh-TW
Emblema de Estrela Negra,幽冥煞星徽章,zh-TW
Emblema de Estrella Oscura,幽冥煞星徽章,zh-TW
Emblema de Francotiradores,狙擊專家徽章,zh-TW
Emblema de Furtivo,神影刺客徽章,zh-TW
Emblema de Ladino,神影刺客徽章,zh-TW
Emblema de Lutador,武鬥家徽章,zh-TW
Emblema de Meeple,米普星人徽章,zh-TW
Emblema de Meeplo,米普星人徽章,zh-TW
Emblema de Merodeador,劫掠者徽章,zh-TW
Emblema de Mipo,米普星人徽章,zh-TW
Emblema de N.O.V.A.,超新星徽章,zh-TW
Emblema de Onda Espacial,太空律動徽章,zh-TW
Emblema de Pastor,星靈牧者徽章,zh-TW
Emblema de Peleadores,武鬥家徽章,zh-TW
Emblema de Primordiano,遠古霸者徽章,zh-TW
Emblema de Primordianos,遠古霸者徽章,zh-TW
Emblema de Psiónico,靈能使徽章,zh-TW
Emblema de Psiônico,靈能使徽章,zh-TW
Emblema de Rasga-tempo,時間破壞者徽章,zh-TW
Emblema de Retadores,極速快手徽章,zh-TW
Emblema de Rompetiempo,時間破壞者徽章,zh-TW
Emblema de Saqueador,劫掠者徽章,zh-TW
Emblema de Sentencia,仲裁者徽章,zh-TW
Emblema de Vanguarda,先鋒戰士徽章,zh-TW
Emblema de Vanguardia,先鋒戰士徽章,zh-TW
Emblema de Viajante,星際旅人徽章,zh-TW
Emblema de Viajero,星際旅人徽章,zh-TW
Emblema de astral,占星師徽章,zh-TW
Emblema de bastión,堡壘衛士徽章,zh-TW
Emblema de contendiente,極速快手徽章,zh-TW
Emblema de disruptor temporal,時間破壞者徽章,zh-TW
Emblema de estrella oscura,幽冥煞星徽章,zh-TW
Emblema de francotirador,狙擊專家徽章,zh-TW
Emblema de la ascensión,昇華護符,zh-TW
Emblema de luchador,武鬥家徽章,zh-TW
Emblema de onda espacial,太空律動徽章,zh-TW
Emblema de pastor,星靈牧者徽章,zh-TW
Emblema de primordiano,遠古霸者徽章,zh-TW
Emblema de psiónico,靈能使徽章,zh-TW
Emblema de pícaro,神影刺客徽章,zh-TW
Emblema de sentenciador,仲裁者徽章,zh-TW
Emblema de vanguardia,先鋒戰士徽章,zh-TW
Emblema de viajante,星際旅人徽章,zh-TW
Emblema de yelmo sombrío,劫掠者徽章,zh-TW
Emblema de Árbitro,仲裁者徽章,zh-TW
Emblema de ánima,百獸特攻隊徽章,zh-TW
Emblema del Bandito,神影刺客徽章,zh-TW
Emblema del Bastione,堡壘衛士徽章,zh-TW
Emblema del Cecchino,狙擊專家徽章,zh-TW
Emblema del Combattente,武鬥家徽章,zh-TW
Emblema del Pastore,星靈牧者徽章,zh-TW
Emblema del Predone,劫掠者徽章,zh-TW
Emblema del Primordiano,遠古霸者徽章,zh-TW
Emblema del Ritmo Spaziale,太空律動徽章,zh-TW
Emblema del Viaggiatore,星際旅人徽章,zh-TW
Emblema dell'Amico dei Mippi,米普星人徽章,zh-TW
Emblema dell'Arbitro,仲裁者徽章,zh-TW
Emblema dell'Astronomo,占星師徽章,zh-TW
Emblema dell'Avanguardia,先鋒戰士徽章,zh-TW
Emblema dello Sfidante,極速快手徽章,zh-TW
Emblema dello Spezzatempo,時間破壞者徽章,zh-TW
Emblema distracției în spațiu,太空律動徽章,zh-TW
Emblema frângătorilor timpului,時間破壞者徽章,zh-TW
Emblema luminii stelelor,占星師徽章,zh-TW
Emblema lunetiștilor,狙擊專家徽章,zh-TW
Emblema mediatorilor,仲裁者徽章,zh-TW
Emblema primordienilor,遠古霸者徽章,zh-TW
Emblema psionică,靈能使徽章,zh-TW
Emblema păstorilor,星靈牧者徽章,zh-TW
Emblema rebelilor,神影刺客徽章,zh-TW
Emblema stelelor întunecate,幽冥煞星徽章,zh-TW
Emblemat Anima,百獸特攻隊徽章,zh-TW
Emblemat Arbitra,仲裁者徽章,zh-TW
Emblemat Bastionu,堡壘衛士徽章,zh-TW
Emblemat Kosmofazy,太空律動徽章,zh-TW
Emblemat Marudera,劫掠者徽章,zh-TW
Emblemat Meepla,米普星人徽章,zh-TW
Emblemat Mrocznej Gwiazdy,幽冥煞星徽章,zh-TW
Emblemat N.O.V.A.,超新星徽章,zh-TW
Emblemat Obrońcy,先鋒戰士徽章,zh-TW
Emblemat Obserwatora Gwiazd,占星師徽章,zh-TW
Emblemat Osiłka,武鬥家徽章,zh-TW
Emblemat Pasterza,星靈牧者徽章,zh-TW
Emblemat Podróżnika,星際旅人徽章,zh-TW
Emblemat Pretendenta,極速快手徽章,zh-TW
Emblemat Primordianina,遠古霸者徽章,zh-TW
Emblemat Psionika,靈能使徽章,zh-TW
Emblemat Snajpera,狙擊專家徽章,zh-TW
Emblemat Zbira,神影刺客徽章,zh-TW
Emblemat Łamacza Czasu,時間破壞者徽章,zh-TW
Emblème d'Astro-groove,太空律動徽章,zh-TW
Emblème d'Initiateur,先鋒戰士徽章,zh-TW
Emblème de Bagarreur,武鬥家徽章,zh-TW
Emblème de Bastion,堡壘衛士徽章,zh-TW
Emblème de Berger,星靈牧者徽章,zh-TW
Emblème de Brise-temps,時間破壞者徽章,zh-TW
Emblème de Challenger,極速快手徽章,zh-TW
Emblème de Juge stellaire,仲裁者徽章,zh-TW
Emblème de Maraudeur,劫掠者徽章,zh-TW
Emblème de Meeple,米普星人徽章,zh-TW
Emblème de N.O.V.A.,超新星徽章,zh-TW
Emblème de Primordien,遠古霸者徽章,zh-TW
Emblème de Psionique,靈能使徽章,zh-TW
Emblème de Pulsar sombre,幽冥煞星徽章,zh-TW
Emblème de Rebelle,神影刺客徽章,zh-TW
Emblème de Sniper,狙擊專家徽章,zh-TW
Emblème de Visionnaire,占星師徽章,zh-TW
Emblème de Voyageur,星際旅人徽章,zh-TW
Emblème de la Section Anima,百獸特攻隊徽章,zh-TW
Emblém Animy,百獸特攻隊徽章,zh-TW
Emblém Bašty,堡壘衛士徽章,zh-TW
Emblém Hvězdopravce,占星師徽章,zh-TW
Emblém Miplíka,米普星人徽章,zh-TW
Emblém N.O.V.A.,超新星徽章,zh-TW
Emblém Ničitele času,時間破壞者徽章,zh-TW
Emblém Odpadlíka,神影刺客徽章,zh-TW
Emblém Odstřelovače,狙擊專家徽章,zh-TW
Emblém Pastýře,星靈牧者徽章,zh-TW
Emblém Poutníka,星際旅人徽章,zh-TW
Emblém Prapůvodního,遠古霸者徽章,zh-TW
Emblém Psionika,靈能使徽章,zh-TW
Emblém Předvoje,先鋒戰士徽章,zh-TW
Emblém Rváče,武鬥家徽章,zh-TW
Emblém Soudce,仲裁者徽章,zh-TW
Emblém Temné hvězdy,幽冥煞星徽章,zh-TW
Emblém Vesmírného rytmu,太空律動徽章,zh-TW
Emblém Vyzyvatele,極速快手徽章,zh-TW
Emblém Žoldnéře,劫掠者徽章,zh-TW
Emblématique,靈活變通,zh-TW
Emblématiquement,特性神木,zh-TW
Empréstimo Avançado,進階貸款,zh-TW
Empurrão,砸起來,zh-TW
En Minik Dev,迷你小英雄,zh-TW
En racha,鴻運當頭,zh-TW
Ende der Weisheit,智慧末刃,zh-TW
Endgame-Experte,專打後期,zh-TW
Endlose Verzweiflung,無盡絕望,zh-TW
Enfileirando,陣容,zh-TW
Enfoque al Horizonte,視界專注,zh-TW
Enlace Cibernético,模控機械上鏈,zh-TW
Enlace de Dron,無人機上鏈,zh-TW
Enracinement,荊棘蔓延,zh-TW
Entre les PO et l'enclume,鋼鐵素材,zh-TW
Entrenamiento de Guardaespaldas,保鑣訓練,zh-TW
Entschlossenheit des Titanen,泰坦的決意,zh-TW
Enyhén mágikus dobás,一點點重抽魔法,zh-TW
Epic Rolldown,史詩重抽,zh-TW
Epickie Przelosowanie,史詩重抽,zh-TW
Epický výlov,史詩重抽,zh-TW
Epische Ladung,史詩重抽,zh-TW
Epoca,紀元,zh-TW
Epoch,紀元,zh-TW
Epocha,紀元,zh-TW
Epoche,紀元,zh-TW
Epocă,紀元,zh-TW
Epoka,紀元,zh-TW
Era,紀元,zh-TW
Eradicare,燼滅之華,zh-TW
Eradicator,燼滅之華,zh-TW
Eradicatore,燼滅之華,zh-TW
Erb Lightshieldů,光盾之紋,zh-TW
Erlöser,救世主,zh-TW
Erradicador,燼滅之華,zh-TW
Erwartetes Unerwartetes,預料中的意外,zh-TW
Erweiterter Kredit,進階貸款,zh-TW
Erőben kovácsolva,力量鍛造,zh-TW
Erőd,堡壘衛士,zh-TW
Erőd embléma,堡壘衛士徽章,zh-TW
EsQUATRão,四重援軍,zh-TW
Esagono dorato di Yasuo,犽宿的黃金棋格,zh-TW
Esaltazione di Kayle,凱爾的讚頌,zh-TW
Esaltazione radiosa di Kayle,凱爾的聖光讚頌,zh-TW
Escalamento de Fim de Jogo,大器晚成,zh-TW
Escalando,攀升之階I,zh-TW
Escalar la clasificación,攀升之階I,zh-TW
Escolha a característica,選擇特性,zh-TW
Escroc,私房錢,zh-TW
Escudo de estratega,棋手之盾,zh-TW
Escudo del Estratega,棋手之盾,zh-TW
Escudo do Estrategista,棋手之盾,zh-TW
Escurridizo,河蟹,zh-TW
Esence Mihotavců,微光龍鱗精粹,zh-TW
Esencia de Brilloescama,微光龍鱗精粹,zh-TW
Esencia de brilloescama,微光龍鱗精粹,zh-TW
Esencja Migoczącej Łuski,微光龍鱗精粹,zh-TW
Esfera del Amanecer,破曉之核,zh-TW
Esgrima de Yasuo,犽宿的迅雷之技,zh-TW
Esnek,靈活變通,zh-TW
Espada Desmedida,刀劍湧流,zh-TW
Espada G.p.C.,暴風之劍,zh-TW
Espadafuria de Guinsoo,鬼索的狂暴之刃,zh-TW
Espadas Más Letales,更致命之刃,zh-TW
Espadón,暴風之劍,zh-TW
Especialista em Fim de Jogo,專打後期,zh-TW
Especialista en el juego tardío,專打後期,zh-TW
Especialista en final de partida,專打後期,zh-TW
Espera lo Inesperado,預料中的意外,zh-TW
Espera lo inesperado,預料中的意外,zh-TW
Esperando o Inesperado,預料中的意外,zh-TW
Espinas,惡鯊火箭,zh-TW
Esprit d'équipe,建立團隊,zh-TW
Esprit de la Rédemption,靈魂救贖,zh-TW
Esprit encombré,思緒雜亂,zh-TW
Espátula,鍋鏟,zh-TW
Espírito de Redenção,靈魂救贖,zh-TW
Espíritu Firme,堅定之心,zh-TW
Espíritu de Redención,靈魂救贖,zh-TW
Espíritu de la redención,靈魂救贖,zh-TW
Espíritu libre,怪咖集合,zh-TW
Essence des Luminécailles,微光龍鱗精粹,zh-TW
Essenz der Schimmerschuppen,微光龍鱗精粹,zh-TW
Essenza Scaglialucida,微光龍鱗精粹,zh-TW
Essência de Escamaluz,微光龍鱗精粹,zh-TW
Estafa,私房錢,zh-TW
Estafador,私房錢,zh-TW
Estratega diminuto,迷你小英雄,zh-TW
Estrela Negra,幽冥煞星,zh-TW
Estrella Oscura,幽冥煞星,zh-TW
Estrella oscura,幽冥煞星,zh-TW
Estudio Paciente,耐心學習,zh-TW
Estudio y paciencia,耐心學習,zh-TW
Estudo Paciente,耐心學習,zh-TW
Esuli,流亡孤軍,zh-TW
Eternal Pact,永恆契約,zh-TW
Etwas magische Aktualisierung,一點點重抽魔法,zh-TW
Evelynn áldása,伊芙琳的祝福,zh-TW
Evelynn ösztöne,伊芙琳的本能,zh-TW
Evelynn'in Lütfu,伊芙琳的祝福,zh-TW
Evelynn'in İçgüdüsü,伊芙琳的本能,zh-TW
Evelynn's Boon,伊芙琳的祝福,zh-TW
Evelynn's Instinct,伊芙琳的本能,zh-TW
Evelynnin dar,伊芙琳的祝福,zh-TW
Evelynnin instinkt,伊芙琳的本能,zh-TW
Evelynns Instinkt,伊芙琳的本能,zh-TW
Evelynns Segen,伊芙琳的祝福,zh-TW
Evenshroud,均等法衣,zh-TW
Evocazione continua,連續施法,zh-TW
Evriştirici,重整裝置,zh-TW
Ewiger Pakt,永恆契約,zh-TW
Exaltación Radiante de Kayle,凱爾的聖光讚頌,zh-TW
Exaltación de Kayle,凱爾的讚頌,zh-TW
Exaltación radiante de Kayle,凱爾的聖光讚頌,zh-TW
Exaltarea lui Kayle,凱爾的讚頌,zh-TW
Exaltarea radiantă a lui Kayle,凱爾的聖光讚頌,zh-TW
Exaltation de Kayle,凱爾的讚頌,zh-TW
Exaltation radieuse de Kayle,凱爾的聖光讚頌,zh-TW
Exaltação Radiante de Kayle,凱爾的聖光讚頌,zh-TW
Exaltação de Kayle,凱爾的讚頌,zh-TW
Exclusive Customization,量身訂做,zh-TW
Exilados,流亡孤軍,zh-TW
Exilați,流亡孤軍,zh-TW
Exiles,流亡孤軍,zh-TW
Exiliados,流亡孤軍,zh-TW
Exilés,流亡孤軍,zh-TW
Exklusive Feinabstimmung,量身訂做,zh-TW
Exkluzivní úprava,量身訂做,zh-TW
Exkluzív testreszabás,量身訂做,zh-TW
Expected Unexpectedness,預料中的意外,zh-TW
Expedice,遠征,zh-TW
Expedición,遠征,zh-TW
Expedition,遠征,zh-TW
Expedição,遠征,zh-TW
Expediție,遠征,zh-TW
Expedíció,遠征,zh-TW
Explosive Growth,爆炸性成長,zh-TW
Explosives Wachstum,爆炸性成長,zh-TW
Expédition,遠征,zh-TW
Expérience à tout prix,長久之計,zh-TW
Extirpador,燼滅之華,zh-TW
Ezreal,伊澤瑞爾,zh-TW
Ezüstkanál,金湯匙,zh-TW
Ezüsttóvári hajnal,銀織黎明,zh-TW
Eğreti Zırh,臨時戰甲,zh-TW
Eşsiz Deneyim,金湯匙,zh-TW
Eşya Çekilişi,道具組合包I,zh-TW
Fabbricante di bastoni,杖匠,zh-TW
Fabbricante di spade,劍匠,zh-TW
Fabricant de baguettes,杖匠,zh-TW
Fabricante de Bastões,杖匠,zh-TW
Fabricante de Espadas,劍匠,zh-TW
Fabricante de Varas,杖匠,zh-TW
Fabrication en série,複製,zh-TW
Fabrikneu,再造神兵,zh-TW
Faca de Statikk,史提克彈簧刀,zh-TW
Factory New,再造神兵,zh-TW
Fajín de mercurio,水銀兜帽,zh-TW
Fame di denaro,貪財,zh-TW
Fantocci da crash test,碰撞測試,zh-TW
Fantoccificazione,鈍化,zh-TW
Fantoccio di addestramento,訓練假人,zh-TW
Fare squadra,人多好辦事,zh-TW
Farmando Aura,營造氣場,zh-TW
Farmare l'aura,營造氣場,zh-TW
Farmarea aurei,營造氣場,zh-TW
Farmení aury,營造氣場,zh-TW
Farmeo Áurico,營造氣場,zh-TW
Farmienie Aury,營造氣場,zh-TW
Fatalista,厄運使者,zh-TW
Fateweaver,命運編織者,zh-TW
Favorul Sorakăi,索拉卡的祝福,zh-TW
Favorul duelistului,女武神的祝福,zh-TW
Favorul lui Ahri,阿璃的祝福,zh-TW
Favorul lui Aurelion Sol,翱銳龍獸的祝福,zh-TW
Favorul lui Ekko,艾克的祝福,zh-TW
Favorul lui Evelynn,伊芙琳的祝福,zh-TW
Favorul lui Kayle,凱爾的祝福,zh-TW
Favorul lui Thresh,瑟雷西的祝福,zh-TW
Favorul lui Varus,法洛士的祝福,zh-TW
Favorul lui Yasuo,犽宿的祝福,zh-TW
Favorul resurecției,復活祝福,zh-TW
Fedakârlığın Erdemi,烈士美德,zh-TW
Fedezeti alap,避險基金,zh-TW
Feed the Flames,熊熊火勢,zh-TW
Feeling Lucky,鴻運當頭,zh-TW
Felaket Mücevheri,枯萎寶石,zh-TW
Felemelkedés,飛昇,zh-TW
Feleslegesen nagy pálca,巨型魔棒,zh-TW
Felfelé a ranglétrán I.,攀升之階I,zh-TW
Felfelé irányuló mobilitás,向上流動,zh-TW
Felie de viață,循序漸進,zh-TW
Felinarul lui Thresh,瑟雷西的燈籠,zh-TW
Festa de Aniversário,生日團聚,zh-TW
Feu concentré,集中火力,zh-TW
Fiera Fiestera,派對咖,zh-TW
Fierar neobosit,活火爐,zh-TW
Fila em Dupla,雙排,zh-TW
Filo de la Muerte,死神之刃,zh-TW
Filo de la Noche,夜色緣界,zh-TW
Filo de la noche,夜色緣界,zh-TW
Filo del Infinito,無盡之刃,zh-TW
Filo infinito,無盡之刃,zh-TW
Filo mortal,死神之刃,zh-TW
Filofugaz,閃刃,zh-TW
Fin de partie,大器晚成,zh-TW
Final del ingenio,智慧末刃,zh-TW
Finanziamento,進階貸款,zh-TW
Find Your Center,中堅自強,zh-TW
Finde deine Mitte,中堅自強,zh-TW
Fine della notte,夜色緣界,zh-TW
Fiora,菲歐拉,zh-TW
Firesale,跳樓大拍賣,zh-TW
Fishbones,惡鯊火箭,zh-TW
Fiumi di lacrime,淚如泉湧,zh-TW
Fiumi di lacrime,淚光閃閃,zh-TW
Fizz,飛斯,zh-TW
Flambant neuf,再造神兵,zh-TW
Flessibilità,靈活變通,zh-TW
Flexibel,靈活變通,zh-TW
Flexibilita,靈活變通,zh-TW
Flexibilitate,靈活變通,zh-TW
Flexible,靈活變通,zh-TW
Flexível,靈活變通,zh-TW
Flickerblade,閃刃,zh-TW
Flickerblades,閃刃,zh-TW
Fließende Tränen,淚光閃閃,zh-TW
Flimmerklingen,閃刃,zh-TW
Flowing Tears,淚光閃閃,zh-TW
Fluch des Lichs,巫妖之禍,zh-TW
Fléau de liche,巫妖之禍,zh-TW
Fléau vengeur,打手連枷,zh-TW
Flügelstab,熾天使之杖,zh-TW
Foc concentrat,集中火力,zh-TW
Focalizarea orizontului,視界專注,zh-TW
Foco do Horizonte,視界專注,zh-TW
Focused Fire,集中火力,zh-TW
Fogo Concentrado,集中火力,zh-TW
Fokozott erő,增幅之力,zh-TW
Fokussiertes Feuer,集中火力,zh-TW
Folyamatos idézés,連續施法,zh-TW
Fond de investiții,避險基金,zh-TW
Fondamenta di prima linea,前線基礎,zh-TW
Fondation de première ligne,前線基礎,zh-TW
Fondo con intereses,避險基金,zh-TW
Fondo de inversión,避險基金,zh-TW
Fondo speculativo,避險基金,zh-TW
Forbidden Idol,禁忌之像,zh-TW
Forge a Friend,鑄造朋友,zh-TW
Forge divine,神聖熔爐,zh-TW
Forge portative,攜帶型打鐵舖,zh-TW
Forge à retardement,潛在火爐,zh-TW
Forged in Strength,力量鍛造,zh-TW
Forgeron ambulant,活火爐,zh-TW
Forgia apoteotica,神聖熔爐,zh-TW
Forgia incarnata,活火爐,zh-TW
Forgia nascosta,潛在火爐,zh-TW
Forgia portatile,攜帶型打鐵舖,zh-TW
Forgia un amico,鑄造朋友,zh-TW
Forgiato nella forza,力量鍛造,zh-TW
Forja Apoteósica,神聖熔爐,zh-TW
Forja Apoteótica,神聖熔爐,zh-TW
Forja Latente,潛在火爐,zh-TW
Forja Portátil,攜帶型打鐵舖,zh-TW
Forja Viva,活火爐,zh-TW
Forja Viviente,活火爐,zh-TW
Forja apoteósica,神聖熔爐,zh-TW
Forja de amigos,鑄造朋友,zh-TW
Forja de espadas,劍匠,zh-TW
Forja de varas,杖匠,zh-TW
Forja forjada,精心製作,zh-TW
Forja latente,潛在火爐,zh-TW
Forja na Força,力量鍛造,zh-TW
Forja portátil,攜帶型打鐵舖,zh-TW
Forja reîncărcărilor,精心製作,zh-TW
Forja viviente,活火爐,zh-TW
Forjado a la fuerza,力量鍛造,zh-TW
Forjado en la Fortaleza,力量鍛造,zh-TW
Forje uma Amizade,鑄造朋友,zh-TW
Forjă apoteotică,神聖熔爐,zh-TW
Forjă latentă,潛在火爐,zh-TW
Forjă portabilă,攜帶型打鐵舖,zh-TW
Forma equipo,人多好辦事,zh-TW
Formation de Garde du corps,保鑣訓練,zh-TW
Formazione,陣容,zh-TW
Fortwährende Beschwörung,連續施法,zh-TW
Forward Thinking,超前部署,zh-TW
Forțe proaspete,回春,zh-TW
Fragmento de Vida,循序漸進,zh-TW
Frammento d'infinito,無盡之刃,zh-TW
Francotirador,狙擊專家,zh-TW
Frigideira,平底鍋,zh-TW
Frontkämpfer,先鋒戰士,zh-TW
Frontkämpfer-Emblem,先鋒戰士徽章,zh-TW
Frontline Foundation,前線基礎,zh-TW
Frontlinien-Fundament,前線基礎,zh-TW
Frying Pan,平底鍋,zh-TW
Frângător al timpului,時間破壞者,zh-TW
Frühe Erkenntnisse,早期教育,zh-TW
Fuego Concentrado,集中火力,zh-TW
Fuego concentrado,集中火力,zh-TW
Fuerte pero frágil,玻璃大砲I,zh-TW
Fuerte y Enorme,巨大強悍,zh-TW
Fuerzas renovadas,回春,zh-TW
Fulcro del commercio,貿易核心,zh-TW
Fundação da Linha de Frente,前線基礎,zh-TW
Fundo de Garantia,避險基金,zh-TW
Fundusz Inwestycyjny,避險基金,zh-TW
Fuoco concentrato,集中火力,zh-TW
Fureur du kraken,海妖之怒,zh-TW
Furia Krakena,海妖之怒,zh-TW
Furia del Kraken,海妖之怒,zh-TW
Furia del kraken,海妖之怒,zh-TW
Furia di Guinsoo,鬼索的狂暴之刃,zh-TW
Furia krakenului,海妖之怒,zh-TW
Furtarello,盜取,zh-TW
Furtivo,神影刺客,zh-TW
Furto,盜取,zh-TW
Furto di componenti,組件強盜,zh-TW
Furtuna lui Luden,盧登驟雨,zh-TW
Fäustlinge,縮小手套,zh-TW
Félholt csapás,巫妖之禍,zh-TW
Félvezető,半導體,zh-TW
Fényőrző címer,光盾之紋,zh-TW
Fókusz,降靈師,zh-TW
Fókusz mód,降靈師模式,zh-TW
Fúria do Cráquem,海妖之怒,zh-TW
"FĂRĂ ANALIZĂ, FĂRĂ SCHIMBĂRI",不偵察不換陣容,zh-TW
Făurit prin putere,力量鍛造,zh-TW
Gabardina Sospechosa,可疑風衣,zh-TW
Gabardina sospechosa,可疑風衣,zh-TW
Gage de Sterak,史特拉克手套,zh-TW
Gagnant-gagnant,耐心學習,zh-TW
Galaksi Avcısı,銀河獵手,zh-TW
Galaktický lovec,銀河獵手,zh-TW
Galaktischer Jäger,銀河獵手,zh-TW
Galaktyczni Łowcy,銀河獵手,zh-TW
Galaxisvadász,銀河獵手,zh-TW
Galaxy Hunter,銀河獵手,zh-TW
Gambit Urfa,阿福奇兵,zh-TW
Gambit d'Urf,阿福奇兵,zh-TW
Gambito de Urf,阿福奇兵,zh-TW
Gantelet du Néant,虛空武鬥場,zh-TW
Gantelet précieux,寶石手套,zh-TW
Gants d'entraînement,格鬥手套,zh-TW
Gants de voleur,竊賊手套,zh-TW
Gants porte-bonheur,好運手套,zh-TW
Gants à gogo,究極暴擊,zh-TW
Gardienii gemeni,雙生守衛,zh-TW
Gardiens jumeaux,雙生守衛,zh-TW
Gargoyl Taşzırhı,石像鬼磐核,zh-TW
Gargoyle Stoneplate,石像鬼磐核,zh-TW
Garra de Dragón,龍之爪,zh-TW
Garra de dragón,龍之爪,zh-TW
Garra de merodeador,潛行者之爪,zh-TW
Garra del Merodeador,潛行者之爪,zh-TW
Garra do Dragão,龍之爪,zh-TW
Garra do Espreitador,潛行者之爪,zh-TW
Gasto con cabeza,精打細算,zh-TW
Gauner,私房錢,zh-TW
Gebieter,仲裁者,zh-TW
Gebieter-Emblem,仲裁者徽章,zh-TW
Geburtstags-Wiedervereinigung,生日團聚,zh-TW
Geburtstagsgeschenk,生日禮物,zh-TW
Gecenin Kıyısı,夜色緣界,zh-TW
Geduld ist eine Tugend,耐心是美德,zh-TW
Geeinter Halt,並肩作戰,zh-TW
Gefälligkeit des Schrotthändlers,女武神的祝福,zh-TW
Gegenstand-Wundertüte,道具組合包I,zh-TW
Geist der Erlösung,靈魂救贖,zh-TW
Geistessicht,振奮盔甲,zh-TW
Geld fürs Mittagessen,午餐錢,zh-TW
Geldgierig,貪財,zh-TW
Geldmonsun,天外橫財,zh-TW
Gelişmiş Güç,增幅之力,zh-TW
Gelungenes Comeback,逆轉佳話,zh-TW
Gespiegelte Persona,鏡像人格,zh-TW
Gheara dragonului,龍之爪,zh-TW
Gheara lui Sterak,史特拉克手套,zh-TW
Gheara prădătorului,潛行者之爪,zh-TW
Giant Slayer,巨人殺手,zh-TW
Giant and Mighty,巨大強悍,zh-TW
Giant's Belt,巨人腰帶,zh-TW
Gigante e Poderoso,巨大強悍,zh-TW
Gigantes y fuertes,巨大強悍,zh-TW
Gilded Steel,不破金鋼,zh-TW
Gioco di lama di Yasuo,犽宿的迅雷之技,zh-TW
Gioiello della rovina,枯萎寶石,zh-TW
Giuvaier blestemat,枯萎寶石,zh-TW
Gizemli Trençkot,可疑風衣,zh-TW
Giáp Lưới,鎖子甲,zh-TW
Giáp Máu Warmog,好戰者鎧甲,zh-TW
Giáp Tay Seeker,探索者護腕,zh-TW
Giáp Tâm Linh,振奮盔甲,zh-TW
Giáp Tự Chế,臨時戰甲,zh-TW
Giáp Vai Nguyệt Thần,均等法衣,zh-TW
Giù come birilli,鴻運當頭,zh-TW
Giọt Lệ Bi Ai,淚如泉湧,zh-TW
Giữ Vững Hàng Ngũ,堅守前線,zh-TW
Glaives à gogo,殺出血路,zh-TW
Glaskanone,玻璃大砲I,zh-TW
Glass Cannon,玻璃大砲I,zh-TW
Glückshandschuhe,好運手套,zh-TW
Gnar,吶兒,zh-TW
Goana după bani,貪財,zh-TW
God-Blessed,神寵者,zh-TW
Going Long,長久之計,zh-TW
Golden Gamble,黃金豪賭,zh-TW
Goldenes Glücksspiel,黃金豪賭,zh-TW
Golem,魔像,zh-TW
Golpetazos,砸起來,zh-TW
Good For Something,死得有價值I,zh-TW
Gotowy Komplet,頂裝,zh-TW
Gottgesegnet,神寵者,zh-TW
Grabież,盜取,zh-TW
Gracia de Ahri,阿璃的祝福,zh-TW
Gracia de Aurelion Sol,翱銳龍獸的祝福,zh-TW
Gracia de Ekko,艾克的祝福,zh-TW
Gracia de Evelynn,伊芙琳的祝福,zh-TW
Gracia de Kayle,凱爾的祝福,zh-TW
Gracia de Soraka,索拉卡的祝福,zh-TW
Gracia de Thresh,瑟雷西的祝福,zh-TW
Gracia de Varus,法洛士的祝福,zh-TW
Gracia de Yasuo,犽宿的祝福,zh-TW
Gracia de resurrección,復活祝福,zh-TW
Gragas,古拉格斯,zh-TW
Gran Compromiso,強力投入,zh-TW
Grandalhão,大小很重要,zh-TW
Grande e possente,巨大強悍,zh-TW
Grandeur et démesure,巨大強悍,zh-TW
Graves,葛雷夫,zh-TW
Gredin,私房錢,zh-TW
Griffe de dragon,龍之爪,zh-TW
Griffes du rôdeur,潛行者之爪,zh-TW
Group Hug,大家來抱抱,zh-TW
Groß und mächtig,巨大強悍,zh-TW
Große Wundertüte,大禮包,zh-TW
Groźniejsze Ostrza,更致命之刃,zh-TW
Gruboskórność Steraka,史特拉克手套,zh-TW
Grup Kucaklaşması,大家來抱抱,zh-TW
Grupowy Przytulas,大家來抱抱,zh-TW
Gruppenumarmung,大家來抱抱,zh-TW
Gräte,惡鯊火箭,zh-TW
Größe ist alles,大小很重要,zh-TW
Guantelete Deslumbrante,寶石手套,zh-TW
Guantelete de Sterak,史特拉克手套,zh-TW
Guantelete del Vacío,虛空武鬥場,zh-TW
Guantelete enjoyado,寶石手套,zh-TW
Guantes de Combate,格鬥手套,zh-TW
Guantes de Ladrón,竊賊手套,zh-TW
Guantes de combate,格鬥手套,zh-TW
Guantes de la Suerte,好運手套,zh-TW
Guantes de la suerte,好運手套,zh-TW
Guantes de ladrón,竊賊手套,zh-TW
Guanti del ladro,竊賊手套,zh-TW
Guanti fortunati,好運手套,zh-TW
Guanto del Vuoto,虛空武鬥場,zh-TW
Guanto ingioiellato,寶石手套,zh-TW
Guantoni,格鬥手套,zh-TW
Guardabrazo del Buscador,探索者護腕,zh-TW
Guardia de la Corona,皇冠守衛,zh-TW
Guardianes Gemelos,雙生守衛,zh-TW
Guardianes gemelos,雙生守衛,zh-TW
Guardiani gemelli,雙生守衛,zh-TW
Guardiões Gêmeos,雙生守衛,zh-TW
Guarida del Barón,巴龍巢穴,zh-TW
Guinsoo dühpengéje,鬼索的狂暴之刃,zh-TW
Guinsoo'nun Hiddeti,鬼索的狂暴之刃,zh-TW
Guinsoo's Rageblade,鬼索的狂暴之刃,zh-TW
Guinsoos Wutklinge,鬼索的狂暴之刃,zh-TW
Guinsoova zuřivá čepel,鬼索的狂暴之刃,zh-TW
Gume do Infinito,無盡之刃,zh-TW
Gun Goddess,重槍女武神,zh-TW
Gustări dulci,美味甜點,zh-TW
Gwałtowny Wzrost,爆炸性成長,zh-TW
Gwen,關,zh-TW
Gwiezdna Kombinacja,星光連鎖,zh-TW
Gyakorlófigura,訓練假人,zh-TW
Gyanús ballonkabát,可疑風衣,zh-TW
Gyors kettős gyilkosság,疾速雙殺,zh-TW
Gyorstüzelő ágyú,衝擊火炮,zh-TW
Gyári új,再造神兵,zh-TW
Gyógyító gömbök I.,治療靈球,zh-TW
Gói Bảo Hộ,物資箱,zh-TW
Gói Tăng Cường,強化包,zh-TW
Gói Đăng Ký Hạng Sang,訂購奢侈品,zh-TW
Gólem,魔像,zh-TW
Gökten Yağan Altın,天外橫財,zh-TW
Gölge Kukla,影子木偶,zh-TW
Gömülü Hazineler,地底寶藏,zh-TW
Göttlicher Duellant,神鬥士,zh-TW
Gözyaşları Sel,淚如泉湧,zh-TW
Gözü Yükseklerde,長久之計,zh-TW
Gümüşgöl Şafağı,銀織黎明,zh-TW
Günateşi Pelerini,日炎斗篷,zh-TW
Günateşi Tahtası,日炎燎原,zh-TW
Gürtel des Riesen,巨人腰帶,zh-TW
Gürtel im Überfluss,腰帶多多,zh-TW
Gürzün Dileği,戰錘意志,zh-TW
Güç Kadehi,力量聖杯,zh-TW
Güçle İşlenmiş,力量鍛造,zh-TW
Güçlü Ama Kırılgan,玻璃大砲I,zh-TW
Güçlü Arkadaşlık,鑄造朋友,zh-TW
Güçlü Şapkalar,致死之帽,zh-TW
Găng Bảo Thạch,寶石手套,zh-TW
Găng Hư Không,虛空武鬥場,zh-TW
Găng Đạo Tặc,竊賊手套,zh-TW
Găng Đấu Sĩ,縮小手套,zh-TW
Găng Đấu Tập,格鬥手套,zh-TW
Găsește-ți centrul de putere,中堅自強,zh-TW
Gươm Biến Ảnh,鬼使彎刀,zh-TW
Gậy Quá Khổ,巨型魔棒,zh-TW
Hacha de Fuego Infernal,獄火手斧,zh-TW
Hacha infernal,獄火手斧,zh-TW
Hachette infernale,獄火手斧,zh-TW
Haciendo Amistades,鑄造朋友,zh-TW
Hadiösvény,刃馬合一,zh-TW
Hadúri dicsőség,戰國軍閥之榮耀,zh-TW
Hai il mio arco,吾弓效命於您,zh-TW
Hai odată,嘟嘟好,zh-TW
Hajnalmag,破曉之核,zh-TW
Halbleiter,半導體,zh-TW
Halla tu Centro,中堅自強,zh-TW
Halszálka,惡鯊火箭,zh-TW
Halálosabb pengék,更致命之刃,zh-TW
Halálosabb süvegek,致死之帽,zh-TW
Halálpenge,死神之刃,zh-TW
Hand Of Justice,正義手套,zh-TW
Hand der Gerechtigkeit,正義手套,zh-TW
Handelssektor,交易之星,zh-TW
Handschuhe des Diebs,竊賊手套,zh-TW
Hang Ổ Baron,巴龍巢穴,zh-TW
Hanger fantomatic,鬼使彎刀,zh-TW
Hard Commit,強力投入,zh-TW
Hatalmas sorsolás,史詩重抽,zh-TW
Hatalmas és erős,巨大強悍,zh-TW
Határtalan penge,無盡之刃,zh-TW
Haute tension,高電壓,zh-TW
Hayat Deneyimi,耐心學習,zh-TW
Hayattan Bir Kesit,循序漸進,zh-TW
Hazine Avı,尋寶遊戲,zh-TW
Haşmetli Hydra,泰坦九頭蛇,zh-TW
Haşmetli Macera,非凡冒險,zh-TW
Healing Orbs,治療靈球,zh-TW
Heart of Steel,心之抗防,zh-TW
Heavy Is the Crown,沉重王冠,zh-TW
Hecho a medida,量身訂做,zh-TW
Hedef Kuklası,訓練假人,zh-TW
Hedefe Kilitlenen Optik,目標鎖定光學,zh-TW
Hedge Fund,避險基金,zh-TW
Heilende Echos,治癒回音,zh-TW
Heilende Kugeln,治療靈球,zh-TW
Heldenhafte Wundertüte,英雄禮包,zh-TW
Hellfire Hatchet,獄火手斧,zh-TW
Hemos venido a jugar,高風險高報酬,zh-TW
Heraldo de Zeke,錫柯的號角,zh-TW
Heraldo de las Tinieblas de Zeke,錫柯的悲鳴號角,zh-TW
Heraldo desolador de Zeke,錫柯的悲鳴號角,zh-TW
Herausforderer,極速快手,zh-TW
Herausforderer-Emblem,極速快手徽章,zh-TW
Herausforderer-Modus,極速快手模式,zh-TW
Herb Dynastii Promiennej Tarczy,光盾之紋,zh-TW
Herkesin Katili,無差別屠殺,zh-TW
Heroic Grab Bag,英雄禮包,zh-TW
Heroiczna Torba z Różnościami,英雄禮包,zh-TW
Herold Zeke'a,錫柯的號角,zh-TW
Herz aus Stahl,心之抗防,zh-TW
Heul doch …,淚如泉湧,zh-TW
Hex Dorado de Yasuo,犽宿的黃金棋格,zh-TW
Hexagone doré de Yasuo,犽宿的黃金棋格,zh-TW
Hexagonul auriu al lui Yasuo,犽宿的黃金棋格,zh-TW
Hextech Gunblade,海克斯科技槍刃,zh-TW
Hextech Silahkılıç,海克斯科技槍刃,zh-TW
Hextech lőpenge,海克斯科技槍刃,zh-TW
Hextech-Gunblade,海克斯科技槍刃,zh-TW
Hexágono dorado de Yasuo,犽宿的黃金棋格,zh-TW
Hidra Titánica,泰坦九頭蛇,zh-TW
Hidra Titânica,泰坦九頭蛇,zh-TW
Hidra titanilor,泰坦九頭蛇,zh-TW
Hidra titánica,泰坦九頭蛇,zh-TW
Higany,水銀兜帽,zh-TW
High Voltage,高電壓,zh-TW
Hilfspaket,物資箱,zh-TW
Hirte,星靈牧者,zh-TW
Hirte-Emblem,星靈牧者徽章,zh-TW
Historia Powrotu do Chwały,逆轉佳話,zh-TW
Hivatásos bokszoló,拳擊選手,zh-TW
Hiçlik Değneği,虛空之杖,zh-TW
Hiçlik Eldiveni,虛空武鬥場,zh-TW
Hiện Thân Phản Chiếu,鏡像人格,zh-TW
Hiện Thân Phản Chiếu Cỡ Nhỏ,初級鏡像人格,zh-TW
Hochspannung,高電壓,zh-TW
Hoja de furia de Guinsoo,鬼索的狂暴之刃,zh-TW
Hoja maldita,詛咒之刃,zh-TW
Hojas más letales,更致命之刃,zh-TW
Hold the Line,堅守前線,zh-TW
Holofote Compartilhado do Yasuo,犽宿之共享光采,zh-TW
Honneur du Maître de guerre,戰國軍閥之榮耀,zh-TW
Honor Watażki,戰國軍閥之榮耀,zh-TW
Honor de señor de la guerra,戰國軍閥之榮耀,zh-TW
Honor del Caudillo,戰國軍閥之榮耀,zh-TW
Honra do Mestre da Guerra,戰國軍閥之榮耀,zh-TW
Hordozható kohó,攜帶型打鐵舖,zh-TW
Horizon Focus,視界專注,zh-TW
Horizont,視界專注,zh-TW
Horizontfokus,視界專注,zh-TW
Hortlak Palası,鬼使彎刀,zh-TW
Hosszú távú befektetés,長久之計,zh-TW
Hrdinská dárková taška,英雄禮包,zh-TW
Hurdacının Lütfu,女武神的祝福,zh-TW
Hurto,盜取,zh-TW
Hustler,私房錢,zh-TW
Huy Hiệu Lightshield,光盾之紋,zh-TW
Huyết Giá,血償,zh-TW
Huyết Kiếm,嗜血者,zh-TW
Huyết Trượng Tha Hóa,詛咒吸血鬼權杖,zh-TW
Huyết Tế,血祭,zh-TW
Huấn Luyện Cận Vệ,保鑣訓練,zh-TW
Hvězdná obnova,鴻運當頭,zh-TW
Hvězdné kombo,星光連鎖,zh-TW
Hvězdopravec,占星師,zh-TW
Hydre titanesque,泰坦九頭蛇,zh-TW
Hàng Chờ Pandora,潘朵拉的備戰區,zh-TW
Hàng Chờ Đấu Đôi,雙排,zh-TW
Hành Tinh,太空律動,zh-TW
Hào Quang Của Ahri,阿璃的靈氣,zh-TW
Hào Quang Nhân Vật Chính,主角威能,zh-TW
Hármak légiója,「三」之軍團,zh-TW
Hármas kombó I.,三連勝I,zh-TW
Hátsó vonal tervrajza,後排藍圖,zh-TW
Hâkim,仲裁者,zh-TW
Hâkim Amblemi,仲裁者徽章,zh-TW
Hình Nhân,訓練假人,zh-TW
Hình Nhân Hóa,鈍化,zh-TW
Hình Nộm Va Chạm,碰撞測試,zh-TW
Hút Sinh Lực,吸血活力,zh-TW
Hücum Gürzü,打手連枷,zh-TW
Hükümdarın Seçimi,神寵者,zh-TW
Hırsız Eldiveni,竊賊手套,zh-TW
Hırsız Çetesi,神偷軍團,zh-TW
Hırsız Çetesi II,神偷軍團 II,zh-TW
Hızlı Başlangıç,加速開始,zh-TW
Hızlı Yükseliş,脫穎而出,zh-TW
Hızlı İkide İki,疾速雙殺,zh-TW
Hősies zsákbamacska,英雄禮包,zh-TW
Hůl Prázdnoty,虛空之杖,zh-TW
Hướng Đến Hồi Kết,專打後期,zh-TW
Hưởng Ké Hào Quang Yasuo,犽宿之共享光采,zh-TW
Hạ Đo Ván,砸起來,zh-TW
Hắc Tinh,幽冥煞星,zh-TW
Hố Đen Tí Hon,迷你黑洞,zh-TW
Hủy Diệt,燼滅之華,zh-TW
Ia arcul meu,吾弓效命於您,zh-TW
Idol interzis,禁忌之像,zh-TW
Idole interdite,禁忌之像,zh-TW
Idolo proibito,禁忌之像,zh-TW
Idra titanica,泰坦九頭蛇,zh-TW
Időtörő,時間破壞者,zh-TW
Időtörő embléma,時間破壞者徽章,zh-TW
Ikerőrzők,雙生守衛,zh-TW
Il Drago dorato,黃金巨龍,zh-TW
Il massimo con il minimo,最大最小化,zh-TW
Il potente Mech,超能機甲,zh-TW
Illaoi,伊羅旖,zh-TW
Iluminare parțială,不完全飛昇,zh-TW
Immer höher hinauf,攀升之階I,zh-TW
Impermeabile sospetto,可疑風衣,zh-TW
Impianti cibernetici,模控機械移植,zh-TW
Impianto empatico,共感植入,zh-TW
Implant Współczulny,共感植入,zh-TW
Implant cybernétique,共感植入,zh-TW
Implant empatic,共感植入,zh-TW
Implante Simpático,共感植入,zh-TW
Implante Solidário,共感植入,zh-TW
Implante simpático,共感植入,zh-TW
Implantes Cibernéticos,模控機械移植,zh-TW
Implantes cibernéticos,模控機械移植,zh-TW
Implants cybernétiques,模控機械移植,zh-TW
Implanturi cibernetice,模控機械移植,zh-TW
Implanty Cybernetyczne,模控機械移植,zh-TW
Impossível Recusar,嘟嘟好,zh-TW
Improvisierte Rüstung,臨時戰甲,zh-TW
Improwizowana Zbroja,臨時戰甲,zh-TW
Impuesto Cognitivo,智商稅,zh-TW
Impuesto cognitivo,智商稅,zh-TW
In quattro e quattr'otto,四重援軍,zh-TW
Inactividad,強制中離,zh-TW
Inadaptados,怪咖集合,zh-TW
Inadaptați,怪咖集合,zh-TW
Inaktivitás,強制中離,zh-TW
Incantație continuă,連續施法,zh-TW
Indiscriminate Killer,無差別屠殺,zh-TW
Indomable,不屈鬥魂,zh-TW
Indomável,不屈鬥魂,zh-TW
Infinity Edge,無盡之刃,zh-TW
Infinity Protection,無限守護,zh-TW
Inicio Veloz,加速開始,zh-TW
Inimă de oțel,心之抗防,zh-TW
Initiateur,先鋒戰士,zh-TW
Innervating Locket,支配寶匣,zh-TW
Instinct d'Evelynn,伊芙琳的本能,zh-TW
Instinctul lui Evelynn,伊芙琳的本能,zh-TW
Instinto de Evelynn,伊芙琳的本能,zh-TW
Instynkt Evelynn,伊芙琳的本能,zh-TW
Insígnia do Lumescudo,光盾之紋,zh-TW
Intermediar,降靈師,zh-TW
Invadatorul Zed,影忍煞星：劫,zh-TW
Invader Zed,影忍煞星：劫,zh-TW
Invasión de Zed,影忍煞星：劫,zh-TW
Invasor Zed,影忍煞星：劫,zh-TW
Inversión,投資,zh-TW
Invested,投資,zh-TW
Investice,投資,zh-TW
Investiert,投資,zh-TW
Investimento,投資,zh-TW
Investissement,投資,zh-TW
Investissement sur le futur,超前部署,zh-TW
Investitura,投資,zh-TW
Investiční fond,避險基金,zh-TW
Investiție,投資,zh-TW
Inwestycja,長久之計,zh-TW
Início Rápido,加速開始,zh-TW
Ionic Spark,離子星火,zh-TW
Ionischer Funke,離子星火,zh-TW
Ionos szikra,離子星火,zh-TW
Iontová jiskra,離子星火,zh-TW
Iron Assets,鋼鐵素材,zh-TW
Isteni párbajhős,神鬥士,zh-TW
Istennő könnycseppje,女神之淚,zh-TW
Istenáldotta,神寵者,zh-TW
Istinto di Evelynn,伊芙琳的本能,zh-TW
Item Grab Bag,道具組合包I,zh-TW
Itens de Pandora,潘朵拉的道具,zh-TW
Iubire nezdruncinată,堅定之心,zh-TW
Işıltılı Serseri,聖光無賴,zh-TW
JEDU SI TO SVOJE,不偵察不換陣容,zh-TW
Ja Gram Solo,獨自升等,zh-TW
Jaf,盜取,zh-TW
Jaful componentelor,組件強盜,zh-TW
Jakim Kosztem,不惜代價,zh-TW
Jax,賈克斯,zh-TW
Jaximus,伸手摘星,zh-TW
"Jeden buff, dva buffy",一個Buff，兩個Buff,zh-TW
"Jedna, dva, tři",一二三,zh-TW
Jeu de patience,耐心是美德,zh-TW
Jeweled Gauntlet,寶石手套,zh-TW
Jeweled Lotus,珠光蓮花II,zh-TW
Jhin,燼,zh-TW
Jinx,吉茵珂絲,zh-TW
Jogada Levemente Mágica,一點點重抽魔法,zh-TW
Jogada Mágica,魔法擲骰,zh-TW
Jogada de Urf,阿福奇兵,zh-TW
Joia da Ruína,枯萎寶石,zh-TW
Jonowa Iskra,離子星火,zh-TW
Jour de relance,抽好抽滿I,zh-TW
Joya Maldita,枯萎寶石,zh-TW
Joya de la plaga,枯萎寶石,zh-TW
Joyau putréfiant,枯萎寶石,zh-TW
Jugadas arriesgadas,高風險高報酬,zh-TW
Juge stellaire,仲裁者,zh-TW
Juguito de Gorrito,帽帽果汁,zh-TW
Juramento del Protector,保衛者之誓,zh-TW
Juramento do Cavaleiro,騎士誓願,zh-TW
Juramento do Protetor,保衛者之誓,zh-TW
Jurământul protectorului,保衛者之誓,zh-TW
Jus chapi-chapo,帽帽果汁,zh-TW
Just Hit,嘟嘟好,zh-TW
Justice critique,復仇,zh-TW
Juwelenbesetzter Handschuh,寶石手套,zh-TW
Juwelenbesetzter Lotus,珠光蓮花II,zh-TW
Jádro obchodu,貿易核心,zh-TW
Jádro úsvitu,破曉之核,zh-TW
Jó sorozat,鴻運當頭,zh-TW
Jóbarát rendelésre,開局新手包,zh-TW
Jós,神諭,zh-TW
Jótékony visszhang,治癒回音,zh-TW
K. N. kard,暴風之劍,zh-TW
K. V. meč,暴風之劍,zh-TW
K.W. Miecz,暴風之劍,zh-TW
"KEIN UMSEHEN, KEIN WECHSELN",不偵察不換陣容,zh-TW
Kaderbaz,命運編織者,zh-TW
Kahraman Çekilişi,英雄禮包,zh-TW
Kahuna,真派氣功,zh-TW
Kahunahuna,真派氣功,zh-TW
Kai'Sa,凱莎,zh-TW
Kamekameha,真派氣功,zh-TW
Kamienna Płyta Gargulca,石像鬼磐核,zh-TW
Kamizelka Cierniowa,刺藤胸甲,zh-TW
Kamizelka Kolcza,鎖子甲,zh-TW
Kampfhandschuhe,格鬥手套,zh-TW
Kan Adağı,血祭,zh-TW
Kan Bedeli,血償,zh-TW
Kanalisierer,降靈師,zh-TW
Kanalisierermodus,降靈師模式,zh-TW
Kanasusamış,嗜血者,zh-TW
Kanciarz,私房錢,zh-TW
Kanoucí slzy,淚光閃閃,zh-TW
Kapelusze Zabójcze jak Nigdy,致死之帽,zh-TW
Karanlık Leydi,闇翼魔女,zh-TW
Kararlı Yürek,堅定之心,zh-TW
Karayel,西風匕首,zh-TW
Kardkovács,劍匠,zh-TW
Kardszállítmány,刀劍湧流,zh-TW
Karma,卡瑪,zh-TW
Kayle felmagasztosulása,凱爾的讚頌,zh-TW
Kayle ragyogó felmagasztosulása,凱爾的聖光讚頌,zh-TW
Kayle áldása,凱爾的祝福,zh-TW
Kayle's Boon,凱爾的祝福,zh-TW
Kayle's Exaltation,凱爾的讚頌,zh-TW
Kayle's Radiant Exaltation,凱爾的聖光讚頌,zh-TW
Kayle'ın Işıltılı Yüceliği,凱爾的聖光讚頌,zh-TW
Kayle'ın Lütfu,凱爾的祝福,zh-TW
Kayle'ın Yüceliği,凱爾的讚頌,zh-TW
Kayles Hochgefühl,凱爾的讚頌,zh-TW
Kayles Segen,凱爾的祝福,zh-TW
Kayles strahlendes Hochgefühl,凱爾的聖光讚頌,zh-TW
Kaylin dar,凱爾的祝福,zh-TW
Kaylino povznesení,凱爾的讚頌,zh-TW
Kaylino zářivé povznesení,凱爾的聖光讚頌,zh-TW
Kaz Gelecek Yerden...,高風險高報酬,zh-TW
Kedi Olalı Bir Fare,死得有價值I,zh-TW
Kedvez a szerencse,鴻運當頭,zh-TW
Kefaret Ruhu,靈魂救贖,zh-TW
Kelch der Macht,力量聖杯,zh-TW
Kemer Fazlalığı,腰帶多多,zh-TW
Kereskedelmi központ,貿易核心,zh-TW
Keresők karvértje,探索者護腕,zh-TW
Keskin Nişancı,狙擊專家,zh-TW
Keskin Nişancı Amblemi,狙擊專家徽章,zh-TW
Kettenweste,鎖子甲,zh-TW
Keşif Gezisi,遠征,zh-TW
Khiên Hoàng Hôn,黃昏聖盾,zh-TW
Khiên Hừng Đông,黎明聖盾,zh-TW
Khiên Đơn Đấu,單人磐核,zh-TW
Kho Báu Chôn Giấu,地底寶藏,zh-TW
Kho Báu Sắt,鋼鐵素材,zh-TW
Khu Giao Dịch,交易之星,zh-TW
Khuyến Mãi Kinh Nghiệm,升級！,zh-TW
Khéo Tay Hay Làm,精心製作,zh-TW
Khảm Bảo Thạch,珠光蓮花II,zh-TW
Khế Ước Vĩnh Hằng,永恆契約,zh-TW
Khổng Lồ Hóa,小小大英雄,zh-TW
Khổng Lồ Tí Hon,迷你小英雄,zh-TW
Khởi Động Nhanh,加速開始,zh-TW
Kibernetikus fellövő,模控機械上鏈,zh-TW
Kibernetikus implantátumok,模控機械移植,zh-TW
Kick Start,加速開始,zh-TW
Kickstart,加速開始,zh-TW
"Kicsi, de halálos",致命豆丁,zh-TW
Kihívó,極速快手,zh-TW
Kihívó embléma,極速快手徽章,zh-TW
Kihívó mód,極速快手模式,zh-TW
Kiirtó,燼滅之華,zh-TW
Kim Long,黃金巨龍,zh-TW
Kimaxolt összeállítás,頂裝,zh-TW
Kincsvadászat,尋寶遊戲,zh-TW
Kindred,鏡爪,zh-TW
Kiralık Katil,契約殺手,zh-TW
Kis zsákbamacska,小型禮包,zh-TW
Kiên Nhẫn Của Ekko,艾克的耐心,zh-TW
Kiên Nhẫn Học Tập,耐心學習,zh-TW
Kiên Nhẫn Là Một Đức Tính,耐心是美德,zh-TW
Kişiselleştirme Fırsatı,量身訂做,zh-TW
Kiếm B.F.,暴風之劍,zh-TW
Kiếm Cong,詛咒之刃,zh-TW
Kiếm Súng Hextech,海克斯科技槍刃,zh-TW
Kiếm Tai Ương,巫妖之禍,zh-TW
Kiếm Thuật Của Yasuo,犽宿的迅雷之技,zh-TW
Kiếm Tử Thần,更致命之刃,zh-TW
Kiếm Tử Thần,死神之刃,zh-TW
Klarer Geist,思緒清晰,zh-TW
Klaue des Meuchlers,潛行者之爪,zh-TW
Kleine Freunde,小小夥伴,zh-TW
Kleine Wundertüte,小型禮包,zh-TW
Kleine gespiegelte Persona,初級鏡像人格,zh-TW
Kleines schwarzes Loch,迷你黑洞,zh-TW
Klejnot Rozpadu,枯萎寶石,zh-TW
Klenot nákazy,枯萎寶石,zh-TW
Klinge der Unendlichkeit,無盡之刃,zh-TW
Klinge des Todes,死神之刃,zh-TW
Klonprogramm,複製,zh-TW
Kluftkrabbler,河蟹,zh-TW
Knallhart,主角威能,zh-TW
Knight's Vow,騎士誓願,zh-TW
Kniha vlastností,特性典籍,zh-TW
Kognitive Steuer,智商稅,zh-TW
Kognitive Überladung,認知超載,zh-TW
Kognitivní přetížení,認知超載,zh-TW
Kognitivní zátěž,智商稅,zh-TW
Kognitív teher,智商稅,zh-TW
Kognitív túlterhelés,認知超載,zh-TW
Kolejka Duo,雙排,zh-TW
Koleżcy,小小夥伴,zh-TW
Kolosalna Hydra,泰坦九頭蛇,zh-TW
Kommandant,指揮官,zh-TW
Kommerzkern,貿易核心,zh-TW
Komponentenraub,組件強盜,zh-TW
Komutan,指揮官,zh-TW
Koniec Rozumu,智慧末刃,zh-TW
Konserwator Biomaterii,生物材料保存,zh-TW
Konto Oszczędnościowe,儲蓄帳戶,zh-TW
Konzervátor biomateriálu,生物材料保存,zh-TW
Kopyalama Süreci,複製,zh-TW
Korai tanulságok,早期教育,zh-TW
Korbacz Napastnika,打手連枷,zh-TW
Korona Taktyka,棋手皇冠,zh-TW
Korona Zawsze Będzie Ciążyć,沉重王冠,zh-TW
Koronaőr,皇冠守衛,zh-TW
Koroze,腐蝕,zh-TW
Korozja,腐蝕,zh-TW
Korozyon,腐蝕,zh-TW
Korrosion,腐蝕,zh-TW
Korrózió,腐蝕,zh-TW
Korszak,紀元,zh-TW
Koruma Eğitimi,保鑣訓練,zh-TW
Korunní stráž,皇冠守衛,zh-TW
Koruyucunun Müttefiki,守望者之友,zh-TW
Kosa Statikka,史提克彈簧刀,zh-TW
Kosmický restart,宇宙重啟,zh-TW
Kosmiczny Restart,宇宙重啟,zh-TW
Kosmischer Neubeginn,宇宙重啟,zh-TW
Kosmofaza,太空律動,zh-TW
Kostur Archanioła,大天使之杖,zh-TW
Kostur Pustki,虛空之杖,zh-TW
Kostur Serafina,熾天使之杖,zh-TW
Kosturnik,杖匠,zh-TW
Kouzelný hod,魔法擲骰,zh-TW
Kovácsolj barátot,鑄造朋友,zh-TW
Kozmik Başlangıç,宇宙重啟,zh-TW
Kozmikus újraindítás,宇宙重啟,zh-TW
Kraken'in Öfkesi,海妖之怒,zh-TW
Kraken's Fury,海妖之怒,zh-TW
Krakenův hněv,海妖之怒,zh-TW
Kraliyet Başlığı,皇冠守衛,zh-TW
Krev za krev,血償,zh-TW
Kriegsbeil des Höllenfeuers,獄火手斧,zh-TW
Kriegspfad,刃馬合一,zh-TW
Kritický úspěch,究極暴擊,zh-TW
Kritik Başarı,究極暴擊,zh-TW
Kritikus siker,究極暴擊,zh-TW
Kritischer Erfolg,究極暴擊,zh-TW
Krmení plamenů,熊熊火勢,zh-TW
Krone des Taktikers,棋手皇冠,zh-TW
Kronwacht,皇冠守衛,zh-TW
Kroužková vesta,鎖子甲,zh-TW
Krvavá oběť,血祭,zh-TW
Krvežíznivec,嗜血者,zh-TW
Krwiopijec,嗜血者,zh-TW
Krytyczny Sukces,究極暴擊,zh-TW
Księga Cech,特性典籍,zh-TW
Kuchnia Taktyka,棋手廚房,zh-TW
Kukiełka Cienia,影子木偶,zh-TW
Kukla Yağmuru!,碰撞測試,zh-TW
Kuklaya Dönüştür,鈍化,zh-TW
Kukła Treningowa,訓練假人,zh-TW
Kukły do Testów Wypadkowych,碰撞測試,zh-TW
Kule,防禦高塔,zh-TW
Kusursuzluk Arayışı,最大最小化,zh-TW
Kutilův dar,女武神的祝福,zh-TW
Kybernetická linka,模控機械上鏈,zh-TW
Kybernetické implantáty,模控機械移植,zh-TW
Kybernetische Implantate,模控機械移植,zh-TW
Kybernetische Verbindung,模控機械上鏈,zh-TW
Kártyacsomag,強化包,zh-TW
Kâhin,神諭,zh-TW
Kék erősítés,藍Buff,zh-TW
Kích Cỡ Là Quan Trọng,大小很重要,zh-TW
Kính Khóa Mục Tiêu,目標鎖定光學,zh-TW
Kính Nhắm Ma Pháp,視界專注,zh-TW
Könnyek patakja,淚如泉湧,zh-TW
Könyörtelen költség,惡性經營,zh-TW
Kötü Niyetli Kazanç,惡性經營,zh-TW
Kötü Yazılım Matrisi,惡意程式矩陣,zh-TW
Közös gyakorlás,鈍化,zh-TW
Küldetés újrakezdése,重新開始任務,zh-TW
Küçük Benlik Aynası,初級鏡像人格,zh-TW
Kılavuz,星靈牧者,zh-TW
Kılavuz Amblemi,星靈牧者徽章,zh-TW
Kılçık,惡鯊火箭,zh-TW
Kılıç Fazlalığı,刀劍湧流,zh-TW
Kılıç İşçisi,劍匠,zh-TW
Kırmızı Güçlendirme,紅Buff,zh-TW
Kısmen Büyülü Zar,一點點重抽魔法,zh-TW
Kısmi Yükseliş,不完全飛昇,zh-TW
Kıymetli Metaller,鋼鐵素材,zh-TW
Kızartma Tavası,平底鍋,zh-TW
Kẻ Sống Sót,生存專家,zh-TW
Kết Nối Drone,無人機上鏈,zh-TW
Kết Nối Gián Đoạn,就差你一個,zh-TW
Kề Vai Sát Cánh,攜手同行,zh-TW
Kỳ Vọng Bất Ngờ,預料中的意外,zh-TW
Kỷ Nguyên,紀元,zh-TW
L'Albero dei tratti,特性神木,zh-TW
L'amour du risque,高風險高報酬,zh-TW
L'atteso inaspettato,預料中的意外,zh-TW
L'indomabile,不屈鬥魂,zh-TW
L'indomptable,不屈鬥魂,zh-TW
L'onore del Signore della guerra,戰國軍閥之榮耀,zh-TW
L'uovo dorato,黃金蛋,zh-TW
La Bramasangue,嗜血者,zh-TW
La Paciencia es una Virtud,耐心是美德,zh-TW
La Sanguinaria,嗜血者,zh-TW
La Torre,防禦高塔,zh-TW
La Tour,防禦高塔,zh-TW
La cumpărături,買不手軟,zh-TW
La espera merece la pena,值得等待,zh-TW
La fortuna te sonríe,鴻運當頭,zh-TW
La legge della mazza,戰錘意志,zh-TW
La paciencia es una virtud,耐心是美德,zh-TW
La pazienza è una virtù,耐心是美德,zh-TW
La torre,防禦高塔,zh-TW
La trama lo protege,主角威能,zh-TW
La unión hace la fuerza,人多好辦事,zh-TW
Lacrima della dea,女神之淚,zh-TW
Lacrima zeiței,女神之淚,zh-TW
Lacrimi curgătoare,淚光閃閃,zh-TW
Ladino,神影刺客,zh-TW
Ladungstransfer,電荷轉移,zh-TW
Lama maledetta,詛咒之刃,zh-TW
Lama mortale,死神之刃,zh-TW
Lame d'infini,無盡之刃,zh-TW
Lame enragée de Guinsoo,鬼索的狂暴之刃,zh-TW
Lame funeste,死神之刃,zh-TW
Lame maudite,詛咒之刃,zh-TW
Lame più letali,更致命之刃,zh-TW
Lame rotanti,閃刃,zh-TW
Lames tueuses,更致命之刃,zh-TW
Lance de Shojin,精進之矛,zh-TW
Lancea lui Shojin,精進之矛,zh-TW
Lancer de dés,預料中的意外,zh-TW
Lancia di Shojin,精進之矛,zh-TW
Lanetli Kılıç,詛咒之刃,zh-TW
Lanetli Taç,詛咒之冠,zh-TW
Lanterna di Thresh,瑟雷西的燈籠,zh-TW
Lanterna do Thresh,瑟雷西的燈籠,zh-TW
Lanterne de Thresh,瑟雷西的燈籠,zh-TW
Lanza de Shojin,精進之矛,zh-TW
Lança de Shojin,精進之矛,zh-TW
Largo plazo,長久之計,zh-TW
Larme de la déesse,女神之淚,zh-TW
Larmes à gogo,淚光閃閃,zh-TW
Last Whisper,最後耳語,zh-TW
Lastrapietra del gargoyle,石像鬼磐核,zh-TW
Latarnia Thresha,瑟雷西的燈籠,zh-TW
Late Game Scaling,大器晚成,zh-TW
Late Game Specialist,專打後期,zh-TW
Latent Forge,潛在火爐,zh-TW
Latente Schmiede,潛在火爐,zh-TW
Le Méga-mecha,超能機甲,zh-TW
Le dimensioni contano,大小很重要,zh-TW
Le prix du sang,午餐錢,zh-TW
LeBlanc,勒布朗,zh-TW
Lebende Schmiede,活火爐,zh-TW
Lecciones de Boxeo,拳擊訓練,zh-TW
Lecsapó buzogány,打手連枷,zh-TW
Leczące Echo,治癒回音,zh-TW
Leczące Kule,治療靈球,zh-TW
Lecții de box,拳擊訓練,zh-TW
Leerenhandschuh,虛空武鬥場,zh-TW
Leerenstab,虛空之杖,zh-TW
Legie tří,「三」之軍團,zh-TW
Legion Trójek,「三」之軍團,zh-TW
Legion of Threes,「三」之軍團,zh-TW
Legione dei tre,「三」之軍團,zh-TW
Legiunea de trei,「三」之軍團,zh-TW
Legião de Três,「三」之軍團,zh-TW
Legión de Tres,「三」之軍團,zh-TW
Legión del tres,「三」之軍團,zh-TW
Legjobb barátok,一生摯友,zh-TW
Legământul cavalerului,騎士誓願,zh-TW
Legături ratate,就差你一個,zh-TW
Leibwache-Training,保鑣訓練,zh-TW
Lekce v boxu,拳擊訓練,zh-TW
Lekko Magiczny Rzut,一點點重抽魔法,zh-TW
Lekésett csatlakozás,就差你一個,zh-TW
Lelkek ébredése,魂力覺醒,zh-TW
Lendületes kezdés,加速開始,zh-TW
Lenyúlás,盜取,zh-TW
Leo Hạng,攀升之階I,zh-TW
Leona,雷歐娜,zh-TW
Lesser Mirrored Persona,初級鏡像人格,zh-TW
Letzter Atemzug,最後耳語,zh-TW
Level Up!,升級！,zh-TW
Leveleando en solitario,獨自升等,zh-TW
Lezioni di pugilato,拳擊訓練,zh-TW
Leçons de combat,早期教育,zh-TW
Leże Barona,巴龍巢穴,zh-TW
Liaison cybernétique,模控機械上鏈,zh-TW
Liaison de drone,無人機上鏈,zh-TW
Lich Bane,巫妖之禍,zh-TW
Lich Boğan,巫妖之禍,zh-TW
Lichtschild-Wappen,光盾之紋,zh-TW
Lightshield Arması,光盾之紋,zh-TW
Lightshield Crest,光盾之紋,zh-TW
Ligne de front,拳擊訓練,zh-TW
Limiar da Noite,夜色緣界,zh-TW
Limite da Razão,智慧末刃,zh-TW
Linceul d'apaisement,寂靜法衣,zh-TW
Linceul de la congruence,均等法衣,zh-TW
Lineup,陣容,zh-TW
Linh Hoạt,靈活變通,zh-TW
Linh Hồn Chuộc Tội,靈魂救贖,zh-TW
Linh Thú Vào Bếp,棋手廚房,zh-TW
Linie de înaltă tensiune,高電壓,zh-TW
Linterna de Thresh,瑟雷西的燈籠,zh-TW
Liquidación,跳樓大拍賣,zh-TW
Lissandra,麗珊卓,zh-TW
Listă duo,雙排,zh-TW
Lithoplastron de gargouille,石像鬼磐核,zh-TW
Lithoplastron solo,單人磐核,zh-TW
Litinová pánev,平底鍋,zh-TW
Little Buddies,小小夥伴,zh-TW
Living Forge,活火爐,zh-TW
Liên Hoàn Tinh Tú,星光連鎖,zh-TW
Llamada al caos,混沌召喚,zh-TW
Llamado al Caos,混沌召喚,zh-TW
Llora Todo lo que Quieras,淚如泉湧,zh-TW
Locket of the Iron Solari,日輪的加冕,zh-TW
Longo Prazo,長久之計,zh-TW
Loto Adornado,珠光蓮花II,zh-TW
Loto enjoyado,珠光蓮花II,zh-TW
Loto ingioiellato,珠光蓮花II,zh-TW
Lottatore professionista,拳擊選手,zh-TW
Lotus cu nestemate,珠光蓮花II,zh-TW
Lotus précieux,珠光蓮花II,zh-TW
Loupež základních předmětů,組件強盜,zh-TW
Lourde est la couronne,沉重王冠,zh-TW
Lov pokladů,尋寶遊戲,zh-TW
Lovagi eskü,騎士誓願,zh-TW
Lovcův dráp,潛行者之爪,zh-TW
Luchador,武鬥家,zh-TW
Lucidité,思緒清晰,zh-TW
Lucky Gloves,好運手套,zh-TW
Luden vihara,盧登驟雨,zh-TW
Luden'in Çığlığı,盧登驟雨,zh-TW
Luden's Tempest,盧登驟雨,zh-TW
Ludenova bouře,盧登驟雨,zh-TW
Ludens Sturm,盧登驟雨,zh-TW
Luksusowa Subskrypcja,訂購奢侈品,zh-TW
Lulu,露璐,zh-TW
Lumina stelelor,占星師,zh-TW
Lunch Money,午餐錢,zh-TW
Lunetist,狙擊專家,zh-TW
Lungimiranza,超前部署,zh-TW
Lustrzana Osobowość,鏡像人格,zh-TW
Lutador,武鬥家,zh-TW
Lutador Profissional,拳擊選手,zh-TW
Luvas da Sorte,好運手套,zh-TW
Luvas do Ladrão,竊賊手套,zh-TW
Luvas do Pugilista,格鬥手套,zh-TW
Luvinhas,縮小手套,zh-TW
Luxury Subscription,訂購奢侈品,zh-TW
Luxus előfizetés,訂購奢侈品,zh-TW
Luxus-Abonnement,訂購奢侈品,zh-TW
Luxusní předplatné,訂購奢侈品,zh-TW
Lá Chắn Chiến Thuật,棋手之盾,zh-TW
Lábrate un camino,殺出血路,zh-TW
Lágrima da Deusa,女神之淚,zh-TW
Lágrima de la Diosa,女神之淚,zh-TW
Lágrima de la diosa,女神之淚,zh-TW
Lágrimas Abundantes,淚光閃閃,zh-TW
Lángoló kohó,活火爐,zh-TW
Lâmina Amaldiçoada,詛咒之刃,zh-TW
Lâmina Mortal,死神之刃,zh-TW
Lâmina da Fúria de Guinsoo,鬼索的狂暴之刃,zh-TW
Lâminas Fatais,更致命之刃,zh-TW
Légion des trois,「三」之軍團,zh-TW
Lélek,百獸,zh-TW
Lélek embléma,百獸特攻隊徽章,zh-TW
Lélekparancsnok,百獸指揮官,zh-TW
Léčivá oka,治療靈球,zh-TW
Léčivé ozvěny,治癒回音,zh-TW
Lò Rèn Thăng Hoa,神聖熔爐,zh-TW
Lò Rèn Thần Thoại,攜帶型打鐵舖,zh-TW
Lò Rèn Tiềm Ẩn,潛在火爐,zh-TW
Lótus Adornada,珠光蓮花II,zh-TW
Lõi Bình Minh,破曉之核,zh-TW
Lüks Aboneliği,訂購奢侈品,zh-TW
Lấy Công Bù Thủ,玻璃大砲I,zh-TW
Lập Đội,人多好辦事,zh-TW
Lễ Vật Tái Chế,女武神的祝福,zh-TW
Lệ Lưu Ly,淚光閃閃,zh-TW
Lệch Chuẩn,怪咖集合,zh-TW
Lồng Đèn Của Thresh,瑟雷西的燈籠,zh-TW
Lời Thề Hiệp Sĩ,騎士誓願,zh-TW
Lời Thề Hộ Vệ,保衛者之誓,zh-TW
Lựa Chọn Độc Quyền,量身訂做,zh-TW
M.C. Spada,暴風之劍,zh-TW
Ma Thuật Đan Kết,魔力編織,zh-TW
Ma Trận Mã Độc,惡意程式矩陣,zh-TW
Mace's Will,戰錘意志,zh-TW
Maceracının Pazubendi,探索者護腕,zh-TW
Machadinha Infernal,獄火手斧,zh-TW
Maestro Yi,易大師,zh-TW
Magasfeszültség,高電壓,zh-TW
Magasztos kaland,非凡冒險,zh-TW
Magia Tejida,魔力編織,zh-TW
Magia entretejida,魔力編織,zh-TW
Magiczny Rzut,魔法擲骰,zh-TW
Magie întrepătrunsă,魔力編織,zh-TW
Magitechnická puškočepel,海克斯科技槍刃,zh-TW
Mailles en or,黃金巨龍,zh-TW
Main de la justice,正義手套,zh-TW
Makeshift Armor,臨時戰甲,zh-TW
Mal Kurtarma,回收再利用,zh-TW
Malandro Radiante,聖光無賴,zh-TW
Maldición del Liche,巫妖之禍,zh-TW
Mali Tytani,小小大英雄,zh-TW
Malicious Monetization,惡性經營,zh-TW
Malware Matrix,惡意程式矩陣,zh-TW
Malware-Matrix,惡意程式矩陣,zh-TW
Malwarová matice,惡意程式矩陣,zh-TW
Malá dárková taška,小型禮包,zh-TW
Malí kámoši,小小夥伴,zh-TW
Mana magique,魔力編織,zh-TW
Manechin de antrenament,訓練假人,zh-TW
Manechine animate,碰撞測試,zh-TW
Manechinizare,鈍化,zh-TW
Mangual del Guerrero,打手連枷,zh-TW
Mangual del guerrero,打手連枷,zh-TW
Mangual do Guerreiro,打手連枷,zh-TW
Mannequin d'entraînement,訓練假人,zh-TW
Mannequinification,鈍化,zh-TW
Mannequins de choc,碰撞測試,zh-TW
Mano de la Justicia,正義手套,zh-TW
Mano de la justicia,正義手套,zh-TW
Mano della giustizia,正義手套,zh-TW
Manopla Adornada,寶石手套,zh-TW
Manopla do Vazio,虛空武鬥場,zh-TW
Manteau de Négatron,負極斗篷,zh-TW
Manteau de la nuit,夜色緣界,zh-TW
Mantello del Sole,日炎斗篷,zh-TW
Mantello dello stratega,棋手披風,zh-TW
Mantello di Negatron,負極斗篷,zh-TW
Mantenerse unidos,並肩作戰,zh-TW
Mantenha a Posição,堅守前線,zh-TW
Manter a União,並肩作戰,zh-TW
Mantia tacticianului,棋手披風,zh-TW
Mantie Negatron,負極斗篷,zh-TW
Mantie solară,日炎斗篷,zh-TW
Manto da Imobilidade,寂靜法衣,zh-TW
Manto de Quietud,寂靜法衣,zh-TW
Manto del Ocaso,均等法衣,zh-TW
Mantén la Posición,堅守前線,zh-TW
Maokai,茂凱,zh-TW
Maratona de Compras,買不手軟,zh-TW
Marauder,劫掠者,zh-TW
Marauder Emblem,劫掠者徽章,zh-TW
Maraudeur,劫掠者,zh-TW
Marchando un doble,價值爆棚,zh-TW
Mare și amenințătoare,巨大強悍,zh-TW
Marguereep,小米普,zh-TW
Marioneta Sombría,影子木偶,zh-TW
Marioneta en las sombras,影子木偶,zh-TW
"Marioneta, to jsem já",鈍化,zh-TW
Marionete das Sombras,影子木偶,zh-TW
Marodeur,劫掠者,zh-TW
Marodeur-Emblem,劫掠者徽章,zh-TW
Martalóc,劫掠者,zh-TW
Martalóc embléma,劫掠者徽章,zh-TW
Maruderzy,劫掠者,zh-TW
Master Yi,易大師,zh-TW
Masz Mój Łuk,吾弓效命於您,zh-TW
Mata-Gigantes,巨人殺手,zh-TW
Matador de Aluguel,契約殺手,zh-TW
Matrice,惡意程式矩陣,zh-TW
Matrice malware,惡意程式矩陣,zh-TW
Matriz de Malware,惡意程式矩陣,zh-TW
Matriz de malware,惡意程式矩陣,zh-TW
Matryca Wirusa,惡意程式矩陣,zh-TW
Mavi Güçlendirme,藍Buff,zh-TW
Max Build,頂裝,zh-TW
Maximale Ausrüstung,頂裝,zh-TW
May the Fours Be With You,願四之力與你同在,zh-TW
Mazzafrusto dell'Assaltatore,打手連枷,zh-TW
Maître Yi,易大師,zh-TW
Maîtrise de l'artisanat,精心製作,zh-TW
Maîtrise de l'épée de Yasuo,犽宿的迅雷之技,zh-TW
Mała Torba z Różnościami,小型禮包,zh-TW
"Małe, Ale Zabójcze",致命豆丁,zh-TW
Mech,機械戰甲,zh-TW
Mecha,機械戰甲,zh-TW
Mechanický urychlovač,發條加速器,zh-TW
Mechanikus gyorsító,發條加速器,zh-TW
Mechy,機械戰甲,zh-TW
Medaglione dei Solari di ferro,日輪的加冕,zh-TW
Medaglione diramante,支配寶匣,zh-TW
Medailon stimulace,支配寶匣,zh-TW
Medailónek železných Solari,日輪的加冕,zh-TW
Medalhão Enervante,支配寶匣,zh-TW
Medalhão dos Solari de Ferro,日輪的加冕,zh-TW
Medalion stimulant,支配寶匣,zh-TW
Medallón de los Solari,日輪的加冕,zh-TW
Medallón estimulante,支配寶匣,zh-TW
Mediator,仲裁者,zh-TW
Medyum,降靈師,zh-TW
Medyum Modu,降靈師模式,zh-TW
Meep Cực Tốc,米普終端速度,zh-TW
Meeple,米普星人,zh-TW
Meeple Emblem,米普星人徽章,zh-TW
Meeple-Emblem,米普星人徽章,zh-TW
Meeplo,米普星人,zh-TW
Meepsie,小米普,zh-TW
Megamecha,超能機甲,zh-TW
Megamorfosis,重整裝置,zh-TW
Megrontott vámpírjogar,詛咒吸血鬼權杖,zh-TW
Megszálló Zed,影忍煞星：劫,zh-TW
Megtorlás,復仇,zh-TW
Megváltó,救世主,zh-TW
Megéri a várakozást,值得等待,zh-TW
Megújult erő,回春,zh-TW
Meilleurs amis,一生摯友,zh-TW
Mejora Roja,紅Buff,zh-TW
Mejora azul,藍Buff,zh-TW
Mejora roja,紅Buff,zh-TW
Mejores Amigos,一生摯友,zh-TW
Mejores amiguis,一生摯友,zh-TW
Meka,機械戰甲,zh-TW
Mekanik Hızlandırıcı,發條加速器,zh-TW
Melek Asası,熾天使之杖,zh-TW
Melhores Amigos,一生摯友,zh-TW
Mellékhatások,副作用,zh-TW
Mending Echoes,治癒回音,zh-TW
Mente Despejada,思緒清晰,zh-TW
Mente Saturada,思緒雜亂,zh-TW
Mente Vazia,思緒清晰,zh-TW
Mente confusa,思緒雜亂,zh-TW
Mente despejada,思緒清晰,zh-TW
Mente lucida,思緒清晰,zh-TW
Mente saturada,思緒雜亂,zh-TW
Menší Zrcadlová osobnost,初級鏡像人格,zh-TW
Mercure,水銀兜帽,zh-TW
Mercúrio,水銀兜帽,zh-TW
Merită așteptarea,值得等待,zh-TW
Merkezini Bul,中堅自強,zh-TW
Merodeador,劫掠者,zh-TW
Merész húzás,高風險高報酬,zh-TW
Mesada,午餐錢,zh-TW
Messa in moto,加速開始,zh-TW
Mesterlövész,狙擊專家,zh-TW
Mesterlövész embléma,狙擊專家徽章,zh-TW
Meu Arco é Seu,吾弓效命於您,zh-TW
Meșter de săbii,劍匠,zh-TW
Meșter de toiege,杖匠,zh-TW
Mi arco a tu servicio,吾弓效命於您,zh-TW
Mici titani,小小大英雄,zh-TW
Mici și letale,致命豆丁,zh-TW
Micincik,小米普,zh-TW
Micingil,米普星人,zh-TW
Micingil Amblemi,米普星人徽章,zh-TW
Miecz-Pistolet Hextech,海克斯科技槍刃,zh-TW
Miecznik,劍匠,zh-TW
Mieczowy Przesyt,刀劍湧流,zh-TW
Miezul zorilor,破曉之核,zh-TW
Migliori amici,一生摯友,zh-TW
Migoczące Ostrze,閃刃,zh-TW
Milagre de Soraka,索拉卡的奇蹟,zh-TW
Milagro de Soraka,索拉卡的奇蹟,zh-TW
Milio,米里歐,zh-TW
Min-Max,最大最小化,zh-TW
Min-max,最大最小化,zh-TW
Mindent egyre,嘟嘟好,zh-TW
Mini Black Hole,迷你黑洞,zh-TW
Mini Buco nero,迷你黑洞,zh-TW
Mini Czarna Dziura,迷你黑洞,zh-TW
Mini Kara Delik,迷你黑洞,zh-TW
Mini Titani,小小大英雄,zh-TW
Mini fekete lyuk,迷你黑洞,zh-TW
Mini gaură neagră,迷你黑洞,zh-TW
Mini trou noir,迷你黑洞,zh-TW
Mini černá díra,迷你黑洞,zh-TW
Mini-Tacticien,迷你小英雄,zh-TW
Miniagujero Negro,迷你黑洞,zh-TW
Miniburaco Negro,迷你黑洞,zh-TW
Minik Ama Ölümcül,致命豆丁,zh-TW
Minik Devler,小小大英雄,zh-TW
Minik Dostlar,小小夥伴,zh-TW
Minititanes,小小大英雄,zh-TW
Minititã,迷你小英雄,zh-TW
Minte aglomerată,思緒雜亂,zh-TW
Minte limpede,思緒清晰,zh-TW
Mip,米普星人,zh-TW
Mipim,小米普,zh-TW
Miplík,米普星人,zh-TW
Mipo,米普星人,zh-TW
Mippino,小米普,zh-TW
Mipík,小米普,zh-TW
Mira Óptica,目標鎖定光學,zh-TW
Miracle de Soraka,索拉卡的奇蹟,zh-TW
Miracolo di Soraka,索拉卡的奇蹟,zh-TW
Miracolul Sorakăi,索拉卡的奇蹟,zh-TW
Mirrored Persona,鏡像人格,zh-TW
Misfits,怪咖集合,zh-TW
Misiune în acțiune,重新開始任務,zh-TW
Miss Fortune,好運姐,zh-TW
Missed Connections,就差你一個,zh-TW
Mistr Yi,易大師,zh-TW
Mitones,縮小手套,zh-TW
Mittens,縮小手套,zh-TW
Mniejsza Lustrzana Osobowość,初級鏡像人格,zh-TW
Mniejszy Tytan,迷你小英雄,zh-TW
Mobilidade Crescente,向上流動,zh-TW
Mobilità aumentata,向上流動,zh-TW
Mocný mech,超能機甲,zh-TW
Modalità Convogliatore,降靈師模式,zh-TW
Modalità replicante,復刻師模式,zh-TW
Modalità sfidante,極速快手模式,zh-TW
Mode Canalisateur,降靈師模式,zh-TW
Mode Challenger,極速快手模式,zh-TW
Mode Réplicateur,復刻師模式,zh-TW
Modo Canalizador,降靈師模式,zh-TW
Modo Conduíte,降靈師模式,zh-TW
Modo Desafiante,極速快手模式,zh-TW
Modo Replicador,復刻師模式,zh-TW
Modo Retador,極速快手模式,zh-TW
Modo conducto,降靈師模式,zh-TW
Modo contienda,極速快手模式,zh-TW
Modo réplica,復刻師模式,zh-TW
Modrý buff,藍Buff,zh-TW
Modul de competitor,極速快手模式,zh-TW
Modul de intermediar,降靈師模式,zh-TW
Modul de replicator,復刻師模式,zh-TW
Mon arc est vôtre,吾弓效命於您,zh-TW
Monetización Maligna,惡性經營,zh-TW
Monetización malvada,惡性經營,zh-TW
Monetizare ostilă,惡性經營,zh-TW
Monetização Maliciosa,惡性經營,zh-TW
Monetizzazione infida,惡性經營,zh-TW
Money Hungry,貪財,zh-TW
Money Monsoon,天外橫財,zh-TW
Monsoni sonanti,天外橫財,zh-TW
Monte um Amigo,開局新手包,zh-TW
Monzón Millonario,天外橫財,zh-TW
Monzón de oro,天外橫財,zh-TW
Monção Monetária,天外橫財,zh-TW
Monétisation malveillante,惡性經營,zh-TW
Mordekaiser,魔鬥凱薩,zh-TW
Morellonomicon,黑魔禁書,zh-TW
Morellonomicón,黑魔禁書,zh-TW
Morellonomikon,黑魔禁書,zh-TW
Morgana,魔甘娜,zh-TW
Mortaja de la quietud,均等法衣,zh-TW
Mosse rischiose,高風險高報酬,zh-TW
Moufles,縮小手套,zh-TW
Movimentos Arriscados,高風險高報酬,zh-TW
Mroczna Dama,闇翼魔女,zh-TW
Mroczne Gwiazdy,幽冥煞星,zh-TW
Mudando de Área,斜槓英雄,zh-TW
Muffole,縮小手套,zh-TW
Muhafızın Adağı,保衛者之誓,zh-TW
Muhteşem Meka,超能機甲,zh-TW
Muson de bani,天外橫財,zh-TW
Mutări riscante,高風險高報酬,zh-TW
Muñeco de Entrenamiento,訓練假人,zh-TW
Muñecos de Prueba para Choques,碰撞測試,zh-TW
Mučedníkova ctnost,烈士美德,zh-TW
Myślenie Przyszłościowe,超前部署,zh-TW
Mártírerény,烈士美德,zh-TW
Másolás,複製,zh-TW
Másoló,復刻師,zh-TW
Másoló mód,復刻師模式,zh-TW
Máy Móc,機械戰甲,zh-TW
Máš můj luk,吾弓效命於您,zh-TW
Mâna justiției,正義手套,zh-TW
Mão da Justiça,正義手套,zh-TW
Médaillon d'excitation,支配寶匣,zh-TW
Médaillon de l'Iron Solari,日輪的加冕,zh-TW
Mételyékkő,枯萎寶石,zh-TW
Mínimo - Máximo,最大最小化,zh-TW
Mínimo/Máximo,最大最小化,zh-TW
Mírně magický hod,一點點重抽魔法,zh-TW
Món Quà Ngọt Ngào,美味甜點,zh-TW
Móng Vuốt Sterak,史特拉克手套,zh-TW
Móng Vuốt Ám Muội,潛行者之爪,zh-TW
Mögen die Vier mit dir sein,願四之力與你同在,zh-TW
Mücevherli Eldiven,寶石手套,zh-TW
Mücevherli Nilüfer,珠光蓮花II,zh-TW
Müdafi,堡壘衛士,zh-TW
Müdafi Amblemi,堡壘衛士徽章,zh-TW
Mănușa Vidului,虛空武鬥場,zh-TW
Mănușa cu nestemate,寶石手套,zh-TW
Mănuși de antrenament,格鬥手套,zh-TW
Mănuși norocoase,好運手套,zh-TW
Mănuși strașnice,縮小手套,zh-TW
Mănușile tâlharului,竊賊手套,zh-TW
Mărimea contează,大小很重要,zh-TW
Mũ Phù Thủy Rabadon,死亡之帽,zh-TW
Mũ Thích Nghi,適性神盔,zh-TW
Mũ Tử Thần,致死之帽,zh-TW
"Một Bùa, Hai Bùa",一個Buff，兩個Buff,zh-TW
Một Hai Ba,一二三,zh-TW
"Một, Hai, Năm!",一、二、五！,zh-TW
Mở Lối,殺出血路,zh-TW
N.O.V.A,超新星,zh-TW
N.O.V.A.,超新星,zh-TW
N.O.V.A. Amblemi,超新星徽章,zh-TW
N.O.V.A. Emblem,超新星徽章,zh-TW
N.O.V.A. embléma,超新星徽章,zh-TW
N.O.V.A. 상징,超新星徽章,zh-TW
N.O.V.A.-Emblem,超新星徽章,zh-TW
N.O.V.A.の紋章,超新星徽章,zh-TW
N.O.V.A.徽章,超新星徽章,zh-TW
NHẮM MẮT CHƠI BỪA,不偵察不換陣容,zh-TW
NO SCOUT NO PIVOT,不偵察不換陣容,zh-TW
Na velikosti záleží,大小很重要,zh-TW
Nach dem Himmel greifen,伸手摘星,zh-TW
Nada Się,死得有價值I,zh-TW
Nagy zsákbamacska,大禮包,zh-TW
Nagy ölelés I.,大家來抱抱,zh-TW
Najdi své těžiště,中堅自強,zh-TW
Najeźdźca Zed,影忍煞星：劫,zh-TW
Najlepsi Przyjaciele,一生摯友,zh-TW
Nami,娜米,zh-TW
Nanh Nashor,納什之牙,zh-TW
Naptűz köpeny,日炎斗篷,zh-TW
Naptűz tábla,日炎燎原,zh-TW
Naramiennik Poszukiwacza,探索者護腕,zh-TW
Narozeninové setkání,生日團聚,zh-TW
Narratív védelem,主角威能,zh-TW
Narušitel Zed,影忍煞星：劫,zh-TW
Nashor foga,納什之牙,zh-TW
Nashor's Tooth,納什之牙,zh-TW
Nashor'un Dişi,納什之牙,zh-TW
Nashors Zahn,納什之牙,zh-TW
Nashorův tesák,納什之牙,zh-TW
Nasus,納瑟斯,zh-TW
Naszyjnik Żelaznych Solari,日輪的加冕,zh-TW
Nawałnica Luden,盧登驟雨,zh-TW
Ne Pahasına?,不惜代價,zh-TW
Nebenwirkungen,副作用,zh-TW
Needlessly Large Rod,巨型魔棒,zh-TW
Negatron Cloak,負極斗篷,zh-TW
Negatron Pelerini,負極斗篷,zh-TW
Negatron palást,負極斗篷,zh-TW
Negatron-Mantel,負極斗篷,zh-TW
Negatronový plášť,負極斗篷,zh-TW
Nehéz a korona,沉重王冠,zh-TW
Nejlepší přátelé,一生摯友,zh-TW
Nejtitěrnější titán,迷你小英雄,zh-TW
Nekonečné zoufalství,無盡絕望,zh-TW
Nenasytnost,貪財,zh-TW
Neodvolatelná volba,強力投入,zh-TW
Neopotřebovaný,再造神兵,zh-TW
Neue Stufe!,升級！,zh-TW
Neuer Rekrut,招兵買馬,zh-TW
Nevybíravý zabiják,無差別屠殺,zh-TW
New Recruit,招兵買馬,zh-TW
Nezdolný,生存專家,zh-TW
Nezdolný,不屈鬥魂,zh-TW
Nezlomné srdce,堅定之心,zh-TW
Neînduplecare,不屈鬥魂,zh-TW
Nghĩ Về Tương Lai,超前部署,zh-TW
Người Bạn Vàng,打造夥伴,zh-TW
Người Đá,魔像,zh-TW
Ngọn Giáo Shojin,精進之矛,zh-TW
Ngọn Gió Thứ Hai,回春,zh-TW
Nhà Máy Tái Chế,回收再利用,zh-TW
Nhân Bản,復刻師,zh-TW
Nhân Bản,複製,zh-TW
Nhất Thống,並肩作戰,zh-TW
Nhỏ Mà Có Võ,致命豆丁,zh-TW
Những Người Bạn Nhỏ,小小夥伴,zh-TW
Nicht nachlassen,堅守前線,zh-TW
Niebieskie Wzmocnienie,藍Buff,zh-TW
Niech Czwórki Będą z Tobą,願四之力與你同在,zh-TW
Nieprzerwane Przywołanie,連續施法,zh-TW
Nieskończona Rozpacz,無盡絕望,zh-TW
Niezłomne Serce,堅定之心,zh-TW
Niezłomność,不屈鬥魂,zh-TW
Niveau supérieur !,升級！,zh-TW
Niveles en solitario,獨自升等,zh-TW
Nivelul următor!,升級！,zh-TW
Ničitel času,時間破壞者,zh-TW
Nişancı Yayı,反曲弓,zh-TW
No nos Separamos,攜手同行,zh-TW
Non proprio inutile,死得有價值I,zh-TW
Nos mantenemos unidos,攜手同行,zh-TW
Notfallbögen,備用弓箭,zh-TW
Nouveau départ,重新開始任務,zh-TW
Nouvelle recrue,招兵買馬,zh-TW
Nouzová,智慧末刃,zh-TW
Novo Nível!,升級！,zh-TW
Novo Recruta,招兵買馬,zh-TW
Novo de Fábrica,再造神兵,zh-TW
Nová úroveň!,升級！,zh-TW
Nový rekrut,招兵買馬,zh-TW
Nowy Rekrut,招兵買馬,zh-TW
Nucleo dell'alba,破曉之核,zh-TW
Nuevecito,再造神兵,zh-TW
Nuevo Recluta,招兵買馬,zh-TW
Nuevo de Fábrica,再造神兵,zh-TW
Nuevo recluta,招兵買馬,zh-TW
Nunu & Willump,努努和威朗普,zh-TW
Nunu a Willump,努努和威朗普,zh-TW
Nunu e Willump,努努和威朗普,zh-TW
Nunu et Willump,努努和威朗普,zh-TW
Nunu i Willump,努努和威朗普,zh-TW
Nunu ve Willump,努努和威朗普,zh-TW
Nunu y Willump,努努和威朗普,zh-TW
Nunu és Willump,努努和威朗普,zh-TW
Nunu și Willump,努努和威朗普,zh-TW
Nuova recluta,招兵買馬,zh-TW
Nuovo di zecca,再造神兵,zh-TW
NÃO PIVOTO,不偵察不換陣容,zh-TW
NÉ ESPLORATORE NÉ STRATEGA,不偵察不換陣容,zh-TW
Nájemný zabiják,契約殺手,zh-TW
Nákupní horečka,買不手軟,zh-TW
Nálož atributů!,能力值大補包,zh-TW
Nástup,陣容,zh-TW
Nâng Tầm Uy Lực,增幅之力,zh-TW
Négységben az erő,四重援軍,zh-TW
Núcleo Comercial,貿易核心,zh-TW
Núcleo comercial,貿易核心,zh-TW
Núcleo de Negócios,貿易核心,zh-TW
Născut înțelept,金湯匙,zh-TW
Nước Cappa,帽帽果汁,zh-TW
Nước Mắt Nữ Thần,女神之淚,zh-TW
Nước Đi Liều Lĩnh,高風險高報酬,zh-TW
Nếm Mùi Lửa,熊熊火勢,zh-TW
Nỏ Sét,離子星火,zh-TW
O Big Bang,大霹靂星系,zh-TW
O Ovo Dourado,黃金蛋,zh-TW
O aventură triumfătoare,非凡冒險,zh-TW
Obchodní sektor,交易之星,zh-TW
Obiectele Pandorei,潘朵拉的道具,zh-TW
Objetivización de práctica,鈍化,zh-TW
Objetivo de práctica,訓練假人,zh-TW
Objetos de Pandora,潘朵拉的道具,zh-TW
Objets blindés,美味甜點,zh-TW
Objets de Pandore,潘朵拉的道具,zh-TW
Oblicze Ducha,振奮盔甲,zh-TW
Obracečka,鍋鏟,zh-TW
Obrońca Korony,皇冠守衛,zh-TW
Obrońcy,先鋒戰士,zh-TW
Obrův opasek,巨人腰帶,zh-TW
Obserwatorzy Gwiazd,占星師,zh-TW
Obsesia lui Varus,法洛士的執念,zh-TW
Obsesión de Varus,法洛士的執念,zh-TW
Obsesja Varusa,法洛士的執念,zh-TW
Obsession de Varus,法洛士的執念,zh-TW
Obsessão de Varus,法洛士的執念,zh-TW
Obstinación,不偵察不換陣容,zh-TW
Obstination,不偵察不換陣容,zh-TW
Obumarły Relikt,凋零聖物,zh-TW
Obyczajówka,循序漸進,zh-TW
Ocalały,生存專家,zh-TW
Ocağı Harla,潛在火爐,zh-TW
Ochrana nekonečna,無限守護,zh-TW
Ochranný val,星界壁壘,zh-TW
Ochrona Nieskończoności,無限守護,zh-TW
Ochráncův slib,保衛者之誓,zh-TW
Ociosidade,強制中離,zh-TW
Oczekiwane Nieoczekiwanie,預料中的意外,zh-TW
Océan de larmes,淚如泉湧,zh-TW
Odaklı Ateş,集中火力,zh-TW
Odkupiciel,救世主,zh-TW
Odkupienie,復仇,zh-TW
Odnajdź Równowagę,中堅自強,zh-TW
Odolná dvojka,坦度雙倍,zh-TW
Odpadlík,神影刺客,zh-TW
Odplata,復仇,zh-TW
Odražení ode dna,逆轉佳話,zh-TW
Odrzutki,怪咖集合,zh-TW
Odstřelovač,狙擊專家,zh-TW
Odświeżanie na Zapas,抽好抽滿I,zh-TW
Oferenda de Sangue,血祭,zh-TW
Offrande sanguinaire,血祭,zh-TW
Ofiara z Krwi,血祭,zh-TW
Ofrandă de sânge,血祭,zh-TW
Ofrenda de Sangre,血祭,zh-TW
Ofrenda de sangre,血祭,zh-TW
Oggetti di Pandora,潘朵拉的道具,zh-TW
Ognista Armata,衝擊火炮,zh-TW
Ohnivý výprodej,跳樓大拍賣,zh-TW
Okos költekezés,精打細算,zh-TW
On a Roll,鴻運當頭,zh-TW
Onda Espacial,太空律動,zh-TW
Onda espacial,太空律動,zh-TW
"One Buff, Two Buff",一個Buff，兩個Buff,zh-TW
One Two Three,一二三,zh-TW
"One, Two, Five!",一、二、五！,zh-TW
Onoarea războinicului,戰國軍閥之榮耀,zh-TW
Opatrovníkův spojenec,守望者之友,zh-TW
Oprýskaná relikvie,凋零聖物,zh-TW
Optică de fixare a țintei,目標鎖定光學,zh-TW
Optimisation optimisée,增幅之力,zh-TW
Optique de verrouillage,目標鎖定光學,zh-TW
Optyka Namierzająca,目標鎖定光學,zh-TW
Optymalnie,最大最小化,zh-TW
Opóźniona Kuźnia,潛在火爐,zh-TW
Oracle,神諭,zh-TW
Oracol,神諭,zh-TW
Oracolo,神諭,zh-TW
Orakel,神諭,zh-TW
Orbes Curativos,治療靈球,zh-TW
Orbes curativos,治療靈球,zh-TW
Orbes de curación,治療靈球,zh-TW
Orbes de soins,治療靈球,zh-TW
Ornn,鄂爾,zh-TW
Oráculo,神諭,zh-TW
Osiłki,武鬥家,zh-TW
Ossessione di Varus,法洛士的執念,zh-TW
Ostatni Szept,最後耳語,zh-TW
Ostnatá vesta,刺藤胸甲,zh-TW
Ostoja,星界壁壘,zh-TW
Ostrze Gniewu Guinsoo,鬼索的狂暴之刃,zh-TW
Ostrze Nieskończoności,無盡之刃,zh-TW
Ostrze Nocy,夜色緣界,zh-TW
Ostrze Śmierci,死神之刃,zh-TW
Ostří nekonečna,無盡之刃,zh-TW
Otimização,最大最小化,zh-TW
Otisk duše,振奮盔甲,zh-TW
Ottica a puntamento assistito,目標鎖定光學,zh-TW
Oul de aur,黃金蛋,zh-TW
Očekávaná neočekávanost,預料中的意外,zh-TW
Oštěp Šódžinu,精進之矛,zh-TW
Oțel aurit,不破金鋼,zh-TW
P'tits titans,小小大英雄,zh-TW
Pacchetto di aiuti,物資箱,zh-TW
Pachet de amplificare,強化包,zh-TW
Pachet de îngrijire,物資箱,zh-TW
Paciencia de Ekko,艾克的耐心,zh-TW
Paciência de Ekko,艾克的耐心,zh-TW
Pacote de Reforço,強化包,zh-TW
Pacote de Suprimentos,物資箱,zh-TW
Pact etern,永恆契約,zh-TW
Pacte éternel,永恆契約,zh-TW
Pacto Eterno,永恆契約,zh-TW
Pacto eterno,永恆契約,zh-TW
Paczka Wsparcia,物資箱,zh-TW
Padella,平底鍋,zh-TW
Paff!,一棒入魂！,zh-TW
Palier 1,就差你一個,zh-TW
Palčáky,縮小手套,zh-TW
Panca di Pandora,潘朵拉的備戰區,zh-TW
Panda de ladrones,神偷軍團,zh-TW
Panda de ladrones II,神偷軍團 II,zh-TW
Pandora kispadja,潘朵拉的備戰區,zh-TW
Pandora tárgyai II.,潘朵拉的道具,zh-TW
Pandora'nın Eşyaları,潘朵拉的道具,zh-TW
Pandora'nın Yedekleri,潘朵拉的備戰區,zh-TW
Pandora's Bench,潘朵拉的備戰區,zh-TW
Pandora's Items,潘朵拉的道具,zh-TW
Pandoras Bank,潘朵拉的備戰區,zh-TW
Pandoras Gegenstände,潘朵拉的道具,zh-TW
Pandořina střídačka,潘朵拉的備戰區,zh-TW
Pandořiny předměty,潘朵拉的道具,zh-TW
Pantheon,潘森,zh-TW
Panzerwalküre,重槍女武神,zh-TW
Paquete de Cuidados,物資箱,zh-TW
Paquete de Mejora,強化包,zh-TW
Paquete de mejora,強化包,zh-TW
Par ici l'XP,金湯匙,zh-TW
Parabraccia del cercatore,探索者護腕,zh-TW
Paragöz,貪財,zh-TW
Parancsnok,指揮官,zh-TW
Parceria,人多好辦事,zh-TW
Pariu de aur,黃金豪賭,zh-TW
Pariu pe viitor,長久之計,zh-TW
Pariul lui Urf,阿福奇兵,zh-TW
Parlakpul Özü,微光龍鱗精粹,zh-TW
Partage emblématique,攜手同行,zh-TW
Parti Patisi,派對咖,zh-TW
Partial Ascension,不完全飛昇,zh-TW
Partiállat,派對咖,zh-TW
Party Animal,派對咖,zh-TW
Partytiger,派對咖,zh-TW
Pas Giganta,巨人腰帶,zh-TW
Pas le choix,不惜代價,zh-TW
Pasowy Przesyt,腰帶多多,zh-TW
Pasterze,星靈牧者,zh-TW
Pastor,星靈牧者,zh-TW
Pastore,星靈牧者,zh-TW
Pastýř,星靈牧者,zh-TW
Patelnia,平底鍋,zh-TW
Patience,營造氣場,zh-TW
Patience d'Ekko,艾克的耐心,zh-TW
Patience is a Virtue,耐心是美德,zh-TW
Patient Study,耐心學習,zh-TW
Patientenstudie,耐心學習,zh-TW
Patru de partea ta,願四之力與你同在,zh-TW
Patto eterno,永恆契約,zh-TW
Pavois,星界壁壘,zh-TW
Pazienza di Ekko,艾克的耐心,zh-TW
Pařmen,派對咖,zh-TW
Pe val,鴻運當頭,zh-TW
Pedeapsă,復仇,zh-TW
Pegno di Sterak,史特拉克手套,zh-TW
Pegno di sangue,血償,zh-TW
Peleador,武鬥家,zh-TW
Peleryna Taktyka,棋手披風,zh-TW
Pensamiento progresista,超前部署,zh-TW
Pensando no Futuro,超前部署,zh-TW
Pensar a Futuro,超前部署,zh-TW
Peníze na oběd,午餐錢,zh-TW
"Pequenas, Mas Letais",致命豆丁,zh-TW
Pequenos Titãs,小小大英雄,zh-TW
Pequeño Titán,迷你小英雄,zh-TW
Pequeño pero mortífero,致命豆丁,zh-TW
Pequeños pero matones,致命豆丁,zh-TW
Perdición del liche,巫妖之禍,zh-TW
Perdite calcolate,這次戰敗也在計算之中,zh-TW
Perdição de Lich,巫妖之禍,zh-TW
Pergamino ligeramente mágico,一點點重抽魔法,zh-TW
Pergamino mágico,魔法擲骰,zh-TW
Persona Espelhada,鏡像人格,zh-TW
Persona Espelhada Inferior,初級鏡像人格,zh-TW
Persona en Espejo,鏡像人格,zh-TW
Persona en Espejo menor,初級鏡像人格,zh-TW
Personalitate în oglindă,鏡像人格,zh-TW
Personalitate în oglindă minoră,初級鏡像人格,zh-TW
Personalità speculare,鏡像人格,zh-TW
Personalità speculare minore,初級鏡像人格,zh-TW
Personalización exclusiva,量身訂做,zh-TW
Personalizare exclusivă,量身訂做,zh-TW
Personalização Exclusiva,量身訂做,zh-TW
Personalizzazione esclusiva,量身訂做,zh-TW
Personnalité miroir,鏡像人格,zh-TW
Personnalité miroir mineure,初級鏡像人格,zh-TW
Perszónatükör,鏡像人格,zh-TW
Pesada es la Corona,沉重王冠,zh-TW
Pesada é a Coroa,沉重王冠,zh-TW
Pesante è la corona,沉重王冠,zh-TW
Pescando cumplidos,營造氣場,zh-TW
Pesimist,厄運使者,zh-TW
Pestjuwel,枯萎寶石,zh-TW
Pestrá sebranka,怪咖集合,zh-TW
Petit sac de butin,小型禮包,zh-TW
Petits mais costauds,致命豆丁,zh-TW
Petrecăreț,派對咖,zh-TW
Pevná linie,堅守前線,zh-TW
Pevné opasky,腰帶多多,zh-TW
Pečlivé ladění,最大最小化,zh-TW
Pfannenwender,鍋鏟,zh-TW
Phi Vụ Trang Bị,組件強盜,zh-TW
Phong Kiếm,西風匕首,zh-TW
Pháo Xương Cá,惡鯊火箭,zh-TW
Phân Nhánh,斜槓英雄,zh-TW
Phép Màu Của Soraka,索拉卡的奇蹟,zh-TW
Phóng Hỏa,日炎燎原,zh-TW
Phản Ứng Phụ,副作用,zh-TW
"Piccole, ma letali",致命豆丁,zh-TW
Piccoli alleati,小小夥伴,zh-TW
Piekielny Toporek,獄火手斧,zh-TW
Pieniążki na Obiad,午餐錢,zh-TW
Pierdere calculată,這次戰敗也在計算之中,zh-TW
Pile ou face,黃金豪賭,zh-TW
Pilfer,盜取,zh-TW
Pillín radiante,聖光無賴,zh-TW
Pioggia di statistiche!,能力值大補包,zh-TW
Pistola Laminar Hextec,海克斯科技槍刃,zh-TW
Pistola a lame hextech,海克斯科技槍刃,zh-TW
Pistolame Hextech,海克斯科技槍刃,zh-TW
Pisztolyistennő,重槍女武神,zh-TW
Placa Gargolítica,石像鬼磐核,zh-TW
Placa Solo,單人磐核,zh-TW
Plan de viitor,超前部署,zh-TW
Plancia del Sole,日炎燎原,zh-TW
Planlı Mağlubiyet,這次戰敗也在計算之中,zh-TW
Plano de Línea Trasera,後排藍圖,zh-TW
Plano de retaguardia,後排藍圖,zh-TW
Plateau solaire,日炎燎原,zh-TW
Platoșa garguiului,石像鬼磐核,zh-TW
Platoșă unică,單人磐核,zh-TW
Plecat de la tastatură,強制中離,zh-TW
Plemienna Zbroja,好戰者鎧甲,zh-TW
Plocha slunečního žáru,日炎燎原,zh-TW
Plot Armor,主角威能,zh-TW
Pluie d'argent,天外橫財,zh-TW
Plán pro zadní řadu,後排藍圖,zh-TW
Plášť slunečního žáru,日炎斗篷,zh-TW
Po Prostu Traf,嘟嘟好,zh-TW
Pocalul puterii,力量聖杯,zh-TW
Podatek Poznawczy,智商稅,zh-TW
Podejrzany Płaszcz,可疑風衣,zh-TW
Poder Aprimorado,增幅之力,zh-TW
Poder Mejorado,增幅之力,zh-TW
Poder mejorado,增幅之力,zh-TW
Poderoso Mech,超能機甲,zh-TW
Podezřelý pršiplášť,可疑風衣,zh-TW
Podpůrný implantát,共感植入,zh-TW
Podróżnicy,星際旅人,zh-TW
Podstawy Boksu,拳擊訓練,zh-TW
Podsycenie Płomieni,熊熊火勢,zh-TW
Podwójna Wytrzymałość,坦度雙倍,zh-TW
Podziel Się Uwagą Yasuo,犽宿之共享光采,zh-TW
Pofuduk Eldiven,縮小手套,zh-TW
Pogromca Olbrzymów,巨人殺手,zh-TW
Pohodový život,循序漸進,zh-TW
Pohár moci,力量聖杯,zh-TW
Poignard de Statikk,史提克彈簧刀,zh-TW
Poiscaille,惡鯊火箭,zh-TW
Pojemnik na Złom,回收再利用,zh-TW
Pokoli csatabárd,獄火手斧,zh-TW
Pokročilá půjčka,進階貸款,zh-TW
Polovodič,半導體,zh-TW
Polowanie na Skarb,尋寶遊戲,zh-TW
Poppy,波比,zh-TW
Porcelanowe Działo,玻璃大砲I,zh-TW
Pornire rapidă,加速開始,zh-TW
Porque yo lo valgo,死得有價值I,zh-TW
Portable Forge,攜帶型打鐵舖,zh-TW
Portail de Zz'Rot,虛空之門,zh-TW
Portal Zz'Rot,虛空之門,zh-TW
Portal Zz'rot,虛空之門,zh-TW
Portal de Zz'Rot,虛空之門,zh-TW
Portale Zz'Rot,虛空之門,zh-TW
Portál Zz'Rotu,虛空之門,zh-TW
Posición defensiva,堅守前線,zh-TW
Posilovací balíček,強化包,zh-TW
Poslední zašeptání,最後耳語,zh-TW
Postav si kámoše,開局新手包,zh-TW
Posępny Herold Zeke'a,錫柯的悲鳴號角,zh-TW
Potere dell'Impianto,增幅之力,zh-TW
Potok slz,淚如泉湧,zh-TW
Potężny Mech,超能機甲,zh-TW
Poutník,星際旅人,zh-TW
Povara coroanei,沉重王冠,zh-TW
Povestea revenirii,逆轉佳話,zh-TW
Pozlacená ocel,不破金鋼,zh-TW
Poznawcze Przeciążenie,認知超載,zh-TW
Poznaș radiant,聖光無賴,zh-TW
Pozłacana Stal,不破金鋼,zh-TW
Poêle à frire,平底鍋,zh-TW
Požehnaný bohy,神寵者,zh-TW
Prapůvodní,遠古霸者,zh-TW
Precio Sangriento,血償,zh-TW
Precio sangriento,血償,zh-TW
Precisión infalible,視界專注,zh-TW
Predone,劫掠者,zh-TW
Preiskämpfer,拳擊選手,zh-TW
Première ligne,陣容,zh-TW
Presente de Aniversário,生日禮物,zh-TW
Preservador de Biomateria,生物材料保存,zh-TW
Preservador de Biomatéria,生物材料保存,zh-TW
Preservador de biomateria,生物材料保存,zh-TW
Pretendenci,極速快手,zh-TW
Prevalere,脫穎而出,zh-TW
Prezent Urodzinowy,生日禮物,zh-TW
Preço em Sangue,血償,zh-TW
Prețul sângelui,血償,zh-TW
Prieteni micuți,小小夥伴,zh-TW
Primeras Lecciones,早期教育,zh-TW
Primi insegnamenti,早期教育,zh-TW
Primordia'lı,遠古霸者,zh-TW
Primordia'lı Amblemi,遠古霸者徽章,zh-TW
Primordiai,遠古霸者,zh-TW
Primordiai embléma,遠古霸者徽章,zh-TW
Primordian,遠古霸者,zh-TW
Primordian Emblem,遠古霸者徽章,zh-TW
Primordianer,遠古霸者,zh-TW
Primordianer-Emblem,遠古霸者徽章,zh-TW
Primordianie,遠古霸者,zh-TW
Primordiano,遠古霸者,zh-TW
Primordien,遠古霸者,zh-TW
Prismatic Ticket,稜鏡票券,zh-TW
Prismatisches Ticket,稜鏡票券,zh-TW
Prizefighter,拳擊選手,zh-TW
Prizmatik Bilet,稜鏡票券,zh-TW
Proaspăt fabricat,再造神兵,zh-TW
Probuzení duše,魂力覺醒,zh-TW
Progresión en el juego tardío,大器晚成,zh-TW
Progresión final,大器晚成,zh-TW
Projeto da Retaguarda,後排藍圖,zh-TW
Prokletá koruna,詛咒之冠,zh-TW
Prokleté ostří,詛咒之刃,zh-TW
Promesa de caballero,騎士誓願,zh-TW
Promesa del Caballero,騎士誓願,zh-TW
Promesa del protector,保衛者之誓,zh-TW
Promoção de Cintos,腰帶多多,zh-TW
Promoção de Espadas,刀劍湧流,zh-TW
Promoção de Varinhas,魔杖湧流,zh-TW
Promyšlená prohra,這次戰敗也在計算之中,zh-TW
Prosekání cesty,殺出血路,zh-TW
Prostředník,降靈師,zh-TW
Protagonista Nigdy Nie Umiera,主角威能,zh-TW
Protección del Infinito,無限守護,zh-TW
Protección en solitario,單人磐核,zh-TW
Protección infinita,無限守護,zh-TW
Protection infinie,無限守護,zh-TW
Protector pétreo de gárgola,石像鬼磐核,zh-TW
Protector's Vow,保衛者之誓,zh-TW
Protecția infinitului,無限守護,zh-TW
Protecție universală,主角威能,zh-TW
Protezione di trama,主角威能,zh-TW
Protezione infinita,無限守護,zh-TW
Proteção Imutável,均等法衣,zh-TW
Proteção do Infinito,無限守護,zh-TW
Protège-bras du savant,探索者護腕,zh-TW
Provisiones,物資箱,zh-TW
Provizorní zbroj,臨時戰甲,zh-TW
Prowler's Claw,潛行者之爪,zh-TW
Prozíravost,超前部署,zh-TW
Pryzmatyczny Bilet,稜鏡票券,zh-TW
Przebudzenie Duszy,魂力覺醒,zh-TW
Przedmioty Pandory,潘朵拉的道具,zh-TW
Przekaźnik,降靈師,zh-TW
Przeklęta Korona,詛咒之冠,zh-TW
Przeklęte Ostrze,詛咒之刃,zh-TW
Przeniesienie Ładunku,電荷轉移,zh-TW
Przenośna Kuźnia,攜帶型打鐵舖,zh-TW
Przodownicy Składu,陣容,zh-TW
Przysięga Rycerska,騎士誓願,zh-TW
Préstamo Anticipado,進階貸款,zh-TW
Préstamo avanzado,進階貸款,zh-TW
Prêt anticipé,進階貸款,zh-TW
Prędkość Meepa,米普終端速度,zh-TW
Psionic,靈能使,zh-TW
Psionic Emblem,靈能使徽章,zh-TW
Psionico,靈能使,zh-TW
Psioniczni,靈能使,zh-TW
Psionik,靈能使,zh-TW
Psionik Amblemi,靈能使徽章,zh-TW
Psionique,靈能使,zh-TW
Psionisch,靈能使,zh-TW
Psionisch-Emblem,靈能使徽章,zh-TW
Psiónico,靈能使,zh-TW
Psiônico,靈能使,zh-TW
Pszionikus,靈能使,zh-TW
Pszionikus embléma,靈能使徽章,zh-TW
Puchar Potęgi,力量聖杯,zh-TW
Pugnale di Statikk,史提克彈簧刀,zh-TW
Puissance 4,四重援軍,zh-TW
Pulsar sombre,幽冥煞星,zh-TW
Punguța lui Urf,阿福大禮包,zh-TW
Punguță cu obiecte surpriză,道具組合包I,zh-TW
Punguță eroică,英雄禮包,zh-TW
Punguță mare,大禮包,zh-TW
Punguță mică,小型禮包,zh-TW
Puppifizierung,鈍化,zh-TW
Putere augmentată,增幅之力,zh-TW
"Puternic, dar fragil",玻璃大砲I,zh-TW
Puñal de Statikk,史提克彈簧刀,zh-TW
Pușcă cu baionetă hextech,海克斯科技槍刃,zh-TW
Pyke,派克,zh-TW
Pálcaszállítmány,魔杖湧流,zh-TW
Páros várólista,雙排,zh-TW
Pásztor,星靈牧者,zh-TW
Pásztor embléma,星靈牧者徽章,zh-TW
Pénzes persely,儲蓄帳戶,zh-TW
Pénzmonszun,天外橫財,zh-TW
Pénzéhes,貪財,zh-TW
Pérdida Calculada,這次戰敗也在計算之中,zh-TW
Pérdida calculada,這次戰敗也在計算之中,zh-TW
Pícaro,神影刺客,zh-TW
Półprzewodnik,半導體,zh-TW
Pălăria malefică a lui Rabadon,死亡之帽,zh-TW
Pălării mai letale,致死之帽,zh-TW
Păpușa din umbră,影子木偶,zh-TW
Păstor,星靈牧者,zh-TW
Pěstnice Prázdnoty,虛空武鬥場,zh-TW
Płaszcz Negacji,負極斗篷,zh-TW
Płynące Łzy,淚光閃閃,zh-TW
Přebytek holí,魔杖湧流,zh-TW
Přebytek mečů,刀劍湧流,zh-TW
Předplacená služba,訂閱服務,zh-TW
Předvoj,先鋒戰士,zh-TW
Přelom noci,夜色緣界,zh-TW
Přenos náboje,電荷轉移,zh-TW
Přenosná kovárna,攜帶型打鐵舖,zh-TW
Přizpůsobivá přilba,適性神盔,zh-TW
Přízračná šavle,鬼使彎刀,zh-TW
Quang Lân Tiểu Yêu,聖光無賴,zh-TW
Quatre cents coups,願四之力與你同在,zh-TW
Quay Trúng Thưởng,一點點重抽魔法,zh-TW
Que los Cuatros te Acompañen,願四之力與你同在,zh-TW
Que los cuatros te acompañen,願四之力與你同在,zh-TW
Que os Quatros Estejam com Você,願四之力與你同在,zh-TW
Quecksilber,水銀兜帽,zh-TW
Quem Espera Sempre Alcança,耐心是美德,zh-TW
Question de taille,大小很重要,zh-TW
Quicksilver,水銀兜帽,zh-TW
Quyền Năng Khổng Lồ,泰坦的決意,zh-TW
Quyền Trượng Thiên Thần,大天使之杖,zh-TW
Quyền Trượng Thánh Quang,烈士美德,zh-TW
Quà Sinh Nhật,生日禮物,zh-TW
Quá Tải Tư Duy,認知超載,zh-TW
Quân Đoàn 3 Sao,「三」之軍團,zh-TW
Quỷ Thư Morello,黑魔禁書,zh-TW
Quỹ Phòng Hộ,避險基金,zh-TW
Rabadon halálsüvege,死亡之帽,zh-TW
Rabadon's Deathcap,死亡之帽,zh-TW
Rabadon'un Şapkası,死亡之帽,zh-TW
Rabadons Todeshaube,死亡之帽,zh-TW
Rabadonův smrtící klobouk,死亡之帽,zh-TW
Raccolta differenziata,回收再利用,zh-TW
Radiant Rascal,聖光無賴,zh-TW
Radici diffuse,荊棘蔓延,zh-TW
Raffinierte Herstellung,精心製作,zh-TW
Rakeťák,惡鯊火箭,zh-TW
Ramificación,斜槓英雄,zh-TW
Ramificare,斜槓英雄,zh-TW
Ramię w Ramię,攜手同行,zh-TW
Rammus,拉姆斯,zh-TW
Rapid Firecannon,衝擊火炮,zh-TW
Rappresaglia,復仇,zh-TW
Rasga-tempo,時間破壞者,zh-TW
Raufbold,武鬥家,zh-TW
Raufbold-Emblem,武鬥家徽章,zh-TW
Ravitaillement,物資箱,zh-TW
"Raz, Dwa, Pięć!",一、二、五！,zh-TW
"Raz, Dwa, Trzy",一二三,zh-TW
"Raz, dva, pět!",一、二、五！,zh-TW
Raíces Propagadoras,荊棘蔓延,zh-TW
Raíces expansivas,荊棘蔓延,zh-TW
Raízes Alastradas,荊棘蔓延,zh-TW
Rdzeń Handlu,貿易核心,zh-TW
Rdzeń Świtu,破曉之核,zh-TW
Reach for the Stars,伸手摘星,zh-TW
Rebel,神影刺客,zh-TW
Rebelle,神影刺客,zh-TW
Recombobulador,重整裝置,zh-TW
Recombobulateur,重整裝置,zh-TW
Recombobulator,重整裝置,zh-TW
Recomeçar Missão,重新開始任務,zh-TW
Recomeço Cósmico,宇宙重啟,zh-TW
Recrut nou,招兵買馬,zh-TW
Recursos de Ferro,鋼鐵素材,zh-TW
Recursos de Hierro,鋼鐵素材,zh-TW
Recursos de hierro,鋼鐵素材,zh-TW
Recurve Bow,反曲弓,zh-TW
Recyclingtonne,回收再利用,zh-TW
Recyklátor,回收再利用,zh-TW
Red Buff,紅Buff,zh-TW
Redeemer,救世主,zh-TW
Redentor,救世主,zh-TW
Redentora,救世主,zh-TW
Redentore,救世主,zh-TW
Reducere fulger,跳樓大拍賣,zh-TW
Reflexní luk,反曲弓,zh-TW
Reflexíj,反曲弓,zh-TW
Regalo de cumpleaños,生日禮物,zh-TW
Regalo di compleanno,生日禮物,zh-TW
Regiaguardia,皇冠守衛,zh-TW
ReinFOURcement,四重援軍,zh-TW
Reiniciar Misión,重新開始任務,zh-TW
Reinicio Cósmico,宇宙重啟,zh-TW
Reinicio cósmico,宇宙重啟,zh-TW
Reinicio de misión,重新開始任務,zh-TW
Rek'Sai,雷珂煞,zh-TW
Rekombinator,重整裝置,zh-TW
Rekombobulator,重整裝置,zh-TW
Rekombobulátor,重整裝置,zh-TW
Rekursivbogen,反曲弓,zh-TW
Relances régulières,貿易核心,zh-TW
Relances épiques,史詩重抽,zh-TW
Relances étoilées,鴻運當頭,zh-TW
Relato de un regreso,逆轉佳話,zh-TW
Relicario Enervante,支配寶匣,zh-TW
Relicario de los Solari de Hierro,日輪的加冕,zh-TW
Relicva ofilită,凋零聖物,zh-TW
Relique flétrie,凋零聖物,zh-TW
Reliquia Marchita,凋零聖物,zh-TW
Reliquia appassita,凋零聖物,zh-TW
Reliquia marchita,凋零聖物,zh-TW
Relíquia Definhada,凋零聖物,zh-TW
Rendelkezz az íjammal,吾弓效命於您,zh-TW
Repaire du baron,巴龍巢穴,zh-TW
Replica,複製,zh-TW
Replicador,復刻師,zh-TW
Replicante,復刻師,zh-TW
Replication,複製,zh-TW
Replicator,復刻師,zh-TW
Replicator Mode,復刻師模式,zh-TW
Replicação,複製,zh-TW
Replikace,複製,zh-TW
Replikacja,複製,zh-TW
Replikacı,復刻師,zh-TW
Replikacı Modu,復刻師模式,zh-TW
Replikator,復刻師,zh-TW
Replikator-Modus,復刻師模式,zh-TW
Replikatorzy,復刻師,zh-TW
Replikační režim,復刻師模式,zh-TW
Replikátor,復刻師,zh-TW
Repornire cosmică,宇宙重啟,zh-TW
Reproducere,複製,zh-TW
Rerroleo Épico,史詩重抽,zh-TW
Reserva de Pandora,潘朵拉的備戰區,zh-TW
Resolución titánica,泰坦的決意,zh-TW
Restart Misji,重新開始任務,zh-TW
Restart Mission,重新開始任務,zh-TW
Restartování mise,重新開始任務,zh-TW
Restiamo uniti,攜手同行,zh-TW
Retador,極速快手,zh-TW
Retribución,復仇,zh-TW
Retribution,復仇,zh-TW
Reuniune aniversară,生日團聚,zh-TW
Reunión cumpleañera,生日團聚,zh-TW
Reunión de Cumpleaños,生日團聚,zh-TW
Reviravolta,逆轉佳話,zh-TW
Rezistența din prima linie,堅守前線,zh-TW
Reîncărcare relativ magică,一點點重抽魔法,zh-TW
Reîncărcări epice,史詩重抽,zh-TW
Reîncărcări la grămadă,抽好抽滿I,zh-TW
Režim Prostředník,降靈師模式,zh-TW
Rhaast,勒哈斯特,zh-TW
Riavvia missione,重新開始任務,zh-TW
Riavvio cosmico,宇宙重啟,zh-TW
Ribalta condivisa di Yasuo,犽宿之共享光采,zh-TW
Richiamo al caos,混沌召喚,zh-TW
Ricombussolatore,重整裝置,zh-TW
Riesenschlächter,巨人殺手,zh-TW
Riesenschwert,暴風之劍,zh-TW
Rift Scuttler,河蟹,zh-TW
Risikofonds,避險基金,zh-TW
Riskante Aktionen,高風險高報酬,zh-TW
Riskantní tah,高風險高報酬,zh-TW
Risky Moves,高風險高報酬,zh-TW
Risorse ferrose,鋼鐵素材,zh-TW
Risveglio dell'anima,魂力覺醒,zh-TW
Ritmo Spaziale,太空律動,zh-TW
Ritrovo di compleanno,生日團聚,zh-TW
Ritterschwur,騎士誓願,zh-TW
Riven,雷玟,zh-TW
Robbanásszerű fejlődés,爆炸性成長,zh-TW
Robo de componentes,組件強盜,zh-TW
Robot,超能機甲,zh-TW
Robotul Mecha impunător,超能機甲,zh-TW
Rogue,神影刺客,zh-TW
Rogue Emblem,神影刺客徽章,zh-TW
Rolling For Days,抽好抽滿I,zh-TW
Rolling for Days,抽好抽滿I,zh-TW
Rolo Compressor,鴻運當頭,zh-TW
Rompetiempo,時間破壞者,zh-TW
Rostro espiritual,振奮盔甲,zh-TW
Roter Buff,紅Buff,zh-TW
Roubo de Componentes,組件強盜,zh-TW
Rouška nehybnosti,寂靜法衣,zh-TW
Rozgałęzienie,斜槓英雄,zh-TW
Rozmiar Ma Znaczenie,大小很重要,zh-TW
Rozruch,加速開始,zh-TW
Rozrůstání kořenů,荊棘蔓延,zh-TW
Rozsądne Wydatki,精打細算,zh-TW
Rozvětvení,斜槓英雄,zh-TW
Rtuť,水銀兜帽,zh-TW
Ruf des Chaos,混沌召喚,zh-TW
Rufián Radiante,聖光無賴,zh-TW
Rugalmas,靈活變通,zh-TW
Ruh Gömleği,振奮盔甲,zh-TW
Ruh Uyanışı,魂力覺醒,zh-TW
Ruka spravedlnosti,正義手套,zh-TW
Rukavice pro štěstí,好運手套,zh-TW
Rváč,武鬥家,zh-TW
Rybeńka,惡鯊火箭,zh-TW
Rychlopalné ohnivé dělo,衝擊火炮,zh-TW
Rychlý dvojzářez,疾速雙殺,zh-TW
Rychlý start,加速開始,zh-TW
Rytířský slib,騎士誓願,zh-TW
Ryzykowne Posunięcia,高風險高報酬,zh-TW
Rzeka Łez,淚如泉湧,zh-TW
Récompenses de guerre,刃馬合一,zh-TW
Rédempteur,救世主,zh-TW
Réinitialisation cosmique,宇宙重啟,zh-TW
Réplica,複製,zh-TW
Réplicateur,復刻師,zh-TW
Résistance acharnée,主角威能,zh-TW
Részleges Felemelkedés,不完全飛昇,zh-TW
Réunion d'anniversaire,生日團聚,zh-TW
Rìu Hỏa Ngục,獄火手斧,zh-TW
Rìu Đại Mãng Xà,泰坦九頭蛇,zh-TW
Río de lágrimas,淚光閃閃,zh-TW
Różdżkowy Przesyt,魔杖湧流,zh-TW
Rögtönzött páncél,臨時戰甲,zh-TW
Răbdarea e o virtute,耐心是美德,zh-TW
Răbdarea lui Ekko,艾克的耐心,zh-TW
Rădăcini răspândite,荊棘蔓延,zh-TW
Rămânem împreună,攜手同行,zh-TW
Răsăritul din Silvermere,銀織黎明,zh-TW
Ręka Sprawiedliwości,正義手套,zh-TW
Rękawica Pustki,虛空武鬥場,zh-TW
Rękawice Sparingowe,格鬥手套,zh-TW
Rękawice Złodzieja,竊賊手套,zh-TW
Rękawiczki,縮小手套,zh-TW
Rồng Đẻ Trứng Vàng,黃金蛋,zh-TW
SZILÁRD ELTÖKÉLTSÉG,不偵察不換陣容,zh-TW
Saber Gastar,精打細算,zh-TW
Sabia blestemată,詛咒之刃,zh-TW
Sabia forței brute,暴風之劍,zh-TW
Sabia infinitului,無盡之刃,zh-TW
Sabia morții,死神之刃,zh-TW
Sabia sângeroasă,嗜血者,zh-TW
Sable Espectral,鬼使彎刀,zh-TW
Sable espectral,鬼使彎刀,zh-TW
Sable-pistola hextech,海克斯科技槍刃,zh-TW
Sablepistola Hextech,海克斯科技槍刃,zh-TW
Sabre spectral,鬼使彎刀,zh-TW
Sabır Erdemdir,耐心是美德,zh-TW
Sac de butin,道具組合包I,zh-TW
Saco de Brindes,道具組合包I,zh-TW
Saco de Brindes Heroico,英雄禮包,zh-TW
Saco de Brindes Pequeno,小型禮包,zh-TW
Saco de Brindes Recheado,大禮包,zh-TW
Saco de Brindes do Urf,阿福大禮包,zh-TW
Sacrificio cruento,血祭,zh-TW
Sadakat,強力投入,zh-TW
Safları Koru,堅守前線,zh-TW
Saklı Gerçek,真派氣功,zh-TW
Saldi imperdibili,跳樓大拍賣,zh-TW
Saldão,跳樓大拍賣,zh-TW
Salvage Bin,回收再利用,zh-TW
Salvator,救世主,zh-TW
Samira,煞蜜拉,zh-TW
Sanguinaire,血償,zh-TW
Sanguinaria,嗜血者,zh-TW
Saqueador,劫掠者,zh-TW
Sartén,平底鍋,zh-TW
Saum der Nacht,夜色緣界,zh-TW
Sauter une classe,脫穎而出,zh-TW
Savaş Yolu,刃馬合一,zh-TW
Savings Account,儲蓄帳戶,zh-TW
Scalata verso il successo,攀升之階I,zh-TW
Scegli tratto,選擇特性,zh-TW
Sceptre vampirique corrompu,詛咒吸血鬼權杖,zh-TW
Sceptru vampiric corupt,詛咒吸血鬼權杖,zh-TW
Sceptrul Vidului,虛空之杖,zh-TW
Sceptrul serafimului,熾天使之杖,zh-TW
Scettro dell'arcangelo,大天使之杖,zh-TW
Scettro serafino,熾天使之杖,zh-TW
Scettro vampirico corrotto,詛咒吸血鬼權杖,zh-TW
Scharfschütze,狙擊專家,zh-TW
Scharfschütze-Emblem,狙擊專家徽章,zh-TW
Schattenpuppe,影子木偶,zh-TW
Schatzjagd,尋寶遊戲,zh-TW
Schema della retroguardia,後排藍圖,zh-TW
Schemat Tylnej Formacji,後排藍圖,zh-TW
Schiantare,砸起來,zh-TW
Schicksalsweber,命運編織者,zh-TW
Schild des Taktikers,棋手之盾,zh-TW
Schiță pentru linia din spate,後排藍圖,zh-TW
Schlag zu,砸起來,zh-TW
Schlussverkauf,跳樓大拍賣,zh-TW
Schmiede einen Freund,鑄造朋友,zh-TW
Schnellfeuer-Geschütz,衝擊火炮,zh-TW
Schurke,神影刺客,zh-TW
Schurken-Emblem,神影刺客徽章,zh-TW
Schutz der Unendlichkeit,無限守護,zh-TW
Schwer ist die Krone,沉重王冠,zh-TW
Schwertschmied,劍匠,zh-TW
Schwertüberfluss,刀劍湧流,zh-TW
Schwur des Beschützers,保衛者之誓,zh-TW
Schüre das Feuer,熊熊火勢,zh-TW
Sciabola spettrale,鬼使彎刀,zh-TW
Scintilla ionica,離子星火,zh-TW
Scommessa dorata,黃金豪賭,zh-TW
Scommessa rischiosa,強力投入,zh-TW
Scudo dello stratega,棋手之盾,zh-TW
Scutul amurgului,黃昏聖盾,zh-TW
Scutul tacticianului,棋手之盾,zh-TW
Scutul zorilor,黎明聖盾,zh-TW
Scânteie ionică,離子星火,zh-TW
Sdílená zbroj,主角威能,zh-TW
Sebevražední panáci,碰撞測試,zh-TW
Second Wind,回春,zh-TW
Second souffle,回春,zh-TW
Secondo fiato,回春,zh-TW
Secteur commercial,交易之星,zh-TW
Section Anima,百獸,zh-TW
Sector comercial,交易之星,zh-TW
Sector de Intercambio,交易之星,zh-TW
Sectorul comercial,交易之星,zh-TW
Secure din focul iadului,獄火手斧,zh-TW
Sed de dinero,貪財,zh-TW
Sede de Riqueza,貪財,zh-TW
Sedenta por Sangue,嗜血者,zh-TW
Seeker's Armguard,探索者護腕,zh-TW
Seelenerwachen,魂力覺醒,zh-TW
Segen der Wiederbelebung,復活祝福,zh-TW
Segundo Aire,回春,zh-TW
Sehraný tým,人多好辦事,zh-TW
Sekera pekelného ohně,獄火手斧,zh-TW
Sektor Wymiany,交易之星,zh-TW
Selbstständig machen,斜槓英雄,zh-TW
Semblante Espiritual,振奮盔甲,zh-TW
Semi-conducteur,半導體,zh-TW
Semiconductor,半導體,zh-TW
Semicondutor,半導體,zh-TW
Semiconduttore,半導體,zh-TW
Sendero de Guerra,刃馬合一,zh-TW
Sendero de guerra,刃馬合一,zh-TW
Sentencia,仲裁者,zh-TW
Sentenciador,仲裁者,zh-TW
Sentiero di guerra,刃馬合一,zh-TW
Serafínova hůl,熾天使之杖,zh-TW
Seraphim's Staff,熾天使之杖,zh-TW
Serbest Yatırım Fonu,避險基金,zh-TW
Serce ze Stali,心之抗防,zh-TW
Serpenyő,平底鍋,zh-TW
Serve para Algo,死得有價值I,zh-TW
Servicio de Suscripción,訂閱服務,zh-TW
Servicio de suscripción,訂閱服務,zh-TW
Servizio ad abbonamento,訂閱服務,zh-TW
Serviço de Assinatura,訂閱服務,zh-TW
Setor de Troca,交易之星,zh-TW
Settore dello scambio,交易之星,zh-TW
Seviye Atla!,升級！,zh-TW
Seyyah,星際旅人,zh-TW
Seyyah Amblemi,星際旅人徽章,zh-TW
Sfere curative,治療靈球,zh-TW
Sfere vindecătoare,治療靈球,zh-TW
Sfidante,極速快手,zh-TW
Sfârșitul rațiunii,智慧末刃,zh-TW
Shadow Puppet,影子木偶,zh-TW
Shen,慎,zh-TW
Shepherd,星靈牧者,zh-TW
Shepherd Emblem,星靈牧者徽章,zh-TW
Shimmerscale Essence,微光龍鱗精粹,zh-TW
Shojin lándzsája,精進之矛,zh-TW
Shojin'in Mızrağı,精進之矛,zh-TW
Shopping Spree,買不手軟,zh-TW
Shopping intensif,買不手軟,zh-TW
Shopping scatenato,買不手軟,zh-TW
Shroud of Stillness,寂靜法衣,zh-TW
Sibernetik Aktarım,模控機械上鏈,zh-TW
Sibernetik İmplant,模控機械移植,zh-TW
Sicario,契約殺手,zh-TW
Side Effects,副作用,zh-TW
Siegeszug,脫穎而出,zh-TW
Signora Oscura,闇翼魔女,zh-TW
Silberlöffel,金湯匙,zh-TW
Silver Spoon,金湯匙,zh-TW
Silvermere Dawn,銀織黎明,zh-TW
Sinal de Sterak,史特拉克手套,zh-TW
Sinh Nhật Đoàn Tụ,生日團聚,zh-TW
Sinir İmplantı,共感植入,zh-TW
Sinsi,神影刺客,zh-TW
Sinsi Amblemi,神影刺客徽章,zh-TW
Sinsi Pençe,潛行者之爪,zh-TW
Siper,星界壁壘,zh-TW
Size Matters,大小很重要,zh-TW
Siêu Linh,靈能使,zh-TW
Siêu Thú,百獸,zh-TW
Siêu Vũ Trụ,大霹靂星系,zh-TW
Siêu Xẻng,鍋鏟,zh-TW
Sięganie ku Gwiazdom,伸手摘星,zh-TW
Skalierung im späten Spiel,大器晚成,zh-TW
Skalowanie w Późnej Fazie Gry,大器晚成,zh-TW
Skleněné dělo,玻璃大砲I,zh-TW
Skok po Składniki,組件強盜,zh-TW
Skupienie Horyzontalne,視界專注,zh-TW
Skupiony Ogień,集中火力,zh-TW
Slammin',砸起來,zh-TW
Slaďounké dobroty,美味甜點,zh-TW
Slice of Life,循序漸進,zh-TW
Slightly Magic Roll,一點點重抽魔法,zh-TW
Slza bohyně,女神之淚,zh-TW
Small Grab Bag,小型禮包,zh-TW
Smoczy Szpon,龍之爪,zh-TW
Snajperzy,狙擊專家,zh-TW
Sniper,狙擊專家,zh-TW
Sniper Emblem,狙擊專家徽章,zh-TW
Sobrecarga Cognitiva,認知超載,zh-TW
Sobrecarga cognitiva,認知超載,zh-TW
Sobrecarga de Varas,魔杖湧流,zh-TW
Sobrecarga de cinturones,腰帶多多,zh-TW
Sobrecarga de espadas,刀劍湧流,zh-TW
Sobrecarga de varitas,魔杖湧流,zh-TW
Sobretudo Suspeito,可疑風衣,zh-TW
Sobrevivente,生存專家,zh-TW
Sobreviviente,生存專家,zh-TW
Sodronyozott mellény,鎖子甲,zh-TW
Soif-de-sang,嗜血者,zh-TW
Sojusznik Opiekuna,守望者之友,zh-TW
Sok Cappa,帽帽果汁,zh-TW
Soldi per il pranzo,午餐錢,zh-TW
Solo Leveling,獨自升等,zh-TW
Solo Plate,單人磐核,zh-TW
Solo Pétreo,單人磐核,zh-TW
Solo-Leveling,獨自升等,zh-TW
Solo-Steinpanzer,單人磐核,zh-TW
Solowa Płyta,單人磐核,zh-TW
Solul dezolant al lui Zeke,錫柯的悲鳴號角,zh-TW
Solul lui Zeke,錫柯的號角,zh-TW
Solzi sclipitori,微光龍鱗精粹,zh-TW
Sombrero Mortífero de Rabadon,死亡之帽,zh-TW
Sombrero mortal de Rabadon,死亡之帽,zh-TW
Sombreros Más Letales,致死之帽,zh-TW
Sombreros más mortales,致死之帽,zh-TW
Son Fısıltı,最後耳語,zh-TW
Sona,索娜,zh-TW
Sona Kalanlar,生存專家,zh-TW
Song Sát Tốc Hành,疾速雙殺,zh-TW
Song Vệ,雙生守衛,zh-TW
Song Đấu,神鬥士,zh-TW
Sonnenfeuer-Brett,日炎燎原,zh-TW
Sonnenfeuer-Umhang,日炎斗篷,zh-TW
Sonsuz Büyü,連續施法,zh-TW
Sonsuz Karanlık,幽冥煞星,zh-TW
Sonsuz Karanlık Amblemi,幽冥煞星徽章,zh-TW
Sonsuz Çaresizlik,無盡絕望,zh-TW
Sopa Fazlalığı,魔杖湧流,zh-TW
Sopa İşçisi,杖匠,zh-TW
Soraka csodatétele,索拉卡的奇蹟,zh-TW
Soraka áldása,索拉卡的祝福,zh-TW
Soraka'nın Lütfu,索拉卡的祝福,zh-TW
Soraka'nın Mucizesi,索拉卡的奇蹟,zh-TW
Soraka's Boon,索拉卡的祝福,zh-TW
Soraka's Miracle,索拉卡的奇蹟,zh-TW
Sorakas Segen,索拉卡的祝福,zh-TW
Sorakas Wunder,索拉卡的奇蹟,zh-TW
Soračin dar,索拉卡的祝福,zh-TW
Soračin zázrak,索拉卡的奇蹟,zh-TW
Sorsszövő,命運編織者,zh-TW
Sorte em Alta,鴻運當頭,zh-TW
Sorvadt ereklye,凋零聖物,zh-TW
Soubojový režim,極速快手模式,zh-TW
Soudce,仲裁者,zh-TW
Soul Awakening,魂力覺醒,zh-TW
Soustředěná palba,集中火力,zh-TW
Soustředěný horizont,視界專注,zh-TW
Soutien indéfectible,並肩作戰,zh-TW
Souvislé sesílání,連續施法,zh-TW
Sovraccarico cognitivo,認知超載,zh-TW
Spaccato di vita,循序漸進,zh-TW
Space Groove,太空律動,zh-TW
Space Groove Emblem,太空律動徽章,zh-TW
Spaczony Wampiryczny Kostur,詛咒吸血鬼權杖,zh-TW
Spada furiei lui Guinsoo,鬼索的狂暴之刃,zh-TW
Sparkonto,儲蓄帳戶,zh-TW
Sparring Gloves,格鬥手套,zh-TW
Spasitel,救世主,zh-TW
Spatola,鍋鏟,zh-TW
Spatula,鍋鏟,zh-TW
Spatule,鍋鏟,zh-TW
Spatulă,鍋鏟,zh-TW
Spear of Shojin,精進之矛,zh-TW
Specialista del finale,專打後期,zh-TW
Specialista na závěrečnou fázi,專打後期,zh-TW
Specialistul sfârșitului jocului,專打後期,zh-TW
Specjalista od Końcówki,專打後期,zh-TW
Specjalistyczny Hełm,適性神盔,zh-TW
Spectral Cutlass,鬼使彎刀,zh-TW
Spedizione,遠征,zh-TW
Speedy Double Kill,疾速雙殺,zh-TW
Speer von Shojin,精進之矛,zh-TW
Spektrales Entermesser,鬼使彎刀,zh-TW
Spektrum jegy,稜鏡票券,zh-TW
Spektrální vstupenka,稜鏡票券,zh-TW
Speranza perduta,智慧末刃,zh-TW
Spesa oculata,精打細算,zh-TW
Spezzatempo,時間破壞者,zh-TW
Spirit Visage,振奮盔甲,zh-TW
Spirit of Redemption,靈魂救贖,zh-TW
Spirito di redenzione,靈魂救贖,zh-TW
Spiritul izbăvirii,靈魂救贖,zh-TW
Splétaná magie,魔力編織,zh-TW
Splétač osudu,命運編織者,zh-TW
Společné objetí,大家來抱抱,zh-TW
Spořicí účet,儲蓄帳戶,zh-TW
Spreading Roots,荊棘蔓延,zh-TW
Spécialiste des fins de partie,專打後期,zh-TW
Spéculation,避險基金,zh-TW
Srdce z oceli,心之抗防,zh-TW
Stab des Erzengels,大天使之杖,zh-TW
Stabschmied,杖匠,zh-TW
Stabüberfluss,魔杖湧流,zh-TW
Staffsmith,杖匠,zh-TW
Stand United,並肩作戰,zh-TW
Stargazer,占星師,zh-TW
Stargazer Emblem,占星師徽章,zh-TW
Statikk Hançer,史提克彈簧刀,zh-TW
Statikk Shiv,史提克彈簧刀,zh-TW
Statikk töltőpengéje,史提克彈簧刀,zh-TW
Statikkova kudla,史提克彈簧刀,zh-TW
Statikks Stich,史提克彈簧刀,zh-TW
Stats à foison !,能力值大補包,zh-TW
Stavebnice společníků,打造夥伴,zh-TW
Stea întunecată,幽冥煞星,zh-TW
Steadfast Heart,堅定之心,zh-TW
Steinpanzer des Wasserspeiers,石像鬼磐核,zh-TW
Stella Oscura,幽冥煞星,zh-TW
Stellar Combo,星光連鎖,zh-TW
Stemma di Lightshield,光盾之紋,zh-TW
Stemmaguarda,皇冠守衛,zh-TW
Sterak kihívása,史特拉克手套,zh-TW
Sterak's Gage,史特拉克手套,zh-TW
Sterak'ın Güvencesi,史特拉克手套,zh-TW
Sterakova zástava,史特拉克手套,zh-TW
Steraks Pegel,史特拉克手套,zh-TW
Sterndeuter,占星師,zh-TW
Sterndeuter-Emblem,占星師徽章,zh-TW
Sternen-Kombo,星光連鎖,zh-TW
Sternenvernichter,幽冥煞星,zh-TW
Sternenvernichter-Emblem,幽冥煞星徽章,zh-TW
Stibitzen,盜取,zh-TW
Stopařčin chránič,探索者護腕,zh-TW
Storia di una rimonta,逆轉佳話,zh-TW
Strahlender Halunke,聖光無賴,zh-TW
Strateji Ustası Kalkanı,棋手之盾,zh-TW
Strateji Ustası Pelerini,棋手披風,zh-TW
Strateji Ustası Tacı,棋手皇冠,zh-TW
Strateji Ustasının Mutfağı,棋手廚房,zh-TW
Stratégie de ligne arrière,後排藍圖,zh-TW
Striker's Flail,打手連枷,zh-TW
Strom vlastností,特性神木,zh-TW
Strážná dvojice,雙生守衛,zh-TW
Studio paziente,耐心學習,zh-TW
Studiu diligent,耐心學習,zh-TW
Stwórz Sobie Kumpla,開局新手包,zh-TW
Stwórz Towarzysza,打造夥伴,zh-TW
Stínová loutka,影子木偶,zh-TW
Stürmerflegel,打手連枷,zh-TW
Stříbrná lžička,金湯匙,zh-TW
Stůjme při sobě,並肩作戰,zh-TW
Su tutti i fronti,斜槓英雄,zh-TW
Su verso il cielo,伸手摘星,zh-TW
Subscription Service,訂閱服務,zh-TW
Subskrypcja,訂閱服務,zh-TW
Suc Cappa,帽帽果汁,zh-TW
Succes critic,究極暴擊,zh-TW
Successo critico,究極暴擊,zh-TW
Succo Cappa,帽帽果汁,zh-TW
Sucesso Crítico,究極暴擊,zh-TW
Suco de Chapéu,帽帽果汁,zh-TW
Sugárzó csirkefogó,聖光無賴,zh-TW
Suhanó sutyerák,河蟹,zh-TW
Sunfire Board,日炎燎原,zh-TW
Sunfire Cape,日炎斗篷,zh-TW
Super sac de butin,大禮包,zh-TW
Superstite,生存專家,zh-TW
Superviviente,生存專家,zh-TW
Suppresseur doré,最大最小化,zh-TW
Supraviețuitor,生存專家,zh-TW
Supraîncărcare cognitivă,認知超載,zh-TW
Surcharge cognitive,認知超載,zh-TW
Surpriză nesurprinzătoare,預料中的意外,zh-TW
Survivant,生存專家,zh-TW
Survivor,生存專家,zh-TW
Suscripción de Lujo,訂購奢侈品,zh-TW
Suscripción de lujo,訂購奢侈品,zh-TW
Suspicious Trench Coat,可疑風衣,zh-TW
Sussurro fatale,最後耳語,zh-TW
Sute de atribute!,能力值大補包,zh-TW
Sweet Treats,美味甜點,zh-TW
Sword Overflow,刀劍湧流,zh-TW
Swordsmith,劍匠,zh-TW
Sympathetic Implant,共感植入,zh-TW
Szaleństwo Zakupów,買不手軟,zh-TW
Szczęśliwe Rękawice,好運手套,zh-TW
Szellemarc,振奮盔甲,zh-TW
Szerencsés kesztyű,好運手套,zh-TW
Szermierka Yasuo,犽宿的迅雷之技,zh-TW
Szerteágazó gyökerek,荊棘蔓延,zh-TW
Szeráf pálcája,熾天使之杖,zh-TW
Szimpatikus implantátum,共感植入,zh-TW
Szintlépés!,升級！,zh-TW
Szpatułka,鍋鏟,zh-TW
Szpon Ciemnego Typa,潛行者之爪,zh-TW
Szunnyadó kohó,潛在火爐,zh-TW
Szybkie Dwa Trupy,疾速雙殺,zh-TW
Száműzöttek I.,流亡孤軍,zh-TW
Szélhámos,私房錢,zh-TW
Szólójátékos,獨自升等,zh-TW
Születésnapi ajándék,生日禮物,zh-TW
Születésnapi találkozó,生日團聚,zh-TW
Sách Chọn Ấn,特性典籍,zh-TW
Sárkánykarom,龍之爪,zh-TW
Sát Thủ Khát Máu,無差別屠殺,zh-TW
Sát Thủ Đánh Thuê,契約殺手,zh-TW
Sét Cao Thế,高電壓,zh-TW
Síla artefaktů,力量鍛造,zh-TW
Sólový plát,單人磐核,zh-TW
Sólový postup,獨自升等,zh-TW
Sötét csillag,幽冥煞星,zh-TW
Sötét csillag embléma,幽冥煞星徽章,zh-TW
Sötét hölgy,闇翼魔女,zh-TW
Sükûnet Örtüsü,寂靜法衣,zh-TW
Süper Hızlı Micin,米普終端速度,zh-TW
Sürgünler,流亡孤軍,zh-TW
Süße Leckereien,美味甜點,zh-TW
Săbii fără număr,刀劍湧流,zh-TW
Săbii mai letale,更致命之刃,zh-TW
Săn Kho Báu,尋寶遊戲,zh-TW
Słodkie Przysmaki,美味甜點,zh-TW
Słoneczna Peleryna,日炎斗篷,zh-TW
Słoneczna Płyta,日炎燎原,zh-TW
Sơ Đồ Tuyến Sau,後排藍圖,zh-TW
Số 4 Hoàn Hảo,願四之力與你同在,zh-TW
Sống Vội,私房錢,zh-TW
TEK Kılıcı,暴風之劍,zh-TW
Tabla solară,日炎燎原,zh-TW
Tablero de Fuego Solar,日炎燎原,zh-TW
Tablero de fuego solar,日炎燎原,zh-TW
Tabuleiro de Fogo Solar,日炎燎原,zh-TW
Tactician's Cape,棋手披風,zh-TW
Tactician's Crown,棋手皇冠,zh-TW
Tactician's Kitchen,棋手廚房,zh-TW
Tactician's Shield,棋手之盾,zh-TW
Tahm Kench,貪啃奇,zh-TW
Taina întunericului,夜色緣界,zh-TW
Taktikerküche,棋手廚房,zh-TW
Taktikova koruna,棋手皇冠,zh-TW
Taktikova kuchyně,棋手廚房,zh-TW
Taktikus köpenye,棋手披風,zh-TW
Taktikus pajzsa,棋手之盾,zh-TW
Taktikusok konyhája,棋手廚房,zh-TW
Taktikův plášť,棋手披風,zh-TW
Taktikův štít,棋手之盾,zh-TW
Takviye Paketi,強化包,zh-TW
Takım Çalışması,人多好辦事,zh-TW
Talisman Of Ascension,昇華護符,zh-TW
Talisman de l'ascension,昇華護符,zh-TW
Talismano dell'ascensione,昇華護符,zh-TW
Talismanul ascensiunii,昇華護符,zh-TW
Talismán de Ascensión,昇華護符,zh-TW
Talismã da Ascensão,昇華護符,zh-TW
Talizman Wstąpienia,昇華護符,zh-TW
Talon,塔隆,zh-TW
Találd meg önmagad,中堅自強,zh-TW
Tam Donanımlı,打造夥伴,zh-TW
Tam Teşekküllü,開局新手包,zh-TW
Tana del Barone,巴龍巢穴,zh-TW
Tancuri la xerox,坦度雙倍,zh-TW
Tandemová fronta,雙排,zh-TW
Tanks jumeaux,坦度雙倍,zh-TW
Tanque em Dobro,坦度雙倍,zh-TW
Tanrıça'nın Gözyaşı,女神之淚,zh-TW
Tanışma Toplantısı,就差你一個,zh-TW
Tarcza Taktyka,棋手之盾,zh-TW
Tare ca fierul,鋼鐵素材,zh-TW
Target-Lock Optics,目標鎖定光學,zh-TW
Tartalékíjak,備用弓箭,zh-TW
Tartsd a frontot,堅守前線,zh-TW
Tatlı Atıştırmalıklar,美味甜點,zh-TW
Taxa Cognitiva,智商稅,zh-TW
Taxe cognitive,智商稅,zh-TW
Taze Kan,招兵買馬,zh-TW
Taşınabilir Ocak,攜帶型打鐵舖,zh-TW
Te simți norocos,鴻運當頭,zh-TW
Team Building,建立團隊,zh-TW
Team building,建立團隊,zh-TW
Teambildung,建立團隊,zh-TW
Teambuilding,建立團隊,zh-TW
Teaming Up,人多好辦事,zh-TW
Tear of the Goddess,女神之淚,zh-TW
Tecelã do Destino,命運編織者,zh-TW
Tecendo Magia,魔力編織,zh-TW
Teemo,提摩,zh-TW
Teilaufstieg,不完全飛昇,zh-TW
Tejedestinos,命運編織者,zh-TW
Tekrar Dene,重新開始任務,zh-TW
Tela magica,魔力編織,zh-TW
Temná hvězda,幽冥煞星,zh-TW
Temná paní,闇翼魔女,zh-TW
Tempesta di Luden,盧登驟雨,zh-TW
Tempestad de Luden,盧登驟雨,zh-TW
Tempête de Luden,盧登驟雨,zh-TW
Tenete la posizione,堅守前線,zh-TW
Tenir le front,堅守前線,zh-TW
Tentative de comeback,逆轉佳話,zh-TW
Ter-Meep-nale Geschwindigkeit,米普終端速度,zh-TW
Termeepnal Velocity,米普終端速度,zh-TW
Termipnální rychlost,米普終端速度,zh-TW
Terquedad,不偵察不換陣容,zh-TW
Terrore dei lich,巫妖之禍,zh-TW
Tesori sepolti,地底寶藏,zh-TW
Tesoros Enterrados,地底寶藏,zh-TW
Tesoros enterrados,地底寶藏,zh-TW
Tesouros Enterrados,地底寶藏,zh-TW
Tessifato,命運編織者,zh-TW
Testőrképzés,保鑣訓練,zh-TW
Tetro araldo di Zeke,錫柯的悲鳴號角,zh-TW
Tezbıçak,閃刃,zh-TW
Thanh Lý Toàn Bộ,跳樓大拍賣,zh-TW
Thanh Âm Chữa Lành,治癒回音,zh-TW
The Big Bang,大霹靂星系,zh-TW
The Golden Dragon,黃金巨龍,zh-TW
The Golden Egg,黃金蛋,zh-TW
The Indomitable,不屈鬥魂,zh-TW
The Mighty Mech,超能機甲,zh-TW
The Tower,防禦高塔,zh-TW
The Trait Tree,特性神木,zh-TW
Thief's Gloves,竊賊手套,zh-TW
Thresh lámpása,瑟雷西的燈籠,zh-TW
Thresh áldása,瑟雷西的祝福,zh-TW
Thresh'in Feneri,瑟雷西的燈籠,zh-TW
Thresh'in Lütfu,瑟雷西的祝福,zh-TW
Thresh's Boon,瑟雷西的祝福,zh-TW
Thresh's Lantern,瑟雷西的燈籠,zh-TW
Threshova lucerna,瑟雷西的燈籠,zh-TW
Threshs Laterne,瑟雷西的燈籠,zh-TW
Threshs Segen,瑟雷西的祝福,zh-TW
Threshův dar,瑟雷西的祝福,zh-TW
Thua Có Tính Toán,這次戰敗也在計算之中,zh-TW
Thuế Nhận Thức,智商稅,zh-TW
Thách Đấu,極速快手,zh-TW
Thép Mạ Vàng,不破金鋼,zh-TW
Thích Mở Rộng,長久之計,zh-TW
Thông Thoáng,思緒清晰,zh-TW
Thông Đạo Zz'rot,虛空之門,zh-TW
Thú Tượng Thạch Giáp,石像鬼磐核,zh-TW
Thăng Hoa,飛昇,zh-TW
Thăng Hoa Của Kayle,凱爾的讚頌,zh-TW
Thăng Hoa Rực Rỡ Của Kayle,凱爾的聖光讚頌,zh-TW
Thăng Tiến Cuối Trận,大器晚成,zh-TW
Thần Ban Phước,神寵者,zh-TW
Thần Phán,仲裁者,zh-TW
Thịnh Nộ Thủy Quái,海妖之怒,zh-TW
Thời Không,時間破壞者,zh-TW
Thợ Rèn Gậy,杖匠,zh-TW
Thợ Rèn Kiếm,劍匠,zh-TW
Thợ Săn Vũ Trụ,銀河獵手,zh-TW
Thức Tỉnh Linh Hồn,魂力覺醒,zh-TW
Ti senti fortunato?,鴻運當頭,zh-TW
Ticaret Bölgesi,交易之星,zh-TW
Ticaretin Özü,貿易核心,zh-TW
Ticket prismatique,稜鏡票券,zh-TW
Tiercé,三連勝I,zh-TW
Tigaia de aur,平底鍋,zh-TW
Tiltott bálvány,禁忌之像,zh-TW
Timebreaker,時間破壞者,zh-TW
Timebreaker Emblem,時間破壞者徽章,zh-TW
Tinh Linh Chuông,米普星人,zh-TW
Tinh Túy Kim Long,微光龍鱗精粹,zh-TW
Tiniest Titan,迷你小英雄,zh-TW
Tiny Titans,小小大英雄,zh-TW
"Tiny, but Deadly",致命豆丁,zh-TW
Tirada Ligeramente Mágica,一點點重抽魔法,zh-TW
Tirada Mágica,魔法擲骰,zh-TW
Tiro lievemente magico,一點點重抽魔法,zh-TW
Tiro porque me toca,抽好抽滿I,zh-TW
Tisse-destin,命運編織者,zh-TW
Tiszta elme,思緒清晰,zh-TW
Titan micuț,迷你小英雄,zh-TW
Titan's Resolve,泰坦的決意,zh-TW
Titanes Diminutos,小小大英雄,zh-TW
Titanic Hydra,泰坦九頭蛇,zh-TW
Titanische Hydra,泰坦九頭蛇,zh-TW
Titano minuscolo,迷你小英雄,zh-TW
Titanın Azmi,泰坦的決意,zh-TW
Titánhidra,泰坦九頭蛇,zh-TW
Titánská hydra,泰坦九頭蛇,zh-TW
Titánské odhodlání,泰坦的決意,zh-TW
Tiên Phong,先鋒戰士,zh-TW
Tiên Tri,神諭,zh-TW
Tiêu Dùng Thông Minh,精打細算,zh-TW
Tiếp Tế Trang Bị,道具組合包I,zh-TW
Tiền Tuyến Vững Chãi,陣容,zh-TW
Tiền Vệ Trung Tâm,中堅自強,zh-TW
Tiền Ăn Trưa,午餐錢,zh-TW
Tiệc Tùng,派對咖,zh-TW
Tkacze Losu,命運編織者,zh-TW
Tkanie Czarów,魔力編織,zh-TW
Tlupa zlodějů,神偷軍團,zh-TW
Tlupa zlodějů II,神偷軍團 II,zh-TW
To Lớn & Mạnh Mẽ,巨大強悍,zh-TW
Todo para mí,嘟嘟好,zh-TW
Toiag uriaș,巨型魔棒,zh-TW
Toiagul arhanghelului,大天使之杖,zh-TW
Toiege fără număr,魔杖湧流,zh-TW
Tolvajkesztyű,竊賊手套,zh-TW
Tolvajok bandája,神偷軍團,zh-TW
Tolvajok bandája II,神偷軍團 II,zh-TW
Tome des emblèmes,特性典籍,zh-TW
Tome of Trait,特性典籍,zh-TW
Tome of Traits,特性典籍,zh-TW
Tomo das Características,特性典籍,zh-TW
Tomo de Rasgos,特性典籍,zh-TW
Tomo de atributos,特性典籍,zh-TW
Tomo dei tratti,特性典籍,zh-TW
Tomul caracteristicilor,特性典籍,zh-TW
Toneladas de Atributos!,能力值大補包,zh-TW
Tonlarca Nitelik!,能力值大補包,zh-TW
Tonnenweise Werte!,能力值大補包,zh-TW
Tonnányi statisztika!,能力值大補包,zh-TW
Tons of Stats!,能力值大補包,zh-TW
Tony Statystyk!,能力值大補包,zh-TW
Torba z Przedmiotami,道具組合包I,zh-TW
Torba z Przedmiotami Urfa,阿福大禮包,zh-TW
Tormenta de Luden,盧登驟雨,zh-TW
Tot sunt buni la ceva,死得有價值I,zh-TW
Touche-à-tout,怪咖集合,zh-TW
Tout doit disparaître,砸起來,zh-TW
Toàn Thắng,脫穎而出,zh-TW
Toán Cướp,劫掠者,zh-TW
Trabajo en Equipo,建立團隊,zh-TW
Trabalho em Equipe,建立團隊,zh-TW
Trade Sector,交易之星,zh-TW
Tragbare Schmiede,攜帶型打鐵舖,zh-TW
Training Dummy,訓練假人,zh-TW
Trang Bị Pandora,潘朵拉的道具,zh-TW
Transfer de încărcare,電荷轉移,zh-TW
Transferencia de Carga,電荷轉移,zh-TW
Transferencia de carga,電荷轉移,zh-TW
Transfert,電荷轉移,zh-TW
Transferência de Carga,電荷轉移,zh-TW
Transformação em Boneco,鈍化,zh-TW
Trasferimento carica,電荷轉移,zh-TW
Treasure Hunt,尋寶遊戲,zh-TW
Treinamento de Guarda-costas,保鑣訓練,zh-TW
Tremblelames,閃刃,zh-TW
Trench-coat suspect,可疑風衣,zh-TW
Trenci suspect,可疑風衣,zh-TW
Trening Ochroniarza,保鑣訓練,zh-TW
Trepador Social,向上流動,zh-TW
Trezirea sufletului,魂力覺醒,zh-TW
Tributo cognitivo,智商稅,zh-TW
Trifecta,三連勝I,zh-TW
Trinca,三連勝I,zh-TW
Triomphe,拳擊選手,zh-TW
Triplete,三連勝I,zh-TW
Tripletta,三連勝I,zh-TW
Triplu avantaj,三連勝I,zh-TW
Triệu Gọi Hỗn Mang,混沌召喚,zh-TW
Triệu Hồi Bất Tận,連續施法,zh-TW
Troca Sem Fim,抽好抽滿I,zh-TW
Trojice,三連勝I,zh-TW
Trova il tuo centro,中堅自強,zh-TW
Trpělivost je ctnost,耐心是美德,zh-TW
Trpělivé studium,耐心學習,zh-TW
Truffatore,私房錢,zh-TW
Trung Tâm Thương Mại,貿易核心,zh-TW
Tryb Pretendenta,極速快手模式,zh-TW
Tryb Przekaźnika,降靈師模式,zh-TW
Tryb Replikatora,復刻師模式,zh-TW
Trzask-Prask,砸起來,zh-TW
Trzymać Szyk,堅守前線,zh-TW
Trái Tim Kiên Định,堅定之心,zh-TW
Trái Tim Sắt Đá,心之抗防,zh-TW
Träne der Göttin,女神之淚,zh-TW
Tréninkové rukavice,格鬥手套,zh-TW
Trésors enfouis,地底寶藏,zh-TW
Trên Đà Phát Triển,鴻運當頭,zh-TW
Trí Tuệ Siêu Công Nghệ,模控機械上鏈,zh-TW
Trượng Hư Vô,虛空之杖,zh-TW
Trượng Đại Thiên Sứ,熾天使之杖,zh-TW
Trực Giác Của Evelynn,伊芙琳的本能,zh-TW
Tuch der Stille,寂靜法衣,zh-TW
Tueur de géants,巨人殺手,zh-TW
Tueur impitoyable,無差別屠殺,zh-TW
Tueur à gages,契約殺手,zh-TW
Tugend des Märtyrers,烈士美德,zh-TW
Tun-mitralieră,衝擊火炮,zh-TW
Turnul,防禦高塔,zh-TW
Tuyển Nhân Sự,招兵買馬,zh-TW
Twin Guardian,雙生守衛,zh-TW
Twin Guardians,雙生守衛,zh-TW
Twisted Fate,逆命,zh-TW
Two Much Value,價值爆棚,zh-TW
Two Tanky,坦度雙倍,zh-TW
Tworzenie Drużyny,建立團隊,zh-TW
Twórcze Tworzenie,精心製作,zh-TW
Typologie,強力投入,zh-TW
Tài Khoản Tiết Kiệm,儲蓄帳戶,zh-TW
Tái Khởi Động Nhiệm Vụ,重新開始任務,zh-TW
Tái Lập Vũ Trụ,宇宙重啟,zh-TW
Tápláld a tüzet,熊熊火勢,zh-TW
Tíha koruny,沉重王冠,zh-TW
Tín Đồ Mua Sắm,買不手軟,zh-TW
Tòa Tháp,防禦高塔,zh-TW
Tôi Luyện Sức Mạnh,力量鍛造,zh-TW
Tôi Thăng Cấp Một Mình,獨自升等,zh-TW
Tödlichere Hauben,致死之帽,zh-TW
Tödlichere Klingen,更致命之刃,zh-TW
Töltésátvitel I.,電荷轉移,zh-TW
Törj a csillagok felé,伸手摘星,zh-TW
Törékeny tüzér I.,玻璃大砲I,zh-TW
Törésteszt bábuk,碰撞測試,zh-TW
Tú Pégales,嘟嘟好,zh-TW
Túi Đồ Cỡ Nhỏ,小型禮包,zh-TW
Túi Đồ Cỡ Đại,大禮包,zh-TW
Túi Đồ Siêu Hùng,英雄禮包,zh-TW
Túi Đồ Urf,阿福大禮包,zh-TW
Túlvilági szablya,鬼使彎刀,zh-TW
Túlélő,生存專家,zh-TW
Türelem rózsát terem,耐心是美德,zh-TW
Türelmes tanuló,耐心學習,zh-TW
Tăișuri sclipitoare,閃刃,zh-TW
Tăng Trưởng Bùng Nổ,爆炸性成長,zh-TW
Tırmanışa Devam,攀升之階I,zh-TW
Tất Tay Bậc Đồng,銅級之命II,zh-TW
Tập Chịu Đòn,拳擊訓練,zh-TW
Tập Trung Hỏa Lực,集中火力,zh-TW
Tối Tân,再造神兵,zh-TW
Tối Đa Hóa,最大最小化,zh-TW
Tộc Thượng Cổ,遠古霸者,zh-TW
Tụ Bão Zeke,錫柯的號角,zh-TW
Tụ Điện,電光反擊,zh-TW
Tứ Phương Tiếp Viện,四重援軍,zh-TW
Tự Lập Đội,開局新手包,zh-TW
U Sầu,厄運使者,zh-TW
U. R. F.,阿福快打,zh-TW
U.R.F,阿福快打,zh-TW
U.R.F.,阿福快打,zh-TW
URF,阿福快打,zh-TW
Uccisore di giganti,巨人殺手,zh-TW
Uccisore indiscriminato,無差別屠殺,zh-TW
Ucigaș fără discriminare,無差別屠殺,zh-TW
Ucigaș plătit,契約殺手,zh-TW
Ufak Çekiliş,小型禮包,zh-TW
Ufukgetiren,視界專注,zh-TW
Uhrwerk-Beschleuniger,發條加速器,zh-TW
Ulepszona Moc,增幅之力,zh-TW
Ultima șoaptă,最後耳語,zh-TW
Uluların Tılsımı,昇華護符,zh-TW
Ulvi Düellocu,神鬥士,zh-TW
Ulvi Ocak,神聖熔爐,zh-TW
Um Dois Três,一二三,zh-TW
"Um, Dois, Cinco!",一、二、五！,zh-TW
Umhang des Taktikers,棋手披風,zh-TW
"Un buff, două buff-uri",一個Buff，兩個Buff,zh-TW
"Un buff, due buff",一個Buff，兩個Buff,zh-TW
Un due tre,一二三,zh-TW
Un mismo ser,鏡像人格,zh-TW
Un mismo ser inferior,初級鏡像人格,zh-TW
Un tiro magico,魔法擲骰,zh-TW
Un'avventura gloriosa,非凡冒險,zh-TW
"Un, deux, trois",一二三,zh-TW
Una Aventura Eminente,非凡冒險,zh-TW
"Una Mejora, Dos Mejoras",一個Buff，兩個Buff,zh-TW
Una aventura repleta de exaltación,非凡冒險,zh-TW
Una lágrima en la arena,淚如泉湧,zh-TW
"Una mejora, dos mejoras...",一個Buff，兩個Buff,zh-TW
"Unde-s 2 stele, puterea crește",四重援軍,zh-TW
Une aventure exaltante,非凡冒險,zh-TW
Unending Despair,無盡絕望,zh-TW
Unerschütterliches Herz,堅定之心,zh-TW
Unidos,並肩作戰,zh-TW
Unire în luptă,並肩作戰,zh-TW
Uniti nelle difficoltà,並肩作戰,zh-TW
"Uno, Dos, Tres",一二三,zh-TW
"Uno, dos, tres...",一二三,zh-TW
"Uno, dos, ¡cinco!",一、二、五！,zh-TW
"Uno, dos... ¡cinco!",一、二、五！,zh-TW
"Uno, due, cinque!",一、二、五！,zh-TW
"Unu, doi, cinci!",一、二、五！,zh-TW
"Unu, doi, trei",一二三,zh-TW
Unübertreffliche Schmiede,神聖熔爐,zh-TW
Upando Solo,獨自升等,zh-TW
Upward Mobility,向上流動,zh-TW
Upírská vitalita,吸血活力,zh-TW
Urf Hamlesi,阿福奇兵,zh-TW
Urf játszmája,阿福奇兵,zh-TW
Urf zsákbamacskája,阿福大禮包,zh-TW
Urf's Gambit,阿福奇兵,zh-TW
Urf's Grab Bag,阿福大禮包,zh-TW
Urf'ün Çekilişi,阿福大禮包,zh-TW
Urfova dárková taška,阿福大禮包,zh-TW
Urfs Gambit,阿福奇兵,zh-TW
Urfs Wundertüte,阿福大禮包,zh-TW
Urfův gambit,阿福奇兵,zh-TW
Urgia de pe lume,巫妖之禍,zh-TW
Urgot,烏爾加特,zh-TW
Utazó,星際旅人,zh-TW
Utazó embléma,星際旅人徽章,zh-TW
Utolsó esély,智慧末刃,zh-TW
Utolsó lehelet,最後耳語,zh-TW
Uyumsuzlar,怪咖集合,zh-TW
Uzayın Ritmi,太空律動,zh-TW
Uzayın Ritmi Amblemi,太空律動徽章,zh-TW
Vale a Espera,值得等待,zh-TW
Vale la Pena la Espera,值得等待,zh-TW
Valeva la pena aspettare,值得等待,zh-TW
Valor del Titán,泰坦的決意,zh-TW
Valor em Excesso,價值爆棚,zh-TW
Vampir-Vitalität,吸血活力,zh-TW
Vampiric Vitality,吸血活力,zh-TW
Vampirî Zindelik,吸血活力,zh-TW
Vanguard,先鋒戰士,zh-TW
Vanguard Emblem,先鋒戰士徽章,zh-TW
Vanguarda,先鋒戰士,zh-TW
Vanguardia,先鋒戰士,zh-TW
Vara Innecesariamente Grande,巨型魔棒,zh-TW
Vara innecesariamente grande,巨型魔棒,zh-TW
Varus Besessenheit,法洛士的執念,zh-TW
Varus megszállottsága,法洛士的執念,zh-TW
Varus áldása,法洛士的祝福,zh-TW
Varus' Segen,法洛士的祝福,zh-TW
Varus's Boon,法洛士的祝福,zh-TW
Varus's Obsession,法洛士的執念,zh-TW
Varus'un Lütfu,法洛士的祝福,zh-TW
Varus'un Saplantısı,法洛士的執念,zh-TW
Varusova posedlost,法洛士的執念,zh-TW
Varusův dar,法洛士的祝福,zh-TW
Varázsdobás,魔法擲骰,zh-TW
Varázsszőttes,魔力編織,zh-TW
Vaseszközök,鋼鐵素材,zh-TW
Vaurien de la lumière,聖光無賴,zh-TW
Vay Tạm Ứng,進階貸款,zh-TW
Vedlejší účinky,副作用,zh-TW
Veigar,維迦,zh-TW
Velikost a síla,巨大強悍,zh-TW
Velitel,指揮官,zh-TW
Velitelka Animy,百獸指揮官,zh-TW
Velkolepé dobrodružství,非凡冒險,zh-TW
Velká dárková taška,大禮包,zh-TW
Velký třesk,大霹靂星系,zh-TW
Velo costante,均等法衣,zh-TW
Velo de sosiego,寂靜法衣,zh-TW
Velocidad Termeepnal,米普終端速度,zh-TW
Velocidad temperameeptal,米普終端速度,zh-TW
Velocidade Termipenal,米普終端速度,zh-TW
Velocità termipponale,米普終端速度,zh-TW
Venganza,復仇,zh-TW
Ventos Revigorantes,回春,zh-TW
Verbannte,流亡孤軍,zh-TW
Verbotener Götze,禁忌之像,zh-TW
Verbündeter des Beschützers,守望者之友,zh-TW
Verdorbenes vampirisches Zepter,詛咒吸血鬼權杖,zh-TW
Verdugo Indiscriminado,無差別屠殺,zh-TW
Verdugo de Gigantes,巨人殺手,zh-TW
Verdugo de gigantes,巨人殺手,zh-TW
Verdächtiger Trenchcoat,可疑風衣,zh-TW
Verfehlte Verbindung,就差你一個,zh-TW
Verfluchte Klinge,詛咒之刃,zh-TW
Verfluchte Krone,詛咒之冠,zh-TW
Vergeltung,復仇,zh-TW
Vergoldeter Stahl,不破金鋼,zh-TW
Vergrabene Schätze,地底寶藏,zh-TW
Vernichter,厄運使者,zh-TW
Vernichter,燼滅之華,zh-TW
Versteck des Barons,巴龍巢穴,zh-TW
Verständnisvolles Implantat,共感植入,zh-TW
Verstärkendes Amulett,支配寶匣,zh-TW
Vertu du martyr,烈士美德,zh-TW
Verwittertes Relikt,凋零聖物,zh-TW
Verwobene Magie,魔力編織,zh-TW
Vesmírný rytmus,太空律動,zh-TW
Vesta Espinosa,刺藤胸甲,zh-TW
Veste della stabilità,寂靜法衣,zh-TW
Vestă de mărăcini,刺藤胸甲,zh-TW
Vestă de zale,鎖子甲,zh-TW
Vex,薇可絲,zh-TW
Večerháv,均等法衣,zh-TW
Viaggiatore,星際旅人,zh-TW
Viajante,星際旅人,zh-TW
Viajero,星際旅人,zh-TW
Victorie neașteptată,脫穎而出,zh-TW
Vida Cotidiana,循序漸進,zh-TW
Viděti dvojmo,價值爆棚,zh-TW
Vier-Gold-Verstärkung,四重援軍,zh-TW
Vigarista,私房錢,zh-TW
Viktor,維克特,zh-TW
Viktor'un Sihri,奧術：維克特必勝,zh-TW
Viktor-ia de Arcane,奧術：維克特必勝,zh-TW
Viktor-ia di Arcane,奧術：維克特必勝,zh-TW
Viktor-ie ocultă,奧術：維克特必勝,zh-TW
Viktoria Arcana,奧術：維克特必勝,zh-TW
Viktorův triumf,奧術：維克特必勝,zh-TW
Viktória Arcana,奧術：維克特必勝,zh-TW
Villanópengék,閃刃,zh-TW
Villámakció,跳樓大拍賣,zh-TW
Vingadora Exocósmica,重槍女武神,zh-TW
Virtud del Mártir,烈士美德,zh-TW
Virtud del mártir,烈士美德,zh-TW
Virtude do Mártir,烈士美德,zh-TW
Virtue of the Martyr,烈士美德,zh-TW
Virtutea martirului,烈士美德,zh-TW
Virtù del martire,烈士美德,zh-TW
Visage spirituel,振奮盔甲,zh-TW
Visionnaire,占星師,zh-TW
Visszatérés-történet,逆轉佳話,zh-TW
Vitalidad Vampírica,吸血活力,zh-TW
Vitalidad vampírica,吸血活力,zh-TW
Vitalidade Vampírica,吸血活力,zh-TW
Vitalitate vampirică,吸血活力,zh-TW
Vitalità vampirica,吸血活力,zh-TW
Vitalité vampirique,吸血活力,zh-TW
Viteză termipnală,米普終端速度,zh-TW
Viễn Chinh,星際旅人,zh-TW
Void Gauntlet,虛空武鬥場,zh-TW
Void Staff,虛空之杖,zh-TW
Voința buzduganului,戰錘意志,zh-TW
Voința titanului,泰坦的決意,zh-TW
Vojevůdcova čest,戰國軍閥之榮耀,zh-TW
Volonté de la massue,戰錘意志,zh-TW
Voluntad de la maza,戰錘意志,zh-TW
Voluntad del Mazo,戰錘意志,zh-TW
Volver al Ruedo,逆轉佳話,zh-TW
Vorausdenken,超前部署,zh-TW
Voto del Protettore,保衛者之誓,zh-TW
Voto del cavaliere,騎士誓願,zh-TW
Vous vous sentez en veine ?,鴻運當頭,zh-TW
Voyager,星際旅人,zh-TW
Voyager Emblem,星際旅人徽章,zh-TW
Voyageur,星際旅人,zh-TW
Vražední čtveráci,願四之力與你同在,zh-TW
Vražednější klobouky,致死之帽,zh-TW
Vražednější čepele,更致命之刃,zh-TW
Vrcholná sestava,頂裝,zh-TW
Vuốt Rồng,龍之爪,zh-TW
Vyber vlastnost,選擇特性,zh-TW
Vybíravé výběry,抽好抽滿I,zh-TW
Vyhlazovač,燼滅之華,zh-TW
Vyhnanci,流亡孤軍,zh-TW
Vyplatí se čekat,值得等待,zh-TW
Vyrob si kamaráda,鑄造朋友,zh-TW
Vysoké napětí,高電壓,zh-TW
Vytrvalý vzestup,向上流動,zh-TW
Vyzyvatel,極速快手,zh-TW
Vzestup,飛昇,zh-TW
Vágj utat,殺出血路,zh-TW
Válassz adottságot,選擇特性,zh-TW
Válečná stezka,刃馬合一,zh-TW
Válogatás nélkül,無差別屠殺,zh-TW
Vámpírerő I.,吸血活力,zh-TW
Ván Cược Hoàng Kim,黃金豪賭,zh-TW
Ván Cược URF,阿福奇兵,zh-TW
Vánek,西風匕首,zh-TW
Várható váratlanság,預料中的意外,zh-TW
Vânătoare de comori,尋寶遊戲,zh-TW
Vânător galactic,銀河獵手,zh-TW
Vânătorul de uriași,巨人殺手,zh-TW
Vé Kim Cương,稜鏡票券,zh-TW
Végjátékbeli erőnövelés,大器晚成,zh-TW
Végtelen kétségbeesés,無盡絕望,zh-TW
Végtelen védelem,無限守護,zh-TW
Végzethozó,厄運使者,zh-TW
Vérszomjas,嗜血者,zh-TW
Véráldozat,血祭,zh-TW
Véráldozat,血償,zh-TW
Vírusmátrix,惡意程式矩陣,zh-TW
Vô Cực Kiếm,無盡之刃,zh-TW
Vô Pháp,神影刺客,zh-TW
Võ Sĩ Giác Đấu,拳擊選手,zh-TW
Vörös erősítés,紅Buff,zh-TW
Výbušný růst,爆炸性成長,zh-TW
Výcvik tělesného strážce,保鑣訓練,zh-TW
Výrobce holí,杖匠,zh-TW
Výrobce mečů,劍匠,zh-TW
Výzva chaosu,混沌召喚,zh-TW
Văl uniform,均等法衣,zh-TW
Vălul nemișcării,寂靜法衣,zh-TW
Věčná dohoda,永恆契約,zh-TW
Věštec,神諭,zh-TW
Věž,防禦高塔,zh-TW
Vœu du chevalier,騎士誓願,zh-TW
Vœu du protecteur,保衛者之誓,zh-TW
Vůle palcátu,戰錘意志,zh-TW
Vươn Tới Tinh Tú,伸手摘星,zh-TW
Vương Miện Chiến Thuật,棋手皇冠,zh-TW
Vương Miện Hoàng Gia,皇冠守衛,zh-TW
Vương Miện Hắc Hóa,詛咒之冠,zh-TW
Vương Miện Nặng Trĩu,沉重王冠,zh-TW
W Czepku Urodzony,金湯匙,zh-TW
W Czwórce Siła,四重援軍,zh-TW
Wachsende Wurzeln,荊棘蔓延,zh-TW
Wampiryczna Żywotność,吸血活力,zh-TW
Wand Overflow,魔杖湧流,zh-TW
Wanderer,星際旅人,zh-TW
Wanderer-Emblem,星際旅人徽章,zh-TW
Warlord's Honor,戰國軍閥之榮耀,zh-TW
Warmog vértje,好戰者鎧甲,zh-TW
Warmog's Armor,好戰者鎧甲,zh-TW
Warmog'un Zırhı,好戰者鎧甲,zh-TW
Warmogova zbroj,好戰者鎧甲,zh-TW
Warmogs Rüstung,好戰者鎧甲,zh-TW
Warpath,刃馬合一,zh-TW
Warto Poczekać,值得等待,zh-TW
Wartość Dodana,價值爆棚,zh-TW
Wczesna Nauka,早期教育,zh-TW
We Stick Together,攜手同行,zh-TW
Weise Ausgaben,精打細算,zh-TW
Weltraum-Groove,太空律動,zh-TW
Weltraum-Groove-Emblem,太空律動徽章,zh-TW
Wezwanie Chaosu,混沌召喚,zh-TW
Widmowy Rapier,鬼使彎刀,zh-TW
Wie ist es um dein Glück bestellt?,鴻運當頭,zh-TW
Wieczny Brąz,銅級之命II,zh-TW
Wieczny Pakt,永恆契約,zh-TW
Wiederaufnahme der Mission,重新開始任務,zh-TW
Wielka Wygrana,脫穎而出,zh-TW
Wielki Wybuch,大霹靂星系,zh-TW
Wielkie Poświęcenie,強力投入,zh-TW
Wielkość i Potęga,巨大強悍,zh-TW
Wieża,防禦高塔,zh-TW
Willkürlicher Killer,無差別屠殺,zh-TW
Win Out,脫穎而出,zh-TW
"Winzig, aber tödlich",致命豆丁,zh-TW
Winzige Titanen,小小大英雄,zh-TW
Winzigster Titan,迷你小英雄,zh-TW
Wir halten zusammen,攜手同行,zh-TW
Wise Spending,精打細算,zh-TW
Wit's End,智慧末刃,zh-TW
Withered Relic,凋零聖物,zh-TW
Wkalkulowana Strata,這次戰敗也在計算之中,zh-TW
Wojenna Ścieżka,刃馬合一,zh-TW
Wola Buławy,戰錘意志,zh-TW
Worth the Wait,值得等待,zh-TW
Woven Magic,魔力編織,zh-TW
Wskrzeszenie,復活祝福,zh-TW
Wsparcie,並肩作戰,zh-TW
Wspinaczka po Drabince,攀升之階I,zh-TW
Wspólne Siły,人多好辦事,zh-TW
Wybierz cechę,選擇特性,zh-TW
Wygięty Łuk,反曲弓,zh-TW
Wygnańcy,流亡孤軍,zh-TW
Wykuj Znajomego,鑄造朋友,zh-TW
Wykuklenie,鈍化,zh-TW
Wykuto w Sile,力量鍛造,zh-TW
Wyniesienie,飛昇,zh-TW
Wyprzedaż na Ostro,跳樓大拍賣,zh-TW
Wyrocznia,神諭,zh-TW
Wysokie Napięcie,高電壓,zh-TW
Wytnij sobie drogę,殺出血路,zh-TW
Wywyższenie Kayle,凱爾的讚頌,zh-TW
Wzmacniający Medalion,支配寶匣,zh-TW
Wzmocnienie Raz i Dwa,一個Buff，兩個Buff,zh-TW
Wälzer der Attribute,特性典籍,zh-TW
Wędrujący Krab,河蟹,zh-TW
Włócznia Shojin,精進之矛,zh-TW
Xayah,剎雅,zh-TW
Xoay Bài Tự Động,重整裝置,zh-TW
Xây Dựng Đội Hình,建立團隊,zh-TW
Xúc Xắc Hoành Tráng,史詩重抽,zh-TW
Xúc Xắc Ma Pháp,魔法擲骰,zh-TW
Xúc Xắc Vô Tận,抽好抽滿I,zh-TW
Xạ Thần,重槍女武神,zh-TW
Yaldızlı Çelik,不破金鋼,zh-TW
Yalnız Zırh,單人磐核,zh-TW
Yampiri Yengeç,河蟹,zh-TW
Yan Etkiler,副作用,zh-TW
Yarı İletken,半導體,zh-TW
Yasak İdol,禁忌之像,zh-TW
Yasuo Figyelemmegosztása,犽宿之共享光采,zh-TW
Yasuo aranymezője,犽宿的黃金棋格,zh-TW
Yasuo kardforgatása,犽宿的迅雷之技,zh-TW
Yasuo áldása,犽宿的祝福,zh-TW
Yasuo'nun Altın Hücresi,犽宿的黃金棋格,zh-TW
Yasuo'nun Kılıç Sanatı,犽宿的迅雷之技,zh-TW
Yasuo'nun Lütfu,犽宿的祝福,zh-TW
Yasuo'nun İlgi Budalası Eklentisi,犽宿之共享光采,zh-TW
Yasuo's Bladework,犽宿的迅雷之技,zh-TW
Yasuo's Boon,犽宿的祝福,zh-TW
Yasuo's Golden Hex,犽宿的黃金棋格,zh-TW
Yasuo's Share The Spotlight,犽宿之共享光采,zh-TW
Yasuo: Împarte centrul atenției,犽宿之共享光采,zh-TW
Yasuos Goldfeld,犽宿的黃金棋格,zh-TW
Yasuos Klingentanz,犽宿的迅雷之技,zh-TW
Yasuos Segen,犽宿的祝福,zh-TW
Yasuos „Teile das Rampenlicht“,犽宿之共享光采,zh-TW
Yasuovo mistrovství meče,犽宿的迅雷之技,zh-TW
Yasuovo zlaté pole,犽宿的黃金棋格,zh-TW
Yasuův dar,犽宿的祝福,zh-TW
Yasuův Široký paprsek,犽宿之共享光采,zh-TW
Yatırımın Getirisi,投資,zh-TW
Yayılan Kökler,荊棘蔓延,zh-TW
Yayım Yayındır,吾弓效命於您,zh-TW
Yağmacı,劫掠者,zh-TW
Yağmacı Amblemi,劫掠者徽章,zh-TW
Yaşayan Ocak,活火爐,zh-TW
Yedek Yaylar,備用弓箭,zh-TW
Yelmo Adaptable,適性神盔,zh-TW
Yelmo adaptable,適性神盔,zh-TW
Yelmo sombrío,劫掠者,zh-TW
Yeni Çağ,紀元,zh-TW
Yenilemeye Devam,鴻運當頭,zh-TW
Yenilmez,不屈鬥魂,zh-TW
Yok Edici,燼滅之華,zh-TW
Yolumdan Dönmem,不偵察不換陣容,zh-TW
You Have My Bow,吾弓效命於您,zh-TW
Yozlaşmış Vampirî Asa,詛咒吸血鬼權杖,zh-TW
Yük Aktarımı,電荷轉移,zh-TW
Yüklü Borç,進階貸款,zh-TW
Yüksek Voltaj,高電壓,zh-TW
Yükseliş,飛昇,zh-TW
Yıldız Gözlemcisi,占星師,zh-TW
Yıldız Gözlemcisi Amblemi,占星師徽章,zh-TW
Yıldız Kombosu,星光連鎖,zh-TW
Yıldızlara Uzan,伸手摘星,zh-TW
Yıpranmış Antika,凋零聖物,zh-TW
Za jakou cenu,不惜代價,zh-TW
Zaangażowanie,投資,zh-TW
Zaawansowana Pożyczka,進階貸款,zh-TW
Zabiják obrů,巨人殺手,zh-TW
Zabójca do Wynajęcia,契約殺手,zh-TW
Zabójczy Kapelusz Rabadona,死亡之帽,zh-TW
Zagracony Umysł,思緒雜亂,zh-TW
Zagłada,厄運使者,zh-TW
Zakopane Skarby,地底寶藏,zh-TW
Zakopané poklady,地底寶藏,zh-TW
Zamankıran,時間破壞者,zh-TW
Zamankıran Amblemi,時間破壞者徽章,zh-TW
Zamiř ke hvězdám,伸手摘星,zh-TW
Zaměřovací optika,目標鎖定光學,zh-TW
Zaneprázdněná mysl,思緒雜亂,zh-TW
Zapora Przedniej Formacji,前線基礎,zh-TW
Zapovězená modla,禁忌之像,zh-TW
Zaprzepaszczona Znajomość,就差你一個,zh-TW
Zapuszczanie Korzeni,荊棘蔓延,zh-TW
Zararına Satış,跳樓大拍賣,zh-TW
Zasłona Równości,均等法衣,zh-TW
Zbiry,神影刺客,zh-TW
Zbytečně dlouhá hůl,巨型魔棒,zh-TW
Zdobená pěstnice,寶石手套,zh-TW
Zdobený květ,珠光蓮花II,zh-TW
Zdrang!,一棒入魂！,zh-TW
Zed,劫,zh-TW
Zed,影忍煞星：劫,zh-TW
Zed Invasor,影忍煞星：劫,zh-TW
Zed Invasore,影忍煞星：劫,zh-TW
Zed Kẻ Xâm Lăng,影忍煞星：劫,zh-TW
Zefir,西風匕首,zh-TW
Zefiro,西風匕首,zh-TW
Zefír,西風匕首,zh-TW
Zeitbrecher,時間破壞者,zh-TW
Zeitbrecher-Emblem,時間破壞者徽章,zh-TW
Zeița armelor,重槍女武神,zh-TW
Zeke hírnöke,錫柯的號角,zh-TW
Zeke komor hírnöke,錫柯的悲鳴號角,zh-TW
Zeke'nin Kasvetli Sancağı,錫柯的悲鳴號角,zh-TW
Zeke'nin Sancağı,錫柯的號角,zh-TW
Zeke's Bleak Herald,錫柯的悲鳴號角,zh-TW
Zeke's Herald,錫柯的號角,zh-TW
Zekes Herold,錫柯的號角,zh-TW
Zekes düsterer Herold,錫柯的悲鳴號角,zh-TW
Zekeův pochmurný posel,錫柯的悲鳴號角,zh-TW
Zekeův posel,錫柯的號角,zh-TW
Zephir,西風匕首,zh-TW
Zephyr,西風匕首,zh-TW
Zesílení do závěru hry,大器晚成,zh-TW
Zhouba lichů,巫妖之禍,zh-TW
Zielerfassungslinse,目標鎖定光學,zh-TW
Zihin Açıklığı,思緒清晰,zh-TW
Zihin Bulanıklığı,思緒雜亂,zh-TW
Zihinsel Hazırlık,營造氣場,zh-TW
Zincir Yelek,鎖子甲,zh-TW
Zindelik Broşu,支配寶匣,zh-TW
Zjazd Urodzinowy,生日團聚,zh-TW
Zkázonoš,厄運使者,zh-TW
Zlaté vejce,黃金蛋,zh-TW
Zlatý drak,黃金巨龍,zh-TW
Zlatý hod,黃金豪賭,zh-TW
Zlatý monzun,天外橫財,zh-TW
Zlodějské rukavice,竊賊手套,zh-TW
Zlodějíček,盜取,zh-TW
Zmora Licza,巫妖之禍,zh-TW
Zoe,柔依,zh-TW
Zorn des Kraken,海妖之怒,zh-TW
Zoé,柔依,zh-TW
Zrcadlová osobnost,鏡像人格,zh-TW
Zručná výroba,精心製作,zh-TW
Zrádné upírské žezlo,詛咒吸血鬼權杖,zh-TW
Zsivány,神影刺客,zh-TW
Zsivány embléma,神影刺客徽章,zh-TW
Zsúfolt elme,思緒雜亂,zh-TW
Ztracené konexe,就差你一個,zh-TW
Zu etwas nütze,死得有價值I,zh-TW
Zu viel Wert,價值爆棚,zh-TW
Zu welchem Preis,不惜代價,zh-TW
Zu zäh,坦度雙倍,zh-TW
Zumito de la risa,帽帽果汁,zh-TW
Zusammenarbeit,人多好辦事,zh-TW
Zwillingswächter,雙生守衛,zh-TW
Zwycięstwo Viktora z Arcane,奧術：維克特必勝,zh-TW
Zz'Rot Kapısı,虛空之門,zh-TW
Zz'Rot Portal,虛空之門,zh-TW
Zz'Rot-Portal,虛空之門,zh-TW
Zz'Rot-kapu,虛空之門,zh-TW
Zákeřná monetizace,惡性經營,zh-TW
Základ přední řady,前線基礎,zh-TW
Záložní luky,備用弓箭,zh-TW
Záporozó könnyek,淚光閃閃,zh-TW
Závěrečný spurt,脫穎而出,zh-TW
Zářivý rošťák,聖光無賴,zh-TW
Zéfiro,西風匕首,zh-TW
Zéphyr,西風匕首,zh-TW
Zügiger Doppelkill,疾速雙殺,zh-TW
Ząb Nashora,納什之牙,zh-TW
Złote Jajo,黃金蛋,zh-TW
Złote Pole Yasuo,犽宿的黃金棋格,zh-TW
Złote Ryzyko,黃金豪賭,zh-TW
Złoty Smok,黃金巨龍,zh-TW
Złowroga Monetyzacja,惡性經營,zh-TW
¡Bonk!,一棒入魂！,zh-TW
¡Estadísticas a tutiplén!,能力值大補包,zh-TW
¡Milestadísticas!,能力值大補包,zh-TW
¡Pum!,一棒入魂！,zh-TW
¡Sube de nivel!,升級！,zh-TW
¡Subes de nivel!,升級！,zh-TW
¿A qué precio?,不惜代價,zh-TW
¿Hacemos un Muñeco?,鈍化,zh-TW
¿Te Sientes con Suerte?,鴻運當頭,zh-TW
À toute meepesse,米普終端速度,zh-TW
Ábrete Camino,殺出血路,zh-TW
Ác Nữ,闇翼魔女,zh-TW
Állhatatos szív,堅定之心,zh-TW
Ám Ảnh Của Varus,法洛士的執念,zh-TW
Ánima,百獸,zh-TW
Áo Choàng Bóng Tối,夜色緣界,zh-TW
Áo Choàng Bạc,負極斗篷,zh-TW
Áo Choàng Chiến Thuật,棋手披風,zh-TW
Áo Choàng Diệt Vong,無盡絕望,zh-TW
Áo Choàng Gai,刺藤胸甲,zh-TW
Áo Choàng Lửa,日炎斗篷,zh-TW
Áo Choàng Mờ Ám,可疑風衣,zh-TW
Áo Choàng Thủy Ngân,水銀兜帽,zh-TW
Áo Choàng Tĩnh Lặng,寂靜法衣,zh-TW
Árbitro,仲裁者,zh-TW
Árnybáb,影子木偶,zh-TW
Árvore de Características,特性神木,zh-TW
Ân Huệ Của Ahri,阿璃的祝福,zh-TW
Ân Huệ Của Aurelion Sol,翱銳龍獸的祝福,zh-TW
Ân Huệ Của Ekko,艾克的祝福,zh-TW
Ân Huệ Của Evelynn,伊芙琳的祝福,zh-TW
Ân Huệ Của Kayle,凱爾的祝福,zh-TW
Ân Huệ Của Soraka,索拉卡的祝福,zh-TW
Ân Huệ Của Thresh,瑟雷西的祝福,zh-TW
Ân Huệ Của Varus,法洛士的祝福,zh-TW
Ân Huệ Của Yasuo,犽宿的祝福,zh-TW
Ân Huệ Tái Sinh,復活祝福,zh-TW
Ägide der Abenddämmerung,黃昏聖盾,zh-TW
Ägide der Morgendämmerung,黎明聖盾,zh-TW
Çelik İntikam,重槍女武神,zh-TW
Çelikten Yürek,心之抗防,zh-TW
Çifte Ödül,雙排,zh-TW
Échos réparateurs,治癒回音,zh-TW
Édes falatok,美味甜點,zh-TW
Égida del Amanecer,黎明聖盾,zh-TW
Égida del Ocaso,黃昏聖盾,zh-TW
Égida del amanecer,黎明聖盾,zh-TW
Égida del anochecer,黃昏聖盾,zh-TW
Égide da Alvorada,黎明聖盾,zh-TW
Égide de l'aube,黎明聖盾,zh-TW
Égide do Crepúsculo,黃昏聖盾,zh-TW
Égide du crépuscule,黃昏聖盾,zh-TW
Électrocharge,電光反擊,zh-TW
Élharcos,先鋒戰士,zh-TW
Élharcos embléma,先鋒戰士徽章,zh-TW
Énke,米普星人,zh-TW
Énke embléma,米普星人徽章,zh-TW
Énkesebesség,米普終端速度,zh-TW
Énkike,小米普,zh-TW
Época,紀元,zh-TW
Építhető kísérő,打造夥伴,zh-TW
Éradicateur,燼滅之華,zh-TW
Étincelle ionique,離子星火,zh-TW
Éveil de l'âme,魂力覺醒,zh-TW
Éxito Crítico,究極暴擊,zh-TW
Éxito crítico,究極暴擊,zh-TW
Ídolo Prohibido,禁忌之像,zh-TW
Ídolo Proibido,禁忌之像,zh-TW
Ídolo prohibido,禁忌之像,zh-TW
Îmbrâncire,砸起來,zh-TW
Îmbrățișare de grup,大家來抱抱,zh-TW
Împrumut avansat,進階貸款,zh-TW
În echipă,人多好辦事,zh-TW
Încărcare electrică,電光反擊,zh-TW
Înfățișarea sufletului,振奮盔甲,zh-TW
Întețește focul,熊熊火勢,zh-TW
Învingătorii iau totul,拳擊選手,zh-TW
Învățături timpurii,早期教育,zh-TW
Óptica de Fijación de Objetivo,目標鎖定光學,zh-TW
Óptica de fijado de objetivos,目標鎖定光學,zh-TW
Óriásölő,巨人殺手,zh-TW
Ô Hoàng Kim của Yasuo,犽宿的黃金棋格,zh-TW
Ôm Tập Thể,大家來抱抱,zh-TW
Ödüllü Müsabaka,拳擊選手,zh-TW
Ölüm Kılıcı,死神之刃,zh-TW
Ölümcül Bıçaklar,更致命之刃,zh-TW
Öncü,先鋒戰士,zh-TW
Öncü Amblemi,先鋒戰士徽章,zh-TW
Örök paktum,永恆契約,zh-TW
Összetartunk,攜手同行,zh-TW
Összetevőrablás,組件強盜,zh-TW
Össztűz,集中火力,zh-TW
Ösztönző medál,支配寶匣,zh-TW
Övszállítmány,腰帶多多,zh-TW
Özel Yapım,再造神兵,zh-TW
Özellik Ağacı,特性神木,zh-TW
Özellik Seç,選擇特性,zh-TW
Özellikler Kitabı,特性典籍,zh-TW
Újonc,招兵買馬,zh-TW
Újraalkotó,重整裝置,zh-TW
Újrahasznosító láda,回收再利用,zh-TW
Újrasorsolás napestig,抽好抽滿I,zh-TW
Últimas palabras,最後耳語,zh-TW
Último Suspiro,最後耳語,zh-TW
Último Sussurro,最後耳語,zh-TW
Úsměv štěstěny,鴻運當頭,zh-TW
Úsvit nad Stříbromořím,銀織黎明,zh-TW
Útočníkův řemdih,打手連枷,zh-TW
Úvodní poznatky,早期教育,zh-TW
Übergroßer Stab,巨型魔棒,zh-TW
Überlebender,生存專家,zh-TW
Übungspuppe,訓練假人,zh-TW
Ürességkesztyű,虛空武鬥場,zh-TW
Üçler Ordusu,「三」之軍團,zh-TW
Üçlük,三連勝I,zh-TW
Ý Chỉ Xích Chùy,戰錘意志,zh-TW
Ăn Mòn,腐蝕,zh-TW
Ăn Trộm,盜取,zh-TW
Čekající kovárna,潛在火爐,zh-TW
Čepel smrti,死神之刃,zh-TW
Červený buff,紅Buff,zh-TW
Čistá mysl,思緒清晰,zh-TW
Částečné vyzdvižení,不完全飛昇,zh-TW
Đai Khổng Lồ,巨人腰帶,zh-TW
Đam Mê Gậy,魔杖湧流,zh-TW
Đam Mê Kiếm,刀劍湧流,zh-TW
Đam Mê Đai Lưng,腰帶多多,zh-TW
Đao Chớp,閃刃,zh-TW
Đao Tím,智慧末刃,zh-TW
Đo Ni Đóng Giày,好運手套,zh-TW
Đá Hắc Hóa,枯萎寶石,zh-TW
Đánh Là Trúng,嘟嘟好,zh-TW
Đường Ra Trận,刃馬合一,zh-TW
Được Này Mất Kia,死得有價值I,zh-TW
Đại Bác Liên Thanh,衝擊火炮,zh-TW
Đấu Sĩ,武鬥家,zh-TW
Đầu Tư,投資,zh-TW
Đẩy Nhanh Tiến Độ,向上流動,zh-TW
Đặc Quyền Phú Gia,金湯匙,zh-TW
Định Mệnh,命運編織者,zh-TW
Đồng Minh Của Bụt,守望者之友,zh-TW
Độc Hành,流亡孤軍,zh-TW
Đội Hình Tối Ưu,頂裝,zh-TW
Động Cơ Tăng Tốc,發條加速器,zh-TW
İdman Eldiveni,格鬥手套,zh-TW
İhtiyaç Paketi,物資箱,zh-TW
İki Elin Sesi Var,價值爆棚,zh-TW
İki Kat Güçlendirme,一個Buff，兩個Buff,zh-TW
İkinci Şans,回春,zh-TW
İkiz Muhafızlar,雙生守衛,zh-TW
İleri Görüşlülük,超前部署,zh-TW
İleri Safha Gücü,大器晚成,zh-TW
İleri Safhalarda Görüşürüz,專打後期,zh-TW
İlk Öğretiler,早期教育,zh-TW
İstilacı Zed,影忍煞星：劫,zh-TW
İyon Kıvılcımı,離子星火,zh-TW
Ładunek Elektryczny,電光反擊,zh-TW
Łamacze Czasu,時間破壞者,zh-TW
Ławka Pandory,潘朵拉的備戰區,zh-TW
Łubudu!,一棒入魂！,zh-TW
Łuki Zapasowe,備用弓箭,zh-TW
Łut Szczęścia,鴻運當頭,zh-TW
Łza Bogini,女神之淚,zh-TW
Łącze Cybernetyczne,模控機械上鏈,zh-TW
Łącze Drona,無人機上鏈,zh-TW
Œuf d'or,黃金蛋,zh-TW
Říční krab,河蟹,zh-TW
Ślubowanie Protektora,保衛者之誓,zh-TW
Świetliste Wywyższenie Kayle,凱爾的聖光讚頌,zh-TW
Świetlisty Szelma,聖光無賴,zh-TW
Świeży Wyrób,再造神兵,zh-TW
Świt Srebrzystej,銀織黎明,zh-TW
Şafak Kalkanı,黎明聖盾,zh-TW
Şafağın Özü,破曉之核,zh-TW
Şans Benimle,鴻運當頭,zh-TW
Şanslı Eldiven,好運手套,zh-TW
Şanslı Hissediyorum,混沌召喚,zh-TW
Şapkat Nektarı,帽帽果汁,zh-TW
Şifalı Küreler,治療靈球,zh-TW
Şifalı Yankılar,治癒回音,zh-TW
Şok Dayanıklı,坦度雙倍,zh-TW
Şövalyenin Adağı,騎士誓願,zh-TW
Šplhání žebříčkem,攀升之階I,zh-TW
Štít soumraku,黃昏聖盾,zh-TW
Štít úsvitu,黎明聖盾,zh-TW
Šťáva Cappa,帽帽果汁,zh-TW
Űrzúzda,太空律動,zh-TW
Űrzúzda embléma,太空律動徽章,zh-TW
Żelazne Zasoby,鋼鐵素材,zh-TW
Żywa Kuźnia,活火爐,zh-TW
Żywe Srebro,水銀兜帽,zh-TW
Železné vybavení,鋼鐵素材,zh-TW
Živoucí kovárna,活火爐,zh-TW
Žoldnéř,劫掠者,zh-TW
Žďuch!,一棒入魂！,zh-TW
Țesător al destinului,命運編織者,zh-TW
Țintește spre stele,伸手摘星,zh-TW
Άατροξ,厄薩斯,zh-TW
Άνιμα,百獸,zh-TW
Άξιζε η Αναμονή,值得等待,zh-TW
Έζρεαλ,伊澤瑞爾,zh-TW
Έμβλημα N.O.V.A.,超新星徽章,zh-TW
Έμβλημα Άνιμα,百獸特攻隊徽章,zh-TW
Έμβλημα Αστρομάντη,占星師徽章,zh-TW
Έμβλημα Βοσκού,星靈牧者徽章,zh-TW
Έμβλημα Διεκδικητή,極速快手徽章,zh-TW
Έμβλημα Ελεύθερου Σκοπευτή,狙擊專家徽章,zh-TW
Έμβλημα Εμπροσθοφυλακής,先鋒戰士徽章,zh-TW
Έμβλημα Καβγατζή,武鬥家徽章,zh-TW
Έμβλημα Κριτή,仲裁者徽章,zh-TW
Έμβλημα Μιπ,米普星人徽章,zh-TW
Έμβλημα Πριμόρντιαν,遠古霸者徽章,zh-TW
Έμβλημα Σελασπίδας,光盾之紋,zh-TW
Έμβλημα Σκοτεινού Ιππότη,劫掠者徽章,zh-TW
Έμβλημα Ταξιδευτή,星際旅人徽章,zh-TW
Έμβλημα Χρονοθραύστη,時間破壞者徽章,zh-TW
Έμβλημα του Αλήτη,神影刺客徽章,zh-TW
Έμβλημα του Διαστημικού Ρυθμού,太空律動徽章,zh-TW
Έμβλημα του Προτειχίσματος,堡壘衛士徽章,zh-TW
Έμβλημα του Σκοτεινού Άστρου,幽冥煞星徽章,zh-TW
Έμβλημα των Σιδηρών Σολάρι,日輪的加冕,zh-TW
Ένα Κομμάτι Ζωή,循序漸進,zh-TW
"Ένα, Δύο, Πέντε!",一、二、五！,zh-TW
"Ένα, Δύο, Τρία",一二三,zh-TW
Όλεθρος των Απέθαντων,巫妖之禍,zh-TW
Όρκος του Ιππότη,騎士誓願,zh-TW
Όρκος του Υπερασπιστή,保衛者之誓,zh-TW
Όψη Πνευμάτων,振奮盔甲,zh-TW
Ύποπτη Καπαρντίνα,可疑風衣,zh-TW
Αγωγός,降靈師,zh-TW
Αδάμαστος,不屈鬥魂,zh-TW
Αιγίδα της Αυγής,黎明聖盾,zh-TW
Αιγίδα του Δειλινού,黃昏聖盾,zh-TW
Αιμοδιψής,嗜血者,zh-TW
Αιχμή του Απείρου,無盡之刃,zh-TW
Αιώνας,紀元,zh-TW
Αιώνια Διαθήκη,永恆契約,zh-TW
Ακάλι,阿卡莉,zh-TW
Ακλόνητη Καρδιά,堅定之心,zh-TW
Αλήτης,神影刺客,zh-TW
Αμοιβαίο Κεφάλαιο,避險基金,zh-TW
Ανέλιξη,向上流動,zh-TW
Αναλογική αύξηση προς το τέλος του παιχνιδιού,大器晚成,zh-TW
Αναμονή του Απροσδόκητου,預料中的意外,zh-TW
Ανασυνδυαστής,重整裝置,zh-TW
Ανεβαίνοντας στην Κατάταξη,攀升之階I,zh-TW
Ανταπόδοση,復仇,zh-TW
Αντιγραφέας,復刻師,zh-TW
Αντικείμενα Πανδώρας,潘朵拉的道具,zh-TW
Απέραντη Απόγνωση,無盡絕望,zh-TW
Απαγορευμένο Είδωλο,禁忌之像,zh-TW
Απατεώνας,私房錢,zh-TW
Απλωμένες Ρίζες,荊棘蔓延,zh-TW
Αποθεωτικό Σιδηρουργείο,神聖熔爐,zh-TW
Αποκλειστική Προσαρμογή,量身訂做,zh-TW
Απομίμηση,複製,zh-TW
Αποφασιστικότητα του Τιτάνα,泰坦的決意,zh-TW
Αρετή του Μάρτυρα,烈士美德,zh-TW
Ασημένιο Κουτάλι,金湯匙,zh-TW
Ασπίδα για Έναν,單人磐核,zh-TW
Ασπίδα του Συμβούλου,棋手之盾,zh-TW
Αστρικός Συνδυασμός,星光連鎖,zh-TW
Αστρομάντης,占星師,zh-TW
Ατσάλινοι Πόροι,鋼鐵素材,zh-TW
Αυγή στο Σίλβερμιρ,銀織黎明,zh-TW
Αυτοσχέδια Πανοπλία,臨時戰甲,zh-TW
Αφύπνιση Ψυχής,魂力覺醒,zh-TW
Βάρα και Σκάσε,嘟嘟好,zh-TW
Βάρδος,巴德,zh-TW
Βέιγκαρ,維迦,zh-TW
Βίκτορ,維克特,zh-TW
Βίκτορ της Απόκρυφης Γνώσης,奧術：維克特必勝,zh-TW
Βαρύ Τίμημα,不惜代價,zh-TW
Βελτιστοποίηση,最大最小化,zh-TW
Βεξ,薇可絲,zh-TW
Βιονικά Εμφυτεύματα,模控機械移植,zh-TW
Βιονική Ζεύξη,模控機械上鏈,zh-TW
Βοσκός,星靈牧者,zh-TW
Βρες Το Κέντρο Σου,中堅自強,zh-TW
Γ.Μ.Τ. Σπαθί,暴風之劍,zh-TW
Γάντι του Κενού,虛空武鬥場,zh-TW
Γάντια Μονομαχίας,格鬥手套,zh-TW
Γάντια του Κλέφτη,竊賊手套,zh-TW
Γάντια του Φούρναρη,縮小手套,zh-TW
Γαλαξιακός Κυνηγός,銀河獵手,zh-TW
Γαριδρομέας,河蟹,zh-TW
Γιαταγάνι Φαντασμάτων,鬼使彎刀,zh-TW
Γκναρ,吶兒,zh-TW
Γκουέν,關,zh-TW
Γκράγκας,古拉格斯,zh-TW
Γκρέιβς,葛雷夫,zh-TW
Γκόλεμ,魔像,zh-TW
Γνωσιακή Υπερφόρτιση,認知超載,zh-TW
Γνωσιακό Κόστος,智商稅,zh-TW
Γρήγορη Διπλή Εξόντωση,疾速雙殺,zh-TW
Γρήγορη Εκκίνηση,加速開始,zh-TW
Δάκρυ της Θεάς,女神之淚,zh-TW
Δάνειο για προχωρημένους,進階貸款,zh-TW
Δίδυμοι Φύλακες,雙生守衛,zh-TW
Δεν Υποχωρούμε,堅守前線,zh-TW
Δεσμευτική Στρατηγική,強力投入,zh-TW
Διάβρωση,腐蝕,zh-TW
Διάταξη,陣容,zh-TW
Διαδρομή Πολέμου,刃馬合一,zh-TW
Διαστημικός Ρυθμός,太空律動,zh-TW
Διεκδικητής,極速快手,zh-TW
Διεφθαρμένο Βαμπιρικό Σκήπτρο,詛咒吸血鬼權杖,zh-TW
Διοικήτρια Άνιμα,百獸指揮官,zh-TW
Διοικητής,指揮官,zh-TW
Διπλή Αξία,價值爆棚,zh-TW
Δοκίμασε Την Τύχη Σου,鴻運當頭,zh-TW
Δόντι του Νάσορ,納什之牙,zh-TW
Δόρυ του Σοτζίν,精進之矛,zh-TW
Δύο Ντούκια,坦度雙倍,zh-TW
Δώρο Γενεθλίων,生日禮物,zh-TW
Δώσε,砸起來,zh-TW
Εδραιωμένη Εμπροσθοφυλακή,前線基礎,zh-TW
Εδώ οι Καλές Ενισχύσεις,一個Buff，兩個Buff,zh-TW
Εδώ το Παραδάκι,貪財,zh-TW
Ειδικός Τελικών Σταδίων Παιχνιδιού,專打後期,zh-TW
Εισβολέας Ζεντ,影忍煞星：劫,zh-TW
Εκπαίδευση Σωματοφύλακα,保鑣訓練,zh-TW
Εκπτώσεις-φωτιά,跳樓大拍賣,zh-TW
Εκρηκτική Ανάπτυξη,爆炸性成長,zh-TW
Εκστρατεία,遠征,zh-TW
Ελαφρώς Μαγική Ζαριά,一點點重抽魔法,zh-TW
Ελεύθερος Σκοπευτής,狙擊專家,zh-TW
Εμπορικός Πυρήνας,貿易核心,zh-TW
Εμπορικός Τομέας,交易之星,zh-TW
Εμπροσθοφυλακή,先鋒戰士,zh-TW
Ενισχυμένη Ισχύς,增幅之力,zh-TW
Εξολοθρευτής,燼滅之華,zh-TW
Εξόριστοι,流亡孤軍,zh-TW
Εξύψωση,飛昇,zh-TW
Επέκταση,斜槓英雄,zh-TW
Επένδυση,投資,zh-TW
Επίχρυσο Ατσάλι,不破金鋼,zh-TW
Επαγγελματίας Δολοφόνος,契約殺手,zh-TW
Επαγγελματίας Μαχητής,拳擊選手,zh-TW
Επανεκκίνηση Αποστολής,重新開始任務,zh-TW
Επιζών,生存專家,zh-TW
Επικίνδυνες Κινήσεις,高風險高報酬,zh-TW
Επικό Μπαρμπούτι,史詩重抽,zh-TW
Επιλέξτε Χαρακτηριστικό,選擇特性,zh-TW
Επόμενη Πίστα!,升級！,zh-TW
Εστιασμένο Πυρ,集中火力,zh-TW
Ευελιξία,靈活變通,zh-TW
Ευλογία Ανάστασης,復活祝福,zh-TW
Ευλογία του Νταή,女武神的祝福,zh-TW
Ευπροσάρμοστο Κράνος,適性神盔,zh-TW
Εφεδρικά Τόξα,備用弓箭,zh-TW
Ζάια,剎雅,zh-TW
Ζέφυρος,西風匕首,zh-TW
Ζεντ,劫,zh-TW
Ζεύξη με Ντρόουν,無人機上鏈,zh-TW
Ζοφερός Κήρυκας του Ζέκε,錫柯的悲鳴號角,zh-TW
Ζωντανή Πυρά,活火爐,zh-TW
Ζόη,柔依,zh-TW
Ζώνη του Γίγαντα,巨人腰帶,zh-TW
Η Έξαρση της Κέιλ,凱爾的讚頌,zh-TW
Η Ακτινοβόλος Έξαρση της Κέιλ,凱爾的聖光讚頌,zh-TW
Η Αύρα της Άρι,阿璃的靈氣,zh-TW
Η Εμμονή του Βάρους,法洛士的執念,zh-TW
Η Μεγάλη Έκρηξη,大霹靂星系,zh-TW
Η Ξιφασκία του Υασούο,犽宿的迅雷之技,zh-TW
Η Υπομονή Είναι Αρετή,耐心是美德,zh-TW
Η Υπομονή του Έκκο,艾克的耐心,zh-TW
Η Ψυχή του Πάρτι,派對咖,zh-TW
Η ομάδα πάνω απ' όλα,人多好辦事,zh-TW
Ηλεκτροφόρτιση,電光反擊,zh-TW
Ημιαγωγός,半導體,zh-TW
Ηρωικός Σάκος Δώρων,英雄禮包,zh-TW
Θέατρο Σκιών,影子木偶,zh-TW
Θέληση του Ροπάλου,戰錘意志,zh-TW
Θαμμένοι Θησαυροί,地底寶藏,zh-TW
Θανάσιμα Καπέλα,致死之帽,zh-TW
Θεά των Όπλων,重槍女武神,zh-TW
Θεϊκή Ευλογία,神寵者,zh-TW
Θεϊκός Μονομάχος,神鬥士,zh-TW
Θυσία Αίματος,血祭,zh-TW
Θώρακας Κισσού,刺藤胸甲,zh-TW
Ιαματικός Αντίλαλος,治癒回音,zh-TW
Ιλλαόη,伊羅旖,zh-TW
Ιστορική Ανατροπή,逆轉佳話,zh-TW
Ιόνιος Σπίθα,離子星火,zh-TW
Κάδος με Παλιοσίδερα,回收再利用,zh-TW
Κάι'Σα,凱莎,zh-TW
Κάλεσμα στο Χάος,混沌召喚,zh-TW
Κάπα του Συμβούλου,棋手披風,zh-TW
Κάρμα,卡瑪,zh-TW
Κάτι Κάνω και Εγώ,死得有價值I,zh-TW
Κέιτλιν,凱特琳,zh-TW
Κήρυκας του Ζέκε,錫柯的號角,zh-TW
Κίντρεντ,鏡爪,zh-TW
Καβγατζής,武鬥家,zh-TW
Καθαρό Μυαλό,思緒清晰,zh-TW
Κακόβουλα Έσοδα,惡性經營,zh-TW
Καλά Φιλαράκια,一生摯友,zh-TW
Κανόνι από Γυαλί,玻璃大砲I,zh-TW
Καπέλο του Ράμπαντον,死亡之帽,zh-TW
Καρδιά από Ατσάλι,心之抗防,zh-TW
Καταιγίδα του Λούντεν,盧登驟雨,zh-TW
Καταναλωτική Μανία,買不手軟,zh-TW
Καταραμένη Λεπίδα,詛咒之刃,zh-TW
Καταραμένο Πετράδι,枯萎寶石,zh-TW
Καταραμένο Στέμμα,詛咒之冠,zh-TW
Καταστροφέας,厄運使者,zh-TW
Κατοπτρισμένη Προσωπικότητα,鏡像人格,zh-TW
Κατώτερη Κατοπτρισμένη Προσωπικότητα,初級鏡像人格,zh-TW
Καχουναχούνα,真派氣功,zh-TW
Κολοσσιαία Ύδρα,泰坦九頭蛇,zh-TW
Κοσμική Επανεκκίνηση,宇宙重啟,zh-TW
Κουζίνα του Συμβούλου,棋手廚房,zh-TW
Κουκλοποίηση,鈍化,zh-TW
Κούκλα Εκπαίδευσης,訓練假人,zh-TW
Κούκλες Δοκιμής Σύγκρουσης,碰撞測試,zh-TW
Κρίσιμη Επιτυχία,究極暴擊,zh-TW
Κριτής,仲裁者,zh-TW
Κρυφό Εργαστήριο,潛在火爐,zh-TW
Κυνήγι Θησαυρού,尋寶遊戲,zh-TW
Κυρτό Τόξο,反曲弓,zh-TW
Κόκκινη Ενίσχυση,紅Buff,zh-TW
Κόπανος Εφόδου,打手連枷,zh-TW
Κόρκι,庫奇,zh-TW
Κύπελλο της Δύναμης,力量聖杯,zh-TW
ΛεΜπλάν,勒布朗,zh-TW
Λεγεώνα των Τριών,「三」之軍團,zh-TW
Λειτουργία Αγωγού,降靈師模式,zh-TW
Λειτουργία Αντιγραφέα,復刻師模式,zh-TW
Λειτουργία Διεκδικητή,極速快手模式,zh-TW
Λελογισμένη Ήττα,這次戰敗也在計算之中,zh-TW
Λεπίδα Θανάτου,死神之刃,zh-TW
Λεπίδα της Νύχτας,夜色緣界,zh-TW
Λεόνα,雷歐娜,zh-TW
Ληστεία Συστατικών,組件強盜,zh-TW
Λισάντρα,麗珊卓,zh-TW
Λογαριασμός Ταμιευτηρίου,儲蓄帳戶,zh-TW
Λούλου,露璐,zh-TW
Λυτρωτής,救世主,zh-TW
Μάζωξη γενεθλίων,生日團聚,zh-TW
Μάντης,神諭,zh-TW
Μάστερ Γι,易大師,zh-TW
Μέγιστο Build,頂裝,zh-TW
Μένουμε Ενωμένοι,攜手同行,zh-TW
Μίλιο,米里歐,zh-TW
Μίνι Μαύρη Τρύπα,迷你黑洞,zh-TW
Μαγική Ζαριά,魔法擲骰,zh-TW
Μαγικό Υφαντό,魔力編織,zh-TW
Μαγοτεχνικό Σπαθοπίστολο,海克斯科技槍刃,zh-TW
Μαζί Ενωμένοι,並肩作戰,zh-TW
Μαζί στο Φως των Προβολέων του Υασούο,犽宿之共享光采,zh-TW
Μαθήματα Πυγμαχίας,拳擊訓練,zh-TW
Μανδύας Εξουδετέρωσης,負極斗篷,zh-TW
Μανδύας του Ήλιου,日炎斗篷,zh-TW
Μαοκάι,茂凱,zh-TW
Μεγάλοι Και Τρανοί,巨大強悍,zh-TW
Μερική Εξύψωση,不完全飛昇,zh-TW
Μεταφορά Φορτίου,電荷轉移,zh-TW
Μια Ένδοξη Περιπέτεια,非凡冒險,zh-TW
Μικροί Στο Μάτι,致命豆丁,zh-TW
Μικροσκοπικοί Τιτάνες,小小大英雄,zh-TW
Μικρούληδες Φίλοι,小小夥伴,zh-TW
Μικρός Σάκος Δώρων,小型禮包,zh-TW
Μιπ,米普星人,zh-TW
Μιπίδιο,小米普,zh-TW
Μις Φόρτσουν,好運姐,zh-TW
Μοργκάνα,魔甘娜,zh-TW
Μορελονομικόν,黑魔禁書,zh-TW
Μορντεκάιζερ,魔鬥凱薩,zh-TW
Μπελ'Βεθ,貝爾薇斯,zh-TW
Μπλίτζκρανκ,布里茨,zh-TW
Μπλε Ενίσχυση,藍Buff,zh-TW
Μπονκ!,一棒入魂！,zh-TW
Μπράιαρ,布蕾爾,zh-TW
Νάμι,娜米,zh-TW
Νάσους,納瑟斯,zh-TW
Νεοσύλλεκτος,招兵買馬,zh-TW
Νούνου και Γουίλαμπ,努努和威朗普,zh-TW
Ντιάνα,黛安娜,zh-TW
Ντόρτια,四重援軍,zh-TW
Νύχι του Δράκου,龍之爪,zh-TW
Νύχια του Λωποδύτη,潛行者之爪,zh-TW
Ο Δολοφόνος που δεν Κάνει Διακρίσεις,無差別屠殺,zh-TW
Ο Πάγκος της Πανδώρας,潘朵拉的備戰區,zh-TW
Ο Πρωταγωνιστής δεν Πεθαίνει,主角威能,zh-TW
Ο Πύργος,防禦高塔,zh-TW
Ο Χρυσός Δράκος,黃金巨龍,zh-TW
Ο πιο Μικροσκοπικός Τιτάνας,迷你小英雄,zh-TW
"ΟΧΙ ΠΑΡΑΚΟΛΟΥΘ., ΟΧΙ ΑΛΛΑΓΕΣ",不偵察不換陣容,zh-TW
Οι Απροσάρμοστοι,怪咖集合,zh-TW
"Οικονόμος, όχι Τσιγκούνης",精打細算,zh-TW
Ολοκαίνουργιο,再造神兵,zh-TW
Ομαδική Αγκαλιά,大家來抱抱,zh-TW
Οπτικά Συστήματα Στόχευσης,目標鎖定光學,zh-TW
Οργή του Κράκεν,海妖之怒,zh-TW
Οργανικό Εμφύτευμα,共感植入,zh-TW
Οργισμένο Σπαθί του Γκουίνσου,鬼索的狂暴之刃,zh-TW
Ορν,鄂爾,zh-TW
Ουρά Αναμονής Για Δύο,雙排,zh-TW
Ούργκοτ,烏爾加特,zh-TW
Πάικ,派克,zh-TW
Πάνθεον,潘森,zh-TW
Πέπλο Δειλινού,均等法衣,zh-TW
Πέπλο της Σιωπής,寂靜法衣,zh-TW
Πέτρινη Πανοπλία του Γκαργκόιλ,石像鬼磐核,zh-TW
Πακέτο Ενίσχυσης,強化包,zh-TW
Πακέτο Φροντίδας,物資箱,zh-TW
Πανοπλία του Γόρμογκ,好戰者鎧甲,zh-TW
Παρανοϊκό Ξίφος,智慧末刃,zh-TW
Παρασιτική Ζωτικότητα,吸血活力,zh-TW
Παρενέργειες,副作用,zh-TW
Περίσσευμα Ζωνών,腰帶多多,zh-TW
Περίσσευμα Ραβδιών,魔杖湧流,zh-TW
Περίσσευμα Σπαθιών,刀劍湧流,zh-TW
Περίτεχνη Δημιουργία,精心製作,zh-TW
Περικάρπιο του Ερευνητή,探索者護腕,zh-TW
Περιττά Τεράστια Ράβδος,巨型魔棒,zh-TW
Περπάτα στα Κάρβουνα,熊熊火勢,zh-TW
Πετραδένιο Γάντι,寶石手套,zh-TW
Πετραδένιος Λωτός,珠光蓮花II,zh-TW
Πηγαίνοντας Μακριά,長久之計,zh-TW
Πιο Θανάσιμες Λεπίδες,更致命之刃,zh-TW
Πλέγμα Κακόβουλου Λογισμικού,惡意程式矩陣,zh-TW
Πνεύμα Λύτρωσης,靈魂救贖,zh-TW
Πολλά Στατιστικά!,能力值大補包,zh-TW
Πολλές Ανανεώσεις,抽好抽滿I,zh-TW
Πολυκαιρισμένο Κειμήλιο,凋零聖物,zh-TW
Πολυτελής Συνδρομή,訂購奢侈品,zh-TW
Πολύπλευρο Κέρδος,脫穎而出,zh-TW
Πριμόρντιαν,遠古霸者,zh-TW
Πρισματικό Εισιτήριο,稜鏡票券,zh-TW
Προνοητική Σκέψη,超前部署,zh-TW
Προστασία από Άπειρο,無限守護,zh-TW
Προτείχισμα,堡壘衛士,zh-TW
Προτείχισμα,星界壁壘,zh-TW
Πρόκληση του Στέρακ,史特拉克手套,zh-TW
Πρώιμες Διδαχές,早期教育,zh-TW
Πόπι,波比,zh-TW
Πύλη Ζζ'Ροτ,虛空之門,zh-TW
Ράαστ,勒哈斯特,zh-TW
Ράβδος του Κενού,虛空之杖,zh-TW
Ράβδος των Σεραφίμ,熾天使之杖,zh-TW
Ράμους,拉姆斯,zh-TW
Ρίβεν,雷玟,zh-TW
Ραβδί Αρχάγγελου,大天使之杖,zh-TW
Ρεκ'Σάι,雷珂煞,zh-TW
Σάκος Δώρων,道具組合包I,zh-TW
Σάκος Δώρων του Ουρφ,阿福大禮包,zh-TW
Σάκος Μεγάλου Κάβουρα,大禮包,zh-TW
Σαμίρα,煞蜜拉,zh-TW
Σεν,慎,zh-TW
Σιδερόπλεκτο Γιλέκο,鎖子甲,zh-TW
Σκοτεινή Κυρία,闇翼魔女,zh-TW
Σκοτεινό Άστρο,幽冥煞星,zh-TW
Σκοτεινός Ιππότης,劫掠者,zh-TW
Σκοτισμένο Μυαλό,思緒雜亂,zh-TW
Σμιλεμένο με Δύναμη,力量鍛造,zh-TW
Σοκολατάκια,美味甜點,zh-TW
Σούφρωμα,盜取,zh-TW
Σπάτουλα,鍋鏟,zh-TW
Στέμμα του Συμβούλου,棋手皇冠,zh-TW
Στεμματοφύλακας,皇冠守衛,zh-TW
Στιλέτο Στατικού Ηλεκτρισμού,史提克彈簧刀,zh-TW
Στόχος μας τα Άστρα,伸手摘星,zh-TW
Συγκέντρωση Δυνάμεων,回春,zh-TW
Συγκέντρωση Ορίζοντα,視界專注,zh-TW
Συμμορία,神偷軍團,zh-TW
Συμμορία II,神偷軍團 II,zh-TW
Συνδρομητική Υπηρεσία,訂閱服務,zh-TW
Συνεχής Επίκληση,連續施法,zh-TW
Συντήρηση Βιοΰλης,生物材料保存,zh-TW
Σφαίρες Θεραπείας,治療靈球,zh-TW
Σχέδιο Οπισθοφυλακής,後排藍圖,zh-TW
Σόλο Άνοδος Επιπέδου,獨自升等,zh-TW
Σόνα,索娜,zh-TW
Σύμμαχος του Οδοιπόρου,守望者之友,zh-TW
Σύσφιξη Δεσμών,建立團隊,zh-TW
Τάλον,塔隆,zh-TW
Τίμο,提摩,zh-TW
Τα Δάκρυα Κύλησαν,淚光閃閃,zh-TW
Ταμ Κεντς,貪啃奇,zh-TW
Ταμπλό του Ήλιου,日炎燎原,zh-TW
Ταξιδευτής,星際旅人,zh-TW
Τελευταίος Ψίθυρος,最後耳語,zh-TW
Τερμιπική Ταχύτητα,米普終端速度,zh-TW
Τεχνίτης Ραβδιών,杖匠,zh-TW
Τεχνίτης Σπαθιών,劍匠,zh-TW
Τζαξ,賈克斯,zh-TW
Τζιν,燼,zh-TW
Τζινξ,吉茵珂絲,zh-TW
Τηγάνι,平底鍋,zh-TW
Τιμή σε Αίμα,血償,zh-TW
Τιμή του Πολέμαρχου,戰國軍閥之榮耀,zh-TW
Το Ένστικτο της Έβελιν,伊芙琳的本能,zh-TW
Το Δέντρο των Χαρακτηριστικών,特性神木,zh-TW
Το Δώρο της Άρι,阿璃的祝福,zh-TW
Το Δώρο της Έβελιν,伊芙琳的祝福,zh-TW
Το Δώρο της Κέιλ,凱爾的祝福,zh-TW
Το Δώρο της Σοράκα,索拉卡的祝福,zh-TW
Το Δώρο του Έκκο,艾克的祝福,zh-TW
Το Δώρο του Βάρους,法洛士的祝福,zh-TW
Το Δώρο του Θρες,瑟雷西的祝福,zh-TW
Το Δώρο του Υασούο,犽宿的祝福,zh-TW
Το Δώρο του Ωρέλιον Σολ,翱銳龍獸的祝福,zh-TW
Το Θαύμα της Σοράκα,索拉卡的奇蹟,zh-TW
Το Λημέρι του Βαρόνου,巴龍巢穴,zh-TW
Το Μέγεθος Μετράει,大小很重要,zh-TW
Το Πανίσχυρο Mech,超能機甲,zh-TW
Το Στέμμα Είναι Βαρύ,沉重王冠,zh-TW
Το Τέχνασμα του Ουρφ,阿福奇兵,zh-TW
Το Τεσσάρι το Καλό,願四之力與你同在,zh-TW
Το Τόξο μου στη Διάθεσή σου,吾弓效命於您,zh-TW
Το Φανάρι του Θρες,瑟雷西的燈籠,zh-TW
Το Χαρντκόρε Της Αυγής,破曉之核,zh-TW
Το Χρυσό Αυγό,黃金蛋,zh-TW
Τονωτικό Μενταγιόν,支配寶匣,zh-TW
Τουίστεντ Φέιτ,逆命,zh-TW
Τρίδυμο,三連勝I,zh-TW
Τρεμολεπίδες,閃刃,zh-TW
Τσεκούρι της Κόλασης,獄火手斧,zh-TW
Τσο'Γκαθ,科加斯,zh-TW
Τυχερά Γάντια,好運手套,zh-TW
Τόμος Χαρακτηριστικών,特性典籍,zh-TW
"Τώρα Κλαις, Γιατί Κλαις",淚如泉湧,zh-TW
Τώρα Που Έχω Ρέντα,鴻運當頭,zh-TW
ΥΠΕΡΤΑΧYΤΑΤΟ ΠΥΡ,阿福快打,zh-TW
Υδράργυρος,水銀兜帽,zh-TW
Υπέρλαμπρος Κατεργάρης,聖光無賴,zh-TW
Υπομονετική Μελέτη,耐心學習,zh-TW
Υφάντρα της Μοίρας,命運編織者,zh-TW
Υψηλή Τάση,高電壓,zh-TW
Φαρμάρισμα Αύρας,營造氣場,zh-TW
Φιζ,飛斯,zh-TW
Φιόρα,菲歐拉,zh-TW
Φλεγόμενο Ολμοβόλο,衝擊火炮,zh-TW
Φολιδωτή Ουσία,微光龍鱗精粹,zh-TW
Φονέας Γιγάντων,巨人殺手,zh-TW
Φορητό Εργαστήριο,攜帶型打鐵舖,zh-TW
Φτιάξε Έναν Φίλο,鑄造朋友,zh-TW
Φτιάξε τον Δικό σου Φίλο,開局新手包,zh-TW
Φτιάξτε έναν σύντροφο,打造夥伴,zh-TW
Φυλαχτό της Εξύψωσης,昇華護符,zh-TW
Χάλκινη για Πάντα,銅級之命II,zh-TW
Χέρι της Δικαιοσύνης,正義手套,zh-TW
Χαμένες Συνδέσεις,就差你一個,zh-TW
Χαράξτε Μονοπάτι,殺出血路,zh-TW
Χαρτζιλίκι,午餐錢,zh-TW
Χρηματοθύελλα,天外橫財,zh-TW
Χρονοθραύστης,時間破壞者,zh-TW
Χρυσό Εξάγωνο του Υασούο,犽宿的黃金棋格,zh-TW
Χρυσό Ποντάρισμα,黃金豪賭,zh-TW
Χυμός Κάπα,帽帽果汁,zh-TW
Ψαροκόκκαλο,惡鯊火箭,zh-TW
Ψυχογενές Έμβλημα,靈能使徽章,zh-TW
Ψυχογενής,靈能使,zh-TW
Ωρέλιον Σολ,翱銳龍獸,zh-TW
Ωρολογιακός Επιταχυντής,發條加速器,zh-TW
Ωρόρα,歐羅拉,zh-TW
Авангард,先鋒戰士,zh-TW
Аврора,歐羅拉,zh-TW
Агрессивная монетизация,惡性經營,zh-TW
Адаптивный шлем,適性神盔,zh-TW
Акали,阿卡莉,zh-TW
Арбитр,仲裁者,zh-TW
Арена солнечного пламени,日炎燎原,zh-TW
Атрокс,厄薩斯,zh-TW
Аугментированная сила,增幅之力,zh-TW
Аура Ари,阿璃的靈氣,zh-TW
Аурелион Сол,翱銳龍獸,zh-TW
Бард,巴德,zh-TW
Башня,防禦高塔,zh-TW
Бел'Вет,貝爾薇斯,zh-TW
Бесконечное отчаяние,無盡絕望,zh-TW
Благословлен.,神寵者,zh-TW
Близость удачи,鴻運當頭,zh-TW
Блицкранк,布里茨,zh-TW
Божественный дуэлянт,神鬥士,zh-TW
Более смертельные шляпы,致死之帽,zh-TW
Больше – лучше,大小很重要,zh-TW
Большой взрыв,大霹靂星系,zh-TW
Большой мешок с сюрпризом,大禮包,zh-TW
Боньк!,一棒入魂！,zh-TW
Брайер,布蕾爾,zh-TW
Бронза навек,銅級之命II,zh-TW
Бунтари,怪咖集合,zh-TW
Буря Людена,盧登驟雨,zh-TW
Бустер,強化包,zh-TW
В лучах славы (Ясуо),犽宿之共享光采,zh-TW
В ударе,鴻運當頭,zh-TW
Варежки,縮小手套,zh-TW
Вверх по головам,攀升之階I,zh-TW
Вейгар,維迦,zh-TW
Векс,薇可絲,zh-TW
Вербовка,招兵買馬,zh-TW
Верное сердце,堅定之心,zh-TW
Вестник Зика,錫柯的號角,zh-TW
Вестник рока,厄運使者,zh-TW
Вечерний покров,均等法衣,zh-TW
Вечное обновление,抽好抽滿I,zh-TW
Вечный договор,永恆契約,zh-TW
Взрывной рост,爆炸性成長,zh-TW
Виктор,維克特,zh-TW
Возвышение Кейл,凱爾的讚頌,zh-TW
Возмездие,復仇,zh-TW
Вознесение,飛昇,zh-TW
Волевая победа,逆轉佳話,zh-TW
Воля булавы,戰錘意志,zh-TW
Воровская шайка,神偷軍團,zh-TW
Воровская шайка II,神偷軍團 II,zh-TW
Восстанавливающий медальон,支配寶匣,zh-TW
Вредоносная матрица,惡意程式矩陣,zh-TW
Вредоносный самоцвет,枯萎寶石,zh-TW
Второе дыхание,回春,zh-TW
Выбор особенности,選擇特性,zh-TW
Выбор сделан,不偵察不換陣容,zh-TW
Выгодное предложение,精打細算,zh-TW
Выживший,生存專家,zh-TW
Высокая ценность,價值爆棚,zh-TW
Высокое напряжение,高電壓,zh-TW
Галактика грува,太空律動,zh-TW
Гамбит Урфа,阿福奇兵,zh-TW
Гвен,關,zh-TW
Герб Лайтшилдов,光盾之紋,zh-TW
Геройский мешок с сюрпризом,英雄禮包,zh-TW
Гибкость,靈活變通,zh-TW
Гнар,吶兒,zh-TW
Голем,魔像,zh-TW
Головокружение,思緒雜亂,zh-TW
Головорез,神影刺客,zh-TW
Горнило испытаний,力量鍛造,zh-TW
Грабеж,盜取,zh-TW
Грагас,古拉格斯,zh-TW
Грань Бесконечности,無盡之刃,zh-TW
Грань ночи,夜色緣界,zh-TW
Грейвз,葛雷夫,zh-TW
Гроза Личей,巫妖之禍,zh-TW
Гроза галактики,重槍女武神,zh-TW
Групповые обнимашки,大家來抱抱,zh-TW
Гуляка,派對咖,zh-TW
Да пребудет с вами сила четверки,願四之力與你同在,zh-TW
Дальновидность,超前部署,zh-TW
Дар Ари,阿璃的祝福,zh-TW
Дар Аурелиона Сола,翱銳龍獸的祝福,zh-TW
Дар Варуса,法洛士的祝福,zh-TW
Дар Кейл,凱爾的祝福,zh-TW
Дар Сораки,索拉卡的祝福,zh-TW
Дар Треша,瑟雷西的祝福,zh-TW
Дар Эвелинн,伊芙琳的祝福,zh-TW
Дар Экко,艾克的祝福,zh-TW
Дар Ясуо,犽宿的祝福,zh-TW
Дар возрождения,復活祝福,zh-TW
Дар ремесленника,女武神的祝福,zh-TW
Два стража,雙生守衛,zh-TW
Двойная защита,坦度雙倍,zh-TW
Дебошир,武鬥家,zh-TW
Дерево особенностей,特性神木,zh-TW
Держать строй!,堅守前線,zh-TW
Держимся вместе,攜手同行,zh-TW
Джакс,賈克斯,zh-TW
Джин,燼,zh-TW
Джинкс,吉茵珂絲,zh-TW
Диана,黛安娜,zh-TW
Добродетель мученика,烈士美德,zh-TW
Доспех Вармога,好戰者鎧甲,zh-TW
Драгоценная перчатка,寶石手套,zh-TW
Драгоценный лотос,珠光蓮花II,zh-TW
Дух искупления,靈魂救贖,zh-TW
Жажда золота,貪財,zh-TW
Железный аргумент,鋼鐵素材,zh-TW
Живая кузница,活火爐,zh-TW
Живучесть вампира,吸血活力,zh-TW
Жулик,私房錢,zh-TW
Задира,極速快手,zh-TW
Закопанные сокровища,地底寶藏,zh-TW
Западный ветер,西風匕首,zh-TW
Запасные луки,備用弓箭,zh-TW
Запретный идол,禁忌之像,zh-TW
Заточка Статикка,史提克彈簧刀,zh-TW
Защита вечности,無限守護,zh-TW
Звездная комбинация,星光連鎖,zh-TW
Звездочет,占星師,zh-TW
Звериный отряд,百獸,zh-TW
Зед,劫,zh-TW
Зеркальное отражение,鏡像人格,zh-TW
Златоносная сущность,微光龍鱗精粹,zh-TW
Зов хаоса,混沌召喚,zh-TW
Зои,柔依,zh-TW
Золотая ячейка Ясуо,犽宿的黃金棋格,zh-TW
Золотое яйцо,黃金蛋,zh-TW
Золотой дракон,黃金巨龍,zh-TW
Золотой риск,黃金豪賭,zh-TW
Золотой ураган,天外橫財,zh-TW
Зуб Нашора,納什之牙,zh-TW
Игра в команде,人多好辦事,zh-TW
Игра в паре,雙排,zh-TW
Игра вдолгую,長久之計,zh-TW
Избиение,砸起來,zh-TW
Изгнание,流亡孤軍,zh-TW
Изогнутый лук,反曲弓,zh-TW
Иллаой,伊羅旖,zh-TW
Инвестиции,投資,zh-TW
Инстинкты Эвелинн,伊芙琳的本能,zh-TW
Ионийская искра,離子星火,zh-TW
Искупитель,救世主,zh-TW
Искусное искусство,精心製作,zh-TW
Испытание Стерака,史特拉克手套,zh-TW
Иссушенная реликвия,凋零聖物,zh-TW
Истребитель,燼滅之華,zh-TW
Кай'Са,凱莎,zh-TW
Какой ценой?,不惜代價,zh-TW
Каменный доспех гаргульи,石像鬼磐核,zh-TW
Карма,卡瑪,zh-TW
Карманные деньги,午餐錢,zh-TW
Карьерный рост,向上流動,zh-TW
Кахунахуна,真派氣功,zh-TW
Кейтлин,凱特琳,zh-TW
Киберимпланты,模控機械移植,zh-TW
Киберподдержка,模控機械上鏈,zh-TW
Киндред,鏡爪,zh-TW
Клинок смерти,死神之刃,zh-TW
Клинок ярости Гинсу,鬼索的狂暴之刃,zh-TW
Клятва защитника,保衛者之誓,zh-TW
Клятва рыцаря,騎士誓願,zh-TW
Книга особенностей,特性典籍,zh-TW
Когнитивная нагрузка,智商稅,zh-TW
Когнитивная перегрузка,認知超載,zh-TW
Коготь дракона,龍之爪,zh-TW
Коготь охотника,潛行者之爪,zh-TW
Кольчуга,鎖子甲,zh-TW
Командир,指揮官,zh-TW
Командир Звериного отряда,百獸指揮官,zh-TW
Конструктор,開局新手包,zh-TW
Копье Седзина,精進之矛,zh-TW
Корки,庫奇,zh-TW
Королевский венец,皇冠守衛,zh-TW
Корона тактика,棋手皇冠,zh-TW
Коррозия,腐蝕,zh-TW
Космическое обновление,宇宙重啟,zh-TW
Кража компонентов,組件強盜,zh-TW
Красное усиление,紅Buff,zh-TW
Критический успех,究極暴擊,zh-TW
Кровавая цена,血償,zh-TW
Кровавое подношение,血祭,zh-TW
Кровопийца,嗜血者,zh-TW
Крошки-великаны,小小大英雄,zh-TW
Крупный займ,進階貸款,zh-TW
Кузница апофеоза,神聖熔爐,zh-TW
Кусочек жизни,循序漸進,zh-TW
Кухня тактика,棋手廚房,zh-TW
Ле Блан,勒布朗,zh-TW
Легион троек,「三」之軍團,zh-TW
Леденящий Вестник Зика,錫柯的悲鳴號角,zh-TW
Леона,雷歐娜,zh-TW
Летающие ножи,閃刃,zh-TW
Лиссандра,麗珊卓,zh-TW
Логово Барона,巴龍巢穴,zh-TW
Лопатка,鍋鏟,zh-TW
Лулу,露璐,zh-TW
Лучезарное возвышение Кейл,凱爾的聖光讚頌,zh-TW
Лучезарный плут,聖光無賴,zh-TW
Лучшая сборка,頂裝,zh-TW
Лучшие друзья,一生摯友,zh-TW
Магические кости,魔法擲骰,zh-TW
"Мал, да удал",致命豆丁,zh-TW
Малая черная дыра,迷你黑洞,zh-TW
Маленькие друзья,小小夥伴,zh-TW
Малое Зеркальное отражение,初級鏡像人格,zh-TW
Манекенофикация,鈍化,zh-TW
Манекены для краш-тестов,碰撞測試,zh-TW
Мантия тактика,棋手披風,zh-TW
Маокай,茂凱,zh-TW
Мародер,劫掠者,zh-TW
Мастер Йи,易大師,zh-TW
Мастер мечей,劍匠,zh-TW
Мастер посохов,杖匠,zh-TW
Мастерство Ясуо,犽宿的迅雷之技,zh-TW
Медальон Железных Солари,日輪的加冕,zh-TW
Мешок предметов,道具組合包I,zh-TW
Мешок с сюрпризом Урфа,阿福大禮包,zh-TW
Милио,米里歐,zh-TW
Минмаксинг,最大最小化,zh-TW
Мипер,米普星人,zh-TW
Мипоритка,小米普,zh-TW
Мисс Фортуна,好運姐,zh-TW
Могучие исполины,巨大強悍,zh-TW
Моргана,魔甘娜,zh-TW
Мордекайзер,魔鬥凱薩,zh-TW
Мореллономикон,黑魔禁書,zh-TW
Мощь на позднем этапе,大器晚成,zh-TW
Н.О.В.А.,超新星,zh-TW
Набор ауры,營造氣場,zh-TW
Наемный убийца,契約殺手,zh-TW
Накидка солнечного пламени,日炎斗篷,zh-TW
Накопитель биомассы,生物材料保存,zh-TW
Накопительный вклад,儲蓄帳戶,zh-TW
Нами,娜米,zh-TW
Наручи Искательницы,探索者護腕,zh-TW
Настоящий триумф,脫穎而出,zh-TW
Насус,納瑟斯,zh-TW
Небольшой мешок с сюрпризом,小型禮包,zh-TW
Непрерывное колдовство,連續施法,zh-TW
Несокрушимый,堡壘衛士,zh-TW
Нет на месте,強制中離,zh-TW
Неукротимость,不屈鬥魂,zh-TW
Нечестивый Вампирский скипетр,詛咒吸血鬼權杖,zh-TW
Новинка,再造神兵,zh-TW
Новый уровень!,升級！,zh-TW
Номер один,就差你一個,zh-TW
Нуну и Виллумп,努努和威朗普,zh-TW
Облачение духов,振奮盔甲,zh-TW
Обновление с капелькой магии,一點點重抽魔法,zh-TW
Одержимость Варуса,法洛士的執念,zh-TW
Один доспех,單人磐核,zh-TW
"Один, два, три",一二三,zh-TW
"Одно усиление, два усиления",一個Buff，兩個Buff,zh-TW
Ожидаемая неожиданность,預料中的意外,zh-TW
Оплот,星界壁壘,zh-TW
Оплот передней линии,前線基礎,zh-TW
Оправданное ожидание,值得等待,zh-TW
Оптика с захватом цели,目標鎖定光學,zh-TW
Оракул,神諭,zh-TW
Орн,鄂爾,zh-TW
Охота за сокровищами,尋寶遊戲,zh-TW
Охотник Галактики,銀河獵手,zh-TW
Пайк,派克,zh-TW
Пантеон,潘森,zh-TW
Пастух,星靈牧者,zh-TW
Перезапуск миссии,重新開始任務,zh-TW
Переизбыток жезлов,魔杖湧流,zh-TW
Переизбыток мечей,刀劍湧流,zh-TW
Переизбыток поясов,腰帶多多,zh-TW
Перенос заряда,電荷轉移,zh-TW
Переносная кузница,攜帶型打鐵舖,zh-TW
Переработка отходов,回收再利用,zh-TW
Перчатка Бездны,虛空武鬥場,zh-TW
Перчатки вора,竊賊手套,zh-TW
Плетение магии,魔力編織,zh-TW
Плечом к плечу,並肩作戰,zh-TW
Победа Виктора из ''Аркейна'',奧術：維克特必勝,zh-TW
Побочные эффекты,副作用,zh-TW
Поглощающий плащ,負極斗篷,zh-TW
Подарок на день рождения,生日禮物,zh-TW
Подготовка телохранителя,保鑣訓練,zh-TW
Поднятие уровня в одиночку,獨自升等,zh-TW
Подозрительный плащ,可疑風衣,zh-TW
Подписка,訂閱服務,zh-TW
Позолоченная сталь,不破金鋼,zh-TW
Покров тишины,寂靜法衣,zh-TW
Покупки,買不手軟,zh-TW
Полупроводник,半導體,zh-TW
Поппи,波比,zh-TW
Портал Зз'Рота,虛空之門,zh-TW
Посох Бездны,虛空之杖,zh-TW
Посох архангела,大天使之杖,zh-TW
Посох серафима,熾天使之杖,zh-TW
Построение,陣容,zh-TW
Посылка,物資箱,zh-TW
Пояс великана,巨人腰帶,zh-TW
Празднование юбилея,生日團聚,zh-TW
Предметы Пандоры,潘朵拉的道具,zh-TW
Предсмертный шепот,最後耳語,zh-TW
Приз победителю,拳擊選手,zh-TW
Призматический билет,稜鏡票券,zh-TW
Призрачная сабля,鬼使彎刀,zh-TW
Прицельная стрельба,集中火力,zh-TW
Пришелец Зед,影忍煞星：劫,zh-TW
Пробуждение души,魂力覺醒,zh-TW
Проводник,降靈師,zh-TW
Прокладывание пути,殺出血路,zh-TW
Проклятая корона,詛咒之冠,zh-TW
Проклятый клинок,詛咒之刃,zh-TW
Псионик,靈能使,zh-TW
Пугливый краб,河蟹,zh-TW
Путь к вершине,非凡冒險,zh-TW
Путь к звездам,伸手摘星,zh-TW
Рааст,勒哈斯特,zh-TW
"Раз, два, пять!",一、二、五！,zh-TW
Разрушитель времени,時間破壞者,zh-TW
Раммус,拉姆斯,zh-TW
Ранние уроки,早期教育,zh-TW
Распаленное пламя,熊熊火勢,zh-TW
Расползающиеся корни,荊棘蔓延,zh-TW
Распродажа,跳樓大拍賣,zh-TW
Расширение дела,斜槓英雄,zh-TW
Режим задиры,極速快手模式,zh-TW
Режим проводника,降靈師模式,zh-TW
Режим репликатора,復刻師模式,zh-TW
Рек'Сай,雷珂煞,zh-TW
Рекомбинатор,重整裝置,zh-TW
Реликт,遠古霸者,zh-TW
Репликатор,復刻師,zh-TW
Репликация,複製,zh-TW
Решимость титана,泰坦的決意,zh-TW
Ривен,雷玟,zh-TW
Рискованный ход,高風險高報酬,zh-TW
Робот,機械戰甲,zh-TW
Роскошная подписка,訂購奢侈品,zh-TW
Рука правосудия,正義手套,zh-TW
С места в карьер,加速開始,zh-TW
С тобой мой лук,吾弓效命於您,zh-TW
Самира,煞蜜拉,zh-TW
Самодельный доспех,臨時戰甲,zh-TW
Самый Лучший Меч,暴風之劍,zh-TW
Самый крошечный великан,迷你小英雄,zh-TW
Самый могучий робот,超能機甲,zh-TW
Свежая поставка,嘟嘟好,zh-TW
Сверхмипная скорость,米普終端速度,zh-TW
Связь с дроном,無人機上鏈,zh-TW
Серебряная ложка,金湯匙,zh-TW
Сильвермирская заря,銀織黎明,zh-TW
Симпатический имплант,共感植入,zh-TW
Синее усиление,藍Buff,zh-TW
Скамейка Пандоры,潘朵拉的備戰區,zh-TW
Скелетница,惡鯊火箭,zh-TW
Сковородка,平底鍋,zh-TW
Скорострельная пушка,衝擊火炮,zh-TW
Сладкие угощения,美味甜點,zh-TW
Слеза богини,女神之淚,zh-TW
Слезы рекой,淚如泉湧,zh-TW
Слишком Большой Жезл,巨型魔棒,zh-TW
Смертельная шляпа Рабадона,死亡之帽,zh-TW
Смертоносные клинки,更致命之刃,zh-TW
Смерть Разума,智慧末刃,zh-TW
Снайпер,狙擊專家,zh-TW
Создание друга,鑄造朋友,zh-TW
Создание спутника,打造夥伴,zh-TW
Сона,索娜,zh-TW
Союзник,守望者之友,zh-TW
Специалист по поздним этапам,專打後期,zh-TW
Спящая кузница,潛在火爐,zh-TW
Стальное сердце,心之抗防,zh-TW
Статическое электричество,電光反擊,zh-TW
Стеклянная пушка,玻璃大砲I,zh-TW
Странник,星際旅人,zh-TW
Страховой фонд,避險基金,zh-TW
Стремительное двойное убийство,疾速雙殺,zh-TW
Стремительное серебро,水銀兜帽,zh-TW
Струящиеся слезы,淚光閃閃,zh-TW
Суть коммерции,貿易核心,zh-TW
Сфера лечения,治療靈球,zh-TW
Счастливые перчатки,好運手套,zh-TW
Сюжетная защита,主角威能,zh-TW
Таам Кенч,貪啃奇,zh-TW
Талисман вознесения,昇華護符,zh-TW
Талон,塔隆,zh-TW
Твистед Фэйт,逆命,zh-TW
Темная звезда,幽冥煞星,zh-TW
Темная леди,闇翼魔女,zh-TW
Теневая марионетка,影子木偶,zh-TW
Терновый жилет,刺藤胸甲,zh-TW
Терпеливый ученик,耐心學習,zh-TW
Терпение,耐心是美德,zh-TW
Терпение Экко,艾克的耐心,zh-TW
Тимбилдинг,建立團隊,zh-TW
Тимо,提摩,zh-TW
Титаническая гидра,泰坦九頭蛇,zh-TW
Ткач судьбы,命運編織者,zh-TW
Тонны показателей!,能力值大補包,zh-TW
Топор адского пламени,獄火手斧,zh-TW
Торговый сектор,交易之星,zh-TW
Тренировочные перчатки,格鬥手套,zh-TW
Тренировочный манекен,訓練假人,zh-TW
Триада,三連勝I,zh-TW
Тропа войны,刃馬合一,zh-TW
Тяжел венец,沉重王冠,zh-TW
У.Р.Ф.,阿福快打,zh-TW
Убийство без разбора,無差別屠殺,zh-TW
Убийца великанов,巨人殺手,zh-TW
Ургот,烏爾加特,zh-TW
Уроки бокса,拳擊訓練,zh-TW
Физз,飛斯,zh-TW
Фиора,菲歐拉,zh-TW
Фонарь Треша,瑟雷西的燈籠,zh-TW
Хекстековый прицел,視界專注,zh-TW
Хекстековый штык,海克斯科技槍刃,zh-TW
Хитрая тактика,這次戰敗也在計算之中,zh-TW
Хоть какая-то польза,死得有價值I,zh-TW
Целеустремленность,強力投入,zh-TW
Центр внимания,中堅自強,zh-TW
Цеп вышибалы,打手連枷,zh-TW
Часовой механизм,發條加速器,zh-TW
Частичное вознесение,不完全飛昇,zh-TW
Чаша силы,力量聖杯,zh-TW
Чертеж для задней линии,後排藍圖,zh-TW
Честь полководца,戰國軍閥之榮耀,zh-TW
Четырехкратное усиление,四重援軍,zh-TW
Чо'Гат,科加斯,zh-TW
Чудо Сораки,索拉卡的奇蹟,zh-TW
Шапучий напиток,帽帽果汁,zh-TW
Шая,剎雅,zh-TW
Шен,慎,zh-TW
Щит тактика,棋手之盾,zh-TW
Эгида рассвета,黎明聖盾,zh-TW
Эгида сумерек,黃昏聖盾,zh-TW
Эзреаль,伊澤瑞爾,zh-TW
Эксклюзивная кастомизация,量身訂做,zh-TW
Экспедиция,遠征,zh-TW
Эмблема Галактики грува,太空律動徽章,zh-TW
Эмблема Звериного отряда,百獸特攻隊徽章,zh-TW
Эмблема Н.О.В.А.,超新星徽章,zh-TW
Эмблема Темной звезды,幽冥煞星徽章,zh-TW
Эмблема авангарда,先鋒戰士徽章,zh-TW
Эмблема арбитра,仲裁者徽章,zh-TW
Эмблема головореза,神影刺客徽章,zh-TW
Эмблема дебошира,武鬥家徽章,zh-TW
Эмблема задиры,極速快手徽章,zh-TW
Эмблема звездочета,占星師徽章,zh-TW
Эмблема мародера,劫掠者徽章,zh-TW
Эмблема мипера,米普星人徽章,zh-TW
Эмблема несокрушимого,堡壘衛士徽章,zh-TW
Эмблема пастуха,星靈牧者徽章,zh-TW
Эмблема псионика,靈能使徽章,zh-TW
Эмблема разрушителя времени,時間破壞者徽章,zh-TW
Эмблема реликта,遠古霸者徽章,zh-TW
Эмблема снайпера,狙擊專家徽章,zh-TW
Эмблема странника,星際旅人徽章,zh-TW
Эпические обновления,史詩重抽,zh-TW
Эпоха,紀元,zh-TW
Эхо восстановления,治癒回音,zh-TW
Ядро рассвета,破曉之核,zh-TW
Ярость кракена,海妖之怒,zh-TW
Ясный ум,思緒清晰,zh-TW
آتروكس,厄薩斯,zh-TW
أربعة تكسب ترقية,四重援軍,zh-TW
أصغر عملاق,迷你小英雄,zh-TW
أطنان من الإحصاءات!,能力值大補包,zh-TW
أفضل الأصدقاء,一生摯友,zh-TW
أكالي,阿卡莉,zh-TW
أنيما,百獸,zh-TW
أورغوت,烏爾加特,zh-TW
أورن,鄂爾,zh-TW
أورورا,歐羅拉,zh-TW
أوريليون سول,翱銳龍獸,zh-TW
إرادة الصولجان,戰錘意志,zh-TW
إزريال,伊澤瑞爾,zh-TW
إعادة المهمة,重新開始任務,zh-TW
إيلاوي,伊羅旖,zh-TW
اتصالات فائتة,就差你一個,zh-TW
اختر خاصية,選擇特性,zh-TW
اختصاصي نهاية المباراة,專打後期,zh-TW
استبدالٌ ملحمي,史詩重抽,zh-TW
استحضار السحر المستمر,連續施法,zh-TW
اعثر على مركزك,中堅自強,zh-TW
الأحزمة الوفيرة,腰帶多多,zh-TW
الأربعة تربح,願四之力與你同在,zh-TW
الأشقياء,怪咖集合,zh-TW
الأصول الحديدية,鋼鐵素材,zh-TW
الأقواس الاحتياطية,備用弓箭,zh-TW
الأمر يستحق الانتظار,值得等待,zh-TW
الإنفاق الحكيم,精打細算,zh-TW
الاتصال الآلي,模控機械上鏈,zh-TW
الاتصال بالدرون,無人機上鏈,zh-TW
الاختلاس,盜取,zh-TW
الارتقاء,飛昇,zh-TW
الارتقاء الجزئي,不完全飛昇,zh-TW
الاستبدالات الوفيرة,抽好抽滿I,zh-TW
الاستثمار,投資,zh-TW
الاستثمار طويل الأجل,長久之計,zh-TW
الاستخلاص المفيد,回收再利用,zh-TW
الاستنساخ,複製,zh-TW
الاستهلاك ضروري,砸起來,zh-TW
الاشتراك الفخم,訂購奢侈品,zh-TW
الالتزام الصارم,強力投入,zh-TW
الانفجار العظيم,大霹靂星系,zh-TW
البداية الكونية الجديدة,宇宙重啟,zh-TW
البرج,防禦高塔,zh-TW
البرونزي حتى النهاية,銅級之命II,zh-TW
البيضة الذهبية,黃金蛋,zh-TW
التآكل,腐蝕,zh-TW
التأثيرات الجانبية,副作用,zh-TW
التاج الملعون,詛咒之冠,zh-TW
التحفة الذابلة,凋零聖物,zh-TW
التحويل إلى دمية,鈍化,zh-TW
الترقية!,升級！,zh-TW
التشكيل الأقصى,頂裝,zh-TW
التصنيع المتقن,精心製作,zh-TW
التغيب عن اللعب,強制中離,zh-TW
التفكير المتقدم,超前部署,zh-TW
التمثال المحرّم,禁忌之像,zh-TW
التنين الذهبي,黃金巨龍,zh-TW
التوسع,斜槓英雄,zh-TW
الثقب الأسود الصغير,迷你黑洞,zh-TW
الثلاثية,三連勝I,zh-TW
الجوهرة المتلفة,枯萎寶石,zh-TW
الحارسان التوأمان,雙生守衛,zh-TW
الحجم مهم,大小很重要,zh-TW
الحركات الخطرة,高風險高報酬,zh-TW
الحركة التصاعدية,向上流動,zh-TW
الحقبة المميزة,紀元,zh-TW
الحمل المعرفي الزائد,認知超載,zh-TW
الحملة الاستكشافية,遠征,zh-TW
الخسارة المحسوبة,這次戰敗也在計算之中,zh-TW
الخوذة المتكيفة,適性神盔,zh-TW
الدراسة الصابرة,耐心學習,zh-TW
الدرع الساتر,均等法衣,zh-TW
الدروس المبكرة,早期教育,zh-TW
الدروع المؤقتة,臨時戰甲,zh-TW
الدموع المتدفقة,淚光閃閃,zh-TW
الذهن الصافي,思緒清晰,zh-TW
الذهن المشوّش,思緒雜亂,zh-TW
الرفاق الصغار,小小夥伴,zh-TW
الرمية السحرية,魔法擲骰,zh-TW
الرمية السحرية المخفّفة,一點點重抽魔法,zh-TW
الرهان الذهبي,黃金豪賭,zh-TW
الزئبق,水銀兜帽,zh-TW
السترة المدببة,刺藤胸甲,zh-TW
السترة المسلسلة,鎖子甲,zh-TW
السحر المحبوك,魔力編織,zh-TW
السعي نحو النجوم,伸手摘星,zh-TW
السيف الأبدي,無盡之刃,zh-TW
السيف الصاعق,史提克彈簧刀,zh-TW
السيف الطيفي,鬼使彎刀,zh-TW
السيف الهائل,暴風之劍,zh-TW
السيوف الوفيرة,刀劍湧流,zh-TW
السيولة,私房錢,zh-TW
الشحنة الكهربائية,電光反擊,zh-TW
الشخصية المنعكسة,鏡像人格,zh-TW
الشخصية المنعكسة المصغّرة,初級鏡像人格,zh-TW
الشرائح الآلية,模控機械移植,zh-TW
الشرارة الأيونية,離子星火,zh-TW
الصامد,生存專家,zh-TW
الصبر فضيلة,耐心是美德,zh-TW
الصغير الفتاك,致命豆丁,zh-TW
الصنديد,不屈鬥魂,zh-TW
الضريبة المعرفية,智商稅,zh-TW
الطابور الثنائي,雙排,zh-TW
العمالقة الصغار,小小大英雄,zh-TW
العملاق القوي,巨大強悍,zh-TW
العوائد الخبيثة,惡性經營,zh-TW
الفوز الكبير,脫穎而出,zh-TW
الفولاذ المذهب,不破金鋼,zh-TW
الفيلق الثلاثي,「三」之軍團,zh-TW
القائدة,指揮官,zh-TW
القاتل المأجور,契約殺手,zh-TW
القتل المزدوج السريع,疾速雙殺,zh-TW
القصاص,復仇,zh-TW
القصبات الوفيرة,魔杖湧流,zh-TW
القفاز المرصع بالجواهر,寶石手套,zh-TW
القفازات,縮小手套,zh-TW
القلب الراسخ,堅定之心,zh-TW
القلب الفولاذي,心之抗防,zh-TW
القوس المنحني,反曲弓,zh-TW
الكنوز المدفونة,地底寶藏,zh-TW
الكهرباء القوية,高電壓,zh-TW
اللعب الأمثل,最大最小化,zh-TW
اللوتس المرصع,珠光蓮花II,zh-TW
المبارزة السامية,神鬥士,zh-TW
المتعطش للدماء,嗜血者,zh-TW
المحدق بالنجوم,占星師,zh-TW
المحفز الأحمر,紅Buff,zh-TW
المخلّص,救世主,zh-TW
المرن,靈活變通,zh-TW
المستبدل العشوائي,重整裝置,zh-TW
المصهر الحي,活火爐,zh-TW
المصهر الكامن,潛在火爐,zh-TW
المصهر المحمول,攜帶型打鐵舖,zh-TW
المعطف المشبوه,可疑風衣,zh-TW
المغامرة الفخمة,非凡冒險,zh-TW
الملعقة الفضية,金湯匙,zh-TW
المنفيون,流亡孤軍,zh-TW
الموقف الحرج,智慧末刃,zh-TW
الميثاق الأزلي,永恆契約,zh-TW
الميكا الجبار,超能機甲,zh-TW
المُبيد,燼滅之華,zh-TW
النجاح الحرج,究極暴擊,zh-TW
النجم المظلم,幽冥煞星,zh-TW
النسيم العليل,西風匕首,zh-TW
النصال الخاطفة,閃刃,zh-TW
النصل الملعون,詛咒之刃,zh-TW
النمو المتفجر,爆炸性成長,zh-TW
النوبة الثانية,回春,zh-TW
النيران المركزة,集中火力,zh-TW
الهمسة الأخيرة,最後耳語,zh-TW
الهيدرا العملاقة,泰坦九頭蛇,zh-TW
الوسيط,降靈師,zh-TW
الوغد المشع,聖光無賴,zh-TW
انتصار فيكتور آركين,奧術：維克特必勝,zh-TW
بارد,巴德,zh-TW
بانثيون,潘森,zh-TW
بايك,派克,zh-TW
براير,布蕾爾,zh-TW
برايمورديان,遠古霸者,zh-TW
بكاء بلا جدوى,淚如泉湧,zh-TW
بلورات العلاج,治療靈球,zh-TW
بليتزكرانك,布里茨,zh-TW
بناء البطل,開局新手包,zh-TW
بناء الفريق,建立團隊,zh-TW
بناء مرافق,打造夥伴,zh-TW
بوابة ززروت,虛空之門,zh-TW
بوبي,波比,zh-TW
بيلفيث,貝爾薇斯,zh-TW
تأسيس الخط الأمامي,前線基礎,zh-TW
تاج المخطِط,棋手皇冠,zh-TW
تالون,塔隆,zh-TW
تام كينش,貪啃奇,zh-TW
تخصيص حصري,量身訂做,zh-TW
تخفيضات نارية,跳樓大拍賣,zh-TW
تدريب الحارس الشخصي,保鑣訓練,zh-TW
تذكرة موشورية,稜鏡票券,zh-TW
ترقية فردية,獨自升等,zh-TW
تركيز الأفق,視界專注,zh-TW
تسلّق سلم التصنيفات,攀升之階I,zh-TW
تشكيل الصفوف,陣容,zh-TW
تشكيل الفريق,人多好辦事,zh-TW
تشوغاث,科加斯,zh-TW
تعزيزٌ هنا وتعزيزٌ هناك,一個Buff，兩個Buff,zh-TW
تغذية ألسنة اللهب,熊熊火勢,zh-TW
تمجيد كايل,凱爾的讚頌,zh-TW
تمجيد كايل المشع,凱爾的聖光讚頌,zh-TW
تميمة الارتقاء,昇華護符,zh-TW
توأم تانك,坦度雙倍,zh-TW
توسع الجذور,荊棘蔓延,zh-TW
تويستد فايت,逆命,zh-TW
تيمو,提摩,zh-TW
ثمن الدم,血償,zh-TW
جاكس,賈克斯,zh-TW
جديد من المصنع,再造神兵,zh-TW
جوع المال,貪財,zh-TW
جوهر التجارة,貿易核心,zh-TW
جوهر الحراشف اللامعة,微光龍鱗精粹,zh-TW
جوهر الفجر,破曉之核,zh-TW
جين,燼,zh-TW
جينكس,吉茵珂絲,zh-TW
حافظ المادة الحيوية,生物材料保存,zh-TW
حاملة المصائب,厄運使者,zh-TW
حامي التاج,皇冠守衛,zh-TW
حزام العملاق,巨人腰帶,zh-TW
حزمة الدعم,強化包,zh-TW
حزمة الرعاية,物資箱,zh-TW
حساب الادخار,儲蓄帳戶,zh-TW
حصاد الهالة,營造氣場,zh-TW
حصن,堡壘衛士,zh-TW
حقق مرادك,嘟嘟好,zh-TW
حكاية العودة,逆轉佳話,zh-TW
حلوى لذيذة,美味甜點,zh-TW
حليف الوصي,守望者之友,zh-TW
حماية الخطوط,堅守前線,zh-TW
حماية اللانهاية,無限守護,zh-TW
حيوية مصاص الدماء,吸血活力,zh-TW
خانة ياسو الذهبية,犽宿的黃金棋格,zh-TW
خدمة الاشتراك,訂閱服務,zh-TW
خطة عمل الخط الخلفي,後排藍圖,zh-TW
درع الصدر المنفرد,單人磐核,zh-TW
درع الغسق,黃昏聖盾,zh-TW
درع الفجر,黎明聖盾,zh-TW
درع المخطِط,棋手之盾,zh-TW
درع صدر مرزاب الحجري,石像鬼磐核,zh-TW
درع وارموغ,好戰者鎧甲,zh-TW
دروس الملاكمة,拳擊訓練,zh-TW
دروع البطل,主角威能,zh-TW
دعوة إلى الفوضى,混沌召喚,zh-TW
دفعة أولية,加速開始,zh-TW
دكة بدلاء باندورا,潘朵拉的備戰區,zh-TW
دمعة الزعيمة,女神之淚,zh-TW
دمى اختبار التحطم,碰撞測試,zh-TW
دمية التدريب,訓練假人,zh-TW
دمية الظل,影子木偶,zh-TW
ديانا,黛安娜,zh-TW
راست,勒哈斯特,zh-TW
راعي,星靈牧者,zh-TW
راموس,拉姆斯,zh-TW
رامي,狙擊專家,zh-TW
رحالة,星際旅人,zh-TW
رقص الفضاء,太空律動,zh-TW
رمح شوجين,精進之矛,zh-TW
رمز الدرع الخفيف,光盾之紋,zh-TW
رمية الحظ,鴻運當頭,zh-TW
روح الافتداء,靈魂救贖,zh-TW
رياح المال الموسمية,天外橫財,zh-TW
ريفت سكاتلر,河蟹,zh-TW
ريفين,雷玟,zh-TW
ريكساي,雷珂煞,zh-TW
زايا,剎雅,zh-TW
زوي,柔依,zh-TW
زيادة القوة في نهاية المباراة,大器晚成,zh-TW
زيد,劫,zh-TW
زيد الغازي,影忍煞星：劫,zh-TW
ستار السكون,寂靜法衣,zh-TW
سكين سلاح الهيكستيك,海克斯科技槍刃,zh-TW
سلفة قرض,進階貸款,zh-TW
سميرة,煞蜜拉,zh-TW
سن ناشور,納什之牙,zh-TW
سونا,索娜,zh-TW
سيدة الأسلحة,重槍女武神,zh-TW
سيدة الظلام,闇翼魔女,zh-TW
شارة أنيما,百獸特攻隊徽章,zh-TW
شارة الحصن,堡壘衛士徽章,zh-TW
شارة الراعي,星靈牧者徽章,zh-TW
شارة الرامي,狙擊專家徽章,zh-TW
شارة الرحالة,星際旅人徽章,zh-TW
شارة الطليعي,先鋒戰士徽章,zh-TW
شارة القاضي,仲裁者徽章,zh-TW
شارة القوى الذهنية,靈能使徽章,zh-TW
شارة المارق,神影刺客徽章,zh-TW
شارة المتحدّي,極速快手徽章,zh-TW
شارة المحدق بالنجوم,占星師徽章,zh-TW
شارة المشاجر,武鬥家徽章,zh-TW
شارة المغير,劫掠者徽章,zh-TW
شارة النجم المظلم,幽冥煞星徽章,zh-TW
شارة برايمورديان,遠古霸者徽章,zh-TW
شارة رقص الفضاء,太空律動徽章,zh-TW
شارة صديق الميب,米普星人徽章,zh-TW
شارة كاسر الزمن,時間破壞者徽章,zh-TW
شارة نوفا,超新星徽章,zh-TW
شبه الناقل,半導體,zh-TW
شجرة الخواص,特性神木,zh-TW
شرف أمير الحرب,戰國軍閥之榮耀,zh-TW
شريحة التعاطف,共感植入,zh-TW
شق الدرب,殺出血路,zh-TW
شين,慎,zh-TW
صانع السيوف,劍匠,zh-TW
صانع القصبات,杖匠,zh-TW
صبر إيكو,艾克的耐心,zh-TW
صحوة الروح,魂力覺醒,zh-TW
صدى الشفاء,治癒回音,zh-TW
صديق الميب,米普星人,zh-TW
صناعة صديق,鑄造朋友,zh-TW
صندوق التحوط,避險基金,zh-TW
صولجان الفويد,虛空之杖,zh-TW
صولجان مصاصي الدماء الفاسد,詛咒吸血鬼權杖,zh-TW
صياد المجرة,銀河獵手,zh-TW
صيد الكنوز,尋寶遊戲,zh-TW
طراخ!,一棒入魂！,zh-TW
طريق الحرب,刃馬合一,zh-TW
طليعي,先鋒戰士,zh-TW
عاصفة لودن,盧登驟雨,zh-TW
عبء التاج ثقيل,沉重王冠,zh-TW
عباءة الليل,夜色緣界,zh-TW
عباءة النيغاترون,負極斗篷,zh-TW
عجلة الميب السريعة,米普終端速度,zh-TW
عراف,神諭,zh-TW
عزم العملاق,泰坦的決意,zh-TW
عصا سيرافيم,熾天使之杖,zh-TW
عصا كبير الحُماة,大天使之杖,zh-TW
عصابة اللصوص,神偷軍團,zh-TW
عصابة اللصوص II,神偷軍團 II,zh-TW
عصير القبعة,帽帽果汁,zh-TW
عفونة الموتى,巫妖之禍,zh-TW
عملية السطو على المكونات,組件強盜,zh-TW
عناصر باندورا,潘朵拉的道具,zh-TW
عناق جماعي,大家來抱抱,zh-TW
عهد الفارس,騎士誓願,zh-TW
غراغاس,古拉格斯,zh-TW
غرايفز,葛雷夫,zh-TW
غريزة إيفلين,伊芙琳的本能,zh-TW
غنار,吶兒,zh-TW
غولم,魔像,zh-TW
غوين,關,zh-TW
فأس نيران الجحيم,獄火手斧,zh-TW
فانوس ثريش,瑟雷西的燈籠,zh-TW
فجر سيلفرمير,銀織黎明,zh-TW
فضيلة الشهيد,烈士美德,zh-TW
فورة الكراكن,海妖之怒,zh-TW
فورة تسوق,買不手軟,zh-TW
في الاتحاد قوة,並肩作戰,zh-TW
فيز,飛斯,zh-TW
فيشبونز,惡鯊火箭,zh-TW
فيغار,維迦,zh-TW
فيكتور,維克特,zh-TW
فيكس,薇可絲,zh-TW
فيورا,菲歐拉,zh-TW
قائد أنيما,百獸指揮官,zh-TW
قاتل العمالقة,巨人殺手,zh-TW
قاتل لا يميز بين ضحاياه,無差別屠殺,zh-TW
قاضي,仲裁者,zh-TW
قبعات أشد فتكًا,致死之帽,zh-TW
قبعة موت رابادون,死亡之帽,zh-TW
قربان الدم,血祭,zh-TW
قصبة عريضة بلا داع,巨型魔棒,zh-TW
قطاع التجارة,交易之星,zh-TW
قفاز التدريب,格鬥手套,zh-TW
قفاز الحظ,好運手套,zh-TW
قفاز الفويد,虛空武鬥場,zh-TW
قفاز اللص,竊賊手套,zh-TW
قفاز ستيراك,史特拉克手套,zh-TW
قلادة التنشيط,支配寶匣,zh-TW
قلادة سولاري الحديدي,日輪的加冕,zh-TW
قلنسوة المخطِط,棋手披風,zh-TW
قلنسوة لهب الشمس,日炎斗篷,zh-TW
قوة محسَّنة,增幅之力,zh-TW
قوسي في خدمتك,吾弓效命於您,zh-TW
قوى ذهنية,靈能使,zh-TW
قيمة مزدوجة,價值爆棚,zh-TW
كأس القوة,力量聖杯,zh-TW
كارما,卡瑪,zh-TW
كاسر الزمن,時間破壞者,zh-TW
كاهوناهونا,真派氣功,zh-TW
كايتلين,凱特琳,zh-TW
كايسا,凱莎,zh-TW
كوركي,庫奇,zh-TW
كيس الهدايا البطولي,英雄禮包,zh-TW
كيس هدايا أورف,阿福大禮包,zh-TW
كيس هدايا العناصر,道具組合包I,zh-TW
كيس هدايا صغير,小型禮包,zh-TW
كيس هدايا كبير,大禮包,zh-TW
كيندريد,鏡爪,zh-TW
لا تغيير ولا استطلاع,不偵察不換陣容,zh-TW
لم شمل عيد الميلاد,生日團聚,zh-TW
لمحة من الحياة,循序漸進,zh-TW
لوبلانك,勒布朗,zh-TW
لوح لهيب الشمس,日炎燎原,zh-TW
لولو,露璐,zh-TW
ليساندرا,麗珊卓,zh-TW
ليونا,雷歐娜,zh-TW
مارق,神影刺客,zh-TW
ماستر يي,易大師,zh-TW
ماوكاي,茂凱,zh-TW
مباركة السماء,神寵者,zh-TW
متحدي,極速快手,zh-TW
متراس,星界壁壘,zh-TW
متوالية نجمية,星光連鎖,zh-TW
مجلد الخواص,特性典籍,zh-TW
مجند جديد,招兵買馬,zh-TW
محترف الحفلات,派對咖,zh-TW
محظوظ,鴻運當頭,zh-TW
محفز أزرق,藍Buff,zh-TW
مخلب التنين,龍之爪,zh-TW
مخلب المتصيد,潛行者之爪,zh-TW
مدفع النار السريع,衝擊火炮,zh-TW
مدفع من زجاج,玻璃大砲I,zh-TW
مستنسخ,復刻師,zh-TW
مسرِّع الساعة,發條加速器,zh-TW
مشاجر,武鬥家,zh-TW
مشاركة تألق ياسو,犽宿之共享光采,zh-TW
مصروف الغداء,午餐錢,zh-TW
مصفوفة البرمجيات الخبيثة,惡意程式矩陣,zh-TW
مصنوعٌ من القوة,力量鍛造,zh-TW
مصهر التمجيد,神聖熔爐,zh-TW
مطبخ المخطِط,棋手廚房,zh-TW
معجزة سوراكا,索拉卡的奇蹟,zh-TW
مغير,劫掠者,zh-TW
مفاجآت الحظ,預料中的意外,zh-TW
مقابل أي ثمن,不惜代價,zh-TW
مقاتل الجوائز,拳擊選手,zh-TW
مقلاة,平底鍋,zh-TW
ملعقة مسطحة,鍋鏟,zh-TW
مناورة أورف,阿福奇兵,zh-TW
منظار رصد الهدف,目標鎖定光學,zh-TW
مهارة مبارزة ياسو,犽宿的迅雷之技,zh-TW
مورديكايزر,魔鬥凱薩,zh-TW
مورغانا,魔甘娜,zh-TW
موريلونوميكون,黑魔禁書,zh-TW
ميبسي,小米普,zh-TW
ميس فورتشن,好運姐,zh-TW
ميكا,機械戰甲,zh-TW
ميليو,米里歐,zh-TW
ناسوس,納瑟斯,zh-TW
نافع لشيء ما,死得有價值I,zh-TW
نامي,娜米,zh-TW
نتماسك معًا,攜手同行,zh-TW
نذر الحامي,保衛者之誓,zh-TW
نذير زيكي,錫柯的號角,zh-TW
نذير زيكي الكئيب,錫柯的悲鳴號角,zh-TW
نساج المصير,命運編織者,zh-TW
نصال أشد فتكًا,更致命之刃,zh-TW
نصل الموت,死神之刃,zh-TW
نصل غضب غينسو,鬼索的狂暴之刃,zh-TW
نقل الشحنة,電荷轉移,zh-TW
نوفا,超新星,zh-TW
نونو وويلامب,努努和威朗普,zh-TW
هالة آري,阿璃的靈氣,zh-TW
هبة آري,阿璃的祝福,zh-TW
هبة أوريليون سول,翱銳龍獸的祝福,zh-TW
هبة إيفلين,伊芙琳的祝福,zh-TW
هبة إيكو,艾克的祝福,zh-TW
هبة الإنعاش,復活祝福,zh-TW
هبة تجميع الخردة,女武神的祝福,zh-TW
هبة ثريش,瑟雷西的祝福,zh-TW
هبة سوراكا,索拉卡的祝福,zh-TW
هبة فاروس,法洛士的祝福,zh-TW
هبة كايل,凱爾的祝福,zh-TW
هبة ياسو,犽宿的祝福,zh-TW
هدية عيد الميلاد,生日禮物,zh-TW
هراوة المهاجم,打手連枷,zh-TW
هوس فاروس,法洛士的執念,zh-TW
واحد واثنان وثلاثة,一二三,zh-TW
واحد، اثنان، خمسة!,一、二、五！,zh-TW
واقي ذراع المطارد,探索者護腕,zh-TW
وجه الروح,振奮盔甲,zh-TW
وضع المتحدية,極速快手模式,zh-TW
وضع المستنسِخة,復刻師模式,zh-TW
وضع الوسيط,降靈師模式,zh-TW
وكر البارون,巴龍巢穴,zh-TW
يأسٌ بلا نهاية,無盡絕望,zh-TW
يد العدالة,正義手套,zh-TW
เลือกคุณสมบัติ,選擇特性,zh-TW
Ấn Bắn Tỉa,狙擊專家徽章,zh-TW
Ấn Can Trường,堡壘衛士徽章,zh-TW
Ấn Chiêm Tinh,占星師徽章,zh-TW
Ấn Du Mục,星靈牧者徽章,zh-TW
Ấn Hành Tinh,太空律動徽章,zh-TW
Ấn Hắc Tinh,幽冥煞星徽章,zh-TW
Ấn N.O.V.A.,超新星徽章,zh-TW
Ấn Siêu Linh,靈能使徽章,zh-TW
Ấn Siêu Thú,百獸特攻隊徽章,zh-TW
Ấn Thách Đấu,極速快手徽章,zh-TW
Ấn Thần Phán,仲裁者徽章,zh-TW
Ấn Thời Không,時間破壞者徽章,zh-TW
Ấn Tinh Linh Chuông,米普星人徽章,zh-TW
Ấn Tiên Phong,先鋒戰士徽章,zh-TW
Ấn Toán Cướp,劫掠者徽章,zh-TW
Ấn Tộc Thượng Cổ,遠古霸者徽章,zh-TW
Ấn Viễn Chinh,星際旅人徽章,zh-TW
Ấn Vô Pháp,神影刺客徽章,zh-TW
Ấn Đấu Sĩ,武鬥家徽章,zh-TW
いつでも一緒,攜手同行,zh-TW
お得な2,價值爆棚,zh-TW
ここがセンター,中堅自強,zh-TW
ちょっとだけ魔法のダイス,一點點重抽魔法,zh-TW
はしごを登れ,攀升之階I,zh-TW
へら,鍋鏟,zh-TW
みんなでハグ,大家來抱抱,zh-TW
もっと小さな巨人,迷你小英雄,zh-TW
もっと怖いキャップ,致死之帽,zh-TW
アイオニック スパーク,離子星火,zh-TW
アイテム福袋,道具組合包I,zh-TW
アカリ,阿卡莉,zh-TW
アセンション,飛昇,zh-TW
アダプティブ ヘルム,適性神盔,zh-TW
アニマ,百獸,zh-TW
アニマの紋章,百獸特攻隊徽章,zh-TW
アニマ司令官,百獸指揮官,zh-TW
アークエンジェル スタッフ,大天使之杖,zh-TW
アーゴット,烏爾加特,zh-TW
アービター,仲裁者,zh-TW
アービターの紋章,仲裁者徽章,zh-TW
アーフの福袋,阿福大禮包,zh-TW
アーフの策略,阿福奇兵,zh-TW
アーリのオーラ,阿璃的靈氣,zh-TW
アーリの恩恵,阿璃的祝福,zh-TW
イブリンの恩恵,伊芙琳的祝福,zh-TW
イブリンの直感,伊芙琳的本能,zh-TW
イラオイ,伊羅旖,zh-TW
インフィニティ エッジ,無盡之刃,zh-TW
インフィニティの守護,無限守護,zh-TW
イーブンシュラウド,均等法衣,zh-TW
ウィッツ エンド,智慧末刃,zh-TW
ウォーロードの名誉,戰國軍閥之榮耀,zh-TW
エイトロックス,厄薩斯,zh-TW
エクスペディション,遠征,zh-TW
エグザイル,流亡孤軍,zh-TW
エコーの忍耐,艾克的耐心,zh-TW
エコーの恩恵,艾克的祝福,zh-TW
エズリアル,伊澤瑞爾,zh-TW
エピックなロールダウン,史詩重抽,zh-TW
エポック,紀元,zh-TW
オレリオン・ソル,翱銳龍獸,zh-TW
オレリオン・ソルの恩恵,翱銳龍獸的祝福,zh-TW
オーグメントパワー,增幅之力,zh-TW
オーラ育成中,營造氣場,zh-TW
オーロラ,歐羅拉,zh-TW
オーン,鄂爾,zh-TW
カイ＝サ,凱莎,zh-TW
カナとカネ,鋼鐵素材,zh-TW
カフナフナ,真派氣功,zh-TW
カルマ,卡瑪,zh-TW
カースドのクラウン,詛咒之冠,zh-TW
ガーゴイル ストーンプレート,石像鬼磐核,zh-TW
キックスタート,加速開始,zh-TW
キンドレッド,鏡爪,zh-TW
ギャラクシー ハンター,銀河獵手,zh-TW
クイックシルバー,水銀兜帽,zh-TW
クラウンガード,皇冠守衛,zh-TW
クラーケンの怒り,海妖之怒,zh-TW
クリティカル サクセス,究極暴擊,zh-TW
グインソー レイジブレード,鬼索的狂暴之刃,zh-TW
グウェン,關,zh-TW
グラガス,古拉格斯,zh-TW
グラスキャノン,玻璃大砲I,zh-TW
グレイブス,葛雷夫,zh-TW
ケイトリン,凱特琳,zh-TW
ケイルの天昇,凱爾的讚頌,zh-TW
ケイルの恩恵,凱爾的祝福,zh-TW
ケイルの暁光の天昇,凱爾的聖光讚頌,zh-TW
コグニティブ オーバーロード,認知超載,zh-TW
コグニティブ タックス,智商稅,zh-TW
コマンダー,指揮官,zh-TW
コマース コア,貿易核心,zh-TW
コンジット,降靈師,zh-TW
コンジットモード,降靈師模式,zh-TW
コンパニオン作成,打造夥伴,zh-TW
コーキ,庫奇,zh-TW
ゴーレム,魔像,zh-TW
サイオニック,靈能使,zh-TW
サイオニックの紋章,靈能使徽章,zh-TW
サイズが大事,大小很重要,zh-TW
サイバネティック アップリンク,模控機械上鏈,zh-TW
サイバネティック インプラント,模控機械移植,zh-TW
サバイバー,生存專家,zh-TW
サブスクリプション,訂閱服務,zh-TW
サミーラ,煞蜜拉,zh-TW
サンファイア ケープ,日炎斗篷,zh-TW
サンファイア ボード,日炎燎原,zh-TW
ザヤ,剎雅,zh-TW
ザ・タワー,防禦高塔,zh-TW
シェン,慎,zh-TW
シマースケールのエッセンス,微光龍鱗精粹,zh-TW
ショウジンの矛,精進之矛,zh-TW
シルバーミアの夜明け,銀織黎明,zh-TW
シーカー アームガード,探索者護腕,zh-TW
ジャイアント スレイヤー,巨人殺手,zh-TW
ジャイアント ベルト,巨人腰帶,zh-TW
ジャイアント&マイティ,巨大強悍,zh-TW
ジャストヒット,嘟嘟好,zh-TW
ジャックス,賈克斯,zh-TW
ジュエル ガントレット,寶石手套,zh-TW
ジュエル ロータス,珠光蓮花II,zh-TW
ジン,燼,zh-TW
ジンクス,吉茵珂絲,zh-TW
ジークの使者,錫柯的號角,zh-TW
ジ＝ロット ポータル,虛空之門,zh-TW
スクラッパーの恩恵,女武神的祝福,zh-TW
スタティック シヴ,史提克彈簧刀,zh-TW
ステラコンボ,星光連鎖,zh-TW
ステラックの篭手,史特拉克手套,zh-TW
ステータスマシマシ,能力值大補包,zh-TW
ストライカー フレイル,打手連枷,zh-TW
スナイパー,狙擊專家,zh-TW
スナイパーの紋章,狙擊專家徽章,zh-TW
スパーリング グローブ,格鬥手套,zh-TW
スピリット ビサージュ,振奮盔甲,zh-TW
スペクトラル カトラス,鬼使彎刀,zh-TW
スペースグルーヴ,太空律動,zh-TW
スペースグルーヴの紋章,太空律動徽章,zh-TW
スレッシュのランタン,瑟雷西的燈籠,zh-TW
スレッシュの恩恵,瑟雷西的祝福,zh-TW
セラフィムの杖,熾天使之杖,zh-TW
ゼド,劫,zh-TW
ゼファー,西風匕首,zh-TW
ソウルの目覚め,魂力覺醒,zh-TW
ソナ,索娜,zh-TW
ソラカの奇跡,索拉卡的奇蹟,zh-TW
ソラカの恩恵,索拉卡的祝福,zh-TW
ソラリのロケット,日輪的加冕,zh-TW
ソード オーバーフロー,刀劍湧流,zh-TW
ゾーイ,柔依,zh-TW
タイタン ハイドラ,泰坦九頭蛇,zh-TW
タイムブレーカー,時間破壞者,zh-TW
タイムブレーカーの紋章,時間破壞者徽章,zh-TW
タクティシャンのケープ,棋手披風,zh-TW
タクティシャンの台所,棋手廚房,zh-TW
タクティシャンの王冠,棋手皇冠,zh-TW
タクティシャンの盾,棋手之盾,zh-TW
タム・ケンチ,貪啃奇,zh-TW
タロン,塔隆,zh-TW
ターゲットロック スコープ,目標鎖定光學,zh-TW
ターミィプナル ヴェロシティー,米普終端速度,zh-TW
ダイアナ,黛安娜,zh-TW
ダミー,訓練假人,zh-TW
ダミー化,鈍化,zh-TW
ダークスター,幽冥煞星,zh-TW
ダークスターの紋章,幽冥煞星徽章,zh-TW
チェイン ベスト,鎖子甲,zh-TW
チャレンジャー,極速快手,zh-TW
チャレンジャーの紋章,極速快手徽章,zh-TW
チャレンジャーモード,極速快手模式,zh-TW
チャージトランスファー,電荷轉移,zh-TW
チョ＝ガス,科加斯,zh-TW
チーム構築,建立團隊,zh-TW
ツイてる気分,鴻運當頭,zh-TW
ツイステッド・フェイト,逆命,zh-TW
ツインガーディアン,雙生守衛,zh-TW
ティーモ,提摩,zh-TW
デスブレード,死神之刃,zh-TW
デッドリアー ブレード,更致命之刃,zh-TW
デュオキュー,雙排,zh-TW
トライフェクタ,三連勝I,zh-TW
トレードセクター,交易之星,zh-TW
ドゥーマー,厄運使者,zh-TW
ドラゴン クロウ,龍之爪,zh-TW
ドローン アップリンク,無人機上鏈,zh-TW
ドーンコア,破曉之核,zh-TW
ナイト エッジ,夜色緣界,zh-TW
ナサス,納瑟斯,zh-TW
ナッシャー トゥース,納什之牙,zh-TW
ナミ,娜米,zh-TW
ナー,吶兒,zh-TW
ヌヌ & ウィルンプ,努努和威朗普,zh-TW
ネガトロン クローク,負極斗篷,zh-TW
ハスラー,私房錢,zh-TW
ハンド オブ ジャスティス,正義手套,zh-TW
バイオ物質保存装置,生物材料保存,zh-TW
バスティオン,堡壘衛士,zh-TW
バスティオンの紋章,堡壘衛士徽章,zh-TW
バフが1つ、バフが2つ,一個Buff，兩個Buff,zh-TW
バロンの巣,巴龍巢穴,zh-TW
バースデー リユニオン,生日團聚,zh-TW
バースデープレゼント,生日禮物,zh-TW
バード,巴德,zh-TW
パイク,派克,zh-TW
パンテオン,潘森,zh-TW
パンドラのアイテム,潘朵拉的道具,zh-TW
パンドラのベンチ,潘朵拉的備戰區,zh-TW
パーティーアニマル,派對咖,zh-TW
ヒーリングオーブ,治療靈球,zh-TW
ビクター,維克特,zh-TW
ビッグバン,大霹靂星系,zh-TW
ファイアセール,跳樓大拍賣,zh-TW
ファクトリー ニュー,再造神兵,zh-TW
フィオラ,菲歐拉,zh-TW
フィズ,飛斯,zh-TW
フィッシュボーン,惡鯊火箭,zh-TW
フェイトウィーバー,命運編織者,zh-TW
フォビドゥン アイドル,禁忌之像,zh-TW
フォーが共にあらんことを,願四之力與你同在,zh-TW
フライパン,平底鍋,zh-TW
フリッカーブレード,閃刃,zh-TW
ブライアー,布蕾爾,zh-TW
ブラッドサースター,嗜血者,zh-TW
ブランブル ベスト,刺藤胸甲,zh-TW
ブリッツクランク,布里茨,zh-TW
ブルワーク,星界壁壘,zh-TW
ブルーバフ,藍Buff,zh-TW
ブローラー,武鬥家,zh-TW
ブローラーの紋章,武鬥家徽章,zh-TW
ブースターパック,強化包,zh-TW
プライモーディアン,遠古霸者,zh-TW
プライモーディアンの紋章,遠古霸者徽章,zh-TW
プリズムチケット,稜鏡票券,zh-TW
プロの殺し屋,契約殺手,zh-TW
プロテクターの誓い,保衛者之誓,zh-TW
プロボクサー,拳擊選手,zh-TW
プローラー クロウ,潛行者之爪,zh-TW
ヘクステック ガンブレード,海克斯科技槍刃,zh-TW
ヘッジファンド,避險基金,zh-TW
ベイガー,維迦,zh-TW
ベストフレンド,一生摯友,zh-TW
ベルト オーバーフロー,腰帶多多,zh-TW
ベル＝ヴェス,貝爾薇斯,zh-TW
ホライゾン フォーカス,視界專注,zh-TW
ボイジャー,星際旅人,zh-TW
ボイジャーの紋章,星際旅人徽章,zh-TW
ボカッ！,一棒入魂！,zh-TW
ボクシングのレッスン,拳擊訓練,zh-TW
ボディーガードの訓練,保鑣訓練,zh-TW
ポッピー,波比,zh-TW
ポータブル フォージ,攜帶型打鐵舖,zh-TW
マイティーロボ,超能機甲,zh-TW
マオカイ,茂凱,zh-TW
マスター・イー,易大師,zh-TW
マックスビルド,頂裝,zh-TW
マルウェア マトリックス,惡意程式矩陣,zh-TW
マーターズ ヴァーチュ,烈士美德,zh-TW
ミィプシー,小米普,zh-TW
ミィプル,米普星人,zh-TW
ミィプルの紋章,米普星人徽章,zh-TW
ミスコネクション,就差你一個,zh-TW
ミス・フォーチュン,好運姐,zh-TW
ミッションの再開,重新開始任務,zh-TW
ミトン,縮小手套,zh-TW
ミニブラックホール,迷你黑洞,zh-TW
ミニマックス,最大最小化,zh-TW
ミリオ,米里歐,zh-TW
ムダニ デカイ ロッド,巨型魔棒,zh-TW
メイスの決意,戰錘意志,zh-TW
メカ,機械戰甲,zh-TW
モルガナ,魔甘娜,zh-TW
モルデカイザー,魔鬥凱薩,zh-TW
モレロノミコン,黑魔禁書,zh-TW
ヤスオのゴールドのマス,犽宿的黃金棋格,zh-TW
ヤスオのスポットライトをシェア,犽宿之共享光采,zh-TW
ヤスオのブレードワーク,犽宿的迅雷之技,zh-TW
ヤスオの恩恵,犽宿的祝福,zh-TW
ライトシールドのクレスト,光盾之紋,zh-TW
ラインナップ,陣容,zh-TW
ラスト ウィスパー,最後耳語,zh-TW
ラッキーグローブ,好運手套,zh-TW
ラバドン デスキャップ,死亡之帽,zh-TW
ラピッド ファイアキャノン,衝擊火炮,zh-TW
ラムス,拉姆斯,zh-TW
ラースト,勒哈斯特,zh-TW
リカーブ ボウ,反曲弓,zh-TW
リサンドラ,麗珊卓,zh-TW
リッチ ベイン,巫妖之禍,zh-TW
リデンプションの魂,靈魂救贖,zh-TW
リフトスカトル,河蟹,zh-TW
リヴェン,雷玟,zh-TW
ルブラン,勒布朗,zh-TW
ルル,露璐,zh-TW
ルーデン テンペスト,盧登驟雨,zh-TW
レイトゲーム スケーリング,大器晚成,zh-TW
レイトゲーム スペシャリスト,專打後期,zh-TW
レオナ,雷歐娜,zh-TW
レク＝サイ,雷珂煞,zh-TW
レッドバフ,紅Buff,zh-TW
レプリケーター,復刻師,zh-TW
レプリケーターモード,復刻師模式,zh-TW
レベルアップ！,升級！,zh-TW
ローグ,神影刺客,zh-TW
ローグの紋章,神影刺客徽章,zh-TW
ローリングデイズ,抽好抽滿I,zh-TW
ワン、ツー、ファイブ！,一、二、五！,zh-TW
ワンド オーバーフロー,魔杖湧流,zh-TW
ワーモグ アーマー,好戰者鎧甲,zh-TW
ヴァルスの執念,法洛士的執念,zh-TW
ヴァルスの恩恵,法洛士的祝福,zh-TW
ヴァンガード,先鋒戰士,zh-TW
ヴァンガードの紋章,先鋒戰士徽章,zh-TW
ヴェックス,薇可絲,zh-TW
ヴォイド ガントレット,虛空武鬥場,zh-TW
ヴォイド スタッフ,虛空之杖,zh-TW
一 二 三,一二三,zh-TW
一个增益，两个增益,一個Buff，兩個Buff,zh-TW
一人前プレート,單人磐核,zh-TW
一击即中,嘟嘟好,zh-TW
一波带走俩,疾速雙殺,zh-TW
一生挚友,一生摯友,zh-TW
一着险棋,高風險高報酬,zh-TW
一致団結,並肩作戰,zh-TW
一致団結,人多好辦事,zh-TW
一，二，三,一二三,zh-TW
一，二，五！,一、二、五！,zh-TW
七彩棱镜入场券,稜鏡票券,zh-TW
三幻神,「三」之軍團,zh-TW
三相庇护,無限守護,zh-TW
三费军团,「三」之軍團,zh-TW
三重奏,三連勝I,zh-TW
三项赛,三連勝I,zh-TW
上方移動,向上流動,zh-TW
上进心,向上流動,zh-TW
不侦察，不变阵,不偵察不換陣容,zh-TW
不完全アセンション,不完全飛昇,zh-TW
不屈,不屈鬥魂,zh-TW
不滅の協定,永恆契約,zh-TW
不计代价,不惜代價,zh-TW
不適合者,怪咖集合,zh-TW
专属定制,量身訂做,zh-TW
专打后期,專打後期,zh-TW
专注火焰,集中火力,zh-TW
两倍价值,價值爆棚,zh-TW
临时战甲,臨時戰甲,zh-TW
主人公補正,主角威能,zh-TW
丽桑卓,麗珊卓,zh-TW
丽珊卓,麗珊卓,zh-TW
乌尔加特,烏爾加特,zh-TW
乐芙兰,勒布朗,zh-TW
乱れる思考,思緒雜亂,zh-TW
亚托克斯,厄薩斯,zh-TW
亚索的共享聚光灯,犽宿之共享光采,zh-TW
亚索的剑艺,犽宿的迅雷之技,zh-TW
亚索的恩赐,犽宿的祝福,zh-TW
亚索的黄金格,犽宿的黃金棋格,zh-TW
人生切片,循序漸進,zh-TW
仕送り,物資箱,zh-TW
仙灵斗士,神鬥士,zh-TW
代价是什么,不惜代價,zh-TW
代償,不惜代價,zh-TW
仲間を作ろう,開局新手包,zh-TW
仿生上行链,模控機械上鏈,zh-TW
仿生植入物,模控機械移植,zh-TW
伊泽瑞尔,伊澤瑞爾,zh-TW
伊罗旖,伊羅旖,zh-TW
伊芙琳的增益,伊芙琳的祝福,zh-TW
伊芙琳的恩赐,伊芙琳的祝福,zh-TW
休眠锻炉,潛在火爐,zh-TW
伸手摘群星,伸手摘星,zh-TW
低调炫耀,營造氣場,zh-TW
佐伊,柔依,zh-TW
侵略者ゼド,影忍煞星：劫,zh-TW
便携锻炉,攜帶型打鐵舖,zh-TW
俄洛伊,伊羅旖,zh-TW
保卫者之誓,保衛者之誓,zh-TW
保镖训练,保鑣訓練,zh-TW
修复型回响,治癒回音,zh-TW
俺だけレベルアップ,獨自升等,zh-TW
假人化,鈍化,zh-TW
做多,長久之計,zh-TW
偵察なし、変更なし,不偵察不換陣容,zh-TW
储蓄账户,儲蓄帳戶,zh-TW
充能转移,電荷轉移,zh-TW
先知,神諭,zh-TW
先見性,超前部署,zh-TW
先锋战士,先鋒戰士,zh-TW
先锋战士徽章,先鋒戰士徽章,zh-TW
光明无赖,聖光無賴,zh-TW
光盾之纹,光盾之紋,zh-TW
光盾徽章,光盾之紋,zh-TW
入侵者 劫,影忍煞星：劫,zh-TW
全力以赴,強力投入,zh-TW
全新出厂,再造神兵,zh-TW
全身全霊,強力投入,zh-TW
共感インプラント,共感植入,zh-TW
关,關,zh-TW
关爱包裹,物資箱,zh-TW
兹若特传送门,虛空之門,zh-TW
内瑟斯,納瑟斯,zh-TW
再起の呪印,復活祝福,zh-TW
冒险举动,高風險高報酬,zh-TW
冕卫,皇冠守衛,zh-TW
军工1号,再造神兵,zh-TW
冲击火炮,衝擊火炮,zh-TW
冲榜战士,攀升之階I,zh-TW
冷酷なるジークの使者,錫柯的悲鳴號角,zh-TW
凋零的遗物,凋零聖物,zh-TW
凯尔的光明崇拜,凱爾的聖光讚頌,zh-TW
凯尔的升腾,凱爾的讚頌,zh-TW
凯尔的圣光升腾,凱爾的聖光讚頌,zh-TW
凯尔的增益,凱爾的祝福,zh-TW
凯尔的崇拜,凱爾的讚頌,zh-TW
凯尔的恩赐,凱爾的祝福,zh-TW
凯特琳,凱特琳,zh-TW
凯莎,凱莎,zh-TW
出身豪门,金湯匙,zh-TW
出陣,刃馬合一,zh-TW
刃马合一,刃馬合一,zh-TW
列队,陣容,zh-TW
利落保镖,保鑣訓練,zh-TW
别再错过,就差你一個,zh-TW
刹雅,剎雅,zh-TW
刻苦钻研,耐心學習,zh-TW
前借り,進階貸款,zh-TW
前排地基,前線基礎,zh-TW
前瞻思维,超前部署,zh-TW
前線維持,堅守前線,zh-TW
前线地基,前線基礎,zh-TW
前衛の礎,前線基礎,zh-TW
剑之工匠,劍匠,zh-TW
剣鍛冶,劍匠,zh-TW
力に鍛えられしもの,力量鍛造,zh-TW
力の聖杯,力量聖杯,zh-TW
力炼之躯,力量鍛造,zh-TW
力量圣杯,力量聖杯,zh-TW
劣化版鏡像のペルソナ,初級鏡像人格,zh-TW
勝ち抜け,脫穎而出,zh-TW
千珏,鏡爪,zh-TW
升华护符,昇華護符,zh-TW
升星之运,鴻運當頭,zh-TW
升级咯！,升級！,zh-TW
升级！,升級！,zh-TW
午餐钱,午餐錢,zh-TW
半导体,半導體,zh-TW
半导体装置,半導體,zh-TW
半導体,半導體,zh-TW
卑尔维斯,貝爾薇斯,zh-TW
单身板甲,單人磐核,zh-TW
博弈开启,加速開始,zh-TW
卡尔玛,卡瑪,zh-TW
卡帕果汁,帽帽果汁,zh-TW
卡玛,卡瑪,zh-TW
卡胡纳胡纳,真派氣功,zh-TW
卡莎,凱莎,zh-TW
卢登的激荡,盧登驟雨,zh-TW
卢登骤雨,盧登驟雨,zh-TW
即席アーマー,臨時戰甲,zh-TW
厄加特,烏爾加特,zh-TW
厄萨斯,厄薩斯,zh-TW
厄运小姐,好運姐,zh-TW
厨神阿福,阿福快打,zh-TW
友を鍛える,鑄造朋友,zh-TW
双城赢家,奧術：維克特必勝,zh-TW
双子守护神,雙生守衛,zh-TW
双子守护者,雙生守衛,zh-TW
双排,雙排,zh-TW
反响,複製,zh-TW
反曲之弓,反曲弓,zh-TW
发条加速器,發條加速器,zh-TW
发条增速器,發條加速器,zh-TW
受到星神赐福,神寵者,zh-TW
变形重组器,重整裝置,zh-TW
叛逆者,怪咖集合,zh-TW
叛道者,神影刺客,zh-TW
叛道者徽章,神影刺客徽章,zh-TW
古拉加斯,古拉格斯,zh-TW
另辟新境,斜槓英雄,zh-TW
叩きつけ,砸起來,zh-TW
可大可小,最大最小化,zh-TW
可疑风衣,可疑風衣,zh-TW
史提克弹簧刀,史提克彈簧刀,zh-TW
史诗重骰,史詩重抽,zh-TW
吉茵珂丝,吉茵珂絲,zh-TW
后排蓝图,後排藍圖,zh-TW
后期专家,專打後期,zh-TW
后期成长,大器晚成,zh-TW
后期收益,大器晚成,zh-TW
吸血の胆力,吸血活力,zh-TW
吸血活力I,吸血活力,zh-TW
吸血生命力,吸血活力,zh-TW
吾弓听命于您,吾弓效命於您,zh-TW
呐儿,吶兒,zh-TW
呪いの刃,詛咒之刃,zh-TW
命懸けの戦い,高風險高報酬,zh-TW
命运祭司,神諭,zh-TW
命运编织者,命運編織者,zh-TW
商业核心,貿易核心,zh-TW
四费增援,四重援軍,zh-TW
回収箱,回收再利用,zh-TW
回收再利用,回收再利用,zh-TW
团队建设,建立團隊,zh-TW
圣光审判者,救世主,zh-TW
圣光捣蛋鬼,聖光無賴,zh-TW
圣盾使的誓约,保衛者之誓,zh-TW
坚守前线,堅守前線,zh-TW
坚守防线,堅守前線,zh-TW
坚定之心,堅定之心,zh-TW
坚毅之心,堅定之心,zh-TW
坦度成双,坦度雙倍,zh-TW
埋もれた宝物,地底寶藏,zh-TW
埋藏的宝物,地底寶藏,zh-TW
基克的先驱,錫柯的號角,zh-TW
基克的阴森先驱,錫柯的悲鳴號角,zh-TW
堡垒,星界壁壘,zh-TW
堡垒卫士,堡壘衛士,zh-TW
堡垒卫士纹章,堡壘衛士徽章,zh-TW
報復,復仇,zh-TW
塔姆,貪啃奇,zh-TW
塔楼,防禦高塔,zh-TW
增援部队,四重援軍,zh-TW
壁垒,堡壘衛士,zh-TW
壁垒徽章,堡壘衛士徽章,zh-TW
备用弓,備用弓箭,zh-TW
复仇,復仇,zh-TW
复制,複製,zh-TW
复制者,復刻師,zh-TW
复制者模式,復刻師模式,zh-TW
复活恩赐,復活祝福,zh-TW
复活的恩赐,復活祝福,zh-TW
复苏之风,回春,zh-TW
夕闇の加護,黃昏聖盾,zh-TW
夜之锋刃,夜色緣界,zh-TW
夜明けの加護,黎明聖盾,zh-TW
夜色缘界,夜色緣界,zh-TW
大きな福袋,大禮包,zh-TW
大买特买,買不手軟,zh-TW
大剑溢流,刀劍湧流,zh-TW
大剑过载,刀劍湧流,zh-TW
大型惊喜包,大禮包,zh-TW
大百宝袋,大禮包,zh-TW
大而有力,巨大強悍,zh-TW
大霹雳星系,大霹靂星系,zh-TW
天煞,銀河獵手,zh-TW
天煞灭影：劫,影忍煞星：劫,zh-TW
太空律动,太空律動,zh-TW
太空律动徽章,太空律動徽章,zh-TW
太空律动纹章,太空律動徽章,zh-TW
失去联络,就差你一個,zh-TW
奢侈品订购,訂購奢侈品,zh-TW
奢华订阅,訂購奢侈品,zh-TW
奥恩,鄂爾,zh-TW
奥术 维克特式胜利,奧術：維克特必勝,zh-TW
奥瑞利安·索尔,翱銳龍獸,zh-TW
奥瑞利安·索尔的恩赐,翱銳龍獸的祝福,zh-TW
女神の涙,女神之淚,zh-TW
女神之泪,女神之淚,zh-TW
好きなだけ泣くがいい,淚如泉湧,zh-TW
好战者的恩赐,女武神的祝福,zh-TW
好战者铠甲,好戰者鎧甲,zh-TW
好运姐,好運姐,zh-TW
好运手套,好運手套,zh-TW
娑娜,索娜,zh-TW
娜美,娜米,zh-TW
存心失利,這次戰敗也在計算之中,zh-TW
孤身铁铠,單人磐核,zh-TW
宇宙の再起,宇宙重啟,zh-TW
宇宙大爆炸,大霹靂星系,zh-TW
宇宙重启,宇宙重啟,zh-TW
守望者的盟友,守望者之友,zh-TW
宝宝学院,早期教育,zh-TW
宝探し,尋寶遊戲,zh-TW
宝石手套,寶石手套,zh-TW
寂静法衣,寂靜法衣,zh-TW
密银黎明,銀織黎明,zh-TW
对冲基金,避險基金,zh-TW
寻宝,尋寶遊戲,zh-TW
寻宝之旅,尋寶遊戲,zh-TW
导能者,降靈師,zh-TW
导能者模式,降靈師模式,zh-TW
導き手,星靈牧者,zh-TW
導き手の紋章,星靈牧者徽章,zh-TW
小さくても強烈,致命豆丁,zh-TW
小さな仲間たち,小小夥伴,zh-TW
小さな巨人,小小大英雄,zh-TW
小さな福袋,小型禮包,zh-TW
小伙伴,小小夥伴,zh-TW
小偷小摸,盜取,zh-TW
小型惊喜包,小型禮包,zh-TW
小小伙伴,小小夥伴,zh-TW
小小泰坦,迷你小英雄,zh-TW
小小福袋,小型禮包,zh-TW
小巧但致命,致命豆丁,zh-TW
小巨人,小小大英雄,zh-TW
小木灵,小米普,zh-TW
小而致命,致命豆丁,zh-TW
尺寸至上,大小很重要,zh-TW
尺有所短、寸有所长,大小很重要,zh-TW
峡谷迅捷蟹,河蟹,zh-TW
崇高の冒険,非凡冒險,zh-TW
崇高冒险,非凡冒險,zh-TW
崔斯特,逆命,zh-TW
巧みなクラフト,精心製作,zh-TW
巨人の誓い,泰坦的決意,zh-TW
巨人之力,巨大強悍,zh-TW
巨人杀手,巨人殺手,zh-TW
巨人腰带,巨人腰帶,zh-TW
巨型九头蛇,泰坦九頭蛇,zh-TW
巨龙之爪,龍之爪,zh-TW
巫妖之祸,巫妖之禍,zh-TW
巴龙幻域,巴龍巢穴,zh-TW
布蕾尔,布蕾爾,zh-TW
帽子ジュース,帽帽果汁,zh-TW
帽子饮品,帽帽果汁,zh-TW
平底锅,平底鍋,zh-TW
并肩作战,並肩作戰,zh-TW
幸存者,生存專家,zh-TW
幸运手套,好運手套,zh-TW
幻灵战队,百獸,zh-TW
幻灵战队纹章,百獸特攻隊徽章,zh-TW
幻灵指挥官,百獸指揮官,zh-TW
幽魂弯刀,鬼使彎刀,zh-TW
広がる根,荊棘蔓延,zh-TW
庇護者のお供,守望者之友,zh-TW
库奇,庫奇,zh-TW
应急护甲,臨時戰甲,zh-TW
应急护盾,主角威能,zh-TW
开摆,強制中離,zh-TW
异类,怪咖集合,zh-TW
弓の誓い,吾弓效命於您,zh-TW
强制中离,強制中離,zh-TW
强化之能量,增幅之力,zh-TW
强大机甲,超能機甲,zh-TW
强袭者的链枷,打手連枷,zh-TW
当头棒喝！,一棒入魂！,zh-TW
影の操り人形,影子木偶,zh-TW
征战之路,刃馬合一,zh-TW
待つ価値あり,值得等待,zh-TW
後衛の設計図,後排藍圖,zh-TW
微光龙鳞精萃,微光龍鱗精粹,zh-TW
心之钢,心之抗防,zh-TW
心身統御のペンダント,支配寶匣,zh-TW
忍耐の美徳,耐心是美德,zh-TW
忍耐是美德,耐心是美德,zh-TW
快速入门,加速開始,zh-TW
思惑買い,長久之計,zh-TW
思绪杂乱,思緒雜亂,zh-TW
思绪清晰,思緒清晰,zh-TW
怪しげなトレンチコート,可疑風衣,zh-TW
恶意变现,惡性經營,zh-TW
恶意货币化,惡性經營,zh-TW
恶意软件矩阵,惡意程式矩陣,zh-TW
恶火小斧,獄火手斧,zh-TW
恶鲨火箭,惡鯊火箭,zh-TW
想定内の意外性,預料中的意外,zh-TW
意料之中的意外,預料中的意外,zh-TW
愿四费与你同在,願四之力與你同在,zh-TW
成吨数据！,能力值大補包,zh-TW
成吨的属性！,能力值大補包,zh-TW
我们团结一致,攜手同行,zh-TW
我弓于你手,吾弓效命於您,zh-TW
我独自升级,獨自升等,zh-TW
战时补给：反曲之弓,備用弓箭,zh-TW
战时补给：女神之泪,淚光閃閃,zh-TW
战时补给：拳套,究極暴擊,zh-TW
战时补给：无用大棒,連續施法,zh-TW
战时补给：暴风大剑,殺出血路,zh-TW
战神的荣耀,戰國軍閥之榮耀,zh-TW
戦略的敗北,這次戰敗也在計算之中,zh-TW
手套,縮小手套,zh-TW
手气不错,鴻運當頭,zh-TW
打手连枷,打手連枷,zh-TW
打捞桶,回收再利用,zh-TW
扩展包,強化包,zh-TW
投資完了,投資,zh-TW
投资,投資,zh-TW
拉亚斯特,勒哈斯特,zh-TW
拉莫斯,拉姆斯,zh-TW
拓展包,強化包,zh-TW
招兵买马,招兵買馬,zh-TW
拥抱,大家來抱抱,zh-TW
拳击训练,拳擊訓練,zh-TW
拳击课程,拳擊訓練,zh-TW
拳套,格鬥手套,zh-TW
指挥官,指揮官,zh-TW
挑个好伙计！,打造夥伴,zh-TW
挑战者,極速快手,zh-TW
挑战者徽章,極速快手徽章,zh-TW
挑战者模式,極速快手模式,zh-TW
挑战者纹章,極速快手徽章,zh-TW
挖角,盜取,zh-TW
振奋盔甲,振奮盔甲,zh-TW
排兵布阵,陣容,zh-TW
探索者护腕,探索者護腕,zh-TW
探索者的护臂,探索者護腕,zh-TW
提莫,提摩,zh-TW
援護の弓,備用弓箭,zh-TW
揺るがぬ心,堅定之心,zh-TW
携带型打铁铺,攜帶型打鐵舖,zh-TW
携手合作,人多好辦事,zh-TW
摇钱树,天外橫財,zh-TW
摘星之志,伸手摘星,zh-TW
攀登天梯,攀升之階I,zh-TW
支配宝匣,支配寶匣,zh-TW
放電,電光反擊,zh-TW
救済者,救世主,zh-TW
救赎之灵,靈魂救贖,zh-TW
救赎盔甲,靈魂救贖,zh-TW
散件丰收日,組件強盜,zh-TW
斗士,武鬥家,zh-TW
斗士纹章,武鬥家徽章,zh-TW
斗神,神鬥士,zh-TW
斗神的恩赐,女武神的祝福,zh-TW
斯塔缇克电刃,史提克彈簧刀,zh-TW
斯特拉克的挑战护手,史特拉克手套,zh-TW
新人入队,招兵買馬,zh-TW
新兵,招兵買馬,zh-TW
新星特攻队,超新星,zh-TW
新星特攻队纹章,超新星徽章,zh-TW
新纪元,紀元,zh-TW
旅人,星際旅人,zh-TW
旅人纹章,星際旅人徽章,zh-TW
无人机上行链路,無人機上鏈,zh-TW
无尽之刃,無盡之刃,zh-TW
无尽守护,無限守護,zh-TW
无尽绝望,無盡絕望,zh-TW
无差别攻击,無差別屠殺,zh-TW
无差别杀手,無差別屠殺,zh-TW
无用大棒,巨型魔棒,zh-TW
无终恨意,無盡絕望,zh-TW
日炎棋盘,日炎燎原,zh-TW
日轮的加冕,日輪的加冕,zh-TW
明智消费,精打細算,zh-TW
明鏡止水,思緒清晰,zh-TW
易,易大師,zh-TW
易大师,易大師,zh-TW
星の観測者,占星師,zh-TW
星の観測者の紋章,占星師徽章,zh-TW
星を目指して,伸手摘星,zh-TW
星光连击,星光連鎖,zh-TW
星界连招,星光連鎖,zh-TW
星界重启,宇宙重啟,zh-TW
昼食代,午餐錢,zh-TW
時計仕掛けの加速装置,發條加速器,zh-TW
普通の日々,循序漸進,zh-TW
普通預金口座,儲蓄帳戶,zh-TW
暗影傀儡,影子木偶,zh-TW
暗影木偶,影子木偶,zh-TW
暗星,幽冥煞星,zh-TW
暗星纹章,幽冥煞星徽章,zh-TW
暗行者之爪,潛行者之爪,zh-TW
暗黑女士,闇翼魔女,zh-TW
暮光铁壁,星界壁壘,zh-TW
暮夜之盾,黃昏聖盾,zh-TW
暴击式成功,究極暴擊,zh-TW
暴风之剑,暴風之劍,zh-TW
暴风大剑,暴風之劍,zh-TW
曙光核心,破曉之核,zh-TW
更要命的帽子,致死之帽,zh-TW
更要命的战刃,更致命之刃,zh-TW
最佳好友,一生摯友,zh-TW
最后的轻语,最後耳語,zh-TW
最后耳语,最後耳語,zh-TW
最后赢家,脫穎而出,zh-TW
最小巨人,迷你小英雄,zh-TW
最強の四配者,四重援軍,zh-TW
最强构筑,頂裝,zh-TW
最高指挥官,指揮官,zh-TW
有効活用,死得有價值I,zh-TW
有用之材,死得有價值I,zh-TW
朔极之矛,精進之矛,zh-TW
木偶化,鈍化,zh-TW
木灵族,米普星人,zh-TW
木灵族纹章,米普星人徽章,zh-TW
未来の鍛冶場,潛在火爐,zh-TW
未来战士,時間破壞者,zh-TW
未来战士纹章,時間破壞者徽章,zh-TW
末日使者,厄運使者,zh-TW
机甲神盾,機械戰甲,zh-TW
杀出血路,殺出血路,zh-TW
权杖意志,戰錘意志,zh-TW
杖之工匠,杖匠,zh-TW
杖鍛冶,杖匠,zh-TW
来个好伙计,開局新手包,zh-TW
极光,歐羅拉,zh-TW
极限拉满,最大最小化,zh-TW
构筑一名伙伴：,打造夥伴,zh-TW
枯朽の遺物,凋零聖物,zh-TW
枯死の宝石,枯萎寶石,zh-TW
枯萎圣物,凋零聖物,zh-TW
枯萎宝石,枯萎寶石,zh-TW
枯萎珠宝,枯萎寶石,zh-TW
柔軟性,靈活變通,zh-TW
根絶者,燼滅之華,zh-TW
格斗手套,格鬥手套,zh-TW
格温,關,zh-TW
格雷福斯,葛雷夫,zh-TW
棋手厨房,棋手廚房,zh-TW
棋手斗篷,棋手披風,zh-TW
棋手盾牌,棋手之盾,zh-TW
棘刺背心,刺藤胸甲,zh-TW
棱彩门票,稜鏡票券,zh-TW
構成拡大,斜槓英雄,zh-TW
次级镜像人格面具,初級鏡像人格,zh-TW
次级镜影化身,初級鏡像人格,zh-TW
正义之手,正義手套,zh-TW
正义手套,正義手套,zh-TW
正义报复,復仇,zh-TW
武斗家,武鬥家,zh-TW
武斗家徽章,武鬥家徽章,zh-TW
武装战姬,重槍女武神,zh-TW
歩く鍛冶場,活火爐,zh-TW
死亡之刃,死神之刃,zh-TW
歼灭者,燼滅之華,zh-TW
殉道美德,烈士美德,zh-TW
水乳交融,攜手同行,zh-TW
水银,水銀兜帽,zh-TW
水银兜帽,水銀兜帽,zh-TW
永恒契约,永恆契約,zh-TW
永续召唤,連續施法,zh-TW
汪星机器人,派對咖,zh-TW
沈黙の帳,寂靜法衣,zh-TW
治疗法球,治療靈球,zh-TW
法官,仲裁者,zh-TW
法官纹章,仲裁者徽章,zh-TW
法杖工匠,杖匠,zh-TW
法杖溢流,魔杖湧流,zh-TW
法洛士的增益,法洛士的祝福,zh-TW
法洛士的执念,法洛士的執念,zh-TW
泪流不止,淚光閃閃,zh-TW
泪流成河,淚如泉湧,zh-TW
泰坦九头蛇,泰坦九頭蛇,zh-TW
泰坦的决意,泰坦的決意,zh-TW
泰坦的坚决,泰坦的決意,zh-TW
泰隆,塔隆,zh-TW
活体锻炉,活火爐,zh-TW
活火炉,活火爐,zh-TW
派上用场,死得有價值I,zh-TW
派对大咖,派對咖,zh-TW
流れる涙,淚光閃閃,zh-TW
流亡孤军,流亡孤軍,zh-TW
浪人,流亡孤軍,zh-TW
海克斯科技枪刃,海克斯科技槍刃,zh-TW
海牛阿福的锅铲战术,阿福奇兵,zh-TW
海魔人,遠古霸者,zh-TW
海魔人纹章,遠古霸者徽章,zh-TW
混乱回復装置,重整裝置,zh-TW
混乱的呼唤,混沌召喚,zh-TW
混沌への呼び声,混沌召喚,zh-TW
混沌召唤,混沌召喚,zh-TW
清晰头脑,思緒清晰,zh-TW
游侠,神影刺客,zh-TW
游侠纹章,神影刺客徽章,zh-TW
游神的盟友,守望者之友,zh-TW
源计划上行链路,模控機械上鏈,zh-TW
源计划植入,模控機械移植,zh-TW
滚起优势,鴻運當頭,zh-TW
漫游者,星際旅人,zh-TW
漫游者徽章,星際旅人徽章,zh-TW
潘多拉的备战区,潘朵拉的備戰區,zh-TW
潘多拉的道具,潘朵拉的道具,zh-TW
潘朵拉的备战席,潘朵拉的備戰區,zh-TW
潘朵拉的装备,潘朵拉的道具,zh-TW
潜心锻造,潛在火爐,zh-TW
潜行者之爪,潛行者之爪,zh-TW
激发之匣,支配寶匣,zh-TW
火上浇油,熊熊火勢,zh-TW
火热促销,跳樓大拍賣,zh-TW
火爆甩卖,跳樓大拍賣,zh-TW
灭世者的死亡之帽,死亡之帽,zh-TW
灭星尊,燼滅之華,zh-TW
灵气农兵,營造氣場,zh-TW
灵活变通,靈活變通,zh-TW
灵活摇摆,靈活變通,zh-TW
灵能特工,靈能使,zh-TW
灵能特工纹章,靈能使徽章,zh-TW
灵能者,靈能使,zh-TW
灵能者徽章,靈能使徽章,zh-TW
灵风,西風匕首,zh-TW
灵魂唤醒,魂力覺醒,zh-TW
灵魂觉醒,魂力覺醒,zh-TW
炎を強めて,熊熊火勢,zh-TW
点击即送,嘟嘟好,zh-TW
炽天使之拥,熾天使之杖,zh-TW
炽天使之杖,熾天使之杖,zh-TW
烁刃,閃刃,zh-TW
烈士之德,烈士美德,zh-TW
烬,燼,zh-TW
無差別殺人者,無差別屠殺,zh-TW
煽风点火,熊熊火勢,zh-TW
爆炸式增长,爆炸性成長,zh-TW
爆発的成長,爆炸性成長,zh-TW
爱心包裹,物資箱,zh-TW
爱欧尼亚星火,離子星火,zh-TW
牧羊人,星靈牧者,zh-TW
牧羊人纹章,星靈牧者徽章,zh-TW
牧魂人,星靈牧者,zh-TW
牧魂人徽章,星靈牧者徽章,zh-TW
物尽其用,砸起來,zh-TW
特性の書,特性典籍,zh-TW
特性の木,特性神木,zh-TW
特性を選択,選擇特性,zh-TW
特性之树,特性神木,zh-TW
犽宿的共享光采,犽宿之共享光采,zh-TW
犽宿的剑术,犽宿的迅雷之技,zh-TW
犽宿的增益,犽宿的祝福,zh-TW
犽宿的黄金格子,犽宿的黃金棋格,zh-TW
狂徒铠甲,好戰者鎧甲,zh-TW
狂战士,劫掠者,zh-TW
狂战士纹章,劫掠者徽章,zh-TW
狙击专家,狙擊專家,zh-TW
狙击专家徽章,狙擊專家徽章,zh-TW
狙神,狙擊專家,zh-TW
狙神纹章,狙擊專家徽章,zh-TW
独自升级,獨自升等,zh-TW
狱火战斧,獄火手斧,zh-TW
猛将的荣耀,戰國軍閥之榮耀,zh-TW
猩红报偿,血償,zh-TW
獄炎のハチェット,獄火手斧,zh-TW
王冠とは重きもの,沉重王冠,zh-TW
王冠之重,沉重王冠,zh-TW
玻璃大炮,玻璃大砲I,zh-TW
珍藏财宝,地底寶藏,zh-TW
珠光护手,寶石手套,zh-TW
珠光莲花,珠光蓮花II,zh-TW
瑟雷西的增益,瑟雷西的祝福,zh-TW
瑟雷西的灯笼,瑟雷西的燈籠,zh-TW
璐璐,露璐,zh-TW
甘いおやつ,美味甜點,zh-TW
甜点,美味甜點,zh-TW
生存专家,生存專家,zh-TW
生日团聚,生日團聚,zh-TW
生日礼物,生日禮物,zh-TW
生日聚会,生日團聚,zh-TW
生根发芽,荊棘蔓延,zh-TW
生活片段,循序漸進,zh-TW
生涯ブロンズ,銅級之命II,zh-TW
生物质保存剂,生物材料保存,zh-TW
生物质维护器,生物材料保存,zh-TW
由二生D,價值爆棚,zh-TW
电光反击,電光反擊,zh-TW
电火花,電光反擊,zh-TW
电荷转移I,電荷轉移,zh-TW
男爵幻域,巴龍巢穴,zh-TW
略奪者,劫掠者,zh-TW
略奪者の紋章,劫掠者徽章,zh-TW
疗愈回响,治癒回音,zh-TW
疾射火炮,衝擊火炮,zh-TW
疾速双杀,疾速雙殺,zh-TW
癒しのこだま,治癒回音,zh-TW
登上最高峰,脫穎而出,zh-TW
百兽,百獸,zh-TW
百兽指挥官,百獸指揮官,zh-TW
百兽特攻队徽章,百獸特攻隊徽章,zh-TW
盗賊のグローブ,竊賊手套,zh-TW
盗賊団,神偷軍團,zh-TW
盗賊団 II,神偷軍團 II,zh-TW
目标锁定光学仪,目標鎖定光學,zh-TW
石像鬼盘核,石像鬼磐核,zh-TW
石像鬼石板甲,石像鬼磐核,zh-TW
研究熱心,耐心學習,zh-TW
砰地重击,砸起來,zh-TW
砰爆,厄運使者,zh-TW
破时者,時間破壞者,zh-TW
破时者徽章,時間破壞者徽章,zh-TW
硬性承诺,強力投入,zh-TW
碰撞测试假人,碰撞測試,zh-TW
神の祝福,神寵者,zh-TW
神の鍛冶場,神聖熔爐,zh-TW
神之祝福,神寵者,zh-TW
神偷军团,神偷軍團,zh-TW
神偷军团 II,神偷軍團 II,zh-TW
神力天铸,力量鍛造,zh-TW
神化锻炉,神聖熔爐,zh-TW
神託,神諭,zh-TW
神谕,降靈師,zh-TW
神谕模式,降靈師模式,zh-TW
神赐锻炉,神聖熔爐,zh-TW
禁忌雕像,禁忌之像,zh-TW
离子火花,離子星火,zh-TW
私房钱,私房錢,zh-TW
秘传奥义,真派氣功,zh-TW
穢れたヴァンパイア セプター,詛咒吸血鬼權杖,zh-TW
窃盗,盜取,zh-TW
窃贼帮派,神偷軍團,zh-TW
窃贼帮派 II,神偷軍團 II,zh-TW
窃贼手套,竊賊手套,zh-TW
米利欧,米里歐,zh-TW
米普,小米普,zh-TW
米普,米普星人,zh-TW
米普徽章,米普星人徽章,zh-TW
米里欧,米里歐,zh-TW
精心打造,精心製作,zh-TW
精打细算,精打細算,zh-TW
精进之矛,精進之矛,zh-TW
素材アイテムヘイスト,組件強盜,zh-TW
紡がれし魔法,魔力編織,zh-TW
索拉卡的增益,索拉卡的祝福,zh-TW
索拉卡的奇迹,索拉卡的奇蹟,zh-TW
索拉卡的恩赐,索拉卡的祝福,zh-TW
終わりなき絶望,無盡絕望,zh-TW
絶好調,鴻運當頭,zh-TW
红增益,紅Buff,zh-TW
红霸符,紅Buff,zh-TW
纪年伊始,紀元,zh-TW
纳什之牙,納什之牙,zh-TW
纳尔,吶兒,zh-TW
纳瑟斯,納瑟斯,zh-TW
纷乱头脑,思緒雜亂,zh-TW
纹章之书,特性典籍,zh-TW
纺织魔法,魔力編織,zh-TW
组件劫案,組件強盜,zh-TW
织命人,命運編織者,zh-TW
终端米普速度,米普終端速度,zh-TW
终身青铜,銅級之命II,zh-TW
终身黄铜,銅級之命II,zh-TW
绝境反击,逆轉佳話,zh-TW
维克托,維克特,zh-TW
维克特,維克特,zh-TW
维迦,維迦,zh-TW
编织魔法,魔力編織,zh-TW
羁绊树,特性神木,zh-TW
翱锐龙兽,翱銳龍獸,zh-TW
翱锐龙兽的增益,翱銳龍獸的祝福,zh-TW
耐心学习,耐心學習,zh-TW
耐心是一种美德,耐心是美德,zh-TW
职业杀手,契約殺手,zh-TW
联合作战,並肩作戰,zh-TW
聖なる決闘者,神鬥士,zh-TW
能量圣杯,力量聖杯,zh-TW
腐蚀,腐蝕,zh-TW
腐败吸血鬼权杖,詛咒吸血鬼權杖,zh-TW
腐食,腐蝕,zh-TW
腰带溢流,腰帶多多,zh-TW
腰带过载,腰帶多多,zh-TW
至尊探险,非凡冒險,zh-TW
致命利刃,更致命之刃,zh-TW
致命帽子,致死之帽,zh-TW
艾克的增益,艾克的祝福,zh-TW
艾克的恩赐,艾克的祝福,zh-TW
节外生枝,斜槓英雄,zh-TW
花到上头,私房錢,zh-TW
芽苞初放,開局新手包,zh-TW
英勇惊喜包,英雄禮包,zh-TW
英勇福袋,英雄禮包,zh-TW
英雄のラッキーバッグ,英雄禮包,zh-TW
茂凯,茂凱,zh-TW
莎弥拉,煞蜜拉,zh-TW
莫德凯撒,魔鬥凱薩,zh-TW
莫甘娜,魔甘娜,zh-TW
莫雷洛秘典,黑魔禁書,zh-TW
菲兹,飛斯,zh-TW
菲奥娜,菲歐拉,zh-TW
菲欧拉,菲歐拉,zh-TW
蓝增益,藍Buff,zh-TW
蓝霸符,藍Buff,zh-TW
蔓延之根,荊棘蔓延,zh-TW
蕾欧娜,雷歐娜,zh-TW
薄暮法袍,均等法衣,zh-TW
薇古丝,薇可絲,zh-TW
薇可丝,薇可絲,zh-TW
虚空之杖,虛空之杖,zh-TW
虚空之门,虛空之門,zh-TW
虚空手套,虛空武鬥場,zh-TW
虚空护手,虛空武鬥場,zh-TW
血の供物,血祭,zh-TW
血の価値,血償,zh-TW
血的代价,血償,zh-TW
衝突試験用ダミー,碰撞測試,zh-TW
裁决者,仲裁者,zh-TW
裁决者徽章,仲裁者徽章,zh-TW
装备百宝袋,道具組合包I,zh-TW
西风匕首,西風匕首,zh-TW
观星者,占星師,zh-TW
观星者徽章,占星師徽章,zh-TW
观星者纹章,占星師徽章,zh-TW
视界专注,視界專注,zh-TW
觉得自己幸运吗,鴻運當頭,zh-TW
订阅服务,訂閱服務,zh-TW
认知税,智商稅,zh-TW
认知超负荷,認知超載,zh-TW
认知过载,認知超載,zh-TW
训练假人,訓練假人,zh-TW
训练木偶,訓練假人,zh-TW
诅咒之冠,詛咒之冠,zh-TW
诅咒之刃,詛咒之刃,zh-TW
诅咒冠冕,詛咒之冠,zh-TW
豪華なサブスク,訂購奢侈品,zh-TW
買い物三昧,買不手軟,zh-TW
賢い買い物,精打細算,zh-TW
贝尔薇斯,貝爾薇斯,zh-TW
贝蕾亚,布蕾爾,zh-TW
负极斗篷,負極斗篷,zh-TW
财源滚滚,天外橫財,zh-TW
贪啃奇,貪啃奇,zh-TW
贪财,貪財,zh-TW
购物狂欢,買不手軟,zh-TW
贸易中心,貿易核心,zh-TW
贸易大亨,交易之星,zh-TW
贾克斯,賈克斯,zh-TW
赏金战士,拳擊選手,zh-TW
起死回生,回春,zh-TW
超级机甲,超能機甲,zh-TW
超越のタリスマン,昇華護符,zh-TW
輝く悪党,聖光無賴,zh-TW
转不停,抽好抽滿I,zh-TW
轻量魔法投掷,一點點重抽魔法,zh-TW
轻魔重骰,一點點重抽魔法,zh-TW
这次战败也在计算之中,這次戰敗也在計算之中,zh-TW
远古霸者,遠古霸者,zh-TW
远古霸者徽章,遠古霸者徽章,zh-TW
远征,遠征,zh-TW
远见卓识,超前部署,zh-TW
连指手套,縮小手套,zh-TW
迷离风衣,可疑風衣,zh-TW
适应性头盔,適性神盔,zh-TW
适性神盔,適性神盔,zh-TW
逆袭之路,逆轉佳話,zh-TW
逆転劇,逆轉佳話,zh-TW
选择特性,選擇特性,zh-TW
选择羁绊,選擇特性,zh-TW
連続魔法,連續施法,zh-TW
道を切り拓け,殺出血路,zh-TW
道具惊喜包,道具組合包I,zh-TW
遥遥领先,長久之計,zh-TW
邦！,一棒入魂！,zh-TW
邪悪な収益化,惡性經營,zh-TW
部分飞升,不完全飛昇,zh-TW
鄂尔,鄂爾,zh-TW
重启任务,重新開始任務,zh-TW
重整装置,重整裝置,zh-TW
重枪女武神,重槍女武神,zh-TW
重装战士,先鋒戰士,zh-TW
重装战士纹章,先鋒戰士徽章,zh-TW
重锤之志,戰錘意志,zh-TW
金に飢えし者,貪財,zh-TW
金のタマゴ,黃金蛋,zh-TW
金のモンスーン,天外橫財,zh-TW
金ピカの鋼,不破金鋼,zh-TW
金克丝,吉茵珂絲,zh-TW
金蛋,黃金蛋,zh-TW
金铲铲,鍋鏟,zh-TW
金铲铲冠冕,棋手皇冠,zh-TW
金锅铲冠冕,棋手披風,zh-TW
金锅锅,平底鍋,zh-TW
金锅锅冠冕,棋手之盾,zh-TW
金霖龙,黃金巨龍,zh-TW
金鳞精粹,微光龍鱗精粹,zh-TW
金龙降世,黃金巨龍,zh-TW
銀の匙,金湯匙,zh-TW
銃装機神,重槍女武神,zh-TW
鋼の心,心之抗防,zh-TW
鏡像のペルソナ,鏡像人格,zh-TW
钢铁之心,心之抗防,zh-TW
钢铁烈阳之匣,日輪的加冕,zh-TW
钢铁资产,鋼鐵素材,zh-TW
银汤匙,金湯匙,zh-TW
银河猎手,銀河獵手,zh-TW
银织黎明,銀織黎明,zh-TW
铸剑工匠,劍匠,zh-TW
锁子甲,鎖子甲,zh-TW
锁敌光学设备,目標鎖定光學,zh-TW
锅铲,鍋鏟,zh-TW
锅铲厨房,棋手廚房,zh-TW
锐雯,雷玟,zh-TW
锡柯的号角,錫柯的號角,zh-TW
锡柯的悲鸣号角,錫柯的悲鳴號角,zh-TW
锤石的恩赐,瑟雷西的祝福,zh-TW
锤石的灯笼,瑟雷西的燈籠,zh-TW
锻造一个朋友,鑄造朋友,zh-TW
锻造挚友,鑄造朋友,zh-TW
镀金钢铁,不破金鋼,zh-TW
镜像人格面具,鏡像人格,zh-TW
镜影化身,鏡像人格,zh-TW
镜爪,鏡爪,zh-TW
闇の女帝,闇翼魔女,zh-TW
阿卡丽,阿卡莉,zh-TW
阿狸的光环,阿璃的靈氣,zh-TW
阿狸的恩赐,阿璃的祝福,zh-TW
阿璃的增益,阿璃的祝福,zh-TW
阿璃的灵气,阿璃的靈氣,zh-TW
阿福大礼包,阿福大禮包,zh-TW
阿福式开局,阿福奇兵,zh-TW
阿福的百宝袋,阿福大禮包,zh-TW
阿福驾到,阿福快打,zh-TW
阿萝拉,歐羅拉,zh-TW
限定カスタマイズ,量身訂做,zh-TW
集中砲火,集中火力,zh-TW
集体拥抱I,大家來抱抱,zh-TW
集结战队,人多好辦事,zh-TW
雇佣杀手,契約殺手,zh-TW
雷克塞,雷珂煞,zh-TW
雷欧娜,雷歐娜,zh-TW
霞,剎雅,zh-TW
霸天机甲,機械戰甲,zh-TW
静止法衣,寂靜法衣,zh-TW
韦鲁斯的恩赐,法洛士的祝福,zh-TW
韦鲁斯的执念,法洛士的執念,zh-TW
顶尖构筑,頂裝,zh-TW
顽强不屈,不屈鬥魂,zh-TW
飙速木灵,米普終端速度,zh-TW
飞升,飛昇,zh-TW
飞升护符,昇華護符,zh-TW
飞斯,飛斯,zh-TW
饮血剑,嗜血者,zh-TW
騎士の誓い,騎士誓願,zh-TW
骑士之誓,騎士誓願,zh-TW
骑士誓愿,騎士誓願,zh-TW
高压电,高電壓,zh-TW
高压电流,高電壓,zh-TW
高塔,防禦高塔,zh-TW
高级贷款,進階貸款,zh-TW
高速ダブルキル,疾速雙殺,zh-TW
高電圧,高電壓,zh-TW
鬼使弯刀,鬼使彎刀,zh-TW
魔斗凯萨,魔鬥凱薩,zh-TW
魔术师,復刻師,zh-TW
魔术师模式,復刻師模式,zh-TW
魔棒过载,魔杖湧流,zh-TW
魔法のダイス,魔法擲骰,zh-TW
魔法投掷,魔法擲骰,zh-TW
魔法骰子,魔法擲骰,zh-TW
鱼骨头,惡鯊火箭,zh-TW
鲜血祭品,血祭,zh-TW
黄昏圣盾,黃昏聖盾,zh-TW
黄金の博打,黃金豪賭,zh-TW
黄金の龍,黃金巨龍,zh-TW
黄金蛋,黃金蛋,zh-TW
黄金豪赌,黃金豪賭,zh-TW
黄金赌约,黃金豪賭,zh-TW
黎明之盾,黎明聖盾,zh-TW
黎明圣盾,黎明聖盾,zh-TW
黎明核心,破曉之核,zh-TW
黑暗吸血鬼节杖,詛咒吸血鬼權杖,zh-TW
黑暗魔女,闇翼魔女,zh-TW
黑铁资产,鋼鐵素材,zh-TW
黑魔禁书,黑魔禁書,zh-TW
龙之爪,龍之爪,zh-TW
가고일 돌갑옷,石像鬼磐核,zh-TW
가지 뻗기,斜槓英雄,zh-TW
간이 대장간,活火爐,zh-TW
강철의 솔라리 펜던트,日輪的加冕,zh-TW
강철의 심장,心之抗防,zh-TW
거대 메크 로봇,超能機甲,zh-TW
거대하고 강력한,巨大強悍,zh-TW
거대한 히드라,泰坦九頭蛇,zh-TW
거래 중심지,貿易核心,zh-TW
거울의 환영,鏡像人格,zh-TW
거인 학살자,巨人殺手,zh-TW
거인의 결의,泰坦的決意,zh-TW
거인의 허리띠,巨人腰帶,zh-TW
검 제작자,劍匠,zh-TW
경품 추첨,黃金豪賭,zh-TW
경호대 훈련,保鑣訓練,zh-TW
계산된 패배,這次戰敗也在計算之中,zh-TW
고귀한 모험,非凡冒險,zh-TW
고독한 방패,單人磐核,zh-TW
고속 연사포,衝擊火炮,zh-TW
고위천사의 지팡이,熾天使之杖,zh-TW
고전압,電光反擊,zh-TW
고전압,高電壓,zh-TW
고철 수집가의 은총,女武神的祝福,zh-TW
곡궁,反曲弓,zh-TW
골렘,魔像,zh-TW
공감 임플란트,共感植入,zh-TW
공허 건틀릿,虛空武鬥場,zh-TW
공허의 지팡이,虛空之杖,zh-TW
교환의 장,交易之星,zh-TW
구독 서비스,訂閱服務,zh-TW
구원의 영혼,靈魂救贖,zh-TW
구원자,救世主,zh-TW
구인수의 격노검,鬼索的狂暴之刃,zh-TW
굳건한 심장,堅定之心,zh-TW
권투 교습,拳擊訓練,zh-TW
그냥 눌러,嘟嘟好,zh-TW
그라가스,古拉格斯,zh-TW
그레이브즈,葛雷夫,zh-TW
그림자 꼭두각시,影子木偶,zh-TW
그웬,關,zh-TW
극대화 빌드,頂裝,zh-TW
극진한 헌신,強力投入,zh-TW
금지된 우상,禁忌之像,zh-TW
급매,跳樓大拍賣,zh-TW
기다림의 미학,值得等待,zh-TW
기동총격여신,重槍女武神,zh-TW
기사의 맹세,騎士誓願,zh-TW
길을 내라,殺出血路,zh-TW
길잡이,星靈牧者,zh-TW
길잡이 상징,星靈牧者徽章,zh-TW
꼬꼬마 거인,迷你小英雄,zh-TW
꼬마 거인,小小大英雄,zh-TW
꼬마 정령,小米普,zh-TW
꽁!,一棒入魂！,zh-TW
끈끈한 우정,建立團隊,zh-TW
끈질긴 연구,耐心學習,zh-TW
끝없는 절망,無盡絕望,zh-TW
나 혼자 레벨업,獨自升等,zh-TW
나르,吶兒,zh-TW
나미,娜米,zh-TW
나서스,納瑟斯,zh-TW
남작의 소굴,巴龍巢穴,zh-TW
내셔의 이빨,納什之牙,zh-TW
넘치는 대검,刀劍湧流,zh-TW
넘치는 지팡이,魔杖湧流,zh-TW
넘치는 허리띠,腰帶多多,zh-TW
누누와 윌럼프,努努和威朗普,zh-TW
다 쓸 데가 있다니까,死得有價值I,zh-TW
다이애나,黛安娜,zh-TW
단결된 의지,並肩作戰,zh-TW
단일 조합 사수,不偵察不換陣容,zh-TW
단짝,一生摯友,zh-TW
단체 포옹,大家來抱抱,zh-TW
달콤한 간식,美味甜點,zh-TW
대격변 생성기,重整裝置,zh-TW
대장군의 명예,戰國軍閥之榮耀,zh-TW
대천사의 지팡이,大天使之杖,zh-TW
대출 선지급,進階貸款,zh-TW
더욱 치명적인 모자,致死之帽,zh-TW
덤불 조끼,刺藤胸甲,zh-TW
도금 강철,不破金鋼,zh-TW
도둑 무리,神偷軍團,zh-TW
도둑 무리 II,神偷軍團 II,zh-TW
도적의 장갑,竊賊手套,zh-TW
도전자,極速快手,zh-TW
도전자 모드,極速快手模式,zh-TW
도전자 상징,極速快手徽章,zh-TW
돈 폭풍,天外橫財,zh-TW
돈독,貪財,zh-TW
동료 제작,打造夥伴,zh-TW
동물특공대,百獸,zh-TW
동물특공대 상징,百獸特攻隊徽章,zh-TW
동물특공대 지휘관,百獸指揮官,zh-TW
뒤집개,鍋鏟,zh-TW
드론 업링크,無人機上鏈,zh-TW
땔감 제공,熊熊火勢,zh-TW
라바돈의 죽음모자,死亡之帽,zh-TW
라아스트,勒哈斯特,zh-TW
라이트실드 문장,光盾之紋,zh-TW
람머스,拉姆斯,zh-TW
레벨 업!,升級！,zh-TW
레오나,雷歐娜,zh-TW
렉사이,雷珂煞,zh-TW
루덴의 폭풍,盧登驟雨,zh-TW
룰루,露璐,zh-TW
르블랑,勒布朗,zh-TW
리븐,雷玟,zh-TW
리산드라,麗珊卓,zh-TW
리치베인,巫妖之禍,zh-TW
마법 주사위,魔法擲骰,zh-TW
마법공학 총검,海克斯科技槍刃,zh-TW
마법사의 최후,智慧末刃,zh-TW
마스터 이,易大師,zh-TW
마오카이,茂凱,zh-TW
말살자,燼滅之華,zh-TW
맑은 정신,思緒清晰,zh-TW
망령 해적검,鬼使彎刀,zh-TW
메카,機械戰甲,zh-TW
명멸검,閃刃,zh-TW
모데카이저,魔鬥凱薩,zh-TW
모렐로노미콘,黑魔禁書,zh-TW
모르가나,魔甘娜,zh-TW
무차별적 살인자,無差別屠殺,zh-TW
무한의 대검,無盡之刃,zh-TW
무한한 보호,無限守護,zh-TW
미래 지향적 사고,超前部署,zh-TW
미스 포츈,好運姐,zh-TW
밀리오,米里歐,zh-TW
바드,巴德,zh-TW
바루스의 은총,法洛士的祝福,zh-TW
바루스의 집착,法洛士的執念,zh-TW
반도체,半導體,zh-TW
반항아,怪咖集合,zh-TW
밤의 끝자락,夜色緣界,zh-TW
방한 장갑,縮小手套,zh-TW
베이가,維迦,zh-TW
벡스,薇可絲,zh-TW
벨베스,貝爾薇斯,zh-TW
별돌보미,占星師,zh-TW
별돌보미 상징,占星師徽章,zh-TW
별빛 연계,星光連鎖,zh-TW
보루,星界壁壘,zh-TW
보물 사냥,尋寶遊戲,zh-TW
보석 건틀릿,寶石手套,zh-TW
보석 연꽃,珠光蓮花II,zh-TW
복제,複製,zh-TW
복제자,復刻師,zh-TW
복제자 모드,復刻師模式,zh-TW
부스터 팩,強化包,zh-TW
부식,腐蝕,zh-TW
부작용,副作用,zh-TW
부활의 은총,復活祝福,zh-TW
불굴,不屈鬥魂,zh-TW
불완전한 초월,不完全飛昇,zh-TW
불한당,神影刺客,zh-TW
불한당 상징,神影刺客徽章,zh-TW
붉고 푸른 효과,一個Buff，兩個Buff,zh-TW
붉은 덩굴정령,紅Buff,zh-TW
브라이어,布蕾爾,zh-TW
블리츠크랭크,布里茨,zh-TW
빅뱅,大霹靂星系,zh-TW
빅토르,維克特,zh-TW
빛비늘 정수,微光龍鱗精粹,zh-TW
뻗어가는 뿌리,荊棘蔓延,zh-TW
뽀삐,波比,zh-TW
사미라,煞蜜拉,zh-TW
사이버네틱 이식술,模控機械移植,zh-TW
사이버네틱 통신,模控機械上鏈,zh-TW
삼인방,三連勝I,zh-TW
새로고침의 날,抽好抽滿I,zh-TW
새로운 시대,紀元,zh-TW
새벽심장,破曉之核,zh-TW
새벽의 방패,黎明聖盾,zh-TW
생선대가리,惡鯊火箭,zh-TW
생일 모임,生日團聚,zh-TW
생일 선물,生日禮物,zh-TW
생존자,生存專家,zh-TW
서사적 새로고침,史詩重抽,zh-TW
서열 상승,攀升之階I,zh-TW
서풍,西風匕首,zh-TW
선물 꾸러미,物資箱,zh-TW
선봉대,先鋒戰士,zh-TW
선봉대 상징,先鋒戰士徽章,zh-TW
성취,脫穎而出,zh-TW
소나,索娜,zh-TW
소라카의 기적,索拉卡的奇蹟,zh-TW
소라카의 은총,索拉卡的祝福,zh-TW
소형 블랙홀,迷你黑洞,zh-TW
쇠사슬 조끼,鎖子甲,zh-TW
쇼진의 창,精進之矛,zh-TW
수상한 외투,可疑風衣,zh-TW
수완가,私房錢,zh-TW
수은,水銀兜帽,zh-TW
수호자의 맹세,保衛者之誓,zh-TW
수호자의 친구,守望者之友,zh-TW
순교자의 미덕,烈士美德,zh-TW
쉔,慎,zh-TW
스태틱의 단검,史提克彈簧刀,zh-TW
스테락의 도전,史特拉克手套,zh-TW
슬쩍하기,盜取,zh-TW
습격자,劫掠者,zh-TW
습격자 상징,劫掠者徽章,zh-TW
승승장구,鴻運當頭,zh-TW
승천의 부적,昇華護符,zh-TW
시간 균열자,時間破壞者,zh-TW
시간 균열자 상징,時間破壞者徽章,zh-TW
시계태엽 윤활유,發條加速器,zh-TW
시동 걸기,加速開始,zh-TW
신병,招兵買馬,zh-TW
신성 결투가,神鬥士,zh-TW
신성한 대장간,神聖熔爐,zh-TW
신의 축복,神寵者,zh-TW
신중한 제작,潛在火爐,zh-TW
실컷 울어봐라,淚如泉湧,zh-TW
싸움꾼,武鬥家,zh-TW
싸움꾼 상징,武鬥家徽章,zh-TW
쌍두마차,坦度雙倍,zh-TW
쌍둥이 수호자,雙生守衛,zh-TW
쓰레쉬의 랜턴,瑟雷西的燈籠,zh-TW
쓰레쉬의 은총,瑟雷西的祝福,zh-TW
쓸데없이 큰 지팡이,巨型魔棒,zh-TW
아리의 오라,阿璃的靈氣,zh-TW
아리의 은총,阿璃的祝福,zh-TW
아우렐리온 솔,翱銳龍獸,zh-TW
아우렐리온 솔의 은총,翱銳龍獸的祝福,zh-TW
아이템 꾸러미,道具組合包I,zh-TW
아칼리,阿卡莉,zh-TW
아케인 빅토르이!,奧術：維克特必勝,zh-TW
아트록스,厄薩斯,zh-TW
악성코드 매트릭스,惡意程式矩陣,zh-TW
악의적 수익 창출,惡性經營,zh-TW
암흑의 별,幽冥煞星,zh-TW
암흑의 별 상징,幽冥煞星徽章,zh-TW
야스오의 검술,犽宿的迅雷之技,zh-TW
야스오의 스포트라이트 공유,犽宿之共享光采,zh-TW
야스오의 은총,犽宿的祝福,zh-TW
야스오의 황금 칸,犽宿的黃金棋格,zh-TW
약간 신비한 주사위,一點點重抽魔法,zh-TW
어둠의 여인,闇翼魔女,zh-TW
어수선한 마음,思緒雜亂,zh-TW
얽힌 마법,魔力編織,zh-TW
엄청나게 이로운 효과!,能力值大補包,zh-TW
에너지 파동,真派氣功,zh-TW
에코의 은총,艾克的祝福,zh-TW
에코의 인내,艾克的耐心,zh-TW
여신의 눈물,女神之淚,zh-TW
여행자,星際旅人,zh-TW
여행자 상징,星際旅人徽章,zh-TW
역병의 보석,枯萎寶石,zh-TW
역전의 서막,逆轉佳話,zh-TW
연결 불가,就差你一個,zh-TW
연속 주문 사용,連續施法,zh-TW
연습용 장갑,格鬥手套,zh-TW
영웅 꾸러미,英雄禮包,zh-TW
영원한 브론즈,銅級之命II,zh-TW
영원한 서약,永恆契約,zh-TW
영혼 각성,魂力覺醒,zh-TW
예금 계좌,儲蓄帳戶,zh-TW
예비 활,備用弓箭,zh-TW
예상된 예상 밖의 결과,預料中的意外,zh-TW
예언자,神諭,zh-TW
오라 축적,營造氣場,zh-TW
오로라,歐羅拉,zh-TW
오른,鄂爾,zh-TW
왕관의 무게,沉重王冠,zh-TW
요새,堡壘衛士,zh-TW
요새 상징,堡壘衛士徽章,zh-TW
용의 발톱,龍之爪,zh-TW
우르곳,烏爾加特,zh-TW
우르프의 갬빗,阿福奇兵,zh-TW
우르프의 꾸러미,阿福大禮包,zh-TW
우주 그루브,太空律動,zh-TW
우주 그루브 상징,太空律動徽章,zh-TW
우주적 재시작,宇宙重啟,zh-TW
운명술사,命運編織者,zh-TW
워모그의 갑옷,好戰者鎧甲,zh-TW
위험한 행보,高風險高報酬,zh-TW
유기물 보존기,生物材料保存,zh-TW
유리 대포,玻璃大砲I,zh-TW
유연함,靈活變通,zh-TW
유용한 금속,鋼鐵素材,zh-TW
은빛 여명,銀織黎明,zh-TW
은수저,金湯匙,zh-TW
은하계 사냥꾼,銀河獵手,zh-TW
음전자 망토,負極斗篷,zh-TW
응당한 대가,不惜代價,zh-TW
응징,復仇,zh-TW
이블린의 본능,伊芙琳的本能,zh-TW
이블린의 은총,伊芙琳的祝福,zh-TW
이온 충격기,離子星火,zh-TW
이즈리얼,伊澤瑞爾,zh-TW
인지 과부하,認知超載,zh-TW
인지세,智商稅,zh-TW
일라오이,伊羅旖,zh-TW
일상물,循序漸進,zh-TW
임무 재시작,重新開始任務,zh-TW
임시변통 방어구,臨時戰甲,zh-TW
자객의 발톱,潛行者之爪,zh-TW
자리 비움,強制中離,zh-TW
자야,剎雅,zh-TW
작은 꾸러미,小型禮包,zh-TW
작은 친구들,小小夥伴,zh-TW
작지만 치명적인,致命豆丁,zh-TW
장기 투자,長久之計,zh-TW
재빠른 더블 킬,疾速雙殺,zh-TW
재빠른 무장,砸起來,zh-TW
재생의 바람,回春,zh-TW
재활용 쓰레기통,回收再利用,zh-TW
잭스,賈克斯,zh-TW
저 별을 향해,伸手摘星,zh-TW
저격수,狙擊專家,zh-TW
저격수 상징,狙擊專家徽章,zh-TW
저녁갑주,均等法衣,zh-TW
저주받은 왕관,詛咒之冠,zh-TW
저주받은 칼날,詛咒之刃,zh-TW
적응형 투구,適性神盔,zh-TW
전달자,降靈師,zh-TW
전달자 모드,降靈師模式,zh-TW
전략가의 망토,棋手披風,zh-TW
전략가의 방패,棋手之盾,zh-TW
전략가의 왕관,棋手皇冠,zh-TW
전략가의 주방,棋手廚房,zh-TW
전방의 토대,前線基礎,zh-TW
전하 이동,電荷轉移,zh-TW
점심값,午餐錢,zh-TW
정교한 공예,精心製作,zh-TW
정렬,陣容,zh-TW
정령단 속도,米普終端速度,zh-TW
정령의 형상,振奮盔甲,zh-TW
정령족,米普星人,zh-TW
정령족 상징,米普星人徽章,zh-TW
정의의 손길,正義手套,zh-TW
제드,劫,zh-TW
조기 교육,早期教育,zh-TW
조이,柔依,zh-TW
조합 아이템 강탈,組件強盜,zh-TW
주인공 버프,主角威能,zh-TW
죽음의 검,死神之刃,zh-TW
중심 잡기,中堅自強,zh-TW
중재자,仲裁者,zh-TW
중재자 상징,仲裁者徽章,zh-TW
즈롯 차원문,虛空之門,zh-TW
증강된 힘,增幅之力,zh-TW
지옥불 손도끼,獄火手斧,zh-TW
지크의 음산한 전령,錫柯的悲鳴號角,zh-TW
지크의 전령,錫柯的號角,zh-TW
지팡이 제작자,杖匠,zh-TW
지평선의 초점,視界專注,zh-TW
지휘관,指揮官,zh-TW
진,燼,zh-TW
진형 유지,堅守前線,zh-TW
징크스,吉茵珂絲,zh-TW
찬란한 장난꾸러기,聖光無賴,zh-TW
참는 자에게 복을,耐心是美德,zh-TW
철퇴의 의지,戰錘意志,zh-TW
청부 살인마,契約殺手,zh-TW
초가스,科加斯,zh-TW
초능력,靈能使,zh-TW
초능력 상징,靈能使徽章,zh-TW
초월,飛昇,zh-TW
최신상,再造神兵,zh-TW
최적화,最大最小化,zh-TW
최후의 속삭임,最後耳語,zh-TW
추방자,流亡孤軍,zh-TW
추적자의 팔목 보호대,探索者護腕,zh-TW
출세가도,向上流動,zh-TW
출정,刃馬合一,zh-TW
충돌 시험용 봇,碰撞測試,zh-TW
치명적 성공,究極暴擊,zh-TW
치명적인 칼날,更致命之刃,zh-TW
친구 만들기,開局新手包,zh-TW
친구 만들기,鑄造朋友,zh-TW
침략자 제드,影忍煞星：劫,zh-TW
침묵의 장막,寂靜法衣,zh-TW
카르마,卡瑪,zh-TW
카이사,凱莎,zh-TW
카파 주스,帽帽果汁,zh-TW
케이틀린,凱特琳,zh-TW
케일의 승천,凱爾的讚頌,zh-TW
케일의 은총,凱爾的祝福,zh-TW
케일의 찬란한 승천,凱爾的聖光讚頌,zh-TW
코르키,庫奇,zh-TW
크기의 중요성,大小很重要,zh-TW
크라운가드,皇冠守衛,zh-TW
크라켄의 분노,海妖之怒,zh-TW
큰 꾸러미,大禮包,zh-TW
킨드레드,鏡爪,zh-TW
타격대의 철퇴,打手連枷,zh-TW
타락한 흡혈의 낫,詛咒吸血鬼權杖,zh-TW
탈론,塔隆,zh-TW
탐 켄치,貪啃奇,zh-TW
탐사,遠征,zh-TW
탑,防禦高塔,zh-TW
태고족,遠古霸者,zh-TW
태고족 상징,遠古霸者徽章,zh-TW
태양불꽃 망토,日炎斗篷,zh-TW
태양불꽃판,日炎燎原,zh-TW
투자,投資,zh-TW
트위스티드 페이트,逆命,zh-TW
특별 맞춤 설정,量身訂做,zh-TW
특성 나무,特性神木,zh-TW
특성 선택,選擇特性,zh-TW
특성의 고서,特性典籍,zh-TW
티모,提摩,zh-TW
파멸자,厄運使者,zh-TW
파묻힌 보물,地底寶藏,zh-TW
파이크,派克,zh-TW
파이트 머니,拳擊選手,zh-TW
파티광,派對咖,zh-TW
판도라의 대기석,潘朵拉的備戰區,zh-TW
판도라의 아이템,潘朵拉的道具,zh-TW
판테온,潘森,zh-TW
폭발적인 성장,爆炸性成長,zh-TW
표적 고정 광학 장치,目標鎖定光學,zh-TW
푸른 파수꾼,藍Buff,zh-TW
프라이팬,平底鍋,zh-TW
프리즘 티켓,稜鏡票券,zh-TW
피바라기,嗜血者,zh-TW
피오라,菲歐拉,zh-TW
피의 공물,血祭,zh-TW
피의 대가,血償,zh-TW
피즈,飛斯,zh-TW
하급 거울의 환영,初級鏡像人格,zh-TW
"하나, 둘, 다섯!",一、二、五！,zh-TW
"하나, 둘, 셋",一二三,zh-TW
하나로 뭉치는 거지,攜手同行,zh-TW
해진 유물,凋零聖物,zh-TW
행운의 기운,鴻運當頭,zh-TW
행운의 장갑,好運手套,zh-TW
헤지 펀드,避險基金,zh-TW
현명한 소비,精打細算,zh-TW
협곡 바위 게,河蟹,zh-TW
협력,人多好辦事,zh-TW
호화로운 정기 구독,訂購奢侈品,zh-TW
혼돈의 부름,混沌召喚,zh-TW
화력 집중,集中火力,zh-TW
활력증진의 펜던트,支配寶匣,zh-TW
활의 수호자,吾弓效命於您,zh-TW
황금 드래곤,黃金巨龍,zh-TW
황금 알,黃金蛋,zh-TW
황혼의 방패,黃昏聖盾,zh-TW
회복의 구,治療靈球,zh-TW
회복의 메아리,治癒回音,zh-TW
후반 성장,大器晚成,zh-TW
후반 전문가,專打後期,zh-TW
후방 설계도,後排藍圖,zh-TW
훈련 봇,訓練假人,zh-TW
훈련 봇 변환,鈍化,zh-TW
휴대용 대장간,攜帶型打鐵舖,zh-TW
흐르는 눈물,淚光閃閃,zh-TW
흡혈의 활력,吸血活力,zh-TW
흥청망청,買不手軟,zh-TW
힘을 실은 제련,力量鍛造,zh-TW
힘의 성배,力量聖杯,zh-TW
羊刀,鬼索的狂暴之刃,zh-TW
帽子,死亡之帽,zh-TW
大帽,死亡之帽,zh-TW
法帽,死亡之帽,zh-TW
青龙刀,精進之矛,zh-TW
龙刀,精進之矛,zh-TW
蓝buff,藍Buff,zh-TW
大天使,大天使之杖,zh-TW
AA,大天使之杖,zh-TW
珠光,寶石手套,zh-TW
法爆,寶石手套,zh-TW
JG,寶石手套,zh-TW
鬼书,黑魔禁書,zh-TW
离子,離子星火,zh-TW
纳什,納什之牙,zh-TW
科技枪,海克斯科技槍刃,zh-TW
枪刃,海克斯科技槍刃,zh-TW
虚空,虛空之杖,zh-TW
法穿棒,虛空之杖,zh-TW
无尽,無盡之刃,zh-TW
IE,無盡之刃,zh-TW
死刃,死神之刃,zh-TW
杀人剑,死神之刃,zh-TW
DB,死神之刃,zh-TW
巨杀,巨人殺手,zh-TW
GS,巨人殺手,zh-TW
轻语,最後耳語,zh-TW
LW,最後耳語,zh-TW
海妖,海妖之怒,zh-TW
泰坦,泰坦的決意,zh-TW
幽梦,妖夢鬼刀,zh-TW
QSS,水銀兜帽,zh-TW
血手,史特拉克手套,zh-TW
饮血,嗜血者,zh-TW
BT,嗜血者,zh-TW
反甲,刺藤胸甲,zh-TW
龙爪,龍之爪,zh-TW
DC,龍之爪,zh-TW
石像鬼,石像鬼磐核,zh-TW
狂徒,好戰者鎧甲,zh-TW
夜锋,夜色緣界,zh-TW
EON,夜色緣界,zh-TW
日炎,日炎斗篷,zh-TW
适应,適性神盔,zh-TW
坚定,堅定之心,zh-TW
心之刚,堅定之心,zh-TW
斯特拉克,史特拉克手套,zh-TW
偷偷,竊賊手套,zh-TW
圣盾,保衛者之誓,zh-TW
誓约,保衛者之誓,zh-TW
冰甲,保衛者之誓,zh-TW
圣杯,力量聖杯,zh-TW
基克,錫柯的號角,zh-TW
鸟盾,日輪的加冕,zh-TW
正义,正義手套,zh-TW
HOJ,正義手套,zh-TW
法衣,寂靜法衣,zh-TW
女妖,女妖面紗,zh-TW
薄暮,均等法衣,zh-TW
骑士,騎士誓願,zh-TW
月石,月之石再生裝置,zh-TW
恶意,惡源,zh-TW
嘉文,嘉文四世,zh-TW
J4,嘉文四世,zh-TW
菊花信,趙信,zh-TW
小炮,崔絲塔娜,zh-TW
卡牌,逆命,zh-TW
牌爹,逆命,zh-TW
TF,逆命,zh-TW
挖掘机,雷珂煞,zh-TW
妖姬,勒布朗,zh-TW
船长,剛普朗克,zh-TW
GP,剛普朗克,zh-TW
大卑,貝爾薇斯,zh-TW
蝙蝠,貝爾薇斯,zh-TW
女枪,好運姐,zh-TW
霸龙,機械暴龍,zh-TW
霸王龙,機械暴龍,zh-TW
螃蟹,河蟹,zh-TW
猴子,悟空,zh-TW
稻草人,費德提克,zh-TW
蛤蟆,貪啃奇,zh-TW
狗熊,弗力貝爾,zh-TW
龙王,翱銳龍獸,zh-TW
小法,維迦,zh-TW
老鼠,圖奇,zh-TW
诺手,達瑞斯,zh-TW
德玛,蓋倫,zh-TW
大虫子,科加斯,zh-TW
灯笼,瑟雷西,zh-TW
大嘴,寇格魔,zh-TW
狼人,沃維克,zh-TW
鳄鱼,雷尼克頓 ,zh-TW
龙女,希瓦娜,zh-TW
豹女,奈德麗,zh-TW
寒冰,艾希,zh-TW
女警,凱特琳,zh-TW
皮城女警,凱特琳,zh-TW
琴女,索娜,zh-TW
机器人,布里茨,zh-TW
男爵,巴龍納什,zh-TW
杀手,殺戮者,zh-TW
大龙,巴龍納什,zh-TW
小菊,布洛克,zh-TW
流浪,雷茲,zh-TW
偷男,賽勒斯,zh-TW
甘雨,鏡爪,zh-TW
劲夫,賽特,zh-TW
棺材板,齊勒斯 ,zh-TW
剑魔,厄薩斯,zh-TW
乌鸦,斯溫,zh-TW
光女,拉克絲,zh-TW
酸辣粉,瑟菈紛,zh-TW
宝石,塔里克,zh-TW
德子,達瑞文,zh-TW
冰女,麗珊卓,zh-TW
电耗子,凱能,zh-TW
猪女,史瓦妮,zh-TW
猪妹,史瓦妮,zh-TW
剪刀,關,zh-TW
掘墓,約瑞科 ,zh-TW
皎月,黛安娜,zh-TW
蛮王,泰達米爾,zh-TW
腰子,慎,zh-TW
赏金,好運姐,zh-TW
冰鸟,艾妮維亞,zh-TW
爆弹,希格斯,zh-TW
黑妹,梅爾,zh-TW
熊,泰貝爾,zh-TW
佛爷,維爾戈,zh-TW
沙皇,阿祈爾,zh-TW
日女,雷歐娜,zh-TW
女坦,雷歐娜,zh-TW
丁真,米里歐,zh-TW
小法师,維迦,zh-TW
滑板鞋,克黎思妲,zh-TW
火女,安妮,zh-TW
狗头,納瑟斯,zh-TW
板甲,石像鬼磐核,zh-TW
