source,target,tgt_lng
2 Vàng Là Nhất,由二生D,zh-CN
2体のタンク,坦度成双,zh-CN
2만한 가치,由二生D,zh-CN
2인조,双排,zh-CN
3の軍団,三幻神,zh-CN
3단계 군단,三幻神,zh-CN
4가 함께하길,愿四费与你同在,zh-CN
4후지원,四费增援,zh-CN
A Hajnal égisze,黎明圣盾,zh-CN
A Magic Roll,魔法投掷,zh-CN
A Masszív mecha,超级机甲,zh-CN
A Nagy Bumm,宇宙大爆炸,zh-CN
A Que Custo,不计代价,zh-CN
A Remontar,登上最高峰,zh-CN
A Torre,高塔,zh-CN
A União Faz a Força,水乳交融,zh-CN
A buzogány akarata,权杖意志,zh-CN
A felemelkedés talizmánja,飞升护符,zh-CN
A feltámadás áldása,复活恩赐,zh-CN
A frontvonal alapjai,前线地基,zh-CN
A gondviselő barátja,游神的盟友,zh-CN
A gyűjtögető adománya,斗神的恩赐,zh-CN
A hatalom kelyhe,能量圣杯,zh-CN
A járatlan út,节外生枝,zh-CN
A kraken haragja,海妖之怒,zh-CN
A káosz hívása,混沌召唤,zh-CN
A legapróbb titán,最小巨人,zh-CN
A megváltás szelleme,救赎盔甲,zh-CN
A mozdulatlanság leple,静止法衣,zh-CN
A méret a lényeg,尺寸至上,zh-CN
A nagy pofon,秘传奥义,zh-CN
A négyek ereje,愿四费与你同在,zh-CN
A por el bote,赏金战士,zh-CN
A por la victoria,登上最高峰,zh-CN
A portyázó karma,暗行者之爪,zh-CN
A prueba de choques,碰撞测试假人,zh-CN
A quale prezzo,不计代价,zh-CN
A qué precio,不计代价,zh-CN
A rettenthetetlen,顽强不屈,zh-CN
A taktikus koronája,金铲铲冠冕,zh-CN
A titán elszántsága,泰坦的坚决,zh-CN
A torony,高塔,zh-CN
A végjáték szakértője,后期专家,zh-CN
A vízköpő sziklavértje,石像鬼石板甲,zh-CN
AFK,开摆,zh-CN
Aatrox,亚托克斯,zh-CN
Abbonamento di lusso,奢侈品订购,zh-CN
Abbraccio di gruppo,拥抱,zh-CN
Abendschleier,薄暮法袍,zh-CN
Abo-Service,订阅服务,zh-CN
Abonament,订阅服务,zh-CN
Abonament de lux,奢侈品订购,zh-CN
Abondance de baguettes,法杖溢流,zh-CN
Abondance de ceintures,腰带溢流,zh-CN
Abondance de glaives,大剑溢流,zh-CN
Abonelik Hizmeti,订阅服务,zh-CN
Abonnement,订阅服务,zh-CN
Abonnement premium,奢侈品订购,zh-CN
Abra o Caminho,战时补给：暴风大剑,zh-CN
Abrazo Grupal,拥抱,zh-CN
Abrazo grupal,拥抱,zh-CN
Abraço Coletivo,拥抱,zh-CN
Absurdalnie Wielka Różdżka,无用大棒,zh-CN
Abwesend,开摆,zh-CN
Accelerator mecanic,发条增速器,zh-CN
Acceleratore meccanico,发条增速器,zh-CN
Accetta infernale,恶火小斧,zh-CN
Acciaio brillante,镀金钢铁,zh-CN
Accélérateur mécanique,发条增速器,zh-CN
Acelerador Mecanizado,发条增速器,zh-CN
Acelerador Mecánico,发条增速器,zh-CN
Acelerador de relojería,发条增速器,zh-CN
Acero Dorado,镀金钢铁,zh-CN
Acero dorado,镀金钢铁,zh-CN
Achat 3 étoiles,挑个好伙计！,zh-CN
Acier doré,镀金钢铁,zh-CN
Actualiza sin parar,D个痛快！,zh-CN
Acumular,遥遥领先,zh-CN
Acélszív,心之钢,zh-CN
Adagas Oscilantes,烁刃,zh-CN
Adaletin Eli,正义之手,zh-CN
Adaletin Yumruğu,正义报复,zh-CN
Adaptive Helm,适应性头盔,zh-CN
Adaptiver Helm,适应性头盔,zh-CN
Adaptív sisak,适应性头盔,zh-CN
Addestramento da Guardia del corpo,利落保镖,zh-CN
Adiestramiento de guardaespaldas,利落保镖,zh-CN
Advanced Loan,高级贷款,zh-CN
Aegis of Dawn,黎明圣盾,zh-CN
Aegis of Dusk,黄昏圣盾,zh-CN
Agujero negro en miniatura,迷你黑洞,zh-CN
Ahri aurája,阿狸的光环,zh-CN
Ahri áldása,阿狸的恩赐,zh-CN
Ahri'nin Haresi,阿狸的光环,zh-CN
Ahri'nin Lütfu,阿狸的恩赐,zh-CN
Ahri's Aura,阿狸的光环,zh-CN
Ahri's Boon,阿狸的恩赐,zh-CN
Ahris Aura,阿狸的光环,zh-CN
Ahris Segen,阿狸的恩赐,zh-CN
Ahřin dar,阿狸的恩赐,zh-CN
Ahřina aura,阿狸的光环,zh-CN
Ajándékcsomag,关爱包裹,zh-CN
Akali,阿卡丽,zh-CN
Akan Gözyaşları,战时补给：女神之泪,zh-CN
Akcelerator Nakręcanego,发条增速器,zh-CN
Aklın Sonu,智慧末刃,zh-CN
Aktualisierungstaumel,D个痛快！,zh-CN
Akıllı Harcama,明智消费,zh-CN
Al Filo de la Cordura,智慧末刃,zh-CN
Alacakaranlık Kalkanı,黄昏圣盾,zh-CN
Alakzatba,列队,zh-CN
Alba di Silvermere,密银黎明,zh-CN
Alcance as Estrelas,摘星之志,zh-CN
Alege caracteristica,选择羁绊,zh-CN
Alevleri Körükle,火上浇油,zh-CN
Alfanje Espectral,幽魂弯刀,zh-CN
Aliado do Protetor,游神的盟友,zh-CN
Alianza del Guardián,游神的盟友,zh-CN
Alianza del protector,游神的盟友,zh-CN
Aliatul îngrijitorului,游神的盟友,zh-CN
Alimenta las Llamas,火上浇油,zh-CN
Alimentad las llamas,火上浇油,zh-CN
Alimentare le fiamme,火上浇油,zh-CN
Alimente as Chamas,火上浇油,zh-CN
Alineación,列队,zh-CN
Aliniere,列队,zh-CN
Alkatrészes zsák,装备百宝袋,zh-CN
Alleato del custode,游神的盟友,zh-CN
Allumer le feu,火上浇油,zh-CN
Alma da Festa,汪星机器人,zh-CN
Alta Voltagem,高压电,zh-CN
Alta tensione,高压电,zh-CN
Alto Voltaje,高压电,zh-CN
Alto voltaje,高压电,zh-CN
Altın Ejder,金霖龙,zh-CN
Altın Riski,黄金赌约,zh-CN
Altın Yumurta,金蛋,zh-CN
Alvorada de Pratânia,密银黎明,zh-CN
Aléatoire jacta est,节外生枝,zh-CN
Aléatoirement vôtre,双排,zh-CN
Alışveriş Çılgınlığı,大买特买,zh-CN
Amanecer Plateado,密银黎明,zh-CN
Amanecer de Meraplata,密银黎明,zh-CN
Ami sur mesure,锻造挚友,zh-CN
Amico dei Mippi,木灵族,zh-CN
Amico fai-da-te,来个好伙计,zh-CN
Amigos a medida,来个好伙计,zh-CN
Amiguinhos,小伙伴,zh-CN
Amiguitos,小伙伴,zh-CN
Amulet Vyzdvižení,飞升护符,zh-CN
Amulett der eisernen Solari,钢铁烈阳之匣,zh-CN
Amulett des Aufstiegs,飞升护符,zh-CN
An Exalted Adventure,崇高冒险,zh-CN
Ana Karaktere Bir Şey Olmaz,应急护盾,zh-CN
Andare per le lunghe,遥遥领先,zh-CN
Angajament solid,硬性承诺,zh-CN
Ani Büyüme,爆炸式增长,zh-CN
Anima,幻灵战队,zh-CN
Anima Amblemi,幻灵战队纹章,zh-CN
Anima Commander,幻灵指挥官,zh-CN
Anima Emblem,幻灵战队纹章,zh-CN
Anima Komutanı,幻灵指挥官,zh-CN
Anima-Emblem,幻灵战队纹章,zh-CN
Anima-Kommandant,幻灵指挥官,zh-CN
Animale da festa,汪星机器人,zh-CN
Animalia,幻灵战队,zh-CN
Antrenamentul gărzii de corp,利落保镖,zh-CN
Anı Yaşa,物尽其用,zh-CN
Apariencia Espiritual,振奋盔甲,zh-CN
Apocaliptic,末日使者,zh-CN
Aposta em Ouro,黄金赌约,zh-CN
Apoteotická kovárna,神赐锻炉,zh-CN
Apotheotic Forge,神赐锻炉,zh-CN
Appel du chaos,混沌召唤,zh-CN
Aprendizados Iniciais,宝宝学院,zh-CN
Aprendizaje inicial,宝宝学院,zh-CN
Aprire un passaggio,战时补给：暴风大剑,zh-CN
Apró cimborák,小伙伴,zh-CN
Apró titánok,小巨人,zh-CN
Apuesta Dorada,黄金赌约,zh-CN
Apuesta dorada,黄金赌约,zh-CN
Apunta a las Estrellas,摘星之志,zh-CN
Apunta a las estrellas,摘星之志,zh-CN
Apărător,重装战士,zh-CN
Aradığını Bul,点击即送,zh-CN
Arakla,挖角,zh-CN
Araldo di Zeke,基克的先驱,zh-CN
Aranyjátszma,黄金赌约,zh-CN
Arauto Desolador de Zeke,基克的阴森先驱,zh-CN
Arauto de Zeke,基克的先驱,zh-CN
Arbiter,法官,zh-CN
Arbiter Emblem,法官纹章,zh-CN
Arbitro,法官,zh-CN
Arbitrzy,法官,zh-CN
Arc courbe,反曲之弓,zh-CN
Arc încovoiat,反曲之弓,zh-CN
Arcane Vidor Viktor,双城赢家,zh-CN
Arcane Viktor-y,双城赢家,zh-CN
Arcane ビクタリー,双城赢家,zh-CN
Arcane-Viktor-y,双城赢家,zh-CN
Arcaniquement Viktor-ieux,双城赢家,zh-CN
Archandělova hůl,大天使之杖,zh-CN
Archangel's Staff,大天使之杖,zh-CN
Archi da supporto,战时补给：反曲之弓,zh-CN
Archibugio a ripetizione,疾射火炮,zh-CN
Arco Recurvado,反曲之弓,zh-CN
Arco Recurvo,反曲之弓,zh-CN
Arco curvo,反曲之弓,zh-CN
Arco ricurvo,反曲之弓,zh-CN
Arcos Reserva,战时补给：反曲之弓,zh-CN
Arcos de Repuesto,战时补给：反曲之弓,zh-CN
Arcos de refuerzo,战时补给：反曲之弓,zh-CN
Arcs à gogo,战时补给：反曲之弓,zh-CN
Arcuri de rezervă,战时补给：反曲之弓,zh-CN
Argento vivo,水银,zh-CN
Argint viu,水银,zh-CN
Argogranchio,峡谷迅捷蟹,zh-CN
Arka Sıra Savunması,后排蓝图,zh-CN
Arkangyal pálcája,大天使之杖,zh-CN
Arma un Amigo,来个好伙计,zh-CN
Armado máximo,顶尖构筑,zh-CN
Armadura Improvisada,应急护甲,zh-CN
Armadura Pétrea,石像鬼石板甲,zh-CN
Armadura de Warmog,狂徒铠甲,zh-CN
Armadura de trama,应急护盾,zh-CN
Armadura improvisada,应急护甲,zh-CN
Armaguarda da Caçadora,探索者的护臂,zh-CN
Armatura di Warmog,狂徒铠甲,zh-CN
Armatura improvvisata,应急护甲,zh-CN
Armschutz des Suchenden,探索者的护臂,zh-CN
Armura lui Warmog,狂徒铠甲,zh-CN
Armure de Warmog,狂徒铠甲,zh-CN
Armure improvisée,应急护甲,zh-CN
Armure roncière,棘刺背心,zh-CN
Armurier,剑之工匠,zh-CN
Armură improvizată,应急护甲,zh-CN
Aronguejo,峡谷迅捷蟹,zh-CN
Arta atacului lui Yasuo,亚索的剑艺,zh-CN
Artefacts à la rescousse,神力天铸,zh-CN
Artesanía Creativa,精心打造,zh-CN
Artiglio del drago,巨龙之爪,zh-CN
Artiglio del predatore,暗行者之爪,zh-CN
Aruncare magică,魔法投掷,zh-CN
Arındırıcı,救世主,zh-CN
Asalto de Componentes,散件丰收日,zh-CN
Ascender de Posición,攀登天梯,zh-CN
Ascension,飞升,zh-CN
Ascension partielle,部分飞升,zh-CN
Ascension sociale,上进心,zh-CN
Ascensione,飞升,zh-CN
Ascensione parziale,部分飞升,zh-CN
Ascensiune,飞升,zh-CN
Ascensiune socială,上进心,zh-CN
Ascensión,飞升,zh-CN
Ascensión parcial,部分飞升,zh-CN
Ascenso,飞升,zh-CN
Ascenso social,上进心,zh-CN
Ascensão,飞升,zh-CN
Ascensão Parcial,部分飞升,zh-CN
Asesinato Doble Veloz,一波带走俩,zh-CN
Asesinato doble veloz,一波带走俩,zh-CN
Asesino a Sueldo,职业杀手,zh-CN
Asesino a sueldo,职业杀手,zh-CN
Aspoň k něčemu,有用之材,zh-CN
Assassinato Indiscriminado,无差别攻击,zh-CN
Assinatura de Luxo,奢侈品订购,zh-CN
Astral,观星者,zh-CN
Astro-groove,太空律动,zh-CN
Astromante,观星者,zh-CN
Astronomo,观星者,zh-CN
At What Cost,不计代价,zh-CN
Atalho à Vitória,登上最高峰,zh-CN
Atirador de Elite,狙神,zh-CN
Atributo elegido,选择羁绊,zh-CN
Attente récompensée,值得等待,zh-CN
Attribut wählen,选择羁绊,zh-CN
Atualização Épica,8级D干的传说,zh-CN
Atılgan,挑战者,zh-CN
Atılgan Amblemi,挑战者纹章,zh-CN
Atılgan Modu,挑战者模式,zh-CN
Au bout du rouleau,智慧末刃,zh-CN
Aube de Haut-Lac-d'Argent,密银黎明,zh-CN
Auf lange Sicht,遥遥领先,zh-CN
Aufschwung,复苏之风,zh-CN
Aufstellung,列队,zh-CN
Aufstieg,飞升,zh-CN
Auftragsmörder,职业杀手,zh-CN
Aufwärtsmobilität,上进心,zh-CN
Augmented Power,强化之能量,zh-CN
Augmentierte Macht,强化之能量,zh-CN
Augmentovaná síla,强化之能量,zh-CN
Aulas de Boxe,拳击课程,zh-CN
Aumento di livello in solitaria,独自升级,zh-CN
Aumento di livello!,升级咯！,zh-CN
Aura Ahri,阿狸的光环,zh-CN
Aura Farming,低调炫耀,zh-CN
Aura d'Ahri,阿狸的光环,zh-CN
Aura de Ahri,阿狸的光环,zh-CN
Aura di Ahri,阿狸的光环,zh-CN
Aura lui Ahri,阿狸的光环,zh-CN
Aura-farmen,低调炫耀,zh-CN
Aurafarmolás,低调炫耀,zh-CN
Aurelion Sol,奥瑞利安·索尔,zh-CN
Aurelion Sol áldása,奥瑞利安·索尔的恩赐,zh-CN
Aurelion Sol's Boon,奥瑞利安·索尔的恩赐,zh-CN
Aurelion Sol'ün Lütfu,奥瑞利安·索尔的恩赐,zh-CN
Aurelion Sols Segen,奥瑞利安·索尔的恩赐,zh-CN
Aurelion Solův dar,奥瑞利安·索尔的恩赐,zh-CN
Auronúcleo,黎明核心,zh-CN
Aurora,阿萝拉,zh-CN
Avanguardia,重装战士,zh-CN
Avaricia,贪财,zh-CN
Aventura Exaltada,崇高冒险,zh-CN
Avidité,贪财,zh-CN
Avènement des deux,由二生D,zh-CN
Awans,上进心,zh-CN
Awansujesz!,升级咯！,zh-CN
Az Alkony égisze,黄昏圣盾,zh-CN
Az Oltalmazó esküje,圣盾使的誓约,zh-CN
Az adottságfa,羁绊树,zh-CN
Az adottságok könyve,纹章之书,zh-CN
Az aranysárkány,金霖龙,zh-CN
Az aranytojás,金蛋,zh-CN
Az erő itala,帽子饮品,zh-CN
Az igazság ökle,正义之手,zh-CN
Az iron solarik medálja,钢铁烈阳之匣,zh-CN
Az istenek kohója,神赐锻炉,zh-CN
Az Üresség botja,虚空之杖,zh-CN
Az éj kardja,夜之锋刃,zh-CN
Az óriás öve,巨人腰带,zh-CN
Azami Dizilim,顶尖构筑,zh-CN
Azzardo di Urf,海牛阿福的锅铲战术,zh-CN
Aço Áureo,镀金钢铁,zh-CN
Aşırı Büyük Sopa,无用大棒,zh-CN
B.F. Sword,暴风之剑,zh-CN
B.F. 대검,暴风之剑,zh-CN
B.F.ソード,暴风之剑,zh-CN
"BEZ ZWIADU, BEZ ZMIAN",不侦察，不变阵,zh-CN
BF Glaive,暴风之剑,zh-CN
BRAK AKTYWNOŚCI,开摆,zh-CN
Bac de recyclage,打捞桶,zh-CN
Backline Blueprint,后排蓝图,zh-CN
Backup Bows,战时补给：反曲之弓,zh-CN
Bagarreur,斗士,zh-CN
Baguette trop grosse,无用大棒,zh-CN
Baguettes à gogo,战时补给：无用大棒,zh-CN
Bahne dir den Weg,战时补给：暴风大剑,zh-CN
Bajkeverő,斗士,zh-CN
Bajkeverő embléma,斗士纹章,zh-CN
Bajkeverők,异类,zh-CN
Bajo el mismo foco de Yasuo,亚索的共享聚光灯,zh-CN
Baluardo,暮光铁壁,zh-CN
Baluarte,暮光铁壁,zh-CN
Bam!,邦！,zh-CN
Banc de Pandore,潘朵拉的备战席,zh-CN
Banca Pandorei,潘朵拉的备战席,zh-CN
Banca de Pandora,潘朵拉的备战席,zh-CN
Band of Thieves,窃贼帮派,zh-CN
Band of Thieves II,窃贼帮派 II,zh-CN
Banda Złodziejaszków,窃贼帮派,zh-CN
Banda Złodziejaszków II,窃贼帮派 II,zh-CN
Banda de Ladrones,窃贼帮派,zh-CN
Banda de Ladrones II,窃贼帮派 II,zh-CN
Banda di ladri,窃贼帮派,zh-CN
Banda di ladri II,窃贼帮派 II,zh-CN
Bande de voleurs,窃贼帮派,zh-CN
Bande de voleurs II,窃贼帮派 II,zh-CN
Bandito,游侠,zh-CN
Bando de Ladrões,窃贼帮派,zh-CN
Bando de Ladrões II,窃贼帮派 II,zh-CN
Bandă de tâlhari,窃贼帮派,zh-CN
Bandă de tâlhari II,窃贼帮派 II,zh-CN
Bani de buzunar,午餐钱,zh-CN
Banquillo de Pandora,潘朵拉的备战席,zh-CN
Bard,巴德,zh-CN
Bardo,巴德,zh-CN
Baricadă,暮光铁壁,zh-CN
Barkácsolt barkácsolás,精心打造,zh-CN
Baron verme,男爵幻域,zh-CN
Baron's Lair,男爵幻域,zh-CN
Baron'un İni,男爵幻域,zh-CN
Baronovo doupě,男爵幻域,zh-CN
Bastion,堡垒卫士,zh-CN
Bastion Emblem,堡垒卫士纹章,zh-CN
Bastion-Emblem,堡垒卫士纹章,zh-CN
Bastione,堡垒卫士,zh-CN
Bastião,堡垒卫士,zh-CN
Bastión,堡垒卫士,zh-CN
Bastone colossale,无用大棒,zh-CN
Bastone del Vuoto,虚空之杖,zh-CN
Bastão Desnecessariamente Grande,无用大棒,zh-CN
Bastón del Vacío,虚空之杖,zh-CN
Bastón del arcángel,大天使之杖,zh-CN
Bastón del serafín,炽天使之拥,zh-CN
Baue einen Begleiter,来个好伙计,zh-CN
Baue einen Begleiter,挑个好伙计！,zh-CN
Baza avangardei,前线地基,zh-CN
Başmelek Asası,大天使之杖,zh-CN
Bašta,堡垒卫士,zh-CN
Becsapódás,物尽其用,zh-CN
Beklemeye Değer,值得等待,zh-CN
Beklenen Beklenmezlik,意料之中的意外,zh-CN
Bel'Veth,卑尔维斯,zh-CN
Belt Overflow,腰带溢流,zh-CN
Ben Tek Siz Hepiniz,独自升级,zh-CN
Bendecido por los Dioses,受到星神赐福,zh-CN
Bendición de Ahri,阿狸的恩赐,zh-CN
Bendición de Aurelion Sol,奥瑞利安·索尔的恩赐,zh-CN
Bendición de Ekko,艾克的恩赐,zh-CN
Bendición de Evelynn,伊芙琳的恩赐,zh-CN
Bendición de Kayle,凯尔的恩赐,zh-CN
Bendición de Resurrección,复活恩赐,zh-CN
Bendición de Soraka,索拉卡的恩赐,zh-CN
Bendición de Thresh,锤石的恩赐,zh-CN
Bendición de Varus,韦鲁斯的恩赐,zh-CN
Bendición de Yasuo,亚索的恩赐,zh-CN
Bendición de la chatarra,斗神的恩赐,zh-CN
Bendición del Chatarrero,斗神的恩赐,zh-CN
Bendito por los dioses,受到星神赐福,zh-CN
Benedetto dagli dei,受到星神赐福,zh-CN
Benlik Aynası,镜像人格面具,zh-CN
Berechneter Verlust,存心失利,zh-CN
Berger,牧羊人,zh-CN
Besace d'Urf,阿福的百宝袋,zh-CN
Besace héroïque,英勇福袋,zh-CN
Best Friends,最佳好友,zh-CN
Beste Freunde,最佳好友,zh-CN
Bestia fiestera,汪星机器人,zh-CN
Betervezett veszteség,存心失利,zh-CN
Bevásárló körút,大买特买,zh-CN
Bezwzględny Zabójca,无差别攻击,zh-CN
Big Bang,宇宙大爆炸,zh-CN
Big Grab Bag,大百宝袋,zh-CN
Biglietto prismatico,棱彩门票,zh-CN
Bilet prismatic,棱彩门票,zh-CN
Bileşen Eşya Soygunu,散件丰收日,zh-CN
Bilhete Prismático,棱彩门票,zh-CN
Bilişsel Patlama,认知过载,zh-CN
Bilişsel Vergi,认知税,zh-CN
Billete prismático,棱彩门票,zh-CN
Bindende Verpflichtung,硬性承诺,zh-CN
Binecuvântat de zei,受到星神赐福,zh-CN
Biomassebewahrer,生物质维护器,zh-CN
Biomassza-megőrző,生物质维护器,zh-CN
Biomatter Preserver,生物质维护器,zh-CN
Bir Yol Çiz,战时补给：暴风大剑,zh-CN
Bir İki Üç,一，二，三,zh-CN
"Bir, İki, Beş!",一，二，五！,zh-CN
Birikim Hesabı,储蓄账户,zh-CN
Birlikten Kuvvet Doğar,联合作战,zh-CN
Birliğin Gücü,水乳交融,zh-CN
Birthday Present,生日礼物,zh-CN
Birthday Reunion,生日聚会,zh-CN
Biyomalzeme Koruyucusu,生物质维护器,zh-CN
Biztos győzelem,登上最高峰,zh-CN
Blason de Zeke,基克的先驱,zh-CN
Blason des Lightshield,光盾徽章,zh-CN
Blason lugubre de Zeke,基克的阴森先驱,zh-CN
Blasón de Escudo de luz,光盾徽章,zh-CN
Blauer Buff,蓝霸符,zh-CN
Blaupause für die hintere Reihe,后排蓝图,zh-CN
Blazonul Lightshield,光盾徽章,zh-CN
Blazonul solarilor de fier,钢铁烈阳之匣,zh-CN
Blighting Jewel,枯萎珠宝,zh-CN
Blikavé čepele,烁刃,zh-CN
Blitzcrank,布里茨,zh-CN
Bliźniaczy Strażnicy,双子守护神,zh-CN
Blood Offering,鲜血祭品,zh-CN
Blood Price,猩红报偿,zh-CN
Bloodthirster,饮血剑,zh-CN
Blue Buff,蓝霸符,zh-CN
Blutdürster,饮血剑,zh-CN
Blutopfer,鲜血祭品,zh-CN
Blutzoll,猩红报偿,zh-CN
Bluźnierczy Bożek,禁忌雕像,zh-CN
Bodyguard Training,利落保镖,zh-CN
Bogini Broni,武装战姬,zh-CN
Bokormellény,棘刺背心,zh-CN
Boks Dersi,拳击课程,zh-CN
Bokszkesztyű,拳套,zh-CN
Bokszlecke,拳击课程,zh-CN
Boleto Prismático,棱彩门票,zh-CN
Bollwerk,暮光铁壁,zh-CN
Bolsa de Objetos,装备百宝袋,zh-CN
Bolsa de Sorpresas Heroica,英勇福袋,zh-CN
Bolsa de Sorpresas Pequeña,小小福袋,zh-CN
Bolsa de Sorpresas de Urf,阿福的百宝袋,zh-CN
Bolsa de Sorpresas grande,大百宝袋,zh-CN
Bolsa sorpresa de Urf,阿福的百宝袋,zh-CN
Bolsa sorpresa de objetos,装备百宝袋,zh-CN
Bolsa sorpresa grande,大百宝袋,zh-CN
Bolsa sorpresa heroica,英勇福袋,zh-CN
Bolsa sorpresa pequeña,小小福袋,zh-CN
Bombardıman Topu,疾射火炮,zh-CN
Boneco de Treinamento,训练假人,zh-CN
Bonecos de Impacto,碰撞测试假人,zh-CN
Bonk!,邦！,zh-CN
Bonk !,邦！,zh-CN
Boon of Resurrection,复活恩赐,zh-CN
Boon of the Scrapper,斗神的恩赐,zh-CN
Boong!,邦！,zh-CN
Booster,扩展包,zh-CN
Booster Pack,扩展包,zh-CN
Booster-Packung,扩展包,zh-CN
Boostery,扩展包,zh-CN
Borsa degli oggetti,装备百宝袋,zh-CN
Borsa di Urf,阿福的百宝袋,zh-CN
Borsa eroica,英勇福袋,zh-CN
Borsa grande,大百宝袋,zh-CN
Borsa piccola,小小福袋,zh-CN
Boscy Pojedynkowicze,斗神,zh-CN
Boshafte Monetarisierung,恶意货币化,zh-CN
Boska Kuźnia,神赐锻炉,zh-CN
Bote de Segunda Mano,打捞桶,zh-CN
Botkovács,杖之工匠,zh-CN
Bouclier du Tacticien,金锅锅冠冕,zh-CN
Boxeador Profesional,赏金战士,zh-CN
Boxing Lessons,拳击课程,zh-CN
Boxunterricht,拳击课程,zh-CN
Boyut Önemli,尺寸至上,zh-CN
Božská pistolnice,武装战姬,zh-CN
Božský duelista,斗神,zh-CN
Bramble Vest,棘刺背心,zh-CN
Branching Out,节外生枝,zh-CN
Bratpfanne,金锅锅,zh-CN
Brawler,斗士,zh-CN
Brawler Emblem,斗士纹章,zh-CN
Brazalete de la buscadora,探索者的护臂,zh-CN
Briar,贝蕾亚,zh-CN
Brigand,狂战士,zh-CN
Brise-temps,未来战士,zh-CN
Bronce de por Vida,终身黄铜,zh-CN
Bronce de por vida,终身黄铜,zh-CN
Bronz mindörökké II.,终身黄铜,zh-CN
Bronz nad zlato,终身黄铜,zh-CN
Bronz pentru totdeauna,终身黄铜,zh-CN
Bronzdan Şaşma,终身黄铜,zh-CN
Bronze For Life,终身黄铜,zh-CN
Bronze pour la vie,终身黄铜,zh-CN
Bronze é Vida,终身黄铜,zh-CN
Bronzo per la vita,终身黄铜,zh-CN
Brylantowa Rękawica,珠光护手,zh-CN
Brylantowy Lotos,珠光莲花,zh-CN
Brățara căutătorului,探索者的护臂,zh-CN
Bu Taç Ağır,王冠之重,zh-CN
Bubuilă,鱼骨头,zh-CN
Bucătăria tacticianului,锅铲厨房,zh-CN
Bueno para Algo,有用之材,zh-CN
Buff bleu,蓝霸符,zh-CN
Buff blu,蓝霸符,zh-CN
Buff rosso,红霸符,zh-CN
Buff rouge,红霸符,zh-CN
Buff-ul albastru,蓝霸符,zh-CN
Buff-ul roșu,红霸符,zh-CN
Buffs à gogo,1个霸符，2个霸符,zh-CN
Buget înțelept,明智消费,zh-CN
Build a Bud,来个好伙计,zh-CN
Build maxim,顶尖构筑,zh-CN
Bulwark,暮光铁壁,zh-CN
Burattino d'ombra,暗影木偶,zh-CN
Burguesía,银汤匙,zh-CN
Buried Treasure,珍藏财宝,zh-CN
Buried Treasures,珍藏财宝,zh-CN
Bustina,扩展包,zh-CN
Butin aléatoire,一，二，五！,zh-CN
Butin funéraire,有用之材,zh-CN
Butin varié,点击即送,zh-CN
Buzduganul înaintașului,强袭者的链枷,zh-CN
Bušení,物尽其用,zh-CN
Bài Học Sơ Khai,宝宝学院,zh-CN
Bàn Tay Công Lý,正义之手,zh-CN
Báculo del Arcángel,大天使之杖,zh-CN
Báculo del Serafín,炽天使之拥,zh-CN
Báculo del Vacío,虚空之杖,zh-CN
Bán Thăng Hoa,部分飞升,zh-CN
Báo Oán,正义报复,zh-CN
Bástya,暮光铁壁,zh-CN
Bârlogul Baronului,男爵幻域,zh-CN
Bâton angélique,炽天使之拥,zh-CN
Bâton de l'archange,大天使之杖,zh-CN
Bâton du vide,虚空之杖,zh-CN
Bão Tố Luden,卢登的激荡,zh-CN
Bão Vàng,摇钱树,zh-CN
Béni des dieux,受到星神赐福,zh-CN
Bénédiction d'Ahri,阿狸的恩赐,zh-CN
Bénédiction d'Aurelion Sol,奥瑞利安·索尔的恩赐,zh-CN
Bénédiction d'Ekko,艾克的恩赐,zh-CN
Bénédiction d'Evelynn,伊芙琳的恩赐,zh-CN
Bénédiction de Kayle,凯尔的恩赐,zh-CN
Bénédiction de Soraka,索拉卡的恩赐,zh-CN
Bénédiction de Thresh,锤石的恩赐,zh-CN
Bénédiction de Varus,韦鲁斯的恩赐,zh-CN
Bénédiction de Yasuo,亚索的恩赐,zh-CN
Bénédiction de résurrection,复活恩赐,zh-CN
Bénédiction du Ferrailleur,斗神的恩赐,zh-CN
Bérgyilkos,职业杀手,zh-CN
Bête de scène,汪星机器人,zh-CN
Bóng Phân Thân,暗影木偶,zh-CN
Bùa Thăng Hoa,飞升护符,zh-CN
Bùa Xanh,蓝霸符,zh-CN
Bùa Đỏ,红霸符,zh-CN
Büyük Dönüş,绝境反击,zh-CN
Büyük Patlama,宇宙大爆炸,zh-CN
Büyük Çekiliş,大百宝袋,zh-CN
Büyülü Zarlar,魔法投掷,zh-CN
Băng Trộm,窃贼帮派,zh-CN
Băng Trộm II,窃贼帮派 II,zh-CN
Bătăuș,斗士,zh-CN
Běž do toho,点击即送,zh-CN
Błogosławieni,受到星神赐福,zh-CN
Błogosławieństwo Rozrabiaki,斗神的恩赐,zh-CN
Błogosławiona Przygoda,崇高冒险,zh-CN
Bước Đột Phá,战时补给：拳套,zh-CN
Bạn Thân,最佳好友,zh-CN
Bảo Hộ Vô Tận,三相庇护,zh-CN
Bảo Tồn Sinh Chất,生物质维护器,zh-CN
Bất Khuất,顽强不屈,zh-CN
Bắn Tỉa,狙神,zh-CN
Bộ Ba Hoàn Hảo,三项赛,zh-CN
Bừa Bộn,纷乱头脑,zh-CN
Caccia al tesoro,寻宝,zh-CN
Cacciatore galattico,天煞,zh-CN
Cadeau d'anniversaire,生日礼物,zh-CN
Cadou aniversar,生日礼物,zh-CN
Caitlyn,凯特琳,zh-CN
Cajado de Serafim,炽天使之拥,zh-CN
Cajado do Arcanjo,大天使之杖,zh-CN
Cajado do Vazio,虚空之杖,zh-CN
Calculated Loss,存心失利,zh-CN
Calea războiului,征战之路,zh-CN
Calibrador de Sterak,斯特拉克的挑战护手,zh-CN
Calice de puissance,能量圣杯,zh-CN
Calice del potere,能量圣杯,zh-CN
Call to Chaos,混沌召唤,zh-CN
Cambiazo épico,8级D干的传说,zh-CN
Cambio epico,8级D干的传说,zh-CN
Cambio eterno,D个痛快！,zh-CN
Caminho da Guerra,征战之路,zh-CN
Can Dostları,最佳好友,zh-CN
Can Trường,堡垒卫士,zh-CN
Canaglia radiosa,光明无赖,zh-CN
Canalisateur,神谕,zh-CN
Canalizador,神谕,zh-CN
Cangrejo Escurridizo,峡谷迅捷蟹,zh-CN
Canhão Fumegante,疾射火炮,zh-CN
Canhão de Vidro,玻璃大炮,zh-CN
Cannone di cristallo,玻璃大炮,zh-CN
Canon de verre,玻璃大炮,zh-CN
Canon ultrarapide,疾射火炮,zh-CN
Capa Mercurial,水银,zh-CN
Capa Negatron,负极斗篷,zh-CN
Capa de Estratega,金锅铲冠冕,zh-CN
Capa de Fogo Solar,日炎斗篷,zh-CN
Capa de Fuego Solar,日炎斗篷,zh-CN
Capa de Negatrones,负极斗篷,zh-CN
Capa de estratega,金锅铲冠冕,zh-CN
Capa de fuego solar,日炎斗篷,zh-CN
Capa do Estrategista,金锅铲冠冕,zh-CN
Capa negatrón,负极斗篷,zh-CN
Cape du Tacticien,金锅铲冠冕,zh-CN
Cape solaire,日炎斗篷,zh-CN
Cappa Juice,帽子饮品,zh-CN
Cappa-Trank,帽子饮品,zh-CN
Cappelli più letali,更要命的帽子,zh-CN
Caprichitos,甜点,zh-CN
Capuz da Morte de Rabadon,灭世者的死亡之帽,zh-CN
Capuzes Mais Mortais,更要命的帽子,zh-CN
Carapateur,峡谷迅捷蟹,zh-CN
Carapescado,鱼骨头,zh-CN
Care Package,关爱包裹,zh-CN
Caretaker's Ally,游神的盟友,zh-CN
Carga Elétrica,电火花,zh-CN
Carve a Path,战时补给：暴风大剑,zh-CN
Casa Dourada do Yasuo,亚索的黄金格,zh-CN
Casque adaptatif,适应性头盔,zh-CN
Castigo,正义报复,zh-CN
Catastrofista,末日使者,zh-CN
Cazador galáctico,天煞,zh-CN
Cazagalaxias,天煞,zh-CN
Cazatesoros,寻宝,zh-CN
Caça ao Tesouro,寻宝,zh-CN
Caçador de Galáxia,天煞,zh-CN
Cañón de Cristal,玻璃大炮,zh-CN
Cañón de Fuego Rápido,疾射火炮,zh-CN
Cañón de fuego rápido,疾射火炮,zh-CN
Całun Bezruchu,静止法衣,zh-CN
Cecchino,狙神,zh-CN
Cehennem Ateşi Baltası,恶火小斧,zh-CN
Cei mai buni prieteni,最佳好友,zh-CN
Ceinture du géant,巨人腰带,zh-CN
Cena Krwi,猩红报偿,zh-CN
Cena pro vítěze,赏金战士,zh-CN
Cengâver Onuru,猛将的荣耀,zh-CN
Cenny Wojownik,赏金战士,zh-CN
Cenná posila,四费增援,zh-CN
Centelha Iônica,离子火花,zh-CN
Centre d'excellence,C位的觉悟,zh-CN
Cetro Vampírico Corrompido,黑暗吸血鬼节杖,zh-CN
Cetro Vampírico Corrupto,黑暗吸血鬼节杖,zh-CN
Cetro vampírico corrupto,黑暗吸血鬼节杖,zh-CN
Chain Vest,锁子甲,zh-CN
Chaleco de cadenas,锁子甲,zh-CN
Chaleco de zarzas,棘刺背心,zh-CN
Chalice of Power,能量圣杯,zh-CN
Challenger,挑战者,zh-CN
Challenger Emblem,挑战者纹章,zh-CN
Challenger Mode,挑战者模式,zh-CN
Chamado ao Caos,混沌召唤,zh-CN
Champion en kit,来个好伙计,zh-CN
Chaotischer Geist,纷乱头脑,zh-CN
Chapardage,挖角,zh-CN
Charge Transfer,充能转移,zh-CN
Charge cognitive,认知税,zh-CN
Chasse au trésor,寻宝,zh-CN
Chasseur galactique,天煞,zh-CN
Chciwość,贪财,zh-CN
Che il Quattro sia con te,愿四费与你同在,zh-CN
Chemarea haosului,混沌召唤,zh-CN
Chispa Iónica,离子火花,zh-CN
Chispa iónica,离子火花,zh-CN
Chiêm Tinh,观星者,zh-CN
Chiến Lũy,暮光铁壁,zh-CN
Chiến Tướng Khải Hoàn,猛将的荣耀,zh-CN
Chmaták,花到上头,zh-CN
Cho'Gath,科加斯,zh-CN
Choisissez un type,选择羁绊,zh-CN
Choose Trait,选择羁绊,zh-CN
"Chora, me liga",泪流成河,zh-CN
Choristes,小伙伴,zh-CN
Chrličův kamenný plát,石像鬼石板甲,zh-CN
Chuyển Đổi Năng Lượng,充能转移,zh-CN
Chuyện Đời Thường,人生切片,zh-CN
Chuộc Tội,救世主,zh-CN
Chytrý nákup,明智消费,zh-CN
Chùy Bạch Ngân,密银黎明,zh-CN
Chùy Đoản Côn,强袭者的链枷,zh-CN
Chảo Vàng,金锅锅,zh-CN
Chất Bán Dẫn,半导体装置,zh-CN
Chế Tạo Bằng Hữu,锻造挚友,zh-CN
Chế Tạo Tại Chỗ,活体锻炉,zh-CN
Chế Độ Dẫn Truyền,神谕模式,zh-CN
Chế Độ Nhân Bản,魔术师模式,zh-CN
Chế Độ Thách Đấu,挑战者模式,zh-CN
Chỉ Huy,最高指挥官,zh-CN
Chỉ Huy Siêu Thú,幻灵指挥官,zh-CN
Chỉ Một Con Đường,硬性承诺,zh-CN
Chọn Tộc/Hệ,选择羁绊,zh-CN
Chờ Đợi Xứng Đáng,值得等待,zh-CN
Cierpliwa Nauka,耐心学习,zh-CN
Cierpliwość Ekko,艾克的耐心,zh-CN
Cierpliwość Jest Cnotą,耐心是一种美德,zh-CN
Cimientos de Línea Frontal,前线地基,zh-CN
Cimientos de la vanguardia,前线地基,zh-CN
Cinto do Gigante,巨人腰带,zh-CN
Cintura del gigante,巨人腰带,zh-CN
Cinturón XL,腰带溢流,zh-CN
Cinturón de Gigante,巨人腰带,zh-CN
Cinturón de gigante,巨人腰带,zh-CN
Clases de boxeo,拳击课程,zh-CN
Clear Mind,清晰头脑,zh-CN
Cleptomanie,火爆甩卖,zh-CN
Climb The Ladder,攀登天梯,zh-CN
Clockwork Accelerator,发条增速器,zh-CN
Clone des ombres,暗影木偶,zh-CN
Cluttered Mind,纷乱头脑,zh-CN
Cnota Męczennika,殉道美德,zh-CN
Cocina de Estratega,锅铲厨房,zh-CN
Cocina de estratega,锅铲厨房,zh-CN
Cod roșu de lacrimi,泪流成河,zh-CN
Coda in duo,双排,zh-CN
Cognitive Overload,认知过载,zh-CN
Cognitive Tax,认知税,zh-CN
Coif cameleonic,适应性头盔,zh-CN
Coiffe de Rabadon,灭世者的死亡之帽,zh-CN
Coiffes mortelles,更要命的帽子,zh-CN
Coincidenze perse,别再错过,zh-CN
Cola Dúo,双排,zh-CN
Cola dúo,双排,zh-CN
Coleguis del curro,团队建设,zh-CN
Coleguitas,小伙伴,zh-CN
Colete Espinhoso,棘刺背心,zh-CN
Colher de Prata,银汤匙,zh-CN
Collegamento cibernetico,源计划上行链路,zh-CN
Colpire e basta,点击即送,zh-CN
Comandant,最高指挥官,zh-CN
Comandante,最高指挥官,zh-CN
Comandante Anima,幻灵指挥官,zh-CN
Comandante Animalia,幻灵指挥官,zh-CN
Comandante Ánima,幻灵指挥官,zh-CN
Comandatul Anima,幻灵指挥官,zh-CN
Combattente,斗士,zh-CN
Combinație stelară,星界连招,zh-CN
Combo Estelar,星界连招,zh-CN
Combo estelar,星界连招,zh-CN
Combo stellaire,星界连招,zh-CN
Combo stellare,星界连招,zh-CN
Comeback Story,绝境反击,zh-CN
Comerț de bază,贸易中心,zh-CN
Comienzo aventajado,博弈开启,zh-CN
Commandant d'Anima,幻灵指挥官,zh-CN
Commandante,最高指挥官,zh-CN
Commander,最高指挥官,zh-CN
Commerce Core,贸易中心,zh-CN
Comori îngropate,珍藏财宝,zh-CN
Comparte los Reflectores con Yasuo,亚索的共享聚光灯,zh-CN
Competitor,挑战者,zh-CN
Component Heist,散件丰收日,zh-CN
Composants de guerre,散件丰收日,zh-CN
Composição Máxima,顶尖构筑,zh-CN
Compras compulsivas,大买特买,zh-CN
Compromiso férreo,硬性承诺,zh-CN
Compromisso Sério,硬性承诺,zh-CN
Compte épargne,储蓄账户,zh-CN
Concentration lointaine,视界专注,zh-CN
Concentrazione dell'orizzonte,视界专注,zh-CN
Condenador,末日使者,zh-CN
Conducto,神谕,zh-CN
Conduit,神谕,zh-CN
Conduit Mode,神谕模式,zh-CN
Conduíte,神谕,zh-CN
Conexiones fallidas,别再错过,zh-CN
Conexiune cibernetică,源计划上行链路,zh-CN
Conexiune cu drona,无人机上行链路,zh-CN
Conexión cibernética,源计划上行链路,zh-CN
Conexión de dron,无人机上行链路,zh-CN
Conexión perdida,别再错过,zh-CN
Conexão Cibernética,源计划上行链路,zh-CN
Conexão de Drone,无人机上行链路,zh-CN
Conexões Perdidas,别再错过,zh-CN
Configuración maximizada,顶尖构筑,zh-CN
Configurazione massima,顶尖构筑,zh-CN
Confusão Mental,纷乱头脑,zh-CN
Conjuración continua,战时补给：无用大棒,zh-CN
Conjuração Contínua,战时补给：无用大棒,zh-CN
Conjuros Continuos,战时补给：无用大棒,zh-CN
Connivence,攀登天梯,zh-CN
Conservare de biomaterial,生物质维护器,zh-CN
Conservateur de biomatière,生物质维护器,zh-CN
Conservatore di biomateria,生物质维护器,zh-CN
Construct a Companion,挑个好伙计！,zh-CN
Construiește un însoțitor,挑个好伙计！,zh-CN
Construiește-ți un prieten,来个好伙计,zh-CN
Construye tu Compi,挑个好伙计！,zh-CN
Construção de Companheiro,挑个好伙计！,zh-CN
Consumo Consciente,明智消费,zh-CN
Cont de economii,储蓄账户,zh-CN
Conta Poupança,储蓄账户,zh-CN
Contendiente,挑战者,zh-CN
Contenedor de chatarra,打捞桶,zh-CN
Continuous Conjuration,战时补给：无用大棒,zh-CN
Conto dei risparmi,储蓄账户,zh-CN
Contract Killer,职业杀手,zh-CN
Convogliatore,神谕,zh-CN
Copacul caracteristicilor,羁绊树,zh-CN
Copricapo di Rabadon,灭世者的死亡之帽,zh-CN
Corazza singola,单身板甲,zh-CN
Corazza spirituale,振奋盔甲,zh-CN
Corazón de Acero,心之钢,zh-CN
Corazón de acero,心之钢,zh-CN
Corazón del alba,黎明核心,zh-CN
Corazón resuelto,坚定之心,zh-CN
Coração Inabalável,坚定之心,zh-CN
Coração de Aço,心之钢,zh-CN
Corki,库奇,zh-CN
Coroa do Amaldiçoado,诅咒冠冕,zh-CN
Coroa do Estrategista,金铲铲冠冕,zh-CN
Coroana blestemată,诅咒冠冕,zh-CN
Coroana tacticianului,金铲铲冠冕,zh-CN
Corona Maldita,诅咒冠冕,zh-CN
Corona de Estratega,金铲铲冠冕,zh-CN
Corona de estratega,金铲铲冠冕,zh-CN
Corona dello Stratega,金铲铲冠冕,zh-CN
Corona maldita,诅咒冠冕,zh-CN
Corona maledetta,诅咒冠冕,zh-CN
Corona reale,冕卫,zh-CN
Coroziune,腐蚀,zh-CN
Corpetto di rovi,棘刺背心,zh-CN
Corriente de Lágrimas,战时补给：女神之泪,zh-CN
Corrosion,腐蚀,zh-CN
Corrosione,腐蚀,zh-CN
Corrosión,腐蚀,zh-CN
Corrosão,腐蚀,zh-CN
Corrupt Vampiric Scepter,黑暗吸血鬼节杖,zh-CN
Cosmic Restart,星界重启,zh-CN
Costruisci un Compagno,挑个好伙计！,zh-CN
Cota de Malha,锁子甲,zh-CN
Cota de Malla,锁子甲,zh-CN
Cotidiano,人生切片,zh-CN
Cotta di maglia,锁子甲,zh-CN
Cotte de mailles,锁子甲,zh-CN
Coup d'envoi,博弈开启,zh-CN
Coup de chance,专属定制,zh-CN
Couronne de la reine,冕卫,zh-CN
Couronne du Tacticien,金铲铲冠冕,zh-CN
Couronne maudite,诅咒冠冕,zh-CN
Cours de soutien,集结战队,zh-CN
Covil do Barão,男爵幻域,zh-CN
Cozinha do Estrategista,锅铲厨房,zh-CN
Coș de recuperare,打捞桶,zh-CN
Crabul,峡谷迅捷蟹,zh-CN
Crafted Crafting,精心打造,zh-CN
Crash Test Dummies,碰撞测试假人,zh-CN
Crash Test Dummy,碰撞测试假人,zh-CN
Crash-Test-Dummies,碰撞测试假人,zh-CN
Crea un coleguita,挑个好伙计！,zh-CN
Creazione artigianale,精心打造,zh-CN
Crecimiento Explosivo,爆炸式增长,zh-CN
Crecimiento explosivo,爆炸式增长,zh-CN
Creează o cale,战时补给：暴风大剑,zh-CN
Creează un prieten,锻造挚友,zh-CN
Crescendo aléatoire,人生切片,zh-CN
Crescimento Explosivo,爆炸式增长,zh-CN
Crescita a fine partita,后期收益,zh-CN
Crescita esplosiva,爆炸式增长,zh-CN
Cresta de Escudo de Luz,光盾徽章,zh-CN
Creștere explozivă,爆炸式增长,zh-CN
Creștere pe final de joc,后期收益,zh-CN
Creștere solo în nivel,独自升级,zh-CN
Creștere în clasament,攀登天梯,zh-CN
Criação Engenhosa,精心打造,zh-CN
Critical Success,战时补给：拳套,zh-CN
Croissance explosive,爆炸式增长,zh-CN
Crownguard,冕卫,zh-CN
Cry Me A River,泪流成河,zh-CN
Csak jó valamire I.,有用之材,zh-CN
Csapatkeresés,集结战队,zh-CN
Csapatépítés,人生切片,zh-CN
Csapatépítés,团队建设,zh-CN
Csekélyebb Perszónatükör,次级镜像人格面具,zh-CN
Csereszektor,DD街区,zh-CN
Csillagfényes kombó,星界连招,zh-CN
Csillagnéző,观星者,zh-CN
Csillagnéző embléma,观星者纹章,zh-CN
Csillámpikkely-esszencia,金鳞精粹,zh-CN
Cua Kỳ Cục,峡谷迅捷蟹,zh-CN
Cuatrifuerzos,四费增援,zh-CN
Cuatro Refuerzos,四费增援,zh-CN
Cucchiaio d'argento,银汤匙,zh-CN
Cuchara de plata,银汤匙,zh-CN
Cuchilla Maldita,诅咒之刃,zh-CN
Cuchillas Raudas,烁刃,zh-CN
Cucina dello Stratega,锅铲厨房,zh-CN
Cud Soraki,索拉卡的奇迹,zh-CN
Cuenta con mi arco,吾弓听命于您,zh-CN
Cuenta de Ahorros,储蓄账户,zh-CN
Cuenta de ahorros,储蓄账户,zh-CN
Cuisine du Tacticien,锅铲厨房,zh-CN
Cung Dự Phòng,战时补给：反曲之弓,zh-CN
Cung Gỗ,反曲之弓,zh-CN
Cung Xanh,最后的轻语,zh-CN
Cuor saldo,坚定之心,zh-CN
Cuore d'acciaio,心之钢,zh-CN
Cureaua uriașului,巨人腰带,zh-CN
Curele fără număr,腰带溢流,zh-CN
Cursed Blade,诅咒之刃,zh-CN
Cursed Crown,诅咒冠冕,zh-CN
Cuțit electrostatic,斯塔缇克电刃,zh-CN
Cuồng Đao Guinsoo,鬼索的狂暴之刃,zh-CN
Cuộc Phiêu Lưu Tôn Quý,崇高冒险,zh-CN
Cuộc Viễn Chinh,远征,zh-CN
Cvičná loutka,训练假人,zh-CN
Cybernetic Implants,源计划植入,zh-CN
Cybernetic Uplink,源计划上行链路,zh-CN
Cycle épique,新纪元,zh-CN
Czerwone Wzmocnienie,红霸符,zh-CN
Czysty Umysł,清晰头脑,zh-CN
Częściowe Wyniesienie,部分飞升,zh-CN
Cái Giá Phải Trả,不计代价,zh-CN
Cálice do Poder,能量圣杯,zh-CN
Cáliz de Poder,能量圣杯,zh-CN
Cáliz de poder,能量圣杯,zh-CN
Câlin collectif,拥抱,zh-CN
Cây Cung Thần Tốc,吾弓听命于您,zh-CN
Cây Tộc Hệ,羁绊树,zh-CN
Céfiro,灵风,zh-CN
Célbefogó optika,锁敌光学设备,zh-CN
Célébrité partagée de Yasuo,亚索的共享聚光灯,zh-CN
Călător,旅人,zh-CN
Cıva,水银,zh-CN
Cœur d'acier,心之钢,zh-CN
Cœur de l'aube,黎明核心,zh-CN
Cœur intrépide,坚定之心,zh-CN
Cơn Khát Vàng,贪财,zh-CN
Cảm Quan Cấy Ghép,共感植入,zh-CN
Cảm Thấy May Mắn,手气不错,zh-CN
Cấy Ghép Siêu Công Nghệ,源计划植入,zh-CN
Cầu Hồi Phục,治疗法球,zh-CN
Cắm Rễ Phân Tán,蔓延之根,zh-CN
Cặp Đôi Siêu Cứng,坦度成双,zh-CN
Cố Gắng Lật Kèo,绝境反击,zh-CN
Cốc Sức Mạnh,能量圣杯,zh-CN
Cộng Mệt Nghỉ!,成吨的属性！,zh-CN
Cờ Lệnh Zeke U Ám,基克的阴森先驱,zh-CN
Củng Cố Tuyến Trước,前线地基,zh-CN
C位觉悟,C位的觉悟,zh-CN
Daga de Statikk,斯塔缇克电刃,zh-CN
Daimi Yükseliş,上进心,zh-CN
Dallan Budaklan,节外生枝,zh-CN
Dama Oscura,黑暗魔女,zh-CN
Dama das Trevas,黑暗魔女,zh-CN
Dama oscura,黑暗魔女,zh-CN
Dame sombre,黑暗魔女,zh-CN
Dao Điện Statikk,斯塔缇克电刃,zh-CN
Dar Ahri,阿狸的恩赐,zh-CN
Dar Aureliona Sola,奥瑞利安·索尔的恩赐,zh-CN
Dar Ekko,艾克的恩赐,zh-CN
Dar Evelynn,伊芙琳的恩赐,zh-CN
Dar Kayle,凯尔的恩赐,zh-CN
Dar Soraki,索拉卡的恩赐,zh-CN
Dar Thresha,锤石的恩赐,zh-CN
Dar Varusa,韦鲁斯的恩赐,zh-CN
Dar Yasuo,亚索的恩赐,zh-CN
Dar cu ce preț,不计代价,zh-CN
Dar vzkříšení,复活恩赐,zh-CN
Dark Lady,黑暗魔女,zh-CN
Dark Star,暗星,zh-CN
Dark Star Emblem,暗星纹章,zh-CN
Das Warten wert,值得等待,zh-CN
Das geht ab,升星之运,zh-CN
Das goldene Ei,金蛋,zh-CN
Dawncore,黎明核心,zh-CN
Dayanıklı Ön Sıra,前线地基,zh-CN
Daño indiscriminado,无差别攻击,zh-CN
De două ori mai câștigați,由二生D,zh-CN
De fiesta,物尽其用,zh-CN
De gratis,火爆甩卖,zh-CN
De milyen áron?,不计代价,zh-CN
Dea delle Armi,武装战姬,zh-CN
Deadlier Blades,更要命的战刃,zh-CN
Deadlier Caps,更要命的帽子,zh-CN
Deathblade,死亡之刃,zh-CN
Demasiado Valor,由二生D,zh-CN
Demir Solari'nin Broşu,钢铁烈阳之匣,zh-CN
Denge Örtüsü,薄暮法袍,zh-CN
Dent de Nashor,纳什之牙,zh-CN
Dente de Na'Shor,纳什之牙,zh-CN
Dente di Nashor,纳什之牙,zh-CN
Der Attributsbaum,羁绊树,zh-CN
Der Turm,高塔,zh-CN
Der Unbeugsame,顽强不屈,zh-CN
Der Urknall,宇宙大爆炸,zh-CN
Der Wille des Hammers,权杖意志,zh-CN
Der goldene Drache,金霖龙,zh-CN
Der mächtige Mecha,超级机甲,zh-CN
Dernier souffle,最后的轻语,zh-CN
Derrota Planejada,存心失利,zh-CN
Desafiante,挑战者,zh-CN
Desajustados,异类,zh-CN
Descarga Eléctrica,电火花,zh-CN
Desejo da Maça,权杖意志,zh-CN
Desesperación Eterna,无终恨意,zh-CN
Desesperanza eterna,无终恨意,zh-CN
Desespero Eterno,无终恨意,zh-CN
Desmanche,打捞桶,zh-CN
Despertar da Alma,灵魂唤醒,zh-CN
Despertar del Alma,灵魂唤醒,zh-CN
Despertar del alma,灵魂唤醒,zh-CN
Destansı Yenileme,8级D干的传说,zh-CN
Deszcz Pieniędzy,摇钱树,zh-CN
Determinacja Kolosa,泰坦的坚决,zh-CN
Determinazione del titano,泰坦的坚决,zh-CN
Determinação Titânica,泰坦的坚决,zh-CN
Deux de moins,一波带走俩,zh-CN
Dev Katili,巨人杀手,zh-CN
Dev Kemeri,巨人腰带,zh-CN
Devasa ve Güçlü,大而有力,zh-CN
Değişken Miğfer,适应性头盔,zh-CN
Di Vật Tàn Úa,枯萎圣物,zh-CN
Diana,黛安娜,zh-CN
Die Legion der Drei,三幻神,zh-CN
Diebesbande,窃贼帮派,zh-CN
Diebesbande II,窃贼帮派 II,zh-CN
Diente de Nashor,纳什之牙,zh-CN
Dikenli Yelek,棘刺背心,zh-CN
Dinerito para el almuerzo,午餐钱,zh-CN
Dinero del almuerzo,午餐钱,zh-CN
Dintele lui Nashor,纳什之牙,zh-CN
Diosa de las Pistolas,武装战姬,zh-CN
Diosa de las pistolas,武装战姬,zh-CN
Dirilme Lütfu,复活恩赐,zh-CN
Disperare nemărginită,无终恨意,zh-CN
Disperazione eterna,无终恨意,zh-CN
Disruptor temporal,未来战士,zh-CN
Distracție în spațiu,太空律动,zh-CN
Distribuição de Efeitos,1个霸符，2个霸符,zh-CN
Divinamente Abençoado,受到星神赐福,zh-CN
Divine Duelist,斗神,zh-CN
Dizilim,列队,zh-CN
Diệt Khổng Lồ,巨人杀手,zh-CN
Dlouhodobá investice,遥遥领先,zh-CN
Doamna întunecată,黑暗魔女,zh-CN
Doble Tanque,坦度成双,zh-CN
Dobra Passa,升星之运,zh-CN
Doces Deleites,甜点,zh-CN
Dokuma Büyü,纺织魔法,zh-CN
Dolci,甜点,zh-CN
Don du gardien,游神的盟友,zh-CN
Dono dell'aggiustatutto,斗神的恩赐,zh-CN
Dono della resurrezione,复活恩赐,zh-CN
Dono di Ahri,阿狸的恩赐,zh-CN
Dono di Aurelion Sol,奥瑞利安·索尔的恩赐,zh-CN
Dono di Ekko,艾克的恩赐,zh-CN
Dono di Evelynn,伊芙琳的恩赐,zh-CN
Dono di Kayle,凯尔的恩赐,zh-CN
Dono di Soraka,索拉卡的恩赐,zh-CN
Dono di Thresh,锤石的恩赐,zh-CN
Dono di Varus,韦鲁斯的恩赐,zh-CN
Dono di Yasuo,亚索的恩赐,zh-CN
Doomer,末日使者,zh-CN
Doppia resistenza,坦度成双,zh-CN
Doppia uccisione rapida,一波带走俩,zh-CN
Dornenweste,棘刺背心,zh-CN
Double Kill Veloz,一波带走俩,zh-CN
Dowódca Anima,幻灵指挥官,zh-CN
Dowódcy,最高指挥官,zh-CN
Doğum Günü Buluşması,生日聚会,zh-CN
Doğum Günü Hediyesi,生日礼物,zh-CN
Drachenklaue,巨龙之爪,zh-CN
Dragon's Claw,巨龙之爪,zh-CN
Dragonul auriu,金霖龙,zh-CN
Dragão Dourado,金霖龙,zh-CN
Dračí spár,巨龙之爪,zh-CN
Dreifaltigkeit,三项赛,zh-CN
Drobní titáni,小巨人,zh-CN
"Drobní, ale vražední",小而致命,zh-CN
Drohnenverbindung,无人机上行链路,zh-CN
Dron Bağlantısı,无人机上行链路,zh-CN
Drone Uplink,无人机上行链路,zh-CN
Drone cablato,无人机上行链路,zh-CN
Dronová linka,无人机上行链路,zh-CN
Drugi Oddech,复苏之风,zh-CN
Druhý dech,复苏之风,zh-CN
Drzewo Cech,羁绊树,zh-CN
Drágaköves kesztyű,珠光护手,zh-CN
Drágaköves lótusz II.,珠光莲花,zh-CN
Drónkapcsolat,无人机上行链路,zh-CN
Držíme pospolu,水乳交融,zh-CN
Du Mục,牧羊人,zh-CN
Du hast meinen Bogen,吾弓听命于您,zh-CN
Dublu asasinat rapid,一波带走俩,zh-CN
Duch Odkupienia,救赎盔甲,zh-CN
Duch odplaty,救赎盔甲,zh-CN
Due volte il valore,由二生D,zh-CN
Duelist divin,斗神,zh-CN
Duelista Divino,斗神,zh-CN
Duelista divino,斗神,zh-CN
Duellante divino,斗神,zh-CN
Duelliste divine,斗神,zh-CN
Dulces Golosinas,甜点,zh-CN
Dummify,假人化,zh-CN
Dunkle Dame,黑暗魔女,zh-CN
Duo Queue,双排,zh-CN
Duo-Warteschlange,双排,zh-CN
Dupla érték,由二生D,zh-CN
Duplication,顶尖构筑,zh-CN
Duplán szívós,坦度成双,zh-CN
Durch Stärke geschmiedet,神力天铸,zh-CN
Durmadan Yenile,D个痛快！,zh-CN
Dusze Towarzystwa,汪星机器人,zh-CN
Duża Torba z Różnościami,大百宝袋,zh-CN
Dádiva da Ahri,阿狸的恩赐,zh-CN
Dádiva da Evelynn,伊芙琳的恩赐,zh-CN
Dádiva da Kayle,凯尔的恩赐,zh-CN
Dádiva da Ressurreição,复活恩赐,zh-CN
Dádiva da Soraka,索拉卡的恩赐,zh-CN
Dádiva do Aurelion Sol,奥瑞利安·索尔的恩赐,zh-CN
Dádiva do Brigão,斗神的恩赐,zh-CN
Dádiva do Ekko,艾克的恩赐,zh-CN
Dádiva do Thresh,锤石的恩赐,zh-CN
Dádiva do Varus,韦鲁斯的恩赐,zh-CN
Dádiva do Yasuo,亚索的恩赐,zh-CN
Dárek k narozeninám,生日礼物,zh-CN
Dárková taška s předměty,装备百宝袋,zh-CN
Dárkový balíček,关爱包裹,zh-CN
Dây Chuyền Iron Solari,钢铁烈阳之匣,zh-CN
Dây Chuyền Tự Lực,激发之匣,zh-CN
Dämmerkern,黎明核心,zh-CN
Dämmerung von Silbersee,密银黎明,zh-CN
Déesse des flingues,武装战姬,zh-CN
Défaite planifiée,存心失利,zh-CN
Dépense réfléchie,明智消费,zh-CN
Dés légèrement magiques,轻量魔法投掷,zh-CN
Dés magiques,魔法投掷,zh-CN
Désespoir,末日使者,zh-CN
Désespoir infini,无终恨意,zh-CN
Détermination du titan,泰坦的坚决,zh-CN
Díszes acél,镀金钢铁,zh-CN
Dòng Tiền Mờ Ám,恶意货币化,zh-CN
Döntőbíró,法官,zh-CN
Döntőbíró embléma,法官纹章,zh-CN
Dört Dörtlük,四费增援,zh-CN
Dört Seninle Olsun,愿四费与你同在,zh-CN
Dövüşçü,斗士,zh-CN
Dövüşçü Amblemi,斗士纹章,zh-CN
Dúo de tanques,坦度成双,zh-CN
Dümenci,花到上头,zh-CN
Dẫn Truyền,神谕,zh-CN
Dị Vật Tai Ương,禁忌雕像,zh-CN
Dịch Vụ Gói Đăng Ký,订阅服务,zh-CN
Early Learnings,宝宝学院,zh-CN
Ebedi Anlaşma,永恒契约,zh-CN
Ebedi Koruma,三相庇护,zh-CN
Ebedi Kılıç,无尽之刃,zh-CN
Ebédpénz,午餐钱,zh-CN
Eccesso di bacchette,法杖溢流,zh-CN
Eccesso di cinture,腰带溢流,zh-CN
Eccesso di spade,大剑溢流,zh-CN
Echi curativi,修复型回响,zh-CN
Ecos Reparadores,修复型回响,zh-CN
Ecos Restauradores,修复型回响,zh-CN
Ecos curativos,修复型回响,zh-CN
Ecouri tămăduitoare,修复型回响,zh-CN
Edge of Night,夜之锋刃,zh-CN
Efecte secundare,副作用,zh-CN
Efectos Secundarios,副作用,zh-CN
Efectos secundarios,副作用,zh-CN
Efeito Azul,蓝霸符,zh-CN
Efeito Vermelho,红霸符,zh-CN
Efeitos Colaterais,副作用,zh-CN
Efekty Uboczne,副作用,zh-CN
Effets secondaires,副作用,zh-CN
Effetti collaterali,副作用,zh-CN
Egida Zmierzchu,黄昏圣盾,zh-CN
Egida del Crepuscolo,黄昏圣盾,zh-CN
Egida dell'Aurora,黎明圣盾,zh-CN
Egida Świtu,黎明圣盾,zh-CN
"Egy erősítés, két erősítés",1个霸符，2个霸符,zh-CN
"Egy, kettő, három",一，二，三,zh-CN
"Egy, kettő, öt!",一，二，五！,zh-CN
Egyenlepel,薄暮法袍,zh-CN
Egységben az erő,联合作战,zh-CN
Egyujjas kesztyű,连指手套,zh-CN
Egyéni vért,单身板甲,zh-CN
Ehre des Kriegsfürsten,猛将的荣耀,zh-CN
"Ein Buff, zwei Buff",1个霸符，2个霸符,zh-CN
Ein Teil des Lebens,人生切片,zh-CN
Ein erhabenes Abenteuer,崇高冒险,zh-CN
Ein magischer Wurf,魔法投掷,zh-CN
Eindringling Zed,天煞灭影：劫,zh-CN
Einfach treffen,点击即送,zh-CN
Einkaufsbummel,大买特买,zh-CN
"Einmal Bronze, immer Bronze",终身黄铜,zh-CN
"Eins, zwei, drei",一，二，三,zh-CN
"Eins, zwei, fünf!",一，二，五！,zh-CN
Eiserne Güter,黑铁资产,zh-CN
Ejder Pençesi,巨龙之爪,zh-CN
Ekip Çalışması,团队建设,zh-CN
Ekko türelme,艾克的耐心,zh-CN
Ekko áldása,艾克的恩赐,zh-CN
Ekko'nun Lütfu,艾克的恩赐,zh-CN
Ekko'nun Sabrı,艾克的耐心,zh-CN
Ekko's Boon,艾克的恩赐,zh-CN
Ekko's Patience,艾克的耐心,zh-CN
Ekkos Geduld,艾克的耐心,zh-CN
Ekkos Segen,艾克的恩赐,zh-CN
Ekkova trpělivost,艾克的耐心,zh-CN
Ekkův dar,艾克的恩赐,zh-CN
Ekmek Parası İşte,午餐钱,zh-CN
Ekskluzywna Personalizacja,专属定制,zh-CN
Ekspedycja,远征,zh-CN
El Big Bang,宇宙大爆炸,zh-CN
El Dragón Dorado,金霖龙,zh-CN
El Dragón dorado,金霖龙,zh-CN
El Emeği Göz Nuru,精心打造,zh-CN
El Huevo Dorado,金蛋,zh-CN
El Indomable,顽强不屈,zh-CN
El Mega Mecha,超级机甲,zh-CN
El Tamaño Importa,尺寸至上,zh-CN
El centro de todo,C位的觉悟,zh-CN
El huevo dorado,金蛋,zh-CN
El peso de la corona,王冠之重,zh-CN
El tamaño importa,尺寸至上,zh-CN
El Árbol de Rasgos,羁绊树,zh-CN
El árbol de los atributos,羁绊树,zh-CN
Elastyczność,灵活摇摆,zh-CN
Electrocarga,电火花,zh-CN
Electrocharge,电火花,zh-CN
Elektrický výboj,电火花,zh-CN
Elektroladung,电火花,zh-CN
Elektromos töltés,电火花,zh-CN
Elektroşarj,电火花,zh-CN
Elettrocarica,电火花,zh-CN
Elige el rasgo,选择羁绊,zh-CN
Eliminator,灭星尊,zh-CN
Elkötelezett,投资,zh-CN
Elköteleződés,硬性承诺,zh-CN
Elmo Adaptativo,适应性头盔,zh-CN
Elmo adattivo,适应性头盔,zh-CN
Eltemetett kincsek,珍藏财宝,zh-CN
Elátkozott korona,诅咒冠冕,zh-CN
Elátkozott penge,诅咒之刃,zh-CN
Előfizetési szolgáltatás,订阅服务,zh-CN
Előleg,高级贷款,zh-CN
Előrelátás,前瞻思维,zh-CN
Em Busca do Centro,C位的觉悟,zh-CN
Embalos no Espaço,太空律动,zh-CN
Emblem Anima,幻灵战队纹章,zh-CN
Emblem Arbiter,法官纹章,zh-CN
Emblem Bastion,堡垒卫士纹章,zh-CN
Emblem Brawler,斗士纹章,zh-CN
Emblem Challenger,挑战者纹章,zh-CN
Emblem Dark Star,暗星纹章,zh-CN
Emblem Marauder,狂战士纹章,zh-CN
Emblem Meeple,木灵族纹章,zh-CN
Emblem N.O.V.A.,新星特攻队纹章,zh-CN
Emblem Primordian,海魔人纹章,zh-CN
Emblem Psionic,灵能特工纹章,zh-CN
Emblem Rogue,游侠纹章,zh-CN
Emblem Shepherd,牧羊人纹章,zh-CN
Emblem Sniper,狙神纹章,zh-CN
Emblem Space Groove,太空律动纹章,zh-CN
Emblem Stargazer,观星者纹章,zh-CN
Emblem Timebreaker,未来战士纹章,zh-CN
Emblem Vanguard,重装战士纹章,zh-CN
Emblem Voyager,旅人纹章,zh-CN
Emblema Anima,幻灵战队纹章,zh-CN
Emblema Animalia,幻灵战队纹章,zh-CN
Emblema Meeple,木灵族纹章,zh-CN
Emblema N.O.V.A.,新星特攻队纹章,zh-CN
Emblema Psionico,灵能特工纹章,zh-CN
Emblema Stella Oscura,暗星纹章,zh-CN
Emblema apărătorilor,重装战士纹章,zh-CN
Emblema bastionului,堡垒卫士纹章,zh-CN
Emblema briganzilor,狂战士纹章,zh-CN
Emblema bătăușilor,斗士纹章,zh-CN
Emblema competitorilor,挑战者纹章,zh-CN
Emblema călătorilor,旅人纹章,zh-CN
Emblema de Anima,幻灵战队纹章,zh-CN
Emblema de Astromante,观星者纹章,zh-CN
Emblema de Atirador de Elite,狙神纹章,zh-CN
Emblema de Bastião,堡垒卫士纹章,zh-CN
Emblema de Bastión,堡垒卫士纹章,zh-CN
Emblema de Desafiante,挑战者纹章,zh-CN
Emblema de Embalos no Espaço,太空律动纹章,zh-CN
Emblema de Estrela Negra,暗星纹章,zh-CN
Emblema de Estrella Oscura,暗星纹章,zh-CN
Emblema de Francotiradores,狙神纹章,zh-CN
Emblema de Furtivo,游侠纹章,zh-CN
Emblema de Ladino,游侠纹章,zh-CN
Emblema de Lutador,斗士纹章,zh-CN
Emblema de Meeple,木灵族纹章,zh-CN
Emblema de Meeplo,木灵族纹章,zh-CN
Emblema de Merodeador,狂战士纹章,zh-CN
Emblema de Mipo,木灵族纹章,zh-CN
Emblema de N.O.V.A.,新星特攻队纹章,zh-CN
Emblema de Onda Espacial,太空律动纹章,zh-CN
Emblema de Pastor,牧羊人纹章,zh-CN
Emblema de Peleadores,斗士纹章,zh-CN
Emblema de Primordiano,海魔人纹章,zh-CN
Emblema de Primordianos,海魔人纹章,zh-CN
Emblema de Psiónico,灵能特工纹章,zh-CN
Emblema de Psiônico,灵能特工纹章,zh-CN
Emblema de Rasga-tempo,未来战士纹章,zh-CN
Emblema de Retadores,挑战者纹章,zh-CN
Emblema de Rompetiempo,未来战士纹章,zh-CN
Emblema de Saqueador,狂战士纹章,zh-CN
Emblema de Sentencia,法官纹章,zh-CN
Emblema de Vanguarda,重装战士纹章,zh-CN
Emblema de Vanguardia,重装战士纹章,zh-CN
Emblema de Viajante,旅人纹章,zh-CN
Emblema de Viajero,旅人纹章,zh-CN
Emblema de astral,观星者纹章,zh-CN
Emblema de bastión,堡垒卫士纹章,zh-CN
Emblema de contendiente,挑战者纹章,zh-CN
Emblema de disruptor temporal,未来战士纹章,zh-CN
Emblema de estrella oscura,暗星纹章,zh-CN
Emblema de francotirador,狙神纹章,zh-CN
Emblema de la ascensión,飞升护符,zh-CN
Emblema de luchador,斗士纹章,zh-CN
Emblema de onda espacial,太空律动纹章,zh-CN
Emblema de pastor,牧羊人纹章,zh-CN
Emblema de primordiano,海魔人纹章,zh-CN
Emblema de psiónico,灵能特工纹章,zh-CN
Emblema de pícaro,游侠纹章,zh-CN
Emblema de sentenciador,法官纹章,zh-CN
Emblema de vanguardia,重装战士纹章,zh-CN
Emblema de viajante,旅人纹章,zh-CN
Emblema de yelmo sombrío,狂战士纹章,zh-CN
Emblema de Árbitro,法官纹章,zh-CN
Emblema de ánima,幻灵战队纹章,zh-CN
Emblema del Bandito,游侠纹章,zh-CN
Emblema del Bastione,堡垒卫士纹章,zh-CN
Emblema del Cecchino,狙神纹章,zh-CN
Emblema del Combattente,斗士纹章,zh-CN
Emblema del Pastore,牧羊人纹章,zh-CN
Emblema del Predone,狂战士纹章,zh-CN
Emblema del Primordiano,海魔人纹章,zh-CN
Emblema del Ritmo Spaziale,太空律动纹章,zh-CN
Emblema del Viaggiatore,旅人纹章,zh-CN
Emblema dell'Amico dei Mippi,木灵族纹章,zh-CN
Emblema dell'Arbitro,法官纹章,zh-CN
Emblema dell'Astronomo,观星者纹章,zh-CN
Emblema dell'Avanguardia,重装战士纹章,zh-CN
Emblema dello Sfidante,挑战者纹章,zh-CN
Emblema dello Spezzatempo,未来战士纹章,zh-CN
Emblema distracției în spațiu,太空律动纹章,zh-CN
Emblema frângătorilor timpului,未来战士纹章,zh-CN
Emblema luminii stelelor,观星者纹章,zh-CN
Emblema lunetiștilor,狙神纹章,zh-CN
Emblema mediatorilor,法官纹章,zh-CN
Emblema primordienilor,海魔人纹章,zh-CN
Emblema psionică,灵能特工纹章,zh-CN
Emblema păstorilor,牧羊人纹章,zh-CN
Emblema rebelilor,游侠纹章,zh-CN
Emblema stelelor întunecate,暗星纹章,zh-CN
Emblemat Anima,幻灵战队纹章,zh-CN
Emblemat Arbitra,法官纹章,zh-CN
Emblemat Bastionu,堡垒卫士纹章,zh-CN
Emblemat Kosmofazy,太空律动纹章,zh-CN
Emblemat Marudera,狂战士纹章,zh-CN
Emblemat Meepla,木灵族纹章,zh-CN
Emblemat Mrocznej Gwiazdy,暗星纹章,zh-CN
Emblemat N.O.V.A.,新星特攻队纹章,zh-CN
Emblemat Obrońcy,重装战士纹章,zh-CN
Emblemat Obserwatora Gwiazd,观星者纹章,zh-CN
Emblemat Osiłka,斗士纹章,zh-CN
Emblemat Pasterza,牧羊人纹章,zh-CN
Emblemat Podróżnika,旅人纹章,zh-CN
Emblemat Pretendenta,挑战者纹章,zh-CN
Emblemat Primordianina,海魔人纹章,zh-CN
Emblemat Psionika,灵能特工纹章,zh-CN
Emblemat Snajpera,狙神纹章,zh-CN
Emblemat Zbira,游侠纹章,zh-CN
Emblemat Łamacza Czasu,未来战士纹章,zh-CN
Emblème d'Astro-groove,太空律动纹章,zh-CN
Emblème d'Initiateur,重装战士纹章,zh-CN
Emblème de Bagarreur,斗士纹章,zh-CN
Emblème de Bastion,堡垒卫士纹章,zh-CN
Emblème de Berger,牧羊人纹章,zh-CN
Emblème de Brise-temps,未来战士纹章,zh-CN
Emblème de Challenger,挑战者纹章,zh-CN
Emblème de Juge stellaire,法官纹章,zh-CN
Emblème de Maraudeur,狂战士纹章,zh-CN
Emblème de Meeple,木灵族纹章,zh-CN
Emblème de N.O.V.A.,新星特攻队纹章,zh-CN
Emblème de Primordien,海魔人纹章,zh-CN
Emblème de Psionique,灵能特工纹章,zh-CN
Emblème de Pulsar sombre,暗星纹章,zh-CN
Emblème de Rebelle,游侠纹章,zh-CN
Emblème de Sniper,狙神纹章,zh-CN
Emblème de Visionnaire,观星者纹章,zh-CN
Emblème de Voyageur,旅人纹章,zh-CN
Emblème de la Section Anima,幻灵战队纹章,zh-CN
Emblém Animy,幻灵战队纹章,zh-CN
Emblém Bašty,堡垒卫士纹章,zh-CN
Emblém Hvězdopravce,观星者纹章,zh-CN
Emblém Miplíka,木灵族纹章,zh-CN
Emblém N.O.V.A.,新星特攻队纹章,zh-CN
Emblém Ničitele času,未来战士纹章,zh-CN
Emblém Odpadlíka,游侠纹章,zh-CN
Emblém Odstřelovače,狙神纹章,zh-CN
Emblém Pastýře,牧羊人纹章,zh-CN
Emblém Poutníka,旅人纹章,zh-CN
Emblém Prapůvodního,海魔人纹章,zh-CN
Emblém Psionika,灵能特工纹章,zh-CN
Emblém Předvoje,重装战士纹章,zh-CN
Emblém Rváče,斗士纹章,zh-CN
Emblém Soudce,法官纹章,zh-CN
Emblém Temné hvězdy,暗星纹章,zh-CN
Emblém Vesmírného rytmu,太空律动纹章,zh-CN
Emblém Vyzyvatele,挑战者纹章,zh-CN
Emblém Žoldnéře,狂战士纹章,zh-CN
Emblématique,灵活摇摆,zh-CN
Emblématiquement,羁绊树,zh-CN
Empréstimo Avançado,高级贷款,zh-CN
Empurrão,物尽其用,zh-CN
En Minik Dev,最小巨人,zh-CN
En racha,升星之运,zh-CN
Ende der Weisheit,智慧末刃,zh-CN
Endgame-Experte,后期专家,zh-CN
Endlose Verzweiflung,无终恨意,zh-CN
Enfileirando,列队,zh-CN
Enfoque al Horizonte,视界专注,zh-CN
Enlace Cibernético,源计划上行链路,zh-CN
Enlace de Dron,无人机上行链路,zh-CN
Enracinement,蔓延之根,zh-CN
Entre les PO et l'enclume,黑铁资产,zh-CN
Entrenamiento de Guardaespaldas,利落保镖,zh-CN
Entschlossenheit des Titanen,泰坦的坚决,zh-CN
Enyhén mágikus dobás,轻量魔法投掷,zh-CN
Epic Rolldown,8级D干的传说,zh-CN
Epickie Przelosowanie,8级D干的传说,zh-CN
Epický výlov,8级D干的传说,zh-CN
Epische Ladung,8级D干的传说,zh-CN
Epoca,新纪元,zh-CN
Epoch,新纪元,zh-CN
Epocha,新纪元,zh-CN
Epoche,新纪元,zh-CN
Epocă,新纪元,zh-CN
Epoka,新纪元,zh-CN
Era,新纪元,zh-CN
Eradicare,灭星尊,zh-CN
Eradicator,灭星尊,zh-CN
Eradicatore,灭星尊,zh-CN
Erb Lightshieldů,光盾徽章,zh-CN
Erlöser,救世主,zh-CN
Erradicador,灭星尊,zh-CN
Erwartetes Unerwartetes,意料之中的意外,zh-CN
Erweiterter Kredit,高级贷款,zh-CN
Erőben kovácsolva,神力天铸,zh-CN
Erőd,堡垒卫士,zh-CN
Erőd embléma,堡垒卫士纹章,zh-CN
EsQUATRão,四费增援,zh-CN
Esagono dorato di Yasuo,亚索的黄金格,zh-CN
Esaltazione di Kayle,凯尔的崇拜,zh-CN
Esaltazione radiosa di Kayle,凯尔的光明崇拜,zh-CN
Escalamento de Fim de Jogo,后期收益,zh-CN
Escalando,攀登天梯,zh-CN
Escalar la clasificación,攀登天梯,zh-CN
Escolha a característica,选择羁绊,zh-CN
Escroc,花到上头,zh-CN
Escudo de estratega,金锅锅冠冕,zh-CN
Escudo del Estratega,金锅锅冠冕,zh-CN
Escudo do Estrategista,金锅锅冠冕,zh-CN
Escurridizo,峡谷迅捷蟹,zh-CN
Esence Mihotavců,金鳞精粹,zh-CN
Esencia de Brilloescama,金鳞精粹,zh-CN
Esencia de brilloescama,金鳞精粹,zh-CN
Esencja Migoczącej Łuski,金鳞精粹,zh-CN
Esfera del Amanecer,黎明核心,zh-CN
Esgrima de Yasuo,亚索的剑艺,zh-CN
Esnek,灵活摇摆,zh-CN
Espada Desmedida,大剑溢流,zh-CN
Espada G.p.C.,暴风之剑,zh-CN
Espadafuria de Guinsoo,鬼索的狂暴之刃,zh-CN
Espadas Más Letales,更要命的战刃,zh-CN
Espadón,暴风之剑,zh-CN
Especialista em Fim de Jogo,后期专家,zh-CN
Especialista en el juego tardío,后期专家,zh-CN
Especialista en final de partida,后期专家,zh-CN
Espera lo Inesperado,意料之中的意外,zh-CN
Espera lo inesperado,意料之中的意外,zh-CN
Esperando o Inesperado,意料之中的意外,zh-CN
Espinas,鱼骨头,zh-CN
Esprit d'équipe,团队建设,zh-CN
Esprit de la Rédemption,救赎盔甲,zh-CN
Esprit encombré,纷乱头脑,zh-CN
Espátula,金铲铲,zh-CN
Espírito de Redenção,救赎盔甲,zh-CN
Espíritu Firme,坚定之心,zh-CN
Espíritu de Redención,救赎盔甲,zh-CN
Espíritu de la redención,救赎盔甲,zh-CN
Espíritu libre,异类,zh-CN
Essence des Luminécailles,金鳞精粹,zh-CN
Essenz der Schimmerschuppen,金鳞精粹,zh-CN
Essenza Scaglialucida,金鳞精粹,zh-CN
Essência de Escamaluz,金鳞精粹,zh-CN
Estafa,花到上头,zh-CN
Estafador,花到上头,zh-CN
Estratega diminuto,最小巨人,zh-CN
Estrela Negra,暗星,zh-CN
Estrella Oscura,暗星,zh-CN
Estrella oscura,暗星,zh-CN
Estudio Paciente,耐心学习,zh-CN
Estudio y paciencia,耐心学习,zh-CN
Estudo Paciente,耐心学习,zh-CN
Esuli,浪人,zh-CN
Eternal Pact,永恒契约,zh-CN
Etwas magische Aktualisierung,轻量魔法投掷,zh-CN
Evelynn áldása,伊芙琳的恩赐,zh-CN
Evelynn ösztöne,伊芙琳的本能,zh-CN
Evelynn'in Lütfu,伊芙琳的恩赐,zh-CN
Evelynn'in İçgüdüsü,伊芙琳的本能,zh-CN
Evelynn's Boon,伊芙琳的恩赐,zh-CN
Evelynn's Instinct,伊芙琳的本能,zh-CN
Evelynnin dar,伊芙琳的恩赐,zh-CN
Evelynnin instinkt,伊芙琳的本能,zh-CN
Evelynns Instinkt,伊芙琳的本能,zh-CN
Evelynns Segen,伊芙琳的恩赐,zh-CN
Evenshroud,薄暮法袍,zh-CN
Evocazione continua,战时补给：无用大棒,zh-CN
Evriştirici,变形重组器,zh-CN
Ewiger Pakt,永恒契约,zh-CN
Exaltación Radiante de Kayle,凯尔的光明崇拜,zh-CN
Exaltación de Kayle,凯尔的崇拜,zh-CN
Exaltación radiante de Kayle,凯尔的光明崇拜,zh-CN
Exaltarea lui Kayle,凯尔的崇拜,zh-CN
Exaltarea radiantă a lui Kayle,凯尔的光明崇拜,zh-CN
Exaltation de Kayle,凯尔的崇拜,zh-CN
Exaltation radieuse de Kayle,凯尔的光明崇拜,zh-CN
Exaltação Radiante de Kayle,凯尔的光明崇拜,zh-CN
Exaltação de Kayle,凯尔的崇拜,zh-CN
Exclusive Customization,专属定制,zh-CN
Exilados,浪人,zh-CN
Exilați,浪人,zh-CN
Exiles,浪人,zh-CN
Exiliados,浪人,zh-CN
Exilés,浪人,zh-CN
Exklusive Feinabstimmung,专属定制,zh-CN
Exkluzivní úprava,专属定制,zh-CN
Exkluzív testreszabás,专属定制,zh-CN
Expected Unexpectedness,意料之中的意外,zh-CN
Expedice,远征,zh-CN
Expedición,远征,zh-CN
Expedition,远征,zh-CN
Expedição,远征,zh-CN
Expediție,远征,zh-CN
Expedíció,远征,zh-CN
Explosive Growth,爆炸式增长,zh-CN
Explosives Wachstum,爆炸式增长,zh-CN
Expédition,远征,zh-CN
Expérience à tout prix,遥遥领先,zh-CN
Extirpador,灭星尊,zh-CN
Ezreal,伊泽瑞尔,zh-CN
Ezüstkanál,银汤匙,zh-CN
Ezüsttóvári hajnal,密银黎明,zh-CN
Eğreti Zırh,应急护甲,zh-CN
Eşsiz Deneyim,银汤匙,zh-CN
Eşya Çekilişi,装备百宝袋,zh-CN
Fabbricante di bastoni,杖之工匠,zh-CN
Fabbricante di spade,剑之工匠,zh-CN
Fabricant de baguettes,杖之工匠,zh-CN
Fabricante de Bastões,杖之工匠,zh-CN
Fabricante de Espadas,剑之工匠,zh-CN
Fabricante de Varas,杖之工匠,zh-CN
Fabrication en série,反响,zh-CN
Fabrikneu,军工1号,zh-CN
Faca de Statikk,斯塔缇克电刃,zh-CN
Factory New,军工1号,zh-CN
Fajín de mercurio,水银,zh-CN
Fame di denaro,贪财,zh-CN
Fantocci da crash test,碰撞测试假人,zh-CN
Fantoccificazione,假人化,zh-CN
Fantoccio di addestramento,训练假人,zh-CN
Fare squadra,集结战队,zh-CN
Farmando Aura,低调炫耀,zh-CN
Farmare l'aura,低调炫耀,zh-CN
Farmarea aurei,低调炫耀,zh-CN
Farmení aury,低调炫耀,zh-CN
Farmeo Áurico,低调炫耀,zh-CN
Farmienie Aury,低调炫耀,zh-CN
Fatalista,末日使者,zh-CN
Fateweaver,织命人,zh-CN
Favorul Sorakăi,索拉卡的恩赐,zh-CN
Favorul duelistului,斗神的恩赐,zh-CN
Favorul lui Ahri,阿狸的恩赐,zh-CN
Favorul lui Aurelion Sol,奥瑞利安·索尔的恩赐,zh-CN
Favorul lui Ekko,艾克的恩赐,zh-CN
Favorul lui Evelynn,伊芙琳的恩赐,zh-CN
Favorul lui Kayle,凯尔的恩赐,zh-CN
Favorul lui Thresh,锤石的恩赐,zh-CN
Favorul lui Varus,韦鲁斯的恩赐,zh-CN
Favorul lui Yasuo,亚索的恩赐,zh-CN
Favorul resurecției,复活恩赐,zh-CN
Fedakârlığın Erdemi,殉道美德,zh-CN
Fedezeti alap,对冲基金,zh-CN
Feed the Flames,火上浇油,zh-CN
Feeling Lucky,手气不错,zh-CN
Felaket Mücevheri,枯萎珠宝,zh-CN
Felemelkedés,飞升,zh-CN
Feleslegesen nagy pálca,无用大棒,zh-CN
Felfelé a ranglétrán I.,攀登天梯,zh-CN
Felfelé irányuló mobilitás,上进心,zh-CN
Felie de viață,人生切片,zh-CN
Felinarul lui Thresh,锤石的灯笼,zh-CN
Festa de Aniversário,生日聚会,zh-CN
Feu concentré,集中火力,zh-CN
Fiera Fiestera,汪星机器人,zh-CN
Fierar neobosit,活体锻炉,zh-CN
Fila em Dupla,双排,zh-CN
Filo de la Muerte,死亡之刃,zh-CN
Filo de la Noche,夜之锋刃,zh-CN
Filo de la noche,夜之锋刃,zh-CN
Filo del Infinito,无尽之刃,zh-CN
Filo infinito,无尽之刃,zh-CN
Filo mortal,死亡之刃,zh-CN
Filofugaz,烁刃,zh-CN
Fin de partie,后期收益,zh-CN
Final del ingenio,智慧末刃,zh-CN
Finanziamento,高级贷款,zh-CN
Find Your Center,C位的觉悟,zh-CN
Finde deine Mitte,C位的觉悟,zh-CN
Fine della notte,夜之锋刃,zh-CN
Fiora,菲奥娜,zh-CN
Firesale,火爆甩卖,zh-CN
Fishbones,鱼骨头,zh-CN
Fiumi di lacrime,泪流成河,zh-CN
Fiumi di lacrime,战时补给：女神之泪,zh-CN
Fizz,菲兹,zh-CN
Flambant neuf,军工1号,zh-CN
Flessibilità,灵活摇摆,zh-CN
Flexibel,灵活摇摆,zh-CN
Flexibilita,灵活摇摆,zh-CN
Flexibilitate,灵活摇摆,zh-CN
Flexible,灵活摇摆,zh-CN
Flexível,灵活摇摆,zh-CN
Flickerblade,烁刃,zh-CN
Flickerblades,烁刃,zh-CN
Fließende Tränen,战时补给：女神之泪,zh-CN
Flimmerklingen,烁刃,zh-CN
Flowing Tears,战时补给：女神之泪,zh-CN
Fluch des Lichs,巫妖之祸,zh-CN
Fléau de liche,巫妖之祸,zh-CN
Fléau vengeur,强袭者的链枷,zh-CN
Flügelstab,炽天使之拥,zh-CN
Foc concentrat,集中火力,zh-CN
Focalizarea orizontului,视界专注,zh-CN
Foco do Horizonte,视界专注,zh-CN
Focused Fire,集中火力,zh-CN
Fogo Concentrado,集中火力,zh-CN
Fokozott erő,强化之能量,zh-CN
Fokussiertes Feuer,集中火力,zh-CN
Folyamatos idézés,战时补给：无用大棒,zh-CN
Fond de investiții,对冲基金,zh-CN
Fondamenta di prima linea,前线地基,zh-CN
Fondation de première ligne,前线地基,zh-CN
Fondo con intereses,对冲基金,zh-CN
Fondo de inversión,对冲基金,zh-CN
Fondo speculativo,对冲基金,zh-CN
Forbidden Idol,禁忌雕像,zh-CN
Forge a Friend,锻造挚友,zh-CN
Forge divine,神赐锻炉,zh-CN
Forge portative,便携锻炉,zh-CN
Forge à retardement,休眠锻炉,zh-CN
Forged in Strength,神力天铸,zh-CN
Forgeron ambulant,活体锻炉,zh-CN
Forgia apoteotica,神赐锻炉,zh-CN
Forgia incarnata,活体锻炉,zh-CN
Forgia nascosta,休眠锻炉,zh-CN
Forgia portatile,便携锻炉,zh-CN
Forgia un amico,锻造挚友,zh-CN
Forgiato nella forza,神力天铸,zh-CN
Forja Apoteósica,神赐锻炉,zh-CN
Forja Apoteótica,神赐锻炉,zh-CN
Forja Latente,休眠锻炉,zh-CN
Forja Portátil,便携锻炉,zh-CN
Forja Viva,活体锻炉,zh-CN
Forja Viviente,活体锻炉,zh-CN
Forja apoteósica,神赐锻炉,zh-CN
Forja de amigos,锻造挚友,zh-CN
Forja de espadas,剑之工匠,zh-CN
Forja de varas,杖之工匠,zh-CN
Forja forjada,精心打造,zh-CN
Forja latente,休眠锻炉,zh-CN
Forja na Força,神力天铸,zh-CN
Forja portátil,便携锻炉,zh-CN
Forja reîncărcărilor,精心打造,zh-CN
Forja viviente,活体锻炉,zh-CN
Forjado a la fuerza,神力天铸,zh-CN
Forjado en la Fortaleza,神力天铸,zh-CN
Forje uma Amizade,锻造挚友,zh-CN
Forjă apoteotică,神赐锻炉,zh-CN
Forjă latentă,休眠锻炉,zh-CN
Forjă portabilă,便携锻炉,zh-CN
Forma equipo,集结战队,zh-CN
Formation de Garde du corps,利落保镖,zh-CN
Formazione,列队,zh-CN
Fortwährende Beschwörung,战时补给：无用大棒,zh-CN
Forward Thinking,前瞻思维,zh-CN
Forțe proaspete,复苏之风,zh-CN
Fragmento de Vida,人生切片,zh-CN
Frammento d'infinito,无尽之刃,zh-CN
Francotirador,狙神,zh-CN
Frigideira,金锅锅,zh-CN
Frontkämpfer,重装战士,zh-CN
Frontkämpfer-Emblem,重装战士纹章,zh-CN
Frontline Foundation,前线地基,zh-CN
Frontlinien-Fundament,前线地基,zh-CN
Frying Pan,金锅锅,zh-CN
Frângător al timpului,未来战士,zh-CN
Frühe Erkenntnisse,宝宝学院,zh-CN
Fuego Concentrado,集中火力,zh-CN
Fuego concentrado,集中火力,zh-CN
Fuerte pero frágil,玻璃大炮,zh-CN
Fuerte y Enorme,大而有力,zh-CN
Fuerzas renovadas,复苏之风,zh-CN
Fulcro del commercio,贸易中心,zh-CN
Fundação da Linha de Frente,前线地基,zh-CN
Fundo de Garantia,对冲基金,zh-CN
Fundusz Inwestycyjny,对冲基金,zh-CN
Fuoco concentrato,集中火力,zh-CN
Fureur du kraken,海妖之怒,zh-CN
Furia Krakena,海妖之怒,zh-CN
Furia del Kraken,海妖之怒,zh-CN
Furia del kraken,海妖之怒,zh-CN
Furia di Guinsoo,鬼索的狂暴之刃,zh-CN
Furia krakenului,海妖之怒,zh-CN
Furtarello,挖角,zh-CN
Furtivo,游侠,zh-CN
Furto,挖角,zh-CN
Furto di componenti,散件丰收日,zh-CN
Furtuna lui Luden,卢登的激荡,zh-CN
Fäustlinge,连指手套,zh-CN
Félholt csapás,巫妖之祸,zh-CN
Félvezető,半导体装置,zh-CN
Fényőrző címer,光盾徽章,zh-CN
Fókusz,神谕,zh-CN
Fókusz mód,神谕模式,zh-CN
Fúria do Cráquem,海妖之怒,zh-CN
"FĂRĂ ANALIZĂ, FĂRĂ SCHIMBĂRI",不侦察，不变阵,zh-CN
Făurit prin putere,神力天铸,zh-CN
Gabardina Sospechosa,迷离风衣,zh-CN
Gabardina sospechosa,迷离风衣,zh-CN
Gage de Sterak,斯特拉克的挑战护手,zh-CN
Gagnant-gagnant,耐心学习,zh-CN
Galaksi Avcısı,天煞,zh-CN
Galaktický lovec,天煞,zh-CN
Galaktischer Jäger,天煞,zh-CN
Galaktyczni Łowcy,天煞,zh-CN
Galaxisvadász,天煞,zh-CN
Galaxy Hunter,天煞,zh-CN
Gambit Urfa,海牛阿福的锅铲战术,zh-CN
Gambit d'Urf,海牛阿福的锅铲战术,zh-CN
Gambito de Urf,海牛阿福的锅铲战术,zh-CN
Gantelet du Néant,虚空护手,zh-CN
Gantelet précieux,珠光护手,zh-CN
Gants d'entraînement,拳套,zh-CN
Gants de voleur,窃贼手套,zh-CN
Gants porte-bonheur,幸运手套,zh-CN
Gants à gogo,战时补给：拳套,zh-CN
Gardienii gemeni,双子守护神,zh-CN
Gardiens jumeaux,双子守护神,zh-CN
Gargoyl Taşzırhı,石像鬼石板甲,zh-CN
Gargoyle Stoneplate,石像鬼石板甲,zh-CN
Garra de Dragón,巨龙之爪,zh-CN
Garra de dragón,巨龙之爪,zh-CN
Garra de merodeador,暗行者之爪,zh-CN
Garra del Merodeador,暗行者之爪,zh-CN
Garra do Dragão,巨龙之爪,zh-CN
Garra do Espreitador,暗行者之爪,zh-CN
Gasto con cabeza,明智消费,zh-CN
Gauner,花到上头,zh-CN
Gebieter,法官,zh-CN
Gebieter-Emblem,法官纹章,zh-CN
Geburtstags-Wiedervereinigung,生日聚会,zh-CN
Geburtstagsgeschenk,生日礼物,zh-CN
Gecenin Kıyısı,夜之锋刃,zh-CN
Geduld ist eine Tugend,耐心是一种美德,zh-CN
Geeinter Halt,联合作战,zh-CN
Gefälligkeit des Schrotthändlers,斗神的恩赐,zh-CN
Gegenstand-Wundertüte,装备百宝袋,zh-CN
Geist der Erlösung,救赎盔甲,zh-CN
Geistessicht,振奋盔甲,zh-CN
Geld fürs Mittagessen,午餐钱,zh-CN
Geldgierig,贪财,zh-CN
Geldmonsun,摇钱树,zh-CN
Gelişmiş Güç,强化之能量,zh-CN
Gelungenes Comeback,绝境反击,zh-CN
Gespiegelte Persona,镜像人格面具,zh-CN
Gheara dragonului,巨龙之爪,zh-CN
Gheara lui Sterak,斯特拉克的挑战护手,zh-CN
Gheara prădătorului,暗行者之爪,zh-CN
Giant Slayer,巨人杀手,zh-CN
Giant and Mighty,大而有力,zh-CN
Giant's Belt,巨人腰带,zh-CN
Gigante e Poderoso,大而有力,zh-CN
Gigantes y fuertes,大而有力,zh-CN
Gilded Steel,镀金钢铁,zh-CN
Gioco di lama di Yasuo,亚索的剑艺,zh-CN
Gioiello della rovina,枯萎珠宝,zh-CN
Giuvaier blestemat,枯萎珠宝,zh-CN
Gizemli Trençkot,迷离风衣,zh-CN
Giáp Lưới,锁子甲,zh-CN
Giáp Máu Warmog,狂徒铠甲,zh-CN
Giáp Tay Seeker,探索者的护臂,zh-CN
Giáp Tâm Linh,振奋盔甲,zh-CN
Giáp Tự Chế,应急护甲,zh-CN
Giáp Vai Nguyệt Thần,薄暮法袍,zh-CN
Giù come birilli,升星之运,zh-CN
Giọt Lệ Bi Ai,泪流成河,zh-CN
Giữ Vững Hàng Ngũ,坚守防线,zh-CN
Glaives à gogo,战时补给：暴风大剑,zh-CN
Glaskanone,玻璃大炮,zh-CN
Glass Cannon,玻璃大炮,zh-CN
Glückshandschuhe,幸运手套,zh-CN
Gnar,纳尔,zh-CN
Goana după bani,贪财,zh-CN
God-Blessed,受到星神赐福,zh-CN
Going Long,遥遥领先,zh-CN
Golden Gamble,黄金赌约,zh-CN
Goldenes Glücksspiel,黄金赌约,zh-CN
Golem,魔像,zh-CN
Golpetazos,物尽其用,zh-CN
Good For Something,有用之材,zh-CN
Gotowy Komplet,顶尖构筑,zh-CN
Gottgesegnet,受到星神赐福,zh-CN
Grabież,挖角,zh-CN
Gracia de Ahri,阿狸的恩赐,zh-CN
Gracia de Aurelion Sol,奥瑞利安·索尔的恩赐,zh-CN
Gracia de Ekko,艾克的恩赐,zh-CN
Gracia de Evelynn,伊芙琳的恩赐,zh-CN
Gracia de Kayle,凯尔的恩赐,zh-CN
Gracia de Soraka,索拉卡的恩赐,zh-CN
Gracia de Thresh,锤石的恩赐,zh-CN
Gracia de Varus,韦鲁斯的恩赐,zh-CN
Gracia de Yasuo,亚索的恩赐,zh-CN
Gracia de resurrección,复活恩赐,zh-CN
Gragas,古拉加斯,zh-CN
Gran Compromiso,硬性承诺,zh-CN
Grandalhão,尺寸至上,zh-CN
Grande e possente,大而有力,zh-CN
Grandeur et démesure,大而有力,zh-CN
Graves,格雷福斯,zh-CN
Gredin,花到上头,zh-CN
Griffe de dragon,巨龙之爪,zh-CN
Griffes du rôdeur,暗行者之爪,zh-CN
Group Hug,拥抱,zh-CN
Groß und mächtig,大而有力,zh-CN
Große Wundertüte,大百宝袋,zh-CN
Groźniejsze Ostrza,更要命的战刃,zh-CN
Gruboskórność Steraka,斯特拉克的挑战护手,zh-CN
Grup Kucaklaşması,拥抱,zh-CN
Grupowy Przytulas,拥抱,zh-CN
Gruppenumarmung,拥抱,zh-CN
Gräte,鱼骨头,zh-CN
Größe ist alles,尺寸至上,zh-CN
Guantelete Deslumbrante,珠光护手,zh-CN
Guantelete de Sterak,斯特拉克的挑战护手,zh-CN
Guantelete del Vacío,虚空护手,zh-CN
Guantelete enjoyado,珠光护手,zh-CN
Guantes de Combate,拳套,zh-CN
Guantes de Ladrón,窃贼手套,zh-CN
Guantes de combate,拳套,zh-CN
Guantes de la Suerte,幸运手套,zh-CN
Guantes de la suerte,幸运手套,zh-CN
Guantes de ladrón,窃贼手套,zh-CN
Guanti del ladro,窃贼手套,zh-CN
Guanti fortunati,幸运手套,zh-CN
Guanto del Vuoto,虚空护手,zh-CN
Guanto ingioiellato,珠光护手,zh-CN
Guantoni,拳套,zh-CN
Guardabrazo del Buscador,探索者的护臂,zh-CN
Guardia de la Corona,冕卫,zh-CN
Guardianes Gemelos,双子守护神,zh-CN
Guardianes gemelos,双子守护神,zh-CN
Guardiani gemelli,双子守护神,zh-CN
Guardiões Gêmeos,双子守护神,zh-CN
Guarida del Barón,男爵幻域,zh-CN
Guinsoo dühpengéje,鬼索的狂暴之刃,zh-CN
Guinsoo'nun Hiddeti,鬼索的狂暴之刃,zh-CN
Guinsoo's Rageblade,鬼索的狂暴之刃,zh-CN
Guinsoos Wutklinge,鬼索的狂暴之刃,zh-CN
Guinsoova zuřivá čepel,鬼索的狂暴之刃,zh-CN
Gume do Infinito,无尽之刃,zh-CN
Gun Goddess,武装战姬,zh-CN
Gustări dulci,甜点,zh-CN
Gwałtowny Wzrost,爆炸式增长,zh-CN
Gwen,格温,zh-CN
Gwiezdna Kombinacja,星界连招,zh-CN
Gyakorlófigura,训练假人,zh-CN
Gyanús ballonkabát,迷离风衣,zh-CN
Gyors kettős gyilkosság,一波带走俩,zh-CN
Gyorstüzelő ágyú,疾射火炮,zh-CN
Gyári új,军工1号,zh-CN
Gyógyító gömbök I.,治疗法球,zh-CN
Gói Bảo Hộ,关爱包裹,zh-CN
Gói Tăng Cường,扩展包,zh-CN
Gói Đăng Ký Hạng Sang,奢侈品订购,zh-CN
Gólem,魔像,zh-CN
Gökten Yağan Altın,摇钱树,zh-CN
Gölge Kukla,暗影木偶,zh-CN
Gömülü Hazineler,珍藏财宝,zh-CN
Göttlicher Duellant,斗神,zh-CN
Gözyaşları Sel,泪流成河,zh-CN
Gözü Yükseklerde,遥遥领先,zh-CN
Gümüşgöl Şafağı,密银黎明,zh-CN
Günateşi Pelerini,日炎斗篷,zh-CN
Günateşi Tahtası,日炎棋盘,zh-CN
Gürtel des Riesen,巨人腰带,zh-CN
Gürtel im Überfluss,腰带溢流,zh-CN
Gürzün Dileği,权杖意志,zh-CN
Güç Kadehi,能量圣杯,zh-CN
Güçle İşlenmiş,神力天铸,zh-CN
Güçlü Ama Kırılgan,玻璃大炮,zh-CN
Güçlü Arkadaşlık,锻造挚友,zh-CN
Güçlü Şapkalar,更要命的帽子,zh-CN
Găng Bảo Thạch,珠光护手,zh-CN
Găng Hư Không,虚空护手,zh-CN
Găng Đạo Tặc,窃贼手套,zh-CN
Găng Đấu Sĩ,连指手套,zh-CN
Găng Đấu Tập,拳套,zh-CN
Găsește-ți centrul de putere,C位的觉悟,zh-CN
Gươm Biến Ảnh,幽魂弯刀,zh-CN
Gậy Quá Khổ,无用大棒,zh-CN
Hacha de Fuego Infernal,恶火小斧,zh-CN
Hacha infernal,恶火小斧,zh-CN
Hachette infernale,恶火小斧,zh-CN
Haciendo Amistades,锻造挚友,zh-CN
Hadiösvény,征战之路,zh-CN
Hadúri dicsőség,猛将的荣耀,zh-CN
Hai il mio arco,吾弓听命于您,zh-CN
Hai odată,点击即送,zh-CN
Hajnalmag,黎明核心,zh-CN
Halbleiter,半导体装置,zh-CN
Halla tu Centro,C位的觉悟,zh-CN
Halszálka,鱼骨头,zh-CN
Halálosabb pengék,更要命的战刃,zh-CN
Halálosabb süvegek,更要命的帽子,zh-CN
Halálpenge,死亡之刃,zh-CN
Hand Of Justice,正义之手,zh-CN
Hand der Gerechtigkeit,正义之手,zh-CN
Handelssektor,DD街区,zh-CN
Handschuhe des Diebs,窃贼手套,zh-CN
Hang Ổ Baron,男爵幻域,zh-CN
Hanger fantomatic,幽魂弯刀,zh-CN
Hard Commit,硬性承诺,zh-CN
Hatalmas sorsolás,8级D干的传说,zh-CN
Hatalmas és erős,大而有力,zh-CN
Határtalan penge,无尽之刃,zh-CN
Haute tension,高压电,zh-CN
Hayat Deneyimi,耐心学习,zh-CN
Hayattan Bir Kesit,人生切片,zh-CN
Hazine Avı,寻宝,zh-CN
Haşmetli Hydra,巨型九头蛇,zh-CN
Haşmetli Macera,崇高冒险,zh-CN
Healing Orbs,治疗法球,zh-CN
Heart of Steel,心之钢,zh-CN
Heavy Is the Crown,王冠之重,zh-CN
Hecho a medida,专属定制,zh-CN
Hedef Kuklası,训练假人,zh-CN
Hedefe Kilitlenen Optik,锁敌光学设备,zh-CN
Hedge Fund,对冲基金,zh-CN
Heilende Echos,修复型回响,zh-CN
Heilende Kugeln,治疗法球,zh-CN
Heldenhafte Wundertüte,英勇福袋,zh-CN
Hellfire Hatchet,恶火小斧,zh-CN
Hemos venido a jugar,冒险举动,zh-CN
Heraldo de Zeke,基克的先驱,zh-CN
Heraldo de las Tinieblas de Zeke,基克的阴森先驱,zh-CN
Heraldo desolador de Zeke,基克的阴森先驱,zh-CN
Herausforderer,挑战者,zh-CN
Herausforderer-Emblem,挑战者纹章,zh-CN
Herausforderer-Modus,挑战者模式,zh-CN
Herb Dynastii Promiennej Tarczy,光盾徽章,zh-CN
Herkesin Katili,无差别攻击,zh-CN
Heroic Grab Bag,英勇福袋,zh-CN
Heroiczna Torba z Różnościami,英勇福袋,zh-CN
Herold Zeke'a,基克的先驱,zh-CN
Herz aus Stahl,心之钢,zh-CN
Heul doch …,泪流成河,zh-CN
Hex Dorado de Yasuo,亚索的黄金格,zh-CN
Hexagone doré de Yasuo,亚索的黄金格,zh-CN
Hexagonul auriu al lui Yasuo,亚索的黄金格,zh-CN
Hextech Gunblade,海克斯科技枪刃,zh-CN
Hextech Silahkılıç,海克斯科技枪刃,zh-CN
Hextech lőpenge,海克斯科技枪刃,zh-CN
Hextech-Gunblade,海克斯科技枪刃,zh-CN
Hexágono dorado de Yasuo,亚索的黄金格,zh-CN
Hidra Titánica,巨型九头蛇,zh-CN
Hidra Titânica,巨型九头蛇,zh-CN
Hidra titanilor,巨型九头蛇,zh-CN
Hidra titánica,巨型九头蛇,zh-CN
Higany,水银,zh-CN
High Voltage,高压电,zh-CN
Hilfspaket,关爱包裹,zh-CN
Hirte,牧羊人,zh-CN
Hirte-Emblem,牧羊人纹章,zh-CN
Historia Powrotu do Chwały,绝境反击,zh-CN
Hivatásos bokszoló,赏金战士,zh-CN
Hiçlik Değneği,虚空之杖,zh-CN
Hiçlik Eldiveni,虚空护手,zh-CN
Hiện Thân Phản Chiếu,镜像人格面具,zh-CN
Hiện Thân Phản Chiếu Cỡ Nhỏ,次级镜像人格面具,zh-CN
Hochspannung,高压电,zh-CN
Hoja de furia de Guinsoo,鬼索的狂暴之刃,zh-CN
Hoja maldita,诅咒之刃,zh-CN
Hojas más letales,更要命的战刃,zh-CN
Hold the Line,坚守防线,zh-CN
Holofote Compartilhado do Yasuo,亚索的共享聚光灯,zh-CN
Honneur du Maître de guerre,猛将的荣耀,zh-CN
Honor Watażki,猛将的荣耀,zh-CN
Honor de señor de la guerra,猛将的荣耀,zh-CN
Honor del Caudillo,猛将的荣耀,zh-CN
Honra do Mestre da Guerra,猛将的荣耀,zh-CN
Hordozható kohó,便携锻炉,zh-CN
Horizon Focus,视界专注,zh-CN
Horizont,视界专注,zh-CN
Horizontfokus,视界专注,zh-CN
Hortlak Palası,幽魂弯刀,zh-CN
Hosszú távú befektetés,遥遥领先,zh-CN
Hrdinská dárková taška,英勇福袋,zh-CN
Hurdacının Lütfu,斗神的恩赐,zh-CN
Hurto,挖角,zh-CN
Hustler,花到上头,zh-CN
Huy Hiệu Lightshield,光盾徽章,zh-CN
Huyết Giá,猩红报偿,zh-CN
Huyết Kiếm,饮血剑,zh-CN
Huyết Trượng Tha Hóa,黑暗吸血鬼节杖,zh-CN
Huyết Tế,鲜血祭品,zh-CN
Huấn Luyện Cận Vệ,利落保镖,zh-CN
Hvězdná obnova,升星之运,zh-CN
Hvězdné kombo,星界连招,zh-CN
Hvězdopravec,观星者,zh-CN
Hydre titanesque,巨型九头蛇,zh-CN
Hàng Chờ Pandora,潘朵拉的备战席,zh-CN
Hàng Chờ Đấu Đôi,双排,zh-CN
Hành Tinh,太空律动,zh-CN
Hào Quang Của Ahri,阿狸的光环,zh-CN
Hào Quang Nhân Vật Chính,应急护盾,zh-CN
Hármak légiója,三幻神,zh-CN
Hármas kombó I.,三项赛,zh-CN
Hátsó vonal tervrajza,后排蓝图,zh-CN
Hâkim,法官,zh-CN
Hâkim Amblemi,法官纹章,zh-CN
Hình Nhân,训练假人,zh-CN
Hình Nhân Hóa,假人化,zh-CN
Hình Nộm Va Chạm,碰撞测试假人,zh-CN
Hút Sinh Lực,吸血生命力,zh-CN
Hücum Gürzü,强袭者的链枷,zh-CN
Hükümdarın Seçimi,受到星神赐福,zh-CN
Hırsız Eldiveni,窃贼手套,zh-CN
Hırsız Çetesi,窃贼帮派,zh-CN
Hırsız Çetesi II,窃贼帮派 II,zh-CN
Hızlı Başlangıç,博弈开启,zh-CN
Hızlı Yükseliş,登上最高峰,zh-CN
Hızlı İkide İki,一波带走俩,zh-CN
Hősies zsákbamacska,英勇福袋,zh-CN
Hůl Prázdnoty,虚空之杖,zh-CN
Hướng Đến Hồi Kết,后期专家,zh-CN
Hưởng Ké Hào Quang Yasuo,亚索的共享聚光灯,zh-CN
Hạ Đo Ván,物尽其用,zh-CN
Hắc Tinh,暗星,zh-CN
Hố Đen Tí Hon,迷你黑洞,zh-CN
Hủy Diệt,灭星尊,zh-CN
Ia arcul meu,吾弓听命于您,zh-CN
Idol interzis,禁忌雕像,zh-CN
Idole interdite,禁忌雕像,zh-CN
Idolo proibito,禁忌雕像,zh-CN
Idra titanica,巨型九头蛇,zh-CN
Időtörő,未来战士,zh-CN
Időtörő embléma,未来战士纹章,zh-CN
Ikerőrzők,双子守护神,zh-CN
Il Drago dorato,金霖龙,zh-CN
Il massimo con il minimo,可大可小,zh-CN
Il potente Mech,超级机甲,zh-CN
Illaoi,俄洛伊,zh-CN
Iluminare parțială,部分飞升,zh-CN
Immer höher hinauf,攀登天梯,zh-CN
Impermeabile sospetto,迷离风衣,zh-CN
Impianti cibernetici,源计划植入,zh-CN
Impianto empatico,共感植入,zh-CN
Implant Współczulny,共感植入,zh-CN
Implant cybernétique,共感植入,zh-CN
Implant empatic,共感植入,zh-CN
Implante Simpático,共感植入,zh-CN
Implante Solidário,共感植入,zh-CN
Implante simpático,共感植入,zh-CN
Implantes Cibernéticos,源计划植入,zh-CN
Implantes cibernéticos,源计划植入,zh-CN
Implants cybernétiques,源计划植入,zh-CN
Implanturi cibernetice,源计划植入,zh-CN
Implanty Cybernetyczne,源计划植入,zh-CN
Impossível Recusar,点击即送,zh-CN
Improvisierte Rüstung,应急护甲,zh-CN
Improwizowana Zbroja,应急护甲,zh-CN
Impuesto Cognitivo,认知税,zh-CN
Impuesto cognitivo,认知税,zh-CN
In quattro e quattr'otto,四费增援,zh-CN
Inactividad,开摆,zh-CN
Inadaptados,异类,zh-CN
Inadaptați,异类,zh-CN
Inaktivitás,开摆,zh-CN
Incantație continuă,战时补给：无用大棒,zh-CN
Indiscriminate Killer,无差别攻击,zh-CN
Indomable,顽强不屈,zh-CN
Indomável,顽强不屈,zh-CN
Infinity Edge,无尽之刃,zh-CN
Infinity Protection,三相庇护,zh-CN
Inicio Veloz,博弈开启,zh-CN
Inimă de oțel,心之钢,zh-CN
Initiateur,重装战士,zh-CN
Innervating Locket,激发之匣,zh-CN
Instinct d'Evelynn,伊芙琳的本能,zh-CN
Instinctul lui Evelynn,伊芙琳的本能,zh-CN
Instinto de Evelynn,伊芙琳的本能,zh-CN
Instynkt Evelynn,伊芙琳的本能,zh-CN
Insígnia do Lumescudo,光盾徽章,zh-CN
Intermediar,神谕,zh-CN
Invadatorul Zed,天煞灭影：劫,zh-CN
Invader Zed,天煞灭影：劫,zh-CN
Invasión de Zed,天煞灭影：劫,zh-CN
Invasor Zed,天煞灭影：劫,zh-CN
Inversión,投资,zh-CN
Invested,投资,zh-CN
Investice,投资,zh-CN
Investiert,投资,zh-CN
Investimento,投资,zh-CN
Investissement,投资,zh-CN
Investissement sur le futur,前瞻思维,zh-CN
Investitura,投资,zh-CN
Investiční fond,对冲基金,zh-CN
Investiție,投资,zh-CN
Inwestycja,遥遥领先,zh-CN
Início Rápido,博弈开启,zh-CN
Ionic Spark,离子火花,zh-CN
Ionischer Funke,离子火花,zh-CN
Ionos szikra,离子火花,zh-CN
Iontová jiskra,离子火花,zh-CN
Iron Assets,黑铁资产,zh-CN
Isteni párbajhős,斗神,zh-CN
Istennő könnycseppje,女神之泪,zh-CN
Istenáldotta,受到星神赐福,zh-CN
Istinto di Evelynn,伊芙琳的本能,zh-CN
Item Grab Bag,装备百宝袋,zh-CN
Itens de Pandora,潘朵拉的装备,zh-CN
Iubire nezdruncinată,坚定之心,zh-CN
Işıltılı Serseri,光明无赖,zh-CN
JEDU SI TO SVOJE,不侦察，不变阵,zh-CN
Ja Gram Solo,独自升级,zh-CN
Jaf,挖角,zh-CN
Jaful componentelor,散件丰收日,zh-CN
Jakim Kosztem,不计代价,zh-CN
Jax,贾克斯,zh-CN
Jaximus,摘星之志,zh-CN
"Jeden buff, dva buffy",1个霸符，2个霸符,zh-CN
"Jedna, dva, tři",一，二，三,zh-CN
Jeu de patience,耐心是一种美德,zh-CN
Jeweled Gauntlet,珠光护手,zh-CN
Jeweled Lotus,珠光莲花,zh-CN
Jhin,烬,zh-CN
Jinx,金克丝,zh-CN
Jogada Levemente Mágica,轻量魔法投掷,zh-CN
Jogada Mágica,魔法投掷,zh-CN
Jogada de Urf,海牛阿福的锅铲战术,zh-CN
Joia da Ruína,枯萎珠宝,zh-CN
Jonowa Iskra,离子火花,zh-CN
Jour de relance,D个痛快！,zh-CN
Joya Maldita,枯萎珠宝,zh-CN
Joya de la plaga,枯萎珠宝,zh-CN
Joyau putréfiant,枯萎珠宝,zh-CN
Jugadas arriesgadas,冒险举动,zh-CN
Juge stellaire,法官,zh-CN
Juguito de Gorrito,帽子饮品,zh-CN
Juramento del Protector,圣盾使的誓约,zh-CN
Juramento do Cavaleiro,骑士之誓,zh-CN
Juramento do Protetor,圣盾使的誓约,zh-CN
Jurământul protectorului,圣盾使的誓约,zh-CN
Jus chapi-chapo,帽子饮品,zh-CN
Just Hit,点击即送,zh-CN
Justice critique,正义报复,zh-CN
Juwelenbesetzter Handschuh,珠光护手,zh-CN
Juwelenbesetzter Lotus,珠光莲花,zh-CN
Jádro obchodu,贸易中心,zh-CN
Jádro úsvitu,黎明核心,zh-CN
Jó sorozat,升星之运,zh-CN
Jóbarát rendelésre,来个好伙计,zh-CN
Jós,命运祭司,zh-CN
Jótékony visszhang,修复型回响,zh-CN
K. N. kard,暴风之剑,zh-CN
K. V. meč,暴风之剑,zh-CN
K.W. Miecz,暴风之剑,zh-CN
"KEIN UMSEHEN, KEIN WECHSELN",不侦察，不变阵,zh-CN
Kaderbaz,织命人,zh-CN
Kahraman Çekilişi,英勇福袋,zh-CN
Kahuna,秘传奥义,zh-CN
Kahunahuna,秘传奥义,zh-CN
Kai'Sa,卡莎,zh-CN
Kamekameha,秘传奥义,zh-CN
Kamienna Płyta Gargulca,石像鬼石板甲,zh-CN
Kamizelka Cierniowa,棘刺背心,zh-CN
Kamizelka Kolcza,锁子甲,zh-CN
Kampfhandschuhe,拳套,zh-CN
Kan Adağı,鲜血祭品,zh-CN
Kan Bedeli,猩红报偿,zh-CN
Kanalisierer,神谕,zh-CN
Kanalisierermodus,神谕模式,zh-CN
Kanasusamış,饮血剑,zh-CN
Kanciarz,花到上头,zh-CN
Kanoucí slzy,战时补给：女神之泪,zh-CN
Kapelusze Zabójcze jak Nigdy,更要命的帽子,zh-CN
Karanlık Leydi,黑暗魔女,zh-CN
Kararlı Yürek,坚定之心,zh-CN
Karayel,灵风,zh-CN
Kardkovács,剑之工匠,zh-CN
Kardszállítmány,大剑溢流,zh-CN
Karma,卡尔玛,zh-CN
Kayle felmagasztosulása,凯尔的崇拜,zh-CN
Kayle ragyogó felmagasztosulása,凯尔的光明崇拜,zh-CN
Kayle áldása,凯尔的恩赐,zh-CN
Kayle's Boon,凯尔的恩赐,zh-CN
Kayle's Exaltation,凯尔的崇拜,zh-CN
Kayle's Radiant Exaltation,凯尔的光明崇拜,zh-CN
Kayle'ın Işıltılı Yüceliği,凯尔的光明崇拜,zh-CN
Kayle'ın Lütfu,凯尔的恩赐,zh-CN
Kayle'ın Yüceliği,凯尔的崇拜,zh-CN
Kayles Hochgefühl,凯尔的崇拜,zh-CN
Kayles Segen,凯尔的恩赐,zh-CN
Kayles strahlendes Hochgefühl,凯尔的光明崇拜,zh-CN
Kaylin dar,凯尔的恩赐,zh-CN
Kaylino povznesení,凯尔的崇拜,zh-CN
Kaylino zářivé povznesení,凯尔的光明崇拜,zh-CN
Kaz Gelecek Yerden...,冒险举动,zh-CN
Kedi Olalı Bir Fare,有用之材,zh-CN
Kedvez a szerencse,手气不错,zh-CN
Kefaret Ruhu,救赎盔甲,zh-CN
Kelch der Macht,能量圣杯,zh-CN
Kemer Fazlalığı,腰带溢流,zh-CN
Kereskedelmi központ,贸易中心,zh-CN
Keresők karvértje,探索者的护臂,zh-CN
Keskin Nişancı,狙神,zh-CN
Keskin Nişancı Amblemi,狙神纹章,zh-CN
Kettenweste,锁子甲,zh-CN
Keşif Gezisi,远征,zh-CN
Khiên Hoàng Hôn,黄昏圣盾,zh-CN
Khiên Hừng Đông,黎明圣盾,zh-CN
Khiên Đơn Đấu,单身板甲,zh-CN
Kho Báu Chôn Giấu,珍藏财宝,zh-CN
Kho Báu Sắt,黑铁资产,zh-CN
Khu Giao Dịch,DD街区,zh-CN
Khuyến Mãi Kinh Nghiệm,升级咯！,zh-CN
Khéo Tay Hay Làm,精心打造,zh-CN
Khảm Bảo Thạch,珠光莲花,zh-CN
Khế Ước Vĩnh Hằng,永恒契约,zh-CN
Khổng Lồ Hóa,小巨人,zh-CN
Khổng Lồ Tí Hon,最小巨人,zh-CN
Khởi Động Nhanh,博弈开启,zh-CN
Kibernetikus fellövő,源计划上行链路,zh-CN
Kibernetikus implantátumok,源计划植入,zh-CN
Kick Start,博弈开启,zh-CN
Kickstart,博弈开启,zh-CN
"Kicsi, de halálos",小而致命,zh-CN
Kihívó,挑战者,zh-CN
Kihívó embléma,挑战者纹章,zh-CN
Kihívó mód,挑战者模式,zh-CN
Kiirtó,灭星尊,zh-CN
Kim Long,金霖龙,zh-CN
Kimaxolt összeállítás,顶尖构筑,zh-CN
Kincsvadászat,寻宝,zh-CN
Kindred,千珏,zh-CN
Kiralık Katil,职业杀手,zh-CN
Kis zsákbamacska,小小福袋,zh-CN
Kiên Nhẫn Của Ekko,艾克的耐心,zh-CN
Kiên Nhẫn Học Tập,耐心学习,zh-CN
Kiên Nhẫn Là Một Đức Tính,耐心是一种美德,zh-CN
Kişiselleştirme Fırsatı,专属定制,zh-CN
Kiếm B.F.,暴风之剑,zh-CN
Kiếm Cong,诅咒之刃,zh-CN
Kiếm Súng Hextech,海克斯科技枪刃,zh-CN
Kiếm Tai Ương,巫妖之祸,zh-CN
Kiếm Thuật Của Yasuo,亚索的剑艺,zh-CN
Kiếm Tử Thần,更要命的战刃,zh-CN
Kiếm Tử Thần,死亡之刃,zh-CN
Klarer Geist,清晰头脑,zh-CN
Klaue des Meuchlers,暗行者之爪,zh-CN
Kleine Freunde,小伙伴,zh-CN
Kleine Wundertüte,小小福袋,zh-CN
Kleine gespiegelte Persona,次级镜像人格面具,zh-CN
Kleines schwarzes Loch,迷你黑洞,zh-CN
Klejnot Rozpadu,枯萎珠宝,zh-CN
Klenot nákazy,枯萎珠宝,zh-CN
Klinge der Unendlichkeit,无尽之刃,zh-CN
Klinge des Todes,死亡之刃,zh-CN
Klonprogramm,反响,zh-CN
Kluftkrabbler,峡谷迅捷蟹,zh-CN
Knallhart,应急护盾,zh-CN
Knight's Vow,骑士之誓,zh-CN
Kniha vlastností,纹章之书,zh-CN
Kognitive Steuer,认知税,zh-CN
Kognitive Überladung,认知过载,zh-CN
Kognitivní přetížení,认知过载,zh-CN
Kognitivní zátěž,认知税,zh-CN
Kognitív teher,认知税,zh-CN
Kognitív túlterhelés,认知过载,zh-CN
Kolejka Duo,双排,zh-CN
Koleżcy,小伙伴,zh-CN
Kolosalna Hydra,巨型九头蛇,zh-CN
Kommandant,最高指挥官,zh-CN
Kommerzkern,贸易中心,zh-CN
Komponentenraub,散件丰收日,zh-CN
Komutan,最高指挥官,zh-CN
Koniec Rozumu,智慧末刃,zh-CN
Konserwator Biomaterii,生物质维护器,zh-CN
Konto Oszczędnościowe,储蓄账户,zh-CN
Konzervátor biomateriálu,生物质维护器,zh-CN
Kopyalama Süreci,反响,zh-CN
Korai tanulságok,宝宝学院,zh-CN
Korbacz Napastnika,强袭者的链枷,zh-CN
Korona Taktyka,金铲铲冠冕,zh-CN
Korona Zawsze Będzie Ciążyć,王冠之重,zh-CN
Koronaőr,冕卫,zh-CN
Koroze,腐蚀,zh-CN
Korozja,腐蚀,zh-CN
Korozyon,腐蚀,zh-CN
Korrosion,腐蚀,zh-CN
Korrózió,腐蚀,zh-CN
Korszak,新纪元,zh-CN
Koruma Eğitimi,利落保镖,zh-CN
Korunní stráž,冕卫,zh-CN
Koruyucunun Müttefiki,游神的盟友,zh-CN
Kosa Statikka,斯塔缇克电刃,zh-CN
Kosmický restart,星界重启,zh-CN
Kosmiczny Restart,星界重启,zh-CN
Kosmischer Neubeginn,星界重启,zh-CN
Kosmofaza,太空律动,zh-CN
Kostur Archanioła,大天使之杖,zh-CN
Kostur Pustki,虚空之杖,zh-CN
Kostur Serafina,炽天使之拥,zh-CN
Kosturnik,杖之工匠,zh-CN
Kouzelný hod,魔法投掷,zh-CN
Kovácsolj barátot,锻造挚友,zh-CN
Kozmik Başlangıç,星界重启,zh-CN
Kozmikus újraindítás,星界重启,zh-CN
Kraken'in Öfkesi,海妖之怒,zh-CN
Kraken's Fury,海妖之怒,zh-CN
Krakenův hněv,海妖之怒,zh-CN
Kraliyet Başlığı,冕卫,zh-CN
Krev za krev,猩红报偿,zh-CN
Kriegsbeil des Höllenfeuers,恶火小斧,zh-CN
Kriegspfad,征战之路,zh-CN
Kritický úspěch,战时补给：拳套,zh-CN
Kritik Başarı,战时补给：拳套,zh-CN
Kritikus siker,战时补给：拳套,zh-CN
Kritischer Erfolg,战时补给：拳套,zh-CN
Krmení plamenů,火上浇油,zh-CN
Krone des Taktikers,金铲铲冠冕,zh-CN
Kronwacht,冕卫,zh-CN
Kroužková vesta,锁子甲,zh-CN
Krvavá oběť,鲜血祭品,zh-CN
Krvežíznivec,饮血剑,zh-CN
Krwiopijec,饮血剑,zh-CN
Krytyczny Sukces,战时补给：拳套,zh-CN
Księga Cech,纹章之书,zh-CN
Kuchnia Taktyka,锅铲厨房,zh-CN
Kukiełka Cienia,暗影木偶,zh-CN
Kukla Yağmuru!,碰撞测试假人,zh-CN
Kuklaya Dönüştür,假人化,zh-CN
Kukła Treningowa,训练假人,zh-CN
Kukły do Testów Wypadkowych,碰撞测试假人,zh-CN
Kule,高塔,zh-CN
Kusursuzluk Arayışı,可大可小,zh-CN
Kutilův dar,斗神的恩赐,zh-CN
Kybernetická linka,源计划上行链路,zh-CN
Kybernetické implantáty,源计划植入,zh-CN
Kybernetische Implantate,源计划植入,zh-CN
Kybernetische Verbindung,源计划上行链路,zh-CN
Kártyacsomag,扩展包,zh-CN
Kâhin,命运祭司,zh-CN
Kék erősítés,蓝霸符,zh-CN
Kích Cỡ Là Quan Trọng,尺寸至上,zh-CN
Kính Khóa Mục Tiêu,锁敌光学设备,zh-CN
Kính Nhắm Ma Pháp,视界专注,zh-CN
Könnyek patakja,泪流成河,zh-CN
Könyörtelen költség,恶意货币化,zh-CN
Kötü Niyetli Kazanç,恶意货币化,zh-CN
Kötü Yazılım Matrisi,恶意软件矩阵,zh-CN
Közös gyakorlás,假人化,zh-CN
Küldetés újrakezdése,重启任务,zh-CN
Küçük Benlik Aynası,次级镜像人格面具,zh-CN
Kılavuz,牧羊人,zh-CN
Kılavuz Amblemi,牧羊人纹章,zh-CN
Kılçık,鱼骨头,zh-CN
Kılıç Fazlalığı,大剑溢流,zh-CN
Kılıç İşçisi,剑之工匠,zh-CN
Kırmızı Güçlendirme,红霸符,zh-CN
Kısmen Büyülü Zar,轻量魔法投掷,zh-CN
Kısmi Yükseliş,部分飞升,zh-CN
Kıymetli Metaller,黑铁资产,zh-CN
Kızartma Tavası,金锅锅,zh-CN
Kẻ Sống Sót,幸存者,zh-CN
Kết Nối Drone,无人机上行链路,zh-CN
Kết Nối Gián Đoạn,别再错过,zh-CN
Kề Vai Sát Cánh,水乳交融,zh-CN
Kỳ Vọng Bất Ngờ,意料之中的意外,zh-CN
Kỷ Nguyên,新纪元,zh-CN
L'Albero dei tratti,羁绊树,zh-CN
L'amour du risque,冒险举动,zh-CN
L'atteso inaspettato,意料之中的意外,zh-CN
L'indomabile,顽强不屈,zh-CN
L'indomptable,顽强不屈,zh-CN
L'onore del Signore della guerra,猛将的荣耀,zh-CN
L'uovo dorato,金蛋,zh-CN
La Bramasangue,饮血剑,zh-CN
La Paciencia es una Virtud,耐心是一种美德,zh-CN
La Sanguinaria,饮血剑,zh-CN
La Torre,高塔,zh-CN
La Tour,高塔,zh-CN
La cumpărături,大买特买,zh-CN
La espera merece la pena,值得等待,zh-CN
La fortuna te sonríe,手气不错,zh-CN
La legge della mazza,权杖意志,zh-CN
La paciencia es una virtud,耐心是一种美德,zh-CN
La pazienza è una virtù,耐心是一种美德,zh-CN
La torre,高塔,zh-CN
La trama lo protege,应急护盾,zh-CN
La unión hace la fuerza,集结战队,zh-CN
Lacrima della dea,女神之泪,zh-CN
Lacrima zeiței,女神之泪,zh-CN
Lacrimi curgătoare,战时补给：女神之泪,zh-CN
Ladino,游侠,zh-CN
Ladungstransfer,充能转移,zh-CN
Lama maledetta,诅咒之刃,zh-CN
Lama mortale,死亡之刃,zh-CN
Lame d'infini,无尽之刃,zh-CN
Lame enragée de Guinsoo,鬼索的狂暴之刃,zh-CN
Lame funeste,死亡之刃,zh-CN
Lame maudite,诅咒之刃,zh-CN
Lame più letali,更要命的战刃,zh-CN
Lame rotanti,烁刃,zh-CN
Lames tueuses,更要命的战刃,zh-CN
Lance de Shojin,朔极之矛,zh-CN
Lancea lui Shojin,朔极之矛,zh-CN
Lancer de dés,意料之中的意外,zh-CN
Lancia di Shojin,朔极之矛,zh-CN
Lanetli Kılıç,诅咒之刃,zh-CN
Lanetli Taç,诅咒冠冕,zh-CN
Lanterna di Thresh,锤石的灯笼,zh-CN
Lanterna do Thresh,锤石的灯笼,zh-CN
Lanterne de Thresh,锤石的灯笼,zh-CN
Lanza de Shojin,朔极之矛,zh-CN
Lança de Shojin,朔极之矛,zh-CN
Largo plazo,遥遥领先,zh-CN
Larme de la déesse,女神之泪,zh-CN
Larmes à gogo,战时补给：女神之泪,zh-CN
Last Whisper,最后的轻语,zh-CN
Lastrapietra del gargoyle,石像鬼石板甲,zh-CN
Latarnia Thresha,锤石的灯笼,zh-CN
Late Game Scaling,后期收益,zh-CN
Late Game Specialist,后期专家,zh-CN
Latent Forge,休眠锻炉,zh-CN
Latente Schmiede,休眠锻炉,zh-CN
Le Méga-mecha,超级机甲,zh-CN
Le dimensioni contano,尺寸至上,zh-CN
Le prix du sang,午餐钱,zh-CN
LeBlanc,乐芙兰,zh-CN
Lebende Schmiede,活体锻炉,zh-CN
Lecciones de Boxeo,拳击课程,zh-CN
Lecsapó buzogány,强袭者的链枷,zh-CN
Leczące Echo,修复型回响,zh-CN
Leczące Kule,治疗法球,zh-CN
Lecții de box,拳击课程,zh-CN
Leerenhandschuh,虚空护手,zh-CN
Leerenstab,虚空之杖,zh-CN
Legie tří,三幻神,zh-CN
Legion Trójek,三幻神,zh-CN
Legion of Threes,三幻神,zh-CN
Legione dei tre,三幻神,zh-CN
Legiunea de trei,三幻神,zh-CN
Legião de Três,三幻神,zh-CN
Legión de Tres,三幻神,zh-CN
Legión del tres,三幻神,zh-CN
Legjobb barátok,最佳好友,zh-CN
Legământul cavalerului,骑士之誓,zh-CN
Legături ratate,别再错过,zh-CN
Leibwache-Training,利落保镖,zh-CN
Lekce v boxu,拳击课程,zh-CN
Lekko Magiczny Rzut,轻量魔法投掷,zh-CN
Lekésett csatlakozás,别再错过,zh-CN
Lelkek ébredése,灵魂唤醒,zh-CN
Lendületes kezdés,博弈开启,zh-CN
Lenyúlás,挖角,zh-CN
Leo Hạng,攀登天梯,zh-CN
Leona,蕾欧娜,zh-CN
Lesser Mirrored Persona,次级镜像人格面具,zh-CN
Letzter Atemzug,最后的轻语,zh-CN
Level Up!,升级咯！,zh-CN
Leveleando en solitario,独自升级,zh-CN
Lezioni di pugilato,拳击课程,zh-CN
Leçons de combat,宝宝学院,zh-CN
Leże Barona,男爵幻域,zh-CN
Liaison cybernétique,源计划上行链路,zh-CN
Liaison de drone,无人机上行链路,zh-CN
Lich Bane,巫妖之祸,zh-CN
Lich Boğan,巫妖之祸,zh-CN
Lichtschild-Wappen,光盾徽章,zh-CN
Lightshield Arması,光盾徽章,zh-CN
Lightshield Crest,光盾徽章,zh-CN
Ligne de front,拳击课程,zh-CN
Limiar da Noite,夜之锋刃,zh-CN
Limite da Razão,智慧末刃,zh-CN
Linceul d'apaisement,静止法衣,zh-CN
Linceul de la congruence,薄暮法袍,zh-CN
Lineup,列队,zh-CN
Linh Hoạt,灵活摇摆,zh-CN
Linh Hồn Chuộc Tội,救赎盔甲,zh-CN
Linh Thú Vào Bếp,锅铲厨房,zh-CN
Linie de înaltă tensiune,高压电,zh-CN
Linterna de Thresh,锤石的灯笼,zh-CN
Liquidación,火爆甩卖,zh-CN
Lissandra,丽桑卓,zh-CN
Listă duo,双排,zh-CN
Lithoplastron de gargouille,石像鬼石板甲,zh-CN
Lithoplastron solo,单身板甲,zh-CN
Litinová pánev,金锅锅,zh-CN
Little Buddies,小伙伴,zh-CN
Living Forge,活体锻炉,zh-CN
Liên Hoàn Tinh Tú,星界连招,zh-CN
Llamada al caos,混沌召唤,zh-CN
Llamado al Caos,混沌召唤,zh-CN
Llora Todo lo que Quieras,泪流成河,zh-CN
Locket of the Iron Solari,钢铁烈阳之匣,zh-CN
Longo Prazo,遥遥领先,zh-CN
Loto Adornado,珠光莲花,zh-CN
Loto enjoyado,珠光莲花,zh-CN
Loto ingioiellato,珠光莲花,zh-CN
Lottatore professionista,赏金战士,zh-CN
Lotus cu nestemate,珠光莲花,zh-CN
Lotus précieux,珠光莲花,zh-CN
Loupež základních předmětů,散件丰收日,zh-CN
Lourde est la couronne,王冠之重,zh-CN
Lov pokladů,寻宝,zh-CN
Lovagi eskü,骑士之誓,zh-CN
Lovcův dráp,暗行者之爪,zh-CN
Luchador,斗士,zh-CN
Lucidité,清晰头脑,zh-CN
Lucky Gloves,幸运手套,zh-CN
Luden vihara,卢登的激荡,zh-CN
Luden'in Çığlığı,卢登的激荡,zh-CN
Luden's Tempest,卢登的激荡,zh-CN
Ludenova bouře,卢登的激荡,zh-CN
Ludens Sturm,卢登的激荡,zh-CN
Luksusowa Subskrypcja,奢侈品订购,zh-CN
Lulu,璐璐,zh-CN
Lumina stelelor,观星者,zh-CN
Lunch Money,午餐钱,zh-CN
Lunetist,狙神,zh-CN
Lungimiranza,前瞻思维,zh-CN
Lustrzana Osobowość,镜像人格面具,zh-CN
Lutador,斗士,zh-CN
Lutador Profissional,赏金战士,zh-CN
Luvas da Sorte,幸运手套,zh-CN
Luvas do Ladrão,窃贼手套,zh-CN
Luvas do Pugilista,拳套,zh-CN
Luvinhas,连指手套,zh-CN
Luxury Subscription,奢侈品订购,zh-CN
Luxus előfizetés,奢侈品订购,zh-CN
Luxus-Abonnement,奢侈品订购,zh-CN
Luxusní předplatné,奢侈品订购,zh-CN
Lá Chắn Chiến Thuật,金锅锅冠冕,zh-CN
Lábrate un camino,战时补给：暴风大剑,zh-CN
Lágrima da Deusa,女神之泪,zh-CN
Lágrima de la Diosa,女神之泪,zh-CN
Lágrima de la diosa,女神之泪,zh-CN
Lágrimas Abundantes,战时补给：女神之泪,zh-CN
Lángoló kohó,活体锻炉,zh-CN
Lâmina Amaldiçoada,诅咒之刃,zh-CN
Lâmina Mortal,死亡之刃,zh-CN
Lâmina da Fúria de Guinsoo,鬼索的狂暴之刃,zh-CN
Lâminas Fatais,更要命的战刃,zh-CN
Légion des trois,三幻神,zh-CN
Lélek,幻灵战队,zh-CN
Lélek embléma,幻灵战队纹章,zh-CN
Lélekparancsnok,幻灵指挥官,zh-CN
Léčivá oka,治疗法球,zh-CN
Léčivé ozvěny,修复型回响,zh-CN
Lò Rèn Thăng Hoa,神赐锻炉,zh-CN
Lò Rèn Thần Thoại,便携锻炉,zh-CN
Lò Rèn Tiềm Ẩn,休眠锻炉,zh-CN
Lótus Adornada,珠光莲花,zh-CN
Lõi Bình Minh,黎明核心,zh-CN
Lüks Aboneliği,奢侈品订购,zh-CN
Lấy Công Bù Thủ,玻璃大炮,zh-CN
Lập Đội,集结战队,zh-CN
Lễ Vật Tái Chế,斗神的恩赐,zh-CN
Lệ Lưu Ly,战时补给：女神之泪,zh-CN
Lệch Chuẩn,异类,zh-CN
Lồng Đèn Của Thresh,锤石的灯笼,zh-CN
Lời Thề Hiệp Sĩ,骑士之誓,zh-CN
Lời Thề Hộ Vệ,圣盾使的誓约,zh-CN
Lựa Chọn Độc Quyền,专属定制,zh-CN
M.C. Spada,暴风之剑,zh-CN
Ma Thuật Đan Kết,纺织魔法,zh-CN
Ma Trận Mã Độc,恶意软件矩阵,zh-CN
Mace's Will,权杖意志,zh-CN
Maceracının Pazubendi,探索者的护臂,zh-CN
Machadinha Infernal,恶火小斧,zh-CN
Maestro Yi,易,zh-CN
Magasfeszültség,高压电,zh-CN
Magasztos kaland,崇高冒险,zh-CN
Magia Tejida,纺织魔法,zh-CN
Magia entretejida,纺织魔法,zh-CN
Magiczny Rzut,魔法投掷,zh-CN
Magie întrepătrunsă,纺织魔法,zh-CN
Magitechnická puškočepel,海克斯科技枪刃,zh-CN
Mailles en or,金霖龙,zh-CN
Main de la justice,正义之手,zh-CN
Makeshift Armor,应急护甲,zh-CN
Mal Kurtarma,打捞桶,zh-CN
Malandro Radiante,光明无赖,zh-CN
Maldición del Liche,巫妖之祸,zh-CN
Mali Tytani,小巨人,zh-CN
Malicious Monetization,恶意货币化,zh-CN
Malware Matrix,恶意软件矩阵,zh-CN
Malware-Matrix,恶意软件矩阵,zh-CN
Malwarová matice,恶意软件矩阵,zh-CN
Malá dárková taška,小小福袋,zh-CN
Malí kámoši,小伙伴,zh-CN
Mana magique,纺织魔法,zh-CN
Manechin de antrenament,训练假人,zh-CN
Manechine animate,碰撞测试假人,zh-CN
Manechinizare,假人化,zh-CN
Mangual del Guerrero,强袭者的链枷,zh-CN
Mangual del guerrero,强袭者的链枷,zh-CN
Mangual do Guerreiro,强袭者的链枷,zh-CN
Mannequin d'entraînement,训练假人,zh-CN
Mannequinification,假人化,zh-CN
Mannequins de choc,碰撞测试假人,zh-CN
Mano de la Justicia,正义之手,zh-CN
Mano de la justicia,正义之手,zh-CN
Mano della giustizia,正义之手,zh-CN
Manopla Adornada,珠光护手,zh-CN
Manopla do Vazio,虚空护手,zh-CN
Manteau de Négatron,负极斗篷,zh-CN
Manteau de la nuit,夜之锋刃,zh-CN
Mantello del Sole,日炎斗篷,zh-CN
Mantello dello stratega,金锅铲冠冕,zh-CN
Mantello di Negatron,负极斗篷,zh-CN
Mantenerse unidos,联合作战,zh-CN
Mantenha a Posição,坚守防线,zh-CN
Manter a União,联合作战,zh-CN
Mantia tacticianului,金锅铲冠冕,zh-CN
Mantie Negatron,负极斗篷,zh-CN
Mantie solară,日炎斗篷,zh-CN
Manto da Imobilidade,静止法衣,zh-CN
Manto de Quietud,静止法衣,zh-CN
Manto del Ocaso,薄暮法袍,zh-CN
Mantén la Posición,坚守防线,zh-CN
Maokai,茂凯,zh-CN
Maratona de Compras,大买特买,zh-CN
Marauder,狂战士,zh-CN
Marauder Emblem,狂战士纹章,zh-CN
Maraudeur,狂战士,zh-CN
Marchando un doble,由二生D,zh-CN
Mare și amenințătoare,大而有力,zh-CN
Marguereep,小木灵,zh-CN
Marioneta Sombría,暗影木偶,zh-CN
Marioneta en las sombras,暗影木偶,zh-CN
"Marioneta, to jsem já",假人化,zh-CN
Marionete das Sombras,暗影木偶,zh-CN
Marodeur,狂战士,zh-CN
Marodeur-Emblem,狂战士纹章,zh-CN
Martalóc,狂战士,zh-CN
Martalóc embléma,狂战士纹章,zh-CN
Maruderzy,狂战士,zh-CN
Master Yi,易,zh-CN
Masz Mój Łuk,吾弓听命于您,zh-CN
Mata-Gigantes,巨人杀手,zh-CN
Matador de Aluguel,职业杀手,zh-CN
Matrice,恶意软件矩阵,zh-CN
Matrice malware,恶意软件矩阵,zh-CN
Matriz de Malware,恶意软件矩阵,zh-CN
Matriz de malware,恶意软件矩阵,zh-CN
Matryca Wirusa,恶意软件矩阵,zh-CN
Mavi Güçlendirme,蓝霸符,zh-CN
Max Build,顶尖构筑,zh-CN
Maximale Ausrüstung,顶尖构筑,zh-CN
May the Fours Be With You,愿四费与你同在,zh-CN
Mazzafrusto dell'Assaltatore,强袭者的链枷,zh-CN
Maître Yi,易,zh-CN
Maîtrise de l'artisanat,精心打造,zh-CN
Maîtrise de l'épée de Yasuo,亚索的剑艺,zh-CN
Mała Torba z Różnościami,小小福袋,zh-CN
"Małe, Ale Zabójcze",小而致命,zh-CN
Mech,霸天机甲,zh-CN
Mecha,霸天机甲,zh-CN
Mechanický urychlovač,发条增速器,zh-CN
Mechanikus gyorsító,发条增速器,zh-CN
Mechy,霸天机甲,zh-CN
Medaglione dei Solari di ferro,钢铁烈阳之匣,zh-CN
Medaglione diramante,激发之匣,zh-CN
Medailon stimulace,激发之匣,zh-CN
Medailónek železných Solari,钢铁烈阳之匣,zh-CN
Medalhão Enervante,激发之匣,zh-CN
Medalhão dos Solari de Ferro,钢铁烈阳之匣,zh-CN
Medalion stimulant,激发之匣,zh-CN
Medallón de los Solari,钢铁烈阳之匣,zh-CN
Medallón estimulante,激发之匣,zh-CN
Mediator,法官,zh-CN
Medyum,神谕,zh-CN
Medyum Modu,神谕模式,zh-CN
Meep Cực Tốc,飙速木灵,zh-CN
Meeple,木灵族,zh-CN
Meeple Emblem,木灵族纹章,zh-CN
Meeple-Emblem,木灵族纹章,zh-CN
Meeplo,木灵族,zh-CN
Meepsie,小木灵,zh-CN
Megamecha,超级机甲,zh-CN
Megamorfosis,变形重组器,zh-CN
Megrontott vámpírjogar,黑暗吸血鬼节杖,zh-CN
Megszálló Zed,天煞灭影：劫,zh-CN
Megtorlás,正义报复,zh-CN
Megváltó,救世主,zh-CN
Megéri a várakozást,值得等待,zh-CN
Megújult erő,复苏之风,zh-CN
Meilleurs amis,最佳好友,zh-CN
Mejora Roja,红霸符,zh-CN
Mejora azul,蓝霸符,zh-CN
Mejora roja,红霸符,zh-CN
Mejores Amigos,最佳好友,zh-CN
Mejores amiguis,最佳好友,zh-CN
Meka,霸天机甲,zh-CN
Mekanik Hızlandırıcı,发条增速器,zh-CN
Melek Asası,炽天使之拥,zh-CN
Melhores Amigos,最佳好友,zh-CN
Mellékhatások,副作用,zh-CN
Mending Echoes,修复型回响,zh-CN
Mente Despejada,清晰头脑,zh-CN
Mente Saturada,纷乱头脑,zh-CN
Mente Vazia,清晰头脑,zh-CN
Mente confusa,纷乱头脑,zh-CN
Mente despejada,清晰头脑,zh-CN
Mente lucida,清晰头脑,zh-CN
Mente saturada,纷乱头脑,zh-CN
Menší Zrcadlová osobnost,次级镜像人格面具,zh-CN
Mercure,水银,zh-CN
Mercúrio,水银,zh-CN
Merită așteptarea,值得等待,zh-CN
Merkezini Bul,C位的觉悟,zh-CN
Merodeador,狂战士,zh-CN
Merész húzás,冒险举动,zh-CN
Mesada,午餐钱,zh-CN
Messa in moto,博弈开启,zh-CN
Mesterlövész,狙神,zh-CN
Mesterlövész embléma,狙神纹章,zh-CN
Meu Arco é Seu,吾弓听命于您,zh-CN
Meșter de săbii,剑之工匠,zh-CN
Meșter de toiege,杖之工匠,zh-CN
Mi arco a tu servicio,吾弓听命于您,zh-CN
Mici titani,小巨人,zh-CN
Mici și letale,小而致命,zh-CN
Micincik,小木灵,zh-CN
Micingil,木灵族,zh-CN
Micingil Amblemi,木灵族纹章,zh-CN
Miecz-Pistolet Hextech,海克斯科技枪刃,zh-CN
Miecznik,剑之工匠,zh-CN
Mieczowy Przesyt,大剑溢流,zh-CN
Miezul zorilor,黎明核心,zh-CN
Migliori amici,最佳好友,zh-CN
Migoczące Ostrze,烁刃,zh-CN
Milagre de Soraka,索拉卡的奇迹,zh-CN
Milagro de Soraka,索拉卡的奇迹,zh-CN
Milio,米利欧,zh-CN
Min-Max,可大可小,zh-CN
Min-max,可大可小,zh-CN
Mindent egyre,点击即送,zh-CN
Mini Black Hole,迷你黑洞,zh-CN
Mini Buco nero,迷你黑洞,zh-CN
Mini Czarna Dziura,迷你黑洞,zh-CN
Mini Kara Delik,迷你黑洞,zh-CN
Mini Titani,小巨人,zh-CN
Mini fekete lyuk,迷你黑洞,zh-CN
Mini gaură neagră,迷你黑洞,zh-CN
Mini trou noir,迷你黑洞,zh-CN
Mini černá díra,迷你黑洞,zh-CN
Mini-Tacticien,最小巨人,zh-CN
Miniagujero Negro,迷你黑洞,zh-CN
Miniburaco Negro,迷你黑洞,zh-CN
Minik Ama Ölümcül,小而致命,zh-CN
Minik Devler,小巨人,zh-CN
Minik Dostlar,小伙伴,zh-CN
Minititanes,小巨人,zh-CN
Minititã,最小巨人,zh-CN
Minte aglomerată,纷乱头脑,zh-CN
Minte limpede,清晰头脑,zh-CN
Mip,木灵族,zh-CN
Mipim,小木灵,zh-CN
Miplík,木灵族,zh-CN
Mipo,木灵族,zh-CN
Mippino,小木灵,zh-CN
Mipík,小木灵,zh-CN
Mira Óptica,锁敌光学设备,zh-CN
Miracle de Soraka,索拉卡的奇迹,zh-CN
Miracolo di Soraka,索拉卡的奇迹,zh-CN
Miracolul Sorakăi,索拉卡的奇迹,zh-CN
Mirrored Persona,镜像人格面具,zh-CN
Misfits,异类,zh-CN
Misiune în acțiune,重启任务,zh-CN
Miss Fortune,厄运小姐,zh-CN
Missed Connections,别再错过,zh-CN
Mistr Yi,易,zh-CN
Mitones,连指手套,zh-CN
Mittens,连指手套,zh-CN
Mniejsza Lustrzana Osobowość,次级镜像人格面具,zh-CN
Mniejszy Tytan,最小巨人,zh-CN
Mobilidade Crescente,上进心,zh-CN
Mobilità aumentata,上进心,zh-CN
Mocný mech,超级机甲,zh-CN
Modalità Convogliatore,神谕模式,zh-CN
Modalità replicante,魔术师模式,zh-CN
Modalità sfidante,挑战者模式,zh-CN
Mode Canalisateur,神谕模式,zh-CN
Mode Challenger,挑战者模式,zh-CN
Mode Réplicateur,魔术师模式,zh-CN
Modo Canalizador,神谕模式,zh-CN
Modo Conduíte,神谕模式,zh-CN
Modo Desafiante,挑战者模式,zh-CN
Modo Replicador,魔术师模式,zh-CN
Modo Retador,挑战者模式,zh-CN
Modo conducto,神谕模式,zh-CN
Modo contienda,挑战者模式,zh-CN
Modo réplica,魔术师模式,zh-CN
Modrý buff,蓝霸符,zh-CN
Modul de competitor,挑战者模式,zh-CN
Modul de intermediar,神谕模式,zh-CN
Modul de replicator,魔术师模式,zh-CN
Mon arc est vôtre,吾弓听命于您,zh-CN
Monetización Maligna,恶意货币化,zh-CN
Monetización malvada,恶意货币化,zh-CN
Monetizare ostilă,恶意货币化,zh-CN
Monetização Maliciosa,恶意货币化,zh-CN
Monetizzazione infida,恶意货币化,zh-CN
Money Hungry,贪财,zh-CN
Money Monsoon,摇钱树,zh-CN
Monsoni sonanti,摇钱树,zh-CN
Monte um Amigo,来个好伙计,zh-CN
Monzón Millonario,摇钱树,zh-CN
Monzón de oro,摇钱树,zh-CN
Monção Monetária,摇钱树,zh-CN
Monétisation malveillante,恶意货币化,zh-CN
Mordekaiser,莫德凯撒,zh-CN
Morellonomicon,莫雷洛秘典,zh-CN
Morellonomicón,莫雷洛秘典,zh-CN
Morellonomikon,莫雷洛秘典,zh-CN
Morgana,莫甘娜,zh-CN
Mortaja de la quietud,薄暮法袍,zh-CN
Mosse rischiose,冒险举动,zh-CN
Moufles,连指手套,zh-CN
Movimentos Arriscados,冒险举动,zh-CN
Mroczna Dama,黑暗魔女,zh-CN
Mroczne Gwiazdy,暗星,zh-CN
Mudando de Área,节外生枝,zh-CN
Muffole,连指手套,zh-CN
Muhafızın Adağı,圣盾使的誓约,zh-CN
Muhteşem Meka,超级机甲,zh-CN
Muson de bani,摇钱树,zh-CN
Mutări riscante,冒险举动,zh-CN
Muñeco de Entrenamiento,训练假人,zh-CN
Muñecos de Prueba para Choques,碰撞测试假人,zh-CN
Mučedníkova ctnost,殉道美德,zh-CN
Myślenie Przyszłościowe,前瞻思维,zh-CN
Mártírerény,殉道美德,zh-CN
Másolás,反响,zh-CN
Másoló,魔术师,zh-CN
Másoló mód,魔术师模式,zh-CN
Máy Móc,霸天机甲,zh-CN
Máš můj luk,吾弓听命于您,zh-CN
Mâna justiției,正义之手,zh-CN
Mão da Justiça,正义之手,zh-CN
Médaillon d'excitation,激发之匣,zh-CN
Médaillon de l'Iron Solari,钢铁烈阳之匣,zh-CN
Mételyékkő,枯萎珠宝,zh-CN
Mínimo - Máximo,可大可小,zh-CN
Mínimo/Máximo,可大可小,zh-CN
Mírně magický hod,轻量魔法投掷,zh-CN
Món Quà Ngọt Ngào,甜点,zh-CN
Móng Vuốt Sterak,斯特拉克的挑战护手,zh-CN
Móng Vuốt Ám Muội,暗行者之爪,zh-CN
Mögen die Vier mit dir sein,愿四费与你同在,zh-CN
Mücevherli Eldiven,珠光护手,zh-CN
Mücevherli Nilüfer,珠光莲花,zh-CN
Müdafi,堡垒卫士,zh-CN
Müdafi Amblemi,堡垒卫士纹章,zh-CN
Mănușa Vidului,虚空护手,zh-CN
Mănușa cu nestemate,珠光护手,zh-CN
Mănuși de antrenament,拳套,zh-CN
Mănuși norocoase,幸运手套,zh-CN
Mănuși strașnice,连指手套,zh-CN
Mănușile tâlharului,窃贼手套,zh-CN
Mărimea contează,尺寸至上,zh-CN
Mũ Phù Thủy Rabadon,灭世者的死亡之帽,zh-CN
Mũ Thích Nghi,适应性头盔,zh-CN
Mũ Tử Thần,更要命的帽子,zh-CN
"Một Bùa, Hai Bùa",1个霸符，2个霸符,zh-CN
Một Hai Ba,一，二，三,zh-CN
"Một, Hai, Năm!",一，二，五！,zh-CN
Mở Lối,战时补给：暴风大剑,zh-CN
N.O.V.A,新星特攻队,zh-CN
N.O.V.A.,新星特攻队,zh-CN
N.O.V.A. Amblemi,新星特攻队纹章,zh-CN
N.O.V.A. Emblem,新星特攻队纹章,zh-CN
N.O.V.A. embléma,新星特攻队纹章,zh-CN
N.O.V.A. 상징,新星特攻队纹章,zh-CN
N.O.V.A.-Emblem,新星特攻队纹章,zh-CN
N.O.V.A.の紋章,新星特攻队纹章,zh-CN
N.O.V.A.徽章,新星特攻队纹章,zh-CN
NHẮM MẮT CHƠI BỪA,不侦察，不变阵,zh-CN
NO SCOUT NO PIVOT,不侦察，不变阵,zh-CN
Na velikosti záleží,尺寸至上,zh-CN
Nach dem Himmel greifen,摘星之志,zh-CN
Nada Się,有用之材,zh-CN
Nagy zsákbamacska,大百宝袋,zh-CN
Nagy ölelés I.,拥抱,zh-CN
Najdi své těžiště,C位的觉悟,zh-CN
Najeźdźca Zed,天煞灭影：劫,zh-CN
Najlepsi Przyjaciele,最佳好友,zh-CN
Nami,娜美,zh-CN
Nanh Nashor,纳什之牙,zh-CN
Naptűz köpeny,日炎斗篷,zh-CN
Naptűz tábla,日炎棋盘,zh-CN
Naramiennik Poszukiwacza,探索者的护臂,zh-CN
Narozeninové setkání,生日聚会,zh-CN
Narratív védelem,应急护盾,zh-CN
Narušitel Zed,天煞灭影：劫,zh-CN
Nashor foga,纳什之牙,zh-CN
Nashor's Tooth,纳什之牙,zh-CN
Nashor'un Dişi,纳什之牙,zh-CN
Nashors Zahn,纳什之牙,zh-CN
Nashorův tesák,纳什之牙,zh-CN
Nasus,内瑟斯,zh-CN
Naszyjnik Żelaznych Solari,钢铁烈阳之匣,zh-CN
Nawałnica Luden,卢登的激荡,zh-CN
Ne Pahasına?,不计代价,zh-CN
Nebenwirkungen,副作用,zh-CN
Needlessly Large Rod,无用大棒,zh-CN
Negatron Cloak,负极斗篷,zh-CN
Negatron Pelerini,负极斗篷,zh-CN
Negatron palást,负极斗篷,zh-CN
Negatron-Mantel,负极斗篷,zh-CN
Negatronový plášť,负极斗篷,zh-CN
Nehéz a korona,王冠之重,zh-CN
Nejlepší přátelé,最佳好友,zh-CN
Nejtitěrnější titán,最小巨人,zh-CN
Nekonečné zoufalství,无终恨意,zh-CN
Nenasytnost,贪财,zh-CN
Neodvolatelná volba,硬性承诺,zh-CN
Neopotřebovaný,军工1号,zh-CN
Neue Stufe!,升级咯！,zh-CN
Neuer Rekrut,新人入队,zh-CN
Nevybíravý zabiják,无差别攻击,zh-CN
New Recruit,新人入队,zh-CN
Nezdolný,幸存者,zh-CN
Nezdolný,顽强不屈,zh-CN
Nezlomné srdce,坚定之心,zh-CN
Neînduplecare,顽强不屈,zh-CN
Nghĩ Về Tương Lai,前瞻思维,zh-CN
Người Bạn Vàng,挑个好伙计！,zh-CN
Người Đá,魔像,zh-CN
Ngọn Giáo Shojin,朔极之矛,zh-CN
Ngọn Gió Thứ Hai,复苏之风,zh-CN
Nhà Máy Tái Chế,打捞桶,zh-CN
Nhân Bản,魔术师,zh-CN
Nhân Bản,反响,zh-CN
Nhất Thống,联合作战,zh-CN
Nhỏ Mà Có Võ,小而致命,zh-CN
Những Người Bạn Nhỏ,小伙伴,zh-CN
Nicht nachlassen,坚守防线,zh-CN
Niebieskie Wzmocnienie,蓝霸符,zh-CN
Niech Czwórki Będą z Tobą,愿四费与你同在,zh-CN
Nieprzerwane Przywołanie,战时补给：无用大棒,zh-CN
Nieskończona Rozpacz,无终恨意,zh-CN
Niezłomne Serce,坚定之心,zh-CN
Niezłomność,顽强不屈,zh-CN
Niveau supérieur !,升级咯！,zh-CN
Niveles en solitario,独自升级,zh-CN
Nivelul următor!,升级咯！,zh-CN
Ničitel času,未来战士,zh-CN
Nişancı Yayı,反曲之弓,zh-CN
No nos Separamos,水乳交融,zh-CN
Non proprio inutile,有用之材,zh-CN
Nos mantenemos unidos,水乳交融,zh-CN
Notfallbögen,战时补给：反曲之弓,zh-CN
Nouveau départ,重启任务,zh-CN
Nouvelle recrue,新人入队,zh-CN
Nouzová,智慧末刃,zh-CN
Novo Nível!,升级咯！,zh-CN
Novo Recruta,新人入队,zh-CN
Novo de Fábrica,军工1号,zh-CN
Nová úroveň!,升级咯！,zh-CN
Nový rekrut,新人入队,zh-CN
Nowy Rekrut,新人入队,zh-CN
Nucleo dell'alba,黎明核心,zh-CN
Nuevecito,军工1号,zh-CN
Nuevo Recluta,新人入队,zh-CN
Nuevo de Fábrica,军工1号,zh-CN
Nuevo recluta,新人入队,zh-CN
Nunu & Willump,努努和威朗普,zh-CN
Nunu a Willump,努努和威朗普,zh-CN
Nunu e Willump,努努和威朗普,zh-CN
Nunu et Willump,努努和威朗普,zh-CN
Nunu i Willump,努努和威朗普,zh-CN
Nunu ve Willump,努努和威朗普,zh-CN
Nunu y Willump,努努和威朗普,zh-CN
Nunu és Willump,努努和威朗普,zh-CN
Nunu și Willump,努努和威朗普,zh-CN
Nuova recluta,新人入队,zh-CN
Nuovo di zecca,军工1号,zh-CN
NÃO PIVOTO,不侦察，不变阵,zh-CN
NÉ ESPLORATORE NÉ STRATEGA,不侦察，不变阵,zh-CN
Nájemný zabiják,职业杀手,zh-CN
Nákupní horečka,大买特买,zh-CN
Nálož atributů!,成吨的属性！,zh-CN
Nástup,列队,zh-CN
Nâng Tầm Uy Lực,强化之能量,zh-CN
Négységben az erő,四费增援,zh-CN
Núcleo Comercial,贸易中心,zh-CN
Núcleo comercial,贸易中心,zh-CN
Núcleo de Negócios,贸易中心,zh-CN
Născut înțelept,银汤匙,zh-CN
Nước Cappa,帽子饮品,zh-CN
Nước Mắt Nữ Thần,女神之泪,zh-CN
Nước Đi Liều Lĩnh,冒险举动,zh-CN
Nếm Mùi Lửa,火上浇油,zh-CN
Nỏ Sét,离子火花,zh-CN
O Big Bang,宇宙大爆炸,zh-CN
O Ovo Dourado,金蛋,zh-CN
O aventură triumfătoare,崇高冒险,zh-CN
Obchodní sektor,DD街区,zh-CN
Obiectele Pandorei,潘朵拉的装备,zh-CN
Objetivización de práctica,假人化,zh-CN
Objetivo de práctica,训练假人,zh-CN
Objetos de Pandora,潘朵拉的装备,zh-CN
Objets blindés,甜点,zh-CN
Objets de Pandore,潘朵拉的装备,zh-CN
Oblicze Ducha,振奋盔甲,zh-CN
Obracečka,金铲铲,zh-CN
Obrońca Korony,冕卫,zh-CN
Obrońcy,重装战士,zh-CN
Obrův opasek,巨人腰带,zh-CN
Obserwatorzy Gwiazd,观星者,zh-CN
Obsesia lui Varus,韦鲁斯的执念,zh-CN
Obsesión de Varus,韦鲁斯的执念,zh-CN
Obsesja Varusa,韦鲁斯的执念,zh-CN
Obsession de Varus,韦鲁斯的执念,zh-CN
Obsessão de Varus,韦鲁斯的执念,zh-CN
Obstinación,不侦察，不变阵,zh-CN
Obstination,不侦察，不变阵,zh-CN
Obumarły Relikt,枯萎圣物,zh-CN
Obyczajówka,人生切片,zh-CN
Ocalały,幸存者,zh-CN
Ocağı Harla,休眠锻炉,zh-CN
Ochrana nekonečna,三相庇护,zh-CN
Ochranný val,暮光铁壁,zh-CN
Ochrona Nieskończoności,三相庇护,zh-CN
Ochráncův slib,圣盾使的誓约,zh-CN
Ociosidade,开摆,zh-CN
Oczekiwane Nieoczekiwanie,意料之中的意外,zh-CN
Océan de larmes,泪流成河,zh-CN
Odaklı Ateş,集中火力,zh-CN
Odkupiciel,救世主,zh-CN
Odkupienie,正义报复,zh-CN
Odnajdź Równowagę,C位的觉悟,zh-CN
Odolná dvojka,坦度成双,zh-CN
Odpadlík,游侠,zh-CN
Odplata,正义报复,zh-CN
Odražení ode dna,绝境反击,zh-CN
Odrzutki,异类,zh-CN
Odstřelovač,狙神,zh-CN
Odświeżanie na Zapas,D个痛快！,zh-CN
Oferenda de Sangue,鲜血祭品,zh-CN
Offrande sanguinaire,鲜血祭品,zh-CN
Ofiara z Krwi,鲜血祭品,zh-CN
Ofrandă de sânge,鲜血祭品,zh-CN
Ofrenda de Sangre,鲜血祭品,zh-CN
Ofrenda de sangre,鲜血祭品,zh-CN
Oggetti di Pandora,潘朵拉的装备,zh-CN
Ognista Armata,疾射火炮,zh-CN
Ohnivý výprodej,火爆甩卖,zh-CN
Okos költekezés,明智消费,zh-CN
On a Roll,升星之运,zh-CN
Onda Espacial,太空律动,zh-CN
Onda espacial,太空律动,zh-CN
"One Buff, Two Buff",1个霸符，2个霸符,zh-CN
One Two Three,一，二，三,zh-CN
"One, Two, Five!",一，二，五！,zh-CN
Onoarea războinicului,猛将的荣耀,zh-CN
Opatrovníkův spojenec,游神的盟友,zh-CN
Oprýskaná relikvie,枯萎圣物,zh-CN
Optică de fixare a țintei,锁敌光学设备,zh-CN
Optimisation optimisée,强化之能量,zh-CN
Optique de verrouillage,锁敌光学设备,zh-CN
Optyka Namierzająca,锁敌光学设备,zh-CN
Optymalnie,可大可小,zh-CN
Opóźniona Kuźnia,休眠锻炉,zh-CN
Oracle,命运祭司,zh-CN
Oracol,命运祭司,zh-CN
Oracolo,命运祭司,zh-CN
Orakel,命运祭司,zh-CN
Orbes Curativos,治疗法球,zh-CN
Orbes curativos,治疗法球,zh-CN
Orbes de curación,治疗法球,zh-CN
Orbes de soins,治疗法球,zh-CN
Ornn,奥恩,zh-CN
Oráculo,命运祭司,zh-CN
Osiłki,斗士,zh-CN
Ossessione di Varus,韦鲁斯的执念,zh-CN
Ostatni Szept,最后的轻语,zh-CN
Ostnatá vesta,棘刺背心,zh-CN
Ostoja,暮光铁壁,zh-CN
Ostrze Gniewu Guinsoo,鬼索的狂暴之刃,zh-CN
Ostrze Nieskończoności,无尽之刃,zh-CN
Ostrze Nocy,夜之锋刃,zh-CN
Ostrze Śmierci,死亡之刃,zh-CN
Ostří nekonečna,无尽之刃,zh-CN
Otimização,可大可小,zh-CN
Otisk duše,振奋盔甲,zh-CN
Ottica a puntamento assistito,锁敌光学设备,zh-CN
Oul de aur,金蛋,zh-CN
Očekávaná neočekávanost,意料之中的意外,zh-CN
Oštěp Šódžinu,朔极之矛,zh-CN
Oțel aurit,镀金钢铁,zh-CN
P'tits titans,小巨人,zh-CN
Pacchetto di aiuti,关爱包裹,zh-CN
Pachet de amplificare,扩展包,zh-CN
Pachet de îngrijire,关爱包裹,zh-CN
Paciencia de Ekko,艾克的耐心,zh-CN
Paciência de Ekko,艾克的耐心,zh-CN
Pacote de Reforço,扩展包,zh-CN
Pacote de Suprimentos,关爱包裹,zh-CN
Pact etern,永恒契约,zh-CN
Pacte éternel,永恒契约,zh-CN
Pacto Eterno,永恒契约,zh-CN
Pacto eterno,永恒契约,zh-CN
Paczka Wsparcia,关爱包裹,zh-CN
Padella,金锅锅,zh-CN
Paff!,邦！,zh-CN
Palier 1,别再错过,zh-CN
Palčáky,连指手套,zh-CN
Panca di Pandora,潘朵拉的备战席,zh-CN
Panda de ladrones,窃贼帮派,zh-CN
Panda de ladrones II,窃贼帮派 II,zh-CN
Pandora kispadja,潘朵拉的备战席,zh-CN
Pandora tárgyai II.,潘朵拉的装备,zh-CN
Pandora'nın Eşyaları,潘朵拉的装备,zh-CN
Pandora'nın Yedekleri,潘朵拉的备战席,zh-CN
Pandora's Bench,潘朵拉的备战席,zh-CN
Pandora's Items,潘朵拉的装备,zh-CN
Pandoras Bank,潘朵拉的备战席,zh-CN
Pandoras Gegenstände,潘朵拉的装备,zh-CN
Pandořina střídačka,潘朵拉的备战席,zh-CN
Pandořiny předměty,潘朵拉的装备,zh-CN
Pantheon,潘森,zh-CN
Panzerwalküre,武装战姬,zh-CN
Paquete de Cuidados,关爱包裹,zh-CN
Paquete de Mejora,扩展包,zh-CN
Paquete de mejora,扩展包,zh-CN
Par ici l'XP,银汤匙,zh-CN
Parabraccia del cercatore,探索者的护臂,zh-CN
Paragöz,贪财,zh-CN
Parancsnok,最高指挥官,zh-CN
Parceria,集结战队,zh-CN
Pariu de aur,黄金赌约,zh-CN
Pariu pe viitor,遥遥领先,zh-CN
Pariul lui Urf,海牛阿福的锅铲战术,zh-CN
Parlakpul Özü,金鳞精粹,zh-CN
Partage emblématique,水乳交融,zh-CN
Parti Patisi,汪星机器人,zh-CN
Partial Ascension,部分飞升,zh-CN
Partiállat,汪星机器人,zh-CN
Party Animal,汪星机器人,zh-CN
Partytiger,汪星机器人,zh-CN
Pas Giganta,巨人腰带,zh-CN
Pas le choix,不计代价,zh-CN
Pasowy Przesyt,腰带溢流,zh-CN
Pasterze,牧羊人,zh-CN
Pastor,牧羊人,zh-CN
Pastore,牧羊人,zh-CN
Pastýř,牧羊人,zh-CN
Patelnia,金锅锅,zh-CN
Patience,低调炫耀,zh-CN
Patience d'Ekko,艾克的耐心,zh-CN
Patience is a Virtue,耐心是一种美德,zh-CN
Patient Study,耐心学习,zh-CN
Patientenstudie,耐心学习,zh-CN
Patru de partea ta,愿四费与你同在,zh-CN
Patto eterno,永恒契约,zh-CN
Pavois,暮光铁壁,zh-CN
Pazienza di Ekko,艾克的耐心,zh-CN
Pařmen,汪星机器人,zh-CN
Pe val,升星之运,zh-CN
Pedeapsă,正义报复,zh-CN
Pegno di Sterak,斯特拉克的挑战护手,zh-CN
Pegno di sangue,猩红报偿,zh-CN
Peleador,斗士,zh-CN
Peleryna Taktyka,金锅铲冠冕,zh-CN
Pensamiento progresista,前瞻思维,zh-CN
Pensando no Futuro,前瞻思维,zh-CN
Pensar a Futuro,前瞻思维,zh-CN
Peníze na oběd,午餐钱,zh-CN
"Pequenas, Mas Letais",小而致命,zh-CN
Pequenos Titãs,小巨人,zh-CN
Pequeño Titán,最小巨人,zh-CN
Pequeño pero mortífero,小而致命,zh-CN
Pequeños pero matones,小而致命,zh-CN
Perdición del liche,巫妖之祸,zh-CN
Perdite calcolate,存心失利,zh-CN
Perdição de Lich,巫妖之祸,zh-CN
Pergamino ligeramente mágico,轻量魔法投掷,zh-CN
Pergamino mágico,魔法投掷,zh-CN
Persona Espelhada,镜像人格面具,zh-CN
Persona Espelhada Inferior,次级镜像人格面具,zh-CN
Persona en Espejo,镜像人格面具,zh-CN
Persona en Espejo menor,次级镜像人格面具,zh-CN
Personalitate în oglindă,镜像人格面具,zh-CN
Personalitate în oglindă minoră,次级镜像人格面具,zh-CN
Personalità speculare,镜像人格面具,zh-CN
Personalità speculare minore,次级镜像人格面具,zh-CN
Personalización exclusiva,专属定制,zh-CN
Personalizare exclusivă,专属定制,zh-CN
Personalização Exclusiva,专属定制,zh-CN
Personalizzazione esclusiva,专属定制,zh-CN
Personnalité miroir,镜像人格面具,zh-CN
Personnalité miroir mineure,次级镜像人格面具,zh-CN
Perszónatükör,镜像人格面具,zh-CN
Pesada es la Corona,王冠之重,zh-CN
Pesada é a Coroa,王冠之重,zh-CN
Pesante è la corona,王冠之重,zh-CN
Pescando cumplidos,低调炫耀,zh-CN
Pesimist,末日使者,zh-CN
Pestjuwel,枯萎珠宝,zh-CN
Pestrá sebranka,异类,zh-CN
Petit sac de butin,小小福袋,zh-CN
Petits mais costauds,小而致命,zh-CN
Petrecăreț,汪星机器人,zh-CN
Pevná linie,坚守防线,zh-CN
Pevné opasky,腰带溢流,zh-CN
Pečlivé ladění,可大可小,zh-CN
Pfannenwender,金铲铲,zh-CN
Phi Vụ Trang Bị,散件丰收日,zh-CN
Phong Kiếm,灵风,zh-CN
Pháo Xương Cá,鱼骨头,zh-CN
Phân Nhánh,节外生枝,zh-CN
Phép Màu Của Soraka,索拉卡的奇迹,zh-CN
Phóng Hỏa,日炎棋盘,zh-CN
Phản Ứng Phụ,副作用,zh-CN
"Piccole, ma letali",小而致命,zh-CN
Piccoli alleati,小伙伴,zh-CN
Piekielny Toporek,恶火小斧,zh-CN
Pieniążki na Obiad,午餐钱,zh-CN
Pierdere calculată,存心失利,zh-CN
Pile ou face,黄金赌约,zh-CN
Pilfer,挖角,zh-CN
Pillín radiante,光明无赖,zh-CN
Pioggia di statistiche!,成吨的属性！,zh-CN
Pistola Laminar Hextec,海克斯科技枪刃,zh-CN
Pistola a lame hextech,海克斯科技枪刃,zh-CN
Pistolame Hextech,海克斯科技枪刃,zh-CN
Pisztolyistennő,武装战姬,zh-CN
Placa Gargolítica,石像鬼石板甲,zh-CN
Placa Solo,单身板甲,zh-CN
Plan de viitor,前瞻思维,zh-CN
Plancia del Sole,日炎棋盘,zh-CN
Planlı Mağlubiyet,存心失利,zh-CN
Plano de Línea Trasera,后排蓝图,zh-CN
Plano de retaguardia,后排蓝图,zh-CN
Plateau solaire,日炎棋盘,zh-CN
Platoșa garguiului,石像鬼石板甲,zh-CN
Platoșă unică,单身板甲,zh-CN
Plecat de la tastatură,开摆,zh-CN
Plemienna Zbroja,狂徒铠甲,zh-CN
Plocha slunečního žáru,日炎棋盘,zh-CN
Plot Armor,应急护盾,zh-CN
Pluie d'argent,摇钱树,zh-CN
Plán pro zadní řadu,后排蓝图,zh-CN
Plášť slunečního žáru,日炎斗篷,zh-CN
Po Prostu Traf,点击即送,zh-CN
Pocalul puterii,能量圣杯,zh-CN
Podatek Poznawczy,认知税,zh-CN
Podejrzany Płaszcz,迷离风衣,zh-CN
Poder Aprimorado,强化之能量,zh-CN
Poder Mejorado,强化之能量,zh-CN
Poder mejorado,强化之能量,zh-CN
Poderoso Mech,超级机甲,zh-CN
Podezřelý pršiplášť,迷离风衣,zh-CN
Podpůrný implantát,共感植入,zh-CN
Podróżnicy,旅人,zh-CN
Podstawy Boksu,拳击课程,zh-CN
Podsycenie Płomieni,火上浇油,zh-CN
Podwójna Wytrzymałość,坦度成双,zh-CN
Podziel Się Uwagą Yasuo,亚索的共享聚光灯,zh-CN
Pofuduk Eldiven,连指手套,zh-CN
Pogromca Olbrzymów,巨人杀手,zh-CN
Pohodový život,人生切片,zh-CN
Pohár moci,能量圣杯,zh-CN
Poignard de Statikk,斯塔缇克电刃,zh-CN
Poiscaille,鱼骨头,zh-CN
Pojemnik na Złom,打捞桶,zh-CN
Pokoli csatabárd,恶火小斧,zh-CN
Pokročilá půjčka,高级贷款,zh-CN
Polovodič,半导体装置,zh-CN
Polowanie na Skarb,寻宝,zh-CN
Poppy,波比,zh-CN
Porcelanowe Działo,玻璃大炮,zh-CN
Pornire rapidă,博弈开启,zh-CN
Porque yo lo valgo,有用之材,zh-CN
Portable Forge,便携锻炉,zh-CN
Portail de Zz'Rot,兹若特传送门,zh-CN
Portal Zz'Rot,兹若特传送门,zh-CN
Portal Zz'rot,兹若特传送门,zh-CN
Portal de Zz'Rot,兹若特传送门,zh-CN
Portale Zz'Rot,兹若特传送门,zh-CN
Portál Zz'Rotu,兹若特传送门,zh-CN
Posición defensiva,坚守防线,zh-CN
Posilovací balíček,扩展包,zh-CN
Poslední zašeptání,最后的轻语,zh-CN
Postav si kámoše,来个好伙计,zh-CN
Posępny Herold Zeke'a,基克的阴森先驱,zh-CN
Potere dell'Impianto,强化之能量,zh-CN
Potok slz,泪流成河,zh-CN
Potężny Mech,超级机甲,zh-CN
Poutník,旅人,zh-CN
Povara coroanei,王冠之重,zh-CN
Povestea revenirii,绝境反击,zh-CN
Pozlacená ocel,镀金钢铁,zh-CN
Poznawcze Przeciążenie,认知过载,zh-CN
Poznaș radiant,光明无赖,zh-CN
Pozłacana Stal,镀金钢铁,zh-CN
Poêle à frire,金锅锅,zh-CN
Požehnaný bohy,受到星神赐福,zh-CN
Prapůvodní,海魔人,zh-CN
Precio Sangriento,猩红报偿,zh-CN
Precio sangriento,猩红报偿,zh-CN
Precisión infalible,视界专注,zh-CN
Predone,狂战士,zh-CN
Preiskämpfer,赏金战士,zh-CN
Première ligne,列队,zh-CN
Presente de Aniversário,生日礼物,zh-CN
Preservador de Biomateria,生物质维护器,zh-CN
Preservador de Biomatéria,生物质维护器,zh-CN
Preservador de biomateria,生物质维护器,zh-CN
Pretendenci,挑战者,zh-CN
Prevalere,登上最高峰,zh-CN
Prezent Urodzinowy,生日礼物,zh-CN
Preço em Sangue,猩红报偿,zh-CN
Prețul sângelui,猩红报偿,zh-CN
Prieteni micuți,小伙伴,zh-CN
Primeras Lecciones,宝宝学院,zh-CN
Primi insegnamenti,宝宝学院,zh-CN
Primordia'lı,海魔人,zh-CN
Primordia'lı Amblemi,海魔人纹章,zh-CN
Primordiai,海魔人,zh-CN
Primordiai embléma,海魔人纹章,zh-CN
Primordian,海魔人,zh-CN
Primordian Emblem,海魔人纹章,zh-CN
Primordianer,海魔人,zh-CN
Primordianer-Emblem,海魔人纹章,zh-CN
Primordianie,海魔人,zh-CN
Primordiano,海魔人,zh-CN
Primordien,海魔人,zh-CN
Prismatic Ticket,棱彩门票,zh-CN
Prismatisches Ticket,棱彩门票,zh-CN
Prizefighter,赏金战士,zh-CN
Prizmatik Bilet,棱彩门票,zh-CN
Proaspăt fabricat,军工1号,zh-CN
Probuzení duše,灵魂唤醒,zh-CN
Progresión en el juego tardío,后期收益,zh-CN
Progresión final,后期收益,zh-CN
Projeto da Retaguarda,后排蓝图,zh-CN
Prokletá koruna,诅咒冠冕,zh-CN
Prokleté ostří,诅咒之刃,zh-CN
Promesa de caballero,骑士之誓,zh-CN
Promesa del Caballero,骑士之誓,zh-CN
Promesa del protector,圣盾使的誓约,zh-CN
Promoção de Cintos,腰带溢流,zh-CN
Promoção de Espadas,大剑溢流,zh-CN
Promoção de Varinhas,法杖溢流,zh-CN
Promyšlená prohra,存心失利,zh-CN
Prosekání cesty,战时补给：暴风大剑,zh-CN
Prostředník,神谕,zh-CN
Protagonista Nigdy Nie Umiera,应急护盾,zh-CN
Protección del Infinito,三相庇护,zh-CN
Protección en solitario,单身板甲,zh-CN
Protección infinita,三相庇护,zh-CN
Protection infinie,三相庇护,zh-CN
Protector pétreo de gárgola,石像鬼石板甲,zh-CN
Protector's Vow,圣盾使的誓约,zh-CN
Protecția infinitului,三相庇护,zh-CN
Protecție universală,应急护盾,zh-CN
Protezione di trama,应急护盾,zh-CN
Protezione infinita,三相庇护,zh-CN
Proteção Imutável,薄暮法袍,zh-CN
Proteção do Infinito,三相庇护,zh-CN
Protège-bras du savant,探索者的护臂,zh-CN
Provisiones,关爱包裹,zh-CN
Provizorní zbroj,应急护甲,zh-CN
Prowler's Claw,暗行者之爪,zh-CN
Prozíravost,前瞻思维,zh-CN
Pryzmatyczny Bilet,棱彩门票,zh-CN
Przebudzenie Duszy,灵魂唤醒,zh-CN
Przedmioty Pandory,潘朵拉的装备,zh-CN
Przekaźnik,神谕,zh-CN
Przeklęta Korona,诅咒冠冕,zh-CN
Przeklęte Ostrze,诅咒之刃,zh-CN
Przeniesienie Ładunku,充能转移,zh-CN
Przenośna Kuźnia,便携锻炉,zh-CN
Przodownicy Składu,列队,zh-CN
Przysięga Rycerska,骑士之誓,zh-CN
Préstamo Anticipado,高级贷款,zh-CN
Préstamo avanzado,高级贷款,zh-CN
Prêt anticipé,高级贷款,zh-CN
Prędkość Meepa,飙速木灵,zh-CN
Psionic,灵能特工,zh-CN
Psionic Emblem,灵能特工纹章,zh-CN
Psionico,灵能特工,zh-CN
Psioniczni,灵能特工,zh-CN
Psionik,灵能特工,zh-CN
Psionik Amblemi,灵能特工纹章,zh-CN
Psionique,灵能特工,zh-CN
Psionisch,灵能特工,zh-CN
Psionisch-Emblem,灵能特工纹章,zh-CN
Psiónico,灵能特工,zh-CN
Psiônico,灵能特工,zh-CN
Pszionikus,灵能特工,zh-CN
Pszionikus embléma,灵能特工纹章,zh-CN
Puchar Potęgi,能量圣杯,zh-CN
Pugnale di Statikk,斯塔缇克电刃,zh-CN
Puissance 4,四费增援,zh-CN
Pulsar sombre,暗星,zh-CN
Punguța lui Urf,阿福的百宝袋,zh-CN
Punguță cu obiecte surpriză,装备百宝袋,zh-CN
Punguță eroică,英勇福袋,zh-CN
Punguță mare,大百宝袋,zh-CN
Punguță mică,小小福袋,zh-CN
Puppifizierung,假人化,zh-CN
Putere augmentată,强化之能量,zh-CN
"Puternic, dar fragil",玻璃大炮,zh-CN
Puñal de Statikk,斯塔缇克电刃,zh-CN
Pușcă cu baionetă hextech,海克斯科技枪刃,zh-CN
Pyke,派克,zh-CN
Pálcaszállítmány,法杖溢流,zh-CN
Páros várólista,双排,zh-CN
Pásztor,牧羊人,zh-CN
Pásztor embléma,牧羊人纹章,zh-CN
Pénzes persely,储蓄账户,zh-CN
Pénzmonszun,摇钱树,zh-CN
Pénzéhes,贪财,zh-CN
Pérdida Calculada,存心失利,zh-CN
Pérdida calculada,存心失利,zh-CN
Pícaro,游侠,zh-CN
Półprzewodnik,半导体装置,zh-CN
Pălăria malefică a lui Rabadon,灭世者的死亡之帽,zh-CN
Pălării mai letale,更要命的帽子,zh-CN
Păpușa din umbră,暗影木偶,zh-CN
Păstor,牧羊人,zh-CN
Pěstnice Prázdnoty,虚空护手,zh-CN
Płaszcz Negacji,负极斗篷,zh-CN
Płynące Łzy,战时补给：女神之泪,zh-CN
Přebytek holí,法杖溢流,zh-CN
Přebytek mečů,大剑溢流,zh-CN
Předplacená služba,订阅服务,zh-CN
Předvoj,重装战士,zh-CN
Přelom noci,夜之锋刃,zh-CN
Přenos náboje,充能转移,zh-CN
Přenosná kovárna,便携锻炉,zh-CN
Přizpůsobivá přilba,适应性头盔,zh-CN
Přízračná šavle,幽魂弯刀,zh-CN
Quang Lân Tiểu Yêu,光明无赖,zh-CN
Quatre cents coups,愿四费与你同在,zh-CN
Quay Trúng Thưởng,轻量魔法投掷,zh-CN
Que los Cuatros te Acompañen,愿四费与你同在,zh-CN
Que los cuatros te acompañen,愿四费与你同在,zh-CN
Que os Quatros Estejam com Você,愿四费与你同在,zh-CN
Quecksilber,水银,zh-CN
Quem Espera Sempre Alcança,耐心是一种美德,zh-CN
Question de taille,尺寸至上,zh-CN
Quicksilver,水银,zh-CN
Quyền Năng Khổng Lồ,泰坦的坚决,zh-CN
Quyền Trượng Thiên Thần,大天使之杖,zh-CN
Quyền Trượng Thánh Quang,殉道美德,zh-CN
Quà Sinh Nhật,生日礼物,zh-CN
Quá Tải Tư Duy,认知过载,zh-CN
Quân Đoàn 3 Sao,三幻神,zh-CN
Quỷ Thư Morello,莫雷洛秘典,zh-CN
Quỹ Phòng Hộ,对冲基金,zh-CN
Rabadon halálsüvege,灭世者的死亡之帽,zh-CN
Rabadon's Deathcap,灭世者的死亡之帽,zh-CN
Rabadon'un Şapkası,灭世者的死亡之帽,zh-CN
Rabadons Todeshaube,灭世者的死亡之帽,zh-CN
Rabadonův smrtící klobouk,灭世者的死亡之帽,zh-CN
Raccolta differenziata,打捞桶,zh-CN
Radiant Rascal,光明无赖,zh-CN
Radici diffuse,蔓延之根,zh-CN
Raffinierte Herstellung,精心打造,zh-CN
Rakeťák,鱼骨头,zh-CN
Ramificación,节外生枝,zh-CN
Ramificare,节外生枝,zh-CN
Ramię w Ramię,水乳交融,zh-CN
Rammus,拉莫斯,zh-CN
Rapid Firecannon,疾射火炮,zh-CN
Rappresaglia,正义报复,zh-CN
Rasga-tempo,未来战士,zh-CN
Raufbold,斗士,zh-CN
Raufbold-Emblem,斗士纹章,zh-CN
Ravitaillement,关爱包裹,zh-CN
"Raz, Dwa, Pięć!",一，二，五！,zh-CN
"Raz, Dwa, Trzy",一，二，三,zh-CN
"Raz, dva, pět!",一，二，五！,zh-CN
Raíces Propagadoras,蔓延之根,zh-CN
Raíces expansivas,蔓延之根,zh-CN
Raízes Alastradas,蔓延之根,zh-CN
Rdzeń Handlu,贸易中心,zh-CN
Rdzeń Świtu,黎明核心,zh-CN
Reach for the Stars,摘星之志,zh-CN
Rebel,游侠,zh-CN
Rebelle,游侠,zh-CN
Recombobulador,变形重组器,zh-CN
Recombobulateur,变形重组器,zh-CN
Recombobulator,变形重组器,zh-CN
Recomeçar Missão,重启任务,zh-CN
Recomeço Cósmico,星界重启,zh-CN
Recrut nou,新人入队,zh-CN
Recursos de Ferro,黑铁资产,zh-CN
Recursos de Hierro,黑铁资产,zh-CN
Recursos de hierro,黑铁资产,zh-CN
Recurve Bow,反曲之弓,zh-CN
Recyclingtonne,打捞桶,zh-CN
Recyklátor,打捞桶,zh-CN
Red Buff,红霸符,zh-CN
Redeemer,救世主,zh-CN
Redentor,救世主,zh-CN
Redentora,救世主,zh-CN
Redentore,救世主,zh-CN
Reducere fulger,火爆甩卖,zh-CN
Reflexní luk,反曲之弓,zh-CN
Reflexíj,反曲之弓,zh-CN
Regalo de cumpleaños,生日礼物,zh-CN
Regalo di compleanno,生日礼物,zh-CN
Regiaguardia,冕卫,zh-CN
ReinFOURcement,四费增援,zh-CN
Reiniciar Misión,重启任务,zh-CN
Reinicio Cósmico,星界重启,zh-CN
Reinicio cósmico,星界重启,zh-CN
Reinicio de misión,重启任务,zh-CN
Rek'Sai,雷克塞,zh-CN
Rekombinator,变形重组器,zh-CN
Rekombobulator,变形重组器,zh-CN
Rekombobulátor,变形重组器,zh-CN
Rekursivbogen,反曲之弓,zh-CN
Relances régulières,贸易中心,zh-CN
Relances épiques,8级D干的传说,zh-CN
Relances étoilées,升星之运,zh-CN
Relato de un regreso,绝境反击,zh-CN
Relicario Enervante,激发之匣,zh-CN
Relicario de los Solari de Hierro,钢铁烈阳之匣,zh-CN
Relicva ofilită,枯萎圣物,zh-CN
Relique flétrie,枯萎圣物,zh-CN
Reliquia Marchita,枯萎圣物,zh-CN
Reliquia appassita,枯萎圣物,zh-CN
Reliquia marchita,枯萎圣物,zh-CN
Relíquia Definhada,枯萎圣物,zh-CN
Rendelkezz az íjammal,吾弓听命于您,zh-CN
Repaire du baron,男爵幻域,zh-CN
Replica,反响,zh-CN
Replicador,魔术师,zh-CN
Replicante,魔术师,zh-CN
Replication,反响,zh-CN
Replicator,魔术师,zh-CN
Replicator Mode,魔术师模式,zh-CN
Replicação,反响,zh-CN
Replikace,反响,zh-CN
Replikacja,反响,zh-CN
Replikacı,魔术师,zh-CN
Replikacı Modu,魔术师模式,zh-CN
Replikator,魔术师,zh-CN
Replikator-Modus,魔术师模式,zh-CN
Replikatorzy,魔术师,zh-CN
Replikační režim,魔术师模式,zh-CN
Replikátor,魔术师,zh-CN
Repornire cosmică,星界重启,zh-CN
Reproducere,反响,zh-CN
Rerroleo Épico,8级D干的传说,zh-CN
Reserva de Pandora,潘朵拉的备战席,zh-CN
Resolución titánica,泰坦的坚决,zh-CN
Restart Misji,重启任务,zh-CN
Restart Mission,重启任务,zh-CN
Restartování mise,重启任务,zh-CN
Restiamo uniti,水乳交融,zh-CN
Retador,挑战者,zh-CN
Retribución,正义报复,zh-CN
Retribution,正义报复,zh-CN
Reuniune aniversară,生日聚会,zh-CN
Reunión cumpleañera,生日聚会,zh-CN
Reunión de Cumpleaños,生日聚会,zh-CN
Reviravolta,绝境反击,zh-CN
Rezistența din prima linie,坚守防线,zh-CN
Reîncărcare relativ magică,轻量魔法投掷,zh-CN
Reîncărcări epice,8级D干的传说,zh-CN
Reîncărcări la grămadă,D个痛快！,zh-CN
Režim Prostředník,神谕模式,zh-CN
Rhaast,拉亚斯特,zh-CN
Riavvia missione,重启任务,zh-CN
Riavvio cosmico,星界重启,zh-CN
Ribalta condivisa di Yasuo,亚索的共享聚光灯,zh-CN
Richiamo al caos,混沌召唤,zh-CN
Ricombussolatore,变形重组器,zh-CN
Riesenschlächter,巨人杀手,zh-CN
Riesenschwert,暴风之剑,zh-CN
Rift Scuttler,峡谷迅捷蟹,zh-CN
Risikofonds,对冲基金,zh-CN
Riskante Aktionen,冒险举动,zh-CN
Riskantní tah,冒险举动,zh-CN
Risky Moves,冒险举动,zh-CN
Risorse ferrose,黑铁资产,zh-CN
Risveglio dell'anima,灵魂唤醒,zh-CN
Ritmo Spaziale,太空律动,zh-CN
Ritrovo di compleanno,生日聚会,zh-CN
Ritterschwur,骑士之誓,zh-CN
Riven,锐雯,zh-CN
Robbanásszerű fejlődés,爆炸式增长,zh-CN
Robo de componentes,散件丰收日,zh-CN
Robot,超级机甲,zh-CN
Robotul Mecha impunător,超级机甲,zh-CN
Rogue,游侠,zh-CN
Rogue Emblem,游侠纹章,zh-CN
Rolling For Days,D个痛快！,zh-CN
Rolling for Days,D个痛快！,zh-CN
Rolo Compressor,升星之运,zh-CN
Rompetiempo,未来战士,zh-CN
Rostro espiritual,振奋盔甲,zh-CN
Roter Buff,红霸符,zh-CN
Roubo de Componentes,散件丰收日,zh-CN
Rouška nehybnosti,静止法衣,zh-CN
Rozgałęzienie,节外生枝,zh-CN
Rozmiar Ma Znaczenie,尺寸至上,zh-CN
Rozruch,博弈开启,zh-CN
Rozrůstání kořenů,蔓延之根,zh-CN
Rozsądne Wydatki,明智消费,zh-CN
Rozvětvení,节外生枝,zh-CN
Rtuť,水银,zh-CN
Ruf des Chaos,混沌召唤,zh-CN
Rufián Radiante,光明无赖,zh-CN
Rugalmas,灵活摇摆,zh-CN
Ruh Gömleği,振奋盔甲,zh-CN
Ruh Uyanışı,灵魂唤醒,zh-CN
Ruka spravedlnosti,正义之手,zh-CN
Rukavice pro štěstí,幸运手套,zh-CN
Rváč,斗士,zh-CN
Rybeńka,鱼骨头,zh-CN
Rychlopalné ohnivé dělo,疾射火炮,zh-CN
Rychlý dvojzářez,一波带走俩,zh-CN
Rychlý start,博弈开启,zh-CN
Rytířský slib,骑士之誓,zh-CN
Ryzykowne Posunięcia,冒险举动,zh-CN
Rzeka Łez,泪流成河,zh-CN
Récompenses de guerre,征战之路,zh-CN
Rédempteur,救世主,zh-CN
Réinitialisation cosmique,星界重启,zh-CN
Réplica,反响,zh-CN
Réplicateur,魔术师,zh-CN
Résistance acharnée,应急护盾,zh-CN
Részleges Felemelkedés,部分飞升,zh-CN
Réunion d'anniversaire,生日聚会,zh-CN
Rìu Hỏa Ngục,恶火小斧,zh-CN
Rìu Đại Mãng Xà,巨型九头蛇,zh-CN
Río de lágrimas,战时补给：女神之泪,zh-CN
Różdżkowy Przesyt,法杖溢流,zh-CN
Rögtönzött páncél,应急护甲,zh-CN
Răbdarea e o virtute,耐心是一种美德,zh-CN
Răbdarea lui Ekko,艾克的耐心,zh-CN
Rădăcini răspândite,蔓延之根,zh-CN
Rămânem împreună,水乳交融,zh-CN
Răsăritul din Silvermere,密银黎明,zh-CN
Ręka Sprawiedliwości,正义之手,zh-CN
Rękawica Pustki,虚空护手,zh-CN
Rękawice Sparingowe,拳套,zh-CN
Rękawice Złodzieja,窃贼手套,zh-CN
Rękawiczki,连指手套,zh-CN
Rồng Đẻ Trứng Vàng,金蛋,zh-CN
SZILÁRD ELTÖKÉLTSÉG,不侦察，不变阵,zh-CN
Saber Gastar,明智消费,zh-CN
Sabia blestemată,诅咒之刃,zh-CN
Sabia forței brute,暴风之剑,zh-CN
Sabia infinitului,无尽之刃,zh-CN
Sabia morții,死亡之刃,zh-CN
Sabia sângeroasă,饮血剑,zh-CN
Sable Espectral,幽魂弯刀,zh-CN
Sable espectral,幽魂弯刀,zh-CN
Sable-pistola hextech,海克斯科技枪刃,zh-CN
Sablepistola Hextech,海克斯科技枪刃,zh-CN
Sabre spectral,幽魂弯刀,zh-CN
Sabır Erdemdir,耐心是一种美德,zh-CN
Sac de butin,装备百宝袋,zh-CN
Saco de Brindes,装备百宝袋,zh-CN
Saco de Brindes Heroico,英勇福袋,zh-CN
Saco de Brindes Pequeno,小小福袋,zh-CN
Saco de Brindes Recheado,大百宝袋,zh-CN
Saco de Brindes do Urf,阿福的百宝袋,zh-CN
Sacrificio cruento,鲜血祭品,zh-CN
Sadakat,硬性承诺,zh-CN
Safları Koru,坚守防线,zh-CN
Saklı Gerçek,秘传奥义,zh-CN
Saldi imperdibili,火爆甩卖,zh-CN
Saldão,火爆甩卖,zh-CN
Salvage Bin,打捞桶,zh-CN
Salvator,救世主,zh-CN
Samira,莎弥拉,zh-CN
Sanguinaire,猩红报偿,zh-CN
Sanguinaria,饮血剑,zh-CN
Saqueador,狂战士,zh-CN
Sartén,金锅锅,zh-CN
Saum der Nacht,夜之锋刃,zh-CN
Sauter une classe,登上最高峰,zh-CN
Savaş Yolu,征战之路,zh-CN
Savings Account,储蓄账户,zh-CN
Scalata verso il successo,攀登天梯,zh-CN
Scegli tratto,选择羁绊,zh-CN
Sceptre vampirique corrompu,黑暗吸血鬼节杖,zh-CN
Sceptru vampiric corupt,黑暗吸血鬼节杖,zh-CN
Sceptrul Vidului,虚空之杖,zh-CN
Sceptrul serafimului,炽天使之拥,zh-CN
Scettro dell'arcangelo,大天使之杖,zh-CN
Scettro serafino,炽天使之拥,zh-CN
Scettro vampirico corrotto,黑暗吸血鬼节杖,zh-CN
Scharfschütze,狙神,zh-CN
Scharfschütze-Emblem,狙神纹章,zh-CN
Schattenpuppe,暗影木偶,zh-CN
Schatzjagd,寻宝,zh-CN
Schema della retroguardia,后排蓝图,zh-CN
Schemat Tylnej Formacji,后排蓝图,zh-CN
Schiantare,物尽其用,zh-CN
Schicksalsweber,织命人,zh-CN
Schild des Taktikers,金锅锅冠冕,zh-CN
Schiță pentru linia din spate,后排蓝图,zh-CN
Schlag zu,物尽其用,zh-CN
Schlussverkauf,火爆甩卖,zh-CN
Schmiede einen Freund,锻造挚友,zh-CN
Schnellfeuer-Geschütz,疾射火炮,zh-CN
Schurke,游侠,zh-CN
Schurken-Emblem,游侠纹章,zh-CN
Schutz der Unendlichkeit,三相庇护,zh-CN
Schwer ist die Krone,王冠之重,zh-CN
Schwertschmied,剑之工匠,zh-CN
Schwertüberfluss,大剑溢流,zh-CN
Schwur des Beschützers,圣盾使的誓约,zh-CN
Schüre das Feuer,火上浇油,zh-CN
Sciabola spettrale,幽魂弯刀,zh-CN
Scintilla ionica,离子火花,zh-CN
Scommessa dorata,黄金赌约,zh-CN
Scommessa rischiosa,硬性承诺,zh-CN
Scudo dello stratega,金锅锅冠冕,zh-CN
Scutul amurgului,黄昏圣盾,zh-CN
Scutul tacticianului,金锅锅冠冕,zh-CN
Scutul zorilor,黎明圣盾,zh-CN
Scânteie ionică,离子火花,zh-CN
Sdílená zbroj,应急护盾,zh-CN
Sebevražední panáci,碰撞测试假人,zh-CN
Second Wind,复苏之风,zh-CN
Second souffle,复苏之风,zh-CN
Secondo fiato,复苏之风,zh-CN
Secteur commercial,DD街区,zh-CN
Section Anima,幻灵战队,zh-CN
Sector comercial,DD街区,zh-CN
Sector de Intercambio,DD街区,zh-CN
Sectorul comercial,DD街区,zh-CN
Secure din focul iadului,恶火小斧,zh-CN
Sed de dinero,贪财,zh-CN
Sede de Riqueza,贪财,zh-CN
Sedenta por Sangue,饮血剑,zh-CN
Seeker's Armguard,探索者的护臂,zh-CN
Seelenerwachen,灵魂唤醒,zh-CN
Segen der Wiederbelebung,复活恩赐,zh-CN
Segundo Aire,复苏之风,zh-CN
Sehraný tým,集结战队,zh-CN
Sekera pekelného ohně,恶火小斧,zh-CN
Sektor Wymiany,DD街区,zh-CN
Selbstständig machen,节外生枝,zh-CN
Semblante Espiritual,振奋盔甲,zh-CN
Semi-conducteur,半导体装置,zh-CN
Semiconductor,半导体装置,zh-CN
Semicondutor,半导体装置,zh-CN
Semiconduttore,半导体装置,zh-CN
Sendero de Guerra,征战之路,zh-CN
Sendero de guerra,征战之路,zh-CN
Sentencia,法官,zh-CN
Sentenciador,法官,zh-CN
Sentiero di guerra,征战之路,zh-CN
Serafínova hůl,炽天使之拥,zh-CN
Seraphim's Staff,炽天使之拥,zh-CN
Serbest Yatırım Fonu,对冲基金,zh-CN
Serce ze Stali,心之钢,zh-CN
Serpenyő,金锅锅,zh-CN
Serve para Algo,有用之材,zh-CN
Servicio de Suscripción,订阅服务,zh-CN
Servicio de suscripción,订阅服务,zh-CN
Servizio ad abbonamento,订阅服务,zh-CN
Serviço de Assinatura,订阅服务,zh-CN
Setor de Troca,DD街区,zh-CN
Settore dello scambio,DD街区,zh-CN
Seviye Atla!,升级咯！,zh-CN
Seyyah,旅人,zh-CN
Seyyah Amblemi,旅人纹章,zh-CN
Sfere curative,治疗法球,zh-CN
Sfere vindecătoare,治疗法球,zh-CN
Sfidante,挑战者,zh-CN
Sfârșitul rațiunii,智慧末刃,zh-CN
Shadow Puppet,暗影木偶,zh-CN
Shen,慎,zh-CN
Shepherd,牧羊人,zh-CN
Shepherd Emblem,牧羊人纹章,zh-CN
Shimmerscale Essence,金鳞精粹,zh-CN
Shojin lándzsája,朔极之矛,zh-CN
Shojin'in Mızrağı,朔极之矛,zh-CN
Shopping Spree,大买特买,zh-CN
Shopping intensif,大买特买,zh-CN
Shopping scatenato,大买特买,zh-CN
Shroud of Stillness,静止法衣,zh-CN
Sibernetik Aktarım,源计划上行链路,zh-CN
Sibernetik İmplant,源计划植入,zh-CN
Sicario,职业杀手,zh-CN
Side Effects,副作用,zh-CN
Siegeszug,登上最高峰,zh-CN
Signora Oscura,黑暗魔女,zh-CN
Silberlöffel,银汤匙,zh-CN
Silver Spoon,银汤匙,zh-CN
Silvermere Dawn,密银黎明,zh-CN
Sinal de Sterak,斯特拉克的挑战护手,zh-CN
Sinh Nhật Đoàn Tụ,生日聚会,zh-CN
Sinir İmplantı,共感植入,zh-CN
Sinsi,游侠,zh-CN
Sinsi Amblemi,游侠纹章,zh-CN
Sinsi Pençe,暗行者之爪,zh-CN
Siper,暮光铁壁,zh-CN
Size Matters,尺寸至上,zh-CN
Siêu Linh,灵能特工,zh-CN
Siêu Thú,幻灵战队,zh-CN
Siêu Vũ Trụ,宇宙大爆炸,zh-CN
Siêu Xẻng,金铲铲,zh-CN
Sięganie ku Gwiazdom,摘星之志,zh-CN
Skalierung im späten Spiel,后期收益,zh-CN
Skalowanie w Późnej Fazie Gry,后期收益,zh-CN
Skleněné dělo,玻璃大炮,zh-CN
Skok po Składniki,散件丰收日,zh-CN
Skupienie Horyzontalne,视界专注,zh-CN
Skupiony Ogień,集中火力,zh-CN
Slammin',物尽其用,zh-CN
Slaďounké dobroty,甜点,zh-CN
Slice of Life,人生切片,zh-CN
Slightly Magic Roll,轻量魔法投掷,zh-CN
Slza bohyně,女神之泪,zh-CN
Small Grab Bag,小小福袋,zh-CN
Smoczy Szpon,巨龙之爪,zh-CN
Snajperzy,狙神,zh-CN
Sniper,狙神,zh-CN
Sniper Emblem,狙神纹章,zh-CN
Sobrecarga Cognitiva,认知过载,zh-CN
Sobrecarga cognitiva,认知过载,zh-CN
Sobrecarga de Varas,法杖溢流,zh-CN
Sobrecarga de cinturones,腰带溢流,zh-CN
Sobrecarga de espadas,大剑溢流,zh-CN
Sobrecarga de varitas,法杖溢流,zh-CN
Sobretudo Suspeito,迷离风衣,zh-CN
Sobrevivente,幸存者,zh-CN
Sobreviviente,幸存者,zh-CN
Sodronyozott mellény,锁子甲,zh-CN
Soif-de-sang,饮血剑,zh-CN
Sojusznik Opiekuna,游神的盟友,zh-CN
Sok Cappa,帽子饮品,zh-CN
Soldi per il pranzo,午餐钱,zh-CN
Solo Leveling,独自升级,zh-CN
Solo Plate,单身板甲,zh-CN
Solo Pétreo,单身板甲,zh-CN
Solo-Leveling,独自升级,zh-CN
Solo-Steinpanzer,单身板甲,zh-CN
Solowa Płyta,单身板甲,zh-CN
Solul dezolant al lui Zeke,基克的阴森先驱,zh-CN
Solul lui Zeke,基克的先驱,zh-CN
Solzi sclipitori,金鳞精粹,zh-CN
Sombrero Mortífero de Rabadon,灭世者的死亡之帽,zh-CN
Sombrero mortal de Rabadon,灭世者的死亡之帽,zh-CN
Sombreros Más Letales,更要命的帽子,zh-CN
Sombreros más mortales,更要命的帽子,zh-CN
Son Fısıltı,最后的轻语,zh-CN
Sona,娑娜,zh-CN
Sona Kalanlar,幸存者,zh-CN
Song Sát Tốc Hành,一波带走俩,zh-CN
Song Vệ,双子守护神,zh-CN
Song Đấu,斗神,zh-CN
Sonnenfeuer-Brett,日炎棋盘,zh-CN
Sonnenfeuer-Umhang,日炎斗篷,zh-CN
Sonsuz Büyü,战时补给：无用大棒,zh-CN
Sonsuz Karanlık,暗星,zh-CN
Sonsuz Karanlık Amblemi,暗星纹章,zh-CN
Sonsuz Çaresizlik,无终恨意,zh-CN
Sopa Fazlalığı,法杖溢流,zh-CN
Sopa İşçisi,杖之工匠,zh-CN
Soraka csodatétele,索拉卡的奇迹,zh-CN
Soraka áldása,索拉卡的恩赐,zh-CN
Soraka'nın Lütfu,索拉卡的恩赐,zh-CN
Soraka'nın Mucizesi,索拉卡的奇迹,zh-CN
Soraka's Boon,索拉卡的恩赐,zh-CN
Soraka's Miracle,索拉卡的奇迹,zh-CN
Sorakas Segen,索拉卡的恩赐,zh-CN
Sorakas Wunder,索拉卡的奇迹,zh-CN
Soračin dar,索拉卡的恩赐,zh-CN
Soračin zázrak,索拉卡的奇迹,zh-CN
Sorsszövő,织命人,zh-CN
Sorte em Alta,手气不错,zh-CN
Sorvadt ereklye,枯萎圣物,zh-CN
Soubojový režim,挑战者模式,zh-CN
Soudce,法官,zh-CN
Soul Awakening,灵魂唤醒,zh-CN
Soustředěná palba,集中火力,zh-CN
Soustředěný horizont,视界专注,zh-CN
Soutien indéfectible,联合作战,zh-CN
Souvislé sesílání,战时补给：无用大棒,zh-CN
Sovraccarico cognitivo,认知过载,zh-CN
Spaccato di vita,人生切片,zh-CN
Space Groove,太空律动,zh-CN
Space Groove Emblem,太空律动纹章,zh-CN
Spaczony Wampiryczny Kostur,黑暗吸血鬼节杖,zh-CN
Spada furiei lui Guinsoo,鬼索的狂暴之刃,zh-CN
Sparkonto,储蓄账户,zh-CN
Sparring Gloves,拳套,zh-CN
Spasitel,救世主,zh-CN
Spatola,金铲铲,zh-CN
Spatula,金铲铲,zh-CN
Spatule,金铲铲,zh-CN
Spatulă,金铲铲,zh-CN
Spear of Shojin,朔极之矛,zh-CN
Specialista del finale,后期专家,zh-CN
Specialista na závěrečnou fázi,后期专家,zh-CN
Specialistul sfârșitului jocului,后期专家,zh-CN
Specjalista od Końcówki,后期专家,zh-CN
Specjalistyczny Hełm,适应性头盔,zh-CN
Spectral Cutlass,幽魂弯刀,zh-CN
Spedizione,远征,zh-CN
Speedy Double Kill,一波带走俩,zh-CN
Speer von Shojin,朔极之矛,zh-CN
Spektrales Entermesser,幽魂弯刀,zh-CN
Spektrum jegy,棱彩门票,zh-CN
Spektrální vstupenka,棱彩门票,zh-CN
Speranza perduta,智慧末刃,zh-CN
Spesa oculata,明智消费,zh-CN
Spezzatempo,未来战士,zh-CN
Spirit Visage,振奋盔甲,zh-CN
Spirit of Redemption,救赎盔甲,zh-CN
Spirito di redenzione,救赎盔甲,zh-CN
Spiritul izbăvirii,救赎盔甲,zh-CN
Splétaná magie,纺织魔法,zh-CN
Splétač osudu,织命人,zh-CN
Společné objetí,拥抱,zh-CN
Spořicí účet,储蓄账户,zh-CN
Spreading Roots,蔓延之根,zh-CN
Spécialiste des fins de partie,后期专家,zh-CN
Spéculation,对冲基金,zh-CN
Srdce z oceli,心之钢,zh-CN
Stab des Erzengels,大天使之杖,zh-CN
Stabschmied,杖之工匠,zh-CN
Stabüberfluss,法杖溢流,zh-CN
Staffsmith,杖之工匠,zh-CN
Stand United,联合作战,zh-CN
Stargazer,观星者,zh-CN
Stargazer Emblem,观星者纹章,zh-CN
Statikk Hançer,斯塔缇克电刃,zh-CN
Statikk Shiv,斯塔缇克电刃,zh-CN
Statikk töltőpengéje,斯塔缇克电刃,zh-CN
Statikkova kudla,斯塔缇克电刃,zh-CN
Statikks Stich,斯塔缇克电刃,zh-CN
Stats à foison !,成吨的属性！,zh-CN
Stavebnice společníků,挑个好伙计！,zh-CN
Stea întunecată,暗星,zh-CN
Steadfast Heart,坚定之心,zh-CN
Steinpanzer des Wasserspeiers,石像鬼石板甲,zh-CN
Stella Oscura,暗星,zh-CN
Stellar Combo,星界连招,zh-CN
Stemma di Lightshield,光盾徽章,zh-CN
Stemmaguarda,冕卫,zh-CN
Sterak kihívása,斯特拉克的挑战护手,zh-CN
Sterak's Gage,斯特拉克的挑战护手,zh-CN
Sterak'ın Güvencesi,斯特拉克的挑战护手,zh-CN
Sterakova zástava,斯特拉克的挑战护手,zh-CN
Steraks Pegel,斯特拉克的挑战护手,zh-CN
Sterndeuter,观星者,zh-CN
Sterndeuter-Emblem,观星者纹章,zh-CN
Sternen-Kombo,星界连招,zh-CN
Sternenvernichter,暗星,zh-CN
Sternenvernichter-Emblem,暗星纹章,zh-CN
Stibitzen,挖角,zh-CN
Stopařčin chránič,探索者的护臂,zh-CN
Storia di una rimonta,绝境反击,zh-CN
Strahlender Halunke,光明无赖,zh-CN
Strateji Ustası Kalkanı,金锅锅冠冕,zh-CN
Strateji Ustası Pelerini,金锅铲冠冕,zh-CN
Strateji Ustası Tacı,金铲铲冠冕,zh-CN
Strateji Ustasının Mutfağı,锅铲厨房,zh-CN
Stratégie de ligne arrière,后排蓝图,zh-CN
Striker's Flail,强袭者的链枷,zh-CN
Strom vlastností,羁绊树,zh-CN
Strážná dvojice,双子守护神,zh-CN
Studio paziente,耐心学习,zh-CN
Studiu diligent,耐心学习,zh-CN
Stwórz Sobie Kumpla,来个好伙计,zh-CN
Stwórz Towarzysza,挑个好伙计！,zh-CN
Stínová loutka,暗影木偶,zh-CN
Stürmerflegel,强袭者的链枷,zh-CN
Stříbrná lžička,银汤匙,zh-CN
Stůjme při sobě,联合作战,zh-CN
Su tutti i fronti,节外生枝,zh-CN
Su verso il cielo,摘星之志,zh-CN
Subscription Service,订阅服务,zh-CN
Subskrypcja,订阅服务,zh-CN
Suc Cappa,帽子饮品,zh-CN
Succes critic,战时补给：拳套,zh-CN
Successo critico,战时补给：拳套,zh-CN
Succo Cappa,帽子饮品,zh-CN
Sucesso Crítico,战时补给：拳套,zh-CN
Suco de Chapéu,帽子饮品,zh-CN
Sugárzó csirkefogó,光明无赖,zh-CN
Suhanó sutyerák,峡谷迅捷蟹,zh-CN
Sunfire Board,日炎棋盘,zh-CN
Sunfire Cape,日炎斗篷,zh-CN
Super sac de butin,大百宝袋,zh-CN
Superstite,幸存者,zh-CN
Superviviente,幸存者,zh-CN
Suppresseur doré,可大可小,zh-CN
Supraviețuitor,幸存者,zh-CN
Supraîncărcare cognitivă,认知过载,zh-CN
Surcharge cognitive,认知过载,zh-CN
Surpriză nesurprinzătoare,意料之中的意外,zh-CN
Survivant,幸存者,zh-CN
Survivor,幸存者,zh-CN
Suscripción de Lujo,奢侈品订购,zh-CN
Suscripción de lujo,奢侈品订购,zh-CN
Suspicious Trench Coat,迷离风衣,zh-CN
Sussurro fatale,最后的轻语,zh-CN
Sute de atribute!,成吨的属性！,zh-CN
Sweet Treats,甜点,zh-CN
Sword Overflow,大剑溢流,zh-CN
Swordsmith,剑之工匠,zh-CN
Sympathetic Implant,共感植入,zh-CN
Szaleństwo Zakupów,大买特买,zh-CN
Szczęśliwe Rękawice,幸运手套,zh-CN
Szellemarc,振奋盔甲,zh-CN
Szerencsés kesztyű,幸运手套,zh-CN
Szermierka Yasuo,亚索的剑艺,zh-CN
Szerteágazó gyökerek,蔓延之根,zh-CN
Szeráf pálcája,炽天使之拥,zh-CN
Szimpatikus implantátum,共感植入,zh-CN
Szintlépés!,升级咯！,zh-CN
Szpatułka,金铲铲,zh-CN
Szpon Ciemnego Typa,暗行者之爪,zh-CN
Szunnyadó kohó,休眠锻炉,zh-CN
Szybkie Dwa Trupy,一波带走俩,zh-CN
Száműzöttek I.,浪人,zh-CN
Szélhámos,花到上头,zh-CN
Szólójátékos,独自升级,zh-CN
Születésnapi ajándék,生日礼物,zh-CN
Születésnapi találkozó,生日聚会,zh-CN
Sách Chọn Ấn,纹章之书,zh-CN
Sárkánykarom,巨龙之爪,zh-CN
Sát Thủ Khát Máu,无差别攻击,zh-CN
Sát Thủ Đánh Thuê,职业杀手,zh-CN
Sét Cao Thế,高压电,zh-CN
Síla artefaktů,神力天铸,zh-CN
Sólový plát,单身板甲,zh-CN
Sólový postup,独自升级,zh-CN
Sötét csillag,暗星,zh-CN
Sötét csillag embléma,暗星纹章,zh-CN
Sötét hölgy,黑暗魔女,zh-CN
Sükûnet Örtüsü,静止法衣,zh-CN
Süper Hızlı Micin,飙速木灵,zh-CN
Sürgünler,浪人,zh-CN
Süße Leckereien,甜点,zh-CN
Săbii fără număr,大剑溢流,zh-CN
Săbii mai letale,更要命的战刃,zh-CN
Săn Kho Báu,寻宝,zh-CN
Słodkie Przysmaki,甜点,zh-CN
Słoneczna Peleryna,日炎斗篷,zh-CN
Słoneczna Płyta,日炎棋盘,zh-CN
Sơ Đồ Tuyến Sau,后排蓝图,zh-CN
Số 4 Hoàn Hảo,愿四费与你同在,zh-CN
Sống Vội,花到上头,zh-CN
TEK Kılıcı,暴风之剑,zh-CN
Tabla solară,日炎棋盘,zh-CN
Tablero de Fuego Solar,日炎棋盘,zh-CN
Tablero de fuego solar,日炎棋盘,zh-CN
Tabuleiro de Fogo Solar,日炎棋盘,zh-CN
Tactician's Cape,金锅铲冠冕,zh-CN
Tactician's Crown,金铲铲冠冕,zh-CN
Tactician's Kitchen,锅铲厨房,zh-CN
Tactician's Shield,金锅锅冠冕,zh-CN
Tahm Kench,塔姆,zh-CN
Taina întunericului,夜之锋刃,zh-CN
Taktikerküche,锅铲厨房,zh-CN
Taktikova koruna,金铲铲冠冕,zh-CN
Taktikova kuchyně,锅铲厨房,zh-CN
Taktikus köpenye,金锅铲冠冕,zh-CN
Taktikus pajzsa,金锅锅冠冕,zh-CN
Taktikusok konyhája,锅铲厨房,zh-CN
Taktikův plášť,金锅铲冠冕,zh-CN
Taktikův štít,金锅锅冠冕,zh-CN
Takviye Paketi,扩展包,zh-CN
Takım Çalışması,集结战队,zh-CN
Talisman Of Ascension,飞升护符,zh-CN
Talisman de l'ascension,飞升护符,zh-CN
Talismano dell'ascensione,飞升护符,zh-CN
Talismanul ascensiunii,飞升护符,zh-CN
Talismán de Ascensión,飞升护符,zh-CN
Talismã da Ascensão,飞升护符,zh-CN
Talizman Wstąpienia,飞升护符,zh-CN
Talon,泰隆,zh-CN
Találd meg önmagad,C位的觉悟,zh-CN
Tam Donanımlı,挑个好伙计！,zh-CN
Tam Teşekküllü,来个好伙计,zh-CN
Tana del Barone,男爵幻域,zh-CN
Tancuri la xerox,坦度成双,zh-CN
Tandemová fronta,双排,zh-CN
Tanks jumeaux,坦度成双,zh-CN
Tanque em Dobro,坦度成双,zh-CN
Tanrıça'nın Gözyaşı,女神之泪,zh-CN
Tanışma Toplantısı,别再错过,zh-CN
Tarcza Taktyka,金锅锅冠冕,zh-CN
Tare ca fierul,黑铁资产,zh-CN
Target-Lock Optics,锁敌光学设备,zh-CN
Tartalékíjak,战时补给：反曲之弓,zh-CN
Tartsd a frontot,坚守防线,zh-CN
Tatlı Atıştırmalıklar,甜点,zh-CN
Taxa Cognitiva,认知税,zh-CN
Taxe cognitive,认知税,zh-CN
Taze Kan,新人入队,zh-CN
Taşınabilir Ocak,便携锻炉,zh-CN
Te simți norocos,手气不错,zh-CN
Team Building,团队建设,zh-CN
Team building,团队建设,zh-CN
Teambildung,团队建设,zh-CN
Teambuilding,团队建设,zh-CN
Teaming Up,集结战队,zh-CN
Tear of the Goddess,女神之泪,zh-CN
Tecelã do Destino,织命人,zh-CN
Tecendo Magia,纺织魔法,zh-CN
Teemo,提莫,zh-CN
Teilaufstieg,部分飞升,zh-CN
Tejedestinos,织命人,zh-CN
Tekrar Dene,重启任务,zh-CN
Tela magica,纺织魔法,zh-CN
Temná hvězda,暗星,zh-CN
Temná paní,黑暗魔女,zh-CN
Tempesta di Luden,卢登的激荡,zh-CN
Tempestad de Luden,卢登的激荡,zh-CN
Tempête de Luden,卢登的激荡,zh-CN
Tenete la posizione,坚守防线,zh-CN
Tenir le front,坚守防线,zh-CN
Tentative de comeback,绝境反击,zh-CN
Ter-Meep-nale Geschwindigkeit,飙速木灵,zh-CN
Termeepnal Velocity,飙速木灵,zh-CN
Termipnální rychlost,飙速木灵,zh-CN
Terquedad,不侦察，不变阵,zh-CN
Terrore dei lich,巫妖之祸,zh-CN
Tesori sepolti,珍藏财宝,zh-CN
Tesoros Enterrados,珍藏财宝,zh-CN
Tesoros enterrados,珍藏财宝,zh-CN
Tesouros Enterrados,珍藏财宝,zh-CN
Tessifato,织命人,zh-CN
Testőrképzés,利落保镖,zh-CN
Tetro araldo di Zeke,基克的阴森先驱,zh-CN
Tezbıçak,烁刃,zh-CN
Thanh Lý Toàn Bộ,火爆甩卖,zh-CN
Thanh Âm Chữa Lành,修复型回响,zh-CN
The Big Bang,宇宙大爆炸,zh-CN
The Golden Dragon,金霖龙,zh-CN
The Golden Egg,金蛋,zh-CN
The Indomitable,顽强不屈,zh-CN
The Mighty Mech,超级机甲,zh-CN
The Tower,高塔,zh-CN
The Trait Tree,羁绊树,zh-CN
Thief's Gloves,窃贼手套,zh-CN
Thresh lámpása,锤石的灯笼,zh-CN
Thresh áldása,锤石的恩赐,zh-CN
Thresh'in Feneri,锤石的灯笼,zh-CN
Thresh'in Lütfu,锤石的恩赐,zh-CN
Thresh's Boon,锤石的恩赐,zh-CN
Thresh's Lantern,锤石的灯笼,zh-CN
Threshova lucerna,锤石的灯笼,zh-CN
Threshs Laterne,锤石的灯笼,zh-CN
Threshs Segen,锤石的恩赐,zh-CN
Threshův dar,锤石的恩赐,zh-CN
Thua Có Tính Toán,存心失利,zh-CN
Thuế Nhận Thức,认知税,zh-CN
Thách Đấu,挑战者,zh-CN
Thép Mạ Vàng,镀金钢铁,zh-CN
Thích Mở Rộng,遥遥领先,zh-CN
Thông Thoáng,清晰头脑,zh-CN
Thông Đạo Zz'rot,兹若特传送门,zh-CN
Thú Tượng Thạch Giáp,石像鬼石板甲,zh-CN
Thăng Hoa,飞升,zh-CN
Thăng Hoa Của Kayle,凯尔的崇拜,zh-CN
Thăng Hoa Rực Rỡ Của Kayle,凯尔的光明崇拜,zh-CN
Thăng Tiến Cuối Trận,后期收益,zh-CN
Thần Ban Phước,受到星神赐福,zh-CN
Thần Phán,法官,zh-CN
Thịnh Nộ Thủy Quái,海妖之怒,zh-CN
Thời Không,未来战士,zh-CN
Thợ Rèn Gậy,杖之工匠,zh-CN
Thợ Rèn Kiếm,剑之工匠,zh-CN
Thợ Săn Vũ Trụ,天煞,zh-CN
Thức Tỉnh Linh Hồn,灵魂唤醒,zh-CN
Ti senti fortunato?,手气不错,zh-CN
Ticaret Bölgesi,DD街区,zh-CN
Ticaretin Özü,贸易中心,zh-CN
Ticket prismatique,棱彩门票,zh-CN
Tiercé,三项赛,zh-CN
Tigaia de aur,金锅锅,zh-CN
Tiltott bálvány,禁忌雕像,zh-CN
Timebreaker,未来战士,zh-CN
Timebreaker Emblem,未来战士纹章,zh-CN
Tinh Linh Chuông,木灵族,zh-CN
Tinh Túy Kim Long,金鳞精粹,zh-CN
Tiniest Titan,最小巨人,zh-CN
Tiny Titans,小巨人,zh-CN
"Tiny, but Deadly",小而致命,zh-CN
Tirada Ligeramente Mágica,轻量魔法投掷,zh-CN
Tirada Mágica,魔法投掷,zh-CN
Tiro lievemente magico,轻量魔法投掷,zh-CN
Tiro porque me toca,D个痛快！,zh-CN
Tisse-destin,织命人,zh-CN
Tiszta elme,清晰头脑,zh-CN
Titan micuț,最小巨人,zh-CN
Titan's Resolve,泰坦的坚决,zh-CN
Titanes Diminutos,小巨人,zh-CN
Titanic Hydra,巨型九头蛇,zh-CN
Titanische Hydra,巨型九头蛇,zh-CN
Titano minuscolo,最小巨人,zh-CN
Titanın Azmi,泰坦的坚决,zh-CN
Titánhidra,巨型九头蛇,zh-CN
Titánská hydra,巨型九头蛇,zh-CN
Titánské odhodlání,泰坦的坚决,zh-CN
Tiên Phong,重装战士,zh-CN
Tiên Tri,命运祭司,zh-CN
Tiêu Dùng Thông Minh,明智消费,zh-CN
Tiếp Tế Trang Bị,装备百宝袋,zh-CN
Tiền Tuyến Vững Chãi,列队,zh-CN
Tiền Vệ Trung Tâm,C位的觉悟,zh-CN
Tiền Ăn Trưa,午餐钱,zh-CN
Tiệc Tùng,汪星机器人,zh-CN
Tkacze Losu,织命人,zh-CN
Tkanie Czarów,纺织魔法,zh-CN
Tlupa zlodějů,窃贼帮派,zh-CN
Tlupa zlodějů II,窃贼帮派 II,zh-CN
To Lớn & Mạnh Mẽ,大而有力,zh-CN
Todo para mí,点击即送,zh-CN
Toiag uriaș,无用大棒,zh-CN
Toiagul arhanghelului,大天使之杖,zh-CN
Toiege fără număr,法杖溢流,zh-CN
Tolvajkesztyű,窃贼手套,zh-CN
Tolvajok bandája,窃贼帮派,zh-CN
Tolvajok bandája II,窃贼帮派 II,zh-CN
Tome des emblèmes,纹章之书,zh-CN
Tome of Trait,纹章之书,zh-CN
Tome of Traits,纹章之书,zh-CN
Tomo das Características,纹章之书,zh-CN
Tomo de Rasgos,纹章之书,zh-CN
Tomo de atributos,纹章之书,zh-CN
Tomo dei tratti,纹章之书,zh-CN
Tomul caracteristicilor,纹章之书,zh-CN
Toneladas de Atributos!,成吨的属性！,zh-CN
Tonlarca Nitelik!,成吨的属性！,zh-CN
Tonnenweise Werte!,成吨的属性！,zh-CN
Tonnányi statisztika!,成吨的属性！,zh-CN
Tons of Stats!,成吨的属性！,zh-CN
Tony Statystyk!,成吨的属性！,zh-CN
Torba z Przedmiotami,装备百宝袋,zh-CN
Torba z Przedmiotami Urfa,阿福的百宝袋,zh-CN
Tormenta de Luden,卢登的激荡,zh-CN
Tot sunt buni la ceva,有用之材,zh-CN
Touche-à-tout,异类,zh-CN
Tout doit disparaître,物尽其用,zh-CN
Toàn Thắng,登上最高峰,zh-CN
Toán Cướp,狂战士,zh-CN
Trabajo en Equipo,团队建设,zh-CN
Trabalho em Equipe,团队建设,zh-CN
Trade Sector,DD街区,zh-CN
Tragbare Schmiede,便携锻炉,zh-CN
Training Dummy,训练假人,zh-CN
Trang Bị Pandora,潘朵拉的装备,zh-CN
Transfer de încărcare,充能转移,zh-CN
Transferencia de Carga,充能转移,zh-CN
Transferencia de carga,充能转移,zh-CN
Transfert,充能转移,zh-CN
Transferência de Carga,充能转移,zh-CN
Transformação em Boneco,假人化,zh-CN
Trasferimento carica,充能转移,zh-CN
Treasure Hunt,寻宝,zh-CN
Treinamento de Guarda-costas,利落保镖,zh-CN
Tremblelames,烁刃,zh-CN
Trench-coat suspect,迷离风衣,zh-CN
Trenci suspect,迷离风衣,zh-CN
Trening Ochroniarza,利落保镖,zh-CN
Trepador Social,上进心,zh-CN
Trezirea sufletului,灵魂唤醒,zh-CN
Tributo cognitivo,认知税,zh-CN
Trifecta,三项赛,zh-CN
Trinca,三项赛,zh-CN
Triomphe,赏金战士,zh-CN
Triplete,三项赛,zh-CN
Tripletta,三项赛,zh-CN
Triplu avantaj,三项赛,zh-CN
Triệu Gọi Hỗn Mang,混沌召唤,zh-CN
Triệu Hồi Bất Tận,战时补给：无用大棒,zh-CN
Troca Sem Fim,D个痛快！,zh-CN
Trojice,三项赛,zh-CN
Trova il tuo centro,C位的觉悟,zh-CN
Trpělivost je ctnost,耐心是一种美德,zh-CN
Trpělivé studium,耐心学习,zh-CN
Truffatore,花到上头,zh-CN
Trung Tâm Thương Mại,贸易中心,zh-CN
Tryb Pretendenta,挑战者模式,zh-CN
Tryb Przekaźnika,神谕模式,zh-CN
Tryb Replikatora,魔术师模式,zh-CN
Trzask-Prask,物尽其用,zh-CN
Trzymać Szyk,坚守防线,zh-CN
Trái Tim Kiên Định,坚定之心,zh-CN
Trái Tim Sắt Đá,心之钢,zh-CN
Träne der Göttin,女神之泪,zh-CN
Tréninkové rukavice,拳套,zh-CN
Trésors enfouis,珍藏财宝,zh-CN
Trên Đà Phát Triển,升星之运,zh-CN
Trí Tuệ Siêu Công Nghệ,源计划上行链路,zh-CN
Trượng Hư Vô,虚空之杖,zh-CN
Trượng Đại Thiên Sứ,炽天使之拥,zh-CN
Trực Giác Của Evelynn,伊芙琳的本能,zh-CN
Tuch der Stille,静止法衣,zh-CN
Tueur de géants,巨人杀手,zh-CN
Tueur impitoyable,无差别攻击,zh-CN
Tueur à gages,职业杀手,zh-CN
Tugend des Märtyrers,殉道美德,zh-CN
Tun-mitralieră,疾射火炮,zh-CN
Turnul,高塔,zh-CN
Tuyển Nhân Sự,新人入队,zh-CN
Twin Guardian,双子守护神,zh-CN
Twin Guardians,双子守护神,zh-CN
Twisted Fate,崔斯特,zh-CN
Two Much Value,由二生D,zh-CN
Two Tanky,坦度成双,zh-CN
Tworzenie Drużyny,团队建设,zh-CN
Twórcze Tworzenie,精心打造,zh-CN
Typologie,硬性承诺,zh-CN
Tài Khoản Tiết Kiệm,储蓄账户,zh-CN
Tái Khởi Động Nhiệm Vụ,重启任务,zh-CN
Tái Lập Vũ Trụ,星界重启,zh-CN
Tápláld a tüzet,火上浇油,zh-CN
Tíha koruny,王冠之重,zh-CN
Tín Đồ Mua Sắm,大买特买,zh-CN
Tòa Tháp,高塔,zh-CN
Tôi Luyện Sức Mạnh,神力天铸,zh-CN
Tôi Thăng Cấp Một Mình,独自升级,zh-CN
Tödlichere Hauben,更要命的帽子,zh-CN
Tödlichere Klingen,更要命的战刃,zh-CN
Töltésátvitel I.,充能转移,zh-CN
Törj a csillagok felé,摘星之志,zh-CN
Törékeny tüzér I.,玻璃大炮,zh-CN
Törésteszt bábuk,碰撞测试假人,zh-CN
Tú Pégales,点击即送,zh-CN
Túi Đồ Cỡ Nhỏ,小小福袋,zh-CN
Túi Đồ Cỡ Đại,大百宝袋,zh-CN
Túi Đồ Siêu Hùng,英勇福袋,zh-CN
Túi Đồ Urf,阿福的百宝袋,zh-CN
Túlvilági szablya,幽魂弯刀,zh-CN
Túlélő,幸存者,zh-CN
Türelem rózsát terem,耐心是一种美德,zh-CN
Türelmes tanuló,耐心学习,zh-CN
Tăișuri sclipitoare,烁刃,zh-CN
Tăng Trưởng Bùng Nổ,爆炸式增长,zh-CN
Tırmanışa Devam,攀登天梯,zh-CN
Tất Tay Bậc Đồng,终身黄铜,zh-CN
Tập Chịu Đòn,拳击课程,zh-CN
Tập Trung Hỏa Lực,集中火力,zh-CN
Tối Tân,军工1号,zh-CN
Tối Đa Hóa,可大可小,zh-CN
Tộc Thượng Cổ,海魔人,zh-CN
Tụ Bão Zeke,基克的先驱,zh-CN
Tụ Điện,电火花,zh-CN
Tứ Phương Tiếp Viện,四费增援,zh-CN
Tự Lập Đội,来个好伙计,zh-CN
U Sầu,末日使者,zh-CN
U. R. F.,厨神阿福,zh-CN
U.R.F,厨神阿福,zh-CN
U.R.F.,厨神阿福,zh-CN
URF,厨神阿福,zh-CN
Uccisore di giganti,巨人杀手,zh-CN
Uccisore indiscriminato,无差别攻击,zh-CN
Ucigaș fără discriminare,无差别攻击,zh-CN
Ucigaș plătit,职业杀手,zh-CN
Ufak Çekiliş,小小福袋,zh-CN
Ufukgetiren,视界专注,zh-CN
Uhrwerk-Beschleuniger,发条增速器,zh-CN
Ulepszona Moc,强化之能量,zh-CN
Ultima șoaptă,最后的轻语,zh-CN
Uluların Tılsımı,飞升护符,zh-CN
Ulvi Düellocu,斗神,zh-CN
Ulvi Ocak,神赐锻炉,zh-CN
Um Dois Três,一，二，三,zh-CN
"Um, Dois, Cinco!",一，二，五！,zh-CN
Umhang des Taktikers,金锅铲冠冕,zh-CN
"Un buff, două buff-uri",1个霸符，2个霸符,zh-CN
"Un buff, due buff",1个霸符，2个霸符,zh-CN
Un due tre,一，二，三,zh-CN
Un mismo ser,镜像人格面具,zh-CN
Un mismo ser inferior,次级镜像人格面具,zh-CN
Un tiro magico,魔法投掷,zh-CN
Un'avventura gloriosa,崇高冒险,zh-CN
"Un, deux, trois",一，二，三,zh-CN
Una Aventura Eminente,崇高冒险,zh-CN
"Una Mejora, Dos Mejoras",1个霸符，2个霸符,zh-CN
Una aventura repleta de exaltación,崇高冒险,zh-CN
Una lágrima en la arena,泪流成河,zh-CN
"Una mejora, dos mejoras...",1个霸符，2个霸符,zh-CN
"Unde-s 2 stele, puterea crește",四费增援,zh-CN
Une aventure exaltante,崇高冒险,zh-CN
Unending Despair,无终恨意,zh-CN
Unerschütterliches Herz,坚定之心,zh-CN
Unidos,联合作战,zh-CN
Unire în luptă,联合作战,zh-CN
Uniti nelle difficoltà,联合作战,zh-CN
"Uno, Dos, Tres",一，二，三,zh-CN
"Uno, dos, tres...",一，二，三,zh-CN
"Uno, dos, ¡cinco!",一，二，五！,zh-CN
"Uno, dos... ¡cinco!",一，二，五！,zh-CN
"Uno, due, cinque!",一，二，五！,zh-CN
"Unu, doi, cinci!",一，二，五！,zh-CN
"Unu, doi, trei",一，二，三,zh-CN
Unübertreffliche Schmiede,神赐锻炉,zh-CN
Upando Solo,独自升级,zh-CN
Upward Mobility,上进心,zh-CN
Upírská vitalita,吸血生命力,zh-CN
Urf Hamlesi,海牛阿福的锅铲战术,zh-CN
Urf játszmája,海牛阿福的锅铲战术,zh-CN
Urf zsákbamacskája,阿福的百宝袋,zh-CN
Urf's Gambit,海牛阿福的锅铲战术,zh-CN
Urf's Grab Bag,阿福的百宝袋,zh-CN
Urf'ün Çekilişi,阿福的百宝袋,zh-CN
Urfova dárková taška,阿福的百宝袋,zh-CN
Urfs Gambit,海牛阿福的锅铲战术,zh-CN
Urfs Wundertüte,阿福的百宝袋,zh-CN
Urfův gambit,海牛阿福的锅铲战术,zh-CN
Urgia de pe lume,巫妖之祸,zh-CN
Urgot,厄加特,zh-CN
Utazó,旅人,zh-CN
Utazó embléma,旅人纹章,zh-CN
Utolsó esély,智慧末刃,zh-CN
Utolsó lehelet,最后的轻语,zh-CN
Uyumsuzlar,异类,zh-CN
Uzayın Ritmi,太空律动,zh-CN
Uzayın Ritmi Amblemi,太空律动纹章,zh-CN
Vale a Espera,值得等待,zh-CN
Vale la Pena la Espera,值得等待,zh-CN
Valeva la pena aspettare,值得等待,zh-CN
Valor del Titán,泰坦的坚决,zh-CN
Valor em Excesso,由二生D,zh-CN
Vampir-Vitalität,吸血生命力,zh-CN
Vampiric Vitality,吸血生命力,zh-CN
Vampirî Zindelik,吸血生命力,zh-CN
Vanguard,重装战士,zh-CN
Vanguard Emblem,重装战士纹章,zh-CN
Vanguarda,重装战士,zh-CN
Vanguardia,重装战士,zh-CN
Vara Innecesariamente Grande,无用大棒,zh-CN
Vara innecesariamente grande,无用大棒,zh-CN
Varus Besessenheit,韦鲁斯的执念,zh-CN
Varus megszállottsága,韦鲁斯的执念,zh-CN
Varus áldása,韦鲁斯的恩赐,zh-CN
Varus' Segen,韦鲁斯的恩赐,zh-CN
Varus's Boon,韦鲁斯的恩赐,zh-CN
Varus's Obsession,韦鲁斯的执念,zh-CN
Varus'un Lütfu,韦鲁斯的恩赐,zh-CN
Varus'un Saplantısı,韦鲁斯的执念,zh-CN
Varusova posedlost,韦鲁斯的执念,zh-CN
Varusův dar,韦鲁斯的恩赐,zh-CN
Varázsdobás,魔法投掷,zh-CN
Varázsszőttes,纺织魔法,zh-CN
Vaseszközök,黑铁资产,zh-CN
Vaurien de la lumière,光明无赖,zh-CN
Vay Tạm Ứng,高级贷款,zh-CN
Vedlejší účinky,副作用,zh-CN
Veigar,维迦,zh-CN
Velikost a síla,大而有力,zh-CN
Velitel,最高指挥官,zh-CN
Velitelka Animy,幻灵指挥官,zh-CN
Velkolepé dobrodružství,崇高冒险,zh-CN
Velká dárková taška,大百宝袋,zh-CN
Velký třesk,宇宙大爆炸,zh-CN
Velo costante,薄暮法袍,zh-CN
Velo de sosiego,静止法衣,zh-CN
Velocidad Termeepnal,飙速木灵,zh-CN
Velocidad temperameeptal,飙速木灵,zh-CN
Velocidade Termipenal,飙速木灵,zh-CN
Velocità termipponale,飙速木灵,zh-CN
Venganza,正义报复,zh-CN
Ventos Revigorantes,复苏之风,zh-CN
Verbannte,浪人,zh-CN
Verbotener Götze,禁忌雕像,zh-CN
Verbündeter des Beschützers,游神的盟友,zh-CN
Verdorbenes vampirisches Zepter,黑暗吸血鬼节杖,zh-CN
Verdugo Indiscriminado,无差别攻击,zh-CN
Verdugo de Gigantes,巨人杀手,zh-CN
Verdugo de gigantes,巨人杀手,zh-CN
Verdächtiger Trenchcoat,迷离风衣,zh-CN
Verfehlte Verbindung,别再错过,zh-CN
Verfluchte Klinge,诅咒之刃,zh-CN
Verfluchte Krone,诅咒冠冕,zh-CN
Vergeltung,正义报复,zh-CN
Vergoldeter Stahl,镀金钢铁,zh-CN
Vergrabene Schätze,珍藏财宝,zh-CN
Vernichter,末日使者,zh-CN
Vernichter,灭星尊,zh-CN
Versteck des Barons,男爵幻域,zh-CN
Verständnisvolles Implantat,共感植入,zh-CN
Verstärkendes Amulett,激发之匣,zh-CN
Vertu du martyr,殉道美德,zh-CN
Verwittertes Relikt,枯萎圣物,zh-CN
Verwobene Magie,纺织魔法,zh-CN
Vesmírný rytmus,太空律动,zh-CN
Vesta Espinosa,棘刺背心,zh-CN
Veste della stabilità,静止法衣,zh-CN
Vestă de mărăcini,棘刺背心,zh-CN
Vestă de zale,锁子甲,zh-CN
Vex,薇古丝,zh-CN
Večerháv,薄暮法袍,zh-CN
Viaggiatore,旅人,zh-CN
Viajante,旅人,zh-CN
Viajero,旅人,zh-CN
Victorie neașteptată,登上最高峰,zh-CN
Vida Cotidiana,人生切片,zh-CN
Viděti dvojmo,由二生D,zh-CN
Vier-Gold-Verstärkung,四费增援,zh-CN
Vigarista,花到上头,zh-CN
Viktor,维克托,zh-CN
Viktor'un Sihri,双城赢家,zh-CN
Viktor-ia de Arcane,双城赢家,zh-CN
Viktor-ia di Arcane,双城赢家,zh-CN
Viktor-ie ocultă,双城赢家,zh-CN
Viktoria Arcana,双城赢家,zh-CN
Viktorův triumf,双城赢家,zh-CN
Viktória Arcana,双城赢家,zh-CN
Villanópengék,烁刃,zh-CN
Villámakció,火爆甩卖,zh-CN
Vingadora Exocósmica,武装战姬,zh-CN
Virtud del Mártir,殉道美德,zh-CN
Virtud del mártir,殉道美德,zh-CN
Virtude do Mártir,殉道美德,zh-CN
Virtue of the Martyr,殉道美德,zh-CN
Virtutea martirului,殉道美德,zh-CN
Virtù del martire,殉道美德,zh-CN
Visage spirituel,振奋盔甲,zh-CN
Visionnaire,观星者,zh-CN
Visszatérés-történet,绝境反击,zh-CN
Vitalidad Vampírica,吸血生命力,zh-CN
Vitalidad vampírica,吸血生命力,zh-CN
Vitalidade Vampírica,吸血生命力,zh-CN
Vitalitate vampirică,吸血生命力,zh-CN
Vitalità vampirica,吸血生命力,zh-CN
Vitalité vampirique,吸血生命力,zh-CN
Viteză termipnală,飙速木灵,zh-CN
Viễn Chinh,旅人,zh-CN
Void Gauntlet,虚空护手,zh-CN
Void Staff,虚空之杖,zh-CN
Voința buzduganului,权杖意志,zh-CN
Voința titanului,泰坦的坚决,zh-CN
Vojevůdcova čest,猛将的荣耀,zh-CN
Volonté de la massue,权杖意志,zh-CN
Voluntad de la maza,权杖意志,zh-CN
Voluntad del Mazo,权杖意志,zh-CN
Volver al Ruedo,绝境反击,zh-CN
Vorausdenken,前瞻思维,zh-CN
Voto del Protettore,圣盾使的誓约,zh-CN
Voto del cavaliere,骑士之誓,zh-CN
Vous vous sentez en veine ?,手气不错,zh-CN
Voyager,旅人,zh-CN
Voyager Emblem,旅人纹章,zh-CN
Voyageur,旅人,zh-CN
Vražední čtveráci,愿四费与你同在,zh-CN
Vražednější klobouky,更要命的帽子,zh-CN
Vražednější čepele,更要命的战刃,zh-CN
Vrcholná sestava,顶尖构筑,zh-CN
Vuốt Rồng,巨龙之爪,zh-CN
Vyber vlastnost,选择羁绊,zh-CN
Vybíravé výběry,D个痛快！,zh-CN
Vyhlazovač,灭星尊,zh-CN
Vyhnanci,浪人,zh-CN
Vyplatí se čekat,值得等待,zh-CN
Vyrob si kamaráda,锻造挚友,zh-CN
Vysoké napětí,高压电,zh-CN
Vytrvalý vzestup,上进心,zh-CN
Vyzyvatel,挑战者,zh-CN
Vzestup,飞升,zh-CN
Vágj utat,战时补给：暴风大剑,zh-CN
Válassz adottságot,选择羁绊,zh-CN
Válečná stezka,征战之路,zh-CN
Válogatás nélkül,无差别攻击,zh-CN
Vámpírerő I.,吸血生命力,zh-CN
Ván Cược Hoàng Kim,黄金赌约,zh-CN
Ván Cược URF,海牛阿福的锅铲战术,zh-CN
Vánek,灵风,zh-CN
Várható váratlanság,意料之中的意外,zh-CN
Vânătoare de comori,寻宝,zh-CN
Vânător galactic,天煞,zh-CN
Vânătorul de uriași,巨人杀手,zh-CN
Vé Kim Cương,棱彩门票,zh-CN
Végjátékbeli erőnövelés,后期收益,zh-CN
Végtelen kétségbeesés,无终恨意,zh-CN
Végtelen védelem,三相庇护,zh-CN
Végzethozó,末日使者,zh-CN
Vérszomjas,饮血剑,zh-CN
Véráldozat,鲜血祭品,zh-CN
Véráldozat,猩红报偿,zh-CN
Vírusmátrix,恶意软件矩阵,zh-CN
Vô Cực Kiếm,无尽之刃,zh-CN
Vô Pháp,游侠,zh-CN
Võ Sĩ Giác Đấu,赏金战士,zh-CN
Vörös erősítés,红霸符,zh-CN
Výbušný růst,爆炸式增长,zh-CN
Výcvik tělesného strážce,利落保镖,zh-CN
Výrobce holí,杖之工匠,zh-CN
Výrobce mečů,剑之工匠,zh-CN
Výzva chaosu,混沌召唤,zh-CN
Văl uniform,薄暮法袍,zh-CN
Vălul nemișcării,静止法衣,zh-CN
Věčná dohoda,永恒契约,zh-CN
Věštec,命运祭司,zh-CN
Věž,高塔,zh-CN
Vœu du chevalier,骑士之誓,zh-CN
Vœu du protecteur,圣盾使的誓约,zh-CN
Vůle palcátu,权杖意志,zh-CN
Vươn Tới Tinh Tú,摘星之志,zh-CN
Vương Miện Chiến Thuật,金铲铲冠冕,zh-CN
Vương Miện Hoàng Gia,冕卫,zh-CN
Vương Miện Hắc Hóa,诅咒冠冕,zh-CN
Vương Miện Nặng Trĩu,王冠之重,zh-CN
W Czepku Urodzony,银汤匙,zh-CN
W Czwórce Siła,四费增援,zh-CN
Wachsende Wurzeln,蔓延之根,zh-CN
Wampiryczna Żywotność,吸血生命力,zh-CN
Wand Overflow,法杖溢流,zh-CN
Wanderer,旅人,zh-CN
Wanderer-Emblem,旅人纹章,zh-CN
Warlord's Honor,猛将的荣耀,zh-CN
Warmog vértje,狂徒铠甲,zh-CN
Warmog's Armor,狂徒铠甲,zh-CN
Warmog'un Zırhı,狂徒铠甲,zh-CN
Warmogova zbroj,狂徒铠甲,zh-CN
Warmogs Rüstung,狂徒铠甲,zh-CN
Warpath,征战之路,zh-CN
Warto Poczekać,值得等待,zh-CN
Wartość Dodana,由二生D,zh-CN
Wczesna Nauka,宝宝学院,zh-CN
We Stick Together,水乳交融,zh-CN
Weise Ausgaben,明智消费,zh-CN
Weltraum-Groove,太空律动,zh-CN
Weltraum-Groove-Emblem,太空律动纹章,zh-CN
Wezwanie Chaosu,混沌召唤,zh-CN
Widmowy Rapier,幽魂弯刀,zh-CN
Wie ist es um dein Glück bestellt?,手气不错,zh-CN
Wieczny Brąz,终身黄铜,zh-CN
Wieczny Pakt,永恒契约,zh-CN
Wiederaufnahme der Mission,重启任务,zh-CN
Wielka Wygrana,登上最高峰,zh-CN
Wielki Wybuch,宇宙大爆炸,zh-CN
Wielkie Poświęcenie,硬性承诺,zh-CN
Wielkość i Potęga,大而有力,zh-CN
Wieża,高塔,zh-CN
Willkürlicher Killer,无差别攻击,zh-CN
Win Out,登上最高峰,zh-CN
"Winzig, aber tödlich",小而致命,zh-CN
Winzige Titanen,小巨人,zh-CN
Winzigster Titan,最小巨人,zh-CN
Wir halten zusammen,水乳交融,zh-CN
Wise Spending,明智消费,zh-CN
Wit's End,智慧末刃,zh-CN
Withered Relic,枯萎圣物,zh-CN
Wkalkulowana Strata,存心失利,zh-CN
Wojenna Ścieżka,征战之路,zh-CN
Wola Buławy,权杖意志,zh-CN
Worth the Wait,值得等待,zh-CN
Woven Magic,纺织魔法,zh-CN
Wskrzeszenie,复活恩赐,zh-CN
Wsparcie,联合作战,zh-CN
Wspinaczka po Drabince,攀登天梯,zh-CN
Wspólne Siły,集结战队,zh-CN
Wybierz cechę,选择羁绊,zh-CN
Wygięty Łuk,反曲之弓,zh-CN
Wygnańcy,浪人,zh-CN
Wykuj Znajomego,锻造挚友,zh-CN
Wykuklenie,假人化,zh-CN
Wykuto w Sile,神力天铸,zh-CN
Wyniesienie,飞升,zh-CN
Wyprzedaż na Ostro,火爆甩卖,zh-CN
Wyrocznia,命运祭司,zh-CN
Wysokie Napięcie,高压电,zh-CN
Wytnij sobie drogę,战时补给：暴风大剑,zh-CN
Wywyższenie Kayle,凯尔的崇拜,zh-CN
Wzmacniający Medalion,激发之匣,zh-CN
Wzmocnienie Raz i Dwa,1个霸符，2个霸符,zh-CN
Wälzer der Attribute,纹章之书,zh-CN
Wędrujący Krab,峡谷迅捷蟹,zh-CN
Włócznia Shojin,朔极之矛,zh-CN
Xayah,霞,zh-CN
Xoay Bài Tự Động,变形重组器,zh-CN
Xây Dựng Đội Hình,团队建设,zh-CN
Xúc Xắc Hoành Tráng,8级D干的传说,zh-CN
Xúc Xắc Ma Pháp,魔法投掷,zh-CN
Xúc Xắc Vô Tận,D个痛快！,zh-CN
Xạ Thần,武装战姬,zh-CN
Yaldızlı Çelik,镀金钢铁,zh-CN
Yalnız Zırh,单身板甲,zh-CN
Yampiri Yengeç,峡谷迅捷蟹,zh-CN
Yan Etkiler,副作用,zh-CN
Yarı İletken,半导体装置,zh-CN
Yasak İdol,禁忌雕像,zh-CN
Yasuo Figyelemmegosztása,亚索的共享聚光灯,zh-CN
Yasuo aranymezője,亚索的黄金格,zh-CN
Yasuo kardforgatása,亚索的剑艺,zh-CN
Yasuo áldása,亚索的恩赐,zh-CN
Yasuo'nun Altın Hücresi,亚索的黄金格,zh-CN
Yasuo'nun Kılıç Sanatı,亚索的剑艺,zh-CN
Yasuo'nun Lütfu,亚索的恩赐,zh-CN
Yasuo'nun İlgi Budalası Eklentisi,亚索的共享聚光灯,zh-CN
Yasuo's Bladework,亚索的剑艺,zh-CN
Yasuo's Boon,亚索的恩赐,zh-CN
Yasuo's Golden Hex,亚索的黄金格,zh-CN
Yasuo's Share The Spotlight,亚索的共享聚光灯,zh-CN
Yasuo: Împarte centrul atenției,亚索的共享聚光灯,zh-CN
Yasuos Goldfeld,亚索的黄金格,zh-CN
Yasuos Klingentanz,亚索的剑艺,zh-CN
Yasuos Segen,亚索的恩赐,zh-CN
Yasuos „Teile das Rampenlicht“,亚索的共享聚光灯,zh-CN
Yasuovo mistrovství meče,亚索的剑艺,zh-CN
Yasuovo zlaté pole,亚索的黄金格,zh-CN
Yasuův dar,亚索的恩赐,zh-CN
Yasuův Široký paprsek,亚索的共享聚光灯,zh-CN
Yatırımın Getirisi,投资,zh-CN
Yayılan Kökler,蔓延之根,zh-CN
Yayım Yayındır,吾弓听命于您,zh-CN
Yağmacı,狂战士,zh-CN
Yağmacı Amblemi,狂战士纹章,zh-CN
Yaşayan Ocak,活体锻炉,zh-CN
Yedek Yaylar,战时补给：反曲之弓,zh-CN
Yelmo Adaptable,适应性头盔,zh-CN
Yelmo adaptable,适应性头盔,zh-CN
Yelmo sombrío,狂战士,zh-CN
Yeni Çağ,新纪元,zh-CN
Yenilemeye Devam,升星之运,zh-CN
Yenilmez,顽强不屈,zh-CN
Yok Edici,灭星尊,zh-CN
Yolumdan Dönmem,不侦察，不变阵,zh-CN
You Have My Bow,吾弓听命于您,zh-CN
Yozlaşmış Vampirî Asa,黑暗吸血鬼节杖,zh-CN
Yük Aktarımı,充能转移,zh-CN
Yüklü Borç,高级贷款,zh-CN
Yüksek Voltaj,高压电,zh-CN
Yükseliş,飞升,zh-CN
Yıldız Gözlemcisi,观星者,zh-CN
Yıldız Gözlemcisi Amblemi,观星者纹章,zh-CN
Yıldız Kombosu,星界连招,zh-CN
Yıldızlara Uzan,摘星之志,zh-CN
Yıpranmış Antika,枯萎圣物,zh-CN
Za jakou cenu,不计代价,zh-CN
Zaangażowanie,投资,zh-CN
Zaawansowana Pożyczka,高级贷款,zh-CN
Zabiják obrů,巨人杀手,zh-CN
Zabójca do Wynajęcia,职业杀手,zh-CN
Zabójczy Kapelusz Rabadona,灭世者的死亡之帽,zh-CN
Zagracony Umysł,纷乱头脑,zh-CN
Zagłada,末日使者,zh-CN
Zakopane Skarby,珍藏财宝,zh-CN
Zakopané poklady,珍藏财宝,zh-CN
Zamankıran,未来战士,zh-CN
Zamankıran Amblemi,未来战士纹章,zh-CN
Zamiř ke hvězdám,摘星之志,zh-CN
Zaměřovací optika,锁敌光学设备,zh-CN
Zaneprázdněná mysl,纷乱头脑,zh-CN
Zapora Przedniej Formacji,前线地基,zh-CN
Zapovězená modla,禁忌雕像,zh-CN
Zaprzepaszczona Znajomość,别再错过,zh-CN
Zapuszczanie Korzeni,蔓延之根,zh-CN
Zararına Satış,火爆甩卖,zh-CN
Zasłona Równości,薄暮法袍,zh-CN
Zbiry,游侠,zh-CN
Zbytečně dlouhá hůl,无用大棒,zh-CN
Zdobená pěstnice,珠光护手,zh-CN
Zdobený květ,珠光莲花,zh-CN
Zdrang!,邦！,zh-CN
Zed,劫,zh-CN
Zed,天煞灭影：劫,zh-CN
Zed Invasor,天煞灭影：劫,zh-CN
Zed Invasore,天煞灭影：劫,zh-CN
Zed Kẻ Xâm Lăng,天煞灭影：劫,zh-CN
Zefir,灵风,zh-CN
Zefiro,灵风,zh-CN
Zefír,灵风,zh-CN
Zeitbrecher,未来战士,zh-CN
Zeitbrecher-Emblem,未来战士纹章,zh-CN
Zeița armelor,武装战姬,zh-CN
Zeke hírnöke,基克的先驱,zh-CN
Zeke komor hírnöke,基克的阴森先驱,zh-CN
Zeke'nin Kasvetli Sancağı,基克的阴森先驱,zh-CN
Zeke'nin Sancağı,基克的先驱,zh-CN
Zeke's Bleak Herald,基克的阴森先驱,zh-CN
Zeke's Herald,基克的先驱,zh-CN
Zekes Herold,基克的先驱,zh-CN
Zekes düsterer Herold,基克的阴森先驱,zh-CN
Zekeův pochmurný posel,基克的阴森先驱,zh-CN
Zekeův posel,基克的先驱,zh-CN
Zephir,灵风,zh-CN
Zephyr,灵风,zh-CN
Zesílení do závěru hry,后期收益,zh-CN
Zhouba lichů,巫妖之祸,zh-CN
Zielerfassungslinse,锁敌光学设备,zh-CN
Zihin Açıklığı,清晰头脑,zh-CN
Zihin Bulanıklığı,纷乱头脑,zh-CN
Zihinsel Hazırlık,低调炫耀,zh-CN
Zincir Yelek,锁子甲,zh-CN
Zindelik Broşu,激发之匣,zh-CN
Zjazd Urodzinowy,生日聚会,zh-CN
Zkázonoš,末日使者,zh-CN
Zlaté vejce,金蛋,zh-CN
Zlatý drak,金霖龙,zh-CN
Zlatý hod,黄金赌约,zh-CN
Zlatý monzun,摇钱树,zh-CN
Zlodějské rukavice,窃贼手套,zh-CN
Zlodějíček,挖角,zh-CN
Zmora Licza,巫妖之祸,zh-CN
Zoe,佐伊,zh-CN
Zorn des Kraken,海妖之怒,zh-CN
Zoé,佐伊,zh-CN
Zrcadlová osobnost,镜像人格面具,zh-CN
Zručná výroba,精心打造,zh-CN
Zrádné upírské žezlo,黑暗吸血鬼节杖,zh-CN
Zsivány,游侠,zh-CN
Zsivány embléma,游侠纹章,zh-CN
Zsúfolt elme,纷乱头脑,zh-CN
Ztracené konexe,别再错过,zh-CN
Zu etwas nütze,有用之材,zh-CN
Zu viel Wert,由二生D,zh-CN
Zu welchem Preis,不计代价,zh-CN
Zu zäh,坦度成双,zh-CN
Zumito de la risa,帽子饮品,zh-CN
Zusammenarbeit,集结战队,zh-CN
Zwillingswächter,双子守护神,zh-CN
Zwycięstwo Viktora z Arcane,双城赢家,zh-CN
Zz'Rot Kapısı,兹若特传送门,zh-CN
Zz'Rot Portal,兹若特传送门,zh-CN
Zz'Rot-Portal,兹若特传送门,zh-CN
Zz'Rot-kapu,兹若特传送门,zh-CN
Zákeřná monetizace,恶意货币化,zh-CN
Základ přední řady,前线地基,zh-CN
Záložní luky,战时补给：反曲之弓,zh-CN
Záporozó könnyek,战时补给：女神之泪,zh-CN
Závěrečný spurt,登上最高峰,zh-CN
Zářivý rošťák,光明无赖,zh-CN
Zéfiro,灵风,zh-CN
Zéphyr,灵风,zh-CN
Zügiger Doppelkill,一波带走俩,zh-CN
Ząb Nashora,纳什之牙,zh-CN
Złote Jajo,金蛋,zh-CN
Złote Pole Yasuo,亚索的黄金格,zh-CN
Złote Ryzyko,黄金赌约,zh-CN
Złoty Smok,金霖龙,zh-CN
Złowroga Monetyzacja,恶意货币化,zh-CN
¡Bonk!,邦！,zh-CN
¡Estadísticas a tutiplén!,成吨的属性！,zh-CN
¡Milestadísticas!,成吨的属性！,zh-CN
¡Pum!,邦！,zh-CN
¡Sube de nivel!,升级咯！,zh-CN
¡Subes de nivel!,升级咯！,zh-CN
¿A qué precio?,不计代价,zh-CN
¿Hacemos un Muñeco?,假人化,zh-CN
¿Te Sientes con Suerte?,手气不错,zh-CN
À toute meepesse,飙速木灵,zh-CN
Ábrete Camino,战时补给：暴风大剑,zh-CN
Ác Nữ,黑暗魔女,zh-CN
Állhatatos szív,坚定之心,zh-CN
Ám Ảnh Của Varus,韦鲁斯的执念,zh-CN
Ánima,幻灵战队,zh-CN
Áo Choàng Bóng Tối,夜之锋刃,zh-CN
Áo Choàng Bạc,负极斗篷,zh-CN
Áo Choàng Chiến Thuật,金锅铲冠冕,zh-CN
Áo Choàng Diệt Vong,无终恨意,zh-CN
Áo Choàng Gai,棘刺背心,zh-CN
Áo Choàng Lửa,日炎斗篷,zh-CN
Áo Choàng Mờ Ám,迷离风衣,zh-CN
Áo Choàng Thủy Ngân,水银,zh-CN
Áo Choàng Tĩnh Lặng,静止法衣,zh-CN
Árbitro,法官,zh-CN
Árnybáb,暗影木偶,zh-CN
Árvore de Características,羁绊树,zh-CN
Ân Huệ Của Ahri,阿狸的恩赐,zh-CN
Ân Huệ Của Aurelion Sol,奥瑞利安·索尔的恩赐,zh-CN
Ân Huệ Của Ekko,艾克的恩赐,zh-CN
Ân Huệ Của Evelynn,伊芙琳的恩赐,zh-CN
Ân Huệ Của Kayle,凯尔的恩赐,zh-CN
Ân Huệ Của Soraka,索拉卡的恩赐,zh-CN
Ân Huệ Của Thresh,锤石的恩赐,zh-CN
Ân Huệ Của Varus,韦鲁斯的恩赐,zh-CN
Ân Huệ Của Yasuo,亚索的恩赐,zh-CN
Ân Huệ Tái Sinh,复活恩赐,zh-CN
Ägide der Abenddämmerung,黄昏圣盾,zh-CN
Ägide der Morgendämmerung,黎明圣盾,zh-CN
Çelik İntikam,武装战姬,zh-CN
Çelikten Yürek,心之钢,zh-CN
Çifte Ödül,双排,zh-CN
Échos réparateurs,修复型回响,zh-CN
Édes falatok,甜点,zh-CN
Égida del Amanecer,黎明圣盾,zh-CN
Égida del Ocaso,黄昏圣盾,zh-CN
Égida del amanecer,黎明圣盾,zh-CN
Égida del anochecer,黄昏圣盾,zh-CN
Égide da Alvorada,黎明圣盾,zh-CN
Égide de l'aube,黎明圣盾,zh-CN
Égide do Crepúsculo,黄昏圣盾,zh-CN
Égide du crépuscule,黄昏圣盾,zh-CN
Électrocharge,电火花,zh-CN
Élharcos,重装战士,zh-CN
Élharcos embléma,重装战士纹章,zh-CN
Énke,木灵族,zh-CN
Énke embléma,木灵族纹章,zh-CN
Énkesebesség,飙速木灵,zh-CN
Énkike,小木灵,zh-CN
Época,新纪元,zh-CN
Építhető kísérő,挑个好伙计！,zh-CN
Éradicateur,灭星尊,zh-CN
Étincelle ionique,离子火花,zh-CN
Éveil de l'âme,灵魂唤醒,zh-CN
Éxito Crítico,战时补给：拳套,zh-CN
Éxito crítico,战时补给：拳套,zh-CN
Ídolo Prohibido,禁忌雕像,zh-CN
Ídolo Proibido,禁忌雕像,zh-CN
Ídolo prohibido,禁忌雕像,zh-CN
Îmbrâncire,物尽其用,zh-CN
Îmbrățișare de grup,拥抱,zh-CN
Împrumut avansat,高级贷款,zh-CN
În echipă,集结战队,zh-CN
Încărcare electrică,电火花,zh-CN
Înfățișarea sufletului,振奋盔甲,zh-CN
Întețește focul,火上浇油,zh-CN
Învingătorii iau totul,赏金战士,zh-CN
Învățături timpurii,宝宝学院,zh-CN
Óptica de Fijación de Objetivo,锁敌光学设备,zh-CN
Óptica de fijado de objetivos,锁敌光学设备,zh-CN
Óriásölő,巨人杀手,zh-CN
Ô Hoàng Kim của Yasuo,亚索的黄金格,zh-CN
Ôm Tập Thể,拥抱,zh-CN
Ödüllü Müsabaka,赏金战士,zh-CN
Ölüm Kılıcı,死亡之刃,zh-CN
Ölümcül Bıçaklar,更要命的战刃,zh-CN
Öncü,重装战士,zh-CN
Öncü Amblemi,重装战士纹章,zh-CN
Örök paktum,永恒契约,zh-CN
Összetartunk,水乳交融,zh-CN
Összetevőrablás,散件丰收日,zh-CN
Össztűz,集中火力,zh-CN
Ösztönző medál,激发之匣,zh-CN
Övszállítmány,腰带溢流,zh-CN
Özel Yapım,军工1号,zh-CN
Özellik Ağacı,羁绊树,zh-CN
Özellik Seç,选择羁绊,zh-CN
Özellikler Kitabı,纹章之书,zh-CN
Újonc,新人入队,zh-CN
Újraalkotó,变形重组器,zh-CN
Újrahasznosító láda,打捞桶,zh-CN
Újrasorsolás napestig,D个痛快！,zh-CN
Últimas palabras,最后的轻语,zh-CN
Último Suspiro,最后的轻语,zh-CN
Último Sussurro,最后的轻语,zh-CN
Úsměv štěstěny,手气不错,zh-CN
Úsvit nad Stříbromořím,密银黎明,zh-CN
Útočníkův řemdih,强袭者的链枷,zh-CN
Úvodní poznatky,宝宝学院,zh-CN
Übergroßer Stab,无用大棒,zh-CN
Überlebender,幸存者,zh-CN
Übungspuppe,训练假人,zh-CN
Ürességkesztyű,虚空护手,zh-CN
Üçler Ordusu,三幻神,zh-CN
Üçlük,三项赛,zh-CN
Ý Chỉ Xích Chùy,权杖意志,zh-CN
Ăn Mòn,腐蚀,zh-CN
Ăn Trộm,挖角,zh-CN
Čekající kovárna,休眠锻炉,zh-CN
Čepel smrti,死亡之刃,zh-CN
Červený buff,红霸符,zh-CN
Čistá mysl,清晰头脑,zh-CN
Částečné vyzdvižení,部分飞升,zh-CN
Đai Khổng Lồ,巨人腰带,zh-CN
Đam Mê Gậy,法杖溢流,zh-CN
Đam Mê Kiếm,大剑溢流,zh-CN
Đam Mê Đai Lưng,腰带溢流,zh-CN
Đao Chớp,烁刃,zh-CN
Đao Tím,智慧末刃,zh-CN
Đo Ni Đóng Giày,幸运手套,zh-CN
Đá Hắc Hóa,枯萎珠宝,zh-CN
Đánh Là Trúng,点击即送,zh-CN
Đường Ra Trận,征战之路,zh-CN
Được Này Mất Kia,有用之材,zh-CN
Đại Bác Liên Thanh,疾射火炮,zh-CN
Đấu Sĩ,斗士,zh-CN
Đầu Tư,投资,zh-CN
Đẩy Nhanh Tiến Độ,上进心,zh-CN
Đặc Quyền Phú Gia,银汤匙,zh-CN
Định Mệnh,织命人,zh-CN
Đồng Minh Của Bụt,游神的盟友,zh-CN
Độc Hành,浪人,zh-CN
Đội Hình Tối Ưu,顶尖构筑,zh-CN
Động Cơ Tăng Tốc,发条增速器,zh-CN
İdman Eldiveni,拳套,zh-CN
İhtiyaç Paketi,关爱包裹,zh-CN
İki Elin Sesi Var,由二生D,zh-CN
İki Kat Güçlendirme,1个霸符，2个霸符,zh-CN
İkinci Şans,复苏之风,zh-CN
İkiz Muhafızlar,双子守护神,zh-CN
İleri Görüşlülük,前瞻思维,zh-CN
İleri Safha Gücü,后期收益,zh-CN
İleri Safhalarda Görüşürüz,后期专家,zh-CN
İlk Öğretiler,宝宝学院,zh-CN
İstilacı Zed,天煞灭影：劫,zh-CN
İyon Kıvılcımı,离子火花,zh-CN
Ładunek Elektryczny,电火花,zh-CN
Łamacze Czasu,未来战士,zh-CN
Ławka Pandory,潘朵拉的备战席,zh-CN
Łubudu!,邦！,zh-CN
Łuki Zapasowe,战时补给：反曲之弓,zh-CN
Łut Szczęścia,手气不错,zh-CN
Łza Bogini,女神之泪,zh-CN
Łącze Cybernetyczne,源计划上行链路,zh-CN
Łącze Drona,无人机上行链路,zh-CN
Œuf d'or,金蛋,zh-CN
Říční krab,峡谷迅捷蟹,zh-CN
Ślubowanie Protektora,圣盾使的誓约,zh-CN
Świetliste Wywyższenie Kayle,凯尔的光明崇拜,zh-CN
Świetlisty Szelma,光明无赖,zh-CN
Świeży Wyrób,军工1号,zh-CN
Świt Srebrzystej,密银黎明,zh-CN
Şafak Kalkanı,黎明圣盾,zh-CN
Şafağın Özü,黎明核心,zh-CN
Şans Benimle,手气不错,zh-CN
Şanslı Eldiven,幸运手套,zh-CN
Şanslı Hissediyorum,混沌召唤,zh-CN
Şapkat Nektarı,帽子饮品,zh-CN
Şifalı Küreler,治疗法球,zh-CN
Şifalı Yankılar,修复型回响,zh-CN
Şok Dayanıklı,坦度成双,zh-CN
Şövalyenin Adağı,骑士之誓,zh-CN
Šplhání žebříčkem,攀登天梯,zh-CN
Štít soumraku,黄昏圣盾,zh-CN
Štít úsvitu,黎明圣盾,zh-CN
Šťáva Cappa,帽子饮品,zh-CN
Űrzúzda,太空律动,zh-CN
Űrzúzda embléma,太空律动纹章,zh-CN
Żelazne Zasoby,黑铁资产,zh-CN
Żywa Kuźnia,活体锻炉,zh-CN
Żywe Srebro,水银,zh-CN
Železné vybavení,黑铁资产,zh-CN
Živoucí kovárna,活体锻炉,zh-CN
Žoldnéř,狂战士,zh-CN
Žďuch!,邦！,zh-CN
Țesător al destinului,织命人,zh-CN
Țintește spre stele,摘星之志,zh-CN
Άατροξ,亚托克斯,zh-CN
Άνιμα,幻灵战队,zh-CN
Άξιζε η Αναμονή,值得等待,zh-CN
Έζρεαλ,伊泽瑞尔,zh-CN
Έμβλημα N.O.V.A.,新星特攻队纹章,zh-CN
Έμβλημα Άνιμα,幻灵战队纹章,zh-CN
Έμβλημα Αστρομάντη,观星者纹章,zh-CN
Έμβλημα Βοσκού,牧羊人纹章,zh-CN
Έμβλημα Διεκδικητή,挑战者纹章,zh-CN
Έμβλημα Ελεύθερου Σκοπευτή,狙神纹章,zh-CN
Έμβλημα Εμπροσθοφυλακής,重装战士纹章,zh-CN
Έμβλημα Καβγατζή,斗士纹章,zh-CN
Έμβλημα Κριτή,法官纹章,zh-CN
Έμβλημα Μιπ,木灵族纹章,zh-CN
Έμβλημα Πριμόρντιαν,海魔人纹章,zh-CN
Έμβλημα Σελασπίδας,光盾徽章,zh-CN
Έμβλημα Σκοτεινού Ιππότη,狂战士纹章,zh-CN
Έμβλημα Ταξιδευτή,旅人纹章,zh-CN
Έμβλημα Χρονοθραύστη,未来战士纹章,zh-CN
Έμβλημα του Αλήτη,游侠纹章,zh-CN
Έμβλημα του Διαστημικού Ρυθμού,太空律动纹章,zh-CN
Έμβλημα του Προτειχίσματος,堡垒卫士纹章,zh-CN
Έμβλημα του Σκοτεινού Άστρου,暗星纹章,zh-CN
Έμβλημα των Σιδηρών Σολάρι,钢铁烈阳之匣,zh-CN
Ένα Κομμάτι Ζωή,人生切片,zh-CN
"Ένα, Δύο, Πέντε!",一，二，五！,zh-CN
"Ένα, Δύο, Τρία",一，二，三,zh-CN
Όλεθρος των Απέθαντων,巫妖之祸,zh-CN
Όρκος του Ιππότη,骑士之誓,zh-CN
Όρκος του Υπερασπιστή,圣盾使的誓约,zh-CN
Όψη Πνευμάτων,振奋盔甲,zh-CN
Ύποπτη Καπαρντίνα,迷离风衣,zh-CN
Αγωγός,神谕,zh-CN
Αδάμαστος,顽强不屈,zh-CN
Αιγίδα της Αυγής,黎明圣盾,zh-CN
Αιγίδα του Δειλινού,黄昏圣盾,zh-CN
Αιμοδιψής,饮血剑,zh-CN
Αιχμή του Απείρου,无尽之刃,zh-CN
Αιώνας,新纪元,zh-CN
Αιώνια Διαθήκη,永恒契约,zh-CN
Ακάλι,阿卡丽,zh-CN
Ακλόνητη Καρδιά,坚定之心,zh-CN
Αλήτης,游侠,zh-CN
Αμοιβαίο Κεφάλαιο,对冲基金,zh-CN
Ανέλιξη,上进心,zh-CN
Αναλογική αύξηση προς το τέλος του παιχνιδιού,后期收益,zh-CN
Αναμονή του Απροσδόκητου,意料之中的意外,zh-CN
Ανασυνδυαστής,变形重组器,zh-CN
Ανεβαίνοντας στην Κατάταξη,攀登天梯,zh-CN
Ανταπόδοση,正义报复,zh-CN
Αντιγραφέας,魔术师,zh-CN
Αντικείμενα Πανδώρας,潘朵拉的装备,zh-CN
Απέραντη Απόγνωση,无终恨意,zh-CN
Απαγορευμένο Είδωλο,禁忌雕像,zh-CN
Απατεώνας,花到上头,zh-CN
Απλωμένες Ρίζες,蔓延之根,zh-CN
Αποθεωτικό Σιδηρουργείο,神赐锻炉,zh-CN
Αποκλειστική Προσαρμογή,专属定制,zh-CN
Απομίμηση,反响,zh-CN
Αποφασιστικότητα του Τιτάνα,泰坦的坚决,zh-CN
Αρετή του Μάρτυρα,殉道美德,zh-CN
Ασημένιο Κουτάλι,银汤匙,zh-CN
Ασπίδα για Έναν,单身板甲,zh-CN
Ασπίδα του Συμβούλου,金锅锅冠冕,zh-CN
Αστρικός Συνδυασμός,星界连招,zh-CN
Αστρομάντης,观星者,zh-CN
Ατσάλινοι Πόροι,黑铁资产,zh-CN
Αυγή στο Σίλβερμιρ,密银黎明,zh-CN
Αυτοσχέδια Πανοπλία,应急护甲,zh-CN
Αφύπνιση Ψυχής,灵魂唤醒,zh-CN
Βάρα και Σκάσε,点击即送,zh-CN
Βάρδος,巴德,zh-CN
Βέιγκαρ,维迦,zh-CN
Βίκτορ,维克托,zh-CN
Βίκτορ της Απόκρυφης Γνώσης,双城赢家,zh-CN
Βαρύ Τίμημα,不计代价,zh-CN
Βελτιστοποίηση,可大可小,zh-CN
Βεξ,薇古丝,zh-CN
Βιονικά Εμφυτεύματα,源计划植入,zh-CN
Βιονική Ζεύξη,源计划上行链路,zh-CN
Βοσκός,牧羊人,zh-CN
Βρες Το Κέντρο Σου,C位的觉悟,zh-CN
Γ.Μ.Τ. Σπαθί,暴风之剑,zh-CN
Γάντι του Κενού,虚空护手,zh-CN
Γάντια Μονομαχίας,拳套,zh-CN
Γάντια του Κλέφτη,窃贼手套,zh-CN
Γάντια του Φούρναρη,连指手套,zh-CN
Γαλαξιακός Κυνηγός,天煞,zh-CN
Γαριδρομέας,峡谷迅捷蟹,zh-CN
Γιαταγάνι Φαντασμάτων,幽魂弯刀,zh-CN
Γκναρ,纳尔,zh-CN
Γκουέν,格温,zh-CN
Γκράγκας,古拉加斯,zh-CN
Γκρέιβς,格雷福斯,zh-CN
Γκόλεμ,魔像,zh-CN
Γνωσιακή Υπερφόρτιση,认知过载,zh-CN
Γνωσιακό Κόστος,认知税,zh-CN
Γρήγορη Διπλή Εξόντωση,一波带走俩,zh-CN
Γρήγορη Εκκίνηση,博弈开启,zh-CN
Δάκρυ της Θεάς,女神之泪,zh-CN
Δάνειο για προχωρημένους,高级贷款,zh-CN
Δίδυμοι Φύλακες,双子守护神,zh-CN
Δεν Υποχωρούμε,坚守防线,zh-CN
Δεσμευτική Στρατηγική,硬性承诺,zh-CN
Διάβρωση,腐蚀,zh-CN
Διάταξη,列队,zh-CN
Διαδρομή Πολέμου,征战之路,zh-CN
Διαστημικός Ρυθμός,太空律动,zh-CN
Διεκδικητής,挑战者,zh-CN
Διεφθαρμένο Βαμπιρικό Σκήπτρο,黑暗吸血鬼节杖,zh-CN
Διοικήτρια Άνιμα,幻灵指挥官,zh-CN
Διοικητής,最高指挥官,zh-CN
Διπλή Αξία,由二生D,zh-CN
Δοκίμασε Την Τύχη Σου,手气不错,zh-CN
Δόντι του Νάσορ,纳什之牙,zh-CN
Δόρυ του Σοτζίν,朔极之矛,zh-CN
Δύο Ντούκια,坦度成双,zh-CN
Δώρο Γενεθλίων,生日礼物,zh-CN
Δώσε,物尽其用,zh-CN
Εδραιωμένη Εμπροσθοφυλακή,前线地基,zh-CN
Εδώ οι Καλές Ενισχύσεις,1个霸符，2个霸符,zh-CN
Εδώ το Παραδάκι,贪财,zh-CN
Ειδικός Τελικών Σταδίων Παιχνιδιού,后期专家,zh-CN
Εισβολέας Ζεντ,天煞灭影：劫,zh-CN
Εκπαίδευση Σωματοφύλακα,利落保镖,zh-CN
Εκπτώσεις-φωτιά,火爆甩卖,zh-CN
Εκρηκτική Ανάπτυξη,爆炸式增长,zh-CN
Εκστρατεία,远征,zh-CN
Ελαφρώς Μαγική Ζαριά,轻量魔法投掷,zh-CN
Ελεύθερος Σκοπευτής,狙神,zh-CN
Εμπορικός Πυρήνας,贸易中心,zh-CN
Εμπορικός Τομέας,DD街区,zh-CN
Εμπροσθοφυλακή,重装战士,zh-CN
Ενισχυμένη Ισχύς,强化之能量,zh-CN
Εξολοθρευτής,灭星尊,zh-CN
Εξόριστοι,浪人,zh-CN
Εξύψωση,飞升,zh-CN
Επέκταση,节外生枝,zh-CN
Επένδυση,投资,zh-CN
Επίχρυσο Ατσάλι,镀金钢铁,zh-CN
Επαγγελματίας Δολοφόνος,职业杀手,zh-CN
Επαγγελματίας Μαχητής,赏金战士,zh-CN
Επανεκκίνηση Αποστολής,重启任务,zh-CN
Επιζών,幸存者,zh-CN
Επικίνδυνες Κινήσεις,冒险举动,zh-CN
Επικό Μπαρμπούτι,8级D干的传说,zh-CN
Επιλέξτε Χαρακτηριστικό,选择羁绊,zh-CN
Επόμενη Πίστα!,升级咯！,zh-CN
Εστιασμένο Πυρ,集中火力,zh-CN
Ευελιξία,灵活摇摆,zh-CN
Ευλογία Ανάστασης,复活恩赐,zh-CN
Ευλογία του Νταή,斗神的恩赐,zh-CN
Ευπροσάρμοστο Κράνος,适应性头盔,zh-CN
Εφεδρικά Τόξα,战时补给：反曲之弓,zh-CN
Ζάια,霞,zh-CN
Ζέφυρος,灵风,zh-CN
Ζεντ,劫,zh-CN
Ζεύξη με Ντρόουν,无人机上行链路,zh-CN
Ζοφερός Κήρυκας του Ζέκε,基克的阴森先驱,zh-CN
Ζωντανή Πυρά,活体锻炉,zh-CN
Ζόη,佐伊,zh-CN
Ζώνη του Γίγαντα,巨人腰带,zh-CN
Η Έξαρση της Κέιλ,凯尔的崇拜,zh-CN
Η Ακτινοβόλος Έξαρση της Κέιλ,凯尔的光明崇拜,zh-CN
Η Αύρα της Άρι,阿狸的光环,zh-CN
Η Εμμονή του Βάρους,韦鲁斯的执念,zh-CN
Η Μεγάλη Έκρηξη,宇宙大爆炸,zh-CN
Η Ξιφασκία του Υασούο,亚索的剑艺,zh-CN
Η Υπομονή Είναι Αρετή,耐心是一种美德,zh-CN
Η Υπομονή του Έκκο,艾克的耐心,zh-CN
Η Ψυχή του Πάρτι,汪星机器人,zh-CN
Η ομάδα πάνω απ' όλα,集结战队,zh-CN
Ηλεκτροφόρτιση,电火花,zh-CN
Ημιαγωγός,半导体装置,zh-CN
Ηρωικός Σάκος Δώρων,英勇福袋,zh-CN
Θέατρο Σκιών,暗影木偶,zh-CN
Θέληση του Ροπάλου,权杖意志,zh-CN
Θαμμένοι Θησαυροί,珍藏财宝,zh-CN
Θανάσιμα Καπέλα,更要命的帽子,zh-CN
Θεά των Όπλων,武装战姬,zh-CN
Θεϊκή Ευλογία,受到星神赐福,zh-CN
Θεϊκός Μονομάχος,斗神,zh-CN
Θυσία Αίματος,鲜血祭品,zh-CN
Θώρακας Κισσού,棘刺背心,zh-CN
Ιαματικός Αντίλαλος,修复型回响,zh-CN
Ιλλαόη,俄洛伊,zh-CN
Ιστορική Ανατροπή,绝境反击,zh-CN
Ιόνιος Σπίθα,离子火花,zh-CN
Κάδος με Παλιοσίδερα,打捞桶,zh-CN
Κάι'Σα,卡莎,zh-CN
Κάλεσμα στο Χάος,混沌召唤,zh-CN
Κάπα του Συμβούλου,金锅铲冠冕,zh-CN
Κάρμα,卡尔玛,zh-CN
Κάτι Κάνω και Εγώ,有用之材,zh-CN
Κέιτλιν,凯特琳,zh-CN
Κήρυκας του Ζέκε,基克的先驱,zh-CN
Κίντρεντ,千珏,zh-CN
Καβγατζής,斗士,zh-CN
Καθαρό Μυαλό,清晰头脑,zh-CN
Κακόβουλα Έσοδα,恶意货币化,zh-CN
Καλά Φιλαράκια,最佳好友,zh-CN
Κανόνι από Γυαλί,玻璃大炮,zh-CN
Καπέλο του Ράμπαντον,灭世者的死亡之帽,zh-CN
Καρδιά από Ατσάλι,心之钢,zh-CN
Καταιγίδα του Λούντεν,卢登的激荡,zh-CN
Καταναλωτική Μανία,大买特买,zh-CN
Καταραμένη Λεπίδα,诅咒之刃,zh-CN
Καταραμένο Πετράδι,枯萎珠宝,zh-CN
Καταραμένο Στέμμα,诅咒冠冕,zh-CN
Καταστροφέας,末日使者,zh-CN
Κατοπτρισμένη Προσωπικότητα,镜像人格面具,zh-CN
Κατώτερη Κατοπτρισμένη Προσωπικότητα,次级镜像人格面具,zh-CN
Καχουναχούνα,秘传奥义,zh-CN
Κολοσσιαία Ύδρα,巨型九头蛇,zh-CN
Κοσμική Επανεκκίνηση,星界重启,zh-CN
Κουζίνα του Συμβούλου,锅铲厨房,zh-CN
Κουκλοποίηση,假人化,zh-CN
Κούκλα Εκπαίδευσης,训练假人,zh-CN
Κούκλες Δοκιμής Σύγκρουσης,碰撞测试假人,zh-CN
Κρίσιμη Επιτυχία,战时补给：拳套,zh-CN
Κριτής,法官,zh-CN
Κρυφό Εργαστήριο,休眠锻炉,zh-CN
Κυνήγι Θησαυρού,寻宝,zh-CN
Κυρτό Τόξο,反曲之弓,zh-CN
Κόκκινη Ενίσχυση,红霸符,zh-CN
Κόπανος Εφόδου,强袭者的链枷,zh-CN
Κόρκι,库奇,zh-CN
Κύπελλο της Δύναμης,能量圣杯,zh-CN
ΛεΜπλάν,乐芙兰,zh-CN
Λεγεώνα των Τριών,三幻神,zh-CN
Λειτουργία Αγωγού,神谕模式,zh-CN
Λειτουργία Αντιγραφέα,魔术师模式,zh-CN
Λειτουργία Διεκδικητή,挑战者模式,zh-CN
Λελογισμένη Ήττα,存心失利,zh-CN
Λεπίδα Θανάτου,死亡之刃,zh-CN
Λεπίδα της Νύχτας,夜之锋刃,zh-CN
Λεόνα,蕾欧娜,zh-CN
Ληστεία Συστατικών,散件丰收日,zh-CN
Λισάντρα,丽桑卓,zh-CN
Λογαριασμός Ταμιευτηρίου,储蓄账户,zh-CN
Λούλου,璐璐,zh-CN
Λυτρωτής,救世主,zh-CN
Μάζωξη γενεθλίων,生日聚会,zh-CN
Μάντης,命运祭司,zh-CN
Μάστερ Γι,易,zh-CN
Μέγιστο Build,顶尖构筑,zh-CN
Μένουμε Ενωμένοι,水乳交融,zh-CN
Μίλιο,米利欧,zh-CN
Μίνι Μαύρη Τρύπα,迷你黑洞,zh-CN
Μαγική Ζαριά,魔法投掷,zh-CN
Μαγικό Υφαντό,纺织魔法,zh-CN
Μαγοτεχνικό Σπαθοπίστολο,海克斯科技枪刃,zh-CN
Μαζί Ενωμένοι,联合作战,zh-CN
Μαζί στο Φως των Προβολέων του Υασούο,亚索的共享聚光灯,zh-CN
Μαθήματα Πυγμαχίας,拳击课程,zh-CN
Μανδύας Εξουδετέρωσης,负极斗篷,zh-CN
Μανδύας του Ήλιου,日炎斗篷,zh-CN
Μαοκάι,茂凯,zh-CN
Μεγάλοι Και Τρανοί,大而有力,zh-CN
Μερική Εξύψωση,部分飞升,zh-CN
Μεταφορά Φορτίου,充能转移,zh-CN
Μια Ένδοξη Περιπέτεια,崇高冒险,zh-CN
Μικροί Στο Μάτι,小而致命,zh-CN
Μικροσκοπικοί Τιτάνες,小巨人,zh-CN
Μικρούληδες Φίλοι,小伙伴,zh-CN
Μικρός Σάκος Δώρων,小小福袋,zh-CN
Μιπ,木灵族,zh-CN
Μιπίδιο,小木灵,zh-CN
Μις Φόρτσουν,厄运小姐,zh-CN
Μοργκάνα,莫甘娜,zh-CN
Μορελονομικόν,莫雷洛秘典,zh-CN
Μορντεκάιζερ,莫德凯撒,zh-CN
Μπελ'Βεθ,卑尔维斯,zh-CN
Μπλίτζκρανκ,布里茨,zh-CN
Μπλε Ενίσχυση,蓝霸符,zh-CN
Μπονκ!,邦！,zh-CN
Μπράιαρ,贝蕾亚,zh-CN
Νάμι,娜美,zh-CN
Νάσους,内瑟斯,zh-CN
Νεοσύλλεκτος,新人入队,zh-CN
Νούνου και Γουίλαμπ,努努和威朗普,zh-CN
Ντιάνα,黛安娜,zh-CN
Ντόρτια,四费增援,zh-CN
Νύχι του Δράκου,巨龙之爪,zh-CN
Νύχια του Λωποδύτη,暗行者之爪,zh-CN
Ο Δολοφόνος που δεν Κάνει Διακρίσεις,无差别攻击,zh-CN
Ο Πάγκος της Πανδώρας,潘朵拉的备战席,zh-CN
Ο Πρωταγωνιστής δεν Πεθαίνει,应急护盾,zh-CN
Ο Πύργος,高塔,zh-CN
Ο Χρυσός Δράκος,金霖龙,zh-CN
Ο πιο Μικροσκοπικός Τιτάνας,最小巨人,zh-CN
"ΟΧΙ ΠΑΡΑΚΟΛΟΥΘ., ΟΧΙ ΑΛΛΑΓΕΣ",不侦察，不变阵,zh-CN
Οι Απροσάρμοστοι,异类,zh-CN
"Οικονόμος, όχι Τσιγκούνης",明智消费,zh-CN
Ολοκαίνουργιο,军工1号,zh-CN
Ομαδική Αγκαλιά,拥抱,zh-CN
Οπτικά Συστήματα Στόχευσης,锁敌光学设备,zh-CN
Οργή του Κράκεν,海妖之怒,zh-CN
Οργανικό Εμφύτευμα,共感植入,zh-CN
Οργισμένο Σπαθί του Γκουίνσου,鬼索的狂暴之刃,zh-CN
Ορν,奥恩,zh-CN
Ουρά Αναμονής Για Δύο,双排,zh-CN
Ούργκοτ,厄加特,zh-CN
Πάικ,派克,zh-CN
Πάνθεον,潘森,zh-CN
Πέπλο Δειλινού,薄暮法袍,zh-CN
Πέπλο της Σιωπής,静止法衣,zh-CN
Πέτρινη Πανοπλία του Γκαργκόιλ,石像鬼石板甲,zh-CN
Πακέτο Ενίσχυσης,扩展包,zh-CN
Πακέτο Φροντίδας,关爱包裹,zh-CN
Πανοπλία του Γόρμογκ,狂徒铠甲,zh-CN
Παρανοϊκό Ξίφος,智慧末刃,zh-CN
Παρασιτική Ζωτικότητα,吸血生命力,zh-CN
Παρενέργειες,副作用,zh-CN
Περίσσευμα Ζωνών,腰带溢流,zh-CN
Περίσσευμα Ραβδιών,法杖溢流,zh-CN
Περίσσευμα Σπαθιών,大剑溢流,zh-CN
Περίτεχνη Δημιουργία,精心打造,zh-CN
Περικάρπιο του Ερευνητή,探索者的护臂,zh-CN
Περιττά Τεράστια Ράβδος,无用大棒,zh-CN
Περπάτα στα Κάρβουνα,火上浇油,zh-CN
Πετραδένιο Γάντι,珠光护手,zh-CN
Πετραδένιος Λωτός,珠光莲花,zh-CN
Πηγαίνοντας Μακριά,遥遥领先,zh-CN
Πιο Θανάσιμες Λεπίδες,更要命的战刃,zh-CN
Πλέγμα Κακόβουλου Λογισμικού,恶意软件矩阵,zh-CN
Πνεύμα Λύτρωσης,救赎盔甲,zh-CN
Πολλά Στατιστικά!,成吨的属性！,zh-CN
Πολλές Ανανεώσεις,D个痛快！,zh-CN
Πολυκαιρισμένο Κειμήλιο,枯萎圣物,zh-CN
Πολυτελής Συνδρομή,奢侈品订购,zh-CN
Πολύπλευρο Κέρδος,登上最高峰,zh-CN
Πριμόρντιαν,海魔人,zh-CN
Πρισματικό Εισιτήριο,棱彩门票,zh-CN
Προνοητική Σκέψη,前瞻思维,zh-CN
Προστασία από Άπειρο,三相庇护,zh-CN
Προτείχισμα,堡垒卫士,zh-CN
Προτείχισμα,暮光铁壁,zh-CN
Πρόκληση του Στέρακ,斯特拉克的挑战护手,zh-CN
Πρώιμες Διδαχές,宝宝学院,zh-CN
Πόπι,波比,zh-CN
Πύλη Ζζ'Ροτ,兹若特传送门,zh-CN
Ράαστ,拉亚斯特,zh-CN
Ράβδος του Κενού,虚空之杖,zh-CN
Ράβδος των Σεραφίμ,炽天使之拥,zh-CN
Ράμους,拉莫斯,zh-CN
Ρίβεν,锐雯,zh-CN
Ραβδί Αρχάγγελου,大天使之杖,zh-CN
Ρεκ'Σάι,雷克塞,zh-CN
Σάκος Δώρων,装备百宝袋,zh-CN
Σάκος Δώρων του Ουρφ,阿福的百宝袋,zh-CN
Σάκος Μεγάλου Κάβουρα,大百宝袋,zh-CN
Σαμίρα,莎弥拉,zh-CN
Σεν,慎,zh-CN
Σιδερόπλεκτο Γιλέκο,锁子甲,zh-CN
Σκοτεινή Κυρία,黑暗魔女,zh-CN
Σκοτεινό Άστρο,暗星,zh-CN
Σκοτεινός Ιππότης,狂战士,zh-CN
Σκοτισμένο Μυαλό,纷乱头脑,zh-CN
Σμιλεμένο με Δύναμη,神力天铸,zh-CN
Σοκολατάκια,甜点,zh-CN
Σούφρωμα,挖角,zh-CN
Σπάτουλα,金铲铲,zh-CN
Στέμμα του Συμβούλου,金铲铲冠冕,zh-CN
Στεμματοφύλακας,冕卫,zh-CN
Στιλέτο Στατικού Ηλεκτρισμού,斯塔缇克电刃,zh-CN
Στόχος μας τα Άστρα,摘星之志,zh-CN
Συγκέντρωση Δυνάμεων,复苏之风,zh-CN
Συγκέντρωση Ορίζοντα,视界专注,zh-CN
Συμμορία,窃贼帮派,zh-CN
Συμμορία II,窃贼帮派 II,zh-CN
Συνδρομητική Υπηρεσία,订阅服务,zh-CN
Συνεχής Επίκληση,战时补给：无用大棒,zh-CN
Συντήρηση Βιοΰλης,生物质维护器,zh-CN
Σφαίρες Θεραπείας,治疗法球,zh-CN
Σχέδιο Οπισθοφυλακής,后排蓝图,zh-CN
Σόλο Άνοδος Επιπέδου,独自升级,zh-CN
Σόνα,娑娜,zh-CN
Σύμμαχος του Οδοιπόρου,游神的盟友,zh-CN
Σύσφιξη Δεσμών,团队建设,zh-CN
Τάλον,泰隆,zh-CN
Τίμο,提莫,zh-CN
Τα Δάκρυα Κύλησαν,战时补给：女神之泪,zh-CN
Ταμ Κεντς,塔姆,zh-CN
Ταμπλό του Ήλιου,日炎棋盘,zh-CN
Ταξιδευτής,旅人,zh-CN
Τελευταίος Ψίθυρος,最后的轻语,zh-CN
Τερμιπική Ταχύτητα,飙速木灵,zh-CN
Τεχνίτης Ραβδιών,杖之工匠,zh-CN
Τεχνίτης Σπαθιών,剑之工匠,zh-CN
Τζαξ,贾克斯,zh-CN
Τζιν,烬,zh-CN
Τζινξ,金克丝,zh-CN
Τηγάνι,金锅锅,zh-CN
Τιμή σε Αίμα,猩红报偿,zh-CN
Τιμή του Πολέμαρχου,猛将的荣耀,zh-CN
Το Ένστικτο της Έβελιν,伊芙琳的本能,zh-CN
Το Δέντρο των Χαρακτηριστικών,羁绊树,zh-CN
Το Δώρο της Άρι,阿狸的恩赐,zh-CN
Το Δώρο της Έβελιν,伊芙琳的恩赐,zh-CN
Το Δώρο της Κέιλ,凯尔的恩赐,zh-CN
Το Δώρο της Σοράκα,索拉卡的恩赐,zh-CN
Το Δώρο του Έκκο,艾克的恩赐,zh-CN
Το Δώρο του Βάρους,韦鲁斯的恩赐,zh-CN
Το Δώρο του Θρες,锤石的恩赐,zh-CN
Το Δώρο του Υασούο,亚索的恩赐,zh-CN
Το Δώρο του Ωρέλιον Σολ,奥瑞利安·索尔的恩赐,zh-CN
Το Θαύμα της Σοράκα,索拉卡的奇迹,zh-CN
Το Λημέρι του Βαρόνου,男爵幻域,zh-CN
Το Μέγεθος Μετράει,尺寸至上,zh-CN
Το Πανίσχυρο Mech,超级机甲,zh-CN
Το Στέμμα Είναι Βαρύ,王冠之重,zh-CN
Το Τέχνασμα του Ουρφ,海牛阿福的锅铲战术,zh-CN
Το Τεσσάρι το Καλό,愿四费与你同在,zh-CN
Το Τόξο μου στη Διάθεσή σου,吾弓听命于您,zh-CN
Το Φανάρι του Θρες,锤石的灯笼,zh-CN
Το Χαρντκόρε Της Αυγής,黎明核心,zh-CN
Το Χρυσό Αυγό,金蛋,zh-CN
Τονωτικό Μενταγιόν,激发之匣,zh-CN
Τουίστεντ Φέιτ,崔斯特,zh-CN
Τρίδυμο,三项赛,zh-CN
Τρεμολεπίδες,烁刃,zh-CN
Τσεκούρι της Κόλασης,恶火小斧,zh-CN
Τσο'Γκαθ,科加斯,zh-CN
Τυχερά Γάντια,幸运手套,zh-CN
Τόμος Χαρακτηριστικών,纹章之书,zh-CN
"Τώρα Κλαις, Γιατί Κλαις",泪流成河,zh-CN
Τώρα Που Έχω Ρέντα,升星之运,zh-CN
ΥΠΕΡΤΑΧYΤΑΤΟ ΠΥΡ,厨神阿福,zh-CN
Υδράργυρος,水银,zh-CN
Υπέρλαμπρος Κατεργάρης,光明无赖,zh-CN
Υπομονετική Μελέτη,耐心学习,zh-CN
Υφάντρα της Μοίρας,织命人,zh-CN
Υψηλή Τάση,高压电,zh-CN
Φαρμάρισμα Αύρας,低调炫耀,zh-CN
Φιζ,菲兹,zh-CN
Φιόρα,菲奥娜,zh-CN
Φλεγόμενο Ολμοβόλο,疾射火炮,zh-CN
Φολιδωτή Ουσία,金鳞精粹,zh-CN
Φονέας Γιγάντων,巨人杀手,zh-CN
Φορητό Εργαστήριο,便携锻炉,zh-CN
Φτιάξε Έναν Φίλο,锻造挚友,zh-CN
Φτιάξε τον Δικό σου Φίλο,来个好伙计,zh-CN
Φτιάξτε έναν σύντροφο,挑个好伙计！,zh-CN
Φυλαχτό της Εξύψωσης,飞升护符,zh-CN
Χάλκινη για Πάντα,终身黄铜,zh-CN
Χέρι της Δικαιοσύνης,正义之手,zh-CN
Χαμένες Συνδέσεις,别再错过,zh-CN
Χαράξτε Μονοπάτι,战时补给：暴风大剑,zh-CN
Χαρτζιλίκι,午餐钱,zh-CN
Χρηματοθύελλα,摇钱树,zh-CN
Χρονοθραύστης,未来战士,zh-CN
Χρυσό Εξάγωνο του Υασούο,亚索的黄金格,zh-CN
Χρυσό Ποντάρισμα,黄金赌约,zh-CN
Χυμός Κάπα,帽子饮品,zh-CN
Ψαροκόκκαλο,鱼骨头,zh-CN
Ψυχογενές Έμβλημα,灵能特工纹章,zh-CN
Ψυχογενής,灵能特工,zh-CN
Ωρέλιον Σολ,奥瑞利安·索尔,zh-CN
Ωρολογιακός Επιταχυντής,发条增速器,zh-CN
Ωρόρα,阿萝拉,zh-CN
Авангард,重装战士,zh-CN
Аврора,阿萝拉,zh-CN
Агрессивная монетизация,恶意货币化,zh-CN
Адаптивный шлем,适应性头盔,zh-CN
Акали,阿卡丽,zh-CN
Арбитр,法官,zh-CN
Арена солнечного пламени,日炎棋盘,zh-CN
Атрокс,亚托克斯,zh-CN
Аугментированная сила,强化之能量,zh-CN
Аура Ари,阿狸的光环,zh-CN
Аурелион Сол,奥瑞利安·索尔,zh-CN
Бард,巴德,zh-CN
Башня,高塔,zh-CN
Бел'Вет,卑尔维斯,zh-CN
Бесконечное отчаяние,无终恨意,zh-CN
Благословлен.,受到星神赐福,zh-CN
Близость удачи,手气不错,zh-CN
Блицкранк,布里茨,zh-CN
Божественный дуэлянт,斗神,zh-CN
Более смертельные шляпы,更要命的帽子,zh-CN
Больше – лучше,尺寸至上,zh-CN
Большой взрыв,宇宙大爆炸,zh-CN
Большой мешок с сюрпризом,大百宝袋,zh-CN
Боньк!,邦！,zh-CN
Брайер,贝蕾亚,zh-CN
Бронза навек,终身黄铜,zh-CN
Бунтари,异类,zh-CN
Буря Людена,卢登的激荡,zh-CN
Бустер,扩展包,zh-CN
В лучах славы (Ясуо),亚索的共享聚光灯,zh-CN
В ударе,升星之运,zh-CN
Варежки,连指手套,zh-CN
Вверх по головам,攀登天梯,zh-CN
Вейгар,维迦,zh-CN
Векс,薇古丝,zh-CN
Вербовка,新人入队,zh-CN
Верное сердце,坚定之心,zh-CN
Вестник Зика,基克的先驱,zh-CN
Вестник рока,末日使者,zh-CN
Вечерний покров,薄暮法袍,zh-CN
Вечное обновление,D个痛快！,zh-CN
Вечный договор,永恒契约,zh-CN
Взрывной рост,爆炸式增长,zh-CN
Виктор,维克托,zh-CN
Возвышение Кейл,凯尔的崇拜,zh-CN
Возмездие,正义报复,zh-CN
Вознесение,飞升,zh-CN
Волевая победа,绝境反击,zh-CN
Воля булавы,权杖意志,zh-CN
Воровская шайка,窃贼帮派,zh-CN
Воровская шайка II,窃贼帮派 II,zh-CN
Восстанавливающий медальон,激发之匣,zh-CN
Вредоносная матрица,恶意软件矩阵,zh-CN
Вредоносный самоцвет,枯萎珠宝,zh-CN
Второе дыхание,复苏之风,zh-CN
Выбор особенности,选择羁绊,zh-CN
Выбор сделан,不侦察，不变阵,zh-CN
Выгодное предложение,明智消费,zh-CN
Выживший,幸存者,zh-CN
Высокая ценность,由二生D,zh-CN
Высокое напряжение,高压电,zh-CN
Галактика грува,太空律动,zh-CN
Гамбит Урфа,海牛阿福的锅铲战术,zh-CN
Гвен,格温,zh-CN
Герб Лайтшилдов,光盾徽章,zh-CN
Геройский мешок с сюрпризом,英勇福袋,zh-CN
Гибкость,灵活摇摆,zh-CN
Гнар,纳尔,zh-CN
Голем,魔像,zh-CN
Головокружение,纷乱头脑,zh-CN
Головорез,游侠,zh-CN
Горнило испытаний,神力天铸,zh-CN
Грабеж,挖角,zh-CN
Грагас,古拉加斯,zh-CN
Грань Бесконечности,无尽之刃,zh-CN
Грань ночи,夜之锋刃,zh-CN
Грейвз,格雷福斯,zh-CN
Гроза Личей,巫妖之祸,zh-CN
Гроза галактики,武装战姬,zh-CN
Групповые обнимашки,拥抱,zh-CN
Гуляка,汪星机器人,zh-CN
Да пребудет с вами сила четверки,愿四费与你同在,zh-CN
Дальновидность,前瞻思维,zh-CN
Дар Ари,阿狸的恩赐,zh-CN
Дар Аурелиона Сола,奥瑞利安·索尔的恩赐,zh-CN
Дар Варуса,韦鲁斯的恩赐,zh-CN
Дар Кейл,凯尔的恩赐,zh-CN
Дар Сораки,索拉卡的恩赐,zh-CN
Дар Треша,锤石的恩赐,zh-CN
Дар Эвелинн,伊芙琳的恩赐,zh-CN
Дар Экко,艾克的恩赐,zh-CN
Дар Ясуо,亚索的恩赐,zh-CN
Дар возрождения,复活恩赐,zh-CN
Дар ремесленника,斗神的恩赐,zh-CN
Два стража,双子守护神,zh-CN
Двойная защита,坦度成双,zh-CN
Дебошир,斗士,zh-CN
Дерево особенностей,羁绊树,zh-CN
Держать строй!,坚守防线,zh-CN
Держимся вместе,水乳交融,zh-CN
Джакс,贾克斯,zh-CN
Джин,烬,zh-CN
Джинкс,金克丝,zh-CN
Диана,黛安娜,zh-CN
Добродетель мученика,殉道美德,zh-CN
Доспех Вармога,狂徒铠甲,zh-CN
Драгоценная перчатка,珠光护手,zh-CN
Драгоценный лотос,珠光莲花,zh-CN
Дух искупления,救赎盔甲,zh-CN
Жажда золота,贪财,zh-CN
Железный аргумент,黑铁资产,zh-CN
Живая кузница,活体锻炉,zh-CN
Живучесть вампира,吸血生命力,zh-CN
Жулик,花到上头,zh-CN
Задира,挑战者,zh-CN
Закопанные сокровища,珍藏财宝,zh-CN
Западный ветер,灵风,zh-CN
Запасные луки,战时补给：反曲之弓,zh-CN
Запретный идол,禁忌雕像,zh-CN
Заточка Статикка,斯塔缇克电刃,zh-CN
Защита вечности,三相庇护,zh-CN
Звездная комбинация,星界连招,zh-CN
Звездочет,观星者,zh-CN
Звериный отряд,幻灵战队,zh-CN
Зед,劫,zh-CN
Зеркальное отражение,镜像人格面具,zh-CN
Златоносная сущность,金鳞精粹,zh-CN
Зов хаоса,混沌召唤,zh-CN
Зои,佐伊,zh-CN
Золотая ячейка Ясуо,亚索的黄金格,zh-CN
Золотое яйцо,金蛋,zh-CN
Золотой дракон,金霖龙,zh-CN
Золотой риск,黄金赌约,zh-CN
Золотой ураган,摇钱树,zh-CN
Зуб Нашора,纳什之牙,zh-CN
Игра в команде,集结战队,zh-CN
Игра в паре,双排,zh-CN
Игра вдолгую,遥遥领先,zh-CN
Избиение,物尽其用,zh-CN
Изгнание,浪人,zh-CN
Изогнутый лук,反曲之弓,zh-CN
Иллаой,俄洛伊,zh-CN
Инвестиции,投资,zh-CN
Инстинкты Эвелинн,伊芙琳的本能,zh-CN
Ионийская искра,离子火花,zh-CN
Искупитель,救世主,zh-CN
Искусное искусство,精心打造,zh-CN
Испытание Стерака,斯特拉克的挑战护手,zh-CN
Иссушенная реликвия,枯萎圣物,zh-CN
Истребитель,灭星尊,zh-CN
Кай'Са,卡莎,zh-CN
Какой ценой?,不计代价,zh-CN
Каменный доспех гаргульи,石像鬼石板甲,zh-CN
Карма,卡尔玛,zh-CN
Карманные деньги,午餐钱,zh-CN
Карьерный рост,上进心,zh-CN
Кахунахуна,秘传奥义,zh-CN
Кейтлин,凯特琳,zh-CN
Киберимпланты,源计划植入,zh-CN
Киберподдержка,源计划上行链路,zh-CN
Киндред,千珏,zh-CN
Клинок смерти,死亡之刃,zh-CN
Клинок ярости Гинсу,鬼索的狂暴之刃,zh-CN
Клятва защитника,圣盾使的誓约,zh-CN
Клятва рыцаря,骑士之誓,zh-CN
Книга особенностей,纹章之书,zh-CN
Когнитивная нагрузка,认知税,zh-CN
Когнитивная перегрузка,认知过载,zh-CN
Коготь дракона,巨龙之爪,zh-CN
Коготь охотника,暗行者之爪,zh-CN
Кольчуга,锁子甲,zh-CN
Командир,最高指挥官,zh-CN
Командир Звериного отряда,幻灵指挥官,zh-CN
Конструктор,来个好伙计,zh-CN
Копье Седзина,朔极之矛,zh-CN
Корки,库奇,zh-CN
Королевский венец,冕卫,zh-CN
Корона тактика,金铲铲冠冕,zh-CN
Коррозия,腐蚀,zh-CN
Космическое обновление,星界重启,zh-CN
Кража компонентов,散件丰收日,zh-CN
Красное усиление,红霸符,zh-CN
Критический успех,战时补给：拳套,zh-CN
Кровавая цена,猩红报偿,zh-CN
Кровавое подношение,鲜血祭品,zh-CN
Кровопийца,饮血剑,zh-CN
Крошки-великаны,小巨人,zh-CN
Крупный займ,高级贷款,zh-CN
Кузница апофеоза,神赐锻炉,zh-CN
Кусочек жизни,人生切片,zh-CN
Кухня тактика,锅铲厨房,zh-CN
Ле Блан,乐芙兰,zh-CN
Легион троек,三幻神,zh-CN
Леденящий Вестник Зика,基克的阴森先驱,zh-CN
Леона,蕾欧娜,zh-CN
Летающие ножи,烁刃,zh-CN
Лиссандра,丽桑卓,zh-CN
Логово Барона,男爵幻域,zh-CN
Лопатка,金铲铲,zh-CN
Лулу,璐璐,zh-CN
Лучезарное возвышение Кейл,凯尔的光明崇拜,zh-CN
Лучезарный плут,光明无赖,zh-CN
Лучшая сборка,顶尖构筑,zh-CN
Лучшие друзья,最佳好友,zh-CN
Магические кости,魔法投掷,zh-CN
"Мал, да удал",小而致命,zh-CN
Малая черная дыра,迷你黑洞,zh-CN
Маленькие друзья,小伙伴,zh-CN
Малое Зеркальное отражение,次级镜像人格面具,zh-CN
Манекенофикация,假人化,zh-CN
Манекены для краш-тестов,碰撞测试假人,zh-CN
Мантия тактика,金锅铲冠冕,zh-CN
Маокай,茂凯,zh-CN
Мародер,狂战士,zh-CN
Мастер Йи,易,zh-CN
Мастер мечей,剑之工匠,zh-CN
Мастер посохов,杖之工匠,zh-CN
Мастерство Ясуо,亚索的剑艺,zh-CN
Медальон Железных Солари,钢铁烈阳之匣,zh-CN
Мешок предметов,装备百宝袋,zh-CN
Мешок с сюрпризом Урфа,阿福的百宝袋,zh-CN
Милио,米利欧,zh-CN
Минмаксинг,可大可小,zh-CN
Мипер,木灵族,zh-CN
Мипоритка,小木灵,zh-CN
Мисс Фортуна,厄运小姐,zh-CN
Могучие исполины,大而有力,zh-CN
Моргана,莫甘娜,zh-CN
Мордекайзер,莫德凯撒,zh-CN
Мореллономикон,莫雷洛秘典,zh-CN
Мощь на позднем этапе,后期收益,zh-CN
Н.О.В.А.,新星特攻队,zh-CN
Набор ауры,低调炫耀,zh-CN
Наемный убийца,职业杀手,zh-CN
Накидка солнечного пламени,日炎斗篷,zh-CN
Накопитель биомассы,生物质维护器,zh-CN
Накопительный вклад,储蓄账户,zh-CN
Нами,娜美,zh-CN
Наручи Искательницы,探索者的护臂,zh-CN
Настоящий триумф,登上最高峰,zh-CN
Насус,内瑟斯,zh-CN
Небольшой мешок с сюрпризом,小小福袋,zh-CN
Непрерывное колдовство,战时补给：无用大棒,zh-CN
Несокрушимый,堡垒卫士,zh-CN
Нет на месте,开摆,zh-CN
Неукротимость,顽强不屈,zh-CN
Нечестивый Вампирский скипетр,黑暗吸血鬼节杖,zh-CN
Новинка,军工1号,zh-CN
Новый уровень!,升级咯！,zh-CN
Номер один,别再错过,zh-CN
Нуну и Виллумп,努努和威朗普,zh-CN
Облачение духов,振奋盔甲,zh-CN
Обновление с капелькой магии,轻量魔法投掷,zh-CN
Одержимость Варуса,韦鲁斯的执念,zh-CN
Один доспех,单身板甲,zh-CN
"Один, два, три",一，二，三,zh-CN
"Одно усиление, два усиления",1个霸符，2个霸符,zh-CN
Ожидаемая неожиданность,意料之中的意外,zh-CN
Оплот,暮光铁壁,zh-CN
Оплот передней линии,前线地基,zh-CN
Оправданное ожидание,值得等待,zh-CN
Оптика с захватом цели,锁敌光学设备,zh-CN
Оракул,命运祭司,zh-CN
Орн,奥恩,zh-CN
Охота за сокровищами,寻宝,zh-CN
Охотник Галактики,天煞,zh-CN
Пайк,派克,zh-CN
Пантеон,潘森,zh-CN
Пастух,牧羊人,zh-CN
Перезапуск миссии,重启任务,zh-CN
Переизбыток жезлов,法杖溢流,zh-CN
Переизбыток мечей,大剑溢流,zh-CN
Переизбыток поясов,腰带溢流,zh-CN
Перенос заряда,充能转移,zh-CN
Переносная кузница,便携锻炉,zh-CN
Переработка отходов,打捞桶,zh-CN
Перчатка Бездны,虚空护手,zh-CN
Перчатки вора,窃贼手套,zh-CN
Плетение магии,纺织魔法,zh-CN
Плечом к плечу,联合作战,zh-CN
Победа Виктора из ''Аркейна'',双城赢家,zh-CN
Побочные эффекты,副作用,zh-CN
Поглощающий плащ,负极斗篷,zh-CN
Подарок на день рождения,生日礼物,zh-CN
Подготовка телохранителя,利落保镖,zh-CN
Поднятие уровня в одиночку,独自升级,zh-CN
Подозрительный плащ,迷离风衣,zh-CN
Подписка,订阅服务,zh-CN
Позолоченная сталь,镀金钢铁,zh-CN
Покров тишины,静止法衣,zh-CN
Покупки,大买特买,zh-CN
Полупроводник,半导体装置,zh-CN
Поппи,波比,zh-CN
Портал Зз'Рота,兹若特传送门,zh-CN
Посох Бездны,虚空之杖,zh-CN
Посох архангела,大天使之杖,zh-CN
Посох серафима,炽天使之拥,zh-CN
Построение,列队,zh-CN
Посылка,关爱包裹,zh-CN
Пояс великана,巨人腰带,zh-CN
Празднование юбилея,生日聚会,zh-CN
Предметы Пандоры,潘朵拉的装备,zh-CN
Предсмертный шепот,最后的轻语,zh-CN
Приз победителю,赏金战士,zh-CN
Призматический билет,棱彩门票,zh-CN
Призрачная сабля,幽魂弯刀,zh-CN
Прицельная стрельба,集中火力,zh-CN
Пришелец Зед,天煞灭影：劫,zh-CN
Пробуждение души,灵魂唤醒,zh-CN
Проводник,神谕,zh-CN
Прокладывание пути,战时补给：暴风大剑,zh-CN
Проклятая корона,诅咒冠冕,zh-CN
Проклятый клинок,诅咒之刃,zh-CN
Псионик,灵能特工,zh-CN
Пугливый краб,峡谷迅捷蟹,zh-CN
Путь к вершине,崇高冒险,zh-CN
Путь к звездам,摘星之志,zh-CN
Рааст,拉亚斯特,zh-CN
"Раз, два, пять!",一，二，五！,zh-CN
Разрушитель времени,未来战士,zh-CN
Раммус,拉莫斯,zh-CN
Ранние уроки,宝宝学院,zh-CN
Распаленное пламя,火上浇油,zh-CN
Расползающиеся корни,蔓延之根,zh-CN
Распродажа,火爆甩卖,zh-CN
Расширение дела,节外生枝,zh-CN
Режим задиры,挑战者模式,zh-CN
Режим проводника,神谕模式,zh-CN
Режим репликатора,魔术师模式,zh-CN
Рек'Сай,雷克塞,zh-CN
Рекомбинатор,变形重组器,zh-CN
Реликт,海魔人,zh-CN
Репликатор,魔术师,zh-CN
Репликация,反响,zh-CN
Решимость титана,泰坦的坚决,zh-CN
Ривен,锐雯,zh-CN
Рискованный ход,冒险举动,zh-CN
Робот,霸天机甲,zh-CN
Роскошная подписка,奢侈品订购,zh-CN
Рука правосудия,正义之手,zh-CN
С места в карьер,博弈开启,zh-CN
С тобой мой лук,吾弓听命于您,zh-CN
Самира,莎弥拉,zh-CN
Самодельный доспех,应急护甲,zh-CN
Самый Лучший Меч,暴风之剑,zh-CN
Самый крошечный великан,最小巨人,zh-CN
Самый могучий робот,超级机甲,zh-CN
Свежая поставка,点击即送,zh-CN
Сверхмипная скорость,飙速木灵,zh-CN
Связь с дроном,无人机上行链路,zh-CN
Серебряная ложка,银汤匙,zh-CN
Сильвермирская заря,密银黎明,zh-CN
Симпатический имплант,共感植入,zh-CN
Синее усиление,蓝霸符,zh-CN
Скамейка Пандоры,潘朵拉的备战席,zh-CN
Скелетница,鱼骨头,zh-CN
Сковородка,金锅锅,zh-CN
Скорострельная пушка,疾射火炮,zh-CN
Сладкие угощения,甜点,zh-CN
Слеза богини,女神之泪,zh-CN
Слезы рекой,泪流成河,zh-CN
Слишком Большой Жезл,无用大棒,zh-CN
Смертельная шляпа Рабадона,灭世者的死亡之帽,zh-CN
Смертоносные клинки,更要命的战刃,zh-CN
Смерть Разума,智慧末刃,zh-CN
Снайпер,狙神,zh-CN
Создание друга,锻造挚友,zh-CN
Создание спутника,挑个好伙计！,zh-CN
Сона,娑娜,zh-CN
Союзник,游神的盟友,zh-CN
Специалист по поздним этапам,后期专家,zh-CN
Спящая кузница,休眠锻炉,zh-CN
Стальное сердце,心之钢,zh-CN
Статическое электричество,电火花,zh-CN
Стеклянная пушка,玻璃大炮,zh-CN
Странник,旅人,zh-CN
Страховой фонд,对冲基金,zh-CN
Стремительное двойное убийство,一波带走俩,zh-CN
Стремительное серебро,水银,zh-CN
Струящиеся слезы,战时补给：女神之泪,zh-CN
Суть коммерции,贸易中心,zh-CN
Сфера лечения,治疗法球,zh-CN
Счастливые перчатки,幸运手套,zh-CN
Сюжетная защита,应急护盾,zh-CN
Таам Кенч,塔姆,zh-CN
Талисман вознесения,飞升护符,zh-CN
Талон,泰隆,zh-CN
Твистед Фэйт,崔斯特,zh-CN
Темная звезда,暗星,zh-CN
Темная леди,黑暗魔女,zh-CN
Теневая марионетка,暗影木偶,zh-CN
Терновый жилет,棘刺背心,zh-CN
Терпеливый ученик,耐心学习,zh-CN
Терпение,耐心是一种美德,zh-CN
Терпение Экко,艾克的耐心,zh-CN
Тимбилдинг,团队建设,zh-CN
Тимо,提莫,zh-CN
Титаническая гидра,巨型九头蛇,zh-CN
Ткач судьбы,织命人,zh-CN
Тонны показателей!,成吨的属性！,zh-CN
Топор адского пламени,恶火小斧,zh-CN
Торговый сектор,DD街区,zh-CN
Тренировочные перчатки,拳套,zh-CN
Тренировочный манекен,训练假人,zh-CN
Триада,三项赛,zh-CN
Тропа войны,征战之路,zh-CN
Тяжел венец,王冠之重,zh-CN
У.Р.Ф.,厨神阿福,zh-CN
Убийство без разбора,无差别攻击,zh-CN
Убийца великанов,巨人杀手,zh-CN
Ургот,厄加特,zh-CN
Уроки бокса,拳击课程,zh-CN
Физз,菲兹,zh-CN
Фиора,菲奥娜,zh-CN
Фонарь Треша,锤石的灯笼,zh-CN
Хекстековый прицел,视界专注,zh-CN
Хекстековый штык,海克斯科技枪刃,zh-CN
Хитрая тактика,存心失利,zh-CN
Хоть какая-то польза,有用之材,zh-CN
Целеустремленность,硬性承诺,zh-CN
Центр внимания,C位的觉悟,zh-CN
Цеп вышибалы,强袭者的链枷,zh-CN
Часовой механизм,发条增速器,zh-CN
Частичное вознесение,部分飞升,zh-CN
Чаша силы,能量圣杯,zh-CN
Чертеж для задней линии,后排蓝图,zh-CN
Честь полководца,猛将的荣耀,zh-CN
Четырехкратное усиление,四费增援,zh-CN
Чо'Гат,科加斯,zh-CN
Чудо Сораки,索拉卡的奇迹,zh-CN
Шапучий напиток,帽子饮品,zh-CN
Шая,霞,zh-CN
Шен,慎,zh-CN
Щит тактика,金锅锅冠冕,zh-CN
Эгида рассвета,黎明圣盾,zh-CN
Эгида сумерек,黄昏圣盾,zh-CN
Эзреаль,伊泽瑞尔,zh-CN
Эксклюзивная кастомизация,专属定制,zh-CN
Экспедиция,远征,zh-CN
Эмблема Галактики грува,太空律动纹章,zh-CN
Эмблема Звериного отряда,幻灵战队纹章,zh-CN
Эмблема Н.О.В.А.,新星特攻队纹章,zh-CN
Эмблема Темной звезды,暗星纹章,zh-CN
Эмблема авангарда,重装战士纹章,zh-CN
Эмблема арбитра,法官纹章,zh-CN
Эмблема головореза,游侠纹章,zh-CN
Эмблема дебошира,斗士纹章,zh-CN
Эмблема задиры,挑战者纹章,zh-CN
Эмблема звездочета,观星者纹章,zh-CN
Эмблема мародера,狂战士纹章,zh-CN
Эмблема мипера,木灵族纹章,zh-CN
Эмблема несокрушимого,堡垒卫士纹章,zh-CN
Эмблема пастуха,牧羊人纹章,zh-CN
Эмблема псионика,灵能特工纹章,zh-CN
Эмблема разрушителя времени,未来战士纹章,zh-CN
Эмблема реликта,海魔人纹章,zh-CN
Эмблема снайпера,狙神纹章,zh-CN
Эмблема странника,旅人纹章,zh-CN
Эпические обновления,8级D干的传说,zh-CN
Эпоха,新纪元,zh-CN
Эхо восстановления,修复型回响,zh-CN
Ядро рассвета,黎明核心,zh-CN
Ярость кракена,海妖之怒,zh-CN
Ясный ум,清晰头脑,zh-CN
آتروكس,亚托克斯,zh-CN
أربعة تكسب ترقية,四费增援,zh-CN
أصغر عملاق,最小巨人,zh-CN
أطنان من الإحصاءات!,成吨的属性！,zh-CN
أفضل الأصدقاء,最佳好友,zh-CN
أكالي,阿卡丽,zh-CN
أنيما,幻灵战队,zh-CN
أورغوت,厄加特,zh-CN
أورن,奥恩,zh-CN
أورورا,阿萝拉,zh-CN
أوريليون سول,奥瑞利安·索尔,zh-CN
إرادة الصولجان,权杖意志,zh-CN
إزريال,伊泽瑞尔,zh-CN
إعادة المهمة,重启任务,zh-CN
إيلاوي,俄洛伊,zh-CN
اتصالات فائتة,别再错过,zh-CN
اختر خاصية,选择羁绊,zh-CN
اختصاصي نهاية المباراة,后期专家,zh-CN
استبدالٌ ملحمي,8级D干的传说,zh-CN
استحضار السحر المستمر,战时补给：无用大棒,zh-CN
اعثر على مركزك,C位的觉悟,zh-CN
الأحزمة الوفيرة,腰带溢流,zh-CN
الأربعة تربح,愿四费与你同在,zh-CN
الأشقياء,异类,zh-CN
الأصول الحديدية,黑铁资产,zh-CN
الأقواس الاحتياطية,战时补给：反曲之弓,zh-CN
الأمر يستحق الانتظار,值得等待,zh-CN
الإنفاق الحكيم,明智消费,zh-CN
الاتصال الآلي,源计划上行链路,zh-CN
الاتصال بالدرون,无人机上行链路,zh-CN
الاختلاس,挖角,zh-CN
الارتقاء,飞升,zh-CN
الارتقاء الجزئي,部分飞升,zh-CN
الاستبدالات الوفيرة,D个痛快！,zh-CN
الاستثمار,投资,zh-CN
الاستثمار طويل الأجل,遥遥领先,zh-CN
الاستخلاص المفيد,打捞桶,zh-CN
الاستنساخ,反响,zh-CN
الاستهلاك ضروري,物尽其用,zh-CN
الاشتراك الفخم,奢侈品订购,zh-CN
الالتزام الصارم,硬性承诺,zh-CN
الانفجار العظيم,宇宙大爆炸,zh-CN
البداية الكونية الجديدة,星界重启,zh-CN
البرج,高塔,zh-CN
البرونزي حتى النهاية,终身黄铜,zh-CN
البيضة الذهبية,金蛋,zh-CN
التآكل,腐蚀,zh-CN
التأثيرات الجانبية,副作用,zh-CN
التاج الملعون,诅咒冠冕,zh-CN
التحفة الذابلة,枯萎圣物,zh-CN
التحويل إلى دمية,假人化,zh-CN
الترقية!,升级咯！,zh-CN
التشكيل الأقصى,顶尖构筑,zh-CN
التصنيع المتقن,精心打造,zh-CN
التغيب عن اللعب,开摆,zh-CN
التفكير المتقدم,前瞻思维,zh-CN
التمثال المحرّم,禁忌雕像,zh-CN
التنين الذهبي,金霖龙,zh-CN
التوسع,节外生枝,zh-CN
الثقب الأسود الصغير,迷你黑洞,zh-CN
الثلاثية,三项赛,zh-CN
الجوهرة المتلفة,枯萎珠宝,zh-CN
الحارسان التوأمان,双子守护神,zh-CN
الحجم مهم,尺寸至上,zh-CN
الحركات الخطرة,冒险举动,zh-CN
الحركة التصاعدية,上进心,zh-CN
الحقبة المميزة,新纪元,zh-CN
الحمل المعرفي الزائد,认知过载,zh-CN
الحملة الاستكشافية,远征,zh-CN
الخسارة المحسوبة,存心失利,zh-CN
الخوذة المتكيفة,适应性头盔,zh-CN
الدراسة الصابرة,耐心学习,zh-CN
الدرع الساتر,薄暮法袍,zh-CN
الدروس المبكرة,宝宝学院,zh-CN
الدروع المؤقتة,应急护甲,zh-CN
الدموع المتدفقة,战时补给：女神之泪,zh-CN
الذهن الصافي,清晰头脑,zh-CN
الذهن المشوّش,纷乱头脑,zh-CN
الرفاق الصغار,小伙伴,zh-CN
الرمية السحرية,魔法投掷,zh-CN
الرمية السحرية المخفّفة,轻量魔法投掷,zh-CN
الرهان الذهبي,黄金赌约,zh-CN
الزئبق,水银,zh-CN
السترة المدببة,棘刺背心,zh-CN
السترة المسلسلة,锁子甲,zh-CN
السحر المحبوك,纺织魔法,zh-CN
السعي نحو النجوم,摘星之志,zh-CN
السيف الأبدي,无尽之刃,zh-CN
السيف الصاعق,斯塔缇克电刃,zh-CN
السيف الطيفي,幽魂弯刀,zh-CN
السيف الهائل,暴风之剑,zh-CN
السيوف الوفيرة,大剑溢流,zh-CN
السيولة,花到上头,zh-CN
الشحنة الكهربائية,电火花,zh-CN
الشخصية المنعكسة,镜像人格面具,zh-CN
الشخصية المنعكسة المصغّرة,次级镜像人格面具,zh-CN
الشرائح الآلية,源计划植入,zh-CN
الشرارة الأيونية,离子火花,zh-CN
الصامد,幸存者,zh-CN
الصبر فضيلة,耐心是一种美德,zh-CN
الصغير الفتاك,小而致命,zh-CN
الصنديد,顽强不屈,zh-CN
الضريبة المعرفية,认知税,zh-CN
الطابور الثنائي,双排,zh-CN
العمالقة الصغار,小巨人,zh-CN
العملاق القوي,大而有力,zh-CN
العوائد الخبيثة,恶意货币化,zh-CN
الفوز الكبير,登上最高峰,zh-CN
الفولاذ المذهب,镀金钢铁,zh-CN
الفيلق الثلاثي,三幻神,zh-CN
القائدة,最高指挥官,zh-CN
القاتل المأجور,职业杀手,zh-CN
القتل المزدوج السريع,一波带走俩,zh-CN
القصاص,正义报复,zh-CN
القصبات الوفيرة,法杖溢流,zh-CN
القفاز المرصع بالجواهر,珠光护手,zh-CN
القفازات,连指手套,zh-CN
القلب الراسخ,坚定之心,zh-CN
القلب الفولاذي,心之钢,zh-CN
القوس المنحني,反曲之弓,zh-CN
الكنوز المدفونة,珍藏财宝,zh-CN
الكهرباء القوية,高压电,zh-CN
اللعب الأمثل,可大可小,zh-CN
اللوتس المرصع,珠光莲花,zh-CN
المبارزة السامية,斗神,zh-CN
المتعطش للدماء,饮血剑,zh-CN
المحدق بالنجوم,观星者,zh-CN
المحفز الأحمر,红霸符,zh-CN
المخلّص,救世主,zh-CN
المرن,灵活摇摆,zh-CN
المستبدل العشوائي,变形重组器,zh-CN
المصهر الحي,活体锻炉,zh-CN
المصهر الكامن,休眠锻炉,zh-CN
المصهر المحمول,便携锻炉,zh-CN
المعطف المشبوه,迷离风衣,zh-CN
المغامرة الفخمة,崇高冒险,zh-CN
الملعقة الفضية,银汤匙,zh-CN
المنفيون,浪人,zh-CN
الموقف الحرج,智慧末刃,zh-CN
الميثاق الأزلي,永恒契约,zh-CN
الميكا الجبار,超级机甲,zh-CN
المُبيد,灭星尊,zh-CN
النجاح الحرج,战时补给：拳套,zh-CN
النجم المظلم,暗星,zh-CN
النسيم العليل,灵风,zh-CN
النصال الخاطفة,烁刃,zh-CN
النصل الملعون,诅咒之刃,zh-CN
النمو المتفجر,爆炸式增长,zh-CN
النوبة الثانية,复苏之风,zh-CN
النيران المركزة,集中火力,zh-CN
الهمسة الأخيرة,最后的轻语,zh-CN
الهيدرا العملاقة,巨型九头蛇,zh-CN
الوسيط,神谕,zh-CN
الوغد المشع,光明无赖,zh-CN
انتصار فيكتور آركين,双城赢家,zh-CN
بارد,巴德,zh-CN
بانثيون,潘森,zh-CN
بايك,派克,zh-CN
براير,贝蕾亚,zh-CN
برايمورديان,海魔人,zh-CN
بكاء بلا جدوى,泪流成河,zh-CN
بلورات العلاج,治疗法球,zh-CN
بليتزكرانك,布里茨,zh-CN
بناء البطل,来个好伙计,zh-CN
بناء الفريق,团队建设,zh-CN
بناء مرافق,挑个好伙计！,zh-CN
بوابة ززروت,兹若特传送门,zh-CN
بوبي,波比,zh-CN
بيلفيث,卑尔维斯,zh-CN
تأسيس الخط الأمامي,前线地基,zh-CN
تاج المخطِط,金铲铲冠冕,zh-CN
تالون,泰隆,zh-CN
تام كينش,塔姆,zh-CN
تخصيص حصري,专属定制,zh-CN
تخفيضات نارية,火爆甩卖,zh-CN
تدريب الحارس الشخصي,利落保镖,zh-CN
تذكرة موشورية,棱彩门票,zh-CN
ترقية فردية,独自升级,zh-CN
تركيز الأفق,视界专注,zh-CN
تسلّق سلم التصنيفات,攀登天梯,zh-CN
تشكيل الصفوف,列队,zh-CN
تشكيل الفريق,集结战队,zh-CN
تشوغاث,科加斯,zh-CN
تعزيزٌ هنا وتعزيزٌ هناك,1个霸符，2个霸符,zh-CN
تغذية ألسنة اللهب,火上浇油,zh-CN
تمجيد كايل,凯尔的崇拜,zh-CN
تمجيد كايل المشع,凯尔的光明崇拜,zh-CN
تميمة الارتقاء,飞升护符,zh-CN
توأم تانك,坦度成双,zh-CN
توسع الجذور,蔓延之根,zh-CN
تويستد فايت,崔斯特,zh-CN
تيمو,提莫,zh-CN
ثمن الدم,猩红报偿,zh-CN
جاكس,贾克斯,zh-CN
جديد من المصنع,军工1号,zh-CN
جوع المال,贪财,zh-CN
جوهر التجارة,贸易中心,zh-CN
جوهر الحراشف اللامعة,金鳞精粹,zh-CN
جوهر الفجر,黎明核心,zh-CN
جين,烬,zh-CN
جينكس,金克丝,zh-CN
حافظ المادة الحيوية,生物质维护器,zh-CN
حاملة المصائب,末日使者,zh-CN
حامي التاج,冕卫,zh-CN
حزام العملاق,巨人腰带,zh-CN
حزمة الدعم,扩展包,zh-CN
حزمة الرعاية,关爱包裹,zh-CN
حساب الادخار,储蓄账户,zh-CN
حصاد الهالة,低调炫耀,zh-CN
حصن,堡垒卫士,zh-CN
حقق مرادك,点击即送,zh-CN
حكاية العودة,绝境反击,zh-CN
حلوى لذيذة,甜点,zh-CN
حليف الوصي,游神的盟友,zh-CN
حماية الخطوط,坚守防线,zh-CN
حماية اللانهاية,三相庇护,zh-CN
حيوية مصاص الدماء,吸血生命力,zh-CN
خانة ياسو الذهبية,亚索的黄金格,zh-CN
خدمة الاشتراك,订阅服务,zh-CN
خطة عمل الخط الخلفي,后排蓝图,zh-CN
درع الصدر المنفرد,单身板甲,zh-CN
درع الغسق,黄昏圣盾,zh-CN
درع الفجر,黎明圣盾,zh-CN
درع المخطِط,金锅锅冠冕,zh-CN
درع صدر مرزاب الحجري,石像鬼石板甲,zh-CN
درع وارموغ,狂徒铠甲,zh-CN
دروس الملاكمة,拳击课程,zh-CN
دروع البطل,应急护盾,zh-CN
دعوة إلى الفوضى,混沌召唤,zh-CN
دفعة أولية,博弈开启,zh-CN
دكة بدلاء باندورا,潘朵拉的备战席,zh-CN
دمعة الزعيمة,女神之泪,zh-CN
دمى اختبار التحطم,碰撞测试假人,zh-CN
دمية التدريب,训练假人,zh-CN
دمية الظل,暗影木偶,zh-CN
ديانا,黛安娜,zh-CN
راست,拉亚斯特,zh-CN
راعي,牧羊人,zh-CN
راموس,拉莫斯,zh-CN
رامي,狙神,zh-CN
رحالة,旅人,zh-CN
رقص الفضاء,太空律动,zh-CN
رمح شوجين,朔极之矛,zh-CN
رمز الدرع الخفيف,光盾徽章,zh-CN
رمية الحظ,手气不错,zh-CN
روح الافتداء,救赎盔甲,zh-CN
رياح المال الموسمية,摇钱树,zh-CN
ريفت سكاتلر,峡谷迅捷蟹,zh-CN
ريفين,锐雯,zh-CN
ريكساي,雷克塞,zh-CN
زايا,霞,zh-CN
زوي,佐伊,zh-CN
زيادة القوة في نهاية المباراة,后期收益,zh-CN
زيد,劫,zh-CN
زيد الغازي,天煞灭影：劫,zh-CN
ستار السكون,静止法衣,zh-CN
سكين سلاح الهيكستيك,海克斯科技枪刃,zh-CN
سلفة قرض,高级贷款,zh-CN
سميرة,莎弥拉,zh-CN
سن ناشور,纳什之牙,zh-CN
سونا,娑娜,zh-CN
سيدة الأسلحة,武装战姬,zh-CN
سيدة الظلام,黑暗魔女,zh-CN
شارة أنيما,幻灵战队纹章,zh-CN
شارة الحصن,堡垒卫士纹章,zh-CN
شارة الراعي,牧羊人纹章,zh-CN
شارة الرامي,狙神纹章,zh-CN
شارة الرحالة,旅人纹章,zh-CN
شارة الطليعي,重装战士纹章,zh-CN
شارة القاضي,法官纹章,zh-CN
شارة القوى الذهنية,灵能特工纹章,zh-CN
شارة المارق,游侠纹章,zh-CN
شارة المتحدّي,挑战者纹章,zh-CN
شارة المحدق بالنجوم,观星者纹章,zh-CN
شارة المشاجر,斗士纹章,zh-CN
شارة المغير,狂战士纹章,zh-CN
شارة النجم المظلم,暗星纹章,zh-CN
شارة برايمورديان,海魔人纹章,zh-CN
شارة رقص الفضاء,太空律动纹章,zh-CN
شارة صديق الميب,木灵族纹章,zh-CN
شارة كاسر الزمن,未来战士纹章,zh-CN
شارة نوفا,新星特攻队纹章,zh-CN
شبه الناقل,半导体装置,zh-CN
شجرة الخواص,羁绊树,zh-CN
شرف أمير الحرب,猛将的荣耀,zh-CN
شريحة التعاطف,共感植入,zh-CN
شق الدرب,战时补给：暴风大剑,zh-CN
شين,慎,zh-CN
صانع السيوف,剑之工匠,zh-CN
صانع القصبات,杖之工匠,zh-CN
صبر إيكو,艾克的耐心,zh-CN
صحوة الروح,灵魂唤醒,zh-CN
صدى الشفاء,修复型回响,zh-CN
صديق الميب,木灵族,zh-CN
صناعة صديق,锻造挚友,zh-CN
صندوق التحوط,对冲基金,zh-CN
صولجان الفويد,虚空之杖,zh-CN
صولجان مصاصي الدماء الفاسد,黑暗吸血鬼节杖,zh-CN
صياد المجرة,天煞,zh-CN
صيد الكنوز,寻宝,zh-CN
طراخ!,邦！,zh-CN
طريق الحرب,征战之路,zh-CN
طليعي,重装战士,zh-CN
عاصفة لودن,卢登的激荡,zh-CN
عبء التاج ثقيل,王冠之重,zh-CN
عباءة الليل,夜之锋刃,zh-CN
عباءة النيغاترون,负极斗篷,zh-CN
عجلة الميب السريعة,飙速木灵,zh-CN
عراف,命运祭司,zh-CN
عزم العملاق,泰坦的坚决,zh-CN
عصا سيرافيم,炽天使之拥,zh-CN
عصا كبير الحُماة,大天使之杖,zh-CN
عصابة اللصوص,窃贼帮派,zh-CN
عصابة اللصوص II,窃贼帮派 II,zh-CN
عصير القبعة,帽子饮品,zh-CN
عفونة الموتى,巫妖之祸,zh-CN
عملية السطو على المكونات,散件丰收日,zh-CN
عناصر باندورا,潘朵拉的装备,zh-CN
عناق جماعي,拥抱,zh-CN
عهد الفارس,骑士之誓,zh-CN
غراغاس,古拉加斯,zh-CN
غرايفز,格雷福斯,zh-CN
غريزة إيفلين,伊芙琳的本能,zh-CN
غنار,纳尔,zh-CN
غولم,魔像,zh-CN
غوين,格温,zh-CN
فأس نيران الجحيم,恶火小斧,zh-CN
فانوس ثريش,锤石的灯笼,zh-CN
فجر سيلفرمير,密银黎明,zh-CN
فضيلة الشهيد,殉道美德,zh-CN
فورة الكراكن,海妖之怒,zh-CN
فورة تسوق,大买特买,zh-CN
في الاتحاد قوة,联合作战,zh-CN
فيز,菲兹,zh-CN
فيشبونز,鱼骨头,zh-CN
فيغار,维迦,zh-CN
فيكتور,维克托,zh-CN
فيكس,薇古丝,zh-CN
فيورا,菲奥娜,zh-CN
قائد أنيما,幻灵指挥官,zh-CN
قاتل العمالقة,巨人杀手,zh-CN
قاتل لا يميز بين ضحاياه,无差别攻击,zh-CN
قاضي,法官,zh-CN
قبعات أشد فتكًا,更要命的帽子,zh-CN
قبعة موت رابادون,灭世者的死亡之帽,zh-CN
قربان الدم,鲜血祭品,zh-CN
قصبة عريضة بلا داع,无用大棒,zh-CN
قطاع التجارة,DD街区,zh-CN
قفاز التدريب,拳套,zh-CN
قفاز الحظ,幸运手套,zh-CN
قفاز الفويد,虚空护手,zh-CN
قفاز اللص,窃贼手套,zh-CN
قفاز ستيراك,斯特拉克的挑战护手,zh-CN
قلادة التنشيط,激发之匣,zh-CN
قلادة سولاري الحديدي,钢铁烈阳之匣,zh-CN
قلنسوة المخطِط,金锅铲冠冕,zh-CN
قلنسوة لهب الشمس,日炎斗篷,zh-CN
قوة محسَّنة,强化之能量,zh-CN
قوسي في خدمتك,吾弓听命于您,zh-CN
قوى ذهنية,灵能特工,zh-CN
قيمة مزدوجة,由二生D,zh-CN
كأس القوة,能量圣杯,zh-CN
كارما,卡尔玛,zh-CN
كاسر الزمن,未来战士,zh-CN
كاهوناهونا,秘传奥义,zh-CN
كايتلين,凯特琳,zh-CN
كايسا,卡莎,zh-CN
كوركي,库奇,zh-CN
كيس الهدايا البطولي,英勇福袋,zh-CN
كيس هدايا أورف,阿福的百宝袋,zh-CN
كيس هدايا العناصر,装备百宝袋,zh-CN
كيس هدايا صغير,小小福袋,zh-CN
كيس هدايا كبير,大百宝袋,zh-CN
كيندريد,千珏,zh-CN
لا تغيير ولا استطلاع,不侦察，不变阵,zh-CN
لم شمل عيد الميلاد,生日聚会,zh-CN
لمحة من الحياة,人生切片,zh-CN
لوبلانك,乐芙兰,zh-CN
لوح لهيب الشمس,日炎棋盘,zh-CN
لولو,璐璐,zh-CN
ليساندرا,丽桑卓,zh-CN
ليونا,蕾欧娜,zh-CN
مارق,游侠,zh-CN
ماستر يي,易,zh-CN
ماوكاي,茂凯,zh-CN
مباركة السماء,受到星神赐福,zh-CN
متحدي,挑战者,zh-CN
متراس,暮光铁壁,zh-CN
متوالية نجمية,星界连招,zh-CN
مجلد الخواص,纹章之书,zh-CN
مجند جديد,新人入队,zh-CN
محترف الحفلات,汪星机器人,zh-CN
محظوظ,升星之运,zh-CN
محفز أزرق,蓝霸符,zh-CN
مخلب التنين,巨龙之爪,zh-CN
مخلب المتصيد,暗行者之爪,zh-CN
مدفع النار السريع,疾射火炮,zh-CN
مدفع من زجاج,玻璃大炮,zh-CN
مستنسخ,魔术师,zh-CN
مسرِّع الساعة,发条增速器,zh-CN
مشاجر,斗士,zh-CN
مشاركة تألق ياسو,亚索的共享聚光灯,zh-CN
مصروف الغداء,午餐钱,zh-CN
مصفوفة البرمجيات الخبيثة,恶意软件矩阵,zh-CN
مصنوعٌ من القوة,神力天铸,zh-CN
مصهر التمجيد,神赐锻炉,zh-CN
مطبخ المخطِط,锅铲厨房,zh-CN
معجزة سوراكا,索拉卡的奇迹,zh-CN
مغير,狂战士,zh-CN
مفاجآت الحظ,意料之中的意外,zh-CN
مقابل أي ثمن,不计代价,zh-CN
مقاتل الجوائز,赏金战士,zh-CN
مقلاة,金锅锅,zh-CN
ملعقة مسطحة,金铲铲,zh-CN
مناورة أورف,海牛阿福的锅铲战术,zh-CN
منظار رصد الهدف,锁敌光学设备,zh-CN
مهارة مبارزة ياسو,亚索的剑艺,zh-CN
مورديكايزر,莫德凯撒,zh-CN
مورغانا,莫甘娜,zh-CN
موريلونوميكون,莫雷洛秘典,zh-CN
ميبسي,小木灵,zh-CN
ميس فورتشن,厄运小姐,zh-CN
ميكا,霸天机甲,zh-CN
ميليو,米利欧,zh-CN
ناسوس,内瑟斯,zh-CN
نافع لشيء ما,有用之材,zh-CN
نامي,娜美,zh-CN
نتماسك معًا,水乳交融,zh-CN
نذر الحامي,圣盾使的誓约,zh-CN
نذير زيكي,基克的先驱,zh-CN
نذير زيكي الكئيب,基克的阴森先驱,zh-CN
نساج المصير,织命人,zh-CN
نصال أشد فتكًا,更要命的战刃,zh-CN
نصل الموت,死亡之刃,zh-CN
نصل غضب غينسو,鬼索的狂暴之刃,zh-CN
نقل الشحنة,充能转移,zh-CN
نوفا,新星特攻队,zh-CN
نونو وويلامب,努努和威朗普,zh-CN
هالة آري,阿狸的光环,zh-CN
هبة آري,阿狸的恩赐,zh-CN
هبة أوريليون سول,奥瑞利安·索尔的恩赐,zh-CN
هبة إيفلين,伊芙琳的恩赐,zh-CN
هبة إيكو,艾克的恩赐,zh-CN
هبة الإنعاش,复活恩赐,zh-CN
هبة تجميع الخردة,斗神的恩赐,zh-CN
هبة ثريش,锤石的恩赐,zh-CN
هبة سوراكا,索拉卡的恩赐,zh-CN
هبة فاروس,韦鲁斯的恩赐,zh-CN
هبة كايل,凯尔的恩赐,zh-CN
هبة ياسو,亚索的恩赐,zh-CN
هدية عيد الميلاد,生日礼物,zh-CN
هراوة المهاجم,强袭者的链枷,zh-CN
هوس فاروس,韦鲁斯的执念,zh-CN
واحد واثنان وثلاثة,一，二，三,zh-CN
واحد، اثنان، خمسة!,一，二，五！,zh-CN
واقي ذراع المطارد,探索者的护臂,zh-CN
وجه الروح,振奋盔甲,zh-CN
وضع المتحدية,挑战者模式,zh-CN
وضع المستنسِخة,魔术师模式,zh-CN
وضع الوسيط,神谕模式,zh-CN
وكر البارون,男爵幻域,zh-CN
يأسٌ بلا نهاية,无终恨意,zh-CN
يد العدالة,正义之手,zh-CN
เลือกคุณสมบัติ,选择羁绊,zh-CN
Ấn Bắn Tỉa,狙神纹章,zh-CN
Ấn Can Trường,堡垒卫士纹章,zh-CN
Ấn Chiêm Tinh,观星者纹章,zh-CN
Ấn Du Mục,牧羊人纹章,zh-CN
Ấn Hành Tinh,太空律动纹章,zh-CN
Ấn Hắc Tinh,暗星纹章,zh-CN
Ấn N.O.V.A.,新星特攻队纹章,zh-CN
Ấn Siêu Linh,灵能特工纹章,zh-CN
Ấn Siêu Thú,幻灵战队纹章,zh-CN
Ấn Thách Đấu,挑战者纹章,zh-CN
Ấn Thần Phán,法官纹章,zh-CN
Ấn Thời Không,未来战士纹章,zh-CN
Ấn Tinh Linh Chuông,木灵族纹章,zh-CN
Ấn Tiên Phong,重装战士纹章,zh-CN
Ấn Toán Cướp,狂战士纹章,zh-CN
Ấn Tộc Thượng Cổ,海魔人纹章,zh-CN
Ấn Viễn Chinh,旅人纹章,zh-CN
Ấn Vô Pháp,游侠纹章,zh-CN
Ấn Đấu Sĩ,斗士纹章,zh-CN
「三」之軍團,三幻神,zh-CN
いつでも一緒,水乳交融,zh-CN
お得な2,由二生D,zh-CN
ここがセンター,C位的觉悟,zh-CN
ちょっとだけ魔法のダイス,轻量魔法投掷,zh-CN
はしごを登れ,攀登天梯,zh-CN
へら,金铲铲,zh-CN
みんなでハグ,拥抱,zh-CN
もっと小さな巨人,最小巨人,zh-CN
もっと怖いキャップ,更要命的帽子,zh-CN
アイオニック スパーク,离子火花,zh-CN
アイテム福袋,装备百宝袋,zh-CN
アカリ,阿卡丽,zh-CN
アセンション,飞升,zh-CN
アダプティブ ヘルム,适应性头盔,zh-CN
アニマ,幻灵战队,zh-CN
アニマの紋章,幻灵战队纹章,zh-CN
アニマ司令官,幻灵指挥官,zh-CN
アークエンジェル スタッフ,大天使之杖,zh-CN
アーゴット,厄加特,zh-CN
アービター,法官,zh-CN
アービターの紋章,法官纹章,zh-CN
アーフの福袋,阿福的百宝袋,zh-CN
アーフの策略,海牛阿福的锅铲战术,zh-CN
アーリのオーラ,阿狸的光环,zh-CN
アーリの恩恵,阿狸的恩赐,zh-CN
イブリンの恩恵,伊芙琳的恩赐,zh-CN
イブリンの直感,伊芙琳的本能,zh-CN
イラオイ,俄洛伊,zh-CN
インフィニティ エッジ,无尽之刃,zh-CN
インフィニティの守護,三相庇护,zh-CN
イーブンシュラウド,薄暮法袍,zh-CN
ウィッツ エンド,智慧末刃,zh-CN
ウォーロードの名誉,猛将的荣耀,zh-CN
エイトロックス,亚托克斯,zh-CN
エクスペディション,远征,zh-CN
エグザイル,浪人,zh-CN
エコーの忍耐,艾克的耐心,zh-CN
エコーの恩恵,艾克的恩赐,zh-CN
エズリアル,伊泽瑞尔,zh-CN
エピックなロールダウン,8级D干的传说,zh-CN
エポック,新纪元,zh-CN
オレリオン・ソル,奥瑞利安·索尔,zh-CN
オレリオン・ソルの恩恵,奥瑞利安·索尔的恩赐,zh-CN
オーグメントパワー,强化之能量,zh-CN
オーラ育成中,低调炫耀,zh-CN
オーロラ,阿萝拉,zh-CN
オーン,奥恩,zh-CN
カイ＝サ,卡莎,zh-CN
カナとカネ,黑铁资产,zh-CN
カフナフナ,秘传奥义,zh-CN
カルマ,卡尔玛,zh-CN
カースドのクラウン,诅咒冠冕,zh-CN
ガーゴイル ストーンプレート,石像鬼石板甲,zh-CN
キックスタート,博弈开启,zh-CN
キンドレッド,千珏,zh-CN
ギャラクシー ハンター,天煞,zh-CN
クイックシルバー,水银,zh-CN
クラウンガード,冕卫,zh-CN
クラーケンの怒り,海妖之怒,zh-CN
クリティカル サクセス,战时补给：拳套,zh-CN
グインソー レイジブレード,鬼索的狂暴之刃,zh-CN
グウェン,格温,zh-CN
グラガス,古拉加斯,zh-CN
グラスキャノン,玻璃大炮,zh-CN
グレイブス,格雷福斯,zh-CN
ケイトリン,凯特琳,zh-CN
ケイルの天昇,凯尔的崇拜,zh-CN
ケイルの恩恵,凯尔的恩赐,zh-CN
ケイルの暁光の天昇,凯尔的光明崇拜,zh-CN
コグニティブ オーバーロード,认知过载,zh-CN
コグニティブ タックス,认知税,zh-CN
コマンダー,最高指挥官,zh-CN
コマース コア,贸易中心,zh-CN
コンジット,神谕,zh-CN
コンジットモード,神谕模式,zh-CN
コンパニオン作成,挑个好伙计！,zh-CN
コーキ,库奇,zh-CN
ゴーレム,魔像,zh-CN
サイオニック,灵能特工,zh-CN
サイオニックの紋章,灵能特工纹章,zh-CN
サイズが大事,尺寸至上,zh-CN
サイバネティック アップリンク,源计划上行链路,zh-CN
サイバネティック インプラント,源计划植入,zh-CN
サバイバー,幸存者,zh-CN
サブスクリプション,订阅服务,zh-CN
サミーラ,莎弥拉,zh-CN
サンファイア ケープ,日炎斗篷,zh-CN
サンファイア ボード,日炎棋盘,zh-CN
ザヤ,霞,zh-CN
ザ・タワー,高塔,zh-CN
シェン,慎,zh-CN
シマースケールのエッセンス,金鳞精粹,zh-CN
ショウジンの矛,朔极之矛,zh-CN
シルバーミアの夜明け,密银黎明,zh-CN
シーカー アームガード,探索者的护臂,zh-CN
ジャイアント スレイヤー,巨人杀手,zh-CN
ジャイアント ベルト,巨人腰带,zh-CN
ジャイアント&マイティ,大而有力,zh-CN
ジャストヒット,点击即送,zh-CN
ジャックス,贾克斯,zh-CN
ジュエル ガントレット,珠光护手,zh-CN
ジュエル ロータス,珠光莲花,zh-CN
ジン,烬,zh-CN
ジンクス,金克丝,zh-CN
ジークの使者,基克的先驱,zh-CN
ジ＝ロット ポータル,兹若特传送门,zh-CN
スクラッパーの恩恵,斗神的恩赐,zh-CN
スタティック シヴ,斯塔缇克电刃,zh-CN
ステラコンボ,星界连招,zh-CN
ステラックの篭手,斯特拉克的挑战护手,zh-CN
ステータスマシマシ,成吨的属性！,zh-CN
ストライカー フレイル,强袭者的链枷,zh-CN
スナイパー,狙神,zh-CN
スナイパーの紋章,狙神纹章,zh-CN
スパーリング グローブ,拳套,zh-CN
スピリット ビサージュ,振奋盔甲,zh-CN
スペクトラル カトラス,幽魂弯刀,zh-CN
スペースグルーヴ,太空律动,zh-CN
スペースグルーヴの紋章,太空律动纹章,zh-CN
スレッシュのランタン,锤石的灯笼,zh-CN
スレッシュの恩恵,锤石的恩赐,zh-CN
セラフィムの杖,炽天使之拥,zh-CN
ゼド,劫,zh-CN
ゼファー,灵风,zh-CN
ソウルの目覚め,灵魂唤醒,zh-CN
ソナ,娑娜,zh-CN
ソラカの奇跡,索拉卡的奇迹,zh-CN
ソラカの恩恵,索拉卡的恩赐,zh-CN
ソラリのロケット,钢铁烈阳之匣,zh-CN
ソード オーバーフロー,大剑溢流,zh-CN
ゾーイ,佐伊,zh-CN
タイタン ハイドラ,巨型九头蛇,zh-CN
タイムブレーカー,未来战士,zh-CN
タイムブレーカーの紋章,未来战士纹章,zh-CN
タクティシャンのケープ,金锅铲冠冕,zh-CN
タクティシャンの台所,锅铲厨房,zh-CN
タクティシャンの王冠,金铲铲冠冕,zh-CN
タクティシャンの盾,金锅锅冠冕,zh-CN
タム・ケンチ,塔姆,zh-CN
タロン,泰隆,zh-CN
ターゲットロック スコープ,锁敌光学设备,zh-CN
ターミィプナル ヴェロシティー,飙速木灵,zh-CN
ダイアナ,黛安娜,zh-CN
ダミー,训练假人,zh-CN
ダミー化,假人化,zh-CN
ダークスター,暗星,zh-CN
ダークスターの紋章,暗星纹章,zh-CN
チェイン ベスト,锁子甲,zh-CN
チャレンジャー,挑战者,zh-CN
チャレンジャーの紋章,挑战者纹章,zh-CN
チャレンジャーモード,挑战者模式,zh-CN
チャージトランスファー,充能转移,zh-CN
チョ＝ガス,科加斯,zh-CN
チーム構築,团队建设,zh-CN
ツイてる気分,手气不错,zh-CN
ツイステッド・フェイト,崔斯特,zh-CN
ツインガーディアン,双子守护神,zh-CN
ティーモ,提莫,zh-CN
デスブレード,死亡之刃,zh-CN
デッドリアー ブレード,更要命的战刃,zh-CN
デュオキュー,双排,zh-CN
トライフェクタ,三项赛,zh-CN
トレードセクター,DD街区,zh-CN
ドゥーマー,末日使者,zh-CN
ドラゴン クロウ,巨龙之爪,zh-CN
ドローン アップリンク,无人机上行链路,zh-CN
ドーンコア,黎明核心,zh-CN
ナイト エッジ,夜之锋刃,zh-CN
ナサス,内瑟斯,zh-CN
ナッシャー トゥース,纳什之牙,zh-CN
ナミ,娜美,zh-CN
ナー,纳尔,zh-CN
ヌヌ & ウィルンプ,努努和威朗普,zh-CN
ネガトロン クローク,负极斗篷,zh-CN
ハスラー,花到上头,zh-CN
ハンド オブ ジャスティス,正义之手,zh-CN
バイオ物質保存装置,生物质维护器,zh-CN
バスティオン,堡垒卫士,zh-CN
バスティオンの紋章,堡垒卫士纹章,zh-CN
バフが1つ、バフが2つ,1个霸符，2个霸符,zh-CN
バロンの巣,男爵幻域,zh-CN
バースデー リユニオン,生日聚会,zh-CN
バースデープレゼント,生日礼物,zh-CN
バード,巴德,zh-CN
パイク,派克,zh-CN
パンテオン,潘森,zh-CN
パンドラのアイテム,潘朵拉的装备,zh-CN
パンドラのベンチ,潘朵拉的备战席,zh-CN
パーティーアニマル,汪星机器人,zh-CN
ヒーリングオーブ,治疗法球,zh-CN
ビクター,维克托,zh-CN
ビッグバン,宇宙大爆炸,zh-CN
ファイアセール,火爆甩卖,zh-CN
ファクトリー ニュー,军工1号,zh-CN
フィオラ,菲奥娜,zh-CN
フィズ,菲兹,zh-CN
フィッシュボーン,鱼骨头,zh-CN
フェイトウィーバー,织命人,zh-CN
フォビドゥン アイドル,禁忌雕像,zh-CN
フォーが共にあらんことを,愿四费与你同在,zh-CN
フライパン,金锅锅,zh-CN
フリッカーブレード,烁刃,zh-CN
ブライアー,贝蕾亚,zh-CN
ブラッドサースター,饮血剑,zh-CN
ブランブル ベスト,棘刺背心,zh-CN
ブリッツクランク,布里茨,zh-CN
ブルワーク,暮光铁壁,zh-CN
ブルーバフ,蓝霸符,zh-CN
ブローラー,斗士,zh-CN
ブローラーの紋章,斗士纹章,zh-CN
ブースターパック,扩展包,zh-CN
プライモーディアン,海魔人,zh-CN
プライモーディアンの紋章,海魔人纹章,zh-CN
プリズムチケット,棱彩门票,zh-CN
プロの殺し屋,职业杀手,zh-CN
プロテクターの誓い,圣盾使的誓约,zh-CN
プロボクサー,赏金战士,zh-CN
プローラー クロウ,暗行者之爪,zh-CN
ヘクステック ガンブレード,海克斯科技枪刃,zh-CN
ヘッジファンド,对冲基金,zh-CN
ベイガー,维迦,zh-CN
ベストフレンド,最佳好友,zh-CN
ベルト オーバーフロー,腰带溢流,zh-CN
ベル＝ヴェス,卑尔维斯,zh-CN
ホライゾン フォーカス,视界专注,zh-CN
ボイジャー,旅人,zh-CN
ボイジャーの紋章,旅人纹章,zh-CN
ボカッ！,邦！,zh-CN
ボクシングのレッスン,拳击课程,zh-CN
ボディーガードの訓練,利落保镖,zh-CN
ポッピー,波比,zh-CN
ポータブル フォージ,便携锻炉,zh-CN
マイティーロボ,超级机甲,zh-CN
マオカイ,茂凯,zh-CN
マスター・イー,易,zh-CN
マックスビルド,顶尖构筑,zh-CN
マルウェア マトリックス,恶意软件矩阵,zh-CN
マーターズ ヴァーチュ,殉道美德,zh-CN
ミィプシー,小木灵,zh-CN
ミィプル,木灵族,zh-CN
ミィプルの紋章,木灵族纹章,zh-CN
ミスコネクション,别再错过,zh-CN
ミス・フォーチュン,厄运小姐,zh-CN
ミッションの再開,重启任务,zh-CN
ミトン,连指手套,zh-CN
ミニブラックホール,迷你黑洞,zh-CN
ミニマックス,可大可小,zh-CN
ミリオ,米利欧,zh-CN
ムダニ デカイ ロッド,无用大棒,zh-CN
メイスの決意,权杖意志,zh-CN
メカ,霸天机甲,zh-CN
モルガナ,莫甘娜,zh-CN
モルデカイザー,莫德凯撒,zh-CN
モレロノミコン,莫雷洛秘典,zh-CN
ヤスオのゴールドのマス,亚索的黄金格,zh-CN
ヤスオのスポットライトをシェア,亚索的共享聚光灯,zh-CN
ヤスオのブレードワーク,亚索的剑艺,zh-CN
ヤスオの恩恵,亚索的恩赐,zh-CN
ライトシールドのクレスト,光盾徽章,zh-CN
ラインナップ,列队,zh-CN
ラスト ウィスパー,最后的轻语,zh-CN
ラッキーグローブ,幸运手套,zh-CN
ラバドン デスキャップ,灭世者的死亡之帽,zh-CN
ラピッド ファイアキャノン,疾射火炮,zh-CN
ラムス,拉莫斯,zh-CN
ラースト,拉亚斯特,zh-CN
リカーブ ボウ,反曲之弓,zh-CN
リサンドラ,丽桑卓,zh-CN
リッチ ベイン,巫妖之祸,zh-CN
リデンプションの魂,救赎盔甲,zh-CN
リフトスカトル,峡谷迅捷蟹,zh-CN
リヴェン,锐雯,zh-CN
ルブラン,乐芙兰,zh-CN
ルル,璐璐,zh-CN
ルーデン テンペスト,卢登的激荡,zh-CN
レイトゲーム スケーリング,后期收益,zh-CN
レイトゲーム スペシャリスト,后期专家,zh-CN
レオナ,蕾欧娜,zh-CN
レク＝サイ,雷克塞,zh-CN
レッドバフ,红霸符,zh-CN
レプリケーター,魔术师,zh-CN
レプリケーターモード,魔术师模式,zh-CN
レベルアップ！,升级咯！,zh-CN
ローグ,游侠,zh-CN
ローグの紋章,游侠纹章,zh-CN
ローリングデイズ,D个痛快！,zh-CN
ワン、ツー、ファイブ！,一，二，五！,zh-CN
ワンド オーバーフロー,法杖溢流,zh-CN
ワーモグ アーマー,狂徒铠甲,zh-CN
ヴァルスの執念,韦鲁斯的执念,zh-CN
ヴァルスの恩恵,韦鲁斯的恩赐,zh-CN
ヴァンガード,重装战士,zh-CN
ヴァンガードの紋章,重装战士纹章,zh-CN
ヴェックス,薇古丝,zh-CN
ヴォイド ガントレット,虚空护手,zh-CN
ヴォイド スタッフ,虚空之杖,zh-CN
一 二 三,一，二，三,zh-CN
一、二、五！,一，二，五！,zh-CN
一个增益，两个增益,1个霸符，2个霸符,zh-CN
一二三,一，二，三,zh-CN
一人前プレート,单身板甲,zh-CN
一個Buff，兩個Buff,1个霸符，2个霸符,zh-CN
一击即中,点击即送,zh-CN
一棒入魂！,邦！,zh-CN
一生挚友,最佳好友,zh-CN
一生摯友,最佳好友,zh-CN
一着险棋,冒险举动,zh-CN
一致団結,联合作战,zh-CN
一致団結,集结战队,zh-CN
一點點重抽魔法,轻量魔法投掷,zh-CN
七彩棱镜入场券,棱彩门票,zh-CN
三费军团,三幻神,zh-CN
三連勝I,三项赛,zh-CN
三重奏,三项赛,zh-CN
上方移動,上进心,zh-CN
不偵察不換陣容,不侦察，不变阵,zh-CN
不完全アセンション,部分飞升,zh-CN
不完全飛昇,部分飞升,zh-CN
不屈,顽强不屈,zh-CN
不屈鬥魂,顽强不屈,zh-CN
不惜代價,不计代价,zh-CN
不滅の協定,永恒契约,zh-CN
不破金鋼,镀金钢铁,zh-CN
不適合者,异类,zh-CN
专打后期,后期专家,zh-CN
专注火焰,集中火力,zh-CN
两倍价值,由二生D,zh-CN
並肩作戰,联合作战,zh-CN
中堅自強,C位的觉悟,zh-CN
临时战甲,应急护甲,zh-CN
主人公補正,应急护盾,zh-CN
主角威能,应急护盾,zh-CN
丽珊卓,丽桑卓,zh-CN
乌尔加特,厄加特,zh-CN
乱れる思考,纷乱头脑,zh-CN
交易之星,DD街区,zh-CN
人多好辦事,集结战队,zh-CN
仕送り,关爱包裹,zh-CN
仙灵斗士,斗神,zh-CN
代价是什么,不计代价,zh-CN
代償,不计代价,zh-CN
仲裁者,法官,zh-CN
仲裁者徽章,法官纹章,zh-CN
仲間を作ろう,来个好伙计,zh-CN
仿生上行链,源计划上行链路,zh-CN
仿生植入物,源计划植入,zh-CN
伊澤瑞爾,伊泽瑞尔,zh-CN
伊罗旖,俄洛伊,zh-CN
伊羅旖,俄洛伊,zh-CN
伊芙琳的增益,伊芙琳的恩赐,zh-CN
伊芙琳的祝福,伊芙琳的恩赐,zh-CN
伸手摘星,摘星之志,zh-CN
伸手摘群星,摘星之志,zh-CN
侵略者ゼド,天煞灭影：劫,zh-CN
保卫者之誓,圣盾使的誓约,zh-CN
保衛者之誓,圣盾使的誓约,zh-CN
保鑣訓練,利落保镖,zh-CN
保镖训练,利落保镖,zh-CN
俺だけレベルアップ,独自升级,zh-CN
做多,遥遥领先,zh-CN
偵察なし、変更なし,不侦察，不变阵,zh-CN
備用弓箭,战时补给：反曲之弓,zh-CN
價值爆棚,由二生D,zh-CN
儲蓄帳戶,储蓄账户,zh-CN
先知,命运祭司,zh-CN
先見性,前瞻思维,zh-CN
先鋒戰士,重装战士,zh-CN
先鋒戰士徽章,重装战士纹章,zh-CN
先锋战士,重装战士,zh-CN
先锋战士徽章,重装战士纹章,zh-CN
光盾之紋,光盾徽章,zh-CN
光盾之纹,光盾徽章,zh-CN
入侵者 劫,天煞灭影：劫,zh-CN
全力以赴,硬性承诺,zh-CN
全新出厂,军工1号,zh-CN
全身全霊,硬性承诺,zh-CN
共感インプラント,共感植入,zh-CN
关,格温,zh-CN
再起の呪印,复活恩赐,zh-CN
再造神兵,军工1号,zh-CN
冲击火炮,疾射火炮,zh-CN
冲榜战士,攀登天梯,zh-CN
冷酷なるジークの使者,基克的阴森先驱,zh-CN
凋零的遗物,枯萎圣物,zh-CN
凋零聖物,枯萎圣物,zh-CN
凯尔的升腾,凯尔的崇拜,zh-CN
凯尔的圣光升腾,凯尔的光明崇拜,zh-CN
凯尔的增益,凯尔的恩赐,zh-CN
凯莎,卡莎,zh-CN
凱爾的祝福,凯尔的恩赐,zh-CN
凱爾的聖光讚頌,凯尔的光明崇拜,zh-CN
凱爾的讚頌,凯尔的崇拜,zh-CN
凱特琳,凯特琳,zh-CN
凱莎,卡莎,zh-CN
出身豪门,银汤匙,zh-CN
出陣,征战之路,zh-CN
刀劍湧流,大剑溢流,zh-CN
刃馬合一,征战之路,zh-CN
刃马合一,征战之路,zh-CN
初級鏡像人格,次级镜像人格面具,zh-CN
刹雅,霞,zh-CN
刺藤胸甲,棘刺背心,zh-CN
刻苦钻研,耐心学习,zh-CN
前借り,高级贷款,zh-CN
前排地基,前线地基,zh-CN
前線基礎,前线地基,zh-CN
前線維持,坚守防线,zh-CN
前衛の礎,前线地基,zh-CN
剎雅,霞,zh-CN
剣鍛冶,剑之工匠,zh-CN
劍匠,剑之工匠,zh-CN
力に鍛えられしもの,神力天铸,zh-CN
力の聖杯,能量圣杯,zh-CN
力炼之躯,神力天铸,zh-CN
力量圣杯,能量圣杯,zh-CN
力量聖杯,能量圣杯,zh-CN
力量鍛造,神力天铸,zh-CN
加速開始,博弈开启,zh-CN
劣化版鏡像のペルソナ,次级镜像人格面具,zh-CN
劫掠者,狂战士,zh-CN
劫掠者徽章,狂战士纹章,zh-CN
勒哈斯特,拉亚斯特,zh-CN
勒布朗,乐芙兰,zh-CN
勝ち抜け,登上最高峰,zh-CN
升华护符,飞升护符,zh-CN
升級！,升级咯！,zh-CN
升级！,升级咯！,zh-CN
午餐錢,午餐钱,zh-CN
半导体,半导体装置,zh-CN
半導体,半导体装置,zh-CN
半導體,半导体装置,zh-CN
占星師,观星者,zh-CN
占星師徽章,观星者纹章,zh-CN
卡帕果汁,帽子饮品,zh-CN
卡玛,卡尔玛,zh-CN
卡瑪,卡尔玛,zh-CN
卡胡纳胡纳,秘传奥义,zh-CN
卢登骤雨,卢登的激荡,zh-CN
即席アーマー,应急护甲,zh-CN
厄萨斯,亚托克斯,zh-CN
厄薩斯,亚托克斯,zh-CN
厄運使者,末日使者,zh-CN
友を鍛える,锻造挚友,zh-CN
双子守护者,双子守护神,zh-CN
反曲弓,反曲之弓,zh-CN
发条加速器,发条增速器,zh-CN
叛逆者,异类,zh-CN
叛道者,游侠,zh-CN
叛道者徽章,游侠纹章,zh-CN
古拉格斯,古拉加斯,zh-CN
另辟新境,节外生枝,zh-CN
叩きつけ,物尽其用,zh-CN
可疑風衣,迷离风衣,zh-CN
可疑风衣,迷离风衣,zh-CN
史提克弹簧刀,斯塔缇克电刃,zh-CN
史提克彈簧刀,斯塔缇克电刃,zh-CN
史特拉克手套,斯特拉克的挑战护手,zh-CN
史詩重抽,8级D干的传说,zh-CN
史诗重骰,8级D干的传说,zh-CN
吉茵珂丝,金克丝,zh-CN
吉茵珂絲,金克丝,zh-CN
后期成长,后期收益,zh-CN
向上流動,上进心,zh-CN
吶兒,纳尔,zh-CN
吸血の胆力,吸血生命力,zh-CN
吸血活力,吸血生命力,zh-CN
吸血活力I,吸血生命力,zh-CN
吾弓效命於您,吾弓听命于您,zh-CN
呐儿,纳尔,zh-CN
呪いの刃,诅咒之刃,zh-CN
命懸けの戦い,冒险举动,zh-CN
命运编织者,织命人,zh-CN
命運編織者,织命人,zh-CN
商业核心,贸易中心,zh-CN
單人磐核,单身板甲,zh-CN
嗜血者,饮血剑,zh-CN
嘟嘟好,点击即送,zh-CN
四重援軍,四费增援,zh-CN
回収箱,打捞桶,zh-CN
回收再利用,打捞桶,zh-CN
回春,复苏之风,zh-CN
圣光审判者,救世主,zh-CN
圣光捣蛋鬼,光明无赖,zh-CN
地底寶藏,珍藏财宝,zh-CN
均等法衣,薄暮法袍,zh-CN
坚守前线,坚守防线,zh-CN
坚毅之心,坚定之心,zh-CN
坦度雙倍,坦度成双,zh-CN
埋もれた宝物,珍藏财宝,zh-CN
埋藏的宝物,珍藏财宝,zh-CN
堅守前線,坚守防线,zh-CN
堅定之心,坚定之心,zh-CN
堡垒,暮光铁壁,zh-CN
堡壘衛士,堡垒卫士,zh-CN
堡壘衛士徽章,堡垒卫士纹章,zh-CN
報復,正义报复,zh-CN
塔楼,高塔,zh-CN
塔隆,泰隆,zh-CN
增幅之力,强化之能量,zh-CN
增援部队,四费增援,zh-CN
壁垒,堡垒卫士,zh-CN
壁垒徽章,堡垒卫士纹章,zh-CN
备用弓,战时补给：反曲之弓,zh-CN
复仇,正义报复,zh-CN
复制,反响,zh-CN
复制者,魔术师,zh-CN
复制者模式,魔术师模式,zh-CN
复活的恩赐,复活恩赐,zh-CN
夕闇の加護,黄昏圣盾,zh-CN
夜明けの加護,黎明圣盾,zh-CN
夜色緣界,夜之锋刃,zh-CN
夜色缘界,夜之锋刃,zh-CN
大きな福袋,大百宝袋,zh-CN
大剑过载,大剑溢流,zh-CN
大器晚成,后期收益,zh-CN
大型惊喜包,大百宝袋,zh-CN
大家來抱抱,拥抱,zh-CN
大小很重要,尺寸至上,zh-CN
大禮包,大百宝袋,zh-CN
大霹雳星系,宇宙大爆炸,zh-CN
大霹靂星系,宇宙大爆炸,zh-CN
天外橫財,摇钱树,zh-CN
太空律动徽章,太空律动纹章,zh-CN
太空律動,太空律动,zh-CN
太空律動徽章,太空律动纹章,zh-CN
失去联络,别再错过,zh-CN
契約殺手,职业杀手,zh-CN
奢华订阅,奢侈品订购,zh-CN
奥术 维克特式胜利,双城赢家,zh-CN
奧術：維克特必勝,双城赢家,zh-CN
女武神的祝福,斗神的恩赐,zh-CN
女神の涙,女神之泪,zh-CN
女神之淚,女神之泪,zh-CN
好きなだけ泣くがいい,泪流成河,zh-CN
好战者的恩赐,斗神的恩赐,zh-CN
好战者铠甲,狂徒铠甲,zh-CN
好戰者鎧甲,狂徒铠甲,zh-CN
好运姐,厄运小姐,zh-CN
好运手套,幸运手套,zh-CN
好運姐,厄运小姐,zh-CN
好運手套,幸运手套,zh-CN
娜米,娜美,zh-CN
孤身铁铠,单身板甲,zh-CN
宇宙の再起,星界重启,zh-CN
宇宙重启,星界重启,zh-CN
宇宙重啟,星界重启,zh-CN
守望者之友,游神的盟友,zh-CN
守望者的盟友,游神的盟友,zh-CN
宝探し,寻宝,zh-CN
宝石手套,珠光护手,zh-CN
寂静法衣,静止法衣,zh-CN
寂靜法衣,静止法衣,zh-CN
寶石手套,珠光护手,zh-CN
寻宝之旅,寻宝,zh-CN
导能者,神谕,zh-CN
导能者模式,神谕模式,zh-CN
專打後期,后期专家,zh-CN
尋寶遊戲,寻宝,zh-CN
導き手,牧羊人,zh-CN
導き手の紋章,牧羊人纹章,zh-CN
小さくても強烈,小而致命,zh-CN
小さな仲間たち,小伙伴,zh-CN
小さな巨人,小巨人,zh-CN
小さな福袋,小小福袋,zh-CN
小偷小摸,挖角,zh-CN
小型惊喜包,小小福袋,zh-CN
小型禮包,小小福袋,zh-CN
小小伙伴,小伙伴,zh-CN
小小夥伴,小伙伴,zh-CN
小小大英雄,小巨人,zh-CN
小小泰坦,最小巨人,zh-CN
小巧但致命,小而致命,zh-CN
小米普,小木灵,zh-CN
就差你一個,别再错过,zh-CN
尺有所短、寸有所长,尺寸至上,zh-CN
崇高の冒険,崇高冒险,zh-CN
巧みなクラフト,精心打造,zh-CN
巨人の誓い,泰坦的坚决,zh-CN
巨人之力,大而有力,zh-CN
巨人殺手,巨人杀手,zh-CN
巨人腰帶,巨人腰带,zh-CN
巨型魔棒,无用大棒,zh-CN
巨大強悍,大而有力,zh-CN
巫妖之禍,巫妖之祸,zh-CN
巴龍巢穴,男爵幻域,zh-CN
巴龙幻域,男爵幻域,zh-CN
布蕾尔,贝蕾亚,zh-CN
布蕾爾,贝蕾亚,zh-CN
帽子ジュース,帽子饮品,zh-CN
帽帽果汁,帽子饮品,zh-CN
平底鍋,金锅锅,zh-CN
平底锅,金锅锅,zh-CN
并肩作战,联合作战,zh-CN
幽冥煞星,暗星,zh-CN
幽冥煞星徽章,暗星纹章,zh-CN
広がる根,蔓延之根,zh-CN
庇護者のお供,游神的盟友,zh-CN
庫奇,库奇,zh-CN
建立團隊,团队建设,zh-CN
弓の誓い,吾弓听命于您,zh-CN
強制中離,开摆,zh-CN
強力投入,硬性承诺,zh-CN
強化包,扩展包,zh-CN
强制中离,开摆,zh-CN
强大机甲,超级机甲,zh-CN
当头棒喝！,邦！,zh-CN
影の操り人形,暗影木偶,zh-CN
影子木偶,暗影木偶,zh-CN
影忍煞星：劫,天煞灭影：劫,zh-CN
待つ価値あり,值得等待,zh-CN
後排藍圖,后排蓝图,zh-CN
後衛の設計図,后排蓝图,zh-CN
復仇,正义报复,zh-CN
復刻師,魔术师,zh-CN
復刻師模式,魔术师模式,zh-CN
復活祝福,复活恩赐,zh-CN
循序漸進,人生切片,zh-CN
微光龍鱗精粹,金鳞精粹,zh-CN
微光龙鳞精萃,金鳞精粹,zh-CN
心之抗防,心之钢,zh-CN
心身統御のペンダント,激发之匣,zh-CN
忍耐の美徳,耐心是一种美德,zh-CN
忍耐是美德,耐心是一种美德,zh-CN
快速入门,博弈开启,zh-CN
思惑買い,遥遥领先,zh-CN
思緒清晰,清晰头脑,zh-CN
思緒雜亂,纷乱头脑,zh-CN
思绪杂乱,纷乱头脑,zh-CN
思绪清晰,清晰头脑,zh-CN
怪しげなトレンチコート,迷离风衣,zh-CN
怪咖集合,异类,zh-CN
恶意变现,恶意货币化,zh-CN
恶鲨火箭,鱼骨头,zh-CN
惡性經營,恶意货币化,zh-CN
惡意程式矩陣,恶意软件矩阵,zh-CN
惡鯊火箭,鱼骨头,zh-CN
想定内の意外性,意料之中的意外,zh-CN
成吨数据！,成吨的属性！,zh-CN
我们团结一致,水乳交融,zh-CN
我弓于你手,吾弓听命于您,zh-CN
我独自升级,独自升级,zh-CN
战神的荣耀,猛将的荣耀,zh-CN
戦略的敗北,存心失利,zh-CN
戰國軍閥之榮耀,猛将的荣耀,zh-CN
戰錘意志,权杖意志,zh-CN
手套,连指手套,zh-CN
打手连枷,强袭者的链枷,zh-CN
打手連枷,强袭者的链枷,zh-CN
打造夥伴,挑个好伙计！,zh-CN
投資,投资,zh-CN
投資完了,投资,zh-CN
投资,投资,zh-CN
抽好抽滿I,D个痛快！,zh-CN
拉姆斯,拉莫斯,zh-CN
拓展包,扩展包,zh-CN
招兵买马,新人入队,zh-CN
招兵買馬,新人入队,zh-CN
拳击训练,拳击课程,zh-CN
拳擊訓練,拳击课程,zh-CN
拳擊選手,赏金战士,zh-CN
指挥官,最高指挥官,zh-CN
指揮官,最高指挥官,zh-CN
挑战者徽章,挑战者纹章,zh-CN
振奮盔甲,振奋盔甲,zh-CN
排兵布阵,列队,zh-CN
探索者护腕,探索者的护臂,zh-CN
探索者護腕,探索者的护臂,zh-CN
提摩,提莫,zh-CN
援護の弓,战时补给：反曲之弓,zh-CN
揺るがぬ心,坚定之心,zh-CN
携带型打铁铺,便携锻炉,zh-CN
携手合作,集结战队,zh-CN
攀升之階I,攀登天梯,zh-CN
攜帶型打鐵舖,便携锻炉,zh-CN
攜手同行,水乳交融,zh-CN
支配宝匣,激发之匣,zh-CN
支配寶匣,激发之匣,zh-CN
放電,电火花,zh-CN
救済者,救世主,zh-CN
救赎之灵,救赎盔甲,zh-CN
斜槓英雄,节外生枝,zh-CN
新兵,新人入队,zh-CN
无尽守护,三相庇护,zh-CN
无尽绝望,无终恨意,zh-CN
无差别杀手,无差别攻击,zh-CN
日炎燎原,日炎棋盘,zh-CN
日輪的加冕,钢铁烈阳之匣,zh-CN
日轮的加冕,钢铁烈阳之匣,zh-CN
早期教育,宝宝学院,zh-CN
昇華護符,飞升护符,zh-CN
明鏡止水,清晰头脑,zh-CN
易大师,易,zh-CN
易大師,易,zh-CN
星の観測者,观星者,zh-CN
星の観測者の紋章,观星者纹章,zh-CN
星を目指して,摘星之志,zh-CN
星光连击,星界连招,zh-CN
星光連鎖,星界连招,zh-CN
星界壁壘,暮光铁壁,zh-CN
星際旅人,旅人,zh-CN
星際旅人徽章,旅人纹章,zh-CN
星靈牧者,牧羊人,zh-CN
星靈牧者徽章,牧羊人纹章,zh-CN
昼食代,午餐钱,zh-CN
時計仕掛けの加速装置,发条增速器,zh-CN
時間破壞者,未来战士,zh-CN
時間破壞者徽章,未来战士纹章,zh-CN
普通の日々,人生切片,zh-CN
普通預金口座,储蓄账户,zh-CN
智商稅,认知税,zh-CN
暗影傀儡,暗影木偶,zh-CN
暗黑女士,黑暗魔女,zh-CN
暮夜之盾,黄昏圣盾,zh-CN
暴击式成功,战时补给：拳套,zh-CN
暴風之劍,暴风之剑,zh-CN
暴风大剑,暴风之剑,zh-CN
曙光核心,黎明核心,zh-CN
更致命之刃,更要命的战刃,zh-CN
最后耳语,最后的轻语,zh-CN
最后赢家,登上最高峰,zh-CN
最大最小化,可大可小,zh-CN
最強の四配者,四费增援,zh-CN
最强构筑,顶尖构筑,zh-CN
最後耳語,最后的轻语,zh-CN
有効活用,有用之材,zh-CN
木偶化,假人化,zh-CN
未来の鍛冶場,休眠锻炉,zh-CN
机甲神盾,霸天机甲,zh-CN
杀出血路,战时补给：暴风大剑,zh-CN
杖匠,杖之工匠,zh-CN
杖鍛冶,杖之工匠,zh-CN
极光,阿萝拉,zh-CN
极限拉满,可大可小,zh-CN
构筑一名伙伴：,挑个好伙计！,zh-CN
枯朽の遺物,枯萎圣物,zh-CN
枯死の宝石,枯萎珠宝,zh-CN
枯萎宝石,枯萎珠宝,zh-CN
枯萎寶石,枯萎珠宝,zh-CN
柔依,佐伊,zh-CN
柔軟性,灵活摇摆,zh-CN
根絶者,灭星尊,zh-CN
格斗手套,拳套,zh-CN
格鬥手套,拳套,zh-CN
棋手之盾,金锅锅冠冕,zh-CN
棋手厨房,锅铲厨房,zh-CN
棋手廚房,锅铲厨房,zh-CN
棋手披風,金锅铲冠冕,zh-CN
棋手斗篷,金锅铲冠冕,zh-CN
棋手皇冠,金铲铲冠冕,zh-CN
棋手盾牌,金锅锅冠冕,zh-CN
極速快手,挑战者,zh-CN
極速快手徽章,挑战者纹章,zh-CN
極速快手模式,挑战者模式,zh-CN
構成拡大,节外生枝,zh-CN
模控機械上鏈,源计划上行链路,zh-CN
模控機械移植,源计划植入,zh-CN
機械戰甲,霸天机甲,zh-CN
次级镜影化身,次级镜像人格面具,zh-CN
歐羅拉,阿萝拉,zh-CN
正义手套,正义之手,zh-CN
正義手套,正义之手,zh-CN
武斗家,斗士,zh-CN
武斗家徽章,斗士纹章,zh-CN
武鬥家,斗士,zh-CN
武鬥家徽章,斗士纹章,zh-CN
歩く鍛冶場,活体锻炉,zh-CN
死亡之帽,灭世者的死亡之帽,zh-CN
死得有價值I,有用之材,zh-CN
死神之刃,死亡之刃,zh-CN
歼灭者,灭星尊,zh-CN
殺出血路,战时补给：暴风大剑,zh-CN
水銀兜帽,水银,zh-CN
水银兜帽,水银,zh-CN
永恆契約,永恒契约,zh-CN
永续召唤,战时补给：无用大棒,zh-CN
沈黙の帳,静止法衣,zh-CN
沉重王冠,王冠之重,zh-CN
河蟹,峡谷迅捷蟹,zh-CN
治疗法球,治疗法球,zh-CN
治療靈球,治疗法球,zh-CN
治癒回音,修复型回响,zh-CN
法杖工匠,杖之工匠,zh-CN
法洛士的執念,韦鲁斯的执念,zh-CN
法洛士的增益,韦鲁斯的恩赐,zh-CN
法洛士的执念,韦鲁斯的执念,zh-CN
法洛士的祝福,韦鲁斯的恩赐,zh-CN
泪流不止,战时补给：女神之泪,zh-CN
泰坦九头蛇,巨型九头蛇,zh-CN
泰坦九頭蛇,巨型九头蛇,zh-CN
泰坦的决意,泰坦的坚决,zh-CN
泰坦的決意,泰坦的坚决,zh-CN
活火炉,活体锻炉,zh-CN
活火爐,活体锻炉,zh-CN
派上用场,有用之材,zh-CN
派对大咖,汪星机器人,zh-CN
派對咖,汪星机器人,zh-CN
流れる涙,战时补给：女神之泪,zh-CN
流亡孤军,浪人,zh-CN
流亡孤軍,浪人,zh-CN
海克斯科技槍刃,海克斯科技枪刃,zh-CN
淚光閃閃,战时补给：女神之泪,zh-CN
淚如泉湧,泪流成河,zh-CN
混乱回復装置,变形重组器,zh-CN
混乱的呼唤,混沌召唤,zh-CN
混沌への呼び声,混沌召唤,zh-CN
混沌召喚,混沌召唤,zh-CN
滚起优势,升星之运,zh-CN
漫游者,旅人,zh-CN
漫游者徽章,旅人纹章,zh-CN
潘多拉的备战区,潘朵拉的备战席,zh-CN
潘多拉的道具,潘朵拉的装备,zh-CN
潘朵拉的備戰區,潘朵拉的备战席,zh-CN
潘朵拉的道具,潘朵拉的装备,zh-CN
潛在火爐,休眠锻炉,zh-CN
潛行者之爪,暗行者之爪,zh-CN
潜心锻造,休眠锻炉,zh-CN
潜行者之爪,暗行者之爪,zh-CN
火热促销,火爆甩卖,zh-CN
灵气农兵,低调炫耀,zh-CN
灵活变通,灵活摇摆,zh-CN
灵能者,灵能特工,zh-CN
灵能者徽章,灵能特工纹章,zh-CN
灵魂觉醒,灵魂唤醒,zh-CN
炎を強めて,火上浇油,zh-CN
炽天使之杖,炽天使之拥,zh-CN
烈士之德,殉道美德,zh-CN
烈士美德,殉道美德,zh-CN
烏爾加特,厄加特,zh-CN
無人機上鏈,无人机上行链路,zh-CN
無差別屠殺,无差别攻击,zh-CN
無差別殺人者,无差别攻击,zh-CN
無盡之刃,无尽之刃,zh-CN
無盡絕望,无终恨意,zh-CN
無限守護,三相庇护,zh-CN
煞蜜拉,莎弥拉,zh-CN
煽风点火,火上浇油,zh-CN
熊熊火勢,火上浇油,zh-CN
熾天使之杖,炽天使之拥,zh-CN
營造氣場,低调炫耀,zh-CN
燼,烬,zh-CN
燼滅之華,灭星尊,zh-CN
爆炸性成長,爆炸式增长,zh-CN
爆発的成長,爆炸式增长,zh-CN
爱心包裹,关爱包裹,zh-CN
爱欧尼亚星火,离子火花,zh-CN
牧魂人,牧羊人,zh-CN
牧魂人徽章,牧羊人纹章,zh-CN
物資箱,关爱包裹,zh-CN
特性の書,纹章之书,zh-CN
特性の木,羁绊树,zh-CN
特性を選択,选择羁绊,zh-CN
特性之树,羁绊树,zh-CN
特性典籍,纹章之书,zh-CN
特性神木,羁绊树,zh-CN
犽宿之共享光采,亚索的共享聚光灯,zh-CN
犽宿的共享光采,亚索的共享聚光灯,zh-CN
犽宿的剑术,亚索的剑艺,zh-CN
犽宿的增益,亚索的恩赐,zh-CN
犽宿的祝福,亚索的恩赐,zh-CN
犽宿的迅雷之技,亚索的剑艺,zh-CN
犽宿的黃金棋格,亚索的黄金格,zh-CN
犽宿的黄金格子,亚索的黄金格,zh-CN
狙击专家,狙神,zh-CN
狙击专家徽章,狙神纹章,zh-CN
狙擊專家,狙神,zh-CN
狙擊專家徽章,狙神纹章,zh-CN
狱火战斧,恶火小斧,zh-CN
獄火手斧,恶火小斧,zh-CN
獄炎のハチェット,恶火小斧,zh-CN
獨自升等,独自升级,zh-CN
王冠とは重きもの,王冠之重,zh-CN
玻璃大炮,玻璃大炮,zh-CN
玻璃大砲I,玻璃大炮,zh-CN
珠光莲花,珠光莲花,zh-CN
珠光蓮花II,珠光莲花,zh-CN
瑟雷西的增益,锤石的恩赐,zh-CN
瑟雷西的灯笼,锤石的灯笼,zh-CN
瑟雷西的燈籠,锤石的灯笼,zh-CN
瑟雷西的祝福,锤石的恩赐,zh-CN
甘いおやつ,甜点,zh-CN
生存专家,幸存者,zh-CN
生存專家,幸存者,zh-CN
生日团聚,生日聚会,zh-CN
生日團聚,生日聚会,zh-CN
生日禮物,生日礼物,zh-CN
生根发芽,蔓延之根,zh-CN
生活片段,人生切片,zh-CN
生涯ブロンズ,终身黄铜,zh-CN
生物材料保存,生物质维护器,zh-CN
生物质保存剂,生物质维护器,zh-CN
电光反击,电火花,zh-CN
电荷转移I,充能转移,zh-CN
略奪者,狂战士,zh-CN
略奪者の紋章,狂战士纹章,zh-CN
疗愈回响,修复型回响,zh-CN
疾速双杀,一波带走俩,zh-CN
疾速雙殺,一波带走俩,zh-CN
癒しのこだま,修复型回响,zh-CN
發條加速器,发条增速器,zh-CN
百兽,幻灵战队,zh-CN
百兽指挥官,幻灵指挥官,zh-CN
百兽特攻队徽章,幻灵战队纹章,zh-CN
百獸,幻灵战队,zh-CN
百獸指揮官,幻灵指挥官,zh-CN
百獸特攻隊徽章,幻灵战队纹章,zh-CN
皇冠守衛,冕卫,zh-CN
盗賊のグローブ,窃贼手套,zh-CN
盗賊団,窃贼帮派,zh-CN
盗賊団 II,窃贼帮派 II,zh-CN
盜取,挖角,zh-CN
盧登驟雨,卢登的激荡,zh-CN
目标锁定光学仪,锁敌光学设备,zh-CN
目標鎖定光學,锁敌光学设备,zh-CN
真派氣功,秘传奥义,zh-CN
石像鬼盘核,石像鬼石板甲,zh-CN
石像鬼磐核,石像鬼石板甲,zh-CN
研究熱心,耐心学习,zh-CN
砰地重击,物尽其用,zh-CN
砰爆,末日使者,zh-CN
破时者,未来战士,zh-CN
破时者徽章,未来战士纹章,zh-CN
破曉之核,黎明核心,zh-CN
砸起來,物尽其用,zh-CN
碰撞測試,碰撞测试假人,zh-CN
神の祝福,受到星神赐福,zh-CN
神の鍛冶場,神赐锻炉,zh-CN
神之祝福,受到星神赐福,zh-CN
神偷军团,窃贼帮派,zh-CN
神偷军团 II,窃贼帮派 II,zh-CN
神偷軍團,窃贼帮派,zh-CN
神偷軍團 II,窃贼帮派 II,zh-CN
神化锻炉,神赐锻炉,zh-CN
神寵者,受到星神赐福,zh-CN
神影刺客,游侠,zh-CN
神影刺客徽章,游侠纹章,zh-CN
神聖熔爐,神赐锻炉,zh-CN
神託,命运祭司,zh-CN
神諭,命运祭司,zh-CN
神鬥士,斗神,zh-CN
禁忌之像,禁忌雕像,zh-CN
私房錢,花到上头,zh-CN
私房钱,花到上头,zh-CN
稜鏡票券,棱彩门票,zh-CN
穢れたヴァンパイア セプター,黑暗吸血鬼节杖,zh-CN
究極暴擊,战时补给：拳套,zh-CN
窃盗,挖角,zh-CN
竊賊手套,窃贼手套,zh-CN
米普,小木灵,zh-CN
米普,木灵族,zh-CN
米普徽章,木灵族纹章,zh-CN
米普星人,木灵族,zh-CN
米普星人徽章,木灵族纹章,zh-CN
米普終端速度,飙速木灵,zh-CN
米里欧,米利欧,zh-CN
米里歐,米利欧,zh-CN
精心製作,精心打造,zh-CN
精打細算,明智消费,zh-CN
精打细算,明智消费,zh-CN
精进之矛,朔极之矛,zh-CN
精進之矛,朔极之矛,zh-CN
紀元,新纪元,zh-CN
紅Buff,红霸符,zh-CN
納什之牙,纳什之牙,zh-CN
納瑟斯,内瑟斯,zh-CN
素材アイテムヘイスト,散件丰收日,zh-CN
紡がれし魔法,纺织魔法,zh-CN
索娜,娑娜,zh-CN
索拉卡的增益,索拉卡的恩赐,zh-CN
索拉卡的奇蹟,索拉卡的奇迹,zh-CN
索拉卡的祝福,索拉卡的恩赐,zh-CN
終わりなき絶望,无终恨意,zh-CN
組件強盜,散件丰收日,zh-CN
絶好調,升星之运,zh-CN
維克特,维克托,zh-CN
維迦,维迦,zh-CN
縮小手套,连指手套,zh-CN
红增益,红霸符,zh-CN
纪年伊始,新纪元,zh-CN
纳瑟斯,内瑟斯,zh-CN
组件劫案,散件丰收日,zh-CN
终端米普速度,飙速木灵,zh-CN
终身青铜,终身黄铜,zh-CN
维克特,维克托,zh-CN
编织魔法,纺织魔法,zh-CN
美味甜點,甜点,zh-CN
翱銳龍獸,奥瑞利安·索尔,zh-CN
翱銳龍獸的祝福,奥瑞利安·索尔的恩赐,zh-CN
翱锐龙兽,奥瑞利安·索尔,zh-CN
翱锐龙兽的增益,奥瑞利安·索尔的恩赐,zh-CN
耐心學習,耐心学习,zh-CN
耐心是美德,耐心是一种美德,zh-CN
聖なる決闘者,斗神,zh-CN
聖光無賴,光明无赖,zh-CN
能力值大補包,成吨的属性！,zh-CN
脫穎而出,登上最高峰,zh-CN
腐蝕,腐蚀,zh-CN
腐败吸血鬼权杖,黑暗吸血鬼节杖,zh-CN
腐食,腐蚀,zh-CN
腰带过载,腰带溢流,zh-CN
腰帶多多,腰带溢流,zh-CN
臨時戰甲,应急护甲,zh-CN
至尊探险,崇高冒险,zh-CN
致命利刃,更要命的战刃,zh-CN
致命帽子,更要命的帽子,zh-CN
致命豆丁,小而致命,zh-CN
致死之帽,更要命的帽子,zh-CN
艾克的增益,艾克的恩赐,zh-CN
艾克的祝福,艾克的恩赐,zh-CN
芽苞初放,来个好伙计,zh-CN
英勇惊喜包,英勇福袋,zh-CN
英雄のラッキーバッグ,英勇福袋,zh-CN
英雄禮包,英勇福袋,zh-CN
茂凱,茂凯,zh-CN
荊棘蔓延,蔓延之根,zh-CN
菲欧拉,菲奥娜,zh-CN
菲歐拉,菲奥娜,zh-CN
葛雷夫,格雷福斯,zh-CN
蓝增益,蓝霸符,zh-CN
薇可丝,薇古丝,zh-CN
薇可絲,薇古丝,zh-CN
藍Buff,蓝霸符,zh-CN
虚空之门,兹若特传送门,zh-CN
虚空手套,虚空护手,zh-CN
虛空之杖,虚空之杖,zh-CN
虛空之門,兹若特传送门,zh-CN
虛空武鬥場,虚空护手,zh-CN
血の供物,鲜血祭品,zh-CN
血の価値,猩红报偿,zh-CN
血償,猩红报偿,zh-CN
血的代价,猩红报偿,zh-CN
血祭,鲜血祭品,zh-CN
衝擊火炮,疾射火炮,zh-CN
衝突試験用ダミー,碰撞测试假人,zh-CN
裁决者,法官,zh-CN
裁决者徽章,法官纹章,zh-CN
複製,反响,zh-CN
西風匕首,灵风,zh-CN
西风匕首,灵风,zh-CN
視界專注,视界专注,zh-CN
观星者徽章,观星者纹章,zh-CN
觉得自己幸运吗,手气不错,zh-CN
訂購奢侈品,奢侈品订购,zh-CN
訂閱服務,订阅服务,zh-CN
訓練假人,训练假人,zh-CN
詛咒之冠,诅咒冠冕,zh-CN
詛咒之刃,诅咒之刃,zh-CN
詛咒吸血鬼權杖,黑暗吸血鬼节杖,zh-CN
認知超載,认知过载,zh-CN
认知税,认知税,zh-CN
认知超负荷,认知过载,zh-CN
训练木偶,训练假人,zh-CN
诅咒之冠,诅咒冠冕,zh-CN
豪華なサブスク,奢侈品订购,zh-CN
貝爾薇斯,卑尔维斯,zh-CN
負極斗篷,负极斗篷,zh-CN
貪啃奇,塔姆,zh-CN
貪財,贪财,zh-CN
買い物三昧,大买特买,zh-CN
買不手軟,大买特买,zh-CN
貿易核心,贸易中心,zh-CN
賈克斯,贾克斯,zh-CN
賢い買い物,明智消费,zh-CN
贝尔薇斯,卑尔维斯,zh-CN
财源滚滚,摇钱树,zh-CN
贪啃奇,塔姆,zh-CN
购物狂欢,大买特买,zh-CN
贸易大亨,DD街区,zh-CN
起死回生,复苏之风,zh-CN
超前部署,前瞻思维,zh-CN
超新星,新星特攻队,zh-CN
超新星徽章,新星特攻队纹章,zh-CN
超能機甲,超级机甲,zh-CN
超越のタリスマン,飞升护符,zh-CN
跳樓大拍賣,火爆甩卖,zh-CN
輝く悪党,光明无赖,zh-CN
转不停,D个痛快！,zh-CN
轻魔重骰,轻量魔法投掷,zh-CN
这次战败也在计算之中,存心失利,zh-CN
远古霸者,海魔人,zh-CN
远古霸者徽章,海魔人纹章,zh-CN
远见卓识,前瞻思维,zh-CN
迷你小英雄,最小巨人,zh-CN
适性神盔,适应性头盔,zh-CN
逆命,崔斯特,zh-CN
逆袭之路,绝境反击,zh-CN
逆転劇,绝境反击,zh-CN
逆轉佳話,绝境反击,zh-CN
选择特性,选择羁绊,zh-CN
這次戰敗也在計算之中,存心失利,zh-CN
連続魔法,战时补给：无用大棒,zh-CN
連續施法,战时补给：无用大棒,zh-CN
進階貸款,高级贷款,zh-CN
道を切り拓け,战时补给：暴风大剑,zh-CN
道具惊喜包,装备百宝袋,zh-CN
道具組合包I,装备百宝袋,zh-CN
遠古霸者,海魔人,zh-CN
遠古霸者徽章,海魔人纹章,zh-CN
遠征,远征,zh-CN
適性神盔,适应性头盔,zh-CN
選擇特性,选择羁绊,zh-CN
避險基金,对冲基金,zh-CN
邪悪な収益化,恶意货币化,zh-CN
鄂尔,奥恩,zh-CN
鄂爾,奥恩,zh-CN
重整装置,变形重组器,zh-CN
重整裝置,变形重组器,zh-CN
重新開始任務,重启任务,zh-CN
重枪女武神,武装战姬,zh-CN
重槍女武神,武装战姬,zh-CN
重锤之志,权杖意志,zh-CN
量身訂做,专属定制,zh-CN
金に飢えし者,贪财,zh-CN
金のタマゴ,金蛋,zh-CN
金のモンスーン,摇钱树,zh-CN
金ピカの鋼,镀金钢铁,zh-CN
金湯匙,银汤匙,zh-CN
金龙降世,金霖龙,zh-CN
鈍化,假人化,zh-CN
銀の匙,银汤匙,zh-CN
銀河獵手,天煞,zh-CN
銀織黎明,密银黎明,zh-CN
銃装機神,武装战姬,zh-CN
銅級之命II,终身黄铜,zh-CN
鋼の心,心之钢,zh-CN
鋼鐵素材,黑铁资产,zh-CN
錫柯的悲鳴號角,基克的阴森先驱,zh-CN
錫柯的號角,基克的先驱,zh-CN
鍋鏟,金铲铲,zh-CN
鎖子甲,锁子甲,zh-CN
鏡像のペルソナ,镜像人格面具,zh-CN
鏡像人格,镜像人格面具,zh-CN
鏡爪,千珏,zh-CN
鑄造朋友,锻造挚友,zh-CN
钢铁之心,心之钢,zh-CN
钢铁资产,黑铁资产,zh-CN
银河猎手,天煞,zh-CN
银织黎明,密银黎明,zh-CN
铸剑工匠,剑之工匠,zh-CN
锅铲,金铲铲,zh-CN
锡柯的号角,基克的先驱,zh-CN
锡柯的悲鸣号角,基克的阴森先驱,zh-CN
锻造一个朋友,锻造挚友,zh-CN
镜影化身,镜像人格面具,zh-CN
镜爪,千珏,zh-CN
長久之計,遥遥领先,zh-CN
閃刃,烁刃,zh-CN
開局新手包,来个好伙计,zh-CN
闇の女帝,黑暗魔女,zh-CN
闇翼魔女,黑暗魔女,zh-CN
關,格温,zh-CN
防禦高塔,高塔,zh-CN
阿卡莉,阿卡丽,zh-CN
阿璃的增益,阿狸的恩赐,zh-CN
阿璃的灵气,阿狸的光环,zh-CN
阿璃的祝福,阿狸的恩赐,zh-CN
阿璃的靈氣,阿狸的光环,zh-CN
阿福大礼包,阿福的百宝袋,zh-CN
阿福大禮包,阿福的百宝袋,zh-CN
阿福奇兵,海牛阿福的锅铲战术,zh-CN
阿福式开局,海牛阿福的锅铲战术,zh-CN
阿福快打,厨神阿福,zh-CN
阿福驾到,厨神阿福,zh-CN
降靈師,神谕,zh-CN
降靈師模式,神谕模式,zh-CN
限定カスタマイズ,专属定制,zh-CN
陣容,列队,zh-CN
集中砲火,集中火力,zh-CN
集体拥抱I,拥抱,zh-CN
雇佣杀手,职业杀手,zh-CN
雙排,双排,zh-CN
雙生守衛,双子守护神,zh-CN
離子星火,离子火花,zh-CN
雷欧娜,蕾欧娜,zh-CN
雷歐娜,蕾欧娜,zh-CN
雷玟,锐雯,zh-CN
雷珂煞,雷克塞,zh-CN
電光反擊,电火花,zh-CN
電荷轉移,充能转移,zh-CN
露璐,璐璐,zh-CN
靈活變通,灵活摇摆,zh-CN
靈能使,灵能特工,zh-CN
靈能使徽章,灵能特工纹章,zh-CN
靈魂救贖,救赎盔甲,zh-CN
非凡冒險,崇高冒险,zh-CN
頂裝,顶尖构筑,zh-CN
預料中的意外,意料之中的意外,zh-CN
願四之力與你同在,愿四费与你同在,zh-CN
飛斯,菲兹,zh-CN
飛昇,飞升,zh-CN
飞斯,菲兹,zh-CN
騎士の誓い,骑士之誓,zh-CN
騎士誓願,骑士之誓,zh-CN
骑士誓愿,骑士之誓,zh-CN
高压电流,高压电,zh-CN
高速ダブルキル,一波带走俩,zh-CN
高電圧,高压电,zh-CN
高電壓,高压电,zh-CN
高風險高報酬,冒险举动,zh-CN
鬼使弯刀,幽魂弯刀,zh-CN
鬼使彎刀,幽魂弯刀,zh-CN
魂力覺醒,灵魂唤醒,zh-CN
魔力編織,纺织魔法,zh-CN
魔斗凯萨,莫德凯撒,zh-CN
魔杖湧流,法杖溢流,zh-CN
魔棒过载,法杖溢流,zh-CN
魔法のダイス,魔法投掷,zh-CN
魔法擲骰,魔法投掷,zh-CN
魔法骰子,魔法投掷,zh-CN
魔甘娜,莫甘娜,zh-CN
魔鬥凱薩,莫德凯撒,zh-CN
鴻運當頭,手气不错,zh-CN
鴻運當頭,升星之运,zh-CN
麗珊卓,丽桑卓,zh-CN
黃昏聖盾,黄昏圣盾,zh-CN
黃金巨龍,金霖龙,zh-CN
黃金蛋,金蛋,zh-CN
黃金豪賭,黄金赌约,zh-CN
黄金の博打,黄金赌约,zh-CN
黄金の龍,金霖龙,zh-CN
黄金蛋,金蛋,zh-CN
黄金豪赌,黄金赌约,zh-CN
黎明之盾,黎明圣盾,zh-CN
黎明聖盾,黎明圣盾,zh-CN
黑魔禁书,莫雷洛秘典,zh-CN
黑魔禁書,莫雷洛秘典,zh-CN
龍之爪,巨龙之爪,zh-CN
龙之爪,巨龙之爪,zh-CN
가고일 돌갑옷,石像鬼石板甲,zh-CN
가지 뻗기,节外生枝,zh-CN
간이 대장간,活体锻炉,zh-CN
강철의 솔라리 펜던트,钢铁烈阳之匣,zh-CN
강철의 심장,心之钢,zh-CN
거대 메크 로봇,超级机甲,zh-CN
거대하고 강력한,大而有力,zh-CN
거대한 히드라,巨型九头蛇,zh-CN
거래 중심지,贸易中心,zh-CN
거울의 환영,镜像人格面具,zh-CN
거인 학살자,巨人杀手,zh-CN
거인의 결의,泰坦的坚决,zh-CN
거인의 허리띠,巨人腰带,zh-CN
검 제작자,剑之工匠,zh-CN
경품 추첨,黄金赌约,zh-CN
경호대 훈련,利落保镖,zh-CN
계산된 패배,存心失利,zh-CN
고귀한 모험,崇高冒险,zh-CN
고독한 방패,单身板甲,zh-CN
고속 연사포,疾射火炮,zh-CN
고위천사의 지팡이,炽天使之拥,zh-CN
고전압,电火花,zh-CN
고전압,高压电,zh-CN
고철 수집가의 은총,斗神的恩赐,zh-CN
곡궁,反曲之弓,zh-CN
골렘,魔像,zh-CN
공감 임플란트,共感植入,zh-CN
공허 건틀릿,虚空护手,zh-CN
공허의 지팡이,虚空之杖,zh-CN
교환의 장,DD街区,zh-CN
구독 서비스,订阅服务,zh-CN
구원의 영혼,救赎盔甲,zh-CN
구원자,救世主,zh-CN
구인수의 격노검,鬼索的狂暴之刃,zh-CN
굳건한 심장,坚定之心,zh-CN
권투 교습,拳击课程,zh-CN
그냥 눌러,点击即送,zh-CN
그라가스,古拉加斯,zh-CN
그레이브즈,格雷福斯,zh-CN
그림자 꼭두각시,暗影木偶,zh-CN
그웬,格温,zh-CN
극대화 빌드,顶尖构筑,zh-CN
극진한 헌신,硬性承诺,zh-CN
금지된 우상,禁忌雕像,zh-CN
급매,火爆甩卖,zh-CN
기다림의 미학,值得等待,zh-CN
기동총격여신,武装战姬,zh-CN
기사의 맹세,骑士之誓,zh-CN
길을 내라,战时补给：暴风大剑,zh-CN
길잡이,牧羊人,zh-CN
길잡이 상징,牧羊人纹章,zh-CN
꼬꼬마 거인,最小巨人,zh-CN
꼬마 거인,小巨人,zh-CN
꼬마 정령,小木灵,zh-CN
꽁!,邦！,zh-CN
끈끈한 우정,团队建设,zh-CN
끈질긴 연구,耐心学习,zh-CN
끝없는 절망,无终恨意,zh-CN
나 혼자 레벨업,独自升级,zh-CN
나르,纳尔,zh-CN
나미,娜美,zh-CN
나서스,内瑟斯,zh-CN
남작의 소굴,男爵幻域,zh-CN
내셔의 이빨,纳什之牙,zh-CN
넘치는 대검,大剑溢流,zh-CN
넘치는 지팡이,法杖溢流,zh-CN
넘치는 허리띠,腰带溢流,zh-CN
누누와 윌럼프,努努和威朗普,zh-CN
다 쓸 데가 있다니까,有用之材,zh-CN
다이애나,黛安娜,zh-CN
단결된 의지,联合作战,zh-CN
단일 조합 사수,不侦察，不变阵,zh-CN
단짝,最佳好友,zh-CN
단체 포옹,拥抱,zh-CN
달콤한 간식,甜点,zh-CN
대격변 생성기,变形重组器,zh-CN
대장군의 명예,猛将的荣耀,zh-CN
대천사의 지팡이,大天使之杖,zh-CN
대출 선지급,高级贷款,zh-CN
더욱 치명적인 모자,更要命的帽子,zh-CN
덤불 조끼,棘刺背心,zh-CN
도금 강철,镀金钢铁,zh-CN
도둑 무리,窃贼帮派,zh-CN
도둑 무리 II,窃贼帮派 II,zh-CN
도적의 장갑,窃贼手套,zh-CN
도전자,挑战者,zh-CN
도전자 모드,挑战者模式,zh-CN
도전자 상징,挑战者纹章,zh-CN
돈 폭풍,摇钱树,zh-CN
돈독,贪财,zh-CN
동료 제작,挑个好伙计！,zh-CN
동물특공대,幻灵战队,zh-CN
동물특공대 상징,幻灵战队纹章,zh-CN
동물특공대 지휘관,幻灵指挥官,zh-CN
뒤집개,金铲铲,zh-CN
드론 업링크,无人机上行链路,zh-CN
땔감 제공,火上浇油,zh-CN
라바돈의 죽음모자,灭世者的死亡之帽,zh-CN
라아스트,拉亚斯特,zh-CN
라이트실드 문장,光盾徽章,zh-CN
람머스,拉莫斯,zh-CN
레벨 업!,升级咯！,zh-CN
레오나,蕾欧娜,zh-CN
렉사이,雷克塞,zh-CN
루덴의 폭풍,卢登的激荡,zh-CN
룰루,璐璐,zh-CN
르블랑,乐芙兰,zh-CN
리븐,锐雯,zh-CN
리산드라,丽桑卓,zh-CN
리치베인,巫妖之祸,zh-CN
마법 주사위,魔法投掷,zh-CN
마법공학 총검,海克斯科技枪刃,zh-CN
마법사의 최후,智慧末刃,zh-CN
마스터 이,易,zh-CN
마오카이,茂凯,zh-CN
말살자,灭星尊,zh-CN
맑은 정신,清晰头脑,zh-CN
망령 해적검,幽魂弯刀,zh-CN
메카,霸天机甲,zh-CN
명멸검,烁刃,zh-CN
모데카이저,莫德凯撒,zh-CN
모렐로노미콘,莫雷洛秘典,zh-CN
모르가나,莫甘娜,zh-CN
무차별적 살인자,无差别攻击,zh-CN
무한의 대검,无尽之刃,zh-CN
무한한 보호,三相庇护,zh-CN
미래 지향적 사고,前瞻思维,zh-CN
미스 포츈,厄运小姐,zh-CN
밀리오,米利欧,zh-CN
바드,巴德,zh-CN
바루스의 은총,韦鲁斯的恩赐,zh-CN
바루스의 집착,韦鲁斯的执念,zh-CN
반도체,半导体装置,zh-CN
반항아,异类,zh-CN
밤의 끝자락,夜之锋刃,zh-CN
방한 장갑,连指手套,zh-CN
베이가,维迦,zh-CN
벡스,薇古丝,zh-CN
벨베스,卑尔维斯,zh-CN
별돌보미,观星者,zh-CN
별돌보미 상징,观星者纹章,zh-CN
별빛 연계,星界连招,zh-CN
보루,暮光铁壁,zh-CN
보물 사냥,寻宝,zh-CN
보석 건틀릿,珠光护手,zh-CN
보석 연꽃,珠光莲花,zh-CN
복제,反响,zh-CN
복제자,魔术师,zh-CN
복제자 모드,魔术师模式,zh-CN
부스터 팩,扩展包,zh-CN
부식,腐蚀,zh-CN
부작용,副作用,zh-CN
부활의 은총,复活恩赐,zh-CN
불굴,顽强不屈,zh-CN
불완전한 초월,部分飞升,zh-CN
불한당,游侠,zh-CN
불한당 상징,游侠纹章,zh-CN
붉고 푸른 효과,1个霸符，2个霸符,zh-CN
붉은 덩굴정령,红霸符,zh-CN
브라이어,贝蕾亚,zh-CN
블리츠크랭크,布里茨,zh-CN
빅뱅,宇宙大爆炸,zh-CN
빅토르,维克托,zh-CN
빛비늘 정수,金鳞精粹,zh-CN
뻗어가는 뿌리,蔓延之根,zh-CN
뽀삐,波比,zh-CN
사미라,莎弥拉,zh-CN
사이버네틱 이식술,源计划植入,zh-CN
사이버네틱 통신,源计划上行链路,zh-CN
삼인방,三项赛,zh-CN
새로고침의 날,D个痛快！,zh-CN
새로운 시대,新纪元,zh-CN
새벽심장,黎明核心,zh-CN
새벽의 방패,黎明圣盾,zh-CN
생선대가리,鱼骨头,zh-CN
생일 모임,生日聚会,zh-CN
생일 선물,生日礼物,zh-CN
생존자,幸存者,zh-CN
서사적 새로고침,8级D干的传说,zh-CN
서열 상승,攀登天梯,zh-CN
서풍,灵风,zh-CN
선물 꾸러미,关爱包裹,zh-CN
선봉대,重装战士,zh-CN
선봉대 상징,重装战士纹章,zh-CN
성취,登上最高峰,zh-CN
소나,娑娜,zh-CN
소라카의 기적,索拉卡的奇迹,zh-CN
소라카의 은총,索拉卡的恩赐,zh-CN
소형 블랙홀,迷你黑洞,zh-CN
쇠사슬 조끼,锁子甲,zh-CN
쇼진의 창,朔极之矛,zh-CN
수상한 외투,迷离风衣,zh-CN
수완가,花到上头,zh-CN
수은,水银,zh-CN
수호자의 맹세,圣盾使的誓约,zh-CN
수호자의 친구,游神的盟友,zh-CN
순교자의 미덕,殉道美德,zh-CN
쉔,慎,zh-CN
스태틱의 단검,斯塔缇克电刃,zh-CN
스테락의 도전,斯特拉克的挑战护手,zh-CN
슬쩍하기,挖角,zh-CN
습격자,狂战士,zh-CN
습격자 상징,狂战士纹章,zh-CN
승승장구,升星之运,zh-CN
승천의 부적,飞升护符,zh-CN
시간 균열자,未来战士,zh-CN
시간 균열자 상징,未来战士纹章,zh-CN
시계태엽 윤활유,发条增速器,zh-CN
시동 걸기,博弈开启,zh-CN
신병,新人入队,zh-CN
신성 결투가,斗神,zh-CN
신성한 대장간,神赐锻炉,zh-CN
신의 축복,受到星神赐福,zh-CN
신중한 제작,休眠锻炉,zh-CN
실컷 울어봐라,泪流成河,zh-CN
싸움꾼,斗士,zh-CN
싸움꾼 상징,斗士纹章,zh-CN
쌍두마차,坦度成双,zh-CN
쌍둥이 수호자,双子守护神,zh-CN
쓰레쉬의 랜턴,锤石的灯笼,zh-CN
쓰레쉬의 은총,锤石的恩赐,zh-CN
쓸데없이 큰 지팡이,无用大棒,zh-CN
아리의 오라,阿狸的光环,zh-CN
아리의 은총,阿狸的恩赐,zh-CN
아우렐리온 솔,奥瑞利安·索尔,zh-CN
아우렐리온 솔의 은총,奥瑞利安·索尔的恩赐,zh-CN
아이템 꾸러미,装备百宝袋,zh-CN
아칼리,阿卡丽,zh-CN
아케인 빅토르이!,双城赢家,zh-CN
아트록스,亚托克斯,zh-CN
악성코드 매트릭스,恶意软件矩阵,zh-CN
악의적 수익 창출,恶意货币化,zh-CN
암흑의 별,暗星,zh-CN
암흑의 별 상징,暗星纹章,zh-CN
야스오의 검술,亚索的剑艺,zh-CN
야스오의 스포트라이트 공유,亚索的共享聚光灯,zh-CN
야스오의 은총,亚索的恩赐,zh-CN
야스오의 황금 칸,亚索的黄金格,zh-CN
약간 신비한 주사위,轻量魔法投掷,zh-CN
어둠의 여인,黑暗魔女,zh-CN
어수선한 마음,纷乱头脑,zh-CN
얽힌 마법,纺织魔法,zh-CN
엄청나게 이로운 효과!,成吨的属性！,zh-CN
에너지 파동,秘传奥义,zh-CN
에코의 은총,艾克的恩赐,zh-CN
에코의 인내,艾克的耐心,zh-CN
여신의 눈물,女神之泪,zh-CN
여행자,旅人,zh-CN
여행자 상징,旅人纹章,zh-CN
역병의 보석,枯萎珠宝,zh-CN
역전의 서막,绝境反击,zh-CN
연결 불가,别再错过,zh-CN
연속 주문 사용,战时补给：无用大棒,zh-CN
연습용 장갑,拳套,zh-CN
영웅 꾸러미,英勇福袋,zh-CN
영원한 브론즈,终身黄铜,zh-CN
영원한 서약,永恒契约,zh-CN
영혼 각성,灵魂唤醒,zh-CN
예금 계좌,储蓄账户,zh-CN
예비 활,战时补给：反曲之弓,zh-CN
예상된 예상 밖의 결과,意料之中的意外,zh-CN
예언자,命运祭司,zh-CN
오라 축적,低调炫耀,zh-CN
오로라,阿萝拉,zh-CN
오른,奥恩,zh-CN
왕관의 무게,王冠之重,zh-CN
요새,堡垒卫士,zh-CN
요새 상징,堡垒卫士纹章,zh-CN
용의 발톱,巨龙之爪,zh-CN
우르곳,厄加特,zh-CN
우르프의 갬빗,海牛阿福的锅铲战术,zh-CN
우르프의 꾸러미,阿福的百宝袋,zh-CN
우주 그루브,太空律动,zh-CN
우주 그루브 상징,太空律动纹章,zh-CN
우주적 재시작,星界重启,zh-CN
운명술사,织命人,zh-CN
워모그의 갑옷,狂徒铠甲,zh-CN
위험한 행보,冒险举动,zh-CN
유기물 보존기,生物质维护器,zh-CN
유리 대포,玻璃大炮,zh-CN
유연함,灵活摇摆,zh-CN
유용한 금속,黑铁资产,zh-CN
은빛 여명,密银黎明,zh-CN
은수저,银汤匙,zh-CN
은하계 사냥꾼,天煞,zh-CN
음전자 망토,负极斗篷,zh-CN
응당한 대가,不计代价,zh-CN
응징,正义报复,zh-CN
이블린의 본능,伊芙琳的本能,zh-CN
이블린의 은총,伊芙琳的恩赐,zh-CN
이온 충격기,离子火花,zh-CN
이즈리얼,伊泽瑞尔,zh-CN
인지 과부하,认知过载,zh-CN
인지세,认知税,zh-CN
일라오이,俄洛伊,zh-CN
일상물,人生切片,zh-CN
임무 재시작,重启任务,zh-CN
임시변통 방어구,应急护甲,zh-CN
자객의 발톱,暗行者之爪,zh-CN
자리 비움,开摆,zh-CN
자야,霞,zh-CN
작은 꾸러미,小小福袋,zh-CN
작은 친구들,小伙伴,zh-CN
작지만 치명적인,小而致命,zh-CN
장기 투자,遥遥领先,zh-CN
재빠른 더블 킬,一波带走俩,zh-CN
재빠른 무장,物尽其用,zh-CN
재생의 바람,复苏之风,zh-CN
재활용 쓰레기통,打捞桶,zh-CN
잭스,贾克斯,zh-CN
저 별을 향해,摘星之志,zh-CN
저격수,狙神,zh-CN
저격수 상징,狙神纹章,zh-CN
저녁갑주,薄暮法袍,zh-CN
저주받은 왕관,诅咒冠冕,zh-CN
저주받은 칼날,诅咒之刃,zh-CN
적응형 투구,适应性头盔,zh-CN
전달자,神谕,zh-CN
전달자 모드,神谕模式,zh-CN
전략가의 망토,金锅铲冠冕,zh-CN
전략가의 방패,金锅锅冠冕,zh-CN
전략가의 왕관,金铲铲冠冕,zh-CN
전략가의 주방,锅铲厨房,zh-CN
전방의 토대,前线地基,zh-CN
전하 이동,充能转移,zh-CN
점심값,午餐钱,zh-CN
정교한 공예,精心打造,zh-CN
정렬,列队,zh-CN
정령단 속도,飙速木灵,zh-CN
정령의 형상,振奋盔甲,zh-CN
정령족,木灵族,zh-CN
정령족 상징,木灵族纹章,zh-CN
정의의 손길,正义之手,zh-CN
제드,劫,zh-CN
조기 교육,宝宝学院,zh-CN
조이,佐伊,zh-CN
조합 아이템 강탈,散件丰收日,zh-CN
주인공 버프,应急护盾,zh-CN
죽음의 검,死亡之刃,zh-CN
중심 잡기,C位的觉悟,zh-CN
중재자,法官,zh-CN
중재자 상징,法官纹章,zh-CN
즈롯 차원문,兹若特传送门,zh-CN
증강된 힘,强化之能量,zh-CN
지옥불 손도끼,恶火小斧,zh-CN
지크의 음산한 전령,基克的阴森先驱,zh-CN
지크의 전령,基克的先驱,zh-CN
지팡이 제작자,杖之工匠,zh-CN
지평선의 초점,视界专注,zh-CN
지휘관,最高指挥官,zh-CN
진,烬,zh-CN
진형 유지,坚守防线,zh-CN
징크스,金克丝,zh-CN
찬란한 장난꾸러기,光明无赖,zh-CN
참는 자에게 복을,耐心是一种美德,zh-CN
철퇴의 의지,权杖意志,zh-CN
청부 살인마,职业杀手,zh-CN
초가스,科加斯,zh-CN
초능력,灵能特工,zh-CN
초능력 상징,灵能特工纹章,zh-CN
초월,飞升,zh-CN
최신상,军工1号,zh-CN
최적화,可大可小,zh-CN
최후의 속삭임,最后的轻语,zh-CN
추방자,浪人,zh-CN
추적자의 팔목 보호대,探索者的护臂,zh-CN
출세가도,上进心,zh-CN
출정,征战之路,zh-CN
충돌 시험용 봇,碰撞测试假人,zh-CN
치명적 성공,战时补给：拳套,zh-CN
치명적인 칼날,更要命的战刃,zh-CN
친구 만들기,来个好伙计,zh-CN
친구 만들기,锻造挚友,zh-CN
침략자 제드,天煞灭影：劫,zh-CN
침묵의 장막,静止法衣,zh-CN
카르마,卡尔玛,zh-CN
카이사,卡莎,zh-CN
카파 주스,帽子饮品,zh-CN
케이틀린,凯特琳,zh-CN
케일의 승천,凯尔的崇拜,zh-CN
케일의 은총,凯尔的恩赐,zh-CN
케일의 찬란한 승천,凯尔的光明崇拜,zh-CN
코르키,库奇,zh-CN
크기의 중요성,尺寸至上,zh-CN
크라운가드,冕卫,zh-CN
크라켄의 분노,海妖之怒,zh-CN
큰 꾸러미,大百宝袋,zh-CN
킨드레드,千珏,zh-CN
타격대의 철퇴,强袭者的链枷,zh-CN
타락한 흡혈의 낫,黑暗吸血鬼节杖,zh-CN
탈론,泰隆,zh-CN
탐 켄치,塔姆,zh-CN
탐사,远征,zh-CN
탑,高塔,zh-CN
태고족,海魔人,zh-CN
태고족 상징,海魔人纹章,zh-CN
태양불꽃 망토,日炎斗篷,zh-CN
태양불꽃판,日炎棋盘,zh-CN
투자,投资,zh-CN
트위스티드 페이트,崔斯特,zh-CN
특별 맞춤 설정,专属定制,zh-CN
특성 나무,羁绊树,zh-CN
특성 선택,选择羁绊,zh-CN
특성의 고서,纹章之书,zh-CN
티모,提莫,zh-CN
파멸자,末日使者,zh-CN
파묻힌 보물,珍藏财宝,zh-CN
파이크,派克,zh-CN
파이트 머니,赏金战士,zh-CN
파티광,汪星机器人,zh-CN
판도라의 대기석,潘朵拉的备战席,zh-CN
판도라의 아이템,潘朵拉的装备,zh-CN
판테온,潘森,zh-CN
폭발적인 성장,爆炸式增长,zh-CN
표적 고정 광학 장치,锁敌光学设备,zh-CN
푸른 파수꾼,蓝霸符,zh-CN
프라이팬,金锅锅,zh-CN
프리즘 티켓,棱彩门票,zh-CN
피바라기,饮血剑,zh-CN
피오라,菲奥娜,zh-CN
피의 공물,鲜血祭品,zh-CN
피의 대가,猩红报偿,zh-CN
피즈,菲兹,zh-CN
하급 거울의 환영,次级镜像人格面具,zh-CN
"하나, 둘, 다섯!",一，二，五！,zh-CN
"하나, 둘, 셋",一，二，三,zh-CN
하나로 뭉치는 거지,水乳交融,zh-CN
해진 유물,枯萎圣物,zh-CN
행운의 기운,手气不错,zh-CN
행운의 장갑,幸运手套,zh-CN
헤지 펀드,对冲基金,zh-CN
현명한 소비,明智消费,zh-CN
협곡 바위 게,峡谷迅捷蟹,zh-CN
협력,集结战队,zh-CN
호화로운 정기 구독,奢侈品订购,zh-CN
혼돈의 부름,混沌召唤,zh-CN
화력 집중,集中火力,zh-CN
활력증진의 펜던트,激发之匣,zh-CN
활의 수호자,吾弓听命于您,zh-CN
황금 드래곤,金霖龙,zh-CN
황금 알,金蛋,zh-CN
황혼의 방패,黄昏圣盾,zh-CN
회복의 구,治疗法球,zh-CN
회복의 메아리,修复型回响,zh-CN
후반 성장,后期收益,zh-CN
후반 전문가,后期专家,zh-CN
후방 설계도,后排蓝图,zh-CN
훈련 봇,训练假人,zh-CN
훈련 봇 변환,假人化,zh-CN
휴대용 대장간,便携锻炉,zh-CN
흐르는 눈물,战时补给：女神之泪,zh-CN
흡혈의 활력,吸血生命力,zh-CN
흥청망청,大买特买,zh-CN
힘을 실은 제련,神力天铸,zh-CN
힘의 성배,能量圣杯,zh-CN
羊刀,鬼索的狂暴之刃,zh-CN
帽子,灭世者的死亡之帽,zh-CN
大帽,灭世者的死亡之帽,zh-CN
法帽,灭世者的死亡之帽,zh-CN
青龙刀,朔极之矛,zh-CN
龙刀,朔极之矛,zh-CN
蓝buff,蓝霸符,zh-CN
大天使,大天使之杖,zh-CN
AA,大天使之杖,zh-CN
珠光,珠光护手,zh-CN
法爆,珠光护手,zh-CN
JG,珠光护手,zh-CN
鬼书,莫雷洛秘典,zh-CN
离子,离子火花,zh-CN
纳什,纳什之牙,zh-CN
科技枪,海克斯科技枪刃,zh-CN
枪刃,海克斯科技枪刃,zh-CN
虚空,虚空之杖,zh-CN
法穿棒,虚空之杖,zh-CN
无尽,无尽之刃,zh-CN
IE,无尽之刃,zh-CN
死刃,死亡之刃,zh-CN
杀人剑,死亡之刃,zh-CN
DB,死亡之刃,zh-CN
巨杀,巨人杀手,zh-CN
GS,巨人杀手,zh-CN
轻语,最后的轻语,zh-CN
LW,最后的轻语,zh-CN
海妖,海妖之怒,zh-CN
泰坦,泰坦的坚决,zh-CN
幽梦,幽梦之灵,zh-CN
水银,水银,zh-CN
QSS,水银,zh-CN
血手,斯特拉克的挑战护手,zh-CN
饮血,饮血剑,zh-CN
BT,饮血剑,zh-CN
反甲,棘刺背心,zh-CN
龙爪,巨龙之爪,zh-CN
DC,巨龙之爪,zh-CN
石像鬼,石像鬼石板甲,zh-CN
狂徒,狂徒铠甲,zh-CN
夜锋,夜之锋刃,zh-CN
EON,夜之锋刃,zh-CN
冕卫,冕卫,zh-CN
日炎,日炎斗篷,zh-CN
红霸符,红霸符,zh-CN
适应,适应性头盔,zh-CN
坚定,坚定之心,zh-CN
心之刚,坚定之心,zh-CN
斯特拉克,斯特拉克的挑战护手,zh-CN
偷偷,窃贼手套,zh-CN
圣盾,圣盾使的誓约,zh-CN
誓约,圣盾使的誓约,zh-CN
冰甲,圣盾使的誓约,zh-CN
圣杯,能量圣杯,zh-CN
基克,基克的先驱,zh-CN
鸟盾,钢铁烈阳之匣,zh-CN
正义,正义之手,zh-CN
HOJ,正义之手,zh-CN
灵风,灵风,zh-CN
法衣,静止法衣,zh-CN
女妖,女妖面纱,zh-CN
薄暮,薄暮法袍,zh-CN
骑士,骑士之誓,zh-CN
月石,月石再生器,zh-CN
恶意,恶意,zh-CN
嘉文,嘉文四世,zh-CN
J4,嘉文四世,zh-CN
菊花信,赵信,zh-CN
小炮,崔丝塔娜,zh-CN
卡牌,崔斯特,zh-CN
牌爹,崔斯特,zh-CN
TF,崔斯特,zh-CN
挖掘机,雷克塞,zh-CN
妖姬,乐芙兰,zh-CN
船长,普朗克,zh-CN
GP,普朗克,zh-CN
大卑,卑尔维斯,zh-CN
蝙蝠,卑尔维斯,zh-CN
女枪,厄运小姐,zh-CN
霸龙,海克斯霸龙,zh-CN
霸王龙,海克斯霸龙,zh-CN
螃蟹,峡谷迅捷蟹,zh-CN
猴子,孙悟空,zh-CN
稻草人,费德提克,zh-CN
蛤蟆,塔姆,zh-CN
狗熊,沃利贝尔,zh-CN
龙王,奥瑞利安·索尔,zh-CN
小法,维迦,zh-CN
老鼠,图奇,zh-CN
诺手,德莱厄斯,zh-CN
德玛,盖伦,zh-CN
大虫子,科加斯,zh-CN
灯笼,锤石,zh-CN
大嘴,克格莫,zh-CN
狼人,沃里克,zh-CN
鳄鱼,雷克顿,zh-CN
龙女,希瓦娜,zh-CN
豹女,奈德丽,zh-CN
寒冰,艾希,zh-CN
女警,凯特琳,zh-CN
皮城女警,凯特琳,zh-CN
琴女,娑娜,zh-CN
机器人,布里茨,zh-CN
男爵,纳什男爵,zh-CN
杀手,裁决战士,zh-CN
大龙,纳什男爵,zh-CN
小菊,岩宝,zh-CN
流浪,瑞兹,zh-CN
偷男,塞拉斯,zh-CN
甘雨,千珏,zh-CN
劲夫,瑟提,zh-CN
棺材板,泽拉斯,zh-CN
剑魔,亚托克斯,zh-CN
乌鸦,斯维因,zh-CN
光女,拉克丝,zh-CN
酸辣粉,萨勒芬妮,zh-CN
宝石,塔里克,zh-CN
德子,德莱文,zh-CN
冰女,丽桑卓,zh-CN
电耗子,凯南,zh-CN
猪女,瑟庄妮,zh-CN
猪妹,瑟庄妮,zh-CN
剪刀,格温,zh-CN
掘墓,约里克,zh-CN
皎月,黛安娜,zh-CN
蛮王,泰达米尔,zh-CN
腰子,慎,zh-CN
赏金,厄运小姐,zh-CN
冰鸟,艾尼维亚,zh-CN
爆弹,吉格斯,zh-CN
黑妹,梅尔,zh-CN
熊,提伯斯,zh-CN
佛爷,佛耶戈,zh-CN
沙皇,阿兹尔,zh-CN
日女,蕾欧娜,zh-CN
女坦,蕾欧娜,zh-CN
丁真,米利欧,zh-CN
小法师,维迦,zh-CN
滑板鞋,卡莉丝塔,zh-CN
火女,安妮,zh-CN
狗头,内瑟斯,zh-CN
板甲,石像鬼石板甲,zh-CN
reroll,慢速D牌,zh-CN
赌狗,慢速D牌,zh-CN
econ,经济运营,zh-CN
运营,经济运营,zh-CN
pivot,转阵容,zh-CN
转向,转阵容,zh-CN
board strength,场上战力,zh-CN
质量,场上战力,zh-CN
lose streak,连续失败,zh-CN
连败,连续失败,zh-CN
win streak,连续胜利,zh-CN
连胜,连续胜利,zh-CN
fast 8,快速升8级,zh-CN
速8,快速升8级,zh-CN
open fort,故意输,zh-CN
摆烂,故意输,zh-CN
sack,故意输攒经济,zh-CN
卖血,故意输攒经济,zh-CN
slow roll,慢速刷新,zh-CN
慢D,慢速刷新,zh-CN
hard pivot,大幅换阵容,zh-CN
大转型,大幅换阵容,zh-CN
soft pivot,微调阵容,zh-CN
小调整,微调阵容,zh-CN
augment,强化符文,zh-CN
海克斯,强化符文,zh-CN
highroll,高质量随机,zh-CN
运气好,高质量随机,zh-CN
lowroll,低质量随机,zh-CN
运气差,低质量随机,zh-CN
prismatic augment,棱彩级强化符文,zh-CN
棱彩强化,棱彩级强化符文,zh-CN
mobile player,mobile player,zh-CN
铲爷,mobile player,zh-CN
ace,全灭,zh-CN
activate,激活,zh-CN
adaptive,自适应头盔,zh-CN
adjustment,调整,zh-CN
AD,物理伤害,zh-CN
aggro,仇恨,zh-CN
all in,梭哈,zh-CN
AMER,美洲赛区,zh-CN
analyst,分析师,zh-CN
angle,思路,zh-CN
angling,瞄准,zh-CN
anvil,铁砧,zh-CN
AOE,范围伤害,zh-CN
APAC,亚太赛区,zh-CN
AP,法术强度,zh-CN
archangels,大天使之杖,zh-CN
archangel,大天使之杖,zh-CN
armor shred,破甲,zh-CN
armory,军械库,zh-CN
armor,护甲,zh-CN
artifact,光明神器,zh-CN
AS,攻速,zh-CN
attack speed,攻速,zh-CN
augment reroll,强化符文刷新,zh-CN
augment,强化,zh-CN
augment,海克斯强化,zh-CN
avg,均名,zh-CN
AVP,平均排名,zh-CN
backline access,突入后排,zh-CN
backline,后排,zh-CN
balance,平衡,zh-CN
banger,牛逼,zh-CN
based,合理,zh-CN
BB,蓝BUFF,zh-CN
BB,蓝霸符,zh-CN
belt,巨人腰带,zh-CN
bench,备战席,zh-CN
best in slot,神装,zh-CN
best of 3,三局两胜,zh-CN
best of 5,五局三胜,zh-CN
BF,暴风之剑,zh-CN
bilge,比尔吉沃特,zh-CN
BIS,神装,zh-CN
blue buff,蓝BUFF,zh-CN
BM,剑师,zh-CN
bo3,三局两胜,zh-CN
bo5,五局三胜,zh-CN
board state,场面,zh-CN
board strength,战力,zh-CN
board,棋盘,zh-CN
bot 4,后四,zh-CN
bot 8,倒一,zh-CN
bow,反曲之弓,zh-CN
bracket,淘汰赛,zh-CN
bramble vest,反甲,zh-CN
bramble,反甲,zh-CN
BRB,假装摸鱼,zh-CN
broken,超模,zh-CN
buffed,被加强了,zh-CN
buff,加强,zh-CN
build up,过渡成型,zh-CN
BV,卑尔维斯,zh-CN
BV,女妖面纱,zh-CN
BW,比尔吉沃特,zh-CN
cap out,拉满,zh-CN
capped out,阵容拉满,zh-CN
capped,阵容拉满,zh-CN
carousel,选秀,zh-CN
carry,C位,zh-CN
cash out,兑现,zh-CN
cashout,兑现,zh-CN
caster,解说,zh-CN
CC,控制,zh-CN
CD,冷却,zh-CN
challenger,宗师,zh-CN
championship points,冠军积分,zh-CN
check,淘汰赛点,zh-CN
choked,大赛软脚虾,zh-CN
choke,大赛软脚虾,zh-CN
circuit points,巡回赛积分,zh-CN
clapped,被打爆了,zh-CN
class,职业,zh-CN
claw,龙爪,zh-CN
cloak,负极斗篷,zh-CN
clutch,极限操作,zh-CN
coach,教练,zh-CN
commentator,解说,zh-CN
commit,锁定阵容,zh-CN
comp build,构筑,zh-CN
completed item,成装,zh-CN
components,散件,zh-CN
component,基础装备,zh-CN
comp,阵容,zh-CN
content creator,内容创作者,zh-CN
contested,同行,zh-CN
contested,有同行,zh-CN
copium,自我安慰,zh-CN
core,核心,zh-CN
costream,联合直播,zh-CN
cost,费用,zh-CN
counter,克制,zh-CN
cracked,太强了,zh-CN
creep round,PVE回合,zh-CN
crownguard,王冠守卫,zh-CN
damage items,输出装,zh-CN
damage reduction,免伤,zh-CN
dcap,灭世者的帽子,zh-CN
dclaw,龙爪,zh-CN
DC,灭世者的帽子,zh-CN
deathcap,灭世者的帽子,zh-CN
denying units,抢棋子,zh-CN
deploy,上场,zh-CN
diamond,钻石,zh-CN
diff,差距,zh-CN
DMG,伤害,zh-CN
donate,送血,zh-CN
donating,送血,zh-CN
donkey roll,梭哈D,zh-CN
double elimination,双败淘汰,zh-CN
DPS,每秒伤害,zh-CN
DPS,输出,zh-CN
dragons claw,巨龙之爪,zh-CN
dual resistance,双抗,zh-CN
econ augment,经济强化,zh-CN
econ strategy,运营方法,zh-CN
econ,经济,zh-CN
econ,运营,zh-CN
edge of night,暗夜之刃,zh-CN
efls,厄斐琉斯,zh-CN
eighth,第八/倒一,zh-CN
eightway check,八人淘汰赛点,zh-CN
elimination,淘汰,zh-CN
emblem,纹章,zh-CN
emblem,转职纹章,zh-CN
EMEA,欧洲中东非洲赛区,zh-CN
EMP,电磁脉冲,zh-CN
endgame,终局,zh-CN
fast 8,速8,zh-CN
fast 9,速9,zh-CN
FFGS,金铲铲争霸赛,zh-CN
FH,冰心,zh-CN
filler unit,凑数棋子,zh-CN
filler unit,挂件,zh-CN
filler,凑数的,zh-CN
first place,吃鸡,zh-CN
flex spot,灵活位,zh-CN
flex,灵活,zh-CN
focus fire,集火,zh-CN
force,强玩,zh-CN
forcing,强玩,zh-CN
format,赛制,zh-CN
free,白嫖,zh-CN
frontline,前排,zh-CN
frozen heart,冰心,zh-CN
gameplay,对局过程,zh-CN
game state,局势,zh-CN
gapped,被拉开差距,zh-CN
gap,差距,zh-CN
gargoyle,石像鬼板甲,zh-CN
garg,石像鬼板甲,zh-CN
GA,守护天使,zh-CN
ghost board,镜像棋盘,zh-CN
giant slayer,巨人杀手,zh-CN
give up,放弃,zh-CN
gloves,拳套,zh-CN
GM,宗师,zh-CN
goated,封神,zh-CN
grand finals,总决赛,zh-CN
grand final,总决赛,zh-CN
grandmaster,超凡大师,zh-CN
greeding,贪装备,zh-CN
greed,贪装备,zh-CN
grief comp,恶心人的阵容,zh-CN
grief,恶心人,zh-CN
grievous wounds,重伤,zh-CN
guardbreaker,破盾,zh-CN
guinsoos rageblade,鬼索的狂暴之刃,zh-CN
guinsoo,鬼索的狂暴之刃,zh-CN
gunblade,海克斯科技枪刃,zh-CN
hand of justice,正义之手,zh-CN
hard pivot,大转型,zh-CN
heal,回复,zh-CN
hextech gunblade,海克斯科技枪刃,zh-CN
hextech,海克斯,zh-CN
hex tile,格子,zh-CN
highroll,运气好,zh-CN
high value,高质量阵容,zh-CN
hit,D到了,zh-CN
horizontal,横向羁绊,zh-CN
hotfix,热修复,zh-CN
HP,生命值,zh-CN
HP,血量,zh-CN
hyper roll,速D,zh-CN
IEM,电磁脉冲,zh-CN
income,利息,zh-CN
insane,离谱强,zh-CN
inting,送,zh-CN
int,送,zh-CN
ionic spark,离子火花,zh-CN
ionic,离子火花,zh-CN
IRA,退休账户,zh-CN
IS,离子火花,zh-CN
item anvil,装备铁砧,zh-CN
item diff,装备差距,zh-CN
item holder,装备过渡,zh-CN
itemization,出装,zh-CN
itemize,出装,zh-CN
item priority,装备优先级,zh-CN
item prio,装备优先级,zh-CN
item slam,直接合装备,zh-CN
item,装备,zh-CN
ixtal,以绪塔尔,zh-CN
JACKPOT,头奖,zh-CN
jeweled gauntlet,珠光护手,zh-CN
JOC,金铲铲公开赛,zh-CN
kekw,笑死,zh-CN
ladder,天梯,zh-CN
last whisper,最后的轻语,zh-CN
lategame,后期,zh-CN
LB,乐芙兰,zh-CN
leaderboard,排行榜,zh-CN
level up,升级,zh-CN
level,等级,zh-CN
line selection,选秀,zh-CN
line,排,zh-CN
lobby,对局,zh-CN
locket,钢铁烈阳之匣,zh-CN
lock shop,锁定商店,zh-CN
lose streak,连败,zh-CN
lower bracket,败者组,zh-CN
lowroll,运气差,zh-CN
LP,排位分,zh-CN
ludens,卢登的回声,zh-CN
LW,轻语,zh-CN
magic resist,魔抗,zh-CN
main carry,主C,zh-CN
main event,正赛,zh-CN
main tank,主坦,zh-CN
malding,红温了,zh-CN
mana,法力,zh-CN
master,大师,zh-CN
matchup,对阵,zh-CN
mental boom,心态爆炸,zh-CN
mental reset,调整心态,zh-CN
mental,心态,zh-CN
meta comp,版本阵容,zh-CN
meta,版本,zh-CN
meta,版本环境,zh-CN
MF,厄运小姐,zh-CN
midgame,中期,zh-CN
mirror match,内战,zh-CN
misplay,失误,zh-CN
morellonomicon,莫雷洛秘典,zh-CN
morello,莫雷洛秘典,zh-CN
MR,魔抗,zh-CN
nashors tooth,纳什之牙,zh-CN
nashors,纳什之牙,zh-CN
naturaled,白嫖,zh-CN
negatron,负极斗篷,zh-CN
nerfed,被削了,zh-CN
nerf,削弱,zh-CN
night harvester,暗夜收割者,zh-CN
no shot,不可能,zh-CN
nox,诺克萨斯,zh-CN
omnivamp,全能吸血,zh-CN
one trick,一招鲜,zh-CN
opener,开局,zh-CN
open fort,半空城,zh-CN
open fort,摆烂,zh-CN
origin,种族,zh-CN
OTP,一招鲜,zh-CN
outplayed,被操作碾压,zh-CN
outplay,操作碾压,zh-CN
outscaled,被后期碾压,zh-CN
outscale,后期碾压,zh-CN
patch notes,版本更新说明,zh-CN
patch,版本,zh-CN
patch,补丁,zh-CN
pathing,移动路径,zh-CN
pick ems,预测,zh-CN
pick'ems,预测,zh-CN
PILLANAT,假装摸鱼,zh-CN
pilty,皮尔特沃夫,zh-CN
pilt,皮尔特沃夫,zh-CN
pivot window,转型窗口,zh-CN
pivot,转型,zh-CN
pop off,爆发,zh-CN
popped off,爆发了,zh-CN
portal,传送门,zh-CN
portal,城邦,zh-CN
positioning,对位,zh-CN
positioning,站位,zh-CN
position,位置,zh-CN
power rankings,实力排名,zh-CN
power ranking,实力排名,zh-CN
power spike,强势期,zh-CN
PO,金币,zh-CN
prelevel,提前升级,zh-CN
PREMIO,头奖,zh-CN
prio,优先级,zh-CN
prismatic augment,棱彩强化,zh-CN
proc,触发效果,zh-CN
PROJET,激光特工,zh-CN
pro player,职业选手,zh-CN
protectors vow,守护者之誓,zh-CN
pro,职业选手,zh-CN
punished,被惩罚,zh-CN
push level 8,上八,zh-CN
push level 8,拉八,zh-CN
push level 9,上九,zh-CN
push level 9,拉九,zh-CN
quarterfinal,四分之一决赛,zh-CN
queue,排队,zh-CN
rabadons,灭世者的帽子,zh-CN
radiant item,光明装备,zh-CN
rageblade,鬼索的狂暴之刃,zh-CN
ranked,排位,zh-CN
RB,鬼索的狂暴之刃,zh-CN
read the lobby,看整个对局,zh-CN
red buff,红BUFF,zh-CN
redemption,救赎,zh-CN
reforger,重铸器,zh-CN
refresh,刷新,zh-CN
remover,拆卸器,zh-CN
reroll player,赌狗,zh-CN
reroll,赌狗,zh-CN
resistance reduction,减抗,zh-CN
resistance,抗性,zh-CN
RFC,疾射火炮,zh-CN
rod,无用大棒,zh-CN
roll down,D牌,zh-CN
rolldown,D牌,zh-CN
rolling,抽牌,zh-CN
round robin,循环赛,zh-CN
round,回合,zh-CN
runaans hurricane,卢安娜的飓风,zh-CN
runaan,卢安娜的飓风,zh-CN
sack,卖血,zh-CN
sadge,难过,zh-CN
scout,侦查,zh-CN
scrimming,打训练赛,zh-CN
scrims,训练赛,zh-CN
scrim,训练赛,zh-CN
scuffed,拉了,zh-CN
secondary carry,副C,zh-CN
seed,种子位,zh-CN
sell,卖,zh-CN
semifinal,半决赛,zh-CN
set,赛季,zh-CN
shadow isles,暗影岛,zh-CN
shield,护盾,zh-CN
shiv,斯塔缇克电刃,zh-CN
shojin,青龙刀,zh-CN
shop odds,商店概率,zh-CN
shop,商店,zh-CN
shoutcaster,解说,zh-CN
shroud,日炎战旗,zh-CN
single elimination,单败淘汰,zh-CN
SI,暗影岛,zh-CN
slamming,物尽其用,zh-CN
slammin',物尽其用,zh-CN
slam,合装备,zh-CN
slow roll,慢D,zh-CN
slowroll,慢D,zh-CN
soft pivot,小调整,zh-CN
sojin,朔极之矛,zh-CN
sorcs,法师,zh-CN
sorc,法师,zh-CN
spat,铲子,zh-CN
splashable,可混搭的,zh-CN
splash in,混入,zh-CN
splash,混搭,zh-CN
spot,局面,zh-CN
stabilize,稳住,zh-CN
stack,层数,zh-CN
standings,积分榜,zh-CN
statikk shiv,电刃,zh-CN
stattik,斯塔缇克电刃,zh-CN
steadfast,坚定之心,zh-CN
steraks,斯特拉克的挑战护手,zh-CN
streamer,主播,zh-CN
strongest board,最强阵容,zh-CN
sunfire cape,日炎斗篷,zh-CN
sunfire,日炎斗篷,zh-CN
super broken,太超模了,zh-CN
sweepstakes,竞猜,zh-CN
swiss,瑞士轮,zh-CN
synergy,羁绊,zh-CN
T0,S-tier,zh-CN
T1,A-tier,zh-CN
T2,B-tier,zh-CN
tankiness,坦度,zh-CN
tank items,坦装,zh-CN
tank items,肉装,zh-CN
tank line,前排坦克线,zh-CN
tank,坦克,zh-CN
tear,女神之泪,zh-CN
tech in,混入,zh-CN
tech unit,工具人,zh-CN
tempo,节奏,zh-CN
TG,巨杀,zh-CN
TG,窃贼手套,zh-CN
thieves gloves,偷偷,zh-CN
throw,好局送了,zh-CN
tiebreaker,加赛,zh-CN
tier comp,强势阵容,zh-CN
tier list,强度榜,zh-CN
tierlist,强度榜,zh-CN
tilted,心态崩了,zh-CN
tilt,上头,zh-CN
titans resolve,泰坦的坚决,zh-CN
titans,泰坦的坚决,zh-CN
titan,泰坦的坚决,zh-CN
TK,塔姆,zh-CN
TK,塔姆·肯奇,zh-CN
TOC,CN TFT地区赛,zh-CN
top 2,吃鸡,zh-CN
top 4,前四,zh-CN
top 4,吃分,zh-CN
top cut,晋级线,zh-CN
TPC,TFT职业巡回赛,zh-CN
trait,特质,zh-CN
trait,羁绊,zh-CN
transition,过渡,zh-CN
trolling,摆烂,zh-CN
ultimate ability,终极技能,zh-CN
ult,大招,zh-CN
uncontested,无同行,zh-CN
unlock,解锁,zh-CN
unlucko,倒霉,zh-CN
unlucky,倒霉,zh-CN
upper bracket,胜者组,zh-CN
utility card,工具卡,zh-CN
utility items,功能装,zh-CN
utility unit,工具人,zh-CN
value,质量,zh-CN
vertical,垂直,zh-CN
VOD,录像,zh-CN
warmogs,狂徒铠甲,zh-CN
warmog,狂徒铠甲,zh-CN
weak side,弱侧,zh-CN
whiff,空了,zh-CN
wildcard,外卡,zh-CN
wincon,吃鸡条件,zh-CN
win out,连赢到底,zh-CN
win streak,连胜,zh-CN
worlds,世界赛,zh-CN
WR,胜率,zh-CN
WW,沃里克,zh-CN
xp,经验值,zh-CN
XP,经验值,zh-CN
zekes,泽克的聚合,zh-CN
zeke,兹若特传送门,zh-CN
ZW,假装摸鱼,zh-CN
GA,夜之锋刃,zh-CN
复活甲,夜之锋刃,zh-CN
Ahri,阿狸,zh-CN
아리,阿狸,zh-CN
Spirit Bomb,灵魄炸弹,zh-CN
영혼 폭탄,灵魄炸弹,zh-CN
Bombe spirituelle,灵魄炸弹,zh-CN
Kunai Strike,苦无打击,zh-CN
단검 투척,苦无打击,zh-CN
Lancer de kunais,苦无打击,zh-CN
Alistar,阿利斯塔,zh-CN
알리스타,阿利斯塔,zh-CN
Triumphant Roar,凯旋怒吼,zh-CN
승리의 포효,凯旋怒吼,zh-CN
Cri triomphant,凯旋怒吼,zh-CN
Alune,拉露恩,zh-CN
알룬,拉露恩,zh-CN
Moonfall,月华倾落,zh-CN
달빛 낙하,月华倾落,zh-CN
Attraction lunaire,月华倾落,zh-CN
Aphelios,厄斐琉斯,zh-CN
아펠리오스,厄斐琉斯,zh-CN
Moonlight's Onslaught,月光对影,zh-CN
달빛 맹공,月光对影,zh-CN
Assaut au clair de lune,月光对影,zh-CN
Ashe,艾希,zh-CN
애쉬,艾希,zh-CN
Spirit Rift,灵魂裂隙,zh-CN
정신 균열,灵魂裂隙,zh-CN
Faille spirituelle,灵魂裂隙,zh-CN
Azir,阿兹尔,zh-CN
아지르,阿兹尔,zh-CN
Arise!,沙兵现身,zh-CN
일어나라!,沙兵现身,zh-CN
Dresse-toi !,沙兵现身,zh-CN
Headshot,爆头,zh-CN
헤드샷,爆头,zh-CN
Tir dans la tête,爆头,zh-CN
Camille,卡蜜尔,zh-CN
카밀,卡蜜尔,zh-CN
Defensive Sweep,防御横扫,zh-CN
방어적 휩쓸기,防御横扫,zh-CN
Balayage défensif,防御横扫,zh-CN
Cassiopeia,卡西奥佩娅,zh-CN
카시오페아,卡西奥佩娅,zh-CN
Noxious Blast,瘟毒爆炸,zh-CN
맹독 폭발,瘟毒爆炸,zh-CN
Bombe nocive,瘟毒爆炸,zh-CN
Pale Barrier,苍白屏障,zh-CN
은빛 방어막,苍白屏障,zh-CN
Barrière pâle,苍白屏障,zh-CN
Elder Dragon,远古巨龙,zh-CN
장로 드래곤,远古巨龙,zh-CN
Dragon ancestral,远古巨龙,zh-CN
Heat Without Equal,绝伦火热,zh-CN
비할 데 없는 열기,绝伦火热,zh-CN
Chaleur ancestrale,绝伦火热,zh-CN
Elise,伊莉丝,zh-CN
엘리스,伊莉丝,zh-CN
Spider Queen,蜘蛛女皇,zh-CN
거미 여왕,蜘蛛女皇,zh-CN
Reine araignée,蜘蛛女皇,zh-CN
숲의 광풍,Forest's Flurry,zh-CN
Déluge de la forêt,Forest's Flurry,zh-CN
Rage Gene,狂怒基因,zh-CN
분노 유전자,狂怒基因,zh-CN
Rage génique,狂怒基因,zh-CN
Hecarim,赫卡里姆,zh-CN
헤카림,赫卡里姆,zh-CN
Spirit of Dread,恐惧之灵,zh-CN
공포의 망령,恐惧之灵,zh-CN
Essence de la peur,恐惧之灵,zh-CN
Ivern,艾翁,zh-CN
아이번,艾翁,zh-CN
Triggerseed,种豆得瓜,zh-CN
보호의 씨앗,种豆得瓜,zh-CN
Graine à retardement,种豆得瓜,zh-CN
Kayle,凯尔,zh-CN
케일,凯尔,zh-CN
Solar Judgement,太阳裁决,zh-CN
햇빛 심판,太阳裁决,zh-CN
Jugement solaire,太阳裁决,zh-CN
Kennen,凯南,zh-CN
케넨,凯南,zh-CN
Firestorm,火焰风暴,zh-CN
불꽃 폭풍,火焰风暴,zh-CN
Tempête de feu,火焰风暴,zh-CN
Kha'Zix,卡兹克,zh-CN
카직스,卡兹克,zh-CN
KhaZix,卡兹克,zh-CN
Taste Their Fear,品尝恐惧,zh-CN
공포 감지,品尝恐惧,zh-CN
Goût de la peur,品尝恐惧,zh-CN
Kobuko,可酷伯,zh-CN
코부코,可酷伯,zh-CN
Dance of Life,生命之舞,zh-CN
생명의 춤,生命之舞,zh-CN
Danse de la vie,生命之舞,zh-CN
Leblanc,乐芙兰,zh-CN
Mirror Image,镜花水月,zh-CN
거울 환영,镜花水月,zh-CN
Image miroir,镜花水月,zh-CN
Shield Bash,护盾猛击,zh-CN
보호막 강타,护盾猛击,zh-CN
Coup de bouclier,护盾猛击,zh-CN
Lillia,莉莉娅,zh-CN
릴리아,莉莉娅,zh-CN
Lilting Lullaby,夜阑谣,zh-CN
감미로운 자장가,夜阑谣,zh-CN
Douce berceuse,夜阑谣,zh-CN
Malphite,墨菲特,zh-CN
말파이트,墨菲特,zh-CN
Petrified Bark,石化树皮,zh-CN
석화된 나무껍질,石化树皮,zh-CN
Écorce pétrifiée,石化树皮,zh-CN
Sow the Seeds,播种,zh-CN
파종,播种,zh-CN
Semer les graines,播种,zh-CN
Wuju Style,无极剑道,zh-CN
우주류 검술,无极剑道,zh-CN
Style Wuju,无极剑道,zh-CN
Withering Curse,枯萎诅咒,zh-CN
쇠약의 저주,枯萎诅咒,zh-CN
Malédiction flétrissante,枯萎诅咒,zh-CN
Bellows Breath,风箱炎息,zh-CN
불꽃 풀무질,风箱炎息,zh-CN
Fournaise,风箱炎息,zh-CN
Rakan,洛,zh-CN
라칸,洛,zh-CN
Entrancing Dance,登场之舞,zh-CN
황홀한 춤,登场之舞,zh-CN
Danse envoûtante,登场之舞,zh-CN
Defensive Ball Curl,尖刺防御,zh-CN
몸 말아 웅크리기,尖刺防御,zh-CN
Boule défensive,尖刺防御,zh-CN
RekSai,雷克塞,zh-CN
Uproot,连根拔起,zh-CN
뿌리뽑기,连根拔起,zh-CN
Déracinement,连根拔起,zh-CN
Rengar,雷恩加尔,zh-CN
렝가,雷恩加尔,zh-CN
Savagery,无情,zh-CN
포악함,无情,zh-CN
Esprit sauvage,无情,zh-CN
Sejuani,瑟庄妮,zh-CN
세주아니,瑟庄妮,zh-CN
Sun's Wrath,烈阳之怒,zh-CN
태양의 분노,烈阳之怒,zh-CN
Courroux solaire,烈阳之怒,zh-CN
Pebbles,苍蓝哨戒,zh-CN
조약돌,苍蓝哨戒,zh-CN
Caillou,苍蓝哨戒,zh-CN
Azure Laser,蔚蓝激光,zh-CN
하늘빛 레이저,蔚蓝激光,zh-CN
Laser azur,蔚蓝激光,zh-CN
Sett,瑟提,zh-CN
세트,瑟提,zh-CN
Haymaker,蓄意轰拳,zh-CN
강펀치,蓄意轰拳,zh-CN
Coup cathartique,蓄意轰拳,zh-CN
Ki Barrier,忍法！气合盾,zh-CN
기 보호막,忍法！气合盾,zh-CN
Barrière de ki,忍法！气合盾,zh-CN
Sivir,希维尔,zh-CN
시비르,希维尔,zh-CN
Boomerang Blade,回旋之刃,zh-CN
부메랑 검,回旋之刃,zh-CN
Lame boomerang,回旋之刃,zh-CN
Soraka,索拉卡,zh-CN
소라카,索拉卡,zh-CN
Starcall,唤星,zh-CN
별부름,唤星,zh-CN
Appel de l'étoile,唤星,zh-CN
Fungus Among Us,内有真菌,zh-CN
우리 안의 곰팡이,内有真菌,zh-CN
Lancer de champignons,内有真菌,zh-CN
Tristana,崔丝塔娜,zh-CN
트리스타나,崔丝塔娜,zh-CN
Explosive Charge,爆炸火花,zh-CN
폭발 화약,爆炸火花,zh-CN
Charge explosive,爆炸火花,zh-CN
Varus,韦鲁斯,zh-CN
바루스,韦鲁斯,zh-CN
Piercing Arrow,穿刺之箭,zh-CN
꿰뚫는 화살,穿刺之箭,zh-CN
Flèche perforante,穿刺之箭,zh-CN
Primordial Burst,能量爆裂,zh-CN
태초의 폭발,能量爆裂,zh-CN
Explosion primordiale,能量爆裂,zh-CN
Warwick,沃里克,zh-CN
워윅,沃里克,zh-CN
Jaws of The Beast,野兽之口,zh-CN
야수의 송곳니,野兽之口,zh-CN
Dents de la bête,野兽之口,zh-CN
Deadly Plumage,致死羽衣,zh-CN
죽음의 깃,致死羽衣,zh-CN
Plumage mortel,致死羽衣,zh-CN
Yorick,约里克,zh-CN
요릭,约里克,zh-CN
Last Rites,临终仪式,zh-CN
최후의 의식,临终仪式,zh-CN
Derniers sacrements,临终仪式,zh-CN
Yunara,芸阿娜,zh-CN
유나라,芸阿娜,zh-CN
Cultivation of Spirit,灵蕴拳,zh-CN
영혼 단련,灵蕴拳,zh-CN
Déchaînement spirituel,灵蕴拳,zh-CN
Zyra,婕拉,zh-CN
자이라,婕拉,zh-CN
Rampant Growth,狂野生长,zh-CN
맹렬한 성장,狂野生长,zh-CN
Croissance incontrôlée,狂野生长,zh-CN
Amumu,阿木木,zh-CN
아무무,阿木木,zh-CN
Tantrum,阿木木的愤怒,zh-CN
짜증내기,阿木木的愤怒,zh-CN
Colère,阿木木的愤怒,zh-CN
Brambleback,绯红印记树怪,zh-CN
덩굴정령,绯红印记树怪,zh-CN
Roncier,绯红印记树怪,zh-CN
Crimson Fury,猩红之怒,zh-CN
핏빛 분노,猩红之怒,zh-CN
Fureur écarlate,猩红之怒,zh-CN
Cinderling,绯红树怪,zh-CN
불타는 묘목,绯红树怪,zh-CN
Rougelin,绯红树怪,zh-CN
Razor Leaves,刃叶,zh-CN
예리한 잎사귀,刃叶,zh-CN
Feuilles tranchantes,刃叶,zh-CN
Mama Beak,深红锋喙鸟,zh-CN
어미 부리,深红锋喙鸟,zh-CN
Maman Raptor,深红锋喙鸟,zh-CN
Flock Family,鸟群之家,zh-CN
새 떼 가족,鸟群之家,zh-CN
Troupeau uni,鸟群之家,zh-CN
Draven,德莱文,zh-CN
드레이븐,德莱文,zh-CN
Whirling Death,冷血追命,zh-CN
죽음의 소용돌이,冷血追命,zh-CN
Volée mortelle,冷血追命,zh-CN
Fiddlesticks,费德提克,zh-CN
피들스틱,费德提克,zh-CN
Harvest,收获,zh-CN
수확,收获,zh-CN
Moisson,收获,zh-CN
Gromp,魔沼蛙,zh-CN
심술두꺼비,魔沼蛙,zh-CN
Belchy Bubble,打嗝泡泡,zh-CN
꿀꺽 방울,打嗝泡泡,zh-CN
Rotebulle,打嗝泡泡,zh-CN
Karmic Bond,宿业羁绊,zh-CN
업보의 결속,宿业羁绊,zh-CN
Lien karmique,宿业羁绊,zh-CN
Kog'Maw,克格莫,zh-CN
코그모,克格莫,zh-CN
KogMaw,克格莫,zh-CN
Raining Artillery,天降重炮,zh-CN
쏟아지는 포화,天降重炮,zh-CN
Pluie d'artillerie,天降重炮,zh-CN
Krug,远古石甲虫,zh-CN
돌거북,远古石甲虫,zh-CN
Rock and Roll,岩之摇滚,zh-CN
로큰롤,岩之摇滚,zh-CN
Éboulement,岩之摇滚,zh-CN
Lux,拉克丝,zh-CN
럭스,拉克丝,zh-CN
Final Spark,终极闪光,zh-CN
최후의 섬광,终极闪光,zh-CN
Éclat final,终极闪光,zh-CN
Murkwolf,暗影狼,zh-CN
어스름늑대,暗影狼,zh-CN
Lycan,暗影狼,zh-CN
Rending Claws,撕裂之爪,zh-CN
찢어발기는 발톱,撕裂之爪,zh-CN
Griffes mutilantes,撕裂之爪,zh-CN
Nidalee,奈德丽,zh-CN
니달리,奈德丽,zh-CN
Javelin Toss,标枪投掷,zh-CN
창 투척,标枪投掷,zh-CN
Javelot,标枪投掷,zh-CN
Scuttlecrab,峡谷迅捷蟹,zh-CN
바위 게,峡谷迅捷蟹,zh-CN
Can You Dig It?,这种快乐你懂吗？,zh-CN
팔 수 있겠어?,这种快乐你懂吗？,zh-CN
Ça creuse !,这种快乐你懂吗？,zh-CN
Sentinel,苍蓝雕纹魔像,zh-CN
감시자,苍蓝雕纹魔像,zh-CN
Sentinelle,苍蓝雕纹魔像,zh-CN
Azure Shockwave,蔚蓝冲击波,zh-CN
하늘빛 충격파,蔚蓝冲击波,zh-CN
Onde de choc azur,蔚蓝冲击波,zh-CN
Taric,塔里克,zh-CN
타릭,塔里克,zh-CN
Emerald Radiance,翡翠辉耀,zh-CN
에메랄드의 광휘,翡翠辉耀,zh-CN
Rayonnement émeraude,翡翠辉耀,zh-CN
Vi,蔚,zh-CN
바이,蔚,zh-CN
Furious Fists,狂怒之拳,zh-CN
분노의 주먹,狂怒之拳,zh-CN
Poings féroces,狂怒之拳,zh-CN
Adaptor,魔战士,zh-CN
적응가,魔战士,zh-CN
Adaptateur,魔战士,zh-CN
Apex Predator,顶级掠食者,zh-CN
최상위 포식자,顶级掠食者,zh-CN
Prédateur,顶级掠食者,zh-CN
Monolith,魔岩巨兽,zh-CN
거석,魔岩巨兽,zh-CN
Monolithe,魔岩巨兽,zh-CN
Blackthorn,黑荆棘,zh-CN
검은 가시,黑荆棘,zh-CN
Ronce-obscure,黑荆棘,zh-CN
Blossom,灵魂莲华,zh-CN
개화,灵魂莲华,zh-CN
Fleur spirituelle,灵魂莲华,zh-CN
Caustic,帝王斑蝶,zh-CN
부식,帝王斑蝶,zh-CN
Caustique,帝王斑蝶,zh-CN
Coven,魔女,zh-CN
악의 여단,魔女,zh-CN
Assemblée,魔女,zh-CN
Defender,护卫,zh-CN
엄호대,护卫,zh-CN
Défenseur,护卫,zh-CN
Elderwood,永恒之森,zh-CN
나무정령,永恒之森,zh-CN
Sylvestre,永恒之森,zh-CN
Executioner,裁决使,zh-CN
처형자,裁决使,zh-CN
Exécuteur,裁决使,zh-CN
Fae,花仙子,zh-CN
요정,花仙子,zh-CN
Fæ,花仙子,zh-CN
Greenfather,翠神,zh-CN
자연의 아버지,翠神,zh-CN
Aîné de la forêt,翠神,zh-CN
Hunter,猎手,zh-CN
사냥꾼,猎手,zh-CN
Chasseur,猎手,zh-CN
Inferno,地狱火,zh-CN
지옥불,地狱火,zh-CN
Infernal,地狱火,zh-CN
Invoker,神谕,zh-CN
기원자,神谕,zh-CN
Incantateur,神谕,zh-CN
Lunar,月蚀骑士,zh-CN
달빛,月蚀骑士,zh-CN
Lunaire,月蚀骑士,zh-CN
Avatar,自然之力！！！大元素使,zh-CN
화신,自然之力！！！大元素使,zh-CN
Old Growth,远古树精,zh-CN
고목,远古树精,zh-CN
Forêt ancienne,远古树精,zh-CN
Rapidfire,迅捷射手,zh-CN
속사포,迅捷射手,zh-CN
Ultrarapide,迅捷射手,zh-CN
Rival,宿敌,zh-CN
경쟁자,宿敌,zh-CN
Ravager,狂战士,zh-CN
약탈자,狂战士,zh-CN
Saccageur,狂战士,zh-CN
Solar,日蚀骑士,zh-CN
햇빛,日蚀骑士,zh-CN
Solaire,日蚀骑士,zh-CN
Spellweaver,法师,zh-CN
주문술사,法师,zh-CN
Tisseur de sorts,法师,zh-CN
Sprykin,约德尔人和他们的毛茸茸大朋友,zh-CN
날렵이,约德尔人和他们的毛茸茸大朋友,zh-CN
Ami de la forêt,约德尔人和他们的毛茸茸大朋友,zh-CN
Summoner,召唤师,zh-CN
소환사,召唤师,zh-CN
Invocateur,召唤师,zh-CN
Thornmaiden,荆棘之兴,zh-CN
가시의 여인,荆棘之兴,zh-CN
Dame des ronces,荆棘之兴,zh-CN
Attuned,月华神女,zh-CN
조율,月华神女,zh-CN
Harmonisée,月华神女,zh-CN
Bounty Seeker,赏金猎人,zh-CN
현상금 추적자,赏金猎人,zh-CN
Chasseur de primes,赏金猎人,zh-CN
Emerald Aspect,宝石骑士,zh-CN
에메랄드 성위,宝石骑士,zh-CN
Émeraude,宝石骑士,zh-CN
Flora Fatalis,绝命花妖,zh-CN
치명적인 꽃,绝命花妖,zh-CN
Flora fatalis,绝命花妖,zh-CN
Juggernaut,主宰,zh-CN
전쟁기계,主宰,zh-CN
Colosse,主宰,zh-CN
Primal,野兽之灵,zh-CN
원시,野兽之灵,zh-CN
Primitif,野兽之灵,zh-CN
Riftbeast,峡谷野怪,zh-CN
협곡야수,峡谷野怪,zh-CN
Jungle,峡谷野怪,zh-CN
Blackthorn Emblem,黑荆棘纹章,zh-CN
검은 가시 상징,黑荆棘纹章,zh-CN
Emblème de Ronce-obscure,黑荆棘纹章,zh-CN
Blossom Emblem,灵魂莲华纹章,zh-CN
개화 상징,灵魂莲华纹章,zh-CN
Emblème de Fleur spirituelle,灵魂莲华纹章,zh-CN
Coven Emblem,魔女纹章,zh-CN
악의 여단 상징,魔女纹章,zh-CN
Emblème de l'Assemblée,魔女纹章,zh-CN
Defender Emblem,护卫纹章,zh-CN
엄호대 상징,护卫纹章,zh-CN
Emblème de Défenseur,护卫纹章,zh-CN
Elderwood Emblem,永恒之森纹章,zh-CN
나무정령 상징,永恒之森纹章,zh-CN
Emblème de Sylvestre,永恒之森纹章,zh-CN
Executioner Emblem,裁决使纹章,zh-CN
처형자 상징,裁决使纹章,zh-CN
Emblème d'Exécuteur,裁决使纹章,zh-CN
Fae Emblem,花仙子纹章,zh-CN
요정 상징,花仙子纹章,zh-CN
Emblème de Fæ,花仙子纹章,zh-CN
Flora Fatalis Emblem,绝命花妖纹章,zh-CN
치명적인 꽃 상징,绝命花妖纹章,zh-CN
Emblème de Flora fatalis,绝命花妖纹章,zh-CN
Consuming Flora,致命丽花,zh-CN
흡수하는 꽃,致命丽花,zh-CN
Flore vorace,致命丽花,zh-CN
Hunter Emblem,猎手纹章,zh-CN
사냥꾼 상징,猎手纹章,zh-CN
Emblème de Chasseur,猎手纹章,zh-CN
Inferno Emblem,地狱火纹章,zh-CN
지옥불 상징,地狱火纹章,zh-CN
Emblème d'Infernal,地狱火纹章,zh-CN
Invoker Emblem,神谕纹章,zh-CN
기원자 상징,神谕纹章,zh-CN
Emblème d'Incantateur,神谕纹章,zh-CN
Juggernaut Emblem,主宰纹章,zh-CN
전쟁기계 상징,主宰纹章,zh-CN
Emblème de Colosse,主宰纹章,zh-CN
Lunar Emblem,月蚀骑士纹章,zh-CN
달빛 상징,月蚀骑士纹章,zh-CN
Emblème de Lunaire,月蚀骑士纹章,zh-CN
Primal Emblem,野兽之灵纹章,zh-CN
원시 상징,野兽之灵纹章,zh-CN
Emblème de Primitif,野兽之灵纹章,zh-CN
Rapidfire Emblem,迅捷射手纹章,zh-CN
속사포 상징,迅捷射手纹章,zh-CN
Emblème d'Ultrarapide,迅捷射手纹章,zh-CN
Ravager Emblem,狂战士纹章,zh-CN
약탈자 상징,狂战士纹章,zh-CN
Emblème de Saccageur,狂战士纹章,zh-CN
Spellweaver Emblem,法师纹章,zh-CN
주문술사 상징,法师纹章,zh-CN
Emblème de Tisseur de sorts,法师纹章,zh-CN
Sprykin Emblem,迅灵纹章,zh-CN
날렵이 상징,迅灵纹章,zh-CN
Emblème d'Ami de la forêt,迅灵纹章,zh-CN
Radiant Adaptive Helm,光明版适应性头盔,zh-CN
찬란한 적응형 투구,光明版适应性头盔,zh-CN
Casque adaptatif de la lumière,光明版适应性头盔,zh-CN
Radiant Archangel's Staff,光明版大天使之杖,zh-CN
찬란한 대천사의 지팡이,光明版大天使之杖,zh-CN
Bâton de l'archange de la lumière,光明版大天使之杖,zh-CN
Death's Defiance,死亡蔑视,zh-CN
죽음의 저항,死亡蔑视,zh-CN
Refus de la mort,死亡蔑视,zh-CN
Gambler's Blade,投机者之刃,zh-CN
도박꾼의 칼날,投机者之刃,zh-CN
Lame du parieur,投机者之刃,zh-CN
Gold Collector,金币收集者,zh-CN
황금 징수의 총,金币收集者,zh-CN
Collecteur d'or,金币收集者,zh-CN
Hullcrusher,碎舰者,zh-CN
선체분쇄자,碎舰者,zh-CN
Fracasse-coques,碎舰者,zh-CN
Infinity Force,三相之力,zh-CN
무한한 삼위일체,三相之力,zh-CN
Force de l'infini,三相之力,zh-CN
Manazane,魔蕴,zh-CN
마나자네,魔蕴,zh-CN
Mogul'sMail,大亨之铠,zh-CN
거물의갑옷,大亨之铠,zh-CN
Mailles du magnat,大亨之铠,zh-CN
Flickerblades,纳沃利烁刃,zh-CN
명멸검,纳沃利烁刃,zh-CN
Tremblelames,纳沃利烁刃,zh-CN
Zhonya's Paradox,中娅悖论,zh-CN
존야의 역설,中娅悖论,zh-CN
Paradoxe de Zhonya,中娅悖论,zh-CN
Radiant Bloodthirster,光明版饮血剑,zh-CN
찬란한 피바라기,光明版饮血剑,zh-CN
Soif-de-sang de la lumière,光明版饮血剑,zh-CN
Radiant Blue Buff,光明版蓝霸符,zh-CN
찬란한 푸른 파수꾼,光明版蓝霸符,zh-CN
Buff bleu de la lumière,光明版蓝霸符,zh-CN
Radiant Bramble Vest,光明版棘刺背心,zh-CN
찬란한 덤불 조끼,光明版棘刺背心,zh-CN
Armure roncière de la lumière,光明版棘刺背心,zh-CN
B.F. Sword,暴风大剑,zh-CN
B.F. 대검,暴风大剑,zh-CN
BF Glaive,暴风大剑,zh-CN
Tear Of The Goddess,女神之泪,zh-CN
Radiant Crownguard,光明版冕卫,zh-CN
찬란한 크라운가드,光明版冕卫,zh-CN
Couronne de la reine de la lumière,光明版冕卫,zh-CN
Radiant Deathblade,光明版死亡之刃,zh-CN
찬란한 죽음의 검,光明版死亡之刃,zh-CN
Lame funeste de la lumière,光明版死亡之刃,zh-CN
Radiant Dragon's Claw,光明版巨龙之爪,zh-CN
찬란한 용의 발톱,光明版巨龙之爪,zh-CN
Griffe de dragon de la lumière,光明版巨龙之爪,zh-CN
Radiant Edge of Night,光明版夜之锋刃,zh-CN
찬란한 밤의 끝자락,光明版夜之锋刃,zh-CN
Manteau de la nuit de la lumière,光明版夜之锋刃,zh-CN
Radiant Evenshroud,光明版薄暮法袍,zh-CN
찬란한 저녁갑주,光明版薄暮法袍,zh-CN
Linceul de la congruence de la lumière,光明版薄暮法袍,zh-CN
Radiant Gargoyle Stoneplate,光明版石像鬼石板甲,zh-CN
찬란한 가고일 돌갑옷,光明版石像鬼石板甲,zh-CN
Lithoplastron de gargouille de la lumière,光明版石像鬼石板甲,zh-CN
Radiant Giant Slayer,光明版巨人杀手,zh-CN
찬란한 거인 학살자,光明版巨人杀手,zh-CN
Tueur de géants de la lumière,光明版巨人杀手,zh-CN
Radiant Guinsoo's Rageblade,光明版鬼索的狂暴之刃,zh-CN
찬란한 구인수의 격노검,光明版鬼索的狂暴之刃,zh-CN
Lame enragée de Guinsoo de la lumière,光明版鬼索的狂暴之刃,zh-CN
Radiant Hand of Justice,光明版正义之手,zh-CN
찬란한 정의의 손길,光明版正义之手,zh-CN
Main de la justice de la lumière,光明版正义之手,zh-CN
Radiant Hextech Gunblade,光明版海克斯科技枪刃,zh-CN
찬란한 마법공학 총검,光明版海克斯科技枪刃,zh-CN
Pistolame Hextech de la lumière,光明版海克斯科技枪刃,zh-CN
Radiant Infinity Edge,光明版无尽之刃,zh-CN
찬란한 무한의 대검,光明版无尽之刃,zh-CN
Lame d'infini de la lumière,光明版无尽之刃,zh-CN
Radiant Ionic Spark,光明版离子火花,zh-CN
찬란한 이온 충격기,光明版离子火花,zh-CN
Étincelle ionique de la lumière,光明版离子火花,zh-CN
Talisman of Ascension,飞升护符,zh-CN
Radiant Jeweled Gauntlet,光明版珠光护手,zh-CN
찬란한 보석 건틀릿,光明版珠光护手,zh-CN
Gantelet précieux de la lumière,光明版珠光护手,zh-CN
Radiant Kraken's Fury,光明版海妖之怒,zh-CN
찬란한 크라켄의 분노,光明版海妖之怒,zh-CN
Fureur du kraken de la lumière,光明版海妖之怒,zh-CN
Radiant Last Whisper,光明版最后的轻语,zh-CN
찬란한 최후의 속삭임,光明版最后的轻语,zh-CN
Dernier souffle de la lumière,光明版最后的轻语,zh-CN
Radiant Morellonomicon,光明版莫雷洛秘典,zh-CN
찬란한 모렐로노미콘,光明版莫雷洛秘典,zh-CN
Morellonomicon de la lumière,光明版莫雷洛秘典,zh-CN
Radiant Nashor's Tooth,光明版纳什之牙,zh-CN
찬란한 내셔의 이빨,光明版纳什之牙,zh-CN
Dent de Nashor de la lumière,光明版纳什之牙,zh-CN
Radiant Protector's Vow,光明版圣盾使的誓约,zh-CN
찬란한 수호자의 맹세,光明版圣盾使的誓约,zh-CN
Vœu du protecteur de la lumière,光明版圣盾使的誓约,zh-CN
Radiant Quicksilver,光明版水银,zh-CN
찬란한 수은,光明版水银,zh-CN
Mercure de la lumière,光明版水银,zh-CN
Radiant Rabadon's Deathcap,光明版灭世者的死亡之帽,zh-CN
찬란한 라바돈의 죽음모자,光明版灭世者的死亡之帽,zh-CN
Coiffe de Rabadon de la lumière,光明版灭世者的死亡之帽,zh-CN
Radiant Red Buff,光明版红霸符,zh-CN
찬란한 붉은 덩굴정령,光明版红霸符,zh-CN
Buff rouge de la lumière,光明版红霸符,zh-CN
Radiant Spear of Shojin,光明版朔极之矛,zh-CN
찬란한 쇼진의 창,光明版朔极之矛,zh-CN
Lance de Shojin de la lumière,光明版朔极之矛,zh-CN
Radiant Spirit Visage,光明版振奋盔甲,zh-CN
찬란한 정령의 형상,光明版振奋盔甲,zh-CN
Visage spirituel de la lumière,光明版振奋盔甲,zh-CN
Radiant Steadfast Heart,光明版坚定之心,zh-CN
찬란한 굳건한 심장,光明版坚定之心,zh-CN
Cœur intrépide de la lumière,光明版坚定之心,zh-CN
Radiant Sterak's Gage,光明版斯特拉克的挑战护手,zh-CN
찬란한 스테락의 도전,光明版斯特拉克的挑战护手,zh-CN
Gage de Sterak de la lumière,光明版斯特拉克的挑战护手,zh-CN
Radiant Striker's Flail,光明版强袭者的链枷,zh-CN
찬란한 타격대의 철퇴,光明版强袭者的链枷,zh-CN
Fléau vengeur de la lumière,光明版强袭者的链枷,zh-CN
Radiant Sunfire Cape,光明版日炎斗篷,zh-CN
찬란한 태양불꽃 망토,光明版日炎斗篷,zh-CN
Cape solaire de la lumière,光明版日炎斗篷,zh-CN
Tacticians Crown,金铲铲冠冕,zh-CN
Tacticians Shield,金锅锅冠冕,zh-CN
Radiant Thief's Gloves,光明版窃贼手套,zh-CN
찬란한 도적의 장갑,光明版窃贼手套,zh-CN
Gants de voleur de la lumière,光明版窃贼手套,zh-CN
Radiant Titan's Resolve,光明版泰坦的坚决,zh-CN
찬란한 거인의 결의,光明版泰坦的坚决,zh-CN
Détermination du titan de la lumière,光明版泰坦的坚决,zh-CN
Radiant Void Staff,光明版虚空之杖,zh-CN
찬란한 공허의 지팡이,光明版虚空之杖,zh-CN
Bâton du vide de la lumière,光明版虚空之杖,zh-CN
Warmogs Armor,狂徒铠甲,zh-CN
Radiant Warmog's Armor,光明版狂徒铠甲,zh-CN
찬란한 워모그의 갑옷,光明版狂徒铠甲,zh-CN
Armure de Warmog de la lumière,光明版狂徒铠甲,zh-CN
Blossom's Call,绽灵花的约定,zh-CN
꽃의 부름,绽灵花的约定,zh-CN
Appel de la floraison,绽灵花的约定,zh-CN
Branching Out+,节外生枝+,zh-CN
가지 뻗기+,节外生枝+,zh-CN
Aléatoire jacta est+,节外生枝+,zh-CN
Coven Acolyte,女巫使魔,zh-CN
악의 여단 수행사제,女巫使魔,zh-CN
Acolyte de l'Assemblée,女巫使魔,zh-CN
Dark Ritual,黑暗仪式,zh-CN
어둠의 의식,黑暗仪式,zh-CN
Sombre rituel,黑暗仪式,zh-CN
Nature's Shelter,自然庇护所,zh-CN
자연의 안식처,自然庇护所,zh-CN
Abri naturel,自然庇护所,zh-CN
FOURcing,四之力,zh-CN
4단계 집중,四之力,zh-CN
Quatre équipé,四之力,zh-CN
Embiggen,巨化术,zh-CN
커져라,巨化术,zh-CN
Agrandissement,巨化术,zh-CN
Good For Something I,有用之材 I,zh-CN
다 쓸 데가 있다니까 I,有用之材 I,zh-CN
Butin funéraire I,有用之材 I,zh-CN
Flame On,烧起来,zh-CN
화염 점화,烧起来,zh-CN
Tout feu tout flamme,烧起来,zh-CN
Sun and Moon,日月同辉,zh-CN
해와 달,日月同辉,zh-CN
Soleil et Lune,日月同辉,zh-CN
Sun and Moon+,日月同辉+,zh-CN
해와 달+,日月同辉+,zh-CN
Soleil et Lune+,日月同辉+,zh-CN
Master of All Origins,创世神,zh-CN
계열의 대가,创世神,zh-CN
Maîtresse des origines,创世神,zh-CN
Ones Two Three,一一二三,zh-CN
"하나, 둘, 셋",一一二三,zh-CN
"Uns, deux, trois",一一二三,zh-CN
Beast Within+,兽性本能+,zh-CN
내면의 야수+,兽性本能+,zh-CN
Bête intérieure+,兽性本能+,zh-CN
Beast Within,兽性本能,zh-CN
내면의 야수,兽性本能,zh-CN
Bête intérieure,兽性本能,zh-CN
Residual Magic,残留魔力,zh-CN
잔류 마법,残留魔力,zh-CN
Magie résiduelle,残留魔力,zh-CN
Residual Magic +,残留魔力+,zh-CN
잔류 마법 +,残留魔力+,zh-CN
Magie résiduelle +,残留魔力+,zh-CN
Residual Magic ++,残留魔力++,zh-CN
잔류 마법 ++,残留魔力++,zh-CN
Magie résiduelle ++,残留魔力++,zh-CN
Omega Riftbeast,欧米茄之怪,zh-CN
종결자 협곡야수,欧米茄之怪,zh-CN
Monstre de la Jungle omega,欧米茄之怪,zh-CN
Unrivaled,世纪和解,zh-CN
일인자,世纪和解,zh-CN
Suprématie,世纪和解,zh-CN
Chosen of the Sun,太阳的抉择,zh-CN
태양의 부름을 받은 자,太阳的抉择,zh-CN
Élue du soleil,太阳的抉择,zh-CN
Small Furry Friend,毛茸茸小朋友,zh-CN
작은 털뭉치 친구,毛茸茸小朋友,zh-CN
Petit compagnon poilu,毛茸茸小朋友,zh-CN
Weight The Worth,等待得值,zh-CN
미학의 기다림,等待得值,zh-CN
Service 3 étoiles,等待得值,zh-CN
Wisp Rebate,仙灵报恩,zh-CN
수호령 환급,仙灵报恩,zh-CN
Esprits en solde,仙灵报恩,zh-CN
Wisp Rebate+,仙灵报恩+,zh-CN
수호령 환급+,仙灵报恩+,zh-CN
Esprits en solde+,仙灵报恩+,zh-CN
Advanced Loan+,高级贷款+,zh-CN
대출 선지급+,高级贷款+,zh-CN
Prêt anticipé+,高级贷款+,zh-CN
Band of Thieves II+,窃贼帮派 II+,zh-CN
도둑 무리 II+,窃贼帮派 II+,zh-CN
Bande de voleurs II+,窃贼帮派 II+,zh-CN
Band of Thieves II++,窃贼帮派 II++,zh-CN
도둑 무리 II++,窃贼帮派 II++,zh-CN
Bande de voleurs II++,窃贼帮派 II++,zh-CN
Item Extraction,装备提炼,zh-CN
아이템 추출,装备提炼,zh-CN
Extraction d'objet,装备提炼,zh-CN
Bonus Gift,意外之礼,zh-CN
추가 선물,意外之礼,zh-CN
Cadeau bonus,意外之礼,zh-CN
Bonus Gift+,意外之礼+,zh-CN
추가 선물+,意外之礼+,zh-CN
Cadeau bonus+,意外之礼+,zh-CN
Booster Pack+,扩展包+,zh-CN
부스터 팩+,扩展包+,zh-CN
Booster+,扩展包+,zh-CN
Booster Pack++,扩展包++,zh-CN
부스터 팩++,扩展包++,zh-CN
Booster++,扩展包++,zh-CN
Bronze For Life I,终身黄铜 I,zh-CN
영원한 브론즈 I,终身黄铜 I,zh-CN
Bronze pour la vie I,终身黄铜 I,zh-CN
Bronze For Life II,终身黄铜 II,zh-CN
영원한 브론즈 II,终身黄铜 II,zh-CN
Bronze pour la vie II,终身黄铜 II,zh-CN
Buried Treasures III,珍藏财宝 III,zh-CN
파묻힌 보물 III,珍藏财宝 III,zh-CN
Trésors enfouis III,珍藏财宝 III,zh-CN
Call To Chaos,混沌召唤,zh-CN
Called Shot,进攻宣告,zh-CN
결과 예측,进攻宣告,zh-CN
Victoire annoncée,进攻宣告,zh-CN
Capital Gains I,资本利得 I,zh-CN
자본 이익 I,资本利得 I,zh-CN
Plus-values I,资本利得 I,zh-CN
Capital Gains II,资本利得 II,zh-CN
자본 이익 II,资本利得 II,zh-CN
Plus-values II,资本利得 II,zh-CN
Caretaker's Favor,游神的眷顾,zh-CN
수호자의 호의,游神的眷顾,zh-CN
Faveur du gardien,游神的眷顾,zh-CN
Celestial Blessing I,星界恩典I,zh-CN
천상의 축복 I,星界恩典I,zh-CN
Bénédiction céleste I,星界恩典I,zh-CN
Celestial Blessing II,星界赐福 II,zh-CN
천상의 축복 II,星界赐福 II,zh-CN
Bénédiction céleste II,星界赐福 II,zh-CN
Celestial Blessing III,星界赐福 III,zh-CN
천상의 축복 III,星界赐福 III,zh-CN
Bénédiction céleste III,星界赐福 III,zh-CN
Challenger's Grace,挑战者的优雅,zh-CN
도전자의 은총,挑战者的优雅,zh-CN
Grâce du Challenger,挑战者的优雅,zh-CN
Champ Delivery,弈子配送,zh-CN
챔피언 배달,弈子配送,zh-CN
Livraison de champion,弈子配送,zh-CN
Champ Delivery+,弈子配送+,zh-CN
챔피언 배달+,弈子配送+,zh-CN
Livraison de champion+,弈子配送+,zh-CN
Champ Delivery++,弈子配送++,zh-CN
챔피언 배달++,弈子配送++,zh-CN
Livraison de champion++,弈子配送++,zh-CN
Cognitive Tax+,认知税+,zh-CN
인지세+,认知税+,zh-CN
Charge cognitive+,认知税+,zh-CN
Component Buffet,基础装备自助餐,zh-CN
입맛대로 고르는 부품,基础装备自助餐,zh-CN
Buffet de composants,基础装备自助餐,zh-CN
Component Quest,基础装备大冒险,zh-CN
조합 아이템 퀘스트,基础装备大冒险,zh-CN
Quête de composant,基础装备大冒险,zh-CN
Cooking Pot,金色炒锅,zh-CN
요리용 냄비,金色炒锅,zh-CN
Chefs cuisiniers,金色炒锅,zh-CN
Coronation,加冕礼,zh-CN
대관식,加冕礼,zh-CN
Couronnement,加冕礼,zh-CN
Double Trouble,好事成双,zh-CN
문제가 두 배,好事成双,zh-CN
Doublure,好事成双,zh-CN
Electrocharge I,电火花 I,zh-CN
전기 충전 I,电火花 I,zh-CN
Électrocharge I,电火花 I,zh-CN
Electrocharge II,电火花 II,zh-CN
전기 충전 II,电火花 II,zh-CN
Électrocharge II,电火花 II,zh-CN
Epoch+,新纪元+,zh-CN
새로운 시대+,新纪元+,zh-CN
Cycle épique+,新纪元+,zh-CN
Explosive Growth+,爆炸式增长+,zh-CN
폭발적인 성장+,爆炸式增长+,zh-CN
Croissance explosive+,爆炸式增长+,zh-CN
Extra Buckles,战时补给：巨人腰带,zh-CN
추가 버클,战时补给：巨人腰带,zh-CN
Boucles supplémentaires,战时补给：巨人腰带,zh-CN
Flexible,灵活,zh-CN
유연함,灵活,zh-CN
Emblématique,灵活,zh-CN
Forge A Friend,锻造挚友,zh-CN
Forged In Strength,神力天铸,zh-CN
Future Focused,高瞻远瞩,zh-CN
미래 집중,高瞻远瞩,zh-CN
Investissement pour le futur,高瞻远瞩,zh-CN
Gain 21 Gold,获得21金币,zh-CN
21골드 획득,获得21金币,zh-CN
Gain de 21 PO,获得21金币,zh-CN
Glass Cannon II,玻璃大炮 II,zh-CN
유리 대포 II,玻璃大炮 II,zh-CN
Canon de verre II,玻璃大炮 II,zh-CN
Glass Cannon I,玻璃大炮 I,zh-CN
유리 대포 I,玻璃大炮 I,zh-CN
Canon de verre I,玻璃大炮 I,zh-CN
Gold Destiny,黄金命运,zh-CN
금빛 운명,黄金命运,zh-CN
Destin doré,黄金命运,zh-CN
Gold Destiny+,黄金命运+,zh-CN
금빛 운명+,黄金命运+,zh-CN
Destin doré+,黄金命运+,zh-CN
Golden Gamble+,黄金赌约+,zh-CN
경품 추첨+,黄金赌约+,zh-CN
Pile ou face+,黄金赌约+,zh-CN
Golden Gamble++,黄金赌约++,zh-CN
경품 추첨++,黄金赌约++,zh-CN
Pile ou face++,黄金赌约++,zh-CN
Group Hug I,拥抱 I,zh-CN
단체 포옹 I,拥抱 I,zh-CN
Câlin collectif I,拥抱 I,zh-CN
Group Hug II,拥抱 II,zh-CN
단체 포옹 II,拥抱 II,zh-CN
Câlin collectif II,拥抱 II,zh-CN
Hard Bargain,砍价高手,zh-CN
유리한 조건,砍价高手,zh-CN
Carrousels trafiqués,砍价高手,zh-CN
Healing Orbs I,治疗法球 I,zh-CN
회복의 구 I,治疗法球 I,zh-CN
Orbes de soins I,治疗法球 I,zh-CN
Healing Orbs II,治疗法球 II,zh-CN
회복의 구 II,治疗法球 II,zh-CN
Orbes de soins II,治疗法球 II,zh-CN
Heroic Grab Bag+,英勇福袋+,zh-CN
영웅 꾸러미+,英勇福袋+,zh-CN
Besace héroïque+,英勇福袋+,zh-CN
Heroic Grab Bag++,英勇福袋++,zh-CN
영웅 꾸러미++,英勇福袋++,zh-CN
Besace héroïque++,英勇福袋++,zh-CN
Invested+,投资+,zh-CN
투자+,投资+,zh-CN
Investissement+,投资+,zh-CN
Invested++,投资++,zh-CN
투자++,投资++,zh-CN
Investissement++,投资++,zh-CN
Investment Strategy II,投资策略 II,zh-CN
투자 전략 II,投资策略 II,zh-CN
Stratégie d'investissement II,投资策略 II,zh-CN
Investment Strategy I,投资策略 I,zh-CN
투자 전략 I,投资策略 I,zh-CN
Stratégie d'investissement I,投资策略 I,zh-CN
Item Grab Bag I,装备百宝袋 I,zh-CN
아이템 꾸러미 I,装备百宝袋 I,zh-CN
Sac de butin I,装备百宝袋 I,zh-CN
"It's Me, Baby",是我，宝贝！,zh-CN
이 몸 등장,是我，宝贝！,zh-CN
Le feu des projecteurs,是我，宝贝！,zh-CN
Jeweled Lotus I,珠光莲花 I,zh-CN
보석 연꽃 I,珠光莲花 I,zh-CN
Lotus précieux I,珠光莲花 I,zh-CN
Jeweled Lotus II,珠光莲花 II,zh-CN
보석 연꽃 II,珠光莲花 II,zh-CN
Lotus précieux II,珠光莲花 II,zh-CN
Kingslayer,弑君突刺,zh-CN
국왕시해자,弑君突刺,zh-CN
Régicide,弑君突刺,zh-CN
Legion Of Threes,三幻神,zh-CN
Loaded Dice,灌铅骰子,zh-CN
사기 주사위,灌铅骰子,zh-CN
Dé pipé,灌铅骰子,zh-CN
Lucky Gloves+,幸运手套+,zh-CN
행운의 장갑+,幸运手套+,zh-CN
Gants porte-bonheur+,幸运手套+,zh-CN
Magic Roll,魔法投掷,zh-CN
Makeshift Armor I,应急护甲 I,zh-CN
임시변통 방어구 I,应急护甲 I,zh-CN
Armure improvisée I,应急护甲 I,zh-CN
Makeshift Armor II,应急护甲 II,zh-CN
임시변통 방어구 II,应急护甲 II,zh-CN
Armure improvisée II,应急护甲 II,zh-CN
Palier 1,别再错过,zh-CN
Money Hungry+,贪财+,zh-CN
돈독+,贪财+,zh-CN
Avidité+,贪财+,zh-CN
Nesting Anvils,锻造器套娃,zh-CN
마트료시카 모루,锻造器套娃,zh-CN
Enclumes imbriquées,锻造器套娃,zh-CN
Nesting Anvils+,锻造器套娃+,zh-CN
마트료시카 모루+,锻造器套娃+,zh-CN
Enclumes imbriquées+,锻造器套娃+,zh-CN
Nesting Dolls,弈子套娃,zh-CN
마트료시카,弈子套娃,zh-CN
Poupées russes,弈子套娃,zh-CN
OBSTINATION,不侦察，不变阵,zh-CN
One Buff Two Buff,1个霸符，2个霸符,zh-CN
Pandora's Items I,潘朵拉的装备 I,zh-CN
판도라의 아이템 I,潘朵拉的装备 I,zh-CN
Objets de Pandore I,潘朵拉的装备 I,zh-CN
Pandora's Items II,潘朵拉的装备 II,zh-CN
판도라의 아이템 II,潘朵拉的装备 II,zh-CN
Objets de Pandore II,潘朵拉的装备 II,zh-CN
Pandora's Items III,潘朵拉的装备 III,zh-CN
판도라의 아이템 III,潘朵拉的装备 III,zh-CN
Objets de Pandore III,潘朵拉的装备 III,zh-CN
Patience Is A Virtue,耐心是一种美德,zh-CN
Prismatic Destiny,棱彩命运,zh-CN
프리즘 운명,棱彩命运,zh-CN
Destin prismatique,棱彩命运,zh-CN
Prismatic Destiny+,棱彩命运+,zh-CN
프리즘 운명+,棱彩命运+,zh-CN
Destin prismatique+,棱彩命运+,zh-CN
Promised Protection,承诺之护,zh-CN
약속된 보호,承诺之护,zh-CN
Mana du protecteur,承诺之护,zh-CN
Quick Streaks,连败连胜才能连鸡,zh-CN
빠른 연승 및 연패,连败连胜才能连鸡,zh-CN
Séries rapides,连败连胜才能连鸡,zh-CN
Radiant Relics,光明圣物,zh-CN
찬란한 유물,光明圣物,zh-CN
Reliques de la lumière,光明圣物,zh-CN
Salvage Bin+,打捞桶+,zh-CN
재활용 쓰레기통+,打捞桶+,zh-CN
Bac de recyclage+,打捞桶+,zh-CN
Shimmerscale Essence,金鳞精萃,zh-CN
빛비늘 정수,金鳞精萃,zh-CN
Essence des Luminécailles,金鳞精萃,zh-CN
Silver Destiny,白银命运,zh-CN
은빛 운명,白银命运,zh-CN
Destin argenté,白银命运,zh-CN
Silver Destiny+,白银命运+,zh-CN
은빛 운명+,白银命运+,zh-CN
Destin argenté+,白银命运+,zh-CN
Silver Destiny++,白银命运++,zh-CN
은빛 운명++,白银命运++,zh-CN
Destin argenté++,白银命运++,zh-CN
Slammin'+,物尽其用+,zh-CN
재빠른 무장+,物尽其用+,zh-CN
Tout doit disparaître+,物尽其用+,zh-CN
Spirit Of Redemption,救赎盔甲,zh-CN
Spreading Roots+,蔓延之根+,zh-CN
뻗어가는 뿌리+,蔓延之根+,zh-CN
Enracinement+,蔓延之根+,zh-CN
Tactician's Kitchen,金铲铲厨房,zh-CN
전략가의 주방,金铲铲厨房,zh-CN
Cuisine du Tacticien,金铲铲厨房,zh-CN
Team Building,阵容构筑,zh-CN
끈끈한 우정,阵容构筑,zh-CN
Esprit d'équipe,阵容构筑,zh-CN
The Trait Tree+,羁绊树+,zh-CN
특성 나무+,羁绊树+,zh-CN
Emblématiquement+,羁绊树+,zh-CN
Time Skip,时间跳跃,zh-CN
시간 건너뛰기,时间跳跃,zh-CN
Bye bye boutique,时间跳跃,zh-CN
Tons of Stats!,成吨的属性,zh-CN
엄청나게 이로운 효과!,成吨的属性,zh-CN
Stats à foison !,成吨的属性,zh-CN
TONS of Stats!,成吨的属性！,zh-CN
Trade Sector+,DD街区+,zh-CN
교환의 장+,DD街区+,zh-CN
Secteur commercial+,DD街区+,zh-CN
Trait Ladder,羁绊天梯,zh-CN
특성 사다리,羁绊天梯,zh-CN
Croissance typique,羁绊天梯,zh-CN
Verticality I,纵深 I,zh-CN
고단수 I,纵深 I,zh-CN
Verticalité I,纵深 I,zh-CN
Verticality II,纵深 II,zh-CN
고단수 II,纵深 II,zh-CN
Verticalité II,纵深 II,zh-CN
Verticality III,纵深 III,zh-CN
고단수 III,纵深 III,zh-CN
Verticalité III,纵深 III,zh-CN
Worth the Wait II,值得等待 II,zh-CN
기다림의 미학 II,值得等待 II,zh-CN
Attente récompensée II,值得等待 II,zh-CN
Young and Wild and Free,不拘一格,zh-CN
"젊음, 광란, 자유",不拘一格,zh-CN
Liberté !,不拘一格,zh-CN
Aftershock,余震,zh-CN
여진,余震,zh-CN
Après-coup,余震,zh-CN
All Fives,全5费商店,zh-CN
5단계 집결,全5费商店,zh-CN
L'armée des 5,全5费商店,zh-CN
All Fours,全4费商店,zh-CN
4단계 집결,全4费商店,zh-CN
L'armée des 4,全4费商店,zh-CN
All Ones,全1费商店,zh-CN
1단계 집결,全1费商店,zh-CN
L'armée des 1,全1费商店,zh-CN
All Threes,全3费商店,zh-CN
3단계 집결,全3费商店,zh-CN
L'armée des 3,全3费商店,zh-CN
All Twos,全2费商店,zh-CN
2단계 집결,全2费商店,zh-CN
L'armée des 2,全2费商店,zh-CN
Backrow Star,后排之星,zh-CN
후방의 핵심,后排之星,zh-CN
Arrière-garde,后排之星,zh-CN
Bark Armor,树皮护甲,zh-CN
나무껍질 갑옷,树皮护甲,zh-CN
Armure d'écorce,树皮护甲,zh-CN
Blood Money,染血之币,zh-CN
목숨값,染血之币,zh-CN
Prix du sang,染血之币,zh-CN
Bronze Spoon,铜汤匙,zh-CN
동수저,铜汤匙,zh-CN
Cuillère en bronze,铜汤匙,zh-CN
Circle of Elders,长者之环,zh-CN
장로회,长者之环,zh-CN
Cercle des anciens,长者之环,zh-CN
Counterspell,法术反制,zh-CN
마법 차단,法术反制,zh-CN
Verrou magique,法术反制,zh-CN
Early Fix,防微杜渐,zh-CN
빠른 수정,防微杜渐,zh-CN
Reforgage,防微杜渐,zh-CN
Experienced,老练,zh-CN
숙련자,老练,zh-CN
Expérimentation,老练,zh-CN
Fellowship,贴贴,zh-CN
유대감,贴贴,zh-CN
Communauté,贴贴,zh-CN
Fertilize,肥料,zh-CN
비옥화,肥料,zh-CN
Fertilisant,肥料,zh-CN
Field of Mice,小人国,zh-CN
생쥐 들판,小人国,zh-CN
Riquiqui,小人国,zh-CN
Forest Mage,森林魔法师,zh-CN
숲의 마법사,森林魔法师,zh-CN
Magie de la forêt,森林魔法师,zh-CN
Freeroller,免费刷新术,zh-CN
자유로운 새로고침,免费刷新术,zh-CN
Relances,免费刷新术,zh-CN
Giant Growth,巨型增长,zh-CN
거대한 성장,巨型增长,zh-CN
Croissance gigantesque,巨型增长,zh-CN
Heated Rivalry,鏖战不休,zh-CN
뜨거운 경쟁,鏖战不休,zh-CN
Rivalité,鏖战不休,zh-CN
Heroic Sacrifice,英勇就义,zh-CN
영웅적 희생,英勇就义,zh-CN
Sacrifice héroïque,英勇就义,zh-CN
Hummingbird,蜂鸟,zh-CN
벌새,蜂鸟,zh-CN
Colibri,蜂鸟,zh-CN
Infliction,折磨,zh-CN
형벌,折磨,zh-CN
Killing Frenzy,屠戮狂暴,zh-CN
살육의 광란,屠戮狂暴,zh-CN
Frénésie meurtrière,屠戮狂暴,zh-CN
Life Debt,以命为注,zh-CN
생명의 빚,以命为注,zh-CN
Dette vitale,以命为注,zh-CN
Lightning Storm,闪电风暴,zh-CN
번개 폭풍,闪电风暴,zh-CN
Orages,闪电风暴,zh-CN
Lightning Strike,闪电打击,zh-CN
벼락,闪电打击,zh-CN
Éclairs bruts,闪电打击,zh-CN
Lost Travelers,迷路的游客,zh-CN
길 잃은 여행자,迷路的游客,zh-CN
Voyageurs perdus,迷路的游客,zh-CN
Major Polymorph,高阶变形术,zh-CN
상급 변이,高阶变形术,zh-CN
Polymorphisme+,高阶变形术,zh-CN
Mercenary Force,金钱之力,zh-CN
용병 부대,金钱之力,zh-CN
Mercenaires,金钱之力,zh-CN
Minor Polymorph,低阶变形术,zh-CN
하급 변이,低阶变形术,zh-CN
Polymorphisme mineur,低阶变形术,zh-CN
Mitosis,有丝分裂,zh-CN
체세포 분열,有丝分裂,zh-CN
Mitose,有丝分裂,zh-CN
Moonrise,皓月当空,zh-CN
달오름,皓月当空,zh-CN
Pleine lune,皓月当空,zh-CN
Payday,庆功宴,zh-CN
수금,庆功宴,zh-CN
Jour de paie,庆功宴,zh-CN
Pocket Change,零花钱,zh-CN
잔돈,零花钱,zh-CN
Argent de poche,零花钱,zh-CN
Polymorph,变形术,zh-CN
변이,变形术,zh-CN
Polymorphisme,变形术,zh-CN
Preppers,未雨绸缪,zh-CN
생존주의자,未雨绸缪,zh-CN
Cumulation,未雨绸缪,zh-CN
Prolific Power,元气满满,zh-CN
풍성한 힘,元气满满,zh-CN
Puissance prolifique,元气满满,zh-CN
Propagate,繁殖,zh-CN
번식,繁殖,zh-CN
Propagation,繁殖,zh-CN
Radiantize,光明化,zh-CN
찬란함,光明化,zh-CN
Illumination,光明化,zh-CN
Resistant,抵抗,zh-CN
내성,抵抗,zh-CN
Coriace,抵抗,zh-CN
Starfall,星落,zh-CN
유성,星落,zh-CN
Appel de l'étoile,星落,zh-CN
Sunfire Sorcery,日炎巫术,zh-CN
태양불꽃 마법,日炎巫术,zh-CN
Feu et sang,日炎巫术,zh-CN
Supercritical,超级暴击,zh-CN
극치,超级暴击,zh-CN
Supercritique,超级暴击,zh-CN
Tattered Armor,衣衫褴褛,zh-CN
너덜너덜한 방어구,衣衫褴褛,zh-CN
Armure en lambeaux,衣衫褴褛,zh-CN
Tremors,地动山摇,zh-CN
진동,地动山摇,zh-CN
Secousses,地动山摇,zh-CN
Ultra Ascension,终极飞升,zh-CN
극한의 초월,终极飞升,zh-CN
Ultra ascension,终极飞升,zh-CN
Verdant Vitality,绿意盎然,zh-CN
신록의 활력,绿意盎然,zh-CN
Vitalité verdoyante,绿意盎然,zh-CN
Yordle Spirit,约德尔之灵,zh-CN
요들 영혼,约德尔之灵,zh-CN
Esprit de yordle,约德尔之灵,zh-CN
Abandon Ship,弃船,zh-CN
배를 버려라,弃船,zh-CN
Reconversion,弃船,zh-CN
Animate Shop,活体商店,zh-CN
움직이는 상점,活体商店,zh-CN
Boutique animée,活体商店,zh-CN
Apprentice,学徒,zh-CN
수습생,学徒,zh-CN
Novice,学徒,zh-CN
Artifactinate,神器化,zh-CN
유물화,神器化,zh-CN
Artefactification,神器化,zh-CN
Barrier,屏障,zh-CN
방어막,屏障,zh-CN
Barrière,屏障,zh-CN
Barter,以物易物,zh-CN
물물교환,以物易物,zh-CN
Troc,以物易物,zh-CN
Bear's Visit,蛮熊降临,zh-CN
곰의 방문,蛮熊降临,zh-CN
Visite de l'ours,蛮熊降临,zh-CN
부랑자의 수호령,Beggar's Wisp,zh-CN
Esprit du mendiant,Beggar's Wisp,zh-CN
Big Boom,大爆炸,zh-CN
커다란 한 방,大爆炸,zh-CN
Gros boum,大爆炸,zh-CN
Big Guns,大腕,zh-CN
압도적 화력,大腕,zh-CN
Grosses armes,大腕,zh-CN
Blast Potion,爆炸药水,zh-CN
폭발 물약,爆炸药水,zh-CN
Potion explosive,爆炸药水,zh-CN
Blaze,炽焰,zh-CN
불길,炽焰,zh-CN
Flammes,炽焰,zh-CN
Blood and Iron,鲜血与铁,zh-CN
피와 강철,鲜血与铁,zh-CN
Sang et fer,鲜血与铁,zh-CN
Booster Shot,强化激素,zh-CN
강화제 주입,强化激素,zh-CN
Étoiles temporaires,强化激素,zh-CN
Border Village,边境村庄,zh-CN
변경 마을,边境村庄,zh-CN
Boutique de deux,边境村庄,zh-CN
Borrowed Gear,借来的装备,zh-CN
빌린 장비,借来的装备,zh-CN
Équipement emprunté,借来的装备,zh-CN
Bulwark,壁垒,zh-CN
방벽,壁垒,zh-CN
Pavois,壁垒,zh-CN
Bunch-o'-Belts,腰带批发,zh-CN
허리띠 뭉치,腰带批发,zh-CN
Ceintures,腰带批发,zh-CN
Clone Companion,克隆弈子,zh-CN
분신 동료,克隆弈子,zh-CN
Amitié clonée,克隆弈子,zh-CN
Coin Flip,抛硬币,zh-CN
동전 던지기,抛硬币,zh-CN
Pile ou face,抛硬币,zh-CN
Combust,易燃物,zh-CN
연소,易燃物,zh-CN
Combustion,易燃物,zh-CN
Curio Cart,珍品摆摊车,zh-CN
골동품 수레,珍品摆摊车,zh-CN
Chariot de curiosités,珍品摆摊车,zh-CN
Cutpurse,梁上君子,zh-CN
소매치기,梁上君子,zh-CN
Vol à la tire,梁上君子,zh-CN
Die Roll,掷骰子,zh-CN
주사위 굴리기,掷骰子,zh-CN
Lancer de dé,掷骰子,zh-CN
Diversified,多样化,zh-CN
다각화,多样化,zh-CN
Diversification,多样化,zh-CN
Doodad Bag,小玩具包,zh-CN
잡화 가방,小玩具包,zh-CN
Sac à bidules,小玩具包,zh-CN
Doodad Jar,小玩具罐,zh-CN
잡화 단지,小玩具罐,zh-CN
Bocal à bidules,小玩具罐,zh-CN
Doodad Sack,小玩具袋,zh-CN
잡화 자루,小玩具袋,zh-CN
Besace à bidules,小玩具袋,zh-CN
Downpour,倾盆大雨,zh-CN
폭우,倾盆大雨,zh-CN
Manne de mana,倾盆大雨,zh-CN
Essence Theft,摄魂夺魄,zh-CN
정기 흡수,摄魂夺魄,zh-CN
Vol essentiel,摄魂夺魄,zh-CN
Flash Fire,爆燃,zh-CN
순간 발화,爆燃,zh-CN
Feu infernal,爆燃,zh-CN
Flip Frenzy,疯狂掷币人,zh-CN
뒤집기 광란,疯狂掷币人,zh-CN
Face à face,疯狂掷币人,zh-CN
Flow,行云流水,zh-CN
기류,行云流水,zh-CN
Immunité,行云流水,zh-CN
Forest Guide,森林向导,zh-CN
숲의 인도자,森林向导,zh-CN
Guide forestier,森林向导,zh-CN
Forest Twins,森林多胞胎,zh-CN
숲 쌍둥이,森林多胞胎,zh-CN
Jumeaux de la forêt,森林多胞胎,zh-CN
Found Friend,找个朋友,zh-CN
친구 발견,找个朋友,zh-CN
Nouveau copain,找个朋友,zh-CN
Giant's Aura,巨人光环,zh-CN
거인의 오라,巨人光环,zh-CN
Aura du géant,巨人光环,zh-CN
Golden Goose,招财猫,zh-CN
황금알을 낳는 거위,招财猫,zh-CN
Poule aux œufs d'or,招财猫,zh-CN
Grandmaster,奇境宗师,zh-CN
그랜드마스터,奇境宗师,zh-CN
Grand Maître,奇境宗师,zh-CN
Greater Chaos,拼一把大的！,zh-CN
상급 혼돈,拼一把大的！,zh-CN
Chaos supérieur,拼一把大的！,zh-CN
Grow Up,长大,zh-CN
성장,长大,zh-CN
Progression,长大,zh-CN
Hand Of Baron,男爵之手,zh-CN
남작의 도움,男爵之手,zh-CN
Main du baron,男爵之手,zh-CN
Health Potion,生命药水,zh-CN
체력 물약,生命药水,zh-CN
Potion de soin,生命药水,zh-CN
Hero Of Prophecy,预言之子,zh-CN
예언의 영웅,预言之子,zh-CN
Héros de la prophétie,预言之子,zh-CN
Hero's Entrance,英雄登场,zh-CN
영웅출현,英雄登场,zh-CN
Entrée héroïque,英雄登场,zh-CN
Hireling,雇佣兵,zh-CN
하수인,雇佣兵,zh-CN
Intérim,雇佣兵,zh-CN
Homing Fireflies,萤火虫之家,zh-CN
유도 반딧불이,萤火虫之家,zh-CN
Lucioles guidées,萤火虫之家,zh-CN
Hugify,巨大化,zh-CN
거대화,巨大化,zh-CN
Grandification,巨大化,zh-CN
Idle Craftsman,闲散工匠,zh-CN
한가한 장인,闲散工匠,zh-CN
Artisanat,闲散工匠,zh-CN
Improved Reach,瞄准镜,zh-CN
사거리 개선,瞄准镜,zh-CN
Portée améliorée,瞄准镜,zh-CN
Iron Core,钢铁核心,zh-CN
강철같은 핵심,钢铁核心,zh-CN
Noyau de fer,钢铁核心,zh-CN
Ironwood,坚硬木材,zh-CN
강철나무,坚硬木材,zh-CN
Écorce,坚硬木材,zh-CN
Journeyman,旅行者,zh-CN
떠돌이,旅行者,zh-CN
Compagnon,旅行者,zh-CN
Jungling,野区,zh-CN
정글링,野区,zh-CN
La jungle,野区,zh-CN
Killer's Regret,侩子手的悔恨,zh-CN
살인자의 후회,侩子手的悔恨,zh-CN
Étourdissement mortel,侩子手的悔恨,zh-CN
Knick-Knack Bag,小饰品包,zh-CN
잡동사니 가방,小饰品包,zh-CN
Sac de bric-à-brac,小饰品包,zh-CN
Knick-Knack Jar,小饰品罐,zh-CN
잡동사니 단지,小饰品罐,zh-CN
Bocal de bric-à-brac,小饰品罐,zh-CN
Knick-Knack Sack,小饰品袋,zh-CN
잡동사니 자루,小饰品袋,zh-CN
Sac de bric-à-brac,小饰品袋,zh-CN
Late Bloomer,大器晚成,zh-CN
대기만성,大器晚成,zh-CN
Atout,大器晚成,zh-CN
Lesser Chaos,拼一把小的！,zh-CN
하급 혼돈,拼一把小的！,zh-CN
Esprit aléatoire,拼一把小的！,zh-CN
Living Soil,活体土壤,zh-CN
살아있는 토양,活体土壤,zh-CN
Mur vivant,活体土壤,zh-CN
Lucky 7,幸运7,zh-CN
행운의 7,幸运7,zh-CN
7 chanceux,幸运7,zh-CN
Mana Potion,法力药水,zh-CN
마나 물약,法力药水,zh-CN
Potion de mana,法力药水,zh-CN
Mana-Rich Soil,富魔之壤,zh-CN
마나가 풍부한 토양,富魔之壤,zh-CN
Sol riche en mana,富魔之壤,zh-CN
Marksmen's Gale,射手狂风,zh-CN
원거리 딜러의 돌풍,射手狂风,zh-CN
Bourrasque des tireurs,射手狂风,zh-CN
Marksmen's Marks,射手标记,zh-CN
원거리 딜러의 표식,射手标记,zh-CN
Tireurs chanceux,射手标记,zh-CN
Memorial Dummy,衣冠冢,zh-CN
추모 훈련 봇,衣冠冢,zh-CN
Mannequin commémoratif,衣冠冢,zh-CN
Middle Path,中央大道,zh-CN
중도,中央大道,zh-CN
Cheminement,中央大道,zh-CN
Moonlight Ritual,月光仪式,zh-CN
월광 의식,月光仪式,zh-CN
Rituel,月光仪式,zh-CN
Nature's Ally,自然之友,zh-CN
자연의 지원군,自然之友,zh-CN
Dans la jungle,自然之友,zh-CN
Nature's Wrath,自然之怒,zh-CN
자연의 분노,自然之怒,zh-CN
Courroux de la nature,自然之怒,zh-CN
Peddler,小贩,zh-CN
행상인,小贩,zh-CN
Colporteur,小贩,zh-CN
Petrified Dummy,石化术,zh-CN
석화된 훈련 봇,石化术,zh-CN
Mannequin pétrifié,石化术,zh-CN
Petrify Shields,破盾秘法,zh-CN
보호막 마비,破盾秘法,zh-CN
Lianes,破盾秘法,zh-CN
Phantom Armor,幻影护甲,zh-CN
유령 갑옷,幻影护甲,zh-CN
Warmog fantôme,幻影护甲,zh-CN
Phantom Emblem,幻影纹章,zh-CN
유령 상징,幻影纹章,zh-CN
Emblème fantôme,幻影纹章,zh-CN
Phantom Gloves,幻影手套,zh-CN
유령 장갑,幻影手套,zh-CN
Gants fantômes,幻影手套,zh-CN
Phantom Splash,幻影浪花,zh-CN
환영 조합,幻影浪花,zh-CN
Activation fantôme,幻影浪花,zh-CN
Phantom Vest,幻影背心,zh-CN
유령 조끼,幻影背心,zh-CN
Armure fantôme,幻影背心,zh-CN
Plated Shields,镀板护盾,zh-CN
도금 보호막,镀板护盾,zh-CN
Boucliers renforcés,镀板护盾,zh-CN
Potioncraft,药学博士,zh-CN
물약 제조,药学博士,zh-CN
Concoction de potion,药学博士,zh-CN
Potted Lifebloom,盆栽生命花,zh-CN
생명꽃 화분,盆栽生命花,zh-CN
Fleur de vie en pot,盆栽生命花,zh-CN
Potted Stonebark,盆栽石皮树,zh-CN
돌껍질 화분,盆栽石皮树,zh-CN
Rochécorce en pot,盆栽石皮树,zh-CN
Quicken,加速,zh-CN
가속,加速,zh-CN
Accélération,加速,zh-CN
Rain,泪雨,zh-CN
비,泪雨,zh-CN
Pluie,泪雨,zh-CN
Refreshing Light,焕新之光,zh-CN
상쾌한 빛,焕新之光,zh-CN
Relances solaires,焕新之光,zh-CN
Regeneration,回复,zh-CN
재생,回复,zh-CN
Régénération,回复,zh-CN
Revenge,复仇,zh-CN
복수,复仇,zh-CN
Vengeance,复仇,zh-CN
Ride the Wave,顺流而下,zh-CN
파도를 타고,顺流而下,zh-CN
Boutiques optimisées,顺流而下,zh-CN
Rolling Bones,骨头滚滚,zh-CN
주사위의 향연,骨头滚滚,zh-CN
RC Relance,骨头滚滚,zh-CN
Roly-Polys,不倒翁,zh-CN
오뚝이,不倒翁,zh-CN
Survie rentable,不倒翁,zh-CN
Salvager,打捞术,zh-CN
재활용 전문가,打捞术,zh-CN
Recyclage,打捞术,zh-CN
Scrappy,零碎,zh-CN
고물 모으기,零碎,zh-CN
Ferrailleur,零碎,zh-CN
Search Party,搜查队,zh-CN
수색대,搜查队,zh-CN
Expédition de recherche,搜查队,zh-CN
Slow Study,慢速学习,zh-CN
느긋한 학습,慢速学习,zh-CN
Expérience de survie,慢速学习,zh-CN
Smurfing,炸鱼行为,zh-CN
균형 붕괴,炸鱼行为,zh-CN
Smurfs,炸鱼行为,zh-CN
Snacktime!,点心时间到！,zh-CN
간식 시간!,点心时间到！,zh-CN
C'est l'heure du goûter !,点心时间到！,zh-CN
Solar Gift,日蚀之礼,zh-CN
햇빛 선물,日蚀之礼,zh-CN
Lever de soleil,日蚀之礼,zh-CN
Solitude's Cloak,独行斗篷,zh-CN
고독의 망토,独行斗篷,zh-CN
Solitude,独行斗篷,zh-CN
Stand Alone,孤身站场,zh-CN
홀로서기,孤身站场,zh-CN
Indépendant,孤身站场,zh-CN
Starting Town,新手村,zh-CN
시작 마을,新手村,zh-CN
Nouveau départ,新手村,zh-CN
Stealthy,鬼鬼祟祟,zh-CN
은밀함,鬼鬼祟祟,zh-CN
Furtivité,鬼鬼祟祟,zh-CN
Terraforming,生态改造,zh-CN
지구화,生态改造,zh-CN
Terraformation,生态改造,zh-CN
Thingamajig Bag,小装置包,zh-CN
물품 가방,小装置包,zh-CN
Besace à machins,小装置包,zh-CN
Thingamajig Jar,小装置罐,zh-CN
물품 단지,小装置罐,zh-CN
Bocal à machins,小装置罐,zh-CN
Thingamajig Sack,小装置袋,zh-CN
물품 자루,小装置袋,zh-CN
Sac à machins,小装置袋,zh-CN
Three Me,对影成三,zh-CN
3단계와 함께,对影成三,zh-CN
Trois aléatoire,对影成三,zh-CN
Tiger's Visit,猛虎降临,zh-CN
호랑이의 방문,猛虎降临,zh-CN
Visite du tigre,猛虎降临,zh-CN
Training Yard,训练场,zh-CN
훈련장,训练场,zh-CN
Terrain d'entraînement,训练场,zh-CN
Treetop Archers,树顶弓箭手,zh-CN
나무 위 궁수,树顶弓箭手,zh-CN
Archers,树顶弓箭手,zh-CN
Trophy Hunter,猎手的黄金之路,zh-CN
전리품 수집가,猎手的黄金之路,zh-CN
Chasseur de trophées,猎手的黄金之路,zh-CN
Turtle's Visit,灵龟降临,zh-CN
거북이의 방문,灵龟降临,zh-CN
Visite de la tortue,灵龟降临,zh-CN
Wrapped In Thorns,荆棘环身,zh-CN
둘러싼 가시덤불,荆棘环身,zh-CN
Épines,荆棘环身,zh-CN
