source,target,tgt_lng
1个霸符，2个霸符,"Un buff, două buff-uri",ro
2 Vàng Là Nhất,De două ori mai câștigați,ro
2体のタンク,Tancuri la xerox,ro
2만한 가치,De două ori mai câștigați,ro
2인조,Listă duo,ro
3の軍団,Legiunea de trei,ro
3단계 군단,Legiunea de trei,ro
4가 함께하길,Patru de partea ta,ro
4후지원,"Unde-s 2 stele, puterea crește",ro
8级D干的传说,Reîncărcări epice,ro
A Hajnal égisze,Scutul zorilor,ro
A Magic Roll,Aruncare magică,ro
A Masszív mecha,Robotul Mecha impunător,ro
A Nagy Bumm,Big Bang,ro
A Que Custo,Dar cu ce preț,ro
A Remontar,Victorie neașteptată,ro
A Torre,Turnul,ro
A União Faz a Força,Rămânem împreună,ro
A buzogány akarata,Voința buzduganului,ro
A felemelkedés talizmánja,Talismanul ascensiunii,ro
A feltámadás áldása,Favorul resurecției,ro
A frontvonal alapjai,Baza avangardei,ro
A gondviselő barátja,Aliatul îngrijitorului,ro
A gyűjtögető adománya,Favorul duelistului,ro
A hatalom kelyhe,Pocalul puterii,ro
A járatlan út,Ramificare,ro
A kraken haragja,Furia krakenului,ro
A káosz hívása,Chemarea haosului,ro
A legapróbb titán,Titan micuț,ro
A megváltás szelleme,Spiritul izbăvirii,ro
A mozdulatlanság leple,Vălul nemișcării,ro
A méret a lényeg,Mărimea contează,ro
A nagy pofon,Kahunahuna,ro
A négyek ereje,Patru de partea ta,ro
A por el bote,Învingătorii iau totul,ro
A por la victoria,Victorie neașteptată,ro
A portyázó karma,Gheara prădătorului,ro
A prueba de choques,Manechine animate,ro
A quale prezzo,Dar cu ce preț,ro
A qué precio,Dar cu ce preț,ro
A rettenthetetlen,Neînduplecare,ro
A taktikus koronája,Coroana tacticianului,ro
A titán elszántsága,Voința titanului,ro
A torony,Turnul,ro
A végjáték szakértője,Specialistul sfârșitului jocului,ro
A vízköpő sziklavértje,Platoșa garguiului,ro
AFK,Plecat de la tastatură,ro
Aatrox,Aatrox,ro
Abbonamento di lusso,Abonament de lux,ro
Abbraccio di gruppo,Îmbrățișare de grup,ro
Abendschleier,Văl uniform,ro
Abo-Service,Abonament,ro
Abondance de baguettes,Toiege fără număr,ro
Abondance de ceintures,Curele fără număr,ro
Abondance de glaives,Săbii fără număr,ro
Abonelik Hizmeti,Abonament,ro
Abonnement,Abonament,ro
Abonnement premium,Abonament de lux,ro
Abra o Caminho,Creează o cale,ro
Abrazo Grupal,Îmbrățișare de grup,ro
Abrazo grupal,Îmbrățișare de grup,ro
Abraço Coletivo,Îmbrățișare de grup,ro
Absurdalnie Wielka Różdżka,Toiag uriaș,ro
Abwesend,Plecat de la tastatură,ro
Acceleratore meccanico,Accelerator mecanic,ro
Accetta infernale,Secure din focul iadului,ro
Acciaio brillante,Oțel aurit,ro
Accélérateur mécanique,Accelerator mecanic,ro
Acelerador Mecanizado,Accelerator mecanic,ro
Acelerador Mecánico,Accelerator mecanic,ro
Acelerador de relojería,Accelerator mecanic,ro
Acero Dorado,Oțel aurit,ro
Acero dorado,Oțel aurit,ro
Achat 3 étoiles,Construiește un însoțitor,ro
Acier doré,Oțel aurit,ro
Actualiza sin parar,Reîncărcări la grămadă,ro
Acumular,Pariu pe viitor,ro
Acélszív,Inimă de oțel,ro
Adagas Oscilantes,Tăișuri sclipitoare,ro
Adaletin Eli,Mâna justiției,ro
Adaletin Yumruğu,Pedeapsă,ro
Adaptive Helm,Coif cameleonic,ro
Adaptiver Helm,Coif cameleonic,ro
Adaptív sisak,Coif cameleonic,ro
Addestramento da Guardia del corpo,Antrenamentul gărzii de corp,ro
Adiestramiento de guardaespaldas,Antrenamentul gărzii de corp,ro
Advanced Loan,Împrumut avansat,ro
Aegis of Dawn,Scutul zorilor,ro
Aegis of Dusk,Scutul amurgului,ro
Agujero negro en miniatura,Mini gaură neagră,ro
Ahri aurája,Aura lui Ahri,ro
Ahri áldása,Favorul lui Ahri,ro
Ahri'nin Haresi,Aura lui Ahri,ro
Ahri'nin Lütfu,Favorul lui Ahri,ro
Ahri's Aura,Aura lui Ahri,ro
Ahri's Boon,Favorul lui Ahri,ro
Ahris Aura,Aura lui Ahri,ro
Ahris Segen,Favorul lui Ahri,ro
Ahřin dar,Favorul lui Ahri,ro
Ahřina aura,Aura lui Ahri,ro
Ajándékcsomag,Pachet de îngrijire,ro
Akali,Akali,ro
Akan Gözyaşları,Lacrimi curgătoare,ro
Akcelerator Nakręcanego,Accelerator mecanic,ro
Aklın Sonu,Sfârșitul rațiunii,ro
Aktualisierungstaumel,Reîncărcări la grămadă,ro
Akıllı Harcama,Buget înțelept,ro
Al Filo de la Cordura,Sfârșitul rațiunii,ro
Alacakaranlık Kalkanı,Scutul amurgului,ro
Alakzatba,Aliniere,ro
Alba di Silvermere,Răsăritul din Silvermere,ro
Alcance as Estrelas,Țintește spre stele,ro
Alevleri Körükle,Întețește focul,ro
Alfanje Espectral,Hanger fantomatic,ro
Aliado do Protetor,Aliatul îngrijitorului,ro
Alianza del Guardián,Aliatul îngrijitorului,ro
Alianza del protector,Aliatul îngrijitorului,ro
Alimenta las Llamas,Întețește focul,ro
Alimentad las llamas,Întețește focul,ro
Alimentare le fiamme,Întețește focul,ro
Alimente as Chamas,Întețește focul,ro
Alineación,Aliniere,ro
Alkatrészes zsák,Punguță cu obiecte surpriză,ro
Alleato del custode,Aliatul îngrijitorului,ro
Allumer le feu,Întețește focul,ro
Alma da Festa,Petrecăreț,ro
Alta Voltagem,Linie de înaltă tensiune,ro
Alta tensione,Linie de înaltă tensiune,ro
Alto Voltaje,Linie de înaltă tensiune,ro
Alto voltaje,Linie de înaltă tensiune,ro
Altın Ejder,Dragonul auriu,ro
Altın Riski,Pariu de aur,ro
Altın Yumurta,Oul de aur,ro
Alvorada de Pratânia,Răsăritul din Silvermere,ro
Aléatoire jacta est,Ramificare,ro
Aléatoirement vôtre,Listă duo,ro
Alışveriş Çılgınlığı,La cumpărături,ro
Amanecer Plateado,Răsăritul din Silvermere,ro
Amanecer de Meraplata,Răsăritul din Silvermere,ro
Ami sur mesure,Creează un prieten,ro
Amico dei Mippi,Mip,ro
Amico fai-da-te,Construiește-ți un prieten,ro
Amigos a medida,Construiește-ți un prieten,ro
Amiguinhos,Prieteni micuți,ro
Amiguitos,Prieteni micuți,ro
Amulet Vyzdvižení,Talismanul ascensiunii,ro
Amulett der eisernen Solari,Blazonul solarilor de fier,ro
Amulett des Aufstiegs,Talismanul ascensiunii,ro
An Exalted Adventure,O aventură triumfătoare,ro
Ana Karaktere Bir Şey Olmaz,Protecție universală,ro
Andare per le lunghe,Pariu pe viitor,ro
Ani Büyüme,Creștere explozivă,ro
Anima,Anima,ro
Anima Amblemi,Emblema Anima,ro
Anima Commander,Comandatul Anima,ro
Anima Emblem,Emblema Anima,ro
Anima Komutanı,Comandatul Anima,ro
Anima-Emblem,Emblema Anima,ro
Anima-Kommandant,Comandatul Anima,ro
Animale da festa,Petrecăreț,ro
Animalia,Anima,ro
Anı Yaşa,Îmbrâncire,ro
Apariencia Espiritual,Înfățișarea sufletului,ro
Aposta em Ouro,Pariu de aur,ro
Apoteotická kovárna,Forjă apoteotică,ro
Apotheotic Forge,Forjă apoteotică,ro
Appel du chaos,Chemarea haosului,ro
Aprendizados Iniciais,Învățături timpurii,ro
Aprendizaje inicial,Învățături timpurii,ro
Aprire un passaggio,Creează o cale,ro
Apró cimborák,Prieteni micuți,ro
Apró titánok,Mici titani,ro
Apuesta Dorada,Pariu de aur,ro
Apuesta dorada,Pariu de aur,ro
Apunta a las Estrellas,Țintește spre stele,ro
Apunta a las estrellas,Țintește spre stele,ro
Aradığını Bul,Hai odată,ro
Arakla,Jaf,ro
Araldo di Zeke,Solul lui Zeke,ro
Aranyjátszma,Pariu de aur,ro
Arauto Desolador de Zeke,Solul dezolant al lui Zeke,ro
Arauto de Zeke,Solul lui Zeke,ro
Arbiter,Mediator,ro
Arbiter Emblem,Emblema mediatorilor,ro
Arbitro,Mediator,ro
Arbitrzy,Mediator,ro
Arc courbe,Arc încovoiat,ro
Arcane Vidor Viktor,Viktor-ie ocultă,ro
Arcane Viktor-y,Viktor-ie ocultă,ro
Arcane ビクタリー,Viktor-ie ocultă,ro
Arcane-Viktor-y,Viktor-ie ocultă,ro
Arcaniquement Viktor-ieux,Viktor-ie ocultă,ro
Archandělova hůl,Toiagul arhanghelului,ro
Archangel's Staff,Toiagul arhanghelului,ro
Archi da supporto,Arcuri de rezervă,ro
Archibugio a ripetizione,Tun-mitralieră,ro
Arco Recurvado,Arc încovoiat,ro
Arco Recurvo,Arc încovoiat,ro
Arco curvo,Arc încovoiat,ro
Arco ricurvo,Arc încovoiat,ro
Arcos Reserva,Arcuri de rezervă,ro
Arcos de Repuesto,Arcuri de rezervă,ro
Arcos de refuerzo,Arcuri de rezervă,ro
Arcs à gogo,Arcuri de rezervă,ro
Argento vivo,Argint viu,ro
Argogranchio,Crabul,ro
Arka Sıra Savunması,Schiță pentru linia din spate,ro
Arkangyal pálcája,Toiagul arhanghelului,ro
Arma un Amigo,Construiește-ți un prieten,ro
Armado máximo,Build maxim,ro
Armadura Improvisada,Armură improvizată,ro
Armadura Pétrea,Platoșa garguiului,ro
Armadura de Warmog,Armura lui Warmog,ro
Armadura de trama,Protecție universală,ro
Armadura improvisada,Armură improvizată,ro
Armaguarda da Caçadora,Brățara căutătorului,ro
Armatura di Warmog,Armura lui Warmog,ro
Armatura improvvisata,Armură improvizată,ro
Armschutz des Suchenden,Brățara căutătorului,ro
Armure de Warmog,Armura lui Warmog,ro
Armure improvisée,Armură improvizată,ro
Armure roncière,Vestă de mărăcini,ro
Armurier,Meșter de săbii,ro
Aronguejo,Crabul,ro
Artefacts à la rescousse,Făurit prin putere,ro
Artesanía Creativa,Forja reîncărcărilor,ro
Artiglio del drago,Gheara dragonului,ro
Artiglio del predatore,Gheara prădătorului,ro
Arındırıcı,Salvator,ro
Asalto de Componentes,Jaful componentelor,ro
Ascender de Posición,Creștere în clasament,ro
Ascension,Ascensiune,ro
Ascension partielle,Iluminare parțială,ro
Ascension sociale,Ascensiune socială,ro
Ascensione,Ascensiune,ro
Ascensione parziale,Iluminare parțială,ro
Ascensión,Ascensiune,ro
Ascensión parcial,Iluminare parțială,ro
Ascenso,Ascensiune,ro
Ascenso social,Ascensiune socială,ro
Ascensão,Ascensiune,ro
Ascensão Parcial,Iluminare parțială,ro
Asesinato Doble Veloz,Dublu asasinat rapid,ro
Asesinato doble veloz,Dublu asasinat rapid,ro
Asesino a Sueldo,Ucigaș plătit,ro
Asesino a sueldo,Ucigaș plătit,ro
Aspoň k něčemu,Tot sunt buni la ceva,ro
Assassinato Indiscriminado,Ucigaș fără discriminare,ro
Assinatura de Luxo,Abonament de lux,ro
Astral,Lumina stelelor,ro
Astro-groove,Distracție în spațiu,ro
Astromante,Lumina stelelor,ro
Astronomo,Lumina stelelor,ro
At What Cost,Dar cu ce preț,ro
Atalho à Vitória,Victorie neașteptată,ro
Atirador de Elite,Lunetist,ro
Atributo elegido,Alege caracteristica,ro
Attente récompensée,Merită așteptarea,ro
Attribut wählen,Alege caracteristica,ro
Atualização Épica,Reîncărcări epice,ro
Atılgan,Competitor,ro
Atılgan Amblemi,Emblema competitorilor,ro
Atılgan Modu,Modul de competitor,ro
Au bout du rouleau,Sfârșitul rațiunii,ro
Aube de Haut-Lac-d'Argent,Răsăritul din Silvermere,ro
Auf lange Sicht,Pariu pe viitor,ro
Aufschwung,Forțe proaspete,ro
Aufstellung,Aliniere,ro
Aufstieg,Ascensiune,ro
Auftragsmörder,Ucigaș plătit,ro
Aufwärtsmobilität,Ascensiune socială,ro
Augmented Power,Putere augmentată,ro
Augmentierte Macht,Putere augmentată,ro
Augmentovaná síla,Putere augmentată,ro
Aulas de Boxe,Lecții de box,ro
Aumento di livello in solitaria,Creștere solo în nivel,ro
Aumento di livello!,Nivelul următor!,ro
Aura Ahri,Aura lui Ahri,ro
Aura Farming,Farmarea aurei,ro
Aura d'Ahri,Aura lui Ahri,ro
Aura de Ahri,Aura lui Ahri,ro
Aura di Ahri,Aura lui Ahri,ro
Aura-farmen,Farmarea aurei,ro
Aurafarmolás,Farmarea aurei,ro
Aurelion Sol,Aurelion Sol,ro
Aurelion Sol áldása,Favorul lui Aurelion Sol,ro
Aurelion Sol's Boon,Favorul lui Aurelion Sol,ro
Aurelion Sol'ün Lütfu,Favorul lui Aurelion Sol,ro
Aurelion Sols Segen,Favorul lui Aurelion Sol,ro
Aurelion Solův dar,Favorul lui Aurelion Sol,ro
Auronúcleo,Miezul zorilor,ro
Aurora,Aurora,ro
Avanguardia,Apărător,ro
Avaricia,Goana după bani,ro
Aventura Exaltada,O aventură triumfătoare,ro
Avidité,Goana după bani,ro
Avènement des deux,De două ori mai câștigați,ro
Awans,Ascensiune socială,ro
Awansujesz!,Nivelul următor!,ro
Az Alkony égisze,Scutul amurgului,ro
Az Oltalmazó esküje,Jurământul protectorului,ro
Az adottságfa,Copacul caracteristicilor,ro
Az adottságok könyve,Tomul caracteristicilor,ro
Az aranysárkány,Dragonul auriu,ro
Az aranytojás,Oul de aur,ro
Az erő itala,Suc Cappa,ro
Az igazság ökle,Mâna justiției,ro
Az iron solarik medálja,Blazonul solarilor de fier,ro
Az istenek kohója,Forjă apoteotică,ro
Az Üresség botja,Sceptrul Vidului,ro
Az éj kardja,Taina întunericului,ro
Az óriás öve,Cureaua uriașului,ro
Azami Dizilim,Build maxim,ro
Azzardo di Urf,Pariul lui Urf,ro
Aço Áureo,Oțel aurit,ro
Aşırı Büyük Sopa,Toiag uriaș,ro
B.F. Sword,Sabia forței brute,ro
B.F. 대검,Sabia forței brute,ro
B.F.ソード,Sabia forței brute,ro
"BEZ ZWIADU, BEZ ZMIAN","FĂRĂ ANALIZĂ, FĂRĂ SCHIMBĂRI",ro
BF Glaive,Sabia forței brute,ro
BRAK AKTYWNOŚCI,Plecat de la tastatură,ro
Bac de recyclage,Coș de recuperare,ro
Backline Blueprint,Schiță pentru linia din spate,ro
Backup Bows,Arcuri de rezervă,ro
Bagarreur,Bătăuș,ro
Baguette trop grosse,Toiag uriaș,ro
Baguettes à gogo,Incantație continuă,ro
Bahne dir den Weg,Creează o cale,ro
Bajkeverő,Bătăuș,ro
Bajkeverő embléma,Emblema bătăușilor,ro
Bajkeverők,Inadaptați,ro
Bajo el mismo foco de Yasuo,Yasuo: Împarte centrul atenției,ro
Baluardo,Baricadă,ro
Baluarte,Baricadă,ro
Bam!,Zdrang!,ro
Banc de Pandore,Banca Pandorei,ro
Banca de Pandora,Banca Pandorei,ro
Band of Thieves,Bandă de tâlhari,ro
Band of Thieves II,Bandă de tâlhari II,ro
Banda Złodziejaszków,Bandă de tâlhari,ro
Banda Złodziejaszków II,Bandă de tâlhari II,ro
Banda de Ladrones,Bandă de tâlhari,ro
Banda de Ladrones II,Bandă de tâlhari II,ro
Banda di ladri,Bandă de tâlhari,ro
Banda di ladri II,Bandă de tâlhari II,ro
Bande de voleurs,Bandă de tâlhari,ro
Bande de voleurs II,Bandă de tâlhari II,ro
Bandito,Rebel,ro
Bando de Ladrões,Bandă de tâlhari,ro
Bando de Ladrões II,Bandă de tâlhari II,ro
Banquillo de Pandora,Banca Pandorei,ro
Bard,Bard,ro
Bardo,Bard,ro
Barkácsolt barkácsolás,Forja reîncărcărilor,ro
Baron verme,Bârlogul Baronului,ro
Baron's Lair,Bârlogul Baronului,ro
Baron'un İni,Bârlogul Baronului,ro
Baronovo doupě,Bârlogul Baronului,ro
Bastion,Bastion,ro
Bastion Emblem,Emblema bastionului,ro
Bastion-Emblem,Emblema bastionului,ro
Bastione,Bastion,ro
Bastião,Bastion,ro
Bastión,Bastion,ro
Bastone colossale,Toiag uriaș,ro
Bastone del Vuoto,Sceptrul Vidului,ro
Bastão Desnecessariamente Grande,Toiag uriaș,ro
Bastón del Vacío,Sceptrul Vidului,ro
Bastón del arcángel,Toiagul arhanghelului,ro
Bastón del serafín,Sceptrul serafimului,ro
Baue einen Begleiter,Construiește-ți un prieten,ro
Baue einen Begleiter,Construiește un însoțitor,ro
Başmelek Asası,Toiagul arhanghelului,ro
Bašta,Bastion,ro
Becsapódás,Îmbrâncire,ro
Beklemeye Değer,Merită așteptarea,ro
Beklenen Beklenmezlik,Surpriză nesurprinzătoare,ro
Bel'Veth,Bel'Veth,ro
Belt Overflow,Curele fără număr,ro
Ben Tek Siz Hepiniz,Creștere solo în nivel,ro
Bendecido por los Dioses,Binecuvântat de zei,ro
Bendición de Ahri,Favorul lui Ahri,ro
Bendición de Aurelion Sol,Favorul lui Aurelion Sol,ro
Bendición de Ekko,Favorul lui Ekko,ro
Bendición de Evelynn,Favorul lui Evelynn,ro
Bendición de Kayle,Favorul lui Kayle,ro
Bendición de Resurrección,Favorul resurecției,ro
Bendición de Soraka,Favorul Sorakăi,ro
Bendición de Thresh,Favorul lui Thresh,ro
Bendición de Varus,Favorul lui Varus,ro
Bendición de Yasuo,Favorul lui Yasuo,ro
Bendición de la chatarra,Favorul duelistului,ro
Bendición del Chatarrero,Favorul duelistului,ro
Bendito por los dioses,Binecuvântat de zei,ro
Benedetto dagli dei,Binecuvântat de zei,ro
Benlik Aynası,Personalitate în oglindă,ro
Berechneter Verlust,Pierdere calculată,ro
Berger,Păstor,ro
Besace d'Urf,Punguța lui Urf,ro
Besace héroïque,Punguță eroică,ro
Best Friends,Cei mai buni prieteni,ro
Beste Freunde,Cei mai buni prieteni,ro
Bestia fiestera,Petrecăreț,ro
Betervezett veszteség,Pierdere calculată,ro
Bevásárló körút,La cumpărături,ro
Bezwzględny Zabójca,Ucigaș fără discriminare,ro
Big Grab Bag,Punguță mare,ro
Biglietto prismatico,Bilet prismatic,ro
Bileşen Eşya Soygunu,Jaful componentelor,ro
Bilhete Prismático,Bilet prismatic,ro
Bilişsel Patlama,Supraîncărcare cognitivă,ro
Bilişsel Vergi,Taxe cognitive,ro
Billete prismático,Bilet prismatic,ro
Bindende Verpflichtung,Angajament solid,ro
Biomassebewahrer,Conservare de biomaterial,ro
Biomassza-megőrző,Conservare de biomaterial,ro
Biomatter Preserver,Conservare de biomaterial,ro
Bir Yol Çiz,Creează o cale,ro
Bir İki Üç,"Unu, doi, trei",ro
"Bir, İki, Beş!","Unu, doi, cinci!",ro
Birikim Hesabı,Cont de economii,ro
Birlikten Kuvvet Doğar,Unire în luptă,ro
Birliğin Gücü,Rămânem împreună,ro
Birthday Present,Cadou aniversar,ro
Birthday Reunion,Reuniune aniversară,ro
Biyomalzeme Koruyucusu,Conservare de biomaterial,ro
Biztos győzelem,Victorie neașteptată,ro
Blason de Zeke,Solul lui Zeke,ro
Blason des Lightshield,Blazonul Lightshield,ro
Blason lugubre de Zeke,Solul dezolant al lui Zeke,ro
Blasón de Escudo de luz,Blazonul Lightshield,ro
Blauer Buff,Buff-ul albastru,ro
Blaupause für die hintere Reihe,Schiță pentru linia din spate,ro
Blighting Jewel,Giuvaier blestemat,ro
Blikavé čepele,Tăișuri sclipitoare,ro
Blitzcrank,Blitzcrank,ro
Bliźniaczy Strażnicy,Gardienii gemeni,ro
Blood Offering,Ofrandă de sânge,ro
Blood Price,Prețul sângelui,ro
Bloodthirster,Sabia sângeroasă,ro
Blue Buff,Buff-ul albastru,ro
Blutdürster,Sabia sângeroasă,ro
Blutopfer,Ofrandă de sânge,ro
Blutzoll,Prețul sângelui,ro
Bluźnierczy Bożek,Idol interzis,ro
Bodyguard Training,Antrenamentul gărzii de corp,ro
Bogini Broni,Zeița armelor,ro
Bokormellény,Vestă de mărăcini,ro
Boks Dersi,Lecții de box,ro
Bokszkesztyű,Mănuși de antrenament,ro
Bokszlecke,Lecții de box,ro
Boleto Prismático,Bilet prismatic,ro
Bollwerk,Baricadă,ro
Bolsa de Objetos,Punguță cu obiecte surpriză,ro
Bolsa de Sorpresas Heroica,Punguță eroică,ro
Bolsa de Sorpresas Pequeña,Punguță mică,ro
Bolsa de Sorpresas de Urf,Punguța lui Urf,ro
Bolsa de Sorpresas grande,Punguță mare,ro
Bolsa sorpresa de Urf,Punguța lui Urf,ro
Bolsa sorpresa de objetos,Punguță cu obiecte surpriză,ro
Bolsa sorpresa grande,Punguță mare,ro
Bolsa sorpresa heroica,Punguță eroică,ro
Bolsa sorpresa pequeña,Punguță mică,ro
Bombardıman Topu,Tun-mitralieră,ro
Boneco de Treinamento,Manechin de antrenament,ro
Bonecos de Impacto,Manechine animate,ro
Bonk!,Zdrang!,ro
Bonk !,Zdrang!,ro
Boon of Resurrection,Favorul resurecției,ro
Boon of the Scrapper,Favorul duelistului,ro
Boong!,Zdrang!,ro
Booster,Pachet de amplificare,ro
Booster Pack,Pachet de amplificare,ro
Booster-Packung,Pachet de amplificare,ro
Boostery,Pachet de amplificare,ro
Borsa degli oggetti,Punguță cu obiecte surpriză,ro
Borsa di Urf,Punguța lui Urf,ro
Borsa eroica,Punguță eroică,ro
Borsa grande,Punguță mare,ro
Borsa piccola,Punguță mică,ro
Boscy Pojedynkowicze,Duelist divin,ro
Boshafte Monetarisierung,Monetizare ostilă,ro
Boska Kuźnia,Forjă apoteotică,ro
Bote de Segunda Mano,Coș de recuperare,ro
Botkovács,Meșter de toiege,ro
Bouclier du Tacticien,Scutul tacticianului,ro
Boxeador Profesional,Învingătorii iau totul,ro
Boxing Lessons,Lecții de box,ro
Boxunterricht,Lecții de box,ro
Boyut Önemli,Mărimea contează,ro
Božská pistolnice,Zeița armelor,ro
Božský duelista,Duelist divin,ro
Bramble Vest,Vestă de mărăcini,ro
Branching Out,Ramificare,ro
Bratpfanne,Tigaia de aur,ro
Brawler,Bătăuș,ro
Brawler Emblem,Emblema bătăușilor,ro
Brazalete de la buscadora,Brățara căutătorului,ro
Briar,Briar,ro
Brise-temps,Frângător al timpului,ro
Bronce de por Vida,Bronz pentru totdeauna,ro
Bronce de por vida,Bronz pentru totdeauna,ro
Bronz mindörökké II.,Bronz pentru totdeauna,ro
Bronz nad zlato,Bronz pentru totdeauna,ro
Bronzdan Şaşma,Bronz pentru totdeauna,ro
Bronze For Life,Bronz pentru totdeauna,ro
Bronze pour la vie,Bronz pentru totdeauna,ro
Bronze é Vida,Bronz pentru totdeauna,ro
Bronzo per la vita,Bronz pentru totdeauna,ro
Brylantowa Rękawica,Mănușa cu nestemate,ro
Brylantowy Lotos,Lotus cu nestemate,ro
Bu Taç Ağır,Povara coroanei,ro
Bueno para Algo,Tot sunt buni la ceva,ro
Buff bleu,Buff-ul albastru,ro
Buff blu,Buff-ul albastru,ro
Buff rosso,Buff-ul roșu,ro
Buff rouge,Buff-ul roșu,ro
Buffs à gogo,"Un buff, două buff-uri",ro
Build a Bud,Construiește-ți un prieten,ro
Bulwark,Baricadă,ro
Burattino d'ombra,Păpușa din umbră,ro
Burguesía,Născut înțelept,ro
Buried Treasure,Comori îngropate,ro
Buried Treasures,Comori îngropate,ro
Bustina,Pachet de amplificare,ro
Butin aléatoire,"Unu, doi, cinci!",ro
Butin funéraire,Tot sunt buni la ceva,ro
Butin varié,Hai odată,ro
Bušení,Îmbrâncire,ro
Bài Học Sơ Khai,Învățături timpurii,ro
Bàn Tay Công Lý,Mâna justiției,ro
Báculo del Arcángel,Toiagul arhanghelului,ro
Báculo del Serafín,Sceptrul serafimului,ro
Báculo del Vacío,Sceptrul Vidului,ro
Bán Thăng Hoa,Iluminare parțială,ro
Báo Oán,Pedeapsă,ro
Bástya,Baricadă,ro
Bâton angélique,Sceptrul serafimului,ro
Bâton de l'archange,Toiagul arhanghelului,ro
Bâton du vide,Sceptrul Vidului,ro
Bão Tố Luden,Furtuna lui Luden,ro
Bão Vàng,Muson de bani,ro
Béni des dieux,Binecuvântat de zei,ro
Bénédiction d'Ahri,Favorul lui Ahri,ro
Bénédiction d'Aurelion Sol,Favorul lui Aurelion Sol,ro
Bénédiction d'Ekko,Favorul lui Ekko,ro
Bénédiction d'Evelynn,Favorul lui Evelynn,ro
Bénédiction de Kayle,Favorul lui Kayle,ro
Bénédiction de Soraka,Favorul Sorakăi,ro
Bénédiction de Thresh,Favorul lui Thresh,ro
Bénédiction de Varus,Favorul lui Varus,ro
Bénédiction de Yasuo,Favorul lui Yasuo,ro
Bénédiction de résurrection,Favorul resurecției,ro
Bénédiction du Ferrailleur,Favorul duelistului,ro
Bérgyilkos,Ucigaș plătit,ro
Bête de scène,Petrecăreț,ro
Bóng Phân Thân,Păpușa din umbră,ro
Bùa Thăng Hoa,Talismanul ascensiunii,ro
Bùa Xanh,Buff-ul albastru,ro
Bùa Đỏ,Buff-ul roșu,ro
Büyük Dönüş,Povestea revenirii,ro
Büyük Patlama,Big Bang,ro
Büyük Çekiliş,Punguță mare,ro
Büyülü Zarlar,Aruncare magică,ro
Băng Trộm,Bandă de tâlhari,ro
Băng Trộm II,Bandă de tâlhari II,ro
Běž do toho,Hai odată,ro
Błogosławieni,Binecuvântat de zei,ro
Błogosławieństwo Rozrabiaki,Favorul duelistului,ro
Błogosławiona Przygoda,O aventură triumfătoare,ro
Bước Đột Phá,Succes critic,ro
Bạn Thân,Cei mai buni prieteni,ro
Bảo Hộ Vô Tận,Protecția infinitului,ro
Bảo Tồn Sinh Chất,Conservare de biomaterial,ro
Bất Khuất,Neînduplecare,ro
Bắn Tỉa,Lunetist,ro
Bộ Ba Hoàn Hảo,Triplu avantaj,ro
Bừa Bộn,Minte aglomerată,ro
Caccia al tesoro,Vânătoare de comori,ro
Cacciatore galattico,Vânător galactic,ro
Cadeau d'anniversaire,Cadou aniversar,ro
Caitlyn,Caitlyn,ro
Cajado de Serafim,Sceptrul serafimului,ro
Cajado do Arcanjo,Toiagul arhanghelului,ro
Cajado do Vazio,Sceptrul Vidului,ro
Calculated Loss,Pierdere calculată,ro
Calibrador de Sterak,Gheara lui Sterak,ro
Calice de puissance,Pocalul puterii,ro
Calice del potere,Pocalul puterii,ro
Call to Chaos,Chemarea haosului,ro
Cambiazo épico,Reîncărcări epice,ro
Cambio epico,Reîncărcări epice,ro
Cambio eterno,Reîncărcări la grămadă,ro
Caminho da Guerra,Calea războiului,ro
Can Dostları,Cei mai buni prieteni,ro
Can Trường,Bastion,ro
Canaglia radiosa,Poznaș radiant,ro
Canalisateur,Intermediar,ro
Canalizador,Intermediar,ro
Cangrejo Escurridizo,Crabul,ro
Canhão Fumegante,Tun-mitralieră,ro
Canhão de Vidro,"Puternic, dar fragil",ro
Cannone di cristallo,"Puternic, dar fragil",ro
Canon de verre,"Puternic, dar fragil",ro
Canon ultrarapide,Tun-mitralieră,ro
Capa Mercurial,Argint viu,ro
Capa Negatron,Mantie Negatron,ro
Capa de Estratega,Mantia tacticianului,ro
Capa de Fogo Solar,Mantie solară,ro
Capa de Fuego Solar,Mantie solară,ro
Capa de Negatrones,Mantie Negatron,ro
Capa de estratega,Mantia tacticianului,ro
Capa de fuego solar,Mantie solară,ro
Capa do Estrategista,Mantia tacticianului,ro
Capa negatrón,Mantie Negatron,ro
Cape du Tacticien,Mantia tacticianului,ro
Cape solaire,Mantie solară,ro
Cappa Juice,Suc Cappa,ro
Cappa-Trank,Suc Cappa,ro
Cappelli più letali,Pălării mai letale,ro
Caprichitos,Gustări dulci,ro
Capuz da Morte de Rabadon,Pălăria malefică a lui Rabadon,ro
Capuzes Mais Mortais,Pălării mai letale,ro
Carapateur,Crabul,ro
Carapescado,Bubuilă,ro
Care Package,Pachet de îngrijire,ro
Caretaker's Ally,Aliatul îngrijitorului,ro
Carga Elétrica,Încărcare electrică,ro
Carve a Path,Creează o cale,ro
Casa Dourada do Yasuo,Hexagonul auriu al lui Yasuo,ro
Casque adaptatif,Coif cameleonic,ro
Castigo,Pedeapsă,ro
Catastrofista,Apocaliptic,ro
Cazador galáctico,Vânător galactic,ro
Cazagalaxias,Vânător galactic,ro
Cazatesoros,Vânătoare de comori,ro
Caça ao Tesouro,Vânătoare de comori,ro
Caçador de Galáxia,Vânător galactic,ro
Cañón de Cristal,"Puternic, dar fragil",ro
Cañón de Fuego Rápido,Tun-mitralieră,ro
Cañón de fuego rápido,Tun-mitralieră,ro
Całun Bezruchu,Vălul nemișcării,ro
Cecchino,Lunetist,ro
Cehennem Ateşi Baltası,Secure din focul iadului,ro
Ceinture du géant,Cureaua uriașului,ro
Cena Krwi,Prețul sângelui,ro
Cena pro vítěze,Învingătorii iau totul,ro
Cengâver Onuru,Onoarea războinicului,ro
Cenny Wojownik,Învingătorii iau totul,ro
Cenná posila,"Unde-s 2 stele, puterea crește",ro
Centelha Iônica,Scânteie ionică,ro
Centre d'excellence,Găsește-ți centrul de putere,ro
Cetro Vampírico Corrompido,Sceptru vampiric corupt,ro
Cetro Vampírico Corrupto,Sceptru vampiric corupt,ro
Cetro vampírico corrupto,Sceptru vampiric corupt,ro
Chain Vest,Vestă de zale,ro
Chaleco de cadenas,Vestă de zale,ro
Chaleco de zarzas,Vestă de mărăcini,ro
Chalice of Power,Pocalul puterii,ro
Challenger,Competitor,ro
Challenger Emblem,Emblema competitorilor,ro
Challenger Mode,Modul de competitor,ro
Chamado ao Caos,Chemarea haosului,ro
Champion en kit,Construiește-ți un prieten,ro
Chaotischer Geist,Minte aglomerată,ro
Chapardage,Jaf,ro
Charge Transfer,Transfer de încărcare,ro
Charge cognitive,Taxe cognitive,ro
Chasse au trésor,Vânătoare de comori,ro
Chasseur galactique,Vânător galactic,ro
Chciwość,Goana după bani,ro
Che il Quattro sia con te,Patru de partea ta,ro
Chispa Iónica,Scânteie ionică,ro
Chispa iónica,Scânteie ionică,ro
Chiêm Tinh,Lumina stelelor,ro
Chiến Lũy,Baricadă,ro
Chiến Tướng Khải Hoàn,Onoarea războinicului,ro
Chmaták,Escroc,ro
Cho'Gath,Cho'Gath,ro
Choisissez un type,Alege caracteristica,ro
Choose Trait,Alege caracteristica,ro
"Chora, me liga",Cod roșu de lacrimi,ro
Choristes,Prieteni micuți,ro
Chrličův kamenný plát,Platoșa garguiului,ro
Chuyển Đổi Năng Lượng,Transfer de încărcare,ro
Chuyện Đời Thường,Felie de viață,ro
Chuộc Tội,Salvator,ro
Chytrý nákup,Buget înțelept,ro
Chùy Bạch Ngân,Răsăritul din Silvermere,ro
Chùy Đoản Côn,Buzduganul înaintașului,ro
Chảo Vàng,Tigaia de aur,ro
Chất Bán Dẫn,Semiconductor,ro
Chế Tạo Bằng Hữu,Creează un prieten,ro
Chế Tạo Tại Chỗ,Fierar neobosit,ro
Chế Độ Dẫn Truyền,Modul de intermediar,ro
Chế Độ Nhân Bản,Modul de replicator,ro
Chế Độ Thách Đấu,Modul de competitor,ro
Chỉ Huy,Comandant,ro
Chỉ Huy Siêu Thú,Comandatul Anima,ro
Chỉ Một Con Đường,Angajament solid,ro
Chọn Tộc/Hệ,Alege caracteristica,ro
Chờ Đợi Xứng Đáng,Merită așteptarea,ro
Cierpliwa Nauka,Studiu diligent,ro
Cierpliwość Ekko,Răbdarea lui Ekko,ro
Cierpliwość Jest Cnotą,Răbdarea e o virtute,ro
Cimientos de Línea Frontal,Baza avangardei,ro
Cimientos de la vanguardia,Baza avangardei,ro
Cinto do Gigante,Cureaua uriașului,ro
Cintura del gigante,Cureaua uriașului,ro
Cinturón XL,Curele fără număr,ro
Cinturón de Gigante,Cureaua uriașului,ro
Cinturón de gigante,Cureaua uriașului,ro
Clases de boxeo,Lecții de box,ro
Clear Mind,Minte limpede,ro
Cleptomanie,Reducere fulger,ro
Climb The Ladder,Creștere în clasament,ro
Clockwork Accelerator,Accelerator mecanic,ro
Clone des ombres,Păpușa din umbră,ro
Cluttered Mind,Minte aglomerată,ro
Cnota Męczennika,Virtutea martirului,ro
Cocina de Estratega,Bucătăria tacticianului,ro
Cocina de estratega,Bucătăria tacticianului,ro
Coda in duo,Listă duo,ro
Cognitive Overload,Supraîncărcare cognitivă,ro
Cognitive Tax,Taxe cognitive,ro
Coiffe de Rabadon,Pălăria malefică a lui Rabadon,ro
Coiffes mortelles,Pălării mai letale,ro
Coincidenze perse,Legături ratate,ro
Cola Dúo,Listă duo,ro
Cola dúo,Listă duo,ro
Coleguis del curro,Team Building,ro
Coleguitas,Prieteni micuți,ro
Colete Espinhoso,Vestă de mărăcini,ro
Colher de Prata,Născut înțelept,ro
Collegamento cibernetico,Conexiune cibernetică,ro
Colpire e basta,Hai odată,ro
Comandante,Comandant,ro
Comandante Anima,Comandatul Anima,ro
Comandante Animalia,Comandatul Anima,ro
Comandante Ánima,Comandatul Anima,ro
Combattente,Bătăuș,ro
Combo Estelar,Combinație stelară,ro
Combo estelar,Combinație stelară,ro
Combo stellaire,Combinație stelară,ro
Combo stellare,Combinație stelară,ro
Comeback Story,Povestea revenirii,ro
Comienzo aventajado,Pornire rapidă,ro
Commandant d'Anima,Comandatul Anima,ro
Commandante,Comandant,ro
Commander,Comandant,ro
Commerce Core,Comerț de bază,ro
Comparte los Reflectores con Yasuo,Yasuo: Împarte centrul atenției,ro
Component Heist,Jaful componentelor,ro
Composants de guerre,Jaful componentelor,ro
Composição Máxima,Build maxim,ro
Compras compulsivas,La cumpărături,ro
Compromiso férreo,Angajament solid,ro
Compromisso Sério,Angajament solid,ro
Compte épargne,Cont de economii,ro
Concentration lointaine,Focalizarea orizontului,ro
Concentrazione dell'orizzonte,Focalizarea orizontului,ro
Condenador,Apocaliptic,ro
Conducto,Intermediar,ro
Conduit,Intermediar,ro
Conduit Mode,Modul de intermediar,ro
Conduíte,Intermediar,ro
Conexiones fallidas,Legături ratate,ro
Conexión cibernética,Conexiune cibernetică,ro
Conexión de dron,Conexiune cu drona,ro
Conexión perdida,Legături ratate,ro
Conexão Cibernética,Conexiune cibernetică,ro
Conexão de Drone,Conexiune cu drona,ro
Conexões Perdidas,Legături ratate,ro
Configuración maximizada,Build maxim,ro
Configurazione massima,Build maxim,ro
Confusão Mental,Minte aglomerată,ro
Conjuración continua,Incantație continuă,ro
Conjuração Contínua,Incantație continuă,ro
Conjuros Continuos,Incantație continuă,ro
Connivence,Creștere în clasament,ro
Conservateur de biomatière,Conservare de biomaterial,ro
Conservatore di biomateria,Conservare de biomaterial,ro
Construct a Companion,Construiește un însoțitor,ro
Construye tu Compi,Construiește un însoțitor,ro
Construção de Companheiro,Construiește un însoțitor,ro
Consumo Consciente,Buget înțelept,ro
Conta Poupança,Cont de economii,ro
Contendiente,Competitor,ro
Contenedor de chatarra,Coș de recuperare,ro
Continuous Conjuration,Incantație continuă,ro
Conto dei risparmi,Cont de economii,ro
Contract Killer,Ucigaș plătit,ro
Convogliatore,Intermediar,ro
Copricapo di Rabadon,Pălăria malefică a lui Rabadon,ro
Corazza singola,Platoșă unică,ro
Corazza spirituale,Înfățișarea sufletului,ro
Corazón de Acero,Inimă de oțel,ro
Corazón de acero,Inimă de oțel,ro
Corazón del alba,Miezul zorilor,ro
Corazón resuelto,Iubire nezdruncinată,ro
Coração Inabalável,Iubire nezdruncinată,ro
Coração de Aço,Inimă de oțel,ro
Corki,Corki,ro
Coroa do Amaldiçoado,Coroana blestemată,ro
Coroa do Estrategista,Coroana tacticianului,ro
Corona Maldita,Coroana blestemată,ro
Corona de Estratega,Coroana tacticianului,ro
Corona de estratega,Coroana tacticianului,ro
Corona dello Stratega,Coroana tacticianului,ro
Corona maldita,Coroana blestemată,ro
Corona maledetta,Coroana blestemată,ro
Corona reale,Crownguard,ro
Corpetto di rovi,Vestă de mărăcini,ro
Corriente de Lágrimas,Lacrimi curgătoare,ro
Corrosion,Coroziune,ro
Corrosione,Coroziune,ro
Corrosión,Coroziune,ro
Corrosão,Coroziune,ro
Corrupt Vampiric Scepter,Sceptru vampiric corupt,ro
Cosmic Restart,Repornire cosmică,ro
Costruisci un Compagno,Construiește un însoțitor,ro
Cota de Malha,Vestă de zale,ro
Cota de Malla,Vestă de zale,ro
Cotidiano,Felie de viață,ro
Cotta di maglia,Vestă de zale,ro
Cotte de mailles,Vestă de zale,ro
Coup d'envoi,Pornire rapidă,ro
Coup de chance,Personalizare exclusivă,ro
Couronne de la reine,Crownguard,ro
Couronne du Tacticien,Coroana tacticianului,ro
Couronne maudite,Coroana blestemată,ro
Cours de soutien,În echipă,ro
Covil do Barão,Bârlogul Baronului,ro
Cozinha do Estrategista,Bucătăria tacticianului,ro
Crafted Crafting,Forja reîncărcărilor,ro
Crash Test Dummies,Manechine animate,ro
Crash Test Dummy,Manechine animate,ro
Crash-Test-Dummies,Manechine animate,ro
Crea un coleguita,Construiește un însoțitor,ro
Creazione artigianale,Forja reîncărcărilor,ro
Crecimiento Explosivo,Creștere explozivă,ro
Crecimiento explosivo,Creștere explozivă,ro
Crescendo aléatoire,Felie de viață,ro
Crescimento Explosivo,Creștere explozivă,ro
Crescita a fine partita,Creștere pe final de joc,ro
Crescita esplosiva,Creștere explozivă,ro
Cresta de Escudo de Luz,Blazonul Lightshield,ro
Criação Engenhosa,Forja reîncărcărilor,ro
Critical Success,Succes critic,ro
Croissance explosive,Creștere explozivă,ro
Crownguard,Crownguard,ro
Cry Me A River,Cod roșu de lacrimi,ro
Csak jó valamire I.,Tot sunt buni la ceva,ro
Csapatkeresés,În echipă,ro
Csapatépítés,Felie de viață,ro
Csapatépítés,Team Building,ro
Csekélyebb Perszónatükör,Personalitate în oglindă minoră,ro
Csereszektor,Sectorul comercial,ro
Csillagfényes kombó,Combinație stelară,ro
Csillagnéző,Lumina stelelor,ro
Csillagnéző embléma,Emblema luminii stelelor,ro
Csillámpikkely-esszencia,Solzi sclipitori,ro
Cua Kỳ Cục,Crabul,ro
Cuatrifuerzos,"Unde-s 2 stele, puterea crește",ro
Cuatro Refuerzos,"Unde-s 2 stele, puterea crește",ro
Cucchiaio d'argento,Născut înțelept,ro
Cuchara de plata,Născut înțelept,ro
Cuchilla Maldita,Sabia blestemată,ro
Cuchillas Raudas,Tăișuri sclipitoare,ro
Cucina dello Stratega,Bucătăria tacticianului,ro
Cud Soraki,Miracolul Sorakăi,ro
Cuenta con mi arco,Ia arcul meu,ro
Cuenta de Ahorros,Cont de economii,ro
Cuenta de ahorros,Cont de economii,ro
Cuisine du Tacticien,Bucătăria tacticianului,ro
Cung Dự Phòng,Arcuri de rezervă,ro
Cung Gỗ,Arc încovoiat,ro
Cung Xanh,Ultima șoaptă,ro
Cuor saldo,Iubire nezdruncinată,ro
Cuore d'acciaio,Inimă de oțel,ro
Cursed Blade,Sabia blestemată,ro
Cursed Crown,Coroana blestemată,ro
Cuồng Đao Guinsoo,Spada furiei lui Guinsoo,ro
Cuộc Phiêu Lưu Tôn Quý,O aventură triumfătoare,ro
Cuộc Viễn Chinh,Expediție,ro
Cvičná loutka,Manechin de antrenament,ro
Cybernetic Implants,Implanturi cibernetice,ro
Cybernetic Uplink,Conexiune cibernetică,ro
Cycle épique,Epocă,ro
Czerwone Wzmocnienie,Buff-ul roșu,ro
Czysty Umysł,Minte limpede,ro
Częściowe Wyniesienie,Iluminare parțială,ro
Cái Giá Phải Trả,Dar cu ce preț,ro
Cálice do Poder,Pocalul puterii,ro
Cáliz de Poder,Pocalul puterii,ro
Cáliz de poder,Pocalul puterii,ro
Câlin collectif,Îmbrățișare de grup,ro
Cây Cung Thần Tốc,Ia arcul meu,ro
Cây Tộc Hệ,Copacul caracteristicilor,ro
Céfiro,Zefir,ro
Célbefogó optika,Optică de fixare a țintei,ro
Célébrité partagée de Yasuo,Yasuo: Împarte centrul atenției,ro
Cıva,Argint viu,ro
Cœur d'acier,Inimă de oțel,ro
Cœur de l'aube,Miezul zorilor,ro
Cœur intrépide,Iubire nezdruncinată,ro
Cơn Khát Vàng,Goana după bani,ro
Cảm Quan Cấy Ghép,Implant empatic,ro
Cảm Thấy May Mắn,Te simți norocos,ro
Cấy Ghép Siêu Công Nghệ,Implanturi cibernetice,ro
Cầu Hồi Phục,Sfere vindecătoare,ro
Cắm Rễ Phân Tán,Rădăcini răspândite,ro
Cặp Đôi Siêu Cứng,Tancuri la xerox,ro
Cố Gắng Lật Kèo,Povestea revenirii,ro
Cốc Sức Mạnh,Pocalul puterii,ro
Cộng Mệt Nghỉ!,Sute de atribute!,ro
Cờ Lệnh Zeke U Ám,Solul dezolant al lui Zeke,ro
Củng Cố Tuyến Trước,Baza avangardei,ro
C位的觉悟,Găsește-ți centrul de putere,ro
C位觉悟,Găsește-ți centrul de putere,ro
DD街区,Sectorul comercial,ro
Daga de Statikk,Cuțit electrostatic,ro
Daimi Yükseliş,Ascensiune socială,ro
Dallan Budaklan,Ramificare,ro
Dama Oscura,Doamna întunecată,ro
Dama das Trevas,Doamna întunecată,ro
Dama oscura,Doamna întunecată,ro
Dame sombre,Doamna întunecată,ro
Dao Điện Statikk,Cuțit electrostatic,ro
Dar Ahri,Favorul lui Ahri,ro
Dar Aureliona Sola,Favorul lui Aurelion Sol,ro
Dar Ekko,Favorul lui Ekko,ro
Dar Evelynn,Favorul lui Evelynn,ro
Dar Kayle,Favorul lui Kayle,ro
Dar Soraki,Favorul Sorakăi,ro
Dar Thresha,Favorul lui Thresh,ro
Dar Varusa,Favorul lui Varus,ro
Dar Yasuo,Favorul lui Yasuo,ro
Dar vzkříšení,Favorul resurecției,ro
Dark Lady,Doamna întunecată,ro
Dark Star,Stea întunecată,ro
Dark Star Emblem,Emblema stelelor întunecate,ro
Das Warten wert,Merită așteptarea,ro
Das geht ab,Pe val,ro
Das goldene Ei,Oul de aur,ro
Dawncore,Miezul zorilor,ro
Dayanıklı Ön Sıra,Baza avangardei,ro
Daño indiscriminado,Ucigaș fără discriminare,ro
De fiesta,Îmbrâncire,ro
De gratis,Reducere fulger,ro
De milyen áron?,Dar cu ce preț,ro
Dea delle Armi,Zeița armelor,ro
Deadlier Blades,Săbii mai letale,ro
Deadlier Caps,Pălării mai letale,ro
Deathblade,Sabia morții,ro
Demasiado Valor,De două ori mai câștigați,ro
Demir Solari'nin Broşu,Blazonul solarilor de fier,ro
Denge Örtüsü,Văl uniform,ro
Dent de Nashor,Dintele lui Nashor,ro
Dente de Na'Shor,Dintele lui Nashor,ro
Dente di Nashor,Dintele lui Nashor,ro
Der Attributsbaum,Copacul caracteristicilor,ro
Der Turm,Turnul,ro
Der Unbeugsame,Neînduplecare,ro
Der Urknall,Big Bang,ro
Der Wille des Hammers,Voința buzduganului,ro
Der goldene Drache,Dragonul auriu,ro
Der mächtige Mecha,Robotul Mecha impunător,ro
Dernier souffle,Ultima șoaptă,ro
Derrota Planejada,Pierdere calculată,ro
Desafiante,Competitor,ro
Desajustados,Inadaptați,ro
Descarga Eléctrica,Încărcare electrică,ro
Desejo da Maça,Voința buzduganului,ro
Desesperación Eterna,Disperare nemărginită,ro
Desesperanza eterna,Disperare nemărginită,ro
Desespero Eterno,Disperare nemărginită,ro
Desmanche,Coș de recuperare,ro
Despertar da Alma,Trezirea sufletului,ro
Despertar del Alma,Trezirea sufletului,ro
Despertar del alma,Trezirea sufletului,ro
Destansı Yenileme,Reîncărcări epice,ro
Deszcz Pieniędzy,Muson de bani,ro
Determinacja Kolosa,Voința titanului,ro
Determinazione del titano,Voința titanului,ro
Determinação Titânica,Voința titanului,ro
Deux de moins,Dublu asasinat rapid,ro
Dev Katili,Vânătorul de uriași,ro
Dev Kemeri,Cureaua uriașului,ro
Devasa ve Güçlü,Mare și amenințătoare,ro
Değişken Miğfer,Coif cameleonic,ro
Di Vật Tàn Úa,Relicva ofilită,ro
Diana,Diana,ro
Die Legion der Drei,Legiunea de trei,ro
Diebesbande,Bandă de tâlhari,ro
Diebesbande II,Bandă de tâlhari II,ro
Diente de Nashor,Dintele lui Nashor,ro
Dikenli Yelek,Vestă de mărăcini,ro
Dinerito para el almuerzo,Bani de buzunar,ro
Dinero del almuerzo,Bani de buzunar,ro
Diosa de las Pistolas,Zeița armelor,ro
Diosa de las pistolas,Zeița armelor,ro
Dirilme Lütfu,Favorul resurecției,ro
Disperazione eterna,Disperare nemărginită,ro
Disruptor temporal,Frângător al timpului,ro
Distribuição de Efeitos,"Un buff, două buff-uri",ro
Divinamente Abençoado,Binecuvântat de zei,ro
Divine Duelist,Duelist divin,ro
Dizilim,Aliniere,ro
Diệt Khổng Lồ,Vânătorul de uriași,ro
Dlouhodobá investice,Pariu pe viitor,ro
Doble Tanque,Tancuri la xerox,ro
Dobra Passa,Pe val,ro
Doces Deleites,Gustări dulci,ro
Dokuma Büyü,Magie întrepătrunsă,ro
Dolci,Gustări dulci,ro
Don du gardien,Aliatul îngrijitorului,ro
Dono dell'aggiustatutto,Favorul duelistului,ro
Dono della resurrezione,Favorul resurecției,ro
Dono di Ahri,Favorul lui Ahri,ro
Dono di Aurelion Sol,Favorul lui Aurelion Sol,ro
Dono di Ekko,Favorul lui Ekko,ro
Dono di Evelynn,Favorul lui Evelynn,ro
Dono di Kayle,Favorul lui Kayle,ro
Dono di Soraka,Favorul Sorakăi,ro
Dono di Thresh,Favorul lui Thresh,ro
Dono di Varus,Favorul lui Varus,ro
Dono di Yasuo,Favorul lui Yasuo,ro
Doomer,Apocaliptic,ro
Doppia resistenza,Tancuri la xerox,ro
Doppia uccisione rapida,Dublu asasinat rapid,ro
Dornenweste,Vestă de mărăcini,ro
Double Kill Veloz,Dublu asasinat rapid,ro
Dowódca Anima,Comandatul Anima,ro
Dowódcy,Comandant,ro
Doğum Günü Buluşması,Reuniune aniversară,ro
Doğum Günü Hediyesi,Cadou aniversar,ro
Drachenklaue,Gheara dragonului,ro
Dragon's Claw,Gheara dragonului,ro
Dragão Dourado,Dragonul auriu,ro
Dračí spár,Gheara dragonului,ro
Dreifaltigkeit,Triplu avantaj,ro
Drobní titáni,Mici titani,ro
"Drobní, ale vražední",Mici și letale,ro
Drohnenverbindung,Conexiune cu drona,ro
Dron Bağlantısı,Conexiune cu drona,ro
Drone Uplink,Conexiune cu drona,ro
Drone cablato,Conexiune cu drona,ro
Dronová linka,Conexiune cu drona,ro
Drugi Oddech,Forțe proaspete,ro
Druhý dech,Forțe proaspete,ro
Drzewo Cech,Copacul caracteristicilor,ro
Drágaköves kesztyű,Mănușa cu nestemate,ro
Drágaköves lótusz II.,Lotus cu nestemate,ro
Drónkapcsolat,Conexiune cu drona,ro
Držíme pospolu,Rămânem împreună,ro
Du Mục,Păstor,ro
Du hast meinen Bogen,Ia arcul meu,ro
Duch Odkupienia,Spiritul izbăvirii,ro
Duch odplaty,Spiritul izbăvirii,ro
Due volte il valore,De două ori mai câștigați,ro
Duelista Divino,Duelist divin,ro
Duelista divino,Duelist divin,ro
Duellante divino,Duelist divin,ro
Duelliste divine,Duelist divin,ro
Dulces Golosinas,Gustări dulci,ro
Dummify,Manechinizare,ro
Dunkle Dame,Doamna întunecată,ro
Duo Queue,Listă duo,ro
Duo-Warteschlange,Listă duo,ro
Dupla érték,De două ori mai câștigați,ro
Duplication,Build maxim,ro
Duplán szívós,Tancuri la xerox,ro
Durch Stärke geschmiedet,Făurit prin putere,ro
Durmadan Yenile,Reîncărcări la grămadă,ro
Dusze Towarzystwa,Petrecăreț,ro
Duża Torba z Różnościami,Punguță mare,ro
Dádiva da Ahri,Favorul lui Ahri,ro
Dádiva da Evelynn,Favorul lui Evelynn,ro
Dádiva da Kayle,Favorul lui Kayle,ro
Dádiva da Ressurreição,Favorul resurecției,ro
Dádiva da Soraka,Favorul Sorakăi,ro
Dádiva do Aurelion Sol,Favorul lui Aurelion Sol,ro
Dádiva do Brigão,Favorul duelistului,ro
Dádiva do Ekko,Favorul lui Ekko,ro
Dádiva do Thresh,Favorul lui Thresh,ro
Dádiva do Varus,Favorul lui Varus,ro
Dádiva do Yasuo,Favorul lui Yasuo,ro
Dárek k narozeninám,Cadou aniversar,ro
Dárková taška s předměty,Punguță cu obiecte surpriză,ro
Dárkový balíček,Pachet de îngrijire,ro
Dây Chuyền Iron Solari,Blazonul solarilor de fier,ro
Dây Chuyền Tự Lực,Medalion stimulant,ro
Dämmerkern,Miezul zorilor,ro
Dämmerung von Silbersee,Răsăritul din Silvermere,ro
Déesse des flingues,Zeița armelor,ro
Défaite planifiée,Pierdere calculată,ro
Dépense réfléchie,Buget înțelept,ro
Dés légèrement magiques,Reîncărcare relativ magică,ro
Dés magiques,Aruncare magică,ro
Désespoir,Apocaliptic,ro
Désespoir infini,Disperare nemărginită,ro
Détermination du titan,Voința titanului,ro
Díszes acél,Oțel aurit,ro
Dòng Tiền Mờ Ám,Monetizare ostilă,ro
Döntőbíró,Mediator,ro
Döntőbíró embléma,Emblema mediatorilor,ro
Dört Dörtlük,"Unde-s 2 stele, puterea crește",ro
Dört Seninle Olsun,Patru de partea ta,ro
Dövüşçü,Bătăuș,ro
Dövüşçü Amblemi,Emblema bătăușilor,ro
Dúo de tanques,Tancuri la xerox,ro
Dümenci,Escroc,ro
Dẫn Truyền,Intermediar,ro
Dị Vật Tai Ương,Idol interzis,ro
Dịch Vụ Gói Đăng Ký,Abonament,ro
D个痛快！,Reîncărcări la grămadă,ro
Early Learnings,Învățături timpurii,ro
Ebedi Anlaşma,Pact etern,ro
Ebedi Koruma,Protecția infinitului,ro
Ebedi Kılıç,Sabia infinitului,ro
Ebédpénz,Bani de buzunar,ro
Eccesso di bacchette,Toiege fără număr,ro
Eccesso di cinture,Curele fără număr,ro
Eccesso di spade,Săbii fără număr,ro
Echi curativi,Ecouri tămăduitoare,ro
Ecos Reparadores,Ecouri tămăduitoare,ro
Ecos Restauradores,Ecouri tămăduitoare,ro
Ecos curativos,Ecouri tămăduitoare,ro
Edge of Night,Taina întunericului,ro
Efectos Secundarios,Efecte secundare,ro
Efectos secundarios,Efecte secundare,ro
Efeito Azul,Buff-ul albastru,ro
Efeito Vermelho,Buff-ul roșu,ro
Efeitos Colaterais,Efecte secundare,ro
Efekty Uboczne,Efecte secundare,ro
Effets secondaires,Efecte secundare,ro
Effetti collaterali,Efecte secundare,ro
Egida Zmierzchu,Scutul amurgului,ro
Egida del Crepuscolo,Scutul amurgului,ro
Egida dell'Aurora,Scutul zorilor,ro
Egida Świtu,Scutul zorilor,ro
"Egy erősítés, két erősítés","Un buff, două buff-uri",ro
"Egy, kettő, három","Unu, doi, trei",ro
"Egy, kettő, öt!","Unu, doi, cinci!",ro
Egyenlepel,Văl uniform,ro
Egységben az erő,Unire în luptă,ro
Egyujjas kesztyű,Mănuși strașnice,ro
Egyéni vért,Platoșă unică,ro
Ehre des Kriegsfürsten,Onoarea războinicului,ro
"Ein Buff, zwei Buff","Un buff, două buff-uri",ro
Ein Teil des Lebens,Felie de viață,ro
Ein erhabenes Abenteuer,O aventură triumfătoare,ro
Ein magischer Wurf,Aruncare magică,ro
Eindringling Zed,Invadatorul Zed,ro
Einfach treffen,Hai odată,ro
Einkaufsbummel,La cumpărături,ro
"Einmal Bronze, immer Bronze",Bronz pentru totdeauna,ro
"Eins, zwei, drei","Unu, doi, trei",ro
"Eins, zwei, fünf!","Unu, doi, cinci!",ro
Eiserne Güter,Tare ca fierul,ro
Ejder Pençesi,Gheara dragonului,ro
Ekip Çalışması,Team Building,ro
Ekko türelme,Răbdarea lui Ekko,ro
Ekko áldása,Favorul lui Ekko,ro
Ekko'nun Lütfu,Favorul lui Ekko,ro
Ekko'nun Sabrı,Răbdarea lui Ekko,ro
Ekko's Boon,Favorul lui Ekko,ro
Ekko's Patience,Răbdarea lui Ekko,ro
Ekkos Geduld,Răbdarea lui Ekko,ro
Ekkos Segen,Favorul lui Ekko,ro
Ekkova trpělivost,Răbdarea lui Ekko,ro
Ekkův dar,Favorul lui Ekko,ro
Ekmek Parası İşte,Bani de buzunar,ro
Ekskluzywna Personalizacja,Personalizare exclusivă,ro
Ekspedycja,Expediție,ro
El Big Bang,Big Bang,ro
El Dragón Dorado,Dragonul auriu,ro
El Dragón dorado,Dragonul auriu,ro
El Emeği Göz Nuru,Forja reîncărcărilor,ro
El Huevo Dorado,Oul de aur,ro
El Indomable,Neînduplecare,ro
El Mega Mecha,Robotul Mecha impunător,ro
El Tamaño Importa,Mărimea contează,ro
El centro de todo,Găsește-ți centrul de putere,ro
El huevo dorado,Oul de aur,ro
El peso de la corona,Povara coroanei,ro
El tamaño importa,Mărimea contează,ro
El Árbol de Rasgos,Copacul caracteristicilor,ro
El árbol de los atributos,Copacul caracteristicilor,ro
Elastyczność,Flexibilitate,ro
Electrocarga,Încărcare electrică,ro
Electrocharge,Încărcare electrică,ro
Elektrický výboj,Încărcare electrică,ro
Elektroladung,Încărcare electrică,ro
Elektromos töltés,Încărcare electrică,ro
Elektroşarj,Încărcare electrică,ro
Elettrocarica,Încărcare electrică,ro
Elige el rasgo,Alege caracteristica,ro
Eliminator,Eradicare,ro
Elkötelezett,Investiție,ro
Elköteleződés,Angajament solid,ro
Elmo Adaptativo,Coif cameleonic,ro
Elmo adattivo,Coif cameleonic,ro
Eltemetett kincsek,Comori îngropate,ro
Elátkozott korona,Coroana blestemată,ro
Elátkozott penge,Sabia blestemată,ro
Előfizetési szolgáltatás,Abonament,ro
Előleg,Împrumut avansat,ro
Előrelátás,Plan de viitor,ro
Em Busca do Centro,Găsește-ți centrul de putere,ro
Embalos no Espaço,Distracție în spațiu,ro
Emblem Anima,Emblema Anima,ro
Emblem Arbiter,Emblema mediatorilor,ro
Emblem Bastion,Emblema bastionului,ro
Emblem Brawler,Emblema bătăușilor,ro
Emblem Challenger,Emblema competitorilor,ro
Emblem Dark Star,Emblema stelelor întunecate,ro
Emblem Marauder,Emblema briganzilor,ro
Emblem Meeple,Emblema Meeple,ro
Emblem N.O.V.A.,Emblema N.O.V.A.,ro
Emblem Primordian,Emblema primordienilor,ro
Emblem Psionic,Emblema psionică,ro
Emblem Rogue,Emblema rebelilor,ro
Emblem Shepherd,Emblema păstorilor,ro
Emblem Sniper,Emblema lunetiștilor,ro
Emblem Space Groove,Emblema distracției în spațiu,ro
Emblem Stargazer,Emblema luminii stelelor,ro
Emblem Timebreaker,Emblema frângătorilor timpului,ro
Emblem Vanguard,Emblema apărătorilor,ro
Emblem Voyager,Emblema călătorilor,ro
Emblema Animalia,Emblema Anima,ro
Emblema Psionico,Emblema psionică,ro
Emblema Stella Oscura,Emblema stelelor întunecate,ro
Emblema de Anima,Emblema Anima,ro
Emblema de Astromante,Emblema luminii stelelor,ro
Emblema de Atirador de Elite,Emblema lunetiștilor,ro
Emblema de Bastião,Emblema bastionului,ro
Emblema de Bastión,Emblema bastionului,ro
Emblema de Desafiante,Emblema competitorilor,ro
Emblema de Embalos no Espaço,Emblema distracției în spațiu,ro
Emblema de Estrela Negra,Emblema stelelor întunecate,ro
Emblema de Estrella Oscura,Emblema stelelor întunecate,ro
Emblema de Francotiradores,Emblema lunetiștilor,ro
Emblema de Furtivo,Emblema rebelilor,ro
Emblema de Ladino,Emblema rebelilor,ro
Emblema de Lutador,Emblema bătăușilor,ro
Emblema de Meeple,Emblema Meeple,ro
Emblema de Meeplo,Emblema Meeple,ro
Emblema de Merodeador,Emblema briganzilor,ro
Emblema de Mipo,Emblema Meeple,ro
Emblema de N.O.V.A.,Emblema N.O.V.A.,ro
Emblema de Onda Espacial,Emblema distracției în spațiu,ro
Emblema de Pastor,Emblema păstorilor,ro
Emblema de Peleadores,Emblema bătăușilor,ro
Emblema de Primordiano,Emblema primordienilor,ro
Emblema de Primordianos,Emblema primordienilor,ro
Emblema de Psiónico,Emblema psionică,ro
Emblema de Psiônico,Emblema psionică,ro
Emblema de Rasga-tempo,Emblema frângătorilor timpului,ro
Emblema de Retadores,Emblema competitorilor,ro
Emblema de Rompetiempo,Emblema frângătorilor timpului,ro
Emblema de Saqueador,Emblema briganzilor,ro
Emblema de Sentencia,Emblema mediatorilor,ro
Emblema de Vanguarda,Emblema apărătorilor,ro
Emblema de Vanguardia,Emblema apărătorilor,ro
Emblema de Viajante,Emblema călătorilor,ro
Emblema de Viajero,Emblema călătorilor,ro
Emblema de astral,Emblema luminii stelelor,ro
Emblema de bastión,Emblema bastionului,ro
Emblema de contendiente,Emblema competitorilor,ro
Emblema de disruptor temporal,Emblema frângătorilor timpului,ro
Emblema de estrella oscura,Emblema stelelor întunecate,ro
Emblema de francotirador,Emblema lunetiștilor,ro
Emblema de la ascensión,Talismanul ascensiunii,ro
Emblema de luchador,Emblema bătăușilor,ro
Emblema de onda espacial,Emblema distracției în spațiu,ro
Emblema de pastor,Emblema păstorilor,ro
Emblema de primordiano,Emblema primordienilor,ro
Emblema de psiónico,Emblema psionică,ro
Emblema de pícaro,Emblema rebelilor,ro
Emblema de sentenciador,Emblema mediatorilor,ro
Emblema de vanguardia,Emblema apărătorilor,ro
Emblema de viajante,Emblema călătorilor,ro
Emblema de yelmo sombrío,Emblema briganzilor,ro
Emblema de Árbitro,Emblema mediatorilor,ro
Emblema de ánima,Emblema Anima,ro
Emblema del Bandito,Emblema rebelilor,ro
Emblema del Bastione,Emblema bastionului,ro
Emblema del Cecchino,Emblema lunetiștilor,ro
Emblema del Combattente,Emblema bătăușilor,ro
Emblema del Pastore,Emblema păstorilor,ro
Emblema del Predone,Emblema briganzilor,ro
Emblema del Primordiano,Emblema primordienilor,ro
Emblema del Ritmo Spaziale,Emblema distracției în spațiu,ro
Emblema del Viaggiatore,Emblema călătorilor,ro
Emblema dell'Amico dei Mippi,Emblema Meeple,ro
Emblema dell'Arbitro,Emblema mediatorilor,ro
Emblema dell'Astronomo,Emblema luminii stelelor,ro
Emblema dell'Avanguardia,Emblema apărătorilor,ro
Emblema dello Sfidante,Emblema competitorilor,ro
Emblema dello Spezzatempo,Emblema frângătorilor timpului,ro
Emblemat Anima,Emblema Anima,ro
Emblemat Arbitra,Emblema mediatorilor,ro
Emblemat Bastionu,Emblema bastionului,ro
Emblemat Kosmofazy,Emblema distracției în spațiu,ro
Emblemat Marudera,Emblema briganzilor,ro
Emblemat Meepla,Emblema Meeple,ro
Emblemat Mrocznej Gwiazdy,Emblema stelelor întunecate,ro
Emblemat N.O.V.A.,Emblema N.O.V.A.,ro
Emblemat Obrońcy,Emblema apărătorilor,ro
Emblemat Obserwatora Gwiazd,Emblema luminii stelelor,ro
Emblemat Osiłka,Emblema bătăușilor,ro
Emblemat Pasterza,Emblema păstorilor,ro
Emblemat Podróżnika,Emblema călătorilor,ro
Emblemat Pretendenta,Emblema competitorilor,ro
Emblemat Primordianina,Emblema primordienilor,ro
Emblemat Psionika,Emblema psionică,ro
Emblemat Snajpera,Emblema lunetiștilor,ro
Emblemat Zbira,Emblema rebelilor,ro
Emblemat Łamacza Czasu,Emblema frângătorilor timpului,ro
Emblème d'Astro-groove,Emblema distracției în spațiu,ro
Emblème d'Initiateur,Emblema apărătorilor,ro
Emblème de Bagarreur,Emblema bătăușilor,ro
Emblème de Bastion,Emblema bastionului,ro
Emblème de Berger,Emblema păstorilor,ro
Emblème de Brise-temps,Emblema frângătorilor timpului,ro
Emblème de Challenger,Emblema competitorilor,ro
Emblème de Juge stellaire,Emblema mediatorilor,ro
Emblème de Maraudeur,Emblema briganzilor,ro
Emblème de Meeple,Emblema Meeple,ro
Emblème de N.O.V.A.,Emblema N.O.V.A.,ro
Emblème de Primordien,Emblema primordienilor,ro
Emblème de Psionique,Emblema psionică,ro
Emblème de Pulsar sombre,Emblema stelelor întunecate,ro
Emblème de Rebelle,Emblema rebelilor,ro
Emblème de Sniper,Emblema lunetiștilor,ro
Emblème de Visionnaire,Emblema luminii stelelor,ro
Emblème de Voyageur,Emblema călătorilor,ro
Emblème de la Section Anima,Emblema Anima,ro
Emblém Animy,Emblema Anima,ro
Emblém Bašty,Emblema bastionului,ro
Emblém Hvězdopravce,Emblema luminii stelelor,ro
Emblém Miplíka,Emblema Meeple,ro
Emblém N.O.V.A.,Emblema N.O.V.A.,ro
Emblém Ničitele času,Emblema frângătorilor timpului,ro
Emblém Odpadlíka,Emblema rebelilor,ro
Emblém Odstřelovače,Emblema lunetiștilor,ro
Emblém Pastýře,Emblema păstorilor,ro
Emblém Poutníka,Emblema călătorilor,ro
Emblém Prapůvodního,Emblema primordienilor,ro
Emblém Psionika,Emblema psionică,ro
Emblém Předvoje,Emblema apărătorilor,ro
Emblém Rváče,Emblema bătăușilor,ro
Emblém Soudce,Emblema mediatorilor,ro
Emblém Temné hvězdy,Emblema stelelor întunecate,ro
Emblém Vesmírného rytmu,Emblema distracției în spațiu,ro
Emblém Vyzyvatele,Emblema competitorilor,ro
Emblém Žoldnéře,Emblema briganzilor,ro
Emblématique,Flexibilitate,ro
Emblématiquement,Copacul caracteristicilor,ro
Empréstimo Avançado,Împrumut avansat,ro
Empurrão,Îmbrâncire,ro
En Minik Dev,Titan micuț,ro
En racha,Pe val,ro
Ende der Weisheit,Sfârșitul rațiunii,ro
Endgame-Experte,Specialistul sfârșitului jocului,ro
Endlose Verzweiflung,Disperare nemărginită,ro
Enfileirando,Aliniere,ro
Enfoque al Horizonte,Focalizarea orizontului,ro
Enlace Cibernético,Conexiune cibernetică,ro
Enlace de Dron,Conexiune cu drona,ro
Enracinement,Rădăcini răspândite,ro
Entre les PO et l'enclume,Tare ca fierul,ro
Entrenamiento de Guardaespaldas,Antrenamentul gărzii de corp,ro
Entschlossenheit des Titanen,Voința titanului,ro
Enyhén mágikus dobás,Reîncărcare relativ magică,ro
Epic Rolldown,Reîncărcări epice,ro
Epickie Przelosowanie,Reîncărcări epice,ro
Epický výlov,Reîncărcări epice,ro
Epische Ladung,Reîncărcări epice,ro
Epoca,Epocă,ro
Epoch,Epocă,ro
Epocha,Epocă,ro
Epoche,Epocă,ro
Epoka,Epocă,ro
Era,Epocă,ro
Eradicator,Eradicare,ro
Eradicatore,Eradicare,ro
Erb Lightshieldů,Blazonul Lightshield,ro
Erlöser,Salvator,ro
Erradicador,Eradicare,ro
Erwartetes Unerwartetes,Surpriză nesurprinzătoare,ro
Erweiterter Kredit,Împrumut avansat,ro
Erőben kovácsolva,Făurit prin putere,ro
Erőd,Bastion,ro
Erőd embléma,Emblema bastionului,ro
EsQUATRão,"Unde-s 2 stele, puterea crește",ro
Esagono dorato di Yasuo,Hexagonul auriu al lui Yasuo,ro
Esaltazione di Kayle,Exaltarea lui Kayle,ro
Esaltazione radiosa di Kayle,Exaltarea radiantă a lui Kayle,ro
Escalamento de Fim de Jogo,Creștere pe final de joc,ro
Escalando,Creștere în clasament,ro
Escalar la clasificación,Creștere în clasament,ro
Escolha a característica,Alege caracteristica,ro
Escudo de estratega,Scutul tacticianului,ro
Escudo del Estratega,Scutul tacticianului,ro
Escudo do Estrategista,Scutul tacticianului,ro
Escurridizo,Crabul,ro
Esence Mihotavců,Solzi sclipitori,ro
Esencia de Brilloescama,Solzi sclipitori,ro
Esencia de brilloescama,Solzi sclipitori,ro
Esencja Migoczącej Łuski,Solzi sclipitori,ro
Esfera del Amanecer,Miezul zorilor,ro
Esgrima de Yasuo,Arta atacului lui Yasuo,ro
Esnek,Flexibilitate,ro
Espada Desmedida,Săbii fără număr,ro
Espada G.p.C.,Sabia forței brute,ro
Espadafuria de Guinsoo,Spada furiei lui Guinsoo,ro
Espadas Más Letales,Săbii mai letale,ro
Espadón,Sabia forței brute,ro
Especialista em Fim de Jogo,Specialistul sfârșitului jocului,ro
Especialista en el juego tardío,Specialistul sfârșitului jocului,ro
Especialista en final de partida,Specialistul sfârșitului jocului,ro
Espera lo Inesperado,Surpriză nesurprinzătoare,ro
Espera lo inesperado,Surpriză nesurprinzătoare,ro
Esperando o Inesperado,Surpriză nesurprinzătoare,ro
Espinas,Bubuilă,ro
Esprit d'équipe,Team Building,ro
Esprit de la Rédemption,Spiritul izbăvirii,ro
Esprit encombré,Minte aglomerată,ro
Espátula,Spatulă,ro
Espírito de Redenção,Spiritul izbăvirii,ro
Espíritu Firme,Iubire nezdruncinată,ro
Espíritu de Redención,Spiritul izbăvirii,ro
Espíritu de la redención,Spiritul izbăvirii,ro
Espíritu libre,Inadaptați,ro
Essence des Luminécailles,Solzi sclipitori,ro
Essenz der Schimmerschuppen,Solzi sclipitori,ro
Essenza Scaglialucida,Solzi sclipitori,ro
Essência de Escamaluz,Solzi sclipitori,ro
Estafa,Escroc,ro
Estafador,Escroc,ro
Estratega diminuto,Titan micuț,ro
Estrela Negra,Stea întunecată,ro
Estrella Oscura,Stea întunecată,ro
Estrella oscura,Stea întunecată,ro
Estudio Paciente,Studiu diligent,ro
Estudio y paciencia,Studiu diligent,ro
Estudo Paciente,Studiu diligent,ro
Esuli,Exilați,ro
Eternal Pact,Pact etern,ro
Etwas magische Aktualisierung,Reîncărcare relativ magică,ro
Evelynn áldása,Favorul lui Evelynn,ro
Evelynn ösztöne,Instinctul lui Evelynn,ro
Evelynn'in Lütfu,Favorul lui Evelynn,ro
Evelynn'in İçgüdüsü,Instinctul lui Evelynn,ro
Evelynn's Boon,Favorul lui Evelynn,ro
Evelynn's Instinct,Instinctul lui Evelynn,ro
Evelynnin dar,Favorul lui Evelynn,ro
Evelynnin instinkt,Instinctul lui Evelynn,ro
Evelynns Instinkt,Instinctul lui Evelynn,ro
Evelynns Segen,Favorul lui Evelynn,ro
Evenshroud,Văl uniform,ro
Evocazione continua,Incantație continuă,ro
Evriştirici,Recombobulator,ro
Ewiger Pakt,Pact etern,ro
Exaltación Radiante de Kayle,Exaltarea radiantă a lui Kayle,ro
Exaltación de Kayle,Exaltarea lui Kayle,ro
Exaltación radiante de Kayle,Exaltarea radiantă a lui Kayle,ro
Exaltation de Kayle,Exaltarea lui Kayle,ro
Exaltation radieuse de Kayle,Exaltarea radiantă a lui Kayle,ro
Exaltação Radiante de Kayle,Exaltarea radiantă a lui Kayle,ro
Exaltação de Kayle,Exaltarea lui Kayle,ro
Exclusive Customization,Personalizare exclusivă,ro
Exilados,Exilați,ro
Exiles,Exilați,ro
Exiliados,Exilați,ro
Exilés,Exilați,ro
Exklusive Feinabstimmung,Personalizare exclusivă,ro
Exkluzivní úprava,Personalizare exclusivă,ro
Exkluzív testreszabás,Personalizare exclusivă,ro
Expected Unexpectedness,Surpriză nesurprinzătoare,ro
Expedice,Expediție,ro
Expedición,Expediție,ro
Expedition,Expediție,ro
Expedição,Expediție,ro
Expedíció,Expediție,ro
Explosive Growth,Creștere explozivă,ro
Explosives Wachstum,Creștere explozivă,ro
Expédition,Expediție,ro
Expérience à tout prix,Pariu pe viitor,ro
Extirpador,Eradicare,ro
Ezreal,Ezreal,ro
Ezüstkanál,Născut înțelept,ro
Ezüsttóvári hajnal,Răsăritul din Silvermere,ro
Eğreti Zırh,Armură improvizată,ro
Eşsiz Deneyim,Născut înțelept,ro
Eşya Çekilişi,Punguță cu obiecte surpriză,ro
Fabbricante di bastoni,Meșter de toiege,ro
Fabbricante di spade,Meșter de săbii,ro
Fabricant de baguettes,Meșter de toiege,ro
Fabricante de Bastões,Meșter de toiege,ro
Fabricante de Espadas,Meșter de săbii,ro
Fabricante de Varas,Meșter de toiege,ro
Fabrication en série,Reproducere,ro
Fabrikneu,Proaspăt fabricat,ro
Faca de Statikk,Cuțit electrostatic,ro
Factory New,Proaspăt fabricat,ro
Fajín de mercurio,Argint viu,ro
Fame di denaro,Goana după bani,ro
Fantocci da crash test,Manechine animate,ro
Fantoccificazione,Manechinizare,ro
Fantoccio di addestramento,Manechin de antrenament,ro
Fare squadra,În echipă,ro
Farmando Aura,Farmarea aurei,ro
Farmare l'aura,Farmarea aurei,ro
Farmení aury,Farmarea aurei,ro
Farmeo Áurico,Farmarea aurei,ro
Farmienie Aury,Farmarea aurei,ro
Fatalista,Apocaliptic,ro
Fateweaver,Țesător al destinului,ro
Fedakârlığın Erdemi,Virtutea martirului,ro
Fedezeti alap,Fond de investiții,ro
Feed the Flames,Întețește focul,ro
Feeling Lucky,Te simți norocos,ro
Felaket Mücevheri,Giuvaier blestemat,ro
Felemelkedés,Ascensiune,ro
Feleslegesen nagy pálca,Toiag uriaș,ro
Felfelé a ranglétrán I.,Creștere în clasament,ro
Felfelé irányuló mobilitás,Ascensiune socială,ro
Festa de Aniversário,Reuniune aniversară,ro
Feu concentré,Foc concentrat,ro
Fiera Fiestera,Petrecăreț,ro
Fila em Dupla,Listă duo,ro
Filo de la Muerte,Sabia morții,ro
Filo de la Noche,Taina întunericului,ro
Filo de la noche,Taina întunericului,ro
Filo del Infinito,Sabia infinitului,ro
Filo infinito,Sabia infinitului,ro
Filo mortal,Sabia morții,ro
Filofugaz,Tăișuri sclipitoare,ro
Fin de partie,Creștere pe final de joc,ro
Final del ingenio,Sfârșitul rațiunii,ro
Finanziamento,Împrumut avansat,ro
Find Your Center,Găsește-ți centrul de putere,ro
Finde deine Mitte,Găsește-ți centrul de putere,ro
Fine della notte,Taina întunericului,ro
Fiora,Fiora,ro
Firesale,Reducere fulger,ro
Fishbones,Bubuilă,ro
Fiumi di lacrime,Cod roșu de lacrimi,ro
Fiumi di lacrime,Lacrimi curgătoare,ro
Fizz,Fizz,ro
Flambant neuf,Proaspăt fabricat,ro
Flessibilità,Flexibilitate,ro
Flexibel,Flexibilitate,ro
Flexibilita,Flexibilitate,ro
Flexible,Flexibilitate,ro
Flexível,Flexibilitate,ro
Flickerblade,Tăișuri sclipitoare,ro
Flickerblades,Tăișuri sclipitoare,ro
Fließende Tränen,Lacrimi curgătoare,ro
Flimmerklingen,Tăișuri sclipitoare,ro
Flowing Tears,Lacrimi curgătoare,ro
Fluch des Lichs,Urgia de pe lume,ro
Fléau de liche,Urgia de pe lume,ro
Fléau vengeur,Buzduganul înaintașului,ro
Flügelstab,Sceptrul serafimului,ro
Foco do Horizonte,Focalizarea orizontului,ro
Focused Fire,Foc concentrat,ro
Fogo Concentrado,Foc concentrat,ro
Fokozott erő,Putere augmentată,ro
Fokussiertes Feuer,Foc concentrat,ro
Folyamatos idézés,Incantație continuă,ro
Fondamenta di prima linea,Baza avangardei,ro
Fondation de première ligne,Baza avangardei,ro
Fondo con intereses,Fond de investiții,ro
Fondo de inversión,Fond de investiții,ro
Fondo speculativo,Fond de investiții,ro
Forbidden Idol,Idol interzis,ro
Forge a Friend,Creează un prieten,ro
Forge divine,Forjă apoteotică,ro
Forge portative,Forjă portabilă,ro
Forge à retardement,Forjă latentă,ro
Forged in Strength,Făurit prin putere,ro
Forgeron ambulant,Fierar neobosit,ro
Forgia apoteotica,Forjă apoteotică,ro
Forgia incarnata,Fierar neobosit,ro
Forgia nascosta,Forjă latentă,ro
Forgia portatile,Forjă portabilă,ro
Forgia un amico,Creează un prieten,ro
Forgiato nella forza,Făurit prin putere,ro
Forja Apoteósica,Forjă apoteotică,ro
Forja Apoteótica,Forjă apoteotică,ro
Forja Latente,Forjă latentă,ro
Forja Portátil,Forjă portabilă,ro
Forja Viva,Fierar neobosit,ro
Forja Viviente,Fierar neobosit,ro
Forja apoteósica,Forjă apoteotică,ro
Forja de amigos,Creează un prieten,ro
Forja de espadas,Meșter de săbii,ro
Forja de varas,Meșter de toiege,ro
Forja forjada,Forja reîncărcărilor,ro
Forja latente,Forjă latentă,ro
Forja na Força,Făurit prin putere,ro
Forja portátil,Forjă portabilă,ro
Forja viviente,Fierar neobosit,ro
Forjado a la fuerza,Făurit prin putere,ro
Forjado en la Fortaleza,Făurit prin putere,ro
Forje uma Amizade,Creează un prieten,ro
Forma equipo,În echipă,ro
Formation de Garde du corps,Antrenamentul gărzii de corp,ro
Formazione,Aliniere,ro
Fortwährende Beschwörung,Incantație continuă,ro
Forward Thinking,Plan de viitor,ro
Fragmento de Vida,Felie de viață,ro
Frammento d'infinito,Sabia infinitului,ro
Francotirador,Lunetist,ro
Frigideira,Tigaia de aur,ro
Frontkämpfer,Apărător,ro
Frontkämpfer-Emblem,Emblema apărătorilor,ro
Frontline Foundation,Baza avangardei,ro
Frontlinien-Fundament,Baza avangardei,ro
Frying Pan,Tigaia de aur,ro
Frühe Erkenntnisse,Învățături timpurii,ro
Fuego Concentrado,Foc concentrat,ro
Fuego concentrado,Foc concentrat,ro
Fuerte pero frágil,"Puternic, dar fragil",ro
Fuerte y Enorme,Mare și amenințătoare,ro
Fuerzas renovadas,Forțe proaspete,ro
Fulcro del commercio,Comerț de bază,ro
Fundação da Linha de Frente,Baza avangardei,ro
Fundo de Garantia,Fond de investiții,ro
Fundusz Inwestycyjny,Fond de investiții,ro
Fuoco concentrato,Foc concentrat,ro
Fureur du kraken,Furia krakenului,ro
Furia Krakena,Furia krakenului,ro
Furia del Kraken,Furia krakenului,ro
Furia del kraken,Furia krakenului,ro
Furia di Guinsoo,Spada furiei lui Guinsoo,ro
Furtarello,Jaf,ro
Furtivo,Rebel,ro
Furto,Jaf,ro
Furto di componenti,Jaful componentelor,ro
Fäustlinge,Mănuși strașnice,ro
Félholt csapás,Urgia de pe lume,ro
Félvezető,Semiconductor,ro
Fényőrző címer,Blazonul Lightshield,ro
Fókusz,Intermediar,ro
Fókusz mód,Modul de intermediar,ro
Fúria do Cráquem,Furia krakenului,ro
Gabardina Sospechosa,Trenci suspect,ro
Gabardina sospechosa,Trenci suspect,ro
Gage de Sterak,Gheara lui Sterak,ro
Gagnant-gagnant,Studiu diligent,ro
Galaksi Avcısı,Vânător galactic,ro
Galaktický lovec,Vânător galactic,ro
Galaktischer Jäger,Vânător galactic,ro
Galaktyczni Łowcy,Vânător galactic,ro
Galaxisvadász,Vânător galactic,ro
Galaxy Hunter,Vânător galactic,ro
Gambit Urfa,Pariul lui Urf,ro
Gambit d'Urf,Pariul lui Urf,ro
Gambito de Urf,Pariul lui Urf,ro
Gantelet du Néant,Mănușa Vidului,ro
Gantelet précieux,Mănușa cu nestemate,ro
Gants d'entraînement,Mănuși de antrenament,ro
Gants de voleur,Mănușile tâlharului,ro
Gants porte-bonheur,Mănuși norocoase,ro
Gants à gogo,Succes critic,ro
Gardiens jumeaux,Gardienii gemeni,ro
Gargoyl Taşzırhı,Platoșa garguiului,ro
Gargoyle Stoneplate,Platoșa garguiului,ro
Garra de Dragón,Gheara dragonului,ro
Garra de dragón,Gheara dragonului,ro
Garra de merodeador,Gheara prădătorului,ro
Garra del Merodeador,Gheara prădătorului,ro
Garra do Dragão,Gheara dragonului,ro
Garra do Espreitador,Gheara prădătorului,ro
Gasto con cabeza,Buget înțelept,ro
Gauner,Escroc,ro
Gebieter,Mediator,ro
Gebieter-Emblem,Emblema mediatorilor,ro
Geburtstags-Wiedervereinigung,Reuniune aniversară,ro
Geburtstagsgeschenk,Cadou aniversar,ro
Gecenin Kıyısı,Taina întunericului,ro
Geduld ist eine Tugend,Răbdarea e o virtute,ro
Geeinter Halt,Unire în luptă,ro
Gefälligkeit des Schrotthändlers,Favorul duelistului,ro
Gegenstand-Wundertüte,Punguță cu obiecte surpriză,ro
Geist der Erlösung,Spiritul izbăvirii,ro
Geistessicht,Înfățișarea sufletului,ro
Geld fürs Mittagessen,Bani de buzunar,ro
Geldgierig,Goana după bani,ro
Geldmonsun,Muson de bani,ro
Gelişmiş Güç,Putere augmentată,ro
Gelungenes Comeback,Povestea revenirii,ro
Gespiegelte Persona,Personalitate în oglindă,ro
Giant Slayer,Vânătorul de uriași,ro
Giant and Mighty,Mare și amenințătoare,ro
Giant's Belt,Cureaua uriașului,ro
Gigante e Poderoso,Mare și amenințătoare,ro
Gigantes y fuertes,Mare și amenințătoare,ro
Gilded Steel,Oțel aurit,ro
Gioco di lama di Yasuo,Arta atacului lui Yasuo,ro
Gioiello della rovina,Giuvaier blestemat,ro
Gizemli Trençkot,Trenci suspect,ro
Giáp Lưới,Vestă de zale,ro
Giáp Máu Warmog,Armura lui Warmog,ro
Giáp Tay Seeker,Brățara căutătorului,ro
Giáp Tâm Linh,Înfățișarea sufletului,ro
Giáp Tự Chế,Armură improvizată,ro
Giáp Vai Nguyệt Thần,Văl uniform,ro
Giù come birilli,Pe val,ro
Giọt Lệ Bi Ai,Cod roșu de lacrimi,ro
Giữ Vững Hàng Ngũ,Rezistența din prima linie,ro
Glaives à gogo,Creează o cale,ro
Glaskanone,"Puternic, dar fragil",ro
Glass Cannon,"Puternic, dar fragil",ro
Glückshandschuhe,Mănuși norocoase,ro
Gnar,Gnar,ro
God-Blessed,Binecuvântat de zei,ro
Going Long,Pariu pe viitor,ro
Golden Gamble,Pariu de aur,ro
Goldenes Glücksspiel,Pariu de aur,ro
Golem,Golem,ro
Golpetazos,Îmbrâncire,ro
Good For Something,Tot sunt buni la ceva,ro
Gotowy Komplet,Build maxim,ro
Gottgesegnet,Binecuvântat de zei,ro
Grabież,Jaf,ro
Gracia de Ahri,Favorul lui Ahri,ro
Gracia de Aurelion Sol,Favorul lui Aurelion Sol,ro
Gracia de Ekko,Favorul lui Ekko,ro
Gracia de Evelynn,Favorul lui Evelynn,ro
Gracia de Kayle,Favorul lui Kayle,ro
Gracia de Soraka,Favorul Sorakăi,ro
Gracia de Thresh,Favorul lui Thresh,ro
Gracia de Varus,Favorul lui Varus,ro
Gracia de Yasuo,Favorul lui Yasuo,ro
Gracia de resurrección,Favorul resurecției,ro
Gragas,Gragas,ro
Gran Compromiso,Angajament solid,ro
Grandalhão,Mărimea contează,ro
Grande e possente,Mare și amenințătoare,ro
Grandeur et démesure,Mare și amenințătoare,ro
Graves,Graves,ro
Gredin,Escroc,ro
Griffe de dragon,Gheara dragonului,ro
Griffes du rôdeur,Gheara prădătorului,ro
Group Hug,Îmbrățișare de grup,ro
Groß und mächtig,Mare și amenințătoare,ro
Große Wundertüte,Punguță mare,ro
Groźniejsze Ostrza,Săbii mai letale,ro
Gruboskórność Steraka,Gheara lui Sterak,ro
Grup Kucaklaşması,Îmbrățișare de grup,ro
Grupowy Przytulas,Îmbrățișare de grup,ro
Gruppenumarmung,Îmbrățișare de grup,ro
Gräte,Bubuilă,ro
Größe ist alles,Mărimea contează,ro
Guantelete Deslumbrante,Mănușa cu nestemate,ro
Guantelete de Sterak,Gheara lui Sterak,ro
Guantelete del Vacío,Mănușa Vidului,ro
Guantelete enjoyado,Mănușa cu nestemate,ro
Guantes de Combate,Mănuși de antrenament,ro
Guantes de Ladrón,Mănușile tâlharului,ro
Guantes de combate,Mănuși de antrenament,ro
Guantes de la Suerte,Mănuși norocoase,ro
Guantes de la suerte,Mănuși norocoase,ro
Guantes de ladrón,Mănușile tâlharului,ro
Guanti del ladro,Mănușile tâlharului,ro
Guanti fortunati,Mănuși norocoase,ro
Guanto del Vuoto,Mănușa Vidului,ro
Guanto ingioiellato,Mănușa cu nestemate,ro
Guantoni,Mănuși de antrenament,ro
Guardabrazo del Buscador,Brățara căutătorului,ro
Guardia de la Corona,Crownguard,ro
Guardianes Gemelos,Gardienii gemeni,ro
Guardianes gemelos,Gardienii gemeni,ro
Guardiani gemelli,Gardienii gemeni,ro
Guardiões Gêmeos,Gardienii gemeni,ro
Guarida del Barón,Bârlogul Baronului,ro
Guinsoo dühpengéje,Spada furiei lui Guinsoo,ro
Guinsoo'nun Hiddeti,Spada furiei lui Guinsoo,ro
Guinsoo's Rageblade,Spada furiei lui Guinsoo,ro
Guinsoos Wutklinge,Spada furiei lui Guinsoo,ro
Guinsoova zuřivá čepel,Spada furiei lui Guinsoo,ro
Gume do Infinito,Sabia infinitului,ro
Gun Goddess,Zeița armelor,ro
Gwałtowny Wzrost,Creștere explozivă,ro
Gwen,Gwen,ro
Gwiezdna Kombinacja,Combinație stelară,ro
Gyakorlófigura,Manechin de antrenament,ro
Gyanús ballonkabát,Trenci suspect,ro
Gyors kettős gyilkosság,Dublu asasinat rapid,ro
Gyorstüzelő ágyú,Tun-mitralieră,ro
Gyári új,Proaspăt fabricat,ro
Gyógyító gömbök I.,Sfere vindecătoare,ro
Gói Bảo Hộ,Pachet de îngrijire,ro
Gói Tăng Cường,Pachet de amplificare,ro
Gói Đăng Ký Hạng Sang,Abonament de lux,ro
Gólem,Golem,ro
Gökten Yağan Altın,Muson de bani,ro
Gölge Kukla,Păpușa din umbră,ro
Gömülü Hazineler,Comori îngropate,ro
Göttlicher Duellant,Duelist divin,ro
Gözyaşları Sel,Cod roșu de lacrimi,ro
Gözü Yükseklerde,Pariu pe viitor,ro
Gümüşgöl Şafağı,Răsăritul din Silvermere,ro
Günateşi Pelerini,Mantie solară,ro
Günateşi Tahtası,Tabla solară,ro
Gürtel des Riesen,Cureaua uriașului,ro
Gürtel im Überfluss,Curele fără număr,ro
Gürzün Dileği,Voința buzduganului,ro
Güç Kadehi,Pocalul puterii,ro
Güçle İşlenmiş,Făurit prin putere,ro
Güçlü Ama Kırılgan,"Puternic, dar fragil",ro
Güçlü Arkadaşlık,Creează un prieten,ro
Güçlü Şapkalar,Pălării mai letale,ro
Găng Bảo Thạch,Mănușa cu nestemate,ro
Găng Hư Không,Mănușa Vidului,ro
Găng Đạo Tặc,Mănușile tâlharului,ro
Găng Đấu Sĩ,Mănuși strașnice,ro
Găng Đấu Tập,Mănuși de antrenament,ro
Gươm Biến Ảnh,Hanger fantomatic,ro
Gậy Quá Khổ,Toiag uriaș,ro
Hacha de Fuego Infernal,Secure din focul iadului,ro
Hacha infernal,Secure din focul iadului,ro
Hachette infernale,Secure din focul iadului,ro
Haciendo Amistades,Creează un prieten,ro
Hadiösvény,Calea războiului,ro
Hadúri dicsőség,Onoarea războinicului,ro
Hai il mio arco,Ia arcul meu,ro
Hajnalmag,Miezul zorilor,ro
Halbleiter,Semiconductor,ro
Halla tu Centro,Găsește-ți centrul de putere,ro
Halszálka,Bubuilă,ro
Halálosabb pengék,Săbii mai letale,ro
Halálosabb süvegek,Pălării mai letale,ro
Halálpenge,Sabia morții,ro
Hand Of Justice,Mâna justiției,ro
Hand der Gerechtigkeit,Mâna justiției,ro
Handelssektor,Sectorul comercial,ro
Handschuhe des Diebs,Mănușile tâlharului,ro
Hang Ổ Baron,Bârlogul Baronului,ro
Hard Commit,Angajament solid,ro
Hatalmas sorsolás,Reîncărcări epice,ro
Hatalmas és erős,Mare și amenințătoare,ro
Határtalan penge,Sabia infinitului,ro
Haute tension,Linie de înaltă tensiune,ro
Hayat Deneyimi,Studiu diligent,ro
Hayattan Bir Kesit,Felie de viață,ro
Hazine Avı,Vânătoare de comori,ro
Haşmetli Hydra,Hidra titanilor,ro
Haşmetli Macera,O aventură triumfătoare,ro
Healing Orbs,Sfere vindecătoare,ro
Heart of Steel,Inimă de oțel,ro
Heavy Is the Crown,Povara coroanei,ro
Hecho a medida,Personalizare exclusivă,ro
Hedef Kuklası,Manechin de antrenament,ro
Hedefe Kilitlenen Optik,Optică de fixare a țintei,ro
Hedge Fund,Fond de investiții,ro
Heilende Echos,Ecouri tămăduitoare,ro
Heilende Kugeln,Sfere vindecătoare,ro
Heldenhafte Wundertüte,Punguță eroică,ro
Hellfire Hatchet,Secure din focul iadului,ro
Hemos venido a jugar,Mutări riscante,ro
Heraldo de Zeke,Solul lui Zeke,ro
Heraldo de las Tinieblas de Zeke,Solul dezolant al lui Zeke,ro
Heraldo desolador de Zeke,Solul dezolant al lui Zeke,ro
Herausforderer,Competitor,ro
Herausforderer-Emblem,Emblema competitorilor,ro
Herausforderer-Modus,Modul de competitor,ro
Herb Dynastii Promiennej Tarczy,Blazonul Lightshield,ro
Herkesin Katili,Ucigaș fără discriminare,ro
Heroic Grab Bag,Punguță eroică,ro
Heroiczna Torba z Różnościami,Punguță eroică,ro
Herold Zeke'a,Solul lui Zeke,ro
Herz aus Stahl,Inimă de oțel,ro
Heul doch …,Cod roșu de lacrimi,ro
Hex Dorado de Yasuo,Hexagonul auriu al lui Yasuo,ro
Hexagone doré de Yasuo,Hexagonul auriu al lui Yasuo,ro
Hextech Gunblade,Pușcă cu baionetă hextech,ro
Hextech Silahkılıç,Pușcă cu baionetă hextech,ro
Hextech lőpenge,Pușcă cu baionetă hextech,ro
Hextech-Gunblade,Pușcă cu baionetă hextech,ro
Hexágono dorado de Yasuo,Hexagonul auriu al lui Yasuo,ro
Hidra Titánica,Hidra titanilor,ro
Hidra Titânica,Hidra titanilor,ro
Hidra titánica,Hidra titanilor,ro
Higany,Argint viu,ro
High Voltage,Linie de înaltă tensiune,ro
Hilfspaket,Pachet de îngrijire,ro
Hirte,Păstor,ro
Hirte-Emblem,Emblema păstorilor,ro
Historia Powrotu do Chwały,Povestea revenirii,ro
Hivatásos bokszoló,Învingătorii iau totul,ro
Hiçlik Değneği,Sceptrul Vidului,ro
Hiçlik Eldiveni,Mănușa Vidului,ro
Hiện Thân Phản Chiếu,Personalitate în oglindă,ro
Hiện Thân Phản Chiếu Cỡ Nhỏ,Personalitate în oglindă minoră,ro
Hochspannung,Linie de înaltă tensiune,ro
Hoja de furia de Guinsoo,Spada furiei lui Guinsoo,ro
Hoja maldita,Sabia blestemată,ro
Hojas más letales,Săbii mai letale,ro
Hold the Line,Rezistența din prima linie,ro
Holofote Compartilhado do Yasuo,Yasuo: Împarte centrul atenției,ro
Honneur du Maître de guerre,Onoarea războinicului,ro
Honor Watażki,Onoarea războinicului,ro
Honor de señor de la guerra,Onoarea războinicului,ro
Honor del Caudillo,Onoarea războinicului,ro
Honra do Mestre da Guerra,Onoarea războinicului,ro
Hordozható kohó,Forjă portabilă,ro
Horizon Focus,Focalizarea orizontului,ro
Horizont,Focalizarea orizontului,ro
Horizontfokus,Focalizarea orizontului,ro
Hortlak Palası,Hanger fantomatic,ro
Hosszú távú befektetés,Pariu pe viitor,ro
Hrdinská dárková taška,Punguță eroică,ro
Hurdacının Lütfu,Favorul duelistului,ro
Hurto,Jaf,ro
Hustler,Escroc,ro
Huy Hiệu Lightshield,Blazonul Lightshield,ro
Huyết Giá,Prețul sângelui,ro
Huyết Kiếm,Sabia sângeroasă,ro
Huyết Trượng Tha Hóa,Sceptru vampiric corupt,ro
Huyết Tế,Ofrandă de sânge,ro
Huấn Luyện Cận Vệ,Antrenamentul gărzii de corp,ro
Hvězdná obnova,Pe val,ro
Hvězdné kombo,Combinație stelară,ro
Hvězdopravec,Lumina stelelor,ro
Hydre titanesque,Hidra titanilor,ro
Hàng Chờ Pandora,Banca Pandorei,ro
Hàng Chờ Đấu Đôi,Listă duo,ro
Hành Tinh,Distracție în spațiu,ro
Hào Quang Của Ahri,Aura lui Ahri,ro
Hào Quang Nhân Vật Chính,Protecție universală,ro
Hármak légiója,Legiunea de trei,ro
Hármas kombó I.,Triplu avantaj,ro
Hátsó vonal tervrajza,Schiță pentru linia din spate,ro
Hâkim,Mediator,ro
Hâkim Amblemi,Emblema mediatorilor,ro
Hình Nhân,Manechin de antrenament,ro
Hình Nhân Hóa,Manechinizare,ro
Hình Nộm Va Chạm,Manechine animate,ro
Hút Sinh Lực,Vitalitate vampirică,ro
Hücum Gürzü,Buzduganul înaintașului,ro
Hükümdarın Seçimi,Binecuvântat de zei,ro
Hırsız Eldiveni,Mănușile tâlharului,ro
Hırsız Çetesi,Bandă de tâlhari,ro
Hırsız Çetesi II,Bandă de tâlhari II,ro
Hızlı Başlangıç,Pornire rapidă,ro
Hızlı Yükseliş,Victorie neașteptată,ro
Hızlı İkide İki,Dublu asasinat rapid,ro
Hősies zsákbamacska,Punguță eroică,ro
Hůl Prázdnoty,Sceptrul Vidului,ro
Hướng Đến Hồi Kết,Specialistul sfârșitului jocului,ro
Hưởng Ké Hào Quang Yasuo,Yasuo: Împarte centrul atenției,ro
Hạ Đo Ván,Îmbrâncire,ro
Hắc Tinh,Stea întunecată,ro
Hố Đen Tí Hon,Mini gaură neagră,ro
Hủy Diệt,Eradicare,ro
Idole interdite,Idol interzis,ro
Idolo proibito,Idol interzis,ro
Idra titanica,Hidra titanilor,ro
Időtörő,Frângător al timpului,ro
Időtörő embléma,Emblema frângătorilor timpului,ro
Ikerőrzők,Gardienii gemeni,ro
Il Drago dorato,Dragonul auriu,ro
Il massimo con il minimo,Min-Max,ro
Il potente Mech,Robotul Mecha impunător,ro
Illaoi,Illaoi,ro
Immer höher hinauf,Creștere în clasament,ro
Impermeabile sospetto,Trenci suspect,ro
Impianti cibernetici,Implanturi cibernetice,ro
Impianto empatico,Implant empatic,ro
Implant Współczulny,Implant empatic,ro
Implant cybernétique,Implant empatic,ro
Implante Simpático,Implant empatic,ro
Implante Solidário,Implant empatic,ro
Implante simpático,Implant empatic,ro
Implantes Cibernéticos,Implanturi cibernetice,ro
Implantes cibernéticos,Implanturi cibernetice,ro
Implants cybernétiques,Implanturi cibernetice,ro
Implanty Cybernetyczne,Implanturi cibernetice,ro
Impossível Recusar,Hai odată,ro
Improvisierte Rüstung,Armură improvizată,ro
Improwizowana Zbroja,Armură improvizată,ro
Impuesto Cognitivo,Taxe cognitive,ro
Impuesto cognitivo,Taxe cognitive,ro
In quattro e quattr'otto,"Unde-s 2 stele, puterea crește",ro
Inactividad,Plecat de la tastatură,ro
Inadaptados,Inadaptați,ro
Inaktivitás,Plecat de la tastatură,ro
Indiscriminate Killer,Ucigaș fără discriminare,ro
Indomable,Neînduplecare,ro
Indomável,Neînduplecare,ro
Infinity Edge,Sabia infinitului,ro
Infinity Protection,Protecția infinitului,ro
Inicio Veloz,Pornire rapidă,ro
Initiateur,Apărător,ro
Innervating Locket,Medalion stimulant,ro
Instinct d'Evelynn,Instinctul lui Evelynn,ro
Instinto de Evelynn,Instinctul lui Evelynn,ro
Instynkt Evelynn,Instinctul lui Evelynn,ro
Insígnia do Lumescudo,Blazonul Lightshield,ro
Invader Zed,Invadatorul Zed,ro
Invasión de Zed,Invadatorul Zed,ro
Invasor Zed,Invadatorul Zed,ro
Inversión,Investiție,ro
Invested,Investiție,ro
Investice,Investiție,ro
Investiert,Investiție,ro
Investimento,Investiție,ro
Investissement,Investiție,ro
Investissement sur le futur,Plan de viitor,ro
Investitura,Investiție,ro
Investiční fond,Fond de investiții,ro
Inwestycja,Pariu pe viitor,ro
Início Rápido,Pornire rapidă,ro
Ionic Spark,Scânteie ionică,ro
Ionischer Funke,Scânteie ionică,ro
Ionos szikra,Scânteie ionică,ro
Iontová jiskra,Scânteie ionică,ro
Iron Assets,Tare ca fierul,ro
Isteni párbajhős,Duelist divin,ro
Istennő könnycseppje,Lacrima zeiței,ro
Istenáldotta,Binecuvântat de zei,ro
Istinto di Evelynn,Instinctul lui Evelynn,ro
Item Grab Bag,Punguță cu obiecte surpriză,ro
Itens de Pandora,Obiectele Pandorei,ro
Işıltılı Serseri,Poznaș radiant,ro
JEDU SI TO SVOJE,"FĂRĂ ANALIZĂ, FĂRĂ SCHIMBĂRI",ro
Ja Gram Solo,Creștere solo în nivel,ro
Jakim Kosztem,Dar cu ce preț,ro
Jax,Jax,ro
Jaximus,Țintește spre stele,ro
"Jeden buff, dva buffy","Un buff, două buff-uri",ro
"Jedna, dva, tři","Unu, doi, trei",ro
Jeu de patience,Răbdarea e o virtute,ro
Jeweled Gauntlet,Mănușa cu nestemate,ro
Jeweled Lotus,Lotus cu nestemate,ro
Jhin,Jhin,ro
Jinx,Jinx,ro
Jogada Levemente Mágica,Reîncărcare relativ magică,ro
Jogada Mágica,Aruncare magică,ro
Jogada de Urf,Pariul lui Urf,ro
Joia da Ruína,Giuvaier blestemat,ro
Jonowa Iskra,Scânteie ionică,ro
Jour de relance,Reîncărcări la grămadă,ro
Joya Maldita,Giuvaier blestemat,ro
Joya de la plaga,Giuvaier blestemat,ro
Joyau putréfiant,Giuvaier blestemat,ro
Jugadas arriesgadas,Mutări riscante,ro
Juge stellaire,Mediator,ro
Juguito de Gorrito,Suc Cappa,ro
Juramento del Protector,Jurământul protectorului,ro
Juramento do Cavaleiro,Legământul cavalerului,ro
Juramento do Protetor,Jurământul protectorului,ro
Jus chapi-chapo,Suc Cappa,ro
Just Hit,Hai odată,ro
Justice critique,Pedeapsă,ro
Juwelenbesetzter Handschuh,Mănușa cu nestemate,ro
Juwelenbesetzter Lotus,Lotus cu nestemate,ro
Jádro obchodu,Comerț de bază,ro
Jádro úsvitu,Miezul zorilor,ro
Jó sorozat,Pe val,ro
Jóbarát rendelésre,Construiește-ți un prieten,ro
Jós,Oracol,ro
Jótékony visszhang,Ecouri tămăduitoare,ro
K. N. kard,Sabia forței brute,ro
K. V. meč,Sabia forței brute,ro
K.W. Miecz,Sabia forței brute,ro
"KEIN UMSEHEN, KEIN WECHSELN","FĂRĂ ANALIZĂ, FĂRĂ SCHIMBĂRI",ro
Kaderbaz,Țesător al destinului,ro
Kahraman Çekilişi,Punguță eroică,ro
Kahuna,Kahunahuna,ro
Kahunahuna,Kahunahuna,ro
Kai'Sa,Kai'Sa,ro
Kamekameha,Kahunahuna,ro
Kamienna Płyta Gargulca,Platoșa garguiului,ro
Kamizelka Cierniowa,Vestă de mărăcini,ro
Kamizelka Kolcza,Vestă de zale,ro
Kampfhandschuhe,Mănuși de antrenament,ro
Kan Adağı,Ofrandă de sânge,ro
Kan Bedeli,Prețul sângelui,ro
Kanalisierer,Intermediar,ro
Kanalisierermodus,Modul de intermediar,ro
Kanasusamış,Sabia sângeroasă,ro
Kanciarz,Escroc,ro
Kanoucí slzy,Lacrimi curgătoare,ro
Kapelusze Zabójcze jak Nigdy,Pălării mai letale,ro
Karanlık Leydi,Doamna întunecată,ro
Kararlı Yürek,Iubire nezdruncinată,ro
Karayel,Zefir,ro
Kardkovács,Meșter de săbii,ro
Kardszállítmány,Săbii fără număr,ro
Karma,Karma,ro
Kayle felmagasztosulása,Exaltarea lui Kayle,ro
Kayle ragyogó felmagasztosulása,Exaltarea radiantă a lui Kayle,ro
Kayle áldása,Favorul lui Kayle,ro
Kayle's Boon,Favorul lui Kayle,ro
Kayle's Exaltation,Exaltarea lui Kayle,ro
Kayle's Radiant Exaltation,Exaltarea radiantă a lui Kayle,ro
Kayle'ın Işıltılı Yüceliği,Exaltarea radiantă a lui Kayle,ro
Kayle'ın Lütfu,Favorul lui Kayle,ro
Kayle'ın Yüceliği,Exaltarea lui Kayle,ro
Kayles Hochgefühl,Exaltarea lui Kayle,ro
Kayles Segen,Favorul lui Kayle,ro
Kayles strahlendes Hochgefühl,Exaltarea radiantă a lui Kayle,ro
Kaylin dar,Favorul lui Kayle,ro
Kaylino povznesení,Exaltarea lui Kayle,ro
Kaylino zářivé povznesení,Exaltarea radiantă a lui Kayle,ro
Kaz Gelecek Yerden...,Mutări riscante,ro
Kedi Olalı Bir Fare,Tot sunt buni la ceva,ro
Kedvez a szerencse,Te simți norocos,ro
Kefaret Ruhu,Spiritul izbăvirii,ro
Kelch der Macht,Pocalul puterii,ro
Kemer Fazlalığı,Curele fără număr,ro
Kereskedelmi központ,Comerț de bază,ro
Keresők karvértje,Brățara căutătorului,ro
Keskin Nişancı,Lunetist,ro
Keskin Nişancı Amblemi,Emblema lunetiștilor,ro
Kettenweste,Vestă de zale,ro
Keşif Gezisi,Expediție,ro
Khiên Hoàng Hôn,Scutul amurgului,ro
Khiên Hừng Đông,Scutul zorilor,ro
Khiên Đơn Đấu,Platoșă unică,ro
Kho Báu Chôn Giấu,Comori îngropate,ro
Kho Báu Sắt,Tare ca fierul,ro
Khu Giao Dịch,Sectorul comercial,ro
Khuyến Mãi Kinh Nghiệm,Nivelul următor!,ro
Khéo Tay Hay Làm,Forja reîncărcărilor,ro
Khảm Bảo Thạch,Lotus cu nestemate,ro
Khế Ước Vĩnh Hằng,Pact etern,ro
Khổng Lồ Hóa,Mici titani,ro
Khổng Lồ Tí Hon,Titan micuț,ro
Khởi Động Nhanh,Pornire rapidă,ro
Kibernetikus fellövő,Conexiune cibernetică,ro
Kibernetikus implantátumok,Implanturi cibernetice,ro
Kick Start,Pornire rapidă,ro
Kickstart,Pornire rapidă,ro
"Kicsi, de halálos",Mici și letale,ro
Kihívó,Competitor,ro
Kihívó embléma,Emblema competitorilor,ro
Kihívó mód,Modul de competitor,ro
Kiirtó,Eradicare,ro
Kim Long,Dragonul auriu,ro
Kimaxolt összeállítás,Build maxim,ro
Kincsvadászat,Vânătoare de comori,ro
Kindred,Kindred,ro
Kiralık Katil,Ucigaș plătit,ro
Kis zsákbamacska,Punguță mică,ro
Kiên Nhẫn Của Ekko,Răbdarea lui Ekko,ro
Kiên Nhẫn Học Tập,Studiu diligent,ro
Kiên Nhẫn Là Một Đức Tính,Răbdarea e o virtute,ro
Kişiselleştirme Fırsatı,Personalizare exclusivă,ro
Kiếm B.F.,Sabia forței brute,ro
Kiếm Cong,Sabia blestemată,ro
Kiếm Súng Hextech,Pușcă cu baionetă hextech,ro
Kiếm Tai Ương,Urgia de pe lume,ro
Kiếm Thuật Của Yasuo,Arta atacului lui Yasuo,ro
Kiếm Tử Thần,Săbii mai letale,ro
Kiếm Tử Thần,Sabia morții,ro
Klarer Geist,Minte limpede,ro
Klaue des Meuchlers,Gheara prădătorului,ro
Kleine Freunde,Prieteni micuți,ro
Kleine Wundertüte,Punguță mică,ro
Kleine gespiegelte Persona,Personalitate în oglindă minoră,ro
Kleines schwarzes Loch,Mini gaură neagră,ro
Klejnot Rozpadu,Giuvaier blestemat,ro
Klenot nákazy,Giuvaier blestemat,ro
Klinge der Unendlichkeit,Sabia infinitului,ro
Klinge des Todes,Sabia morții,ro
Klonprogramm,Reproducere,ro
Kluftkrabbler,Crabul,ro
Knallhart,Protecție universală,ro
Knight's Vow,Legământul cavalerului,ro
Kniha vlastností,Tomul caracteristicilor,ro
Kognitive Steuer,Taxe cognitive,ro
Kognitive Überladung,Supraîncărcare cognitivă,ro
Kognitivní přetížení,Supraîncărcare cognitivă,ro
Kognitivní zátěž,Taxe cognitive,ro
Kognitív teher,Taxe cognitive,ro
Kognitív túlterhelés,Supraîncărcare cognitivă,ro
Kolejka Duo,Listă duo,ro
Koleżcy,Prieteni micuți,ro
Kolosalna Hydra,Hidra titanilor,ro
Kommandant,Comandant,ro
Kommerzkern,Comerț de bază,ro
Komponentenraub,Jaful componentelor,ro
Komutan,Comandant,ro
Koniec Rozumu,Sfârșitul rațiunii,ro
Konserwator Biomaterii,Conservare de biomaterial,ro
Konto Oszczędnościowe,Cont de economii,ro
Konzervátor biomateriálu,Conservare de biomaterial,ro
Kopyalama Süreci,Reproducere,ro
Korai tanulságok,Învățături timpurii,ro
Korbacz Napastnika,Buzduganul înaintașului,ro
Korona Taktyka,Coroana tacticianului,ro
Korona Zawsze Będzie Ciążyć,Povara coroanei,ro
Koronaőr,Crownguard,ro
Koroze,Coroziune,ro
Korozja,Coroziune,ro
Korozyon,Coroziune,ro
Korrosion,Coroziune,ro
Korrózió,Coroziune,ro
Korszak,Epocă,ro
Koruma Eğitimi,Antrenamentul gărzii de corp,ro
Korunní stráž,Crownguard,ro
Koruyucunun Müttefiki,Aliatul îngrijitorului,ro
Kosa Statikka,Cuțit electrostatic,ro
Kosmický restart,Repornire cosmică,ro
Kosmiczny Restart,Repornire cosmică,ro
Kosmischer Neubeginn,Repornire cosmică,ro
Kosmofaza,Distracție în spațiu,ro
Kostur Archanioła,Toiagul arhanghelului,ro
Kostur Pustki,Sceptrul Vidului,ro
Kostur Serafina,Sceptrul serafimului,ro
Kosturnik,Meșter de toiege,ro
Kouzelný hod,Aruncare magică,ro
Kovácsolj barátot,Creează un prieten,ro
Kozmik Başlangıç,Repornire cosmică,ro
Kozmikus újraindítás,Repornire cosmică,ro
Kraken'in Öfkesi,Furia krakenului,ro
Kraken's Fury,Furia krakenului,ro
Krakenův hněv,Furia krakenului,ro
Kraliyet Başlığı,Crownguard,ro
Krev za krev,Prețul sângelui,ro
Kriegsbeil des Höllenfeuers,Secure din focul iadului,ro
Kriegspfad,Calea războiului,ro
Kritický úspěch,Succes critic,ro
Kritik Başarı,Succes critic,ro
Kritikus siker,Succes critic,ro
Kritischer Erfolg,Succes critic,ro
Krmení plamenů,Întețește focul,ro
Krone des Taktikers,Coroana tacticianului,ro
Kronwacht,Crownguard,ro
Kroužková vesta,Vestă de zale,ro
Krvavá oběť,Ofrandă de sânge,ro
Krvežíznivec,Sabia sângeroasă,ro
Krwiopijec,Sabia sângeroasă,ro
Krytyczny Sukces,Succes critic,ro
Księga Cech,Tomul caracteristicilor,ro
Kuchnia Taktyka,Bucătăria tacticianului,ro
Kukiełka Cienia,Păpușa din umbră,ro
Kukla Yağmuru!,Manechine animate,ro
Kuklaya Dönüştür,Manechinizare,ro
Kukła Treningowa,Manechin de antrenament,ro
Kukły do Testów Wypadkowych,Manechine animate,ro
Kule,Turnul,ro
Kusursuzluk Arayışı,Min-Max,ro
Kutilův dar,Favorul duelistului,ro
Kybernetická linka,Conexiune cibernetică,ro
Kybernetické implantáty,Implanturi cibernetice,ro
Kybernetische Implantate,Implanturi cibernetice,ro
Kybernetische Verbindung,Conexiune cibernetică,ro
Kártyacsomag,Pachet de amplificare,ro
Kâhin,Oracol,ro
Kék erősítés,Buff-ul albastru,ro
Kích Cỡ Là Quan Trọng,Mărimea contează,ro
Kính Khóa Mục Tiêu,Optică de fixare a țintei,ro
Kính Nhắm Ma Pháp,Focalizarea orizontului,ro
Könnyek patakja,Cod roșu de lacrimi,ro
Könyörtelen költség,Monetizare ostilă,ro
Kötü Niyetli Kazanç,Monetizare ostilă,ro
Kötü Yazılım Matrisi,Matrice malware,ro
Közös gyakorlás,Manechinizare,ro
Küldetés újrakezdése,Misiune în acțiune,ro
Küçük Benlik Aynası,Personalitate în oglindă minoră,ro
Kılavuz,Păstor,ro
Kılavuz Amblemi,Emblema păstorilor,ro
Kılçık,Bubuilă,ro
Kılıç Fazlalığı,Săbii fără număr,ro
Kılıç İşçisi,Meșter de săbii,ro
Kırmızı Güçlendirme,Buff-ul roșu,ro
Kısmen Büyülü Zar,Reîncărcare relativ magică,ro
Kısmi Yükseliş,Iluminare parțială,ro
Kıymetli Metaller,Tare ca fierul,ro
Kızartma Tavası,Tigaia de aur,ro
Kẻ Sống Sót,Supraviețuitor,ro
Kết Nối Drone,Conexiune cu drona,ro
Kết Nối Gián Đoạn,Legături ratate,ro
Kề Vai Sát Cánh,Rămânem împreună,ro
Kỳ Vọng Bất Ngờ,Surpriză nesurprinzătoare,ro
Kỷ Nguyên,Epocă,ro
L'Albero dei tratti,Copacul caracteristicilor,ro
L'amour du risque,Mutări riscante,ro
L'atteso inaspettato,Surpriză nesurprinzătoare,ro
L'indomabile,Neînduplecare,ro
L'indomptable,Neînduplecare,ro
L'onore del Signore della guerra,Onoarea războinicului,ro
L'uovo dorato,Oul de aur,ro
La Bramasangue,Sabia sângeroasă,ro
La Paciencia es una Virtud,Răbdarea e o virtute,ro
La Sanguinaria,Sabia sângeroasă,ro
La Torre,Turnul,ro
La Tour,Turnul,ro
La espera merece la pena,Merită așteptarea,ro
La fortuna te sonríe,Te simți norocos,ro
La legge della mazza,Voința buzduganului,ro
La paciencia es una virtud,Răbdarea e o virtute,ro
La pazienza è una virtù,Răbdarea e o virtute,ro
La torre,Turnul,ro
La trama lo protege,Protecție universală,ro
La unión hace la fuerza,În echipă,ro
Lacrima della dea,Lacrima zeiței,ro
Ladino,Rebel,ro
Ladungstransfer,Transfer de încărcare,ro
Lama maledetta,Sabia blestemată,ro
Lama mortale,Sabia morții,ro
Lame d'infini,Sabia infinitului,ro
Lame enragée de Guinsoo,Spada furiei lui Guinsoo,ro
Lame funeste,Sabia morții,ro
Lame maudite,Sabia blestemată,ro
Lame più letali,Săbii mai letale,ro
Lame rotanti,Tăișuri sclipitoare,ro
Lames tueuses,Săbii mai letale,ro
Lance de Shojin,Lancea lui Shojin,ro
Lancer de dés,Surpriză nesurprinzătoare,ro
Lancia di Shojin,Lancea lui Shojin,ro
Lanetli Kılıç,Sabia blestemată,ro
Lanetli Taç,Coroana blestemată,ro
Lanterna di Thresh,Felinarul lui Thresh,ro
Lanterna do Thresh,Felinarul lui Thresh,ro
Lanterne de Thresh,Felinarul lui Thresh,ro
Lanza de Shojin,Lancea lui Shojin,ro
Lança de Shojin,Lancea lui Shojin,ro
Largo plazo,Pariu pe viitor,ro
Larme de la déesse,Lacrima zeiței,ro
Larmes à gogo,Lacrimi curgătoare,ro
Last Whisper,Ultima șoaptă,ro
Lastrapietra del gargoyle,Platoșa garguiului,ro
Latarnia Thresha,Felinarul lui Thresh,ro
Late Game Scaling,Creștere pe final de joc,ro
Late Game Specialist,Specialistul sfârșitului jocului,ro
Latent Forge,Forjă latentă,ro
Latente Schmiede,Forjă latentă,ro
Le Méga-mecha,Robotul Mecha impunător,ro
Le dimensioni contano,Mărimea contează,ro
Le prix du sang,Bani de buzunar,ro
LeBlanc,LeBlanc,ro
Lebende Schmiede,Fierar neobosit,ro
Lecciones de Boxeo,Lecții de box,ro
Lecsapó buzogány,Buzduganul înaintașului,ro
Leczące Echo,Ecouri tămăduitoare,ro
Leczące Kule,Sfere vindecătoare,ro
Leerenhandschuh,Mănușa Vidului,ro
Leerenstab,Sceptrul Vidului,ro
Legie tří,Legiunea de trei,ro
Legion Trójek,Legiunea de trei,ro
Legion of Threes,Legiunea de trei,ro
Legione dei tre,Legiunea de trei,ro
Legião de Três,Legiunea de trei,ro
Legión de Tres,Legiunea de trei,ro
Legión del tres,Legiunea de trei,ro
Legjobb barátok,Cei mai buni prieteni,ro
Leibwache-Training,Antrenamentul gărzii de corp,ro
Lekce v boxu,Lecții de box,ro
Lekko Magiczny Rzut,Reîncărcare relativ magică,ro
Lekésett csatlakozás,Legături ratate,ro
Lelkek ébredése,Trezirea sufletului,ro
Lendületes kezdés,Pornire rapidă,ro
Lenyúlás,Jaf,ro
Leo Hạng,Creștere în clasament,ro
Leona,Leona,ro
Lesser Mirrored Persona,Personalitate în oglindă minoră,ro
Letzter Atemzug,Ultima șoaptă,ro
Level Up!,Nivelul următor!,ro
Leveleando en solitario,Creștere solo în nivel,ro
Lezioni di pugilato,Lecții de box,ro
Leçons de combat,Învățături timpurii,ro
Leże Barona,Bârlogul Baronului,ro
Liaison cybernétique,Conexiune cibernetică,ro
Liaison de drone,Conexiune cu drona,ro
Lich Bane,Urgia de pe lume,ro
Lich Boğan,Urgia de pe lume,ro
Lichtschild-Wappen,Blazonul Lightshield,ro
Lightshield Arması,Blazonul Lightshield,ro
Lightshield Crest,Blazonul Lightshield,ro
Ligne de front,Lecții de box,ro
Limiar da Noite,Taina întunericului,ro
Limite da Razão,Sfârșitul rațiunii,ro
Linceul d'apaisement,Vălul nemișcării,ro
Linceul de la congruence,Văl uniform,ro
Lineup,Aliniere,ro
Linh Hoạt,Flexibilitate,ro
Linh Hồn Chuộc Tội,Spiritul izbăvirii,ro
Linh Thú Vào Bếp,Bucătăria tacticianului,ro
Linterna de Thresh,Felinarul lui Thresh,ro
Liquidación,Reducere fulger,ro
Lissandra,Lissandra,ro
Lithoplastron de gargouille,Platoșa garguiului,ro
Lithoplastron solo,Platoșă unică,ro
Litinová pánev,Tigaia de aur,ro
Little Buddies,Prieteni micuți,ro
Living Forge,Fierar neobosit,ro
Liên Hoàn Tinh Tú,Combinație stelară,ro
Llamada al caos,Chemarea haosului,ro
Llamado al Caos,Chemarea haosului,ro
Llora Todo lo que Quieras,Cod roșu de lacrimi,ro
Locket of the Iron Solari,Blazonul solarilor de fier,ro
Longo Prazo,Pariu pe viitor,ro
Loto Adornado,Lotus cu nestemate,ro
Loto enjoyado,Lotus cu nestemate,ro
Loto ingioiellato,Lotus cu nestemate,ro
Lottatore professionista,Învingătorii iau totul,ro
Lotus précieux,Lotus cu nestemate,ro
Loupež základních předmětů,Jaful componentelor,ro
Lourde est la couronne,Povara coroanei,ro
Lov pokladů,Vânătoare de comori,ro
Lovagi eskü,Legământul cavalerului,ro
Lovcův dráp,Gheara prădătorului,ro
Luchador,Bătăuș,ro
Lucidité,Minte limpede,ro
Lucky Gloves,Mănuși norocoase,ro
Luden vihara,Furtuna lui Luden,ro
Luden'in Çığlığı,Furtuna lui Luden,ro
Luden's Tempest,Furtuna lui Luden,ro
Ludenova bouře,Furtuna lui Luden,ro
Ludens Sturm,Furtuna lui Luden,ro
Luksusowa Subskrypcja,Abonament de lux,ro
Lulu,Lulu,ro
Lunch Money,Bani de buzunar,ro
Lungimiranza,Plan de viitor,ro
Lustrzana Osobowość,Personalitate în oglindă,ro
Lutador,Bătăuș,ro
Lutador Profissional,Învingătorii iau totul,ro
Luvas da Sorte,Mănuși norocoase,ro
Luvas do Ladrão,Mănușile tâlharului,ro
Luvas do Pugilista,Mănuși de antrenament,ro
Luvinhas,Mănuși strașnice,ro
Luxury Subscription,Abonament de lux,ro
Luxus előfizetés,Abonament de lux,ro
Luxus-Abonnement,Abonament de lux,ro
Luxusní předplatné,Abonament de lux,ro
Lá Chắn Chiến Thuật,Scutul tacticianului,ro
Lábrate un camino,Creează o cale,ro
Lágrima da Deusa,Lacrima zeiței,ro
Lágrima de la Diosa,Lacrima zeiței,ro
Lágrima de la diosa,Lacrima zeiței,ro
Lágrimas Abundantes,Lacrimi curgătoare,ro
Lángoló kohó,Fierar neobosit,ro
Lâmina Amaldiçoada,Sabia blestemată,ro
Lâmina Mortal,Sabia morții,ro
Lâmina da Fúria de Guinsoo,Spada furiei lui Guinsoo,ro
Lâminas Fatais,Săbii mai letale,ro
Légion des trois,Legiunea de trei,ro
Lélek,Anima,ro
Lélek embléma,Emblema Anima,ro
Lélekparancsnok,Comandatul Anima,ro
Léčivá oka,Sfere vindecătoare,ro
Léčivé ozvěny,Ecouri tămăduitoare,ro
Lò Rèn Thăng Hoa,Forjă apoteotică,ro
Lò Rèn Thần Thoại,Forjă portabilă,ro
Lò Rèn Tiềm Ẩn,Forjă latentă,ro
Lótus Adornada,Lotus cu nestemate,ro
Lõi Bình Minh,Miezul zorilor,ro
Lüks Aboneliği,Abonament de lux,ro
Lấy Công Bù Thủ,"Puternic, dar fragil",ro
Lập Đội,În echipă,ro
Lễ Vật Tái Chế,Favorul duelistului,ro
Lệ Lưu Ly,Lacrimi curgătoare,ro
Lệch Chuẩn,Inadaptați,ro
Lồng Đèn Của Thresh,Felinarul lui Thresh,ro
Lời Thề Hiệp Sĩ,Legământul cavalerului,ro
Lời Thề Hộ Vệ,Jurământul protectorului,ro
Lựa Chọn Độc Quyền,Personalizare exclusivă,ro
M.C. Spada,Sabia forței brute,ro
Ma Thuật Đan Kết,Magie întrepătrunsă,ro
Ma Trận Mã Độc,Matrice malware,ro
Mace's Will,Voința buzduganului,ro
Maceracının Pazubendi,Brățara căutătorului,ro
Machadinha Infernal,Secure din focul iadului,ro
Maestro Yi,Master Yi,ro
Magasfeszültség,Linie de înaltă tensiune,ro
Magasztos kaland,O aventură triumfătoare,ro
Magia Tejida,Magie întrepătrunsă,ro
Magia entretejida,Magie întrepătrunsă,ro
Magiczny Rzut,Aruncare magică,ro
Magitechnická puškočepel,Pușcă cu baionetă hextech,ro
Mailles en or,Dragonul auriu,ro
Main de la justice,Mâna justiției,ro
Makeshift Armor,Armură improvizată,ro
Mal Kurtarma,Coș de recuperare,ro
Malandro Radiante,Poznaș radiant,ro
Maldición del Liche,Urgia de pe lume,ro
Mali Tytani,Mici titani,ro
Malicious Monetization,Monetizare ostilă,ro
Malware Matrix,Matrice malware,ro
Malware-Matrix,Matrice malware,ro
Malwarová matice,Matrice malware,ro
Malá dárková taška,Punguță mică,ro
Malí kámoši,Prieteni micuți,ro
Mana magique,Magie întrepătrunsă,ro
Mangual del Guerrero,Buzduganul înaintașului,ro
Mangual del guerrero,Buzduganul înaintașului,ro
Mangual do Guerreiro,Buzduganul înaintașului,ro
Mannequin d'entraînement,Manechin de antrenament,ro
Mannequinification,Manechinizare,ro
Mannequins de choc,Manechine animate,ro
Mano de la Justicia,Mâna justiției,ro
Mano de la justicia,Mâna justiției,ro
Mano della giustizia,Mâna justiției,ro
Manopla Adornada,Mănușa cu nestemate,ro
Manopla do Vazio,Mănușa Vidului,ro
Manteau de Négatron,Mantie Negatron,ro
Manteau de la nuit,Taina întunericului,ro
Mantello del Sole,Mantie solară,ro
Mantello dello stratega,Mantia tacticianului,ro
Mantello di Negatron,Mantie Negatron,ro
Mantenerse unidos,Unire în luptă,ro
Mantenha a Posição,Rezistența din prima linie,ro
Manter a União,Unire în luptă,ro
Manto da Imobilidade,Vălul nemișcării,ro
Manto de Quietud,Vălul nemișcării,ro
Manto del Ocaso,Văl uniform,ro
Mantén la Posición,Rezistența din prima linie,ro
Maokai,Maokai,ro
Maratona de Compras,La cumpărături,ro
Marauder,Brigand,ro
Marauder Emblem,Emblema briganzilor,ro
Maraudeur,Brigand,ro
Marchando un doble,De două ori mai câștigați,ro
Marguereep,Meepsie,ro
Marioneta Sombría,Păpușa din umbră,ro
Marioneta en las sombras,Păpușa din umbră,ro
"Marioneta, to jsem já",Manechinizare,ro
Marionete das Sombras,Păpușa din umbră,ro
Marodeur,Brigand,ro
Marodeur-Emblem,Emblema briganzilor,ro
Martalóc,Brigand,ro
Martalóc embléma,Emblema briganzilor,ro
Maruderzy,Brigand,ro
Master Yi,Master Yi,ro
Masz Mój Łuk,Ia arcul meu,ro
Mata-Gigantes,Vânătorul de uriași,ro
Matador de Aluguel,Ucigaș plătit,ro
Matrice,Matrice malware,ro
Matriz de Malware,Matrice malware,ro
Matriz de malware,Matrice malware,ro
Matryca Wirusa,Matrice malware,ro
Mavi Güçlendirme,Buff-ul albastru,ro
Max Build,Build maxim,ro
Maximale Ausrüstung,Build maxim,ro
May the Fours Be With You,Patru de partea ta,ro
Mazzafrusto dell'Assaltatore,Buzduganul înaintașului,ro
Maître Yi,Master Yi,ro
Maîtrise de l'artisanat,Forja reîncărcărilor,ro
Maîtrise de l'épée de Yasuo,Arta atacului lui Yasuo,ro
Mała Torba z Różnościami,Punguță mică,ro
"Małe, Ale Zabójcze",Mici și letale,ro
Mech,Mecha,ro
Mecha,Mecha,ro
Mechanický urychlovač,Accelerator mecanic,ro
Mechanikus gyorsító,Accelerator mecanic,ro
Mechy,Mecha,ro
Medaglione dei Solari di ferro,Blazonul solarilor de fier,ro
Medaglione diramante,Medalion stimulant,ro
Medailon stimulace,Medalion stimulant,ro
Medailónek železných Solari,Blazonul solarilor de fier,ro
Medalhão Enervante,Medalion stimulant,ro
Medalhão dos Solari de Ferro,Blazonul solarilor de fier,ro
Medallón de los Solari,Blazonul solarilor de fier,ro
Medallón estimulante,Medalion stimulant,ro
Medyum,Intermediar,ro
Medyum Modu,Modul de intermediar,ro
Meep Cực Tốc,Viteză termipnală,ro
Meeple,Mip,ro
Meeple Emblem,Emblema Meeple,ro
Meeple-Emblem,Emblema Meeple,ro
Meeplo,Mip,ro
Meepsie,Meepsie,ro
Megamecha,Robotul Mecha impunător,ro
Megamorfosis,Recombobulator,ro
Megrontott vámpírjogar,Sceptru vampiric corupt,ro
Megszálló Zed,Invadatorul Zed,ro
Megtorlás,Pedeapsă,ro
Megváltó,Salvator,ro
Megéri a várakozást,Merită așteptarea,ro
Megújult erő,Forțe proaspete,ro
Meilleurs amis,Cei mai buni prieteni,ro
Mejora Roja,Buff-ul roșu,ro
Mejora azul,Buff-ul albastru,ro
Mejora roja,Buff-ul roșu,ro
Mejores Amigos,Cei mai buni prieteni,ro
Mejores amiguis,Cei mai buni prieteni,ro
Meka,Mecha,ro
Mekanik Hızlandırıcı,Accelerator mecanic,ro
Melek Asası,Sceptrul serafimului,ro
Melhores Amigos,Cei mai buni prieteni,ro
Mellékhatások,Efecte secundare,ro
Mending Echoes,Ecouri tămăduitoare,ro
Mente Despejada,Minte limpede,ro
Mente Saturada,Minte aglomerată,ro
Mente Vazia,Minte limpede,ro
Mente confusa,Minte aglomerată,ro
Mente despejada,Minte limpede,ro
Mente lucida,Minte limpede,ro
Mente saturada,Minte aglomerată,ro
Menší Zrcadlová osobnost,Personalitate în oglindă minoră,ro
Mercure,Argint viu,ro
Mercúrio,Argint viu,ro
Merkezini Bul,Găsește-ți centrul de putere,ro
Merodeador,Brigand,ro
Merész húzás,Mutări riscante,ro
Mesada,Bani de buzunar,ro
Messa in moto,Pornire rapidă,ro
Mesterlövész,Lunetist,ro
Mesterlövész embléma,Emblema lunetiștilor,ro
Meu Arco é Seu,Ia arcul meu,ro
Mi arco a tu servicio,Ia arcul meu,ro
Micincik,Meepsie,ro
Micingil,Mip,ro
Micingil Amblemi,Emblema Meeple,ro
Miecz-Pistolet Hextech,Pușcă cu baionetă hextech,ro
Miecznik,Meșter de săbii,ro
Mieczowy Przesyt,Săbii fără număr,ro
Migliori amici,Cei mai buni prieteni,ro
Migoczące Ostrze,Tăișuri sclipitoare,ro
Milagre de Soraka,Miracolul Sorakăi,ro
Milagro de Soraka,Miracolul Sorakăi,ro
Milio,Milio,ro
Min-Max,Min-Max,ro
Min-max,Min-Max,ro
Mindent egyre,Hai odată,ro
Mini Black Hole,Mini gaură neagră,ro
Mini Buco nero,Mini gaură neagră,ro
Mini Czarna Dziura,Mini gaură neagră,ro
Mini Kara Delik,Mini gaură neagră,ro
Mini Titani,Mici titani,ro
Mini fekete lyuk,Mini gaură neagră,ro
Mini trou noir,Mini gaură neagră,ro
Mini černá díra,Mini gaură neagră,ro
Mini-Tacticien,Titan micuț,ro
Miniagujero Negro,Mini gaură neagră,ro
Miniburaco Negro,Mini gaură neagră,ro
Minik Ama Ölümcül,Mici și letale,ro
Minik Devler,Mici titani,ro
Minik Dostlar,Prieteni micuți,ro
Minititanes,Mici titani,ro
Minititã,Titan micuț,ro
Mipim,Meepsie,ro
Miplík,Mip,ro
Mipo,Mip,ro
Mippino,Meepsie,ro
Mipík,Meepsie,ro
Mira Óptica,Optică de fixare a țintei,ro
Miracle de Soraka,Miracolul Sorakăi,ro
Miracolo di Soraka,Miracolul Sorakăi,ro
Mirrored Persona,Personalitate în oglindă,ro
Misfits,Inadaptați,ro
Miss Fortune,Miss Fortune,ro
Missed Connections,Legături ratate,ro
Mistr Yi,Master Yi,ro
Mitones,Mănuși strașnice,ro
Mittens,Mănuși strașnice,ro
Mniejsza Lustrzana Osobowość,Personalitate în oglindă minoră,ro
Mniejszy Tytan,Titan micuț,ro
Mobilidade Crescente,Ascensiune socială,ro
Mobilità aumentata,Ascensiune socială,ro
Mocný mech,Robotul Mecha impunător,ro
Modalità Convogliatore,Modul de intermediar,ro
Modalità replicante,Modul de replicator,ro
Modalità sfidante,Modul de competitor,ro
Mode Canalisateur,Modul de intermediar,ro
Mode Challenger,Modul de competitor,ro
Mode Réplicateur,Modul de replicator,ro
Modo Canalizador,Modul de intermediar,ro
Modo Conduíte,Modul de intermediar,ro
Modo Desafiante,Modul de competitor,ro
Modo Replicador,Modul de replicator,ro
Modo Retador,Modul de competitor,ro
Modo conducto,Modul de intermediar,ro
Modo contienda,Modul de competitor,ro
Modo réplica,Modul de replicator,ro
Modrý buff,Buff-ul albastru,ro
Mon arc est vôtre,Ia arcul meu,ro
Monetización Maligna,Monetizare ostilă,ro
Monetización malvada,Monetizare ostilă,ro
Monetização Maliciosa,Monetizare ostilă,ro
Monetizzazione infida,Monetizare ostilă,ro
Money Hungry,Goana după bani,ro
Money Monsoon,Muson de bani,ro
Monsoni sonanti,Muson de bani,ro
Monte um Amigo,Construiește-ți un prieten,ro
Monzón Millonario,Muson de bani,ro
Monzón de oro,Muson de bani,ro
Monção Monetária,Muson de bani,ro
Monétisation malveillante,Monetizare ostilă,ro
Mordekaiser,Mordekaiser,ro
Morellonomicon,Morellonomicon,ro
Morellonomicón,Morellonomicon,ro
Morellonomikon,Morellonomicon,ro
Morgana,Morgana,ro
Mortaja de la quietud,Văl uniform,ro
Mosse rischiose,Mutări riscante,ro
Moufles,Mănuși strașnice,ro
Movimentos Arriscados,Mutări riscante,ro
Mroczna Dama,Doamna întunecată,ro
Mroczne Gwiazdy,Stea întunecată,ro
Mudando de Área,Ramificare,ro
Muffole,Mănuși strașnice,ro
Muhafızın Adağı,Jurământul protectorului,ro
Muhteşem Meka,Robotul Mecha impunător,ro
Muñeco de Entrenamiento,Manechin de antrenament,ro
Muñecos de Prueba para Choques,Manechine animate,ro
Mučedníkova ctnost,Virtutea martirului,ro
Myślenie Przyszłościowe,Plan de viitor,ro
Mártírerény,Virtutea martirului,ro
Másolás,Reproducere,ro
Másoló,Replicator,ro
Másoló mód,Modul de replicator,ro
Máy Móc,Mecha,ro
Máš můj luk,Ia arcul meu,ro
Mão da Justiça,Mâna justiției,ro
Médaillon d'excitation,Medalion stimulant,ro
Médaillon de l'Iron Solari,Blazonul solarilor de fier,ro
Mételyékkő,Giuvaier blestemat,ro
Mínimo - Máximo,Min-Max,ro
Mínimo/Máximo,Min-Max,ro
Mírně magický hod,Reîncărcare relativ magică,ro
Món Quà Ngọt Ngào,Gustări dulci,ro
Móng Vuốt Sterak,Gheara lui Sterak,ro
Móng Vuốt Ám Muội,Gheara prădătorului,ro
Mögen die Vier mit dir sein,Patru de partea ta,ro
Mücevherli Eldiven,Mănușa cu nestemate,ro
Mücevherli Nilüfer,Lotus cu nestemate,ro
Müdafi,Bastion,ro
Müdafi Amblemi,Emblema bastionului,ro
Mũ Phù Thủy Rabadon,Pălăria malefică a lui Rabadon,ro
Mũ Thích Nghi,Coif cameleonic,ro
Mũ Tử Thần,Pălării mai letale,ro
"Một Bùa, Hai Bùa","Un buff, două buff-uri",ro
Một Hai Ba,"Unu, doi, trei",ro
"Một, Hai, Năm!","Unu, doi, cinci!",ro
Mở Lối,Creează o cale,ro
N.O.V.A.,N.O.V.A,ro
N.O.V.A. Amblemi,Emblema N.O.V.A.,ro
N.O.V.A. Emblem,Emblema N.O.V.A.,ro
N.O.V.A. embléma,Emblema N.O.V.A.,ro
N.O.V.A. 상징,Emblema N.O.V.A.,ro
N.O.V.A.-Emblem,Emblema N.O.V.A.,ro
N.O.V.A.の紋章,Emblema N.O.V.A.,ro
N.O.V.A.徽章,Emblema N.O.V.A.,ro
NHẮM MẮT CHƠI BỪA,"FĂRĂ ANALIZĂ, FĂRĂ SCHIMBĂRI",ro
NO SCOUT NO PIVOT,"FĂRĂ ANALIZĂ, FĂRĂ SCHIMBĂRI",ro
Na velikosti záleží,Mărimea contează,ro
Nach dem Himmel greifen,Țintește spre stele,ro
Nada Się,Tot sunt buni la ceva,ro
Nagy zsákbamacska,Punguță mare,ro
Nagy ölelés I.,Îmbrățișare de grup,ro
Najdi své těžiště,Găsește-ți centrul de putere,ro
Najeźdźca Zed,Invadatorul Zed,ro
Najlepsi Przyjaciele,Cei mai buni prieteni,ro
Nami,Nami,ro
Nanh Nashor,Dintele lui Nashor,ro
Naptűz köpeny,Mantie solară,ro
Naptűz tábla,Tabla solară,ro
Naramiennik Poszukiwacza,Brățara căutătorului,ro
Narozeninové setkání,Reuniune aniversară,ro
Narratív védelem,Protecție universală,ro
Narušitel Zed,Invadatorul Zed,ro
Nashor foga,Dintele lui Nashor,ro
Nashor's Tooth,Dintele lui Nashor,ro
Nashor'un Dişi,Dintele lui Nashor,ro
Nashors Zahn,Dintele lui Nashor,ro
Nashorův tesák,Dintele lui Nashor,ro
Nasus,Nasus,ro
Naszyjnik Żelaznych Solari,Blazonul solarilor de fier,ro
Nawałnica Luden,Furtuna lui Luden,ro
Ne Pahasına?,Dar cu ce preț,ro
Nebenwirkungen,Efecte secundare,ro
Needlessly Large Rod,Toiag uriaș,ro
Negatron Cloak,Mantie Negatron,ro
Negatron Pelerini,Mantie Negatron,ro
Negatron palást,Mantie Negatron,ro
Negatron-Mantel,Mantie Negatron,ro
Negatronový plášť,Mantie Negatron,ro
Nehéz a korona,Povara coroanei,ro
Nejlepší přátelé,Cei mai buni prieteni,ro
Nejtitěrnější titán,Titan micuț,ro
Nekonečné zoufalství,Disperare nemărginită,ro
Nenasytnost,Goana după bani,ro
Neodvolatelná volba,Angajament solid,ro
Neopotřebovaný,Proaspăt fabricat,ro
Neue Stufe!,Nivelul următor!,ro
Neuer Rekrut,Recrut nou,ro
Nevybíravý zabiják,Ucigaș fără discriminare,ro
New Recruit,Recrut nou,ro
Nezdolný,Supraviețuitor,ro
Nezdolný,Neînduplecare,ro
Nezlomné srdce,Iubire nezdruncinată,ro
Nghĩ Về Tương Lai,Plan de viitor,ro
Người Bạn Vàng,Construiește un însoțitor,ro
Người Đá,Golem,ro
Ngọn Giáo Shojin,Lancea lui Shojin,ro
Ngọn Gió Thứ Hai,Forțe proaspete,ro
Nhà Máy Tái Chế,Coș de recuperare,ro
Nhân Bản,Replicator,ro
Nhân Bản,Reproducere,ro
Nhất Thống,Unire în luptă,ro
Nhỏ Mà Có Võ,Mici și letale,ro
Những Người Bạn Nhỏ,Prieteni micuți,ro
Nicht nachlassen,Rezistența din prima linie,ro
Niebieskie Wzmocnienie,Buff-ul albastru,ro
Niech Czwórki Będą z Tobą,Patru de partea ta,ro
Nieprzerwane Przywołanie,Incantație continuă,ro
Nieskończona Rozpacz,Disperare nemărginită,ro
Niezłomne Serce,Iubire nezdruncinată,ro
Niezłomność,Neînduplecare,ro
Niveau supérieur !,Nivelul următor!,ro
Niveles en solitario,Creștere solo în nivel,ro
Ničitel času,Frângător al timpului,ro
Nişancı Yayı,Arc încovoiat,ro
No nos Separamos,Rămânem împreună,ro
Non proprio inutile,Tot sunt buni la ceva,ro
Nos mantenemos unidos,Rămânem împreună,ro
Notfallbögen,Arcuri de rezervă,ro
Nouveau départ,Misiune în acțiune,ro
Nouvelle recrue,Recrut nou,ro
Nouzová,Sfârșitul rațiunii,ro
Novo Nível!,Nivelul următor!,ro
Novo Recruta,Recrut nou,ro
Novo de Fábrica,Proaspăt fabricat,ro
Nová úroveň!,Nivelul următor!,ro
Nový rekrut,Recrut nou,ro
Nowy Rekrut,Recrut nou,ro
Nucleo dell'alba,Miezul zorilor,ro
Nuevecito,Proaspăt fabricat,ro
Nuevo Recluta,Recrut nou,ro
Nuevo de Fábrica,Proaspăt fabricat,ro
Nuevo recluta,Recrut nou,ro
Nunu & Willump,Nunu și Willump,ro
Nunu a Willump,Nunu și Willump,ro
Nunu e Willump,Nunu și Willump,ro
Nunu et Willump,Nunu și Willump,ro
Nunu i Willump,Nunu și Willump,ro
Nunu ve Willump,Nunu și Willump,ro
Nunu y Willump,Nunu și Willump,ro
Nunu és Willump,Nunu și Willump,ro
Nuova recluta,Recrut nou,ro
Nuovo di zecca,Proaspăt fabricat,ro
NÃO PIVOTO,"FĂRĂ ANALIZĂ, FĂRĂ SCHIMBĂRI",ro
NÉ ESPLORATORE NÉ STRATEGA,"FĂRĂ ANALIZĂ, FĂRĂ SCHIMBĂRI",ro
Nájemný zabiják,Ucigaș plătit,ro
Nákupní horečka,La cumpărături,ro
Nálož atributů!,Sute de atribute!,ro
Nástup,Aliniere,ro
Nâng Tầm Uy Lực,Putere augmentată,ro
Négységben az erő,"Unde-s 2 stele, puterea crește",ro
Núcleo Comercial,Comerț de bază,ro
Núcleo comercial,Comerț de bază,ro
Núcleo de Negócios,Comerț de bază,ro
Nước Cappa,Suc Cappa,ro
Nước Mắt Nữ Thần,Lacrima zeiței,ro
Nước Đi Liều Lĩnh,Mutări riscante,ro
Nếm Mùi Lửa,Întețește focul,ro
Nỏ Sét,Scânteie ionică,ro
O Big Bang,Big Bang,ro
O Ovo Dourado,Oul de aur,ro
Obchodní sektor,Sectorul comercial,ro
Objetivización de práctica,Manechinizare,ro
Objetivo de práctica,Manechin de antrenament,ro
Objetos de Pandora,Obiectele Pandorei,ro
Objets blindés,Gustări dulci,ro
Objets de Pandore,Obiectele Pandorei,ro
Oblicze Ducha,Înfățișarea sufletului,ro
Obracečka,Spatulă,ro
Obrońca Korony,Crownguard,ro
Obrońcy,Apărător,ro
Obrův opasek,Cureaua uriașului,ro
Obserwatorzy Gwiazd,Lumina stelelor,ro
Obsesión de Varus,Obsesia lui Varus,ro
Obsesja Varusa,Obsesia lui Varus,ro
Obsession de Varus,Obsesia lui Varus,ro
Obsessão de Varus,Obsesia lui Varus,ro
Obstinación,"FĂRĂ ANALIZĂ, FĂRĂ SCHIMBĂRI",ro
Obstination,"FĂRĂ ANALIZĂ, FĂRĂ SCHIMBĂRI",ro
Obumarły Relikt,Relicva ofilită,ro
Obyczajówka,Felie de viață,ro
Ocalały,Supraviețuitor,ro
Ocağı Harla,Forjă latentă,ro
Ochrana nekonečna,Protecția infinitului,ro
Ochranný val,Baricadă,ro
Ochrona Nieskończoności,Protecția infinitului,ro
Ochráncův slib,Jurământul protectorului,ro
Ociosidade,Plecat de la tastatură,ro
Oczekiwane Nieoczekiwanie,Surpriză nesurprinzătoare,ro
Océan de larmes,Cod roșu de lacrimi,ro
Odaklı Ateş,Foc concentrat,ro
Odkupiciel,Salvator,ro
Odkupienie,Pedeapsă,ro
Odnajdź Równowagę,Găsește-ți centrul de putere,ro
Odolná dvojka,Tancuri la xerox,ro
Odpadlík,Rebel,ro
Odplata,Pedeapsă,ro
Odražení ode dna,Povestea revenirii,ro
Odrzutki,Inadaptați,ro
Odstřelovač,Lunetist,ro
Odświeżanie na Zapas,Reîncărcări la grămadă,ro
Oferenda de Sangue,Ofrandă de sânge,ro
Offrande sanguinaire,Ofrandă de sânge,ro
Ofiara z Krwi,Ofrandă de sânge,ro
Ofrenda de Sangre,Ofrandă de sânge,ro
Ofrenda de sangre,Ofrandă de sânge,ro
Oggetti di Pandora,Obiectele Pandorei,ro
Ognista Armata,Tun-mitralieră,ro
Ohnivý výprodej,Reducere fulger,ro
Okos költekezés,Buget înțelept,ro
On a Roll,Pe val,ro
Onda Espacial,Distracție în spațiu,ro
Onda espacial,Distracție în spațiu,ro
"One Buff, Two Buff","Un buff, două buff-uri",ro
One Two Three,"Unu, doi, trei",ro
"One, Two, Five!","Unu, doi, cinci!",ro
Opatrovníkův spojenec,Aliatul îngrijitorului,ro
Oprýskaná relikvie,Relicva ofilită,ro
Optimisation optimisée,Putere augmentată,ro
Optique de verrouillage,Optică de fixare a țintei,ro
Optyka Namierzająca,Optică de fixare a țintei,ro
Optymalnie,Min-Max,ro
Opóźniona Kuźnia,Forjă latentă,ro
Oracle,Oracol,ro
Oracolo,Oracol,ro
Orakel,Oracol,ro
Orbes Curativos,Sfere vindecătoare,ro
Orbes curativos,Sfere vindecătoare,ro
Orbes de curación,Sfere vindecătoare,ro
Orbes de soins,Sfere vindecătoare,ro
Ornn,Ornn,ro
Oráculo,Oracol,ro
Osiłki,Bătăuș,ro
Ossessione di Varus,Obsesia lui Varus,ro
Ostatni Szept,Ultima șoaptă,ro
Ostnatá vesta,Vestă de mărăcini,ro
Ostoja,Baricadă,ro
Ostrze Gniewu Guinsoo,Spada furiei lui Guinsoo,ro
Ostrze Nieskończoności,Sabia infinitului,ro
Ostrze Nocy,Taina întunericului,ro
Ostrze Śmierci,Sabia morții,ro
Ostří nekonečna,Sabia infinitului,ro
Otimização,Min-Max,ro
Otisk duše,Înfățișarea sufletului,ro
Ottica a puntamento assistito,Optică de fixare a țintei,ro
Očekávaná neočekávanost,Surpriză nesurprinzătoare,ro
Oštěp Šódžinu,Lancea lui Shojin,ro
P'tits titans,Mici titani,ro
Pacchetto di aiuti,Pachet de îngrijire,ro
Paciencia de Ekko,Răbdarea lui Ekko,ro
Paciência de Ekko,Răbdarea lui Ekko,ro
Pacote de Reforço,Pachet de amplificare,ro
Pacote de Suprimentos,Pachet de îngrijire,ro
Pacte éternel,Pact etern,ro
Pacto Eterno,Pact etern,ro
Pacto eterno,Pact etern,ro
Paczka Wsparcia,Pachet de îngrijire,ro
Padella,Tigaia de aur,ro
Paff!,Zdrang!,ro
Palier 1,Legături ratate,ro
Palčáky,Mănuși strașnice,ro
Panca di Pandora,Banca Pandorei,ro
Panda de ladrones,Bandă de tâlhari,ro
Panda de ladrones II,Bandă de tâlhari II,ro
Pandora kispadja,Banca Pandorei,ro
Pandora tárgyai II.,Obiectele Pandorei,ro
Pandora'nın Eşyaları,Obiectele Pandorei,ro
Pandora'nın Yedekleri,Banca Pandorei,ro
Pandora's Bench,Banca Pandorei,ro
Pandora's Items,Obiectele Pandorei,ro
Pandoras Bank,Banca Pandorei,ro
Pandoras Gegenstände,Obiectele Pandorei,ro
Pandořina střídačka,Banca Pandorei,ro
Pandořiny předměty,Obiectele Pandorei,ro
Pantheon,Pantheon,ro
Panzerwalküre,Zeița armelor,ro
Paquete de Cuidados,Pachet de îngrijire,ro
Paquete de Mejora,Pachet de amplificare,ro
Paquete de mejora,Pachet de amplificare,ro
Par ici l'XP,Născut înțelept,ro
Parabraccia del cercatore,Brățara căutătorului,ro
Paragöz,Goana după bani,ro
Parancsnok,Comandant,ro
Parceria,În echipă,ro
Parlakpul Özü,Solzi sclipitori,ro
Partage emblématique,Rămânem împreună,ro
Parti Patisi,Petrecăreț,ro
Partial Ascension,Iluminare parțială,ro
Partiállat,Petrecăreț,ro
Party Animal,Petrecăreț,ro
Partytiger,Petrecăreț,ro
Pas Giganta,Cureaua uriașului,ro
Pas le choix,Dar cu ce preț,ro
Pasowy Przesyt,Curele fără număr,ro
Pasterze,Păstor,ro
Pastor,Păstor,ro
Pastore,Păstor,ro
Pastýř,Păstor,ro
Patelnia,Tigaia de aur,ro
Patience,Farmarea aurei,ro
Patience d'Ekko,Răbdarea lui Ekko,ro
Patience is a Virtue,Răbdarea e o virtute,ro
Patient Study,Studiu diligent,ro
Patientenstudie,Studiu diligent,ro
Patto eterno,Pact etern,ro
Pavois,Baricadă,ro
Pazienza di Ekko,Răbdarea lui Ekko,ro
Pařmen,Petrecăreț,ro
Pegno di Sterak,Gheara lui Sterak,ro
Pegno di sangue,Prețul sângelui,ro
Peleador,Bătăuș,ro
Peleryna Taktyka,Mantia tacticianului,ro
Pensamiento progresista,Plan de viitor,ro
Pensando no Futuro,Plan de viitor,ro
Pensar a Futuro,Plan de viitor,ro
Peníze na oběd,Bani de buzunar,ro
"Pequenas, Mas Letais",Mici și letale,ro
Pequenos Titãs,Mici titani,ro
Pequeño Titán,Titan micuț,ro
Pequeño pero mortífero,Mici și letale,ro
Pequeños pero matones,Mici și letale,ro
Perdición del liche,Urgia de pe lume,ro
Perdite calcolate,Pierdere calculată,ro
Perdição de Lich,Urgia de pe lume,ro
Pergamino ligeramente mágico,Reîncărcare relativ magică,ro
Pergamino mágico,Aruncare magică,ro
Persona Espelhada,Personalitate în oglindă,ro
Persona Espelhada Inferior,Personalitate în oglindă minoră,ro
Persona en Espejo,Personalitate în oglindă,ro
Persona en Espejo menor,Personalitate în oglindă minoră,ro
Personalità speculare,Personalitate în oglindă,ro
Personalità speculare minore,Personalitate în oglindă minoră,ro
Personalización exclusiva,Personalizare exclusivă,ro
Personalização Exclusiva,Personalizare exclusivă,ro
Personalizzazione esclusiva,Personalizare exclusivă,ro
Personnalité miroir,Personalitate în oglindă,ro
Personnalité miroir mineure,Personalitate în oglindă minoră,ro
Perszónatükör,Personalitate în oglindă,ro
Pesada es la Corona,Povara coroanei,ro
Pesada é a Coroa,Povara coroanei,ro
Pesante è la corona,Povara coroanei,ro
Pescando cumplidos,Farmarea aurei,ro
Pesimist,Apocaliptic,ro
Pestjuwel,Giuvaier blestemat,ro
Pestrá sebranka,Inadaptați,ro
Petit sac de butin,Punguță mică,ro
Petits mais costauds,Mici și letale,ro
Pevná linie,Rezistența din prima linie,ro
Pevné opasky,Curele fără număr,ro
Pečlivé ladění,Min-Max,ro
Pfannenwender,Spatulă,ro
Phi Vụ Trang Bị,Jaful componentelor,ro
Phong Kiếm,Zefir,ro
Pháo Xương Cá,Bubuilă,ro
Phân Nhánh,Ramificare,ro
Phép Màu Của Soraka,Miracolul Sorakăi,ro
Phóng Hỏa,Tabla solară,ro
Phản Ứng Phụ,Efecte secundare,ro
"Piccole, ma letali",Mici și letale,ro
Piccoli alleati,Prieteni micuți,ro
Piekielny Toporek,Secure din focul iadului,ro
Pieniążki na Obiad,Bani de buzunar,ro
Pile ou face,Pariu de aur,ro
Pilfer,Jaf,ro
Pillín radiante,Poznaș radiant,ro
Pioggia di statistiche!,Sute de atribute!,ro
Pistola Laminar Hextec,Pușcă cu baionetă hextech,ro
Pistola a lame hextech,Pușcă cu baionetă hextech,ro
Pistolame Hextech,Pușcă cu baionetă hextech,ro
Pisztolyistennő,Zeița armelor,ro
Placa Gargolítica,Platoșa garguiului,ro
Placa Solo,Platoșă unică,ro
Plancia del Sole,Tabla solară,ro
Planlı Mağlubiyet,Pierdere calculată,ro
Plano de Línea Trasera,Schiță pentru linia din spate,ro
Plano de retaguardia,Schiță pentru linia din spate,ro
Plateau solaire,Tabla solară,ro
Plemienna Zbroja,Armura lui Warmog,ro
Plocha slunečního žáru,Tabla solară,ro
Plot Armor,Protecție universală,ro
Pluie d'argent,Muson de bani,ro
Plán pro zadní řadu,Schiță pentru linia din spate,ro
Plášť slunečního žáru,Mantie solară,ro
Po Prostu Traf,Hai odată,ro
Podatek Poznawczy,Taxe cognitive,ro
Podejrzany Płaszcz,Trenci suspect,ro
Poder Aprimorado,Putere augmentată,ro
Poder Mejorado,Putere augmentată,ro
Poder mejorado,Putere augmentată,ro
Poderoso Mech,Robotul Mecha impunător,ro
Podezřelý pršiplášť,Trenci suspect,ro
Podpůrný implantát,Implant empatic,ro
Podróżnicy,Călător,ro
Podstawy Boksu,Lecții de box,ro
Podsycenie Płomieni,Întețește focul,ro
Podwójna Wytrzymałość,Tancuri la xerox,ro
Podziel Się Uwagą Yasuo,Yasuo: Împarte centrul atenției,ro
Pofuduk Eldiven,Mănuși strașnice,ro
Pogromca Olbrzymów,Vânătorul de uriași,ro
Pohodový život,Felie de viață,ro
Pohár moci,Pocalul puterii,ro
Poignard de Statikk,Cuțit electrostatic,ro
Poiscaille,Bubuilă,ro
Pojemnik na Złom,Coș de recuperare,ro
Pokoli csatabárd,Secure din focul iadului,ro
Pokročilá půjčka,Împrumut avansat,ro
Polovodič,Semiconductor,ro
Polowanie na Skarb,Vânătoare de comori,ro
Poppy,Poppy,ro
Porcelanowe Działo,"Puternic, dar fragil",ro
Porque yo lo valgo,Tot sunt buni la ceva,ro
Portable Forge,Forjă portabilă,ro
Portail de Zz'Rot,Portal Zz'rot,ro
Portal Zz'Rot,Portal Zz'rot,ro
Portal de Zz'Rot,Portal Zz'rot,ro
Portale Zz'Rot,Portal Zz'rot,ro
Portál Zz'Rotu,Portal Zz'rot,ro
Posición defensiva,Rezistența din prima linie,ro
Posilovací balíček,Pachet de amplificare,ro
Poslední zašeptání,Ultima șoaptă,ro
Postav si kámoše,Construiește-ți un prieten,ro
Posępny Herold Zeke'a,Solul dezolant al lui Zeke,ro
Potere dell'Impianto,Putere augmentată,ro
Potok slz,Cod roșu de lacrimi,ro
Potężny Mech,Robotul Mecha impunător,ro
Poutník,Călător,ro
Pozlacená ocel,Oțel aurit,ro
Poznawcze Przeciążenie,Supraîncărcare cognitivă,ro
Pozłacana Stal,Oțel aurit,ro
Poêle à frire,Tigaia de aur,ro
Požehnaný bohy,Binecuvântat de zei,ro
Prapůvodní,Primordian,ro
Precio Sangriento,Prețul sângelui,ro
Precio sangriento,Prețul sângelui,ro
Precisión infalible,Focalizarea orizontului,ro
Predone,Brigand,ro
Preiskämpfer,Învingătorii iau totul,ro
Première ligne,Aliniere,ro
Presente de Aniversário,Cadou aniversar,ro
Preservador de Biomateria,Conservare de biomaterial,ro
Preservador de Biomatéria,Conservare de biomaterial,ro
Preservador de biomateria,Conservare de biomaterial,ro
Pretendenci,Competitor,ro
Prevalere,Victorie neașteptată,ro
Prezent Urodzinowy,Cadou aniversar,ro
Preço em Sangue,Prețul sângelui,ro
Primeras Lecciones,Învățături timpurii,ro
Primi insegnamenti,Învățături timpurii,ro
Primordia'lı,Primordian,ro
Primordia'lı Amblemi,Emblema primordienilor,ro
Primordiai,Primordian,ro
Primordiai embléma,Emblema primordienilor,ro
Primordian,Primordian,ro
Primordian Emblem,Emblema primordienilor,ro
Primordianer,Primordian,ro
Primordianer-Emblem,Emblema primordienilor,ro
Primordianie,Primordian,ro
Primordiano,Primordian,ro
Primordien,Primordian,ro
Prismatic Ticket,Bilet prismatic,ro
Prismatisches Ticket,Bilet prismatic,ro
Prizefighter,Învingătorii iau totul,ro
Prizmatik Bilet,Bilet prismatic,ro
Probuzení duše,Trezirea sufletului,ro
Progresión en el juego tardío,Creștere pe final de joc,ro
Progresión final,Creștere pe final de joc,ro
Projeto da Retaguarda,Schiță pentru linia din spate,ro
Prokletá koruna,Coroana blestemată,ro
Prokleté ostří,Sabia blestemată,ro
Promesa de caballero,Legământul cavalerului,ro
Promesa del Caballero,Legământul cavalerului,ro
Promesa del protector,Jurământul protectorului,ro
Promoção de Cintos,Curele fără număr,ro
Promoção de Espadas,Săbii fără număr,ro
Promoção de Varinhas,Toiege fără număr,ro
Promyšlená prohra,Pierdere calculată,ro
Prosekání cesty,Creează o cale,ro
Prostředník,Intermediar,ro
Protagonista Nigdy Nie Umiera,Protecție universală,ro
Protección del Infinito,Protecția infinitului,ro
Protección en solitario,Platoșă unică,ro
Protección infinita,Protecția infinitului,ro
Protection infinie,Protecția infinitului,ro
Protector pétreo de gárgola,Platoșa garguiului,ro
Protector's Vow,Jurământul protectorului,ro
Protezione di trama,Protecție universală,ro
Protezione infinita,Protecția infinitului,ro
Proteção Imutável,Văl uniform,ro
Proteção do Infinito,Protecția infinitului,ro
Protège-bras du savant,Brățara căutătorului,ro
Provisiones,Pachet de îngrijire,ro
Provizorní zbroj,Armură improvizată,ro
Prowler's Claw,Gheara prădătorului,ro
Prozíravost,Plan de viitor,ro
Pryzmatyczny Bilet,Bilet prismatic,ro
Przebudzenie Duszy,Trezirea sufletului,ro
Przedmioty Pandory,Obiectele Pandorei,ro
Przekaźnik,Intermediar,ro
Przeklęta Korona,Coroana blestemată,ro
Przeklęte Ostrze,Sabia blestemată,ro
Przeniesienie Ładunku,Transfer de încărcare,ro
Przenośna Kuźnia,Forjă portabilă,ro
Przodownicy Składu,Aliniere,ro
Przysięga Rycerska,Legământul cavalerului,ro
Préstamo Anticipado,Împrumut avansat,ro
Préstamo avanzado,Împrumut avansat,ro
Prêt anticipé,Împrumut avansat,ro
Prędkość Meepa,Viteză termipnală,ro
Psionic,Psionic,ro
Psionic Emblem,Emblema psionică,ro
Psionico,Psionic,ro
Psioniczni,Psionic,ro
Psionik,Psionic,ro
Psionik Amblemi,Emblema psionică,ro
Psionique,Psionic,ro
Psionisch,Psionic,ro
Psionisch-Emblem,Emblema psionică,ro
Psiónico,Psionic,ro
Psiônico,Psionic,ro
Pszionikus,Psionic,ro
Pszionikus embléma,Emblema psionică,ro
Puchar Potęgi,Pocalul puterii,ro
Pugnale di Statikk,Cuțit electrostatic,ro
Puissance 4,"Unde-s 2 stele, puterea crește",ro
Pulsar sombre,Stea întunecată,ro
Puppifizierung,Manechinizare,ro
Puñal de Statikk,Cuțit electrostatic,ro
Pyke,Pyke,ro
Pálcaszállítmány,Toiege fără număr,ro
Páros várólista,Listă duo,ro
Pásztor,Păstor,ro
Pásztor embléma,Emblema păstorilor,ro
Pénzes persely,Cont de economii,ro
Pénzmonszun,Muson de bani,ro
Pénzéhes,Goana după bani,ro
Pérdida Calculada,Pierdere calculată,ro
Pérdida calculada,Pierdere calculată,ro
Pícaro,Rebel,ro
Półprzewodnik,Semiconductor,ro
Pěstnice Prázdnoty,Mănușa Vidului,ro
Płaszcz Negacji,Mantie Negatron,ro
Płynące Łzy,Lacrimi curgătoare,ro
Přebytek holí,Toiege fără număr,ro
Přebytek mečů,Săbii fără număr,ro
Předplacená služba,Abonament,ro
Předvoj,Apărător,ro
Přelom noci,Taina întunericului,ro
Přenos náboje,Transfer de încărcare,ro
Přenosná kovárna,Forjă portabilă,ro
Přizpůsobivá přilba,Coif cameleonic,ro
Přízračná šavle,Hanger fantomatic,ro
Quang Lân Tiểu Yêu,Poznaș radiant,ro
Quatre cents coups,Patru de partea ta,ro
Quay Trúng Thưởng,Reîncărcare relativ magică,ro
Que los Cuatros te Acompañen,Patru de partea ta,ro
Que los cuatros te acompañen,Patru de partea ta,ro
Que os Quatros Estejam com Você,Patru de partea ta,ro
Quecksilber,Argint viu,ro
Quem Espera Sempre Alcança,Răbdarea e o virtute,ro
Question de taille,Mărimea contează,ro
Quicksilver,Argint viu,ro
Quyền Năng Khổng Lồ,Voința titanului,ro
Quyền Trượng Thiên Thần,Toiagul arhanghelului,ro
Quyền Trượng Thánh Quang,Virtutea martirului,ro
Quà Sinh Nhật,Cadou aniversar,ro
Quá Tải Tư Duy,Supraîncărcare cognitivă,ro
Quân Đoàn 3 Sao,Legiunea de trei,ro
Quỷ Thư Morello,Morellonomicon,ro
Quỹ Phòng Hộ,Fond de investiții,ro
Rabadon halálsüvege,Pălăria malefică a lui Rabadon,ro
Rabadon's Deathcap,Pălăria malefică a lui Rabadon,ro
Rabadon'un Şapkası,Pălăria malefică a lui Rabadon,ro
Rabadons Todeshaube,Pălăria malefică a lui Rabadon,ro
Rabadonův smrtící klobouk,Pălăria malefică a lui Rabadon,ro
Raccolta differenziata,Coș de recuperare,ro
Radiant Rascal,Poznaș radiant,ro
Radici diffuse,Rădăcini răspândite,ro
Raffinierte Herstellung,Forja reîncărcărilor,ro
Rakeťák,Bubuilă,ro
Ramificación,Ramificare,ro
Ramię w Ramię,Rămânem împreună,ro
Rammus,Rammus,ro
Rapid Firecannon,Tun-mitralieră,ro
Rappresaglia,Pedeapsă,ro
Rasga-tempo,Frângător al timpului,ro
Raufbold,Bătăuș,ro
Raufbold-Emblem,Emblema bătăușilor,ro
Ravitaillement,Pachet de îngrijire,ro
"Raz, Dwa, Pięć!","Unu, doi, cinci!",ro
"Raz, Dwa, Trzy","Unu, doi, trei",ro
"Raz, dva, pět!","Unu, doi, cinci!",ro
Raíces Propagadoras,Rădăcini răspândite,ro
Raíces expansivas,Rădăcini răspândite,ro
Raízes Alastradas,Rădăcini răspândite,ro
Rdzeń Handlu,Comerț de bază,ro
Rdzeń Świtu,Miezul zorilor,ro
Reach for the Stars,Țintește spre stele,ro
Rebelle,Rebel,ro
Recombobulador,Recombobulator,ro
Recombobulateur,Recombobulator,ro
Recombobulator,Recombobulator,ro
Recomeçar Missão,Misiune în acțiune,ro
Recomeço Cósmico,Repornire cosmică,ro
Recursos de Ferro,Tare ca fierul,ro
Recursos de Hierro,Tare ca fierul,ro
Recursos de hierro,Tare ca fierul,ro
Recurve Bow,Arc încovoiat,ro
Recyclingtonne,Coș de recuperare,ro
Recyklátor,Coș de recuperare,ro
Red Buff,Buff-ul roșu,ro
Redeemer,Salvator,ro
Redentor,Salvator,ro
Redentora,Salvator,ro
Redentore,Salvator,ro
Reflexní luk,Arc încovoiat,ro
Reflexíj,Arc încovoiat,ro
Regalo de cumpleaños,Cadou aniversar,ro
Regalo di compleanno,Cadou aniversar,ro
Regiaguardia,Crownguard,ro
ReinFOURcement,"Unde-s 2 stele, puterea crește",ro
Reiniciar Misión,Misiune în acțiune,ro
Reinicio Cósmico,Repornire cosmică,ro
Reinicio cósmico,Repornire cosmică,ro
Reinicio de misión,Misiune în acțiune,ro
Rek'Sai,Rek'Sai,ro
Rekombinator,Recombobulator,ro
Rekombobulator,Recombobulator,ro
Rekombobulátor,Recombobulator,ro
Rekursivbogen,Arc încovoiat,ro
Relances régulières,Comerț de bază,ro
Relances épiques,Reîncărcări epice,ro
Relances étoilées,Pe val,ro
Relato de un regreso,Povestea revenirii,ro
Relicario Enervante,Medalion stimulant,ro
Relicario de los Solari de Hierro,Blazonul solarilor de fier,ro
Relique flétrie,Relicva ofilită,ro
Reliquia Marchita,Relicva ofilită,ro
Reliquia appassita,Relicva ofilită,ro
Reliquia marchita,Relicva ofilită,ro
Relíquia Definhada,Relicva ofilită,ro
Rendelkezz az íjammal,Ia arcul meu,ro
Repaire du baron,Bârlogul Baronului,ro
Replica,Reproducere,ro
Replicador,Replicator,ro
Replicante,Replicator,ro
Replication,Reproducere,ro
Replicator,Replicator,ro
Replicator Mode,Modul de replicator,ro
Replicação,Reproducere,ro
Replikace,Reproducere,ro
Replikacja,Reproducere,ro
Replikacı,Replicator,ro
Replikacı Modu,Modul de replicator,ro
Replikator,Replicator,ro
Replikator-Modus,Modul de replicator,ro
Replikatorzy,Replicator,ro
Replikační režim,Modul de replicator,ro
Replikátor,Replicator,ro
Rerroleo Épico,Reîncărcări epice,ro
Reserva de Pandora,Banca Pandorei,ro
Resolución titánica,Voința titanului,ro
Restart Misji,Misiune în acțiune,ro
Restart Mission,Misiune în acțiune,ro
Restartování mise,Misiune în acțiune,ro
Restiamo uniti,Rămânem împreună,ro
Retador,Competitor,ro
Retribución,Pedeapsă,ro
Retribution,Pedeapsă,ro
Reunión cumpleañera,Reuniune aniversară,ro
Reunión de Cumpleaños,Reuniune aniversară,ro
Reviravolta,Povestea revenirii,ro
Režim Prostředník,Modul de intermediar,ro
Rhaast,Rhaast,ro
Riavvia missione,Misiune în acțiune,ro
Riavvio cosmico,Repornire cosmică,ro
Ribalta condivisa di Yasuo,Yasuo: Împarte centrul atenției,ro
Richiamo al caos,Chemarea haosului,ro
Ricombussolatore,Recombobulator,ro
Riesenschlächter,Vânătorul de uriași,ro
Riesenschwert,Sabia forței brute,ro
Rift Scuttler,Crabul,ro
Risikofonds,Fond de investiții,ro
Riskante Aktionen,Mutări riscante,ro
Riskantní tah,Mutări riscante,ro
Risky Moves,Mutări riscante,ro
Risorse ferrose,Tare ca fierul,ro
Risveglio dell'anima,Trezirea sufletului,ro
Ritmo Spaziale,Distracție în spațiu,ro
Ritrovo di compleanno,Reuniune aniversară,ro
Ritterschwur,Legământul cavalerului,ro
Riven,Riven,ro
Robbanásszerű fejlődés,Creștere explozivă,ro
Robo de componentes,Jaful componentelor,ro
Robot,Robotul Mecha impunător,ro
Rogue,Rebel,ro
Rogue Emblem,Emblema rebelilor,ro
Rolling For Days,Reîncărcări la grămadă,ro
Rolling for Days,Reîncărcări la grămadă,ro
Rolo Compressor,Pe val,ro
Rompetiempo,Frângător al timpului,ro
Rostro espiritual,Înfățișarea sufletului,ro
Roter Buff,Buff-ul roșu,ro
Roubo de Componentes,Jaful componentelor,ro
Rouška nehybnosti,Vălul nemișcării,ro
Rozgałęzienie,Ramificare,ro
Rozmiar Ma Znaczenie,Mărimea contează,ro
Rozruch,Pornire rapidă,ro
Rozrůstání kořenů,Rădăcini răspândite,ro
Rozsądne Wydatki,Buget înțelept,ro
Rozvětvení,Ramificare,ro
Rtuť,Argint viu,ro
Ruf des Chaos,Chemarea haosului,ro
Rufián Radiante,Poznaș radiant,ro
Rugalmas,Flexibilitate,ro
Ruh Gömleği,Înfățișarea sufletului,ro
Ruh Uyanışı,Trezirea sufletului,ro
Ruka spravedlnosti,Mâna justiției,ro
Rukavice pro štěstí,Mănuși norocoase,ro
Rváč,Bătăuș,ro
Rybeńka,Bubuilă,ro
Rychlopalné ohnivé dělo,Tun-mitralieră,ro
Rychlý dvojzářez,Dublu asasinat rapid,ro
Rychlý start,Pornire rapidă,ro
Rytířský slib,Legământul cavalerului,ro
Ryzykowne Posunięcia,Mutări riscante,ro
Rzeka Łez,Cod roșu de lacrimi,ro
Récompenses de guerre,Calea războiului,ro
Rédempteur,Salvator,ro
Réinitialisation cosmique,Repornire cosmică,ro
Réplica,Reproducere,ro
Réplicateur,Replicator,ro
Résistance acharnée,Protecție universală,ro
Részleges Felemelkedés,Iluminare parțială,ro
Réunion d'anniversaire,Reuniune aniversară,ro
Rìu Hỏa Ngục,Secure din focul iadului,ro
Rìu Đại Mãng Xà,Hidra titanilor,ro
Río de lágrimas,Lacrimi curgătoare,ro
Różdżkowy Przesyt,Toiege fără număr,ro
Rögtönzött páncél,Armură improvizată,ro
Ręka Sprawiedliwości,Mâna justiției,ro
Rękawica Pustki,Mănușa Vidului,ro
Rękawice Sparingowe,Mănuși de antrenament,ro
Rękawice Złodzieja,Mănușile tâlharului,ro
Rękawiczki,Mănuși strașnice,ro
Rồng Đẻ Trứng Vàng,Oul de aur,ro
SZILÁRD ELTÖKÉLTSÉG,"FĂRĂ ANALIZĂ, FĂRĂ SCHIMBĂRI",ro
Saber Gastar,Buget înțelept,ro
Sable Espectral,Hanger fantomatic,ro
Sable espectral,Hanger fantomatic,ro
Sable-pistola hextech,Pușcă cu baionetă hextech,ro
Sablepistola Hextech,Pușcă cu baionetă hextech,ro
Sabre spectral,Hanger fantomatic,ro
Sabır Erdemdir,Răbdarea e o virtute,ro
Sac de butin,Punguță cu obiecte surpriză,ro
Saco de Brindes,Punguță cu obiecte surpriză,ro
Saco de Brindes Heroico,Punguță eroică,ro
Saco de Brindes Pequeno,Punguță mică,ro
Saco de Brindes Recheado,Punguță mare,ro
Saco de Brindes do Urf,Punguța lui Urf,ro
Sacrificio cruento,Ofrandă de sânge,ro
Sadakat,Angajament solid,ro
Safları Koru,Rezistența din prima linie,ro
Saklı Gerçek,Kahunahuna,ro
Saldi imperdibili,Reducere fulger,ro
Saldão,Reducere fulger,ro
Salvage Bin,Coș de recuperare,ro
Samira,Samira,ro
Sanguinaire,Prețul sângelui,ro
Sanguinaria,Sabia sângeroasă,ro
Saqueador,Brigand,ro
Sartén,Tigaia de aur,ro
Saum der Nacht,Taina întunericului,ro
Sauter une classe,Victorie neașteptată,ro
Savaş Yolu,Calea războiului,ro
Savings Account,Cont de economii,ro
Scalata verso il successo,Creștere în clasament,ro
Scegli tratto,Alege caracteristica,ro
Sceptre vampirique corrompu,Sceptru vampiric corupt,ro
Scettro dell'arcangelo,Toiagul arhanghelului,ro
Scettro serafino,Sceptrul serafimului,ro
Scettro vampirico corrotto,Sceptru vampiric corupt,ro
Scharfschütze,Lunetist,ro
Scharfschütze-Emblem,Emblema lunetiștilor,ro
Schattenpuppe,Păpușa din umbră,ro
Schatzjagd,Vânătoare de comori,ro
Schema della retroguardia,Schiță pentru linia din spate,ro
Schemat Tylnej Formacji,Schiță pentru linia din spate,ro
Schiantare,Îmbrâncire,ro
Schicksalsweber,Țesător al destinului,ro
Schild des Taktikers,Scutul tacticianului,ro
Schlag zu,Îmbrâncire,ro
Schlussverkauf,Reducere fulger,ro
Schmiede einen Freund,Creează un prieten,ro
Schnellfeuer-Geschütz,Tun-mitralieră,ro
Schurke,Rebel,ro
Schurken-Emblem,Emblema rebelilor,ro
Schutz der Unendlichkeit,Protecția infinitului,ro
Schwer ist die Krone,Povara coroanei,ro
Schwertschmied,Meșter de săbii,ro
Schwertüberfluss,Săbii fără număr,ro
Schwur des Beschützers,Jurământul protectorului,ro
Schüre das Feuer,Întețește focul,ro
Sciabola spettrale,Hanger fantomatic,ro
Scintilla ionica,Scânteie ionică,ro
Scommessa dorata,Pariu de aur,ro
Scommessa rischiosa,Angajament solid,ro
Scudo dello stratega,Scutul tacticianului,ro
Sdílená zbroj,Protecție universală,ro
Sebevražední panáci,Manechine animate,ro
Second Wind,Forțe proaspete,ro
Second souffle,Forțe proaspete,ro
Secondo fiato,Forțe proaspete,ro
Secteur commercial,Sectorul comercial,ro
Section Anima,Anima,ro
Sector comercial,Sectorul comercial,ro
Sector de Intercambio,Sectorul comercial,ro
Sed de dinero,Goana după bani,ro
Sede de Riqueza,Goana după bani,ro
Sedenta por Sangue,Sabia sângeroasă,ro
Seeker's Armguard,Brățara căutătorului,ro
Seelenerwachen,Trezirea sufletului,ro
Segen der Wiederbelebung,Favorul resurecției,ro
Segundo Aire,Forțe proaspete,ro
Sehraný tým,În echipă,ro
Sekera pekelného ohně,Secure din focul iadului,ro
Sektor Wymiany,Sectorul comercial,ro
Selbstständig machen,Ramificare,ro
Semblante Espiritual,Înfățișarea sufletului,ro
Semi-conducteur,Semiconductor,ro
Semiconductor,Semiconductor,ro
Semicondutor,Semiconductor,ro
Semiconduttore,Semiconductor,ro
Sendero de Guerra,Calea războiului,ro
Sendero de guerra,Calea războiului,ro
Sentencia,Mediator,ro
Sentenciador,Mediator,ro
Sentiero di guerra,Calea războiului,ro
Serafínova hůl,Sceptrul serafimului,ro
Seraphim's Staff,Sceptrul serafimului,ro
Serbest Yatırım Fonu,Fond de investiții,ro
Serce ze Stali,Inimă de oțel,ro
Serpenyő,Tigaia de aur,ro
Serve para Algo,Tot sunt buni la ceva,ro
Servicio de Suscripción,Abonament,ro
Servicio de suscripción,Abonament,ro
Servizio ad abbonamento,Abonament,ro
Serviço de Assinatura,Abonament,ro
Setor de Troca,Sectorul comercial,ro
Settore dello scambio,Sectorul comercial,ro
Seviye Atla!,Nivelul următor!,ro
Seyyah,Călător,ro
Seyyah Amblemi,Emblema călătorilor,ro
Sfere curative,Sfere vindecătoare,ro
Sfidante,Competitor,ro
Shadow Puppet,Păpușa din umbră,ro
Shen,Shen,ro
Shepherd,Păstor,ro
Shepherd Emblem,Emblema păstorilor,ro
Shimmerscale Essence,Solzi sclipitori,ro
Shojin lándzsája,Lancea lui Shojin,ro
Shojin'in Mızrağı,Lancea lui Shojin,ro
Shopping Spree,La cumpărături,ro
Shopping intensif,La cumpărături,ro
Shopping scatenato,La cumpărături,ro
Shroud of Stillness,Vălul nemișcării,ro
Sibernetik Aktarım,Conexiune cibernetică,ro
Sibernetik İmplant,Implanturi cibernetice,ro
Sicario,Ucigaș plătit,ro
Side Effects,Efecte secundare,ro
Siegeszug,Victorie neașteptată,ro
Signora Oscura,Doamna întunecată,ro
Silberlöffel,Născut înțelept,ro
Silver Spoon,Născut înțelept,ro
Silvermere Dawn,Răsăritul din Silvermere,ro
Sinal de Sterak,Gheara lui Sterak,ro
Sinh Nhật Đoàn Tụ,Reuniune aniversară,ro
Sinir İmplantı,Implant empatic,ro
Sinsi,Rebel,ro
Sinsi Amblemi,Emblema rebelilor,ro
Sinsi Pençe,Gheara prădătorului,ro
Siper,Baricadă,ro
Size Matters,Mărimea contează,ro
Siêu Linh,Psionic,ro
Siêu Thú,Anima,ro
Siêu Vũ Trụ,Big Bang,ro
Siêu Xẻng,Spatulă,ro
Sięganie ku Gwiazdom,Țintește spre stele,ro
Skalierung im späten Spiel,Creștere pe final de joc,ro
Skalowanie w Późnej Fazie Gry,Creștere pe final de joc,ro
Skleněné dělo,"Puternic, dar fragil",ro
Skok po Składniki,Jaful componentelor,ro
Skupienie Horyzontalne,Focalizarea orizontului,ro
Skupiony Ogień,Foc concentrat,ro
Slammin',Îmbrâncire,ro
Slaďounké dobroty,Gustări dulci,ro
Slice of Life,Felie de viață,ro
Slightly Magic Roll,Reîncărcare relativ magică,ro
Slza bohyně,Lacrima zeiței,ro
Small Grab Bag,Punguță mică,ro
Smoczy Szpon,Gheara dragonului,ro
Snajperzy,Lunetist,ro
Sniper,Lunetist,ro
Sniper Emblem,Emblema lunetiștilor,ro
Sobrecarga Cognitiva,Supraîncărcare cognitivă,ro
Sobrecarga cognitiva,Supraîncărcare cognitivă,ro
Sobrecarga de Varas,Toiege fără număr,ro
Sobrecarga de cinturones,Curele fără număr,ro
Sobrecarga de espadas,Săbii fără număr,ro
Sobrecarga de varitas,Toiege fără număr,ro
Sobretudo Suspeito,Trenci suspect,ro
Sobrevivente,Supraviețuitor,ro
Sobreviviente,Supraviețuitor,ro
Sodronyozott mellény,Vestă de zale,ro
Soif-de-sang,Sabia sângeroasă,ro
Sojusznik Opiekuna,Aliatul îngrijitorului,ro
Sok Cappa,Suc Cappa,ro
Soldi per il pranzo,Bani de buzunar,ro
Solo Leveling,Creștere solo în nivel,ro
Solo Plate,Platoșă unică,ro
Solo Pétreo,Platoșă unică,ro
Solo-Leveling,Creștere solo în nivel,ro
Solo-Steinpanzer,Platoșă unică,ro
Solowa Płyta,Platoșă unică,ro
Sombrero Mortífero de Rabadon,Pălăria malefică a lui Rabadon,ro
Sombrero mortal de Rabadon,Pălăria malefică a lui Rabadon,ro
Sombreros Más Letales,Pălării mai letale,ro
Sombreros más mortales,Pălării mai letale,ro
Son Fısıltı,Ultima șoaptă,ro
Sona,Sona,ro
Sona Kalanlar,Supraviețuitor,ro
Song Sát Tốc Hành,Dublu asasinat rapid,ro
Song Vệ,Gardienii gemeni,ro
Song Đấu,Duelist divin,ro
Sonnenfeuer-Brett,Tabla solară,ro
Sonnenfeuer-Umhang,Mantie solară,ro
Sonsuz Büyü,Incantație continuă,ro
Sonsuz Karanlık,Stea întunecată,ro
Sonsuz Karanlık Amblemi,Emblema stelelor întunecate,ro
Sonsuz Çaresizlik,Disperare nemărginită,ro
Sopa Fazlalığı,Toiege fără număr,ro
Sopa İşçisi,Meșter de toiege,ro
Soraka csodatétele,Miracolul Sorakăi,ro
Soraka áldása,Favorul Sorakăi,ro
Soraka'nın Lütfu,Favorul Sorakăi,ro
Soraka'nın Mucizesi,Miracolul Sorakăi,ro
Soraka's Boon,Favorul Sorakăi,ro
Soraka's Miracle,Miracolul Sorakăi,ro
Sorakas Segen,Favorul Sorakăi,ro
Sorakas Wunder,Miracolul Sorakăi,ro
Soračin dar,Favorul Sorakăi,ro
Soračin zázrak,Miracolul Sorakăi,ro
Sorsszövő,Țesător al destinului,ro
Sorte em Alta,Te simți norocos,ro
Sorvadt ereklye,Relicva ofilită,ro
Soubojový režim,Modul de competitor,ro
Soudce,Mediator,ro
Soul Awakening,Trezirea sufletului,ro
Soustředěná palba,Foc concentrat,ro
Soustředěný horizont,Focalizarea orizontului,ro
Soutien indéfectible,Unire în luptă,ro
Souvislé sesílání,Incantație continuă,ro
Sovraccarico cognitivo,Supraîncărcare cognitivă,ro
Spaccato di vita,Felie de viață,ro
Space Groove,Distracție în spațiu,ro
Space Groove Emblem,Emblema distracției în spațiu,ro
Spaczony Wampiryczny Kostur,Sceptru vampiric corupt,ro
Sparkonto,Cont de economii,ro
Sparring Gloves,Mănuși de antrenament,ro
Spasitel,Salvator,ro
Spatola,Spatulă,ro
Spatula,Spatulă,ro
Spatule,Spatulă,ro
Spear of Shojin,Lancea lui Shojin,ro
Specialista del finale,Specialistul sfârșitului jocului,ro
Specialista na závěrečnou fázi,Specialistul sfârșitului jocului,ro
Specjalista od Końcówki,Specialistul sfârșitului jocului,ro
Specjalistyczny Hełm,Coif cameleonic,ro
Spectral Cutlass,Hanger fantomatic,ro
Spedizione,Expediție,ro
Speedy Double Kill,Dublu asasinat rapid,ro
Speer von Shojin,Lancea lui Shojin,ro
Spektrales Entermesser,Hanger fantomatic,ro
Spektrum jegy,Bilet prismatic,ro
Spektrální vstupenka,Bilet prismatic,ro
Speranza perduta,Sfârșitul rațiunii,ro
Spesa oculata,Buget înțelept,ro
Spezzatempo,Frângător al timpului,ro
Spirit Visage,Înfățișarea sufletului,ro
Spirit of Redemption,Spiritul izbăvirii,ro
Spirito di redenzione,Spiritul izbăvirii,ro
Splétaná magie,Magie întrepătrunsă,ro
Splétač osudu,Țesător al destinului,ro
Společné objetí,Îmbrățișare de grup,ro
Spořicí účet,Cont de economii,ro
Spreading Roots,Rădăcini răspândite,ro
Spécialiste des fins de partie,Specialistul sfârșitului jocului,ro
Spéculation,Fond de investiții,ro
Srdce z oceli,Inimă de oțel,ro
Stab des Erzengels,Toiagul arhanghelului,ro
Stabschmied,Meșter de toiege,ro
Stabüberfluss,Toiege fără număr,ro
Staffsmith,Meșter de toiege,ro
Stand United,Unire în luptă,ro
Stargazer,Lumina stelelor,ro
Stargazer Emblem,Emblema luminii stelelor,ro
Statikk Hançer,Cuțit electrostatic,ro
Statikk Shiv,Cuțit electrostatic,ro
Statikk töltőpengéje,Cuțit electrostatic,ro
Statikkova kudla,Cuțit electrostatic,ro
Statikks Stich,Cuțit electrostatic,ro
Stats à foison !,Sute de atribute!,ro
Stavebnice společníků,Construiește un însoțitor,ro
Steadfast Heart,Iubire nezdruncinată,ro
Steinpanzer des Wasserspeiers,Platoșa garguiului,ro
Stella Oscura,Stea întunecată,ro
Stellar Combo,Combinație stelară,ro
Stemma di Lightshield,Blazonul Lightshield,ro
Stemmaguarda,Crownguard,ro
Sterak kihívása,Gheara lui Sterak,ro
Sterak's Gage,Gheara lui Sterak,ro
Sterak'ın Güvencesi,Gheara lui Sterak,ro
Sterakova zástava,Gheara lui Sterak,ro
Steraks Pegel,Gheara lui Sterak,ro
Sterndeuter,Lumina stelelor,ro
Sterndeuter-Emblem,Emblema luminii stelelor,ro
Sternen-Kombo,Combinație stelară,ro
Sternenvernichter,Stea întunecată,ro
Sternenvernichter-Emblem,Emblema stelelor întunecate,ro
Stibitzen,Jaf,ro
Stopařčin chránič,Brățara căutătorului,ro
Storia di una rimonta,Povestea revenirii,ro
Strahlender Halunke,Poznaș radiant,ro
Strateji Ustası Kalkanı,Scutul tacticianului,ro
Strateji Ustası Pelerini,Mantia tacticianului,ro
Strateji Ustası Tacı,Coroana tacticianului,ro
Strateji Ustasının Mutfağı,Bucătăria tacticianului,ro
Stratégie de ligne arrière,Schiță pentru linia din spate,ro
Striker's Flail,Buzduganul înaintașului,ro
Strom vlastností,Copacul caracteristicilor,ro
Strážná dvojice,Gardienii gemeni,ro
Studio paziente,Studiu diligent,ro
Stwórz Sobie Kumpla,Construiește-ți un prieten,ro
Stwórz Towarzysza,Construiește un însoțitor,ro
Stínová loutka,Păpușa din umbră,ro
Stürmerflegel,Buzduganul înaintașului,ro
Stříbrná lžička,Născut înțelept,ro
Stůjme při sobě,Unire în luptă,ro
Su tutti i fronti,Ramificare,ro
Su verso il cielo,Țintește spre stele,ro
Subscription Service,Abonament,ro
Subskrypcja,Abonament,ro
Successo critico,Succes critic,ro
Succo Cappa,Suc Cappa,ro
Sucesso Crítico,Succes critic,ro
Suco de Chapéu,Suc Cappa,ro
Sugárzó csirkefogó,Poznaș radiant,ro
Suhanó sutyerák,Crabul,ro
Sunfire Board,Tabla solară,ro
Sunfire Cape,Mantie solară,ro
Super sac de butin,Punguță mare,ro
Superstite,Supraviețuitor,ro
Superviviente,Supraviețuitor,ro
Suppresseur doré,Min-Max,ro
Surcharge cognitive,Supraîncărcare cognitivă,ro
Survivant,Supraviețuitor,ro
Survivor,Supraviețuitor,ro
Suscripción de Lujo,Abonament de lux,ro
Suscripción de lujo,Abonament de lux,ro
Suspicious Trench Coat,Trenci suspect,ro
Sussurro fatale,Ultima șoaptă,ro
Sweet Treats,Gustări dulci,ro
Sword Overflow,Săbii fără număr,ro
Swordsmith,Meșter de săbii,ro
Sympathetic Implant,Implant empatic,ro
Szaleństwo Zakupów,La cumpărături,ro
Szczęśliwe Rękawice,Mănuși norocoase,ro
Szellemarc,Înfățișarea sufletului,ro
Szerencsés kesztyű,Mănuși norocoase,ro
Szermierka Yasuo,Arta atacului lui Yasuo,ro
Szerteágazó gyökerek,Rădăcini răspândite,ro
Szeráf pálcája,Sceptrul serafimului,ro
Szimpatikus implantátum,Implant empatic,ro
Szintlépés!,Nivelul următor!,ro
Szpatułka,Spatulă,ro
Szpon Ciemnego Typa,Gheara prădătorului,ro
Szunnyadó kohó,Forjă latentă,ro
Szybkie Dwa Trupy,Dublu asasinat rapid,ro
Száműzöttek I.,Exilați,ro
Szélhámos,Escroc,ro
Szólójátékos,Creștere solo în nivel,ro
Születésnapi ajándék,Cadou aniversar,ro
Születésnapi találkozó,Reuniune aniversară,ro
Sách Chọn Ấn,Tomul caracteristicilor,ro
Sárkánykarom,Gheara dragonului,ro
Sát Thủ Khát Máu,Ucigaș fără discriminare,ro
Sát Thủ Đánh Thuê,Ucigaș plătit,ro
Sét Cao Thế,Linie de înaltă tensiune,ro
Síla artefaktů,Făurit prin putere,ro
Sólový plát,Platoșă unică,ro
Sólový postup,Creștere solo în nivel,ro
Sötét csillag,Stea întunecată,ro
Sötét csillag embléma,Emblema stelelor întunecate,ro
Sötét hölgy,Doamna întunecată,ro
Sükûnet Örtüsü,Vălul nemișcării,ro
Süper Hızlı Micin,Viteză termipnală,ro
Sürgünler,Exilați,ro
Süße Leckereien,Gustări dulci,ro
Săn Kho Báu,Vânătoare de comori,ro
Słodkie Przysmaki,Gustări dulci,ro
Słoneczna Peleryna,Mantie solară,ro
Słoneczna Płyta,Tabla solară,ro
Sơ Đồ Tuyến Sau,Schiță pentru linia din spate,ro
Số 4 Hoàn Hảo,Patru de partea ta,ro
Sống Vội,Escroc,ro
TEK Kılıcı,Sabia forței brute,ro
Tablero de Fuego Solar,Tabla solară,ro
Tablero de fuego solar,Tabla solară,ro
Tabuleiro de Fogo Solar,Tabla solară,ro
Tactician's Cape,Mantia tacticianului,ro
Tactician's Crown,Coroana tacticianului,ro
Tactician's Kitchen,Bucătăria tacticianului,ro
Tactician's Shield,Scutul tacticianului,ro
Tahm Kench,Tahm Kench,ro
Taktikerküche,Bucătăria tacticianului,ro
Taktikova koruna,Coroana tacticianului,ro
Taktikova kuchyně,Bucătăria tacticianului,ro
Taktikus köpenye,Mantia tacticianului,ro
Taktikus pajzsa,Scutul tacticianului,ro
Taktikusok konyhája,Bucătăria tacticianului,ro
Taktikův plášť,Mantia tacticianului,ro
Taktikův štít,Scutul tacticianului,ro
Takviye Paketi,Pachet de amplificare,ro
Takım Çalışması,În echipă,ro
Talisman Of Ascension,Talismanul ascensiunii,ro
Talisman de l'ascension,Talismanul ascensiunii,ro
Talismano dell'ascensione,Talismanul ascensiunii,ro
Talismán de Ascensión,Talismanul ascensiunii,ro
Talismã da Ascensão,Talismanul ascensiunii,ro
Talizman Wstąpienia,Talismanul ascensiunii,ro
Talon,Talon,ro
Találd meg önmagad,Găsește-ți centrul de putere,ro
Tam Donanımlı,Construiește un însoțitor,ro
Tam Teşekküllü,Construiește-ți un prieten,ro
Tana del Barone,Bârlogul Baronului,ro
Tandemová fronta,Listă duo,ro
Tanks jumeaux,Tancuri la xerox,ro
Tanque em Dobro,Tancuri la xerox,ro
Tanrıça'nın Gözyaşı,Lacrima zeiței,ro
Tanışma Toplantısı,Legături ratate,ro
Tarcza Taktyka,Scutul tacticianului,ro
Target-Lock Optics,Optică de fixare a țintei,ro
Tartalékíjak,Arcuri de rezervă,ro
Tartsd a frontot,Rezistența din prima linie,ro
Tatlı Atıştırmalıklar,Gustări dulci,ro
Taxa Cognitiva,Taxe cognitive,ro
Taze Kan,Recrut nou,ro
Taşınabilir Ocak,Forjă portabilă,ro
Team Building,Team Building,ro
Team building,Team Building,ro
Teambildung,Team Building,ro
Teambuilding,Team Building,ro
Teaming Up,În echipă,ro
Tear of the Goddess,Lacrima zeiței,ro
Tecelã do Destino,Țesător al destinului,ro
Tecendo Magia,Magie întrepătrunsă,ro
Teemo,Teemo,ro
Teilaufstieg,Iluminare parțială,ro
Tejedestinos,Țesător al destinului,ro
Tekrar Dene,Misiune în acțiune,ro
Tela magica,Magie întrepătrunsă,ro
Temná hvězda,Stea întunecată,ro
Temná paní,Doamna întunecată,ro
Tempesta di Luden,Furtuna lui Luden,ro
Tempestad de Luden,Furtuna lui Luden,ro
Tempête de Luden,Furtuna lui Luden,ro
Tenete la posizione,Rezistența din prima linie,ro
Tenir le front,Rezistența din prima linie,ro
Tentative de comeback,Povestea revenirii,ro
Ter-Meep-nale Geschwindigkeit,Viteză termipnală,ro
Termeepnal Velocity,Viteză termipnală,ro
Termipnální rychlost,Viteză termipnală,ro
Terquedad,"FĂRĂ ANALIZĂ, FĂRĂ SCHIMBĂRI",ro
Terrore dei lich,Urgia de pe lume,ro
Tesori sepolti,Comori îngropate,ro
Tesoros Enterrados,Comori îngropate,ro
Tesoros enterrados,Comori îngropate,ro
Tesouros Enterrados,Comori îngropate,ro
Tessifato,Țesător al destinului,ro
Testőrképzés,Antrenamentul gărzii de corp,ro
Tetro araldo di Zeke,Solul dezolant al lui Zeke,ro
Tezbıçak,Tăișuri sclipitoare,ro
Thanh Lý Toàn Bộ,Reducere fulger,ro
Thanh Âm Chữa Lành,Ecouri tămăduitoare,ro
The Big Bang,Big Bang,ro
The Golden Dragon,Dragonul auriu,ro
The Golden Egg,Oul de aur,ro
The Indomitable,Neînduplecare,ro
The Mighty Mech,Robotul Mecha impunător,ro
The Tower,Turnul,ro
The Trait Tree,Copacul caracteristicilor,ro
Thief's Gloves,Mănușile tâlharului,ro
Thresh lámpása,Felinarul lui Thresh,ro
Thresh áldása,Favorul lui Thresh,ro
Thresh'in Feneri,Felinarul lui Thresh,ro
Thresh'in Lütfu,Favorul lui Thresh,ro
Thresh's Boon,Favorul lui Thresh,ro
Thresh's Lantern,Felinarul lui Thresh,ro
Threshova lucerna,Felinarul lui Thresh,ro
Threshs Laterne,Felinarul lui Thresh,ro
Threshs Segen,Favorul lui Thresh,ro
Threshův dar,Favorul lui Thresh,ro
Thua Có Tính Toán,Pierdere calculată,ro
Thuế Nhận Thức,Taxe cognitive,ro
Thách Đấu,Competitor,ro
Thép Mạ Vàng,Oțel aurit,ro
Thích Mở Rộng,Pariu pe viitor,ro
Thông Thoáng,Minte limpede,ro
Thông Đạo Zz'rot,Portal Zz'rot,ro
Thú Tượng Thạch Giáp,Platoșa garguiului,ro
Thăng Hoa,Ascensiune,ro
Thăng Hoa Của Kayle,Exaltarea lui Kayle,ro
Thăng Hoa Rực Rỡ Của Kayle,Exaltarea radiantă a lui Kayle,ro
Thăng Tiến Cuối Trận,Creștere pe final de joc,ro
Thần Ban Phước,Binecuvântat de zei,ro
Thần Phán,Mediator,ro
Thịnh Nộ Thủy Quái,Furia krakenului,ro
Thời Không,Frângător al timpului,ro
Thợ Rèn Gậy,Meșter de toiege,ro
Thợ Rèn Kiếm,Meșter de săbii,ro
Thợ Săn Vũ Trụ,Vânător galactic,ro
Thức Tỉnh Linh Hồn,Trezirea sufletului,ro
Ti senti fortunato?,Te simți norocos,ro
Ticaret Bölgesi,Sectorul comercial,ro
Ticaretin Özü,Comerț de bază,ro
Ticket prismatique,Bilet prismatic,ro
Tiercé,Triplu avantaj,ro
Tiltott bálvány,Idol interzis,ro
Timebreaker,Frângător al timpului,ro
Timebreaker Emblem,Emblema frângătorilor timpului,ro
Tinh Linh Chuông,Mip,ro
Tinh Túy Kim Long,Solzi sclipitori,ro
Tiniest Titan,Titan micuț,ro
Tiny Titans,Mici titani,ro
"Tiny, but Deadly",Mici și letale,ro
Tirada Ligeramente Mágica,Reîncărcare relativ magică,ro
Tirada Mágica,Aruncare magică,ro
Tiro lievemente magico,Reîncărcare relativ magică,ro
Tiro porque me toca,Reîncărcări la grămadă,ro
Tisse-destin,Țesător al destinului,ro
Tiszta elme,Minte limpede,ro
Titan's Resolve,Voința titanului,ro
Titanes Diminutos,Mici titani,ro
Titanic Hydra,Hidra titanilor,ro
Titanische Hydra,Hidra titanilor,ro
Titano minuscolo,Titan micuț,ro
Titanın Azmi,Voința titanului,ro
Titánhidra,Hidra titanilor,ro
Titánská hydra,Hidra titanilor,ro
Titánské odhodlání,Voința titanului,ro
Tiên Phong,Apărător,ro
Tiên Tri,Oracol,ro
Tiêu Dùng Thông Minh,Buget înțelept,ro
Tiếp Tế Trang Bị,Punguță cu obiecte surpriză,ro
Tiền Tuyến Vững Chãi,Aliniere,ro
Tiền Vệ Trung Tâm,Găsește-ți centrul de putere,ro
Tiền Ăn Trưa,Bani de buzunar,ro
Tiệc Tùng,Petrecăreț,ro
Tkacze Losu,Țesător al destinului,ro
Tkanie Czarów,Magie întrepătrunsă,ro
Tlupa zlodějů,Bandă de tâlhari,ro
Tlupa zlodějů II,Bandă de tâlhari II,ro
To Lớn & Mạnh Mẽ,Mare și amenințătoare,ro
Todo para mí,Hai odată,ro
Tolvajkesztyű,Mănușile tâlharului,ro
Tolvajok bandája,Bandă de tâlhari,ro
Tolvajok bandája II,Bandă de tâlhari II,ro
Tome des emblèmes,Tomul caracteristicilor,ro
Tome of Trait,Tomul caracteristicilor,ro
Tome of Traits,Tomul caracteristicilor,ro
Tomo das Características,Tomul caracteristicilor,ro
Tomo de Rasgos,Tomul caracteristicilor,ro
Tomo de atributos,Tomul caracteristicilor,ro
Tomo dei tratti,Tomul caracteristicilor,ro
Toneladas de Atributos!,Sute de atribute!,ro
Tonlarca Nitelik!,Sute de atribute!,ro
Tonnenweise Werte!,Sute de atribute!,ro
Tonnányi statisztika!,Sute de atribute!,ro
Tons of Stats!,Sute de atribute!,ro
Tony Statystyk!,Sute de atribute!,ro
Torba z Przedmiotami,Punguță cu obiecte surpriză,ro
Torba z Przedmiotami Urfa,Punguța lui Urf,ro
Tormenta de Luden,Furtuna lui Luden,ro
Touche-à-tout,Inadaptați,ro
Tout doit disparaître,Îmbrâncire,ro
Toàn Thắng,Victorie neașteptată,ro
Toán Cướp,Brigand,ro
Trabajo en Equipo,Team Building,ro
Trabalho em Equipe,Team Building,ro
Trade Sector,Sectorul comercial,ro
Tragbare Schmiede,Forjă portabilă,ro
Training Dummy,Manechin de antrenament,ro
Trang Bị Pandora,Obiectele Pandorei,ro
Transferencia de Carga,Transfer de încărcare,ro
Transferencia de carga,Transfer de încărcare,ro
Transfert,Transfer de încărcare,ro
Transferência de Carga,Transfer de încărcare,ro
Transformação em Boneco,Manechinizare,ro
Trasferimento carica,Transfer de încărcare,ro
Treasure Hunt,Vânătoare de comori,ro
Treinamento de Guarda-costas,Antrenamentul gărzii de corp,ro
Tremblelames,Tăișuri sclipitoare,ro
Trench-coat suspect,Trenci suspect,ro
Trening Ochroniarza,Antrenamentul gărzii de corp,ro
Trepador Social,Ascensiune socială,ro
Tributo cognitivo,Taxe cognitive,ro
Trifecta,Triplu avantaj,ro
Trinca,Triplu avantaj,ro
Triomphe,Învingătorii iau totul,ro
Triplete,Triplu avantaj,ro
Tripletta,Triplu avantaj,ro
Triệu Gọi Hỗn Mang,Chemarea haosului,ro
Triệu Hồi Bất Tận,Incantație continuă,ro
Troca Sem Fim,Reîncărcări la grămadă,ro
Trojice,Triplu avantaj,ro
Trova il tuo centro,Găsește-ți centrul de putere,ro
Trpělivost je ctnost,Răbdarea e o virtute,ro
Trpělivé studium,Studiu diligent,ro
Truffatore,Escroc,ro
Trung Tâm Thương Mại,Comerț de bază,ro
Tryb Pretendenta,Modul de competitor,ro
Tryb Przekaźnika,Modul de intermediar,ro
Tryb Replikatora,Modul de replicator,ro
Trzask-Prask,Îmbrâncire,ro
Trzymać Szyk,Rezistența din prima linie,ro
Trái Tim Kiên Định,Iubire nezdruncinată,ro
Trái Tim Sắt Đá,Inimă de oțel,ro
Träne der Göttin,Lacrima zeiței,ro
Tréninkové rukavice,Mănuși de antrenament,ro
Trésors enfouis,Comori îngropate,ro
Trên Đà Phát Triển,Pe val,ro
Trí Tuệ Siêu Công Nghệ,Conexiune cibernetică,ro
Trượng Hư Vô,Sceptrul Vidului,ro
Trượng Đại Thiên Sứ,Sceptrul serafimului,ro
Trực Giác Của Evelynn,Instinctul lui Evelynn,ro
Tuch der Stille,Vălul nemișcării,ro
Tueur de géants,Vânătorul de uriași,ro
Tueur impitoyable,Ucigaș fără discriminare,ro
Tueur à gages,Ucigaș plătit,ro
Tugend des Märtyrers,Virtutea martirului,ro
Tuyển Nhân Sự,Recrut nou,ro
Twin Guardian,Gardienii gemeni,ro
Twin Guardians,Gardienii gemeni,ro
Twisted Fate,Twisted Fate,ro
Two Much Value,De două ori mai câștigați,ro
Two Tanky,Tancuri la xerox,ro
Tworzenie Drużyny,Team Building,ro
Twórcze Tworzenie,Forja reîncărcărilor,ro
Typologie,Angajament solid,ro
Tài Khoản Tiết Kiệm,Cont de economii,ro
Tái Khởi Động Nhiệm Vụ,Misiune în acțiune,ro
Tái Lập Vũ Trụ,Repornire cosmică,ro
Tápláld a tüzet,Întețește focul,ro
Tíha koruny,Povara coroanei,ro
Tín Đồ Mua Sắm,La cumpărături,ro
Tòa Tháp,Turnul,ro
Tôi Luyện Sức Mạnh,Făurit prin putere,ro
Tôi Thăng Cấp Một Mình,Creștere solo în nivel,ro
Tödlichere Hauben,Pălării mai letale,ro
Tödlichere Klingen,Săbii mai letale,ro
Töltésátvitel I.,Transfer de încărcare,ro
Törj a csillagok felé,Țintește spre stele,ro
Törékeny tüzér I.,"Puternic, dar fragil",ro
Törésteszt bábuk,Manechine animate,ro
Tú Pégales,Hai odată,ro
Túi Đồ Cỡ Nhỏ,Punguță mică,ro
Túi Đồ Cỡ Đại,Punguță mare,ro
Túi Đồ Siêu Hùng,Punguță eroică,ro
Túi Đồ Urf,Punguța lui Urf,ro
Túlvilági szablya,Hanger fantomatic,ro
Túlélő,Supraviețuitor,ro
Türelem rózsát terem,Răbdarea e o virtute,ro
Türelmes tanuló,Studiu diligent,ro
Tăng Trưởng Bùng Nổ,Creștere explozivă,ro
Tırmanışa Devam,Creștere în clasament,ro
Tất Tay Bậc Đồng,Bronz pentru totdeauna,ro
Tập Chịu Đòn,Lecții de box,ro
Tập Trung Hỏa Lực,Foc concentrat,ro
Tối Tân,Proaspăt fabricat,ro
Tối Đa Hóa,Min-Max,ro
Tộc Thượng Cổ,Primordian,ro
Tụ Bão Zeke,Solul lui Zeke,ro
Tụ Điện,Încărcare electrică,ro
Tứ Phương Tiếp Viện,"Unde-s 2 stele, puterea crește",ro
Tự Lập Đội,Construiește-ți un prieten,ro
U Sầu,Apocaliptic,ro
U. R. F.,U.R.F,ro
U.R.F,U.R.F,ro
U.R.F.,U.R.F,ro
URF,U.R.F,ro
Uccisore di giganti,Vânătorul de uriași,ro
Uccisore indiscriminato,Ucigaș fără discriminare,ro
Ufak Çekiliş,Punguță mică,ro
Ufukgetiren,Focalizarea orizontului,ro
Uhrwerk-Beschleuniger,Accelerator mecanic,ro
Ulepszona Moc,Putere augmentată,ro
Uluların Tılsımı,Talismanul ascensiunii,ro
Ulvi Düellocu,Duelist divin,ro
Ulvi Ocak,Forjă apoteotică,ro
Um Dois Três,"Unu, doi, trei",ro
"Um, Dois, Cinco!","Unu, doi, cinci!",ro
Umhang des Taktikers,Mantia tacticianului,ro
"Un buff, due buff","Un buff, două buff-uri",ro
Un due tre,"Unu, doi, trei",ro
Un mismo ser,Personalitate în oglindă,ro
Un mismo ser inferior,Personalitate în oglindă minoră,ro
Un tiro magico,Aruncare magică,ro
Un'avventura gloriosa,O aventură triumfătoare,ro
"Un, deux, trois","Unu, doi, trei",ro
Una Aventura Eminente,O aventură triumfătoare,ro
"Una Mejora, Dos Mejoras","Un buff, două buff-uri",ro
Una aventura repleta de exaltación,O aventură triumfătoare,ro
Una lágrima en la arena,Cod roșu de lacrimi,ro
"Una mejora, dos mejoras...","Un buff, două buff-uri",ro
Une aventure exaltante,O aventură triumfătoare,ro
Unending Despair,Disperare nemărginită,ro
Unerschütterliches Herz,Iubire nezdruncinată,ro
Unidos,Unire în luptă,ro
Uniti nelle difficoltà,Unire în luptă,ro
"Uno, Dos, Tres","Unu, doi, trei",ro
"Uno, dos, tres...","Unu, doi, trei",ro
"Uno, dos, ¡cinco!","Unu, doi, cinci!",ro
"Uno, dos... ¡cinco!","Unu, doi, cinci!",ro
"Uno, due, cinque!","Unu, doi, cinci!",ro
Unübertreffliche Schmiede,Forjă apoteotică,ro
Upando Solo,Creștere solo în nivel,ro
Upward Mobility,Ascensiune socială,ro
Upírská vitalita,Vitalitate vampirică,ro
Urf Hamlesi,Pariul lui Urf,ro
Urf játszmája,Pariul lui Urf,ro
Urf zsákbamacskája,Punguța lui Urf,ro
Urf's Gambit,Pariul lui Urf,ro
Urf's Grab Bag,Punguța lui Urf,ro
Urf'ün Çekilişi,Punguța lui Urf,ro
Urfova dárková taška,Punguța lui Urf,ro
Urfs Gambit,Pariul lui Urf,ro
Urfs Wundertüte,Punguța lui Urf,ro
Urfův gambit,Pariul lui Urf,ro
Urgot,Urgot,ro
Utazó,Călător,ro
Utazó embléma,Emblema călătorilor,ro
Utolsó esély,Sfârșitul rațiunii,ro
Utolsó lehelet,Ultima șoaptă,ro
Uyumsuzlar,Inadaptați,ro
Uzayın Ritmi,Distracție în spațiu,ro
Uzayın Ritmi Amblemi,Emblema distracției în spațiu,ro
Vale a Espera,Merită așteptarea,ro
Vale la Pena la Espera,Merită așteptarea,ro
Valeva la pena aspettare,Merită așteptarea,ro
Valor del Titán,Voința titanului,ro
Valor em Excesso,De două ori mai câștigați,ro
Vampir-Vitalität,Vitalitate vampirică,ro
Vampiric Vitality,Vitalitate vampirică,ro
Vampirî Zindelik,Vitalitate vampirică,ro
Vanguard,Apărător,ro
Vanguard Emblem,Emblema apărătorilor,ro
Vanguarda,Apărător,ro
Vanguardia,Apărător,ro
Vara Innecesariamente Grande,Toiag uriaș,ro
Vara innecesariamente grande,Toiag uriaș,ro
Varus Besessenheit,Obsesia lui Varus,ro
Varus megszállottsága,Obsesia lui Varus,ro
Varus áldása,Favorul lui Varus,ro
Varus' Segen,Favorul lui Varus,ro
Varus's Boon,Favorul lui Varus,ro
Varus's Obsession,Obsesia lui Varus,ro
Varus'un Lütfu,Favorul lui Varus,ro
Varus'un Saplantısı,Obsesia lui Varus,ro
Varusova posedlost,Obsesia lui Varus,ro
Varusův dar,Favorul lui Varus,ro
Varázsdobás,Aruncare magică,ro
Varázsszőttes,Magie întrepătrunsă,ro
Vaseszközök,Tare ca fierul,ro
Vaurien de la lumière,Poznaș radiant,ro
Vay Tạm Ứng,Împrumut avansat,ro
Vedlejší účinky,Efecte secundare,ro
Veigar,Veigar,ro
Velikost a síla,Mare și amenințătoare,ro
Velitel,Comandant,ro
Velitelka Animy,Comandatul Anima,ro
Velkolepé dobrodružství,O aventură triumfătoare,ro
Velká dárková taška,Punguță mare,ro
Velký třesk,Big Bang,ro
Velo costante,Văl uniform,ro
Velo de sosiego,Vălul nemișcării,ro
Velocidad Termeepnal,Viteză termipnală,ro
Velocidad temperameeptal,Viteză termipnală,ro
Velocidade Termipenal,Viteză termipnală,ro
Velocità termipponale,Viteză termipnală,ro
Venganza,Pedeapsă,ro
Ventos Revigorantes,Forțe proaspete,ro
Verbannte,Exilați,ro
Verbotener Götze,Idol interzis,ro
Verbündeter des Beschützers,Aliatul îngrijitorului,ro
Verdorbenes vampirisches Zepter,Sceptru vampiric corupt,ro
Verdugo Indiscriminado,Ucigaș fără discriminare,ro
Verdugo de Gigantes,Vânătorul de uriași,ro
Verdugo de gigantes,Vânătorul de uriași,ro
Verdächtiger Trenchcoat,Trenci suspect,ro
Verfehlte Verbindung,Legături ratate,ro
Verfluchte Klinge,Sabia blestemată,ro
Verfluchte Krone,Coroana blestemată,ro
Vergeltung,Pedeapsă,ro
Vergoldeter Stahl,Oțel aurit,ro
Vergrabene Schätze,Comori îngropate,ro
Vernichter,Apocaliptic,ro
Vernichter,Eradicare,ro
Versteck des Barons,Bârlogul Baronului,ro
Verständnisvolles Implantat,Implant empatic,ro
Verstärkendes Amulett,Medalion stimulant,ro
Vertu du martyr,Virtutea martirului,ro
Verwittertes Relikt,Relicva ofilită,ro
Verwobene Magie,Magie întrepătrunsă,ro
Vesmírný rytmus,Distracție în spațiu,ro
Vesta Espinosa,Vestă de mărăcini,ro
Veste della stabilità,Vălul nemișcării,ro
Vex,Vex,ro
Večerháv,Văl uniform,ro
Viaggiatore,Călător,ro
Viajante,Călător,ro
Viajero,Călător,ro
Vida Cotidiana,Felie de viață,ro
Viděti dvojmo,De două ori mai câștigați,ro
Vier-Gold-Verstärkung,"Unde-s 2 stele, puterea crește",ro
Vigarista,Escroc,ro
Viktor,Viktor,ro
Viktor'un Sihri,Viktor-ie ocultă,ro
Viktor-ia de Arcane,Viktor-ie ocultă,ro
Viktor-ia di Arcane,Viktor-ie ocultă,ro
Viktoria Arcana,Viktor-ie ocultă,ro
Viktorův triumf,Viktor-ie ocultă,ro
Viktória Arcana,Viktor-ie ocultă,ro
Villanópengék,Tăișuri sclipitoare,ro
Villámakció,Reducere fulger,ro
Vingadora Exocósmica,Zeița armelor,ro
Virtud del Mártir,Virtutea martirului,ro
Virtud del mártir,Virtutea martirului,ro
Virtude do Mártir,Virtutea martirului,ro
Virtue of the Martyr,Virtutea martirului,ro
Virtù del martire,Virtutea martirului,ro
Visage spirituel,Înfățișarea sufletului,ro
Visionnaire,Lumina stelelor,ro
Visszatérés-történet,Povestea revenirii,ro
Vitalidad Vampírica,Vitalitate vampirică,ro
Vitalidad vampírica,Vitalitate vampirică,ro
Vitalidade Vampírica,Vitalitate vampirică,ro
Vitalità vampirica,Vitalitate vampirică,ro
Vitalité vampirique,Vitalitate vampirică,ro
Viễn Chinh,Călător,ro
Void Gauntlet,Mănușa Vidului,ro
Void Staff,Sceptrul Vidului,ro
Vojevůdcova čest,Onoarea războinicului,ro
Volonté de la massue,Voința buzduganului,ro
Voluntad de la maza,Voința buzduganului,ro
Voluntad del Mazo,Voința buzduganului,ro
Volver al Ruedo,Povestea revenirii,ro
Vorausdenken,Plan de viitor,ro
Voto del Protettore,Jurământul protectorului,ro
Voto del cavaliere,Legământul cavalerului,ro
Vous vous sentez en veine ?,Te simți norocos,ro
Voyager,Călător,ro
Voyager Emblem,Emblema călătorilor,ro
Voyageur,Călător,ro
Vražední čtveráci,Patru de partea ta,ro
Vražednější klobouky,Pălării mai letale,ro
Vražednější čepele,Săbii mai letale,ro
Vrcholná sestava,Build maxim,ro
Vuốt Rồng,Gheara dragonului,ro
Vyber vlastnost,Alege caracteristica,ro
Vybíravé výběry,Reîncărcări la grămadă,ro
Vyhlazovač,Eradicare,ro
Vyhnanci,Exilați,ro
Vyplatí se čekat,Merită așteptarea,ro
Vyrob si kamaráda,Creează un prieten,ro
Vysoké napětí,Linie de înaltă tensiune,ro
Vytrvalý vzestup,Ascensiune socială,ro
Vyzyvatel,Competitor,ro
Vzestup,Ascensiune,ro
Vágj utat,Creează o cale,ro
Válassz adottságot,Alege caracteristica,ro
Válečná stezka,Calea războiului,ro
Válogatás nélkül,Ucigaș fără discriminare,ro
Vámpírerő I.,Vitalitate vampirică,ro
Ván Cược Hoàng Kim,Pariu de aur,ro
Ván Cược URF,Pariul lui Urf,ro
Vánek,Zefir,ro
Várható váratlanság,Surpriză nesurprinzătoare,ro
Vé Kim Cương,Bilet prismatic,ro
Végjátékbeli erőnövelés,Creștere pe final de joc,ro
Végtelen kétségbeesés,Disperare nemărginită,ro
Végtelen védelem,Protecția infinitului,ro
Végzethozó,Apocaliptic,ro
Vérszomjas,Sabia sângeroasă,ro
Véráldozat,Ofrandă de sânge,ro
Véráldozat,Prețul sângelui,ro
Vírusmátrix,Matrice malware,ro
Vô Cực Kiếm,Sabia infinitului,ro
Vô Pháp,Rebel,ro
Võ Sĩ Giác Đấu,Învingătorii iau totul,ro
Vörös erősítés,Buff-ul roșu,ro
Výbušný růst,Creștere explozivă,ro
Výcvik tělesného strážce,Antrenamentul gărzii de corp,ro
Výrobce holí,Meșter de toiege,ro
Výrobce mečů,Meșter de săbii,ro
Výzva chaosu,Chemarea haosului,ro
Věčná dohoda,Pact etern,ro
Věštec,Oracol,ro
Věž,Turnul,ro
Vœu du chevalier,Legământul cavalerului,ro
Vœu du protecteur,Jurământul protectorului,ro
Vůle palcátu,Voința buzduganului,ro
Vươn Tới Tinh Tú,Țintește spre stele,ro
Vương Miện Chiến Thuật,Coroana tacticianului,ro
Vương Miện Hoàng Gia,Crownguard,ro
Vương Miện Hắc Hóa,Coroana blestemată,ro
Vương Miện Nặng Trĩu,Povara coroanei,ro
W Czepku Urodzony,Născut înțelept,ro
W Czwórce Siła,"Unde-s 2 stele, puterea crește",ro
Wachsende Wurzeln,Rădăcini răspândite,ro
Wampiryczna Żywotność,Vitalitate vampirică,ro
Wand Overflow,Toiege fără număr,ro
Wanderer,Călător,ro
Wanderer-Emblem,Emblema călătorilor,ro
Warlord's Honor,Onoarea războinicului,ro
Warmog vértje,Armura lui Warmog,ro
Warmog's Armor,Armura lui Warmog,ro
Warmog'un Zırhı,Armura lui Warmog,ro
Warmogova zbroj,Armura lui Warmog,ro
Warmogs Rüstung,Armura lui Warmog,ro
Warpath,Calea războiului,ro
Warto Poczekać,Merită așteptarea,ro
Wartość Dodana,De două ori mai câștigați,ro
Wczesna Nauka,Învățături timpurii,ro
We Stick Together,Rămânem împreună,ro
Weise Ausgaben,Buget înțelept,ro
Weltraum-Groove,Distracție în spațiu,ro
Weltraum-Groove-Emblem,Emblema distracției în spațiu,ro
Wezwanie Chaosu,Chemarea haosului,ro
Widmowy Rapier,Hanger fantomatic,ro
Wie ist es um dein Glück bestellt?,Te simți norocos,ro
Wieczny Brąz,Bronz pentru totdeauna,ro
Wieczny Pakt,Pact etern,ro
Wiederaufnahme der Mission,Misiune în acțiune,ro
Wielka Wygrana,Victorie neașteptată,ro
Wielki Wybuch,Big Bang,ro
Wielkie Poświęcenie,Angajament solid,ro
Wielkość i Potęga,Mare și amenințătoare,ro
Wieża,Turnul,ro
Willkürlicher Killer,Ucigaș fără discriminare,ro
Win Out,Victorie neașteptată,ro
"Winzig, aber tödlich",Mici și letale,ro
Winzige Titanen,Mici titani,ro
Winzigster Titan,Titan micuț,ro
Wir halten zusammen,Rămânem împreună,ro
Wise Spending,Buget înțelept,ro
Wit's End,Sfârșitul rațiunii,ro
Withered Relic,Relicva ofilită,ro
Wkalkulowana Strata,Pierdere calculată,ro
Wojenna Ścieżka,Calea războiului,ro
Wola Buławy,Voința buzduganului,ro
Worth the Wait,Merită așteptarea,ro
Woven Magic,Magie întrepătrunsă,ro
Wskrzeszenie,Favorul resurecției,ro
Wsparcie,Unire în luptă,ro
Wspinaczka po Drabince,Creștere în clasament,ro
Wspólne Siły,În echipă,ro
Wybierz cechę,Alege caracteristica,ro
Wygięty Łuk,Arc încovoiat,ro
Wygnańcy,Exilați,ro
Wykuj Znajomego,Creează un prieten,ro
Wykuklenie,Manechinizare,ro
Wykuto w Sile,Făurit prin putere,ro
Wyniesienie,Ascensiune,ro
Wyprzedaż na Ostro,Reducere fulger,ro
Wyrocznia,Oracol,ro
Wysokie Napięcie,Linie de înaltă tensiune,ro
Wytnij sobie drogę,Creează o cale,ro
Wywyższenie Kayle,Exaltarea lui Kayle,ro
Wzmacniający Medalion,Medalion stimulant,ro
Wzmocnienie Raz i Dwa,"Un buff, două buff-uri",ro
Wälzer der Attribute,Tomul caracteristicilor,ro
Wędrujący Krab,Crabul,ro
Włócznia Shojin,Lancea lui Shojin,ro
Xayah,Xayah,ro
Xoay Bài Tự Động,Recombobulator,ro
Xây Dựng Đội Hình,Team Building,ro
Xúc Xắc Hoành Tráng,Reîncărcări epice,ro
Xúc Xắc Ma Pháp,Aruncare magică,ro
Xúc Xắc Vô Tận,Reîncărcări la grămadă,ro
Xạ Thần,Zeița armelor,ro
Yaldızlı Çelik,Oțel aurit,ro
Yalnız Zırh,Platoșă unică,ro
Yampiri Yengeç,Crabul,ro
Yan Etkiler,Efecte secundare,ro
Yarı İletken,Semiconductor,ro
Yasak İdol,Idol interzis,ro
Yasuo Figyelemmegosztása,Yasuo: Împarte centrul atenției,ro
Yasuo aranymezője,Hexagonul auriu al lui Yasuo,ro
Yasuo kardforgatása,Arta atacului lui Yasuo,ro
Yasuo áldása,Favorul lui Yasuo,ro
Yasuo'nun Altın Hücresi,Hexagonul auriu al lui Yasuo,ro
Yasuo'nun Kılıç Sanatı,Arta atacului lui Yasuo,ro
Yasuo'nun Lütfu,Favorul lui Yasuo,ro
Yasuo'nun İlgi Budalası Eklentisi,Yasuo: Împarte centrul atenției,ro
Yasuo's Bladework,Arta atacului lui Yasuo,ro
Yasuo's Boon,Favorul lui Yasuo,ro
Yasuo's Golden Hex,Hexagonul auriu al lui Yasuo,ro
Yasuo's Share The Spotlight,Yasuo: Împarte centrul atenției,ro
Yasuos Goldfeld,Hexagonul auriu al lui Yasuo,ro
Yasuos Klingentanz,Arta atacului lui Yasuo,ro
Yasuos Segen,Favorul lui Yasuo,ro
Yasuos „Teile das Rampenlicht“,Yasuo: Împarte centrul atenției,ro
Yasuovo mistrovství meče,Arta atacului lui Yasuo,ro
Yasuovo zlaté pole,Hexagonul auriu al lui Yasuo,ro
Yasuův dar,Favorul lui Yasuo,ro
Yasuův Široký paprsek,Yasuo: Împarte centrul atenției,ro
Yatırımın Getirisi,Investiție,ro
Yayılan Kökler,Rădăcini răspândite,ro
Yayım Yayındır,Ia arcul meu,ro
Yağmacı,Brigand,ro
Yağmacı Amblemi,Emblema briganzilor,ro
Yaşayan Ocak,Fierar neobosit,ro
Yedek Yaylar,Arcuri de rezervă,ro
Yelmo Adaptable,Coif cameleonic,ro
Yelmo adaptable,Coif cameleonic,ro
Yelmo sombrío,Brigand,ro
Yeni Çağ,Epocă,ro
Yenilemeye Devam,Pe val,ro
Yenilmez,Neînduplecare,ro
Yok Edici,Eradicare,ro
Yolumdan Dönmem,"FĂRĂ ANALIZĂ, FĂRĂ SCHIMBĂRI",ro
You Have My Bow,Ia arcul meu,ro
Yozlaşmış Vampirî Asa,Sceptru vampiric corupt,ro
Yük Aktarımı,Transfer de încărcare,ro
Yüklü Borç,Împrumut avansat,ro
Yüksek Voltaj,Linie de înaltă tensiune,ro
Yükseliş,Ascensiune,ro
Yıldız Gözlemcisi,Lumina stelelor,ro
Yıldız Gözlemcisi Amblemi,Emblema luminii stelelor,ro
Yıldız Kombosu,Combinație stelară,ro
Yıldızlara Uzan,Țintește spre stele,ro
Yıpranmış Antika,Relicva ofilită,ro
Za jakou cenu,Dar cu ce preț,ro
Zaangażowanie,Investiție,ro
Zaawansowana Pożyczka,Împrumut avansat,ro
Zabiják obrů,Vânătorul de uriași,ro
Zabójca do Wynajęcia,Ucigaș plătit,ro
Zabójczy Kapelusz Rabadona,Pălăria malefică a lui Rabadon,ro
Zagracony Umysł,Minte aglomerată,ro
Zagłada,Apocaliptic,ro
Zakopane Skarby,Comori îngropate,ro
Zakopané poklady,Comori îngropate,ro
Zamankıran,Frângător al timpului,ro
Zamankıran Amblemi,Emblema frângătorilor timpului,ro
Zamiř ke hvězdám,Țintește spre stele,ro
Zaměřovací optika,Optică de fixare a țintei,ro
Zaneprázdněná mysl,Minte aglomerată,ro
Zapora Przedniej Formacji,Baza avangardei,ro
Zapovězená modla,Idol interzis,ro
Zaprzepaszczona Znajomość,Legături ratate,ro
Zapuszczanie Korzeni,Rădăcini răspândite,ro
Zararına Satış,Reducere fulger,ro
Zasłona Równości,Văl uniform,ro
Zbiry,Rebel,ro
Zbytečně dlouhá hůl,Toiag uriaș,ro
Zdobená pěstnice,Mănușa cu nestemate,ro
Zdobený květ,Lotus cu nestemate,ro
Zed,Zed,ro
Zed,Invadatorul Zed,ro
Zed Invasor,Invadatorul Zed,ro
Zed Invasore,Invadatorul Zed,ro
Zed Kẻ Xâm Lăng,Invadatorul Zed,ro
Zefiro,Zefir,ro
Zefír,Zefir,ro
Zeitbrecher,Frângător al timpului,ro
Zeitbrecher-Emblem,Emblema frângătorilor timpului,ro
Zeke hírnöke,Solul lui Zeke,ro
Zeke komor hírnöke,Solul dezolant al lui Zeke,ro
Zeke'nin Kasvetli Sancağı,Solul dezolant al lui Zeke,ro
Zeke'nin Sancağı,Solul lui Zeke,ro
Zeke's Bleak Herald,Solul dezolant al lui Zeke,ro
Zeke's Herald,Solul lui Zeke,ro
Zekes Herold,Solul lui Zeke,ro
Zekes düsterer Herold,Solul dezolant al lui Zeke,ro
Zekeův pochmurný posel,Solul dezolant al lui Zeke,ro
Zekeův posel,Solul lui Zeke,ro
Zephir,Zefir,ro
Zephyr,Zefir,ro
Zesílení do závěru hry,Creștere pe final de joc,ro
Zhouba lichů,Urgia de pe lume,ro
Zielerfassungslinse,Optică de fixare a țintei,ro
Zihin Açıklığı,Minte limpede,ro
Zihin Bulanıklığı,Minte aglomerată,ro
Zihinsel Hazırlık,Farmarea aurei,ro
Zincir Yelek,Vestă de zale,ro
Zindelik Broşu,Medalion stimulant,ro
Zjazd Urodzinowy,Reuniune aniversară,ro
Zkázonoš,Apocaliptic,ro
Zlaté vejce,Oul de aur,ro
Zlatý drak,Dragonul auriu,ro
Zlatý hod,Pariu de aur,ro
Zlatý monzun,Muson de bani,ro
Zlodějské rukavice,Mănușile tâlharului,ro
Zlodějíček,Jaf,ro
Zmora Licza,Urgia de pe lume,ro
Zoe,Zoe,ro
Zorn des Kraken,Furia krakenului,ro
Zoé,Zoe,ro
Zrcadlová osobnost,Personalitate în oglindă,ro
Zručná výroba,Forja reîncărcărilor,ro
Zrádné upírské žezlo,Sceptru vampiric corupt,ro
Zsivány,Rebel,ro
Zsivány embléma,Emblema rebelilor,ro
Zsúfolt elme,Minte aglomerată,ro
Ztracené konexe,Legături ratate,ro
Zu etwas nütze,Tot sunt buni la ceva,ro
Zu viel Wert,De două ori mai câștigați,ro
Zu welchem Preis,Dar cu ce preț,ro
Zu zäh,Tancuri la xerox,ro
Zumito de la risa,Suc Cappa,ro
Zusammenarbeit,În echipă,ro
Zwillingswächter,Gardienii gemeni,ro
Zwycięstwo Viktora z Arcane,Viktor-ie ocultă,ro
Zz'Rot Kapısı,Portal Zz'rot,ro
Zz'Rot Portal,Portal Zz'rot,ro
Zz'Rot-Portal,Portal Zz'rot,ro
Zz'Rot-kapu,Portal Zz'rot,ro
Zákeřná monetizace,Monetizare ostilă,ro
Základ přední řady,Baza avangardei,ro
Záložní luky,Arcuri de rezervă,ro
Záporozó könnyek,Lacrimi curgătoare,ro
Závěrečný spurt,Victorie neașteptată,ro
Zářivý rošťák,Poznaș radiant,ro
Zéfiro,Zefir,ro
Zéphyr,Zefir,ro
Zügiger Doppelkill,Dublu asasinat rapid,ro
Ząb Nashora,Dintele lui Nashor,ro
Złote Jajo,Oul de aur,ro
Złote Pole Yasuo,Hexagonul auriu al lui Yasuo,ro
Złote Ryzyko,Pariu de aur,ro
Złoty Smok,Dragonul auriu,ro
Złowroga Monetyzacja,Monetizare ostilă,ro
¡Bonk!,Zdrang!,ro
¡Estadísticas a tutiplén!,Sute de atribute!,ro
¡Milestadísticas!,Sute de atribute!,ro
¡Pum!,Zdrang!,ro
¡Sube de nivel!,Nivelul următor!,ro
¡Subes de nivel!,Nivelul următor!,ro
¿A qué precio?,Dar cu ce preț,ro
¿Hacemos un Muñeco?,Manechinizare,ro
¿Te Sientes con Suerte?,Te simți norocos,ro
À toute meepesse,Viteză termipnală,ro
Ábrete Camino,Creează o cale,ro
Ác Nữ,Doamna întunecată,ro
Állhatatos szív,Iubire nezdruncinată,ro
Ám Ảnh Của Varus,Obsesia lui Varus,ro
Ánima,Anima,ro
Áo Choàng Bóng Tối,Taina întunericului,ro
Áo Choàng Bạc,Mantie Negatron,ro
Áo Choàng Chiến Thuật,Mantia tacticianului,ro
Áo Choàng Diệt Vong,Disperare nemărginită,ro
Áo Choàng Gai,Vestă de mărăcini,ro
Áo Choàng Lửa,Mantie solară,ro
Áo Choàng Mờ Ám,Trenci suspect,ro
Áo Choàng Thủy Ngân,Argint viu,ro
Áo Choàng Tĩnh Lặng,Vălul nemișcării,ro
Árbitro,Mediator,ro
Árnybáb,Păpușa din umbră,ro
Árvore de Características,Copacul caracteristicilor,ro
Ân Huệ Của Ahri,Favorul lui Ahri,ro
Ân Huệ Của Aurelion Sol,Favorul lui Aurelion Sol,ro
Ân Huệ Của Ekko,Favorul lui Ekko,ro
Ân Huệ Của Evelynn,Favorul lui Evelynn,ro
Ân Huệ Của Kayle,Favorul lui Kayle,ro
Ân Huệ Của Soraka,Favorul Sorakăi,ro
Ân Huệ Của Thresh,Favorul lui Thresh,ro
Ân Huệ Của Varus,Favorul lui Varus,ro
Ân Huệ Của Yasuo,Favorul lui Yasuo,ro
Ân Huệ Tái Sinh,Favorul resurecției,ro
Ägide der Abenddämmerung,Scutul amurgului,ro
Ägide der Morgendämmerung,Scutul zorilor,ro
Çelik İntikam,Zeița armelor,ro
Çelikten Yürek,Inimă de oțel,ro
Çifte Ödül,Listă duo,ro
Échos réparateurs,Ecouri tămăduitoare,ro
Édes falatok,Gustări dulci,ro
Égida del Amanecer,Scutul zorilor,ro
Égida del Ocaso,Scutul amurgului,ro
Égida del amanecer,Scutul zorilor,ro
Égida del anochecer,Scutul amurgului,ro
Égide da Alvorada,Scutul zorilor,ro
Égide de l'aube,Scutul zorilor,ro
Égide do Crepúsculo,Scutul amurgului,ro
Égide du crépuscule,Scutul amurgului,ro
Électrocharge,Încărcare electrică,ro
Élharcos,Apărător,ro
Élharcos embléma,Emblema apărătorilor,ro
Énke,Mip,ro
Énke embléma,Emblema Meeple,ro
Énkesebesség,Viteză termipnală,ro
Énkike,Meepsie,ro
Época,Epocă,ro
Építhető kísérő,Construiește un însoțitor,ro
Éradicateur,Eradicare,ro
Étincelle ionique,Scânteie ionică,ro
Éveil de l'âme,Trezirea sufletului,ro
Éxito Crítico,Succes critic,ro
Éxito crítico,Succes critic,ro
Ídolo Prohibido,Idol interzis,ro
Ídolo Proibido,Idol interzis,ro
Ídolo prohibido,Idol interzis,ro
Óptica de Fijación de Objetivo,Optică de fixare a țintei,ro
Óptica de fijado de objetivos,Optică de fixare a țintei,ro
Óriásölő,Vânătorul de uriași,ro
Ô Hoàng Kim của Yasuo,Hexagonul auriu al lui Yasuo,ro
Ôm Tập Thể,Îmbrățișare de grup,ro
Ödüllü Müsabaka,Învingătorii iau totul,ro
Ölüm Kılıcı,Sabia morții,ro
Ölümcül Bıçaklar,Săbii mai letale,ro
Öncü,Apărător,ro
Öncü Amblemi,Emblema apărătorilor,ro
Örök paktum,Pact etern,ro
Összetartunk,Rămânem împreună,ro
Összetevőrablás,Jaful componentelor,ro
Össztűz,Foc concentrat,ro
Ösztönző medál,Medalion stimulant,ro
Övszállítmány,Curele fără număr,ro
Özel Yapım,Proaspăt fabricat,ro
Özellik Ağacı,Copacul caracteristicilor,ro
Özellik Seç,Alege caracteristica,ro
Özellikler Kitabı,Tomul caracteristicilor,ro
Újonc,Recrut nou,ro
Újraalkotó,Recombobulator,ro
Újrahasznosító láda,Coș de recuperare,ro
Újrasorsolás napestig,Reîncărcări la grămadă,ro
Últimas palabras,Ultima șoaptă,ro
Último Suspiro,Ultima șoaptă,ro
Último Sussurro,Ultima șoaptă,ro
Úsměv štěstěny,Te simți norocos,ro
Úsvit nad Stříbromořím,Răsăritul din Silvermere,ro
Útočníkův řemdih,Buzduganul înaintașului,ro
Úvodní poznatky,Învățături timpurii,ro
Übergroßer Stab,Toiag uriaș,ro
Überlebender,Supraviețuitor,ro
Übungspuppe,Manechin de antrenament,ro
Ürességkesztyű,Mănușa Vidului,ro
Üçler Ordusu,Legiunea de trei,ro
Üçlük,Triplu avantaj,ro
Ý Chỉ Xích Chùy,Voința buzduganului,ro
Ăn Mòn,Coroziune,ro
Ăn Trộm,Jaf,ro
Čekající kovárna,Forjă latentă,ro
Čepel smrti,Sabia morții,ro
Červený buff,Buff-ul roșu,ro
Čistá mysl,Minte limpede,ro
Částečné vyzdvižení,Iluminare parțială,ro
Đai Khổng Lồ,Cureaua uriașului,ro
Đam Mê Gậy,Toiege fără număr,ro
Đam Mê Kiếm,Săbii fără număr,ro
Đam Mê Đai Lưng,Curele fără număr,ro
Đao Chớp,Tăișuri sclipitoare,ro
Đao Tím,Sfârșitul rațiunii,ro
Đo Ni Đóng Giày,Mănuși norocoase,ro
Đá Hắc Hóa,Giuvaier blestemat,ro
Đánh Là Trúng,Hai odată,ro
Đường Ra Trận,Calea războiului,ro
Được Này Mất Kia,Tot sunt buni la ceva,ro
Đại Bác Liên Thanh,Tun-mitralieră,ro
Đấu Sĩ,Bătăuș,ro
Đầu Tư,Investiție,ro
Đẩy Nhanh Tiến Độ,Ascensiune socială,ro
Đặc Quyền Phú Gia,Născut înțelept,ro
Định Mệnh,Țesător al destinului,ro
Đồng Minh Của Bụt,Aliatul îngrijitorului,ro
Độc Hành,Exilați,ro
Đội Hình Tối Ưu,Build maxim,ro
Động Cơ Tăng Tốc,Accelerator mecanic,ro
İdman Eldiveni,Mănuși de antrenament,ro
İhtiyaç Paketi,Pachet de îngrijire,ro
İki Elin Sesi Var,De două ori mai câștigați,ro
İki Kat Güçlendirme,"Un buff, două buff-uri",ro
İkinci Şans,Forțe proaspete,ro
İkiz Muhafızlar,Gardienii gemeni,ro
İleri Görüşlülük,Plan de viitor,ro
İleri Safha Gücü,Creștere pe final de joc,ro
İleri Safhalarda Görüşürüz,Specialistul sfârșitului jocului,ro
İlk Öğretiler,Învățături timpurii,ro
İstilacı Zed,Invadatorul Zed,ro
İyon Kıvılcımı,Scânteie ionică,ro
Ładunek Elektryczny,Încărcare electrică,ro
Łamacze Czasu,Frângător al timpului,ro
Ławka Pandory,Banca Pandorei,ro
Łubudu!,Zdrang!,ro
Łuki Zapasowe,Arcuri de rezervă,ro
Łut Szczęścia,Te simți norocos,ro
Łza Bogini,Lacrima zeiței,ro
Łącze Cybernetyczne,Conexiune cibernetică,ro
Łącze Drona,Conexiune cu drona,ro
Œuf d'or,Oul de aur,ro
Říční krab,Crabul,ro
Ślubowanie Protektora,Jurământul protectorului,ro
Świetliste Wywyższenie Kayle,Exaltarea radiantă a lui Kayle,ro
Świetlisty Szelma,Poznaș radiant,ro
Świeży Wyrób,Proaspăt fabricat,ro
Świt Srebrzystej,Răsăritul din Silvermere,ro
Şafak Kalkanı,Scutul zorilor,ro
Şafağın Özü,Miezul zorilor,ro
Şans Benimle,Te simți norocos,ro
Şanslı Eldiven,Mănuși norocoase,ro
Şanslı Hissediyorum,Chemarea haosului,ro
Şapkat Nektarı,Suc Cappa,ro
Şifalı Küreler,Sfere vindecătoare,ro
Şifalı Yankılar,Ecouri tămăduitoare,ro
Şok Dayanıklı,Tancuri la xerox,ro
Şövalyenin Adağı,Legământul cavalerului,ro
Šplhání žebříčkem,Creștere în clasament,ro
Štít soumraku,Scutul amurgului,ro
Štít úsvitu,Scutul zorilor,ro
Šťáva Cappa,Suc Cappa,ro
Űrzúzda,Distracție în spațiu,ro
Űrzúzda embléma,Emblema distracției în spațiu,ro
Żelazne Zasoby,Tare ca fierul,ro
Żywa Kuźnia,Fierar neobosit,ro
Żywe Srebro,Argint viu,ro
Železné vybavení,Tare ca fierul,ro
Živoucí kovárna,Fierar neobosit,ro
Žoldnéř,Brigand,ro
Žďuch!,Zdrang!,ro
Άατροξ,Aatrox,ro
Άνιμα,Anima,ro
Άξιζε η Αναμονή,Merită așteptarea,ro
Έζρεαλ,Ezreal,ro
Έμβλημα N.O.V.A.,Emblema N.O.V.A.,ro
Έμβλημα Άνιμα,Emblema Anima,ro
Έμβλημα Αστρομάντη,Emblema luminii stelelor,ro
Έμβλημα Βοσκού,Emblema păstorilor,ro
Έμβλημα Διεκδικητή,Emblema competitorilor,ro
Έμβλημα Ελεύθερου Σκοπευτή,Emblema lunetiștilor,ro
Έμβλημα Εμπροσθοφυλακής,Emblema apărătorilor,ro
Έμβλημα Καβγατζή,Emblema bătăușilor,ro
Έμβλημα Κριτή,Emblema mediatorilor,ro
Έμβλημα Μιπ,Emblema Meeple,ro
Έμβλημα Πριμόρντιαν,Emblema primordienilor,ro
Έμβλημα Σελασπίδας,Blazonul Lightshield,ro
Έμβλημα Σκοτεινού Ιππότη,Emblema briganzilor,ro
Έμβλημα Ταξιδευτή,Emblema călătorilor,ro
Έμβλημα Χρονοθραύστη,Emblema frângătorilor timpului,ro
Έμβλημα του Αλήτη,Emblema rebelilor,ro
Έμβλημα του Διαστημικού Ρυθμού,Emblema distracției în spațiu,ro
Έμβλημα του Προτειχίσματος,Emblema bastionului,ro
Έμβλημα του Σκοτεινού Άστρου,Emblema stelelor întunecate,ro
Έμβλημα των Σιδηρών Σολάρι,Blazonul solarilor de fier,ro
Ένα Κομμάτι Ζωή,Felie de viață,ro
"Ένα, Δύο, Πέντε!","Unu, doi, cinci!",ro
"Ένα, Δύο, Τρία","Unu, doi, trei",ro
Όλεθρος των Απέθαντων,Urgia de pe lume,ro
Όρκος του Ιππότη,Legământul cavalerului,ro
Όρκος του Υπερασπιστή,Jurământul protectorului,ro
Όψη Πνευμάτων,Înfățișarea sufletului,ro
Ύποπτη Καπαρντίνα,Trenci suspect,ro
Αγωγός,Intermediar,ro
Αδάμαστος,Neînduplecare,ro
Αιγίδα της Αυγής,Scutul zorilor,ro
Αιγίδα του Δειλινού,Scutul amurgului,ro
Αιμοδιψής,Sabia sângeroasă,ro
Αιχμή του Απείρου,Sabia infinitului,ro
Αιώνας,Epocă,ro
Αιώνια Διαθήκη,Pact etern,ro
Ακάλι,Akali,ro
Ακλόνητη Καρδιά,Iubire nezdruncinată,ro
Αλήτης,Rebel,ro
Αμοιβαίο Κεφάλαιο,Fond de investiții,ro
Ανέλιξη,Ascensiune socială,ro
Αναλογική αύξηση προς το τέλος του παιχνιδιού,Creștere pe final de joc,ro
Αναμονή του Απροσδόκητου,Surpriză nesurprinzătoare,ro
Ανασυνδυαστής,Recombobulator,ro
Ανεβαίνοντας στην Κατάταξη,Creștere în clasament,ro
Ανταπόδοση,Pedeapsă,ro
Αντιγραφέας,Replicator,ro
Αντικείμενα Πανδώρας,Obiectele Pandorei,ro
Απέραντη Απόγνωση,Disperare nemărginită,ro
Απαγορευμένο Είδωλο,Idol interzis,ro
Απατεώνας,Escroc,ro
Απλωμένες Ρίζες,Rădăcini răspândite,ro
Αποθεωτικό Σιδηρουργείο,Forjă apoteotică,ro
Αποκλειστική Προσαρμογή,Personalizare exclusivă,ro
Απομίμηση,Reproducere,ro
Αποφασιστικότητα του Τιτάνα,Voința titanului,ro
Αρετή του Μάρτυρα,Virtutea martirului,ro
Ασημένιο Κουτάλι,Născut înțelept,ro
Ασπίδα για Έναν,Platoșă unică,ro
Ασπίδα του Συμβούλου,Scutul tacticianului,ro
Αστρικός Συνδυασμός,Combinație stelară,ro
Αστρομάντης,Lumina stelelor,ro
Ατσάλινοι Πόροι,Tare ca fierul,ro
Αυγή στο Σίλβερμιρ,Răsăritul din Silvermere,ro
Αυτοσχέδια Πανοπλία,Armură improvizată,ro
Αφύπνιση Ψυχής,Trezirea sufletului,ro
Βάρα και Σκάσε,Hai odată,ro
Βάρδος,Bard,ro
Βέιγκαρ,Veigar,ro
Βίκτορ,Viktor,ro
Βίκτορ της Απόκρυφης Γνώσης,Viktor-ie ocultă,ro
Βαρύ Τίμημα,Dar cu ce preț,ro
Βελτιστοποίηση,Min-Max,ro
Βεξ,Vex,ro
Βιονικά Εμφυτεύματα,Implanturi cibernetice,ro
Βιονική Ζεύξη,Conexiune cibernetică,ro
Βοσκός,Păstor,ro
Βρες Το Κέντρο Σου,Găsește-ți centrul de putere,ro
Γ.Μ.Τ. Σπαθί,Sabia forței brute,ro
Γάντι του Κενού,Mănușa Vidului,ro
Γάντια Μονομαχίας,Mănuși de antrenament,ro
Γάντια του Κλέφτη,Mănușile tâlharului,ro
Γάντια του Φούρναρη,Mănuși strașnice,ro
Γαλαξιακός Κυνηγός,Vânător galactic,ro
Γαριδρομέας,Crabul,ro
Γιαταγάνι Φαντασμάτων,Hanger fantomatic,ro
Γκναρ,Gnar,ro
Γκουέν,Gwen,ro
Γκράγκας,Gragas,ro
Γκρέιβς,Graves,ro
Γκόλεμ,Golem,ro
Γνωσιακή Υπερφόρτιση,Supraîncărcare cognitivă,ro
Γνωσιακό Κόστος,Taxe cognitive,ro
Γρήγορη Διπλή Εξόντωση,Dublu asasinat rapid,ro
Γρήγορη Εκκίνηση,Pornire rapidă,ro
Δάκρυ της Θεάς,Lacrima zeiței,ro
Δάνειο για προχωρημένους,Împrumut avansat,ro
Δίδυμοι Φύλακες,Gardienii gemeni,ro
Δεν Υποχωρούμε,Rezistența din prima linie,ro
Δεσμευτική Στρατηγική,Angajament solid,ro
Διάβρωση,Coroziune,ro
Διάταξη,Aliniere,ro
Διαδρομή Πολέμου,Calea războiului,ro
Διαστημικός Ρυθμός,Distracție în spațiu,ro
Διεκδικητής,Competitor,ro
Διεφθαρμένο Βαμπιρικό Σκήπτρο,Sceptru vampiric corupt,ro
Διοικήτρια Άνιμα,Comandatul Anima,ro
Διοικητής,Comandant,ro
Διπλή Αξία,De două ori mai câștigați,ro
Δοκίμασε Την Τύχη Σου,Te simți norocos,ro
Δόντι του Νάσορ,Dintele lui Nashor,ro
Δόρυ του Σοτζίν,Lancea lui Shojin,ro
Δύο Ντούκια,Tancuri la xerox,ro
Δώρο Γενεθλίων,Cadou aniversar,ro
Δώσε,Îmbrâncire,ro
Εδραιωμένη Εμπροσθοφυλακή,Baza avangardei,ro
Εδώ οι Καλές Ενισχύσεις,"Un buff, două buff-uri",ro
Εδώ το Παραδάκι,Goana după bani,ro
Ειδικός Τελικών Σταδίων Παιχνιδιού,Specialistul sfârșitului jocului,ro
Εισβολέας Ζεντ,Invadatorul Zed,ro
Εκπαίδευση Σωματοφύλακα,Antrenamentul gărzii de corp,ro
Εκπτώσεις-φωτιά,Reducere fulger,ro
Εκρηκτική Ανάπτυξη,Creștere explozivă,ro
Εκστρατεία,Expediție,ro
Ελαφρώς Μαγική Ζαριά,Reîncărcare relativ magică,ro
Ελεύθερος Σκοπευτής,Lunetist,ro
Εμπορικός Πυρήνας,Comerț de bază,ro
Εμπορικός Τομέας,Sectorul comercial,ro
Εμπροσθοφυλακή,Apărător,ro
Ενισχυμένη Ισχύς,Putere augmentată,ro
Εξολοθρευτής,Eradicare,ro
Εξόριστοι,Exilați,ro
Εξύψωση,Ascensiune,ro
Επέκταση,Ramificare,ro
Επένδυση,Investiție,ro
Επίχρυσο Ατσάλι,Oțel aurit,ro
Επαγγελματίας Δολοφόνος,Ucigaș plătit,ro
Επαγγελματίας Μαχητής,Învingătorii iau totul,ro
Επανεκκίνηση Αποστολής,Misiune în acțiune,ro
Επιζών,Supraviețuitor,ro
Επικίνδυνες Κινήσεις,Mutări riscante,ro
Επικό Μπαρμπούτι,Reîncărcări epice,ro
Επιλέξτε Χαρακτηριστικό,Alege caracteristica,ro
Επόμενη Πίστα!,Nivelul următor!,ro
Εστιασμένο Πυρ,Foc concentrat,ro
Ευελιξία,Flexibilitate,ro
Ευλογία Ανάστασης,Favorul resurecției,ro
Ευλογία του Νταή,Favorul duelistului,ro
Ευπροσάρμοστο Κράνος,Coif cameleonic,ro
Εφεδρικά Τόξα,Arcuri de rezervă,ro
Ζάια,Xayah,ro
Ζέφυρος,Zefir,ro
Ζεντ,Zed,ro
Ζεύξη με Ντρόουν,Conexiune cu drona,ro
Ζοφερός Κήρυκας του Ζέκε,Solul dezolant al lui Zeke,ro
Ζωντανή Πυρά,Fierar neobosit,ro
Ζόη,Zoe,ro
Ζώνη του Γίγαντα,Cureaua uriașului,ro
Η Έξαρση της Κέιλ,Exaltarea lui Kayle,ro
Η Ακτινοβόλος Έξαρση της Κέιλ,Exaltarea radiantă a lui Kayle,ro
Η Αύρα της Άρι,Aura lui Ahri,ro
Η Εμμονή του Βάρους,Obsesia lui Varus,ro
Η Μεγάλη Έκρηξη,Big Bang,ro
Η Ξιφασκία του Υασούο,Arta atacului lui Yasuo,ro
Η Υπομονή Είναι Αρετή,Răbdarea e o virtute,ro
Η Υπομονή του Έκκο,Răbdarea lui Ekko,ro
Η Ψυχή του Πάρτι,Petrecăreț,ro
Η ομάδα πάνω απ' όλα,În echipă,ro
Ηλεκτροφόρτιση,Încărcare electrică,ro
Ημιαγωγός,Semiconductor,ro
Ηρωικός Σάκος Δώρων,Punguță eroică,ro
Θέατρο Σκιών,Păpușa din umbră,ro
Θέληση του Ροπάλου,Voința buzduganului,ro
Θαμμένοι Θησαυροί,Comori îngropate,ro
Θανάσιμα Καπέλα,Pălării mai letale,ro
Θεά των Όπλων,Zeița armelor,ro
Θεϊκή Ευλογία,Binecuvântat de zei,ro
Θεϊκός Μονομάχος,Duelist divin,ro
Θυσία Αίματος,Ofrandă de sânge,ro
Θώρακας Κισσού,Vestă de mărăcini,ro
Ιαματικός Αντίλαλος,Ecouri tămăduitoare,ro
Ιλλαόη,Illaoi,ro
Ιστορική Ανατροπή,Povestea revenirii,ro
Ιόνιος Σπίθα,Scânteie ionică,ro
Κάδος με Παλιοσίδερα,Coș de recuperare,ro
Κάι'Σα,Kai'Sa,ro
Κάλεσμα στο Χάος,Chemarea haosului,ro
Κάπα του Συμβούλου,Mantia tacticianului,ro
Κάρμα,Karma,ro
Κάτι Κάνω και Εγώ,Tot sunt buni la ceva,ro
Κέιτλιν,Caitlyn,ro
Κήρυκας του Ζέκε,Solul lui Zeke,ro
Κίντρεντ,Kindred,ro
Καβγατζής,Bătăuș,ro
Καθαρό Μυαλό,Minte limpede,ro
Κακόβουλα Έσοδα,Monetizare ostilă,ro
Καλά Φιλαράκια,Cei mai buni prieteni,ro
Κανόνι από Γυαλί,"Puternic, dar fragil",ro
Καπέλο του Ράμπαντον,Pălăria malefică a lui Rabadon,ro
Καρδιά από Ατσάλι,Inimă de oțel,ro
Καταιγίδα του Λούντεν,Furtuna lui Luden,ro
Καταναλωτική Μανία,La cumpărături,ro
Καταραμένη Λεπίδα,Sabia blestemată,ro
Καταραμένο Πετράδι,Giuvaier blestemat,ro
Καταραμένο Στέμμα,Coroana blestemată,ro
Καταστροφέας,Apocaliptic,ro
Κατοπτρισμένη Προσωπικότητα,Personalitate în oglindă,ro
Κατώτερη Κατοπτρισμένη Προσωπικότητα,Personalitate în oglindă minoră,ro
Καχουναχούνα,Kahunahuna,ro
Κολοσσιαία Ύδρα,Hidra titanilor,ro
Κοσμική Επανεκκίνηση,Repornire cosmică,ro
Κουζίνα του Συμβούλου,Bucătăria tacticianului,ro
Κουκλοποίηση,Manechinizare,ro
Κούκλα Εκπαίδευσης,Manechin de antrenament,ro
Κούκλες Δοκιμής Σύγκρουσης,Manechine animate,ro
Κρίσιμη Επιτυχία,Succes critic,ro
Κριτής,Mediator,ro
Κρυφό Εργαστήριο,Forjă latentă,ro
Κυνήγι Θησαυρού,Vânătoare de comori,ro
Κυρτό Τόξο,Arc încovoiat,ro
Κόκκινη Ενίσχυση,Buff-ul roșu,ro
Κόπανος Εφόδου,Buzduganul înaintașului,ro
Κόρκι,Corki,ro
Κύπελλο της Δύναμης,Pocalul puterii,ro
ΛεΜπλάν,LeBlanc,ro
Λεγεώνα των Τριών,Legiunea de trei,ro
Λειτουργία Αγωγού,Modul de intermediar,ro
Λειτουργία Αντιγραφέα,Modul de replicator,ro
Λειτουργία Διεκδικητή,Modul de competitor,ro
Λελογισμένη Ήττα,Pierdere calculată,ro
Λεπίδα Θανάτου,Sabia morții,ro
Λεπίδα της Νύχτας,Taina întunericului,ro
Λεόνα,Leona,ro
Ληστεία Συστατικών,Jaful componentelor,ro
Λισάντρα,Lissandra,ro
Λογαριασμός Ταμιευτηρίου,Cont de economii,ro
Λούλου,Lulu,ro
Λυτρωτής,Salvator,ro
Μάζωξη γενεθλίων,Reuniune aniversară,ro
Μάντης,Oracol,ro
Μάστερ Γι,Master Yi,ro
Μέγιστο Build,Build maxim,ro
Μένουμε Ενωμένοι,Rămânem împreună,ro
Μίλιο,Milio,ro
Μίνι Μαύρη Τρύπα,Mini gaură neagră,ro
Μαγική Ζαριά,Aruncare magică,ro
Μαγικό Υφαντό,Magie întrepătrunsă,ro
Μαγοτεχνικό Σπαθοπίστολο,Pușcă cu baionetă hextech,ro
Μαζί Ενωμένοι,Unire în luptă,ro
Μαζί στο Φως των Προβολέων του Υασούο,Yasuo: Împarte centrul atenției,ro
Μαθήματα Πυγμαχίας,Lecții de box,ro
Μανδύας Εξουδετέρωσης,Mantie Negatron,ro
Μανδύας του Ήλιου,Mantie solară,ro
Μαοκάι,Maokai,ro
Μεγάλοι Και Τρανοί,Mare și amenințătoare,ro
Μερική Εξύψωση,Iluminare parțială,ro
Μεταφορά Φορτίου,Transfer de încărcare,ro
Μια Ένδοξη Περιπέτεια,O aventură triumfătoare,ro
Μικροί Στο Μάτι,Mici și letale,ro
Μικροσκοπικοί Τιτάνες,Mici titani,ro
Μικρούληδες Φίλοι,Prieteni micuți,ro
Μικρός Σάκος Δώρων,Punguță mică,ro
Μιπ,Mip,ro
Μιπίδιο,Meepsie,ro
Μις Φόρτσουν,Miss Fortune,ro
Μοργκάνα,Morgana,ro
Μορελονομικόν,Morellonomicon,ro
Μορντεκάιζερ,Mordekaiser,ro
Μπελ'Βεθ,Bel'Veth,ro
Μπλίτζκρανκ,Blitzcrank,ro
Μπλε Ενίσχυση,Buff-ul albastru,ro
Μπονκ!,Zdrang!,ro
Μπράιαρ,Briar,ro
Νάμι,Nami,ro
Νάσους,Nasus,ro
Νεοσύλλεκτος,Recrut nou,ro
Νούνου και Γουίλαμπ,Nunu și Willump,ro
Ντιάνα,Diana,ro
Ντόρτια,"Unde-s 2 stele, puterea crește",ro
Νύχι του Δράκου,Gheara dragonului,ro
Νύχια του Λωποδύτη,Gheara prădătorului,ro
Ο Δολοφόνος που δεν Κάνει Διακρίσεις,Ucigaș fără discriminare,ro
Ο Πάγκος της Πανδώρας,Banca Pandorei,ro
Ο Πρωταγωνιστής δεν Πεθαίνει,Protecție universală,ro
Ο Πύργος,Turnul,ro
Ο Χρυσός Δράκος,Dragonul auriu,ro
Ο πιο Μικροσκοπικός Τιτάνας,Titan micuț,ro
"ΟΧΙ ΠΑΡΑΚΟΛΟΥΘ., ΟΧΙ ΑΛΛΑΓΕΣ","FĂRĂ ANALIZĂ, FĂRĂ SCHIMBĂRI",ro
Οι Απροσάρμοστοι,Inadaptați,ro
"Οικονόμος, όχι Τσιγκούνης",Buget înțelept,ro
Ολοκαίνουργιο,Proaspăt fabricat,ro
Ομαδική Αγκαλιά,Îmbrățișare de grup,ro
Οπτικά Συστήματα Στόχευσης,Optică de fixare a țintei,ro
Οργή του Κράκεν,Furia krakenului,ro
Οργανικό Εμφύτευμα,Implant empatic,ro
Οργισμένο Σπαθί του Γκουίνσου,Spada furiei lui Guinsoo,ro
Ορν,Ornn,ro
Ουρά Αναμονής Για Δύο,Listă duo,ro
Ούργκοτ,Urgot,ro
Πάικ,Pyke,ro
Πάνθεον,Pantheon,ro
Πέπλο Δειλινού,Văl uniform,ro
Πέπλο της Σιωπής,Vălul nemișcării,ro
Πέτρινη Πανοπλία του Γκαργκόιλ,Platoșa garguiului,ro
Πακέτο Ενίσχυσης,Pachet de amplificare,ro
Πακέτο Φροντίδας,Pachet de îngrijire,ro
Πανοπλία του Γόρμογκ,Armura lui Warmog,ro
Παρανοϊκό Ξίφος,Sfârșitul rațiunii,ro
Παρασιτική Ζωτικότητα,Vitalitate vampirică,ro
Παρενέργειες,Efecte secundare,ro
Περίσσευμα Ζωνών,Curele fără număr,ro
Περίσσευμα Ραβδιών,Toiege fără număr,ro
Περίσσευμα Σπαθιών,Săbii fără număr,ro
Περίτεχνη Δημιουργία,Forja reîncărcărilor,ro
Περικάρπιο του Ερευνητή,Brățara căutătorului,ro
Περιττά Τεράστια Ράβδος,Toiag uriaș,ro
Περπάτα στα Κάρβουνα,Întețește focul,ro
Πετραδένιο Γάντι,Mănușa cu nestemate,ro
Πετραδένιος Λωτός,Lotus cu nestemate,ro
Πηγαίνοντας Μακριά,Pariu pe viitor,ro
Πιο Θανάσιμες Λεπίδες,Săbii mai letale,ro
Πλέγμα Κακόβουλου Λογισμικού,Matrice malware,ro
Πνεύμα Λύτρωσης,Spiritul izbăvirii,ro
Πολλά Στατιστικά!,Sute de atribute!,ro
Πολλές Ανανεώσεις,Reîncărcări la grămadă,ro
Πολυκαιρισμένο Κειμήλιο,Relicva ofilită,ro
Πολυτελής Συνδρομή,Abonament de lux,ro
Πολύπλευρο Κέρδος,Victorie neașteptată,ro
Πριμόρντιαν,Primordian,ro
Πρισματικό Εισιτήριο,Bilet prismatic,ro
Προνοητική Σκέψη,Plan de viitor,ro
Προστασία από Άπειρο,Protecția infinitului,ro
Προτείχισμα,Bastion,ro
Προτείχισμα,Baricadă,ro
Πρόκληση του Στέρακ,Gheara lui Sterak,ro
Πρώιμες Διδαχές,Învățături timpurii,ro
Πόπι,Poppy,ro
Πύλη Ζζ'Ροτ,Portal Zz'rot,ro
Ράαστ,Rhaast,ro
Ράβδος του Κενού,Sceptrul Vidului,ro
Ράβδος των Σεραφίμ,Sceptrul serafimului,ro
Ράμους,Rammus,ro
Ρίβεν,Riven,ro
Ραβδί Αρχάγγελου,Toiagul arhanghelului,ro
Ρεκ'Σάι,Rek'Sai,ro
Σάκος Δώρων,Punguță cu obiecte surpriză,ro
Σάκος Δώρων του Ουρφ,Punguța lui Urf,ro
Σάκος Μεγάλου Κάβουρα,Punguță mare,ro
Σαμίρα,Samira,ro
Σεν,Shen,ro
Σιδερόπλεκτο Γιλέκο,Vestă de zale,ro
Σκοτεινή Κυρία,Doamna întunecată,ro
Σκοτεινό Άστρο,Stea întunecată,ro
Σκοτεινός Ιππότης,Brigand,ro
Σκοτισμένο Μυαλό,Minte aglomerată,ro
Σμιλεμένο με Δύναμη,Făurit prin putere,ro
Σοκολατάκια,Gustări dulci,ro
Σούφρωμα,Jaf,ro
Σπάτουλα,Spatulă,ro
Στέμμα του Συμβούλου,Coroana tacticianului,ro
Στεμματοφύλακας,Crownguard,ro
Στιλέτο Στατικού Ηλεκτρισμού,Cuțit electrostatic,ro
Στόχος μας τα Άστρα,Țintește spre stele,ro
Συγκέντρωση Δυνάμεων,Forțe proaspete,ro
Συγκέντρωση Ορίζοντα,Focalizarea orizontului,ro
Συμμορία,Bandă de tâlhari,ro
Συμμορία II,Bandă de tâlhari II,ro
Συνδρομητική Υπηρεσία,Abonament,ro
Συνεχής Επίκληση,Incantație continuă,ro
Συντήρηση Βιοΰλης,Conservare de biomaterial,ro
Σφαίρες Θεραπείας,Sfere vindecătoare,ro
Σχέδιο Οπισθοφυλακής,Schiță pentru linia din spate,ro
Σόλο Άνοδος Επιπέδου,Creștere solo în nivel,ro
Σόνα,Sona,ro
Σύμμαχος του Οδοιπόρου,Aliatul îngrijitorului,ro
Σύσφιξη Δεσμών,Team Building,ro
Τάλον,Talon,ro
Τίμο,Teemo,ro
Τα Δάκρυα Κύλησαν,Lacrimi curgătoare,ro
Ταμ Κεντς,Tahm Kench,ro
Ταμπλό του Ήλιου,Tabla solară,ro
Ταξιδευτής,Călător,ro
Τελευταίος Ψίθυρος,Ultima șoaptă,ro
Τερμιπική Ταχύτητα,Viteză termipnală,ro
Τεχνίτης Ραβδιών,Meșter de toiege,ro
Τεχνίτης Σπαθιών,Meșter de săbii,ro
Τζαξ,Jax,ro
Τζιν,Jhin,ro
Τζινξ,Jinx,ro
Τηγάνι,Tigaia de aur,ro
Τιμή σε Αίμα,Prețul sângelui,ro
Τιμή του Πολέμαρχου,Onoarea războinicului,ro
Το Ένστικτο της Έβελιν,Instinctul lui Evelynn,ro
Το Δέντρο των Χαρακτηριστικών,Copacul caracteristicilor,ro
Το Δώρο της Άρι,Favorul lui Ahri,ro
Το Δώρο της Έβελιν,Favorul lui Evelynn,ro
Το Δώρο της Κέιλ,Favorul lui Kayle,ro
Το Δώρο της Σοράκα,Favorul Sorakăi,ro
Το Δώρο του Έκκο,Favorul lui Ekko,ro
Το Δώρο του Βάρους,Favorul lui Varus,ro
Το Δώρο του Θρες,Favorul lui Thresh,ro
Το Δώρο του Υασούο,Favorul lui Yasuo,ro
Το Δώρο του Ωρέλιον Σολ,Favorul lui Aurelion Sol,ro
Το Θαύμα της Σοράκα,Miracolul Sorakăi,ro
Το Λημέρι του Βαρόνου,Bârlogul Baronului,ro
Το Μέγεθος Μετράει,Mărimea contează,ro
Το Πανίσχυρο Mech,Robotul Mecha impunător,ro
Το Στέμμα Είναι Βαρύ,Povara coroanei,ro
Το Τέχνασμα του Ουρφ,Pariul lui Urf,ro
Το Τεσσάρι το Καλό,Patru de partea ta,ro
Το Τόξο μου στη Διάθεσή σου,Ia arcul meu,ro
Το Φανάρι του Θρες,Felinarul lui Thresh,ro
Το Χαρντκόρε Της Αυγής,Miezul zorilor,ro
Το Χρυσό Αυγό,Oul de aur,ro
Τονωτικό Μενταγιόν,Medalion stimulant,ro
Τουίστεντ Φέιτ,Twisted Fate,ro
Τρίδυμο,Triplu avantaj,ro
Τρεμολεπίδες,Tăișuri sclipitoare,ro
Τσεκούρι της Κόλασης,Secure din focul iadului,ro
Τσο'Γκαθ,Cho'Gath,ro
Τυχερά Γάντια,Mănuși norocoase,ro
Τόμος Χαρακτηριστικών,Tomul caracteristicilor,ro
"Τώρα Κλαις, Γιατί Κλαις",Cod roșu de lacrimi,ro
Τώρα Που Έχω Ρέντα,Pe val,ro
ΥΠΕΡΤΑΧYΤΑΤΟ ΠΥΡ,U.R.F,ro
Υδράργυρος,Argint viu,ro
Υπέρλαμπρος Κατεργάρης,Poznaș radiant,ro
Υπομονετική Μελέτη,Studiu diligent,ro
Υφάντρα της Μοίρας,Țesător al destinului,ro
Υψηλή Τάση,Linie de înaltă tensiune,ro
Φαρμάρισμα Αύρας,Farmarea aurei,ro
Φιζ,Fizz,ro
Φιόρα,Fiora,ro
Φλεγόμενο Ολμοβόλο,Tun-mitralieră,ro
Φολιδωτή Ουσία,Solzi sclipitori,ro
Φονέας Γιγάντων,Vânătorul de uriași,ro
Φορητό Εργαστήριο,Forjă portabilă,ro
Φτιάξε Έναν Φίλο,Creează un prieten,ro
Φτιάξε τον Δικό σου Φίλο,Construiește-ți un prieten,ro
Φτιάξτε έναν σύντροφο,Construiește un însoțitor,ro
Φυλαχτό της Εξύψωσης,Talismanul ascensiunii,ro
Χάλκινη για Πάντα,Bronz pentru totdeauna,ro
Χέρι της Δικαιοσύνης,Mâna justiției,ro
Χαμένες Συνδέσεις,Legături ratate,ro
Χαράξτε Μονοπάτι,Creează o cale,ro
Χαρτζιλίκι,Bani de buzunar,ro
Χρηματοθύελλα,Muson de bani,ro
Χρονοθραύστης,Frângător al timpului,ro
Χρυσό Εξάγωνο του Υασούο,Hexagonul auriu al lui Yasuo,ro
Χρυσό Ποντάρισμα,Pariu de aur,ro
Χυμός Κάπα,Suc Cappa,ro
Ψαροκόκκαλο,Bubuilă,ro
Ψυχογενές Έμβλημα,Emblema psionică,ro
Ψυχογενής,Psionic,ro
Ωρέλιον Σολ,Aurelion Sol,ro
Ωρολογιακός Επιταχυντής,Accelerator mecanic,ro
Ωρόρα,Aurora,ro
Авангард,Apărător,ro
Аврора,Aurora,ro
Агрессивная монетизация,Monetizare ostilă,ro
Адаптивный шлем,Coif cameleonic,ro
Акали,Akali,ro
Арбитр,Mediator,ro
Арена солнечного пламени,Tabla solară,ro
Атрокс,Aatrox,ro
Аугментированная сила,Putere augmentată,ro
Аура Ари,Aura lui Ahri,ro
Аурелион Сол,Aurelion Sol,ro
Бард,Bard,ro
Башня,Turnul,ro
Бел'Вет,Bel'Veth,ro
Бесконечное отчаяние,Disperare nemărginită,ro
Благословлен.,Binecuvântat de zei,ro
Близость удачи,Te simți norocos,ro
Блицкранк,Blitzcrank,ro
Божественный дуэлянт,Duelist divin,ro
Более смертельные шляпы,Pălării mai letale,ro
Больше – лучше,Mărimea contează,ro
Большой взрыв,Big Bang,ro
Большой мешок с сюрпризом,Punguță mare,ro
Боньк!,Zdrang!,ro
Брайер,Briar,ro
Бронза навек,Bronz pentru totdeauna,ro
Бунтари,Inadaptați,ro
Буря Людена,Furtuna lui Luden,ro
Бустер,Pachet de amplificare,ro
В лучах славы (Ясуо),Yasuo: Împarte centrul atenției,ro
В ударе,Pe val,ro
Варежки,Mănuși strașnice,ro
Вверх по головам,Creștere în clasament,ro
Вейгар,Veigar,ro
Векс,Vex,ro
Вербовка,Recrut nou,ro
Верное сердце,Iubire nezdruncinată,ro
Вестник Зика,Solul lui Zeke,ro
Вестник рока,Apocaliptic,ro
Вечерний покров,Văl uniform,ro
Вечное обновление,Reîncărcări la grămadă,ro
Вечный договор,Pact etern,ro
Взрывной рост,Creștere explozivă,ro
Виктор,Viktor,ro
Возвышение Кейл,Exaltarea lui Kayle,ro
Возмездие,Pedeapsă,ro
Вознесение,Ascensiune,ro
Волевая победа,Povestea revenirii,ro
Воля булавы,Voința buzduganului,ro
Воровская шайка,Bandă de tâlhari,ro
Воровская шайка II,Bandă de tâlhari II,ro
Восстанавливающий медальон,Medalion stimulant,ro
Вредоносная матрица,Matrice malware,ro
Вредоносный самоцвет,Giuvaier blestemat,ro
Второе дыхание,Forțe proaspete,ro
Выбор особенности,Alege caracteristica,ro
Выбор сделан,"FĂRĂ ANALIZĂ, FĂRĂ SCHIMBĂRI",ro
Выгодное предложение,Buget înțelept,ro
Выживший,Supraviețuitor,ro
Высокая ценность,De două ori mai câștigați,ro
Высокое напряжение,Linie de înaltă tensiune,ro
Галактика грува,Distracție în spațiu,ro
Гамбит Урфа,Pariul lui Urf,ro
Гвен,Gwen,ro
Герб Лайтшилдов,Blazonul Lightshield,ro
Геройский мешок с сюрпризом,Punguță eroică,ro
Гибкость,Flexibilitate,ro
Гнар,Gnar,ro
Голем,Golem,ro
Головокружение,Minte aglomerată,ro
Головорез,Rebel,ro
Горнило испытаний,Făurit prin putere,ro
Грабеж,Jaf,ro
Грагас,Gragas,ro
Грань Бесконечности,Sabia infinitului,ro
Грань ночи,Taina întunericului,ro
Грейвз,Graves,ro
Гроза Личей,Urgia de pe lume,ro
Гроза галактики,Zeița armelor,ro
Групповые обнимашки,Îmbrățișare de grup,ro
Гуляка,Petrecăreț,ro
Да пребудет с вами сила четверки,Patru de partea ta,ro
Дальновидность,Plan de viitor,ro
Дар Ари,Favorul lui Ahri,ro
Дар Аурелиона Сола,Favorul lui Aurelion Sol,ro
Дар Варуса,Favorul lui Varus,ro
Дар Кейл,Favorul lui Kayle,ro
Дар Сораки,Favorul Sorakăi,ro
Дар Треша,Favorul lui Thresh,ro
Дар Эвелинн,Favorul lui Evelynn,ro
Дар Экко,Favorul lui Ekko,ro
Дар Ясуо,Favorul lui Yasuo,ro
Дар возрождения,Favorul resurecției,ro
Дар ремесленника,Favorul duelistului,ro
Два стража,Gardienii gemeni,ro
Двойная защита,Tancuri la xerox,ro
Дебошир,Bătăuș,ro
Дерево особенностей,Copacul caracteristicilor,ro
Держать строй!,Rezistența din prima linie,ro
Держимся вместе,Rămânem împreună,ro
Джакс,Jax,ro
Джин,Jhin,ro
Джинкс,Jinx,ro
Диана,Diana,ro
Добродетель мученика,Virtutea martirului,ro
Доспех Вармога,Armura lui Warmog,ro
Драгоценная перчатка,Mănușa cu nestemate,ro
Драгоценный лотос,Lotus cu nestemate,ro
Дух искупления,Spiritul izbăvirii,ro
Жажда золота,Goana după bani,ro
Железный аргумент,Tare ca fierul,ro
Живая кузница,Fierar neobosit,ro
Живучесть вампира,Vitalitate vampirică,ro
Жулик,Escroc,ro
Задира,Competitor,ro
Закопанные сокровища,Comori îngropate,ro
Западный ветер,Zefir,ro
Запасные луки,Arcuri de rezervă,ro
Запретный идол,Idol interzis,ro
Заточка Статикка,Cuțit electrostatic,ro
Защита вечности,Protecția infinitului,ro
Звездная комбинация,Combinație stelară,ro
Звездочет,Lumina stelelor,ro
Звериный отряд,Anima,ro
Зед,Zed,ro
Зеркальное отражение,Personalitate în oglindă,ro
Златоносная сущность,Solzi sclipitori,ro
Зов хаоса,Chemarea haosului,ro
Зои,Zoe,ro
Золотая ячейка Ясуо,Hexagonul auriu al lui Yasuo,ro
Золотое яйцо,Oul de aur,ro
Золотой дракон,Dragonul auriu,ro
Золотой риск,Pariu de aur,ro
Золотой ураган,Muson de bani,ro
Зуб Нашора,Dintele lui Nashor,ro
Игра в команде,În echipă,ro
Игра в паре,Listă duo,ro
Игра вдолгую,Pariu pe viitor,ro
Избиение,Îmbrâncire,ro
Изгнание,Exilați,ro
Изогнутый лук,Arc încovoiat,ro
Иллаой,Illaoi,ro
Инвестиции,Investiție,ro
Инстинкты Эвелинн,Instinctul lui Evelynn,ro
Ионийская искра,Scânteie ionică,ro
Искупитель,Salvator,ro
Искусное искусство,Forja reîncărcărilor,ro
Испытание Стерака,Gheara lui Sterak,ro
Иссушенная реликвия,Relicva ofilită,ro
Истребитель,Eradicare,ro
Кай'Са,Kai'Sa,ro
Какой ценой?,Dar cu ce preț,ro
Каменный доспех гаргульи,Platoșa garguiului,ro
Карма,Karma,ro
Карманные деньги,Bani de buzunar,ro
Карьерный рост,Ascensiune socială,ro
Кахунахуна,Kahunahuna,ro
Кейтлин,Caitlyn,ro
Киберимпланты,Implanturi cibernetice,ro
Киберподдержка,Conexiune cibernetică,ro
Киндред,Kindred,ro
Клинок смерти,Sabia morții,ro
Клинок ярости Гинсу,Spada furiei lui Guinsoo,ro
Клятва защитника,Jurământul protectorului,ro
Клятва рыцаря,Legământul cavalerului,ro
Книга особенностей,Tomul caracteristicilor,ro
Когнитивная нагрузка,Taxe cognitive,ro
Когнитивная перегрузка,Supraîncărcare cognitivă,ro
Коготь дракона,Gheara dragonului,ro
Коготь охотника,Gheara prădătorului,ro
Кольчуга,Vestă de zale,ro
Командир,Comandant,ro
Командир Звериного отряда,Comandatul Anima,ro
Конструктор,Construiește-ți un prieten,ro
Копье Седзина,Lancea lui Shojin,ro
Корки,Corki,ro
Королевский венец,Crownguard,ro
Корона тактика,Coroana tacticianului,ro
Коррозия,Coroziune,ro
Космическое обновление,Repornire cosmică,ro
Кража компонентов,Jaful componentelor,ro
Красное усиление,Buff-ul roșu,ro
Критический успех,Succes critic,ro
Кровавая цена,Prețul sângelui,ro
Кровавое подношение,Ofrandă de sânge,ro
Кровопийца,Sabia sângeroasă,ro
Крошки-великаны,Mici titani,ro
Крупный займ,Împrumut avansat,ro
Кузница апофеоза,Forjă apoteotică,ro
Кусочек жизни,Felie de viață,ro
Кухня тактика,Bucătăria tacticianului,ro
Ле Блан,LeBlanc,ro
Легион троек,Legiunea de trei,ro
Леденящий Вестник Зика,Solul dezolant al lui Zeke,ro
Леона,Leona,ro
Летающие ножи,Tăișuri sclipitoare,ro
Лиссандра,Lissandra,ro
Логово Барона,Bârlogul Baronului,ro
Лопатка,Spatulă,ro
Лулу,Lulu,ro
Лучезарное возвышение Кейл,Exaltarea radiantă a lui Kayle,ro
Лучезарный плут,Poznaș radiant,ro
Лучшая сборка,Build maxim,ro
Лучшие друзья,Cei mai buni prieteni,ro
Магические кости,Aruncare magică,ro
"Мал, да удал",Mici și letale,ro
Малая черная дыра,Mini gaură neagră,ro
Маленькие друзья,Prieteni micuți,ro
Малое Зеркальное отражение,Personalitate în oglindă minoră,ro
Манекенофикация,Manechinizare,ro
Манекены для краш-тестов,Manechine animate,ro
Мантия тактика,Mantia tacticianului,ro
Маокай,Maokai,ro
Мародер,Brigand,ro
Мастер Йи,Master Yi,ro
Мастер мечей,Meșter de săbii,ro
Мастер посохов,Meșter de toiege,ro
Мастерство Ясуо,Arta atacului lui Yasuo,ro
Медальон Железных Солари,Blazonul solarilor de fier,ro
Мешок предметов,Punguță cu obiecte surpriză,ro
Мешок с сюрпризом Урфа,Punguța lui Urf,ro
Милио,Milio,ro
Минмаксинг,Min-Max,ro
Мипер,Mip,ro
Мипоритка,Meepsie,ro
Мисс Фортуна,Miss Fortune,ro
Могучие исполины,Mare și amenințătoare,ro
Моргана,Morgana,ro
Мордекайзер,Mordekaiser,ro
Мореллономикон,Morellonomicon,ro
Мощь на позднем этапе,Creștere pe final de joc,ro
Н.О.В.А.,N.O.V.A,ro
Набор ауры,Farmarea aurei,ro
Наемный убийца,Ucigaș plătit,ro
Накидка солнечного пламени,Mantie solară,ro
Накопитель биомассы,Conservare de biomaterial,ro
Накопительный вклад,Cont de economii,ro
Нами,Nami,ro
Наручи Искательницы,Brățara căutătorului,ro
Настоящий триумф,Victorie neașteptată,ro
Насус,Nasus,ro
Небольшой мешок с сюрпризом,Punguță mică,ro
Непрерывное колдовство,Incantație continuă,ro
Несокрушимый,Bastion,ro
Нет на месте,Plecat de la tastatură,ro
Неукротимость,Neînduplecare,ro
Нечестивый Вампирский скипетр,Sceptru vampiric corupt,ro
Новинка,Proaspăt fabricat,ro
Новый уровень!,Nivelul următor!,ro
Номер один,Legături ratate,ro
Нуну и Виллумп,Nunu și Willump,ro
Облачение духов,Înfățișarea sufletului,ro
Обновление с капелькой магии,Reîncărcare relativ magică,ro
Одержимость Варуса,Obsesia lui Varus,ro
Один доспех,Platoșă unică,ro
"Один, два, три","Unu, doi, trei",ro
"Одно усиление, два усиления","Un buff, două buff-uri",ro
Ожидаемая неожиданность,Surpriză nesurprinzătoare,ro
Оплот,Baricadă,ro
Оплот передней линии,Baza avangardei,ro
Оправданное ожидание,Merită așteptarea,ro
Оптика с захватом цели,Optică de fixare a țintei,ro
Оракул,Oracol,ro
Орн,Ornn,ro
Охота за сокровищами,Vânătoare de comori,ro
Охотник Галактики,Vânător galactic,ro
Пайк,Pyke,ro
Пантеон,Pantheon,ro
Пастух,Păstor,ro
Перезапуск миссии,Misiune în acțiune,ro
Переизбыток жезлов,Toiege fără număr,ro
Переизбыток мечей,Săbii fără număr,ro
Переизбыток поясов,Curele fără număr,ro
Перенос заряда,Transfer de încărcare,ro
Переносная кузница,Forjă portabilă,ro
Переработка отходов,Coș de recuperare,ro
Перчатка Бездны,Mănușa Vidului,ro
Перчатки вора,Mănușile tâlharului,ro
Плетение магии,Magie întrepătrunsă,ro
Плечом к плечу,Unire în luptă,ro
Победа Виктора из ''Аркейна'',Viktor-ie ocultă,ro
Побочные эффекты,Efecte secundare,ro
Поглощающий плащ,Mantie Negatron,ro
Подарок на день рождения,Cadou aniversar,ro
Подготовка телохранителя,Antrenamentul gărzii de corp,ro
Поднятие уровня в одиночку,Creștere solo în nivel,ro
Подозрительный плащ,Trenci suspect,ro
Подписка,Abonament,ro
Позолоченная сталь,Oțel aurit,ro
Покров тишины,Vălul nemișcării,ro
Покупки,La cumpărături,ro
Полупроводник,Semiconductor,ro
Поппи,Poppy,ro
Портал Зз'Рота,Portal Zz'rot,ro
Посох Бездны,Sceptrul Vidului,ro
Посох архангела,Toiagul arhanghelului,ro
Посох серафима,Sceptrul serafimului,ro
Построение,Aliniere,ro
Посылка,Pachet de îngrijire,ro
Пояс великана,Cureaua uriașului,ro
Празднование юбилея,Reuniune aniversară,ro
Предметы Пандоры,Obiectele Pandorei,ro
Предсмертный шепот,Ultima șoaptă,ro
Приз победителю,Învingătorii iau totul,ro
Призматический билет,Bilet prismatic,ro
Призрачная сабля,Hanger fantomatic,ro
Прицельная стрельба,Foc concentrat,ro
Пришелец Зед,Invadatorul Zed,ro
Пробуждение души,Trezirea sufletului,ro
Проводник,Intermediar,ro
Прокладывание пути,Creează o cale,ro
Проклятая корона,Coroana blestemată,ro
Проклятый клинок,Sabia blestemată,ro
Псионик,Psionic,ro
Пугливый краб,Crabul,ro
Путь к вершине,O aventură triumfătoare,ro
Путь к звездам,Țintește spre stele,ro
Рааст,Rhaast,ro
"Раз, два, пять!","Unu, doi, cinci!",ro
Разрушитель времени,Frângător al timpului,ro
Раммус,Rammus,ro
Ранние уроки,Învățături timpurii,ro
Распаленное пламя,Întețește focul,ro
Расползающиеся корни,Rădăcini răspândite,ro
Распродажа,Reducere fulger,ro
Расширение дела,Ramificare,ro
Режим задиры,Modul de competitor,ro
Режим проводника,Modul de intermediar,ro
Режим репликатора,Modul de replicator,ro
Рек'Сай,Rek'Sai,ro
Рекомбинатор,Recombobulator,ro
Реликт,Primordian,ro
Репликатор,Replicator,ro
Репликация,Reproducere,ro
Решимость титана,Voința titanului,ro
Ривен,Riven,ro
Рискованный ход,Mutări riscante,ro
Робот,Mecha,ro
Роскошная подписка,Abonament de lux,ro
Рука правосудия,Mâna justiției,ro
С места в карьер,Pornire rapidă,ro
С тобой мой лук,Ia arcul meu,ro
Самира,Samira,ro
Самодельный доспех,Armură improvizată,ro
Самый Лучший Меч,Sabia forței brute,ro
Самый крошечный великан,Titan micuț,ro
Самый могучий робот,Robotul Mecha impunător,ro
Свежая поставка,Hai odată,ro
Сверхмипная скорость,Viteză termipnală,ro
Связь с дроном,Conexiune cu drona,ro
Серебряная ложка,Născut înțelept,ro
Сильвермирская заря,Răsăritul din Silvermere,ro
Симпатический имплант,Implant empatic,ro
Синее усиление,Buff-ul albastru,ro
Скамейка Пандоры,Banca Pandorei,ro
Скелетница,Bubuilă,ro
Сковородка,Tigaia de aur,ro
Скорострельная пушка,Tun-mitralieră,ro
Сладкие угощения,Gustări dulci,ro
Слеза богини,Lacrima zeiței,ro
Слезы рекой,Cod roșu de lacrimi,ro
Слишком Большой Жезл,Toiag uriaș,ro
Смертельная шляпа Рабадона,Pălăria malefică a lui Rabadon,ro
Смертоносные клинки,Săbii mai letale,ro
Смерть Разума,Sfârșitul rațiunii,ro
Снайпер,Lunetist,ro
Создание друга,Creează un prieten,ro
Создание спутника,Construiește un însoțitor,ro
Сона,Sona,ro
Союзник,Aliatul îngrijitorului,ro
Специалист по поздним этапам,Specialistul sfârșitului jocului,ro
Спящая кузница,Forjă latentă,ro
Стальное сердце,Inimă de oțel,ro
Статическое электричество,Încărcare electrică,ro
Стеклянная пушка,"Puternic, dar fragil",ro
Странник,Călător,ro
Страховой фонд,Fond de investiții,ro
Стремительное двойное убийство,Dublu asasinat rapid,ro
Стремительное серебро,Argint viu,ro
Струящиеся слезы,Lacrimi curgătoare,ro
Суть коммерции,Comerț de bază,ro
Сфера лечения,Sfere vindecătoare,ro
Счастливые перчатки,Mănuși norocoase,ro
Сюжетная защита,Protecție universală,ro
Таам Кенч,Tahm Kench,ro
Талисман вознесения,Talismanul ascensiunii,ro
Талон,Talon,ro
Твистед Фэйт,Twisted Fate,ro
Темная звезда,Stea întunecată,ro
Темная леди,Doamna întunecată,ro
Теневая марионетка,Păpușa din umbră,ro
Терновый жилет,Vestă de mărăcini,ro
Терпеливый ученик,Studiu diligent,ro
Терпение,Răbdarea e o virtute,ro
Терпение Экко,Răbdarea lui Ekko,ro
Тимбилдинг,Team Building,ro
Тимо,Teemo,ro
Титаническая гидра,Hidra titanilor,ro
Ткач судьбы,Țesător al destinului,ro
Тонны показателей!,Sute de atribute!,ro
Топор адского пламени,Secure din focul iadului,ro
Торговый сектор,Sectorul comercial,ro
Тренировочные перчатки,Mănuși de antrenament,ro
Тренировочный манекен,Manechin de antrenament,ro
Триада,Triplu avantaj,ro
Тропа войны,Calea războiului,ro
Тяжел венец,Povara coroanei,ro
У.Р.Ф.,U.R.F,ro
Убийство без разбора,Ucigaș fără discriminare,ro
Убийца великанов,Vânătorul de uriași,ro
Ургот,Urgot,ro
Уроки бокса,Lecții de box,ro
Физз,Fizz,ro
Фиора,Fiora,ro
Фонарь Треша,Felinarul lui Thresh,ro
Хекстековый прицел,Focalizarea orizontului,ro
Хекстековый штык,Pușcă cu baionetă hextech,ro
Хитрая тактика,Pierdere calculată,ro
Хоть какая-то польза,Tot sunt buni la ceva,ro
Целеустремленность,Angajament solid,ro
Центр внимания,Găsește-ți centrul de putere,ro
Цеп вышибалы,Buzduganul înaintașului,ro
Часовой механизм,Accelerator mecanic,ro
Частичное вознесение,Iluminare parțială,ro
Чаша силы,Pocalul puterii,ro
Чертеж для задней линии,Schiță pentru linia din spate,ro
Честь полководца,Onoarea războinicului,ro
Четырехкратное усиление,"Unde-s 2 stele, puterea crește",ro
Чо'Гат,Cho'Gath,ro
Чудо Сораки,Miracolul Sorakăi,ro
Шапучий напиток,Suc Cappa,ro
Шая,Xayah,ro
Шен,Shen,ro
Щит тактика,Scutul tacticianului,ro
Эгида рассвета,Scutul zorilor,ro
Эгида сумерек,Scutul amurgului,ro
Эзреаль,Ezreal,ro
Эксклюзивная кастомизация,Personalizare exclusivă,ro
Экспедиция,Expediție,ro
Эмблема Галактики грува,Emblema distracției în spațiu,ro
Эмблема Звериного отряда,Emblema Anima,ro
Эмблема Н.О.В.А.,Emblema N.O.V.A.,ro
Эмблема Темной звезды,Emblema stelelor întunecate,ro
Эмблема авангарда,Emblema apărătorilor,ro
Эмблема арбитра,Emblema mediatorilor,ro
Эмблема головореза,Emblema rebelilor,ro
Эмблема дебошира,Emblema bătăușilor,ro
Эмблема задиры,Emblema competitorilor,ro
Эмблема звездочета,Emblema luminii stelelor,ro
Эмблема мародера,Emblema briganzilor,ro
Эмблема мипера,Emblema Meeple,ro
Эмблема несокрушимого,Emblema bastionului,ro
Эмблема пастуха,Emblema păstorilor,ro
Эмблема псионика,Emblema psionică,ro
Эмблема разрушителя времени,Emblema frângătorilor timpului,ro
Эмблема реликта,Emblema primordienilor,ro
Эмблема снайпера,Emblema lunetiștilor,ro
Эмблема странника,Emblema călătorilor,ro
Эпические обновления,Reîncărcări epice,ro
Эпоха,Epocă,ro
Эхо восстановления,Ecouri tămăduitoare,ro
Ядро рассвета,Miezul zorilor,ro
Ярость кракена,Furia krakenului,ro
Ясный ум,Minte limpede,ro
آتروكس,Aatrox,ro
أربعة تكسب ترقية,"Unde-s 2 stele, puterea crește",ro
أصغر عملاق,Titan micuț,ro
أطنان من الإحصاءات!,Sute de atribute!,ro
أفضل الأصدقاء,Cei mai buni prieteni,ro
أكالي,Akali,ro
أنيما,Anima,ro
أورغوت,Urgot,ro
أورن,Ornn,ro
أورورا,Aurora,ro
أوريليون سول,Aurelion Sol,ro
إرادة الصولجان,Voința buzduganului,ro
إزريال,Ezreal,ro
إعادة المهمة,Misiune în acțiune,ro
إيلاوي,Illaoi,ro
اتصالات فائتة,Legături ratate,ro
اختر خاصية,Alege caracteristica,ro
اختصاصي نهاية المباراة,Specialistul sfârșitului jocului,ro
استبدالٌ ملحمي,Reîncărcări epice,ro
استحضار السحر المستمر,Incantație continuă,ro
اعثر على مركزك,Găsește-ți centrul de putere,ro
الأحزمة الوفيرة,Curele fără număr,ro
الأربعة تربح,Patru de partea ta,ro
الأشقياء,Inadaptați,ro
الأصول الحديدية,Tare ca fierul,ro
الأقواس الاحتياطية,Arcuri de rezervă,ro
الأمر يستحق الانتظار,Merită așteptarea,ro
الإنفاق الحكيم,Buget înțelept,ro
الاتصال الآلي,Conexiune cibernetică,ro
الاتصال بالدرون,Conexiune cu drona,ro
الاختلاس,Jaf,ro
الارتقاء,Ascensiune,ro
الارتقاء الجزئي,Iluminare parțială,ro
الاستبدالات الوفيرة,Reîncărcări la grămadă,ro
الاستثمار,Investiție,ro
الاستثمار طويل الأجل,Pariu pe viitor,ro
الاستخلاص المفيد,Coș de recuperare,ro
الاستنساخ,Reproducere,ro
الاستهلاك ضروري,Îmbrâncire,ro
الاشتراك الفخم,Abonament de lux,ro
الالتزام الصارم,Angajament solid,ro
الانفجار العظيم,Big Bang,ro
البداية الكونية الجديدة,Repornire cosmică,ro
البرج,Turnul,ro
البرونزي حتى النهاية,Bronz pentru totdeauna,ro
البيضة الذهبية,Oul de aur,ro
التآكل,Coroziune,ro
التأثيرات الجانبية,Efecte secundare,ro
التاج الملعون,Coroana blestemată,ro
التحفة الذابلة,Relicva ofilită,ro
التحويل إلى دمية,Manechinizare,ro
الترقية!,Nivelul următor!,ro
التشكيل الأقصى,Build maxim,ro
التصنيع المتقن,Forja reîncărcărilor,ro
التغيب عن اللعب,Plecat de la tastatură,ro
التفكير المتقدم,Plan de viitor,ro
التمثال المحرّم,Idol interzis,ro
التنين الذهبي,Dragonul auriu,ro
التوسع,Ramificare,ro
الثقب الأسود الصغير,Mini gaură neagră,ro
الثلاثية,Triplu avantaj,ro
الجوهرة المتلفة,Giuvaier blestemat,ro
الحارسان التوأمان,Gardienii gemeni,ro
الحجم مهم,Mărimea contează,ro
الحركات الخطرة,Mutări riscante,ro
الحركة التصاعدية,Ascensiune socială,ro
الحقبة المميزة,Epocă,ro
الحمل المعرفي الزائد,Supraîncărcare cognitivă,ro
الحملة الاستكشافية,Expediție,ro
الخسارة المحسوبة,Pierdere calculată,ro
الخوذة المتكيفة,Coif cameleonic,ro
الدراسة الصابرة,Studiu diligent,ro
الدرع الساتر,Văl uniform,ro
الدروس المبكرة,Învățături timpurii,ro
الدروع المؤقتة,Armură improvizată,ro
الدموع المتدفقة,Lacrimi curgătoare,ro
الذهن الصافي,Minte limpede,ro
الذهن المشوّش,Minte aglomerată,ro
الرفاق الصغار,Prieteni micuți,ro
الرمية السحرية,Aruncare magică,ro
الرمية السحرية المخفّفة,Reîncărcare relativ magică,ro
الرهان الذهبي,Pariu de aur,ro
الزئبق,Argint viu,ro
السترة المدببة,Vestă de mărăcini,ro
السترة المسلسلة,Vestă de zale,ro
السحر المحبوك,Magie întrepătrunsă,ro
السعي نحو النجوم,Țintește spre stele,ro
السيف الأبدي,Sabia infinitului,ro
السيف الصاعق,Cuțit electrostatic,ro
السيف الطيفي,Hanger fantomatic,ro
السيف الهائل,Sabia forței brute,ro
السيوف الوفيرة,Săbii fără număr,ro
السيولة,Escroc,ro
الشحنة الكهربائية,Încărcare electrică,ro
الشخصية المنعكسة,Personalitate în oglindă,ro
الشخصية المنعكسة المصغّرة,Personalitate în oglindă minoră,ro
الشرائح الآلية,Implanturi cibernetice,ro
الشرارة الأيونية,Scânteie ionică,ro
الصامد,Supraviețuitor,ro
الصبر فضيلة,Răbdarea e o virtute,ro
الصغير الفتاك,Mici și letale,ro
الصنديد,Neînduplecare,ro
الضريبة المعرفية,Taxe cognitive,ro
الطابور الثنائي,Listă duo,ro
العمالقة الصغار,Mici titani,ro
العملاق القوي,Mare și amenințătoare,ro
العوائد الخبيثة,Monetizare ostilă,ro
الفوز الكبير,Victorie neașteptată,ro
الفولاذ المذهب,Oțel aurit,ro
الفيلق الثلاثي,Legiunea de trei,ro
القائدة,Comandant,ro
القاتل المأجور,Ucigaș plătit,ro
القتل المزدوج السريع,Dublu asasinat rapid,ro
القصاص,Pedeapsă,ro
القصبات الوفيرة,Toiege fără număr,ro
القفاز المرصع بالجواهر,Mănușa cu nestemate,ro
القفازات,Mănuși strașnice,ro
القلب الراسخ,Iubire nezdruncinată,ro
القلب الفولاذي,Inimă de oțel,ro
القوس المنحني,Arc încovoiat,ro
الكنوز المدفونة,Comori îngropate,ro
الكهرباء القوية,Linie de înaltă tensiune,ro
اللعب الأمثل,Min-Max,ro
اللوتس المرصع,Lotus cu nestemate,ro
المبارزة السامية,Duelist divin,ro
المتعطش للدماء,Sabia sângeroasă,ro
المحدق بالنجوم,Lumina stelelor,ro
المحفز الأحمر,Buff-ul roșu,ro
المخلّص,Salvator,ro
المرن,Flexibilitate,ro
المستبدل العشوائي,Recombobulator,ro
المصهر الحي,Fierar neobosit,ro
المصهر الكامن,Forjă latentă,ro
المصهر المحمول,Forjă portabilă,ro
المعطف المشبوه,Trenci suspect,ro
المغامرة الفخمة,O aventură triumfătoare,ro
الملعقة الفضية,Născut înțelept,ro
المنفيون,Exilați,ro
الموقف الحرج,Sfârșitul rațiunii,ro
الميثاق الأزلي,Pact etern,ro
الميكا الجبار,Robotul Mecha impunător,ro
المُبيد,Eradicare,ro
النجاح الحرج,Succes critic,ro
النجم المظلم,Stea întunecată,ro
النسيم العليل,Zefir,ro
النصال الخاطفة,Tăișuri sclipitoare,ro
النصل الملعون,Sabia blestemată,ro
النمو المتفجر,Creștere explozivă,ro
النوبة الثانية,Forțe proaspete,ro
النيران المركزة,Foc concentrat,ro
الهمسة الأخيرة,Ultima șoaptă,ro
الهيدرا العملاقة,Hidra titanilor,ro
الوسيط,Intermediar,ro
الوغد المشع,Poznaș radiant,ro
انتصار فيكتور آركين,Viktor-ie ocultă,ro
بارد,Bard,ro
بانثيون,Pantheon,ro
بايك,Pyke,ro
براير,Briar,ro
برايمورديان,Primordian,ro
بكاء بلا جدوى,Cod roșu de lacrimi,ro
بلورات العلاج,Sfere vindecătoare,ro
بليتزكرانك,Blitzcrank,ro
بناء البطل,Construiește-ți un prieten,ro
بناء الفريق,Team Building,ro
بناء مرافق,Construiește un însoțitor,ro
بوابة ززروت,Portal Zz'rot,ro
بوبي,Poppy,ro
بيلفيث,Bel'Veth,ro
تأسيس الخط الأمامي,Baza avangardei,ro
تاج المخطِط,Coroana tacticianului,ro
تالون,Talon,ro
تام كينش,Tahm Kench,ro
تخصيص حصري,Personalizare exclusivă,ro
تخفيضات نارية,Reducere fulger,ro
تدريب الحارس الشخصي,Antrenamentul gărzii de corp,ro
تذكرة موشورية,Bilet prismatic,ro
ترقية فردية,Creștere solo în nivel,ro
تركيز الأفق,Focalizarea orizontului,ro
تسلّق سلم التصنيفات,Creștere în clasament,ro
تشكيل الصفوف,Aliniere,ro
تشكيل الفريق,În echipă,ro
تشوغاث,Cho'Gath,ro
تعزيزٌ هنا وتعزيزٌ هناك,"Un buff, două buff-uri",ro
تغذية ألسنة اللهب,Întețește focul,ro
تمجيد كايل,Exaltarea lui Kayle,ro
تمجيد كايل المشع,Exaltarea radiantă a lui Kayle,ro
تميمة الارتقاء,Talismanul ascensiunii,ro
توأم تانك,Tancuri la xerox,ro
توسع الجذور,Rădăcini răspândite,ro
تويستد فايت,Twisted Fate,ro
تيمو,Teemo,ro
ثمن الدم,Prețul sângelui,ro
جاكس,Jax,ro
جديد من المصنع,Proaspăt fabricat,ro
جوع المال,Goana după bani,ro
جوهر التجارة,Comerț de bază,ro
جوهر الحراشف اللامعة,Solzi sclipitori,ro
جوهر الفجر,Miezul zorilor,ro
جين,Jhin,ro
جينكس,Jinx,ro
حافظ المادة الحيوية,Conservare de biomaterial,ro
حاملة المصائب,Apocaliptic,ro
حامي التاج,Crownguard,ro
حزام العملاق,Cureaua uriașului,ro
حزمة الدعم,Pachet de amplificare,ro
حزمة الرعاية,Pachet de îngrijire,ro
حساب الادخار,Cont de economii,ro
حصاد الهالة,Farmarea aurei,ro
حصن,Bastion,ro
حقق مرادك,Hai odată,ro
حكاية العودة,Povestea revenirii,ro
حلوى لذيذة,Gustări dulci,ro
حليف الوصي,Aliatul îngrijitorului,ro
حماية الخطوط,Rezistența din prima linie,ro
حماية اللانهاية,Protecția infinitului,ro
حيوية مصاص الدماء,Vitalitate vampirică,ro
خانة ياسو الذهبية,Hexagonul auriu al lui Yasuo,ro
خدمة الاشتراك,Abonament,ro
خطة عمل الخط الخلفي,Schiță pentru linia din spate,ro
درع الصدر المنفرد,Platoșă unică,ro
درع الغسق,Scutul amurgului,ro
درع الفجر,Scutul zorilor,ro
درع المخطِط,Scutul tacticianului,ro
درع صدر مرزاب الحجري,Platoșa garguiului,ro
درع وارموغ,Armura lui Warmog,ro
دروس الملاكمة,Lecții de box,ro
دروع البطل,Protecție universală,ro
دعوة إلى الفوضى,Chemarea haosului,ro
دفعة أولية,Pornire rapidă,ro
دكة بدلاء باندورا,Banca Pandorei,ro
دمعة الزعيمة,Lacrima zeiței,ro
دمى اختبار التحطم,Manechine animate,ro
دمية التدريب,Manechin de antrenament,ro
دمية الظل,Păpușa din umbră,ro
ديانا,Diana,ro
راست,Rhaast,ro
راعي,Păstor,ro
راموس,Rammus,ro
رامي,Lunetist,ro
رحالة,Călător,ro
رقص الفضاء,Distracție în spațiu,ro
رمح شوجين,Lancea lui Shojin,ro
رمز الدرع الخفيف,Blazonul Lightshield,ro
رمية الحظ,Te simți norocos,ro
روح الافتداء,Spiritul izbăvirii,ro
رياح المال الموسمية,Muson de bani,ro
ريفت سكاتلر,Crabul,ro
ريفين,Riven,ro
ريكساي,Rek'Sai,ro
زايا,Xayah,ro
زوي,Zoe,ro
زيادة القوة في نهاية المباراة,Creștere pe final de joc,ro
زيد,Zed,ro
زيد الغازي,Invadatorul Zed,ro
ستار السكون,Vălul nemișcării,ro
سكين سلاح الهيكستيك,Pușcă cu baionetă hextech,ro
سلفة قرض,Împrumut avansat,ro
سميرة,Samira,ro
سن ناشور,Dintele lui Nashor,ro
سونا,Sona,ro
سيدة الأسلحة,Zeița armelor,ro
سيدة الظلام,Doamna întunecată,ro
شارة أنيما,Emblema Anima,ro
شارة الحصن,Emblema bastionului,ro
شارة الراعي,Emblema păstorilor,ro
شارة الرامي,Emblema lunetiștilor,ro
شارة الرحالة,Emblema călătorilor,ro
شارة الطليعي,Emblema apărătorilor,ro
شارة القاضي,Emblema mediatorilor,ro
شارة القوى الذهنية,Emblema psionică,ro
شارة المارق,Emblema rebelilor,ro
شارة المتحدّي,Emblema competitorilor,ro
شارة المحدق بالنجوم,Emblema luminii stelelor,ro
شارة المشاجر,Emblema bătăușilor,ro
شارة المغير,Emblema briganzilor,ro
شارة النجم المظلم,Emblema stelelor întunecate,ro
شارة برايمورديان,Emblema primordienilor,ro
شارة رقص الفضاء,Emblema distracției în spațiu,ro
شارة صديق الميب,Emblema Meeple,ro
شارة كاسر الزمن,Emblema frângătorilor timpului,ro
شارة نوفا,Emblema N.O.V.A.,ro
شبه الناقل,Semiconductor,ro
شجرة الخواص,Copacul caracteristicilor,ro
شرف أمير الحرب,Onoarea războinicului,ro
شريحة التعاطف,Implant empatic,ro
شق الدرب,Creează o cale,ro
شين,Shen,ro
صانع السيوف,Meșter de săbii,ro
صانع القصبات,Meșter de toiege,ro
صبر إيكو,Răbdarea lui Ekko,ro
صحوة الروح,Trezirea sufletului,ro
صدى الشفاء,Ecouri tămăduitoare,ro
صديق الميب,Mip,ro
صناعة صديق,Creează un prieten,ro
صندوق التحوط,Fond de investiții,ro
صولجان الفويد,Sceptrul Vidului,ro
صولجان مصاصي الدماء الفاسد,Sceptru vampiric corupt,ro
صياد المجرة,Vânător galactic,ro
صيد الكنوز,Vânătoare de comori,ro
طراخ!,Zdrang!,ro
طريق الحرب,Calea războiului,ro
طليعي,Apărător,ro
عاصفة لودن,Furtuna lui Luden,ro
عبء التاج ثقيل,Povara coroanei,ro
عباءة الليل,Taina întunericului,ro
عباءة النيغاترون,Mantie Negatron,ro
عجلة الميب السريعة,Viteză termipnală,ro
عراف,Oracol,ro
عزم العملاق,Voința titanului,ro
عصا سيرافيم,Sceptrul serafimului,ro
عصا كبير الحُماة,Toiagul arhanghelului,ro
عصابة اللصوص,Bandă de tâlhari,ro
عصابة اللصوص II,Bandă de tâlhari II,ro
عصير القبعة,Suc Cappa,ro
عفونة الموتى,Urgia de pe lume,ro
عملية السطو على المكونات,Jaful componentelor,ro
عناصر باندورا,Obiectele Pandorei,ro
عناق جماعي,Îmbrățișare de grup,ro
عهد الفارس,Legământul cavalerului,ro
غراغاس,Gragas,ro
غرايفز,Graves,ro
غريزة إيفلين,Instinctul lui Evelynn,ro
غنار,Gnar,ro
غولم,Golem,ro
غوين,Gwen,ro
فأس نيران الجحيم,Secure din focul iadului,ro
فانوس ثريش,Felinarul lui Thresh,ro
فجر سيلفرمير,Răsăritul din Silvermere,ro
فضيلة الشهيد,Virtutea martirului,ro
فورة الكراكن,Furia krakenului,ro
فورة تسوق,La cumpărături,ro
في الاتحاد قوة,Unire în luptă,ro
فيز,Fizz,ro
فيشبونز,Bubuilă,ro
فيغار,Veigar,ro
فيكتور,Viktor,ro
فيكس,Vex,ro
فيورا,Fiora,ro
قائد أنيما,Comandatul Anima,ro
قاتل العمالقة,Vânătorul de uriași,ro
قاتل لا يميز بين ضحاياه,Ucigaș fără discriminare,ro
قاضي,Mediator,ro
قبعات أشد فتكًا,Pălării mai letale,ro
قبعة موت رابادون,Pălăria malefică a lui Rabadon,ro
قربان الدم,Ofrandă de sânge,ro
قصبة عريضة بلا داع,Toiag uriaș,ro
قطاع التجارة,Sectorul comercial,ro
قفاز التدريب,Mănuși de antrenament,ro
قفاز الحظ,Mănuși norocoase,ro
قفاز الفويد,Mănușa Vidului,ro
قفاز اللص,Mănușile tâlharului,ro
قفاز ستيراك,Gheara lui Sterak,ro
قلادة التنشيط,Medalion stimulant,ro
قلادة سولاري الحديدي,Blazonul solarilor de fier,ro
قلنسوة المخطِط,Mantia tacticianului,ro
قلنسوة لهب الشمس,Mantie solară,ro
قوة محسَّنة,Putere augmentată,ro
قوسي في خدمتك,Ia arcul meu,ro
قوى ذهنية,Psionic,ro
قيمة مزدوجة,De două ori mai câștigați,ro
كأس القوة,Pocalul puterii,ro
كارما,Karma,ro
كاسر الزمن,Frângător al timpului,ro
كاهوناهونا,Kahunahuna,ro
كايتلين,Caitlyn,ro
كايسا,Kai'Sa,ro
كوركي,Corki,ro
كيس الهدايا البطولي,Punguță eroică,ro
كيس هدايا أورف,Punguța lui Urf,ro
كيس هدايا العناصر,Punguță cu obiecte surpriză,ro
كيس هدايا صغير,Punguță mică,ro
كيس هدايا كبير,Punguță mare,ro
كيندريد,Kindred,ro
لا تغيير ولا استطلاع,"FĂRĂ ANALIZĂ, FĂRĂ SCHIMBĂRI",ro
لم شمل عيد الميلاد,Reuniune aniversară,ro
لمحة من الحياة,Felie de viață,ro
لوبلانك,LeBlanc,ro
لوح لهيب الشمس,Tabla solară,ro
لولو,Lulu,ro
ليساندرا,Lissandra,ro
ليونا,Leona,ro
مارق,Rebel,ro
ماستر يي,Master Yi,ro
ماوكاي,Maokai,ro
مباركة السماء,Binecuvântat de zei,ro
متحدي,Competitor,ro
متراس,Baricadă,ro
متوالية نجمية,Combinație stelară,ro
مجلد الخواص,Tomul caracteristicilor,ro
مجند جديد,Recrut nou,ro
محترف الحفلات,Petrecăreț,ro
محظوظ,Pe val,ro
محفز أزرق,Buff-ul albastru,ro
مخلب التنين,Gheara dragonului,ro
مخلب المتصيد,Gheara prădătorului,ro
مدفع النار السريع,Tun-mitralieră,ro
مدفع من زجاج,"Puternic, dar fragil",ro
مستنسخ,Replicator,ro
مسرِّع الساعة,Accelerator mecanic,ro
مشاجر,Bătăuș,ro
مشاركة تألق ياسو,Yasuo: Împarte centrul atenției,ro
مصروف الغداء,Bani de buzunar,ro
مصفوفة البرمجيات الخبيثة,Matrice malware,ro
مصنوعٌ من القوة,Făurit prin putere,ro
مصهر التمجيد,Forjă apoteotică,ro
مطبخ المخطِط,Bucătăria tacticianului,ro
معجزة سوراكا,Miracolul Sorakăi,ro
مغير,Brigand,ro
مفاجآت الحظ,Surpriză nesurprinzătoare,ro
مقابل أي ثمن,Dar cu ce preț,ro
مقاتل الجوائز,Învingătorii iau totul,ro
مقلاة,Tigaia de aur,ro
ملعقة مسطحة,Spatulă,ro
مناورة أورف,Pariul lui Urf,ro
منظار رصد الهدف,Optică de fixare a țintei,ro
مهارة مبارزة ياسو,Arta atacului lui Yasuo,ro
مورديكايزر,Mordekaiser,ro
مورغانا,Morgana,ro
موريلونوميكون,Morellonomicon,ro
ميبسي,Meepsie,ro
ميس فورتشن,Miss Fortune,ro
ميكا,Mecha,ro
ميليو,Milio,ro
ناسوس,Nasus,ro
نافع لشيء ما,Tot sunt buni la ceva,ro
نامي,Nami,ro
نتماسك معًا,Rămânem împreună,ro
نذر الحامي,Jurământul protectorului,ro
نذير زيكي,Solul lui Zeke,ro
نذير زيكي الكئيب,Solul dezolant al lui Zeke,ro
نساج المصير,Țesător al destinului,ro
نصال أشد فتكًا,Săbii mai letale,ro
نصل الموت,Sabia morții,ro
نصل غضب غينسو,Spada furiei lui Guinsoo,ro
نقل الشحنة,Transfer de încărcare,ro
نوفا,N.O.V.A,ro
نونو وويلامب,Nunu și Willump,ro
هالة آري,Aura lui Ahri,ro
هبة آري,Favorul lui Ahri,ro
هبة أوريليون سول,Favorul lui Aurelion Sol,ro
هبة إيفلين,Favorul lui Evelynn,ro
هبة إيكو,Favorul lui Ekko,ro
هبة الإنعاش,Favorul resurecției,ro
هبة تجميع الخردة,Favorul duelistului,ro
هبة ثريش,Favorul lui Thresh,ro
هبة سوراكا,Favorul Sorakăi,ro
هبة فاروس,Favorul lui Varus,ro
هبة كايل,Favorul lui Kayle,ro
هبة ياسو,Favorul lui Yasuo,ro
هدية عيد الميلاد,Cadou aniversar,ro
هراوة المهاجم,Buzduganul înaintașului,ro
هوس فاروس,Obsesia lui Varus,ro
واحد واثنان وثلاثة,"Unu, doi, trei",ro
واحد، اثنان، خمسة!,"Unu, doi, cinci!",ro
واقي ذراع المطارد,Brățara căutătorului,ro
وجه الروح,Înfățișarea sufletului,ro
وضع المتحدية,Modul de competitor,ro
وضع المستنسِخة,Modul de replicator,ro
وضع الوسيط,Modul de intermediar,ro
وكر البارون,Bârlogul Baronului,ro
يأسٌ بلا نهاية,Disperare nemărginită,ro
يد العدالة,Mâna justiției,ro
เลือกคุณสมบัติ,Alege caracteristica,ro
Ấn Bắn Tỉa,Emblema lunetiștilor,ro
Ấn Can Trường,Emblema bastionului,ro
Ấn Chiêm Tinh,Emblema luminii stelelor,ro
Ấn Du Mục,Emblema păstorilor,ro
Ấn Hành Tinh,Emblema distracției în spațiu,ro
Ấn Hắc Tinh,Emblema stelelor întunecate,ro
Ấn N.O.V.A.,Emblema N.O.V.A.,ro
Ấn Siêu Linh,Emblema psionică,ro
Ấn Siêu Thú,Emblema Anima,ro
Ấn Thách Đấu,Emblema competitorilor,ro
Ấn Thần Phán,Emblema mediatorilor,ro
Ấn Thời Không,Emblema frângătorilor timpului,ro
Ấn Tinh Linh Chuông,Emblema Meeple,ro
Ấn Tiên Phong,Emblema apărătorilor,ro
Ấn Toán Cướp,Emblema briganzilor,ro
Ấn Tộc Thượng Cổ,Emblema primordienilor,ro
Ấn Viễn Chinh,Emblema călătorilor,ro
Ấn Vô Pháp,Emblema rebelilor,ro
Ấn Đấu Sĩ,Emblema bătăușilor,ro
「三」之軍團,Legiunea de trei,ro
いつでも一緒,Rămânem împreună,ro
お得な2,De două ori mai câștigați,ro
ここがセンター,Găsește-ți centrul de putere,ro
ちょっとだけ魔法のダイス,Reîncărcare relativ magică,ro
はしごを登れ,Creștere în clasament,ro
へら,Spatulă,ro
みんなでハグ,Îmbrățișare de grup,ro
もっと小さな巨人,Titan micuț,ro
もっと怖いキャップ,Pălării mai letale,ro
アイオニック スパーク,Scânteie ionică,ro
アイテム福袋,Punguță cu obiecte surpriză,ro
アカリ,Akali,ro
アセンション,Ascensiune,ro
アダプティブ ヘルム,Coif cameleonic,ro
アニマ,Anima,ro
アニマの紋章,Emblema Anima,ro
アニマ司令官,Comandatul Anima,ro
アークエンジェル スタッフ,Toiagul arhanghelului,ro
アーゴット,Urgot,ro
アービター,Mediator,ro
アービターの紋章,Emblema mediatorilor,ro
アーフの福袋,Punguța lui Urf,ro
アーフの策略,Pariul lui Urf,ro
アーリのオーラ,Aura lui Ahri,ro
アーリの恩恵,Favorul lui Ahri,ro
イブリンの恩恵,Favorul lui Evelynn,ro
イブリンの直感,Instinctul lui Evelynn,ro
イラオイ,Illaoi,ro
インフィニティ エッジ,Sabia infinitului,ro
インフィニティの守護,Protecția infinitului,ro
イーブンシュラウド,Văl uniform,ro
ウィッツ エンド,Sfârșitul rațiunii,ro
ウォーロードの名誉,Onoarea războinicului,ro
エイトロックス,Aatrox,ro
エクスペディション,Expediție,ro
エグザイル,Exilați,ro
エコーの忍耐,Răbdarea lui Ekko,ro
エコーの恩恵,Favorul lui Ekko,ro
エズリアル,Ezreal,ro
エピックなロールダウン,Reîncărcări epice,ro
エポック,Epocă,ro
オレリオン・ソル,Aurelion Sol,ro
オレリオン・ソルの恩恵,Favorul lui Aurelion Sol,ro
オーグメントパワー,Putere augmentată,ro
オーラ育成中,Farmarea aurei,ro
オーロラ,Aurora,ro
オーン,Ornn,ro
カイ＝サ,Kai'Sa,ro
カナとカネ,Tare ca fierul,ro
カフナフナ,Kahunahuna,ro
カルマ,Karma,ro
カースドのクラウン,Coroana blestemată,ro
ガーゴイル ストーンプレート,Platoșa garguiului,ro
キックスタート,Pornire rapidă,ro
キンドレッド,Kindred,ro
ギャラクシー ハンター,Vânător galactic,ro
クイックシルバー,Argint viu,ro
クラウンガード,Crownguard,ro
クラーケンの怒り,Furia krakenului,ro
クリティカル サクセス,Succes critic,ro
グインソー レイジブレード,Spada furiei lui Guinsoo,ro
グウェン,Gwen,ro
グラガス,Gragas,ro
グラスキャノン,"Puternic, dar fragil",ro
グレイブス,Graves,ro
ケイトリン,Caitlyn,ro
ケイルの天昇,Exaltarea lui Kayle,ro
ケイルの恩恵,Favorul lui Kayle,ro
ケイルの暁光の天昇,Exaltarea radiantă a lui Kayle,ro
コグニティブ オーバーロード,Supraîncărcare cognitivă,ro
コグニティブ タックス,Taxe cognitive,ro
コマンダー,Comandant,ro
コマース コア,Comerț de bază,ro
コンジット,Intermediar,ro
コンジットモード,Modul de intermediar,ro
コンパニオン作成,Construiește un însoțitor,ro
コーキ,Corki,ro
ゴーレム,Golem,ro
サイオニック,Psionic,ro
サイオニックの紋章,Emblema psionică,ro
サイズが大事,Mărimea contează,ro
サイバネティック アップリンク,Conexiune cibernetică,ro
サイバネティック インプラント,Implanturi cibernetice,ro
サバイバー,Supraviețuitor,ro
サブスクリプション,Abonament,ro
サミーラ,Samira,ro
サンファイア ケープ,Mantie solară,ro
サンファイア ボード,Tabla solară,ro
ザヤ,Xayah,ro
ザ・タワー,Turnul,ro
シェン,Shen,ro
シマースケールのエッセンス,Solzi sclipitori,ro
ショウジンの矛,Lancea lui Shojin,ro
シルバーミアの夜明け,Răsăritul din Silvermere,ro
シーカー アームガード,Brățara căutătorului,ro
ジャイアント スレイヤー,Vânătorul de uriași,ro
ジャイアント ベルト,Cureaua uriașului,ro
ジャイアント&マイティ,Mare și amenințătoare,ro
ジャストヒット,Hai odată,ro
ジャックス,Jax,ro
ジュエル ガントレット,Mănușa cu nestemate,ro
ジュエル ロータス,Lotus cu nestemate,ro
ジン,Jhin,ro
ジンクス,Jinx,ro
ジークの使者,Solul lui Zeke,ro
ジ＝ロット ポータル,Portal Zz'rot,ro
スクラッパーの恩恵,Favorul duelistului,ro
スタティック シヴ,Cuțit electrostatic,ro
ステラコンボ,Combinație stelară,ro
ステラックの篭手,Gheara lui Sterak,ro
ステータスマシマシ,Sute de atribute!,ro
ストライカー フレイル,Buzduganul înaintașului,ro
スナイパー,Lunetist,ro
スナイパーの紋章,Emblema lunetiștilor,ro
スパーリング グローブ,Mănuși de antrenament,ro
スピリット ビサージュ,Înfățișarea sufletului,ro
スペクトラル カトラス,Hanger fantomatic,ro
スペースグルーヴ,Distracție în spațiu,ro
スペースグルーヴの紋章,Emblema distracției în spațiu,ro
スレッシュのランタン,Felinarul lui Thresh,ro
スレッシュの恩恵,Favorul lui Thresh,ro
セラフィムの杖,Sceptrul serafimului,ro
ゼド,Zed,ro
ゼファー,Zefir,ro
ソウルの目覚め,Trezirea sufletului,ro
ソナ,Sona,ro
ソラカの奇跡,Miracolul Sorakăi,ro
ソラカの恩恵,Favorul Sorakăi,ro
ソラリのロケット,Blazonul solarilor de fier,ro
ソード オーバーフロー,Săbii fără număr,ro
ゾーイ,Zoe,ro
タイタン ハイドラ,Hidra titanilor,ro
タイムブレーカー,Frângător al timpului,ro
タイムブレーカーの紋章,Emblema frângătorilor timpului,ro
タクティシャンのケープ,Mantia tacticianului,ro
タクティシャンの台所,Bucătăria tacticianului,ro
タクティシャンの王冠,Coroana tacticianului,ro
タクティシャンの盾,Scutul tacticianului,ro
タム・ケンチ,Tahm Kench,ro
タロン,Talon,ro
ターゲットロック スコープ,Optică de fixare a țintei,ro
ターミィプナル ヴェロシティー,Viteză termipnală,ro
ダイアナ,Diana,ro
ダミー,Manechin de antrenament,ro
ダミー化,Manechinizare,ro
ダークスター,Stea întunecată,ro
ダークスターの紋章,Emblema stelelor întunecate,ro
チェイン ベスト,Vestă de zale,ro
チャレンジャー,Competitor,ro
チャレンジャーの紋章,Emblema competitorilor,ro
チャレンジャーモード,Modul de competitor,ro
チャージトランスファー,Transfer de încărcare,ro
チョ＝ガス,Cho'Gath,ro
チーム構築,Team Building,ro
ツイてる気分,Te simți norocos,ro
ツイステッド・フェイト,Twisted Fate,ro
ツインガーディアン,Gardienii gemeni,ro
ティーモ,Teemo,ro
デスブレード,Sabia morții,ro
デッドリアー ブレード,Săbii mai letale,ro
デュオキュー,Listă duo,ro
トライフェクタ,Triplu avantaj,ro
トレードセクター,Sectorul comercial,ro
ドゥーマー,Apocaliptic,ro
ドラゴン クロウ,Gheara dragonului,ro
ドローン アップリンク,Conexiune cu drona,ro
ドーンコア,Miezul zorilor,ro
ナイト エッジ,Taina întunericului,ro
ナサス,Nasus,ro
ナッシャー トゥース,Dintele lui Nashor,ro
ナミ,Nami,ro
ナー,Gnar,ro
ヌヌ & ウィルンプ,Nunu și Willump,ro
ネガトロン クローク,Mantie Negatron,ro
ハスラー,Escroc,ro
ハンド オブ ジャスティス,Mâna justiției,ro
バイオ物質保存装置,Conservare de biomaterial,ro
バスティオン,Bastion,ro
バスティオンの紋章,Emblema bastionului,ro
バフが1つ、バフが2つ,"Un buff, două buff-uri",ro
バロンの巣,Bârlogul Baronului,ro
バースデー リユニオン,Reuniune aniversară,ro
バースデープレゼント,Cadou aniversar,ro
バード,Bard,ro
パイク,Pyke,ro
パンテオン,Pantheon,ro
パンドラのアイテム,Obiectele Pandorei,ro
パンドラのベンチ,Banca Pandorei,ro
パーティーアニマル,Petrecăreț,ro
ヒーリングオーブ,Sfere vindecătoare,ro
ビクター,Viktor,ro
ビッグバン,Big Bang,ro
ファイアセール,Reducere fulger,ro
ファクトリー ニュー,Proaspăt fabricat,ro
フィオラ,Fiora,ro
フィズ,Fizz,ro
フィッシュボーン,Bubuilă,ro
フェイトウィーバー,Țesător al destinului,ro
フォビドゥン アイドル,Idol interzis,ro
フォーが共にあらんことを,Patru de partea ta,ro
フライパン,Tigaia de aur,ro
フリッカーブレード,Tăișuri sclipitoare,ro
ブライアー,Briar,ro
ブラッドサースター,Sabia sângeroasă,ro
ブランブル ベスト,Vestă de mărăcini,ro
ブリッツクランク,Blitzcrank,ro
ブルワーク,Baricadă,ro
ブルーバフ,Buff-ul albastru,ro
ブローラー,Bătăuș,ro
ブローラーの紋章,Emblema bătăușilor,ro
ブースターパック,Pachet de amplificare,ro
プライモーディアン,Primordian,ro
プライモーディアンの紋章,Emblema primordienilor,ro
プリズムチケット,Bilet prismatic,ro
プロの殺し屋,Ucigaș plătit,ro
プロテクターの誓い,Jurământul protectorului,ro
プロボクサー,Învingătorii iau totul,ro
プローラー クロウ,Gheara prădătorului,ro
ヘクステック ガンブレード,Pușcă cu baionetă hextech,ro
ヘッジファンド,Fond de investiții,ro
ベイガー,Veigar,ro
ベストフレンド,Cei mai buni prieteni,ro
ベルト オーバーフロー,Curele fără număr,ro
ベル＝ヴェス,Bel'Veth,ro
ホライゾン フォーカス,Focalizarea orizontului,ro
ボイジャー,Călător,ro
ボイジャーの紋章,Emblema călătorilor,ro
ボカッ！,Zdrang!,ro
ボクシングのレッスン,Lecții de box,ro
ボディーガードの訓練,Antrenamentul gărzii de corp,ro
ポッピー,Poppy,ro
ポータブル フォージ,Forjă portabilă,ro
マイティーロボ,Robotul Mecha impunător,ro
マオカイ,Maokai,ro
マスター・イー,Master Yi,ro
マックスビルド,Build maxim,ro
マルウェア マトリックス,Matrice malware,ro
マーターズ ヴァーチュ,Virtutea martirului,ro
ミィプシー,Meepsie,ro
ミィプル,Mip,ro
ミィプルの紋章,Emblema Meeple,ro
ミスコネクション,Legături ratate,ro
ミス・フォーチュン,Miss Fortune,ro
ミッションの再開,Misiune în acțiune,ro
ミトン,Mănuși strașnice,ro
ミニブラックホール,Mini gaură neagră,ro
ミニマックス,Min-Max,ro
ミリオ,Milio,ro
ムダニ デカイ ロッド,Toiag uriaș,ro
メイスの決意,Voința buzduganului,ro
メカ,Mecha,ro
モルガナ,Morgana,ro
モルデカイザー,Mordekaiser,ro
モレロノミコン,Morellonomicon,ro
ヤスオのゴールドのマス,Hexagonul auriu al lui Yasuo,ro
ヤスオのスポットライトをシェア,Yasuo: Împarte centrul atenției,ro
ヤスオのブレードワーク,Arta atacului lui Yasuo,ro
ヤスオの恩恵,Favorul lui Yasuo,ro
ライトシールドのクレスト,Blazonul Lightshield,ro
ラインナップ,Aliniere,ro
ラスト ウィスパー,Ultima șoaptă,ro
ラッキーグローブ,Mănuși norocoase,ro
ラバドン デスキャップ,Pălăria malefică a lui Rabadon,ro
ラピッド ファイアキャノン,Tun-mitralieră,ro
ラムス,Rammus,ro
ラースト,Rhaast,ro
リカーブ ボウ,Arc încovoiat,ro
リサンドラ,Lissandra,ro
リッチ ベイン,Urgia de pe lume,ro
リデンプションの魂,Spiritul izbăvirii,ro
リフトスカトル,Crabul,ro
リヴェン,Riven,ro
ルブラン,LeBlanc,ro
ルル,Lulu,ro
ルーデン テンペスト,Furtuna lui Luden,ro
レイトゲーム スケーリング,Creștere pe final de joc,ro
レイトゲーム スペシャリスト,Specialistul sfârșitului jocului,ro
レオナ,Leona,ro
レク＝サイ,Rek'Sai,ro
レッドバフ,Buff-ul roșu,ro
レプリケーター,Replicator,ro
レプリケーターモード,Modul de replicator,ro
レベルアップ！,Nivelul următor!,ro
ローグ,Rebel,ro
ローグの紋章,Emblema rebelilor,ro
ローリングデイズ,Reîncărcări la grămadă,ro
ワン、ツー、ファイブ！,"Unu, doi, cinci!",ro
ワンド オーバーフロー,Toiege fără număr,ro
ワーモグ アーマー,Armura lui Warmog,ro
ヴァルスの執念,Obsesia lui Varus,ro
ヴァルスの恩恵,Favorul lui Varus,ro
ヴァンガード,Apărător,ro
ヴァンガードの紋章,Emblema apărătorilor,ro
ヴェックス,Vex,ro
ヴォイド ガントレット,Mănușa Vidului,ro
ヴォイド スタッフ,Sceptrul Vidului,ro
一 二 三,"Unu, doi, trei",ro
一、二、五！,"Unu, doi, cinci!",ro
一个增益，两个增益,"Un buff, două buff-uri",ro
一二三,"Unu, doi, trei",ro
一人前プレート,Platoșă unică,ro
一個Buff，兩個Buff,"Un buff, două buff-uri",ro
一击即中,Hai odată,ro
一棒入魂！,Zdrang!,ro
一波带走俩,Dublu asasinat rapid,ro
一生挚友,Cei mai buni prieteni,ro
一生摯友,Cei mai buni prieteni,ro
一着险棋,Mutări riscante,ro
一致団結,Unire în luptă,ro
一致団結,În echipă,ro
一點點重抽魔法,Reîncărcare relativ magică,ro
一，二，三,"Unu, doi, trei",ro
一，二，五！,"Unu, doi, cinci!",ro
七彩棱镜入场券,Bilet prismatic,ro
三幻神,Legiunea de trei,ro
三相庇护,Protecția infinitului,ro
三费军团,Legiunea de trei,ro
三連勝I,Triplu avantaj,ro
三重奏,Triplu avantaj,ro
三项赛,Triplu avantaj,ro
上方移動,Ascensiune socială,ro
上进心,Ascensiune socială,ro
不侦察，不变阵,"FĂRĂ ANALIZĂ, FĂRĂ SCHIMBĂRI",ro
不偵察不換陣容,"FĂRĂ ANALIZĂ, FĂRĂ SCHIMBĂRI",ro
不完全アセンション,Iluminare parțială,ro
不完全飛昇,Iluminare parțială,ro
不屈,Neînduplecare,ro
不屈鬥魂,Neînduplecare,ro
不惜代價,Dar cu ce preț,ro
不滅の協定,Pact etern,ro
不破金鋼,Oțel aurit,ro
不计代价,Dar cu ce preț,ro
不適合者,Inadaptați,ro
专属定制,Personalizare exclusivă,ro
专打后期,Specialistul sfârșitului jocului,ro
专注火焰,Foc concentrat,ro
两倍价值,De două ori mai câștigați,ro
並肩作戰,Unire în luptă,ro
中堅自強,Găsește-ți centrul de putere,ro
临时战甲,Armură improvizată,ro
主人公補正,Protecție universală,ro
主角威能,Protecție universală,ro
丽桑卓,Lissandra,ro
丽珊卓,Lissandra,ro
乌尔加特,Urgot,ro
乐芙兰,LeBlanc,ro
乱れる思考,Minte aglomerată,ro
亚托克斯,Aatrox,ro
亚索的共享聚光灯,Yasuo: Împarte centrul atenției,ro
亚索的剑艺,Arta atacului lui Yasuo,ro
亚索的恩赐,Favorul lui Yasuo,ro
亚索的黄金格,Hexagonul auriu al lui Yasuo,ro
交易之星,Sectorul comercial,ro
人多好辦事,În echipă,ro
人生切片,Felie de viață,ro
仕送り,Pachet de îngrijire,ro
仙灵斗士,Duelist divin,ro
代价是什么,Dar cu ce preț,ro
代償,Dar cu ce preț,ro
仲裁者,Mediator,ro
仲裁者徽章,Emblema mediatorilor,ro
仲間を作ろう,Construiește-ți un prieten,ro
仿生上行链,Conexiune cibernetică,ro
仿生植入物,Implanturi cibernetice,ro
伊泽瑞尔,Ezreal,ro
伊澤瑞爾,Ezreal,ro
伊罗旖,Illaoi,ro
伊羅旖,Illaoi,ro
伊芙琳的增益,Favorul lui Evelynn,ro
伊芙琳的恩赐,Favorul lui Evelynn,ro
伊芙琳的本能,Instinctul lui Evelynn,ro
伊芙琳的祝福,Favorul lui Evelynn,ro
休眠锻炉,Forjă latentă,ro
伸手摘星,Țintește spre stele,ro
伸手摘群星,Țintește spre stele,ro
低调炫耀,Farmarea aurei,ro
佐伊,Zoe,ro
侵略者ゼド,Invadatorul Zed,ro
便携锻炉,Forjă portabilă,ro
俄洛伊,Illaoi,ro
保卫者之誓,Jurământul protectorului,ro
保衛者之誓,Jurământul protectorului,ro
保鑣訓練,Antrenamentul gărzii de corp,ro
保镖训练,Antrenamentul gărzii de corp,ro
修复型回响,Ecouri tămăduitoare,ro
俺だけレベルアップ,Creștere solo în nivel,ro
值得等待,Merită așteptarea,ro
假人化,Manechinizare,ro
做多,Pariu pe viitor,ro
偵察なし、変更なし,"FĂRĂ ANALIZĂ, FĂRĂ SCHIMBĂRI",ro
備用弓箭,Arcuri de rezervă,ro
储蓄账户,Cont de economii,ro
價值爆棚,De două ori mai câștigați,ro
儲蓄帳戶,Cont de economii,ro
充能转移,Transfer de încărcare,ro
先知,Oracol,ro
先見性,Plan de viitor,ro
先鋒戰士,Apărător,ro
先鋒戰士徽章,Emblema apărătorilor,ro
先锋战士,Apărător,ro
先锋战士徽章,Emblema apărătorilor,ro
光明无赖,Poznaș radiant,ro
光盾之紋,Blazonul Lightshield,ro
光盾之纹,Blazonul Lightshield,ro
光盾徽章,Blazonul Lightshield,ro
入侵者 劫,Invadatorul Zed,ro
全力以赴,Angajament solid,ro
全新出厂,Proaspăt fabricat,ro
全身全霊,Angajament solid,ro
共感インプラント,Implant empatic,ro
共感植入,Implant empatic,ro
关,Gwen,ro
关爱包裹,Pachet de îngrijire,ro
兹若特传送门,Portal Zz'rot,ro
内瑟斯,Nasus,ro
再起の呪印,Favorul resurecției,ro
再造神兵,Proaspăt fabricat,ro
冒险举动,Mutări riscante,ro
冕卫,Crownguard,ro
军工1号,Proaspăt fabricat,ro
冲击火炮,Tun-mitralieră,ro
冲榜战士,Creștere în clasament,ro
冷酷なるジークの使者,Solul dezolant al lui Zeke,ro
凋零的遗物,Relicva ofilită,ro
凋零聖物,Relicva ofilită,ro
凯尔的光明崇拜,Exaltarea radiantă a lui Kayle,ro
凯尔的升腾,Exaltarea lui Kayle,ro
凯尔的圣光升腾,Exaltarea radiantă a lui Kayle,ro
凯尔的增益,Favorul lui Kayle,ro
凯尔的崇拜,Exaltarea lui Kayle,ro
凯尔的恩赐,Favorul lui Kayle,ro
凯特琳,Caitlyn,ro
凯莎,Kai'Sa,ro
凱爾的祝福,Favorul lui Kayle,ro
凱爾的聖光讚頌,Exaltarea radiantă a lui Kayle,ro
凱爾的讚頌,Exaltarea lui Kayle,ro
凱特琳,Caitlyn,ro
凱莎,Kai'Sa,ro
出身豪门,Născut înțelept,ro
出陣,Calea războiului,ro
刀劍湧流,Săbii fără număr,ro
刃馬合一,Calea războiului,ro
刃马合一,Calea războiului,ro
列队,Aliniere,ro
初級鏡像人格,Personalitate în oglindă minoră,ro
利落保镖,Antrenamentul gărzii de corp,ro
别再错过,Legături ratate,ro
刹雅,Xayah,ro
刺藤胸甲,Vestă de mărăcini,ro
刻苦钻研,Studiu diligent,ro
前借り,Împrumut avansat,ro
前排地基,Baza avangardei,ro
前瞻思维,Plan de viitor,ro
前線基礎,Baza avangardei,ro
前線維持,Rezistența din prima linie,ro
前线地基,Baza avangardei,ro
前衛の礎,Baza avangardei,ro
剎雅,Xayah,ro
剑之工匠,Meșter de săbii,ro
剣鍛冶,Meșter de săbii,ro
副作用,Efecte secundare,ro
劍匠,Meșter de săbii,ro
力に鍛えられしもの,Făurit prin putere,ro
力の聖杯,Pocalul puterii,ro
力炼之躯,Făurit prin putere,ro
力量圣杯,Pocalul puterii,ro
力量聖杯,Pocalul puterii,ro
力量鍛造,Făurit prin putere,ro
加速開始,Pornire rapidă,ro
劣化版鏡像のペルソナ,Personalitate în oglindă minoră,ro
努努和威朗普,Nunu și Willump,ro
劫,Zed,ro
劫掠者,Brigand,ro
劫掠者徽章,Emblema briganzilor,ro
勒哈斯特,Rhaast,ro
勒布朗,LeBlanc,ro
勝ち抜け,Victorie neașteptată,ro
千珏,Kindred,ro
升华护符,Talismanul ascensiunii,ro
升星之运,Pe val,ro
升級！,Nivelul următor!,ro
升级咯！,Nivelul următor!,ro
升级！,Nivelul următor!,ro
午餐錢,Bani de buzunar,ro
午餐钱,Bani de buzunar,ro
半导体,Semiconductor,ro
半导体装置,Semiconductor,ro
半導体,Semiconductor,ro
半導體,Semiconductor,ro
卑尔维斯,Bel'Veth,ro
单身板甲,Platoșă unică,ro
博弈开启,Pornire rapidă,ro
占星師,Lumina stelelor,ro
占星師徽章,Emblema luminii stelelor,ro
卡尔玛,Karma,ro
卡帕果汁,Suc Cappa,ro
卡玛,Karma,ro
卡瑪,Karma,ro
卡胡纳胡纳,Kahunahuna,ro
卡莎,Kai'Sa,ro
卢登的激荡,Furtuna lui Luden,ro
卢登骤雨,Furtuna lui Luden,ro
即席アーマー,Armură improvizată,ro
厄加特,Urgot,ro
厄萨斯,Aatrox,ro
厄薩斯,Aatrox,ro
厄运小姐,Miss Fortune,ro
厄運使者,Apocaliptic,ro
厨神阿福,U.R.F,ro
友を鍛える,Creează un prieten,ro
双城赢家,Viktor-ie ocultă,ro
双子守护神,Gardienii gemeni,ro
双子守护者,Gardienii gemeni,ro
双排,Listă duo,ro
反响,Reproducere,ro
反曲之弓,Arc încovoiat,ro
反曲弓,Arc încovoiat,ro
发条加速器,Accelerator mecanic,ro
发条增速器,Accelerator mecanic,ro
受到星神赐福,Binecuvântat de zei,ro
变形重组器,Recombobulator,ro
叛逆者,Inadaptați,ro
叛道者,Rebel,ro
叛道者徽章,Emblema rebelilor,ro
古拉加斯,Gragas,ro
古拉格斯,Gragas,ro
另辟新境,Ramificare,ro
叩きつけ,Îmbrâncire,ro
可大可小,Min-Max,ro
可疑風衣,Trenci suspect,ro
可疑风衣,Trenci suspect,ro
史提克弹簧刀,Cuțit electrostatic,ro
史提克彈簧刀,Cuțit electrostatic,ro
史特拉克手套,Gheara lui Sterak,ro
史詩重抽,Reîncărcări epice,ro
史诗重骰,Reîncărcări epice,ro
吉茵珂丝,Jinx,ro
吉茵珂絲,Jinx,ro
后排蓝图,Schiță pentru linia din spate,ro
后期专家,Specialistul sfârșitului jocului,ro
后期成长,Creștere pe final de joc,ro
后期收益,Creștere pe final de joc,ro
向上流動,Ascensiune socială,ro
吶兒,Gnar,ro
吸血の胆力,Vitalitate vampirică,ro
吸血活力,Vitalitate vampirică,ro
吸血活力I,Vitalitate vampirică,ro
吸血生命力,Vitalitate vampirică,ro
吾弓听命于您,Ia arcul meu,ro
吾弓效命於您,Ia arcul meu,ro
呐儿,Gnar,ro
呪いの刃,Sabia blestemată,ro
命懸けの戦い,Mutări riscante,ro
命运祭司,Oracol,ro
命运编织者,Țesător al destinului,ro
命運編織者,Țesător al destinului,ro
商业核心,Comerț de bază,ro
單人磐核,Platoșă unică,ro
嗜血者,Sabia sângeroasă,ro
嘟嘟好,Hai odată,ro
四费增援,"Unde-s 2 stele, puterea crește",ro
四重援軍,"Unde-s 2 stele, puterea crește",ro
回収箱,Coș de recuperare,ro
回收再利用,Coș de recuperare,ro
回春,Forțe proaspete,ro
团队建设,Team Building,ro
圣光审判者,Salvator,ro
圣光捣蛋鬼,Poznaș radiant,ro
圣盾使的誓约,Jurământul protectorului,ro
地底寶藏,Comori îngropate,ro
均等法衣,Văl uniform,ro
坚守前线,Rezistența din prima linie,ro
坚守防线,Rezistența din prima linie,ro
坚定之心,Iubire nezdruncinată,ro
坚毅之心,Iubire nezdruncinată,ro
坦度成双,Tancuri la xerox,ro
坦度雙倍,Tancuri la xerox,ro
埋もれた宝物,Comori îngropate,ro
埋藏的宝物,Comori îngropate,ro
基克的先驱,Solul lui Zeke,ro
基克的阴森先驱,Solul dezolant al lui Zeke,ro
堅守前線,Rezistența din prima linie,ro
堅定之心,Iubire nezdruncinată,ro
堡垒,Baricadă,ro
堡垒卫士,Bastion,ro
堡垒卫士纹章,Emblema bastionului,ro
堡壘衛士,Bastion,ro
堡壘衛士徽章,Emblema bastionului,ro
報復,Pedeapsă,ro
塔姆,Tahm Kench,ro
塔楼,Turnul,ro
塔隆,Talon,ro
增幅之力,Putere augmentată,ro
增援部队,"Unde-s 2 stele, puterea crește",ro
壁垒,Bastion,ro
壁垒徽章,Emblema bastionului,ro
备用弓,Arcuri de rezervă,ro
复仇,Pedeapsă,ro
复制,Reproducere,ro
复制者,Replicator,ro
复制者模式,Modul de replicator,ro
复活恩赐,Favorul resurecției,ro
复活的恩赐,Favorul resurecției,ro
复苏之风,Forțe proaspete,ro
夕闇の加護,Scutul amurgului,ro
夜之锋刃,Taina întunericului,ro
夜明けの加護,Scutul zorilor,ro
夜色緣界,Taina întunericului,ro
夜色缘界,Taina întunericului,ro
大きな福袋,Punguță mare,ro
大买特买,La cumpărături,ro
大剑溢流,Săbii fără număr,ro
大剑过载,Săbii fără număr,ro
大器晚成,Creștere pe final de joc,ro
大型惊喜包,Punguță mare,ro
大天使之杖,Toiagul arhanghelului,ro
大家來抱抱,Îmbrățișare de grup,ro
大小很重要,Mărimea contează,ro
大百宝袋,Punguță mare,ro
大禮包,Punguță mare,ro
大而有力,Mare și amenințătoare,ro
大霹雳星系,Big Bang,ro
大霹靂星系,Big Bang,ro
天外橫財,Muson de bani,ro
天煞,Vânător galactic,ro
天煞灭影：劫,Invadatorul Zed,ro
太空律动,Distracție în spațiu,ro
太空律动徽章,Emblema distracției în spațiu,ro
太空律动纹章,Emblema distracției în spațiu,ro
太空律動,Distracție în spațiu,ro
太空律動徽章,Emblema distracției în spațiu,ro
失去联络,Legături ratate,ro
契約殺手,Ucigaș plătit,ro
奢侈品订购,Abonament de lux,ro
奢华订阅,Abonament de lux,ro
奥恩,Ornn,ro
奥术 维克特式胜利,Viktor-ie ocultă,ro
奥瑞利安·索尔,Aurelion Sol,ro
奥瑞利安·索尔的恩赐,Favorul lui Aurelion Sol,ro
奧術：維克特必勝,Viktor-ie ocultă,ro
女武神的祝福,Favorul duelistului,ro
女神の涙,Lacrima zeiței,ro
女神之泪,Lacrima zeiței,ro
女神之淚,Lacrima zeiței,ro
好きなだけ泣くがいい,Cod roșu de lacrimi,ro
好战者的恩赐,Favorul duelistului,ro
好战者铠甲,Armura lui Warmog,ro
好戰者鎧甲,Armura lui Warmog,ro
好运姐,Miss Fortune,ro
好运手套,Mănuși norocoase,ro
好運姐,Miss Fortune,ro
好運手套,Mănuși norocoase,ro
娑娜,Sona,ro
娜米,Nami,ro
娜美,Nami,ro
存心失利,Pierdere calculată,ro
孤身铁铠,Platoșă unică,ro
宇宙の再起,Repornire cosmică,ro
宇宙大爆炸,Big Bang,ro
宇宙重启,Repornire cosmică,ro
宇宙重啟,Repornire cosmică,ro
守望者之友,Aliatul îngrijitorului,ro
守望者的盟友,Aliatul îngrijitorului,ro
宝宝学院,Învățături timpurii,ro
宝探し,Vânătoare de comori,ro
宝石手套,Mănușa cu nestemate,ro
寂静法衣,Vălul nemișcării,ro
寂靜法衣,Vălul nemișcării,ro
密银黎明,Răsăritul din Silvermere,ro
寶石手套,Mănușa cu nestemate,ro
对冲基金,Fond de investiții,ro
寻宝,Vânătoare de comori,ro
寻宝之旅,Vânătoare de comori,ro
导能者,Intermediar,ro
导能者模式,Modul de intermediar,ro
專打後期,Specialistul sfârșitului jocului,ro
尋寶遊戲,Vânătoare de comori,ro
導き手,Păstor,ro
導き手の紋章,Emblema păstorilor,ro
小さくても強烈,Mici și letale,ro
小さな仲間たち,Prieteni micuți,ro
小さな巨人,Mici titani,ro
小さな福袋,Punguță mică,ro
小伙伴,Prieteni micuți,ro
小偷小摸,Jaf,ro
小型惊喜包,Punguță mică,ro
小型禮包,Punguță mică,ro
小小伙伴,Prieteni micuți,ro
小小夥伴,Prieteni micuți,ro
小小大英雄,Mici titani,ro
小小泰坦,Titan micuț,ro
小小福袋,Punguță mică,ro
小巧但致命,Mici și letale,ro
小巨人,Mici titani,ro
小木灵,Meepsie,ro
小米普,Meepsie,ro
小而致命,Mici și letale,ro
就差你一個,Legături ratate,ro
尺寸至上,Mărimea contează,ro
尺有所短、寸有所长,Mărimea contează,ro
峡谷迅捷蟹,Crabul,ro
崇高の冒険,O aventură triumfătoare,ro
崇高冒险,O aventură triumfătoare,ro
崔斯特,Twisted Fate,ro
巧みなクラフト,Forja reîncărcărilor,ro
巨人の誓い,Voința titanului,ro
巨人之力,Mare și amenințătoare,ro
巨人杀手,Vânătorul de uriași,ro
巨人殺手,Vânătorul de uriași,ro
巨人腰带,Cureaua uriașului,ro
巨人腰帶,Cureaua uriașului,ro
巨型九头蛇,Hidra titanilor,ro
巨型魔棒,Toiag uriaș,ro
巨大強悍,Mare și amenințătoare,ro
巨龙之爪,Gheara dragonului,ro
巫妖之祸,Urgia de pe lume,ro
巫妖之禍,Urgia de pe lume,ro
巴德,Bard,ro
巴龍巢穴,Bârlogul Baronului,ro
巴龙幻域,Bârlogul Baronului,ro
布蕾尔,Briar,ro
布蕾爾,Briar,ro
布里茨,Blitzcrank,ro
帽子ジュース,Suc Cappa,ro
帽子饮品,Suc Cappa,ro
帽帽果汁,Suc Cappa,ro
平底鍋,Tigaia de aur,ro
平底锅,Tigaia de aur,ro
并肩作战,Unire în luptă,ro
幸存者,Supraviețuitor,ro
幸运手套,Mănuși norocoase,ro
幻灵战队,Anima,ro
幻灵战队纹章,Emblema Anima,ro
幻灵指挥官,Comandatul Anima,ro
幽冥煞星,Stea întunecată,ro
幽冥煞星徽章,Emblema stelelor întunecate,ro
幽魂弯刀,Hanger fantomatic,ro
広がる根,Rădăcini răspândite,ro
庇護者のお供,Aliatul îngrijitorului,ro
库奇,Corki,ro
应急护甲,Armură improvizată,ro
应急护盾,Protecție universală,ro
庫奇,Corki,ro
建立團隊,Team Building,ro
开摆,Plecat de la tastatură,ro
异类,Inadaptați,ro
弓の誓い,Ia arcul meu,ro
強制中離,Plecat de la tastatură,ro
強力投入,Angajament solid,ro
強化包,Pachet de amplificare,ro
强制中离,Plecat de la tastatură,ro
强化之能量,Putere augmentată,ro
强大机甲,Robotul Mecha impunător,ro
强袭者的链枷,Buzduganul înaintașului,ro
当头棒喝！,Zdrang!,ro
影の操り人形,Păpușa din umbră,ro
影子木偶,Păpușa din umbră,ro
影忍煞星：劫,Invadatorul Zed,ro
征战之路,Calea războiului,ro
待つ価値あり,Merită așteptarea,ro
後排藍圖,Schiță pentru linia din spate,ro
後衛の設計図,Schiță pentru linia din spate,ro
復仇,Pedeapsă,ro
復刻師,Replicator,ro
復刻師模式,Modul de replicator,ro
復活祝福,Favorul resurecției,ro
循序漸進,Felie de viață,ro
微光龍鱗精粹,Solzi sclipitori,ro
微光龙鳞精萃,Solzi sclipitori,ro
心之抗防,Inimă de oțel,ro
心之钢,Inimă de oțel,ro
心身統御のペンダント,Medalion stimulant,ro
忍耐の美徳,Răbdarea e o virtute,ro
忍耐是美德,Răbdarea e o virtute,ro
快速入门,Pornire rapidă,ro
思惑買い,Pariu pe viitor,ro
思緒清晰,Minte limpede,ro
思緒雜亂,Minte aglomerată,ro
思绪杂乱,Minte aglomerată,ro
思绪清晰,Minte limpede,ro
怪しげなトレンチコート,Trenci suspect,ro
怪咖集合,Inadaptați,ro
恶意变现,Monetizare ostilă,ro
恶意货币化,Monetizare ostilă,ro
恶意软件矩阵,Matrice malware,ro
恶火小斧,Secure din focul iadului,ro
恶鲨火箭,Bubuilă,ro
惡性經營,Monetizare ostilă,ro
惡意程式矩陣,Matrice malware,ro
惡鯊火箭,Bubuilă,ro
想定内の意外性,Surpriză nesurprinzătoare,ro
意料之中的意外,Surpriză nesurprinzătoare,ro
愿四费与你同在,Patru de partea ta,ro
慎,Shen,ro
成吨数据！,Sute de atribute!,ro
成吨的属性！,Sute de atribute!,ro
我们团结一致,Rămânem împreună,ro
我弓于你手,Ia arcul meu,ro
我独自升级,Creștere solo în nivel,ro
战时补给：反曲之弓,Arcuri de rezervă,ro
战时补给：女神之泪,Lacrimi curgătoare,ro
战时补给：拳套,Succes critic,ro
战时补给：无用大棒,Incantație continuă,ro
战时补给：暴风大剑,Creează o cale,ro
战神的荣耀,Onoarea războinicului,ro
戦略的敗北,Pierdere calculată,ro
戰國軍閥之榮耀,Onoarea războinicului,ro
戰錘意志,Voința buzduganului,ro
手套,Mănuși strașnice,ro
手气不错,Te simți norocos,ro
打手连枷,Buzduganul înaintașului,ro
打手連枷,Buzduganul înaintașului,ro
打捞桶,Coș de recuperare,ro
打造夥伴,Construiește un însoțitor,ro
扩展包,Pachet de amplificare,ro
投資,Investiție,ro
投資完了,Investiție,ro
投资,Investiție,ro
抽好抽滿I,Reîncărcări la grămadă,ro
拉亚斯特,Rhaast,ro
拉姆斯,Rammus,ro
拉莫斯,Rammus,ro
拓展包,Pachet de amplificare,ro
招兵买马,Recrut nou,ro
招兵買馬,Recrut nou,ro
拥抱,Îmbrățișare de grup,ro
拳击训练,Lecții de box,ro
拳击课程,Lecții de box,ro
拳套,Mănuși de antrenament,ro
拳擊訓練,Lecții de box,ro
拳擊選手,Învingătorii iau totul,ro
指挥官,Comandant,ro
指揮官,Comandant,ro
挑个好伙计！,Construiește un însoțitor,ro
挑战者,Competitor,ro
挑战者徽章,Emblema competitorilor,ro
挑战者模式,Modul de competitor,ro
挑战者纹章,Emblema competitorilor,ro
挖角,Jaf,ro
振奋盔甲,Înfățișarea sufletului,ro
振奮盔甲,Înfățișarea sufletului,ro
排兵布阵,Aliniere,ro
探索者护腕,Brățara căutătorului,ro
探索者的护臂,Brățara căutătorului,ro
探索者護腕,Brățara căutătorului,ro
提摩,Teemo,ro
提莫,Teemo,ro
援護の弓,Arcuri de rezervă,ro
揺るがぬ心,Iubire nezdruncinată,ro
携带型打铁铺,Forjă portabilă,ro
携手合作,În echipă,ro
摇钱树,Muson de bani,ro
摘星之志,Țintește spre stele,ro
攀升之階I,Creștere în clasament,ro
攀登天梯,Creștere în clasament,ro
攜帶型打鐵舖,Forjă portabilă,ro
攜手同行,Rămânem împreună,ro
支配宝匣,Medalion stimulant,ro
支配寶匣,Medalion stimulant,ro
放電,Încărcare electrică,ro
救世主,Salvator,ro
救済者,Salvator,ro
救赎之灵,Spiritul izbăvirii,ro
救赎盔甲,Spiritul izbăvirii,ro
散件丰收日,Jaful componentelor,ro
斗士,Bătăuș,ro
斗士纹章,Emblema bătăușilor,ro
斗神,Duelist divin,ro
斗神的恩赐,Favorul duelistului,ro
斜槓英雄,Ramificare,ro
斯塔缇克电刃,Cuțit electrostatic,ro
斯特拉克的挑战护手,Gheara lui Sterak,ro
新人入队,Recrut nou,ro
新兵,Recrut nou,ro
新星特攻队,N.O.V.A,ro
新星特攻队纹章,Emblema N.O.V.A.,ro
新纪元,Epocă,ro
旅人,Călător,ro
旅人纹章,Emblema călătorilor,ro
无人机上行链路,Conexiune cu drona,ro
无尽之刃,Sabia infinitului,ro
无尽守护,Protecția infinitului,ro
无尽绝望,Disperare nemărginită,ro
无差别攻击,Ucigaș fără discriminare,ro
无差别杀手,Ucigaș fără discriminare,ro
无用大棒,Toiag uriaș,ro
无终恨意,Disperare nemărginită,ro
日炎斗篷,Mantie solară,ro
日炎棋盘,Tabla solară,ro
日炎燎原,Tabla solară,ro
日輪的加冕,Blazonul solarilor de fier,ro
日轮的加冕,Blazonul solarilor de fier,ro
早期教育,Învățături timpurii,ro
昇華護符,Talismanul ascensiunii,ro
明智消费,Buget înțelept,ro
明鏡止水,Minte limpede,ro
易,Master Yi,ro
易大师,Master Yi,ro
易大師,Master Yi,ro
星の観測者,Lumina stelelor,ro
星の観測者の紋章,Emblema luminii stelelor,ro
星を目指して,Țintește spre stele,ro
星光连击,Combinație stelară,ro
星光連鎖,Combinație stelară,ro
星界壁壘,Baricadă,ro
星界连招,Combinație stelară,ro
星界重启,Repornire cosmică,ro
星際旅人,Călător,ro
星際旅人徽章,Emblema călătorilor,ro
星靈牧者,Păstor,ro
星靈牧者徽章,Emblema păstorilor,ro
昼食代,Bani de buzunar,ro
時計仕掛けの加速装置,Accelerator mecanic,ro
時間破壞者,Frângător al timpului,ro
時間破壞者徽章,Emblema frângătorilor timpului,ro
普通の日々,Felie de viață,ro
普通預金口座,Cont de economii,ro
智商稅,Taxe cognitive,ro
智慧末刃,Sfârșitul rațiunii,ro
暗影傀儡,Păpușa din umbră,ro
暗影木偶,Păpușa din umbră,ro
暗星,Stea întunecată,ro
暗星纹章,Emblema stelelor întunecate,ro
暗行者之爪,Gheara prădătorului,ro
暗黑女士,Doamna întunecată,ro
暮光铁壁,Baricadă,ro
暮夜之盾,Scutul amurgului,ro
暴击式成功,Succes critic,ro
暴風之劍,Sabia forței brute,ro
暴风之剑,Sabia forței brute,ro
暴风大剑,Sabia forței brute,ro
曙光核心,Miezul zorilor,ro
更致命之刃,Săbii mai letale,ro
更要命的帽子,Pălării mai letale,ro
更要命的战刃,Săbii mai letale,ro
最佳好友,Cei mai buni prieteni,ro
最后的轻语,Ultima șoaptă,ro
最后耳语,Ultima șoaptă,ro
最后赢家,Victorie neașteptată,ro
最大最小化,Min-Max,ro
最小巨人,Titan micuț,ro
最強の四配者,"Unde-s 2 stele, puterea crește",ro
最强构筑,Build maxim,ro
最後耳語,Ultima șoaptă,ro
最高指挥官,Comandant,ro
有効活用,Tot sunt buni la ceva,ro
有用之材,Tot sunt buni la ceva,ro
朔极之矛,Lancea lui Shojin,ro
木偶化,Manechinizare,ro
木灵族,Mip,ro
木灵族纹章,Emblema Meeple,ro
未来の鍛冶場,Forjă latentă,ro
未来战士,Frângător al timpului,ro
未来战士纹章,Emblema frângătorilor timpului,ro
末日使者,Apocaliptic,ro
机甲神盾,Mecha,ro
杀出血路,Creează o cale,ro
权杖意志,Voința buzduganului,ro
杖之工匠,Meșter de toiege,ro
杖匠,Meșter de toiege,ro
杖鍛冶,Meșter de toiege,ro
来个好伙计,Construiește-ți un prieten,ro
极光,Aurora,ro
极限拉满,Min-Max,ro
构筑一名伙伴：,Construiește un însoțitor,ro
枯朽の遺物,Relicva ofilită,ro
枯死の宝石,Giuvaier blestemat,ro
枯萎圣物,Relicva ofilită,ro
枯萎宝石,Giuvaier blestemat,ro
枯萎寶石,Giuvaier blestemat,ro
枯萎珠宝,Giuvaier blestemat,ro
柔依,Zoe,ro
柔軟性,Flexibilitate,ro
根絶者,Eradicare,ro
格斗手套,Mănuși de antrenament,ro
格温,Gwen,ro
格雷福斯,Graves,ro
格鬥手套,Mănuși de antrenament,ro
棋手之盾,Scutul tacticianului,ro
棋手厨房,Bucătăria tacticianului,ro
棋手廚房,Bucătăria tacticianului,ro
棋手披風,Mantia tacticianului,ro
棋手斗篷,Mantia tacticianului,ro
棋手皇冠,Coroana tacticianului,ro
棋手盾牌,Scutul tacticianului,ro
棘刺背心,Vestă de mărăcini,ro
棱彩门票,Bilet prismatic,ro
極速快手,Competitor,ro
極速快手徽章,Emblema competitorilor,ro
極速快手模式,Modul de competitor,ro
構成拡大,Ramificare,ro
模控機械上鏈,Conexiune cibernetică,ro
模控機械移植,Implanturi cibernetice,ro
機械戰甲,Mecha,ro
次级镜像人格面具,Personalitate în oglindă minoră,ro
次级镜影化身,Personalitate în oglindă minoră,ro
歐羅拉,Aurora,ro
正义之手,Mâna justiției,ro
正义手套,Mâna justiției,ro
正义报复,Pedeapsă,ro
正義手套,Mâna justiției,ro
武斗家,Bătăuș,ro
武斗家徽章,Emblema bătăușilor,ro
武装战姬,Zeița armelor,ro
武鬥家,Bătăuș,ro
武鬥家徽章,Emblema bătăușilor,ro
歩く鍛冶場,Fierar neobosit,ro
死亡之刃,Sabia morții,ro
死亡之帽,Pălăria malefică a lui Rabadon,ro
死得有價值I,Tot sunt buni la ceva,ro
死神之刃,Sabia morții,ro
歼灭者,Eradicare,ro
殉道美德,Virtutea martirului,ro
殺出血路,Creează o cale,ro
水乳交融,Rămânem împreună,ro
水銀兜帽,Argint viu,ro
水银,Argint viu,ro
水银兜帽,Argint viu,ro
永恆契約,Pact etern,ro
永恒契约,Pact etern,ro
永续召唤,Incantație continuă,ro
汪星机器人,Petrecăreț,ro
沈黙の帳,Vălul nemișcării,ro
沉重王冠,Povara coroanei,ro
河蟹,Crabul,ro
治疗法球,Sfere vindecătoare,ro
治療靈球,Sfere vindecătoare,ro
治癒回音,Ecouri tămăduitoare,ro
法官,Mediator,ro
法官纹章,Emblema mediatorilor,ro
法杖工匠,Meșter de toiege,ro
法杖溢流,Toiege fără număr,ro
法洛士的執念,Obsesia lui Varus,ro
法洛士的增益,Favorul lui Varus,ro
法洛士的执念,Obsesia lui Varus,ro
法洛士的祝福,Favorul lui Varus,ro
波比,Poppy,ro
泪流不止,Lacrimi curgătoare,ro
泪流成河,Cod roșu de lacrimi,ro
泰坦九头蛇,Hidra titanilor,ro
泰坦九頭蛇,Hidra titanilor,ro
泰坦的决意,Voința titanului,ro
泰坦的坚决,Voința titanului,ro
泰坦的決意,Voința titanului,ro
泰隆,Talon,ro
活体锻炉,Fierar neobosit,ro
活火炉,Fierar neobosit,ro
活火爐,Fierar neobosit,ro
派上用场,Tot sunt buni la ceva,ro
派克,Pyke,ro
派对大咖,Petrecăreț,ro
派對咖,Petrecăreț,ro
流れる涙,Lacrimi curgătoare,ro
流亡孤军,Exilați,ro
流亡孤軍,Exilați,ro
浪人,Exilați,ro
海克斯科技枪刃,Pușcă cu baionetă hextech,ro
海克斯科技槍刃,Pușcă cu baionetă hextech,ro
海妖之怒,Furia krakenului,ro
海牛阿福的锅铲战术,Pariul lui Urf,ro
海魔人,Primordian,ro
海魔人纹章,Emblema primordienilor,ro
淚光閃閃,Lacrimi curgătoare,ro
淚如泉湧,Cod roșu de lacrimi,ro
混乱回復装置,Recombobulator,ro
混乱的呼唤,Chemarea haosului,ro
混沌への呼び声,Chemarea haosului,ro
混沌召唤,Chemarea haosului,ro
混沌召喚,Chemarea haosului,ro
清晰头脑,Minte limpede,ro
游侠,Rebel,ro
游侠纹章,Emblema rebelilor,ro
游神的盟友,Aliatul îngrijitorului,ro
源计划上行链路,Conexiune cibernetică,ro
源计划植入,Implanturi cibernetice,ro
滚起优势,Pe val,ro
漫游者,Călător,ro
漫游者徽章,Emblema călătorilor,ro
潘多拉的备战区,Banca Pandorei,ro
潘多拉的道具,Obiectele Pandorei,ro
潘朵拉的備戰區,Banca Pandorei,ro
潘朵拉的备战席,Banca Pandorei,ro
潘朵拉的装备,Obiectele Pandorei,ro
潘朵拉的道具,Obiectele Pandorei,ro
潘森,Pantheon,ro
潛在火爐,Forjă latentă,ro
潛行者之爪,Gheara prădătorului,ro
潜心锻造,Forjă latentă,ro
潜行者之爪,Gheara prădătorului,ro
激发之匣,Medalion stimulant,ro
火上浇油,Întețește focul,ro
火热促销,Reducere fulger,ro
火爆甩卖,Reducere fulger,ro
灭世者的死亡之帽,Pălăria malefică a lui Rabadon,ro
灭星尊,Eradicare,ro
灵气农兵,Farmarea aurei,ro
灵活变通,Flexibilitate,ro
灵活摇摆,Flexibilitate,ro
灵能特工,Psionic,ro
灵能特工纹章,Emblema psionică,ro
灵能者,Psionic,ro
灵能者徽章,Emblema psionică,ro
灵风,Zefir,ro
灵魂唤醒,Trezirea sufletului,ro
灵魂觉醒,Trezirea sufletului,ro
炎を強めて,Întețește focul,ro
点击即送,Hai odată,ro
炽天使之拥,Sceptrul serafimului,ro
炽天使之杖,Sceptrul serafimului,ro
烁刃,Tăișuri sclipitoare,ro
烈士之德,Virtutea martirului,ro
烈士美德,Virtutea martirului,ro
烏爾加特,Urgot,ro
烬,Jhin,ro
無人機上鏈,Conexiune cu drona,ro
無差別屠殺,Ucigaș fără discriminare,ro
無差別殺人者,Ucigaș fără discriminare,ro
無盡之刃,Sabia infinitului,ro
無盡絕望,Disperare nemărginită,ro
無限守護,Protecția infinitului,ro
煞蜜拉,Samira,ro
煽风点火,Întețește focul,ro
熊熊火勢,Întețește focul,ro
熾天使之杖,Sceptrul serafimului,ro
營造氣場,Farmarea aurei,ro
燼,Jhin,ro
燼滅之華,Eradicare,ro
爆炸式增长,Creștere explozivă,ro
爆炸性成長,Creștere explozivă,ro
爆発的成長,Creștere explozivă,ro
爱心包裹,Pachet de îngrijire,ro
爱欧尼亚星火,Scânteie ionică,ro
牧羊人,Păstor,ro
牧羊人纹章,Emblema păstorilor,ro
牧魂人,Păstor,ro
牧魂人徽章,Emblema păstorilor,ro
物尽其用,Îmbrâncire,ro
物資箱,Pachet de îngrijire,ro
特性の書,Tomul caracteristicilor,ro
特性の木,Copacul caracteristicilor,ro
特性を選択,Alege caracteristica,ro
特性之树,Copacul caracteristicilor,ro
特性典籍,Tomul caracteristicilor,ro
特性神木,Copacul caracteristicilor,ro
犽宿之共享光采,Yasuo: Împarte centrul atenției,ro
犽宿的共享光采,Yasuo: Împarte centrul atenției,ro
犽宿的剑术,Arta atacului lui Yasuo,ro
犽宿的增益,Favorul lui Yasuo,ro
犽宿的祝福,Favorul lui Yasuo,ro
犽宿的迅雷之技,Arta atacului lui Yasuo,ro
犽宿的黃金棋格,Hexagonul auriu al lui Yasuo,ro
犽宿的黄金格子,Hexagonul auriu al lui Yasuo,ro
狂徒铠甲,Armura lui Warmog,ro
狂战士,Brigand,ro
狂战士纹章,Emblema briganzilor,ro
狙击专家,Lunetist,ro
狙击专家徽章,Emblema lunetiștilor,ro
狙擊專家,Lunetist,ro
狙擊專家徽章,Emblema lunetiștilor,ro
狙神,Lunetist,ro
狙神纹章,Emblema lunetiștilor,ro
独自升级,Creștere solo în nivel,ro
狱火战斧,Secure din focul iadului,ro
猛将的荣耀,Onoarea războinicului,ro
猩红报偿,Prețul sângelui,ro
獄火手斧,Secure din focul iadului,ro
獄炎のハチェット,Secure din focul iadului,ro
獨自升等,Creștere solo în nivel,ro
王冠とは重きもの,Povara coroanei,ro
王冠之重,Povara coroanei,ro
玻璃大炮,"Puternic, dar fragil",ro
玻璃大砲I,"Puternic, dar fragil",ro
珍藏财宝,Comori îngropate,ro
珠光护手,Mănușa cu nestemate,ro
珠光莲花,Lotus cu nestemate,ro
珠光蓮花II,Lotus cu nestemate,ro
瑟雷西的增益,Favorul lui Thresh,ro
瑟雷西的灯笼,Felinarul lui Thresh,ro
瑟雷西的燈籠,Felinarul lui Thresh,ro
瑟雷西的祝福,Favorul lui Thresh,ro
璐璐,Lulu,ro
甘いおやつ,Gustări dulci,ro
甜点,Gustări dulci,ro
生存专家,Supraviețuitor,ro
生存專家,Supraviețuitor,ro
生日团聚,Reuniune aniversară,ro
生日團聚,Reuniune aniversară,ro
生日礼物,Cadou aniversar,ro
生日禮物,Cadou aniversar,ro
生日聚会,Reuniune aniversară,ro
生根发芽,Rădăcini răspândite,ro
生活片段,Felie de viață,ro
生涯ブロンズ,Bronz pentru totdeauna,ro
生物材料保存,Conservare de biomaterial,ro
生物质保存剂,Conservare de biomaterial,ro
生物质维护器,Conservare de biomaterial,ro
由二生D,De două ori mai câștigați,ro
电光反击,Încărcare electrică,ro
电火花,Încărcare electrică,ro
电荷转移I,Transfer de încărcare,ro
男爵幻域,Bârlogul Baronului,ro
略奪者,Brigand,ro
略奪者の紋章,Emblema briganzilor,ro
疗愈回响,Ecouri tămăduitoare,ro
疾射火炮,Tun-mitralieră,ro
疾速双杀,Dublu asasinat rapid,ro
疾速雙殺,Dublu asasinat rapid,ro
癒しのこだま,Ecouri tămăduitoare,ro
登上最高峰,Victorie neașteptată,ro
發條加速器,Accelerator mecanic,ro
百兽,Anima,ro
百兽指挥官,Comandatul Anima,ro
百兽特攻队徽章,Emblema Anima,ro
百獸,Anima,ro
百獸指揮官,Comandatul Anima,ro
百獸特攻隊徽章,Emblema Anima,ro
皇冠守衛,Crownguard,ro
盗賊のグローブ,Mănușile tâlharului,ro
盗賊団,Bandă de tâlhari,ro
盗賊団 II,Bandă de tâlhari II,ro
盜取,Jaf,ro
盧登驟雨,Furtuna lui Luden,ro
目标锁定光学仪,Optică de fixare a țintei,ro
目標鎖定光學,Optică de fixare a țintei,ro
真派氣功,Kahunahuna,ro
石像鬼盘核,Platoșa garguiului,ro
石像鬼石板甲,Platoșa garguiului,ro
石像鬼磐核,Platoșa garguiului,ro
研究熱心,Studiu diligent,ro
砰地重击,Îmbrâncire,ro
砰爆,Apocaliptic,ro
破时者,Frângător al timpului,ro
破时者徽章,Emblema frângătorilor timpului,ro
破曉之核,Miezul zorilor,ro
砸起來,Îmbrâncire,ro
硬性承诺,Angajament solid,ro
碰撞测试假人,Manechine animate,ro
碰撞測試,Manechine animate,ro
神の祝福,Binecuvântat de zei,ro
神の鍛冶場,Forjă apoteotică,ro
神之祝福,Binecuvântat de zei,ro
神偷军团,Bandă de tâlhari,ro
神偷军团 II,Bandă de tâlhari II,ro
神偷軍團,Bandă de tâlhari,ro
神偷軍團 II,Bandă de tâlhari II,ro
神力天铸,Făurit prin putere,ro
神化锻炉,Forjă apoteotică,ro
神寵者,Binecuvântat de zei,ro
神影刺客,Rebel,ro
神影刺客徽章,Emblema rebelilor,ro
神聖熔爐,Forjă apoteotică,ro
神託,Oracol,ro
神諭,Oracol,ro
神谕,Intermediar,ro
神谕模式,Modul de intermediar,ro
神赐锻炉,Forjă apoteotică,ro
神鬥士,Duelist divin,ro
禁忌之像,Idol interzis,ro
禁忌雕像,Idol interzis,ro
离子火花,Scânteie ionică,ro
私房錢,Escroc,ro
私房钱,Escroc,ro
科加斯,Cho'Gath,ro
秘传奥义,Kahunahuna,ro
稜鏡票券,Bilet prismatic,ro
穢れたヴァンパイア セプター,Sceptru vampiric corupt,ro
究極暴擊,Succes critic,ro
窃盗,Jaf,ro
窃贼帮派,Bandă de tâlhari,ro
窃贼帮派 II,Bandă de tâlhari II,ro
窃贼手套,Mănușile tâlharului,ro
竊賊手套,Mănușile tâlharului,ro
米利欧,Milio,ro
米普,Meepsie,ro
米普,Mip,ro
米普徽章,Emblema Meeple,ro
米普星人,Mip,ro
米普星人徽章,Emblema Meeple,ro
米普終端速度,Viteză termipnală,ro
米里欧,Milio,ro
米里歐,Milio,ro
精心打造,Forja reîncărcărilor,ro
精心製作,Forja reîncărcărilor,ro
精打細算,Buget înțelept,ro
精打细算,Buget înțelept,ro
精进之矛,Lancea lui Shojin,ro
精進之矛,Lancea lui Shojin,ro
紀元,Epocă,ro
紅Buff,Buff-ul roșu,ro
納什之牙,Dintele lui Nashor,ro
納瑟斯,Nasus,ro
素材アイテムヘイスト,Jaful componentelor,ro
紡がれし魔法,Magie întrepătrunsă,ro
索娜,Sona,ro
索拉卡的增益,Favorul Sorakăi,ro
索拉卡的奇蹟,Miracolul Sorakăi,ro
索拉卡的奇迹,Miracolul Sorakăi,ro
索拉卡的恩赐,Favorul Sorakăi,ro
索拉卡的祝福,Favorul Sorakăi,ro
終わりなき絶望,Disperare nemărginită,ro
組件強盜,Jaful componentelor,ro
絶好調,Pe val,ro
維克特,Viktor,ro
維迦,Veigar,ro
縮小手套,Mănuși strașnice,ro
红增益,Buff-ul roșu,ro
红霸符,Buff-ul roșu,ro
纪年伊始,Epocă,ro
纳什之牙,Dintele lui Nashor,ro
纳尔,Gnar,ro
纳瑟斯,Nasus,ro
纷乱头脑,Minte aglomerată,ro
纹章之书,Tomul caracteristicilor,ro
纺织魔法,Magie întrepătrunsă,ro
组件劫案,Jaful componentelor,ro
织命人,Țesător al destinului,ro
终端米普速度,Viteză termipnală,ro
终身青铜,Bronz pentru totdeauna,ro
终身黄铜,Bronz pentru totdeauna,ro
绝境反击,Povestea revenirii,ro
维克托,Viktor,ro
维克特,Viktor,ro
维迦,Veigar,ro
编织魔法,Magie întrepătrunsă,ro
羁绊树,Copacul caracteristicilor,ro
美味甜點,Gustări dulci,ro
翱銳龍獸,Aurelion Sol,ro
翱銳龍獸的祝福,Favorul lui Aurelion Sol,ro
翱锐龙兽,Aurelion Sol,ro
翱锐龙兽的增益,Favorul lui Aurelion Sol,ro
耐心学习,Studiu diligent,ro
耐心學習,Studiu diligent,ro
耐心是一种美德,Răbdarea e o virtute,ro
耐心是美德,Răbdarea e o virtute,ro
职业杀手,Ucigaș plătit,ro
联合作战,Unire în luptă,ro
聖なる決闘者,Duelist divin,ro
聖光無賴,Poznaș radiant,ro
能力值大補包,Sute de atribute!,ro
能量圣杯,Pocalul puterii,ro
脫穎而出,Victorie neașteptată,ro
腐蚀,Coroziune,ro
腐蝕,Coroziune,ro
腐败吸血鬼权杖,Sceptru vampiric corupt,ro
腐食,Coroziune,ro
腰带溢流,Curele fără număr,ro
腰带过载,Curele fără număr,ro
腰帶多多,Curele fără număr,ro
臨時戰甲,Armură improvizată,ro
至尊探险,O aventură triumfătoare,ro
致命利刃,Săbii mai letale,ro
致命帽子,Pălării mai letale,ro
致命豆丁,Mici și letale,ro
致死之帽,Pălării mai letale,ro
艾克的增益,Favorul lui Ekko,ro
艾克的恩赐,Favorul lui Ekko,ro
艾克的祝福,Favorul lui Ekko,ro
艾克的耐心,Răbdarea lui Ekko,ro
节外生枝,Ramificare,ro
花到上头,Escroc,ro
芽苞初放,Construiește-ți un prieten,ro
英勇惊喜包,Punguță eroică,ro
英勇福袋,Punguță eroică,ro
英雄のラッキーバッグ,Punguță eroică,ro
英雄禮包,Punguță eroică,ro
茂凯,Maokai,ro
茂凱,Maokai,ro
荊棘蔓延,Rădăcini răspândite,ro
莎弥拉,Samira,ro
莫德凯撒,Mordekaiser,ro
莫甘娜,Morgana,ro
莫雷洛秘典,Morellonomicon,ro
菲兹,Fizz,ro
菲奥娜,Fiora,ro
菲欧拉,Fiora,ro
菲歐拉,Fiora,ro
葛雷夫,Graves,ro
蓝增益,Buff-ul albastru,ro
蓝霸符,Buff-ul albastru,ro
蔓延之根,Rădăcini răspândite,ro
蕾欧娜,Leona,ro
薄暮法袍,Văl uniform,ro
薇古丝,Vex,ro
薇可丝,Vex,ro
薇可絲,Vex,ro
藍Buff,Buff-ul albastru,ro
虚空之杖,Sceptrul Vidului,ro
虚空之门,Portal Zz'rot,ro
虚空手套,Mănușa Vidului,ro
虚空护手,Mănușa Vidului,ro
虛空之杖,Sceptrul Vidului,ro
虛空之門,Portal Zz'rot,ro
虛空武鬥場,Mănușa Vidului,ro
血の供物,Ofrandă de sânge,ro
血の価値,Prețul sângelui,ro
血償,Prețul sângelui,ro
血的代价,Prețul sângelui,ro
血祭,Ofrandă de sânge,ro
衝擊火炮,Tun-mitralieră,ro
衝突試験用ダミー,Manechine animate,ro
裁决者,Mediator,ro
裁决者徽章,Emblema mediatorilor,ro
装备百宝袋,Punguță cu obiecte surpriză,ro
複製,Reproducere,ro
西風匕首,Zefir,ro
西风匕首,Zefir,ro
視界專注,Focalizarea orizontului,ro
观星者,Lumina stelelor,ro
观星者徽章,Emblema luminii stelelor,ro
观星者纹章,Emblema luminii stelelor,ro
视界专注,Focalizarea orizontului,ro
觉得自己幸运吗,Te simți norocos,ro
訂購奢侈品,Abonament de lux,ro
訂閱服務,Abonament,ro
訓練假人,Manechin de antrenament,ro
詛咒之冠,Coroana blestemată,ro
詛咒之刃,Sabia blestemată,ro
詛咒吸血鬼權杖,Sceptru vampiric corupt,ro
認知超載,Supraîncărcare cognitivă,ro
订阅服务,Abonament,ro
认知税,Taxe cognitive,ro
认知超负荷,Supraîncărcare cognitivă,ro
认知过载,Supraîncărcare cognitivă,ro
训练假人,Manechin de antrenament,ro
训练木偶,Manechin de antrenament,ro
诅咒之冠,Coroana blestemată,ro
诅咒之刃,Sabia blestemată,ro
诅咒冠冕,Coroana blestemată,ro
豪華なサブスク,Abonament de lux,ro
貝爾薇斯,Bel'Veth,ro
負極斗篷,Mantie Negatron,ro
貪啃奇,Tahm Kench,ro
貪財,Goana după bani,ro
買い物三昧,La cumpărături,ro
買不手軟,La cumpărături,ro
貿易核心,Comerț de bază,ro
賈克斯,Jax,ro
賢い買い物,Buget înțelept,ro
贝尔薇斯,Bel'Veth,ro
贝蕾亚,Briar,ro
负极斗篷,Mantie Negatron,ro
财源滚滚,Muson de bani,ro
贪啃奇,Tahm Kench,ro
贪财,Goana după bani,ro
购物狂欢,La cumpărături,ro
贸易中心,Comerț de bază,ro
贸易大亨,Sectorul comercial,ro
贾克斯,Jax,ro
赏金战士,Învingătorii iau totul,ro
起死回生,Forțe proaspete,ro
超前部署,Plan de viitor,ro
超新星,N.O.V.A,ro
超新星徽章,Emblema N.O.V.A.,ro
超级机甲,Robotul Mecha impunător,ro
超能機甲,Robotul Mecha impunător,ro
超越のタリスマン,Talismanul ascensiunii,ro
跳樓大拍賣,Reducere fulger,ro
輝く悪党,Poznaș radiant,ro
转不停,Reîncărcări la grămadă,ro
轻量魔法投掷,Reîncărcare relativ magică,ro
轻魔重骰,Reîncărcare relativ magică,ro
这次战败也在计算之中,Pierdere calculată,ro
远古霸者,Primordian,ro
远古霸者徽章,Emblema primordienilor,ro
远征,Expediție,ro
远见卓识,Plan de viitor,ro
连指手套,Mănuși strașnice,ro
迷你小英雄,Titan micuț,ro
迷你黑洞,Mini gaură neagră,ro
迷离风衣,Trenci suspect,ro
适应性头盔,Coif cameleonic,ro
适性神盔,Coif cameleonic,ro
逆命,Twisted Fate,ro
逆袭之路,Povestea revenirii,ro
逆転劇,Povestea revenirii,ro
逆轉佳話,Povestea revenirii,ro
选择特性,Alege caracteristica,ro
选择羁绊,Alege caracteristica,ro
這次戰敗也在計算之中,Pierdere calculată,ro
連続魔法,Incantație continuă,ro
連續施法,Incantație continuă,ro
進階貸款,Împrumut avansat,ro
道を切り拓け,Creează o cale,ro
道具惊喜包,Punguță cu obiecte surpriză,ro
道具組合包I,Punguță cu obiecte surpriză,ro
遠古霸者,Primordian,ro
遠古霸者徽章,Emblema primordienilor,ro
遠征,Expediție,ro
遥遥领先,Pariu pe viitor,ro
適性神盔,Coif cameleonic,ro
選擇特性,Alege caracteristica,ro
避險基金,Fond de investiții,ro
邦！,Zdrang!,ro
邪悪な収益化,Monetizare ostilă,ro
部分飞升,Iluminare parțială,ro
鄂尔,Ornn,ro
鄂爾,Ornn,ro
重启任务,Misiune în acțiune,ro
重整装置,Recombobulator,ro
重整裝置,Recombobulator,ro
重新開始任務,Misiune în acțiune,ro
重枪女武神,Zeița armelor,ro
重槍女武神,Zeița armelor,ro
重装战士,Apărător,ro
重装战士纹章,Emblema apărătorilor,ro
重锤之志,Voința buzduganului,ro
量身訂做,Personalizare exclusivă,ro
金に飢えし者,Goana după bani,ro
金のタマゴ,Oul de aur,ro
金のモンスーン,Muson de bani,ro
金ピカの鋼,Oțel aurit,ro
金克丝,Jinx,ro
金湯匙,Născut înțelept,ro
金蛋,Oul de aur,ro
金铲铲,Spatulă,ro
金铲铲冠冕,Coroana tacticianului,ro
金锅铲冠冕,Mantia tacticianului,ro
金锅锅,Tigaia de aur,ro
金锅锅冠冕,Scutul tacticianului,ro
金霖龙,Dragonul auriu,ro
金鳞精粹,Solzi sclipitori,ro
金龙降世,Dragonul auriu,ro
鈍化,Manechinizare,ro
銀の匙,Născut înțelept,ro
銀河獵手,Vânător galactic,ro
銀織黎明,Răsăritul din Silvermere,ro
銃装機神,Zeița armelor,ro
銅級之命II,Bronz pentru totdeauna,ro
鋼の心,Inimă de oțel,ro
鋼鐵素材,Tare ca fierul,ro
錫柯的悲鳴號角,Solul dezolant al lui Zeke,ro
錫柯的號角,Solul lui Zeke,ro
鍋鏟,Spatulă,ro
鎖子甲,Vestă de zale,ro
鏡像のペルソナ,Personalitate în oglindă,ro
鏡像人格,Personalitate în oglindă,ro
鏡爪,Kindred,ro
鑄造朋友,Creează un prieten,ro
钢铁之心,Inimă de oțel,ro
钢铁烈阳之匣,Blazonul solarilor de fier,ro
钢铁资产,Tare ca fierul,ro
银汤匙,Născut înțelept,ro
银河猎手,Vânător galactic,ro
银织黎明,Răsăritul din Silvermere,ro
铸剑工匠,Meșter de săbii,ro
锁子甲,Vestă de zale,ro
锁敌光学设备,Optică de fixare a țintei,ro
锅铲,Spatulă,ro
锅铲厨房,Bucătăria tacticianului,ro
锐雯,Riven,ro
锡柯的号角,Solul lui Zeke,ro
锡柯的悲鸣号角,Solul dezolant al lui Zeke,ro
锤石的恩赐,Favorul lui Thresh,ro
锤石的灯笼,Felinarul lui Thresh,ro
锻造一个朋友,Creează un prieten,ro
锻造挚友,Creează un prieten,ro
镀金钢铁,Oțel aurit,ro
镜像人格面具,Personalitate în oglindă,ro
镜影化身,Personalitate în oglindă,ro
镜爪,Kindred,ro
長久之計,Pariu pe viitor,ro
閃刃,Tăișuri sclipitoare,ro
開局新手包,Construiește-ți un prieten,ro
闇の女帝,Doamna întunecată,ro
闇翼魔女,Doamna întunecată,ro
關,Gwen,ro
防禦高塔,Turnul,ro
阿卡丽,Akali,ro
阿卡莉,Akali,ro
阿狸的光环,Aura lui Ahri,ro
阿狸的恩赐,Favorul lui Ahri,ro
阿璃的增益,Favorul lui Ahri,ro
阿璃的灵气,Aura lui Ahri,ro
阿璃的祝福,Favorul lui Ahri,ro
阿璃的靈氣,Aura lui Ahri,ro
阿福大礼包,Punguța lui Urf,ro
阿福大禮包,Punguța lui Urf,ro
阿福奇兵,Pariul lui Urf,ro
阿福式开局,Pariul lui Urf,ro
阿福快打,U.R.F,ro
阿福的百宝袋,Punguța lui Urf,ro
阿福驾到,U.R.F,ro
阿萝拉,Aurora,ro
降靈師,Intermediar,ro
降靈師模式,Modul de intermediar,ro
限定カスタマイズ,Personalizare exclusivă,ro
陣容,Aliniere,ro
集中火力,Foc concentrat,ro
集中砲火,Foc concentrat,ro
集体拥抱I,Îmbrățișare de grup,ro
集结战队,În echipă,ro
雇佣杀手,Ucigaș plătit,ro
雙排,Listă duo,ro
雙生守衛,Gardienii gemeni,ro
離子星火,Scânteie ionică,ro
雷克塞,Rek'Sai,ro
雷欧娜,Leona,ro
雷歐娜,Leona,ro
雷玟,Riven,ro
雷珂煞,Rek'Sai,ro
電光反擊,Încărcare electrică,ro
電荷轉移,Transfer de încărcare,ro
霞,Xayah,ro
露璐,Lulu,ro
霸天机甲,Mecha,ro
靈活變通,Flexibilitate,ro
靈能使,Psionic,ro
靈能使徽章,Emblema psionică,ro
靈魂救贖,Spiritul izbăvirii,ro
静止法衣,Vălul nemișcării,ro
非凡冒險,O aventură triumfătoare,ro
韦鲁斯的恩赐,Favorul lui Varus,ro
韦鲁斯的执念,Obsesia lui Varus,ro
頂裝,Build maxim,ro
預料中的意外,Surpriză nesurprinzătoare,ro
願四之力與你同在,Patru de partea ta,ro
顶尖构筑,Build maxim,ro
顽强不屈,Neînduplecare,ro
飙速木灵,Viteză termipnală,ro
飛斯,Fizz,ro
飛昇,Ascensiune,ro
飞升,Ascensiune,ro
飞升护符,Talismanul ascensiunii,ro
飞斯,Fizz,ro
饮血剑,Sabia sângeroasă,ro
騎士の誓い,Legământul cavalerului,ro
騎士誓願,Legământul cavalerului,ro
骑士之誓,Legământul cavalerului,ro
骑士誓愿,Legământul cavalerului,ro
高压电,Linie de înaltă tensiune,ro
高压电流,Linie de înaltă tensiune,ro
高塔,Turnul,ro
高级贷款,Împrumut avansat,ro
高速ダブルキル,Dublu asasinat rapid,ro
高電圧,Linie de înaltă tensiune,ro
高電壓,Linie de înaltă tensiune,ro
高風險高報酬,Mutări riscante,ro
鬼使弯刀,Hanger fantomatic,ro
鬼使彎刀,Hanger fantomatic,ro
鬼索的狂暴之刃,Spada furiei lui Guinsoo,ro
魂力覺醒,Trezirea sufletului,ro
魔像,Golem,ro
魔力編織,Magie întrepătrunsă,ro
魔斗凯萨,Mordekaiser,ro
魔术师,Replicator,ro
魔术师模式,Modul de replicator,ro
魔杖湧流,Toiege fără număr,ro
魔棒过载,Toiege fără număr,ro
魔法のダイス,Aruncare magică,ro
魔法投掷,Aruncare magică,ro
魔法擲骰,Aruncare magică,ro
魔法骰子,Aruncare magică,ro
魔甘娜,Morgana,ro
魔鬥凱薩,Mordekaiser,ro
鱼骨头,Bubuilă,ro
鲜血祭品,Ofrandă de sânge,ro
鴻運當頭,Te simți norocos,ro
鴻運當頭,Pe val,ro
麗珊卓,Lissandra,ro
黃昏聖盾,Scutul amurgului,ro
黃金巨龍,Dragonul auriu,ro
黃金蛋,Oul de aur,ro
黃金豪賭,Pariu de aur,ro
黄昏圣盾,Scutul amurgului,ro
黄金の博打,Pariu de aur,ro
黄金の龍,Dragonul auriu,ro
黄金蛋,Oul de aur,ro
黄金豪赌,Pariu de aur,ro
黄金赌约,Pariu de aur,ro
黎明之盾,Scutul zorilor,ro
黎明圣盾,Scutul zorilor,ro
黎明核心,Miezul zorilor,ro
黎明聖盾,Scutul zorilor,ro
黑暗吸血鬼节杖,Sceptru vampiric corupt,ro
黑暗魔女,Doamna întunecată,ro
黑铁资产,Tare ca fierul,ro
黑魔禁书,Morellonomicon,ro
黑魔禁書,Morellonomicon,ro
黛安娜,Diana,ro
龍之爪,Gheara dragonului,ro
龙之爪,Gheara dragonului,ro
가고일 돌갑옷,Platoșa garguiului,ro
가지 뻗기,Ramificare,ro
간이 대장간,Fierar neobosit,ro
강철의 솔라리 펜던트,Blazonul solarilor de fier,ro
강철의 심장,Inimă de oțel,ro
거대 메크 로봇,Robotul Mecha impunător,ro
거대하고 강력한,Mare și amenințătoare,ro
거대한 히드라,Hidra titanilor,ro
거래 중심지,Comerț de bază,ro
거울의 환영,Personalitate în oglindă,ro
거인 학살자,Vânătorul de uriași,ro
거인의 결의,Voința titanului,ro
거인의 허리띠,Cureaua uriașului,ro
검 제작자,Meșter de săbii,ro
경품 추첨,Pariu de aur,ro
경호대 훈련,Antrenamentul gărzii de corp,ro
계산된 패배,Pierdere calculată,ro
고귀한 모험,O aventură triumfătoare,ro
고독한 방패,Platoșă unică,ro
고속 연사포,Tun-mitralieră,ro
고위천사의 지팡이,Sceptrul serafimului,ro
고전압,Încărcare electrică,ro
고전압,Linie de înaltă tensiune,ro
고철 수집가의 은총,Favorul duelistului,ro
곡궁,Arc încovoiat,ro
골렘,Golem,ro
공감 임플란트,Implant empatic,ro
공허 건틀릿,Mănușa Vidului,ro
공허의 지팡이,Sceptrul Vidului,ro
교환의 장,Sectorul comercial,ro
구독 서비스,Abonament,ro
구원의 영혼,Spiritul izbăvirii,ro
구원자,Salvator,ro
구인수의 격노검,Spada furiei lui Guinsoo,ro
굳건한 심장,Iubire nezdruncinată,ro
권투 교습,Lecții de box,ro
그냥 눌러,Hai odată,ro
그라가스,Gragas,ro
그레이브즈,Graves,ro
그림자 꼭두각시,Păpușa din umbră,ro
그웬,Gwen,ro
극대화 빌드,Build maxim,ro
극진한 헌신,Angajament solid,ro
금지된 우상,Idol interzis,ro
급매,Reducere fulger,ro
기다림의 미학,Merită așteptarea,ro
기동총격여신,Zeița armelor,ro
기사의 맹세,Legământul cavalerului,ro
길을 내라,Creează o cale,ro
길잡이,Păstor,ro
길잡이 상징,Emblema păstorilor,ro
꼬꼬마 거인,Titan micuț,ro
꼬마 거인,Mici titani,ro
꼬마 정령,Meepsie,ro
꽁!,Zdrang!,ro
끈끈한 우정,Team Building,ro
끈질긴 연구,Studiu diligent,ro
끝없는 절망,Disperare nemărginită,ro
나 혼자 레벨업,Creștere solo în nivel,ro
나르,Gnar,ro
나미,Nami,ro
나서스,Nasus,ro
남작의 소굴,Bârlogul Baronului,ro
내셔의 이빨,Dintele lui Nashor,ro
넘치는 대검,Săbii fără număr,ro
넘치는 지팡이,Toiege fără număr,ro
넘치는 허리띠,Curele fără număr,ro
누누와 윌럼프,Nunu și Willump,ro
다 쓸 데가 있다니까,Tot sunt buni la ceva,ro
다이애나,Diana,ro
단결된 의지,Unire în luptă,ro
단일 조합 사수,"FĂRĂ ANALIZĂ, FĂRĂ SCHIMBĂRI",ro
단짝,Cei mai buni prieteni,ro
단체 포옹,Îmbrățișare de grup,ro
달콤한 간식,Gustări dulci,ro
대격변 생성기,Recombobulator,ro
대장군의 명예,Onoarea războinicului,ro
대천사의 지팡이,Toiagul arhanghelului,ro
대출 선지급,Împrumut avansat,ro
더욱 치명적인 모자,Pălării mai letale,ro
덤불 조끼,Vestă de mărăcini,ro
도금 강철,Oțel aurit,ro
도둑 무리,Bandă de tâlhari,ro
도둑 무리 II,Bandă de tâlhari II,ro
도적의 장갑,Mănușile tâlharului,ro
도전자,Competitor,ro
도전자 모드,Modul de competitor,ro
도전자 상징,Emblema competitorilor,ro
돈 폭풍,Muson de bani,ro
돈독,Goana după bani,ro
동료 제작,Construiește un însoțitor,ro
동물특공대,Anima,ro
동물특공대 상징,Emblema Anima,ro
동물특공대 지휘관,Comandatul Anima,ro
뒤집개,Spatulă,ro
드론 업링크,Conexiune cu drona,ro
땔감 제공,Întețește focul,ro
라바돈의 죽음모자,Pălăria malefică a lui Rabadon,ro
라아스트,Rhaast,ro
라이트실드 문장,Blazonul Lightshield,ro
람머스,Rammus,ro
레벨 업!,Nivelul următor!,ro
레오나,Leona,ro
렉사이,Rek'Sai,ro
루덴의 폭풍,Furtuna lui Luden,ro
룰루,Lulu,ro
르블랑,LeBlanc,ro
리븐,Riven,ro
리산드라,Lissandra,ro
리치베인,Urgia de pe lume,ro
마법 주사위,Aruncare magică,ro
마법공학 총검,Pușcă cu baionetă hextech,ro
마법사의 최후,Sfârșitul rațiunii,ro
마스터 이,Master Yi,ro
마오카이,Maokai,ro
말살자,Eradicare,ro
맑은 정신,Minte limpede,ro
망령 해적검,Hanger fantomatic,ro
메카,Mecha,ro
명멸검,Tăișuri sclipitoare,ro
모데카이저,Mordekaiser,ro
모렐로노미콘,Morellonomicon,ro
모르가나,Morgana,ro
무차별적 살인자,Ucigaș fără discriminare,ro
무한의 대검,Sabia infinitului,ro
무한한 보호,Protecția infinitului,ro
미래 지향적 사고,Plan de viitor,ro
미스 포츈,Miss Fortune,ro
밀리오,Milio,ro
바드,Bard,ro
바루스의 은총,Favorul lui Varus,ro
바루스의 집착,Obsesia lui Varus,ro
반도체,Semiconductor,ro
반항아,Inadaptați,ro
밤의 끝자락,Taina întunericului,ro
방한 장갑,Mănuși strașnice,ro
베이가,Veigar,ro
벡스,Vex,ro
벨베스,Bel'Veth,ro
별돌보미,Lumina stelelor,ro
별돌보미 상징,Emblema luminii stelelor,ro
별빛 연계,Combinație stelară,ro
보루,Baricadă,ro
보물 사냥,Vânătoare de comori,ro
보석 건틀릿,Mănușa cu nestemate,ro
보석 연꽃,Lotus cu nestemate,ro
복제,Reproducere,ro
복제자,Replicator,ro
복제자 모드,Modul de replicator,ro
부스터 팩,Pachet de amplificare,ro
부식,Coroziune,ro
부작용,Efecte secundare,ro
부활의 은총,Favorul resurecției,ro
불굴,Neînduplecare,ro
불완전한 초월,Iluminare parțială,ro
불한당,Rebel,ro
불한당 상징,Emblema rebelilor,ro
붉고 푸른 효과,"Un buff, două buff-uri",ro
붉은 덩굴정령,Buff-ul roșu,ro
브라이어,Briar,ro
블리츠크랭크,Blitzcrank,ro
빅뱅,Big Bang,ro
빅토르,Viktor,ro
빛비늘 정수,Solzi sclipitori,ro
뻗어가는 뿌리,Rădăcini răspândite,ro
뽀삐,Poppy,ro
사미라,Samira,ro
사이버네틱 이식술,Implanturi cibernetice,ro
사이버네틱 통신,Conexiune cibernetică,ro
삼인방,Triplu avantaj,ro
새로고침의 날,Reîncărcări la grămadă,ro
새로운 시대,Epocă,ro
새벽심장,Miezul zorilor,ro
새벽의 방패,Scutul zorilor,ro
생선대가리,Bubuilă,ro
생일 모임,Reuniune aniversară,ro
생일 선물,Cadou aniversar,ro
생존자,Supraviețuitor,ro
서사적 새로고침,Reîncărcări epice,ro
서열 상승,Creștere în clasament,ro
서풍,Zefir,ro
선물 꾸러미,Pachet de îngrijire,ro
선봉대,Apărător,ro
선봉대 상징,Emblema apărătorilor,ro
성취,Victorie neașteptată,ro
소나,Sona,ro
소라카의 기적,Miracolul Sorakăi,ro
소라카의 은총,Favorul Sorakăi,ro
소형 블랙홀,Mini gaură neagră,ro
쇠사슬 조끼,Vestă de zale,ro
쇼진의 창,Lancea lui Shojin,ro
수상한 외투,Trenci suspect,ro
수완가,Escroc,ro
수은,Argint viu,ro
수호자의 맹세,Jurământul protectorului,ro
수호자의 친구,Aliatul îngrijitorului,ro
순교자의 미덕,Virtutea martirului,ro
쉔,Shen,ro
스태틱의 단검,Cuțit electrostatic,ro
스테락의 도전,Gheara lui Sterak,ro
슬쩍하기,Jaf,ro
습격자,Brigand,ro
습격자 상징,Emblema briganzilor,ro
승승장구,Pe val,ro
승천의 부적,Talismanul ascensiunii,ro
시간 균열자,Frângător al timpului,ro
시간 균열자 상징,Emblema frângătorilor timpului,ro
시계태엽 윤활유,Accelerator mecanic,ro
시동 걸기,Pornire rapidă,ro
신병,Recrut nou,ro
신성 결투가,Duelist divin,ro
신성한 대장간,Forjă apoteotică,ro
신의 축복,Binecuvântat de zei,ro
신중한 제작,Forjă latentă,ro
실컷 울어봐라,Cod roșu de lacrimi,ro
싸움꾼,Bătăuș,ro
싸움꾼 상징,Emblema bătăușilor,ro
쌍두마차,Tancuri la xerox,ro
쌍둥이 수호자,Gardienii gemeni,ro
쓰레쉬의 랜턴,Felinarul lui Thresh,ro
쓰레쉬의 은총,Favorul lui Thresh,ro
쓸데없이 큰 지팡이,Toiag uriaș,ro
아리의 오라,Aura lui Ahri,ro
아리의 은총,Favorul lui Ahri,ro
아우렐리온 솔,Aurelion Sol,ro
아우렐리온 솔의 은총,Favorul lui Aurelion Sol,ro
아이템 꾸러미,Punguță cu obiecte surpriză,ro
아칼리,Akali,ro
아케인 빅토르이!,Viktor-ie ocultă,ro
아트록스,Aatrox,ro
악성코드 매트릭스,Matrice malware,ro
악의적 수익 창출,Monetizare ostilă,ro
암흑의 별,Stea întunecată,ro
암흑의 별 상징,Emblema stelelor întunecate,ro
야스오의 검술,Arta atacului lui Yasuo,ro
야스오의 스포트라이트 공유,Yasuo: Împarte centrul atenției,ro
야스오의 은총,Favorul lui Yasuo,ro
야스오의 황금 칸,Hexagonul auriu al lui Yasuo,ro
약간 신비한 주사위,Reîncărcare relativ magică,ro
어둠의 여인,Doamna întunecată,ro
어수선한 마음,Minte aglomerată,ro
얽힌 마법,Magie întrepătrunsă,ro
엄청나게 이로운 효과!,Sute de atribute!,ro
에너지 파동,Kahunahuna,ro
에코의 은총,Favorul lui Ekko,ro
에코의 인내,Răbdarea lui Ekko,ro
여신의 눈물,Lacrima zeiței,ro
여행자,Călător,ro
여행자 상징,Emblema călătorilor,ro
역병의 보석,Giuvaier blestemat,ro
역전의 서막,Povestea revenirii,ro
연결 불가,Legături ratate,ro
연속 주문 사용,Incantație continuă,ro
연습용 장갑,Mănuși de antrenament,ro
영웅 꾸러미,Punguță eroică,ro
영원한 브론즈,Bronz pentru totdeauna,ro
영원한 서약,Pact etern,ro
영혼 각성,Trezirea sufletului,ro
예금 계좌,Cont de economii,ro
예비 활,Arcuri de rezervă,ro
예상된 예상 밖의 결과,Surpriză nesurprinzătoare,ro
예언자,Oracol,ro
오라 축적,Farmarea aurei,ro
오로라,Aurora,ro
오른,Ornn,ro
왕관의 무게,Povara coroanei,ro
요새,Bastion,ro
요새 상징,Emblema bastionului,ro
용의 발톱,Gheara dragonului,ro
우르곳,Urgot,ro
우르프의 갬빗,Pariul lui Urf,ro
우르프의 꾸러미,Punguța lui Urf,ro
우주 그루브,Distracție în spațiu,ro
우주 그루브 상징,Emblema distracției în spațiu,ro
우주적 재시작,Repornire cosmică,ro
운명술사,Țesător al destinului,ro
워모그의 갑옷,Armura lui Warmog,ro
위험한 행보,Mutări riscante,ro
유기물 보존기,Conservare de biomaterial,ro
유리 대포,"Puternic, dar fragil",ro
유연함,Flexibilitate,ro
유용한 금속,Tare ca fierul,ro
은빛 여명,Răsăritul din Silvermere,ro
은수저,Născut înțelept,ro
은하계 사냥꾼,Vânător galactic,ro
음전자 망토,Mantie Negatron,ro
응당한 대가,Dar cu ce preț,ro
응징,Pedeapsă,ro
이블린의 본능,Instinctul lui Evelynn,ro
이블린의 은총,Favorul lui Evelynn,ro
이온 충격기,Scânteie ionică,ro
이즈리얼,Ezreal,ro
인지 과부하,Supraîncărcare cognitivă,ro
인지세,Taxe cognitive,ro
일라오이,Illaoi,ro
일상물,Felie de viață,ro
임무 재시작,Misiune în acțiune,ro
임시변통 방어구,Armură improvizată,ro
자객의 발톱,Gheara prădătorului,ro
자리 비움,Plecat de la tastatură,ro
자야,Xayah,ro
작은 꾸러미,Punguță mică,ro
작은 친구들,Prieteni micuți,ro
작지만 치명적인,Mici și letale,ro
장기 투자,Pariu pe viitor,ro
재빠른 더블 킬,Dublu asasinat rapid,ro
재빠른 무장,Îmbrâncire,ro
재생의 바람,Forțe proaspete,ro
재활용 쓰레기통,Coș de recuperare,ro
잭스,Jax,ro
저 별을 향해,Țintește spre stele,ro
저격수,Lunetist,ro
저격수 상징,Emblema lunetiștilor,ro
저녁갑주,Văl uniform,ro
저주받은 왕관,Coroana blestemată,ro
저주받은 칼날,Sabia blestemată,ro
적응형 투구,Coif cameleonic,ro
전달자,Intermediar,ro
전달자 모드,Modul de intermediar,ro
전략가의 망토,Mantia tacticianului,ro
전략가의 방패,Scutul tacticianului,ro
전략가의 왕관,Coroana tacticianului,ro
전략가의 주방,Bucătăria tacticianului,ro
전방의 토대,Baza avangardei,ro
전하 이동,Transfer de încărcare,ro
점심값,Bani de buzunar,ro
정교한 공예,Forja reîncărcărilor,ro
정렬,Aliniere,ro
정령단 속도,Viteză termipnală,ro
정령의 형상,Înfățișarea sufletului,ro
정령족,Mip,ro
정령족 상징,Emblema Meeple,ro
정의의 손길,Mâna justiției,ro
제드,Zed,ro
조기 교육,Învățături timpurii,ro
조이,Zoe,ro
조합 아이템 강탈,Jaful componentelor,ro
주인공 버프,Protecție universală,ro
죽음의 검,Sabia morții,ro
중심 잡기,Găsește-ți centrul de putere,ro
중재자,Mediator,ro
중재자 상징,Emblema mediatorilor,ro
즈롯 차원문,Portal Zz'rot,ro
증강된 힘,Putere augmentată,ro
지옥불 손도끼,Secure din focul iadului,ro
지크의 음산한 전령,Solul dezolant al lui Zeke,ro
지크의 전령,Solul lui Zeke,ro
지팡이 제작자,Meșter de toiege,ro
지평선의 초점,Focalizarea orizontului,ro
지휘관,Comandant,ro
진,Jhin,ro
진형 유지,Rezistența din prima linie,ro
징크스,Jinx,ro
찬란한 장난꾸러기,Poznaș radiant,ro
참는 자에게 복을,Răbdarea e o virtute,ro
철퇴의 의지,Voința buzduganului,ro
청부 살인마,Ucigaș plătit,ro
초가스,Cho'Gath,ro
초능력,Psionic,ro
초능력 상징,Emblema psionică,ro
초월,Ascensiune,ro
최신상,Proaspăt fabricat,ro
최적화,Min-Max,ro
최후의 속삭임,Ultima șoaptă,ro
추방자,Exilați,ro
추적자의 팔목 보호대,Brățara căutătorului,ro
출세가도,Ascensiune socială,ro
출정,Calea războiului,ro
충돌 시험용 봇,Manechine animate,ro
치명적 성공,Succes critic,ro
치명적인 칼날,Săbii mai letale,ro
친구 만들기,Construiește-ți un prieten,ro
친구 만들기,Creează un prieten,ro
침략자 제드,Invadatorul Zed,ro
침묵의 장막,Vălul nemișcării,ro
카르마,Karma,ro
카이사,Kai'Sa,ro
카파 주스,Suc Cappa,ro
케이틀린,Caitlyn,ro
케일의 승천,Exaltarea lui Kayle,ro
케일의 은총,Favorul lui Kayle,ro
케일의 찬란한 승천,Exaltarea radiantă a lui Kayle,ro
코르키,Corki,ro
크기의 중요성,Mărimea contează,ro
크라운가드,Crownguard,ro
크라켄의 분노,Furia krakenului,ro
큰 꾸러미,Punguță mare,ro
킨드레드,Kindred,ro
타격대의 철퇴,Buzduganul înaintașului,ro
타락한 흡혈의 낫,Sceptru vampiric corupt,ro
탈론,Talon,ro
탐 켄치,Tahm Kench,ro
탐사,Expediție,ro
탑,Turnul,ro
태고족,Primordian,ro
태고족 상징,Emblema primordienilor,ro
태양불꽃 망토,Mantie solară,ro
태양불꽃판,Tabla solară,ro
투자,Investiție,ro
트위스티드 페이트,Twisted Fate,ro
특별 맞춤 설정,Personalizare exclusivă,ro
특성 나무,Copacul caracteristicilor,ro
특성 선택,Alege caracteristica,ro
특성의 고서,Tomul caracteristicilor,ro
티모,Teemo,ro
파멸자,Apocaliptic,ro
파묻힌 보물,Comori îngropate,ro
파이크,Pyke,ro
파이트 머니,Învingătorii iau totul,ro
파티광,Petrecăreț,ro
판도라의 대기석,Banca Pandorei,ro
판도라의 아이템,Obiectele Pandorei,ro
판테온,Pantheon,ro
폭발적인 성장,Creștere explozivă,ro
표적 고정 광학 장치,Optică de fixare a țintei,ro
푸른 파수꾼,Buff-ul albastru,ro
프라이팬,Tigaia de aur,ro
프리즘 티켓,Bilet prismatic,ro
피바라기,Sabia sângeroasă,ro
피오라,Fiora,ro
피의 공물,Ofrandă de sânge,ro
피의 대가,Prețul sângelui,ro
피즈,Fizz,ro
하급 거울의 환영,Personalitate în oglindă minoră,ro
"하나, 둘, 다섯!","Unu, doi, cinci!",ro
"하나, 둘, 셋","Unu, doi, trei",ro
하나로 뭉치는 거지,Rămânem împreună,ro
해진 유물,Relicva ofilită,ro
행운의 기운,Te simți norocos,ro
행운의 장갑,Mănuși norocoase,ro
헤지 펀드,Fond de investiții,ro
현명한 소비,Buget înțelept,ro
협곡 바위 게,Crabul,ro
협력,În echipă,ro
호화로운 정기 구독,Abonament de lux,ro
혼돈의 부름,Chemarea haosului,ro
화력 집중,Foc concentrat,ro
활력증진의 펜던트,Medalion stimulant,ro
활의 수호자,Ia arcul meu,ro
황금 드래곤,Dragonul auriu,ro
황금 알,Oul de aur,ro
황혼의 방패,Scutul amurgului,ro
회복의 구,Sfere vindecătoare,ro
회복의 메아리,Ecouri tămăduitoare,ro
후반 성장,Creștere pe final de joc,ro
후반 전문가,Specialistul sfârșitului jocului,ro
후방 설계도,Schiță pentru linia din spate,ro
훈련 봇,Manechin de antrenament,ro
훈련 봇 변환,Manechinizare,ro
휴대용 대장간,Forjă portabilă,ro
흐르는 눈물,Lacrimi curgătoare,ro
흡혈의 활력,Vitalitate vampirică,ro
흥청망청,La cumpărături,ro
힘을 실은 제련,Făurit prin putere,ro
힘의 성배,Pocalul puterii,ro
羊刀,Spada furiei lui Guinsoo,ro
帽子,Pălăria malefică a lui Rabadon,ro
大帽,Pălăria malefică a lui Rabadon,ro
法帽,Pălăria malefică a lui Rabadon,ro
青龙刀,Lancea lui Shojin,ro
龙刀,Lancea lui Shojin,ro
蓝buff,Buff-ul albastru,ro
大天使,Toiagul arhanghelului,ro
AA,Toiagul arhanghelului,ro
珠光,Mănușa cu nestemate,ro
法爆,Mănușa cu nestemate,ro
JG,Mănușa cu nestemate,ro
鬼书,Morellonomicon,ro
离子,Scânteie ionică,ro
纳什,Dintele lui Nashor,ro
科技枪,Pușcă cu baionetă hextech,ro
枪刃,Pușcă cu baionetă hextech,ro
虚空,Sceptrul Vidului,ro
法穿棒,Sceptrul Vidului,ro
无尽,Sabia infinitului,ro
IE,Sabia infinitului,ro
死刃,Sabia morții,ro
杀人剑,Sabia morții,ro
DB,Sabia morții,ro
巨杀,Vânătorul de uriași,ro
GS,Vânătorul de uriași,ro
轻语,Ultima șoaptă,ro
LW,Ultima șoaptă,ro
海妖,Furia krakenului,ro
泰坦,Voința titanului,ro
幽梦,Sabia-fantomă a lui Youmuu,ro
QSS,Argint viu,ro
血手,Gheara lui Sterak,ro
饮血,Sabia sângeroasă,ro
BT,Sabia sângeroasă,ro
反甲,Vestă de mărăcini,ro
龙爪,Gheara dragonului,ro
DC,Gheara dragonului,ro
石像鬼,Platoșa garguiului,ro
狂徒,Armura lui Warmog,ro
夜锋,Taina întunericului,ro
EON,Taina întunericului,ro
日炎,Mantie solară,ro
适应,Coif cameleonic,ro
坚定,Iubire nezdruncinată,ro
心之刚,Iubire nezdruncinată,ro
斯特拉克,Gheara lui Sterak,ro
偷偷,Mănușile tâlharului,ro
圣盾,Jurământul protectorului,ro
誓约,Jurământul protectorului,ro
冰甲,Jurământul protectorului,ro
圣杯,Pocalul puterii,ro
基克,Solul lui Zeke,ro
鸟盾,Blazonul solarilor de fier,ro
正义,Mâna justiției,ro
HOJ,Mâna justiției,ro
法衣,Vălul nemișcării,ro
女妖,Vălul ursitoarei,ro
薄暮,Văl uniform,ro
骑士,Legământul cavalerului,ro
月石,Reînnoirea pietrei lunii,ro
恶意,Ranchiună,ro
嘉文,Jarvan IV,ro
J4,Jarvan IV,ro
菊花信,Xin Zhao,ro
小炮,Tristana,ro
卡牌,Twisted Fate,ro
牌爹,Twisted Fate,ro
TF,Twisted Fate,ro
挖掘机,Rek'Sai,ro
妖姬,LeBlanc,ro
船长,Gangplank,ro
GP,Gangplank,ro
大卑,Bel'Veth,ro
蝙蝠,Bel'Veth,ro
女枪,Miss Fortune,ro
霸龙,T-Hex,ro
霸王龙,T-Hex,ro
螃蟹,Crabul,ro
猴子,Wukong,ro
稻草人,Fiddlesticks,ro
蛤蟆,Tahm Kench,ro
狗熊,Volibear,ro
龙王,Aurelion Sol,ro
小法,Veigar,ro
老鼠,Twitch,ro
诺手,Darius,ro
德玛,Garen,ro
大虫子,Cho'Gath,ro
灯笼,Thresh,ro
大嘴,Kog'Maw,ro
狼人,Warwick,ro
鳄鱼,Renekton ,ro
龙女,Shyvana,ro
豹女,Nidalee,ro
寒冰,Ashe,ro
女警,Caitlyn,ro
皮城女警,Caitlyn,ro
琴女,Sona,ro
机器人,Blitzcrank,ro
男爵,Baronul Nashor,ro
杀手,Ucigaș,ro
大龙,Baronul Nashor,ro
小菊,Brock,ro
流浪,Ryze,ro
偷男,Sylas,ro
甘雨,Kindred,ro
劲夫,Sett,ro
棺材板,Xerath ,ro
剑魔,Aatrox,ro
乌鸦,Swain,ro
光女,Lux,ro
酸辣粉,Seraphine,ro
宝石,Taric,ro
德子,Draven,ro
冰女,Lissandra,ro
电耗子,Kennen,ro
猪女,Sejuani,ro
猪妹,Sejuani,ro
剪刀,Gwen,ro
掘墓,Yorick ,ro
皎月,Diana,ro
蛮王,Tryndamere,ro
腰子,Shen,ro
赏金,Miss Fortune,ro
冰鸟,Anivia,ro
爆弹,Ziggs,ro
黑妹,Mel,ro
熊,Tibbers,ro
佛爷,Viego,ro
沙皇,Azir,ro
日女,Leona,ro
女坦,Leona,ro
丁真,Milio,ro
小法师,Veigar,ro
滑板鞋,Kalista,ro
火女,Annie,ro
狗头,Nasus,ro
板甲,Platoșa garguiului,ro
赌狗,reroll,ro
运营,econ,ro
转向,pivot,ro
质量,board strength,ro
连败,lose streak,ro
连胜,win streak,ro
速8,fast 8,ro
摆烂,open fort,ro
卖血,sack,ro
慢D,slow roll,ro
大转型,hard pivot,ro
小调整,soft pivot,ro
海克斯,augment,ro
运气好,highroll,ro
运气差,lowroll,ro
棱彩强化,prismatic augment,ro
铲爷,mobile player,ro
