source,target,tgt_lng
1个霸符，2个霸符,"One Buff, Two Buff",th
2 Vàng Là Nhất,Two Much Value,th
2体のタンク,Two Tanky,th
2만한 가치,Two Much Value,th
2인조,Duo Queue,th
3の軍団,Legion of Threes,th
3단계 군단,Legion of Threes,th
4가 함께하길,May the Fours Be With You,th
4후지원,ReinFOURcement,th
8级D干的传说,Epic Rolldown,th
A Hajnal égisze,Aegis of Dawn,th
A Magic Roll,A Magic Roll,th
A Masszív mecha,The Mighty Mech,th
A Nagy Bumm,The Big Bang,th
A Que Custo,At What Cost,th
A Remontar,Win Out,th
A Torre,The Tower,th
A União Faz a Força,We Stick Together,th
A buzogány akarata,Mace's Will,th
A felemelkedés talizmánja,Talisman Of Ascension,th
A feltámadás áldása,Boon of Resurrection,th
A frontvonal alapjai,Frontline Foundation,th
A gondviselő barátja,Caretaker's Ally,th
A gyűjtögető adománya,Boon of the Scrapper,th
A hatalom kelyhe,Chalice of Power,th
A járatlan út,Branching Out,th
A kraken haragja,Kraken's Fury,th
A káosz hívása,Call to Chaos,th
A legapróbb titán,Tiniest Titan,th
A megváltás szelleme,Spirit of Redemption,th
A mozdulatlanság leple,Shroud of Stillness,th
A méret a lényeg,Size Matters,th
A nagy pofon,Kahunahuna,th
A négyek ereje,May the Fours Be With You,th
A por el bote,Prizefighter,th
A por la victoria,Win Out,th
A portyázó karma,Prowler's Claw,th
A prueba de choques,Crash Test Dummies,th
A quale prezzo,At What Cost,th
A qué precio,At What Cost,th
A rettenthetetlen,The Indomitable,th
A taktikus koronája,Tactician's Crown,th
A titán elszántsága,Titan's Resolve,th
A torony,The Tower,th
A végjáték szakértője,Late Game Specialist,th
A vízköpő sziklavértje,Gargoyle Stoneplate,th
AFK,AFK,th
Aatrox,Aatrox,th
Abbonamento di lusso,Luxury Subscription,th
Abbraccio di gruppo,Group Hug,th
Abendschleier,Evenshroud,th
Abo-Service,Subscription Service,th
Abonament,Subscription Service,th
Abonament de lux,Luxury Subscription,th
Abondance de baguettes,Wand Overflow,th
Abondance de ceintures,Belt Overflow,th
Abondance de glaives,Sword Overflow,th
Abonelik Hizmeti,Subscription Service,th
Abonnement,Subscription Service,th
Abonnement premium,Luxury Subscription,th
Abra o Caminho,Carve a Path,th
Abrazo Grupal,Group Hug,th
Abrazo grupal,Group Hug,th
Abraço Coletivo,Group Hug,th
Absurdalnie Wielka Różdżka,Needlessly Large Rod,th
Abwesend,AFK,th
Accelerator mecanic,Clockwork Accelerator,th
Acceleratore meccanico,Clockwork Accelerator,th
Accetta infernale,Hellfire Hatchet,th
Acciaio brillante,Gilded Steel,th
Accélérateur mécanique,Clockwork Accelerator,th
Acelerador Mecanizado,Clockwork Accelerator,th
Acelerador Mecánico,Clockwork Accelerator,th
Acelerador de relojería,Clockwork Accelerator,th
Acero Dorado,Gilded Steel,th
Acero dorado,Gilded Steel,th
Achat 3 étoiles,Construct a Companion,th
Acier doré,Gilded Steel,th
Actualiza sin parar,Rolling for Days,th
Acumular,Going Long,th
Acélszív,Heart of Steel,th
Adagas Oscilantes,Flickerblades,th
Adaletin Eli,Hand Of Justice,th
Adaletin Yumruğu,Retribution,th
Adaptive Helm,Adaptive Helm,th
Adaptiver Helm,Adaptive Helm,th
Adaptív sisak,Adaptive Helm,th
Addestramento da Guardia del corpo,Bodyguard Training,th
Adiestramiento de guardaespaldas,Bodyguard Training,th
Advanced Loan,Advanced Loan,th
Aegis of Dawn,Aegis of Dawn,th
Aegis of Dusk,Aegis of Dusk,th
Agujero negro en miniatura,Mini Black Hole,th
Ahri aurája,Ahri's Aura,th
Ahri áldása,Ahri's Boon,th
Ahri'nin Haresi,Ahri's Aura,th
Ahri'nin Lütfu,Ahri's Boon,th
Ahri's Aura,Ahri's Aura,th
Ahri's Boon,Ahri's Boon,th
Ahris Aura,Ahri's Aura,th
Ahris Segen,Ahri's Boon,th
Ahřin dar,Ahri's Boon,th
Ahřina aura,Ahri's Aura,th
Ajándékcsomag,Care Package,th
Akali,Akali,th
Akan Gözyaşları,Flowing Tears,th
Akcelerator Nakręcanego,Clockwork Accelerator,th
Aklın Sonu,Wit's End,th
Aktualisierungstaumel,Rolling for Days,th
Akıllı Harcama,Wise Spending,th
Al Filo de la Cordura,Wit's End,th
Alacakaranlık Kalkanı,Aegis of Dusk,th
Alakzatba,Lineup,th
Alba di Silvermere,Silvermere Dawn,th
Alcance as Estrelas,Reach for the Stars,th
Alege caracteristica,เลือกคุณสมบัติ,th
Alevleri Körükle,Feed the Flames,th
Alfanje Espectral,Spectral Cutlass,th
Aliado do Protetor,Caretaker's Ally,th
Alianza del Guardián,Caretaker's Ally,th
Alianza del protector,Caretaker's Ally,th
Aliatul îngrijitorului,Caretaker's Ally,th
Alimenta las Llamas,Feed the Flames,th
Alimentad las llamas,Feed the Flames,th
Alimentare le fiamme,Feed the Flames,th
Alimente as Chamas,Feed the Flames,th
Alineación,Lineup,th
Aliniere,Lineup,th
Alkatrészes zsák,Item Grab Bag,th
Alleato del custode,Caretaker's Ally,th
Allumer le feu,Feed the Flames,th
Alma da Festa,Party Animal,th
Alta Voltagem,High Voltage,th
Alta tensione,High Voltage,th
Alto Voltaje,High Voltage,th
Alto voltaje,High Voltage,th
Altın Ejder,The Golden Dragon,th
Altın Riski,Golden Gamble,th
Altın Yumurta,The Golden Egg,th
Alvorada de Pratânia,Silvermere Dawn,th
Aléatoire jacta est,Branching Out,th
Aléatoirement vôtre,Duo Queue,th
Alışveriş Çılgınlığı,Shopping Spree,th
Amanecer Plateado,Silvermere Dawn,th
Amanecer de Meraplata,Silvermere Dawn,th
Ami sur mesure,Forge a Friend,th
Amico dei Mippi,Meeple,th
Amico fai-da-te,Build a Bud,th
Amigos a medida,Build a Bud,th
Amiguinhos,Little Buddies,th
Amiguitos,Little Buddies,th
Amulet Vyzdvižení,Talisman Of Ascension,th
Amulett der eisernen Solari,Locket of the Iron Solari,th
Amulett des Aufstiegs,Talisman Of Ascension,th
An Exalted Adventure,An Exalted Adventure,th
Ana Karaktere Bir Şey Olmaz,Plot Armor,th
Andare per le lunghe,Going Long,th
Angajament solid,Hard Commit,th
Ani Büyüme,Explosive Growth,th
Anima,Anima,th
Anima Amblemi,Anima Emblem,th
Anima Commander,Anima Commander,th
Anima Emblem,Anima Emblem,th
Anima Komutanı,Anima Commander,th
Anima-Emblem,Anima Emblem,th
Anima-Kommandant,Anima Commander,th
Animale da festa,Party Animal,th
Animalia,Anima,th
Antrenamentul gărzii de corp,Bodyguard Training,th
Anı Yaşa,Slammin',th
Apariencia Espiritual,Spirit Visage,th
Apocaliptic,Doomer,th
Aposta em Ouro,Golden Gamble,th
Apoteotická kovárna,Apotheotic Forge,th
Apotheotic Forge,Apotheotic Forge,th
Appel du chaos,Call to Chaos,th
Aprendizados Iniciais,Early Learnings,th
Aprendizaje inicial,Early Learnings,th
Aprire un passaggio,Carve a Path,th
Apró cimborák,Little Buddies,th
Apró titánok,Tiny Titans,th
Apuesta Dorada,Golden Gamble,th
Apuesta dorada,Golden Gamble,th
Apunta a las Estrellas,Reach for the Stars,th
Apunta a las estrellas,Reach for the Stars,th
Apărător,Vanguard,th
Aradığını Bul,Just Hit,th
Arakla,Pilfer,th
Araldo di Zeke,Zeke's Herald,th
Aranyjátszma,Golden Gamble,th
Arauto Desolador de Zeke,Zeke's Bleak Herald,th
Arauto de Zeke,Zeke's Herald,th
Arbiter,Arbiter,th
Arbiter Emblem,Arbiter Emblem,th
Arbitro,Arbiter,th
Arbitrzy,Arbiter,th
Arc courbe,Recurve Bow,th
Arc încovoiat,Recurve Bow,th
Arcane Vidor Viktor,Arcane Viktor-y,th
Arcane Viktor-y,Arcane Viktor-y,th
Arcane ビクタリー,Arcane Viktor-y,th
Arcane-Viktor-y,Arcane Viktor-y,th
Arcaniquement Viktor-ieux,Arcane Viktor-y,th
Archandělova hůl,Archangel's Staff,th
Archangel's Staff,Archangel's Staff,th
Archi da supporto,Backup Bows,th
Archibugio a ripetizione,Rapid Firecannon,th
Arco Recurvado,Recurve Bow,th
Arco Recurvo,Recurve Bow,th
Arco curvo,Recurve Bow,th
Arco ricurvo,Recurve Bow,th
Arcos Reserva,Backup Bows,th
Arcos de Repuesto,Backup Bows,th
Arcos de refuerzo,Backup Bows,th
Arcs à gogo,Backup Bows,th
Arcuri de rezervă,Backup Bows,th
Argento vivo,Quicksilver,th
Argint viu,Quicksilver,th
Argogranchio,Rift Scuttler,th
Arka Sıra Savunması,Backline Blueprint,th
Arkangyal pálcája,Archangel's Staff,th
Arma un Amigo,Build a Bud,th
Armado máximo,Max Build,th
Armadura Improvisada,Makeshift Armor,th
Armadura Pétrea,Gargoyle Stoneplate,th
Armadura de Warmog,Warmog's Armor,th
Armadura de trama,Plot Armor,th
Armadura improvisada,Makeshift Armor,th
Armaguarda da Caçadora,Seeker's Armguard,th
Armatura di Warmog,Warmog's Armor,th
Armatura improvvisata,Makeshift Armor,th
Armschutz des Suchenden,Seeker's Armguard,th
Armura lui Warmog,Warmog's Armor,th
Armure de Warmog,Warmog's Armor,th
Armure improvisée,Makeshift Armor,th
Armure roncière,Bramble Vest,th
Armurier,Swordsmith,th
Armură improvizată,Makeshift Armor,th
Aronguejo,Rift Scuttler,th
Arta atacului lui Yasuo,Yasuo's Bladework,th
Artefacts à la rescousse,Forged in Strength,th
Artesanía Creativa,Crafted Crafting,th
Artiglio del drago,Dragon's Claw,th
Artiglio del predatore,Prowler's Claw,th
Aruncare magică,A Magic Roll,th
Arındırıcı,Redeemer,th
Asalto de Componentes,Component Heist,th
Ascender de Posición,Climb The Ladder,th
Ascension,Ascension,th
Ascension partielle,Partial Ascension,th
Ascension sociale,Upward Mobility,th
Ascensione,Ascension,th
Ascensione parziale,Partial Ascension,th
Ascensiune,Ascension,th
Ascensiune socială,Upward Mobility,th
Ascensión,Ascension,th
Ascensión parcial,Partial Ascension,th
Ascenso,Ascension,th
Ascenso social,Upward Mobility,th
Ascensão,Ascension,th
Ascensão Parcial,Partial Ascension,th
Asesinato Doble Veloz,Speedy Double Kill,th
Asesinato doble veloz,Speedy Double Kill,th
Asesino a Sueldo,Contract Killer,th
Asesino a sueldo,Contract Killer,th
Aspoň k něčemu,Good For Something,th
Assassinato Indiscriminado,Indiscriminate Killer,th
Assinatura de Luxo,Luxury Subscription,th
Astral,Stargazer,th
Astro-groove,Space Groove,th
Astromante,Stargazer,th
Astronomo,Stargazer,th
At What Cost,At What Cost,th
Atalho à Vitória,Win Out,th
Atirador de Elite,Sniper,th
Atributo elegido,เลือกคุณสมบัติ,th
Attente récompensée,Worth the Wait,th
Attribut wählen,เลือกคุณสมบัติ,th
Atualização Épica,Epic Rolldown,th
Atılgan,Challenger,th
Atılgan Amblemi,Challenger Emblem,th
Atılgan Modu,Challenger Mode,th
Au bout du rouleau,Wit's End,th
Aube de Haut-Lac-d'Argent,Silvermere Dawn,th
Auf lange Sicht,Going Long,th
Aufschwung,Second Wind,th
Aufstellung,Lineup,th
Aufstieg,Ascension,th
Auftragsmörder,Contract Killer,th
Aufwärtsmobilität,Upward Mobility,th
Augmented Power,Augmented Power,th
Augmentierte Macht,Augmented Power,th
Augmentovaná síla,Augmented Power,th
Aulas de Boxe,Boxing Lessons,th
Aumento di livello in solitaria,Solo Leveling,th
Aumento di livello!,Level Up!,th
Aura Ahri,Ahri's Aura,th
Aura Farming,Aura Farming,th
Aura d'Ahri,Ahri's Aura,th
Aura de Ahri,Ahri's Aura,th
Aura di Ahri,Ahri's Aura,th
Aura lui Ahri,Ahri's Aura,th
Aura-farmen,Aura Farming,th
Aurafarmolás,Aura Farming,th
Aurelion Sol,Aurelion Sol,th
Aurelion Sol áldása,Aurelion Sol's Boon,th
Aurelion Sol's Boon,Aurelion Sol's Boon,th
Aurelion Sol'ün Lütfu,Aurelion Sol's Boon,th
Aurelion Sols Segen,Aurelion Sol's Boon,th
Aurelion Solův dar,Aurelion Sol's Boon,th
Auronúcleo,Dawncore,th
Aurora,Aurora,th
Avanguardia,Vanguard,th
Avaricia,Money Hungry,th
Aventura Exaltada,An Exalted Adventure,th
Avidité,Money Hungry,th
Avènement des deux,Two Much Value,th
Awans,Upward Mobility,th
Awansujesz!,Level Up!,th
Az Alkony égisze,Aegis of Dusk,th
Az Oltalmazó esküje,Protector's Vow,th
Az adottságfa,The Trait Tree,th
Az adottságok könyve,Tome of Traits,th
Az aranysárkány,The Golden Dragon,th
Az aranytojás,The Golden Egg,th
Az erő itala,Cappa Juice,th
Az igazság ökle,Hand Of Justice,th
Az iron solarik medálja,Locket of the Iron Solari,th
Az istenek kohója,Apotheotic Forge,th
Az Üresség botja,Void Staff,th
Az éj kardja,Edge of Night,th
Az óriás öve,Giant's Belt,th
Azami Dizilim,Max Build,th
Azzardo di Urf,Urf's Gambit,th
Aço Áureo,Gilded Steel,th
Aşırı Büyük Sopa,Needlessly Large Rod,th
B.F. Sword,B.F. Sword,th
B.F. 대검,B.F. Sword,th
B.F.ソード,B.F. Sword,th
"BEZ ZWIADU, BEZ ZMIAN",NO SCOUT NO PIVOT,th
BF Glaive,B.F. Sword,th
BRAK AKTYWNOŚCI,AFK,th
Bac de recyclage,Salvage Bin,th
Backline Blueprint,Backline Blueprint,th
Backup Bows,Backup Bows,th
Bagarreur,Brawler,th
Baguette trop grosse,Needlessly Large Rod,th
Baguettes à gogo,Continuous Conjuration,th
Bahne dir den Weg,Carve a Path,th
Bajkeverő,Brawler,th
Bajkeverő embléma,Brawler Emblem,th
Bajkeverők,Misfits,th
Bajo el mismo foco de Yasuo,Yasuo's Share The Spotlight,th
Baluardo,Bulwark,th
Baluarte,Bulwark,th
Bam!,Bonk!,th
Banc de Pandore,Pandora's Bench,th
Banca Pandorei,Pandora's Bench,th
Banca de Pandora,Pandora's Bench,th
Band of Thieves,Band of Thieves,th
Band of Thieves II,Band of Thieves II,th
Banda Złodziejaszków,Band of Thieves,th
Banda Złodziejaszków II,Band of Thieves II,th
Banda de Ladrones,Band of Thieves,th
Banda de Ladrones II,Band of Thieves II,th
Banda di ladri,Band of Thieves,th
Banda di ladri II,Band of Thieves II,th
Bande de voleurs,Band of Thieves,th
Bande de voleurs II,Band of Thieves II,th
Bandito,Rogue,th
Bando de Ladrões,Band of Thieves,th
Bando de Ladrões II,Band of Thieves II,th
Bandă de tâlhari,Band of Thieves,th
Bandă de tâlhari II,Band of Thieves II,th
Bani de buzunar,Lunch Money,th
Banquillo de Pandora,Pandora's Bench,th
Bard,Bard,th
Bardo,Bard,th
Baricadă,Bulwark,th
Barkácsolt barkácsolás,Crafted Crafting,th
Baron verme,Baron's Lair,th
Baron's Lair,Baron's Lair,th
Baron'un İni,Baron's Lair,th
Baronovo doupě,Baron's Lair,th
Bastion,Bastion,th
Bastion Emblem,Bastion Emblem,th
Bastion-Emblem,Bastion Emblem,th
Bastione,Bastion,th
Bastião,Bastion,th
Bastión,Bastion,th
Bastone colossale,Needlessly Large Rod,th
Bastone del Vuoto,Void Staff,th
Bastão Desnecessariamente Grande,Needlessly Large Rod,th
Bastón del Vacío,Void Staff,th
Bastón del arcángel,Archangel's Staff,th
Bastón del serafín,Seraphim's Staff,th
Baue einen Begleiter,Build a Bud,th
Baue einen Begleiter,Construct a Companion,th
Baza avangardei,Frontline Foundation,th
Başmelek Asası,Archangel's Staff,th
Bašta,Bastion,th
Becsapódás,Slammin',th
Beklemeye Değer,Worth the Wait,th
Beklenen Beklenmezlik,Expected Unexpectedness,th
Bel'Veth,Bel'Veth,th
Belt Overflow,Belt Overflow,th
Ben Tek Siz Hepiniz,Solo Leveling,th
Bendecido por los Dioses,God-Blessed,th
Bendición de Ahri,Ahri's Boon,th
Bendición de Aurelion Sol,Aurelion Sol's Boon,th
Bendición de Ekko,Ekko's Boon,th
Bendición de Evelynn,Evelynn's Boon,th
Bendición de Kayle,Kayle's Boon,th
Bendición de Resurrección,Boon of Resurrection,th
Bendición de Soraka,Soraka's Boon,th
Bendición de Thresh,Thresh's Boon,th
Bendición de Varus,Varus's Boon,th
Bendición de Yasuo,Yasuo's Boon,th
Bendición de la chatarra,Boon of the Scrapper,th
Bendición del Chatarrero,Boon of the Scrapper,th
Bendito por los dioses,God-Blessed,th
Benedetto dagli dei,God-Blessed,th
Benlik Aynası,Mirrored Persona,th
Berechneter Verlust,Calculated Loss,th
Berger,Shepherd,th
Besace d'Urf,Urf's Grab Bag,th
Besace héroïque,Heroic Grab Bag,th
Best Friends,Best Friends,th
Beste Freunde,Best Friends,th
Bestia fiestera,Party Animal,th
Betervezett veszteség,Calculated Loss,th
Bevásárló körút,Shopping Spree,th
Bezwzględny Zabójca,Indiscriminate Killer,th
Big Bang,The Big Bang,th
Big Grab Bag,Big Grab Bag,th
Biglietto prismatico,Prismatic Ticket,th
Bilet prismatic,Prismatic Ticket,th
Bileşen Eşya Soygunu,Component Heist,th
Bilhete Prismático,Prismatic Ticket,th
Bilişsel Patlama,Cognitive Overload,th
Bilişsel Vergi,Cognitive Tax,th
Billete prismático,Prismatic Ticket,th
Bindende Verpflichtung,Hard Commit,th
Binecuvântat de zei,God-Blessed,th
Biomassebewahrer,Biomatter Preserver,th
Biomassza-megőrző,Biomatter Preserver,th
Biomatter Preserver,Biomatter Preserver,th
Bir Yol Çiz,Carve a Path,th
Bir İki Üç,One Two Three,th
"Bir, İki, Beş!","One, Two, Five!",th
Birikim Hesabı,Savings Account,th
Birlikten Kuvvet Doğar,Stand United,th
Birliğin Gücü,We Stick Together,th
Birthday Present,Birthday Present,th
Birthday Reunion,Birthday Reunion,th
Biyomalzeme Koruyucusu,Biomatter Preserver,th
Biztos győzelem,Win Out,th
Blason de Zeke,Zeke's Herald,th
Blason des Lightshield,Lightshield Crest,th
Blason lugubre de Zeke,Zeke's Bleak Herald,th
Blasón de Escudo de luz,Lightshield Crest,th
Blauer Buff,Blue Buff,th
Blaupause für die hintere Reihe,Backline Blueprint,th
Blazonul Lightshield,Lightshield Crest,th
Blazonul solarilor de fier,Locket of the Iron Solari,th
Blighting Jewel,Blighting Jewel,th
Blikavé čepele,Flickerblades,th
Blitzcrank,Blitzcrank,th
Bliźniaczy Strażnicy,Twin Guardians,th
Blood Offering,Blood Offering,th
Blood Price,Blood Price,th
Bloodthirster,Bloodthirster,th
Blue Buff,Blue Buff,th
Blutdürster,Bloodthirster,th
Blutopfer,Blood Offering,th
Blutzoll,Blood Price,th
Bluźnierczy Bożek,Forbidden Idol,th
Bodyguard Training,Bodyguard Training,th
Bogini Broni,Gun Goddess,th
Bokormellény,Bramble Vest,th
Boks Dersi,Boxing Lessons,th
Bokszkesztyű,Sparring Gloves,th
Bokszlecke,Boxing Lessons,th
Boleto Prismático,Prismatic Ticket,th
Bollwerk,Bulwark,th
Bolsa de Objetos,Item Grab Bag,th
Bolsa de Sorpresas Heroica,Heroic Grab Bag,th
Bolsa de Sorpresas Pequeña,Small Grab Bag,th
Bolsa de Sorpresas de Urf,Urf's Grab Bag,th
Bolsa de Sorpresas grande,Big Grab Bag,th
Bolsa sorpresa de Urf,Urf's Grab Bag,th
Bolsa sorpresa de objetos,Item Grab Bag,th
Bolsa sorpresa grande,Big Grab Bag,th
Bolsa sorpresa heroica,Heroic Grab Bag,th
Bolsa sorpresa pequeña,Small Grab Bag,th
Bombardıman Topu,Rapid Firecannon,th
Boneco de Treinamento,Training Dummy,th
Bonecos de Impacto,Crash Test Dummies,th
Bonk!,Bonk!,th
Bonk !,Bonk!,th
Boon of Resurrection,Boon of Resurrection,th
Boon of the Scrapper,Boon of the Scrapper,th
Boong!,Bonk!,th
Booster,Booster Pack,th
Booster Pack,Booster Pack,th
Booster-Packung,Booster Pack,th
Boostery,Booster Pack,th
Borsa degli oggetti,Item Grab Bag,th
Borsa di Urf,Urf's Grab Bag,th
Borsa eroica,Heroic Grab Bag,th
Borsa grande,Big Grab Bag,th
Borsa piccola,Small Grab Bag,th
Boscy Pojedynkowicze,Divine Duelist,th
Boshafte Monetarisierung,Malicious Monetization,th
Boska Kuźnia,Apotheotic Forge,th
Bote de Segunda Mano,Salvage Bin,th
Botkovács,Staffsmith,th
Bouclier du Tacticien,Tactician's Shield,th
Boxeador Profesional,Prizefighter,th
Boxing Lessons,Boxing Lessons,th
Boxunterricht,Boxing Lessons,th
Boyut Önemli,Size Matters,th
Božská pistolnice,Gun Goddess,th
Božský duelista,Divine Duelist,th
Bramble Vest,Bramble Vest,th
Branching Out,Branching Out,th
Bratpfanne,Frying Pan,th
Brawler,Brawler,th
Brawler Emblem,Brawler Emblem,th
Brazalete de la buscadora,Seeker's Armguard,th
Briar,Briar,th
Brigand,Marauder,th
Brise-temps,Timebreaker,th
Bronce de por Vida,Bronze For Life,th
Bronce de por vida,Bronze For Life,th
Bronz mindörökké II.,Bronze For Life,th
Bronz nad zlato,Bronze For Life,th
Bronz pentru totdeauna,Bronze For Life,th
Bronzdan Şaşma,Bronze For Life,th
Bronze For Life,Bronze For Life,th
Bronze pour la vie,Bronze For Life,th
Bronze é Vida,Bronze For Life,th
Bronzo per la vita,Bronze For Life,th
Brylantowa Rękawica,Jeweled Gauntlet,th
Brylantowy Lotos,Jeweled Lotus,th
Brățara căutătorului,Seeker's Armguard,th
Bu Taç Ağır,Heavy Is the Crown,th
Bubuilă,Fishbones,th
Bucătăria tacticianului,Tactician's Kitchen,th
Bueno para Algo,Good For Something,th
Buff bleu,Blue Buff,th
Buff blu,Blue Buff,th
Buff rosso,Red Buff,th
Buff rouge,Red Buff,th
Buff-ul albastru,Blue Buff,th
Buff-ul roșu,Red Buff,th
Buffs à gogo,"One Buff, Two Buff",th
Buget înțelept,Wise Spending,th
Build a Bud,Build a Bud,th
Build maxim,Max Build,th
Bulwark,Bulwark,th
Burattino d'ombra,Shadow Puppet,th
Burguesía,Silver Spoon,th
Buried Treasure,Buried Treasures,th
Buried Treasures,Buried Treasures,th
Bustina,Booster Pack,th
Butin aléatoire,"One, Two, Five!",th
Butin funéraire,Good For Something,th
Butin varié,Just Hit,th
Buzduganul înaintașului,Striker's Flail,th
Bušení,Slammin',th
Bài Học Sơ Khai,Early Learnings,th
Bàn Tay Công Lý,Hand Of Justice,th
Báculo del Arcángel,Archangel's Staff,th
Báculo del Serafín,Seraphim's Staff,th
Báculo del Vacío,Void Staff,th
Bán Thăng Hoa,Partial Ascension,th
Báo Oán,Retribution,th
Bástya,Bulwark,th
Bârlogul Baronului,Baron's Lair,th
Bâton angélique,Seraphim's Staff,th
Bâton de l'archange,Archangel's Staff,th
Bâton du vide,Void Staff,th
Bão Tố Luden,Luden's Tempest,th
Bão Vàng,Money Monsoon,th
Béni des dieux,God-Blessed,th
Bénédiction d'Ahri,Ahri's Boon,th
Bénédiction d'Aurelion Sol,Aurelion Sol's Boon,th
Bénédiction d'Ekko,Ekko's Boon,th
Bénédiction d'Evelynn,Evelynn's Boon,th
Bénédiction de Kayle,Kayle's Boon,th
Bénédiction de Soraka,Soraka's Boon,th
Bénédiction de Thresh,Thresh's Boon,th
Bénédiction de Varus,Varus's Boon,th
Bénédiction de Yasuo,Yasuo's Boon,th
Bénédiction de résurrection,Boon of Resurrection,th
Bénédiction du Ferrailleur,Boon of the Scrapper,th
Bérgyilkos,Contract Killer,th
Bête de scène,Party Animal,th
Bóng Phân Thân,Shadow Puppet,th
Bùa Thăng Hoa,Talisman Of Ascension,th
Bùa Xanh,Blue Buff,th
Bùa Đỏ,Red Buff,th
Büyük Dönüş,Comeback Story,th
Büyük Patlama,The Big Bang,th
Büyük Çekiliş,Big Grab Bag,th
Büyülü Zarlar,A Magic Roll,th
Băng Trộm,Band of Thieves,th
Băng Trộm II,Band of Thieves II,th
Bătăuș,Brawler,th
Běž do toho,Just Hit,th
Błogosławieni,God-Blessed,th
Błogosławieństwo Rozrabiaki,Boon of the Scrapper,th
Błogosławiona Przygoda,An Exalted Adventure,th
Bước Đột Phá,Critical Success,th
Bạn Thân,Best Friends,th
Bảo Hộ Vô Tận,Infinity Protection,th
Bảo Tồn Sinh Chất,Biomatter Preserver,th
Bất Khuất,The Indomitable,th
Bắn Tỉa,Sniper,th
Bộ Ba Hoàn Hảo,Trifecta,th
Bừa Bộn,Cluttered Mind,th
Caccia al tesoro,Treasure Hunt,th
Cacciatore galattico,Galaxy Hunter,th
Cadeau d'anniversaire,Birthday Present,th
Cadou aniversar,Birthday Present,th
Caitlyn,Caitlyn,th
Cajado de Serafim,Seraphim's Staff,th
Cajado do Arcanjo,Archangel's Staff,th
Cajado do Vazio,Void Staff,th
Calculated Loss,Calculated Loss,th
Calea războiului,Warpath,th
Calibrador de Sterak,Sterak's Gage,th
Calice de puissance,Chalice of Power,th
Calice del potere,Chalice of Power,th
Call to Chaos,Call to Chaos,th
Cambiazo épico,Epic Rolldown,th
Cambio epico,Epic Rolldown,th
Cambio eterno,Rolling for Days,th
Caminho da Guerra,Warpath,th
Can Dostları,Best Friends,th
Can Trường,Bastion,th
Canaglia radiosa,Radiant Rascal,th
Canalisateur,Conduit,th
Canalizador,Conduit,th
Cangrejo Escurridizo,Rift Scuttler,th
Canhão Fumegante,Rapid Firecannon,th
Canhão de Vidro,Glass Cannon,th
Cannone di cristallo,Glass Cannon,th
Canon de verre,Glass Cannon,th
Canon ultrarapide,Rapid Firecannon,th
Capa Mercurial,Quicksilver,th
Capa Negatron,Negatron Cloak,th
Capa de Estratega,Tactician's Cape,th
Capa de Fogo Solar,Sunfire Cape,th
Capa de Fuego Solar,Sunfire Cape,th
Capa de Negatrones,Negatron Cloak,th
Capa de estratega,Tactician's Cape,th
Capa de fuego solar,Sunfire Cape,th
Capa do Estrategista,Tactician's Cape,th
Capa negatrón,Negatron Cloak,th
Cape du Tacticien,Tactician's Cape,th
Cape solaire,Sunfire Cape,th
Cappa Juice,Cappa Juice,th
Cappa-Trank,Cappa Juice,th
Cappelli più letali,Deadlier Caps,th
Caprichitos,Sweet Treats,th
Capuz da Morte de Rabadon,Rabadon's Deathcap,th
Capuzes Mais Mortais,Deadlier Caps,th
Carapateur,Rift Scuttler,th
Carapescado,Fishbones,th
Care Package,Care Package,th
Caretaker's Ally,Caretaker's Ally,th
Carga Elétrica,Electrocharge,th
Carve a Path,Carve a Path,th
Casa Dourada do Yasuo,Yasuo's Golden Hex,th
Casque adaptatif,Adaptive Helm,th
Castigo,Retribution,th
Catastrofista,Doomer,th
Cazador galáctico,Galaxy Hunter,th
Cazagalaxias,Galaxy Hunter,th
Cazatesoros,Treasure Hunt,th
Caça ao Tesouro,Treasure Hunt,th
Caçador de Galáxia,Galaxy Hunter,th
Cañón de Cristal,Glass Cannon,th
Cañón de Fuego Rápido,Rapid Firecannon,th
Cañón de fuego rápido,Rapid Firecannon,th
Całun Bezruchu,Shroud of Stillness,th
Cecchino,Sniper,th
Cehennem Ateşi Baltası,Hellfire Hatchet,th
Cei mai buni prieteni,Best Friends,th
Ceinture du géant,Giant's Belt,th
Cena Krwi,Blood Price,th
Cena pro vítěze,Prizefighter,th
Cengâver Onuru,Warlord's Honor,th
Cenny Wojownik,Prizefighter,th
Cenná posila,ReinFOURcement,th
Centelha Iônica,Ionic Spark,th
Centre d'excellence,Find Your Center,th
Cetro Vampírico Corrompido,Corrupt Vampiric Scepter,th
Cetro Vampírico Corrupto,Corrupt Vampiric Scepter,th
Cetro vampírico corrupto,Corrupt Vampiric Scepter,th
Chain Vest,Chain Vest,th
Chaleco de cadenas,Chain Vest,th
Chaleco de zarzas,Bramble Vest,th
Chalice of Power,Chalice of Power,th
Challenger,Challenger,th
Challenger Emblem,Challenger Emblem,th
Challenger Mode,Challenger Mode,th
Chamado ao Caos,Call to Chaos,th
Champion en kit,Build a Bud,th
Chaotischer Geist,Cluttered Mind,th
Chapardage,Pilfer,th
Charge Transfer,Charge Transfer,th
Charge cognitive,Cognitive Tax,th
Chasse au trésor,Treasure Hunt,th
Chasseur galactique,Galaxy Hunter,th
Chciwość,Money Hungry,th
Che il Quattro sia con te,May the Fours Be With You,th
Chemarea haosului,Call to Chaos,th
Chispa Iónica,Ionic Spark,th
Chispa iónica,Ionic Spark,th
Chiêm Tinh,Stargazer,th
Chiến Lũy,Bulwark,th
Chiến Tướng Khải Hoàn,Warlord's Honor,th
Chmaták,Hustler,th
Cho'Gath,Cho'Gath,th
Choisissez un type,เลือกคุณสมบัติ,th
Choose Trait,เลือกคุณสมบัติ,th
"Chora, me liga",Cry Me A River,th
Choristes,Little Buddies,th
Chrličův kamenný plát,Gargoyle Stoneplate,th
Chuyển Đổi Năng Lượng,Charge Transfer,th
Chuyện Đời Thường,Slice of Life,th
Chuộc Tội,Redeemer,th
Chytrý nákup,Wise Spending,th
Chùy Bạch Ngân,Silvermere Dawn,th
Chùy Đoản Côn,Striker's Flail,th
Chảo Vàng,Frying Pan,th
Chất Bán Dẫn,Semiconductor,th
Chế Tạo Bằng Hữu,Forge a Friend,th
Chế Tạo Tại Chỗ,Living Forge,th
Chế Độ Dẫn Truyền,Conduit Mode,th
Chế Độ Nhân Bản,Replicator Mode,th
Chế Độ Thách Đấu,Challenger Mode,th
Chỉ Huy,Commander,th
Chỉ Huy Siêu Thú,Anima Commander,th
Chỉ Một Con Đường,Hard Commit,th
Chọn Tộc/Hệ,เลือกคุณสมบัติ,th
Chờ Đợi Xứng Đáng,Worth the Wait,th
Cierpliwa Nauka,Patient Study,th
Cierpliwość Ekko,Ekko's Patience,th
Cierpliwość Jest Cnotą,Patience is a Virtue,th
Cimientos de Línea Frontal,Frontline Foundation,th
Cimientos de la vanguardia,Frontline Foundation,th
Cinto do Gigante,Giant's Belt,th
Cintura del gigante,Giant's Belt,th
Cinturón XL,Belt Overflow,th
Cinturón de Gigante,Giant's Belt,th
Cinturón de gigante,Giant's Belt,th
Clases de boxeo,Boxing Lessons,th
Clear Mind,Clear Mind,th
Cleptomanie,Firesale,th
Climb The Ladder,Climb The Ladder,th
Clockwork Accelerator,Clockwork Accelerator,th
Clone des ombres,Shadow Puppet,th
Cluttered Mind,Cluttered Mind,th
Cnota Męczennika,Virtue of the Martyr,th
Cocina de Estratega,Tactician's Kitchen,th
Cocina de estratega,Tactician's Kitchen,th
Cod roșu de lacrimi,Cry Me A River,th
Coda in duo,Duo Queue,th
Cognitive Overload,Cognitive Overload,th
Cognitive Tax,Cognitive Tax,th
Coif cameleonic,Adaptive Helm,th
Coiffe de Rabadon,Rabadon's Deathcap,th
Coiffes mortelles,Deadlier Caps,th
Coincidenze perse,Missed Connections,th
Cola Dúo,Duo Queue,th
Cola dúo,Duo Queue,th
Coleguis del curro,Team Building,th
Coleguitas,Little Buddies,th
Colete Espinhoso,Bramble Vest,th
Colher de Prata,Silver Spoon,th
Collegamento cibernetico,Cybernetic Uplink,th
Colpire e basta,Just Hit,th
Comandant,Commander,th
Comandante,Commander,th
Comandante Anima,Anima Commander,th
Comandante Animalia,Anima Commander,th
Comandante Ánima,Anima Commander,th
Comandatul Anima,Anima Commander,th
Combattente,Brawler,th
Combinație stelară,Stellar Combo,th
Combo Estelar,Stellar Combo,th
Combo estelar,Stellar Combo,th
Combo stellaire,Stellar Combo,th
Combo stellare,Stellar Combo,th
Comeback Story,Comeback Story,th
Comerț de bază,Commerce Core,th
Comienzo aventajado,Kick Start,th
Commandant d'Anima,Anima Commander,th
Commandante,Commander,th
Commander,Commander,th
Commerce Core,Commerce Core,th
Comori îngropate,Buried Treasures,th
Comparte los Reflectores con Yasuo,Yasuo's Share The Spotlight,th
Competitor,Challenger,th
Component Heist,Component Heist,th
Composants de guerre,Component Heist,th
Composição Máxima,Max Build,th
Compras compulsivas,Shopping Spree,th
Compromiso férreo,Hard Commit,th
Compromisso Sério,Hard Commit,th
Compte épargne,Savings Account,th
Concentration lointaine,Horizon Focus,th
Concentrazione dell'orizzonte,Horizon Focus,th
Condenador,Doomer,th
Conducto,Conduit,th
Conduit,Conduit,th
Conduit Mode,Conduit Mode,th
Conduíte,Conduit,th
Conexiones fallidas,Missed Connections,th
Conexiune cibernetică,Cybernetic Uplink,th
Conexiune cu drona,Drone Uplink,th
Conexión cibernética,Cybernetic Uplink,th
Conexión de dron,Drone Uplink,th
Conexión perdida,Missed Connections,th
Conexão Cibernética,Cybernetic Uplink,th
Conexão de Drone,Drone Uplink,th
Conexões Perdidas,Missed Connections,th
Configuración maximizada,Max Build,th
Configurazione massima,Max Build,th
Confusão Mental,Cluttered Mind,th
Conjuración continua,Continuous Conjuration,th
Conjuração Contínua,Continuous Conjuration,th
Conjuros Continuos,Continuous Conjuration,th
Connivence,Climb The Ladder,th
Conservare de biomaterial,Biomatter Preserver,th
Conservateur de biomatière,Biomatter Preserver,th
Conservatore di biomateria,Biomatter Preserver,th
Construct a Companion,Construct a Companion,th
Construiește un însoțitor,Construct a Companion,th
Construiește-ți un prieten,Build a Bud,th
Construye tu Compi,Construct a Companion,th
Construção de Companheiro,Construct a Companion,th
Consumo Consciente,Wise Spending,th
Cont de economii,Savings Account,th
Conta Poupança,Savings Account,th
Contendiente,Challenger,th
Contenedor de chatarra,Salvage Bin,th
Continuous Conjuration,Continuous Conjuration,th
Conto dei risparmi,Savings Account,th
Contract Killer,Contract Killer,th
Convogliatore,Conduit,th
Copacul caracteristicilor,The Trait Tree,th
Copricapo di Rabadon,Rabadon's Deathcap,th
Corazza singola,Solo Plate,th
Corazza spirituale,Spirit Visage,th
Corazón de Acero,Heart of Steel,th
Corazón de acero,Heart of Steel,th
Corazón del alba,Dawncore,th
Corazón resuelto,Steadfast Heart,th
Coração Inabalável,Steadfast Heart,th
Coração de Aço,Heart of Steel,th
Corki,Corki,th
Coroa do Amaldiçoado,Cursed Crown,th
Coroa do Estrategista,Tactician's Crown,th
Coroana blestemată,Cursed Crown,th
Coroana tacticianului,Tactician's Crown,th
Corona Maldita,Cursed Crown,th
Corona de Estratega,Tactician's Crown,th
Corona de estratega,Tactician's Crown,th
Corona dello Stratega,Tactician's Crown,th
Corona maldita,Cursed Crown,th
Corona maledetta,Cursed Crown,th
Corona reale,Crownguard,th
Coroziune,Corrosion,th
Corpetto di rovi,Bramble Vest,th
Corriente de Lágrimas,Flowing Tears,th
Corrosion,Corrosion,th
Corrosione,Corrosion,th
Corrosión,Corrosion,th
Corrosão,Corrosion,th
Corrupt Vampiric Scepter,Corrupt Vampiric Scepter,th
Cosmic Restart,Cosmic Restart,th
Costruisci un Compagno,Construct a Companion,th
Cota de Malha,Chain Vest,th
Cota de Malla,Chain Vest,th
Cotidiano,Slice of Life,th
Cotta di maglia,Chain Vest,th
Cotte de mailles,Chain Vest,th
Coup d'envoi,Kick Start,th
Coup de chance,Exclusive Customization,th
Couronne de la reine,Crownguard,th
Couronne du Tacticien,Tactician's Crown,th
Couronne maudite,Cursed Crown,th
Cours de soutien,Teaming Up,th
Covil do Barão,Baron's Lair,th
Cozinha do Estrategista,Tactician's Kitchen,th
Coș de recuperare,Salvage Bin,th
Crabul,Rift Scuttler,th
Crafted Crafting,Crafted Crafting,th
Crash Test Dummies,Crash Test Dummies,th
Crash Test Dummy,Crash Test Dummies,th
Crash-Test-Dummies,Crash Test Dummies,th
Crea un coleguita,Construct a Companion,th
Creazione artigianale,Crafted Crafting,th
Crecimiento Explosivo,Explosive Growth,th
Crecimiento explosivo,Explosive Growth,th
Creează o cale,Carve a Path,th
Creează un prieten,Forge a Friend,th
Crescendo aléatoire,Slice of Life,th
Crescimento Explosivo,Explosive Growth,th
Crescita a fine partita,Late Game Scaling,th
Crescita esplosiva,Explosive Growth,th
Cresta de Escudo de Luz,Lightshield Crest,th
Creștere explozivă,Explosive Growth,th
Creștere pe final de joc,Late Game Scaling,th
Creștere solo în nivel,Solo Leveling,th
Creștere în clasament,Climb The Ladder,th
Criação Engenhosa,Crafted Crafting,th
Critical Success,Critical Success,th
Croissance explosive,Explosive Growth,th
Crownguard,Crownguard,th
Cry Me A River,Cry Me A River,th
Csak jó valamire I.,Good For Something,th
Csapatkeresés,Teaming Up,th
Csapatépítés,Slice of Life,th
Csapatépítés,Team Building,th
Csekélyebb Perszónatükör,Lesser Mirrored Persona,th
Csereszektor,Trade Sector,th
Csillagfényes kombó,Stellar Combo,th
Csillagnéző,Stargazer,th
Csillagnéző embléma,Stargazer Emblem,th
Csillámpikkely-esszencia,Shimmerscale Essence,th
Cua Kỳ Cục,Rift Scuttler,th
Cuatrifuerzos,ReinFOURcement,th
Cuatro Refuerzos,ReinFOURcement,th
Cucchiaio d'argento,Silver Spoon,th
Cuchara de plata,Silver Spoon,th
Cuchilla Maldita,Cursed Blade,th
Cuchillas Raudas,Flickerblades,th
Cucina dello Stratega,Tactician's Kitchen,th
Cud Soraki,Soraka's Miracle,th
Cuenta con mi arco,You Have My Bow,th
Cuenta de Ahorros,Savings Account,th
Cuenta de ahorros,Savings Account,th
Cuisine du Tacticien,Tactician's Kitchen,th
Cung Dự Phòng,Backup Bows,th
Cung Gỗ,Recurve Bow,th
Cung Xanh,Last Whisper,th
Cuor saldo,Steadfast Heart,th
Cuore d'acciaio,Heart of Steel,th
Cureaua uriașului,Giant's Belt,th
Curele fără număr,Belt Overflow,th
Cursed Blade,Cursed Blade,th
Cursed Crown,Cursed Crown,th
Cuțit electrostatic,Statikk Shiv,th
Cuồng Đao Guinsoo,Guinsoo's Rageblade,th
Cuộc Phiêu Lưu Tôn Quý,An Exalted Adventure,th
Cuộc Viễn Chinh,Expedition,th
Cvičná loutka,Training Dummy,th
Cybernetic Implants,Cybernetic Implants,th
Cybernetic Uplink,Cybernetic Uplink,th
Cycle épique,Epoch,th
Czerwone Wzmocnienie,Red Buff,th
Czysty Umysł,Clear Mind,th
Częściowe Wyniesienie,Partial Ascension,th
Cái Giá Phải Trả,At What Cost,th
Cálice do Poder,Chalice of Power,th
Cáliz de Poder,Chalice of Power,th
Cáliz de poder,Chalice of Power,th
Câlin collectif,Group Hug,th
Cây Cung Thần Tốc,You Have My Bow,th
Cây Tộc Hệ,The Trait Tree,th
Céfiro,Zephyr,th
Célbefogó optika,Target-Lock Optics,th
Célébrité partagée de Yasuo,Yasuo's Share The Spotlight,th
Călător,Voyager,th
Cıva,Quicksilver,th
Cœur d'acier,Heart of Steel,th
Cœur de l'aube,Dawncore,th
Cœur intrépide,Steadfast Heart,th
Cơn Khát Vàng,Money Hungry,th
Cảm Quan Cấy Ghép,Sympathetic Implant,th
Cảm Thấy May Mắn,Feeling Lucky,th
Cấy Ghép Siêu Công Nghệ,Cybernetic Implants,th
Cầu Hồi Phục,Healing Orbs,th
Cắm Rễ Phân Tán,Spreading Roots,th
Cặp Đôi Siêu Cứng,Two Tanky,th
Cố Gắng Lật Kèo,Comeback Story,th
Cốc Sức Mạnh,Chalice of Power,th
Cộng Mệt Nghỉ!,Tons of Stats!,th
Cờ Lệnh Zeke U Ám,Zeke's Bleak Herald,th
Củng Cố Tuyến Trước,Frontline Foundation,th
C位的觉悟,Find Your Center,th
C位觉悟,Find Your Center,th
DD街区,Trade Sector,th
Daga de Statikk,Statikk Shiv,th
Daimi Yükseliş,Upward Mobility,th
Dallan Budaklan,Branching Out,th
Dama Oscura,Dark Lady,th
Dama das Trevas,Dark Lady,th
Dama oscura,Dark Lady,th
Dame sombre,Dark Lady,th
Dao Điện Statikk,Statikk Shiv,th
Dar Ahri,Ahri's Boon,th
Dar Aureliona Sola,Aurelion Sol's Boon,th
Dar Ekko,Ekko's Boon,th
Dar Evelynn,Evelynn's Boon,th
Dar Kayle,Kayle's Boon,th
Dar Soraki,Soraka's Boon,th
Dar Thresha,Thresh's Boon,th
Dar Varusa,Varus's Boon,th
Dar Yasuo,Yasuo's Boon,th
Dar cu ce preț,At What Cost,th
Dar vzkříšení,Boon of Resurrection,th
Dark Lady,Dark Lady,th
Dark Star,Dark Star,th
Dark Star Emblem,Dark Star Emblem,th
Das Warten wert,Worth the Wait,th
Das geht ab,On a Roll,th
Das goldene Ei,The Golden Egg,th
Dawncore,Dawncore,th
Dayanıklı Ön Sıra,Frontline Foundation,th
Daño indiscriminado,Indiscriminate Killer,th
De două ori mai câștigați,Two Much Value,th
De fiesta,Slammin',th
De gratis,Firesale,th
De milyen áron?,At What Cost,th
Dea delle Armi,Gun Goddess,th
Deadlier Blades,Deadlier Blades,th
Deadlier Caps,Deadlier Caps,th
Deathblade,Deathblade,th
Demasiado Valor,Two Much Value,th
Demir Solari'nin Broşu,Locket of the Iron Solari,th
Denge Örtüsü,Evenshroud,th
Dent de Nashor,Nashor's Tooth,th
Dente de Na'Shor,Nashor's Tooth,th
Dente di Nashor,Nashor's Tooth,th
Der Attributsbaum,The Trait Tree,th
Der Turm,The Tower,th
Der Unbeugsame,The Indomitable,th
Der Urknall,The Big Bang,th
Der Wille des Hammers,Mace's Will,th
Der goldene Drache,The Golden Dragon,th
Der mächtige Mecha,The Mighty Mech,th
Dernier souffle,Last Whisper,th
Derrota Planejada,Calculated Loss,th
Desafiante,Challenger,th
Desajustados,Misfits,th
Descarga Eléctrica,Electrocharge,th
Desejo da Maça,Mace's Will,th
Desesperación Eterna,Unending Despair,th
Desesperanza eterna,Unending Despair,th
Desespero Eterno,Unending Despair,th
Desmanche,Salvage Bin,th
Despertar da Alma,Soul Awakening,th
Despertar del Alma,Soul Awakening,th
Despertar del alma,Soul Awakening,th
Destansı Yenileme,Epic Rolldown,th
Deszcz Pieniędzy,Money Monsoon,th
Determinacja Kolosa,Titan's Resolve,th
Determinazione del titano,Titan's Resolve,th
Determinação Titânica,Titan's Resolve,th
Deux de moins,Speedy Double Kill,th
Dev Katili,Giant Slayer,th
Dev Kemeri,Giant's Belt,th
Devasa ve Güçlü,Giant and Mighty,th
Değişken Miğfer,Adaptive Helm,th
Di Vật Tàn Úa,Withered Relic,th
Diana,Diana,th
Die Legion der Drei,Legion of Threes,th
Diebesbande,Band of Thieves,th
Diebesbande II,Band of Thieves II,th
Diente de Nashor,Nashor's Tooth,th
Dikenli Yelek,Bramble Vest,th
Dinerito para el almuerzo,Lunch Money,th
Dinero del almuerzo,Lunch Money,th
Dintele lui Nashor,Nashor's Tooth,th
Diosa de las Pistolas,Gun Goddess,th
Diosa de las pistolas,Gun Goddess,th
Dirilme Lütfu,Boon of Resurrection,th
Disperare nemărginită,Unending Despair,th
Disperazione eterna,Unending Despair,th
Disruptor temporal,Timebreaker,th
Distracție în spațiu,Space Groove,th
Distribuição de Efeitos,"One Buff, Two Buff",th
Divinamente Abençoado,God-Blessed,th
Divine Duelist,Divine Duelist,th
Dizilim,Lineup,th
Diệt Khổng Lồ,Giant Slayer,th
Dlouhodobá investice,Going Long,th
Doamna întunecată,Dark Lady,th
Doble Tanque,Two Tanky,th
Dobra Passa,On a Roll,th
Doces Deleites,Sweet Treats,th
Dokuma Büyü,Woven Magic,th
Dolci,Sweet Treats,th
Don du gardien,Caretaker's Ally,th
Dono dell'aggiustatutto,Boon of the Scrapper,th
Dono della resurrezione,Boon of Resurrection,th
Dono di Ahri,Ahri's Boon,th
Dono di Aurelion Sol,Aurelion Sol's Boon,th
Dono di Ekko,Ekko's Boon,th
Dono di Evelynn,Evelynn's Boon,th
Dono di Kayle,Kayle's Boon,th
Dono di Soraka,Soraka's Boon,th
Dono di Thresh,Thresh's Boon,th
Dono di Varus,Varus's Boon,th
Dono di Yasuo,Yasuo's Boon,th
Doomer,Doomer,th
Doppia resistenza,Two Tanky,th
Doppia uccisione rapida,Speedy Double Kill,th
Dornenweste,Bramble Vest,th
Double Kill Veloz,Speedy Double Kill,th
Dowódca Anima,Anima Commander,th
Dowódcy,Commander,th
Doğum Günü Buluşması,Birthday Reunion,th
Doğum Günü Hediyesi,Birthday Present,th
Drachenklaue,Dragon's Claw,th
Dragon's Claw,Dragon's Claw,th
Dragonul auriu,The Golden Dragon,th
Dragão Dourado,The Golden Dragon,th
Dračí spár,Dragon's Claw,th
Dreifaltigkeit,Trifecta,th
Drobní titáni,Tiny Titans,th
"Drobní, ale vražední","Tiny, but Deadly",th
Drohnenverbindung,Drone Uplink,th
Dron Bağlantısı,Drone Uplink,th
Drone Uplink,Drone Uplink,th
Drone cablato,Drone Uplink,th
Dronová linka,Drone Uplink,th
Drugi Oddech,Second Wind,th
Druhý dech,Second Wind,th
Drzewo Cech,The Trait Tree,th
Drágaköves kesztyű,Jeweled Gauntlet,th
Drágaköves lótusz II.,Jeweled Lotus,th
Drónkapcsolat,Drone Uplink,th
Držíme pospolu,We Stick Together,th
Du Mục,Shepherd,th
Du hast meinen Bogen,You Have My Bow,th
Dublu asasinat rapid,Speedy Double Kill,th
Duch Odkupienia,Spirit of Redemption,th
Duch odplaty,Spirit of Redemption,th
Due volte il valore,Two Much Value,th
Duelist divin,Divine Duelist,th
Duelista Divino,Divine Duelist,th
Duelista divino,Divine Duelist,th
Duellante divino,Divine Duelist,th
Duelliste divine,Divine Duelist,th
Dulces Golosinas,Sweet Treats,th
Dummify,Dummify,th
Dunkle Dame,Dark Lady,th
Duo Queue,Duo Queue,th
Duo-Warteschlange,Duo Queue,th
Dupla érték,Two Much Value,th
Duplication,Max Build,th
Duplán szívós,Two Tanky,th
Durch Stärke geschmiedet,Forged in Strength,th
Durmadan Yenile,Rolling for Days,th
Dusze Towarzystwa,Party Animal,th
Duża Torba z Różnościami,Big Grab Bag,th
Dádiva da Ahri,Ahri's Boon,th
Dádiva da Evelynn,Evelynn's Boon,th
Dádiva da Kayle,Kayle's Boon,th
Dádiva da Ressurreição,Boon of Resurrection,th
Dádiva da Soraka,Soraka's Boon,th
Dádiva do Aurelion Sol,Aurelion Sol's Boon,th
Dádiva do Brigão,Boon of the Scrapper,th
Dádiva do Ekko,Ekko's Boon,th
Dádiva do Thresh,Thresh's Boon,th
Dádiva do Varus,Varus's Boon,th
Dádiva do Yasuo,Yasuo's Boon,th
Dárek k narozeninám,Birthday Present,th
Dárková taška s předměty,Item Grab Bag,th
Dárkový balíček,Care Package,th
Dây Chuyền Iron Solari,Locket of the Iron Solari,th
Dây Chuyền Tự Lực,Innervating Locket,th
Dämmerkern,Dawncore,th
Dämmerung von Silbersee,Silvermere Dawn,th
Déesse des flingues,Gun Goddess,th
Défaite planifiée,Calculated Loss,th
Dépense réfléchie,Wise Spending,th
Dés légèrement magiques,Slightly Magic Roll,th
Dés magiques,A Magic Roll,th
Désespoir,Doomer,th
Désespoir infini,Unending Despair,th
Détermination du titan,Titan's Resolve,th
Díszes acél,Gilded Steel,th
Dòng Tiền Mờ Ám,Malicious Monetization,th
Döntőbíró,Arbiter,th
Döntőbíró embléma,Arbiter Emblem,th
Dört Dörtlük,ReinFOURcement,th
Dört Seninle Olsun,May the Fours Be With You,th
Dövüşçü,Brawler,th
Dövüşçü Amblemi,Brawler Emblem,th
Dúo de tanques,Two Tanky,th
Dümenci,Hustler,th
Dẫn Truyền,Conduit,th
Dị Vật Tai Ương,Forbidden Idol,th
Dịch Vụ Gói Đăng Ký,Subscription Service,th
D个痛快！,Rolling for Days,th
Early Learnings,Early Learnings,th
Ebedi Anlaşma,Eternal Pact,th
Ebedi Koruma,Infinity Protection,th
Ebedi Kılıç,Infinity Edge,th
Ebédpénz,Lunch Money,th
Eccesso di bacchette,Wand Overflow,th
Eccesso di cinture,Belt Overflow,th
Eccesso di spade,Sword Overflow,th
Echi curativi,Mending Echoes,th
Ecos Reparadores,Mending Echoes,th
Ecos Restauradores,Mending Echoes,th
Ecos curativos,Mending Echoes,th
Ecouri tămăduitoare,Mending Echoes,th
Edge of Night,Edge of Night,th
Efecte secundare,Side Effects,th
Efectos Secundarios,Side Effects,th
Efectos secundarios,Side Effects,th
Efeito Azul,Blue Buff,th
Efeito Vermelho,Red Buff,th
Efeitos Colaterais,Side Effects,th
Efekty Uboczne,Side Effects,th
Effets secondaires,Side Effects,th
Effetti collaterali,Side Effects,th
Egida Zmierzchu,Aegis of Dusk,th
Egida del Crepuscolo,Aegis of Dusk,th
Egida dell'Aurora,Aegis of Dawn,th
Egida Świtu,Aegis of Dawn,th
"Egy erősítés, két erősítés","One Buff, Two Buff",th
"Egy, kettő, három",One Two Three,th
"Egy, kettő, öt!","One, Two, Five!",th
Egyenlepel,Evenshroud,th
Egységben az erő,Stand United,th
Egyujjas kesztyű,Mittens,th
Egyéni vért,Solo Plate,th
Ehre des Kriegsfürsten,Warlord's Honor,th
"Ein Buff, zwei Buff","One Buff, Two Buff",th
Ein Teil des Lebens,Slice of Life,th
Ein erhabenes Abenteuer,An Exalted Adventure,th
Ein magischer Wurf,A Magic Roll,th
Eindringling Zed,Invader Zed,th
Einfach treffen,Just Hit,th
Einkaufsbummel,Shopping Spree,th
"Einmal Bronze, immer Bronze",Bronze For Life,th
"Eins, zwei, drei",One Two Three,th
"Eins, zwei, fünf!","One, Two, Five!",th
Eiserne Güter,Iron Assets,th
Ejder Pençesi,Dragon's Claw,th
Ekip Çalışması,Team Building,th
Ekko türelme,Ekko's Patience,th
Ekko áldása,Ekko's Boon,th
Ekko'nun Lütfu,Ekko's Boon,th
Ekko'nun Sabrı,Ekko's Patience,th
Ekko's Boon,Ekko's Boon,th
Ekko's Patience,Ekko's Patience,th
Ekkos Geduld,Ekko's Patience,th
Ekkos Segen,Ekko's Boon,th
Ekkova trpělivost,Ekko's Patience,th
Ekkův dar,Ekko's Boon,th
Ekmek Parası İşte,Lunch Money,th
Ekskluzywna Personalizacja,Exclusive Customization,th
Ekspedycja,Expedition,th
El Big Bang,The Big Bang,th
El Dragón Dorado,The Golden Dragon,th
El Dragón dorado,The Golden Dragon,th
El Emeği Göz Nuru,Crafted Crafting,th
El Huevo Dorado,The Golden Egg,th
El Indomable,The Indomitable,th
El Mega Mecha,The Mighty Mech,th
El Tamaño Importa,Size Matters,th
El centro de todo,Find Your Center,th
El huevo dorado,The Golden Egg,th
El peso de la corona,Heavy Is the Crown,th
El tamaño importa,Size Matters,th
El Árbol de Rasgos,The Trait Tree,th
El árbol de los atributos,The Trait Tree,th
Elastyczność,Flexible,th
Electrocarga,Electrocharge,th
Electrocharge,Electrocharge,th
Elektrický výboj,Electrocharge,th
Elektroladung,Electrocharge,th
Elektromos töltés,Electrocharge,th
Elektroşarj,Electrocharge,th
Elettrocarica,Electrocharge,th
Elige el rasgo,เลือกคุณสมบัติ,th
Eliminator,Eradicator,th
Elkötelezett,Invested,th
Elköteleződés,Hard Commit,th
Elmo Adaptativo,Adaptive Helm,th
Elmo adattivo,Adaptive Helm,th
Eltemetett kincsek,Buried Treasures,th
Elátkozott korona,Cursed Crown,th
Elátkozott penge,Cursed Blade,th
Előfizetési szolgáltatás,Subscription Service,th
Előleg,Advanced Loan,th
Előrelátás,Forward Thinking,th
Em Busca do Centro,Find Your Center,th
Embalos no Espaço,Space Groove,th
Emblem Anima,Anima Emblem,th
Emblem Arbiter,Arbiter Emblem,th
Emblem Bastion,Bastion Emblem,th
Emblem Brawler,Brawler Emblem,th
Emblem Challenger,Challenger Emblem,th
Emblem Dark Star,Dark Star Emblem,th
Emblem Marauder,Marauder Emblem,th
Emblem Meeple,Meeple Emblem,th
Emblem N.O.V.A.,N.O.V.A. Emblem,th
Emblem Primordian,Primordian Emblem,th
Emblem Psionic,Psionic Emblem,th
Emblem Rogue,Rogue Emblem,th
Emblem Shepherd,Shepherd Emblem,th
Emblem Sniper,Sniper Emblem,th
Emblem Space Groove,Space Groove Emblem,th
Emblem Stargazer,Stargazer Emblem,th
Emblem Timebreaker,Timebreaker Emblem,th
Emblem Vanguard,Vanguard Emblem,th
Emblem Voyager,Voyager Emblem,th
Emblema Anima,Anima Emblem,th
Emblema Animalia,Anima Emblem,th
Emblema Meeple,Meeple Emblem,th
Emblema N.O.V.A.,N.O.V.A. Emblem,th
Emblema Psionico,Psionic Emblem,th
Emblema Stella Oscura,Dark Star Emblem,th
Emblema apărătorilor,Vanguard Emblem,th
Emblema bastionului,Bastion Emblem,th
Emblema briganzilor,Marauder Emblem,th
Emblema bătăușilor,Brawler Emblem,th
Emblema competitorilor,Challenger Emblem,th
Emblema călătorilor,Voyager Emblem,th
Emblema de Anima,Anima Emblem,th
Emblema de Astromante,Stargazer Emblem,th
Emblema de Atirador de Elite,Sniper Emblem,th
Emblema de Bastião,Bastion Emblem,th
Emblema de Bastión,Bastion Emblem,th
Emblema de Desafiante,Challenger Emblem,th
Emblema de Embalos no Espaço,Space Groove Emblem,th
Emblema de Estrela Negra,Dark Star Emblem,th
Emblema de Estrella Oscura,Dark Star Emblem,th
Emblema de Francotiradores,Sniper Emblem,th
Emblema de Furtivo,Rogue Emblem,th
Emblema de Ladino,Rogue Emblem,th
Emblema de Lutador,Brawler Emblem,th
Emblema de Meeple,Meeple Emblem,th
Emblema de Meeplo,Meeple Emblem,th
Emblema de Merodeador,Marauder Emblem,th
Emblema de Mipo,Meeple Emblem,th
Emblema de N.O.V.A.,N.O.V.A. Emblem,th
Emblema de Onda Espacial,Space Groove Emblem,th
Emblema de Pastor,Shepherd Emblem,th
Emblema de Peleadores,Brawler Emblem,th
Emblema de Primordiano,Primordian Emblem,th
Emblema de Primordianos,Primordian Emblem,th
Emblema de Psiónico,Psionic Emblem,th
Emblema de Psiônico,Psionic Emblem,th
Emblema de Rasga-tempo,Timebreaker Emblem,th
Emblema de Retadores,Challenger Emblem,th
Emblema de Rompetiempo,Timebreaker Emblem,th
Emblema de Saqueador,Marauder Emblem,th
Emblema de Sentencia,Arbiter Emblem,th
Emblema de Vanguarda,Vanguard Emblem,th
Emblema de Vanguardia,Vanguard Emblem,th
Emblema de Viajante,Voyager Emblem,th
Emblema de Viajero,Voyager Emblem,th
Emblema de astral,Stargazer Emblem,th
Emblema de bastión,Bastion Emblem,th
Emblema de contendiente,Challenger Emblem,th
Emblema de disruptor temporal,Timebreaker Emblem,th
Emblema de estrella oscura,Dark Star Emblem,th
Emblema de francotirador,Sniper Emblem,th
Emblema de la ascensión,Talisman Of Ascension,th
Emblema de luchador,Brawler Emblem,th
Emblema de onda espacial,Space Groove Emblem,th
Emblema de pastor,Shepherd Emblem,th
Emblema de primordiano,Primordian Emblem,th
Emblema de psiónico,Psionic Emblem,th
Emblema de pícaro,Rogue Emblem,th
Emblema de sentenciador,Arbiter Emblem,th
Emblema de vanguardia,Vanguard Emblem,th
Emblema de viajante,Voyager Emblem,th
Emblema de yelmo sombrío,Marauder Emblem,th
Emblema de Árbitro,Arbiter Emblem,th
Emblema de ánima,Anima Emblem,th
Emblema del Bandito,Rogue Emblem,th
Emblema del Bastione,Bastion Emblem,th
Emblema del Cecchino,Sniper Emblem,th
Emblema del Combattente,Brawler Emblem,th
Emblema del Pastore,Shepherd Emblem,th
Emblema del Predone,Marauder Emblem,th
Emblema del Primordiano,Primordian Emblem,th
Emblema del Ritmo Spaziale,Space Groove Emblem,th
Emblema del Viaggiatore,Voyager Emblem,th
Emblema dell'Amico dei Mippi,Meeple Emblem,th
Emblema dell'Arbitro,Arbiter Emblem,th
Emblema dell'Astronomo,Stargazer Emblem,th
Emblema dell'Avanguardia,Vanguard Emblem,th
Emblema dello Sfidante,Challenger Emblem,th
Emblema dello Spezzatempo,Timebreaker Emblem,th
Emblema distracției în spațiu,Space Groove Emblem,th
Emblema frângătorilor timpului,Timebreaker Emblem,th
Emblema luminii stelelor,Stargazer Emblem,th
Emblema lunetiștilor,Sniper Emblem,th
Emblema mediatorilor,Arbiter Emblem,th
Emblema primordienilor,Primordian Emblem,th
Emblema psionică,Psionic Emblem,th
Emblema păstorilor,Shepherd Emblem,th
Emblema rebelilor,Rogue Emblem,th
Emblema stelelor întunecate,Dark Star Emblem,th
Emblemat Anima,Anima Emblem,th
Emblemat Arbitra,Arbiter Emblem,th
Emblemat Bastionu,Bastion Emblem,th
Emblemat Kosmofazy,Space Groove Emblem,th
Emblemat Marudera,Marauder Emblem,th
Emblemat Meepla,Meeple Emblem,th
Emblemat Mrocznej Gwiazdy,Dark Star Emblem,th
Emblemat N.O.V.A.,N.O.V.A. Emblem,th
Emblemat Obrońcy,Vanguard Emblem,th
Emblemat Obserwatora Gwiazd,Stargazer Emblem,th
Emblemat Osiłka,Brawler Emblem,th
Emblemat Pasterza,Shepherd Emblem,th
Emblemat Podróżnika,Voyager Emblem,th
Emblemat Pretendenta,Challenger Emblem,th
Emblemat Primordianina,Primordian Emblem,th
Emblemat Psionika,Psionic Emblem,th
Emblemat Snajpera,Sniper Emblem,th
Emblemat Zbira,Rogue Emblem,th
Emblemat Łamacza Czasu,Timebreaker Emblem,th
Emblème d'Astro-groove,Space Groove Emblem,th
Emblème d'Initiateur,Vanguard Emblem,th
Emblème de Bagarreur,Brawler Emblem,th
Emblème de Bastion,Bastion Emblem,th
Emblème de Berger,Shepherd Emblem,th
Emblème de Brise-temps,Timebreaker Emblem,th
Emblème de Challenger,Challenger Emblem,th
Emblème de Juge stellaire,Arbiter Emblem,th
Emblème de Maraudeur,Marauder Emblem,th
Emblème de Meeple,Meeple Emblem,th
Emblème de N.O.V.A.,N.O.V.A. Emblem,th
Emblème de Primordien,Primordian Emblem,th
Emblème de Psionique,Psionic Emblem,th
Emblème de Pulsar sombre,Dark Star Emblem,th
Emblème de Rebelle,Rogue Emblem,th
Emblème de Sniper,Sniper Emblem,th
Emblème de Visionnaire,Stargazer Emblem,th
Emblème de Voyageur,Voyager Emblem,th
Emblème de la Section Anima,Anima Emblem,th
Emblém Animy,Anima Emblem,th
Emblém Bašty,Bastion Emblem,th
Emblém Hvězdopravce,Stargazer Emblem,th
Emblém Miplíka,Meeple Emblem,th
Emblém N.O.V.A.,N.O.V.A. Emblem,th
Emblém Ničitele času,Timebreaker Emblem,th
Emblém Odpadlíka,Rogue Emblem,th
Emblém Odstřelovače,Sniper Emblem,th
Emblém Pastýře,Shepherd Emblem,th
Emblém Poutníka,Voyager Emblem,th
Emblém Prapůvodního,Primordian Emblem,th
Emblém Psionika,Psionic Emblem,th
Emblém Předvoje,Vanguard Emblem,th
Emblém Rváče,Brawler Emblem,th
Emblém Soudce,Arbiter Emblem,th
Emblém Temné hvězdy,Dark Star Emblem,th
Emblém Vesmírného rytmu,Space Groove Emblem,th
Emblém Vyzyvatele,Challenger Emblem,th
Emblém Žoldnéře,Marauder Emblem,th
Emblématique,Flexible,th
Emblématiquement,The Trait Tree,th
Empréstimo Avançado,Advanced Loan,th
Empurrão,Slammin',th
En Minik Dev,Tiniest Titan,th
En racha,On a Roll,th
Ende der Weisheit,Wit's End,th
Endgame-Experte,Late Game Specialist,th
Endlose Verzweiflung,Unending Despair,th
Enfileirando,Lineup,th
Enfoque al Horizonte,Horizon Focus,th
Enlace Cibernético,Cybernetic Uplink,th
Enlace de Dron,Drone Uplink,th
Enracinement,Spreading Roots,th
Entre les PO et l'enclume,Iron Assets,th
Entrenamiento de Guardaespaldas,Bodyguard Training,th
Entschlossenheit des Titanen,Titan's Resolve,th
Enyhén mágikus dobás,Slightly Magic Roll,th
Epic Rolldown,Epic Rolldown,th
Epickie Przelosowanie,Epic Rolldown,th
Epický výlov,Epic Rolldown,th
Epische Ladung,Epic Rolldown,th
Epoca,Epoch,th
Epoch,Epoch,th
Epocha,Epoch,th
Epoche,Epoch,th
Epocă,Epoch,th
Epoka,Epoch,th
Era,Epoch,th
Eradicare,Eradicator,th
Eradicator,Eradicator,th
Eradicatore,Eradicator,th
Erb Lightshieldů,Lightshield Crest,th
Erlöser,Redeemer,th
Erradicador,Eradicator,th
Erwartetes Unerwartetes,Expected Unexpectedness,th
Erweiterter Kredit,Advanced Loan,th
Erőben kovácsolva,Forged in Strength,th
Erőd,Bastion,th
Erőd embléma,Bastion Emblem,th
EsQUATRão,ReinFOURcement,th
Esagono dorato di Yasuo,Yasuo's Golden Hex,th
Esaltazione di Kayle,Kayle's Exaltation,th
Esaltazione radiosa di Kayle,Kayle's Radiant Exaltation,th
Escalamento de Fim de Jogo,Late Game Scaling,th
Escalando,Climb The Ladder,th
Escalar la clasificación,Climb The Ladder,th
Escolha a característica,เลือกคุณสมบัติ,th
Escroc,Hustler,th
Escudo de estratega,Tactician's Shield,th
Escudo del Estratega,Tactician's Shield,th
Escudo do Estrategista,Tactician's Shield,th
Escurridizo,Rift Scuttler,th
Esence Mihotavců,Shimmerscale Essence,th
Esencia de Brilloescama,Shimmerscale Essence,th
Esencia de brilloescama,Shimmerscale Essence,th
Esencja Migoczącej Łuski,Shimmerscale Essence,th
Esfera del Amanecer,Dawncore,th
Esgrima de Yasuo,Yasuo's Bladework,th
Esnek,Flexible,th
Espada Desmedida,Sword Overflow,th
Espada G.p.C.,B.F. Sword,th
Espadafuria de Guinsoo,Guinsoo's Rageblade,th
Espadas Más Letales,Deadlier Blades,th
Espadón,B.F. Sword,th
Especialista em Fim de Jogo,Late Game Specialist,th
Especialista en el juego tardío,Late Game Specialist,th
Especialista en final de partida,Late Game Specialist,th
Espera lo Inesperado,Expected Unexpectedness,th
Espera lo inesperado,Expected Unexpectedness,th
Esperando o Inesperado,Expected Unexpectedness,th
Espinas,Fishbones,th
Esprit d'équipe,Team Building,th
Esprit de la Rédemption,Spirit of Redemption,th
Esprit encombré,Cluttered Mind,th
Espátula,Spatula,th
Espírito de Redenção,Spirit of Redemption,th
Espíritu Firme,Steadfast Heart,th
Espíritu de Redención,Spirit of Redemption,th
Espíritu de la redención,Spirit of Redemption,th
Espíritu libre,Misfits,th
Essence des Luminécailles,Shimmerscale Essence,th
Essenz der Schimmerschuppen,Shimmerscale Essence,th
Essenza Scaglialucida,Shimmerscale Essence,th
Essência de Escamaluz,Shimmerscale Essence,th
Estafa,Hustler,th
Estafador,Hustler,th
Estratega diminuto,Tiniest Titan,th
Estrela Negra,Dark Star,th
Estrella Oscura,Dark Star,th
Estrella oscura,Dark Star,th
Estudio Paciente,Patient Study,th
Estudio y paciencia,Patient Study,th
Estudo Paciente,Patient Study,th
Esuli,Exiles,th
Eternal Pact,Eternal Pact,th
Etwas magische Aktualisierung,Slightly Magic Roll,th
Evelynn áldása,Evelynn's Boon,th
Evelynn ösztöne,Evelynn's Instinct,th
Evelynn'in Lütfu,Evelynn's Boon,th
Evelynn'in İçgüdüsü,Evelynn's Instinct,th
Evelynn's Boon,Evelynn's Boon,th
Evelynn's Instinct,Evelynn's Instinct,th
Evelynnin dar,Evelynn's Boon,th
Evelynnin instinkt,Evelynn's Instinct,th
Evelynns Instinkt,Evelynn's Instinct,th
Evelynns Segen,Evelynn's Boon,th
Evenshroud,Evenshroud,th
Evocazione continua,Continuous Conjuration,th
Evriştirici,Recombobulator,th
Ewiger Pakt,Eternal Pact,th
Exaltación Radiante de Kayle,Kayle's Radiant Exaltation,th
Exaltación de Kayle,Kayle's Exaltation,th
Exaltación radiante de Kayle,Kayle's Radiant Exaltation,th
Exaltarea lui Kayle,Kayle's Exaltation,th
Exaltarea radiantă a lui Kayle,Kayle's Radiant Exaltation,th
Exaltation de Kayle,Kayle's Exaltation,th
Exaltation radieuse de Kayle,Kayle's Radiant Exaltation,th
Exaltação Radiante de Kayle,Kayle's Radiant Exaltation,th
Exaltação de Kayle,Kayle's Exaltation,th
Exclusive Customization,Exclusive Customization,th
Exilados,Exiles,th
Exilați,Exiles,th
Exiles,Exiles,th
Exiliados,Exiles,th
Exilés,Exiles,th
Exklusive Feinabstimmung,Exclusive Customization,th
Exkluzivní úprava,Exclusive Customization,th
Exkluzív testreszabás,Exclusive Customization,th
Expected Unexpectedness,Expected Unexpectedness,th
Expedice,Expedition,th
Expedición,Expedition,th
Expedition,Expedition,th
Expedição,Expedition,th
Expediție,Expedition,th
Expedíció,Expedition,th
Explosive Growth,Explosive Growth,th
Explosives Wachstum,Explosive Growth,th
Expédition,Expedition,th
Expérience à tout prix,Going Long,th
Extirpador,Eradicator,th
Ezreal,Ezreal,th
Ezüstkanál,Silver Spoon,th
Ezüsttóvári hajnal,Silvermere Dawn,th
Eğreti Zırh,Makeshift Armor,th
Eşsiz Deneyim,Silver Spoon,th
Eşya Çekilişi,Item Grab Bag,th
Fabbricante di bastoni,Staffsmith,th
Fabbricante di spade,Swordsmith,th
Fabricant de baguettes,Staffsmith,th
Fabricante de Bastões,Staffsmith,th
Fabricante de Espadas,Swordsmith,th
Fabricante de Varas,Staffsmith,th
Fabrication en série,Replication,th
Fabrikneu,Factory New,th
Faca de Statikk,Statikk Shiv,th
Factory New,Factory New,th
Fajín de mercurio,Quicksilver,th
Fame di denaro,Money Hungry,th
Fantocci da crash test,Crash Test Dummies,th
Fantoccificazione,Dummify,th
Fantoccio di addestramento,Training Dummy,th
Fare squadra,Teaming Up,th
Farmando Aura,Aura Farming,th
Farmare l'aura,Aura Farming,th
Farmarea aurei,Aura Farming,th
Farmení aury,Aura Farming,th
Farmeo Áurico,Aura Farming,th
Farmienie Aury,Aura Farming,th
Fatalista,Doomer,th
Fateweaver,Fateweaver,th
Favorul Sorakăi,Soraka's Boon,th
Favorul duelistului,Boon of the Scrapper,th
Favorul lui Ahri,Ahri's Boon,th
Favorul lui Aurelion Sol,Aurelion Sol's Boon,th
Favorul lui Ekko,Ekko's Boon,th
Favorul lui Evelynn,Evelynn's Boon,th
Favorul lui Kayle,Kayle's Boon,th
Favorul lui Thresh,Thresh's Boon,th
Favorul lui Varus,Varus's Boon,th
Favorul lui Yasuo,Yasuo's Boon,th
Favorul resurecției,Boon of Resurrection,th
Fedakârlığın Erdemi,Virtue of the Martyr,th
Fedezeti alap,Hedge Fund,th
Feed the Flames,Feed the Flames,th
Feeling Lucky,Feeling Lucky,th
Felaket Mücevheri,Blighting Jewel,th
Felemelkedés,Ascension,th
Feleslegesen nagy pálca,Needlessly Large Rod,th
Felfelé a ranglétrán I.,Climb The Ladder,th
Felfelé irányuló mobilitás,Upward Mobility,th
Felie de viață,Slice of Life,th
Felinarul lui Thresh,Thresh's Lantern,th
Festa de Aniversário,Birthday Reunion,th
Feu concentré,Focused Fire,th
Fiera Fiestera,Party Animal,th
Fierar neobosit,Living Forge,th
Fila em Dupla,Duo Queue,th
Filo de la Muerte,Deathblade,th
Filo de la Noche,Edge of Night,th
Filo de la noche,Edge of Night,th
Filo del Infinito,Infinity Edge,th
Filo infinito,Infinity Edge,th
Filo mortal,Deathblade,th
Filofugaz,Flickerblades,th
Fin de partie,Late Game Scaling,th
Final del ingenio,Wit's End,th
Finanziamento,Advanced Loan,th
Find Your Center,Find Your Center,th
Finde deine Mitte,Find Your Center,th
Fine della notte,Edge of Night,th
Fiora,Fiora,th
Firesale,Firesale,th
Fishbones,Fishbones,th
Fiumi di lacrime,Cry Me A River,th
Fiumi di lacrime,Flowing Tears,th
Fizz,Fizz,th
Flambant neuf,Factory New,th
Flessibilità,Flexible,th
Flexibel,Flexible,th
Flexibilita,Flexible,th
Flexibilitate,Flexible,th
Flexible,Flexible,th
Flexível,Flexible,th
Flickerblade,Flickerblades,th
Flickerblades,Flickerblades,th
Fließende Tränen,Flowing Tears,th
Flimmerklingen,Flickerblades,th
Flowing Tears,Flowing Tears,th
Fluch des Lichs,Lich Bane,th
Fléau de liche,Lich Bane,th
Fléau vengeur,Striker's Flail,th
Flügelstab,Seraphim's Staff,th
Foc concentrat,Focused Fire,th
Focalizarea orizontului,Horizon Focus,th
Foco do Horizonte,Horizon Focus,th
Focused Fire,Focused Fire,th
Fogo Concentrado,Focused Fire,th
Fokozott erő,Augmented Power,th
Fokussiertes Feuer,Focused Fire,th
Folyamatos idézés,Continuous Conjuration,th
Fond de investiții,Hedge Fund,th
Fondamenta di prima linea,Frontline Foundation,th
Fondation de première ligne,Frontline Foundation,th
Fondo con intereses,Hedge Fund,th
Fondo de inversión,Hedge Fund,th
Fondo speculativo,Hedge Fund,th
Forbidden Idol,Forbidden Idol,th
Forge a Friend,Forge a Friend,th
Forge divine,Apotheotic Forge,th
Forge portative,Portable Forge,th
Forge à retardement,Latent Forge,th
Forged in Strength,Forged in Strength,th
Forgeron ambulant,Living Forge,th
Forgia apoteotica,Apotheotic Forge,th
Forgia incarnata,Living Forge,th
Forgia nascosta,Latent Forge,th
Forgia portatile,Portable Forge,th
Forgia un amico,Forge a Friend,th
Forgiato nella forza,Forged in Strength,th
Forja Apoteósica,Apotheotic Forge,th
Forja Apoteótica,Apotheotic Forge,th
Forja Latente,Latent Forge,th
Forja Portátil,Portable Forge,th
Forja Viva,Living Forge,th
Forja Viviente,Living Forge,th
Forja apoteósica,Apotheotic Forge,th
Forja de amigos,Forge a Friend,th
Forja de espadas,Swordsmith,th
Forja de varas,Staffsmith,th
Forja forjada,Crafted Crafting,th
Forja latente,Latent Forge,th
Forja na Força,Forged in Strength,th
Forja portátil,Portable Forge,th
Forja reîncărcărilor,Crafted Crafting,th
Forja viviente,Living Forge,th
Forjado a la fuerza,Forged in Strength,th
Forjado en la Fortaleza,Forged in Strength,th
Forje uma Amizade,Forge a Friend,th
Forjă apoteotică,Apotheotic Forge,th
Forjă latentă,Latent Forge,th
Forjă portabilă,Portable Forge,th
Forma equipo,Teaming Up,th
Formation de Garde du corps,Bodyguard Training,th
Formazione,Lineup,th
Fortwährende Beschwörung,Continuous Conjuration,th
Forward Thinking,Forward Thinking,th
Forțe proaspete,Second Wind,th
Fragmento de Vida,Slice of Life,th
Frammento d'infinito,Infinity Edge,th
Francotirador,Sniper,th
Frigideira,Frying Pan,th
Frontkämpfer,Vanguard,th
Frontkämpfer-Emblem,Vanguard Emblem,th
Frontline Foundation,Frontline Foundation,th
Frontlinien-Fundament,Frontline Foundation,th
Frying Pan,Frying Pan,th
Frângător al timpului,Timebreaker,th
Frühe Erkenntnisse,Early Learnings,th
Fuego Concentrado,Focused Fire,th
Fuego concentrado,Focused Fire,th
Fuerte pero frágil,Glass Cannon,th
Fuerte y Enorme,Giant and Mighty,th
Fuerzas renovadas,Second Wind,th
Fulcro del commercio,Commerce Core,th
Fundação da Linha de Frente,Frontline Foundation,th
Fundo de Garantia,Hedge Fund,th
Fundusz Inwestycyjny,Hedge Fund,th
Fuoco concentrato,Focused Fire,th
Fureur du kraken,Kraken's Fury,th
Furia Krakena,Kraken's Fury,th
Furia del Kraken,Kraken's Fury,th
Furia del kraken,Kraken's Fury,th
Furia di Guinsoo,Guinsoo's Rageblade,th
Furia krakenului,Kraken's Fury,th
Furtarello,Pilfer,th
Furtivo,Rogue,th
Furto,Pilfer,th
Furto di componenti,Component Heist,th
Furtuna lui Luden,Luden's Tempest,th
Fäustlinge,Mittens,th
Félholt csapás,Lich Bane,th
Félvezető,Semiconductor,th
Fényőrző címer,Lightshield Crest,th
Fókusz,Conduit,th
Fókusz mód,Conduit Mode,th
Fúria do Cráquem,Kraken's Fury,th
"FĂRĂ ANALIZĂ, FĂRĂ SCHIMBĂRI",NO SCOUT NO PIVOT,th
Făurit prin putere,Forged in Strength,th
Gabardina Sospechosa,Suspicious Trench Coat,th
Gabardina sospechosa,Suspicious Trench Coat,th
Gage de Sterak,Sterak's Gage,th
Gagnant-gagnant,Patient Study,th
Galaksi Avcısı,Galaxy Hunter,th
Galaktický lovec,Galaxy Hunter,th
Galaktischer Jäger,Galaxy Hunter,th
Galaktyczni Łowcy,Galaxy Hunter,th
Galaxisvadász,Galaxy Hunter,th
Galaxy Hunter,Galaxy Hunter,th
Gambit Urfa,Urf's Gambit,th
Gambit d'Urf,Urf's Gambit,th
Gambito de Urf,Urf's Gambit,th
Gantelet du Néant,Void Gauntlet,th
Gantelet précieux,Jeweled Gauntlet,th
Gants d'entraînement,Sparring Gloves,th
Gants de voleur,Thief's Gloves,th
Gants porte-bonheur,Lucky Gloves,th
Gants à gogo,Critical Success,th
Gardienii gemeni,Twin Guardians,th
Gardiens jumeaux,Twin Guardians,th
Gargoyl Taşzırhı,Gargoyle Stoneplate,th
Gargoyle Stoneplate,Gargoyle Stoneplate,th
Garra de Dragón,Dragon's Claw,th
Garra de dragón,Dragon's Claw,th
Garra de merodeador,Prowler's Claw,th
Garra del Merodeador,Prowler's Claw,th
Garra do Dragão,Dragon's Claw,th
Garra do Espreitador,Prowler's Claw,th
Gasto con cabeza,Wise Spending,th
Gauner,Hustler,th
Gebieter,Arbiter,th
Gebieter-Emblem,Arbiter Emblem,th
Geburtstags-Wiedervereinigung,Birthday Reunion,th
Geburtstagsgeschenk,Birthday Present,th
Gecenin Kıyısı,Edge of Night,th
Geduld ist eine Tugend,Patience is a Virtue,th
Geeinter Halt,Stand United,th
Gefälligkeit des Schrotthändlers,Boon of the Scrapper,th
Gegenstand-Wundertüte,Item Grab Bag,th
Geist der Erlösung,Spirit of Redemption,th
Geistessicht,Spirit Visage,th
Geld fürs Mittagessen,Lunch Money,th
Geldgierig,Money Hungry,th
Geldmonsun,Money Monsoon,th
Gelişmiş Güç,Augmented Power,th
Gelungenes Comeback,Comeback Story,th
Gespiegelte Persona,Mirrored Persona,th
Gheara dragonului,Dragon's Claw,th
Gheara lui Sterak,Sterak's Gage,th
Gheara prădătorului,Prowler's Claw,th
Giant Slayer,Giant Slayer,th
Giant and Mighty,Giant and Mighty,th
Giant's Belt,Giant's Belt,th
Gigante e Poderoso,Giant and Mighty,th
Gigantes y fuertes,Giant and Mighty,th
Gilded Steel,Gilded Steel,th
Gioco di lama di Yasuo,Yasuo's Bladework,th
Gioiello della rovina,Blighting Jewel,th
Giuvaier blestemat,Blighting Jewel,th
Gizemli Trençkot,Suspicious Trench Coat,th
Giáp Lưới,Chain Vest,th
Giáp Máu Warmog,Warmog's Armor,th
Giáp Tay Seeker,Seeker's Armguard,th
Giáp Tâm Linh,Spirit Visage,th
Giáp Tự Chế,Makeshift Armor,th
Giáp Vai Nguyệt Thần,Evenshroud,th
Giù come birilli,On a Roll,th
Giọt Lệ Bi Ai,Cry Me A River,th
Giữ Vững Hàng Ngũ,Hold the Line,th
Glaives à gogo,Carve a Path,th
Glaskanone,Glass Cannon,th
Glass Cannon,Glass Cannon,th
Glückshandschuhe,Lucky Gloves,th
Gnar,Gnar,th
Goana după bani,Money Hungry,th
God-Blessed,God-Blessed,th
Going Long,Going Long,th
Golden Gamble,Golden Gamble,th
Goldenes Glücksspiel,Golden Gamble,th
Golem,Golem,th
Golpetazos,Slammin',th
Good For Something,Good For Something,th
Gotowy Komplet,Max Build,th
Gottgesegnet,God-Blessed,th
Grabież,Pilfer,th
Gracia de Ahri,Ahri's Boon,th
Gracia de Aurelion Sol,Aurelion Sol's Boon,th
Gracia de Ekko,Ekko's Boon,th
Gracia de Evelynn,Evelynn's Boon,th
Gracia de Kayle,Kayle's Boon,th
Gracia de Soraka,Soraka's Boon,th
Gracia de Thresh,Thresh's Boon,th
Gracia de Varus,Varus's Boon,th
Gracia de Yasuo,Yasuo's Boon,th
Gracia de resurrección,Boon of Resurrection,th
Gragas,Gragas,th
Gran Compromiso,Hard Commit,th
Grandalhão,Size Matters,th
Grande e possente,Giant and Mighty,th
Grandeur et démesure,Giant and Mighty,th
Graves,Graves,th
Gredin,Hustler,th
Griffe de dragon,Dragon's Claw,th
Griffes du rôdeur,Prowler's Claw,th
Group Hug,Group Hug,th
Groß und mächtig,Giant and Mighty,th
Große Wundertüte,Big Grab Bag,th
Groźniejsze Ostrza,Deadlier Blades,th
Gruboskórność Steraka,Sterak's Gage,th
Grup Kucaklaşması,Group Hug,th
Grupowy Przytulas,Group Hug,th
Gruppenumarmung,Group Hug,th
Gräte,Fishbones,th
Größe ist alles,Size Matters,th
Guantelete Deslumbrante,Jeweled Gauntlet,th
Guantelete de Sterak,Sterak's Gage,th
Guantelete del Vacío,Void Gauntlet,th
Guantelete enjoyado,Jeweled Gauntlet,th
Guantes de Combate,Sparring Gloves,th
Guantes de Ladrón,Thief's Gloves,th
Guantes de combate,Sparring Gloves,th
Guantes de la Suerte,Lucky Gloves,th
Guantes de la suerte,Lucky Gloves,th
Guantes de ladrón,Thief's Gloves,th
Guanti del ladro,Thief's Gloves,th
Guanti fortunati,Lucky Gloves,th
Guanto del Vuoto,Void Gauntlet,th
Guanto ingioiellato,Jeweled Gauntlet,th
Guantoni,Sparring Gloves,th
Guardabrazo del Buscador,Seeker's Armguard,th
Guardia de la Corona,Crownguard,th
Guardianes Gemelos,Twin Guardians,th
Guardianes gemelos,Twin Guardians,th
Guardiani gemelli,Twin Guardians,th
Guardiões Gêmeos,Twin Guardians,th
Guarida del Barón,Baron's Lair,th
Guinsoo dühpengéje,Guinsoo's Rageblade,th
Guinsoo'nun Hiddeti,Guinsoo's Rageblade,th
Guinsoo's Rageblade,Guinsoo's Rageblade,th
Guinsoos Wutklinge,Guinsoo's Rageblade,th
Guinsoova zuřivá čepel,Guinsoo's Rageblade,th
Gume do Infinito,Infinity Edge,th
Gun Goddess,Gun Goddess,th
Gustări dulci,Sweet Treats,th
Gwałtowny Wzrost,Explosive Growth,th
Gwen,Gwen,th
Gwiezdna Kombinacja,Stellar Combo,th
Gyakorlófigura,Training Dummy,th
Gyanús ballonkabát,Suspicious Trench Coat,th
Gyors kettős gyilkosság,Speedy Double Kill,th
Gyorstüzelő ágyú,Rapid Firecannon,th
Gyári új,Factory New,th
Gyógyító gömbök I.,Healing Orbs,th
Gói Bảo Hộ,Care Package,th
Gói Tăng Cường,Booster Pack,th
Gói Đăng Ký Hạng Sang,Luxury Subscription,th
Gólem,Golem,th
Gökten Yağan Altın,Money Monsoon,th
Gölge Kukla,Shadow Puppet,th
Gömülü Hazineler,Buried Treasures,th
Göttlicher Duellant,Divine Duelist,th
Gözyaşları Sel,Cry Me A River,th
Gözü Yükseklerde,Going Long,th
Gümüşgöl Şafağı,Silvermere Dawn,th
Günateşi Pelerini,Sunfire Cape,th
Günateşi Tahtası,Sunfire Board,th
Gürtel des Riesen,Giant's Belt,th
Gürtel im Überfluss,Belt Overflow,th
Gürzün Dileği,Mace's Will,th
Güç Kadehi,Chalice of Power,th
Güçle İşlenmiş,Forged in Strength,th
Güçlü Ama Kırılgan,Glass Cannon,th
Güçlü Arkadaşlık,Forge a Friend,th
Güçlü Şapkalar,Deadlier Caps,th
Găng Bảo Thạch,Jeweled Gauntlet,th
Găng Hư Không,Void Gauntlet,th
Găng Đạo Tặc,Thief's Gloves,th
Găng Đấu Sĩ,Mittens,th
Găng Đấu Tập,Sparring Gloves,th
Găsește-ți centrul de putere,Find Your Center,th
Gươm Biến Ảnh,Spectral Cutlass,th
Gậy Quá Khổ,Needlessly Large Rod,th
Hacha de Fuego Infernal,Hellfire Hatchet,th
Hacha infernal,Hellfire Hatchet,th
Hachette infernale,Hellfire Hatchet,th
Haciendo Amistades,Forge a Friend,th
Hadiösvény,Warpath,th
Hadúri dicsőség,Warlord's Honor,th
Hai il mio arco,You Have My Bow,th
Hai odată,Just Hit,th
Hajnalmag,Dawncore,th
Halbleiter,Semiconductor,th
Halla tu Centro,Find Your Center,th
Halszálka,Fishbones,th
Halálosabb pengék,Deadlier Blades,th
Halálosabb süvegek,Deadlier Caps,th
Halálpenge,Deathblade,th
Hand Of Justice,Hand Of Justice,th
Hand der Gerechtigkeit,Hand Of Justice,th
Handelssektor,Trade Sector,th
Handschuhe des Diebs,Thief's Gloves,th
Hang Ổ Baron,Baron's Lair,th
Hanger fantomatic,Spectral Cutlass,th
Hard Commit,Hard Commit,th
Hatalmas sorsolás,Epic Rolldown,th
Hatalmas és erős,Giant and Mighty,th
Határtalan penge,Infinity Edge,th
Haute tension,High Voltage,th
Hayat Deneyimi,Patient Study,th
Hayattan Bir Kesit,Slice of Life,th
Hazine Avı,Treasure Hunt,th
Haşmetli Hydra,Titanic Hydra,th
Haşmetli Macera,An Exalted Adventure,th
Healing Orbs,Healing Orbs,th
Heart of Steel,Heart of Steel,th
Heavy Is the Crown,Heavy Is the Crown,th
Hecho a medida,Exclusive Customization,th
Hedef Kuklası,Training Dummy,th
Hedefe Kilitlenen Optik,Target-Lock Optics,th
Hedge Fund,Hedge Fund,th
Heilende Echos,Mending Echoes,th
Heilende Kugeln,Healing Orbs,th
Heldenhafte Wundertüte,Heroic Grab Bag,th
Hellfire Hatchet,Hellfire Hatchet,th
Hemos venido a jugar,Risky Moves,th
Heraldo de Zeke,Zeke's Herald,th
Heraldo de las Tinieblas de Zeke,Zeke's Bleak Herald,th
Heraldo desolador de Zeke,Zeke's Bleak Herald,th
Herausforderer,Challenger,th
Herausforderer-Emblem,Challenger Emblem,th
Herausforderer-Modus,Challenger Mode,th
Herb Dynastii Promiennej Tarczy,Lightshield Crest,th
Herkesin Katili,Indiscriminate Killer,th
Heroic Grab Bag,Heroic Grab Bag,th
Heroiczna Torba z Różnościami,Heroic Grab Bag,th
Herold Zeke'a,Zeke's Herald,th
Herz aus Stahl,Heart of Steel,th
Heul doch …,Cry Me A River,th
Hex Dorado de Yasuo,Yasuo's Golden Hex,th
Hexagone doré de Yasuo,Yasuo's Golden Hex,th
Hexagonul auriu al lui Yasuo,Yasuo's Golden Hex,th
Hextech Gunblade,Hextech Gunblade,th
Hextech Silahkılıç,Hextech Gunblade,th
Hextech lőpenge,Hextech Gunblade,th
Hextech-Gunblade,Hextech Gunblade,th
Hexágono dorado de Yasuo,Yasuo's Golden Hex,th
Hidra Titánica,Titanic Hydra,th
Hidra Titânica,Titanic Hydra,th
Hidra titanilor,Titanic Hydra,th
Hidra titánica,Titanic Hydra,th
Higany,Quicksilver,th
High Voltage,High Voltage,th
Hilfspaket,Care Package,th
Hirte,Shepherd,th
Hirte-Emblem,Shepherd Emblem,th
Historia Powrotu do Chwały,Comeback Story,th
Hivatásos bokszoló,Prizefighter,th
Hiçlik Değneği,Void Staff,th
Hiçlik Eldiveni,Void Gauntlet,th
Hiện Thân Phản Chiếu,Mirrored Persona,th
Hiện Thân Phản Chiếu Cỡ Nhỏ,Lesser Mirrored Persona,th
Hochspannung,High Voltage,th
Hoja de furia de Guinsoo,Guinsoo's Rageblade,th
Hoja maldita,Cursed Blade,th
Hojas más letales,Deadlier Blades,th
Hold the Line,Hold the Line,th
Holofote Compartilhado do Yasuo,Yasuo's Share The Spotlight,th
Honneur du Maître de guerre,Warlord's Honor,th
Honor Watażki,Warlord's Honor,th
Honor de señor de la guerra,Warlord's Honor,th
Honor del Caudillo,Warlord's Honor,th
Honra do Mestre da Guerra,Warlord's Honor,th
Hordozható kohó,Portable Forge,th
Horizon Focus,Horizon Focus,th
Horizont,Horizon Focus,th
Horizontfokus,Horizon Focus,th
Hortlak Palası,Spectral Cutlass,th
Hosszú távú befektetés,Going Long,th
Hrdinská dárková taška,Heroic Grab Bag,th
Hurdacının Lütfu,Boon of the Scrapper,th
Hurto,Pilfer,th
Hustler,Hustler,th
Huy Hiệu Lightshield,Lightshield Crest,th
Huyết Giá,Blood Price,th
Huyết Kiếm,Bloodthirster,th
Huyết Trượng Tha Hóa,Corrupt Vampiric Scepter,th
Huyết Tế,Blood Offering,th
Huấn Luyện Cận Vệ,Bodyguard Training,th
Hvězdná obnova,On a Roll,th
Hvězdné kombo,Stellar Combo,th
Hvězdopravec,Stargazer,th
Hydre titanesque,Titanic Hydra,th
Hàng Chờ Pandora,Pandora's Bench,th
Hàng Chờ Đấu Đôi,Duo Queue,th
Hành Tinh,Space Groove,th
Hào Quang Của Ahri,Ahri's Aura,th
Hào Quang Nhân Vật Chính,Plot Armor,th
Hármak légiója,Legion of Threes,th
Hármas kombó I.,Trifecta,th
Hátsó vonal tervrajza,Backline Blueprint,th
Hâkim,Arbiter,th
Hâkim Amblemi,Arbiter Emblem,th
Hình Nhân,Training Dummy,th
Hình Nhân Hóa,Dummify,th
Hình Nộm Va Chạm,Crash Test Dummies,th
Hút Sinh Lực,Vampiric Vitality,th
Hücum Gürzü,Striker's Flail,th
Hükümdarın Seçimi,God-Blessed,th
Hırsız Eldiveni,Thief's Gloves,th
Hırsız Çetesi,Band of Thieves,th
Hırsız Çetesi II,Band of Thieves II,th
Hızlı Başlangıç,Kick Start,th
Hızlı Yükseliş,Win Out,th
Hızlı İkide İki,Speedy Double Kill,th
Hősies zsákbamacska,Heroic Grab Bag,th
Hůl Prázdnoty,Void Staff,th
Hướng Đến Hồi Kết,Late Game Specialist,th
Hưởng Ké Hào Quang Yasuo,Yasuo's Share The Spotlight,th
Hạ Đo Ván,Slammin',th
Hắc Tinh,Dark Star,th
Hố Đen Tí Hon,Mini Black Hole,th
Hủy Diệt,Eradicator,th
Ia arcul meu,You Have My Bow,th
Idol interzis,Forbidden Idol,th
Idole interdite,Forbidden Idol,th
Idolo proibito,Forbidden Idol,th
Idra titanica,Titanic Hydra,th
Időtörő,Timebreaker,th
Időtörő embléma,Timebreaker Emblem,th
Ikerőrzők,Twin Guardians,th
Il Drago dorato,The Golden Dragon,th
Il massimo con il minimo,Min-Max,th
Il potente Mech,The Mighty Mech,th
Illaoi,Illaoi,th
Iluminare parțială,Partial Ascension,th
Immer höher hinauf,Climb The Ladder,th
Impermeabile sospetto,Suspicious Trench Coat,th
Impianti cibernetici,Cybernetic Implants,th
Impianto empatico,Sympathetic Implant,th
Implant Współczulny,Sympathetic Implant,th
Implant cybernétique,Sympathetic Implant,th
Implant empatic,Sympathetic Implant,th
Implante Simpático,Sympathetic Implant,th
Implante Solidário,Sympathetic Implant,th
Implante simpático,Sympathetic Implant,th
Implantes Cibernéticos,Cybernetic Implants,th
Implantes cibernéticos,Cybernetic Implants,th
Implants cybernétiques,Cybernetic Implants,th
Implanturi cibernetice,Cybernetic Implants,th
Implanty Cybernetyczne,Cybernetic Implants,th
Impossível Recusar,Just Hit,th
Improvisierte Rüstung,Makeshift Armor,th
Improwizowana Zbroja,Makeshift Armor,th
Impuesto Cognitivo,Cognitive Tax,th
Impuesto cognitivo,Cognitive Tax,th
In quattro e quattr'otto,ReinFOURcement,th
Inactividad,AFK,th
Inadaptados,Misfits,th
Inadaptați,Misfits,th
Inaktivitás,AFK,th
Incantație continuă,Continuous Conjuration,th
Indiscriminate Killer,Indiscriminate Killer,th
Indomable,The Indomitable,th
Indomável,The Indomitable,th
Infinity Edge,Infinity Edge,th
Infinity Protection,Infinity Protection,th
Inicio Veloz,Kick Start,th
Inimă de oțel,Heart of Steel,th
Initiateur,Vanguard,th
Innervating Locket,Innervating Locket,th
Instinct d'Evelynn,Evelynn's Instinct,th
Instinctul lui Evelynn,Evelynn's Instinct,th
Instinto de Evelynn,Evelynn's Instinct,th
Instynkt Evelynn,Evelynn's Instinct,th
Insígnia do Lumescudo,Lightshield Crest,th
Intermediar,Conduit,th
Invadatorul Zed,Invader Zed,th
Invader Zed,Invader Zed,th
Invasión de Zed,Invader Zed,th
Invasor Zed,Invader Zed,th
Inversión,Invested,th
Invested,Invested,th
Investice,Invested,th
Investiert,Invested,th
Investimento,Invested,th
Investissement,Invested,th
Investissement sur le futur,Forward Thinking,th
Investitura,Invested,th
Investiční fond,Hedge Fund,th
Investiție,Invested,th
Inwestycja,Going Long,th
Início Rápido,Kick Start,th
Ionic Spark,Ionic Spark,th
Ionischer Funke,Ionic Spark,th
Ionos szikra,Ionic Spark,th
Iontová jiskra,Ionic Spark,th
Iron Assets,Iron Assets,th
Isteni párbajhős,Divine Duelist,th
Istennő könnycseppje,Tear of the Goddess,th
Istenáldotta,God-Blessed,th
Istinto di Evelynn,Evelynn's Instinct,th
Item Grab Bag,Item Grab Bag,th
Itens de Pandora,Pandora's Items,th
Iubire nezdruncinată,Steadfast Heart,th
Işıltılı Serseri,Radiant Rascal,th
JEDU SI TO SVOJE,NO SCOUT NO PIVOT,th
Ja Gram Solo,Solo Leveling,th
Jaf,Pilfer,th
Jaful componentelor,Component Heist,th
Jakim Kosztem,At What Cost,th
Jax,Jax,th
Jaximus,Reach for the Stars,th
"Jeden buff, dva buffy","One Buff, Two Buff",th
"Jedna, dva, tři",One Two Three,th
Jeu de patience,Patience is a Virtue,th
Jeweled Gauntlet,Jeweled Gauntlet,th
Jeweled Lotus,Jeweled Lotus,th
Jhin,Jhin,th
Jinx,Jinx,th
Jogada Levemente Mágica,Slightly Magic Roll,th
Jogada Mágica,A Magic Roll,th
Jogada de Urf,Urf's Gambit,th
Joia da Ruína,Blighting Jewel,th
Jonowa Iskra,Ionic Spark,th
Jour de relance,Rolling for Days,th
Joya Maldita,Blighting Jewel,th
Joya de la plaga,Blighting Jewel,th
Joyau putréfiant,Blighting Jewel,th
Jugadas arriesgadas,Risky Moves,th
Juge stellaire,Arbiter,th
Juguito de Gorrito,Cappa Juice,th
Juramento del Protector,Protector's Vow,th
Juramento do Cavaleiro,Knight's Vow,th
Juramento do Protetor,Protector's Vow,th
Jurământul protectorului,Protector's Vow,th
Jus chapi-chapo,Cappa Juice,th
Just Hit,Just Hit,th
Justice critique,Retribution,th
Juwelenbesetzter Handschuh,Jeweled Gauntlet,th
Juwelenbesetzter Lotus,Jeweled Lotus,th
Jádro obchodu,Commerce Core,th
Jádro úsvitu,Dawncore,th
Jó sorozat,On a Roll,th
Jóbarát rendelésre,Build a Bud,th
Jós,Oracle,th
Jótékony visszhang,Mending Echoes,th
K. N. kard,B.F. Sword,th
K. V. meč,B.F. Sword,th
K.W. Miecz,B.F. Sword,th
"KEIN UMSEHEN, KEIN WECHSELN",NO SCOUT NO PIVOT,th
Kaderbaz,Fateweaver,th
Kahraman Çekilişi,Heroic Grab Bag,th
Kahuna,Kahunahuna,th
Kahunahuna,Kahunahuna,th
Kai'Sa,Kai'Sa,th
Kamekameha,Kahunahuna,th
Kamienna Płyta Gargulca,Gargoyle Stoneplate,th
Kamizelka Cierniowa,Bramble Vest,th
Kamizelka Kolcza,Chain Vest,th
Kampfhandschuhe,Sparring Gloves,th
Kan Adağı,Blood Offering,th
Kan Bedeli,Blood Price,th
Kanalisierer,Conduit,th
Kanalisierermodus,Conduit Mode,th
Kanasusamış,Bloodthirster,th
Kanciarz,Hustler,th
Kanoucí slzy,Flowing Tears,th
Kapelusze Zabójcze jak Nigdy,Deadlier Caps,th
Karanlık Leydi,Dark Lady,th
Kararlı Yürek,Steadfast Heart,th
Karayel,Zephyr,th
Kardkovács,Swordsmith,th
Kardszállítmány,Sword Overflow,th
Karma,Karma,th
Kayle felmagasztosulása,Kayle's Exaltation,th
Kayle ragyogó felmagasztosulása,Kayle's Radiant Exaltation,th
Kayle áldása,Kayle's Boon,th
Kayle's Boon,Kayle's Boon,th
Kayle's Exaltation,Kayle's Exaltation,th
Kayle's Radiant Exaltation,Kayle's Radiant Exaltation,th
Kayle'ın Işıltılı Yüceliği,Kayle's Radiant Exaltation,th
Kayle'ın Lütfu,Kayle's Boon,th
Kayle'ın Yüceliği,Kayle's Exaltation,th
Kayles Hochgefühl,Kayle's Exaltation,th
Kayles Segen,Kayle's Boon,th
Kayles strahlendes Hochgefühl,Kayle's Radiant Exaltation,th
Kaylin dar,Kayle's Boon,th
Kaylino povznesení,Kayle's Exaltation,th
Kaylino zářivé povznesení,Kayle's Radiant Exaltation,th
Kaz Gelecek Yerden...,Risky Moves,th
Kedi Olalı Bir Fare,Good For Something,th
Kedvez a szerencse,Feeling Lucky,th
Kefaret Ruhu,Spirit of Redemption,th
Kelch der Macht,Chalice of Power,th
Kemer Fazlalığı,Belt Overflow,th
Kereskedelmi központ,Commerce Core,th
Keresők karvértje,Seeker's Armguard,th
Keskin Nişancı,Sniper,th
Keskin Nişancı Amblemi,Sniper Emblem,th
Kettenweste,Chain Vest,th
Keşif Gezisi,Expedition,th
Khiên Hoàng Hôn,Aegis of Dusk,th
Khiên Hừng Đông,Aegis of Dawn,th
Khiên Đơn Đấu,Solo Plate,th
Kho Báu Chôn Giấu,Buried Treasures,th
Kho Báu Sắt,Iron Assets,th
Khu Giao Dịch,Trade Sector,th
Khuyến Mãi Kinh Nghiệm,Level Up!,th
Khéo Tay Hay Làm,Crafted Crafting,th
Khảm Bảo Thạch,Jeweled Lotus,th
Khế Ước Vĩnh Hằng,Eternal Pact,th
Khổng Lồ Hóa,Tiny Titans,th
Khổng Lồ Tí Hon,Tiniest Titan,th
Khởi Động Nhanh,Kick Start,th
Kibernetikus fellövő,Cybernetic Uplink,th
Kibernetikus implantátumok,Cybernetic Implants,th
Kick Start,Kick Start,th
Kickstart,Kick Start,th
"Kicsi, de halálos","Tiny, but Deadly",th
Kihívó,Challenger,th
Kihívó embléma,Challenger Emblem,th
Kihívó mód,Challenger Mode,th
Kiirtó,Eradicator,th
Kim Long,The Golden Dragon,th
Kimaxolt összeállítás,Max Build,th
Kincsvadászat,Treasure Hunt,th
Kindred,Kindred,th
Kiralık Katil,Contract Killer,th
Kis zsákbamacska,Small Grab Bag,th
Kiên Nhẫn Của Ekko,Ekko's Patience,th
Kiên Nhẫn Học Tập,Patient Study,th
Kiên Nhẫn Là Một Đức Tính,Patience is a Virtue,th
Kişiselleştirme Fırsatı,Exclusive Customization,th
Kiếm B.F.,B.F. Sword,th
Kiếm Cong,Cursed Blade,th
Kiếm Súng Hextech,Hextech Gunblade,th
Kiếm Tai Ương,Lich Bane,th
Kiếm Thuật Của Yasuo,Yasuo's Bladework,th
Kiếm Tử Thần,Deadlier Blades,th
Kiếm Tử Thần,Deathblade,th
Klarer Geist,Clear Mind,th
Klaue des Meuchlers,Prowler's Claw,th
Kleine Freunde,Little Buddies,th
Kleine Wundertüte,Small Grab Bag,th
Kleine gespiegelte Persona,Lesser Mirrored Persona,th
Kleines schwarzes Loch,Mini Black Hole,th
Klejnot Rozpadu,Blighting Jewel,th
Klenot nákazy,Blighting Jewel,th
Klinge der Unendlichkeit,Infinity Edge,th
Klinge des Todes,Deathblade,th
Klonprogramm,Replication,th
Kluftkrabbler,Rift Scuttler,th
Knallhart,Plot Armor,th
Knight's Vow,Knight's Vow,th
Kniha vlastností,Tome of Traits,th
Kognitive Steuer,Cognitive Tax,th
Kognitive Überladung,Cognitive Overload,th
Kognitivní přetížení,Cognitive Overload,th
Kognitivní zátěž,Cognitive Tax,th
Kognitív teher,Cognitive Tax,th
Kognitív túlterhelés,Cognitive Overload,th
Kolejka Duo,Duo Queue,th
Koleżcy,Little Buddies,th
Kolosalna Hydra,Titanic Hydra,th
Kommandant,Commander,th
Kommerzkern,Commerce Core,th
Komponentenraub,Component Heist,th
Komutan,Commander,th
Koniec Rozumu,Wit's End,th
Konserwator Biomaterii,Biomatter Preserver,th
Konto Oszczędnościowe,Savings Account,th
Konzervátor biomateriálu,Biomatter Preserver,th
Kopyalama Süreci,Replication,th
Korai tanulságok,Early Learnings,th
Korbacz Napastnika,Striker's Flail,th
Korona Taktyka,Tactician's Crown,th
Korona Zawsze Będzie Ciążyć,Heavy Is the Crown,th
Koronaőr,Crownguard,th
Koroze,Corrosion,th
Korozja,Corrosion,th
Korozyon,Corrosion,th
Korrosion,Corrosion,th
Korrózió,Corrosion,th
Korszak,Epoch,th
Koruma Eğitimi,Bodyguard Training,th
Korunní stráž,Crownguard,th
Koruyucunun Müttefiki,Caretaker's Ally,th
Kosa Statikka,Statikk Shiv,th
Kosmický restart,Cosmic Restart,th
Kosmiczny Restart,Cosmic Restart,th
Kosmischer Neubeginn,Cosmic Restart,th
Kosmofaza,Space Groove,th
Kostur Archanioła,Archangel's Staff,th
Kostur Pustki,Void Staff,th
Kostur Serafina,Seraphim's Staff,th
Kosturnik,Staffsmith,th
Kouzelný hod,A Magic Roll,th
Kovácsolj barátot,Forge a Friend,th
Kozmik Başlangıç,Cosmic Restart,th
Kozmikus újraindítás,Cosmic Restart,th
Kraken'in Öfkesi,Kraken's Fury,th
Kraken's Fury,Kraken's Fury,th
Krakenův hněv,Kraken's Fury,th
Kraliyet Başlığı,Crownguard,th
Krev za krev,Blood Price,th
Kriegsbeil des Höllenfeuers,Hellfire Hatchet,th
Kriegspfad,Warpath,th
Kritický úspěch,Critical Success,th
Kritik Başarı,Critical Success,th
Kritikus siker,Critical Success,th
Kritischer Erfolg,Critical Success,th
Krmení plamenů,Feed the Flames,th
Krone des Taktikers,Tactician's Crown,th
Kronwacht,Crownguard,th
Kroužková vesta,Chain Vest,th
Krvavá oběť,Blood Offering,th
Krvežíznivec,Bloodthirster,th
Krwiopijec,Bloodthirster,th
Krytyczny Sukces,Critical Success,th
Księga Cech,Tome of Traits,th
Kuchnia Taktyka,Tactician's Kitchen,th
Kukiełka Cienia,Shadow Puppet,th
Kukla Yağmuru!,Crash Test Dummies,th
Kuklaya Dönüştür,Dummify,th
Kukła Treningowa,Training Dummy,th
Kukły do Testów Wypadkowych,Crash Test Dummies,th
Kule,The Tower,th
Kusursuzluk Arayışı,Min-Max,th
Kutilův dar,Boon of the Scrapper,th
Kybernetická linka,Cybernetic Uplink,th
Kybernetické implantáty,Cybernetic Implants,th
Kybernetische Implantate,Cybernetic Implants,th
Kybernetische Verbindung,Cybernetic Uplink,th
Kártyacsomag,Booster Pack,th
Kâhin,Oracle,th
Kék erősítés,Blue Buff,th
Kích Cỡ Là Quan Trọng,Size Matters,th
Kính Khóa Mục Tiêu,Target-Lock Optics,th
Kính Nhắm Ma Pháp,Horizon Focus,th
Könnyek patakja,Cry Me A River,th
Könyörtelen költség,Malicious Monetization,th
Kötü Niyetli Kazanç,Malicious Monetization,th
Kötü Yazılım Matrisi,Malware Matrix,th
Közös gyakorlás,Dummify,th
Küldetés újrakezdése,Restart Mission,th
Küçük Benlik Aynası,Lesser Mirrored Persona,th
Kılavuz,Shepherd,th
Kılavuz Amblemi,Shepherd Emblem,th
Kılçık,Fishbones,th
Kılıç Fazlalığı,Sword Overflow,th
Kılıç İşçisi,Swordsmith,th
Kırmızı Güçlendirme,Red Buff,th
Kısmen Büyülü Zar,Slightly Magic Roll,th
Kısmi Yükseliş,Partial Ascension,th
Kıymetli Metaller,Iron Assets,th
Kızartma Tavası,Frying Pan,th
Kẻ Sống Sót,Survivor,th
Kết Nối Drone,Drone Uplink,th
Kết Nối Gián Đoạn,Missed Connections,th
Kề Vai Sát Cánh,We Stick Together,th
Kỳ Vọng Bất Ngờ,Expected Unexpectedness,th
Kỷ Nguyên,Epoch,th
L'Albero dei tratti,The Trait Tree,th
L'amour du risque,Risky Moves,th
L'atteso inaspettato,Expected Unexpectedness,th
L'indomabile,The Indomitable,th
L'indomptable,The Indomitable,th
L'onore del Signore della guerra,Warlord's Honor,th
L'uovo dorato,The Golden Egg,th
La Bramasangue,Bloodthirster,th
La Paciencia es una Virtud,Patience is a Virtue,th
La Sanguinaria,Bloodthirster,th
La Torre,The Tower,th
La Tour,The Tower,th
La cumpărături,Shopping Spree,th
La espera merece la pena,Worth the Wait,th
La fortuna te sonríe,Feeling Lucky,th
La legge della mazza,Mace's Will,th
La paciencia es una virtud,Patience is a Virtue,th
La pazienza è una virtù,Patience is a Virtue,th
La torre,The Tower,th
La trama lo protege,Plot Armor,th
La unión hace la fuerza,Teaming Up,th
Lacrima della dea,Tear of the Goddess,th
Lacrima zeiței,Tear of the Goddess,th
Lacrimi curgătoare,Flowing Tears,th
Ladino,Rogue,th
Ladungstransfer,Charge Transfer,th
Lama maledetta,Cursed Blade,th
Lama mortale,Deathblade,th
Lame d'infini,Infinity Edge,th
Lame enragée de Guinsoo,Guinsoo's Rageblade,th
Lame funeste,Deathblade,th
Lame maudite,Cursed Blade,th
Lame più letali,Deadlier Blades,th
Lame rotanti,Flickerblades,th
Lames tueuses,Deadlier Blades,th
Lance de Shojin,Spear of Shojin,th
Lancea lui Shojin,Spear of Shojin,th
Lancer de dés,Expected Unexpectedness,th
Lancia di Shojin,Spear of Shojin,th
Lanetli Kılıç,Cursed Blade,th
Lanetli Taç,Cursed Crown,th
Lanterna di Thresh,Thresh's Lantern,th
Lanterna do Thresh,Thresh's Lantern,th
Lanterne de Thresh,Thresh's Lantern,th
Lanza de Shojin,Spear of Shojin,th
Lança de Shojin,Spear of Shojin,th
Largo plazo,Going Long,th
Larme de la déesse,Tear of the Goddess,th
Larmes à gogo,Flowing Tears,th
Last Whisper,Last Whisper,th
Lastrapietra del gargoyle,Gargoyle Stoneplate,th
Latarnia Thresha,Thresh's Lantern,th
Late Game Scaling,Late Game Scaling,th
Late Game Specialist,Late Game Specialist,th
Latent Forge,Latent Forge,th
Latente Schmiede,Latent Forge,th
Le Méga-mecha,The Mighty Mech,th
Le dimensioni contano,Size Matters,th
Le prix du sang,Lunch Money,th
LeBlanc,LeBlanc,th
Lebende Schmiede,Living Forge,th
Lecciones de Boxeo,Boxing Lessons,th
Lecsapó buzogány,Striker's Flail,th
Leczące Echo,Mending Echoes,th
Leczące Kule,Healing Orbs,th
Lecții de box,Boxing Lessons,th
Leerenhandschuh,Void Gauntlet,th
Leerenstab,Void Staff,th
Legie tří,Legion of Threes,th
Legion Trójek,Legion of Threes,th
Legion of Threes,Legion of Threes,th
Legione dei tre,Legion of Threes,th
Legiunea de trei,Legion of Threes,th
Legião de Três,Legion of Threes,th
Legión de Tres,Legion of Threes,th
Legión del tres,Legion of Threes,th
Legjobb barátok,Best Friends,th
Legământul cavalerului,Knight's Vow,th
Legături ratate,Missed Connections,th
Leibwache-Training,Bodyguard Training,th
Lekce v boxu,Boxing Lessons,th
Lekko Magiczny Rzut,Slightly Magic Roll,th
Lekésett csatlakozás,Missed Connections,th
Lelkek ébredése,Soul Awakening,th
Lendületes kezdés,Kick Start,th
Lenyúlás,Pilfer,th
Leo Hạng,Climb The Ladder,th
Leona,Leona,th
Lesser Mirrored Persona,Lesser Mirrored Persona,th
Letzter Atemzug,Last Whisper,th
Level Up!,Level Up!,th
Leveleando en solitario,Solo Leveling,th
Lezioni di pugilato,Boxing Lessons,th
Leçons de combat,Early Learnings,th
Leże Barona,Baron's Lair,th
Liaison cybernétique,Cybernetic Uplink,th
Liaison de drone,Drone Uplink,th
Lich Bane,Lich Bane,th
Lich Boğan,Lich Bane,th
Lichtschild-Wappen,Lightshield Crest,th
Lightshield Arması,Lightshield Crest,th
Lightshield Crest,Lightshield Crest,th
Ligne de front,Boxing Lessons,th
Limiar da Noite,Edge of Night,th
Limite da Razão,Wit's End,th
Linceul d'apaisement,Shroud of Stillness,th
Linceul de la congruence,Evenshroud,th
Lineup,Lineup,th
Linh Hoạt,Flexible,th
Linh Hồn Chuộc Tội,Spirit of Redemption,th
Linh Thú Vào Bếp,Tactician's Kitchen,th
Linie de înaltă tensiune,High Voltage,th
Linterna de Thresh,Thresh's Lantern,th
Liquidación,Firesale,th
Lissandra,Lissandra,th
Listă duo,Duo Queue,th
Lithoplastron de gargouille,Gargoyle Stoneplate,th
Lithoplastron solo,Solo Plate,th
Litinová pánev,Frying Pan,th
Little Buddies,Little Buddies,th
Living Forge,Living Forge,th
Liên Hoàn Tinh Tú,Stellar Combo,th
Llamada al caos,Call to Chaos,th
Llamado al Caos,Call to Chaos,th
Llora Todo lo que Quieras,Cry Me A River,th
Locket of the Iron Solari,Locket of the Iron Solari,th
Longo Prazo,Going Long,th
Loto Adornado,Jeweled Lotus,th
Loto enjoyado,Jeweled Lotus,th
Loto ingioiellato,Jeweled Lotus,th
Lottatore professionista,Prizefighter,th
Lotus cu nestemate,Jeweled Lotus,th
Lotus précieux,Jeweled Lotus,th
Loupež základních předmětů,Component Heist,th
Lourde est la couronne,Heavy Is the Crown,th
Lov pokladů,Treasure Hunt,th
Lovagi eskü,Knight's Vow,th
Lovcův dráp,Prowler's Claw,th
Luchador,Brawler,th
Lucidité,Clear Mind,th
Lucky Gloves,Lucky Gloves,th
Luden vihara,Luden's Tempest,th
Luden'in Çığlığı,Luden's Tempest,th
Luden's Tempest,Luden's Tempest,th
Ludenova bouře,Luden's Tempest,th
Ludens Sturm,Luden's Tempest,th
Luksusowa Subskrypcja,Luxury Subscription,th
Lulu,Lulu,th
Lumina stelelor,Stargazer,th
Lunch Money,Lunch Money,th
Lunetist,Sniper,th
Lungimiranza,Forward Thinking,th
Lustrzana Osobowość,Mirrored Persona,th
Lutador,Brawler,th
Lutador Profissional,Prizefighter,th
Luvas da Sorte,Lucky Gloves,th
Luvas do Ladrão,Thief's Gloves,th
Luvas do Pugilista,Sparring Gloves,th
Luvinhas,Mittens,th
Luxury Subscription,Luxury Subscription,th
Luxus előfizetés,Luxury Subscription,th
Luxus-Abonnement,Luxury Subscription,th
Luxusní předplatné,Luxury Subscription,th
Lá Chắn Chiến Thuật,Tactician's Shield,th
Lábrate un camino,Carve a Path,th
Lágrima da Deusa,Tear of the Goddess,th
Lágrima de la Diosa,Tear of the Goddess,th
Lágrima de la diosa,Tear of the Goddess,th
Lágrimas Abundantes,Flowing Tears,th
Lángoló kohó,Living Forge,th
Lâmina Amaldiçoada,Cursed Blade,th
Lâmina Mortal,Deathblade,th
Lâmina da Fúria de Guinsoo,Guinsoo's Rageblade,th
Lâminas Fatais,Deadlier Blades,th
Légion des trois,Legion of Threes,th
Lélek,Anima,th
Lélek embléma,Anima Emblem,th
Lélekparancsnok,Anima Commander,th
Léčivá oka,Healing Orbs,th
Léčivé ozvěny,Mending Echoes,th
Lò Rèn Thăng Hoa,Apotheotic Forge,th
Lò Rèn Thần Thoại,Portable Forge,th
Lò Rèn Tiềm Ẩn,Latent Forge,th
Lótus Adornada,Jeweled Lotus,th
Lõi Bình Minh,Dawncore,th
Lüks Aboneliği,Luxury Subscription,th
Lấy Công Bù Thủ,Glass Cannon,th
Lập Đội,Teaming Up,th
Lễ Vật Tái Chế,Boon of the Scrapper,th
Lệ Lưu Ly,Flowing Tears,th
Lệch Chuẩn,Misfits,th
Lồng Đèn Của Thresh,Thresh's Lantern,th
Lời Thề Hiệp Sĩ,Knight's Vow,th
Lời Thề Hộ Vệ,Protector's Vow,th
Lựa Chọn Độc Quyền,Exclusive Customization,th
M.C. Spada,B.F. Sword,th
Ma Thuật Đan Kết,Woven Magic,th
Ma Trận Mã Độc,Malware Matrix,th
Mace's Will,Mace's Will,th
Maceracının Pazubendi,Seeker's Armguard,th
Machadinha Infernal,Hellfire Hatchet,th
Maestro Yi,Master Yi,th
Magasfeszültség,High Voltage,th
Magasztos kaland,An Exalted Adventure,th
Magia Tejida,Woven Magic,th
Magia entretejida,Woven Magic,th
Magiczny Rzut,A Magic Roll,th
Magie întrepătrunsă,Woven Magic,th
Magitechnická puškočepel,Hextech Gunblade,th
Mailles en or,The Golden Dragon,th
Main de la justice,Hand Of Justice,th
Makeshift Armor,Makeshift Armor,th
Mal Kurtarma,Salvage Bin,th
Malandro Radiante,Radiant Rascal,th
Maldición del Liche,Lich Bane,th
Mali Tytani,Tiny Titans,th
Malicious Monetization,Malicious Monetization,th
Malware Matrix,Malware Matrix,th
Malware-Matrix,Malware Matrix,th
Malwarová matice,Malware Matrix,th
Malá dárková taška,Small Grab Bag,th
Malí kámoši,Little Buddies,th
Mana magique,Woven Magic,th
Manechin de antrenament,Training Dummy,th
Manechine animate,Crash Test Dummies,th
Manechinizare,Dummify,th
Mangual del Guerrero,Striker's Flail,th
Mangual del guerrero,Striker's Flail,th
Mangual do Guerreiro,Striker's Flail,th
Mannequin d'entraînement,Training Dummy,th
Mannequinification,Dummify,th
Mannequins de choc,Crash Test Dummies,th
Mano de la Justicia,Hand Of Justice,th
Mano de la justicia,Hand Of Justice,th
Mano della giustizia,Hand Of Justice,th
Manopla Adornada,Jeweled Gauntlet,th
Manopla do Vazio,Void Gauntlet,th
Manteau de Négatron,Negatron Cloak,th
Manteau de la nuit,Edge of Night,th
Mantello del Sole,Sunfire Cape,th
Mantello dello stratega,Tactician's Cape,th
Mantello di Negatron,Negatron Cloak,th
Mantenerse unidos,Stand United,th
Mantenha a Posição,Hold the Line,th
Manter a União,Stand United,th
Mantia tacticianului,Tactician's Cape,th
Mantie Negatron,Negatron Cloak,th
Mantie solară,Sunfire Cape,th
Manto da Imobilidade,Shroud of Stillness,th
Manto de Quietud,Shroud of Stillness,th
Manto del Ocaso,Evenshroud,th
Mantén la Posición,Hold the Line,th
Maokai,Maokai,th
Maratona de Compras,Shopping Spree,th
Marauder,Marauder,th
Marauder Emblem,Marauder Emblem,th
Maraudeur,Marauder,th
Marchando un doble,Two Much Value,th
Mare și amenințătoare,Giant and Mighty,th
Marguereep,Meepsie,th
Marioneta Sombría,Shadow Puppet,th
Marioneta en las sombras,Shadow Puppet,th
"Marioneta, to jsem já",Dummify,th
Marionete das Sombras,Shadow Puppet,th
Marodeur,Marauder,th
Marodeur-Emblem,Marauder Emblem,th
Martalóc,Marauder,th
Martalóc embléma,Marauder Emblem,th
Maruderzy,Marauder,th
Master Yi,Master Yi,th
Masz Mój Łuk,You Have My Bow,th
Mata-Gigantes,Giant Slayer,th
Matador de Aluguel,Contract Killer,th
Matrice,Malware Matrix,th
Matrice malware,Malware Matrix,th
Matriz de Malware,Malware Matrix,th
Matriz de malware,Malware Matrix,th
Matryca Wirusa,Malware Matrix,th
Mavi Güçlendirme,Blue Buff,th
Max Build,Max Build,th
Maximale Ausrüstung,Max Build,th
May the Fours Be With You,May the Fours Be With You,th
Mazzafrusto dell'Assaltatore,Striker's Flail,th
Maître Yi,Master Yi,th
Maîtrise de l'artisanat,Crafted Crafting,th
Maîtrise de l'épée de Yasuo,Yasuo's Bladework,th
Mała Torba z Różnościami,Small Grab Bag,th
"Małe, Ale Zabójcze","Tiny, but Deadly",th
Mech,Mecha,th
Mecha,Mecha,th
Mechanický urychlovač,Clockwork Accelerator,th
Mechanikus gyorsító,Clockwork Accelerator,th
Mechy,Mecha,th
Medaglione dei Solari di ferro,Locket of the Iron Solari,th
Medaglione diramante,Innervating Locket,th
Medailon stimulace,Innervating Locket,th
Medailónek železných Solari,Locket of the Iron Solari,th
Medalhão Enervante,Innervating Locket,th
Medalhão dos Solari de Ferro,Locket of the Iron Solari,th
Medalion stimulant,Innervating Locket,th
Medallón de los Solari,Locket of the Iron Solari,th
Medallón estimulante,Innervating Locket,th
Mediator,Arbiter,th
Medyum,Conduit,th
Medyum Modu,Conduit Mode,th
Meep Cực Tốc,Termeepnal Velocity,th
Meeple,Meeple,th
Meeple Emblem,Meeple Emblem,th
Meeple-Emblem,Meeple Emblem,th
Meeplo,Meeple,th
Meepsie,Meepsie,th
Megamecha,The Mighty Mech,th
Megamorfosis,Recombobulator,th
Megrontott vámpírjogar,Corrupt Vampiric Scepter,th
Megszálló Zed,Invader Zed,th
Megtorlás,Retribution,th
Megváltó,Redeemer,th
Megéri a várakozást,Worth the Wait,th
Megújult erő,Second Wind,th
Meilleurs amis,Best Friends,th
Mejora Roja,Red Buff,th
Mejora azul,Blue Buff,th
Mejora roja,Red Buff,th
Mejores Amigos,Best Friends,th
Mejores amiguis,Best Friends,th
Meka,Mecha,th
Mekanik Hızlandırıcı,Clockwork Accelerator,th
Melek Asası,Seraphim's Staff,th
Melhores Amigos,Best Friends,th
Mellékhatások,Side Effects,th
Mending Echoes,Mending Echoes,th
Mente Despejada,Clear Mind,th
Mente Saturada,Cluttered Mind,th
Mente Vazia,Clear Mind,th
Mente confusa,Cluttered Mind,th
Mente despejada,Clear Mind,th
Mente lucida,Clear Mind,th
Mente saturada,Cluttered Mind,th
Menší Zrcadlová osobnost,Lesser Mirrored Persona,th
Mercure,Quicksilver,th
Mercúrio,Quicksilver,th
Merită așteptarea,Worth the Wait,th
Merkezini Bul,Find Your Center,th
Merodeador,Marauder,th
Merész húzás,Risky Moves,th
Mesada,Lunch Money,th
Messa in moto,Kick Start,th
Mesterlövész,Sniper,th
Mesterlövész embléma,Sniper Emblem,th
Meu Arco é Seu,You Have My Bow,th
Meșter de săbii,Swordsmith,th
Meșter de toiege,Staffsmith,th
Mi arco a tu servicio,You Have My Bow,th
Mici titani,Tiny Titans,th
Mici și letale,"Tiny, but Deadly",th
Micincik,Meepsie,th
Micingil,Meeple,th
Micingil Amblemi,Meeple Emblem,th
Miecz-Pistolet Hextech,Hextech Gunblade,th
Miecznik,Swordsmith,th
Mieczowy Przesyt,Sword Overflow,th
Miezul zorilor,Dawncore,th
Migliori amici,Best Friends,th
Migoczące Ostrze,Flickerblades,th
Milagre de Soraka,Soraka's Miracle,th
Milagro de Soraka,Soraka's Miracle,th
Milio,Milio,th
Min-Max,Min-Max,th
Min-max,Min-Max,th
Mindent egyre,Just Hit,th
Mini Black Hole,Mini Black Hole,th
Mini Buco nero,Mini Black Hole,th
Mini Czarna Dziura,Mini Black Hole,th
Mini Kara Delik,Mini Black Hole,th
Mini Titani,Tiny Titans,th
Mini fekete lyuk,Mini Black Hole,th
Mini gaură neagră,Mini Black Hole,th
Mini trou noir,Mini Black Hole,th
Mini černá díra,Mini Black Hole,th
Mini-Tacticien,Tiniest Titan,th
Miniagujero Negro,Mini Black Hole,th
Miniburaco Negro,Mini Black Hole,th
Minik Ama Ölümcül,"Tiny, but Deadly",th
Minik Devler,Tiny Titans,th
Minik Dostlar,Little Buddies,th
Minititanes,Tiny Titans,th
Minititã,Tiniest Titan,th
Minte aglomerată,Cluttered Mind,th
Minte limpede,Clear Mind,th
Mip,Meeple,th
Mipim,Meepsie,th
Miplík,Meeple,th
Mipo,Meeple,th
Mippino,Meepsie,th
Mipík,Meepsie,th
Mira Óptica,Target-Lock Optics,th
Miracle de Soraka,Soraka's Miracle,th
Miracolo di Soraka,Soraka's Miracle,th
Miracolul Sorakăi,Soraka's Miracle,th
Mirrored Persona,Mirrored Persona,th
Misfits,Misfits,th
Misiune în acțiune,Restart Mission,th
Miss Fortune,Miss Fortune,th
Missed Connections,Missed Connections,th
Mistr Yi,Master Yi,th
Mitones,Mittens,th
Mittens,Mittens,th
Mniejsza Lustrzana Osobowość,Lesser Mirrored Persona,th
Mniejszy Tytan,Tiniest Titan,th
Mobilidade Crescente,Upward Mobility,th
Mobilità aumentata,Upward Mobility,th
Mocný mech,The Mighty Mech,th
Modalità Convogliatore,Conduit Mode,th
Modalità replicante,Replicator Mode,th
Modalità sfidante,Challenger Mode,th
Mode Canalisateur,Conduit Mode,th
Mode Challenger,Challenger Mode,th
Mode Réplicateur,Replicator Mode,th
Modo Canalizador,Conduit Mode,th
Modo Conduíte,Conduit Mode,th
Modo Desafiante,Challenger Mode,th
Modo Replicador,Replicator Mode,th
Modo Retador,Challenger Mode,th
Modo conducto,Conduit Mode,th
Modo contienda,Challenger Mode,th
Modo réplica,Replicator Mode,th
Modrý buff,Blue Buff,th
Modul de competitor,Challenger Mode,th
Modul de intermediar,Conduit Mode,th
Modul de replicator,Replicator Mode,th
Mon arc est vôtre,You Have My Bow,th
Monetización Maligna,Malicious Monetization,th
Monetización malvada,Malicious Monetization,th
Monetizare ostilă,Malicious Monetization,th
Monetização Maliciosa,Malicious Monetization,th
Monetizzazione infida,Malicious Monetization,th
Money Hungry,Money Hungry,th
Money Monsoon,Money Monsoon,th
Monsoni sonanti,Money Monsoon,th
Monte um Amigo,Build a Bud,th
Monzón Millonario,Money Monsoon,th
Monzón de oro,Money Monsoon,th
Monção Monetária,Money Monsoon,th
Monétisation malveillante,Malicious Monetization,th
Mordekaiser,Mordekaiser,th
Morellonomicon,Morellonomicon,th
Morellonomicón,Morellonomicon,th
Morellonomikon,Morellonomicon,th
Morgana,Morgana,th
Mortaja de la quietud,Evenshroud,th
Mosse rischiose,Risky Moves,th
Moufles,Mittens,th
Movimentos Arriscados,Risky Moves,th
Mroczna Dama,Dark Lady,th
Mroczne Gwiazdy,Dark Star,th
Mudando de Área,Branching Out,th
Muffole,Mittens,th
Muhafızın Adağı,Protector's Vow,th
Muhteşem Meka,The Mighty Mech,th
Muson de bani,Money Monsoon,th
Mutări riscante,Risky Moves,th
Muñeco de Entrenamiento,Training Dummy,th
Muñecos de Prueba para Choques,Crash Test Dummies,th
Mučedníkova ctnost,Virtue of the Martyr,th
Myślenie Przyszłościowe,Forward Thinking,th
Mártírerény,Virtue of the Martyr,th
Másolás,Replication,th
Másoló,Replicator,th
Másoló mód,Replicator Mode,th
Máy Móc,Mecha,th
Máš můj luk,You Have My Bow,th
Mâna justiției,Hand Of Justice,th
Mão da Justiça,Hand Of Justice,th
Médaillon d'excitation,Innervating Locket,th
Médaillon de l'Iron Solari,Locket of the Iron Solari,th
Mételyékkő,Blighting Jewel,th
Mínimo - Máximo,Min-Max,th
Mínimo/Máximo,Min-Max,th
Mírně magický hod,Slightly Magic Roll,th
Món Quà Ngọt Ngào,Sweet Treats,th
Móng Vuốt Sterak,Sterak's Gage,th
Móng Vuốt Ám Muội,Prowler's Claw,th
Mögen die Vier mit dir sein,May the Fours Be With You,th
Mücevherli Eldiven,Jeweled Gauntlet,th
Mücevherli Nilüfer,Jeweled Lotus,th
Müdafi,Bastion,th
Müdafi Amblemi,Bastion Emblem,th
Mănușa Vidului,Void Gauntlet,th
Mănușa cu nestemate,Jeweled Gauntlet,th
Mănuși de antrenament,Sparring Gloves,th
Mănuși norocoase,Lucky Gloves,th
Mănuși strașnice,Mittens,th
Mănușile tâlharului,Thief's Gloves,th
Mărimea contează,Size Matters,th
Mũ Phù Thủy Rabadon,Rabadon's Deathcap,th
Mũ Thích Nghi,Adaptive Helm,th
Mũ Tử Thần,Deadlier Caps,th
"Một Bùa, Hai Bùa","One Buff, Two Buff",th
Một Hai Ba,One Two Three,th
"Một, Hai, Năm!","One, Two, Five!",th
Mở Lối,Carve a Path,th
N.O.V.A.,N.O.V.A,th
N.O.V.A. Amblemi,N.O.V.A. Emblem,th
N.O.V.A. Emblem,N.O.V.A. Emblem,th
N.O.V.A. embléma,N.O.V.A. Emblem,th
N.O.V.A. 상징,N.O.V.A. Emblem,th
N.O.V.A.-Emblem,N.O.V.A. Emblem,th
N.O.V.A.の紋章,N.O.V.A. Emblem,th
N.O.V.A.徽章,N.O.V.A. Emblem,th
NHẮM MẮT CHƠI BỪA,NO SCOUT NO PIVOT,th
NO SCOUT NO PIVOT,NO SCOUT NO PIVOT,th
Na velikosti záleží,Size Matters,th
Nach dem Himmel greifen,Reach for the Stars,th
Nada Się,Good For Something,th
Nagy zsákbamacska,Big Grab Bag,th
Nagy ölelés I.,Group Hug,th
Najdi své těžiště,Find Your Center,th
Najeźdźca Zed,Invader Zed,th
Najlepsi Przyjaciele,Best Friends,th
Nami,Nami,th
Nanh Nashor,Nashor's Tooth,th
Naptűz köpeny,Sunfire Cape,th
Naptűz tábla,Sunfire Board,th
Naramiennik Poszukiwacza,Seeker's Armguard,th
Narozeninové setkání,Birthday Reunion,th
Narratív védelem,Plot Armor,th
Narušitel Zed,Invader Zed,th
Nashor foga,Nashor's Tooth,th
Nashor's Tooth,Nashor's Tooth,th
Nashor'un Dişi,Nashor's Tooth,th
Nashors Zahn,Nashor's Tooth,th
Nashorův tesák,Nashor's Tooth,th
Nasus,Nasus,th
Naszyjnik Żelaznych Solari,Locket of the Iron Solari,th
Nawałnica Luden,Luden's Tempest,th
Ne Pahasına?,At What Cost,th
Nebenwirkungen,Side Effects,th
Needlessly Large Rod,Needlessly Large Rod,th
Negatron Cloak,Negatron Cloak,th
Negatron Pelerini,Negatron Cloak,th
Negatron palást,Negatron Cloak,th
Negatron-Mantel,Negatron Cloak,th
Negatronový plášť,Negatron Cloak,th
Nehéz a korona,Heavy Is the Crown,th
Nejlepší přátelé,Best Friends,th
Nejtitěrnější titán,Tiniest Titan,th
Nekonečné zoufalství,Unending Despair,th
Nenasytnost,Money Hungry,th
Neodvolatelná volba,Hard Commit,th
Neopotřebovaný,Factory New,th
Neue Stufe!,Level Up!,th
Neuer Rekrut,New Recruit,th
Nevybíravý zabiják,Indiscriminate Killer,th
New Recruit,New Recruit,th
Nezdolný,Survivor,th
Nezdolný,The Indomitable,th
Nezlomné srdce,Steadfast Heart,th
Neînduplecare,The Indomitable,th
Nghĩ Về Tương Lai,Forward Thinking,th
Người Bạn Vàng,Construct a Companion,th
Người Đá,Golem,th
Ngọn Giáo Shojin,Spear of Shojin,th
Ngọn Gió Thứ Hai,Second Wind,th
Nhà Máy Tái Chế,Salvage Bin,th
Nhân Bản,Replicator,th
Nhân Bản,Replication,th
Nhất Thống,Stand United,th
Nhỏ Mà Có Võ,"Tiny, but Deadly",th
Những Người Bạn Nhỏ,Little Buddies,th
Nicht nachlassen,Hold the Line,th
Niebieskie Wzmocnienie,Blue Buff,th
Niech Czwórki Będą z Tobą,May the Fours Be With You,th
Nieprzerwane Przywołanie,Continuous Conjuration,th
Nieskończona Rozpacz,Unending Despair,th
Niezłomne Serce,Steadfast Heart,th
Niezłomność,The Indomitable,th
Niveau supérieur !,Level Up!,th
Niveles en solitario,Solo Leveling,th
Nivelul următor!,Level Up!,th
Ničitel času,Timebreaker,th
Nişancı Yayı,Recurve Bow,th
No nos Separamos,We Stick Together,th
Non proprio inutile,Good For Something,th
Nos mantenemos unidos,We Stick Together,th
Notfallbögen,Backup Bows,th
Nouveau départ,Restart Mission,th
Nouvelle recrue,New Recruit,th
Nouzová,Wit's End,th
Novo Nível!,Level Up!,th
Novo Recruta,New Recruit,th
Novo de Fábrica,Factory New,th
Nová úroveň!,Level Up!,th
Nový rekrut,New Recruit,th
Nowy Rekrut,New Recruit,th
Nucleo dell'alba,Dawncore,th
Nuevecito,Factory New,th
Nuevo Recluta,New Recruit,th
Nuevo de Fábrica,Factory New,th
Nuevo recluta,New Recruit,th
Nunu & Willump,Nunu & Willump,th
Nunu a Willump,Nunu & Willump,th
Nunu e Willump,Nunu & Willump,th
Nunu et Willump,Nunu & Willump,th
Nunu i Willump,Nunu & Willump,th
Nunu ve Willump,Nunu & Willump,th
Nunu y Willump,Nunu & Willump,th
Nunu és Willump,Nunu & Willump,th
Nunu și Willump,Nunu & Willump,th
Nuova recluta,New Recruit,th
Nuovo di zecca,Factory New,th
NÃO PIVOTO,NO SCOUT NO PIVOT,th
NÉ ESPLORATORE NÉ STRATEGA,NO SCOUT NO PIVOT,th
Nájemný zabiják,Contract Killer,th
Nákupní horečka,Shopping Spree,th
Nálož atributů!,Tons of Stats!,th
Nástup,Lineup,th
Nâng Tầm Uy Lực,Augmented Power,th
Négységben az erő,ReinFOURcement,th
Núcleo Comercial,Commerce Core,th
Núcleo comercial,Commerce Core,th
Núcleo de Negócios,Commerce Core,th
Născut înțelept,Silver Spoon,th
Nước Cappa,Cappa Juice,th
Nước Mắt Nữ Thần,Tear of the Goddess,th
Nước Đi Liều Lĩnh,Risky Moves,th
Nếm Mùi Lửa,Feed the Flames,th
Nỏ Sét,Ionic Spark,th
O Big Bang,The Big Bang,th
O Ovo Dourado,The Golden Egg,th
O aventură triumfătoare,An Exalted Adventure,th
Obchodní sektor,Trade Sector,th
Obiectele Pandorei,Pandora's Items,th
Objetivización de práctica,Dummify,th
Objetivo de práctica,Training Dummy,th
Objetos de Pandora,Pandora's Items,th
Objets blindés,Sweet Treats,th
Objets de Pandore,Pandora's Items,th
Oblicze Ducha,Spirit Visage,th
Obracečka,Spatula,th
Obrońca Korony,Crownguard,th
Obrońcy,Vanguard,th
Obrův opasek,Giant's Belt,th
Obserwatorzy Gwiazd,Stargazer,th
Obsesia lui Varus,Varus's Obsession,th
Obsesión de Varus,Varus's Obsession,th
Obsesja Varusa,Varus's Obsession,th
Obsession de Varus,Varus's Obsession,th
Obsessão de Varus,Varus's Obsession,th
Obstinación,NO SCOUT NO PIVOT,th
Obstination,NO SCOUT NO PIVOT,th
Obumarły Relikt,Withered Relic,th
Obyczajówka,Slice of Life,th
Ocalały,Survivor,th
Ocağı Harla,Latent Forge,th
Ochrana nekonečna,Infinity Protection,th
Ochranný val,Bulwark,th
Ochrona Nieskończoności,Infinity Protection,th
Ochráncův slib,Protector's Vow,th
Ociosidade,AFK,th
Oczekiwane Nieoczekiwanie,Expected Unexpectedness,th
Océan de larmes,Cry Me A River,th
Odaklı Ateş,Focused Fire,th
Odkupiciel,Redeemer,th
Odkupienie,Retribution,th
Odnajdź Równowagę,Find Your Center,th
Odolná dvojka,Two Tanky,th
Odpadlík,Rogue,th
Odplata,Retribution,th
Odražení ode dna,Comeback Story,th
Odrzutki,Misfits,th
Odstřelovač,Sniper,th
Odświeżanie na Zapas,Rolling for Days,th
Oferenda de Sangue,Blood Offering,th
Offrande sanguinaire,Blood Offering,th
Ofiara z Krwi,Blood Offering,th
Ofrandă de sânge,Blood Offering,th
Ofrenda de Sangre,Blood Offering,th
Ofrenda de sangre,Blood Offering,th
Oggetti di Pandora,Pandora's Items,th
Ognista Armata,Rapid Firecannon,th
Ohnivý výprodej,Firesale,th
Okos költekezés,Wise Spending,th
On a Roll,On a Roll,th
Onda Espacial,Space Groove,th
Onda espacial,Space Groove,th
"One Buff, Two Buff","One Buff, Two Buff",th
One Two Three,One Two Three,th
"One, Two, Five!","One, Two, Five!",th
Onoarea războinicului,Warlord's Honor,th
Opatrovníkův spojenec,Caretaker's Ally,th
Oprýskaná relikvie,Withered Relic,th
Optică de fixare a țintei,Target-Lock Optics,th
Optimisation optimisée,Augmented Power,th
Optique de verrouillage,Target-Lock Optics,th
Optyka Namierzająca,Target-Lock Optics,th
Optymalnie,Min-Max,th
Opóźniona Kuźnia,Latent Forge,th
Oracle,Oracle,th
Oracol,Oracle,th
Oracolo,Oracle,th
Orakel,Oracle,th
Orbes Curativos,Healing Orbs,th
Orbes curativos,Healing Orbs,th
Orbes de curación,Healing Orbs,th
Orbes de soins,Healing Orbs,th
Ornn,Ornn,th
Oráculo,Oracle,th
Osiłki,Brawler,th
Ossessione di Varus,Varus's Obsession,th
Ostatni Szept,Last Whisper,th
Ostnatá vesta,Bramble Vest,th
Ostoja,Bulwark,th
Ostrze Gniewu Guinsoo,Guinsoo's Rageblade,th
Ostrze Nieskończoności,Infinity Edge,th
Ostrze Nocy,Edge of Night,th
Ostrze Śmierci,Deathblade,th
Ostří nekonečna,Infinity Edge,th
Otimização,Min-Max,th
Otisk duše,Spirit Visage,th
Ottica a puntamento assistito,Target-Lock Optics,th
Oul de aur,The Golden Egg,th
Očekávaná neočekávanost,Expected Unexpectedness,th
Oštěp Šódžinu,Spear of Shojin,th
Oțel aurit,Gilded Steel,th
P'tits titans,Tiny Titans,th
Pacchetto di aiuti,Care Package,th
Pachet de amplificare,Booster Pack,th
Pachet de îngrijire,Care Package,th
Paciencia de Ekko,Ekko's Patience,th
Paciência de Ekko,Ekko's Patience,th
Pacote de Reforço,Booster Pack,th
Pacote de Suprimentos,Care Package,th
Pact etern,Eternal Pact,th
Pacte éternel,Eternal Pact,th
Pacto Eterno,Eternal Pact,th
Pacto eterno,Eternal Pact,th
Paczka Wsparcia,Care Package,th
Padella,Frying Pan,th
Paff!,Bonk!,th
Palier 1,Missed Connections,th
Palčáky,Mittens,th
Panca di Pandora,Pandora's Bench,th
Panda de ladrones,Band of Thieves,th
Panda de ladrones II,Band of Thieves II,th
Pandora kispadja,Pandora's Bench,th
Pandora tárgyai II.,Pandora's Items,th
Pandora'nın Eşyaları,Pandora's Items,th
Pandora'nın Yedekleri,Pandora's Bench,th
Pandora's Bench,Pandora's Bench,th
Pandora's Items,Pandora's Items,th
Pandoras Bank,Pandora's Bench,th
Pandoras Gegenstände,Pandora's Items,th
Pandořina střídačka,Pandora's Bench,th
Pandořiny předměty,Pandora's Items,th
Pantheon,Pantheon,th
Panzerwalküre,Gun Goddess,th
Paquete de Cuidados,Care Package,th
Paquete de Mejora,Booster Pack,th
Paquete de mejora,Booster Pack,th
Par ici l'XP,Silver Spoon,th
Parabraccia del cercatore,Seeker's Armguard,th
Paragöz,Money Hungry,th
Parancsnok,Commander,th
Parceria,Teaming Up,th
Pariu de aur,Golden Gamble,th
Pariu pe viitor,Going Long,th
Pariul lui Urf,Urf's Gambit,th
Parlakpul Özü,Shimmerscale Essence,th
Partage emblématique,We Stick Together,th
Parti Patisi,Party Animal,th
Partial Ascension,Partial Ascension,th
Partiállat,Party Animal,th
Party Animal,Party Animal,th
Partytiger,Party Animal,th
Pas Giganta,Giant's Belt,th
Pas le choix,At What Cost,th
Pasowy Przesyt,Belt Overflow,th
Pasterze,Shepherd,th
Pastor,Shepherd,th
Pastore,Shepherd,th
Pastýř,Shepherd,th
Patelnia,Frying Pan,th
Patience,Aura Farming,th
Patience d'Ekko,Ekko's Patience,th
Patience is a Virtue,Patience is a Virtue,th
Patient Study,Patient Study,th
Patientenstudie,Patient Study,th
Patru de partea ta,May the Fours Be With You,th
Patto eterno,Eternal Pact,th
Pavois,Bulwark,th
Pazienza di Ekko,Ekko's Patience,th
Pařmen,Party Animal,th
Pe val,On a Roll,th
Pedeapsă,Retribution,th
Pegno di Sterak,Sterak's Gage,th
Pegno di sangue,Blood Price,th
Peleador,Brawler,th
Peleryna Taktyka,Tactician's Cape,th
Pensamiento progresista,Forward Thinking,th
Pensando no Futuro,Forward Thinking,th
Pensar a Futuro,Forward Thinking,th
Peníze na oběd,Lunch Money,th
"Pequenas, Mas Letais","Tiny, but Deadly",th
Pequenos Titãs,Tiny Titans,th
Pequeño Titán,Tiniest Titan,th
Pequeño pero mortífero,"Tiny, but Deadly",th
Pequeños pero matones,"Tiny, but Deadly",th
Perdición del liche,Lich Bane,th
Perdite calcolate,Calculated Loss,th
Perdição de Lich,Lich Bane,th
Pergamino ligeramente mágico,Slightly Magic Roll,th
Pergamino mágico,A Magic Roll,th
Persona Espelhada,Mirrored Persona,th
Persona Espelhada Inferior,Lesser Mirrored Persona,th
Persona en Espejo,Mirrored Persona,th
Persona en Espejo menor,Lesser Mirrored Persona,th
Personalitate în oglindă,Mirrored Persona,th
Personalitate în oglindă minoră,Lesser Mirrored Persona,th
Personalità speculare,Mirrored Persona,th
Personalità speculare minore,Lesser Mirrored Persona,th
Personalización exclusiva,Exclusive Customization,th
Personalizare exclusivă,Exclusive Customization,th
Personalização Exclusiva,Exclusive Customization,th
Personalizzazione esclusiva,Exclusive Customization,th
Personnalité miroir,Mirrored Persona,th
Personnalité miroir mineure,Lesser Mirrored Persona,th
Perszónatükör,Mirrored Persona,th
Pesada es la Corona,Heavy Is the Crown,th
Pesada é a Coroa,Heavy Is the Crown,th
Pesante è la corona,Heavy Is the Crown,th
Pescando cumplidos,Aura Farming,th
Pesimist,Doomer,th
Pestjuwel,Blighting Jewel,th
Pestrá sebranka,Misfits,th
Petit sac de butin,Small Grab Bag,th
Petits mais costauds,"Tiny, but Deadly",th
Petrecăreț,Party Animal,th
Pevná linie,Hold the Line,th
Pevné opasky,Belt Overflow,th
Pečlivé ladění,Min-Max,th
Pfannenwender,Spatula,th
Phi Vụ Trang Bị,Component Heist,th
Phong Kiếm,Zephyr,th
Pháo Xương Cá,Fishbones,th
Phân Nhánh,Branching Out,th
Phép Màu Của Soraka,Soraka's Miracle,th
Phóng Hỏa,Sunfire Board,th
Phản Ứng Phụ,Side Effects,th
"Piccole, ma letali","Tiny, but Deadly",th
Piccoli alleati,Little Buddies,th
Piekielny Toporek,Hellfire Hatchet,th
Pieniążki na Obiad,Lunch Money,th
Pierdere calculată,Calculated Loss,th
Pile ou face,Golden Gamble,th
Pilfer,Pilfer,th
Pillín radiante,Radiant Rascal,th
Pioggia di statistiche!,Tons of Stats!,th
Pistola Laminar Hextec,Hextech Gunblade,th
Pistola a lame hextech,Hextech Gunblade,th
Pistolame Hextech,Hextech Gunblade,th
Pisztolyistennő,Gun Goddess,th
Placa Gargolítica,Gargoyle Stoneplate,th
Placa Solo,Solo Plate,th
Plan de viitor,Forward Thinking,th
Plancia del Sole,Sunfire Board,th
Planlı Mağlubiyet,Calculated Loss,th
Plano de Línea Trasera,Backline Blueprint,th
Plano de retaguardia,Backline Blueprint,th
Plateau solaire,Sunfire Board,th
Platoșa garguiului,Gargoyle Stoneplate,th
Platoșă unică,Solo Plate,th
Plecat de la tastatură,AFK,th
Plemienna Zbroja,Warmog's Armor,th
Plocha slunečního žáru,Sunfire Board,th
Plot Armor,Plot Armor,th
Pluie d'argent,Money Monsoon,th
Plán pro zadní řadu,Backline Blueprint,th
Plášť slunečního žáru,Sunfire Cape,th
Po Prostu Traf,Just Hit,th
Pocalul puterii,Chalice of Power,th
Podatek Poznawczy,Cognitive Tax,th
Podejrzany Płaszcz,Suspicious Trench Coat,th
Poder Aprimorado,Augmented Power,th
Poder Mejorado,Augmented Power,th
Poder mejorado,Augmented Power,th
Poderoso Mech,The Mighty Mech,th
Podezřelý pršiplášť,Suspicious Trench Coat,th
Podpůrný implantát,Sympathetic Implant,th
Podróżnicy,Voyager,th
Podstawy Boksu,Boxing Lessons,th
Podsycenie Płomieni,Feed the Flames,th
Podwójna Wytrzymałość,Two Tanky,th
Podziel Się Uwagą Yasuo,Yasuo's Share The Spotlight,th
Pofuduk Eldiven,Mittens,th
Pogromca Olbrzymów,Giant Slayer,th
Pohodový život,Slice of Life,th
Pohár moci,Chalice of Power,th
Poignard de Statikk,Statikk Shiv,th
Poiscaille,Fishbones,th
Pojemnik na Złom,Salvage Bin,th
Pokoli csatabárd,Hellfire Hatchet,th
Pokročilá půjčka,Advanced Loan,th
Polovodič,Semiconductor,th
Polowanie na Skarb,Treasure Hunt,th
Poppy,Poppy,th
Porcelanowe Działo,Glass Cannon,th
Pornire rapidă,Kick Start,th
Porque yo lo valgo,Good For Something,th
Portable Forge,Portable Forge,th
Portail de Zz'Rot,Zz'Rot Portal,th
Portal Zz'Rot,Zz'Rot Portal,th
Portal Zz'rot,Zz'Rot Portal,th
Portal de Zz'Rot,Zz'Rot Portal,th
Portale Zz'Rot,Zz'Rot Portal,th
Portál Zz'Rotu,Zz'Rot Portal,th
Posición defensiva,Hold the Line,th
Posilovací balíček,Booster Pack,th
Poslední zašeptání,Last Whisper,th
Postav si kámoše,Build a Bud,th
Posępny Herold Zeke'a,Zeke's Bleak Herald,th
Potere dell'Impianto,Augmented Power,th
Potok slz,Cry Me A River,th
Potężny Mech,The Mighty Mech,th
Poutník,Voyager,th
Povara coroanei,Heavy Is the Crown,th
Povestea revenirii,Comeback Story,th
Pozlacená ocel,Gilded Steel,th
Poznawcze Przeciążenie,Cognitive Overload,th
Poznaș radiant,Radiant Rascal,th
Pozłacana Stal,Gilded Steel,th
Poêle à frire,Frying Pan,th
Požehnaný bohy,God-Blessed,th
Prapůvodní,Primordian,th
Precio Sangriento,Blood Price,th
Precio sangriento,Blood Price,th
Precisión infalible,Horizon Focus,th
Predone,Marauder,th
Preiskämpfer,Prizefighter,th
Première ligne,Lineup,th
Presente de Aniversário,Birthday Present,th
Preservador de Biomateria,Biomatter Preserver,th
Preservador de Biomatéria,Biomatter Preserver,th
Preservador de biomateria,Biomatter Preserver,th
Pretendenci,Challenger,th
Prevalere,Win Out,th
Prezent Urodzinowy,Birthday Present,th
Preço em Sangue,Blood Price,th
Prețul sângelui,Blood Price,th
Prieteni micuți,Little Buddies,th
Primeras Lecciones,Early Learnings,th
Primi insegnamenti,Early Learnings,th
Primordia'lı,Primordian,th
Primordia'lı Amblemi,Primordian Emblem,th
Primordiai,Primordian,th
Primordiai embléma,Primordian Emblem,th
Primordian,Primordian,th
Primordian Emblem,Primordian Emblem,th
Primordianer,Primordian,th
Primordianer-Emblem,Primordian Emblem,th
Primordianie,Primordian,th
Primordiano,Primordian,th
Primordien,Primordian,th
Prismatic Ticket,Prismatic Ticket,th
Prismatisches Ticket,Prismatic Ticket,th
Prizefighter,Prizefighter,th
Prizmatik Bilet,Prismatic Ticket,th
Proaspăt fabricat,Factory New,th
Probuzení duše,Soul Awakening,th
Progresión en el juego tardío,Late Game Scaling,th
Progresión final,Late Game Scaling,th
Projeto da Retaguarda,Backline Blueprint,th
Prokletá koruna,Cursed Crown,th
Prokleté ostří,Cursed Blade,th
Promesa de caballero,Knight's Vow,th
Promesa del Caballero,Knight's Vow,th
Promesa del protector,Protector's Vow,th
Promoção de Cintos,Belt Overflow,th
Promoção de Espadas,Sword Overflow,th
Promoção de Varinhas,Wand Overflow,th
Promyšlená prohra,Calculated Loss,th
Prosekání cesty,Carve a Path,th
Prostředník,Conduit,th
Protagonista Nigdy Nie Umiera,Plot Armor,th
Protección del Infinito,Infinity Protection,th
Protección en solitario,Solo Plate,th
Protección infinita,Infinity Protection,th
Protection infinie,Infinity Protection,th
Protector pétreo de gárgola,Gargoyle Stoneplate,th
Protector's Vow,Protector's Vow,th
Protecția infinitului,Infinity Protection,th
Protecție universală,Plot Armor,th
Protezione di trama,Plot Armor,th
Protezione infinita,Infinity Protection,th
Proteção Imutável,Evenshroud,th
Proteção do Infinito,Infinity Protection,th
Protège-bras du savant,Seeker's Armguard,th
Provisiones,Care Package,th
Provizorní zbroj,Makeshift Armor,th
Prowler's Claw,Prowler's Claw,th
Prozíravost,Forward Thinking,th
Pryzmatyczny Bilet,Prismatic Ticket,th
Przebudzenie Duszy,Soul Awakening,th
Przedmioty Pandory,Pandora's Items,th
Przekaźnik,Conduit,th
Przeklęta Korona,Cursed Crown,th
Przeklęte Ostrze,Cursed Blade,th
Przeniesienie Ładunku,Charge Transfer,th
Przenośna Kuźnia,Portable Forge,th
Przodownicy Składu,Lineup,th
Przysięga Rycerska,Knight's Vow,th
Préstamo Anticipado,Advanced Loan,th
Préstamo avanzado,Advanced Loan,th
Prêt anticipé,Advanced Loan,th
Prędkość Meepa,Termeepnal Velocity,th
Psionic,Psionic,th
Psionic Emblem,Psionic Emblem,th
Psionico,Psionic,th
Psioniczni,Psionic,th
Psionik,Psionic,th
Psionik Amblemi,Psionic Emblem,th
Psionique,Psionic,th
Psionisch,Psionic,th
Psionisch-Emblem,Psionic Emblem,th
Psiónico,Psionic,th
Psiônico,Psionic,th
Pszionikus,Psionic,th
Pszionikus embléma,Psionic Emblem,th
Puchar Potęgi,Chalice of Power,th
Pugnale di Statikk,Statikk Shiv,th
Puissance 4,ReinFOURcement,th
Pulsar sombre,Dark Star,th
Punguța lui Urf,Urf's Grab Bag,th
Punguță cu obiecte surpriză,Item Grab Bag,th
Punguță eroică,Heroic Grab Bag,th
Punguță mare,Big Grab Bag,th
Punguță mică,Small Grab Bag,th
Puppifizierung,Dummify,th
Putere augmentată,Augmented Power,th
"Puternic, dar fragil",Glass Cannon,th
Puñal de Statikk,Statikk Shiv,th
Pușcă cu baionetă hextech,Hextech Gunblade,th
Pyke,Pyke,th
Pálcaszállítmány,Wand Overflow,th
Páros várólista,Duo Queue,th
Pásztor,Shepherd,th
Pásztor embléma,Shepherd Emblem,th
Pénzes persely,Savings Account,th
Pénzmonszun,Money Monsoon,th
Pénzéhes,Money Hungry,th
Pérdida Calculada,Calculated Loss,th
Pérdida calculada,Calculated Loss,th
Pícaro,Rogue,th
Półprzewodnik,Semiconductor,th
Pălăria malefică a lui Rabadon,Rabadon's Deathcap,th
Pălării mai letale,Deadlier Caps,th
Păpușa din umbră,Shadow Puppet,th
Păstor,Shepherd,th
Pěstnice Prázdnoty,Void Gauntlet,th
Płaszcz Negacji,Negatron Cloak,th
Płynące Łzy,Flowing Tears,th
Přebytek holí,Wand Overflow,th
Přebytek mečů,Sword Overflow,th
Předplacená služba,Subscription Service,th
Předvoj,Vanguard,th
Přelom noci,Edge of Night,th
Přenos náboje,Charge Transfer,th
Přenosná kovárna,Portable Forge,th
Přizpůsobivá přilba,Adaptive Helm,th
Přízračná šavle,Spectral Cutlass,th
Quang Lân Tiểu Yêu,Radiant Rascal,th
Quatre cents coups,May the Fours Be With You,th
Quay Trúng Thưởng,Slightly Magic Roll,th
Que los Cuatros te Acompañen,May the Fours Be With You,th
Que los cuatros te acompañen,May the Fours Be With You,th
Que os Quatros Estejam com Você,May the Fours Be With You,th
Quecksilber,Quicksilver,th
Quem Espera Sempre Alcança,Patience is a Virtue,th
Question de taille,Size Matters,th
Quicksilver,Quicksilver,th
Quyền Năng Khổng Lồ,Titan's Resolve,th
Quyền Trượng Thiên Thần,Archangel's Staff,th
Quyền Trượng Thánh Quang,Virtue of the Martyr,th
Quà Sinh Nhật,Birthday Present,th
Quá Tải Tư Duy,Cognitive Overload,th
Quân Đoàn 3 Sao,Legion of Threes,th
Quỷ Thư Morello,Morellonomicon,th
Quỹ Phòng Hộ,Hedge Fund,th
Rabadon halálsüvege,Rabadon's Deathcap,th
Rabadon's Deathcap,Rabadon's Deathcap,th
Rabadon'un Şapkası,Rabadon's Deathcap,th
Rabadons Todeshaube,Rabadon's Deathcap,th
Rabadonův smrtící klobouk,Rabadon's Deathcap,th
Raccolta differenziata,Salvage Bin,th
Radiant Rascal,Radiant Rascal,th
Radici diffuse,Spreading Roots,th
Raffinierte Herstellung,Crafted Crafting,th
Rakeťák,Fishbones,th
Ramificación,Branching Out,th
Ramificare,Branching Out,th
Ramię w Ramię,We Stick Together,th
Rammus,Rammus,th
Rapid Firecannon,Rapid Firecannon,th
Rappresaglia,Retribution,th
Rasga-tempo,Timebreaker,th
Raufbold,Brawler,th
Raufbold-Emblem,Brawler Emblem,th
Ravitaillement,Care Package,th
"Raz, Dwa, Pięć!","One, Two, Five!",th
"Raz, Dwa, Trzy",One Two Three,th
"Raz, dva, pět!","One, Two, Five!",th
Raíces Propagadoras,Spreading Roots,th
Raíces expansivas,Spreading Roots,th
Raízes Alastradas,Spreading Roots,th
Rdzeń Handlu,Commerce Core,th
Rdzeń Świtu,Dawncore,th
Reach for the Stars,Reach for the Stars,th
Rebel,Rogue,th
Rebelle,Rogue,th
Recombobulador,Recombobulator,th
Recombobulateur,Recombobulator,th
Recombobulator,Recombobulator,th
Recomeçar Missão,Restart Mission,th
Recomeço Cósmico,Cosmic Restart,th
Recrut nou,New Recruit,th
Recursos de Ferro,Iron Assets,th
Recursos de Hierro,Iron Assets,th
Recursos de hierro,Iron Assets,th
Recurve Bow,Recurve Bow,th
Recyclingtonne,Salvage Bin,th
Recyklátor,Salvage Bin,th
Red Buff,Red Buff,th
Redeemer,Redeemer,th
Redentor,Redeemer,th
Redentora,Redeemer,th
Redentore,Redeemer,th
Reducere fulger,Firesale,th
Reflexní luk,Recurve Bow,th
Reflexíj,Recurve Bow,th
Regalo de cumpleaños,Birthday Present,th
Regalo di compleanno,Birthday Present,th
Regiaguardia,Crownguard,th
ReinFOURcement,ReinFOURcement,th
Reiniciar Misión,Restart Mission,th
Reinicio Cósmico,Cosmic Restart,th
Reinicio cósmico,Cosmic Restart,th
Reinicio de misión,Restart Mission,th
Rek'Sai,Rek'Sai,th
Rekombinator,Recombobulator,th
Rekombobulator,Recombobulator,th
Rekombobulátor,Recombobulator,th
Rekursivbogen,Recurve Bow,th
Relances régulières,Commerce Core,th
Relances épiques,Epic Rolldown,th
Relances étoilées,On a Roll,th
Relato de un regreso,Comeback Story,th
Relicario Enervante,Innervating Locket,th
Relicario de los Solari de Hierro,Locket of the Iron Solari,th
Relicva ofilită,Withered Relic,th
Relique flétrie,Withered Relic,th
Reliquia Marchita,Withered Relic,th
Reliquia appassita,Withered Relic,th
Reliquia marchita,Withered Relic,th
Relíquia Definhada,Withered Relic,th
Rendelkezz az íjammal,You Have My Bow,th
Repaire du baron,Baron's Lair,th
Replica,Replication,th
Replicador,Replicator,th
Replicante,Replicator,th
Replication,Replication,th
Replicator,Replicator,th
Replicator Mode,Replicator Mode,th
Replicação,Replication,th
Replikace,Replication,th
Replikacja,Replication,th
Replikacı,Replicator,th
Replikacı Modu,Replicator Mode,th
Replikator,Replicator,th
Replikator-Modus,Replicator Mode,th
Replikatorzy,Replicator,th
Replikační režim,Replicator Mode,th
Replikátor,Replicator,th
Repornire cosmică,Cosmic Restart,th
Reproducere,Replication,th
Rerroleo Épico,Epic Rolldown,th
Reserva de Pandora,Pandora's Bench,th
Resolución titánica,Titan's Resolve,th
Restart Misji,Restart Mission,th
Restart Mission,Restart Mission,th
Restartování mise,Restart Mission,th
Restiamo uniti,We Stick Together,th
Retador,Challenger,th
Retribución,Retribution,th
Retribution,Retribution,th
Reuniune aniversară,Birthday Reunion,th
Reunión cumpleañera,Birthday Reunion,th
Reunión de Cumpleaños,Birthday Reunion,th
Reviravolta,Comeback Story,th
Rezistența din prima linie,Hold the Line,th
Reîncărcare relativ magică,Slightly Magic Roll,th
Reîncărcări epice,Epic Rolldown,th
Reîncărcări la grămadă,Rolling for Days,th
Režim Prostředník,Conduit Mode,th
Rhaast,Rhaast,th
Riavvia missione,Restart Mission,th
Riavvio cosmico,Cosmic Restart,th
Ribalta condivisa di Yasuo,Yasuo's Share The Spotlight,th
Richiamo al caos,Call to Chaos,th
Ricombussolatore,Recombobulator,th
Riesenschlächter,Giant Slayer,th
Riesenschwert,B.F. Sword,th
Rift Scuttler,Rift Scuttler,th
Risikofonds,Hedge Fund,th
Riskante Aktionen,Risky Moves,th
Riskantní tah,Risky Moves,th
Risky Moves,Risky Moves,th
Risorse ferrose,Iron Assets,th
Risveglio dell'anima,Soul Awakening,th
Ritmo Spaziale,Space Groove,th
Ritrovo di compleanno,Birthday Reunion,th
Ritterschwur,Knight's Vow,th
Riven,Riven,th
Robbanásszerű fejlődés,Explosive Growth,th
Robo de componentes,Component Heist,th
Robot,The Mighty Mech,th
Robotul Mecha impunător,The Mighty Mech,th
Rogue,Rogue,th
Rogue Emblem,Rogue Emblem,th
Rolling For Days,Rolling for Days,th
Rolo Compressor,On a Roll,th
Rompetiempo,Timebreaker,th
Rostro espiritual,Spirit Visage,th
Roter Buff,Red Buff,th
Roubo de Componentes,Component Heist,th
Rouška nehybnosti,Shroud of Stillness,th
Rozgałęzienie,Branching Out,th
Rozmiar Ma Znaczenie,Size Matters,th
Rozruch,Kick Start,th
Rozrůstání kořenů,Spreading Roots,th
Rozsądne Wydatki,Wise Spending,th
Rozvětvení,Branching Out,th
Rtuť,Quicksilver,th
Ruf des Chaos,Call to Chaos,th
Rufián Radiante,Radiant Rascal,th
Rugalmas,Flexible,th
Ruh Gömleği,Spirit Visage,th
Ruh Uyanışı,Soul Awakening,th
Ruka spravedlnosti,Hand Of Justice,th
Rukavice pro štěstí,Lucky Gloves,th
Rváč,Brawler,th
Rybeńka,Fishbones,th
Rychlopalné ohnivé dělo,Rapid Firecannon,th
Rychlý dvojzářez,Speedy Double Kill,th
Rychlý start,Kick Start,th
Rytířský slib,Knight's Vow,th
Ryzykowne Posunięcia,Risky Moves,th
Rzeka Łez,Cry Me A River,th
Récompenses de guerre,Warpath,th
Rédempteur,Redeemer,th
Réinitialisation cosmique,Cosmic Restart,th
Réplica,Replication,th
Réplicateur,Replicator,th
Résistance acharnée,Plot Armor,th
Részleges Felemelkedés,Partial Ascension,th
Réunion d'anniversaire,Birthday Reunion,th
Rìu Hỏa Ngục,Hellfire Hatchet,th
Rìu Đại Mãng Xà,Titanic Hydra,th
Río de lágrimas,Flowing Tears,th
Różdżkowy Przesyt,Wand Overflow,th
Rögtönzött páncél,Makeshift Armor,th
Răbdarea e o virtute,Patience is a Virtue,th
Răbdarea lui Ekko,Ekko's Patience,th
Rădăcini răspândite,Spreading Roots,th
Rămânem împreună,We Stick Together,th
Răsăritul din Silvermere,Silvermere Dawn,th
Ręka Sprawiedliwości,Hand Of Justice,th
Rękawica Pustki,Void Gauntlet,th
Rękawice Sparingowe,Sparring Gloves,th
Rękawice Złodzieja,Thief's Gloves,th
Rękawiczki,Mittens,th
Rồng Đẻ Trứng Vàng,The Golden Egg,th
SZILÁRD ELTÖKÉLTSÉG,NO SCOUT NO PIVOT,th
Saber Gastar,Wise Spending,th
Sabia blestemată,Cursed Blade,th
Sabia forței brute,B.F. Sword,th
Sabia infinitului,Infinity Edge,th
Sabia morții,Deathblade,th
Sabia sângeroasă,Bloodthirster,th
Sable Espectral,Spectral Cutlass,th
Sable espectral,Spectral Cutlass,th
Sable-pistola hextech,Hextech Gunblade,th
Sablepistola Hextech,Hextech Gunblade,th
Sabre spectral,Spectral Cutlass,th
Sabır Erdemdir,Patience is a Virtue,th
Sac de butin,Item Grab Bag,th
Saco de Brindes,Item Grab Bag,th
Saco de Brindes Heroico,Heroic Grab Bag,th
Saco de Brindes Pequeno,Small Grab Bag,th
Saco de Brindes Recheado,Big Grab Bag,th
Saco de Brindes do Urf,Urf's Grab Bag,th
Sacrificio cruento,Blood Offering,th
Sadakat,Hard Commit,th
Safları Koru,Hold the Line,th
Saklı Gerçek,Kahunahuna,th
Saldi imperdibili,Firesale,th
Saldão,Firesale,th
Salvage Bin,Salvage Bin,th
Salvator,Redeemer,th
Samira,Samira,th
Sanguinaire,Blood Price,th
Sanguinaria,Bloodthirster,th
Saqueador,Marauder,th
Sartén,Frying Pan,th
Saum der Nacht,Edge of Night,th
Sauter une classe,Win Out,th
Savaş Yolu,Warpath,th
Savings Account,Savings Account,th
Scalata verso il successo,Climb The Ladder,th
Scegli tratto,เลือกคุณสมบัติ,th
Sceptre vampirique corrompu,Corrupt Vampiric Scepter,th
Sceptru vampiric corupt,Corrupt Vampiric Scepter,th
Sceptrul Vidului,Void Staff,th
Sceptrul serafimului,Seraphim's Staff,th
Scettro dell'arcangelo,Archangel's Staff,th
Scettro serafino,Seraphim's Staff,th
Scettro vampirico corrotto,Corrupt Vampiric Scepter,th
Scharfschütze,Sniper,th
Scharfschütze-Emblem,Sniper Emblem,th
Schattenpuppe,Shadow Puppet,th
Schatzjagd,Treasure Hunt,th
Schema della retroguardia,Backline Blueprint,th
Schemat Tylnej Formacji,Backline Blueprint,th
Schiantare,Slammin',th
Schicksalsweber,Fateweaver,th
Schild des Taktikers,Tactician's Shield,th
Schiță pentru linia din spate,Backline Blueprint,th
Schlag zu,Slammin',th
Schlussverkauf,Firesale,th
Schmiede einen Freund,Forge a Friend,th
Schnellfeuer-Geschütz,Rapid Firecannon,th
Schurke,Rogue,th
Schurken-Emblem,Rogue Emblem,th
Schutz der Unendlichkeit,Infinity Protection,th
Schwer ist die Krone,Heavy Is the Crown,th
Schwertschmied,Swordsmith,th
Schwertüberfluss,Sword Overflow,th
Schwur des Beschützers,Protector's Vow,th
Schüre das Feuer,Feed the Flames,th
Sciabola spettrale,Spectral Cutlass,th
Scintilla ionica,Ionic Spark,th
Scommessa dorata,Golden Gamble,th
Scommessa rischiosa,Hard Commit,th
Scudo dello stratega,Tactician's Shield,th
Scutul amurgului,Aegis of Dusk,th
Scutul tacticianului,Tactician's Shield,th
Scutul zorilor,Aegis of Dawn,th
Scânteie ionică,Ionic Spark,th
Sdílená zbroj,Plot Armor,th
Sebevražední panáci,Crash Test Dummies,th
Second Wind,Second Wind,th
Second souffle,Second Wind,th
Secondo fiato,Second Wind,th
Secteur commercial,Trade Sector,th
Section Anima,Anima,th
Sector comercial,Trade Sector,th
Sector de Intercambio,Trade Sector,th
Sectorul comercial,Trade Sector,th
Secure din focul iadului,Hellfire Hatchet,th
Sed de dinero,Money Hungry,th
Sede de Riqueza,Money Hungry,th
Sedenta por Sangue,Bloodthirster,th
Seeker's Armguard,Seeker's Armguard,th
Seelenerwachen,Soul Awakening,th
Segen der Wiederbelebung,Boon of Resurrection,th
Segundo Aire,Second Wind,th
Sehraný tým,Teaming Up,th
Sekera pekelného ohně,Hellfire Hatchet,th
Sektor Wymiany,Trade Sector,th
Selbstständig machen,Branching Out,th
Semblante Espiritual,Spirit Visage,th
Semi-conducteur,Semiconductor,th
Semiconductor,Semiconductor,th
Semicondutor,Semiconductor,th
Semiconduttore,Semiconductor,th
Sendero de Guerra,Warpath,th
Sendero de guerra,Warpath,th
Sentencia,Arbiter,th
Sentenciador,Arbiter,th
Sentiero di guerra,Warpath,th
Serafínova hůl,Seraphim's Staff,th
Seraphim's Staff,Seraphim's Staff,th
Serbest Yatırım Fonu,Hedge Fund,th
Serce ze Stali,Heart of Steel,th
Serpenyő,Frying Pan,th
Serve para Algo,Good For Something,th
Servicio de Suscripción,Subscription Service,th
Servicio de suscripción,Subscription Service,th
Servizio ad abbonamento,Subscription Service,th
Serviço de Assinatura,Subscription Service,th
Setor de Troca,Trade Sector,th
Settore dello scambio,Trade Sector,th
Seviye Atla!,Level Up!,th
Seyyah,Voyager,th
Seyyah Amblemi,Voyager Emblem,th
Sfere curative,Healing Orbs,th
Sfere vindecătoare,Healing Orbs,th
Sfidante,Challenger,th
Sfârșitul rațiunii,Wit's End,th
Shadow Puppet,Shadow Puppet,th
Shen,Shen,th
Shepherd,Shepherd,th
Shepherd Emblem,Shepherd Emblem,th
Shimmerscale Essence,Shimmerscale Essence,th
Shojin lándzsája,Spear of Shojin,th
Shojin'in Mızrağı,Spear of Shojin,th
Shopping Spree,Shopping Spree,th
Shopping intensif,Shopping Spree,th
Shopping scatenato,Shopping Spree,th
Shroud of Stillness,Shroud of Stillness,th
Sibernetik Aktarım,Cybernetic Uplink,th
Sibernetik İmplant,Cybernetic Implants,th
Sicario,Contract Killer,th
Side Effects,Side Effects,th
Siegeszug,Win Out,th
Signora Oscura,Dark Lady,th
Silberlöffel,Silver Spoon,th
Silver Spoon,Silver Spoon,th
Silvermere Dawn,Silvermere Dawn,th
Sinal de Sterak,Sterak's Gage,th
Sinh Nhật Đoàn Tụ,Birthday Reunion,th
Sinir İmplantı,Sympathetic Implant,th
Sinsi,Rogue,th
Sinsi Amblemi,Rogue Emblem,th
Sinsi Pençe,Prowler's Claw,th
Siper,Bulwark,th
Size Matters,Size Matters,th
Siêu Linh,Psionic,th
Siêu Thú,Anima,th
Siêu Vũ Trụ,The Big Bang,th
Siêu Xẻng,Spatula,th
Sięganie ku Gwiazdom,Reach for the Stars,th
Skalierung im späten Spiel,Late Game Scaling,th
Skalowanie w Późnej Fazie Gry,Late Game Scaling,th
Skleněné dělo,Glass Cannon,th
Skok po Składniki,Component Heist,th
Skupienie Horyzontalne,Horizon Focus,th
Skupiony Ogień,Focused Fire,th
Slammin',Slammin',th
Slaďounké dobroty,Sweet Treats,th
Slice of Life,Slice of Life,th
Slightly Magic Roll,Slightly Magic Roll,th
Slza bohyně,Tear of the Goddess,th
Small Grab Bag,Small Grab Bag,th
Smoczy Szpon,Dragon's Claw,th
Snajperzy,Sniper,th
Sniper,Sniper,th
Sniper Emblem,Sniper Emblem,th
Sobrecarga Cognitiva,Cognitive Overload,th
Sobrecarga cognitiva,Cognitive Overload,th
Sobrecarga de Varas,Wand Overflow,th
Sobrecarga de cinturones,Belt Overflow,th
Sobrecarga de espadas,Sword Overflow,th
Sobrecarga de varitas,Wand Overflow,th
Sobretudo Suspeito,Suspicious Trench Coat,th
Sobrevivente,Survivor,th
Sobreviviente,Survivor,th
Sodronyozott mellény,Chain Vest,th
Soif-de-sang,Bloodthirster,th
Sojusznik Opiekuna,Caretaker's Ally,th
Sok Cappa,Cappa Juice,th
Soldi per il pranzo,Lunch Money,th
Solo Leveling,Solo Leveling,th
Solo Plate,Solo Plate,th
Solo Pétreo,Solo Plate,th
Solo-Leveling,Solo Leveling,th
Solo-Steinpanzer,Solo Plate,th
Solowa Płyta,Solo Plate,th
Solul dezolant al lui Zeke,Zeke's Bleak Herald,th
Solul lui Zeke,Zeke's Herald,th
Solzi sclipitori,Shimmerscale Essence,th
Sombrero Mortífero de Rabadon,Rabadon's Deathcap,th
Sombrero mortal de Rabadon,Rabadon's Deathcap,th
Sombreros Más Letales,Deadlier Caps,th
Sombreros más mortales,Deadlier Caps,th
Son Fısıltı,Last Whisper,th
Sona,Sona,th
Sona Kalanlar,Survivor,th
Song Sát Tốc Hành,Speedy Double Kill,th
Song Vệ,Twin Guardians,th
Song Đấu,Divine Duelist,th
Sonnenfeuer-Brett,Sunfire Board,th
Sonnenfeuer-Umhang,Sunfire Cape,th
Sonsuz Büyü,Continuous Conjuration,th
Sonsuz Karanlık,Dark Star,th
Sonsuz Karanlık Amblemi,Dark Star Emblem,th
Sonsuz Çaresizlik,Unending Despair,th
Sopa Fazlalığı,Wand Overflow,th
Sopa İşçisi,Staffsmith,th
Soraka csodatétele,Soraka's Miracle,th
Soraka áldása,Soraka's Boon,th
Soraka'nın Lütfu,Soraka's Boon,th
Soraka'nın Mucizesi,Soraka's Miracle,th
Soraka's Boon,Soraka's Boon,th
Soraka's Miracle,Soraka's Miracle,th
Sorakas Segen,Soraka's Boon,th
Sorakas Wunder,Soraka's Miracle,th
Soračin dar,Soraka's Boon,th
Soračin zázrak,Soraka's Miracle,th
Sorsszövő,Fateweaver,th
Sorte em Alta,Feeling Lucky,th
Sorvadt ereklye,Withered Relic,th
Soubojový režim,Challenger Mode,th
Soudce,Arbiter,th
Soul Awakening,Soul Awakening,th
Soustředěná palba,Focused Fire,th
Soustředěný horizont,Horizon Focus,th
Soutien indéfectible,Stand United,th
Souvislé sesílání,Continuous Conjuration,th
Sovraccarico cognitivo,Cognitive Overload,th
Spaccato di vita,Slice of Life,th
Space Groove,Space Groove,th
Space Groove Emblem,Space Groove Emblem,th
Spaczony Wampiryczny Kostur,Corrupt Vampiric Scepter,th
Spada furiei lui Guinsoo,Guinsoo's Rageblade,th
Sparkonto,Savings Account,th
Sparring Gloves,Sparring Gloves,th
Spasitel,Redeemer,th
Spatola,Spatula,th
Spatula,Spatula,th
Spatule,Spatula,th
Spatulă,Spatula,th
Spear of Shojin,Spear of Shojin,th
Specialista del finale,Late Game Specialist,th
Specialista na závěrečnou fázi,Late Game Specialist,th
Specialistul sfârșitului jocului,Late Game Specialist,th
Specjalista od Końcówki,Late Game Specialist,th
Specjalistyczny Hełm,Adaptive Helm,th
Spectral Cutlass,Spectral Cutlass,th
Spedizione,Expedition,th
Speedy Double Kill,Speedy Double Kill,th
Speer von Shojin,Spear of Shojin,th
Spektrales Entermesser,Spectral Cutlass,th
Spektrum jegy,Prismatic Ticket,th
Spektrální vstupenka,Prismatic Ticket,th
Speranza perduta,Wit's End,th
Spesa oculata,Wise Spending,th
Spezzatempo,Timebreaker,th
Spirit Visage,Spirit Visage,th
Spirit of Redemption,Spirit of Redemption,th
Spirito di redenzione,Spirit of Redemption,th
Spiritul izbăvirii,Spirit of Redemption,th
Splétaná magie,Woven Magic,th
Splétač osudu,Fateweaver,th
Společné objetí,Group Hug,th
Spořicí účet,Savings Account,th
Spreading Roots,Spreading Roots,th
Spécialiste des fins de partie,Late Game Specialist,th
Spéculation,Hedge Fund,th
Srdce z oceli,Heart of Steel,th
Stab des Erzengels,Archangel's Staff,th
Stabschmied,Staffsmith,th
Stabüberfluss,Wand Overflow,th
Staffsmith,Staffsmith,th
Stand United,Stand United,th
Stargazer,Stargazer,th
Stargazer Emblem,Stargazer Emblem,th
Statikk Hançer,Statikk Shiv,th
Statikk Shiv,Statikk Shiv,th
Statikk töltőpengéje,Statikk Shiv,th
Statikkova kudla,Statikk Shiv,th
Statikks Stich,Statikk Shiv,th
Stats à foison !,Tons of Stats!,th
Stavebnice společníků,Construct a Companion,th
Stea întunecată,Dark Star,th
Steadfast Heart,Steadfast Heart,th
Steinpanzer des Wasserspeiers,Gargoyle Stoneplate,th
Stella Oscura,Dark Star,th
Stellar Combo,Stellar Combo,th
Stemma di Lightshield,Lightshield Crest,th
Stemmaguarda,Crownguard,th
Sterak kihívása,Sterak's Gage,th
Sterak's Gage,Sterak's Gage,th
Sterak'ın Güvencesi,Sterak's Gage,th
Sterakova zástava,Sterak's Gage,th
Steraks Pegel,Sterak's Gage,th
Sterndeuter,Stargazer,th
Sterndeuter-Emblem,Stargazer Emblem,th
Sternen-Kombo,Stellar Combo,th
Sternenvernichter,Dark Star,th
Sternenvernichter-Emblem,Dark Star Emblem,th
Stibitzen,Pilfer,th
Stopařčin chránič,Seeker's Armguard,th
Storia di una rimonta,Comeback Story,th
Strahlender Halunke,Radiant Rascal,th
Strateji Ustası Kalkanı,Tactician's Shield,th
Strateji Ustası Pelerini,Tactician's Cape,th
Strateji Ustası Tacı,Tactician's Crown,th
Strateji Ustasının Mutfağı,Tactician's Kitchen,th
Stratégie de ligne arrière,Backline Blueprint,th
Striker's Flail,Striker's Flail,th
Strom vlastností,The Trait Tree,th
Strážná dvojice,Twin Guardians,th
Studio paziente,Patient Study,th
Studiu diligent,Patient Study,th
Stwórz Sobie Kumpla,Build a Bud,th
Stwórz Towarzysza,Construct a Companion,th
Stínová loutka,Shadow Puppet,th
Stürmerflegel,Striker's Flail,th
Stříbrná lžička,Silver Spoon,th
Stůjme při sobě,Stand United,th
Su tutti i fronti,Branching Out,th
Su verso il cielo,Reach for the Stars,th
Subscription Service,Subscription Service,th
Subskrypcja,Subscription Service,th
Suc Cappa,Cappa Juice,th
Succes critic,Critical Success,th
Successo critico,Critical Success,th
Succo Cappa,Cappa Juice,th
Sucesso Crítico,Critical Success,th
Suco de Chapéu,Cappa Juice,th
Sugárzó csirkefogó,Radiant Rascal,th
Suhanó sutyerák,Rift Scuttler,th
Sunfire Board,Sunfire Board,th
Sunfire Cape,Sunfire Cape,th
Super sac de butin,Big Grab Bag,th
Superstite,Survivor,th
Superviviente,Survivor,th
Suppresseur doré,Min-Max,th
Supraviețuitor,Survivor,th
Supraîncărcare cognitivă,Cognitive Overload,th
Surcharge cognitive,Cognitive Overload,th
Surpriză nesurprinzătoare,Expected Unexpectedness,th
Survivant,Survivor,th
Survivor,Survivor,th
Suscripción de Lujo,Luxury Subscription,th
Suscripción de lujo,Luxury Subscription,th
Suspicious Trench Coat,Suspicious Trench Coat,th
Sussurro fatale,Last Whisper,th
Sute de atribute!,Tons of Stats!,th
Sweet Treats,Sweet Treats,th
Sword Overflow,Sword Overflow,th
Swordsmith,Swordsmith,th
Sympathetic Implant,Sympathetic Implant,th
Szaleństwo Zakupów,Shopping Spree,th
Szczęśliwe Rękawice,Lucky Gloves,th
Szellemarc,Spirit Visage,th
Szerencsés kesztyű,Lucky Gloves,th
Szermierka Yasuo,Yasuo's Bladework,th
Szerteágazó gyökerek,Spreading Roots,th
Szeráf pálcája,Seraphim's Staff,th
Szimpatikus implantátum,Sympathetic Implant,th
Szintlépés!,Level Up!,th
Szpatułka,Spatula,th
Szpon Ciemnego Typa,Prowler's Claw,th
Szunnyadó kohó,Latent Forge,th
Szybkie Dwa Trupy,Speedy Double Kill,th
Száműzöttek I.,Exiles,th
Szélhámos,Hustler,th
Szólójátékos,Solo Leveling,th
Születésnapi ajándék,Birthday Present,th
Születésnapi találkozó,Birthday Reunion,th
Sách Chọn Ấn,Tome of Traits,th
Sárkánykarom,Dragon's Claw,th
Sát Thủ Khát Máu,Indiscriminate Killer,th
Sát Thủ Đánh Thuê,Contract Killer,th
Sét Cao Thế,High Voltage,th
Síla artefaktů,Forged in Strength,th
Sólový plát,Solo Plate,th
Sólový postup,Solo Leveling,th
Sötét csillag,Dark Star,th
Sötét csillag embléma,Dark Star Emblem,th
Sötét hölgy,Dark Lady,th
Sükûnet Örtüsü,Shroud of Stillness,th
Süper Hızlı Micin,Termeepnal Velocity,th
Sürgünler,Exiles,th
Süße Leckereien,Sweet Treats,th
Săbii fără număr,Sword Overflow,th
Săbii mai letale,Deadlier Blades,th
Săn Kho Báu,Treasure Hunt,th
Słodkie Przysmaki,Sweet Treats,th
Słoneczna Peleryna,Sunfire Cape,th
Słoneczna Płyta,Sunfire Board,th
Sơ Đồ Tuyến Sau,Backline Blueprint,th
Số 4 Hoàn Hảo,May the Fours Be With You,th
Sống Vội,Hustler,th
TEK Kılıcı,B.F. Sword,th
Tabla solară,Sunfire Board,th
Tablero de Fuego Solar,Sunfire Board,th
Tablero de fuego solar,Sunfire Board,th
Tabuleiro de Fogo Solar,Sunfire Board,th
Tactician's Cape,Tactician's Cape,th
Tactician's Crown,Tactician's Crown,th
Tactician's Kitchen,Tactician's Kitchen,th
Tactician's Shield,Tactician's Shield,th
Tahm Kench,Tahm Kench,th
Taina întunericului,Edge of Night,th
Taktikerküche,Tactician's Kitchen,th
Taktikova koruna,Tactician's Crown,th
Taktikova kuchyně,Tactician's Kitchen,th
Taktikus köpenye,Tactician's Cape,th
Taktikus pajzsa,Tactician's Shield,th
Taktikusok konyhája,Tactician's Kitchen,th
Taktikův plášť,Tactician's Cape,th
Taktikův štít,Tactician's Shield,th
Takviye Paketi,Booster Pack,th
Takım Çalışması,Teaming Up,th
Talisman Of Ascension,Talisman Of Ascension,th
Talisman de l'ascension,Talisman Of Ascension,th
Talismano dell'ascensione,Talisman Of Ascension,th
Talismanul ascensiunii,Talisman Of Ascension,th
Talismán de Ascensión,Talisman Of Ascension,th
Talismã da Ascensão,Talisman Of Ascension,th
Talizman Wstąpienia,Talisman Of Ascension,th
Talon,Talon,th
Találd meg önmagad,Find Your Center,th
Tam Donanımlı,Construct a Companion,th
Tam Teşekküllü,Build a Bud,th
Tana del Barone,Baron's Lair,th
Tancuri la xerox,Two Tanky,th
Tandemová fronta,Duo Queue,th
Tanks jumeaux,Two Tanky,th
Tanque em Dobro,Two Tanky,th
Tanrıça'nın Gözyaşı,Tear of the Goddess,th
Tanışma Toplantısı,Missed Connections,th
Tarcza Taktyka,Tactician's Shield,th
Tare ca fierul,Iron Assets,th
Target-Lock Optics,Target-Lock Optics,th
Tartalékíjak,Backup Bows,th
Tartsd a frontot,Hold the Line,th
Tatlı Atıştırmalıklar,Sweet Treats,th
Taxa Cognitiva,Cognitive Tax,th
Taxe cognitive,Cognitive Tax,th
Taze Kan,New Recruit,th
Taşınabilir Ocak,Portable Forge,th
Te simți norocos,Feeling Lucky,th
Team Building,Team Building,th
Team building,Team Building,th
Teambildung,Team Building,th
Teambuilding,Team Building,th
Teaming Up,Teaming Up,th
Tear of the Goddess,Tear of the Goddess,th
Tecelã do Destino,Fateweaver,th
Tecendo Magia,Woven Magic,th
Teemo,Teemo,th
Teilaufstieg,Partial Ascension,th
Tejedestinos,Fateweaver,th
Tekrar Dene,Restart Mission,th
Tela magica,Woven Magic,th
Temná hvězda,Dark Star,th
Temná paní,Dark Lady,th
Tempesta di Luden,Luden's Tempest,th
Tempestad de Luden,Luden's Tempest,th
Tempête de Luden,Luden's Tempest,th
Tenete la posizione,Hold the Line,th
Tenir le front,Hold the Line,th
Tentative de comeback,Comeback Story,th
Ter-Meep-nale Geschwindigkeit,Termeepnal Velocity,th
Termeepnal Velocity,Termeepnal Velocity,th
Termipnální rychlost,Termeepnal Velocity,th
Terquedad,NO SCOUT NO PIVOT,th
Terrore dei lich,Lich Bane,th
Tesori sepolti,Buried Treasures,th
Tesoros Enterrados,Buried Treasures,th
Tesoros enterrados,Buried Treasures,th
Tesouros Enterrados,Buried Treasures,th
Tessifato,Fateweaver,th
Testőrképzés,Bodyguard Training,th
Tetro araldo di Zeke,Zeke's Bleak Herald,th
Tezbıçak,Flickerblades,th
Thanh Lý Toàn Bộ,Firesale,th
Thanh Âm Chữa Lành,Mending Echoes,th
The Big Bang,The Big Bang,th
The Golden Dragon,The Golden Dragon,th
The Golden Egg,The Golden Egg,th
The Indomitable,The Indomitable,th
The Mighty Mech,The Mighty Mech,th
The Tower,The Tower,th
The Trait Tree,The Trait Tree,th
Thief's Gloves,Thief's Gloves,th
Thresh lámpása,Thresh's Lantern,th
Thresh áldása,Thresh's Boon,th
Thresh'in Feneri,Thresh's Lantern,th
Thresh'in Lütfu,Thresh's Boon,th
Thresh's Boon,Thresh's Boon,th
Thresh's Lantern,Thresh's Lantern,th
Threshova lucerna,Thresh's Lantern,th
Threshs Laterne,Thresh's Lantern,th
Threshs Segen,Thresh's Boon,th
Threshův dar,Thresh's Boon,th
Thua Có Tính Toán,Calculated Loss,th
Thuế Nhận Thức,Cognitive Tax,th
Thách Đấu,Challenger,th
Thép Mạ Vàng,Gilded Steel,th
Thích Mở Rộng,Going Long,th
Thông Thoáng,Clear Mind,th
Thông Đạo Zz'rot,Zz'Rot Portal,th
Thú Tượng Thạch Giáp,Gargoyle Stoneplate,th
Thăng Hoa,Ascension,th
Thăng Hoa Của Kayle,Kayle's Exaltation,th
Thăng Hoa Rực Rỡ Của Kayle,Kayle's Radiant Exaltation,th
Thăng Tiến Cuối Trận,Late Game Scaling,th
Thần Ban Phước,God-Blessed,th
Thần Phán,Arbiter,th
Thịnh Nộ Thủy Quái,Kraken's Fury,th
Thời Không,Timebreaker,th
Thợ Rèn Gậy,Staffsmith,th
Thợ Rèn Kiếm,Swordsmith,th
Thợ Săn Vũ Trụ,Galaxy Hunter,th
Thức Tỉnh Linh Hồn,Soul Awakening,th
Ti senti fortunato?,Feeling Lucky,th
Ticaret Bölgesi,Trade Sector,th
Ticaretin Özü,Commerce Core,th
Ticket prismatique,Prismatic Ticket,th
Tiercé,Trifecta,th
Tigaia de aur,Frying Pan,th
Tiltott bálvány,Forbidden Idol,th
Timebreaker,Timebreaker,th
Timebreaker Emblem,Timebreaker Emblem,th
Tinh Linh Chuông,Meeple,th
Tinh Túy Kim Long,Shimmerscale Essence,th
Tiniest Titan,Tiniest Titan,th
Tiny Titans,Tiny Titans,th
"Tiny, but Deadly","Tiny, but Deadly",th
Tirada Ligeramente Mágica,Slightly Magic Roll,th
Tirada Mágica,A Magic Roll,th
Tiro lievemente magico,Slightly Magic Roll,th
Tiro porque me toca,Rolling for Days,th
Tisse-destin,Fateweaver,th
Tiszta elme,Clear Mind,th
Titan micuț,Tiniest Titan,th
Titan's Resolve,Titan's Resolve,th
Titanes Diminutos,Tiny Titans,th
Titanic Hydra,Titanic Hydra,th
Titanische Hydra,Titanic Hydra,th
Titano minuscolo,Tiniest Titan,th
Titanın Azmi,Titan's Resolve,th
Titánhidra,Titanic Hydra,th
Titánská hydra,Titanic Hydra,th
Titánské odhodlání,Titan's Resolve,th
Tiên Phong,Vanguard,th
Tiên Tri,Oracle,th
Tiêu Dùng Thông Minh,Wise Spending,th
Tiếp Tế Trang Bị,Item Grab Bag,th
Tiền Tuyến Vững Chãi,Lineup,th
Tiền Vệ Trung Tâm,Find Your Center,th
Tiền Ăn Trưa,Lunch Money,th
Tiệc Tùng,Party Animal,th
Tkacze Losu,Fateweaver,th
Tkanie Czarów,Woven Magic,th
Tlupa zlodějů,Band of Thieves,th
Tlupa zlodějů II,Band of Thieves II,th
To Lớn & Mạnh Mẽ,Giant and Mighty,th
Todo para mí,Just Hit,th
Toiag uriaș,Needlessly Large Rod,th
Toiagul arhanghelului,Archangel's Staff,th
Toiege fără număr,Wand Overflow,th
Tolvajkesztyű,Thief's Gloves,th
Tolvajok bandája,Band of Thieves,th
Tolvajok bandája II,Band of Thieves II,th
Tome des emblèmes,Tome of Traits,th
Tome of Trait,Tome of Traits,th
Tome of Traits,Tome of Traits,th
Tomo das Características,Tome of Traits,th
Tomo de Rasgos,Tome of Traits,th
Tomo de atributos,Tome of Traits,th
Tomo dei tratti,Tome of Traits,th
Tomul caracteristicilor,Tome of Traits,th
Toneladas de Atributos!,Tons of Stats!,th
Tonlarca Nitelik!,Tons of Stats!,th
Tonnenweise Werte!,Tons of Stats!,th
Tonnányi statisztika!,Tons of Stats!,th
Tons of Stats!,Tons of Stats!,th
Tony Statystyk!,Tons of Stats!,th
Torba z Przedmiotami,Item Grab Bag,th
Torba z Przedmiotami Urfa,Urf's Grab Bag,th
Tormenta de Luden,Luden's Tempest,th
Tot sunt buni la ceva,Good For Something,th
Touche-à-tout,Misfits,th
Tout doit disparaître,Slammin',th
Toàn Thắng,Win Out,th
Toán Cướp,Marauder,th
Trabajo en Equipo,Team Building,th
Trabalho em Equipe,Team Building,th
Trade Sector,Trade Sector,th
Tragbare Schmiede,Portable Forge,th
Training Dummy,Training Dummy,th
Trang Bị Pandora,Pandora's Items,th
Transfer de încărcare,Charge Transfer,th
Transferencia de Carga,Charge Transfer,th
Transferencia de carga,Charge Transfer,th
Transfert,Charge Transfer,th
Transferência de Carga,Charge Transfer,th
Transformação em Boneco,Dummify,th
Trasferimento carica,Charge Transfer,th
Treasure Hunt,Treasure Hunt,th
Treinamento de Guarda-costas,Bodyguard Training,th
Tremblelames,Flickerblades,th
Trench-coat suspect,Suspicious Trench Coat,th
Trenci suspect,Suspicious Trench Coat,th
Trening Ochroniarza,Bodyguard Training,th
Trepador Social,Upward Mobility,th
Trezirea sufletului,Soul Awakening,th
Tributo cognitivo,Cognitive Tax,th
Trifecta,Trifecta,th
Trinca,Trifecta,th
Triomphe,Prizefighter,th
Triplete,Trifecta,th
Tripletta,Trifecta,th
Triplu avantaj,Trifecta,th
Triệu Gọi Hỗn Mang,Call to Chaos,th
Triệu Hồi Bất Tận,Continuous Conjuration,th
Troca Sem Fim,Rolling for Days,th
Trojice,Trifecta,th
Trova il tuo centro,Find Your Center,th
Trpělivost je ctnost,Patience is a Virtue,th
Trpělivé studium,Patient Study,th
Truffatore,Hustler,th
Trung Tâm Thương Mại,Commerce Core,th
Tryb Pretendenta,Challenger Mode,th
Tryb Przekaźnika,Conduit Mode,th
Tryb Replikatora,Replicator Mode,th
Trzask-Prask,Slammin',th
Trzymać Szyk,Hold the Line,th
Trái Tim Kiên Định,Steadfast Heart,th
Trái Tim Sắt Đá,Heart of Steel,th
Träne der Göttin,Tear of the Goddess,th
Tréninkové rukavice,Sparring Gloves,th
Trésors enfouis,Buried Treasures,th
Trên Đà Phát Triển,On a Roll,th
Trí Tuệ Siêu Công Nghệ,Cybernetic Uplink,th
Trượng Hư Vô,Void Staff,th
Trượng Đại Thiên Sứ,Seraphim's Staff,th
Trực Giác Của Evelynn,Evelynn's Instinct,th
Tuch der Stille,Shroud of Stillness,th
Tueur de géants,Giant Slayer,th
Tueur impitoyable,Indiscriminate Killer,th
Tueur à gages,Contract Killer,th
Tugend des Märtyrers,Virtue of the Martyr,th
Tun-mitralieră,Rapid Firecannon,th
Turnul,The Tower,th
Tuyển Nhân Sự,New Recruit,th
Twin Guardian,Twin Guardians,th
Twin Guardians,Twin Guardians,th
Twisted Fate,Twisted Fate,th
Two Much Value,Two Much Value,th
Two Tanky,Two Tanky,th
Tworzenie Drużyny,Team Building,th
Twórcze Tworzenie,Crafted Crafting,th
Typologie,Hard Commit,th
Tài Khoản Tiết Kiệm,Savings Account,th
Tái Khởi Động Nhiệm Vụ,Restart Mission,th
Tái Lập Vũ Trụ,Cosmic Restart,th
Tápláld a tüzet,Feed the Flames,th
Tíha koruny,Heavy Is the Crown,th
Tín Đồ Mua Sắm,Shopping Spree,th
Tòa Tháp,The Tower,th
Tôi Luyện Sức Mạnh,Forged in Strength,th
Tôi Thăng Cấp Một Mình,Solo Leveling,th
Tödlichere Hauben,Deadlier Caps,th
Tödlichere Klingen,Deadlier Blades,th
Töltésátvitel I.,Charge Transfer,th
Törj a csillagok felé,Reach for the Stars,th
Törékeny tüzér I.,Glass Cannon,th
Törésteszt bábuk,Crash Test Dummies,th
Tú Pégales,Just Hit,th
Túi Đồ Cỡ Nhỏ,Small Grab Bag,th
Túi Đồ Cỡ Đại,Big Grab Bag,th
Túi Đồ Siêu Hùng,Heroic Grab Bag,th
Túi Đồ Urf,Urf's Grab Bag,th
Túlvilági szablya,Spectral Cutlass,th
Túlélő,Survivor,th
Türelem rózsát terem,Patience is a Virtue,th
Türelmes tanuló,Patient Study,th
Tăișuri sclipitoare,Flickerblades,th
Tăng Trưởng Bùng Nổ,Explosive Growth,th
Tırmanışa Devam,Climb The Ladder,th
Tất Tay Bậc Đồng,Bronze For Life,th
Tập Chịu Đòn,Boxing Lessons,th
Tập Trung Hỏa Lực,Focused Fire,th
Tối Tân,Factory New,th
Tối Đa Hóa,Min-Max,th
Tộc Thượng Cổ,Primordian,th
Tụ Bão Zeke,Zeke's Herald,th
Tụ Điện,Electrocharge,th
Tứ Phương Tiếp Viện,ReinFOURcement,th
Tự Lập Đội,Build a Bud,th
U Sầu,Doomer,th
U. R. F.,U.R.F,th
U.R.F,U.R.F,th
U.R.F.,U.R.F,th
URF,U.R.F,th
Uccisore di giganti,Giant Slayer,th
Uccisore indiscriminato,Indiscriminate Killer,th
Ucigaș fără discriminare,Indiscriminate Killer,th
Ucigaș plătit,Contract Killer,th
Ufak Çekiliş,Small Grab Bag,th
Ufukgetiren,Horizon Focus,th
Uhrwerk-Beschleuniger,Clockwork Accelerator,th
Ulepszona Moc,Augmented Power,th
Ultima șoaptă,Last Whisper,th
Uluların Tılsımı,Talisman Of Ascension,th
Ulvi Düellocu,Divine Duelist,th
Ulvi Ocak,Apotheotic Forge,th
Um Dois Três,One Two Three,th
"Um, Dois, Cinco!","One, Two, Five!",th
Umhang des Taktikers,Tactician's Cape,th
"Un buff, două buff-uri","One Buff, Two Buff",th
"Un buff, due buff","One Buff, Two Buff",th
Un due tre,One Two Three,th
Un mismo ser,Mirrored Persona,th
Un mismo ser inferior,Lesser Mirrored Persona,th
Un tiro magico,A Magic Roll,th
Un'avventura gloriosa,An Exalted Adventure,th
"Un, deux, trois",One Two Three,th
Una Aventura Eminente,An Exalted Adventure,th
"Una Mejora, Dos Mejoras","One Buff, Two Buff",th
Una aventura repleta de exaltación,An Exalted Adventure,th
Una lágrima en la arena,Cry Me A River,th
"Una mejora, dos mejoras...","One Buff, Two Buff",th
"Unde-s 2 stele, puterea crește",ReinFOURcement,th
Une aventure exaltante,An Exalted Adventure,th
Unending Despair,Unending Despair,th
Unerschütterliches Herz,Steadfast Heart,th
Unidos,Stand United,th
Unire în luptă,Stand United,th
Uniti nelle difficoltà,Stand United,th
"Uno, Dos, Tres",One Two Three,th
"Uno, dos, tres...",One Two Three,th
"Uno, dos, ¡cinco!","One, Two, Five!",th
"Uno, dos... ¡cinco!","One, Two, Five!",th
"Uno, due, cinque!","One, Two, Five!",th
"Unu, doi, cinci!","One, Two, Five!",th
"Unu, doi, trei",One Two Three,th
Unübertreffliche Schmiede,Apotheotic Forge,th
Upando Solo,Solo Leveling,th
Upward Mobility,Upward Mobility,th
Upírská vitalita,Vampiric Vitality,th
Urf Hamlesi,Urf's Gambit,th
Urf játszmája,Urf's Gambit,th
Urf zsákbamacskája,Urf's Grab Bag,th
Urf's Gambit,Urf's Gambit,th
Urf's Grab Bag,Urf's Grab Bag,th
Urf'ün Çekilişi,Urf's Grab Bag,th
Urfova dárková taška,Urf's Grab Bag,th
Urfs Gambit,Urf's Gambit,th
Urfs Wundertüte,Urf's Grab Bag,th
Urfův gambit,Urf's Gambit,th
Urgia de pe lume,Lich Bane,th
Urgot,Urgot,th
Utazó,Voyager,th
Utazó embléma,Voyager Emblem,th
Utolsó esély,Wit's End,th
Utolsó lehelet,Last Whisper,th
Uyumsuzlar,Misfits,th
Uzayın Ritmi,Space Groove,th
Uzayın Ritmi Amblemi,Space Groove Emblem,th
Vale a Espera,Worth the Wait,th
Vale la Pena la Espera,Worth the Wait,th
Valeva la pena aspettare,Worth the Wait,th
Valor del Titán,Titan's Resolve,th
Valor em Excesso,Two Much Value,th
Vampir-Vitalität,Vampiric Vitality,th
Vampiric Vitality,Vampiric Vitality,th
Vampirî Zindelik,Vampiric Vitality,th
Vanguard,Vanguard,th
Vanguard Emblem,Vanguard Emblem,th
Vanguarda,Vanguard,th
Vanguardia,Vanguard,th
Vara Innecesariamente Grande,Needlessly Large Rod,th
Vara innecesariamente grande,Needlessly Large Rod,th
Varus Besessenheit,Varus's Obsession,th
Varus megszállottsága,Varus's Obsession,th
Varus áldása,Varus's Boon,th
Varus' Segen,Varus's Boon,th
Varus's Boon,Varus's Boon,th
Varus's Obsession,Varus's Obsession,th
Varus'un Lütfu,Varus's Boon,th
Varus'un Saplantısı,Varus's Obsession,th
Varusova posedlost,Varus's Obsession,th
Varusův dar,Varus's Boon,th
Varázsdobás,A Magic Roll,th
Varázsszőttes,Woven Magic,th
Vaseszközök,Iron Assets,th
Vaurien de la lumière,Radiant Rascal,th
Vay Tạm Ứng,Advanced Loan,th
Vedlejší účinky,Side Effects,th
Veigar,Veigar,th
Velikost a síla,Giant and Mighty,th
Velitel,Commander,th
Velitelka Animy,Anima Commander,th
Velkolepé dobrodružství,An Exalted Adventure,th
Velká dárková taška,Big Grab Bag,th
Velký třesk,The Big Bang,th
Velo costante,Evenshroud,th
Velo de sosiego,Shroud of Stillness,th
Velocidad Termeepnal,Termeepnal Velocity,th
Velocidad temperameeptal,Termeepnal Velocity,th
Velocidade Termipenal,Termeepnal Velocity,th
Velocità termipponale,Termeepnal Velocity,th
Venganza,Retribution,th
Ventos Revigorantes,Second Wind,th
Verbannte,Exiles,th
Verbotener Götze,Forbidden Idol,th
Verbündeter des Beschützers,Caretaker's Ally,th
Verdorbenes vampirisches Zepter,Corrupt Vampiric Scepter,th
Verdugo Indiscriminado,Indiscriminate Killer,th
Verdugo de Gigantes,Giant Slayer,th
Verdugo de gigantes,Giant Slayer,th
Verdächtiger Trenchcoat,Suspicious Trench Coat,th
Verfehlte Verbindung,Missed Connections,th
Verfluchte Klinge,Cursed Blade,th
Verfluchte Krone,Cursed Crown,th
Vergeltung,Retribution,th
Vergoldeter Stahl,Gilded Steel,th
Vergrabene Schätze,Buried Treasures,th
Vernichter,Doomer,th
Vernichter,Eradicator,th
Versteck des Barons,Baron's Lair,th
Verständnisvolles Implantat,Sympathetic Implant,th
Verstärkendes Amulett,Innervating Locket,th
Vertu du martyr,Virtue of the Martyr,th
Verwittertes Relikt,Withered Relic,th
Verwobene Magie,Woven Magic,th
Vesmírný rytmus,Space Groove,th
Vesta Espinosa,Bramble Vest,th
Veste della stabilità,Shroud of Stillness,th
Vestă de mărăcini,Bramble Vest,th
Vestă de zale,Chain Vest,th
Vex,Vex,th
Večerháv,Evenshroud,th
Viaggiatore,Voyager,th
Viajante,Voyager,th
Viajero,Voyager,th
Victorie neașteptată,Win Out,th
Vida Cotidiana,Slice of Life,th
Viděti dvojmo,Two Much Value,th
Vier-Gold-Verstärkung,ReinFOURcement,th
Vigarista,Hustler,th
Viktor,Viktor,th
Viktor'un Sihri,Arcane Viktor-y,th
Viktor-ia de Arcane,Arcane Viktor-y,th
Viktor-ia di Arcane,Arcane Viktor-y,th
Viktor-ie ocultă,Arcane Viktor-y,th
Viktoria Arcana,Arcane Viktor-y,th
Viktorův triumf,Arcane Viktor-y,th
Viktória Arcana,Arcane Viktor-y,th
Villanópengék,Flickerblades,th
Villámakció,Firesale,th
Vingadora Exocósmica,Gun Goddess,th
Virtud del Mártir,Virtue of the Martyr,th
Virtud del mártir,Virtue of the Martyr,th
Virtude do Mártir,Virtue of the Martyr,th
Virtue of the Martyr,Virtue of the Martyr,th
Virtutea martirului,Virtue of the Martyr,th
Virtù del martire,Virtue of the Martyr,th
Visage spirituel,Spirit Visage,th
Visionnaire,Stargazer,th
Visszatérés-történet,Comeback Story,th
Vitalidad Vampírica,Vampiric Vitality,th
Vitalidad vampírica,Vampiric Vitality,th
Vitalidade Vampírica,Vampiric Vitality,th
Vitalitate vampirică,Vampiric Vitality,th
Vitalità vampirica,Vampiric Vitality,th
Vitalité vampirique,Vampiric Vitality,th
Viteză termipnală,Termeepnal Velocity,th
Viễn Chinh,Voyager,th
Void Gauntlet,Void Gauntlet,th
Void Staff,Void Staff,th
Voința buzduganului,Mace's Will,th
Voința titanului,Titan's Resolve,th
Vojevůdcova čest,Warlord's Honor,th
Volonté de la massue,Mace's Will,th
Voluntad de la maza,Mace's Will,th
Voluntad del Mazo,Mace's Will,th
Volver al Ruedo,Comeback Story,th
Vorausdenken,Forward Thinking,th
Voto del Protettore,Protector's Vow,th
Voto del cavaliere,Knight's Vow,th
Vous vous sentez en veine ?,Feeling Lucky,th
Voyager,Voyager,th
Voyager Emblem,Voyager Emblem,th
Voyageur,Voyager,th
Vražední čtveráci,May the Fours Be With You,th
Vražednější klobouky,Deadlier Caps,th
Vražednější čepele,Deadlier Blades,th
Vrcholná sestava,Max Build,th
Vuốt Rồng,Dragon's Claw,th
Vyber vlastnost,เลือกคุณสมบัติ,th
Vybíravé výběry,Rolling for Days,th
Vyhlazovač,Eradicator,th
Vyhnanci,Exiles,th
Vyplatí se čekat,Worth the Wait,th
Vyrob si kamaráda,Forge a Friend,th
Vysoké napětí,High Voltage,th
Vytrvalý vzestup,Upward Mobility,th
Vyzyvatel,Challenger,th
Vzestup,Ascension,th
Vágj utat,Carve a Path,th
Válassz adottságot,เลือกคุณสมบัติ,th
Válečná stezka,Warpath,th
Válogatás nélkül,Indiscriminate Killer,th
Vámpírerő I.,Vampiric Vitality,th
Ván Cược Hoàng Kim,Golden Gamble,th
Ván Cược URF,Urf's Gambit,th
Vánek,Zephyr,th
Várható váratlanság,Expected Unexpectedness,th
Vânătoare de comori,Treasure Hunt,th
Vânător galactic,Galaxy Hunter,th
Vânătorul de uriași,Giant Slayer,th
Vé Kim Cương,Prismatic Ticket,th
Végjátékbeli erőnövelés,Late Game Scaling,th
Végtelen kétségbeesés,Unending Despair,th
Végtelen védelem,Infinity Protection,th
Végzethozó,Doomer,th
Vérszomjas,Bloodthirster,th
Véráldozat,Blood Offering,th
Véráldozat,Blood Price,th
Vírusmátrix,Malware Matrix,th
Vô Cực Kiếm,Infinity Edge,th
Vô Pháp,Rogue,th
Võ Sĩ Giác Đấu,Prizefighter,th
Vörös erősítés,Red Buff,th
Výbušný růst,Explosive Growth,th
Výcvik tělesného strážce,Bodyguard Training,th
Výrobce holí,Staffsmith,th
Výrobce mečů,Swordsmith,th
Výzva chaosu,Call to Chaos,th
Văl uniform,Evenshroud,th
Vălul nemișcării,Shroud of Stillness,th
Věčná dohoda,Eternal Pact,th
Věštec,Oracle,th
Věž,The Tower,th
Vœu du chevalier,Knight's Vow,th
Vœu du protecteur,Protector's Vow,th
Vůle palcátu,Mace's Will,th
Vươn Tới Tinh Tú,Reach for the Stars,th
Vương Miện Chiến Thuật,Tactician's Crown,th
Vương Miện Hoàng Gia,Crownguard,th
Vương Miện Hắc Hóa,Cursed Crown,th
Vương Miện Nặng Trĩu,Heavy Is the Crown,th
W Czepku Urodzony,Silver Spoon,th
W Czwórce Siła,ReinFOURcement,th
Wachsende Wurzeln,Spreading Roots,th
Wampiryczna Żywotność,Vampiric Vitality,th
Wand Overflow,Wand Overflow,th
Wanderer,Voyager,th
Wanderer-Emblem,Voyager Emblem,th
Warlord's Honor,Warlord's Honor,th
Warmog vértje,Warmog's Armor,th
Warmog's Armor,Warmog's Armor,th
Warmog'un Zırhı,Warmog's Armor,th
Warmogova zbroj,Warmog's Armor,th
Warmogs Rüstung,Warmog's Armor,th
Warpath,Warpath,th
Warto Poczekać,Worth the Wait,th
Wartość Dodana,Two Much Value,th
Wczesna Nauka,Early Learnings,th
We Stick Together,We Stick Together,th
Weise Ausgaben,Wise Spending,th
Weltraum-Groove,Space Groove,th
Weltraum-Groove-Emblem,Space Groove Emblem,th
Wezwanie Chaosu,Call to Chaos,th
Widmowy Rapier,Spectral Cutlass,th
Wie ist es um dein Glück bestellt?,Feeling Lucky,th
Wieczny Brąz,Bronze For Life,th
Wieczny Pakt,Eternal Pact,th
Wiederaufnahme der Mission,Restart Mission,th
Wielka Wygrana,Win Out,th
Wielki Wybuch,The Big Bang,th
Wielkie Poświęcenie,Hard Commit,th
Wielkość i Potęga,Giant and Mighty,th
Wieża,The Tower,th
Willkürlicher Killer,Indiscriminate Killer,th
Win Out,Win Out,th
"Winzig, aber tödlich","Tiny, but Deadly",th
Winzige Titanen,Tiny Titans,th
Winzigster Titan,Tiniest Titan,th
Wir halten zusammen,We Stick Together,th
Wise Spending,Wise Spending,th
Wit's End,Wit's End,th
Withered Relic,Withered Relic,th
Wkalkulowana Strata,Calculated Loss,th
Wojenna Ścieżka,Warpath,th
Wola Buławy,Mace's Will,th
Worth the Wait,Worth the Wait,th
Woven Magic,Woven Magic,th
Wskrzeszenie,Boon of Resurrection,th
Wsparcie,Stand United,th
Wspinaczka po Drabince,Climb The Ladder,th
Wspólne Siły,Teaming Up,th
Wybierz cechę,เลือกคุณสมบัติ,th
Wygięty Łuk,Recurve Bow,th
Wygnańcy,Exiles,th
Wykuj Znajomego,Forge a Friend,th
Wykuklenie,Dummify,th
Wykuto w Sile,Forged in Strength,th
Wyniesienie,Ascension,th
Wyprzedaż na Ostro,Firesale,th
Wyrocznia,Oracle,th
Wysokie Napięcie,High Voltage,th
Wytnij sobie drogę,Carve a Path,th
Wywyższenie Kayle,Kayle's Exaltation,th
Wzmacniający Medalion,Innervating Locket,th
Wzmocnienie Raz i Dwa,"One Buff, Two Buff",th
Wälzer der Attribute,Tome of Traits,th
Wędrujący Krab,Rift Scuttler,th
Włócznia Shojin,Spear of Shojin,th
Xayah,Xayah,th
Xoay Bài Tự Động,Recombobulator,th
Xây Dựng Đội Hình,Team Building,th
Xúc Xắc Hoành Tráng,Epic Rolldown,th
Xúc Xắc Ma Pháp,A Magic Roll,th
Xúc Xắc Vô Tận,Rolling for Days,th
Xạ Thần,Gun Goddess,th
Yaldızlı Çelik,Gilded Steel,th
Yalnız Zırh,Solo Plate,th
Yampiri Yengeç,Rift Scuttler,th
Yan Etkiler,Side Effects,th
Yarı İletken,Semiconductor,th
Yasak İdol,Forbidden Idol,th
Yasuo Figyelemmegosztása,Yasuo's Share The Spotlight,th
Yasuo aranymezője,Yasuo's Golden Hex,th
Yasuo kardforgatása,Yasuo's Bladework,th
Yasuo áldása,Yasuo's Boon,th
Yasuo'nun Altın Hücresi,Yasuo's Golden Hex,th
Yasuo'nun Kılıç Sanatı,Yasuo's Bladework,th
Yasuo'nun Lütfu,Yasuo's Boon,th
Yasuo'nun İlgi Budalası Eklentisi,Yasuo's Share The Spotlight,th
Yasuo's Bladework,Yasuo's Bladework,th
Yasuo's Boon,Yasuo's Boon,th
Yasuo's Golden Hex,Yasuo's Golden Hex,th
Yasuo's Share The Spotlight,Yasuo's Share The Spotlight,th
Yasuo: Împarte centrul atenției,Yasuo's Share The Spotlight,th
Yasuos Goldfeld,Yasuo's Golden Hex,th
Yasuos Klingentanz,Yasuo's Bladework,th
Yasuos Segen,Yasuo's Boon,th
Yasuos „Teile das Rampenlicht“,Yasuo's Share The Spotlight,th
Yasuovo mistrovství meče,Yasuo's Bladework,th
Yasuovo zlaté pole,Yasuo's Golden Hex,th
Yasuův dar,Yasuo's Boon,th
Yasuův Široký paprsek,Yasuo's Share The Spotlight,th
Yatırımın Getirisi,Invested,th
Yayılan Kökler,Spreading Roots,th
Yayım Yayındır,You Have My Bow,th
Yağmacı,Marauder,th
Yağmacı Amblemi,Marauder Emblem,th
Yaşayan Ocak,Living Forge,th
Yedek Yaylar,Backup Bows,th
Yelmo Adaptable,Adaptive Helm,th
Yelmo adaptable,Adaptive Helm,th
Yelmo sombrío,Marauder,th
Yeni Çağ,Epoch,th
Yenilemeye Devam,On a Roll,th
Yenilmez,The Indomitable,th
Yok Edici,Eradicator,th
Yolumdan Dönmem,NO SCOUT NO PIVOT,th
You Have My Bow,You Have My Bow,th
Yozlaşmış Vampirî Asa,Corrupt Vampiric Scepter,th
Yük Aktarımı,Charge Transfer,th
Yüklü Borç,Advanced Loan,th
Yüksek Voltaj,High Voltage,th
Yükseliş,Ascension,th
Yıldız Gözlemcisi,Stargazer,th
Yıldız Gözlemcisi Amblemi,Stargazer Emblem,th
Yıldız Kombosu,Stellar Combo,th
Yıldızlara Uzan,Reach for the Stars,th
Yıpranmış Antika,Withered Relic,th
Za jakou cenu,At What Cost,th
Zaangażowanie,Invested,th
Zaawansowana Pożyczka,Advanced Loan,th
Zabiják obrů,Giant Slayer,th
Zabójca do Wynajęcia,Contract Killer,th
Zabójczy Kapelusz Rabadona,Rabadon's Deathcap,th
Zagracony Umysł,Cluttered Mind,th
Zagłada,Doomer,th
Zakopane Skarby,Buried Treasures,th
Zakopané poklady,Buried Treasures,th
Zamankıran,Timebreaker,th
Zamankıran Amblemi,Timebreaker Emblem,th
Zamiř ke hvězdám,Reach for the Stars,th
Zaměřovací optika,Target-Lock Optics,th
Zaneprázdněná mysl,Cluttered Mind,th
Zapora Przedniej Formacji,Frontline Foundation,th
Zapovězená modla,Forbidden Idol,th
Zaprzepaszczona Znajomość,Missed Connections,th
Zapuszczanie Korzeni,Spreading Roots,th
Zararına Satış,Firesale,th
Zasłona Równości,Evenshroud,th
Zbiry,Rogue,th
Zbytečně dlouhá hůl,Needlessly Large Rod,th
Zdobená pěstnice,Jeweled Gauntlet,th
Zdobený květ,Jeweled Lotus,th
Zdrang!,Bonk!,th
Zed,Zed,th
Zed,Invader Zed,th
Zed Invasor,Invader Zed,th
Zed Invasore,Invader Zed,th
Zed Kẻ Xâm Lăng,Invader Zed,th
Zefir,Zephyr,th
Zefiro,Zephyr,th
Zefír,Zephyr,th
Zeitbrecher,Timebreaker,th
Zeitbrecher-Emblem,Timebreaker Emblem,th
Zeița armelor,Gun Goddess,th
Zeke hírnöke,Zeke's Herald,th
Zeke komor hírnöke,Zeke's Bleak Herald,th
Zeke'nin Kasvetli Sancağı,Zeke's Bleak Herald,th
Zeke'nin Sancağı,Zeke's Herald,th
Zeke's Bleak Herald,Zeke's Bleak Herald,th
Zeke's Herald,Zeke's Herald,th
Zekes Herold,Zeke's Herald,th
Zekes düsterer Herold,Zeke's Bleak Herald,th
Zekeův pochmurný posel,Zeke's Bleak Herald,th
Zekeův posel,Zeke's Herald,th
Zephir,Zephyr,th
Zephyr,Zephyr,th
Zesílení do závěru hry,Late Game Scaling,th
Zhouba lichů,Lich Bane,th
Zielerfassungslinse,Target-Lock Optics,th
Zihin Açıklığı,Clear Mind,th
Zihin Bulanıklığı,Cluttered Mind,th
Zihinsel Hazırlık,Aura Farming,th
Zincir Yelek,Chain Vest,th
Zindelik Broşu,Innervating Locket,th
Zjazd Urodzinowy,Birthday Reunion,th
Zkázonoš,Doomer,th
Zlaté vejce,The Golden Egg,th
Zlatý drak,The Golden Dragon,th
Zlatý hod,Golden Gamble,th
Zlatý monzun,Money Monsoon,th
Zlodějské rukavice,Thief's Gloves,th
Zlodějíček,Pilfer,th
Zmora Licza,Lich Bane,th
Zoe,Zoe,th
Zorn des Kraken,Kraken's Fury,th
Zoé,Zoe,th
Zrcadlová osobnost,Mirrored Persona,th
Zručná výroba,Crafted Crafting,th
Zrádné upírské žezlo,Corrupt Vampiric Scepter,th
Zsivány,Rogue,th
Zsivány embléma,Rogue Emblem,th
Zsúfolt elme,Cluttered Mind,th
Ztracené konexe,Missed Connections,th
Zu etwas nütze,Good For Something,th
Zu viel Wert,Two Much Value,th
Zu welchem Preis,At What Cost,th
Zu zäh,Two Tanky,th
Zumito de la risa,Cappa Juice,th
Zusammenarbeit,Teaming Up,th
Zwillingswächter,Twin Guardians,th
Zwycięstwo Viktora z Arcane,Arcane Viktor-y,th
Zz'Rot Kapısı,Zz'Rot Portal,th
Zz'Rot Portal,Zz'Rot Portal,th
Zz'Rot-Portal,Zz'Rot Portal,th
Zz'Rot-kapu,Zz'Rot Portal,th
Zákeřná monetizace,Malicious Monetization,th
Základ přední řady,Frontline Foundation,th
Záložní luky,Backup Bows,th
Záporozó könnyek,Flowing Tears,th
Závěrečný spurt,Win Out,th
Zářivý rošťák,Radiant Rascal,th
Zéfiro,Zephyr,th
Zéphyr,Zephyr,th
Zügiger Doppelkill,Speedy Double Kill,th
Ząb Nashora,Nashor's Tooth,th
Złote Jajo,The Golden Egg,th
Złote Pole Yasuo,Yasuo's Golden Hex,th
Złote Ryzyko,Golden Gamble,th
Złoty Smok,The Golden Dragon,th
Złowroga Monetyzacja,Malicious Monetization,th
¡Bonk!,Bonk!,th
¡Estadísticas a tutiplén!,Tons of Stats!,th
¡Milestadísticas!,Tons of Stats!,th
¡Pum!,Bonk!,th
¡Sube de nivel!,Level Up!,th
¡Subes de nivel!,Level Up!,th
¿A qué precio?,At What Cost,th
¿Hacemos un Muñeco?,Dummify,th
¿Te Sientes con Suerte?,Feeling Lucky,th
À toute meepesse,Termeepnal Velocity,th
Ábrete Camino,Carve a Path,th
Ác Nữ,Dark Lady,th
Állhatatos szív,Steadfast Heart,th
Ám Ảnh Của Varus,Varus's Obsession,th
Ánima,Anima,th
Áo Choàng Bóng Tối,Edge of Night,th
Áo Choàng Bạc,Negatron Cloak,th
Áo Choàng Chiến Thuật,Tactician's Cape,th
Áo Choàng Diệt Vong,Unending Despair,th
Áo Choàng Gai,Bramble Vest,th
Áo Choàng Lửa,Sunfire Cape,th
Áo Choàng Mờ Ám,Suspicious Trench Coat,th
Áo Choàng Thủy Ngân,Quicksilver,th
Áo Choàng Tĩnh Lặng,Shroud of Stillness,th
Árbitro,Arbiter,th
Árnybáb,Shadow Puppet,th
Árvore de Características,The Trait Tree,th
Ân Huệ Của Ahri,Ahri's Boon,th
Ân Huệ Của Aurelion Sol,Aurelion Sol's Boon,th
Ân Huệ Của Ekko,Ekko's Boon,th
Ân Huệ Của Evelynn,Evelynn's Boon,th
Ân Huệ Của Kayle,Kayle's Boon,th
Ân Huệ Của Soraka,Soraka's Boon,th
Ân Huệ Của Thresh,Thresh's Boon,th
Ân Huệ Của Varus,Varus's Boon,th
Ân Huệ Của Yasuo,Yasuo's Boon,th
Ân Huệ Tái Sinh,Boon of Resurrection,th
Ägide der Abenddämmerung,Aegis of Dusk,th
Ägide der Morgendämmerung,Aegis of Dawn,th
Çelik İntikam,Gun Goddess,th
Çelikten Yürek,Heart of Steel,th
Çifte Ödül,Duo Queue,th
Échos réparateurs,Mending Echoes,th
Édes falatok,Sweet Treats,th
Égida del Amanecer,Aegis of Dawn,th
Égida del Ocaso,Aegis of Dusk,th
Égida del amanecer,Aegis of Dawn,th
Égida del anochecer,Aegis of Dusk,th
Égide da Alvorada,Aegis of Dawn,th
Égide de l'aube,Aegis of Dawn,th
Égide do Crepúsculo,Aegis of Dusk,th
Égide du crépuscule,Aegis of Dusk,th
Électrocharge,Electrocharge,th
Élharcos,Vanguard,th
Élharcos embléma,Vanguard Emblem,th
Énke,Meeple,th
Énke embléma,Meeple Emblem,th
Énkesebesség,Termeepnal Velocity,th
Énkike,Meepsie,th
Época,Epoch,th
Építhető kísérő,Construct a Companion,th
Éradicateur,Eradicator,th
Étincelle ionique,Ionic Spark,th
Éveil de l'âme,Soul Awakening,th
Éxito Crítico,Critical Success,th
Éxito crítico,Critical Success,th
Ídolo Prohibido,Forbidden Idol,th
Ídolo Proibido,Forbidden Idol,th
Ídolo prohibido,Forbidden Idol,th
Îmbrâncire,Slammin',th
Îmbrățișare de grup,Group Hug,th
Împrumut avansat,Advanced Loan,th
În echipă,Teaming Up,th
Încărcare electrică,Electrocharge,th
Înfățișarea sufletului,Spirit Visage,th
Întețește focul,Feed the Flames,th
Învingătorii iau totul,Prizefighter,th
Învățături timpurii,Early Learnings,th
Óptica de Fijación de Objetivo,Target-Lock Optics,th
Óptica de fijado de objetivos,Target-Lock Optics,th
Óriásölő,Giant Slayer,th
Ô Hoàng Kim của Yasuo,Yasuo's Golden Hex,th
Ôm Tập Thể,Group Hug,th
Ödüllü Müsabaka,Prizefighter,th
Ölüm Kılıcı,Deathblade,th
Ölümcül Bıçaklar,Deadlier Blades,th
Öncü,Vanguard,th
Öncü Amblemi,Vanguard Emblem,th
Örök paktum,Eternal Pact,th
Összetartunk,We Stick Together,th
Összetevőrablás,Component Heist,th
Össztűz,Focused Fire,th
Ösztönző medál,Innervating Locket,th
Övszállítmány,Belt Overflow,th
Özel Yapım,Factory New,th
Özellik Ağacı,The Trait Tree,th
Özellik Seç,เลือกคุณสมบัติ,th
Özellikler Kitabı,Tome of Traits,th
Újonc,New Recruit,th
Újraalkotó,Recombobulator,th
Újrahasznosító láda,Salvage Bin,th
Újrasorsolás napestig,Rolling for Days,th
Últimas palabras,Last Whisper,th
Último Suspiro,Last Whisper,th
Último Sussurro,Last Whisper,th
Úsměv štěstěny,Feeling Lucky,th
Úsvit nad Stříbromořím,Silvermere Dawn,th
Útočníkův řemdih,Striker's Flail,th
Úvodní poznatky,Early Learnings,th
Übergroßer Stab,Needlessly Large Rod,th
Überlebender,Survivor,th
Übungspuppe,Training Dummy,th
Ürességkesztyű,Void Gauntlet,th
Üçler Ordusu,Legion of Threes,th
Üçlük,Trifecta,th
Ý Chỉ Xích Chùy,Mace's Will,th
Ăn Mòn,Corrosion,th
Ăn Trộm,Pilfer,th
Čekající kovárna,Latent Forge,th
Čepel smrti,Deathblade,th
Červený buff,Red Buff,th
Čistá mysl,Clear Mind,th
Částečné vyzdvižení,Partial Ascension,th
Đai Khổng Lồ,Giant's Belt,th
Đam Mê Gậy,Wand Overflow,th
Đam Mê Kiếm,Sword Overflow,th
Đam Mê Đai Lưng,Belt Overflow,th
Đao Chớp,Flickerblades,th
Đao Tím,Wit's End,th
Đo Ni Đóng Giày,Lucky Gloves,th
Đá Hắc Hóa,Blighting Jewel,th
Đánh Là Trúng,Just Hit,th
Đường Ra Trận,Warpath,th
Được Này Mất Kia,Good For Something,th
Đại Bác Liên Thanh,Rapid Firecannon,th
Đấu Sĩ,Brawler,th
Đầu Tư,Invested,th
Đẩy Nhanh Tiến Độ,Upward Mobility,th
Đặc Quyền Phú Gia,Silver Spoon,th
Định Mệnh,Fateweaver,th
Đồng Minh Của Bụt,Caretaker's Ally,th
Độc Hành,Exiles,th
Đội Hình Tối Ưu,Max Build,th
Động Cơ Tăng Tốc,Clockwork Accelerator,th
İdman Eldiveni,Sparring Gloves,th
İhtiyaç Paketi,Care Package,th
İki Elin Sesi Var,Two Much Value,th
İki Kat Güçlendirme,"One Buff, Two Buff",th
İkinci Şans,Second Wind,th
İkiz Muhafızlar,Twin Guardians,th
İleri Görüşlülük,Forward Thinking,th
İleri Safha Gücü,Late Game Scaling,th
İleri Safhalarda Görüşürüz,Late Game Specialist,th
İlk Öğretiler,Early Learnings,th
İstilacı Zed,Invader Zed,th
İyon Kıvılcımı,Ionic Spark,th
Ładunek Elektryczny,Electrocharge,th
Łamacze Czasu,Timebreaker,th
Ławka Pandory,Pandora's Bench,th
Łubudu!,Bonk!,th
Łuki Zapasowe,Backup Bows,th
Łut Szczęścia,Feeling Lucky,th
Łza Bogini,Tear of the Goddess,th
Łącze Cybernetyczne,Cybernetic Uplink,th
Łącze Drona,Drone Uplink,th
Œuf d'or,The Golden Egg,th
Říční krab,Rift Scuttler,th
Ślubowanie Protektora,Protector's Vow,th
Świetliste Wywyższenie Kayle,Kayle's Radiant Exaltation,th
Świetlisty Szelma,Radiant Rascal,th
Świeży Wyrób,Factory New,th
Świt Srebrzystej,Silvermere Dawn,th
Şafak Kalkanı,Aegis of Dawn,th
Şafağın Özü,Dawncore,th
Şans Benimle,Feeling Lucky,th
Şanslı Eldiven,Lucky Gloves,th
Şanslı Hissediyorum,Call to Chaos,th
Şapkat Nektarı,Cappa Juice,th
Şifalı Küreler,Healing Orbs,th
Şifalı Yankılar,Mending Echoes,th
Şok Dayanıklı,Two Tanky,th
Şövalyenin Adağı,Knight's Vow,th
Šplhání žebříčkem,Climb The Ladder,th
Štít soumraku,Aegis of Dusk,th
Štít úsvitu,Aegis of Dawn,th
Šťáva Cappa,Cappa Juice,th
Űrzúzda,Space Groove,th
Űrzúzda embléma,Space Groove Emblem,th
Żelazne Zasoby,Iron Assets,th
Żywa Kuźnia,Living Forge,th
Żywe Srebro,Quicksilver,th
Železné vybavení,Iron Assets,th
Živoucí kovárna,Living Forge,th
Žoldnéř,Marauder,th
Žďuch!,Bonk!,th
Țesător al destinului,Fateweaver,th
Țintește spre stele,Reach for the Stars,th
Άατροξ,Aatrox,th
Άνιμα,Anima,th
Άξιζε η Αναμονή,Worth the Wait,th
Έζρεαλ,Ezreal,th
Έμβλημα N.O.V.A.,N.O.V.A. Emblem,th
Έμβλημα Άνιμα,Anima Emblem,th
Έμβλημα Αστρομάντη,Stargazer Emblem,th
Έμβλημα Βοσκού,Shepherd Emblem,th
Έμβλημα Διεκδικητή,Challenger Emblem,th
Έμβλημα Ελεύθερου Σκοπευτή,Sniper Emblem,th
Έμβλημα Εμπροσθοφυλακής,Vanguard Emblem,th
Έμβλημα Καβγατζή,Brawler Emblem,th
Έμβλημα Κριτή,Arbiter Emblem,th
Έμβλημα Μιπ,Meeple Emblem,th
Έμβλημα Πριμόρντιαν,Primordian Emblem,th
Έμβλημα Σελασπίδας,Lightshield Crest,th
Έμβλημα Σκοτεινού Ιππότη,Marauder Emblem,th
Έμβλημα Ταξιδευτή,Voyager Emblem,th
Έμβλημα Χρονοθραύστη,Timebreaker Emblem,th
Έμβλημα του Αλήτη,Rogue Emblem,th
Έμβλημα του Διαστημικού Ρυθμού,Space Groove Emblem,th
Έμβλημα του Προτειχίσματος,Bastion Emblem,th
Έμβλημα του Σκοτεινού Άστρου,Dark Star Emblem,th
Έμβλημα των Σιδηρών Σολάρι,Locket of the Iron Solari,th
Ένα Κομμάτι Ζωή,Slice of Life,th
"Ένα, Δύο, Πέντε!","One, Two, Five!",th
"Ένα, Δύο, Τρία",One Two Three,th
Όλεθρος των Απέθαντων,Lich Bane,th
Όρκος του Ιππότη,Knight's Vow,th
Όρκος του Υπερασπιστή,Protector's Vow,th
Όψη Πνευμάτων,Spirit Visage,th
Ύποπτη Καπαρντίνα,Suspicious Trench Coat,th
Αγωγός,Conduit,th
Αδάμαστος,The Indomitable,th
Αιγίδα της Αυγής,Aegis of Dawn,th
Αιγίδα του Δειλινού,Aegis of Dusk,th
Αιμοδιψής,Bloodthirster,th
Αιχμή του Απείρου,Infinity Edge,th
Αιώνας,Epoch,th
Αιώνια Διαθήκη,Eternal Pact,th
Ακάλι,Akali,th
Ακλόνητη Καρδιά,Steadfast Heart,th
Αλήτης,Rogue,th
Αμοιβαίο Κεφάλαιο,Hedge Fund,th
Ανέλιξη,Upward Mobility,th
Αναλογική αύξηση προς το τέλος του παιχνιδιού,Late Game Scaling,th
Αναμονή του Απροσδόκητου,Expected Unexpectedness,th
Ανασυνδυαστής,Recombobulator,th
Ανεβαίνοντας στην Κατάταξη,Climb The Ladder,th
Ανταπόδοση,Retribution,th
Αντιγραφέας,Replicator,th
Αντικείμενα Πανδώρας,Pandora's Items,th
Απέραντη Απόγνωση,Unending Despair,th
Απαγορευμένο Είδωλο,Forbidden Idol,th
Απατεώνας,Hustler,th
Απλωμένες Ρίζες,Spreading Roots,th
Αποθεωτικό Σιδηρουργείο,Apotheotic Forge,th
Αποκλειστική Προσαρμογή,Exclusive Customization,th
Απομίμηση,Replication,th
Αποφασιστικότητα του Τιτάνα,Titan's Resolve,th
Αρετή του Μάρτυρα,Virtue of the Martyr,th
Ασημένιο Κουτάλι,Silver Spoon,th
Ασπίδα για Έναν,Solo Plate,th
Ασπίδα του Συμβούλου,Tactician's Shield,th
Αστρικός Συνδυασμός,Stellar Combo,th
Αστρομάντης,Stargazer,th
Ατσάλινοι Πόροι,Iron Assets,th
Αυγή στο Σίλβερμιρ,Silvermere Dawn,th
Αυτοσχέδια Πανοπλία,Makeshift Armor,th
Αφύπνιση Ψυχής,Soul Awakening,th
Βάρα και Σκάσε,Just Hit,th
Βάρδος,Bard,th
Βέιγκαρ,Veigar,th
Βίκτορ,Viktor,th
Βίκτορ της Απόκρυφης Γνώσης,Arcane Viktor-y,th
Βαρύ Τίμημα,At What Cost,th
Βελτιστοποίηση,Min-Max,th
Βεξ,Vex,th
Βιονικά Εμφυτεύματα,Cybernetic Implants,th
Βιονική Ζεύξη,Cybernetic Uplink,th
Βοσκός,Shepherd,th
Βρες Το Κέντρο Σου,Find Your Center,th
Γ.Μ.Τ. Σπαθί,B.F. Sword,th
Γάντι του Κενού,Void Gauntlet,th
Γάντια Μονομαχίας,Sparring Gloves,th
Γάντια του Κλέφτη,Thief's Gloves,th
Γάντια του Φούρναρη,Mittens,th
Γαλαξιακός Κυνηγός,Galaxy Hunter,th
Γαριδρομέας,Rift Scuttler,th
Γιαταγάνι Φαντασμάτων,Spectral Cutlass,th
Γκναρ,Gnar,th
Γκουέν,Gwen,th
Γκράγκας,Gragas,th
Γκρέιβς,Graves,th
Γκόλεμ,Golem,th
Γνωσιακή Υπερφόρτιση,Cognitive Overload,th
Γνωσιακό Κόστος,Cognitive Tax,th
Γρήγορη Διπλή Εξόντωση,Speedy Double Kill,th
Γρήγορη Εκκίνηση,Kick Start,th
Δάκρυ της Θεάς,Tear of the Goddess,th
Δάνειο για προχωρημένους,Advanced Loan,th
Δίδυμοι Φύλακες,Twin Guardians,th
Δεν Υποχωρούμε,Hold the Line,th
Δεσμευτική Στρατηγική,Hard Commit,th
Διάβρωση,Corrosion,th
Διάταξη,Lineup,th
Διαδρομή Πολέμου,Warpath,th
Διαστημικός Ρυθμός,Space Groove,th
Διεκδικητής,Challenger,th
Διεφθαρμένο Βαμπιρικό Σκήπτρο,Corrupt Vampiric Scepter,th
Διοικήτρια Άνιμα,Anima Commander,th
Διοικητής,Commander,th
Διπλή Αξία,Two Much Value,th
Δοκίμασε Την Τύχη Σου,Feeling Lucky,th
Δόντι του Νάσορ,Nashor's Tooth,th
Δόρυ του Σοτζίν,Spear of Shojin,th
Δύο Ντούκια,Two Tanky,th
Δώρο Γενεθλίων,Birthday Present,th
Δώσε,Slammin',th
Εδραιωμένη Εμπροσθοφυλακή,Frontline Foundation,th
Εδώ οι Καλές Ενισχύσεις,"One Buff, Two Buff",th
Εδώ το Παραδάκι,Money Hungry,th
Ειδικός Τελικών Σταδίων Παιχνιδιού,Late Game Specialist,th
Εισβολέας Ζεντ,Invader Zed,th
Εκπαίδευση Σωματοφύλακα,Bodyguard Training,th
Εκπτώσεις-φωτιά,Firesale,th
Εκρηκτική Ανάπτυξη,Explosive Growth,th
Εκστρατεία,Expedition,th
Ελαφρώς Μαγική Ζαριά,Slightly Magic Roll,th
Ελεύθερος Σκοπευτής,Sniper,th
Εμπορικός Πυρήνας,Commerce Core,th
Εμπορικός Τομέας,Trade Sector,th
Εμπροσθοφυλακή,Vanguard,th
Ενισχυμένη Ισχύς,Augmented Power,th
Εξολοθρευτής,Eradicator,th
Εξόριστοι,Exiles,th
Εξύψωση,Ascension,th
Επέκταση,Branching Out,th
Επένδυση,Invested,th
Επίχρυσο Ατσάλι,Gilded Steel,th
Επαγγελματίας Δολοφόνος,Contract Killer,th
Επαγγελματίας Μαχητής,Prizefighter,th
Επανεκκίνηση Αποστολής,Restart Mission,th
Επιζών,Survivor,th
Επικίνδυνες Κινήσεις,Risky Moves,th
Επικό Μπαρμπούτι,Epic Rolldown,th
Επιλέξτε Χαρακτηριστικό,เลือกคุณสมบัติ,th
Επόμενη Πίστα!,Level Up!,th
Εστιασμένο Πυρ,Focused Fire,th
Ευελιξία,Flexible,th
Ευλογία Ανάστασης,Boon of Resurrection,th
Ευλογία του Νταή,Boon of the Scrapper,th
Ευπροσάρμοστο Κράνος,Adaptive Helm,th
Εφεδρικά Τόξα,Backup Bows,th
Ζάια,Xayah,th
Ζέφυρος,Zephyr,th
Ζεντ,Zed,th
Ζεύξη με Ντρόουν,Drone Uplink,th
Ζοφερός Κήρυκας του Ζέκε,Zeke's Bleak Herald,th
Ζωντανή Πυρά,Living Forge,th
Ζόη,Zoe,th
Ζώνη του Γίγαντα,Giant's Belt,th
Η Έξαρση της Κέιλ,Kayle's Exaltation,th
Η Ακτινοβόλος Έξαρση της Κέιλ,Kayle's Radiant Exaltation,th
Η Αύρα της Άρι,Ahri's Aura,th
Η Εμμονή του Βάρους,Varus's Obsession,th
Η Μεγάλη Έκρηξη,The Big Bang,th
Η Ξιφασκία του Υασούο,Yasuo's Bladework,th
Η Υπομονή Είναι Αρετή,Patience is a Virtue,th
Η Υπομονή του Έκκο,Ekko's Patience,th
Η Ψυχή του Πάρτι,Party Animal,th
Η ομάδα πάνω απ' όλα,Teaming Up,th
Ηλεκτροφόρτιση,Electrocharge,th
Ημιαγωγός,Semiconductor,th
Ηρωικός Σάκος Δώρων,Heroic Grab Bag,th
Θέατρο Σκιών,Shadow Puppet,th
Θέληση του Ροπάλου,Mace's Will,th
Θαμμένοι Θησαυροί,Buried Treasures,th
Θανάσιμα Καπέλα,Deadlier Caps,th
Θεά των Όπλων,Gun Goddess,th
Θεϊκή Ευλογία,God-Blessed,th
Θεϊκός Μονομάχος,Divine Duelist,th
Θυσία Αίματος,Blood Offering,th
Θώρακας Κισσού,Bramble Vest,th
Ιαματικός Αντίλαλος,Mending Echoes,th
Ιλλαόη,Illaoi,th
Ιστορική Ανατροπή,Comeback Story,th
Ιόνιος Σπίθα,Ionic Spark,th
Κάδος με Παλιοσίδερα,Salvage Bin,th
Κάι'Σα,Kai'Sa,th
Κάλεσμα στο Χάος,Call to Chaos,th
Κάπα του Συμβούλου,Tactician's Cape,th
Κάρμα,Karma,th
Κάτι Κάνω και Εγώ,Good For Something,th
Κέιτλιν,Caitlyn,th
Κήρυκας του Ζέκε,Zeke's Herald,th
Κίντρεντ,Kindred,th
Καβγατζής,Brawler,th
Καθαρό Μυαλό,Clear Mind,th
Κακόβουλα Έσοδα,Malicious Monetization,th
Καλά Φιλαράκια,Best Friends,th
Κανόνι από Γυαλί,Glass Cannon,th
Καπέλο του Ράμπαντον,Rabadon's Deathcap,th
Καρδιά από Ατσάλι,Heart of Steel,th
Καταιγίδα του Λούντεν,Luden's Tempest,th
Καταναλωτική Μανία,Shopping Spree,th
Καταραμένη Λεπίδα,Cursed Blade,th
Καταραμένο Πετράδι,Blighting Jewel,th
Καταραμένο Στέμμα,Cursed Crown,th
Καταστροφέας,Doomer,th
Κατοπτρισμένη Προσωπικότητα,Mirrored Persona,th
Κατώτερη Κατοπτρισμένη Προσωπικότητα,Lesser Mirrored Persona,th
Καχουναχούνα,Kahunahuna,th
Κολοσσιαία Ύδρα,Titanic Hydra,th
Κοσμική Επανεκκίνηση,Cosmic Restart,th
Κουζίνα του Συμβούλου,Tactician's Kitchen,th
Κουκλοποίηση,Dummify,th
Κούκλα Εκπαίδευσης,Training Dummy,th
Κούκλες Δοκιμής Σύγκρουσης,Crash Test Dummies,th
Κρίσιμη Επιτυχία,Critical Success,th
Κριτής,Arbiter,th
Κρυφό Εργαστήριο,Latent Forge,th
Κυνήγι Θησαυρού,Treasure Hunt,th
Κυρτό Τόξο,Recurve Bow,th
Κόκκινη Ενίσχυση,Red Buff,th
Κόπανος Εφόδου,Striker's Flail,th
Κόρκι,Corki,th
Κύπελλο της Δύναμης,Chalice of Power,th
ΛεΜπλάν,LeBlanc,th
Λεγεώνα των Τριών,Legion of Threes,th
Λειτουργία Αγωγού,Conduit Mode,th
Λειτουργία Αντιγραφέα,Replicator Mode,th
Λειτουργία Διεκδικητή,Challenger Mode,th
Λελογισμένη Ήττα,Calculated Loss,th
Λεπίδα Θανάτου,Deathblade,th
Λεπίδα της Νύχτας,Edge of Night,th
Λεόνα,Leona,th
Ληστεία Συστατικών,Component Heist,th
Λισάντρα,Lissandra,th
Λογαριασμός Ταμιευτηρίου,Savings Account,th
Λούλου,Lulu,th
Λυτρωτής,Redeemer,th
Μάζωξη γενεθλίων,Birthday Reunion,th
Μάντης,Oracle,th
Μάστερ Γι,Master Yi,th
Μέγιστο Build,Max Build,th
Μένουμε Ενωμένοι,We Stick Together,th
Μίλιο,Milio,th
Μίνι Μαύρη Τρύπα,Mini Black Hole,th
Μαγική Ζαριά,A Magic Roll,th
Μαγικό Υφαντό,Woven Magic,th
Μαγοτεχνικό Σπαθοπίστολο,Hextech Gunblade,th
Μαζί Ενωμένοι,Stand United,th
Μαζί στο Φως των Προβολέων του Υασούο,Yasuo's Share The Spotlight,th
Μαθήματα Πυγμαχίας,Boxing Lessons,th
Μανδύας Εξουδετέρωσης,Negatron Cloak,th
Μανδύας του Ήλιου,Sunfire Cape,th
Μαοκάι,Maokai,th
Μεγάλοι Και Τρανοί,Giant and Mighty,th
Μερική Εξύψωση,Partial Ascension,th
Μεταφορά Φορτίου,Charge Transfer,th
Μια Ένδοξη Περιπέτεια,An Exalted Adventure,th
Μικροί Στο Μάτι,"Tiny, but Deadly",th
Μικροσκοπικοί Τιτάνες,Tiny Titans,th
Μικρούληδες Φίλοι,Little Buddies,th
Μικρός Σάκος Δώρων,Small Grab Bag,th
Μιπ,Meeple,th
Μιπίδιο,Meepsie,th
Μις Φόρτσουν,Miss Fortune,th
Μοργκάνα,Morgana,th
Μορελονομικόν,Morellonomicon,th
Μορντεκάιζερ,Mordekaiser,th
Μπελ'Βεθ,Bel'Veth,th
Μπλίτζκρανκ,Blitzcrank,th
Μπλε Ενίσχυση,Blue Buff,th
Μπονκ!,Bonk!,th
Μπράιαρ,Briar,th
Νάμι,Nami,th
Νάσους,Nasus,th
Νεοσύλλεκτος,New Recruit,th
Νούνου και Γουίλαμπ,Nunu & Willump,th
Ντιάνα,Diana,th
Ντόρτια,ReinFOURcement,th
Νύχι του Δράκου,Dragon's Claw,th
Νύχια του Λωποδύτη,Prowler's Claw,th
Ο Δολοφόνος που δεν Κάνει Διακρίσεις,Indiscriminate Killer,th
Ο Πάγκος της Πανδώρας,Pandora's Bench,th
Ο Πρωταγωνιστής δεν Πεθαίνει,Plot Armor,th
Ο Πύργος,The Tower,th
Ο Χρυσός Δράκος,The Golden Dragon,th
Ο πιο Μικροσκοπικός Τιτάνας,Tiniest Titan,th
"ΟΧΙ ΠΑΡΑΚΟΛΟΥΘ., ΟΧΙ ΑΛΛΑΓΕΣ",NO SCOUT NO PIVOT,th
Οι Απροσάρμοστοι,Misfits,th
"Οικονόμος, όχι Τσιγκούνης",Wise Spending,th
Ολοκαίνουργιο,Factory New,th
Ομαδική Αγκαλιά,Group Hug,th
Οπτικά Συστήματα Στόχευσης,Target-Lock Optics,th
Οργή του Κράκεν,Kraken's Fury,th
Οργανικό Εμφύτευμα,Sympathetic Implant,th
Οργισμένο Σπαθί του Γκουίνσου,Guinsoo's Rageblade,th
Ορν,Ornn,th
Ουρά Αναμονής Για Δύο,Duo Queue,th
Ούργκοτ,Urgot,th
Πάικ,Pyke,th
Πάνθεον,Pantheon,th
Πέπλο Δειλινού,Evenshroud,th
Πέπλο της Σιωπής,Shroud of Stillness,th
Πέτρινη Πανοπλία του Γκαργκόιλ,Gargoyle Stoneplate,th
Πακέτο Ενίσχυσης,Booster Pack,th
Πακέτο Φροντίδας,Care Package,th
Πανοπλία του Γόρμογκ,Warmog's Armor,th
Παρανοϊκό Ξίφος,Wit's End,th
Παρασιτική Ζωτικότητα,Vampiric Vitality,th
Παρενέργειες,Side Effects,th
Περίσσευμα Ζωνών,Belt Overflow,th
Περίσσευμα Ραβδιών,Wand Overflow,th
Περίσσευμα Σπαθιών,Sword Overflow,th
Περίτεχνη Δημιουργία,Crafted Crafting,th
Περικάρπιο του Ερευνητή,Seeker's Armguard,th
Περιττά Τεράστια Ράβδος,Needlessly Large Rod,th
Περπάτα στα Κάρβουνα,Feed the Flames,th
Πετραδένιο Γάντι,Jeweled Gauntlet,th
Πετραδένιος Λωτός,Jeweled Lotus,th
Πηγαίνοντας Μακριά,Going Long,th
Πιο Θανάσιμες Λεπίδες,Deadlier Blades,th
Πλέγμα Κακόβουλου Λογισμικού,Malware Matrix,th
Πνεύμα Λύτρωσης,Spirit of Redemption,th
Πολλά Στατιστικά!,Tons of Stats!,th
Πολλές Ανανεώσεις,Rolling for Days,th
Πολυκαιρισμένο Κειμήλιο,Withered Relic,th
Πολυτελής Συνδρομή,Luxury Subscription,th
Πολύπλευρο Κέρδος,Win Out,th
Πριμόρντιαν,Primordian,th
Πρισματικό Εισιτήριο,Prismatic Ticket,th
Προνοητική Σκέψη,Forward Thinking,th
Προστασία από Άπειρο,Infinity Protection,th
Προτείχισμα,Bastion,th
Προτείχισμα,Bulwark,th
Πρόκληση του Στέρακ,Sterak's Gage,th
Πρώιμες Διδαχές,Early Learnings,th
Πόπι,Poppy,th
Πύλη Ζζ'Ροτ,Zz'Rot Portal,th
Ράαστ,Rhaast,th
Ράβδος του Κενού,Void Staff,th
Ράβδος των Σεραφίμ,Seraphim's Staff,th
Ράμους,Rammus,th
Ρίβεν,Riven,th
Ραβδί Αρχάγγελου,Archangel's Staff,th
Ρεκ'Σάι,Rek'Sai,th
Σάκος Δώρων,Item Grab Bag,th
Σάκος Δώρων του Ουρφ,Urf's Grab Bag,th
Σάκος Μεγάλου Κάβουρα,Big Grab Bag,th
Σαμίρα,Samira,th
Σεν,Shen,th
Σιδερόπλεκτο Γιλέκο,Chain Vest,th
Σκοτεινή Κυρία,Dark Lady,th
Σκοτεινό Άστρο,Dark Star,th
Σκοτεινός Ιππότης,Marauder,th
Σκοτισμένο Μυαλό,Cluttered Mind,th
Σμιλεμένο με Δύναμη,Forged in Strength,th
Σοκολατάκια,Sweet Treats,th
Σούφρωμα,Pilfer,th
Σπάτουλα,Spatula,th
Στέμμα του Συμβούλου,Tactician's Crown,th
Στεμματοφύλακας,Crownguard,th
Στιλέτο Στατικού Ηλεκτρισμού,Statikk Shiv,th
Στόχος μας τα Άστρα,Reach for the Stars,th
Συγκέντρωση Δυνάμεων,Second Wind,th
Συγκέντρωση Ορίζοντα,Horizon Focus,th
Συμμορία,Band of Thieves,th
Συμμορία II,Band of Thieves II,th
Συνδρομητική Υπηρεσία,Subscription Service,th
Συνεχής Επίκληση,Continuous Conjuration,th
Συντήρηση Βιοΰλης,Biomatter Preserver,th
Σφαίρες Θεραπείας,Healing Orbs,th
Σχέδιο Οπισθοφυλακής,Backline Blueprint,th
Σόλο Άνοδος Επιπέδου,Solo Leveling,th
Σόνα,Sona,th
Σύμμαχος του Οδοιπόρου,Caretaker's Ally,th
Σύσφιξη Δεσμών,Team Building,th
Τάλον,Talon,th
Τίμο,Teemo,th
Τα Δάκρυα Κύλησαν,Flowing Tears,th
Ταμ Κεντς,Tahm Kench,th
Ταμπλό του Ήλιου,Sunfire Board,th
Ταξιδευτής,Voyager,th
Τελευταίος Ψίθυρος,Last Whisper,th
Τερμιπική Ταχύτητα,Termeepnal Velocity,th
Τεχνίτης Ραβδιών,Staffsmith,th
Τεχνίτης Σπαθιών,Swordsmith,th
Τζαξ,Jax,th
Τζιν,Jhin,th
Τζινξ,Jinx,th
Τηγάνι,Frying Pan,th
Τιμή σε Αίμα,Blood Price,th
Τιμή του Πολέμαρχου,Warlord's Honor,th
Το Ένστικτο της Έβελιν,Evelynn's Instinct,th
Το Δέντρο των Χαρακτηριστικών,The Trait Tree,th
Το Δώρο της Άρι,Ahri's Boon,th
Το Δώρο της Έβελιν,Evelynn's Boon,th
Το Δώρο της Κέιλ,Kayle's Boon,th
Το Δώρο της Σοράκα,Soraka's Boon,th
Το Δώρο του Έκκο,Ekko's Boon,th
Το Δώρο του Βάρους,Varus's Boon,th
Το Δώρο του Θρες,Thresh's Boon,th
Το Δώρο του Υασούο,Yasuo's Boon,th
Το Δώρο του Ωρέλιον Σολ,Aurelion Sol's Boon,th
Το Θαύμα της Σοράκα,Soraka's Miracle,th
Το Λημέρι του Βαρόνου,Baron's Lair,th
Το Μέγεθος Μετράει,Size Matters,th
Το Πανίσχυρο Mech,The Mighty Mech,th
Το Στέμμα Είναι Βαρύ,Heavy Is the Crown,th
Το Τέχνασμα του Ουρφ,Urf's Gambit,th
Το Τεσσάρι το Καλό,May the Fours Be With You,th
Το Τόξο μου στη Διάθεσή σου,You Have My Bow,th
Το Φανάρι του Θρες,Thresh's Lantern,th
Το Χαρντκόρε Της Αυγής,Dawncore,th
Το Χρυσό Αυγό,The Golden Egg,th
Τονωτικό Μενταγιόν,Innervating Locket,th
Τουίστεντ Φέιτ,Twisted Fate,th
Τρίδυμο,Trifecta,th
Τρεμολεπίδες,Flickerblades,th
Τσεκούρι της Κόλασης,Hellfire Hatchet,th
Τσο'Γκαθ,Cho'Gath,th
Τυχερά Γάντια,Lucky Gloves,th
Τόμος Χαρακτηριστικών,Tome of Traits,th
"Τώρα Κλαις, Γιατί Κλαις",Cry Me A River,th
Τώρα Που Έχω Ρέντα,On a Roll,th
ΥΠΕΡΤΑΧYΤΑΤΟ ΠΥΡ,U.R.F,th
Υδράργυρος,Quicksilver,th
Υπέρλαμπρος Κατεργάρης,Radiant Rascal,th
Υπομονετική Μελέτη,Patient Study,th
Υφάντρα της Μοίρας,Fateweaver,th
Υψηλή Τάση,High Voltage,th
Φαρμάρισμα Αύρας,Aura Farming,th
Φιζ,Fizz,th
Φιόρα,Fiora,th
Φλεγόμενο Ολμοβόλο,Rapid Firecannon,th
Φολιδωτή Ουσία,Shimmerscale Essence,th
Φονέας Γιγάντων,Giant Slayer,th
Φορητό Εργαστήριο,Portable Forge,th
Φτιάξε Έναν Φίλο,Forge a Friend,th
Φτιάξε τον Δικό σου Φίλο,Build a Bud,th
Φτιάξτε έναν σύντροφο,Construct a Companion,th
Φυλαχτό της Εξύψωσης,Talisman Of Ascension,th
Χάλκινη για Πάντα,Bronze For Life,th
Χέρι της Δικαιοσύνης,Hand Of Justice,th
Χαμένες Συνδέσεις,Missed Connections,th
Χαράξτε Μονοπάτι,Carve a Path,th
Χαρτζιλίκι,Lunch Money,th
Χρηματοθύελλα,Money Monsoon,th
Χρονοθραύστης,Timebreaker,th
Χρυσό Εξάγωνο του Υασούο,Yasuo's Golden Hex,th
Χρυσό Ποντάρισμα,Golden Gamble,th
Χυμός Κάπα,Cappa Juice,th
Ψαροκόκκαλο,Fishbones,th
Ψυχογενές Έμβλημα,Psionic Emblem,th
Ψυχογενής,Psionic,th
Ωρέλιον Σολ,Aurelion Sol,th
Ωρολογιακός Επιταχυντής,Clockwork Accelerator,th
Ωρόρα,Aurora,th
Авангард,Vanguard,th
Аврора,Aurora,th
Агрессивная монетизация,Malicious Monetization,th
Адаптивный шлем,Adaptive Helm,th
Акали,Akali,th
Арбитр,Arbiter,th
Арена солнечного пламени,Sunfire Board,th
Атрокс,Aatrox,th
Аугментированная сила,Augmented Power,th
Аура Ари,Ahri's Aura,th
Аурелион Сол,Aurelion Sol,th
Бард,Bard,th
Башня,The Tower,th
Бел'Вет,Bel'Veth,th
Бесконечное отчаяние,Unending Despair,th
Благословлен.,God-Blessed,th
Близость удачи,Feeling Lucky,th
Блицкранк,Blitzcrank,th
Божественный дуэлянт,Divine Duelist,th
Более смертельные шляпы,Deadlier Caps,th
Больше – лучше,Size Matters,th
Большой взрыв,The Big Bang,th
Большой мешок с сюрпризом,Big Grab Bag,th
Боньк!,Bonk!,th
Брайер,Briar,th
Бронза навек,Bronze For Life,th
Бунтари,Misfits,th
Буря Людена,Luden's Tempest,th
Бустер,Booster Pack,th
В лучах славы (Ясуо),Yasuo's Share The Spotlight,th
В ударе,On a Roll,th
Варежки,Mittens,th
Вверх по головам,Climb The Ladder,th
Вейгар,Veigar,th
Векс,Vex,th
Вербовка,New Recruit,th
Верное сердце,Steadfast Heart,th
Вестник Зика,Zeke's Herald,th
Вестник рока,Doomer,th
Вечерний покров,Evenshroud,th
Вечное обновление,Rolling for Days,th
Вечный договор,Eternal Pact,th
Взрывной рост,Explosive Growth,th
Виктор,Viktor,th
Возвышение Кейл,Kayle's Exaltation,th
Возмездие,Retribution,th
Вознесение,Ascension,th
Волевая победа,Comeback Story,th
Воля булавы,Mace's Will,th
Воровская шайка,Band of Thieves,th
Воровская шайка II,Band of Thieves II,th
Восстанавливающий медальон,Innervating Locket,th
Вредоносная матрица,Malware Matrix,th
Вредоносный самоцвет,Blighting Jewel,th
Второе дыхание,Second Wind,th
Выбор особенности,เลือกคุณสมบัติ,th
Выбор сделан,NO SCOUT NO PIVOT,th
Выгодное предложение,Wise Spending,th
Выживший,Survivor,th
Высокая ценность,Two Much Value,th
Высокое напряжение,High Voltage,th
Галактика грува,Space Groove,th
Гамбит Урфа,Urf's Gambit,th
Гвен,Gwen,th
Герб Лайтшилдов,Lightshield Crest,th
Геройский мешок с сюрпризом,Heroic Grab Bag,th
Гибкость,Flexible,th
Гнар,Gnar,th
Голем,Golem,th
Головокружение,Cluttered Mind,th
Головорез,Rogue,th
Горнило испытаний,Forged in Strength,th
Грабеж,Pilfer,th
Грагас,Gragas,th
Грань Бесконечности,Infinity Edge,th
Грань ночи,Edge of Night,th
Грейвз,Graves,th
Гроза Личей,Lich Bane,th
Гроза галактики,Gun Goddess,th
Групповые обнимашки,Group Hug,th
Гуляка,Party Animal,th
Да пребудет с вами сила четверки,May the Fours Be With You,th
Дальновидность,Forward Thinking,th
Дар Ари,Ahri's Boon,th
Дар Аурелиона Сола,Aurelion Sol's Boon,th
Дар Варуса,Varus's Boon,th
Дар Кейл,Kayle's Boon,th
Дар Сораки,Soraka's Boon,th
Дар Треша,Thresh's Boon,th
Дар Эвелинн,Evelynn's Boon,th
Дар Экко,Ekko's Boon,th
Дар Ясуо,Yasuo's Boon,th
Дар возрождения,Boon of Resurrection,th
Дар ремесленника,Boon of the Scrapper,th
Два стража,Twin Guardians,th
Двойная защита,Two Tanky,th
Дебошир,Brawler,th
Дерево особенностей,The Trait Tree,th
Держать строй!,Hold the Line,th
Держимся вместе,We Stick Together,th
Джакс,Jax,th
Джин,Jhin,th
Джинкс,Jinx,th
Диана,Diana,th
Добродетель мученика,Virtue of the Martyr,th
Доспех Вармога,Warmog's Armor,th
Драгоценная перчатка,Jeweled Gauntlet,th
Драгоценный лотос,Jeweled Lotus,th
Дух искупления,Spirit of Redemption,th
Жажда золота,Money Hungry,th
Железный аргумент,Iron Assets,th
Живая кузница,Living Forge,th
Живучесть вампира,Vampiric Vitality,th
Жулик,Hustler,th
Задира,Challenger,th
Закопанные сокровища,Buried Treasures,th
Западный ветер,Zephyr,th
Запасные луки,Backup Bows,th
Запретный идол,Forbidden Idol,th
Заточка Статикка,Statikk Shiv,th
Защита вечности,Infinity Protection,th
Звездная комбинация,Stellar Combo,th
Звездочет,Stargazer,th
Звериный отряд,Anima,th
Зед,Zed,th
Зеркальное отражение,Mirrored Persona,th
Златоносная сущность,Shimmerscale Essence,th
Зов хаоса,Call to Chaos,th
Зои,Zoe,th
Золотая ячейка Ясуо,Yasuo's Golden Hex,th
Золотое яйцо,The Golden Egg,th
Золотой дракон,The Golden Dragon,th
Золотой риск,Golden Gamble,th
Золотой ураган,Money Monsoon,th
Зуб Нашора,Nashor's Tooth,th
Игра в команде,Teaming Up,th
Игра в паре,Duo Queue,th
Игра вдолгую,Going Long,th
Избиение,Slammin',th
Изгнание,Exiles,th
Изогнутый лук,Recurve Bow,th
Иллаой,Illaoi,th
Инвестиции,Invested,th
Инстинкты Эвелинн,Evelynn's Instinct,th
Ионийская искра,Ionic Spark,th
Искупитель,Redeemer,th
Искусное искусство,Crafted Crafting,th
Испытание Стерака,Sterak's Gage,th
Иссушенная реликвия,Withered Relic,th
Истребитель,Eradicator,th
Кай'Са,Kai'Sa,th
Какой ценой?,At What Cost,th
Каменный доспех гаргульи,Gargoyle Stoneplate,th
Карма,Karma,th
Карманные деньги,Lunch Money,th
Карьерный рост,Upward Mobility,th
Кахунахуна,Kahunahuna,th
Кейтлин,Caitlyn,th
Киберимпланты,Cybernetic Implants,th
Киберподдержка,Cybernetic Uplink,th
Киндред,Kindred,th
Клинок смерти,Deathblade,th
Клинок ярости Гинсу,Guinsoo's Rageblade,th
Клятва защитника,Protector's Vow,th
Клятва рыцаря,Knight's Vow,th
Книга особенностей,Tome of Traits,th
Когнитивная нагрузка,Cognitive Tax,th
Когнитивная перегрузка,Cognitive Overload,th
Коготь дракона,Dragon's Claw,th
Коготь охотника,Prowler's Claw,th
Кольчуга,Chain Vest,th
Командир,Commander,th
Командир Звериного отряда,Anima Commander,th
Конструктор,Build a Bud,th
Копье Седзина,Spear of Shojin,th
Корки,Corki,th
Королевский венец,Crownguard,th
Корона тактика,Tactician's Crown,th
Коррозия,Corrosion,th
Космическое обновление,Cosmic Restart,th
Кража компонентов,Component Heist,th
Красное усиление,Red Buff,th
Критический успех,Critical Success,th
Кровавая цена,Blood Price,th
Кровавое подношение,Blood Offering,th
Кровопийца,Bloodthirster,th
Крошки-великаны,Tiny Titans,th
Крупный займ,Advanced Loan,th
Кузница апофеоза,Apotheotic Forge,th
Кусочек жизни,Slice of Life,th
Кухня тактика,Tactician's Kitchen,th
Ле Блан,LeBlanc,th
Легион троек,Legion of Threes,th
Леденящий Вестник Зика,Zeke's Bleak Herald,th
Леона,Leona,th
Летающие ножи,Flickerblades,th
Лиссандра,Lissandra,th
Логово Барона,Baron's Lair,th
Лопатка,Spatula,th
Лулу,Lulu,th
Лучезарное возвышение Кейл,Kayle's Radiant Exaltation,th
Лучезарный плут,Radiant Rascal,th
Лучшая сборка,Max Build,th
Лучшие друзья,Best Friends,th
Магические кости,A Magic Roll,th
"Мал, да удал","Tiny, but Deadly",th
Малая черная дыра,Mini Black Hole,th
Маленькие друзья,Little Buddies,th
Малое Зеркальное отражение,Lesser Mirrored Persona,th
Манекенофикация,Dummify,th
Манекены для краш-тестов,Crash Test Dummies,th
Мантия тактика,Tactician's Cape,th
Маокай,Maokai,th
Мародер,Marauder,th
Мастер Йи,Master Yi,th
Мастер мечей,Swordsmith,th
Мастер посохов,Staffsmith,th
Мастерство Ясуо,Yasuo's Bladework,th
Медальон Железных Солари,Locket of the Iron Solari,th
Мешок предметов,Item Grab Bag,th
Мешок с сюрпризом Урфа,Urf's Grab Bag,th
Милио,Milio,th
Минмаксинг,Min-Max,th
Мипер,Meeple,th
Мипоритка,Meepsie,th
Мисс Фортуна,Miss Fortune,th
Могучие исполины,Giant and Mighty,th
Моргана,Morgana,th
Мордекайзер,Mordekaiser,th
Мореллономикон,Morellonomicon,th
Мощь на позднем этапе,Late Game Scaling,th
Н.О.В.А.,N.O.V.A,th
Набор ауры,Aura Farming,th
Наемный убийца,Contract Killer,th
Накидка солнечного пламени,Sunfire Cape,th
Накопитель биомассы,Biomatter Preserver,th
Накопительный вклад,Savings Account,th
Нами,Nami,th
Наручи Искательницы,Seeker's Armguard,th
Настоящий триумф,Win Out,th
Насус,Nasus,th
Небольшой мешок с сюрпризом,Small Grab Bag,th
Непрерывное колдовство,Continuous Conjuration,th
Несокрушимый,Bastion,th
Нет на месте,AFK,th
Неукротимость,The Indomitable,th
Нечестивый Вампирский скипетр,Corrupt Vampiric Scepter,th
Новинка,Factory New,th
Новый уровень!,Level Up!,th
Номер один,Missed Connections,th
Нуну и Виллумп,Nunu & Willump,th
Облачение духов,Spirit Visage,th
Обновление с капелькой магии,Slightly Magic Roll,th
Одержимость Варуса,Varus's Obsession,th
Один доспех,Solo Plate,th
"Один, два, три",One Two Three,th
"Одно усиление, два усиления","One Buff, Two Buff",th
Ожидаемая неожиданность,Expected Unexpectedness,th
Оплот,Bulwark,th
Оплот передней линии,Frontline Foundation,th
Оправданное ожидание,Worth the Wait,th
Оптика с захватом цели,Target-Lock Optics,th
Оракул,Oracle,th
Орн,Ornn,th
Охота за сокровищами,Treasure Hunt,th
Охотник Галактики,Galaxy Hunter,th
Пайк,Pyke,th
Пантеон,Pantheon,th
Пастух,Shepherd,th
Перезапуск миссии,Restart Mission,th
Переизбыток жезлов,Wand Overflow,th
Переизбыток мечей,Sword Overflow,th
Переизбыток поясов,Belt Overflow,th
Перенос заряда,Charge Transfer,th
Переносная кузница,Portable Forge,th
Переработка отходов,Salvage Bin,th
Перчатка Бездны,Void Gauntlet,th
Перчатки вора,Thief's Gloves,th
Плетение магии,Woven Magic,th
Плечом к плечу,Stand United,th
Победа Виктора из ''Аркейна'',Arcane Viktor-y,th
Побочные эффекты,Side Effects,th
Поглощающий плащ,Negatron Cloak,th
Подарок на день рождения,Birthday Present,th
Подготовка телохранителя,Bodyguard Training,th
Поднятие уровня в одиночку,Solo Leveling,th
Подозрительный плащ,Suspicious Trench Coat,th
Подписка,Subscription Service,th
Позолоченная сталь,Gilded Steel,th
Покров тишины,Shroud of Stillness,th
Покупки,Shopping Spree,th
Полупроводник,Semiconductor,th
Поппи,Poppy,th
Портал Зз'Рота,Zz'Rot Portal,th
Посох Бездны,Void Staff,th
Посох архангела,Archangel's Staff,th
Посох серафима,Seraphim's Staff,th
Построение,Lineup,th
Посылка,Care Package,th
Пояс великана,Giant's Belt,th
Празднование юбилея,Birthday Reunion,th
Предметы Пандоры,Pandora's Items,th
Предсмертный шепот,Last Whisper,th
Приз победителю,Prizefighter,th
Призматический билет,Prismatic Ticket,th
Призрачная сабля,Spectral Cutlass,th
Прицельная стрельба,Focused Fire,th
Пришелец Зед,Invader Zed,th
Пробуждение души,Soul Awakening,th
Проводник,Conduit,th
Прокладывание пути,Carve a Path,th
Проклятая корона,Cursed Crown,th
Проклятый клинок,Cursed Blade,th
Псионик,Psionic,th
Пугливый краб,Rift Scuttler,th
Путь к вершине,An Exalted Adventure,th
Путь к звездам,Reach for the Stars,th
Рааст,Rhaast,th
"Раз, два, пять!","One, Two, Five!",th
Разрушитель времени,Timebreaker,th
Раммус,Rammus,th
Ранние уроки,Early Learnings,th
Распаленное пламя,Feed the Flames,th
Расползающиеся корни,Spreading Roots,th
Распродажа,Firesale,th
Расширение дела,Branching Out,th
Режим задиры,Challenger Mode,th
Режим проводника,Conduit Mode,th
Режим репликатора,Replicator Mode,th
Рек'Сай,Rek'Sai,th
Рекомбинатор,Recombobulator,th
Реликт,Primordian,th
Репликатор,Replicator,th
Репликация,Replication,th
Решимость титана,Titan's Resolve,th
Ривен,Riven,th
Рискованный ход,Risky Moves,th
Робот,Mecha,th
Роскошная подписка,Luxury Subscription,th
Рука правосудия,Hand Of Justice,th
С места в карьер,Kick Start,th
С тобой мой лук,You Have My Bow,th
Самира,Samira,th
Самодельный доспех,Makeshift Armor,th
Самый Лучший Меч,B.F. Sword,th
Самый крошечный великан,Tiniest Titan,th
Самый могучий робот,The Mighty Mech,th
Свежая поставка,Just Hit,th
Сверхмипная скорость,Termeepnal Velocity,th
Связь с дроном,Drone Uplink,th
Серебряная ложка,Silver Spoon,th
Сильвермирская заря,Silvermere Dawn,th
Симпатический имплант,Sympathetic Implant,th
Синее усиление,Blue Buff,th
Скамейка Пандоры,Pandora's Bench,th
Скелетница,Fishbones,th
Сковородка,Frying Pan,th
Скорострельная пушка,Rapid Firecannon,th
Сладкие угощения,Sweet Treats,th
Слеза богини,Tear of the Goddess,th
Слезы рекой,Cry Me A River,th
Слишком Большой Жезл,Needlessly Large Rod,th
Смертельная шляпа Рабадона,Rabadon's Deathcap,th
Смертоносные клинки,Deadlier Blades,th
Смерть Разума,Wit's End,th
Снайпер,Sniper,th
Создание друга,Forge a Friend,th
Создание спутника,Construct a Companion,th
Сона,Sona,th
Союзник,Caretaker's Ally,th
Специалист по поздним этапам,Late Game Specialist,th
Спящая кузница,Latent Forge,th
Стальное сердце,Heart of Steel,th
Статическое электричество,Electrocharge,th
Стеклянная пушка,Glass Cannon,th
Странник,Voyager,th
Страховой фонд,Hedge Fund,th
Стремительное двойное убийство,Speedy Double Kill,th
Стремительное серебро,Quicksilver,th
Струящиеся слезы,Flowing Tears,th
Суть коммерции,Commerce Core,th
Сфера лечения,Healing Orbs,th
Счастливые перчатки,Lucky Gloves,th
Сюжетная защита,Plot Armor,th
Таам Кенч,Tahm Kench,th
Талисман вознесения,Talisman Of Ascension,th
Талон,Talon,th
Твистед Фэйт,Twisted Fate,th
Темная звезда,Dark Star,th
Темная леди,Dark Lady,th
Теневая марионетка,Shadow Puppet,th
Терновый жилет,Bramble Vest,th
Терпеливый ученик,Patient Study,th
Терпение,Patience is a Virtue,th
Терпение Экко,Ekko's Patience,th
Тимбилдинг,Team Building,th
Тимо,Teemo,th
Титаническая гидра,Titanic Hydra,th
Ткач судьбы,Fateweaver,th
Тонны показателей!,Tons of Stats!,th
Топор адского пламени,Hellfire Hatchet,th
Торговый сектор,Trade Sector,th
Тренировочные перчатки,Sparring Gloves,th
Тренировочный манекен,Training Dummy,th
Триада,Trifecta,th
Тропа войны,Warpath,th
Тяжел венец,Heavy Is the Crown,th
У.Р.Ф.,U.R.F,th
Убийство без разбора,Indiscriminate Killer,th
Убийца великанов,Giant Slayer,th
Ургот,Urgot,th
Уроки бокса,Boxing Lessons,th
Физз,Fizz,th
Фиора,Fiora,th
Фонарь Треша,Thresh's Lantern,th
Хекстековый прицел,Horizon Focus,th
Хекстековый штык,Hextech Gunblade,th
Хитрая тактика,Calculated Loss,th
Хоть какая-то польза,Good For Something,th
Целеустремленность,Hard Commit,th
Центр внимания,Find Your Center,th
Цеп вышибалы,Striker's Flail,th
Часовой механизм,Clockwork Accelerator,th
Частичное вознесение,Partial Ascension,th
Чаша силы,Chalice of Power,th
Чертеж для задней линии,Backline Blueprint,th
Честь полководца,Warlord's Honor,th
Четырехкратное усиление,ReinFOURcement,th
Чо'Гат,Cho'Gath,th
Чудо Сораки,Soraka's Miracle,th
Шапучий напиток,Cappa Juice,th
Шая,Xayah,th
Шен,Shen,th
Щит тактика,Tactician's Shield,th
Эгида рассвета,Aegis of Dawn,th
Эгида сумерек,Aegis of Dusk,th
Эзреаль,Ezreal,th
Эксклюзивная кастомизация,Exclusive Customization,th
Экспедиция,Expedition,th
Эмблема Галактики грува,Space Groove Emblem,th
Эмблема Звериного отряда,Anima Emblem,th
Эмблема Н.О.В.А.,N.O.V.A. Emblem,th
Эмблема Темной звезды,Dark Star Emblem,th
Эмблема авангарда,Vanguard Emblem,th
Эмблема арбитра,Arbiter Emblem,th
Эмблема головореза,Rogue Emblem,th
Эмблема дебошира,Brawler Emblem,th
Эмблема задиры,Challenger Emblem,th
Эмблема звездочета,Stargazer Emblem,th
Эмблема мародера,Marauder Emblem,th
Эмблема мипера,Meeple Emblem,th
Эмблема несокрушимого,Bastion Emblem,th
Эмблема пастуха,Shepherd Emblem,th
Эмблема псионика,Psionic Emblem,th
Эмблема разрушителя времени,Timebreaker Emblem,th
Эмблема реликта,Primordian Emblem,th
Эмблема снайпера,Sniper Emblem,th
Эмблема странника,Voyager Emblem,th
Эпические обновления,Epic Rolldown,th
Эпоха,Epoch,th
Эхо восстановления,Mending Echoes,th
Ядро рассвета,Dawncore,th
Ярость кракена,Kraken's Fury,th
Ясный ум,Clear Mind,th
آتروكس,Aatrox,th
أربعة تكسب ترقية,ReinFOURcement,th
أصغر عملاق,Tiniest Titan,th
أطنان من الإحصاءات!,Tons of Stats!,th
أفضل الأصدقاء,Best Friends,th
أكالي,Akali,th
أنيما,Anima,th
أورغوت,Urgot,th
أورن,Ornn,th
أورورا,Aurora,th
أوريليون سول,Aurelion Sol,th
إرادة الصولجان,Mace's Will,th
إزريال,Ezreal,th
إعادة المهمة,Restart Mission,th
إيلاوي,Illaoi,th
اتصالات فائتة,Missed Connections,th
اختر خاصية,เลือกคุณสมบัติ,th
اختصاصي نهاية المباراة,Late Game Specialist,th
استبدالٌ ملحمي,Epic Rolldown,th
استحضار السحر المستمر,Continuous Conjuration,th
اعثر على مركزك,Find Your Center,th
الأحزمة الوفيرة,Belt Overflow,th
الأربعة تربح,May the Fours Be With You,th
الأشقياء,Misfits,th
الأصول الحديدية,Iron Assets,th
الأقواس الاحتياطية,Backup Bows,th
الأمر يستحق الانتظار,Worth the Wait,th
الإنفاق الحكيم,Wise Spending,th
الاتصال الآلي,Cybernetic Uplink,th
الاتصال بالدرون,Drone Uplink,th
الاختلاس,Pilfer,th
الارتقاء,Ascension,th
الارتقاء الجزئي,Partial Ascension,th
الاستبدالات الوفيرة,Rolling for Days,th
الاستثمار,Invested,th
الاستثمار طويل الأجل,Going Long,th
الاستخلاص المفيد,Salvage Bin,th
الاستنساخ,Replication,th
الاستهلاك ضروري,Slammin',th
الاشتراك الفخم,Luxury Subscription,th
الالتزام الصارم,Hard Commit,th
الانفجار العظيم,The Big Bang,th
البداية الكونية الجديدة,Cosmic Restart,th
البرج,The Tower,th
البرونزي حتى النهاية,Bronze For Life,th
البيضة الذهبية,The Golden Egg,th
التآكل,Corrosion,th
التأثيرات الجانبية,Side Effects,th
التاج الملعون,Cursed Crown,th
التحفة الذابلة,Withered Relic,th
التحويل إلى دمية,Dummify,th
الترقية!,Level Up!,th
التشكيل الأقصى,Max Build,th
التصنيع المتقن,Crafted Crafting,th
التغيب عن اللعب,AFK,th
التفكير المتقدم,Forward Thinking,th
التمثال المحرّم,Forbidden Idol,th
التنين الذهبي,The Golden Dragon,th
التوسع,Branching Out,th
الثقب الأسود الصغير,Mini Black Hole,th
الثلاثية,Trifecta,th
الجوهرة المتلفة,Blighting Jewel,th
الحارسان التوأمان,Twin Guardians,th
الحجم مهم,Size Matters,th
الحركات الخطرة,Risky Moves,th
الحركة التصاعدية,Upward Mobility,th
الحقبة المميزة,Epoch,th
الحمل المعرفي الزائد,Cognitive Overload,th
الحملة الاستكشافية,Expedition,th
الخسارة المحسوبة,Calculated Loss,th
الخوذة المتكيفة,Adaptive Helm,th
الدراسة الصابرة,Patient Study,th
الدرع الساتر,Evenshroud,th
الدروس المبكرة,Early Learnings,th
الدروع المؤقتة,Makeshift Armor,th
الدموع المتدفقة,Flowing Tears,th
الذهن الصافي,Clear Mind,th
الذهن المشوّش,Cluttered Mind,th
الرفاق الصغار,Little Buddies,th
الرمية السحرية,A Magic Roll,th
الرمية السحرية المخفّفة,Slightly Magic Roll,th
الرهان الذهبي,Golden Gamble,th
الزئبق,Quicksilver,th
السترة المدببة,Bramble Vest,th
السترة المسلسلة,Chain Vest,th
السحر المحبوك,Woven Magic,th
السعي نحو النجوم,Reach for the Stars,th
السيف الأبدي,Infinity Edge,th
السيف الصاعق,Statikk Shiv,th
السيف الطيفي,Spectral Cutlass,th
السيف الهائل,B.F. Sword,th
السيوف الوفيرة,Sword Overflow,th
السيولة,Hustler,th
الشحنة الكهربائية,Electrocharge,th
الشخصية المنعكسة,Mirrored Persona,th
الشخصية المنعكسة المصغّرة,Lesser Mirrored Persona,th
الشرائح الآلية,Cybernetic Implants,th
الشرارة الأيونية,Ionic Spark,th
الصامد,Survivor,th
الصبر فضيلة,Patience is a Virtue,th
الصغير الفتاك,"Tiny, but Deadly",th
الصنديد,The Indomitable,th
الضريبة المعرفية,Cognitive Tax,th
الطابور الثنائي,Duo Queue,th
العمالقة الصغار,Tiny Titans,th
العملاق القوي,Giant and Mighty,th
العوائد الخبيثة,Malicious Monetization,th
الفوز الكبير,Win Out,th
الفولاذ المذهب,Gilded Steel,th
الفيلق الثلاثي,Legion of Threes,th
القائدة,Commander,th
القاتل المأجور,Contract Killer,th
القتل المزدوج السريع,Speedy Double Kill,th
القصاص,Retribution,th
القصبات الوفيرة,Wand Overflow,th
القفاز المرصع بالجواهر,Jeweled Gauntlet,th
القفازات,Mittens,th
القلب الراسخ,Steadfast Heart,th
القلب الفولاذي,Heart of Steel,th
القوس المنحني,Recurve Bow,th
الكنوز المدفونة,Buried Treasures,th
الكهرباء القوية,High Voltage,th
اللعب الأمثل,Min-Max,th
اللوتس المرصع,Jeweled Lotus,th
المبارزة السامية,Divine Duelist,th
المتعطش للدماء,Bloodthirster,th
المحدق بالنجوم,Stargazer,th
المحفز الأحمر,Red Buff,th
المخلّص,Redeemer,th
المرن,Flexible,th
المستبدل العشوائي,Recombobulator,th
المصهر الحي,Living Forge,th
المصهر الكامن,Latent Forge,th
المصهر المحمول,Portable Forge,th
المعطف المشبوه,Suspicious Trench Coat,th
المغامرة الفخمة,An Exalted Adventure,th
الملعقة الفضية,Silver Spoon,th
المنفيون,Exiles,th
الموقف الحرج,Wit's End,th
الميثاق الأزلي,Eternal Pact,th
الميكا الجبار,The Mighty Mech,th
المُبيد,Eradicator,th
النجاح الحرج,Critical Success,th
النجم المظلم,Dark Star,th
النسيم العليل,Zephyr,th
النصال الخاطفة,Flickerblades,th
النصل الملعون,Cursed Blade,th
النمو المتفجر,Explosive Growth,th
النوبة الثانية,Second Wind,th
النيران المركزة,Focused Fire,th
الهمسة الأخيرة,Last Whisper,th
الهيدرا العملاقة,Titanic Hydra,th
الوسيط,Conduit,th
الوغد المشع,Radiant Rascal,th
انتصار فيكتور آركين,Arcane Viktor-y,th
بارد,Bard,th
بانثيون,Pantheon,th
بايك,Pyke,th
براير,Briar,th
برايمورديان,Primordian,th
بكاء بلا جدوى,Cry Me A River,th
بلورات العلاج,Healing Orbs,th
بليتزكرانك,Blitzcrank,th
بناء البطل,Build a Bud,th
بناء الفريق,Team Building,th
بناء مرافق,Construct a Companion,th
بوابة ززروت,Zz'Rot Portal,th
بوبي,Poppy,th
بيلفيث,Bel'Veth,th
تأسيس الخط الأمامي,Frontline Foundation,th
تاج المخطِط,Tactician's Crown,th
تالون,Talon,th
تام كينش,Tahm Kench,th
تخصيص حصري,Exclusive Customization,th
تخفيضات نارية,Firesale,th
تدريب الحارس الشخصي,Bodyguard Training,th
تذكرة موشورية,Prismatic Ticket,th
ترقية فردية,Solo Leveling,th
تركيز الأفق,Horizon Focus,th
تسلّق سلم التصنيفات,Climb The Ladder,th
تشكيل الصفوف,Lineup,th
تشكيل الفريق,Teaming Up,th
تشوغاث,Cho'Gath,th
تعزيزٌ هنا وتعزيزٌ هناك,"One Buff, Two Buff",th
تغذية ألسنة اللهب,Feed the Flames,th
تمجيد كايل,Kayle's Exaltation,th
تمجيد كايل المشع,Kayle's Radiant Exaltation,th
تميمة الارتقاء,Talisman Of Ascension,th
توأم تانك,Two Tanky,th
توسع الجذور,Spreading Roots,th
تويستد فايت,Twisted Fate,th
تيمو,Teemo,th
ثمن الدم,Blood Price,th
جاكس,Jax,th
جديد من المصنع,Factory New,th
جوع المال,Money Hungry,th
جوهر التجارة,Commerce Core,th
جوهر الحراشف اللامعة,Shimmerscale Essence,th
جوهر الفجر,Dawncore,th
جين,Jhin,th
جينكس,Jinx,th
حافظ المادة الحيوية,Biomatter Preserver,th
حاملة المصائب,Doomer,th
حامي التاج,Crownguard,th
حزام العملاق,Giant's Belt,th
حزمة الدعم,Booster Pack,th
حزمة الرعاية,Care Package,th
حساب الادخار,Savings Account,th
حصاد الهالة,Aura Farming,th
حصن,Bastion,th
حقق مرادك,Just Hit,th
حكاية العودة,Comeback Story,th
حلوى لذيذة,Sweet Treats,th
حليف الوصي,Caretaker's Ally,th
حماية الخطوط,Hold the Line,th
حماية اللانهاية,Infinity Protection,th
حيوية مصاص الدماء,Vampiric Vitality,th
خانة ياسو الذهبية,Yasuo's Golden Hex,th
خدمة الاشتراك,Subscription Service,th
خطة عمل الخط الخلفي,Backline Blueprint,th
درع الصدر المنفرد,Solo Plate,th
درع الغسق,Aegis of Dusk,th
درع الفجر,Aegis of Dawn,th
درع المخطِط,Tactician's Shield,th
درع صدر مرزاب الحجري,Gargoyle Stoneplate,th
درع وارموغ,Warmog's Armor,th
دروس الملاكمة,Boxing Lessons,th
دروع البطل,Plot Armor,th
دعوة إلى الفوضى,Call to Chaos,th
دفعة أولية,Kick Start,th
دكة بدلاء باندورا,Pandora's Bench,th
دمعة الزعيمة,Tear of the Goddess,th
دمى اختبار التحطم,Crash Test Dummies,th
دمية التدريب,Training Dummy,th
دمية الظل,Shadow Puppet,th
ديانا,Diana,th
راست,Rhaast,th
راعي,Shepherd,th
راموس,Rammus,th
رامي,Sniper,th
رحالة,Voyager,th
رقص الفضاء,Space Groove,th
رمح شوجين,Spear of Shojin,th
رمز الدرع الخفيف,Lightshield Crest,th
رمية الحظ,Feeling Lucky,th
روح الافتداء,Spirit of Redemption,th
رياح المال الموسمية,Money Monsoon,th
ريفت سكاتلر,Rift Scuttler,th
ريفين,Riven,th
ريكساي,Rek'Sai,th
زايا,Xayah,th
زوي,Zoe,th
زيادة القوة في نهاية المباراة,Late Game Scaling,th
زيد,Zed,th
زيد الغازي,Invader Zed,th
ستار السكون,Shroud of Stillness,th
سكين سلاح الهيكستيك,Hextech Gunblade,th
سلفة قرض,Advanced Loan,th
سميرة,Samira,th
سن ناشور,Nashor's Tooth,th
سونا,Sona,th
سيدة الأسلحة,Gun Goddess,th
سيدة الظلام,Dark Lady,th
شارة أنيما,Anima Emblem,th
شارة الحصن,Bastion Emblem,th
شارة الراعي,Shepherd Emblem,th
شارة الرامي,Sniper Emblem,th
شارة الرحالة,Voyager Emblem,th
شارة الطليعي,Vanguard Emblem,th
شارة القاضي,Arbiter Emblem,th
شارة القوى الذهنية,Psionic Emblem,th
شارة المارق,Rogue Emblem,th
شارة المتحدّي,Challenger Emblem,th
شارة المحدق بالنجوم,Stargazer Emblem,th
شارة المشاجر,Brawler Emblem,th
شارة المغير,Marauder Emblem,th
شارة النجم المظلم,Dark Star Emblem,th
شارة برايمورديان,Primordian Emblem,th
شارة رقص الفضاء,Space Groove Emblem,th
شارة صديق الميب,Meeple Emblem,th
شارة كاسر الزمن,Timebreaker Emblem,th
شارة نوفا,N.O.V.A. Emblem,th
شبه الناقل,Semiconductor,th
شجرة الخواص,The Trait Tree,th
شرف أمير الحرب,Warlord's Honor,th
شريحة التعاطف,Sympathetic Implant,th
شق الدرب,Carve a Path,th
شين,Shen,th
صانع السيوف,Swordsmith,th
صانع القصبات,Staffsmith,th
صبر إيكو,Ekko's Patience,th
صحوة الروح,Soul Awakening,th
صدى الشفاء,Mending Echoes,th
صديق الميب,Meeple,th
صناعة صديق,Forge a Friend,th
صندوق التحوط,Hedge Fund,th
صولجان الفويد,Void Staff,th
صولجان مصاصي الدماء الفاسد,Corrupt Vampiric Scepter,th
صياد المجرة,Galaxy Hunter,th
صيد الكنوز,Treasure Hunt,th
طراخ!,Bonk!,th
طريق الحرب,Warpath,th
طليعي,Vanguard,th
عاصفة لودن,Luden's Tempest,th
عبء التاج ثقيل,Heavy Is the Crown,th
عباءة الليل,Edge of Night,th
عباءة النيغاترون,Negatron Cloak,th
عجلة الميب السريعة,Termeepnal Velocity,th
عراف,Oracle,th
عزم العملاق,Titan's Resolve,th
عصا سيرافيم,Seraphim's Staff,th
عصا كبير الحُماة,Archangel's Staff,th
عصابة اللصوص,Band of Thieves,th
عصابة اللصوص II,Band of Thieves II,th
عصير القبعة,Cappa Juice,th
عفونة الموتى,Lich Bane,th
عملية السطو على المكونات,Component Heist,th
عناصر باندورا,Pandora's Items,th
عناق جماعي,Group Hug,th
عهد الفارس,Knight's Vow,th
غراغاس,Gragas,th
غرايفز,Graves,th
غريزة إيفلين,Evelynn's Instinct,th
غنار,Gnar,th
غولم,Golem,th
غوين,Gwen,th
فأس نيران الجحيم,Hellfire Hatchet,th
فانوس ثريش,Thresh's Lantern,th
فجر سيلفرمير,Silvermere Dawn,th
فضيلة الشهيد,Virtue of the Martyr,th
فورة الكراكن,Kraken's Fury,th
فورة تسوق,Shopping Spree,th
في الاتحاد قوة,Stand United,th
فيز,Fizz,th
فيشبونز,Fishbones,th
فيغار,Veigar,th
فيكتور,Viktor,th
فيكس,Vex,th
فيورا,Fiora,th
قائد أنيما,Anima Commander,th
قاتل العمالقة,Giant Slayer,th
قاتل لا يميز بين ضحاياه,Indiscriminate Killer,th
قاضي,Arbiter,th
قبعات أشد فتكًا,Deadlier Caps,th
قبعة موت رابادون,Rabadon's Deathcap,th
قربان الدم,Blood Offering,th
قصبة عريضة بلا داع,Needlessly Large Rod,th
قطاع التجارة,Trade Sector,th
قفاز التدريب,Sparring Gloves,th
قفاز الحظ,Lucky Gloves,th
قفاز الفويد,Void Gauntlet,th
قفاز اللص,Thief's Gloves,th
قفاز ستيراك,Sterak's Gage,th
قلادة التنشيط,Innervating Locket,th
قلادة سولاري الحديدي,Locket of the Iron Solari,th
قلنسوة المخطِط,Tactician's Cape,th
قلنسوة لهب الشمس,Sunfire Cape,th
قوة محسَّنة,Augmented Power,th
قوسي في خدمتك,You Have My Bow,th
قوى ذهنية,Psionic,th
قيمة مزدوجة,Two Much Value,th
كأس القوة,Chalice of Power,th
كارما,Karma,th
كاسر الزمن,Timebreaker,th
كاهوناهونا,Kahunahuna,th
كايتلين,Caitlyn,th
كايسا,Kai'Sa,th
كوركي,Corki,th
كيس الهدايا البطولي,Heroic Grab Bag,th
كيس هدايا أورف,Urf's Grab Bag,th
كيس هدايا العناصر,Item Grab Bag,th
كيس هدايا صغير,Small Grab Bag,th
كيس هدايا كبير,Big Grab Bag,th
كيندريد,Kindred,th
لا تغيير ولا استطلاع,NO SCOUT NO PIVOT,th
لم شمل عيد الميلاد,Birthday Reunion,th
لمحة من الحياة,Slice of Life,th
لوبلانك,LeBlanc,th
لوح لهيب الشمس,Sunfire Board,th
لولو,Lulu,th
ليساندرا,Lissandra,th
ليونا,Leona,th
مارق,Rogue,th
ماستر يي,Master Yi,th
ماوكاي,Maokai,th
مباركة السماء,God-Blessed,th
متحدي,Challenger,th
متراس,Bulwark,th
متوالية نجمية,Stellar Combo,th
مجلد الخواص,Tome of Traits,th
مجند جديد,New Recruit,th
محترف الحفلات,Party Animal,th
محظوظ,On a Roll,th
محفز أزرق,Blue Buff,th
مخلب التنين,Dragon's Claw,th
مخلب المتصيد,Prowler's Claw,th
مدفع النار السريع,Rapid Firecannon,th
مدفع من زجاج,Glass Cannon,th
مستنسخ,Replicator,th
مسرِّع الساعة,Clockwork Accelerator,th
مشاجر,Brawler,th
مشاركة تألق ياسو,Yasuo's Share The Spotlight,th
مصروف الغداء,Lunch Money,th
مصفوفة البرمجيات الخبيثة,Malware Matrix,th
مصنوعٌ من القوة,Forged in Strength,th
مصهر التمجيد,Apotheotic Forge,th
مطبخ المخطِط,Tactician's Kitchen,th
معجزة سوراكا,Soraka's Miracle,th
مغير,Marauder,th
مفاجآت الحظ,Expected Unexpectedness,th
مقابل أي ثمن,At What Cost,th
مقاتل الجوائز,Prizefighter,th
مقلاة,Frying Pan,th
ملعقة مسطحة,Spatula,th
مناورة أورف,Urf's Gambit,th
منظار رصد الهدف,Target-Lock Optics,th
مهارة مبارزة ياسو,Yasuo's Bladework,th
مورديكايزر,Mordekaiser,th
مورغانا,Morgana,th
موريلونوميكون,Morellonomicon,th
ميبسي,Meepsie,th
ميس فورتشن,Miss Fortune,th
ميكا,Mecha,th
ميليو,Milio,th
ناسوس,Nasus,th
نافع لشيء ما,Good For Something,th
نامي,Nami,th
نتماسك معًا,We Stick Together,th
نذر الحامي,Protector's Vow,th
نذير زيكي,Zeke's Herald,th
نذير زيكي الكئيب,Zeke's Bleak Herald,th
نساج المصير,Fateweaver,th
نصال أشد فتكًا,Deadlier Blades,th
نصل الموت,Deathblade,th
نصل غضب غينسو,Guinsoo's Rageblade,th
نقل الشحنة,Charge Transfer,th
نوفا,N.O.V.A,th
نونو وويلامب,Nunu & Willump,th
هالة آري,Ahri's Aura,th
هبة آري,Ahri's Boon,th
هبة أوريليون سول,Aurelion Sol's Boon,th
هبة إيفلين,Evelynn's Boon,th
هبة إيكو,Ekko's Boon,th
هبة الإنعاش,Boon of Resurrection,th
هبة تجميع الخردة,Boon of the Scrapper,th
هبة ثريش,Thresh's Boon,th
هبة سوراكا,Soraka's Boon,th
هبة فاروس,Varus's Boon,th
هبة كايل,Kayle's Boon,th
هبة ياسو,Yasuo's Boon,th
هدية عيد الميلاد,Birthday Present,th
هراوة المهاجم,Striker's Flail,th
هوس فاروس,Varus's Obsession,th
واحد واثنان وثلاثة,One Two Three,th
واحد، اثنان، خمسة!,"One, Two, Five!",th
واقي ذراع المطارد,Seeker's Armguard,th
وجه الروح,Spirit Visage,th
وضع المتحدية,Challenger Mode,th
وضع المستنسِخة,Replicator Mode,th
وضع الوسيط,Conduit Mode,th
وكر البارون,Baron's Lair,th
يأسٌ بلا نهاية,Unending Despair,th
يد العدالة,Hand Of Justice,th
Ấn Bắn Tỉa,Sniper Emblem,th
Ấn Can Trường,Bastion Emblem,th
Ấn Chiêm Tinh,Stargazer Emblem,th
Ấn Du Mục,Shepherd Emblem,th
Ấn Hành Tinh,Space Groove Emblem,th
Ấn Hắc Tinh,Dark Star Emblem,th
Ấn N.O.V.A.,N.O.V.A. Emblem,th
Ấn Siêu Linh,Psionic Emblem,th
Ấn Siêu Thú,Anima Emblem,th
Ấn Thách Đấu,Challenger Emblem,th
Ấn Thần Phán,Arbiter Emblem,th
Ấn Thời Không,Timebreaker Emblem,th
Ấn Tinh Linh Chuông,Meeple Emblem,th
Ấn Tiên Phong,Vanguard Emblem,th
Ấn Toán Cướp,Marauder Emblem,th
Ấn Tộc Thượng Cổ,Primordian Emblem,th
Ấn Viễn Chinh,Voyager Emblem,th
Ấn Vô Pháp,Rogue Emblem,th
Ấn Đấu Sĩ,Brawler Emblem,th
「三」之軍團,Legion of Threes,th
いつでも一緒,We Stick Together,th
お得な2,Two Much Value,th
ここがセンター,Find Your Center,th
ちょっとだけ魔法のダイス,Slightly Magic Roll,th
はしごを登れ,Climb The Ladder,th
へら,Spatula,th
みんなでハグ,Group Hug,th
もっと小さな巨人,Tiniest Titan,th
もっと怖いキャップ,Deadlier Caps,th
アイオニック スパーク,Ionic Spark,th
アイテム福袋,Item Grab Bag,th
アカリ,Akali,th
アセンション,Ascension,th
アダプティブ ヘルム,Adaptive Helm,th
アニマ,Anima,th
アニマの紋章,Anima Emblem,th
アニマ司令官,Anima Commander,th
アークエンジェル スタッフ,Archangel's Staff,th
アーゴット,Urgot,th
アービター,Arbiter,th
アービターの紋章,Arbiter Emblem,th
アーフの福袋,Urf's Grab Bag,th
アーフの策略,Urf's Gambit,th
アーリのオーラ,Ahri's Aura,th
アーリの恩恵,Ahri's Boon,th
イブリンの恩恵,Evelynn's Boon,th
イブリンの直感,Evelynn's Instinct,th
イラオイ,Illaoi,th
インフィニティ エッジ,Infinity Edge,th
インフィニティの守護,Infinity Protection,th
イーブンシュラウド,Evenshroud,th
ウィッツ エンド,Wit's End,th
ウォーロードの名誉,Warlord's Honor,th
エイトロックス,Aatrox,th
エクスペディション,Expedition,th
エグザイル,Exiles,th
エコーの忍耐,Ekko's Patience,th
エコーの恩恵,Ekko's Boon,th
エズリアル,Ezreal,th
エピックなロールダウン,Epic Rolldown,th
エポック,Epoch,th
オレリオン・ソル,Aurelion Sol,th
オレリオン・ソルの恩恵,Aurelion Sol's Boon,th
オーグメントパワー,Augmented Power,th
オーラ育成中,Aura Farming,th
オーロラ,Aurora,th
オーン,Ornn,th
カイ＝サ,Kai'Sa,th
カナとカネ,Iron Assets,th
カフナフナ,Kahunahuna,th
カルマ,Karma,th
カースドのクラウン,Cursed Crown,th
ガーゴイル ストーンプレート,Gargoyle Stoneplate,th
キックスタート,Kick Start,th
キンドレッド,Kindred,th
ギャラクシー ハンター,Galaxy Hunter,th
クイックシルバー,Quicksilver,th
クラウンガード,Crownguard,th
クラーケンの怒り,Kraken's Fury,th
クリティカル サクセス,Critical Success,th
グインソー レイジブレード,Guinsoo's Rageblade,th
グウェン,Gwen,th
グラガス,Gragas,th
グラスキャノン,Glass Cannon,th
グレイブス,Graves,th
ケイトリン,Caitlyn,th
ケイルの天昇,Kayle's Exaltation,th
ケイルの恩恵,Kayle's Boon,th
ケイルの暁光の天昇,Kayle's Radiant Exaltation,th
コグニティブ オーバーロード,Cognitive Overload,th
コグニティブ タックス,Cognitive Tax,th
コマンダー,Commander,th
コマース コア,Commerce Core,th
コンジット,Conduit,th
コンジットモード,Conduit Mode,th
コンパニオン作成,Construct a Companion,th
コーキ,Corki,th
ゴーレム,Golem,th
サイオニック,Psionic,th
サイオニックの紋章,Psionic Emblem,th
サイズが大事,Size Matters,th
サイバネティック アップリンク,Cybernetic Uplink,th
サイバネティック インプラント,Cybernetic Implants,th
サバイバー,Survivor,th
サブスクリプション,Subscription Service,th
サミーラ,Samira,th
サンファイア ケープ,Sunfire Cape,th
サンファイア ボード,Sunfire Board,th
ザヤ,Xayah,th
ザ・タワー,The Tower,th
シェン,Shen,th
シマースケールのエッセンス,Shimmerscale Essence,th
ショウジンの矛,Spear of Shojin,th
シルバーミアの夜明け,Silvermere Dawn,th
シーカー アームガード,Seeker's Armguard,th
ジャイアント スレイヤー,Giant Slayer,th
ジャイアント ベルト,Giant's Belt,th
ジャイアント&マイティ,Giant and Mighty,th
ジャストヒット,Just Hit,th
ジャックス,Jax,th
ジュエル ガントレット,Jeweled Gauntlet,th
ジュエル ロータス,Jeweled Lotus,th
ジン,Jhin,th
ジンクス,Jinx,th
ジークの使者,Zeke's Herald,th
ジ＝ロット ポータル,Zz'Rot Portal,th
スクラッパーの恩恵,Boon of the Scrapper,th
スタティック シヴ,Statikk Shiv,th
ステラコンボ,Stellar Combo,th
ステラックの篭手,Sterak's Gage,th
ステータスマシマシ,Tons of Stats!,th
ストライカー フレイル,Striker's Flail,th
スナイパー,Sniper,th
スナイパーの紋章,Sniper Emblem,th
スパーリング グローブ,Sparring Gloves,th
スピリット ビサージュ,Spirit Visage,th
スペクトラル カトラス,Spectral Cutlass,th
スペースグルーヴ,Space Groove,th
スペースグルーヴの紋章,Space Groove Emblem,th
スレッシュのランタン,Thresh's Lantern,th
スレッシュの恩恵,Thresh's Boon,th
セラフィムの杖,Seraphim's Staff,th
ゼド,Zed,th
ゼファー,Zephyr,th
ソウルの目覚め,Soul Awakening,th
ソナ,Sona,th
ソラカの奇跡,Soraka's Miracle,th
ソラカの恩恵,Soraka's Boon,th
ソラリのロケット,Locket of the Iron Solari,th
ソード オーバーフロー,Sword Overflow,th
ゾーイ,Zoe,th
タイタン ハイドラ,Titanic Hydra,th
タイムブレーカー,Timebreaker,th
タイムブレーカーの紋章,Timebreaker Emblem,th
タクティシャンのケープ,Tactician's Cape,th
タクティシャンの台所,Tactician's Kitchen,th
タクティシャンの王冠,Tactician's Crown,th
タクティシャンの盾,Tactician's Shield,th
タム・ケンチ,Tahm Kench,th
タロン,Talon,th
ターゲットロック スコープ,Target-Lock Optics,th
ターミィプナル ヴェロシティー,Termeepnal Velocity,th
ダイアナ,Diana,th
ダミー,Training Dummy,th
ダミー化,Dummify,th
ダークスター,Dark Star,th
ダークスターの紋章,Dark Star Emblem,th
チェイン ベスト,Chain Vest,th
チャレンジャー,Challenger,th
チャレンジャーの紋章,Challenger Emblem,th
チャレンジャーモード,Challenger Mode,th
チャージトランスファー,Charge Transfer,th
チョ＝ガス,Cho'Gath,th
チーム構築,Team Building,th
ツイてる気分,Feeling Lucky,th
ツイステッド・フェイト,Twisted Fate,th
ツインガーディアン,Twin Guardians,th
ティーモ,Teemo,th
デスブレード,Deathblade,th
デッドリアー ブレード,Deadlier Blades,th
デュオキュー,Duo Queue,th
トライフェクタ,Trifecta,th
トレードセクター,Trade Sector,th
ドゥーマー,Doomer,th
ドラゴン クロウ,Dragon's Claw,th
ドローン アップリンク,Drone Uplink,th
ドーンコア,Dawncore,th
ナイト エッジ,Edge of Night,th
ナサス,Nasus,th
ナッシャー トゥース,Nashor's Tooth,th
ナミ,Nami,th
ナー,Gnar,th
ヌヌ & ウィルンプ,Nunu & Willump,th
ネガトロン クローク,Negatron Cloak,th
ハスラー,Hustler,th
ハンド オブ ジャスティス,Hand Of Justice,th
バイオ物質保存装置,Biomatter Preserver,th
バスティオン,Bastion,th
バスティオンの紋章,Bastion Emblem,th
バフが1つ、バフが2つ,"One Buff, Two Buff",th
バロンの巣,Baron's Lair,th
バースデー リユニオン,Birthday Reunion,th
バースデープレゼント,Birthday Present,th
バード,Bard,th
パイク,Pyke,th
パンテオン,Pantheon,th
パンドラのアイテム,Pandora's Items,th
パンドラのベンチ,Pandora's Bench,th
パーティーアニマル,Party Animal,th
ヒーリングオーブ,Healing Orbs,th
ビクター,Viktor,th
ビッグバン,The Big Bang,th
ファイアセール,Firesale,th
ファクトリー ニュー,Factory New,th
フィオラ,Fiora,th
フィズ,Fizz,th
フィッシュボーン,Fishbones,th
フェイトウィーバー,Fateweaver,th
フォビドゥン アイドル,Forbidden Idol,th
フォーが共にあらんことを,May the Fours Be With You,th
フライパン,Frying Pan,th
フリッカーブレード,Flickerblades,th
ブライアー,Briar,th
ブラッドサースター,Bloodthirster,th
ブランブル ベスト,Bramble Vest,th
ブリッツクランク,Blitzcrank,th
ブルワーク,Bulwark,th
ブルーバフ,Blue Buff,th
ブローラー,Brawler,th
ブローラーの紋章,Brawler Emblem,th
ブースターパック,Booster Pack,th
プライモーディアン,Primordian,th
プライモーディアンの紋章,Primordian Emblem,th
プリズムチケット,Prismatic Ticket,th
プロの殺し屋,Contract Killer,th
プロテクターの誓い,Protector's Vow,th
プロボクサー,Prizefighter,th
プローラー クロウ,Prowler's Claw,th
ヘクステック ガンブレード,Hextech Gunblade,th
ヘッジファンド,Hedge Fund,th
ベイガー,Veigar,th
ベストフレンド,Best Friends,th
ベルト オーバーフロー,Belt Overflow,th
ベル＝ヴェス,Bel'Veth,th
ホライゾン フォーカス,Horizon Focus,th
ボイジャー,Voyager,th
ボイジャーの紋章,Voyager Emblem,th
ボカッ！,Bonk!,th
ボクシングのレッスン,Boxing Lessons,th
ボディーガードの訓練,Bodyguard Training,th
ポッピー,Poppy,th
ポータブル フォージ,Portable Forge,th
マイティーロボ,The Mighty Mech,th
マオカイ,Maokai,th
マスター・イー,Master Yi,th
マックスビルド,Max Build,th
マルウェア マトリックス,Malware Matrix,th
マーターズ ヴァーチュ,Virtue of the Martyr,th
ミィプシー,Meepsie,th
ミィプル,Meeple,th
ミィプルの紋章,Meeple Emblem,th
ミスコネクション,Missed Connections,th
ミス・フォーチュン,Miss Fortune,th
ミッションの再開,Restart Mission,th
ミトン,Mittens,th
ミニブラックホール,Mini Black Hole,th
ミニマックス,Min-Max,th
ミリオ,Milio,th
ムダニ デカイ ロッド,Needlessly Large Rod,th
メイスの決意,Mace's Will,th
メカ,Mecha,th
モルガナ,Morgana,th
モルデカイザー,Mordekaiser,th
モレロノミコン,Morellonomicon,th
ヤスオのゴールドのマス,Yasuo's Golden Hex,th
ヤスオのスポットライトをシェア,Yasuo's Share The Spotlight,th
ヤスオのブレードワーク,Yasuo's Bladework,th
ヤスオの恩恵,Yasuo's Boon,th
ライトシールドのクレスト,Lightshield Crest,th
ラインナップ,Lineup,th
ラスト ウィスパー,Last Whisper,th
ラッキーグローブ,Lucky Gloves,th
ラバドン デスキャップ,Rabadon's Deathcap,th
ラピッド ファイアキャノン,Rapid Firecannon,th
ラムス,Rammus,th
ラースト,Rhaast,th
リカーブ ボウ,Recurve Bow,th
リサンドラ,Lissandra,th
リッチ ベイン,Lich Bane,th
リデンプションの魂,Spirit of Redemption,th
リフトスカトル,Rift Scuttler,th
リヴェン,Riven,th
ルブラン,LeBlanc,th
ルル,Lulu,th
ルーデン テンペスト,Luden's Tempest,th
レイトゲーム スケーリング,Late Game Scaling,th
レイトゲーム スペシャリスト,Late Game Specialist,th
レオナ,Leona,th
レク＝サイ,Rek'Sai,th
レッドバフ,Red Buff,th
レプリケーター,Replicator,th
レプリケーターモード,Replicator Mode,th
レベルアップ！,Level Up!,th
ローグ,Rogue,th
ローグの紋章,Rogue Emblem,th
ローリングデイズ,Rolling for Days,th
ワン、ツー、ファイブ！,"One, Two, Five!",th
ワンド オーバーフロー,Wand Overflow,th
ワーモグ アーマー,Warmog's Armor,th
ヴァルスの執念,Varus's Obsession,th
ヴァルスの恩恵,Varus's Boon,th
ヴァンガード,Vanguard,th
ヴァンガードの紋章,Vanguard Emblem,th
ヴェックス,Vex,th
ヴォイド ガントレット,Void Gauntlet,th
ヴォイド スタッフ,Void Staff,th
一 二 三,One Two Three,th
一、二、五！,"One, Two, Five!",th
一个增益，两个增益,"One Buff, Two Buff",th
一二三,One Two Three,th
一人前プレート,Solo Plate,th
一個Buff，兩個Buff,"One Buff, Two Buff",th
一击即中,Just Hit,th
一棒入魂！,Bonk!,th
一波带走俩,Speedy Double Kill,th
一生挚友,Best Friends,th
一生摯友,Best Friends,th
一着险棋,Risky Moves,th
一致団結,Stand United,th
一致団結,Teaming Up,th
一點點重抽魔法,Slightly Magic Roll,th
一，二，三,One Two Three,th
一，二，五！,"One, Two, Five!",th
七彩棱镜入场券,Prismatic Ticket,th
三幻神,Legion of Threes,th
三相庇护,Infinity Protection,th
三费军团,Legion of Threes,th
三連勝I,Trifecta,th
三重奏,Trifecta,th
三项赛,Trifecta,th
上方移動,Upward Mobility,th
上进心,Upward Mobility,th
不侦察，不变阵,NO SCOUT NO PIVOT,th
不偵察不換陣容,NO SCOUT NO PIVOT,th
不完全アセンション,Partial Ascension,th
不完全飛昇,Partial Ascension,th
不屈,The Indomitable,th
不屈鬥魂,The Indomitable,th
不惜代價,At What Cost,th
不滅の協定,Eternal Pact,th
不破金鋼,Gilded Steel,th
不计代价,At What Cost,th
不適合者,Misfits,th
专属定制,Exclusive Customization,th
专打后期,Late Game Specialist,th
专注火焰,Focused Fire,th
两倍价值,Two Much Value,th
並肩作戰,Stand United,th
中堅自強,Find Your Center,th
临时战甲,Makeshift Armor,th
主人公補正,Plot Armor,th
主角威能,Plot Armor,th
丽桑卓,Lissandra,th
丽珊卓,Lissandra,th
乌尔加特,Urgot,th
乐芙兰,LeBlanc,th
乱れる思考,Cluttered Mind,th
亚托克斯,Aatrox,th
亚索的共享聚光灯,Yasuo's Share The Spotlight,th
亚索的剑艺,Yasuo's Bladework,th
亚索的恩赐,Yasuo's Boon,th
亚索的黄金格,Yasuo's Golden Hex,th
交易之星,Trade Sector,th
人多好辦事,Teaming Up,th
人生切片,Slice of Life,th
仕送り,Care Package,th
仙灵斗士,Divine Duelist,th
代价是什么,At What Cost,th
代償,At What Cost,th
仲裁者,Arbiter,th
仲裁者徽章,Arbiter Emblem,th
仲間を作ろう,Build a Bud,th
仿生上行链,Cybernetic Uplink,th
仿生植入物,Cybernetic Implants,th
伊泽瑞尔,Ezreal,th
伊澤瑞爾,Ezreal,th
伊罗旖,Illaoi,th
伊羅旖,Illaoi,th
伊芙琳的增益,Evelynn's Boon,th
伊芙琳的恩赐,Evelynn's Boon,th
伊芙琳的本能,Evelynn's Instinct,th
伊芙琳的祝福,Evelynn's Boon,th
休眠锻炉,Latent Forge,th
伸手摘星,Reach for the Stars,th
伸手摘群星,Reach for the Stars,th
低调炫耀,Aura Farming,th
佐伊,Zoe,th
侵略者ゼド,Invader Zed,th
便携锻炉,Portable Forge,th
俄洛伊,Illaoi,th
保卫者之誓,Protector's Vow,th
保衛者之誓,Protector's Vow,th
保鑣訓練,Bodyguard Training,th
保镖训练,Bodyguard Training,th
修复型回响,Mending Echoes,th
俺だけレベルアップ,Solo Leveling,th
值得等待,Worth the Wait,th
假人化,Dummify,th
做多,Going Long,th
偵察なし、変更なし,NO SCOUT NO PIVOT,th
備用弓箭,Backup Bows,th
储蓄账户,Savings Account,th
價值爆棚,Two Much Value,th
儲蓄帳戶,Savings Account,th
充能转移,Charge Transfer,th
先知,Oracle,th
先見性,Forward Thinking,th
先鋒戰士,Vanguard,th
先鋒戰士徽章,Vanguard Emblem,th
先锋战士,Vanguard,th
先锋战士徽章,Vanguard Emblem,th
光明无赖,Radiant Rascal,th
光盾之紋,Lightshield Crest,th
光盾之纹,Lightshield Crest,th
光盾徽章,Lightshield Crest,th
入侵者 劫,Invader Zed,th
全力以赴,Hard Commit,th
全新出厂,Factory New,th
全身全霊,Hard Commit,th
共感インプラント,Sympathetic Implant,th
共感植入,Sympathetic Implant,th
关,Gwen,th
关爱包裹,Care Package,th
兹若特传送门,Zz'Rot Portal,th
内瑟斯,Nasus,th
再起の呪印,Boon of Resurrection,th
再造神兵,Factory New,th
冒险举动,Risky Moves,th
冕卫,Crownguard,th
军工1号,Factory New,th
冲击火炮,Rapid Firecannon,th
冲榜战士,Climb The Ladder,th
冷酷なるジークの使者,Zeke's Bleak Herald,th
凋零的遗物,Withered Relic,th
凋零聖物,Withered Relic,th
凯尔的光明崇拜,Kayle's Radiant Exaltation,th
凯尔的升腾,Kayle's Exaltation,th
凯尔的圣光升腾,Kayle's Radiant Exaltation,th
凯尔的增益,Kayle's Boon,th
凯尔的崇拜,Kayle's Exaltation,th
凯尔的恩赐,Kayle's Boon,th
凯特琳,Caitlyn,th
凯莎,Kai'Sa,th
凱爾的祝福,Kayle's Boon,th
凱爾的聖光讚頌,Kayle's Radiant Exaltation,th
凱爾的讚頌,Kayle's Exaltation,th
凱特琳,Caitlyn,th
凱莎,Kai'Sa,th
出身豪门,Silver Spoon,th
出陣,Warpath,th
刀劍湧流,Sword Overflow,th
刃馬合一,Warpath,th
刃马合一,Warpath,th
列队,Lineup,th
初級鏡像人格,Lesser Mirrored Persona,th
利落保镖,Bodyguard Training,th
别再错过,Missed Connections,th
刹雅,Xayah,th
刺藤胸甲,Bramble Vest,th
刻苦钻研,Patient Study,th
前借り,Advanced Loan,th
前排地基,Frontline Foundation,th
前瞻思维,Forward Thinking,th
前線基礎,Frontline Foundation,th
前線維持,Hold the Line,th
前线地基,Frontline Foundation,th
前衛の礎,Frontline Foundation,th
剎雅,Xayah,th
剑之工匠,Swordsmith,th
剣鍛冶,Swordsmith,th
副作用,Side Effects,th
劍匠,Swordsmith,th
力に鍛えられしもの,Forged in Strength,th
力の聖杯,Chalice of Power,th
力炼之躯,Forged in Strength,th
力量圣杯,Chalice of Power,th
力量聖杯,Chalice of Power,th
力量鍛造,Forged in Strength,th
加速開始,Kick Start,th
劣化版鏡像のペルソナ,Lesser Mirrored Persona,th
努努和威朗普,Nunu & Willump,th
劫,Zed,th
劫掠者,Marauder,th
劫掠者徽章,Marauder Emblem,th
勒哈斯特,Rhaast,th
勒布朗,LeBlanc,th
勝ち抜け,Win Out,th
千珏,Kindred,th
升华护符,Talisman Of Ascension,th
升星之运,On a Roll,th
升級！,Level Up!,th
升级咯！,Level Up!,th
升级！,Level Up!,th
午餐錢,Lunch Money,th
午餐钱,Lunch Money,th
半导体,Semiconductor,th
半导体装置,Semiconductor,th
半導体,Semiconductor,th
半導體,Semiconductor,th
卑尔维斯,Bel'Veth,th
单身板甲,Solo Plate,th
博弈开启,Kick Start,th
占星師,Stargazer,th
占星師徽章,Stargazer Emblem,th
卡尔玛,Karma,th
卡帕果汁,Cappa Juice,th
卡玛,Karma,th
卡瑪,Karma,th
卡胡纳胡纳,Kahunahuna,th
卡莎,Kai'Sa,th
卢登的激荡,Luden's Tempest,th
卢登骤雨,Luden's Tempest,th
即席アーマー,Makeshift Armor,th
厄加特,Urgot,th
厄萨斯,Aatrox,th
厄薩斯,Aatrox,th
厄运小姐,Miss Fortune,th
厄運使者,Doomer,th
厨神阿福,U.R.F,th
友を鍛える,Forge a Friend,th
双城赢家,Arcane Viktor-y,th
双子守护神,Twin Guardians,th
双子守护者,Twin Guardians,th
双排,Duo Queue,th
反响,Replication,th
反曲之弓,Recurve Bow,th
反曲弓,Recurve Bow,th
发条加速器,Clockwork Accelerator,th
发条增速器,Clockwork Accelerator,th
受到星神赐福,God-Blessed,th
变形重组器,Recombobulator,th
叛逆者,Misfits,th
叛道者,Rogue,th
叛道者徽章,Rogue Emblem,th
古拉加斯,Gragas,th
古拉格斯,Gragas,th
另辟新境,Branching Out,th
叩きつけ,Slammin',th
可大可小,Min-Max,th
可疑風衣,Suspicious Trench Coat,th
可疑风衣,Suspicious Trench Coat,th
史提克弹簧刀,Statikk Shiv,th
史提克彈簧刀,Statikk Shiv,th
史特拉克手套,Sterak's Gage,th
史詩重抽,Epic Rolldown,th
史诗重骰,Epic Rolldown,th
吉茵珂丝,Jinx,th
吉茵珂絲,Jinx,th
后排蓝图,Backline Blueprint,th
后期专家,Late Game Specialist,th
后期成长,Late Game Scaling,th
后期收益,Late Game Scaling,th
向上流動,Upward Mobility,th
吶兒,Gnar,th
吸血の胆力,Vampiric Vitality,th
吸血活力,Vampiric Vitality,th
吸血活力I,Vampiric Vitality,th
吸血生命力,Vampiric Vitality,th
吾弓听命于您,You Have My Bow,th
吾弓效命於您,You Have My Bow,th
呐儿,Gnar,th
呪いの刃,Cursed Blade,th
命懸けの戦い,Risky Moves,th
命运祭司,Oracle,th
命运编织者,Fateweaver,th
命運編織者,Fateweaver,th
商业核心,Commerce Core,th
單人磐核,Solo Plate,th
嗜血者,Bloodthirster,th
嘟嘟好,Just Hit,th
四费增援,ReinFOURcement,th
四重援軍,ReinFOURcement,th
回収箱,Salvage Bin,th
回收再利用,Salvage Bin,th
回春,Second Wind,th
团队建设,Team Building,th
圣光审判者,Redeemer,th
圣光捣蛋鬼,Radiant Rascal,th
圣盾使的誓约,Protector's Vow,th
地底寶藏,Buried Treasures,th
均等法衣,Evenshroud,th
坚守前线,Hold the Line,th
坚守防线,Hold the Line,th
坚定之心,Steadfast Heart,th
坚毅之心,Steadfast Heart,th
坦度成双,Two Tanky,th
坦度雙倍,Two Tanky,th
埋もれた宝物,Buried Treasures,th
埋藏的宝物,Buried Treasures,th
基克的先驱,Zeke's Herald,th
基克的阴森先驱,Zeke's Bleak Herald,th
堅守前線,Hold the Line,th
堅定之心,Steadfast Heart,th
堡垒,Bulwark,th
堡垒卫士,Bastion,th
堡垒卫士纹章,Bastion Emblem,th
堡壘衛士,Bastion,th
堡壘衛士徽章,Bastion Emblem,th
報復,Retribution,th
塔姆,Tahm Kench,th
塔楼,The Tower,th
塔隆,Talon,th
增幅之力,Augmented Power,th
增援部队,ReinFOURcement,th
壁垒,Bastion,th
壁垒徽章,Bastion Emblem,th
备用弓,Backup Bows,th
复仇,Retribution,th
复制,Replication,th
复制者,Replicator,th
复制者模式,Replicator Mode,th
复活恩赐,Boon of Resurrection,th
复活的恩赐,Boon of Resurrection,th
复苏之风,Second Wind,th
夕闇の加護,Aegis of Dusk,th
夜之锋刃,Edge of Night,th
夜明けの加護,Aegis of Dawn,th
夜色緣界,Edge of Night,th
夜色缘界,Edge of Night,th
大きな福袋,Big Grab Bag,th
大买特买,Shopping Spree,th
大剑溢流,Sword Overflow,th
大剑过载,Sword Overflow,th
大器晚成,Late Game Scaling,th
大型惊喜包,Big Grab Bag,th
大天使之杖,Archangel's Staff,th
大家來抱抱,Group Hug,th
大小很重要,Size Matters,th
大百宝袋,Big Grab Bag,th
大禮包,Big Grab Bag,th
大而有力,Giant and Mighty,th
大霹雳星系,The Big Bang,th
大霹靂星系,The Big Bang,th
天外橫財,Money Monsoon,th
天煞,Galaxy Hunter,th
天煞灭影：劫,Invader Zed,th
太空律动,Space Groove,th
太空律动徽章,Space Groove Emblem,th
太空律动纹章,Space Groove Emblem,th
太空律動,Space Groove,th
太空律動徽章,Space Groove Emblem,th
失去联络,Missed Connections,th
契約殺手,Contract Killer,th
奢侈品订购,Luxury Subscription,th
奢华订阅,Luxury Subscription,th
奥恩,Ornn,th
奥术 维克特式胜利,Arcane Viktor-y,th
奥瑞利安·索尔,Aurelion Sol,th
奥瑞利安·索尔的恩赐,Aurelion Sol's Boon,th
奧術：維克特必勝,Arcane Viktor-y,th
女武神的祝福,Boon of the Scrapper,th
女神の涙,Tear of the Goddess,th
女神之泪,Tear of the Goddess,th
女神之淚,Tear of the Goddess,th
好きなだけ泣くがいい,Cry Me A River,th
好战者的恩赐,Boon of the Scrapper,th
好战者铠甲,Warmog's Armor,th
好戰者鎧甲,Warmog's Armor,th
好运姐,Miss Fortune,th
好运手套,Lucky Gloves,th
好運姐,Miss Fortune,th
好運手套,Lucky Gloves,th
娑娜,Sona,th
娜米,Nami,th
娜美,Nami,th
存心失利,Calculated Loss,th
孤身铁铠,Solo Plate,th
宇宙の再起,Cosmic Restart,th
宇宙大爆炸,The Big Bang,th
宇宙重启,Cosmic Restart,th
宇宙重啟,Cosmic Restart,th
守望者之友,Caretaker's Ally,th
守望者的盟友,Caretaker's Ally,th
宝宝学院,Early Learnings,th
宝探し,Treasure Hunt,th
宝石手套,Jeweled Gauntlet,th
寂静法衣,Shroud of Stillness,th
寂靜法衣,Shroud of Stillness,th
密银黎明,Silvermere Dawn,th
寶石手套,Jeweled Gauntlet,th
对冲基金,Hedge Fund,th
寻宝,Treasure Hunt,th
寻宝之旅,Treasure Hunt,th
导能者,Conduit,th
导能者模式,Conduit Mode,th
專打後期,Late Game Specialist,th
尋寶遊戲,Treasure Hunt,th
導き手,Shepherd,th
導き手の紋章,Shepherd Emblem,th
小さくても強烈,"Tiny, but Deadly",th
小さな仲間たち,Little Buddies,th
小さな巨人,Tiny Titans,th
小さな福袋,Small Grab Bag,th
小伙伴,Little Buddies,th
小偷小摸,Pilfer,th
小型惊喜包,Small Grab Bag,th
小型禮包,Small Grab Bag,th
小小伙伴,Little Buddies,th
小小夥伴,Little Buddies,th
小小大英雄,Tiny Titans,th
小小泰坦,Tiniest Titan,th
小小福袋,Small Grab Bag,th
小巧但致命,"Tiny, but Deadly",th
小巨人,Tiny Titans,th
小木灵,Meepsie,th
小米普,Meepsie,th
小而致命,"Tiny, but Deadly",th
就差你一個,Missed Connections,th
尺寸至上,Size Matters,th
尺有所短、寸有所长,Size Matters,th
峡谷迅捷蟹,Rift Scuttler,th
崇高の冒険,An Exalted Adventure,th
崇高冒险,An Exalted Adventure,th
崔斯特,Twisted Fate,th
巧みなクラフト,Crafted Crafting,th
巨人の誓い,Titan's Resolve,th
巨人之力,Giant and Mighty,th
巨人杀手,Giant Slayer,th
巨人殺手,Giant Slayer,th
巨人腰带,Giant's Belt,th
巨人腰帶,Giant's Belt,th
巨型九头蛇,Titanic Hydra,th
巨型魔棒,Needlessly Large Rod,th
巨大強悍,Giant and Mighty,th
巨龙之爪,Dragon's Claw,th
巫妖之祸,Lich Bane,th
巫妖之禍,Lich Bane,th
巴德,Bard,th
巴龍巢穴,Baron's Lair,th
巴龙幻域,Baron's Lair,th
布蕾尔,Briar,th
布蕾爾,Briar,th
布里茨,Blitzcrank,th
帽子ジュース,Cappa Juice,th
帽子饮品,Cappa Juice,th
帽帽果汁,Cappa Juice,th
平底鍋,Frying Pan,th
平底锅,Frying Pan,th
并肩作战,Stand United,th
幸存者,Survivor,th
幸运手套,Lucky Gloves,th
幻灵战队,Anima,th
幻灵战队纹章,Anima Emblem,th
幻灵指挥官,Anima Commander,th
幽冥煞星,Dark Star,th
幽冥煞星徽章,Dark Star Emblem,th
幽魂弯刀,Spectral Cutlass,th
広がる根,Spreading Roots,th
庇護者のお供,Caretaker's Ally,th
库奇,Corki,th
应急护甲,Makeshift Armor,th
应急护盾,Plot Armor,th
庫奇,Corki,th
建立團隊,Team Building,th
开摆,AFK,th
异类,Misfits,th
弓の誓い,You Have My Bow,th
強制中離,AFK,th
強力投入,Hard Commit,th
強化包,Booster Pack,th
强制中离,AFK,th
强化之能量,Augmented Power,th
强大机甲,The Mighty Mech,th
强袭者的链枷,Striker's Flail,th
当头棒喝！,Bonk!,th
影の操り人形,Shadow Puppet,th
影子木偶,Shadow Puppet,th
影忍煞星：劫,Invader Zed,th
征战之路,Warpath,th
待つ価値あり,Worth the Wait,th
後排藍圖,Backline Blueprint,th
後衛の設計図,Backline Blueprint,th
復仇,Retribution,th
復刻師,Replicator,th
復刻師模式,Replicator Mode,th
復活祝福,Boon of Resurrection,th
循序漸進,Slice of Life,th
微光龍鱗精粹,Shimmerscale Essence,th
微光龙鳞精萃,Shimmerscale Essence,th
心之抗防,Heart of Steel,th
心之钢,Heart of Steel,th
心身統御のペンダント,Innervating Locket,th
忍耐の美徳,Patience is a Virtue,th
忍耐是美德,Patience is a Virtue,th
快速入门,Kick Start,th
思惑買い,Going Long,th
思緒清晰,Clear Mind,th
思緒雜亂,Cluttered Mind,th
思绪杂乱,Cluttered Mind,th
思绪清晰,Clear Mind,th
怪しげなトレンチコート,Suspicious Trench Coat,th
怪咖集合,Misfits,th
恶意变现,Malicious Monetization,th
恶意货币化,Malicious Monetization,th
恶意软件矩阵,Malware Matrix,th
恶火小斧,Hellfire Hatchet,th
恶鲨火箭,Fishbones,th
惡性經營,Malicious Monetization,th
惡意程式矩陣,Malware Matrix,th
惡鯊火箭,Fishbones,th
想定内の意外性,Expected Unexpectedness,th
意料之中的意外,Expected Unexpectedness,th
愿四费与你同在,May the Fours Be With You,th
慎,Shen,th
成吨数据！,Tons of Stats!,th
成吨的属性！,Tons of Stats!,th
我们团结一致,We Stick Together,th
我弓于你手,You Have My Bow,th
我独自升级,Solo Leveling,th
战时补给：反曲之弓,Backup Bows,th
战时补给：女神之泪,Flowing Tears,th
战时补给：拳套,Critical Success,th
战时补给：无用大棒,Continuous Conjuration,th
战时补给：暴风大剑,Carve a Path,th
战神的荣耀,Warlord's Honor,th
戦略的敗北,Calculated Loss,th
戰國軍閥之榮耀,Warlord's Honor,th
戰錘意志,Mace's Will,th
手套,Mittens,th
手气不错,Feeling Lucky,th
打手连枷,Striker's Flail,th
打手連枷,Striker's Flail,th
打捞桶,Salvage Bin,th
打造夥伴,Construct a Companion,th
扩展包,Booster Pack,th
投資,Invested,th
投資完了,Invested,th
投资,Invested,th
抽好抽滿I,Rolling for Days,th
拉亚斯特,Rhaast,th
拉姆斯,Rammus,th
拉莫斯,Rammus,th
拓展包,Booster Pack,th
招兵买马,New Recruit,th
招兵買馬,New Recruit,th
拥抱,Group Hug,th
拳击训练,Boxing Lessons,th
拳击课程,Boxing Lessons,th
拳套,Sparring Gloves,th
拳擊訓練,Boxing Lessons,th
拳擊選手,Prizefighter,th
指挥官,Commander,th
指揮官,Commander,th
挑个好伙计！,Construct a Companion,th
挑战者,Challenger,th
挑战者徽章,Challenger Emblem,th
挑战者模式,Challenger Mode,th
挑战者纹章,Challenger Emblem,th
挖角,Pilfer,th
振奋盔甲,Spirit Visage,th
振奮盔甲,Spirit Visage,th
排兵布阵,Lineup,th
探索者护腕,Seeker's Armguard,th
探索者的护臂,Seeker's Armguard,th
探索者護腕,Seeker's Armguard,th
提摩,Teemo,th
提莫,Teemo,th
援護の弓,Backup Bows,th
揺るがぬ心,Steadfast Heart,th
携带型打铁铺,Portable Forge,th
携手合作,Teaming Up,th
摇钱树,Money Monsoon,th
摘星之志,Reach for the Stars,th
攀升之階I,Climb The Ladder,th
攀登天梯,Climb The Ladder,th
攜帶型打鐵舖,Portable Forge,th
攜手同行,We Stick Together,th
支配宝匣,Innervating Locket,th
支配寶匣,Innervating Locket,th
放電,Electrocharge,th
救世主,Redeemer,th
救済者,Redeemer,th
救赎之灵,Spirit of Redemption,th
救赎盔甲,Spirit of Redemption,th
散件丰收日,Component Heist,th
斗士,Brawler,th
斗士纹章,Brawler Emblem,th
斗神,Divine Duelist,th
斗神的恩赐,Boon of the Scrapper,th
斜槓英雄,Branching Out,th
斯塔缇克电刃,Statikk Shiv,th
斯特拉克的挑战护手,Sterak's Gage,th
新人入队,New Recruit,th
新兵,New Recruit,th
新星特攻队,N.O.V.A,th
新星特攻队纹章,N.O.V.A. Emblem,th
新纪元,Epoch,th
旅人,Voyager,th
旅人纹章,Voyager Emblem,th
无人机上行链路,Drone Uplink,th
无尽之刃,Infinity Edge,th
无尽守护,Infinity Protection,th
无尽绝望,Unending Despair,th
无差别攻击,Indiscriminate Killer,th
无差别杀手,Indiscriminate Killer,th
无用大棒,Needlessly Large Rod,th
无终恨意,Unending Despair,th
日炎斗篷,Sunfire Cape,th
日炎棋盘,Sunfire Board,th
日炎燎原,Sunfire Board,th
日輪的加冕,Locket of the Iron Solari,th
日轮的加冕,Locket of the Iron Solari,th
早期教育,Early Learnings,th
昇華護符,Talisman Of Ascension,th
明智消费,Wise Spending,th
明鏡止水,Clear Mind,th
易,Master Yi,th
易大师,Master Yi,th
易大師,Master Yi,th
星の観測者,Stargazer,th
星の観測者の紋章,Stargazer Emblem,th
星を目指して,Reach for the Stars,th
星光连击,Stellar Combo,th
星光連鎖,Stellar Combo,th
星界壁壘,Bulwark,th
星界连招,Stellar Combo,th
星界重启,Cosmic Restart,th
星際旅人,Voyager,th
星際旅人徽章,Voyager Emblem,th
星靈牧者,Shepherd,th
星靈牧者徽章,Shepherd Emblem,th
昼食代,Lunch Money,th
時計仕掛けの加速装置,Clockwork Accelerator,th
時間破壞者,Timebreaker,th
時間破壞者徽章,Timebreaker Emblem,th
普通の日々,Slice of Life,th
普通預金口座,Savings Account,th
智商稅,Cognitive Tax,th
智慧末刃,Wit's End,th
暗影傀儡,Shadow Puppet,th
暗影木偶,Shadow Puppet,th
暗星,Dark Star,th
暗星纹章,Dark Star Emblem,th
暗行者之爪,Prowler's Claw,th
暗黑女士,Dark Lady,th
暮光铁壁,Bulwark,th
暮夜之盾,Aegis of Dusk,th
暴击式成功,Critical Success,th
暴風之劍,B.F. Sword,th
暴风之剑,B.F. Sword,th
暴风大剑,B.F. Sword,th
曙光核心,Dawncore,th
更致命之刃,Deadlier Blades,th
更要命的帽子,Deadlier Caps,th
更要命的战刃,Deadlier Blades,th
最佳好友,Best Friends,th
最后的轻语,Last Whisper,th
最后耳语,Last Whisper,th
最后赢家,Win Out,th
最大最小化,Min-Max,th
最小巨人,Tiniest Titan,th
最強の四配者,ReinFOURcement,th
最强构筑,Max Build,th
最後耳語,Last Whisper,th
最高指挥官,Commander,th
有効活用,Good For Something,th
有用之材,Good For Something,th
朔极之矛,Spear of Shojin,th
木偶化,Dummify,th
木灵族,Meeple,th
木灵族纹章,Meeple Emblem,th
未来の鍛冶場,Latent Forge,th
未来战士,Timebreaker,th
未来战士纹章,Timebreaker Emblem,th
末日使者,Doomer,th
机甲神盾,Mecha,th
杀出血路,Carve a Path,th
权杖意志,Mace's Will,th
杖之工匠,Staffsmith,th
杖匠,Staffsmith,th
杖鍛冶,Staffsmith,th
来个好伙计,Build a Bud,th
极光,Aurora,th
极限拉满,Min-Max,th
构筑一名伙伴：,Construct a Companion,th
枯朽の遺物,Withered Relic,th
枯死の宝石,Blighting Jewel,th
枯萎圣物,Withered Relic,th
枯萎宝石,Blighting Jewel,th
枯萎寶石,Blighting Jewel,th
枯萎珠宝,Blighting Jewel,th
柔依,Zoe,th
柔軟性,Flexible,th
根絶者,Eradicator,th
格斗手套,Sparring Gloves,th
格温,Gwen,th
格雷福斯,Graves,th
格鬥手套,Sparring Gloves,th
棋手之盾,Tactician's Shield,th
棋手厨房,Tactician's Kitchen,th
棋手廚房,Tactician's Kitchen,th
棋手披風,Tactician's Cape,th
棋手斗篷,Tactician's Cape,th
棋手皇冠,Tactician's Crown,th
棋手盾牌,Tactician's Shield,th
棘刺背心,Bramble Vest,th
棱彩门票,Prismatic Ticket,th
極速快手,Challenger,th
極速快手徽章,Challenger Emblem,th
極速快手模式,Challenger Mode,th
構成拡大,Branching Out,th
模控機械上鏈,Cybernetic Uplink,th
模控機械移植,Cybernetic Implants,th
機械戰甲,Mecha,th
次级镜像人格面具,Lesser Mirrored Persona,th
次级镜影化身,Lesser Mirrored Persona,th
歐羅拉,Aurora,th
正义之手,Hand Of Justice,th
正义手套,Hand Of Justice,th
正义报复,Retribution,th
正義手套,Hand Of Justice,th
武斗家,Brawler,th
武斗家徽章,Brawler Emblem,th
武装战姬,Gun Goddess,th
武鬥家,Brawler,th
武鬥家徽章,Brawler Emblem,th
歩く鍛冶場,Living Forge,th
死亡之刃,Deathblade,th
死亡之帽,Rabadon's Deathcap,th
死得有價值I,Good For Something,th
死神之刃,Deathblade,th
歼灭者,Eradicator,th
殉道美德,Virtue of the Martyr,th
殺出血路,Carve a Path,th
水乳交融,We Stick Together,th
水銀兜帽,Quicksilver,th
水银,Quicksilver,th
水银兜帽,Quicksilver,th
永恆契約,Eternal Pact,th
永恒契约,Eternal Pact,th
永续召唤,Continuous Conjuration,th
汪星机器人,Party Animal,th
沈黙の帳,Shroud of Stillness,th
沉重王冠,Heavy Is the Crown,th
河蟹,Rift Scuttler,th
治疗法球,Healing Orbs,th
治療靈球,Healing Orbs,th
治癒回音,Mending Echoes,th
法官,Arbiter,th
法官纹章,Arbiter Emblem,th
法杖工匠,Staffsmith,th
法杖溢流,Wand Overflow,th
法洛士的執念,Varus's Obsession,th
法洛士的增益,Varus's Boon,th
法洛士的执念,Varus's Obsession,th
法洛士的祝福,Varus's Boon,th
波比,Poppy,th
泪流不止,Flowing Tears,th
泪流成河,Cry Me A River,th
泰坦九头蛇,Titanic Hydra,th
泰坦九頭蛇,Titanic Hydra,th
泰坦的决意,Titan's Resolve,th
泰坦的坚决,Titan's Resolve,th
泰坦的決意,Titan's Resolve,th
泰隆,Talon,th
活体锻炉,Living Forge,th
活火炉,Living Forge,th
活火爐,Living Forge,th
派上用场,Good For Something,th
派克,Pyke,th
派对大咖,Party Animal,th
派對咖,Party Animal,th
流れる涙,Flowing Tears,th
流亡孤军,Exiles,th
流亡孤軍,Exiles,th
浪人,Exiles,th
海克斯科技枪刃,Hextech Gunblade,th
海克斯科技槍刃,Hextech Gunblade,th
海妖之怒,Kraken's Fury,th
海牛阿福的锅铲战术,Urf's Gambit,th
海魔人,Primordian,th
海魔人纹章,Primordian Emblem,th
淚光閃閃,Flowing Tears,th
淚如泉湧,Cry Me A River,th
混乱回復装置,Recombobulator,th
混乱的呼唤,Call to Chaos,th
混沌への呼び声,Call to Chaos,th
混沌召唤,Call to Chaos,th
混沌召喚,Call to Chaos,th
清晰头脑,Clear Mind,th
游侠,Rogue,th
游侠纹章,Rogue Emblem,th
游神的盟友,Caretaker's Ally,th
源计划上行链路,Cybernetic Uplink,th
源计划植入,Cybernetic Implants,th
滚起优势,On a Roll,th
漫游者,Voyager,th
漫游者徽章,Voyager Emblem,th
潘多拉的备战区,Pandora's Bench,th
潘多拉的道具,Pandora's Items,th
潘朵拉的備戰區,Pandora's Bench,th
潘朵拉的备战席,Pandora's Bench,th
潘朵拉的装备,Pandora's Items,th
潘朵拉的道具,Pandora's Items,th
潘森,Pantheon,th
潛在火爐,Latent Forge,th
潛行者之爪,Prowler's Claw,th
潜心锻造,Latent Forge,th
潜行者之爪,Prowler's Claw,th
激发之匣,Innervating Locket,th
火上浇油,Feed the Flames,th
火热促销,Firesale,th
火爆甩卖,Firesale,th
灭世者的死亡之帽,Rabadon's Deathcap,th
灭星尊,Eradicator,th
灵气农兵,Aura Farming,th
灵活变通,Flexible,th
灵活摇摆,Flexible,th
灵能特工,Psionic,th
灵能特工纹章,Psionic Emblem,th
灵能者,Psionic,th
灵能者徽章,Psionic Emblem,th
灵风,Zephyr,th
灵魂唤醒,Soul Awakening,th
灵魂觉醒,Soul Awakening,th
炎を強めて,Feed the Flames,th
点击即送,Just Hit,th
炽天使之拥,Seraphim's Staff,th
炽天使之杖,Seraphim's Staff,th
烁刃,Flickerblades,th
烈士之德,Virtue of the Martyr,th
烈士美德,Virtue of the Martyr,th
烏爾加特,Urgot,th
烬,Jhin,th
無人機上鏈,Drone Uplink,th
無差別屠殺,Indiscriminate Killer,th
無差別殺人者,Indiscriminate Killer,th
無盡之刃,Infinity Edge,th
無盡絕望,Unending Despair,th
無限守護,Infinity Protection,th
煞蜜拉,Samira,th
煽风点火,Feed the Flames,th
熊熊火勢,Feed the Flames,th
熾天使之杖,Seraphim's Staff,th
營造氣場,Aura Farming,th
燼,Jhin,th
燼滅之華,Eradicator,th
爆炸式增长,Explosive Growth,th
爆炸性成長,Explosive Growth,th
爆発的成長,Explosive Growth,th
爱心包裹,Care Package,th
爱欧尼亚星火,Ionic Spark,th
牧羊人,Shepherd,th
牧羊人纹章,Shepherd Emblem,th
牧魂人,Shepherd,th
牧魂人徽章,Shepherd Emblem,th
物尽其用,Slammin',th
物資箱,Care Package,th
特性の書,Tome of Traits,th
特性の木,The Trait Tree,th
特性を選択,เลือกคุณสมบัติ,th
特性之树,The Trait Tree,th
特性典籍,Tome of Traits,th
特性神木,The Trait Tree,th
犽宿之共享光采,Yasuo's Share The Spotlight,th
犽宿的共享光采,Yasuo's Share The Spotlight,th
犽宿的剑术,Yasuo's Bladework,th
犽宿的增益,Yasuo's Boon,th
犽宿的祝福,Yasuo's Boon,th
犽宿的迅雷之技,Yasuo's Bladework,th
犽宿的黃金棋格,Yasuo's Golden Hex,th
犽宿的黄金格子,Yasuo's Golden Hex,th
狂徒铠甲,Warmog's Armor,th
狂战士,Marauder,th
狂战士纹章,Marauder Emblem,th
狙击专家,Sniper,th
狙击专家徽章,Sniper Emblem,th
狙擊專家,Sniper,th
狙擊專家徽章,Sniper Emblem,th
狙神,Sniper,th
狙神纹章,Sniper Emblem,th
独自升级,Solo Leveling,th
狱火战斧,Hellfire Hatchet,th
猛将的荣耀,Warlord's Honor,th
猩红报偿,Blood Price,th
獄火手斧,Hellfire Hatchet,th
獄炎のハチェット,Hellfire Hatchet,th
獨自升等,Solo Leveling,th
王冠とは重きもの,Heavy Is the Crown,th
王冠之重,Heavy Is the Crown,th
玻璃大炮,Glass Cannon,th
玻璃大砲I,Glass Cannon,th
珍藏财宝,Buried Treasures,th
珠光护手,Jeweled Gauntlet,th
珠光莲花,Jeweled Lotus,th
珠光蓮花II,Jeweled Lotus,th
瑟雷西的增益,Thresh's Boon,th
瑟雷西的灯笼,Thresh's Lantern,th
瑟雷西的燈籠,Thresh's Lantern,th
瑟雷西的祝福,Thresh's Boon,th
璐璐,Lulu,th
甘いおやつ,Sweet Treats,th
甜点,Sweet Treats,th
生存专家,Survivor,th
生存專家,Survivor,th
生日团聚,Birthday Reunion,th
生日團聚,Birthday Reunion,th
生日礼物,Birthday Present,th
生日禮物,Birthday Present,th
生日聚会,Birthday Reunion,th
生根发芽,Spreading Roots,th
生活片段,Slice of Life,th
生涯ブロンズ,Bronze For Life,th
生物材料保存,Biomatter Preserver,th
生物质保存剂,Biomatter Preserver,th
生物质维护器,Biomatter Preserver,th
由二生D,Two Much Value,th
电光反击,Electrocharge,th
电火花,Electrocharge,th
电荷转移I,Charge Transfer,th
男爵幻域,Baron's Lair,th
略奪者,Marauder,th
略奪者の紋章,Marauder Emblem,th
疗愈回响,Mending Echoes,th
疾射火炮,Rapid Firecannon,th
疾速双杀,Speedy Double Kill,th
疾速雙殺,Speedy Double Kill,th
癒しのこだま,Mending Echoes,th
登上最高峰,Win Out,th
發條加速器,Clockwork Accelerator,th
百兽,Anima,th
百兽指挥官,Anima Commander,th
百兽特攻队徽章,Anima Emblem,th
百獸,Anima,th
百獸指揮官,Anima Commander,th
百獸特攻隊徽章,Anima Emblem,th
皇冠守衛,Crownguard,th
盗賊のグローブ,Thief's Gloves,th
盗賊団,Band of Thieves,th
盗賊団 II,Band of Thieves II,th
盜取,Pilfer,th
盧登驟雨,Luden's Tempest,th
目标锁定光学仪,Target-Lock Optics,th
目標鎖定光學,Target-Lock Optics,th
真派氣功,Kahunahuna,th
石像鬼盘核,Gargoyle Stoneplate,th
石像鬼石板甲,Gargoyle Stoneplate,th
石像鬼磐核,Gargoyle Stoneplate,th
研究熱心,Patient Study,th
砰地重击,Slammin',th
砰爆,Doomer,th
破时者,Timebreaker,th
破时者徽章,Timebreaker Emblem,th
破曉之核,Dawncore,th
砸起來,Slammin',th
硬性承诺,Hard Commit,th
碰撞测试假人,Crash Test Dummies,th
碰撞測試,Crash Test Dummies,th
神の祝福,God-Blessed,th
神の鍛冶場,Apotheotic Forge,th
神之祝福,God-Blessed,th
神偷军团,Band of Thieves,th
神偷军团 II,Band of Thieves II,th
神偷軍團,Band of Thieves,th
神偷軍團 II,Band of Thieves II,th
神力天铸,Forged in Strength,th
神化锻炉,Apotheotic Forge,th
神寵者,God-Blessed,th
神影刺客,Rogue,th
神影刺客徽章,Rogue Emblem,th
神聖熔爐,Apotheotic Forge,th
神託,Oracle,th
神諭,Oracle,th
神谕,Conduit,th
神谕模式,Conduit Mode,th
神赐锻炉,Apotheotic Forge,th
神鬥士,Divine Duelist,th
禁忌之像,Forbidden Idol,th
禁忌雕像,Forbidden Idol,th
离子火花,Ionic Spark,th
私房錢,Hustler,th
私房钱,Hustler,th
科加斯,Cho'Gath,th
秘传奥义,Kahunahuna,th
稜鏡票券,Prismatic Ticket,th
穢れたヴァンパイア セプター,Corrupt Vampiric Scepter,th
究極暴擊,Critical Success,th
窃盗,Pilfer,th
窃贼帮派,Band of Thieves,th
窃贼帮派 II,Band of Thieves II,th
窃贼手套,Thief's Gloves,th
竊賊手套,Thief's Gloves,th
米利欧,Milio,th
米普,Meepsie,th
米普,Meeple,th
米普徽章,Meeple Emblem,th
米普星人,Meeple,th
米普星人徽章,Meeple Emblem,th
米普終端速度,Termeepnal Velocity,th
米里欧,Milio,th
米里歐,Milio,th
精心打造,Crafted Crafting,th
精心製作,Crafted Crafting,th
精打細算,Wise Spending,th
精打细算,Wise Spending,th
精进之矛,Spear of Shojin,th
精進之矛,Spear of Shojin,th
紀元,Epoch,th
紅Buff,Red Buff,th
納什之牙,Nashor's Tooth,th
納瑟斯,Nasus,th
素材アイテムヘイスト,Component Heist,th
紡がれし魔法,Woven Magic,th
索娜,Sona,th
索拉卡的增益,Soraka's Boon,th
索拉卡的奇蹟,Soraka's Miracle,th
索拉卡的奇迹,Soraka's Miracle,th
索拉卡的恩赐,Soraka's Boon,th
索拉卡的祝福,Soraka's Boon,th
終わりなき絶望,Unending Despair,th
組件強盜,Component Heist,th
絶好調,On a Roll,th
維克特,Viktor,th
維迦,Veigar,th
縮小手套,Mittens,th
红增益,Red Buff,th
红霸符,Red Buff,th
纪年伊始,Epoch,th
纳什之牙,Nashor's Tooth,th
纳尔,Gnar,th
纳瑟斯,Nasus,th
纷乱头脑,Cluttered Mind,th
纹章之书,Tome of Traits,th
纺织魔法,Woven Magic,th
组件劫案,Component Heist,th
织命人,Fateweaver,th
终端米普速度,Termeepnal Velocity,th
终身青铜,Bronze For Life,th
终身黄铜,Bronze For Life,th
绝境反击,Comeback Story,th
维克托,Viktor,th
维克特,Viktor,th
维迦,Veigar,th
编织魔法,Woven Magic,th
羁绊树,The Trait Tree,th
美味甜點,Sweet Treats,th
翱銳龍獸,Aurelion Sol,th
翱銳龍獸的祝福,Aurelion Sol's Boon,th
翱锐龙兽,Aurelion Sol,th
翱锐龙兽的增益,Aurelion Sol's Boon,th
耐心学习,Patient Study,th
耐心學習,Patient Study,th
耐心是一种美德,Patience is a Virtue,th
耐心是美德,Patience is a Virtue,th
职业杀手,Contract Killer,th
联合作战,Stand United,th
聖なる決闘者,Divine Duelist,th
聖光無賴,Radiant Rascal,th
能力值大補包,Tons of Stats!,th
能量圣杯,Chalice of Power,th
脫穎而出,Win Out,th
腐蚀,Corrosion,th
腐蝕,Corrosion,th
腐败吸血鬼权杖,Corrupt Vampiric Scepter,th
腐食,Corrosion,th
腰带溢流,Belt Overflow,th
腰带过载,Belt Overflow,th
腰帶多多,Belt Overflow,th
臨時戰甲,Makeshift Armor,th
至尊探险,An Exalted Adventure,th
致命利刃,Deadlier Blades,th
致命帽子,Deadlier Caps,th
致命豆丁,"Tiny, but Deadly",th
致死之帽,Deadlier Caps,th
艾克的增益,Ekko's Boon,th
艾克的恩赐,Ekko's Boon,th
艾克的祝福,Ekko's Boon,th
艾克的耐心,Ekko's Patience,th
节外生枝,Branching Out,th
花到上头,Hustler,th
芽苞初放,Build a Bud,th
英勇惊喜包,Heroic Grab Bag,th
英勇福袋,Heroic Grab Bag,th
英雄のラッキーバッグ,Heroic Grab Bag,th
英雄禮包,Heroic Grab Bag,th
茂凯,Maokai,th
茂凱,Maokai,th
荊棘蔓延,Spreading Roots,th
莎弥拉,Samira,th
莫德凯撒,Mordekaiser,th
莫甘娜,Morgana,th
莫雷洛秘典,Morellonomicon,th
菲兹,Fizz,th
菲奥娜,Fiora,th
菲欧拉,Fiora,th
菲歐拉,Fiora,th
葛雷夫,Graves,th
蓝增益,Blue Buff,th
蓝霸符,Blue Buff,th
蔓延之根,Spreading Roots,th
蕾欧娜,Leona,th
薄暮法袍,Evenshroud,th
薇古丝,Vex,th
薇可丝,Vex,th
薇可絲,Vex,th
藍Buff,Blue Buff,th
虚空之杖,Void Staff,th
虚空之门,Zz'Rot Portal,th
虚空手套,Void Gauntlet,th
虚空护手,Void Gauntlet,th
虛空之杖,Void Staff,th
虛空之門,Zz'Rot Portal,th
虛空武鬥場,Void Gauntlet,th
血の供物,Blood Offering,th
血の価値,Blood Price,th
血償,Blood Price,th
血的代价,Blood Price,th
血祭,Blood Offering,th
衝擊火炮,Rapid Firecannon,th
衝突試験用ダミー,Crash Test Dummies,th
裁决者,Arbiter,th
裁决者徽章,Arbiter Emblem,th
装备百宝袋,Item Grab Bag,th
複製,Replication,th
西風匕首,Zephyr,th
西风匕首,Zephyr,th
視界專注,Horizon Focus,th
观星者,Stargazer,th
观星者徽章,Stargazer Emblem,th
观星者纹章,Stargazer Emblem,th
视界专注,Horizon Focus,th
觉得自己幸运吗,Feeling Lucky,th
訂購奢侈品,Luxury Subscription,th
訂閱服務,Subscription Service,th
訓練假人,Training Dummy,th
詛咒之冠,Cursed Crown,th
詛咒之刃,Cursed Blade,th
詛咒吸血鬼權杖,Corrupt Vampiric Scepter,th
認知超載,Cognitive Overload,th
订阅服务,Subscription Service,th
认知税,Cognitive Tax,th
认知超负荷,Cognitive Overload,th
认知过载,Cognitive Overload,th
训练假人,Training Dummy,th
训练木偶,Training Dummy,th
诅咒之冠,Cursed Crown,th
诅咒之刃,Cursed Blade,th
诅咒冠冕,Cursed Crown,th
豪華なサブスク,Luxury Subscription,th
貝爾薇斯,Bel'Veth,th
負極斗篷,Negatron Cloak,th
貪啃奇,Tahm Kench,th
貪財,Money Hungry,th
買い物三昧,Shopping Spree,th
買不手軟,Shopping Spree,th
貿易核心,Commerce Core,th
賈克斯,Jax,th
賢い買い物,Wise Spending,th
贝尔薇斯,Bel'Veth,th
贝蕾亚,Briar,th
负极斗篷,Negatron Cloak,th
财源滚滚,Money Monsoon,th
贪啃奇,Tahm Kench,th
贪财,Money Hungry,th
购物狂欢,Shopping Spree,th
贸易中心,Commerce Core,th
贸易大亨,Trade Sector,th
贾克斯,Jax,th
赏金战士,Prizefighter,th
起死回生,Second Wind,th
超前部署,Forward Thinking,th
超新星,N.O.V.A,th
超新星徽章,N.O.V.A. Emblem,th
超级机甲,The Mighty Mech,th
超能機甲,The Mighty Mech,th
超越のタリスマン,Talisman Of Ascension,th
跳樓大拍賣,Firesale,th
輝く悪党,Radiant Rascal,th
转不停,Rolling for Days,th
轻量魔法投掷,Slightly Magic Roll,th
轻魔重骰,Slightly Magic Roll,th
这次战败也在计算之中,Calculated Loss,th
远古霸者,Primordian,th
远古霸者徽章,Primordian Emblem,th
远征,Expedition,th
远见卓识,Forward Thinking,th
连指手套,Mittens,th
迷你小英雄,Tiniest Titan,th
迷你黑洞,Mini Black Hole,th
迷离风衣,Suspicious Trench Coat,th
适应性头盔,Adaptive Helm,th
适性神盔,Adaptive Helm,th
逆命,Twisted Fate,th
逆袭之路,Comeback Story,th
逆転劇,Comeback Story,th
逆轉佳話,Comeback Story,th
选择特性,เลือกคุณสมบัติ,th
选择羁绊,เลือกคุณสมบัติ,th
這次戰敗也在計算之中,Calculated Loss,th
連続魔法,Continuous Conjuration,th
連續施法,Continuous Conjuration,th
進階貸款,Advanced Loan,th
道を切り拓け,Carve a Path,th
道具惊喜包,Item Grab Bag,th
道具組合包I,Item Grab Bag,th
遠古霸者,Primordian,th
遠古霸者徽章,Primordian Emblem,th
遠征,Expedition,th
遥遥领先,Going Long,th
適性神盔,Adaptive Helm,th
選擇特性,เลือกคุณสมบัติ,th
避險基金,Hedge Fund,th
邦！,Bonk!,th
邪悪な収益化,Malicious Monetization,th
部分飞升,Partial Ascension,th
鄂尔,Ornn,th
鄂爾,Ornn,th
重启任务,Restart Mission,th
重整装置,Recombobulator,th
重整裝置,Recombobulator,th
重新開始任務,Restart Mission,th
重枪女武神,Gun Goddess,th
重槍女武神,Gun Goddess,th
重装战士,Vanguard,th
重装战士纹章,Vanguard Emblem,th
重锤之志,Mace's Will,th
量身訂做,Exclusive Customization,th
金に飢えし者,Money Hungry,th
金のタマゴ,The Golden Egg,th
金のモンスーン,Money Monsoon,th
金ピカの鋼,Gilded Steel,th
金克丝,Jinx,th
金湯匙,Silver Spoon,th
金蛋,The Golden Egg,th
金铲铲,Spatula,th
金铲铲冠冕,Tactician's Crown,th
金锅铲冠冕,Tactician's Cape,th
金锅锅,Frying Pan,th
金锅锅冠冕,Tactician's Shield,th
金霖龙,The Golden Dragon,th
金鳞精粹,Shimmerscale Essence,th
金龙降世,The Golden Dragon,th
鈍化,Dummify,th
銀の匙,Silver Spoon,th
銀河獵手,Galaxy Hunter,th
銀織黎明,Silvermere Dawn,th
銃装機神,Gun Goddess,th
銅級之命II,Bronze For Life,th
鋼の心,Heart of Steel,th
鋼鐵素材,Iron Assets,th
錫柯的悲鳴號角,Zeke's Bleak Herald,th
錫柯的號角,Zeke's Herald,th
鍋鏟,Spatula,th
鎖子甲,Chain Vest,th
鏡像のペルソナ,Mirrored Persona,th
鏡像人格,Mirrored Persona,th
鏡爪,Kindred,th
鑄造朋友,Forge a Friend,th
钢铁之心,Heart of Steel,th
钢铁烈阳之匣,Locket of the Iron Solari,th
钢铁资产,Iron Assets,th
银汤匙,Silver Spoon,th
银河猎手,Galaxy Hunter,th
银织黎明,Silvermere Dawn,th
铸剑工匠,Swordsmith,th
锁子甲,Chain Vest,th
锁敌光学设备,Target-Lock Optics,th
锅铲,Spatula,th
锅铲厨房,Tactician's Kitchen,th
锐雯,Riven,th
锡柯的号角,Zeke's Herald,th
锡柯的悲鸣号角,Zeke's Bleak Herald,th
锤石的恩赐,Thresh's Boon,th
锤石的灯笼,Thresh's Lantern,th
锻造一个朋友,Forge a Friend,th
锻造挚友,Forge a Friend,th
镀金钢铁,Gilded Steel,th
镜像人格面具,Mirrored Persona,th
镜影化身,Mirrored Persona,th
镜爪,Kindred,th
長久之計,Going Long,th
閃刃,Flickerblades,th
開局新手包,Build a Bud,th
闇の女帝,Dark Lady,th
闇翼魔女,Dark Lady,th
關,Gwen,th
防禦高塔,The Tower,th
阿卡丽,Akali,th
阿卡莉,Akali,th
阿狸的光环,Ahri's Aura,th
阿狸的恩赐,Ahri's Boon,th
阿璃的增益,Ahri's Boon,th
阿璃的灵气,Ahri's Aura,th
阿璃的祝福,Ahri's Boon,th
阿璃的靈氣,Ahri's Aura,th
阿福大礼包,Urf's Grab Bag,th
阿福大禮包,Urf's Grab Bag,th
阿福奇兵,Urf's Gambit,th
阿福式开局,Urf's Gambit,th
阿福快打,U.R.F,th
阿福的百宝袋,Urf's Grab Bag,th
阿福驾到,U.R.F,th
阿萝拉,Aurora,th
降靈師,Conduit,th
降靈師模式,Conduit Mode,th
限定カスタマイズ,Exclusive Customization,th
陣容,Lineup,th
集中火力,Focused Fire,th
集中砲火,Focused Fire,th
集体拥抱I,Group Hug,th
集结战队,Teaming Up,th
雇佣杀手,Contract Killer,th
雙排,Duo Queue,th
雙生守衛,Twin Guardians,th
離子星火,Ionic Spark,th
雷克塞,Rek'Sai,th
雷欧娜,Leona,th
雷歐娜,Leona,th
雷玟,Riven,th
雷珂煞,Rek'Sai,th
電光反擊,Electrocharge,th
電荷轉移,Charge Transfer,th
霞,Xayah,th
露璐,Lulu,th
霸天机甲,Mecha,th
靈活變通,Flexible,th
靈能使,Psionic,th
靈能使徽章,Psionic Emblem,th
靈魂救贖,Spirit of Redemption,th
静止法衣,Shroud of Stillness,th
非凡冒險,An Exalted Adventure,th
韦鲁斯的恩赐,Varus's Boon,th
韦鲁斯的执念,Varus's Obsession,th
頂裝,Max Build,th
預料中的意外,Expected Unexpectedness,th
願四之力與你同在,May the Fours Be With You,th
顶尖构筑,Max Build,th
顽强不屈,The Indomitable,th
飙速木灵,Termeepnal Velocity,th
飛斯,Fizz,th
飛昇,Ascension,th
飞升,Ascension,th
飞升护符,Talisman Of Ascension,th
飞斯,Fizz,th
饮血剑,Bloodthirster,th
騎士の誓い,Knight's Vow,th
騎士誓願,Knight's Vow,th
骑士之誓,Knight's Vow,th
骑士誓愿,Knight's Vow,th
高压电,High Voltage,th
高压电流,High Voltage,th
高塔,The Tower,th
高级贷款,Advanced Loan,th
高速ダブルキル,Speedy Double Kill,th
高電圧,High Voltage,th
高電壓,High Voltage,th
高風險高報酬,Risky Moves,th
鬼使弯刀,Spectral Cutlass,th
鬼使彎刀,Spectral Cutlass,th
鬼索的狂暴之刃,Guinsoo's Rageblade,th
魂力覺醒,Soul Awakening,th
魔像,Golem,th
魔力編織,Woven Magic,th
魔斗凯萨,Mordekaiser,th
魔术师,Replicator,th
魔术师模式,Replicator Mode,th
魔杖湧流,Wand Overflow,th
魔棒过载,Wand Overflow,th
魔法のダイス,A Magic Roll,th
魔法投掷,A Magic Roll,th
魔法擲骰,A Magic Roll,th
魔法骰子,A Magic Roll,th
魔甘娜,Morgana,th
魔鬥凱薩,Mordekaiser,th
鱼骨头,Fishbones,th
鲜血祭品,Blood Offering,th
鴻運當頭,Feeling Lucky,th
鴻運當頭,On a Roll,th
麗珊卓,Lissandra,th
黃昏聖盾,Aegis of Dusk,th
黃金巨龍,The Golden Dragon,th
黃金蛋,The Golden Egg,th
黃金豪賭,Golden Gamble,th
黄昏圣盾,Aegis of Dusk,th
黄金の博打,Golden Gamble,th
黄金の龍,The Golden Dragon,th
黄金蛋,The Golden Egg,th
黄金豪赌,Golden Gamble,th
黄金赌约,Golden Gamble,th
黎明之盾,Aegis of Dawn,th
黎明圣盾,Aegis of Dawn,th
黎明核心,Dawncore,th
黎明聖盾,Aegis of Dawn,th
黑暗吸血鬼节杖,Corrupt Vampiric Scepter,th
黑暗魔女,Dark Lady,th
黑铁资产,Iron Assets,th
黑魔禁书,Morellonomicon,th
黑魔禁書,Morellonomicon,th
黛安娜,Diana,th
龍之爪,Dragon's Claw,th
龙之爪,Dragon's Claw,th
가고일 돌갑옷,Gargoyle Stoneplate,th
가지 뻗기,Branching Out,th
간이 대장간,Living Forge,th
강철의 솔라리 펜던트,Locket of the Iron Solari,th
강철의 심장,Heart of Steel,th
거대 메크 로봇,The Mighty Mech,th
거대하고 강력한,Giant and Mighty,th
거대한 히드라,Titanic Hydra,th
거래 중심지,Commerce Core,th
거울의 환영,Mirrored Persona,th
거인 학살자,Giant Slayer,th
거인의 결의,Titan's Resolve,th
거인의 허리띠,Giant's Belt,th
검 제작자,Swordsmith,th
경품 추첨,Golden Gamble,th
경호대 훈련,Bodyguard Training,th
계산된 패배,Calculated Loss,th
고귀한 모험,An Exalted Adventure,th
고독한 방패,Solo Plate,th
고속 연사포,Rapid Firecannon,th
고위천사의 지팡이,Seraphim's Staff,th
고전압,Electrocharge,th
고전압,High Voltage,th
고철 수집가의 은총,Boon of the Scrapper,th
곡궁,Recurve Bow,th
골렘,Golem,th
공감 임플란트,Sympathetic Implant,th
공허 건틀릿,Void Gauntlet,th
공허의 지팡이,Void Staff,th
교환의 장,Trade Sector,th
구독 서비스,Subscription Service,th
구원의 영혼,Spirit of Redemption,th
구원자,Redeemer,th
구인수의 격노검,Guinsoo's Rageblade,th
굳건한 심장,Steadfast Heart,th
권투 교습,Boxing Lessons,th
그냥 눌러,Just Hit,th
그라가스,Gragas,th
그레이브즈,Graves,th
그림자 꼭두각시,Shadow Puppet,th
그웬,Gwen,th
극대화 빌드,Max Build,th
극진한 헌신,Hard Commit,th
금지된 우상,Forbidden Idol,th
급매,Firesale,th
기다림의 미학,Worth the Wait,th
기동총격여신,Gun Goddess,th
기사의 맹세,Knight's Vow,th
길을 내라,Carve a Path,th
길잡이,Shepherd,th
길잡이 상징,Shepherd Emblem,th
꼬꼬마 거인,Tiniest Titan,th
꼬마 거인,Tiny Titans,th
꼬마 정령,Meepsie,th
꽁!,Bonk!,th
끈끈한 우정,Team Building,th
끈질긴 연구,Patient Study,th
끝없는 절망,Unending Despair,th
나 혼자 레벨업,Solo Leveling,th
나르,Gnar,th
나미,Nami,th
나서스,Nasus,th
남작의 소굴,Baron's Lair,th
내셔의 이빨,Nashor's Tooth,th
넘치는 대검,Sword Overflow,th
넘치는 지팡이,Wand Overflow,th
넘치는 허리띠,Belt Overflow,th
누누와 윌럼프,Nunu & Willump,th
다 쓸 데가 있다니까,Good For Something,th
다이애나,Diana,th
단결된 의지,Stand United,th
단일 조합 사수,NO SCOUT NO PIVOT,th
단짝,Best Friends,th
단체 포옹,Group Hug,th
달콤한 간식,Sweet Treats,th
대격변 생성기,Recombobulator,th
대장군의 명예,Warlord's Honor,th
대천사의 지팡이,Archangel's Staff,th
대출 선지급,Advanced Loan,th
더욱 치명적인 모자,Deadlier Caps,th
덤불 조끼,Bramble Vest,th
도금 강철,Gilded Steel,th
도둑 무리,Band of Thieves,th
도둑 무리 II,Band of Thieves II,th
도적의 장갑,Thief's Gloves,th
도전자,Challenger,th
도전자 모드,Challenger Mode,th
도전자 상징,Challenger Emblem,th
돈 폭풍,Money Monsoon,th
돈독,Money Hungry,th
동료 제작,Construct a Companion,th
동물특공대,Anima,th
동물특공대 상징,Anima Emblem,th
동물특공대 지휘관,Anima Commander,th
뒤집개,Spatula,th
드론 업링크,Drone Uplink,th
땔감 제공,Feed the Flames,th
라바돈의 죽음모자,Rabadon's Deathcap,th
라아스트,Rhaast,th
라이트실드 문장,Lightshield Crest,th
람머스,Rammus,th
레벨 업!,Level Up!,th
레오나,Leona,th
렉사이,Rek'Sai,th
루덴의 폭풍,Luden's Tempest,th
룰루,Lulu,th
르블랑,LeBlanc,th
리븐,Riven,th
리산드라,Lissandra,th
리치베인,Lich Bane,th
마법 주사위,A Magic Roll,th
마법공학 총검,Hextech Gunblade,th
마법사의 최후,Wit's End,th
마스터 이,Master Yi,th
마오카이,Maokai,th
말살자,Eradicator,th
맑은 정신,Clear Mind,th
망령 해적검,Spectral Cutlass,th
메카,Mecha,th
명멸검,Flickerblades,th
모데카이저,Mordekaiser,th
모렐로노미콘,Morellonomicon,th
모르가나,Morgana,th
무차별적 살인자,Indiscriminate Killer,th
무한의 대검,Infinity Edge,th
무한한 보호,Infinity Protection,th
미래 지향적 사고,Forward Thinking,th
미스 포츈,Miss Fortune,th
밀리오,Milio,th
바드,Bard,th
바루스의 은총,Varus's Boon,th
바루스의 집착,Varus's Obsession,th
반도체,Semiconductor,th
반항아,Misfits,th
밤의 끝자락,Edge of Night,th
방한 장갑,Mittens,th
베이가,Veigar,th
벡스,Vex,th
벨베스,Bel'Veth,th
별돌보미,Stargazer,th
별돌보미 상징,Stargazer Emblem,th
별빛 연계,Stellar Combo,th
보루,Bulwark,th
보물 사냥,Treasure Hunt,th
보석 건틀릿,Jeweled Gauntlet,th
보석 연꽃,Jeweled Lotus,th
복제,Replication,th
복제자,Replicator,th
복제자 모드,Replicator Mode,th
부스터 팩,Booster Pack,th
부식,Corrosion,th
부작용,Side Effects,th
부활의 은총,Boon of Resurrection,th
불굴,The Indomitable,th
불완전한 초월,Partial Ascension,th
불한당,Rogue,th
불한당 상징,Rogue Emblem,th
붉고 푸른 효과,"One Buff, Two Buff",th
붉은 덩굴정령,Red Buff,th
브라이어,Briar,th
블리츠크랭크,Blitzcrank,th
빅뱅,The Big Bang,th
빅토르,Viktor,th
빛비늘 정수,Shimmerscale Essence,th
뻗어가는 뿌리,Spreading Roots,th
뽀삐,Poppy,th
사미라,Samira,th
사이버네틱 이식술,Cybernetic Implants,th
사이버네틱 통신,Cybernetic Uplink,th
삼인방,Trifecta,th
새로고침의 날,Rolling for Days,th
새로운 시대,Epoch,th
새벽심장,Dawncore,th
새벽의 방패,Aegis of Dawn,th
생선대가리,Fishbones,th
생일 모임,Birthday Reunion,th
생일 선물,Birthday Present,th
생존자,Survivor,th
서사적 새로고침,Epic Rolldown,th
서열 상승,Climb The Ladder,th
서풍,Zephyr,th
선물 꾸러미,Care Package,th
선봉대,Vanguard,th
선봉대 상징,Vanguard Emblem,th
성취,Win Out,th
소나,Sona,th
소라카의 기적,Soraka's Miracle,th
소라카의 은총,Soraka's Boon,th
소형 블랙홀,Mini Black Hole,th
쇠사슬 조끼,Chain Vest,th
쇼진의 창,Spear of Shojin,th
수상한 외투,Suspicious Trench Coat,th
수완가,Hustler,th
수은,Quicksilver,th
수호자의 맹세,Protector's Vow,th
수호자의 친구,Caretaker's Ally,th
순교자의 미덕,Virtue of the Martyr,th
쉔,Shen,th
스태틱의 단검,Statikk Shiv,th
스테락의 도전,Sterak's Gage,th
슬쩍하기,Pilfer,th
습격자,Marauder,th
습격자 상징,Marauder Emblem,th
승승장구,On a Roll,th
승천의 부적,Talisman Of Ascension,th
시간 균열자,Timebreaker,th
시간 균열자 상징,Timebreaker Emblem,th
시계태엽 윤활유,Clockwork Accelerator,th
시동 걸기,Kick Start,th
신병,New Recruit,th
신성 결투가,Divine Duelist,th
신성한 대장간,Apotheotic Forge,th
신의 축복,God-Blessed,th
신중한 제작,Latent Forge,th
실컷 울어봐라,Cry Me A River,th
싸움꾼,Brawler,th
싸움꾼 상징,Brawler Emblem,th
쌍두마차,Two Tanky,th
쌍둥이 수호자,Twin Guardians,th
쓰레쉬의 랜턴,Thresh's Lantern,th
쓰레쉬의 은총,Thresh's Boon,th
쓸데없이 큰 지팡이,Needlessly Large Rod,th
아리의 오라,Ahri's Aura,th
아리의 은총,Ahri's Boon,th
아우렐리온 솔,Aurelion Sol,th
아우렐리온 솔의 은총,Aurelion Sol's Boon,th
아이템 꾸러미,Item Grab Bag,th
아칼리,Akali,th
아케인 빅토르이!,Arcane Viktor-y,th
아트록스,Aatrox,th
악성코드 매트릭스,Malware Matrix,th
악의적 수익 창출,Malicious Monetization,th
암흑의 별,Dark Star,th
암흑의 별 상징,Dark Star Emblem,th
야스오의 검술,Yasuo's Bladework,th
야스오의 스포트라이트 공유,Yasuo's Share The Spotlight,th
야스오의 은총,Yasuo's Boon,th
야스오의 황금 칸,Yasuo's Golden Hex,th
약간 신비한 주사위,Slightly Magic Roll,th
어둠의 여인,Dark Lady,th
어수선한 마음,Cluttered Mind,th
얽힌 마법,Woven Magic,th
엄청나게 이로운 효과!,Tons of Stats!,th
에너지 파동,Kahunahuna,th
에코의 은총,Ekko's Boon,th
에코의 인내,Ekko's Patience,th
여신의 눈물,Tear of the Goddess,th
여행자,Voyager,th
여행자 상징,Voyager Emblem,th
역병의 보석,Blighting Jewel,th
역전의 서막,Comeback Story,th
연결 불가,Missed Connections,th
연속 주문 사용,Continuous Conjuration,th
연습용 장갑,Sparring Gloves,th
영웅 꾸러미,Heroic Grab Bag,th
영원한 브론즈,Bronze For Life,th
영원한 서약,Eternal Pact,th
영혼 각성,Soul Awakening,th
예금 계좌,Savings Account,th
예비 활,Backup Bows,th
예상된 예상 밖의 결과,Expected Unexpectedness,th
예언자,Oracle,th
오라 축적,Aura Farming,th
오로라,Aurora,th
오른,Ornn,th
왕관의 무게,Heavy Is the Crown,th
요새,Bastion,th
요새 상징,Bastion Emblem,th
용의 발톱,Dragon's Claw,th
우르곳,Urgot,th
우르프의 갬빗,Urf's Gambit,th
우르프의 꾸러미,Urf's Grab Bag,th
우주 그루브,Space Groove,th
우주 그루브 상징,Space Groove Emblem,th
우주적 재시작,Cosmic Restart,th
운명술사,Fateweaver,th
워모그의 갑옷,Warmog's Armor,th
위험한 행보,Risky Moves,th
유기물 보존기,Biomatter Preserver,th
유리 대포,Glass Cannon,th
유연함,Flexible,th
유용한 금속,Iron Assets,th
은빛 여명,Silvermere Dawn,th
은수저,Silver Spoon,th
은하계 사냥꾼,Galaxy Hunter,th
음전자 망토,Negatron Cloak,th
응당한 대가,At What Cost,th
응징,Retribution,th
이블린의 본능,Evelynn's Instinct,th
이블린의 은총,Evelynn's Boon,th
이온 충격기,Ionic Spark,th
이즈리얼,Ezreal,th
인지 과부하,Cognitive Overload,th
인지세,Cognitive Tax,th
일라오이,Illaoi,th
일상물,Slice of Life,th
임무 재시작,Restart Mission,th
임시변통 방어구,Makeshift Armor,th
자객의 발톱,Prowler's Claw,th
자리 비움,AFK,th
자야,Xayah,th
작은 꾸러미,Small Grab Bag,th
작은 친구들,Little Buddies,th
작지만 치명적인,"Tiny, but Deadly",th
장기 투자,Going Long,th
재빠른 더블 킬,Speedy Double Kill,th
재빠른 무장,Slammin',th
재생의 바람,Second Wind,th
재활용 쓰레기통,Salvage Bin,th
잭스,Jax,th
저 별을 향해,Reach for the Stars,th
저격수,Sniper,th
저격수 상징,Sniper Emblem,th
저녁갑주,Evenshroud,th
저주받은 왕관,Cursed Crown,th
저주받은 칼날,Cursed Blade,th
적응형 투구,Adaptive Helm,th
전달자,Conduit,th
전달자 모드,Conduit Mode,th
전략가의 망토,Tactician's Cape,th
전략가의 방패,Tactician's Shield,th
전략가의 왕관,Tactician's Crown,th
전략가의 주방,Tactician's Kitchen,th
전방의 토대,Frontline Foundation,th
전하 이동,Charge Transfer,th
점심값,Lunch Money,th
정교한 공예,Crafted Crafting,th
정렬,Lineup,th
정령단 속도,Termeepnal Velocity,th
정령의 형상,Spirit Visage,th
정령족,Meeple,th
정령족 상징,Meeple Emblem,th
정의의 손길,Hand Of Justice,th
제드,Zed,th
조기 교육,Early Learnings,th
조이,Zoe,th
조합 아이템 강탈,Component Heist,th
주인공 버프,Plot Armor,th
죽음의 검,Deathblade,th
중심 잡기,Find Your Center,th
중재자,Arbiter,th
중재자 상징,Arbiter Emblem,th
즈롯 차원문,Zz'Rot Portal,th
증강된 힘,Augmented Power,th
지옥불 손도끼,Hellfire Hatchet,th
지크의 음산한 전령,Zeke's Bleak Herald,th
지크의 전령,Zeke's Herald,th
지팡이 제작자,Staffsmith,th
지평선의 초점,Horizon Focus,th
지휘관,Commander,th
진,Jhin,th
진형 유지,Hold the Line,th
징크스,Jinx,th
찬란한 장난꾸러기,Radiant Rascal,th
참는 자에게 복을,Patience is a Virtue,th
철퇴의 의지,Mace's Will,th
청부 살인마,Contract Killer,th
초가스,Cho'Gath,th
초능력,Psionic,th
초능력 상징,Psionic Emblem,th
초월,Ascension,th
최신상,Factory New,th
최적화,Min-Max,th
최후의 속삭임,Last Whisper,th
추방자,Exiles,th
추적자의 팔목 보호대,Seeker's Armguard,th
출세가도,Upward Mobility,th
출정,Warpath,th
충돌 시험용 봇,Crash Test Dummies,th
치명적 성공,Critical Success,th
치명적인 칼날,Deadlier Blades,th
친구 만들기,Build a Bud,th
친구 만들기,Forge a Friend,th
침략자 제드,Invader Zed,th
침묵의 장막,Shroud of Stillness,th
카르마,Karma,th
카이사,Kai'Sa,th
카파 주스,Cappa Juice,th
케이틀린,Caitlyn,th
케일의 승천,Kayle's Exaltation,th
케일의 은총,Kayle's Boon,th
케일의 찬란한 승천,Kayle's Radiant Exaltation,th
코르키,Corki,th
크기의 중요성,Size Matters,th
크라운가드,Crownguard,th
크라켄의 분노,Kraken's Fury,th
큰 꾸러미,Big Grab Bag,th
킨드레드,Kindred,th
타격대의 철퇴,Striker's Flail,th
타락한 흡혈의 낫,Corrupt Vampiric Scepter,th
탈론,Talon,th
탐 켄치,Tahm Kench,th
탐사,Expedition,th
탑,The Tower,th
태고족,Primordian,th
태고족 상징,Primordian Emblem,th
태양불꽃 망토,Sunfire Cape,th
태양불꽃판,Sunfire Board,th
투자,Invested,th
트위스티드 페이트,Twisted Fate,th
특별 맞춤 설정,Exclusive Customization,th
특성 나무,The Trait Tree,th
특성 선택,เลือกคุณสมบัติ,th
특성의 고서,Tome of Traits,th
티모,Teemo,th
파멸자,Doomer,th
파묻힌 보물,Buried Treasures,th
파이크,Pyke,th
파이트 머니,Prizefighter,th
파티광,Party Animal,th
판도라의 대기석,Pandora's Bench,th
판도라의 아이템,Pandora's Items,th
판테온,Pantheon,th
폭발적인 성장,Explosive Growth,th
표적 고정 광학 장치,Target-Lock Optics,th
푸른 파수꾼,Blue Buff,th
프라이팬,Frying Pan,th
프리즘 티켓,Prismatic Ticket,th
피바라기,Bloodthirster,th
피오라,Fiora,th
피의 공물,Blood Offering,th
피의 대가,Blood Price,th
피즈,Fizz,th
하급 거울의 환영,Lesser Mirrored Persona,th
"하나, 둘, 다섯!","One, Two, Five!",th
"하나, 둘, 셋",One Two Three,th
하나로 뭉치는 거지,We Stick Together,th
해진 유물,Withered Relic,th
행운의 기운,Feeling Lucky,th
행운의 장갑,Lucky Gloves,th
헤지 펀드,Hedge Fund,th
현명한 소비,Wise Spending,th
협곡 바위 게,Rift Scuttler,th
협력,Teaming Up,th
호화로운 정기 구독,Luxury Subscription,th
혼돈의 부름,Call to Chaos,th
화력 집중,Focused Fire,th
활력증진의 펜던트,Innervating Locket,th
활의 수호자,You Have My Bow,th
황금 드래곤,The Golden Dragon,th
황금 알,The Golden Egg,th
황혼의 방패,Aegis of Dusk,th
회복의 구,Healing Orbs,th
회복의 메아리,Mending Echoes,th
후반 성장,Late Game Scaling,th
후반 전문가,Late Game Specialist,th
후방 설계도,Backline Blueprint,th
훈련 봇,Training Dummy,th
훈련 봇 변환,Dummify,th
휴대용 대장간,Portable Forge,th
흐르는 눈물,Flowing Tears,th
흡혈의 활력,Vampiric Vitality,th
흥청망청,Shopping Spree,th
힘을 실은 제련,Forged in Strength,th
힘의 성배,Chalice of Power,th
羊刀,Guinsoo's Rageblade,th
帽子,Rabadon's Deathcap,th
大帽,Rabadon's Deathcap,th
法帽,Rabadon's Deathcap,th
青龙刀,Spear of Shojin,th
龙刀,Spear of Shojin,th
蓝buff,Blue Buff,th
大天使,Archangel's Staff,th
AA,Archangel's Staff,th
珠光,Jeweled Gauntlet,th
法爆,Jeweled Gauntlet,th
JG,Jeweled Gauntlet,th
鬼书,Morellonomicon,th
离子,Ionic Spark,th
纳什,Nashor's Tooth,th
科技枪,Hextech Gunblade,th
枪刃,Hextech Gunblade,th
虚空,Void Staff,th
法穿棒,Void Staff,th
无尽,Infinity Edge,th
IE,Infinity Edge,th
死刃,Deathblade,th
杀人剑,Deathblade,th
DB,Deathblade,th
巨杀,Giant Slayer,th
GS,Giant Slayer,th
轻语,Last Whisper,th
LW,Last Whisper,th
海妖,Kraken's Fury,th
泰坦,Titan's Resolve,th
幽梦,Youmuu's Ghostblade,th
QSS,Quicksilver,th
血手,Sterak's Gage,th
饮血,Bloodthirster,th
BT,Bloodthirster,th
反甲,Bramble Vest,th
龙爪,Dragon's Claw,th
DC,Dragon's Claw,th
石像鬼,Gargoyle Stoneplate,th
狂徒,Warmog's Armor,th
夜锋,Edge of Night,th
EON,Edge of Night,th
日炎,Sunfire Cape,th
适应,Adaptive Helm,th
坚定,Steadfast Heart,th
心之刚,Steadfast Heart,th
斯特拉克,Sterak's Gage,th
偷偷,Thief's Gloves,th
圣盾,Protector's Vow,th
誓约,Protector's Vow,th
冰甲,Protector's Vow,th
圣杯,Chalice of Power,th
基克,Zeke's Herald,th
鸟盾,Locket of the Iron Solari,th
正义,Hand Of Justice,th
HOJ,Hand Of Justice,th
法衣,Shroud of Stillness,th
女妖,Banshee's Veil,th
薄暮,Evenshroud,th
骑士,Knight's Vow,th
月石,Moonstone Renewer,th
恶意,Spite,th
嘉文,Jarvan IV,th
J4,Jarvan IV,th
菊花信,Xin Zhao,th
小炮,Tristana,th
卡牌,Twisted Fate,th
牌爹,Twisted Fate,th
TF,Twisted Fate,th
挖掘机,Rek'Sai,th
妖姬,LeBlanc,th
船长,Gangplank,th
GP,Gangplank,th
大卑,Bel'Veth,th
蝙蝠,Bel'Veth,th
女枪,Miss Fortune,th
霸龙,T-Hex,th
霸王龙,T-Hex,th
螃蟹,Rift Scuttler,th
猴子,Wukong,th
稻草人,Fiddlesticks,th
蛤蟆,Tahm Kench,th
狗熊,Volibear,th
龙王,Aurelion Sol,th
小法,Veigar,th
老鼠,Twitch,th
诺手,Darius,th
德玛,Garen,th
大虫子,Cho'Gath,th
灯笼,Thresh,th
大嘴,Kog'Maw,th
狼人,Warwick,th
鳄鱼,Renekton ,th
龙女,Shyvana,th
豹女,Nidalee,th
寒冰,Ashe,th
女警,Caitlyn,th
皮城女警,Caitlyn,th
琴女,Sona,th
机器人,Blitzcrank,th
男爵,Baron Nashor,th
杀手,Slayer,th
大龙,Baron Nashor,th
小菊,Brock,th
流浪,Ryze,th
偷男,Sylas,th
甘雨,Kindred,th
劲夫,Sett,th
棺材板,Xerath ,th
剑魔,Aatrox,th
乌鸦,Swain,th
光女,Lux,th
酸辣粉,Seraphine,th
宝石,Taric,th
德子,Draven,th
冰女,Lissandra,th
电耗子,Kennen,th
猪女,Sejuani,th
猪妹,Sejuani,th
剪刀,Gwen,th
掘墓,Yorick ,th
皎月,Diana,th
蛮王,Tryndamere,th
腰子,Shen,th
赏金,Miss Fortune,th
冰鸟,Anivia,th
爆弹,Ziggs,th
黑妹,Mel,th
熊,Tibbers,th
佛爷,Viego,th
沙皇,Azir,th
日女,Leona,th
女坦,Leona,th
丁真,Milio,th
小法师,Veigar,th
滑板鞋,Kalista,th
火女,Annie,th
狗头,Nasus,th
板甲,Gargoyle Stoneplate,th
赌狗,reroll,th
运营,econ,th
转向,pivot,th
质量,board strength,th
连败,lose streak,th
连胜,win streak,th
速8,fast 8,th
摆烂,open fort,th
卖血,sack,th
慢D,slow roll,th
大转型,hard pivot,th
小调整,soft pivot,th
海克斯,augment,th
运气好,highroll,th
运气差,lowroll,th
棱彩强化,prismatic augment,th
铲爷,mobile player,th
