source,target,tgt_lng
1个霸符，2个霸符,"Una Mejora, Dos Mejoras",es-AR
2 Vàng Là Nhất,Demasiado Valor,es-AR
2体のタンク,Doble Tanque,es-AR
2만한 가치,Demasiado Valor,es-AR
2인조,Cola Dúo,es-AR
3の軍団,Legión de Tres,es-AR
3단계 군단,Legión de Tres,es-AR
4가 함께하길,Que los Cuatros te Acompañen,es-AR
4후지원,Cuatro Refuerzos,es-AR
8级D干的传说,Rerroleo Épico,es-AR
A Hajnal égisze,Égida del Amanecer,es-AR
A Magic Roll,Tirada Mágica,es-AR
A Masszív mecha,El Mega Mecha,es-AR
A Nagy Bumm,El Big Bang,es-AR
A Que Custo,A qué precio,es-AR
A Torre,La Torre,es-AR
A União Faz a Força,No nos Separamos,es-AR
A buzogány akarata,Voluntad del Mazo,es-AR
A felemelkedés talizmánja,Talismán de Ascensión,es-AR
A feltámadás áldása,Bendición de Resurrección,es-AR
A frontvonal alapjai,Cimientos de Línea Frontal,es-AR
A gondviselő barátja,Alianza del Guardián,es-AR
A gyűjtögető adománya,Bendición del Chatarrero,es-AR
A hatalom kelyhe,Cáliz de Poder,es-AR
A járatlan út,Ramificación,es-AR
A kraken haragja,Furia del Kraken,es-AR
A káosz hívása,Llamado al Caos,es-AR
A legapróbb titán,Pequeño Titán,es-AR
A megváltás szelleme,Espíritu de Redención,es-AR
A mozdulatlanság leple,Manto de Quietud,es-AR
A méret a lényeg,El Tamaño Importa,es-AR
A nagy pofon,Kahunahuna,es-AR
A négyek ereje,Que los Cuatros te Acompañen,es-AR
A por el bote,Boxeador Profesional,es-AR
A por la victoria,A Remontar,es-AR
A portyázó karma,Garra del Merodeador,es-AR
A prueba de choques,Muñecos de Prueba para Choques,es-AR
A quale prezzo,A qué precio,es-AR
A rettenthetetlen,El Indomable,es-AR
A taktikus koronája,Corona de Estratega,es-AR
A titán elszántsága,Valor del Titán,es-AR
A torony,La Torre,es-AR
A végjáték szakértője,Especialista en el juego tardío,es-AR
A vízköpő sziklavértje,Armadura Pétrea,es-AR
AFK,Inactividad,es-AR
Aatrox,Aatrox,es-AR
Abbonamento di lusso,Suscripción de Lujo,es-AR
Abbraccio di gruppo,Abrazo Grupal,es-AR
Abendschleier,Manto del Ocaso,es-AR
Abo-Service,Servicio de Suscripción,es-AR
Abonament,Servicio de Suscripción,es-AR
Abonament de lux,Suscripción de Lujo,es-AR
Abondance de baguettes,Sobrecarga de Varas,es-AR
Abondance de ceintures,Cinturón XL,es-AR
Abondance de glaives,Espada Desmedida,es-AR
Abonelik Hizmeti,Servicio de Suscripción,es-AR
Abonnement,Servicio de Suscripción,es-AR
Abonnement premium,Suscripción de Lujo,es-AR
Abra o Caminho,Ábrete Camino,es-AR
Abrazo Grupal,Abrazo Grupal,es-AR
Abrazo grupal,Abrazo Grupal,es-AR
Abraço Coletivo,Abrazo Grupal,es-AR
Absurdalnie Wielka Różdżka,Vara Innecesariamente Grande,es-AR
Abwesend,Inactividad,es-AR
Accelerator mecanic,Acelerador Mecánico,es-AR
Acceleratore meccanico,Acelerador Mecánico,es-AR
Accetta infernale,Hacha de Fuego Infernal,es-AR
Acciaio brillante,Acero Dorado,es-AR
Accélérateur mécanique,Acelerador Mecánico,es-AR
Acelerador Mecanizado,Acelerador Mecánico,es-AR
Acelerador de relojería,Acelerador Mecánico,es-AR
Acero dorado,Acero Dorado,es-AR
Achat 3 étoiles,Construye tu Compi,es-AR
Acier doré,Acero Dorado,es-AR
Actualiza sin parar,Actualiza sin parar,es-AR
Acélszív,Corazón de Acero,es-AR
Adagas Oscilantes,Cuchillas Raudas,es-AR
Adaletin Eli,Mano de la Justicia,es-AR
Adaletin Yumruğu,Retribución,es-AR
Adaptive Helm,Yelmo Adaptable,es-AR
Adaptiver Helm,Yelmo Adaptable,es-AR
Adaptív sisak,Yelmo Adaptable,es-AR
Addestramento da Guardia del corpo,Entrenamiento de Guardaespaldas,es-AR
Adiestramiento de guardaespaldas,Entrenamiento de Guardaespaldas,es-AR
Advanced Loan,Préstamo Anticipado,es-AR
Aegis of Dawn,Égida del Amanecer,es-AR
Aegis of Dusk,Égida del Ocaso,es-AR
Agujero negro en miniatura,Miniagujero Negro,es-AR
Ahri aurája,Aura de Ahri,es-AR
Ahri áldása,Bendición de Ahri,es-AR
Ahri'nin Haresi,Aura de Ahri,es-AR
Ahri'nin Lütfu,Bendición de Ahri,es-AR
Ahri's Aura,Aura de Ahri,es-AR
Ahri's Boon,Bendición de Ahri,es-AR
Ahris Aura,Aura de Ahri,es-AR
Ahris Segen,Bendición de Ahri,es-AR
Ahřin dar,Bendición de Ahri,es-AR
Ahřina aura,Aura de Ahri,es-AR
Ajándékcsomag,Paquete de Cuidados,es-AR
Akali,Akali,es-AR
Akan Gözyaşları,Corriente de Lágrimas,es-AR
Akcelerator Nakręcanego,Acelerador Mecánico,es-AR
Aklın Sonu,Al Filo de la Cordura,es-AR
Aktualisierungstaumel,Actualiza sin parar,es-AR
Akıllı Harcama,Saber Gastar,es-AR
Alacakaranlık Kalkanı,Égida del Ocaso,es-AR
Alakzatba,Alineación,es-AR
Alba di Silvermere,Amanecer Plateado,es-AR
Alcance as Estrelas,Apunta a las Estrellas,es-AR
Alege caracteristica,Elige el rasgo,es-AR
Alevleri Körükle,Alimenta las Llamas,es-AR
Alfanje Espectral,Sable Espectral,es-AR
Aliado do Protetor,Alianza del Guardián,es-AR
Alianza del protector,Alianza del Guardián,es-AR
Aliatul îngrijitorului,Alianza del Guardián,es-AR
Alimentad las llamas,Alimenta las Llamas,es-AR
Alimentare le fiamme,Alimenta las Llamas,es-AR
Alimente as Chamas,Alimenta las Llamas,es-AR
Aliniere,Alineación,es-AR
Alkatrészes zsák,Bolsa de Objetos,es-AR
Alleato del custode,Alianza del Guardián,es-AR
Allumer le feu,Alimenta las Llamas,es-AR
Alma da Festa,Fiera Fiestera,es-AR
Alta Voltagem,Alto Voltaje,es-AR
Alta tensione,Alto Voltaje,es-AR
Alto voltaje,Alto Voltaje,es-AR
Altın Ejder,El Dragón Dorado,es-AR
Altın Riski,Apuesta Dorada,es-AR
Altın Yumurta,El Huevo Dorado,es-AR
Alvorada de Pratânia,Amanecer Plateado,es-AR
Aléatoire jacta est,Ramificación,es-AR
Aléatoirement vôtre,Cola Dúo,es-AR
Alışveriş Çılgınlığı,Compras compulsivas,es-AR
Amanecer de Meraplata,Amanecer Plateado,es-AR
Ami sur mesure,Haciendo Amistades,es-AR
Amico dei Mippi,Meeplo,es-AR
Amico fai-da-te,Arma un Amigo,es-AR
Amigos a medida,Arma un Amigo,es-AR
Amiguinhos,Amiguitos,es-AR
Amulet Vyzdvižení,Talismán de Ascensión,es-AR
Amulett der eisernen Solari,Relicario de los Solari de Hierro,es-AR
Amulett des Aufstiegs,Talismán de Ascensión,es-AR
An Exalted Adventure,Una Aventura Eminente,es-AR
Ana Karaktere Bir Şey Olmaz,La trama lo protege,es-AR
Andare per le lunghe,Acumular,es-AR
Angajament solid,Gran Compromiso,es-AR
Ani Büyüme,Crecimiento Explosivo,es-AR
Anima,Animalia,es-AR
Anima Amblemi,Emblema Animalia,es-AR
Anima Commander,Comandante Animalia,es-AR
Anima Emblem,Emblema Animalia,es-AR
Anima Komutanı,Comandante Animalia,es-AR
Anima-Emblem,Emblema Animalia,es-AR
Anima-Kommandant,Comandante Animalia,es-AR
Animale da festa,Fiera Fiestera,es-AR
Antrenamentul gărzii de corp,Entrenamiento de Guardaespaldas,es-AR
Anı Yaşa,De fiesta,es-AR
Apocaliptic,Condenador,es-AR
Aposta em Ouro,Apuesta Dorada,es-AR
Apoteotická kovárna,Forja Apoteósica,es-AR
Apotheotic Forge,Forja Apoteósica,es-AR
Appel du chaos,Llamado al Caos,es-AR
Aprendizados Iniciais,Primeras Lecciones,es-AR
Aprendizaje inicial,Primeras Lecciones,es-AR
Aprire un passaggio,Ábrete Camino,es-AR
Apró cimborák,Amiguitos,es-AR
Apró titánok,Titanes Diminutos,es-AR
Apuesta dorada,Apuesta Dorada,es-AR
Apunta a las estrellas,Apunta a las Estrellas,es-AR
Apărător,Vanguardia,es-AR
Aradığını Bul,Tú Pégales,es-AR
Arakla,Hurto,es-AR
Araldo di Zeke,Heraldo de Zeke,es-AR
Aranyjátszma,Apuesta Dorada,es-AR
Arauto Desolador de Zeke,Heraldo de las Tinieblas de Zeke,es-AR
Arauto de Zeke,Heraldo de Zeke,es-AR
Arbiter,Sentencia,es-AR
Arbiter Emblem,Emblema de Sentencia,es-AR
Arbitro,Sentencia,es-AR
Arbitrzy,Sentencia,es-AR
Arc courbe,Arco Recurvado,es-AR
Arc încovoiat,Arco Recurvado,es-AR
Arcane Vidor Viktor,Viktoria Arcana,es-AR
Arcane Viktor-y,Viktoria Arcana,es-AR
Arcane ビクタリー,Viktoria Arcana,es-AR
Arcane-Viktor-y,Viktoria Arcana,es-AR
Arcaniquement Viktor-ieux,Viktoria Arcana,es-AR
Archandělova hůl,Báculo del Arcángel,es-AR
Archangel's Staff,Báculo del Arcángel,es-AR
Archi da supporto,Arcos de Repuesto,es-AR
Archibugio a ripetizione,Cañón de Fuego Rápido,es-AR
Arco Recurvo,Arco Recurvado,es-AR
Arco curvo,Arco Recurvado,es-AR
Arco ricurvo,Arco Recurvado,es-AR
Arcos Reserva,Arcos de Repuesto,es-AR
Arcos de refuerzo,Arcos de Repuesto,es-AR
Arcs à gogo,Arcos de Repuesto,es-AR
Arcuri de rezervă,Arcos de Repuesto,es-AR
Argento vivo,Capa Mercurial,es-AR
Argint viu,Capa Mercurial,es-AR
Argogranchio,Cangrejo Escurridizo,es-AR
Arka Sıra Savunması,Plano de Línea Trasera,es-AR
Arkangyal pálcája,Báculo del Arcángel,es-AR
Armadura Improvisada,Armadura Improvisada,es-AR
Armadura de trama,La trama lo protege,es-AR
Armadura improvisada,Armadura Improvisada,es-AR
Armaguarda da Caçadora,Guardabrazo del Buscador,es-AR
Armatura di Warmog,Armadura de Warmog,es-AR
Armatura improvvisata,Armadura Improvisada,es-AR
Armschutz des Suchenden,Guardabrazo del Buscador,es-AR
Armura lui Warmog,Armadura de Warmog,es-AR
Armure de Warmog,Armadura de Warmog,es-AR
Armure improvisée,Armadura Improvisada,es-AR
Armure roncière,Vesta Espinosa,es-AR
Armurier,Fabricante de Espadas,es-AR
Armură improvizată,Armadura Improvisada,es-AR
Aronguejo,Cangrejo Escurridizo,es-AR
Arta atacului lui Yasuo,Esgrima de Yasuo,es-AR
Artefacts à la rescousse,Forjado en la Fortaleza,es-AR
Artiglio del drago,Garra de Dragón,es-AR
Artiglio del predatore,Garra del Merodeador,es-AR
Aruncare magică,Tirada Mágica,es-AR
Arındırıcı,Redentor,es-AR
Ascender de Posición,Ascender de Posición,es-AR
Ascension,Ascenso,es-AR
Ascension partielle,Ascensión parcial,es-AR
Ascension sociale,Trepador Social,es-AR
Ascensione,Ascenso,es-AR
Ascensione parziale,Ascensión parcial,es-AR
Ascensiune,Ascenso,es-AR
Ascensiune socială,Trepador Social,es-AR
Ascensión,Ascenso,es-AR
Ascenso social,Trepador Social,es-AR
Ascensão,Ascenso,es-AR
Ascensão Parcial,Ascensión parcial,es-AR
Asesinato doble veloz,Asesinato Doble Veloz,es-AR
Asesino a sueldo,Asesino a Sueldo,es-AR
Aspoň k něčemu,Bueno para Algo,es-AR
Assassinato Indiscriminado,Verdugo Indiscriminado,es-AR
Assinatura de Luxo,Suscripción de Lujo,es-AR
Astral,Astromante,es-AR
Astro-groove,Onda Espacial,es-AR
Astronomo,Astromante,es-AR
At What Cost,A qué precio,es-AR
Atalho à Vitória,A Remontar,es-AR
Atirador de Elite,Francotirador,es-AR
Atributo elegido,Elige el rasgo,es-AR
Attente récompensée,Vale la Pena la Espera,es-AR
Attribut wählen,Elige el rasgo,es-AR
Atualização Épica,Rerroleo Épico,es-AR
Atılgan,Retador,es-AR
Atılgan Amblemi,Emblema de Retadores,es-AR
Atılgan Modu,Modo Retador,es-AR
Au bout du rouleau,Al Filo de la Cordura,es-AR
Aube de Haut-Lac-d'Argent,Amanecer Plateado,es-AR
Auf lange Sicht,Acumular,es-AR
Aufschwung,Segundo Aire,es-AR
Aufstellung,Alineación,es-AR
Aufstieg,Ascenso,es-AR
Auftragsmörder,Asesino a Sueldo,es-AR
Aufwärtsmobilität,Trepador Social,es-AR
Augmented Power,Poder Mejorado,es-AR
Augmentierte Macht,Poder Mejorado,es-AR
Augmentovaná síla,Poder Mejorado,es-AR
Aulas de Boxe,Lecciones de Boxeo,es-AR
Aumento di livello in solitaria,Leveleando en solitario,es-AR
Aumento di livello!,¡Sube de nivel!,es-AR
Aura Ahri,Aura de Ahri,es-AR
Aura Farming,Farmeo Áurico,es-AR
Aura d'Ahri,Aura de Ahri,es-AR
Aura di Ahri,Aura de Ahri,es-AR
Aura lui Ahri,Aura de Ahri,es-AR
Aura-farmen,Farmeo Áurico,es-AR
Aurafarmolás,Farmeo Áurico,es-AR
Aurelion Sol,Aurelion Sol,es-AR
Aurelion Sol áldása,Bendición de Aurelion Sol,es-AR
Aurelion Sol's Boon,Bendición de Aurelion Sol,es-AR
Aurelion Sol'ün Lütfu,Bendición de Aurelion Sol,es-AR
Aurelion Sols Segen,Bendición de Aurelion Sol,es-AR
Aurelion Solův dar,Bendición de Aurelion Sol,es-AR
Auronúcleo,Esfera del Amanecer,es-AR
Aurora,Aurora,es-AR
Avanguardia,Vanguardia,es-AR
Aventura Exaltada,Una Aventura Eminente,es-AR
Avidité,Avaricia,es-AR
Avènement des deux,Demasiado Valor,es-AR
Awans,Trepador Social,es-AR
Awansujesz!,¡Sube de nivel!,es-AR
Az Alkony égisze,Égida del Ocaso,es-AR
Az Oltalmazó esküje,Juramento del Protector,es-AR
Az adottságfa,El Árbol de Rasgos,es-AR
Az adottságok könyve,Tomo de Rasgos,es-AR
Az aranysárkány,El Dragón Dorado,es-AR
Az aranytojás,El Huevo Dorado,es-AR
Az erő itala,Juguito de Gorrito,es-AR
Az igazság ökle,Mano de la Justicia,es-AR
Az iron solarik medálja,Relicario de los Solari de Hierro,es-AR
Az istenek kohója,Forja Apoteósica,es-AR
Az Üresség botja,Báculo del Vacío,es-AR
Az éj kardja,Filo de la Noche,es-AR
Az óriás öve,Cinturón de Gigante,es-AR
Azami Dizilim,Armado máximo,es-AR
Azzardo di Urf,Gambito de Urf,es-AR
Aço Áureo,Acero Dorado,es-AR
Aşırı Büyük Sopa,Vara Innecesariamente Grande,es-AR
B.F. Sword,Espadón,es-AR
B.F. 대검,Espadón,es-AR
B.F.ソード,Espadón,es-AR
"BEZ ZWIADU, BEZ ZMIAN",Terquedad,es-AR
BF Glaive,Espadón,es-AR
BRAK AKTYWNOŚCI,Inactividad,es-AR
Bac de recyclage,Bote de Segunda Mano,es-AR
Backline Blueprint,Plano de Línea Trasera,es-AR
Backup Bows,Arcos de Repuesto,es-AR
Bagarreur,Peleador,es-AR
Baguette trop grosse,Vara Innecesariamente Grande,es-AR
Baguettes à gogo,Conjuros Continuos,es-AR
Bahne dir den Weg,Ábrete Camino,es-AR
Bajkeverő,Peleador,es-AR
Bajkeverő embléma,Emblema de Peleadores,es-AR
Bajkeverők,Inadaptados,es-AR
Bajo el mismo foco de Yasuo,Comparte los Reflectores con Yasuo,es-AR
Baluardo,Baluarte,es-AR
Bam!,¡Pum!,es-AR
Banc de Pandore,Banca de Pandora,es-AR
Banca Pandorei,Banca de Pandora,es-AR
Band of Thieves,Banda de Ladrones,es-AR
Band of Thieves II,Banda de Ladrones II,es-AR
Banda Złodziejaszków,Banda de Ladrones,es-AR
Banda Złodziejaszków II,Banda de Ladrones II,es-AR
Banda de Ladrones II,Banda de Ladrones II,es-AR
Banda di ladri,Banda de Ladrones,es-AR
Banda di ladri II,Banda de Ladrones II,es-AR
Bande de voleurs,Banda de Ladrones,es-AR
Bande de voleurs II,Banda de Ladrones II,es-AR
Bandito,Furtivo,es-AR
Bando de Ladrões,Banda de Ladrones,es-AR
Bando de Ladrões II,Banda de Ladrones II,es-AR
Bandă de tâlhari,Banda de Ladrones,es-AR
Bandă de tâlhari II,Banda de Ladrones II,es-AR
Bani de buzunar,Dinero del almuerzo,es-AR
Banquillo de Pandora,Banca de Pandora,es-AR
Bard,Bardo,es-AR
Baricadă,Baluarte,es-AR
Barkácsolt barkácsolás,Artesanía Creativa,es-AR
Baron verme,Guarida del Barón,es-AR
Baron's Lair,Guarida del Barón,es-AR
Baron'un İni,Guarida del Barón,es-AR
Baronovo doupě,Guarida del Barón,es-AR
Bastion,Bastión,es-AR
Bastion Emblem,Emblema de Bastión,es-AR
Bastion-Emblem,Emblema de Bastión,es-AR
Bastione,Bastión,es-AR
Bastião,Bastión,es-AR
Bastone colossale,Vara Innecesariamente Grande,es-AR
Bastone del Vuoto,Báculo del Vacío,es-AR
Bastão Desnecessariamente Grande,Vara Innecesariamente Grande,es-AR
Bastón del Vacío,Báculo del Vacío,es-AR
Bastón del arcángel,Báculo del Arcángel,es-AR
Bastón del serafín,Báculo del Serafín,es-AR
Baue einen Begleiter,Arma un Amigo,es-AR
Baue einen Begleiter,Construye tu Compi,es-AR
Baza avangardei,Cimientos de Línea Frontal,es-AR
Başmelek Asası,Báculo del Arcángel,es-AR
Bašta,Bastión,es-AR
Becsapódás,De fiesta,es-AR
Beklemeye Değer,Vale la Pena la Espera,es-AR
Beklenen Beklenmezlik,Espera lo Inesperado,es-AR
Bel'Veth,Bel'Veth,es-AR
Belt Overflow,Cinturón XL,es-AR
Ben Tek Siz Hepiniz,Leveleando en solitario,es-AR
Bendición de la chatarra,Bendición del Chatarrero,es-AR
Bendito por los dioses,Bendecido por los Dioses,es-AR
Benedetto dagli dei,Bendecido por los Dioses,es-AR
Benlik Aynası,Persona en Espejo,es-AR
Berechneter Verlust,Pérdida Calculada,es-AR
Berger,Pastor,es-AR
Besace d'Urf,Bolsa de Sorpresas de Urf,es-AR
Besace héroïque,Bolsa de Sorpresas Heroica,es-AR
Best Friends,Mejores Amigos,es-AR
Beste Freunde,Mejores Amigos,es-AR
Bestia fiestera,Fiera Fiestera,es-AR
Betervezett veszteség,Pérdida Calculada,es-AR
Bevásárló körút,Compras compulsivas,es-AR
Bezwzględny Zabójca,Verdugo Indiscriminado,es-AR
Big Bang,El Big Bang,es-AR
Big Grab Bag,Bolsa de Sorpresas grande,es-AR
Biglietto prismatico,Boleto Prismático,es-AR
Bilet prismatic,Boleto Prismático,es-AR
Bileşen Eşya Soygunu,Asalto de Componentes,es-AR
Bilhete Prismático,Boleto Prismático,es-AR
Bilişsel Patlama,Sobrecarga Cognitiva,es-AR
Bilişsel Vergi,Impuesto Cognitivo,es-AR
Billete prismático,Boleto Prismático,es-AR
Bindende Verpflichtung,Gran Compromiso,es-AR
Binecuvântat de zei,Bendecido por los Dioses,es-AR
Biomassebewahrer,Preservador de Biomateria,es-AR
Biomassza-megőrző,Preservador de Biomateria,es-AR
Biomatter Preserver,Preservador de Biomateria,es-AR
Bir Yol Çiz,Ábrete Camino,es-AR
Bir İki Üç,"Uno, Dos, Tres",es-AR
"Bir, İki, Beş!","Uno, dos, ¡cinco!",es-AR
Birikim Hesabı,Cuenta de Ahorros,es-AR
Birlikten Kuvvet Doğar,Unidos,es-AR
Birliğin Gücü,No nos Separamos,es-AR
Birthday Present,Regalo de cumpleaños,es-AR
Birthday Reunion,Reunión de Cumpleaños,es-AR
Biyomalzeme Koruyucusu,Preservador de Biomateria,es-AR
Biztos győzelem,A Remontar,es-AR
Blason de Zeke,Heraldo de Zeke,es-AR
Blason des Lightshield,Cresta de Escudo de Luz,es-AR
Blason lugubre de Zeke,Heraldo de las Tinieblas de Zeke,es-AR
Blasón de Escudo de luz,Cresta de Escudo de Luz,es-AR
Blauer Buff,Mejora azul,es-AR
Blaupause für die hintere Reihe,Plano de Línea Trasera,es-AR
Blazonul Lightshield,Cresta de Escudo de Luz,es-AR
Blazonul solarilor de fier,Relicario de los Solari de Hierro,es-AR
Blighting Jewel,Joya Maldita,es-AR
Blikavé čepele,Cuchillas Raudas,es-AR
Blitzcrank,Blitzcrank,es-AR
Bliźniaczy Strażnicy,Guardianes Gemelos,es-AR
Blood Offering,Ofrenda de Sangre,es-AR
Blood Price,Precio Sangriento,es-AR
Bloodthirster,La Sanguinaria,es-AR
Blue Buff,Mejora azul,es-AR
Blutdürster,La Sanguinaria,es-AR
Blutopfer,Ofrenda de Sangre,es-AR
Blutzoll,Precio Sangriento,es-AR
Bluźnierczy Bożek,Ídolo Prohibido,es-AR
Bodyguard Training,Entrenamiento de Guardaespaldas,es-AR
Bogini Broni,Diosa de las Pistolas,es-AR
Bokormellény,Vesta Espinosa,es-AR
Boks Dersi,Lecciones de Boxeo,es-AR
Bokszkesztyű,Guantes de Combate,es-AR
Bokszlecke,Lecciones de Boxeo,es-AR
Bollwerk,Baluarte,es-AR
Bolsa de Sorpresas Heroica,Bolsa de Sorpresas Heroica,es-AR
Bolsa sorpresa de Urf,Bolsa de Sorpresas de Urf,es-AR
Bolsa sorpresa de objetos,Bolsa de Objetos,es-AR
Bolsa sorpresa grande,Bolsa de Sorpresas grande,es-AR
Bolsa sorpresa heroica,Bolsa de Sorpresas Heroica,es-AR
Bolsa sorpresa pequeña,Bolsa de Sorpresas Pequeña,es-AR
Bombardıman Topu,Cañón de Fuego Rápido,es-AR
Boneco de Treinamento,Muñeco de Entrenamiento,es-AR
Bonecos de Impacto,Muñecos de Prueba para Choques,es-AR
Bonk!,¡Pum!,es-AR
Bonk !,¡Pum!,es-AR
Boon of Resurrection,Bendición de Resurrección,es-AR
Boon of the Scrapper,Bendición del Chatarrero,es-AR
Boong!,¡Pum!,es-AR
Booster,Paquete de Mejora,es-AR
Booster Pack,Paquete de Mejora,es-AR
Booster-Packung,Paquete de Mejora,es-AR
Boostery,Paquete de Mejora,es-AR
Borsa degli oggetti,Bolsa de Objetos,es-AR
Borsa di Urf,Bolsa de Sorpresas de Urf,es-AR
Borsa eroica,Bolsa de Sorpresas Heroica,es-AR
Borsa grande,Bolsa de Sorpresas grande,es-AR
Borsa piccola,Bolsa de Sorpresas Pequeña,es-AR
Boscy Pojedynkowicze,Duelista Divino,es-AR
Boshafte Monetarisierung,Monetización Maligna,es-AR
Boska Kuźnia,Forja Apoteósica,es-AR
Bote de Segunda Mano,Bote de Segunda Mano,es-AR
Botkovács,Fabricante de Varas,es-AR
Bouclier du Tacticien,Escudo del Estratega,es-AR
Boxing Lessons,Lecciones de Boxeo,es-AR
Boxunterricht,Lecciones de Boxeo,es-AR
Boyut Önemli,El Tamaño Importa,es-AR
Božská pistolnice,Diosa de las Pistolas,es-AR
Božský duelista,Duelista Divino,es-AR
Bramble Vest,Vesta Espinosa,es-AR
Branching Out,Ramificación,es-AR
Bratpfanne,Sartén,es-AR
Brawler,Peleador,es-AR
Brawler Emblem,Emblema de Peleadores,es-AR
Brazalete de la buscadora,Guardabrazo del Buscador,es-AR
Briar,Briar,es-AR
Brigand,Merodeador,es-AR
Brise-temps,Rompetiempo,es-AR
Bronce de por Vida,Bronce de por Vida,es-AR
Bronce de por vida,Bronce de por Vida,es-AR
Bronz mindörökké II.,Bronce de por Vida,es-AR
Bronz nad zlato,Bronce de por Vida,es-AR
Bronz pentru totdeauna,Bronce de por Vida,es-AR
Bronzdan Şaşma,Bronce de por Vida,es-AR
Bronze For Life,Bronce de por Vida,es-AR
Bronze pour la vie,Bronce de por Vida,es-AR
Bronze é Vida,Bronce de por Vida,es-AR
Bronzo per la vita,Bronce de por Vida,es-AR
Brylantowa Rękawica,Guantelete Deslumbrante,es-AR
Brylantowy Lotos,Loto Adornado,es-AR
Brățara căutătorului,Guardabrazo del Buscador,es-AR
Bu Taç Ağır,Pesada es la Corona,es-AR
Bubuilă,Carapescado,es-AR
Bucătăria tacticianului,Cocina de Estratega,es-AR
Bueno para Algo,Bueno para Algo,es-AR
Buff bleu,Mejora azul,es-AR
Buff blu,Mejora azul,es-AR
Buff rosso,Mejora Roja,es-AR
Buff rouge,Mejora Roja,es-AR
Buff-ul albastru,Mejora azul,es-AR
Buff-ul roșu,Mejora Roja,es-AR
Buffs à gogo,"Una Mejora, Dos Mejoras",es-AR
Buget înțelept,Saber Gastar,es-AR
Build a Bud,Arma un Amigo,es-AR
Build maxim,Armado máximo,es-AR
Bulwark,Baluarte,es-AR
Burattino d'ombra,Marioneta Sombría,es-AR
Burguesía,Cuchara de plata,es-AR
Buried Treasure,Tesoros Enterrados,es-AR
Buried Treasures,Tesoros Enterrados,es-AR
Bustina,Paquete de Mejora,es-AR
Butin aléatoire,"Uno, dos, ¡cinco!",es-AR
Butin funéraire,Bueno para Algo,es-AR
Butin varié,Tú Pégales,es-AR
Buzduganul înaintașului,Mangual del Guerrero,es-AR
Bušení,De fiesta,es-AR
Bài Học Sơ Khai,Primeras Lecciones,es-AR
Bàn Tay Công Lý,Mano de la Justicia,es-AR
Bán Thăng Hoa,Ascensión parcial,es-AR
Báo Oán,Retribución,es-AR
Bástya,Baluarte,es-AR
Bârlogul Baronului,Guarida del Barón,es-AR
Bâton angélique,Báculo del Serafín,es-AR
Bâton de l'archange,Báculo del Arcángel,es-AR
Bâton du vide,Báculo del Vacío,es-AR
Bão Tố Luden,Tempestad de Luden,es-AR
Bão Vàng,Monzón Millonario,es-AR
Béni des dieux,Bendecido por los Dioses,es-AR
Bénédiction d'Ahri,Bendición de Ahri,es-AR
Bénédiction d'Aurelion Sol,Bendición de Aurelion Sol,es-AR
Bénédiction d'Ekko,Bendición de Ekko,es-AR
Bénédiction d'Evelynn,Bendición de Evelynn,es-AR
Bénédiction de Kayle,Bendición de Kayle,es-AR
Bénédiction de Soraka,Bendición de Soraka,es-AR
Bénédiction de Thresh,Bendición de Thresh,es-AR
Bénédiction de Varus,Bendición de Varus,es-AR
Bénédiction de Yasuo,Bendición de Yasuo,es-AR
Bénédiction de résurrection,Bendición de Resurrección,es-AR
Bénédiction du Ferrailleur,Bendición del Chatarrero,es-AR
Bérgyilkos,Asesino a Sueldo,es-AR
Bête de scène,Fiera Fiestera,es-AR
Bóng Phân Thân,Marioneta Sombría,es-AR
Bùa Thăng Hoa,Talismán de Ascensión,es-AR
Bùa Xanh,Mejora azul,es-AR
Bùa Đỏ,Mejora Roja,es-AR
Büyük Dönüş,Volver al Ruedo,es-AR
Büyük Patlama,El Big Bang,es-AR
Büyük Çekiliş,Bolsa de Sorpresas grande,es-AR
Büyülü Zarlar,Tirada Mágica,es-AR
Băng Trộm,Banda de Ladrones,es-AR
Băng Trộm II,Banda de Ladrones II,es-AR
Bătăuș,Peleador,es-AR
Běž do toho,Tú Pégales,es-AR
Błogosławieni,Bendecido por los Dioses,es-AR
Błogosławieństwo Rozrabiaki,Bendición del Chatarrero,es-AR
Błogosławiona Przygoda,Una Aventura Eminente,es-AR
Bước Đột Phá,Éxito Crítico,es-AR
Bạn Thân,Mejores Amigos,es-AR
Bảo Hộ Vô Tận,Protección del Infinito,es-AR
Bảo Tồn Sinh Chất,Preservador de Biomateria,es-AR
Bất Khuất,El Indomable,es-AR
Bắn Tỉa,Francotirador,es-AR
Bộ Ba Hoàn Hảo,Trifecta,es-AR
Bừa Bộn,Mente Saturada,es-AR
Caccia al tesoro,Cazatesoros,es-AR
Cacciatore galattico,Cazagalaxias,es-AR
Cadeau d'anniversaire,Regalo de cumpleaños,es-AR
Cadou aniversar,Regalo de cumpleaños,es-AR
Caitlyn,Caitlyn,es-AR
Cajado de Serafim,Báculo del Serafín,es-AR
Cajado do Arcanjo,Báculo del Arcángel,es-AR
Cajado do Vazio,Báculo del Vacío,es-AR
Calculated Loss,Pérdida Calculada,es-AR
Calea războiului,Sendero de Guerra,es-AR
Calibrador de Sterak,Guantelete de Sterak,es-AR
Calice de puissance,Cáliz de Poder,es-AR
Calice del potere,Cáliz de Poder,es-AR
Call to Chaos,Llamado al Caos,es-AR
Cambiazo épico,Rerroleo Épico,es-AR
Cambio epico,Rerroleo Épico,es-AR
Cambio eterno,Actualiza sin parar,es-AR
Caminho da Guerra,Sendero de Guerra,es-AR
Can Dostları,Mejores Amigos,es-AR
Can Trường,Bastión,es-AR
Canaglia radiosa,Rufián Radiante,es-AR
Canalisateur,Canalizador,es-AR
Canhão Fumegante,Cañón de Fuego Rápido,es-AR
Canhão de Vidro,Cañón de Cristal,es-AR
Cannone di cristallo,Cañón de Cristal,es-AR
Canon de verre,Cañón de Cristal,es-AR
Canon ultrarapide,Cañón de Fuego Rápido,es-AR
Capa Negatron,Capa de Negatrones,es-AR
Capa de Fogo Solar,Capa de Fuego Solar,es-AR
Capa de estratega,Capa de Estratega,es-AR
Capa de fuego solar,Capa de Fuego Solar,es-AR
Capa do Estrategista,Capa de Estratega,es-AR
Capa negatrón,Capa de Negatrones,es-AR
Cape du Tacticien,Capa de Estratega,es-AR
Cape solaire,Capa de Fuego Solar,es-AR
Cappa Juice,Juguito de Gorrito,es-AR
Cappa-Trank,Juguito de Gorrito,es-AR
Cappelli più letali,Sombreros Más Letales,es-AR
Caprichitos,Dulces Golosinas,es-AR
Capuz da Morte de Rabadon,Sombrero Mortífero de Rabadon,es-AR
Capuzes Mais Mortais,Sombreros Más Letales,es-AR
Carapateur,Cangrejo Escurridizo,es-AR
Care Package,Paquete de Cuidados,es-AR
Caretaker's Ally,Alianza del Guardián,es-AR
Carga Elétrica,Descarga Eléctrica,es-AR
Carve a Path,Ábrete Camino,es-AR
Casa Dourada do Yasuo,Hex Dorado de Yasuo,es-AR
Casque adaptatif,Yelmo Adaptable,es-AR
Castigo,Retribución,es-AR
Catastrofista,Condenador,es-AR
Cazador galáctico,Cazagalaxias,es-AR
Caça ao Tesouro,Cazatesoros,es-AR
Caçador de Galáxia,Cazagalaxias,es-AR
Cañón de Cristal,Cañón de Cristal,es-AR
Cañón de fuego rápido,Cañón de Fuego Rápido,es-AR
Całun Bezruchu,Manto de Quietud,es-AR
Cecchino,Francotirador,es-AR
Cehennem Ateşi Baltası,Hacha de Fuego Infernal,es-AR
Cei mai buni prieteni,Mejores Amigos,es-AR
Ceinture du géant,Cinturón de Gigante,es-AR
Cena Krwi,Precio Sangriento,es-AR
Cena pro vítěze,Boxeador Profesional,es-AR
Cengâver Onuru,Honor del Caudillo,es-AR
Cenny Wojownik,Boxeador Profesional,es-AR
Cenná posila,Cuatro Refuerzos,es-AR
Centelha Iônica,Chispa Iónica,es-AR
Centre d'excellence,Halla tu Centro,es-AR
Cetro Vampírico Corrompido,Cetro Vampírico Corrupto,es-AR
Cetro vampírico corrupto,Cetro Vampírico Corrupto,es-AR
Chain Vest,Cota de Malla,es-AR
Chaleco de cadenas,Cota de Malla,es-AR
Chaleco de zarzas,Vesta Espinosa,es-AR
Chalice of Power,Cáliz de Poder,es-AR
Challenger,Retador,es-AR
Challenger Emblem,Emblema de Retadores,es-AR
Challenger Mode,Modo Retador,es-AR
Chamado ao Caos,Llamado al Caos,es-AR
Champion en kit,Arma un Amigo,es-AR
Chaotischer Geist,Mente Saturada,es-AR
Chapardage,Hurto,es-AR
Charge Transfer,Transferencia de Carga,es-AR
Charge cognitive,Impuesto Cognitivo,es-AR
Chasse au trésor,Cazatesoros,es-AR
Chasseur galactique,Cazagalaxias,es-AR
Chciwość,Avaricia,es-AR
Che il Quattro sia con te,Que los Cuatros te Acompañen,es-AR
Chemarea haosului,Llamado al Caos,es-AR
Chispa iónica,Chispa Iónica,es-AR
Chiêm Tinh,Astromante,es-AR
Chiến Lũy,Baluarte,es-AR
Chiến Tướng Khải Hoàn,Honor del Caudillo,es-AR
Chmaták,Estafador,es-AR
Cho'Gath,Cho'Gath,es-AR
Choisissez un type,Elige el rasgo,es-AR
Choose Trait,Elige el rasgo,es-AR
"Chora, me liga",Llora Todo lo que Quieras,es-AR
Choristes,Amiguitos,es-AR
Chrličův kamenný plát,Armadura Pétrea,es-AR
Chuyển Đổi Năng Lượng,Transferencia de Carga,es-AR
Chuyện Đời Thường,Fragmento de Vida,es-AR
Chuộc Tội,Redentor,es-AR
Chytrý nákup,Saber Gastar,es-AR
Chùy Bạch Ngân,Amanecer Plateado,es-AR
Chùy Đoản Côn,Mangual del Guerrero,es-AR
Chảo Vàng,Sartén,es-AR
Chất Bán Dẫn,Semiconductor,es-AR
Chế Tạo Bằng Hữu,Haciendo Amistades,es-AR
Chế Tạo Tại Chỗ,Forja Viviente,es-AR
Chế Độ Dẫn Truyền,Modo Canalizador,es-AR
Chế Độ Nhân Bản,Modo Replicador,es-AR
Chế Độ Thách Đấu,Modo Retador,es-AR
Chỉ Huy,Comandante,es-AR
Chỉ Huy Siêu Thú,Comandante Animalia,es-AR
Chỉ Một Con Đường,Gran Compromiso,es-AR
Chọn Tộc/Hệ,Elige el rasgo,es-AR
Chờ Đợi Xứng Đáng,Vale la Pena la Espera,es-AR
Cierpliwa Nauka,Estudio Paciente,es-AR
Cierpliwość Ekko,Paciencia de Ekko,es-AR
Cierpliwość Jest Cnotą,La Paciencia es una Virtud,es-AR
Cimientos de la vanguardia,Cimientos de Línea Frontal,es-AR
Cinto do Gigante,Cinturón de Gigante,es-AR
Cintura del gigante,Cinturón de Gigante,es-AR
Cinturón de gigante,Cinturón de Gigante,es-AR
Clases de boxeo,Lecciones de Boxeo,es-AR
Clear Mind,Mente Despejada,es-AR
Cleptomanie,Liquidación,es-AR
Climb The Ladder,Ascender de Posición,es-AR
Clockwork Accelerator,Acelerador Mecánico,es-AR
Clone des ombres,Marioneta Sombría,es-AR
Cluttered Mind,Mente Saturada,es-AR
Cnota Męczennika,Virtud del Mártir,es-AR
Cocina de estratega,Cocina de Estratega,es-AR
Cod roșu de lacrimi,Llora Todo lo que Quieras,es-AR
Coda in duo,Cola Dúo,es-AR
Cognitive Overload,Sobrecarga Cognitiva,es-AR
Cognitive Tax,Impuesto Cognitivo,es-AR
Coif cameleonic,Yelmo Adaptable,es-AR
Coiffe de Rabadon,Sombrero Mortífero de Rabadon,es-AR
Coiffes mortelles,Sombreros Más Letales,es-AR
Coincidenze perse,Conexiones fallidas,es-AR
Cola dúo,Cola Dúo,es-AR
Coleguis del curro,Trabajo en Equipo,es-AR
Coleguitas,Amiguitos,es-AR
Colete Espinhoso,Vesta Espinosa,es-AR
Colher de Prata,Cuchara de plata,es-AR
Collegamento cibernetico,Enlace Cibernético,es-AR
Colpire e basta,Tú Pégales,es-AR
Comandant,Comandante,es-AR
Comandante Anima,Comandante Animalia,es-AR
Comandante Ánima,Comandante Animalia,es-AR
Comandatul Anima,Comandante Animalia,es-AR
Combattente,Peleador,es-AR
Combinație stelară,Combo Estelar,es-AR
Combo estelar,Combo Estelar,es-AR
Combo stellaire,Combo Estelar,es-AR
Combo stellare,Combo Estelar,es-AR
Comeback Story,Volver al Ruedo,es-AR
Comerț de bază,Núcleo Comercial,es-AR
Comienzo aventajado,Inicio Veloz,es-AR
Commandant d'Anima,Comandante Animalia,es-AR
Commandante,Comandante,es-AR
Commander,Comandante,es-AR
Commerce Core,Núcleo Comercial,es-AR
Comori îngropate,Tesoros Enterrados,es-AR
Competitor,Retador,es-AR
Component Heist,Asalto de Componentes,es-AR
Composants de guerre,Asalto de Componentes,es-AR
Composição Máxima,Armado máximo,es-AR
Compromiso férreo,Gran Compromiso,es-AR
Compromisso Sério,Gran Compromiso,es-AR
Compte épargne,Cuenta de Ahorros,es-AR
Concentration lointaine,Enfoque al Horizonte,es-AR
Concentrazione dell'orizzonte,Enfoque al Horizonte,es-AR
Conducto,Canalizador,es-AR
Conduit,Canalizador,es-AR
Conduit Mode,Modo Canalizador,es-AR
Conduíte,Canalizador,es-AR
Conexiune cibernetică,Enlace Cibernético,es-AR
Conexiune cu drona,Enlace de Dron,es-AR
Conexión cibernética,Enlace Cibernético,es-AR
Conexión de dron,Enlace de Dron,es-AR
Conexión perdida,Conexiones fallidas,es-AR
Conexão Cibernética,Enlace Cibernético,es-AR
Conexão de Drone,Enlace de Dron,es-AR
Conexões Perdidas,Conexiones fallidas,es-AR
Configuración maximizada,Armado máximo,es-AR
Configurazione massima,Armado máximo,es-AR
Confusão Mental,Mente Saturada,es-AR
Conjuración continua,Conjuros Continuos,es-AR
Conjuração Contínua,Conjuros Continuos,es-AR
Connivence,Ascender de Posición,es-AR
Conservare de biomaterial,Preservador de Biomateria,es-AR
Conservateur de biomatière,Preservador de Biomateria,es-AR
Conservatore di biomateria,Preservador de Biomateria,es-AR
Construct a Companion,Construye tu Compi,es-AR
Construiește un însoțitor,Construye tu Compi,es-AR
Construiește-ți un prieten,Arma un Amigo,es-AR
Construção de Companheiro,Construye tu Compi,es-AR
Consumo Consciente,Saber Gastar,es-AR
Cont de economii,Cuenta de Ahorros,es-AR
Conta Poupança,Cuenta de Ahorros,es-AR
Contendiente,Retador,es-AR
Contenedor de chatarra,Bote de Segunda Mano,es-AR
Continuous Conjuration,Conjuros Continuos,es-AR
Conto dei risparmi,Cuenta de Ahorros,es-AR
Contract Killer,Asesino a Sueldo,es-AR
Convogliatore,Canalizador,es-AR
Copacul caracteristicilor,El Árbol de Rasgos,es-AR
Copricapo di Rabadon,Sombrero Mortífero de Rabadon,es-AR
Corazza singola,Solo Pétreo,es-AR
Corazza spirituale,Apariencia Espiritual,es-AR
Corazón de acero,Corazón de Acero,es-AR
Corazón del alba,Esfera del Amanecer,es-AR
Corazón resuelto,Espíritu Firme,es-AR
Coração Inabalável,Espíritu Firme,es-AR
Coração de Aço,Corazón de Acero,es-AR
Corki,Corki,es-AR
Coroa do Amaldiçoado,Corona Maldita,es-AR
Coroa do Estrategista,Corona de Estratega,es-AR
Coroana blestemată,Corona Maldita,es-AR
Coroana tacticianului,Corona de Estratega,es-AR
Corona de estratega,Corona de Estratega,es-AR
Corona dello Stratega,Corona de Estratega,es-AR
Corona maldita,Corona Maldita,es-AR
Corona maledetta,Corona Maldita,es-AR
Corona reale,Guardia de la Corona,es-AR
Coroziune,Corrosión,es-AR
Corpetto di rovi,Vesta Espinosa,es-AR
Corrosion,Corrosión,es-AR
Corrosione,Corrosión,es-AR
Corrosão,Corrosión,es-AR
Corrupt Vampiric Scepter,Cetro Vampírico Corrupto,es-AR
Cosmic Restart,Reinicio Cósmico,es-AR
Costruisci un Compagno,Construye tu Compi,es-AR
Cota de Malha,Cota de Malla,es-AR
Cotidiano,Fragmento de Vida,es-AR
Cotta di maglia,Cota de Malla,es-AR
Cotte de mailles,Cota de Malla,es-AR
Coup d'envoi,Inicio Veloz,es-AR
Coup de chance,Personalización exclusiva,es-AR
Couronne de la reine,Guardia de la Corona,es-AR
Couronne du Tacticien,Corona de Estratega,es-AR
Couronne maudite,Corona Maldita,es-AR
Cours de soutien,Forma equipo,es-AR
Covil do Barão,Guarida del Barón,es-AR
Cozinha do Estrategista,Cocina de Estratega,es-AR
Coș de recuperare,Bote de Segunda Mano,es-AR
Crabul,Cangrejo Escurridizo,es-AR
Crafted Crafting,Artesanía Creativa,es-AR
Crash Test Dummies,Muñecos de Prueba para Choques,es-AR
Crash Test Dummy,Muñecos de Prueba para Choques,es-AR
Crash-Test-Dummies,Muñecos de Prueba para Choques,es-AR
Crea un coleguita,Construye tu Compi,es-AR
Creazione artigianale,Artesanía Creativa,es-AR
Crecimiento explosivo,Crecimiento Explosivo,es-AR
Creează o cale,Ábrete Camino,es-AR
Creează un prieten,Haciendo Amistades,es-AR
Crescendo aléatoire,Fragmento de Vida,es-AR
Crescimento Explosivo,Crecimiento Explosivo,es-AR
Crescita a fine partita,Progresión en el juego tardío,es-AR
Crescita esplosiva,Crecimiento Explosivo,es-AR
Creștere explozivă,Crecimiento Explosivo,es-AR
Creștere pe final de joc,Progresión en el juego tardío,es-AR
Creștere solo în nivel,Leveleando en solitario,es-AR
Creștere în clasament,Ascender de Posición,es-AR
Criação Engenhosa,Artesanía Creativa,es-AR
Critical Success,Éxito Crítico,es-AR
Croissance explosive,Crecimiento Explosivo,es-AR
Crownguard,Guardia de la Corona,es-AR
Cry Me A River,Llora Todo lo que Quieras,es-AR
Csak jó valamire I.,Bueno para Algo,es-AR
Csapatkeresés,Forma equipo,es-AR
Csapatépítés,Fragmento de Vida,es-AR
Csapatépítés,Trabajo en Equipo,es-AR
Csekélyebb Perszónatükör,Persona en Espejo menor,es-AR
Csereszektor,Sector de Intercambio,es-AR
Csillagfényes kombó,Combo Estelar,es-AR
Csillagnéző,Astromante,es-AR
Csillagnéző embléma,Emblema de Astromante,es-AR
Csillámpikkely-esszencia,Esencia de Brilloescama,es-AR
Cua Kỳ Cục,Cangrejo Escurridizo,es-AR
Cuatrifuerzos,Cuatro Refuerzos,es-AR
Cucchiaio d'argento,Cuchara de plata,es-AR
Cucina dello Stratega,Cocina de Estratega,es-AR
Cud Soraki,Milagro de Soraka,es-AR
Cuenta con mi arco,Mi arco a tu servicio,es-AR
Cuenta de ahorros,Cuenta de Ahorros,es-AR
Cuisine du Tacticien,Cocina de Estratega,es-AR
Cung Dự Phòng,Arcos de Repuesto,es-AR
Cung Gỗ,Arco Recurvado,es-AR
Cung Xanh,Último Suspiro,es-AR
Cuor saldo,Espíritu Firme,es-AR
Cuore d'acciaio,Corazón de Acero,es-AR
Cureaua uriașului,Cinturón de Gigante,es-AR
Curele fără număr,Cinturón XL,es-AR
Cursed Blade,Cuchilla Maldita,es-AR
Cursed Crown,Corona Maldita,es-AR
Cuțit electrostatic,Daga de Statikk,es-AR
Cuồng Đao Guinsoo,Espadafuria de Guinsoo,es-AR
Cuộc Phiêu Lưu Tôn Quý,Una Aventura Eminente,es-AR
Cuộc Viễn Chinh,Expedición,es-AR
Cvičná loutka,Muñeco de Entrenamiento,es-AR
Cybernetic Implants,Implantes Cibernéticos,es-AR
Cybernetic Uplink,Enlace Cibernético,es-AR
Cycle épique,Época,es-AR
Czerwone Wzmocnienie,Mejora Roja,es-AR
Czysty Umysł,Mente Despejada,es-AR
Częściowe Wyniesienie,Ascensión parcial,es-AR
Cái Giá Phải Trả,A qué precio,es-AR
Cálice do Poder,Cáliz de Poder,es-AR
Cáliz de poder,Cáliz de Poder,es-AR
Câlin collectif,Abrazo Grupal,es-AR
Cây Cung Thần Tốc,Mi arco a tu servicio,es-AR
Cây Tộc Hệ,El Árbol de Rasgos,es-AR
Célbefogó optika,Óptica de Fijación de Objetivo,es-AR
Célébrité partagée de Yasuo,Comparte los Reflectores con Yasuo,es-AR
Călător,Viajero,es-AR
Cıva,Capa Mercurial,es-AR
Cœur d'acier,Corazón de Acero,es-AR
Cœur de l'aube,Esfera del Amanecer,es-AR
Cœur intrépide,Espíritu Firme,es-AR
Cơn Khát Vàng,Avaricia,es-AR
Cảm Quan Cấy Ghép,Implante Simpático,es-AR
Cảm Thấy May Mắn,¿Te Sientes con Suerte?,es-AR
Cấy Ghép Siêu Công Nghệ,Implantes Cibernéticos,es-AR
Cầu Hồi Phục,Orbes de curación,es-AR
Cắm Rễ Phân Tán,Raíces Propagadoras,es-AR
Cặp Đôi Siêu Cứng,Doble Tanque,es-AR
Cố Gắng Lật Kèo,Volver al Ruedo,es-AR
Cốc Sức Mạnh,Cáliz de Poder,es-AR
Cộng Mệt Nghỉ!,¡Milestadísticas!,es-AR
Cờ Lệnh Zeke U Ám,Heraldo de las Tinieblas de Zeke,es-AR
Củng Cố Tuyến Trước,Cimientos de Línea Frontal,es-AR
C位的觉悟,Halla tu Centro,es-AR
C位觉悟,Halla tu Centro,es-AR
DD街区,Sector de Intercambio,es-AR
Daimi Yükseliş,Trepador Social,es-AR
Dallan Budaklan,Ramificación,es-AR
Dama das Trevas,Dama Oscura,es-AR
Dama oscura,Dama Oscura,es-AR
Dame sombre,Dama Oscura,es-AR
Dao Điện Statikk,Daga de Statikk,es-AR
Dar Ahri,Bendición de Ahri,es-AR
Dar Aureliona Sola,Bendición de Aurelion Sol,es-AR
Dar Ekko,Bendición de Ekko,es-AR
Dar Evelynn,Bendición de Evelynn,es-AR
Dar Kayle,Bendición de Kayle,es-AR
Dar Soraki,Bendición de Soraka,es-AR
Dar Thresha,Bendición de Thresh,es-AR
Dar Varusa,Bendición de Varus,es-AR
Dar Yasuo,Bendición de Yasuo,es-AR
Dar cu ce preț,A qué precio,es-AR
Dar vzkříšení,Bendición de Resurrección,es-AR
Dark Lady,Dama Oscura,es-AR
Dark Star,Estrella Oscura,es-AR
Dark Star Emblem,Emblema de Estrella Oscura,es-AR
Das Warten wert,Vale la Pena la Espera,es-AR
Das geht ab,En racha,es-AR
Das goldene Ei,El Huevo Dorado,es-AR
Dawncore,Esfera del Amanecer,es-AR
Dayanıklı Ön Sıra,Cimientos de Línea Frontal,es-AR
Daño indiscriminado,Verdugo Indiscriminado,es-AR
De două ori mai câștigați,Demasiado Valor,es-AR
De gratis,Liquidación,es-AR
De milyen áron?,A qué precio,es-AR
Dea delle Armi,Diosa de las Pistolas,es-AR
Deadlier Blades,Espadas Más Letales,es-AR
Deadlier Caps,Sombreros Más Letales,es-AR
Deathblade,Filo de la Muerte,es-AR
Demir Solari'nin Broşu,Relicario de los Solari de Hierro,es-AR
Denge Örtüsü,Manto del Ocaso,es-AR
Dent de Nashor,Diente de Nashor,es-AR
Dente de Na'Shor,Diente de Nashor,es-AR
Dente di Nashor,Diente de Nashor,es-AR
Der Attributsbaum,El Árbol de Rasgos,es-AR
Der Turm,La Torre,es-AR
Der Unbeugsame,El Indomable,es-AR
Der Urknall,El Big Bang,es-AR
Der Wille des Hammers,Voluntad del Mazo,es-AR
Der goldene Drache,El Dragón Dorado,es-AR
Der mächtige Mecha,El Mega Mecha,es-AR
Dernier souffle,Último Suspiro,es-AR
Derrota Planejada,Pérdida Calculada,es-AR
Desafiante,Retador,es-AR
Desajustados,Inadaptados,es-AR
Descarga Eléctrica,Descarga Eléctrica,es-AR
Desejo da Maça,Voluntad del Mazo,es-AR
Desesperanza eterna,Desesperación Eterna,es-AR
Desespero Eterno,Desesperación Eterna,es-AR
Desmanche,Bote de Segunda Mano,es-AR
Despertar da Alma,Despertar del Alma,es-AR
Despertar del alma,Despertar del Alma,es-AR
Destansı Yenileme,Rerroleo Épico,es-AR
Deszcz Pieniędzy,Monzón Millonario,es-AR
Determinacja Kolosa,Valor del Titán,es-AR
Determinazione del titano,Valor del Titán,es-AR
Determinação Titânica,Valor del Titán,es-AR
Deux de moins,Asesinato Doble Veloz,es-AR
Dev Katili,Verdugo de Gigantes,es-AR
Dev Kemeri,Cinturón de Gigante,es-AR
Devasa ve Güçlü,Fuerte y Enorme,es-AR
Değişken Miğfer,Yelmo Adaptable,es-AR
Di Vật Tàn Úa,Reliquia Marchita,es-AR
Diana,Diana,es-AR
Die Legion der Drei,Legión de Tres,es-AR
Diebesbande,Banda de Ladrones,es-AR
Diebesbande II,Banda de Ladrones II,es-AR
Dikenli Yelek,Vesta Espinosa,es-AR
Dinerito para el almuerzo,Dinero del almuerzo,es-AR
Dintele lui Nashor,Diente de Nashor,es-AR
Diosa de las pistolas,Diosa de las Pistolas,es-AR
Dirilme Lütfu,Bendición de Resurrección,es-AR
Disperare nemărginită,Desesperación Eterna,es-AR
Disperazione eterna,Desesperación Eterna,es-AR
Disruptor temporal,Rompetiempo,es-AR
Distracție în spațiu,Onda Espacial,es-AR
Distribuição de Efeitos,"Una Mejora, Dos Mejoras",es-AR
Divinamente Abençoado,Bendecido por los Dioses,es-AR
Divine Duelist,Duelista Divino,es-AR
Dizilim,Alineación,es-AR
Diệt Khổng Lồ,Verdugo de Gigantes,es-AR
Dlouhodobá investice,Acumular,es-AR
Doamna întunecată,Dama Oscura,es-AR
Dobra Passa,En racha,es-AR
Doces Deleites,Dulces Golosinas,es-AR
Dokuma Büyü,Magia Tejida,es-AR
Dolci,Dulces Golosinas,es-AR
Don du gardien,Alianza del Guardián,es-AR
Dono dell'aggiustatutto,Bendición del Chatarrero,es-AR
Dono della resurrezione,Bendición de Resurrección,es-AR
Dono di Ahri,Bendición de Ahri,es-AR
Dono di Aurelion Sol,Bendición de Aurelion Sol,es-AR
Dono di Ekko,Bendición de Ekko,es-AR
Dono di Evelynn,Bendición de Evelynn,es-AR
Dono di Kayle,Bendición de Kayle,es-AR
Dono di Soraka,Bendición de Soraka,es-AR
Dono di Thresh,Bendición de Thresh,es-AR
Dono di Varus,Bendición de Varus,es-AR
Dono di Yasuo,Bendición de Yasuo,es-AR
Doomer,Condenador,es-AR
Doppia resistenza,Doble Tanque,es-AR
Doppia uccisione rapida,Asesinato Doble Veloz,es-AR
Dornenweste,Vesta Espinosa,es-AR
Double Kill Veloz,Asesinato Doble Veloz,es-AR
Dowódca Anima,Comandante Animalia,es-AR
Dowódcy,Comandante,es-AR
Doğum Günü Buluşması,Reunión de Cumpleaños,es-AR
Doğum Günü Hediyesi,Regalo de cumpleaños,es-AR
Drachenklaue,Garra de Dragón,es-AR
Dragon's Claw,Garra de Dragón,es-AR
Dragonul auriu,El Dragón Dorado,es-AR
Dragão Dourado,El Dragón Dorado,es-AR
Dračí spár,Garra de Dragón,es-AR
Dreifaltigkeit,Trifecta,es-AR
Drobní titáni,Titanes Diminutos,es-AR
"Drobní, ale vražední",Pequeño pero mortífero,es-AR
Drohnenverbindung,Enlace de Dron,es-AR
Dron Bağlantısı,Enlace de Dron,es-AR
Drone Uplink,Enlace de Dron,es-AR
Drone cablato,Enlace de Dron,es-AR
Dronová linka,Enlace de Dron,es-AR
Drugi Oddech,Segundo Aire,es-AR
Druhý dech,Segundo Aire,es-AR
Drzewo Cech,El Árbol de Rasgos,es-AR
Drágaköves kesztyű,Guantelete Deslumbrante,es-AR
Drágaköves lótusz II.,Loto Adornado,es-AR
Drónkapcsolat,Enlace de Dron,es-AR
Držíme pospolu,No nos Separamos,es-AR
Du Mục,Pastor,es-AR
Du hast meinen Bogen,Mi arco a tu servicio,es-AR
Dublu asasinat rapid,Asesinato Doble Veloz,es-AR
Duch Odkupienia,Espíritu de Redención,es-AR
Duch odplaty,Espíritu de Redención,es-AR
Due volte il valore,Demasiado Valor,es-AR
Duelist divin,Duelista Divino,es-AR
Duelista divino,Duelista Divino,es-AR
Duellante divino,Duelista Divino,es-AR
Duelliste divine,Duelista Divino,es-AR
Dummify,¿Hacemos un Muñeco?,es-AR
Dunkle Dame,Dama Oscura,es-AR
Duo Queue,Cola Dúo,es-AR
Duo-Warteschlange,Cola Dúo,es-AR
Dupla érték,Demasiado Valor,es-AR
Duplication,Armado máximo,es-AR
Duplán szívós,Doble Tanque,es-AR
Durch Stärke geschmiedet,Forjado en la Fortaleza,es-AR
Durmadan Yenile,Actualiza sin parar,es-AR
Dusze Towarzystwa,Fiera Fiestera,es-AR
Duża Torba z Różnościami,Bolsa de Sorpresas grande,es-AR
Dádiva da Ahri,Bendición de Ahri,es-AR
Dádiva da Evelynn,Bendición de Evelynn,es-AR
Dádiva da Kayle,Bendición de Kayle,es-AR
Dádiva da Ressurreição,Bendición de Resurrección,es-AR
Dádiva da Soraka,Bendición de Soraka,es-AR
Dádiva do Aurelion Sol,Bendición de Aurelion Sol,es-AR
Dádiva do Brigão,Bendición del Chatarrero,es-AR
Dádiva do Ekko,Bendición de Ekko,es-AR
Dádiva do Thresh,Bendición de Thresh,es-AR
Dádiva do Varus,Bendición de Varus,es-AR
Dádiva do Yasuo,Bendición de Yasuo,es-AR
Dárek k narozeninám,Regalo de cumpleaños,es-AR
Dárková taška s předměty,Bolsa de Objetos,es-AR
Dárkový balíček,Paquete de Cuidados,es-AR
Dây Chuyền Iron Solari,Relicario de los Solari de Hierro,es-AR
Dây Chuyền Tự Lực,Relicario Enervante,es-AR
Dämmerkern,Esfera del Amanecer,es-AR
Dämmerung von Silbersee,Amanecer Plateado,es-AR
Déesse des flingues,Diosa de las Pistolas,es-AR
Défaite planifiée,Pérdida Calculada,es-AR
Dépense réfléchie,Saber Gastar,es-AR
Dés légèrement magiques,Tirada Ligeramente Mágica,es-AR
Dés magiques,Tirada Mágica,es-AR
Désespoir,Condenador,es-AR
Désespoir infini,Desesperación Eterna,es-AR
Détermination du titan,Valor del Titán,es-AR
Díszes acél,Acero Dorado,es-AR
Dòng Tiền Mờ Ám,Monetización Maligna,es-AR
Döntőbíró,Sentencia,es-AR
Döntőbíró embléma,Emblema de Sentencia,es-AR
Dört Dörtlük,Cuatro Refuerzos,es-AR
Dört Seninle Olsun,Que los Cuatros te Acompañen,es-AR
Dövüşçü,Peleador,es-AR
Dövüşçü Amblemi,Emblema de Peleadores,es-AR
Dúo de tanques,Doble Tanque,es-AR
Dümenci,Estafador,es-AR
Dẫn Truyền,Canalizador,es-AR
Dị Vật Tai Ương,Ídolo Prohibido,es-AR
Dịch Vụ Gói Đăng Ký,Servicio de Suscripción,es-AR
D个痛快！,Actualiza sin parar,es-AR
Early Learnings,Primeras Lecciones,es-AR
Ebedi Anlaşma,Pacto Eterno,es-AR
Ebedi Koruma,Protección del Infinito,es-AR
Ebedi Kılıç,Filo del Infinito,es-AR
Ebédpénz,Dinero del almuerzo,es-AR
Eccesso di bacchette,Sobrecarga de Varas,es-AR
Eccesso di cinture,Cinturón XL,es-AR
Eccesso di spade,Espada Desmedida,es-AR
Echi curativi,Ecos Reparadores,es-AR
Ecos Restauradores,Ecos Reparadores,es-AR
Ecos curativos,Ecos Reparadores,es-AR
Ecouri tămăduitoare,Ecos Reparadores,es-AR
Edge of Night,Filo de la Noche,es-AR
Efecte secundare,Efectos Secundarios,es-AR
Efectos secundarios,Efectos Secundarios,es-AR
Efeito Azul,Mejora azul,es-AR
Efeito Vermelho,Mejora Roja,es-AR
Efeitos Colaterais,Efectos Secundarios,es-AR
Efekty Uboczne,Efectos Secundarios,es-AR
Effets secondaires,Efectos Secundarios,es-AR
Effetti collaterali,Efectos Secundarios,es-AR
Egida Zmierzchu,Égida del Ocaso,es-AR
Egida del Crepuscolo,Égida del Ocaso,es-AR
Egida dell'Aurora,Égida del Amanecer,es-AR
Egida Świtu,Égida del Amanecer,es-AR
"Egy erősítés, két erősítés","Una Mejora, Dos Mejoras",es-AR
"Egy, kettő, három","Uno, Dos, Tres",es-AR
"Egy, kettő, öt!","Uno, dos, ¡cinco!",es-AR
Egyenlepel,Manto del Ocaso,es-AR
Egységben az erő,Unidos,es-AR
Egyujjas kesztyű,Mitones,es-AR
Egyéni vért,Solo Pétreo,es-AR
Ehre des Kriegsfürsten,Honor del Caudillo,es-AR
"Ein Buff, zwei Buff","Una Mejora, Dos Mejoras",es-AR
Ein Teil des Lebens,Fragmento de Vida,es-AR
Ein erhabenes Abenteuer,Una Aventura Eminente,es-AR
Ein magischer Wurf,Tirada Mágica,es-AR
Eindringling Zed,Invasor Zed,es-AR
Einfach treffen,Tú Pégales,es-AR
Einkaufsbummel,Compras compulsivas,es-AR
"Einmal Bronze, immer Bronze",Bronce de por Vida,es-AR
"Eins, zwei, drei","Uno, Dos, Tres",es-AR
"Eins, zwei, fünf!","Uno, dos, ¡cinco!",es-AR
Eiserne Güter,Recursos de Hierro,es-AR
Ejder Pençesi,Garra de Dragón,es-AR
Ekip Çalışması,Trabajo en Equipo,es-AR
Ekko türelme,Paciencia de Ekko,es-AR
Ekko áldása,Bendición de Ekko,es-AR
Ekko'nun Lütfu,Bendición de Ekko,es-AR
Ekko'nun Sabrı,Paciencia de Ekko,es-AR
Ekko's Boon,Bendición de Ekko,es-AR
Ekko's Patience,Paciencia de Ekko,es-AR
Ekkos Geduld,Paciencia de Ekko,es-AR
Ekkos Segen,Bendición de Ekko,es-AR
Ekkova trpělivost,Paciencia de Ekko,es-AR
Ekkův dar,Bendición de Ekko,es-AR
Ekmek Parası İşte,Dinero del almuerzo,es-AR
Ekskluzywna Personalizacja,Personalización exclusiva,es-AR
Ekspedycja,Expedición,es-AR
El Dragón dorado,El Dragón Dorado,es-AR
El Emeği Göz Nuru,Artesanía Creativa,es-AR
El centro de todo,Halla tu Centro,es-AR
El huevo dorado,El Huevo Dorado,es-AR
El peso de la corona,Pesada es la Corona,es-AR
El tamaño importa,El Tamaño Importa,es-AR
El árbol de los atributos,El Árbol de Rasgos,es-AR
Elastyczność,Flexible,es-AR
Electrocarga,Descarga Eléctrica,es-AR
Electrocharge,Descarga Eléctrica,es-AR
Elektrický výboj,Descarga Eléctrica,es-AR
Elektroladung,Descarga Eléctrica,es-AR
Elektromos töltés,Descarga Eléctrica,es-AR
Elektroşarj,Descarga Eléctrica,es-AR
Elettrocarica,Descarga Eléctrica,es-AR
Eliminator,Erradicador,es-AR
Elkötelezett,Inversión,es-AR
Elköteleződés,Gran Compromiso,es-AR
Elmo Adaptativo,Yelmo Adaptable,es-AR
Elmo adattivo,Yelmo Adaptable,es-AR
Eltemetett kincsek,Tesoros Enterrados,es-AR
Elátkozott korona,Corona Maldita,es-AR
Elátkozott penge,Cuchilla Maldita,es-AR
Előfizetési szolgáltatás,Servicio de Suscripción,es-AR
Előleg,Préstamo Anticipado,es-AR
Előrelátás,Pensar a Futuro,es-AR
Em Busca do Centro,Halla tu Centro,es-AR
Embalos no Espaço,Onda Espacial,es-AR
Emblem Anima,Emblema Animalia,es-AR
Emblem Arbiter,Emblema de Sentencia,es-AR
Emblem Bastion,Emblema de Bastión,es-AR
Emblem Brawler,Emblema de Peleadores,es-AR
Emblem Challenger,Emblema de Retadores,es-AR
Emblem Dark Star,Emblema de Estrella Oscura,es-AR
Emblem Marauder,Emblema de Merodeador,es-AR
Emblem Meeple,Emblema de Meeplo,es-AR
Emblem N.O.V.A.,Emblema de N.O.V.A.,es-AR
Emblem Primordian,Emblema de Primordianos,es-AR
Emblem Psionic,Emblema de Psiónico,es-AR
Emblem Rogue,Emblema de Furtivo,es-AR
Emblem Shepherd,Emblema de Pastor,es-AR
Emblem Sniper,Emblema de Francotiradores,es-AR
Emblem Space Groove,Emblema de Onda Espacial,es-AR
Emblem Stargazer,Emblema de Astromante,es-AR
Emblem Timebreaker,Emblema de Rompetiempo,es-AR
Emblem Vanguard,Emblema de Vanguardia,es-AR
Emblem Voyager,Emblema de Viajero,es-AR
Emblema Anima,Emblema Animalia,es-AR
Emblema Meeple,Emblema de Meeplo,es-AR
Emblema N.O.V.A.,Emblema de N.O.V.A.,es-AR
Emblema Psionico,Emblema de Psiónico,es-AR
Emblema Stella Oscura,Emblema de Estrella Oscura,es-AR
Emblema apărătorilor,Emblema de Vanguardia,es-AR
Emblema bastionului,Emblema de Bastión,es-AR
Emblema briganzilor,Emblema de Merodeador,es-AR
Emblema bătăușilor,Emblema de Peleadores,es-AR
Emblema competitorilor,Emblema de Retadores,es-AR
Emblema călătorilor,Emblema de Viajero,es-AR
Emblema de Anima,Emblema Animalia,es-AR
Emblema de Atirador de Elite,Emblema de Francotiradores,es-AR
Emblema de Bastião,Emblema de Bastión,es-AR
Emblema de Desafiante,Emblema de Retadores,es-AR
Emblema de Embalos no Espaço,Emblema de Onda Espacial,es-AR
Emblema de Estrela Negra,Emblema de Estrella Oscura,es-AR
Emblema de Ladino,Emblema de Furtivo,es-AR
Emblema de Lutador,Emblema de Peleadores,es-AR
Emblema de Meeple,Emblema de Meeplo,es-AR
Emblema de Mipo,Emblema de Meeplo,es-AR
Emblema de Primordiano,Emblema de Primordianos,es-AR
Emblema de Psiônico,Emblema de Psiónico,es-AR
Emblema de Rasga-tempo,Emblema de Rompetiempo,es-AR
Emblema de Saqueador,Emblema de Merodeador,es-AR
Emblema de Vanguarda,Emblema de Vanguardia,es-AR
Emblema de Viajante,Emblema de Viajero,es-AR
Emblema de astral,Emblema de Astromante,es-AR
Emblema de bastión,Emblema de Bastión,es-AR
Emblema de contendiente,Emblema de Retadores,es-AR
Emblema de disruptor temporal,Emblema de Rompetiempo,es-AR
Emblema de estrella oscura,Emblema de Estrella Oscura,es-AR
Emblema de francotirador,Emblema de Francotiradores,es-AR
Emblema de la ascensión,Talismán de Ascensión,es-AR
Emblema de luchador,Emblema de Peleadores,es-AR
Emblema de onda espacial,Emblema de Onda Espacial,es-AR
Emblema de pastor,Emblema de Pastor,es-AR
Emblema de primordiano,Emblema de Primordianos,es-AR
Emblema de psiónico,Emblema de Psiónico,es-AR
Emblema de pícaro,Emblema de Furtivo,es-AR
Emblema de sentenciador,Emblema de Sentencia,es-AR
Emblema de vanguardia,Emblema de Vanguardia,es-AR
Emblema de viajante,Emblema de Viajero,es-AR
Emblema de yelmo sombrío,Emblema de Merodeador,es-AR
Emblema de Árbitro,Emblema de Sentencia,es-AR
Emblema de ánima,Emblema Animalia,es-AR
Emblema del Bandito,Emblema de Furtivo,es-AR
Emblema del Bastione,Emblema de Bastión,es-AR
Emblema del Cecchino,Emblema de Francotiradores,es-AR
Emblema del Combattente,Emblema de Peleadores,es-AR
Emblema del Pastore,Emblema de Pastor,es-AR
Emblema del Predone,Emblema de Merodeador,es-AR
Emblema del Primordiano,Emblema de Primordianos,es-AR
Emblema del Ritmo Spaziale,Emblema de Onda Espacial,es-AR
Emblema del Viaggiatore,Emblema de Viajero,es-AR
Emblema dell'Amico dei Mippi,Emblema de Meeplo,es-AR
Emblema dell'Arbitro,Emblema de Sentencia,es-AR
Emblema dell'Astronomo,Emblema de Astromante,es-AR
Emblema dell'Avanguardia,Emblema de Vanguardia,es-AR
Emblema dello Sfidante,Emblema de Retadores,es-AR
Emblema dello Spezzatempo,Emblema de Rompetiempo,es-AR
Emblema distracției în spațiu,Emblema de Onda Espacial,es-AR
Emblema frângătorilor timpului,Emblema de Rompetiempo,es-AR
Emblema luminii stelelor,Emblema de Astromante,es-AR
Emblema lunetiștilor,Emblema de Francotiradores,es-AR
Emblema mediatorilor,Emblema de Sentencia,es-AR
Emblema primordienilor,Emblema de Primordianos,es-AR
Emblema psionică,Emblema de Psiónico,es-AR
Emblema păstorilor,Emblema de Pastor,es-AR
Emblema rebelilor,Emblema de Furtivo,es-AR
Emblema stelelor întunecate,Emblema de Estrella Oscura,es-AR
Emblemat Anima,Emblema Animalia,es-AR
Emblemat Arbitra,Emblema de Sentencia,es-AR
Emblemat Bastionu,Emblema de Bastión,es-AR
Emblemat Kosmofazy,Emblema de Onda Espacial,es-AR
Emblemat Marudera,Emblema de Merodeador,es-AR
Emblemat Meepla,Emblema de Meeplo,es-AR
Emblemat Mrocznej Gwiazdy,Emblema de Estrella Oscura,es-AR
Emblemat N.O.V.A.,Emblema de N.O.V.A.,es-AR
Emblemat Obrońcy,Emblema de Vanguardia,es-AR
Emblemat Obserwatora Gwiazd,Emblema de Astromante,es-AR
Emblemat Osiłka,Emblema de Peleadores,es-AR
Emblemat Pasterza,Emblema de Pastor,es-AR
Emblemat Podróżnika,Emblema de Viajero,es-AR
Emblemat Pretendenta,Emblema de Retadores,es-AR
Emblemat Primordianina,Emblema de Primordianos,es-AR
Emblemat Psionika,Emblema de Psiónico,es-AR
Emblemat Snajpera,Emblema de Francotiradores,es-AR
Emblemat Zbira,Emblema de Furtivo,es-AR
Emblemat Łamacza Czasu,Emblema de Rompetiempo,es-AR
Emblème d'Astro-groove,Emblema de Onda Espacial,es-AR
Emblème d'Initiateur,Emblema de Vanguardia,es-AR
Emblème de Bagarreur,Emblema de Peleadores,es-AR
Emblème de Bastion,Emblema de Bastión,es-AR
Emblème de Berger,Emblema de Pastor,es-AR
Emblème de Brise-temps,Emblema de Rompetiempo,es-AR
Emblème de Challenger,Emblema de Retadores,es-AR
Emblème de Juge stellaire,Emblema de Sentencia,es-AR
Emblème de Maraudeur,Emblema de Merodeador,es-AR
Emblème de Meeple,Emblema de Meeplo,es-AR
Emblème de N.O.V.A.,Emblema de N.O.V.A.,es-AR
Emblème de Primordien,Emblema de Primordianos,es-AR
Emblème de Psionique,Emblema de Psiónico,es-AR
Emblème de Pulsar sombre,Emblema de Estrella Oscura,es-AR
Emblème de Rebelle,Emblema de Furtivo,es-AR
Emblème de Sniper,Emblema de Francotiradores,es-AR
Emblème de Visionnaire,Emblema de Astromante,es-AR
Emblème de Voyageur,Emblema de Viajero,es-AR
Emblème de la Section Anima,Emblema Animalia,es-AR
Emblém Animy,Emblema Animalia,es-AR
Emblém Bašty,Emblema de Bastión,es-AR
Emblém Hvězdopravce,Emblema de Astromante,es-AR
Emblém Miplíka,Emblema de Meeplo,es-AR
Emblém N.O.V.A.,Emblema de N.O.V.A.,es-AR
Emblém Ničitele času,Emblema de Rompetiempo,es-AR
Emblém Odpadlíka,Emblema de Furtivo,es-AR
Emblém Odstřelovače,Emblema de Francotiradores,es-AR
Emblém Pastýře,Emblema de Pastor,es-AR
Emblém Poutníka,Emblema de Viajero,es-AR
Emblém Prapůvodního,Emblema de Primordianos,es-AR
Emblém Psionika,Emblema de Psiónico,es-AR
Emblém Předvoje,Emblema de Vanguardia,es-AR
Emblém Rváče,Emblema de Peleadores,es-AR
Emblém Soudce,Emblema de Sentencia,es-AR
Emblém Temné hvězdy,Emblema de Estrella Oscura,es-AR
Emblém Vesmírného rytmu,Emblema de Onda Espacial,es-AR
Emblém Vyzyvatele,Emblema de Retadores,es-AR
Emblém Žoldnéře,Emblema de Merodeador,es-AR
Emblématique,Flexible,es-AR
Emblématiquement,El Árbol de Rasgos,es-AR
Empréstimo Avançado,Préstamo Anticipado,es-AR
Empurrão,De fiesta,es-AR
En Minik Dev,Pequeño Titán,es-AR
Ende der Weisheit,Al Filo de la Cordura,es-AR
Endgame-Experte,Especialista en el juego tardío,es-AR
Endlose Verzweiflung,Desesperación Eterna,es-AR
Enfileirando,Alineación,es-AR
Enracinement,Raíces Propagadoras,es-AR
Entre les PO et l'enclume,Recursos de Hierro,es-AR
Entschlossenheit des Titanen,Valor del Titán,es-AR
Enyhén mágikus dobás,Tirada Ligeramente Mágica,es-AR
Epic Rolldown,Rerroleo Épico,es-AR
Epickie Przelosowanie,Rerroleo Épico,es-AR
Epický výlov,Rerroleo Épico,es-AR
Epische Ladung,Rerroleo Épico,es-AR
Epoca,Época,es-AR
Epoch,Época,es-AR
Epocha,Época,es-AR
Epoche,Época,es-AR
Epocă,Época,es-AR
Epoka,Época,es-AR
Era,Época,es-AR
Eradicare,Erradicador,es-AR
Eradicator,Erradicador,es-AR
Eradicatore,Erradicador,es-AR
Erb Lightshieldů,Cresta de Escudo de Luz,es-AR
Erlöser,Redentor,es-AR
Erwartetes Unerwartetes,Espera lo Inesperado,es-AR
Erweiterter Kredit,Préstamo Anticipado,es-AR
Erőben kovácsolva,Forjado en la Fortaleza,es-AR
Erőd,Bastión,es-AR
Erőd embléma,Emblema de Bastión,es-AR
EsQUATRão,Cuatro Refuerzos,es-AR
Esagono dorato di Yasuo,Hex Dorado de Yasuo,es-AR
Esaltazione di Kayle,Exaltación de Kayle,es-AR
Esaltazione radiosa di Kayle,Exaltación Radiante de Kayle,es-AR
Escalamento de Fim de Jogo,Progresión en el juego tardío,es-AR
Escalando,Ascender de Posición,es-AR
Escalar la clasificación,Ascender de Posición,es-AR
Escolha a característica,Elige el rasgo,es-AR
Escroc,Estafador,es-AR
Escudo de estratega,Escudo del Estratega,es-AR
Escudo do Estrategista,Escudo del Estratega,es-AR
Escurridizo,Cangrejo Escurridizo,es-AR
Esence Mihotavců,Esencia de Brilloescama,es-AR
Esencia de brilloescama,Esencia de Brilloescama,es-AR
Esencja Migoczącej Łuski,Esencia de Brilloescama,es-AR
Esnek,Flexible,es-AR
Espada G.p.C.,Espadón,es-AR
Especialista em Fim de Jogo,Especialista en el juego tardío,es-AR
Especialista en final de partida,Especialista en el juego tardío,es-AR
Espera lo inesperado,Espera lo Inesperado,es-AR
Esperando o Inesperado,Espera lo Inesperado,es-AR
Espinas,Carapescado,es-AR
Esprit d'équipe,Trabajo en Equipo,es-AR
Esprit de la Rédemption,Espíritu de Redención,es-AR
Esprit encombré,Mente Saturada,es-AR
Espírito de Redenção,Espíritu de Redención,es-AR
Espíritu de la redención,Espíritu de Redención,es-AR
Espíritu libre,Inadaptados,es-AR
Essence des Luminécailles,Esencia de Brilloescama,es-AR
Essenz der Schimmerschuppen,Esencia de Brilloescama,es-AR
Essenza Scaglialucida,Esencia de Brilloescama,es-AR
Essência de Escamaluz,Esencia de Brilloescama,es-AR
Estafa,Estafador,es-AR
Estratega diminuto,Pequeño Titán,es-AR
Estrela Negra,Estrella Oscura,es-AR
Estrella oscura,Estrella Oscura,es-AR
Estudio y paciencia,Estudio Paciente,es-AR
Estudo Paciente,Estudio Paciente,es-AR
Esuli,Exiliados,es-AR
Eternal Pact,Pacto Eterno,es-AR
Etwas magische Aktualisierung,Tirada Ligeramente Mágica,es-AR
Evelynn áldása,Bendición de Evelynn,es-AR
Evelynn ösztöne,Instinto de Evelynn,es-AR
Evelynn'in Lütfu,Bendición de Evelynn,es-AR
Evelynn'in İçgüdüsü,Instinto de Evelynn,es-AR
Evelynn's Boon,Bendición de Evelynn,es-AR
Evelynn's Instinct,Instinto de Evelynn,es-AR
Evelynnin dar,Bendición de Evelynn,es-AR
Evelynnin instinkt,Instinto de Evelynn,es-AR
Evelynns Instinkt,Instinto de Evelynn,es-AR
Evelynns Segen,Bendición de Evelynn,es-AR
Evenshroud,Manto del Ocaso,es-AR
Evocazione continua,Conjuros Continuos,es-AR
Evriştirici,Megamorfosis,es-AR
Ewiger Pakt,Pacto Eterno,es-AR
Exaltación radiante de Kayle,Exaltación Radiante de Kayle,es-AR
Exaltarea lui Kayle,Exaltación de Kayle,es-AR
Exaltarea radiantă a lui Kayle,Exaltación Radiante de Kayle,es-AR
Exaltation de Kayle,Exaltación de Kayle,es-AR
Exaltation radieuse de Kayle,Exaltación Radiante de Kayle,es-AR
Exaltação Radiante de Kayle,Exaltación Radiante de Kayle,es-AR
Exaltação de Kayle,Exaltación de Kayle,es-AR
Exclusive Customization,Personalización exclusiva,es-AR
Exilados,Exiliados,es-AR
Exilați,Exiliados,es-AR
Exiles,Exiliados,es-AR
Exiliados,Exiliados,es-AR
Exilés,Exiliados,es-AR
Exklusive Feinabstimmung,Personalización exclusiva,es-AR
Exkluzivní úprava,Personalización exclusiva,es-AR
Exkluzív testreszabás,Personalización exclusiva,es-AR
Expected Unexpectedness,Espera lo Inesperado,es-AR
Expedice,Expedición,es-AR
Expedition,Expedición,es-AR
Expedição,Expedición,es-AR
Expediție,Expedición,es-AR
Expedíció,Expedición,es-AR
Explosive Growth,Crecimiento Explosivo,es-AR
Explosives Wachstum,Crecimiento Explosivo,es-AR
Expédition,Expedición,es-AR
Expérience à tout prix,Acumular,es-AR
Extirpador,Erradicador,es-AR
Ezreal,Ezreal,es-AR
Ezüstkanál,Cuchara de plata,es-AR
Ezüsttóvári hajnal,Amanecer Plateado,es-AR
Eğreti Zırh,Armadura Improvisada,es-AR
Eşsiz Deneyim,Cuchara de plata,es-AR
Eşya Çekilişi,Bolsa de Objetos,es-AR
Fabbricante di bastoni,Fabricante de Varas,es-AR
Fabbricante di spade,Fabricante de Espadas,es-AR
Fabricant de baguettes,Fabricante de Varas,es-AR
Fabricante de Bastões,Fabricante de Varas,es-AR
Fabrication en série,Réplica,es-AR
Fabrikneu,Nuevo de Fábrica,es-AR
Faca de Statikk,Daga de Statikk,es-AR
Factory New,Nuevo de Fábrica,es-AR
Fajín de mercurio,Capa Mercurial,es-AR
Fame di denaro,Avaricia,es-AR
Fantocci da crash test,Muñecos de Prueba para Choques,es-AR
Fantoccificazione,¿Hacemos un Muñeco?,es-AR
Fantoccio di addestramento,Muñeco de Entrenamiento,es-AR
Fare squadra,Forma equipo,es-AR
Farmando Aura,Farmeo Áurico,es-AR
Farmare l'aura,Farmeo Áurico,es-AR
Farmarea aurei,Farmeo Áurico,es-AR
Farmení aury,Farmeo Áurico,es-AR
Farmienie Aury,Farmeo Áurico,es-AR
Fatalista,Condenador,es-AR
Fateweaver,Tejedestinos,es-AR
Favorul Sorakăi,Bendición de Soraka,es-AR
Favorul duelistului,Bendición del Chatarrero,es-AR
Favorul lui Ahri,Bendición de Ahri,es-AR
Favorul lui Aurelion Sol,Bendición de Aurelion Sol,es-AR
Favorul lui Ekko,Bendición de Ekko,es-AR
Favorul lui Evelynn,Bendición de Evelynn,es-AR
Favorul lui Kayle,Bendición de Kayle,es-AR
Favorul lui Thresh,Bendición de Thresh,es-AR
Favorul lui Varus,Bendición de Varus,es-AR
Favorul lui Yasuo,Bendición de Yasuo,es-AR
Favorul resurecției,Bendición de Resurrección,es-AR
Fedakârlığın Erdemi,Virtud del Mártir,es-AR
Fedezeti alap,Fondo de inversión,es-AR
Feed the Flames,Alimenta las Llamas,es-AR
Feeling Lucky,¿Te Sientes con Suerte?,es-AR
Felaket Mücevheri,Joya Maldita,es-AR
Felemelkedés,Ascenso,es-AR
Feleslegesen nagy pálca,Vara Innecesariamente Grande,es-AR
Felfelé a ranglétrán I.,Ascender de Posición,es-AR
Felfelé irányuló mobilitás,Trepador Social,es-AR
Felie de viață,Fragmento de Vida,es-AR
Felinarul lui Thresh,Linterna de Thresh,es-AR
Festa de Aniversário,Reunión de Cumpleaños,es-AR
Feu concentré,Fuego Concentrado,es-AR
Fierar neobosit,Forja Viviente,es-AR
Fila em Dupla,Cola Dúo,es-AR
Filo de la noche,Filo de la Noche,es-AR
Filo infinito,Filo del Infinito,es-AR
Filo mortal,Filo de la Muerte,es-AR
Filofugaz,Cuchillas Raudas,es-AR
Fin de partie,Progresión en el juego tardío,es-AR
Final del ingenio,Al Filo de la Cordura,es-AR
Finanziamento,Préstamo Anticipado,es-AR
Find Your Center,Halla tu Centro,es-AR
Finde deine Mitte,Halla tu Centro,es-AR
Fine della notte,Filo de la Noche,es-AR
Fiora,Fiora,es-AR
Firesale,Liquidación,es-AR
Fishbones,Carapescado,es-AR
Fiumi di lacrime,Llora Todo lo que Quieras,es-AR
Fiumi di lacrime,Corriente de Lágrimas,es-AR
Fizz,Fizz,es-AR
Flambant neuf,Nuevo de Fábrica,es-AR
Flessibilità,Flexible,es-AR
Flexibel,Flexible,es-AR
Flexibilita,Flexible,es-AR
Flexibilitate,Flexible,es-AR
Flexible,Flexible,es-AR
Flexível,Flexible,es-AR
Flickerblade,Cuchillas Raudas,es-AR
Flickerblades,Cuchillas Raudas,es-AR
Fließende Tränen,Corriente de Lágrimas,es-AR
Flimmerklingen,Cuchillas Raudas,es-AR
Flowing Tears,Corriente de Lágrimas,es-AR
Fluch des Lichs,Maldición del Liche,es-AR
Fléau de liche,Maldición del Liche,es-AR
Fléau vengeur,Mangual del Guerrero,es-AR
Flügelstab,Báculo del Serafín,es-AR
Foc concentrat,Fuego Concentrado,es-AR
Focalizarea orizontului,Enfoque al Horizonte,es-AR
Foco do Horizonte,Enfoque al Horizonte,es-AR
Focused Fire,Fuego Concentrado,es-AR
Fogo Concentrado,Fuego Concentrado,es-AR
Fokozott erő,Poder Mejorado,es-AR
Fokussiertes Feuer,Fuego Concentrado,es-AR
Folyamatos idézés,Conjuros Continuos,es-AR
Fond de investiții,Fondo de inversión,es-AR
Fondamenta di prima linea,Cimientos de Línea Frontal,es-AR
Fondation de première ligne,Cimientos de Línea Frontal,es-AR
Fondo con intereses,Fondo de inversión,es-AR
Fondo speculativo,Fondo de inversión,es-AR
Forbidden Idol,Ídolo Prohibido,es-AR
Forge a Friend,Haciendo Amistades,es-AR
Forge divine,Forja Apoteósica,es-AR
Forge portative,Forja Portátil,es-AR
Forge à retardement,Forja latente,es-AR
Forged in Strength,Forjado en la Fortaleza,es-AR
Forgeron ambulant,Forja Viviente,es-AR
Forgia apoteotica,Forja Apoteósica,es-AR
Forgia incarnata,Forja Viviente,es-AR
Forgia nascosta,Forja latente,es-AR
Forgia portatile,Forja Portátil,es-AR
Forgia un amico,Haciendo Amistades,es-AR
Forgiato nella forza,Forjado en la Fortaleza,es-AR
Forja Apoteótica,Forja Apoteósica,es-AR
Forja Latente,Forja latente,es-AR
Forja Viva,Forja Viviente,es-AR
Forja apoteósica,Forja Apoteósica,es-AR
Forja de amigos,Haciendo Amistades,es-AR
Forja de espadas,Fabricante de Espadas,es-AR
Forja de varas,Fabricante de Varas,es-AR
Forja forjada,Artesanía Creativa,es-AR
Forja na Força,Forjado en la Fortaleza,es-AR
Forja portátil,Forja Portátil,es-AR
Forja reîncărcărilor,Artesanía Creativa,es-AR
Forja viviente,Forja Viviente,es-AR
Forjado a la fuerza,Forjado en la Fortaleza,es-AR
Forje uma Amizade,Haciendo Amistades,es-AR
Forjă apoteotică,Forja Apoteósica,es-AR
Forjă latentă,Forja latente,es-AR
Forjă portabilă,Forja Portátil,es-AR
Formation de Garde du corps,Entrenamiento de Guardaespaldas,es-AR
Formazione,Alineación,es-AR
Fortwährende Beschwörung,Conjuros Continuos,es-AR
Forward Thinking,Pensar a Futuro,es-AR
Forțe proaspete,Segundo Aire,es-AR
Frammento d'infinito,Filo del Infinito,es-AR
Frigideira,Sartén,es-AR
Frontkämpfer,Vanguardia,es-AR
Frontkämpfer-Emblem,Emblema de Vanguardia,es-AR
Frontline Foundation,Cimientos de Línea Frontal,es-AR
Frontlinien-Fundament,Cimientos de Línea Frontal,es-AR
Frying Pan,Sartén,es-AR
Frângător al timpului,Rompetiempo,es-AR
Frühe Erkenntnisse,Primeras Lecciones,es-AR
Fuego concentrado,Fuego Concentrado,es-AR
Fuerte pero frágil,Cañón de Cristal,es-AR
Fuerzas renovadas,Segundo Aire,es-AR
Fulcro del commercio,Núcleo Comercial,es-AR
Fundação da Linha de Frente,Cimientos de Línea Frontal,es-AR
Fundo de Garantia,Fondo de inversión,es-AR
Fundusz Inwestycyjny,Fondo de inversión,es-AR
Fuoco concentrato,Fuego Concentrado,es-AR
Fureur du kraken,Furia del Kraken,es-AR
Furia Krakena,Furia del Kraken,es-AR
Furia del kraken,Furia del Kraken,es-AR
Furia di Guinsoo,Espadafuria de Guinsoo,es-AR
Furia krakenului,Furia del Kraken,es-AR
Furtarello,Hurto,es-AR
Furto,Hurto,es-AR
Furto di componenti,Asalto de Componentes,es-AR
Furtuna lui Luden,Tempestad de Luden,es-AR
Fäustlinge,Mitones,es-AR
Félholt csapás,Maldición del Liche,es-AR
Félvezető,Semiconductor,es-AR
Fényőrző címer,Cresta de Escudo de Luz,es-AR
Fókusz,Canalizador,es-AR
Fókusz mód,Modo Canalizador,es-AR
Fúria do Cráquem,Furia del Kraken,es-AR
"FĂRĂ ANALIZĂ, FĂRĂ SCHIMBĂRI",Terquedad,es-AR
Făurit prin putere,Forjado en la Fortaleza,es-AR
Gabardina sospechosa,Gabardina Sospechosa,es-AR
Gage de Sterak,Guantelete de Sterak,es-AR
Gagnant-gagnant,Estudio Paciente,es-AR
Galaksi Avcısı,Cazagalaxias,es-AR
Galaktický lovec,Cazagalaxias,es-AR
Galaktischer Jäger,Cazagalaxias,es-AR
Galaktyczni Łowcy,Cazagalaxias,es-AR
Galaxisvadász,Cazagalaxias,es-AR
Galaxy Hunter,Cazagalaxias,es-AR
Gambit Urfa,Gambito de Urf,es-AR
Gambit d'Urf,Gambito de Urf,es-AR
Gantelet du Néant,Guantelete del Vacío,es-AR
Gantelet précieux,Guantelete Deslumbrante,es-AR
Gants d'entraînement,Guantes de Combate,es-AR
Gants de voleur,Guantes de Ladrón,es-AR
Gants porte-bonheur,Guantes de la Suerte,es-AR
Gants à gogo,Éxito Crítico,es-AR
Gardienii gemeni,Guardianes Gemelos,es-AR
Gardiens jumeaux,Guardianes Gemelos,es-AR
Gargoyl Taşzırhı,Armadura Pétrea,es-AR
Gargoyle Stoneplate,Armadura Pétrea,es-AR
Garra de dragón,Garra de Dragón,es-AR
Garra de merodeador,Garra del Merodeador,es-AR
Garra do Dragão,Garra de Dragón,es-AR
Garra do Espreitador,Garra del Merodeador,es-AR
Gasto con cabeza,Saber Gastar,es-AR
Gauner,Estafador,es-AR
Gebieter,Sentencia,es-AR
Gebieter-Emblem,Emblema de Sentencia,es-AR
Geburtstags-Wiedervereinigung,Reunión de Cumpleaños,es-AR
Geburtstagsgeschenk,Regalo de cumpleaños,es-AR
Gecenin Kıyısı,Filo de la Noche,es-AR
Geduld ist eine Tugend,La Paciencia es una Virtud,es-AR
Geeinter Halt,Unidos,es-AR
Gefälligkeit des Schrotthändlers,Bendición del Chatarrero,es-AR
Gegenstand-Wundertüte,Bolsa de Objetos,es-AR
Geist der Erlösung,Espíritu de Redención,es-AR
Geistessicht,Apariencia Espiritual,es-AR
Geld fürs Mittagessen,Dinero del almuerzo,es-AR
Geldgierig,Avaricia,es-AR
Geldmonsun,Monzón Millonario,es-AR
Gelişmiş Güç,Poder Mejorado,es-AR
Gelungenes Comeback,Volver al Ruedo,es-AR
Gespiegelte Persona,Persona en Espejo,es-AR
Gheara dragonului,Garra de Dragón,es-AR
Gheara lui Sterak,Guantelete de Sterak,es-AR
Gheara prădătorului,Garra del Merodeador,es-AR
Giant Slayer,Verdugo de Gigantes,es-AR
Giant and Mighty,Fuerte y Enorme,es-AR
Giant's Belt,Cinturón de Gigante,es-AR
Gigante e Poderoso,Fuerte y Enorme,es-AR
Gigantes y fuertes,Fuerte y Enorme,es-AR
Gilded Steel,Acero Dorado,es-AR
Gioco di lama di Yasuo,Esgrima de Yasuo,es-AR
Gioiello della rovina,Joya Maldita,es-AR
Giuvaier blestemat,Joya Maldita,es-AR
Gizemli Trençkot,Gabardina Sospechosa,es-AR
Giáp Lưới,Cota de Malla,es-AR
Giáp Máu Warmog,Armadura de Warmog,es-AR
Giáp Tay Seeker,Guardabrazo del Buscador,es-AR
Giáp Tâm Linh,Apariencia Espiritual,es-AR
Giáp Tự Chế,Armadura Improvisada,es-AR
Giáp Vai Nguyệt Thần,Manto del Ocaso,es-AR
Giù come birilli,En racha,es-AR
Giọt Lệ Bi Ai,Llora Todo lo que Quieras,es-AR
Giữ Vững Hàng Ngũ,Mantén la Posición,es-AR
Glaives à gogo,Ábrete Camino,es-AR
Glaskanone,Cañón de Cristal,es-AR
Glass Cannon,Cañón de Cristal,es-AR
Glückshandschuhe,Guantes de la Suerte,es-AR
Gnar,Gnar,es-AR
Goana după bani,Avaricia,es-AR
God-Blessed,Bendecido por los Dioses,es-AR
Going Long,Acumular,es-AR
Golden Gamble,Apuesta Dorada,es-AR
Goldenes Glücksspiel,Apuesta Dorada,es-AR
Golem,Gólem,es-AR
Golpetazos,De fiesta,es-AR
Good For Something,Bueno para Algo,es-AR
Gotowy Komplet,Armado máximo,es-AR
Gottgesegnet,Bendecido por los Dioses,es-AR
Grabież,Hurto,es-AR
Gracia de Ahri,Bendición de Ahri,es-AR
Gracia de Aurelion Sol,Bendición de Aurelion Sol,es-AR
Gracia de Ekko,Bendición de Ekko,es-AR
Gracia de Evelynn,Bendición de Evelynn,es-AR
Gracia de Kayle,Bendición de Kayle,es-AR
Gracia de Soraka,Bendición de Soraka,es-AR
Gracia de Thresh,Bendición de Thresh,es-AR
Gracia de Varus,Bendición de Varus,es-AR
Gracia de Yasuo,Bendición de Yasuo,es-AR
Gracia de resurrección,Bendición de Resurrección,es-AR
Gragas,Gragas,es-AR
Grandalhão,El Tamaño Importa,es-AR
Grande e possente,Fuerte y Enorme,es-AR
Grandeur et démesure,Fuerte y Enorme,es-AR
Graves,Graves,es-AR
Gredin,Estafador,es-AR
Griffe de dragon,Garra de Dragón,es-AR
Griffes du rôdeur,Garra del Merodeador,es-AR
Group Hug,Abrazo Grupal,es-AR
Groß und mächtig,Fuerte y Enorme,es-AR
Große Wundertüte,Bolsa de Sorpresas grande,es-AR
Groźniejsze Ostrza,Espadas Más Letales,es-AR
Gruboskórność Steraka,Guantelete de Sterak,es-AR
Grup Kucaklaşması,Abrazo Grupal,es-AR
Grupowy Przytulas,Abrazo Grupal,es-AR
Gruppenumarmung,Abrazo Grupal,es-AR
Gräte,Carapescado,es-AR
Größe ist alles,El Tamaño Importa,es-AR
Guantelete enjoyado,Guantelete Deslumbrante,es-AR
Guantes de combate,Guantes de Combate,es-AR
Guantes de la suerte,Guantes de la Suerte,es-AR
Guantes de ladrón,Guantes de Ladrón,es-AR
Guanti del ladro,Guantes de Ladrón,es-AR
Guanti fortunati,Guantes de la Suerte,es-AR
Guanto del Vuoto,Guantelete del Vacío,es-AR
Guanto ingioiellato,Guantelete Deslumbrante,es-AR
Guantoni,Guantes de Combate,es-AR
Guardianes gemelos,Guardianes Gemelos,es-AR
Guardiani gemelli,Guardianes Gemelos,es-AR
Guardiões Gêmeos,Guardianes Gemelos,es-AR
Guinsoo dühpengéje,Espadafuria de Guinsoo,es-AR
Guinsoo'nun Hiddeti,Espadafuria de Guinsoo,es-AR
Guinsoo's Rageblade,Espadafuria de Guinsoo,es-AR
Guinsoos Wutklinge,Espadafuria de Guinsoo,es-AR
Guinsoova zuřivá čepel,Espadafuria de Guinsoo,es-AR
Gume do Infinito,Filo del Infinito,es-AR
Gun Goddess,Diosa de las Pistolas,es-AR
Gustări dulci,Dulces Golosinas,es-AR
Gwałtowny Wzrost,Crecimiento Explosivo,es-AR
Gwen,Gwen,es-AR
Gwiezdna Kombinacja,Combo Estelar,es-AR
Gyakorlófigura,Muñeco de Entrenamiento,es-AR
Gyanús ballonkabát,Gabardina Sospechosa,es-AR
Gyors kettős gyilkosság,Asesinato Doble Veloz,es-AR
Gyorstüzelő ágyú,Cañón de Fuego Rápido,es-AR
Gyári új,Nuevo de Fábrica,es-AR
Gyógyító gömbök I.,Orbes de curación,es-AR
Gói Bảo Hộ,Paquete de Cuidados,es-AR
Gói Tăng Cường,Paquete de Mejora,es-AR
Gói Đăng Ký Hạng Sang,Suscripción de Lujo,es-AR
Gökten Yağan Altın,Monzón Millonario,es-AR
Gölge Kukla,Marioneta Sombría,es-AR
Gömülü Hazineler,Tesoros Enterrados,es-AR
Göttlicher Duellant,Duelista Divino,es-AR
Gözyaşları Sel,Llora Todo lo que Quieras,es-AR
Gözü Yükseklerde,Acumular,es-AR
Gümüşgöl Şafağı,Amanecer Plateado,es-AR
Günateşi Pelerini,Capa de Fuego Solar,es-AR
Günateşi Tahtası,Tablero de Fuego Solar,es-AR
Gürtel des Riesen,Cinturón de Gigante,es-AR
Gürtel im Überfluss,Cinturón XL,es-AR
Gürzün Dileği,Voluntad del Mazo,es-AR
Güç Kadehi,Cáliz de Poder,es-AR
Güçle İşlenmiş,Forjado en la Fortaleza,es-AR
Güçlü Ama Kırılgan,Cañón de Cristal,es-AR
Güçlü Arkadaşlık,Haciendo Amistades,es-AR
Güçlü Şapkalar,Sombreros Más Letales,es-AR
Găng Bảo Thạch,Guantelete Deslumbrante,es-AR
Găng Hư Không,Guantelete del Vacío,es-AR
Găng Đạo Tặc,Guantes de Ladrón,es-AR
Găng Đấu Sĩ,Mitones,es-AR
Găng Đấu Tập,Guantes de Combate,es-AR
Găsește-ți centrul de putere,Halla tu Centro,es-AR
Gươm Biến Ảnh,Sable Espectral,es-AR
Gậy Quá Khổ,Vara Innecesariamente Grande,es-AR
Hacha infernal,Hacha de Fuego Infernal,es-AR
Hachette infernale,Hacha de Fuego Infernal,es-AR
Hadiösvény,Sendero de Guerra,es-AR
Hadúri dicsőség,Honor del Caudillo,es-AR
Hai il mio arco,Mi arco a tu servicio,es-AR
Hai odată,Tú Pégales,es-AR
Hajnalmag,Esfera del Amanecer,es-AR
Halbleiter,Semiconductor,es-AR
Halszálka,Carapescado,es-AR
Halálosabb pengék,Espadas Más Letales,es-AR
Halálosabb süvegek,Sombreros Más Letales,es-AR
Halálpenge,Filo de la Muerte,es-AR
Hand Of Justice,Mano de la Justicia,es-AR
Hand der Gerechtigkeit,Mano de la Justicia,es-AR
Handelssektor,Sector de Intercambio,es-AR
Handschuhe des Diebs,Guantes de Ladrón,es-AR
Hang Ổ Baron,Guarida del Barón,es-AR
Hanger fantomatic,Sable Espectral,es-AR
Hard Commit,Gran Compromiso,es-AR
Hatalmas sorsolás,Rerroleo Épico,es-AR
Hatalmas és erős,Fuerte y Enorme,es-AR
Határtalan penge,Filo del Infinito,es-AR
Haute tension,Alto Voltaje,es-AR
Hayat Deneyimi,Estudio Paciente,es-AR
Hayattan Bir Kesit,Fragmento de Vida,es-AR
Hazine Avı,Cazatesoros,es-AR
Haşmetli Hydra,Hidra Titánica,es-AR
Haşmetli Macera,Una Aventura Eminente,es-AR
Healing Orbs,Orbes de curación,es-AR
Heart of Steel,Corazón de Acero,es-AR
Heavy Is the Crown,Pesada es la Corona,es-AR
Hecho a medida,Personalización exclusiva,es-AR
Hedef Kuklası,Muñeco de Entrenamiento,es-AR
Hedefe Kilitlenen Optik,Óptica de Fijación de Objetivo,es-AR
Hedge Fund,Fondo de inversión,es-AR
Heilende Echos,Ecos Reparadores,es-AR
Heilende Kugeln,Orbes de curación,es-AR
Heldenhafte Wundertüte,Bolsa de Sorpresas Heroica,es-AR
Hellfire Hatchet,Hacha de Fuego Infernal,es-AR
Hemos venido a jugar,Jugadas arriesgadas,es-AR
Heraldo desolador de Zeke,Heraldo de las Tinieblas de Zeke,es-AR
Herausforderer,Retador,es-AR
Herausforderer-Emblem,Emblema de Retadores,es-AR
Herausforderer-Modus,Modo Retador,es-AR
Herb Dynastii Promiennej Tarczy,Cresta de Escudo de Luz,es-AR
Herkesin Katili,Verdugo Indiscriminado,es-AR
Heroic Grab Bag,Bolsa de Sorpresas Heroica,es-AR
Heroiczna Torba z Różnościami,Bolsa de Sorpresas Heroica,es-AR
Herold Zeke'a,Heraldo de Zeke,es-AR
Herz aus Stahl,Corazón de Acero,es-AR
Heul doch …,Llora Todo lo que Quieras,es-AR
Hexagone doré de Yasuo,Hex Dorado de Yasuo,es-AR
Hexagonul auriu al lui Yasuo,Hex Dorado de Yasuo,es-AR
Hextech Gunblade,Sablepistola Hextech,es-AR
Hextech Silahkılıç,Sablepistola Hextech,es-AR
Hextech lőpenge,Sablepistola Hextech,es-AR
Hextech-Gunblade,Sablepistola Hextech,es-AR
Hexágono dorado de Yasuo,Hex Dorado de Yasuo,es-AR
Hidra Titânica,Hidra Titánica,es-AR
Hidra titanilor,Hidra Titánica,es-AR
Hidra titánica,Hidra Titánica,es-AR
Higany,Capa Mercurial,es-AR
High Voltage,Alto Voltaje,es-AR
Hilfspaket,Paquete de Cuidados,es-AR
Hirte,Pastor,es-AR
Hirte-Emblem,Emblema de Pastor,es-AR
Historia Powrotu do Chwały,Volver al Ruedo,es-AR
Hivatásos bokszoló,Boxeador Profesional,es-AR
Hiçlik Değneği,Báculo del Vacío,es-AR
Hiçlik Eldiveni,Guantelete del Vacío,es-AR
Hiện Thân Phản Chiếu,Persona en Espejo,es-AR
Hiện Thân Phản Chiếu Cỡ Nhỏ,Persona en Espejo menor,es-AR
Hochspannung,Alto Voltaje,es-AR
Hoja de furia de Guinsoo,Espadafuria de Guinsoo,es-AR
Hoja maldita,Cuchilla Maldita,es-AR
Hojas más letales,Espadas Más Letales,es-AR
Hold the Line,Mantén la Posición,es-AR
Holofote Compartilhado do Yasuo,Comparte los Reflectores con Yasuo,es-AR
Honneur du Maître de guerre,Honor del Caudillo,es-AR
Honor Watażki,Honor del Caudillo,es-AR
Honor de señor de la guerra,Honor del Caudillo,es-AR
Honra do Mestre da Guerra,Honor del Caudillo,es-AR
Hordozható kohó,Forja Portátil,es-AR
Horizon Focus,Enfoque al Horizonte,es-AR
Horizont,Enfoque al Horizonte,es-AR
Horizontfokus,Enfoque al Horizonte,es-AR
Hortlak Palası,Sable Espectral,es-AR
Hosszú távú befektetés,Acumular,es-AR
Hrdinská dárková taška,Bolsa de Sorpresas Heroica,es-AR
Hurdacının Lütfu,Bendición del Chatarrero,es-AR
Hustler,Estafador,es-AR
Huy Hiệu Lightshield,Cresta de Escudo de Luz,es-AR
Huyết Giá,Precio Sangriento,es-AR
Huyết Kiếm,La Sanguinaria,es-AR
Huyết Trượng Tha Hóa,Cetro Vampírico Corrupto,es-AR
Huyết Tế,Ofrenda de Sangre,es-AR
Huấn Luyện Cận Vệ,Entrenamiento de Guardaespaldas,es-AR
Hvězdná obnova,En racha,es-AR
Hvězdné kombo,Combo Estelar,es-AR
Hvězdopravec,Astromante,es-AR
Hydre titanesque,Hidra Titánica,es-AR
Hàng Chờ Pandora,Banca de Pandora,es-AR
Hàng Chờ Đấu Đôi,Cola Dúo,es-AR
Hành Tinh,Onda Espacial,es-AR
Hào Quang Của Ahri,Aura de Ahri,es-AR
Hào Quang Nhân Vật Chính,La trama lo protege,es-AR
Hármak légiója,Legión de Tres,es-AR
Hármas kombó I.,Trifecta,es-AR
Hátsó vonal tervrajza,Plano de Línea Trasera,es-AR
Hâkim,Sentencia,es-AR
Hâkim Amblemi,Emblema de Sentencia,es-AR
Hình Nhân,Muñeco de Entrenamiento,es-AR
Hình Nhân Hóa,¿Hacemos un Muñeco?,es-AR
Hình Nộm Va Chạm,Muñecos de Prueba para Choques,es-AR
Hút Sinh Lực,Vitalidad Vampírica,es-AR
Hücum Gürzü,Mangual del Guerrero,es-AR
Hükümdarın Seçimi,Bendecido por los Dioses,es-AR
Hırsız Eldiveni,Guantes de Ladrón,es-AR
Hırsız Çetesi,Banda de Ladrones,es-AR
Hırsız Çetesi II,Banda de Ladrones II,es-AR
Hızlı Başlangıç,Inicio Veloz,es-AR
Hızlı Yükseliş,A Remontar,es-AR
Hızlı İkide İki,Asesinato Doble Veloz,es-AR
Hősies zsákbamacska,Bolsa de Sorpresas Heroica,es-AR
Hůl Prázdnoty,Báculo del Vacío,es-AR
Hướng Đến Hồi Kết,Especialista en el juego tardío,es-AR
Hưởng Ké Hào Quang Yasuo,Comparte los Reflectores con Yasuo,es-AR
Hạ Đo Ván,De fiesta,es-AR
Hắc Tinh,Estrella Oscura,es-AR
Hố Đen Tí Hon,Miniagujero Negro,es-AR
Hủy Diệt,Erradicador,es-AR
Ia arcul meu,Mi arco a tu servicio,es-AR
Idol interzis,Ídolo Prohibido,es-AR
Idole interdite,Ídolo Prohibido,es-AR
Idolo proibito,Ídolo Prohibido,es-AR
Idra titanica,Hidra Titánica,es-AR
Időtörő,Rompetiempo,es-AR
Időtörő embléma,Emblema de Rompetiempo,es-AR
Ikerőrzők,Guardianes Gemelos,es-AR
Il Drago dorato,El Dragón Dorado,es-AR
Il massimo con il minimo,Mínimo/Máximo,es-AR
Il potente Mech,El Mega Mecha,es-AR
Illaoi,Illaoi,es-AR
Iluminare parțială,Ascensión parcial,es-AR
Immer höher hinauf,Ascender de Posición,es-AR
Impermeabile sospetto,Gabardina Sospechosa,es-AR
Impianti cibernetici,Implantes Cibernéticos,es-AR
Impianto empatico,Implante Simpático,es-AR
Implant Współczulny,Implante Simpático,es-AR
Implant cybernétique,Implante Simpático,es-AR
Implant empatic,Implante Simpático,es-AR
Implante Solidário,Implante Simpático,es-AR
Implante simpático,Implante Simpático,es-AR
Implantes cibernéticos,Implantes Cibernéticos,es-AR
Implants cybernétiques,Implantes Cibernéticos,es-AR
Implanturi cibernetice,Implantes Cibernéticos,es-AR
Implanty Cybernetyczne,Implantes Cibernéticos,es-AR
Impossível Recusar,Tú Pégales,es-AR
Improvisierte Rüstung,Armadura Improvisada,es-AR
Improwizowana Zbroja,Armadura Improvisada,es-AR
Impuesto cognitivo,Impuesto Cognitivo,es-AR
In quattro e quattr'otto,Cuatro Refuerzos,es-AR
Inadaptați,Inadaptados,es-AR
Inaktivitás,Inactividad,es-AR
Incantație continuă,Conjuros Continuos,es-AR
Indiscriminate Killer,Verdugo Indiscriminado,es-AR
Indomable,El Indomable,es-AR
Indomável,El Indomable,es-AR
Infinity Edge,Filo del Infinito,es-AR
Infinity Protection,Protección del Infinito,es-AR
Inimă de oțel,Corazón de Acero,es-AR
Initiateur,Vanguardia,es-AR
Innervating Locket,Relicario Enervante,es-AR
Instinct d'Evelynn,Instinto de Evelynn,es-AR
Instinctul lui Evelynn,Instinto de Evelynn,es-AR
Instynkt Evelynn,Instinto de Evelynn,es-AR
Insígnia do Lumescudo,Cresta de Escudo de Luz,es-AR
Intermediar,Canalizador,es-AR
Invadatorul Zed,Invasor Zed,es-AR
Invader Zed,Invasor Zed,es-AR
Invasión de Zed,Invasor Zed,es-AR
Inversión,Inversión,es-AR
Invested,Inversión,es-AR
Investice,Inversión,es-AR
Investiert,Inversión,es-AR
Investimento,Inversión,es-AR
Investissement,Inversión,es-AR
Investissement sur le futur,Pensar a Futuro,es-AR
Investitura,Inversión,es-AR
Investiční fond,Fondo de inversión,es-AR
Investiție,Inversión,es-AR
Inwestycja,Acumular,es-AR
Início Rápido,Inicio Veloz,es-AR
Ionic Spark,Chispa Iónica,es-AR
Ionischer Funke,Chispa Iónica,es-AR
Ionos szikra,Chispa Iónica,es-AR
Iontová jiskra,Chispa Iónica,es-AR
Iron Assets,Recursos de Hierro,es-AR
Isteni párbajhős,Duelista Divino,es-AR
Istennő könnycseppje,Lágrima de la Diosa,es-AR
Istenáldotta,Bendecido por los Dioses,es-AR
Istinto di Evelynn,Instinto de Evelynn,es-AR
Item Grab Bag,Bolsa de Objetos,es-AR
Itens de Pandora,Objetos de Pandora,es-AR
Iubire nezdruncinată,Espíritu Firme,es-AR
Işıltılı Serseri,Rufián Radiante,es-AR
JEDU SI TO SVOJE,Terquedad,es-AR
Ja Gram Solo,Leveleando en solitario,es-AR
Jaf,Hurto,es-AR
Jaful componentelor,Asalto de Componentes,es-AR
Jakim Kosztem,A qué precio,es-AR
Jax,Jax,es-AR
Jaximus,Apunta a las Estrellas,es-AR
"Jeden buff, dva buffy","Una Mejora, Dos Mejoras",es-AR
"Jedna, dva, tři","Uno, Dos, Tres",es-AR
Jeu de patience,La Paciencia es una Virtud,es-AR
Jeweled Gauntlet,Guantelete Deslumbrante,es-AR
Jeweled Lotus,Loto Adornado,es-AR
Jhin,Jhin,es-AR
Jinx,Jinx,es-AR
Jogada Levemente Mágica,Tirada Ligeramente Mágica,es-AR
Jogada Mágica,Tirada Mágica,es-AR
Jogada de Urf,Gambito de Urf,es-AR
Joia da Ruína,Joya Maldita,es-AR
Jonowa Iskra,Chispa Iónica,es-AR
Jour de relance,Actualiza sin parar,es-AR
Joya de la plaga,Joya Maldita,es-AR
Joyau putréfiant,Joya Maldita,es-AR
Juge stellaire,Sentencia,es-AR
Juramento do Cavaleiro,Promesa del Caballero,es-AR
Juramento do Protetor,Juramento del Protector,es-AR
Jurământul protectorului,Juramento del Protector,es-AR
Jus chapi-chapo,Juguito de Gorrito,es-AR
Just Hit,Tú Pégales,es-AR
Justice critique,Retribución,es-AR
Juwelenbesetzter Handschuh,Guantelete Deslumbrante,es-AR
Juwelenbesetzter Lotus,Loto Adornado,es-AR
Jádro obchodu,Núcleo Comercial,es-AR
Jádro úsvitu,Esfera del Amanecer,es-AR
Jó sorozat,En racha,es-AR
Jóbarát rendelésre,Arma un Amigo,es-AR
Jós,Oráculo,es-AR
Jótékony visszhang,Ecos Reparadores,es-AR
K. N. kard,Espadón,es-AR
K. V. meč,Espadón,es-AR
K.W. Miecz,Espadón,es-AR
"KEIN UMSEHEN, KEIN WECHSELN",Terquedad,es-AR
Kaderbaz,Tejedestinos,es-AR
Kahraman Çekilişi,Bolsa de Sorpresas Heroica,es-AR
Kahuna,Kahunahuna,es-AR
Kahunahuna,Kahunahuna,es-AR
Kai'Sa,Kai'Sa,es-AR
Kamekameha,Kahunahuna,es-AR
Kamienna Płyta Gargulca,Armadura Pétrea,es-AR
Kamizelka Cierniowa,Vesta Espinosa,es-AR
Kamizelka Kolcza,Cota de Malla,es-AR
Kampfhandschuhe,Guantes de Combate,es-AR
Kan Adağı,Ofrenda de Sangre,es-AR
Kan Bedeli,Precio Sangriento,es-AR
Kanalisierer,Canalizador,es-AR
Kanalisierermodus,Modo Canalizador,es-AR
Kanasusamış,La Sanguinaria,es-AR
Kanciarz,Estafador,es-AR
Kanoucí slzy,Corriente de Lágrimas,es-AR
Kapelusze Zabójcze jak Nigdy,Sombreros Más Letales,es-AR
Karanlık Leydi,Dama Oscura,es-AR
Kararlı Yürek,Espíritu Firme,es-AR
Karayel,Céfiro,es-AR
Kardkovács,Fabricante de Espadas,es-AR
Kardszállítmány,Espada Desmedida,es-AR
Karma,Karma,es-AR
Kayle felmagasztosulása,Exaltación de Kayle,es-AR
Kayle ragyogó felmagasztosulása,Exaltación Radiante de Kayle,es-AR
Kayle áldása,Bendición de Kayle,es-AR
Kayle's Boon,Bendición de Kayle,es-AR
Kayle's Exaltation,Exaltación de Kayle,es-AR
Kayle's Radiant Exaltation,Exaltación Radiante de Kayle,es-AR
Kayle'ın Işıltılı Yüceliği,Exaltación Radiante de Kayle,es-AR
Kayle'ın Lütfu,Bendición de Kayle,es-AR
Kayle'ın Yüceliği,Exaltación de Kayle,es-AR
Kayles Hochgefühl,Exaltación de Kayle,es-AR
Kayles Segen,Bendición de Kayle,es-AR
Kayles strahlendes Hochgefühl,Exaltación Radiante de Kayle,es-AR
Kaylin dar,Bendición de Kayle,es-AR
Kaylino povznesení,Exaltación de Kayle,es-AR
Kaylino zářivé povznesení,Exaltación Radiante de Kayle,es-AR
Kaz Gelecek Yerden...,Jugadas arriesgadas,es-AR
Kedi Olalı Bir Fare,Bueno para Algo,es-AR
Kedvez a szerencse,¿Te Sientes con Suerte?,es-AR
Kefaret Ruhu,Espíritu de Redención,es-AR
Kelch der Macht,Cáliz de Poder,es-AR
Kemer Fazlalığı,Cinturón XL,es-AR
Kereskedelmi központ,Núcleo Comercial,es-AR
Keresők karvértje,Guardabrazo del Buscador,es-AR
Keskin Nişancı,Francotirador,es-AR
Keskin Nişancı Amblemi,Emblema de Francotiradores,es-AR
Kettenweste,Cota de Malla,es-AR
Keşif Gezisi,Expedición,es-AR
Khiên Hoàng Hôn,Égida del Ocaso,es-AR
Khiên Hừng Đông,Égida del Amanecer,es-AR
Khiên Đơn Đấu,Solo Pétreo,es-AR
Kho Báu Chôn Giấu,Tesoros Enterrados,es-AR
Kho Báu Sắt,Recursos de Hierro,es-AR
Khu Giao Dịch,Sector de Intercambio,es-AR
Khuyến Mãi Kinh Nghiệm,¡Sube de nivel!,es-AR
Khéo Tay Hay Làm,Artesanía Creativa,es-AR
Khảm Bảo Thạch,Loto Adornado,es-AR
Khế Ước Vĩnh Hằng,Pacto Eterno,es-AR
Khổng Lồ Hóa,Titanes Diminutos,es-AR
Khổng Lồ Tí Hon,Pequeño Titán,es-AR
Khởi Động Nhanh,Inicio Veloz,es-AR
Kibernetikus fellövő,Enlace Cibernético,es-AR
Kibernetikus implantátumok,Implantes Cibernéticos,es-AR
Kick Start,Inicio Veloz,es-AR
Kickstart,Inicio Veloz,es-AR
"Kicsi, de halálos",Pequeño pero mortífero,es-AR
Kihívó,Retador,es-AR
Kihívó embléma,Emblema de Retadores,es-AR
Kihívó mód,Modo Retador,es-AR
Kiirtó,Erradicador,es-AR
Kim Long,El Dragón Dorado,es-AR
Kimaxolt összeállítás,Armado máximo,es-AR
Kincsvadászat,Cazatesoros,es-AR
Kindred,Kindred,es-AR
Kiralık Katil,Asesino a Sueldo,es-AR
Kis zsákbamacska,Bolsa de Sorpresas Pequeña,es-AR
Kiên Nhẫn Của Ekko,Paciencia de Ekko,es-AR
Kiên Nhẫn Học Tập,Estudio Paciente,es-AR
Kiên Nhẫn Là Một Đức Tính,La Paciencia es una Virtud,es-AR
Kişiselleştirme Fırsatı,Personalización exclusiva,es-AR
Kiếm B.F.,Espadón,es-AR
Kiếm Cong,Cuchilla Maldita,es-AR
Kiếm Súng Hextech,Sablepistola Hextech,es-AR
Kiếm Tai Ương,Maldición del Liche,es-AR
Kiếm Thuật Của Yasuo,Esgrima de Yasuo,es-AR
Kiếm Tử Thần,Espadas Más Letales,es-AR
Kiếm Tử Thần,Filo de la Muerte,es-AR
Klarer Geist,Mente Despejada,es-AR
Klaue des Meuchlers,Garra del Merodeador,es-AR
Kleine Freunde,Amiguitos,es-AR
Kleine Wundertüte,Bolsa de Sorpresas Pequeña,es-AR
Kleine gespiegelte Persona,Persona en Espejo menor,es-AR
Kleines schwarzes Loch,Miniagujero Negro,es-AR
Klejnot Rozpadu,Joya Maldita,es-AR
Klenot nákazy,Joya Maldita,es-AR
Klinge der Unendlichkeit,Filo del Infinito,es-AR
Klinge des Todes,Filo de la Muerte,es-AR
Klonprogramm,Réplica,es-AR
Kluftkrabbler,Cangrejo Escurridizo,es-AR
Knallhart,La trama lo protege,es-AR
Knight's Vow,Promesa del Caballero,es-AR
Kniha vlastností,Tomo de Rasgos,es-AR
Kognitive Steuer,Impuesto Cognitivo,es-AR
Kognitive Überladung,Sobrecarga Cognitiva,es-AR
Kognitivní přetížení,Sobrecarga Cognitiva,es-AR
Kognitivní zátěž,Impuesto Cognitivo,es-AR
Kognitív teher,Impuesto Cognitivo,es-AR
Kognitív túlterhelés,Sobrecarga Cognitiva,es-AR
Kolejka Duo,Cola Dúo,es-AR
Koleżcy,Amiguitos,es-AR
Kolosalna Hydra,Hidra Titánica,es-AR
Kommandant,Comandante,es-AR
Kommerzkern,Núcleo Comercial,es-AR
Komponentenraub,Asalto de Componentes,es-AR
Komutan,Comandante,es-AR
Koniec Rozumu,Al Filo de la Cordura,es-AR
Konserwator Biomaterii,Preservador de Biomateria,es-AR
Konto Oszczędnościowe,Cuenta de Ahorros,es-AR
Konzervátor biomateriálu,Preservador de Biomateria,es-AR
Kopyalama Süreci,Réplica,es-AR
Korai tanulságok,Primeras Lecciones,es-AR
Korbacz Napastnika,Mangual del Guerrero,es-AR
Korona Taktyka,Corona de Estratega,es-AR
Korona Zawsze Będzie Ciążyć,Pesada es la Corona,es-AR
Koronaőr,Guardia de la Corona,es-AR
Koroze,Corrosión,es-AR
Korozja,Corrosión,es-AR
Korozyon,Corrosión,es-AR
Korrosion,Corrosión,es-AR
Korrózió,Corrosión,es-AR
Korszak,Época,es-AR
Koruma Eğitimi,Entrenamiento de Guardaespaldas,es-AR
Korunní stráž,Guardia de la Corona,es-AR
Koruyucunun Müttefiki,Alianza del Guardián,es-AR
Kosa Statikka,Daga de Statikk,es-AR
Kosmický restart,Reinicio Cósmico,es-AR
Kosmiczny Restart,Reinicio Cósmico,es-AR
Kosmischer Neubeginn,Reinicio Cósmico,es-AR
Kosmofaza,Onda Espacial,es-AR
Kostur Archanioła,Báculo del Arcángel,es-AR
Kostur Pustki,Báculo del Vacío,es-AR
Kostur Serafina,Báculo del Serafín,es-AR
Kosturnik,Fabricante de Varas,es-AR
Kouzelný hod,Tirada Mágica,es-AR
Kovácsolj barátot,Haciendo Amistades,es-AR
Kozmik Başlangıç,Reinicio Cósmico,es-AR
Kozmikus újraindítás,Reinicio Cósmico,es-AR
Kraken'in Öfkesi,Furia del Kraken,es-AR
Kraken's Fury,Furia del Kraken,es-AR
Krakenův hněv,Furia del Kraken,es-AR
Kraliyet Başlığı,Guardia de la Corona,es-AR
Krev za krev,Precio Sangriento,es-AR
Kriegsbeil des Höllenfeuers,Hacha de Fuego Infernal,es-AR
Kriegspfad,Sendero de Guerra,es-AR
Kritický úspěch,Éxito Crítico,es-AR
Kritik Başarı,Éxito Crítico,es-AR
Kritikus siker,Éxito Crítico,es-AR
Kritischer Erfolg,Éxito Crítico,es-AR
Krmení plamenů,Alimenta las Llamas,es-AR
Krone des Taktikers,Corona de Estratega,es-AR
Kronwacht,Guardia de la Corona,es-AR
Kroužková vesta,Cota de Malla,es-AR
Krvavá oběť,Ofrenda de Sangre,es-AR
Krvežíznivec,La Sanguinaria,es-AR
Krwiopijec,La Sanguinaria,es-AR
Krytyczny Sukces,Éxito Crítico,es-AR
Księga Cech,Tomo de Rasgos,es-AR
Kuchnia Taktyka,Cocina de Estratega,es-AR
Kukiełka Cienia,Marioneta Sombría,es-AR
Kukla Yağmuru!,Muñecos de Prueba para Choques,es-AR
Kuklaya Dönüştür,¿Hacemos un Muñeco?,es-AR
Kukła Treningowa,Muñeco de Entrenamiento,es-AR
Kukły do Testów Wypadkowych,Muñecos de Prueba para Choques,es-AR
Kule,La Torre,es-AR
Kusursuzluk Arayışı,Mínimo/Máximo,es-AR
Kutilův dar,Bendición del Chatarrero,es-AR
Kybernetická linka,Enlace Cibernético,es-AR
Kybernetické implantáty,Implantes Cibernéticos,es-AR
Kybernetische Implantate,Implantes Cibernéticos,es-AR
Kybernetische Verbindung,Enlace Cibernético,es-AR
Kártyacsomag,Paquete de Mejora,es-AR
Kâhin,Oráculo,es-AR
Kék erősítés,Mejora azul,es-AR
Kích Cỡ Là Quan Trọng,El Tamaño Importa,es-AR
Kính Khóa Mục Tiêu,Óptica de Fijación de Objetivo,es-AR
Kính Nhắm Ma Pháp,Enfoque al Horizonte,es-AR
Könnyek patakja,Llora Todo lo que Quieras,es-AR
Könyörtelen költség,Monetización Maligna,es-AR
Kötü Niyetli Kazanç,Monetización Maligna,es-AR
Kötü Yazılım Matrisi,Matriz de Malware,es-AR
Közös gyakorlás,¿Hacemos un Muñeco?,es-AR
Küldetés újrakezdése,Reiniciar Misión,es-AR
Küçük Benlik Aynası,Persona en Espejo menor,es-AR
Kılavuz,Pastor,es-AR
Kılavuz Amblemi,Emblema de Pastor,es-AR
Kılçık,Carapescado,es-AR
Kılıç Fazlalığı,Espada Desmedida,es-AR
Kılıç İşçisi,Fabricante de Espadas,es-AR
Kırmızı Güçlendirme,Mejora Roja,es-AR
Kısmen Büyülü Zar,Tirada Ligeramente Mágica,es-AR
Kısmi Yükseliş,Ascensión parcial,es-AR
Kıymetli Metaller,Recursos de Hierro,es-AR
Kızartma Tavası,Sartén,es-AR
Kẻ Sống Sót,Sobreviviente,es-AR
Kết Nối Drone,Enlace de Dron,es-AR
Kết Nối Gián Đoạn,Conexiones fallidas,es-AR
Kề Vai Sát Cánh,No nos Separamos,es-AR
Kỳ Vọng Bất Ngờ,Espera lo Inesperado,es-AR
Kỷ Nguyên,Época,es-AR
L'Albero dei tratti,El Árbol de Rasgos,es-AR
L'amour du risque,Jugadas arriesgadas,es-AR
L'atteso inaspettato,Espera lo Inesperado,es-AR
L'indomabile,El Indomable,es-AR
L'indomptable,El Indomable,es-AR
L'onore del Signore della guerra,Honor del Caudillo,es-AR
L'uovo dorato,El Huevo Dorado,es-AR
La Bramasangue,La Sanguinaria,es-AR
La Tour,La Torre,es-AR
La cumpărături,Compras compulsivas,es-AR
La espera merece la pena,Vale la Pena la Espera,es-AR
La fortuna te sonríe,¿Te Sientes con Suerte?,es-AR
La legge della mazza,Voluntad del Mazo,es-AR
La paciencia es una virtud,La Paciencia es una Virtud,es-AR
La pazienza è una virtù,La Paciencia es una Virtud,es-AR
La torre,La Torre,es-AR
La unión hace la fuerza,Forma equipo,es-AR
Lacrima della dea,Lágrima de la Diosa,es-AR
Lacrima zeiței,Lágrima de la Diosa,es-AR
Lacrimi curgătoare,Corriente de Lágrimas,es-AR
Ladino,Furtivo,es-AR
Ladungstransfer,Transferencia de Carga,es-AR
Lama maledetta,Cuchilla Maldita,es-AR
Lama mortale,Filo de la Muerte,es-AR
Lame d'infini,Filo del Infinito,es-AR
Lame enragée de Guinsoo,Espadafuria de Guinsoo,es-AR
Lame funeste,Filo de la Muerte,es-AR
Lame maudite,Cuchilla Maldita,es-AR
Lame più letali,Espadas Más Letales,es-AR
Lame rotanti,Cuchillas Raudas,es-AR
Lames tueuses,Espadas Más Letales,es-AR
Lance de Shojin,Lanza de Shojin,es-AR
Lancea lui Shojin,Lanza de Shojin,es-AR
Lancer de dés,Espera lo Inesperado,es-AR
Lancia di Shojin,Lanza de Shojin,es-AR
Lanetli Kılıç,Cuchilla Maldita,es-AR
Lanetli Taç,Corona Maldita,es-AR
Lanterna di Thresh,Linterna de Thresh,es-AR
Lanterna do Thresh,Linterna de Thresh,es-AR
Lanterne de Thresh,Linterna de Thresh,es-AR
Lança de Shojin,Lanza de Shojin,es-AR
Largo plazo,Acumular,es-AR
Larme de la déesse,Lágrima de la Diosa,es-AR
Larmes à gogo,Corriente de Lágrimas,es-AR
Last Whisper,Último Suspiro,es-AR
Lastrapietra del gargoyle,Armadura Pétrea,es-AR
Latarnia Thresha,Linterna de Thresh,es-AR
Late Game Scaling,Progresión en el juego tardío,es-AR
Late Game Specialist,Especialista en el juego tardío,es-AR
Latent Forge,Forja latente,es-AR
Latente Schmiede,Forja latente,es-AR
Le Méga-mecha,El Mega Mecha,es-AR
Le dimensioni contano,El Tamaño Importa,es-AR
Le prix du sang,Dinero del almuerzo,es-AR
LeBlanc,LeBlanc,es-AR
Lebende Schmiede,Forja Viviente,es-AR
Lecsapó buzogány,Mangual del Guerrero,es-AR
Leczące Echo,Ecos Reparadores,es-AR
Leczące Kule,Orbes de curación,es-AR
Lecții de box,Lecciones de Boxeo,es-AR
Leerenhandschuh,Guantelete del Vacío,es-AR
Leerenstab,Báculo del Vacío,es-AR
Legie tří,Legión de Tres,es-AR
Legion Trójek,Legión de Tres,es-AR
Legion of Threes,Legión de Tres,es-AR
Legione dei tre,Legión de Tres,es-AR
Legiunea de trei,Legión de Tres,es-AR
Legião de Três,Legión de Tres,es-AR
Legión del tres,Legión de Tres,es-AR
Legjobb barátok,Mejores Amigos,es-AR
Legământul cavalerului,Promesa del Caballero,es-AR
Legături ratate,Conexiones fallidas,es-AR
Leibwache-Training,Entrenamiento de Guardaespaldas,es-AR
Lekce v boxu,Lecciones de Boxeo,es-AR
Lekko Magiczny Rzut,Tirada Ligeramente Mágica,es-AR
Lekésett csatlakozás,Conexiones fallidas,es-AR
Lelkek ébredése,Despertar del Alma,es-AR
Lendületes kezdés,Inicio Veloz,es-AR
Lenyúlás,Hurto,es-AR
Leo Hạng,Ascender de Posición,es-AR
Leona,Leona,es-AR
Lesser Mirrored Persona,Persona en Espejo menor,es-AR
Letzter Atemzug,Último Suspiro,es-AR
Level Up!,¡Sube de nivel!,es-AR
Lezioni di pugilato,Lecciones de Boxeo,es-AR
Leçons de combat,Primeras Lecciones,es-AR
Leże Barona,Guarida del Barón,es-AR
Liaison cybernétique,Enlace Cibernético,es-AR
Liaison de drone,Enlace de Dron,es-AR
Lich Bane,Maldición del Liche,es-AR
Lich Boğan,Maldición del Liche,es-AR
Lichtschild-Wappen,Cresta de Escudo de Luz,es-AR
Lightshield Arması,Cresta de Escudo de Luz,es-AR
Lightshield Crest,Cresta de Escudo de Luz,es-AR
Ligne de front,Lecciones de Boxeo,es-AR
Limiar da Noite,Filo de la Noche,es-AR
Limite da Razão,Al Filo de la Cordura,es-AR
Linceul d'apaisement,Manto de Quietud,es-AR
Linceul de la congruence,Manto del Ocaso,es-AR
Lineup,Alineación,es-AR
Linh Hoạt,Flexible,es-AR
Linh Hồn Chuộc Tội,Espíritu de Redención,es-AR
Linh Thú Vào Bếp,Cocina de Estratega,es-AR
Linie de înaltă tensiune,Alto Voltaje,es-AR
Lissandra,Lissandra,es-AR
Listă duo,Cola Dúo,es-AR
Lithoplastron de gargouille,Armadura Pétrea,es-AR
Lithoplastron solo,Solo Pétreo,es-AR
Litinová pánev,Sartén,es-AR
Little Buddies,Amiguitos,es-AR
Living Forge,Forja Viviente,es-AR
Liên Hoàn Tinh Tú,Combo Estelar,es-AR
Llamada al caos,Llamado al Caos,es-AR
Locket of the Iron Solari,Relicario de los Solari de Hierro,es-AR
Longo Prazo,Acumular,es-AR
Loto Adornado,Loto Adornado,es-AR
Loto enjoyado,Loto Adornado,es-AR
Loto ingioiellato,Loto Adornado,es-AR
Lottatore professionista,Boxeador Profesional,es-AR
Lotus cu nestemate,Loto Adornado,es-AR
Lotus précieux,Loto Adornado,es-AR
Loupež základních předmětů,Asalto de Componentes,es-AR
Lourde est la couronne,Pesada es la Corona,es-AR
Lov pokladů,Cazatesoros,es-AR
Lovagi eskü,Promesa del Caballero,es-AR
Lovcův dráp,Garra del Merodeador,es-AR
Luchador,Peleador,es-AR
Lucidité,Mente Despejada,es-AR
Lucky Gloves,Guantes de la Suerte,es-AR
Luden vihara,Tempestad de Luden,es-AR
Luden'in Çığlığı,Tempestad de Luden,es-AR
Luden's Tempest,Tempestad de Luden,es-AR
Ludenova bouře,Tempestad de Luden,es-AR
Ludens Sturm,Tempestad de Luden,es-AR
Luksusowa Subskrypcja,Suscripción de Lujo,es-AR
Lulu,Lulu,es-AR
Lumina stelelor,Astromante,es-AR
Lunch Money,Dinero del almuerzo,es-AR
Lunetist,Francotirador,es-AR
Lungimiranza,Pensar a Futuro,es-AR
Lustrzana Osobowość,Persona en Espejo,es-AR
Lutador,Peleador,es-AR
Lutador Profissional,Boxeador Profesional,es-AR
Luvas da Sorte,Guantes de la Suerte,es-AR
Luvas do Ladrão,Guantes de Ladrón,es-AR
Luvas do Pugilista,Guantes de Combate,es-AR
Luvinhas,Mitones,es-AR
Luxury Subscription,Suscripción de Lujo,es-AR
Luxus előfizetés,Suscripción de Lujo,es-AR
Luxus-Abonnement,Suscripción de Lujo,es-AR
Luxusní předplatné,Suscripción de Lujo,es-AR
Lá Chắn Chiến Thuật,Escudo del Estratega,es-AR
Lábrate un camino,Ábrete Camino,es-AR
Lágrima da Deusa,Lágrima de la Diosa,es-AR
Lágrima de la diosa,Lágrima de la Diosa,es-AR
Lágrimas Abundantes,Corriente de Lágrimas,es-AR
Lángoló kohó,Forja Viviente,es-AR
Lâmina Amaldiçoada,Cuchilla Maldita,es-AR
Lâmina Mortal,Filo de la Muerte,es-AR
Lâmina da Fúria de Guinsoo,Espadafuria de Guinsoo,es-AR
Lâminas Fatais,Espadas Más Letales,es-AR
Légion des trois,Legión de Tres,es-AR
Lélek,Animalia,es-AR
Lélek embléma,Emblema Animalia,es-AR
Lélekparancsnok,Comandante Animalia,es-AR
Léčivá oka,Orbes de curación,es-AR
Léčivé ozvěny,Ecos Reparadores,es-AR
Lò Rèn Thăng Hoa,Forja Apoteósica,es-AR
Lò Rèn Thần Thoại,Forja Portátil,es-AR
Lò Rèn Tiềm Ẩn,Forja latente,es-AR
Lótus Adornada,Loto Adornado,es-AR
Lõi Bình Minh,Esfera del Amanecer,es-AR
Lüks Aboneliği,Suscripción de Lujo,es-AR
Lấy Công Bù Thủ,Cañón de Cristal,es-AR
Lập Đội,Forma equipo,es-AR
Lễ Vật Tái Chế,Bendición del Chatarrero,es-AR
Lệ Lưu Ly,Corriente de Lágrimas,es-AR
Lệch Chuẩn,Inadaptados,es-AR
Lồng Đèn Của Thresh,Linterna de Thresh,es-AR
Lời Thề Hiệp Sĩ,Promesa del Caballero,es-AR
Lời Thề Hộ Vệ,Juramento del Protector,es-AR
Lựa Chọn Độc Quyền,Personalización exclusiva,es-AR
M.C. Spada,Espadón,es-AR
Ma Thuật Đan Kết,Magia Tejida,es-AR
Ma Trận Mã Độc,Matriz de Malware,es-AR
Mace's Will,Voluntad del Mazo,es-AR
Maceracının Pazubendi,Guardabrazo del Buscador,es-AR
Machadinha Infernal,Hacha de Fuego Infernal,es-AR
Magasfeszültség,Alto Voltaje,es-AR
Magasztos kaland,Una Aventura Eminente,es-AR
Magia entretejida,Magia Tejida,es-AR
Magiczny Rzut,Tirada Mágica,es-AR
Magie întrepătrunsă,Magia Tejida,es-AR
Magitechnická puškočepel,Sablepistola Hextech,es-AR
Mailles en or,El Dragón Dorado,es-AR
Main de la justice,Mano de la Justicia,es-AR
Makeshift Armor,Armadura Improvisada,es-AR
Mal Kurtarma,Bote de Segunda Mano,es-AR
Malandro Radiante,Rufián Radiante,es-AR
Mali Tytani,Titanes Diminutos,es-AR
Malicious Monetization,Monetización Maligna,es-AR
Malware Matrix,Matriz de Malware,es-AR
Malware-Matrix,Matriz de Malware,es-AR
Malwarová matice,Matriz de Malware,es-AR
Malá dárková taška,Bolsa de Sorpresas Pequeña,es-AR
Malí kámoši,Amiguitos,es-AR
Mana magique,Magia Tejida,es-AR
Manechin de antrenament,Muñeco de Entrenamiento,es-AR
Manechine animate,Muñecos de Prueba para Choques,es-AR
Manechinizare,¿Hacemos un Muñeco?,es-AR
Mangual del guerrero,Mangual del Guerrero,es-AR
Mangual do Guerreiro,Mangual del Guerrero,es-AR
Mannequin d'entraînement,Muñeco de Entrenamiento,es-AR
Mannequinification,¿Hacemos un Muñeco?,es-AR
Mannequins de choc,Muñecos de Prueba para Choques,es-AR
Mano de la justicia,Mano de la Justicia,es-AR
Mano della giustizia,Mano de la Justicia,es-AR
Manopla Adornada,Guantelete Deslumbrante,es-AR
Manopla do Vazio,Guantelete del Vacío,es-AR
Manteau de Négatron,Capa de Negatrones,es-AR
Manteau de la nuit,Filo de la Noche,es-AR
Mantello del Sole,Capa de Fuego Solar,es-AR
Mantello dello stratega,Capa de Estratega,es-AR
Mantello di Negatron,Capa de Negatrones,es-AR
Mantenerse unidos,Unidos,es-AR
Mantenha a Posição,Mantén la Posición,es-AR
Manter a União,Unidos,es-AR
Mantia tacticianului,Capa de Estratega,es-AR
Mantie Negatron,Capa de Negatrones,es-AR
Mantie solară,Capa de Fuego Solar,es-AR
Manto da Imobilidade,Manto de Quietud,es-AR
Maokai,Maokai,es-AR
Maratona de Compras,Compras compulsivas,es-AR
Marauder,Merodeador,es-AR
Marauder Emblem,Emblema de Merodeador,es-AR
Maraudeur,Merodeador,es-AR
Marchando un doble,Demasiado Valor,es-AR
Mare și amenințătoare,Fuerte y Enorme,es-AR
Marguereep,Meepsie,es-AR
Marioneta en las sombras,Marioneta Sombría,es-AR
"Marioneta, to jsem já",¿Hacemos un Muñeco?,es-AR
Marionete das Sombras,Marioneta Sombría,es-AR
Marodeur,Merodeador,es-AR
Marodeur-Emblem,Emblema de Merodeador,es-AR
Martalóc,Merodeador,es-AR
Martalóc embléma,Emblema de Merodeador,es-AR
Maruderzy,Merodeador,es-AR
Master Yi,Maestro Yi,es-AR
Masz Mój Łuk,Mi arco a tu servicio,es-AR
Mata-Gigantes,Verdugo de Gigantes,es-AR
Matador de Aluguel,Asesino a Sueldo,es-AR
Matrice,Matriz de Malware,es-AR
Matrice malware,Matriz de Malware,es-AR
Matriz de malware,Matriz de Malware,es-AR
Matryca Wirusa,Matriz de Malware,es-AR
Mavi Güçlendirme,Mejora azul,es-AR
Max Build,Armado máximo,es-AR
Maximale Ausrüstung,Armado máximo,es-AR
May the Fours Be With You,Que los Cuatros te Acompañen,es-AR
Mazzafrusto dell'Assaltatore,Mangual del Guerrero,es-AR
Maître Yi,Maestro Yi,es-AR
Maîtrise de l'artisanat,Artesanía Creativa,es-AR
Maîtrise de l'épée de Yasuo,Esgrima de Yasuo,es-AR
Mała Torba z Różnościami,Bolsa de Sorpresas Pequeña,es-AR
"Małe, Ale Zabójcze",Pequeño pero mortífero,es-AR
Mech,Mecha,es-AR
Mecha,Mecha,es-AR
Mechanický urychlovač,Acelerador Mecánico,es-AR
Mechanikus gyorsító,Acelerador Mecánico,es-AR
Mechy,Mecha,es-AR
Medaglione dei Solari di ferro,Relicario de los Solari de Hierro,es-AR
Medaglione diramante,Relicario Enervante,es-AR
Medailon stimulace,Relicario Enervante,es-AR
Medailónek železných Solari,Relicario de los Solari de Hierro,es-AR
Medalhão Enervante,Relicario Enervante,es-AR
Medalhão dos Solari de Ferro,Relicario de los Solari de Hierro,es-AR
Medalion stimulant,Relicario Enervante,es-AR
Medallón de los Solari,Relicario de los Solari de Hierro,es-AR
Medallón estimulante,Relicario Enervante,es-AR
Mediator,Sentencia,es-AR
Medyum,Canalizador,es-AR
Medyum Modu,Modo Canalizador,es-AR
Meep Cực Tốc,Velocidad Termeepnal,es-AR
Meeple,Meeplo,es-AR
Meeple Emblem,Emblema de Meeplo,es-AR
Meeple-Emblem,Emblema de Meeplo,es-AR
Meepsie,Meepsie,es-AR
Megamecha,El Mega Mecha,es-AR
Megrontott vámpírjogar,Cetro Vampírico Corrupto,es-AR
Megszálló Zed,Invasor Zed,es-AR
Megtorlás,Retribución,es-AR
Megváltó,Redentor,es-AR
Megéri a várakozást,Vale la Pena la Espera,es-AR
Megújult erő,Segundo Aire,es-AR
Meilleurs amis,Mejores Amigos,es-AR
Mejora roja,Mejora Roja,es-AR
Mejores Amigos,Mejores Amigos,es-AR
Mejores amiguis,Mejores Amigos,es-AR
Meka,Mecha,es-AR
Mekanik Hızlandırıcı,Acelerador Mecánico,es-AR
Melek Asası,Báculo del Serafín,es-AR
Melhores Amigos,Mejores Amigos,es-AR
Mellékhatások,Efectos Secundarios,es-AR
Mending Echoes,Ecos Reparadores,es-AR
Mente Vazia,Mente Despejada,es-AR
Mente confusa,Mente Saturada,es-AR
Mente despejada,Mente Despejada,es-AR
Mente lucida,Mente Despejada,es-AR
Mente saturada,Mente Saturada,es-AR
Menší Zrcadlová osobnost,Persona en Espejo menor,es-AR
Mercure,Capa Mercurial,es-AR
Mercúrio,Capa Mercurial,es-AR
Merită așteptarea,Vale la Pena la Espera,es-AR
Merkezini Bul,Halla tu Centro,es-AR
Merész húzás,Jugadas arriesgadas,es-AR
Mesada,Dinero del almuerzo,es-AR
Messa in moto,Inicio Veloz,es-AR
Mesterlövész,Francotirador,es-AR
Mesterlövész embléma,Emblema de Francotiradores,es-AR
Meu Arco é Seu,Mi arco a tu servicio,es-AR
Meșter de săbii,Fabricante de Espadas,es-AR
Meșter de toiege,Fabricante de Varas,es-AR
Mici titani,Titanes Diminutos,es-AR
Mici și letale,Pequeño pero mortífero,es-AR
Micincik,Meepsie,es-AR
Micingil,Meeplo,es-AR
Micingil Amblemi,Emblema de Meeplo,es-AR
Miecz-Pistolet Hextech,Sablepistola Hextech,es-AR
Miecznik,Fabricante de Espadas,es-AR
Mieczowy Przesyt,Espada Desmedida,es-AR
Miezul zorilor,Esfera del Amanecer,es-AR
Migliori amici,Mejores Amigos,es-AR
Migoczące Ostrze,Cuchillas Raudas,es-AR
Milagre de Soraka,Milagro de Soraka,es-AR
Milio,Milio,es-AR
Min-Max,Mínimo/Máximo,es-AR
Min-max,Mínimo/Máximo,es-AR
Mindent egyre,Tú Pégales,es-AR
Mini Black Hole,Miniagujero Negro,es-AR
Mini Buco nero,Miniagujero Negro,es-AR
Mini Czarna Dziura,Miniagujero Negro,es-AR
Mini Kara Delik,Miniagujero Negro,es-AR
Mini Titani,Titanes Diminutos,es-AR
Mini fekete lyuk,Miniagujero Negro,es-AR
Mini gaură neagră,Miniagujero Negro,es-AR
Mini trou noir,Miniagujero Negro,es-AR
Mini černá díra,Miniagujero Negro,es-AR
Mini-Tacticien,Pequeño Titán,es-AR
Miniburaco Negro,Miniagujero Negro,es-AR
Minik Ama Ölümcül,Pequeño pero mortífero,es-AR
Minik Devler,Titanes Diminutos,es-AR
Minik Dostlar,Amiguitos,es-AR
Minititanes,Titanes Diminutos,es-AR
Minititã,Pequeño Titán,es-AR
Minte aglomerată,Mente Saturada,es-AR
Minte limpede,Mente Despejada,es-AR
Mip,Meeplo,es-AR
Mipim,Meepsie,es-AR
Miplík,Meeplo,es-AR
Mipo,Meeplo,es-AR
Mippino,Meepsie,es-AR
Mipík,Meepsie,es-AR
Mira Óptica,Óptica de Fijación de Objetivo,es-AR
Miracle de Soraka,Milagro de Soraka,es-AR
Miracolo di Soraka,Milagro de Soraka,es-AR
Miracolul Sorakăi,Milagro de Soraka,es-AR
Mirrored Persona,Persona en Espejo,es-AR
Misfits,Inadaptados,es-AR
Misiune în acțiune,Reiniciar Misión,es-AR
Miss Fortune,Miss Fortune,es-AR
Missed Connections,Conexiones fallidas,es-AR
Mistr Yi,Maestro Yi,es-AR
Mittens,Mitones,es-AR
Mniejsza Lustrzana Osobowość,Persona en Espejo menor,es-AR
Mniejszy Tytan,Pequeño Titán,es-AR
Mobilidade Crescente,Trepador Social,es-AR
Mobilità aumentata,Trepador Social,es-AR
Mocný mech,El Mega Mecha,es-AR
Modalità Convogliatore,Modo Canalizador,es-AR
Modalità replicante,Modo Replicador,es-AR
Modalità sfidante,Modo Retador,es-AR
Mode Canalisateur,Modo Canalizador,es-AR
Mode Challenger,Modo Retador,es-AR
Mode Réplicateur,Modo Replicador,es-AR
Modo Conduíte,Modo Canalizador,es-AR
Modo Desafiante,Modo Retador,es-AR
Modo conducto,Modo Canalizador,es-AR
Modo contienda,Modo Retador,es-AR
Modo réplica,Modo Replicador,es-AR
Modrý buff,Mejora azul,es-AR
Modul de competitor,Modo Retador,es-AR
Modul de intermediar,Modo Canalizador,es-AR
Modul de replicator,Modo Replicador,es-AR
Mon arc est vôtre,Mi arco a tu servicio,es-AR
Monetización malvada,Monetización Maligna,es-AR
Monetizare ostilă,Monetización Maligna,es-AR
Monetização Maliciosa,Monetización Maligna,es-AR
Monetizzazione infida,Monetización Maligna,es-AR
Money Hungry,Avaricia,es-AR
Money Monsoon,Monzón Millonario,es-AR
Monsoni sonanti,Monzón Millonario,es-AR
Monte um Amigo,Arma un Amigo,es-AR
Monzón de oro,Monzón Millonario,es-AR
Monção Monetária,Monzón Millonario,es-AR
Monétisation malveillante,Monetización Maligna,es-AR
Mordekaiser,Mordekaiser,es-AR
Morellonomicon,Morellonomicón,es-AR
Morellonomikon,Morellonomicón,es-AR
Morgana,Morgana,es-AR
Mortaja de la quietud,Manto del Ocaso,es-AR
Mosse rischiose,Jugadas arriesgadas,es-AR
Moufles,Mitones,es-AR
Movimentos Arriscados,Jugadas arriesgadas,es-AR
Mroczna Dama,Dama Oscura,es-AR
Mroczne Gwiazdy,Estrella Oscura,es-AR
Mudando de Área,Ramificación,es-AR
Muffole,Mitones,es-AR
Muhafızın Adağı,Juramento del Protector,es-AR
Muhteşem Meka,El Mega Mecha,es-AR
Muson de bani,Monzón Millonario,es-AR
Mutări riscante,Jugadas arriesgadas,es-AR
Mučedníkova ctnost,Virtud del Mártir,es-AR
Myślenie Przyszłościowe,Pensar a Futuro,es-AR
Mártírerény,Virtud del Mártir,es-AR
Másolás,Réplica,es-AR
Másoló,Replicador,es-AR
Másoló mód,Modo Replicador,es-AR
Máy Móc,Mecha,es-AR
Máš můj luk,Mi arco a tu servicio,es-AR
Mâna justiției,Mano de la Justicia,es-AR
Mão da Justiça,Mano de la Justicia,es-AR
Médaillon d'excitation,Relicario Enervante,es-AR
Médaillon de l'Iron Solari,Relicario de los Solari de Hierro,es-AR
Mételyékkő,Joya Maldita,es-AR
Mínimo - Máximo,Mínimo/Máximo,es-AR
Mírně magický hod,Tirada Ligeramente Mágica,es-AR
Món Quà Ngọt Ngào,Dulces Golosinas,es-AR
Móng Vuốt Sterak,Guantelete de Sterak,es-AR
Móng Vuốt Ám Muội,Garra del Merodeador,es-AR
Mögen die Vier mit dir sein,Que los Cuatros te Acompañen,es-AR
Mücevherli Eldiven,Guantelete Deslumbrante,es-AR
Mücevherli Nilüfer,Loto Adornado,es-AR
Müdafi,Bastión,es-AR
Müdafi Amblemi,Emblema de Bastión,es-AR
Mănușa Vidului,Guantelete del Vacío,es-AR
Mănușa cu nestemate,Guantelete Deslumbrante,es-AR
Mănuși de antrenament,Guantes de Combate,es-AR
Mănuși norocoase,Guantes de la Suerte,es-AR
Mănuși strașnice,Mitones,es-AR
Mănușile tâlharului,Guantes de Ladrón,es-AR
Mărimea contează,El Tamaño Importa,es-AR
Mũ Phù Thủy Rabadon,Sombrero Mortífero de Rabadon,es-AR
Mũ Thích Nghi,Yelmo Adaptable,es-AR
Mũ Tử Thần,Sombreros Más Letales,es-AR
"Một Bùa, Hai Bùa","Una Mejora, Dos Mejoras",es-AR
Một Hai Ba,"Uno, Dos, Tres",es-AR
"Một, Hai, Năm!","Uno, dos, ¡cinco!",es-AR
Mở Lối,Ábrete Camino,es-AR
N.O.V.A,N.O.V.A.,es-AR
N.O.V.A.,N.O.V.A.,es-AR
N.O.V.A. Amblemi,Emblema de N.O.V.A.,es-AR
N.O.V.A. Emblem,Emblema de N.O.V.A.,es-AR
N.O.V.A. embléma,Emblema de N.O.V.A.,es-AR
N.O.V.A. 상징,Emblema de N.O.V.A.,es-AR
N.O.V.A.-Emblem,Emblema de N.O.V.A.,es-AR
N.O.V.A.の紋章,Emblema de N.O.V.A.,es-AR
N.O.V.A.徽章,Emblema de N.O.V.A.,es-AR
NHẮM MẮT CHƠI BỪA,Terquedad,es-AR
NO SCOUT NO PIVOT,Terquedad,es-AR
Na velikosti záleží,El Tamaño Importa,es-AR
Nach dem Himmel greifen,Apunta a las Estrellas,es-AR
Nada Się,Bueno para Algo,es-AR
Nagy zsákbamacska,Bolsa de Sorpresas grande,es-AR
Nagy ölelés I.,Abrazo Grupal,es-AR
Najdi své těžiště,Halla tu Centro,es-AR
Najeźdźca Zed,Invasor Zed,es-AR
Najlepsi Przyjaciele,Mejores Amigos,es-AR
Nami,Nami,es-AR
Nanh Nashor,Diente de Nashor,es-AR
Naptűz köpeny,Capa de Fuego Solar,es-AR
Naptűz tábla,Tablero de Fuego Solar,es-AR
Naramiennik Poszukiwacza,Guardabrazo del Buscador,es-AR
Narozeninové setkání,Reunión de Cumpleaños,es-AR
Narratív védelem,La trama lo protege,es-AR
Narušitel Zed,Invasor Zed,es-AR
Nashor foga,Diente de Nashor,es-AR
Nashor's Tooth,Diente de Nashor,es-AR
Nashor'un Dişi,Diente de Nashor,es-AR
Nashors Zahn,Diente de Nashor,es-AR
Nashorův tesák,Diente de Nashor,es-AR
Nasus,Nasus,es-AR
Naszyjnik Żelaznych Solari,Relicario de los Solari de Hierro,es-AR
Nawałnica Luden,Tempestad de Luden,es-AR
Ne Pahasına?,A qué precio,es-AR
Nebenwirkungen,Efectos Secundarios,es-AR
Needlessly Large Rod,Vara Innecesariamente Grande,es-AR
Negatron Cloak,Capa de Negatrones,es-AR
Negatron Pelerini,Capa de Negatrones,es-AR
Negatron palást,Capa de Negatrones,es-AR
Negatron-Mantel,Capa de Negatrones,es-AR
Negatronový plášť,Capa de Negatrones,es-AR
Nehéz a korona,Pesada es la Corona,es-AR
Nejlepší přátelé,Mejores Amigos,es-AR
Nejtitěrnější titán,Pequeño Titán,es-AR
Nekonečné zoufalství,Desesperación Eterna,es-AR
Nenasytnost,Avaricia,es-AR
Neodvolatelná volba,Gran Compromiso,es-AR
Neopotřebovaný,Nuevo de Fábrica,es-AR
Neue Stufe!,¡Sube de nivel!,es-AR
Neuer Rekrut,Nuevo Recluta,es-AR
Nevybíravý zabiják,Verdugo Indiscriminado,es-AR
New Recruit,Nuevo Recluta,es-AR
Nezdolný,Sobreviviente,es-AR
Nezdolný,El Indomable,es-AR
Nezlomné srdce,Espíritu Firme,es-AR
Neînduplecare,El Indomable,es-AR
Nghĩ Về Tương Lai,Pensar a Futuro,es-AR
Người Bạn Vàng,Construye tu Compi,es-AR
Người Đá,Gólem,es-AR
Ngọn Giáo Shojin,Lanza de Shojin,es-AR
Ngọn Gió Thứ Hai,Segundo Aire,es-AR
Nhà Máy Tái Chế,Bote de Segunda Mano,es-AR
Nhân Bản,Replicador,es-AR
Nhân Bản,Réplica,es-AR
Nhất Thống,Unidos,es-AR
Nhỏ Mà Có Võ,Pequeño pero mortífero,es-AR
Những Người Bạn Nhỏ,Amiguitos,es-AR
Nicht nachlassen,Mantén la Posición,es-AR
Niebieskie Wzmocnienie,Mejora azul,es-AR
Niech Czwórki Będą z Tobą,Que los Cuatros te Acompañen,es-AR
Nieprzerwane Przywołanie,Conjuros Continuos,es-AR
Nieskończona Rozpacz,Desesperación Eterna,es-AR
Niezłomne Serce,Espíritu Firme,es-AR
Niezłomność,El Indomable,es-AR
Niveau supérieur !,¡Sube de nivel!,es-AR
Niveles en solitario,Leveleando en solitario,es-AR
Nivelul următor!,¡Sube de nivel!,es-AR
Ničitel času,Rompetiempo,es-AR
Nişancı Yayı,Arco Recurvado,es-AR
Non proprio inutile,Bueno para Algo,es-AR
Nos mantenemos unidos,No nos Separamos,es-AR
Notfallbögen,Arcos de Repuesto,es-AR
Nouveau départ,Reiniciar Misión,es-AR
Nouvelle recrue,Nuevo Recluta,es-AR
Nouzová,Al Filo de la Cordura,es-AR
Novo Nível!,¡Sube de nivel!,es-AR
Novo Recruta,Nuevo Recluta,es-AR
Novo de Fábrica,Nuevo de Fábrica,es-AR
Nová úroveň!,¡Sube de nivel!,es-AR
Nový rekrut,Nuevo Recluta,es-AR
Nowy Rekrut,Nuevo Recluta,es-AR
Nucleo dell'alba,Esfera del Amanecer,es-AR
Nuevecito,Nuevo de Fábrica,es-AR
Nuevo recluta,Nuevo Recluta,es-AR
Nunu & Willump,Nunu y Willump,es-AR
Nunu a Willump,Nunu y Willump,es-AR
Nunu e Willump,Nunu y Willump,es-AR
Nunu et Willump,Nunu y Willump,es-AR
Nunu i Willump,Nunu y Willump,es-AR
Nunu ve Willump,Nunu y Willump,es-AR
Nunu és Willump,Nunu y Willump,es-AR
Nunu și Willump,Nunu y Willump,es-AR
Nuova recluta,Nuevo Recluta,es-AR
Nuovo di zecca,Nuevo de Fábrica,es-AR
NÃO PIVOTO,Terquedad,es-AR
NÉ ESPLORATORE NÉ STRATEGA,Terquedad,es-AR
Nájemný zabiják,Asesino a Sueldo,es-AR
Nákupní horečka,Compras compulsivas,es-AR
Nálož atributů!,¡Milestadísticas!,es-AR
Nástup,Alineación,es-AR
Nâng Tầm Uy Lực,Poder Mejorado,es-AR
Négységben az erő,Cuatro Refuerzos,es-AR
Núcleo comercial,Núcleo Comercial,es-AR
Núcleo de Negócios,Núcleo Comercial,es-AR
Născut înțelept,Cuchara de plata,es-AR
Nước Cappa,Juguito de Gorrito,es-AR
Nước Mắt Nữ Thần,Lágrima de la Diosa,es-AR
Nước Đi Liều Lĩnh,Jugadas arriesgadas,es-AR
Nếm Mùi Lửa,Alimenta las Llamas,es-AR
Nỏ Sét,Chispa Iónica,es-AR
O Big Bang,El Big Bang,es-AR
O Ovo Dourado,El Huevo Dorado,es-AR
O aventură triumfătoare,Una Aventura Eminente,es-AR
Obchodní sektor,Sector de Intercambio,es-AR
Obiectele Pandorei,Objetos de Pandora,es-AR
Objetivización de práctica,¿Hacemos un Muñeco?,es-AR
Objetivo de práctica,Muñeco de Entrenamiento,es-AR
Objetos de Pandora,Objetos de Pandora,es-AR
Objets blindés,Dulces Golosinas,es-AR
Objets de Pandore,Objetos de Pandora,es-AR
Oblicze Ducha,Apariencia Espiritual,es-AR
Obracečka,Espátula,es-AR
Obrońca Korony,Guardia de la Corona,es-AR
Obrońcy,Vanguardia,es-AR
Obrův opasek,Cinturón de Gigante,es-AR
Obserwatorzy Gwiazd,Astromante,es-AR
Obsesia lui Varus,Obsesión de Varus,es-AR
Obsesja Varusa,Obsesión de Varus,es-AR
Obsession de Varus,Obsesión de Varus,es-AR
Obsessão de Varus,Obsesión de Varus,es-AR
Obstinación,Terquedad,es-AR
Obstination,Terquedad,es-AR
Obumarły Relikt,Reliquia Marchita,es-AR
Obyczajówka,Fragmento de Vida,es-AR
Ocalały,Sobreviviente,es-AR
Ocağı Harla,Forja latente,es-AR
Ochrana nekonečna,Protección del Infinito,es-AR
Ochranný val,Baluarte,es-AR
Ochrona Nieskończoności,Protección del Infinito,es-AR
Ochráncův slib,Juramento del Protector,es-AR
Ociosidade,Inactividad,es-AR
Oczekiwane Nieoczekiwanie,Espera lo Inesperado,es-AR
Océan de larmes,Llora Todo lo que Quieras,es-AR
Odaklı Ateş,Fuego Concentrado,es-AR
Odkupiciel,Redentor,es-AR
Odkupienie,Retribución,es-AR
Odnajdź Równowagę,Halla tu Centro,es-AR
Odolná dvojka,Doble Tanque,es-AR
Odpadlík,Furtivo,es-AR
Odplata,Retribución,es-AR
Odražení ode dna,Volver al Ruedo,es-AR
Odrzutki,Inadaptados,es-AR
Odstřelovač,Francotirador,es-AR
Odświeżanie na Zapas,Actualiza sin parar,es-AR
Oferenda de Sangue,Ofrenda de Sangre,es-AR
Offrande sanguinaire,Ofrenda de Sangre,es-AR
Ofiara z Krwi,Ofrenda de Sangre,es-AR
Ofrandă de sânge,Ofrenda de Sangre,es-AR
Ofrenda de sangre,Ofrenda de Sangre,es-AR
Oggetti di Pandora,Objetos de Pandora,es-AR
Ognista Armata,Cañón de Fuego Rápido,es-AR
Ohnivý výprodej,Liquidación,es-AR
Okos költekezés,Saber Gastar,es-AR
On a Roll,En racha,es-AR
Onda espacial,Onda Espacial,es-AR
"One Buff, Two Buff","Una Mejora, Dos Mejoras",es-AR
One Two Three,"Uno, Dos, Tres",es-AR
"One, Two, Five!","Uno, dos, ¡cinco!",es-AR
Onoarea războinicului,Honor del Caudillo,es-AR
Opatrovníkův spojenec,Alianza del Guardián,es-AR
Oprýskaná relikvie,Reliquia Marchita,es-AR
Optică de fixare a țintei,Óptica de Fijación de Objetivo,es-AR
Optimisation optimisée,Poder Mejorado,es-AR
Optique de verrouillage,Óptica de Fijación de Objetivo,es-AR
Optyka Namierzająca,Óptica de Fijación de Objetivo,es-AR
Optymalnie,Mínimo/Máximo,es-AR
Opóźniona Kuźnia,Forja latente,es-AR
Oracle,Oráculo,es-AR
Oracol,Oráculo,es-AR
Oracolo,Oráculo,es-AR
Orakel,Oráculo,es-AR
Orbes Curativos,Orbes de curación,es-AR
Orbes curativos,Orbes de curación,es-AR
Orbes de curación,Orbes de curación,es-AR
Orbes de soins,Orbes de curación,es-AR
Ornn,Ornn,es-AR
Osiłki,Peleador,es-AR
Ossessione di Varus,Obsesión de Varus,es-AR
Ostatni Szept,Último Suspiro,es-AR
Ostnatá vesta,Vesta Espinosa,es-AR
Ostoja,Baluarte,es-AR
Ostrze Gniewu Guinsoo,Espadafuria de Guinsoo,es-AR
Ostrze Nieskończoności,Filo del Infinito,es-AR
Ostrze Nocy,Filo de la Noche,es-AR
Ostrze Śmierci,Filo de la Muerte,es-AR
Ostří nekonečna,Filo del Infinito,es-AR
Otimização,Mínimo/Máximo,es-AR
Otisk duše,Apariencia Espiritual,es-AR
Ottica a puntamento assistito,Óptica de Fijación de Objetivo,es-AR
Oul de aur,El Huevo Dorado,es-AR
Očekávaná neočekávanost,Espera lo Inesperado,es-AR
Oštěp Šódžinu,Lanza de Shojin,es-AR
Oțel aurit,Acero Dorado,es-AR
P'tits titans,Titanes Diminutos,es-AR
Pacchetto di aiuti,Paquete de Cuidados,es-AR
Pachet de amplificare,Paquete de Mejora,es-AR
Pachet de îngrijire,Paquete de Cuidados,es-AR
Paciência de Ekko,Paciencia de Ekko,es-AR
Pacote de Reforço,Paquete de Mejora,es-AR
Pacote de Suprimentos,Paquete de Cuidados,es-AR
Pact etern,Pacto Eterno,es-AR
Pacte éternel,Pacto Eterno,es-AR
Pacto eterno,Pacto Eterno,es-AR
Paczka Wsparcia,Paquete de Cuidados,es-AR
Padella,Sartén,es-AR
Paff!,¡Pum!,es-AR
Palier 1,Conexiones fallidas,es-AR
Palčáky,Mitones,es-AR
Panca di Pandora,Banca de Pandora,es-AR
Panda de ladrones,Banda de Ladrones,es-AR
Panda de ladrones II,Banda de Ladrones II,es-AR
Pandora kispadja,Banca de Pandora,es-AR
Pandora tárgyai II.,Objetos de Pandora,es-AR
Pandora'nın Eşyaları,Objetos de Pandora,es-AR
Pandora'nın Yedekleri,Banca de Pandora,es-AR
Pandora's Bench,Banca de Pandora,es-AR
Pandora's Items,Objetos de Pandora,es-AR
Pandoras Bank,Banca de Pandora,es-AR
Pandoras Gegenstände,Objetos de Pandora,es-AR
Pandořina střídačka,Banca de Pandora,es-AR
Pandořiny předměty,Objetos de Pandora,es-AR
Pantheon,Pantheon,es-AR
Panzerwalküre,Diosa de las Pistolas,es-AR
Paquete de mejora,Paquete de Mejora,es-AR
Par ici l'XP,Cuchara de plata,es-AR
Parabraccia del cercatore,Guardabrazo del Buscador,es-AR
Paragöz,Avaricia,es-AR
Parancsnok,Comandante,es-AR
Parceria,Forma equipo,es-AR
Pariu de aur,Apuesta Dorada,es-AR
Pariu pe viitor,Acumular,es-AR
Pariul lui Urf,Gambito de Urf,es-AR
Parlakpul Özü,Esencia de Brilloescama,es-AR
Partage emblématique,No nos Separamos,es-AR
Parti Patisi,Fiera Fiestera,es-AR
Partial Ascension,Ascensión parcial,es-AR
Partiállat,Fiera Fiestera,es-AR
Party Animal,Fiera Fiestera,es-AR
Partytiger,Fiera Fiestera,es-AR
Pas Giganta,Cinturón de Gigante,es-AR
Pas le choix,A qué precio,es-AR
Pasowy Przesyt,Cinturón XL,es-AR
Pasterze,Pastor,es-AR
Pastore,Pastor,es-AR
Pastýř,Pastor,es-AR
Patelnia,Sartén,es-AR
Patience,Farmeo Áurico,es-AR
Patience d'Ekko,Paciencia de Ekko,es-AR
Patience is a Virtue,La Paciencia es una Virtud,es-AR
Patient Study,Estudio Paciente,es-AR
Patientenstudie,Estudio Paciente,es-AR
Patru de partea ta,Que los Cuatros te Acompañen,es-AR
Patto eterno,Pacto Eterno,es-AR
Pavois,Baluarte,es-AR
Pazienza di Ekko,Paciencia de Ekko,es-AR
Pařmen,Fiera Fiestera,es-AR
Pe val,En racha,es-AR
Pedeapsă,Retribución,es-AR
Pegno di Sterak,Guantelete de Sterak,es-AR
Pegno di sangue,Precio Sangriento,es-AR
Peleryna Taktyka,Capa de Estratega,es-AR
Pensamiento progresista,Pensar a Futuro,es-AR
Pensando no Futuro,Pensar a Futuro,es-AR
Peníze na oběd,Dinero del almuerzo,es-AR
"Pequenas, Mas Letais",Pequeño pero mortífero,es-AR
Pequenos Titãs,Titanes Diminutos,es-AR
Pequeños pero matones,Pequeño pero mortífero,es-AR
Perdición del liche,Maldición del Liche,es-AR
Perdite calcolate,Pérdida Calculada,es-AR
Perdição de Lich,Maldición del Liche,es-AR
Pergamino ligeramente mágico,Tirada Ligeramente Mágica,es-AR
Pergamino mágico,Tirada Mágica,es-AR
Persona Espelhada,Persona en Espejo,es-AR
Persona Espelhada Inferior,Persona en Espejo menor,es-AR
Personalitate în oglindă,Persona en Espejo,es-AR
Personalitate în oglindă minoră,Persona en Espejo menor,es-AR
Personalità speculare,Persona en Espejo,es-AR
Personalità speculare minore,Persona en Espejo menor,es-AR
Personalizare exclusivă,Personalización exclusiva,es-AR
Personalização Exclusiva,Personalización exclusiva,es-AR
Personalizzazione esclusiva,Personalización exclusiva,es-AR
Personnalité miroir,Persona en Espejo,es-AR
Personnalité miroir mineure,Persona en Espejo menor,es-AR
Perszónatükör,Persona en Espejo,es-AR
Pesada é a Coroa,Pesada es la Corona,es-AR
Pesante è la corona,Pesada es la Corona,es-AR
Pescando cumplidos,Farmeo Áurico,es-AR
Pesimist,Condenador,es-AR
Pestjuwel,Joya Maldita,es-AR
Pestrá sebranka,Inadaptados,es-AR
Petit sac de butin,Bolsa de Sorpresas Pequeña,es-AR
Petits mais costauds,Pequeño pero mortífero,es-AR
Petrecăreț,Fiera Fiestera,es-AR
Pevná linie,Mantén la Posición,es-AR
Pevné opasky,Cinturón XL,es-AR
Pečlivé ladění,Mínimo/Máximo,es-AR
Pfannenwender,Espátula,es-AR
Phi Vụ Trang Bị,Asalto de Componentes,es-AR
Phong Kiếm,Céfiro,es-AR
Pháo Xương Cá,Carapescado,es-AR
Phân Nhánh,Ramificación,es-AR
Phép Màu Của Soraka,Milagro de Soraka,es-AR
Phóng Hỏa,Tablero de Fuego Solar,es-AR
Phản Ứng Phụ,Efectos Secundarios,es-AR
"Piccole, ma letali",Pequeño pero mortífero,es-AR
Piccoli alleati,Amiguitos,es-AR
Piekielny Toporek,Hacha de Fuego Infernal,es-AR
Pieniążki na Obiad,Dinero del almuerzo,es-AR
Pierdere calculată,Pérdida Calculada,es-AR
Pile ou face,Apuesta Dorada,es-AR
Pilfer,Hurto,es-AR
Pillín radiante,Rufián Radiante,es-AR
Pioggia di statistiche!,¡Milestadísticas!,es-AR
Pistola Laminar Hextec,Sablepistola Hextech,es-AR
Pistola a lame hextech,Sablepistola Hextech,es-AR
Pistolame Hextech,Sablepistola Hextech,es-AR
Pisztolyistennő,Diosa de las Pistolas,es-AR
Placa Gargolítica,Armadura Pétrea,es-AR
Placa Solo,Solo Pétreo,es-AR
Plan de viitor,Pensar a Futuro,es-AR
Plancia del Sole,Tablero de Fuego Solar,es-AR
Planlı Mağlubiyet,Pérdida Calculada,es-AR
Plano de retaguardia,Plano de Línea Trasera,es-AR
Plateau solaire,Tablero de Fuego Solar,es-AR
Platoșa garguiului,Armadura Pétrea,es-AR
Platoșă unică,Solo Pétreo,es-AR
Plecat de la tastatură,Inactividad,es-AR
Plemienna Zbroja,Armadura de Warmog,es-AR
Plocha slunečního žáru,Tablero de Fuego Solar,es-AR
Plot Armor,La trama lo protege,es-AR
Pluie d'argent,Monzón Millonario,es-AR
Plán pro zadní řadu,Plano de Línea Trasera,es-AR
Plášť slunečního žáru,Capa de Fuego Solar,es-AR
Po Prostu Traf,Tú Pégales,es-AR
Pocalul puterii,Cáliz de Poder,es-AR
Podatek Poznawczy,Impuesto Cognitivo,es-AR
Podejrzany Płaszcz,Gabardina Sospechosa,es-AR
Poder Aprimorado,Poder Mejorado,es-AR
Poder mejorado,Poder Mejorado,es-AR
Poderoso Mech,El Mega Mecha,es-AR
Podezřelý pršiplášť,Gabardina Sospechosa,es-AR
Podpůrný implantát,Implante Simpático,es-AR
Podróżnicy,Viajero,es-AR
Podstawy Boksu,Lecciones de Boxeo,es-AR
Podsycenie Płomieni,Alimenta las Llamas,es-AR
Podwójna Wytrzymałość,Doble Tanque,es-AR
Podziel Się Uwagą Yasuo,Comparte los Reflectores con Yasuo,es-AR
Pofuduk Eldiven,Mitones,es-AR
Pogromca Olbrzymów,Verdugo de Gigantes,es-AR
Pohodový život,Fragmento de Vida,es-AR
Pohár moci,Cáliz de Poder,es-AR
Poignard de Statikk,Daga de Statikk,es-AR
Poiscaille,Carapescado,es-AR
Pojemnik na Złom,Bote de Segunda Mano,es-AR
Pokoli csatabárd,Hacha de Fuego Infernal,es-AR
Pokročilá půjčka,Préstamo Anticipado,es-AR
Polovodič,Semiconductor,es-AR
Polowanie na Skarb,Cazatesoros,es-AR
Poppy,Poppy,es-AR
Porcelanowe Działo,Cañón de Cristal,es-AR
Pornire rapidă,Inicio Veloz,es-AR
Porque yo lo valgo,Bueno para Algo,es-AR
Portable Forge,Forja Portátil,es-AR
Portail de Zz'Rot,Portal Zz'Rot,es-AR
Portal Zz'rot,Portal Zz'Rot,es-AR
Portal de Zz'Rot,Portal Zz'Rot,es-AR
Portale Zz'Rot,Portal Zz'Rot,es-AR
Portál Zz'Rotu,Portal Zz'Rot,es-AR
Posición defensiva,Mantén la Posición,es-AR
Posilovací balíček,Paquete de Mejora,es-AR
Poslední zašeptání,Último Suspiro,es-AR
Postav si kámoše,Arma un Amigo,es-AR
Posępny Herold Zeke'a,Heraldo de las Tinieblas de Zeke,es-AR
Potere dell'Impianto,Poder Mejorado,es-AR
Potok slz,Llora Todo lo que Quieras,es-AR
Potężny Mech,El Mega Mecha,es-AR
Poutník,Viajero,es-AR
Povara coroanei,Pesada es la Corona,es-AR
Povestea revenirii,Volver al Ruedo,es-AR
Pozlacená ocel,Acero Dorado,es-AR
Poznawcze Przeciążenie,Sobrecarga Cognitiva,es-AR
Poznaș radiant,Rufián Radiante,es-AR
Pozłacana Stal,Acero Dorado,es-AR
Poêle à frire,Sartén,es-AR
Požehnaný bohy,Bendecido por los Dioses,es-AR
Prapůvodní,Primordiano,es-AR
Precio sangriento,Precio Sangriento,es-AR
Precisión infalible,Enfoque al Horizonte,es-AR
Predone,Merodeador,es-AR
Preiskämpfer,Boxeador Profesional,es-AR
Première ligne,Alineación,es-AR
Presente de Aniversário,Regalo de cumpleaños,es-AR
Preservador de Biomatéria,Preservador de Biomateria,es-AR
Preservador de biomateria,Preservador de Biomateria,es-AR
Pretendenci,Retador,es-AR
Prevalere,A Remontar,es-AR
Prezent Urodzinowy,Regalo de cumpleaños,es-AR
Preço em Sangue,Precio Sangriento,es-AR
Prețul sângelui,Precio Sangriento,es-AR
Prieteni micuți,Amiguitos,es-AR
Primi insegnamenti,Primeras Lecciones,es-AR
Primordia'lı,Primordiano,es-AR
Primordia'lı Amblemi,Emblema de Primordianos,es-AR
Primordiai,Primordiano,es-AR
Primordiai embléma,Emblema de Primordianos,es-AR
Primordian,Primordiano,es-AR
Primordian Emblem,Emblema de Primordianos,es-AR
Primordianer,Primordiano,es-AR
Primordianer-Emblem,Emblema de Primordianos,es-AR
Primordianie,Primordiano,es-AR
Primordien,Primordiano,es-AR
Prismatic Ticket,Boleto Prismático,es-AR
Prismatisches Ticket,Boleto Prismático,es-AR
Prizefighter,Boxeador Profesional,es-AR
Prizmatik Bilet,Boleto Prismático,es-AR
Proaspăt fabricat,Nuevo de Fábrica,es-AR
Probuzení duše,Despertar del Alma,es-AR
Progresión final,Progresión en el juego tardío,es-AR
Projeto da Retaguarda,Plano de Línea Trasera,es-AR
Prokletá koruna,Corona Maldita,es-AR
Prokleté ostří,Cuchilla Maldita,es-AR
Promesa de caballero,Promesa del Caballero,es-AR
Promesa del protector,Juramento del Protector,es-AR
Promoção de Cintos,Cinturón XL,es-AR
Promoção de Espadas,Espada Desmedida,es-AR
Promoção de Varinhas,Sobrecarga de Varas,es-AR
Promyšlená prohra,Pérdida Calculada,es-AR
Prosekání cesty,Ábrete Camino,es-AR
Prostředník,Canalizador,es-AR
Protagonista Nigdy Nie Umiera,La trama lo protege,es-AR
Protección en solitario,Solo Pétreo,es-AR
Protección infinita,Protección del Infinito,es-AR
Protection infinie,Protección del Infinito,es-AR
Protector pétreo de gárgola,Armadura Pétrea,es-AR
Protector's Vow,Juramento del Protector,es-AR
Protecția infinitului,Protección del Infinito,es-AR
Protecție universală,La trama lo protege,es-AR
Protezione di trama,La trama lo protege,es-AR
Protezione infinita,Protección del Infinito,es-AR
Proteção Imutável,Manto del Ocaso,es-AR
Proteção do Infinito,Protección del Infinito,es-AR
Protège-bras du savant,Guardabrazo del Buscador,es-AR
Provisiones,Paquete de Cuidados,es-AR
Provizorní zbroj,Armadura Improvisada,es-AR
Prowler's Claw,Garra del Merodeador,es-AR
Prozíravost,Pensar a Futuro,es-AR
Pryzmatyczny Bilet,Boleto Prismático,es-AR
Przebudzenie Duszy,Despertar del Alma,es-AR
Przedmioty Pandory,Objetos de Pandora,es-AR
Przekaźnik,Canalizador,es-AR
Przeklęta Korona,Corona Maldita,es-AR
Przeklęte Ostrze,Cuchilla Maldita,es-AR
Przeniesienie Ładunku,Transferencia de Carga,es-AR
Przenośna Kuźnia,Forja Portátil,es-AR
Przodownicy Składu,Alineación,es-AR
Przysięga Rycerska,Promesa del Caballero,es-AR
Préstamo avanzado,Préstamo Anticipado,es-AR
Prêt anticipé,Préstamo Anticipado,es-AR
Prędkość Meepa,Velocidad Termeepnal,es-AR
Psionic,Psiónico,es-AR
Psionic Emblem,Emblema de Psiónico,es-AR
Psionico,Psiónico,es-AR
Psioniczni,Psiónico,es-AR
Psionik,Psiónico,es-AR
Psionik Amblemi,Emblema de Psiónico,es-AR
Psionique,Psiónico,es-AR
Psionisch,Psiónico,es-AR
Psionisch-Emblem,Emblema de Psiónico,es-AR
Psiônico,Psiónico,es-AR
Pszionikus,Psiónico,es-AR
Pszionikus embléma,Emblema de Psiónico,es-AR
Puchar Potęgi,Cáliz de Poder,es-AR
Pugnale di Statikk,Daga de Statikk,es-AR
Puissance 4,Cuatro Refuerzos,es-AR
Pulsar sombre,Estrella Oscura,es-AR
Punguța lui Urf,Bolsa de Sorpresas de Urf,es-AR
Punguță cu obiecte surpriză,Bolsa de Objetos,es-AR
Punguță eroică,Bolsa de Sorpresas Heroica,es-AR
Punguță mare,Bolsa de Sorpresas grande,es-AR
Punguță mică,Bolsa de Sorpresas Pequeña,es-AR
Puppifizierung,¿Hacemos un Muñeco?,es-AR
Putere augmentată,Poder Mejorado,es-AR
"Puternic, dar fragil",Cañón de Cristal,es-AR
Puñal de Statikk,Daga de Statikk,es-AR
Pușcă cu baionetă hextech,Sablepistola Hextech,es-AR
Pyke,Pyke,es-AR
Pálcaszállítmány,Sobrecarga de Varas,es-AR
Páros várólista,Cola Dúo,es-AR
Pásztor,Pastor,es-AR
Pásztor embléma,Emblema de Pastor,es-AR
Pénzes persely,Cuenta de Ahorros,es-AR
Pénzmonszun,Monzón Millonario,es-AR
Pénzéhes,Avaricia,es-AR
Pérdida calculada,Pérdida Calculada,es-AR
Pícaro,Furtivo,es-AR
Półprzewodnik,Semiconductor,es-AR
Pălăria malefică a lui Rabadon,Sombrero Mortífero de Rabadon,es-AR
Pălării mai letale,Sombreros Más Letales,es-AR
Păpușa din umbră,Marioneta Sombría,es-AR
Păstor,Pastor,es-AR
Pěstnice Prázdnoty,Guantelete del Vacío,es-AR
Płaszcz Negacji,Capa de Negatrones,es-AR
Płynące Łzy,Corriente de Lágrimas,es-AR
Přebytek holí,Sobrecarga de Varas,es-AR
Přebytek mečů,Espada Desmedida,es-AR
Předplacená služba,Servicio de Suscripción,es-AR
Předvoj,Vanguardia,es-AR
Přelom noci,Filo de la Noche,es-AR
Přenos náboje,Transferencia de Carga,es-AR
Přenosná kovárna,Forja Portátil,es-AR
Přizpůsobivá přilba,Yelmo Adaptable,es-AR
Přízračná šavle,Sable Espectral,es-AR
Quang Lân Tiểu Yêu,Rufián Radiante,es-AR
Quatre cents coups,Que los Cuatros te Acompañen,es-AR
Quay Trúng Thưởng,Tirada Ligeramente Mágica,es-AR
Que los cuatros te acompañen,Que los Cuatros te Acompañen,es-AR
Que os Quatros Estejam com Você,Que los Cuatros te Acompañen,es-AR
Quecksilber,Capa Mercurial,es-AR
Quem Espera Sempre Alcança,La Paciencia es una Virtud,es-AR
Question de taille,El Tamaño Importa,es-AR
Quicksilver,Capa Mercurial,es-AR
Quyền Năng Khổng Lồ,Valor del Titán,es-AR
Quyền Trượng Thiên Thần,Báculo del Arcángel,es-AR
Quyền Trượng Thánh Quang,Virtud del Mártir,es-AR
Quà Sinh Nhật,Regalo de cumpleaños,es-AR
Quá Tải Tư Duy,Sobrecarga Cognitiva,es-AR
Quân Đoàn 3 Sao,Legión de Tres,es-AR
Quỷ Thư Morello,Morellonomicón,es-AR
Quỹ Phòng Hộ,Fondo de inversión,es-AR
Rabadon halálsüvege,Sombrero Mortífero de Rabadon,es-AR
Rabadon's Deathcap,Sombrero Mortífero de Rabadon,es-AR
Rabadon'un Şapkası,Sombrero Mortífero de Rabadon,es-AR
Rabadons Todeshaube,Sombrero Mortífero de Rabadon,es-AR
Rabadonův smrtící klobouk,Sombrero Mortífero de Rabadon,es-AR
Raccolta differenziata,Bote de Segunda Mano,es-AR
Radiant Rascal,Rufián Radiante,es-AR
Radici diffuse,Raíces Propagadoras,es-AR
Raffinierte Herstellung,Artesanía Creativa,es-AR
Rakeťák,Carapescado,es-AR
Ramificare,Ramificación,es-AR
Ramię w Ramię,No nos Separamos,es-AR
Rammus,Rammus,es-AR
Rapid Firecannon,Cañón de Fuego Rápido,es-AR
Rappresaglia,Retribución,es-AR
Rasga-tempo,Rompetiempo,es-AR
Raufbold,Peleador,es-AR
Raufbold-Emblem,Emblema de Peleadores,es-AR
Ravitaillement,Paquete de Cuidados,es-AR
"Raz, Dwa, Pięć!","Uno, dos, ¡cinco!",es-AR
"Raz, Dwa, Trzy","Uno, Dos, Tres",es-AR
"Raz, dva, pět!","Uno, dos, ¡cinco!",es-AR
Raíces expansivas,Raíces Propagadoras,es-AR
Raízes Alastradas,Raíces Propagadoras,es-AR
Rdzeń Handlu,Núcleo Comercial,es-AR
Rdzeń Świtu,Esfera del Amanecer,es-AR
Reach for the Stars,Apunta a las Estrellas,es-AR
Rebel,Furtivo,es-AR
Rebelle,Furtivo,es-AR
Recombobulador,Megamorfosis,es-AR
Recombobulateur,Megamorfosis,es-AR
Recombobulator,Megamorfosis,es-AR
Recomeçar Missão,Reiniciar Misión,es-AR
Recomeço Cósmico,Reinicio Cósmico,es-AR
Recrut nou,Nuevo Recluta,es-AR
Recursos de Ferro,Recursos de Hierro,es-AR
Recursos de hierro,Recursos de Hierro,es-AR
Recurve Bow,Arco Recurvado,es-AR
Recyclingtonne,Bote de Segunda Mano,es-AR
Recyklátor,Bote de Segunda Mano,es-AR
Red Buff,Mejora Roja,es-AR
Redeemer,Redentor,es-AR
Redentora,Redentor,es-AR
Redentore,Redentor,es-AR
Reducere fulger,Liquidación,es-AR
Reflexní luk,Arco Recurvado,es-AR
Reflexíj,Arco Recurvado,es-AR
Regalo di compleanno,Regalo de cumpleaños,es-AR
Regiaguardia,Guardia de la Corona,es-AR
ReinFOURcement,Cuatro Refuerzos,es-AR
Reinicio cósmico,Reinicio Cósmico,es-AR
Reinicio de misión,Reiniciar Misión,es-AR
Rek'Sai,Rek'Sai,es-AR
Rekombinator,Megamorfosis,es-AR
Rekombobulator,Megamorfosis,es-AR
Rekombobulátor,Megamorfosis,es-AR
Rekursivbogen,Arco Recurvado,es-AR
Relances régulières,Núcleo Comercial,es-AR
Relances épiques,Rerroleo Épico,es-AR
Relances étoilées,En racha,es-AR
Relato de un regreso,Volver al Ruedo,es-AR
Relicva ofilită,Reliquia Marchita,es-AR
Relique flétrie,Reliquia Marchita,es-AR
Reliquia appassita,Reliquia Marchita,es-AR
Reliquia marchita,Reliquia Marchita,es-AR
Relíquia Definhada,Reliquia Marchita,es-AR
Rendelkezz az íjammal,Mi arco a tu servicio,es-AR
Repaire du baron,Guarida del Barón,es-AR
Replica,Réplica,es-AR
Replicante,Replicador,es-AR
Replication,Réplica,es-AR
Replicator,Replicador,es-AR
Replicator Mode,Modo Replicador,es-AR
Replicação,Réplica,es-AR
Replikace,Réplica,es-AR
Replikacja,Réplica,es-AR
Replikacı,Replicador,es-AR
Replikacı Modu,Modo Replicador,es-AR
Replikator,Replicador,es-AR
Replikator-Modus,Modo Replicador,es-AR
Replikatorzy,Replicador,es-AR
Replikační režim,Modo Replicador,es-AR
Replikátor,Replicador,es-AR
Repornire cosmică,Reinicio Cósmico,es-AR
Reproducere,Réplica,es-AR
Reserva de Pandora,Banca de Pandora,es-AR
Resolución titánica,Valor del Titán,es-AR
Restart Misji,Reiniciar Misión,es-AR
Restart Mission,Reiniciar Misión,es-AR
Restartování mise,Reiniciar Misión,es-AR
Restiamo uniti,No nos Separamos,es-AR
Retribution,Retribución,es-AR
Reuniune aniversară,Reunión de Cumpleaños,es-AR
Reunión cumpleañera,Reunión de Cumpleaños,es-AR
Reviravolta,Volver al Ruedo,es-AR
Rezistența din prima linie,Mantén la Posición,es-AR
Reîncărcare relativ magică,Tirada Ligeramente Mágica,es-AR
Reîncărcări epice,Rerroleo Épico,es-AR
Reîncărcări la grămadă,Actualiza sin parar,es-AR
Režim Prostředník,Modo Canalizador,es-AR
Rhaast,Rhaast,es-AR
Riavvia missione,Reiniciar Misión,es-AR
Riavvio cosmico,Reinicio Cósmico,es-AR
Ribalta condivisa di Yasuo,Comparte los Reflectores con Yasuo,es-AR
Richiamo al caos,Llamado al Caos,es-AR
Ricombussolatore,Megamorfosis,es-AR
Riesenschlächter,Verdugo de Gigantes,es-AR
Riesenschwert,Espadón,es-AR
Rift Scuttler,Cangrejo Escurridizo,es-AR
Risikofonds,Fondo de inversión,es-AR
Riskante Aktionen,Jugadas arriesgadas,es-AR
Riskantní tah,Jugadas arriesgadas,es-AR
Risky Moves,Jugadas arriesgadas,es-AR
Risorse ferrose,Recursos de Hierro,es-AR
Risveglio dell'anima,Despertar del Alma,es-AR
Ritmo Spaziale,Onda Espacial,es-AR
Ritrovo di compleanno,Reunión de Cumpleaños,es-AR
Ritterschwur,Promesa del Caballero,es-AR
Riven,Riven,es-AR
Robbanásszerű fejlődés,Crecimiento Explosivo,es-AR
Robo de componentes,Asalto de Componentes,es-AR
Robot,El Mega Mecha,es-AR
Robotul Mecha impunător,El Mega Mecha,es-AR
Rogue,Furtivo,es-AR
Rogue Emblem,Emblema de Furtivo,es-AR
Rolling For Days,Actualiza sin parar,es-AR
Rolling for Days,Actualiza sin parar,es-AR
Rolo Compressor,En racha,es-AR
Rostro espiritual,Apariencia Espiritual,es-AR
Roter Buff,Mejora Roja,es-AR
Roubo de Componentes,Asalto de Componentes,es-AR
Rouška nehybnosti,Manto de Quietud,es-AR
Rozgałęzienie,Ramificación,es-AR
Rozmiar Ma Znaczenie,El Tamaño Importa,es-AR
Rozruch,Inicio Veloz,es-AR
Rozrůstání kořenů,Raíces Propagadoras,es-AR
Rozsądne Wydatki,Saber Gastar,es-AR
Rozvětvení,Ramificación,es-AR
Rtuť,Capa Mercurial,es-AR
Ruf des Chaos,Llamado al Caos,es-AR
Rugalmas,Flexible,es-AR
Ruh Gömleği,Apariencia Espiritual,es-AR
Ruh Uyanışı,Despertar del Alma,es-AR
Ruka spravedlnosti,Mano de la Justicia,es-AR
Rukavice pro štěstí,Guantes de la Suerte,es-AR
Rváč,Peleador,es-AR
Rybeńka,Carapescado,es-AR
Rychlopalné ohnivé dělo,Cañón de Fuego Rápido,es-AR
Rychlý dvojzářez,Asesinato Doble Veloz,es-AR
Rychlý start,Inicio Veloz,es-AR
Rytířský slib,Promesa del Caballero,es-AR
Ryzykowne Posunięcia,Jugadas arriesgadas,es-AR
Rzeka Łez,Llora Todo lo que Quieras,es-AR
Récompenses de guerre,Sendero de Guerra,es-AR
Rédempteur,Redentor,es-AR
Réinitialisation cosmique,Reinicio Cósmico,es-AR
Réplicateur,Replicador,es-AR
Résistance acharnée,La trama lo protege,es-AR
Részleges Felemelkedés,Ascensión parcial,es-AR
Réunion d'anniversaire,Reunión de Cumpleaños,es-AR
Rìu Hỏa Ngục,Hacha de Fuego Infernal,es-AR
Rìu Đại Mãng Xà,Hidra Titánica,es-AR
Río de lágrimas,Corriente de Lágrimas,es-AR
Różdżkowy Przesyt,Sobrecarga de Varas,es-AR
Rögtönzött páncél,Armadura Improvisada,es-AR
Răbdarea e o virtute,La Paciencia es una Virtud,es-AR
Răbdarea lui Ekko,Paciencia de Ekko,es-AR
Rădăcini răspândite,Raíces Propagadoras,es-AR
Rămânem împreună,No nos Separamos,es-AR
Răsăritul din Silvermere,Amanecer Plateado,es-AR
Ręka Sprawiedliwości,Mano de la Justicia,es-AR
Rękawica Pustki,Guantelete del Vacío,es-AR
Rękawice Sparingowe,Guantes de Combate,es-AR
Rękawice Złodzieja,Guantes de Ladrón,es-AR
Rękawiczki,Mitones,es-AR
Rồng Đẻ Trứng Vàng,El Huevo Dorado,es-AR
SZILÁRD ELTÖKÉLTSÉG,Terquedad,es-AR
Sabia blestemată,Cuchilla Maldita,es-AR
Sabia forței brute,Espadón,es-AR
Sabia infinitului,Filo del Infinito,es-AR
Sabia morții,Filo de la Muerte,es-AR
Sabia sângeroasă,La Sanguinaria,es-AR
Sable espectral,Sable Espectral,es-AR
Sable-pistola hextech,Sablepistola Hextech,es-AR
Sabre spectral,Sable Espectral,es-AR
Sabır Erdemdir,La Paciencia es una Virtud,es-AR
Sac de butin,Bolsa de Objetos,es-AR
Saco de Brindes,Bolsa de Objetos,es-AR
Saco de Brindes Heroico,Bolsa de Sorpresas Heroica,es-AR
Saco de Brindes Pequeno,Bolsa de Sorpresas Pequeña,es-AR
Saco de Brindes Recheado,Bolsa de Sorpresas grande,es-AR
Saco de Brindes do Urf,Bolsa de Sorpresas de Urf,es-AR
Sacrificio cruento,Ofrenda de Sangre,es-AR
Sadakat,Gran Compromiso,es-AR
Safları Koru,Mantén la Posición,es-AR
Saklı Gerçek,Kahunahuna,es-AR
Saldi imperdibili,Liquidación,es-AR
Saldão,Liquidación,es-AR
Salvage Bin,Bote de Segunda Mano,es-AR
Salvator,Redentor,es-AR
Samira,Samira,es-AR
Sanguinaire,Precio Sangriento,es-AR
Sanguinaria,La Sanguinaria,es-AR
Saqueador,Merodeador,es-AR
Saum der Nacht,Filo de la Noche,es-AR
Sauter une classe,A Remontar,es-AR
Savaş Yolu,Sendero de Guerra,es-AR
Savings Account,Cuenta de Ahorros,es-AR
Scalata verso il successo,Ascender de Posición,es-AR
Scegli tratto,Elige el rasgo,es-AR
Sceptre vampirique corrompu,Cetro Vampírico Corrupto,es-AR
Sceptru vampiric corupt,Cetro Vampírico Corrupto,es-AR
Sceptrul Vidului,Báculo del Vacío,es-AR
Sceptrul serafimului,Báculo del Serafín,es-AR
Scettro dell'arcangelo,Báculo del Arcángel,es-AR
Scettro serafino,Báculo del Serafín,es-AR
Scettro vampirico corrotto,Cetro Vampírico Corrupto,es-AR
Scharfschütze,Francotirador,es-AR
Scharfschütze-Emblem,Emblema de Francotiradores,es-AR
Schattenpuppe,Marioneta Sombría,es-AR
Schatzjagd,Cazatesoros,es-AR
Schema della retroguardia,Plano de Línea Trasera,es-AR
Schemat Tylnej Formacji,Plano de Línea Trasera,es-AR
Schiantare,De fiesta,es-AR
Schicksalsweber,Tejedestinos,es-AR
Schild des Taktikers,Escudo del Estratega,es-AR
Schiță pentru linia din spate,Plano de Línea Trasera,es-AR
Schlag zu,De fiesta,es-AR
Schlussverkauf,Liquidación,es-AR
Schmiede einen Freund,Haciendo Amistades,es-AR
Schnellfeuer-Geschütz,Cañón de Fuego Rápido,es-AR
Schurke,Furtivo,es-AR
Schurken-Emblem,Emblema de Furtivo,es-AR
Schutz der Unendlichkeit,Protección del Infinito,es-AR
Schwer ist die Krone,Pesada es la Corona,es-AR
Schwertschmied,Fabricante de Espadas,es-AR
Schwertüberfluss,Espada Desmedida,es-AR
Schwur des Beschützers,Juramento del Protector,es-AR
Schüre das Feuer,Alimenta las Llamas,es-AR
Sciabola spettrale,Sable Espectral,es-AR
Scintilla ionica,Chispa Iónica,es-AR
Scommessa dorata,Apuesta Dorada,es-AR
Scommessa rischiosa,Gran Compromiso,es-AR
Scudo dello stratega,Escudo del Estratega,es-AR
Scutul amurgului,Égida del Ocaso,es-AR
Scutul tacticianului,Escudo del Estratega,es-AR
Scutul zorilor,Égida del Amanecer,es-AR
Scânteie ionică,Chispa Iónica,es-AR
Sdílená zbroj,La trama lo protege,es-AR
Sebevražední panáci,Muñecos de Prueba para Choques,es-AR
Second Wind,Segundo Aire,es-AR
Second souffle,Segundo Aire,es-AR
Secondo fiato,Segundo Aire,es-AR
Secteur commercial,Sector de Intercambio,es-AR
Section Anima,Animalia,es-AR
Sector comercial,Sector de Intercambio,es-AR
Sectorul comercial,Sector de Intercambio,es-AR
Secure din focul iadului,Hacha de Fuego Infernal,es-AR
Sed de dinero,Avaricia,es-AR
Sede de Riqueza,Avaricia,es-AR
Sedenta por Sangue,La Sanguinaria,es-AR
Seeker's Armguard,Guardabrazo del Buscador,es-AR
Seelenerwachen,Despertar del Alma,es-AR
Segen der Wiederbelebung,Bendición de Resurrección,es-AR
Sehraný tým,Forma equipo,es-AR
Sekera pekelného ohně,Hacha de Fuego Infernal,es-AR
Sektor Wymiany,Sector de Intercambio,es-AR
Selbstständig machen,Ramificación,es-AR
Semblante Espiritual,Apariencia Espiritual,es-AR
Semi-conducteur,Semiconductor,es-AR
Semiconductor,Semiconductor,es-AR
Semicondutor,Semiconductor,es-AR
Semiconduttore,Semiconductor,es-AR
Sendero de guerra,Sendero de Guerra,es-AR
Sentenciador,Sentencia,es-AR
Sentiero di guerra,Sendero de Guerra,es-AR
Serafínova hůl,Báculo del Serafín,es-AR
Seraphim's Staff,Báculo del Serafín,es-AR
Serbest Yatırım Fonu,Fondo de inversión,es-AR
Serce ze Stali,Corazón de Acero,es-AR
Serpenyő,Sartén,es-AR
Serve para Algo,Bueno para Algo,es-AR
Servicio de suscripción,Servicio de Suscripción,es-AR
Servizio ad abbonamento,Servicio de Suscripción,es-AR
Serviço de Assinatura,Servicio de Suscripción,es-AR
Setor de Troca,Sector de Intercambio,es-AR
Settore dello scambio,Sector de Intercambio,es-AR
Seviye Atla!,¡Sube de nivel!,es-AR
Seyyah,Viajero,es-AR
Seyyah Amblemi,Emblema de Viajero,es-AR
Sfere curative,Orbes de curación,es-AR
Sfere vindecătoare,Orbes de curación,es-AR
Sfidante,Retador,es-AR
Sfârșitul rațiunii,Al Filo de la Cordura,es-AR
Shadow Puppet,Marioneta Sombría,es-AR
Shen,Shen,es-AR
Shepherd,Pastor,es-AR
Shepherd Emblem,Emblema de Pastor,es-AR
Shimmerscale Essence,Esencia de Brilloescama,es-AR
Shojin lándzsája,Lanza de Shojin,es-AR
Shojin'in Mızrağı,Lanza de Shojin,es-AR
Shopping Spree,Compras compulsivas,es-AR
Shopping intensif,Compras compulsivas,es-AR
Shopping scatenato,Compras compulsivas,es-AR
Shroud of Stillness,Manto de Quietud,es-AR
Sibernetik Aktarım,Enlace Cibernético,es-AR
Sibernetik İmplant,Implantes Cibernéticos,es-AR
Sicario,Asesino a Sueldo,es-AR
Side Effects,Efectos Secundarios,es-AR
Siegeszug,A Remontar,es-AR
Signora Oscura,Dama Oscura,es-AR
Silberlöffel,Cuchara de plata,es-AR
Silver Spoon,Cuchara de plata,es-AR
Silvermere Dawn,Amanecer Plateado,es-AR
Sinal de Sterak,Guantelete de Sterak,es-AR
Sinh Nhật Đoàn Tụ,Reunión de Cumpleaños,es-AR
Sinir İmplantı,Implante Simpático,es-AR
Sinsi,Furtivo,es-AR
Sinsi Amblemi,Emblema de Furtivo,es-AR
Sinsi Pençe,Garra del Merodeador,es-AR
Siper,Baluarte,es-AR
Size Matters,El Tamaño Importa,es-AR
Siêu Linh,Psiónico,es-AR
Siêu Thú,Animalia,es-AR
Siêu Vũ Trụ,El Big Bang,es-AR
Siêu Xẻng,Espátula,es-AR
Sięganie ku Gwiazdom,Apunta a las Estrellas,es-AR
Skalierung im späten Spiel,Progresión en el juego tardío,es-AR
Skalowanie w Późnej Fazie Gry,Progresión en el juego tardío,es-AR
Skleněné dělo,Cañón de Cristal,es-AR
Skok po Składniki,Asalto de Componentes,es-AR
Skupienie Horyzontalne,Enfoque al Horizonte,es-AR
Skupiony Ogień,Fuego Concentrado,es-AR
Slammin',De fiesta,es-AR
Slaďounké dobroty,Dulces Golosinas,es-AR
Slice of Life,Fragmento de Vida,es-AR
Slightly Magic Roll,Tirada Ligeramente Mágica,es-AR
Slza bohyně,Lágrima de la Diosa,es-AR
Small Grab Bag,Bolsa de Sorpresas Pequeña,es-AR
Smoczy Szpon,Garra de Dragón,es-AR
Snajperzy,Francotirador,es-AR
Sniper,Francotirador,es-AR
Sniper Emblem,Emblema de Francotiradores,es-AR
Sobrecarga cognitiva,Sobrecarga Cognitiva,es-AR
Sobrecarga de cinturones,Cinturón XL,es-AR
Sobrecarga de espadas,Espada Desmedida,es-AR
Sobrecarga de varitas,Sobrecarga de Varas,es-AR
Sobretudo Suspeito,Gabardina Sospechosa,es-AR
Sobrevivente,Sobreviviente,es-AR
Sodronyozott mellény,Cota de Malla,es-AR
Soif-de-sang,La Sanguinaria,es-AR
Sojusznik Opiekuna,Alianza del Guardián,es-AR
Sok Cappa,Juguito de Gorrito,es-AR
Soldi per il pranzo,Dinero del almuerzo,es-AR
Solo Leveling,Leveleando en solitario,es-AR
Solo Plate,Solo Pétreo,es-AR
Solo-Leveling,Leveleando en solitario,es-AR
Solo-Steinpanzer,Solo Pétreo,es-AR
Solowa Płyta,Solo Pétreo,es-AR
Solul dezolant al lui Zeke,Heraldo de las Tinieblas de Zeke,es-AR
Solul lui Zeke,Heraldo de Zeke,es-AR
Solzi sclipitori,Esencia de Brilloescama,es-AR
Sombrero mortal de Rabadon,Sombrero Mortífero de Rabadon,es-AR
Sombreros más mortales,Sombreros Más Letales,es-AR
Son Fısıltı,Último Suspiro,es-AR
Sona,Sona,es-AR
Sona Kalanlar,Sobreviviente,es-AR
Song Sát Tốc Hành,Asesinato Doble Veloz,es-AR
Song Vệ,Guardianes Gemelos,es-AR
Song Đấu,Duelista Divino,es-AR
Sonnenfeuer-Brett,Tablero de Fuego Solar,es-AR
Sonnenfeuer-Umhang,Capa de Fuego Solar,es-AR
Sonsuz Büyü,Conjuros Continuos,es-AR
Sonsuz Karanlık,Estrella Oscura,es-AR
Sonsuz Karanlık Amblemi,Emblema de Estrella Oscura,es-AR
Sonsuz Çaresizlik,Desesperación Eterna,es-AR
Sopa Fazlalığı,Sobrecarga de Varas,es-AR
Sopa İşçisi,Fabricante de Varas,es-AR
Soraka csodatétele,Milagro de Soraka,es-AR
Soraka áldása,Bendición de Soraka,es-AR
Soraka'nın Lütfu,Bendición de Soraka,es-AR
Soraka'nın Mucizesi,Milagro de Soraka,es-AR
Soraka's Boon,Bendición de Soraka,es-AR
Soraka's Miracle,Milagro de Soraka,es-AR
Sorakas Segen,Bendición de Soraka,es-AR
Sorakas Wunder,Milagro de Soraka,es-AR
Soračin dar,Bendición de Soraka,es-AR
Soračin zázrak,Milagro de Soraka,es-AR
Sorsszövő,Tejedestinos,es-AR
Sorte em Alta,¿Te Sientes con Suerte?,es-AR
Sorvadt ereklye,Reliquia Marchita,es-AR
Soubojový režim,Modo Retador,es-AR
Soudce,Sentencia,es-AR
Soul Awakening,Despertar del Alma,es-AR
Soustředěná palba,Fuego Concentrado,es-AR
Soustředěný horizont,Enfoque al Horizonte,es-AR
Soutien indéfectible,Unidos,es-AR
Souvislé sesílání,Conjuros Continuos,es-AR
Sovraccarico cognitivo,Sobrecarga Cognitiva,es-AR
Spaccato di vita,Fragmento de Vida,es-AR
Space Groove,Onda Espacial,es-AR
Space Groove Emblem,Emblema de Onda Espacial,es-AR
Spaczony Wampiryczny Kostur,Cetro Vampírico Corrupto,es-AR
Spada furiei lui Guinsoo,Espadafuria de Guinsoo,es-AR
Sparkonto,Cuenta de Ahorros,es-AR
Sparring Gloves,Guantes de Combate,es-AR
Spasitel,Redentor,es-AR
Spatola,Espátula,es-AR
Spatula,Espátula,es-AR
Spatule,Espátula,es-AR
Spatulă,Espátula,es-AR
Spear of Shojin,Lanza de Shojin,es-AR
Specialista del finale,Especialista en el juego tardío,es-AR
Specialista na závěrečnou fázi,Especialista en el juego tardío,es-AR
Specialistul sfârșitului jocului,Especialista en el juego tardío,es-AR
Specjalista od Końcówki,Especialista en el juego tardío,es-AR
Specjalistyczny Hełm,Yelmo Adaptable,es-AR
Spectral Cutlass,Sable Espectral,es-AR
Spedizione,Expedición,es-AR
Speedy Double Kill,Asesinato Doble Veloz,es-AR
Speer von Shojin,Lanza de Shojin,es-AR
Spektrales Entermesser,Sable Espectral,es-AR
Spektrum jegy,Boleto Prismático,es-AR
Spektrální vstupenka,Boleto Prismático,es-AR
Speranza perduta,Al Filo de la Cordura,es-AR
Spesa oculata,Saber Gastar,es-AR
Spezzatempo,Rompetiempo,es-AR
Spirit Visage,Apariencia Espiritual,es-AR
Spirit of Redemption,Espíritu de Redención,es-AR
Spirito di redenzione,Espíritu de Redención,es-AR
Spiritul izbăvirii,Espíritu de Redención,es-AR
Splétaná magie,Magia Tejida,es-AR
Splétač osudu,Tejedestinos,es-AR
Společné objetí,Abrazo Grupal,es-AR
Spořicí účet,Cuenta de Ahorros,es-AR
Spreading Roots,Raíces Propagadoras,es-AR
Spécialiste des fins de partie,Especialista en el juego tardío,es-AR
Spéculation,Fondo de inversión,es-AR
Srdce z oceli,Corazón de Acero,es-AR
Stab des Erzengels,Báculo del Arcángel,es-AR
Stabschmied,Fabricante de Varas,es-AR
Stabüberfluss,Sobrecarga de Varas,es-AR
Staffsmith,Fabricante de Varas,es-AR
Stand United,Unidos,es-AR
Stargazer,Astromante,es-AR
Stargazer Emblem,Emblema de Astromante,es-AR
Statikk Hançer,Daga de Statikk,es-AR
Statikk Shiv,Daga de Statikk,es-AR
Statikk töltőpengéje,Daga de Statikk,es-AR
Statikkova kudla,Daga de Statikk,es-AR
Statikks Stich,Daga de Statikk,es-AR
Stats à foison !,¡Milestadísticas!,es-AR
Stavebnice společníků,Construye tu Compi,es-AR
Stea întunecată,Estrella Oscura,es-AR
Steadfast Heart,Espíritu Firme,es-AR
Steinpanzer des Wasserspeiers,Armadura Pétrea,es-AR
Stella Oscura,Estrella Oscura,es-AR
Stellar Combo,Combo Estelar,es-AR
Stemma di Lightshield,Cresta de Escudo de Luz,es-AR
Stemmaguarda,Guardia de la Corona,es-AR
Sterak kihívása,Guantelete de Sterak,es-AR
Sterak's Gage,Guantelete de Sterak,es-AR
Sterak'ın Güvencesi,Guantelete de Sterak,es-AR
Sterakova zástava,Guantelete de Sterak,es-AR
Steraks Pegel,Guantelete de Sterak,es-AR
Sterndeuter,Astromante,es-AR
Sterndeuter-Emblem,Emblema de Astromante,es-AR
Sternen-Kombo,Combo Estelar,es-AR
Sternenvernichter,Estrella Oscura,es-AR
Sternenvernichter-Emblem,Emblema de Estrella Oscura,es-AR
Stibitzen,Hurto,es-AR
Stopařčin chránič,Guardabrazo del Buscador,es-AR
Storia di una rimonta,Volver al Ruedo,es-AR
Strahlender Halunke,Rufián Radiante,es-AR
Strateji Ustası Kalkanı,Escudo del Estratega,es-AR
Strateji Ustası Pelerini,Capa de Estratega,es-AR
Strateji Ustası Tacı,Corona de Estratega,es-AR
Strateji Ustasının Mutfağı,Cocina de Estratega,es-AR
Stratégie de ligne arrière,Plano de Línea Trasera,es-AR
Striker's Flail,Mangual del Guerrero,es-AR
Strom vlastností,El Árbol de Rasgos,es-AR
Strážná dvojice,Guardianes Gemelos,es-AR
Studio paziente,Estudio Paciente,es-AR
Studiu diligent,Estudio Paciente,es-AR
Stwórz Sobie Kumpla,Arma un Amigo,es-AR
Stwórz Towarzysza,Construye tu Compi,es-AR
Stínová loutka,Marioneta Sombría,es-AR
Stürmerflegel,Mangual del Guerrero,es-AR
Stříbrná lžička,Cuchara de plata,es-AR
Stůjme při sobě,Unidos,es-AR
Su tutti i fronti,Ramificación,es-AR
Su verso il cielo,Apunta a las Estrellas,es-AR
Subscription Service,Servicio de Suscripción,es-AR
Subskrypcja,Servicio de Suscripción,es-AR
Suc Cappa,Juguito de Gorrito,es-AR
Succes critic,Éxito Crítico,es-AR
Successo critico,Éxito Crítico,es-AR
Succo Cappa,Juguito de Gorrito,es-AR
Sucesso Crítico,Éxito Crítico,es-AR
Suco de Chapéu,Juguito de Gorrito,es-AR
Sugárzó csirkefogó,Rufián Radiante,es-AR
Suhanó sutyerák,Cangrejo Escurridizo,es-AR
Sunfire Board,Tablero de Fuego Solar,es-AR
Sunfire Cape,Capa de Fuego Solar,es-AR
Super sac de butin,Bolsa de Sorpresas grande,es-AR
Superstite,Sobreviviente,es-AR
Superviviente,Sobreviviente,es-AR
Suppresseur doré,Mínimo/Máximo,es-AR
Supraviețuitor,Sobreviviente,es-AR
Supraîncărcare cognitivă,Sobrecarga Cognitiva,es-AR
Surcharge cognitive,Sobrecarga Cognitiva,es-AR
Surpriză nesurprinzătoare,Espera lo Inesperado,es-AR
Survivant,Sobreviviente,es-AR
Survivor,Sobreviviente,es-AR
Suscripción de lujo,Suscripción de Lujo,es-AR
Suspicious Trench Coat,Gabardina Sospechosa,es-AR
Sussurro fatale,Último Suspiro,es-AR
Sute de atribute!,¡Milestadísticas!,es-AR
Sweet Treats,Dulces Golosinas,es-AR
Sword Overflow,Espada Desmedida,es-AR
Swordsmith,Fabricante de Espadas,es-AR
Sympathetic Implant,Implante Simpático,es-AR
Szaleństwo Zakupów,Compras compulsivas,es-AR
Szczęśliwe Rękawice,Guantes de la Suerte,es-AR
Szellemarc,Apariencia Espiritual,es-AR
Szerencsés kesztyű,Guantes de la Suerte,es-AR
Szermierka Yasuo,Esgrima de Yasuo,es-AR
Szerteágazó gyökerek,Raíces Propagadoras,es-AR
Szeráf pálcája,Báculo del Serafín,es-AR
Szimpatikus implantátum,Implante Simpático,es-AR
Szintlépés!,¡Sube de nivel!,es-AR
Szpatułka,Espátula,es-AR
Szpon Ciemnego Typa,Garra del Merodeador,es-AR
Szunnyadó kohó,Forja latente,es-AR
Szybkie Dwa Trupy,Asesinato Doble Veloz,es-AR
Száműzöttek I.,Exiliados,es-AR
Szélhámos,Estafador,es-AR
Szólójátékos,Leveleando en solitario,es-AR
Születésnapi ajándék,Regalo de cumpleaños,es-AR
Születésnapi találkozó,Reunión de Cumpleaños,es-AR
Sách Chọn Ấn,Tomo de Rasgos,es-AR
Sárkánykarom,Garra de Dragón,es-AR
Sát Thủ Khát Máu,Verdugo Indiscriminado,es-AR
Sát Thủ Đánh Thuê,Asesino a Sueldo,es-AR
Sét Cao Thế,Alto Voltaje,es-AR
Síla artefaktů,Forjado en la Fortaleza,es-AR
Sólový plát,Solo Pétreo,es-AR
Sólový postup,Leveleando en solitario,es-AR
Sötét csillag,Estrella Oscura,es-AR
Sötét csillag embléma,Emblema de Estrella Oscura,es-AR
Sötét hölgy,Dama Oscura,es-AR
Sükûnet Örtüsü,Manto de Quietud,es-AR
Süper Hızlı Micin,Velocidad Termeepnal,es-AR
Sürgünler,Exiliados,es-AR
Süße Leckereien,Dulces Golosinas,es-AR
Săbii fără număr,Espada Desmedida,es-AR
Săbii mai letale,Espadas Más Letales,es-AR
Săn Kho Báu,Cazatesoros,es-AR
Słodkie Przysmaki,Dulces Golosinas,es-AR
Słoneczna Peleryna,Capa de Fuego Solar,es-AR
Słoneczna Płyta,Tablero de Fuego Solar,es-AR
Sơ Đồ Tuyến Sau,Plano de Línea Trasera,es-AR
Số 4 Hoàn Hảo,Que los Cuatros te Acompañen,es-AR
Sống Vội,Estafador,es-AR
TEK Kılıcı,Espadón,es-AR
Tabla solară,Tablero de Fuego Solar,es-AR
Tablero de fuego solar,Tablero de Fuego Solar,es-AR
Tabuleiro de Fogo Solar,Tablero de Fuego Solar,es-AR
Tactician's Cape,Capa de Estratega,es-AR
Tactician's Crown,Corona de Estratega,es-AR
Tactician's Kitchen,Cocina de Estratega,es-AR
Tactician's Shield,Escudo del Estratega,es-AR
Tahm Kench,Tahm Kench,es-AR
Taina întunericului,Filo de la Noche,es-AR
Taktikerküche,Cocina de Estratega,es-AR
Taktikova koruna,Corona de Estratega,es-AR
Taktikova kuchyně,Cocina de Estratega,es-AR
Taktikus köpenye,Capa de Estratega,es-AR
Taktikus pajzsa,Escudo del Estratega,es-AR
Taktikusok konyhája,Cocina de Estratega,es-AR
Taktikův plášť,Capa de Estratega,es-AR
Taktikův štít,Escudo del Estratega,es-AR
Takviye Paketi,Paquete de Mejora,es-AR
Takım Çalışması,Forma equipo,es-AR
Talisman Of Ascension,Talismán de Ascensión,es-AR
Talisman de l'ascension,Talismán de Ascensión,es-AR
Talismano dell'ascensione,Talismán de Ascensión,es-AR
Talismanul ascensiunii,Talismán de Ascensión,es-AR
Talismã da Ascensão,Talismán de Ascensión,es-AR
Talizman Wstąpienia,Talismán de Ascensión,es-AR
Talon,Talon,es-AR
Találd meg önmagad,Halla tu Centro,es-AR
Tam Donanımlı,Construye tu Compi,es-AR
Tam Teşekküllü,Arma un Amigo,es-AR
Tana del Barone,Guarida del Barón,es-AR
Tancuri la xerox,Doble Tanque,es-AR
Tandemová fronta,Cola Dúo,es-AR
Tanks jumeaux,Doble Tanque,es-AR
Tanque em Dobro,Doble Tanque,es-AR
Tanrıça'nın Gözyaşı,Lágrima de la Diosa,es-AR
Tanışma Toplantısı,Conexiones fallidas,es-AR
Tarcza Taktyka,Escudo del Estratega,es-AR
Tare ca fierul,Recursos de Hierro,es-AR
Target-Lock Optics,Óptica de Fijación de Objetivo,es-AR
Tartalékíjak,Arcos de Repuesto,es-AR
Tartsd a frontot,Mantén la Posición,es-AR
Tatlı Atıştırmalıklar,Dulces Golosinas,es-AR
Taxa Cognitiva,Impuesto Cognitivo,es-AR
Taxe cognitive,Impuesto Cognitivo,es-AR
Taze Kan,Nuevo Recluta,es-AR
Taşınabilir Ocak,Forja Portátil,es-AR
Te simți norocos,¿Te Sientes con Suerte?,es-AR
Team Building,Trabajo en Equipo,es-AR
Team building,Trabajo en Equipo,es-AR
Teambildung,Trabajo en Equipo,es-AR
Teambuilding,Trabajo en Equipo,es-AR
Teaming Up,Forma equipo,es-AR
Tear of the Goddess,Lágrima de la Diosa,es-AR
Tecelã do Destino,Tejedestinos,es-AR
Tecendo Magia,Magia Tejida,es-AR
Teemo,Teemo,es-AR
Teilaufstieg,Ascensión parcial,es-AR
Tekrar Dene,Reiniciar Misión,es-AR
Tela magica,Magia Tejida,es-AR
Temná hvězda,Estrella Oscura,es-AR
Temná paní,Dama Oscura,es-AR
Tempesta di Luden,Tempestad de Luden,es-AR
Tempête de Luden,Tempestad de Luden,es-AR
Tenete la posizione,Mantén la Posición,es-AR
Tenir le front,Mantén la Posición,es-AR
Tentative de comeback,Volver al Ruedo,es-AR
Ter-Meep-nale Geschwindigkeit,Velocidad Termeepnal,es-AR
Termeepnal Velocity,Velocidad Termeepnal,es-AR
Termipnální rychlost,Velocidad Termeepnal,es-AR
Terrore dei lich,Maldición del Liche,es-AR
Tesori sepolti,Tesoros Enterrados,es-AR
Tesoros enterrados,Tesoros Enterrados,es-AR
Tesouros Enterrados,Tesoros Enterrados,es-AR
Tessifato,Tejedestinos,es-AR
Testőrképzés,Entrenamiento de Guardaespaldas,es-AR
Tetro araldo di Zeke,Heraldo de las Tinieblas de Zeke,es-AR
Tezbıçak,Cuchillas Raudas,es-AR
Thanh Lý Toàn Bộ,Liquidación,es-AR
Thanh Âm Chữa Lành,Ecos Reparadores,es-AR
The Big Bang,El Big Bang,es-AR
The Golden Dragon,El Dragón Dorado,es-AR
The Golden Egg,El Huevo Dorado,es-AR
The Indomitable,El Indomable,es-AR
The Mighty Mech,El Mega Mecha,es-AR
The Tower,La Torre,es-AR
The Trait Tree,El Árbol de Rasgos,es-AR
Thief's Gloves,Guantes de Ladrón,es-AR
Thresh lámpása,Linterna de Thresh,es-AR
Thresh áldása,Bendición de Thresh,es-AR
Thresh'in Feneri,Linterna de Thresh,es-AR
Thresh'in Lütfu,Bendición de Thresh,es-AR
Thresh's Boon,Bendición de Thresh,es-AR
Thresh's Lantern,Linterna de Thresh,es-AR
Threshova lucerna,Linterna de Thresh,es-AR
Threshs Laterne,Linterna de Thresh,es-AR
Threshs Segen,Bendición de Thresh,es-AR
Threshův dar,Bendición de Thresh,es-AR
Thua Có Tính Toán,Pérdida Calculada,es-AR
Thuế Nhận Thức,Impuesto Cognitivo,es-AR
Thách Đấu,Retador,es-AR
Thép Mạ Vàng,Acero Dorado,es-AR
Thích Mở Rộng,Acumular,es-AR
Thông Thoáng,Mente Despejada,es-AR
Thông Đạo Zz'rot,Portal Zz'Rot,es-AR
Thú Tượng Thạch Giáp,Armadura Pétrea,es-AR
Thăng Hoa,Ascenso,es-AR
Thăng Hoa Của Kayle,Exaltación de Kayle,es-AR
Thăng Hoa Rực Rỡ Của Kayle,Exaltación Radiante de Kayle,es-AR
Thăng Tiến Cuối Trận,Progresión en el juego tardío,es-AR
Thần Ban Phước,Bendecido por los Dioses,es-AR
Thần Phán,Sentencia,es-AR
Thịnh Nộ Thủy Quái,Furia del Kraken,es-AR
Thời Không,Rompetiempo,es-AR
Thợ Rèn Gậy,Fabricante de Varas,es-AR
Thợ Rèn Kiếm,Fabricante de Espadas,es-AR
Thợ Săn Vũ Trụ,Cazagalaxias,es-AR
Thức Tỉnh Linh Hồn,Despertar del Alma,es-AR
Ti senti fortunato?,¿Te Sientes con Suerte?,es-AR
Ticaret Bölgesi,Sector de Intercambio,es-AR
Ticaretin Özü,Núcleo Comercial,es-AR
Ticket prismatique,Boleto Prismático,es-AR
Tiercé,Trifecta,es-AR
Tigaia de aur,Sartén,es-AR
Tiltott bálvány,Ídolo Prohibido,es-AR
Timebreaker,Rompetiempo,es-AR
Timebreaker Emblem,Emblema de Rompetiempo,es-AR
Tinh Linh Chuông,Meeplo,es-AR
Tinh Túy Kim Long,Esencia de Brilloescama,es-AR
Tiniest Titan,Pequeño Titán,es-AR
Tiny Titans,Titanes Diminutos,es-AR
"Tiny, but Deadly",Pequeño pero mortífero,es-AR
Tiro lievemente magico,Tirada Ligeramente Mágica,es-AR
Tiro porque me toca,Actualiza sin parar,es-AR
Tisse-destin,Tejedestinos,es-AR
Tiszta elme,Mente Despejada,es-AR
Titan micuț,Pequeño Titán,es-AR
Titan's Resolve,Valor del Titán,es-AR
Titanic Hydra,Hidra Titánica,es-AR
Titanische Hydra,Hidra Titánica,es-AR
Titano minuscolo,Pequeño Titán,es-AR
Titanın Azmi,Valor del Titán,es-AR
Titánhidra,Hidra Titánica,es-AR
Titánská hydra,Hidra Titánica,es-AR
Titánské odhodlání,Valor del Titán,es-AR
Tiên Phong,Vanguardia,es-AR
Tiên Tri,Oráculo,es-AR
Tiêu Dùng Thông Minh,Saber Gastar,es-AR
Tiếp Tế Trang Bị,Bolsa de Objetos,es-AR
Tiền Tuyến Vững Chãi,Alineación,es-AR
Tiền Vệ Trung Tâm,Halla tu Centro,es-AR
Tiền Ăn Trưa,Dinero del almuerzo,es-AR
Tiệc Tùng,Fiera Fiestera,es-AR
Tkacze Losu,Tejedestinos,es-AR
Tkanie Czarów,Magia Tejida,es-AR
Tlupa zlodějů,Banda de Ladrones,es-AR
Tlupa zlodějů II,Banda de Ladrones II,es-AR
To Lớn & Mạnh Mẽ,Fuerte y Enorme,es-AR
Todo para mí,Tú Pégales,es-AR
Toiag uriaș,Vara Innecesariamente Grande,es-AR
Toiagul arhanghelului,Báculo del Arcángel,es-AR
Toiege fără număr,Sobrecarga de Varas,es-AR
Tolvajkesztyű,Guantes de Ladrón,es-AR
Tolvajok bandája,Banda de Ladrones,es-AR
Tolvajok bandája II,Banda de Ladrones II,es-AR
Tome des emblèmes,Tomo de Rasgos,es-AR
Tome of Trait,Tomo de Rasgos,es-AR
Tome of Traits,Tomo de Rasgos,es-AR
Tomo das Características,Tomo de Rasgos,es-AR
Tomo de atributos,Tomo de Rasgos,es-AR
Tomo dei tratti,Tomo de Rasgos,es-AR
Tomul caracteristicilor,Tomo de Rasgos,es-AR
Toneladas de Atributos!,¡Milestadísticas!,es-AR
Tonlarca Nitelik!,¡Milestadísticas!,es-AR
Tonnenweise Werte!,¡Milestadísticas!,es-AR
Tonnányi statisztika!,¡Milestadísticas!,es-AR
Tons of Stats!,¡Milestadísticas!,es-AR
Tony Statystyk!,¡Milestadísticas!,es-AR
Torba z Przedmiotami,Bolsa de Objetos,es-AR
Torba z Przedmiotami Urfa,Bolsa de Sorpresas de Urf,es-AR
Tormenta de Luden,Tempestad de Luden,es-AR
Tot sunt buni la ceva,Bueno para Algo,es-AR
Touche-à-tout,Inadaptados,es-AR
Tout doit disparaître,De fiesta,es-AR
Toàn Thắng,A Remontar,es-AR
Toán Cướp,Merodeador,es-AR
Trabalho em Equipe,Trabajo en Equipo,es-AR
Trade Sector,Sector de Intercambio,es-AR
Tragbare Schmiede,Forja Portátil,es-AR
Training Dummy,Muñeco de Entrenamiento,es-AR
Trang Bị Pandora,Objetos de Pandora,es-AR
Transfer de încărcare,Transferencia de Carga,es-AR
Transferencia de Carga,Transferencia de Carga,es-AR
Transferencia de carga,Transferencia de Carga,es-AR
Transfert,Transferencia de Carga,es-AR
Transferência de Carga,Transferencia de Carga,es-AR
Transformação em Boneco,¿Hacemos un Muñeco?,es-AR
Trasferimento carica,Transferencia de Carga,es-AR
Treasure Hunt,Cazatesoros,es-AR
Treinamento de Guarda-costas,Entrenamiento de Guardaespaldas,es-AR
Tremblelames,Cuchillas Raudas,es-AR
Trench-coat suspect,Gabardina Sospechosa,es-AR
Trenci suspect,Gabardina Sospechosa,es-AR
Trening Ochroniarza,Entrenamiento de Guardaespaldas,es-AR
Trezirea sufletului,Despertar del Alma,es-AR
Tributo cognitivo,Impuesto Cognitivo,es-AR
Trifecta,Trifecta,es-AR
Trinca,Trifecta,es-AR
Triomphe,Boxeador Profesional,es-AR
Triplete,Trifecta,es-AR
Tripletta,Trifecta,es-AR
Triplu avantaj,Trifecta,es-AR
Triệu Gọi Hỗn Mang,Llamado al Caos,es-AR
Triệu Hồi Bất Tận,Conjuros Continuos,es-AR
Troca Sem Fim,Actualiza sin parar,es-AR
Trojice,Trifecta,es-AR
Trova il tuo centro,Halla tu Centro,es-AR
Trpělivost je ctnost,La Paciencia es una Virtud,es-AR
Trpělivé studium,Estudio Paciente,es-AR
Truffatore,Estafador,es-AR
Trung Tâm Thương Mại,Núcleo Comercial,es-AR
Tryb Pretendenta,Modo Retador,es-AR
Tryb Przekaźnika,Modo Canalizador,es-AR
Tryb Replikatora,Modo Replicador,es-AR
Trzask-Prask,De fiesta,es-AR
Trzymać Szyk,Mantén la Posición,es-AR
Trái Tim Kiên Định,Espíritu Firme,es-AR
Trái Tim Sắt Đá,Corazón de Acero,es-AR
Träne der Göttin,Lágrima de la Diosa,es-AR
Tréninkové rukavice,Guantes de Combate,es-AR
Trésors enfouis,Tesoros Enterrados,es-AR
Trên Đà Phát Triển,En racha,es-AR
Trí Tuệ Siêu Công Nghệ,Enlace Cibernético,es-AR
Trượng Hư Vô,Báculo del Vacío,es-AR
Trượng Đại Thiên Sứ,Báculo del Serafín,es-AR
Trực Giác Của Evelynn,Instinto de Evelynn,es-AR
Tuch der Stille,Manto de Quietud,es-AR
Tueur de géants,Verdugo de Gigantes,es-AR
Tueur impitoyable,Verdugo Indiscriminado,es-AR
Tueur à gages,Asesino a Sueldo,es-AR
Tugend des Märtyrers,Virtud del Mártir,es-AR
Tun-mitralieră,Cañón de Fuego Rápido,es-AR
Turnul,La Torre,es-AR
Tuyển Nhân Sự,Nuevo Recluta,es-AR
Twin Guardian,Guardianes Gemelos,es-AR
Twin Guardians,Guardianes Gemelos,es-AR
Twisted Fate,Twisted Fate,es-AR
Two Much Value,Demasiado Valor,es-AR
Two Tanky,Doble Tanque,es-AR
Tworzenie Drużyny,Trabajo en Equipo,es-AR
Twórcze Tworzenie,Artesanía Creativa,es-AR
Typologie,Gran Compromiso,es-AR
Tài Khoản Tiết Kiệm,Cuenta de Ahorros,es-AR
Tái Khởi Động Nhiệm Vụ,Reiniciar Misión,es-AR
Tái Lập Vũ Trụ,Reinicio Cósmico,es-AR
Tápláld a tüzet,Alimenta las Llamas,es-AR
Tíha koruny,Pesada es la Corona,es-AR
Tín Đồ Mua Sắm,Compras compulsivas,es-AR
Tòa Tháp,La Torre,es-AR
Tôi Luyện Sức Mạnh,Forjado en la Fortaleza,es-AR
Tôi Thăng Cấp Một Mình,Leveleando en solitario,es-AR
Tödlichere Hauben,Sombreros Más Letales,es-AR
Tödlichere Klingen,Espadas Más Letales,es-AR
Töltésátvitel I.,Transferencia de Carga,es-AR
Törj a csillagok felé,Apunta a las Estrellas,es-AR
Törékeny tüzér I.,Cañón de Cristal,es-AR
Törésteszt bábuk,Muñecos de Prueba para Choques,es-AR
Túi Đồ Cỡ Nhỏ,Bolsa de Sorpresas Pequeña,es-AR
Túi Đồ Cỡ Đại,Bolsa de Sorpresas grande,es-AR
Túi Đồ Siêu Hùng,Bolsa de Sorpresas Heroica,es-AR
Túi Đồ Urf,Bolsa de Sorpresas de Urf,es-AR
Túlvilági szablya,Sable Espectral,es-AR
Túlélő,Sobreviviente,es-AR
Türelem rózsát terem,La Paciencia es una Virtud,es-AR
Türelmes tanuló,Estudio Paciente,es-AR
Tăișuri sclipitoare,Cuchillas Raudas,es-AR
Tăng Trưởng Bùng Nổ,Crecimiento Explosivo,es-AR
Tırmanışa Devam,Ascender de Posición,es-AR
Tất Tay Bậc Đồng,Bronce de por Vida,es-AR
Tập Chịu Đòn,Lecciones de Boxeo,es-AR
Tập Trung Hỏa Lực,Fuego Concentrado,es-AR
Tối Tân,Nuevo de Fábrica,es-AR
Tối Đa Hóa,Mínimo/Máximo,es-AR
Tộc Thượng Cổ,Primordiano,es-AR
Tụ Bão Zeke,Heraldo de Zeke,es-AR
Tụ Điện,Descarga Eléctrica,es-AR
Tứ Phương Tiếp Viện,Cuatro Refuerzos,es-AR
Tự Lập Đội,Arma un Amigo,es-AR
U Sầu,Condenador,es-AR
U. R. F.,U.R.F.,es-AR
U.R.F,U.R.F.,es-AR
URF,U.R.F.,es-AR
Uccisore di giganti,Verdugo de Gigantes,es-AR
Uccisore indiscriminato,Verdugo Indiscriminado,es-AR
Ucigaș fără discriminare,Verdugo Indiscriminado,es-AR
Ucigaș plătit,Asesino a Sueldo,es-AR
Ufak Çekiliş,Bolsa de Sorpresas Pequeña,es-AR
Ufukgetiren,Enfoque al Horizonte,es-AR
Uhrwerk-Beschleuniger,Acelerador Mecánico,es-AR
Ulepszona Moc,Poder Mejorado,es-AR
Ultima șoaptă,Último Suspiro,es-AR
Uluların Tılsımı,Talismán de Ascensión,es-AR
Ulvi Düellocu,Duelista Divino,es-AR
Ulvi Ocak,Forja Apoteósica,es-AR
Um Dois Três,"Uno, Dos, Tres",es-AR
"Um, Dois, Cinco!","Uno, dos, ¡cinco!",es-AR
Umhang des Taktikers,Capa de Estratega,es-AR
"Un buff, două buff-uri","Una Mejora, Dos Mejoras",es-AR
"Un buff, due buff","Una Mejora, Dos Mejoras",es-AR
Un due tre,"Uno, Dos, Tres",es-AR
Un mismo ser,Persona en Espejo,es-AR
Un mismo ser inferior,Persona en Espejo menor,es-AR
Un tiro magico,Tirada Mágica,es-AR
Un'avventura gloriosa,Una Aventura Eminente,es-AR
"Un, deux, trois","Uno, Dos, Tres",es-AR
Una aventura repleta de exaltación,Una Aventura Eminente,es-AR
Una lágrima en la arena,Llora Todo lo que Quieras,es-AR
"Una mejora, dos mejoras...","Una Mejora, Dos Mejoras",es-AR
"Unde-s 2 stele, puterea crește",Cuatro Refuerzos,es-AR
Une aventure exaltante,Una Aventura Eminente,es-AR
Unending Despair,Desesperación Eterna,es-AR
Unerschütterliches Herz,Espíritu Firme,es-AR
Unire în luptă,Unidos,es-AR
Uniti nelle difficoltà,Unidos,es-AR
"Uno, dos, tres...","Uno, Dos, Tres",es-AR
"Uno, dos... ¡cinco!","Uno, dos, ¡cinco!",es-AR
"Uno, due, cinque!","Uno, dos, ¡cinco!",es-AR
"Unu, doi, cinci!","Uno, dos, ¡cinco!",es-AR
"Unu, doi, trei","Uno, Dos, Tres",es-AR
Unübertreffliche Schmiede,Forja Apoteósica,es-AR
Upando Solo,Leveleando en solitario,es-AR
Upward Mobility,Trepador Social,es-AR
Upírská vitalita,Vitalidad Vampírica,es-AR
Urf Hamlesi,Gambito de Urf,es-AR
Urf játszmája,Gambito de Urf,es-AR
Urf zsákbamacskája,Bolsa de Sorpresas de Urf,es-AR
Urf's Gambit,Gambito de Urf,es-AR
Urf's Grab Bag,Bolsa de Sorpresas de Urf,es-AR
Urf'ün Çekilişi,Bolsa de Sorpresas de Urf,es-AR
Urfova dárková taška,Bolsa de Sorpresas de Urf,es-AR
Urfs Gambit,Gambito de Urf,es-AR
Urfs Wundertüte,Bolsa de Sorpresas de Urf,es-AR
Urfův gambit,Gambito de Urf,es-AR
Urgia de pe lume,Maldición del Liche,es-AR
Urgot,Urgot,es-AR
Utazó,Viajero,es-AR
Utazó embléma,Emblema de Viajero,es-AR
Utolsó esély,Al Filo de la Cordura,es-AR
Utolsó lehelet,Último Suspiro,es-AR
Uyumsuzlar,Inadaptados,es-AR
Uzayın Ritmi,Onda Espacial,es-AR
Uzayın Ritmi Amblemi,Emblema de Onda Espacial,es-AR
Vale a Espera,Vale la Pena la Espera,es-AR
Valeva la pena aspettare,Vale la Pena la Espera,es-AR
Valor em Excesso,Demasiado Valor,es-AR
Vampir-Vitalität,Vitalidad Vampírica,es-AR
Vampiric Vitality,Vitalidad Vampírica,es-AR
Vampirî Zindelik,Vitalidad Vampírica,es-AR
Vanguard,Vanguardia,es-AR
Vanguard Emblem,Emblema de Vanguardia,es-AR
Vanguarda,Vanguardia,es-AR
Vara innecesariamente grande,Vara Innecesariamente Grande,es-AR
Varus Besessenheit,Obsesión de Varus,es-AR
Varus megszállottsága,Obsesión de Varus,es-AR
Varus áldása,Bendición de Varus,es-AR
Varus' Segen,Bendición de Varus,es-AR
Varus's Boon,Bendición de Varus,es-AR
Varus's Obsession,Obsesión de Varus,es-AR
Varus'un Lütfu,Bendición de Varus,es-AR
Varus'un Saplantısı,Obsesión de Varus,es-AR
Varusova posedlost,Obsesión de Varus,es-AR
Varusův dar,Bendición de Varus,es-AR
Varázsdobás,Tirada Mágica,es-AR
Varázsszőttes,Magia Tejida,es-AR
Vaseszközök,Recursos de Hierro,es-AR
Vaurien de la lumière,Rufián Radiante,es-AR
Vay Tạm Ứng,Préstamo Anticipado,es-AR
Vedlejší účinky,Efectos Secundarios,es-AR
Veigar,Veigar,es-AR
Velikost a síla,Fuerte y Enorme,es-AR
Velitel,Comandante,es-AR
Velitelka Animy,Comandante Animalia,es-AR
Velkolepé dobrodružství,Una Aventura Eminente,es-AR
Velká dárková taška,Bolsa de Sorpresas grande,es-AR
Velký třesk,El Big Bang,es-AR
Velo costante,Manto del Ocaso,es-AR
Velo de sosiego,Manto de Quietud,es-AR
Velocidad temperameeptal,Velocidad Termeepnal,es-AR
Velocidade Termipenal,Velocidad Termeepnal,es-AR
Velocità termipponale,Velocidad Termeepnal,es-AR
Venganza,Retribución,es-AR
Ventos Revigorantes,Segundo Aire,es-AR
Verbannte,Exiliados,es-AR
Verbotener Götze,Ídolo Prohibido,es-AR
Verbündeter des Beschützers,Alianza del Guardián,es-AR
Verdorbenes vampirisches Zepter,Cetro Vampírico Corrupto,es-AR
Verdugo de gigantes,Verdugo de Gigantes,es-AR
Verdächtiger Trenchcoat,Gabardina Sospechosa,es-AR
Verfehlte Verbindung,Conexiones fallidas,es-AR
Verfluchte Klinge,Cuchilla Maldita,es-AR
Verfluchte Krone,Corona Maldita,es-AR
Vergeltung,Retribución,es-AR
Vergoldeter Stahl,Acero Dorado,es-AR
Vergrabene Schätze,Tesoros Enterrados,es-AR
Vernichter,Condenador,es-AR
Vernichter,Erradicador,es-AR
Versteck des Barons,Guarida del Barón,es-AR
Verständnisvolles Implantat,Implante Simpático,es-AR
Verstärkendes Amulett,Relicario Enervante,es-AR
Vertu du martyr,Virtud del Mártir,es-AR
Verwittertes Relikt,Reliquia Marchita,es-AR
Verwobene Magie,Magia Tejida,es-AR
Vesmírný rytmus,Onda Espacial,es-AR
Veste della stabilità,Manto de Quietud,es-AR
Vestă de mărăcini,Vesta Espinosa,es-AR
Vestă de zale,Cota de Malla,es-AR
Vex,Vex,es-AR
Večerháv,Manto del Ocaso,es-AR
Viaggiatore,Viajero,es-AR
Viajante,Viajero,es-AR
Victorie neașteptată,A Remontar,es-AR
Vida Cotidiana,Fragmento de Vida,es-AR
Viděti dvojmo,Demasiado Valor,es-AR
Vier-Gold-Verstärkung,Cuatro Refuerzos,es-AR
Vigarista,Estafador,es-AR
Viktor,Viktor,es-AR
Viktor'un Sihri,Viktoria Arcana,es-AR
Viktor-ia de Arcane,Viktoria Arcana,es-AR
Viktor-ia di Arcane,Viktoria Arcana,es-AR
Viktor-ie ocultă,Viktoria Arcana,es-AR
Viktorův triumf,Viktoria Arcana,es-AR
Viktória Arcana,Viktoria Arcana,es-AR
Villanópengék,Cuchillas Raudas,es-AR
Villámakció,Liquidación,es-AR
Vingadora Exocósmica,Diosa de las Pistolas,es-AR
Virtud del mártir,Virtud del Mártir,es-AR
Virtude do Mártir,Virtud del Mártir,es-AR
Virtue of the Martyr,Virtud del Mártir,es-AR
Virtutea martirului,Virtud del Mártir,es-AR
Virtù del martire,Virtud del Mártir,es-AR
Visage spirituel,Apariencia Espiritual,es-AR
Visionnaire,Astromante,es-AR
Visszatérés-történet,Volver al Ruedo,es-AR
Vitalidad Vampírica,Vitalidad Vampírica,es-AR
Vitalidad vampírica,Vitalidad Vampírica,es-AR
Vitalidade Vampírica,Vitalidad Vampírica,es-AR
Vitalitate vampirică,Vitalidad Vampírica,es-AR
Vitalità vampirica,Vitalidad Vampírica,es-AR
Vitalité vampirique,Vitalidad Vampírica,es-AR
Viteză termipnală,Velocidad Termeepnal,es-AR
Viễn Chinh,Viajero,es-AR
Void Gauntlet,Guantelete del Vacío,es-AR
Void Staff,Báculo del Vacío,es-AR
Voința buzduganului,Voluntad del Mazo,es-AR
Voința titanului,Valor del Titán,es-AR
Vojevůdcova čest,Honor del Caudillo,es-AR
Volonté de la massue,Voluntad del Mazo,es-AR
Voluntad de la maza,Voluntad del Mazo,es-AR
Vorausdenken,Pensar a Futuro,es-AR
Voto del Protettore,Juramento del Protector,es-AR
Voto del cavaliere,Promesa del Caballero,es-AR
Vous vous sentez en veine ?,¿Te Sientes con Suerte?,es-AR
Voyager,Viajero,es-AR
Voyager Emblem,Emblema de Viajero,es-AR
Voyageur,Viajero,es-AR
Vražední čtveráci,Que los Cuatros te Acompañen,es-AR
Vražednější klobouky,Sombreros Más Letales,es-AR
Vražednější čepele,Espadas Más Letales,es-AR
Vrcholná sestava,Armado máximo,es-AR
Vuốt Rồng,Garra de Dragón,es-AR
Vyber vlastnost,Elige el rasgo,es-AR
Vybíravé výběry,Actualiza sin parar,es-AR
Vyhlazovač,Erradicador,es-AR
Vyhnanci,Exiliados,es-AR
Vyplatí se čekat,Vale la Pena la Espera,es-AR
Vyrob si kamaráda,Haciendo Amistades,es-AR
Vysoké napětí,Alto Voltaje,es-AR
Vytrvalý vzestup,Trepador Social,es-AR
Vyzyvatel,Retador,es-AR
Vzestup,Ascenso,es-AR
Vágj utat,Ábrete Camino,es-AR
Válassz adottságot,Elige el rasgo,es-AR
Válečná stezka,Sendero de Guerra,es-AR
Válogatás nélkül,Verdugo Indiscriminado,es-AR
Vámpírerő I.,Vitalidad Vampírica,es-AR
Ván Cược Hoàng Kim,Apuesta Dorada,es-AR
Ván Cược URF,Gambito de Urf,es-AR
Vánek,Céfiro,es-AR
Várható váratlanság,Espera lo Inesperado,es-AR
Vânătoare de comori,Cazatesoros,es-AR
Vânător galactic,Cazagalaxias,es-AR
Vânătorul de uriași,Verdugo de Gigantes,es-AR
Vé Kim Cương,Boleto Prismático,es-AR
Végjátékbeli erőnövelés,Progresión en el juego tardío,es-AR
Végtelen kétségbeesés,Desesperación Eterna,es-AR
Végtelen védelem,Protección del Infinito,es-AR
Végzethozó,Condenador,es-AR
Vérszomjas,La Sanguinaria,es-AR
Véráldozat,Ofrenda de Sangre,es-AR
Véráldozat,Precio Sangriento,es-AR
Vírusmátrix,Matriz de Malware,es-AR
Vô Cực Kiếm,Filo del Infinito,es-AR
Vô Pháp,Furtivo,es-AR
Võ Sĩ Giác Đấu,Boxeador Profesional,es-AR
Vörös erősítés,Mejora Roja,es-AR
Výbušný růst,Crecimiento Explosivo,es-AR
Výcvik tělesného strážce,Entrenamiento de Guardaespaldas,es-AR
Výrobce holí,Fabricante de Varas,es-AR
Výrobce mečů,Fabricante de Espadas,es-AR
Výzva chaosu,Llamado al Caos,es-AR
Văl uniform,Manto del Ocaso,es-AR
Vălul nemișcării,Manto de Quietud,es-AR
Věčná dohoda,Pacto Eterno,es-AR
Věštec,Oráculo,es-AR
Věž,La Torre,es-AR
Vœu du chevalier,Promesa del Caballero,es-AR
Vœu du protecteur,Juramento del Protector,es-AR
Vůle palcátu,Voluntad del Mazo,es-AR
Vươn Tới Tinh Tú,Apunta a las Estrellas,es-AR
Vương Miện Chiến Thuật,Corona de Estratega,es-AR
Vương Miện Hoàng Gia,Guardia de la Corona,es-AR
Vương Miện Hắc Hóa,Corona Maldita,es-AR
Vương Miện Nặng Trĩu,Pesada es la Corona,es-AR
W Czepku Urodzony,Cuchara de plata,es-AR
W Czwórce Siła,Cuatro Refuerzos,es-AR
Wachsende Wurzeln,Raíces Propagadoras,es-AR
Wampiryczna Żywotność,Vitalidad Vampírica,es-AR
Wand Overflow,Sobrecarga de Varas,es-AR
Wanderer,Viajero,es-AR
Wanderer-Emblem,Emblema de Viajero,es-AR
Warlord's Honor,Honor del Caudillo,es-AR
Warmog vértje,Armadura de Warmog,es-AR
Warmog's Armor,Armadura de Warmog,es-AR
Warmog'un Zırhı,Armadura de Warmog,es-AR
Warmogova zbroj,Armadura de Warmog,es-AR
Warmogs Rüstung,Armadura de Warmog,es-AR
Warpath,Sendero de Guerra,es-AR
Warto Poczekać,Vale la Pena la Espera,es-AR
Wartość Dodana,Demasiado Valor,es-AR
Wczesna Nauka,Primeras Lecciones,es-AR
We Stick Together,No nos Separamos,es-AR
Weise Ausgaben,Saber Gastar,es-AR
Weltraum-Groove,Onda Espacial,es-AR
Weltraum-Groove-Emblem,Emblema de Onda Espacial,es-AR
Wezwanie Chaosu,Llamado al Caos,es-AR
Widmowy Rapier,Sable Espectral,es-AR
Wie ist es um dein Glück bestellt?,¿Te Sientes con Suerte?,es-AR
Wieczny Brąz,Bronce de por Vida,es-AR
Wieczny Pakt,Pacto Eterno,es-AR
Wiederaufnahme der Mission,Reiniciar Misión,es-AR
Wielka Wygrana,A Remontar,es-AR
Wielki Wybuch,El Big Bang,es-AR
Wielkie Poświęcenie,Gran Compromiso,es-AR
Wielkość i Potęga,Fuerte y Enorme,es-AR
Wieża,La Torre,es-AR
Willkürlicher Killer,Verdugo Indiscriminado,es-AR
Win Out,A Remontar,es-AR
"Winzig, aber tödlich",Pequeño pero mortífero,es-AR
Winzige Titanen,Titanes Diminutos,es-AR
Winzigster Titan,Pequeño Titán,es-AR
Wir halten zusammen,No nos Separamos,es-AR
Wise Spending,Saber Gastar,es-AR
Wit's End,Al Filo de la Cordura,es-AR
Withered Relic,Reliquia Marchita,es-AR
Wkalkulowana Strata,Pérdida Calculada,es-AR
Wojenna Ścieżka,Sendero de Guerra,es-AR
Wola Buławy,Voluntad del Mazo,es-AR
Worth the Wait,Vale la Pena la Espera,es-AR
Woven Magic,Magia Tejida,es-AR
Wskrzeszenie,Bendición de Resurrección,es-AR
Wsparcie,Unidos,es-AR
Wspinaczka po Drabince,Ascender de Posición,es-AR
Wspólne Siły,Forma equipo,es-AR
Wybierz cechę,Elige el rasgo,es-AR
Wygięty Łuk,Arco Recurvado,es-AR
Wygnańcy,Exiliados,es-AR
Wykuj Znajomego,Haciendo Amistades,es-AR
Wykuklenie,¿Hacemos un Muñeco?,es-AR
Wykuto w Sile,Forjado en la Fortaleza,es-AR
Wyniesienie,Ascenso,es-AR
Wyprzedaż na Ostro,Liquidación,es-AR
Wyrocznia,Oráculo,es-AR
Wysokie Napięcie,Alto Voltaje,es-AR
Wytnij sobie drogę,Ábrete Camino,es-AR
Wywyższenie Kayle,Exaltación de Kayle,es-AR
Wzmacniający Medalion,Relicario Enervante,es-AR
Wzmocnienie Raz i Dwa,"Una Mejora, Dos Mejoras",es-AR
Wälzer der Attribute,Tomo de Rasgos,es-AR
Wędrujący Krab,Cangrejo Escurridizo,es-AR
Włócznia Shojin,Lanza de Shojin,es-AR
Xayah,Xayah,es-AR
Xoay Bài Tự Động,Megamorfosis,es-AR
Xây Dựng Đội Hình,Trabajo en Equipo,es-AR
Xúc Xắc Hoành Tráng,Rerroleo Épico,es-AR
Xúc Xắc Ma Pháp,Tirada Mágica,es-AR
Xúc Xắc Vô Tận,Actualiza sin parar,es-AR
Xạ Thần,Diosa de las Pistolas,es-AR
Yaldızlı Çelik,Acero Dorado,es-AR
Yalnız Zırh,Solo Pétreo,es-AR
Yampiri Yengeç,Cangrejo Escurridizo,es-AR
Yan Etkiler,Efectos Secundarios,es-AR
Yarı İletken,Semiconductor,es-AR
Yasak İdol,Ídolo Prohibido,es-AR
Yasuo Figyelemmegosztása,Comparte los Reflectores con Yasuo,es-AR
Yasuo aranymezője,Hex Dorado de Yasuo,es-AR
Yasuo kardforgatása,Esgrima de Yasuo,es-AR
Yasuo áldása,Bendición de Yasuo,es-AR
Yasuo'nun Altın Hücresi,Hex Dorado de Yasuo,es-AR
Yasuo'nun Kılıç Sanatı,Esgrima de Yasuo,es-AR
Yasuo'nun Lütfu,Bendición de Yasuo,es-AR
Yasuo'nun İlgi Budalası Eklentisi,Comparte los Reflectores con Yasuo,es-AR
Yasuo's Bladework,Esgrima de Yasuo,es-AR
Yasuo's Boon,Bendición de Yasuo,es-AR
Yasuo's Golden Hex,Hex Dorado de Yasuo,es-AR
Yasuo's Share The Spotlight,Comparte los Reflectores con Yasuo,es-AR
Yasuo: Împarte centrul atenției,Comparte los Reflectores con Yasuo,es-AR
Yasuos Goldfeld,Hex Dorado de Yasuo,es-AR
Yasuos Klingentanz,Esgrima de Yasuo,es-AR
Yasuos Segen,Bendición de Yasuo,es-AR
Yasuos „Teile das Rampenlicht“,Comparte los Reflectores con Yasuo,es-AR
Yasuovo mistrovství meče,Esgrima de Yasuo,es-AR
Yasuovo zlaté pole,Hex Dorado de Yasuo,es-AR
Yasuův dar,Bendición de Yasuo,es-AR
Yasuův Široký paprsek,Comparte los Reflectores con Yasuo,es-AR
Yatırımın Getirisi,Inversión,es-AR
Yayılan Kökler,Raíces Propagadoras,es-AR
Yayım Yayındır,Mi arco a tu servicio,es-AR
Yağmacı,Merodeador,es-AR
Yağmacı Amblemi,Emblema de Merodeador,es-AR
Yaşayan Ocak,Forja Viviente,es-AR
Yedek Yaylar,Arcos de Repuesto,es-AR
Yelmo adaptable,Yelmo Adaptable,es-AR
Yelmo sombrío,Merodeador,es-AR
Yeni Çağ,Época,es-AR
Yenilemeye Devam,En racha,es-AR
Yenilmez,El Indomable,es-AR
Yok Edici,Erradicador,es-AR
Yolumdan Dönmem,Terquedad,es-AR
You Have My Bow,Mi arco a tu servicio,es-AR
Yozlaşmış Vampirî Asa,Cetro Vampírico Corrupto,es-AR
Yük Aktarımı,Transferencia de Carga,es-AR
Yüklü Borç,Préstamo Anticipado,es-AR
Yüksek Voltaj,Alto Voltaje,es-AR
Yükseliş,Ascenso,es-AR
Yıldız Gözlemcisi,Astromante,es-AR
Yıldız Gözlemcisi Amblemi,Emblema de Astromante,es-AR
Yıldız Kombosu,Combo Estelar,es-AR
Yıldızlara Uzan,Apunta a las Estrellas,es-AR
Yıpranmış Antika,Reliquia Marchita,es-AR
Za jakou cenu,A qué precio,es-AR
Zaangażowanie,Inversión,es-AR
Zaawansowana Pożyczka,Préstamo Anticipado,es-AR
Zabiják obrů,Verdugo de Gigantes,es-AR
Zabójca do Wynajęcia,Asesino a Sueldo,es-AR
Zabójczy Kapelusz Rabadona,Sombrero Mortífero de Rabadon,es-AR
Zagracony Umysł,Mente Saturada,es-AR
Zagłada,Condenador,es-AR
Zakopane Skarby,Tesoros Enterrados,es-AR
Zakopané poklady,Tesoros Enterrados,es-AR
Zamankıran,Rompetiempo,es-AR
Zamankıran Amblemi,Emblema de Rompetiempo,es-AR
Zamiř ke hvězdám,Apunta a las Estrellas,es-AR
Zaměřovací optika,Óptica de Fijación de Objetivo,es-AR
Zaneprázdněná mysl,Mente Saturada,es-AR
Zapora Przedniej Formacji,Cimientos de Línea Frontal,es-AR
Zapovězená modla,Ídolo Prohibido,es-AR
Zaprzepaszczona Znajomość,Conexiones fallidas,es-AR
Zapuszczanie Korzeni,Raíces Propagadoras,es-AR
Zararına Satış,Liquidación,es-AR
Zasłona Równości,Manto del Ocaso,es-AR
Zbiry,Furtivo,es-AR
Zbytečně dlouhá hůl,Vara Innecesariamente Grande,es-AR
Zdobená pěstnice,Guantelete Deslumbrante,es-AR
Zdobený květ,Loto Adornado,es-AR
Zdrang!,¡Pum!,es-AR
Zed,Zed,es-AR
Zed,Invasor Zed,es-AR
Zed Invasor,Invasor Zed,es-AR
Zed Invasore,Invasor Zed,es-AR
Zed Kẻ Xâm Lăng,Invasor Zed,es-AR
Zefir,Céfiro,es-AR
Zefiro,Céfiro,es-AR
Zefír,Céfiro,es-AR
Zeitbrecher,Rompetiempo,es-AR
Zeitbrecher-Emblem,Emblema de Rompetiempo,es-AR
Zeița armelor,Diosa de las Pistolas,es-AR
Zeke hírnöke,Heraldo de Zeke,es-AR
Zeke komor hírnöke,Heraldo de las Tinieblas de Zeke,es-AR
Zeke'nin Kasvetli Sancağı,Heraldo de las Tinieblas de Zeke,es-AR
Zeke'nin Sancağı,Heraldo de Zeke,es-AR
Zeke's Bleak Herald,Heraldo de las Tinieblas de Zeke,es-AR
Zeke's Herald,Heraldo de Zeke,es-AR
Zekes Herold,Heraldo de Zeke,es-AR
Zekes düsterer Herold,Heraldo de las Tinieblas de Zeke,es-AR
Zekeův pochmurný posel,Heraldo de las Tinieblas de Zeke,es-AR
Zekeův posel,Heraldo de Zeke,es-AR
Zephir,Céfiro,es-AR
Zephyr,Céfiro,es-AR
Zesílení do závěru hry,Progresión en el juego tardío,es-AR
Zhouba lichů,Maldición del Liche,es-AR
Zielerfassungslinse,Óptica de Fijación de Objetivo,es-AR
Zihin Açıklığı,Mente Despejada,es-AR
Zihin Bulanıklığı,Mente Saturada,es-AR
Zihinsel Hazırlık,Farmeo Áurico,es-AR
Zincir Yelek,Cota de Malla,es-AR
Zindelik Broşu,Relicario Enervante,es-AR
Zjazd Urodzinowy,Reunión de Cumpleaños,es-AR
Zkázonoš,Condenador,es-AR
Zlaté vejce,El Huevo Dorado,es-AR
Zlatý drak,El Dragón Dorado,es-AR
Zlatý hod,Apuesta Dorada,es-AR
Zlatý monzun,Monzón Millonario,es-AR
Zlodějské rukavice,Guantes de Ladrón,es-AR
Zlodějíček,Hurto,es-AR
Zmora Licza,Maldición del Liche,es-AR
Zoe,Zoe,es-AR
Zorn des Kraken,Furia del Kraken,es-AR
Zoé,Zoe,es-AR
Zrcadlová osobnost,Persona en Espejo,es-AR
Zručná výroba,Artesanía Creativa,es-AR
Zrádné upírské žezlo,Cetro Vampírico Corrupto,es-AR
Zsivány,Furtivo,es-AR
Zsivány embléma,Emblema de Furtivo,es-AR
Zsúfolt elme,Mente Saturada,es-AR
Ztracené konexe,Conexiones fallidas,es-AR
Zu etwas nütze,Bueno para Algo,es-AR
Zu viel Wert,Demasiado Valor,es-AR
Zu welchem Preis,A qué precio,es-AR
Zu zäh,Doble Tanque,es-AR
Zumito de la risa,Juguito de Gorrito,es-AR
Zusammenarbeit,Forma equipo,es-AR
Zwillingswächter,Guardianes Gemelos,es-AR
Zwycięstwo Viktora z Arcane,Viktoria Arcana,es-AR
Zz'Rot Kapısı,Portal Zz'Rot,es-AR
Zz'Rot Portal,Portal Zz'Rot,es-AR
Zz'Rot-Portal,Portal Zz'Rot,es-AR
Zz'Rot-kapu,Portal Zz'Rot,es-AR
Zákeřná monetizace,Monetización Maligna,es-AR
Základ přední řady,Cimientos de Línea Frontal,es-AR
Záložní luky,Arcos de Repuesto,es-AR
Záporozó könnyek,Corriente de Lágrimas,es-AR
Závěrečný spurt,A Remontar,es-AR
Zářivý rošťák,Rufián Radiante,es-AR
Zéfiro,Céfiro,es-AR
Zéphyr,Céfiro,es-AR
Zügiger Doppelkill,Asesinato Doble Veloz,es-AR
Ząb Nashora,Diente de Nashor,es-AR
Złote Jajo,El Huevo Dorado,es-AR
Złote Pole Yasuo,Hex Dorado de Yasuo,es-AR
Złote Ryzyko,Apuesta Dorada,es-AR
Złoty Smok,El Dragón Dorado,es-AR
Złowroga Monetyzacja,Monetización Maligna,es-AR
¡Bonk!,¡Pum!,es-AR
¡Estadísticas a tutiplén!,¡Milestadísticas!,es-AR
¡Subes de nivel!,¡Sube de nivel!,es-AR
¿A qué precio?,A qué precio,es-AR
À toute meepesse,Velocidad Termeepnal,es-AR
Ác Nữ,Dama Oscura,es-AR
Állhatatos szív,Espíritu Firme,es-AR
Ám Ảnh Của Varus,Obsesión de Varus,es-AR
Ánima,Animalia,es-AR
Áo Choàng Bóng Tối,Filo de la Noche,es-AR
Áo Choàng Bạc,Capa de Negatrones,es-AR
Áo Choàng Chiến Thuật,Capa de Estratega,es-AR
Áo Choàng Diệt Vong,Desesperación Eterna,es-AR
Áo Choàng Gai,Vesta Espinosa,es-AR
Áo Choàng Lửa,Capa de Fuego Solar,es-AR
Áo Choàng Mờ Ám,Gabardina Sospechosa,es-AR
Áo Choàng Thủy Ngân,Capa Mercurial,es-AR
Áo Choàng Tĩnh Lặng,Manto de Quietud,es-AR
Árbitro,Sentencia,es-AR
Árnybáb,Marioneta Sombría,es-AR
Árvore de Características,El Árbol de Rasgos,es-AR
Ân Huệ Của Ahri,Bendición de Ahri,es-AR
Ân Huệ Của Aurelion Sol,Bendición de Aurelion Sol,es-AR
Ân Huệ Của Ekko,Bendición de Ekko,es-AR
Ân Huệ Của Evelynn,Bendición de Evelynn,es-AR
Ân Huệ Của Kayle,Bendición de Kayle,es-AR
Ân Huệ Của Soraka,Bendición de Soraka,es-AR
Ân Huệ Của Thresh,Bendición de Thresh,es-AR
Ân Huệ Của Varus,Bendición de Varus,es-AR
Ân Huệ Của Yasuo,Bendición de Yasuo,es-AR
Ân Huệ Tái Sinh,Bendición de Resurrección,es-AR
Ägide der Abenddämmerung,Égida del Ocaso,es-AR
Ägide der Morgendämmerung,Égida del Amanecer,es-AR
Çelik İntikam,Diosa de las Pistolas,es-AR
Çelikten Yürek,Corazón de Acero,es-AR
Çifte Ödül,Cola Dúo,es-AR
Échos réparateurs,Ecos Reparadores,es-AR
Édes falatok,Dulces Golosinas,es-AR
Égida del amanecer,Égida del Amanecer,es-AR
Égida del anochecer,Égida del Ocaso,es-AR
Égide da Alvorada,Égida del Amanecer,es-AR
Égide de l'aube,Égida del Amanecer,es-AR
Égide do Crepúsculo,Égida del Ocaso,es-AR
Égide du crépuscule,Égida del Ocaso,es-AR
Électrocharge,Descarga Eléctrica,es-AR
Élharcos,Vanguardia,es-AR
Élharcos embléma,Emblema de Vanguardia,es-AR
Énke,Meeplo,es-AR
Énke embléma,Emblema de Meeplo,es-AR
Énkesebesség,Velocidad Termeepnal,es-AR
Énkike,Meepsie,es-AR
Építhető kísérő,Construye tu Compi,es-AR
Éradicateur,Erradicador,es-AR
Étincelle ionique,Chispa Iónica,es-AR
Éveil de l'âme,Despertar del Alma,es-AR
Éxito crítico,Éxito Crítico,es-AR
Ídolo Proibido,Ídolo Prohibido,es-AR
Ídolo prohibido,Ídolo Prohibido,es-AR
Îmbrâncire,De fiesta,es-AR
Îmbrățișare de grup,Abrazo Grupal,es-AR
Împrumut avansat,Préstamo Anticipado,es-AR
În echipă,Forma equipo,es-AR
Încărcare electrică,Descarga Eléctrica,es-AR
Înfățișarea sufletului,Apariencia Espiritual,es-AR
Întețește focul,Alimenta las Llamas,es-AR
Învingătorii iau totul,Boxeador Profesional,es-AR
Învățături timpurii,Primeras Lecciones,es-AR
Óptica de fijado de objetivos,Óptica de Fijación de Objetivo,es-AR
Óriásölő,Verdugo de Gigantes,es-AR
Ô Hoàng Kim của Yasuo,Hex Dorado de Yasuo,es-AR
Ôm Tập Thể,Abrazo Grupal,es-AR
Ödüllü Müsabaka,Boxeador Profesional,es-AR
Ölüm Kılıcı,Filo de la Muerte,es-AR
Ölümcül Bıçaklar,Espadas Más Letales,es-AR
Öncü,Vanguardia,es-AR
Öncü Amblemi,Emblema de Vanguardia,es-AR
Örök paktum,Pacto Eterno,es-AR
Összetartunk,No nos Separamos,es-AR
Összetevőrablás,Asalto de Componentes,es-AR
Össztűz,Fuego Concentrado,es-AR
Ösztönző medál,Relicario Enervante,es-AR
Övszállítmány,Cinturón XL,es-AR
Özel Yapım,Nuevo de Fábrica,es-AR
Özellik Ağacı,El Árbol de Rasgos,es-AR
Özellik Seç,Elige el rasgo,es-AR
Özellikler Kitabı,Tomo de Rasgos,es-AR
Újonc,Nuevo Recluta,es-AR
Újraalkotó,Megamorfosis,es-AR
Újrahasznosító láda,Bote de Segunda Mano,es-AR
Újrasorsolás napestig,Actualiza sin parar,es-AR
Últimas palabras,Último Suspiro,es-AR
Último Sussurro,Último Suspiro,es-AR
Úsměv štěstěny,¿Te Sientes con Suerte?,es-AR
Úsvit nad Stříbromořím,Amanecer Plateado,es-AR
Útočníkův řemdih,Mangual del Guerrero,es-AR
Úvodní poznatky,Primeras Lecciones,es-AR
Übergroßer Stab,Vara Innecesariamente Grande,es-AR
Überlebender,Sobreviviente,es-AR
Übungspuppe,Muñeco de Entrenamiento,es-AR
Ürességkesztyű,Guantelete del Vacío,es-AR
Üçler Ordusu,Legión de Tres,es-AR
Üçlük,Trifecta,es-AR
Ý Chỉ Xích Chùy,Voluntad del Mazo,es-AR
Ăn Mòn,Corrosión,es-AR
Ăn Trộm,Hurto,es-AR
Čekající kovárna,Forja latente,es-AR
Čepel smrti,Filo de la Muerte,es-AR
Červený buff,Mejora Roja,es-AR
Čistá mysl,Mente Despejada,es-AR
Částečné vyzdvižení,Ascensión parcial,es-AR
Đai Khổng Lồ,Cinturón de Gigante,es-AR
Đam Mê Gậy,Sobrecarga de Varas,es-AR
Đam Mê Kiếm,Espada Desmedida,es-AR
Đam Mê Đai Lưng,Cinturón XL,es-AR
Đao Chớp,Cuchillas Raudas,es-AR
Đao Tím,Al Filo de la Cordura,es-AR
Đo Ni Đóng Giày,Guantes de la Suerte,es-AR
Đá Hắc Hóa,Joya Maldita,es-AR
Đánh Là Trúng,Tú Pégales,es-AR
Đường Ra Trận,Sendero de Guerra,es-AR
Được Này Mất Kia,Bueno para Algo,es-AR
Đại Bác Liên Thanh,Cañón de Fuego Rápido,es-AR
Đấu Sĩ,Peleador,es-AR
Đầu Tư,Inversión,es-AR
Đẩy Nhanh Tiến Độ,Trepador Social,es-AR
Đặc Quyền Phú Gia,Cuchara de plata,es-AR
Định Mệnh,Tejedestinos,es-AR
Đồng Minh Của Bụt,Alianza del Guardián,es-AR
Độc Hành,Exiliados,es-AR
Đội Hình Tối Ưu,Armado máximo,es-AR
Động Cơ Tăng Tốc,Acelerador Mecánico,es-AR
İdman Eldiveni,Guantes de Combate,es-AR
İhtiyaç Paketi,Paquete de Cuidados,es-AR
İki Elin Sesi Var,Demasiado Valor,es-AR
İki Kat Güçlendirme,"Una Mejora, Dos Mejoras",es-AR
İkinci Şans,Segundo Aire,es-AR
İkiz Muhafızlar,Guardianes Gemelos,es-AR
İleri Görüşlülük,Pensar a Futuro,es-AR
İleri Safha Gücü,Progresión en el juego tardío,es-AR
İleri Safhalarda Görüşürüz,Especialista en el juego tardío,es-AR
İlk Öğretiler,Primeras Lecciones,es-AR
İstilacı Zed,Invasor Zed,es-AR
İyon Kıvılcımı,Chispa Iónica,es-AR
Ładunek Elektryczny,Descarga Eléctrica,es-AR
Łamacze Czasu,Rompetiempo,es-AR
Ławka Pandory,Banca de Pandora,es-AR
Łubudu!,¡Pum!,es-AR
Łuki Zapasowe,Arcos de Repuesto,es-AR
Łut Szczęścia,¿Te Sientes con Suerte?,es-AR
Łza Bogini,Lágrima de la Diosa,es-AR
Łącze Cybernetyczne,Enlace Cibernético,es-AR
Łącze Drona,Enlace de Dron,es-AR
Œuf d'or,El Huevo Dorado,es-AR
Říční krab,Cangrejo Escurridizo,es-AR
Ślubowanie Protektora,Juramento del Protector,es-AR
Świetliste Wywyższenie Kayle,Exaltación Radiante de Kayle,es-AR
Świetlisty Szelma,Rufián Radiante,es-AR
Świeży Wyrób,Nuevo de Fábrica,es-AR
Świt Srebrzystej,Amanecer Plateado,es-AR
Şafak Kalkanı,Égida del Amanecer,es-AR
Şafağın Özü,Esfera del Amanecer,es-AR
Şans Benimle,¿Te Sientes con Suerte?,es-AR
Şanslı Eldiven,Guantes de la Suerte,es-AR
Şanslı Hissediyorum,Llamado al Caos,es-AR
Şapkat Nektarı,Juguito de Gorrito,es-AR
Şifalı Küreler,Orbes de curación,es-AR
Şifalı Yankılar,Ecos Reparadores,es-AR
Şok Dayanıklı,Doble Tanque,es-AR
Şövalyenin Adağı,Promesa del Caballero,es-AR
Šplhání žebříčkem,Ascender de Posición,es-AR
Štít soumraku,Égida del Ocaso,es-AR
Štít úsvitu,Égida del Amanecer,es-AR
Šťáva Cappa,Juguito de Gorrito,es-AR
Űrzúzda,Onda Espacial,es-AR
Űrzúzda embléma,Emblema de Onda Espacial,es-AR
Żelazne Zasoby,Recursos de Hierro,es-AR
Żywa Kuźnia,Forja Viviente,es-AR
Żywe Srebro,Capa Mercurial,es-AR
Železné vybavení,Recursos de Hierro,es-AR
Živoucí kovárna,Forja Viviente,es-AR
Žoldnéř,Merodeador,es-AR
Žďuch!,¡Pum!,es-AR
Țesător al destinului,Tejedestinos,es-AR
Țintește spre stele,Apunta a las Estrellas,es-AR
Άατροξ,Aatrox,es-AR
Άνιμα,Animalia,es-AR
Άξιζε η Αναμονή,Vale la Pena la Espera,es-AR
Έζρεαλ,Ezreal,es-AR
Έμβλημα N.O.V.A.,Emblema de N.O.V.A.,es-AR
Έμβλημα Άνιμα,Emblema Animalia,es-AR
Έμβλημα Αστρομάντη,Emblema de Astromante,es-AR
Έμβλημα Βοσκού,Emblema de Pastor,es-AR
Έμβλημα Διεκδικητή,Emblema de Retadores,es-AR
Έμβλημα Ελεύθερου Σκοπευτή,Emblema de Francotiradores,es-AR
Έμβλημα Εμπροσθοφυλακής,Emblema de Vanguardia,es-AR
Έμβλημα Καβγατζή,Emblema de Peleadores,es-AR
Έμβλημα Κριτή,Emblema de Sentencia,es-AR
Έμβλημα Μιπ,Emblema de Meeplo,es-AR
Έμβλημα Πριμόρντιαν,Emblema de Primordianos,es-AR
Έμβλημα Σελασπίδας,Cresta de Escudo de Luz,es-AR
Έμβλημα Σκοτεινού Ιππότη,Emblema de Merodeador,es-AR
Έμβλημα Ταξιδευτή,Emblema de Viajero,es-AR
Έμβλημα Χρονοθραύστη,Emblema de Rompetiempo,es-AR
Έμβλημα του Αλήτη,Emblema de Furtivo,es-AR
Έμβλημα του Διαστημικού Ρυθμού,Emblema de Onda Espacial,es-AR
Έμβλημα του Προτειχίσματος,Emblema de Bastión,es-AR
Έμβλημα του Σκοτεινού Άστρου,Emblema de Estrella Oscura,es-AR
Έμβλημα των Σιδηρών Σολάρι,Relicario de los Solari de Hierro,es-AR
Ένα Κομμάτι Ζωή,Fragmento de Vida,es-AR
"Ένα, Δύο, Πέντε!","Uno, dos, ¡cinco!",es-AR
"Ένα, Δύο, Τρία","Uno, Dos, Tres",es-AR
Όλεθρος των Απέθαντων,Maldición del Liche,es-AR
Όρκος του Ιππότη,Promesa del Caballero,es-AR
Όρκος του Υπερασπιστή,Juramento del Protector,es-AR
Όψη Πνευμάτων,Apariencia Espiritual,es-AR
Ύποπτη Καπαρντίνα,Gabardina Sospechosa,es-AR
Αγωγός,Canalizador,es-AR
Αδάμαστος,El Indomable,es-AR
Αιγίδα της Αυγής,Égida del Amanecer,es-AR
Αιγίδα του Δειλινού,Égida del Ocaso,es-AR
Αιμοδιψής,La Sanguinaria,es-AR
Αιχμή του Απείρου,Filo del Infinito,es-AR
Αιώνας,Época,es-AR
Αιώνια Διαθήκη,Pacto Eterno,es-AR
Ακάλι,Akali,es-AR
Ακλόνητη Καρδιά,Espíritu Firme,es-AR
Αλήτης,Furtivo,es-AR
Αμοιβαίο Κεφάλαιο,Fondo de inversión,es-AR
Ανέλιξη,Trepador Social,es-AR
Αναλογική αύξηση προς το τέλος του παιχνιδιού,Progresión en el juego tardío,es-AR
Αναμονή του Απροσδόκητου,Espera lo Inesperado,es-AR
Ανασυνδυαστής,Megamorfosis,es-AR
Ανεβαίνοντας στην Κατάταξη,Ascender de Posición,es-AR
Ανταπόδοση,Retribución,es-AR
Αντιγραφέας,Replicador,es-AR
Αντικείμενα Πανδώρας,Objetos de Pandora,es-AR
Απέραντη Απόγνωση,Desesperación Eterna,es-AR
Απαγορευμένο Είδωλο,Ídolo Prohibido,es-AR
Απατεώνας,Estafador,es-AR
Απλωμένες Ρίζες,Raíces Propagadoras,es-AR
Αποθεωτικό Σιδηρουργείο,Forja Apoteósica,es-AR
Αποκλειστική Προσαρμογή,Personalización exclusiva,es-AR
Απομίμηση,Réplica,es-AR
Αποφασιστικότητα του Τιτάνα,Valor del Titán,es-AR
Αρετή του Μάρτυρα,Virtud del Mártir,es-AR
Ασημένιο Κουτάλι,Cuchara de plata,es-AR
Ασπίδα για Έναν,Solo Pétreo,es-AR
Ασπίδα του Συμβούλου,Escudo del Estratega,es-AR
Αστρικός Συνδυασμός,Combo Estelar,es-AR
Αστρομάντης,Astromante,es-AR
Ατσάλινοι Πόροι,Recursos de Hierro,es-AR
Αυγή στο Σίλβερμιρ,Amanecer Plateado,es-AR
Αυτοσχέδια Πανοπλία,Armadura Improvisada,es-AR
Αφύπνιση Ψυχής,Despertar del Alma,es-AR
Βάρα και Σκάσε,Tú Pégales,es-AR
Βάρδος,Bardo,es-AR
Βέιγκαρ,Veigar,es-AR
Βίκτορ,Viktor,es-AR
Βίκτορ της Απόκρυφης Γνώσης,Viktoria Arcana,es-AR
Βαρύ Τίμημα,A qué precio,es-AR
Βελτιστοποίηση,Mínimo/Máximo,es-AR
Βεξ,Vex,es-AR
Βιονικά Εμφυτεύματα,Implantes Cibernéticos,es-AR
Βιονική Ζεύξη,Enlace Cibernético,es-AR
Βοσκός,Pastor,es-AR
Βρες Το Κέντρο Σου,Halla tu Centro,es-AR
Γ.Μ.Τ. Σπαθί,Espadón,es-AR
Γάντι του Κενού,Guantelete del Vacío,es-AR
Γάντια Μονομαχίας,Guantes de Combate,es-AR
Γάντια του Κλέφτη,Guantes de Ladrón,es-AR
Γάντια του Φούρναρη,Mitones,es-AR
Γαλαξιακός Κυνηγός,Cazagalaxias,es-AR
Γαριδρομέας,Cangrejo Escurridizo,es-AR
Γιαταγάνι Φαντασμάτων,Sable Espectral,es-AR
Γκναρ,Gnar,es-AR
Γκουέν,Gwen,es-AR
Γκράγκας,Gragas,es-AR
Γκρέιβς,Graves,es-AR
Γκόλεμ,Gólem,es-AR
Γνωσιακή Υπερφόρτιση,Sobrecarga Cognitiva,es-AR
Γνωσιακό Κόστος,Impuesto Cognitivo,es-AR
Γρήγορη Διπλή Εξόντωση,Asesinato Doble Veloz,es-AR
Γρήγορη Εκκίνηση,Inicio Veloz,es-AR
Δάκρυ της Θεάς,Lágrima de la Diosa,es-AR
Δάνειο για προχωρημένους,Préstamo Anticipado,es-AR
Δίδυμοι Φύλακες,Guardianes Gemelos,es-AR
Δεν Υποχωρούμε,Mantén la Posición,es-AR
Δεσμευτική Στρατηγική,Gran Compromiso,es-AR
Διάβρωση,Corrosión,es-AR
Διάταξη,Alineación,es-AR
Διαδρομή Πολέμου,Sendero de Guerra,es-AR
Διαστημικός Ρυθμός,Onda Espacial,es-AR
Διεκδικητής,Retador,es-AR
Διεφθαρμένο Βαμπιρικό Σκήπτρο,Cetro Vampírico Corrupto,es-AR
Διοικήτρια Άνιμα,Comandante Animalia,es-AR
Διοικητής,Comandante,es-AR
Διπλή Αξία,Demasiado Valor,es-AR
Δοκίμασε Την Τύχη Σου,¿Te Sientes con Suerte?,es-AR
Δόντι του Νάσορ,Diente de Nashor,es-AR
Δόρυ του Σοτζίν,Lanza de Shojin,es-AR
Δύο Ντούκια,Doble Tanque,es-AR
Δώρο Γενεθλίων,Regalo de cumpleaños,es-AR
Δώσε,De fiesta,es-AR
Εδραιωμένη Εμπροσθοφυλακή,Cimientos de Línea Frontal,es-AR
Εδώ οι Καλές Ενισχύσεις,"Una Mejora, Dos Mejoras",es-AR
Εδώ το Παραδάκι,Avaricia,es-AR
Ειδικός Τελικών Σταδίων Παιχνιδιού,Especialista en el juego tardío,es-AR
Εισβολέας Ζεντ,Invasor Zed,es-AR
Εκπαίδευση Σωματοφύλακα,Entrenamiento de Guardaespaldas,es-AR
Εκπτώσεις-φωτιά,Liquidación,es-AR
Εκρηκτική Ανάπτυξη,Crecimiento Explosivo,es-AR
Εκστρατεία,Expedición,es-AR
Ελαφρώς Μαγική Ζαριά,Tirada Ligeramente Mágica,es-AR
Ελεύθερος Σκοπευτής,Francotirador,es-AR
Εμπορικός Πυρήνας,Núcleo Comercial,es-AR
Εμπορικός Τομέας,Sector de Intercambio,es-AR
Εμπροσθοφυλακή,Vanguardia,es-AR
Ενισχυμένη Ισχύς,Poder Mejorado,es-AR
Εξολοθρευτής,Erradicador,es-AR
Εξόριστοι,Exiliados,es-AR
Εξύψωση,Ascenso,es-AR
Επέκταση,Ramificación,es-AR
Επένδυση,Inversión,es-AR
Επίχρυσο Ατσάλι,Acero Dorado,es-AR
Επαγγελματίας Δολοφόνος,Asesino a Sueldo,es-AR
Επαγγελματίας Μαχητής,Boxeador Profesional,es-AR
Επανεκκίνηση Αποστολής,Reiniciar Misión,es-AR
Επιζών,Sobreviviente,es-AR
Επικίνδυνες Κινήσεις,Jugadas arriesgadas,es-AR
Επικό Μπαρμπούτι,Rerroleo Épico,es-AR
Επιλέξτε Χαρακτηριστικό,Elige el rasgo,es-AR
Επόμενη Πίστα!,¡Sube de nivel!,es-AR
Εστιασμένο Πυρ,Fuego Concentrado,es-AR
Ευελιξία,Flexible,es-AR
Ευλογία Ανάστασης,Bendición de Resurrección,es-AR
Ευλογία του Νταή,Bendición del Chatarrero,es-AR
Ευπροσάρμοστο Κράνος,Yelmo Adaptable,es-AR
Εφεδρικά Τόξα,Arcos de Repuesto,es-AR
Ζάια,Xayah,es-AR
Ζέφυρος,Céfiro,es-AR
Ζεντ,Zed,es-AR
Ζεύξη με Ντρόουν,Enlace de Dron,es-AR
Ζοφερός Κήρυκας του Ζέκε,Heraldo de las Tinieblas de Zeke,es-AR
Ζωντανή Πυρά,Forja Viviente,es-AR
Ζόη,Zoe,es-AR
Ζώνη του Γίγαντα,Cinturón de Gigante,es-AR
Η Έξαρση της Κέιλ,Exaltación de Kayle,es-AR
Η Ακτινοβόλος Έξαρση της Κέιλ,Exaltación Radiante de Kayle,es-AR
Η Αύρα της Άρι,Aura de Ahri,es-AR
Η Εμμονή του Βάρους,Obsesión de Varus,es-AR
Η Μεγάλη Έκρηξη,El Big Bang,es-AR
Η Ξιφασκία του Υασούο,Esgrima de Yasuo,es-AR
Η Υπομονή Είναι Αρετή,La Paciencia es una Virtud,es-AR
Η Υπομονή του Έκκο,Paciencia de Ekko,es-AR
Η Ψυχή του Πάρτι,Fiera Fiestera,es-AR
Η ομάδα πάνω απ' όλα,Forma equipo,es-AR
Ηλεκτροφόρτιση,Descarga Eléctrica,es-AR
Ημιαγωγός,Semiconductor,es-AR
Ηρωικός Σάκος Δώρων,Bolsa de Sorpresas Heroica,es-AR
Θέατρο Σκιών,Marioneta Sombría,es-AR
Θέληση του Ροπάλου,Voluntad del Mazo,es-AR
Θαμμένοι Θησαυροί,Tesoros Enterrados,es-AR
Θανάσιμα Καπέλα,Sombreros Más Letales,es-AR
Θεά των Όπλων,Diosa de las Pistolas,es-AR
Θεϊκή Ευλογία,Bendecido por los Dioses,es-AR
Θεϊκός Μονομάχος,Duelista Divino,es-AR
Θυσία Αίματος,Ofrenda de Sangre,es-AR
Θώρακας Κισσού,Vesta Espinosa,es-AR
Ιαματικός Αντίλαλος,Ecos Reparadores,es-AR
Ιλλαόη,Illaoi,es-AR
Ιστορική Ανατροπή,Volver al Ruedo,es-AR
Ιόνιος Σπίθα,Chispa Iónica,es-AR
Κάδος με Παλιοσίδερα,Bote de Segunda Mano,es-AR
Κάι'Σα,Kai'Sa,es-AR
Κάλεσμα στο Χάος,Llamado al Caos,es-AR
Κάπα του Συμβούλου,Capa de Estratega,es-AR
Κάρμα,Karma,es-AR
Κάτι Κάνω και Εγώ,Bueno para Algo,es-AR
Κέιτλιν,Caitlyn,es-AR
Κήρυκας του Ζέκε,Heraldo de Zeke,es-AR
Κίντρεντ,Kindred,es-AR
Καβγατζής,Peleador,es-AR
Καθαρό Μυαλό,Mente Despejada,es-AR
Κακόβουλα Έσοδα,Monetización Maligna,es-AR
Καλά Φιλαράκια,Mejores Amigos,es-AR
Κανόνι από Γυαλί,Cañón de Cristal,es-AR
Καπέλο του Ράμπαντον,Sombrero Mortífero de Rabadon,es-AR
Καρδιά από Ατσάλι,Corazón de Acero,es-AR
Καταιγίδα του Λούντεν,Tempestad de Luden,es-AR
Καταναλωτική Μανία,Compras compulsivas,es-AR
Καταραμένη Λεπίδα,Cuchilla Maldita,es-AR
Καταραμένο Πετράδι,Joya Maldita,es-AR
Καταραμένο Στέμμα,Corona Maldita,es-AR
Καταστροφέας,Condenador,es-AR
Κατοπτρισμένη Προσωπικότητα,Persona en Espejo,es-AR
Κατώτερη Κατοπτρισμένη Προσωπικότητα,Persona en Espejo menor,es-AR
Καχουναχούνα,Kahunahuna,es-AR
Κολοσσιαία Ύδρα,Hidra Titánica,es-AR
Κοσμική Επανεκκίνηση,Reinicio Cósmico,es-AR
Κουζίνα του Συμβούλου,Cocina de Estratega,es-AR
Κουκλοποίηση,¿Hacemos un Muñeco?,es-AR
Κούκλα Εκπαίδευσης,Muñeco de Entrenamiento,es-AR
Κούκλες Δοκιμής Σύγκρουσης,Muñecos de Prueba para Choques,es-AR
Κρίσιμη Επιτυχία,Éxito Crítico,es-AR
Κριτής,Sentencia,es-AR
Κρυφό Εργαστήριο,Forja latente,es-AR
Κυνήγι Θησαυρού,Cazatesoros,es-AR
Κυρτό Τόξο,Arco Recurvado,es-AR
Κόκκινη Ενίσχυση,Mejora Roja,es-AR
Κόπανος Εφόδου,Mangual del Guerrero,es-AR
Κόρκι,Corki,es-AR
Κύπελλο της Δύναμης,Cáliz de Poder,es-AR
ΛεΜπλάν,LeBlanc,es-AR
Λεγεώνα των Τριών,Legión de Tres,es-AR
Λειτουργία Αγωγού,Modo Canalizador,es-AR
Λειτουργία Αντιγραφέα,Modo Replicador,es-AR
Λειτουργία Διεκδικητή,Modo Retador,es-AR
Λελογισμένη Ήττα,Pérdida Calculada,es-AR
Λεπίδα Θανάτου,Filo de la Muerte,es-AR
Λεπίδα της Νύχτας,Filo de la Noche,es-AR
Λεόνα,Leona,es-AR
Ληστεία Συστατικών,Asalto de Componentes,es-AR
Λισάντρα,Lissandra,es-AR
Λογαριασμός Ταμιευτηρίου,Cuenta de Ahorros,es-AR
Λούλου,Lulu,es-AR
Λυτρωτής,Redentor,es-AR
Μάζωξη γενεθλίων,Reunión de Cumpleaños,es-AR
Μάντης,Oráculo,es-AR
Μάστερ Γι,Maestro Yi,es-AR
Μέγιστο Build,Armado máximo,es-AR
Μένουμε Ενωμένοι,No nos Separamos,es-AR
Μίλιο,Milio,es-AR
Μίνι Μαύρη Τρύπα,Miniagujero Negro,es-AR
Μαγική Ζαριά,Tirada Mágica,es-AR
Μαγικό Υφαντό,Magia Tejida,es-AR
Μαγοτεχνικό Σπαθοπίστολο,Sablepistola Hextech,es-AR
Μαζί Ενωμένοι,Unidos,es-AR
Μαζί στο Φως των Προβολέων του Υασούο,Comparte los Reflectores con Yasuo,es-AR
Μαθήματα Πυγμαχίας,Lecciones de Boxeo,es-AR
Μανδύας Εξουδετέρωσης,Capa de Negatrones,es-AR
Μανδύας του Ήλιου,Capa de Fuego Solar,es-AR
Μαοκάι,Maokai,es-AR
Μεγάλοι Και Τρανοί,Fuerte y Enorme,es-AR
Μερική Εξύψωση,Ascensión parcial,es-AR
Μεταφορά Φορτίου,Transferencia de Carga,es-AR
Μια Ένδοξη Περιπέτεια,Una Aventura Eminente,es-AR
Μικροί Στο Μάτι,Pequeño pero mortífero,es-AR
Μικροσκοπικοί Τιτάνες,Titanes Diminutos,es-AR
Μικρούληδες Φίλοι,Amiguitos,es-AR
Μικρός Σάκος Δώρων,Bolsa de Sorpresas Pequeña,es-AR
Μιπ,Meeplo,es-AR
Μιπίδιο,Meepsie,es-AR
Μις Φόρτσουν,Miss Fortune,es-AR
Μοργκάνα,Morgana,es-AR
Μορελονομικόν,Morellonomicón,es-AR
Μορντεκάιζερ,Mordekaiser,es-AR
Μπελ'Βεθ,Bel'Veth,es-AR
Μπλίτζκρανκ,Blitzcrank,es-AR
Μπλε Ενίσχυση,Mejora azul,es-AR
Μπονκ!,¡Pum!,es-AR
Μπράιαρ,Briar,es-AR
Νάμι,Nami,es-AR
Νάσους,Nasus,es-AR
Νεοσύλλεκτος,Nuevo Recluta,es-AR
Νούνου και Γουίλαμπ,Nunu y Willump,es-AR
Ντιάνα,Diana,es-AR
Ντόρτια,Cuatro Refuerzos,es-AR
Νύχι του Δράκου,Garra de Dragón,es-AR
Νύχια του Λωποδύτη,Garra del Merodeador,es-AR
Ο Δολοφόνος που δεν Κάνει Διακρίσεις,Verdugo Indiscriminado,es-AR
Ο Πάγκος της Πανδώρας,Banca de Pandora,es-AR
Ο Πρωταγωνιστής δεν Πεθαίνει,La trama lo protege,es-AR
Ο Πύργος,La Torre,es-AR
Ο Χρυσός Δράκος,El Dragón Dorado,es-AR
Ο πιο Μικροσκοπικός Τιτάνας,Pequeño Titán,es-AR
"ΟΧΙ ΠΑΡΑΚΟΛΟΥΘ., ΟΧΙ ΑΛΛΑΓΕΣ",Terquedad,es-AR
Οι Απροσάρμοστοι,Inadaptados,es-AR
"Οικονόμος, όχι Τσιγκούνης",Saber Gastar,es-AR
Ολοκαίνουργιο,Nuevo de Fábrica,es-AR
Ομαδική Αγκαλιά,Abrazo Grupal,es-AR
Οπτικά Συστήματα Στόχευσης,Óptica de Fijación de Objetivo,es-AR
Οργή του Κράκεν,Furia del Kraken,es-AR
Οργανικό Εμφύτευμα,Implante Simpático,es-AR
Οργισμένο Σπαθί του Γκουίνσου,Espadafuria de Guinsoo,es-AR
Ορν,Ornn,es-AR
Ουρά Αναμονής Για Δύο,Cola Dúo,es-AR
Ούργκοτ,Urgot,es-AR
Πάικ,Pyke,es-AR
Πάνθεον,Pantheon,es-AR
Πέπλο Δειλινού,Manto del Ocaso,es-AR
Πέπλο της Σιωπής,Manto de Quietud,es-AR
Πέτρινη Πανοπλία του Γκαργκόιλ,Armadura Pétrea,es-AR
Πακέτο Ενίσχυσης,Paquete de Mejora,es-AR
Πακέτο Φροντίδας,Paquete de Cuidados,es-AR
Πανοπλία του Γόρμογκ,Armadura de Warmog,es-AR
Παρανοϊκό Ξίφος,Al Filo de la Cordura,es-AR
Παρασιτική Ζωτικότητα,Vitalidad Vampírica,es-AR
Παρενέργειες,Efectos Secundarios,es-AR
Περίσσευμα Ζωνών,Cinturón XL,es-AR
Περίσσευμα Ραβδιών,Sobrecarga de Varas,es-AR
Περίσσευμα Σπαθιών,Espada Desmedida,es-AR
Περίτεχνη Δημιουργία,Artesanía Creativa,es-AR
Περικάρπιο του Ερευνητή,Guardabrazo del Buscador,es-AR
Περιττά Τεράστια Ράβδος,Vara Innecesariamente Grande,es-AR
Περπάτα στα Κάρβουνα,Alimenta las Llamas,es-AR
Πετραδένιο Γάντι,Guantelete Deslumbrante,es-AR
Πετραδένιος Λωτός,Loto Adornado,es-AR
Πηγαίνοντας Μακριά,Acumular,es-AR
Πιο Θανάσιμες Λεπίδες,Espadas Más Letales,es-AR
Πλέγμα Κακόβουλου Λογισμικού,Matriz de Malware,es-AR
Πνεύμα Λύτρωσης,Espíritu de Redención,es-AR
Πολλά Στατιστικά!,¡Milestadísticas!,es-AR
Πολλές Ανανεώσεις,Actualiza sin parar,es-AR
Πολυκαιρισμένο Κειμήλιο,Reliquia Marchita,es-AR
Πολυτελής Συνδρομή,Suscripción de Lujo,es-AR
Πολύπλευρο Κέρδος,A Remontar,es-AR
Πριμόρντιαν,Primordiano,es-AR
Πρισματικό Εισιτήριο,Boleto Prismático,es-AR
Προνοητική Σκέψη,Pensar a Futuro,es-AR
Προστασία από Άπειρο,Protección del Infinito,es-AR
Προτείχισμα,Bastión,es-AR
Προτείχισμα,Baluarte,es-AR
Πρόκληση του Στέρακ,Guantelete de Sterak,es-AR
Πρώιμες Διδαχές,Primeras Lecciones,es-AR
Πόπι,Poppy,es-AR
Πύλη Ζζ'Ροτ,Portal Zz'Rot,es-AR
Ράαστ,Rhaast,es-AR
Ράβδος του Κενού,Báculo del Vacío,es-AR
Ράβδος των Σεραφίμ,Báculo del Serafín,es-AR
Ράμους,Rammus,es-AR
Ρίβεν,Riven,es-AR
Ραβδί Αρχάγγελου,Báculo del Arcángel,es-AR
Ρεκ'Σάι,Rek'Sai,es-AR
Σάκος Δώρων,Bolsa de Objetos,es-AR
Σάκος Δώρων του Ουρφ,Bolsa de Sorpresas de Urf,es-AR
Σάκος Μεγάλου Κάβουρα,Bolsa de Sorpresas grande,es-AR
Σαμίρα,Samira,es-AR
Σεν,Shen,es-AR
Σιδερόπλεκτο Γιλέκο,Cota de Malla,es-AR
Σκοτεινή Κυρία,Dama Oscura,es-AR
Σκοτεινό Άστρο,Estrella Oscura,es-AR
Σκοτεινός Ιππότης,Merodeador,es-AR
Σκοτισμένο Μυαλό,Mente Saturada,es-AR
Σμιλεμένο με Δύναμη,Forjado en la Fortaleza,es-AR
Σοκολατάκια,Dulces Golosinas,es-AR
Σούφρωμα,Hurto,es-AR
Σπάτουλα,Espátula,es-AR
Στέμμα του Συμβούλου,Corona de Estratega,es-AR
Στεμματοφύλακας,Guardia de la Corona,es-AR
Στιλέτο Στατικού Ηλεκτρισμού,Daga de Statikk,es-AR
Στόχος μας τα Άστρα,Apunta a las Estrellas,es-AR
Συγκέντρωση Δυνάμεων,Segundo Aire,es-AR
Συγκέντρωση Ορίζοντα,Enfoque al Horizonte,es-AR
Συμμορία,Banda de Ladrones,es-AR
Συμμορία II,Banda de Ladrones II,es-AR
Συνδρομητική Υπηρεσία,Servicio de Suscripción,es-AR
Συνεχής Επίκληση,Conjuros Continuos,es-AR
Συντήρηση Βιοΰλης,Preservador de Biomateria,es-AR
Σφαίρες Θεραπείας,Orbes de curación,es-AR
Σχέδιο Οπισθοφυλακής,Plano de Línea Trasera,es-AR
Σόλο Άνοδος Επιπέδου,Leveleando en solitario,es-AR
Σόνα,Sona,es-AR
Σύμμαχος του Οδοιπόρου,Alianza del Guardián,es-AR
Σύσφιξη Δεσμών,Trabajo en Equipo,es-AR
Τάλον,Talon,es-AR
Τίμο,Teemo,es-AR
Τα Δάκρυα Κύλησαν,Corriente de Lágrimas,es-AR
Ταμ Κεντς,Tahm Kench,es-AR
Ταμπλό του Ήλιου,Tablero de Fuego Solar,es-AR
Ταξιδευτής,Viajero,es-AR
Τελευταίος Ψίθυρος,Último Suspiro,es-AR
Τερμιπική Ταχύτητα,Velocidad Termeepnal,es-AR
Τεχνίτης Ραβδιών,Fabricante de Varas,es-AR
Τεχνίτης Σπαθιών,Fabricante de Espadas,es-AR
Τζαξ,Jax,es-AR
Τζιν,Jhin,es-AR
Τζινξ,Jinx,es-AR
Τηγάνι,Sartén,es-AR
Τιμή σε Αίμα,Precio Sangriento,es-AR
Τιμή του Πολέμαρχου,Honor del Caudillo,es-AR
Το Ένστικτο της Έβελιν,Instinto de Evelynn,es-AR
Το Δέντρο των Χαρακτηριστικών,El Árbol de Rasgos,es-AR
Το Δώρο της Άρι,Bendición de Ahri,es-AR
Το Δώρο της Έβελιν,Bendición de Evelynn,es-AR
Το Δώρο της Κέιλ,Bendición de Kayle,es-AR
Το Δώρο της Σοράκα,Bendición de Soraka,es-AR
Το Δώρο του Έκκο,Bendición de Ekko,es-AR
Το Δώρο του Βάρους,Bendición de Varus,es-AR
Το Δώρο του Θρες,Bendición de Thresh,es-AR
Το Δώρο του Υασούο,Bendición de Yasuo,es-AR
Το Δώρο του Ωρέλιον Σολ,Bendición de Aurelion Sol,es-AR
Το Θαύμα της Σοράκα,Milagro de Soraka,es-AR
Το Λημέρι του Βαρόνου,Guarida del Barón,es-AR
Το Μέγεθος Μετράει,El Tamaño Importa,es-AR
Το Πανίσχυρο Mech,El Mega Mecha,es-AR
Το Στέμμα Είναι Βαρύ,Pesada es la Corona,es-AR
Το Τέχνασμα του Ουρφ,Gambito de Urf,es-AR
Το Τεσσάρι το Καλό,Que los Cuatros te Acompañen,es-AR
Το Τόξο μου στη Διάθεσή σου,Mi arco a tu servicio,es-AR
Το Φανάρι του Θρες,Linterna de Thresh,es-AR
Το Χαρντκόρε Της Αυγής,Esfera del Amanecer,es-AR
Το Χρυσό Αυγό,El Huevo Dorado,es-AR
Τονωτικό Μενταγιόν,Relicario Enervante,es-AR
Τουίστεντ Φέιτ,Twisted Fate,es-AR
Τρίδυμο,Trifecta,es-AR
Τρεμολεπίδες,Cuchillas Raudas,es-AR
Τσεκούρι της Κόλασης,Hacha de Fuego Infernal,es-AR
Τσο'Γκαθ,Cho'Gath,es-AR
Τυχερά Γάντια,Guantes de la Suerte,es-AR
Τόμος Χαρακτηριστικών,Tomo de Rasgos,es-AR
"Τώρα Κλαις, Γιατί Κλαις",Llora Todo lo que Quieras,es-AR
Τώρα Που Έχω Ρέντα,En racha,es-AR
ΥΠΕΡΤΑΧYΤΑΤΟ ΠΥΡ,U.R.F.,es-AR
Υδράργυρος,Capa Mercurial,es-AR
Υπέρλαμπρος Κατεργάρης,Rufián Radiante,es-AR
Υπομονετική Μελέτη,Estudio Paciente,es-AR
Υφάντρα της Μοίρας,Tejedestinos,es-AR
Υψηλή Τάση,Alto Voltaje,es-AR
Φαρμάρισμα Αύρας,Farmeo Áurico,es-AR
Φιζ,Fizz,es-AR
Φιόρα,Fiora,es-AR
Φλεγόμενο Ολμοβόλο,Cañón de Fuego Rápido,es-AR
Φολιδωτή Ουσία,Esencia de Brilloescama,es-AR
Φονέας Γιγάντων,Verdugo de Gigantes,es-AR
Φορητό Εργαστήριο,Forja Portátil,es-AR
Φτιάξε Έναν Φίλο,Haciendo Amistades,es-AR
Φτιάξε τον Δικό σου Φίλο,Arma un Amigo,es-AR
Φτιάξτε έναν σύντροφο,Construye tu Compi,es-AR
Φυλαχτό της Εξύψωσης,Talismán de Ascensión,es-AR
Χάλκινη για Πάντα,Bronce de por Vida,es-AR
Χέρι της Δικαιοσύνης,Mano de la Justicia,es-AR
Χαμένες Συνδέσεις,Conexiones fallidas,es-AR
Χαράξτε Μονοπάτι,Ábrete Camino,es-AR
Χαρτζιλίκι,Dinero del almuerzo,es-AR
Χρηματοθύελλα,Monzón Millonario,es-AR
Χρονοθραύστης,Rompetiempo,es-AR
Χρυσό Εξάγωνο του Υασούο,Hex Dorado de Yasuo,es-AR
Χρυσό Ποντάρισμα,Apuesta Dorada,es-AR
Χυμός Κάπα,Juguito de Gorrito,es-AR
Ψαροκόκκαλο,Carapescado,es-AR
Ψυχογενές Έμβλημα,Emblema de Psiónico,es-AR
Ψυχογενής,Psiónico,es-AR
Ωρέλιον Σολ,Aurelion Sol,es-AR
Ωρολογιακός Επιταχυντής,Acelerador Mecánico,es-AR
Ωρόρα,Aurora,es-AR
Авангард,Vanguardia,es-AR
Аврора,Aurora,es-AR
Агрессивная монетизация,Monetización Maligna,es-AR
Адаптивный шлем,Yelmo Adaptable,es-AR
Акали,Akali,es-AR
Арбитр,Sentencia,es-AR
Арена солнечного пламени,Tablero de Fuego Solar,es-AR
Атрокс,Aatrox,es-AR
Аугментированная сила,Poder Mejorado,es-AR
Аура Ари,Aura de Ahri,es-AR
Аурелион Сол,Aurelion Sol,es-AR
Бард,Bardo,es-AR
Башня,La Torre,es-AR
Бел'Вет,Bel'Veth,es-AR
Бесконечное отчаяние,Desesperación Eterna,es-AR
Благословлен.,Bendecido por los Dioses,es-AR
Близость удачи,¿Te Sientes con Suerte?,es-AR
Блицкранк,Blitzcrank,es-AR
Божественный дуэлянт,Duelista Divino,es-AR
Более смертельные шляпы,Sombreros Más Letales,es-AR
Больше – лучше,El Tamaño Importa,es-AR
Большой взрыв,El Big Bang,es-AR
Большой мешок с сюрпризом,Bolsa de Sorpresas grande,es-AR
Боньк!,¡Pum!,es-AR
Брайер,Briar,es-AR
Бронза навек,Bronce de por Vida,es-AR
Бунтари,Inadaptados,es-AR
Буря Людена,Tempestad de Luden,es-AR
Бустер,Paquete de Mejora,es-AR
В лучах славы (Ясуо),Comparte los Reflectores con Yasuo,es-AR
В ударе,En racha,es-AR
Варежки,Mitones,es-AR
Вверх по головам,Ascender de Posición,es-AR
Вейгар,Veigar,es-AR
Векс,Vex,es-AR
Вербовка,Nuevo Recluta,es-AR
Верное сердце,Espíritu Firme,es-AR
Вестник Зика,Heraldo de Zeke,es-AR
Вестник рока,Condenador,es-AR
Вечерний покров,Manto del Ocaso,es-AR
Вечное обновление,Actualiza sin parar,es-AR
Вечный договор,Pacto Eterno,es-AR
Взрывной рост,Crecimiento Explosivo,es-AR
Виктор,Viktor,es-AR
Возвышение Кейл,Exaltación de Kayle,es-AR
Возмездие,Retribución,es-AR
Вознесение,Ascenso,es-AR
Волевая победа,Volver al Ruedo,es-AR
Воля булавы,Voluntad del Mazo,es-AR
Воровская шайка,Banda de Ladrones,es-AR
Воровская шайка II,Banda de Ladrones II,es-AR
Восстанавливающий медальон,Relicario Enervante,es-AR
Вредоносная матрица,Matriz de Malware,es-AR
Вредоносный самоцвет,Joya Maldita,es-AR
Второе дыхание,Segundo Aire,es-AR
Выбор особенности,Elige el rasgo,es-AR
Выбор сделан,Terquedad,es-AR
Выгодное предложение,Saber Gastar,es-AR
Выживший,Sobreviviente,es-AR
Высокая ценность,Demasiado Valor,es-AR
Высокое напряжение,Alto Voltaje,es-AR
Галактика грува,Onda Espacial,es-AR
Гамбит Урфа,Gambito de Urf,es-AR
Гвен,Gwen,es-AR
Герб Лайтшилдов,Cresta de Escudo de Luz,es-AR
Геройский мешок с сюрпризом,Bolsa de Sorpresas Heroica,es-AR
Гибкость,Flexible,es-AR
Гнар,Gnar,es-AR
Голем,Gólem,es-AR
Головокружение,Mente Saturada,es-AR
Головорез,Furtivo,es-AR
Горнило испытаний,Forjado en la Fortaleza,es-AR
Грабеж,Hurto,es-AR
Грагас,Gragas,es-AR
Грань Бесконечности,Filo del Infinito,es-AR
Грань ночи,Filo de la Noche,es-AR
Грейвз,Graves,es-AR
Гроза Личей,Maldición del Liche,es-AR
Гроза галактики,Diosa de las Pistolas,es-AR
Групповые обнимашки,Abrazo Grupal,es-AR
Гуляка,Fiera Fiestera,es-AR
Да пребудет с вами сила четверки,Que los Cuatros te Acompañen,es-AR
Дальновидность,Pensar a Futuro,es-AR
Дар Ари,Bendición de Ahri,es-AR
Дар Аурелиона Сола,Bendición de Aurelion Sol,es-AR
Дар Варуса,Bendición de Varus,es-AR
Дар Кейл,Bendición de Kayle,es-AR
Дар Сораки,Bendición de Soraka,es-AR
Дар Треша,Bendición de Thresh,es-AR
Дар Эвелинн,Bendición de Evelynn,es-AR
Дар Экко,Bendición de Ekko,es-AR
Дар Ясуо,Bendición de Yasuo,es-AR
Дар возрождения,Bendición de Resurrección,es-AR
Дар ремесленника,Bendición del Chatarrero,es-AR
Два стража,Guardianes Gemelos,es-AR
Двойная защита,Doble Tanque,es-AR
Дебошир,Peleador,es-AR
Дерево особенностей,El Árbol de Rasgos,es-AR
Держать строй!,Mantén la Posición,es-AR
Держимся вместе,No nos Separamos,es-AR
Джакс,Jax,es-AR
Джин,Jhin,es-AR
Джинкс,Jinx,es-AR
Диана,Diana,es-AR
Добродетель мученика,Virtud del Mártir,es-AR
Доспех Вармога,Armadura de Warmog,es-AR
Драгоценная перчатка,Guantelete Deslumbrante,es-AR
Драгоценный лотос,Loto Adornado,es-AR
Дух искупления,Espíritu de Redención,es-AR
Жажда золота,Avaricia,es-AR
Железный аргумент,Recursos de Hierro,es-AR
Живая кузница,Forja Viviente,es-AR
Живучесть вампира,Vitalidad Vampírica,es-AR
Жулик,Estafador,es-AR
Задира,Retador,es-AR
Закопанные сокровища,Tesoros Enterrados,es-AR
Западный ветер,Céfiro,es-AR
Запасные луки,Arcos de Repuesto,es-AR
Запретный идол,Ídolo Prohibido,es-AR
Заточка Статикка,Daga de Statikk,es-AR
Защита вечности,Protección del Infinito,es-AR
Звездная комбинация,Combo Estelar,es-AR
Звездочет,Astromante,es-AR
Звериный отряд,Animalia,es-AR
Зед,Zed,es-AR
Зеркальное отражение,Persona en Espejo,es-AR
Златоносная сущность,Esencia de Brilloescama,es-AR
Зов хаоса,Llamado al Caos,es-AR
Зои,Zoe,es-AR
Золотая ячейка Ясуо,Hex Dorado de Yasuo,es-AR
Золотое яйцо,El Huevo Dorado,es-AR
Золотой дракон,El Dragón Dorado,es-AR
Золотой риск,Apuesta Dorada,es-AR
Золотой ураган,Monzón Millonario,es-AR
Зуб Нашора,Diente de Nashor,es-AR
Игра в команде,Forma equipo,es-AR
Игра в паре,Cola Dúo,es-AR
Игра вдолгую,Acumular,es-AR
Избиение,De fiesta,es-AR
Изгнание,Exiliados,es-AR
Изогнутый лук,Arco Recurvado,es-AR
Иллаой,Illaoi,es-AR
Инвестиции,Inversión,es-AR
Инстинкты Эвелинн,Instinto de Evelynn,es-AR
Ионийская искра,Chispa Iónica,es-AR
Искупитель,Redentor,es-AR
Искусное искусство,Artesanía Creativa,es-AR
Испытание Стерака,Guantelete de Sterak,es-AR
Иссушенная реликвия,Reliquia Marchita,es-AR
Истребитель,Erradicador,es-AR
Кай'Са,Kai'Sa,es-AR
Какой ценой?,A qué precio,es-AR
Каменный доспех гаргульи,Armadura Pétrea,es-AR
Карма,Karma,es-AR
Карманные деньги,Dinero del almuerzo,es-AR
Карьерный рост,Trepador Social,es-AR
Кахунахуна,Kahunahuna,es-AR
Кейтлин,Caitlyn,es-AR
Киберимпланты,Implantes Cibernéticos,es-AR
Киберподдержка,Enlace Cibernético,es-AR
Киндред,Kindred,es-AR
Клинок смерти,Filo de la Muerte,es-AR
Клинок ярости Гинсу,Espadafuria de Guinsoo,es-AR
Клятва защитника,Juramento del Protector,es-AR
Клятва рыцаря,Promesa del Caballero,es-AR
Книга особенностей,Tomo de Rasgos,es-AR
Когнитивная нагрузка,Impuesto Cognitivo,es-AR
Когнитивная перегрузка,Sobrecarga Cognitiva,es-AR
Коготь дракона,Garra de Dragón,es-AR
Коготь охотника,Garra del Merodeador,es-AR
Кольчуга,Cota de Malla,es-AR
Командир,Comandante,es-AR
Командир Звериного отряда,Comandante Animalia,es-AR
Конструктор,Arma un Amigo,es-AR
Копье Седзина,Lanza de Shojin,es-AR
Корки,Corki,es-AR
Королевский венец,Guardia de la Corona,es-AR
Корона тактика,Corona de Estratega,es-AR
Коррозия,Corrosión,es-AR
Космическое обновление,Reinicio Cósmico,es-AR
Кража компонентов,Asalto de Componentes,es-AR
Красное усиление,Mejora Roja,es-AR
Критический успех,Éxito Crítico,es-AR
Кровавая цена,Precio Sangriento,es-AR
Кровавое подношение,Ofrenda de Sangre,es-AR
Кровопийца,La Sanguinaria,es-AR
Крошки-великаны,Titanes Diminutos,es-AR
Крупный займ,Préstamo Anticipado,es-AR
Кузница апофеоза,Forja Apoteósica,es-AR
Кусочек жизни,Fragmento de Vida,es-AR
Кухня тактика,Cocina de Estratega,es-AR
Ле Блан,LeBlanc,es-AR
Легион троек,Legión de Tres,es-AR
Леденящий Вестник Зика,Heraldo de las Tinieblas de Zeke,es-AR
Леона,Leona,es-AR
Летающие ножи,Cuchillas Raudas,es-AR
Лиссандра,Lissandra,es-AR
Логово Барона,Guarida del Barón,es-AR
Лопатка,Espátula,es-AR
Лулу,Lulu,es-AR
Лучезарное возвышение Кейл,Exaltación Radiante de Kayle,es-AR
Лучезарный плут,Rufián Radiante,es-AR
Лучшая сборка,Armado máximo,es-AR
Лучшие друзья,Mejores Amigos,es-AR
Магические кости,Tirada Mágica,es-AR
"Мал, да удал",Pequeño pero mortífero,es-AR
Малая черная дыра,Miniagujero Negro,es-AR
Маленькие друзья,Amiguitos,es-AR
Малое Зеркальное отражение,Persona en Espejo menor,es-AR
Манекенофикация,¿Hacemos un Muñeco?,es-AR
Манекены для краш-тестов,Muñecos de Prueba para Choques,es-AR
Мантия тактика,Capa de Estratega,es-AR
Маокай,Maokai,es-AR
Мародер,Merodeador,es-AR
Мастер Йи,Maestro Yi,es-AR
Мастер мечей,Fabricante de Espadas,es-AR
Мастер посохов,Fabricante de Varas,es-AR
Мастерство Ясуо,Esgrima de Yasuo,es-AR
Медальон Железных Солари,Relicario de los Solari de Hierro,es-AR
Мешок предметов,Bolsa de Objetos,es-AR
Мешок с сюрпризом Урфа,Bolsa de Sorpresas de Urf,es-AR
Милио,Milio,es-AR
Минмаксинг,Mínimo/Máximo,es-AR
Мипер,Meeplo,es-AR
Мипоритка,Meepsie,es-AR
Мисс Фортуна,Miss Fortune,es-AR
Могучие исполины,Fuerte y Enorme,es-AR
Моргана,Morgana,es-AR
Мордекайзер,Mordekaiser,es-AR
Мореллономикон,Morellonomicón,es-AR
Мощь на позднем этапе,Progresión en el juego tardío,es-AR
Н.О.В.А.,N.O.V.A.,es-AR
Набор ауры,Farmeo Áurico,es-AR
Наемный убийца,Asesino a Sueldo,es-AR
Накидка солнечного пламени,Capa de Fuego Solar,es-AR
Накопитель биомассы,Preservador de Biomateria,es-AR
Накопительный вклад,Cuenta de Ahorros,es-AR
Нами,Nami,es-AR
Наручи Искательницы,Guardabrazo del Buscador,es-AR
Настоящий триумф,A Remontar,es-AR
Насус,Nasus,es-AR
Небольшой мешок с сюрпризом,Bolsa de Sorpresas Pequeña,es-AR
Непрерывное колдовство,Conjuros Continuos,es-AR
Несокрушимый,Bastión,es-AR
Нет на месте,Inactividad,es-AR
Неукротимость,El Indomable,es-AR
Нечестивый Вампирский скипетр,Cetro Vampírico Corrupto,es-AR
Новинка,Nuevo de Fábrica,es-AR
Новый уровень!,¡Sube de nivel!,es-AR
Номер один,Conexiones fallidas,es-AR
Нуну и Виллумп,Nunu y Willump,es-AR
Облачение духов,Apariencia Espiritual,es-AR
Обновление с капелькой магии,Tirada Ligeramente Mágica,es-AR
Одержимость Варуса,Obsesión de Varus,es-AR
Один доспех,Solo Pétreo,es-AR
"Один, два, три","Uno, Dos, Tres",es-AR
"Одно усиление, два усиления","Una Mejora, Dos Mejoras",es-AR
Ожидаемая неожиданность,Espera lo Inesperado,es-AR
Оплот,Baluarte,es-AR
Оплот передней линии,Cimientos de Línea Frontal,es-AR
Оправданное ожидание,Vale la Pena la Espera,es-AR
Оптика с захватом цели,Óptica de Fijación de Objetivo,es-AR
Оракул,Oráculo,es-AR
Орн,Ornn,es-AR
Охота за сокровищами,Cazatesoros,es-AR
Охотник Галактики,Cazagalaxias,es-AR
Пайк,Pyke,es-AR
Пантеон,Pantheon,es-AR
Пастух,Pastor,es-AR
Перезапуск миссии,Reiniciar Misión,es-AR
Переизбыток жезлов,Sobrecarga de Varas,es-AR
Переизбыток мечей,Espada Desmedida,es-AR
Переизбыток поясов,Cinturón XL,es-AR
Перенос заряда,Transferencia de Carga,es-AR
Переносная кузница,Forja Portátil,es-AR
Переработка отходов,Bote de Segunda Mano,es-AR
Перчатка Бездны,Guantelete del Vacío,es-AR
Перчатки вора,Guantes de Ladrón,es-AR
Плетение магии,Magia Tejida,es-AR
Плечом к плечу,Unidos,es-AR
Победа Виктора из ''Аркейна'',Viktoria Arcana,es-AR
Побочные эффекты,Efectos Secundarios,es-AR
Поглощающий плащ,Capa de Negatrones,es-AR
Подарок на день рождения,Regalo de cumpleaños,es-AR
Подготовка телохранителя,Entrenamiento de Guardaespaldas,es-AR
Поднятие уровня в одиночку,Leveleando en solitario,es-AR
Подозрительный плащ,Gabardina Sospechosa,es-AR
Подписка,Servicio de Suscripción,es-AR
Позолоченная сталь,Acero Dorado,es-AR
Покров тишины,Manto de Quietud,es-AR
Покупки,Compras compulsivas,es-AR
Полупроводник,Semiconductor,es-AR
Поппи,Poppy,es-AR
Портал Зз'Рота,Portal Zz'Rot,es-AR
Посох Бездны,Báculo del Vacío,es-AR
Посох архангела,Báculo del Arcángel,es-AR
Посох серафима,Báculo del Serafín,es-AR
Построение,Alineación,es-AR
Посылка,Paquete de Cuidados,es-AR
Пояс великана,Cinturón de Gigante,es-AR
Празднование юбилея,Reunión de Cumpleaños,es-AR
Предметы Пандоры,Objetos de Pandora,es-AR
Предсмертный шепот,Último Suspiro,es-AR
Приз победителю,Boxeador Profesional,es-AR
Призматический билет,Boleto Prismático,es-AR
Призрачная сабля,Sable Espectral,es-AR
Прицельная стрельба,Fuego Concentrado,es-AR
Пришелец Зед,Invasor Zed,es-AR
Пробуждение души,Despertar del Alma,es-AR
Проводник,Canalizador,es-AR
Прокладывание пути,Ábrete Camino,es-AR
Проклятая корона,Corona Maldita,es-AR
Проклятый клинок,Cuchilla Maldita,es-AR
Псионик,Psiónico,es-AR
Пугливый краб,Cangrejo Escurridizo,es-AR
Путь к вершине,Una Aventura Eminente,es-AR
Путь к звездам,Apunta a las Estrellas,es-AR
Рааст,Rhaast,es-AR
"Раз, два, пять!","Uno, dos, ¡cinco!",es-AR
Разрушитель времени,Rompetiempo,es-AR
Раммус,Rammus,es-AR
Ранние уроки,Primeras Lecciones,es-AR
Распаленное пламя,Alimenta las Llamas,es-AR
Расползающиеся корни,Raíces Propagadoras,es-AR
Распродажа,Liquidación,es-AR
Расширение дела,Ramificación,es-AR
Режим задиры,Modo Retador,es-AR
Режим проводника,Modo Canalizador,es-AR
Режим репликатора,Modo Replicador,es-AR
Рек'Сай,Rek'Sai,es-AR
Рекомбинатор,Megamorfosis,es-AR
Реликт,Primordiano,es-AR
Репликатор,Replicador,es-AR
Репликация,Réplica,es-AR
Решимость титана,Valor del Titán,es-AR
Ривен,Riven,es-AR
Рискованный ход,Jugadas arriesgadas,es-AR
Робот,Mecha,es-AR
Роскошная подписка,Suscripción de Lujo,es-AR
Рука правосудия,Mano de la Justicia,es-AR
С места в карьер,Inicio Veloz,es-AR
С тобой мой лук,Mi arco a tu servicio,es-AR
Самира,Samira,es-AR
Самодельный доспех,Armadura Improvisada,es-AR
Самый Лучший Меч,Espadón,es-AR
Самый крошечный великан,Pequeño Titán,es-AR
Самый могучий робот,El Mega Mecha,es-AR
Свежая поставка,Tú Pégales,es-AR
Сверхмипная скорость,Velocidad Termeepnal,es-AR
Связь с дроном,Enlace de Dron,es-AR
Серебряная ложка,Cuchara de plata,es-AR
Сильвермирская заря,Amanecer Plateado,es-AR
Симпатический имплант,Implante Simpático,es-AR
Синее усиление,Mejora azul,es-AR
Скамейка Пандоры,Banca de Pandora,es-AR
Скелетница,Carapescado,es-AR
Сковородка,Sartén,es-AR
Скорострельная пушка,Cañón de Fuego Rápido,es-AR
Сладкие угощения,Dulces Golosinas,es-AR
Слеза богини,Lágrima de la Diosa,es-AR
Слезы рекой,Llora Todo lo que Quieras,es-AR
Слишком Большой Жезл,Vara Innecesariamente Grande,es-AR
Смертельная шляпа Рабадона,Sombrero Mortífero de Rabadon,es-AR
Смертоносные клинки,Espadas Más Letales,es-AR
Смерть Разума,Al Filo de la Cordura,es-AR
Снайпер,Francotirador,es-AR
Создание друга,Haciendo Amistades,es-AR
Создание спутника,Construye tu Compi,es-AR
Сона,Sona,es-AR
Союзник,Alianza del Guardián,es-AR
Специалист по поздним этапам,Especialista en el juego tardío,es-AR
Спящая кузница,Forja latente,es-AR
Стальное сердце,Corazón de Acero,es-AR
Статическое электричество,Descarga Eléctrica,es-AR
Стеклянная пушка,Cañón de Cristal,es-AR
Странник,Viajero,es-AR
Страховой фонд,Fondo de inversión,es-AR
Стремительное двойное убийство,Asesinato Doble Veloz,es-AR
Стремительное серебро,Capa Mercurial,es-AR
Струящиеся слезы,Corriente de Lágrimas,es-AR
Суть коммерции,Núcleo Comercial,es-AR
Сфера лечения,Orbes de curación,es-AR
Счастливые перчатки,Guantes de la Suerte,es-AR
Сюжетная защита,La trama lo protege,es-AR
Таам Кенч,Tahm Kench,es-AR
Талисман вознесения,Talismán de Ascensión,es-AR
Талон,Talon,es-AR
Твистед Фэйт,Twisted Fate,es-AR
Темная звезда,Estrella Oscura,es-AR
Темная леди,Dama Oscura,es-AR
Теневая марионетка,Marioneta Sombría,es-AR
Терновый жилет,Vesta Espinosa,es-AR
Терпеливый ученик,Estudio Paciente,es-AR
Терпение,La Paciencia es una Virtud,es-AR
Терпение Экко,Paciencia de Ekko,es-AR
Тимбилдинг,Trabajo en Equipo,es-AR
Тимо,Teemo,es-AR
Титаническая гидра,Hidra Titánica,es-AR
Ткач судьбы,Tejedestinos,es-AR
Тонны показателей!,¡Milestadísticas!,es-AR
Топор адского пламени,Hacha de Fuego Infernal,es-AR
Торговый сектор,Sector de Intercambio,es-AR
Тренировочные перчатки,Guantes de Combate,es-AR
Тренировочный манекен,Muñeco de Entrenamiento,es-AR
Триада,Trifecta,es-AR
Тропа войны,Sendero de Guerra,es-AR
Тяжел венец,Pesada es la Corona,es-AR
У.Р.Ф.,U.R.F.,es-AR
Убийство без разбора,Verdugo Indiscriminado,es-AR
Убийца великанов,Verdugo de Gigantes,es-AR
Ургот,Urgot,es-AR
Уроки бокса,Lecciones de Boxeo,es-AR
Физз,Fizz,es-AR
Фиора,Fiora,es-AR
Фонарь Треша,Linterna de Thresh,es-AR
Хекстековый прицел,Enfoque al Horizonte,es-AR
Хекстековый штык,Sablepistola Hextech,es-AR
Хитрая тактика,Pérdida Calculada,es-AR
Хоть какая-то польза,Bueno para Algo,es-AR
Целеустремленность,Gran Compromiso,es-AR
Центр внимания,Halla tu Centro,es-AR
Цеп вышибалы,Mangual del Guerrero,es-AR
Часовой механизм,Acelerador Mecánico,es-AR
Частичное вознесение,Ascensión parcial,es-AR
Чаша силы,Cáliz de Poder,es-AR
Чертеж для задней линии,Plano de Línea Trasera,es-AR
Честь полководца,Honor del Caudillo,es-AR
Четырехкратное усиление,Cuatro Refuerzos,es-AR
Чо'Гат,Cho'Gath,es-AR
Чудо Сораки,Milagro de Soraka,es-AR
Шапучий напиток,Juguito de Gorrito,es-AR
Шая,Xayah,es-AR
Шен,Shen,es-AR
Щит тактика,Escudo del Estratega,es-AR
Эгида рассвета,Égida del Amanecer,es-AR
Эгида сумерек,Égida del Ocaso,es-AR
Эзреаль,Ezreal,es-AR
Эксклюзивная кастомизация,Personalización exclusiva,es-AR
Экспедиция,Expedición,es-AR
Эмблема Галактики грува,Emblema de Onda Espacial,es-AR
Эмблема Звериного отряда,Emblema Animalia,es-AR
Эмблема Н.О.В.А.,Emblema de N.O.V.A.,es-AR
Эмблема Темной звезды,Emblema de Estrella Oscura,es-AR
Эмблема авангарда,Emblema de Vanguardia,es-AR
Эмблема арбитра,Emblema de Sentencia,es-AR
Эмблема головореза,Emblema de Furtivo,es-AR
Эмблема дебошира,Emblema de Peleadores,es-AR
Эмблема задиры,Emblema de Retadores,es-AR
Эмблема звездочета,Emblema de Astromante,es-AR
Эмблема мародера,Emblema de Merodeador,es-AR
Эмблема мипера,Emblema de Meeplo,es-AR
Эмблема несокрушимого,Emblema de Bastión,es-AR
Эмблема пастуха,Emblema de Pastor,es-AR
Эмблема псионика,Emblema de Psiónico,es-AR
Эмблема разрушителя времени,Emblema de Rompetiempo,es-AR
Эмблема реликта,Emblema de Primordianos,es-AR
Эмблема снайпера,Emblema de Francotiradores,es-AR
Эмблема странника,Emblema de Viajero,es-AR
Эпические обновления,Rerroleo Épico,es-AR
Эпоха,Época,es-AR
Эхо восстановления,Ecos Reparadores,es-AR
Ядро рассвета,Esfera del Amanecer,es-AR
Ярость кракена,Furia del Kraken,es-AR
Ясный ум,Mente Despejada,es-AR
آتروكس,Aatrox,es-AR
أربعة تكسب ترقية,Cuatro Refuerzos,es-AR
أصغر عملاق,Pequeño Titán,es-AR
أطنان من الإحصاءات!,¡Milestadísticas!,es-AR
أفضل الأصدقاء,Mejores Amigos,es-AR
أكالي,Akali,es-AR
أنيما,Animalia,es-AR
أورغوت,Urgot,es-AR
أورن,Ornn,es-AR
أورورا,Aurora,es-AR
أوريليون سول,Aurelion Sol,es-AR
إرادة الصولجان,Voluntad del Mazo,es-AR
إزريال,Ezreal,es-AR
إعادة المهمة,Reiniciar Misión,es-AR
إيلاوي,Illaoi,es-AR
اتصالات فائتة,Conexiones fallidas,es-AR
اختر خاصية,Elige el rasgo,es-AR
اختصاصي نهاية المباراة,Especialista en el juego tardío,es-AR
استبدالٌ ملحمي,Rerroleo Épico,es-AR
استحضار السحر المستمر,Conjuros Continuos,es-AR
اعثر على مركزك,Halla tu Centro,es-AR
الأحزمة الوفيرة,Cinturón XL,es-AR
الأربعة تربح,Que los Cuatros te Acompañen,es-AR
الأشقياء,Inadaptados,es-AR
الأصول الحديدية,Recursos de Hierro,es-AR
الأقواس الاحتياطية,Arcos de Repuesto,es-AR
الأمر يستحق الانتظار,Vale la Pena la Espera,es-AR
الإنفاق الحكيم,Saber Gastar,es-AR
الاتصال الآلي,Enlace Cibernético,es-AR
الاتصال بالدرون,Enlace de Dron,es-AR
الاختلاس,Hurto,es-AR
الارتقاء,Ascenso,es-AR
الارتقاء الجزئي,Ascensión parcial,es-AR
الاستبدالات الوفيرة,Actualiza sin parar,es-AR
الاستثمار,Inversión,es-AR
الاستثمار طويل الأجل,Acumular,es-AR
الاستخلاص المفيد,Bote de Segunda Mano,es-AR
الاستنساخ,Réplica,es-AR
الاستهلاك ضروري,De fiesta,es-AR
الاشتراك الفخم,Suscripción de Lujo,es-AR
الالتزام الصارم,Gran Compromiso,es-AR
الانفجار العظيم,El Big Bang,es-AR
البداية الكونية الجديدة,Reinicio Cósmico,es-AR
البرج,La Torre,es-AR
البرونزي حتى النهاية,Bronce de por Vida,es-AR
البيضة الذهبية,El Huevo Dorado,es-AR
التآكل,Corrosión,es-AR
التأثيرات الجانبية,Efectos Secundarios,es-AR
التاج الملعون,Corona Maldita,es-AR
التحفة الذابلة,Reliquia Marchita,es-AR
التحويل إلى دمية,¿Hacemos un Muñeco?,es-AR
الترقية!,¡Sube de nivel!,es-AR
التشكيل الأقصى,Armado máximo,es-AR
التصنيع المتقن,Artesanía Creativa,es-AR
التغيب عن اللعب,Inactividad,es-AR
التفكير المتقدم,Pensar a Futuro,es-AR
التمثال المحرّم,Ídolo Prohibido,es-AR
التنين الذهبي,El Dragón Dorado,es-AR
التوسع,Ramificación,es-AR
الثقب الأسود الصغير,Miniagujero Negro,es-AR
الثلاثية,Trifecta,es-AR
الجوهرة المتلفة,Joya Maldita,es-AR
الحارسان التوأمان,Guardianes Gemelos,es-AR
الحجم مهم,El Tamaño Importa,es-AR
الحركات الخطرة,Jugadas arriesgadas,es-AR
الحركة التصاعدية,Trepador Social,es-AR
الحقبة المميزة,Época,es-AR
الحمل المعرفي الزائد,Sobrecarga Cognitiva,es-AR
الحملة الاستكشافية,Expedición,es-AR
الخسارة المحسوبة,Pérdida Calculada,es-AR
الخوذة المتكيفة,Yelmo Adaptable,es-AR
الدراسة الصابرة,Estudio Paciente,es-AR
الدرع الساتر,Manto del Ocaso,es-AR
الدروس المبكرة,Primeras Lecciones,es-AR
الدروع المؤقتة,Armadura Improvisada,es-AR
الدموع المتدفقة,Corriente de Lágrimas,es-AR
الذهن الصافي,Mente Despejada,es-AR
الذهن المشوّش,Mente Saturada,es-AR
الرفاق الصغار,Amiguitos,es-AR
الرمية السحرية,Tirada Mágica,es-AR
الرمية السحرية المخفّفة,Tirada Ligeramente Mágica,es-AR
الرهان الذهبي,Apuesta Dorada,es-AR
الزئبق,Capa Mercurial,es-AR
السترة المدببة,Vesta Espinosa,es-AR
السترة المسلسلة,Cota de Malla,es-AR
السحر المحبوك,Magia Tejida,es-AR
السعي نحو النجوم,Apunta a las Estrellas,es-AR
السيف الأبدي,Filo del Infinito,es-AR
السيف الصاعق,Daga de Statikk,es-AR
السيف الطيفي,Sable Espectral,es-AR
السيف الهائل,Espadón,es-AR
السيوف الوفيرة,Espada Desmedida,es-AR
السيولة,Estafador,es-AR
الشحنة الكهربائية,Descarga Eléctrica,es-AR
الشخصية المنعكسة,Persona en Espejo,es-AR
الشخصية المنعكسة المصغّرة,Persona en Espejo menor,es-AR
الشرائح الآلية,Implantes Cibernéticos,es-AR
الشرارة الأيونية,Chispa Iónica,es-AR
الصامد,Sobreviviente,es-AR
الصبر فضيلة,La Paciencia es una Virtud,es-AR
الصغير الفتاك,Pequeño pero mortífero,es-AR
الصنديد,El Indomable,es-AR
الضريبة المعرفية,Impuesto Cognitivo,es-AR
الطابور الثنائي,Cola Dúo,es-AR
العمالقة الصغار,Titanes Diminutos,es-AR
العملاق القوي,Fuerte y Enorme,es-AR
العوائد الخبيثة,Monetización Maligna,es-AR
الفوز الكبير,A Remontar,es-AR
الفولاذ المذهب,Acero Dorado,es-AR
الفيلق الثلاثي,Legión de Tres,es-AR
القائدة,Comandante,es-AR
القاتل المأجور,Asesino a Sueldo,es-AR
القتل المزدوج السريع,Asesinato Doble Veloz,es-AR
القصاص,Retribución,es-AR
القصبات الوفيرة,Sobrecarga de Varas,es-AR
القفاز المرصع بالجواهر,Guantelete Deslumbrante,es-AR
القفازات,Mitones,es-AR
القلب الراسخ,Espíritu Firme,es-AR
القلب الفولاذي,Corazón de Acero,es-AR
القوس المنحني,Arco Recurvado,es-AR
الكنوز المدفونة,Tesoros Enterrados,es-AR
الكهرباء القوية,Alto Voltaje,es-AR
اللعب الأمثل,Mínimo/Máximo,es-AR
اللوتس المرصع,Loto Adornado,es-AR
المبارزة السامية,Duelista Divino,es-AR
المتعطش للدماء,La Sanguinaria,es-AR
المحدق بالنجوم,Astromante,es-AR
المحفز الأحمر,Mejora Roja,es-AR
المخلّص,Redentor,es-AR
المرن,Flexible,es-AR
المستبدل العشوائي,Megamorfosis,es-AR
المصهر الحي,Forja Viviente,es-AR
المصهر الكامن,Forja latente,es-AR
المصهر المحمول,Forja Portátil,es-AR
المعطف المشبوه,Gabardina Sospechosa,es-AR
المغامرة الفخمة,Una Aventura Eminente,es-AR
الملعقة الفضية,Cuchara de plata,es-AR
المنفيون,Exiliados,es-AR
الموقف الحرج,Al Filo de la Cordura,es-AR
الميثاق الأزلي,Pacto Eterno,es-AR
الميكا الجبار,El Mega Mecha,es-AR
المُبيد,Erradicador,es-AR
النجاح الحرج,Éxito Crítico,es-AR
النجم المظلم,Estrella Oscura,es-AR
النسيم العليل,Céfiro,es-AR
النصال الخاطفة,Cuchillas Raudas,es-AR
النصل الملعون,Cuchilla Maldita,es-AR
النمو المتفجر,Crecimiento Explosivo,es-AR
النوبة الثانية,Segundo Aire,es-AR
النيران المركزة,Fuego Concentrado,es-AR
الهمسة الأخيرة,Último Suspiro,es-AR
الهيدرا العملاقة,Hidra Titánica,es-AR
الوسيط,Canalizador,es-AR
الوغد المشع,Rufián Radiante,es-AR
انتصار فيكتور آركين,Viktoria Arcana,es-AR
بارد,Bardo,es-AR
بانثيون,Pantheon,es-AR
بايك,Pyke,es-AR
براير,Briar,es-AR
برايمورديان,Primordiano,es-AR
بكاء بلا جدوى,Llora Todo lo que Quieras,es-AR
بلورات العلاج,Orbes de curación,es-AR
بليتزكرانك,Blitzcrank,es-AR
بناء البطل,Arma un Amigo,es-AR
بناء الفريق,Trabajo en Equipo,es-AR
بناء مرافق,Construye tu Compi,es-AR
بوابة ززروت,Portal Zz'Rot,es-AR
بوبي,Poppy,es-AR
بيلفيث,Bel'Veth,es-AR
تأسيس الخط الأمامي,Cimientos de Línea Frontal,es-AR
تاج المخطِط,Corona de Estratega,es-AR
تالون,Talon,es-AR
تام كينش,Tahm Kench,es-AR
تخصيص حصري,Personalización exclusiva,es-AR
تخفيضات نارية,Liquidación,es-AR
تدريب الحارس الشخصي,Entrenamiento de Guardaespaldas,es-AR
تذكرة موشورية,Boleto Prismático,es-AR
ترقية فردية,Leveleando en solitario,es-AR
تركيز الأفق,Enfoque al Horizonte,es-AR
تسلّق سلم التصنيفات,Ascender de Posición,es-AR
تشكيل الصفوف,Alineación,es-AR
تشكيل الفريق,Forma equipo,es-AR
تشوغاث,Cho'Gath,es-AR
تعزيزٌ هنا وتعزيزٌ هناك,"Una Mejora, Dos Mejoras",es-AR
تغذية ألسنة اللهب,Alimenta las Llamas,es-AR
تمجيد كايل,Exaltación de Kayle,es-AR
تمجيد كايل المشع,Exaltación Radiante de Kayle,es-AR
تميمة الارتقاء,Talismán de Ascensión,es-AR
توأم تانك,Doble Tanque,es-AR
توسع الجذور,Raíces Propagadoras,es-AR
تويستد فايت,Twisted Fate,es-AR
تيمو,Teemo,es-AR
ثمن الدم,Precio Sangriento,es-AR
جاكس,Jax,es-AR
جديد من المصنع,Nuevo de Fábrica,es-AR
جوع المال,Avaricia,es-AR
جوهر التجارة,Núcleo Comercial,es-AR
جوهر الحراشف اللامعة,Esencia de Brilloescama,es-AR
جوهر الفجر,Esfera del Amanecer,es-AR
جين,Jhin,es-AR
جينكس,Jinx,es-AR
حافظ المادة الحيوية,Preservador de Biomateria,es-AR
حاملة المصائب,Condenador,es-AR
حامي التاج,Guardia de la Corona,es-AR
حزام العملاق,Cinturón de Gigante,es-AR
حزمة الدعم,Paquete de Mejora,es-AR
حزمة الرعاية,Paquete de Cuidados,es-AR
حساب الادخار,Cuenta de Ahorros,es-AR
حصاد الهالة,Farmeo Áurico,es-AR
حصن,Bastión,es-AR
حقق مرادك,Tú Pégales,es-AR
حكاية العودة,Volver al Ruedo,es-AR
حلوى لذيذة,Dulces Golosinas,es-AR
حليف الوصي,Alianza del Guardián,es-AR
حماية الخطوط,Mantén la Posición,es-AR
حماية اللانهاية,Protección del Infinito,es-AR
حيوية مصاص الدماء,Vitalidad Vampírica,es-AR
خانة ياسو الذهبية,Hex Dorado de Yasuo,es-AR
خدمة الاشتراك,Servicio de Suscripción,es-AR
خطة عمل الخط الخلفي,Plano de Línea Trasera,es-AR
درع الصدر المنفرد,Solo Pétreo,es-AR
درع الغسق,Égida del Ocaso,es-AR
درع الفجر,Égida del Amanecer,es-AR
درع المخطِط,Escudo del Estratega,es-AR
درع صدر مرزاب الحجري,Armadura Pétrea,es-AR
درع وارموغ,Armadura de Warmog,es-AR
دروس الملاكمة,Lecciones de Boxeo,es-AR
دروع البطل,La trama lo protege,es-AR
دعوة إلى الفوضى,Llamado al Caos,es-AR
دفعة أولية,Inicio Veloz,es-AR
دكة بدلاء باندورا,Banca de Pandora,es-AR
دمعة الزعيمة,Lágrima de la Diosa,es-AR
دمى اختبار التحطم,Muñecos de Prueba para Choques,es-AR
دمية التدريب,Muñeco de Entrenamiento,es-AR
دمية الظل,Marioneta Sombría,es-AR
ديانا,Diana,es-AR
راست,Rhaast,es-AR
راعي,Pastor,es-AR
راموس,Rammus,es-AR
رامي,Francotirador,es-AR
رحالة,Viajero,es-AR
رقص الفضاء,Onda Espacial,es-AR
رمح شوجين,Lanza de Shojin,es-AR
رمز الدرع الخفيف,Cresta de Escudo de Luz,es-AR
رمية الحظ,¿Te Sientes con Suerte?,es-AR
روح الافتداء,Espíritu de Redención,es-AR
رياح المال الموسمية,Monzón Millonario,es-AR
ريفت سكاتلر,Cangrejo Escurridizo,es-AR
ريفين,Riven,es-AR
ريكساي,Rek'Sai,es-AR
زايا,Xayah,es-AR
زوي,Zoe,es-AR
زيادة القوة في نهاية المباراة,Progresión en el juego tardío,es-AR
زيد,Zed,es-AR
زيد الغازي,Invasor Zed,es-AR
ستار السكون,Manto de Quietud,es-AR
سكين سلاح الهيكستيك,Sablepistola Hextech,es-AR
سلفة قرض,Préstamo Anticipado,es-AR
سميرة,Samira,es-AR
سن ناشور,Diente de Nashor,es-AR
سونا,Sona,es-AR
سيدة الأسلحة,Diosa de las Pistolas,es-AR
سيدة الظلام,Dama Oscura,es-AR
شارة أنيما,Emblema Animalia,es-AR
شارة الحصن,Emblema de Bastión,es-AR
شارة الراعي,Emblema de Pastor,es-AR
شارة الرامي,Emblema de Francotiradores,es-AR
شارة الرحالة,Emblema de Viajero,es-AR
شارة الطليعي,Emblema de Vanguardia,es-AR
شارة القاضي,Emblema de Sentencia,es-AR
شارة القوى الذهنية,Emblema de Psiónico,es-AR
شارة المارق,Emblema de Furtivo,es-AR
شارة المتحدّي,Emblema de Retadores,es-AR
شارة المحدق بالنجوم,Emblema de Astromante,es-AR
شارة المشاجر,Emblema de Peleadores,es-AR
شارة المغير,Emblema de Merodeador,es-AR
شارة النجم المظلم,Emblema de Estrella Oscura,es-AR
شارة برايمورديان,Emblema de Primordianos,es-AR
شارة رقص الفضاء,Emblema de Onda Espacial,es-AR
شارة صديق الميب,Emblema de Meeplo,es-AR
شارة كاسر الزمن,Emblema de Rompetiempo,es-AR
شارة نوفا,Emblema de N.O.V.A.,es-AR
شبه الناقل,Semiconductor,es-AR
شجرة الخواص,El Árbol de Rasgos,es-AR
شرف أمير الحرب,Honor del Caudillo,es-AR
شريحة التعاطف,Implante Simpático,es-AR
شق الدرب,Ábrete Camino,es-AR
شين,Shen,es-AR
صانع السيوف,Fabricante de Espadas,es-AR
صانع القصبات,Fabricante de Varas,es-AR
صبر إيكو,Paciencia de Ekko,es-AR
صحوة الروح,Despertar del Alma,es-AR
صدى الشفاء,Ecos Reparadores,es-AR
صديق الميب,Meeplo,es-AR
صناعة صديق,Haciendo Amistades,es-AR
صندوق التحوط,Fondo de inversión,es-AR
صولجان الفويد,Báculo del Vacío,es-AR
صولجان مصاصي الدماء الفاسد,Cetro Vampírico Corrupto,es-AR
صياد المجرة,Cazagalaxias,es-AR
صيد الكنوز,Cazatesoros,es-AR
طراخ!,¡Pum!,es-AR
طريق الحرب,Sendero de Guerra,es-AR
طليعي,Vanguardia,es-AR
عاصفة لودن,Tempestad de Luden,es-AR
عبء التاج ثقيل,Pesada es la Corona,es-AR
عباءة الليل,Filo de la Noche,es-AR
عباءة النيغاترون,Capa de Negatrones,es-AR
عجلة الميب السريعة,Velocidad Termeepnal,es-AR
عراف,Oráculo,es-AR
عزم العملاق,Valor del Titán,es-AR
عصا سيرافيم,Báculo del Serafín,es-AR
عصا كبير الحُماة,Báculo del Arcángel,es-AR
عصابة اللصوص,Banda de Ladrones,es-AR
عصابة اللصوص II,Banda de Ladrones II,es-AR
عصير القبعة,Juguito de Gorrito,es-AR
عفونة الموتى,Maldición del Liche,es-AR
عملية السطو على المكونات,Asalto de Componentes,es-AR
عناصر باندورا,Objetos de Pandora,es-AR
عناق جماعي,Abrazo Grupal,es-AR
عهد الفارس,Promesa del Caballero,es-AR
غراغاس,Gragas,es-AR
غرايفز,Graves,es-AR
غريزة إيفلين,Instinto de Evelynn,es-AR
غنار,Gnar,es-AR
غولم,Gólem,es-AR
غوين,Gwen,es-AR
فأس نيران الجحيم,Hacha de Fuego Infernal,es-AR
فانوس ثريش,Linterna de Thresh,es-AR
فجر سيلفرمير,Amanecer Plateado,es-AR
فضيلة الشهيد,Virtud del Mártir,es-AR
فورة الكراكن,Furia del Kraken,es-AR
فورة تسوق,Compras compulsivas,es-AR
في الاتحاد قوة,Unidos,es-AR
فيز,Fizz,es-AR
فيشبونز,Carapescado,es-AR
فيغار,Veigar,es-AR
فيكتور,Viktor,es-AR
فيكس,Vex,es-AR
فيورا,Fiora,es-AR
قائد أنيما,Comandante Animalia,es-AR
قاتل العمالقة,Verdugo de Gigantes,es-AR
قاتل لا يميز بين ضحاياه,Verdugo Indiscriminado,es-AR
قاضي,Sentencia,es-AR
قبعات أشد فتكًا,Sombreros Más Letales,es-AR
قبعة موت رابادون,Sombrero Mortífero de Rabadon,es-AR
قربان الدم,Ofrenda de Sangre,es-AR
قصبة عريضة بلا داع,Vara Innecesariamente Grande,es-AR
قطاع التجارة,Sector de Intercambio,es-AR
قفاز التدريب,Guantes de Combate,es-AR
قفاز الحظ,Guantes de la Suerte,es-AR
قفاز الفويد,Guantelete del Vacío,es-AR
قفاز اللص,Guantes de Ladrón,es-AR
قفاز ستيراك,Guantelete de Sterak,es-AR
قلادة التنشيط,Relicario Enervante,es-AR
قلادة سولاري الحديدي,Relicario de los Solari de Hierro,es-AR
قلنسوة المخطِط,Capa de Estratega,es-AR
قلنسوة لهب الشمس,Capa de Fuego Solar,es-AR
قوة محسَّنة,Poder Mejorado,es-AR
قوسي في خدمتك,Mi arco a tu servicio,es-AR
قوى ذهنية,Psiónico,es-AR
قيمة مزدوجة,Demasiado Valor,es-AR
كأس القوة,Cáliz de Poder,es-AR
كارما,Karma,es-AR
كاسر الزمن,Rompetiempo,es-AR
كاهوناهونا,Kahunahuna,es-AR
كايتلين,Caitlyn,es-AR
كايسا,Kai'Sa,es-AR
كوركي,Corki,es-AR
كيس الهدايا البطولي,Bolsa de Sorpresas Heroica,es-AR
كيس هدايا أورف,Bolsa de Sorpresas de Urf,es-AR
كيس هدايا العناصر,Bolsa de Objetos,es-AR
كيس هدايا صغير,Bolsa de Sorpresas Pequeña,es-AR
كيس هدايا كبير,Bolsa de Sorpresas grande,es-AR
كيندريد,Kindred,es-AR
لا تغيير ولا استطلاع,Terquedad,es-AR
لم شمل عيد الميلاد,Reunión de Cumpleaños,es-AR
لمحة من الحياة,Fragmento de Vida,es-AR
لوبلانك,LeBlanc,es-AR
لوح لهيب الشمس,Tablero de Fuego Solar,es-AR
لولو,Lulu,es-AR
ليساندرا,Lissandra,es-AR
ليونا,Leona,es-AR
مارق,Furtivo,es-AR
ماستر يي,Maestro Yi,es-AR
ماوكاي,Maokai,es-AR
مباركة السماء,Bendecido por los Dioses,es-AR
متحدي,Retador,es-AR
متراس,Baluarte,es-AR
متوالية نجمية,Combo Estelar,es-AR
مجلد الخواص,Tomo de Rasgos,es-AR
مجند جديد,Nuevo Recluta,es-AR
محترف الحفلات,Fiera Fiestera,es-AR
محظوظ,En racha,es-AR
محفز أزرق,Mejora azul,es-AR
مخلب التنين,Garra de Dragón,es-AR
مخلب المتصيد,Garra del Merodeador,es-AR
مدفع النار السريع,Cañón de Fuego Rápido,es-AR
مدفع من زجاج,Cañón de Cristal,es-AR
مستنسخ,Replicador,es-AR
مسرِّع الساعة,Acelerador Mecánico,es-AR
مشاجر,Peleador,es-AR
مشاركة تألق ياسو,Comparte los Reflectores con Yasuo,es-AR
مصروف الغداء,Dinero del almuerzo,es-AR
مصفوفة البرمجيات الخبيثة,Matriz de Malware,es-AR
مصنوعٌ من القوة,Forjado en la Fortaleza,es-AR
مصهر التمجيد,Forja Apoteósica,es-AR
مطبخ المخطِط,Cocina de Estratega,es-AR
معجزة سوراكا,Milagro de Soraka,es-AR
مغير,Merodeador,es-AR
مفاجآت الحظ,Espera lo Inesperado,es-AR
مقابل أي ثمن,A qué precio,es-AR
مقاتل الجوائز,Boxeador Profesional,es-AR
مقلاة,Sartén,es-AR
ملعقة مسطحة,Espátula,es-AR
مناورة أورف,Gambito de Urf,es-AR
منظار رصد الهدف,Óptica de Fijación de Objetivo,es-AR
مهارة مبارزة ياسو,Esgrima de Yasuo,es-AR
مورديكايزر,Mordekaiser,es-AR
مورغانا,Morgana,es-AR
موريلونوميكون,Morellonomicón,es-AR
ميبسي,Meepsie,es-AR
ميس فورتشن,Miss Fortune,es-AR
ميكا,Mecha,es-AR
ميليو,Milio,es-AR
ناسوس,Nasus,es-AR
نافع لشيء ما,Bueno para Algo,es-AR
نامي,Nami,es-AR
نتماسك معًا,No nos Separamos,es-AR
نذر الحامي,Juramento del Protector,es-AR
نذير زيكي,Heraldo de Zeke,es-AR
نذير زيكي الكئيب,Heraldo de las Tinieblas de Zeke,es-AR
نساج المصير,Tejedestinos,es-AR
نصال أشد فتكًا,Espadas Más Letales,es-AR
نصل الموت,Filo de la Muerte,es-AR
نصل غضب غينسو,Espadafuria de Guinsoo,es-AR
نقل الشحنة,Transferencia de Carga,es-AR
نوفا,N.O.V.A.,es-AR
نونو وويلامب,Nunu y Willump,es-AR
هالة آري,Aura de Ahri,es-AR
هبة آري,Bendición de Ahri,es-AR
هبة أوريليون سول,Bendición de Aurelion Sol,es-AR
هبة إيفلين,Bendición de Evelynn,es-AR
هبة إيكو,Bendición de Ekko,es-AR
هبة الإنعاش,Bendición de Resurrección,es-AR
هبة تجميع الخردة,Bendición del Chatarrero,es-AR
هبة ثريش,Bendición de Thresh,es-AR
هبة سوراكا,Bendición de Soraka,es-AR
هبة فاروس,Bendición de Varus,es-AR
هبة كايل,Bendición de Kayle,es-AR
هبة ياسو,Bendición de Yasuo,es-AR
هدية عيد الميلاد,Regalo de cumpleaños,es-AR
هراوة المهاجم,Mangual del Guerrero,es-AR
هوس فاروس,Obsesión de Varus,es-AR
واحد واثنان وثلاثة,"Uno, Dos, Tres",es-AR
واحد، اثنان، خمسة!,"Uno, dos, ¡cinco!",es-AR
واقي ذراع المطارد,Guardabrazo del Buscador,es-AR
وجه الروح,Apariencia Espiritual,es-AR
وضع المتحدية,Modo Retador,es-AR
وضع المستنسِخة,Modo Replicador,es-AR
وضع الوسيط,Modo Canalizador,es-AR
وكر البارون,Guarida del Barón,es-AR
يأسٌ بلا نهاية,Desesperación Eterna,es-AR
يد العدالة,Mano de la Justicia,es-AR
เลือกคุณสมบัติ,Elige el rasgo,es-AR
Ấn Bắn Tỉa,Emblema de Francotiradores,es-AR
Ấn Can Trường,Emblema de Bastión,es-AR
Ấn Chiêm Tinh,Emblema de Astromante,es-AR
Ấn Du Mục,Emblema de Pastor,es-AR
Ấn Hành Tinh,Emblema de Onda Espacial,es-AR
Ấn Hắc Tinh,Emblema de Estrella Oscura,es-AR
Ấn N.O.V.A.,Emblema de N.O.V.A.,es-AR
Ấn Siêu Linh,Emblema de Psiónico,es-AR
Ấn Siêu Thú,Emblema Animalia,es-AR
Ấn Thách Đấu,Emblema de Retadores,es-AR
Ấn Thần Phán,Emblema de Sentencia,es-AR
Ấn Thời Không,Emblema de Rompetiempo,es-AR
Ấn Tinh Linh Chuông,Emblema de Meeplo,es-AR
Ấn Tiên Phong,Emblema de Vanguardia,es-AR
Ấn Toán Cướp,Emblema de Merodeador,es-AR
Ấn Tộc Thượng Cổ,Emblema de Primordianos,es-AR
Ấn Viễn Chinh,Emblema de Viajero,es-AR
Ấn Vô Pháp,Emblema de Furtivo,es-AR
Ấn Đấu Sĩ,Emblema de Peleadores,es-AR
「三」之軍團,Legión de Tres,es-AR
いつでも一緒,No nos Separamos,es-AR
お得な2,Demasiado Valor,es-AR
ここがセンター,Halla tu Centro,es-AR
ちょっとだけ魔法のダイス,Tirada Ligeramente Mágica,es-AR
はしごを登れ,Ascender de Posición,es-AR
へら,Espátula,es-AR
みんなでハグ,Abrazo Grupal,es-AR
もっと小さな巨人,Pequeño Titán,es-AR
もっと怖いキャップ,Sombreros Más Letales,es-AR
アイオニック スパーク,Chispa Iónica,es-AR
アイテム福袋,Bolsa de Objetos,es-AR
アカリ,Akali,es-AR
アセンション,Ascenso,es-AR
アダプティブ ヘルム,Yelmo Adaptable,es-AR
アニマ,Animalia,es-AR
アニマの紋章,Emblema Animalia,es-AR
アニマ司令官,Comandante Animalia,es-AR
アークエンジェル スタッフ,Báculo del Arcángel,es-AR
アーゴット,Urgot,es-AR
アービター,Sentencia,es-AR
アービターの紋章,Emblema de Sentencia,es-AR
アーフの福袋,Bolsa de Sorpresas de Urf,es-AR
アーフの策略,Gambito de Urf,es-AR
アーリのオーラ,Aura de Ahri,es-AR
アーリの恩恵,Bendición de Ahri,es-AR
イブリンの恩恵,Bendición de Evelynn,es-AR
イブリンの直感,Instinto de Evelynn,es-AR
イラオイ,Illaoi,es-AR
インフィニティ エッジ,Filo del Infinito,es-AR
インフィニティの守護,Protección del Infinito,es-AR
イーブンシュラウド,Manto del Ocaso,es-AR
ウィッツ エンド,Al Filo de la Cordura,es-AR
ウォーロードの名誉,Honor del Caudillo,es-AR
エイトロックス,Aatrox,es-AR
エクスペディション,Expedición,es-AR
エグザイル,Exiliados,es-AR
エコーの忍耐,Paciencia de Ekko,es-AR
エコーの恩恵,Bendición de Ekko,es-AR
エズリアル,Ezreal,es-AR
エピックなロールダウン,Rerroleo Épico,es-AR
エポック,Época,es-AR
オレリオン・ソル,Aurelion Sol,es-AR
オレリオン・ソルの恩恵,Bendición de Aurelion Sol,es-AR
オーグメントパワー,Poder Mejorado,es-AR
オーラ育成中,Farmeo Áurico,es-AR
オーロラ,Aurora,es-AR
オーン,Ornn,es-AR
カイ＝サ,Kai'Sa,es-AR
カナとカネ,Recursos de Hierro,es-AR
カフナフナ,Kahunahuna,es-AR
カルマ,Karma,es-AR
カースドのクラウン,Corona Maldita,es-AR
ガーゴイル ストーンプレート,Armadura Pétrea,es-AR
キックスタート,Inicio Veloz,es-AR
キンドレッド,Kindred,es-AR
ギャラクシー ハンター,Cazagalaxias,es-AR
クイックシルバー,Capa Mercurial,es-AR
クラウンガード,Guardia de la Corona,es-AR
クラーケンの怒り,Furia del Kraken,es-AR
クリティカル サクセス,Éxito Crítico,es-AR
グインソー レイジブレード,Espadafuria de Guinsoo,es-AR
グウェン,Gwen,es-AR
グラガス,Gragas,es-AR
グラスキャノン,Cañón de Cristal,es-AR
グレイブス,Graves,es-AR
ケイトリン,Caitlyn,es-AR
ケイルの天昇,Exaltación de Kayle,es-AR
ケイルの恩恵,Bendición de Kayle,es-AR
ケイルの暁光の天昇,Exaltación Radiante de Kayle,es-AR
コグニティブ オーバーロード,Sobrecarga Cognitiva,es-AR
コグニティブ タックス,Impuesto Cognitivo,es-AR
コマンダー,Comandante,es-AR
コマース コア,Núcleo Comercial,es-AR
コンジット,Canalizador,es-AR
コンジットモード,Modo Canalizador,es-AR
コンパニオン作成,Construye tu Compi,es-AR
コーキ,Corki,es-AR
ゴーレム,Gólem,es-AR
サイオニック,Psiónico,es-AR
サイオニックの紋章,Emblema de Psiónico,es-AR
サイズが大事,El Tamaño Importa,es-AR
サイバネティック アップリンク,Enlace Cibernético,es-AR
サイバネティック インプラント,Implantes Cibernéticos,es-AR
サバイバー,Sobreviviente,es-AR
サブスクリプション,Servicio de Suscripción,es-AR
サミーラ,Samira,es-AR
サンファイア ケープ,Capa de Fuego Solar,es-AR
サンファイア ボード,Tablero de Fuego Solar,es-AR
ザヤ,Xayah,es-AR
ザ・タワー,La Torre,es-AR
シェン,Shen,es-AR
シマースケールのエッセンス,Esencia de Brilloescama,es-AR
ショウジンの矛,Lanza de Shojin,es-AR
シルバーミアの夜明け,Amanecer Plateado,es-AR
シーカー アームガード,Guardabrazo del Buscador,es-AR
ジャイアント スレイヤー,Verdugo de Gigantes,es-AR
ジャイアント ベルト,Cinturón de Gigante,es-AR
ジャイアント&マイティ,Fuerte y Enorme,es-AR
ジャストヒット,Tú Pégales,es-AR
ジャックス,Jax,es-AR
ジュエル ガントレット,Guantelete Deslumbrante,es-AR
ジュエル ロータス,Loto Adornado,es-AR
ジン,Jhin,es-AR
ジンクス,Jinx,es-AR
ジークの使者,Heraldo de Zeke,es-AR
ジ＝ロット ポータル,Portal Zz'Rot,es-AR
スクラッパーの恩恵,Bendición del Chatarrero,es-AR
スタティック シヴ,Daga de Statikk,es-AR
ステラコンボ,Combo Estelar,es-AR
ステラックの篭手,Guantelete de Sterak,es-AR
ステータスマシマシ,¡Milestadísticas!,es-AR
ストライカー フレイル,Mangual del Guerrero,es-AR
スナイパー,Francotirador,es-AR
スナイパーの紋章,Emblema de Francotiradores,es-AR
スパーリング グローブ,Guantes de Combate,es-AR
スピリット ビサージュ,Apariencia Espiritual,es-AR
スペクトラル カトラス,Sable Espectral,es-AR
スペースグルーヴ,Onda Espacial,es-AR
スペースグルーヴの紋章,Emblema de Onda Espacial,es-AR
スレッシュのランタン,Linterna de Thresh,es-AR
スレッシュの恩恵,Bendición de Thresh,es-AR
セラフィムの杖,Báculo del Serafín,es-AR
ゼド,Zed,es-AR
ゼファー,Céfiro,es-AR
ソウルの目覚め,Despertar del Alma,es-AR
ソナ,Sona,es-AR
ソラカの奇跡,Milagro de Soraka,es-AR
ソラカの恩恵,Bendición de Soraka,es-AR
ソラリのロケット,Relicario de los Solari de Hierro,es-AR
ソード オーバーフロー,Espada Desmedida,es-AR
ゾーイ,Zoe,es-AR
タイタン ハイドラ,Hidra Titánica,es-AR
タイムブレーカー,Rompetiempo,es-AR
タイムブレーカーの紋章,Emblema de Rompetiempo,es-AR
タクティシャンのケープ,Capa de Estratega,es-AR
タクティシャンの台所,Cocina de Estratega,es-AR
タクティシャンの王冠,Corona de Estratega,es-AR
タクティシャンの盾,Escudo del Estratega,es-AR
タム・ケンチ,Tahm Kench,es-AR
タロン,Talon,es-AR
ターゲットロック スコープ,Óptica de Fijación de Objetivo,es-AR
ターミィプナル ヴェロシティー,Velocidad Termeepnal,es-AR
ダイアナ,Diana,es-AR
ダミー,Muñeco de Entrenamiento,es-AR
ダミー化,¿Hacemos un Muñeco?,es-AR
ダークスター,Estrella Oscura,es-AR
ダークスターの紋章,Emblema de Estrella Oscura,es-AR
チェイン ベスト,Cota de Malla,es-AR
チャレンジャー,Retador,es-AR
チャレンジャーの紋章,Emblema de Retadores,es-AR
チャレンジャーモード,Modo Retador,es-AR
チャージトランスファー,Transferencia de Carga,es-AR
チョ＝ガス,Cho'Gath,es-AR
チーム構築,Trabajo en Equipo,es-AR
ツイてる気分,¿Te Sientes con Suerte?,es-AR
ツイステッド・フェイト,Twisted Fate,es-AR
ツインガーディアン,Guardianes Gemelos,es-AR
ティーモ,Teemo,es-AR
デスブレード,Filo de la Muerte,es-AR
デッドリアー ブレード,Espadas Más Letales,es-AR
デュオキュー,Cola Dúo,es-AR
トライフェクタ,Trifecta,es-AR
トレードセクター,Sector de Intercambio,es-AR
ドゥーマー,Condenador,es-AR
ドラゴン クロウ,Garra de Dragón,es-AR
ドローン アップリンク,Enlace de Dron,es-AR
ドーンコア,Esfera del Amanecer,es-AR
ナイト エッジ,Filo de la Noche,es-AR
ナサス,Nasus,es-AR
ナッシャー トゥース,Diente de Nashor,es-AR
ナミ,Nami,es-AR
ナー,Gnar,es-AR
ヌヌ & ウィルンプ,Nunu y Willump,es-AR
ネガトロン クローク,Capa de Negatrones,es-AR
ハスラー,Estafador,es-AR
ハンド オブ ジャスティス,Mano de la Justicia,es-AR
バイオ物質保存装置,Preservador de Biomateria,es-AR
バスティオン,Bastión,es-AR
バスティオンの紋章,Emblema de Bastión,es-AR
バフが1つ、バフが2つ,"Una Mejora, Dos Mejoras",es-AR
バロンの巣,Guarida del Barón,es-AR
バースデー リユニオン,Reunión de Cumpleaños,es-AR
バースデープレゼント,Regalo de cumpleaños,es-AR
バード,Bardo,es-AR
パイク,Pyke,es-AR
パンテオン,Pantheon,es-AR
パンドラのアイテム,Objetos de Pandora,es-AR
パンドラのベンチ,Banca de Pandora,es-AR
パーティーアニマル,Fiera Fiestera,es-AR
ヒーリングオーブ,Orbes de curación,es-AR
ビクター,Viktor,es-AR
ビッグバン,El Big Bang,es-AR
ファイアセール,Liquidación,es-AR
ファクトリー ニュー,Nuevo de Fábrica,es-AR
フィオラ,Fiora,es-AR
フィズ,Fizz,es-AR
フィッシュボーン,Carapescado,es-AR
フェイトウィーバー,Tejedestinos,es-AR
フォビドゥン アイドル,Ídolo Prohibido,es-AR
フォーが共にあらんことを,Que los Cuatros te Acompañen,es-AR
フライパン,Sartén,es-AR
フリッカーブレード,Cuchillas Raudas,es-AR
ブライアー,Briar,es-AR
ブラッドサースター,La Sanguinaria,es-AR
ブランブル ベスト,Vesta Espinosa,es-AR
ブリッツクランク,Blitzcrank,es-AR
ブルワーク,Baluarte,es-AR
ブルーバフ,Mejora azul,es-AR
ブローラー,Peleador,es-AR
ブローラーの紋章,Emblema de Peleadores,es-AR
ブースターパック,Paquete de Mejora,es-AR
プライモーディアン,Primordiano,es-AR
プライモーディアンの紋章,Emblema de Primordianos,es-AR
プリズムチケット,Boleto Prismático,es-AR
プロの殺し屋,Asesino a Sueldo,es-AR
プロテクターの誓い,Juramento del Protector,es-AR
プロボクサー,Boxeador Profesional,es-AR
プローラー クロウ,Garra del Merodeador,es-AR
ヘクステック ガンブレード,Sablepistola Hextech,es-AR
ヘッジファンド,Fondo de inversión,es-AR
ベイガー,Veigar,es-AR
ベストフレンド,Mejores Amigos,es-AR
ベルト オーバーフロー,Cinturón XL,es-AR
ベル＝ヴェス,Bel'Veth,es-AR
ホライゾン フォーカス,Enfoque al Horizonte,es-AR
ボイジャー,Viajero,es-AR
ボイジャーの紋章,Emblema de Viajero,es-AR
ボカッ！,¡Pum!,es-AR
ボクシングのレッスン,Lecciones de Boxeo,es-AR
ボディーガードの訓練,Entrenamiento de Guardaespaldas,es-AR
ポッピー,Poppy,es-AR
ポータブル フォージ,Forja Portátil,es-AR
マイティーロボ,El Mega Mecha,es-AR
マオカイ,Maokai,es-AR
マスター・イー,Maestro Yi,es-AR
マックスビルド,Armado máximo,es-AR
マルウェア マトリックス,Matriz de Malware,es-AR
マーターズ ヴァーチュ,Virtud del Mártir,es-AR
ミィプシー,Meepsie,es-AR
ミィプル,Meeplo,es-AR
ミィプルの紋章,Emblema de Meeplo,es-AR
ミスコネクション,Conexiones fallidas,es-AR
ミス・フォーチュン,Miss Fortune,es-AR
ミッションの再開,Reiniciar Misión,es-AR
ミトン,Mitones,es-AR
ミニブラックホール,Miniagujero Negro,es-AR
ミニマックス,Mínimo/Máximo,es-AR
ミリオ,Milio,es-AR
ムダニ デカイ ロッド,Vara Innecesariamente Grande,es-AR
メイスの決意,Voluntad del Mazo,es-AR
メカ,Mecha,es-AR
モルガナ,Morgana,es-AR
モルデカイザー,Mordekaiser,es-AR
モレロノミコン,Morellonomicón,es-AR
ヤスオのゴールドのマス,Hex Dorado de Yasuo,es-AR
ヤスオのスポットライトをシェア,Comparte los Reflectores con Yasuo,es-AR
ヤスオのブレードワーク,Esgrima de Yasuo,es-AR
ヤスオの恩恵,Bendición de Yasuo,es-AR
ライトシールドのクレスト,Cresta de Escudo de Luz,es-AR
ラインナップ,Alineación,es-AR
ラスト ウィスパー,Último Suspiro,es-AR
ラッキーグローブ,Guantes de la Suerte,es-AR
ラバドン デスキャップ,Sombrero Mortífero de Rabadon,es-AR
ラピッド ファイアキャノン,Cañón de Fuego Rápido,es-AR
ラムス,Rammus,es-AR
ラースト,Rhaast,es-AR
リカーブ ボウ,Arco Recurvado,es-AR
リサンドラ,Lissandra,es-AR
リッチ ベイン,Maldición del Liche,es-AR
リデンプションの魂,Espíritu de Redención,es-AR
リフトスカトル,Cangrejo Escurridizo,es-AR
リヴェン,Riven,es-AR
ルブラン,LeBlanc,es-AR
ルル,Lulu,es-AR
ルーデン テンペスト,Tempestad de Luden,es-AR
レイトゲーム スケーリング,Progresión en el juego tardío,es-AR
レイトゲーム スペシャリスト,Especialista en el juego tardío,es-AR
レオナ,Leona,es-AR
レク＝サイ,Rek'Sai,es-AR
レッドバフ,Mejora Roja,es-AR
レプリケーター,Replicador,es-AR
レプリケーターモード,Modo Replicador,es-AR
レベルアップ！,¡Sube de nivel!,es-AR
ローグ,Furtivo,es-AR
ローグの紋章,Emblema de Furtivo,es-AR
ローリングデイズ,Actualiza sin parar,es-AR
ワン、ツー、ファイブ！,"Uno, dos, ¡cinco!",es-AR
ワンド オーバーフロー,Sobrecarga de Varas,es-AR
ワーモグ アーマー,Armadura de Warmog,es-AR
ヴァルスの執念,Obsesión de Varus,es-AR
ヴァルスの恩恵,Bendición de Varus,es-AR
ヴァンガード,Vanguardia,es-AR
ヴァンガードの紋章,Emblema de Vanguardia,es-AR
ヴェックス,Vex,es-AR
ヴォイド ガントレット,Guantelete del Vacío,es-AR
ヴォイド スタッフ,Báculo del Vacío,es-AR
一 二 三,"Uno, Dos, Tres",es-AR
一、二、五！,"Uno, dos, ¡cinco!",es-AR
一个增益，两个增益,"Una Mejora, Dos Mejoras",es-AR
一二三,"Uno, Dos, Tres",es-AR
一人前プレート,Solo Pétreo,es-AR
一個Buff，兩個Buff,"Una Mejora, Dos Mejoras",es-AR
一击即中,Tú Pégales,es-AR
一棒入魂！,¡Pum!,es-AR
一波带走俩,Asesinato Doble Veloz,es-AR
一生挚友,Mejores Amigos,es-AR
一生摯友,Mejores Amigos,es-AR
一着险棋,Jugadas arriesgadas,es-AR
一致団結,Unidos,es-AR
一致団結,Forma equipo,es-AR
一點點重抽魔法,Tirada Ligeramente Mágica,es-AR
一，二，三,"Uno, Dos, Tres",es-AR
一，二，五！,"Uno, dos, ¡cinco!",es-AR
七彩棱镜入场券,Boleto Prismático,es-AR
三幻神,Legión de Tres,es-AR
三相庇护,Protección del Infinito,es-AR
三费军团,Legión de Tres,es-AR
三連勝I,Trifecta,es-AR
三重奏,Trifecta,es-AR
三项赛,Trifecta,es-AR
上方移動,Trepador Social,es-AR
上进心,Trepador Social,es-AR
不侦察，不变阵,Terquedad,es-AR
不偵察不換陣容,Terquedad,es-AR
不完全アセンション,Ascensión parcial,es-AR
不完全飛昇,Ascensión parcial,es-AR
不屈,El Indomable,es-AR
不屈鬥魂,El Indomable,es-AR
不惜代價,A qué precio,es-AR
不滅の協定,Pacto Eterno,es-AR
不破金鋼,Acero Dorado,es-AR
不计代价,A qué precio,es-AR
不適合者,Inadaptados,es-AR
专属定制,Personalización exclusiva,es-AR
专打后期,Especialista en el juego tardío,es-AR
专注火焰,Fuego Concentrado,es-AR
两倍价值,Demasiado Valor,es-AR
並肩作戰,Unidos,es-AR
中堅自強,Halla tu Centro,es-AR
临时战甲,Armadura Improvisada,es-AR
主人公補正,La trama lo protege,es-AR
主角威能,La trama lo protege,es-AR
丽桑卓,Lissandra,es-AR
丽珊卓,Lissandra,es-AR
乌尔加特,Urgot,es-AR
乐芙兰,LeBlanc,es-AR
乱れる思考,Mente Saturada,es-AR
亚托克斯,Aatrox,es-AR
亚索的共享聚光灯,Comparte los Reflectores con Yasuo,es-AR
亚索的剑艺,Esgrima de Yasuo,es-AR
亚索的恩赐,Bendición de Yasuo,es-AR
亚索的黄金格,Hex Dorado de Yasuo,es-AR
交易之星,Sector de Intercambio,es-AR
人多好辦事,Forma equipo,es-AR
人生切片,Fragmento de Vida,es-AR
仕送り,Paquete de Cuidados,es-AR
仙灵斗士,Duelista Divino,es-AR
代价是什么,A qué precio,es-AR
代償,A qué precio,es-AR
仲裁者,Sentencia,es-AR
仲裁者徽章,Emblema de Sentencia,es-AR
仲間を作ろう,Arma un Amigo,es-AR
仿生上行链,Enlace Cibernético,es-AR
仿生植入物,Implantes Cibernéticos,es-AR
伊泽瑞尔,Ezreal,es-AR
伊澤瑞爾,Ezreal,es-AR
伊罗旖,Illaoi,es-AR
伊羅旖,Illaoi,es-AR
伊芙琳的增益,Bendición de Evelynn,es-AR
伊芙琳的恩赐,Bendición de Evelynn,es-AR
伊芙琳的本能,Instinto de Evelynn,es-AR
伊芙琳的祝福,Bendición de Evelynn,es-AR
休眠锻炉,Forja latente,es-AR
伸手摘星,Apunta a las Estrellas,es-AR
伸手摘群星,Apunta a las Estrellas,es-AR
低调炫耀,Farmeo Áurico,es-AR
佐伊,Zoe,es-AR
侵略者ゼド,Invasor Zed,es-AR
便携锻炉,Forja Portátil,es-AR
俄洛伊,Illaoi,es-AR
保卫者之誓,Juramento del Protector,es-AR
保衛者之誓,Juramento del Protector,es-AR
保鑣訓練,Entrenamiento de Guardaespaldas,es-AR
保镖训练,Entrenamiento de Guardaespaldas,es-AR
修复型回响,Ecos Reparadores,es-AR
俺だけレベルアップ,Leveleando en solitario,es-AR
值得等待,Vale la Pena la Espera,es-AR
假人化,¿Hacemos un Muñeco?,es-AR
做多,Acumular,es-AR
偵察なし、変更なし,Terquedad,es-AR
備用弓箭,Arcos de Repuesto,es-AR
储蓄账户,Cuenta de Ahorros,es-AR
價值爆棚,Demasiado Valor,es-AR
儲蓄帳戶,Cuenta de Ahorros,es-AR
充能转移,Transferencia de Carga,es-AR
先知,Oráculo,es-AR
先見性,Pensar a Futuro,es-AR
先鋒戰士,Vanguardia,es-AR
先鋒戰士徽章,Emblema de Vanguardia,es-AR
先锋战士,Vanguardia,es-AR
先锋战士徽章,Emblema de Vanguardia,es-AR
光明无赖,Rufián Radiante,es-AR
光盾之紋,Cresta de Escudo de Luz,es-AR
光盾之纹,Cresta de Escudo de Luz,es-AR
光盾徽章,Cresta de Escudo de Luz,es-AR
入侵者 劫,Invasor Zed,es-AR
全力以赴,Gran Compromiso,es-AR
全新出厂,Nuevo de Fábrica,es-AR
全身全霊,Gran Compromiso,es-AR
共感インプラント,Implante Simpático,es-AR
共感植入,Implante Simpático,es-AR
关,Gwen,es-AR
关爱包裹,Paquete de Cuidados,es-AR
兹若特传送门,Portal Zz'Rot,es-AR
内瑟斯,Nasus,es-AR
再起の呪印,Bendición de Resurrección,es-AR
再造神兵,Nuevo de Fábrica,es-AR
冒险举动,Jugadas arriesgadas,es-AR
冕卫,Guardia de la Corona,es-AR
军工1号,Nuevo de Fábrica,es-AR
冲击火炮,Cañón de Fuego Rápido,es-AR
冲榜战士,Ascender de Posición,es-AR
冷酷なるジークの使者,Heraldo de las Tinieblas de Zeke,es-AR
凋零的遗物,Reliquia Marchita,es-AR
凋零聖物,Reliquia Marchita,es-AR
凯尔的光明崇拜,Exaltación Radiante de Kayle,es-AR
凯尔的升腾,Exaltación de Kayle,es-AR
凯尔的圣光升腾,Exaltación Radiante de Kayle,es-AR
凯尔的增益,Bendición de Kayle,es-AR
凯尔的崇拜,Exaltación de Kayle,es-AR
凯尔的恩赐,Bendición de Kayle,es-AR
凯特琳,Caitlyn,es-AR
凯莎,Kai'Sa,es-AR
凱爾的祝福,Bendición de Kayle,es-AR
凱爾的聖光讚頌,Exaltación Radiante de Kayle,es-AR
凱爾的讚頌,Exaltación de Kayle,es-AR
凱特琳,Caitlyn,es-AR
凱莎,Kai'Sa,es-AR
出身豪门,Cuchara de plata,es-AR
出陣,Sendero de Guerra,es-AR
刀劍湧流,Espada Desmedida,es-AR
刃馬合一,Sendero de Guerra,es-AR
刃马合一,Sendero de Guerra,es-AR
列队,Alineación,es-AR
初級鏡像人格,Persona en Espejo menor,es-AR
利落保镖,Entrenamiento de Guardaespaldas,es-AR
别再错过,Conexiones fallidas,es-AR
刹雅,Xayah,es-AR
刺藤胸甲,Vesta Espinosa,es-AR
刻苦钻研,Estudio Paciente,es-AR
前借り,Préstamo Anticipado,es-AR
前排地基,Cimientos de Línea Frontal,es-AR
前瞻思维,Pensar a Futuro,es-AR
前線基礎,Cimientos de Línea Frontal,es-AR
前線維持,Mantén la Posición,es-AR
前线地基,Cimientos de Línea Frontal,es-AR
前衛の礎,Cimientos de Línea Frontal,es-AR
剎雅,Xayah,es-AR
剑之工匠,Fabricante de Espadas,es-AR
剣鍛冶,Fabricante de Espadas,es-AR
副作用,Efectos Secundarios,es-AR
劍匠,Fabricante de Espadas,es-AR
力に鍛えられしもの,Forjado en la Fortaleza,es-AR
力の聖杯,Cáliz de Poder,es-AR
力炼之躯,Forjado en la Fortaleza,es-AR
力量圣杯,Cáliz de Poder,es-AR
力量聖杯,Cáliz de Poder,es-AR
力量鍛造,Forjado en la Fortaleza,es-AR
加速開始,Inicio Veloz,es-AR
劣化版鏡像のペルソナ,Persona en Espejo menor,es-AR
努努和威朗普,Nunu y Willump,es-AR
劫,Zed,es-AR
劫掠者,Merodeador,es-AR
劫掠者徽章,Emblema de Merodeador,es-AR
勒哈斯特,Rhaast,es-AR
勒布朗,LeBlanc,es-AR
勝ち抜け,A Remontar,es-AR
千珏,Kindred,es-AR
升华护符,Talismán de Ascensión,es-AR
升星之运,En racha,es-AR
升級！,¡Sube de nivel!,es-AR
升级咯！,¡Sube de nivel!,es-AR
升级！,¡Sube de nivel!,es-AR
午餐錢,Dinero del almuerzo,es-AR
午餐钱,Dinero del almuerzo,es-AR
半导体,Semiconductor,es-AR
半导体装置,Semiconductor,es-AR
半導体,Semiconductor,es-AR
半導體,Semiconductor,es-AR
卑尔维斯,Bel'Veth,es-AR
单身板甲,Solo Pétreo,es-AR
博弈开启,Inicio Veloz,es-AR
占星師,Astromante,es-AR
占星師徽章,Emblema de Astromante,es-AR
卡尔玛,Karma,es-AR
卡帕果汁,Juguito de Gorrito,es-AR
卡玛,Karma,es-AR
卡瑪,Karma,es-AR
卡胡纳胡纳,Kahunahuna,es-AR
卡莎,Kai'Sa,es-AR
卢登的激荡,Tempestad de Luden,es-AR
卢登骤雨,Tempestad de Luden,es-AR
即席アーマー,Armadura Improvisada,es-AR
厄加特,Urgot,es-AR
厄萨斯,Aatrox,es-AR
厄薩斯,Aatrox,es-AR
厄运小姐,Miss Fortune,es-AR
厄運使者,Condenador,es-AR
厨神阿福,U.R.F.,es-AR
友を鍛える,Haciendo Amistades,es-AR
双城赢家,Viktoria Arcana,es-AR
双子守护神,Guardianes Gemelos,es-AR
双子守护者,Guardianes Gemelos,es-AR
双排,Cola Dúo,es-AR
反响,Réplica,es-AR
反曲之弓,Arco Recurvado,es-AR
反曲弓,Arco Recurvado,es-AR
发条加速器,Acelerador Mecánico,es-AR
发条增速器,Acelerador Mecánico,es-AR
受到星神赐福,Bendecido por los Dioses,es-AR
变形重组器,Megamorfosis,es-AR
叛逆者,Inadaptados,es-AR
叛道者,Furtivo,es-AR
叛道者徽章,Emblema de Furtivo,es-AR
古拉加斯,Gragas,es-AR
古拉格斯,Gragas,es-AR
另辟新境,Ramificación,es-AR
叩きつけ,De fiesta,es-AR
可大可小,Mínimo/Máximo,es-AR
可疑風衣,Gabardina Sospechosa,es-AR
可疑风衣,Gabardina Sospechosa,es-AR
史提克弹簧刀,Daga de Statikk,es-AR
史提克彈簧刀,Daga de Statikk,es-AR
史特拉克手套,Guantelete de Sterak,es-AR
史詩重抽,Rerroleo Épico,es-AR
史诗重骰,Rerroleo Épico,es-AR
吉茵珂丝,Jinx,es-AR
吉茵珂絲,Jinx,es-AR
后排蓝图,Plano de Línea Trasera,es-AR
后期专家,Especialista en el juego tardío,es-AR
后期成长,Progresión en el juego tardío,es-AR
后期收益,Progresión en el juego tardío,es-AR
向上流動,Trepador Social,es-AR
吶兒,Gnar,es-AR
吸血の胆力,Vitalidad Vampírica,es-AR
吸血活力,Vitalidad Vampírica,es-AR
吸血活力I,Vitalidad Vampírica,es-AR
吸血生命力,Vitalidad Vampírica,es-AR
吾弓听命于您,Mi arco a tu servicio,es-AR
吾弓效命於您,Mi arco a tu servicio,es-AR
呐儿,Gnar,es-AR
呪いの刃,Cuchilla Maldita,es-AR
命懸けの戦い,Jugadas arriesgadas,es-AR
命运祭司,Oráculo,es-AR
命运编织者,Tejedestinos,es-AR
命運編織者,Tejedestinos,es-AR
商业核心,Núcleo Comercial,es-AR
單人磐核,Solo Pétreo,es-AR
嗜血者,La Sanguinaria,es-AR
嘟嘟好,Tú Pégales,es-AR
四费增援,Cuatro Refuerzos,es-AR
四重援軍,Cuatro Refuerzos,es-AR
回収箱,Bote de Segunda Mano,es-AR
回收再利用,Bote de Segunda Mano,es-AR
回春,Segundo Aire,es-AR
团队建设,Trabajo en Equipo,es-AR
圣光审判者,Redentor,es-AR
圣光捣蛋鬼,Rufián Radiante,es-AR
圣盾使的誓约,Juramento del Protector,es-AR
地底寶藏,Tesoros Enterrados,es-AR
均等法衣,Manto del Ocaso,es-AR
坚守前线,Mantén la Posición,es-AR
坚守防线,Mantén la Posición,es-AR
坚定之心,Espíritu Firme,es-AR
坚毅之心,Espíritu Firme,es-AR
坦度成双,Doble Tanque,es-AR
坦度雙倍,Doble Tanque,es-AR
埋もれた宝物,Tesoros Enterrados,es-AR
埋藏的宝物,Tesoros Enterrados,es-AR
基克的先驱,Heraldo de Zeke,es-AR
基克的阴森先驱,Heraldo de las Tinieblas de Zeke,es-AR
堅守前線,Mantén la Posición,es-AR
堅定之心,Espíritu Firme,es-AR
堡垒,Baluarte,es-AR
堡垒卫士,Bastión,es-AR
堡垒卫士纹章,Emblema de Bastión,es-AR
堡壘衛士,Bastión,es-AR
堡壘衛士徽章,Emblema de Bastión,es-AR
報復,Retribución,es-AR
塔姆,Tahm Kench,es-AR
塔楼,La Torre,es-AR
塔隆,Talon,es-AR
增幅之力,Poder Mejorado,es-AR
增援部队,Cuatro Refuerzos,es-AR
壁垒,Bastión,es-AR
壁垒徽章,Emblema de Bastión,es-AR
备用弓,Arcos de Repuesto,es-AR
复仇,Retribución,es-AR
复制,Réplica,es-AR
复制者,Replicador,es-AR
复制者模式,Modo Replicador,es-AR
复活恩赐,Bendición de Resurrección,es-AR
复活的恩赐,Bendición de Resurrección,es-AR
复苏之风,Segundo Aire,es-AR
夕闇の加護,Égida del Ocaso,es-AR
夜之锋刃,Filo de la Noche,es-AR
夜明けの加護,Égida del Amanecer,es-AR
夜色緣界,Filo de la Noche,es-AR
夜色缘界,Filo de la Noche,es-AR
大きな福袋,Bolsa de Sorpresas grande,es-AR
大买特买,Compras compulsivas,es-AR
大剑溢流,Espada Desmedida,es-AR
大剑过载,Espada Desmedida,es-AR
大器晚成,Progresión en el juego tardío,es-AR
大型惊喜包,Bolsa de Sorpresas grande,es-AR
大天使之杖,Báculo del Arcángel,es-AR
大家來抱抱,Abrazo Grupal,es-AR
大小很重要,El Tamaño Importa,es-AR
大百宝袋,Bolsa de Sorpresas grande,es-AR
大禮包,Bolsa de Sorpresas grande,es-AR
大而有力,Fuerte y Enorme,es-AR
大霹雳星系,El Big Bang,es-AR
大霹靂星系,El Big Bang,es-AR
天外橫財,Monzón Millonario,es-AR
天煞,Cazagalaxias,es-AR
天煞灭影：劫,Invasor Zed,es-AR
太空律动,Onda Espacial,es-AR
太空律动徽章,Emblema de Onda Espacial,es-AR
太空律动纹章,Emblema de Onda Espacial,es-AR
太空律動,Onda Espacial,es-AR
太空律動徽章,Emblema de Onda Espacial,es-AR
失去联络,Conexiones fallidas,es-AR
契約殺手,Asesino a Sueldo,es-AR
奢侈品订购,Suscripción de Lujo,es-AR
奢华订阅,Suscripción de Lujo,es-AR
奥恩,Ornn,es-AR
奥术 维克特式胜利,Viktoria Arcana,es-AR
奥瑞利安·索尔,Aurelion Sol,es-AR
奥瑞利安·索尔的恩赐,Bendición de Aurelion Sol,es-AR
奧術：維克特必勝,Viktoria Arcana,es-AR
女武神的祝福,Bendición del Chatarrero,es-AR
女神の涙,Lágrima de la Diosa,es-AR
女神之泪,Lágrima de la Diosa,es-AR
女神之淚,Lágrima de la Diosa,es-AR
好きなだけ泣くがいい,Llora Todo lo que Quieras,es-AR
好战者的恩赐,Bendición del Chatarrero,es-AR
好战者铠甲,Armadura de Warmog,es-AR
好戰者鎧甲,Armadura de Warmog,es-AR
好运姐,Miss Fortune,es-AR
好运手套,Guantes de la Suerte,es-AR
好運姐,Miss Fortune,es-AR
好運手套,Guantes de la Suerte,es-AR
娑娜,Sona,es-AR
娜米,Nami,es-AR
娜美,Nami,es-AR
存心失利,Pérdida Calculada,es-AR
孤身铁铠,Solo Pétreo,es-AR
宇宙の再起,Reinicio Cósmico,es-AR
宇宙大爆炸,El Big Bang,es-AR
宇宙重启,Reinicio Cósmico,es-AR
宇宙重啟,Reinicio Cósmico,es-AR
守望者之友,Alianza del Guardián,es-AR
守望者的盟友,Alianza del Guardián,es-AR
宝宝学院,Primeras Lecciones,es-AR
宝探し,Cazatesoros,es-AR
宝石手套,Guantelete Deslumbrante,es-AR
寂静法衣,Manto de Quietud,es-AR
寂靜法衣,Manto de Quietud,es-AR
密银黎明,Amanecer Plateado,es-AR
寶石手套,Guantelete Deslumbrante,es-AR
对冲基金,Fondo de inversión,es-AR
寻宝,Cazatesoros,es-AR
寻宝之旅,Cazatesoros,es-AR
导能者,Canalizador,es-AR
导能者模式,Modo Canalizador,es-AR
專打後期,Especialista en el juego tardío,es-AR
尋寶遊戲,Cazatesoros,es-AR
導き手,Pastor,es-AR
導き手の紋章,Emblema de Pastor,es-AR
小さくても強烈,Pequeño pero mortífero,es-AR
小さな仲間たち,Amiguitos,es-AR
小さな巨人,Titanes Diminutos,es-AR
小さな福袋,Bolsa de Sorpresas Pequeña,es-AR
小伙伴,Amiguitos,es-AR
小偷小摸,Hurto,es-AR
小型惊喜包,Bolsa de Sorpresas Pequeña,es-AR
小型禮包,Bolsa de Sorpresas Pequeña,es-AR
小小伙伴,Amiguitos,es-AR
小小夥伴,Amiguitos,es-AR
小小大英雄,Titanes Diminutos,es-AR
小小泰坦,Pequeño Titán,es-AR
小小福袋,Bolsa de Sorpresas Pequeña,es-AR
小巧但致命,Pequeño pero mortífero,es-AR
小巨人,Titanes Diminutos,es-AR
小木灵,Meepsie,es-AR
小米普,Meepsie,es-AR
小而致命,Pequeño pero mortífero,es-AR
就差你一個,Conexiones fallidas,es-AR
尺寸至上,El Tamaño Importa,es-AR
尺有所短、寸有所长,El Tamaño Importa,es-AR
峡谷迅捷蟹,Cangrejo Escurridizo,es-AR
崇高の冒険,Una Aventura Eminente,es-AR
崇高冒险,Una Aventura Eminente,es-AR
崔斯特,Twisted Fate,es-AR
巧みなクラフト,Artesanía Creativa,es-AR
巨人の誓い,Valor del Titán,es-AR
巨人之力,Fuerte y Enorme,es-AR
巨人杀手,Verdugo de Gigantes,es-AR
巨人殺手,Verdugo de Gigantes,es-AR
巨人腰带,Cinturón de Gigante,es-AR
巨人腰帶,Cinturón de Gigante,es-AR
巨型九头蛇,Hidra Titánica,es-AR
巨型魔棒,Vara Innecesariamente Grande,es-AR
巨大強悍,Fuerte y Enorme,es-AR
巨龙之爪,Garra de Dragón,es-AR
巫妖之祸,Maldición del Liche,es-AR
巫妖之禍,Maldición del Liche,es-AR
巴德,Bardo,es-AR
巴龍巢穴,Guarida del Barón,es-AR
巴龙幻域,Guarida del Barón,es-AR
布蕾尔,Briar,es-AR
布蕾爾,Briar,es-AR
布里茨,Blitzcrank,es-AR
帽子ジュース,Juguito de Gorrito,es-AR
帽子饮品,Juguito de Gorrito,es-AR
帽帽果汁,Juguito de Gorrito,es-AR
平底鍋,Sartén,es-AR
平底锅,Sartén,es-AR
并肩作战,Unidos,es-AR
幸存者,Sobreviviente,es-AR
幸运手套,Guantes de la Suerte,es-AR
幻灵战队,Animalia,es-AR
幻灵战队纹章,Emblema Animalia,es-AR
幻灵指挥官,Comandante Animalia,es-AR
幽冥煞星,Estrella Oscura,es-AR
幽冥煞星徽章,Emblema de Estrella Oscura,es-AR
幽魂弯刀,Sable Espectral,es-AR
広がる根,Raíces Propagadoras,es-AR
庇護者のお供,Alianza del Guardián,es-AR
库奇,Corki,es-AR
应急护甲,Armadura Improvisada,es-AR
应急护盾,La trama lo protege,es-AR
庫奇,Corki,es-AR
建立團隊,Trabajo en Equipo,es-AR
开摆,Inactividad,es-AR
异类,Inadaptados,es-AR
弓の誓い,Mi arco a tu servicio,es-AR
強制中離,Inactividad,es-AR
強力投入,Gran Compromiso,es-AR
強化包,Paquete de Mejora,es-AR
强制中离,Inactividad,es-AR
强化之能量,Poder Mejorado,es-AR
强大机甲,El Mega Mecha,es-AR
强袭者的链枷,Mangual del Guerrero,es-AR
当头棒喝！,¡Pum!,es-AR
影の操り人形,Marioneta Sombría,es-AR
影子木偶,Marioneta Sombría,es-AR
影忍煞星：劫,Invasor Zed,es-AR
征战之路,Sendero de Guerra,es-AR
待つ価値あり,Vale la Pena la Espera,es-AR
後排藍圖,Plano de Línea Trasera,es-AR
後衛の設計図,Plano de Línea Trasera,es-AR
復仇,Retribución,es-AR
復刻師,Replicador,es-AR
復刻師模式,Modo Replicador,es-AR
復活祝福,Bendición de Resurrección,es-AR
循序漸進,Fragmento de Vida,es-AR
微光龍鱗精粹,Esencia de Brilloescama,es-AR
微光龙鳞精萃,Esencia de Brilloescama,es-AR
心之抗防,Corazón de Acero,es-AR
心之钢,Corazón de Acero,es-AR
心身統御のペンダント,Relicario Enervante,es-AR
忍耐の美徳,La Paciencia es una Virtud,es-AR
忍耐是美德,La Paciencia es una Virtud,es-AR
快速入门,Inicio Veloz,es-AR
思惑買い,Acumular,es-AR
思緒清晰,Mente Despejada,es-AR
思緒雜亂,Mente Saturada,es-AR
思绪杂乱,Mente Saturada,es-AR
思绪清晰,Mente Despejada,es-AR
怪しげなトレンチコート,Gabardina Sospechosa,es-AR
怪咖集合,Inadaptados,es-AR
恶意变现,Monetización Maligna,es-AR
恶意货币化,Monetización Maligna,es-AR
恶意软件矩阵,Matriz de Malware,es-AR
恶火小斧,Hacha de Fuego Infernal,es-AR
恶鲨火箭,Carapescado,es-AR
惡性經營,Monetización Maligna,es-AR
惡意程式矩陣,Matriz de Malware,es-AR
惡鯊火箭,Carapescado,es-AR
想定内の意外性,Espera lo Inesperado,es-AR
意料之中的意外,Espera lo Inesperado,es-AR
愿四费与你同在,Que los Cuatros te Acompañen,es-AR
慎,Shen,es-AR
成吨数据！,¡Milestadísticas!,es-AR
成吨的属性！,¡Milestadísticas!,es-AR
我们团结一致,No nos Separamos,es-AR
我弓于你手,Mi arco a tu servicio,es-AR
我独自升级,Leveleando en solitario,es-AR
战时补给：反曲之弓,Arcos de Repuesto,es-AR
战时补给：女神之泪,Corriente de Lágrimas,es-AR
战时补给：拳套,Éxito Crítico,es-AR
战时补给：无用大棒,Conjuros Continuos,es-AR
战时补给：暴风大剑,Ábrete Camino,es-AR
战神的荣耀,Honor del Caudillo,es-AR
戦略的敗北,Pérdida Calculada,es-AR
戰國軍閥之榮耀,Honor del Caudillo,es-AR
戰錘意志,Voluntad del Mazo,es-AR
手套,Mitones,es-AR
手气不错,¿Te Sientes con Suerte?,es-AR
打手连枷,Mangual del Guerrero,es-AR
打手連枷,Mangual del Guerrero,es-AR
打捞桶,Bote de Segunda Mano,es-AR
打造夥伴,Construye tu Compi,es-AR
扩展包,Paquete de Mejora,es-AR
投資,Inversión,es-AR
投資完了,Inversión,es-AR
投资,Inversión,es-AR
抽好抽滿I,Actualiza sin parar,es-AR
拉亚斯特,Rhaast,es-AR
拉姆斯,Rammus,es-AR
拉莫斯,Rammus,es-AR
拓展包,Paquete de Mejora,es-AR
招兵买马,Nuevo Recluta,es-AR
招兵買馬,Nuevo Recluta,es-AR
拥抱,Abrazo Grupal,es-AR
拳击训练,Lecciones de Boxeo,es-AR
拳击课程,Lecciones de Boxeo,es-AR
拳套,Guantes de Combate,es-AR
拳擊訓練,Lecciones de Boxeo,es-AR
拳擊選手,Boxeador Profesional,es-AR
指挥官,Comandante,es-AR
指揮官,Comandante,es-AR
挑个好伙计！,Construye tu Compi,es-AR
挑战者,Retador,es-AR
挑战者徽章,Emblema de Retadores,es-AR
挑战者模式,Modo Retador,es-AR
挑战者纹章,Emblema de Retadores,es-AR
挖角,Hurto,es-AR
振奋盔甲,Apariencia Espiritual,es-AR
振奮盔甲,Apariencia Espiritual,es-AR
排兵布阵,Alineación,es-AR
探索者护腕,Guardabrazo del Buscador,es-AR
探索者的护臂,Guardabrazo del Buscador,es-AR
探索者護腕,Guardabrazo del Buscador,es-AR
提摩,Teemo,es-AR
提莫,Teemo,es-AR
援護の弓,Arcos de Repuesto,es-AR
揺るがぬ心,Espíritu Firme,es-AR
携带型打铁铺,Forja Portátil,es-AR
携手合作,Forma equipo,es-AR
摇钱树,Monzón Millonario,es-AR
摘星之志,Apunta a las Estrellas,es-AR
攀升之階I,Ascender de Posición,es-AR
攀登天梯,Ascender de Posición,es-AR
攜帶型打鐵舖,Forja Portátil,es-AR
攜手同行,No nos Separamos,es-AR
支配宝匣,Relicario Enervante,es-AR
支配寶匣,Relicario Enervante,es-AR
放電,Descarga Eléctrica,es-AR
救世主,Redentor,es-AR
救済者,Redentor,es-AR
救赎之灵,Espíritu de Redención,es-AR
救赎盔甲,Espíritu de Redención,es-AR
散件丰收日,Asalto de Componentes,es-AR
斗士,Peleador,es-AR
斗士纹章,Emblema de Peleadores,es-AR
斗神,Duelista Divino,es-AR
斗神的恩赐,Bendición del Chatarrero,es-AR
斜槓英雄,Ramificación,es-AR
斯塔缇克电刃,Daga de Statikk,es-AR
斯特拉克的挑战护手,Guantelete de Sterak,es-AR
新人入队,Nuevo Recluta,es-AR
新兵,Nuevo Recluta,es-AR
新星特攻队,N.O.V.A.,es-AR
新星特攻队纹章,Emblema de N.O.V.A.,es-AR
新纪元,Época,es-AR
旅人,Viajero,es-AR
旅人纹章,Emblema de Viajero,es-AR
无人机上行链路,Enlace de Dron,es-AR
无尽之刃,Filo del Infinito,es-AR
无尽守护,Protección del Infinito,es-AR
无尽绝望,Desesperación Eterna,es-AR
无差别攻击,Verdugo Indiscriminado,es-AR
无差别杀手,Verdugo Indiscriminado,es-AR
无用大棒,Vara Innecesariamente Grande,es-AR
无终恨意,Desesperación Eterna,es-AR
日炎斗篷,Capa de Fuego Solar,es-AR
日炎棋盘,Tablero de Fuego Solar,es-AR
日炎燎原,Tablero de Fuego Solar,es-AR
日輪的加冕,Relicario de los Solari de Hierro,es-AR
日轮的加冕,Relicario de los Solari de Hierro,es-AR
早期教育,Primeras Lecciones,es-AR
昇華護符,Talismán de Ascensión,es-AR
明智消费,Saber Gastar,es-AR
明鏡止水,Mente Despejada,es-AR
易,Maestro Yi,es-AR
易大师,Maestro Yi,es-AR
易大師,Maestro Yi,es-AR
星の観測者,Astromante,es-AR
星の観測者の紋章,Emblema de Astromante,es-AR
星を目指して,Apunta a las Estrellas,es-AR
星光连击,Combo Estelar,es-AR
星光連鎖,Combo Estelar,es-AR
星界壁壘,Baluarte,es-AR
星界连招,Combo Estelar,es-AR
星界重启,Reinicio Cósmico,es-AR
星際旅人,Viajero,es-AR
星際旅人徽章,Emblema de Viajero,es-AR
星靈牧者,Pastor,es-AR
星靈牧者徽章,Emblema de Pastor,es-AR
昼食代,Dinero del almuerzo,es-AR
時計仕掛けの加速装置,Acelerador Mecánico,es-AR
時間破壞者,Rompetiempo,es-AR
時間破壞者徽章,Emblema de Rompetiempo,es-AR
普通の日々,Fragmento de Vida,es-AR
普通預金口座,Cuenta de Ahorros,es-AR
智商稅,Impuesto Cognitivo,es-AR
智慧末刃,Al Filo de la Cordura,es-AR
暗影傀儡,Marioneta Sombría,es-AR
暗影木偶,Marioneta Sombría,es-AR
暗星,Estrella Oscura,es-AR
暗星纹章,Emblema de Estrella Oscura,es-AR
暗行者之爪,Garra del Merodeador,es-AR
暗黑女士,Dama Oscura,es-AR
暮光铁壁,Baluarte,es-AR
暮夜之盾,Égida del Ocaso,es-AR
暴击式成功,Éxito Crítico,es-AR
暴風之劍,Espadón,es-AR
暴风之剑,Espadón,es-AR
暴风大剑,Espadón,es-AR
曙光核心,Esfera del Amanecer,es-AR
更致命之刃,Espadas Más Letales,es-AR
更要命的帽子,Sombreros Más Letales,es-AR
更要命的战刃,Espadas Más Letales,es-AR
最佳好友,Mejores Amigos,es-AR
最后的轻语,Último Suspiro,es-AR
最后耳语,Último Suspiro,es-AR
最后赢家,A Remontar,es-AR
最大最小化,Mínimo/Máximo,es-AR
最小巨人,Pequeño Titán,es-AR
最強の四配者,Cuatro Refuerzos,es-AR
最强构筑,Armado máximo,es-AR
最後耳語,Último Suspiro,es-AR
最高指挥官,Comandante,es-AR
有効活用,Bueno para Algo,es-AR
有用之材,Bueno para Algo,es-AR
朔极之矛,Lanza de Shojin,es-AR
木偶化,¿Hacemos un Muñeco?,es-AR
木灵族,Meeplo,es-AR
木灵族纹章,Emblema de Meeplo,es-AR
未来の鍛冶場,Forja latente,es-AR
未来战士,Rompetiempo,es-AR
未来战士纹章,Emblema de Rompetiempo,es-AR
末日使者,Condenador,es-AR
机甲神盾,Mecha,es-AR
杀出血路,Ábrete Camino,es-AR
权杖意志,Voluntad del Mazo,es-AR
杖之工匠,Fabricante de Varas,es-AR
杖匠,Fabricante de Varas,es-AR
杖鍛冶,Fabricante de Varas,es-AR
来个好伙计,Arma un Amigo,es-AR
极光,Aurora,es-AR
极限拉满,Mínimo/Máximo,es-AR
构筑一名伙伴：,Construye tu Compi,es-AR
枯朽の遺物,Reliquia Marchita,es-AR
枯死の宝石,Joya Maldita,es-AR
枯萎圣物,Reliquia Marchita,es-AR
枯萎宝石,Joya Maldita,es-AR
枯萎寶石,Joya Maldita,es-AR
枯萎珠宝,Joya Maldita,es-AR
柔依,Zoe,es-AR
柔軟性,Flexible,es-AR
根絶者,Erradicador,es-AR
格斗手套,Guantes de Combate,es-AR
格温,Gwen,es-AR
格雷福斯,Graves,es-AR
格鬥手套,Guantes de Combate,es-AR
棋手之盾,Escudo del Estratega,es-AR
棋手厨房,Cocina de Estratega,es-AR
棋手廚房,Cocina de Estratega,es-AR
棋手披風,Capa de Estratega,es-AR
棋手斗篷,Capa de Estratega,es-AR
棋手皇冠,Corona de Estratega,es-AR
棋手盾牌,Escudo del Estratega,es-AR
棘刺背心,Vesta Espinosa,es-AR
棱彩门票,Boleto Prismático,es-AR
極速快手,Retador,es-AR
極速快手徽章,Emblema de Retadores,es-AR
極速快手模式,Modo Retador,es-AR
構成拡大,Ramificación,es-AR
模控機械上鏈,Enlace Cibernético,es-AR
模控機械移植,Implantes Cibernéticos,es-AR
機械戰甲,Mecha,es-AR
次级镜像人格面具,Persona en Espejo menor,es-AR
次级镜影化身,Persona en Espejo menor,es-AR
歐羅拉,Aurora,es-AR
正义之手,Mano de la Justicia,es-AR
正义手套,Mano de la Justicia,es-AR
正义报复,Retribución,es-AR
正義手套,Mano de la Justicia,es-AR
武斗家,Peleador,es-AR
武斗家徽章,Emblema de Peleadores,es-AR
武装战姬,Diosa de las Pistolas,es-AR
武鬥家,Peleador,es-AR
武鬥家徽章,Emblema de Peleadores,es-AR
歩く鍛冶場,Forja Viviente,es-AR
死亡之刃,Filo de la Muerte,es-AR
死亡之帽,Sombrero Mortífero de Rabadon,es-AR
死得有價值I,Bueno para Algo,es-AR
死神之刃,Filo de la Muerte,es-AR
歼灭者,Erradicador,es-AR
殉道美德,Virtud del Mártir,es-AR
殺出血路,Ábrete Camino,es-AR
水乳交融,No nos Separamos,es-AR
水銀兜帽,Capa Mercurial,es-AR
水银,Capa Mercurial,es-AR
水银兜帽,Capa Mercurial,es-AR
永恆契約,Pacto Eterno,es-AR
永恒契约,Pacto Eterno,es-AR
永续召唤,Conjuros Continuos,es-AR
汪星机器人,Fiera Fiestera,es-AR
沈黙の帳,Manto de Quietud,es-AR
沉重王冠,Pesada es la Corona,es-AR
河蟹,Cangrejo Escurridizo,es-AR
治疗法球,Orbes de curación,es-AR
治療靈球,Orbes de curación,es-AR
治癒回音,Ecos Reparadores,es-AR
法官,Sentencia,es-AR
法官纹章,Emblema de Sentencia,es-AR
法杖工匠,Fabricante de Varas,es-AR
法杖溢流,Sobrecarga de Varas,es-AR
法洛士的執念,Obsesión de Varus,es-AR
法洛士的增益,Bendición de Varus,es-AR
法洛士的执念,Obsesión de Varus,es-AR
法洛士的祝福,Bendición de Varus,es-AR
波比,Poppy,es-AR
泪流不止,Corriente de Lágrimas,es-AR
泪流成河,Llora Todo lo que Quieras,es-AR
泰坦九头蛇,Hidra Titánica,es-AR
泰坦九頭蛇,Hidra Titánica,es-AR
泰坦的决意,Valor del Titán,es-AR
泰坦的坚决,Valor del Titán,es-AR
泰坦的決意,Valor del Titán,es-AR
泰隆,Talon,es-AR
活体锻炉,Forja Viviente,es-AR
活火炉,Forja Viviente,es-AR
活火爐,Forja Viviente,es-AR
派上用场,Bueno para Algo,es-AR
派克,Pyke,es-AR
派对大咖,Fiera Fiestera,es-AR
派對咖,Fiera Fiestera,es-AR
流れる涙,Corriente de Lágrimas,es-AR
流亡孤军,Exiliados,es-AR
流亡孤軍,Exiliados,es-AR
浪人,Exiliados,es-AR
海克斯科技枪刃,Sablepistola Hextech,es-AR
海克斯科技槍刃,Sablepistola Hextech,es-AR
海妖之怒,Furia del Kraken,es-AR
海牛阿福的锅铲战术,Gambito de Urf,es-AR
海魔人,Primordiano,es-AR
海魔人纹章,Emblema de Primordianos,es-AR
淚光閃閃,Corriente de Lágrimas,es-AR
淚如泉湧,Llora Todo lo que Quieras,es-AR
混乱回復装置,Megamorfosis,es-AR
混乱的呼唤,Llamado al Caos,es-AR
混沌への呼び声,Llamado al Caos,es-AR
混沌召唤,Llamado al Caos,es-AR
混沌召喚,Llamado al Caos,es-AR
清晰头脑,Mente Despejada,es-AR
游侠,Furtivo,es-AR
游侠纹章,Emblema de Furtivo,es-AR
游神的盟友,Alianza del Guardián,es-AR
源计划上行链路,Enlace Cibernético,es-AR
源计划植入,Implantes Cibernéticos,es-AR
滚起优势,En racha,es-AR
漫游者,Viajero,es-AR
漫游者徽章,Emblema de Viajero,es-AR
潘多拉的备战区,Banca de Pandora,es-AR
潘多拉的道具,Objetos de Pandora,es-AR
潘朵拉的備戰區,Banca de Pandora,es-AR
潘朵拉的备战席,Banca de Pandora,es-AR
潘朵拉的装备,Objetos de Pandora,es-AR
潘朵拉的道具,Objetos de Pandora,es-AR
潘森,Pantheon,es-AR
潛在火爐,Forja latente,es-AR
潛行者之爪,Garra del Merodeador,es-AR
潜心锻造,Forja latente,es-AR
潜行者之爪,Garra del Merodeador,es-AR
激发之匣,Relicario Enervante,es-AR
火上浇油,Alimenta las Llamas,es-AR
火热促销,Liquidación,es-AR
火爆甩卖,Liquidación,es-AR
灭世者的死亡之帽,Sombrero Mortífero de Rabadon,es-AR
灭星尊,Erradicador,es-AR
灵气农兵,Farmeo Áurico,es-AR
灵活变通,Flexible,es-AR
灵活摇摆,Flexible,es-AR
灵能特工,Psiónico,es-AR
灵能特工纹章,Emblema de Psiónico,es-AR
灵能者,Psiónico,es-AR
灵能者徽章,Emblema de Psiónico,es-AR
灵风,Céfiro,es-AR
灵魂唤醒,Despertar del Alma,es-AR
灵魂觉醒,Despertar del Alma,es-AR
炎を強めて,Alimenta las Llamas,es-AR
点击即送,Tú Pégales,es-AR
炽天使之拥,Báculo del Serafín,es-AR
炽天使之杖,Báculo del Serafín,es-AR
烁刃,Cuchillas Raudas,es-AR
烈士之德,Virtud del Mártir,es-AR
烈士美德,Virtud del Mártir,es-AR
烏爾加特,Urgot,es-AR
烬,Jhin,es-AR
無人機上鏈,Enlace de Dron,es-AR
無差別屠殺,Verdugo Indiscriminado,es-AR
無差別殺人者,Verdugo Indiscriminado,es-AR
無盡之刃,Filo del Infinito,es-AR
無盡絕望,Desesperación Eterna,es-AR
無限守護,Protección del Infinito,es-AR
煞蜜拉,Samira,es-AR
煽风点火,Alimenta las Llamas,es-AR
熊熊火勢,Alimenta las Llamas,es-AR
熾天使之杖,Báculo del Serafín,es-AR
營造氣場,Farmeo Áurico,es-AR
燼,Jhin,es-AR
燼滅之華,Erradicador,es-AR
爆炸式增长,Crecimiento Explosivo,es-AR
爆炸性成長,Crecimiento Explosivo,es-AR
爆発的成長,Crecimiento Explosivo,es-AR
爱心包裹,Paquete de Cuidados,es-AR
爱欧尼亚星火,Chispa Iónica,es-AR
牧羊人,Pastor,es-AR
牧羊人纹章,Emblema de Pastor,es-AR
牧魂人,Pastor,es-AR
牧魂人徽章,Emblema de Pastor,es-AR
物尽其用,De fiesta,es-AR
物資箱,Paquete de Cuidados,es-AR
特性の書,Tomo de Rasgos,es-AR
特性の木,El Árbol de Rasgos,es-AR
特性を選択,Elige el rasgo,es-AR
特性之树,El Árbol de Rasgos,es-AR
特性典籍,Tomo de Rasgos,es-AR
特性神木,El Árbol de Rasgos,es-AR
犽宿之共享光采,Comparte los Reflectores con Yasuo,es-AR
犽宿的共享光采,Comparte los Reflectores con Yasuo,es-AR
犽宿的剑术,Esgrima de Yasuo,es-AR
犽宿的增益,Bendición de Yasuo,es-AR
犽宿的祝福,Bendición de Yasuo,es-AR
犽宿的迅雷之技,Esgrima de Yasuo,es-AR
犽宿的黃金棋格,Hex Dorado de Yasuo,es-AR
犽宿的黄金格子,Hex Dorado de Yasuo,es-AR
狂徒铠甲,Armadura de Warmog,es-AR
狂战士,Merodeador,es-AR
狂战士纹章,Emblema de Merodeador,es-AR
狙击专家,Francotirador,es-AR
狙击专家徽章,Emblema de Francotiradores,es-AR
狙擊專家,Francotirador,es-AR
狙擊專家徽章,Emblema de Francotiradores,es-AR
狙神,Francotirador,es-AR
狙神纹章,Emblema de Francotiradores,es-AR
独自升级,Leveleando en solitario,es-AR
狱火战斧,Hacha de Fuego Infernal,es-AR
猛将的荣耀,Honor del Caudillo,es-AR
猩红报偿,Precio Sangriento,es-AR
獄火手斧,Hacha de Fuego Infernal,es-AR
獄炎のハチェット,Hacha de Fuego Infernal,es-AR
獨自升等,Leveleando en solitario,es-AR
王冠とは重きもの,Pesada es la Corona,es-AR
王冠之重,Pesada es la Corona,es-AR
玻璃大炮,Cañón de Cristal,es-AR
玻璃大砲I,Cañón de Cristal,es-AR
珍藏财宝,Tesoros Enterrados,es-AR
珠光护手,Guantelete Deslumbrante,es-AR
珠光莲花,Loto Adornado,es-AR
珠光蓮花II,Loto Adornado,es-AR
瑟雷西的增益,Bendición de Thresh,es-AR
瑟雷西的灯笼,Linterna de Thresh,es-AR
瑟雷西的燈籠,Linterna de Thresh,es-AR
瑟雷西的祝福,Bendición de Thresh,es-AR
璐璐,Lulu,es-AR
甘いおやつ,Dulces Golosinas,es-AR
甜点,Dulces Golosinas,es-AR
生存专家,Sobreviviente,es-AR
生存專家,Sobreviviente,es-AR
生日团聚,Reunión de Cumpleaños,es-AR
生日團聚,Reunión de Cumpleaños,es-AR
生日礼物,Regalo de cumpleaños,es-AR
生日禮物,Regalo de cumpleaños,es-AR
生日聚会,Reunión de Cumpleaños,es-AR
生根发芽,Raíces Propagadoras,es-AR
生活片段,Fragmento de Vida,es-AR
生涯ブロンズ,Bronce de por Vida,es-AR
生物材料保存,Preservador de Biomateria,es-AR
生物质保存剂,Preservador de Biomateria,es-AR
生物质维护器,Preservador de Biomateria,es-AR
由二生D,Demasiado Valor,es-AR
电光反击,Descarga Eléctrica,es-AR
电火花,Descarga Eléctrica,es-AR
电荷转移I,Transferencia de Carga,es-AR
男爵幻域,Guarida del Barón,es-AR
略奪者,Merodeador,es-AR
略奪者の紋章,Emblema de Merodeador,es-AR
疗愈回响,Ecos Reparadores,es-AR
疾射火炮,Cañón de Fuego Rápido,es-AR
疾速双杀,Asesinato Doble Veloz,es-AR
疾速雙殺,Asesinato Doble Veloz,es-AR
癒しのこだま,Ecos Reparadores,es-AR
登上最高峰,A Remontar,es-AR
發條加速器,Acelerador Mecánico,es-AR
百兽,Animalia,es-AR
百兽指挥官,Comandante Animalia,es-AR
百兽特攻队徽章,Emblema Animalia,es-AR
百獸,Animalia,es-AR
百獸指揮官,Comandante Animalia,es-AR
百獸特攻隊徽章,Emblema Animalia,es-AR
皇冠守衛,Guardia de la Corona,es-AR
盗賊のグローブ,Guantes de Ladrón,es-AR
盗賊団,Banda de Ladrones,es-AR
盗賊団 II,Banda de Ladrones II,es-AR
盜取,Hurto,es-AR
盧登驟雨,Tempestad de Luden,es-AR
目标锁定光学仪,Óptica de Fijación de Objetivo,es-AR
目標鎖定光學,Óptica de Fijación de Objetivo,es-AR
真派氣功,Kahunahuna,es-AR
石像鬼盘核,Armadura Pétrea,es-AR
石像鬼石板甲,Armadura Pétrea,es-AR
石像鬼磐核,Armadura Pétrea,es-AR
研究熱心,Estudio Paciente,es-AR
砰地重击,De fiesta,es-AR
砰爆,Condenador,es-AR
破时者,Rompetiempo,es-AR
破时者徽章,Emblema de Rompetiempo,es-AR
破曉之核,Esfera del Amanecer,es-AR
砸起來,De fiesta,es-AR
硬性承诺,Gran Compromiso,es-AR
碰撞测试假人,Muñecos de Prueba para Choques,es-AR
碰撞測試,Muñecos de Prueba para Choques,es-AR
神の祝福,Bendecido por los Dioses,es-AR
神の鍛冶場,Forja Apoteósica,es-AR
神之祝福,Bendecido por los Dioses,es-AR
神偷军团,Banda de Ladrones,es-AR
神偷军团 II,Banda de Ladrones II,es-AR
神偷軍團,Banda de Ladrones,es-AR
神偷軍團 II,Banda de Ladrones II,es-AR
神力天铸,Forjado en la Fortaleza,es-AR
神化锻炉,Forja Apoteósica,es-AR
神寵者,Bendecido por los Dioses,es-AR
神影刺客,Furtivo,es-AR
神影刺客徽章,Emblema de Furtivo,es-AR
神聖熔爐,Forja Apoteósica,es-AR
神託,Oráculo,es-AR
神諭,Oráculo,es-AR
神谕,Canalizador,es-AR
神谕模式,Modo Canalizador,es-AR
神赐锻炉,Forja Apoteósica,es-AR
神鬥士,Duelista Divino,es-AR
禁忌之像,Ídolo Prohibido,es-AR
禁忌雕像,Ídolo Prohibido,es-AR
离子火花,Chispa Iónica,es-AR
私房錢,Estafador,es-AR
私房钱,Estafador,es-AR
科加斯,Cho'Gath,es-AR
秘传奥义,Kahunahuna,es-AR
稜鏡票券,Boleto Prismático,es-AR
穢れたヴァンパイア セプター,Cetro Vampírico Corrupto,es-AR
究極暴擊,Éxito Crítico,es-AR
窃盗,Hurto,es-AR
窃贼帮派,Banda de Ladrones,es-AR
窃贼帮派 II,Banda de Ladrones II,es-AR
窃贼手套,Guantes de Ladrón,es-AR
竊賊手套,Guantes de Ladrón,es-AR
米利欧,Milio,es-AR
米普,Meepsie,es-AR
米普,Meeplo,es-AR
米普徽章,Emblema de Meeplo,es-AR
米普星人,Meeplo,es-AR
米普星人徽章,Emblema de Meeplo,es-AR
米普終端速度,Velocidad Termeepnal,es-AR
米里欧,Milio,es-AR
米里歐,Milio,es-AR
精心打造,Artesanía Creativa,es-AR
精心製作,Artesanía Creativa,es-AR
精打細算,Saber Gastar,es-AR
精打细算,Saber Gastar,es-AR
精进之矛,Lanza de Shojin,es-AR
精進之矛,Lanza de Shojin,es-AR
紀元,Época,es-AR
紅Buff,Mejora Roja,es-AR
納什之牙,Diente de Nashor,es-AR
納瑟斯,Nasus,es-AR
素材アイテムヘイスト,Asalto de Componentes,es-AR
紡がれし魔法,Magia Tejida,es-AR
索娜,Sona,es-AR
索拉卡的增益,Bendición de Soraka,es-AR
索拉卡的奇蹟,Milagro de Soraka,es-AR
索拉卡的奇迹,Milagro de Soraka,es-AR
索拉卡的恩赐,Bendición de Soraka,es-AR
索拉卡的祝福,Bendición de Soraka,es-AR
終わりなき絶望,Desesperación Eterna,es-AR
組件強盜,Asalto de Componentes,es-AR
絶好調,En racha,es-AR
維克特,Viktor,es-AR
維迦,Veigar,es-AR
縮小手套,Mitones,es-AR
红增益,Mejora Roja,es-AR
红霸符,Mejora Roja,es-AR
纪年伊始,Época,es-AR
纳什之牙,Diente de Nashor,es-AR
纳尔,Gnar,es-AR
纳瑟斯,Nasus,es-AR
纷乱头脑,Mente Saturada,es-AR
纹章之书,Tomo de Rasgos,es-AR
纺织魔法,Magia Tejida,es-AR
组件劫案,Asalto de Componentes,es-AR
织命人,Tejedestinos,es-AR
终端米普速度,Velocidad Termeepnal,es-AR
终身青铜,Bronce de por Vida,es-AR
终身黄铜,Bronce de por Vida,es-AR
绝境反击,Volver al Ruedo,es-AR
维克托,Viktor,es-AR
维克特,Viktor,es-AR
维迦,Veigar,es-AR
编织魔法,Magia Tejida,es-AR
羁绊树,El Árbol de Rasgos,es-AR
美味甜點,Dulces Golosinas,es-AR
翱銳龍獸,Aurelion Sol,es-AR
翱銳龍獸的祝福,Bendición de Aurelion Sol,es-AR
翱锐龙兽,Aurelion Sol,es-AR
翱锐龙兽的增益,Bendición de Aurelion Sol,es-AR
耐心学习,Estudio Paciente,es-AR
耐心學習,Estudio Paciente,es-AR
耐心是一种美德,La Paciencia es una Virtud,es-AR
耐心是美德,La Paciencia es una Virtud,es-AR
职业杀手,Asesino a Sueldo,es-AR
联合作战,Unidos,es-AR
聖なる決闘者,Duelista Divino,es-AR
聖光無賴,Rufián Radiante,es-AR
能力值大補包,¡Milestadísticas!,es-AR
能量圣杯,Cáliz de Poder,es-AR
脫穎而出,A Remontar,es-AR
腐蚀,Corrosión,es-AR
腐蝕,Corrosión,es-AR
腐败吸血鬼权杖,Cetro Vampírico Corrupto,es-AR
腐食,Corrosión,es-AR
腰带溢流,Cinturón XL,es-AR
腰带过载,Cinturón XL,es-AR
腰帶多多,Cinturón XL,es-AR
臨時戰甲,Armadura Improvisada,es-AR
至尊探险,Una Aventura Eminente,es-AR
致命利刃,Espadas Más Letales,es-AR
致命帽子,Sombreros Más Letales,es-AR
致命豆丁,Pequeño pero mortífero,es-AR
致死之帽,Sombreros Más Letales,es-AR
艾克的增益,Bendición de Ekko,es-AR
艾克的恩赐,Bendición de Ekko,es-AR
艾克的祝福,Bendición de Ekko,es-AR
艾克的耐心,Paciencia de Ekko,es-AR
节外生枝,Ramificación,es-AR
花到上头,Estafador,es-AR
芽苞初放,Arma un Amigo,es-AR
英勇惊喜包,Bolsa de Sorpresas Heroica,es-AR
英勇福袋,Bolsa de Sorpresas Heroica,es-AR
英雄のラッキーバッグ,Bolsa de Sorpresas Heroica,es-AR
英雄禮包,Bolsa de Sorpresas Heroica,es-AR
茂凯,Maokai,es-AR
茂凱,Maokai,es-AR
荊棘蔓延,Raíces Propagadoras,es-AR
莎弥拉,Samira,es-AR
莫德凯撒,Mordekaiser,es-AR
莫甘娜,Morgana,es-AR
莫雷洛秘典,Morellonomicón,es-AR
菲兹,Fizz,es-AR
菲奥娜,Fiora,es-AR
菲欧拉,Fiora,es-AR
菲歐拉,Fiora,es-AR
葛雷夫,Graves,es-AR
蓝增益,Mejora azul,es-AR
蓝霸符,Mejora azul,es-AR
蔓延之根,Raíces Propagadoras,es-AR
蕾欧娜,Leona,es-AR
薄暮法袍,Manto del Ocaso,es-AR
薇古丝,Vex,es-AR
薇可丝,Vex,es-AR
薇可絲,Vex,es-AR
藍Buff,Mejora azul,es-AR
虚空之杖,Báculo del Vacío,es-AR
虚空之门,Portal Zz'Rot,es-AR
虚空手套,Guantelete del Vacío,es-AR
虚空护手,Guantelete del Vacío,es-AR
虛空之杖,Báculo del Vacío,es-AR
虛空之門,Portal Zz'Rot,es-AR
虛空武鬥場,Guantelete del Vacío,es-AR
血の供物,Ofrenda de Sangre,es-AR
血の価値,Precio Sangriento,es-AR
血償,Precio Sangriento,es-AR
血的代价,Precio Sangriento,es-AR
血祭,Ofrenda de Sangre,es-AR
衝擊火炮,Cañón de Fuego Rápido,es-AR
衝突試験用ダミー,Muñecos de Prueba para Choques,es-AR
裁决者,Sentencia,es-AR
裁决者徽章,Emblema de Sentencia,es-AR
装备百宝袋,Bolsa de Objetos,es-AR
複製,Réplica,es-AR
西風匕首,Céfiro,es-AR
西风匕首,Céfiro,es-AR
視界專注,Enfoque al Horizonte,es-AR
观星者,Astromante,es-AR
观星者徽章,Emblema de Astromante,es-AR
观星者纹章,Emblema de Astromante,es-AR
视界专注,Enfoque al Horizonte,es-AR
觉得自己幸运吗,¿Te Sientes con Suerte?,es-AR
訂購奢侈品,Suscripción de Lujo,es-AR
訂閱服務,Servicio de Suscripción,es-AR
訓練假人,Muñeco de Entrenamiento,es-AR
詛咒之冠,Corona Maldita,es-AR
詛咒之刃,Cuchilla Maldita,es-AR
詛咒吸血鬼權杖,Cetro Vampírico Corrupto,es-AR
認知超載,Sobrecarga Cognitiva,es-AR
订阅服务,Servicio de Suscripción,es-AR
认知税,Impuesto Cognitivo,es-AR
认知超负荷,Sobrecarga Cognitiva,es-AR
认知过载,Sobrecarga Cognitiva,es-AR
训练假人,Muñeco de Entrenamiento,es-AR
训练木偶,Muñeco de Entrenamiento,es-AR
诅咒之冠,Corona Maldita,es-AR
诅咒之刃,Cuchilla Maldita,es-AR
诅咒冠冕,Corona Maldita,es-AR
豪華なサブスク,Suscripción de Lujo,es-AR
貝爾薇斯,Bel'Veth,es-AR
負極斗篷,Capa de Negatrones,es-AR
貪啃奇,Tahm Kench,es-AR
貪財,Avaricia,es-AR
買い物三昧,Compras compulsivas,es-AR
買不手軟,Compras compulsivas,es-AR
貿易核心,Núcleo Comercial,es-AR
賈克斯,Jax,es-AR
賢い買い物,Saber Gastar,es-AR
贝尔薇斯,Bel'Veth,es-AR
贝蕾亚,Briar,es-AR
负极斗篷,Capa de Negatrones,es-AR
财源滚滚,Monzón Millonario,es-AR
贪啃奇,Tahm Kench,es-AR
贪财,Avaricia,es-AR
购物狂欢,Compras compulsivas,es-AR
贸易中心,Núcleo Comercial,es-AR
贸易大亨,Sector de Intercambio,es-AR
贾克斯,Jax,es-AR
赏金战士,Boxeador Profesional,es-AR
起死回生,Segundo Aire,es-AR
超前部署,Pensar a Futuro,es-AR
超新星,N.O.V.A.,es-AR
超新星徽章,Emblema de N.O.V.A.,es-AR
超级机甲,El Mega Mecha,es-AR
超能機甲,El Mega Mecha,es-AR
超越のタリスマン,Talismán de Ascensión,es-AR
跳樓大拍賣,Liquidación,es-AR
輝く悪党,Rufián Radiante,es-AR
转不停,Actualiza sin parar,es-AR
轻量魔法投掷,Tirada Ligeramente Mágica,es-AR
轻魔重骰,Tirada Ligeramente Mágica,es-AR
这次战败也在计算之中,Pérdida Calculada,es-AR
远古霸者,Primordiano,es-AR
远古霸者徽章,Emblema de Primordianos,es-AR
远征,Expedición,es-AR
远见卓识,Pensar a Futuro,es-AR
连指手套,Mitones,es-AR
迷你小英雄,Pequeño Titán,es-AR
迷你黑洞,Miniagujero Negro,es-AR
迷离风衣,Gabardina Sospechosa,es-AR
适应性头盔,Yelmo Adaptable,es-AR
适性神盔,Yelmo Adaptable,es-AR
逆命,Twisted Fate,es-AR
逆袭之路,Volver al Ruedo,es-AR
逆転劇,Volver al Ruedo,es-AR
逆轉佳話,Volver al Ruedo,es-AR
选择特性,Elige el rasgo,es-AR
选择羁绊,Elige el rasgo,es-AR
這次戰敗也在計算之中,Pérdida Calculada,es-AR
連続魔法,Conjuros Continuos,es-AR
連續施法,Conjuros Continuos,es-AR
進階貸款,Préstamo Anticipado,es-AR
道を切り拓け,Ábrete Camino,es-AR
道具惊喜包,Bolsa de Objetos,es-AR
道具組合包I,Bolsa de Objetos,es-AR
遠古霸者,Primordiano,es-AR
遠古霸者徽章,Emblema de Primordianos,es-AR
遠征,Expedición,es-AR
遥遥领先,Acumular,es-AR
適性神盔,Yelmo Adaptable,es-AR
選擇特性,Elige el rasgo,es-AR
避險基金,Fondo de inversión,es-AR
邦！,¡Pum!,es-AR
邪悪な収益化,Monetización Maligna,es-AR
部分飞升,Ascensión parcial,es-AR
鄂尔,Ornn,es-AR
鄂爾,Ornn,es-AR
重启任务,Reiniciar Misión,es-AR
重整装置,Megamorfosis,es-AR
重整裝置,Megamorfosis,es-AR
重新開始任務,Reiniciar Misión,es-AR
重枪女武神,Diosa de las Pistolas,es-AR
重槍女武神,Diosa de las Pistolas,es-AR
重装战士,Vanguardia,es-AR
重装战士纹章,Emblema de Vanguardia,es-AR
重锤之志,Voluntad del Mazo,es-AR
量身訂做,Personalización exclusiva,es-AR
金に飢えし者,Avaricia,es-AR
金のタマゴ,El Huevo Dorado,es-AR
金のモンスーン,Monzón Millonario,es-AR
金ピカの鋼,Acero Dorado,es-AR
金克丝,Jinx,es-AR
金湯匙,Cuchara de plata,es-AR
金蛋,El Huevo Dorado,es-AR
金铲铲,Espátula,es-AR
金铲铲冠冕,Corona de Estratega,es-AR
金锅铲冠冕,Capa de Estratega,es-AR
金锅锅,Sartén,es-AR
金锅锅冠冕,Escudo del Estratega,es-AR
金霖龙,El Dragón Dorado,es-AR
金鳞精粹,Esencia de Brilloescama,es-AR
金龙降世,El Dragón Dorado,es-AR
鈍化,¿Hacemos un Muñeco?,es-AR
銀の匙,Cuchara de plata,es-AR
銀河獵手,Cazagalaxias,es-AR
銀織黎明,Amanecer Plateado,es-AR
銃装機神,Diosa de las Pistolas,es-AR
銅級之命II,Bronce de por Vida,es-AR
鋼の心,Corazón de Acero,es-AR
鋼鐵素材,Recursos de Hierro,es-AR
錫柯的悲鳴號角,Heraldo de las Tinieblas de Zeke,es-AR
錫柯的號角,Heraldo de Zeke,es-AR
鍋鏟,Espátula,es-AR
鎖子甲,Cota de Malla,es-AR
鏡像のペルソナ,Persona en Espejo,es-AR
鏡像人格,Persona en Espejo,es-AR
鏡爪,Kindred,es-AR
鑄造朋友,Haciendo Amistades,es-AR
钢铁之心,Corazón de Acero,es-AR
钢铁烈阳之匣,Relicario de los Solari de Hierro,es-AR
钢铁资产,Recursos de Hierro,es-AR
银汤匙,Cuchara de plata,es-AR
银河猎手,Cazagalaxias,es-AR
银织黎明,Amanecer Plateado,es-AR
铸剑工匠,Fabricante de Espadas,es-AR
锁子甲,Cota de Malla,es-AR
锁敌光学设备,Óptica de Fijación de Objetivo,es-AR
锅铲,Espátula,es-AR
锅铲厨房,Cocina de Estratega,es-AR
锐雯,Riven,es-AR
锡柯的号角,Heraldo de Zeke,es-AR
锡柯的悲鸣号角,Heraldo de las Tinieblas de Zeke,es-AR
锤石的恩赐,Bendición de Thresh,es-AR
锤石的灯笼,Linterna de Thresh,es-AR
锻造一个朋友,Haciendo Amistades,es-AR
锻造挚友,Haciendo Amistades,es-AR
镀金钢铁,Acero Dorado,es-AR
镜像人格面具,Persona en Espejo,es-AR
镜影化身,Persona en Espejo,es-AR
镜爪,Kindred,es-AR
長久之計,Acumular,es-AR
閃刃,Cuchillas Raudas,es-AR
開局新手包,Arma un Amigo,es-AR
闇の女帝,Dama Oscura,es-AR
闇翼魔女,Dama Oscura,es-AR
關,Gwen,es-AR
防禦高塔,La Torre,es-AR
阿卡丽,Akali,es-AR
阿卡莉,Akali,es-AR
阿狸的光环,Aura de Ahri,es-AR
阿狸的恩赐,Bendición de Ahri,es-AR
阿璃的增益,Bendición de Ahri,es-AR
阿璃的灵气,Aura de Ahri,es-AR
阿璃的祝福,Bendición de Ahri,es-AR
阿璃的靈氣,Aura de Ahri,es-AR
阿福大礼包,Bolsa de Sorpresas de Urf,es-AR
阿福大禮包,Bolsa de Sorpresas de Urf,es-AR
阿福奇兵,Gambito de Urf,es-AR
阿福式开局,Gambito de Urf,es-AR
阿福快打,U.R.F.,es-AR
阿福的百宝袋,Bolsa de Sorpresas de Urf,es-AR
阿福驾到,U.R.F.,es-AR
阿萝拉,Aurora,es-AR
降靈師,Canalizador,es-AR
降靈師模式,Modo Canalizador,es-AR
限定カスタマイズ,Personalización exclusiva,es-AR
陣容,Alineación,es-AR
集中火力,Fuego Concentrado,es-AR
集中砲火,Fuego Concentrado,es-AR
集体拥抱I,Abrazo Grupal,es-AR
集结战队,Forma equipo,es-AR
雇佣杀手,Asesino a Sueldo,es-AR
雙排,Cola Dúo,es-AR
雙生守衛,Guardianes Gemelos,es-AR
離子星火,Chispa Iónica,es-AR
雷克塞,Rek'Sai,es-AR
雷欧娜,Leona,es-AR
雷歐娜,Leona,es-AR
雷玟,Riven,es-AR
雷珂煞,Rek'Sai,es-AR
電光反擊,Descarga Eléctrica,es-AR
電荷轉移,Transferencia de Carga,es-AR
霞,Xayah,es-AR
露璐,Lulu,es-AR
霸天机甲,Mecha,es-AR
靈活變通,Flexible,es-AR
靈能使,Psiónico,es-AR
靈能使徽章,Emblema de Psiónico,es-AR
靈魂救贖,Espíritu de Redención,es-AR
静止法衣,Manto de Quietud,es-AR
非凡冒險,Una Aventura Eminente,es-AR
韦鲁斯的恩赐,Bendición de Varus,es-AR
韦鲁斯的执念,Obsesión de Varus,es-AR
頂裝,Armado máximo,es-AR
預料中的意外,Espera lo Inesperado,es-AR
願四之力與你同在,Que los Cuatros te Acompañen,es-AR
顶尖构筑,Armado máximo,es-AR
顽强不屈,El Indomable,es-AR
飙速木灵,Velocidad Termeepnal,es-AR
飛斯,Fizz,es-AR
飛昇,Ascenso,es-AR
飞升,Ascenso,es-AR
飞升护符,Talismán de Ascensión,es-AR
飞斯,Fizz,es-AR
饮血剑,La Sanguinaria,es-AR
騎士の誓い,Promesa del Caballero,es-AR
騎士誓願,Promesa del Caballero,es-AR
骑士之誓,Promesa del Caballero,es-AR
骑士誓愿,Promesa del Caballero,es-AR
高压电,Alto Voltaje,es-AR
高压电流,Alto Voltaje,es-AR
高塔,La Torre,es-AR
高级贷款,Préstamo Anticipado,es-AR
高速ダブルキル,Asesinato Doble Veloz,es-AR
高電圧,Alto Voltaje,es-AR
高電壓,Alto Voltaje,es-AR
高風險高報酬,Jugadas arriesgadas,es-AR
鬼使弯刀,Sable Espectral,es-AR
鬼使彎刀,Sable Espectral,es-AR
鬼索的狂暴之刃,Espadafuria de Guinsoo,es-AR
魂力覺醒,Despertar del Alma,es-AR
魔像,Gólem,es-AR
魔力編織,Magia Tejida,es-AR
魔斗凯萨,Mordekaiser,es-AR
魔术师,Replicador,es-AR
魔术师模式,Modo Replicador,es-AR
魔杖湧流,Sobrecarga de Varas,es-AR
魔棒过载,Sobrecarga de Varas,es-AR
魔法のダイス,Tirada Mágica,es-AR
魔法投掷,Tirada Mágica,es-AR
魔法擲骰,Tirada Mágica,es-AR
魔法骰子,Tirada Mágica,es-AR
魔甘娜,Morgana,es-AR
魔鬥凱薩,Mordekaiser,es-AR
鱼骨头,Carapescado,es-AR
鲜血祭品,Ofrenda de Sangre,es-AR
鴻運當頭,¿Te Sientes con Suerte?,es-AR
鴻運當頭,En racha,es-AR
麗珊卓,Lissandra,es-AR
黃昏聖盾,Égida del Ocaso,es-AR
黃金巨龍,El Dragón Dorado,es-AR
黃金蛋,El Huevo Dorado,es-AR
黃金豪賭,Apuesta Dorada,es-AR
黄昏圣盾,Égida del Ocaso,es-AR
黄金の博打,Apuesta Dorada,es-AR
黄金の龍,El Dragón Dorado,es-AR
黄金蛋,El Huevo Dorado,es-AR
黄金豪赌,Apuesta Dorada,es-AR
黄金赌约,Apuesta Dorada,es-AR
黎明之盾,Égida del Amanecer,es-AR
黎明圣盾,Égida del Amanecer,es-AR
黎明核心,Esfera del Amanecer,es-AR
黎明聖盾,Égida del Amanecer,es-AR
黑暗吸血鬼节杖,Cetro Vampírico Corrupto,es-AR
黑暗魔女,Dama Oscura,es-AR
黑铁资产,Recursos de Hierro,es-AR
黑魔禁书,Morellonomicón,es-AR
黑魔禁書,Morellonomicón,es-AR
黛安娜,Diana,es-AR
龍之爪,Garra de Dragón,es-AR
龙之爪,Garra de Dragón,es-AR
가고일 돌갑옷,Armadura Pétrea,es-AR
가지 뻗기,Ramificación,es-AR
간이 대장간,Forja Viviente,es-AR
강철의 솔라리 펜던트,Relicario de los Solari de Hierro,es-AR
강철의 심장,Corazón de Acero,es-AR
거대 메크 로봇,El Mega Mecha,es-AR
거대하고 강력한,Fuerte y Enorme,es-AR
거대한 히드라,Hidra Titánica,es-AR
거래 중심지,Núcleo Comercial,es-AR
거울의 환영,Persona en Espejo,es-AR
거인 학살자,Verdugo de Gigantes,es-AR
거인의 결의,Valor del Titán,es-AR
거인의 허리띠,Cinturón de Gigante,es-AR
검 제작자,Fabricante de Espadas,es-AR
경품 추첨,Apuesta Dorada,es-AR
경호대 훈련,Entrenamiento de Guardaespaldas,es-AR
계산된 패배,Pérdida Calculada,es-AR
고귀한 모험,Una Aventura Eminente,es-AR
고독한 방패,Solo Pétreo,es-AR
고속 연사포,Cañón de Fuego Rápido,es-AR
고위천사의 지팡이,Báculo del Serafín,es-AR
고전압,Descarga Eléctrica,es-AR
고전압,Alto Voltaje,es-AR
고철 수집가의 은총,Bendición del Chatarrero,es-AR
곡궁,Arco Recurvado,es-AR
골렘,Gólem,es-AR
공감 임플란트,Implante Simpático,es-AR
공허 건틀릿,Guantelete del Vacío,es-AR
공허의 지팡이,Báculo del Vacío,es-AR
교환의 장,Sector de Intercambio,es-AR
구독 서비스,Servicio de Suscripción,es-AR
구원의 영혼,Espíritu de Redención,es-AR
구원자,Redentor,es-AR
구인수의 격노검,Espadafuria de Guinsoo,es-AR
굳건한 심장,Espíritu Firme,es-AR
권투 교습,Lecciones de Boxeo,es-AR
그냥 눌러,Tú Pégales,es-AR
그라가스,Gragas,es-AR
그레이브즈,Graves,es-AR
그림자 꼭두각시,Marioneta Sombría,es-AR
그웬,Gwen,es-AR
극대화 빌드,Armado máximo,es-AR
극진한 헌신,Gran Compromiso,es-AR
금지된 우상,Ídolo Prohibido,es-AR
급매,Liquidación,es-AR
기다림의 미학,Vale la Pena la Espera,es-AR
기동총격여신,Diosa de las Pistolas,es-AR
기사의 맹세,Promesa del Caballero,es-AR
길을 내라,Ábrete Camino,es-AR
길잡이,Pastor,es-AR
길잡이 상징,Emblema de Pastor,es-AR
꼬꼬마 거인,Pequeño Titán,es-AR
꼬마 거인,Titanes Diminutos,es-AR
꼬마 정령,Meepsie,es-AR
꽁!,¡Pum!,es-AR
끈끈한 우정,Trabajo en Equipo,es-AR
끈질긴 연구,Estudio Paciente,es-AR
끝없는 절망,Desesperación Eterna,es-AR
나 혼자 레벨업,Leveleando en solitario,es-AR
나르,Gnar,es-AR
나미,Nami,es-AR
나서스,Nasus,es-AR
남작의 소굴,Guarida del Barón,es-AR
내셔의 이빨,Diente de Nashor,es-AR
넘치는 대검,Espada Desmedida,es-AR
넘치는 지팡이,Sobrecarga de Varas,es-AR
넘치는 허리띠,Cinturón XL,es-AR
누누와 윌럼프,Nunu y Willump,es-AR
다 쓸 데가 있다니까,Bueno para Algo,es-AR
다이애나,Diana,es-AR
단결된 의지,Unidos,es-AR
단일 조합 사수,Terquedad,es-AR
단짝,Mejores Amigos,es-AR
단체 포옹,Abrazo Grupal,es-AR
달콤한 간식,Dulces Golosinas,es-AR
대격변 생성기,Megamorfosis,es-AR
대장군의 명예,Honor del Caudillo,es-AR
대천사의 지팡이,Báculo del Arcángel,es-AR
대출 선지급,Préstamo Anticipado,es-AR
더욱 치명적인 모자,Sombreros Más Letales,es-AR
덤불 조끼,Vesta Espinosa,es-AR
도금 강철,Acero Dorado,es-AR
도둑 무리,Banda de Ladrones,es-AR
도둑 무리 II,Banda de Ladrones II,es-AR
도적의 장갑,Guantes de Ladrón,es-AR
도전자,Retador,es-AR
도전자 모드,Modo Retador,es-AR
도전자 상징,Emblema de Retadores,es-AR
돈 폭풍,Monzón Millonario,es-AR
돈독,Avaricia,es-AR
동료 제작,Construye tu Compi,es-AR
동물특공대,Animalia,es-AR
동물특공대 상징,Emblema Animalia,es-AR
동물특공대 지휘관,Comandante Animalia,es-AR
뒤집개,Espátula,es-AR
드론 업링크,Enlace de Dron,es-AR
땔감 제공,Alimenta las Llamas,es-AR
라바돈의 죽음모자,Sombrero Mortífero de Rabadon,es-AR
라아스트,Rhaast,es-AR
라이트실드 문장,Cresta de Escudo de Luz,es-AR
람머스,Rammus,es-AR
레벨 업!,¡Sube de nivel!,es-AR
레오나,Leona,es-AR
렉사이,Rek'Sai,es-AR
루덴의 폭풍,Tempestad de Luden,es-AR
룰루,Lulu,es-AR
르블랑,LeBlanc,es-AR
리븐,Riven,es-AR
리산드라,Lissandra,es-AR
리치베인,Maldición del Liche,es-AR
마법 주사위,Tirada Mágica,es-AR
마법공학 총검,Sablepistola Hextech,es-AR
마법사의 최후,Al Filo de la Cordura,es-AR
마스터 이,Maestro Yi,es-AR
마오카이,Maokai,es-AR
말살자,Erradicador,es-AR
맑은 정신,Mente Despejada,es-AR
망령 해적검,Sable Espectral,es-AR
메카,Mecha,es-AR
명멸검,Cuchillas Raudas,es-AR
모데카이저,Mordekaiser,es-AR
모렐로노미콘,Morellonomicón,es-AR
모르가나,Morgana,es-AR
무차별적 살인자,Verdugo Indiscriminado,es-AR
무한의 대검,Filo del Infinito,es-AR
무한한 보호,Protección del Infinito,es-AR
미래 지향적 사고,Pensar a Futuro,es-AR
미스 포츈,Miss Fortune,es-AR
밀리오,Milio,es-AR
바드,Bardo,es-AR
바루스의 은총,Bendición de Varus,es-AR
바루스의 집착,Obsesión de Varus,es-AR
반도체,Semiconductor,es-AR
반항아,Inadaptados,es-AR
밤의 끝자락,Filo de la Noche,es-AR
방한 장갑,Mitones,es-AR
베이가,Veigar,es-AR
벡스,Vex,es-AR
벨베스,Bel'Veth,es-AR
별돌보미,Astromante,es-AR
별돌보미 상징,Emblema de Astromante,es-AR
별빛 연계,Combo Estelar,es-AR
보루,Baluarte,es-AR
보물 사냥,Cazatesoros,es-AR
보석 건틀릿,Guantelete Deslumbrante,es-AR
보석 연꽃,Loto Adornado,es-AR
복제,Réplica,es-AR
복제자,Replicador,es-AR
복제자 모드,Modo Replicador,es-AR
부스터 팩,Paquete de Mejora,es-AR
부식,Corrosión,es-AR
부작용,Efectos Secundarios,es-AR
부활의 은총,Bendición de Resurrección,es-AR
불굴,El Indomable,es-AR
불완전한 초월,Ascensión parcial,es-AR
불한당,Furtivo,es-AR
불한당 상징,Emblema de Furtivo,es-AR
붉고 푸른 효과,"Una Mejora, Dos Mejoras",es-AR
붉은 덩굴정령,Mejora Roja,es-AR
브라이어,Briar,es-AR
블리츠크랭크,Blitzcrank,es-AR
빅뱅,El Big Bang,es-AR
빅토르,Viktor,es-AR
빛비늘 정수,Esencia de Brilloescama,es-AR
뻗어가는 뿌리,Raíces Propagadoras,es-AR
뽀삐,Poppy,es-AR
사미라,Samira,es-AR
사이버네틱 이식술,Implantes Cibernéticos,es-AR
사이버네틱 통신,Enlace Cibernético,es-AR
삼인방,Trifecta,es-AR
새로고침의 날,Actualiza sin parar,es-AR
새로운 시대,Época,es-AR
새벽심장,Esfera del Amanecer,es-AR
새벽의 방패,Égida del Amanecer,es-AR
생선대가리,Carapescado,es-AR
생일 모임,Reunión de Cumpleaños,es-AR
생일 선물,Regalo de cumpleaños,es-AR
생존자,Sobreviviente,es-AR
서사적 새로고침,Rerroleo Épico,es-AR
서열 상승,Ascender de Posición,es-AR
서풍,Céfiro,es-AR
선물 꾸러미,Paquete de Cuidados,es-AR
선봉대,Vanguardia,es-AR
선봉대 상징,Emblema de Vanguardia,es-AR
성취,A Remontar,es-AR
소나,Sona,es-AR
소라카의 기적,Milagro de Soraka,es-AR
소라카의 은총,Bendición de Soraka,es-AR
소형 블랙홀,Miniagujero Negro,es-AR
쇠사슬 조끼,Cota de Malla,es-AR
쇼진의 창,Lanza de Shojin,es-AR
수상한 외투,Gabardina Sospechosa,es-AR
수완가,Estafador,es-AR
수은,Capa Mercurial,es-AR
수호자의 맹세,Juramento del Protector,es-AR
수호자의 친구,Alianza del Guardián,es-AR
순교자의 미덕,Virtud del Mártir,es-AR
쉔,Shen,es-AR
스태틱의 단검,Daga de Statikk,es-AR
스테락의 도전,Guantelete de Sterak,es-AR
슬쩍하기,Hurto,es-AR
습격자,Merodeador,es-AR
습격자 상징,Emblema de Merodeador,es-AR
승승장구,En racha,es-AR
승천의 부적,Talismán de Ascensión,es-AR
시간 균열자,Rompetiempo,es-AR
시간 균열자 상징,Emblema de Rompetiempo,es-AR
시계태엽 윤활유,Acelerador Mecánico,es-AR
시동 걸기,Inicio Veloz,es-AR
신병,Nuevo Recluta,es-AR
신성 결투가,Duelista Divino,es-AR
신성한 대장간,Forja Apoteósica,es-AR
신의 축복,Bendecido por los Dioses,es-AR
신중한 제작,Forja latente,es-AR
실컷 울어봐라,Llora Todo lo que Quieras,es-AR
싸움꾼,Peleador,es-AR
싸움꾼 상징,Emblema de Peleadores,es-AR
쌍두마차,Doble Tanque,es-AR
쌍둥이 수호자,Guardianes Gemelos,es-AR
쓰레쉬의 랜턴,Linterna de Thresh,es-AR
쓰레쉬의 은총,Bendición de Thresh,es-AR
쓸데없이 큰 지팡이,Vara Innecesariamente Grande,es-AR
아리의 오라,Aura de Ahri,es-AR
아리의 은총,Bendición de Ahri,es-AR
아우렐리온 솔,Aurelion Sol,es-AR
아우렐리온 솔의 은총,Bendición de Aurelion Sol,es-AR
아이템 꾸러미,Bolsa de Objetos,es-AR
아칼리,Akali,es-AR
아케인 빅토르이!,Viktoria Arcana,es-AR
아트록스,Aatrox,es-AR
악성코드 매트릭스,Matriz de Malware,es-AR
악의적 수익 창출,Monetización Maligna,es-AR
암흑의 별,Estrella Oscura,es-AR
암흑의 별 상징,Emblema de Estrella Oscura,es-AR
야스오의 검술,Esgrima de Yasuo,es-AR
야스오의 스포트라이트 공유,Comparte los Reflectores con Yasuo,es-AR
야스오의 은총,Bendición de Yasuo,es-AR
야스오의 황금 칸,Hex Dorado de Yasuo,es-AR
약간 신비한 주사위,Tirada Ligeramente Mágica,es-AR
어둠의 여인,Dama Oscura,es-AR
어수선한 마음,Mente Saturada,es-AR
얽힌 마법,Magia Tejida,es-AR
엄청나게 이로운 효과!,¡Milestadísticas!,es-AR
에너지 파동,Kahunahuna,es-AR
에코의 은총,Bendición de Ekko,es-AR
에코의 인내,Paciencia de Ekko,es-AR
여신의 눈물,Lágrima de la Diosa,es-AR
여행자,Viajero,es-AR
여행자 상징,Emblema de Viajero,es-AR
역병의 보석,Joya Maldita,es-AR
역전의 서막,Volver al Ruedo,es-AR
연결 불가,Conexiones fallidas,es-AR
연속 주문 사용,Conjuros Continuos,es-AR
연습용 장갑,Guantes de Combate,es-AR
영웅 꾸러미,Bolsa de Sorpresas Heroica,es-AR
영원한 브론즈,Bronce de por Vida,es-AR
영원한 서약,Pacto Eterno,es-AR
영혼 각성,Despertar del Alma,es-AR
예금 계좌,Cuenta de Ahorros,es-AR
예비 활,Arcos de Repuesto,es-AR
예상된 예상 밖의 결과,Espera lo Inesperado,es-AR
예언자,Oráculo,es-AR
오라 축적,Farmeo Áurico,es-AR
오로라,Aurora,es-AR
오른,Ornn,es-AR
왕관의 무게,Pesada es la Corona,es-AR
요새,Bastión,es-AR
요새 상징,Emblema de Bastión,es-AR
용의 발톱,Garra de Dragón,es-AR
우르곳,Urgot,es-AR
우르프의 갬빗,Gambito de Urf,es-AR
우르프의 꾸러미,Bolsa de Sorpresas de Urf,es-AR
우주 그루브,Onda Espacial,es-AR
우주 그루브 상징,Emblema de Onda Espacial,es-AR
우주적 재시작,Reinicio Cósmico,es-AR
운명술사,Tejedestinos,es-AR
워모그의 갑옷,Armadura de Warmog,es-AR
위험한 행보,Jugadas arriesgadas,es-AR
유기물 보존기,Preservador de Biomateria,es-AR
유리 대포,Cañón de Cristal,es-AR
유연함,Flexible,es-AR
유용한 금속,Recursos de Hierro,es-AR
은빛 여명,Amanecer Plateado,es-AR
은수저,Cuchara de plata,es-AR
은하계 사냥꾼,Cazagalaxias,es-AR
음전자 망토,Capa de Negatrones,es-AR
응당한 대가,A qué precio,es-AR
응징,Retribución,es-AR
이블린의 본능,Instinto de Evelynn,es-AR
이블린의 은총,Bendición de Evelynn,es-AR
이온 충격기,Chispa Iónica,es-AR
이즈리얼,Ezreal,es-AR
인지 과부하,Sobrecarga Cognitiva,es-AR
인지세,Impuesto Cognitivo,es-AR
일라오이,Illaoi,es-AR
일상물,Fragmento de Vida,es-AR
임무 재시작,Reiniciar Misión,es-AR
임시변통 방어구,Armadura Improvisada,es-AR
자객의 발톱,Garra del Merodeador,es-AR
자리 비움,Inactividad,es-AR
자야,Xayah,es-AR
작은 꾸러미,Bolsa de Sorpresas Pequeña,es-AR
작은 친구들,Amiguitos,es-AR
작지만 치명적인,Pequeño pero mortífero,es-AR
장기 투자,Acumular,es-AR
재빠른 더블 킬,Asesinato Doble Veloz,es-AR
재빠른 무장,De fiesta,es-AR
재생의 바람,Segundo Aire,es-AR
재활용 쓰레기통,Bote de Segunda Mano,es-AR
잭스,Jax,es-AR
저 별을 향해,Apunta a las Estrellas,es-AR
저격수,Francotirador,es-AR
저격수 상징,Emblema de Francotiradores,es-AR
저녁갑주,Manto del Ocaso,es-AR
저주받은 왕관,Corona Maldita,es-AR
저주받은 칼날,Cuchilla Maldita,es-AR
적응형 투구,Yelmo Adaptable,es-AR
전달자,Canalizador,es-AR
전달자 모드,Modo Canalizador,es-AR
전략가의 망토,Capa de Estratega,es-AR
전략가의 방패,Escudo del Estratega,es-AR
전략가의 왕관,Corona de Estratega,es-AR
전략가의 주방,Cocina de Estratega,es-AR
전방의 토대,Cimientos de Línea Frontal,es-AR
전하 이동,Transferencia de Carga,es-AR
점심값,Dinero del almuerzo,es-AR
정교한 공예,Artesanía Creativa,es-AR
정렬,Alineación,es-AR
정령단 속도,Velocidad Termeepnal,es-AR
정령의 형상,Apariencia Espiritual,es-AR
정령족,Meeplo,es-AR
정령족 상징,Emblema de Meeplo,es-AR
정의의 손길,Mano de la Justicia,es-AR
제드,Zed,es-AR
조기 교육,Primeras Lecciones,es-AR
조이,Zoe,es-AR
조합 아이템 강탈,Asalto de Componentes,es-AR
주인공 버프,La trama lo protege,es-AR
죽음의 검,Filo de la Muerte,es-AR
중심 잡기,Halla tu Centro,es-AR
중재자,Sentencia,es-AR
중재자 상징,Emblema de Sentencia,es-AR
즈롯 차원문,Portal Zz'Rot,es-AR
증강된 힘,Poder Mejorado,es-AR
지옥불 손도끼,Hacha de Fuego Infernal,es-AR
지크의 음산한 전령,Heraldo de las Tinieblas de Zeke,es-AR
지크의 전령,Heraldo de Zeke,es-AR
지팡이 제작자,Fabricante de Varas,es-AR
지평선의 초점,Enfoque al Horizonte,es-AR
지휘관,Comandante,es-AR
진,Jhin,es-AR
진형 유지,Mantén la Posición,es-AR
징크스,Jinx,es-AR
찬란한 장난꾸러기,Rufián Radiante,es-AR
참는 자에게 복을,La Paciencia es una Virtud,es-AR
철퇴의 의지,Voluntad del Mazo,es-AR
청부 살인마,Asesino a Sueldo,es-AR
초가스,Cho'Gath,es-AR
초능력,Psiónico,es-AR
초능력 상징,Emblema de Psiónico,es-AR
초월,Ascenso,es-AR
최신상,Nuevo de Fábrica,es-AR
최적화,Mínimo/Máximo,es-AR
최후의 속삭임,Último Suspiro,es-AR
추방자,Exiliados,es-AR
추적자의 팔목 보호대,Guardabrazo del Buscador,es-AR
출세가도,Trepador Social,es-AR
출정,Sendero de Guerra,es-AR
충돌 시험용 봇,Muñecos de Prueba para Choques,es-AR
치명적 성공,Éxito Crítico,es-AR
치명적인 칼날,Espadas Más Letales,es-AR
친구 만들기,Arma un Amigo,es-AR
친구 만들기,Haciendo Amistades,es-AR
침략자 제드,Invasor Zed,es-AR
침묵의 장막,Manto de Quietud,es-AR
카르마,Karma,es-AR
카이사,Kai'Sa,es-AR
카파 주스,Juguito de Gorrito,es-AR
케이틀린,Caitlyn,es-AR
케일의 승천,Exaltación de Kayle,es-AR
케일의 은총,Bendición de Kayle,es-AR
케일의 찬란한 승천,Exaltación Radiante de Kayle,es-AR
코르키,Corki,es-AR
크기의 중요성,El Tamaño Importa,es-AR
크라운가드,Guardia de la Corona,es-AR
크라켄의 분노,Furia del Kraken,es-AR
큰 꾸러미,Bolsa de Sorpresas grande,es-AR
킨드레드,Kindred,es-AR
타격대의 철퇴,Mangual del Guerrero,es-AR
타락한 흡혈의 낫,Cetro Vampírico Corrupto,es-AR
탈론,Talon,es-AR
탐 켄치,Tahm Kench,es-AR
탐사,Expedición,es-AR
탑,La Torre,es-AR
태고족,Primordiano,es-AR
태고족 상징,Emblema de Primordianos,es-AR
태양불꽃 망토,Capa de Fuego Solar,es-AR
태양불꽃판,Tablero de Fuego Solar,es-AR
투자,Inversión,es-AR
트위스티드 페이트,Twisted Fate,es-AR
특별 맞춤 설정,Personalización exclusiva,es-AR
특성 나무,El Árbol de Rasgos,es-AR
특성 선택,Elige el rasgo,es-AR
특성의 고서,Tomo de Rasgos,es-AR
티모,Teemo,es-AR
파멸자,Condenador,es-AR
파묻힌 보물,Tesoros Enterrados,es-AR
파이크,Pyke,es-AR
파이트 머니,Boxeador Profesional,es-AR
파티광,Fiera Fiestera,es-AR
판도라의 대기석,Banca de Pandora,es-AR
판도라의 아이템,Objetos de Pandora,es-AR
판테온,Pantheon,es-AR
폭발적인 성장,Crecimiento Explosivo,es-AR
표적 고정 광학 장치,Óptica de Fijación de Objetivo,es-AR
푸른 파수꾼,Mejora azul,es-AR
프라이팬,Sartén,es-AR
프리즘 티켓,Boleto Prismático,es-AR
피바라기,La Sanguinaria,es-AR
피오라,Fiora,es-AR
피의 공물,Ofrenda de Sangre,es-AR
피의 대가,Precio Sangriento,es-AR
피즈,Fizz,es-AR
하급 거울의 환영,Persona en Espejo menor,es-AR
"하나, 둘, 다섯!","Uno, dos, ¡cinco!",es-AR
"하나, 둘, 셋","Uno, Dos, Tres",es-AR
하나로 뭉치는 거지,No nos Separamos,es-AR
해진 유물,Reliquia Marchita,es-AR
행운의 기운,¿Te Sientes con Suerte?,es-AR
행운의 장갑,Guantes de la Suerte,es-AR
헤지 펀드,Fondo de inversión,es-AR
현명한 소비,Saber Gastar,es-AR
협곡 바위 게,Cangrejo Escurridizo,es-AR
협력,Forma equipo,es-AR
호화로운 정기 구독,Suscripción de Lujo,es-AR
혼돈의 부름,Llamado al Caos,es-AR
화력 집중,Fuego Concentrado,es-AR
활력증진의 펜던트,Relicario Enervante,es-AR
활의 수호자,Mi arco a tu servicio,es-AR
황금 드래곤,El Dragón Dorado,es-AR
황금 알,El Huevo Dorado,es-AR
황혼의 방패,Égida del Ocaso,es-AR
회복의 구,Orbes de curación,es-AR
회복의 메아리,Ecos Reparadores,es-AR
후반 성장,Progresión en el juego tardío,es-AR
후반 전문가,Especialista en el juego tardío,es-AR
후방 설계도,Plano de Línea Trasera,es-AR
훈련 봇,Muñeco de Entrenamiento,es-AR
훈련 봇 변환,¿Hacemos un Muñeco?,es-AR
휴대용 대장간,Forja Portátil,es-AR
흐르는 눈물,Corriente de Lágrimas,es-AR
흡혈의 활력,Vitalidad Vampírica,es-AR
흥청망청,Compras compulsivas,es-AR
힘을 실은 제련,Forjado en la Fortaleza,es-AR
힘의 성배,Cáliz de Poder,es-AR
羊刀,Espadafuria de Guinsoo,es-AR
帽子,Sombrero Mortífero de Rabadon,es-AR
大帽,Sombrero Mortífero de Rabadon,es-AR
法帽,Sombrero Mortífero de Rabadon,es-AR
青龙刀,Lanza de Shojin,es-AR
龙刀,Lanza de Shojin,es-AR
蓝buff,Mejora azul,es-AR
大天使,Báculo del Arcángel,es-AR
AA,Báculo del Arcángel,es-AR
珠光,Guantelete Deslumbrante,es-AR
法爆,Guantelete Deslumbrante,es-AR
JG,Guantelete Deslumbrante,es-AR
鬼书,Morellonomicón,es-AR
离子,Chispa Iónica,es-AR
纳什,Diente de Nashor,es-AR
科技枪,Sablepistola Hextech,es-AR
枪刃,Sablepistola Hextech,es-AR
虚空,Báculo del Vacío,es-AR
法穿棒,Báculo del Vacío,es-AR
无尽,Filo del Infinito,es-AR
IE,Filo del Infinito,es-AR
死刃,Filo de la Muerte,es-AR
杀人剑,Filo de la Muerte,es-AR
DB,Filo de la Muerte,es-AR
巨杀,Verdugo de Gigantes,es-AR
GS,Verdugo de Gigantes,es-AR
轻语,Último Suspiro,es-AR
LW,Último Suspiro,es-AR
海妖,Furia del Kraken,es-AR
泰坦,Valor del Titán,es-AR
幽梦,Espada Fantasma de Youmuu,es-AR
QSS,Capa Mercurial,es-AR
血手,Guantelete de Sterak,es-AR
饮血,La Sanguinaria,es-AR
BT,La Sanguinaria,es-AR
反甲,Vesta Espinosa,es-AR
龙爪,Garra de Dragón,es-AR
DC,Garra de Dragón,es-AR
石像鬼,Armadura Pétrea,es-AR
狂徒,Armadura de Warmog,es-AR
夜锋,Filo de la Noche,es-AR
EON,Filo de la Noche,es-AR
日炎,Capa de Fuego Solar,es-AR
适应,Yelmo Adaptable,es-AR
坚定,Espíritu Firme,es-AR
心之刚,Espíritu Firme,es-AR
斯特拉克,Guantelete de Sterak,es-AR
偷偷,Guantes de Ladrón,es-AR
圣盾,Juramento del Protector,es-AR
誓约,Juramento del Protector,es-AR
冰甲,Juramento del Protector,es-AR
圣杯,Cáliz de Poder,es-AR
基克,Heraldo de Zeke,es-AR
鸟盾,Relicario de los Solari de Hierro,es-AR
正义,Mano de la Justicia,es-AR
HOJ,Mano de la Justicia,es-AR
法衣,Manto de Quietud,es-AR
女妖,Velo de la Banshee,es-AR
薄暮,Manto del Ocaso,es-AR
骑士,Promesa del Caballero,es-AR
月石,Renovador de Piedra Lunar,es-AR
恶意,Resentimiento,es-AR
嘉文,Jarvan IV,es-AR
J4,Jarvan IV,es-AR
菊花信,Xin Zhao,es-AR
小炮,Tristana,es-AR
卡牌,Twisted Fate,es-AR
牌爹,Twisted Fate,es-AR
TF,Twisted Fate,es-AR
挖掘机,Rek'Sai,es-AR
妖姬,LeBlanc,es-AR
船长,Gangplank,es-AR
GP,Gangplank,es-AR
大卑,Bel'Veth,es-AR
蝙蝠,Bel'Veth,es-AR
女枪,Miss Fortune,es-AR
霸龙,T-Hex,es-AR
霸王龙,T-Hex,es-AR
螃蟹,Cangrejo Escurridizo,es-AR
猴子,Wukong,es-AR
稻草人,Fiddlesticks,es-AR
蛤蟆,Tahm Kench,es-AR
狗熊,Volibear,es-AR
龙王,Aurelion Sol,es-AR
小法,Veigar,es-AR
老鼠,Twitch,es-AR
诺手,Darius,es-AR
德玛,Garen,es-AR
大虫子,Cho'Gath,es-AR
灯笼,Thresh,es-AR
大嘴,Kog'Maw,es-AR
狼人,Warwick,es-AR
鳄鱼,Renekton ,es-AR
龙女,Shyvana,es-AR
豹女,Nidalee,es-AR
寒冰,Ashe,es-AR
女警,Caitlyn,es-AR
皮城女警,Caitlyn,es-AR
琴女,Sona,es-AR
机器人,Blitzcrank,es-AR
男爵,Barón Nashor,es-AR
杀手,Fulminador,es-AR
大龙,Barón Nashor,es-AR
小菊,Brock,es-AR
流浪,Ryze,es-AR
偷男,Sylas,es-AR
甘雨,Kindred,es-AR
劲夫,Sett,es-AR
棺材板,Xerath ,es-AR
剑魔,Aatrox,es-AR
乌鸦,Swain,es-AR
光女,Lux,es-AR
酸辣粉,Seraphine,es-AR
宝石,Taric,es-AR
德子,Draven,es-AR
冰女,Lissandra,es-AR
电耗子,Kennen,es-AR
猪女,Sejuani,es-AR
猪妹,Sejuani,es-AR
剪刀,Gwen,es-AR
掘墓,Yorick ,es-AR
皎月,Diana,es-AR
蛮王,Tryndamere,es-AR
腰子,Shen,es-AR
赏金,Miss Fortune,es-AR
冰鸟,Anivia,es-AR
爆弹,Ziggs,es-AR
黑妹,Mel,es-AR
熊,Tibbers,es-AR
佛爷,Viego,es-AR
沙皇,Azir,es-AR
日女,Leona,es-AR
女坦,Leona,es-AR
丁真,Milio,es-AR
小法师,Veigar,es-AR
滑板鞋,Kalista,es-AR
火女,Annie,es-AR
狗头,Nasus,es-AR
板甲,Armadura Pétrea,es-AR
赌狗,reroll,es-AR
运营,econ,es-AR
转向,pivot,es-AR
质量,board strength,es-AR
连败,lose streak,es-AR
连胜,win streak,es-AR
速8,fast 8,es-AR
摆烂,open fort,es-AR
卖血,sack,es-AR
慢D,slow roll,es-AR
大转型,hard pivot,es-AR
小调整,soft pivot,es-AR
海克斯,augment,es-AR
运气好,highroll,es-AR
运气差,lowroll,es-AR
棱彩强化,prismatic augment,es-AR
铲爷,mobile player,es-AR
