source,target,tgt_lng
1个霸符，2个霸符,تعزيزٌ هنا وتعزيزٌ هناك,ar
2 Vàng Là Nhất,قيمة مزدوجة,ar
2体のタンク,توأم تانك,ar
2만한 가치,قيمة مزدوجة,ar
2인조,الطابور الثنائي,ar
3の軍団,الفيلق الثلاثي,ar
3단계 군단,الفيلق الثلاثي,ar
4가 함께하길,الأربعة تربح,ar
4후지원,أربعة تكسب ترقية,ar
8级D干的传说,استبدالٌ ملحمي,ar
A Hajnal égisze,درع الفجر,ar
A Magic Roll,الرمية السحرية,ar
A Masszív mecha,الميكا الجبار,ar
A Nagy Bumm,الانفجار العظيم,ar
A Que Custo,مقابل أي ثمن,ar
A Remontar,الفوز الكبير,ar
A Torre,البرج,ar
A União Faz a Força,نتماسك معًا,ar
A buzogány akarata,إرادة الصولجان,ar
A felemelkedés talizmánja,تميمة الارتقاء,ar
A feltámadás áldása,هبة الإنعاش,ar
A frontvonal alapjai,تأسيس الخط الأمامي,ar
A gondviselő barátja,حليف الوصي,ar
A gyűjtögető adománya,هبة تجميع الخردة,ar
A hatalom kelyhe,كأس القوة,ar
A járatlan út,التوسع,ar
A kraken haragja,فورة الكراكن,ar
A káosz hívása,دعوة إلى الفوضى,ar
A legapróbb titán,أصغر عملاق,ar
A megváltás szelleme,روح الافتداء,ar
A mozdulatlanság leple,ستار السكون,ar
A méret a lényeg,الحجم مهم,ar
A nagy pofon,كاهوناهونا,ar
A négyek ereje,الأربعة تربح,ar
A por el bote,مقاتل الجوائز,ar
A por la victoria,الفوز الكبير,ar
A portyázó karma,مخلب المتصيد,ar
A prueba de choques,دمى اختبار التحطم,ar
A quale prezzo,مقابل أي ثمن,ar
A qué precio,مقابل أي ثمن,ar
A rettenthetetlen,الصنديد,ar
A taktikus koronája,تاج المخطِط,ar
A titán elszántsága,عزم العملاق,ar
A torony,البرج,ar
A végjáték szakértője,اختصاصي نهاية المباراة,ar
A vízköpő sziklavértje,درع صدر مرزاب الحجري,ar
AFK,التغيب عن اللعب,ar
Aatrox,آتروكس,ar
Abbonamento di lusso,الاشتراك الفخم,ar
Abbraccio di gruppo,عناق جماعي,ar
Abendschleier,الدرع الساتر,ar
Abo-Service,خدمة الاشتراك,ar
Abonament,خدمة الاشتراك,ar
Abonament de lux,الاشتراك الفخم,ar
Abondance de baguettes,القصبات الوفيرة,ar
Abondance de ceintures,الأحزمة الوفيرة,ar
Abondance de glaives,السيوف الوفيرة,ar
Abonelik Hizmeti,خدمة الاشتراك,ar
Abonnement,خدمة الاشتراك,ar
Abonnement premium,الاشتراك الفخم,ar
Abra o Caminho,شق الدرب,ar
Abrazo Grupal,عناق جماعي,ar
Abrazo grupal,عناق جماعي,ar
Abraço Coletivo,عناق جماعي,ar
Absurdalnie Wielka Różdżka,قصبة عريضة بلا داع,ar
Abwesend,التغيب عن اللعب,ar
Accelerator mecanic,مسرِّع الساعة,ar
Acceleratore meccanico,مسرِّع الساعة,ar
Accetta infernale,فأس نيران الجحيم,ar
Acciaio brillante,الفولاذ المذهب,ar
Accélérateur mécanique,مسرِّع الساعة,ar
Acelerador Mecanizado,مسرِّع الساعة,ar
Acelerador Mecánico,مسرِّع الساعة,ar
Acelerador de relojería,مسرِّع الساعة,ar
Acero Dorado,الفولاذ المذهب,ar
Acero dorado,الفولاذ المذهب,ar
Achat 3 étoiles,بناء مرافق,ar
Acier doré,الفولاذ المذهب,ar
Actualiza sin parar,الاستبدالات الوفيرة,ar
Acumular,الاستثمار طويل الأجل,ar
Acélszív,القلب الفولاذي,ar
Adagas Oscilantes,النصال الخاطفة,ar
Adaletin Eli,يد العدالة,ar
Adaletin Yumruğu,القصاص,ar
Adaptive Helm,الخوذة المتكيفة,ar
Adaptiver Helm,الخوذة المتكيفة,ar
Adaptív sisak,الخوذة المتكيفة,ar
Addestramento da Guardia del corpo,تدريب الحارس الشخصي,ar
Adiestramiento de guardaespaldas,تدريب الحارس الشخصي,ar
Advanced Loan,سلفة قرض,ar
Aegis of Dawn,درع الفجر,ar
Aegis of Dusk,درع الغسق,ar
Agujero negro en miniatura,الثقب الأسود الصغير,ar
Ahri aurája,هالة آري,ar
Ahri áldása,هبة آري,ar
Ahri'nin Haresi,هالة آري,ar
Ahri'nin Lütfu,هبة آري,ar
Ahri's Aura,هالة آري,ar
Ahri's Boon,هبة آري,ar
Ahris Aura,هالة آري,ar
Ahris Segen,هبة آري,ar
Ahřin dar,هبة آري,ar
Ahřina aura,هالة آري,ar
Ajándékcsomag,حزمة الرعاية,ar
Akali,أكالي,ar
Akan Gözyaşları,الدموع المتدفقة,ar
Akcelerator Nakręcanego,مسرِّع الساعة,ar
Aklın Sonu,الموقف الحرج,ar
Aktualisierungstaumel,الاستبدالات الوفيرة,ar
Akıllı Harcama,الإنفاق الحكيم,ar
Al Filo de la Cordura,الموقف الحرج,ar
Alacakaranlık Kalkanı,درع الغسق,ar
Alakzatba,تشكيل الصفوف,ar
Alba di Silvermere,فجر سيلفرمير,ar
Alcance as Estrelas,السعي نحو النجوم,ar
Alege caracteristica,اختر خاصية,ar
Alevleri Körükle,تغذية ألسنة اللهب,ar
Alfanje Espectral,السيف الطيفي,ar
Aliado do Protetor,حليف الوصي,ar
Alianza del Guardián,حليف الوصي,ar
Alianza del protector,حليف الوصي,ar
Aliatul îngrijitorului,حليف الوصي,ar
Alimenta las Llamas,تغذية ألسنة اللهب,ar
Alimentad las llamas,تغذية ألسنة اللهب,ar
Alimentare le fiamme,تغذية ألسنة اللهب,ar
Alimente as Chamas,تغذية ألسنة اللهب,ar
Alineación,تشكيل الصفوف,ar
Aliniere,تشكيل الصفوف,ar
Alkatrészes zsák,كيس هدايا العناصر,ar
Alleato del custode,حليف الوصي,ar
Allumer le feu,تغذية ألسنة اللهب,ar
Alma da Festa,محترف الحفلات,ar
Alta Voltagem,الكهرباء القوية,ar
Alta tensione,الكهرباء القوية,ar
Alto Voltaje,الكهرباء القوية,ar
Alto voltaje,الكهرباء القوية,ar
Altın Ejder,التنين الذهبي,ar
Altın Riski,الرهان الذهبي,ar
Altın Yumurta,البيضة الذهبية,ar
Alvorada de Pratânia,فجر سيلفرمير,ar
Aléatoire jacta est,التوسع,ar
Aléatoirement vôtre,الطابور الثنائي,ar
Alışveriş Çılgınlığı,فورة تسوق,ar
Amanecer Plateado,فجر سيلفرمير,ar
Amanecer de Meraplata,فجر سيلفرمير,ar
Ami sur mesure,صناعة صديق,ar
Amico dei Mippi,صديق الميب,ar
Amico fai-da-te,بناء البطل,ar
Amigos a medida,بناء البطل,ar
Amiguinhos,الرفاق الصغار,ar
Amiguitos,الرفاق الصغار,ar
Amulet Vyzdvižení,تميمة الارتقاء,ar
Amulett der eisernen Solari,قلادة سولاري الحديدي,ar
Amulett des Aufstiegs,تميمة الارتقاء,ar
An Exalted Adventure,المغامرة الفخمة,ar
Ana Karaktere Bir Şey Olmaz,دروع البطل,ar
Andare per le lunghe,الاستثمار طويل الأجل,ar
Angajament solid,الالتزام الصارم,ar
Ani Büyüme,النمو المتفجر,ar
Anima,أنيما,ar
Anima Amblemi,شارة أنيما,ar
Anima Commander,قائد أنيما,ar
Anima Emblem,شارة أنيما,ar
Anima Komutanı,قائد أنيما,ar
Anima-Emblem,شارة أنيما,ar
Anima-Kommandant,قائد أنيما,ar
Animale da festa,محترف الحفلات,ar
Animalia,أنيما,ar
Antrenamentul gărzii de corp,تدريب الحارس الشخصي,ar
Anı Yaşa,الاستهلاك ضروري,ar
Apariencia Espiritual,وجه الروح,ar
Apocaliptic,حاملة المصائب,ar
Aposta em Ouro,الرهان الذهبي,ar
Apoteotická kovárna,مصهر التمجيد,ar
Apotheotic Forge,مصهر التمجيد,ar
Appel du chaos,دعوة إلى الفوضى,ar
Aprendizados Iniciais,الدروس المبكرة,ar
Aprendizaje inicial,الدروس المبكرة,ar
Aprire un passaggio,شق الدرب,ar
Apró cimborák,الرفاق الصغار,ar
Apró titánok,العمالقة الصغار,ar
Apuesta Dorada,الرهان الذهبي,ar
Apuesta dorada,الرهان الذهبي,ar
Apunta a las Estrellas,السعي نحو النجوم,ar
Apunta a las estrellas,السعي نحو النجوم,ar
Apărător,طليعي,ar
Aradığını Bul,حقق مرادك,ar
Arakla,الاختلاس,ar
Araldo di Zeke,نذير زيكي,ar
Aranyjátszma,الرهان الذهبي,ar
Arauto Desolador de Zeke,نذير زيكي الكئيب,ar
Arauto de Zeke,نذير زيكي,ar
Arbiter,قاضي,ar
Arbiter Emblem,شارة القاضي,ar
Arbitro,قاضي,ar
Arbitrzy,قاضي,ar
Arc courbe,القوس المنحني,ar
Arc încovoiat,القوس المنحني,ar
Arcane Vidor Viktor,انتصار فيكتور آركين,ar
Arcane Viktor-y,انتصار فيكتور آركين,ar
Arcane ビクタリー,انتصار فيكتور آركين,ar
Arcane-Viktor-y,انتصار فيكتور آركين,ar
Arcaniquement Viktor-ieux,انتصار فيكتور آركين,ar
Archandělova hůl,عصا كبير الحُماة,ar
Archangel's Staff,عصا كبير الحُماة,ar
Archi da supporto,الأقواس الاحتياطية,ar
Archibugio a ripetizione,مدفع النار السريع,ar
Arco Recurvado,القوس المنحني,ar
Arco Recurvo,القوس المنحني,ar
Arco curvo,القوس المنحني,ar
Arco ricurvo,القوس المنحني,ar
Arcos Reserva,الأقواس الاحتياطية,ar
Arcos de Repuesto,الأقواس الاحتياطية,ar
Arcos de refuerzo,الأقواس الاحتياطية,ar
Arcs à gogo,الأقواس الاحتياطية,ar
Arcuri de rezervă,الأقواس الاحتياطية,ar
Argento vivo,الزئبق,ar
Argint viu,الزئبق,ar
Argogranchio,ريفت سكاتلر,ar
Arka Sıra Savunması,خطة عمل الخط الخلفي,ar
Arkangyal pálcája,عصا كبير الحُماة,ar
Arma un Amigo,بناء البطل,ar
Armado máximo,التشكيل الأقصى,ar
Armadura Improvisada,الدروع المؤقتة,ar
Armadura Pétrea,درع صدر مرزاب الحجري,ar
Armadura de Warmog,درع وارموغ,ar
Armadura de trama,دروع البطل,ar
Armadura improvisada,الدروع المؤقتة,ar
Armaguarda da Caçadora,واقي ذراع المطارد,ar
Armatura di Warmog,درع وارموغ,ar
Armatura improvvisata,الدروع المؤقتة,ar
Armschutz des Suchenden,واقي ذراع المطارد,ar
Armura lui Warmog,درع وارموغ,ar
Armure de Warmog,درع وارموغ,ar
Armure improvisée,الدروع المؤقتة,ar
Armure roncière,السترة المدببة,ar
Armurier,صانع السيوف,ar
Armură improvizată,الدروع المؤقتة,ar
Aronguejo,ريفت سكاتلر,ar
Arta atacului lui Yasuo,مهارة مبارزة ياسو,ar
Artefacts à la rescousse,مصنوعٌ من القوة,ar
Artesanía Creativa,التصنيع المتقن,ar
Artiglio del drago,مخلب التنين,ar
Artiglio del predatore,مخلب المتصيد,ar
Aruncare magică,الرمية السحرية,ar
Arındırıcı,المخلّص,ar
Asalto de Componentes,عملية السطو على المكونات,ar
Ascender de Posición,تسلّق سلم التصنيفات,ar
Ascension,الارتقاء,ar
Ascension partielle,الارتقاء الجزئي,ar
Ascension sociale,الحركة التصاعدية,ar
Ascensione,الارتقاء,ar
Ascensione parziale,الارتقاء الجزئي,ar
Ascensiune,الارتقاء,ar
Ascensiune socială,الحركة التصاعدية,ar
Ascensión,الارتقاء,ar
Ascensión parcial,الارتقاء الجزئي,ar
Ascenso,الارتقاء,ar
Ascenso social,الحركة التصاعدية,ar
Ascensão,الارتقاء,ar
Ascensão Parcial,الارتقاء الجزئي,ar
Asesinato Doble Veloz,القتل المزدوج السريع,ar
Asesinato doble veloz,القتل المزدوج السريع,ar
Asesino a Sueldo,القاتل المأجور,ar
Asesino a sueldo,القاتل المأجور,ar
Aspoň k něčemu,نافع لشيء ما,ar
Assassinato Indiscriminado,قاتل لا يميز بين ضحاياه,ar
Assinatura de Luxo,الاشتراك الفخم,ar
Astral,المحدق بالنجوم,ar
Astro-groove,رقص الفضاء,ar
Astromante,المحدق بالنجوم,ar
Astronomo,المحدق بالنجوم,ar
At What Cost,مقابل أي ثمن,ar
Atalho à Vitória,الفوز الكبير,ar
Atirador de Elite,رامي,ar
Atributo elegido,اختر خاصية,ar
Attente récompensée,الأمر يستحق الانتظار,ar
Attribut wählen,اختر خاصية,ar
Atualização Épica,استبدالٌ ملحمي,ar
Atılgan,متحدي,ar
Atılgan Amblemi,شارة المتحدّي,ar
Atılgan Modu,وضع المتحدية,ar
Au bout du rouleau,الموقف الحرج,ar
Aube de Haut-Lac-d'Argent,فجر سيلفرمير,ar
Auf lange Sicht,الاستثمار طويل الأجل,ar
Aufschwung,النوبة الثانية,ar
Aufstellung,تشكيل الصفوف,ar
Aufstieg,الارتقاء,ar
Auftragsmörder,القاتل المأجور,ar
Aufwärtsmobilität,الحركة التصاعدية,ar
Augmented Power,قوة محسَّنة,ar
Augmentierte Macht,قوة محسَّنة,ar
Augmentovaná síla,قوة محسَّنة,ar
Aulas de Boxe,دروس الملاكمة,ar
Aumento di livello in solitaria,ترقية فردية,ar
Aumento di livello!,الترقية!,ar
Aura Ahri,هالة آري,ar
Aura Farming,حصاد الهالة,ar
Aura d'Ahri,هالة آري,ar
Aura de Ahri,هالة آري,ar
Aura di Ahri,هالة آري,ar
Aura lui Ahri,هالة آري,ar
Aura-farmen,حصاد الهالة,ar
Aurafarmolás,حصاد الهالة,ar
Aurelion Sol,أوريليون سول,ar
Aurelion Sol áldása,هبة أوريليون سول,ar
Aurelion Sol's Boon,هبة أوريليون سول,ar
Aurelion Sol'ün Lütfu,هبة أوريليون سول,ar
Aurelion Sols Segen,هبة أوريليون سول,ar
Aurelion Solův dar,هبة أوريليون سول,ar
Auronúcleo,جوهر الفجر,ar
Aurora,أورورا,ar
Avanguardia,طليعي,ar
Avaricia,جوع المال,ar
Aventura Exaltada,المغامرة الفخمة,ar
Avidité,جوع المال,ar
Avènement des deux,قيمة مزدوجة,ar
Awans,الحركة التصاعدية,ar
Awansujesz!,الترقية!,ar
Az Alkony égisze,درع الغسق,ar
Az Oltalmazó esküje,نذر الحامي,ar
Az adottságfa,شجرة الخواص,ar
Az adottságok könyve,مجلد الخواص,ar
Az aranysárkány,التنين الذهبي,ar
Az aranytojás,البيضة الذهبية,ar
Az erő itala,عصير القبعة,ar
Az igazság ökle,يد العدالة,ar
Az iron solarik medálja,قلادة سولاري الحديدي,ar
Az istenek kohója,مصهر التمجيد,ar
Az Üresség botja,صولجان الفويد,ar
Az éj kardja,عباءة الليل,ar
Az óriás öve,حزام العملاق,ar
Azami Dizilim,التشكيل الأقصى,ar
Azzardo di Urf,مناورة أورف,ar
Aço Áureo,الفولاذ المذهب,ar
Aşırı Büyük Sopa,قصبة عريضة بلا داع,ar
B.F. Sword,السيف الهائل,ar
B.F. 대검,السيف الهائل,ar
B.F.ソード,السيف الهائل,ar
"BEZ ZWIADU, BEZ ZMIAN",لا تغيير ولا استطلاع,ar
BF Glaive,السيف الهائل,ar
BRAK AKTYWNOŚCI,التغيب عن اللعب,ar
Bac de recyclage,الاستخلاص المفيد,ar
Backline Blueprint,خطة عمل الخط الخلفي,ar
Backup Bows,الأقواس الاحتياطية,ar
Bagarreur,مشاجر,ar
Baguette trop grosse,قصبة عريضة بلا داع,ar
Baguettes à gogo,استحضار السحر المستمر,ar
Bahne dir den Weg,شق الدرب,ar
Bajkeverő,مشاجر,ar
Bajkeverő embléma,شارة المشاجر,ar
Bajkeverők,الأشقياء,ar
Bajo el mismo foco de Yasuo,مشاركة تألق ياسو,ar
Baluardo,متراس,ar
Baluarte,متراس,ar
Bam!,طراخ!,ar
Banc de Pandore,دكة بدلاء باندورا,ar
Banca Pandorei,دكة بدلاء باندورا,ar
Banca de Pandora,دكة بدلاء باندورا,ar
Band of Thieves,عصابة اللصوص,ar
Band of Thieves II,عصابة اللصوص II,ar
Banda Złodziejaszków,عصابة اللصوص,ar
Banda Złodziejaszków II,عصابة اللصوص II,ar
Banda de Ladrones,عصابة اللصوص,ar
Banda de Ladrones II,عصابة اللصوص II,ar
Banda di ladri,عصابة اللصوص,ar
Banda di ladri II,عصابة اللصوص II,ar
Bande de voleurs,عصابة اللصوص,ar
Bande de voleurs II,عصابة اللصوص II,ar
Bandito,مارق,ar
Bando de Ladrões,عصابة اللصوص,ar
Bando de Ladrões II,عصابة اللصوص II,ar
Bandă de tâlhari,عصابة اللصوص,ar
Bandă de tâlhari II,عصابة اللصوص II,ar
Bani de buzunar,مصروف الغداء,ar
Banquillo de Pandora,دكة بدلاء باندورا,ar
Bard,بارد,ar
Bardo,بارد,ar
Baricadă,متراس,ar
Barkácsolt barkácsolás,التصنيع المتقن,ar
Baron verme,وكر البارون,ar
Baron's Lair,وكر البارون,ar
Baron'un İni,وكر البارون,ar
Baronovo doupě,وكر البارون,ar
Bastion,حصن,ar
Bastion Emblem,شارة الحصن,ar
Bastion-Emblem,شارة الحصن,ar
Bastione,حصن,ar
Bastião,حصن,ar
Bastión,حصن,ar
Bastone colossale,قصبة عريضة بلا داع,ar
Bastone del Vuoto,صولجان الفويد,ar
Bastão Desnecessariamente Grande,قصبة عريضة بلا داع,ar
Bastón del Vacío,صولجان الفويد,ar
Bastón del arcángel,عصا كبير الحُماة,ar
Bastón del serafín,عصا سيرافيم,ar
Baue einen Begleiter,بناء البطل,ar
Baue einen Begleiter,بناء مرافق,ar
Baza avangardei,تأسيس الخط الأمامي,ar
Başmelek Asası,عصا كبير الحُماة,ar
Bašta,حصن,ar
Becsapódás,الاستهلاك ضروري,ar
Beklemeye Değer,الأمر يستحق الانتظار,ar
Beklenen Beklenmezlik,مفاجآت الحظ,ar
Bel'Veth,بيلفيث,ar
Belt Overflow,الأحزمة الوفيرة,ar
Ben Tek Siz Hepiniz,ترقية فردية,ar
Bendecido por los Dioses,مباركة السماء,ar
Bendición de Ahri,هبة آري,ar
Bendición de Aurelion Sol,هبة أوريليون سول,ar
Bendición de Ekko,هبة إيكو,ar
Bendición de Evelynn,هبة إيفلين,ar
Bendición de Kayle,هبة كايل,ar
Bendición de Resurrección,هبة الإنعاش,ar
Bendición de Soraka,هبة سوراكا,ar
Bendición de Thresh,هبة ثريش,ar
Bendición de Varus,هبة فاروس,ar
Bendición de Yasuo,هبة ياسو,ar
Bendición de la chatarra,هبة تجميع الخردة,ar
Bendición del Chatarrero,هبة تجميع الخردة,ar
Bendito por los dioses,مباركة السماء,ar
Benedetto dagli dei,مباركة السماء,ar
Benlik Aynası,الشخصية المنعكسة,ar
Berechneter Verlust,الخسارة المحسوبة,ar
Berger,راعي,ar
Besace d'Urf,كيس هدايا أورف,ar
Besace héroïque,كيس الهدايا البطولي,ar
Best Friends,أفضل الأصدقاء,ar
Beste Freunde,أفضل الأصدقاء,ar
Bestia fiestera,محترف الحفلات,ar
Betervezett veszteség,الخسارة المحسوبة,ar
Bevásárló körút,فورة تسوق,ar
Bezwzględny Zabójca,قاتل لا يميز بين ضحاياه,ar
Big Bang,الانفجار العظيم,ar
Big Grab Bag,كيس هدايا كبير,ar
Biglietto prismatico,تذكرة موشورية,ar
Bilet prismatic,تذكرة موشورية,ar
Bileşen Eşya Soygunu,عملية السطو على المكونات,ar
Bilhete Prismático,تذكرة موشورية,ar
Bilişsel Patlama,الحمل المعرفي الزائد,ar
Bilişsel Vergi,الضريبة المعرفية,ar
Billete prismático,تذكرة موشورية,ar
Bindende Verpflichtung,الالتزام الصارم,ar
Binecuvântat de zei,مباركة السماء,ar
Biomassebewahrer,حافظ المادة الحيوية,ar
Biomassza-megőrző,حافظ المادة الحيوية,ar
Biomatter Preserver,حافظ المادة الحيوية,ar
Bir Yol Çiz,شق الدرب,ar
Bir İki Üç,واحد واثنان وثلاثة,ar
"Bir, İki, Beş!",واحد، اثنان، خمسة!,ar
Birikim Hesabı,حساب الادخار,ar
Birlikten Kuvvet Doğar,في الاتحاد قوة,ar
Birliğin Gücü,نتماسك معًا,ar
Birthday Present,هدية عيد الميلاد,ar
Birthday Reunion,لم شمل عيد الميلاد,ar
Biyomalzeme Koruyucusu,حافظ المادة الحيوية,ar
Biztos győzelem,الفوز الكبير,ar
Blason de Zeke,نذير زيكي,ar
Blason des Lightshield,رمز الدرع الخفيف,ar
Blason lugubre de Zeke,نذير زيكي الكئيب,ar
Blasón de Escudo de luz,رمز الدرع الخفيف,ar
Blauer Buff,محفز أزرق,ar
Blaupause für die hintere Reihe,خطة عمل الخط الخلفي,ar
Blazonul Lightshield,رمز الدرع الخفيف,ar
Blazonul solarilor de fier,قلادة سولاري الحديدي,ar
Blighting Jewel,الجوهرة المتلفة,ar
Blikavé čepele,النصال الخاطفة,ar
Blitzcrank,بليتزكرانك,ar
Bliźniaczy Strażnicy,الحارسان التوأمان,ar
Blood Offering,قربان الدم,ar
Blood Price,ثمن الدم,ar
Bloodthirster,المتعطش للدماء,ar
Blue Buff,محفز أزرق,ar
Blutdürster,المتعطش للدماء,ar
Blutopfer,قربان الدم,ar
Blutzoll,ثمن الدم,ar
Bluźnierczy Bożek,التمثال المحرّم,ar
Bodyguard Training,تدريب الحارس الشخصي,ar
Bogini Broni,سيدة الأسلحة,ar
Bokormellény,السترة المدببة,ar
Boks Dersi,دروس الملاكمة,ar
Bokszkesztyű,قفاز التدريب,ar
Bokszlecke,دروس الملاكمة,ar
Boleto Prismático,تذكرة موشورية,ar
Bollwerk,متراس,ar
Bolsa de Objetos,كيس هدايا العناصر,ar
Bolsa de Sorpresas Heroica,كيس الهدايا البطولي,ar
Bolsa de Sorpresas Pequeña,كيس هدايا صغير,ar
Bolsa de Sorpresas de Urf,كيس هدايا أورف,ar
Bolsa de Sorpresas grande,كيس هدايا كبير,ar
Bolsa sorpresa de Urf,كيس هدايا أورف,ar
Bolsa sorpresa de objetos,كيس هدايا العناصر,ar
Bolsa sorpresa grande,كيس هدايا كبير,ar
Bolsa sorpresa heroica,كيس الهدايا البطولي,ar
Bolsa sorpresa pequeña,كيس هدايا صغير,ar
Bombardıman Topu,مدفع النار السريع,ar
Boneco de Treinamento,دمية التدريب,ar
Bonecos de Impacto,دمى اختبار التحطم,ar
Bonk!,طراخ!,ar
Bonk !,طراخ!,ar
Boon of Resurrection,هبة الإنعاش,ar
Boon of the Scrapper,هبة تجميع الخردة,ar
Boong!,طراخ!,ar
Booster,حزمة الدعم,ar
Booster Pack,حزمة الدعم,ar
Booster-Packung,حزمة الدعم,ar
Boostery,حزمة الدعم,ar
Borsa degli oggetti,كيس هدايا العناصر,ar
Borsa di Urf,كيس هدايا أورف,ar
Borsa eroica,كيس الهدايا البطولي,ar
Borsa grande,كيس هدايا كبير,ar
Borsa piccola,كيس هدايا صغير,ar
Boscy Pojedynkowicze,المبارزة السامية,ar
Boshafte Monetarisierung,العوائد الخبيثة,ar
Boska Kuźnia,مصهر التمجيد,ar
Bote de Segunda Mano,الاستخلاص المفيد,ar
Botkovács,صانع القصبات,ar
Bouclier du Tacticien,درع المخطِط,ar
Boxeador Profesional,مقاتل الجوائز,ar
Boxing Lessons,دروس الملاكمة,ar
Boxunterricht,دروس الملاكمة,ar
Boyut Önemli,الحجم مهم,ar
Božská pistolnice,سيدة الأسلحة,ar
Božský duelista,المبارزة السامية,ar
Bramble Vest,السترة المدببة,ar
Branching Out,التوسع,ar
Bratpfanne,مقلاة,ar
Brawler,مشاجر,ar
Brawler Emblem,شارة المشاجر,ar
Brazalete de la buscadora,واقي ذراع المطارد,ar
Briar,براير,ar
Brigand,مغير,ar
Brise-temps,كاسر الزمن,ar
Bronce de por Vida,البرونزي حتى النهاية,ar
Bronce de por vida,البرونزي حتى النهاية,ar
Bronz mindörökké II.,البرونزي حتى النهاية,ar
Bronz nad zlato,البرونزي حتى النهاية,ar
Bronz pentru totdeauna,البرونزي حتى النهاية,ar
Bronzdan Şaşma,البرونزي حتى النهاية,ar
Bronze For Life,البرونزي حتى النهاية,ar
Bronze pour la vie,البرونزي حتى النهاية,ar
Bronze é Vida,البرونزي حتى النهاية,ar
Bronzo per la vita,البرونزي حتى النهاية,ar
Brylantowa Rękawica,القفاز المرصع بالجواهر,ar
Brylantowy Lotos,اللوتس المرصع,ar
Brățara căutătorului,واقي ذراع المطارد,ar
Bu Taç Ağır,عبء التاج ثقيل,ar
Bubuilă,فيشبونز,ar
Bucătăria tacticianului,مطبخ المخطِط,ar
Bueno para Algo,نافع لشيء ما,ar
Buff bleu,محفز أزرق,ar
Buff blu,محفز أزرق,ar
Buff rosso,المحفز الأحمر,ar
Buff rouge,المحفز الأحمر,ar
Buff-ul albastru,محفز أزرق,ar
Buff-ul roșu,المحفز الأحمر,ar
Buffs à gogo,تعزيزٌ هنا وتعزيزٌ هناك,ar
Buget înțelept,الإنفاق الحكيم,ar
Build a Bud,بناء البطل,ar
Build maxim,التشكيل الأقصى,ar
Bulwark,متراس,ar
Burattino d'ombra,دمية الظل,ar
Burguesía,الملعقة الفضية,ar
Buried Treasure,الكنوز المدفونة,ar
Buried Treasures,الكنوز المدفونة,ar
Bustina,حزمة الدعم,ar
Butin aléatoire,واحد، اثنان، خمسة!,ar
Butin funéraire,نافع لشيء ما,ar
Butin varié,حقق مرادك,ar
Buzduganul înaintașului,هراوة المهاجم,ar
Bušení,الاستهلاك ضروري,ar
Bài Học Sơ Khai,الدروس المبكرة,ar
Bàn Tay Công Lý,يد العدالة,ar
Báculo del Arcángel,عصا كبير الحُماة,ar
Báculo del Serafín,عصا سيرافيم,ar
Báculo del Vacío,صولجان الفويد,ar
Bán Thăng Hoa,الارتقاء الجزئي,ar
Báo Oán,القصاص,ar
Bástya,متراس,ar
Bârlogul Baronului,وكر البارون,ar
Bâton angélique,عصا سيرافيم,ar
Bâton de l'archange,عصا كبير الحُماة,ar
Bâton du vide,صولجان الفويد,ar
Bão Tố Luden,عاصفة لودن,ar
Bão Vàng,رياح المال الموسمية,ar
Béni des dieux,مباركة السماء,ar
Bénédiction d'Ahri,هبة آري,ar
Bénédiction d'Aurelion Sol,هبة أوريليون سول,ar
Bénédiction d'Ekko,هبة إيكو,ar
Bénédiction d'Evelynn,هبة إيفلين,ar
Bénédiction de Kayle,هبة كايل,ar
Bénédiction de Soraka,هبة سوراكا,ar
Bénédiction de Thresh,هبة ثريش,ar
Bénédiction de Varus,هبة فاروس,ar
Bénédiction de Yasuo,هبة ياسو,ar
Bénédiction de résurrection,هبة الإنعاش,ar
Bénédiction du Ferrailleur,هبة تجميع الخردة,ar
Bérgyilkos,القاتل المأجور,ar
Bête de scène,محترف الحفلات,ar
Bóng Phân Thân,دمية الظل,ar
Bùa Thăng Hoa,تميمة الارتقاء,ar
Bùa Xanh,محفز أزرق,ar
Bùa Đỏ,المحفز الأحمر,ar
Büyük Dönüş,حكاية العودة,ar
Büyük Patlama,الانفجار العظيم,ar
Büyük Çekiliş,كيس هدايا كبير,ar
Büyülü Zarlar,الرمية السحرية,ar
Băng Trộm,عصابة اللصوص,ar
Băng Trộm II,عصابة اللصوص II,ar
Bătăuș,مشاجر,ar
Běž do toho,حقق مرادك,ar
Błogosławieni,مباركة السماء,ar
Błogosławieństwo Rozrabiaki,هبة تجميع الخردة,ar
Błogosławiona Przygoda,المغامرة الفخمة,ar
Bước Đột Phá,النجاح الحرج,ar
Bạn Thân,أفضل الأصدقاء,ar
Bảo Hộ Vô Tận,حماية اللانهاية,ar
Bảo Tồn Sinh Chất,حافظ المادة الحيوية,ar
Bất Khuất,الصنديد,ar
Bắn Tỉa,رامي,ar
Bộ Ba Hoàn Hảo,الثلاثية,ar
Bừa Bộn,الذهن المشوّش,ar
Caccia al tesoro,صيد الكنوز,ar
Cacciatore galattico,صياد المجرة,ar
Cadeau d'anniversaire,هدية عيد الميلاد,ar
Cadou aniversar,هدية عيد الميلاد,ar
Caitlyn,كايتلين,ar
Cajado de Serafim,عصا سيرافيم,ar
Cajado do Arcanjo,عصا كبير الحُماة,ar
Cajado do Vazio,صولجان الفويد,ar
Calculated Loss,الخسارة المحسوبة,ar
Calea războiului,طريق الحرب,ar
Calibrador de Sterak,قفاز ستيراك,ar
Calice de puissance,كأس القوة,ar
Calice del potere,كأس القوة,ar
Call to Chaos,دعوة إلى الفوضى,ar
Cambiazo épico,استبدالٌ ملحمي,ar
Cambio epico,استبدالٌ ملحمي,ar
Cambio eterno,الاستبدالات الوفيرة,ar
Caminho da Guerra,طريق الحرب,ar
Can Dostları,أفضل الأصدقاء,ar
Can Trường,حصن,ar
Canaglia radiosa,الوغد المشع,ar
Canalisateur,الوسيط,ar
Canalizador,الوسيط,ar
Cangrejo Escurridizo,ريفت سكاتلر,ar
Canhão Fumegante,مدفع النار السريع,ar
Canhão de Vidro,مدفع من زجاج,ar
Cannone di cristallo,مدفع من زجاج,ar
Canon de verre,مدفع من زجاج,ar
Canon ultrarapide,مدفع النار السريع,ar
Capa Mercurial,الزئبق,ar
Capa Negatron,عباءة النيغاترون,ar
Capa de Estratega,قلنسوة المخطِط,ar
Capa de Fogo Solar,قلنسوة لهب الشمس,ar
Capa de Fuego Solar,قلنسوة لهب الشمس,ar
Capa de Negatrones,عباءة النيغاترون,ar
Capa de estratega,قلنسوة المخطِط,ar
Capa de fuego solar,قلنسوة لهب الشمس,ar
Capa do Estrategista,قلنسوة المخطِط,ar
Capa negatrón,عباءة النيغاترون,ar
Cape du Tacticien,قلنسوة المخطِط,ar
Cape solaire,قلنسوة لهب الشمس,ar
Cappa Juice,عصير القبعة,ar
Cappa-Trank,عصير القبعة,ar
Cappelli più letali,قبعات أشد فتكًا,ar
Caprichitos,حلوى لذيذة,ar
Capuz da Morte de Rabadon,قبعة موت رابادون,ar
Capuzes Mais Mortais,قبعات أشد فتكًا,ar
Carapateur,ريفت سكاتلر,ar
Carapescado,فيشبونز,ar
Care Package,حزمة الرعاية,ar
Caretaker's Ally,حليف الوصي,ar
Carga Elétrica,الشحنة الكهربائية,ar
Carve a Path,شق الدرب,ar
Casa Dourada do Yasuo,خانة ياسو الذهبية,ar
Casque adaptatif,الخوذة المتكيفة,ar
Castigo,القصاص,ar
Catastrofista,حاملة المصائب,ar
Cazador galáctico,صياد المجرة,ar
Cazagalaxias,صياد المجرة,ar
Cazatesoros,صيد الكنوز,ar
Caça ao Tesouro,صيد الكنوز,ar
Caçador de Galáxia,صياد المجرة,ar
Cañón de Cristal,مدفع من زجاج,ar
Cañón de Fuego Rápido,مدفع النار السريع,ar
Cañón de fuego rápido,مدفع النار السريع,ar
Całun Bezruchu,ستار السكون,ar
Cecchino,رامي,ar
Cehennem Ateşi Baltası,فأس نيران الجحيم,ar
Cei mai buni prieteni,أفضل الأصدقاء,ar
Ceinture du géant,حزام العملاق,ar
Cena Krwi,ثمن الدم,ar
Cena pro vítěze,مقاتل الجوائز,ar
Cengâver Onuru,شرف أمير الحرب,ar
Cenny Wojownik,مقاتل الجوائز,ar
Cenná posila,أربعة تكسب ترقية,ar
Centelha Iônica,الشرارة الأيونية,ar
Centre d'excellence,اعثر على مركزك,ar
Cetro Vampírico Corrompido,صولجان مصاصي الدماء الفاسد,ar
Cetro Vampírico Corrupto,صولجان مصاصي الدماء الفاسد,ar
Cetro vampírico corrupto,صولجان مصاصي الدماء الفاسد,ar
Chain Vest,السترة المسلسلة,ar
Chaleco de cadenas,السترة المسلسلة,ar
Chaleco de zarzas,السترة المدببة,ar
Chalice of Power,كأس القوة,ar
Challenger,متحدي,ar
Challenger Emblem,شارة المتحدّي,ar
Challenger Mode,وضع المتحدية,ar
Chamado ao Caos,دعوة إلى الفوضى,ar
Champion en kit,بناء البطل,ar
Chaotischer Geist,الذهن المشوّش,ar
Chapardage,الاختلاس,ar
Charge Transfer,نقل الشحنة,ar
Charge cognitive,الضريبة المعرفية,ar
Chasse au trésor,صيد الكنوز,ar
Chasseur galactique,صياد المجرة,ar
Chciwość,جوع المال,ar
Che il Quattro sia con te,الأربعة تربح,ar
Chemarea haosului,دعوة إلى الفوضى,ar
Chispa Iónica,الشرارة الأيونية,ar
Chispa iónica,الشرارة الأيونية,ar
Chiêm Tinh,المحدق بالنجوم,ar
Chiến Lũy,متراس,ar
Chiến Tướng Khải Hoàn,شرف أمير الحرب,ar
Chmaták,السيولة,ar
Cho'Gath,تشوغاث,ar
Choisissez un type,اختر خاصية,ar
Choose Trait,اختر خاصية,ar
"Chora, me liga",بكاء بلا جدوى,ar
Choristes,الرفاق الصغار,ar
Chrličův kamenný plát,درع صدر مرزاب الحجري,ar
Chuyển Đổi Năng Lượng,نقل الشحنة,ar
Chuyện Đời Thường,لمحة من الحياة,ar
Chuộc Tội,المخلّص,ar
Chytrý nákup,الإنفاق الحكيم,ar
Chùy Bạch Ngân,فجر سيلفرمير,ar
Chùy Đoản Côn,هراوة المهاجم,ar
Chảo Vàng,مقلاة,ar
Chất Bán Dẫn,شبه الناقل,ar
Chế Tạo Bằng Hữu,صناعة صديق,ar
Chế Tạo Tại Chỗ,المصهر الحي,ar
Chế Độ Dẫn Truyền,وضع الوسيط,ar
Chế Độ Nhân Bản,وضع المستنسِخة,ar
Chế Độ Thách Đấu,وضع المتحدية,ar
Chỉ Huy,القائدة,ar
Chỉ Huy Siêu Thú,قائد أنيما,ar
Chỉ Một Con Đường,الالتزام الصارم,ar
Chọn Tộc/Hệ,اختر خاصية,ar
Chờ Đợi Xứng Đáng,الأمر يستحق الانتظار,ar
Cierpliwa Nauka,الدراسة الصابرة,ar
Cierpliwość Ekko,صبر إيكو,ar
Cierpliwość Jest Cnotą,الصبر فضيلة,ar
Cimientos de Línea Frontal,تأسيس الخط الأمامي,ar
Cimientos de la vanguardia,تأسيس الخط الأمامي,ar
Cinto do Gigante,حزام العملاق,ar
Cintura del gigante,حزام العملاق,ar
Cinturón XL,الأحزمة الوفيرة,ar
Cinturón de Gigante,حزام العملاق,ar
Cinturón de gigante,حزام العملاق,ar
Clases de boxeo,دروس الملاكمة,ar
Clear Mind,الذهن الصافي,ar
Cleptomanie,تخفيضات نارية,ar
Climb The Ladder,تسلّق سلم التصنيفات,ar
Clockwork Accelerator,مسرِّع الساعة,ar
Clone des ombres,دمية الظل,ar
Cluttered Mind,الذهن المشوّش,ar
Cnota Męczennika,فضيلة الشهيد,ar
Cocina de Estratega,مطبخ المخطِط,ar
Cocina de estratega,مطبخ المخطِط,ar
Cod roșu de lacrimi,بكاء بلا جدوى,ar
Coda in duo,الطابور الثنائي,ar
Cognitive Overload,الحمل المعرفي الزائد,ar
Cognitive Tax,الضريبة المعرفية,ar
Coif cameleonic,الخوذة المتكيفة,ar
Coiffe de Rabadon,قبعة موت رابادون,ar
Coiffes mortelles,قبعات أشد فتكًا,ar
Coincidenze perse,اتصالات فائتة,ar
Cola Dúo,الطابور الثنائي,ar
Cola dúo,الطابور الثنائي,ar
Coleguis del curro,بناء الفريق,ar
Coleguitas,الرفاق الصغار,ar
Colete Espinhoso,السترة المدببة,ar
Colher de Prata,الملعقة الفضية,ar
Collegamento cibernetico,الاتصال الآلي,ar
Colpire e basta,حقق مرادك,ar
Comandant,القائدة,ar
Comandante,القائدة,ar
Comandante Anima,قائد أنيما,ar
Comandante Animalia,قائد أنيما,ar
Comandante Ánima,قائد أنيما,ar
Comandatul Anima,قائد أنيما,ar
Combattente,مشاجر,ar
Combinație stelară,متوالية نجمية,ar
Combo Estelar,متوالية نجمية,ar
Combo estelar,متوالية نجمية,ar
Combo stellaire,متوالية نجمية,ar
Combo stellare,متوالية نجمية,ar
Comeback Story,حكاية العودة,ar
Comerț de bază,جوهر التجارة,ar
Comienzo aventajado,دفعة أولية,ar
Commandant d'Anima,قائد أنيما,ar
Commandante,القائدة,ar
Commander,القائدة,ar
Commerce Core,جوهر التجارة,ar
Comori îngropate,الكنوز المدفونة,ar
Comparte los Reflectores con Yasuo,مشاركة تألق ياسو,ar
Competitor,متحدي,ar
Component Heist,عملية السطو على المكونات,ar
Composants de guerre,عملية السطو على المكونات,ar
Composição Máxima,التشكيل الأقصى,ar
Compras compulsivas,فورة تسوق,ar
Compromiso férreo,الالتزام الصارم,ar
Compromisso Sério,الالتزام الصارم,ar
Compte épargne,حساب الادخار,ar
Concentration lointaine,تركيز الأفق,ar
Concentrazione dell'orizzonte,تركيز الأفق,ar
Condenador,حاملة المصائب,ar
Conducto,الوسيط,ar
Conduit,الوسيط,ar
Conduit Mode,وضع الوسيط,ar
Conduíte,الوسيط,ar
Conexiones fallidas,اتصالات فائتة,ar
Conexiune cibernetică,الاتصال الآلي,ar
Conexiune cu drona,الاتصال بالدرون,ar
Conexión cibernética,الاتصال الآلي,ar
Conexión de dron,الاتصال بالدرون,ar
Conexión perdida,اتصالات فائتة,ar
Conexão Cibernética,الاتصال الآلي,ar
Conexão de Drone,الاتصال بالدرون,ar
Conexões Perdidas,اتصالات فائتة,ar
Configuración maximizada,التشكيل الأقصى,ar
Configurazione massima,التشكيل الأقصى,ar
Confusão Mental,الذهن المشوّش,ar
Conjuración continua,استحضار السحر المستمر,ar
Conjuração Contínua,استحضار السحر المستمر,ar
Conjuros Continuos,استحضار السحر المستمر,ar
Connivence,تسلّق سلم التصنيفات,ar
Conservare de biomaterial,حافظ المادة الحيوية,ar
Conservateur de biomatière,حافظ المادة الحيوية,ar
Conservatore di biomateria,حافظ المادة الحيوية,ar
Construct a Companion,بناء مرافق,ar
Construiește un însoțitor,بناء مرافق,ar
Construiește-ți un prieten,بناء البطل,ar
Construye tu Compi,بناء مرافق,ar
Construção de Companheiro,بناء مرافق,ar
Consumo Consciente,الإنفاق الحكيم,ar
Cont de economii,حساب الادخار,ar
Conta Poupança,حساب الادخار,ar
Contendiente,متحدي,ar
Contenedor de chatarra,الاستخلاص المفيد,ar
Continuous Conjuration,استحضار السحر المستمر,ar
Conto dei risparmi,حساب الادخار,ar
Contract Killer,القاتل المأجور,ar
Convogliatore,الوسيط,ar
Copacul caracteristicilor,شجرة الخواص,ar
Copricapo di Rabadon,قبعة موت رابادون,ar
Corazza singola,درع الصدر المنفرد,ar
Corazza spirituale,وجه الروح,ar
Corazón de Acero,القلب الفولاذي,ar
Corazón de acero,القلب الفولاذي,ar
Corazón del alba,جوهر الفجر,ar
Corazón resuelto,القلب الراسخ,ar
Coração Inabalável,القلب الراسخ,ar
Coração de Aço,القلب الفولاذي,ar
Corki,كوركي,ar
Coroa do Amaldiçoado,التاج الملعون,ar
Coroa do Estrategista,تاج المخطِط,ar
Coroana blestemată,التاج الملعون,ar
Coroana tacticianului,تاج المخطِط,ar
Corona Maldita,التاج الملعون,ar
Corona de Estratega,تاج المخطِط,ar
Corona de estratega,تاج المخطِط,ar
Corona dello Stratega,تاج المخطِط,ar
Corona maldita,التاج الملعون,ar
Corona maledetta,التاج الملعون,ar
Corona reale,حامي التاج,ar
Coroziune,التآكل,ar
Corpetto di rovi,السترة المدببة,ar
Corriente de Lágrimas,الدموع المتدفقة,ar
Corrosion,التآكل,ar
Corrosione,التآكل,ar
Corrosión,التآكل,ar
Corrosão,التآكل,ar
Corrupt Vampiric Scepter,صولجان مصاصي الدماء الفاسد,ar
Cosmic Restart,البداية الكونية الجديدة,ar
Costruisci un Compagno,بناء مرافق,ar
Cota de Malha,السترة المسلسلة,ar
Cota de Malla,السترة المسلسلة,ar
Cotidiano,لمحة من الحياة,ar
Cotta di maglia,السترة المسلسلة,ar
Cotte de mailles,السترة المسلسلة,ar
Coup d'envoi,دفعة أولية,ar
Coup de chance,تخصيص حصري,ar
Couronne de la reine,حامي التاج,ar
Couronne du Tacticien,تاج المخطِط,ar
Couronne maudite,التاج الملعون,ar
Cours de soutien,تشكيل الفريق,ar
Covil do Barão,وكر البارون,ar
Cozinha do Estrategista,مطبخ المخطِط,ar
Coș de recuperare,الاستخلاص المفيد,ar
Crabul,ريفت سكاتلر,ar
Crafted Crafting,التصنيع المتقن,ar
Crash Test Dummies,دمى اختبار التحطم,ar
Crash Test Dummy,دمى اختبار التحطم,ar
Crash-Test-Dummies,دمى اختبار التحطم,ar
Crea un coleguita,بناء مرافق,ar
Creazione artigianale,التصنيع المتقن,ar
Crecimiento Explosivo,النمو المتفجر,ar
Crecimiento explosivo,النمو المتفجر,ar
Creează o cale,شق الدرب,ar
Creează un prieten,صناعة صديق,ar
Crescendo aléatoire,لمحة من الحياة,ar
Crescimento Explosivo,النمو المتفجر,ar
Crescita a fine partita,زيادة القوة في نهاية المباراة,ar
Crescita esplosiva,النمو المتفجر,ar
Cresta de Escudo de Luz,رمز الدرع الخفيف,ar
Creștere explozivă,النمو المتفجر,ar
Creștere pe final de joc,زيادة القوة في نهاية المباراة,ar
Creștere solo în nivel,ترقية فردية,ar
Creștere în clasament,تسلّق سلم التصنيفات,ar
Criação Engenhosa,التصنيع المتقن,ar
Critical Success,النجاح الحرج,ar
Croissance explosive,النمو المتفجر,ar
Crownguard,حامي التاج,ar
Cry Me A River,بكاء بلا جدوى,ar
Csak jó valamire I.,نافع لشيء ما,ar
Csapatkeresés,تشكيل الفريق,ar
Csapatépítés,لمحة من الحياة,ar
Csapatépítés,بناء الفريق,ar
Csekélyebb Perszónatükör,الشخصية المنعكسة المصغّرة,ar
Csereszektor,قطاع التجارة,ar
Csillagfényes kombó,متوالية نجمية,ar
Csillagnéző,المحدق بالنجوم,ar
Csillagnéző embléma,شارة المحدق بالنجوم,ar
Csillámpikkely-esszencia,جوهر الحراشف اللامعة,ar
Cua Kỳ Cục,ريفت سكاتلر,ar
Cuatrifuerzos,أربعة تكسب ترقية,ar
Cuatro Refuerzos,أربعة تكسب ترقية,ar
Cucchiaio d'argento,الملعقة الفضية,ar
Cuchara de plata,الملعقة الفضية,ar
Cuchilla Maldita,النصل الملعون,ar
Cuchillas Raudas,النصال الخاطفة,ar
Cucina dello Stratega,مطبخ المخطِط,ar
Cud Soraki,معجزة سوراكا,ar
Cuenta con mi arco,قوسي في خدمتك,ar
Cuenta de Ahorros,حساب الادخار,ar
Cuenta de ahorros,حساب الادخار,ar
Cuisine du Tacticien,مطبخ المخطِط,ar
Cung Dự Phòng,الأقواس الاحتياطية,ar
Cung Gỗ,القوس المنحني,ar
Cung Xanh,الهمسة الأخيرة,ar
Cuor saldo,القلب الراسخ,ar
Cuore d'acciaio,القلب الفولاذي,ar
Cureaua uriașului,حزام العملاق,ar
Curele fără număr,الأحزمة الوفيرة,ar
Cursed Blade,النصل الملعون,ar
Cursed Crown,التاج الملعون,ar
Cuțit electrostatic,السيف الصاعق,ar
Cuồng Đao Guinsoo,نصل غضب غينسو,ar
Cuộc Phiêu Lưu Tôn Quý,المغامرة الفخمة,ar
Cuộc Viễn Chinh,الحملة الاستكشافية,ar
Cvičná loutka,دمية التدريب,ar
Cybernetic Implants,الشرائح الآلية,ar
Cybernetic Uplink,الاتصال الآلي,ar
Cycle épique,الحقبة المميزة,ar
Czerwone Wzmocnienie,المحفز الأحمر,ar
Czysty Umysł,الذهن الصافي,ar
Częściowe Wyniesienie,الارتقاء الجزئي,ar
Cái Giá Phải Trả,مقابل أي ثمن,ar
Cálice do Poder,كأس القوة,ar
Cáliz de Poder,كأس القوة,ar
Cáliz de poder,كأس القوة,ar
Câlin collectif,عناق جماعي,ar
Cây Cung Thần Tốc,قوسي في خدمتك,ar
Cây Tộc Hệ,شجرة الخواص,ar
Céfiro,النسيم العليل,ar
Célbefogó optika,منظار رصد الهدف,ar
Célébrité partagée de Yasuo,مشاركة تألق ياسو,ar
Călător,رحالة,ar
Cıva,الزئبق,ar
Cœur d'acier,القلب الفولاذي,ar
Cœur de l'aube,جوهر الفجر,ar
Cœur intrépide,القلب الراسخ,ar
Cơn Khát Vàng,جوع المال,ar
Cảm Quan Cấy Ghép,شريحة التعاطف,ar
Cảm Thấy May Mắn,رمية الحظ,ar
Cấy Ghép Siêu Công Nghệ,الشرائح الآلية,ar
Cầu Hồi Phục,بلورات العلاج,ar
Cắm Rễ Phân Tán,توسع الجذور,ar
Cặp Đôi Siêu Cứng,توأم تانك,ar
Cố Gắng Lật Kèo,حكاية العودة,ar
Cốc Sức Mạnh,كأس القوة,ar
Cộng Mệt Nghỉ!,أطنان من الإحصاءات!,ar
Cờ Lệnh Zeke U Ám,نذير زيكي الكئيب,ar
Củng Cố Tuyến Trước,تأسيس الخط الأمامي,ar
C位的觉悟,اعثر على مركزك,ar
C位觉悟,اعثر على مركزك,ar
DD街区,قطاع التجارة,ar
Daga de Statikk,السيف الصاعق,ar
Daimi Yükseliş,الحركة التصاعدية,ar
Dallan Budaklan,التوسع,ar
Dama Oscura,سيدة الظلام,ar
Dama das Trevas,سيدة الظلام,ar
Dama oscura,سيدة الظلام,ar
Dame sombre,سيدة الظلام,ar
Dao Điện Statikk,السيف الصاعق,ar
Dar Ahri,هبة آري,ar
Dar Aureliona Sola,هبة أوريليون سول,ar
Dar Ekko,هبة إيكو,ar
Dar Evelynn,هبة إيفلين,ar
Dar Kayle,هبة كايل,ar
Dar Soraki,هبة سوراكا,ar
Dar Thresha,هبة ثريش,ar
Dar Varusa,هبة فاروس,ar
Dar Yasuo,هبة ياسو,ar
Dar cu ce preț,مقابل أي ثمن,ar
Dar vzkříšení,هبة الإنعاش,ar
Dark Lady,سيدة الظلام,ar
Dark Star,النجم المظلم,ar
Dark Star Emblem,شارة النجم المظلم,ar
Das Warten wert,الأمر يستحق الانتظار,ar
Das geht ab,محظوظ,ar
Das goldene Ei,البيضة الذهبية,ar
Dawncore,جوهر الفجر,ar
Dayanıklı Ön Sıra,تأسيس الخط الأمامي,ar
Daño indiscriminado,قاتل لا يميز بين ضحاياه,ar
De două ori mai câștigați,قيمة مزدوجة,ar
De fiesta,الاستهلاك ضروري,ar
De gratis,تخفيضات نارية,ar
De milyen áron?,مقابل أي ثمن,ar
Dea delle Armi,سيدة الأسلحة,ar
Deadlier Blades,نصال أشد فتكًا,ar
Deadlier Caps,قبعات أشد فتكًا,ar
Deathblade,نصل الموت,ar
Demasiado Valor,قيمة مزدوجة,ar
Demir Solari'nin Broşu,قلادة سولاري الحديدي,ar
Denge Örtüsü,الدرع الساتر,ar
Dent de Nashor,سن ناشور,ar
Dente de Na'Shor,سن ناشور,ar
Dente di Nashor,سن ناشور,ar
Der Attributsbaum,شجرة الخواص,ar
Der Turm,البرج,ar
Der Unbeugsame,الصنديد,ar
Der Urknall,الانفجار العظيم,ar
Der Wille des Hammers,إرادة الصولجان,ar
Der goldene Drache,التنين الذهبي,ar
Der mächtige Mecha,الميكا الجبار,ar
Dernier souffle,الهمسة الأخيرة,ar
Derrota Planejada,الخسارة المحسوبة,ar
Desafiante,متحدي,ar
Desajustados,الأشقياء,ar
Descarga Eléctrica,الشحنة الكهربائية,ar
Desejo da Maça,إرادة الصولجان,ar
Desesperación Eterna,يأسٌ بلا نهاية,ar
Desesperanza eterna,يأسٌ بلا نهاية,ar
Desespero Eterno,يأسٌ بلا نهاية,ar
Desmanche,الاستخلاص المفيد,ar
Despertar da Alma,صحوة الروح,ar
Despertar del Alma,صحوة الروح,ar
Despertar del alma,صحوة الروح,ar
Destansı Yenileme,استبدالٌ ملحمي,ar
Deszcz Pieniędzy,رياح المال الموسمية,ar
Determinacja Kolosa,عزم العملاق,ar
Determinazione del titano,عزم العملاق,ar
Determinação Titânica,عزم العملاق,ar
Deux de moins,القتل المزدوج السريع,ar
Dev Katili,قاتل العمالقة,ar
Dev Kemeri,حزام العملاق,ar
Devasa ve Güçlü,العملاق القوي,ar
Değişken Miğfer,الخوذة المتكيفة,ar
Di Vật Tàn Úa,التحفة الذابلة,ar
Diana,ديانا,ar
Die Legion der Drei,الفيلق الثلاثي,ar
Diebesbande,عصابة اللصوص,ar
Diebesbande II,عصابة اللصوص II,ar
Diente de Nashor,سن ناشور,ar
Dikenli Yelek,السترة المدببة,ar
Dinerito para el almuerzo,مصروف الغداء,ar
Dinero del almuerzo,مصروف الغداء,ar
Dintele lui Nashor,سن ناشور,ar
Diosa de las Pistolas,سيدة الأسلحة,ar
Diosa de las pistolas,سيدة الأسلحة,ar
Dirilme Lütfu,هبة الإنعاش,ar
Disperare nemărginită,يأسٌ بلا نهاية,ar
Disperazione eterna,يأسٌ بلا نهاية,ar
Disruptor temporal,كاسر الزمن,ar
Distracție în spațiu,رقص الفضاء,ar
Distribuição de Efeitos,تعزيزٌ هنا وتعزيزٌ هناك,ar
Divinamente Abençoado,مباركة السماء,ar
Divine Duelist,المبارزة السامية,ar
Dizilim,تشكيل الصفوف,ar
Diệt Khổng Lồ,قاتل العمالقة,ar
Dlouhodobá investice,الاستثمار طويل الأجل,ar
Doamna întunecată,سيدة الظلام,ar
Doble Tanque,توأم تانك,ar
Dobra Passa,محظوظ,ar
Doces Deleites,حلوى لذيذة,ar
Dokuma Büyü,السحر المحبوك,ar
Dolci,حلوى لذيذة,ar
Don du gardien,حليف الوصي,ar
Dono dell'aggiustatutto,هبة تجميع الخردة,ar
Dono della resurrezione,هبة الإنعاش,ar
Dono di Ahri,هبة آري,ar
Dono di Aurelion Sol,هبة أوريليون سول,ar
Dono di Ekko,هبة إيكو,ar
Dono di Evelynn,هبة إيفلين,ar
Dono di Kayle,هبة كايل,ar
Dono di Soraka,هبة سوراكا,ar
Dono di Thresh,هبة ثريش,ar
Dono di Varus,هبة فاروس,ar
Dono di Yasuo,هبة ياسو,ar
Doomer,حاملة المصائب,ar
Doppia resistenza,توأم تانك,ar
Doppia uccisione rapida,القتل المزدوج السريع,ar
Dornenweste,السترة المدببة,ar
Double Kill Veloz,القتل المزدوج السريع,ar
Dowódca Anima,قائد أنيما,ar
Dowódcy,القائدة,ar
Doğum Günü Buluşması,لم شمل عيد الميلاد,ar
Doğum Günü Hediyesi,هدية عيد الميلاد,ar
Drachenklaue,مخلب التنين,ar
Dragon's Claw,مخلب التنين,ar
Dragonul auriu,التنين الذهبي,ar
Dragão Dourado,التنين الذهبي,ar
Dračí spár,مخلب التنين,ar
Dreifaltigkeit,الثلاثية,ar
Drobní titáni,العمالقة الصغار,ar
"Drobní, ale vražední",الصغير الفتاك,ar
Drohnenverbindung,الاتصال بالدرون,ar
Dron Bağlantısı,الاتصال بالدرون,ar
Drone Uplink,الاتصال بالدرون,ar
Drone cablato,الاتصال بالدرون,ar
Dronová linka,الاتصال بالدرون,ar
Drugi Oddech,النوبة الثانية,ar
Druhý dech,النوبة الثانية,ar
Drzewo Cech,شجرة الخواص,ar
Drágaköves kesztyű,القفاز المرصع بالجواهر,ar
Drágaköves lótusz II.,اللوتس المرصع,ar
Drónkapcsolat,الاتصال بالدرون,ar
Držíme pospolu,نتماسك معًا,ar
Du Mục,راعي,ar
Du hast meinen Bogen,قوسي في خدمتك,ar
Dublu asasinat rapid,القتل المزدوج السريع,ar
Duch Odkupienia,روح الافتداء,ar
Duch odplaty,روح الافتداء,ar
Due volte il valore,قيمة مزدوجة,ar
Duelist divin,المبارزة السامية,ar
Duelista Divino,المبارزة السامية,ar
Duelista divino,المبارزة السامية,ar
Duellante divino,المبارزة السامية,ar
Duelliste divine,المبارزة السامية,ar
Dulces Golosinas,حلوى لذيذة,ar
Dummify,التحويل إلى دمية,ar
Dunkle Dame,سيدة الظلام,ar
Duo Queue,الطابور الثنائي,ar
Duo-Warteschlange,الطابور الثنائي,ar
Dupla érték,قيمة مزدوجة,ar
Duplication,التشكيل الأقصى,ar
Duplán szívós,توأم تانك,ar
Durch Stärke geschmiedet,مصنوعٌ من القوة,ar
Durmadan Yenile,الاستبدالات الوفيرة,ar
Dusze Towarzystwa,محترف الحفلات,ar
Duża Torba z Różnościami,كيس هدايا كبير,ar
Dádiva da Ahri,هبة آري,ar
Dádiva da Evelynn,هبة إيفلين,ar
Dádiva da Kayle,هبة كايل,ar
Dádiva da Ressurreição,هبة الإنعاش,ar
Dádiva da Soraka,هبة سوراكا,ar
Dádiva do Aurelion Sol,هبة أوريليون سول,ar
Dádiva do Brigão,هبة تجميع الخردة,ar
Dádiva do Ekko,هبة إيكو,ar
Dádiva do Thresh,هبة ثريش,ar
Dádiva do Varus,هبة فاروس,ar
Dádiva do Yasuo,هبة ياسو,ar
Dárek k narozeninám,هدية عيد الميلاد,ar
Dárková taška s předměty,كيس هدايا العناصر,ar
Dárkový balíček,حزمة الرعاية,ar
Dây Chuyền Iron Solari,قلادة سولاري الحديدي,ar
Dây Chuyền Tự Lực,قلادة التنشيط,ar
Dämmerkern,جوهر الفجر,ar
Dämmerung von Silbersee,فجر سيلفرمير,ar
Déesse des flingues,سيدة الأسلحة,ar
Défaite planifiée,الخسارة المحسوبة,ar
Dépense réfléchie,الإنفاق الحكيم,ar
Dés légèrement magiques,الرمية السحرية المخفّفة,ar
Dés magiques,الرمية السحرية,ar
Désespoir,حاملة المصائب,ar
Désespoir infini,يأسٌ بلا نهاية,ar
Détermination du titan,عزم العملاق,ar
Díszes acél,الفولاذ المذهب,ar
Dòng Tiền Mờ Ám,العوائد الخبيثة,ar
Döntőbíró,قاضي,ar
Döntőbíró embléma,شارة القاضي,ar
Dört Dörtlük,أربعة تكسب ترقية,ar
Dört Seninle Olsun,الأربعة تربح,ar
Dövüşçü,مشاجر,ar
Dövüşçü Amblemi,شارة المشاجر,ar
Dúo de tanques,توأم تانك,ar
Dümenci,السيولة,ar
Dẫn Truyền,الوسيط,ar
Dị Vật Tai Ương,التمثال المحرّم,ar
Dịch Vụ Gói Đăng Ký,خدمة الاشتراك,ar
D个痛快！,الاستبدالات الوفيرة,ar
Early Learnings,الدروس المبكرة,ar
Ebedi Anlaşma,الميثاق الأزلي,ar
Ebedi Koruma,حماية اللانهاية,ar
Ebedi Kılıç,السيف الأبدي,ar
Ebédpénz,مصروف الغداء,ar
Eccesso di bacchette,القصبات الوفيرة,ar
Eccesso di cinture,الأحزمة الوفيرة,ar
Eccesso di spade,السيوف الوفيرة,ar
Echi curativi,صدى الشفاء,ar
Ecos Reparadores,صدى الشفاء,ar
Ecos Restauradores,صدى الشفاء,ar
Ecos curativos,صدى الشفاء,ar
Ecouri tămăduitoare,صدى الشفاء,ar
Edge of Night,عباءة الليل,ar
Efecte secundare,التأثيرات الجانبية,ar
Efectos Secundarios,التأثيرات الجانبية,ar
Efectos secundarios,التأثيرات الجانبية,ar
Efeito Azul,محفز أزرق,ar
Efeito Vermelho,المحفز الأحمر,ar
Efeitos Colaterais,التأثيرات الجانبية,ar
Efekty Uboczne,التأثيرات الجانبية,ar
Effets secondaires,التأثيرات الجانبية,ar
Effetti collaterali,التأثيرات الجانبية,ar
Egida Zmierzchu,درع الغسق,ar
Egida del Crepuscolo,درع الغسق,ar
Egida dell'Aurora,درع الفجر,ar
Egida Świtu,درع الفجر,ar
"Egy erősítés, két erősítés",تعزيزٌ هنا وتعزيزٌ هناك,ar
"Egy, kettő, három",واحد واثنان وثلاثة,ar
"Egy, kettő, öt!",واحد، اثنان، خمسة!,ar
Egyenlepel,الدرع الساتر,ar
Egységben az erő,في الاتحاد قوة,ar
Egyujjas kesztyű,القفازات,ar
Egyéni vért,درع الصدر المنفرد,ar
Ehre des Kriegsfürsten,شرف أمير الحرب,ar
"Ein Buff, zwei Buff",تعزيزٌ هنا وتعزيزٌ هناك,ar
Ein Teil des Lebens,لمحة من الحياة,ar
Ein erhabenes Abenteuer,المغامرة الفخمة,ar
Ein magischer Wurf,الرمية السحرية,ar
Eindringling Zed,زيد الغازي,ar
Einfach treffen,حقق مرادك,ar
Einkaufsbummel,فورة تسوق,ar
"Einmal Bronze, immer Bronze",البرونزي حتى النهاية,ar
"Eins, zwei, drei",واحد واثنان وثلاثة,ar
"Eins, zwei, fünf!",واحد، اثنان، خمسة!,ar
Eiserne Güter,الأصول الحديدية,ar
Ejder Pençesi,مخلب التنين,ar
Ekip Çalışması,بناء الفريق,ar
Ekko türelme,صبر إيكو,ar
Ekko áldása,هبة إيكو,ar
Ekko'nun Lütfu,هبة إيكو,ar
Ekko'nun Sabrı,صبر إيكو,ar
Ekko's Boon,هبة إيكو,ar
Ekko's Patience,صبر إيكو,ar
Ekkos Geduld,صبر إيكو,ar
Ekkos Segen,هبة إيكو,ar
Ekkova trpělivost,صبر إيكو,ar
Ekkův dar,هبة إيكو,ar
Ekmek Parası İşte,مصروف الغداء,ar
Ekskluzywna Personalizacja,تخصيص حصري,ar
Ekspedycja,الحملة الاستكشافية,ar
El Big Bang,الانفجار العظيم,ar
El Dragón Dorado,التنين الذهبي,ar
El Dragón dorado,التنين الذهبي,ar
El Emeği Göz Nuru,التصنيع المتقن,ar
El Huevo Dorado,البيضة الذهبية,ar
El Indomable,الصنديد,ar
El Mega Mecha,الميكا الجبار,ar
El Tamaño Importa,الحجم مهم,ar
El centro de todo,اعثر على مركزك,ar
El huevo dorado,البيضة الذهبية,ar
El peso de la corona,عبء التاج ثقيل,ar
El tamaño importa,الحجم مهم,ar
El Árbol de Rasgos,شجرة الخواص,ar
El árbol de los atributos,شجرة الخواص,ar
Elastyczność,المرن,ar
Electrocarga,الشحنة الكهربائية,ar
Electrocharge,الشحنة الكهربائية,ar
Elektrický výboj,الشحنة الكهربائية,ar
Elektroladung,الشحنة الكهربائية,ar
Elektromos töltés,الشحنة الكهربائية,ar
Elektroşarj,الشحنة الكهربائية,ar
Elettrocarica,الشحنة الكهربائية,ar
Elige el rasgo,اختر خاصية,ar
Eliminator,المُبيد,ar
Elkötelezett,الاستثمار,ar
Elköteleződés,الالتزام الصارم,ar
Elmo Adaptativo,الخوذة المتكيفة,ar
Elmo adattivo,الخوذة المتكيفة,ar
Eltemetett kincsek,الكنوز المدفونة,ar
Elátkozott korona,التاج الملعون,ar
Elátkozott penge,النصل الملعون,ar
Előfizetési szolgáltatás,خدمة الاشتراك,ar
Előleg,سلفة قرض,ar
Előrelátás,التفكير المتقدم,ar
Em Busca do Centro,اعثر على مركزك,ar
Embalos no Espaço,رقص الفضاء,ar
Emblem Anima,شارة أنيما,ar
Emblem Arbiter,شارة القاضي,ar
Emblem Bastion,شارة الحصن,ar
Emblem Brawler,شارة المشاجر,ar
Emblem Challenger,شارة المتحدّي,ar
Emblem Dark Star,شارة النجم المظلم,ar
Emblem Marauder,شارة المغير,ar
Emblem Meeple,شارة صديق الميب,ar
Emblem N.O.V.A.,شارة نوفا,ar
Emblem Primordian,شارة برايمورديان,ar
Emblem Psionic,شارة القوى الذهنية,ar
Emblem Rogue,شارة المارق,ar
Emblem Shepherd,شارة الراعي,ar
Emblem Sniper,شارة الرامي,ar
Emblem Space Groove,شارة رقص الفضاء,ar
Emblem Stargazer,شارة المحدق بالنجوم,ar
Emblem Timebreaker,شارة كاسر الزمن,ar
Emblem Vanguard,شارة الطليعي,ar
Emblem Voyager,شارة الرحالة,ar
Emblema Anima,شارة أنيما,ar
Emblema Animalia,شارة أنيما,ar
Emblema Meeple,شارة صديق الميب,ar
Emblema N.O.V.A.,شارة نوفا,ar
Emblema Psionico,شارة القوى الذهنية,ar
Emblema Stella Oscura,شارة النجم المظلم,ar
Emblema apărătorilor,شارة الطليعي,ar
Emblema bastionului,شارة الحصن,ar
Emblema briganzilor,شارة المغير,ar
Emblema bătăușilor,شارة المشاجر,ar
Emblema competitorilor,شارة المتحدّي,ar
Emblema călătorilor,شارة الرحالة,ar
Emblema de Anima,شارة أنيما,ar
Emblema de Astromante,شارة المحدق بالنجوم,ar
Emblema de Atirador de Elite,شارة الرامي,ar
Emblema de Bastião,شارة الحصن,ar
Emblema de Bastión,شارة الحصن,ar
Emblema de Desafiante,شارة المتحدّي,ar
Emblema de Embalos no Espaço,شارة رقص الفضاء,ar
Emblema de Estrela Negra,شارة النجم المظلم,ar
Emblema de Estrella Oscura,شارة النجم المظلم,ar
Emblema de Francotiradores,شارة الرامي,ar
Emblema de Furtivo,شارة المارق,ar
Emblema de Ladino,شارة المارق,ar
Emblema de Lutador,شارة المشاجر,ar
Emblema de Meeple,شارة صديق الميب,ar
Emblema de Meeplo,شارة صديق الميب,ar
Emblema de Merodeador,شارة المغير,ar
Emblema de Mipo,شارة صديق الميب,ar
Emblema de N.O.V.A.,شارة نوفا,ar
Emblema de Onda Espacial,شارة رقص الفضاء,ar
Emblema de Pastor,شارة الراعي,ar
Emblema de Peleadores,شارة المشاجر,ar
Emblema de Primordiano,شارة برايمورديان,ar
Emblema de Primordianos,شارة برايمورديان,ar
Emblema de Psiónico,شارة القوى الذهنية,ar
Emblema de Psiônico,شارة القوى الذهنية,ar
Emblema de Rasga-tempo,شارة كاسر الزمن,ar
Emblema de Retadores,شارة المتحدّي,ar
Emblema de Rompetiempo,شارة كاسر الزمن,ar
Emblema de Saqueador,شارة المغير,ar
Emblema de Sentencia,شارة القاضي,ar
Emblema de Vanguarda,شارة الطليعي,ar
Emblema de Vanguardia,شارة الطليعي,ar
Emblema de Viajante,شارة الرحالة,ar
Emblema de Viajero,شارة الرحالة,ar
Emblema de astral,شارة المحدق بالنجوم,ar
Emblema de bastión,شارة الحصن,ar
Emblema de contendiente,شارة المتحدّي,ar
Emblema de disruptor temporal,شارة كاسر الزمن,ar
Emblema de estrella oscura,شارة النجم المظلم,ar
Emblema de francotirador,شارة الرامي,ar
Emblema de la ascensión,تميمة الارتقاء,ar
Emblema de luchador,شارة المشاجر,ar
Emblema de onda espacial,شارة رقص الفضاء,ar
Emblema de pastor,شارة الراعي,ar
Emblema de primordiano,شارة برايمورديان,ar
Emblema de psiónico,شارة القوى الذهنية,ar
Emblema de pícaro,شارة المارق,ar
Emblema de sentenciador,شارة القاضي,ar
Emblema de vanguardia,شارة الطليعي,ar
Emblema de viajante,شارة الرحالة,ar
Emblema de yelmo sombrío,شارة المغير,ar
Emblema de Árbitro,شارة القاضي,ar
Emblema de ánima,شارة أنيما,ar
Emblema del Bandito,شارة المارق,ar
Emblema del Bastione,شارة الحصن,ar
Emblema del Cecchino,شارة الرامي,ar
Emblema del Combattente,شارة المشاجر,ar
Emblema del Pastore,شارة الراعي,ar
Emblema del Predone,شارة المغير,ar
Emblema del Primordiano,شارة برايمورديان,ar
Emblema del Ritmo Spaziale,شارة رقص الفضاء,ar
Emblema del Viaggiatore,شارة الرحالة,ar
Emblema dell'Amico dei Mippi,شارة صديق الميب,ar
Emblema dell'Arbitro,شارة القاضي,ar
Emblema dell'Astronomo,شارة المحدق بالنجوم,ar
Emblema dell'Avanguardia,شارة الطليعي,ar
Emblema dello Sfidante,شارة المتحدّي,ar
Emblema dello Spezzatempo,شارة كاسر الزمن,ar
Emblema distracției în spațiu,شارة رقص الفضاء,ar
Emblema frângătorilor timpului,شارة كاسر الزمن,ar
Emblema luminii stelelor,شارة المحدق بالنجوم,ar
Emblema lunetiștilor,شارة الرامي,ar
Emblema mediatorilor,شارة القاضي,ar
Emblema primordienilor,شارة برايمورديان,ar
Emblema psionică,شارة القوى الذهنية,ar
Emblema păstorilor,شارة الراعي,ar
Emblema rebelilor,شارة المارق,ar
Emblema stelelor întunecate,شارة النجم المظلم,ar
Emblemat Anima,شارة أنيما,ar
Emblemat Arbitra,شارة القاضي,ar
Emblemat Bastionu,شارة الحصن,ar
Emblemat Kosmofazy,شارة رقص الفضاء,ar
Emblemat Marudera,شارة المغير,ar
Emblemat Meepla,شارة صديق الميب,ar
Emblemat Mrocznej Gwiazdy,شارة النجم المظلم,ar
Emblemat N.O.V.A.,شارة نوفا,ar
Emblemat Obrońcy,شارة الطليعي,ar
Emblemat Obserwatora Gwiazd,شارة المحدق بالنجوم,ar
Emblemat Osiłka,شارة المشاجر,ar
Emblemat Pasterza,شارة الراعي,ar
Emblemat Podróżnika,شارة الرحالة,ar
Emblemat Pretendenta,شارة المتحدّي,ar
Emblemat Primordianina,شارة برايمورديان,ar
Emblemat Psionika,شارة القوى الذهنية,ar
Emblemat Snajpera,شارة الرامي,ar
Emblemat Zbira,شارة المارق,ar
Emblemat Łamacza Czasu,شارة كاسر الزمن,ar
Emblème d'Astro-groove,شارة رقص الفضاء,ar
Emblème d'Initiateur,شارة الطليعي,ar
Emblème de Bagarreur,شارة المشاجر,ar
Emblème de Bastion,شارة الحصن,ar
Emblème de Berger,شارة الراعي,ar
Emblème de Brise-temps,شارة كاسر الزمن,ar
Emblème de Challenger,شارة المتحدّي,ar
Emblème de Juge stellaire,شارة القاضي,ar
Emblème de Maraudeur,شارة المغير,ar
Emblème de Meeple,شارة صديق الميب,ar
Emblème de N.O.V.A.,شارة نوفا,ar
Emblème de Primordien,شارة برايمورديان,ar
Emblème de Psionique,شارة القوى الذهنية,ar
Emblème de Pulsar sombre,شارة النجم المظلم,ar
Emblème de Rebelle,شارة المارق,ar
Emblème de Sniper,شارة الرامي,ar
Emblème de Visionnaire,شارة المحدق بالنجوم,ar
Emblème de Voyageur,شارة الرحالة,ar
Emblème de la Section Anima,شارة أنيما,ar
Emblém Animy,شارة أنيما,ar
Emblém Bašty,شارة الحصن,ar
Emblém Hvězdopravce,شارة المحدق بالنجوم,ar
Emblém Miplíka,شارة صديق الميب,ar
Emblém N.O.V.A.,شارة نوفا,ar
Emblém Ničitele času,شارة كاسر الزمن,ar
Emblém Odpadlíka,شارة المارق,ar
Emblém Odstřelovače,شارة الرامي,ar
Emblém Pastýře,شارة الراعي,ar
Emblém Poutníka,شارة الرحالة,ar
Emblém Prapůvodního,شارة برايمورديان,ar
Emblém Psionika,شارة القوى الذهنية,ar
Emblém Předvoje,شارة الطليعي,ar
Emblém Rváče,شارة المشاجر,ar
Emblém Soudce,شارة القاضي,ar
Emblém Temné hvězdy,شارة النجم المظلم,ar
Emblém Vesmírného rytmu,شارة رقص الفضاء,ar
Emblém Vyzyvatele,شارة المتحدّي,ar
Emblém Žoldnéře,شارة المغير,ar
Emblématique,المرن,ar
Emblématiquement,شجرة الخواص,ar
Empréstimo Avançado,سلفة قرض,ar
Empurrão,الاستهلاك ضروري,ar
En Minik Dev,أصغر عملاق,ar
En racha,محظوظ,ar
Ende der Weisheit,الموقف الحرج,ar
Endgame-Experte,اختصاصي نهاية المباراة,ar
Endlose Verzweiflung,يأسٌ بلا نهاية,ar
Enfileirando,تشكيل الصفوف,ar
Enfoque al Horizonte,تركيز الأفق,ar
Enlace Cibernético,الاتصال الآلي,ar
Enlace de Dron,الاتصال بالدرون,ar
Enracinement,توسع الجذور,ar
Entre les PO et l'enclume,الأصول الحديدية,ar
Entrenamiento de Guardaespaldas,تدريب الحارس الشخصي,ar
Entschlossenheit des Titanen,عزم العملاق,ar
Enyhén mágikus dobás,الرمية السحرية المخفّفة,ar
Epic Rolldown,استبدالٌ ملحمي,ar
Epickie Przelosowanie,استبدالٌ ملحمي,ar
Epický výlov,استبدالٌ ملحمي,ar
Epische Ladung,استبدالٌ ملحمي,ar
Epoca,الحقبة المميزة,ar
Epoch,الحقبة المميزة,ar
Epocha,الحقبة المميزة,ar
Epoche,الحقبة المميزة,ar
Epocă,الحقبة المميزة,ar
Epoka,الحقبة المميزة,ar
Era,الحقبة المميزة,ar
Eradicare,المُبيد,ar
Eradicator,المُبيد,ar
Eradicatore,المُبيد,ar
Erb Lightshieldů,رمز الدرع الخفيف,ar
Erlöser,المخلّص,ar
Erradicador,المُبيد,ar
Erwartetes Unerwartetes,مفاجآت الحظ,ar
Erweiterter Kredit,سلفة قرض,ar
Erőben kovácsolva,مصنوعٌ من القوة,ar
Erőd,حصن,ar
Erőd embléma,شارة الحصن,ar
EsQUATRão,أربعة تكسب ترقية,ar
Esagono dorato di Yasuo,خانة ياسو الذهبية,ar
Esaltazione di Kayle,تمجيد كايل,ar
Esaltazione radiosa di Kayle,تمجيد كايل المشع,ar
Escalamento de Fim de Jogo,زيادة القوة في نهاية المباراة,ar
Escalando,تسلّق سلم التصنيفات,ar
Escalar la clasificación,تسلّق سلم التصنيفات,ar
Escolha a característica,اختر خاصية,ar
Escroc,السيولة,ar
Escudo de estratega,درع المخطِط,ar
Escudo del Estratega,درع المخطِط,ar
Escudo do Estrategista,درع المخطِط,ar
Escurridizo,ريفت سكاتلر,ar
Esence Mihotavců,جوهر الحراشف اللامعة,ar
Esencia de Brilloescama,جوهر الحراشف اللامعة,ar
Esencia de brilloescama,جوهر الحراشف اللامعة,ar
Esencja Migoczącej Łuski,جوهر الحراشف اللامعة,ar
Esfera del Amanecer,جوهر الفجر,ar
Esgrima de Yasuo,مهارة مبارزة ياسو,ar
Esnek,المرن,ar
Espada Desmedida,السيوف الوفيرة,ar
Espada G.p.C.,السيف الهائل,ar
Espadafuria de Guinsoo,نصل غضب غينسو,ar
Espadas Más Letales,نصال أشد فتكًا,ar
Espadón,السيف الهائل,ar
Especialista em Fim de Jogo,اختصاصي نهاية المباراة,ar
Especialista en el juego tardío,اختصاصي نهاية المباراة,ar
Especialista en final de partida,اختصاصي نهاية المباراة,ar
Espera lo Inesperado,مفاجآت الحظ,ar
Espera lo inesperado,مفاجآت الحظ,ar
Esperando o Inesperado,مفاجآت الحظ,ar
Espinas,فيشبونز,ar
Esprit d'équipe,بناء الفريق,ar
Esprit de la Rédemption,روح الافتداء,ar
Esprit encombré,الذهن المشوّش,ar
Espátula,ملعقة مسطحة,ar
Espírito de Redenção,روح الافتداء,ar
Espíritu Firme,القلب الراسخ,ar
Espíritu de Redención,روح الافتداء,ar
Espíritu de la redención,روح الافتداء,ar
Espíritu libre,الأشقياء,ar
Essence des Luminécailles,جوهر الحراشف اللامعة,ar
Essenz der Schimmerschuppen,جوهر الحراشف اللامعة,ar
Essenza Scaglialucida,جوهر الحراشف اللامعة,ar
Essência de Escamaluz,جوهر الحراشف اللامعة,ar
Estafa,السيولة,ar
Estafador,السيولة,ar
Estratega diminuto,أصغر عملاق,ar
Estrela Negra,النجم المظلم,ar
Estrella Oscura,النجم المظلم,ar
Estrella oscura,النجم المظلم,ar
Estudio Paciente,الدراسة الصابرة,ar
Estudio y paciencia,الدراسة الصابرة,ar
Estudo Paciente,الدراسة الصابرة,ar
Esuli,المنفيون,ar
Eternal Pact,الميثاق الأزلي,ar
Etwas magische Aktualisierung,الرمية السحرية المخفّفة,ar
Evelynn áldása,هبة إيفلين,ar
Evelynn ösztöne,غريزة إيفلين,ar
Evelynn'in Lütfu,هبة إيفلين,ar
Evelynn'in İçgüdüsü,غريزة إيفلين,ar
Evelynn's Boon,هبة إيفلين,ar
Evelynn's Instinct,غريزة إيفلين,ar
Evelynnin dar,هبة إيفلين,ar
Evelynnin instinkt,غريزة إيفلين,ar
Evelynns Instinkt,غريزة إيفلين,ar
Evelynns Segen,هبة إيفلين,ar
Evenshroud,الدرع الساتر,ar
Evocazione continua,استحضار السحر المستمر,ar
Evriştirici,المستبدل العشوائي,ar
Ewiger Pakt,الميثاق الأزلي,ar
Exaltación Radiante de Kayle,تمجيد كايل المشع,ar
Exaltación de Kayle,تمجيد كايل,ar
Exaltación radiante de Kayle,تمجيد كايل المشع,ar
Exaltarea lui Kayle,تمجيد كايل,ar
Exaltarea radiantă a lui Kayle,تمجيد كايل المشع,ar
Exaltation de Kayle,تمجيد كايل,ar
Exaltation radieuse de Kayle,تمجيد كايل المشع,ar
Exaltação Radiante de Kayle,تمجيد كايل المشع,ar
Exaltação de Kayle,تمجيد كايل,ar
Exclusive Customization,تخصيص حصري,ar
Exilados,المنفيون,ar
Exilați,المنفيون,ar
Exiles,المنفيون,ar
Exiliados,المنفيون,ar
Exilés,المنفيون,ar
Exklusive Feinabstimmung,تخصيص حصري,ar
Exkluzivní úprava,تخصيص حصري,ar
Exkluzív testreszabás,تخصيص حصري,ar
Expected Unexpectedness,مفاجآت الحظ,ar
Expedice,الحملة الاستكشافية,ar
Expedición,الحملة الاستكشافية,ar
Expedition,الحملة الاستكشافية,ar
Expedição,الحملة الاستكشافية,ar
Expediție,الحملة الاستكشافية,ar
Expedíció,الحملة الاستكشافية,ar
Explosive Growth,النمو المتفجر,ar
Explosives Wachstum,النمو المتفجر,ar
Expédition,الحملة الاستكشافية,ar
Expérience à tout prix,الاستثمار طويل الأجل,ar
Extirpador,المُبيد,ar
Ezreal,إزريال,ar
Ezüstkanál,الملعقة الفضية,ar
Ezüsttóvári hajnal,فجر سيلفرمير,ar
Eğreti Zırh,الدروع المؤقتة,ar
Eşsiz Deneyim,الملعقة الفضية,ar
Eşya Çekilişi,كيس هدايا العناصر,ar
Fabbricante di bastoni,صانع القصبات,ar
Fabbricante di spade,صانع السيوف,ar
Fabricant de baguettes,صانع القصبات,ar
Fabricante de Bastões,صانع القصبات,ar
Fabricante de Espadas,صانع السيوف,ar
Fabricante de Varas,صانع القصبات,ar
Fabrication en série,الاستنساخ,ar
Fabrikneu,جديد من المصنع,ar
Faca de Statikk,السيف الصاعق,ar
Factory New,جديد من المصنع,ar
Fajín de mercurio,الزئبق,ar
Fame di denaro,جوع المال,ar
Fantocci da crash test,دمى اختبار التحطم,ar
Fantoccificazione,التحويل إلى دمية,ar
Fantoccio di addestramento,دمية التدريب,ar
Fare squadra,تشكيل الفريق,ar
Farmando Aura,حصاد الهالة,ar
Farmare l'aura,حصاد الهالة,ar
Farmarea aurei,حصاد الهالة,ar
Farmení aury,حصاد الهالة,ar
Farmeo Áurico,حصاد الهالة,ar
Farmienie Aury,حصاد الهالة,ar
Fatalista,حاملة المصائب,ar
Fateweaver,نساج المصير,ar
Favorul Sorakăi,هبة سوراكا,ar
Favorul duelistului,هبة تجميع الخردة,ar
Favorul lui Ahri,هبة آري,ar
Favorul lui Aurelion Sol,هبة أوريليون سول,ar
Favorul lui Ekko,هبة إيكو,ar
Favorul lui Evelynn,هبة إيفلين,ar
Favorul lui Kayle,هبة كايل,ar
Favorul lui Thresh,هبة ثريش,ar
Favorul lui Varus,هبة فاروس,ar
Favorul lui Yasuo,هبة ياسو,ar
Favorul resurecției,هبة الإنعاش,ar
Fedakârlığın Erdemi,فضيلة الشهيد,ar
Fedezeti alap,صندوق التحوط,ar
Feed the Flames,تغذية ألسنة اللهب,ar
Feeling Lucky,رمية الحظ,ar
Felaket Mücevheri,الجوهرة المتلفة,ar
Felemelkedés,الارتقاء,ar
Feleslegesen nagy pálca,قصبة عريضة بلا داع,ar
Felfelé a ranglétrán I.,تسلّق سلم التصنيفات,ar
Felfelé irányuló mobilitás,الحركة التصاعدية,ar
Felie de viață,لمحة من الحياة,ar
Felinarul lui Thresh,فانوس ثريش,ar
Festa de Aniversário,لم شمل عيد الميلاد,ar
Feu concentré,النيران المركزة,ar
Fiera Fiestera,محترف الحفلات,ar
Fierar neobosit,المصهر الحي,ar
Fila em Dupla,الطابور الثنائي,ar
Filo de la Muerte,نصل الموت,ar
Filo de la Noche,عباءة الليل,ar
Filo de la noche,عباءة الليل,ar
Filo del Infinito,السيف الأبدي,ar
Filo infinito,السيف الأبدي,ar
Filo mortal,نصل الموت,ar
Filofugaz,النصال الخاطفة,ar
Fin de partie,زيادة القوة في نهاية المباراة,ar
Final del ingenio,الموقف الحرج,ar
Finanziamento,سلفة قرض,ar
Find Your Center,اعثر على مركزك,ar
Finde deine Mitte,اعثر على مركزك,ar
Fine della notte,عباءة الليل,ar
Fiora,فيورا,ar
Firesale,تخفيضات نارية,ar
Fishbones,فيشبونز,ar
Fiumi di lacrime,بكاء بلا جدوى,ar
Fiumi di lacrime,الدموع المتدفقة,ar
Fizz,فيز,ar
Flambant neuf,جديد من المصنع,ar
Flessibilità,المرن,ar
Flexibel,المرن,ar
Flexibilita,المرن,ar
Flexibilitate,المرن,ar
Flexible,المرن,ar
Flexível,المرن,ar
Flickerblade,النصال الخاطفة,ar
Flickerblades,النصال الخاطفة,ar
Fließende Tränen,الدموع المتدفقة,ar
Flimmerklingen,النصال الخاطفة,ar
Flowing Tears,الدموع المتدفقة,ar
Fluch des Lichs,عفونة الموتى,ar
Fléau de liche,عفونة الموتى,ar
Fléau vengeur,هراوة المهاجم,ar
Flügelstab,عصا سيرافيم,ar
Foc concentrat,النيران المركزة,ar
Focalizarea orizontului,تركيز الأفق,ar
Foco do Horizonte,تركيز الأفق,ar
Focused Fire,النيران المركزة,ar
Fogo Concentrado,النيران المركزة,ar
Fokozott erő,قوة محسَّنة,ar
Fokussiertes Feuer,النيران المركزة,ar
Folyamatos idézés,استحضار السحر المستمر,ar
Fond de investiții,صندوق التحوط,ar
Fondamenta di prima linea,تأسيس الخط الأمامي,ar
Fondation de première ligne,تأسيس الخط الأمامي,ar
Fondo con intereses,صندوق التحوط,ar
Fondo de inversión,صندوق التحوط,ar
Fondo speculativo,صندوق التحوط,ar
Forbidden Idol,التمثال المحرّم,ar
Forge a Friend,صناعة صديق,ar
Forge divine,مصهر التمجيد,ar
Forge portative,المصهر المحمول,ar
Forge à retardement,المصهر الكامن,ar
Forged in Strength,مصنوعٌ من القوة,ar
Forgeron ambulant,المصهر الحي,ar
Forgia apoteotica,مصهر التمجيد,ar
Forgia incarnata,المصهر الحي,ar
Forgia nascosta,المصهر الكامن,ar
Forgia portatile,المصهر المحمول,ar
Forgia un amico,صناعة صديق,ar
Forgiato nella forza,مصنوعٌ من القوة,ar
Forja Apoteósica,مصهر التمجيد,ar
Forja Apoteótica,مصهر التمجيد,ar
Forja Latente,المصهر الكامن,ar
Forja Portátil,المصهر المحمول,ar
Forja Viva,المصهر الحي,ar
Forja Viviente,المصهر الحي,ar
Forja apoteósica,مصهر التمجيد,ar
Forja de amigos,صناعة صديق,ar
Forja de espadas,صانع السيوف,ar
Forja de varas,صانع القصبات,ar
Forja forjada,التصنيع المتقن,ar
Forja latente,المصهر الكامن,ar
Forja na Força,مصنوعٌ من القوة,ar
Forja portátil,المصهر المحمول,ar
Forja reîncărcărilor,التصنيع المتقن,ar
Forja viviente,المصهر الحي,ar
Forjado a la fuerza,مصنوعٌ من القوة,ar
Forjado en la Fortaleza,مصنوعٌ من القوة,ar
Forje uma Amizade,صناعة صديق,ar
Forjă apoteotică,مصهر التمجيد,ar
Forjă latentă,المصهر الكامن,ar
Forjă portabilă,المصهر المحمول,ar
Forma equipo,تشكيل الفريق,ar
Formation de Garde du corps,تدريب الحارس الشخصي,ar
Formazione,تشكيل الصفوف,ar
Fortwährende Beschwörung,استحضار السحر المستمر,ar
Forward Thinking,التفكير المتقدم,ar
Forțe proaspete,النوبة الثانية,ar
Fragmento de Vida,لمحة من الحياة,ar
Frammento d'infinito,السيف الأبدي,ar
Francotirador,رامي,ar
Frigideira,مقلاة,ar
Frontkämpfer,طليعي,ar
Frontkämpfer-Emblem,شارة الطليعي,ar
Frontline Foundation,تأسيس الخط الأمامي,ar
Frontlinien-Fundament,تأسيس الخط الأمامي,ar
Frying Pan,مقلاة,ar
Frângător al timpului,كاسر الزمن,ar
Frühe Erkenntnisse,الدروس المبكرة,ar
Fuego Concentrado,النيران المركزة,ar
Fuego concentrado,النيران المركزة,ar
Fuerte pero frágil,مدفع من زجاج,ar
Fuerte y Enorme,العملاق القوي,ar
Fuerzas renovadas,النوبة الثانية,ar
Fulcro del commercio,جوهر التجارة,ar
Fundação da Linha de Frente,تأسيس الخط الأمامي,ar
Fundo de Garantia,صندوق التحوط,ar
Fundusz Inwestycyjny,صندوق التحوط,ar
Fuoco concentrato,النيران المركزة,ar
Fureur du kraken,فورة الكراكن,ar
Furia Krakena,فورة الكراكن,ar
Furia del Kraken,فورة الكراكن,ar
Furia del kraken,فورة الكراكن,ar
Furia di Guinsoo,نصل غضب غينسو,ar
Furia krakenului,فورة الكراكن,ar
Furtarello,الاختلاس,ar
Furtivo,مارق,ar
Furto,الاختلاس,ar
Furto di componenti,عملية السطو على المكونات,ar
Furtuna lui Luden,عاصفة لودن,ar
Fäustlinge,القفازات,ar
Félholt csapás,عفونة الموتى,ar
Félvezető,شبه الناقل,ar
Fényőrző címer,رمز الدرع الخفيف,ar
Fókusz,الوسيط,ar
Fókusz mód,وضع الوسيط,ar
Fúria do Cráquem,فورة الكراكن,ar
"FĂRĂ ANALIZĂ, FĂRĂ SCHIMBĂRI",لا تغيير ولا استطلاع,ar
Făurit prin putere,مصنوعٌ من القوة,ar
Gabardina Sospechosa,المعطف المشبوه,ar
Gabardina sospechosa,المعطف المشبوه,ar
Gage de Sterak,قفاز ستيراك,ar
Gagnant-gagnant,الدراسة الصابرة,ar
Galaksi Avcısı,صياد المجرة,ar
Galaktický lovec,صياد المجرة,ar
Galaktischer Jäger,صياد المجرة,ar
Galaktyczni Łowcy,صياد المجرة,ar
Galaxisvadász,صياد المجرة,ar
Galaxy Hunter,صياد المجرة,ar
Gambit Urfa,مناورة أورف,ar
Gambit d'Urf,مناورة أورف,ar
Gambito de Urf,مناورة أورف,ar
Gantelet du Néant,قفاز الفويد,ar
Gantelet précieux,القفاز المرصع بالجواهر,ar
Gants d'entraînement,قفاز التدريب,ar
Gants de voleur,قفاز اللص,ar
Gants porte-bonheur,قفاز الحظ,ar
Gants à gogo,النجاح الحرج,ar
Gardienii gemeni,الحارسان التوأمان,ar
Gardiens jumeaux,الحارسان التوأمان,ar
Gargoyl Taşzırhı,درع صدر مرزاب الحجري,ar
Gargoyle Stoneplate,درع صدر مرزاب الحجري,ar
Garra de Dragón,مخلب التنين,ar
Garra de dragón,مخلب التنين,ar
Garra de merodeador,مخلب المتصيد,ar
Garra del Merodeador,مخلب المتصيد,ar
Garra do Dragão,مخلب التنين,ar
Garra do Espreitador,مخلب المتصيد,ar
Gasto con cabeza,الإنفاق الحكيم,ar
Gauner,السيولة,ar
Gebieter,قاضي,ar
Gebieter-Emblem,شارة القاضي,ar
Geburtstags-Wiedervereinigung,لم شمل عيد الميلاد,ar
Geburtstagsgeschenk,هدية عيد الميلاد,ar
Gecenin Kıyısı,عباءة الليل,ar
Geduld ist eine Tugend,الصبر فضيلة,ar
Geeinter Halt,في الاتحاد قوة,ar
Gefälligkeit des Schrotthändlers,هبة تجميع الخردة,ar
Gegenstand-Wundertüte,كيس هدايا العناصر,ar
Geist der Erlösung,روح الافتداء,ar
Geistessicht,وجه الروح,ar
Geld fürs Mittagessen,مصروف الغداء,ar
Geldgierig,جوع المال,ar
Geldmonsun,رياح المال الموسمية,ar
Gelişmiş Güç,قوة محسَّنة,ar
Gelungenes Comeback,حكاية العودة,ar
Gespiegelte Persona,الشخصية المنعكسة,ar
Gheara dragonului,مخلب التنين,ar
Gheara lui Sterak,قفاز ستيراك,ar
Gheara prădătorului,مخلب المتصيد,ar
Giant Slayer,قاتل العمالقة,ar
Giant and Mighty,العملاق القوي,ar
Giant's Belt,حزام العملاق,ar
Gigante e Poderoso,العملاق القوي,ar
Gigantes y fuertes,العملاق القوي,ar
Gilded Steel,الفولاذ المذهب,ar
Gioco di lama di Yasuo,مهارة مبارزة ياسو,ar
Gioiello della rovina,الجوهرة المتلفة,ar
Giuvaier blestemat,الجوهرة المتلفة,ar
Gizemli Trençkot,المعطف المشبوه,ar
Giáp Lưới,السترة المسلسلة,ar
Giáp Máu Warmog,درع وارموغ,ar
Giáp Tay Seeker,واقي ذراع المطارد,ar
Giáp Tâm Linh,وجه الروح,ar
Giáp Tự Chế,الدروع المؤقتة,ar
Giáp Vai Nguyệt Thần,الدرع الساتر,ar
Giù come birilli,محظوظ,ar
Giọt Lệ Bi Ai,بكاء بلا جدوى,ar
Giữ Vững Hàng Ngũ,حماية الخطوط,ar
Glaives à gogo,شق الدرب,ar
Glaskanone,مدفع من زجاج,ar
Glass Cannon,مدفع من زجاج,ar
Glückshandschuhe,قفاز الحظ,ar
Gnar,غنار,ar
Goana după bani,جوع المال,ar
God-Blessed,مباركة السماء,ar
Going Long,الاستثمار طويل الأجل,ar
Golden Gamble,الرهان الذهبي,ar
Goldenes Glücksspiel,الرهان الذهبي,ar
Golem,غولم,ar
Golpetazos,الاستهلاك ضروري,ar
Good For Something,نافع لشيء ما,ar
Gotowy Komplet,التشكيل الأقصى,ar
Gottgesegnet,مباركة السماء,ar
Grabież,الاختلاس,ar
Gracia de Ahri,هبة آري,ar
Gracia de Aurelion Sol,هبة أوريليون سول,ar
Gracia de Ekko,هبة إيكو,ar
Gracia de Evelynn,هبة إيفلين,ar
Gracia de Kayle,هبة كايل,ar
Gracia de Soraka,هبة سوراكا,ar
Gracia de Thresh,هبة ثريش,ar
Gracia de Varus,هبة فاروس,ar
Gracia de Yasuo,هبة ياسو,ar
Gracia de resurrección,هبة الإنعاش,ar
Gragas,غراغاس,ar
Gran Compromiso,الالتزام الصارم,ar
Grandalhão,الحجم مهم,ar
Grande e possente,العملاق القوي,ar
Grandeur et démesure,العملاق القوي,ar
Graves,غرايفز,ar
Gredin,السيولة,ar
Griffe de dragon,مخلب التنين,ar
Griffes du rôdeur,مخلب المتصيد,ar
Group Hug,عناق جماعي,ar
Groß und mächtig,العملاق القوي,ar
Große Wundertüte,كيس هدايا كبير,ar
Groźniejsze Ostrza,نصال أشد فتكًا,ar
Gruboskórność Steraka,قفاز ستيراك,ar
Grup Kucaklaşması,عناق جماعي,ar
Grupowy Przytulas,عناق جماعي,ar
Gruppenumarmung,عناق جماعي,ar
Gräte,فيشبونز,ar
Größe ist alles,الحجم مهم,ar
Guantelete Deslumbrante,القفاز المرصع بالجواهر,ar
Guantelete de Sterak,قفاز ستيراك,ar
Guantelete del Vacío,قفاز الفويد,ar
Guantelete enjoyado,القفاز المرصع بالجواهر,ar
Guantes de Combate,قفاز التدريب,ar
Guantes de Ladrón,قفاز اللص,ar
Guantes de combate,قفاز التدريب,ar
Guantes de la Suerte,قفاز الحظ,ar
Guantes de la suerte,قفاز الحظ,ar
Guantes de ladrón,قفاز اللص,ar
Guanti del ladro,قفاز اللص,ar
Guanti fortunati,قفاز الحظ,ar
Guanto del Vuoto,قفاز الفويد,ar
Guanto ingioiellato,القفاز المرصع بالجواهر,ar
Guantoni,قفاز التدريب,ar
Guardabrazo del Buscador,واقي ذراع المطارد,ar
Guardia de la Corona,حامي التاج,ar
Guardianes Gemelos,الحارسان التوأمان,ar
Guardianes gemelos,الحارسان التوأمان,ar
Guardiani gemelli,الحارسان التوأمان,ar
Guardiões Gêmeos,الحارسان التوأمان,ar
Guarida del Barón,وكر البارون,ar
Guinsoo dühpengéje,نصل غضب غينسو,ar
Guinsoo'nun Hiddeti,نصل غضب غينسو,ar
Guinsoo's Rageblade,نصل غضب غينسو,ar
Guinsoos Wutklinge,نصل غضب غينسو,ar
Guinsoova zuřivá čepel,نصل غضب غينسو,ar
Gume do Infinito,السيف الأبدي,ar
Gun Goddess,سيدة الأسلحة,ar
Gustări dulci,حلوى لذيذة,ar
Gwałtowny Wzrost,النمو المتفجر,ar
Gwen,غوين,ar
Gwiezdna Kombinacja,متوالية نجمية,ar
Gyakorlófigura,دمية التدريب,ar
Gyanús ballonkabát,المعطف المشبوه,ar
Gyors kettős gyilkosság,القتل المزدوج السريع,ar
Gyorstüzelő ágyú,مدفع النار السريع,ar
Gyári új,جديد من المصنع,ar
Gyógyító gömbök I.,بلورات العلاج,ar
Gói Bảo Hộ,حزمة الرعاية,ar
Gói Tăng Cường,حزمة الدعم,ar
Gói Đăng Ký Hạng Sang,الاشتراك الفخم,ar
Gólem,غولم,ar
Gökten Yağan Altın,رياح المال الموسمية,ar
Gölge Kukla,دمية الظل,ar
Gömülü Hazineler,الكنوز المدفونة,ar
Göttlicher Duellant,المبارزة السامية,ar
Gözyaşları Sel,بكاء بلا جدوى,ar
Gözü Yükseklerde,الاستثمار طويل الأجل,ar
Gümüşgöl Şafağı,فجر سيلفرمير,ar
Günateşi Pelerini,قلنسوة لهب الشمس,ar
Günateşi Tahtası,لوح لهيب الشمس,ar
Gürtel des Riesen,حزام العملاق,ar
Gürtel im Überfluss,الأحزمة الوفيرة,ar
Gürzün Dileği,إرادة الصولجان,ar
Güç Kadehi,كأس القوة,ar
Güçle İşlenmiş,مصنوعٌ من القوة,ar
Güçlü Ama Kırılgan,مدفع من زجاج,ar
Güçlü Arkadaşlık,صناعة صديق,ar
Güçlü Şapkalar,قبعات أشد فتكًا,ar
Găng Bảo Thạch,القفاز المرصع بالجواهر,ar
Găng Hư Không,قفاز الفويد,ar
Găng Đạo Tặc,قفاز اللص,ar
Găng Đấu Sĩ,القفازات,ar
Găng Đấu Tập,قفاز التدريب,ar
Găsește-ți centrul de putere,اعثر على مركزك,ar
Gươm Biến Ảnh,السيف الطيفي,ar
Gậy Quá Khổ,قصبة عريضة بلا داع,ar
Hacha de Fuego Infernal,فأس نيران الجحيم,ar
Hacha infernal,فأس نيران الجحيم,ar
Hachette infernale,فأس نيران الجحيم,ar
Haciendo Amistades,صناعة صديق,ar
Hadiösvény,طريق الحرب,ar
Hadúri dicsőség,شرف أمير الحرب,ar
Hai il mio arco,قوسي في خدمتك,ar
Hai odată,حقق مرادك,ar
Hajnalmag,جوهر الفجر,ar
Halbleiter,شبه الناقل,ar
Halla tu Centro,اعثر على مركزك,ar
Halszálka,فيشبونز,ar
Halálosabb pengék,نصال أشد فتكًا,ar
Halálosabb süvegek,قبعات أشد فتكًا,ar
Halálpenge,نصل الموت,ar
Hand Of Justice,يد العدالة,ar
Hand der Gerechtigkeit,يد العدالة,ar
Handelssektor,قطاع التجارة,ar
Handschuhe des Diebs,قفاز اللص,ar
Hang Ổ Baron,وكر البارون,ar
Hanger fantomatic,السيف الطيفي,ar
Hard Commit,الالتزام الصارم,ar
Hatalmas sorsolás,استبدالٌ ملحمي,ar
Hatalmas és erős,العملاق القوي,ar
Határtalan penge,السيف الأبدي,ar
Haute tension,الكهرباء القوية,ar
Hayat Deneyimi,الدراسة الصابرة,ar
Hayattan Bir Kesit,لمحة من الحياة,ar
Hazine Avı,صيد الكنوز,ar
Haşmetli Hydra,الهيدرا العملاقة,ar
Haşmetli Macera,المغامرة الفخمة,ar
Healing Orbs,بلورات العلاج,ar
Heart of Steel,القلب الفولاذي,ar
Heavy Is the Crown,عبء التاج ثقيل,ar
Hecho a medida,تخصيص حصري,ar
Hedef Kuklası,دمية التدريب,ar
Hedefe Kilitlenen Optik,منظار رصد الهدف,ar
Hedge Fund,صندوق التحوط,ar
Heilende Echos,صدى الشفاء,ar
Heilende Kugeln,بلورات العلاج,ar
Heldenhafte Wundertüte,كيس الهدايا البطولي,ar
Hellfire Hatchet,فأس نيران الجحيم,ar
Hemos venido a jugar,الحركات الخطرة,ar
Heraldo de Zeke,نذير زيكي,ar
Heraldo de las Tinieblas de Zeke,نذير زيكي الكئيب,ar
Heraldo desolador de Zeke,نذير زيكي الكئيب,ar
Herausforderer,متحدي,ar
Herausforderer-Emblem,شارة المتحدّي,ar
Herausforderer-Modus,وضع المتحدية,ar
Herb Dynastii Promiennej Tarczy,رمز الدرع الخفيف,ar
Herkesin Katili,قاتل لا يميز بين ضحاياه,ar
Heroic Grab Bag,كيس الهدايا البطولي,ar
Heroiczna Torba z Różnościami,كيس الهدايا البطولي,ar
Herold Zeke'a,نذير زيكي,ar
Herz aus Stahl,القلب الفولاذي,ar
Heul doch …,بكاء بلا جدوى,ar
Hex Dorado de Yasuo,خانة ياسو الذهبية,ar
Hexagone doré de Yasuo,خانة ياسو الذهبية,ar
Hexagonul auriu al lui Yasuo,خانة ياسو الذهبية,ar
Hextech Gunblade,سكين سلاح الهيكستيك,ar
Hextech Silahkılıç,سكين سلاح الهيكستيك,ar
Hextech lőpenge,سكين سلاح الهيكستيك,ar
Hextech-Gunblade,سكين سلاح الهيكستيك,ar
Hexágono dorado de Yasuo,خانة ياسو الذهبية,ar
Hidra Titánica,الهيدرا العملاقة,ar
Hidra Titânica,الهيدرا العملاقة,ar
Hidra titanilor,الهيدرا العملاقة,ar
Hidra titánica,الهيدرا العملاقة,ar
Higany,الزئبق,ar
High Voltage,الكهرباء القوية,ar
Hilfspaket,حزمة الرعاية,ar
Hirte,راعي,ar
Hirte-Emblem,شارة الراعي,ar
Historia Powrotu do Chwały,حكاية العودة,ar
Hivatásos bokszoló,مقاتل الجوائز,ar
Hiçlik Değneği,صولجان الفويد,ar
Hiçlik Eldiveni,قفاز الفويد,ar
Hiện Thân Phản Chiếu,الشخصية المنعكسة,ar
Hiện Thân Phản Chiếu Cỡ Nhỏ,الشخصية المنعكسة المصغّرة,ar
Hochspannung,الكهرباء القوية,ar
Hoja de furia de Guinsoo,نصل غضب غينسو,ar
Hoja maldita,النصل الملعون,ar
Hojas más letales,نصال أشد فتكًا,ar
Hold the Line,حماية الخطوط,ar
Holofote Compartilhado do Yasuo,مشاركة تألق ياسو,ar
Honneur du Maître de guerre,شرف أمير الحرب,ar
Honor Watażki,شرف أمير الحرب,ar
Honor de señor de la guerra,شرف أمير الحرب,ar
Honor del Caudillo,شرف أمير الحرب,ar
Honra do Mestre da Guerra,شرف أمير الحرب,ar
Hordozható kohó,المصهر المحمول,ar
Horizon Focus,تركيز الأفق,ar
Horizont,تركيز الأفق,ar
Horizontfokus,تركيز الأفق,ar
Hortlak Palası,السيف الطيفي,ar
Hosszú távú befektetés,الاستثمار طويل الأجل,ar
Hrdinská dárková taška,كيس الهدايا البطولي,ar
Hurdacının Lütfu,هبة تجميع الخردة,ar
Hurto,الاختلاس,ar
Hustler,السيولة,ar
Huy Hiệu Lightshield,رمز الدرع الخفيف,ar
Huyết Giá,ثمن الدم,ar
Huyết Kiếm,المتعطش للدماء,ar
Huyết Trượng Tha Hóa,صولجان مصاصي الدماء الفاسد,ar
Huyết Tế,قربان الدم,ar
Huấn Luyện Cận Vệ,تدريب الحارس الشخصي,ar
Hvězdná obnova,محظوظ,ar
Hvězdné kombo,متوالية نجمية,ar
Hvězdopravec,المحدق بالنجوم,ar
Hydre titanesque,الهيدرا العملاقة,ar
Hàng Chờ Pandora,دكة بدلاء باندورا,ar
Hàng Chờ Đấu Đôi,الطابور الثنائي,ar
Hành Tinh,رقص الفضاء,ar
Hào Quang Của Ahri,هالة آري,ar
Hào Quang Nhân Vật Chính,دروع البطل,ar
Hármak légiója,الفيلق الثلاثي,ar
Hármas kombó I.,الثلاثية,ar
Hátsó vonal tervrajza,خطة عمل الخط الخلفي,ar
Hâkim,قاضي,ar
Hâkim Amblemi,شارة القاضي,ar
Hình Nhân,دمية التدريب,ar
Hình Nhân Hóa,التحويل إلى دمية,ar
Hình Nộm Va Chạm,دمى اختبار التحطم,ar
Hút Sinh Lực,حيوية مصاص الدماء,ar
Hücum Gürzü,هراوة المهاجم,ar
Hükümdarın Seçimi,مباركة السماء,ar
Hırsız Eldiveni,قفاز اللص,ar
Hırsız Çetesi,عصابة اللصوص,ar
Hırsız Çetesi II,عصابة اللصوص II,ar
Hızlı Başlangıç,دفعة أولية,ar
Hızlı Yükseliş,الفوز الكبير,ar
Hızlı İkide İki,القتل المزدوج السريع,ar
Hősies zsákbamacska,كيس الهدايا البطولي,ar
Hůl Prázdnoty,صولجان الفويد,ar
Hướng Đến Hồi Kết,اختصاصي نهاية المباراة,ar
Hưởng Ké Hào Quang Yasuo,مشاركة تألق ياسو,ar
Hạ Đo Ván,الاستهلاك ضروري,ar
Hắc Tinh,النجم المظلم,ar
Hố Đen Tí Hon,الثقب الأسود الصغير,ar
Hủy Diệt,المُبيد,ar
Ia arcul meu,قوسي في خدمتك,ar
Idol interzis,التمثال المحرّم,ar
Idole interdite,التمثال المحرّم,ar
Idolo proibito,التمثال المحرّم,ar
Idra titanica,الهيدرا العملاقة,ar
Időtörő,كاسر الزمن,ar
Időtörő embléma,شارة كاسر الزمن,ar
Ikerőrzők,الحارسان التوأمان,ar
Il Drago dorato,التنين الذهبي,ar
Il massimo con il minimo,اللعب الأمثل,ar
Il potente Mech,الميكا الجبار,ar
Illaoi,إيلاوي,ar
Iluminare parțială,الارتقاء الجزئي,ar
Immer höher hinauf,تسلّق سلم التصنيفات,ar
Impermeabile sospetto,المعطف المشبوه,ar
Impianti cibernetici,الشرائح الآلية,ar
Impianto empatico,شريحة التعاطف,ar
Implant Współczulny,شريحة التعاطف,ar
Implant cybernétique,شريحة التعاطف,ar
Implant empatic,شريحة التعاطف,ar
Implante Simpático,شريحة التعاطف,ar
Implante Solidário,شريحة التعاطف,ar
Implante simpático,شريحة التعاطف,ar
Implantes Cibernéticos,الشرائح الآلية,ar
Implantes cibernéticos,الشرائح الآلية,ar
Implants cybernétiques,الشرائح الآلية,ar
Implanturi cibernetice,الشرائح الآلية,ar
Implanty Cybernetyczne,الشرائح الآلية,ar
Impossível Recusar,حقق مرادك,ar
Improvisierte Rüstung,الدروع المؤقتة,ar
Improwizowana Zbroja,الدروع المؤقتة,ar
Impuesto Cognitivo,الضريبة المعرفية,ar
Impuesto cognitivo,الضريبة المعرفية,ar
In quattro e quattr'otto,أربعة تكسب ترقية,ar
Inactividad,التغيب عن اللعب,ar
Inadaptados,الأشقياء,ar
Inadaptați,الأشقياء,ar
Inaktivitás,التغيب عن اللعب,ar
Incantație continuă,استحضار السحر المستمر,ar
Indiscriminate Killer,قاتل لا يميز بين ضحاياه,ar
Indomable,الصنديد,ar
Indomável,الصنديد,ar
Infinity Edge,السيف الأبدي,ar
Infinity Protection,حماية اللانهاية,ar
Inicio Veloz,دفعة أولية,ar
Inimă de oțel,القلب الفولاذي,ar
Initiateur,طليعي,ar
Innervating Locket,قلادة التنشيط,ar
Instinct d'Evelynn,غريزة إيفلين,ar
Instinctul lui Evelynn,غريزة إيفلين,ar
Instinto de Evelynn,غريزة إيفلين,ar
Instynkt Evelynn,غريزة إيفلين,ar
Insígnia do Lumescudo,رمز الدرع الخفيف,ar
Intermediar,الوسيط,ar
Invadatorul Zed,زيد الغازي,ar
Invader Zed,زيد الغازي,ar
Invasión de Zed,زيد الغازي,ar
Invasor Zed,زيد الغازي,ar
Inversión,الاستثمار,ar
Invested,الاستثمار,ar
Investice,الاستثمار,ar
Investiert,الاستثمار,ar
Investimento,الاستثمار,ar
Investissement,الاستثمار,ar
Investissement sur le futur,التفكير المتقدم,ar
Investitura,الاستثمار,ar
Investiční fond,صندوق التحوط,ar
Investiție,الاستثمار,ar
Inwestycja,الاستثمار طويل الأجل,ar
Início Rápido,دفعة أولية,ar
Ionic Spark,الشرارة الأيونية,ar
Ionischer Funke,الشرارة الأيونية,ar
Ionos szikra,الشرارة الأيونية,ar
Iontová jiskra,الشرارة الأيونية,ar
Iron Assets,الأصول الحديدية,ar
Isteni párbajhős,المبارزة السامية,ar
Istennő könnycseppje,دمعة الزعيمة,ar
Istenáldotta,مباركة السماء,ar
Istinto di Evelynn,غريزة إيفلين,ar
Item Grab Bag,كيس هدايا العناصر,ar
Itens de Pandora,عناصر باندورا,ar
Iubire nezdruncinată,القلب الراسخ,ar
Işıltılı Serseri,الوغد المشع,ar
JEDU SI TO SVOJE,لا تغيير ولا استطلاع,ar
Ja Gram Solo,ترقية فردية,ar
Jaf,الاختلاس,ar
Jaful componentelor,عملية السطو على المكونات,ar
Jakim Kosztem,مقابل أي ثمن,ar
Jax,جاكس,ar
Jaximus,السعي نحو النجوم,ar
"Jeden buff, dva buffy",تعزيزٌ هنا وتعزيزٌ هناك,ar
"Jedna, dva, tři",واحد واثنان وثلاثة,ar
Jeu de patience,الصبر فضيلة,ar
Jeweled Gauntlet,القفاز المرصع بالجواهر,ar
Jeweled Lotus,اللوتس المرصع,ar
Jhin,جين,ar
Jinx,جينكس,ar
Jogada Levemente Mágica,الرمية السحرية المخفّفة,ar
Jogada Mágica,الرمية السحرية,ar
Jogada de Urf,مناورة أورف,ar
Joia da Ruína,الجوهرة المتلفة,ar
Jonowa Iskra,الشرارة الأيونية,ar
Jour de relance,الاستبدالات الوفيرة,ar
Joya Maldita,الجوهرة المتلفة,ar
Joya de la plaga,الجوهرة المتلفة,ar
Joyau putréfiant,الجوهرة المتلفة,ar
Jugadas arriesgadas,الحركات الخطرة,ar
Juge stellaire,قاضي,ar
Juguito de Gorrito,عصير القبعة,ar
Juramento del Protector,نذر الحامي,ar
Juramento do Cavaleiro,عهد الفارس,ar
Juramento do Protetor,نذر الحامي,ar
Jurământul protectorului,نذر الحامي,ar
Jus chapi-chapo,عصير القبعة,ar
Just Hit,حقق مرادك,ar
Justice critique,القصاص,ar
Juwelenbesetzter Handschuh,القفاز المرصع بالجواهر,ar
Juwelenbesetzter Lotus,اللوتس المرصع,ar
Jádro obchodu,جوهر التجارة,ar
Jádro úsvitu,جوهر الفجر,ar
Jó sorozat,محظوظ,ar
Jóbarát rendelésre,بناء البطل,ar
Jós,عراف,ar
Jótékony visszhang,صدى الشفاء,ar
K. N. kard,السيف الهائل,ar
K. V. meč,السيف الهائل,ar
K.W. Miecz,السيف الهائل,ar
"KEIN UMSEHEN, KEIN WECHSELN",لا تغيير ولا استطلاع,ar
Kaderbaz,نساج المصير,ar
Kahraman Çekilişi,كيس الهدايا البطولي,ar
Kahuna,كاهوناهونا,ar
Kahunahuna,كاهوناهونا,ar
Kai'Sa,كايسا,ar
Kamekameha,كاهوناهونا,ar
Kamienna Płyta Gargulca,درع صدر مرزاب الحجري,ar
Kamizelka Cierniowa,السترة المدببة,ar
Kamizelka Kolcza,السترة المسلسلة,ar
Kampfhandschuhe,قفاز التدريب,ar
Kan Adağı,قربان الدم,ar
Kan Bedeli,ثمن الدم,ar
Kanalisierer,الوسيط,ar
Kanalisierermodus,وضع الوسيط,ar
Kanasusamış,المتعطش للدماء,ar
Kanciarz,السيولة,ar
Kanoucí slzy,الدموع المتدفقة,ar
Kapelusze Zabójcze jak Nigdy,قبعات أشد فتكًا,ar
Karanlık Leydi,سيدة الظلام,ar
Kararlı Yürek,القلب الراسخ,ar
Karayel,النسيم العليل,ar
Kardkovács,صانع السيوف,ar
Kardszállítmány,السيوف الوفيرة,ar
Karma,كارما,ar
Kayle felmagasztosulása,تمجيد كايل,ar
Kayle ragyogó felmagasztosulása,تمجيد كايل المشع,ar
Kayle áldása,هبة كايل,ar
Kayle's Boon,هبة كايل,ar
Kayle's Exaltation,تمجيد كايل,ar
Kayle's Radiant Exaltation,تمجيد كايل المشع,ar
Kayle'ın Işıltılı Yüceliği,تمجيد كايل المشع,ar
Kayle'ın Lütfu,هبة كايل,ar
Kayle'ın Yüceliği,تمجيد كايل,ar
Kayles Hochgefühl,تمجيد كايل,ar
Kayles Segen,هبة كايل,ar
Kayles strahlendes Hochgefühl,تمجيد كايل المشع,ar
Kaylin dar,هبة كايل,ar
Kaylino povznesení,تمجيد كايل,ar
Kaylino zářivé povznesení,تمجيد كايل المشع,ar
Kaz Gelecek Yerden...,الحركات الخطرة,ar
Kedi Olalı Bir Fare,نافع لشيء ما,ar
Kedvez a szerencse,رمية الحظ,ar
Kefaret Ruhu,روح الافتداء,ar
Kelch der Macht,كأس القوة,ar
Kemer Fazlalığı,الأحزمة الوفيرة,ar
Kereskedelmi központ,جوهر التجارة,ar
Keresők karvértje,واقي ذراع المطارد,ar
Keskin Nişancı,رامي,ar
Keskin Nişancı Amblemi,شارة الرامي,ar
Kettenweste,السترة المسلسلة,ar
Keşif Gezisi,الحملة الاستكشافية,ar
Khiên Hoàng Hôn,درع الغسق,ar
Khiên Hừng Đông,درع الفجر,ar
Khiên Đơn Đấu,درع الصدر المنفرد,ar
Kho Báu Chôn Giấu,الكنوز المدفونة,ar
Kho Báu Sắt,الأصول الحديدية,ar
Khu Giao Dịch,قطاع التجارة,ar
Khuyến Mãi Kinh Nghiệm,الترقية!,ar
Khéo Tay Hay Làm,التصنيع المتقن,ar
Khảm Bảo Thạch,اللوتس المرصع,ar
Khế Ước Vĩnh Hằng,الميثاق الأزلي,ar
Khổng Lồ Hóa,العمالقة الصغار,ar
Khổng Lồ Tí Hon,أصغر عملاق,ar
Khởi Động Nhanh,دفعة أولية,ar
Kibernetikus fellövő,الاتصال الآلي,ar
Kibernetikus implantátumok,الشرائح الآلية,ar
Kick Start,دفعة أولية,ar
Kickstart,دفعة أولية,ar
"Kicsi, de halálos",الصغير الفتاك,ar
Kihívó,متحدي,ar
Kihívó embléma,شارة المتحدّي,ar
Kihívó mód,وضع المتحدية,ar
Kiirtó,المُبيد,ar
Kim Long,التنين الذهبي,ar
Kimaxolt összeállítás,التشكيل الأقصى,ar
Kincsvadászat,صيد الكنوز,ar
Kindred,كيندريد,ar
Kiralık Katil,القاتل المأجور,ar
Kis zsákbamacska,كيس هدايا صغير,ar
Kiên Nhẫn Của Ekko,صبر إيكو,ar
Kiên Nhẫn Học Tập,الدراسة الصابرة,ar
Kiên Nhẫn Là Một Đức Tính,الصبر فضيلة,ar
Kişiselleştirme Fırsatı,تخصيص حصري,ar
Kiếm B.F.,السيف الهائل,ar
Kiếm Cong,النصل الملعون,ar
Kiếm Súng Hextech,سكين سلاح الهيكستيك,ar
Kiếm Tai Ương,عفونة الموتى,ar
Kiếm Thuật Của Yasuo,مهارة مبارزة ياسو,ar
Kiếm Tử Thần,نصال أشد فتكًا,ar
Kiếm Tử Thần,نصل الموت,ar
Klarer Geist,الذهن الصافي,ar
Klaue des Meuchlers,مخلب المتصيد,ar
Kleine Freunde,الرفاق الصغار,ar
Kleine Wundertüte,كيس هدايا صغير,ar
Kleine gespiegelte Persona,الشخصية المنعكسة المصغّرة,ar
Kleines schwarzes Loch,الثقب الأسود الصغير,ar
Klejnot Rozpadu,الجوهرة المتلفة,ar
Klenot nákazy,الجوهرة المتلفة,ar
Klinge der Unendlichkeit,السيف الأبدي,ar
Klinge des Todes,نصل الموت,ar
Klonprogramm,الاستنساخ,ar
Kluftkrabbler,ريفت سكاتلر,ar
Knallhart,دروع البطل,ar
Knight's Vow,عهد الفارس,ar
Kniha vlastností,مجلد الخواص,ar
Kognitive Steuer,الضريبة المعرفية,ar
Kognitive Überladung,الحمل المعرفي الزائد,ar
Kognitivní přetížení,الحمل المعرفي الزائد,ar
Kognitivní zátěž,الضريبة المعرفية,ar
Kognitív teher,الضريبة المعرفية,ar
Kognitív túlterhelés,الحمل المعرفي الزائد,ar
Kolejka Duo,الطابور الثنائي,ar
Koleżcy,الرفاق الصغار,ar
Kolosalna Hydra,الهيدرا العملاقة,ar
Kommandant,القائدة,ar
Kommerzkern,جوهر التجارة,ar
Komponentenraub,عملية السطو على المكونات,ar
Komutan,القائدة,ar
Koniec Rozumu,الموقف الحرج,ar
Konserwator Biomaterii,حافظ المادة الحيوية,ar
Konto Oszczędnościowe,حساب الادخار,ar
Konzervátor biomateriálu,حافظ المادة الحيوية,ar
Kopyalama Süreci,الاستنساخ,ar
Korai tanulságok,الدروس المبكرة,ar
Korbacz Napastnika,هراوة المهاجم,ar
Korona Taktyka,تاج المخطِط,ar
Korona Zawsze Będzie Ciążyć,عبء التاج ثقيل,ar
Koronaőr,حامي التاج,ar
Koroze,التآكل,ar
Korozja,التآكل,ar
Korozyon,التآكل,ar
Korrosion,التآكل,ar
Korrózió,التآكل,ar
Korszak,الحقبة المميزة,ar
Koruma Eğitimi,تدريب الحارس الشخصي,ar
Korunní stráž,حامي التاج,ar
Koruyucunun Müttefiki,حليف الوصي,ar
Kosa Statikka,السيف الصاعق,ar
Kosmický restart,البداية الكونية الجديدة,ar
Kosmiczny Restart,البداية الكونية الجديدة,ar
Kosmischer Neubeginn,البداية الكونية الجديدة,ar
Kosmofaza,رقص الفضاء,ar
Kostur Archanioła,عصا كبير الحُماة,ar
Kostur Pustki,صولجان الفويد,ar
Kostur Serafina,عصا سيرافيم,ar
Kosturnik,صانع القصبات,ar
Kouzelný hod,الرمية السحرية,ar
Kovácsolj barátot,صناعة صديق,ar
Kozmik Başlangıç,البداية الكونية الجديدة,ar
Kozmikus újraindítás,البداية الكونية الجديدة,ar
Kraken'in Öfkesi,فورة الكراكن,ar
Kraken's Fury,فورة الكراكن,ar
Krakenův hněv,فورة الكراكن,ar
Kraliyet Başlığı,حامي التاج,ar
Krev za krev,ثمن الدم,ar
Kriegsbeil des Höllenfeuers,فأس نيران الجحيم,ar
Kriegspfad,طريق الحرب,ar
Kritický úspěch,النجاح الحرج,ar
Kritik Başarı,النجاح الحرج,ar
Kritikus siker,النجاح الحرج,ar
Kritischer Erfolg,النجاح الحرج,ar
Krmení plamenů,تغذية ألسنة اللهب,ar
Krone des Taktikers,تاج المخطِط,ar
Kronwacht,حامي التاج,ar
Kroužková vesta,السترة المسلسلة,ar
Krvavá oběť,قربان الدم,ar
Krvežíznivec,المتعطش للدماء,ar
Krwiopijec,المتعطش للدماء,ar
Krytyczny Sukces,النجاح الحرج,ar
Księga Cech,مجلد الخواص,ar
Kuchnia Taktyka,مطبخ المخطِط,ar
Kukiełka Cienia,دمية الظل,ar
Kukla Yağmuru!,دمى اختبار التحطم,ar
Kuklaya Dönüştür,التحويل إلى دمية,ar
Kukła Treningowa,دمية التدريب,ar
Kukły do Testów Wypadkowych,دمى اختبار التحطم,ar
Kule,البرج,ar
Kusursuzluk Arayışı,اللعب الأمثل,ar
Kutilův dar,هبة تجميع الخردة,ar
Kybernetická linka,الاتصال الآلي,ar
Kybernetické implantáty,الشرائح الآلية,ar
Kybernetische Implantate,الشرائح الآلية,ar
Kybernetische Verbindung,الاتصال الآلي,ar
Kártyacsomag,حزمة الدعم,ar
Kâhin,عراف,ar
Kék erősítés,محفز أزرق,ar
Kích Cỡ Là Quan Trọng,الحجم مهم,ar
Kính Khóa Mục Tiêu,منظار رصد الهدف,ar
Kính Nhắm Ma Pháp,تركيز الأفق,ar
Könnyek patakja,بكاء بلا جدوى,ar
Könyörtelen költség,العوائد الخبيثة,ar
Kötü Niyetli Kazanç,العوائد الخبيثة,ar
Kötü Yazılım Matrisi,مصفوفة البرمجيات الخبيثة,ar
Közös gyakorlás,التحويل إلى دمية,ar
Küldetés újrakezdése,إعادة المهمة,ar
Küçük Benlik Aynası,الشخصية المنعكسة المصغّرة,ar
Kılavuz,راعي,ar
Kılavuz Amblemi,شارة الراعي,ar
Kılçık,فيشبونز,ar
Kılıç Fazlalığı,السيوف الوفيرة,ar
Kılıç İşçisi,صانع السيوف,ar
Kırmızı Güçlendirme,المحفز الأحمر,ar
Kısmen Büyülü Zar,الرمية السحرية المخفّفة,ar
Kısmi Yükseliş,الارتقاء الجزئي,ar
Kıymetli Metaller,الأصول الحديدية,ar
Kızartma Tavası,مقلاة,ar
Kẻ Sống Sót,الصامد,ar
Kết Nối Drone,الاتصال بالدرون,ar
Kết Nối Gián Đoạn,اتصالات فائتة,ar
Kề Vai Sát Cánh,نتماسك معًا,ar
Kỳ Vọng Bất Ngờ,مفاجآت الحظ,ar
Kỷ Nguyên,الحقبة المميزة,ar
L'Albero dei tratti,شجرة الخواص,ar
L'amour du risque,الحركات الخطرة,ar
L'atteso inaspettato,مفاجآت الحظ,ar
L'indomabile,الصنديد,ar
L'indomptable,الصنديد,ar
L'onore del Signore della guerra,شرف أمير الحرب,ar
L'uovo dorato,البيضة الذهبية,ar
La Bramasangue,المتعطش للدماء,ar
La Paciencia es una Virtud,الصبر فضيلة,ar
La Sanguinaria,المتعطش للدماء,ar
La Torre,البرج,ar
La Tour,البرج,ar
La cumpărături,فورة تسوق,ar
La espera merece la pena,الأمر يستحق الانتظار,ar
La fortuna te sonríe,رمية الحظ,ar
La legge della mazza,إرادة الصولجان,ar
La paciencia es una virtud,الصبر فضيلة,ar
La pazienza è una virtù,الصبر فضيلة,ar
La torre,البرج,ar
La trama lo protege,دروع البطل,ar
La unión hace la fuerza,تشكيل الفريق,ar
Lacrima della dea,دمعة الزعيمة,ar
Lacrima zeiței,دمعة الزعيمة,ar
Lacrimi curgătoare,الدموع المتدفقة,ar
Ladino,مارق,ar
Ladungstransfer,نقل الشحنة,ar
Lama maledetta,النصل الملعون,ar
Lama mortale,نصل الموت,ar
Lame d'infini,السيف الأبدي,ar
Lame enragée de Guinsoo,نصل غضب غينسو,ar
Lame funeste,نصل الموت,ar
Lame maudite,النصل الملعون,ar
Lame più letali,نصال أشد فتكًا,ar
Lame rotanti,النصال الخاطفة,ar
Lames tueuses,نصال أشد فتكًا,ar
Lance de Shojin,رمح شوجين,ar
Lancea lui Shojin,رمح شوجين,ar
Lancer de dés,مفاجآت الحظ,ar
Lancia di Shojin,رمح شوجين,ar
Lanetli Kılıç,النصل الملعون,ar
Lanetli Taç,التاج الملعون,ar
Lanterna di Thresh,فانوس ثريش,ar
Lanterna do Thresh,فانوس ثريش,ar
Lanterne de Thresh,فانوس ثريش,ar
Lanza de Shojin,رمح شوجين,ar
Lança de Shojin,رمح شوجين,ar
Largo plazo,الاستثمار طويل الأجل,ar
Larme de la déesse,دمعة الزعيمة,ar
Larmes à gogo,الدموع المتدفقة,ar
Last Whisper,الهمسة الأخيرة,ar
Lastrapietra del gargoyle,درع صدر مرزاب الحجري,ar
Latarnia Thresha,فانوس ثريش,ar
Late Game Scaling,زيادة القوة في نهاية المباراة,ar
Late Game Specialist,اختصاصي نهاية المباراة,ar
Latent Forge,المصهر الكامن,ar
Latente Schmiede,المصهر الكامن,ar
Le Méga-mecha,الميكا الجبار,ar
Le dimensioni contano,الحجم مهم,ar
Le prix du sang,مصروف الغداء,ar
LeBlanc,لوبلانك,ar
Lebende Schmiede,المصهر الحي,ar
Lecciones de Boxeo,دروس الملاكمة,ar
Lecsapó buzogány,هراوة المهاجم,ar
Leczące Echo,صدى الشفاء,ar
Leczące Kule,بلورات العلاج,ar
Lecții de box,دروس الملاكمة,ar
Leerenhandschuh,قفاز الفويد,ar
Leerenstab,صولجان الفويد,ar
Legie tří,الفيلق الثلاثي,ar
Legion Trójek,الفيلق الثلاثي,ar
Legion of Threes,الفيلق الثلاثي,ar
Legione dei tre,الفيلق الثلاثي,ar
Legiunea de trei,الفيلق الثلاثي,ar
Legião de Três,الفيلق الثلاثي,ar
Legión de Tres,الفيلق الثلاثي,ar
Legión del tres,الفيلق الثلاثي,ar
Legjobb barátok,أفضل الأصدقاء,ar
Legământul cavalerului,عهد الفارس,ar
Legături ratate,اتصالات فائتة,ar
Leibwache-Training,تدريب الحارس الشخصي,ar
Lekce v boxu,دروس الملاكمة,ar
Lekko Magiczny Rzut,الرمية السحرية المخفّفة,ar
Lekésett csatlakozás,اتصالات فائتة,ar
Lelkek ébredése,صحوة الروح,ar
Lendületes kezdés,دفعة أولية,ar
Lenyúlás,الاختلاس,ar
Leo Hạng,تسلّق سلم التصنيفات,ar
Leona,ليونا,ar
Lesser Mirrored Persona,الشخصية المنعكسة المصغّرة,ar
Letzter Atemzug,الهمسة الأخيرة,ar
Level Up!,الترقية!,ar
Leveleando en solitario,ترقية فردية,ar
Lezioni di pugilato,دروس الملاكمة,ar
Leçons de combat,الدروس المبكرة,ar
Leże Barona,وكر البارون,ar
Liaison cybernétique,الاتصال الآلي,ar
Liaison de drone,الاتصال بالدرون,ar
Lich Bane,عفونة الموتى,ar
Lich Boğan,عفونة الموتى,ar
Lichtschild-Wappen,رمز الدرع الخفيف,ar
Lightshield Arması,رمز الدرع الخفيف,ar
Lightshield Crest,رمز الدرع الخفيف,ar
Ligne de front,دروس الملاكمة,ar
Limiar da Noite,عباءة الليل,ar
Limite da Razão,الموقف الحرج,ar
Linceul d'apaisement,ستار السكون,ar
Linceul de la congruence,الدرع الساتر,ar
Lineup,تشكيل الصفوف,ar
Linh Hoạt,المرن,ar
Linh Hồn Chuộc Tội,روح الافتداء,ar
Linh Thú Vào Bếp,مطبخ المخطِط,ar
Linie de înaltă tensiune,الكهرباء القوية,ar
Linterna de Thresh,فانوس ثريش,ar
Liquidación,تخفيضات نارية,ar
Lissandra,ليساندرا,ar
Listă duo,الطابور الثنائي,ar
Lithoplastron de gargouille,درع صدر مرزاب الحجري,ar
Lithoplastron solo,درع الصدر المنفرد,ar
Litinová pánev,مقلاة,ar
Little Buddies,الرفاق الصغار,ar
Living Forge,المصهر الحي,ar
Liên Hoàn Tinh Tú,متوالية نجمية,ar
Llamada al caos,دعوة إلى الفوضى,ar
Llamado al Caos,دعوة إلى الفوضى,ar
Llora Todo lo que Quieras,بكاء بلا جدوى,ar
Locket of the Iron Solari,قلادة سولاري الحديدي,ar
Longo Prazo,الاستثمار طويل الأجل,ar
Loto Adornado,اللوتس المرصع,ar
Loto enjoyado,اللوتس المرصع,ar
Loto ingioiellato,اللوتس المرصع,ar
Lottatore professionista,مقاتل الجوائز,ar
Lotus cu nestemate,اللوتس المرصع,ar
Lotus précieux,اللوتس المرصع,ar
Loupež základních předmětů,عملية السطو على المكونات,ar
Lourde est la couronne,عبء التاج ثقيل,ar
Lov pokladů,صيد الكنوز,ar
Lovagi eskü,عهد الفارس,ar
Lovcův dráp,مخلب المتصيد,ar
Luchador,مشاجر,ar
Lucidité,الذهن الصافي,ar
Lucky Gloves,قفاز الحظ,ar
Luden vihara,عاصفة لودن,ar
Luden'in Çığlığı,عاصفة لودن,ar
Luden's Tempest,عاصفة لودن,ar
Ludenova bouře,عاصفة لودن,ar
Ludens Sturm,عاصفة لودن,ar
Luksusowa Subskrypcja,الاشتراك الفخم,ar
Lulu,لولو,ar
Lumina stelelor,المحدق بالنجوم,ar
Lunch Money,مصروف الغداء,ar
Lunetist,رامي,ar
Lungimiranza,التفكير المتقدم,ar
Lustrzana Osobowość,الشخصية المنعكسة,ar
Lutador,مشاجر,ar
Lutador Profissional,مقاتل الجوائز,ar
Luvas da Sorte,قفاز الحظ,ar
Luvas do Ladrão,قفاز اللص,ar
Luvas do Pugilista,قفاز التدريب,ar
Luvinhas,القفازات,ar
Luxury Subscription,الاشتراك الفخم,ar
Luxus előfizetés,الاشتراك الفخم,ar
Luxus-Abonnement,الاشتراك الفخم,ar
Luxusní předplatné,الاشتراك الفخم,ar
Lá Chắn Chiến Thuật,درع المخطِط,ar
Lábrate un camino,شق الدرب,ar
Lágrima da Deusa,دمعة الزعيمة,ar
Lágrima de la Diosa,دمعة الزعيمة,ar
Lágrima de la diosa,دمعة الزعيمة,ar
Lágrimas Abundantes,الدموع المتدفقة,ar
Lángoló kohó,المصهر الحي,ar
Lâmina Amaldiçoada,النصل الملعون,ar
Lâmina Mortal,نصل الموت,ar
Lâmina da Fúria de Guinsoo,نصل غضب غينسو,ar
Lâminas Fatais,نصال أشد فتكًا,ar
Légion des trois,الفيلق الثلاثي,ar
Lélek,أنيما,ar
Lélek embléma,شارة أنيما,ar
Lélekparancsnok,قائد أنيما,ar
Léčivá oka,بلورات العلاج,ar
Léčivé ozvěny,صدى الشفاء,ar
Lò Rèn Thăng Hoa,مصهر التمجيد,ar
Lò Rèn Thần Thoại,المصهر المحمول,ar
Lò Rèn Tiềm Ẩn,المصهر الكامن,ar
Lótus Adornada,اللوتس المرصع,ar
Lõi Bình Minh,جوهر الفجر,ar
Lüks Aboneliği,الاشتراك الفخم,ar
Lấy Công Bù Thủ,مدفع من زجاج,ar
Lập Đội,تشكيل الفريق,ar
Lễ Vật Tái Chế,هبة تجميع الخردة,ar
Lệ Lưu Ly,الدموع المتدفقة,ar
Lệch Chuẩn,الأشقياء,ar
Lồng Đèn Của Thresh,فانوس ثريش,ar
Lời Thề Hiệp Sĩ,عهد الفارس,ar
Lời Thề Hộ Vệ,نذر الحامي,ar
Lựa Chọn Độc Quyền,تخصيص حصري,ar
M.C. Spada,السيف الهائل,ar
Ma Thuật Đan Kết,السحر المحبوك,ar
Ma Trận Mã Độc,مصفوفة البرمجيات الخبيثة,ar
Mace's Will,إرادة الصولجان,ar
Maceracının Pazubendi,واقي ذراع المطارد,ar
Machadinha Infernal,فأس نيران الجحيم,ar
Maestro Yi,ماستر يي,ar
Magasfeszültség,الكهرباء القوية,ar
Magasztos kaland,المغامرة الفخمة,ar
Magia Tejida,السحر المحبوك,ar
Magia entretejida,السحر المحبوك,ar
Magiczny Rzut,الرمية السحرية,ar
Magie întrepătrunsă,السحر المحبوك,ar
Magitechnická puškočepel,سكين سلاح الهيكستيك,ar
Mailles en or,التنين الذهبي,ar
Main de la justice,يد العدالة,ar
Makeshift Armor,الدروع المؤقتة,ar
Mal Kurtarma,الاستخلاص المفيد,ar
Malandro Radiante,الوغد المشع,ar
Maldición del Liche,عفونة الموتى,ar
Mali Tytani,العمالقة الصغار,ar
Malicious Monetization,العوائد الخبيثة,ar
Malware Matrix,مصفوفة البرمجيات الخبيثة,ar
Malware-Matrix,مصفوفة البرمجيات الخبيثة,ar
Malwarová matice,مصفوفة البرمجيات الخبيثة,ar
Malá dárková taška,كيس هدايا صغير,ar
Malí kámoši,الرفاق الصغار,ar
Mana magique,السحر المحبوك,ar
Manechin de antrenament,دمية التدريب,ar
Manechine animate,دمى اختبار التحطم,ar
Manechinizare,التحويل إلى دمية,ar
Mangual del Guerrero,هراوة المهاجم,ar
Mangual del guerrero,هراوة المهاجم,ar
Mangual do Guerreiro,هراوة المهاجم,ar
Mannequin d'entraînement,دمية التدريب,ar
Mannequinification,التحويل إلى دمية,ar
Mannequins de choc,دمى اختبار التحطم,ar
Mano de la Justicia,يد العدالة,ar
Mano de la justicia,يد العدالة,ar
Mano della giustizia,يد العدالة,ar
Manopla Adornada,القفاز المرصع بالجواهر,ar
Manopla do Vazio,قفاز الفويد,ar
Manteau de Négatron,عباءة النيغاترون,ar
Manteau de la nuit,عباءة الليل,ar
Mantello del Sole,قلنسوة لهب الشمس,ar
Mantello dello stratega,قلنسوة المخطِط,ar
Mantello di Negatron,عباءة النيغاترون,ar
Mantenerse unidos,في الاتحاد قوة,ar
Mantenha a Posição,حماية الخطوط,ar
Manter a União,في الاتحاد قوة,ar
Mantia tacticianului,قلنسوة المخطِط,ar
Mantie Negatron,عباءة النيغاترون,ar
Mantie solară,قلنسوة لهب الشمس,ar
Manto da Imobilidade,ستار السكون,ar
Manto de Quietud,ستار السكون,ar
Manto del Ocaso,الدرع الساتر,ar
Mantén la Posición,حماية الخطوط,ar
Maokai,ماوكاي,ar
Maratona de Compras,فورة تسوق,ar
Marauder,مغير,ar
Marauder Emblem,شارة المغير,ar
Maraudeur,مغير,ar
Marchando un doble,قيمة مزدوجة,ar
Mare și amenințătoare,العملاق القوي,ar
Marguereep,ميبسي,ar
Marioneta Sombría,دمية الظل,ar
Marioneta en las sombras,دمية الظل,ar
"Marioneta, to jsem já",التحويل إلى دمية,ar
Marionete das Sombras,دمية الظل,ar
Marodeur,مغير,ar
Marodeur-Emblem,شارة المغير,ar
Martalóc,مغير,ar
Martalóc embléma,شارة المغير,ar
Maruderzy,مغير,ar
Master Yi,ماستر يي,ar
Masz Mój Łuk,قوسي في خدمتك,ar
Mata-Gigantes,قاتل العمالقة,ar
Matador de Aluguel,القاتل المأجور,ar
Matrice,مصفوفة البرمجيات الخبيثة,ar
Matrice malware,مصفوفة البرمجيات الخبيثة,ar
Matriz de Malware,مصفوفة البرمجيات الخبيثة,ar
Matriz de malware,مصفوفة البرمجيات الخبيثة,ar
Matryca Wirusa,مصفوفة البرمجيات الخبيثة,ar
Mavi Güçlendirme,محفز أزرق,ar
Max Build,التشكيل الأقصى,ar
Maximale Ausrüstung,التشكيل الأقصى,ar
May the Fours Be With You,الأربعة تربح,ar
Mazzafrusto dell'Assaltatore,هراوة المهاجم,ar
Maître Yi,ماستر يي,ar
Maîtrise de l'artisanat,التصنيع المتقن,ar
Maîtrise de l'épée de Yasuo,مهارة مبارزة ياسو,ar
Mała Torba z Różnościami,كيس هدايا صغير,ar
"Małe, Ale Zabójcze",الصغير الفتاك,ar
Mech,ميكا,ar
Mecha,ميكا,ar
Mechanický urychlovač,مسرِّع الساعة,ar
Mechanikus gyorsító,مسرِّع الساعة,ar
Mechy,ميكا,ar
Medaglione dei Solari di ferro,قلادة سولاري الحديدي,ar
Medaglione diramante,قلادة التنشيط,ar
Medailon stimulace,قلادة التنشيط,ar
Medailónek železných Solari,قلادة سولاري الحديدي,ar
Medalhão Enervante,قلادة التنشيط,ar
Medalhão dos Solari de Ferro,قلادة سولاري الحديدي,ar
Medalion stimulant,قلادة التنشيط,ar
Medallón de los Solari,قلادة سولاري الحديدي,ar
Medallón estimulante,قلادة التنشيط,ar
Mediator,قاضي,ar
Medyum,الوسيط,ar
Medyum Modu,وضع الوسيط,ar
Meep Cực Tốc,عجلة الميب السريعة,ar
Meeple,صديق الميب,ar
Meeple Emblem,شارة صديق الميب,ar
Meeple-Emblem,شارة صديق الميب,ar
Meeplo,صديق الميب,ar
Meepsie,ميبسي,ar
Megamecha,الميكا الجبار,ar
Megamorfosis,المستبدل العشوائي,ar
Megrontott vámpírjogar,صولجان مصاصي الدماء الفاسد,ar
Megszálló Zed,زيد الغازي,ar
Megtorlás,القصاص,ar
Megváltó,المخلّص,ar
Megéri a várakozást,الأمر يستحق الانتظار,ar
Megújult erő,النوبة الثانية,ar
Meilleurs amis,أفضل الأصدقاء,ar
Mejora Roja,المحفز الأحمر,ar
Mejora azul,محفز أزرق,ar
Mejora roja,المحفز الأحمر,ar
Mejores Amigos,أفضل الأصدقاء,ar
Mejores amiguis,أفضل الأصدقاء,ar
Meka,ميكا,ar
Mekanik Hızlandırıcı,مسرِّع الساعة,ar
Melek Asası,عصا سيرافيم,ar
Melhores Amigos,أفضل الأصدقاء,ar
Mellékhatások,التأثيرات الجانبية,ar
Mending Echoes,صدى الشفاء,ar
Mente Despejada,الذهن الصافي,ar
Mente Saturada,الذهن المشوّش,ar
Mente Vazia,الذهن الصافي,ar
Mente confusa,الذهن المشوّش,ar
Mente despejada,الذهن الصافي,ar
Mente lucida,الذهن الصافي,ar
Mente saturada,الذهن المشوّش,ar
Menší Zrcadlová osobnost,الشخصية المنعكسة المصغّرة,ar
Mercure,الزئبق,ar
Mercúrio,الزئبق,ar
Merită așteptarea,الأمر يستحق الانتظار,ar
Merkezini Bul,اعثر على مركزك,ar
Merodeador,مغير,ar
Merész húzás,الحركات الخطرة,ar
Mesada,مصروف الغداء,ar
Messa in moto,دفعة أولية,ar
Mesterlövész,رامي,ar
Mesterlövész embléma,شارة الرامي,ar
Meu Arco é Seu,قوسي في خدمتك,ar
Meșter de săbii,صانع السيوف,ar
Meșter de toiege,صانع القصبات,ar
Mi arco a tu servicio,قوسي في خدمتك,ar
Mici titani,العمالقة الصغار,ar
Mici și letale,الصغير الفتاك,ar
Micincik,ميبسي,ar
Micingil,صديق الميب,ar
Micingil Amblemi,شارة صديق الميب,ar
Miecz-Pistolet Hextech,سكين سلاح الهيكستيك,ar
Miecznik,صانع السيوف,ar
Mieczowy Przesyt,السيوف الوفيرة,ar
Miezul zorilor,جوهر الفجر,ar
Migliori amici,أفضل الأصدقاء,ar
Migoczące Ostrze,النصال الخاطفة,ar
Milagre de Soraka,معجزة سوراكا,ar
Milagro de Soraka,معجزة سوراكا,ar
Milio,ميليو,ar
Min-Max,اللعب الأمثل,ar
Min-max,اللعب الأمثل,ar
Mindent egyre,حقق مرادك,ar
Mini Black Hole,الثقب الأسود الصغير,ar
Mini Buco nero,الثقب الأسود الصغير,ar
Mini Czarna Dziura,الثقب الأسود الصغير,ar
Mini Kara Delik,الثقب الأسود الصغير,ar
Mini Titani,العمالقة الصغار,ar
Mini fekete lyuk,الثقب الأسود الصغير,ar
Mini gaură neagră,الثقب الأسود الصغير,ar
Mini trou noir,الثقب الأسود الصغير,ar
Mini černá díra,الثقب الأسود الصغير,ar
Mini-Tacticien,أصغر عملاق,ar
Miniagujero Negro,الثقب الأسود الصغير,ar
Miniburaco Negro,الثقب الأسود الصغير,ar
Minik Ama Ölümcül,الصغير الفتاك,ar
Minik Devler,العمالقة الصغار,ar
Minik Dostlar,الرفاق الصغار,ar
Minititanes,العمالقة الصغار,ar
Minititã,أصغر عملاق,ar
Minte aglomerată,الذهن المشوّش,ar
Minte limpede,الذهن الصافي,ar
Mip,صديق الميب,ar
Mipim,ميبسي,ar
Miplík,صديق الميب,ar
Mipo,صديق الميب,ar
Mippino,ميبسي,ar
Mipík,ميبسي,ar
Mira Óptica,منظار رصد الهدف,ar
Miracle de Soraka,معجزة سوراكا,ar
Miracolo di Soraka,معجزة سوراكا,ar
Miracolul Sorakăi,معجزة سوراكا,ar
Mirrored Persona,الشخصية المنعكسة,ar
Misfits,الأشقياء,ar
Misiune în acțiune,إعادة المهمة,ar
Miss Fortune,ميس فورتشن,ar
Missed Connections,اتصالات فائتة,ar
Mistr Yi,ماستر يي,ar
Mitones,القفازات,ar
Mittens,القفازات,ar
Mniejsza Lustrzana Osobowość,الشخصية المنعكسة المصغّرة,ar
Mniejszy Tytan,أصغر عملاق,ar
Mobilidade Crescente,الحركة التصاعدية,ar
Mobilità aumentata,الحركة التصاعدية,ar
Mocný mech,الميكا الجبار,ar
Modalità Convogliatore,وضع الوسيط,ar
Modalità replicante,وضع المستنسِخة,ar
Modalità sfidante,وضع المتحدية,ar
Mode Canalisateur,وضع الوسيط,ar
Mode Challenger,وضع المتحدية,ar
Mode Réplicateur,وضع المستنسِخة,ar
Modo Canalizador,وضع الوسيط,ar
Modo Conduíte,وضع الوسيط,ar
Modo Desafiante,وضع المتحدية,ar
Modo Replicador,وضع المستنسِخة,ar
Modo Retador,وضع المتحدية,ar
Modo conducto,وضع الوسيط,ar
Modo contienda,وضع المتحدية,ar
Modo réplica,وضع المستنسِخة,ar
Modrý buff,محفز أزرق,ar
Modul de competitor,وضع المتحدية,ar
Modul de intermediar,وضع الوسيط,ar
Modul de replicator,وضع المستنسِخة,ar
Mon arc est vôtre,قوسي في خدمتك,ar
Monetización Maligna,العوائد الخبيثة,ar
Monetización malvada,العوائد الخبيثة,ar
Monetizare ostilă,العوائد الخبيثة,ar
Monetização Maliciosa,العوائد الخبيثة,ar
Monetizzazione infida,العوائد الخبيثة,ar
Money Hungry,جوع المال,ar
Money Monsoon,رياح المال الموسمية,ar
Monsoni sonanti,رياح المال الموسمية,ar
Monte um Amigo,بناء البطل,ar
Monzón Millonario,رياح المال الموسمية,ar
Monzón de oro,رياح المال الموسمية,ar
Monção Monetária,رياح المال الموسمية,ar
Monétisation malveillante,العوائد الخبيثة,ar
Mordekaiser,مورديكايزر,ar
Morellonomicon,موريلونوميكون,ar
Morellonomicón,موريلونوميكون,ar
Morellonomikon,موريلونوميكون,ar
Morgana,مورغانا,ar
Mortaja de la quietud,الدرع الساتر,ar
Mosse rischiose,الحركات الخطرة,ar
Moufles,القفازات,ar
Movimentos Arriscados,الحركات الخطرة,ar
Mroczna Dama,سيدة الظلام,ar
Mroczne Gwiazdy,النجم المظلم,ar
Mudando de Área,التوسع,ar
Muffole,القفازات,ar
Muhafızın Adağı,نذر الحامي,ar
Muhteşem Meka,الميكا الجبار,ar
Muson de bani,رياح المال الموسمية,ar
Mutări riscante,الحركات الخطرة,ar
Muñeco de Entrenamiento,دمية التدريب,ar
Muñecos de Prueba para Choques,دمى اختبار التحطم,ar
Mučedníkova ctnost,فضيلة الشهيد,ar
Myślenie Przyszłościowe,التفكير المتقدم,ar
Mártírerény,فضيلة الشهيد,ar
Másolás,الاستنساخ,ar
Másoló,مستنسخ,ar
Másoló mód,وضع المستنسِخة,ar
Máy Móc,ميكا,ar
Máš můj luk,قوسي في خدمتك,ar
Mâna justiției,يد العدالة,ar
Mão da Justiça,يد العدالة,ar
Médaillon d'excitation,قلادة التنشيط,ar
Médaillon de l'Iron Solari,قلادة سولاري الحديدي,ar
Mételyékkő,الجوهرة المتلفة,ar
Mínimo - Máximo,اللعب الأمثل,ar
Mínimo/Máximo,اللعب الأمثل,ar
Mírně magický hod,الرمية السحرية المخفّفة,ar
Món Quà Ngọt Ngào,حلوى لذيذة,ar
Móng Vuốt Sterak,قفاز ستيراك,ar
Móng Vuốt Ám Muội,مخلب المتصيد,ar
Mögen die Vier mit dir sein,الأربعة تربح,ar
Mücevherli Eldiven,القفاز المرصع بالجواهر,ar
Mücevherli Nilüfer,اللوتس المرصع,ar
Müdafi,حصن,ar
Müdafi Amblemi,شارة الحصن,ar
Mănușa Vidului,قفاز الفويد,ar
Mănușa cu nestemate,القفاز المرصع بالجواهر,ar
Mănuși de antrenament,قفاز التدريب,ar
Mănuși norocoase,قفاز الحظ,ar
Mănuși strașnice,القفازات,ar
Mănușile tâlharului,قفاز اللص,ar
Mărimea contează,الحجم مهم,ar
Mũ Phù Thủy Rabadon,قبعة موت رابادون,ar
Mũ Thích Nghi,الخوذة المتكيفة,ar
Mũ Tử Thần,قبعات أشد فتكًا,ar
"Một Bùa, Hai Bùa",تعزيزٌ هنا وتعزيزٌ هناك,ar
Một Hai Ba,واحد واثنان وثلاثة,ar
"Một, Hai, Năm!",واحد، اثنان، خمسة!,ar
Mở Lối,شق الدرب,ar
N.O.V.A,نوفا,ar
N.O.V.A.,نوفا,ar
N.O.V.A. Amblemi,شارة نوفا,ar
N.O.V.A. Emblem,شارة نوفا,ar
N.O.V.A. embléma,شارة نوفا,ar
N.O.V.A. 상징,شارة نوفا,ar
N.O.V.A.-Emblem,شارة نوفا,ar
N.O.V.A.の紋章,شارة نوفا,ar
N.O.V.A.徽章,شارة نوفا,ar
NHẮM MẮT CHƠI BỪA,لا تغيير ولا استطلاع,ar
NO SCOUT NO PIVOT,لا تغيير ولا استطلاع,ar
Na velikosti záleží,الحجم مهم,ar
Nach dem Himmel greifen,السعي نحو النجوم,ar
Nada Się,نافع لشيء ما,ar
Nagy zsákbamacska,كيس هدايا كبير,ar
Nagy ölelés I.,عناق جماعي,ar
Najdi své těžiště,اعثر على مركزك,ar
Najeźdźca Zed,زيد الغازي,ar
Najlepsi Przyjaciele,أفضل الأصدقاء,ar
Nami,نامي,ar
Nanh Nashor,سن ناشور,ar
Naptűz köpeny,قلنسوة لهب الشمس,ar
Naptűz tábla,لوح لهيب الشمس,ar
Naramiennik Poszukiwacza,واقي ذراع المطارد,ar
Narozeninové setkání,لم شمل عيد الميلاد,ar
Narratív védelem,دروع البطل,ar
Narušitel Zed,زيد الغازي,ar
Nashor foga,سن ناشور,ar
Nashor's Tooth,سن ناشور,ar
Nashor'un Dişi,سن ناشور,ar
Nashors Zahn,سن ناشور,ar
Nashorův tesák,سن ناشور,ar
Nasus,ناسوس,ar
Naszyjnik Żelaznych Solari,قلادة سولاري الحديدي,ar
Nawałnica Luden,عاصفة لودن,ar
Ne Pahasına?,مقابل أي ثمن,ar
Nebenwirkungen,التأثيرات الجانبية,ar
Needlessly Large Rod,قصبة عريضة بلا داع,ar
Negatron Cloak,عباءة النيغاترون,ar
Negatron Pelerini,عباءة النيغاترون,ar
Negatron palást,عباءة النيغاترون,ar
Negatron-Mantel,عباءة النيغاترون,ar
Negatronový plášť,عباءة النيغاترون,ar
Nehéz a korona,عبء التاج ثقيل,ar
Nejlepší přátelé,أفضل الأصدقاء,ar
Nejtitěrnější titán,أصغر عملاق,ar
Nekonečné zoufalství,يأسٌ بلا نهاية,ar
Nenasytnost,جوع المال,ar
Neodvolatelná volba,الالتزام الصارم,ar
Neopotřebovaný,جديد من المصنع,ar
Neue Stufe!,الترقية!,ar
Neuer Rekrut,مجند جديد,ar
Nevybíravý zabiják,قاتل لا يميز بين ضحاياه,ar
New Recruit,مجند جديد,ar
Nezdolný,الصامد,ar
Nezdolný,الصنديد,ar
Nezlomné srdce,القلب الراسخ,ar
Neînduplecare,الصنديد,ar
Nghĩ Về Tương Lai,التفكير المتقدم,ar
Người Bạn Vàng,بناء مرافق,ar
Người Đá,غولم,ar
Ngọn Giáo Shojin,رمح شوجين,ar
Ngọn Gió Thứ Hai,النوبة الثانية,ar
Nhà Máy Tái Chế,الاستخلاص المفيد,ar
Nhân Bản,مستنسخ,ar
Nhân Bản,الاستنساخ,ar
Nhất Thống,في الاتحاد قوة,ar
Nhỏ Mà Có Võ,الصغير الفتاك,ar
Những Người Bạn Nhỏ,الرفاق الصغار,ar
Nicht nachlassen,حماية الخطوط,ar
Niebieskie Wzmocnienie,محفز أزرق,ar
Niech Czwórki Będą z Tobą,الأربعة تربح,ar
Nieprzerwane Przywołanie,استحضار السحر المستمر,ar
Nieskończona Rozpacz,يأسٌ بلا نهاية,ar
Niezłomne Serce,القلب الراسخ,ar
Niezłomność,الصنديد,ar
Niveau supérieur !,الترقية!,ar
Niveles en solitario,ترقية فردية,ar
Nivelul următor!,الترقية!,ar
Ničitel času,كاسر الزمن,ar
Nişancı Yayı,القوس المنحني,ar
No nos Separamos,نتماسك معًا,ar
Non proprio inutile,نافع لشيء ما,ar
Nos mantenemos unidos,نتماسك معًا,ar
Notfallbögen,الأقواس الاحتياطية,ar
Nouveau départ,إعادة المهمة,ar
Nouvelle recrue,مجند جديد,ar
Nouzová,الموقف الحرج,ar
Novo Nível!,الترقية!,ar
Novo Recruta,مجند جديد,ar
Novo de Fábrica,جديد من المصنع,ar
Nová úroveň!,الترقية!,ar
Nový rekrut,مجند جديد,ar
Nowy Rekrut,مجند جديد,ar
Nucleo dell'alba,جوهر الفجر,ar
Nuevecito,جديد من المصنع,ar
Nuevo Recluta,مجند جديد,ar
Nuevo de Fábrica,جديد من المصنع,ar
Nuevo recluta,مجند جديد,ar
Nunu & Willump,نونو وويلامب,ar
Nunu a Willump,نونو وويلامب,ar
Nunu e Willump,نونو وويلامب,ar
Nunu et Willump,نونو وويلامب,ar
Nunu i Willump,نونو وويلامب,ar
Nunu ve Willump,نونو وويلامب,ar
Nunu y Willump,نونو وويلامب,ar
Nunu és Willump,نونو وويلامب,ar
Nunu și Willump,نونو وويلامب,ar
Nuova recluta,مجند جديد,ar
Nuovo di zecca,جديد من المصنع,ar
NÃO PIVOTO,لا تغيير ولا استطلاع,ar
NÉ ESPLORATORE NÉ STRATEGA,لا تغيير ولا استطلاع,ar
Nájemný zabiják,القاتل المأجور,ar
Nákupní horečka,فورة تسوق,ar
Nálož atributů!,أطنان من الإحصاءات!,ar
Nástup,تشكيل الصفوف,ar
Nâng Tầm Uy Lực,قوة محسَّنة,ar
Négységben az erő,أربعة تكسب ترقية,ar
Núcleo Comercial,جوهر التجارة,ar
Núcleo comercial,جوهر التجارة,ar
Núcleo de Negócios,جوهر التجارة,ar
Născut înțelept,الملعقة الفضية,ar
Nước Cappa,عصير القبعة,ar
Nước Mắt Nữ Thần,دمعة الزعيمة,ar
Nước Đi Liều Lĩnh,الحركات الخطرة,ar
Nếm Mùi Lửa,تغذية ألسنة اللهب,ar
Nỏ Sét,الشرارة الأيونية,ar
O Big Bang,الانفجار العظيم,ar
O Ovo Dourado,البيضة الذهبية,ar
O aventură triumfătoare,المغامرة الفخمة,ar
Obchodní sektor,قطاع التجارة,ar
Obiectele Pandorei,عناصر باندورا,ar
Objetivización de práctica,التحويل إلى دمية,ar
Objetivo de práctica,دمية التدريب,ar
Objetos de Pandora,عناصر باندورا,ar
Objets blindés,حلوى لذيذة,ar
Objets de Pandore,عناصر باندورا,ar
Oblicze Ducha,وجه الروح,ar
Obracečka,ملعقة مسطحة,ar
Obrońca Korony,حامي التاج,ar
Obrońcy,طليعي,ar
Obrův opasek,حزام العملاق,ar
Obserwatorzy Gwiazd,المحدق بالنجوم,ar
Obsesia lui Varus,هوس فاروس,ar
Obsesión de Varus,هوس فاروس,ar
Obsesja Varusa,هوس فاروس,ar
Obsession de Varus,هوس فاروس,ar
Obsessão de Varus,هوس فاروس,ar
Obstinación,لا تغيير ولا استطلاع,ar
Obstination,لا تغيير ولا استطلاع,ar
Obumarły Relikt,التحفة الذابلة,ar
Obyczajówka,لمحة من الحياة,ar
Ocalały,الصامد,ar
Ocağı Harla,المصهر الكامن,ar
Ochrana nekonečna,حماية اللانهاية,ar
Ochranný val,متراس,ar
Ochrona Nieskończoności,حماية اللانهاية,ar
Ochráncův slib,نذر الحامي,ar
Ociosidade,التغيب عن اللعب,ar
Oczekiwane Nieoczekiwanie,مفاجآت الحظ,ar
Océan de larmes,بكاء بلا جدوى,ar
Odaklı Ateş,النيران المركزة,ar
Odkupiciel,المخلّص,ar
Odkupienie,القصاص,ar
Odnajdź Równowagę,اعثر على مركزك,ar
Odolná dvojka,توأم تانك,ar
Odpadlík,مارق,ar
Odplata,القصاص,ar
Odražení ode dna,حكاية العودة,ar
Odrzutki,الأشقياء,ar
Odstřelovač,رامي,ar
Odświeżanie na Zapas,الاستبدالات الوفيرة,ar
Oferenda de Sangue,قربان الدم,ar
Offrande sanguinaire,قربان الدم,ar
Ofiara z Krwi,قربان الدم,ar
Ofrandă de sânge,قربان الدم,ar
Ofrenda de Sangre,قربان الدم,ar
Ofrenda de sangre,قربان الدم,ar
Oggetti di Pandora,عناصر باندورا,ar
Ognista Armata,مدفع النار السريع,ar
Ohnivý výprodej,تخفيضات نارية,ar
Okos költekezés,الإنفاق الحكيم,ar
On a Roll,محظوظ,ar
Onda Espacial,رقص الفضاء,ar
Onda espacial,رقص الفضاء,ar
"One Buff, Two Buff",تعزيزٌ هنا وتعزيزٌ هناك,ar
One Two Three,واحد واثنان وثلاثة,ar
"One, Two, Five!",واحد، اثنان، خمسة!,ar
Onoarea războinicului,شرف أمير الحرب,ar
Opatrovníkův spojenec,حليف الوصي,ar
Oprýskaná relikvie,التحفة الذابلة,ar
Optică de fixare a țintei,منظار رصد الهدف,ar
Optimisation optimisée,قوة محسَّنة,ar
Optique de verrouillage,منظار رصد الهدف,ar
Optyka Namierzająca,منظار رصد الهدف,ar
Optymalnie,اللعب الأمثل,ar
Opóźniona Kuźnia,المصهر الكامن,ar
Oracle,عراف,ar
Oracol,عراف,ar
Oracolo,عراف,ar
Orakel,عراف,ar
Orbes Curativos,بلورات العلاج,ar
Orbes curativos,بلورات العلاج,ar
Orbes de curación,بلورات العلاج,ar
Orbes de soins,بلورات العلاج,ar
Ornn,أورن,ar
Oráculo,عراف,ar
Osiłki,مشاجر,ar
Ossessione di Varus,هوس فاروس,ar
Ostatni Szept,الهمسة الأخيرة,ar
Ostnatá vesta,السترة المدببة,ar
Ostoja,متراس,ar
Ostrze Gniewu Guinsoo,نصل غضب غينسو,ar
Ostrze Nieskończoności,السيف الأبدي,ar
Ostrze Nocy,عباءة الليل,ar
Ostrze Śmierci,نصل الموت,ar
Ostří nekonečna,السيف الأبدي,ar
Otimização,اللعب الأمثل,ar
Otisk duše,وجه الروح,ar
Ottica a puntamento assistito,منظار رصد الهدف,ar
Oul de aur,البيضة الذهبية,ar
Očekávaná neočekávanost,مفاجآت الحظ,ar
Oštěp Šódžinu,رمح شوجين,ar
Oțel aurit,الفولاذ المذهب,ar
P'tits titans,العمالقة الصغار,ar
Pacchetto di aiuti,حزمة الرعاية,ar
Pachet de amplificare,حزمة الدعم,ar
Pachet de îngrijire,حزمة الرعاية,ar
Paciencia de Ekko,صبر إيكو,ar
Paciência de Ekko,صبر إيكو,ar
Pacote de Reforço,حزمة الدعم,ar
Pacote de Suprimentos,حزمة الرعاية,ar
Pact etern,الميثاق الأزلي,ar
Pacte éternel,الميثاق الأزلي,ar
Pacto Eterno,الميثاق الأزلي,ar
Pacto eterno,الميثاق الأزلي,ar
Paczka Wsparcia,حزمة الرعاية,ar
Padella,مقلاة,ar
Paff!,طراخ!,ar
Palier 1,اتصالات فائتة,ar
Palčáky,القفازات,ar
Panca di Pandora,دكة بدلاء باندورا,ar
Panda de ladrones,عصابة اللصوص,ar
Panda de ladrones II,عصابة اللصوص II,ar
Pandora kispadja,دكة بدلاء باندورا,ar
Pandora tárgyai II.,عناصر باندورا,ar
Pandora'nın Eşyaları,عناصر باندورا,ar
Pandora'nın Yedekleri,دكة بدلاء باندورا,ar
Pandora's Bench,دكة بدلاء باندورا,ar
Pandora's Items,عناصر باندورا,ar
Pandoras Bank,دكة بدلاء باندورا,ar
Pandoras Gegenstände,عناصر باندورا,ar
Pandořina střídačka,دكة بدلاء باندورا,ar
Pandořiny předměty,عناصر باندورا,ar
Pantheon,بانثيون,ar
Panzerwalküre,سيدة الأسلحة,ar
Paquete de Cuidados,حزمة الرعاية,ar
Paquete de Mejora,حزمة الدعم,ar
Paquete de mejora,حزمة الدعم,ar
Par ici l'XP,الملعقة الفضية,ar
Parabraccia del cercatore,واقي ذراع المطارد,ar
Paragöz,جوع المال,ar
Parancsnok,القائدة,ar
Parceria,تشكيل الفريق,ar
Pariu de aur,الرهان الذهبي,ar
Pariu pe viitor,الاستثمار طويل الأجل,ar
Pariul lui Urf,مناورة أورف,ar
Parlakpul Özü,جوهر الحراشف اللامعة,ar
Partage emblématique,نتماسك معًا,ar
Parti Patisi,محترف الحفلات,ar
Partial Ascension,الارتقاء الجزئي,ar
Partiállat,محترف الحفلات,ar
Party Animal,محترف الحفلات,ar
Partytiger,محترف الحفلات,ar
Pas Giganta,حزام العملاق,ar
Pas le choix,مقابل أي ثمن,ar
Pasowy Przesyt,الأحزمة الوفيرة,ar
Pasterze,راعي,ar
Pastor,راعي,ar
Pastore,راعي,ar
Pastýř,راعي,ar
Patelnia,مقلاة,ar
Patience,حصاد الهالة,ar
Patience d'Ekko,صبر إيكو,ar
Patience is a Virtue,الصبر فضيلة,ar
Patient Study,الدراسة الصابرة,ar
Patientenstudie,الدراسة الصابرة,ar
Patru de partea ta,الأربعة تربح,ar
Patto eterno,الميثاق الأزلي,ar
Pavois,متراس,ar
Pazienza di Ekko,صبر إيكو,ar
Pařmen,محترف الحفلات,ar
Pe val,محظوظ,ar
Pedeapsă,القصاص,ar
Pegno di Sterak,قفاز ستيراك,ar
Pegno di sangue,ثمن الدم,ar
Peleador,مشاجر,ar
Peleryna Taktyka,قلنسوة المخطِط,ar
Pensamiento progresista,التفكير المتقدم,ar
Pensando no Futuro,التفكير المتقدم,ar
Pensar a Futuro,التفكير المتقدم,ar
Peníze na oběd,مصروف الغداء,ar
"Pequenas, Mas Letais",الصغير الفتاك,ar
Pequenos Titãs,العمالقة الصغار,ar
Pequeño Titán,أصغر عملاق,ar
Pequeño pero mortífero,الصغير الفتاك,ar
Pequeños pero matones,الصغير الفتاك,ar
Perdición del liche,عفونة الموتى,ar
Perdite calcolate,الخسارة المحسوبة,ar
Perdição de Lich,عفونة الموتى,ar
Pergamino ligeramente mágico,الرمية السحرية المخفّفة,ar
Pergamino mágico,الرمية السحرية,ar
Persona Espelhada,الشخصية المنعكسة,ar
Persona Espelhada Inferior,الشخصية المنعكسة المصغّرة,ar
Persona en Espejo,الشخصية المنعكسة,ar
Persona en Espejo menor,الشخصية المنعكسة المصغّرة,ar
Personalitate în oglindă,الشخصية المنعكسة,ar
Personalitate în oglindă minoră,الشخصية المنعكسة المصغّرة,ar
Personalità speculare,الشخصية المنعكسة,ar
Personalità speculare minore,الشخصية المنعكسة المصغّرة,ar
Personalización exclusiva,تخصيص حصري,ar
Personalizare exclusivă,تخصيص حصري,ar
Personalização Exclusiva,تخصيص حصري,ar
Personalizzazione esclusiva,تخصيص حصري,ar
Personnalité miroir,الشخصية المنعكسة,ar
Personnalité miroir mineure,الشخصية المنعكسة المصغّرة,ar
Perszónatükör,الشخصية المنعكسة,ar
Pesada es la Corona,عبء التاج ثقيل,ar
Pesada é a Coroa,عبء التاج ثقيل,ar
Pesante è la corona,عبء التاج ثقيل,ar
Pescando cumplidos,حصاد الهالة,ar
Pesimist,حاملة المصائب,ar
Pestjuwel,الجوهرة المتلفة,ar
Pestrá sebranka,الأشقياء,ar
Petit sac de butin,كيس هدايا صغير,ar
Petits mais costauds,الصغير الفتاك,ar
Petrecăreț,محترف الحفلات,ar
Pevná linie,حماية الخطوط,ar
Pevné opasky,الأحزمة الوفيرة,ar
Pečlivé ladění,اللعب الأمثل,ar
Pfannenwender,ملعقة مسطحة,ar
Phi Vụ Trang Bị,عملية السطو على المكونات,ar
Phong Kiếm,النسيم العليل,ar
Pháo Xương Cá,فيشبونز,ar
Phân Nhánh,التوسع,ar
Phép Màu Của Soraka,معجزة سوراكا,ar
Phóng Hỏa,لوح لهيب الشمس,ar
Phản Ứng Phụ,التأثيرات الجانبية,ar
"Piccole, ma letali",الصغير الفتاك,ar
Piccoli alleati,الرفاق الصغار,ar
Piekielny Toporek,فأس نيران الجحيم,ar
Pieniążki na Obiad,مصروف الغداء,ar
Pierdere calculată,الخسارة المحسوبة,ar
Pile ou face,الرهان الذهبي,ar
Pilfer,الاختلاس,ar
Pillín radiante,الوغد المشع,ar
Pioggia di statistiche!,أطنان من الإحصاءات!,ar
Pistola Laminar Hextec,سكين سلاح الهيكستيك,ar
Pistola a lame hextech,سكين سلاح الهيكستيك,ar
Pistolame Hextech,سكين سلاح الهيكستيك,ar
Pisztolyistennő,سيدة الأسلحة,ar
Placa Gargolítica,درع صدر مرزاب الحجري,ar
Placa Solo,درع الصدر المنفرد,ar
Plan de viitor,التفكير المتقدم,ar
Plancia del Sole,لوح لهيب الشمس,ar
Planlı Mağlubiyet,الخسارة المحسوبة,ar
Plano de Línea Trasera,خطة عمل الخط الخلفي,ar
Plano de retaguardia,خطة عمل الخط الخلفي,ar
Plateau solaire,لوح لهيب الشمس,ar
Platoșa garguiului,درع صدر مرزاب الحجري,ar
Platoșă unică,درع الصدر المنفرد,ar
Plecat de la tastatură,التغيب عن اللعب,ar
Plemienna Zbroja,درع وارموغ,ar
Plocha slunečního žáru,لوح لهيب الشمس,ar
Plot Armor,دروع البطل,ar
Pluie d'argent,رياح المال الموسمية,ar
Plán pro zadní řadu,خطة عمل الخط الخلفي,ar
Plášť slunečního žáru,قلنسوة لهب الشمس,ar
Po Prostu Traf,حقق مرادك,ar
Pocalul puterii,كأس القوة,ar
Podatek Poznawczy,الضريبة المعرفية,ar
Podejrzany Płaszcz,المعطف المشبوه,ar
Poder Aprimorado,قوة محسَّنة,ar
Poder Mejorado,قوة محسَّنة,ar
Poder mejorado,قوة محسَّنة,ar
Poderoso Mech,الميكا الجبار,ar
Podezřelý pršiplášť,المعطف المشبوه,ar
Podpůrný implantát,شريحة التعاطف,ar
Podróżnicy,رحالة,ar
Podstawy Boksu,دروس الملاكمة,ar
Podsycenie Płomieni,تغذية ألسنة اللهب,ar
Podwójna Wytrzymałość,توأم تانك,ar
Podziel Się Uwagą Yasuo,مشاركة تألق ياسو,ar
Pofuduk Eldiven,القفازات,ar
Pogromca Olbrzymów,قاتل العمالقة,ar
Pohodový život,لمحة من الحياة,ar
Pohár moci,كأس القوة,ar
Poignard de Statikk,السيف الصاعق,ar
Poiscaille,فيشبونز,ar
Pojemnik na Złom,الاستخلاص المفيد,ar
Pokoli csatabárd,فأس نيران الجحيم,ar
Pokročilá půjčka,سلفة قرض,ar
Polovodič,شبه الناقل,ar
Polowanie na Skarb,صيد الكنوز,ar
Poppy,بوبي,ar
Porcelanowe Działo,مدفع من زجاج,ar
Pornire rapidă,دفعة أولية,ar
Porque yo lo valgo,نافع لشيء ما,ar
Portable Forge,المصهر المحمول,ar
Portail de Zz'Rot,بوابة ززروت,ar
Portal Zz'Rot,بوابة ززروت,ar
Portal Zz'rot,بوابة ززروت,ar
Portal de Zz'Rot,بوابة ززروت,ar
Portale Zz'Rot,بوابة ززروت,ar
Portál Zz'Rotu,بوابة ززروت,ar
Posición defensiva,حماية الخطوط,ar
Posilovací balíček,حزمة الدعم,ar
Poslední zašeptání,الهمسة الأخيرة,ar
Postav si kámoše,بناء البطل,ar
Posępny Herold Zeke'a,نذير زيكي الكئيب,ar
Potere dell'Impianto,قوة محسَّنة,ar
Potok slz,بكاء بلا جدوى,ar
Potężny Mech,الميكا الجبار,ar
Poutník,رحالة,ar
Povara coroanei,عبء التاج ثقيل,ar
Povestea revenirii,حكاية العودة,ar
Pozlacená ocel,الفولاذ المذهب,ar
Poznawcze Przeciążenie,الحمل المعرفي الزائد,ar
Poznaș radiant,الوغد المشع,ar
Pozłacana Stal,الفولاذ المذهب,ar
Poêle à frire,مقلاة,ar
Požehnaný bohy,مباركة السماء,ar
Prapůvodní,برايمورديان,ar
Precio Sangriento,ثمن الدم,ar
Precio sangriento,ثمن الدم,ar
Precisión infalible,تركيز الأفق,ar
Predone,مغير,ar
Preiskämpfer,مقاتل الجوائز,ar
Première ligne,تشكيل الصفوف,ar
Presente de Aniversário,هدية عيد الميلاد,ar
Preservador de Biomateria,حافظ المادة الحيوية,ar
Preservador de Biomatéria,حافظ المادة الحيوية,ar
Preservador de biomateria,حافظ المادة الحيوية,ar
Pretendenci,متحدي,ar
Prevalere,الفوز الكبير,ar
Prezent Urodzinowy,هدية عيد الميلاد,ar
Preço em Sangue,ثمن الدم,ar
Prețul sângelui,ثمن الدم,ar
Prieteni micuți,الرفاق الصغار,ar
Primeras Lecciones,الدروس المبكرة,ar
Primi insegnamenti,الدروس المبكرة,ar
Primordia'lı,برايمورديان,ar
Primordia'lı Amblemi,شارة برايمورديان,ar
Primordiai,برايمورديان,ar
Primordiai embléma,شارة برايمورديان,ar
Primordian,برايمورديان,ar
Primordian Emblem,شارة برايمورديان,ar
Primordianer,برايمورديان,ar
Primordianer-Emblem,شارة برايمورديان,ar
Primordianie,برايمورديان,ar
Primordiano,برايمورديان,ar
Primordien,برايمورديان,ar
Prismatic Ticket,تذكرة موشورية,ar
Prismatisches Ticket,تذكرة موشورية,ar
Prizefighter,مقاتل الجوائز,ar
Prizmatik Bilet,تذكرة موشورية,ar
Proaspăt fabricat,جديد من المصنع,ar
Probuzení duše,صحوة الروح,ar
Progresión en el juego tardío,زيادة القوة في نهاية المباراة,ar
Progresión final,زيادة القوة في نهاية المباراة,ar
Projeto da Retaguarda,خطة عمل الخط الخلفي,ar
Prokletá koruna,التاج الملعون,ar
Prokleté ostří,النصل الملعون,ar
Promesa de caballero,عهد الفارس,ar
Promesa del Caballero,عهد الفارس,ar
Promesa del protector,نذر الحامي,ar
Promoção de Cintos,الأحزمة الوفيرة,ar
Promoção de Espadas,السيوف الوفيرة,ar
Promoção de Varinhas,القصبات الوفيرة,ar
Promyšlená prohra,الخسارة المحسوبة,ar
Prosekání cesty,شق الدرب,ar
Prostředník,الوسيط,ar
Protagonista Nigdy Nie Umiera,دروع البطل,ar
Protección del Infinito,حماية اللانهاية,ar
Protección en solitario,درع الصدر المنفرد,ar
Protección infinita,حماية اللانهاية,ar
Protection infinie,حماية اللانهاية,ar
Protector pétreo de gárgola,درع صدر مرزاب الحجري,ar
Protector's Vow,نذر الحامي,ar
Protecția infinitului,حماية اللانهاية,ar
Protecție universală,دروع البطل,ar
Protezione di trama,دروع البطل,ar
Protezione infinita,حماية اللانهاية,ar
Proteção Imutável,الدرع الساتر,ar
Proteção do Infinito,حماية اللانهاية,ar
Protège-bras du savant,واقي ذراع المطارد,ar
Provisiones,حزمة الرعاية,ar
Provizorní zbroj,الدروع المؤقتة,ar
Prowler's Claw,مخلب المتصيد,ar
Prozíravost,التفكير المتقدم,ar
Pryzmatyczny Bilet,تذكرة موشورية,ar
Przebudzenie Duszy,صحوة الروح,ar
Przedmioty Pandory,عناصر باندورا,ar
Przekaźnik,الوسيط,ar
Przeklęta Korona,التاج الملعون,ar
Przeklęte Ostrze,النصل الملعون,ar
Przeniesienie Ładunku,نقل الشحنة,ar
Przenośna Kuźnia,المصهر المحمول,ar
Przodownicy Składu,تشكيل الصفوف,ar
Przysięga Rycerska,عهد الفارس,ar
Préstamo Anticipado,سلفة قرض,ar
Préstamo avanzado,سلفة قرض,ar
Prêt anticipé,سلفة قرض,ar
Prędkość Meepa,عجلة الميب السريعة,ar
Psionic,قوى ذهنية,ar
Psionic Emblem,شارة القوى الذهنية,ar
Psionico,قوى ذهنية,ar
Psioniczni,قوى ذهنية,ar
Psionik,قوى ذهنية,ar
Psionik Amblemi,شارة القوى الذهنية,ar
Psionique,قوى ذهنية,ar
Psionisch,قوى ذهنية,ar
Psionisch-Emblem,شارة القوى الذهنية,ar
Psiónico,قوى ذهنية,ar
Psiônico,قوى ذهنية,ar
Pszionikus,قوى ذهنية,ar
Pszionikus embléma,شارة القوى الذهنية,ar
Puchar Potęgi,كأس القوة,ar
Pugnale di Statikk,السيف الصاعق,ar
Puissance 4,أربعة تكسب ترقية,ar
Pulsar sombre,النجم المظلم,ar
Punguța lui Urf,كيس هدايا أورف,ar
Punguță cu obiecte surpriză,كيس هدايا العناصر,ar
Punguță eroică,كيس الهدايا البطولي,ar
Punguță mare,كيس هدايا كبير,ar
Punguță mică,كيس هدايا صغير,ar
Puppifizierung,التحويل إلى دمية,ar
Putere augmentată,قوة محسَّنة,ar
"Puternic, dar fragil",مدفع من زجاج,ar
Puñal de Statikk,السيف الصاعق,ar
Pușcă cu baionetă hextech,سكين سلاح الهيكستيك,ar
Pyke,بايك,ar
Pálcaszállítmány,القصبات الوفيرة,ar
Páros várólista,الطابور الثنائي,ar
Pásztor,راعي,ar
Pásztor embléma,شارة الراعي,ar
Pénzes persely,حساب الادخار,ar
Pénzmonszun,رياح المال الموسمية,ar
Pénzéhes,جوع المال,ar
Pérdida Calculada,الخسارة المحسوبة,ar
Pérdida calculada,الخسارة المحسوبة,ar
Pícaro,مارق,ar
Półprzewodnik,شبه الناقل,ar
Pălăria malefică a lui Rabadon,قبعة موت رابادون,ar
Pălării mai letale,قبعات أشد فتكًا,ar
Păpușa din umbră,دمية الظل,ar
Păstor,راعي,ar
Pěstnice Prázdnoty,قفاز الفويد,ar
Płaszcz Negacji,عباءة النيغاترون,ar
Płynące Łzy,الدموع المتدفقة,ar
Přebytek holí,القصبات الوفيرة,ar
Přebytek mečů,السيوف الوفيرة,ar
Předplacená služba,خدمة الاشتراك,ar
Předvoj,طليعي,ar
Přelom noci,عباءة الليل,ar
Přenos náboje,نقل الشحنة,ar
Přenosná kovárna,المصهر المحمول,ar
Přizpůsobivá přilba,الخوذة المتكيفة,ar
Přízračná šavle,السيف الطيفي,ar
Quang Lân Tiểu Yêu,الوغد المشع,ar
Quatre cents coups,الأربعة تربح,ar
Quay Trúng Thưởng,الرمية السحرية المخفّفة,ar
Que los Cuatros te Acompañen,الأربعة تربح,ar
Que los cuatros te acompañen,الأربعة تربح,ar
Que os Quatros Estejam com Você,الأربعة تربح,ar
Quecksilber,الزئبق,ar
Quem Espera Sempre Alcança,الصبر فضيلة,ar
Question de taille,الحجم مهم,ar
Quicksilver,الزئبق,ar
Quyền Năng Khổng Lồ,عزم العملاق,ar
Quyền Trượng Thiên Thần,عصا كبير الحُماة,ar
Quyền Trượng Thánh Quang,فضيلة الشهيد,ar
Quà Sinh Nhật,هدية عيد الميلاد,ar
Quá Tải Tư Duy,الحمل المعرفي الزائد,ar
Quân Đoàn 3 Sao,الفيلق الثلاثي,ar
Quỷ Thư Morello,موريلونوميكون,ar
Quỹ Phòng Hộ,صندوق التحوط,ar
Rabadon halálsüvege,قبعة موت رابادون,ar
Rabadon's Deathcap,قبعة موت رابادون,ar
Rabadon'un Şapkası,قبعة موت رابادون,ar
Rabadons Todeshaube,قبعة موت رابادون,ar
Rabadonův smrtící klobouk,قبعة موت رابادون,ar
Raccolta differenziata,الاستخلاص المفيد,ar
Radiant Rascal,الوغد المشع,ar
Radici diffuse,توسع الجذور,ar
Raffinierte Herstellung,التصنيع المتقن,ar
Rakeťák,فيشبونز,ar
Ramificación,التوسع,ar
Ramificare,التوسع,ar
Ramię w Ramię,نتماسك معًا,ar
Rammus,راموس,ar
Rapid Firecannon,مدفع النار السريع,ar
Rappresaglia,القصاص,ar
Rasga-tempo,كاسر الزمن,ar
Raufbold,مشاجر,ar
Raufbold-Emblem,شارة المشاجر,ar
Ravitaillement,حزمة الرعاية,ar
"Raz, Dwa, Pięć!",واحد، اثنان، خمسة!,ar
"Raz, Dwa, Trzy",واحد واثنان وثلاثة,ar
"Raz, dva, pět!",واحد، اثنان، خمسة!,ar
Raíces Propagadoras,توسع الجذور,ar
Raíces expansivas,توسع الجذور,ar
Raízes Alastradas,توسع الجذور,ar
Rdzeń Handlu,جوهر التجارة,ar
Rdzeń Świtu,جوهر الفجر,ar
Reach for the Stars,السعي نحو النجوم,ar
Rebel,مارق,ar
Rebelle,مارق,ar
Recombobulador,المستبدل العشوائي,ar
Recombobulateur,المستبدل العشوائي,ar
Recombobulator,المستبدل العشوائي,ar
Recomeçar Missão,إعادة المهمة,ar
Recomeço Cósmico,البداية الكونية الجديدة,ar
Recrut nou,مجند جديد,ar
Recursos de Ferro,الأصول الحديدية,ar
Recursos de Hierro,الأصول الحديدية,ar
Recursos de hierro,الأصول الحديدية,ar
Recurve Bow,القوس المنحني,ar
Recyclingtonne,الاستخلاص المفيد,ar
Recyklátor,الاستخلاص المفيد,ar
Red Buff,المحفز الأحمر,ar
Redeemer,المخلّص,ar
Redentor,المخلّص,ar
Redentora,المخلّص,ar
Redentore,المخلّص,ar
Reducere fulger,تخفيضات نارية,ar
Reflexní luk,القوس المنحني,ar
Reflexíj,القوس المنحني,ar
Regalo de cumpleaños,هدية عيد الميلاد,ar
Regalo di compleanno,هدية عيد الميلاد,ar
Regiaguardia,حامي التاج,ar
ReinFOURcement,أربعة تكسب ترقية,ar
Reiniciar Misión,إعادة المهمة,ar
Reinicio Cósmico,البداية الكونية الجديدة,ar
Reinicio cósmico,البداية الكونية الجديدة,ar
Reinicio de misión,إعادة المهمة,ar
Rek'Sai,ريكساي,ar
Rekombinator,المستبدل العشوائي,ar
Rekombobulator,المستبدل العشوائي,ar
Rekombobulátor,المستبدل العشوائي,ar
Rekursivbogen,القوس المنحني,ar
Relances régulières,جوهر التجارة,ar
Relances épiques,استبدالٌ ملحمي,ar
Relances étoilées,محظوظ,ar
Relato de un regreso,حكاية العودة,ar
Relicario Enervante,قلادة التنشيط,ar
Relicario de los Solari de Hierro,قلادة سولاري الحديدي,ar
Relicva ofilită,التحفة الذابلة,ar
Relique flétrie,التحفة الذابلة,ar
Reliquia Marchita,التحفة الذابلة,ar
Reliquia appassita,التحفة الذابلة,ar
Reliquia marchita,التحفة الذابلة,ar
Relíquia Definhada,التحفة الذابلة,ar
Rendelkezz az íjammal,قوسي في خدمتك,ar
Repaire du baron,وكر البارون,ar
Replica,الاستنساخ,ar
Replicador,مستنسخ,ar
Replicante,مستنسخ,ar
Replication,الاستنساخ,ar
Replicator,مستنسخ,ar
Replicator Mode,وضع المستنسِخة,ar
Replicação,الاستنساخ,ar
Replikace,الاستنساخ,ar
Replikacja,الاستنساخ,ar
Replikacı,مستنسخ,ar
Replikacı Modu,وضع المستنسِخة,ar
Replikator,مستنسخ,ar
Replikator-Modus,وضع المستنسِخة,ar
Replikatorzy,مستنسخ,ar
Replikační režim,وضع المستنسِخة,ar
Replikátor,مستنسخ,ar
Repornire cosmică,البداية الكونية الجديدة,ar
Reproducere,الاستنساخ,ar
Rerroleo Épico,استبدالٌ ملحمي,ar
Reserva de Pandora,دكة بدلاء باندورا,ar
Resolución titánica,عزم العملاق,ar
Restart Misji,إعادة المهمة,ar
Restart Mission,إعادة المهمة,ar
Restartování mise,إعادة المهمة,ar
Restiamo uniti,نتماسك معًا,ar
Retador,متحدي,ar
Retribución,القصاص,ar
Retribution,القصاص,ar
Reuniune aniversară,لم شمل عيد الميلاد,ar
Reunión cumpleañera,لم شمل عيد الميلاد,ar
Reunión de Cumpleaños,لم شمل عيد الميلاد,ar
Reviravolta,حكاية العودة,ar
Rezistența din prima linie,حماية الخطوط,ar
Reîncărcare relativ magică,الرمية السحرية المخفّفة,ar
Reîncărcări epice,استبدالٌ ملحمي,ar
Reîncărcări la grămadă,الاستبدالات الوفيرة,ar
Režim Prostředník,وضع الوسيط,ar
Rhaast,راست,ar
Riavvia missione,إعادة المهمة,ar
Riavvio cosmico,البداية الكونية الجديدة,ar
Ribalta condivisa di Yasuo,مشاركة تألق ياسو,ar
Richiamo al caos,دعوة إلى الفوضى,ar
Ricombussolatore,المستبدل العشوائي,ar
Riesenschlächter,قاتل العمالقة,ar
Riesenschwert,السيف الهائل,ar
Rift Scuttler,ريفت سكاتلر,ar
Risikofonds,صندوق التحوط,ar
Riskante Aktionen,الحركات الخطرة,ar
Riskantní tah,الحركات الخطرة,ar
Risky Moves,الحركات الخطرة,ar
Risorse ferrose,الأصول الحديدية,ar
Risveglio dell'anima,صحوة الروح,ar
Ritmo Spaziale,رقص الفضاء,ar
Ritrovo di compleanno,لم شمل عيد الميلاد,ar
Ritterschwur,عهد الفارس,ar
Riven,ريفين,ar
Robbanásszerű fejlődés,النمو المتفجر,ar
Robo de componentes,عملية السطو على المكونات,ar
Robot,الميكا الجبار,ar
Robotul Mecha impunător,الميكا الجبار,ar
Rogue,مارق,ar
Rogue Emblem,شارة المارق,ar
Rolling For Days,الاستبدالات الوفيرة,ar
Rolling for Days,الاستبدالات الوفيرة,ar
Rolo Compressor,محظوظ,ar
Rompetiempo,كاسر الزمن,ar
Rostro espiritual,وجه الروح,ar
Roter Buff,المحفز الأحمر,ar
Roubo de Componentes,عملية السطو على المكونات,ar
Rouška nehybnosti,ستار السكون,ar
Rozgałęzienie,التوسع,ar
Rozmiar Ma Znaczenie,الحجم مهم,ar
Rozruch,دفعة أولية,ar
Rozrůstání kořenů,توسع الجذور,ar
Rozsądne Wydatki,الإنفاق الحكيم,ar
Rozvětvení,التوسع,ar
Rtuť,الزئبق,ar
Ruf des Chaos,دعوة إلى الفوضى,ar
Rufián Radiante,الوغد المشع,ar
Rugalmas,المرن,ar
Ruh Gömleği,وجه الروح,ar
Ruh Uyanışı,صحوة الروح,ar
Ruka spravedlnosti,يد العدالة,ar
Rukavice pro štěstí,قفاز الحظ,ar
Rváč,مشاجر,ar
Rybeńka,فيشبونز,ar
Rychlopalné ohnivé dělo,مدفع النار السريع,ar
Rychlý dvojzářez,القتل المزدوج السريع,ar
Rychlý start,دفعة أولية,ar
Rytířský slib,عهد الفارس,ar
Ryzykowne Posunięcia,الحركات الخطرة,ar
Rzeka Łez,بكاء بلا جدوى,ar
Récompenses de guerre,طريق الحرب,ar
Rédempteur,المخلّص,ar
Réinitialisation cosmique,البداية الكونية الجديدة,ar
Réplica,الاستنساخ,ar
Réplicateur,مستنسخ,ar
Résistance acharnée,دروع البطل,ar
Részleges Felemelkedés,الارتقاء الجزئي,ar
Réunion d'anniversaire,لم شمل عيد الميلاد,ar
Rìu Hỏa Ngục,فأس نيران الجحيم,ar
Rìu Đại Mãng Xà,الهيدرا العملاقة,ar
Río de lágrimas,الدموع المتدفقة,ar
Różdżkowy Przesyt,القصبات الوفيرة,ar
Rögtönzött páncél,الدروع المؤقتة,ar
Răbdarea e o virtute,الصبر فضيلة,ar
Răbdarea lui Ekko,صبر إيكو,ar
Rădăcini răspândite,توسع الجذور,ar
Rămânem împreună,نتماسك معًا,ar
Răsăritul din Silvermere,فجر سيلفرمير,ar
Ręka Sprawiedliwości,يد العدالة,ar
Rękawica Pustki,قفاز الفويد,ar
Rękawice Sparingowe,قفاز التدريب,ar
Rękawice Złodzieja,قفاز اللص,ar
Rękawiczki,القفازات,ar
Rồng Đẻ Trứng Vàng,البيضة الذهبية,ar
SZILÁRD ELTÖKÉLTSÉG,لا تغيير ولا استطلاع,ar
Saber Gastar,الإنفاق الحكيم,ar
Sabia blestemată,النصل الملعون,ar
Sabia forței brute,السيف الهائل,ar
Sabia infinitului,السيف الأبدي,ar
Sabia morții,نصل الموت,ar
Sabia sângeroasă,المتعطش للدماء,ar
Sable Espectral,السيف الطيفي,ar
Sable espectral,السيف الطيفي,ar
Sable-pistola hextech,سكين سلاح الهيكستيك,ar
Sablepistola Hextech,سكين سلاح الهيكستيك,ar
Sabre spectral,السيف الطيفي,ar
Sabır Erdemdir,الصبر فضيلة,ar
Sac de butin,كيس هدايا العناصر,ar
Saco de Brindes,كيس هدايا العناصر,ar
Saco de Brindes Heroico,كيس الهدايا البطولي,ar
Saco de Brindes Pequeno,كيس هدايا صغير,ar
Saco de Brindes Recheado,كيس هدايا كبير,ar
Saco de Brindes do Urf,كيس هدايا أورف,ar
Sacrificio cruento,قربان الدم,ar
Sadakat,الالتزام الصارم,ar
Safları Koru,حماية الخطوط,ar
Saklı Gerçek,كاهوناهونا,ar
Saldi imperdibili,تخفيضات نارية,ar
Saldão,تخفيضات نارية,ar
Salvage Bin,الاستخلاص المفيد,ar
Salvator,المخلّص,ar
Samira,سميرة,ar
Sanguinaire,ثمن الدم,ar
Sanguinaria,المتعطش للدماء,ar
Saqueador,مغير,ar
Sartén,مقلاة,ar
Saum der Nacht,عباءة الليل,ar
Sauter une classe,الفوز الكبير,ar
Savaş Yolu,طريق الحرب,ar
Savings Account,حساب الادخار,ar
Scalata verso il successo,تسلّق سلم التصنيفات,ar
Scegli tratto,اختر خاصية,ar
Sceptre vampirique corrompu,صولجان مصاصي الدماء الفاسد,ar
Sceptru vampiric corupt,صولجان مصاصي الدماء الفاسد,ar
Sceptrul Vidului,صولجان الفويد,ar
Sceptrul serafimului,عصا سيرافيم,ar
Scettro dell'arcangelo,عصا كبير الحُماة,ar
Scettro serafino,عصا سيرافيم,ar
Scettro vampirico corrotto,صولجان مصاصي الدماء الفاسد,ar
Scharfschütze,رامي,ar
Scharfschütze-Emblem,شارة الرامي,ar
Schattenpuppe,دمية الظل,ar
Schatzjagd,صيد الكنوز,ar
Schema della retroguardia,خطة عمل الخط الخلفي,ar
Schemat Tylnej Formacji,خطة عمل الخط الخلفي,ar
Schiantare,الاستهلاك ضروري,ar
Schicksalsweber,نساج المصير,ar
Schild des Taktikers,درع المخطِط,ar
Schiță pentru linia din spate,خطة عمل الخط الخلفي,ar
Schlag zu,الاستهلاك ضروري,ar
Schlussverkauf,تخفيضات نارية,ar
Schmiede einen Freund,صناعة صديق,ar
Schnellfeuer-Geschütz,مدفع النار السريع,ar
Schurke,مارق,ar
Schurken-Emblem,شارة المارق,ar
Schutz der Unendlichkeit,حماية اللانهاية,ar
Schwer ist die Krone,عبء التاج ثقيل,ar
Schwertschmied,صانع السيوف,ar
Schwertüberfluss,السيوف الوفيرة,ar
Schwur des Beschützers,نذر الحامي,ar
Schüre das Feuer,تغذية ألسنة اللهب,ar
Sciabola spettrale,السيف الطيفي,ar
Scintilla ionica,الشرارة الأيونية,ar
Scommessa dorata,الرهان الذهبي,ar
Scommessa rischiosa,الالتزام الصارم,ar
Scudo dello stratega,درع المخطِط,ar
Scutul amurgului,درع الغسق,ar
Scutul tacticianului,درع المخطِط,ar
Scutul zorilor,درع الفجر,ar
Scânteie ionică,الشرارة الأيونية,ar
Sdílená zbroj,دروع البطل,ar
Sebevražední panáci,دمى اختبار التحطم,ar
Second Wind,النوبة الثانية,ar
Second souffle,النوبة الثانية,ar
Secondo fiato,النوبة الثانية,ar
Secteur commercial,قطاع التجارة,ar
Section Anima,أنيما,ar
Sector comercial,قطاع التجارة,ar
Sector de Intercambio,قطاع التجارة,ar
Sectorul comercial,قطاع التجارة,ar
Secure din focul iadului,فأس نيران الجحيم,ar
Sed de dinero,جوع المال,ar
Sede de Riqueza,جوع المال,ar
Sedenta por Sangue,المتعطش للدماء,ar
Seeker's Armguard,واقي ذراع المطارد,ar
Seelenerwachen,صحوة الروح,ar
Segen der Wiederbelebung,هبة الإنعاش,ar
Segundo Aire,النوبة الثانية,ar
Sehraný tým,تشكيل الفريق,ar
Sekera pekelného ohně,فأس نيران الجحيم,ar
Sektor Wymiany,قطاع التجارة,ar
Selbstständig machen,التوسع,ar
Semblante Espiritual,وجه الروح,ar
Semi-conducteur,شبه الناقل,ar
Semiconductor,شبه الناقل,ar
Semicondutor,شبه الناقل,ar
Semiconduttore,شبه الناقل,ar
Sendero de Guerra,طريق الحرب,ar
Sendero de guerra,طريق الحرب,ar
Sentencia,قاضي,ar
Sentenciador,قاضي,ar
Sentiero di guerra,طريق الحرب,ar
Serafínova hůl,عصا سيرافيم,ar
Seraphim's Staff,عصا سيرافيم,ar
Serbest Yatırım Fonu,صندوق التحوط,ar
Serce ze Stali,القلب الفولاذي,ar
Serpenyő,مقلاة,ar
Serve para Algo,نافع لشيء ما,ar
Servicio de Suscripción,خدمة الاشتراك,ar
Servicio de suscripción,خدمة الاشتراك,ar
Servizio ad abbonamento,خدمة الاشتراك,ar
Serviço de Assinatura,خدمة الاشتراك,ar
Setor de Troca,قطاع التجارة,ar
Settore dello scambio,قطاع التجارة,ar
Seviye Atla!,الترقية!,ar
Seyyah,رحالة,ar
Seyyah Amblemi,شارة الرحالة,ar
Sfere curative,بلورات العلاج,ar
Sfere vindecătoare,بلورات العلاج,ar
Sfidante,متحدي,ar
Sfârșitul rațiunii,الموقف الحرج,ar
Shadow Puppet,دمية الظل,ar
Shen,شين,ar
Shepherd,راعي,ar
Shepherd Emblem,شارة الراعي,ar
Shimmerscale Essence,جوهر الحراشف اللامعة,ar
Shojin lándzsája,رمح شوجين,ar
Shojin'in Mızrağı,رمح شوجين,ar
Shopping Spree,فورة تسوق,ar
Shopping intensif,فورة تسوق,ar
Shopping scatenato,فورة تسوق,ar
Shroud of Stillness,ستار السكون,ar
Sibernetik Aktarım,الاتصال الآلي,ar
Sibernetik İmplant,الشرائح الآلية,ar
Sicario,القاتل المأجور,ar
Side Effects,التأثيرات الجانبية,ar
Siegeszug,الفوز الكبير,ar
Signora Oscura,سيدة الظلام,ar
Silberlöffel,الملعقة الفضية,ar
Silver Spoon,الملعقة الفضية,ar
Silvermere Dawn,فجر سيلفرمير,ar
Sinal de Sterak,قفاز ستيراك,ar
Sinh Nhật Đoàn Tụ,لم شمل عيد الميلاد,ar
Sinir İmplantı,شريحة التعاطف,ar
Sinsi,مارق,ar
Sinsi Amblemi,شارة المارق,ar
Sinsi Pençe,مخلب المتصيد,ar
Siper,متراس,ar
Size Matters,الحجم مهم,ar
Siêu Linh,قوى ذهنية,ar
Siêu Thú,أنيما,ar
Siêu Vũ Trụ,الانفجار العظيم,ar
Siêu Xẻng,ملعقة مسطحة,ar
Sięganie ku Gwiazdom,السعي نحو النجوم,ar
Skalierung im späten Spiel,زيادة القوة في نهاية المباراة,ar
Skalowanie w Późnej Fazie Gry,زيادة القوة في نهاية المباراة,ar
Skleněné dělo,مدفع من زجاج,ar
Skok po Składniki,عملية السطو على المكونات,ar
Skupienie Horyzontalne,تركيز الأفق,ar
Skupiony Ogień,النيران المركزة,ar
Slammin',الاستهلاك ضروري,ar
Slaďounké dobroty,حلوى لذيذة,ar
Slice of Life,لمحة من الحياة,ar
Slightly Magic Roll,الرمية السحرية المخفّفة,ar
Slza bohyně,دمعة الزعيمة,ar
Small Grab Bag,كيس هدايا صغير,ar
Smoczy Szpon,مخلب التنين,ar
Snajperzy,رامي,ar
Sniper,رامي,ar
Sniper Emblem,شارة الرامي,ar
Sobrecarga Cognitiva,الحمل المعرفي الزائد,ar
Sobrecarga cognitiva,الحمل المعرفي الزائد,ar
Sobrecarga de Varas,القصبات الوفيرة,ar
Sobrecarga de cinturones,الأحزمة الوفيرة,ar
Sobrecarga de espadas,السيوف الوفيرة,ar
Sobrecarga de varitas,القصبات الوفيرة,ar
Sobretudo Suspeito,المعطف المشبوه,ar
Sobrevivente,الصامد,ar
Sobreviviente,الصامد,ar
Sodronyozott mellény,السترة المسلسلة,ar
Soif-de-sang,المتعطش للدماء,ar
Sojusznik Opiekuna,حليف الوصي,ar
Sok Cappa,عصير القبعة,ar
Soldi per il pranzo,مصروف الغداء,ar
Solo Leveling,ترقية فردية,ar
Solo Plate,درع الصدر المنفرد,ar
Solo Pétreo,درع الصدر المنفرد,ar
Solo-Leveling,ترقية فردية,ar
Solo-Steinpanzer,درع الصدر المنفرد,ar
Solowa Płyta,درع الصدر المنفرد,ar
Solul dezolant al lui Zeke,نذير زيكي الكئيب,ar
Solul lui Zeke,نذير زيكي,ar
Solzi sclipitori,جوهر الحراشف اللامعة,ar
Sombrero Mortífero de Rabadon,قبعة موت رابادون,ar
Sombrero mortal de Rabadon,قبعة موت رابادون,ar
Sombreros Más Letales,قبعات أشد فتكًا,ar
Sombreros más mortales,قبعات أشد فتكًا,ar
Son Fısıltı,الهمسة الأخيرة,ar
Sona,سونا,ar
Sona Kalanlar,الصامد,ar
Song Sát Tốc Hành,القتل المزدوج السريع,ar
Song Vệ,الحارسان التوأمان,ar
Song Đấu,المبارزة السامية,ar
Sonnenfeuer-Brett,لوح لهيب الشمس,ar
Sonnenfeuer-Umhang,قلنسوة لهب الشمس,ar
Sonsuz Büyü,استحضار السحر المستمر,ar
Sonsuz Karanlık,النجم المظلم,ar
Sonsuz Karanlık Amblemi,شارة النجم المظلم,ar
Sonsuz Çaresizlik,يأسٌ بلا نهاية,ar
Sopa Fazlalığı,القصبات الوفيرة,ar
Sopa İşçisi,صانع القصبات,ar
Soraka csodatétele,معجزة سوراكا,ar
Soraka áldása,هبة سوراكا,ar
Soraka'nın Lütfu,هبة سوراكا,ar
Soraka'nın Mucizesi,معجزة سوراكا,ar
Soraka's Boon,هبة سوراكا,ar
Soraka's Miracle,معجزة سوراكا,ar
Sorakas Segen,هبة سوراكا,ar
Sorakas Wunder,معجزة سوراكا,ar
Soračin dar,هبة سوراكا,ar
Soračin zázrak,معجزة سوراكا,ar
Sorsszövő,نساج المصير,ar
Sorte em Alta,رمية الحظ,ar
Sorvadt ereklye,التحفة الذابلة,ar
Soubojový režim,وضع المتحدية,ar
Soudce,قاضي,ar
Soul Awakening,صحوة الروح,ar
Soustředěná palba,النيران المركزة,ar
Soustředěný horizont,تركيز الأفق,ar
Soutien indéfectible,في الاتحاد قوة,ar
Souvislé sesílání,استحضار السحر المستمر,ar
Sovraccarico cognitivo,الحمل المعرفي الزائد,ar
Spaccato di vita,لمحة من الحياة,ar
Space Groove,رقص الفضاء,ar
Space Groove Emblem,شارة رقص الفضاء,ar
Spaczony Wampiryczny Kostur,صولجان مصاصي الدماء الفاسد,ar
Spada furiei lui Guinsoo,نصل غضب غينسو,ar
Sparkonto,حساب الادخار,ar
Sparring Gloves,قفاز التدريب,ar
Spasitel,المخلّص,ar
Spatola,ملعقة مسطحة,ar
Spatula,ملعقة مسطحة,ar
Spatule,ملعقة مسطحة,ar
Spatulă,ملعقة مسطحة,ar
Spear of Shojin,رمح شوجين,ar
Specialista del finale,اختصاصي نهاية المباراة,ar
Specialista na závěrečnou fázi,اختصاصي نهاية المباراة,ar
Specialistul sfârșitului jocului,اختصاصي نهاية المباراة,ar
Specjalista od Końcówki,اختصاصي نهاية المباراة,ar
Specjalistyczny Hełm,الخوذة المتكيفة,ar
Spectral Cutlass,السيف الطيفي,ar
Spedizione,الحملة الاستكشافية,ar
Speedy Double Kill,القتل المزدوج السريع,ar
Speer von Shojin,رمح شوجين,ar
Spektrales Entermesser,السيف الطيفي,ar
Spektrum jegy,تذكرة موشورية,ar
Spektrální vstupenka,تذكرة موشورية,ar
Speranza perduta,الموقف الحرج,ar
Spesa oculata,الإنفاق الحكيم,ar
Spezzatempo,كاسر الزمن,ar
Spirit Visage,وجه الروح,ar
Spirit of Redemption,روح الافتداء,ar
Spirito di redenzione,روح الافتداء,ar
Spiritul izbăvirii,روح الافتداء,ar
Splétaná magie,السحر المحبوك,ar
Splétač osudu,نساج المصير,ar
Společné objetí,عناق جماعي,ar
Spořicí účet,حساب الادخار,ar
Spreading Roots,توسع الجذور,ar
Spécialiste des fins de partie,اختصاصي نهاية المباراة,ar
Spéculation,صندوق التحوط,ar
Srdce z oceli,القلب الفولاذي,ar
Stab des Erzengels,عصا كبير الحُماة,ar
Stabschmied,صانع القصبات,ar
Stabüberfluss,القصبات الوفيرة,ar
Staffsmith,صانع القصبات,ar
Stand United,في الاتحاد قوة,ar
Stargazer,المحدق بالنجوم,ar
Stargazer Emblem,شارة المحدق بالنجوم,ar
Statikk Hançer,السيف الصاعق,ar
Statikk Shiv,السيف الصاعق,ar
Statikk töltőpengéje,السيف الصاعق,ar
Statikkova kudla,السيف الصاعق,ar
Statikks Stich,السيف الصاعق,ar
Stats à foison !,أطنان من الإحصاءات!,ar
Stavebnice společníků,بناء مرافق,ar
Stea întunecată,النجم المظلم,ar
Steadfast Heart,القلب الراسخ,ar
Steinpanzer des Wasserspeiers,درع صدر مرزاب الحجري,ar
Stella Oscura,النجم المظلم,ar
Stellar Combo,متوالية نجمية,ar
Stemma di Lightshield,رمز الدرع الخفيف,ar
Stemmaguarda,حامي التاج,ar
Sterak kihívása,قفاز ستيراك,ar
Sterak's Gage,قفاز ستيراك,ar
Sterak'ın Güvencesi,قفاز ستيراك,ar
Sterakova zástava,قفاز ستيراك,ar
Steraks Pegel,قفاز ستيراك,ar
Sterndeuter,المحدق بالنجوم,ar
Sterndeuter-Emblem,شارة المحدق بالنجوم,ar
Sternen-Kombo,متوالية نجمية,ar
Sternenvernichter,النجم المظلم,ar
Sternenvernichter-Emblem,شارة النجم المظلم,ar
Stibitzen,الاختلاس,ar
Stopařčin chránič,واقي ذراع المطارد,ar
Storia di una rimonta,حكاية العودة,ar
Strahlender Halunke,الوغد المشع,ar
Strateji Ustası Kalkanı,درع المخطِط,ar
Strateji Ustası Pelerini,قلنسوة المخطِط,ar
Strateji Ustası Tacı,تاج المخطِط,ar
Strateji Ustasının Mutfağı,مطبخ المخطِط,ar
Stratégie de ligne arrière,خطة عمل الخط الخلفي,ar
Striker's Flail,هراوة المهاجم,ar
Strom vlastností,شجرة الخواص,ar
Strážná dvojice,الحارسان التوأمان,ar
Studio paziente,الدراسة الصابرة,ar
Studiu diligent,الدراسة الصابرة,ar
Stwórz Sobie Kumpla,بناء البطل,ar
Stwórz Towarzysza,بناء مرافق,ar
Stínová loutka,دمية الظل,ar
Stürmerflegel,هراوة المهاجم,ar
Stříbrná lžička,الملعقة الفضية,ar
Stůjme při sobě,في الاتحاد قوة,ar
Su tutti i fronti,التوسع,ar
Su verso il cielo,السعي نحو النجوم,ar
Subscription Service,خدمة الاشتراك,ar
Subskrypcja,خدمة الاشتراك,ar
Suc Cappa,عصير القبعة,ar
Succes critic,النجاح الحرج,ar
Successo critico,النجاح الحرج,ar
Succo Cappa,عصير القبعة,ar
Sucesso Crítico,النجاح الحرج,ar
Suco de Chapéu,عصير القبعة,ar
Sugárzó csirkefogó,الوغد المشع,ar
Suhanó sutyerák,ريفت سكاتلر,ar
Sunfire Board,لوح لهيب الشمس,ar
Sunfire Cape,قلنسوة لهب الشمس,ar
Super sac de butin,كيس هدايا كبير,ar
Superstite,الصامد,ar
Superviviente,الصامد,ar
Suppresseur doré,اللعب الأمثل,ar
Supraviețuitor,الصامد,ar
Supraîncărcare cognitivă,الحمل المعرفي الزائد,ar
Surcharge cognitive,الحمل المعرفي الزائد,ar
Surpriză nesurprinzătoare,مفاجآت الحظ,ar
Survivant,الصامد,ar
Survivor,الصامد,ar
Suscripción de Lujo,الاشتراك الفخم,ar
Suscripción de lujo,الاشتراك الفخم,ar
Suspicious Trench Coat,المعطف المشبوه,ar
Sussurro fatale,الهمسة الأخيرة,ar
Sute de atribute!,أطنان من الإحصاءات!,ar
Sweet Treats,حلوى لذيذة,ar
Sword Overflow,السيوف الوفيرة,ar
Swordsmith,صانع السيوف,ar
Sympathetic Implant,شريحة التعاطف,ar
Szaleństwo Zakupów,فورة تسوق,ar
Szczęśliwe Rękawice,قفاز الحظ,ar
Szellemarc,وجه الروح,ar
Szerencsés kesztyű,قفاز الحظ,ar
Szermierka Yasuo,مهارة مبارزة ياسو,ar
Szerteágazó gyökerek,توسع الجذور,ar
Szeráf pálcája,عصا سيرافيم,ar
Szimpatikus implantátum,شريحة التعاطف,ar
Szintlépés!,الترقية!,ar
Szpatułka,ملعقة مسطحة,ar
Szpon Ciemnego Typa,مخلب المتصيد,ar
Szunnyadó kohó,المصهر الكامن,ar
Szybkie Dwa Trupy,القتل المزدوج السريع,ar
Száműzöttek I.,المنفيون,ar
Szélhámos,السيولة,ar
Szólójátékos,ترقية فردية,ar
Születésnapi ajándék,هدية عيد الميلاد,ar
Születésnapi találkozó,لم شمل عيد الميلاد,ar
Sách Chọn Ấn,مجلد الخواص,ar
Sárkánykarom,مخلب التنين,ar
Sát Thủ Khát Máu,قاتل لا يميز بين ضحاياه,ar
Sát Thủ Đánh Thuê,القاتل المأجور,ar
Sét Cao Thế,الكهرباء القوية,ar
Síla artefaktů,مصنوعٌ من القوة,ar
Sólový plát,درع الصدر المنفرد,ar
Sólový postup,ترقية فردية,ar
Sötét csillag,النجم المظلم,ar
Sötét csillag embléma,شارة النجم المظلم,ar
Sötét hölgy,سيدة الظلام,ar
Sükûnet Örtüsü,ستار السكون,ar
Süper Hızlı Micin,عجلة الميب السريعة,ar
Sürgünler,المنفيون,ar
Süße Leckereien,حلوى لذيذة,ar
Săbii fără număr,السيوف الوفيرة,ar
Săbii mai letale,نصال أشد فتكًا,ar
Săn Kho Báu,صيد الكنوز,ar
Słodkie Przysmaki,حلوى لذيذة,ar
Słoneczna Peleryna,قلنسوة لهب الشمس,ar
Słoneczna Płyta,لوح لهيب الشمس,ar
Sơ Đồ Tuyến Sau,خطة عمل الخط الخلفي,ar
Số 4 Hoàn Hảo,الأربعة تربح,ar
Sống Vội,السيولة,ar
TEK Kılıcı,السيف الهائل,ar
Tabla solară,لوح لهيب الشمس,ar
Tablero de Fuego Solar,لوح لهيب الشمس,ar
Tablero de fuego solar,لوح لهيب الشمس,ar
Tabuleiro de Fogo Solar,لوح لهيب الشمس,ar
Tactician's Cape,قلنسوة المخطِط,ar
Tactician's Crown,تاج المخطِط,ar
Tactician's Kitchen,مطبخ المخطِط,ar
Tactician's Shield,درع المخطِط,ar
Tahm Kench,تام كينش,ar
Taina întunericului,عباءة الليل,ar
Taktikerküche,مطبخ المخطِط,ar
Taktikova koruna,تاج المخطِط,ar
Taktikova kuchyně,مطبخ المخطِط,ar
Taktikus köpenye,قلنسوة المخطِط,ar
Taktikus pajzsa,درع المخطِط,ar
Taktikusok konyhája,مطبخ المخطِط,ar
Taktikův plášť,قلنسوة المخطِط,ar
Taktikův štít,درع المخطِط,ar
Takviye Paketi,حزمة الدعم,ar
Takım Çalışması,تشكيل الفريق,ar
Talisman Of Ascension,تميمة الارتقاء,ar
Talisman de l'ascension,تميمة الارتقاء,ar
Talismano dell'ascensione,تميمة الارتقاء,ar
Talismanul ascensiunii,تميمة الارتقاء,ar
Talismán de Ascensión,تميمة الارتقاء,ar
Talismã da Ascensão,تميمة الارتقاء,ar
Talizman Wstąpienia,تميمة الارتقاء,ar
Talon,تالون,ar
Találd meg önmagad,اعثر على مركزك,ar
Tam Donanımlı,بناء مرافق,ar
Tam Teşekküllü,بناء البطل,ar
Tana del Barone,وكر البارون,ar
Tancuri la xerox,توأم تانك,ar
Tandemová fronta,الطابور الثنائي,ar
Tanks jumeaux,توأم تانك,ar
Tanque em Dobro,توأم تانك,ar
Tanrıça'nın Gözyaşı,دمعة الزعيمة,ar
Tanışma Toplantısı,اتصالات فائتة,ar
Tarcza Taktyka,درع المخطِط,ar
Tare ca fierul,الأصول الحديدية,ar
Target-Lock Optics,منظار رصد الهدف,ar
Tartalékíjak,الأقواس الاحتياطية,ar
Tartsd a frontot,حماية الخطوط,ar
Tatlı Atıştırmalıklar,حلوى لذيذة,ar
Taxa Cognitiva,الضريبة المعرفية,ar
Taxe cognitive,الضريبة المعرفية,ar
Taze Kan,مجند جديد,ar
Taşınabilir Ocak,المصهر المحمول,ar
Te simți norocos,رمية الحظ,ar
Team Building,بناء الفريق,ar
Team building,بناء الفريق,ar
Teambildung,بناء الفريق,ar
Teambuilding,بناء الفريق,ar
Teaming Up,تشكيل الفريق,ar
Tear of the Goddess,دمعة الزعيمة,ar
Tecelã do Destino,نساج المصير,ar
Tecendo Magia,السحر المحبوك,ar
Teemo,تيمو,ar
Teilaufstieg,الارتقاء الجزئي,ar
Tejedestinos,نساج المصير,ar
Tekrar Dene,إعادة المهمة,ar
Tela magica,السحر المحبوك,ar
Temná hvězda,النجم المظلم,ar
Temná paní,سيدة الظلام,ar
Tempesta di Luden,عاصفة لودن,ar
Tempestad de Luden,عاصفة لودن,ar
Tempête de Luden,عاصفة لودن,ar
Tenete la posizione,حماية الخطوط,ar
Tenir le front,حماية الخطوط,ar
Tentative de comeback,حكاية العودة,ar
Ter-Meep-nale Geschwindigkeit,عجلة الميب السريعة,ar
Termeepnal Velocity,عجلة الميب السريعة,ar
Termipnální rychlost,عجلة الميب السريعة,ar
Terquedad,لا تغيير ولا استطلاع,ar
Terrore dei lich,عفونة الموتى,ar
Tesori sepolti,الكنوز المدفونة,ar
Tesoros Enterrados,الكنوز المدفونة,ar
Tesoros enterrados,الكنوز المدفونة,ar
Tesouros Enterrados,الكنوز المدفونة,ar
Tessifato,نساج المصير,ar
Testőrképzés,تدريب الحارس الشخصي,ar
Tetro araldo di Zeke,نذير زيكي الكئيب,ar
Tezbıçak,النصال الخاطفة,ar
Thanh Lý Toàn Bộ,تخفيضات نارية,ar
Thanh Âm Chữa Lành,صدى الشفاء,ar
The Big Bang,الانفجار العظيم,ar
The Golden Dragon,التنين الذهبي,ar
The Golden Egg,البيضة الذهبية,ar
The Indomitable,الصنديد,ar
The Mighty Mech,الميكا الجبار,ar
The Tower,البرج,ar
The Trait Tree,شجرة الخواص,ar
Thief's Gloves,قفاز اللص,ar
Thresh lámpása,فانوس ثريش,ar
Thresh áldása,هبة ثريش,ar
Thresh'in Feneri,فانوس ثريش,ar
Thresh'in Lütfu,هبة ثريش,ar
Thresh's Boon,هبة ثريش,ar
Thresh's Lantern,فانوس ثريش,ar
Threshova lucerna,فانوس ثريش,ar
Threshs Laterne,فانوس ثريش,ar
Threshs Segen,هبة ثريش,ar
Threshův dar,هبة ثريش,ar
Thua Có Tính Toán,الخسارة المحسوبة,ar
Thuế Nhận Thức,الضريبة المعرفية,ar
Thách Đấu,متحدي,ar
Thép Mạ Vàng,الفولاذ المذهب,ar
Thích Mở Rộng,الاستثمار طويل الأجل,ar
Thông Thoáng,الذهن الصافي,ar
Thông Đạo Zz'rot,بوابة ززروت,ar
Thú Tượng Thạch Giáp,درع صدر مرزاب الحجري,ar
Thăng Hoa,الارتقاء,ar
Thăng Hoa Của Kayle,تمجيد كايل,ar
Thăng Hoa Rực Rỡ Của Kayle,تمجيد كايل المشع,ar
Thăng Tiến Cuối Trận,زيادة القوة في نهاية المباراة,ar
Thần Ban Phước,مباركة السماء,ar
Thần Phán,قاضي,ar
Thịnh Nộ Thủy Quái,فورة الكراكن,ar
Thời Không,كاسر الزمن,ar
Thợ Rèn Gậy,صانع القصبات,ar
Thợ Rèn Kiếm,صانع السيوف,ar
Thợ Săn Vũ Trụ,صياد المجرة,ar
Thức Tỉnh Linh Hồn,صحوة الروح,ar
Ti senti fortunato?,رمية الحظ,ar
Ticaret Bölgesi,قطاع التجارة,ar
Ticaretin Özü,جوهر التجارة,ar
Ticket prismatique,تذكرة موشورية,ar
Tiercé,الثلاثية,ar
Tigaia de aur,مقلاة,ar
Tiltott bálvány,التمثال المحرّم,ar
Timebreaker,كاسر الزمن,ar
Timebreaker Emblem,شارة كاسر الزمن,ar
Tinh Linh Chuông,صديق الميب,ar
Tinh Túy Kim Long,جوهر الحراشف اللامعة,ar
Tiniest Titan,أصغر عملاق,ar
Tiny Titans,العمالقة الصغار,ar
"Tiny, but Deadly",الصغير الفتاك,ar
Tirada Ligeramente Mágica,الرمية السحرية المخفّفة,ar
Tirada Mágica,الرمية السحرية,ar
Tiro lievemente magico,الرمية السحرية المخفّفة,ar
Tiro porque me toca,الاستبدالات الوفيرة,ar
Tisse-destin,نساج المصير,ar
Tiszta elme,الذهن الصافي,ar
Titan micuț,أصغر عملاق,ar
Titan's Resolve,عزم العملاق,ar
Titanes Diminutos,العمالقة الصغار,ar
Titanic Hydra,الهيدرا العملاقة,ar
Titanische Hydra,الهيدرا العملاقة,ar
Titano minuscolo,أصغر عملاق,ar
Titanın Azmi,عزم العملاق,ar
Titánhidra,الهيدرا العملاقة,ar
Titánská hydra,الهيدرا العملاقة,ar
Titánské odhodlání,عزم العملاق,ar
Tiên Phong,طليعي,ar
Tiên Tri,عراف,ar
Tiêu Dùng Thông Minh,الإنفاق الحكيم,ar
Tiếp Tế Trang Bị,كيس هدايا العناصر,ar
Tiền Tuyến Vững Chãi,تشكيل الصفوف,ar
Tiền Vệ Trung Tâm,اعثر على مركزك,ar
Tiền Ăn Trưa,مصروف الغداء,ar
Tiệc Tùng,محترف الحفلات,ar
Tkacze Losu,نساج المصير,ar
Tkanie Czarów,السحر المحبوك,ar
Tlupa zlodějů,عصابة اللصوص,ar
Tlupa zlodějů II,عصابة اللصوص II,ar
To Lớn & Mạnh Mẽ,العملاق القوي,ar
Todo para mí,حقق مرادك,ar
Toiag uriaș,قصبة عريضة بلا داع,ar
Toiagul arhanghelului,عصا كبير الحُماة,ar
Toiege fără număr,القصبات الوفيرة,ar
Tolvajkesztyű,قفاز اللص,ar
Tolvajok bandája,عصابة اللصوص,ar
Tolvajok bandája II,عصابة اللصوص II,ar
Tome des emblèmes,مجلد الخواص,ar
Tome of Trait,مجلد الخواص,ar
Tome of Traits,مجلد الخواص,ar
Tomo das Características,مجلد الخواص,ar
Tomo de Rasgos,مجلد الخواص,ar
Tomo de atributos,مجلد الخواص,ar
Tomo dei tratti,مجلد الخواص,ar
Tomul caracteristicilor,مجلد الخواص,ar
Toneladas de Atributos!,أطنان من الإحصاءات!,ar
Tonlarca Nitelik!,أطنان من الإحصاءات!,ar
Tonnenweise Werte!,أطنان من الإحصاءات!,ar
Tonnányi statisztika!,أطنان من الإحصاءات!,ar
Tons of Stats!,أطنان من الإحصاءات!,ar
Tony Statystyk!,أطنان من الإحصاءات!,ar
Torba z Przedmiotami,كيس هدايا العناصر,ar
Torba z Przedmiotami Urfa,كيس هدايا أورف,ar
Tormenta de Luden,عاصفة لودن,ar
Tot sunt buni la ceva,نافع لشيء ما,ar
Touche-à-tout,الأشقياء,ar
Tout doit disparaître,الاستهلاك ضروري,ar
Toàn Thắng,الفوز الكبير,ar
Toán Cướp,مغير,ar
Trabajo en Equipo,بناء الفريق,ar
Trabalho em Equipe,بناء الفريق,ar
Trade Sector,قطاع التجارة,ar
Tragbare Schmiede,المصهر المحمول,ar
Training Dummy,دمية التدريب,ar
Trang Bị Pandora,عناصر باندورا,ar
Transfer de încărcare,نقل الشحنة,ar
Transferencia de Carga,نقل الشحنة,ar
Transferencia de carga,نقل الشحنة,ar
Transfert,نقل الشحنة,ar
Transferência de Carga,نقل الشحنة,ar
Transformação em Boneco,التحويل إلى دمية,ar
Trasferimento carica,نقل الشحنة,ar
Treasure Hunt,صيد الكنوز,ar
Treinamento de Guarda-costas,تدريب الحارس الشخصي,ar
Tremblelames,النصال الخاطفة,ar
Trench-coat suspect,المعطف المشبوه,ar
Trenci suspect,المعطف المشبوه,ar
Trening Ochroniarza,تدريب الحارس الشخصي,ar
Trepador Social,الحركة التصاعدية,ar
Trezirea sufletului,صحوة الروح,ar
Tributo cognitivo,الضريبة المعرفية,ar
Trifecta,الثلاثية,ar
Trinca,الثلاثية,ar
Triomphe,مقاتل الجوائز,ar
Triplete,الثلاثية,ar
Tripletta,الثلاثية,ar
Triplu avantaj,الثلاثية,ar
Triệu Gọi Hỗn Mang,دعوة إلى الفوضى,ar
Triệu Hồi Bất Tận,استحضار السحر المستمر,ar
Troca Sem Fim,الاستبدالات الوفيرة,ar
Trojice,الثلاثية,ar
Trova il tuo centro,اعثر على مركزك,ar
Trpělivost je ctnost,الصبر فضيلة,ar
Trpělivé studium,الدراسة الصابرة,ar
Truffatore,السيولة,ar
Trung Tâm Thương Mại,جوهر التجارة,ar
Tryb Pretendenta,وضع المتحدية,ar
Tryb Przekaźnika,وضع الوسيط,ar
Tryb Replikatora,وضع المستنسِخة,ar
Trzask-Prask,الاستهلاك ضروري,ar
Trzymać Szyk,حماية الخطوط,ar
Trái Tim Kiên Định,القلب الراسخ,ar
Trái Tim Sắt Đá,القلب الفولاذي,ar
Träne der Göttin,دمعة الزعيمة,ar
Tréninkové rukavice,قفاز التدريب,ar
Trésors enfouis,الكنوز المدفونة,ar
Trên Đà Phát Triển,محظوظ,ar
Trí Tuệ Siêu Công Nghệ,الاتصال الآلي,ar
Trượng Hư Vô,صولجان الفويد,ar
Trượng Đại Thiên Sứ,عصا سيرافيم,ar
Trực Giác Của Evelynn,غريزة إيفلين,ar
Tuch der Stille,ستار السكون,ar
Tueur de géants,قاتل العمالقة,ar
Tueur impitoyable,قاتل لا يميز بين ضحاياه,ar
Tueur à gages,القاتل المأجور,ar
Tugend des Märtyrers,فضيلة الشهيد,ar
Tun-mitralieră,مدفع النار السريع,ar
Turnul,البرج,ar
Tuyển Nhân Sự,مجند جديد,ar
Twin Guardian,الحارسان التوأمان,ar
Twin Guardians,الحارسان التوأمان,ar
Twisted Fate,تويستد فايت,ar
Two Much Value,قيمة مزدوجة,ar
Two Tanky,توأم تانك,ar
Tworzenie Drużyny,بناء الفريق,ar
Twórcze Tworzenie,التصنيع المتقن,ar
Typologie,الالتزام الصارم,ar
Tài Khoản Tiết Kiệm,حساب الادخار,ar
Tái Khởi Động Nhiệm Vụ,إعادة المهمة,ar
Tái Lập Vũ Trụ,البداية الكونية الجديدة,ar
Tápláld a tüzet,تغذية ألسنة اللهب,ar
Tíha koruny,عبء التاج ثقيل,ar
Tín Đồ Mua Sắm,فورة تسوق,ar
Tòa Tháp,البرج,ar
Tôi Luyện Sức Mạnh,مصنوعٌ من القوة,ar
Tôi Thăng Cấp Một Mình,ترقية فردية,ar
Tödlichere Hauben,قبعات أشد فتكًا,ar
Tödlichere Klingen,نصال أشد فتكًا,ar
Töltésátvitel I.,نقل الشحنة,ar
Törj a csillagok felé,السعي نحو النجوم,ar
Törékeny tüzér I.,مدفع من زجاج,ar
Törésteszt bábuk,دمى اختبار التحطم,ar
Tú Pégales,حقق مرادك,ar
Túi Đồ Cỡ Nhỏ,كيس هدايا صغير,ar
Túi Đồ Cỡ Đại,كيس هدايا كبير,ar
Túi Đồ Siêu Hùng,كيس الهدايا البطولي,ar
Túi Đồ Urf,كيس هدايا أورف,ar
Túlvilági szablya,السيف الطيفي,ar
Túlélő,الصامد,ar
Türelem rózsát terem,الصبر فضيلة,ar
Türelmes tanuló,الدراسة الصابرة,ar
Tăișuri sclipitoare,النصال الخاطفة,ar
Tăng Trưởng Bùng Nổ,النمو المتفجر,ar
Tırmanışa Devam,تسلّق سلم التصنيفات,ar
Tất Tay Bậc Đồng,البرونزي حتى النهاية,ar
Tập Chịu Đòn,دروس الملاكمة,ar
Tập Trung Hỏa Lực,النيران المركزة,ar
Tối Tân,جديد من المصنع,ar
Tối Đa Hóa,اللعب الأمثل,ar
Tộc Thượng Cổ,برايمورديان,ar
Tụ Bão Zeke,نذير زيكي,ar
Tụ Điện,الشحنة الكهربائية,ar
Tứ Phương Tiếp Viện,أربعة تكسب ترقية,ar
Tự Lập Đội,بناء البطل,ar
U Sầu,حاملة المصائب,ar
U. R. F.,U.R.F,ar
U.R.F,U.R.F,ar
U.R.F.,U.R.F,ar
URF,U.R.F,ar
Uccisore di giganti,قاتل العمالقة,ar
Uccisore indiscriminato,قاتل لا يميز بين ضحاياه,ar
Ucigaș fără discriminare,قاتل لا يميز بين ضحاياه,ar
Ucigaș plătit,القاتل المأجور,ar
Ufak Çekiliş,كيس هدايا صغير,ar
Ufukgetiren,تركيز الأفق,ar
Uhrwerk-Beschleuniger,مسرِّع الساعة,ar
Ulepszona Moc,قوة محسَّنة,ar
Ultima șoaptă,الهمسة الأخيرة,ar
Uluların Tılsımı,تميمة الارتقاء,ar
Ulvi Düellocu,المبارزة السامية,ar
Ulvi Ocak,مصهر التمجيد,ar
Um Dois Três,واحد واثنان وثلاثة,ar
"Um, Dois, Cinco!",واحد، اثنان، خمسة!,ar
Umhang des Taktikers,قلنسوة المخطِط,ar
"Un buff, două buff-uri",تعزيزٌ هنا وتعزيزٌ هناك,ar
"Un buff, due buff",تعزيزٌ هنا وتعزيزٌ هناك,ar
Un due tre,واحد واثنان وثلاثة,ar
Un mismo ser,الشخصية المنعكسة,ar
Un mismo ser inferior,الشخصية المنعكسة المصغّرة,ar
Un tiro magico,الرمية السحرية,ar
Un'avventura gloriosa,المغامرة الفخمة,ar
"Un, deux, trois",واحد واثنان وثلاثة,ar
Una Aventura Eminente,المغامرة الفخمة,ar
"Una Mejora, Dos Mejoras",تعزيزٌ هنا وتعزيزٌ هناك,ar
Una aventura repleta de exaltación,المغامرة الفخمة,ar
Una lágrima en la arena,بكاء بلا جدوى,ar
"Una mejora, dos mejoras...",تعزيزٌ هنا وتعزيزٌ هناك,ar
"Unde-s 2 stele, puterea crește",أربعة تكسب ترقية,ar
Une aventure exaltante,المغامرة الفخمة,ar
Unending Despair,يأسٌ بلا نهاية,ar
Unerschütterliches Herz,القلب الراسخ,ar
Unidos,في الاتحاد قوة,ar
Unire în luptă,في الاتحاد قوة,ar
Uniti nelle difficoltà,في الاتحاد قوة,ar
"Uno, Dos, Tres",واحد واثنان وثلاثة,ar
"Uno, dos, tres...",واحد واثنان وثلاثة,ar
"Uno, dos, ¡cinco!",واحد، اثنان، خمسة!,ar
"Uno, dos... ¡cinco!",واحد، اثنان، خمسة!,ar
"Uno, due, cinque!",واحد، اثنان، خمسة!,ar
"Unu, doi, cinci!",واحد، اثنان، خمسة!,ar
"Unu, doi, trei",واحد واثنان وثلاثة,ar
Unübertreffliche Schmiede,مصهر التمجيد,ar
Upando Solo,ترقية فردية,ar
Upward Mobility,الحركة التصاعدية,ar
Upírská vitalita,حيوية مصاص الدماء,ar
Urf Hamlesi,مناورة أورف,ar
Urf játszmája,مناورة أورف,ar
Urf zsákbamacskája,كيس هدايا أورف,ar
Urf's Gambit,مناورة أورف,ar
Urf's Grab Bag,كيس هدايا أورف,ar
Urf'ün Çekilişi,كيس هدايا أورف,ar
Urfova dárková taška,كيس هدايا أورف,ar
Urfs Gambit,مناورة أورف,ar
Urfs Wundertüte,كيس هدايا أورف,ar
Urfův gambit,مناورة أورف,ar
Urgia de pe lume,عفونة الموتى,ar
Urgot,أورغوت,ar
Utazó,رحالة,ar
Utazó embléma,شارة الرحالة,ar
Utolsó esély,الموقف الحرج,ar
Utolsó lehelet,الهمسة الأخيرة,ar
Uyumsuzlar,الأشقياء,ar
Uzayın Ritmi,رقص الفضاء,ar
Uzayın Ritmi Amblemi,شارة رقص الفضاء,ar
Vale a Espera,الأمر يستحق الانتظار,ar
Vale la Pena la Espera,الأمر يستحق الانتظار,ar
Valeva la pena aspettare,الأمر يستحق الانتظار,ar
Valor del Titán,عزم العملاق,ar
Valor em Excesso,قيمة مزدوجة,ar
Vampir-Vitalität,حيوية مصاص الدماء,ar
Vampiric Vitality,حيوية مصاص الدماء,ar
Vampirî Zindelik,حيوية مصاص الدماء,ar
Vanguard,طليعي,ar
Vanguard Emblem,شارة الطليعي,ar
Vanguarda,طليعي,ar
Vanguardia,طليعي,ar
Vara Innecesariamente Grande,قصبة عريضة بلا داع,ar
Vara innecesariamente grande,قصبة عريضة بلا داع,ar
Varus Besessenheit,هوس فاروس,ar
Varus megszállottsága,هوس فاروس,ar
Varus áldása,هبة فاروس,ar
Varus' Segen,هبة فاروس,ar
Varus's Boon,هبة فاروس,ar
Varus's Obsession,هوس فاروس,ar
Varus'un Lütfu,هبة فاروس,ar
Varus'un Saplantısı,هوس فاروس,ar
Varusova posedlost,هوس فاروس,ar
Varusův dar,هبة فاروس,ar
Varázsdobás,الرمية السحرية,ar
Varázsszőttes,السحر المحبوك,ar
Vaseszközök,الأصول الحديدية,ar
Vaurien de la lumière,الوغد المشع,ar
Vay Tạm Ứng,سلفة قرض,ar
Vedlejší účinky,التأثيرات الجانبية,ar
Veigar,فيغار,ar
Velikost a síla,العملاق القوي,ar
Velitel,القائدة,ar
Velitelka Animy,قائد أنيما,ar
Velkolepé dobrodružství,المغامرة الفخمة,ar
Velká dárková taška,كيس هدايا كبير,ar
Velký třesk,الانفجار العظيم,ar
Velo costante,الدرع الساتر,ar
Velo de sosiego,ستار السكون,ar
Velocidad Termeepnal,عجلة الميب السريعة,ar
Velocidad temperameeptal,عجلة الميب السريعة,ar
Velocidade Termipenal,عجلة الميب السريعة,ar
Velocità termipponale,عجلة الميب السريعة,ar
Venganza,القصاص,ar
Ventos Revigorantes,النوبة الثانية,ar
Verbannte,المنفيون,ar
Verbotener Götze,التمثال المحرّم,ar
Verbündeter des Beschützers,حليف الوصي,ar
Verdorbenes vampirisches Zepter,صولجان مصاصي الدماء الفاسد,ar
Verdugo Indiscriminado,قاتل لا يميز بين ضحاياه,ar
Verdugo de Gigantes,قاتل العمالقة,ar
Verdugo de gigantes,قاتل العمالقة,ar
Verdächtiger Trenchcoat,المعطف المشبوه,ar
Verfehlte Verbindung,اتصالات فائتة,ar
Verfluchte Klinge,النصل الملعون,ar
Verfluchte Krone,التاج الملعون,ar
Vergeltung,القصاص,ar
Vergoldeter Stahl,الفولاذ المذهب,ar
Vergrabene Schätze,الكنوز المدفونة,ar
Vernichter,حاملة المصائب,ar
Vernichter,المُبيد,ar
Versteck des Barons,وكر البارون,ar
Verständnisvolles Implantat,شريحة التعاطف,ar
Verstärkendes Amulett,قلادة التنشيط,ar
Vertu du martyr,فضيلة الشهيد,ar
Verwittertes Relikt,التحفة الذابلة,ar
Verwobene Magie,السحر المحبوك,ar
Vesmírný rytmus,رقص الفضاء,ar
Vesta Espinosa,السترة المدببة,ar
Veste della stabilità,ستار السكون,ar
Vestă de mărăcini,السترة المدببة,ar
Vestă de zale,السترة المسلسلة,ar
Vex,فيكس,ar
Večerháv,الدرع الساتر,ar
Viaggiatore,رحالة,ar
Viajante,رحالة,ar
Viajero,رحالة,ar
Victorie neașteptată,الفوز الكبير,ar
Vida Cotidiana,لمحة من الحياة,ar
Viděti dvojmo,قيمة مزدوجة,ar
Vier-Gold-Verstärkung,أربعة تكسب ترقية,ar
Vigarista,السيولة,ar
Viktor,فيكتور,ar
Viktor'un Sihri,انتصار فيكتور آركين,ar
Viktor-ia de Arcane,انتصار فيكتور آركين,ar
Viktor-ia di Arcane,انتصار فيكتور آركين,ar
Viktor-ie ocultă,انتصار فيكتور آركين,ar
Viktoria Arcana,انتصار فيكتور آركين,ar
Viktorův triumf,انتصار فيكتور آركين,ar
Viktória Arcana,انتصار فيكتور آركين,ar
Villanópengék,النصال الخاطفة,ar
Villámakció,تخفيضات نارية,ar
Vingadora Exocósmica,سيدة الأسلحة,ar
Virtud del Mártir,فضيلة الشهيد,ar
Virtud del mártir,فضيلة الشهيد,ar
Virtude do Mártir,فضيلة الشهيد,ar
Virtue of the Martyr,فضيلة الشهيد,ar
Virtutea martirului,فضيلة الشهيد,ar
Virtù del martire,فضيلة الشهيد,ar
Visage spirituel,وجه الروح,ar
Visionnaire,المحدق بالنجوم,ar
Visszatérés-történet,حكاية العودة,ar
Vitalidad Vampírica,حيوية مصاص الدماء,ar
Vitalidad vampírica,حيوية مصاص الدماء,ar
Vitalidade Vampírica,حيوية مصاص الدماء,ar
Vitalitate vampirică,حيوية مصاص الدماء,ar
Vitalità vampirica,حيوية مصاص الدماء,ar
Vitalité vampirique,حيوية مصاص الدماء,ar
Viteză termipnală,عجلة الميب السريعة,ar
Viễn Chinh,رحالة,ar
Void Gauntlet,قفاز الفويد,ar
Void Staff,صولجان الفويد,ar
Voința buzduganului,إرادة الصولجان,ar
Voința titanului,عزم العملاق,ar
Vojevůdcova čest,شرف أمير الحرب,ar
Volonté de la massue,إرادة الصولجان,ar
Voluntad de la maza,إرادة الصولجان,ar
Voluntad del Mazo,إرادة الصولجان,ar
Volver al Ruedo,حكاية العودة,ar
Vorausdenken,التفكير المتقدم,ar
Voto del Protettore,نذر الحامي,ar
Voto del cavaliere,عهد الفارس,ar
Vous vous sentez en veine ?,رمية الحظ,ar
Voyager,رحالة,ar
Voyager Emblem,شارة الرحالة,ar
Voyageur,رحالة,ar
Vražední čtveráci,الأربعة تربح,ar
Vražednější klobouky,قبعات أشد فتكًا,ar
Vražednější čepele,نصال أشد فتكًا,ar
Vrcholná sestava,التشكيل الأقصى,ar
Vuốt Rồng,مخلب التنين,ar
Vyber vlastnost,اختر خاصية,ar
Vybíravé výběry,الاستبدالات الوفيرة,ar
Vyhlazovač,المُبيد,ar
Vyhnanci,المنفيون,ar
Vyplatí se čekat,الأمر يستحق الانتظار,ar
Vyrob si kamaráda,صناعة صديق,ar
Vysoké napětí,الكهرباء القوية,ar
Vytrvalý vzestup,الحركة التصاعدية,ar
Vyzyvatel,متحدي,ar
Vzestup,الارتقاء,ar
Vágj utat,شق الدرب,ar
Válassz adottságot,اختر خاصية,ar
Válečná stezka,طريق الحرب,ar
Válogatás nélkül,قاتل لا يميز بين ضحاياه,ar
Vámpírerő I.,حيوية مصاص الدماء,ar
Ván Cược Hoàng Kim,الرهان الذهبي,ar
Ván Cược URF,مناورة أورف,ar
Vánek,النسيم العليل,ar
Várható váratlanság,مفاجآت الحظ,ar
Vânătoare de comori,صيد الكنوز,ar
Vânător galactic,صياد المجرة,ar
Vânătorul de uriași,قاتل العمالقة,ar
Vé Kim Cương,تذكرة موشورية,ar
Végjátékbeli erőnövelés,زيادة القوة في نهاية المباراة,ar
Végtelen kétségbeesés,يأسٌ بلا نهاية,ar
Végtelen védelem,حماية اللانهاية,ar
Végzethozó,حاملة المصائب,ar
Vérszomjas,المتعطش للدماء,ar
Véráldozat,قربان الدم,ar
Véráldozat,ثمن الدم,ar
Vírusmátrix,مصفوفة البرمجيات الخبيثة,ar
Vô Cực Kiếm,السيف الأبدي,ar
Vô Pháp,مارق,ar
Võ Sĩ Giác Đấu,مقاتل الجوائز,ar
Vörös erősítés,المحفز الأحمر,ar
Výbušný růst,النمو المتفجر,ar
Výcvik tělesného strážce,تدريب الحارس الشخصي,ar
Výrobce holí,صانع القصبات,ar
Výrobce mečů,صانع السيوف,ar
Výzva chaosu,دعوة إلى الفوضى,ar
Văl uniform,الدرع الساتر,ar
Vălul nemișcării,ستار السكون,ar
Věčná dohoda,الميثاق الأزلي,ar
Věštec,عراف,ar
Věž,البرج,ar
Vœu du chevalier,عهد الفارس,ar
Vœu du protecteur,نذر الحامي,ar
Vůle palcátu,إرادة الصولجان,ar
Vươn Tới Tinh Tú,السعي نحو النجوم,ar
Vương Miện Chiến Thuật,تاج المخطِط,ar
Vương Miện Hoàng Gia,حامي التاج,ar
Vương Miện Hắc Hóa,التاج الملعون,ar
Vương Miện Nặng Trĩu,عبء التاج ثقيل,ar
W Czepku Urodzony,الملعقة الفضية,ar
W Czwórce Siła,أربعة تكسب ترقية,ar
Wachsende Wurzeln,توسع الجذور,ar
Wampiryczna Żywotność,حيوية مصاص الدماء,ar
Wand Overflow,القصبات الوفيرة,ar
Wanderer,رحالة,ar
Wanderer-Emblem,شارة الرحالة,ar
Warlord's Honor,شرف أمير الحرب,ar
Warmog vértje,درع وارموغ,ar
Warmog's Armor,درع وارموغ,ar
Warmog'un Zırhı,درع وارموغ,ar
Warmogova zbroj,درع وارموغ,ar
Warmogs Rüstung,درع وارموغ,ar
Warpath,طريق الحرب,ar
Warto Poczekać,الأمر يستحق الانتظار,ar
Wartość Dodana,قيمة مزدوجة,ar
Wczesna Nauka,الدروس المبكرة,ar
We Stick Together,نتماسك معًا,ar
Weise Ausgaben,الإنفاق الحكيم,ar
Weltraum-Groove,رقص الفضاء,ar
Weltraum-Groove-Emblem,شارة رقص الفضاء,ar
Wezwanie Chaosu,دعوة إلى الفوضى,ar
Widmowy Rapier,السيف الطيفي,ar
Wie ist es um dein Glück bestellt?,رمية الحظ,ar
Wieczny Brąz,البرونزي حتى النهاية,ar
Wieczny Pakt,الميثاق الأزلي,ar
Wiederaufnahme der Mission,إعادة المهمة,ar
Wielka Wygrana,الفوز الكبير,ar
Wielki Wybuch,الانفجار العظيم,ar
Wielkie Poświęcenie,الالتزام الصارم,ar
Wielkość i Potęga,العملاق القوي,ar
Wieża,البرج,ar
Willkürlicher Killer,قاتل لا يميز بين ضحاياه,ar
Win Out,الفوز الكبير,ar
"Winzig, aber tödlich",الصغير الفتاك,ar
Winzige Titanen,العمالقة الصغار,ar
Winzigster Titan,أصغر عملاق,ar
Wir halten zusammen,نتماسك معًا,ar
Wise Spending,الإنفاق الحكيم,ar
Wit's End,الموقف الحرج,ar
Withered Relic,التحفة الذابلة,ar
Wkalkulowana Strata,الخسارة المحسوبة,ar
Wojenna Ścieżka,طريق الحرب,ar
Wola Buławy,إرادة الصولجان,ar
Worth the Wait,الأمر يستحق الانتظار,ar
Woven Magic,السحر المحبوك,ar
Wskrzeszenie,هبة الإنعاش,ar
Wsparcie,في الاتحاد قوة,ar
Wspinaczka po Drabince,تسلّق سلم التصنيفات,ar
Wspólne Siły,تشكيل الفريق,ar
Wybierz cechę,اختر خاصية,ar
Wygięty Łuk,القوس المنحني,ar
Wygnańcy,المنفيون,ar
Wykuj Znajomego,صناعة صديق,ar
Wykuklenie,التحويل إلى دمية,ar
Wykuto w Sile,مصنوعٌ من القوة,ar
Wyniesienie,الارتقاء,ar
Wyprzedaż na Ostro,تخفيضات نارية,ar
Wyrocznia,عراف,ar
Wysokie Napięcie,الكهرباء القوية,ar
Wytnij sobie drogę,شق الدرب,ar
Wywyższenie Kayle,تمجيد كايل,ar
Wzmacniający Medalion,قلادة التنشيط,ar
Wzmocnienie Raz i Dwa,تعزيزٌ هنا وتعزيزٌ هناك,ar
Wälzer der Attribute,مجلد الخواص,ar
Wędrujący Krab,ريفت سكاتلر,ar
Włócznia Shojin,رمح شوجين,ar
Xayah,زايا,ar
Xoay Bài Tự Động,المستبدل العشوائي,ar
Xây Dựng Đội Hình,بناء الفريق,ar
Xúc Xắc Hoành Tráng,استبدالٌ ملحمي,ar
Xúc Xắc Ma Pháp,الرمية السحرية,ar
Xúc Xắc Vô Tận,الاستبدالات الوفيرة,ar
Xạ Thần,سيدة الأسلحة,ar
Yaldızlı Çelik,الفولاذ المذهب,ar
Yalnız Zırh,درع الصدر المنفرد,ar
Yampiri Yengeç,ريفت سكاتلر,ar
Yan Etkiler,التأثيرات الجانبية,ar
Yarı İletken,شبه الناقل,ar
Yasak İdol,التمثال المحرّم,ar
Yasuo Figyelemmegosztása,مشاركة تألق ياسو,ar
Yasuo aranymezője,خانة ياسو الذهبية,ar
Yasuo kardforgatása,مهارة مبارزة ياسو,ar
Yasuo áldása,هبة ياسو,ar
Yasuo'nun Altın Hücresi,خانة ياسو الذهبية,ar
Yasuo'nun Kılıç Sanatı,مهارة مبارزة ياسو,ar
Yasuo'nun Lütfu,هبة ياسو,ar
Yasuo'nun İlgi Budalası Eklentisi,مشاركة تألق ياسو,ar
Yasuo's Bladework,مهارة مبارزة ياسو,ar
Yasuo's Boon,هبة ياسو,ar
Yasuo's Golden Hex,خانة ياسو الذهبية,ar
Yasuo's Share The Spotlight,مشاركة تألق ياسو,ar
Yasuo: Împarte centrul atenției,مشاركة تألق ياسو,ar
Yasuos Goldfeld,خانة ياسو الذهبية,ar
Yasuos Klingentanz,مهارة مبارزة ياسو,ar
Yasuos Segen,هبة ياسو,ar
Yasuos „Teile das Rampenlicht“,مشاركة تألق ياسو,ar
Yasuovo mistrovství meče,مهارة مبارزة ياسو,ar
Yasuovo zlaté pole,خانة ياسو الذهبية,ar
Yasuův dar,هبة ياسو,ar
Yasuův Široký paprsek,مشاركة تألق ياسو,ar
Yatırımın Getirisi,الاستثمار,ar
Yayılan Kökler,توسع الجذور,ar
Yayım Yayındır,قوسي في خدمتك,ar
Yağmacı,مغير,ar
Yağmacı Amblemi,شارة المغير,ar
Yaşayan Ocak,المصهر الحي,ar
Yedek Yaylar,الأقواس الاحتياطية,ar
Yelmo Adaptable,الخوذة المتكيفة,ar
Yelmo adaptable,الخوذة المتكيفة,ar
Yelmo sombrío,مغير,ar
Yeni Çağ,الحقبة المميزة,ar
Yenilemeye Devam,محظوظ,ar
Yenilmez,الصنديد,ar
Yok Edici,المُبيد,ar
Yolumdan Dönmem,لا تغيير ولا استطلاع,ar
You Have My Bow,قوسي في خدمتك,ar
Yozlaşmış Vampirî Asa,صولجان مصاصي الدماء الفاسد,ar
Yük Aktarımı,نقل الشحنة,ar
Yüklü Borç,سلفة قرض,ar
Yüksek Voltaj,الكهرباء القوية,ar
Yükseliş,الارتقاء,ar
Yıldız Gözlemcisi,المحدق بالنجوم,ar
Yıldız Gözlemcisi Amblemi,شارة المحدق بالنجوم,ar
Yıldız Kombosu,متوالية نجمية,ar
Yıldızlara Uzan,السعي نحو النجوم,ar
Yıpranmış Antika,التحفة الذابلة,ar
Za jakou cenu,مقابل أي ثمن,ar
Zaangażowanie,الاستثمار,ar
Zaawansowana Pożyczka,سلفة قرض,ar
Zabiják obrů,قاتل العمالقة,ar
Zabójca do Wynajęcia,القاتل المأجور,ar
Zabójczy Kapelusz Rabadona,قبعة موت رابادون,ar
Zagracony Umysł,الذهن المشوّش,ar
Zagłada,حاملة المصائب,ar
Zakopane Skarby,الكنوز المدفونة,ar
Zakopané poklady,الكنوز المدفونة,ar
Zamankıran,كاسر الزمن,ar
Zamankıran Amblemi,شارة كاسر الزمن,ar
Zamiř ke hvězdám,السعي نحو النجوم,ar
Zaměřovací optika,منظار رصد الهدف,ar
Zaneprázdněná mysl,الذهن المشوّش,ar
Zapora Przedniej Formacji,تأسيس الخط الأمامي,ar
Zapovězená modla,التمثال المحرّم,ar
Zaprzepaszczona Znajomość,اتصالات فائتة,ar
Zapuszczanie Korzeni,توسع الجذور,ar
Zararına Satış,تخفيضات نارية,ar
Zasłona Równości,الدرع الساتر,ar
Zbiry,مارق,ar
Zbytečně dlouhá hůl,قصبة عريضة بلا داع,ar
Zdobená pěstnice,القفاز المرصع بالجواهر,ar
Zdobený květ,اللوتس المرصع,ar
Zdrang!,طراخ!,ar
Zed,زيد,ar
Zed,زيد الغازي,ar
Zed Invasor,زيد الغازي,ar
Zed Invasore,زيد الغازي,ar
Zed Kẻ Xâm Lăng,زيد الغازي,ar
Zefir,النسيم العليل,ar
Zefiro,النسيم العليل,ar
Zefír,النسيم العليل,ar
Zeitbrecher,كاسر الزمن,ar
Zeitbrecher-Emblem,شارة كاسر الزمن,ar
Zeița armelor,سيدة الأسلحة,ar
Zeke hírnöke,نذير زيكي,ar
Zeke komor hírnöke,نذير زيكي الكئيب,ar
Zeke'nin Kasvetli Sancağı,نذير زيكي الكئيب,ar
Zeke'nin Sancağı,نذير زيكي,ar
Zeke's Bleak Herald,نذير زيكي الكئيب,ar
Zeke's Herald,نذير زيكي,ar
Zekes Herold,نذير زيكي,ar
Zekes düsterer Herold,نذير زيكي الكئيب,ar
Zekeův pochmurný posel,نذير زيكي الكئيب,ar
Zekeův posel,نذير زيكي,ar
Zephir,النسيم العليل,ar
Zephyr,النسيم العليل,ar
Zesílení do závěru hry,زيادة القوة في نهاية المباراة,ar
Zhouba lichů,عفونة الموتى,ar
Zielerfassungslinse,منظار رصد الهدف,ar
Zihin Açıklığı,الذهن الصافي,ar
Zihin Bulanıklığı,الذهن المشوّش,ar
Zihinsel Hazırlık,حصاد الهالة,ar
Zincir Yelek,السترة المسلسلة,ar
Zindelik Broşu,قلادة التنشيط,ar
Zjazd Urodzinowy,لم شمل عيد الميلاد,ar
Zkázonoš,حاملة المصائب,ar
Zlaté vejce,البيضة الذهبية,ar
Zlatý drak,التنين الذهبي,ar
Zlatý hod,الرهان الذهبي,ar
Zlatý monzun,رياح المال الموسمية,ar
Zlodějské rukavice,قفاز اللص,ar
Zlodějíček,الاختلاس,ar
Zmora Licza,عفونة الموتى,ar
Zoe,زوي,ar
Zorn des Kraken,فورة الكراكن,ar
Zoé,زوي,ar
Zrcadlová osobnost,الشخصية المنعكسة,ar
Zručná výroba,التصنيع المتقن,ar
Zrádné upírské žezlo,صولجان مصاصي الدماء الفاسد,ar
Zsivány,مارق,ar
Zsivány embléma,شارة المارق,ar
Zsúfolt elme,الذهن المشوّش,ar
Ztracené konexe,اتصالات فائتة,ar
Zu etwas nütze,نافع لشيء ما,ar
Zu viel Wert,قيمة مزدوجة,ar
Zu welchem Preis,مقابل أي ثمن,ar
Zu zäh,توأم تانك,ar
Zumito de la risa,عصير القبعة,ar
Zusammenarbeit,تشكيل الفريق,ar
Zwillingswächter,الحارسان التوأمان,ar
Zwycięstwo Viktora z Arcane,انتصار فيكتور آركين,ar
Zz'Rot Kapısı,بوابة ززروت,ar
Zz'Rot Portal,بوابة ززروت,ar
Zz'Rot-Portal,بوابة ززروت,ar
Zz'Rot-kapu,بوابة ززروت,ar
Zákeřná monetizace,العوائد الخبيثة,ar
Základ přední řady,تأسيس الخط الأمامي,ar
Záložní luky,الأقواس الاحتياطية,ar
Záporozó könnyek,الدموع المتدفقة,ar
Závěrečný spurt,الفوز الكبير,ar
Zářivý rošťák,الوغد المشع,ar
Zéfiro,النسيم العليل,ar
Zéphyr,النسيم العليل,ar
Zügiger Doppelkill,القتل المزدوج السريع,ar
Ząb Nashora,سن ناشور,ar
Złote Jajo,البيضة الذهبية,ar
Złote Pole Yasuo,خانة ياسو الذهبية,ar
Złote Ryzyko,الرهان الذهبي,ar
Złoty Smok,التنين الذهبي,ar
Złowroga Monetyzacja,العوائد الخبيثة,ar
¡Bonk!,طراخ!,ar
¡Estadísticas a tutiplén!,أطنان من الإحصاءات!,ar
¡Milestadísticas!,أطنان من الإحصاءات!,ar
¡Pum!,طراخ!,ar
¡Sube de nivel!,الترقية!,ar
¡Subes de nivel!,الترقية!,ar
¿A qué precio?,مقابل أي ثمن,ar
¿Hacemos un Muñeco?,التحويل إلى دمية,ar
¿Te Sientes con Suerte?,رمية الحظ,ar
À toute meepesse,عجلة الميب السريعة,ar
Ábrete Camino,شق الدرب,ar
Ác Nữ,سيدة الظلام,ar
Állhatatos szív,القلب الراسخ,ar
Ám Ảnh Của Varus,هوس فاروس,ar
Ánima,أنيما,ar
Áo Choàng Bóng Tối,عباءة الليل,ar
Áo Choàng Bạc,عباءة النيغاترون,ar
Áo Choàng Chiến Thuật,قلنسوة المخطِط,ar
Áo Choàng Diệt Vong,يأسٌ بلا نهاية,ar
Áo Choàng Gai,السترة المدببة,ar
Áo Choàng Lửa,قلنسوة لهب الشمس,ar
Áo Choàng Mờ Ám,المعطف المشبوه,ar
Áo Choàng Thủy Ngân,الزئبق,ar
Áo Choàng Tĩnh Lặng,ستار السكون,ar
Árbitro,قاضي,ar
Árnybáb,دمية الظل,ar
Árvore de Características,شجرة الخواص,ar
Ân Huệ Của Ahri,هبة آري,ar
Ân Huệ Của Aurelion Sol,هبة أوريليون سول,ar
Ân Huệ Của Ekko,هبة إيكو,ar
Ân Huệ Của Evelynn,هبة إيفلين,ar
Ân Huệ Của Kayle,هبة كايل,ar
Ân Huệ Của Soraka,هبة سوراكا,ar
Ân Huệ Của Thresh,هبة ثريش,ar
Ân Huệ Của Varus,هبة فاروس,ar
Ân Huệ Của Yasuo,هبة ياسو,ar
Ân Huệ Tái Sinh,هبة الإنعاش,ar
Ägide der Abenddämmerung,درع الغسق,ar
Ägide der Morgendämmerung,درع الفجر,ar
Çelik İntikam,سيدة الأسلحة,ar
Çelikten Yürek,القلب الفولاذي,ar
Çifte Ödül,الطابور الثنائي,ar
Échos réparateurs,صدى الشفاء,ar
Édes falatok,حلوى لذيذة,ar
Égida del Amanecer,درع الفجر,ar
Égida del Ocaso,درع الغسق,ar
Égida del amanecer,درع الفجر,ar
Égida del anochecer,درع الغسق,ar
Égide da Alvorada,درع الفجر,ar
Égide de l'aube,درع الفجر,ar
Égide do Crepúsculo,درع الغسق,ar
Égide du crépuscule,درع الغسق,ar
Électrocharge,الشحنة الكهربائية,ar
Élharcos,طليعي,ar
Élharcos embléma,شارة الطليعي,ar
Énke,صديق الميب,ar
Énke embléma,شارة صديق الميب,ar
Énkesebesség,عجلة الميب السريعة,ar
Énkike,ميبسي,ar
Época,الحقبة المميزة,ar
Építhető kísérő,بناء مرافق,ar
Éradicateur,المُبيد,ar
Étincelle ionique,الشرارة الأيونية,ar
Éveil de l'âme,صحوة الروح,ar
Éxito Crítico,النجاح الحرج,ar
Éxito crítico,النجاح الحرج,ar
Ídolo Prohibido,التمثال المحرّم,ar
Ídolo Proibido,التمثال المحرّم,ar
Ídolo prohibido,التمثال المحرّم,ar
Îmbrâncire,الاستهلاك ضروري,ar
Îmbrățișare de grup,عناق جماعي,ar
Împrumut avansat,سلفة قرض,ar
În echipă,تشكيل الفريق,ar
Încărcare electrică,الشحنة الكهربائية,ar
Înfățișarea sufletului,وجه الروح,ar
Întețește focul,تغذية ألسنة اللهب,ar
Învingătorii iau totul,مقاتل الجوائز,ar
Învățături timpurii,الدروس المبكرة,ar
Óptica de Fijación de Objetivo,منظار رصد الهدف,ar
Óptica de fijado de objetivos,منظار رصد الهدف,ar
Óriásölő,قاتل العمالقة,ar
Ô Hoàng Kim của Yasuo,خانة ياسو الذهبية,ar
Ôm Tập Thể,عناق جماعي,ar
Ödüllü Müsabaka,مقاتل الجوائز,ar
Ölüm Kılıcı,نصل الموت,ar
Ölümcül Bıçaklar,نصال أشد فتكًا,ar
Öncü,طليعي,ar
Öncü Amblemi,شارة الطليعي,ar
Örök paktum,الميثاق الأزلي,ar
Összetartunk,نتماسك معًا,ar
Összetevőrablás,عملية السطو على المكونات,ar
Össztűz,النيران المركزة,ar
Ösztönző medál,قلادة التنشيط,ar
Övszállítmány,الأحزمة الوفيرة,ar
Özel Yapım,جديد من المصنع,ar
Özellik Ağacı,شجرة الخواص,ar
Özellik Seç,اختر خاصية,ar
Özellikler Kitabı,مجلد الخواص,ar
Újonc,مجند جديد,ar
Újraalkotó,المستبدل العشوائي,ar
Újrahasznosító láda,الاستخلاص المفيد,ar
Újrasorsolás napestig,الاستبدالات الوفيرة,ar
Últimas palabras,الهمسة الأخيرة,ar
Último Suspiro,الهمسة الأخيرة,ar
Último Sussurro,الهمسة الأخيرة,ar
Úsměv štěstěny,رمية الحظ,ar
Úsvit nad Stříbromořím,فجر سيلفرمير,ar
Útočníkův řemdih,هراوة المهاجم,ar
Úvodní poznatky,الدروس المبكرة,ar
Übergroßer Stab,قصبة عريضة بلا داع,ar
Überlebender,الصامد,ar
Übungspuppe,دمية التدريب,ar
Ürességkesztyű,قفاز الفويد,ar
Üçler Ordusu,الفيلق الثلاثي,ar
Üçlük,الثلاثية,ar
Ý Chỉ Xích Chùy,إرادة الصولجان,ar
Ăn Mòn,التآكل,ar
Ăn Trộm,الاختلاس,ar
Čekající kovárna,المصهر الكامن,ar
Čepel smrti,نصل الموت,ar
Červený buff,المحفز الأحمر,ar
Čistá mysl,الذهن الصافي,ar
Částečné vyzdvižení,الارتقاء الجزئي,ar
Đai Khổng Lồ,حزام العملاق,ar
Đam Mê Gậy,القصبات الوفيرة,ar
Đam Mê Kiếm,السيوف الوفيرة,ar
Đam Mê Đai Lưng,الأحزمة الوفيرة,ar
Đao Chớp,النصال الخاطفة,ar
Đao Tím,الموقف الحرج,ar
Đo Ni Đóng Giày,قفاز الحظ,ar
Đá Hắc Hóa,الجوهرة المتلفة,ar
Đánh Là Trúng,حقق مرادك,ar
Đường Ra Trận,طريق الحرب,ar
Được Này Mất Kia,نافع لشيء ما,ar
Đại Bác Liên Thanh,مدفع النار السريع,ar
Đấu Sĩ,مشاجر,ar
Đầu Tư,الاستثمار,ar
Đẩy Nhanh Tiến Độ,الحركة التصاعدية,ar
Đặc Quyền Phú Gia,الملعقة الفضية,ar
Định Mệnh,نساج المصير,ar
Đồng Minh Của Bụt,حليف الوصي,ar
Độc Hành,المنفيون,ar
Đội Hình Tối Ưu,التشكيل الأقصى,ar
Động Cơ Tăng Tốc,مسرِّع الساعة,ar
İdman Eldiveni,قفاز التدريب,ar
İhtiyaç Paketi,حزمة الرعاية,ar
İki Elin Sesi Var,قيمة مزدوجة,ar
İki Kat Güçlendirme,تعزيزٌ هنا وتعزيزٌ هناك,ar
İkinci Şans,النوبة الثانية,ar
İkiz Muhafızlar,الحارسان التوأمان,ar
İleri Görüşlülük,التفكير المتقدم,ar
İleri Safha Gücü,زيادة القوة في نهاية المباراة,ar
İleri Safhalarda Görüşürüz,اختصاصي نهاية المباراة,ar
İlk Öğretiler,الدروس المبكرة,ar
İstilacı Zed,زيد الغازي,ar
İyon Kıvılcımı,الشرارة الأيونية,ar
Ładunek Elektryczny,الشحنة الكهربائية,ar
Łamacze Czasu,كاسر الزمن,ar
Ławka Pandory,دكة بدلاء باندورا,ar
Łubudu!,طراخ!,ar
Łuki Zapasowe,الأقواس الاحتياطية,ar
Łut Szczęścia,رمية الحظ,ar
Łza Bogini,دمعة الزعيمة,ar
Łącze Cybernetyczne,الاتصال الآلي,ar
Łącze Drona,الاتصال بالدرون,ar
Œuf d'or,البيضة الذهبية,ar
Říční krab,ريفت سكاتلر,ar
Ślubowanie Protektora,نذر الحامي,ar
Świetliste Wywyższenie Kayle,تمجيد كايل المشع,ar
Świetlisty Szelma,الوغد المشع,ar
Świeży Wyrób,جديد من المصنع,ar
Świt Srebrzystej,فجر سيلفرمير,ar
Şafak Kalkanı,درع الفجر,ar
Şafağın Özü,جوهر الفجر,ar
Şans Benimle,رمية الحظ,ar
Şanslı Eldiven,قفاز الحظ,ar
Şanslı Hissediyorum,دعوة إلى الفوضى,ar
Şapkat Nektarı,عصير القبعة,ar
Şifalı Küreler,بلورات العلاج,ar
Şifalı Yankılar,صدى الشفاء,ar
Şok Dayanıklı,توأم تانك,ar
Şövalyenin Adağı,عهد الفارس,ar
Šplhání žebříčkem,تسلّق سلم التصنيفات,ar
Štít soumraku,درع الغسق,ar
Štít úsvitu,درع الفجر,ar
Šťáva Cappa,عصير القبعة,ar
Űrzúzda,رقص الفضاء,ar
Űrzúzda embléma,شارة رقص الفضاء,ar
Żelazne Zasoby,الأصول الحديدية,ar
Żywa Kuźnia,المصهر الحي,ar
Żywe Srebro,الزئبق,ar
Železné vybavení,الأصول الحديدية,ar
Živoucí kovárna,المصهر الحي,ar
Žoldnéř,مغير,ar
Žďuch!,طراخ!,ar
Țesător al destinului,نساج المصير,ar
Țintește spre stele,السعي نحو النجوم,ar
Άατροξ,آتروكس,ar
Άνιμα,أنيما,ar
Άξιζε η Αναμονή,الأمر يستحق الانتظار,ar
Έζρεαλ,إزريال,ar
Έμβλημα N.O.V.A.,شارة نوفا,ar
Έμβλημα Άνιμα,شارة أنيما,ar
Έμβλημα Αστρομάντη,شارة المحدق بالنجوم,ar
Έμβλημα Βοσκού,شارة الراعي,ar
Έμβλημα Διεκδικητή,شارة المتحدّي,ar
Έμβλημα Ελεύθερου Σκοπευτή,شارة الرامي,ar
Έμβλημα Εμπροσθοφυλακής,شارة الطليعي,ar
Έμβλημα Καβγατζή,شارة المشاجر,ar
Έμβλημα Κριτή,شارة القاضي,ar
Έμβλημα Μιπ,شارة صديق الميب,ar
Έμβλημα Πριμόρντιαν,شارة برايمورديان,ar
Έμβλημα Σελασπίδας,رمز الدرع الخفيف,ar
Έμβλημα Σκοτεινού Ιππότη,شارة المغير,ar
Έμβλημα Ταξιδευτή,شارة الرحالة,ar
Έμβλημα Χρονοθραύστη,شارة كاسر الزمن,ar
Έμβλημα του Αλήτη,شارة المارق,ar
Έμβλημα του Διαστημικού Ρυθμού,شارة رقص الفضاء,ar
Έμβλημα του Προτειχίσματος,شارة الحصن,ar
Έμβλημα του Σκοτεινού Άστρου,شارة النجم المظلم,ar
Έμβλημα των Σιδηρών Σολάρι,قلادة سولاري الحديدي,ar
Ένα Κομμάτι Ζωή,لمحة من الحياة,ar
"Ένα, Δύο, Πέντε!",واحد، اثنان، خمسة!,ar
"Ένα, Δύο, Τρία",واحد واثنان وثلاثة,ar
Όλεθρος των Απέθαντων,عفونة الموتى,ar
Όρκος του Ιππότη,عهد الفارس,ar
Όρκος του Υπερασπιστή,نذر الحامي,ar
Όψη Πνευμάτων,وجه الروح,ar
Ύποπτη Καπαρντίνα,المعطف المشبوه,ar
Αγωγός,الوسيط,ar
Αδάμαστος,الصنديد,ar
Αιγίδα της Αυγής,درع الفجر,ar
Αιγίδα του Δειλινού,درع الغسق,ar
Αιμοδιψής,المتعطش للدماء,ar
Αιχμή του Απείρου,السيف الأبدي,ar
Αιώνας,الحقبة المميزة,ar
Αιώνια Διαθήκη,الميثاق الأزلي,ar
Ακάλι,أكالي,ar
Ακλόνητη Καρδιά,القلب الراسخ,ar
Αλήτης,مارق,ar
Αμοιβαίο Κεφάλαιο,صندوق التحوط,ar
Ανέλιξη,الحركة التصاعدية,ar
Αναλογική αύξηση προς το τέλος του παιχνιδιού,زيادة القوة في نهاية المباراة,ar
Αναμονή του Απροσδόκητου,مفاجآت الحظ,ar
Ανασυνδυαστής,المستبدل العشوائي,ar
Ανεβαίνοντας στην Κατάταξη,تسلّق سلم التصنيفات,ar
Ανταπόδοση,القصاص,ar
Αντιγραφέας,مستنسخ,ar
Αντικείμενα Πανδώρας,عناصر باندورا,ar
Απέραντη Απόγνωση,يأسٌ بلا نهاية,ar
Απαγορευμένο Είδωλο,التمثال المحرّم,ar
Απατεώνας,السيولة,ar
Απλωμένες Ρίζες,توسع الجذور,ar
Αποθεωτικό Σιδηρουργείο,مصهر التمجيد,ar
Αποκλειστική Προσαρμογή,تخصيص حصري,ar
Απομίμηση,الاستنساخ,ar
Αποφασιστικότητα του Τιτάνα,عزم العملاق,ar
Αρετή του Μάρτυρα,فضيلة الشهيد,ar
Ασημένιο Κουτάλι,الملعقة الفضية,ar
Ασπίδα για Έναν,درع الصدر المنفرد,ar
Ασπίδα του Συμβούλου,درع المخطِط,ar
Αστρικός Συνδυασμός,متوالية نجمية,ar
Αστρομάντης,المحدق بالنجوم,ar
Ατσάλινοι Πόροι,الأصول الحديدية,ar
Αυγή στο Σίλβερμιρ,فجر سيلفرمير,ar
Αυτοσχέδια Πανοπλία,الدروع المؤقتة,ar
Αφύπνιση Ψυχής,صحوة الروح,ar
Βάρα και Σκάσε,حقق مرادك,ar
Βάρδος,بارد,ar
Βέιγκαρ,فيغار,ar
Βίκτορ,فيكتور,ar
Βίκτορ της Απόκρυφης Γνώσης,انتصار فيكتور آركين,ar
Βαρύ Τίμημα,مقابل أي ثمن,ar
Βελτιστοποίηση,اللعب الأمثل,ar
Βεξ,فيكس,ar
Βιονικά Εμφυτεύματα,الشرائح الآلية,ar
Βιονική Ζεύξη,الاتصال الآلي,ar
Βοσκός,راعي,ar
Βρες Το Κέντρο Σου,اعثر على مركزك,ar
Γ.Μ.Τ. Σπαθί,السيف الهائل,ar
Γάντι του Κενού,قفاز الفويد,ar
Γάντια Μονομαχίας,قفاز التدريب,ar
Γάντια του Κλέφτη,قفاز اللص,ar
Γάντια του Φούρναρη,القفازات,ar
Γαλαξιακός Κυνηγός,صياد المجرة,ar
Γαριδρομέας,ريفت سكاتلر,ar
Γιαταγάνι Φαντασμάτων,السيف الطيفي,ar
Γκναρ,غنار,ar
Γκουέν,غوين,ar
Γκράγκας,غراغاس,ar
Γκρέιβς,غرايفز,ar
Γκόλεμ,غولم,ar
Γνωσιακή Υπερφόρτιση,الحمل المعرفي الزائد,ar
Γνωσιακό Κόστος,الضريبة المعرفية,ar
Γρήγορη Διπλή Εξόντωση,القتل المزدوج السريع,ar
Γρήγορη Εκκίνηση,دفعة أولية,ar
Δάκρυ της Θεάς,دمعة الزعيمة,ar
Δάνειο για προχωρημένους,سلفة قرض,ar
Δίδυμοι Φύλακες,الحارسان التوأمان,ar
Δεν Υποχωρούμε,حماية الخطوط,ar
Δεσμευτική Στρατηγική,الالتزام الصارم,ar
Διάβρωση,التآكل,ar
Διάταξη,تشكيل الصفوف,ar
Διαδρομή Πολέμου,طريق الحرب,ar
Διαστημικός Ρυθμός,رقص الفضاء,ar
Διεκδικητής,متحدي,ar
Διεφθαρμένο Βαμπιρικό Σκήπτρο,صولجان مصاصي الدماء الفاسد,ar
Διοικήτρια Άνιμα,قائد أنيما,ar
Διοικητής,القائدة,ar
Διπλή Αξία,قيمة مزدوجة,ar
Δοκίμασε Την Τύχη Σου,رمية الحظ,ar
Δόντι του Νάσορ,سن ناشور,ar
Δόρυ του Σοτζίν,رمح شوجين,ar
Δύο Ντούκια,توأم تانك,ar
Δώρο Γενεθλίων,هدية عيد الميلاد,ar
Δώσε,الاستهلاك ضروري,ar
Εδραιωμένη Εμπροσθοφυλακή,تأسيس الخط الأمامي,ar
Εδώ οι Καλές Ενισχύσεις,تعزيزٌ هنا وتعزيزٌ هناك,ar
Εδώ το Παραδάκι,جوع المال,ar
Ειδικός Τελικών Σταδίων Παιχνιδιού,اختصاصي نهاية المباراة,ar
Εισβολέας Ζεντ,زيد الغازي,ar
Εκπαίδευση Σωματοφύλακα,تدريب الحارس الشخصي,ar
Εκπτώσεις-φωτιά,تخفيضات نارية,ar
Εκρηκτική Ανάπτυξη,النمو المتفجر,ar
Εκστρατεία,الحملة الاستكشافية,ar
Ελαφρώς Μαγική Ζαριά,الرمية السحرية المخفّفة,ar
Ελεύθερος Σκοπευτής,رامي,ar
Εμπορικός Πυρήνας,جوهر التجارة,ar
Εμπορικός Τομέας,قطاع التجارة,ar
Εμπροσθοφυλακή,طليعي,ar
Ενισχυμένη Ισχύς,قوة محسَّنة,ar
Εξολοθρευτής,المُبيد,ar
Εξόριστοι,المنفيون,ar
Εξύψωση,الارتقاء,ar
Επέκταση,التوسع,ar
Επένδυση,الاستثمار,ar
Επίχρυσο Ατσάλι,الفولاذ المذهب,ar
Επαγγελματίας Δολοφόνος,القاتل المأجور,ar
Επαγγελματίας Μαχητής,مقاتل الجوائز,ar
Επανεκκίνηση Αποστολής,إعادة المهمة,ar
Επιζών,الصامد,ar
Επικίνδυνες Κινήσεις,الحركات الخطرة,ar
Επικό Μπαρμπούτι,استبدالٌ ملحمي,ar
Επιλέξτε Χαρακτηριστικό,اختر خاصية,ar
Επόμενη Πίστα!,الترقية!,ar
Εστιασμένο Πυρ,النيران المركزة,ar
Ευελιξία,المرن,ar
Ευλογία Ανάστασης,هبة الإنعاش,ar
Ευλογία του Νταή,هبة تجميع الخردة,ar
Ευπροσάρμοστο Κράνος,الخوذة المتكيفة,ar
Εφεδρικά Τόξα,الأقواس الاحتياطية,ar
Ζάια,زايا,ar
Ζέφυρος,النسيم العليل,ar
Ζεντ,زيد,ar
Ζεύξη με Ντρόουν,الاتصال بالدرون,ar
Ζοφερός Κήρυκας του Ζέκε,نذير زيكي الكئيب,ar
Ζωντανή Πυρά,المصهر الحي,ar
Ζόη,زوي,ar
Ζώνη του Γίγαντα,حزام العملاق,ar
Η Έξαρση της Κέιλ,تمجيد كايل,ar
Η Ακτινοβόλος Έξαρση της Κέιλ,تمجيد كايل المشع,ar
Η Αύρα της Άρι,هالة آري,ar
Η Εμμονή του Βάρους,هوس فاروس,ar
Η Μεγάλη Έκρηξη,الانفجار العظيم,ar
Η Ξιφασκία του Υασούο,مهارة مبارزة ياسو,ar
Η Υπομονή Είναι Αρετή,الصبر فضيلة,ar
Η Υπομονή του Έκκο,صبر إيكو,ar
Η Ψυχή του Πάρτι,محترف الحفلات,ar
Η ομάδα πάνω απ' όλα,تشكيل الفريق,ar
Ηλεκτροφόρτιση,الشحنة الكهربائية,ar
Ημιαγωγός,شبه الناقل,ar
Ηρωικός Σάκος Δώρων,كيس الهدايا البطولي,ar
Θέατρο Σκιών,دمية الظل,ar
Θέληση του Ροπάλου,إرادة الصولجان,ar
Θαμμένοι Θησαυροί,الكنوز المدفونة,ar
Θανάσιμα Καπέλα,قبعات أشد فتكًا,ar
Θεά των Όπλων,سيدة الأسلحة,ar
Θεϊκή Ευλογία,مباركة السماء,ar
Θεϊκός Μονομάχος,المبارزة السامية,ar
Θυσία Αίματος,قربان الدم,ar
Θώρακας Κισσού,السترة المدببة,ar
Ιαματικός Αντίλαλος,صدى الشفاء,ar
Ιλλαόη,إيلاوي,ar
Ιστορική Ανατροπή,حكاية العودة,ar
Ιόνιος Σπίθα,الشرارة الأيونية,ar
Κάδος με Παλιοσίδερα,الاستخلاص المفيد,ar
Κάι'Σα,كايسا,ar
Κάλεσμα στο Χάος,دعوة إلى الفوضى,ar
Κάπα του Συμβούλου,قلنسوة المخطِط,ar
Κάρμα,كارما,ar
Κάτι Κάνω και Εγώ,نافع لشيء ما,ar
Κέιτλιν,كايتلين,ar
Κήρυκας του Ζέκε,نذير زيكي,ar
Κίντρεντ,كيندريد,ar
Καβγατζής,مشاجر,ar
Καθαρό Μυαλό,الذهن الصافي,ar
Κακόβουλα Έσοδα,العوائد الخبيثة,ar
Καλά Φιλαράκια,أفضل الأصدقاء,ar
Κανόνι από Γυαλί,مدفع من زجاج,ar
Καπέλο του Ράμπαντον,قبعة موت رابادون,ar
Καρδιά από Ατσάλι,القلب الفولاذي,ar
Καταιγίδα του Λούντεν,عاصفة لودن,ar
Καταναλωτική Μανία,فورة تسوق,ar
Καταραμένη Λεπίδα,النصل الملعون,ar
Καταραμένο Πετράδι,الجوهرة المتلفة,ar
Καταραμένο Στέμμα,التاج الملعون,ar
Καταστροφέας,حاملة المصائب,ar
Κατοπτρισμένη Προσωπικότητα,الشخصية المنعكسة,ar
Κατώτερη Κατοπτρισμένη Προσωπικότητα,الشخصية المنعكسة المصغّرة,ar
Καχουναχούνα,كاهوناهونا,ar
Κολοσσιαία Ύδρα,الهيدرا العملاقة,ar
Κοσμική Επανεκκίνηση,البداية الكونية الجديدة,ar
Κουζίνα του Συμβούλου,مطبخ المخطِط,ar
Κουκλοποίηση,التحويل إلى دمية,ar
Κούκλα Εκπαίδευσης,دمية التدريب,ar
Κούκλες Δοκιμής Σύγκρουσης,دمى اختبار التحطم,ar
Κρίσιμη Επιτυχία,النجاح الحرج,ar
Κριτής,قاضي,ar
Κρυφό Εργαστήριο,المصهر الكامن,ar
Κυνήγι Θησαυρού,صيد الكنوز,ar
Κυρτό Τόξο,القوس المنحني,ar
Κόκκινη Ενίσχυση,المحفز الأحمر,ar
Κόπανος Εφόδου,هراوة المهاجم,ar
Κόρκι,كوركي,ar
Κύπελλο της Δύναμης,كأس القوة,ar
ΛεΜπλάν,لوبلانك,ar
Λεγεώνα των Τριών,الفيلق الثلاثي,ar
Λειτουργία Αγωγού,وضع الوسيط,ar
Λειτουργία Αντιγραφέα,وضع المستنسِخة,ar
Λειτουργία Διεκδικητή,وضع المتحدية,ar
Λελογισμένη Ήττα,الخسارة المحسوبة,ar
Λεπίδα Θανάτου,نصل الموت,ar
Λεπίδα της Νύχτας,عباءة الليل,ar
Λεόνα,ليونا,ar
Ληστεία Συστατικών,عملية السطو على المكونات,ar
Λισάντρα,ليساندرا,ar
Λογαριασμός Ταμιευτηρίου,حساب الادخار,ar
Λούλου,لولو,ar
Λυτρωτής,المخلّص,ar
Μάζωξη γενεθλίων,لم شمل عيد الميلاد,ar
Μάντης,عراف,ar
Μάστερ Γι,ماستر يي,ar
Μέγιστο Build,التشكيل الأقصى,ar
Μένουμε Ενωμένοι,نتماسك معًا,ar
Μίλιο,ميليو,ar
Μίνι Μαύρη Τρύπα,الثقب الأسود الصغير,ar
Μαγική Ζαριά,الرمية السحرية,ar
Μαγικό Υφαντό,السحر المحبوك,ar
Μαγοτεχνικό Σπαθοπίστολο,سكين سلاح الهيكستيك,ar
Μαζί Ενωμένοι,في الاتحاد قوة,ar
Μαζί στο Φως των Προβολέων του Υασούο,مشاركة تألق ياسو,ar
Μαθήματα Πυγμαχίας,دروس الملاكمة,ar
Μανδύας Εξουδετέρωσης,عباءة النيغاترون,ar
Μανδύας του Ήλιου,قلنسوة لهب الشمس,ar
Μαοκάι,ماوكاي,ar
Μεγάλοι Και Τρανοί,العملاق القوي,ar
Μερική Εξύψωση,الارتقاء الجزئي,ar
Μεταφορά Φορτίου,نقل الشحنة,ar
Μια Ένδοξη Περιπέτεια,المغامرة الفخمة,ar
Μικροί Στο Μάτι,الصغير الفتاك,ar
Μικροσκοπικοί Τιτάνες,العمالقة الصغار,ar
Μικρούληδες Φίλοι,الرفاق الصغار,ar
Μικρός Σάκος Δώρων,كيس هدايا صغير,ar
Μιπ,صديق الميب,ar
Μιπίδιο,ميبسي,ar
Μις Φόρτσουν,ميس فورتشن,ar
Μοργκάνα,مورغانا,ar
Μορελονομικόν,موريلونوميكون,ar
Μορντεκάιζερ,مورديكايزر,ar
Μπελ'Βεθ,بيلفيث,ar
Μπλίτζκρανκ,بليتزكرانك,ar
Μπλε Ενίσχυση,محفز أزرق,ar
Μπονκ!,طراخ!,ar
Μπράιαρ,براير,ar
Νάμι,نامي,ar
Νάσους,ناسوس,ar
Νεοσύλλεκτος,مجند جديد,ar
Νούνου και Γουίλαμπ,نونو وويلامب,ar
Ντιάνα,ديانا,ar
Ντόρτια,أربعة تكسب ترقية,ar
Νύχι του Δράκου,مخلب التنين,ar
Νύχια του Λωποδύτη,مخلب المتصيد,ar
Ο Δολοφόνος που δεν Κάνει Διακρίσεις,قاتل لا يميز بين ضحاياه,ar
Ο Πάγκος της Πανδώρας,دكة بدلاء باندورا,ar
Ο Πρωταγωνιστής δεν Πεθαίνει,دروع البطل,ar
Ο Πύργος,البرج,ar
Ο Χρυσός Δράκος,التنين الذهبي,ar
Ο πιο Μικροσκοπικός Τιτάνας,أصغر عملاق,ar
"ΟΧΙ ΠΑΡΑΚΟΛΟΥΘ., ΟΧΙ ΑΛΛΑΓΕΣ",لا تغيير ولا استطلاع,ar
Οι Απροσάρμοστοι,الأشقياء,ar
"Οικονόμος, όχι Τσιγκούνης",الإنفاق الحكيم,ar
Ολοκαίνουργιο,جديد من المصنع,ar
Ομαδική Αγκαλιά,عناق جماعي,ar
Οπτικά Συστήματα Στόχευσης,منظار رصد الهدف,ar
Οργή του Κράκεν,فورة الكراكن,ar
Οργανικό Εμφύτευμα,شريحة التعاطف,ar
Οργισμένο Σπαθί του Γκουίνσου,نصل غضب غينسو,ar
Ορν,أورن,ar
Ουρά Αναμονής Για Δύο,الطابور الثنائي,ar
Ούργκοτ,أورغوت,ar
Πάικ,بايك,ar
Πάνθεον,بانثيون,ar
Πέπλο Δειλινού,الدرع الساتر,ar
Πέπλο της Σιωπής,ستار السكون,ar
Πέτρινη Πανοπλία του Γκαργκόιλ,درع صدر مرزاب الحجري,ar
Πακέτο Ενίσχυσης,حزمة الدعم,ar
Πακέτο Φροντίδας,حزمة الرعاية,ar
Πανοπλία του Γόρμογκ,درع وارموغ,ar
Παρανοϊκό Ξίφος,الموقف الحرج,ar
Παρασιτική Ζωτικότητα,حيوية مصاص الدماء,ar
Παρενέργειες,التأثيرات الجانبية,ar
Περίσσευμα Ζωνών,الأحزمة الوفيرة,ar
Περίσσευμα Ραβδιών,القصبات الوفيرة,ar
Περίσσευμα Σπαθιών,السيوف الوفيرة,ar
Περίτεχνη Δημιουργία,التصنيع المتقن,ar
Περικάρπιο του Ερευνητή,واقي ذراع المطارد,ar
Περιττά Τεράστια Ράβδος,قصبة عريضة بلا داع,ar
Περπάτα στα Κάρβουνα,تغذية ألسنة اللهب,ar
Πετραδένιο Γάντι,القفاز المرصع بالجواهر,ar
Πετραδένιος Λωτός,اللوتس المرصع,ar
Πηγαίνοντας Μακριά,الاستثمار طويل الأجل,ar
Πιο Θανάσιμες Λεπίδες,نصال أشد فتكًا,ar
Πλέγμα Κακόβουλου Λογισμικού,مصفوفة البرمجيات الخبيثة,ar
Πνεύμα Λύτρωσης,روح الافتداء,ar
Πολλά Στατιστικά!,أطنان من الإحصاءات!,ar
Πολλές Ανανεώσεις,الاستبدالات الوفيرة,ar
Πολυκαιρισμένο Κειμήλιο,التحفة الذابلة,ar
Πολυτελής Συνδρομή,الاشتراك الفخم,ar
Πολύπλευρο Κέρδος,الفوز الكبير,ar
Πριμόρντιαν,برايمورديان,ar
Πρισματικό Εισιτήριο,تذكرة موشورية,ar
Προνοητική Σκέψη,التفكير المتقدم,ar
Προστασία από Άπειρο,حماية اللانهاية,ar
Προτείχισμα,حصن,ar
Προτείχισμα,متراس,ar
Πρόκληση του Στέρακ,قفاز ستيراك,ar
Πρώιμες Διδαχές,الدروس المبكرة,ar
Πόπι,بوبي,ar
Πύλη Ζζ'Ροτ,بوابة ززروت,ar
Ράαστ,راست,ar
Ράβδος του Κενού,صولجان الفويد,ar
Ράβδος των Σεραφίμ,عصا سيرافيم,ar
Ράμους,راموس,ar
Ρίβεν,ريفين,ar
Ραβδί Αρχάγγελου,عصا كبير الحُماة,ar
Ρεκ'Σάι,ريكساي,ar
Σάκος Δώρων,كيس هدايا العناصر,ar
Σάκος Δώρων του Ουρφ,كيس هدايا أورف,ar
Σάκος Μεγάλου Κάβουρα,كيس هدايا كبير,ar
Σαμίρα,سميرة,ar
Σεν,شين,ar
Σιδερόπλεκτο Γιλέκο,السترة المسلسلة,ar
Σκοτεινή Κυρία,سيدة الظلام,ar
Σκοτεινό Άστρο,النجم المظلم,ar
Σκοτεινός Ιππότης,مغير,ar
Σκοτισμένο Μυαλό,الذهن المشوّش,ar
Σμιλεμένο με Δύναμη,مصنوعٌ من القوة,ar
Σοκολατάκια,حلوى لذيذة,ar
Σούφρωμα,الاختلاس,ar
Σπάτουλα,ملعقة مسطحة,ar
Στέμμα του Συμβούλου,تاج المخطِط,ar
Στεμματοφύλακας,حامي التاج,ar
Στιλέτο Στατικού Ηλεκτρισμού,السيف الصاعق,ar
Στόχος μας τα Άστρα,السعي نحو النجوم,ar
Συγκέντρωση Δυνάμεων,النوبة الثانية,ar
Συγκέντρωση Ορίζοντα,تركيز الأفق,ar
Συμμορία,عصابة اللصوص,ar
Συμμορία II,عصابة اللصوص II,ar
Συνδρομητική Υπηρεσία,خدمة الاشتراك,ar
Συνεχής Επίκληση,استحضار السحر المستمر,ar
Συντήρηση Βιοΰλης,حافظ المادة الحيوية,ar
Σφαίρες Θεραπείας,بلورات العلاج,ar
Σχέδιο Οπισθοφυλακής,خطة عمل الخط الخلفي,ar
Σόλο Άνοδος Επιπέδου,ترقية فردية,ar
Σόνα,سونا,ar
Σύμμαχος του Οδοιπόρου,حليف الوصي,ar
Σύσφιξη Δεσμών,بناء الفريق,ar
Τάλον,تالون,ar
Τίμο,تيمو,ar
Τα Δάκρυα Κύλησαν,الدموع المتدفقة,ar
Ταμ Κεντς,تام كينش,ar
Ταμπλό του Ήλιου,لوح لهيب الشمس,ar
Ταξιδευτής,رحالة,ar
Τελευταίος Ψίθυρος,الهمسة الأخيرة,ar
Τερμιπική Ταχύτητα,عجلة الميب السريعة,ar
Τεχνίτης Ραβδιών,صانع القصبات,ar
Τεχνίτης Σπαθιών,صانع السيوف,ar
Τζαξ,جاكس,ar
Τζιν,جين,ar
Τζινξ,جينكس,ar
Τηγάνι,مقلاة,ar
Τιμή σε Αίμα,ثمن الدم,ar
Τιμή του Πολέμαρχου,شرف أمير الحرب,ar
Το Ένστικτο της Έβελιν,غريزة إيفلين,ar
Το Δέντρο των Χαρακτηριστικών,شجرة الخواص,ar
Το Δώρο της Άρι,هبة آري,ar
Το Δώρο της Έβελιν,هبة إيفلين,ar
Το Δώρο της Κέιλ,هبة كايل,ar
Το Δώρο της Σοράκα,هبة سوراكا,ar
Το Δώρο του Έκκο,هبة إيكو,ar
Το Δώρο του Βάρους,هبة فاروس,ar
Το Δώρο του Θρες,هبة ثريش,ar
Το Δώρο του Υασούο,هبة ياسو,ar
Το Δώρο του Ωρέλιον Σολ,هبة أوريليون سول,ar
Το Θαύμα της Σοράκα,معجزة سوراكا,ar
Το Λημέρι του Βαρόνου,وكر البارون,ar
Το Μέγεθος Μετράει,الحجم مهم,ar
Το Πανίσχυρο Mech,الميكا الجبار,ar
Το Στέμμα Είναι Βαρύ,عبء التاج ثقيل,ar
Το Τέχνασμα του Ουρφ,مناورة أورف,ar
Το Τεσσάρι το Καλό,الأربعة تربح,ar
Το Τόξο μου στη Διάθεσή σου,قوسي في خدمتك,ar
Το Φανάρι του Θρες,فانوس ثريش,ar
Το Χαρντκόρε Της Αυγής,جوهر الفجر,ar
Το Χρυσό Αυγό,البيضة الذهبية,ar
Τονωτικό Μενταγιόν,قلادة التنشيط,ar
Τουίστεντ Φέιτ,تويستد فايت,ar
Τρίδυμο,الثلاثية,ar
Τρεμολεπίδες,النصال الخاطفة,ar
Τσεκούρι της Κόλασης,فأس نيران الجحيم,ar
Τσο'Γκαθ,تشوغاث,ar
Τυχερά Γάντια,قفاز الحظ,ar
Τόμος Χαρακτηριστικών,مجلد الخواص,ar
"Τώρα Κλαις, Γιατί Κλαις",بكاء بلا جدوى,ar
Τώρα Που Έχω Ρέντα,محظوظ,ar
ΥΠΕΡΤΑΧYΤΑΤΟ ΠΥΡ,U.R.F,ar
Υδράργυρος,الزئبق,ar
Υπέρλαμπρος Κατεργάρης,الوغد المشع,ar
Υπομονετική Μελέτη,الدراسة الصابرة,ar
Υφάντρα της Μοίρας,نساج المصير,ar
Υψηλή Τάση,الكهرباء القوية,ar
Φαρμάρισμα Αύρας,حصاد الهالة,ar
Φιζ,فيز,ar
Φιόρα,فيورا,ar
Φλεγόμενο Ολμοβόλο,مدفع النار السريع,ar
Φολιδωτή Ουσία,جوهر الحراشف اللامعة,ar
Φονέας Γιγάντων,قاتل العمالقة,ar
Φορητό Εργαστήριο,المصهر المحمول,ar
Φτιάξε Έναν Φίλο,صناعة صديق,ar
Φτιάξε τον Δικό σου Φίλο,بناء البطل,ar
Φτιάξτε έναν σύντροφο,بناء مرافق,ar
Φυλαχτό της Εξύψωσης,تميمة الارتقاء,ar
Χάλκινη για Πάντα,البرونزي حتى النهاية,ar
Χέρι της Δικαιοσύνης,يد العدالة,ar
Χαμένες Συνδέσεις,اتصالات فائتة,ar
Χαράξτε Μονοπάτι,شق الدرب,ar
Χαρτζιλίκι,مصروف الغداء,ar
Χρηματοθύελλα,رياح المال الموسمية,ar
Χρονοθραύστης,كاسر الزمن,ar
Χρυσό Εξάγωνο του Υασούο,خانة ياسو الذهبية,ar
Χρυσό Ποντάρισμα,الرهان الذهبي,ar
Χυμός Κάπα,عصير القبعة,ar
Ψαροκόκκαλο,فيشبونز,ar
Ψυχογενές Έμβλημα,شارة القوى الذهنية,ar
Ψυχογενής,قوى ذهنية,ar
Ωρέλιον Σολ,أوريليون سول,ar
Ωρολογιακός Επιταχυντής,مسرِّع الساعة,ar
Ωρόρα,أورورا,ar
Авангард,طليعي,ar
Аврора,أورورا,ar
Агрессивная монетизация,العوائد الخبيثة,ar
Адаптивный шлем,الخوذة المتكيفة,ar
Акали,أكالي,ar
Арбитр,قاضي,ar
Арена солнечного пламени,لوح لهيب الشمس,ar
Атрокс,آتروكس,ar
Аугментированная сила,قوة محسَّنة,ar
Аура Ари,هالة آري,ar
Аурелион Сол,أوريليون سول,ar
Бард,بارد,ar
Башня,البرج,ar
Бел'Вет,بيلفيث,ar
Бесконечное отчаяние,يأسٌ بلا نهاية,ar
Благословлен.,مباركة السماء,ar
Близость удачи,رمية الحظ,ar
Блицкранк,بليتزكرانك,ar
Божественный дуэлянт,المبارزة السامية,ar
Более смертельные шляпы,قبعات أشد فتكًا,ar
Больше – лучше,الحجم مهم,ar
Большой взрыв,الانفجار العظيم,ar
Большой мешок с сюрпризом,كيس هدايا كبير,ar
Боньк!,طراخ!,ar
Брайер,براير,ar
Бронза навек,البرونزي حتى النهاية,ar
Бунтари,الأشقياء,ar
Буря Людена,عاصفة لودن,ar
Бустер,حزمة الدعم,ar
В лучах славы (Ясуо),مشاركة تألق ياسو,ar
В ударе,محظوظ,ar
Варежки,القفازات,ar
Вверх по головам,تسلّق سلم التصنيفات,ar
Вейгар,فيغار,ar
Векс,فيكس,ar
Вербовка,مجند جديد,ar
Верное сердце,القلب الراسخ,ar
Вестник Зика,نذير زيكي,ar
Вестник рока,حاملة المصائب,ar
Вечерний покров,الدرع الساتر,ar
Вечное обновление,الاستبدالات الوفيرة,ar
Вечный договор,الميثاق الأزلي,ar
Взрывной рост,النمو المتفجر,ar
Виктор,فيكتور,ar
Возвышение Кейл,تمجيد كايل,ar
Возмездие,القصاص,ar
Вознесение,الارتقاء,ar
Волевая победа,حكاية العودة,ar
Воля булавы,إرادة الصولجان,ar
Воровская шайка,عصابة اللصوص,ar
Воровская шайка II,عصابة اللصوص II,ar
Восстанавливающий медальон,قلادة التنشيط,ar
Вредоносная матрица,مصفوفة البرمجيات الخبيثة,ar
Вредоносный самоцвет,الجوهرة المتلفة,ar
Второе дыхание,النوبة الثانية,ar
Выбор особенности,اختر خاصية,ar
Выбор сделан,لا تغيير ولا استطلاع,ar
Выгодное предложение,الإنفاق الحكيم,ar
Выживший,الصامد,ar
Высокая ценность,قيمة مزدوجة,ar
Высокое напряжение,الكهرباء القوية,ar
Галактика грува,رقص الفضاء,ar
Гамбит Урфа,مناورة أورف,ar
Гвен,غوين,ar
Герб Лайтшилдов,رمز الدرع الخفيف,ar
Геройский мешок с сюрпризом,كيس الهدايا البطولي,ar
Гибкость,المرن,ar
Гнар,غنار,ar
Голем,غولم,ar
Головокружение,الذهن المشوّش,ar
Головорез,مارق,ar
Горнило испытаний,مصنوعٌ من القوة,ar
Грабеж,الاختلاس,ar
Грагас,غراغاس,ar
Грань Бесконечности,السيف الأبدي,ar
Грань ночи,عباءة الليل,ar
Грейвз,غرايفز,ar
Гроза Личей,عفونة الموتى,ar
Гроза галактики,سيدة الأسلحة,ar
Групповые обнимашки,عناق جماعي,ar
Гуляка,محترف الحفلات,ar
Да пребудет с вами сила четверки,الأربعة تربح,ar
Дальновидность,التفكير المتقدم,ar
Дар Ари,هبة آري,ar
Дар Аурелиона Сола,هبة أوريليون سول,ar
Дар Варуса,هبة فاروس,ar
Дар Кейл,هبة كايل,ar
Дар Сораки,هبة سوراكا,ar
Дар Треша,هبة ثريش,ar
Дар Эвелинн,هبة إيفلين,ar
Дар Экко,هبة إيكو,ar
Дар Ясуо,هبة ياسو,ar
Дар возрождения,هبة الإنعاش,ar
Дар ремесленника,هبة تجميع الخردة,ar
Два стража,الحارسان التوأمان,ar
Двойная защита,توأم تانك,ar
Дебошир,مشاجر,ar
Дерево особенностей,شجرة الخواص,ar
Держать строй!,حماية الخطوط,ar
Держимся вместе,نتماسك معًا,ar
Джакс,جاكس,ar
Джин,جين,ar
Джинкс,جينكس,ar
Диана,ديانا,ar
Добродетель мученика,فضيلة الشهيد,ar
Доспех Вармога,درع وارموغ,ar
Драгоценная перчатка,القفاز المرصع بالجواهر,ar
Драгоценный лотос,اللوتس المرصع,ar
Дух искупления,روح الافتداء,ar
Жажда золота,جوع المال,ar
Железный аргумент,الأصول الحديدية,ar
Живая кузница,المصهر الحي,ar
Живучесть вампира,حيوية مصاص الدماء,ar
Жулик,السيولة,ar
Задира,متحدي,ar
Закопанные сокровища,الكنوز المدفونة,ar
Западный ветер,النسيم العليل,ar
Запасные луки,الأقواس الاحتياطية,ar
Запретный идол,التمثال المحرّم,ar
Заточка Статикка,السيف الصاعق,ar
Защита вечности,حماية اللانهاية,ar
Звездная комбинация,متوالية نجمية,ar
Звездочет,المحدق بالنجوم,ar
Звериный отряд,أنيما,ar
Зед,زيد,ar
Зеркальное отражение,الشخصية المنعكسة,ar
Златоносная сущность,جوهر الحراشف اللامعة,ar
Зов хаоса,دعوة إلى الفوضى,ar
Зои,زوي,ar
Золотая ячейка Ясуо,خانة ياسو الذهبية,ar
Золотое яйцо,البيضة الذهبية,ar
Золотой дракон,التنين الذهبي,ar
Золотой риск,الرهان الذهبي,ar
Золотой ураган,رياح المال الموسمية,ar
Зуб Нашора,سن ناشور,ar
Игра в команде,تشكيل الفريق,ar
Игра в паре,الطابور الثنائي,ar
Игра вдолгую,الاستثمار طويل الأجل,ar
Избиение,الاستهلاك ضروري,ar
Изгнание,المنفيون,ar
Изогнутый лук,القوس المنحني,ar
Иллаой,إيلاوي,ar
Инвестиции,الاستثمار,ar
Инстинкты Эвелинн,غريزة إيفلين,ar
Ионийская искра,الشرارة الأيونية,ar
Искупитель,المخلّص,ar
Искусное искусство,التصنيع المتقن,ar
Испытание Стерака,قفاز ستيراك,ar
Иссушенная реликвия,التحفة الذابلة,ar
Истребитель,المُبيد,ar
Кай'Са,كايسا,ar
Какой ценой?,مقابل أي ثمن,ar
Каменный доспех гаргульи,درع صدر مرزاب الحجري,ar
Карма,كارما,ar
Карманные деньги,مصروف الغداء,ar
Карьерный рост,الحركة التصاعدية,ar
Кахунахуна,كاهوناهونا,ar
Кейтлин,كايتلين,ar
Киберимпланты,الشرائح الآلية,ar
Киберподдержка,الاتصال الآلي,ar
Киндред,كيندريد,ar
Клинок смерти,نصل الموت,ar
Клинок ярости Гинсу,نصل غضب غينسو,ar
Клятва защитника,نذر الحامي,ar
Клятва рыцаря,عهد الفارس,ar
Книга особенностей,مجلد الخواص,ar
Когнитивная нагрузка,الضريبة المعرفية,ar
Когнитивная перегрузка,الحمل المعرفي الزائد,ar
Коготь дракона,مخلب التنين,ar
Коготь охотника,مخلب المتصيد,ar
Кольчуга,السترة المسلسلة,ar
Командир,القائدة,ar
Командир Звериного отряда,قائد أنيما,ar
Конструктор,بناء البطل,ar
Копье Седзина,رمح شوجين,ar
Корки,كوركي,ar
Королевский венец,حامي التاج,ar
Корона тактика,تاج المخطِط,ar
Коррозия,التآكل,ar
Космическое обновление,البداية الكونية الجديدة,ar
Кража компонентов,عملية السطو على المكونات,ar
Красное усиление,المحفز الأحمر,ar
Критический успех,النجاح الحرج,ar
Кровавая цена,ثمن الدم,ar
Кровавое подношение,قربان الدم,ar
Кровопийца,المتعطش للدماء,ar
Крошки-великаны,العمالقة الصغار,ar
Крупный займ,سلفة قرض,ar
Кузница апофеоза,مصهر التمجيد,ar
Кусочек жизни,لمحة من الحياة,ar
Кухня тактика,مطبخ المخطِط,ar
Ле Блан,لوبلانك,ar
Легион троек,الفيلق الثلاثي,ar
Леденящий Вестник Зика,نذير زيكي الكئيب,ar
Леона,ليونا,ar
Летающие ножи,النصال الخاطفة,ar
Лиссандра,ليساندرا,ar
Логово Барона,وكر البارون,ar
Лопатка,ملعقة مسطحة,ar
Лулу,لولو,ar
Лучезарное возвышение Кейл,تمجيد كايل المشع,ar
Лучезарный плут,الوغد المشع,ar
Лучшая сборка,التشكيل الأقصى,ar
Лучшие друзья,أفضل الأصدقاء,ar
Магические кости,الرمية السحرية,ar
"Мал, да удал",الصغير الفتاك,ar
Малая черная дыра,الثقب الأسود الصغير,ar
Маленькие друзья,الرفاق الصغار,ar
Малое Зеркальное отражение,الشخصية المنعكسة المصغّرة,ar
Манекенофикация,التحويل إلى دمية,ar
Манекены для краш-тестов,دمى اختبار التحطم,ar
Мантия тактика,قلنسوة المخطِط,ar
Маокай,ماوكاي,ar
Мародер,مغير,ar
Мастер Йи,ماستر يي,ar
Мастер мечей,صانع السيوف,ar
Мастер посохов,صانع القصبات,ar
Мастерство Ясуо,مهارة مبارزة ياسو,ar
Медальон Железных Солари,قلادة سولاري الحديدي,ar
Мешок предметов,كيس هدايا العناصر,ar
Мешок с сюрпризом Урфа,كيس هدايا أورف,ar
Милио,ميليو,ar
Минмаксинг,اللعب الأمثل,ar
Мипер,صديق الميب,ar
Мипоритка,ميبسي,ar
Мисс Фортуна,ميس فورتشن,ar
Могучие исполины,العملاق القوي,ar
Моргана,مورغانا,ar
Мордекайзер,مورديكايزر,ar
Мореллономикон,موريلونوميكون,ar
Мощь на позднем этапе,زيادة القوة في نهاية المباراة,ar
Н.О.В.А.,نوفا,ar
Набор ауры,حصاد الهالة,ar
Наемный убийца,القاتل المأجور,ar
Накидка солнечного пламени,قلنسوة لهب الشمس,ar
Накопитель биомассы,حافظ المادة الحيوية,ar
Накопительный вклад,حساب الادخار,ar
Нами,نامي,ar
Наручи Искательницы,واقي ذراع المطارد,ar
Настоящий триумф,الفوز الكبير,ar
Насус,ناسوس,ar
Небольшой мешок с сюрпризом,كيس هدايا صغير,ar
Непрерывное колдовство,استحضار السحر المستمر,ar
Несокрушимый,حصن,ar
Нет на месте,التغيب عن اللعب,ar
Неукротимость,الصنديد,ar
Нечестивый Вампирский скипетр,صولجان مصاصي الدماء الفاسد,ar
Новинка,جديد من المصنع,ar
Новый уровень!,الترقية!,ar
Номер один,اتصالات فائتة,ar
Нуну и Виллумп,نونو وويلامب,ar
Облачение духов,وجه الروح,ar
Обновление с капелькой магии,الرمية السحرية المخفّفة,ar
Одержимость Варуса,هوس فاروس,ar
Один доспех,درع الصدر المنفرد,ar
"Один, два, три",واحد واثنان وثلاثة,ar
"Одно усиление, два усиления",تعزيزٌ هنا وتعزيزٌ هناك,ar
Ожидаемая неожиданность,مفاجآت الحظ,ar
Оплот,متراس,ar
Оплот передней линии,تأسيس الخط الأمامي,ar
Оправданное ожидание,الأمر يستحق الانتظار,ar
Оптика с захватом цели,منظار رصد الهدف,ar
Оракул,عراف,ar
Орн,أورن,ar
Охота за сокровищами,صيد الكنوز,ar
Охотник Галактики,صياد المجرة,ar
Пайк,بايك,ar
Пантеон,بانثيون,ar
Пастух,راعي,ar
Перезапуск миссии,إعادة المهمة,ar
Переизбыток жезлов,القصبات الوفيرة,ar
Переизбыток мечей,السيوف الوفيرة,ar
Переизбыток поясов,الأحزمة الوفيرة,ar
Перенос заряда,نقل الشحنة,ar
Переносная кузница,المصهر المحمول,ar
Переработка отходов,الاستخلاص المفيد,ar
Перчатка Бездны,قفاز الفويد,ar
Перчатки вора,قفاز اللص,ar
Плетение магии,السحر المحبوك,ar
Плечом к плечу,في الاتحاد قوة,ar
Победа Виктора из ''Аркейна'',انتصار فيكتور آركين,ar
Побочные эффекты,التأثيرات الجانبية,ar
Поглощающий плащ,عباءة النيغاترون,ar
Подарок на день рождения,هدية عيد الميلاد,ar
Подготовка телохранителя,تدريب الحارس الشخصي,ar
Поднятие уровня в одиночку,ترقية فردية,ar
Подозрительный плащ,المعطف المشبوه,ar
Подписка,خدمة الاشتراك,ar
Позолоченная сталь,الفولاذ المذهب,ar
Покров тишины,ستار السكون,ar
Покупки,فورة تسوق,ar
Полупроводник,شبه الناقل,ar
Поппи,بوبي,ar
Портал Зз'Рота,بوابة ززروت,ar
Посох Бездны,صولجان الفويد,ar
Посох архангела,عصا كبير الحُماة,ar
Посох серафима,عصا سيرافيم,ar
Построение,تشكيل الصفوف,ar
Посылка,حزمة الرعاية,ar
Пояс великана,حزام العملاق,ar
Празднование юбилея,لم شمل عيد الميلاد,ar
Предметы Пандоры,عناصر باندورا,ar
Предсмертный шепот,الهمسة الأخيرة,ar
Приз победителю,مقاتل الجوائز,ar
Призматический билет,تذكرة موشورية,ar
Призрачная сабля,السيف الطيفي,ar
Прицельная стрельба,النيران المركزة,ar
Пришелец Зед,زيد الغازي,ar
Пробуждение души,صحوة الروح,ar
Проводник,الوسيط,ar
Прокладывание пути,شق الدرب,ar
Проклятая корона,التاج الملعون,ar
Проклятый клинок,النصل الملعون,ar
Псионик,قوى ذهنية,ar
Пугливый краб,ريفت سكاتلر,ar
Путь к вершине,المغامرة الفخمة,ar
Путь к звездам,السعي نحو النجوم,ar
Рааст,راست,ar
"Раз, два, пять!",واحد، اثنان، خمسة!,ar
Разрушитель времени,كاسر الزمن,ar
Раммус,راموس,ar
Ранние уроки,الدروس المبكرة,ar
Распаленное пламя,تغذية ألسنة اللهب,ar
Расползающиеся корни,توسع الجذور,ar
Распродажа,تخفيضات نارية,ar
Расширение дела,التوسع,ar
Режим задиры,وضع المتحدية,ar
Режим проводника,وضع الوسيط,ar
Режим репликатора,وضع المستنسِخة,ar
Рек'Сай,ريكساي,ar
Рекомбинатор,المستبدل العشوائي,ar
Реликт,برايمورديان,ar
Репликатор,مستنسخ,ar
Репликация,الاستنساخ,ar
Решимость титана,عزم العملاق,ar
Ривен,ريفين,ar
Рискованный ход,الحركات الخطرة,ar
Робот,ميكا,ar
Роскошная подписка,الاشتراك الفخم,ar
Рука правосудия,يد العدالة,ar
С места в карьер,دفعة أولية,ar
С тобой мой лук,قوسي في خدمتك,ar
Самира,سميرة,ar
Самодельный доспех,الدروع المؤقتة,ar
Самый Лучший Меч,السيف الهائل,ar
Самый крошечный великан,أصغر عملاق,ar
Самый могучий робот,الميكا الجبار,ar
Свежая поставка,حقق مرادك,ar
Сверхмипная скорость,عجلة الميب السريعة,ar
Связь с дроном,الاتصال بالدرون,ar
Серебряная ложка,الملعقة الفضية,ar
Сильвермирская заря,فجر سيلفرمير,ar
Симпатический имплант,شريحة التعاطف,ar
Синее усиление,محفز أزرق,ar
Скамейка Пандоры,دكة بدلاء باندورا,ar
Скелетница,فيشبونز,ar
Сковородка,مقلاة,ar
Скорострельная пушка,مدفع النار السريع,ar
Сладкие угощения,حلوى لذيذة,ar
Слеза богини,دمعة الزعيمة,ar
Слезы рекой,بكاء بلا جدوى,ar
Слишком Большой Жезл,قصبة عريضة بلا داع,ar
Смертельная шляпа Рабадона,قبعة موت رابادون,ar
Смертоносные клинки,نصال أشد فتكًا,ar
Смерть Разума,الموقف الحرج,ar
Снайпер,رامي,ar
Создание друга,صناعة صديق,ar
Создание спутника,بناء مرافق,ar
Сона,سونا,ar
Союзник,حليف الوصي,ar
Специалист по поздним этапам,اختصاصي نهاية المباراة,ar
Спящая кузница,المصهر الكامن,ar
Стальное сердце,القلب الفولاذي,ar
Статическое электричество,الشحنة الكهربائية,ar
Стеклянная пушка,مدفع من زجاج,ar
Странник,رحالة,ar
Страховой фонд,صندوق التحوط,ar
Стремительное двойное убийство,القتل المزدوج السريع,ar
Стремительное серебро,الزئبق,ar
Струящиеся слезы,الدموع المتدفقة,ar
Суть коммерции,جوهر التجارة,ar
Сфера лечения,بلورات العلاج,ar
Счастливые перчатки,قفاز الحظ,ar
Сюжетная защита,دروع البطل,ar
Таам Кенч,تام كينش,ar
Талисман вознесения,تميمة الارتقاء,ar
Талон,تالون,ar
Твистед Фэйт,تويستد فايت,ar
Темная звезда,النجم المظلم,ar
Темная леди,سيدة الظلام,ar
Теневая марионетка,دمية الظل,ar
Терновый жилет,السترة المدببة,ar
Терпеливый ученик,الدراسة الصابرة,ar
Терпение,الصبر فضيلة,ar
Терпение Экко,صبر إيكو,ar
Тимбилдинг,بناء الفريق,ar
Тимо,تيمو,ar
Титаническая гидра,الهيدرا العملاقة,ar
Ткач судьбы,نساج المصير,ar
Тонны показателей!,أطنان من الإحصاءات!,ar
Топор адского пламени,فأس نيران الجحيم,ar
Торговый сектор,قطاع التجارة,ar
Тренировочные перчатки,قفاز التدريب,ar
Тренировочный манекен,دمية التدريب,ar
Триада,الثلاثية,ar
Тропа войны,طريق الحرب,ar
Тяжел венец,عبء التاج ثقيل,ar
У.Р.Ф.,U.R.F,ar
Убийство без разбора,قاتل لا يميز بين ضحاياه,ar
Убийца великанов,قاتل العمالقة,ar
Ургот,أورغوت,ar
Уроки бокса,دروس الملاكمة,ar
Физз,فيز,ar
Фиора,فيورا,ar
Фонарь Треша,فانوس ثريش,ar
Хекстековый прицел,تركيز الأفق,ar
Хекстековый штык,سكين سلاح الهيكستيك,ar
Хитрая тактика,الخسارة المحسوبة,ar
Хоть какая-то польза,نافع لشيء ما,ar
Целеустремленность,الالتزام الصارم,ar
Центр внимания,اعثر على مركزك,ar
Цеп вышибалы,هراوة المهاجم,ar
Часовой механизм,مسرِّع الساعة,ar
Частичное вознесение,الارتقاء الجزئي,ar
Чаша силы,كأس القوة,ar
Чертеж для задней линии,خطة عمل الخط الخلفي,ar
Честь полководца,شرف أمير الحرب,ar
Четырехкратное усиление,أربعة تكسب ترقية,ar
Чо'Гат,تشوغاث,ar
Чудо Сораки,معجزة سوراكا,ar
Шапучий напиток,عصير القبعة,ar
Шая,زايا,ar
Шен,شين,ar
Щит тактика,درع المخطِط,ar
Эгида рассвета,درع الفجر,ar
Эгида сумерек,درع الغسق,ar
Эзреаль,إزريال,ar
Эксклюзивная кастомизация,تخصيص حصري,ar
Экспедиция,الحملة الاستكشافية,ar
Эмблема Галактики грува,شارة رقص الفضاء,ar
Эмблема Звериного отряда,شارة أنيما,ar
Эмблема Н.О.В.А.,شارة نوفا,ar
Эмблема Темной звезды,شارة النجم المظلم,ar
Эмблема авангарда,شارة الطليعي,ar
Эмблема арбитра,شارة القاضي,ar
Эмблема головореза,شارة المارق,ar
Эмблема дебошира,شارة المشاجر,ar
Эмблема задиры,شارة المتحدّي,ar
Эмблема звездочета,شارة المحدق بالنجوم,ar
Эмблема мародера,شارة المغير,ar
Эмблема мипера,شارة صديق الميب,ar
Эмблема несокрушимого,شارة الحصن,ar
Эмблема пастуха,شارة الراعي,ar
Эмблема псионика,شارة القوى الذهنية,ar
Эмблема разрушителя времени,شارة كاسر الزمن,ar
Эмблема реликта,شارة برايمورديان,ar
Эмблема снайпера,شارة الرامي,ar
Эмблема странника,شارة الرحالة,ar
Эпические обновления,استبدالٌ ملحمي,ar
Эпоха,الحقبة المميزة,ar
Эхо восстановления,صدى الشفاء,ar
Ядро рассвета,جوهر الفجر,ar
Ярость кракена,فورة الكراكن,ar
Ясный ум,الذهن الصافي,ar
เลือกคุณสมบัติ,اختر خاصية,ar
Ấn Bắn Tỉa,شارة الرامي,ar
Ấn Can Trường,شارة الحصن,ar
Ấn Chiêm Tinh,شارة المحدق بالنجوم,ar
Ấn Du Mục,شارة الراعي,ar
Ấn Hành Tinh,شارة رقص الفضاء,ar
Ấn Hắc Tinh,شارة النجم المظلم,ar
Ấn N.O.V.A.,شارة نوفا,ar
Ấn Siêu Linh,شارة القوى الذهنية,ar
Ấn Siêu Thú,شارة أنيما,ar
Ấn Thách Đấu,شارة المتحدّي,ar
Ấn Thần Phán,شارة القاضي,ar
Ấn Thời Không,شارة كاسر الزمن,ar
Ấn Tinh Linh Chuông,شارة صديق الميب,ar
Ấn Tiên Phong,شارة الطليعي,ar
Ấn Toán Cướp,شارة المغير,ar
Ấn Tộc Thượng Cổ,شارة برايمورديان,ar
Ấn Viễn Chinh,شارة الرحالة,ar
Ấn Vô Pháp,شارة المارق,ar
Ấn Đấu Sĩ,شارة المشاجر,ar
「三」之軍團,الفيلق الثلاثي,ar
いつでも一緒,نتماسك معًا,ar
お得な2,قيمة مزدوجة,ar
ここがセンター,اعثر على مركزك,ar
ちょっとだけ魔法のダイス,الرمية السحرية المخفّفة,ar
はしごを登れ,تسلّق سلم التصنيفات,ar
へら,ملعقة مسطحة,ar
みんなでハグ,عناق جماعي,ar
もっと小さな巨人,أصغر عملاق,ar
もっと怖いキャップ,قبعات أشد فتكًا,ar
アイオニック スパーク,الشرارة الأيونية,ar
アイテム福袋,كيس هدايا العناصر,ar
アカリ,أكالي,ar
アセンション,الارتقاء,ar
アダプティブ ヘルム,الخوذة المتكيفة,ar
アニマ,أنيما,ar
アニマの紋章,شارة أنيما,ar
アニマ司令官,قائد أنيما,ar
アークエンジェル スタッフ,عصا كبير الحُماة,ar
アーゴット,أورغوت,ar
アービター,قاضي,ar
アービターの紋章,شارة القاضي,ar
アーフの福袋,كيس هدايا أورف,ar
アーフの策略,مناورة أورف,ar
アーリのオーラ,هالة آري,ar
アーリの恩恵,هبة آري,ar
イブリンの恩恵,هبة إيفلين,ar
イブリンの直感,غريزة إيفلين,ar
イラオイ,إيلاوي,ar
インフィニティ エッジ,السيف الأبدي,ar
インフィニティの守護,حماية اللانهاية,ar
イーブンシュラウド,الدرع الساتر,ar
ウィッツ エンド,الموقف الحرج,ar
ウォーロードの名誉,شرف أمير الحرب,ar
エイトロックス,آتروكس,ar
エクスペディション,الحملة الاستكشافية,ar
エグザイル,المنفيون,ar
エコーの忍耐,صبر إيكو,ar
エコーの恩恵,هبة إيكو,ar
エズリアル,إزريال,ar
エピックなロールダウン,استبدالٌ ملحمي,ar
エポック,الحقبة المميزة,ar
オレリオン・ソル,أوريليون سول,ar
オレリオン・ソルの恩恵,هبة أوريليون سول,ar
オーグメントパワー,قوة محسَّنة,ar
オーラ育成中,حصاد الهالة,ar
オーロラ,أورورا,ar
オーン,أورن,ar
カイ＝サ,كايسا,ar
カナとカネ,الأصول الحديدية,ar
カフナフナ,كاهوناهونا,ar
カルマ,كارما,ar
カースドのクラウン,التاج الملعون,ar
ガーゴイル ストーンプレート,درع صدر مرزاب الحجري,ar
キックスタート,دفعة أولية,ar
キンドレッド,كيندريد,ar
ギャラクシー ハンター,صياد المجرة,ar
クイックシルバー,الزئبق,ar
クラウンガード,حامي التاج,ar
クラーケンの怒り,فورة الكراكن,ar
クリティカル サクセス,النجاح الحرج,ar
グインソー レイジブレード,نصل غضب غينسو,ar
グウェン,غوين,ar
グラガス,غراغاس,ar
グラスキャノン,مدفع من زجاج,ar
グレイブス,غرايفز,ar
ケイトリン,كايتلين,ar
ケイルの天昇,تمجيد كايل,ar
ケイルの恩恵,هبة كايل,ar
ケイルの暁光の天昇,تمجيد كايل المشع,ar
コグニティブ オーバーロード,الحمل المعرفي الزائد,ar
コグニティブ タックス,الضريبة المعرفية,ar
コマンダー,القائدة,ar
コマース コア,جوهر التجارة,ar
コンジット,الوسيط,ar
コンジットモード,وضع الوسيط,ar
コンパニオン作成,بناء مرافق,ar
コーキ,كوركي,ar
ゴーレム,غولم,ar
サイオニック,قوى ذهنية,ar
サイオニックの紋章,شارة القوى الذهنية,ar
サイズが大事,الحجم مهم,ar
サイバネティック アップリンク,الاتصال الآلي,ar
サイバネティック インプラント,الشرائح الآلية,ar
サバイバー,الصامد,ar
サブスクリプション,خدمة الاشتراك,ar
サミーラ,سميرة,ar
サンファイア ケープ,قلنسوة لهب الشمس,ar
サンファイア ボード,لوح لهيب الشمس,ar
ザヤ,زايا,ar
ザ・タワー,البرج,ar
シェン,شين,ar
シマースケールのエッセンス,جوهر الحراشف اللامعة,ar
ショウジンの矛,رمح شوجين,ar
シルバーミアの夜明け,فجر سيلفرمير,ar
シーカー アームガード,واقي ذراع المطارد,ar
ジャイアント スレイヤー,قاتل العمالقة,ar
ジャイアント ベルト,حزام العملاق,ar
ジャイアント&マイティ,العملاق القوي,ar
ジャストヒット,حقق مرادك,ar
ジャックス,جاكس,ar
ジュエル ガントレット,القفاز المرصع بالجواهر,ar
ジュエル ロータス,اللوتس المرصع,ar
ジン,جين,ar
ジンクス,جينكس,ar
ジークの使者,نذير زيكي,ar
ジ＝ロット ポータル,بوابة ززروت,ar
スクラッパーの恩恵,هبة تجميع الخردة,ar
スタティック シヴ,السيف الصاعق,ar
ステラコンボ,متوالية نجمية,ar
ステラックの篭手,قفاز ستيراك,ar
ステータスマシマシ,أطنان من الإحصاءات!,ar
ストライカー フレイル,هراوة المهاجم,ar
スナイパー,رامي,ar
スナイパーの紋章,شارة الرامي,ar
スパーリング グローブ,قفاز التدريب,ar
スピリット ビサージュ,وجه الروح,ar
スペクトラル カトラス,السيف الطيفي,ar
スペースグルーヴ,رقص الفضاء,ar
スペースグルーヴの紋章,شارة رقص الفضاء,ar
スレッシュのランタン,فانوس ثريش,ar
スレッシュの恩恵,هبة ثريش,ar
セラフィムの杖,عصا سيرافيم,ar
ゼド,زيد,ar
ゼファー,النسيم العليل,ar
ソウルの目覚め,صحوة الروح,ar
ソナ,سونا,ar
ソラカの奇跡,معجزة سوراكا,ar
ソラカの恩恵,هبة سوراكا,ar
ソラリのロケット,قلادة سولاري الحديدي,ar
ソード オーバーフロー,السيوف الوفيرة,ar
ゾーイ,زوي,ar
タイタン ハイドラ,الهيدرا العملاقة,ar
タイムブレーカー,كاسر الزمن,ar
タイムブレーカーの紋章,شارة كاسر الزمن,ar
タクティシャンのケープ,قلنسوة المخطِط,ar
タクティシャンの台所,مطبخ المخطِط,ar
タクティシャンの王冠,تاج المخطِط,ar
タクティシャンの盾,درع المخطِط,ar
タム・ケンチ,تام كينش,ar
タロン,تالون,ar
ターゲットロック スコープ,منظار رصد الهدف,ar
ターミィプナル ヴェロシティー,عجلة الميب السريعة,ar
ダイアナ,ديانا,ar
ダミー,دمية التدريب,ar
ダミー化,التحويل إلى دمية,ar
ダークスター,النجم المظلم,ar
ダークスターの紋章,شارة النجم المظلم,ar
チェイン ベスト,السترة المسلسلة,ar
チャレンジャー,متحدي,ar
チャレンジャーの紋章,شارة المتحدّي,ar
チャレンジャーモード,وضع المتحدية,ar
チャージトランスファー,نقل الشحنة,ar
チョ＝ガス,تشوغاث,ar
チーム構築,بناء الفريق,ar
ツイてる気分,رمية الحظ,ar
ツイステッド・フェイト,تويستد فايت,ar
ツインガーディアン,الحارسان التوأمان,ar
ティーモ,تيمو,ar
デスブレード,نصل الموت,ar
デッドリアー ブレード,نصال أشد فتكًا,ar
デュオキュー,الطابور الثنائي,ar
トライフェクタ,الثلاثية,ar
トレードセクター,قطاع التجارة,ar
ドゥーマー,حاملة المصائب,ar
ドラゴン クロウ,مخلب التنين,ar
ドローン アップリンク,الاتصال بالدرون,ar
ドーンコア,جوهر الفجر,ar
ナイト エッジ,عباءة الليل,ar
ナサス,ناسوس,ar
ナッシャー トゥース,سن ناشور,ar
ナミ,نامي,ar
ナー,غنار,ar
ヌヌ & ウィルンプ,نونو وويلامب,ar
ネガトロン クローク,عباءة النيغاترون,ar
ハスラー,السيولة,ar
ハンド オブ ジャスティス,يد العدالة,ar
バイオ物質保存装置,حافظ المادة الحيوية,ar
バスティオン,حصن,ar
バスティオンの紋章,شارة الحصن,ar
バフが1つ、バフが2つ,تعزيزٌ هنا وتعزيزٌ هناك,ar
バロンの巣,وكر البارون,ar
バースデー リユニオン,لم شمل عيد الميلاد,ar
バースデープレゼント,هدية عيد الميلاد,ar
バード,بارد,ar
パイク,بايك,ar
パンテオン,بانثيون,ar
パンドラのアイテム,عناصر باندورا,ar
パンドラのベンチ,دكة بدلاء باندورا,ar
パーティーアニマル,محترف الحفلات,ar
ヒーリングオーブ,بلورات العلاج,ar
ビクター,فيكتور,ar
ビッグバン,الانفجار العظيم,ar
ファイアセール,تخفيضات نارية,ar
ファクトリー ニュー,جديد من المصنع,ar
フィオラ,فيورا,ar
フィズ,فيز,ar
フィッシュボーン,فيشبونز,ar
フェイトウィーバー,نساج المصير,ar
フォビドゥン アイドル,التمثال المحرّم,ar
フォーが共にあらんことを,الأربعة تربح,ar
フライパン,مقلاة,ar
フリッカーブレード,النصال الخاطفة,ar
ブライアー,براير,ar
ブラッドサースター,المتعطش للدماء,ar
ブランブル ベスト,السترة المدببة,ar
ブリッツクランク,بليتزكرانك,ar
ブルワーク,متراس,ar
ブルーバフ,محفز أزرق,ar
ブローラー,مشاجر,ar
ブローラーの紋章,شارة المشاجر,ar
ブースターパック,حزمة الدعم,ar
プライモーディアン,برايمورديان,ar
プライモーディアンの紋章,شارة برايمورديان,ar
プリズムチケット,تذكرة موشورية,ar
プロの殺し屋,القاتل المأجور,ar
プロテクターの誓い,نذر الحامي,ar
プロボクサー,مقاتل الجوائز,ar
プローラー クロウ,مخلب المتصيد,ar
ヘクステック ガンブレード,سكين سلاح الهيكستيك,ar
ヘッジファンド,صندوق التحوط,ar
ベイガー,فيغار,ar
ベストフレンド,أفضل الأصدقاء,ar
ベルト オーバーフロー,الأحزمة الوفيرة,ar
ベル＝ヴェス,بيلفيث,ar
ホライゾン フォーカス,تركيز الأفق,ar
ボイジャー,رحالة,ar
ボイジャーの紋章,شارة الرحالة,ar
ボカッ！,طراخ!,ar
ボクシングのレッスン,دروس الملاكمة,ar
ボディーガードの訓練,تدريب الحارس الشخصي,ar
ポッピー,بوبي,ar
ポータブル フォージ,المصهر المحمول,ar
マイティーロボ,الميكا الجبار,ar
マオカイ,ماوكاي,ar
マスター・イー,ماستر يي,ar
マックスビルド,التشكيل الأقصى,ar
マルウェア マトリックス,مصفوفة البرمجيات الخبيثة,ar
マーターズ ヴァーチュ,فضيلة الشهيد,ar
ミィプシー,ميبسي,ar
ミィプル,صديق الميب,ar
ミィプルの紋章,شارة صديق الميب,ar
ミスコネクション,اتصالات فائتة,ar
ミス・フォーチュン,ميس فورتشن,ar
ミッションの再開,إعادة المهمة,ar
ミトン,القفازات,ar
ミニブラックホール,الثقب الأسود الصغير,ar
ミニマックス,اللعب الأمثل,ar
ミリオ,ميليو,ar
ムダニ デカイ ロッド,قصبة عريضة بلا داع,ar
メイスの決意,إرادة الصولجان,ar
メカ,ميكا,ar
モルガナ,مورغانا,ar
モルデカイザー,مورديكايزر,ar
モレロノミコン,موريلونوميكون,ar
ヤスオのゴールドのマス,خانة ياسو الذهبية,ar
ヤスオのスポットライトをシェア,مشاركة تألق ياسو,ar
ヤスオのブレードワーク,مهارة مبارزة ياسو,ar
ヤスオの恩恵,هبة ياسو,ar
ライトシールドのクレスト,رمز الدرع الخفيف,ar
ラインナップ,تشكيل الصفوف,ar
ラスト ウィスパー,الهمسة الأخيرة,ar
ラッキーグローブ,قفاز الحظ,ar
ラバドン デスキャップ,قبعة موت رابادون,ar
ラピッド ファイアキャノン,مدفع النار السريع,ar
ラムス,راموس,ar
ラースト,راست,ar
リカーブ ボウ,القوس المنحني,ar
リサンドラ,ليساندرا,ar
リッチ ベイン,عفونة الموتى,ar
リデンプションの魂,روح الافتداء,ar
リフトスカトル,ريفت سكاتلر,ar
リヴェン,ريفين,ar
ルブラン,لوبلانك,ar
ルル,لولو,ar
ルーデン テンペスト,عاصفة لودن,ar
レイトゲーム スケーリング,زيادة القوة في نهاية المباراة,ar
レイトゲーム スペシャリスト,اختصاصي نهاية المباراة,ar
レオナ,ليونا,ar
レク＝サイ,ريكساي,ar
レッドバフ,المحفز الأحمر,ar
レプリケーター,مستنسخ,ar
レプリケーターモード,وضع المستنسِخة,ar
レベルアップ！,الترقية!,ar
ローグ,مارق,ar
ローグの紋章,شارة المارق,ar
ローリングデイズ,الاستبدالات الوفيرة,ar
ワン、ツー、ファイブ！,واحد، اثنان، خمسة!,ar
ワンド オーバーフロー,القصبات الوفيرة,ar
ワーモグ アーマー,درع وارموغ,ar
ヴァルスの執念,هوس فاروس,ar
ヴァルスの恩恵,هبة فاروس,ar
ヴァンガード,طليعي,ar
ヴァンガードの紋章,شارة الطليعي,ar
ヴェックス,فيكس,ar
ヴォイド ガントレット,قفاز الفويد,ar
ヴォイド スタッフ,صولجان الفويد,ar
一 二 三,واحد واثنان وثلاثة,ar
一、二、五！,واحد، اثنان، خمسة!,ar
一个增益，两个增益,تعزيزٌ هنا وتعزيزٌ هناك,ar
一二三,واحد واثنان وثلاثة,ar
一人前プレート,درع الصدر المنفرد,ar
一個Buff，兩個Buff,تعزيزٌ هنا وتعزيزٌ هناك,ar
一击即中,حقق مرادك,ar
一棒入魂！,طراخ!,ar
一波带走俩,القتل المزدوج السريع,ar
一生挚友,أفضل الأصدقاء,ar
一生摯友,أفضل الأصدقاء,ar
一着险棋,الحركات الخطرة,ar
一致団結,في الاتحاد قوة,ar
一致団結,تشكيل الفريق,ar
一點點重抽魔法,الرمية السحرية المخفّفة,ar
一，二，三,واحد واثنان وثلاثة,ar
一，二，五！,واحد، اثنان، خمسة!,ar
七彩棱镜入场券,تذكرة موشورية,ar
三幻神,الفيلق الثلاثي,ar
三相庇护,حماية اللانهاية,ar
三费军团,الفيلق الثلاثي,ar
三連勝I,الثلاثية,ar
三重奏,الثلاثية,ar
三项赛,الثلاثية,ar
上方移動,الحركة التصاعدية,ar
上进心,الحركة التصاعدية,ar
不侦察，不变阵,لا تغيير ولا استطلاع,ar
不偵察不換陣容,لا تغيير ولا استطلاع,ar
不完全アセンション,الارتقاء الجزئي,ar
不完全飛昇,الارتقاء الجزئي,ar
不屈,الصنديد,ar
不屈鬥魂,الصنديد,ar
不惜代價,مقابل أي ثمن,ar
不滅の協定,الميثاق الأزلي,ar
不破金鋼,الفولاذ المذهب,ar
不计代价,مقابل أي ثمن,ar
不適合者,الأشقياء,ar
专属定制,تخصيص حصري,ar
专打后期,اختصاصي نهاية المباراة,ar
专注火焰,النيران المركزة,ar
两倍价值,قيمة مزدوجة,ar
並肩作戰,في الاتحاد قوة,ar
中堅自強,اعثر على مركزك,ar
临时战甲,الدروع المؤقتة,ar
主人公補正,دروع البطل,ar
主角威能,دروع البطل,ar
丽桑卓,ليساندرا,ar
丽珊卓,ليساندرا,ar
乌尔加特,أورغوت,ar
乐芙兰,لوبلانك,ar
乱れる思考,الذهن المشوّش,ar
亚托克斯,آتروكس,ar
亚索的共享聚光灯,مشاركة تألق ياسو,ar
亚索的剑艺,مهارة مبارزة ياسو,ar
亚索的恩赐,هبة ياسو,ar
亚索的黄金格,خانة ياسو الذهبية,ar
交易之星,قطاع التجارة,ar
人多好辦事,تشكيل الفريق,ar
人生切片,لمحة من الحياة,ar
仕送り,حزمة الرعاية,ar
仙灵斗士,المبارزة السامية,ar
代价是什么,مقابل أي ثمن,ar
代償,مقابل أي ثمن,ar
仲裁者,قاضي,ar
仲裁者徽章,شارة القاضي,ar
仲間を作ろう,بناء البطل,ar
仿生上行链,الاتصال الآلي,ar
仿生植入物,الشرائح الآلية,ar
伊泽瑞尔,إزريال,ar
伊澤瑞爾,إزريال,ar
伊罗旖,إيلاوي,ar
伊羅旖,إيلاوي,ar
伊芙琳的增益,هبة إيفلين,ar
伊芙琳的恩赐,هبة إيفلين,ar
伊芙琳的本能,غريزة إيفلين,ar
伊芙琳的祝福,هبة إيفلين,ar
休眠锻炉,المصهر الكامن,ar
伸手摘星,السعي نحو النجوم,ar
伸手摘群星,السعي نحو النجوم,ar
低调炫耀,حصاد الهالة,ar
佐伊,زوي,ar
侵略者ゼド,زيد الغازي,ar
便携锻炉,المصهر المحمول,ar
俄洛伊,إيلاوي,ar
保卫者之誓,نذر الحامي,ar
保衛者之誓,نذر الحامي,ar
保鑣訓練,تدريب الحارس الشخصي,ar
保镖训练,تدريب الحارس الشخصي,ar
修复型回响,صدى الشفاء,ar
俺だけレベルアップ,ترقية فردية,ar
值得等待,الأمر يستحق الانتظار,ar
假人化,التحويل إلى دمية,ar
做多,الاستثمار طويل الأجل,ar
偵察なし、変更なし,لا تغيير ولا استطلاع,ar
備用弓箭,الأقواس الاحتياطية,ar
储蓄账户,حساب الادخار,ar
價值爆棚,قيمة مزدوجة,ar
儲蓄帳戶,حساب الادخار,ar
充能转移,نقل الشحنة,ar
先知,عراف,ar
先見性,التفكير المتقدم,ar
先鋒戰士,طليعي,ar
先鋒戰士徽章,شارة الطليعي,ar
先锋战士,طليعي,ar
先锋战士徽章,شارة الطليعي,ar
光明无赖,الوغد المشع,ar
光盾之紋,رمز الدرع الخفيف,ar
光盾之纹,رمز الدرع الخفيف,ar
光盾徽章,رمز الدرع الخفيف,ar
入侵者 劫,زيد الغازي,ar
全力以赴,الالتزام الصارم,ar
全新出厂,جديد من المصنع,ar
全身全霊,الالتزام الصارم,ar
共感インプラント,شريحة التعاطف,ar
共感植入,شريحة التعاطف,ar
关,غوين,ar
关爱包裹,حزمة الرعاية,ar
兹若特传送门,بوابة ززروت,ar
内瑟斯,ناسوس,ar
再起の呪印,هبة الإنعاش,ar
再造神兵,جديد من المصنع,ar
冒险举动,الحركات الخطرة,ar
冕卫,حامي التاج,ar
军工1号,جديد من المصنع,ar
冲击火炮,مدفع النار السريع,ar
冲榜战士,تسلّق سلم التصنيفات,ar
冷酷なるジークの使者,نذير زيكي الكئيب,ar
凋零的遗物,التحفة الذابلة,ar
凋零聖物,التحفة الذابلة,ar
凯尔的光明崇拜,تمجيد كايل المشع,ar
凯尔的升腾,تمجيد كايل,ar
凯尔的圣光升腾,تمجيد كايل المشع,ar
凯尔的增益,هبة كايل,ar
凯尔的崇拜,تمجيد كايل,ar
凯尔的恩赐,هبة كايل,ar
凯特琳,كايتلين,ar
凯莎,كايسا,ar
凱爾的祝福,هبة كايل,ar
凱爾的聖光讚頌,تمجيد كايل المشع,ar
凱爾的讚頌,تمجيد كايل,ar
凱特琳,كايتلين,ar
凱莎,كايسا,ar
出身豪门,الملعقة الفضية,ar
出陣,طريق الحرب,ar
刀劍湧流,السيوف الوفيرة,ar
刃馬合一,طريق الحرب,ar
刃马合一,طريق الحرب,ar
列队,تشكيل الصفوف,ar
初級鏡像人格,الشخصية المنعكسة المصغّرة,ar
利落保镖,تدريب الحارس الشخصي,ar
别再错过,اتصالات فائتة,ar
刹雅,زايا,ar
刺藤胸甲,السترة المدببة,ar
刻苦钻研,الدراسة الصابرة,ar
前借り,سلفة قرض,ar
前排地基,تأسيس الخط الأمامي,ar
前瞻思维,التفكير المتقدم,ar
前線基礎,تأسيس الخط الأمامي,ar
前線維持,حماية الخطوط,ar
前线地基,تأسيس الخط الأمامي,ar
前衛の礎,تأسيس الخط الأمامي,ar
剎雅,زايا,ar
剑之工匠,صانع السيوف,ar
剣鍛冶,صانع السيوف,ar
副作用,التأثيرات الجانبية,ar
劍匠,صانع السيوف,ar
力に鍛えられしもの,مصنوعٌ من القوة,ar
力の聖杯,كأس القوة,ar
力炼之躯,مصنوعٌ من القوة,ar
力量圣杯,كأس القوة,ar
力量聖杯,كأس القوة,ar
力量鍛造,مصنوعٌ من القوة,ar
加速開始,دفعة أولية,ar
劣化版鏡像のペルソナ,الشخصية المنعكسة المصغّرة,ar
努努和威朗普,نونو وويلامب,ar
劫,زيد,ar
劫掠者,مغير,ar
劫掠者徽章,شارة المغير,ar
勒哈斯特,راست,ar
勒布朗,لوبلانك,ar
勝ち抜け,الفوز الكبير,ar
千珏,كيندريد,ar
升华护符,تميمة الارتقاء,ar
升星之运,محظوظ,ar
升級！,الترقية!,ar
升级咯！,الترقية!,ar
升级！,الترقية!,ar
午餐錢,مصروف الغداء,ar
午餐钱,مصروف الغداء,ar
半导体,شبه الناقل,ar
半导体装置,شبه الناقل,ar
半導体,شبه الناقل,ar
半導體,شبه الناقل,ar
卑尔维斯,بيلفيث,ar
单身板甲,درع الصدر المنفرد,ar
博弈开启,دفعة أولية,ar
占星師,المحدق بالنجوم,ar
占星師徽章,شارة المحدق بالنجوم,ar
卡尔玛,كارما,ar
卡帕果汁,عصير القبعة,ar
卡玛,كارما,ar
卡瑪,كارما,ar
卡胡纳胡纳,كاهوناهونا,ar
卡莎,كايسا,ar
卢登的激荡,عاصفة لودن,ar
卢登骤雨,عاصفة لودن,ar
即席アーマー,الدروع المؤقتة,ar
厄加特,أورغوت,ar
厄萨斯,آتروكس,ar
厄薩斯,آتروكس,ar
厄运小姐,ميس فورتشن,ar
厄運使者,حاملة المصائب,ar
厨神阿福,U.R.F,ar
友を鍛える,صناعة صديق,ar
双城赢家,انتصار فيكتور آركين,ar
双子守护神,الحارسان التوأمان,ar
双子守护者,الحارسان التوأمان,ar
双排,الطابور الثنائي,ar
反响,الاستنساخ,ar
反曲之弓,القوس المنحني,ar
反曲弓,القوس المنحني,ar
发条加速器,مسرِّع الساعة,ar
发条增速器,مسرِّع الساعة,ar
受到星神赐福,مباركة السماء,ar
变形重组器,المستبدل العشوائي,ar
叛逆者,الأشقياء,ar
叛道者,مارق,ar
叛道者徽章,شارة المارق,ar
古拉加斯,غراغاس,ar
古拉格斯,غراغاس,ar
另辟新境,التوسع,ar
叩きつけ,الاستهلاك ضروري,ar
可大可小,اللعب الأمثل,ar
可疑風衣,المعطف المشبوه,ar
可疑风衣,المعطف المشبوه,ar
史提克弹簧刀,السيف الصاعق,ar
史提克彈簧刀,السيف الصاعق,ar
史特拉克手套,قفاز ستيراك,ar
史詩重抽,استبدالٌ ملحمي,ar
史诗重骰,استبدالٌ ملحمي,ar
吉茵珂丝,جينكس,ar
吉茵珂絲,جينكس,ar
后排蓝图,خطة عمل الخط الخلفي,ar
后期专家,اختصاصي نهاية المباراة,ar
后期成长,زيادة القوة في نهاية المباراة,ar
后期收益,زيادة القوة في نهاية المباراة,ar
向上流動,الحركة التصاعدية,ar
吶兒,غنار,ar
吸血の胆力,حيوية مصاص الدماء,ar
吸血活力,حيوية مصاص الدماء,ar
吸血活力I,حيوية مصاص الدماء,ar
吸血生命力,حيوية مصاص الدماء,ar
吾弓听命于您,قوسي في خدمتك,ar
吾弓效命於您,قوسي في خدمتك,ar
呐儿,غنار,ar
呪いの刃,النصل الملعون,ar
命懸けの戦い,الحركات الخطرة,ar
命运祭司,عراف,ar
命运编织者,نساج المصير,ar
命運編織者,نساج المصير,ar
商业核心,جوهر التجارة,ar
單人磐核,درع الصدر المنفرد,ar
嗜血者,المتعطش للدماء,ar
嘟嘟好,حقق مرادك,ar
四费增援,أربعة تكسب ترقية,ar
四重援軍,أربعة تكسب ترقية,ar
回収箱,الاستخلاص المفيد,ar
回收再利用,الاستخلاص المفيد,ar
回春,النوبة الثانية,ar
团队建设,بناء الفريق,ar
圣光审判者,المخلّص,ar
圣光捣蛋鬼,الوغد المشع,ar
圣盾使的誓约,نذر الحامي,ar
地底寶藏,الكنوز المدفونة,ar
均等法衣,الدرع الساتر,ar
坚守前线,حماية الخطوط,ar
坚守防线,حماية الخطوط,ar
坚定之心,القلب الراسخ,ar
坚毅之心,القلب الراسخ,ar
坦度成双,توأم تانك,ar
坦度雙倍,توأم تانك,ar
埋もれた宝物,الكنوز المدفونة,ar
埋藏的宝物,الكنوز المدفونة,ar
基克的先驱,نذير زيكي,ar
基克的阴森先驱,نذير زيكي الكئيب,ar
堅守前線,حماية الخطوط,ar
堅定之心,القلب الراسخ,ar
堡垒,متراس,ar
堡垒卫士,حصن,ar
堡垒卫士纹章,شارة الحصن,ar
堡壘衛士,حصن,ar
堡壘衛士徽章,شارة الحصن,ar
報復,القصاص,ar
塔姆,تام كينش,ar
塔楼,البرج,ar
塔隆,تالون,ar
增幅之力,قوة محسَّنة,ar
增援部队,أربعة تكسب ترقية,ar
壁垒,حصن,ar
壁垒徽章,شارة الحصن,ar
备用弓,الأقواس الاحتياطية,ar
复仇,القصاص,ar
复制,الاستنساخ,ar
复制者,مستنسخ,ar
复制者模式,وضع المستنسِخة,ar
复活恩赐,هبة الإنعاش,ar
复活的恩赐,هبة الإنعاش,ar
复苏之风,النوبة الثانية,ar
夕闇の加護,درع الغسق,ar
夜之锋刃,عباءة الليل,ar
夜明けの加護,درع الفجر,ar
夜色緣界,عباءة الليل,ar
夜色缘界,عباءة الليل,ar
大きな福袋,كيس هدايا كبير,ar
大买特买,فورة تسوق,ar
大剑溢流,السيوف الوفيرة,ar
大剑过载,السيوف الوفيرة,ar
大器晚成,زيادة القوة في نهاية المباراة,ar
大型惊喜包,كيس هدايا كبير,ar
大天使之杖,عصا كبير الحُماة,ar
大家來抱抱,عناق جماعي,ar
大小很重要,الحجم مهم,ar
大百宝袋,كيس هدايا كبير,ar
大禮包,كيس هدايا كبير,ar
大而有力,العملاق القوي,ar
大霹雳星系,الانفجار العظيم,ar
大霹靂星系,الانفجار العظيم,ar
天外橫財,رياح المال الموسمية,ar
天煞,صياد المجرة,ar
天煞灭影：劫,زيد الغازي,ar
太空律动,رقص الفضاء,ar
太空律动徽章,شارة رقص الفضاء,ar
太空律动纹章,شارة رقص الفضاء,ar
太空律動,رقص الفضاء,ar
太空律動徽章,شارة رقص الفضاء,ar
失去联络,اتصالات فائتة,ar
契約殺手,القاتل المأجور,ar
奢侈品订购,الاشتراك الفخم,ar
奢华订阅,الاشتراك الفخم,ar
奥恩,أورن,ar
奥术 维克特式胜利,انتصار فيكتور آركين,ar
奥瑞利安·索尔,أوريليون سول,ar
奥瑞利安·索尔的恩赐,هبة أوريليون سول,ar
奧術：維克特必勝,انتصار فيكتور آركين,ar
女武神的祝福,هبة تجميع الخردة,ar
女神の涙,دمعة الزعيمة,ar
女神之泪,دمعة الزعيمة,ar
女神之淚,دمعة الزعيمة,ar
好きなだけ泣くがいい,بكاء بلا جدوى,ar
好战者的恩赐,هبة تجميع الخردة,ar
好战者铠甲,درع وارموغ,ar
好戰者鎧甲,درع وارموغ,ar
好运姐,ميس فورتشن,ar
好运手套,قفاز الحظ,ar
好運姐,ميس فورتشن,ar
好運手套,قفاز الحظ,ar
娑娜,سونا,ar
娜米,نامي,ar
娜美,نامي,ar
存心失利,الخسارة المحسوبة,ar
孤身铁铠,درع الصدر المنفرد,ar
宇宙の再起,البداية الكونية الجديدة,ar
宇宙大爆炸,الانفجار العظيم,ar
宇宙重启,البداية الكونية الجديدة,ar
宇宙重啟,البداية الكونية الجديدة,ar
守望者之友,حليف الوصي,ar
守望者的盟友,حليف الوصي,ar
宝宝学院,الدروس المبكرة,ar
宝探し,صيد الكنوز,ar
宝石手套,القفاز المرصع بالجواهر,ar
寂静法衣,ستار السكون,ar
寂靜法衣,ستار السكون,ar
密银黎明,فجر سيلفرمير,ar
寶石手套,القفاز المرصع بالجواهر,ar
对冲基金,صندوق التحوط,ar
寻宝,صيد الكنوز,ar
寻宝之旅,صيد الكنوز,ar
导能者,الوسيط,ar
导能者模式,وضع الوسيط,ar
專打後期,اختصاصي نهاية المباراة,ar
尋寶遊戲,صيد الكنوز,ar
導き手,راعي,ar
導き手の紋章,شارة الراعي,ar
小さくても強烈,الصغير الفتاك,ar
小さな仲間たち,الرفاق الصغار,ar
小さな巨人,العمالقة الصغار,ar
小さな福袋,كيس هدايا صغير,ar
小伙伴,الرفاق الصغار,ar
小偷小摸,الاختلاس,ar
小型惊喜包,كيس هدايا صغير,ar
小型禮包,كيس هدايا صغير,ar
小小伙伴,الرفاق الصغار,ar
小小夥伴,الرفاق الصغار,ar
小小大英雄,العمالقة الصغار,ar
小小泰坦,أصغر عملاق,ar
小小福袋,كيس هدايا صغير,ar
小巧但致命,الصغير الفتاك,ar
小巨人,العمالقة الصغار,ar
小木灵,ميبسي,ar
小米普,ميبسي,ar
小而致命,الصغير الفتاك,ar
就差你一個,اتصالات فائتة,ar
尺寸至上,الحجم مهم,ar
尺有所短、寸有所长,الحجم مهم,ar
峡谷迅捷蟹,ريفت سكاتلر,ar
崇高の冒険,المغامرة الفخمة,ar
崇高冒险,المغامرة الفخمة,ar
崔斯特,تويستد فايت,ar
巧みなクラフト,التصنيع المتقن,ar
巨人の誓い,عزم العملاق,ar
巨人之力,العملاق القوي,ar
巨人杀手,قاتل العمالقة,ar
巨人殺手,قاتل العمالقة,ar
巨人腰带,حزام العملاق,ar
巨人腰帶,حزام العملاق,ar
巨型九头蛇,الهيدرا العملاقة,ar
巨型魔棒,قصبة عريضة بلا داع,ar
巨大強悍,العملاق القوي,ar
巨龙之爪,مخلب التنين,ar
巫妖之祸,عفونة الموتى,ar
巫妖之禍,عفونة الموتى,ar
巴德,بارد,ar
巴龍巢穴,وكر البارون,ar
巴龙幻域,وكر البارون,ar
布蕾尔,براير,ar
布蕾爾,براير,ar
布里茨,بليتزكرانك,ar
帽子ジュース,عصير القبعة,ar
帽子饮品,عصير القبعة,ar
帽帽果汁,عصير القبعة,ar
平底鍋,مقلاة,ar
平底锅,مقلاة,ar
并肩作战,في الاتحاد قوة,ar
幸存者,الصامد,ar
幸运手套,قفاز الحظ,ar
幻灵战队,أنيما,ar
幻灵战队纹章,شارة أنيما,ar
幻灵指挥官,قائد أنيما,ar
幽冥煞星,النجم المظلم,ar
幽冥煞星徽章,شارة النجم المظلم,ar
幽魂弯刀,السيف الطيفي,ar
広がる根,توسع الجذور,ar
庇護者のお供,حليف الوصي,ar
库奇,كوركي,ar
应急护甲,الدروع المؤقتة,ar
应急护盾,دروع البطل,ar
庫奇,كوركي,ar
建立團隊,بناء الفريق,ar
开摆,التغيب عن اللعب,ar
异类,الأشقياء,ar
弓の誓い,قوسي في خدمتك,ar
強制中離,التغيب عن اللعب,ar
強力投入,الالتزام الصارم,ar
強化包,حزمة الدعم,ar
强制中离,التغيب عن اللعب,ar
强化之能量,قوة محسَّنة,ar
强大机甲,الميكا الجبار,ar
强袭者的链枷,هراوة المهاجم,ar
当头棒喝！,طراخ!,ar
影の操り人形,دمية الظل,ar
影子木偶,دمية الظل,ar
影忍煞星：劫,زيد الغازي,ar
征战之路,طريق الحرب,ar
待つ価値あり,الأمر يستحق الانتظار,ar
後排藍圖,خطة عمل الخط الخلفي,ar
後衛の設計図,خطة عمل الخط الخلفي,ar
復仇,القصاص,ar
復刻師,مستنسخ,ar
復刻師模式,وضع المستنسِخة,ar
復活祝福,هبة الإنعاش,ar
循序漸進,لمحة من الحياة,ar
微光龍鱗精粹,جوهر الحراشف اللامعة,ar
微光龙鳞精萃,جوهر الحراشف اللامعة,ar
心之抗防,القلب الفولاذي,ar
心之钢,القلب الفولاذي,ar
心身統御のペンダント,قلادة التنشيط,ar
忍耐の美徳,الصبر فضيلة,ar
忍耐是美德,الصبر فضيلة,ar
快速入门,دفعة أولية,ar
思惑買い,الاستثمار طويل الأجل,ar
思緒清晰,الذهن الصافي,ar
思緒雜亂,الذهن المشوّش,ar
思绪杂乱,الذهن المشوّش,ar
思绪清晰,الذهن الصافي,ar
怪しげなトレンチコート,المعطف المشبوه,ar
怪咖集合,الأشقياء,ar
恶意变现,العوائد الخبيثة,ar
恶意货币化,العوائد الخبيثة,ar
恶意软件矩阵,مصفوفة البرمجيات الخبيثة,ar
恶火小斧,فأس نيران الجحيم,ar
恶鲨火箭,فيشبونز,ar
惡性經營,العوائد الخبيثة,ar
惡意程式矩陣,مصفوفة البرمجيات الخبيثة,ar
惡鯊火箭,فيشبونز,ar
想定内の意外性,مفاجآت الحظ,ar
意料之中的意外,مفاجآت الحظ,ar
愿四费与你同在,الأربعة تربح,ar
慎,شين,ar
成吨数据！,أطنان من الإحصاءات!,ar
成吨的属性！,أطنان من الإحصاءات!,ar
我们团结一致,نتماسك معًا,ar
我弓于你手,قوسي في خدمتك,ar
我独自升级,ترقية فردية,ar
战时补给：反曲之弓,الأقواس الاحتياطية,ar
战时补给：女神之泪,الدموع المتدفقة,ar
战时补给：拳套,النجاح الحرج,ar
战时补给：无用大棒,استحضار السحر المستمر,ar
战时补给：暴风大剑,شق الدرب,ar
战神的荣耀,شرف أمير الحرب,ar
戦略的敗北,الخسارة المحسوبة,ar
戰國軍閥之榮耀,شرف أمير الحرب,ar
戰錘意志,إرادة الصولجان,ar
手套,القفازات,ar
手气不错,رمية الحظ,ar
打手连枷,هراوة المهاجم,ar
打手連枷,هراوة المهاجم,ar
打捞桶,الاستخلاص المفيد,ar
打造夥伴,بناء مرافق,ar
扩展包,حزمة الدعم,ar
投資,الاستثمار,ar
投資完了,الاستثمار,ar
投资,الاستثمار,ar
抽好抽滿I,الاستبدالات الوفيرة,ar
拉亚斯特,راست,ar
拉姆斯,راموس,ar
拉莫斯,راموس,ar
拓展包,حزمة الدعم,ar
招兵买马,مجند جديد,ar
招兵買馬,مجند جديد,ar
拥抱,عناق جماعي,ar
拳击训练,دروس الملاكمة,ar
拳击课程,دروس الملاكمة,ar
拳套,قفاز التدريب,ar
拳擊訓練,دروس الملاكمة,ar
拳擊選手,مقاتل الجوائز,ar
指挥官,القائدة,ar
指揮官,القائدة,ar
挑个好伙计！,بناء مرافق,ar
挑战者,متحدي,ar
挑战者徽章,شارة المتحدّي,ar
挑战者模式,وضع المتحدية,ar
挑战者纹章,شارة المتحدّي,ar
挖角,الاختلاس,ar
振奋盔甲,وجه الروح,ar
振奮盔甲,وجه الروح,ar
排兵布阵,تشكيل الصفوف,ar
探索者护腕,واقي ذراع المطارد,ar
探索者的护臂,واقي ذراع المطارد,ar
探索者護腕,واقي ذراع المطارد,ar
提摩,تيمو,ar
提莫,تيمو,ar
援護の弓,الأقواس الاحتياطية,ar
揺るがぬ心,القلب الراسخ,ar
携带型打铁铺,المصهر المحمول,ar
携手合作,تشكيل الفريق,ar
摇钱树,رياح المال الموسمية,ar
摘星之志,السعي نحو النجوم,ar
攀升之階I,تسلّق سلم التصنيفات,ar
攀登天梯,تسلّق سلم التصنيفات,ar
攜帶型打鐵舖,المصهر المحمول,ar
攜手同行,نتماسك معًا,ar
支配宝匣,قلادة التنشيط,ar
支配寶匣,قلادة التنشيط,ar
放電,الشحنة الكهربائية,ar
救世主,المخلّص,ar
救済者,المخلّص,ar
救赎之灵,روح الافتداء,ar
救赎盔甲,روح الافتداء,ar
散件丰收日,عملية السطو على المكونات,ar
斗士,مشاجر,ar
斗士纹章,شارة المشاجر,ar
斗神,المبارزة السامية,ar
斗神的恩赐,هبة تجميع الخردة,ar
斜槓英雄,التوسع,ar
斯塔缇克电刃,السيف الصاعق,ar
斯特拉克的挑战护手,قفاز ستيراك,ar
新人入队,مجند جديد,ar
新兵,مجند جديد,ar
新星特攻队,نوفا,ar
新星特攻队纹章,شارة نوفا,ar
新纪元,الحقبة المميزة,ar
旅人,رحالة,ar
旅人纹章,شارة الرحالة,ar
无人机上行链路,الاتصال بالدرون,ar
无尽之刃,السيف الأبدي,ar
无尽守护,حماية اللانهاية,ar
无尽绝望,يأسٌ بلا نهاية,ar
无差别攻击,قاتل لا يميز بين ضحاياه,ar
无差别杀手,قاتل لا يميز بين ضحاياه,ar
无用大棒,قصبة عريضة بلا داع,ar
无终恨意,يأسٌ بلا نهاية,ar
日炎斗篷,قلنسوة لهب الشمس,ar
日炎棋盘,لوح لهيب الشمس,ar
日炎燎原,لوح لهيب الشمس,ar
日輪的加冕,قلادة سولاري الحديدي,ar
日轮的加冕,قلادة سولاري الحديدي,ar
早期教育,الدروس المبكرة,ar
昇華護符,تميمة الارتقاء,ar
明智消费,الإنفاق الحكيم,ar
明鏡止水,الذهن الصافي,ar
易,ماستر يي,ar
易大师,ماستر يي,ar
易大師,ماستر يي,ar
星の観測者,المحدق بالنجوم,ar
星の観測者の紋章,شارة المحدق بالنجوم,ar
星を目指して,السعي نحو النجوم,ar
星光连击,متوالية نجمية,ar
星光連鎖,متوالية نجمية,ar
星界壁壘,متراس,ar
星界连招,متوالية نجمية,ar
星界重启,البداية الكونية الجديدة,ar
星際旅人,رحالة,ar
星際旅人徽章,شارة الرحالة,ar
星靈牧者,راعي,ar
星靈牧者徽章,شارة الراعي,ar
昼食代,مصروف الغداء,ar
時計仕掛けの加速装置,مسرِّع الساعة,ar
時間破壞者,كاسر الزمن,ar
時間破壞者徽章,شارة كاسر الزمن,ar
普通の日々,لمحة من الحياة,ar
普通預金口座,حساب الادخار,ar
智商稅,الضريبة المعرفية,ar
智慧末刃,الموقف الحرج,ar
暗影傀儡,دمية الظل,ar
暗影木偶,دمية الظل,ar
暗星,النجم المظلم,ar
暗星纹章,شارة النجم المظلم,ar
暗行者之爪,مخلب المتصيد,ar
暗黑女士,سيدة الظلام,ar
暮光铁壁,متراس,ar
暮夜之盾,درع الغسق,ar
暴击式成功,النجاح الحرج,ar
暴風之劍,السيف الهائل,ar
暴风之剑,السيف الهائل,ar
暴风大剑,السيف الهائل,ar
曙光核心,جوهر الفجر,ar
更致命之刃,نصال أشد فتكًا,ar
更要命的帽子,قبعات أشد فتكًا,ar
更要命的战刃,نصال أشد فتكًا,ar
最佳好友,أفضل الأصدقاء,ar
最后的轻语,الهمسة الأخيرة,ar
最后耳语,الهمسة الأخيرة,ar
最后赢家,الفوز الكبير,ar
最大最小化,اللعب الأمثل,ar
最小巨人,أصغر عملاق,ar
最強の四配者,أربعة تكسب ترقية,ar
最强构筑,التشكيل الأقصى,ar
最後耳語,الهمسة الأخيرة,ar
最高指挥官,القائدة,ar
有効活用,نافع لشيء ما,ar
有用之材,نافع لشيء ما,ar
朔极之矛,رمح شوجين,ar
木偶化,التحويل إلى دمية,ar
木灵族,صديق الميب,ar
木灵族纹章,شارة صديق الميب,ar
未来の鍛冶場,المصهر الكامن,ar
未来战士,كاسر الزمن,ar
未来战士纹章,شارة كاسر الزمن,ar
末日使者,حاملة المصائب,ar
机甲神盾,ميكا,ar
杀出血路,شق الدرب,ar
权杖意志,إرادة الصولجان,ar
杖之工匠,صانع القصبات,ar
杖匠,صانع القصبات,ar
杖鍛冶,صانع القصبات,ar
来个好伙计,بناء البطل,ar
极光,أورورا,ar
极限拉满,اللعب الأمثل,ar
构筑一名伙伴：,بناء مرافق,ar
枯朽の遺物,التحفة الذابلة,ar
枯死の宝石,الجوهرة المتلفة,ar
枯萎圣物,التحفة الذابلة,ar
枯萎宝石,الجوهرة المتلفة,ar
枯萎寶石,الجوهرة المتلفة,ar
枯萎珠宝,الجوهرة المتلفة,ar
柔依,زوي,ar
柔軟性,المرن,ar
根絶者,المُبيد,ar
格斗手套,قفاز التدريب,ar
格温,غوين,ar
格雷福斯,غرايفز,ar
格鬥手套,قفاز التدريب,ar
棋手之盾,درع المخطِط,ar
棋手厨房,مطبخ المخطِط,ar
棋手廚房,مطبخ المخطِط,ar
棋手披風,قلنسوة المخطِط,ar
棋手斗篷,قلنسوة المخطِط,ar
棋手皇冠,تاج المخطِط,ar
棋手盾牌,درع المخطِط,ar
棘刺背心,السترة المدببة,ar
棱彩门票,تذكرة موشورية,ar
極速快手,متحدي,ar
極速快手徽章,شارة المتحدّي,ar
極速快手模式,وضع المتحدية,ar
構成拡大,التوسع,ar
模控機械上鏈,الاتصال الآلي,ar
模控機械移植,الشرائح الآلية,ar
機械戰甲,ميكا,ar
次级镜像人格面具,الشخصية المنعكسة المصغّرة,ar
次级镜影化身,الشخصية المنعكسة المصغّرة,ar
歐羅拉,أورورا,ar
正义之手,يد العدالة,ar
正义手套,يد العدالة,ar
正义报复,القصاص,ar
正義手套,يد العدالة,ar
武斗家,مشاجر,ar
武斗家徽章,شارة المشاجر,ar
武装战姬,سيدة الأسلحة,ar
武鬥家,مشاجر,ar
武鬥家徽章,شارة المشاجر,ar
歩く鍛冶場,المصهر الحي,ar
死亡之刃,نصل الموت,ar
死亡之帽,قبعة موت رابادون,ar
死得有價值I,نافع لشيء ما,ar
死神之刃,نصل الموت,ar
歼灭者,المُبيد,ar
殉道美德,فضيلة الشهيد,ar
殺出血路,شق الدرب,ar
水乳交融,نتماسك معًا,ar
水銀兜帽,الزئبق,ar
水银,الزئبق,ar
水银兜帽,الزئبق,ar
永恆契約,الميثاق الأزلي,ar
永恒契约,الميثاق الأزلي,ar
永续召唤,استحضار السحر المستمر,ar
汪星机器人,محترف الحفلات,ar
沈黙の帳,ستار السكون,ar
沉重王冠,عبء التاج ثقيل,ar
河蟹,ريفت سكاتلر,ar
治疗法球,بلورات العلاج,ar
治療靈球,بلورات العلاج,ar
治癒回音,صدى الشفاء,ar
法官,قاضي,ar
法官纹章,شارة القاضي,ar
法杖工匠,صانع القصبات,ar
法杖溢流,القصبات الوفيرة,ar
法洛士的執念,هوس فاروس,ar
法洛士的增益,هبة فاروس,ar
法洛士的执念,هوس فاروس,ar
法洛士的祝福,هبة فاروس,ar
波比,بوبي,ar
泪流不止,الدموع المتدفقة,ar
泪流成河,بكاء بلا جدوى,ar
泰坦九头蛇,الهيدرا العملاقة,ar
泰坦九頭蛇,الهيدرا العملاقة,ar
泰坦的决意,عزم العملاق,ar
泰坦的坚决,عزم العملاق,ar
泰坦的決意,عزم العملاق,ar
泰隆,تالون,ar
活体锻炉,المصهر الحي,ar
活火炉,المصهر الحي,ar
活火爐,المصهر الحي,ar
派上用场,نافع لشيء ما,ar
派克,بايك,ar
派对大咖,محترف الحفلات,ar
派對咖,محترف الحفلات,ar
流れる涙,الدموع المتدفقة,ar
流亡孤军,المنفيون,ar
流亡孤軍,المنفيون,ar
浪人,المنفيون,ar
海克斯科技枪刃,سكين سلاح الهيكستيك,ar
海克斯科技槍刃,سكين سلاح الهيكستيك,ar
海妖之怒,فورة الكراكن,ar
海牛阿福的锅铲战术,مناورة أورف,ar
海魔人,برايمورديان,ar
海魔人纹章,شارة برايمورديان,ar
淚光閃閃,الدموع المتدفقة,ar
淚如泉湧,بكاء بلا جدوى,ar
混乱回復装置,المستبدل العشوائي,ar
混乱的呼唤,دعوة إلى الفوضى,ar
混沌への呼び声,دعوة إلى الفوضى,ar
混沌召唤,دعوة إلى الفوضى,ar
混沌召喚,دعوة إلى الفوضى,ar
清晰头脑,الذهن الصافي,ar
游侠,مارق,ar
游侠纹章,شارة المارق,ar
游神的盟友,حليف الوصي,ar
源计划上行链路,الاتصال الآلي,ar
源计划植入,الشرائح الآلية,ar
滚起优势,محظوظ,ar
漫游者,رحالة,ar
漫游者徽章,شارة الرحالة,ar
潘多拉的备战区,دكة بدلاء باندورا,ar
潘多拉的道具,عناصر باندورا,ar
潘朵拉的備戰區,دكة بدلاء باندورا,ar
潘朵拉的备战席,دكة بدلاء باندورا,ar
潘朵拉的装备,عناصر باندورا,ar
潘朵拉的道具,عناصر باندورا,ar
潘森,بانثيون,ar
潛在火爐,المصهر الكامن,ar
潛行者之爪,مخلب المتصيد,ar
潜心锻造,المصهر الكامن,ar
潜行者之爪,مخلب المتصيد,ar
激发之匣,قلادة التنشيط,ar
火上浇油,تغذية ألسنة اللهب,ar
火热促销,تخفيضات نارية,ar
火爆甩卖,تخفيضات نارية,ar
灭世者的死亡之帽,قبعة موت رابادون,ar
灭星尊,المُبيد,ar
灵气农兵,حصاد الهالة,ar
灵活变通,المرن,ar
灵活摇摆,المرن,ar
灵能特工,قوى ذهنية,ar
灵能特工纹章,شارة القوى الذهنية,ar
灵能者,قوى ذهنية,ar
灵能者徽章,شارة القوى الذهنية,ar
灵风,النسيم العليل,ar
灵魂唤醒,صحوة الروح,ar
灵魂觉醒,صحوة الروح,ar
炎を強めて,تغذية ألسنة اللهب,ar
点击即送,حقق مرادك,ar
炽天使之拥,عصا سيرافيم,ar
炽天使之杖,عصا سيرافيم,ar
烁刃,النصال الخاطفة,ar
烈士之德,فضيلة الشهيد,ar
烈士美德,فضيلة الشهيد,ar
烏爾加特,أورغوت,ar
烬,جين,ar
無人機上鏈,الاتصال بالدرون,ar
無差別屠殺,قاتل لا يميز بين ضحاياه,ar
無差別殺人者,قاتل لا يميز بين ضحاياه,ar
無盡之刃,السيف الأبدي,ar
無盡絕望,يأسٌ بلا نهاية,ar
無限守護,حماية اللانهاية,ar
煞蜜拉,سميرة,ar
煽风点火,تغذية ألسنة اللهب,ar
熊熊火勢,تغذية ألسنة اللهب,ar
熾天使之杖,عصا سيرافيم,ar
營造氣場,حصاد الهالة,ar
燼,جين,ar
燼滅之華,المُبيد,ar
爆炸式增长,النمو المتفجر,ar
爆炸性成長,النمو المتفجر,ar
爆発的成長,النمو المتفجر,ar
爱心包裹,حزمة الرعاية,ar
爱欧尼亚星火,الشرارة الأيونية,ar
牧羊人,راعي,ar
牧羊人纹章,شارة الراعي,ar
牧魂人,راعي,ar
牧魂人徽章,شارة الراعي,ar
物尽其用,الاستهلاك ضروري,ar
物資箱,حزمة الرعاية,ar
特性の書,مجلد الخواص,ar
特性の木,شجرة الخواص,ar
特性を選択,اختر خاصية,ar
特性之树,شجرة الخواص,ar
特性典籍,مجلد الخواص,ar
特性神木,شجرة الخواص,ar
犽宿之共享光采,مشاركة تألق ياسو,ar
犽宿的共享光采,مشاركة تألق ياسو,ar
犽宿的剑术,مهارة مبارزة ياسو,ar
犽宿的增益,هبة ياسو,ar
犽宿的祝福,هبة ياسو,ar
犽宿的迅雷之技,مهارة مبارزة ياسو,ar
犽宿的黃金棋格,خانة ياسو الذهبية,ar
犽宿的黄金格子,خانة ياسو الذهبية,ar
狂徒铠甲,درع وارموغ,ar
狂战士,مغير,ar
狂战士纹章,شارة المغير,ar
狙击专家,رامي,ar
狙击专家徽章,شارة الرامي,ar
狙擊專家,رامي,ar
狙擊專家徽章,شارة الرامي,ar
狙神,رامي,ar
狙神纹章,شارة الرامي,ar
独自升级,ترقية فردية,ar
狱火战斧,فأس نيران الجحيم,ar
猛将的荣耀,شرف أمير الحرب,ar
猩红报偿,ثمن الدم,ar
獄火手斧,فأس نيران الجحيم,ar
獄炎のハチェット,فأس نيران الجحيم,ar
獨自升等,ترقية فردية,ar
王冠とは重きもの,عبء التاج ثقيل,ar
王冠之重,عبء التاج ثقيل,ar
玻璃大炮,مدفع من زجاج,ar
玻璃大砲I,مدفع من زجاج,ar
珍藏财宝,الكنوز المدفونة,ar
珠光护手,القفاز المرصع بالجواهر,ar
珠光莲花,اللوتس المرصع,ar
珠光蓮花II,اللوتس المرصع,ar
瑟雷西的增益,هبة ثريش,ar
瑟雷西的灯笼,فانوس ثريش,ar
瑟雷西的燈籠,فانوس ثريش,ar
瑟雷西的祝福,هبة ثريش,ar
璐璐,لولو,ar
甘いおやつ,حلوى لذيذة,ar
甜点,حلوى لذيذة,ar
生存专家,الصامد,ar
生存專家,الصامد,ar
生日团聚,لم شمل عيد الميلاد,ar
生日團聚,لم شمل عيد الميلاد,ar
生日礼物,هدية عيد الميلاد,ar
生日禮物,هدية عيد الميلاد,ar
生日聚会,لم شمل عيد الميلاد,ar
生根发芽,توسع الجذور,ar
生活片段,لمحة من الحياة,ar
生涯ブロンズ,البرونزي حتى النهاية,ar
生物材料保存,حافظ المادة الحيوية,ar
生物质保存剂,حافظ المادة الحيوية,ar
生物质维护器,حافظ المادة الحيوية,ar
由二生D,قيمة مزدوجة,ar
电光反击,الشحنة الكهربائية,ar
电火花,الشحنة الكهربائية,ar
电荷转移I,نقل الشحنة,ar
男爵幻域,وكر البارون,ar
略奪者,مغير,ar
略奪者の紋章,شارة المغير,ar
疗愈回响,صدى الشفاء,ar
疾射火炮,مدفع النار السريع,ar
疾速双杀,القتل المزدوج السريع,ar
疾速雙殺,القتل المزدوج السريع,ar
癒しのこだま,صدى الشفاء,ar
登上最高峰,الفوز الكبير,ar
發條加速器,مسرِّع الساعة,ar
百兽,أنيما,ar
百兽指挥官,قائد أنيما,ar
百兽特攻队徽章,شارة أنيما,ar
百獸,أنيما,ar
百獸指揮官,قائد أنيما,ar
百獸特攻隊徽章,شارة أنيما,ar
皇冠守衛,حامي التاج,ar
盗賊のグローブ,قفاز اللص,ar
盗賊団,عصابة اللصوص,ar
盗賊団 II,عصابة اللصوص II,ar
盜取,الاختلاس,ar
盧登驟雨,عاصفة لودن,ar
目标锁定光学仪,منظار رصد الهدف,ar
目標鎖定光學,منظار رصد الهدف,ar
真派氣功,كاهوناهونا,ar
石像鬼盘核,درع صدر مرزاب الحجري,ar
石像鬼石板甲,درع صدر مرزاب الحجري,ar
石像鬼磐核,درع صدر مرزاب الحجري,ar
研究熱心,الدراسة الصابرة,ar
砰地重击,الاستهلاك ضروري,ar
砰爆,حاملة المصائب,ar
破时者,كاسر الزمن,ar
破时者徽章,شارة كاسر الزمن,ar
破曉之核,جوهر الفجر,ar
砸起來,الاستهلاك ضروري,ar
硬性承诺,الالتزام الصارم,ar
碰撞测试假人,دمى اختبار التحطم,ar
碰撞測試,دمى اختبار التحطم,ar
神の祝福,مباركة السماء,ar
神の鍛冶場,مصهر التمجيد,ar
神之祝福,مباركة السماء,ar
神偷军团,عصابة اللصوص,ar
神偷军团 II,عصابة اللصوص II,ar
神偷軍團,عصابة اللصوص,ar
神偷軍團 II,عصابة اللصوص II,ar
神力天铸,مصنوعٌ من القوة,ar
神化锻炉,مصهر التمجيد,ar
神寵者,مباركة السماء,ar
神影刺客,مارق,ar
神影刺客徽章,شارة المارق,ar
神聖熔爐,مصهر التمجيد,ar
神託,عراف,ar
神諭,عراف,ar
神谕,الوسيط,ar
神谕模式,وضع الوسيط,ar
神赐锻炉,مصهر التمجيد,ar
神鬥士,المبارزة السامية,ar
禁忌之像,التمثال المحرّم,ar
禁忌雕像,التمثال المحرّم,ar
离子火花,الشرارة الأيونية,ar
私房錢,السيولة,ar
私房钱,السيولة,ar
科加斯,تشوغاث,ar
秘传奥义,كاهوناهونا,ar
稜鏡票券,تذكرة موشورية,ar
穢れたヴァンパイア セプター,صولجان مصاصي الدماء الفاسد,ar
究極暴擊,النجاح الحرج,ar
窃盗,الاختلاس,ar
窃贼帮派,عصابة اللصوص,ar
窃贼帮派 II,عصابة اللصوص II,ar
窃贼手套,قفاز اللص,ar
竊賊手套,قفاز اللص,ar
米利欧,ميليو,ar
米普,ميبسي,ar
米普,صديق الميب,ar
米普徽章,شارة صديق الميب,ar
米普星人,صديق الميب,ar
米普星人徽章,شارة صديق الميب,ar
米普終端速度,عجلة الميب السريعة,ar
米里欧,ميليو,ar
米里歐,ميليو,ar
精心打造,التصنيع المتقن,ar
精心製作,التصنيع المتقن,ar
精打細算,الإنفاق الحكيم,ar
精打细算,الإنفاق الحكيم,ar
精进之矛,رمح شوجين,ar
精進之矛,رمح شوجين,ar
紀元,الحقبة المميزة,ar
紅Buff,المحفز الأحمر,ar
納什之牙,سن ناشور,ar
納瑟斯,ناسوس,ar
素材アイテムヘイスト,عملية السطو على المكونات,ar
紡がれし魔法,السحر المحبوك,ar
索娜,سونا,ar
索拉卡的增益,هبة سوراكا,ar
索拉卡的奇蹟,معجزة سوراكا,ar
索拉卡的奇迹,معجزة سوراكا,ar
索拉卡的恩赐,هبة سوراكا,ar
索拉卡的祝福,هبة سوراكا,ar
終わりなき絶望,يأسٌ بلا نهاية,ar
組件強盜,عملية السطو على المكونات,ar
絶好調,محظوظ,ar
維克特,فيكتور,ar
維迦,فيغار,ar
縮小手套,القفازات,ar
红增益,المحفز الأحمر,ar
红霸符,المحفز الأحمر,ar
纪年伊始,الحقبة المميزة,ar
纳什之牙,سن ناشور,ar
纳尔,غنار,ar
纳瑟斯,ناسوس,ar
纷乱头脑,الذهن المشوّش,ar
纹章之书,مجلد الخواص,ar
纺织魔法,السحر المحبوك,ar
组件劫案,عملية السطو على المكونات,ar
织命人,نساج المصير,ar
终端米普速度,عجلة الميب السريعة,ar
终身青铜,البرونزي حتى النهاية,ar
终身黄铜,البرونزي حتى النهاية,ar
绝境反击,حكاية العودة,ar
维克托,فيكتور,ar
维克特,فيكتور,ar
维迦,فيغار,ar
编织魔法,السحر المحبوك,ar
羁绊树,شجرة الخواص,ar
美味甜點,حلوى لذيذة,ar
翱銳龍獸,أوريليون سول,ar
翱銳龍獸的祝福,هبة أوريليون سول,ar
翱锐龙兽,أوريليون سول,ar
翱锐龙兽的增益,هبة أوريليون سول,ar
耐心学习,الدراسة الصابرة,ar
耐心學習,الدراسة الصابرة,ar
耐心是一种美德,الصبر فضيلة,ar
耐心是美德,الصبر فضيلة,ar
职业杀手,القاتل المأجور,ar
联合作战,في الاتحاد قوة,ar
聖なる決闘者,المبارزة السامية,ar
聖光無賴,الوغد المشع,ar
能力值大補包,أطنان من الإحصاءات!,ar
能量圣杯,كأس القوة,ar
脫穎而出,الفوز الكبير,ar
腐蚀,التآكل,ar
腐蝕,التآكل,ar
腐败吸血鬼权杖,صولجان مصاصي الدماء الفاسد,ar
腐食,التآكل,ar
腰带溢流,الأحزمة الوفيرة,ar
腰带过载,الأحزمة الوفيرة,ar
腰帶多多,الأحزمة الوفيرة,ar
臨時戰甲,الدروع المؤقتة,ar
至尊探险,المغامرة الفخمة,ar
致命利刃,نصال أشد فتكًا,ar
致命帽子,قبعات أشد فتكًا,ar
致命豆丁,الصغير الفتاك,ar
致死之帽,قبعات أشد فتكًا,ar
艾克的增益,هبة إيكو,ar
艾克的恩赐,هبة إيكو,ar
艾克的祝福,هبة إيكو,ar
艾克的耐心,صبر إيكو,ar
节外生枝,التوسع,ar
花到上头,السيولة,ar
芽苞初放,بناء البطل,ar
英勇惊喜包,كيس الهدايا البطولي,ar
英勇福袋,كيس الهدايا البطولي,ar
英雄のラッキーバッグ,كيس الهدايا البطولي,ar
英雄禮包,كيس الهدايا البطولي,ar
茂凯,ماوكاي,ar
茂凱,ماوكاي,ar
荊棘蔓延,توسع الجذور,ar
莎弥拉,سميرة,ar
莫德凯撒,مورديكايزر,ar
莫甘娜,مورغانا,ar
莫雷洛秘典,موريلونوميكون,ar
菲兹,فيز,ar
菲奥娜,فيورا,ar
菲欧拉,فيورا,ar
菲歐拉,فيورا,ar
葛雷夫,غرايفز,ar
蓝增益,محفز أزرق,ar
蓝霸符,محفز أزرق,ar
蔓延之根,توسع الجذور,ar
蕾欧娜,ليونا,ar
薄暮法袍,الدرع الساتر,ar
薇古丝,فيكس,ar
薇可丝,فيكس,ar
薇可絲,فيكس,ar
藍Buff,محفز أزرق,ar
虚空之杖,صولجان الفويد,ar
虚空之门,بوابة ززروت,ar
虚空手套,قفاز الفويد,ar
虚空护手,قفاز الفويد,ar
虛空之杖,صولجان الفويد,ar
虛空之門,بوابة ززروت,ar
虛空武鬥場,قفاز الفويد,ar
血の供物,قربان الدم,ar
血の価値,ثمن الدم,ar
血償,ثمن الدم,ar
血的代价,ثمن الدم,ar
血祭,قربان الدم,ar
衝擊火炮,مدفع النار السريع,ar
衝突試験用ダミー,دمى اختبار التحطم,ar
裁决者,قاضي,ar
裁决者徽章,شارة القاضي,ar
装备百宝袋,كيس هدايا العناصر,ar
複製,الاستنساخ,ar
西風匕首,النسيم العليل,ar
西风匕首,النسيم العليل,ar
視界專注,تركيز الأفق,ar
观星者,المحدق بالنجوم,ar
观星者徽章,شارة المحدق بالنجوم,ar
观星者纹章,شارة المحدق بالنجوم,ar
视界专注,تركيز الأفق,ar
觉得自己幸运吗,رمية الحظ,ar
訂購奢侈品,الاشتراك الفخم,ar
訂閱服務,خدمة الاشتراك,ar
訓練假人,دمية التدريب,ar
詛咒之冠,التاج الملعون,ar
詛咒之刃,النصل الملعون,ar
詛咒吸血鬼權杖,صولجان مصاصي الدماء الفاسد,ar
認知超載,الحمل المعرفي الزائد,ar
订阅服务,خدمة الاشتراك,ar
认知税,الضريبة المعرفية,ar
认知超负荷,الحمل المعرفي الزائد,ar
认知过载,الحمل المعرفي الزائد,ar
训练假人,دمية التدريب,ar
训练木偶,دمية التدريب,ar
诅咒之冠,التاج الملعون,ar
诅咒之刃,النصل الملعون,ar
诅咒冠冕,التاج الملعون,ar
豪華なサブスク,الاشتراك الفخم,ar
貝爾薇斯,بيلفيث,ar
負極斗篷,عباءة النيغاترون,ar
貪啃奇,تام كينش,ar
貪財,جوع المال,ar
買い物三昧,فورة تسوق,ar
買不手軟,فورة تسوق,ar
貿易核心,جوهر التجارة,ar
賈克斯,جاكس,ar
賢い買い物,الإنفاق الحكيم,ar
贝尔薇斯,بيلفيث,ar
贝蕾亚,براير,ar
负极斗篷,عباءة النيغاترون,ar
财源滚滚,رياح المال الموسمية,ar
贪啃奇,تام كينش,ar
贪财,جوع المال,ar
购物狂欢,فورة تسوق,ar
贸易中心,جوهر التجارة,ar
贸易大亨,قطاع التجارة,ar
贾克斯,جاكس,ar
赏金战士,مقاتل الجوائز,ar
起死回生,النوبة الثانية,ar
超前部署,التفكير المتقدم,ar
超新星,نوفا,ar
超新星徽章,شارة نوفا,ar
超级机甲,الميكا الجبار,ar
超能機甲,الميكا الجبار,ar
超越のタリスマン,تميمة الارتقاء,ar
跳樓大拍賣,تخفيضات نارية,ar
輝く悪党,الوغد المشع,ar
转不停,الاستبدالات الوفيرة,ar
轻量魔法投掷,الرمية السحرية المخفّفة,ar
轻魔重骰,الرمية السحرية المخفّفة,ar
这次战败也在计算之中,الخسارة المحسوبة,ar
远古霸者,برايمورديان,ar
远古霸者徽章,شارة برايمورديان,ar
远征,الحملة الاستكشافية,ar
远见卓识,التفكير المتقدم,ar
连指手套,القفازات,ar
迷你小英雄,أصغر عملاق,ar
迷你黑洞,الثقب الأسود الصغير,ar
迷离风衣,المعطف المشبوه,ar
适应性头盔,الخوذة المتكيفة,ar
适性神盔,الخوذة المتكيفة,ar
逆命,تويستد فايت,ar
逆袭之路,حكاية العودة,ar
逆転劇,حكاية العودة,ar
逆轉佳話,حكاية العودة,ar
选择特性,اختر خاصية,ar
选择羁绊,اختر خاصية,ar
這次戰敗也在計算之中,الخسارة المحسوبة,ar
連続魔法,استحضار السحر المستمر,ar
連續施法,استحضار السحر المستمر,ar
進階貸款,سلفة قرض,ar
道を切り拓け,شق الدرب,ar
道具惊喜包,كيس هدايا العناصر,ar
道具組合包I,كيس هدايا العناصر,ar
遠古霸者,برايمورديان,ar
遠古霸者徽章,شارة برايمورديان,ar
遠征,الحملة الاستكشافية,ar
遥遥领先,الاستثمار طويل الأجل,ar
適性神盔,الخوذة المتكيفة,ar
選擇特性,اختر خاصية,ar
避險基金,صندوق التحوط,ar
邦！,طراخ!,ar
邪悪な収益化,العوائد الخبيثة,ar
部分飞升,الارتقاء الجزئي,ar
鄂尔,أورن,ar
鄂爾,أورن,ar
重启任务,إعادة المهمة,ar
重整装置,المستبدل العشوائي,ar
重整裝置,المستبدل العشوائي,ar
重新開始任務,إعادة المهمة,ar
重枪女武神,سيدة الأسلحة,ar
重槍女武神,سيدة الأسلحة,ar
重装战士,طليعي,ar
重装战士纹章,شارة الطليعي,ar
重锤之志,إرادة الصولجان,ar
量身訂做,تخصيص حصري,ar
金に飢えし者,جوع المال,ar
金のタマゴ,البيضة الذهبية,ar
金のモンスーン,رياح المال الموسمية,ar
金ピカの鋼,الفولاذ المذهب,ar
金克丝,جينكس,ar
金湯匙,الملعقة الفضية,ar
金蛋,البيضة الذهبية,ar
金铲铲,ملعقة مسطحة,ar
金铲铲冠冕,تاج المخطِط,ar
金锅铲冠冕,قلنسوة المخطِط,ar
金锅锅,مقلاة,ar
金锅锅冠冕,درع المخطِط,ar
金霖龙,التنين الذهبي,ar
金鳞精粹,جوهر الحراشف اللامعة,ar
金龙降世,التنين الذهبي,ar
鈍化,التحويل إلى دمية,ar
銀の匙,الملعقة الفضية,ar
銀河獵手,صياد المجرة,ar
銀織黎明,فجر سيلفرمير,ar
銃装機神,سيدة الأسلحة,ar
銅級之命II,البرونزي حتى النهاية,ar
鋼の心,القلب الفولاذي,ar
鋼鐵素材,الأصول الحديدية,ar
錫柯的悲鳴號角,نذير زيكي الكئيب,ar
錫柯的號角,نذير زيكي,ar
鍋鏟,ملعقة مسطحة,ar
鎖子甲,السترة المسلسلة,ar
鏡像のペルソナ,الشخصية المنعكسة,ar
鏡像人格,الشخصية المنعكسة,ar
鏡爪,كيندريد,ar
鑄造朋友,صناعة صديق,ar
钢铁之心,القلب الفولاذي,ar
钢铁烈阳之匣,قلادة سولاري الحديدي,ar
钢铁资产,الأصول الحديدية,ar
银汤匙,الملعقة الفضية,ar
银河猎手,صياد المجرة,ar
银织黎明,فجر سيلفرمير,ar
铸剑工匠,صانع السيوف,ar
锁子甲,السترة المسلسلة,ar
锁敌光学设备,منظار رصد الهدف,ar
锅铲,ملعقة مسطحة,ar
锅铲厨房,مطبخ المخطِط,ar
锐雯,ريفين,ar
锡柯的号角,نذير زيكي,ar
锡柯的悲鸣号角,نذير زيكي الكئيب,ar
锤石的恩赐,هبة ثريش,ar
锤石的灯笼,فانوس ثريش,ar
锻造一个朋友,صناعة صديق,ar
锻造挚友,صناعة صديق,ar
镀金钢铁,الفولاذ المذهب,ar
镜像人格面具,الشخصية المنعكسة,ar
镜影化身,الشخصية المنعكسة,ar
镜爪,كيندريد,ar
長久之計,الاستثمار طويل الأجل,ar
閃刃,النصال الخاطفة,ar
開局新手包,بناء البطل,ar
闇の女帝,سيدة الظلام,ar
闇翼魔女,سيدة الظلام,ar
關,غوين,ar
防禦高塔,البرج,ar
阿卡丽,أكالي,ar
阿卡莉,أكالي,ar
阿狸的光环,هالة آري,ar
阿狸的恩赐,هبة آري,ar
阿璃的增益,هبة آري,ar
阿璃的灵气,هالة آري,ar
阿璃的祝福,هبة آري,ar
阿璃的靈氣,هالة آري,ar
阿福大礼包,كيس هدايا أورف,ar
阿福大禮包,كيس هدايا أورف,ar
阿福奇兵,مناورة أورف,ar
阿福式开局,مناورة أورف,ar
阿福快打,U.R.F,ar
阿福的百宝袋,كيس هدايا أورف,ar
阿福驾到,U.R.F,ar
阿萝拉,أورورا,ar
降靈師,الوسيط,ar
降靈師模式,وضع الوسيط,ar
限定カスタマイズ,تخصيص حصري,ar
陣容,تشكيل الصفوف,ar
集中火力,النيران المركزة,ar
集中砲火,النيران المركزة,ar
集体拥抱I,عناق جماعي,ar
集结战队,تشكيل الفريق,ar
雇佣杀手,القاتل المأجور,ar
雙排,الطابور الثنائي,ar
雙生守衛,الحارسان التوأمان,ar
離子星火,الشرارة الأيونية,ar
雷克塞,ريكساي,ar
雷欧娜,ليونا,ar
雷歐娜,ليونا,ar
雷玟,ريفين,ar
雷珂煞,ريكساي,ar
電光反擊,الشحنة الكهربائية,ar
電荷轉移,نقل الشحنة,ar
霞,زايا,ar
露璐,لولو,ar
霸天机甲,ميكا,ar
靈活變通,المرن,ar
靈能使,قوى ذهنية,ar
靈能使徽章,شارة القوى الذهنية,ar
靈魂救贖,روح الافتداء,ar
静止法衣,ستار السكون,ar
非凡冒險,المغامرة الفخمة,ar
韦鲁斯的恩赐,هبة فاروس,ar
韦鲁斯的执念,هوس فاروس,ar
頂裝,التشكيل الأقصى,ar
預料中的意外,مفاجآت الحظ,ar
願四之力與你同在,الأربعة تربح,ar
顶尖构筑,التشكيل الأقصى,ar
顽强不屈,الصنديد,ar
飙速木灵,عجلة الميب السريعة,ar
飛斯,فيز,ar
飛昇,الارتقاء,ar
飞升,الارتقاء,ar
飞升护符,تميمة الارتقاء,ar
飞斯,فيز,ar
饮血剑,المتعطش للدماء,ar
騎士の誓い,عهد الفارس,ar
騎士誓願,عهد الفارس,ar
骑士之誓,عهد الفارس,ar
骑士誓愿,عهد الفارس,ar
高压电,الكهرباء القوية,ar
高压电流,الكهرباء القوية,ar
高塔,البرج,ar
高级贷款,سلفة قرض,ar
高速ダブルキル,القتل المزدوج السريع,ar
高電圧,الكهرباء القوية,ar
高電壓,الكهرباء القوية,ar
高風險高報酬,الحركات الخطرة,ar
鬼使弯刀,السيف الطيفي,ar
鬼使彎刀,السيف الطيفي,ar
鬼索的狂暴之刃,نصل غضب غينسو,ar
魂力覺醒,صحوة الروح,ar
魔像,غولم,ar
魔力編織,السحر المحبوك,ar
魔斗凯萨,مورديكايزر,ar
魔术师,مستنسخ,ar
魔术师模式,وضع المستنسِخة,ar
魔杖湧流,القصبات الوفيرة,ar
魔棒过载,القصبات الوفيرة,ar
魔法のダイス,الرمية السحرية,ar
魔法投掷,الرمية السحرية,ar
魔法擲骰,الرمية السحرية,ar
魔法骰子,الرمية السحرية,ar
魔甘娜,مورغانا,ar
魔鬥凱薩,مورديكايزر,ar
鱼骨头,فيشبونز,ar
鲜血祭品,قربان الدم,ar
鴻運當頭,رمية الحظ,ar
鴻運當頭,محظوظ,ar
麗珊卓,ليساندرا,ar
黃昏聖盾,درع الغسق,ar
黃金巨龍,التنين الذهبي,ar
黃金蛋,البيضة الذهبية,ar
黃金豪賭,الرهان الذهبي,ar
黄昏圣盾,درع الغسق,ar
黄金の博打,الرهان الذهبي,ar
黄金の龍,التنين الذهبي,ar
黄金蛋,البيضة الذهبية,ar
黄金豪赌,الرهان الذهبي,ar
黄金赌约,الرهان الذهبي,ar
黎明之盾,درع الفجر,ar
黎明圣盾,درع الفجر,ar
黎明核心,جوهر الفجر,ar
黎明聖盾,درع الفجر,ar
黑暗吸血鬼节杖,صولجان مصاصي الدماء الفاسد,ar
黑暗魔女,سيدة الظلام,ar
黑铁资产,الأصول الحديدية,ar
黑魔禁书,موريلونوميكون,ar
黑魔禁書,موريلونوميكون,ar
黛安娜,ديانا,ar
龍之爪,مخلب التنين,ar
龙之爪,مخلب التنين,ar
가고일 돌갑옷,درع صدر مرزاب الحجري,ar
가지 뻗기,التوسع,ar
간이 대장간,المصهر الحي,ar
강철의 솔라리 펜던트,قلادة سولاري الحديدي,ar
강철의 심장,القلب الفولاذي,ar
거대 메크 로봇,الميكا الجبار,ar
거대하고 강력한,العملاق القوي,ar
거대한 히드라,الهيدرا العملاقة,ar
거래 중심지,جوهر التجارة,ar
거울의 환영,الشخصية المنعكسة,ar
거인 학살자,قاتل العمالقة,ar
거인의 결의,عزم العملاق,ar
거인의 허리띠,حزام العملاق,ar
검 제작자,صانع السيوف,ar
경품 추첨,الرهان الذهبي,ar
경호대 훈련,تدريب الحارس الشخصي,ar
계산된 패배,الخسارة المحسوبة,ar
고귀한 모험,المغامرة الفخمة,ar
고독한 방패,درع الصدر المنفرد,ar
고속 연사포,مدفع النار السريع,ar
고위천사의 지팡이,عصا سيرافيم,ar
고전압,الشحنة الكهربائية,ar
고전압,الكهرباء القوية,ar
고철 수집가의 은총,هبة تجميع الخردة,ar
곡궁,القوس المنحني,ar
골렘,غولم,ar
공감 임플란트,شريحة التعاطف,ar
공허 건틀릿,قفاز الفويد,ar
공허의 지팡이,صولجان الفويد,ar
교환의 장,قطاع التجارة,ar
구독 서비스,خدمة الاشتراك,ar
구원의 영혼,روح الافتداء,ar
구원자,المخلّص,ar
구인수의 격노검,نصل غضب غينسو,ar
굳건한 심장,القلب الراسخ,ar
권투 교습,دروس الملاكمة,ar
그냥 눌러,حقق مرادك,ar
그라가스,غراغاس,ar
그레이브즈,غرايفز,ar
그림자 꼭두각시,دمية الظل,ar
그웬,غوين,ar
극대화 빌드,التشكيل الأقصى,ar
극진한 헌신,الالتزام الصارم,ar
금지된 우상,التمثال المحرّم,ar
급매,تخفيضات نارية,ar
기다림의 미학,الأمر يستحق الانتظار,ar
기동총격여신,سيدة الأسلحة,ar
기사의 맹세,عهد الفارس,ar
길을 내라,شق الدرب,ar
길잡이,راعي,ar
길잡이 상징,شارة الراعي,ar
꼬꼬마 거인,أصغر عملاق,ar
꼬마 거인,العمالقة الصغار,ar
꼬마 정령,ميبسي,ar
꽁!,طراخ!,ar
끈끈한 우정,بناء الفريق,ar
끈질긴 연구,الدراسة الصابرة,ar
끝없는 절망,يأسٌ بلا نهاية,ar
나 혼자 레벨업,ترقية فردية,ar
나르,غنار,ar
나미,نامي,ar
나서스,ناسوس,ar
남작의 소굴,وكر البارون,ar
내셔의 이빨,سن ناشور,ar
넘치는 대검,السيوف الوفيرة,ar
넘치는 지팡이,القصبات الوفيرة,ar
넘치는 허리띠,الأحزمة الوفيرة,ar
누누와 윌럼프,نونو وويلامب,ar
다 쓸 데가 있다니까,نافع لشيء ما,ar
다이애나,ديانا,ar
단결된 의지,في الاتحاد قوة,ar
단일 조합 사수,لا تغيير ولا استطلاع,ar
단짝,أفضل الأصدقاء,ar
단체 포옹,عناق جماعي,ar
달콤한 간식,حلوى لذيذة,ar
대격변 생성기,المستبدل العشوائي,ar
대장군의 명예,شرف أمير الحرب,ar
대천사의 지팡이,عصا كبير الحُماة,ar
대출 선지급,سلفة قرض,ar
더욱 치명적인 모자,قبعات أشد فتكًا,ar
덤불 조끼,السترة المدببة,ar
도금 강철,الفولاذ المذهب,ar
도둑 무리,عصابة اللصوص,ar
도둑 무리 II,عصابة اللصوص II,ar
도적의 장갑,قفاز اللص,ar
도전자,متحدي,ar
도전자 모드,وضع المتحدية,ar
도전자 상징,شارة المتحدّي,ar
돈 폭풍,رياح المال الموسمية,ar
돈독,جوع المال,ar
동료 제작,بناء مرافق,ar
동물특공대,أنيما,ar
동물특공대 상징,شارة أنيما,ar
동물특공대 지휘관,قائد أنيما,ar
뒤집개,ملعقة مسطحة,ar
드론 업링크,الاتصال بالدرون,ar
땔감 제공,تغذية ألسنة اللهب,ar
라바돈의 죽음모자,قبعة موت رابادون,ar
라아스트,راست,ar
라이트실드 문장,رمز الدرع الخفيف,ar
람머스,راموس,ar
레벨 업!,الترقية!,ar
레오나,ليونا,ar
렉사이,ريكساي,ar
루덴의 폭풍,عاصفة لودن,ar
룰루,لولو,ar
르블랑,لوبلانك,ar
리븐,ريفين,ar
리산드라,ليساندرا,ar
리치베인,عفونة الموتى,ar
마법 주사위,الرمية السحرية,ar
마법공학 총검,سكين سلاح الهيكستيك,ar
마법사의 최후,الموقف الحرج,ar
마스터 이,ماستر يي,ar
마오카이,ماوكاي,ar
말살자,المُبيد,ar
맑은 정신,الذهن الصافي,ar
망령 해적검,السيف الطيفي,ar
메카,ميكا,ar
명멸검,النصال الخاطفة,ar
모데카이저,مورديكايزر,ar
모렐로노미콘,موريلونوميكون,ar
모르가나,مورغانا,ar
무차별적 살인자,قاتل لا يميز بين ضحاياه,ar
무한의 대검,السيف الأبدي,ar
무한한 보호,حماية اللانهاية,ar
미래 지향적 사고,التفكير المتقدم,ar
미스 포츈,ميس فورتشن,ar
밀리오,ميليو,ar
바드,بارد,ar
바루스의 은총,هبة فاروس,ar
바루스의 집착,هوس فاروس,ar
반도체,شبه الناقل,ar
반항아,الأشقياء,ar
밤의 끝자락,عباءة الليل,ar
방한 장갑,القفازات,ar
베이가,فيغار,ar
벡스,فيكس,ar
벨베스,بيلفيث,ar
별돌보미,المحدق بالنجوم,ar
별돌보미 상징,شارة المحدق بالنجوم,ar
별빛 연계,متوالية نجمية,ar
보루,متراس,ar
보물 사냥,صيد الكنوز,ar
보석 건틀릿,القفاز المرصع بالجواهر,ar
보석 연꽃,اللوتس المرصع,ar
복제,الاستنساخ,ar
복제자,مستنسخ,ar
복제자 모드,وضع المستنسِخة,ar
부스터 팩,حزمة الدعم,ar
부식,التآكل,ar
부작용,التأثيرات الجانبية,ar
부활의 은총,هبة الإنعاش,ar
불굴,الصنديد,ar
불완전한 초월,الارتقاء الجزئي,ar
불한당,مارق,ar
불한당 상징,شارة المارق,ar
붉고 푸른 효과,تعزيزٌ هنا وتعزيزٌ هناك,ar
붉은 덩굴정령,المحفز الأحمر,ar
브라이어,براير,ar
블리츠크랭크,بليتزكرانك,ar
빅뱅,الانفجار العظيم,ar
빅토르,فيكتور,ar
빛비늘 정수,جوهر الحراشف اللامعة,ar
뻗어가는 뿌리,توسع الجذور,ar
뽀삐,بوبي,ar
사미라,سميرة,ar
사이버네틱 이식술,الشرائح الآلية,ar
사이버네틱 통신,الاتصال الآلي,ar
삼인방,الثلاثية,ar
새로고침의 날,الاستبدالات الوفيرة,ar
새로운 시대,الحقبة المميزة,ar
새벽심장,جوهر الفجر,ar
새벽의 방패,درع الفجر,ar
생선대가리,فيشبونز,ar
생일 모임,لم شمل عيد الميلاد,ar
생일 선물,هدية عيد الميلاد,ar
생존자,الصامد,ar
서사적 새로고침,استبدالٌ ملحمي,ar
서열 상승,تسلّق سلم التصنيفات,ar
서풍,النسيم العليل,ar
선물 꾸러미,حزمة الرعاية,ar
선봉대,طليعي,ar
선봉대 상징,شارة الطليعي,ar
성취,الفوز الكبير,ar
소나,سونا,ar
소라카의 기적,معجزة سوراكا,ar
소라카의 은총,هبة سوراكا,ar
소형 블랙홀,الثقب الأسود الصغير,ar
쇠사슬 조끼,السترة المسلسلة,ar
쇼진의 창,رمح شوجين,ar
수상한 외투,المعطف المشبوه,ar
수완가,السيولة,ar
수은,الزئبق,ar
수호자의 맹세,نذر الحامي,ar
수호자의 친구,حليف الوصي,ar
순교자의 미덕,فضيلة الشهيد,ar
쉔,شين,ar
스태틱의 단검,السيف الصاعق,ar
스테락의 도전,قفاز ستيراك,ar
슬쩍하기,الاختلاس,ar
습격자,مغير,ar
습격자 상징,شارة المغير,ar
승승장구,محظوظ,ar
승천의 부적,تميمة الارتقاء,ar
시간 균열자,كاسر الزمن,ar
시간 균열자 상징,شارة كاسر الزمن,ar
시계태엽 윤활유,مسرِّع الساعة,ar
시동 걸기,دفعة أولية,ar
신병,مجند جديد,ar
신성 결투가,المبارزة السامية,ar
신성한 대장간,مصهر التمجيد,ar
신의 축복,مباركة السماء,ar
신중한 제작,المصهر الكامن,ar
실컷 울어봐라,بكاء بلا جدوى,ar
싸움꾼,مشاجر,ar
싸움꾼 상징,شارة المشاجر,ar
쌍두마차,توأم تانك,ar
쌍둥이 수호자,الحارسان التوأمان,ar
쓰레쉬의 랜턴,فانوس ثريش,ar
쓰레쉬의 은총,هبة ثريش,ar
쓸데없이 큰 지팡이,قصبة عريضة بلا داع,ar
아리의 오라,هالة آري,ar
아리의 은총,هبة آري,ar
아우렐리온 솔,أوريليون سول,ar
아우렐리온 솔의 은총,هبة أوريليون سول,ar
아이템 꾸러미,كيس هدايا العناصر,ar
아칼리,أكالي,ar
아케인 빅토르이!,انتصار فيكتور آركين,ar
아트록스,آتروكس,ar
악성코드 매트릭스,مصفوفة البرمجيات الخبيثة,ar
악의적 수익 창출,العوائد الخبيثة,ar
암흑의 별,النجم المظلم,ar
암흑의 별 상징,شارة النجم المظلم,ar
야스오의 검술,مهارة مبارزة ياسو,ar
야스오의 스포트라이트 공유,مشاركة تألق ياسو,ar
야스오의 은총,هبة ياسو,ar
야스오의 황금 칸,خانة ياسو الذهبية,ar
약간 신비한 주사위,الرمية السحرية المخفّفة,ar
어둠의 여인,سيدة الظلام,ar
어수선한 마음,الذهن المشوّش,ar
얽힌 마법,السحر المحبوك,ar
엄청나게 이로운 효과!,أطنان من الإحصاءات!,ar
에너지 파동,كاهوناهونا,ar
에코의 은총,هبة إيكو,ar
에코의 인내,صبر إيكو,ar
여신의 눈물,دمعة الزعيمة,ar
여행자,رحالة,ar
여행자 상징,شارة الرحالة,ar
역병의 보석,الجوهرة المتلفة,ar
역전의 서막,حكاية العودة,ar
연결 불가,اتصالات فائتة,ar
연속 주문 사용,استحضار السحر المستمر,ar
연습용 장갑,قفاز التدريب,ar
영웅 꾸러미,كيس الهدايا البطولي,ar
영원한 브론즈,البرونزي حتى النهاية,ar
영원한 서약,الميثاق الأزلي,ar
영혼 각성,صحوة الروح,ar
예금 계좌,حساب الادخار,ar
예비 활,الأقواس الاحتياطية,ar
예상된 예상 밖의 결과,مفاجآت الحظ,ar
예언자,عراف,ar
오라 축적,حصاد الهالة,ar
오로라,أورورا,ar
오른,أورن,ar
왕관의 무게,عبء التاج ثقيل,ar
요새,حصن,ar
요새 상징,شارة الحصن,ar
용의 발톱,مخلب التنين,ar
우르곳,أورغوت,ar
우르프의 갬빗,مناورة أورف,ar
우르프의 꾸러미,كيس هدايا أورف,ar
우주 그루브,رقص الفضاء,ar
우주 그루브 상징,شارة رقص الفضاء,ar
우주적 재시작,البداية الكونية الجديدة,ar
운명술사,نساج المصير,ar
워모그의 갑옷,درع وارموغ,ar
위험한 행보,الحركات الخطرة,ar
유기물 보존기,حافظ المادة الحيوية,ar
유리 대포,مدفع من زجاج,ar
유연함,المرن,ar
유용한 금속,الأصول الحديدية,ar
은빛 여명,فجر سيلفرمير,ar
은수저,الملعقة الفضية,ar
은하계 사냥꾼,صياد المجرة,ar
음전자 망토,عباءة النيغاترون,ar
응당한 대가,مقابل أي ثمن,ar
응징,القصاص,ar
이블린의 본능,غريزة إيفلين,ar
이블린의 은총,هبة إيفلين,ar
이온 충격기,الشرارة الأيونية,ar
이즈리얼,إزريال,ar
인지 과부하,الحمل المعرفي الزائد,ar
인지세,الضريبة المعرفية,ar
일라오이,إيلاوي,ar
일상물,لمحة من الحياة,ar
임무 재시작,إعادة المهمة,ar
임시변통 방어구,الدروع المؤقتة,ar
자객의 발톱,مخلب المتصيد,ar
자리 비움,التغيب عن اللعب,ar
자야,زايا,ar
작은 꾸러미,كيس هدايا صغير,ar
작은 친구들,الرفاق الصغار,ar
작지만 치명적인,الصغير الفتاك,ar
장기 투자,الاستثمار طويل الأجل,ar
재빠른 더블 킬,القتل المزدوج السريع,ar
재빠른 무장,الاستهلاك ضروري,ar
재생의 바람,النوبة الثانية,ar
재활용 쓰레기통,الاستخلاص المفيد,ar
잭스,جاكس,ar
저 별을 향해,السعي نحو النجوم,ar
저격수,رامي,ar
저격수 상징,شارة الرامي,ar
저녁갑주,الدرع الساتر,ar
저주받은 왕관,التاج الملعون,ar
저주받은 칼날,النصل الملعون,ar
적응형 투구,الخوذة المتكيفة,ar
전달자,الوسيط,ar
전달자 모드,وضع الوسيط,ar
전략가의 망토,قلنسوة المخطِط,ar
전략가의 방패,درع المخطِط,ar
전략가의 왕관,تاج المخطِط,ar
전략가의 주방,مطبخ المخطِط,ar
전방의 토대,تأسيس الخط الأمامي,ar
전하 이동,نقل الشحنة,ar
점심값,مصروف الغداء,ar
정교한 공예,التصنيع المتقن,ar
정렬,تشكيل الصفوف,ar
정령단 속도,عجلة الميب السريعة,ar
정령의 형상,وجه الروح,ar
정령족,صديق الميب,ar
정령족 상징,شارة صديق الميب,ar
정의의 손길,يد العدالة,ar
제드,زيد,ar
조기 교육,الدروس المبكرة,ar
조이,زوي,ar
조합 아이템 강탈,عملية السطو على المكونات,ar
주인공 버프,دروع البطل,ar
죽음의 검,نصل الموت,ar
중심 잡기,اعثر على مركزك,ar
중재자,قاضي,ar
중재자 상징,شارة القاضي,ar
즈롯 차원문,بوابة ززروت,ar
증강된 힘,قوة محسَّنة,ar
지옥불 손도끼,فأس نيران الجحيم,ar
지크의 음산한 전령,نذير زيكي الكئيب,ar
지크의 전령,نذير زيكي,ar
지팡이 제작자,صانع القصبات,ar
지평선의 초점,تركيز الأفق,ar
지휘관,القائدة,ar
진,جين,ar
진형 유지,حماية الخطوط,ar
징크스,جينكس,ar
찬란한 장난꾸러기,الوغد المشع,ar
참는 자에게 복을,الصبر فضيلة,ar
철퇴의 의지,إرادة الصولجان,ar
청부 살인마,القاتل المأجور,ar
초가스,تشوغاث,ar
초능력,قوى ذهنية,ar
초능력 상징,شارة القوى الذهنية,ar
초월,الارتقاء,ar
최신상,جديد من المصنع,ar
최적화,اللعب الأمثل,ar
최후의 속삭임,الهمسة الأخيرة,ar
추방자,المنفيون,ar
추적자의 팔목 보호대,واقي ذراع المطارد,ar
출세가도,الحركة التصاعدية,ar
출정,طريق الحرب,ar
충돌 시험용 봇,دمى اختبار التحطم,ar
치명적 성공,النجاح الحرج,ar
치명적인 칼날,نصال أشد فتكًا,ar
친구 만들기,بناء البطل,ar
친구 만들기,صناعة صديق,ar
침략자 제드,زيد الغازي,ar
침묵의 장막,ستار السكون,ar
카르마,كارما,ar
카이사,كايسا,ar
카파 주스,عصير القبعة,ar
케이틀린,كايتلين,ar
케일의 승천,تمجيد كايل,ar
케일의 은총,هبة كايل,ar
케일의 찬란한 승천,تمجيد كايل المشع,ar
코르키,كوركي,ar
크기의 중요성,الحجم مهم,ar
크라운가드,حامي التاج,ar
크라켄의 분노,فورة الكراكن,ar
큰 꾸러미,كيس هدايا كبير,ar
킨드레드,كيندريد,ar
타격대의 철퇴,هراوة المهاجم,ar
타락한 흡혈의 낫,صولجان مصاصي الدماء الفاسد,ar
탈론,تالون,ar
탐 켄치,تام كينش,ar
탐사,الحملة الاستكشافية,ar
탑,البرج,ar
태고족,برايمورديان,ar
태고족 상징,شارة برايمورديان,ar
태양불꽃 망토,قلنسوة لهب الشمس,ar
태양불꽃판,لوح لهيب الشمس,ar
투자,الاستثمار,ar
트위스티드 페이트,تويستد فايت,ar
특별 맞춤 설정,تخصيص حصري,ar
특성 나무,شجرة الخواص,ar
특성 선택,اختر خاصية,ar
특성의 고서,مجلد الخواص,ar
티모,تيمو,ar
파멸자,حاملة المصائب,ar
파묻힌 보물,الكنوز المدفونة,ar
파이크,بايك,ar
파이트 머니,مقاتل الجوائز,ar
파티광,محترف الحفلات,ar
판도라의 대기석,دكة بدلاء باندورا,ar
판도라의 아이템,عناصر باندورا,ar
판테온,بانثيون,ar
폭발적인 성장,النمو المتفجر,ar
표적 고정 광학 장치,منظار رصد الهدف,ar
푸른 파수꾼,محفز أزرق,ar
프라이팬,مقلاة,ar
프리즘 티켓,تذكرة موشورية,ar
피바라기,المتعطش للدماء,ar
피오라,فيورا,ar
피의 공물,قربان الدم,ar
피의 대가,ثمن الدم,ar
피즈,فيز,ar
하급 거울의 환영,الشخصية المنعكسة المصغّرة,ar
"하나, 둘, 다섯!",واحد، اثنان، خمسة!,ar
"하나, 둘, 셋",واحد واثنان وثلاثة,ar
하나로 뭉치는 거지,نتماسك معًا,ar
해진 유물,التحفة الذابلة,ar
행운의 기운,رمية الحظ,ar
행운의 장갑,قفاز الحظ,ar
헤지 펀드,صندوق التحوط,ar
현명한 소비,الإنفاق الحكيم,ar
협곡 바위 게,ريفت سكاتلر,ar
협력,تشكيل الفريق,ar
호화로운 정기 구독,الاشتراك الفخم,ar
혼돈의 부름,دعوة إلى الفوضى,ar
화력 집중,النيران المركزة,ar
활력증진의 펜던트,قلادة التنشيط,ar
활의 수호자,قوسي في خدمتك,ar
황금 드래곤,التنين الذهبي,ar
황금 알,البيضة الذهبية,ar
황혼의 방패,درع الغسق,ar
회복의 구,بلورات العلاج,ar
회복의 메아리,صدى الشفاء,ar
후반 성장,زيادة القوة في نهاية المباراة,ar
후반 전문가,اختصاصي نهاية المباراة,ar
후방 설계도,خطة عمل الخط الخلفي,ar
훈련 봇,دمية التدريب,ar
훈련 봇 변환,التحويل إلى دمية,ar
휴대용 대장간,المصهر المحمول,ar
흐르는 눈물,الدموع المتدفقة,ar
흡혈의 활력,حيوية مصاص الدماء,ar
흥청망청,فورة تسوق,ar
힘을 실은 제련,مصنوعٌ من القوة,ar
힘의 성배,كأس القوة,ar
羊刀,نصل غضب غينسو,ar
帽子,قبعة موت رابادون,ar
大帽,قبعة موت رابادون,ar
法帽,قبعة موت رابادون,ar
青龙刀,رمح شوجين,ar
龙刀,رمح شوجين,ar
蓝buff,محفز أزرق,ar
大天使,عصا كبير الحُماة,ar
AA,عصا كبير الحُماة,ar
珠光,القفاز المرصع بالجواهر,ar
法爆,القفاز المرصع بالجواهر,ar
JG,القفاز المرصع بالجواهر,ar
鬼书,موريلونوميكون,ar
离子,الشرارة الأيونية,ar
纳什,سن ناشور,ar
科技枪,سكين سلاح الهيكستيك,ar
枪刃,سكين سلاح الهيكستيك,ar
虚空,صولجان الفويد,ar
法穿棒,صولجان الفويد,ar
无尽,السيف الأبدي,ar
IE,السيف الأبدي,ar
死刃,نصل الموت,ar
杀人剑,نصل الموت,ar
DB,نصل الموت,ar
巨杀,قاتل العمالقة,ar
GS,قاتل العمالقة,ar
轻语,الهمسة الأخيرة,ar
LW,الهمسة الأخيرة,ar
海妖,فورة الكراكن,ar
泰坦,عزم العملاق,ar
幽梦,نصل يومو الشبحي,ar
QSS,الزئبق,ar
血手,قفاز ستيراك,ar
饮血,المتعطش للدماء,ar
BT,المتعطش للدماء,ar
反甲,السترة المدببة,ar
龙爪,مخلب التنين,ar
DC,مخلب التنين,ar
石像鬼,درع صدر مرزاب الحجري,ar
狂徒,درع وارموغ,ar
夜锋,عباءة الليل,ar
EON,عباءة الليل,ar
日炎,قلنسوة لهب الشمس,ar
适应,الخوذة المتكيفة,ar
坚定,القلب الراسخ,ar
心之刚,القلب الراسخ,ar
斯特拉克,قفاز ستيراك,ar
偷偷,قفاز اللص,ar
圣盾,نذر الحامي,ar
誓约,نذر الحامي,ar
冰甲,نذر الحامي,ar
圣杯,كأس القوة,ar
基克,نذير زيكي,ar
鸟盾,قلادة سولاري الحديدي,ar
正义,يد العدالة,ar
HOJ,يد العدالة,ar
法衣,ستار السكون,ar
女妖,حجاب بانشي,ar
薄暮,الدرع الساتر,ar
骑士,عهد الفارس,ar
月石,حجر القمر المنعش,ar
恶意,الضغينة,ar
嘉文,جارفان الرابع,ar
J4,جارفان الرابع,ar
菊花信,شين جاو,ar
小炮,تريستانا,ar
卡牌,تويستد فايت,ar
牌爹,تويستد فايت,ar
TF,تويستد فايت,ar
挖掘机,ريكساي,ar
妖姬,لوبلانك,ar
船长,غانغ بلانك,ar
GP,غانغ بلانك,ar
大卑,بيلفيث,ar
蝙蝠,بيلفيث,ar
女枪,ميس فورتشن,ar
霸龙,تي-هكس,ar
霸王龙,تي-هكس,ar
螃蟹,ريفت سكاتلر,ar
猴子,ووكونغ,ar
稻草人,فيدل ستيكس,ar
蛤蟆,تام كينش,ar
狗熊,فوليبير,ar
龙王,أوريليون سول,ar
小法,فيغار,ar
老鼠,تويتش,ar
诺手,داريوس,ar
德玛,غارين,ar
大虫子,تشوغاث,ar
灯笼,ثريش,ar
大嘴,كوغ ماو,ar
狼人,وارويك,ar
鳄鱼,رينيكتون ,ar
龙女,شيفانا,ar
豹女,نيدالي,ar
寒冰,آش,ar
女警,كايتلين,ar
皮城女警,كايتلين,ar
琴女,سونا,ar
机器人,بليتزكرانك,ar
男爵,بارون ناشور,ar
杀手,سفّاح,ar
大龙,بارون ناشور,ar
小菊,بروك,ar
流浪,رايز,ar
偷男,سايلاس,ar
甘雨,كيندريد,ar
劲夫,سيت,ar
棺材板,زيراث ,ar
剑魔,آتروكس,ar
乌鸦,سواين,ar
光女,لكس,ar
酸辣粉,سيرافين,ar
宝石,تاريك,ar
德子,درايفن,ar
冰女,ليساندرا,ar
电耗子,كينين,ar
猪女,سيجواني,ar
猪妹,سيجواني,ar
剪刀,غوين,ar
掘墓,يوريك ,ar
皎月,ديانا,ar
蛮王,تريندامير,ar
腰子,شين,ar
赏金,ميس فورتشن,ar
冰鸟,أنيفيا,ar
爆弹,زيغز,ar
黑妹,ميل,ar
熊,تيبرز,ar
佛爷,فييغو,ar
沙皇,أزير,ar
日女,ليونا,ar
女坦,ليونا,ar
丁真,ميليو,ar
小法师,فيغار,ar
滑板鞋,كاليستا,ar
火女,آني,ar
狗头,ناسوس,ar
板甲,درع صدر مرزاب الحجري,ar
赌狗,reroll,ar
运营,econ,ar
转向,pivot,ar
质量,board strength,ar
连败,lose streak,ar
连胜,win streak,ar
速8,fast 8,ar
摆烂,open fort,ar
卖血,sack,ar
慢D,slow roll,ar
大转型,hard pivot,ar
小调整,soft pivot,ar
海克斯,augment,ar
运气好,highroll,ar
运气差,lowroll,ar
棱彩强化,prismatic augment,ar
铲爷,mobile player,ar
Ixtal,إشتال,ar
Shadow Isles,جزر الظلام,ar
Trolling,مضايقة الترول,ar
Contested,محط النزاع,ar
BRB,سأعود بعد قليل,ar
IRA,حساب التقاعد,ar
JACKPOT,الجائزة الكبرى,ar
PREMIO,الجائزة الكبرى,ar
IEM,نبضة كهرومغناطيسية,ar
PO,ذهب,ar
PROJET,فيالق ليزر,ar
Ace,الإبادة,ar
PILLANAT,سأعود بعد قليل,ar
Redemption,الافتداء,ar
Completed Item,عنصر مكتمل,ar
Reforger,إعادة تصنيع,ar
Cash Out,تحصيل الأرباح,ar
EMP,نبضة كهرومغناطيسية,ar
As,الإبادة,ar
ZW,سأعود بعد قليل,ar
Titan,طاغوت,ar
Level Up,الترقية.,ar
RB,Rageblade,ar
blue buff,Blue Buff,ar
red buff,Red Buff,ar
IS,Ionic Spark,ar
ionic,Ionic Spark,ar
dcap,Deathcap,ar
rageblade,Guinsoo's Rageblade,ar
gunblade,Hextech Gunblade,ar
shiv,Statikk Shiv,ar
stattik,Statikk Shiv,ar
titans,Titan's Resolve,ar
gargoyle,Gargoyle Stoneplate,ar
garg,Gargoyle Stoneplate,ar
claw,Dragon's Claw,ar
dclaw,Dragon's Claw,ar
archangels,Archangel's Staff,ar
sojin,Spear of Shojin,ar
bilge,Bilgewater,ar
BW,Bilgewater,ar
SI,Shadow Isles,ar
shadow isles,Shadow Isles,ar
pilt,Piltover,ar
pilty,Piltover,ar
nox,Noxus,ar
ixtal,Ixtal,ar
sorc,Sorcerer,ar
sorcs,Sorcerer,ar
scrim,scrim,ar
scrims,scrim,ar
scrimming,scrim,ar
T0,S-tier,ar
T1,A-tier,ar
T2,B-tier,ar
TK,تام كينش,ar
WW,وارويك,ar
efls,أفيليوس,ar
MF,ميس فورتشن,ar
BV,بيلفيث,ar
LB,لوبلانك,ar
BF,السيف الهائل,ar
TG,قفاز اللص,ar
BB,محفز أزرق,ar
Challenger,挑战者,ar
Ixtal,以绪塔尔,ar
Shadow Isles,暗影岛,ar
Hextech,海克斯科技,ar
Trolling,震惊巨魔,ar
JACKPOT,头奖,ar
Hard Pivot,硬性变阵,ar
Completed Item,成装,ar
Prismatic Augment,棱彩阶强化符文,ar
Choke,阻塞,ar
Hand Of Justice,正义之手,ar
Giant Slayer,巨人杀手,ar
Redemption,救赎,ar
Sunfire Cape,日炎斗篷,ar
Hextech Gunblade,海克斯科技枪刃,ar
Radiant Item,光明武器,ar
Reforger,装备重铸器,ar
Ionic Spark,离子火花,ar
Blue Buff,蓝霸符,ar
Bramble Vest,棘刺背心,ar
Edge of Night,夜之锋刃,ar
Statikk Shiv,斯塔缇克电刃,ar
Cash Out,见好就收,ar
Morellonomicon,莫雷洛秘典,ar
Red Buff,红霸符,ar
Crownguard,冕卫,ar
Last Whisper,最后的轻语,ar
Jeweled Gauntlet,珠光护手,ar
AFK,开摆,ar
Win Out,登上最高峰,ar
Contested,纷争,ar
BRB,假装摸鱼,ar
Slammin',物尽其用,ar
IRA,退休账户,ar
AVP,平均排名,ar
Item Priority,装备优先级,ar
Positioning,站位参考,ar
Core,核心,ar
Component,散件,ar
Radiant Item,光明装备,ar
Contested,内卷,ar
