source,target,tgt_lng
1个霸符，2个霸符,İki Kat Güçlendirme,tr
2 Vàng Là Nhất,İki Elin Sesi Var,tr
2体のタンク,Şok Dayanıklı,tr
2만한 가치,İki Elin Sesi Var,tr
2인조,Çifte Ödül,tr
3の軍団,Üçler Ordusu,tr
3단계 군단,Üçler Ordusu,tr
4가 함께하길,Dört Seninle Olsun,tr
4후지원,Dört Dörtlük,tr
8级D干的传说,Destansı Yenileme,tr
A Hajnal égisze,Şafak Kalkanı,tr
A Magic Roll,Büyülü Zarlar,tr
A Masszív mecha,Muhteşem Meka,tr
A Nagy Bumm,Büyük Patlama,tr
A Que Custo,Ne Pahasına?,tr
A Remontar,Hızlı Yükseliş,tr
A Torre,Kule,tr
A União Faz a Força,Birliğin Gücü,tr
A buzogány akarata,Gürzün Dileği,tr
A felemelkedés talizmánja,Uluların Tılsımı,tr
A feltámadás áldása,Dirilme Lütfu,tr
A frontvonal alapjai,Dayanıklı Ön Sıra,tr
A gondviselő barátja,Koruyucunun Müttefiki,tr
A gyűjtögető adománya,Hurdacının Lütfu,tr
A hatalom kelyhe,Güç Kadehi,tr
A járatlan út,Dallan Budaklan,tr
A kraken haragja,Kraken'in Öfkesi,tr
A káosz hívása,Şanslı Hissediyorum,tr
A legapróbb titán,En Minik Dev,tr
A megváltás szelleme,Kefaret Ruhu,tr
A mozdulatlanság leple,Sükûnet Örtüsü,tr
A méret a lényeg,Boyut Önemli,tr
A nagy pofon,Saklı Gerçek,tr
A négyek ereje,Dört Seninle Olsun,tr
A por el bote,Ödüllü Müsabaka,tr
A por la victoria,Hızlı Yükseliş,tr
A portyázó karma,Sinsi Pençe,tr
A prueba de choques,Kukla Yağmuru!,tr
A quale prezzo,Ne Pahasına?,tr
A qué precio,Ne Pahasına?,tr
A rettenthetetlen,Yenilmez,tr
A taktikus koronája,Strateji Ustası Tacı,tr
A titán elszántsága,Titanın Azmi,tr
A torony,Kule,tr
A végjáték szakértője,İleri Safhalarda Görüşürüz,tr
A vízköpő sziklavértje,Gargoyl Taşzırhı,tr
AFK,AFK,tr
Aatrox,Aatrox,tr
Abbonamento di lusso,Lüks Aboneliği,tr
Abbraccio di gruppo,Grup Kucaklaşması,tr
Abendschleier,Denge Örtüsü,tr
Abo-Service,Abonelik Hizmeti,tr
Abonament,Abonelik Hizmeti,tr
Abonament de lux,Lüks Aboneliği,tr
Abondance de baguettes,Sopa Fazlalığı,tr
Abondance de ceintures,Kemer Fazlalığı,tr
Abondance de glaives,Kılıç Fazlalığı,tr
Abonnement,Abonelik Hizmeti,tr
Abonnement premium,Lüks Aboneliği,tr
Abra o Caminho,Bir Yol Çiz,tr
Abrazo Grupal,Grup Kucaklaşması,tr
Abrazo grupal,Grup Kucaklaşması,tr
Abraço Coletivo,Grup Kucaklaşması,tr
Absurdalnie Wielka Różdżka,Aşırı Büyük Sopa,tr
Abwesend,AFK,tr
Accelerator mecanic,Mekanik Hızlandırıcı,tr
Acceleratore meccanico,Mekanik Hızlandırıcı,tr
Accetta infernale,Cehennem Ateşi Baltası,tr
Acciaio brillante,Yaldızlı Çelik,tr
Accélérateur mécanique,Mekanik Hızlandırıcı,tr
Acelerador Mecanizado,Mekanik Hızlandırıcı,tr
Acelerador Mecánico,Mekanik Hızlandırıcı,tr
Acelerador de relojería,Mekanik Hızlandırıcı,tr
Acero Dorado,Yaldızlı Çelik,tr
Acero dorado,Yaldızlı Çelik,tr
Achat 3 étoiles,Tam Donanımlı,tr
Acier doré,Yaldızlı Çelik,tr
Actualiza sin parar,Durmadan Yenile,tr
Acumular,Gözü Yükseklerde,tr
Acélszív,Çelikten Yürek,tr
Adagas Oscilantes,Tezbıçak,tr
Adaptive Helm,Değişken Miğfer,tr
Adaptiver Helm,Değişken Miğfer,tr
Adaptív sisak,Değişken Miğfer,tr
Addestramento da Guardia del corpo,Koruma Eğitimi,tr
Adiestramiento de guardaespaldas,Koruma Eğitimi,tr
Advanced Loan,Yüklü Borç,tr
Aegis of Dawn,Şafak Kalkanı,tr
Aegis of Dusk,Alacakaranlık Kalkanı,tr
Agujero negro en miniatura,Mini Kara Delik,tr
Ahri aurája,Ahri'nin Haresi,tr
Ahri áldása,Ahri'nin Lütfu,tr
Ahri's Aura,Ahri'nin Haresi,tr
Ahri's Boon,Ahri'nin Lütfu,tr
Ahris Aura,Ahri'nin Haresi,tr
Ahris Segen,Ahri'nin Lütfu,tr
Ahřin dar,Ahri'nin Lütfu,tr
Ahřina aura,Ahri'nin Haresi,tr
Ajándékcsomag,İhtiyaç Paketi,tr
Akali,Akali,tr
Akcelerator Nakręcanego,Mekanik Hızlandırıcı,tr
Aktualisierungstaumel,Durmadan Yenile,tr
Al Filo de la Cordura,Aklın Sonu,tr
Alakzatba,Dizilim,tr
Alba di Silvermere,Gümüşgöl Şafağı,tr
Alcance as Estrelas,Yıldızlara Uzan,tr
Alege caracteristica,Özellik Seç,tr
Alfanje Espectral,Hortlak Palası,tr
Aliado do Protetor,Koruyucunun Müttefiki,tr
Alianza del Guardián,Koruyucunun Müttefiki,tr
Alianza del protector,Koruyucunun Müttefiki,tr
Aliatul îngrijitorului,Koruyucunun Müttefiki,tr
Alimenta las Llamas,Alevleri Körükle,tr
Alimentad las llamas,Alevleri Körükle,tr
Alimentare le fiamme,Alevleri Körükle,tr
Alimente as Chamas,Alevleri Körükle,tr
Alineación,Dizilim,tr
Aliniere,Dizilim,tr
Alkatrészes zsák,Eşya Çekilişi,tr
Alleato del custode,Koruyucunun Müttefiki,tr
Allumer le feu,Alevleri Körükle,tr
Alma da Festa,Parti Patisi,tr
Alta Voltagem,Yüksek Voltaj,tr
Alta tensione,Yüksek Voltaj,tr
Alto Voltaje,Yüksek Voltaj,tr
Alto voltaje,Yüksek Voltaj,tr
Alvorada de Pratânia,Gümüşgöl Şafağı,tr
Aléatoire jacta est,Dallan Budaklan,tr
Aléatoirement vôtre,Çifte Ödül,tr
Amanecer Plateado,Gümüşgöl Şafağı,tr
Amanecer de Meraplata,Gümüşgöl Şafağı,tr
Ami sur mesure,Güçlü Arkadaşlık,tr
Amico dei Mippi,Micingil,tr
Amico fai-da-te,Tam Teşekküllü,tr
Amigos a medida,Tam Teşekküllü,tr
Amiguinhos,Minik Dostlar,tr
Amiguitos,Minik Dostlar,tr
Amulet Vyzdvižení,Uluların Tılsımı,tr
Amulett der eisernen Solari,Demir Solari'nin Broşu,tr
Amulett des Aufstiegs,Uluların Tılsımı,tr
An Exalted Adventure,Haşmetli Macera,tr
Andare per le lunghe,Gözü Yükseklerde,tr
Angajament solid,Sadakat,tr
Anima,Anima,tr
Anima Commander,Anima Komutanı,tr
Anima Emblem,Anima Amblemi,tr
Anima-Emblem,Anima Amblemi,tr
Anima-Kommandant,Anima Komutanı,tr
Animale da festa,Parti Patisi,tr
Animalia,Anima,tr
Antrenamentul gărzii de corp,Koruma Eğitimi,tr
Apariencia Espiritual,Ruh Gömleği,tr
Apocaliptic,Pesimist,tr
Aposta em Ouro,Altın Riski,tr
Apoteotická kovárna,Ulvi Ocak,tr
Apotheotic Forge,Ulvi Ocak,tr
Appel du chaos,Şanslı Hissediyorum,tr
Aprendizados Iniciais,İlk Öğretiler,tr
Aprendizaje inicial,İlk Öğretiler,tr
Aprire un passaggio,Bir Yol Çiz,tr
Apró cimborák,Minik Dostlar,tr
Apró titánok,Minik Devler,tr
Apuesta Dorada,Altın Riski,tr
Apuesta dorada,Altın Riski,tr
Apunta a las Estrellas,Yıldızlara Uzan,tr
Apunta a las estrellas,Yıldızlara Uzan,tr
Apărător,Öncü,tr
Araldo di Zeke,Zeke'nin Sancağı,tr
Aranyjátszma,Altın Riski,tr
Arauto Desolador de Zeke,Zeke'nin Kasvetli Sancağı,tr
Arauto de Zeke,Zeke'nin Sancağı,tr
Arbiter,Hâkim,tr
Arbiter Emblem,Hâkim Amblemi,tr
Arbitro,Hâkim,tr
Arbitrzy,Hâkim,tr
Arc courbe,Nişancı Yayı,tr
Arc încovoiat,Nişancı Yayı,tr
Arcane Vidor Viktor,Viktor'un Sihri,tr
Arcane Viktor-y,Viktor'un Sihri,tr
Arcane ビクタリー,Viktor'un Sihri,tr
Arcane-Viktor-y,Viktor'un Sihri,tr
Arcaniquement Viktor-ieux,Viktor'un Sihri,tr
Archandělova hůl,Başmelek Asası,tr
Archangel's Staff,Başmelek Asası,tr
Archi da supporto,Yedek Yaylar,tr
Archibugio a ripetizione,Bombardıman Topu,tr
Arco Recurvado,Nişancı Yayı,tr
Arco Recurvo,Nişancı Yayı,tr
Arco curvo,Nişancı Yayı,tr
Arco ricurvo,Nişancı Yayı,tr
Arcos Reserva,Yedek Yaylar,tr
Arcos de Repuesto,Yedek Yaylar,tr
Arcos de refuerzo,Yedek Yaylar,tr
Arcs à gogo,Yedek Yaylar,tr
Arcuri de rezervă,Yedek Yaylar,tr
Argento vivo,Cıva,tr
Argint viu,Cıva,tr
Argogranchio,Yampiri Yengeç,tr
Arkangyal pálcája,Başmelek Asası,tr
Arma un Amigo,Tam Teşekküllü,tr
Armado máximo,Azami Dizilim,tr
Armadura Improvisada,Eğreti Zırh,tr
Armadura Pétrea,Gargoyl Taşzırhı,tr
Armadura de Warmog,Warmog'un Zırhı,tr
Armadura de trama,Ana Karaktere Bir Şey Olmaz,tr
Armadura improvisada,Eğreti Zırh,tr
Armaguarda da Caçadora,Maceracının Pazubendi,tr
Armatura di Warmog,Warmog'un Zırhı,tr
Armatura improvvisata,Eğreti Zırh,tr
Armschutz des Suchenden,Maceracının Pazubendi,tr
Armura lui Warmog,Warmog'un Zırhı,tr
Armure de Warmog,Warmog'un Zırhı,tr
Armure improvisée,Eğreti Zırh,tr
Armure roncière,Dikenli Yelek,tr
Armurier,Kılıç İşçisi,tr
Armură improvizată,Eğreti Zırh,tr
Aronguejo,Yampiri Yengeç,tr
Arta atacului lui Yasuo,Yasuo'nun Kılıç Sanatı,tr
Artefacts à la rescousse,Güçle İşlenmiş,tr
Artesanía Creativa,El Emeği Göz Nuru,tr
Artiglio del drago,Ejder Pençesi,tr
Artiglio del predatore,Sinsi Pençe,tr
Aruncare magică,Büyülü Zarlar,tr
Asalto de Componentes,Bileşen Eşya Soygunu,tr
Ascender de Posición,Tırmanışa Devam,tr
Ascension,Yükseliş,tr
Ascension partielle,Kısmi Yükseliş,tr
Ascension sociale,Daimi Yükseliş,tr
Ascensione,Yükseliş,tr
Ascensione parziale,Kısmi Yükseliş,tr
Ascensiune,Yükseliş,tr
Ascensiune socială,Daimi Yükseliş,tr
Ascensión,Yükseliş,tr
Ascensión parcial,Kısmi Yükseliş,tr
Ascenso,Yükseliş,tr
Ascenso social,Daimi Yükseliş,tr
Ascensão,Yükseliş,tr
Ascensão Parcial,Kısmi Yükseliş,tr
Asesinato Doble Veloz,Hızlı İkide İki,tr
Asesinato doble veloz,Hızlı İkide İki,tr
Asesino a Sueldo,Kiralık Katil,tr
Asesino a sueldo,Kiralık Katil,tr
Aspoň k něčemu,Kedi Olalı Bir Fare,tr
Assassinato Indiscriminado,Herkesin Katili,tr
Assinatura de Luxo,Lüks Aboneliği,tr
Astral,Yıldız Gözlemcisi,tr
Astro-groove,Uzayın Ritmi,tr
Astromante,Yıldız Gözlemcisi,tr
Astronomo,Yıldız Gözlemcisi,tr
At What Cost,Ne Pahasına?,tr
Atalho à Vitória,Hızlı Yükseliş,tr
Atirador de Elite,Keskin Nişancı,tr
Atributo elegido,Özellik Seç,tr
Attente récompensée,Beklemeye Değer,tr
Attribut wählen,Özellik Seç,tr
Atualização Épica,Destansı Yenileme,tr
Au bout du rouleau,Aklın Sonu,tr
Aube de Haut-Lac-d'Argent,Gümüşgöl Şafağı,tr
Auf lange Sicht,Gözü Yükseklerde,tr
Aufschwung,İkinci Şans,tr
Aufstellung,Dizilim,tr
Aufstieg,Yükseliş,tr
Auftragsmörder,Kiralık Katil,tr
Aufwärtsmobilität,Daimi Yükseliş,tr
Augmented Power,Gelişmiş Güç,tr
Augmentierte Macht,Gelişmiş Güç,tr
Augmentovaná síla,Gelişmiş Güç,tr
Aulas de Boxe,Boks Dersi,tr
Aumento di livello in solitaria,Ben Tek Siz Hepiniz,tr
Aumento di livello!,Seviye Atla!,tr
Aura Ahri,Ahri'nin Haresi,tr
Aura Farming,Zihinsel Hazırlık,tr
Aura d'Ahri,Ahri'nin Haresi,tr
Aura de Ahri,Ahri'nin Haresi,tr
Aura di Ahri,Ahri'nin Haresi,tr
Aura lui Ahri,Ahri'nin Haresi,tr
Aura-farmen,Zihinsel Hazırlık,tr
Aurafarmolás,Zihinsel Hazırlık,tr
Aurelion Sol,Aurelion Sol,tr
Aurelion Sol áldása,Aurelion Sol'ün Lütfu,tr
Aurelion Sol's Boon,Aurelion Sol'ün Lütfu,tr
Aurelion Sols Segen,Aurelion Sol'ün Lütfu,tr
Aurelion Solův dar,Aurelion Sol'ün Lütfu,tr
Auronúcleo,Şafağın Özü,tr
Aurora,Aurora,tr
Avanguardia,Öncü,tr
Avaricia,Paragöz,tr
Aventura Exaltada,Haşmetli Macera,tr
Avidité,Paragöz,tr
Avènement des deux,İki Elin Sesi Var,tr
Awans,Daimi Yükseliş,tr
Awansujesz!,Seviye Atla!,tr
Az Alkony égisze,Alacakaranlık Kalkanı,tr
Az Oltalmazó esküje,Muhafızın Adağı,tr
Az adottságfa,Özellik Ağacı,tr
Az adottságok könyve,Özellikler Kitabı,tr
Az aranysárkány,Altın Ejder,tr
Az aranytojás,Altın Yumurta,tr
Az erő itala,Şapkat Nektarı,tr
Az igazság ökle,Adaletin Eli,tr
Az iron solarik medálja,Demir Solari'nin Broşu,tr
Az istenek kohója,Ulvi Ocak,tr
Az Üresség botja,Hiçlik Değneği,tr
Az éj kardja,Gecenin Kıyısı,tr
Az óriás öve,Dev Kemeri,tr
Azzardo di Urf,Urf Hamlesi,tr
Aço Áureo,Yaldızlı Çelik,tr
B.F. Sword,TEK Kılıcı,tr
B.F. 대검,TEK Kılıcı,tr
B.F.ソード,TEK Kılıcı,tr
"BEZ ZWIADU, BEZ ZMIAN",Yolumdan Dönmem,tr
BF Glaive,TEK Kılıcı,tr
BRAK AKTYWNOŚCI,AFK,tr
Bac de recyclage,Mal Kurtarma,tr
Backline Blueprint,Arka Sıra Savunması,tr
Backup Bows,Yedek Yaylar,tr
Bagarreur,Dövüşçü,tr
Baguette trop grosse,Aşırı Büyük Sopa,tr
Baguettes à gogo,Sonsuz Büyü,tr
Bahne dir den Weg,Bir Yol Çiz,tr
Bajkeverő,Dövüşçü,tr
Bajkeverő embléma,Dövüşçü Amblemi,tr
Bajkeverők,Uyumsuzlar,tr
Bajo el mismo foco de Yasuo,Yasuo'nun İlgi Budalası Eklentisi,tr
Baluardo,Siper,tr
Baluarte,Siper,tr
Bam!,Bonk!,tr
Banc de Pandore,Pandora'nın Yedekleri,tr
Banca Pandorei,Pandora'nın Yedekleri,tr
Banca de Pandora,Pandora'nın Yedekleri,tr
Band of Thieves,Hırsız Çetesi,tr
Band of Thieves II,Hırsız Çetesi II,tr
Banda Złodziejaszków,Hırsız Çetesi,tr
Banda Złodziejaszków II,Hırsız Çetesi II,tr
Banda de Ladrones,Hırsız Çetesi,tr
Banda de Ladrones II,Hırsız Çetesi II,tr
Banda di ladri,Hırsız Çetesi,tr
Banda di ladri II,Hırsız Çetesi II,tr
Bande de voleurs,Hırsız Çetesi,tr
Bande de voleurs II,Hırsız Çetesi II,tr
Bandito,Sinsi,tr
Bando de Ladrões,Hırsız Çetesi,tr
Bando de Ladrões II,Hırsız Çetesi II,tr
Bandă de tâlhari,Hırsız Çetesi,tr
Bandă de tâlhari II,Hırsız Çetesi II,tr
Bani de buzunar,Ekmek Parası İşte,tr
Banquillo de Pandora,Pandora'nın Yedekleri,tr
Bard,Bard,tr
Bardo,Bard,tr
Baricadă,Siper,tr
Barkácsolt barkácsolás,El Emeği Göz Nuru,tr
Baron verme,Baron'un İni,tr
Baron's Lair,Baron'un İni,tr
Baronovo doupě,Baron'un İni,tr
Bastion,Müdafi,tr
Bastion Emblem,Müdafi Amblemi,tr
Bastion-Emblem,Müdafi Amblemi,tr
Bastione,Müdafi,tr
Bastião,Müdafi,tr
Bastión,Müdafi,tr
Bastone colossale,Aşırı Büyük Sopa,tr
Bastone del Vuoto,Hiçlik Değneği,tr
Bastão Desnecessariamente Grande,Aşırı Büyük Sopa,tr
Bastón del Vacío,Hiçlik Değneği,tr
Bastón del arcángel,Başmelek Asası,tr
Bastón del serafín,Melek Asası,tr
Baue einen Begleiter,Tam Teşekküllü,tr
Baue einen Begleiter,Tam Donanımlı,tr
Baza avangardei,Dayanıklı Ön Sıra,tr
Bašta,Müdafi,tr
Becsapódás,Anı Yaşa,tr
Bel'Veth,Bel'Veth,tr
Belt Overflow,Kemer Fazlalığı,tr
Bendecido por los Dioses,Hükümdarın Seçimi,tr
Bendición de Ahri,Ahri'nin Lütfu,tr
Bendición de Aurelion Sol,Aurelion Sol'ün Lütfu,tr
Bendición de Ekko,Ekko'nun Lütfu,tr
Bendición de Evelynn,Evelynn'in Lütfu,tr
Bendición de Kayle,Kayle'ın Lütfu,tr
Bendición de Resurrección,Dirilme Lütfu,tr
Bendición de Soraka,Soraka'nın Lütfu,tr
Bendición de Thresh,Thresh'in Lütfu,tr
Bendición de Varus,Varus'un Lütfu,tr
Bendición de Yasuo,Yasuo'nun Lütfu,tr
Bendición de la chatarra,Hurdacının Lütfu,tr
Bendición del Chatarrero,Hurdacının Lütfu,tr
Bendito por los dioses,Hükümdarın Seçimi,tr
Benedetto dagli dei,Hükümdarın Seçimi,tr
Berechneter Verlust,Planlı Mağlubiyet,tr
Berger,Kılavuz,tr
Besace d'Urf,Urf'ün Çekilişi,tr
Besace héroïque,Kahraman Çekilişi,tr
Best Friends,Can Dostları,tr
Beste Freunde,Can Dostları,tr
Bestia fiestera,Parti Patisi,tr
Betervezett veszteség,Planlı Mağlubiyet,tr
Bevásárló körút,Alışveriş Çılgınlığı,tr
Bezwzględny Zabójca,Herkesin Katili,tr
Big Bang,Büyük Patlama,tr
Big Grab Bag,Büyük Çekiliş,tr
Biglietto prismatico,Prizmatik Bilet,tr
Bilet prismatic,Prizmatik Bilet,tr
Bilhete Prismático,Prizmatik Bilet,tr
Billete prismático,Prizmatik Bilet,tr
Bindende Verpflichtung,Sadakat,tr
Binecuvântat de zei,Hükümdarın Seçimi,tr
Biomassebewahrer,Biyomalzeme Koruyucusu,tr
Biomassza-megőrző,Biyomalzeme Koruyucusu,tr
Biomatter Preserver,Biyomalzeme Koruyucusu,tr
Birthday Present,Doğum Günü Hediyesi,tr
Birthday Reunion,Doğum Günü Buluşması,tr
Biztos győzelem,Hızlı Yükseliş,tr
Blason de Zeke,Zeke'nin Sancağı,tr
Blason des Lightshield,Lightshield Arması,tr
Blason lugubre de Zeke,Zeke'nin Kasvetli Sancağı,tr
Blasón de Escudo de luz,Lightshield Arması,tr
Blauer Buff,Mavi Güçlendirme,tr
Blaupause für die hintere Reihe,Arka Sıra Savunması,tr
Blazonul Lightshield,Lightshield Arması,tr
Blazonul solarilor de fier,Demir Solari'nin Broşu,tr
Blighting Jewel,Felaket Mücevheri,tr
Blikavé čepele,Tezbıçak,tr
Blitzcrank,Blitzcrank,tr
Bliźniaczy Strażnicy,İkiz Muhafızlar,tr
Blood Offering,Kan Adağı,tr
Blood Price,Kan Bedeli,tr
Bloodthirster,Kanasusamış,tr
Blue Buff,Mavi Güçlendirme,tr
Blutdürster,Kanasusamış,tr
Blutopfer,Kan Adağı,tr
Blutzoll,Kan Bedeli,tr
Bluźnierczy Bożek,Yasak İdol,tr
Bodyguard Training,Koruma Eğitimi,tr
Bogini Broni,Çelik İntikam,tr
Bokormellény,Dikenli Yelek,tr
Bokszkesztyű,İdman Eldiveni,tr
Bokszlecke,Boks Dersi,tr
Boleto Prismático,Prizmatik Bilet,tr
Bollwerk,Siper,tr
Bolsa de Objetos,Eşya Çekilişi,tr
Bolsa de Sorpresas Heroica,Kahraman Çekilişi,tr
Bolsa de Sorpresas Pequeña,Ufak Çekiliş,tr
Bolsa de Sorpresas de Urf,Urf'ün Çekilişi,tr
Bolsa de Sorpresas grande,Büyük Çekiliş,tr
Bolsa sorpresa de Urf,Urf'ün Çekilişi,tr
Bolsa sorpresa de objetos,Eşya Çekilişi,tr
Bolsa sorpresa grande,Büyük Çekiliş,tr
Bolsa sorpresa heroica,Kahraman Çekilişi,tr
Bolsa sorpresa pequeña,Ufak Çekiliş,tr
Boneco de Treinamento,Hedef Kuklası,tr
Bonecos de Impacto,Kukla Yağmuru!,tr
Bonk!,Bonk!,tr
Bonk !,Bonk!,tr
Boon of Resurrection,Dirilme Lütfu,tr
Boon of the Scrapper,Hurdacının Lütfu,tr
Boong!,Bonk!,tr
Booster,Takviye Paketi,tr
Booster Pack,Takviye Paketi,tr
Booster-Packung,Takviye Paketi,tr
Boostery,Takviye Paketi,tr
Borsa degli oggetti,Eşya Çekilişi,tr
Borsa di Urf,Urf'ün Çekilişi,tr
Borsa eroica,Kahraman Çekilişi,tr
Borsa grande,Büyük Çekiliş,tr
Borsa piccola,Ufak Çekiliş,tr
Boscy Pojedynkowicze,Ulvi Düellocu,tr
Boshafte Monetarisierung,Kötü Niyetli Kazanç,tr
Boska Kuźnia,Ulvi Ocak,tr
Bote de Segunda Mano,Mal Kurtarma,tr
Botkovács,Sopa İşçisi,tr
Bouclier du Tacticien,Strateji Ustası Kalkanı,tr
Boxeador Profesional,Ödüllü Müsabaka,tr
Boxing Lessons,Boks Dersi,tr
Boxunterricht,Boks Dersi,tr
Božská pistolnice,Çelik İntikam,tr
Božský duelista,Ulvi Düellocu,tr
Bramble Vest,Dikenli Yelek,tr
Branching Out,Dallan Budaklan,tr
Bratpfanne,Kızartma Tavası,tr
Brawler,Dövüşçü,tr
Brawler Emblem,Dövüşçü Amblemi,tr
Brazalete de la buscadora,Maceracının Pazubendi,tr
Briar,Briar,tr
Brigand,Yağmacı,tr
Brise-temps,Zamankıran,tr
Bronce de por Vida,Bronzdan Şaşma,tr
Bronce de por vida,Bronzdan Şaşma,tr
Bronz mindörökké II.,Bronzdan Şaşma,tr
Bronz nad zlato,Bronzdan Şaşma,tr
Bronz pentru totdeauna,Bronzdan Şaşma,tr
Bronze For Life,Bronzdan Şaşma,tr
Bronze pour la vie,Bronzdan Şaşma,tr
Bronze é Vida,Bronzdan Şaşma,tr
Bronzo per la vita,Bronzdan Şaşma,tr
Brylantowa Rękawica,Mücevherli Eldiven,tr
Brylantowy Lotos,Mücevherli Nilüfer,tr
Brățara căutătorului,Maceracının Pazubendi,tr
Bubuilă,Kılçık,tr
Bucătăria tacticianului,Strateji Ustasının Mutfağı,tr
Bueno para Algo,Kedi Olalı Bir Fare,tr
Buff bleu,Mavi Güçlendirme,tr
Buff blu,Mavi Güçlendirme,tr
Buff rosso,Kırmızı Güçlendirme,tr
Buff rouge,Kırmızı Güçlendirme,tr
Buff-ul albastru,Mavi Güçlendirme,tr
Buff-ul roșu,Kırmızı Güçlendirme,tr
Buffs à gogo,İki Kat Güçlendirme,tr
Buget înțelept,Akıllı Harcama,tr
Build a Bud,Tam Teşekküllü,tr
Build maxim,Azami Dizilim,tr
Bulwark,Siper,tr
Burattino d'ombra,Gölge Kukla,tr
Burguesía,Eşsiz Deneyim,tr
Buried Treasure,Gömülü Hazineler,tr
Buried Treasures,Gömülü Hazineler,tr
Bustina,Takviye Paketi,tr
Butin aléatoire,"Bir, İki, Beş!",tr
Butin funéraire,Kedi Olalı Bir Fare,tr
Butin varié,Aradığını Bul,tr
Buzduganul înaintașului,Hücum Gürzü,tr
Bušení,Anı Yaşa,tr
Bài Học Sơ Khai,İlk Öğretiler,tr
Bàn Tay Công Lý,Adaletin Eli,tr
Báculo del Arcángel,Başmelek Asası,tr
Báculo del Serafín,Melek Asası,tr
Báculo del Vacío,Hiçlik Değneği,tr
Bán Thăng Hoa,Kısmi Yükseliş,tr
Báo Oán,Adaletin Yumruğu,tr
Bástya,Siper,tr
Bârlogul Baronului,Baron'un İni,tr
Bâton angélique,Melek Asası,tr
Bâton de l'archange,Başmelek Asası,tr
Bâton du vide,Hiçlik Değneği,tr
Bão Tố Luden,Luden'in Çığlığı,tr
Bão Vàng,Gökten Yağan Altın,tr
Béni des dieux,Hükümdarın Seçimi,tr
Bénédiction d'Ahri,Ahri'nin Lütfu,tr
Bénédiction d'Aurelion Sol,Aurelion Sol'ün Lütfu,tr
Bénédiction d'Ekko,Ekko'nun Lütfu,tr
Bénédiction d'Evelynn,Evelynn'in Lütfu,tr
Bénédiction de Kayle,Kayle'ın Lütfu,tr
Bénédiction de Soraka,Soraka'nın Lütfu,tr
Bénédiction de Thresh,Thresh'in Lütfu,tr
Bénédiction de Varus,Varus'un Lütfu,tr
Bénédiction de Yasuo,Yasuo'nun Lütfu,tr
Bénédiction de résurrection,Dirilme Lütfu,tr
Bénédiction du Ferrailleur,Hurdacının Lütfu,tr
Bérgyilkos,Kiralık Katil,tr
Bête de scène,Parti Patisi,tr
Bóng Phân Thân,Gölge Kukla,tr
Bùa Thăng Hoa,Uluların Tılsımı,tr
Bùa Xanh,Mavi Güçlendirme,tr
Bùa Đỏ,Kırmızı Güçlendirme,tr
Băng Trộm,Hırsız Çetesi,tr
Băng Trộm II,Hırsız Çetesi II,tr
Bătăuș,Dövüşçü,tr
Běž do toho,Aradığını Bul,tr
Błogosławieni,Hükümdarın Seçimi,tr
Błogosławieństwo Rozrabiaki,Hurdacının Lütfu,tr
Błogosławiona Przygoda,Haşmetli Macera,tr
Bước Đột Phá,Kritik Başarı,tr
Bạn Thân,Can Dostları,tr
Bảo Hộ Vô Tận,Ebedi Koruma,tr
Bảo Tồn Sinh Chất,Biyomalzeme Koruyucusu,tr
Bất Khuất,Yenilmez,tr
Bắn Tỉa,Keskin Nişancı,tr
Bộ Ba Hoàn Hảo,Üçlük,tr
Bừa Bộn,Zihin Bulanıklığı,tr
Caccia al tesoro,Hazine Avı,tr
Cacciatore galattico,Galaksi Avcısı,tr
Cadeau d'anniversaire,Doğum Günü Hediyesi,tr
Cadou aniversar,Doğum Günü Hediyesi,tr
Caitlyn,Caitlyn,tr
Cajado de Serafim,Melek Asası,tr
Cajado do Arcanjo,Başmelek Asası,tr
Cajado do Vazio,Hiçlik Değneği,tr
Calculated Loss,Planlı Mağlubiyet,tr
Calea războiului,Savaş Yolu,tr
Calibrador de Sterak,Sterak'ın Güvencesi,tr
Calice de puissance,Güç Kadehi,tr
Calice del potere,Güç Kadehi,tr
Call to Chaos,Şanslı Hissediyorum,tr
Cambiazo épico,Destansı Yenileme,tr
Cambio epico,Destansı Yenileme,tr
Cambio eterno,Durmadan Yenile,tr
Caminho da Guerra,Savaş Yolu,tr
Can Trường,Müdafi,tr
Canaglia radiosa,Işıltılı Serseri,tr
Canalisateur,Medyum,tr
Canalizador,Medyum,tr
Cangrejo Escurridizo,Yampiri Yengeç,tr
Canhão Fumegante,Bombardıman Topu,tr
Canhão de Vidro,Güçlü Ama Kırılgan,tr
Cannone di cristallo,Güçlü Ama Kırılgan,tr
Canon de verre,Güçlü Ama Kırılgan,tr
Canon ultrarapide,Bombardıman Topu,tr
Capa Mercurial,Cıva,tr
Capa Negatron,Negatron Pelerini,tr
Capa de Estratega,Strateji Ustası Pelerini,tr
Capa de Fogo Solar,Günateşi Pelerini,tr
Capa de Fuego Solar,Günateşi Pelerini,tr
Capa de Negatrones,Negatron Pelerini,tr
Capa de estratega,Strateji Ustası Pelerini,tr
Capa de fuego solar,Günateşi Pelerini,tr
Capa do Estrategista,Strateji Ustası Pelerini,tr
Capa negatrón,Negatron Pelerini,tr
Cape du Tacticien,Strateji Ustası Pelerini,tr
Cape solaire,Günateşi Pelerini,tr
Cappa Juice,Şapkat Nektarı,tr
Cappa-Trank,Şapkat Nektarı,tr
Cappelli più letali,Güçlü Şapkalar,tr
Caprichitos,Tatlı Atıştırmalıklar,tr
Capuz da Morte de Rabadon,Rabadon'un Şapkası,tr
Capuzes Mais Mortais,Güçlü Şapkalar,tr
Carapateur,Yampiri Yengeç,tr
Carapescado,Kılçık,tr
Care Package,İhtiyaç Paketi,tr
Caretaker's Ally,Koruyucunun Müttefiki,tr
Carga Elétrica,Elektroşarj,tr
Carve a Path,Bir Yol Çiz,tr
Casa Dourada do Yasuo,Yasuo'nun Altın Hücresi,tr
Casque adaptatif,Değişken Miğfer,tr
Castigo,Adaletin Yumruğu,tr
Catastrofista,Pesimist,tr
Cazador galáctico,Galaksi Avcısı,tr
Cazagalaxias,Galaksi Avcısı,tr
Cazatesoros,Hazine Avı,tr
Caça ao Tesouro,Hazine Avı,tr
Caçador de Galáxia,Galaksi Avcısı,tr
Cañón de Cristal,Güçlü Ama Kırılgan,tr
Cañón de Fuego Rápido,Bombardıman Topu,tr
Cañón de fuego rápido,Bombardıman Topu,tr
Całun Bezruchu,Sükûnet Örtüsü,tr
Cecchino,Keskin Nişancı,tr
Cei mai buni prieteni,Can Dostları,tr
Ceinture du géant,Dev Kemeri,tr
Cena Krwi,Kan Bedeli,tr
Cena pro vítěze,Ödüllü Müsabaka,tr
Cenny Wojownik,Ödüllü Müsabaka,tr
Cenná posila,Dört Dörtlük,tr
Centelha Iônica,İyon Kıvılcımı,tr
Centre d'excellence,Merkezini Bul,tr
Cetro Vampírico Corrompido,Yozlaşmış Vampirî Asa,tr
Cetro Vampírico Corrupto,Yozlaşmış Vampirî Asa,tr
Cetro vampírico corrupto,Yozlaşmış Vampirî Asa,tr
Chain Vest,Zincir Yelek,tr
Chaleco de cadenas,Zincir Yelek,tr
Chaleco de zarzas,Dikenli Yelek,tr
Chalice of Power,Güç Kadehi,tr
Challenger,Atılgan,tr
Challenger Emblem,Atılgan Amblemi,tr
Challenger Mode,Atılgan Modu,tr
Chamado ao Caos,Şanslı Hissediyorum,tr
Champion en kit,Tam Teşekküllü,tr
Chaotischer Geist,Zihin Bulanıklığı,tr
Chapardage,Arakla,tr
Charge Transfer,Yük Aktarımı,tr
Charge cognitive,Bilişsel Vergi,tr
Chasse au trésor,Hazine Avı,tr
Chasseur galactique,Galaksi Avcısı,tr
Chciwość,Paragöz,tr
Che il Quattro sia con te,Dört Seninle Olsun,tr
Chemarea haosului,Şanslı Hissediyorum,tr
Chispa Iónica,İyon Kıvılcımı,tr
Chispa iónica,İyon Kıvılcımı,tr
Chiêm Tinh,Yıldız Gözlemcisi,tr
Chiến Lũy,Siper,tr
Chiến Tướng Khải Hoàn,Cengâver Onuru,tr
Chmaták,Dümenci,tr
Cho'Gath,Cho'Gath,tr
Choisissez un type,Özellik Seç,tr
Choose Trait,Özellik Seç,tr
"Chora, me liga",Gözyaşları Sel,tr
Choristes,Minik Dostlar,tr
Chrličův kamenný plát,Gargoyl Taşzırhı,tr
Chuyển Đổi Năng Lượng,Yük Aktarımı,tr
Chuyện Đời Thường,Hayattan Bir Kesit,tr
Chuộc Tội,Arındırıcı,tr
Chytrý nákup,Akıllı Harcama,tr
Chùy Bạch Ngân,Gümüşgöl Şafağı,tr
Chùy Đoản Côn,Hücum Gürzü,tr
Chảo Vàng,Kızartma Tavası,tr
Chất Bán Dẫn,Yarı İletken,tr
Chế Tạo Bằng Hữu,Güçlü Arkadaşlık,tr
Chế Tạo Tại Chỗ,Yaşayan Ocak,tr
Chế Độ Dẫn Truyền,Medyum Modu,tr
Chế Độ Nhân Bản,Replikacı Modu,tr
Chế Độ Thách Đấu,Atılgan Modu,tr
Chỉ Huy,Komutan,tr
Chỉ Huy Siêu Thú,Anima Komutanı,tr
Chỉ Một Con Đường,Sadakat,tr
Chọn Tộc/Hệ,Özellik Seç,tr
Chờ Đợi Xứng Đáng,Beklemeye Değer,tr
Cierpliwa Nauka,Hayat Deneyimi,tr
Cierpliwość Ekko,Ekko'nun Sabrı,tr
Cierpliwość Jest Cnotą,Sabır Erdemdir,tr
Cimientos de Línea Frontal,Dayanıklı Ön Sıra,tr
Cimientos de la vanguardia,Dayanıklı Ön Sıra,tr
Cinto do Gigante,Dev Kemeri,tr
Cintura del gigante,Dev Kemeri,tr
Cinturón XL,Kemer Fazlalığı,tr
Cinturón de Gigante,Dev Kemeri,tr
Cinturón de gigante,Dev Kemeri,tr
Clases de boxeo,Boks Dersi,tr
Clear Mind,Zihin Açıklığı,tr
Cleptomanie,Zararına Satış,tr
Climb The Ladder,Tırmanışa Devam,tr
Clockwork Accelerator,Mekanik Hızlandırıcı,tr
Clone des ombres,Gölge Kukla,tr
Cluttered Mind,Zihin Bulanıklığı,tr
Cnota Męczennika,Fedakârlığın Erdemi,tr
Cocina de Estratega,Strateji Ustasının Mutfağı,tr
Cocina de estratega,Strateji Ustasının Mutfağı,tr
Cod roșu de lacrimi,Gözyaşları Sel,tr
Coda in duo,Çifte Ödül,tr
Cognitive Overload,Bilişsel Patlama,tr
Cognitive Tax,Bilişsel Vergi,tr
Coif cameleonic,Değişken Miğfer,tr
Coiffe de Rabadon,Rabadon'un Şapkası,tr
Coiffes mortelles,Güçlü Şapkalar,tr
Coincidenze perse,Tanışma Toplantısı,tr
Cola Dúo,Çifte Ödül,tr
Cola dúo,Çifte Ödül,tr
Coleguis del curro,Ekip Çalışması,tr
Coleguitas,Minik Dostlar,tr
Colete Espinhoso,Dikenli Yelek,tr
Colher de Prata,Eşsiz Deneyim,tr
Collegamento cibernetico,Sibernetik Aktarım,tr
Colpire e basta,Aradığını Bul,tr
Comandant,Komutan,tr
Comandante,Komutan,tr
Comandante Anima,Anima Komutanı,tr
Comandante Animalia,Anima Komutanı,tr
Comandante Ánima,Anima Komutanı,tr
Comandatul Anima,Anima Komutanı,tr
Combattente,Dövüşçü,tr
Combinație stelară,Yıldız Kombosu,tr
Combo Estelar,Yıldız Kombosu,tr
Combo estelar,Yıldız Kombosu,tr
Combo stellaire,Yıldız Kombosu,tr
Combo stellare,Yıldız Kombosu,tr
Comeback Story,Büyük Dönüş,tr
Comerț de bază,Ticaretin Özü,tr
Comienzo aventajado,Hızlı Başlangıç,tr
Commandant d'Anima,Anima Komutanı,tr
Commandante,Komutan,tr
Commander,Komutan,tr
Commerce Core,Ticaretin Özü,tr
Comori îngropate,Gömülü Hazineler,tr
Comparte los Reflectores con Yasuo,Yasuo'nun İlgi Budalası Eklentisi,tr
Competitor,Atılgan,tr
Component Heist,Bileşen Eşya Soygunu,tr
Composants de guerre,Bileşen Eşya Soygunu,tr
Composição Máxima,Azami Dizilim,tr
Compras compulsivas,Alışveriş Çılgınlığı,tr
Compromiso férreo,Sadakat,tr
Compromisso Sério,Sadakat,tr
Compte épargne,Birikim Hesabı,tr
Concentration lointaine,Ufukgetiren,tr
Concentrazione dell'orizzonte,Ufukgetiren,tr
Condenador,Pesimist,tr
Conducto,Medyum,tr
Conduit,Medyum,tr
Conduit Mode,Medyum Modu,tr
Conduíte,Medyum,tr
Conexiones fallidas,Tanışma Toplantısı,tr
Conexiune cibernetică,Sibernetik Aktarım,tr
Conexiune cu drona,Dron Bağlantısı,tr
Conexión cibernética,Sibernetik Aktarım,tr
Conexión de dron,Dron Bağlantısı,tr
Conexión perdida,Tanışma Toplantısı,tr
Conexão Cibernética,Sibernetik Aktarım,tr
Conexão de Drone,Dron Bağlantısı,tr
Conexões Perdidas,Tanışma Toplantısı,tr
Configuración maximizada,Azami Dizilim,tr
Configurazione massima,Azami Dizilim,tr
Confusão Mental,Zihin Bulanıklığı,tr
Conjuración continua,Sonsuz Büyü,tr
Conjuração Contínua,Sonsuz Büyü,tr
Conjuros Continuos,Sonsuz Büyü,tr
Connivence,Tırmanışa Devam,tr
Conservare de biomaterial,Biyomalzeme Koruyucusu,tr
Conservateur de biomatière,Biyomalzeme Koruyucusu,tr
Conservatore di biomateria,Biyomalzeme Koruyucusu,tr
Construct a Companion,Tam Donanımlı,tr
Construiește un însoțitor,Tam Donanımlı,tr
Construiește-ți un prieten,Tam Teşekküllü,tr
Construye tu Compi,Tam Donanımlı,tr
Construção de Companheiro,Tam Donanımlı,tr
Consumo Consciente,Akıllı Harcama,tr
Cont de economii,Birikim Hesabı,tr
Conta Poupança,Birikim Hesabı,tr
Contendiente,Atılgan,tr
Contenedor de chatarra,Mal Kurtarma,tr
Continuous Conjuration,Sonsuz Büyü,tr
Conto dei risparmi,Birikim Hesabı,tr
Contract Killer,Kiralık Katil,tr
Convogliatore,Medyum,tr
Copacul caracteristicilor,Özellik Ağacı,tr
Copricapo di Rabadon,Rabadon'un Şapkası,tr
Corazza singola,Yalnız Zırh,tr
Corazza spirituale,Ruh Gömleği,tr
Corazón de Acero,Çelikten Yürek,tr
Corazón de acero,Çelikten Yürek,tr
Corazón del alba,Şafağın Özü,tr
Corazón resuelto,Kararlı Yürek,tr
Coração Inabalável,Kararlı Yürek,tr
Coração de Aço,Çelikten Yürek,tr
Corki,Corki,tr
Coroa do Amaldiçoado,Lanetli Taç,tr
Coroa do Estrategista,Strateji Ustası Tacı,tr
Coroana blestemată,Lanetli Taç,tr
Coroana tacticianului,Strateji Ustası Tacı,tr
Corona Maldita,Lanetli Taç,tr
Corona de Estratega,Strateji Ustası Tacı,tr
Corona de estratega,Strateji Ustası Tacı,tr
Corona dello Stratega,Strateji Ustası Tacı,tr
Corona maldita,Lanetli Taç,tr
Corona maledetta,Lanetli Taç,tr
Corona reale,Kraliyet Başlığı,tr
Coroziune,Korozyon,tr
Corpetto di rovi,Dikenli Yelek,tr
Corriente de Lágrimas,Akan Gözyaşları,tr
Corrosion,Korozyon,tr
Corrosione,Korozyon,tr
Corrosión,Korozyon,tr
Corrosão,Korozyon,tr
Corrupt Vampiric Scepter,Yozlaşmış Vampirî Asa,tr
Cosmic Restart,Kozmik Başlangıç,tr
Costruisci un Compagno,Tam Donanımlı,tr
Cota de Malha,Zincir Yelek,tr
Cota de Malla,Zincir Yelek,tr
Cotidiano,Hayattan Bir Kesit,tr
Cotta di maglia,Zincir Yelek,tr
Cotte de mailles,Zincir Yelek,tr
Coup d'envoi,Hızlı Başlangıç,tr
Coup de chance,Kişiselleştirme Fırsatı,tr
Couronne de la reine,Kraliyet Başlığı,tr
Couronne du Tacticien,Strateji Ustası Tacı,tr
Couronne maudite,Lanetli Taç,tr
Cours de soutien,Takım Çalışması,tr
Covil do Barão,Baron'un İni,tr
Cozinha do Estrategista,Strateji Ustasının Mutfağı,tr
Coș de recuperare,Mal Kurtarma,tr
Crabul,Yampiri Yengeç,tr
Crafted Crafting,El Emeği Göz Nuru,tr
Crash Test Dummies,Kukla Yağmuru!,tr
Crash Test Dummy,Kukla Yağmuru!,tr
Crash-Test-Dummies,Kukla Yağmuru!,tr
Crea un coleguita,Tam Donanımlı,tr
Creazione artigianale,El Emeği Göz Nuru,tr
Crecimiento Explosivo,Ani Büyüme,tr
Crecimiento explosivo,Ani Büyüme,tr
Creează o cale,Bir Yol Çiz,tr
Creează un prieten,Güçlü Arkadaşlık,tr
Crescendo aléatoire,Hayattan Bir Kesit,tr
Crescimento Explosivo,Ani Büyüme,tr
Crescita a fine partita,İleri Safha Gücü,tr
Crescita esplosiva,Ani Büyüme,tr
Cresta de Escudo de Luz,Lightshield Arması,tr
Creștere explozivă,Ani Büyüme,tr
Creștere pe final de joc,İleri Safha Gücü,tr
Creștere solo în nivel,Ben Tek Siz Hepiniz,tr
Creștere în clasament,Tırmanışa Devam,tr
Criação Engenhosa,El Emeği Göz Nuru,tr
Critical Success,Kritik Başarı,tr
Croissance explosive,Ani Büyüme,tr
Crownguard,Kraliyet Başlığı,tr
Cry Me A River,Gözyaşları Sel,tr
Csak jó valamire I.,Kedi Olalı Bir Fare,tr
Csapatkeresés,Takım Çalışması,tr
Csapatépítés,Hayattan Bir Kesit,tr
Csapatépítés,Ekip Çalışması,tr
Csekélyebb Perszónatükör,Küçük Benlik Aynası,tr
Csereszektor,Ticaret Bölgesi,tr
Csillagfényes kombó,Yıldız Kombosu,tr
Csillagnéző,Yıldız Gözlemcisi,tr
Csillagnéző embléma,Yıldız Gözlemcisi Amblemi,tr
Csillámpikkely-esszencia,Parlakpul Özü,tr
Cua Kỳ Cục,Yampiri Yengeç,tr
Cuatrifuerzos,Dört Dörtlük,tr
Cuatro Refuerzos,Dört Dörtlük,tr
Cucchiaio d'argento,Eşsiz Deneyim,tr
Cuchara de plata,Eşsiz Deneyim,tr
Cuchilla Maldita,Lanetli Kılıç,tr
Cuchillas Raudas,Tezbıçak,tr
Cucina dello Stratega,Strateji Ustasının Mutfağı,tr
Cud Soraki,Soraka'nın Mucizesi,tr
Cuenta con mi arco,Yayım Yayındır,tr
Cuenta de Ahorros,Birikim Hesabı,tr
Cuenta de ahorros,Birikim Hesabı,tr
Cuisine du Tacticien,Strateji Ustasının Mutfağı,tr
Cung Dự Phòng,Yedek Yaylar,tr
Cung Gỗ,Nişancı Yayı,tr
Cung Xanh,Son Fısıltı,tr
Cuor saldo,Kararlı Yürek,tr
Cuore d'acciaio,Çelikten Yürek,tr
Cureaua uriașului,Dev Kemeri,tr
Curele fără număr,Kemer Fazlalığı,tr
Cursed Blade,Lanetli Kılıç,tr
Cursed Crown,Lanetli Taç,tr
Cuțit electrostatic,Statikk Hançer,tr
Cuồng Đao Guinsoo,Guinsoo'nun Hiddeti,tr
Cuộc Phiêu Lưu Tôn Quý,Haşmetli Macera,tr
Cuộc Viễn Chinh,Keşif Gezisi,tr
Cvičná loutka,Hedef Kuklası,tr
Cybernetic Implants,Sibernetik İmplant,tr
Cybernetic Uplink,Sibernetik Aktarım,tr
Cycle épique,Yeni Çağ,tr
Czerwone Wzmocnienie,Kırmızı Güçlendirme,tr
Czysty Umysł,Zihin Açıklığı,tr
Częściowe Wyniesienie,Kısmi Yükseliş,tr
Cái Giá Phải Trả,Ne Pahasına?,tr
Cálice do Poder,Güç Kadehi,tr
Cáliz de Poder,Güç Kadehi,tr
Cáliz de poder,Güç Kadehi,tr
Câlin collectif,Grup Kucaklaşması,tr
Cây Cung Thần Tốc,Yayım Yayındır,tr
Cây Tộc Hệ,Özellik Ağacı,tr
Céfiro,Karayel,tr
Célbefogó optika,Hedefe Kilitlenen Optik,tr
Célébrité partagée de Yasuo,Yasuo'nun İlgi Budalası Eklentisi,tr
Călător,Seyyah,tr
Cœur d'acier,Çelikten Yürek,tr
Cœur de l'aube,Şafağın Özü,tr
Cœur intrépide,Kararlı Yürek,tr
Cơn Khát Vàng,Paragöz,tr
Cảm Quan Cấy Ghép,Sinir İmplantı,tr
Cảm Thấy May Mắn,Şans Benimle,tr
Cấy Ghép Siêu Công Nghệ,Sibernetik İmplant,tr
Cầu Hồi Phục,Şifalı Küreler,tr
Cắm Rễ Phân Tán,Yayılan Kökler,tr
Cặp Đôi Siêu Cứng,Şok Dayanıklı,tr
Cố Gắng Lật Kèo,Büyük Dönüş,tr
Cốc Sức Mạnh,Güç Kadehi,tr
Cộng Mệt Nghỉ!,Tonlarca Nitelik!,tr
Cờ Lệnh Zeke U Ám,Zeke'nin Kasvetli Sancağı,tr
Củng Cố Tuyến Trước,Dayanıklı Ön Sıra,tr
C位的觉悟,Merkezini Bul,tr
C位觉悟,Merkezini Bul,tr
DD街区,Ticaret Bölgesi,tr
Daga de Statikk,Statikk Hançer,tr
Dama Oscura,Karanlık Leydi,tr
Dama das Trevas,Karanlık Leydi,tr
Dama oscura,Karanlık Leydi,tr
Dame sombre,Karanlık Leydi,tr
Dao Điện Statikk,Statikk Hançer,tr
Dar Ahri,Ahri'nin Lütfu,tr
Dar Aureliona Sola,Aurelion Sol'ün Lütfu,tr
Dar Ekko,Ekko'nun Lütfu,tr
Dar Evelynn,Evelynn'in Lütfu,tr
Dar Kayle,Kayle'ın Lütfu,tr
Dar Soraki,Soraka'nın Lütfu,tr
Dar Thresha,Thresh'in Lütfu,tr
Dar Varusa,Varus'un Lütfu,tr
Dar Yasuo,Yasuo'nun Lütfu,tr
Dar cu ce preț,Ne Pahasına?,tr
Dar vzkříšení,Dirilme Lütfu,tr
Dark Lady,Karanlık Leydi,tr
Dark Star,Sonsuz Karanlık,tr
Dark Star Emblem,Sonsuz Karanlık Amblemi,tr
Das Warten wert,Beklemeye Değer,tr
Das geht ab,Yenilemeye Devam,tr
Das goldene Ei,Altın Yumurta,tr
Dawncore,Şafağın Özü,tr
Daño indiscriminado,Herkesin Katili,tr
De două ori mai câștigați,İki Elin Sesi Var,tr
De fiesta,Anı Yaşa,tr
De gratis,Zararına Satış,tr
De milyen áron?,Ne Pahasına?,tr
Dea delle Armi,Çelik İntikam,tr
Deadlier Blades,Ölümcül Bıçaklar,tr
Deadlier Caps,Güçlü Şapkalar,tr
Deathblade,Ölüm Kılıcı,tr
Demasiado Valor,İki Elin Sesi Var,tr
Dent de Nashor,Nashor'un Dişi,tr
Dente de Na'Shor,Nashor'un Dişi,tr
Dente di Nashor,Nashor'un Dişi,tr
Der Attributsbaum,Özellik Ağacı,tr
Der Turm,Kule,tr
Der Unbeugsame,Yenilmez,tr
Der Urknall,Büyük Patlama,tr
Der Wille des Hammers,Gürzün Dileği,tr
Der goldene Drache,Altın Ejder,tr
Der mächtige Mecha,Muhteşem Meka,tr
Dernier souffle,Son Fısıltı,tr
Derrota Planejada,Planlı Mağlubiyet,tr
Desafiante,Atılgan,tr
Desajustados,Uyumsuzlar,tr
Descarga Eléctrica,Elektroşarj,tr
Desejo da Maça,Gürzün Dileği,tr
Desesperación Eterna,Sonsuz Çaresizlik,tr
Desesperanza eterna,Sonsuz Çaresizlik,tr
Desespero Eterno,Sonsuz Çaresizlik,tr
Desmanche,Mal Kurtarma,tr
Despertar da Alma,Ruh Uyanışı,tr
Despertar del Alma,Ruh Uyanışı,tr
Despertar del alma,Ruh Uyanışı,tr
Deszcz Pieniędzy,Gökten Yağan Altın,tr
Determinacja Kolosa,Titanın Azmi,tr
Determinazione del titano,Titanın Azmi,tr
Determinação Titânica,Titanın Azmi,tr
Deux de moins,Hızlı İkide İki,tr
Di Vật Tàn Úa,Yıpranmış Antika,tr
Diana,Diana,tr
Die Legion der Drei,Üçler Ordusu,tr
Diebesbande,Hırsız Çetesi,tr
Diebesbande II,Hırsız Çetesi II,tr
Diente de Nashor,Nashor'un Dişi,tr
Dinerito para el almuerzo,Ekmek Parası İşte,tr
Dinero del almuerzo,Ekmek Parası İşte,tr
Dintele lui Nashor,Nashor'un Dişi,tr
Diosa de las Pistolas,Çelik İntikam,tr
Diosa de las pistolas,Çelik İntikam,tr
Disperare nemărginită,Sonsuz Çaresizlik,tr
Disperazione eterna,Sonsuz Çaresizlik,tr
Disruptor temporal,Zamankıran,tr
Distracție în spațiu,Uzayın Ritmi,tr
Distribuição de Efeitos,İki Kat Güçlendirme,tr
Divinamente Abençoado,Hükümdarın Seçimi,tr
Divine Duelist,Ulvi Düellocu,tr
Diệt Khổng Lồ,Dev Katili,tr
Dlouhodobá investice,Gözü Yükseklerde,tr
Doamna întunecată,Karanlık Leydi,tr
Doble Tanque,Şok Dayanıklı,tr
Dobra Passa,Yenilemeye Devam,tr
Doces Deleites,Tatlı Atıştırmalıklar,tr
Dolci,Tatlı Atıştırmalıklar,tr
Don du gardien,Koruyucunun Müttefiki,tr
Dono dell'aggiustatutto,Hurdacının Lütfu,tr
Dono della resurrezione,Dirilme Lütfu,tr
Dono di Ahri,Ahri'nin Lütfu,tr
Dono di Aurelion Sol,Aurelion Sol'ün Lütfu,tr
Dono di Ekko,Ekko'nun Lütfu,tr
Dono di Evelynn,Evelynn'in Lütfu,tr
Dono di Kayle,Kayle'ın Lütfu,tr
Dono di Soraka,Soraka'nın Lütfu,tr
Dono di Thresh,Thresh'in Lütfu,tr
Dono di Varus,Varus'un Lütfu,tr
Dono di Yasuo,Yasuo'nun Lütfu,tr
Doomer,Pesimist,tr
Doppia resistenza,Şok Dayanıklı,tr
Doppia uccisione rapida,Hızlı İkide İki,tr
Dornenweste,Dikenli Yelek,tr
Double Kill Veloz,Hızlı İkide İki,tr
Dowódca Anima,Anima Komutanı,tr
Dowódcy,Komutan,tr
Drachenklaue,Ejder Pençesi,tr
Dragon's Claw,Ejder Pençesi,tr
Dragonul auriu,Altın Ejder,tr
Dragão Dourado,Altın Ejder,tr
Dračí spár,Ejder Pençesi,tr
Dreifaltigkeit,Üçlük,tr
Drobní titáni,Minik Devler,tr
"Drobní, ale vražední",Minik Ama Ölümcül,tr
Drohnenverbindung,Dron Bağlantısı,tr
Drone Uplink,Dron Bağlantısı,tr
Drone cablato,Dron Bağlantısı,tr
Dronová linka,Dron Bağlantısı,tr
Drugi Oddech,İkinci Şans,tr
Druhý dech,İkinci Şans,tr
Drzewo Cech,Özellik Ağacı,tr
Drágaköves kesztyű,Mücevherli Eldiven,tr
Drágaköves lótusz II.,Mücevherli Nilüfer,tr
Drónkapcsolat,Dron Bağlantısı,tr
Držíme pospolu,Birliğin Gücü,tr
Du Mục,Kılavuz,tr
Du hast meinen Bogen,Yayım Yayındır,tr
Dublu asasinat rapid,Hızlı İkide İki,tr
Duch Odkupienia,Kefaret Ruhu,tr
Duch odplaty,Kefaret Ruhu,tr
Due volte il valore,İki Elin Sesi Var,tr
Duelist divin,Ulvi Düellocu,tr
Duelista Divino,Ulvi Düellocu,tr
Duelista divino,Ulvi Düellocu,tr
Duellante divino,Ulvi Düellocu,tr
Duelliste divine,Ulvi Düellocu,tr
Dulces Golosinas,Tatlı Atıştırmalıklar,tr
Dummify,Kuklaya Dönüştür,tr
Dunkle Dame,Karanlık Leydi,tr
Duo Queue,Çifte Ödül,tr
Duo-Warteschlange,Çifte Ödül,tr
Dupla érték,İki Elin Sesi Var,tr
Duplication,Azami Dizilim,tr
Duplán szívós,Şok Dayanıklı,tr
Durch Stärke geschmiedet,Güçle İşlenmiş,tr
Dusze Towarzystwa,Parti Patisi,tr
Duża Torba z Różnościami,Büyük Çekiliş,tr
Dádiva da Ahri,Ahri'nin Lütfu,tr
Dádiva da Evelynn,Evelynn'in Lütfu,tr
Dádiva da Kayle,Kayle'ın Lütfu,tr
Dádiva da Ressurreição,Dirilme Lütfu,tr
Dádiva da Soraka,Soraka'nın Lütfu,tr
Dádiva do Aurelion Sol,Aurelion Sol'ün Lütfu,tr
Dádiva do Brigão,Hurdacının Lütfu,tr
Dádiva do Ekko,Ekko'nun Lütfu,tr
Dádiva do Thresh,Thresh'in Lütfu,tr
Dádiva do Varus,Varus'un Lütfu,tr
Dádiva do Yasuo,Yasuo'nun Lütfu,tr
Dárek k narozeninám,Doğum Günü Hediyesi,tr
Dárková taška s předměty,Eşya Çekilişi,tr
Dárkový balíček,İhtiyaç Paketi,tr
Dây Chuyền Iron Solari,Demir Solari'nin Broşu,tr
Dây Chuyền Tự Lực,Zindelik Broşu,tr
Dämmerkern,Şafağın Özü,tr
Dämmerung von Silbersee,Gümüşgöl Şafağı,tr
Déesse des flingues,Çelik İntikam,tr
Défaite planifiée,Planlı Mağlubiyet,tr
Dépense réfléchie,Akıllı Harcama,tr
Dés légèrement magiques,Kısmen Büyülü Zar,tr
Dés magiques,Büyülü Zarlar,tr
Désespoir,Pesimist,tr
Désespoir infini,Sonsuz Çaresizlik,tr
Détermination du titan,Titanın Azmi,tr
Díszes acél,Yaldızlı Çelik,tr
Dòng Tiền Mờ Ám,Kötü Niyetli Kazanç,tr
Döntőbíró,Hâkim,tr
Döntőbíró embléma,Hâkim Amblemi,tr
Dúo de tanques,Şok Dayanıklı,tr
Dẫn Truyền,Medyum,tr
Dị Vật Tai Ương,Yasak İdol,tr
Dịch Vụ Gói Đăng Ký,Abonelik Hizmeti,tr
D个痛快！,Durmadan Yenile,tr
Early Learnings,İlk Öğretiler,tr
Ebédpénz,Ekmek Parası İşte,tr
Eccesso di bacchette,Sopa Fazlalığı,tr
Eccesso di cinture,Kemer Fazlalığı,tr
Eccesso di spade,Kılıç Fazlalığı,tr
Echi curativi,Şifalı Yankılar,tr
Ecos Reparadores,Şifalı Yankılar,tr
Ecos Restauradores,Şifalı Yankılar,tr
Ecos curativos,Şifalı Yankılar,tr
Ecouri tămăduitoare,Şifalı Yankılar,tr
Edge of Night,Gecenin Kıyısı,tr
Efecte secundare,Yan Etkiler,tr
Efectos Secundarios,Yan Etkiler,tr
Efectos secundarios,Yan Etkiler,tr
Efeito Azul,Mavi Güçlendirme,tr
Efeito Vermelho,Kırmızı Güçlendirme,tr
Efeitos Colaterais,Yan Etkiler,tr
Efekty Uboczne,Yan Etkiler,tr
Effets secondaires,Yan Etkiler,tr
Effetti collaterali,Yan Etkiler,tr
Egida Zmierzchu,Alacakaranlık Kalkanı,tr
Egida del Crepuscolo,Alacakaranlık Kalkanı,tr
Egida dell'Aurora,Şafak Kalkanı,tr
Egida Świtu,Şafak Kalkanı,tr
"Egy erősítés, két erősítés",İki Kat Güçlendirme,tr
"Egy, kettő, három",Bir İki Üç,tr
"Egy, kettő, öt!","Bir, İki, Beş!",tr
Egyenlepel,Denge Örtüsü,tr
Egységben az erő,Birlikten Kuvvet Doğar,tr
Egyujjas kesztyű,Pofuduk Eldiven,tr
Egyéni vért,Yalnız Zırh,tr
Ehre des Kriegsfürsten,Cengâver Onuru,tr
"Ein Buff, zwei Buff",İki Kat Güçlendirme,tr
Ein Teil des Lebens,Hayattan Bir Kesit,tr
Ein erhabenes Abenteuer,Haşmetli Macera,tr
Ein magischer Wurf,Büyülü Zarlar,tr
Eindringling Zed,İstilacı Zed,tr
Einfach treffen,Aradığını Bul,tr
Einkaufsbummel,Alışveriş Çılgınlığı,tr
"Einmal Bronze, immer Bronze",Bronzdan Şaşma,tr
"Eins, zwei, drei",Bir İki Üç,tr
"Eins, zwei, fünf!","Bir, İki, Beş!",tr
Eiserne Güter,Kıymetli Metaller,tr
Ekko türelme,Ekko'nun Sabrı,tr
Ekko áldása,Ekko'nun Lütfu,tr
Ekko's Boon,Ekko'nun Lütfu,tr
Ekko's Patience,Ekko'nun Sabrı,tr
Ekkos Geduld,Ekko'nun Sabrı,tr
Ekkos Segen,Ekko'nun Lütfu,tr
Ekkova trpělivost,Ekko'nun Sabrı,tr
Ekkův dar,Ekko'nun Lütfu,tr
Ekskluzywna Personalizacja,Kişiselleştirme Fırsatı,tr
Ekspedycja,Keşif Gezisi,tr
El Big Bang,Büyük Patlama,tr
El Dragón Dorado,Altın Ejder,tr
El Dragón dorado,Altın Ejder,tr
El Huevo Dorado,Altın Yumurta,tr
El Indomable,Yenilmez,tr
El Mega Mecha,Muhteşem Meka,tr
El Tamaño Importa,Boyut Önemli,tr
El centro de todo,Merkezini Bul,tr
El huevo dorado,Altın Yumurta,tr
El peso de la corona,Bu Taç Ağır,tr
El tamaño importa,Boyut Önemli,tr
El Árbol de Rasgos,Özellik Ağacı,tr
El árbol de los atributos,Özellik Ağacı,tr
Elastyczność,Esnek,tr
Electrocarga,Elektroşarj,tr
Electrocharge,Elektroşarj,tr
Elektrický výboj,Elektroşarj,tr
Elektroladung,Elektroşarj,tr
Elektromos töltés,Elektroşarj,tr
Elettrocarica,Elektroşarj,tr
Elige el rasgo,Özellik Seç,tr
Eliminator,Yok Edici,tr
Elkötelezett,Yatırımın Getirisi,tr
Elköteleződés,Sadakat,tr
Elmo Adaptativo,Değişken Miğfer,tr
Elmo adattivo,Değişken Miğfer,tr
Eltemetett kincsek,Gömülü Hazineler,tr
Elátkozott korona,Lanetli Taç,tr
Elátkozott penge,Lanetli Kılıç,tr
Előfizetési szolgáltatás,Abonelik Hizmeti,tr
Előleg,Yüklü Borç,tr
Előrelátás,İleri Görüşlülük,tr
Em Busca do Centro,Merkezini Bul,tr
Embalos no Espaço,Uzayın Ritmi,tr
Emblem Anima,Anima Amblemi,tr
Emblem Arbiter,Hâkim Amblemi,tr
Emblem Bastion,Müdafi Amblemi,tr
Emblem Brawler,Dövüşçü Amblemi,tr
Emblem Challenger,Atılgan Amblemi,tr
Emblem Dark Star,Sonsuz Karanlık Amblemi,tr
Emblem Marauder,Yağmacı Amblemi,tr
Emblem Meeple,Micingil Amblemi,tr
Emblem N.O.V.A.,N.O.V.A. Amblemi,tr
Emblem Primordian,Primordia'lı Amblemi,tr
Emblem Psionic,Psionik Amblemi,tr
Emblem Rogue,Sinsi Amblemi,tr
Emblem Shepherd,Kılavuz Amblemi,tr
Emblem Sniper,Keskin Nişancı Amblemi,tr
Emblem Space Groove,Uzayın Ritmi Amblemi,tr
Emblem Stargazer,Yıldız Gözlemcisi Amblemi,tr
Emblem Timebreaker,Zamankıran Amblemi,tr
Emblem Vanguard,Öncü Amblemi,tr
Emblem Voyager,Seyyah Amblemi,tr
Emblema Anima,Anima Amblemi,tr
Emblema Animalia,Anima Amblemi,tr
Emblema Meeple,Micingil Amblemi,tr
Emblema N.O.V.A.,N.O.V.A. Amblemi,tr
Emblema Psionico,Psionik Amblemi,tr
Emblema Stella Oscura,Sonsuz Karanlık Amblemi,tr
Emblema apărătorilor,Öncü Amblemi,tr
Emblema bastionului,Müdafi Amblemi,tr
Emblema briganzilor,Yağmacı Amblemi,tr
Emblema bătăușilor,Dövüşçü Amblemi,tr
Emblema competitorilor,Atılgan Amblemi,tr
Emblema călătorilor,Seyyah Amblemi,tr
Emblema de Anima,Anima Amblemi,tr
Emblema de Astromante,Yıldız Gözlemcisi Amblemi,tr
Emblema de Atirador de Elite,Keskin Nişancı Amblemi,tr
Emblema de Bastião,Müdafi Amblemi,tr
Emblema de Bastión,Müdafi Amblemi,tr
Emblema de Desafiante,Atılgan Amblemi,tr
Emblema de Embalos no Espaço,Uzayın Ritmi Amblemi,tr
Emblema de Estrela Negra,Sonsuz Karanlık Amblemi,tr
Emblema de Estrella Oscura,Sonsuz Karanlık Amblemi,tr
Emblema de Francotiradores,Keskin Nişancı Amblemi,tr
Emblema de Furtivo,Sinsi Amblemi,tr
Emblema de Ladino,Sinsi Amblemi,tr
Emblema de Lutador,Dövüşçü Amblemi,tr
Emblema de Meeple,Micingil Amblemi,tr
Emblema de Meeplo,Micingil Amblemi,tr
Emblema de Merodeador,Yağmacı Amblemi,tr
Emblema de Mipo,Micingil Amblemi,tr
Emblema de N.O.V.A.,N.O.V.A. Amblemi,tr
Emblema de Onda Espacial,Uzayın Ritmi Amblemi,tr
Emblema de Pastor,Kılavuz Amblemi,tr
Emblema de Peleadores,Dövüşçü Amblemi,tr
Emblema de Primordiano,Primordia'lı Amblemi,tr
Emblema de Primordianos,Primordia'lı Amblemi,tr
Emblema de Psiónico,Psionik Amblemi,tr
Emblema de Psiônico,Psionik Amblemi,tr
Emblema de Rasga-tempo,Zamankıran Amblemi,tr
Emblema de Retadores,Atılgan Amblemi,tr
Emblema de Rompetiempo,Zamankıran Amblemi,tr
Emblema de Saqueador,Yağmacı Amblemi,tr
Emblema de Sentencia,Hâkim Amblemi,tr
Emblema de Vanguarda,Öncü Amblemi,tr
Emblema de Vanguardia,Öncü Amblemi,tr
Emblema de Viajante,Seyyah Amblemi,tr
Emblema de Viajero,Seyyah Amblemi,tr
Emblema de astral,Yıldız Gözlemcisi Amblemi,tr
Emblema de bastión,Müdafi Amblemi,tr
Emblema de contendiente,Atılgan Amblemi,tr
Emblema de disruptor temporal,Zamankıran Amblemi,tr
Emblema de estrella oscura,Sonsuz Karanlık Amblemi,tr
Emblema de francotirador,Keskin Nişancı Amblemi,tr
Emblema de la ascensión,Uluların Tılsımı,tr
Emblema de luchador,Dövüşçü Amblemi,tr
Emblema de onda espacial,Uzayın Ritmi Amblemi,tr
Emblema de pastor,Kılavuz Amblemi,tr
Emblema de primordiano,Primordia'lı Amblemi,tr
Emblema de psiónico,Psionik Amblemi,tr
Emblema de pícaro,Sinsi Amblemi,tr
Emblema de sentenciador,Hâkim Amblemi,tr
Emblema de vanguardia,Öncü Amblemi,tr
Emblema de viajante,Seyyah Amblemi,tr
Emblema de yelmo sombrío,Yağmacı Amblemi,tr
Emblema de Árbitro,Hâkim Amblemi,tr
Emblema de ánima,Anima Amblemi,tr
Emblema del Bandito,Sinsi Amblemi,tr
Emblema del Bastione,Müdafi Amblemi,tr
Emblema del Cecchino,Keskin Nişancı Amblemi,tr
Emblema del Combattente,Dövüşçü Amblemi,tr
Emblema del Pastore,Kılavuz Amblemi,tr
Emblema del Predone,Yağmacı Amblemi,tr
Emblema del Primordiano,Primordia'lı Amblemi,tr
Emblema del Ritmo Spaziale,Uzayın Ritmi Amblemi,tr
Emblema del Viaggiatore,Seyyah Amblemi,tr
Emblema dell'Amico dei Mippi,Micingil Amblemi,tr
Emblema dell'Arbitro,Hâkim Amblemi,tr
Emblema dell'Astronomo,Yıldız Gözlemcisi Amblemi,tr
Emblema dell'Avanguardia,Öncü Amblemi,tr
Emblema dello Sfidante,Atılgan Amblemi,tr
Emblema dello Spezzatempo,Zamankıran Amblemi,tr
Emblema distracției în spațiu,Uzayın Ritmi Amblemi,tr
Emblema frângătorilor timpului,Zamankıran Amblemi,tr
Emblema luminii stelelor,Yıldız Gözlemcisi Amblemi,tr
Emblema lunetiștilor,Keskin Nişancı Amblemi,tr
Emblema mediatorilor,Hâkim Amblemi,tr
Emblema primordienilor,Primordia'lı Amblemi,tr
Emblema psionică,Psionik Amblemi,tr
Emblema păstorilor,Kılavuz Amblemi,tr
Emblema rebelilor,Sinsi Amblemi,tr
Emblema stelelor întunecate,Sonsuz Karanlık Amblemi,tr
Emblemat Anima,Anima Amblemi,tr
Emblemat Arbitra,Hâkim Amblemi,tr
Emblemat Bastionu,Müdafi Amblemi,tr
Emblemat Kosmofazy,Uzayın Ritmi Amblemi,tr
Emblemat Marudera,Yağmacı Amblemi,tr
Emblemat Meepla,Micingil Amblemi,tr
Emblemat Mrocznej Gwiazdy,Sonsuz Karanlık Amblemi,tr
Emblemat N.O.V.A.,N.O.V.A. Amblemi,tr
Emblemat Obrońcy,Öncü Amblemi,tr
Emblemat Obserwatora Gwiazd,Yıldız Gözlemcisi Amblemi,tr
Emblemat Osiłka,Dövüşçü Amblemi,tr
Emblemat Pasterza,Kılavuz Amblemi,tr
Emblemat Podróżnika,Seyyah Amblemi,tr
Emblemat Pretendenta,Atılgan Amblemi,tr
Emblemat Primordianina,Primordia'lı Amblemi,tr
Emblemat Psionika,Psionik Amblemi,tr
Emblemat Snajpera,Keskin Nişancı Amblemi,tr
Emblemat Zbira,Sinsi Amblemi,tr
Emblemat Łamacza Czasu,Zamankıran Amblemi,tr
Emblème d'Astro-groove,Uzayın Ritmi Amblemi,tr
Emblème d'Initiateur,Öncü Amblemi,tr
Emblème de Bagarreur,Dövüşçü Amblemi,tr
Emblème de Bastion,Müdafi Amblemi,tr
Emblème de Berger,Kılavuz Amblemi,tr
Emblème de Brise-temps,Zamankıran Amblemi,tr
Emblème de Challenger,Atılgan Amblemi,tr
Emblème de Juge stellaire,Hâkim Amblemi,tr
Emblème de Maraudeur,Yağmacı Amblemi,tr
Emblème de Meeple,Micingil Amblemi,tr
Emblème de N.O.V.A.,N.O.V.A. Amblemi,tr
Emblème de Primordien,Primordia'lı Amblemi,tr
Emblème de Psionique,Psionik Amblemi,tr
Emblème de Pulsar sombre,Sonsuz Karanlık Amblemi,tr
Emblème de Rebelle,Sinsi Amblemi,tr
Emblème de Sniper,Keskin Nişancı Amblemi,tr
Emblème de Visionnaire,Yıldız Gözlemcisi Amblemi,tr
Emblème de Voyageur,Seyyah Amblemi,tr
Emblème de la Section Anima,Anima Amblemi,tr
Emblém Animy,Anima Amblemi,tr
Emblém Bašty,Müdafi Amblemi,tr
Emblém Hvězdopravce,Yıldız Gözlemcisi Amblemi,tr
Emblém Miplíka,Micingil Amblemi,tr
Emblém N.O.V.A.,N.O.V.A. Amblemi,tr
Emblém Ničitele času,Zamankıran Amblemi,tr
Emblém Odpadlíka,Sinsi Amblemi,tr
Emblém Odstřelovače,Keskin Nişancı Amblemi,tr
Emblém Pastýře,Kılavuz Amblemi,tr
Emblém Poutníka,Seyyah Amblemi,tr
Emblém Prapůvodního,Primordia'lı Amblemi,tr
Emblém Psionika,Psionik Amblemi,tr
Emblém Předvoje,Öncü Amblemi,tr
Emblém Rváče,Dövüşçü Amblemi,tr
Emblém Soudce,Hâkim Amblemi,tr
Emblém Temné hvězdy,Sonsuz Karanlık Amblemi,tr
Emblém Vesmírného rytmu,Uzayın Ritmi Amblemi,tr
Emblém Vyzyvatele,Atılgan Amblemi,tr
Emblém Žoldnéře,Yağmacı Amblemi,tr
Emblématique,Esnek,tr
Emblématiquement,Özellik Ağacı,tr
Empréstimo Avançado,Yüklü Borç,tr
Empurrão,Anı Yaşa,tr
En racha,Yenilemeye Devam,tr
Ende der Weisheit,Aklın Sonu,tr
Endgame-Experte,İleri Safhalarda Görüşürüz,tr
Endlose Verzweiflung,Sonsuz Çaresizlik,tr
Enfileirando,Dizilim,tr
Enfoque al Horizonte,Ufukgetiren,tr
Enlace Cibernético,Sibernetik Aktarım,tr
Enlace de Dron,Dron Bağlantısı,tr
Enracinement,Yayılan Kökler,tr
Entre les PO et l'enclume,Kıymetli Metaller,tr
Entrenamiento de Guardaespaldas,Koruma Eğitimi,tr
Entschlossenheit des Titanen,Titanın Azmi,tr
Enyhén mágikus dobás,Kısmen Büyülü Zar,tr
Epic Rolldown,Destansı Yenileme,tr
Epickie Przelosowanie,Destansı Yenileme,tr
Epický výlov,Destansı Yenileme,tr
Epische Ladung,Destansı Yenileme,tr
Epoca,Yeni Çağ,tr
Epoch,Yeni Çağ,tr
Epocha,Yeni Çağ,tr
Epoche,Yeni Çağ,tr
Epocă,Yeni Çağ,tr
Epoka,Yeni Çağ,tr
Era,Yeni Çağ,tr
Eradicare,Yok Edici,tr
Eradicator,Yok Edici,tr
Eradicatore,Yok Edici,tr
Erb Lightshieldů,Lightshield Arması,tr
Erlöser,Arındırıcı,tr
Erradicador,Yok Edici,tr
Erwartetes Unerwartetes,Beklenen Beklenmezlik,tr
Erweiterter Kredit,Yüklü Borç,tr
Erőben kovácsolva,Güçle İşlenmiş,tr
Erőd,Müdafi,tr
Erőd embléma,Müdafi Amblemi,tr
EsQUATRão,Dört Dörtlük,tr
Esagono dorato di Yasuo,Yasuo'nun Altın Hücresi,tr
Esaltazione di Kayle,Kayle'ın Yüceliği,tr
Esaltazione radiosa di Kayle,Kayle'ın Işıltılı Yüceliği,tr
Escalamento de Fim de Jogo,İleri Safha Gücü,tr
Escalando,Tırmanışa Devam,tr
Escalar la clasificación,Tırmanışa Devam,tr
Escolha a característica,Özellik Seç,tr
Escroc,Dümenci,tr
Escudo de estratega,Strateji Ustası Kalkanı,tr
Escudo del Estratega,Strateji Ustası Kalkanı,tr
Escudo do Estrategista,Strateji Ustası Kalkanı,tr
Escurridizo,Yampiri Yengeç,tr
Esence Mihotavců,Parlakpul Özü,tr
Esencia de Brilloescama,Parlakpul Özü,tr
Esencia de brilloescama,Parlakpul Özü,tr
Esencja Migoczącej Łuski,Parlakpul Özü,tr
Esfera del Amanecer,Şafağın Özü,tr
Esgrima de Yasuo,Yasuo'nun Kılıç Sanatı,tr
Espada Desmedida,Kılıç Fazlalığı,tr
Espada G.p.C.,TEK Kılıcı,tr
Espadafuria de Guinsoo,Guinsoo'nun Hiddeti,tr
Espadas Más Letales,Ölümcül Bıçaklar,tr
Espadón,TEK Kılıcı,tr
Especialista em Fim de Jogo,İleri Safhalarda Görüşürüz,tr
Especialista en el juego tardío,İleri Safhalarda Görüşürüz,tr
Especialista en final de partida,İleri Safhalarda Görüşürüz,tr
Espera lo Inesperado,Beklenen Beklenmezlik,tr
Espera lo inesperado,Beklenen Beklenmezlik,tr
Esperando o Inesperado,Beklenen Beklenmezlik,tr
Espinas,Kılçık,tr
Esprit d'équipe,Ekip Çalışması,tr
Esprit de la Rédemption,Kefaret Ruhu,tr
Esprit encombré,Zihin Bulanıklığı,tr
Espátula,Spatula,tr
Espírito de Redenção,Kefaret Ruhu,tr
Espíritu Firme,Kararlı Yürek,tr
Espíritu de Redención,Kefaret Ruhu,tr
Espíritu de la redención,Kefaret Ruhu,tr
Espíritu libre,Uyumsuzlar,tr
Essence des Luminécailles,Parlakpul Özü,tr
Essenz der Schimmerschuppen,Parlakpul Özü,tr
Essenza Scaglialucida,Parlakpul Özü,tr
Essência de Escamaluz,Parlakpul Özü,tr
Estafa,Dümenci,tr
Estafador,Dümenci,tr
Estratega diminuto,En Minik Dev,tr
Estrela Negra,Sonsuz Karanlık,tr
Estrella Oscura,Sonsuz Karanlık,tr
Estrella oscura,Sonsuz Karanlık,tr
Estudio Paciente,Hayat Deneyimi,tr
Estudio y paciencia,Hayat Deneyimi,tr
Estudo Paciente,Hayat Deneyimi,tr
Esuli,Sürgünler,tr
Eternal Pact,Ebedi Anlaşma,tr
Etwas magische Aktualisierung,Kısmen Büyülü Zar,tr
Evelynn áldása,Evelynn'in Lütfu,tr
Evelynn ösztöne,Evelynn'in İçgüdüsü,tr
Evelynn's Boon,Evelynn'in Lütfu,tr
Evelynn's Instinct,Evelynn'in İçgüdüsü,tr
Evelynnin dar,Evelynn'in Lütfu,tr
Evelynnin instinkt,Evelynn'in İçgüdüsü,tr
Evelynns Instinkt,Evelynn'in İçgüdüsü,tr
Evelynns Segen,Evelynn'in Lütfu,tr
Evenshroud,Denge Örtüsü,tr
Evocazione continua,Sonsuz Büyü,tr
Ewiger Pakt,Ebedi Anlaşma,tr
Exaltación Radiante de Kayle,Kayle'ın Işıltılı Yüceliği,tr
Exaltación de Kayle,Kayle'ın Yüceliği,tr
Exaltación radiante de Kayle,Kayle'ın Işıltılı Yüceliği,tr
Exaltarea lui Kayle,Kayle'ın Yüceliği,tr
Exaltarea radiantă a lui Kayle,Kayle'ın Işıltılı Yüceliği,tr
Exaltation de Kayle,Kayle'ın Yüceliği,tr
Exaltation radieuse de Kayle,Kayle'ın Işıltılı Yüceliği,tr
Exaltação Radiante de Kayle,Kayle'ın Işıltılı Yüceliği,tr
Exaltação de Kayle,Kayle'ın Yüceliği,tr
Exclusive Customization,Kişiselleştirme Fırsatı,tr
Exilados,Sürgünler,tr
Exilați,Sürgünler,tr
Exiles,Sürgünler,tr
Exiliados,Sürgünler,tr
Exilés,Sürgünler,tr
Exklusive Feinabstimmung,Kişiselleştirme Fırsatı,tr
Exkluzivní úprava,Kişiselleştirme Fırsatı,tr
Exkluzív testreszabás,Kişiselleştirme Fırsatı,tr
Expected Unexpectedness,Beklenen Beklenmezlik,tr
Expedice,Keşif Gezisi,tr
Expedición,Keşif Gezisi,tr
Expedition,Keşif Gezisi,tr
Expedição,Keşif Gezisi,tr
Expediție,Keşif Gezisi,tr
Expedíció,Keşif Gezisi,tr
Explosive Growth,Ani Büyüme,tr
Explosives Wachstum,Ani Büyüme,tr
Expédition,Keşif Gezisi,tr
Expérience à tout prix,Gözü Yükseklerde,tr
Extirpador,Yok Edici,tr
Ezreal,Ezreal,tr
Ezüstkanál,Eşsiz Deneyim,tr
Ezüsttóvári hajnal,Gümüşgöl Şafağı,tr
Fabbricante di bastoni,Sopa İşçisi,tr
Fabbricante di spade,Kılıç İşçisi,tr
Fabricant de baguettes,Sopa İşçisi,tr
Fabricante de Bastões,Sopa İşçisi,tr
Fabricante de Espadas,Kılıç İşçisi,tr
Fabricante de Varas,Sopa İşçisi,tr
Fabrication en série,Kopyalama Süreci,tr
Fabrikneu,Özel Yapım,tr
Faca de Statikk,Statikk Hançer,tr
Factory New,Özel Yapım,tr
Fajín de mercurio,Cıva,tr
Fame di denaro,Paragöz,tr
Fantocci da crash test,Kukla Yağmuru!,tr
Fantoccificazione,Kuklaya Dönüştür,tr
Fantoccio di addestramento,Hedef Kuklası,tr
Fare squadra,Takım Çalışması,tr
Farmando Aura,Zihinsel Hazırlık,tr
Farmare l'aura,Zihinsel Hazırlık,tr
Farmarea aurei,Zihinsel Hazırlık,tr
Farmení aury,Zihinsel Hazırlık,tr
Farmeo Áurico,Zihinsel Hazırlık,tr
Farmienie Aury,Zihinsel Hazırlık,tr
Fatalista,Pesimist,tr
Fateweaver,Kaderbaz,tr
Favorul Sorakăi,Soraka'nın Lütfu,tr
Favorul duelistului,Hurdacının Lütfu,tr
Favorul lui Ahri,Ahri'nin Lütfu,tr
Favorul lui Aurelion Sol,Aurelion Sol'ün Lütfu,tr
Favorul lui Ekko,Ekko'nun Lütfu,tr
Favorul lui Evelynn,Evelynn'in Lütfu,tr
Favorul lui Kayle,Kayle'ın Lütfu,tr
Favorul lui Thresh,Thresh'in Lütfu,tr
Favorul lui Varus,Varus'un Lütfu,tr
Favorul lui Yasuo,Yasuo'nun Lütfu,tr
Favorul resurecției,Dirilme Lütfu,tr
Fedezeti alap,Serbest Yatırım Fonu,tr
Feed the Flames,Alevleri Körükle,tr
Feeling Lucky,Şans Benimle,tr
Felemelkedés,Yükseliş,tr
Feleslegesen nagy pálca,Aşırı Büyük Sopa,tr
Felfelé a ranglétrán I.,Tırmanışa Devam,tr
Felfelé irányuló mobilitás,Daimi Yükseliş,tr
Felie de viață,Hayattan Bir Kesit,tr
Felinarul lui Thresh,Thresh'in Feneri,tr
Festa de Aniversário,Doğum Günü Buluşması,tr
Feu concentré,Odaklı Ateş,tr
Fiera Fiestera,Parti Patisi,tr
Fierar neobosit,Yaşayan Ocak,tr
Fila em Dupla,Çifte Ödül,tr
Filo de la Muerte,Ölüm Kılıcı,tr
Filo de la Noche,Gecenin Kıyısı,tr
Filo de la noche,Gecenin Kıyısı,tr
Filo del Infinito,Ebedi Kılıç,tr
Filo infinito,Ebedi Kılıç,tr
Filo mortal,Ölüm Kılıcı,tr
Filofugaz,Tezbıçak,tr
Fin de partie,İleri Safha Gücü,tr
Final del ingenio,Aklın Sonu,tr
Finanziamento,Yüklü Borç,tr
Find Your Center,Merkezini Bul,tr
Finde deine Mitte,Merkezini Bul,tr
Fine della notte,Gecenin Kıyısı,tr
Fiora,Fiora,tr
Firesale,Zararına Satış,tr
Fishbones,Kılçık,tr
Fiumi di lacrime,Gözyaşları Sel,tr
Fiumi di lacrime,Akan Gözyaşları,tr
Fizz,Fizz,tr
Flambant neuf,Özel Yapım,tr
Flessibilità,Esnek,tr
Flexibel,Esnek,tr
Flexibilita,Esnek,tr
Flexibilitate,Esnek,tr
Flexible,Esnek,tr
Flexível,Esnek,tr
Flickerblade,Tezbıçak,tr
Flickerblades,Tezbıçak,tr
Fließende Tränen,Akan Gözyaşları,tr
Flimmerklingen,Tezbıçak,tr
Flowing Tears,Akan Gözyaşları,tr
Fluch des Lichs,Lich Boğan,tr
Fléau de liche,Lich Boğan,tr
Fléau vengeur,Hücum Gürzü,tr
Flügelstab,Melek Asası,tr
Foc concentrat,Odaklı Ateş,tr
Focalizarea orizontului,Ufukgetiren,tr
Foco do Horizonte,Ufukgetiren,tr
Focused Fire,Odaklı Ateş,tr
Fogo Concentrado,Odaklı Ateş,tr
Fokozott erő,Gelişmiş Güç,tr
Fokussiertes Feuer,Odaklı Ateş,tr
Folyamatos idézés,Sonsuz Büyü,tr
Fond de investiții,Serbest Yatırım Fonu,tr
Fondamenta di prima linea,Dayanıklı Ön Sıra,tr
Fondation de première ligne,Dayanıklı Ön Sıra,tr
Fondo con intereses,Serbest Yatırım Fonu,tr
Fondo de inversión,Serbest Yatırım Fonu,tr
Fondo speculativo,Serbest Yatırım Fonu,tr
Forbidden Idol,Yasak İdol,tr
Forge a Friend,Güçlü Arkadaşlık,tr
Forge divine,Ulvi Ocak,tr
Forge portative,Taşınabilir Ocak,tr
Forge à retardement,Ocağı Harla,tr
Forged in Strength,Güçle İşlenmiş,tr
Forgeron ambulant,Yaşayan Ocak,tr
Forgia apoteotica,Ulvi Ocak,tr
Forgia incarnata,Yaşayan Ocak,tr
Forgia nascosta,Ocağı Harla,tr
Forgia portatile,Taşınabilir Ocak,tr
Forgia un amico,Güçlü Arkadaşlık,tr
Forgiato nella forza,Güçle İşlenmiş,tr
Forja Apoteósica,Ulvi Ocak,tr
Forja Apoteótica,Ulvi Ocak,tr
Forja Latente,Ocağı Harla,tr
Forja Portátil,Taşınabilir Ocak,tr
Forja Viva,Yaşayan Ocak,tr
Forja Viviente,Yaşayan Ocak,tr
Forja apoteósica,Ulvi Ocak,tr
Forja de amigos,Güçlü Arkadaşlık,tr
Forja de espadas,Kılıç İşçisi,tr
Forja de varas,Sopa İşçisi,tr
Forja forjada,El Emeği Göz Nuru,tr
Forja latente,Ocağı Harla,tr
Forja na Força,Güçle İşlenmiş,tr
Forja portátil,Taşınabilir Ocak,tr
Forja reîncărcărilor,El Emeği Göz Nuru,tr
Forja viviente,Yaşayan Ocak,tr
Forjado a la fuerza,Güçle İşlenmiş,tr
Forjado en la Fortaleza,Güçle İşlenmiş,tr
Forje uma Amizade,Güçlü Arkadaşlık,tr
Forjă apoteotică,Ulvi Ocak,tr
Forjă latentă,Ocağı Harla,tr
Forjă portabilă,Taşınabilir Ocak,tr
Forma equipo,Takım Çalışması,tr
Formation de Garde du corps,Koruma Eğitimi,tr
Formazione,Dizilim,tr
Fortwährende Beschwörung,Sonsuz Büyü,tr
Forward Thinking,İleri Görüşlülük,tr
Forțe proaspete,İkinci Şans,tr
Fragmento de Vida,Hayattan Bir Kesit,tr
Frammento d'infinito,Ebedi Kılıç,tr
Francotirador,Keskin Nişancı,tr
Frigideira,Kızartma Tavası,tr
Frontkämpfer,Öncü,tr
Frontkämpfer-Emblem,Öncü Amblemi,tr
Frontline Foundation,Dayanıklı Ön Sıra,tr
Frontlinien-Fundament,Dayanıklı Ön Sıra,tr
Frying Pan,Kızartma Tavası,tr
Frângător al timpului,Zamankıran,tr
Frühe Erkenntnisse,İlk Öğretiler,tr
Fuego Concentrado,Odaklı Ateş,tr
Fuego concentrado,Odaklı Ateş,tr
Fuerte pero frágil,Güçlü Ama Kırılgan,tr
Fuerte y Enorme,Devasa ve Güçlü,tr
Fuerzas renovadas,İkinci Şans,tr
Fulcro del commercio,Ticaretin Özü,tr
Fundação da Linha de Frente,Dayanıklı Ön Sıra,tr
Fundo de Garantia,Serbest Yatırım Fonu,tr
Fundusz Inwestycyjny,Serbest Yatırım Fonu,tr
Fuoco concentrato,Odaklı Ateş,tr
Fureur du kraken,Kraken'in Öfkesi,tr
Furia Krakena,Kraken'in Öfkesi,tr
Furia del Kraken,Kraken'in Öfkesi,tr
Furia del kraken,Kraken'in Öfkesi,tr
Furia di Guinsoo,Guinsoo'nun Hiddeti,tr
Furia krakenului,Kraken'in Öfkesi,tr
Furtarello,Arakla,tr
Furtivo,Sinsi,tr
Furto,Arakla,tr
Furto di componenti,Bileşen Eşya Soygunu,tr
Furtuna lui Luden,Luden'in Çığlığı,tr
Fäustlinge,Pofuduk Eldiven,tr
Félholt csapás,Lich Boğan,tr
Félvezető,Yarı İletken,tr
Fényőrző címer,Lightshield Arması,tr
Fókusz,Medyum,tr
Fókusz mód,Medyum Modu,tr
Fúria do Cráquem,Kraken'in Öfkesi,tr
"FĂRĂ ANALIZĂ, FĂRĂ SCHIMBĂRI",Yolumdan Dönmem,tr
Făurit prin putere,Güçle İşlenmiş,tr
Gabardina Sospechosa,Gizemli Trençkot,tr
Gabardina sospechosa,Gizemli Trençkot,tr
Gage de Sterak,Sterak'ın Güvencesi,tr
Gagnant-gagnant,Hayat Deneyimi,tr
Galaktický lovec,Galaksi Avcısı,tr
Galaktischer Jäger,Galaksi Avcısı,tr
Galaktyczni Łowcy,Galaksi Avcısı,tr
Galaxisvadász,Galaksi Avcısı,tr
Galaxy Hunter,Galaksi Avcısı,tr
Gambit Urfa,Urf Hamlesi,tr
Gambit d'Urf,Urf Hamlesi,tr
Gambito de Urf,Urf Hamlesi,tr
Gantelet du Néant,Hiçlik Eldiveni,tr
Gantelet précieux,Mücevherli Eldiven,tr
Gants d'entraînement,İdman Eldiveni,tr
Gants de voleur,Hırsız Eldiveni,tr
Gants porte-bonheur,Şanslı Eldiven,tr
Gants à gogo,Kritik Başarı,tr
Gardienii gemeni,İkiz Muhafızlar,tr
Gardiens jumeaux,İkiz Muhafızlar,tr
Gargoyle Stoneplate,Gargoyl Taşzırhı,tr
Garra de Dragón,Ejder Pençesi,tr
Garra de dragón,Ejder Pençesi,tr
Garra de merodeador,Sinsi Pençe,tr
Garra del Merodeador,Sinsi Pençe,tr
Garra do Dragão,Ejder Pençesi,tr
Garra do Espreitador,Sinsi Pençe,tr
Gasto con cabeza,Akıllı Harcama,tr
Gauner,Dümenci,tr
Gebieter,Hâkim,tr
Gebieter-Emblem,Hâkim Amblemi,tr
Geburtstags-Wiedervereinigung,Doğum Günü Buluşması,tr
Geburtstagsgeschenk,Doğum Günü Hediyesi,tr
Geduld ist eine Tugend,Sabır Erdemdir,tr
Geeinter Halt,Birlikten Kuvvet Doğar,tr
Gefälligkeit des Schrotthändlers,Hurdacının Lütfu,tr
Gegenstand-Wundertüte,Eşya Çekilişi,tr
Geist der Erlösung,Kefaret Ruhu,tr
Geistessicht,Ruh Gömleği,tr
Geld fürs Mittagessen,Ekmek Parası İşte,tr
Geldgierig,Paragöz,tr
Geldmonsun,Gökten Yağan Altın,tr
Gelungenes Comeback,Büyük Dönüş,tr
Gespiegelte Persona,Benlik Aynası,tr
Gheara dragonului,Ejder Pençesi,tr
Gheara lui Sterak,Sterak'ın Güvencesi,tr
Gheara prădătorului,Sinsi Pençe,tr
Giant Slayer,Dev Katili,tr
Giant and Mighty,Devasa ve Güçlü,tr
Giant's Belt,Dev Kemeri,tr
Gigante e Poderoso,Devasa ve Güçlü,tr
Gigantes y fuertes,Devasa ve Güçlü,tr
Gilded Steel,Yaldızlı Çelik,tr
Gioco di lama di Yasuo,Yasuo'nun Kılıç Sanatı,tr
Gioiello della rovina,Felaket Mücevheri,tr
Giuvaier blestemat,Felaket Mücevheri,tr
Giáp Lưới,Zincir Yelek,tr
Giáp Máu Warmog,Warmog'un Zırhı,tr
Giáp Tay Seeker,Maceracının Pazubendi,tr
Giáp Tâm Linh,Ruh Gömleği,tr
Giáp Tự Chế,Eğreti Zırh,tr
Giáp Vai Nguyệt Thần,Denge Örtüsü,tr
Giù come birilli,Yenilemeye Devam,tr
Giọt Lệ Bi Ai,Gözyaşları Sel,tr
Giữ Vững Hàng Ngũ,Safları Koru,tr
Glaives à gogo,Bir Yol Çiz,tr
Glaskanone,Güçlü Ama Kırılgan,tr
Glass Cannon,Güçlü Ama Kırılgan,tr
Glückshandschuhe,Şanslı Eldiven,tr
Gnar,Gnar,tr
Goana după bani,Paragöz,tr
God-Blessed,Hükümdarın Seçimi,tr
Going Long,Gözü Yükseklerde,tr
Golden Gamble,Altın Riski,tr
Goldenes Glücksspiel,Altın Riski,tr
Golem,Golem,tr
Golpetazos,Anı Yaşa,tr
Good For Something,Kedi Olalı Bir Fare,tr
Gotowy Komplet,Azami Dizilim,tr
Gottgesegnet,Hükümdarın Seçimi,tr
Grabież,Arakla,tr
Gracia de Ahri,Ahri'nin Lütfu,tr
Gracia de Aurelion Sol,Aurelion Sol'ün Lütfu,tr
Gracia de Ekko,Ekko'nun Lütfu,tr
Gracia de Evelynn,Evelynn'in Lütfu,tr
Gracia de Kayle,Kayle'ın Lütfu,tr
Gracia de Soraka,Soraka'nın Lütfu,tr
Gracia de Thresh,Thresh'in Lütfu,tr
Gracia de Varus,Varus'un Lütfu,tr
Gracia de Yasuo,Yasuo'nun Lütfu,tr
Gracia de resurrección,Dirilme Lütfu,tr
Gragas,Gragas,tr
Gran Compromiso,Sadakat,tr
Grandalhão,Boyut Önemli,tr
Grande e possente,Devasa ve Güçlü,tr
Grandeur et démesure,Devasa ve Güçlü,tr
Graves,Graves,tr
Gredin,Dümenci,tr
Griffe de dragon,Ejder Pençesi,tr
Griffes du rôdeur,Sinsi Pençe,tr
Group Hug,Grup Kucaklaşması,tr
Groß und mächtig,Devasa ve Güçlü,tr
Große Wundertüte,Büyük Çekiliş,tr
Groźniejsze Ostrza,Ölümcül Bıçaklar,tr
Gruboskórność Steraka,Sterak'ın Güvencesi,tr
Grupowy Przytulas,Grup Kucaklaşması,tr
Gruppenumarmung,Grup Kucaklaşması,tr
Gräte,Kılçık,tr
Größe ist alles,Boyut Önemli,tr
Guantelete Deslumbrante,Mücevherli Eldiven,tr
Guantelete de Sterak,Sterak'ın Güvencesi,tr
Guantelete del Vacío,Hiçlik Eldiveni,tr
Guantelete enjoyado,Mücevherli Eldiven,tr
Guantes de Combate,İdman Eldiveni,tr
Guantes de Ladrón,Hırsız Eldiveni,tr
Guantes de combate,İdman Eldiveni,tr
Guantes de la Suerte,Şanslı Eldiven,tr
Guantes de la suerte,Şanslı Eldiven,tr
Guantes de ladrón,Hırsız Eldiveni,tr
Guanti del ladro,Hırsız Eldiveni,tr
Guanti fortunati,Şanslı Eldiven,tr
Guanto del Vuoto,Hiçlik Eldiveni,tr
Guanto ingioiellato,Mücevherli Eldiven,tr
Guantoni,İdman Eldiveni,tr
Guardabrazo del Buscador,Maceracının Pazubendi,tr
Guardia de la Corona,Kraliyet Başlığı,tr
Guardianes Gemelos,İkiz Muhafızlar,tr
Guardianes gemelos,İkiz Muhafızlar,tr
Guardiani gemelli,İkiz Muhafızlar,tr
Guardiões Gêmeos,İkiz Muhafızlar,tr
Guarida del Barón,Baron'un İni,tr
Guinsoo dühpengéje,Guinsoo'nun Hiddeti,tr
Guinsoo's Rageblade,Guinsoo'nun Hiddeti,tr
Guinsoos Wutklinge,Guinsoo'nun Hiddeti,tr
Guinsoova zuřivá čepel,Guinsoo'nun Hiddeti,tr
Gume do Infinito,Ebedi Kılıç,tr
Gun Goddess,Çelik İntikam,tr
Gustări dulci,Tatlı Atıştırmalıklar,tr
Gwałtowny Wzrost,Ani Büyüme,tr
Gwen,Gwen,tr
Gwiezdna Kombinacja,Yıldız Kombosu,tr
Gyakorlófigura,Hedef Kuklası,tr
Gyanús ballonkabát,Gizemli Trençkot,tr
Gyors kettős gyilkosság,Hızlı İkide İki,tr
Gyorstüzelő ágyú,Bombardıman Topu,tr
Gyári új,Özel Yapım,tr
Gyógyító gömbök I.,Şifalı Küreler,tr
Gói Bảo Hộ,İhtiyaç Paketi,tr
Gói Tăng Cường,Takviye Paketi,tr
Gói Đăng Ký Hạng Sang,Lüks Aboneliği,tr
Gólem,Golem,tr
Göttlicher Duellant,Ulvi Düellocu,tr
Gürtel des Riesen,Dev Kemeri,tr
Gürtel im Überfluss,Kemer Fazlalığı,tr
Găng Bảo Thạch,Mücevherli Eldiven,tr
Găng Hư Không,Hiçlik Eldiveni,tr
Găng Đạo Tặc,Hırsız Eldiveni,tr
Găng Đấu Sĩ,Pofuduk Eldiven,tr
Găng Đấu Tập,İdman Eldiveni,tr
Găsește-ți centrul de putere,Merkezini Bul,tr
Gươm Biến Ảnh,Hortlak Palası,tr
Gậy Quá Khổ,Aşırı Büyük Sopa,tr
Hacha de Fuego Infernal,Cehennem Ateşi Baltası,tr
Hacha infernal,Cehennem Ateşi Baltası,tr
Hachette infernale,Cehennem Ateşi Baltası,tr
Haciendo Amistades,Güçlü Arkadaşlık,tr
Hadiösvény,Savaş Yolu,tr
Hadúri dicsőség,Cengâver Onuru,tr
Hai il mio arco,Yayım Yayındır,tr
Hai odată,Aradığını Bul,tr
Hajnalmag,Şafağın Özü,tr
Halbleiter,Yarı İletken,tr
Halla tu Centro,Merkezini Bul,tr
Halszálka,Kılçık,tr
Halálosabb pengék,Ölümcül Bıçaklar,tr
Halálosabb süvegek,Güçlü Şapkalar,tr
Halálpenge,Ölüm Kılıcı,tr
Hand Of Justice,Adaletin Eli,tr
Hand der Gerechtigkeit,Adaletin Eli,tr
Handelssektor,Ticaret Bölgesi,tr
Handschuhe des Diebs,Hırsız Eldiveni,tr
Hang Ổ Baron,Baron'un İni,tr
Hanger fantomatic,Hortlak Palası,tr
Hard Commit,Sadakat,tr
Hatalmas sorsolás,Destansı Yenileme,tr
Hatalmas és erős,Devasa ve Güçlü,tr
Határtalan penge,Ebedi Kılıç,tr
Haute tension,Yüksek Voltaj,tr
Healing Orbs,Şifalı Küreler,tr
Heart of Steel,Çelikten Yürek,tr
Heavy Is the Crown,Bu Taç Ağır,tr
Hecho a medida,Kişiselleştirme Fırsatı,tr
Hedge Fund,Serbest Yatırım Fonu,tr
Heilende Echos,Şifalı Yankılar,tr
Heilende Kugeln,Şifalı Küreler,tr
Heldenhafte Wundertüte,Kahraman Çekilişi,tr
Hellfire Hatchet,Cehennem Ateşi Baltası,tr
Hemos venido a jugar,Kaz Gelecek Yerden...,tr
Heraldo de Zeke,Zeke'nin Sancağı,tr
Heraldo de las Tinieblas de Zeke,Zeke'nin Kasvetli Sancağı,tr
Heraldo desolador de Zeke,Zeke'nin Kasvetli Sancağı,tr
Herausforderer,Atılgan,tr
Herausforderer-Emblem,Atılgan Amblemi,tr
Herausforderer-Modus,Atılgan Modu,tr
Herb Dynastii Promiennej Tarczy,Lightshield Arması,tr
Heroic Grab Bag,Kahraman Çekilişi,tr
Heroiczna Torba z Różnościami,Kahraman Çekilişi,tr
Herold Zeke'a,Zeke'nin Sancağı,tr
Herz aus Stahl,Çelikten Yürek,tr
Heul doch …,Gözyaşları Sel,tr
Hex Dorado de Yasuo,Yasuo'nun Altın Hücresi,tr
Hexagone doré de Yasuo,Yasuo'nun Altın Hücresi,tr
Hexagonul auriu al lui Yasuo,Yasuo'nun Altın Hücresi,tr
Hextech Gunblade,Hextech Silahkılıç,tr
Hextech lőpenge,Hextech Silahkılıç,tr
Hextech-Gunblade,Hextech Silahkılıç,tr
Hexágono dorado de Yasuo,Yasuo'nun Altın Hücresi,tr
Hidra Titánica,Haşmetli Hydra,tr
Hidra Titânica,Haşmetli Hydra,tr
Hidra titanilor,Haşmetli Hydra,tr
Hidra titánica,Haşmetli Hydra,tr
Higany,Cıva,tr
High Voltage,Yüksek Voltaj,tr
Hilfspaket,İhtiyaç Paketi,tr
Hirte,Kılavuz,tr
Hirte-Emblem,Kılavuz Amblemi,tr
Historia Powrotu do Chwały,Büyük Dönüş,tr
Hivatásos bokszoló,Ödüllü Müsabaka,tr
Hiện Thân Phản Chiếu,Benlik Aynası,tr
Hiện Thân Phản Chiếu Cỡ Nhỏ,Küçük Benlik Aynası,tr
Hochspannung,Yüksek Voltaj,tr
Hoja de furia de Guinsoo,Guinsoo'nun Hiddeti,tr
Hoja maldita,Lanetli Kılıç,tr
Hojas más letales,Ölümcül Bıçaklar,tr
Hold the Line,Safları Koru,tr
Holofote Compartilhado do Yasuo,Yasuo'nun İlgi Budalası Eklentisi,tr
Honneur du Maître de guerre,Cengâver Onuru,tr
Honor Watażki,Cengâver Onuru,tr
Honor de señor de la guerra,Cengâver Onuru,tr
Honor del Caudillo,Cengâver Onuru,tr
Honra do Mestre da Guerra,Cengâver Onuru,tr
Hordozható kohó,Taşınabilir Ocak,tr
Horizon Focus,Ufukgetiren,tr
Horizont,Ufukgetiren,tr
Horizontfokus,Ufukgetiren,tr
Hosszú távú befektetés,Gözü Yükseklerde,tr
Hrdinská dárková taška,Kahraman Çekilişi,tr
Hurto,Arakla,tr
Hustler,Dümenci,tr
Huy Hiệu Lightshield,Lightshield Arması,tr
Huyết Giá,Kan Bedeli,tr
Huyết Kiếm,Kanasusamış,tr
Huyết Trượng Tha Hóa,Yozlaşmış Vampirî Asa,tr
Huyết Tế,Kan Adağı,tr
Huấn Luyện Cận Vệ,Koruma Eğitimi,tr
Hvězdná obnova,Yenilemeye Devam,tr
Hvězdné kombo,Yıldız Kombosu,tr
Hvězdopravec,Yıldız Gözlemcisi,tr
Hydre titanesque,Haşmetli Hydra,tr
Hàng Chờ Pandora,Pandora'nın Yedekleri,tr
Hàng Chờ Đấu Đôi,Çifte Ödül,tr
Hành Tinh,Uzayın Ritmi,tr
Hào Quang Của Ahri,Ahri'nin Haresi,tr
Hào Quang Nhân Vật Chính,Ana Karaktere Bir Şey Olmaz,tr
Hármak légiója,Üçler Ordusu,tr
Hármas kombó I.,Üçlük,tr
Hátsó vonal tervrajza,Arka Sıra Savunması,tr
Hình Nhân,Hedef Kuklası,tr
Hình Nhân Hóa,Kuklaya Dönüştür,tr
Hình Nộm Va Chạm,Kukla Yağmuru!,tr
Hút Sinh Lực,Vampirî Zindelik,tr
Hősies zsákbamacska,Kahraman Çekilişi,tr
Hůl Prázdnoty,Hiçlik Değneği,tr
Hướng Đến Hồi Kết,İleri Safhalarda Görüşürüz,tr
Hưởng Ké Hào Quang Yasuo,Yasuo'nun İlgi Budalası Eklentisi,tr
Hạ Đo Ván,Anı Yaşa,tr
Hắc Tinh,Sonsuz Karanlık,tr
Hố Đen Tí Hon,Mini Kara Delik,tr
Hủy Diệt,Yok Edici,tr
Ia arcul meu,Yayım Yayındır,tr
Idol interzis,Yasak İdol,tr
Idole interdite,Yasak İdol,tr
Idolo proibito,Yasak İdol,tr
Idra titanica,Haşmetli Hydra,tr
Időtörő,Zamankıran,tr
Időtörő embléma,Zamankıran Amblemi,tr
Ikerőrzők,İkiz Muhafızlar,tr
Il Drago dorato,Altın Ejder,tr
Il massimo con il minimo,Kusursuzluk Arayışı,tr
Il potente Mech,Muhteşem Meka,tr
Illaoi,Illaoi,tr
Iluminare parțială,Kısmi Yükseliş,tr
Immer höher hinauf,Tırmanışa Devam,tr
Impermeabile sospetto,Gizemli Trençkot,tr
Impianti cibernetici,Sibernetik İmplant,tr
Impianto empatico,Sinir İmplantı,tr
Implant Współczulny,Sinir İmplantı,tr
Implant cybernétique,Sinir İmplantı,tr
Implant empatic,Sinir İmplantı,tr
Implante Simpático,Sinir İmplantı,tr
Implante Solidário,Sinir İmplantı,tr
Implante simpático,Sinir İmplantı,tr
Implantes Cibernéticos,Sibernetik İmplant,tr
Implantes cibernéticos,Sibernetik İmplant,tr
Implants cybernétiques,Sibernetik İmplant,tr
Implanturi cibernetice,Sibernetik İmplant,tr
Implanty Cybernetyczne,Sibernetik İmplant,tr
Impossível Recusar,Aradığını Bul,tr
Improvisierte Rüstung,Eğreti Zırh,tr
Improwizowana Zbroja,Eğreti Zırh,tr
Impuesto Cognitivo,Bilişsel Vergi,tr
Impuesto cognitivo,Bilişsel Vergi,tr
In quattro e quattr'otto,Dört Dörtlük,tr
Inactividad,AFK,tr
Inadaptados,Uyumsuzlar,tr
Inadaptați,Uyumsuzlar,tr
Inaktivitás,AFK,tr
Incantație continuă,Sonsuz Büyü,tr
Indiscriminate Killer,Herkesin Katili,tr
Indomable,Yenilmez,tr
Indomável,Yenilmez,tr
Infinity Edge,Ebedi Kılıç,tr
Infinity Protection,Ebedi Koruma,tr
Inicio Veloz,Hızlı Başlangıç,tr
Inimă de oțel,Çelikten Yürek,tr
Initiateur,Öncü,tr
Innervating Locket,Zindelik Broşu,tr
Instinct d'Evelynn,Evelynn'in İçgüdüsü,tr
Instinctul lui Evelynn,Evelynn'in İçgüdüsü,tr
Instinto de Evelynn,Evelynn'in İçgüdüsü,tr
Instynkt Evelynn,Evelynn'in İçgüdüsü,tr
Insígnia do Lumescudo,Lightshield Arması,tr
Intermediar,Medyum,tr
Invadatorul Zed,İstilacı Zed,tr
Invader Zed,İstilacı Zed,tr
Invasión de Zed,İstilacı Zed,tr
Invasor Zed,İstilacı Zed,tr
Inversión,Yatırımın Getirisi,tr
Invested,Yatırımın Getirisi,tr
Investice,Yatırımın Getirisi,tr
Investiert,Yatırımın Getirisi,tr
Investimento,Yatırımın Getirisi,tr
Investissement,Yatırımın Getirisi,tr
Investissement sur le futur,İleri Görüşlülük,tr
Investitura,Yatırımın Getirisi,tr
Investiční fond,Serbest Yatırım Fonu,tr
Investiție,Yatırımın Getirisi,tr
Inwestycja,Gözü Yükseklerde,tr
Início Rápido,Hızlı Başlangıç,tr
Ionic Spark,İyon Kıvılcımı,tr
Ionischer Funke,İyon Kıvılcımı,tr
Ionos szikra,İyon Kıvılcımı,tr
Iontová jiskra,İyon Kıvılcımı,tr
Iron Assets,Kıymetli Metaller,tr
Isteni párbajhős,Ulvi Düellocu,tr
Istennő könnycseppje,Tanrıça'nın Gözyaşı,tr
Istenáldotta,Hükümdarın Seçimi,tr
Istinto di Evelynn,Evelynn'in İçgüdüsü,tr
Item Grab Bag,Eşya Çekilişi,tr
Itens de Pandora,Pandora'nın Eşyaları,tr
Iubire nezdruncinată,Kararlı Yürek,tr
JEDU SI TO SVOJE,Yolumdan Dönmem,tr
Ja Gram Solo,Ben Tek Siz Hepiniz,tr
Jaf,Arakla,tr
Jaful componentelor,Bileşen Eşya Soygunu,tr
Jakim Kosztem,Ne Pahasına?,tr
Jax,Jax,tr
Jaximus,Yıldızlara Uzan,tr
"Jeden buff, dva buffy",İki Kat Güçlendirme,tr
"Jedna, dva, tři",Bir İki Üç,tr
Jeu de patience,Sabır Erdemdir,tr
Jeweled Gauntlet,Mücevherli Eldiven,tr
Jeweled Lotus,Mücevherli Nilüfer,tr
Jhin,Jhin,tr
Jinx,Jinx,tr
Jogada Levemente Mágica,Kısmen Büyülü Zar,tr
Jogada Mágica,Büyülü Zarlar,tr
Jogada de Urf,Urf Hamlesi,tr
Joia da Ruína,Felaket Mücevheri,tr
Jonowa Iskra,İyon Kıvılcımı,tr
Jour de relance,Durmadan Yenile,tr
Joya Maldita,Felaket Mücevheri,tr
Joya de la plaga,Felaket Mücevheri,tr
Joyau putréfiant,Felaket Mücevheri,tr
Jugadas arriesgadas,Kaz Gelecek Yerden...,tr
Juge stellaire,Hâkim,tr
Juguito de Gorrito,Şapkat Nektarı,tr
Juramento del Protector,Muhafızın Adağı,tr
Juramento do Cavaleiro,Şövalyenin Adağı,tr
Juramento do Protetor,Muhafızın Adağı,tr
Jurământul protectorului,Muhafızın Adağı,tr
Jus chapi-chapo,Şapkat Nektarı,tr
Just Hit,Aradığını Bul,tr
Justice critique,Adaletin Yumruğu,tr
Juwelenbesetzter Handschuh,Mücevherli Eldiven,tr
Juwelenbesetzter Lotus,Mücevherli Nilüfer,tr
Jádro obchodu,Ticaretin Özü,tr
Jádro úsvitu,Şafağın Özü,tr
Jó sorozat,Yenilemeye Devam,tr
Jóbarát rendelésre,Tam Teşekküllü,tr
Jós,Kâhin,tr
Jótékony visszhang,Şifalı Yankılar,tr
K. N. kard,TEK Kılıcı,tr
K. V. meč,TEK Kılıcı,tr
K.W. Miecz,TEK Kılıcı,tr
"KEIN UMSEHEN, KEIN WECHSELN",Yolumdan Dönmem,tr
Kahuna,Saklı Gerçek,tr
Kahunahuna,Saklı Gerçek,tr
Kai'Sa,Kai'Sa,tr
Kamekameha,Saklı Gerçek,tr
Kamienna Płyta Gargulca,Gargoyl Taşzırhı,tr
Kamizelka Cierniowa,Dikenli Yelek,tr
Kamizelka Kolcza,Zincir Yelek,tr
Kampfhandschuhe,İdman Eldiveni,tr
Kanalisierer,Medyum,tr
Kanalisierermodus,Medyum Modu,tr
Kanciarz,Dümenci,tr
Kanoucí slzy,Akan Gözyaşları,tr
Kapelusze Zabójcze jak Nigdy,Güçlü Şapkalar,tr
Kardkovács,Kılıç İşçisi,tr
Kardszállítmány,Kılıç Fazlalığı,tr
Karma,Karma,tr
Kayle felmagasztosulása,Kayle'ın Yüceliği,tr
Kayle ragyogó felmagasztosulása,Kayle'ın Işıltılı Yüceliği,tr
Kayle áldása,Kayle'ın Lütfu,tr
Kayle's Boon,Kayle'ın Lütfu,tr
Kayle's Exaltation,Kayle'ın Yüceliği,tr
Kayle's Radiant Exaltation,Kayle'ın Işıltılı Yüceliği,tr
Kayles Hochgefühl,Kayle'ın Yüceliği,tr
Kayles Segen,Kayle'ın Lütfu,tr
Kayles strahlendes Hochgefühl,Kayle'ın Işıltılı Yüceliği,tr
Kaylin dar,Kayle'ın Lütfu,tr
Kaylino povznesení,Kayle'ın Yüceliği,tr
Kaylino zářivé povznesení,Kayle'ın Işıltılı Yüceliği,tr
Kedvez a szerencse,Şans Benimle,tr
Kelch der Macht,Güç Kadehi,tr
Kereskedelmi központ,Ticaretin Özü,tr
Keresők karvértje,Maceracının Pazubendi,tr
Kettenweste,Zincir Yelek,tr
Khiên Hoàng Hôn,Alacakaranlık Kalkanı,tr
Khiên Hừng Đông,Şafak Kalkanı,tr
Khiên Đơn Đấu,Yalnız Zırh,tr
Kho Báu Chôn Giấu,Gömülü Hazineler,tr
Kho Báu Sắt,Kıymetli Metaller,tr
Khu Giao Dịch,Ticaret Bölgesi,tr
Khuyến Mãi Kinh Nghiệm,Seviye Atla!,tr
Khéo Tay Hay Làm,El Emeği Göz Nuru,tr
Khảm Bảo Thạch,Mücevherli Nilüfer,tr
Khế Ước Vĩnh Hằng,Ebedi Anlaşma,tr
Khổng Lồ Hóa,Minik Devler,tr
Khổng Lồ Tí Hon,En Minik Dev,tr
Khởi Động Nhanh,Hızlı Başlangıç,tr
Kibernetikus fellövő,Sibernetik Aktarım,tr
Kibernetikus implantátumok,Sibernetik İmplant,tr
Kick Start,Hızlı Başlangıç,tr
Kickstart,Hızlı Başlangıç,tr
"Kicsi, de halálos",Minik Ama Ölümcül,tr
Kihívó,Atılgan,tr
Kihívó embléma,Atılgan Amblemi,tr
Kihívó mód,Atılgan Modu,tr
Kiirtó,Yok Edici,tr
Kim Long,Altın Ejder,tr
Kimaxolt összeállítás,Azami Dizilim,tr
Kincsvadászat,Hazine Avı,tr
Kindred,Kindred,tr
Kis zsákbamacska,Ufak Çekiliş,tr
Kiên Nhẫn Của Ekko,Ekko'nun Sabrı,tr
Kiên Nhẫn Học Tập,Hayat Deneyimi,tr
Kiên Nhẫn Là Một Đức Tính,Sabır Erdemdir,tr
Kiếm B.F.,TEK Kılıcı,tr
Kiếm Cong,Lanetli Kılıç,tr
Kiếm Súng Hextech,Hextech Silahkılıç,tr
Kiếm Tai Ương,Lich Boğan,tr
Kiếm Thuật Của Yasuo,Yasuo'nun Kılıç Sanatı,tr
Kiếm Tử Thần,Ölümcül Bıçaklar,tr
Kiếm Tử Thần,Ölüm Kılıcı,tr
Klarer Geist,Zihin Açıklığı,tr
Klaue des Meuchlers,Sinsi Pençe,tr
Kleine Freunde,Minik Dostlar,tr
Kleine Wundertüte,Ufak Çekiliş,tr
Kleine gespiegelte Persona,Küçük Benlik Aynası,tr
Kleines schwarzes Loch,Mini Kara Delik,tr
Klejnot Rozpadu,Felaket Mücevheri,tr
Klenot nákazy,Felaket Mücevheri,tr
Klinge der Unendlichkeit,Ebedi Kılıç,tr
Klinge des Todes,Ölüm Kılıcı,tr
Klonprogramm,Kopyalama Süreci,tr
Kluftkrabbler,Yampiri Yengeç,tr
Knallhart,Ana Karaktere Bir Şey Olmaz,tr
Knight's Vow,Şövalyenin Adağı,tr
Kniha vlastností,Özellikler Kitabı,tr
Kognitive Steuer,Bilişsel Vergi,tr
Kognitive Überladung,Bilişsel Patlama,tr
Kognitivní přetížení,Bilişsel Patlama,tr
Kognitivní zátěž,Bilişsel Vergi,tr
Kognitív teher,Bilişsel Vergi,tr
Kognitív túlterhelés,Bilişsel Patlama,tr
Kolejka Duo,Çifte Ödül,tr
Koleżcy,Minik Dostlar,tr
Kolosalna Hydra,Haşmetli Hydra,tr
Kommandant,Komutan,tr
Kommerzkern,Ticaretin Özü,tr
Komponentenraub,Bileşen Eşya Soygunu,tr
Koniec Rozumu,Aklın Sonu,tr
Konserwator Biomaterii,Biyomalzeme Koruyucusu,tr
Konto Oszczędnościowe,Birikim Hesabı,tr
Konzervátor biomateriálu,Biyomalzeme Koruyucusu,tr
Korai tanulságok,İlk Öğretiler,tr
Korbacz Napastnika,Hücum Gürzü,tr
Korona Taktyka,Strateji Ustası Tacı,tr
Korona Zawsze Będzie Ciążyć,Bu Taç Ağır,tr
Koronaőr,Kraliyet Başlığı,tr
Koroze,Korozyon,tr
Korozja,Korozyon,tr
Korrosion,Korozyon,tr
Korrózió,Korozyon,tr
Korszak,Yeni Çağ,tr
Korunní stráž,Kraliyet Başlığı,tr
Kosa Statikka,Statikk Hançer,tr
Kosmický restart,Kozmik Başlangıç,tr
Kosmiczny Restart,Kozmik Başlangıç,tr
Kosmischer Neubeginn,Kozmik Başlangıç,tr
Kosmofaza,Uzayın Ritmi,tr
Kostur Archanioła,Başmelek Asası,tr
Kostur Pustki,Hiçlik Değneği,tr
Kostur Serafina,Melek Asası,tr
Kosturnik,Sopa İşçisi,tr
Kouzelný hod,Büyülü Zarlar,tr
Kovácsolj barátot,Güçlü Arkadaşlık,tr
Kozmikus újraindítás,Kozmik Başlangıç,tr
Kraken's Fury,Kraken'in Öfkesi,tr
Krakenův hněv,Kraken'in Öfkesi,tr
Krev za krev,Kan Bedeli,tr
Kriegsbeil des Höllenfeuers,Cehennem Ateşi Baltası,tr
Kriegspfad,Savaş Yolu,tr
Kritický úspěch,Kritik Başarı,tr
Kritikus siker,Kritik Başarı,tr
Kritischer Erfolg,Kritik Başarı,tr
Krmení plamenů,Alevleri Körükle,tr
Krone des Taktikers,Strateji Ustası Tacı,tr
Kronwacht,Kraliyet Başlığı,tr
Kroužková vesta,Zincir Yelek,tr
Krvavá oběť,Kan Adağı,tr
Krvežíznivec,Kanasusamış,tr
Krwiopijec,Kanasusamış,tr
Krytyczny Sukces,Kritik Başarı,tr
Księga Cech,Özellikler Kitabı,tr
Kuchnia Taktyka,Strateji Ustasının Mutfağı,tr
Kukiełka Cienia,Gölge Kukla,tr
Kukła Treningowa,Hedef Kuklası,tr
Kukły do Testów Wypadkowych,Kukla Yağmuru!,tr
Kutilův dar,Hurdacının Lütfu,tr
Kybernetická linka,Sibernetik Aktarım,tr
Kybernetické implantáty,Sibernetik İmplant,tr
Kybernetische Implantate,Sibernetik İmplant,tr
Kybernetische Verbindung,Sibernetik Aktarım,tr
Kártyacsomag,Takviye Paketi,tr
Kék erősítés,Mavi Güçlendirme,tr
Kích Cỡ Là Quan Trọng,Boyut Önemli,tr
Kính Khóa Mục Tiêu,Hedefe Kilitlenen Optik,tr
Kính Nhắm Ma Pháp,Ufukgetiren,tr
Könnyek patakja,Gözyaşları Sel,tr
Könyörtelen költség,Kötü Niyetli Kazanç,tr
Közös gyakorlás,Kuklaya Dönüştür,tr
Küldetés újrakezdése,Tekrar Dene,tr
Kẻ Sống Sót,Sona Kalanlar,tr
Kết Nối Drone,Dron Bağlantısı,tr
Kết Nối Gián Đoạn,Tanışma Toplantısı,tr
Kề Vai Sát Cánh,Birliğin Gücü,tr
Kỳ Vọng Bất Ngờ,Beklenen Beklenmezlik,tr
Kỷ Nguyên,Yeni Çağ,tr
L'Albero dei tratti,Özellik Ağacı,tr
L'amour du risque,Kaz Gelecek Yerden...,tr
L'atteso inaspettato,Beklenen Beklenmezlik,tr
L'indomabile,Yenilmez,tr
L'indomptable,Yenilmez,tr
L'onore del Signore della guerra,Cengâver Onuru,tr
L'uovo dorato,Altın Yumurta,tr
La Bramasangue,Kanasusamış,tr
La Paciencia es una Virtud,Sabır Erdemdir,tr
La Sanguinaria,Kanasusamış,tr
La Torre,Kule,tr
La Tour,Kule,tr
La cumpărături,Alışveriş Çılgınlığı,tr
La espera merece la pena,Beklemeye Değer,tr
La fortuna te sonríe,Şans Benimle,tr
La legge della mazza,Gürzün Dileği,tr
La paciencia es una virtud,Sabır Erdemdir,tr
La pazienza è una virtù,Sabır Erdemdir,tr
La torre,Kule,tr
La trama lo protege,Ana Karaktere Bir Şey Olmaz,tr
La unión hace la fuerza,Takım Çalışması,tr
Lacrima della dea,Tanrıça'nın Gözyaşı,tr
Lacrima zeiței,Tanrıça'nın Gözyaşı,tr
Lacrimi curgătoare,Akan Gözyaşları,tr
Ladino,Sinsi,tr
Ladungstransfer,Yük Aktarımı,tr
Lama maledetta,Lanetli Kılıç,tr
Lama mortale,Ölüm Kılıcı,tr
Lame d'infini,Ebedi Kılıç,tr
Lame enragée de Guinsoo,Guinsoo'nun Hiddeti,tr
Lame funeste,Ölüm Kılıcı,tr
Lame maudite,Lanetli Kılıç,tr
Lame più letali,Ölümcül Bıçaklar,tr
Lame rotanti,Tezbıçak,tr
Lames tueuses,Ölümcül Bıçaklar,tr
Lance de Shojin,Shojin'in Mızrağı,tr
Lancea lui Shojin,Shojin'in Mızrağı,tr
Lancer de dés,Beklenen Beklenmezlik,tr
Lancia di Shojin,Shojin'in Mızrağı,tr
Lanterna di Thresh,Thresh'in Feneri,tr
Lanterna do Thresh,Thresh'in Feneri,tr
Lanterne de Thresh,Thresh'in Feneri,tr
Lanza de Shojin,Shojin'in Mızrağı,tr
Lança de Shojin,Shojin'in Mızrağı,tr
Largo plazo,Gözü Yükseklerde,tr
Larme de la déesse,Tanrıça'nın Gözyaşı,tr
Larmes à gogo,Akan Gözyaşları,tr
Last Whisper,Son Fısıltı,tr
Lastrapietra del gargoyle,Gargoyl Taşzırhı,tr
Latarnia Thresha,Thresh'in Feneri,tr
Late Game Scaling,İleri Safha Gücü,tr
Late Game Specialist,İleri Safhalarda Görüşürüz,tr
Latent Forge,Ocağı Harla,tr
Latente Schmiede,Ocağı Harla,tr
Le Méga-mecha,Muhteşem Meka,tr
Le dimensioni contano,Boyut Önemli,tr
Le prix du sang,Ekmek Parası İşte,tr
LeBlanc,LeBlanc,tr
Lebende Schmiede,Yaşayan Ocak,tr
Lecciones de Boxeo,Boks Dersi,tr
Lecsapó buzogány,Hücum Gürzü,tr
Leczące Echo,Şifalı Yankılar,tr
Leczące Kule,Şifalı Küreler,tr
Lecții de box,Boks Dersi,tr
Leerenhandschuh,Hiçlik Eldiveni,tr
Leerenstab,Hiçlik Değneği,tr
Legie tří,Üçler Ordusu,tr
Legion Trójek,Üçler Ordusu,tr
Legion of Threes,Üçler Ordusu,tr
Legione dei tre,Üçler Ordusu,tr
Legiunea de trei,Üçler Ordusu,tr
Legião de Três,Üçler Ordusu,tr
Legión de Tres,Üçler Ordusu,tr
Legión del tres,Üçler Ordusu,tr
Legjobb barátok,Can Dostları,tr
Legământul cavalerului,Şövalyenin Adağı,tr
Legături ratate,Tanışma Toplantısı,tr
Leibwache-Training,Koruma Eğitimi,tr
Lekce v boxu,Boks Dersi,tr
Lekko Magiczny Rzut,Kısmen Büyülü Zar,tr
Lekésett csatlakozás,Tanışma Toplantısı,tr
Lelkek ébredése,Ruh Uyanışı,tr
Lendületes kezdés,Hızlı Başlangıç,tr
Lenyúlás,Arakla,tr
Leo Hạng,Tırmanışa Devam,tr
Leona,Leona,tr
Lesser Mirrored Persona,Küçük Benlik Aynası,tr
Letzter Atemzug,Son Fısıltı,tr
Level Up!,Seviye Atla!,tr
Leveleando en solitario,Ben Tek Siz Hepiniz,tr
Lezioni di pugilato,Boks Dersi,tr
Leçons de combat,İlk Öğretiler,tr
Leże Barona,Baron'un İni,tr
Liaison cybernétique,Sibernetik Aktarım,tr
Liaison de drone,Dron Bağlantısı,tr
Lich Bane,Lich Boğan,tr
Lichtschild-Wappen,Lightshield Arması,tr
Lightshield Crest,Lightshield Arması,tr
Ligne de front,Boks Dersi,tr
Limiar da Noite,Gecenin Kıyısı,tr
Limite da Razão,Aklın Sonu,tr
Linceul d'apaisement,Sükûnet Örtüsü,tr
Linceul de la congruence,Denge Örtüsü,tr
Lineup,Dizilim,tr
Linh Hoạt,Esnek,tr
Linh Hồn Chuộc Tội,Kefaret Ruhu,tr
Linh Thú Vào Bếp,Strateji Ustasının Mutfağı,tr
Linie de înaltă tensiune,Yüksek Voltaj,tr
Linterna de Thresh,Thresh'in Feneri,tr
Liquidación,Zararına Satış,tr
Lissandra,Lissandra,tr
Listă duo,Çifte Ödül,tr
Lithoplastron de gargouille,Gargoyl Taşzırhı,tr
Lithoplastron solo,Yalnız Zırh,tr
Litinová pánev,Kızartma Tavası,tr
Little Buddies,Minik Dostlar,tr
Living Forge,Yaşayan Ocak,tr
Liên Hoàn Tinh Tú,Yıldız Kombosu,tr
Llamada al caos,Şanslı Hissediyorum,tr
Llamado al Caos,Şanslı Hissediyorum,tr
Llora Todo lo que Quieras,Gözyaşları Sel,tr
Locket of the Iron Solari,Demir Solari'nin Broşu,tr
Longo Prazo,Gözü Yükseklerde,tr
Loto Adornado,Mücevherli Nilüfer,tr
Loto enjoyado,Mücevherli Nilüfer,tr
Loto ingioiellato,Mücevherli Nilüfer,tr
Lottatore professionista,Ödüllü Müsabaka,tr
Lotus cu nestemate,Mücevherli Nilüfer,tr
Lotus précieux,Mücevherli Nilüfer,tr
Loupež základních předmětů,Bileşen Eşya Soygunu,tr
Lourde est la couronne,Bu Taç Ağır,tr
Lov pokladů,Hazine Avı,tr
Lovagi eskü,Şövalyenin Adağı,tr
Lovcův dráp,Sinsi Pençe,tr
Luchador,Dövüşçü,tr
Lucidité,Zihin Açıklığı,tr
Lucky Gloves,Şanslı Eldiven,tr
Luden vihara,Luden'in Çığlığı,tr
Luden's Tempest,Luden'in Çığlığı,tr
Ludenova bouře,Luden'in Çığlığı,tr
Ludens Sturm,Luden'in Çığlığı,tr
Luksusowa Subskrypcja,Lüks Aboneliği,tr
Lulu,Lulu,tr
Lumina stelelor,Yıldız Gözlemcisi,tr
Lunch Money,Ekmek Parası İşte,tr
Lunetist,Keskin Nişancı,tr
Lungimiranza,İleri Görüşlülük,tr
Lustrzana Osobowość,Benlik Aynası,tr
Lutador,Dövüşçü,tr
Lutador Profissional,Ödüllü Müsabaka,tr
Luvas da Sorte,Şanslı Eldiven,tr
Luvas do Ladrão,Hırsız Eldiveni,tr
Luvas do Pugilista,İdman Eldiveni,tr
Luvinhas,Pofuduk Eldiven,tr
Luxury Subscription,Lüks Aboneliği,tr
Luxus előfizetés,Lüks Aboneliği,tr
Luxus-Abonnement,Lüks Aboneliği,tr
Luxusní předplatné,Lüks Aboneliği,tr
Lá Chắn Chiến Thuật,Strateji Ustası Kalkanı,tr
Lábrate un camino,Bir Yol Çiz,tr
Lágrima da Deusa,Tanrıça'nın Gözyaşı,tr
Lágrima de la Diosa,Tanrıça'nın Gözyaşı,tr
Lágrima de la diosa,Tanrıça'nın Gözyaşı,tr
Lágrimas Abundantes,Akan Gözyaşları,tr
Lángoló kohó,Yaşayan Ocak,tr
Lâmina Amaldiçoada,Lanetli Kılıç,tr
Lâmina Mortal,Ölüm Kılıcı,tr
Lâmina da Fúria de Guinsoo,Guinsoo'nun Hiddeti,tr
Lâminas Fatais,Ölümcül Bıçaklar,tr
Légion des trois,Üçler Ordusu,tr
Lélek,Anima,tr
Lélek embléma,Anima Amblemi,tr
Lélekparancsnok,Anima Komutanı,tr
Léčivá oka,Şifalı Küreler,tr
Léčivé ozvěny,Şifalı Yankılar,tr
Lò Rèn Thăng Hoa,Ulvi Ocak,tr
Lò Rèn Thần Thoại,Taşınabilir Ocak,tr
Lò Rèn Tiềm Ẩn,Ocağı Harla,tr
Lótus Adornada,Mücevherli Nilüfer,tr
Lõi Bình Minh,Şafağın Özü,tr
Lấy Công Bù Thủ,Güçlü Ama Kırılgan,tr
Lập Đội,Takım Çalışması,tr
Lễ Vật Tái Chế,Hurdacının Lütfu,tr
Lệ Lưu Ly,Akan Gözyaşları,tr
Lệch Chuẩn,Uyumsuzlar,tr
Lồng Đèn Của Thresh,Thresh'in Feneri,tr
Lời Thề Hiệp Sĩ,Şövalyenin Adağı,tr
Lời Thề Hộ Vệ,Muhafızın Adağı,tr
Lựa Chọn Độc Quyền,Kişiselleştirme Fırsatı,tr
M.C. Spada,TEK Kılıcı,tr
Ma Thuật Đan Kết,Dokuma Büyü,tr
Ma Trận Mã Độc,Kötü Yazılım Matrisi,tr
Mace's Will,Gürzün Dileği,tr
Machadinha Infernal,Cehennem Ateşi Baltası,tr
Maestro Yi,Master Yi,tr
Magasfeszültség,Yüksek Voltaj,tr
Magasztos kaland,Haşmetli Macera,tr
Magia Tejida,Dokuma Büyü,tr
Magia entretejida,Dokuma Büyü,tr
Magiczny Rzut,Büyülü Zarlar,tr
Magie întrepătrunsă,Dokuma Büyü,tr
Magitechnická puškočepel,Hextech Silahkılıç,tr
Mailles en or,Altın Ejder,tr
Main de la justice,Adaletin Eli,tr
Makeshift Armor,Eğreti Zırh,tr
Malandro Radiante,Işıltılı Serseri,tr
Maldición del Liche,Lich Boğan,tr
Mali Tytani,Minik Devler,tr
Malicious Monetization,Kötü Niyetli Kazanç,tr
Malware Matrix,Kötü Yazılım Matrisi,tr
Malware-Matrix,Kötü Yazılım Matrisi,tr
Malwarová matice,Kötü Yazılım Matrisi,tr
Malá dárková taška,Ufak Çekiliş,tr
Malí kámoši,Minik Dostlar,tr
Mana magique,Dokuma Büyü,tr
Manechin de antrenament,Hedef Kuklası,tr
Manechine animate,Kukla Yağmuru!,tr
Manechinizare,Kuklaya Dönüştür,tr
Mangual del Guerrero,Hücum Gürzü,tr
Mangual del guerrero,Hücum Gürzü,tr
Mangual do Guerreiro,Hücum Gürzü,tr
Mannequin d'entraînement,Hedef Kuklası,tr
Mannequinification,Kuklaya Dönüştür,tr
Mannequins de choc,Kukla Yağmuru!,tr
Mano de la Justicia,Adaletin Eli,tr
Mano de la justicia,Adaletin Eli,tr
Mano della giustizia,Adaletin Eli,tr
Manopla Adornada,Mücevherli Eldiven,tr
Manopla do Vazio,Hiçlik Eldiveni,tr
Manteau de Négatron,Negatron Pelerini,tr
Manteau de la nuit,Gecenin Kıyısı,tr
Mantello del Sole,Günateşi Pelerini,tr
Mantello dello stratega,Strateji Ustası Pelerini,tr
Mantello di Negatron,Negatron Pelerini,tr
Mantenerse unidos,Birlikten Kuvvet Doğar,tr
Mantenha a Posição,Safları Koru,tr
Manter a União,Birlikten Kuvvet Doğar,tr
Mantia tacticianului,Strateji Ustası Pelerini,tr
Mantie Negatron,Negatron Pelerini,tr
Mantie solară,Günateşi Pelerini,tr
Manto da Imobilidade,Sükûnet Örtüsü,tr
Manto de Quietud,Sükûnet Örtüsü,tr
Manto del Ocaso,Denge Örtüsü,tr
Mantén la Posición,Safları Koru,tr
Maokai,Maokai,tr
Maratona de Compras,Alışveriş Çılgınlığı,tr
Marauder,Yağmacı,tr
Marauder Emblem,Yağmacı Amblemi,tr
Maraudeur,Yağmacı,tr
Marchando un doble,İki Elin Sesi Var,tr
Mare și amenințătoare,Devasa ve Güçlü,tr
Marguereep,Micincik,tr
Marioneta Sombría,Gölge Kukla,tr
Marioneta en las sombras,Gölge Kukla,tr
"Marioneta, to jsem já",Kuklaya Dönüştür,tr
Marionete das Sombras,Gölge Kukla,tr
Marodeur,Yağmacı,tr
Marodeur-Emblem,Yağmacı Amblemi,tr
Martalóc,Yağmacı,tr
Martalóc embléma,Yağmacı Amblemi,tr
Maruderzy,Yağmacı,tr
Master Yi,Master Yi,tr
Masz Mój Łuk,Yayım Yayındır,tr
Mata-Gigantes,Dev Katili,tr
Matador de Aluguel,Kiralık Katil,tr
Matrice,Kötü Yazılım Matrisi,tr
Matrice malware,Kötü Yazılım Matrisi,tr
Matriz de Malware,Kötü Yazılım Matrisi,tr
Matriz de malware,Kötü Yazılım Matrisi,tr
Matryca Wirusa,Kötü Yazılım Matrisi,tr
Max Build,Azami Dizilim,tr
Maximale Ausrüstung,Azami Dizilim,tr
May the Fours Be With You,Dört Seninle Olsun,tr
Mazzafrusto dell'Assaltatore,Hücum Gürzü,tr
Maître Yi,Master Yi,tr
Maîtrise de l'artisanat,El Emeği Göz Nuru,tr
Maîtrise de l'épée de Yasuo,Yasuo'nun Kılıç Sanatı,tr
Mała Torba z Różnościami,Ufak Çekiliş,tr
"Małe, Ale Zabójcze",Minik Ama Ölümcül,tr
Mech,Meka,tr
Mecha,Meka,tr
Mechanický urychlovač,Mekanik Hızlandırıcı,tr
Mechanikus gyorsító,Mekanik Hızlandırıcı,tr
Mechy,Meka,tr
Medaglione dei Solari di ferro,Demir Solari'nin Broşu,tr
Medaglione diramante,Zindelik Broşu,tr
Medailon stimulace,Zindelik Broşu,tr
Medailónek železných Solari,Demir Solari'nin Broşu,tr
Medalhão Enervante,Zindelik Broşu,tr
Medalhão dos Solari de Ferro,Demir Solari'nin Broşu,tr
Medalion stimulant,Zindelik Broşu,tr
Medallón de los Solari,Demir Solari'nin Broşu,tr
Medallón estimulante,Zindelik Broşu,tr
Mediator,Hâkim,tr
Meep Cực Tốc,Süper Hızlı Micin,tr
Meeple,Micingil,tr
Meeple Emblem,Micingil Amblemi,tr
Meeple-Emblem,Micingil Amblemi,tr
Meeplo,Micingil,tr
Meepsie,Micincik,tr
Megamecha,Muhteşem Meka,tr
Megamorfosis,Evriştirici,tr
Megrontott vámpírjogar,Yozlaşmış Vampirî Asa,tr
Megszálló Zed,İstilacı Zed,tr
Megtorlás,Adaletin Yumruğu,tr
Megváltó,Arındırıcı,tr
Megéri a várakozást,Beklemeye Değer,tr
Megújult erő,İkinci Şans,tr
Meilleurs amis,Can Dostları,tr
Mejora Roja,Kırmızı Güçlendirme,tr
Mejora azul,Mavi Güçlendirme,tr
Mejora roja,Kırmızı Güçlendirme,tr
Mejores Amigos,Can Dostları,tr
Mejores amiguis,Can Dostları,tr
Melhores Amigos,Can Dostları,tr
Mellékhatások,Yan Etkiler,tr
Mending Echoes,Şifalı Yankılar,tr
Mente Despejada,Zihin Açıklığı,tr
Mente Saturada,Zihin Bulanıklığı,tr
Mente Vazia,Zihin Açıklığı,tr
Mente confusa,Zihin Bulanıklığı,tr
Mente despejada,Zihin Açıklığı,tr
Mente lucida,Zihin Açıklığı,tr
Mente saturada,Zihin Bulanıklığı,tr
Menší Zrcadlová osobnost,Küçük Benlik Aynası,tr
Mercure,Cıva,tr
Mercúrio,Cıva,tr
Merită așteptarea,Beklemeye Değer,tr
Merodeador,Yağmacı,tr
Merész húzás,Kaz Gelecek Yerden...,tr
Mesada,Ekmek Parası İşte,tr
Messa in moto,Hızlı Başlangıç,tr
Mesterlövész,Keskin Nişancı,tr
Mesterlövész embléma,Keskin Nişancı Amblemi,tr
Meu Arco é Seu,Yayım Yayındır,tr
Meșter de săbii,Kılıç İşçisi,tr
Meșter de toiege,Sopa İşçisi,tr
Mi arco a tu servicio,Yayım Yayındır,tr
Mici titani,Minik Devler,tr
Mici și letale,Minik Ama Ölümcül,tr
Miecz-Pistolet Hextech,Hextech Silahkılıç,tr
Miecznik,Kılıç İşçisi,tr
Mieczowy Przesyt,Kılıç Fazlalığı,tr
Miezul zorilor,Şafağın Özü,tr
Migliori amici,Can Dostları,tr
Migoczące Ostrze,Tezbıçak,tr
Milagre de Soraka,Soraka'nın Mucizesi,tr
Milagro de Soraka,Soraka'nın Mucizesi,tr
Milio,Milio,tr
Min-Max,Kusursuzluk Arayışı,tr
Min-max,Kusursuzluk Arayışı,tr
Mindent egyre,Aradığını Bul,tr
Mini Black Hole,Mini Kara Delik,tr
Mini Buco nero,Mini Kara Delik,tr
Mini Czarna Dziura,Mini Kara Delik,tr
Mini Titani,Minik Devler,tr
Mini fekete lyuk,Mini Kara Delik,tr
Mini gaură neagră,Mini Kara Delik,tr
Mini trou noir,Mini Kara Delik,tr
Mini černá díra,Mini Kara Delik,tr
Mini-Tacticien,En Minik Dev,tr
Miniagujero Negro,Mini Kara Delik,tr
Miniburaco Negro,Mini Kara Delik,tr
Minititanes,Minik Devler,tr
Minititã,En Minik Dev,tr
Minte aglomerată,Zihin Bulanıklığı,tr
Minte limpede,Zihin Açıklığı,tr
Mip,Micingil,tr
Mipim,Micincik,tr
Miplík,Micingil,tr
Mipo,Micingil,tr
Mippino,Micincik,tr
Mipík,Micincik,tr
Mira Óptica,Hedefe Kilitlenen Optik,tr
Miracle de Soraka,Soraka'nın Mucizesi,tr
Miracolo di Soraka,Soraka'nın Mucizesi,tr
Miracolul Sorakăi,Soraka'nın Mucizesi,tr
Mirrored Persona,Benlik Aynası,tr
Misfits,Uyumsuzlar,tr
Misiune în acțiune,Tekrar Dene,tr
Miss Fortune,Miss Fortune,tr
Missed Connections,Tanışma Toplantısı,tr
Mistr Yi,Master Yi,tr
Mitones,Pofuduk Eldiven,tr
Mittens,Pofuduk Eldiven,tr
Mniejsza Lustrzana Osobowość,Küçük Benlik Aynası,tr
Mniejszy Tytan,En Minik Dev,tr
Mobilidade Crescente,Daimi Yükseliş,tr
Mobilità aumentata,Daimi Yükseliş,tr
Mocný mech,Muhteşem Meka,tr
Modalità Convogliatore,Medyum Modu,tr
Modalità replicante,Replikacı Modu,tr
Modalità sfidante,Atılgan Modu,tr
Mode Canalisateur,Medyum Modu,tr
Mode Challenger,Atılgan Modu,tr
Mode Réplicateur,Replikacı Modu,tr
Modo Canalizador,Medyum Modu,tr
Modo Conduíte,Medyum Modu,tr
Modo Desafiante,Atılgan Modu,tr
Modo Replicador,Replikacı Modu,tr
Modo Retador,Atılgan Modu,tr
Modo conducto,Medyum Modu,tr
Modo contienda,Atılgan Modu,tr
Modo réplica,Replikacı Modu,tr
Modrý buff,Mavi Güçlendirme,tr
Modul de competitor,Atılgan Modu,tr
Modul de intermediar,Medyum Modu,tr
Modul de replicator,Replikacı Modu,tr
Mon arc est vôtre,Yayım Yayındır,tr
Monetización Maligna,Kötü Niyetli Kazanç,tr
Monetización malvada,Kötü Niyetli Kazanç,tr
Monetizare ostilă,Kötü Niyetli Kazanç,tr
Monetização Maliciosa,Kötü Niyetli Kazanç,tr
Monetizzazione infida,Kötü Niyetli Kazanç,tr
Money Hungry,Paragöz,tr
Money Monsoon,Gökten Yağan Altın,tr
Monsoni sonanti,Gökten Yağan Altın,tr
Monte um Amigo,Tam Teşekküllü,tr
Monzón Millonario,Gökten Yağan Altın,tr
Monzón de oro,Gökten Yağan Altın,tr
Monção Monetária,Gökten Yağan Altın,tr
Monétisation malveillante,Kötü Niyetli Kazanç,tr
Mordekaiser,Mordekaiser,tr
Morellonomicon,Morellonomikon,tr
Morellonomicón,Morellonomikon,tr
Morgana,Morgana,tr
Mortaja de la quietud,Denge Örtüsü,tr
Mosse rischiose,Kaz Gelecek Yerden...,tr
Moufles,Pofuduk Eldiven,tr
Movimentos Arriscados,Kaz Gelecek Yerden...,tr
Mroczna Dama,Karanlık Leydi,tr
Mroczne Gwiazdy,Sonsuz Karanlık,tr
Mudando de Área,Dallan Budaklan,tr
Muffole,Pofuduk Eldiven,tr
Muson de bani,Gökten Yağan Altın,tr
Mutări riscante,Kaz Gelecek Yerden...,tr
Muñeco de Entrenamiento,Hedef Kuklası,tr
Muñecos de Prueba para Choques,Kukla Yağmuru!,tr
Mučedníkova ctnost,Fedakârlığın Erdemi,tr
Myślenie Przyszłościowe,İleri Görüşlülük,tr
Mártírerény,Fedakârlığın Erdemi,tr
Másolás,Kopyalama Süreci,tr
Másoló,Replikacı,tr
Másoló mód,Replikacı Modu,tr
Máy Móc,Meka,tr
Máš můj luk,Yayım Yayındır,tr
Mâna justiției,Adaletin Eli,tr
Mão da Justiça,Adaletin Eli,tr
Médaillon d'excitation,Zindelik Broşu,tr
Médaillon de l'Iron Solari,Demir Solari'nin Broşu,tr
Mételyékkő,Felaket Mücevheri,tr
Mínimo - Máximo,Kusursuzluk Arayışı,tr
Mínimo/Máximo,Kusursuzluk Arayışı,tr
Mírně magický hod,Kısmen Büyülü Zar,tr
Món Quà Ngọt Ngào,Tatlı Atıştırmalıklar,tr
Móng Vuốt Sterak,Sterak'ın Güvencesi,tr
Móng Vuốt Ám Muội,Sinsi Pençe,tr
Mögen die Vier mit dir sein,Dört Seninle Olsun,tr
Mănușa Vidului,Hiçlik Eldiveni,tr
Mănușa cu nestemate,Mücevherli Eldiven,tr
Mănuși de antrenament,İdman Eldiveni,tr
Mănuși norocoase,Şanslı Eldiven,tr
Mănuși strașnice,Pofuduk Eldiven,tr
Mănușile tâlharului,Hırsız Eldiveni,tr
Mărimea contează,Boyut Önemli,tr
Mũ Phù Thủy Rabadon,Rabadon'un Şapkası,tr
Mũ Thích Nghi,Değişken Miğfer,tr
Mũ Tử Thần,Güçlü Şapkalar,tr
"Một Bùa, Hai Bùa",İki Kat Güçlendirme,tr
Một Hai Ba,Bir İki Üç,tr
"Một, Hai, Năm!","Bir, İki, Beş!",tr
Mở Lối,Bir Yol Çiz,tr
N.O.V.A,N.O.V.A.,tr
N.O.V.A.,N.O.V.A.,tr
N.O.V.A. Emblem,N.O.V.A. Amblemi,tr
N.O.V.A. embléma,N.O.V.A. Amblemi,tr
N.O.V.A. 상징,N.O.V.A. Amblemi,tr
N.O.V.A.-Emblem,N.O.V.A. Amblemi,tr
N.O.V.A.の紋章,N.O.V.A. Amblemi,tr
N.O.V.A.徽章,N.O.V.A. Amblemi,tr
NHẮM MẮT CHƠI BỪA,Yolumdan Dönmem,tr
NO SCOUT NO PIVOT,Yolumdan Dönmem,tr
Na velikosti záleží,Boyut Önemli,tr
Nach dem Himmel greifen,Yıldızlara Uzan,tr
Nada Się,Kedi Olalı Bir Fare,tr
Nagy zsákbamacska,Büyük Çekiliş,tr
Nagy ölelés I.,Grup Kucaklaşması,tr
Najdi své těžiště,Merkezini Bul,tr
Najeźdźca Zed,İstilacı Zed,tr
Najlepsi Przyjaciele,Can Dostları,tr
Nami,Nami,tr
Nanh Nashor,Nashor'un Dişi,tr
Naptűz köpeny,Günateşi Pelerini,tr
Naptűz tábla,Günateşi Tahtası,tr
Naramiennik Poszukiwacza,Maceracının Pazubendi,tr
Narozeninové setkání,Doğum Günü Buluşması,tr
Narratív védelem,Ana Karaktere Bir Şey Olmaz,tr
Narušitel Zed,İstilacı Zed,tr
Nashor foga,Nashor'un Dişi,tr
Nashor's Tooth,Nashor'un Dişi,tr
Nashors Zahn,Nashor'un Dişi,tr
Nashorův tesák,Nashor'un Dişi,tr
Nasus,Nasus,tr
Naszyjnik Żelaznych Solari,Demir Solari'nin Broşu,tr
Nawałnica Luden,Luden'in Çığlığı,tr
Nebenwirkungen,Yan Etkiler,tr
Needlessly Large Rod,Aşırı Büyük Sopa,tr
Negatron Cloak,Negatron Pelerini,tr
Negatron palást,Negatron Pelerini,tr
Negatron-Mantel,Negatron Pelerini,tr
Negatronový plášť,Negatron Pelerini,tr
Nehéz a korona,Bu Taç Ağır,tr
Nejlepší přátelé,Can Dostları,tr
Nejtitěrnější titán,En Minik Dev,tr
Nekonečné zoufalství,Sonsuz Çaresizlik,tr
Nenasytnost,Paragöz,tr
Neodvolatelná volba,Sadakat,tr
Neopotřebovaný,Özel Yapım,tr
Neue Stufe!,Seviye Atla!,tr
Neuer Rekrut,Taze Kan,tr
Nevybíravý zabiják,Herkesin Katili,tr
New Recruit,Taze Kan,tr
Nezdolný,Sona Kalanlar,tr
Nezdolný,Yenilmez,tr
Nezlomné srdce,Kararlı Yürek,tr
Neînduplecare,Yenilmez,tr
Nghĩ Về Tương Lai,İleri Görüşlülük,tr
Người Bạn Vàng,Tam Donanımlı,tr
Người Đá,Golem,tr
Ngọn Giáo Shojin,Shojin'in Mızrağı,tr
Ngọn Gió Thứ Hai,İkinci Şans,tr
Nhà Máy Tái Chế,Mal Kurtarma,tr
Nhân Bản,Replikacı,tr
Nhân Bản,Kopyalama Süreci,tr
Nhất Thống,Birlikten Kuvvet Doğar,tr
Nhỏ Mà Có Võ,Minik Ama Ölümcül,tr
Những Người Bạn Nhỏ,Minik Dostlar,tr
Nicht nachlassen,Safları Koru,tr
Niebieskie Wzmocnienie,Mavi Güçlendirme,tr
Niech Czwórki Będą z Tobą,Dört Seninle Olsun,tr
Nieprzerwane Przywołanie,Sonsuz Büyü,tr
Nieskończona Rozpacz,Sonsuz Çaresizlik,tr
Niezłomne Serce,Kararlı Yürek,tr
Niezłomność,Yenilmez,tr
Niveau supérieur !,Seviye Atla!,tr
Niveles en solitario,Ben Tek Siz Hepiniz,tr
Nivelul următor!,Seviye Atla!,tr
Ničitel času,Zamankıran,tr
No nos Separamos,Birliğin Gücü,tr
Non proprio inutile,Kedi Olalı Bir Fare,tr
Nos mantenemos unidos,Birliğin Gücü,tr
Notfallbögen,Yedek Yaylar,tr
Nouveau départ,Tekrar Dene,tr
Nouvelle recrue,Taze Kan,tr
Nouzová,Aklın Sonu,tr
Novo Nível!,Seviye Atla!,tr
Novo Recruta,Taze Kan,tr
Novo de Fábrica,Özel Yapım,tr
Nová úroveň!,Seviye Atla!,tr
Nový rekrut,Taze Kan,tr
Nowy Rekrut,Taze Kan,tr
Nucleo dell'alba,Şafağın Özü,tr
Nuevecito,Özel Yapım,tr
Nuevo Recluta,Taze Kan,tr
Nuevo de Fábrica,Özel Yapım,tr
Nuevo recluta,Taze Kan,tr
Nunu & Willump,Nunu ve Willump,tr
Nunu a Willump,Nunu ve Willump,tr
Nunu e Willump,Nunu ve Willump,tr
Nunu et Willump,Nunu ve Willump,tr
Nunu i Willump,Nunu ve Willump,tr
Nunu y Willump,Nunu ve Willump,tr
Nunu és Willump,Nunu ve Willump,tr
Nunu și Willump,Nunu ve Willump,tr
Nuova recluta,Taze Kan,tr
Nuovo di zecca,Özel Yapım,tr
NÃO PIVOTO,Yolumdan Dönmem,tr
NÉ ESPLORATORE NÉ STRATEGA,Yolumdan Dönmem,tr
Nájemný zabiják,Kiralık Katil,tr
Nákupní horečka,Alışveriş Çılgınlığı,tr
Nálož atributů!,Tonlarca Nitelik!,tr
Nástup,Dizilim,tr
Nâng Tầm Uy Lực,Gelişmiş Güç,tr
Négységben az erő,Dört Dörtlük,tr
Núcleo Comercial,Ticaretin Özü,tr
Núcleo comercial,Ticaretin Özü,tr
Núcleo de Negócios,Ticaretin Özü,tr
Născut înțelept,Eşsiz Deneyim,tr
Nước Cappa,Şapkat Nektarı,tr
Nước Mắt Nữ Thần,Tanrıça'nın Gözyaşı,tr
Nước Đi Liều Lĩnh,Kaz Gelecek Yerden...,tr
Nếm Mùi Lửa,Alevleri Körükle,tr
Nỏ Sét,İyon Kıvılcımı,tr
O Big Bang,Büyük Patlama,tr
O Ovo Dourado,Altın Yumurta,tr
O aventură triumfătoare,Haşmetli Macera,tr
Obchodní sektor,Ticaret Bölgesi,tr
Obiectele Pandorei,Pandora'nın Eşyaları,tr
Objetivización de práctica,Kuklaya Dönüştür,tr
Objetivo de práctica,Hedef Kuklası,tr
Objetos de Pandora,Pandora'nın Eşyaları,tr
Objets blindés,Tatlı Atıştırmalıklar,tr
Objets de Pandore,Pandora'nın Eşyaları,tr
Oblicze Ducha,Ruh Gömleği,tr
Obracečka,Spatula,tr
Obrońca Korony,Kraliyet Başlığı,tr
Obrońcy,Öncü,tr
Obrův opasek,Dev Kemeri,tr
Obserwatorzy Gwiazd,Yıldız Gözlemcisi,tr
Obsesia lui Varus,Varus'un Saplantısı,tr
Obsesión de Varus,Varus'un Saplantısı,tr
Obsesja Varusa,Varus'un Saplantısı,tr
Obsession de Varus,Varus'un Saplantısı,tr
Obsessão de Varus,Varus'un Saplantısı,tr
Obstinación,Yolumdan Dönmem,tr
Obstination,Yolumdan Dönmem,tr
Obumarły Relikt,Yıpranmış Antika,tr
Obyczajówka,Hayattan Bir Kesit,tr
Ocalały,Sona Kalanlar,tr
Ochrana nekonečna,Ebedi Koruma,tr
Ochranný val,Siper,tr
Ochrona Nieskończoności,Ebedi Koruma,tr
Ochráncův slib,Muhafızın Adağı,tr
Ociosidade,AFK,tr
Oczekiwane Nieoczekiwanie,Beklenen Beklenmezlik,tr
Océan de larmes,Gözyaşları Sel,tr
Odkupiciel,Arındırıcı,tr
Odkupienie,Adaletin Yumruğu,tr
Odnajdź Równowagę,Merkezini Bul,tr
Odolná dvojka,Şok Dayanıklı,tr
Odpadlík,Sinsi,tr
Odplata,Adaletin Yumruğu,tr
Odražení ode dna,Büyük Dönüş,tr
Odrzutki,Uyumsuzlar,tr
Odstřelovač,Keskin Nişancı,tr
Odświeżanie na Zapas,Durmadan Yenile,tr
Oferenda de Sangue,Kan Adağı,tr
Offrande sanguinaire,Kan Adağı,tr
Ofiara z Krwi,Kan Adağı,tr
Ofrandă de sânge,Kan Adağı,tr
Ofrenda de Sangre,Kan Adağı,tr
Ofrenda de sangre,Kan Adağı,tr
Oggetti di Pandora,Pandora'nın Eşyaları,tr
Ognista Armata,Bombardıman Topu,tr
Ohnivý výprodej,Zararına Satış,tr
Okos költekezés,Akıllı Harcama,tr
On a Roll,Yenilemeye Devam,tr
Onda Espacial,Uzayın Ritmi,tr
Onda espacial,Uzayın Ritmi,tr
"One Buff, Two Buff",İki Kat Güçlendirme,tr
One Two Three,Bir İki Üç,tr
"One, Two, Five!","Bir, İki, Beş!",tr
Onoarea războinicului,Cengâver Onuru,tr
Opatrovníkův spojenec,Koruyucunun Müttefiki,tr
Oprýskaná relikvie,Yıpranmış Antika,tr
Optică de fixare a țintei,Hedefe Kilitlenen Optik,tr
Optimisation optimisée,Gelişmiş Güç,tr
Optique de verrouillage,Hedefe Kilitlenen Optik,tr
Optyka Namierzająca,Hedefe Kilitlenen Optik,tr
Optymalnie,Kusursuzluk Arayışı,tr
Opóźniona Kuźnia,Ocağı Harla,tr
Oracle,Kâhin,tr
Oracol,Kâhin,tr
Oracolo,Kâhin,tr
Orakel,Kâhin,tr
Orbes Curativos,Şifalı Küreler,tr
Orbes curativos,Şifalı Küreler,tr
Orbes de curación,Şifalı Küreler,tr
Orbes de soins,Şifalı Küreler,tr
Ornn,Ornn,tr
Oráculo,Kâhin,tr
Osiłki,Dövüşçü,tr
Ossessione di Varus,Varus'un Saplantısı,tr
Ostatni Szept,Son Fısıltı,tr
Ostnatá vesta,Dikenli Yelek,tr
Ostoja,Siper,tr
Ostrze Gniewu Guinsoo,Guinsoo'nun Hiddeti,tr
Ostrze Nieskończoności,Ebedi Kılıç,tr
Ostrze Nocy,Gecenin Kıyısı,tr
Ostrze Śmierci,Ölüm Kılıcı,tr
Ostří nekonečna,Ebedi Kılıç,tr
Otimização,Kusursuzluk Arayışı,tr
Otisk duše,Ruh Gömleği,tr
Ottica a puntamento assistito,Hedefe Kilitlenen Optik,tr
Oul de aur,Altın Yumurta,tr
Očekávaná neočekávanost,Beklenen Beklenmezlik,tr
Oštěp Šódžinu,Shojin'in Mızrağı,tr
Oțel aurit,Yaldızlı Çelik,tr
P'tits titans,Minik Devler,tr
Pacchetto di aiuti,İhtiyaç Paketi,tr
Pachet de amplificare,Takviye Paketi,tr
Pachet de îngrijire,İhtiyaç Paketi,tr
Paciencia de Ekko,Ekko'nun Sabrı,tr
Paciência de Ekko,Ekko'nun Sabrı,tr
Pacote de Reforço,Takviye Paketi,tr
Pacote de Suprimentos,İhtiyaç Paketi,tr
Pact etern,Ebedi Anlaşma,tr
Pacte éternel,Ebedi Anlaşma,tr
Pacto Eterno,Ebedi Anlaşma,tr
Pacto eterno,Ebedi Anlaşma,tr
Paczka Wsparcia,İhtiyaç Paketi,tr
Padella,Kızartma Tavası,tr
Paff!,Bonk!,tr
Palier 1,Tanışma Toplantısı,tr
Palčáky,Pofuduk Eldiven,tr
Panca di Pandora,Pandora'nın Yedekleri,tr
Panda de ladrones,Hırsız Çetesi,tr
Panda de ladrones II,Hırsız Çetesi II,tr
Pandora kispadja,Pandora'nın Yedekleri,tr
Pandora tárgyai II.,Pandora'nın Eşyaları,tr
Pandora's Bench,Pandora'nın Yedekleri,tr
Pandora's Items,Pandora'nın Eşyaları,tr
Pandoras Bank,Pandora'nın Yedekleri,tr
Pandoras Gegenstände,Pandora'nın Eşyaları,tr
Pandořina střídačka,Pandora'nın Yedekleri,tr
Pandořiny předměty,Pandora'nın Eşyaları,tr
Pantheon,Pantheon,tr
Panzerwalküre,Çelik İntikam,tr
Paquete de Cuidados,İhtiyaç Paketi,tr
Paquete de Mejora,Takviye Paketi,tr
Paquete de mejora,Takviye Paketi,tr
Par ici l'XP,Eşsiz Deneyim,tr
Parabraccia del cercatore,Maceracının Pazubendi,tr
Parancsnok,Komutan,tr
Parceria,Takım Çalışması,tr
Pariu de aur,Altın Riski,tr
Pariu pe viitor,Gözü Yükseklerde,tr
Pariul lui Urf,Urf Hamlesi,tr
Partage emblématique,Birliğin Gücü,tr
Partial Ascension,Kısmi Yükseliş,tr
Partiállat,Parti Patisi,tr
Party Animal,Parti Patisi,tr
Partytiger,Parti Patisi,tr
Pas Giganta,Dev Kemeri,tr
Pas le choix,Ne Pahasına?,tr
Pasowy Przesyt,Kemer Fazlalığı,tr
Pasterze,Kılavuz,tr
Pastor,Kılavuz,tr
Pastore,Kılavuz,tr
Pastýř,Kılavuz,tr
Patelnia,Kızartma Tavası,tr
Patience,Zihinsel Hazırlık,tr
Patience d'Ekko,Ekko'nun Sabrı,tr
Patience is a Virtue,Sabır Erdemdir,tr
Patient Study,Hayat Deneyimi,tr
Patientenstudie,Hayat Deneyimi,tr
Patru de partea ta,Dört Seninle Olsun,tr
Patto eterno,Ebedi Anlaşma,tr
Pavois,Siper,tr
Pazienza di Ekko,Ekko'nun Sabrı,tr
Pařmen,Parti Patisi,tr
Pe val,Yenilemeye Devam,tr
Pedeapsă,Adaletin Yumruğu,tr
Pegno di Sterak,Sterak'ın Güvencesi,tr
Pegno di sangue,Kan Bedeli,tr
Peleador,Dövüşçü,tr
Peleryna Taktyka,Strateji Ustası Pelerini,tr
Pensamiento progresista,İleri Görüşlülük,tr
Pensando no Futuro,İleri Görüşlülük,tr
Pensar a Futuro,İleri Görüşlülük,tr
Peníze na oběd,Ekmek Parası İşte,tr
"Pequenas, Mas Letais",Minik Ama Ölümcül,tr
Pequenos Titãs,Minik Devler,tr
Pequeño Titán,En Minik Dev,tr
Pequeño pero mortífero,Minik Ama Ölümcül,tr
Pequeños pero matones,Minik Ama Ölümcül,tr
Perdición del liche,Lich Boğan,tr
Perdite calcolate,Planlı Mağlubiyet,tr
Perdição de Lich,Lich Boğan,tr
Pergamino ligeramente mágico,Kısmen Büyülü Zar,tr
Pergamino mágico,Büyülü Zarlar,tr
Persona Espelhada,Benlik Aynası,tr
Persona Espelhada Inferior,Küçük Benlik Aynası,tr
Persona en Espejo,Benlik Aynası,tr
Persona en Espejo menor,Küçük Benlik Aynası,tr
Personalitate în oglindă,Benlik Aynası,tr
Personalitate în oglindă minoră,Küçük Benlik Aynası,tr
Personalità speculare,Benlik Aynası,tr
Personalità speculare minore,Küçük Benlik Aynası,tr
Personalización exclusiva,Kişiselleştirme Fırsatı,tr
Personalizare exclusivă,Kişiselleştirme Fırsatı,tr
Personalização Exclusiva,Kişiselleştirme Fırsatı,tr
Personalizzazione esclusiva,Kişiselleştirme Fırsatı,tr
Personnalité miroir,Benlik Aynası,tr
Personnalité miroir mineure,Küçük Benlik Aynası,tr
Perszónatükör,Benlik Aynası,tr
Pesada es la Corona,Bu Taç Ağır,tr
Pesada é a Coroa,Bu Taç Ağır,tr
Pesante è la corona,Bu Taç Ağır,tr
Pescando cumplidos,Zihinsel Hazırlık,tr
Pestjuwel,Felaket Mücevheri,tr
Pestrá sebranka,Uyumsuzlar,tr
Petit sac de butin,Ufak Çekiliş,tr
Petits mais costauds,Minik Ama Ölümcül,tr
Petrecăreț,Parti Patisi,tr
Pevná linie,Safları Koru,tr
Pevné opasky,Kemer Fazlalığı,tr
Pečlivé ladění,Kusursuzluk Arayışı,tr
Pfannenwender,Spatula,tr
Phi Vụ Trang Bị,Bileşen Eşya Soygunu,tr
Phong Kiếm,Karayel,tr
Pháo Xương Cá,Kılçık,tr
Phân Nhánh,Dallan Budaklan,tr
Phép Màu Của Soraka,Soraka'nın Mucizesi,tr
Phóng Hỏa,Günateşi Tahtası,tr
Phản Ứng Phụ,Yan Etkiler,tr
"Piccole, ma letali",Minik Ama Ölümcül,tr
Piccoli alleati,Minik Dostlar,tr
Piekielny Toporek,Cehennem Ateşi Baltası,tr
Pieniążki na Obiad,Ekmek Parası İşte,tr
Pierdere calculată,Planlı Mağlubiyet,tr
Pile ou face,Altın Riski,tr
Pilfer,Arakla,tr
Pillín radiante,Işıltılı Serseri,tr
Pioggia di statistiche!,Tonlarca Nitelik!,tr
Pistola Laminar Hextec,Hextech Silahkılıç,tr
Pistola a lame hextech,Hextech Silahkılıç,tr
Pistolame Hextech,Hextech Silahkılıç,tr
Pisztolyistennő,Çelik İntikam,tr
Placa Gargolítica,Gargoyl Taşzırhı,tr
Placa Solo,Yalnız Zırh,tr
Plan de viitor,İleri Görüşlülük,tr
Plancia del Sole,Günateşi Tahtası,tr
Plano de Línea Trasera,Arka Sıra Savunması,tr
Plano de retaguardia,Arka Sıra Savunması,tr
Plateau solaire,Günateşi Tahtası,tr
Platoșa garguiului,Gargoyl Taşzırhı,tr
Platoșă unică,Yalnız Zırh,tr
Plecat de la tastatură,AFK,tr
Plemienna Zbroja,Warmog'un Zırhı,tr
Plocha slunečního žáru,Günateşi Tahtası,tr
Plot Armor,Ana Karaktere Bir Şey Olmaz,tr
Pluie d'argent,Gökten Yağan Altın,tr
Plán pro zadní řadu,Arka Sıra Savunması,tr
Plášť slunečního žáru,Günateşi Pelerini,tr
Po Prostu Traf,Aradığını Bul,tr
Pocalul puterii,Güç Kadehi,tr
Podatek Poznawczy,Bilişsel Vergi,tr
Podejrzany Płaszcz,Gizemli Trençkot,tr
Poder Aprimorado,Gelişmiş Güç,tr
Poder Mejorado,Gelişmiş Güç,tr
Poder mejorado,Gelişmiş Güç,tr
Poderoso Mech,Muhteşem Meka,tr
Podezřelý pršiplášť,Gizemli Trençkot,tr
Podpůrný implantát,Sinir İmplantı,tr
Podróżnicy,Seyyah,tr
Podstawy Boksu,Boks Dersi,tr
Podsycenie Płomieni,Alevleri Körükle,tr
Podwójna Wytrzymałość,Şok Dayanıklı,tr
Podziel Się Uwagą Yasuo,Yasuo'nun İlgi Budalası Eklentisi,tr
Pogromca Olbrzymów,Dev Katili,tr
Pohodový život,Hayattan Bir Kesit,tr
Pohár moci,Güç Kadehi,tr
Poignard de Statikk,Statikk Hançer,tr
Poiscaille,Kılçık,tr
Pojemnik na Złom,Mal Kurtarma,tr
Pokoli csatabárd,Cehennem Ateşi Baltası,tr
Pokročilá půjčka,Yüklü Borç,tr
Polovodič,Yarı İletken,tr
Polowanie na Skarb,Hazine Avı,tr
Poppy,Poppy,tr
Porcelanowe Działo,Güçlü Ama Kırılgan,tr
Pornire rapidă,Hızlı Başlangıç,tr
Porque yo lo valgo,Kedi Olalı Bir Fare,tr
Portable Forge,Taşınabilir Ocak,tr
Portail de Zz'Rot,Zz'Rot Kapısı,tr
Portal Zz'Rot,Zz'Rot Kapısı,tr
Portal Zz'rot,Zz'Rot Kapısı,tr
Portal de Zz'Rot,Zz'Rot Kapısı,tr
Portale Zz'Rot,Zz'Rot Kapısı,tr
Portál Zz'Rotu,Zz'Rot Kapısı,tr
Posición defensiva,Safları Koru,tr
Posilovací balíček,Takviye Paketi,tr
Poslední zašeptání,Son Fısıltı,tr
Postav si kámoše,Tam Teşekküllü,tr
Posępny Herold Zeke'a,Zeke'nin Kasvetli Sancağı,tr
Potere dell'Impianto,Gelişmiş Güç,tr
Potok slz,Gözyaşları Sel,tr
Potężny Mech,Muhteşem Meka,tr
Poutník,Seyyah,tr
Povara coroanei,Bu Taç Ağır,tr
Povestea revenirii,Büyük Dönüş,tr
Pozlacená ocel,Yaldızlı Çelik,tr
Poznawcze Przeciążenie,Bilişsel Patlama,tr
Poznaș radiant,Işıltılı Serseri,tr
Pozłacana Stal,Yaldızlı Çelik,tr
Poêle à frire,Kızartma Tavası,tr
Požehnaný bohy,Hükümdarın Seçimi,tr
Prapůvodní,Primordia'lı,tr
Precio Sangriento,Kan Bedeli,tr
Precio sangriento,Kan Bedeli,tr
Precisión infalible,Ufukgetiren,tr
Predone,Yağmacı,tr
Preiskämpfer,Ödüllü Müsabaka,tr
Première ligne,Dizilim,tr
Presente de Aniversário,Doğum Günü Hediyesi,tr
Preservador de Biomateria,Biyomalzeme Koruyucusu,tr
Preservador de Biomatéria,Biyomalzeme Koruyucusu,tr
Preservador de biomateria,Biyomalzeme Koruyucusu,tr
Pretendenci,Atılgan,tr
Prevalere,Hızlı Yükseliş,tr
Prezent Urodzinowy,Doğum Günü Hediyesi,tr
Preço em Sangue,Kan Bedeli,tr
Prețul sângelui,Kan Bedeli,tr
Prieteni micuți,Minik Dostlar,tr
Primeras Lecciones,İlk Öğretiler,tr
Primi insegnamenti,İlk Öğretiler,tr
Primordiai,Primordia'lı,tr
Primordiai embléma,Primordia'lı Amblemi,tr
Primordian,Primordia'lı,tr
Primordian Emblem,Primordia'lı Amblemi,tr
Primordianer,Primordia'lı,tr
Primordianer-Emblem,Primordia'lı Amblemi,tr
Primordianie,Primordia'lı,tr
Primordiano,Primordia'lı,tr
Primordien,Primordia'lı,tr
Prismatic Ticket,Prizmatik Bilet,tr
Prismatisches Ticket,Prizmatik Bilet,tr
Prizefighter,Ödüllü Müsabaka,tr
Proaspăt fabricat,Özel Yapım,tr
Probuzení duše,Ruh Uyanışı,tr
Progresión en el juego tardío,İleri Safha Gücü,tr
Progresión final,İleri Safha Gücü,tr
Projeto da Retaguarda,Arka Sıra Savunması,tr
Prokletá koruna,Lanetli Taç,tr
Prokleté ostří,Lanetli Kılıç,tr
Promesa de caballero,Şövalyenin Adağı,tr
Promesa del Caballero,Şövalyenin Adağı,tr
Promesa del protector,Muhafızın Adağı,tr
Promoção de Cintos,Kemer Fazlalığı,tr
Promoção de Espadas,Kılıç Fazlalığı,tr
Promoção de Varinhas,Sopa Fazlalığı,tr
Promyšlená prohra,Planlı Mağlubiyet,tr
Prosekání cesty,Bir Yol Çiz,tr
Prostředník,Medyum,tr
Protagonista Nigdy Nie Umiera,Ana Karaktere Bir Şey Olmaz,tr
Protección del Infinito,Ebedi Koruma,tr
Protección en solitario,Yalnız Zırh,tr
Protección infinita,Ebedi Koruma,tr
Protection infinie,Ebedi Koruma,tr
Protector pétreo de gárgola,Gargoyl Taşzırhı,tr
Protector's Vow,Muhafızın Adağı,tr
Protecția infinitului,Ebedi Koruma,tr
Protecție universală,Ana Karaktere Bir Şey Olmaz,tr
Protezione di trama,Ana Karaktere Bir Şey Olmaz,tr
Protezione infinita,Ebedi Koruma,tr
Proteção Imutável,Denge Örtüsü,tr
Proteção do Infinito,Ebedi Koruma,tr
Protège-bras du savant,Maceracının Pazubendi,tr
Provisiones,İhtiyaç Paketi,tr
Provizorní zbroj,Eğreti Zırh,tr
Prowler's Claw,Sinsi Pençe,tr
Prozíravost,İleri Görüşlülük,tr
Pryzmatyczny Bilet,Prizmatik Bilet,tr
Przebudzenie Duszy,Ruh Uyanışı,tr
Przedmioty Pandory,Pandora'nın Eşyaları,tr
Przekaźnik,Medyum,tr
Przeklęta Korona,Lanetli Taç,tr
Przeklęte Ostrze,Lanetli Kılıç,tr
Przeniesienie Ładunku,Yük Aktarımı,tr
Przenośna Kuźnia,Taşınabilir Ocak,tr
Przodownicy Składu,Dizilim,tr
Przysięga Rycerska,Şövalyenin Adağı,tr
Préstamo Anticipado,Yüklü Borç,tr
Préstamo avanzado,Yüklü Borç,tr
Prêt anticipé,Yüklü Borç,tr
Prędkość Meepa,Süper Hızlı Micin,tr
Psionic,Psionik,tr
Psionic Emblem,Psionik Amblemi,tr
Psionico,Psionik,tr
Psioniczni,Psionik,tr
Psionique,Psionik,tr
Psionisch,Psionik,tr
Psionisch-Emblem,Psionik Amblemi,tr
Psiónico,Psionik,tr
Psiônico,Psionik,tr
Pszionikus,Psionik,tr
Pszionikus embléma,Psionik Amblemi,tr
Puchar Potęgi,Güç Kadehi,tr
Pugnale di Statikk,Statikk Hançer,tr
Puissance 4,Dört Dörtlük,tr
Pulsar sombre,Sonsuz Karanlık,tr
Punguța lui Urf,Urf'ün Çekilişi,tr
Punguță cu obiecte surpriză,Eşya Çekilişi,tr
Punguță eroică,Kahraman Çekilişi,tr
Punguță mare,Büyük Çekiliş,tr
Punguță mică,Ufak Çekiliş,tr
Puppifizierung,Kuklaya Dönüştür,tr
Putere augmentată,Gelişmiş Güç,tr
"Puternic, dar fragil",Güçlü Ama Kırılgan,tr
Puñal de Statikk,Statikk Hançer,tr
Pușcă cu baionetă hextech,Hextech Silahkılıç,tr
Pyke,Pyke,tr
Pálcaszállítmány,Sopa Fazlalığı,tr
Páros várólista,Çifte Ödül,tr
Pásztor,Kılavuz,tr
Pásztor embléma,Kılavuz Amblemi,tr
Pénzes persely,Birikim Hesabı,tr
Pénzmonszun,Gökten Yağan Altın,tr
Pénzéhes,Paragöz,tr
Pérdida Calculada,Planlı Mağlubiyet,tr
Pérdida calculada,Planlı Mağlubiyet,tr
Pícaro,Sinsi,tr
Półprzewodnik,Yarı İletken,tr
Pălăria malefică a lui Rabadon,Rabadon'un Şapkası,tr
Pălării mai letale,Güçlü Şapkalar,tr
Păpușa din umbră,Gölge Kukla,tr
Păstor,Kılavuz,tr
Pěstnice Prázdnoty,Hiçlik Eldiveni,tr
Płaszcz Negacji,Negatron Pelerini,tr
Płynące Łzy,Akan Gözyaşları,tr
Přebytek holí,Sopa Fazlalığı,tr
Přebytek mečů,Kılıç Fazlalığı,tr
Předplacená služba,Abonelik Hizmeti,tr
Předvoj,Öncü,tr
Přelom noci,Gecenin Kıyısı,tr
Přenos náboje,Yük Aktarımı,tr
Přenosná kovárna,Taşınabilir Ocak,tr
Přizpůsobivá přilba,Değişken Miğfer,tr
Přízračná šavle,Hortlak Palası,tr
Quang Lân Tiểu Yêu,Işıltılı Serseri,tr
Quatre cents coups,Dört Seninle Olsun,tr
Quay Trúng Thưởng,Kısmen Büyülü Zar,tr
Que los Cuatros te Acompañen,Dört Seninle Olsun,tr
Que los cuatros te acompañen,Dört Seninle Olsun,tr
Que os Quatros Estejam com Você,Dört Seninle Olsun,tr
Quecksilber,Cıva,tr
Quem Espera Sempre Alcança,Sabır Erdemdir,tr
Question de taille,Boyut Önemli,tr
Quicksilver,Cıva,tr
Quyền Năng Khổng Lồ,Titanın Azmi,tr
Quyền Trượng Thiên Thần,Başmelek Asası,tr
Quyền Trượng Thánh Quang,Fedakârlığın Erdemi,tr
Quà Sinh Nhật,Doğum Günü Hediyesi,tr
Quá Tải Tư Duy,Bilişsel Patlama,tr
Quân Đoàn 3 Sao,Üçler Ordusu,tr
Quỷ Thư Morello,Morellonomikon,tr
Quỹ Phòng Hộ,Serbest Yatırım Fonu,tr
Rabadon halálsüvege,Rabadon'un Şapkası,tr
Rabadon's Deathcap,Rabadon'un Şapkası,tr
Rabadons Todeshaube,Rabadon'un Şapkası,tr
Rabadonův smrtící klobouk,Rabadon'un Şapkası,tr
Raccolta differenziata,Mal Kurtarma,tr
Radiant Rascal,Işıltılı Serseri,tr
Radici diffuse,Yayılan Kökler,tr
Raffinierte Herstellung,El Emeği Göz Nuru,tr
Rakeťák,Kılçık,tr
Ramificación,Dallan Budaklan,tr
Ramificare,Dallan Budaklan,tr
Ramię w Ramię,Birliğin Gücü,tr
Rammus,Rammus,tr
Rapid Firecannon,Bombardıman Topu,tr
Rappresaglia,Adaletin Yumruğu,tr
Rasga-tempo,Zamankıran,tr
Raufbold,Dövüşçü,tr
Raufbold-Emblem,Dövüşçü Amblemi,tr
Ravitaillement,İhtiyaç Paketi,tr
"Raz, Dwa, Pięć!","Bir, İki, Beş!",tr
"Raz, Dwa, Trzy",Bir İki Üç,tr
"Raz, dva, pět!","Bir, İki, Beş!",tr
Raíces Propagadoras,Yayılan Kökler,tr
Raíces expansivas,Yayılan Kökler,tr
Raízes Alastradas,Yayılan Kökler,tr
Rdzeń Handlu,Ticaretin Özü,tr
Rdzeń Świtu,Şafağın Özü,tr
Reach for the Stars,Yıldızlara Uzan,tr
Rebel,Sinsi,tr
Rebelle,Sinsi,tr
Recombobulador,Evriştirici,tr
Recombobulateur,Evriştirici,tr
Recombobulator,Evriştirici,tr
Recomeçar Missão,Tekrar Dene,tr
Recomeço Cósmico,Kozmik Başlangıç,tr
Recrut nou,Taze Kan,tr
Recursos de Ferro,Kıymetli Metaller,tr
Recursos de Hierro,Kıymetli Metaller,tr
Recursos de hierro,Kıymetli Metaller,tr
Recurve Bow,Nişancı Yayı,tr
Recyclingtonne,Mal Kurtarma,tr
Recyklátor,Mal Kurtarma,tr
Red Buff,Kırmızı Güçlendirme,tr
Redeemer,Arındırıcı,tr
Redentor,Arındırıcı,tr
Redentora,Arındırıcı,tr
Redentore,Arındırıcı,tr
Reducere fulger,Zararına Satış,tr
Reflexní luk,Nişancı Yayı,tr
Reflexíj,Nişancı Yayı,tr
Regalo de cumpleaños,Doğum Günü Hediyesi,tr
Regalo di compleanno,Doğum Günü Hediyesi,tr
Regiaguardia,Kraliyet Başlığı,tr
ReinFOURcement,Dört Dörtlük,tr
Reiniciar Misión,Tekrar Dene,tr
Reinicio Cósmico,Kozmik Başlangıç,tr
Reinicio cósmico,Kozmik Başlangıç,tr
Reinicio de misión,Tekrar Dene,tr
Rek'Sai,Rek'Sai,tr
Rekombinator,Evriştirici,tr
Rekombobulator,Evriştirici,tr
Rekombobulátor,Evriştirici,tr
Rekursivbogen,Nişancı Yayı,tr
Relances régulières,Ticaretin Özü,tr
Relances épiques,Destansı Yenileme,tr
Relances étoilées,Yenilemeye Devam,tr
Relato de un regreso,Büyük Dönüş,tr
Relicario Enervante,Zindelik Broşu,tr
Relicario de los Solari de Hierro,Demir Solari'nin Broşu,tr
Relicva ofilită,Yıpranmış Antika,tr
Relique flétrie,Yıpranmış Antika,tr
Reliquia Marchita,Yıpranmış Antika,tr
Reliquia appassita,Yıpranmış Antika,tr
Reliquia marchita,Yıpranmış Antika,tr
Relíquia Definhada,Yıpranmış Antika,tr
Rendelkezz az íjammal,Yayım Yayındır,tr
Repaire du baron,Baron'un İni,tr
Replica,Kopyalama Süreci,tr
Replicador,Replikacı,tr
Replicante,Replikacı,tr
Replication,Kopyalama Süreci,tr
Replicator,Replikacı,tr
Replicator Mode,Replikacı Modu,tr
Replicação,Kopyalama Süreci,tr
Replikace,Kopyalama Süreci,tr
Replikacja,Kopyalama Süreci,tr
Replikator,Replikacı,tr
Replikator-Modus,Replikacı Modu,tr
Replikatorzy,Replikacı,tr
Replikační režim,Replikacı Modu,tr
Replikátor,Replikacı,tr
Repornire cosmică,Kozmik Başlangıç,tr
Reproducere,Kopyalama Süreci,tr
Rerroleo Épico,Destansı Yenileme,tr
Reserva de Pandora,Pandora'nın Yedekleri,tr
Resolución titánica,Titanın Azmi,tr
Restart Misji,Tekrar Dene,tr
Restart Mission,Tekrar Dene,tr
Restartování mise,Tekrar Dene,tr
Restiamo uniti,Birliğin Gücü,tr
Retador,Atılgan,tr
Retribución,Adaletin Yumruğu,tr
Retribution,Adaletin Yumruğu,tr
Reuniune aniversară,Doğum Günü Buluşması,tr
Reunión cumpleañera,Doğum Günü Buluşması,tr
Reunión de Cumpleaños,Doğum Günü Buluşması,tr
Reviravolta,Büyük Dönüş,tr
Rezistența din prima linie,Safları Koru,tr
Reîncărcare relativ magică,Kısmen Büyülü Zar,tr
Reîncărcări epice,Destansı Yenileme,tr
Reîncărcări la grămadă,Durmadan Yenile,tr
Režim Prostředník,Medyum Modu,tr
Rhaast,Rhaast,tr
Riavvia missione,Tekrar Dene,tr
Riavvio cosmico,Kozmik Başlangıç,tr
Ribalta condivisa di Yasuo,Yasuo'nun İlgi Budalası Eklentisi,tr
Richiamo al caos,Şanslı Hissediyorum,tr
Ricombussolatore,Evriştirici,tr
Riesenschlächter,Dev Katili,tr
Riesenschwert,TEK Kılıcı,tr
Rift Scuttler,Yampiri Yengeç,tr
Risikofonds,Serbest Yatırım Fonu,tr
Riskante Aktionen,Kaz Gelecek Yerden...,tr
Riskantní tah,Kaz Gelecek Yerden...,tr
Risky Moves,Kaz Gelecek Yerden...,tr
Risorse ferrose,Kıymetli Metaller,tr
Risveglio dell'anima,Ruh Uyanışı,tr
Ritmo Spaziale,Uzayın Ritmi,tr
Ritrovo di compleanno,Doğum Günü Buluşması,tr
Ritterschwur,Şövalyenin Adağı,tr
Riven,Riven,tr
Robbanásszerű fejlődés,Ani Büyüme,tr
Robo de componentes,Bileşen Eşya Soygunu,tr
Robot,Muhteşem Meka,tr
Robotul Mecha impunător,Muhteşem Meka,tr
Rogue,Sinsi,tr
Rogue Emblem,Sinsi Amblemi,tr
Rolling For Days,Durmadan Yenile,tr
Rolling for Days,Durmadan Yenile,tr
Rolo Compressor,Yenilemeye Devam,tr
Rompetiempo,Zamankıran,tr
Rostro espiritual,Ruh Gömleği,tr
Roter Buff,Kırmızı Güçlendirme,tr
Roubo de Componentes,Bileşen Eşya Soygunu,tr
Rouška nehybnosti,Sükûnet Örtüsü,tr
Rozgałęzienie,Dallan Budaklan,tr
Rozmiar Ma Znaczenie,Boyut Önemli,tr
Rozruch,Hızlı Başlangıç,tr
Rozrůstání kořenů,Yayılan Kökler,tr
Rozsądne Wydatki,Akıllı Harcama,tr
Rozvětvení,Dallan Budaklan,tr
Rtuť,Cıva,tr
Ruf des Chaos,Şanslı Hissediyorum,tr
Rufián Radiante,Işıltılı Serseri,tr
Rugalmas,Esnek,tr
Ruka spravedlnosti,Adaletin Eli,tr
Rukavice pro štěstí,Şanslı Eldiven,tr
Rváč,Dövüşçü,tr
Rybeńka,Kılçık,tr
Rychlopalné ohnivé dělo,Bombardıman Topu,tr
Rychlý dvojzářez,Hızlı İkide İki,tr
Rychlý start,Hızlı Başlangıç,tr
Rytířský slib,Şövalyenin Adağı,tr
Ryzykowne Posunięcia,Kaz Gelecek Yerden...,tr
Rzeka Łez,Gözyaşları Sel,tr
Récompenses de guerre,Savaş Yolu,tr
Rédempteur,Arındırıcı,tr
Réinitialisation cosmique,Kozmik Başlangıç,tr
Réplica,Kopyalama Süreci,tr
Réplicateur,Replikacı,tr
Résistance acharnée,Ana Karaktere Bir Şey Olmaz,tr
Részleges Felemelkedés,Kısmi Yükseliş,tr
Réunion d'anniversaire,Doğum Günü Buluşması,tr
Rìu Hỏa Ngục,Cehennem Ateşi Baltası,tr
Rìu Đại Mãng Xà,Haşmetli Hydra,tr
Río de lágrimas,Akan Gözyaşları,tr
Różdżkowy Przesyt,Sopa Fazlalığı,tr
Rögtönzött páncél,Eğreti Zırh,tr
Răbdarea e o virtute,Sabır Erdemdir,tr
Răbdarea lui Ekko,Ekko'nun Sabrı,tr
Rădăcini răspândite,Yayılan Kökler,tr
Rămânem împreună,Birliğin Gücü,tr
Răsăritul din Silvermere,Gümüşgöl Şafağı,tr
Ręka Sprawiedliwości,Adaletin Eli,tr
Rękawica Pustki,Hiçlik Eldiveni,tr
Rękawice Sparingowe,İdman Eldiveni,tr
Rękawice Złodzieja,Hırsız Eldiveni,tr
Rękawiczki,Pofuduk Eldiven,tr
Rồng Đẻ Trứng Vàng,Altın Yumurta,tr
SZILÁRD ELTÖKÉLTSÉG,Yolumdan Dönmem,tr
Saber Gastar,Akıllı Harcama,tr
Sabia blestemată,Lanetli Kılıç,tr
Sabia forței brute,TEK Kılıcı,tr
Sabia infinitului,Ebedi Kılıç,tr
Sabia morții,Ölüm Kılıcı,tr
Sabia sângeroasă,Kanasusamış,tr
Sable Espectral,Hortlak Palası,tr
Sable espectral,Hortlak Palası,tr
Sable-pistola hextech,Hextech Silahkılıç,tr
Sablepistola Hextech,Hextech Silahkılıç,tr
Sabre spectral,Hortlak Palası,tr
Sac de butin,Eşya Çekilişi,tr
Saco de Brindes,Eşya Çekilişi,tr
Saco de Brindes Heroico,Kahraman Çekilişi,tr
Saco de Brindes Pequeno,Ufak Çekiliş,tr
Saco de Brindes Recheado,Büyük Çekiliş,tr
Saco de Brindes do Urf,Urf'ün Çekilişi,tr
Sacrificio cruento,Kan Adağı,tr
Saldi imperdibili,Zararına Satış,tr
Saldão,Zararına Satış,tr
Salvage Bin,Mal Kurtarma,tr
Salvator,Arındırıcı,tr
Samira,Samira,tr
Sanguinaire,Kan Bedeli,tr
Sanguinaria,Kanasusamış,tr
Saqueador,Yağmacı,tr
Sartén,Kızartma Tavası,tr
Saum der Nacht,Gecenin Kıyısı,tr
Sauter une classe,Hızlı Yükseliş,tr
Savings Account,Birikim Hesabı,tr
Scalata verso il successo,Tırmanışa Devam,tr
Scegli tratto,Özellik Seç,tr
Sceptre vampirique corrompu,Yozlaşmış Vampirî Asa,tr
Sceptru vampiric corupt,Yozlaşmış Vampirî Asa,tr
Sceptrul Vidului,Hiçlik Değneği,tr
Sceptrul serafimului,Melek Asası,tr
Scettro dell'arcangelo,Başmelek Asası,tr
Scettro serafino,Melek Asası,tr
Scettro vampirico corrotto,Yozlaşmış Vampirî Asa,tr
Scharfschütze,Keskin Nişancı,tr
Scharfschütze-Emblem,Keskin Nişancı Amblemi,tr
Schattenpuppe,Gölge Kukla,tr
Schatzjagd,Hazine Avı,tr
Schema della retroguardia,Arka Sıra Savunması,tr
Schemat Tylnej Formacji,Arka Sıra Savunması,tr
Schiantare,Anı Yaşa,tr
Schicksalsweber,Kaderbaz,tr
Schild des Taktikers,Strateji Ustası Kalkanı,tr
Schiță pentru linia din spate,Arka Sıra Savunması,tr
Schlag zu,Anı Yaşa,tr
Schlussverkauf,Zararına Satış,tr
Schmiede einen Freund,Güçlü Arkadaşlık,tr
Schnellfeuer-Geschütz,Bombardıman Topu,tr
Schurke,Sinsi,tr
Schurken-Emblem,Sinsi Amblemi,tr
Schutz der Unendlichkeit,Ebedi Koruma,tr
Schwer ist die Krone,Bu Taç Ağır,tr
Schwertschmied,Kılıç İşçisi,tr
Schwertüberfluss,Kılıç Fazlalığı,tr
Schwur des Beschützers,Muhafızın Adağı,tr
Schüre das Feuer,Alevleri Körükle,tr
Sciabola spettrale,Hortlak Palası,tr
Scintilla ionica,İyon Kıvılcımı,tr
Scommessa dorata,Altın Riski,tr
Scommessa rischiosa,Sadakat,tr
Scudo dello stratega,Strateji Ustası Kalkanı,tr
Scutul amurgului,Alacakaranlık Kalkanı,tr
Scutul tacticianului,Strateji Ustası Kalkanı,tr
Scutul zorilor,Şafak Kalkanı,tr
Scânteie ionică,İyon Kıvılcımı,tr
Sdílená zbroj,Ana Karaktere Bir Şey Olmaz,tr
Sebevražední panáci,Kukla Yağmuru!,tr
Second Wind,İkinci Şans,tr
Second souffle,İkinci Şans,tr
Secondo fiato,İkinci Şans,tr
Secteur commercial,Ticaret Bölgesi,tr
Section Anima,Anima,tr
Sector comercial,Ticaret Bölgesi,tr
Sector de Intercambio,Ticaret Bölgesi,tr
Sectorul comercial,Ticaret Bölgesi,tr
Secure din focul iadului,Cehennem Ateşi Baltası,tr
Sed de dinero,Paragöz,tr
Sede de Riqueza,Paragöz,tr
Sedenta por Sangue,Kanasusamış,tr
Seeker's Armguard,Maceracının Pazubendi,tr
Seelenerwachen,Ruh Uyanışı,tr
Segen der Wiederbelebung,Dirilme Lütfu,tr
Segundo Aire,İkinci Şans,tr
Sehraný tým,Takım Çalışması,tr
Sekera pekelného ohně,Cehennem Ateşi Baltası,tr
Sektor Wymiany,Ticaret Bölgesi,tr
Selbstständig machen,Dallan Budaklan,tr
Semblante Espiritual,Ruh Gömleği,tr
Semi-conducteur,Yarı İletken,tr
Semiconductor,Yarı İletken,tr
Semicondutor,Yarı İletken,tr
Semiconduttore,Yarı İletken,tr
Sendero de Guerra,Savaş Yolu,tr
Sendero de guerra,Savaş Yolu,tr
Sentencia,Hâkim,tr
Sentenciador,Hâkim,tr
Sentiero di guerra,Savaş Yolu,tr
Serafínova hůl,Melek Asası,tr
Seraphim's Staff,Melek Asası,tr
Serce ze Stali,Çelikten Yürek,tr
Serpenyő,Kızartma Tavası,tr
Serve para Algo,Kedi Olalı Bir Fare,tr
Servicio de Suscripción,Abonelik Hizmeti,tr
Servicio de suscripción,Abonelik Hizmeti,tr
Servizio ad abbonamento,Abonelik Hizmeti,tr
Serviço de Assinatura,Abonelik Hizmeti,tr
Setor de Troca,Ticaret Bölgesi,tr
Settore dello scambio,Ticaret Bölgesi,tr
Sfere curative,Şifalı Küreler,tr
Sfere vindecătoare,Şifalı Küreler,tr
Sfidante,Atılgan,tr
Sfârșitul rațiunii,Aklın Sonu,tr
Shadow Puppet,Gölge Kukla,tr
Shen,Shen,tr
Shepherd,Kılavuz,tr
Shepherd Emblem,Kılavuz Amblemi,tr
Shimmerscale Essence,Parlakpul Özü,tr
Shojin lándzsája,Shojin'in Mızrağı,tr
Shopping Spree,Alışveriş Çılgınlığı,tr
Shopping intensif,Alışveriş Çılgınlığı,tr
Shopping scatenato,Alışveriş Çılgınlığı,tr
Shroud of Stillness,Sükûnet Örtüsü,tr
Sicario,Kiralık Katil,tr
Side Effects,Yan Etkiler,tr
Siegeszug,Hızlı Yükseliş,tr
Signora Oscura,Karanlık Leydi,tr
Silberlöffel,Eşsiz Deneyim,tr
Silver Spoon,Eşsiz Deneyim,tr
Silvermere Dawn,Gümüşgöl Şafağı,tr
Sinal de Sterak,Sterak'ın Güvencesi,tr
Sinh Nhật Đoàn Tụ,Doğum Günü Buluşması,tr
Size Matters,Boyut Önemli,tr
Siêu Linh,Psionik,tr
Siêu Thú,Anima,tr
Siêu Vũ Trụ,Büyük Patlama,tr
Siêu Xẻng,Spatula,tr
Sięganie ku Gwiazdom,Yıldızlara Uzan,tr
Skalierung im späten Spiel,İleri Safha Gücü,tr
Skalowanie w Późnej Fazie Gry,İleri Safha Gücü,tr
Skleněné dělo,Güçlü Ama Kırılgan,tr
Skok po Składniki,Bileşen Eşya Soygunu,tr
Skupienie Horyzontalne,Ufukgetiren,tr
Skupiony Ogień,Odaklı Ateş,tr
Slammin',Anı Yaşa,tr
Slaďounké dobroty,Tatlı Atıştırmalıklar,tr
Slice of Life,Hayattan Bir Kesit,tr
Slightly Magic Roll,Kısmen Büyülü Zar,tr
Slza bohyně,Tanrıça'nın Gözyaşı,tr
Small Grab Bag,Ufak Çekiliş,tr
Smoczy Szpon,Ejder Pençesi,tr
Snajperzy,Keskin Nişancı,tr
Sniper,Keskin Nişancı,tr
Sniper Emblem,Keskin Nişancı Amblemi,tr
Sobrecarga Cognitiva,Bilişsel Patlama,tr
Sobrecarga cognitiva,Bilişsel Patlama,tr
Sobrecarga de Varas,Sopa Fazlalığı,tr
Sobrecarga de cinturones,Kemer Fazlalığı,tr
Sobrecarga de espadas,Kılıç Fazlalığı,tr
Sobrecarga de varitas,Sopa Fazlalığı,tr
Sobretudo Suspeito,Gizemli Trençkot,tr
Sobrevivente,Sona Kalanlar,tr
Sobreviviente,Sona Kalanlar,tr
Sodronyozott mellény,Zincir Yelek,tr
Soif-de-sang,Kanasusamış,tr
Sojusznik Opiekuna,Koruyucunun Müttefiki,tr
Sok Cappa,Şapkat Nektarı,tr
Soldi per il pranzo,Ekmek Parası İşte,tr
Solo Leveling,Ben Tek Siz Hepiniz,tr
Solo Plate,Yalnız Zırh,tr
Solo Pétreo,Yalnız Zırh,tr
Solo-Leveling,Ben Tek Siz Hepiniz,tr
Solo-Steinpanzer,Yalnız Zırh,tr
Solowa Płyta,Yalnız Zırh,tr
Solul dezolant al lui Zeke,Zeke'nin Kasvetli Sancağı,tr
Solul lui Zeke,Zeke'nin Sancağı,tr
Solzi sclipitori,Parlakpul Özü,tr
Sombrero Mortífero de Rabadon,Rabadon'un Şapkası,tr
Sombrero mortal de Rabadon,Rabadon'un Şapkası,tr
Sombreros Más Letales,Güçlü Şapkalar,tr
Sombreros más mortales,Güçlü Şapkalar,tr
Sona,Sona,tr
Song Sát Tốc Hành,Hızlı İkide İki,tr
Song Vệ,İkiz Muhafızlar,tr
Song Đấu,Ulvi Düellocu,tr
Sonnenfeuer-Brett,Günateşi Tahtası,tr
Sonnenfeuer-Umhang,Günateşi Pelerini,tr
Soraka csodatétele,Soraka'nın Mucizesi,tr
Soraka áldása,Soraka'nın Lütfu,tr
Soraka's Boon,Soraka'nın Lütfu,tr
Soraka's Miracle,Soraka'nın Mucizesi,tr
Sorakas Segen,Soraka'nın Lütfu,tr
Sorakas Wunder,Soraka'nın Mucizesi,tr
Soračin dar,Soraka'nın Lütfu,tr
Soračin zázrak,Soraka'nın Mucizesi,tr
Sorsszövő,Kaderbaz,tr
Sorte em Alta,Şans Benimle,tr
Sorvadt ereklye,Yıpranmış Antika,tr
Soubojový režim,Atılgan Modu,tr
Soudce,Hâkim,tr
Soul Awakening,Ruh Uyanışı,tr
Soustředěná palba,Odaklı Ateş,tr
Soustředěný horizont,Ufukgetiren,tr
Soutien indéfectible,Birlikten Kuvvet Doğar,tr
Souvislé sesílání,Sonsuz Büyü,tr
Sovraccarico cognitivo,Bilişsel Patlama,tr
Spaccato di vita,Hayattan Bir Kesit,tr
Space Groove,Uzayın Ritmi,tr
Space Groove Emblem,Uzayın Ritmi Amblemi,tr
Spaczony Wampiryczny Kostur,Yozlaşmış Vampirî Asa,tr
Spada furiei lui Guinsoo,Guinsoo'nun Hiddeti,tr
Sparkonto,Birikim Hesabı,tr
Sparring Gloves,İdman Eldiveni,tr
Spasitel,Arındırıcı,tr
Spatola,Spatula,tr
Spatula,Spatula,tr
Spatule,Spatula,tr
Spatulă,Spatula,tr
Spear of Shojin,Shojin'in Mızrağı,tr
Specialista del finale,İleri Safhalarda Görüşürüz,tr
Specialista na závěrečnou fázi,İleri Safhalarda Görüşürüz,tr
Specialistul sfârșitului jocului,İleri Safhalarda Görüşürüz,tr
Specjalista od Końcówki,İleri Safhalarda Görüşürüz,tr
Specjalistyczny Hełm,Değişken Miğfer,tr
Spectral Cutlass,Hortlak Palası,tr
Spedizione,Keşif Gezisi,tr
Speedy Double Kill,Hızlı İkide İki,tr
Speer von Shojin,Shojin'in Mızrağı,tr
Spektrales Entermesser,Hortlak Palası,tr
Spektrum jegy,Prizmatik Bilet,tr
Spektrální vstupenka,Prizmatik Bilet,tr
Speranza perduta,Aklın Sonu,tr
Spesa oculata,Akıllı Harcama,tr
Spezzatempo,Zamankıran,tr
Spirit Visage,Ruh Gömleği,tr
Spirit of Redemption,Kefaret Ruhu,tr
Spirito di redenzione,Kefaret Ruhu,tr
Spiritul izbăvirii,Kefaret Ruhu,tr
Splétaná magie,Dokuma Büyü,tr
Splétač osudu,Kaderbaz,tr
Společné objetí,Grup Kucaklaşması,tr
Spořicí účet,Birikim Hesabı,tr
Spreading Roots,Yayılan Kökler,tr
Spécialiste des fins de partie,İleri Safhalarda Görüşürüz,tr
Spéculation,Serbest Yatırım Fonu,tr
Srdce z oceli,Çelikten Yürek,tr
Stab des Erzengels,Başmelek Asası,tr
Stabschmied,Sopa İşçisi,tr
Stabüberfluss,Sopa Fazlalığı,tr
Staffsmith,Sopa İşçisi,tr
Stand United,Birlikten Kuvvet Doğar,tr
Stargazer,Yıldız Gözlemcisi,tr
Stargazer Emblem,Yıldız Gözlemcisi Amblemi,tr
Statikk Shiv,Statikk Hançer,tr
Statikk töltőpengéje,Statikk Hançer,tr
Statikkova kudla,Statikk Hançer,tr
Statikks Stich,Statikk Hançer,tr
Stats à foison !,Tonlarca Nitelik!,tr
Stavebnice společníků,Tam Donanımlı,tr
Stea întunecată,Sonsuz Karanlık,tr
Steadfast Heart,Kararlı Yürek,tr
Steinpanzer des Wasserspeiers,Gargoyl Taşzırhı,tr
Stella Oscura,Sonsuz Karanlık,tr
Stellar Combo,Yıldız Kombosu,tr
Stemma di Lightshield,Lightshield Arması,tr
Stemmaguarda,Kraliyet Başlığı,tr
Sterak kihívása,Sterak'ın Güvencesi,tr
Sterak's Gage,Sterak'ın Güvencesi,tr
Sterakova zástava,Sterak'ın Güvencesi,tr
Steraks Pegel,Sterak'ın Güvencesi,tr
Sterndeuter,Yıldız Gözlemcisi,tr
Sterndeuter-Emblem,Yıldız Gözlemcisi Amblemi,tr
Sternen-Kombo,Yıldız Kombosu,tr
Sternenvernichter,Sonsuz Karanlık,tr
Sternenvernichter-Emblem,Sonsuz Karanlık Amblemi,tr
Stibitzen,Arakla,tr
Stopařčin chránič,Maceracının Pazubendi,tr
Storia di una rimonta,Büyük Dönüş,tr
Strahlender Halunke,Işıltılı Serseri,tr
Stratégie de ligne arrière,Arka Sıra Savunması,tr
Striker's Flail,Hücum Gürzü,tr
Strom vlastností,Özellik Ağacı,tr
Strážná dvojice,İkiz Muhafızlar,tr
Studio paziente,Hayat Deneyimi,tr
Studiu diligent,Hayat Deneyimi,tr
Stwórz Sobie Kumpla,Tam Teşekküllü,tr
Stwórz Towarzysza,Tam Donanımlı,tr
Stínová loutka,Gölge Kukla,tr
Stürmerflegel,Hücum Gürzü,tr
Stříbrná lžička,Eşsiz Deneyim,tr
Stůjme při sobě,Birlikten Kuvvet Doğar,tr
Su tutti i fronti,Dallan Budaklan,tr
Su verso il cielo,Yıldızlara Uzan,tr
Subscription Service,Abonelik Hizmeti,tr
Subskrypcja,Abonelik Hizmeti,tr
Suc Cappa,Şapkat Nektarı,tr
Succes critic,Kritik Başarı,tr
Successo critico,Kritik Başarı,tr
Succo Cappa,Şapkat Nektarı,tr
Sucesso Crítico,Kritik Başarı,tr
Suco de Chapéu,Şapkat Nektarı,tr
Sugárzó csirkefogó,Işıltılı Serseri,tr
Suhanó sutyerák,Yampiri Yengeç,tr
Sunfire Board,Günateşi Tahtası,tr
Sunfire Cape,Günateşi Pelerini,tr
Super sac de butin,Büyük Çekiliş,tr
Superstite,Sona Kalanlar,tr
Superviviente,Sona Kalanlar,tr
Suppresseur doré,Kusursuzluk Arayışı,tr
Supraviețuitor,Sona Kalanlar,tr
Supraîncărcare cognitivă,Bilişsel Patlama,tr
Surcharge cognitive,Bilişsel Patlama,tr
Surpriză nesurprinzătoare,Beklenen Beklenmezlik,tr
Survivant,Sona Kalanlar,tr
Survivor,Sona Kalanlar,tr
Suscripción de Lujo,Lüks Aboneliği,tr
Suscripción de lujo,Lüks Aboneliği,tr
Suspicious Trench Coat,Gizemli Trençkot,tr
Sussurro fatale,Son Fısıltı,tr
Sute de atribute!,Tonlarca Nitelik!,tr
Sweet Treats,Tatlı Atıştırmalıklar,tr
Sword Overflow,Kılıç Fazlalığı,tr
Swordsmith,Kılıç İşçisi,tr
Sympathetic Implant,Sinir İmplantı,tr
Szaleństwo Zakupów,Alışveriş Çılgınlığı,tr
Szczęśliwe Rękawice,Şanslı Eldiven,tr
Szellemarc,Ruh Gömleği,tr
Szerencsés kesztyű,Şanslı Eldiven,tr
Szermierka Yasuo,Yasuo'nun Kılıç Sanatı,tr
Szerteágazó gyökerek,Yayılan Kökler,tr
Szeráf pálcája,Melek Asası,tr
Szimpatikus implantátum,Sinir İmplantı,tr
Szintlépés!,Seviye Atla!,tr
Szpatułka,Spatula,tr
Szpon Ciemnego Typa,Sinsi Pençe,tr
Szunnyadó kohó,Ocağı Harla,tr
Szybkie Dwa Trupy,Hızlı İkide İki,tr
Száműzöttek I.,Sürgünler,tr
Szélhámos,Dümenci,tr
Szólójátékos,Ben Tek Siz Hepiniz,tr
Születésnapi ajándék,Doğum Günü Hediyesi,tr
Születésnapi találkozó,Doğum Günü Buluşması,tr
Sách Chọn Ấn,Özellikler Kitabı,tr
Sárkánykarom,Ejder Pençesi,tr
Sát Thủ Khát Máu,Herkesin Katili,tr
Sát Thủ Đánh Thuê,Kiralık Katil,tr
Sét Cao Thế,Yüksek Voltaj,tr
Síla artefaktů,Güçle İşlenmiş,tr
Sólový plát,Yalnız Zırh,tr
Sólový postup,Ben Tek Siz Hepiniz,tr
Sötét csillag,Sonsuz Karanlık,tr
Sötét csillag embléma,Sonsuz Karanlık Amblemi,tr
Sötét hölgy,Karanlık Leydi,tr
Süße Leckereien,Tatlı Atıştırmalıklar,tr
Săbii fără număr,Kılıç Fazlalığı,tr
Săbii mai letale,Ölümcül Bıçaklar,tr
Săn Kho Báu,Hazine Avı,tr
Słodkie Przysmaki,Tatlı Atıştırmalıklar,tr
Słoneczna Peleryna,Günateşi Pelerini,tr
Słoneczna Płyta,Günateşi Tahtası,tr
Sơ Đồ Tuyến Sau,Arka Sıra Savunması,tr
Số 4 Hoàn Hảo,Dört Seninle Olsun,tr
Sống Vội,Dümenci,tr
Tabla solară,Günateşi Tahtası,tr
Tablero de Fuego Solar,Günateşi Tahtası,tr
Tablero de fuego solar,Günateşi Tahtası,tr
Tabuleiro de Fogo Solar,Günateşi Tahtası,tr
Tactician's Cape,Strateji Ustası Pelerini,tr
Tactician's Crown,Strateji Ustası Tacı,tr
Tactician's Kitchen,Strateji Ustasının Mutfağı,tr
Tactician's Shield,Strateji Ustası Kalkanı,tr
Tahm Kench,Tahm Kench,tr
Taina întunericului,Gecenin Kıyısı,tr
Taktikerküche,Strateji Ustasının Mutfağı,tr
Taktikova koruna,Strateji Ustası Tacı,tr
Taktikova kuchyně,Strateji Ustasının Mutfağı,tr
Taktikus köpenye,Strateji Ustası Pelerini,tr
Taktikus pajzsa,Strateji Ustası Kalkanı,tr
Taktikusok konyhája,Strateji Ustasının Mutfağı,tr
Taktikův plášť,Strateji Ustası Pelerini,tr
Taktikův štít,Strateji Ustası Kalkanı,tr
Talisman Of Ascension,Uluların Tılsımı,tr
Talisman de l'ascension,Uluların Tılsımı,tr
Talismano dell'ascensione,Uluların Tılsımı,tr
Talismanul ascensiunii,Uluların Tılsımı,tr
Talismán de Ascensión,Uluların Tılsımı,tr
Talismã da Ascensão,Uluların Tılsımı,tr
Talizman Wstąpienia,Uluların Tılsımı,tr
Talon,Talon,tr
Találd meg önmagad,Merkezini Bul,tr
Tana del Barone,Baron'un İni,tr
Tancuri la xerox,Şok Dayanıklı,tr
Tandemová fronta,Çifte Ödül,tr
Tanks jumeaux,Şok Dayanıklı,tr
Tanque em Dobro,Şok Dayanıklı,tr
Tarcza Taktyka,Strateji Ustası Kalkanı,tr
Tare ca fierul,Kıymetli Metaller,tr
Target-Lock Optics,Hedefe Kilitlenen Optik,tr
Tartalékíjak,Yedek Yaylar,tr
Tartsd a frontot,Safları Koru,tr
Taxa Cognitiva,Bilişsel Vergi,tr
Taxe cognitive,Bilişsel Vergi,tr
Te simți norocos,Şans Benimle,tr
Team Building,Ekip Çalışması,tr
Team building,Ekip Çalışması,tr
Teambildung,Ekip Çalışması,tr
Teambuilding,Ekip Çalışması,tr
Teaming Up,Takım Çalışması,tr
Tear of the Goddess,Tanrıça'nın Gözyaşı,tr
Tecelã do Destino,Kaderbaz,tr
Tecendo Magia,Dokuma Büyü,tr
Teemo,Teemo,tr
Teilaufstieg,Kısmi Yükseliş,tr
Tejedestinos,Kaderbaz,tr
Tela magica,Dokuma Büyü,tr
Temná hvězda,Sonsuz Karanlık,tr
Temná paní,Karanlık Leydi,tr
Tempesta di Luden,Luden'in Çığlığı,tr
Tempestad de Luden,Luden'in Çığlığı,tr
Tempête de Luden,Luden'in Çığlığı,tr
Tenete la posizione,Safları Koru,tr
Tenir le front,Safları Koru,tr
Tentative de comeback,Büyük Dönüş,tr
Ter-Meep-nale Geschwindigkeit,Süper Hızlı Micin,tr
Termeepnal Velocity,Süper Hızlı Micin,tr
Termipnální rychlost,Süper Hızlı Micin,tr
Terquedad,Yolumdan Dönmem,tr
Terrore dei lich,Lich Boğan,tr
Tesori sepolti,Gömülü Hazineler,tr
Tesoros Enterrados,Gömülü Hazineler,tr
Tesoros enterrados,Gömülü Hazineler,tr
Tesouros Enterrados,Gömülü Hazineler,tr
Tessifato,Kaderbaz,tr
Testőrképzés,Koruma Eğitimi,tr
Tetro araldo di Zeke,Zeke'nin Kasvetli Sancağı,tr
Thanh Lý Toàn Bộ,Zararına Satış,tr
Thanh Âm Chữa Lành,Şifalı Yankılar,tr
The Big Bang,Büyük Patlama,tr
The Golden Dragon,Altın Ejder,tr
The Golden Egg,Altın Yumurta,tr
The Indomitable,Yenilmez,tr
The Mighty Mech,Muhteşem Meka,tr
The Tower,Kule,tr
The Trait Tree,Özellik Ağacı,tr
Thief's Gloves,Hırsız Eldiveni,tr
Thresh lámpása,Thresh'in Feneri,tr
Thresh áldása,Thresh'in Lütfu,tr
Thresh's Boon,Thresh'in Lütfu,tr
Thresh's Lantern,Thresh'in Feneri,tr
Threshova lucerna,Thresh'in Feneri,tr
Threshs Laterne,Thresh'in Feneri,tr
Threshs Segen,Thresh'in Lütfu,tr
Threshův dar,Thresh'in Lütfu,tr
Thua Có Tính Toán,Planlı Mağlubiyet,tr
Thuế Nhận Thức,Bilişsel Vergi,tr
Thách Đấu,Atılgan,tr
Thép Mạ Vàng,Yaldızlı Çelik,tr
Thích Mở Rộng,Gözü Yükseklerde,tr
Thông Thoáng,Zihin Açıklığı,tr
Thông Đạo Zz'rot,Zz'Rot Kapısı,tr
Thú Tượng Thạch Giáp,Gargoyl Taşzırhı,tr
Thăng Hoa,Yükseliş,tr
Thăng Hoa Của Kayle,Kayle'ın Yüceliği,tr
Thăng Hoa Rực Rỡ Của Kayle,Kayle'ın Işıltılı Yüceliği,tr
Thăng Tiến Cuối Trận,İleri Safha Gücü,tr
Thần Ban Phước,Hükümdarın Seçimi,tr
Thần Phán,Hâkim,tr
Thịnh Nộ Thủy Quái,Kraken'in Öfkesi,tr
Thời Không,Zamankıran,tr
Thợ Rèn Gậy,Sopa İşçisi,tr
Thợ Rèn Kiếm,Kılıç İşçisi,tr
Thợ Săn Vũ Trụ,Galaksi Avcısı,tr
Thức Tỉnh Linh Hồn,Ruh Uyanışı,tr
Ti senti fortunato?,Şans Benimle,tr
Ticket prismatique,Prizmatik Bilet,tr
Tiercé,Üçlük,tr
Tigaia de aur,Kızartma Tavası,tr
Tiltott bálvány,Yasak İdol,tr
Timebreaker,Zamankıran,tr
Timebreaker Emblem,Zamankıran Amblemi,tr
Tinh Linh Chuông,Micingil,tr
Tinh Túy Kim Long,Parlakpul Özü,tr
Tiniest Titan,En Minik Dev,tr
Tiny Titans,Minik Devler,tr
"Tiny, but Deadly",Minik Ama Ölümcül,tr
Tirada Ligeramente Mágica,Kısmen Büyülü Zar,tr
Tirada Mágica,Büyülü Zarlar,tr
Tiro lievemente magico,Kısmen Büyülü Zar,tr
Tiro porque me toca,Durmadan Yenile,tr
Tisse-destin,Kaderbaz,tr
Tiszta elme,Zihin Açıklığı,tr
Titan micuț,En Minik Dev,tr
Titan's Resolve,Titanın Azmi,tr
Titanes Diminutos,Minik Devler,tr
Titanic Hydra,Haşmetli Hydra,tr
Titanische Hydra,Haşmetli Hydra,tr
Titano minuscolo,En Minik Dev,tr
Titánhidra,Haşmetli Hydra,tr
Titánská hydra,Haşmetli Hydra,tr
Titánské odhodlání,Titanın Azmi,tr
Tiên Phong,Öncü,tr
Tiên Tri,Kâhin,tr
Tiêu Dùng Thông Minh,Akıllı Harcama,tr
Tiếp Tế Trang Bị,Eşya Çekilişi,tr
Tiền Tuyến Vững Chãi,Dizilim,tr
Tiền Vệ Trung Tâm,Merkezini Bul,tr
Tiền Ăn Trưa,Ekmek Parası İşte,tr
Tiệc Tùng,Parti Patisi,tr
Tkacze Losu,Kaderbaz,tr
Tkanie Czarów,Dokuma Büyü,tr
Tlupa zlodějů,Hırsız Çetesi,tr
Tlupa zlodějů II,Hırsız Çetesi II,tr
To Lớn & Mạnh Mẽ,Devasa ve Güçlü,tr
Todo para mí,Aradığını Bul,tr
Toiag uriaș,Aşırı Büyük Sopa,tr
Toiagul arhanghelului,Başmelek Asası,tr
Toiege fără număr,Sopa Fazlalığı,tr
Tolvajkesztyű,Hırsız Eldiveni,tr
Tolvajok bandája,Hırsız Çetesi,tr
Tolvajok bandája II,Hırsız Çetesi II,tr
Tome des emblèmes,Özellikler Kitabı,tr
Tome of Trait,Özellikler Kitabı,tr
Tome of Traits,Özellikler Kitabı,tr
Tomo das Características,Özellikler Kitabı,tr
Tomo de Rasgos,Özellikler Kitabı,tr
Tomo de atributos,Özellikler Kitabı,tr
Tomo dei tratti,Özellikler Kitabı,tr
Tomul caracteristicilor,Özellikler Kitabı,tr
Toneladas de Atributos!,Tonlarca Nitelik!,tr
Tonnenweise Werte!,Tonlarca Nitelik!,tr
Tonnányi statisztika!,Tonlarca Nitelik!,tr
Tons of Stats!,Tonlarca Nitelik!,tr
Tony Statystyk!,Tonlarca Nitelik!,tr
Torba z Przedmiotami,Eşya Çekilişi,tr
Torba z Przedmiotami Urfa,Urf'ün Çekilişi,tr
Tormenta de Luden,Luden'in Çığlığı,tr
Tot sunt buni la ceva,Kedi Olalı Bir Fare,tr
Touche-à-tout,Uyumsuzlar,tr
Tout doit disparaître,Anı Yaşa,tr
Toàn Thắng,Hızlı Yükseliş,tr
Toán Cướp,Yağmacı,tr
Trabajo en Equipo,Ekip Çalışması,tr
Trabalho em Equipe,Ekip Çalışması,tr
Trade Sector,Ticaret Bölgesi,tr
Tragbare Schmiede,Taşınabilir Ocak,tr
Training Dummy,Hedef Kuklası,tr
Trang Bị Pandora,Pandora'nın Eşyaları,tr
Transfer de încărcare,Yük Aktarımı,tr
Transferencia de Carga,Yük Aktarımı,tr
Transferencia de carga,Yük Aktarımı,tr
Transfert,Yük Aktarımı,tr
Transferência de Carga,Yük Aktarımı,tr
Transformação em Boneco,Kuklaya Dönüştür,tr
Trasferimento carica,Yük Aktarımı,tr
Treasure Hunt,Hazine Avı,tr
Treinamento de Guarda-costas,Koruma Eğitimi,tr
Tremblelames,Tezbıçak,tr
Trench-coat suspect,Gizemli Trençkot,tr
Trenci suspect,Gizemli Trençkot,tr
Trening Ochroniarza,Koruma Eğitimi,tr
Trepador Social,Daimi Yükseliş,tr
Trezirea sufletului,Ruh Uyanışı,tr
Tributo cognitivo,Bilişsel Vergi,tr
Trifecta,Üçlük,tr
Trinca,Üçlük,tr
Triomphe,Ödüllü Müsabaka,tr
Triplete,Üçlük,tr
Tripletta,Üçlük,tr
Triplu avantaj,Üçlük,tr
Triệu Gọi Hỗn Mang,Şanslı Hissediyorum,tr
Triệu Hồi Bất Tận,Sonsuz Büyü,tr
Troca Sem Fim,Durmadan Yenile,tr
Trojice,Üçlük,tr
Trova il tuo centro,Merkezini Bul,tr
Trpělivost je ctnost,Sabır Erdemdir,tr
Trpělivé studium,Hayat Deneyimi,tr
Truffatore,Dümenci,tr
Trung Tâm Thương Mại,Ticaretin Özü,tr
Tryb Pretendenta,Atılgan Modu,tr
Tryb Przekaźnika,Medyum Modu,tr
Tryb Replikatora,Replikacı Modu,tr
Trzask-Prask,Anı Yaşa,tr
Trzymać Szyk,Safları Koru,tr
Trái Tim Kiên Định,Kararlı Yürek,tr
Trái Tim Sắt Đá,Çelikten Yürek,tr
Träne der Göttin,Tanrıça'nın Gözyaşı,tr
Tréninkové rukavice,İdman Eldiveni,tr
Trésors enfouis,Gömülü Hazineler,tr
Trên Đà Phát Triển,Yenilemeye Devam,tr
Trí Tuệ Siêu Công Nghệ,Sibernetik Aktarım,tr
Trượng Hư Vô,Hiçlik Değneği,tr
Trượng Đại Thiên Sứ,Melek Asası,tr
Trực Giác Của Evelynn,Evelynn'in İçgüdüsü,tr
Tuch der Stille,Sükûnet Örtüsü,tr
Tueur de géants,Dev Katili,tr
Tueur impitoyable,Herkesin Katili,tr
Tueur à gages,Kiralık Katil,tr
Tugend des Märtyrers,Fedakârlığın Erdemi,tr
Tun-mitralieră,Bombardıman Topu,tr
Turnul,Kule,tr
Tuyển Nhân Sự,Taze Kan,tr
Twin Guardian,İkiz Muhafızlar,tr
Twin Guardians,İkiz Muhafızlar,tr
Twisted Fate,Twisted Fate,tr
Two Much Value,İki Elin Sesi Var,tr
Two Tanky,Şok Dayanıklı,tr
Tworzenie Drużyny,Ekip Çalışması,tr
Twórcze Tworzenie,El Emeği Göz Nuru,tr
Typologie,Sadakat,tr
Tài Khoản Tiết Kiệm,Birikim Hesabı,tr
Tái Khởi Động Nhiệm Vụ,Tekrar Dene,tr
Tái Lập Vũ Trụ,Kozmik Başlangıç,tr
Tápláld a tüzet,Alevleri Körükle,tr
Tíha koruny,Bu Taç Ağır,tr
Tín Đồ Mua Sắm,Alışveriş Çılgınlığı,tr
Tòa Tháp,Kule,tr
Tôi Luyện Sức Mạnh,Güçle İşlenmiş,tr
Tôi Thăng Cấp Một Mình,Ben Tek Siz Hepiniz,tr
Tödlichere Hauben,Güçlü Şapkalar,tr
Tödlichere Klingen,Ölümcül Bıçaklar,tr
Töltésátvitel I.,Yük Aktarımı,tr
Törj a csillagok felé,Yıldızlara Uzan,tr
Törékeny tüzér I.,Güçlü Ama Kırılgan,tr
Törésteszt bábuk,Kukla Yağmuru!,tr
Tú Pégales,Aradığını Bul,tr
Túi Đồ Cỡ Nhỏ,Ufak Çekiliş,tr
Túi Đồ Cỡ Đại,Büyük Çekiliş,tr
Túi Đồ Siêu Hùng,Kahraman Çekilişi,tr
Túi Đồ Urf,Urf'ün Çekilişi,tr
Túlvilági szablya,Hortlak Palası,tr
Túlélő,Sona Kalanlar,tr
Türelem rózsát terem,Sabır Erdemdir,tr
Türelmes tanuló,Hayat Deneyimi,tr
Tăișuri sclipitoare,Tezbıçak,tr
Tăng Trưởng Bùng Nổ,Ani Büyüme,tr
Tất Tay Bậc Đồng,Bronzdan Şaşma,tr
Tập Chịu Đòn,Boks Dersi,tr
Tập Trung Hỏa Lực,Odaklı Ateş,tr
Tối Tân,Özel Yapım,tr
Tối Đa Hóa,Kusursuzluk Arayışı,tr
Tộc Thượng Cổ,Primordia'lı,tr
Tụ Bão Zeke,Zeke'nin Sancağı,tr
Tụ Điện,Elektroşarj,tr
Tứ Phương Tiếp Viện,Dört Dörtlük,tr
Tự Lập Đội,Tam Teşekküllü,tr
U Sầu,Pesimist,tr
U. R. F.,U.R.F.,tr
U.R.F,U.R.F.,tr
URF,U.R.F.,tr
Uccisore di giganti,Dev Katili,tr
Uccisore indiscriminato,Herkesin Katili,tr
Ucigaș fără discriminare,Herkesin Katili,tr
Ucigaș plătit,Kiralık Katil,tr
Uhrwerk-Beschleuniger,Mekanik Hızlandırıcı,tr
Ulepszona Moc,Gelişmiş Güç,tr
Ultima șoaptă,Son Fısıltı,tr
Um Dois Três,Bir İki Üç,tr
"Um, Dois, Cinco!","Bir, İki, Beş!",tr
Umhang des Taktikers,Strateji Ustası Pelerini,tr
"Un buff, două buff-uri",İki Kat Güçlendirme,tr
"Un buff, due buff",İki Kat Güçlendirme,tr
Un due tre,Bir İki Üç,tr
Un mismo ser,Benlik Aynası,tr
Un mismo ser inferior,Küçük Benlik Aynası,tr
Un tiro magico,Büyülü Zarlar,tr
Un'avventura gloriosa,Haşmetli Macera,tr
"Un, deux, trois",Bir İki Üç,tr
Una Aventura Eminente,Haşmetli Macera,tr
"Una Mejora, Dos Mejoras",İki Kat Güçlendirme,tr
Una aventura repleta de exaltación,Haşmetli Macera,tr
Una lágrima en la arena,Gözyaşları Sel,tr
"Una mejora, dos mejoras...",İki Kat Güçlendirme,tr
"Unde-s 2 stele, puterea crește",Dört Dörtlük,tr
Une aventure exaltante,Haşmetli Macera,tr
Unending Despair,Sonsuz Çaresizlik,tr
Unerschütterliches Herz,Kararlı Yürek,tr
Unidos,Birlikten Kuvvet Doğar,tr
Unire în luptă,Birlikten Kuvvet Doğar,tr
Uniti nelle difficoltà,Birlikten Kuvvet Doğar,tr
"Uno, Dos, Tres",Bir İki Üç,tr
"Uno, dos, tres...",Bir İki Üç,tr
"Uno, dos, ¡cinco!","Bir, İki, Beş!",tr
"Uno, dos... ¡cinco!","Bir, İki, Beş!",tr
"Uno, due, cinque!","Bir, İki, Beş!",tr
"Unu, doi, cinci!","Bir, İki, Beş!",tr
"Unu, doi, trei",Bir İki Üç,tr
Unübertreffliche Schmiede,Ulvi Ocak,tr
Upando Solo,Ben Tek Siz Hepiniz,tr
Upward Mobility,Daimi Yükseliş,tr
Upírská vitalita,Vampirî Zindelik,tr
Urf játszmája,Urf Hamlesi,tr
Urf zsákbamacskája,Urf'ün Çekilişi,tr
Urf's Gambit,Urf Hamlesi,tr
Urf's Grab Bag,Urf'ün Çekilişi,tr
Urfova dárková taška,Urf'ün Çekilişi,tr
Urfs Gambit,Urf Hamlesi,tr
Urfs Wundertüte,Urf'ün Çekilişi,tr
Urfův gambit,Urf Hamlesi,tr
Urgia de pe lume,Lich Boğan,tr
Urgot,Urgot,tr
Utazó,Seyyah,tr
Utazó embléma,Seyyah Amblemi,tr
Utolsó esély,Aklın Sonu,tr
Utolsó lehelet,Son Fısıltı,tr
Vale a Espera,Beklemeye Değer,tr
Vale la Pena la Espera,Beklemeye Değer,tr
Valeva la pena aspettare,Beklemeye Değer,tr
Valor del Titán,Titanın Azmi,tr
Valor em Excesso,İki Elin Sesi Var,tr
Vampir-Vitalität,Vampirî Zindelik,tr
Vampiric Vitality,Vampirî Zindelik,tr
Vanguard,Öncü,tr
Vanguard Emblem,Öncü Amblemi,tr
Vanguarda,Öncü,tr
Vanguardia,Öncü,tr
Vara Innecesariamente Grande,Aşırı Büyük Sopa,tr
Vara innecesariamente grande,Aşırı Büyük Sopa,tr
Varus Besessenheit,Varus'un Saplantısı,tr
Varus megszállottsága,Varus'un Saplantısı,tr
Varus áldása,Varus'un Lütfu,tr
Varus' Segen,Varus'un Lütfu,tr
Varus's Boon,Varus'un Lütfu,tr
Varus's Obsession,Varus'un Saplantısı,tr
Varusova posedlost,Varus'un Saplantısı,tr
Varusův dar,Varus'un Lütfu,tr
Varázsdobás,Büyülü Zarlar,tr
Varázsszőttes,Dokuma Büyü,tr
Vaseszközök,Kıymetli Metaller,tr
Vaurien de la lumière,Işıltılı Serseri,tr
Vay Tạm Ứng,Yüklü Borç,tr
Vedlejší účinky,Yan Etkiler,tr
Veigar,Veigar,tr
Velikost a síla,Devasa ve Güçlü,tr
Velitel,Komutan,tr
Velitelka Animy,Anima Komutanı,tr
Velkolepé dobrodružství,Haşmetli Macera,tr
Velká dárková taška,Büyük Çekiliş,tr
Velký třesk,Büyük Patlama,tr
Velo costante,Denge Örtüsü,tr
Velo de sosiego,Sükûnet Örtüsü,tr
Velocidad Termeepnal,Süper Hızlı Micin,tr
Velocidad temperameeptal,Süper Hızlı Micin,tr
Velocidade Termipenal,Süper Hızlı Micin,tr
Velocità termipponale,Süper Hızlı Micin,tr
Venganza,Adaletin Yumruğu,tr
Ventos Revigorantes,İkinci Şans,tr
Verbannte,Sürgünler,tr
Verbotener Götze,Yasak İdol,tr
Verbündeter des Beschützers,Koruyucunun Müttefiki,tr
Verdorbenes vampirisches Zepter,Yozlaşmış Vampirî Asa,tr
Verdugo Indiscriminado,Herkesin Katili,tr
Verdugo de Gigantes,Dev Katili,tr
Verdugo de gigantes,Dev Katili,tr
Verdächtiger Trenchcoat,Gizemli Trençkot,tr
Verfehlte Verbindung,Tanışma Toplantısı,tr
Verfluchte Klinge,Lanetli Kılıç,tr
Verfluchte Krone,Lanetli Taç,tr
Vergeltung,Adaletin Yumruğu,tr
Vergoldeter Stahl,Yaldızlı Çelik,tr
Vergrabene Schätze,Gömülü Hazineler,tr
Vernichter,Pesimist,tr
Vernichter,Yok Edici,tr
Versteck des Barons,Baron'un İni,tr
Verständnisvolles Implantat,Sinir İmplantı,tr
Verstärkendes Amulett,Zindelik Broşu,tr
Vertu du martyr,Fedakârlığın Erdemi,tr
Verwittertes Relikt,Yıpranmış Antika,tr
Verwobene Magie,Dokuma Büyü,tr
Vesmírný rytmus,Uzayın Ritmi,tr
Vesta Espinosa,Dikenli Yelek,tr
Veste della stabilità,Sükûnet Örtüsü,tr
Vestă de mărăcini,Dikenli Yelek,tr
Vestă de zale,Zincir Yelek,tr
Vex,Vex,tr
Večerháv,Denge Örtüsü,tr
Viaggiatore,Seyyah,tr
Viajante,Seyyah,tr
Viajero,Seyyah,tr
Victorie neașteptată,Hızlı Yükseliş,tr
Vida Cotidiana,Hayattan Bir Kesit,tr
Viděti dvojmo,İki Elin Sesi Var,tr
Vier-Gold-Verstärkung,Dört Dörtlük,tr
Vigarista,Dümenci,tr
Viktor,Viktor,tr
Viktor-ia de Arcane,Viktor'un Sihri,tr
Viktor-ia di Arcane,Viktor'un Sihri,tr
Viktor-ie ocultă,Viktor'un Sihri,tr
Viktoria Arcana,Viktor'un Sihri,tr
Viktorův triumf,Viktor'un Sihri,tr
Viktória Arcana,Viktor'un Sihri,tr
Villanópengék,Tezbıçak,tr
Villámakció,Zararına Satış,tr
Vingadora Exocósmica,Çelik İntikam,tr
Virtud del Mártir,Fedakârlığın Erdemi,tr
Virtud del mártir,Fedakârlığın Erdemi,tr
Virtude do Mártir,Fedakârlığın Erdemi,tr
Virtue of the Martyr,Fedakârlığın Erdemi,tr
Virtutea martirului,Fedakârlığın Erdemi,tr
Virtù del martire,Fedakârlığın Erdemi,tr
Visage spirituel,Ruh Gömleği,tr
Visionnaire,Yıldız Gözlemcisi,tr
Visszatérés-történet,Büyük Dönüş,tr
Vitalidad Vampírica,Vampirî Zindelik,tr
Vitalidad vampírica,Vampirî Zindelik,tr
Vitalidade Vampírica,Vampirî Zindelik,tr
Vitalitate vampirică,Vampirî Zindelik,tr
Vitalità vampirica,Vampirî Zindelik,tr
Vitalité vampirique,Vampirî Zindelik,tr
Viteză termipnală,Süper Hızlı Micin,tr
Viễn Chinh,Seyyah,tr
Void Gauntlet,Hiçlik Eldiveni,tr
Void Staff,Hiçlik Değneği,tr
Voința buzduganului,Gürzün Dileği,tr
Voința titanului,Titanın Azmi,tr
Vojevůdcova čest,Cengâver Onuru,tr
Volonté de la massue,Gürzün Dileği,tr
Voluntad de la maza,Gürzün Dileği,tr
Voluntad del Mazo,Gürzün Dileği,tr
Volver al Ruedo,Büyük Dönüş,tr
Vorausdenken,İleri Görüşlülük,tr
Voto del Protettore,Muhafızın Adağı,tr
Voto del cavaliere,Şövalyenin Adağı,tr
Vous vous sentez en veine ?,Şans Benimle,tr
Voyager,Seyyah,tr
Voyager Emblem,Seyyah Amblemi,tr
Voyageur,Seyyah,tr
Vražední čtveráci,Dört Seninle Olsun,tr
Vražednější klobouky,Güçlü Şapkalar,tr
Vražednější čepele,Ölümcül Bıçaklar,tr
Vrcholná sestava,Azami Dizilim,tr
Vuốt Rồng,Ejder Pençesi,tr
Vyber vlastnost,Özellik Seç,tr
Vybíravé výběry,Durmadan Yenile,tr
Vyhlazovač,Yok Edici,tr
Vyhnanci,Sürgünler,tr
Vyplatí se čekat,Beklemeye Değer,tr
Vyrob si kamaráda,Güçlü Arkadaşlık,tr
Vysoké napětí,Yüksek Voltaj,tr
Vytrvalý vzestup,Daimi Yükseliş,tr
Vyzyvatel,Atılgan,tr
Vzestup,Yükseliş,tr
Vágj utat,Bir Yol Çiz,tr
Válassz adottságot,Özellik Seç,tr
Válečná stezka,Savaş Yolu,tr
Válogatás nélkül,Herkesin Katili,tr
Vámpírerő I.,Vampirî Zindelik,tr
Ván Cược Hoàng Kim,Altın Riski,tr
Ván Cược URF,Urf Hamlesi,tr
Vánek,Karayel,tr
Várható váratlanság,Beklenen Beklenmezlik,tr
Vânătoare de comori,Hazine Avı,tr
Vânător galactic,Galaksi Avcısı,tr
Vânătorul de uriași,Dev Katili,tr
Vé Kim Cương,Prizmatik Bilet,tr
Végjátékbeli erőnövelés,İleri Safha Gücü,tr
Végtelen kétségbeesés,Sonsuz Çaresizlik,tr
Végtelen védelem,Ebedi Koruma,tr
Végzethozó,Pesimist,tr
Vérszomjas,Kanasusamış,tr
Véráldozat,Kan Adağı,tr
Véráldozat,Kan Bedeli,tr
Vírusmátrix,Kötü Yazılım Matrisi,tr
Vô Cực Kiếm,Ebedi Kılıç,tr
Vô Pháp,Sinsi,tr
Võ Sĩ Giác Đấu,Ödüllü Müsabaka,tr
Vörös erősítés,Kırmızı Güçlendirme,tr
Výbušný růst,Ani Büyüme,tr
Výcvik tělesného strážce,Koruma Eğitimi,tr
Výrobce holí,Sopa İşçisi,tr
Výrobce mečů,Kılıç İşçisi,tr
Výzva chaosu,Şanslı Hissediyorum,tr
Văl uniform,Denge Örtüsü,tr
Vălul nemișcării,Sükûnet Örtüsü,tr
Věčná dohoda,Ebedi Anlaşma,tr
Věštec,Kâhin,tr
Věž,Kule,tr
Vœu du chevalier,Şövalyenin Adağı,tr
Vœu du protecteur,Muhafızın Adağı,tr
Vůle palcátu,Gürzün Dileği,tr
Vươn Tới Tinh Tú,Yıldızlara Uzan,tr
Vương Miện Chiến Thuật,Strateji Ustası Tacı,tr
Vương Miện Hoàng Gia,Kraliyet Başlığı,tr
Vương Miện Hắc Hóa,Lanetli Taç,tr
Vương Miện Nặng Trĩu,Bu Taç Ağır,tr
W Czepku Urodzony,Eşsiz Deneyim,tr
W Czwórce Siła,Dört Dörtlük,tr
Wachsende Wurzeln,Yayılan Kökler,tr
Wampiryczna Żywotność,Vampirî Zindelik,tr
Wand Overflow,Sopa Fazlalığı,tr
Wanderer,Seyyah,tr
Wanderer-Emblem,Seyyah Amblemi,tr
Warlord's Honor,Cengâver Onuru,tr
Warmog vértje,Warmog'un Zırhı,tr
Warmog's Armor,Warmog'un Zırhı,tr
Warmogova zbroj,Warmog'un Zırhı,tr
Warmogs Rüstung,Warmog'un Zırhı,tr
Warpath,Savaş Yolu,tr
Warto Poczekać,Beklemeye Değer,tr
Wartość Dodana,İki Elin Sesi Var,tr
Wczesna Nauka,İlk Öğretiler,tr
We Stick Together,Birliğin Gücü,tr
Weise Ausgaben,Akıllı Harcama,tr
Weltraum-Groove,Uzayın Ritmi,tr
Weltraum-Groove-Emblem,Uzayın Ritmi Amblemi,tr
Wezwanie Chaosu,Şanslı Hissediyorum,tr
Widmowy Rapier,Hortlak Palası,tr
Wie ist es um dein Glück bestellt?,Şans Benimle,tr
Wieczny Brąz,Bronzdan Şaşma,tr
Wieczny Pakt,Ebedi Anlaşma,tr
Wiederaufnahme der Mission,Tekrar Dene,tr
Wielka Wygrana,Hızlı Yükseliş,tr
Wielki Wybuch,Büyük Patlama,tr
Wielkie Poświęcenie,Sadakat,tr
Wielkość i Potęga,Devasa ve Güçlü,tr
Wieża,Kule,tr
Willkürlicher Killer,Herkesin Katili,tr
Win Out,Hızlı Yükseliş,tr
"Winzig, aber tödlich",Minik Ama Ölümcül,tr
Winzige Titanen,Minik Devler,tr
Winzigster Titan,En Minik Dev,tr
Wir halten zusammen,Birliğin Gücü,tr
Wise Spending,Akıllı Harcama,tr
Wit's End,Aklın Sonu,tr
Withered Relic,Yıpranmış Antika,tr
Wkalkulowana Strata,Planlı Mağlubiyet,tr
Wojenna Ścieżka,Savaş Yolu,tr
Wola Buławy,Gürzün Dileği,tr
Worth the Wait,Beklemeye Değer,tr
Woven Magic,Dokuma Büyü,tr
Wskrzeszenie,Dirilme Lütfu,tr
Wsparcie,Birlikten Kuvvet Doğar,tr
Wspinaczka po Drabince,Tırmanışa Devam,tr
Wspólne Siły,Takım Çalışması,tr
Wybierz cechę,Özellik Seç,tr
Wygięty Łuk,Nişancı Yayı,tr
Wygnańcy,Sürgünler,tr
Wykuj Znajomego,Güçlü Arkadaşlık,tr
Wykuklenie,Kuklaya Dönüştür,tr
Wykuto w Sile,Güçle İşlenmiş,tr
Wyniesienie,Yükseliş,tr
Wyprzedaż na Ostro,Zararına Satış,tr
Wyrocznia,Kâhin,tr
Wysokie Napięcie,Yüksek Voltaj,tr
Wytnij sobie drogę,Bir Yol Çiz,tr
Wywyższenie Kayle,Kayle'ın Yüceliği,tr
Wzmacniający Medalion,Zindelik Broşu,tr
Wzmocnienie Raz i Dwa,İki Kat Güçlendirme,tr
Wälzer der Attribute,Özellikler Kitabı,tr
Wędrujący Krab,Yampiri Yengeç,tr
Włócznia Shojin,Shojin'in Mızrağı,tr
Xayah,Xayah,tr
Xoay Bài Tự Động,Evriştirici,tr
Xây Dựng Đội Hình,Ekip Çalışması,tr
Xúc Xắc Hoành Tráng,Destansı Yenileme,tr
Xúc Xắc Ma Pháp,Büyülü Zarlar,tr
Xúc Xắc Vô Tận,Durmadan Yenile,tr
Xạ Thần,Çelik İntikam,tr
Yasuo Figyelemmegosztása,Yasuo'nun İlgi Budalası Eklentisi,tr
Yasuo aranymezője,Yasuo'nun Altın Hücresi,tr
Yasuo kardforgatása,Yasuo'nun Kılıç Sanatı,tr
Yasuo áldása,Yasuo'nun Lütfu,tr
Yasuo's Bladework,Yasuo'nun Kılıç Sanatı,tr
Yasuo's Boon,Yasuo'nun Lütfu,tr
Yasuo's Golden Hex,Yasuo'nun Altın Hücresi,tr
Yasuo's Share The Spotlight,Yasuo'nun İlgi Budalası Eklentisi,tr
Yasuo: Împarte centrul atenției,Yasuo'nun İlgi Budalası Eklentisi,tr
Yasuos Goldfeld,Yasuo'nun Altın Hücresi,tr
Yasuos Klingentanz,Yasuo'nun Kılıç Sanatı,tr
Yasuos Segen,Yasuo'nun Lütfu,tr
Yasuos „Teile das Rampenlicht“,Yasuo'nun İlgi Budalası Eklentisi,tr
Yasuovo mistrovství meče,Yasuo'nun Kılıç Sanatı,tr
Yasuovo zlaté pole,Yasuo'nun Altın Hücresi,tr
Yasuův dar,Yasuo'nun Lütfu,tr
Yasuův Široký paprsek,Yasuo'nun İlgi Budalası Eklentisi,tr
Yelmo Adaptable,Değişken Miğfer,tr
Yelmo adaptable,Değişken Miğfer,tr
Yelmo sombrío,Yağmacı,tr
You Have My Bow,Yayım Yayındır,tr
Za jakou cenu,Ne Pahasına?,tr
Zaangażowanie,Yatırımın Getirisi,tr
Zaawansowana Pożyczka,Yüklü Borç,tr
Zabiják obrů,Dev Katili,tr
Zabójca do Wynajęcia,Kiralık Katil,tr
Zabójczy Kapelusz Rabadona,Rabadon'un Şapkası,tr
Zagracony Umysł,Zihin Bulanıklığı,tr
Zagłada,Pesimist,tr
Zakopane Skarby,Gömülü Hazineler,tr
Zakopané poklady,Gömülü Hazineler,tr
Zamiř ke hvězdám,Yıldızlara Uzan,tr
Zaměřovací optika,Hedefe Kilitlenen Optik,tr
Zaneprázdněná mysl,Zihin Bulanıklığı,tr
Zapora Przedniej Formacji,Dayanıklı Ön Sıra,tr
Zapovězená modla,Yasak İdol,tr
Zaprzepaszczona Znajomość,Tanışma Toplantısı,tr
Zapuszczanie Korzeni,Yayılan Kökler,tr
Zasłona Równości,Denge Örtüsü,tr
Zbiry,Sinsi,tr
Zbytečně dlouhá hůl,Aşırı Büyük Sopa,tr
Zdobená pěstnice,Mücevherli Eldiven,tr
Zdobený květ,Mücevherli Nilüfer,tr
Zdrang!,Bonk!,tr
Zed,Zed,tr
Zed,İstilacı Zed,tr
Zed Invasor,İstilacı Zed,tr
Zed Invasore,İstilacı Zed,tr
Zed Kẻ Xâm Lăng,İstilacı Zed,tr
Zefir,Karayel,tr
Zefiro,Karayel,tr
Zefír,Karayel,tr
Zeitbrecher,Zamankıran,tr
Zeitbrecher-Emblem,Zamankıran Amblemi,tr
Zeița armelor,Çelik İntikam,tr
Zeke hírnöke,Zeke'nin Sancağı,tr
Zeke komor hírnöke,Zeke'nin Kasvetli Sancağı,tr
Zeke's Bleak Herald,Zeke'nin Kasvetli Sancağı,tr
Zeke's Herald,Zeke'nin Sancağı,tr
Zekes Herold,Zeke'nin Sancağı,tr
Zekes düsterer Herold,Zeke'nin Kasvetli Sancağı,tr
Zekeův pochmurný posel,Zeke'nin Kasvetli Sancağı,tr
Zekeův posel,Zeke'nin Sancağı,tr
Zephir,Karayel,tr
Zephyr,Karayel,tr
Zesílení do závěru hry,İleri Safha Gücü,tr
Zhouba lichů,Lich Boğan,tr
Zielerfassungslinse,Hedefe Kilitlenen Optik,tr
Zjazd Urodzinowy,Doğum Günü Buluşması,tr
Zkázonoš,Pesimist,tr
Zlaté vejce,Altın Yumurta,tr
Zlatý drak,Altın Ejder,tr
Zlatý hod,Altın Riski,tr
Zlatý monzun,Gökten Yağan Altın,tr
Zlodějské rukavice,Hırsız Eldiveni,tr
Zlodějíček,Arakla,tr
Zmora Licza,Lich Boğan,tr
Zoe,Zoe,tr
Zorn des Kraken,Kraken'in Öfkesi,tr
Zoé,Zoe,tr
Zrcadlová osobnost,Benlik Aynası,tr
Zručná výroba,El Emeği Göz Nuru,tr
Zrádné upírské žezlo,Yozlaşmış Vampirî Asa,tr
Zsivány,Sinsi,tr
Zsivány embléma,Sinsi Amblemi,tr
Zsúfolt elme,Zihin Bulanıklığı,tr
Ztracené konexe,Tanışma Toplantısı,tr
Zu etwas nütze,Kedi Olalı Bir Fare,tr
Zu viel Wert,İki Elin Sesi Var,tr
Zu welchem Preis,Ne Pahasına?,tr
Zu zäh,Şok Dayanıklı,tr
Zumito de la risa,Şapkat Nektarı,tr
Zusammenarbeit,Takım Çalışması,tr
Zwillingswächter,İkiz Muhafızlar,tr
Zwycięstwo Viktora z Arcane,Viktor'un Sihri,tr
Zz'Rot Portal,Zz'Rot Kapısı,tr
Zz'Rot-Portal,Zz'Rot Kapısı,tr
Zz'Rot-kapu,Zz'Rot Kapısı,tr
Zákeřná monetizace,Kötü Niyetli Kazanç,tr
Základ přední řady,Dayanıklı Ön Sıra,tr
Záložní luky,Yedek Yaylar,tr
Záporozó könnyek,Akan Gözyaşları,tr
Závěrečný spurt,Hızlı Yükseliş,tr
Zářivý rošťák,Işıltılı Serseri,tr
Zéfiro,Karayel,tr
Zéphyr,Karayel,tr
Zügiger Doppelkill,Hızlı İkide İki,tr
Ząb Nashora,Nashor'un Dişi,tr
Złote Jajo,Altın Yumurta,tr
Złote Pole Yasuo,Yasuo'nun Altın Hücresi,tr
Złote Ryzyko,Altın Riski,tr
Złoty Smok,Altın Ejder,tr
Złowroga Monetyzacja,Kötü Niyetli Kazanç,tr
¡Bonk!,Bonk!,tr
¡Estadísticas a tutiplén!,Tonlarca Nitelik!,tr
¡Milestadísticas!,Tonlarca Nitelik!,tr
¡Pum!,Bonk!,tr
¡Sube de nivel!,Seviye Atla!,tr
¡Subes de nivel!,Seviye Atla!,tr
¿A qué precio?,Ne Pahasına?,tr
¿Hacemos un Muñeco?,Kuklaya Dönüştür,tr
¿Te Sientes con Suerte?,Şans Benimle,tr
À toute meepesse,Süper Hızlı Micin,tr
Ábrete Camino,Bir Yol Çiz,tr
Ác Nữ,Karanlık Leydi,tr
Állhatatos szív,Kararlı Yürek,tr
Ám Ảnh Của Varus,Varus'un Saplantısı,tr
Ánima,Anima,tr
Áo Choàng Bóng Tối,Gecenin Kıyısı,tr
Áo Choàng Bạc,Negatron Pelerini,tr
Áo Choàng Chiến Thuật,Strateji Ustası Pelerini,tr
Áo Choàng Diệt Vong,Sonsuz Çaresizlik,tr
Áo Choàng Gai,Dikenli Yelek,tr
Áo Choàng Lửa,Günateşi Pelerini,tr
Áo Choàng Mờ Ám,Gizemli Trençkot,tr
Áo Choàng Thủy Ngân,Cıva,tr
Áo Choàng Tĩnh Lặng,Sükûnet Örtüsü,tr
Árbitro,Hâkim,tr
Árnybáb,Gölge Kukla,tr
Árvore de Características,Özellik Ağacı,tr
Ân Huệ Của Ahri,Ahri'nin Lütfu,tr
Ân Huệ Của Aurelion Sol,Aurelion Sol'ün Lütfu,tr
Ân Huệ Của Ekko,Ekko'nun Lütfu,tr
Ân Huệ Của Evelynn,Evelynn'in Lütfu,tr
Ân Huệ Của Kayle,Kayle'ın Lütfu,tr
Ân Huệ Của Soraka,Soraka'nın Lütfu,tr
Ân Huệ Của Thresh,Thresh'in Lütfu,tr
Ân Huệ Của Varus,Varus'un Lütfu,tr
Ân Huệ Của Yasuo,Yasuo'nun Lütfu,tr
Ân Huệ Tái Sinh,Dirilme Lütfu,tr
Ägide der Abenddämmerung,Alacakaranlık Kalkanı,tr
Ägide der Morgendämmerung,Şafak Kalkanı,tr
Échos réparateurs,Şifalı Yankılar,tr
Édes falatok,Tatlı Atıştırmalıklar,tr
Égida del Amanecer,Şafak Kalkanı,tr
Égida del Ocaso,Alacakaranlık Kalkanı,tr
Égida del amanecer,Şafak Kalkanı,tr
Égida del anochecer,Alacakaranlık Kalkanı,tr
Égide da Alvorada,Şafak Kalkanı,tr
Égide de l'aube,Şafak Kalkanı,tr
Égide do Crepúsculo,Alacakaranlık Kalkanı,tr
Égide du crépuscule,Alacakaranlık Kalkanı,tr
Électrocharge,Elektroşarj,tr
Élharcos,Öncü,tr
Élharcos embléma,Öncü Amblemi,tr
Énke,Micingil,tr
Énke embléma,Micingil Amblemi,tr
Énkesebesség,Süper Hızlı Micin,tr
Énkike,Micincik,tr
Época,Yeni Çağ,tr
Építhető kísérő,Tam Donanımlı,tr
Éradicateur,Yok Edici,tr
Étincelle ionique,İyon Kıvılcımı,tr
Éveil de l'âme,Ruh Uyanışı,tr
Éxito Crítico,Kritik Başarı,tr
Éxito crítico,Kritik Başarı,tr
Ídolo Prohibido,Yasak İdol,tr
Ídolo Proibido,Yasak İdol,tr
Ídolo prohibido,Yasak İdol,tr
Îmbrâncire,Anı Yaşa,tr
Îmbrățișare de grup,Grup Kucaklaşması,tr
Împrumut avansat,Yüklü Borç,tr
În echipă,Takım Çalışması,tr
Încărcare electrică,Elektroşarj,tr
Înfățișarea sufletului,Ruh Gömleği,tr
Întețește focul,Alevleri Körükle,tr
Învingătorii iau totul,Ödüllü Müsabaka,tr
Învățături timpurii,İlk Öğretiler,tr
Óptica de Fijación de Objetivo,Hedefe Kilitlenen Optik,tr
Óptica de fijado de objetivos,Hedefe Kilitlenen Optik,tr
Óriásölő,Dev Katili,tr
Ô Hoàng Kim của Yasuo,Yasuo'nun Altın Hücresi,tr
Ôm Tập Thể,Grup Kucaklaşması,tr
Örök paktum,Ebedi Anlaşma,tr
Összetartunk,Birliğin Gücü,tr
Összetevőrablás,Bileşen Eşya Soygunu,tr
Össztűz,Odaklı Ateş,tr
Ösztönző medál,Zindelik Broşu,tr
Övszállítmány,Kemer Fazlalığı,tr
Újonc,Taze Kan,tr
Újraalkotó,Evriştirici,tr
Újrahasznosító láda,Mal Kurtarma,tr
Újrasorsolás napestig,Durmadan Yenile,tr
Últimas palabras,Son Fısıltı,tr
Último Suspiro,Son Fısıltı,tr
Último Sussurro,Son Fısıltı,tr
Úsměv štěstěny,Şans Benimle,tr
Úsvit nad Stříbromořím,Gümüşgöl Şafağı,tr
Útočníkův řemdih,Hücum Gürzü,tr
Úvodní poznatky,İlk Öğretiler,tr
Übergroßer Stab,Aşırı Büyük Sopa,tr
Überlebender,Sona Kalanlar,tr
Übungspuppe,Hedef Kuklası,tr
Ürességkesztyű,Hiçlik Eldiveni,tr
Ý Chỉ Xích Chùy,Gürzün Dileği,tr
Ăn Mòn,Korozyon,tr
Ăn Trộm,Arakla,tr
Čekající kovárna,Ocağı Harla,tr
Čepel smrti,Ölüm Kılıcı,tr
Červený buff,Kırmızı Güçlendirme,tr
Čistá mysl,Zihin Açıklığı,tr
Částečné vyzdvižení,Kısmi Yükseliş,tr
Đai Khổng Lồ,Dev Kemeri,tr
Đam Mê Gậy,Sopa Fazlalığı,tr
Đam Mê Kiếm,Kılıç Fazlalığı,tr
Đam Mê Đai Lưng,Kemer Fazlalığı,tr
Đao Chớp,Tezbıçak,tr
Đao Tím,Aklın Sonu,tr
Đo Ni Đóng Giày,Şanslı Eldiven,tr
Đá Hắc Hóa,Felaket Mücevheri,tr
Đánh Là Trúng,Aradığını Bul,tr
Đường Ra Trận,Savaş Yolu,tr
Được Này Mất Kia,Kedi Olalı Bir Fare,tr
Đại Bác Liên Thanh,Bombardıman Topu,tr
Đấu Sĩ,Dövüşçü,tr
Đầu Tư,Yatırımın Getirisi,tr
Đẩy Nhanh Tiến Độ,Daimi Yükseliş,tr
Đặc Quyền Phú Gia,Eşsiz Deneyim,tr
Định Mệnh,Kaderbaz,tr
Đồng Minh Của Bụt,Koruyucunun Müttefiki,tr
Độc Hành,Sürgünler,tr
Đội Hình Tối Ưu,Azami Dizilim,tr
Động Cơ Tăng Tốc,Mekanik Hızlandırıcı,tr
Ładunek Elektryczny,Elektroşarj,tr
Łamacze Czasu,Zamankıran,tr
Ławka Pandory,Pandora'nın Yedekleri,tr
Łubudu!,Bonk!,tr
Łuki Zapasowe,Yedek Yaylar,tr
Łut Szczęścia,Şans Benimle,tr
Łza Bogini,Tanrıça'nın Gözyaşı,tr
Łącze Cybernetyczne,Sibernetik Aktarım,tr
Łącze Drona,Dron Bağlantısı,tr
Œuf d'or,Altın Yumurta,tr
Říční krab,Yampiri Yengeç,tr
Ślubowanie Protektora,Muhafızın Adağı,tr
Świetliste Wywyższenie Kayle,Kayle'ın Işıltılı Yüceliği,tr
Świetlisty Szelma,Işıltılı Serseri,tr
Świeży Wyrób,Özel Yapım,tr
Świt Srebrzystej,Gümüşgöl Şafağı,tr
Šplhání žebříčkem,Tırmanışa Devam,tr
Štít soumraku,Alacakaranlık Kalkanı,tr
Štít úsvitu,Şafak Kalkanı,tr
Šťáva Cappa,Şapkat Nektarı,tr
Űrzúzda,Uzayın Ritmi,tr
Űrzúzda embléma,Uzayın Ritmi Amblemi,tr
Żelazne Zasoby,Kıymetli Metaller,tr
Żywa Kuźnia,Yaşayan Ocak,tr
Żywe Srebro,Cıva,tr
Železné vybavení,Kıymetli Metaller,tr
Živoucí kovárna,Yaşayan Ocak,tr
Žoldnéř,Yağmacı,tr
Žďuch!,Bonk!,tr
Țesător al destinului,Kaderbaz,tr
Țintește spre stele,Yıldızlara Uzan,tr
Άατροξ,Aatrox,tr
Άνιμα,Anima,tr
Άξιζε η Αναμονή,Beklemeye Değer,tr
Έζρεαλ,Ezreal,tr
Έμβλημα N.O.V.A.,N.O.V.A. Amblemi,tr
Έμβλημα Άνιμα,Anima Amblemi,tr
Έμβλημα Αστρομάντη,Yıldız Gözlemcisi Amblemi,tr
Έμβλημα Βοσκού,Kılavuz Amblemi,tr
Έμβλημα Διεκδικητή,Atılgan Amblemi,tr
Έμβλημα Ελεύθερου Σκοπευτή,Keskin Nişancı Amblemi,tr
Έμβλημα Εμπροσθοφυλακής,Öncü Amblemi,tr
Έμβλημα Καβγατζή,Dövüşçü Amblemi,tr
Έμβλημα Κριτή,Hâkim Amblemi,tr
Έμβλημα Μιπ,Micingil Amblemi,tr
Έμβλημα Πριμόρντιαν,Primordia'lı Amblemi,tr
Έμβλημα Σελασπίδας,Lightshield Arması,tr
Έμβλημα Σκοτεινού Ιππότη,Yağmacı Amblemi,tr
Έμβλημα Ταξιδευτή,Seyyah Amblemi,tr
Έμβλημα Χρονοθραύστη,Zamankıran Amblemi,tr
Έμβλημα του Αλήτη,Sinsi Amblemi,tr
Έμβλημα του Διαστημικού Ρυθμού,Uzayın Ritmi Amblemi,tr
Έμβλημα του Προτειχίσματος,Müdafi Amblemi,tr
Έμβλημα του Σκοτεινού Άστρου,Sonsuz Karanlık Amblemi,tr
Έμβλημα των Σιδηρών Σολάρι,Demir Solari'nin Broşu,tr
Ένα Κομμάτι Ζωή,Hayattan Bir Kesit,tr
"Ένα, Δύο, Πέντε!","Bir, İki, Beş!",tr
"Ένα, Δύο, Τρία",Bir İki Üç,tr
Όλεθρος των Απέθαντων,Lich Boğan,tr
Όρκος του Ιππότη,Şövalyenin Adağı,tr
Όρκος του Υπερασπιστή,Muhafızın Adağı,tr
Όψη Πνευμάτων,Ruh Gömleği,tr
Ύποπτη Καπαρντίνα,Gizemli Trençkot,tr
Αγωγός,Medyum,tr
Αδάμαστος,Yenilmez,tr
Αιγίδα της Αυγής,Şafak Kalkanı,tr
Αιγίδα του Δειλινού,Alacakaranlık Kalkanı,tr
Αιμοδιψής,Kanasusamış,tr
Αιχμή του Απείρου,Ebedi Kılıç,tr
Αιώνας,Yeni Çağ,tr
Αιώνια Διαθήκη,Ebedi Anlaşma,tr
Ακάλι,Akali,tr
Ακλόνητη Καρδιά,Kararlı Yürek,tr
Αλήτης,Sinsi,tr
Αμοιβαίο Κεφάλαιο,Serbest Yatırım Fonu,tr
Ανέλιξη,Daimi Yükseliş,tr
Αναλογική αύξηση προς το τέλος του παιχνιδιού,İleri Safha Gücü,tr
Αναμονή του Απροσδόκητου,Beklenen Beklenmezlik,tr
Ανασυνδυαστής,Evriştirici,tr
Ανεβαίνοντας στην Κατάταξη,Tırmanışa Devam,tr
Ανταπόδοση,Adaletin Yumruğu,tr
Αντιγραφέας,Replikacı,tr
Αντικείμενα Πανδώρας,Pandora'nın Eşyaları,tr
Απέραντη Απόγνωση,Sonsuz Çaresizlik,tr
Απαγορευμένο Είδωλο,Yasak İdol,tr
Απατεώνας,Dümenci,tr
Απλωμένες Ρίζες,Yayılan Kökler,tr
Αποθεωτικό Σιδηρουργείο,Ulvi Ocak,tr
Αποκλειστική Προσαρμογή,Kişiselleştirme Fırsatı,tr
Απομίμηση,Kopyalama Süreci,tr
Αποφασιστικότητα του Τιτάνα,Titanın Azmi,tr
Αρετή του Μάρτυρα,Fedakârlığın Erdemi,tr
Ασημένιο Κουτάλι,Eşsiz Deneyim,tr
Ασπίδα για Έναν,Yalnız Zırh,tr
Ασπίδα του Συμβούλου,Strateji Ustası Kalkanı,tr
Αστρικός Συνδυασμός,Yıldız Kombosu,tr
Αστρομάντης,Yıldız Gözlemcisi,tr
Ατσάλινοι Πόροι,Kıymetli Metaller,tr
Αυγή στο Σίλβερμιρ,Gümüşgöl Şafağı,tr
Αυτοσχέδια Πανοπλία,Eğreti Zırh,tr
Αφύπνιση Ψυχής,Ruh Uyanışı,tr
Βάρα και Σκάσε,Aradığını Bul,tr
Βάρδος,Bard,tr
Βέιγκαρ,Veigar,tr
Βίκτορ,Viktor,tr
Βίκτορ της Απόκρυφης Γνώσης,Viktor'un Sihri,tr
Βαρύ Τίμημα,Ne Pahasına?,tr
Βελτιστοποίηση,Kusursuzluk Arayışı,tr
Βεξ,Vex,tr
Βιονικά Εμφυτεύματα,Sibernetik İmplant,tr
Βιονική Ζεύξη,Sibernetik Aktarım,tr
Βοσκός,Kılavuz,tr
Βρες Το Κέντρο Σου,Merkezini Bul,tr
Γ.Μ.Τ. Σπαθί,TEK Kılıcı,tr
Γάντι του Κενού,Hiçlik Eldiveni,tr
Γάντια Μονομαχίας,İdman Eldiveni,tr
Γάντια του Κλέφτη,Hırsız Eldiveni,tr
Γάντια του Φούρναρη,Pofuduk Eldiven,tr
Γαλαξιακός Κυνηγός,Galaksi Avcısı,tr
Γαριδρομέας,Yampiri Yengeç,tr
Γιαταγάνι Φαντασμάτων,Hortlak Palası,tr
Γκναρ,Gnar,tr
Γκουέν,Gwen,tr
Γκράγκας,Gragas,tr
Γκρέιβς,Graves,tr
Γκόλεμ,Golem,tr
Γνωσιακή Υπερφόρτιση,Bilişsel Patlama,tr
Γνωσιακό Κόστος,Bilişsel Vergi,tr
Γρήγορη Διπλή Εξόντωση,Hızlı İkide İki,tr
Γρήγορη Εκκίνηση,Hızlı Başlangıç,tr
Δάκρυ της Θεάς,Tanrıça'nın Gözyaşı,tr
Δάνειο για προχωρημένους,Yüklü Borç,tr
Δίδυμοι Φύλακες,İkiz Muhafızlar,tr
Δεν Υποχωρούμε,Safları Koru,tr
Δεσμευτική Στρατηγική,Sadakat,tr
Διάβρωση,Korozyon,tr
Διάταξη,Dizilim,tr
Διαδρομή Πολέμου,Savaş Yolu,tr
Διαστημικός Ρυθμός,Uzayın Ritmi,tr
Διεκδικητής,Atılgan,tr
Διεφθαρμένο Βαμπιρικό Σκήπτρο,Yozlaşmış Vampirî Asa,tr
Διοικήτρια Άνιμα,Anima Komutanı,tr
Διοικητής,Komutan,tr
Διπλή Αξία,İki Elin Sesi Var,tr
Δοκίμασε Την Τύχη Σου,Şans Benimle,tr
Δόντι του Νάσορ,Nashor'un Dişi,tr
Δόρυ του Σοτζίν,Shojin'in Mızrağı,tr
Δύο Ντούκια,Şok Dayanıklı,tr
Δώρο Γενεθλίων,Doğum Günü Hediyesi,tr
Δώσε,Anı Yaşa,tr
Εδραιωμένη Εμπροσθοφυλακή,Dayanıklı Ön Sıra,tr
Εδώ οι Καλές Ενισχύσεις,İki Kat Güçlendirme,tr
Εδώ το Παραδάκι,Paragöz,tr
Ειδικός Τελικών Σταδίων Παιχνιδιού,İleri Safhalarda Görüşürüz,tr
Εισβολέας Ζεντ,İstilacı Zed,tr
Εκπαίδευση Σωματοφύλακα,Koruma Eğitimi,tr
Εκπτώσεις-φωτιά,Zararına Satış,tr
Εκρηκτική Ανάπτυξη,Ani Büyüme,tr
Εκστρατεία,Keşif Gezisi,tr
Ελαφρώς Μαγική Ζαριά,Kısmen Büyülü Zar,tr
Ελεύθερος Σκοπευτής,Keskin Nişancı,tr
Εμπορικός Πυρήνας,Ticaretin Özü,tr
Εμπορικός Τομέας,Ticaret Bölgesi,tr
Εμπροσθοφυλακή,Öncü,tr
Ενισχυμένη Ισχύς,Gelişmiş Güç,tr
Εξολοθρευτής,Yok Edici,tr
Εξόριστοι,Sürgünler,tr
Εξύψωση,Yükseliş,tr
Επέκταση,Dallan Budaklan,tr
Επένδυση,Yatırımın Getirisi,tr
Επίχρυσο Ατσάλι,Yaldızlı Çelik,tr
Επαγγελματίας Δολοφόνος,Kiralık Katil,tr
Επαγγελματίας Μαχητής,Ödüllü Müsabaka,tr
Επανεκκίνηση Αποστολής,Tekrar Dene,tr
Επιζών,Sona Kalanlar,tr
Επικίνδυνες Κινήσεις,Kaz Gelecek Yerden...,tr
Επικό Μπαρμπούτι,Destansı Yenileme,tr
Επιλέξτε Χαρακτηριστικό,Özellik Seç,tr
Επόμενη Πίστα!,Seviye Atla!,tr
Εστιασμένο Πυρ,Odaklı Ateş,tr
Ευελιξία,Esnek,tr
Ευλογία Ανάστασης,Dirilme Lütfu,tr
Ευλογία του Νταή,Hurdacının Lütfu,tr
Ευπροσάρμοστο Κράνος,Değişken Miğfer,tr
Εφεδρικά Τόξα,Yedek Yaylar,tr
Ζάια,Xayah,tr
Ζέφυρος,Karayel,tr
Ζεντ,Zed,tr
Ζεύξη με Ντρόουν,Dron Bağlantısı,tr
Ζοφερός Κήρυκας του Ζέκε,Zeke'nin Kasvetli Sancağı,tr
Ζωντανή Πυρά,Yaşayan Ocak,tr
Ζόη,Zoe,tr
Ζώνη του Γίγαντα,Dev Kemeri,tr
Η Έξαρση της Κέιλ,Kayle'ın Yüceliği,tr
Η Ακτινοβόλος Έξαρση της Κέιλ,Kayle'ın Işıltılı Yüceliği,tr
Η Αύρα της Άρι,Ahri'nin Haresi,tr
Η Εμμονή του Βάρους,Varus'un Saplantısı,tr
Η Μεγάλη Έκρηξη,Büyük Patlama,tr
Η Ξιφασκία του Υασούο,Yasuo'nun Kılıç Sanatı,tr
Η Υπομονή Είναι Αρετή,Sabır Erdemdir,tr
Η Υπομονή του Έκκο,Ekko'nun Sabrı,tr
Η Ψυχή του Πάρτι,Parti Patisi,tr
Η ομάδα πάνω απ' όλα,Takım Çalışması,tr
Ηλεκτροφόρτιση,Elektroşarj,tr
Ημιαγωγός,Yarı İletken,tr
Ηρωικός Σάκος Δώρων,Kahraman Çekilişi,tr
Θέατρο Σκιών,Gölge Kukla,tr
Θέληση του Ροπάλου,Gürzün Dileği,tr
Θαμμένοι Θησαυροί,Gömülü Hazineler,tr
Θανάσιμα Καπέλα,Güçlü Şapkalar,tr
Θεά των Όπλων,Çelik İntikam,tr
Θεϊκή Ευλογία,Hükümdarın Seçimi,tr
Θεϊκός Μονομάχος,Ulvi Düellocu,tr
Θυσία Αίματος,Kan Adağı,tr
Θώρακας Κισσού,Dikenli Yelek,tr
Ιαματικός Αντίλαλος,Şifalı Yankılar,tr
Ιλλαόη,Illaoi,tr
Ιστορική Ανατροπή,Büyük Dönüş,tr
Ιόνιος Σπίθα,İyon Kıvılcımı,tr
Κάδος με Παλιοσίδερα,Mal Kurtarma,tr
Κάι'Σα,Kai'Sa,tr
Κάλεσμα στο Χάος,Şanslı Hissediyorum,tr
Κάπα του Συμβούλου,Strateji Ustası Pelerini,tr
Κάρμα,Karma,tr
Κάτι Κάνω και Εγώ,Kedi Olalı Bir Fare,tr
Κέιτλιν,Caitlyn,tr
Κήρυκας του Ζέκε,Zeke'nin Sancağı,tr
Κίντρεντ,Kindred,tr
Καβγατζής,Dövüşçü,tr
Καθαρό Μυαλό,Zihin Açıklığı,tr
Κακόβουλα Έσοδα,Kötü Niyetli Kazanç,tr
Καλά Φιλαράκια,Can Dostları,tr
Κανόνι από Γυαλί,Güçlü Ama Kırılgan,tr
Καπέλο του Ράμπαντον,Rabadon'un Şapkası,tr
Καρδιά από Ατσάλι,Çelikten Yürek,tr
Καταιγίδα του Λούντεν,Luden'in Çığlığı,tr
Καταναλωτική Μανία,Alışveriş Çılgınlığı,tr
Καταραμένη Λεπίδα,Lanetli Kılıç,tr
Καταραμένο Πετράδι,Felaket Mücevheri,tr
Καταραμένο Στέμμα,Lanetli Taç,tr
Καταστροφέας,Pesimist,tr
Κατοπτρισμένη Προσωπικότητα,Benlik Aynası,tr
Κατώτερη Κατοπτρισμένη Προσωπικότητα,Küçük Benlik Aynası,tr
Καχουναχούνα,Saklı Gerçek,tr
Κολοσσιαία Ύδρα,Haşmetli Hydra,tr
Κοσμική Επανεκκίνηση,Kozmik Başlangıç,tr
Κουζίνα του Συμβούλου,Strateji Ustasının Mutfağı,tr
Κουκλοποίηση,Kuklaya Dönüştür,tr
Κούκλα Εκπαίδευσης,Hedef Kuklası,tr
Κούκλες Δοκιμής Σύγκρουσης,Kukla Yağmuru!,tr
Κρίσιμη Επιτυχία,Kritik Başarı,tr
Κριτής,Hâkim,tr
Κρυφό Εργαστήριο,Ocağı Harla,tr
Κυνήγι Θησαυρού,Hazine Avı,tr
Κυρτό Τόξο,Nişancı Yayı,tr
Κόκκινη Ενίσχυση,Kırmızı Güçlendirme,tr
Κόπανος Εφόδου,Hücum Gürzü,tr
Κόρκι,Corki,tr
Κύπελλο της Δύναμης,Güç Kadehi,tr
ΛεΜπλάν,LeBlanc,tr
Λεγεώνα των Τριών,Üçler Ordusu,tr
Λειτουργία Αγωγού,Medyum Modu,tr
Λειτουργία Αντιγραφέα,Replikacı Modu,tr
Λειτουργία Διεκδικητή,Atılgan Modu,tr
Λελογισμένη Ήττα,Planlı Mağlubiyet,tr
Λεπίδα Θανάτου,Ölüm Kılıcı,tr
Λεπίδα της Νύχτας,Gecenin Kıyısı,tr
Λεόνα,Leona,tr
Ληστεία Συστατικών,Bileşen Eşya Soygunu,tr
Λισάντρα,Lissandra,tr
Λογαριασμός Ταμιευτηρίου,Birikim Hesabı,tr
Λούλου,Lulu,tr
Λυτρωτής,Arındırıcı,tr
Μάζωξη γενεθλίων,Doğum Günü Buluşması,tr
Μάντης,Kâhin,tr
Μάστερ Γι,Master Yi,tr
Μέγιστο Build,Azami Dizilim,tr
Μένουμε Ενωμένοι,Birliğin Gücü,tr
Μίλιο,Milio,tr
Μίνι Μαύρη Τρύπα,Mini Kara Delik,tr
Μαγική Ζαριά,Büyülü Zarlar,tr
Μαγικό Υφαντό,Dokuma Büyü,tr
Μαγοτεχνικό Σπαθοπίστολο,Hextech Silahkılıç,tr
Μαζί Ενωμένοι,Birlikten Kuvvet Doğar,tr
Μαζί στο Φως των Προβολέων του Υασούο,Yasuo'nun İlgi Budalası Eklentisi,tr
Μαθήματα Πυγμαχίας,Boks Dersi,tr
Μανδύας Εξουδετέρωσης,Negatron Pelerini,tr
Μανδύας του Ήλιου,Günateşi Pelerini,tr
Μαοκάι,Maokai,tr
Μεγάλοι Και Τρανοί,Devasa ve Güçlü,tr
Μερική Εξύψωση,Kısmi Yükseliş,tr
Μεταφορά Φορτίου,Yük Aktarımı,tr
Μια Ένδοξη Περιπέτεια,Haşmetli Macera,tr
Μικροί Στο Μάτι,Minik Ama Ölümcül,tr
Μικροσκοπικοί Τιτάνες,Minik Devler,tr
Μικρούληδες Φίλοι,Minik Dostlar,tr
Μικρός Σάκος Δώρων,Ufak Çekiliş,tr
Μιπ,Micingil,tr
Μιπίδιο,Micincik,tr
Μις Φόρτσουν,Miss Fortune,tr
Μοργκάνα,Morgana,tr
Μορελονομικόν,Morellonomikon,tr
Μορντεκάιζερ,Mordekaiser,tr
Μπελ'Βεθ,Bel'Veth,tr
Μπλίτζκρανκ,Blitzcrank,tr
Μπλε Ενίσχυση,Mavi Güçlendirme,tr
Μπονκ!,Bonk!,tr
Μπράιαρ,Briar,tr
Νάμι,Nami,tr
Νάσους,Nasus,tr
Νεοσύλλεκτος,Taze Kan,tr
Νούνου και Γουίλαμπ,Nunu ve Willump,tr
Ντιάνα,Diana,tr
Ντόρτια,Dört Dörtlük,tr
Νύχι του Δράκου,Ejder Pençesi,tr
Νύχια του Λωποδύτη,Sinsi Pençe,tr
Ο Δολοφόνος που δεν Κάνει Διακρίσεις,Herkesin Katili,tr
Ο Πάγκος της Πανδώρας,Pandora'nın Yedekleri,tr
Ο Πρωταγωνιστής δεν Πεθαίνει,Ana Karaktere Bir Şey Olmaz,tr
Ο Πύργος,Kule,tr
Ο Χρυσός Δράκος,Altın Ejder,tr
Ο πιο Μικροσκοπικός Τιτάνας,En Minik Dev,tr
"ΟΧΙ ΠΑΡΑΚΟΛΟΥΘ., ΟΧΙ ΑΛΛΑΓΕΣ",Yolumdan Dönmem,tr
Οι Απροσάρμοστοι,Uyumsuzlar,tr
"Οικονόμος, όχι Τσιγκούνης",Akıllı Harcama,tr
Ολοκαίνουργιο,Özel Yapım,tr
Ομαδική Αγκαλιά,Grup Kucaklaşması,tr
Οπτικά Συστήματα Στόχευσης,Hedefe Kilitlenen Optik,tr
Οργή του Κράκεν,Kraken'in Öfkesi,tr
Οργανικό Εμφύτευμα,Sinir İmplantı,tr
Οργισμένο Σπαθί του Γκουίνσου,Guinsoo'nun Hiddeti,tr
Ορν,Ornn,tr
Ουρά Αναμονής Για Δύο,Çifte Ödül,tr
Ούργκοτ,Urgot,tr
Πάικ,Pyke,tr
Πάνθεον,Pantheon,tr
Πέπλο Δειλινού,Denge Örtüsü,tr
Πέπλο της Σιωπής,Sükûnet Örtüsü,tr
Πέτρινη Πανοπλία του Γκαργκόιλ,Gargoyl Taşzırhı,tr
Πακέτο Ενίσχυσης,Takviye Paketi,tr
Πακέτο Φροντίδας,İhtiyaç Paketi,tr
Πανοπλία του Γόρμογκ,Warmog'un Zırhı,tr
Παρανοϊκό Ξίφος,Aklın Sonu,tr
Παρασιτική Ζωτικότητα,Vampirî Zindelik,tr
Παρενέργειες,Yan Etkiler,tr
Περίσσευμα Ζωνών,Kemer Fazlalığı,tr
Περίσσευμα Ραβδιών,Sopa Fazlalığı,tr
Περίσσευμα Σπαθιών,Kılıç Fazlalığı,tr
Περίτεχνη Δημιουργία,El Emeği Göz Nuru,tr
Περικάρπιο του Ερευνητή,Maceracının Pazubendi,tr
Περιττά Τεράστια Ράβδος,Aşırı Büyük Sopa,tr
Περπάτα στα Κάρβουνα,Alevleri Körükle,tr
Πετραδένιο Γάντι,Mücevherli Eldiven,tr
Πετραδένιος Λωτός,Mücevherli Nilüfer,tr
Πηγαίνοντας Μακριά,Gözü Yükseklerde,tr
Πιο Θανάσιμες Λεπίδες,Ölümcül Bıçaklar,tr
Πλέγμα Κακόβουλου Λογισμικού,Kötü Yazılım Matrisi,tr
Πνεύμα Λύτρωσης,Kefaret Ruhu,tr
Πολλά Στατιστικά!,Tonlarca Nitelik!,tr
Πολλές Ανανεώσεις,Durmadan Yenile,tr
Πολυκαιρισμένο Κειμήλιο,Yıpranmış Antika,tr
Πολυτελής Συνδρομή,Lüks Aboneliği,tr
Πολύπλευρο Κέρδος,Hızlı Yükseliş,tr
Πριμόρντιαν,Primordia'lı,tr
Πρισματικό Εισιτήριο,Prizmatik Bilet,tr
Προνοητική Σκέψη,İleri Görüşlülük,tr
Προστασία από Άπειρο,Ebedi Koruma,tr
Προτείχισμα,Müdafi,tr
Προτείχισμα,Siper,tr
Πρόκληση του Στέρακ,Sterak'ın Güvencesi,tr
Πρώιμες Διδαχές,İlk Öğretiler,tr
Πόπι,Poppy,tr
Πύλη Ζζ'Ροτ,Zz'Rot Kapısı,tr
Ράαστ,Rhaast,tr
Ράβδος του Κενού,Hiçlik Değneği,tr
Ράβδος των Σεραφίμ,Melek Asası,tr
Ράμους,Rammus,tr
Ρίβεν,Riven,tr
Ραβδί Αρχάγγελου,Başmelek Asası,tr
Ρεκ'Σάι,Rek'Sai,tr
Σάκος Δώρων,Eşya Çekilişi,tr
Σάκος Δώρων του Ουρφ,Urf'ün Çekilişi,tr
Σάκος Μεγάλου Κάβουρα,Büyük Çekiliş,tr
Σαμίρα,Samira,tr
Σεν,Shen,tr
Σιδερόπλεκτο Γιλέκο,Zincir Yelek,tr
Σκοτεινή Κυρία,Karanlık Leydi,tr
Σκοτεινό Άστρο,Sonsuz Karanlık,tr
Σκοτεινός Ιππότης,Yağmacı,tr
Σκοτισμένο Μυαλό,Zihin Bulanıklığı,tr
Σμιλεμένο με Δύναμη,Güçle İşlenmiş,tr
Σοκολατάκια,Tatlı Atıştırmalıklar,tr
Σούφρωμα,Arakla,tr
Σπάτουλα,Spatula,tr
Στέμμα του Συμβούλου,Strateji Ustası Tacı,tr
Στεμματοφύλακας,Kraliyet Başlığı,tr
Στιλέτο Στατικού Ηλεκτρισμού,Statikk Hançer,tr
Στόχος μας τα Άστρα,Yıldızlara Uzan,tr
Συγκέντρωση Δυνάμεων,İkinci Şans,tr
Συγκέντρωση Ορίζοντα,Ufukgetiren,tr
Συμμορία,Hırsız Çetesi,tr
Συμμορία II,Hırsız Çetesi II,tr
Συνδρομητική Υπηρεσία,Abonelik Hizmeti,tr
Συνεχής Επίκληση,Sonsuz Büyü,tr
Συντήρηση Βιοΰλης,Biyomalzeme Koruyucusu,tr
Σφαίρες Θεραπείας,Şifalı Küreler,tr
Σχέδιο Οπισθοφυλακής,Arka Sıra Savunması,tr
Σόλο Άνοδος Επιπέδου,Ben Tek Siz Hepiniz,tr
Σόνα,Sona,tr
Σύμμαχος του Οδοιπόρου,Koruyucunun Müttefiki,tr
Σύσφιξη Δεσμών,Ekip Çalışması,tr
Τάλον,Talon,tr
Τίμο,Teemo,tr
Τα Δάκρυα Κύλησαν,Akan Gözyaşları,tr
Ταμ Κεντς,Tahm Kench,tr
Ταμπλό του Ήλιου,Günateşi Tahtası,tr
Ταξιδευτής,Seyyah,tr
Τελευταίος Ψίθυρος,Son Fısıltı,tr
Τερμιπική Ταχύτητα,Süper Hızlı Micin,tr
Τεχνίτης Ραβδιών,Sopa İşçisi,tr
Τεχνίτης Σπαθιών,Kılıç İşçisi,tr
Τζαξ,Jax,tr
Τζιν,Jhin,tr
Τζινξ,Jinx,tr
Τηγάνι,Kızartma Tavası,tr
Τιμή σε Αίμα,Kan Bedeli,tr
Τιμή του Πολέμαρχου,Cengâver Onuru,tr
Το Ένστικτο της Έβελιν,Evelynn'in İçgüdüsü,tr
Το Δέντρο των Χαρακτηριστικών,Özellik Ağacı,tr
Το Δώρο της Άρι,Ahri'nin Lütfu,tr
Το Δώρο της Έβελιν,Evelynn'in Lütfu,tr
Το Δώρο της Κέιλ,Kayle'ın Lütfu,tr
Το Δώρο της Σοράκα,Soraka'nın Lütfu,tr
Το Δώρο του Έκκο,Ekko'nun Lütfu,tr
Το Δώρο του Βάρους,Varus'un Lütfu,tr
Το Δώρο του Θρες,Thresh'in Lütfu,tr
Το Δώρο του Υασούο,Yasuo'nun Lütfu,tr
Το Δώρο του Ωρέλιον Σολ,Aurelion Sol'ün Lütfu,tr
Το Θαύμα της Σοράκα,Soraka'nın Mucizesi,tr
Το Λημέρι του Βαρόνου,Baron'un İni,tr
Το Μέγεθος Μετράει,Boyut Önemli,tr
Το Πανίσχυρο Mech,Muhteşem Meka,tr
Το Στέμμα Είναι Βαρύ,Bu Taç Ağır,tr
Το Τέχνασμα του Ουρφ,Urf Hamlesi,tr
Το Τεσσάρι το Καλό,Dört Seninle Olsun,tr
Το Τόξο μου στη Διάθεσή σου,Yayım Yayındır,tr
Το Φανάρι του Θρες,Thresh'in Feneri,tr
Το Χαρντκόρε Της Αυγής,Şafağın Özü,tr
Το Χρυσό Αυγό,Altın Yumurta,tr
Τονωτικό Μενταγιόν,Zindelik Broşu,tr
Τουίστεντ Φέιτ,Twisted Fate,tr
Τρίδυμο,Üçlük,tr
Τρεμολεπίδες,Tezbıçak,tr
Τσεκούρι της Κόλασης,Cehennem Ateşi Baltası,tr
Τσο'Γκαθ,Cho'Gath,tr
Τυχερά Γάντια,Şanslı Eldiven,tr
Τόμος Χαρακτηριστικών,Özellikler Kitabı,tr
"Τώρα Κλαις, Γιατί Κλαις",Gözyaşları Sel,tr
Τώρα Που Έχω Ρέντα,Yenilemeye Devam,tr
ΥΠΕΡΤΑΧYΤΑΤΟ ΠΥΡ,U.R.F.,tr
Υδράργυρος,Cıva,tr
Υπέρλαμπρος Κατεργάρης,Işıltılı Serseri,tr
Υπομονετική Μελέτη,Hayat Deneyimi,tr
Υφάντρα της Μοίρας,Kaderbaz,tr
Υψηλή Τάση,Yüksek Voltaj,tr
Φαρμάρισμα Αύρας,Zihinsel Hazırlık,tr
Φιζ,Fizz,tr
Φιόρα,Fiora,tr
Φλεγόμενο Ολμοβόλο,Bombardıman Topu,tr
Φολιδωτή Ουσία,Parlakpul Özü,tr
Φονέας Γιγάντων,Dev Katili,tr
Φορητό Εργαστήριο,Taşınabilir Ocak,tr
Φτιάξε Έναν Φίλο,Güçlü Arkadaşlık,tr
Φτιάξε τον Δικό σου Φίλο,Tam Teşekküllü,tr
Φτιάξτε έναν σύντροφο,Tam Donanımlı,tr
Φυλαχτό της Εξύψωσης,Uluların Tılsımı,tr
Χάλκινη για Πάντα,Bronzdan Şaşma,tr
Χέρι της Δικαιοσύνης,Adaletin Eli,tr
Χαμένες Συνδέσεις,Tanışma Toplantısı,tr
Χαράξτε Μονοπάτι,Bir Yol Çiz,tr
Χαρτζιλίκι,Ekmek Parası İşte,tr
Χρηματοθύελλα,Gökten Yağan Altın,tr
Χρονοθραύστης,Zamankıran,tr
Χρυσό Εξάγωνο του Υασούο,Yasuo'nun Altın Hücresi,tr
Χρυσό Ποντάρισμα,Altın Riski,tr
Χυμός Κάπα,Şapkat Nektarı,tr
Ψαροκόκκαλο,Kılçık,tr
Ψυχογενές Έμβλημα,Psionik Amblemi,tr
Ψυχογενής,Psionik,tr
Ωρέλιον Σολ,Aurelion Sol,tr
Ωρολογιακός Επιταχυντής,Mekanik Hızlandırıcı,tr
Ωρόρα,Aurora,tr
Авангард,Öncü,tr
Аврора,Aurora,tr
Агрессивная монетизация,Kötü Niyetli Kazanç,tr
Адаптивный шлем,Değişken Miğfer,tr
Акали,Akali,tr
Арбитр,Hâkim,tr
Арена солнечного пламени,Günateşi Tahtası,tr
Атрокс,Aatrox,tr
Аугментированная сила,Gelişmiş Güç,tr
Аура Ари,Ahri'nin Haresi,tr
Аурелион Сол,Aurelion Sol,tr
Бард,Bard,tr
Башня,Kule,tr
Бел'Вет,Bel'Veth,tr
Бесконечное отчаяние,Sonsuz Çaresizlik,tr
Благословлен.,Hükümdarın Seçimi,tr
Близость удачи,Şans Benimle,tr
Блицкранк,Blitzcrank,tr
Божественный дуэлянт,Ulvi Düellocu,tr
Более смертельные шляпы,Güçlü Şapkalar,tr
Больше – лучше,Boyut Önemli,tr
Большой взрыв,Büyük Patlama,tr
Большой мешок с сюрпризом,Büyük Çekiliş,tr
Боньк!,Bonk!,tr
Брайер,Briar,tr
Бронза навек,Bronzdan Şaşma,tr
Бунтари,Uyumsuzlar,tr
Буря Людена,Luden'in Çığlığı,tr
Бустер,Takviye Paketi,tr
В лучах славы (Ясуо),Yasuo'nun İlgi Budalası Eklentisi,tr
В ударе,Yenilemeye Devam,tr
Варежки,Pofuduk Eldiven,tr
Вверх по головам,Tırmanışa Devam,tr
Вейгар,Veigar,tr
Векс,Vex,tr
Вербовка,Taze Kan,tr
Верное сердце,Kararlı Yürek,tr
Вестник Зика,Zeke'nin Sancağı,tr
Вестник рока,Pesimist,tr
Вечерний покров,Denge Örtüsü,tr
Вечное обновление,Durmadan Yenile,tr
Вечный договор,Ebedi Anlaşma,tr
Взрывной рост,Ani Büyüme,tr
Виктор,Viktor,tr
Возвышение Кейл,Kayle'ın Yüceliği,tr
Возмездие,Adaletin Yumruğu,tr
Вознесение,Yükseliş,tr
Волевая победа,Büyük Dönüş,tr
Воля булавы,Gürzün Dileği,tr
Воровская шайка,Hırsız Çetesi,tr
Воровская шайка II,Hırsız Çetesi II,tr
Восстанавливающий медальон,Zindelik Broşu,tr
Вредоносная матрица,Kötü Yazılım Matrisi,tr
Вредоносный самоцвет,Felaket Mücevheri,tr
Второе дыхание,İkinci Şans,tr
Выбор особенности,Özellik Seç,tr
Выбор сделан,Yolumdan Dönmem,tr
Выгодное предложение,Akıllı Harcama,tr
Выживший,Sona Kalanlar,tr
Высокая ценность,İki Elin Sesi Var,tr
Высокое напряжение,Yüksek Voltaj,tr
Галактика грува,Uzayın Ritmi,tr
Гамбит Урфа,Urf Hamlesi,tr
Гвен,Gwen,tr
Герб Лайтшилдов,Lightshield Arması,tr
Геройский мешок с сюрпризом,Kahraman Çekilişi,tr
Гибкость,Esnek,tr
Гнар,Gnar,tr
Голем,Golem,tr
Головокружение,Zihin Bulanıklığı,tr
Головорез,Sinsi,tr
Горнило испытаний,Güçle İşlenmiş,tr
Грабеж,Arakla,tr
Грагас,Gragas,tr
Грань Бесконечности,Ebedi Kılıç,tr
Грань ночи,Gecenin Kıyısı,tr
Грейвз,Graves,tr
Гроза Личей,Lich Boğan,tr
Гроза галактики,Çelik İntikam,tr
Групповые обнимашки,Grup Kucaklaşması,tr
Гуляка,Parti Patisi,tr
Да пребудет с вами сила четверки,Dört Seninle Olsun,tr
Дальновидность,İleri Görüşlülük,tr
Дар Ари,Ahri'nin Lütfu,tr
Дар Аурелиона Сола,Aurelion Sol'ün Lütfu,tr
Дар Варуса,Varus'un Lütfu,tr
Дар Кейл,Kayle'ın Lütfu,tr
Дар Сораки,Soraka'nın Lütfu,tr
Дар Треша,Thresh'in Lütfu,tr
Дар Эвелинн,Evelynn'in Lütfu,tr
Дар Экко,Ekko'nun Lütfu,tr
Дар Ясуо,Yasuo'nun Lütfu,tr
Дар возрождения,Dirilme Lütfu,tr
Дар ремесленника,Hurdacının Lütfu,tr
Два стража,İkiz Muhafızlar,tr
Двойная защита,Şok Dayanıklı,tr
Дебошир,Dövüşçü,tr
Дерево особенностей,Özellik Ağacı,tr
Держать строй!,Safları Koru,tr
Держимся вместе,Birliğin Gücü,tr
Джакс,Jax,tr
Джин,Jhin,tr
Джинкс,Jinx,tr
Диана,Diana,tr
Добродетель мученика,Fedakârlığın Erdemi,tr
Доспех Вармога,Warmog'un Zırhı,tr
Драгоценная перчатка,Mücevherli Eldiven,tr
Драгоценный лотос,Mücevherli Nilüfer,tr
Дух искупления,Kefaret Ruhu,tr
Жажда золота,Paragöz,tr
Железный аргумент,Kıymetli Metaller,tr
Живая кузница,Yaşayan Ocak,tr
Живучесть вампира,Vampirî Zindelik,tr
Жулик,Dümenci,tr
Задира,Atılgan,tr
Закопанные сокровища,Gömülü Hazineler,tr
Западный ветер,Karayel,tr
Запасные луки,Yedek Yaylar,tr
Запретный идол,Yasak İdol,tr
Заточка Статикка,Statikk Hançer,tr
Защита вечности,Ebedi Koruma,tr
Звездная комбинация,Yıldız Kombosu,tr
Звездочет,Yıldız Gözlemcisi,tr
Звериный отряд,Anima,tr
Зед,Zed,tr
Зеркальное отражение,Benlik Aynası,tr
Златоносная сущность,Parlakpul Özü,tr
Зов хаоса,Şanslı Hissediyorum,tr
Зои,Zoe,tr
Золотая ячейка Ясуо,Yasuo'nun Altın Hücresi,tr
Золотое яйцо,Altın Yumurta,tr
Золотой дракон,Altın Ejder,tr
Золотой риск,Altın Riski,tr
Золотой ураган,Gökten Yağan Altın,tr
Зуб Нашора,Nashor'un Dişi,tr
Игра в команде,Takım Çalışması,tr
Игра в паре,Çifte Ödül,tr
Игра вдолгую,Gözü Yükseklerde,tr
Избиение,Anı Yaşa,tr
Изгнание,Sürgünler,tr
Изогнутый лук,Nişancı Yayı,tr
Иллаой,Illaoi,tr
Инвестиции,Yatırımın Getirisi,tr
Инстинкты Эвелинн,Evelynn'in İçgüdüsü,tr
Ионийская искра,İyon Kıvılcımı,tr
Искупитель,Arındırıcı,tr
Искусное искусство,El Emeği Göz Nuru,tr
Испытание Стерака,Sterak'ın Güvencesi,tr
Иссушенная реликвия,Yıpranmış Antika,tr
Истребитель,Yok Edici,tr
Кай'Са,Kai'Sa,tr
Какой ценой?,Ne Pahasına?,tr
Каменный доспех гаргульи,Gargoyl Taşzırhı,tr
Карма,Karma,tr
Карманные деньги,Ekmek Parası İşte,tr
Карьерный рост,Daimi Yükseliş,tr
Кахунахуна,Saklı Gerçek,tr
Кейтлин,Caitlyn,tr
Киберимпланты,Sibernetik İmplant,tr
Киберподдержка,Sibernetik Aktarım,tr
Киндред,Kindred,tr
Клинок смерти,Ölüm Kılıcı,tr
Клинок ярости Гинсу,Guinsoo'nun Hiddeti,tr
Клятва защитника,Muhafızın Adağı,tr
Клятва рыцаря,Şövalyenin Adağı,tr
Книга особенностей,Özellikler Kitabı,tr
Когнитивная нагрузка,Bilişsel Vergi,tr
Когнитивная перегрузка,Bilişsel Patlama,tr
Коготь дракона,Ejder Pençesi,tr
Коготь охотника,Sinsi Pençe,tr
Кольчуга,Zincir Yelek,tr
Командир,Komutan,tr
Командир Звериного отряда,Anima Komutanı,tr
Конструктор,Tam Teşekküllü,tr
Копье Седзина,Shojin'in Mızrağı,tr
Корки,Corki,tr
Королевский венец,Kraliyet Başlığı,tr
Корона тактика,Strateji Ustası Tacı,tr
Коррозия,Korozyon,tr
Космическое обновление,Kozmik Başlangıç,tr
Кража компонентов,Bileşen Eşya Soygunu,tr
Красное усиление,Kırmızı Güçlendirme,tr
Критический успех,Kritik Başarı,tr
Кровавая цена,Kan Bedeli,tr
Кровавое подношение,Kan Adağı,tr
Кровопийца,Kanasusamış,tr
Крошки-великаны,Minik Devler,tr
Крупный займ,Yüklü Borç,tr
Кузница апофеоза,Ulvi Ocak,tr
Кусочек жизни,Hayattan Bir Kesit,tr
Кухня тактика,Strateji Ustasının Mutfağı,tr
Ле Блан,LeBlanc,tr
Легион троек,Üçler Ordusu,tr
Леденящий Вестник Зика,Zeke'nin Kasvetli Sancağı,tr
Леона,Leona,tr
Летающие ножи,Tezbıçak,tr
Лиссандра,Lissandra,tr
Логово Барона,Baron'un İni,tr
Лопатка,Spatula,tr
Лулу,Lulu,tr
Лучезарное возвышение Кейл,Kayle'ın Işıltılı Yüceliği,tr
Лучезарный плут,Işıltılı Serseri,tr
Лучшая сборка,Azami Dizilim,tr
Лучшие друзья,Can Dostları,tr
Магические кости,Büyülü Zarlar,tr
"Мал, да удал",Minik Ama Ölümcül,tr
Малая черная дыра,Mini Kara Delik,tr
Маленькие друзья,Minik Dostlar,tr
Малое Зеркальное отражение,Küçük Benlik Aynası,tr
Манекенофикация,Kuklaya Dönüştür,tr
Манекены для краш-тестов,Kukla Yağmuru!,tr
Мантия тактика,Strateji Ustası Pelerini,tr
Маокай,Maokai,tr
Мародер,Yağmacı,tr
Мастер Йи,Master Yi,tr
Мастер мечей,Kılıç İşçisi,tr
Мастер посохов,Sopa İşçisi,tr
Мастерство Ясуо,Yasuo'nun Kılıç Sanatı,tr
Медальон Железных Солари,Demir Solari'nin Broşu,tr
Мешок предметов,Eşya Çekilişi,tr
Мешок с сюрпризом Урфа,Urf'ün Çekilişi,tr
Милио,Milio,tr
Минмаксинг,Kusursuzluk Arayışı,tr
Мипер,Micingil,tr
Мипоритка,Micincik,tr
Мисс Фортуна,Miss Fortune,tr
Могучие исполины,Devasa ve Güçlü,tr
Моргана,Morgana,tr
Мордекайзер,Mordekaiser,tr
Мореллономикон,Morellonomikon,tr
Мощь на позднем этапе,İleri Safha Gücü,tr
Н.О.В.А.,N.O.V.A.,tr
Набор ауры,Zihinsel Hazırlık,tr
Наемный убийца,Kiralık Katil,tr
Накидка солнечного пламени,Günateşi Pelerini,tr
Накопитель биомассы,Biyomalzeme Koruyucusu,tr
Накопительный вклад,Birikim Hesabı,tr
Нами,Nami,tr
Наручи Искательницы,Maceracının Pazubendi,tr
Настоящий триумф,Hızlı Yükseliş,tr
Насус,Nasus,tr
Небольшой мешок с сюрпризом,Ufak Çekiliş,tr
Непрерывное колдовство,Sonsuz Büyü,tr
Несокрушимый,Müdafi,tr
Нет на месте,AFK,tr
Неукротимость,Yenilmez,tr
Нечестивый Вампирский скипетр,Yozlaşmış Vampirî Asa,tr
Новинка,Özel Yapım,tr
Новый уровень!,Seviye Atla!,tr
Номер один,Tanışma Toplantısı,tr
Нуну и Виллумп,Nunu ve Willump,tr
Облачение духов,Ruh Gömleği,tr
Обновление с капелькой магии,Kısmen Büyülü Zar,tr
Одержимость Варуса,Varus'un Saplantısı,tr
Один доспех,Yalnız Zırh,tr
"Один, два, три",Bir İki Üç,tr
"Одно усиление, два усиления",İki Kat Güçlendirme,tr
Ожидаемая неожиданность,Beklenen Beklenmezlik,tr
Оплот,Siper,tr
Оплот передней линии,Dayanıklı Ön Sıra,tr
Оправданное ожидание,Beklemeye Değer,tr
Оптика с захватом цели,Hedefe Kilitlenen Optik,tr
Оракул,Kâhin,tr
Орн,Ornn,tr
Охота за сокровищами,Hazine Avı,tr
Охотник Галактики,Galaksi Avcısı,tr
Пайк,Pyke,tr
Пантеон,Pantheon,tr
Пастух,Kılavuz,tr
Перезапуск миссии,Tekrar Dene,tr
Переизбыток жезлов,Sopa Fazlalığı,tr
Переизбыток мечей,Kılıç Fazlalığı,tr
Переизбыток поясов,Kemer Fazlalığı,tr
Перенос заряда,Yük Aktarımı,tr
Переносная кузница,Taşınabilir Ocak,tr
Переработка отходов,Mal Kurtarma,tr
Перчатка Бездны,Hiçlik Eldiveni,tr
Перчатки вора,Hırsız Eldiveni,tr
Плетение магии,Dokuma Büyü,tr
Плечом к плечу,Birlikten Kuvvet Doğar,tr
Победа Виктора из ''Аркейна'',Viktor'un Sihri,tr
Побочные эффекты,Yan Etkiler,tr
Поглощающий плащ,Negatron Pelerini,tr
Подарок на день рождения,Doğum Günü Hediyesi,tr
Подготовка телохранителя,Koruma Eğitimi,tr
Поднятие уровня в одиночку,Ben Tek Siz Hepiniz,tr
Подозрительный плащ,Gizemli Trençkot,tr
Подписка,Abonelik Hizmeti,tr
Позолоченная сталь,Yaldızlı Çelik,tr
Покров тишины,Sükûnet Örtüsü,tr
Покупки,Alışveriş Çılgınlığı,tr
Полупроводник,Yarı İletken,tr
Поппи,Poppy,tr
Портал Зз'Рота,Zz'Rot Kapısı,tr
Посох Бездны,Hiçlik Değneği,tr
Посох архангела,Başmelek Asası,tr
Посох серафима,Melek Asası,tr
Построение,Dizilim,tr
Посылка,İhtiyaç Paketi,tr
Пояс великана,Dev Kemeri,tr
Празднование юбилея,Doğum Günü Buluşması,tr
Предметы Пандоры,Pandora'nın Eşyaları,tr
Предсмертный шепот,Son Fısıltı,tr
Приз победителю,Ödüllü Müsabaka,tr
Призматический билет,Prizmatik Bilet,tr
Призрачная сабля,Hortlak Palası,tr
Прицельная стрельба,Odaklı Ateş,tr
Пришелец Зед,İstilacı Zed,tr
Пробуждение души,Ruh Uyanışı,tr
Проводник,Medyum,tr
Прокладывание пути,Bir Yol Çiz,tr
Проклятая корона,Lanetli Taç,tr
Проклятый клинок,Lanetli Kılıç,tr
Псионик,Psionik,tr
Пугливый краб,Yampiri Yengeç,tr
Путь к вершине,Haşmetli Macera,tr
Путь к звездам,Yıldızlara Uzan,tr
Рааст,Rhaast,tr
"Раз, два, пять!","Bir, İki, Beş!",tr
Разрушитель времени,Zamankıran,tr
Раммус,Rammus,tr
Ранние уроки,İlk Öğretiler,tr
Распаленное пламя,Alevleri Körükle,tr
Расползающиеся корни,Yayılan Kökler,tr
Распродажа,Zararına Satış,tr
Расширение дела,Dallan Budaklan,tr
Режим задиры,Atılgan Modu,tr
Режим проводника,Medyum Modu,tr
Режим репликатора,Replikacı Modu,tr
Рек'Сай,Rek'Sai,tr
Рекомбинатор,Evriştirici,tr
Реликт,Primordia'lı,tr
Репликатор,Replikacı,tr
Репликация,Kopyalama Süreci,tr
Решимость титана,Titanın Azmi,tr
Ривен,Riven,tr
Рискованный ход,Kaz Gelecek Yerden...,tr
Робот,Meka,tr
Роскошная подписка,Lüks Aboneliği,tr
Рука правосудия,Adaletin Eli,tr
С места в карьер,Hızlı Başlangıç,tr
С тобой мой лук,Yayım Yayındır,tr
Самира,Samira,tr
Самодельный доспех,Eğreti Zırh,tr
Самый Лучший Меч,TEK Kılıcı,tr
Самый крошечный великан,En Minik Dev,tr
Самый могучий робот,Muhteşem Meka,tr
Свежая поставка,Aradığını Bul,tr
Сверхмипная скорость,Süper Hızlı Micin,tr
Связь с дроном,Dron Bağlantısı,tr
Серебряная ложка,Eşsiz Deneyim,tr
Сильвермирская заря,Gümüşgöl Şafağı,tr
Симпатический имплант,Sinir İmplantı,tr
Синее усиление,Mavi Güçlendirme,tr
Скамейка Пандоры,Pandora'nın Yedekleri,tr
Скелетница,Kılçık,tr
Сковородка,Kızartma Tavası,tr
Скорострельная пушка,Bombardıman Topu,tr
Сладкие угощения,Tatlı Atıştırmalıklar,tr
Слеза богини,Tanrıça'nın Gözyaşı,tr
Слезы рекой,Gözyaşları Sel,tr
Слишком Большой Жезл,Aşırı Büyük Sopa,tr
Смертельная шляпа Рабадона,Rabadon'un Şapkası,tr
Смертоносные клинки,Ölümcül Bıçaklar,tr
Смерть Разума,Aklın Sonu,tr
Снайпер,Keskin Nişancı,tr
Создание друга,Güçlü Arkadaşlık,tr
Создание спутника,Tam Donanımlı,tr
Сона,Sona,tr
Союзник,Koruyucunun Müttefiki,tr
Специалист по поздним этапам,İleri Safhalarda Görüşürüz,tr
Спящая кузница,Ocağı Harla,tr
Стальное сердце,Çelikten Yürek,tr
Статическое электричество,Elektroşarj,tr
Стеклянная пушка,Güçlü Ama Kırılgan,tr
Странник,Seyyah,tr
Страховой фонд,Serbest Yatırım Fonu,tr
Стремительное двойное убийство,Hızlı İkide İki,tr
Стремительное серебро,Cıva,tr
Струящиеся слезы,Akan Gözyaşları,tr
Суть коммерции,Ticaretin Özü,tr
Сфера лечения,Şifalı Küreler,tr
Счастливые перчатки,Şanslı Eldiven,tr
Сюжетная защита,Ana Karaktere Bir Şey Olmaz,tr
Таам Кенч,Tahm Kench,tr
Талисман вознесения,Uluların Tılsımı,tr
Талон,Talon,tr
Твистед Фэйт,Twisted Fate,tr
Темная звезда,Sonsuz Karanlık,tr
Темная леди,Karanlık Leydi,tr
Теневая марионетка,Gölge Kukla,tr
Терновый жилет,Dikenli Yelek,tr
Терпеливый ученик,Hayat Deneyimi,tr
Терпение,Sabır Erdemdir,tr
Терпение Экко,Ekko'nun Sabrı,tr
Тимбилдинг,Ekip Çalışması,tr
Тимо,Teemo,tr
Титаническая гидра,Haşmetli Hydra,tr
Ткач судьбы,Kaderbaz,tr
Тонны показателей!,Tonlarca Nitelik!,tr
Топор адского пламени,Cehennem Ateşi Baltası,tr
Торговый сектор,Ticaret Bölgesi,tr
Тренировочные перчатки,İdman Eldiveni,tr
Тренировочный манекен,Hedef Kuklası,tr
Триада,Üçlük,tr
Тропа войны,Savaş Yolu,tr
Тяжел венец,Bu Taç Ağır,tr
У.Р.Ф.,U.R.F.,tr
Убийство без разбора,Herkesin Katili,tr
Убийца великанов,Dev Katili,tr
Ургот,Urgot,tr
Уроки бокса,Boks Dersi,tr
Физз,Fizz,tr
Фиора,Fiora,tr
Фонарь Треша,Thresh'in Feneri,tr
Хекстековый прицел,Ufukgetiren,tr
Хекстековый штык,Hextech Silahkılıç,tr
Хитрая тактика,Planlı Mağlubiyet,tr
Хоть какая-то польза,Kedi Olalı Bir Fare,tr
Целеустремленность,Sadakat,tr
Центр внимания,Merkezini Bul,tr
Цеп вышибалы,Hücum Gürzü,tr
Часовой механизм,Mekanik Hızlandırıcı,tr
Частичное вознесение,Kısmi Yükseliş,tr
Чаша силы,Güç Kadehi,tr
Чертеж для задней линии,Arka Sıra Savunması,tr
Честь полководца,Cengâver Onuru,tr
Четырехкратное усиление,Dört Dörtlük,tr
Чо'Гат,Cho'Gath,tr
Чудо Сораки,Soraka'nın Mucizesi,tr
Шапучий напиток,Şapkat Nektarı,tr
Шая,Xayah,tr
Шен,Shen,tr
Щит тактика,Strateji Ustası Kalkanı,tr
Эгида рассвета,Şafak Kalkanı,tr
Эгида сумерек,Alacakaranlık Kalkanı,tr
Эзреаль,Ezreal,tr
Эксклюзивная кастомизация,Kişiselleştirme Fırsatı,tr
Экспедиция,Keşif Gezisi,tr
Эмблема Галактики грува,Uzayın Ritmi Amblemi,tr
Эмблема Звериного отряда,Anima Amblemi,tr
Эмблема Н.О.В.А.,N.O.V.A. Amblemi,tr
Эмблема Темной звезды,Sonsuz Karanlık Amblemi,tr
Эмблема авангарда,Öncü Amblemi,tr
Эмблема арбитра,Hâkim Amblemi,tr
Эмблема головореза,Sinsi Amblemi,tr
Эмблема дебошира,Dövüşçü Amblemi,tr
Эмблема задиры,Atılgan Amblemi,tr
Эмблема звездочета,Yıldız Gözlemcisi Amblemi,tr
Эмблема мародера,Yağmacı Amblemi,tr
Эмблема мипера,Micingil Amblemi,tr
Эмблема несокрушимого,Müdafi Amblemi,tr
Эмблема пастуха,Kılavuz Amblemi,tr
Эмблема псионика,Psionik Amblemi,tr
Эмблема разрушителя времени,Zamankıran Amblemi,tr
Эмблема реликта,Primordia'lı Amblemi,tr
Эмблема снайпера,Keskin Nişancı Amblemi,tr
Эмблема странника,Seyyah Amblemi,tr
Эпические обновления,Destansı Yenileme,tr
Эпоха,Yeni Çağ,tr
Эхо восстановления,Şifalı Yankılar,tr
Ядро рассвета,Şafağın Özü,tr
Ярость кракена,Kraken'in Öfkesi,tr
Ясный ум,Zihin Açıklığı,tr
آتروكس,Aatrox,tr
أربعة تكسب ترقية,Dört Dörtlük,tr
أصغر عملاق,En Minik Dev,tr
أطنان من الإحصاءات!,Tonlarca Nitelik!,tr
أفضل الأصدقاء,Can Dostları,tr
أكالي,Akali,tr
أنيما,Anima,tr
أورغوت,Urgot,tr
أورن,Ornn,tr
أورورا,Aurora,tr
أوريليون سول,Aurelion Sol,tr
إرادة الصولجان,Gürzün Dileği,tr
إزريال,Ezreal,tr
إعادة المهمة,Tekrar Dene,tr
إيلاوي,Illaoi,tr
اتصالات فائتة,Tanışma Toplantısı,tr
اختر خاصية,Özellik Seç,tr
اختصاصي نهاية المباراة,İleri Safhalarda Görüşürüz,tr
استبدالٌ ملحمي,Destansı Yenileme,tr
استحضار السحر المستمر,Sonsuz Büyü,tr
اعثر على مركزك,Merkezini Bul,tr
الأحزمة الوفيرة,Kemer Fazlalığı,tr
الأربعة تربح,Dört Seninle Olsun,tr
الأشقياء,Uyumsuzlar,tr
الأصول الحديدية,Kıymetli Metaller,tr
الأقواس الاحتياطية,Yedek Yaylar,tr
الأمر يستحق الانتظار,Beklemeye Değer,tr
الإنفاق الحكيم,Akıllı Harcama,tr
الاتصال الآلي,Sibernetik Aktarım,tr
الاتصال بالدرون,Dron Bağlantısı,tr
الاختلاس,Arakla,tr
الارتقاء,Yükseliş,tr
الارتقاء الجزئي,Kısmi Yükseliş,tr
الاستبدالات الوفيرة,Durmadan Yenile,tr
الاستثمار,Yatırımın Getirisi,tr
الاستثمار طويل الأجل,Gözü Yükseklerde,tr
الاستخلاص المفيد,Mal Kurtarma,tr
الاستنساخ,Kopyalama Süreci,tr
الاستهلاك ضروري,Anı Yaşa,tr
الاشتراك الفخم,Lüks Aboneliği,tr
الالتزام الصارم,Sadakat,tr
الانفجار العظيم,Büyük Patlama,tr
البداية الكونية الجديدة,Kozmik Başlangıç,tr
البرج,Kule,tr
البرونزي حتى النهاية,Bronzdan Şaşma,tr
البيضة الذهبية,Altın Yumurta,tr
التآكل,Korozyon,tr
التأثيرات الجانبية,Yan Etkiler,tr
التاج الملعون,Lanetli Taç,tr
التحفة الذابلة,Yıpranmış Antika,tr
التحويل إلى دمية,Kuklaya Dönüştür,tr
الترقية!,Seviye Atla!,tr
التشكيل الأقصى,Azami Dizilim,tr
التصنيع المتقن,El Emeği Göz Nuru,tr
التغيب عن اللعب,AFK,tr
التفكير المتقدم,İleri Görüşlülük,tr
التمثال المحرّم,Yasak İdol,tr
التنين الذهبي,Altın Ejder,tr
التوسع,Dallan Budaklan,tr
الثقب الأسود الصغير,Mini Kara Delik,tr
الثلاثية,Üçlük,tr
الجوهرة المتلفة,Felaket Mücevheri,tr
الحارسان التوأمان,İkiz Muhafızlar,tr
الحجم مهم,Boyut Önemli,tr
الحركات الخطرة,Kaz Gelecek Yerden...,tr
الحركة التصاعدية,Daimi Yükseliş,tr
الحقبة المميزة,Yeni Çağ,tr
الحمل المعرفي الزائد,Bilişsel Patlama,tr
الحملة الاستكشافية,Keşif Gezisi,tr
الخسارة المحسوبة,Planlı Mağlubiyet,tr
الخوذة المتكيفة,Değişken Miğfer,tr
الدراسة الصابرة,Hayat Deneyimi,tr
الدرع الساتر,Denge Örtüsü,tr
الدروس المبكرة,İlk Öğretiler,tr
الدروع المؤقتة,Eğreti Zırh,tr
الدموع المتدفقة,Akan Gözyaşları,tr
الذهن الصافي,Zihin Açıklığı,tr
الذهن المشوّش,Zihin Bulanıklığı,tr
الرفاق الصغار,Minik Dostlar,tr
الرمية السحرية,Büyülü Zarlar,tr
الرمية السحرية المخفّفة,Kısmen Büyülü Zar,tr
الرهان الذهبي,Altın Riski,tr
الزئبق,Cıva,tr
السترة المدببة,Dikenli Yelek,tr
السترة المسلسلة,Zincir Yelek,tr
السحر المحبوك,Dokuma Büyü,tr
السعي نحو النجوم,Yıldızlara Uzan,tr
السيف الأبدي,Ebedi Kılıç,tr
السيف الصاعق,Statikk Hançer,tr
السيف الطيفي,Hortlak Palası,tr
السيف الهائل,TEK Kılıcı,tr
السيوف الوفيرة,Kılıç Fazlalığı,tr
السيولة,Dümenci,tr
الشحنة الكهربائية,Elektroşarj,tr
الشخصية المنعكسة,Benlik Aynası,tr
الشخصية المنعكسة المصغّرة,Küçük Benlik Aynası,tr
الشرائح الآلية,Sibernetik İmplant,tr
الشرارة الأيونية,İyon Kıvılcımı,tr
الصامد,Sona Kalanlar,tr
الصبر فضيلة,Sabır Erdemdir,tr
الصغير الفتاك,Minik Ama Ölümcül,tr
الصنديد,Yenilmez,tr
الضريبة المعرفية,Bilişsel Vergi,tr
الطابور الثنائي,Çifte Ödül,tr
العمالقة الصغار,Minik Devler,tr
العملاق القوي,Devasa ve Güçlü,tr
العوائد الخبيثة,Kötü Niyetli Kazanç,tr
الفوز الكبير,Hızlı Yükseliş,tr
الفولاذ المذهب,Yaldızlı Çelik,tr
الفيلق الثلاثي,Üçler Ordusu,tr
القائدة,Komutan,tr
القاتل المأجور,Kiralık Katil,tr
القتل المزدوج السريع,Hızlı İkide İki,tr
القصاص,Adaletin Yumruğu,tr
القصبات الوفيرة,Sopa Fazlalığı,tr
القفاز المرصع بالجواهر,Mücevherli Eldiven,tr
القفازات,Pofuduk Eldiven,tr
القلب الراسخ,Kararlı Yürek,tr
القلب الفولاذي,Çelikten Yürek,tr
القوس المنحني,Nişancı Yayı,tr
الكنوز المدفونة,Gömülü Hazineler,tr
الكهرباء القوية,Yüksek Voltaj,tr
اللعب الأمثل,Kusursuzluk Arayışı,tr
اللوتس المرصع,Mücevherli Nilüfer,tr
المبارزة السامية,Ulvi Düellocu,tr
المتعطش للدماء,Kanasusamış,tr
المحدق بالنجوم,Yıldız Gözlemcisi,tr
المحفز الأحمر,Kırmızı Güçlendirme,tr
المخلّص,Arındırıcı,tr
المرن,Esnek,tr
المستبدل العشوائي,Evriştirici,tr
المصهر الحي,Yaşayan Ocak,tr
المصهر الكامن,Ocağı Harla,tr
المصهر المحمول,Taşınabilir Ocak,tr
المعطف المشبوه,Gizemli Trençkot,tr
المغامرة الفخمة,Haşmetli Macera,tr
الملعقة الفضية,Eşsiz Deneyim,tr
المنفيون,Sürgünler,tr
الموقف الحرج,Aklın Sonu,tr
الميثاق الأزلي,Ebedi Anlaşma,tr
الميكا الجبار,Muhteşem Meka,tr
المُبيد,Yok Edici,tr
النجاح الحرج,Kritik Başarı,tr
النجم المظلم,Sonsuz Karanlık,tr
النسيم العليل,Karayel,tr
النصال الخاطفة,Tezbıçak,tr
النصل الملعون,Lanetli Kılıç,tr
النمو المتفجر,Ani Büyüme,tr
النوبة الثانية,İkinci Şans,tr
النيران المركزة,Odaklı Ateş,tr
الهمسة الأخيرة,Son Fısıltı,tr
الهيدرا العملاقة,Haşmetli Hydra,tr
الوسيط,Medyum,tr
الوغد المشع,Işıltılı Serseri,tr
انتصار فيكتور آركين,Viktor'un Sihri,tr
بارد,Bard,tr
بانثيون,Pantheon,tr
بايك,Pyke,tr
براير,Briar,tr
برايمورديان,Primordia'lı,tr
بكاء بلا جدوى,Gözyaşları Sel,tr
بلورات العلاج,Şifalı Küreler,tr
بليتزكرانك,Blitzcrank,tr
بناء البطل,Tam Teşekküllü,tr
بناء الفريق,Ekip Çalışması,tr
بناء مرافق,Tam Donanımlı,tr
بوابة ززروت,Zz'Rot Kapısı,tr
بوبي,Poppy,tr
بيلفيث,Bel'Veth,tr
تأسيس الخط الأمامي,Dayanıklı Ön Sıra,tr
تاج المخطِط,Strateji Ustası Tacı,tr
تالون,Talon,tr
تام كينش,Tahm Kench,tr
تخصيص حصري,Kişiselleştirme Fırsatı,tr
تخفيضات نارية,Zararına Satış,tr
تدريب الحارس الشخصي,Koruma Eğitimi,tr
تذكرة موشورية,Prizmatik Bilet,tr
ترقية فردية,Ben Tek Siz Hepiniz,tr
تركيز الأفق,Ufukgetiren,tr
تسلّق سلم التصنيفات,Tırmanışa Devam,tr
تشكيل الصفوف,Dizilim,tr
تشكيل الفريق,Takım Çalışması,tr
تشوغاث,Cho'Gath,tr
تعزيزٌ هنا وتعزيزٌ هناك,İki Kat Güçlendirme,tr
تغذية ألسنة اللهب,Alevleri Körükle,tr
تمجيد كايل,Kayle'ın Yüceliği,tr
تمجيد كايل المشع,Kayle'ın Işıltılı Yüceliği,tr
تميمة الارتقاء,Uluların Tılsımı,tr
توأم تانك,Şok Dayanıklı,tr
توسع الجذور,Yayılan Kökler,tr
تويستد فايت,Twisted Fate,tr
تيمو,Teemo,tr
ثمن الدم,Kan Bedeli,tr
جاكس,Jax,tr
جديد من المصنع,Özel Yapım,tr
جوع المال,Paragöz,tr
جوهر التجارة,Ticaretin Özü,tr
جوهر الحراشف اللامعة,Parlakpul Özü,tr
جوهر الفجر,Şafağın Özü,tr
جين,Jhin,tr
جينكس,Jinx,tr
حافظ المادة الحيوية,Biyomalzeme Koruyucusu,tr
حاملة المصائب,Pesimist,tr
حامي التاج,Kraliyet Başlığı,tr
حزام العملاق,Dev Kemeri,tr
حزمة الدعم,Takviye Paketi,tr
حزمة الرعاية,İhtiyaç Paketi,tr
حساب الادخار,Birikim Hesabı,tr
حصاد الهالة,Zihinsel Hazırlık,tr
حصن,Müdafi,tr
حقق مرادك,Aradığını Bul,tr
حكاية العودة,Büyük Dönüş,tr
حلوى لذيذة,Tatlı Atıştırmalıklar,tr
حليف الوصي,Koruyucunun Müttefiki,tr
حماية الخطوط,Safları Koru,tr
حماية اللانهاية,Ebedi Koruma,tr
حيوية مصاص الدماء,Vampirî Zindelik,tr
خانة ياسو الذهبية,Yasuo'nun Altın Hücresi,tr
خدمة الاشتراك,Abonelik Hizmeti,tr
خطة عمل الخط الخلفي,Arka Sıra Savunması,tr
درع الصدر المنفرد,Yalnız Zırh,tr
درع الغسق,Alacakaranlık Kalkanı,tr
درع الفجر,Şafak Kalkanı,tr
درع المخطِط,Strateji Ustası Kalkanı,tr
درع صدر مرزاب الحجري,Gargoyl Taşzırhı,tr
درع وارموغ,Warmog'un Zırhı,tr
دروس الملاكمة,Boks Dersi,tr
دروع البطل,Ana Karaktere Bir Şey Olmaz,tr
دعوة إلى الفوضى,Şanslı Hissediyorum,tr
دفعة أولية,Hızlı Başlangıç,tr
دكة بدلاء باندورا,Pandora'nın Yedekleri,tr
دمعة الزعيمة,Tanrıça'nın Gözyaşı,tr
دمى اختبار التحطم,Kukla Yağmuru!,tr
دمية التدريب,Hedef Kuklası,tr
دمية الظل,Gölge Kukla,tr
ديانا,Diana,tr
راست,Rhaast,tr
راعي,Kılavuz,tr
راموس,Rammus,tr
رامي,Keskin Nişancı,tr
رحالة,Seyyah,tr
رقص الفضاء,Uzayın Ritmi,tr
رمح شوجين,Shojin'in Mızrağı,tr
رمز الدرع الخفيف,Lightshield Arması,tr
رمية الحظ,Şans Benimle,tr
روح الافتداء,Kefaret Ruhu,tr
رياح المال الموسمية,Gökten Yağan Altın,tr
ريفت سكاتلر,Yampiri Yengeç,tr
ريفين,Riven,tr
ريكساي,Rek'Sai,tr
زايا,Xayah,tr
زوي,Zoe,tr
زيادة القوة في نهاية المباراة,İleri Safha Gücü,tr
زيد,Zed,tr
زيد الغازي,İstilacı Zed,tr
ستار السكون,Sükûnet Örtüsü,tr
سكين سلاح الهيكستيك,Hextech Silahkılıç,tr
سلفة قرض,Yüklü Borç,tr
سميرة,Samira,tr
سن ناشور,Nashor'un Dişi,tr
سونا,Sona,tr
سيدة الأسلحة,Çelik İntikam,tr
سيدة الظلام,Karanlık Leydi,tr
شارة أنيما,Anima Amblemi,tr
شارة الحصن,Müdafi Amblemi,tr
شارة الراعي,Kılavuz Amblemi,tr
شارة الرامي,Keskin Nişancı Amblemi,tr
شارة الرحالة,Seyyah Amblemi,tr
شارة الطليعي,Öncü Amblemi,tr
شارة القاضي,Hâkim Amblemi,tr
شارة القوى الذهنية,Psionik Amblemi,tr
شارة المارق,Sinsi Amblemi,tr
شارة المتحدّي,Atılgan Amblemi,tr
شارة المحدق بالنجوم,Yıldız Gözlemcisi Amblemi,tr
شارة المشاجر,Dövüşçü Amblemi,tr
شارة المغير,Yağmacı Amblemi,tr
شارة النجم المظلم,Sonsuz Karanlık Amblemi,tr
شارة برايمورديان,Primordia'lı Amblemi,tr
شارة رقص الفضاء,Uzayın Ritmi Amblemi,tr
شارة صديق الميب,Micingil Amblemi,tr
شارة كاسر الزمن,Zamankıran Amblemi,tr
شارة نوفا,N.O.V.A. Amblemi,tr
شبه الناقل,Yarı İletken,tr
شجرة الخواص,Özellik Ağacı,tr
شرف أمير الحرب,Cengâver Onuru,tr
شريحة التعاطف,Sinir İmplantı,tr
شق الدرب,Bir Yol Çiz,tr
شين,Shen,tr
صانع السيوف,Kılıç İşçisi,tr
صانع القصبات,Sopa İşçisi,tr
صبر إيكو,Ekko'nun Sabrı,tr
صحوة الروح,Ruh Uyanışı,tr
صدى الشفاء,Şifalı Yankılar,tr
صديق الميب,Micingil,tr
صناعة صديق,Güçlü Arkadaşlık,tr
صندوق التحوط,Serbest Yatırım Fonu,tr
صولجان الفويد,Hiçlik Değneği,tr
صولجان مصاصي الدماء الفاسد,Yozlaşmış Vampirî Asa,tr
صياد المجرة,Galaksi Avcısı,tr
صيد الكنوز,Hazine Avı,tr
طراخ!,Bonk!,tr
طريق الحرب,Savaş Yolu,tr
طليعي,Öncü,tr
عاصفة لودن,Luden'in Çığlığı,tr
عبء التاج ثقيل,Bu Taç Ağır,tr
عباءة الليل,Gecenin Kıyısı,tr
عباءة النيغاترون,Negatron Pelerini,tr
عجلة الميب السريعة,Süper Hızlı Micin,tr
عراف,Kâhin,tr
عزم العملاق,Titanın Azmi,tr
عصا سيرافيم,Melek Asası,tr
عصا كبير الحُماة,Başmelek Asası,tr
عصابة اللصوص,Hırsız Çetesi,tr
عصابة اللصوص II,Hırsız Çetesi II,tr
عصير القبعة,Şapkat Nektarı,tr
عفونة الموتى,Lich Boğan,tr
عملية السطو على المكونات,Bileşen Eşya Soygunu,tr
عناصر باندورا,Pandora'nın Eşyaları,tr
عناق جماعي,Grup Kucaklaşması,tr
عهد الفارس,Şövalyenin Adağı,tr
غراغاس,Gragas,tr
غرايفز,Graves,tr
غريزة إيفلين,Evelynn'in İçgüdüsü,tr
غنار,Gnar,tr
غولم,Golem,tr
غوين,Gwen,tr
فأس نيران الجحيم,Cehennem Ateşi Baltası,tr
فانوس ثريش,Thresh'in Feneri,tr
فجر سيلفرمير,Gümüşgöl Şafağı,tr
فضيلة الشهيد,Fedakârlığın Erdemi,tr
فورة الكراكن,Kraken'in Öfkesi,tr
فورة تسوق,Alışveriş Çılgınlığı,tr
في الاتحاد قوة,Birlikten Kuvvet Doğar,tr
فيز,Fizz,tr
فيشبونز,Kılçık,tr
فيغار,Veigar,tr
فيكتور,Viktor,tr
فيكس,Vex,tr
فيورا,Fiora,tr
قائد أنيما,Anima Komutanı,tr
قاتل العمالقة,Dev Katili,tr
قاتل لا يميز بين ضحاياه,Herkesin Katili,tr
قاضي,Hâkim,tr
قبعات أشد فتكًا,Güçlü Şapkalar,tr
قبعة موت رابادون,Rabadon'un Şapkası,tr
قربان الدم,Kan Adağı,tr
قصبة عريضة بلا داع,Aşırı Büyük Sopa,tr
قطاع التجارة,Ticaret Bölgesi,tr
قفاز التدريب,İdman Eldiveni,tr
قفاز الحظ,Şanslı Eldiven,tr
قفاز الفويد,Hiçlik Eldiveni,tr
قفاز اللص,Hırsız Eldiveni,tr
قفاز ستيراك,Sterak'ın Güvencesi,tr
قلادة التنشيط,Zindelik Broşu,tr
قلادة سولاري الحديدي,Demir Solari'nin Broşu,tr
قلنسوة المخطِط,Strateji Ustası Pelerini,tr
قلنسوة لهب الشمس,Günateşi Pelerini,tr
قوة محسَّنة,Gelişmiş Güç,tr
قوسي في خدمتك,Yayım Yayındır,tr
قوى ذهنية,Psionik,tr
قيمة مزدوجة,İki Elin Sesi Var,tr
كأس القوة,Güç Kadehi,tr
كارما,Karma,tr
كاسر الزمن,Zamankıran,tr
كاهوناهونا,Saklı Gerçek,tr
كايتلين,Caitlyn,tr
كايسا,Kai'Sa,tr
كوركي,Corki,tr
كيس الهدايا البطولي,Kahraman Çekilişi,tr
كيس هدايا أورف,Urf'ün Çekilişi,tr
كيس هدايا العناصر,Eşya Çekilişi,tr
كيس هدايا صغير,Ufak Çekiliş,tr
كيس هدايا كبير,Büyük Çekiliş,tr
كيندريد,Kindred,tr
لا تغيير ولا استطلاع,Yolumdan Dönmem,tr
لم شمل عيد الميلاد,Doğum Günü Buluşması,tr
لمحة من الحياة,Hayattan Bir Kesit,tr
لوبلانك,LeBlanc,tr
لوح لهيب الشمس,Günateşi Tahtası,tr
لولو,Lulu,tr
ليساندرا,Lissandra,tr
ليونا,Leona,tr
مارق,Sinsi,tr
ماستر يي,Master Yi,tr
ماوكاي,Maokai,tr
مباركة السماء,Hükümdarın Seçimi,tr
متحدي,Atılgan,tr
متراس,Siper,tr
متوالية نجمية,Yıldız Kombosu,tr
مجلد الخواص,Özellikler Kitabı,tr
مجند جديد,Taze Kan,tr
محترف الحفلات,Parti Patisi,tr
محظوظ,Yenilemeye Devam,tr
محفز أزرق,Mavi Güçlendirme,tr
مخلب التنين,Ejder Pençesi,tr
مخلب المتصيد,Sinsi Pençe,tr
مدفع النار السريع,Bombardıman Topu,tr
مدفع من زجاج,Güçlü Ama Kırılgan,tr
مستنسخ,Replikacı,tr
مسرِّع الساعة,Mekanik Hızlandırıcı,tr
مشاجر,Dövüşçü,tr
مشاركة تألق ياسو,Yasuo'nun İlgi Budalası Eklentisi,tr
مصروف الغداء,Ekmek Parası İşte,tr
مصفوفة البرمجيات الخبيثة,Kötü Yazılım Matrisi,tr
مصنوعٌ من القوة,Güçle İşlenmiş,tr
مصهر التمجيد,Ulvi Ocak,tr
مطبخ المخطِط,Strateji Ustasının Mutfağı,tr
معجزة سوراكا,Soraka'nın Mucizesi,tr
مغير,Yağmacı,tr
مفاجآت الحظ,Beklenen Beklenmezlik,tr
مقابل أي ثمن,Ne Pahasına?,tr
مقاتل الجوائز,Ödüllü Müsabaka,tr
مقلاة,Kızartma Tavası,tr
ملعقة مسطحة,Spatula,tr
مناورة أورف,Urf Hamlesi,tr
منظار رصد الهدف,Hedefe Kilitlenen Optik,tr
مهارة مبارزة ياسو,Yasuo'nun Kılıç Sanatı,tr
مورديكايزر,Mordekaiser,tr
مورغانا,Morgana,tr
موريلونوميكون,Morellonomikon,tr
ميبسي,Micincik,tr
ميس فورتشن,Miss Fortune,tr
ميكا,Meka,tr
ميليو,Milio,tr
ناسوس,Nasus,tr
نافع لشيء ما,Kedi Olalı Bir Fare,tr
نامي,Nami,tr
نتماسك معًا,Birliğin Gücü,tr
نذر الحامي,Muhafızın Adağı,tr
نذير زيكي,Zeke'nin Sancağı,tr
نذير زيكي الكئيب,Zeke'nin Kasvetli Sancağı,tr
نساج المصير,Kaderbaz,tr
نصال أشد فتكًا,Ölümcül Bıçaklar,tr
نصل الموت,Ölüm Kılıcı,tr
نصل غضب غينسو,Guinsoo'nun Hiddeti,tr
نقل الشحنة,Yük Aktarımı,tr
نوفا,N.O.V.A.,tr
نونو وويلامب,Nunu ve Willump,tr
هالة آري,Ahri'nin Haresi,tr
هبة آري,Ahri'nin Lütfu,tr
هبة أوريليون سول,Aurelion Sol'ün Lütfu,tr
هبة إيفلين,Evelynn'in Lütfu,tr
هبة إيكو,Ekko'nun Lütfu,tr
هبة الإنعاش,Dirilme Lütfu,tr
هبة تجميع الخردة,Hurdacının Lütfu,tr
هبة ثريش,Thresh'in Lütfu,tr
هبة سوراكا,Soraka'nın Lütfu,tr
هبة فاروس,Varus'un Lütfu,tr
هبة كايل,Kayle'ın Lütfu,tr
هبة ياسو,Yasuo'nun Lütfu,tr
هدية عيد الميلاد,Doğum Günü Hediyesi,tr
هراوة المهاجم,Hücum Gürzü,tr
هوس فاروس,Varus'un Saplantısı,tr
واحد واثنان وثلاثة,Bir İki Üç,tr
واحد، اثنان، خمسة!,"Bir, İki, Beş!",tr
واقي ذراع المطارد,Maceracının Pazubendi,tr
وجه الروح,Ruh Gömleği,tr
وضع المتحدية,Atılgan Modu,tr
وضع المستنسِخة,Replikacı Modu,tr
وضع الوسيط,Medyum Modu,tr
وكر البارون,Baron'un İni,tr
يأسٌ بلا نهاية,Sonsuz Çaresizlik,tr
يد العدالة,Adaletin Eli,tr
เลือกคุณสมบัติ,Özellik Seç,tr
Ấn Bắn Tỉa,Keskin Nişancı Amblemi,tr
Ấn Can Trường,Müdafi Amblemi,tr
Ấn Chiêm Tinh,Yıldız Gözlemcisi Amblemi,tr
Ấn Du Mục,Kılavuz Amblemi,tr
Ấn Hành Tinh,Uzayın Ritmi Amblemi,tr
Ấn Hắc Tinh,Sonsuz Karanlık Amblemi,tr
Ấn N.O.V.A.,N.O.V.A. Amblemi,tr
Ấn Siêu Linh,Psionik Amblemi,tr
Ấn Siêu Thú,Anima Amblemi,tr
Ấn Thách Đấu,Atılgan Amblemi,tr
Ấn Thần Phán,Hâkim Amblemi,tr
Ấn Thời Không,Zamankıran Amblemi,tr
Ấn Tinh Linh Chuông,Micingil Amblemi,tr
Ấn Tiên Phong,Öncü Amblemi,tr
Ấn Toán Cướp,Yağmacı Amblemi,tr
Ấn Tộc Thượng Cổ,Primordia'lı Amblemi,tr
Ấn Viễn Chinh,Seyyah Amblemi,tr
Ấn Vô Pháp,Sinsi Amblemi,tr
Ấn Đấu Sĩ,Dövüşçü Amblemi,tr
「三」之軍團,Üçler Ordusu,tr
いつでも一緒,Birliğin Gücü,tr
お得な2,İki Elin Sesi Var,tr
ここがセンター,Merkezini Bul,tr
ちょっとだけ魔法のダイス,Kısmen Büyülü Zar,tr
はしごを登れ,Tırmanışa Devam,tr
へら,Spatula,tr
みんなでハグ,Grup Kucaklaşması,tr
もっと小さな巨人,En Minik Dev,tr
もっと怖いキャップ,Güçlü Şapkalar,tr
アイオニック スパーク,İyon Kıvılcımı,tr
アイテム福袋,Eşya Çekilişi,tr
アカリ,Akali,tr
アセンション,Yükseliş,tr
アダプティブ ヘルム,Değişken Miğfer,tr
アニマ,Anima,tr
アニマの紋章,Anima Amblemi,tr
アニマ司令官,Anima Komutanı,tr
アークエンジェル スタッフ,Başmelek Asası,tr
アーゴット,Urgot,tr
アービター,Hâkim,tr
アービターの紋章,Hâkim Amblemi,tr
アーフの福袋,Urf'ün Çekilişi,tr
アーフの策略,Urf Hamlesi,tr
アーリのオーラ,Ahri'nin Haresi,tr
アーリの恩恵,Ahri'nin Lütfu,tr
イブリンの恩恵,Evelynn'in Lütfu,tr
イブリンの直感,Evelynn'in İçgüdüsü,tr
イラオイ,Illaoi,tr
インフィニティ エッジ,Ebedi Kılıç,tr
インフィニティの守護,Ebedi Koruma,tr
イーブンシュラウド,Denge Örtüsü,tr
ウィッツ エンド,Aklın Sonu,tr
ウォーロードの名誉,Cengâver Onuru,tr
エイトロックス,Aatrox,tr
エクスペディション,Keşif Gezisi,tr
エグザイル,Sürgünler,tr
エコーの忍耐,Ekko'nun Sabrı,tr
エコーの恩恵,Ekko'nun Lütfu,tr
エズリアル,Ezreal,tr
エピックなロールダウン,Destansı Yenileme,tr
エポック,Yeni Çağ,tr
オレリオン・ソル,Aurelion Sol,tr
オレリオン・ソルの恩恵,Aurelion Sol'ün Lütfu,tr
オーグメントパワー,Gelişmiş Güç,tr
オーラ育成中,Zihinsel Hazırlık,tr
オーロラ,Aurora,tr
オーン,Ornn,tr
カイ＝サ,Kai'Sa,tr
カナとカネ,Kıymetli Metaller,tr
カフナフナ,Saklı Gerçek,tr
カルマ,Karma,tr
カースドのクラウン,Lanetli Taç,tr
ガーゴイル ストーンプレート,Gargoyl Taşzırhı,tr
キックスタート,Hızlı Başlangıç,tr
キンドレッド,Kindred,tr
ギャラクシー ハンター,Galaksi Avcısı,tr
クイックシルバー,Cıva,tr
クラウンガード,Kraliyet Başlığı,tr
クラーケンの怒り,Kraken'in Öfkesi,tr
クリティカル サクセス,Kritik Başarı,tr
グインソー レイジブレード,Guinsoo'nun Hiddeti,tr
グウェン,Gwen,tr
グラガス,Gragas,tr
グラスキャノン,Güçlü Ama Kırılgan,tr
グレイブス,Graves,tr
ケイトリン,Caitlyn,tr
ケイルの天昇,Kayle'ın Yüceliği,tr
ケイルの恩恵,Kayle'ın Lütfu,tr
ケイルの暁光の天昇,Kayle'ın Işıltılı Yüceliği,tr
コグニティブ オーバーロード,Bilişsel Patlama,tr
コグニティブ タックス,Bilişsel Vergi,tr
コマンダー,Komutan,tr
コマース コア,Ticaretin Özü,tr
コンジット,Medyum,tr
コンジットモード,Medyum Modu,tr
コンパニオン作成,Tam Donanımlı,tr
コーキ,Corki,tr
ゴーレム,Golem,tr
サイオニック,Psionik,tr
サイオニックの紋章,Psionik Amblemi,tr
サイズが大事,Boyut Önemli,tr
サイバネティック アップリンク,Sibernetik Aktarım,tr
サイバネティック インプラント,Sibernetik İmplant,tr
サバイバー,Sona Kalanlar,tr
サブスクリプション,Abonelik Hizmeti,tr
サミーラ,Samira,tr
サンファイア ケープ,Günateşi Pelerini,tr
サンファイア ボード,Günateşi Tahtası,tr
ザヤ,Xayah,tr
ザ・タワー,Kule,tr
シェン,Shen,tr
シマースケールのエッセンス,Parlakpul Özü,tr
ショウジンの矛,Shojin'in Mızrağı,tr
シルバーミアの夜明け,Gümüşgöl Şafağı,tr
シーカー アームガード,Maceracının Pazubendi,tr
ジャイアント スレイヤー,Dev Katili,tr
ジャイアント ベルト,Dev Kemeri,tr
ジャイアント&マイティ,Devasa ve Güçlü,tr
ジャストヒット,Aradığını Bul,tr
ジャックス,Jax,tr
ジュエル ガントレット,Mücevherli Eldiven,tr
ジュエル ロータス,Mücevherli Nilüfer,tr
ジン,Jhin,tr
ジンクス,Jinx,tr
ジークの使者,Zeke'nin Sancağı,tr
ジ＝ロット ポータル,Zz'Rot Kapısı,tr
スクラッパーの恩恵,Hurdacının Lütfu,tr
スタティック シヴ,Statikk Hançer,tr
ステラコンボ,Yıldız Kombosu,tr
ステラックの篭手,Sterak'ın Güvencesi,tr
ステータスマシマシ,Tonlarca Nitelik!,tr
ストライカー フレイル,Hücum Gürzü,tr
スナイパー,Keskin Nişancı,tr
スナイパーの紋章,Keskin Nişancı Amblemi,tr
スパーリング グローブ,İdman Eldiveni,tr
スピリット ビサージュ,Ruh Gömleği,tr
スペクトラル カトラス,Hortlak Palası,tr
スペースグルーヴ,Uzayın Ritmi,tr
スペースグルーヴの紋章,Uzayın Ritmi Amblemi,tr
スレッシュのランタン,Thresh'in Feneri,tr
スレッシュの恩恵,Thresh'in Lütfu,tr
セラフィムの杖,Melek Asası,tr
ゼド,Zed,tr
ゼファー,Karayel,tr
ソウルの目覚め,Ruh Uyanışı,tr
ソナ,Sona,tr
ソラカの奇跡,Soraka'nın Mucizesi,tr
ソラカの恩恵,Soraka'nın Lütfu,tr
ソラリのロケット,Demir Solari'nin Broşu,tr
ソード オーバーフロー,Kılıç Fazlalığı,tr
ゾーイ,Zoe,tr
タイタン ハイドラ,Haşmetli Hydra,tr
タイムブレーカー,Zamankıran,tr
タイムブレーカーの紋章,Zamankıran Amblemi,tr
タクティシャンのケープ,Strateji Ustası Pelerini,tr
タクティシャンの台所,Strateji Ustasının Mutfağı,tr
タクティシャンの王冠,Strateji Ustası Tacı,tr
タクティシャンの盾,Strateji Ustası Kalkanı,tr
タム・ケンチ,Tahm Kench,tr
タロン,Talon,tr
ターゲットロック スコープ,Hedefe Kilitlenen Optik,tr
ターミィプナル ヴェロシティー,Süper Hızlı Micin,tr
ダイアナ,Diana,tr
ダミー,Hedef Kuklası,tr
ダミー化,Kuklaya Dönüştür,tr
ダークスター,Sonsuz Karanlık,tr
ダークスターの紋章,Sonsuz Karanlık Amblemi,tr
チェイン ベスト,Zincir Yelek,tr
チャレンジャー,Atılgan,tr
チャレンジャーの紋章,Atılgan Amblemi,tr
チャレンジャーモード,Atılgan Modu,tr
チャージトランスファー,Yük Aktarımı,tr
チョ＝ガス,Cho'Gath,tr
チーム構築,Ekip Çalışması,tr
ツイてる気分,Şans Benimle,tr
ツイステッド・フェイト,Twisted Fate,tr
ツインガーディアン,İkiz Muhafızlar,tr
ティーモ,Teemo,tr
デスブレード,Ölüm Kılıcı,tr
デッドリアー ブレード,Ölümcül Bıçaklar,tr
デュオキュー,Çifte Ödül,tr
トライフェクタ,Üçlük,tr
トレードセクター,Ticaret Bölgesi,tr
ドゥーマー,Pesimist,tr
ドラゴン クロウ,Ejder Pençesi,tr
ドローン アップリンク,Dron Bağlantısı,tr
ドーンコア,Şafağın Özü,tr
ナイト エッジ,Gecenin Kıyısı,tr
ナサス,Nasus,tr
ナッシャー トゥース,Nashor'un Dişi,tr
ナミ,Nami,tr
ナー,Gnar,tr
ヌヌ & ウィルンプ,Nunu ve Willump,tr
ネガトロン クローク,Negatron Pelerini,tr
ハスラー,Dümenci,tr
ハンド オブ ジャスティス,Adaletin Eli,tr
バイオ物質保存装置,Biyomalzeme Koruyucusu,tr
バスティオン,Müdafi,tr
バスティオンの紋章,Müdafi Amblemi,tr
バフが1つ、バフが2つ,İki Kat Güçlendirme,tr
バロンの巣,Baron'un İni,tr
バースデー リユニオン,Doğum Günü Buluşması,tr
バースデープレゼント,Doğum Günü Hediyesi,tr
バード,Bard,tr
パイク,Pyke,tr
パンテオン,Pantheon,tr
パンドラのアイテム,Pandora'nın Eşyaları,tr
パンドラのベンチ,Pandora'nın Yedekleri,tr
パーティーアニマル,Parti Patisi,tr
ヒーリングオーブ,Şifalı Küreler,tr
ビクター,Viktor,tr
ビッグバン,Büyük Patlama,tr
ファイアセール,Zararına Satış,tr
ファクトリー ニュー,Özel Yapım,tr
フィオラ,Fiora,tr
フィズ,Fizz,tr
フィッシュボーン,Kılçık,tr
フェイトウィーバー,Kaderbaz,tr
フォビドゥン アイドル,Yasak İdol,tr
フォーが共にあらんことを,Dört Seninle Olsun,tr
フライパン,Kızartma Tavası,tr
フリッカーブレード,Tezbıçak,tr
ブライアー,Briar,tr
ブラッドサースター,Kanasusamış,tr
ブランブル ベスト,Dikenli Yelek,tr
ブリッツクランク,Blitzcrank,tr
ブルワーク,Siper,tr
ブルーバフ,Mavi Güçlendirme,tr
ブローラー,Dövüşçü,tr
ブローラーの紋章,Dövüşçü Amblemi,tr
ブースターパック,Takviye Paketi,tr
プライモーディアン,Primordia'lı,tr
プライモーディアンの紋章,Primordia'lı Amblemi,tr
プリズムチケット,Prizmatik Bilet,tr
プロの殺し屋,Kiralık Katil,tr
プロテクターの誓い,Muhafızın Adağı,tr
プロボクサー,Ödüllü Müsabaka,tr
プローラー クロウ,Sinsi Pençe,tr
ヘクステック ガンブレード,Hextech Silahkılıç,tr
ヘッジファンド,Serbest Yatırım Fonu,tr
ベイガー,Veigar,tr
ベストフレンド,Can Dostları,tr
ベルト オーバーフロー,Kemer Fazlalığı,tr
ベル＝ヴェス,Bel'Veth,tr
ホライゾン フォーカス,Ufukgetiren,tr
ボイジャー,Seyyah,tr
ボイジャーの紋章,Seyyah Amblemi,tr
ボカッ！,Bonk!,tr
ボクシングのレッスン,Boks Dersi,tr
ボディーガードの訓練,Koruma Eğitimi,tr
ポッピー,Poppy,tr
ポータブル フォージ,Taşınabilir Ocak,tr
マイティーロボ,Muhteşem Meka,tr
マオカイ,Maokai,tr
マスター・イー,Master Yi,tr
マックスビルド,Azami Dizilim,tr
マルウェア マトリックス,Kötü Yazılım Matrisi,tr
マーターズ ヴァーチュ,Fedakârlığın Erdemi,tr
ミィプシー,Micincik,tr
ミィプル,Micingil,tr
ミィプルの紋章,Micingil Amblemi,tr
ミスコネクション,Tanışma Toplantısı,tr
ミス・フォーチュン,Miss Fortune,tr
ミッションの再開,Tekrar Dene,tr
ミトン,Pofuduk Eldiven,tr
ミニブラックホール,Mini Kara Delik,tr
ミニマックス,Kusursuzluk Arayışı,tr
ミリオ,Milio,tr
ムダニ デカイ ロッド,Aşırı Büyük Sopa,tr
メイスの決意,Gürzün Dileği,tr
メカ,Meka,tr
モルガナ,Morgana,tr
モルデカイザー,Mordekaiser,tr
モレロノミコン,Morellonomikon,tr
ヤスオのゴールドのマス,Yasuo'nun Altın Hücresi,tr
ヤスオのスポットライトをシェア,Yasuo'nun İlgi Budalası Eklentisi,tr
ヤスオのブレードワーク,Yasuo'nun Kılıç Sanatı,tr
ヤスオの恩恵,Yasuo'nun Lütfu,tr
ライトシールドのクレスト,Lightshield Arması,tr
ラインナップ,Dizilim,tr
ラスト ウィスパー,Son Fısıltı,tr
ラッキーグローブ,Şanslı Eldiven,tr
ラバドン デスキャップ,Rabadon'un Şapkası,tr
ラピッド ファイアキャノン,Bombardıman Topu,tr
ラムス,Rammus,tr
ラースト,Rhaast,tr
リカーブ ボウ,Nişancı Yayı,tr
リサンドラ,Lissandra,tr
リッチ ベイン,Lich Boğan,tr
リデンプションの魂,Kefaret Ruhu,tr
リフトスカトル,Yampiri Yengeç,tr
リヴェン,Riven,tr
ルブラン,LeBlanc,tr
ルル,Lulu,tr
ルーデン テンペスト,Luden'in Çığlığı,tr
レイトゲーム スケーリング,İleri Safha Gücü,tr
レイトゲーム スペシャリスト,İleri Safhalarda Görüşürüz,tr
レオナ,Leona,tr
レク＝サイ,Rek'Sai,tr
レッドバフ,Kırmızı Güçlendirme,tr
レプリケーター,Replikacı,tr
レプリケーターモード,Replikacı Modu,tr
レベルアップ！,Seviye Atla!,tr
ローグ,Sinsi,tr
ローグの紋章,Sinsi Amblemi,tr
ローリングデイズ,Durmadan Yenile,tr
ワン、ツー、ファイブ！,"Bir, İki, Beş!",tr
ワンド オーバーフロー,Sopa Fazlalığı,tr
ワーモグ アーマー,Warmog'un Zırhı,tr
ヴァルスの執念,Varus'un Saplantısı,tr
ヴァルスの恩恵,Varus'un Lütfu,tr
ヴァンガード,Öncü,tr
ヴァンガードの紋章,Öncü Amblemi,tr
ヴェックス,Vex,tr
ヴォイド ガントレット,Hiçlik Eldiveni,tr
ヴォイド スタッフ,Hiçlik Değneği,tr
一 二 三,Bir İki Üç,tr
一、二、五！,"Bir, İki, Beş!",tr
一个增益，两个增益,İki Kat Güçlendirme,tr
一二三,Bir İki Üç,tr
一人前プレート,Yalnız Zırh,tr
一個Buff，兩個Buff,İki Kat Güçlendirme,tr
一击即中,Aradığını Bul,tr
一棒入魂！,Bonk!,tr
一波带走俩,Hızlı İkide İki,tr
一生挚友,Can Dostları,tr
一生摯友,Can Dostları,tr
一着险棋,Kaz Gelecek Yerden...,tr
一致団結,Birlikten Kuvvet Doğar,tr
一致団結,Takım Çalışması,tr
一點點重抽魔法,Kısmen Büyülü Zar,tr
一，二，三,Bir İki Üç,tr
一，二，五！,"Bir, İki, Beş!",tr
七彩棱镜入场券,Prizmatik Bilet,tr
三幻神,Üçler Ordusu,tr
三相庇护,Ebedi Koruma,tr
三费军团,Üçler Ordusu,tr
三連勝I,Üçlük,tr
三重奏,Üçlük,tr
三项赛,Üçlük,tr
上方移動,Daimi Yükseliş,tr
上进心,Daimi Yükseliş,tr
不侦察，不变阵,Yolumdan Dönmem,tr
不偵察不換陣容,Yolumdan Dönmem,tr
不完全アセンション,Kısmi Yükseliş,tr
不完全飛昇,Kısmi Yükseliş,tr
不屈,Yenilmez,tr
不屈鬥魂,Yenilmez,tr
不惜代價,Ne Pahasına?,tr
不滅の協定,Ebedi Anlaşma,tr
不破金鋼,Yaldızlı Çelik,tr
不计代价,Ne Pahasına?,tr
不適合者,Uyumsuzlar,tr
专属定制,Kişiselleştirme Fırsatı,tr
专打后期,İleri Safhalarda Görüşürüz,tr
专注火焰,Odaklı Ateş,tr
两倍价值,İki Elin Sesi Var,tr
並肩作戰,Birlikten Kuvvet Doğar,tr
中堅自強,Merkezini Bul,tr
临时战甲,Eğreti Zırh,tr
主人公補正,Ana Karaktere Bir Şey Olmaz,tr
主角威能,Ana Karaktere Bir Şey Olmaz,tr
丽桑卓,Lissandra,tr
丽珊卓,Lissandra,tr
乌尔加特,Urgot,tr
乐芙兰,LeBlanc,tr
乱れる思考,Zihin Bulanıklığı,tr
亚托克斯,Aatrox,tr
亚索的共享聚光灯,Yasuo'nun İlgi Budalası Eklentisi,tr
亚索的剑艺,Yasuo'nun Kılıç Sanatı,tr
亚索的恩赐,Yasuo'nun Lütfu,tr
亚索的黄金格,Yasuo'nun Altın Hücresi,tr
交易之星,Ticaret Bölgesi,tr
人多好辦事,Takım Çalışması,tr
人生切片,Hayattan Bir Kesit,tr
仕送り,İhtiyaç Paketi,tr
仙灵斗士,Ulvi Düellocu,tr
代价是什么,Ne Pahasına?,tr
代償,Ne Pahasına?,tr
仲裁者,Hâkim,tr
仲裁者徽章,Hâkim Amblemi,tr
仲間を作ろう,Tam Teşekküllü,tr
仿生上行链,Sibernetik Aktarım,tr
仿生植入物,Sibernetik İmplant,tr
伊泽瑞尔,Ezreal,tr
伊澤瑞爾,Ezreal,tr
伊罗旖,Illaoi,tr
伊羅旖,Illaoi,tr
伊芙琳的增益,Evelynn'in Lütfu,tr
伊芙琳的恩赐,Evelynn'in Lütfu,tr
伊芙琳的本能,Evelynn'in İçgüdüsü,tr
伊芙琳的祝福,Evelynn'in Lütfu,tr
休眠锻炉,Ocağı Harla,tr
伸手摘星,Yıldızlara Uzan,tr
伸手摘群星,Yıldızlara Uzan,tr
低调炫耀,Zihinsel Hazırlık,tr
佐伊,Zoe,tr
侵略者ゼド,İstilacı Zed,tr
便携锻炉,Taşınabilir Ocak,tr
俄洛伊,Illaoi,tr
保卫者之誓,Muhafızın Adağı,tr
保衛者之誓,Muhafızın Adağı,tr
保鑣訓練,Koruma Eğitimi,tr
保镖训练,Koruma Eğitimi,tr
修复型回响,Şifalı Yankılar,tr
俺だけレベルアップ,Ben Tek Siz Hepiniz,tr
值得等待,Beklemeye Değer,tr
假人化,Kuklaya Dönüştür,tr
做多,Gözü Yükseklerde,tr
偵察なし、変更なし,Yolumdan Dönmem,tr
備用弓箭,Yedek Yaylar,tr
储蓄账户,Birikim Hesabı,tr
價值爆棚,İki Elin Sesi Var,tr
儲蓄帳戶,Birikim Hesabı,tr
充能转移,Yük Aktarımı,tr
先知,Kâhin,tr
先見性,İleri Görüşlülük,tr
先鋒戰士,Öncü,tr
先鋒戰士徽章,Öncü Amblemi,tr
先锋战士,Öncü,tr
先锋战士徽章,Öncü Amblemi,tr
光明无赖,Işıltılı Serseri,tr
光盾之紋,Lightshield Arması,tr
光盾之纹,Lightshield Arması,tr
光盾徽章,Lightshield Arması,tr
入侵者 劫,İstilacı Zed,tr
全力以赴,Sadakat,tr
全新出厂,Özel Yapım,tr
全身全霊,Sadakat,tr
共感インプラント,Sinir İmplantı,tr
共感植入,Sinir İmplantı,tr
关,Gwen,tr
关爱包裹,İhtiyaç Paketi,tr
兹若特传送门,Zz'Rot Kapısı,tr
内瑟斯,Nasus,tr
再起の呪印,Dirilme Lütfu,tr
再造神兵,Özel Yapım,tr
冒险举动,Kaz Gelecek Yerden...,tr
冕卫,Kraliyet Başlığı,tr
军工1号,Özel Yapım,tr
冲击火炮,Bombardıman Topu,tr
冲榜战士,Tırmanışa Devam,tr
冷酷なるジークの使者,Zeke'nin Kasvetli Sancağı,tr
凋零的遗物,Yıpranmış Antika,tr
凋零聖物,Yıpranmış Antika,tr
凯尔的光明崇拜,Kayle'ın Işıltılı Yüceliği,tr
凯尔的升腾,Kayle'ın Yüceliği,tr
凯尔的圣光升腾,Kayle'ın Işıltılı Yüceliği,tr
凯尔的增益,Kayle'ın Lütfu,tr
凯尔的崇拜,Kayle'ın Yüceliği,tr
凯尔的恩赐,Kayle'ın Lütfu,tr
凯特琳,Caitlyn,tr
凯莎,Kai'Sa,tr
凱爾的祝福,Kayle'ın Lütfu,tr
凱爾的聖光讚頌,Kayle'ın Işıltılı Yüceliği,tr
凱爾的讚頌,Kayle'ın Yüceliği,tr
凱特琳,Caitlyn,tr
凱莎,Kai'Sa,tr
出身豪门,Eşsiz Deneyim,tr
出陣,Savaş Yolu,tr
刀劍湧流,Kılıç Fazlalığı,tr
刃馬合一,Savaş Yolu,tr
刃马合一,Savaş Yolu,tr
列队,Dizilim,tr
初級鏡像人格,Küçük Benlik Aynası,tr
利落保镖,Koruma Eğitimi,tr
别再错过,Tanışma Toplantısı,tr
刹雅,Xayah,tr
刺藤胸甲,Dikenli Yelek,tr
刻苦钻研,Hayat Deneyimi,tr
前借り,Yüklü Borç,tr
前排地基,Dayanıklı Ön Sıra,tr
前瞻思维,İleri Görüşlülük,tr
前線基礎,Dayanıklı Ön Sıra,tr
前線維持,Safları Koru,tr
前线地基,Dayanıklı Ön Sıra,tr
前衛の礎,Dayanıklı Ön Sıra,tr
剎雅,Xayah,tr
剑之工匠,Kılıç İşçisi,tr
剣鍛冶,Kılıç İşçisi,tr
副作用,Yan Etkiler,tr
劍匠,Kılıç İşçisi,tr
力に鍛えられしもの,Güçle İşlenmiş,tr
力の聖杯,Güç Kadehi,tr
力炼之躯,Güçle İşlenmiş,tr
力量圣杯,Güç Kadehi,tr
力量聖杯,Güç Kadehi,tr
力量鍛造,Güçle İşlenmiş,tr
加速開始,Hızlı Başlangıç,tr
劣化版鏡像のペルソナ,Küçük Benlik Aynası,tr
努努和威朗普,Nunu ve Willump,tr
劫,Zed,tr
劫掠者,Yağmacı,tr
劫掠者徽章,Yağmacı Amblemi,tr
勒哈斯特,Rhaast,tr
勒布朗,LeBlanc,tr
勝ち抜け,Hızlı Yükseliş,tr
千珏,Kindred,tr
升华护符,Uluların Tılsımı,tr
升星之运,Yenilemeye Devam,tr
升級！,Seviye Atla!,tr
升级咯！,Seviye Atla!,tr
升级！,Seviye Atla!,tr
午餐錢,Ekmek Parası İşte,tr
午餐钱,Ekmek Parası İşte,tr
半导体,Yarı İletken,tr
半导体装置,Yarı İletken,tr
半導体,Yarı İletken,tr
半導體,Yarı İletken,tr
卑尔维斯,Bel'Veth,tr
单身板甲,Yalnız Zırh,tr
博弈开启,Hızlı Başlangıç,tr
占星師,Yıldız Gözlemcisi,tr
占星師徽章,Yıldız Gözlemcisi Amblemi,tr
卡尔玛,Karma,tr
卡帕果汁,Şapkat Nektarı,tr
卡玛,Karma,tr
卡瑪,Karma,tr
卡胡纳胡纳,Saklı Gerçek,tr
卡莎,Kai'Sa,tr
卢登的激荡,Luden'in Çığlığı,tr
卢登骤雨,Luden'in Çığlığı,tr
即席アーマー,Eğreti Zırh,tr
厄加特,Urgot,tr
厄萨斯,Aatrox,tr
厄薩斯,Aatrox,tr
厄运小姐,Miss Fortune,tr
厄運使者,Pesimist,tr
厨神阿福,U.R.F.,tr
友を鍛える,Güçlü Arkadaşlık,tr
双城赢家,Viktor'un Sihri,tr
双子守护神,İkiz Muhafızlar,tr
双子守护者,İkiz Muhafızlar,tr
双排,Çifte Ödül,tr
反响,Kopyalama Süreci,tr
反曲之弓,Nişancı Yayı,tr
反曲弓,Nişancı Yayı,tr
发条加速器,Mekanik Hızlandırıcı,tr
发条增速器,Mekanik Hızlandırıcı,tr
受到星神赐福,Hükümdarın Seçimi,tr
变形重组器,Evriştirici,tr
叛逆者,Uyumsuzlar,tr
叛道者,Sinsi,tr
叛道者徽章,Sinsi Amblemi,tr
古拉加斯,Gragas,tr
古拉格斯,Gragas,tr
另辟新境,Dallan Budaklan,tr
叩きつけ,Anı Yaşa,tr
可大可小,Kusursuzluk Arayışı,tr
可疑風衣,Gizemli Trençkot,tr
可疑风衣,Gizemli Trençkot,tr
史提克弹簧刀,Statikk Hançer,tr
史提克彈簧刀,Statikk Hançer,tr
史特拉克手套,Sterak'ın Güvencesi,tr
史詩重抽,Destansı Yenileme,tr
史诗重骰,Destansı Yenileme,tr
吉茵珂丝,Jinx,tr
吉茵珂絲,Jinx,tr
后排蓝图,Arka Sıra Savunması,tr
后期专家,İleri Safhalarda Görüşürüz,tr
后期成长,İleri Safha Gücü,tr
后期收益,İleri Safha Gücü,tr
向上流動,Daimi Yükseliş,tr
吶兒,Gnar,tr
吸血の胆力,Vampirî Zindelik,tr
吸血活力,Vampirî Zindelik,tr
吸血活力I,Vampirî Zindelik,tr
吸血生命力,Vampirî Zindelik,tr
吾弓听命于您,Yayım Yayındır,tr
吾弓效命於您,Yayım Yayındır,tr
呐儿,Gnar,tr
呪いの刃,Lanetli Kılıç,tr
命懸けの戦い,Kaz Gelecek Yerden...,tr
命运祭司,Kâhin,tr
命运编织者,Kaderbaz,tr
命運編織者,Kaderbaz,tr
商业核心,Ticaretin Özü,tr
單人磐核,Yalnız Zırh,tr
嗜血者,Kanasusamış,tr
嘟嘟好,Aradığını Bul,tr
四费增援,Dört Dörtlük,tr
四重援軍,Dört Dörtlük,tr
回収箱,Mal Kurtarma,tr
回收再利用,Mal Kurtarma,tr
回春,İkinci Şans,tr
团队建设,Ekip Çalışması,tr
圣光审判者,Arındırıcı,tr
圣光捣蛋鬼,Işıltılı Serseri,tr
圣盾使的誓约,Muhafızın Adağı,tr
地底寶藏,Gömülü Hazineler,tr
均等法衣,Denge Örtüsü,tr
坚守前线,Safları Koru,tr
坚守防线,Safları Koru,tr
坚定之心,Kararlı Yürek,tr
坚毅之心,Kararlı Yürek,tr
坦度成双,Şok Dayanıklı,tr
坦度雙倍,Şok Dayanıklı,tr
埋もれた宝物,Gömülü Hazineler,tr
埋藏的宝物,Gömülü Hazineler,tr
基克的先驱,Zeke'nin Sancağı,tr
基克的阴森先驱,Zeke'nin Kasvetli Sancağı,tr
堅守前線,Safları Koru,tr
堅定之心,Kararlı Yürek,tr
堡垒,Siper,tr
堡垒卫士,Müdafi,tr
堡垒卫士纹章,Müdafi Amblemi,tr
堡壘衛士,Müdafi,tr
堡壘衛士徽章,Müdafi Amblemi,tr
報復,Adaletin Yumruğu,tr
塔姆,Tahm Kench,tr
塔楼,Kule,tr
塔隆,Talon,tr
增幅之力,Gelişmiş Güç,tr
增援部队,Dört Dörtlük,tr
壁垒,Müdafi,tr
壁垒徽章,Müdafi Amblemi,tr
备用弓,Yedek Yaylar,tr
复仇,Adaletin Yumruğu,tr
复制,Kopyalama Süreci,tr
复制者,Replikacı,tr
复制者模式,Replikacı Modu,tr
复活恩赐,Dirilme Lütfu,tr
复活的恩赐,Dirilme Lütfu,tr
复苏之风,İkinci Şans,tr
夕闇の加護,Alacakaranlık Kalkanı,tr
夜之锋刃,Gecenin Kıyısı,tr
夜明けの加護,Şafak Kalkanı,tr
夜色緣界,Gecenin Kıyısı,tr
夜色缘界,Gecenin Kıyısı,tr
大きな福袋,Büyük Çekiliş,tr
大买特买,Alışveriş Çılgınlığı,tr
大剑溢流,Kılıç Fazlalığı,tr
大剑过载,Kılıç Fazlalığı,tr
大器晚成,İleri Safha Gücü,tr
大型惊喜包,Büyük Çekiliş,tr
大天使之杖,Başmelek Asası,tr
大家來抱抱,Grup Kucaklaşması,tr
大小很重要,Boyut Önemli,tr
大百宝袋,Büyük Çekiliş,tr
大禮包,Büyük Çekiliş,tr
大而有力,Devasa ve Güçlü,tr
大霹雳星系,Büyük Patlama,tr
大霹靂星系,Büyük Patlama,tr
天外橫財,Gökten Yağan Altın,tr
天煞,Galaksi Avcısı,tr
天煞灭影：劫,İstilacı Zed,tr
太空律动,Uzayın Ritmi,tr
太空律动徽章,Uzayın Ritmi Amblemi,tr
太空律动纹章,Uzayın Ritmi Amblemi,tr
太空律動,Uzayın Ritmi,tr
太空律動徽章,Uzayın Ritmi Amblemi,tr
失去联络,Tanışma Toplantısı,tr
契約殺手,Kiralık Katil,tr
奢侈品订购,Lüks Aboneliği,tr
奢华订阅,Lüks Aboneliği,tr
奥恩,Ornn,tr
奥术 维克特式胜利,Viktor'un Sihri,tr
奥瑞利安·索尔,Aurelion Sol,tr
奥瑞利安·索尔的恩赐,Aurelion Sol'ün Lütfu,tr
奧術：維克特必勝,Viktor'un Sihri,tr
女武神的祝福,Hurdacının Lütfu,tr
女神の涙,Tanrıça'nın Gözyaşı,tr
女神之泪,Tanrıça'nın Gözyaşı,tr
女神之淚,Tanrıça'nın Gözyaşı,tr
好きなだけ泣くがいい,Gözyaşları Sel,tr
好战者的恩赐,Hurdacının Lütfu,tr
好战者铠甲,Warmog'un Zırhı,tr
好戰者鎧甲,Warmog'un Zırhı,tr
好运姐,Miss Fortune,tr
好运手套,Şanslı Eldiven,tr
好運姐,Miss Fortune,tr
好運手套,Şanslı Eldiven,tr
娑娜,Sona,tr
娜米,Nami,tr
娜美,Nami,tr
存心失利,Planlı Mağlubiyet,tr
孤身铁铠,Yalnız Zırh,tr
宇宙の再起,Kozmik Başlangıç,tr
宇宙大爆炸,Büyük Patlama,tr
宇宙重启,Kozmik Başlangıç,tr
宇宙重啟,Kozmik Başlangıç,tr
守望者之友,Koruyucunun Müttefiki,tr
守望者的盟友,Koruyucunun Müttefiki,tr
宝宝学院,İlk Öğretiler,tr
宝探し,Hazine Avı,tr
宝石手套,Mücevherli Eldiven,tr
寂静法衣,Sükûnet Örtüsü,tr
寂靜法衣,Sükûnet Örtüsü,tr
密银黎明,Gümüşgöl Şafağı,tr
寶石手套,Mücevherli Eldiven,tr
对冲基金,Serbest Yatırım Fonu,tr
寻宝,Hazine Avı,tr
寻宝之旅,Hazine Avı,tr
导能者,Medyum,tr
导能者模式,Medyum Modu,tr
專打後期,İleri Safhalarda Görüşürüz,tr
尋寶遊戲,Hazine Avı,tr
導き手,Kılavuz,tr
導き手の紋章,Kılavuz Amblemi,tr
小さくても強烈,Minik Ama Ölümcül,tr
小さな仲間たち,Minik Dostlar,tr
小さな巨人,Minik Devler,tr
小さな福袋,Ufak Çekiliş,tr
小伙伴,Minik Dostlar,tr
小偷小摸,Arakla,tr
小型惊喜包,Ufak Çekiliş,tr
小型禮包,Ufak Çekiliş,tr
小小伙伴,Minik Dostlar,tr
小小夥伴,Minik Dostlar,tr
小小大英雄,Minik Devler,tr
小小泰坦,En Minik Dev,tr
小小福袋,Ufak Çekiliş,tr
小巧但致命,Minik Ama Ölümcül,tr
小巨人,Minik Devler,tr
小木灵,Micincik,tr
小米普,Micincik,tr
小而致命,Minik Ama Ölümcül,tr
就差你一個,Tanışma Toplantısı,tr
尺寸至上,Boyut Önemli,tr
尺有所短、寸有所长,Boyut Önemli,tr
峡谷迅捷蟹,Yampiri Yengeç,tr
崇高の冒険,Haşmetli Macera,tr
崇高冒险,Haşmetli Macera,tr
崔斯特,Twisted Fate,tr
巧みなクラフト,El Emeği Göz Nuru,tr
巨人の誓い,Titanın Azmi,tr
巨人之力,Devasa ve Güçlü,tr
巨人杀手,Dev Katili,tr
巨人殺手,Dev Katili,tr
巨人腰带,Dev Kemeri,tr
巨人腰帶,Dev Kemeri,tr
巨型九头蛇,Haşmetli Hydra,tr
巨型魔棒,Aşırı Büyük Sopa,tr
巨大強悍,Devasa ve Güçlü,tr
巨龙之爪,Ejder Pençesi,tr
巫妖之祸,Lich Boğan,tr
巫妖之禍,Lich Boğan,tr
巴德,Bard,tr
巴龍巢穴,Baron'un İni,tr
巴龙幻域,Baron'un İni,tr
布蕾尔,Briar,tr
布蕾爾,Briar,tr
布里茨,Blitzcrank,tr
帽子ジュース,Şapkat Nektarı,tr
帽子饮品,Şapkat Nektarı,tr
帽帽果汁,Şapkat Nektarı,tr
平底鍋,Kızartma Tavası,tr
平底锅,Kızartma Tavası,tr
并肩作战,Birlikten Kuvvet Doğar,tr
幸存者,Sona Kalanlar,tr
幸运手套,Şanslı Eldiven,tr
幻灵战队,Anima,tr
幻灵战队纹章,Anima Amblemi,tr
幻灵指挥官,Anima Komutanı,tr
幽冥煞星,Sonsuz Karanlık,tr
幽冥煞星徽章,Sonsuz Karanlık Amblemi,tr
幽魂弯刀,Hortlak Palası,tr
広がる根,Yayılan Kökler,tr
庇護者のお供,Koruyucunun Müttefiki,tr
库奇,Corki,tr
应急护甲,Eğreti Zırh,tr
应急护盾,Ana Karaktere Bir Şey Olmaz,tr
庫奇,Corki,tr
建立團隊,Ekip Çalışması,tr
开摆,AFK,tr
异类,Uyumsuzlar,tr
弓の誓い,Yayım Yayındır,tr
強制中離,AFK,tr
強力投入,Sadakat,tr
強化包,Takviye Paketi,tr
强制中离,AFK,tr
强化之能量,Gelişmiş Güç,tr
强大机甲,Muhteşem Meka,tr
强袭者的链枷,Hücum Gürzü,tr
当头棒喝！,Bonk!,tr
影の操り人形,Gölge Kukla,tr
影子木偶,Gölge Kukla,tr
影忍煞星：劫,İstilacı Zed,tr
征战之路,Savaş Yolu,tr
待つ価値あり,Beklemeye Değer,tr
後排藍圖,Arka Sıra Savunması,tr
後衛の設計図,Arka Sıra Savunması,tr
復仇,Adaletin Yumruğu,tr
復刻師,Replikacı,tr
復刻師模式,Replikacı Modu,tr
復活祝福,Dirilme Lütfu,tr
循序漸進,Hayattan Bir Kesit,tr
微光龍鱗精粹,Parlakpul Özü,tr
微光龙鳞精萃,Parlakpul Özü,tr
心之抗防,Çelikten Yürek,tr
心之钢,Çelikten Yürek,tr
心身統御のペンダント,Zindelik Broşu,tr
忍耐の美徳,Sabır Erdemdir,tr
忍耐是美德,Sabır Erdemdir,tr
快速入门,Hızlı Başlangıç,tr
思惑買い,Gözü Yükseklerde,tr
思緒清晰,Zihin Açıklığı,tr
思緒雜亂,Zihin Bulanıklığı,tr
思绪杂乱,Zihin Bulanıklığı,tr
思绪清晰,Zihin Açıklığı,tr
怪しげなトレンチコート,Gizemli Trençkot,tr
怪咖集合,Uyumsuzlar,tr
恶意变现,Kötü Niyetli Kazanç,tr
恶意货币化,Kötü Niyetli Kazanç,tr
恶意软件矩阵,Kötü Yazılım Matrisi,tr
恶火小斧,Cehennem Ateşi Baltası,tr
恶鲨火箭,Kılçık,tr
惡性經營,Kötü Niyetli Kazanç,tr
惡意程式矩陣,Kötü Yazılım Matrisi,tr
惡鯊火箭,Kılçık,tr
想定内の意外性,Beklenen Beklenmezlik,tr
意料之中的意外,Beklenen Beklenmezlik,tr
愿四费与你同在,Dört Seninle Olsun,tr
慎,Shen,tr
成吨数据！,Tonlarca Nitelik!,tr
成吨的属性！,Tonlarca Nitelik!,tr
我们团结一致,Birliğin Gücü,tr
我弓于你手,Yayım Yayındır,tr
我独自升级,Ben Tek Siz Hepiniz,tr
战时补给：反曲之弓,Yedek Yaylar,tr
战时补给：女神之泪,Akan Gözyaşları,tr
战时补给：拳套,Kritik Başarı,tr
战时补给：无用大棒,Sonsuz Büyü,tr
战时补给：暴风大剑,Bir Yol Çiz,tr
战神的荣耀,Cengâver Onuru,tr
戦略的敗北,Planlı Mağlubiyet,tr
戰國軍閥之榮耀,Cengâver Onuru,tr
戰錘意志,Gürzün Dileği,tr
手套,Pofuduk Eldiven,tr
手气不错,Şans Benimle,tr
打手连枷,Hücum Gürzü,tr
打手連枷,Hücum Gürzü,tr
打捞桶,Mal Kurtarma,tr
打造夥伴,Tam Donanımlı,tr
扩展包,Takviye Paketi,tr
投資,Yatırımın Getirisi,tr
投資完了,Yatırımın Getirisi,tr
投资,Yatırımın Getirisi,tr
抽好抽滿I,Durmadan Yenile,tr
拉亚斯特,Rhaast,tr
拉姆斯,Rammus,tr
拉莫斯,Rammus,tr
拓展包,Takviye Paketi,tr
招兵买马,Taze Kan,tr
招兵買馬,Taze Kan,tr
拥抱,Grup Kucaklaşması,tr
拳击训练,Boks Dersi,tr
拳击课程,Boks Dersi,tr
拳套,İdman Eldiveni,tr
拳擊訓練,Boks Dersi,tr
拳擊選手,Ödüllü Müsabaka,tr
指挥官,Komutan,tr
指揮官,Komutan,tr
挑个好伙计！,Tam Donanımlı,tr
挑战者,Atılgan,tr
挑战者徽章,Atılgan Amblemi,tr
挑战者模式,Atılgan Modu,tr
挑战者纹章,Atılgan Amblemi,tr
挖角,Arakla,tr
振奋盔甲,Ruh Gömleği,tr
振奮盔甲,Ruh Gömleği,tr
排兵布阵,Dizilim,tr
探索者护腕,Maceracının Pazubendi,tr
探索者的护臂,Maceracının Pazubendi,tr
探索者護腕,Maceracının Pazubendi,tr
提摩,Teemo,tr
提莫,Teemo,tr
援護の弓,Yedek Yaylar,tr
揺るがぬ心,Kararlı Yürek,tr
携带型打铁铺,Taşınabilir Ocak,tr
携手合作,Takım Çalışması,tr
摇钱树,Gökten Yağan Altın,tr
摘星之志,Yıldızlara Uzan,tr
攀升之階I,Tırmanışa Devam,tr
攀登天梯,Tırmanışa Devam,tr
攜帶型打鐵舖,Taşınabilir Ocak,tr
攜手同行,Birliğin Gücü,tr
支配宝匣,Zindelik Broşu,tr
支配寶匣,Zindelik Broşu,tr
放電,Elektroşarj,tr
救世主,Arındırıcı,tr
救済者,Arındırıcı,tr
救赎之灵,Kefaret Ruhu,tr
救赎盔甲,Kefaret Ruhu,tr
散件丰收日,Bileşen Eşya Soygunu,tr
斗士,Dövüşçü,tr
斗士纹章,Dövüşçü Amblemi,tr
斗神,Ulvi Düellocu,tr
斗神的恩赐,Hurdacının Lütfu,tr
斜槓英雄,Dallan Budaklan,tr
斯塔缇克电刃,Statikk Hançer,tr
斯特拉克的挑战护手,Sterak'ın Güvencesi,tr
新人入队,Taze Kan,tr
新兵,Taze Kan,tr
新星特攻队,N.O.V.A.,tr
新星特攻队纹章,N.O.V.A. Amblemi,tr
新纪元,Yeni Çağ,tr
旅人,Seyyah,tr
旅人纹章,Seyyah Amblemi,tr
无人机上行链路,Dron Bağlantısı,tr
无尽之刃,Ebedi Kılıç,tr
无尽守护,Ebedi Koruma,tr
无尽绝望,Sonsuz Çaresizlik,tr
无差别攻击,Herkesin Katili,tr
无差别杀手,Herkesin Katili,tr
无用大棒,Aşırı Büyük Sopa,tr
无终恨意,Sonsuz Çaresizlik,tr
日炎斗篷,Günateşi Pelerini,tr
日炎棋盘,Günateşi Tahtası,tr
日炎燎原,Günateşi Tahtası,tr
日輪的加冕,Demir Solari'nin Broşu,tr
日轮的加冕,Demir Solari'nin Broşu,tr
早期教育,İlk Öğretiler,tr
昇華護符,Uluların Tılsımı,tr
明智消费,Akıllı Harcama,tr
明鏡止水,Zihin Açıklığı,tr
易,Master Yi,tr
易大师,Master Yi,tr
易大師,Master Yi,tr
星の観測者,Yıldız Gözlemcisi,tr
星の観測者の紋章,Yıldız Gözlemcisi Amblemi,tr
星を目指して,Yıldızlara Uzan,tr
星光连击,Yıldız Kombosu,tr
星光連鎖,Yıldız Kombosu,tr
星界壁壘,Siper,tr
星界连招,Yıldız Kombosu,tr
星界重启,Kozmik Başlangıç,tr
星際旅人,Seyyah,tr
星際旅人徽章,Seyyah Amblemi,tr
星靈牧者,Kılavuz,tr
星靈牧者徽章,Kılavuz Amblemi,tr
昼食代,Ekmek Parası İşte,tr
時計仕掛けの加速装置,Mekanik Hızlandırıcı,tr
時間破壞者,Zamankıran,tr
時間破壞者徽章,Zamankıran Amblemi,tr
普通の日々,Hayattan Bir Kesit,tr
普通預金口座,Birikim Hesabı,tr
智商稅,Bilişsel Vergi,tr
智慧末刃,Aklın Sonu,tr
暗影傀儡,Gölge Kukla,tr
暗影木偶,Gölge Kukla,tr
暗星,Sonsuz Karanlık,tr
暗星纹章,Sonsuz Karanlık Amblemi,tr
暗行者之爪,Sinsi Pençe,tr
暗黑女士,Karanlık Leydi,tr
暮光铁壁,Siper,tr
暮夜之盾,Alacakaranlık Kalkanı,tr
暴击式成功,Kritik Başarı,tr
暴風之劍,TEK Kılıcı,tr
暴风之剑,TEK Kılıcı,tr
暴风大剑,TEK Kılıcı,tr
曙光核心,Şafağın Özü,tr
更致命之刃,Ölümcül Bıçaklar,tr
更要命的帽子,Güçlü Şapkalar,tr
更要命的战刃,Ölümcül Bıçaklar,tr
最佳好友,Can Dostları,tr
最后的轻语,Son Fısıltı,tr
最后耳语,Son Fısıltı,tr
最后赢家,Hızlı Yükseliş,tr
最大最小化,Kusursuzluk Arayışı,tr
最小巨人,En Minik Dev,tr
最強の四配者,Dört Dörtlük,tr
最强构筑,Azami Dizilim,tr
最後耳語,Son Fısıltı,tr
最高指挥官,Komutan,tr
有効活用,Kedi Olalı Bir Fare,tr
有用之材,Kedi Olalı Bir Fare,tr
朔极之矛,Shojin'in Mızrağı,tr
木偶化,Kuklaya Dönüştür,tr
木灵族,Micingil,tr
木灵族纹章,Micingil Amblemi,tr
未来の鍛冶場,Ocağı Harla,tr
未来战士,Zamankıran,tr
未来战士纹章,Zamankıran Amblemi,tr
末日使者,Pesimist,tr
机甲神盾,Meka,tr
杀出血路,Bir Yol Çiz,tr
权杖意志,Gürzün Dileği,tr
杖之工匠,Sopa İşçisi,tr
杖匠,Sopa İşçisi,tr
杖鍛冶,Sopa İşçisi,tr
来个好伙计,Tam Teşekküllü,tr
极光,Aurora,tr
极限拉满,Kusursuzluk Arayışı,tr
构筑一名伙伴：,Tam Donanımlı,tr
枯朽の遺物,Yıpranmış Antika,tr
枯死の宝石,Felaket Mücevheri,tr
枯萎圣物,Yıpranmış Antika,tr
枯萎宝石,Felaket Mücevheri,tr
枯萎寶石,Felaket Mücevheri,tr
枯萎珠宝,Felaket Mücevheri,tr
柔依,Zoe,tr
柔軟性,Esnek,tr
根絶者,Yok Edici,tr
格斗手套,İdman Eldiveni,tr
格温,Gwen,tr
格雷福斯,Graves,tr
格鬥手套,İdman Eldiveni,tr
棋手之盾,Strateji Ustası Kalkanı,tr
棋手厨房,Strateji Ustasının Mutfağı,tr
棋手廚房,Strateji Ustasının Mutfağı,tr
棋手披風,Strateji Ustası Pelerini,tr
棋手斗篷,Strateji Ustası Pelerini,tr
棋手皇冠,Strateji Ustası Tacı,tr
棋手盾牌,Strateji Ustası Kalkanı,tr
棘刺背心,Dikenli Yelek,tr
棱彩门票,Prizmatik Bilet,tr
極速快手,Atılgan,tr
極速快手徽章,Atılgan Amblemi,tr
極速快手模式,Atılgan Modu,tr
構成拡大,Dallan Budaklan,tr
模控機械上鏈,Sibernetik Aktarım,tr
模控機械移植,Sibernetik İmplant,tr
機械戰甲,Meka,tr
次级镜像人格面具,Küçük Benlik Aynası,tr
次级镜影化身,Küçük Benlik Aynası,tr
歐羅拉,Aurora,tr
正义之手,Adaletin Eli,tr
正义手套,Adaletin Eli,tr
正义报复,Adaletin Yumruğu,tr
正義手套,Adaletin Eli,tr
武斗家,Dövüşçü,tr
武斗家徽章,Dövüşçü Amblemi,tr
武装战姬,Çelik İntikam,tr
武鬥家,Dövüşçü,tr
武鬥家徽章,Dövüşçü Amblemi,tr
歩く鍛冶場,Yaşayan Ocak,tr
死亡之刃,Ölüm Kılıcı,tr
死亡之帽,Rabadon'un Şapkası,tr
死得有價值I,Kedi Olalı Bir Fare,tr
死神之刃,Ölüm Kılıcı,tr
歼灭者,Yok Edici,tr
殉道美德,Fedakârlığın Erdemi,tr
殺出血路,Bir Yol Çiz,tr
水乳交融,Birliğin Gücü,tr
水銀兜帽,Cıva,tr
水银,Cıva,tr
水银兜帽,Cıva,tr
永恆契約,Ebedi Anlaşma,tr
永恒契约,Ebedi Anlaşma,tr
永续召唤,Sonsuz Büyü,tr
汪星机器人,Parti Patisi,tr
沈黙の帳,Sükûnet Örtüsü,tr
沉重王冠,Bu Taç Ağır,tr
河蟹,Yampiri Yengeç,tr
治疗法球,Şifalı Küreler,tr
治療靈球,Şifalı Küreler,tr
治癒回音,Şifalı Yankılar,tr
法官,Hâkim,tr
法官纹章,Hâkim Amblemi,tr
法杖工匠,Sopa İşçisi,tr
法杖溢流,Sopa Fazlalığı,tr
法洛士的執念,Varus'un Saplantısı,tr
法洛士的增益,Varus'un Lütfu,tr
法洛士的执念,Varus'un Saplantısı,tr
法洛士的祝福,Varus'un Lütfu,tr
波比,Poppy,tr
泪流不止,Akan Gözyaşları,tr
泪流成河,Gözyaşları Sel,tr
泰坦九头蛇,Haşmetli Hydra,tr
泰坦九頭蛇,Haşmetli Hydra,tr
泰坦的决意,Titanın Azmi,tr
泰坦的坚决,Titanın Azmi,tr
泰坦的決意,Titanın Azmi,tr
泰隆,Talon,tr
活体锻炉,Yaşayan Ocak,tr
活火炉,Yaşayan Ocak,tr
活火爐,Yaşayan Ocak,tr
派上用场,Kedi Olalı Bir Fare,tr
派克,Pyke,tr
派对大咖,Parti Patisi,tr
派對咖,Parti Patisi,tr
流れる涙,Akan Gözyaşları,tr
流亡孤军,Sürgünler,tr
流亡孤軍,Sürgünler,tr
浪人,Sürgünler,tr
海克斯科技枪刃,Hextech Silahkılıç,tr
海克斯科技槍刃,Hextech Silahkılıç,tr
海妖之怒,Kraken'in Öfkesi,tr
海牛阿福的锅铲战术,Urf Hamlesi,tr
海魔人,Primordia'lı,tr
海魔人纹章,Primordia'lı Amblemi,tr
淚光閃閃,Akan Gözyaşları,tr
淚如泉湧,Gözyaşları Sel,tr
混乱回復装置,Evriştirici,tr
混乱的呼唤,Şanslı Hissediyorum,tr
混沌への呼び声,Şanslı Hissediyorum,tr
混沌召唤,Şanslı Hissediyorum,tr
混沌召喚,Şanslı Hissediyorum,tr
清晰头脑,Zihin Açıklığı,tr
游侠,Sinsi,tr
游侠纹章,Sinsi Amblemi,tr
游神的盟友,Koruyucunun Müttefiki,tr
源计划上行链路,Sibernetik Aktarım,tr
源计划植入,Sibernetik İmplant,tr
滚起优势,Yenilemeye Devam,tr
漫游者,Seyyah,tr
漫游者徽章,Seyyah Amblemi,tr
潘多拉的备战区,Pandora'nın Yedekleri,tr
潘多拉的道具,Pandora'nın Eşyaları,tr
潘朵拉的備戰區,Pandora'nın Yedekleri,tr
潘朵拉的备战席,Pandora'nın Yedekleri,tr
潘朵拉的装备,Pandora'nın Eşyaları,tr
潘朵拉的道具,Pandora'nın Eşyaları,tr
潘森,Pantheon,tr
潛在火爐,Ocağı Harla,tr
潛行者之爪,Sinsi Pençe,tr
潜心锻造,Ocağı Harla,tr
潜行者之爪,Sinsi Pençe,tr
激发之匣,Zindelik Broşu,tr
火上浇油,Alevleri Körükle,tr
火热促销,Zararına Satış,tr
火爆甩卖,Zararına Satış,tr
灭世者的死亡之帽,Rabadon'un Şapkası,tr
灭星尊,Yok Edici,tr
灵气农兵,Zihinsel Hazırlık,tr
灵活变通,Esnek,tr
灵活摇摆,Esnek,tr
灵能特工,Psionik,tr
灵能特工纹章,Psionik Amblemi,tr
灵能者,Psionik,tr
灵能者徽章,Psionik Amblemi,tr
灵风,Karayel,tr
灵魂唤醒,Ruh Uyanışı,tr
灵魂觉醒,Ruh Uyanışı,tr
炎を強めて,Alevleri Körükle,tr
点击即送,Aradığını Bul,tr
炽天使之拥,Melek Asası,tr
炽天使之杖,Melek Asası,tr
烁刃,Tezbıçak,tr
烈士之德,Fedakârlığın Erdemi,tr
烈士美德,Fedakârlığın Erdemi,tr
烏爾加特,Urgot,tr
烬,Jhin,tr
無人機上鏈,Dron Bağlantısı,tr
無差別屠殺,Herkesin Katili,tr
無差別殺人者,Herkesin Katili,tr
無盡之刃,Ebedi Kılıç,tr
無盡絕望,Sonsuz Çaresizlik,tr
無限守護,Ebedi Koruma,tr
煞蜜拉,Samira,tr
煽风点火,Alevleri Körükle,tr
熊熊火勢,Alevleri Körükle,tr
熾天使之杖,Melek Asası,tr
營造氣場,Zihinsel Hazırlık,tr
燼,Jhin,tr
燼滅之華,Yok Edici,tr
爆炸式增长,Ani Büyüme,tr
爆炸性成長,Ani Büyüme,tr
爆発的成長,Ani Büyüme,tr
爱心包裹,İhtiyaç Paketi,tr
爱欧尼亚星火,İyon Kıvılcımı,tr
牧羊人,Kılavuz,tr
牧羊人纹章,Kılavuz Amblemi,tr
牧魂人,Kılavuz,tr
牧魂人徽章,Kılavuz Amblemi,tr
物尽其用,Anı Yaşa,tr
物資箱,İhtiyaç Paketi,tr
特性の書,Özellikler Kitabı,tr
特性の木,Özellik Ağacı,tr
特性を選択,Özellik Seç,tr
特性之树,Özellik Ağacı,tr
特性典籍,Özellikler Kitabı,tr
特性神木,Özellik Ağacı,tr
犽宿之共享光采,Yasuo'nun İlgi Budalası Eklentisi,tr
犽宿的共享光采,Yasuo'nun İlgi Budalası Eklentisi,tr
犽宿的剑术,Yasuo'nun Kılıç Sanatı,tr
犽宿的增益,Yasuo'nun Lütfu,tr
犽宿的祝福,Yasuo'nun Lütfu,tr
犽宿的迅雷之技,Yasuo'nun Kılıç Sanatı,tr
犽宿的黃金棋格,Yasuo'nun Altın Hücresi,tr
犽宿的黄金格子,Yasuo'nun Altın Hücresi,tr
狂徒铠甲,Warmog'un Zırhı,tr
狂战士,Yağmacı,tr
狂战士纹章,Yağmacı Amblemi,tr
狙击专家,Keskin Nişancı,tr
狙击专家徽章,Keskin Nişancı Amblemi,tr
狙擊專家,Keskin Nişancı,tr
狙擊專家徽章,Keskin Nişancı Amblemi,tr
狙神,Keskin Nişancı,tr
狙神纹章,Keskin Nişancı Amblemi,tr
独自升级,Ben Tek Siz Hepiniz,tr
狱火战斧,Cehennem Ateşi Baltası,tr
猛将的荣耀,Cengâver Onuru,tr
猩红报偿,Kan Bedeli,tr
獄火手斧,Cehennem Ateşi Baltası,tr
獄炎のハチェット,Cehennem Ateşi Baltası,tr
獨自升等,Ben Tek Siz Hepiniz,tr
王冠とは重きもの,Bu Taç Ağır,tr
王冠之重,Bu Taç Ağır,tr
玻璃大炮,Güçlü Ama Kırılgan,tr
玻璃大砲I,Güçlü Ama Kırılgan,tr
珍藏财宝,Gömülü Hazineler,tr
珠光护手,Mücevherli Eldiven,tr
珠光莲花,Mücevherli Nilüfer,tr
珠光蓮花II,Mücevherli Nilüfer,tr
瑟雷西的增益,Thresh'in Lütfu,tr
瑟雷西的灯笼,Thresh'in Feneri,tr
瑟雷西的燈籠,Thresh'in Feneri,tr
瑟雷西的祝福,Thresh'in Lütfu,tr
璐璐,Lulu,tr
甘いおやつ,Tatlı Atıştırmalıklar,tr
甜点,Tatlı Atıştırmalıklar,tr
生存专家,Sona Kalanlar,tr
生存專家,Sona Kalanlar,tr
生日团聚,Doğum Günü Buluşması,tr
生日團聚,Doğum Günü Buluşması,tr
生日礼物,Doğum Günü Hediyesi,tr
生日禮物,Doğum Günü Hediyesi,tr
生日聚会,Doğum Günü Buluşması,tr
生根发芽,Yayılan Kökler,tr
生活片段,Hayattan Bir Kesit,tr
生涯ブロンズ,Bronzdan Şaşma,tr
生物材料保存,Biyomalzeme Koruyucusu,tr
生物质保存剂,Biyomalzeme Koruyucusu,tr
生物质维护器,Biyomalzeme Koruyucusu,tr
由二生D,İki Elin Sesi Var,tr
电光反击,Elektroşarj,tr
电火花,Elektroşarj,tr
电荷转移I,Yük Aktarımı,tr
男爵幻域,Baron'un İni,tr
略奪者,Yağmacı,tr
略奪者の紋章,Yağmacı Amblemi,tr
疗愈回响,Şifalı Yankılar,tr
疾射火炮,Bombardıman Topu,tr
疾速双杀,Hızlı İkide İki,tr
疾速雙殺,Hızlı İkide İki,tr
癒しのこだま,Şifalı Yankılar,tr
登上最高峰,Hızlı Yükseliş,tr
發條加速器,Mekanik Hızlandırıcı,tr
百兽,Anima,tr
百兽指挥官,Anima Komutanı,tr
百兽特攻队徽章,Anima Amblemi,tr
百獸,Anima,tr
百獸指揮官,Anima Komutanı,tr
百獸特攻隊徽章,Anima Amblemi,tr
皇冠守衛,Kraliyet Başlığı,tr
盗賊のグローブ,Hırsız Eldiveni,tr
盗賊団,Hırsız Çetesi,tr
盗賊団 II,Hırsız Çetesi II,tr
盜取,Arakla,tr
盧登驟雨,Luden'in Çığlığı,tr
目标锁定光学仪,Hedefe Kilitlenen Optik,tr
目標鎖定光學,Hedefe Kilitlenen Optik,tr
真派氣功,Saklı Gerçek,tr
石像鬼盘核,Gargoyl Taşzırhı,tr
石像鬼石板甲,Gargoyl Taşzırhı,tr
石像鬼磐核,Gargoyl Taşzırhı,tr
研究熱心,Hayat Deneyimi,tr
砰地重击,Anı Yaşa,tr
砰爆,Pesimist,tr
破时者,Zamankıran,tr
破时者徽章,Zamankıran Amblemi,tr
破曉之核,Şafağın Özü,tr
砸起來,Anı Yaşa,tr
硬性承诺,Sadakat,tr
碰撞测试假人,Kukla Yağmuru!,tr
碰撞測試,Kukla Yağmuru!,tr
神の祝福,Hükümdarın Seçimi,tr
神の鍛冶場,Ulvi Ocak,tr
神之祝福,Hükümdarın Seçimi,tr
神偷军团,Hırsız Çetesi,tr
神偷军团 II,Hırsız Çetesi II,tr
神偷軍團,Hırsız Çetesi,tr
神偷軍團 II,Hırsız Çetesi II,tr
神力天铸,Güçle İşlenmiş,tr
神化锻炉,Ulvi Ocak,tr
神寵者,Hükümdarın Seçimi,tr
神影刺客,Sinsi,tr
神影刺客徽章,Sinsi Amblemi,tr
神聖熔爐,Ulvi Ocak,tr
神託,Kâhin,tr
神諭,Kâhin,tr
神谕,Medyum,tr
神谕模式,Medyum Modu,tr
神赐锻炉,Ulvi Ocak,tr
神鬥士,Ulvi Düellocu,tr
禁忌之像,Yasak İdol,tr
禁忌雕像,Yasak İdol,tr
离子火花,İyon Kıvılcımı,tr
私房錢,Dümenci,tr
私房钱,Dümenci,tr
科加斯,Cho'Gath,tr
秘传奥义,Saklı Gerçek,tr
稜鏡票券,Prizmatik Bilet,tr
穢れたヴァンパイア セプター,Yozlaşmış Vampirî Asa,tr
究極暴擊,Kritik Başarı,tr
窃盗,Arakla,tr
窃贼帮派,Hırsız Çetesi,tr
窃贼帮派 II,Hırsız Çetesi II,tr
窃贼手套,Hırsız Eldiveni,tr
竊賊手套,Hırsız Eldiveni,tr
米利欧,Milio,tr
米普,Micincik,tr
米普,Micingil,tr
米普徽章,Micingil Amblemi,tr
米普星人,Micingil,tr
米普星人徽章,Micingil Amblemi,tr
米普終端速度,Süper Hızlı Micin,tr
米里欧,Milio,tr
米里歐,Milio,tr
精心打造,El Emeği Göz Nuru,tr
精心製作,El Emeği Göz Nuru,tr
精打細算,Akıllı Harcama,tr
精打细算,Akıllı Harcama,tr
精进之矛,Shojin'in Mızrağı,tr
精進之矛,Shojin'in Mızrağı,tr
紀元,Yeni Çağ,tr
紅Buff,Kırmızı Güçlendirme,tr
納什之牙,Nashor'un Dişi,tr
納瑟斯,Nasus,tr
素材アイテムヘイスト,Bileşen Eşya Soygunu,tr
紡がれし魔法,Dokuma Büyü,tr
索娜,Sona,tr
索拉卡的增益,Soraka'nın Lütfu,tr
索拉卡的奇蹟,Soraka'nın Mucizesi,tr
索拉卡的奇迹,Soraka'nın Mucizesi,tr
索拉卡的恩赐,Soraka'nın Lütfu,tr
索拉卡的祝福,Soraka'nın Lütfu,tr
終わりなき絶望,Sonsuz Çaresizlik,tr
組件強盜,Bileşen Eşya Soygunu,tr
絶好調,Yenilemeye Devam,tr
維克特,Viktor,tr
維迦,Veigar,tr
縮小手套,Pofuduk Eldiven,tr
红增益,Kırmızı Güçlendirme,tr
红霸符,Kırmızı Güçlendirme,tr
纪年伊始,Yeni Çağ,tr
纳什之牙,Nashor'un Dişi,tr
纳尔,Gnar,tr
纳瑟斯,Nasus,tr
纷乱头脑,Zihin Bulanıklığı,tr
纹章之书,Özellikler Kitabı,tr
纺织魔法,Dokuma Büyü,tr
组件劫案,Bileşen Eşya Soygunu,tr
织命人,Kaderbaz,tr
终端米普速度,Süper Hızlı Micin,tr
终身青铜,Bronzdan Şaşma,tr
终身黄铜,Bronzdan Şaşma,tr
绝境反击,Büyük Dönüş,tr
维克托,Viktor,tr
维克特,Viktor,tr
维迦,Veigar,tr
编织魔法,Dokuma Büyü,tr
羁绊树,Özellik Ağacı,tr
美味甜點,Tatlı Atıştırmalıklar,tr
翱銳龍獸,Aurelion Sol,tr
翱銳龍獸的祝福,Aurelion Sol'ün Lütfu,tr
翱锐龙兽,Aurelion Sol,tr
翱锐龙兽的增益,Aurelion Sol'ün Lütfu,tr
耐心学习,Hayat Deneyimi,tr
耐心學習,Hayat Deneyimi,tr
耐心是一种美德,Sabır Erdemdir,tr
耐心是美德,Sabır Erdemdir,tr
职业杀手,Kiralık Katil,tr
联合作战,Birlikten Kuvvet Doğar,tr
聖なる決闘者,Ulvi Düellocu,tr
聖光無賴,Işıltılı Serseri,tr
能力值大補包,Tonlarca Nitelik!,tr
能量圣杯,Güç Kadehi,tr
脫穎而出,Hızlı Yükseliş,tr
腐蚀,Korozyon,tr
腐蝕,Korozyon,tr
腐败吸血鬼权杖,Yozlaşmış Vampirî Asa,tr
腐食,Korozyon,tr
腰带溢流,Kemer Fazlalığı,tr
腰带过载,Kemer Fazlalığı,tr
腰帶多多,Kemer Fazlalığı,tr
臨時戰甲,Eğreti Zırh,tr
至尊探险,Haşmetli Macera,tr
致命利刃,Ölümcül Bıçaklar,tr
致命帽子,Güçlü Şapkalar,tr
致命豆丁,Minik Ama Ölümcül,tr
致死之帽,Güçlü Şapkalar,tr
艾克的增益,Ekko'nun Lütfu,tr
艾克的恩赐,Ekko'nun Lütfu,tr
艾克的祝福,Ekko'nun Lütfu,tr
艾克的耐心,Ekko'nun Sabrı,tr
节外生枝,Dallan Budaklan,tr
花到上头,Dümenci,tr
芽苞初放,Tam Teşekküllü,tr
英勇惊喜包,Kahraman Çekilişi,tr
英勇福袋,Kahraman Çekilişi,tr
英雄のラッキーバッグ,Kahraman Çekilişi,tr
英雄禮包,Kahraman Çekilişi,tr
茂凯,Maokai,tr
茂凱,Maokai,tr
荊棘蔓延,Yayılan Kökler,tr
莎弥拉,Samira,tr
莫德凯撒,Mordekaiser,tr
莫甘娜,Morgana,tr
莫雷洛秘典,Morellonomikon,tr
菲兹,Fizz,tr
菲奥娜,Fiora,tr
菲欧拉,Fiora,tr
菲歐拉,Fiora,tr
葛雷夫,Graves,tr
蓝增益,Mavi Güçlendirme,tr
蓝霸符,Mavi Güçlendirme,tr
蔓延之根,Yayılan Kökler,tr
蕾欧娜,Leona,tr
薄暮法袍,Denge Örtüsü,tr
薇古丝,Vex,tr
薇可丝,Vex,tr
薇可絲,Vex,tr
藍Buff,Mavi Güçlendirme,tr
虚空之杖,Hiçlik Değneği,tr
虚空之门,Zz'Rot Kapısı,tr
虚空手套,Hiçlik Eldiveni,tr
虚空护手,Hiçlik Eldiveni,tr
虛空之杖,Hiçlik Değneği,tr
虛空之門,Zz'Rot Kapısı,tr
虛空武鬥場,Hiçlik Eldiveni,tr
血の供物,Kan Adağı,tr
血の価値,Kan Bedeli,tr
血償,Kan Bedeli,tr
血的代价,Kan Bedeli,tr
血祭,Kan Adağı,tr
衝擊火炮,Bombardıman Topu,tr
衝突試験用ダミー,Kukla Yağmuru!,tr
裁决者,Hâkim,tr
裁决者徽章,Hâkim Amblemi,tr
装备百宝袋,Eşya Çekilişi,tr
複製,Kopyalama Süreci,tr
西風匕首,Karayel,tr
西风匕首,Karayel,tr
視界專注,Ufukgetiren,tr
观星者,Yıldız Gözlemcisi,tr
观星者徽章,Yıldız Gözlemcisi Amblemi,tr
观星者纹章,Yıldız Gözlemcisi Amblemi,tr
视界专注,Ufukgetiren,tr
觉得自己幸运吗,Şans Benimle,tr
訂購奢侈品,Lüks Aboneliği,tr
訂閱服務,Abonelik Hizmeti,tr
訓練假人,Hedef Kuklası,tr
詛咒之冠,Lanetli Taç,tr
詛咒之刃,Lanetli Kılıç,tr
詛咒吸血鬼權杖,Yozlaşmış Vampirî Asa,tr
認知超載,Bilişsel Patlama,tr
订阅服务,Abonelik Hizmeti,tr
认知税,Bilişsel Vergi,tr
认知超负荷,Bilişsel Patlama,tr
认知过载,Bilişsel Patlama,tr
训练假人,Hedef Kuklası,tr
训练木偶,Hedef Kuklası,tr
诅咒之冠,Lanetli Taç,tr
诅咒之刃,Lanetli Kılıç,tr
诅咒冠冕,Lanetli Taç,tr
豪華なサブスク,Lüks Aboneliği,tr
貝爾薇斯,Bel'Veth,tr
負極斗篷,Negatron Pelerini,tr
貪啃奇,Tahm Kench,tr
貪財,Paragöz,tr
買い物三昧,Alışveriş Çılgınlığı,tr
買不手軟,Alışveriş Çılgınlığı,tr
貿易核心,Ticaretin Özü,tr
賈克斯,Jax,tr
賢い買い物,Akıllı Harcama,tr
贝尔薇斯,Bel'Veth,tr
贝蕾亚,Briar,tr
负极斗篷,Negatron Pelerini,tr
财源滚滚,Gökten Yağan Altın,tr
贪啃奇,Tahm Kench,tr
贪财,Paragöz,tr
购物狂欢,Alışveriş Çılgınlığı,tr
贸易中心,Ticaretin Özü,tr
贸易大亨,Ticaret Bölgesi,tr
贾克斯,Jax,tr
赏金战士,Ödüllü Müsabaka,tr
起死回生,İkinci Şans,tr
超前部署,İleri Görüşlülük,tr
超新星,N.O.V.A.,tr
超新星徽章,N.O.V.A. Amblemi,tr
超级机甲,Muhteşem Meka,tr
超能機甲,Muhteşem Meka,tr
超越のタリスマン,Uluların Tılsımı,tr
跳樓大拍賣,Zararına Satış,tr
輝く悪党,Işıltılı Serseri,tr
转不停,Durmadan Yenile,tr
轻量魔法投掷,Kısmen Büyülü Zar,tr
轻魔重骰,Kısmen Büyülü Zar,tr
这次战败也在计算之中,Planlı Mağlubiyet,tr
远古霸者,Primordia'lı,tr
远古霸者徽章,Primordia'lı Amblemi,tr
远征,Keşif Gezisi,tr
远见卓识,İleri Görüşlülük,tr
连指手套,Pofuduk Eldiven,tr
迷你小英雄,En Minik Dev,tr
迷你黑洞,Mini Kara Delik,tr
迷离风衣,Gizemli Trençkot,tr
适应性头盔,Değişken Miğfer,tr
适性神盔,Değişken Miğfer,tr
逆命,Twisted Fate,tr
逆袭之路,Büyük Dönüş,tr
逆転劇,Büyük Dönüş,tr
逆轉佳話,Büyük Dönüş,tr
选择特性,Özellik Seç,tr
选择羁绊,Özellik Seç,tr
這次戰敗也在計算之中,Planlı Mağlubiyet,tr
連続魔法,Sonsuz Büyü,tr
連續施法,Sonsuz Büyü,tr
進階貸款,Yüklü Borç,tr
道を切り拓け,Bir Yol Çiz,tr
道具惊喜包,Eşya Çekilişi,tr
道具組合包I,Eşya Çekilişi,tr
遠古霸者,Primordia'lı,tr
遠古霸者徽章,Primordia'lı Amblemi,tr
遠征,Keşif Gezisi,tr
遥遥领先,Gözü Yükseklerde,tr
適性神盔,Değişken Miğfer,tr
選擇特性,Özellik Seç,tr
避險基金,Serbest Yatırım Fonu,tr
邦！,Bonk!,tr
邪悪な収益化,Kötü Niyetli Kazanç,tr
部分飞升,Kısmi Yükseliş,tr
鄂尔,Ornn,tr
鄂爾,Ornn,tr
重启任务,Tekrar Dene,tr
重整装置,Evriştirici,tr
重整裝置,Evriştirici,tr
重新開始任務,Tekrar Dene,tr
重枪女武神,Çelik İntikam,tr
重槍女武神,Çelik İntikam,tr
重装战士,Öncü,tr
重装战士纹章,Öncü Amblemi,tr
重锤之志,Gürzün Dileği,tr
量身訂做,Kişiselleştirme Fırsatı,tr
金に飢えし者,Paragöz,tr
金のタマゴ,Altın Yumurta,tr
金のモンスーン,Gökten Yağan Altın,tr
金ピカの鋼,Yaldızlı Çelik,tr
金克丝,Jinx,tr
金湯匙,Eşsiz Deneyim,tr
金蛋,Altın Yumurta,tr
金铲铲,Spatula,tr
金铲铲冠冕,Strateji Ustası Tacı,tr
金锅铲冠冕,Strateji Ustası Pelerini,tr
金锅锅,Kızartma Tavası,tr
金锅锅冠冕,Strateji Ustası Kalkanı,tr
金霖龙,Altın Ejder,tr
金鳞精粹,Parlakpul Özü,tr
金龙降世,Altın Ejder,tr
鈍化,Kuklaya Dönüştür,tr
銀の匙,Eşsiz Deneyim,tr
銀河獵手,Galaksi Avcısı,tr
銀織黎明,Gümüşgöl Şafağı,tr
銃装機神,Çelik İntikam,tr
銅級之命II,Bronzdan Şaşma,tr
鋼の心,Çelikten Yürek,tr
鋼鐵素材,Kıymetli Metaller,tr
錫柯的悲鳴號角,Zeke'nin Kasvetli Sancağı,tr
錫柯的號角,Zeke'nin Sancağı,tr
鍋鏟,Spatula,tr
鎖子甲,Zincir Yelek,tr
鏡像のペルソナ,Benlik Aynası,tr
鏡像人格,Benlik Aynası,tr
鏡爪,Kindred,tr
鑄造朋友,Güçlü Arkadaşlık,tr
钢铁之心,Çelikten Yürek,tr
钢铁烈阳之匣,Demir Solari'nin Broşu,tr
钢铁资产,Kıymetli Metaller,tr
银汤匙,Eşsiz Deneyim,tr
银河猎手,Galaksi Avcısı,tr
银织黎明,Gümüşgöl Şafağı,tr
铸剑工匠,Kılıç İşçisi,tr
锁子甲,Zincir Yelek,tr
锁敌光学设备,Hedefe Kilitlenen Optik,tr
锅铲,Spatula,tr
锅铲厨房,Strateji Ustasının Mutfağı,tr
锐雯,Riven,tr
锡柯的号角,Zeke'nin Sancağı,tr
锡柯的悲鸣号角,Zeke'nin Kasvetli Sancağı,tr
锤石的恩赐,Thresh'in Lütfu,tr
锤石的灯笼,Thresh'in Feneri,tr
锻造一个朋友,Güçlü Arkadaşlık,tr
锻造挚友,Güçlü Arkadaşlık,tr
镀金钢铁,Yaldızlı Çelik,tr
镜像人格面具,Benlik Aynası,tr
镜影化身,Benlik Aynası,tr
镜爪,Kindred,tr
長久之計,Gözü Yükseklerde,tr
閃刃,Tezbıçak,tr
開局新手包,Tam Teşekküllü,tr
闇の女帝,Karanlık Leydi,tr
闇翼魔女,Karanlık Leydi,tr
關,Gwen,tr
防禦高塔,Kule,tr
阿卡丽,Akali,tr
阿卡莉,Akali,tr
阿狸的光环,Ahri'nin Haresi,tr
阿狸的恩赐,Ahri'nin Lütfu,tr
阿璃的增益,Ahri'nin Lütfu,tr
阿璃的灵气,Ahri'nin Haresi,tr
阿璃的祝福,Ahri'nin Lütfu,tr
阿璃的靈氣,Ahri'nin Haresi,tr
阿福大礼包,Urf'ün Çekilişi,tr
阿福大禮包,Urf'ün Çekilişi,tr
阿福奇兵,Urf Hamlesi,tr
阿福式开局,Urf Hamlesi,tr
阿福快打,U.R.F.,tr
阿福的百宝袋,Urf'ün Çekilişi,tr
阿福驾到,U.R.F.,tr
阿萝拉,Aurora,tr
降靈師,Medyum,tr
降靈師模式,Medyum Modu,tr
限定カスタマイズ,Kişiselleştirme Fırsatı,tr
陣容,Dizilim,tr
集中火力,Odaklı Ateş,tr
集中砲火,Odaklı Ateş,tr
集体拥抱I,Grup Kucaklaşması,tr
集结战队,Takım Çalışması,tr
雇佣杀手,Kiralık Katil,tr
雙排,Çifte Ödül,tr
雙生守衛,İkiz Muhafızlar,tr
離子星火,İyon Kıvılcımı,tr
雷克塞,Rek'Sai,tr
雷欧娜,Leona,tr
雷歐娜,Leona,tr
雷玟,Riven,tr
雷珂煞,Rek'Sai,tr
電光反擊,Elektroşarj,tr
電荷轉移,Yük Aktarımı,tr
霞,Xayah,tr
露璐,Lulu,tr
霸天机甲,Meka,tr
靈活變通,Esnek,tr
靈能使,Psionik,tr
靈能使徽章,Psionik Amblemi,tr
靈魂救贖,Kefaret Ruhu,tr
静止法衣,Sükûnet Örtüsü,tr
非凡冒險,Haşmetli Macera,tr
韦鲁斯的恩赐,Varus'un Lütfu,tr
韦鲁斯的执念,Varus'un Saplantısı,tr
頂裝,Azami Dizilim,tr
預料中的意外,Beklenen Beklenmezlik,tr
願四之力與你同在,Dört Seninle Olsun,tr
顶尖构筑,Azami Dizilim,tr
顽强不屈,Yenilmez,tr
飙速木灵,Süper Hızlı Micin,tr
飛斯,Fizz,tr
飛昇,Yükseliş,tr
飞升,Yükseliş,tr
飞升护符,Uluların Tılsımı,tr
飞斯,Fizz,tr
饮血剑,Kanasusamış,tr
騎士の誓い,Şövalyenin Adağı,tr
騎士誓願,Şövalyenin Adağı,tr
骑士之誓,Şövalyenin Adağı,tr
骑士誓愿,Şövalyenin Adağı,tr
高压电,Yüksek Voltaj,tr
高压电流,Yüksek Voltaj,tr
高塔,Kule,tr
高级贷款,Yüklü Borç,tr
高速ダブルキル,Hızlı İkide İki,tr
高電圧,Yüksek Voltaj,tr
高電壓,Yüksek Voltaj,tr
高風險高報酬,Kaz Gelecek Yerden...,tr
鬼使弯刀,Hortlak Palası,tr
鬼使彎刀,Hortlak Palası,tr
鬼索的狂暴之刃,Guinsoo'nun Hiddeti,tr
魂力覺醒,Ruh Uyanışı,tr
魔像,Golem,tr
魔力編織,Dokuma Büyü,tr
魔斗凯萨,Mordekaiser,tr
魔术师,Replikacı,tr
魔术师模式,Replikacı Modu,tr
魔杖湧流,Sopa Fazlalığı,tr
魔棒过载,Sopa Fazlalığı,tr
魔法のダイス,Büyülü Zarlar,tr
魔法投掷,Büyülü Zarlar,tr
魔法擲骰,Büyülü Zarlar,tr
魔法骰子,Büyülü Zarlar,tr
魔甘娜,Morgana,tr
魔鬥凱薩,Mordekaiser,tr
鱼骨头,Kılçık,tr
鲜血祭品,Kan Adağı,tr
鴻運當頭,Şans Benimle,tr
鴻運當頭,Yenilemeye Devam,tr
麗珊卓,Lissandra,tr
黃昏聖盾,Alacakaranlık Kalkanı,tr
黃金巨龍,Altın Ejder,tr
黃金蛋,Altın Yumurta,tr
黃金豪賭,Altın Riski,tr
黄昏圣盾,Alacakaranlık Kalkanı,tr
黄金の博打,Altın Riski,tr
黄金の龍,Altın Ejder,tr
黄金蛋,Altın Yumurta,tr
黄金豪赌,Altın Riski,tr
黄金赌约,Altın Riski,tr
黎明之盾,Şafak Kalkanı,tr
黎明圣盾,Şafak Kalkanı,tr
黎明核心,Şafağın Özü,tr
黎明聖盾,Şafak Kalkanı,tr
黑暗吸血鬼节杖,Yozlaşmış Vampirî Asa,tr
黑暗魔女,Karanlık Leydi,tr
黑铁资产,Kıymetli Metaller,tr
黑魔禁书,Morellonomikon,tr
黑魔禁書,Morellonomikon,tr
黛安娜,Diana,tr
龍之爪,Ejder Pençesi,tr
龙之爪,Ejder Pençesi,tr
가고일 돌갑옷,Gargoyl Taşzırhı,tr
가지 뻗기,Dallan Budaklan,tr
간이 대장간,Yaşayan Ocak,tr
강철의 솔라리 펜던트,Demir Solari'nin Broşu,tr
강철의 심장,Çelikten Yürek,tr
거대 메크 로봇,Muhteşem Meka,tr
거대하고 강력한,Devasa ve Güçlü,tr
거대한 히드라,Haşmetli Hydra,tr
거래 중심지,Ticaretin Özü,tr
거울의 환영,Benlik Aynası,tr
거인 학살자,Dev Katili,tr
거인의 결의,Titanın Azmi,tr
거인의 허리띠,Dev Kemeri,tr
검 제작자,Kılıç İşçisi,tr
경품 추첨,Altın Riski,tr
경호대 훈련,Koruma Eğitimi,tr
계산된 패배,Planlı Mağlubiyet,tr
고귀한 모험,Haşmetli Macera,tr
고독한 방패,Yalnız Zırh,tr
고속 연사포,Bombardıman Topu,tr
고위천사의 지팡이,Melek Asası,tr
고전압,Elektroşarj,tr
고전압,Yüksek Voltaj,tr
고철 수집가의 은총,Hurdacının Lütfu,tr
곡궁,Nişancı Yayı,tr
골렘,Golem,tr
공감 임플란트,Sinir İmplantı,tr
공허 건틀릿,Hiçlik Eldiveni,tr
공허의 지팡이,Hiçlik Değneği,tr
교환의 장,Ticaret Bölgesi,tr
구독 서비스,Abonelik Hizmeti,tr
구원의 영혼,Kefaret Ruhu,tr
구원자,Arındırıcı,tr
구인수의 격노검,Guinsoo'nun Hiddeti,tr
굳건한 심장,Kararlı Yürek,tr
권투 교습,Boks Dersi,tr
그냥 눌러,Aradığını Bul,tr
그라가스,Gragas,tr
그레이브즈,Graves,tr
그림자 꼭두각시,Gölge Kukla,tr
그웬,Gwen,tr
극대화 빌드,Azami Dizilim,tr
극진한 헌신,Sadakat,tr
금지된 우상,Yasak İdol,tr
급매,Zararına Satış,tr
기다림의 미학,Beklemeye Değer,tr
기동총격여신,Çelik İntikam,tr
기사의 맹세,Şövalyenin Adağı,tr
길을 내라,Bir Yol Çiz,tr
길잡이,Kılavuz,tr
길잡이 상징,Kılavuz Amblemi,tr
꼬꼬마 거인,En Minik Dev,tr
꼬마 거인,Minik Devler,tr
꼬마 정령,Micincik,tr
꽁!,Bonk!,tr
끈끈한 우정,Ekip Çalışması,tr
끈질긴 연구,Hayat Deneyimi,tr
끝없는 절망,Sonsuz Çaresizlik,tr
나 혼자 레벨업,Ben Tek Siz Hepiniz,tr
나르,Gnar,tr
나미,Nami,tr
나서스,Nasus,tr
남작의 소굴,Baron'un İni,tr
내셔의 이빨,Nashor'un Dişi,tr
넘치는 대검,Kılıç Fazlalığı,tr
넘치는 지팡이,Sopa Fazlalığı,tr
넘치는 허리띠,Kemer Fazlalığı,tr
누누와 윌럼프,Nunu ve Willump,tr
다 쓸 데가 있다니까,Kedi Olalı Bir Fare,tr
다이애나,Diana,tr
단결된 의지,Birlikten Kuvvet Doğar,tr
단일 조합 사수,Yolumdan Dönmem,tr
단짝,Can Dostları,tr
단체 포옹,Grup Kucaklaşması,tr
달콤한 간식,Tatlı Atıştırmalıklar,tr
대격변 생성기,Evriştirici,tr
대장군의 명예,Cengâver Onuru,tr
대천사의 지팡이,Başmelek Asası,tr
대출 선지급,Yüklü Borç,tr
더욱 치명적인 모자,Güçlü Şapkalar,tr
덤불 조끼,Dikenli Yelek,tr
도금 강철,Yaldızlı Çelik,tr
도둑 무리,Hırsız Çetesi,tr
도둑 무리 II,Hırsız Çetesi II,tr
도적의 장갑,Hırsız Eldiveni,tr
도전자,Atılgan,tr
도전자 모드,Atılgan Modu,tr
도전자 상징,Atılgan Amblemi,tr
돈 폭풍,Gökten Yağan Altın,tr
돈독,Paragöz,tr
동료 제작,Tam Donanımlı,tr
동물특공대,Anima,tr
동물특공대 상징,Anima Amblemi,tr
동물특공대 지휘관,Anima Komutanı,tr
뒤집개,Spatula,tr
드론 업링크,Dron Bağlantısı,tr
땔감 제공,Alevleri Körükle,tr
라바돈의 죽음모자,Rabadon'un Şapkası,tr
라아스트,Rhaast,tr
라이트실드 문장,Lightshield Arması,tr
람머스,Rammus,tr
레벨 업!,Seviye Atla!,tr
레오나,Leona,tr
렉사이,Rek'Sai,tr
루덴의 폭풍,Luden'in Çığlığı,tr
룰루,Lulu,tr
르블랑,LeBlanc,tr
리븐,Riven,tr
리산드라,Lissandra,tr
리치베인,Lich Boğan,tr
마법 주사위,Büyülü Zarlar,tr
마법공학 총검,Hextech Silahkılıç,tr
마법사의 최후,Aklın Sonu,tr
마스터 이,Master Yi,tr
마오카이,Maokai,tr
말살자,Yok Edici,tr
맑은 정신,Zihin Açıklığı,tr
망령 해적검,Hortlak Palası,tr
메카,Meka,tr
명멸검,Tezbıçak,tr
모데카이저,Mordekaiser,tr
모렐로노미콘,Morellonomikon,tr
모르가나,Morgana,tr
무차별적 살인자,Herkesin Katili,tr
무한의 대검,Ebedi Kılıç,tr
무한한 보호,Ebedi Koruma,tr
미래 지향적 사고,İleri Görüşlülük,tr
미스 포츈,Miss Fortune,tr
밀리오,Milio,tr
바드,Bard,tr
바루스의 은총,Varus'un Lütfu,tr
바루스의 집착,Varus'un Saplantısı,tr
반도체,Yarı İletken,tr
반항아,Uyumsuzlar,tr
밤의 끝자락,Gecenin Kıyısı,tr
방한 장갑,Pofuduk Eldiven,tr
베이가,Veigar,tr
벡스,Vex,tr
벨베스,Bel'Veth,tr
별돌보미,Yıldız Gözlemcisi,tr
별돌보미 상징,Yıldız Gözlemcisi Amblemi,tr
별빛 연계,Yıldız Kombosu,tr
보루,Siper,tr
보물 사냥,Hazine Avı,tr
보석 건틀릿,Mücevherli Eldiven,tr
보석 연꽃,Mücevherli Nilüfer,tr
복제,Kopyalama Süreci,tr
복제자,Replikacı,tr
복제자 모드,Replikacı Modu,tr
부스터 팩,Takviye Paketi,tr
부식,Korozyon,tr
부작용,Yan Etkiler,tr
부활의 은총,Dirilme Lütfu,tr
불굴,Yenilmez,tr
불완전한 초월,Kısmi Yükseliş,tr
불한당,Sinsi,tr
불한당 상징,Sinsi Amblemi,tr
붉고 푸른 효과,İki Kat Güçlendirme,tr
붉은 덩굴정령,Kırmızı Güçlendirme,tr
브라이어,Briar,tr
블리츠크랭크,Blitzcrank,tr
빅뱅,Büyük Patlama,tr
빅토르,Viktor,tr
빛비늘 정수,Parlakpul Özü,tr
뻗어가는 뿌리,Yayılan Kökler,tr
뽀삐,Poppy,tr
사미라,Samira,tr
사이버네틱 이식술,Sibernetik İmplant,tr
사이버네틱 통신,Sibernetik Aktarım,tr
삼인방,Üçlük,tr
새로고침의 날,Durmadan Yenile,tr
새로운 시대,Yeni Çağ,tr
새벽심장,Şafağın Özü,tr
새벽의 방패,Şafak Kalkanı,tr
생선대가리,Kılçık,tr
생일 모임,Doğum Günü Buluşması,tr
생일 선물,Doğum Günü Hediyesi,tr
생존자,Sona Kalanlar,tr
서사적 새로고침,Destansı Yenileme,tr
서열 상승,Tırmanışa Devam,tr
서풍,Karayel,tr
선물 꾸러미,İhtiyaç Paketi,tr
선봉대,Öncü,tr
선봉대 상징,Öncü Amblemi,tr
성취,Hızlı Yükseliş,tr
소나,Sona,tr
소라카의 기적,Soraka'nın Mucizesi,tr
소라카의 은총,Soraka'nın Lütfu,tr
소형 블랙홀,Mini Kara Delik,tr
쇠사슬 조끼,Zincir Yelek,tr
쇼진의 창,Shojin'in Mızrağı,tr
수상한 외투,Gizemli Trençkot,tr
수완가,Dümenci,tr
수은,Cıva,tr
수호자의 맹세,Muhafızın Adağı,tr
수호자의 친구,Koruyucunun Müttefiki,tr
순교자의 미덕,Fedakârlığın Erdemi,tr
쉔,Shen,tr
스태틱의 단검,Statikk Hançer,tr
스테락의 도전,Sterak'ın Güvencesi,tr
슬쩍하기,Arakla,tr
습격자,Yağmacı,tr
습격자 상징,Yağmacı Amblemi,tr
승승장구,Yenilemeye Devam,tr
승천의 부적,Uluların Tılsımı,tr
시간 균열자,Zamankıran,tr
시간 균열자 상징,Zamankıran Amblemi,tr
시계태엽 윤활유,Mekanik Hızlandırıcı,tr
시동 걸기,Hızlı Başlangıç,tr
신병,Taze Kan,tr
신성 결투가,Ulvi Düellocu,tr
신성한 대장간,Ulvi Ocak,tr
신의 축복,Hükümdarın Seçimi,tr
신중한 제작,Ocağı Harla,tr
실컷 울어봐라,Gözyaşları Sel,tr
싸움꾼,Dövüşçü,tr
싸움꾼 상징,Dövüşçü Amblemi,tr
쌍두마차,Şok Dayanıklı,tr
쌍둥이 수호자,İkiz Muhafızlar,tr
쓰레쉬의 랜턴,Thresh'in Feneri,tr
쓰레쉬의 은총,Thresh'in Lütfu,tr
쓸데없이 큰 지팡이,Aşırı Büyük Sopa,tr
아리의 오라,Ahri'nin Haresi,tr
아리의 은총,Ahri'nin Lütfu,tr
아우렐리온 솔,Aurelion Sol,tr
아우렐리온 솔의 은총,Aurelion Sol'ün Lütfu,tr
아이템 꾸러미,Eşya Çekilişi,tr
아칼리,Akali,tr
아케인 빅토르이!,Viktor'un Sihri,tr
아트록스,Aatrox,tr
악성코드 매트릭스,Kötü Yazılım Matrisi,tr
악의적 수익 창출,Kötü Niyetli Kazanç,tr
암흑의 별,Sonsuz Karanlık,tr
암흑의 별 상징,Sonsuz Karanlık Amblemi,tr
야스오의 검술,Yasuo'nun Kılıç Sanatı,tr
야스오의 스포트라이트 공유,Yasuo'nun İlgi Budalası Eklentisi,tr
야스오의 은총,Yasuo'nun Lütfu,tr
야스오의 황금 칸,Yasuo'nun Altın Hücresi,tr
약간 신비한 주사위,Kısmen Büyülü Zar,tr
어둠의 여인,Karanlık Leydi,tr
어수선한 마음,Zihin Bulanıklığı,tr
얽힌 마법,Dokuma Büyü,tr
엄청나게 이로운 효과!,Tonlarca Nitelik!,tr
에너지 파동,Saklı Gerçek,tr
에코의 은총,Ekko'nun Lütfu,tr
에코의 인내,Ekko'nun Sabrı,tr
여신의 눈물,Tanrıça'nın Gözyaşı,tr
여행자,Seyyah,tr
여행자 상징,Seyyah Amblemi,tr
역병의 보석,Felaket Mücevheri,tr
역전의 서막,Büyük Dönüş,tr
연결 불가,Tanışma Toplantısı,tr
연속 주문 사용,Sonsuz Büyü,tr
연습용 장갑,İdman Eldiveni,tr
영웅 꾸러미,Kahraman Çekilişi,tr
영원한 브론즈,Bronzdan Şaşma,tr
영원한 서약,Ebedi Anlaşma,tr
영혼 각성,Ruh Uyanışı,tr
예금 계좌,Birikim Hesabı,tr
예비 활,Yedek Yaylar,tr
예상된 예상 밖의 결과,Beklenen Beklenmezlik,tr
예언자,Kâhin,tr
오라 축적,Zihinsel Hazırlık,tr
오로라,Aurora,tr
오른,Ornn,tr
왕관의 무게,Bu Taç Ağır,tr
요새,Müdafi,tr
요새 상징,Müdafi Amblemi,tr
용의 발톱,Ejder Pençesi,tr
우르곳,Urgot,tr
우르프의 갬빗,Urf Hamlesi,tr
우르프의 꾸러미,Urf'ün Çekilişi,tr
우주 그루브,Uzayın Ritmi,tr
우주 그루브 상징,Uzayın Ritmi Amblemi,tr
우주적 재시작,Kozmik Başlangıç,tr
운명술사,Kaderbaz,tr
워모그의 갑옷,Warmog'un Zırhı,tr
위험한 행보,Kaz Gelecek Yerden...,tr
유기물 보존기,Biyomalzeme Koruyucusu,tr
유리 대포,Güçlü Ama Kırılgan,tr
유연함,Esnek,tr
유용한 금속,Kıymetli Metaller,tr
은빛 여명,Gümüşgöl Şafağı,tr
은수저,Eşsiz Deneyim,tr
은하계 사냥꾼,Galaksi Avcısı,tr
음전자 망토,Negatron Pelerini,tr
응당한 대가,Ne Pahasına?,tr
응징,Adaletin Yumruğu,tr
이블린의 본능,Evelynn'in İçgüdüsü,tr
이블린의 은총,Evelynn'in Lütfu,tr
이온 충격기,İyon Kıvılcımı,tr
이즈리얼,Ezreal,tr
인지 과부하,Bilişsel Patlama,tr
인지세,Bilişsel Vergi,tr
일라오이,Illaoi,tr
일상물,Hayattan Bir Kesit,tr
임무 재시작,Tekrar Dene,tr
임시변통 방어구,Eğreti Zırh,tr
자객의 발톱,Sinsi Pençe,tr
자리 비움,AFK,tr
자야,Xayah,tr
작은 꾸러미,Ufak Çekiliş,tr
작은 친구들,Minik Dostlar,tr
작지만 치명적인,Minik Ama Ölümcül,tr
장기 투자,Gözü Yükseklerde,tr
재빠른 더블 킬,Hızlı İkide İki,tr
재빠른 무장,Anı Yaşa,tr
재생의 바람,İkinci Şans,tr
재활용 쓰레기통,Mal Kurtarma,tr
잭스,Jax,tr
저 별을 향해,Yıldızlara Uzan,tr
저격수,Keskin Nişancı,tr
저격수 상징,Keskin Nişancı Amblemi,tr
저녁갑주,Denge Örtüsü,tr
저주받은 왕관,Lanetli Taç,tr
저주받은 칼날,Lanetli Kılıç,tr
적응형 투구,Değişken Miğfer,tr
전달자,Medyum,tr
전달자 모드,Medyum Modu,tr
전략가의 망토,Strateji Ustası Pelerini,tr
전략가의 방패,Strateji Ustası Kalkanı,tr
전략가의 왕관,Strateji Ustası Tacı,tr
전략가의 주방,Strateji Ustasının Mutfağı,tr
전방의 토대,Dayanıklı Ön Sıra,tr
전하 이동,Yük Aktarımı,tr
점심값,Ekmek Parası İşte,tr
정교한 공예,El Emeği Göz Nuru,tr
정렬,Dizilim,tr
정령단 속도,Süper Hızlı Micin,tr
정령의 형상,Ruh Gömleği,tr
정령족,Micingil,tr
정령족 상징,Micingil Amblemi,tr
정의의 손길,Adaletin Eli,tr
제드,Zed,tr
조기 교육,İlk Öğretiler,tr
조이,Zoe,tr
조합 아이템 강탈,Bileşen Eşya Soygunu,tr
주인공 버프,Ana Karaktere Bir Şey Olmaz,tr
죽음의 검,Ölüm Kılıcı,tr
중심 잡기,Merkezini Bul,tr
중재자,Hâkim,tr
중재자 상징,Hâkim Amblemi,tr
즈롯 차원문,Zz'Rot Kapısı,tr
증강된 힘,Gelişmiş Güç,tr
지옥불 손도끼,Cehennem Ateşi Baltası,tr
지크의 음산한 전령,Zeke'nin Kasvetli Sancağı,tr
지크의 전령,Zeke'nin Sancağı,tr
지팡이 제작자,Sopa İşçisi,tr
지평선의 초점,Ufukgetiren,tr
지휘관,Komutan,tr
진,Jhin,tr
진형 유지,Safları Koru,tr
징크스,Jinx,tr
찬란한 장난꾸러기,Işıltılı Serseri,tr
참는 자에게 복을,Sabır Erdemdir,tr
철퇴의 의지,Gürzün Dileği,tr
청부 살인마,Kiralık Katil,tr
초가스,Cho'Gath,tr
초능력,Psionik,tr
초능력 상징,Psionik Amblemi,tr
초월,Yükseliş,tr
최신상,Özel Yapım,tr
최적화,Kusursuzluk Arayışı,tr
최후의 속삭임,Son Fısıltı,tr
추방자,Sürgünler,tr
추적자의 팔목 보호대,Maceracının Pazubendi,tr
출세가도,Daimi Yükseliş,tr
출정,Savaş Yolu,tr
충돌 시험용 봇,Kukla Yağmuru!,tr
치명적 성공,Kritik Başarı,tr
치명적인 칼날,Ölümcül Bıçaklar,tr
친구 만들기,Tam Teşekküllü,tr
친구 만들기,Güçlü Arkadaşlık,tr
침략자 제드,İstilacı Zed,tr
침묵의 장막,Sükûnet Örtüsü,tr
카르마,Karma,tr
카이사,Kai'Sa,tr
카파 주스,Şapkat Nektarı,tr
케이틀린,Caitlyn,tr
케일의 승천,Kayle'ın Yüceliği,tr
케일의 은총,Kayle'ın Lütfu,tr
케일의 찬란한 승천,Kayle'ın Işıltılı Yüceliği,tr
코르키,Corki,tr
크기의 중요성,Boyut Önemli,tr
크라운가드,Kraliyet Başlığı,tr
크라켄의 분노,Kraken'in Öfkesi,tr
큰 꾸러미,Büyük Çekiliş,tr
킨드레드,Kindred,tr
타격대의 철퇴,Hücum Gürzü,tr
타락한 흡혈의 낫,Yozlaşmış Vampirî Asa,tr
탈론,Talon,tr
탐 켄치,Tahm Kench,tr
탐사,Keşif Gezisi,tr
탑,Kule,tr
태고족,Primordia'lı,tr
태고족 상징,Primordia'lı Amblemi,tr
태양불꽃 망토,Günateşi Pelerini,tr
태양불꽃판,Günateşi Tahtası,tr
투자,Yatırımın Getirisi,tr
트위스티드 페이트,Twisted Fate,tr
특별 맞춤 설정,Kişiselleştirme Fırsatı,tr
특성 나무,Özellik Ağacı,tr
특성 선택,Özellik Seç,tr
특성의 고서,Özellikler Kitabı,tr
티모,Teemo,tr
파멸자,Pesimist,tr
파묻힌 보물,Gömülü Hazineler,tr
파이크,Pyke,tr
파이트 머니,Ödüllü Müsabaka,tr
파티광,Parti Patisi,tr
판도라의 대기석,Pandora'nın Yedekleri,tr
판도라의 아이템,Pandora'nın Eşyaları,tr
판테온,Pantheon,tr
폭발적인 성장,Ani Büyüme,tr
표적 고정 광학 장치,Hedefe Kilitlenen Optik,tr
푸른 파수꾼,Mavi Güçlendirme,tr
프라이팬,Kızartma Tavası,tr
프리즘 티켓,Prizmatik Bilet,tr
피바라기,Kanasusamış,tr
피오라,Fiora,tr
피의 공물,Kan Adağı,tr
피의 대가,Kan Bedeli,tr
피즈,Fizz,tr
하급 거울의 환영,Küçük Benlik Aynası,tr
"하나, 둘, 다섯!","Bir, İki, Beş!",tr
"하나, 둘, 셋",Bir İki Üç,tr
하나로 뭉치는 거지,Birliğin Gücü,tr
해진 유물,Yıpranmış Antika,tr
행운의 기운,Şans Benimle,tr
행운의 장갑,Şanslı Eldiven,tr
헤지 펀드,Serbest Yatırım Fonu,tr
현명한 소비,Akıllı Harcama,tr
협곡 바위 게,Yampiri Yengeç,tr
협력,Takım Çalışması,tr
호화로운 정기 구독,Lüks Aboneliği,tr
혼돈의 부름,Şanslı Hissediyorum,tr
화력 집중,Odaklı Ateş,tr
활력증진의 펜던트,Zindelik Broşu,tr
활의 수호자,Yayım Yayındır,tr
황금 드래곤,Altın Ejder,tr
황금 알,Altın Yumurta,tr
황혼의 방패,Alacakaranlık Kalkanı,tr
회복의 구,Şifalı Küreler,tr
회복의 메아리,Şifalı Yankılar,tr
후반 성장,İleri Safha Gücü,tr
후반 전문가,İleri Safhalarda Görüşürüz,tr
후방 설계도,Arka Sıra Savunması,tr
훈련 봇,Hedef Kuklası,tr
훈련 봇 변환,Kuklaya Dönüştür,tr
휴대용 대장간,Taşınabilir Ocak,tr
흐르는 눈물,Akan Gözyaşları,tr
흡혈의 활력,Vampirî Zindelik,tr
흥청망청,Alışveriş Çılgınlığı,tr
힘을 실은 제련,Güçle İşlenmiş,tr
힘의 성배,Güç Kadehi,tr
羊刀,Guinsoo'nun Hiddeti,tr
帽子,Rabadon'un Şapkası,tr
大帽,Rabadon'un Şapkası,tr
法帽,Rabadon'un Şapkası,tr
青龙刀,Shojin'in Mızrağı,tr
龙刀,Shojin'in Mızrağı,tr
蓝buff,Mavi Güçlendirme,tr
大天使,Başmelek Asası,tr
AA,Başmelek Asası,tr
珠光,Mücevherli Eldiven,tr
法爆,Mücevherli Eldiven,tr
JG,Mücevherli Eldiven,tr
鬼书,Morellonomikon,tr
离子,İyon Kıvılcımı,tr
纳什,Nashor'un Dişi,tr
科技枪,Hextech Silahkılıç,tr
枪刃,Hextech Silahkılıç,tr
虚空,Hiçlik Değneği,tr
法穿棒,Hiçlik Değneği,tr
无尽,Ebedi Kılıç,tr
IE,Ebedi Kılıç,tr
死刃,Ölüm Kılıcı,tr
杀人剑,Ölüm Kılıcı,tr
DB,Ölüm Kılıcı,tr
巨杀,Dev Katili,tr
GS,Dev Katili,tr
轻语,Son Fısıltı,tr
LW,Son Fısıltı,tr
海妖,Kraken'in Öfkesi,tr
泰坦,Titanın Azmi,tr
幽梦,Youmuu'nun Hayaletkılıcı,tr
QSS,Cıva,tr
血手,Sterak'ın Güvencesi,tr
饮血,Kanasusamış,tr
BT,Kanasusamış,tr
反甲,Dikenli Yelek,tr
龙爪,Ejder Pençesi,tr
DC,Ejder Pençesi,tr
石像鬼,Gargoyl Taşzırhı,tr
狂徒,Warmog'un Zırhı,tr
夜锋,Gecenin Kıyısı,tr
EON,Gecenin Kıyısı,tr
日炎,Günateşi Pelerini,tr
适应,Değişken Miğfer,tr
坚定,Kararlı Yürek,tr
心之刚,Kararlı Yürek,tr
斯特拉克,Sterak'ın Güvencesi,tr
偷偷,Hırsız Eldiveni,tr
圣盾,Muhafızın Adağı,tr
誓约,Muhafızın Adağı,tr
冰甲,Muhafızın Adağı,tr
圣杯,Güç Kadehi,tr
基克,Zeke'nin Sancağı,tr
鸟盾,Demir Solari'nin Broşu,tr
正义,Adaletin Eli,tr
HOJ,Adaletin Eli,tr
法衣,Sükûnet Örtüsü,tr
女妖,Banshee'nin Duvağı,tr
薄暮,Denge Örtüsü,tr
骑士,Şövalyenin Adağı,tr
月石,Dinçleştirici Aytaşı,tr
恶意,Nispet,tr
嘉文,Jarvan IV,tr
J4,Jarvan IV,tr
菊花信,Xin Zhao,tr
小炮,Tristana,tr
卡牌,Twisted Fate,tr
牌爹,Twisted Fate,tr
TF,Twisted Fate,tr
挖掘机,Rek'Sai,tr
妖姬,LeBlanc,tr
船长,Gangplank,tr
GP,Gangplank,tr
大卑,Bel'Veth,tr
蝙蝠,Bel'Veth,tr
女枪,Miss Fortune,tr
霸龙,T-Hex,tr
霸王龙,T-Hex,tr
螃蟹,Yampiri Yengeç,tr
猴子,Wukong,tr
稻草人,Fiddlesticks,tr
蛤蟆,Tahm Kench,tr
狗熊,Volibear,tr
龙王,Aurelion Sol,tr
小法,Veigar,tr
老鼠,Twitch,tr
诺手,Darius,tr
德玛,Garen,tr
大虫子,Cho'Gath,tr
灯笼,Thresh,tr
大嘴,Kog'Maw,tr
狼人,Warwick,tr
鳄鱼,Renekton ,tr
龙女,Shyvana,tr
豹女,Nidalee,tr
寒冰,Ashe,tr
女警,Caitlyn,tr
皮城女警,Caitlyn,tr
琴女,Sona,tr
机器人,Blitzcrank,tr
男爵,Baron Nashor,tr
杀手,Biçici,tr
大龙,Baron Nashor,tr
小菊,Brock,tr
流浪,Ryze,tr
偷男,Sylas,tr
甘雨,Kindred,tr
劲夫,Sett,tr
棺材板,Xerath ,tr
剑魔,Aatrox,tr
乌鸦,Swain,tr
光女,Lux,tr
酸辣粉,Seraphine,tr
宝石,Taric,tr
德子,Draven,tr
冰女,Lissandra,tr
电耗子,Kennen,tr
猪女,Sejuani,tr
猪妹,Sejuani,tr
剪刀,Gwen,tr
掘墓,Yorick ,tr
皎月,Diana,tr
蛮王,Tryndamere,tr
腰子,Shen,tr
赏金,Miss Fortune,tr
冰鸟,Anivia,tr
爆弹,Ziggs,tr
黑妹,Mel,tr
熊,Tibbers,tr
佛爷,Viego,tr
沙皇,Azir,tr
日女,Leona,tr
女坦,Leona,tr
丁真,Milio,tr
小法师,Veigar,tr
滑板鞋,Kalista,tr
火女,Annie,tr
狗头,Nasus,tr
板甲,Gargoyl Taşzırhı,tr
